﻿<?xml version="1.0" encoding="UTF-8"?>
<?oxygen RNGSchema="http://www.handrit.is/schema/handrit-1.0.rnc" type="compact"?>
<TEI xmlns="http://www.tei-c.org/ns/1.0">
    <teiHeader>
        <fileDesc>
            <titleStmt>
                <title>Handritaskrá Árnastofnunar</title>
            </titleStmt>
            <publicationStmt>
                <p>Tilraunaútgáfa</p>
            </publicationStmt>
            <sourceDesc>
                <msDesc xml:lang="is" xml:id="AMDI-A0001-1-is">
                    <msIdentifier>
                        <country key="IS">Ísland</country>
                        <settlement>Reykjavík</settlement>
                        <institution>Stofnun Árna Magnússonar í íslenskum fræðum</institution>
                        <repository>Handritasvið</repository>
                        <collection>Safn Árna Magnússonar</collection>
                        <idno>AM Dipl. Isl. Apogr. I,1</idno>
                        <altIdentifier type="internal" subtype="Böggull">
                            <idno>Böggull I-1</idno>
                        </altIdentifier>
                    </msIdentifier>
                    <msContents xml:lang="is">
                        <textLang mainLang="is">Íslenska</textLang>
                        <msItem class="fornb" defective="false">
                            <locus from="1r" to="4v">1r-4v</locus>
                            <title type="supplied">Dómsbréf um <placeName key="SteGrý01"
                                    >Steindyr</placeName> í Grýtubakkasókn</title>
                            <rubric>Ex Originali</rubric>
                            <incipit>Öllum mönnum sem þetta bréf sjá eður heyra sendum vér Árni
                                Magnússon …</incipit>
                            <note>
                                <p>Dómsbréf Árna Magnússonar og fimm annarra er til voru nefndir af
                                    Ólafi Jónssyni, í umboði Hákonar Árnasonar, konungsumboðsmanns í
                                    Þingeyjarsýslu fyrir innan Fljót, að þeir dæma Ólafi Jónssyni
                                    jörðina Steindyr í Grýtubakkasókn fyrir skuld sem Ólafur átti
                                    hjá Þorsteini Bjarnasyni. Dómurinn fór fram á <placeName
                                        key="GrýGrý01">Grýtubakka</placeName> síðasta dag maí 1604,
                                    en bréfið skrifað nokkrum dögum síðar.</p>
                            </note>
                        </msItem>
                    </msContents>
                    <physDesc>
                        <objectDesc form="codex">
                            <supportDesc material="chart">
                                <support>Pappír.</support>
                                <extent>4 blöð (<dimensions type="leaf" scope="all" unit="mm">
                                        <height>165</height>
                                        <width>103</width>
                                    </dimensions>). Bl. <locus from="3v" to="4v">3v og 4r-v</locus>
                                    auð.</extent>
                                <collation>Tvö tvinn.</collation>
                            </supportDesc>
                            <layoutDesc>

                                <layout columns="1" writtenLines="18">
                                    <p>
                                        <list>
                                            <item>Eindálka.</item>
                                            <item>Leturflötur er ca. <dimensions type="written"
                                                  unit="mm">
                                                  <height>128</height>
                                                  <width>70</width>
                                                </dimensions>.</item>
                                            <item>Línufjöldi er 18.</item>
                                        </list>
                                    </p>
                                </layout>
                            </layoutDesc>
                        </objectDesc>
                        <handDesc hands="1">
                            <handNote scope="sole" script="hybrida" scribe="JonMag011">Skrifað af <name type="person"
                                    key="JonMag011">Jóni Magnússyni</name>,
                                blendingsskrift.</handNote>
                        </handDesc>

                        <additions><p>Ártalið 1604 er skrifað efst í hægra horn bl. <locus from="1r"
                                    to="1r">1r</locus>.</p></additions>
                        <bindingDesc>
                            <binding contemporary="false">
                                <p>Í böggli með bréfauppskriftum 1-130.</p>
                                <p>Pakkað inn í brúnan umbúðapappír; hörð pappaspjöld að framan og
                                    aftan með þvengjum til að binda saman böggulinn. Framan á
                                    pappaspjaldi stendur <q>Þingeyjarsýsla no 1-130 c</q>. Safnmark
                                    á grænum miða á kili.</p>
                            </binding>
                        </bindingDesc>
                        <sealDesc>
                            <seal>
                                <p/>
                            </seal>
                        </sealDesc>
                        <accMat>
                            <p>Seðill límdur á bl. <locus from="3r" to="3r">3r</locus> með
                                upplýsingum um frumbréfið: <q>Bréfið er á kálfskinni, með 6
                                    innsiglum. Þrjú af þeim eru brotin</q>, og lýsingum á
                                innsiglunum.</p>
                        </accMat>
                    </physDesc>

                    <history>
                        <origin notBefore="1702" notAfter="1712">
                            <p>Uppskriftin var gerð á <origPlace key="IS">Íslandi</origPlace> fyrir
                                    <name type="person" key="ArnMag001">Árna Magnússon</name>,
                                líklega á árunum 1702-1712.</p>
                        </origin>
                        <provenance>
                            <p><name type="person" key="ArnMag001">Árni Magnússon</name> fékk
                                fornbréfauppskriftirnar sendar til Kaupmannahafnar árið <date
                                    when="1720">1720</date>.</p>
                        </provenance>
                        <acquisition>
                            <p>Stofnun Árna Magnússonar á Íslandi tók við bögglinum <date
                                    when="1977-12-07">7. desember 1977</date>.</p>
                        </acquisition>
                    </history>
                    <additional>
                        <adminInfo>
                            <recordHist>
                                <source>
                                    <p>
                                        <list>
                                            <item><name type="person" key="ThoSig001">ÞS</name>
                                                skráði samkvæmt reglum TEIP5 <date when="2017-02-14"
                                                  >14. febrúar 2017</date>.</item>
                                        </list>
                                    </p>
                                </source>
                            </recordHist>
                            <custodialHist>
                                <custEvent type="conservation"> </custEvent>
                            </custodialHist>
                        </adminInfo>
                        <surrogates>
                            <p>
                                <list>
                                    <item>Svart-hvítar ljósmyndir á Det Arnamagnæanske Institut í
                                        Kaupmannahöfn.</item>
                                </list>
                            </p>
                        </surrogates>
                        <listBibl>
                            <bibl/>
                        </listBibl>
                    </additional>
                </msDesc>
            </sourceDesc>
        </fileDesc>

    </teiHeader>

    <text>
        <body>

            <p/>
        </body>
    </text>
</TEI>
