<?xml version="1.0" encoding="UTF-8"?>
<?oxygen RNGSchema="http://www.handrit.is/schema/handrit-1.0.rnc" type="compact"?>
<TEI xmlns="http://www.tei-c.org/ns/1.0">
	<teiHeader>
		<fileDesc>
			<titleStmt>
				<title type="main">JS 1 4to</title>
			</titleStmt>
			<publicationStmt>
				<authority>Landsbókasafn Íslands - Háskólabókasafn</authority>
				<pubPlace>Reykjavík</pubPlace>
				<date when="2010-07-02">02. júlí 2010</date>
				<availability status="restricted">
					<p>Aðgangur aðeins mögulegur í fræðilegum tilgangi.</p>
				</availability>
			</publicationStmt>
			<sourceDesc>
				<msDesc xml:id="JS04-0001-is" xml:lang="is">
					<msIdentifier>
						<country key="IS">Ísland</country>
						<settlement>Reykjavík</settlement>
						<institution>Landsbókasafn Íslands - Háskólabókasafn</institution>
						<repository>Handritasafn</repository>
						<collection>Handritasafn Jóns Sigurðssonar</collection>
						<idno>JS 1 4to</idno>
						<altIdentifier type="internal" subtype="PEO">
							<idno>4894</idno>
						</altIdentifier>
					</msIdentifier>
					<msContents>
						<textLang mainLang="is">Íslenska</textLang>
						<msItem n="1" defective="unknown" class="kvad">
							<author key="EggOla001">Eggert Ólafsson</author>
							<title type="supplied">Kvæði Eggerts Ólafssonar</title>
							<note>Talin með hendi Guðmundar Magnæuss og Benedikts assessors
								Gröndals. Seðill með hendi Finna Magnússonar (enda mun handrit vera
								úr safni hans)</note>
							<bibl> Jón Jónsson Aðils: <ref target="SkulMag">Skúli Magnússon
								landfógeti</ref>, bls. 117</bibl>
						</msItem>
					</msContents>
					<physDesc>
						<objectDesc form="codex">
							<supportDesc material="chart">
								<extent>942 blöð og 1 seðill (<dimensions scope="all" type="leaf"
										unit="mm">
										<height>209</height>
										<width>161</width>
									</dimensions>).</extent>
							</supportDesc>
						</objectDesc>
						<handDesc hands="3">
							<summary>Þrjár hendur ; Skrifarar:</summary>
							<handNote scope="major" script="unknown" scribe="GudMag001">
								<name type="person" key="GudMag001">Guðmundur Magnússon
								(Magnæuss)</name>
							</handNote>
							<handNote scope="major" script="unknown" scribe="BenGro002">
								<name type="person" key="BenGro002">Benedikt Gröndal</name>
							</handNote>
							<handNote scope="minor" script="unknown" scribe="FinMag001">
								<name type="person" key="FinMag001">Finnur Magnússon</name>
							</handNote>
						</handDesc>

						<bindingDesc>
							<binding contemporary="true">
								<p>Skinnband.</p>
							</binding>
						</bindingDesc>
					</physDesc>
					<history>
						<origin>
							<origPlace key="is">Ísland</origPlace>
							<origDate notBefore="1780" notAfter="1790">1780-1790.</origDate>
						</origin>
						<acquisition>
							<p>Alþingi keypti handrita- og bókasafn Jóns Sigurðssonar árið <date
									when="1878">1878.</date> Safnið var afhent Landsbókasafni að
								honum látnum, en hann lést 7. desember 1879. Það komst í hendur
								safnsins árið <date when="1881">1881</date> er það var flutt í
								Alþingishúsið.</p>
						</acquisition>
					</history>
					<additional>
						<adminInfo>
							<recordHist>
								<source>
									<name type="person" key="SigJor001">Sigríður Hjördís
										Jörundsdóttir</name> yfirfór skráningu <date
										when="2012-05-23">23. maí 2012</date> ; <name type="person"
										key="JulArn001">Júlíus Árnason</name> frumskráði, <date
										when="2010-07-02">2. júlí 2010</date> ; Handritaskrá, 2. b.
									; Átaksverkefni 2010</source>
							</recordHist>
						</adminInfo>
					</additional>
				</msDesc>
			</sourceDesc>
		</fileDesc>
	</teiHeader>
	<facsimile xml:base="http://www.ImageDirectory.is">
		<surface> </surface>
	</facsimile>
</TEI>
