<?xml version="1.0" encoding="UTF-8"?>
<?oxygen RNGSchema="http://www.handrit.is/schema/handrit-1.0.rnc" type="compact"?>
<TEI xmlns="http://www.tei-c.org/ns/1.0">
	<teiHeader>
		<fileDesc>
			<titleStmt>
				<title type="main">JS 1 8vo</title>
				<title type="subordinate"/>
			</titleStmt>
			<publicationStmt>
				<authority>Landsbókasafn Íslands - Háskólabókasafn</authority>
				<pubPlace>Reykjavík</pubPlace>
				<date when="2010-06-14">14. júní 2010</date>
				<availability status="restricted">
					<p>Aðgangur aðeins mögulegur í fræðilegum tilgangi.</p>
				</availability>
			</publicationStmt>
			<sourceDesc>
				<msDesc xml:id="JS08-0001-is" xml:lang="is">
					<msIdentifier>
						<country key="IS">Ísland</country>
						<settlement>Reykjavík</settlement>
						<institution>Landsbókasafn Íslands - Háskólabókasafn</institution>
						<repository>Handritasafn</repository>
						<collection>Handritasafn Jóns Sigurðssonar</collection>
						<idno>JS 1 8vo</idno>
						<altIdentifier type="internal" subtype="PEO">
							<idno>5544</idno>
						</altIdentifier>
					</msIdentifier>

					<msContents>
						<summary>
							<title type="supplied">Guðsorðarit</title>
						</summary>

						<textLang mainLang="is">Íslenska</textLang>

						<msItem n="1" defective="unknown" class="trurit">
							<author key="JohArn003">Johann Arndt</author>
							<title type="supplied">Paradísar Aldingarður</title>
							<rubric>Paradísar aldingarður … en á ný uppskrifaður</rubric>
							<note>Eftir danskri þýðingu</note>
						</msItem>

						<msItem n="2" defective="unknown" class="vikub">
							<author key="PedHer001">Peder Hersleb</author>
							<title type="supplied">Vikubænir</title>
							<rubric>Þær ágætu vikubænir doktors Herslefs biskups íslenskaðar úr
								dönsku af síra Vernharði Guðmundssyni að Otradal</rubric>
							<respStmt>
								<resp key="trl">Þýðandi</resp>
								<name type="person" key="VerGud001">Vernharð Guðmundsson</name>
							</respStmt>
						</msItem>

						<msItem n="3" defective="unknown" class="salm">
							<author key="HjaTho004">Hjálmar Þorsteinsson</author>
							<rubric>Bænar orða samstæður</rubric>
							<note>Sálmar</note>
						</msItem>
					</msContents>

					<physDesc>
						<objectDesc form="codex">
							<supportDesc material="chart">
								<extent>Titilblað + 728 blaðsíður (<dimensions scope="all"
										type="leaf" unit="mm">
										<height>156</height>
										<width>105</width>
									</dimensions>).</extent>
							</supportDesc>
						</objectDesc>

						<handDesc hands="1">
							<summary>Ein hönd ; Skrifari.</summary>
							<handNote scope="sole" script="unknown" scribe="SveGud001"><name
									type="person" key="SveGud001">Sveinn Guðnason</name>. </handNote>
						</handDesc>

						<bindingDesc>
							<binding contemporary="true">
								<p>Skinnband.</p>
							</binding>
						</bindingDesc>
					</physDesc>

					<history>
						<origin>
							<origPlace key="is">Ísland</origPlace>
							<origDate cert="medium" when="1792">1792</origDate>
						</origin>
						<provenance>
							<p>Á skjólblaði aftan við stendur nafnið: <name type="person"
									key="PalIng001">Páll Ingimundarson</name></p>
						</provenance>

						<acquisition>
							<p>Alþingi keypti handrita- og bókasafn Jóns Sigurðssonar árið <date
									when="1878">1878.</date> Safnið var afhent Landsbókasafni að
								honum látnum, en hann lést 7. desember 1879. Það komst í hendur
								safnsins árið <date when="1881">1881</date> er það var flutt í
								Alþingishúsið.</p>
						</acquisition>
					</history>

					<additional>
						<adminInfo>
							<recordHist>
								<source><name type="person" key="JulArn001">Júlíus Árnason</name>
									frumskráði, <date when="2010-06-14">14. júní 2010</date> ;
									Handritaskrá, 2. b. ; Átaksverkefni 2010</source>
							</recordHist>
						</adminInfo>
					</additional>
				</msDesc>
			</sourceDesc>
		</fileDesc>
	</teiHeader>
	<facsimile xml:base="http://www.ImageDirectory.is">
		<surface> </surface>
	</facsimile>
</TEI>
