<?xml version="1.0" encoding="UTF-8"?>
<?oxygen RNGSchema="http://www.handrit.is/schema/handrit-1.0.rnc" type="compact"?>
<TEI xmlns="http://www.tei-c.org/ns/1.0">
	<teiHeader>
		<fileDesc>
			<titleStmt>
				<title type="main">JS dipl 1</title>
				<title type="subordinate">Máldagi kirkjunnar á Þönglabakka, 1810</title>
			</titleStmt>
			<publicationStmt>
				<authority>Landsbókasafn Íslands - Háskólabókasafn</authority>
				<pubPlace>Reykjavík</pubPlace>
				<date when="2014-09-30">30. september 2014</date>
				<availability status="restricted">
					<p>Aðgangur aðeins mögulegur í fræðilegum tilgangi.</p>
				</availability>
			</publicationStmt>
			<sourceDesc>
				<msDesc xml:id="JSDipl-0001-is" xml:lang="is">
					<msIdentifier>
						<country key="IS">Ísland</country>
						<settlement>Reykjavík</settlement>
						<institution>Landsbókasafn Íslands - Háskólabókasafn</institution>
						<repository>Handritasafn</repository>
						<collection>Skinnblöð Landsbókasafns</collection>
						<idno>JS dipl 1</idno>
					</msIdentifier>
					<msContents>
						<textLang mainLang="is">Íslenska</textLang>
						<msItem defective="true" class="fornb">
							<title type="supplied">Máldagi kirkjunnar á Þönglabakka</title>
							<note>Máldagi kirkjunnar á Þönglabakka eftir Auðunarmáldaga
							(1318). Textinn bæði styttur og aukinn.</note>
							<bibl><ref type="primary-1" target="DiplIsl">Diplomatarium Islandicum</ref>
								<biblScope type="volume">II</biblScope>
								<biblScope type="pages">443-444</biblScope>.</bibl>
							<bibl><ref type="primary-1" target="DiplIsl">Diplomatarium Islandicum</ref>
								<biblScope type="volume">V</biblScope>
								<biblScope type="pages">264-265</biblScope>.</bibl>
						</msItem>
					</msContents>
					<physDesc>
						<objectDesc form="codex">
							<supportDesc material="perg">
								<support>
									<p>Skinn.</p>
								</support>
							</supportDesc>
						</objectDesc>
						<handDesc>
							<handNote scope="sole" script="unknown">Skrifað upp 1810 af <name type="person" key="EirTho005">sr. Eiríki Þorleifssyni</name>
								(prestur á Þönglabakka 1810-12) "samhliöda originali og odrum
								authorizerudum maldogum annara".</handNote>
						</handDesc>
					</physDesc>
					<history>
						<origin>
							<origPlace>Ísland</origPlace>
							<origDate cert="medium" when="1810">1810.</origDate>
						</origin>
					</history>
					<additional>
						<adminInfo>
							<recordHist>
								<source><name type="person" key="WolHes001">Wolfgang Hesse</name>
									skráði fyrir myndatöku, <date when="2014-09-30">30. september
										2014</date>.</source>
							</recordHist>
							<custodialHist>
								<custEvent type="check">
									<p>Athugað fyrir myndatöku <date when="2014-10">október
										2014</date>.</p>
								</custEvent>
								<custEvent type="photography">
									<p> Myndað í <date when="2014-11">nóvember 2014</date>.</p>
								</custEvent>
							</custodialHist>
						</adminInfo>
						<surrogates>
							<p> Myndað fyrir handritavef í <date when="2014-11">nóvember
								2014</date>.</p>
						</surrogates>
					</additional>
				</msDesc>
			</sourceDesc>
		</fileDesc>
	</teiHeader>
	<facsimile xml:base="https://myndir.handrit.is/file/Handrit.is/">
		<surface xml:id="JSDipl-0001-0001r" n="0">
			<desc>0001r</desc>
			<graphic mimeType="pdf" url="JS%20dipl%201/0/HIGH_QUALITY_DISPLAY"/>
			<graphic mimeType="jpg" url="JS%20dipl%201/0/THUMBNAIL" width="200px" height="272px"/>
			<graphic mimeType="jpg" url="JS%20dipl%201/0/SECONDARY_DISPLAY" width="2069px" height="2809px"/>
			<graphic mimeType="pdf" url="JS%20dipl%201/0/WEB_DISPLAY"/>
		</surface>
		<surface xml:id="JSDipl-0001-0001v" n="1">
			<desc>0001v</desc>
			<graphic mimeType="pdf" url="JS%20dipl%201/1/HIGH_QUALITY_DISPLAY"/>
			<graphic mimeType="jpg" url="JS%20dipl%201/1/THUMBNAIL" width="200px" height="275px"/>
			<graphic mimeType="jpg" url="JS%20dipl%201/1/SECONDARY_DISPLAY" width="2048px" height="2813px"/>
			<graphic mimeType="pdf" url="JS%20dipl%201/1/WEB_DISPLAY"/>
		</surface>
		<surface xml:id="JSDipl-0001-Scale" n="2">
			<desc>Scale</desc>
			<graphic mimeType="pdf" url="JS%20dipl%201/2/HIGH_QUALITY_DISPLAY"/>
			<graphic mimeType="jpg" url="JS%20dipl%201/2/THUMBNAIL" width="200px" height="207px"/>
			<graphic mimeType="jpg" url="JS%20dipl%201/2/SECONDARY_DISPLAY" width="2734px" height="2834px"/>
			<graphic mimeType="pdf" url="JS%20dipl%201/2/WEB_DISPLAY"/>
		</surface>
		<surface xml:id="JSDipl-0001-ccp" n="3">
			<desc>ccp</desc>
			<graphic mimeType="pdf" url="JS%20dipl%201/3/HIGH_QUALITY_DISPLAY"/>
			<graphic mimeType="jpg" url="JS%20dipl%201/3/THUMBNAIL" width="200px" height="141px"/>
			<graphic mimeType="jpg" url="JS%20dipl%201/3/SECONDARY_DISPLAY" width="4832px" height="3400px"/>
			<graphic mimeType="pdf" url="JS%20dipl%201/3/WEB_DISPLAY"/>
		</surface>
	</facsimile>
</TEI>