<?xml version="1.0" encoding="UTF-8"?>
<?oxygen RNGSchema="http://www.handrit.is/schema/handrit-1.0.rnc" type="compact"?>
<TEI xmlns="http://www.tei-c.org/ns/1.0">
	<teiHeader>
		<fileDesc>
			<titleStmt>
				<title type="main">Skjöl Jóns Sigurðssonar á Þjóðminjasafni</title>
			</titleStmt>
			<publicationStmt>
				<authority>Landsbókasafn Íslands - Háskólabókasafn</authority>
				<pubPlace>Reykjavík</pubPlace>
				<date when="2011-02-14">14. febrúar 2011</date>
				<availability status="restricted">
					<p>Aðgangur aðeins mögulegur í fræðilegum tilgangi.</p>
				</availability>
			</publicationStmt>
			<sourceDesc>
				<msDesc xml:id="JSSafn-0133a-is" xml:lang="is">
					<msIdentifier>
						<country key="IS">Ísland</country>
						<settlement>Reykjavík</settlement>
						<institution>Þjóðminjasafn Íslands</institution>
						<repository>Safn Jóns Sigurðssonar</repository>
						<idno>Safn Jóns Sigurðssonar 133 a</idno>
						<altIdentifier type="internal">
							<idno>133 a</idno>
						</altIdentifier>
					</msIdentifier>
					<msContents>
						<textLang mainLang="is">Íslenska</textLang>
						<msItem n="1" defective="false" class="heimil glosu">
							<locus from="1r" facs="#JSSafn-0133a-0001r" to="42v">1r-42v</locus>
							<title type="supplied">Reikningsbók Jóns Sigurðssonar 1854-1860</title>
							<respStmt>
								<resp key="col"/>
								<name type="person" key="JonSig004"> Jón Sigurðsson</name>
							</respStmt>
							<note>Blað 1 hefur veri klippt úr bókinni. Jón Sigurðsson virðist hafa
								notað bókina í latínuuppskriftir einhvernskonar en síðar ákveðið að
								nota bókina sem reikningsbók. Latína hefur verið skrifuð á innanvert
								fremra spjald, á blaðið sem klippt var úr og á blaði 2r. Þá síðu
								hefur hann límt niður með innsiglisvaxi sem síðar hefur verið brotið
								upp og hefur blað 2 líklega rifnað í tengslum við þann
							gjörning.</note>
						</msItem>
					</msContents>
					<physDesc>
						<objectDesc form="codex">
							<supportDesc material="chart">
								<support>
									<p>Pappír.</p>
								</support>
								<extent>42 blöð (<dimensions scope="all" type="leaf" unit="mm">
										<height n="215">215</height>
										<width n="117">117</width>
									</dimensions>). Auð blöð: 9v, 17v, 25v, 40v, 41r og
								42v.</extent>
							</supportDesc>
						</objectDesc>
						<handDesc hands="1">
							<summary>Ein hönd; Skrifari:</summary>
							<handNote scope="major" script="humcursiva" scribe="JonSig004"><name type="person" key="JonSig004">Jón Sigurðsson</name>.</handNote>
						</handDesc>
					</physDesc>
					<history>
						<origin><origPlace key="da">Danmörk</origPlace>, <origDate cert="high" from="1854" to="1860">1854-1860.</origDate>
						</origin>
					</history>
					<additional>
						<adminInfo>
							<recordHist>
								<source>
									<p><name type="person" key="SigJor001">Sigríður Hjördís
											Jörundsdóttir</name> skráði fyrir myndatöku, <date when="2011-03-23">23. mars 2011</date>
									</p>
								</source>
							</recordHist>
							<custodialHist>
								<custEvent type="check">
									<p>Athugað fyrir myndatöku <date when="2011-03-15">15. mars
										2011</date>.</p>
								</custEvent>
								<custEvent type="photography">
									<p>Myndað í <date when="2011-03">mars 2011</date>.</p>
								</custEvent>
							</custodialHist>
						</adminInfo>
						<surrogates>
							<p>Myndað fyrir handritavef í <date when="2011-03">mars 2011</date>.</p>
						</surrogates>
					</additional>
				</msDesc>
			</sourceDesc>
		</fileDesc>
	</teiHeader>
	<facsimile xml:base="https://myndir.handrit.is/file/Handrit.is/">
		<surface xml:id="JSSafn-0133a-0000r-FB" n="0">
			<desc>0000r-FB</desc>
			<graphic mimeType="pdf" url="Safn%20J%C3%B3ns%20Sigur%C3%B0ssonar%20133%20a/0/HIGH_QUALITY_DISPLAY"/>
			<graphic mimeType="jpg" url="Safn%20J%C3%B3ns%20Sigur%C3%B0ssonar%20133%20a/0/THUMBNAIL" width="200px" height="247px"/>
			<graphic mimeType="jpg" url="Safn%20J%C3%B3ns%20Sigur%C3%B0ssonar%20133%20a/0/SECONDARY_DISPLAY" width="2411px" height="2970px"/>
			<graphic mimeType="pdf" url="Safn%20J%C3%B3ns%20Sigur%C3%B0ssonar%20133%20a/0/WEB_DISPLAY"/>
		</surface>
		<surface xml:id="JSSafn-0133a-0000v-FB" n="1">
			<desc>0000v-FB</desc>
			<graphic mimeType="pdf" url="Safn%20J%C3%B3ns%20Sigur%C3%B0ssonar%20133%20a/1/HIGH_QUALITY_DISPLAY"/>
			<graphic mimeType="jpg" url="Safn%20J%C3%B3ns%20Sigur%C3%B0ssonar%20133%20a/1/THUMBNAIL" width="200px" height="253px"/>
			<graphic mimeType="jpg" url="Safn%20J%C3%B3ns%20Sigur%C3%B0ssonar%20133%20a/1/SECONDARY_DISPLAY" width="2256px" height="2856px"/>
			<graphic mimeType="pdf" url="Safn%20J%C3%B3ns%20Sigur%C3%B0ssonar%20133%20a/1/WEB_DISPLAY"/>
		</surface>
		<surface xml:id="JSSafn-0133a-0001r" n="2">
			<desc>0001r</desc>
			<graphic mimeType="pdf" url="Safn%20J%C3%B3ns%20Sigur%C3%B0ssonar%20133%20a/2/HIGH_QUALITY_DISPLAY"/>
			<graphic mimeType="jpg" url="Safn%20J%C3%B3ns%20Sigur%C3%B0ssonar%20133%20a/2/THUMBNAIL" width="200px" height="253px"/>
			<graphic mimeType="jpg" url="Safn%20J%C3%B3ns%20Sigur%C3%B0ssonar%20133%20a/2/SECONDARY_DISPLAY" width="2256px" height="2856px"/>
			<graphic mimeType="pdf" url="Safn%20J%C3%B3ns%20Sigur%C3%B0ssonar%20133%20a/2/WEB_DISPLAY"/>
		</surface>
		<surface xml:id="JSSafn-0133a-0001v" n="3">
			<desc>0001v</desc>
			<graphic mimeType="pdf" url="Safn%20J%C3%B3ns%20Sigur%C3%B0ssonar%20133%20a/3/HIGH_QUALITY_DISPLAY"/>
			<graphic mimeType="jpg" url="Safn%20J%C3%B3ns%20Sigur%C3%B0ssonar%20133%20a/3/THUMBNAIL" width="200px" height="253px"/>
			<graphic mimeType="jpg" url="Safn%20J%C3%B3ns%20Sigur%C3%B0ssonar%20133%20a/3/SECONDARY_DISPLAY" width="2256px" height="2856px"/>
			<graphic mimeType="pdf" url="Safn%20J%C3%B3ns%20Sigur%C3%B0ssonar%20133%20a/3/WEB_DISPLAY"/>
		</surface>
		<surface xml:id="JSSafn-0133a-0002r" n="4">
			<desc>0002r</desc>
			<graphic mimeType="pdf" url="Safn%20J%C3%B3ns%20Sigur%C3%B0ssonar%20133%20a/4/HIGH_QUALITY_DISPLAY"/>
			<graphic mimeType="jpg" url="Safn%20J%C3%B3ns%20Sigur%C3%B0ssonar%20133%20a/4/THUMBNAIL" width="200px" height="253px"/>
			<graphic mimeType="jpg" url="Safn%20J%C3%B3ns%20Sigur%C3%B0ssonar%20133%20a/4/SECONDARY_DISPLAY" width="2256px" height="2856px"/>
			<graphic mimeType="pdf" url="Safn%20J%C3%B3ns%20Sigur%C3%B0ssonar%20133%20a/4/WEB_DISPLAY"/>
		</surface>
		<surface xml:id="JSSafn-0133a-0002v" n="5">
			<desc>0002v</desc>
			<graphic mimeType="pdf" url="Safn%20J%C3%B3ns%20Sigur%C3%B0ssonar%20133%20a/5/HIGH_QUALITY_DISPLAY"/>
			<graphic mimeType="jpg" url="Safn%20J%C3%B3ns%20Sigur%C3%B0ssonar%20133%20a/5/THUMBNAIL" width="200px" height="253px"/>
			<graphic mimeType="jpg" url="Safn%20J%C3%B3ns%20Sigur%C3%B0ssonar%20133%20a/5/SECONDARY_DISPLAY" width="2256px" height="2856px"/>
			<graphic mimeType="pdf" url="Safn%20J%C3%B3ns%20Sigur%C3%B0ssonar%20133%20a/5/WEB_DISPLAY"/>
		</surface>
		<surface xml:id="JSSafn-0133a-0003r" n="6">
			<desc>0003r</desc>
			<graphic mimeType="pdf" url="Safn%20J%C3%B3ns%20Sigur%C3%B0ssonar%20133%20a/6/HIGH_QUALITY_DISPLAY"/>
			<graphic mimeType="jpg" url="Safn%20J%C3%B3ns%20Sigur%C3%B0ssonar%20133%20a/6/THUMBNAIL" width="200px" height="253px"/>
			<graphic mimeType="jpg" url="Safn%20J%C3%B3ns%20Sigur%C3%B0ssonar%20133%20a/6/SECONDARY_DISPLAY" width="2256px" height="2856px"/>
			<graphic mimeType="pdf" url="Safn%20J%C3%B3ns%20Sigur%C3%B0ssonar%20133%20a/6/WEB_DISPLAY"/>
		</surface>
		<surface xml:id="JSSafn-0133a-0003v" n="7">
			<desc>0003v</desc>
			<graphic mimeType="pdf" url="Safn%20J%C3%B3ns%20Sigur%C3%B0ssonar%20133%20a/7/HIGH_QUALITY_DISPLAY"/>
			<graphic mimeType="jpg" url="Safn%20J%C3%B3ns%20Sigur%C3%B0ssonar%20133%20a/7/THUMBNAIL" width="200px" height="253px"/>
			<graphic mimeType="jpg" url="Safn%20J%C3%B3ns%20Sigur%C3%B0ssonar%20133%20a/7/SECONDARY_DISPLAY" width="2256px" height="2856px"/>
			<graphic mimeType="pdf" url="Safn%20J%C3%B3ns%20Sigur%C3%B0ssonar%20133%20a/7/WEB_DISPLAY"/>
		</surface>
		<surface xml:id="JSSafn-0133a-0004r" n="8">
			<desc>0004r</desc>
			<graphic mimeType="pdf" url="Safn%20J%C3%B3ns%20Sigur%C3%B0ssonar%20133%20a/8/HIGH_QUALITY_DISPLAY"/>
			<graphic mimeType="jpg" url="Safn%20J%C3%B3ns%20Sigur%C3%B0ssonar%20133%20a/8/THUMBNAIL" width="200px" height="253px"/>
			<graphic mimeType="jpg" url="Safn%20J%C3%B3ns%20Sigur%C3%B0ssonar%20133%20a/8/SECONDARY_DISPLAY" width="2256px" height="2856px"/>
			<graphic mimeType="pdf" url="Safn%20J%C3%B3ns%20Sigur%C3%B0ssonar%20133%20a/8/WEB_DISPLAY"/>
		</surface>
		<surface xml:id="JSSafn-0133a-0004v" n="9">
			<desc>0004v</desc>
			<graphic mimeType="pdf" url="Safn%20J%C3%B3ns%20Sigur%C3%B0ssonar%20133%20a/9/HIGH_QUALITY_DISPLAY"/>
			<graphic mimeType="jpg" url="Safn%20J%C3%B3ns%20Sigur%C3%B0ssonar%20133%20a/9/THUMBNAIL" width="200px" height="253px"/>
			<graphic mimeType="jpg" url="Safn%20J%C3%B3ns%20Sigur%C3%B0ssonar%20133%20a/9/SECONDARY_DISPLAY" width="2256px" height="2856px"/>
			<graphic mimeType="pdf" url="Safn%20J%C3%B3ns%20Sigur%C3%B0ssonar%20133%20a/9/WEB_DISPLAY"/>
		</surface>
		<surface xml:id="JSSafn-0133a-0005r" n="10">
			<desc>0005r</desc>
			<graphic mimeType="pdf" url="Safn%20J%C3%B3ns%20Sigur%C3%B0ssonar%20133%20a/10/HIGH_QUALITY_DISPLAY"/>
			<graphic mimeType="jpg" url="Safn%20J%C3%B3ns%20Sigur%C3%B0ssonar%20133%20a/10/THUMBNAIL" width="200px" height="253px"/>
			<graphic mimeType="jpg" url="Safn%20J%C3%B3ns%20Sigur%C3%B0ssonar%20133%20a/10/SECONDARY_DISPLAY" width="2256px" height="2856px"/>
			<graphic mimeType="pdf" url="Safn%20J%C3%B3ns%20Sigur%C3%B0ssonar%20133%20a/10/WEB_DISPLAY"/>
		</surface>
		<surface xml:id="JSSafn-0133a-0005v" n="11">
			<desc>0005v</desc>
			<graphic mimeType="pdf" url="Safn%20J%C3%B3ns%20Sigur%C3%B0ssonar%20133%20a/11/HIGH_QUALITY_DISPLAY"/>
			<graphic mimeType="jpg" url="Safn%20J%C3%B3ns%20Sigur%C3%B0ssonar%20133%20a/11/THUMBNAIL" width="200px" height="253px"/>
			<graphic mimeType="jpg" url="Safn%20J%C3%B3ns%20Sigur%C3%B0ssonar%20133%20a/11/SECONDARY_DISPLAY" width="2256px" height="2856px"/>
			<graphic mimeType="pdf" url="Safn%20J%C3%B3ns%20Sigur%C3%B0ssonar%20133%20a/11/WEB_DISPLAY"/>
		</surface>
		<surface xml:id="JSSafn-0133a-0006r" n="12">
			<desc>0006r</desc>
			<graphic mimeType="pdf" url="Safn%20J%C3%B3ns%20Sigur%C3%B0ssonar%20133%20a/12/HIGH_QUALITY_DISPLAY"/>
			<graphic mimeType="jpg" url="Safn%20J%C3%B3ns%20Sigur%C3%B0ssonar%20133%20a/12/THUMBNAIL" width="200px" height="253px"/>
			<graphic mimeType="jpg" url="Safn%20J%C3%B3ns%20Sigur%C3%B0ssonar%20133%20a/12/SECONDARY_DISPLAY" width="2256px" height="2856px"/>
			<graphic mimeType="pdf" url="Safn%20J%C3%B3ns%20Sigur%C3%B0ssonar%20133%20a/12/WEB_DISPLAY"/>
		</surface>
		<surface xml:id="JSSafn-0133a-0006v" n="13">
			<desc>0006v</desc>
			<graphic mimeType="pdf" url="Safn%20J%C3%B3ns%20Sigur%C3%B0ssonar%20133%20a/13/HIGH_QUALITY_DISPLAY"/>
			<graphic mimeType="jpg" url="Safn%20J%C3%B3ns%20Sigur%C3%B0ssonar%20133%20a/13/THUMBNAIL" width="200px" height="253px"/>
			<graphic mimeType="jpg" url="Safn%20J%C3%B3ns%20Sigur%C3%B0ssonar%20133%20a/13/SECONDARY_DISPLAY" width="2256px" height="2856px"/>
			<graphic mimeType="pdf" url="Safn%20J%C3%B3ns%20Sigur%C3%B0ssonar%20133%20a/13/WEB_DISPLAY"/>
		</surface>
		<surface xml:id="JSSafn-0133a-0007r" n="14">
			<desc>0007r</desc>
			<graphic mimeType="pdf" url="Safn%20J%C3%B3ns%20Sigur%C3%B0ssonar%20133%20a/14/HIGH_QUALITY_DISPLAY"/>
			<graphic mimeType="jpg" url="Safn%20J%C3%B3ns%20Sigur%C3%B0ssonar%20133%20a/14/THUMBNAIL" width="200px" height="253px"/>
			<graphic mimeType="jpg" url="Safn%20J%C3%B3ns%20Sigur%C3%B0ssonar%20133%20a/14/SECONDARY_DISPLAY" width="2256px" height="2856px"/>
			<graphic mimeType="pdf" url="Safn%20J%C3%B3ns%20Sigur%C3%B0ssonar%20133%20a/14/WEB_DISPLAY"/>
		</surface>
		<surface xml:id="JSSafn-0133a-0007v" n="15">
			<desc>0007v</desc>
			<graphic mimeType="pdf" url="Safn%20J%C3%B3ns%20Sigur%C3%B0ssonar%20133%20a/15/HIGH_QUALITY_DISPLAY"/>
			<graphic mimeType="jpg" url="Safn%20J%C3%B3ns%20Sigur%C3%B0ssonar%20133%20a/15/THUMBNAIL" width="200px" height="253px"/>
			<graphic mimeType="jpg" url="Safn%20J%C3%B3ns%20Sigur%C3%B0ssonar%20133%20a/15/SECONDARY_DISPLAY" width="2256px" height="2856px"/>
			<graphic mimeType="pdf" url="Safn%20J%C3%B3ns%20Sigur%C3%B0ssonar%20133%20a/15/WEB_DISPLAY"/>
		</surface>
		<surface xml:id="JSSafn-0133a-0008r" n="16">
			<desc>0008r</desc>
			<graphic mimeType="pdf" url="Safn%20J%C3%B3ns%20Sigur%C3%B0ssonar%20133%20a/16/HIGH_QUALITY_DISPLAY"/>
			<graphic mimeType="jpg" url="Safn%20J%C3%B3ns%20Sigur%C3%B0ssonar%20133%20a/16/THUMBNAIL" width="200px" height="253px"/>
			<graphic mimeType="jpg" url="Safn%20J%C3%B3ns%20Sigur%C3%B0ssonar%20133%20a/16/SECONDARY_DISPLAY" width="2256px" height="2856px"/>
			<graphic mimeType="pdf" url="Safn%20J%C3%B3ns%20Sigur%C3%B0ssonar%20133%20a/16/WEB_DISPLAY"/>
		</surface>
		<surface xml:id="JSSafn-0133a-0008v" n="17">
			<desc>0008v</desc>
			<graphic mimeType="pdf" url="Safn%20J%C3%B3ns%20Sigur%C3%B0ssonar%20133%20a/17/HIGH_QUALITY_DISPLAY"/>
			<graphic mimeType="jpg" url="Safn%20J%C3%B3ns%20Sigur%C3%B0ssonar%20133%20a/17/THUMBNAIL" width="200px" height="253px"/>
			<graphic mimeType="jpg" url="Safn%20J%C3%B3ns%20Sigur%C3%B0ssonar%20133%20a/17/SECONDARY_DISPLAY" width="2256px" height="2856px"/>
			<graphic mimeType="pdf" url="Safn%20J%C3%B3ns%20Sigur%C3%B0ssonar%20133%20a/17/WEB_DISPLAY"/>
		</surface>
		<surface xml:id="JSSafn-0133a-0009r" n="18">
			<desc>0009r</desc>
			<graphic mimeType="pdf" url="Safn%20J%C3%B3ns%20Sigur%C3%B0ssonar%20133%20a/18/HIGH_QUALITY_DISPLAY"/>
			<graphic mimeType="jpg" url="Safn%20J%C3%B3ns%20Sigur%C3%B0ssonar%20133%20a/18/THUMBNAIL" width="200px" height="253px"/>
			<graphic mimeType="jpg" url="Safn%20J%C3%B3ns%20Sigur%C3%B0ssonar%20133%20a/18/SECONDARY_DISPLAY" width="2256px" height="2856px"/>
			<graphic mimeType="pdf" url="Safn%20J%C3%B3ns%20Sigur%C3%B0ssonar%20133%20a/18/WEB_DISPLAY"/>
		</surface>
		<surface xml:id="JSSafn-0133a-0009v" n="19">
			<desc>0009v</desc>
			<graphic mimeType="pdf" url="Safn%20J%C3%B3ns%20Sigur%C3%B0ssonar%20133%20a/19/HIGH_QUALITY_DISPLAY"/>
			<graphic mimeType="jpg" url="Safn%20J%C3%B3ns%20Sigur%C3%B0ssonar%20133%20a/19/THUMBNAIL" width="200px" height="253px"/>
			<graphic mimeType="jpg" url="Safn%20J%C3%B3ns%20Sigur%C3%B0ssonar%20133%20a/19/SECONDARY_DISPLAY" width="2256px" height="2856px"/>
			<graphic mimeType="pdf" url="Safn%20J%C3%B3ns%20Sigur%C3%B0ssonar%20133%20a/19/WEB_DISPLAY"/>
		</surface>
		<surface xml:id="JSSafn-0133a-0010r" n="20">
			<desc>0010r</desc>
			<graphic mimeType="pdf" url="Safn%20J%C3%B3ns%20Sigur%C3%B0ssonar%20133%20a/20/HIGH_QUALITY_DISPLAY"/>
			<graphic mimeType="jpg" url="Safn%20J%C3%B3ns%20Sigur%C3%B0ssonar%20133%20a/20/THUMBNAIL" width="200px" height="253px"/>
			<graphic mimeType="jpg" url="Safn%20J%C3%B3ns%20Sigur%C3%B0ssonar%20133%20a/20/SECONDARY_DISPLAY" width="2256px" height="2856px"/>
			<graphic mimeType="pdf" url="Safn%20J%C3%B3ns%20Sigur%C3%B0ssonar%20133%20a/20/WEB_DISPLAY"/>
		</surface>
		<surface xml:id="JSSafn-0133a-0010v" n="21">
			<desc>0010v</desc>
			<graphic mimeType="pdf" url="Safn%20J%C3%B3ns%20Sigur%C3%B0ssonar%20133%20a/21/HIGH_QUALITY_DISPLAY"/>
			<graphic mimeType="jpg" url="Safn%20J%C3%B3ns%20Sigur%C3%B0ssonar%20133%20a/21/THUMBNAIL" width="200px" height="253px"/>
			<graphic mimeType="jpg" url="Safn%20J%C3%B3ns%20Sigur%C3%B0ssonar%20133%20a/21/SECONDARY_DISPLAY" width="2256px" height="2856px"/>
			<graphic mimeType="pdf" url="Safn%20J%C3%B3ns%20Sigur%C3%B0ssonar%20133%20a/21/WEB_DISPLAY"/>
		</surface>
		<surface xml:id="JSSafn-0133a-0011r" n="22">
			<desc>0011r</desc>
			<graphic mimeType="pdf" url="Safn%20J%C3%B3ns%20Sigur%C3%B0ssonar%20133%20a/22/HIGH_QUALITY_DISPLAY"/>
			<graphic mimeType="jpg" url="Safn%20J%C3%B3ns%20Sigur%C3%B0ssonar%20133%20a/22/THUMBNAIL" width="200px" height="253px"/>
			<graphic mimeType="jpg" url="Safn%20J%C3%B3ns%20Sigur%C3%B0ssonar%20133%20a/22/SECONDARY_DISPLAY" width="2256px" height="2856px"/>
			<graphic mimeType="pdf" url="Safn%20J%C3%B3ns%20Sigur%C3%B0ssonar%20133%20a/22/WEB_DISPLAY"/>
		</surface>
		<surface xml:id="JSSafn-0133a-0011v" n="23">
			<desc>0011v</desc>
			<graphic mimeType="pdf" url="Safn%20J%C3%B3ns%20Sigur%C3%B0ssonar%20133%20a/23/HIGH_QUALITY_DISPLAY"/>
			<graphic mimeType="jpg" url="Safn%20J%C3%B3ns%20Sigur%C3%B0ssonar%20133%20a/23/THUMBNAIL" width="200px" height="253px"/>
			<graphic mimeType="jpg" url="Safn%20J%C3%B3ns%20Sigur%C3%B0ssonar%20133%20a/23/SECONDARY_DISPLAY" width="2256px" height="2856px"/>
			<graphic mimeType="pdf" url="Safn%20J%C3%B3ns%20Sigur%C3%B0ssonar%20133%20a/23/WEB_DISPLAY"/>
		</surface>
		<surface xml:id="JSSafn-0133a-0012r" n="24">
			<desc>0012r</desc>
			<graphic mimeType="pdf" url="Safn%20J%C3%B3ns%20Sigur%C3%B0ssonar%20133%20a/24/HIGH_QUALITY_DISPLAY"/>
			<graphic mimeType="jpg" url="Safn%20J%C3%B3ns%20Sigur%C3%B0ssonar%20133%20a/24/THUMBNAIL" width="200px" height="253px"/>
			<graphic mimeType="jpg" url="Safn%20J%C3%B3ns%20Sigur%C3%B0ssonar%20133%20a/24/SECONDARY_DISPLAY" width="2256px" height="2856px"/>
			<graphic mimeType="pdf" url="Safn%20J%C3%B3ns%20Sigur%C3%B0ssonar%20133%20a/24/WEB_DISPLAY"/>
		</surface>
		<surface xml:id="JSSafn-0133a-0012v" n="25">
			<desc>0012v</desc>
			<graphic mimeType="pdf" url="Safn%20J%C3%B3ns%20Sigur%C3%B0ssonar%20133%20a/25/HIGH_QUALITY_DISPLAY"/>
			<graphic mimeType="jpg" url="Safn%20J%C3%B3ns%20Sigur%C3%B0ssonar%20133%20a/25/THUMBNAIL" width="200px" height="253px"/>
			<graphic mimeType="jpg" url="Safn%20J%C3%B3ns%20Sigur%C3%B0ssonar%20133%20a/25/SECONDARY_DISPLAY" width="2256px" height="2856px"/>
			<graphic mimeType="pdf" url="Safn%20J%C3%B3ns%20Sigur%C3%B0ssonar%20133%20a/25/WEB_DISPLAY"/>
		</surface>
		<surface xml:id="JSSafn-0133a-0013r" n="26">
			<desc>0013r</desc>
			<graphic mimeType="pdf" url="Safn%20J%C3%B3ns%20Sigur%C3%B0ssonar%20133%20a/26/HIGH_QUALITY_DISPLAY"/>
			<graphic mimeType="jpg" url="Safn%20J%C3%B3ns%20Sigur%C3%B0ssonar%20133%20a/26/THUMBNAIL" width="200px" height="253px"/>
			<graphic mimeType="jpg" url="Safn%20J%C3%B3ns%20Sigur%C3%B0ssonar%20133%20a/26/SECONDARY_DISPLAY" width="2256px" height="2856px"/>
			<graphic mimeType="pdf" url="Safn%20J%C3%B3ns%20Sigur%C3%B0ssonar%20133%20a/26/WEB_DISPLAY"/>
		</surface>
		<surface xml:id="JSSafn-0133a-0013v" n="27">
			<desc>0013v</desc>
			<graphic mimeType="pdf" url="Safn%20J%C3%B3ns%20Sigur%C3%B0ssonar%20133%20a/27/HIGH_QUALITY_DISPLAY"/>
			<graphic mimeType="jpg" url="Safn%20J%C3%B3ns%20Sigur%C3%B0ssonar%20133%20a/27/THUMBNAIL" width="200px" height="253px"/>
			<graphic mimeType="jpg" url="Safn%20J%C3%B3ns%20Sigur%C3%B0ssonar%20133%20a/27/SECONDARY_DISPLAY" width="2256px" height="2856px"/>
			<graphic mimeType="pdf" url="Safn%20J%C3%B3ns%20Sigur%C3%B0ssonar%20133%20a/27/WEB_DISPLAY"/>
		</surface>
		<surface xml:id="JSSafn-0133a-0014r" n="28">
			<desc>0014r</desc>
			<graphic mimeType="pdf" url="Safn%20J%C3%B3ns%20Sigur%C3%B0ssonar%20133%20a/28/HIGH_QUALITY_DISPLAY"/>
			<graphic mimeType="jpg" url="Safn%20J%C3%B3ns%20Sigur%C3%B0ssonar%20133%20a/28/THUMBNAIL" width="200px" height="253px"/>
			<graphic mimeType="jpg" url="Safn%20J%C3%B3ns%20Sigur%C3%B0ssonar%20133%20a/28/SECONDARY_DISPLAY" width="2256px" height="2856px"/>
			<graphic mimeType="pdf" url="Safn%20J%C3%B3ns%20Sigur%C3%B0ssonar%20133%20a/28/WEB_DISPLAY"/>
		</surface>
		<surface xml:id="JSSafn-0133a-0014v" n="29">
			<desc>0014v</desc>
			<graphic mimeType="pdf" url="Safn%20J%C3%B3ns%20Sigur%C3%B0ssonar%20133%20a/29/HIGH_QUALITY_DISPLAY"/>
			<graphic mimeType="jpg" url="Safn%20J%C3%B3ns%20Sigur%C3%B0ssonar%20133%20a/29/THUMBNAIL" width="200px" height="253px"/>
			<graphic mimeType="jpg" url="Safn%20J%C3%B3ns%20Sigur%C3%B0ssonar%20133%20a/29/SECONDARY_DISPLAY" width="2256px" height="2856px"/>
			<graphic mimeType="pdf" url="Safn%20J%C3%B3ns%20Sigur%C3%B0ssonar%20133%20a/29/WEB_DISPLAY"/>
		</surface>
		<surface xml:id="JSSafn-0133a-0015r" n="30">
			<desc>0015r</desc>
			<graphic mimeType="pdf" url="Safn%20J%C3%B3ns%20Sigur%C3%B0ssonar%20133%20a/30/HIGH_QUALITY_DISPLAY"/>
			<graphic mimeType="jpg" url="Safn%20J%C3%B3ns%20Sigur%C3%B0ssonar%20133%20a/30/THUMBNAIL" width="200px" height="253px"/>
			<graphic mimeType="jpg" url="Safn%20J%C3%B3ns%20Sigur%C3%B0ssonar%20133%20a/30/SECONDARY_DISPLAY" width="2256px" height="2856px"/>
			<graphic mimeType="pdf" url="Safn%20J%C3%B3ns%20Sigur%C3%B0ssonar%20133%20a/30/WEB_DISPLAY"/>
		</surface>
		<surface xml:id="JSSafn-0133a-0015v" n="31">
			<desc>0015v</desc>
			<graphic mimeType="pdf" url="Safn%20J%C3%B3ns%20Sigur%C3%B0ssonar%20133%20a/31/HIGH_QUALITY_DISPLAY"/>
			<graphic mimeType="jpg" url="Safn%20J%C3%B3ns%20Sigur%C3%B0ssonar%20133%20a/31/THUMBNAIL" width="200px" height="253px"/>
			<graphic mimeType="jpg" url="Safn%20J%C3%B3ns%20Sigur%C3%B0ssonar%20133%20a/31/SECONDARY_DISPLAY" width="2256px" height="2856px"/>
			<graphic mimeType="pdf" url="Safn%20J%C3%B3ns%20Sigur%C3%B0ssonar%20133%20a/31/WEB_DISPLAY"/>
		</surface>
		<surface xml:id="JSSafn-0133a-0016r" n="32">
			<desc>0016r</desc>
			<graphic mimeType="pdf" url="Safn%20J%C3%B3ns%20Sigur%C3%B0ssonar%20133%20a/32/HIGH_QUALITY_DISPLAY"/>
			<graphic mimeType="jpg" url="Safn%20J%C3%B3ns%20Sigur%C3%B0ssonar%20133%20a/32/THUMBNAIL" width="200px" height="253px"/>
			<graphic mimeType="jpg" url="Safn%20J%C3%B3ns%20Sigur%C3%B0ssonar%20133%20a/32/SECONDARY_DISPLAY" width="2256px" height="2856px"/>
			<graphic mimeType="pdf" url="Safn%20J%C3%B3ns%20Sigur%C3%B0ssonar%20133%20a/32/WEB_DISPLAY"/>
		</surface>
		<surface xml:id="JSSafn-0133a-0016v" n="33">
			<desc>0016v</desc>
			<graphic mimeType="pdf" url="Safn%20J%C3%B3ns%20Sigur%C3%B0ssonar%20133%20a/33/HIGH_QUALITY_DISPLAY"/>
			<graphic mimeType="jpg" url="Safn%20J%C3%B3ns%20Sigur%C3%B0ssonar%20133%20a/33/THUMBNAIL" width="200px" height="253px"/>
			<graphic mimeType="jpg" url="Safn%20J%C3%B3ns%20Sigur%C3%B0ssonar%20133%20a/33/SECONDARY_DISPLAY" width="2256px" height="2856px"/>
			<graphic mimeType="pdf" url="Safn%20J%C3%B3ns%20Sigur%C3%B0ssonar%20133%20a/33/WEB_DISPLAY"/>
		</surface>
		<surface xml:id="JSSafn-0133a-0017r" n="34">
			<desc>0017r</desc>
			<graphic mimeType="pdf" url="Safn%20J%C3%B3ns%20Sigur%C3%B0ssonar%20133%20a/34/HIGH_QUALITY_DISPLAY"/>
			<graphic mimeType="jpg" url="Safn%20J%C3%B3ns%20Sigur%C3%B0ssonar%20133%20a/34/THUMBNAIL" width="200px" height="253px"/>
			<graphic mimeType="jpg" url="Safn%20J%C3%B3ns%20Sigur%C3%B0ssonar%20133%20a/34/SECONDARY_DISPLAY" width="2256px" height="2856px"/>
			<graphic mimeType="pdf" url="Safn%20J%C3%B3ns%20Sigur%C3%B0ssonar%20133%20a/34/WEB_DISPLAY"/>
		</surface>
		<surface xml:id="JSSafn-0133a-0017v" n="35">
			<desc>0017v</desc>
			<graphic mimeType="pdf" url="Safn%20J%C3%B3ns%20Sigur%C3%B0ssonar%20133%20a/35/HIGH_QUALITY_DISPLAY"/>
			<graphic mimeType="jpg" url="Safn%20J%C3%B3ns%20Sigur%C3%B0ssonar%20133%20a/35/THUMBNAIL" width="200px" height="253px"/>
			<graphic mimeType="jpg" url="Safn%20J%C3%B3ns%20Sigur%C3%B0ssonar%20133%20a/35/SECONDARY_DISPLAY" width="2256px" height="2856px"/>
			<graphic mimeType="pdf" url="Safn%20J%C3%B3ns%20Sigur%C3%B0ssonar%20133%20a/35/WEB_DISPLAY"/>
		</surface>
		<surface xml:id="JSSafn-0133a-0018r" n="36">
			<desc>0018r</desc>
			<graphic mimeType="pdf" url="Safn%20J%C3%B3ns%20Sigur%C3%B0ssonar%20133%20a/36/HIGH_QUALITY_DISPLAY"/>
			<graphic mimeType="jpg" url="Safn%20J%C3%B3ns%20Sigur%C3%B0ssonar%20133%20a/36/THUMBNAIL" width="200px" height="253px"/>
			<graphic mimeType="jpg" url="Safn%20J%C3%B3ns%20Sigur%C3%B0ssonar%20133%20a/36/SECONDARY_DISPLAY" width="2256px" height="2856px"/>
			<graphic mimeType="pdf" url="Safn%20J%C3%B3ns%20Sigur%C3%B0ssonar%20133%20a/36/WEB_DISPLAY"/>
		</surface>
		<surface xml:id="JSSafn-0133a-0018v" n="37">
			<desc>0018v</desc>
			<graphic mimeType="pdf" url="Safn%20J%C3%B3ns%20Sigur%C3%B0ssonar%20133%20a/37/HIGH_QUALITY_DISPLAY"/>
			<graphic mimeType="jpg" url="Safn%20J%C3%B3ns%20Sigur%C3%B0ssonar%20133%20a/37/THUMBNAIL" width="200px" height="253px"/>
			<graphic mimeType="jpg" url="Safn%20J%C3%B3ns%20Sigur%C3%B0ssonar%20133%20a/37/SECONDARY_DISPLAY" width="2256px" height="2856px"/>
			<graphic mimeType="pdf" url="Safn%20J%C3%B3ns%20Sigur%C3%B0ssonar%20133%20a/37/WEB_DISPLAY"/>
		</surface>
		<surface xml:id="JSSafn-0133a-0019r" n="38">
			<desc>0019r</desc>
			<graphic mimeType="pdf" url="Safn%20J%C3%B3ns%20Sigur%C3%B0ssonar%20133%20a/38/HIGH_QUALITY_DISPLAY"/>
			<graphic mimeType="jpg" url="Safn%20J%C3%B3ns%20Sigur%C3%B0ssonar%20133%20a/38/THUMBNAIL" width="200px" height="253px"/>
			<graphic mimeType="jpg" url="Safn%20J%C3%B3ns%20Sigur%C3%B0ssonar%20133%20a/38/SECONDARY_DISPLAY" width="2256px" height="2856px"/>
			<graphic mimeType="pdf" url="Safn%20J%C3%B3ns%20Sigur%C3%B0ssonar%20133%20a/38/WEB_DISPLAY"/>
		</surface>
		<surface xml:id="JSSafn-0133a-0019v" n="39">
			<desc>0019v</desc>
			<graphic mimeType="pdf" url="Safn%20J%C3%B3ns%20Sigur%C3%B0ssonar%20133%20a/39/HIGH_QUALITY_DISPLAY"/>
			<graphic mimeType="jpg" url="Safn%20J%C3%B3ns%20Sigur%C3%B0ssonar%20133%20a/39/THUMBNAIL" width="200px" height="253px"/>
			<graphic mimeType="jpg" url="Safn%20J%C3%B3ns%20Sigur%C3%B0ssonar%20133%20a/39/SECONDARY_DISPLAY" width="2256px" height="2856px"/>
			<graphic mimeType="pdf" url="Safn%20J%C3%B3ns%20Sigur%C3%B0ssonar%20133%20a/39/WEB_DISPLAY"/>
		</surface>
		<surface xml:id="JSSafn-0133a-0020r" n="40">
			<desc>0020r</desc>
			<graphic mimeType="pdf" url="Safn%20J%C3%B3ns%20Sigur%C3%B0ssonar%20133%20a/40/HIGH_QUALITY_DISPLAY"/>
			<graphic mimeType="jpg" url="Safn%20J%C3%B3ns%20Sigur%C3%B0ssonar%20133%20a/40/THUMBNAIL" width="200px" height="253px"/>
			<graphic mimeType="jpg" url="Safn%20J%C3%B3ns%20Sigur%C3%B0ssonar%20133%20a/40/SECONDARY_DISPLAY" width="2256px" height="2856px"/>
			<graphic mimeType="pdf" url="Safn%20J%C3%B3ns%20Sigur%C3%B0ssonar%20133%20a/40/WEB_DISPLAY"/>
		</surface>
		<surface xml:id="JSSafn-0133a-0020v" n="41">
			<desc>0020v</desc>
			<graphic mimeType="pdf" url="Safn%20J%C3%B3ns%20Sigur%C3%B0ssonar%20133%20a/41/HIGH_QUALITY_DISPLAY"/>
			<graphic mimeType="jpg" url="Safn%20J%C3%B3ns%20Sigur%C3%B0ssonar%20133%20a/41/THUMBNAIL" width="200px" height="253px"/>
			<graphic mimeType="jpg" url="Safn%20J%C3%B3ns%20Sigur%C3%B0ssonar%20133%20a/41/SECONDARY_DISPLAY" width="2256px" height="2856px"/>
			<graphic mimeType="pdf" url="Safn%20J%C3%B3ns%20Sigur%C3%B0ssonar%20133%20a/41/WEB_DISPLAY"/>
		</surface>
		<surface xml:id="JSSafn-0133a-0021r" n="42">
			<desc>0021r</desc>
			<graphic mimeType="pdf" url="Safn%20J%C3%B3ns%20Sigur%C3%B0ssonar%20133%20a/42/HIGH_QUALITY_DISPLAY"/>
			<graphic mimeType="jpg" url="Safn%20J%C3%B3ns%20Sigur%C3%B0ssonar%20133%20a/42/THUMBNAIL" width="200px" height="253px"/>
			<graphic mimeType="jpg" url="Safn%20J%C3%B3ns%20Sigur%C3%B0ssonar%20133%20a/42/SECONDARY_DISPLAY" width="2256px" height="2856px"/>
			<graphic mimeType="pdf" url="Safn%20J%C3%B3ns%20Sigur%C3%B0ssonar%20133%20a/42/WEB_DISPLAY"/>
		</surface>
		<surface xml:id="JSSafn-0133a-0021v" n="43">
			<desc>0021v</desc>
			<graphic mimeType="pdf" url="Safn%20J%C3%B3ns%20Sigur%C3%B0ssonar%20133%20a/43/HIGH_QUALITY_DISPLAY"/>
			<graphic mimeType="jpg" url="Safn%20J%C3%B3ns%20Sigur%C3%B0ssonar%20133%20a/43/THUMBNAIL" width="200px" height="253px"/>
			<graphic mimeType="jpg" url="Safn%20J%C3%B3ns%20Sigur%C3%B0ssonar%20133%20a/43/SECONDARY_DISPLAY" width="2256px" height="2856px"/>
			<graphic mimeType="pdf" url="Safn%20J%C3%B3ns%20Sigur%C3%B0ssonar%20133%20a/43/WEB_DISPLAY"/>
		</surface>
		<surface xml:id="JSSafn-0133a-0022r" n="44">
			<desc>0022r</desc>
			<graphic mimeType="pdf" url="Safn%20J%C3%B3ns%20Sigur%C3%B0ssonar%20133%20a/44/HIGH_QUALITY_DISPLAY"/>
			<graphic mimeType="jpg" url="Safn%20J%C3%B3ns%20Sigur%C3%B0ssonar%20133%20a/44/THUMBNAIL" width="200px" height="253px"/>
			<graphic mimeType="jpg" url="Safn%20J%C3%B3ns%20Sigur%C3%B0ssonar%20133%20a/44/SECONDARY_DISPLAY" width="2256px" height="2856px"/>
			<graphic mimeType="pdf" url="Safn%20J%C3%B3ns%20Sigur%C3%B0ssonar%20133%20a/44/WEB_DISPLAY"/>
		</surface>
		<surface xml:id="JSSafn-0133a-0022v" n="45">
			<desc>0022v</desc>
			<graphic mimeType="pdf" url="Safn%20J%C3%B3ns%20Sigur%C3%B0ssonar%20133%20a/45/HIGH_QUALITY_DISPLAY"/>
			<graphic mimeType="jpg" url="Safn%20J%C3%B3ns%20Sigur%C3%B0ssonar%20133%20a/45/THUMBNAIL" width="200px" height="253px"/>
			<graphic mimeType="jpg" url="Safn%20J%C3%B3ns%20Sigur%C3%B0ssonar%20133%20a/45/SECONDARY_DISPLAY" width="2256px" height="2856px"/>
			<graphic mimeType="pdf" url="Safn%20J%C3%B3ns%20Sigur%C3%B0ssonar%20133%20a/45/WEB_DISPLAY"/>
		</surface>
		<surface xml:id="JSSafn-0133a-0023r" n="46">
			<desc>0023r</desc>
			<graphic mimeType="pdf" url="Safn%20J%C3%B3ns%20Sigur%C3%B0ssonar%20133%20a/46/HIGH_QUALITY_DISPLAY"/>
			<graphic mimeType="jpg" url="Safn%20J%C3%B3ns%20Sigur%C3%B0ssonar%20133%20a/46/THUMBNAIL" width="200px" height="253px"/>
			<graphic mimeType="jpg" url="Safn%20J%C3%B3ns%20Sigur%C3%B0ssonar%20133%20a/46/SECONDARY_DISPLAY" width="2256px" height="2856px"/>
			<graphic mimeType="pdf" url="Safn%20J%C3%B3ns%20Sigur%C3%B0ssonar%20133%20a/46/WEB_DISPLAY"/>
		</surface>
		<surface xml:id="JSSafn-0133a-0023v" n="47">
			<desc>0023v</desc>
			<graphic mimeType="pdf" url="Safn%20J%C3%B3ns%20Sigur%C3%B0ssonar%20133%20a/47/HIGH_QUALITY_DISPLAY"/>
			<graphic mimeType="jpg" url="Safn%20J%C3%B3ns%20Sigur%C3%B0ssonar%20133%20a/47/THUMBNAIL" width="200px" height="253px"/>
			<graphic mimeType="jpg" url="Safn%20J%C3%B3ns%20Sigur%C3%B0ssonar%20133%20a/47/SECONDARY_DISPLAY" width="2256px" height="2856px"/>
			<graphic mimeType="pdf" url="Safn%20J%C3%B3ns%20Sigur%C3%B0ssonar%20133%20a/47/WEB_DISPLAY"/>
		</surface>
		<surface xml:id="JSSafn-0133a-0024r" n="48">
			<desc>0024r</desc>
			<graphic mimeType="pdf" url="Safn%20J%C3%B3ns%20Sigur%C3%B0ssonar%20133%20a/48/HIGH_QUALITY_DISPLAY"/>
			<graphic mimeType="jpg" url="Safn%20J%C3%B3ns%20Sigur%C3%B0ssonar%20133%20a/48/THUMBNAIL" width="200px" height="253px"/>
			<graphic mimeType="jpg" url="Safn%20J%C3%B3ns%20Sigur%C3%B0ssonar%20133%20a/48/SECONDARY_DISPLAY" width="2256px" height="2856px"/>
			<graphic mimeType="pdf" url="Safn%20J%C3%B3ns%20Sigur%C3%B0ssonar%20133%20a/48/WEB_DISPLAY"/>
		</surface>
		<surface xml:id="JSSafn-0133a-0024v" n="49">
			<desc>0024v</desc>
			<graphic mimeType="pdf" url="Safn%20J%C3%B3ns%20Sigur%C3%B0ssonar%20133%20a/49/HIGH_QUALITY_DISPLAY"/>
			<graphic mimeType="jpg" url="Safn%20J%C3%B3ns%20Sigur%C3%B0ssonar%20133%20a/49/THUMBNAIL" width="200px" height="253px"/>
			<graphic mimeType="jpg" url="Safn%20J%C3%B3ns%20Sigur%C3%B0ssonar%20133%20a/49/SECONDARY_DISPLAY" width="2256px" height="2856px"/>
			<graphic mimeType="pdf" url="Safn%20J%C3%B3ns%20Sigur%C3%B0ssonar%20133%20a/49/WEB_DISPLAY"/>
		</surface>
		<surface xml:id="JSSafn-0133a-0025r" n="50">
			<desc>0025r</desc>
			<graphic mimeType="pdf" url="Safn%20J%C3%B3ns%20Sigur%C3%B0ssonar%20133%20a/50/HIGH_QUALITY_DISPLAY"/>
			<graphic mimeType="jpg" url="Safn%20J%C3%B3ns%20Sigur%C3%B0ssonar%20133%20a/50/THUMBNAIL" width="200px" height="253px"/>
			<graphic mimeType="jpg" url="Safn%20J%C3%B3ns%20Sigur%C3%B0ssonar%20133%20a/50/SECONDARY_DISPLAY" width="2256px" height="2856px"/>
			<graphic mimeType="pdf" url="Safn%20J%C3%B3ns%20Sigur%C3%B0ssonar%20133%20a/50/WEB_DISPLAY"/>
		</surface>
		<surface xml:id="JSSafn-0133a-0025v" n="51">
			<desc>0025v</desc>
			<graphic mimeType="pdf" url="Safn%20J%C3%B3ns%20Sigur%C3%B0ssonar%20133%20a/51/HIGH_QUALITY_DISPLAY"/>
			<graphic mimeType="jpg" url="Safn%20J%C3%B3ns%20Sigur%C3%B0ssonar%20133%20a/51/THUMBNAIL" width="200px" height="253px"/>
			<graphic mimeType="jpg" url="Safn%20J%C3%B3ns%20Sigur%C3%B0ssonar%20133%20a/51/SECONDARY_DISPLAY" width="2256px" height="2856px"/>
			<graphic mimeType="pdf" url="Safn%20J%C3%B3ns%20Sigur%C3%B0ssonar%20133%20a/51/WEB_DISPLAY"/>
		</surface>
		<surface xml:id="JSSafn-0133a-0026r" n="52">
			<desc>0026r</desc>
			<graphic mimeType="pdf" url="Safn%20J%C3%B3ns%20Sigur%C3%B0ssonar%20133%20a/52/HIGH_QUALITY_DISPLAY"/>
			<graphic mimeType="jpg" url="Safn%20J%C3%B3ns%20Sigur%C3%B0ssonar%20133%20a/52/THUMBNAIL" width="200px" height="253px"/>
			<graphic mimeType="jpg" url="Safn%20J%C3%B3ns%20Sigur%C3%B0ssonar%20133%20a/52/SECONDARY_DISPLAY" width="2256px" height="2856px"/>
			<graphic mimeType="pdf" url="Safn%20J%C3%B3ns%20Sigur%C3%B0ssonar%20133%20a/52/WEB_DISPLAY"/>
		</surface>
		<surface xml:id="JSSafn-0133a-0026v" n="53">
			<desc>0026v</desc>
			<graphic mimeType="pdf" url="Safn%20J%C3%B3ns%20Sigur%C3%B0ssonar%20133%20a/53/HIGH_QUALITY_DISPLAY"/>
			<graphic mimeType="jpg" url="Safn%20J%C3%B3ns%20Sigur%C3%B0ssonar%20133%20a/53/THUMBNAIL" width="200px" height="253px"/>
			<graphic mimeType="jpg" url="Safn%20J%C3%B3ns%20Sigur%C3%B0ssonar%20133%20a/53/SECONDARY_DISPLAY" width="2256px" height="2856px"/>
			<graphic mimeType="pdf" url="Safn%20J%C3%B3ns%20Sigur%C3%B0ssonar%20133%20a/53/WEB_DISPLAY"/>
		</surface>
		<surface xml:id="JSSafn-0133a-0027r" n="54">
			<desc>0027r</desc>
			<graphic mimeType="pdf" url="Safn%20J%C3%B3ns%20Sigur%C3%B0ssonar%20133%20a/54/HIGH_QUALITY_DISPLAY"/>
			<graphic mimeType="jpg" url="Safn%20J%C3%B3ns%20Sigur%C3%B0ssonar%20133%20a/54/THUMBNAIL" width="200px" height="253px"/>
			<graphic mimeType="jpg" url="Safn%20J%C3%B3ns%20Sigur%C3%B0ssonar%20133%20a/54/SECONDARY_DISPLAY" width="2256px" height="2856px"/>
			<graphic mimeType="pdf" url="Safn%20J%C3%B3ns%20Sigur%C3%B0ssonar%20133%20a/54/WEB_DISPLAY"/>
		</surface>
		<surface xml:id="JSSafn-0133a-0027v" n="55">
			<desc>0027v</desc>
			<graphic mimeType="pdf" url="Safn%20J%C3%B3ns%20Sigur%C3%B0ssonar%20133%20a/55/HIGH_QUALITY_DISPLAY"/>
			<graphic mimeType="jpg" url="Safn%20J%C3%B3ns%20Sigur%C3%B0ssonar%20133%20a/55/THUMBNAIL" width="200px" height="253px"/>
			<graphic mimeType="jpg" url="Safn%20J%C3%B3ns%20Sigur%C3%B0ssonar%20133%20a/55/SECONDARY_DISPLAY" width="2256px" height="2856px"/>
			<graphic mimeType="pdf" url="Safn%20J%C3%B3ns%20Sigur%C3%B0ssonar%20133%20a/55/WEB_DISPLAY"/>
		</surface>
		<surface xml:id="JSSafn-0133a-0028r" n="56">
			<desc>0028r</desc>
			<graphic mimeType="pdf" url="Safn%20J%C3%B3ns%20Sigur%C3%B0ssonar%20133%20a/56/HIGH_QUALITY_DISPLAY"/>
			<graphic mimeType="jpg" url="Safn%20J%C3%B3ns%20Sigur%C3%B0ssonar%20133%20a/56/THUMBNAIL" width="200px" height="253px"/>
			<graphic mimeType="jpg" url="Safn%20J%C3%B3ns%20Sigur%C3%B0ssonar%20133%20a/56/SECONDARY_DISPLAY" width="2256px" height="2856px"/>
			<graphic mimeType="pdf" url="Safn%20J%C3%B3ns%20Sigur%C3%B0ssonar%20133%20a/56/WEB_DISPLAY"/>
		</surface>
		<surface xml:id="JSSafn-0133a-0028v" n="57">
			<desc>0028v</desc>
			<graphic mimeType="pdf" url="Safn%20J%C3%B3ns%20Sigur%C3%B0ssonar%20133%20a/57/HIGH_QUALITY_DISPLAY"/>
			<graphic mimeType="jpg" url="Safn%20J%C3%B3ns%20Sigur%C3%B0ssonar%20133%20a/57/THUMBNAIL" width="200px" height="253px"/>
			<graphic mimeType="jpg" url="Safn%20J%C3%B3ns%20Sigur%C3%B0ssonar%20133%20a/57/SECONDARY_DISPLAY" width="2256px" height="2856px"/>
			<graphic mimeType="pdf" url="Safn%20J%C3%B3ns%20Sigur%C3%B0ssonar%20133%20a/57/WEB_DISPLAY"/>
		</surface>
		<surface xml:id="JSSafn-0133a-0029r" n="58">
			<desc>0029r</desc>
			<graphic mimeType="pdf" url="Safn%20J%C3%B3ns%20Sigur%C3%B0ssonar%20133%20a/58/HIGH_QUALITY_DISPLAY"/>
			<graphic mimeType="jpg" url="Safn%20J%C3%B3ns%20Sigur%C3%B0ssonar%20133%20a/58/THUMBNAIL" width="200px" height="253px"/>
			<graphic mimeType="jpg" url="Safn%20J%C3%B3ns%20Sigur%C3%B0ssonar%20133%20a/58/SECONDARY_DISPLAY" width="2256px" height="2856px"/>
			<graphic mimeType="pdf" url="Safn%20J%C3%B3ns%20Sigur%C3%B0ssonar%20133%20a/58/WEB_DISPLAY"/>
		</surface>
		<surface xml:id="JSSafn-0133a-0029v" n="59">
			<desc>0029v</desc>
			<graphic mimeType="pdf" url="Safn%20J%C3%B3ns%20Sigur%C3%B0ssonar%20133%20a/59/HIGH_QUALITY_DISPLAY"/>
			<graphic mimeType="jpg" url="Safn%20J%C3%B3ns%20Sigur%C3%B0ssonar%20133%20a/59/THUMBNAIL" width="200px" height="253px"/>
			<graphic mimeType="jpg" url="Safn%20J%C3%B3ns%20Sigur%C3%B0ssonar%20133%20a/59/SECONDARY_DISPLAY" width="2256px" height="2856px"/>
			<graphic mimeType="pdf" url="Safn%20J%C3%B3ns%20Sigur%C3%B0ssonar%20133%20a/59/WEB_DISPLAY"/>
		</surface>
		<surface xml:id="JSSafn-0133a-0030r" n="60">
			<desc>0030r</desc>
			<graphic mimeType="pdf" url="Safn%20J%C3%B3ns%20Sigur%C3%B0ssonar%20133%20a/60/HIGH_QUALITY_DISPLAY"/>
			<graphic mimeType="jpg" url="Safn%20J%C3%B3ns%20Sigur%C3%B0ssonar%20133%20a/60/THUMBNAIL" width="200px" height="253px"/>
			<graphic mimeType="jpg" url="Safn%20J%C3%B3ns%20Sigur%C3%B0ssonar%20133%20a/60/SECONDARY_DISPLAY" width="2256px" height="2856px"/>
			<graphic mimeType="pdf" url="Safn%20J%C3%B3ns%20Sigur%C3%B0ssonar%20133%20a/60/WEB_DISPLAY"/>
		</surface>
		<surface xml:id="JSSafn-0133a-0030v" n="61">
			<desc>0030v</desc>
			<graphic mimeType="pdf" url="Safn%20J%C3%B3ns%20Sigur%C3%B0ssonar%20133%20a/61/HIGH_QUALITY_DISPLAY"/>
			<graphic mimeType="jpg" url="Safn%20J%C3%B3ns%20Sigur%C3%B0ssonar%20133%20a/61/THUMBNAIL" width="200px" height="253px"/>
			<graphic mimeType="jpg" url="Safn%20J%C3%B3ns%20Sigur%C3%B0ssonar%20133%20a/61/SECONDARY_DISPLAY" width="2256px" height="2856px"/>
			<graphic mimeType="pdf" url="Safn%20J%C3%B3ns%20Sigur%C3%B0ssonar%20133%20a/61/WEB_DISPLAY"/>
		</surface>
		<surface xml:id="JSSafn-0133a-0031r" n="62">
			<desc>0031r</desc>
			<graphic mimeType="pdf" url="Safn%20J%C3%B3ns%20Sigur%C3%B0ssonar%20133%20a/62/HIGH_QUALITY_DISPLAY"/>
			<graphic mimeType="jpg" url="Safn%20J%C3%B3ns%20Sigur%C3%B0ssonar%20133%20a/62/THUMBNAIL" width="200px" height="253px"/>
			<graphic mimeType="jpg" url="Safn%20J%C3%B3ns%20Sigur%C3%B0ssonar%20133%20a/62/SECONDARY_DISPLAY" width="2256px" height="2856px"/>
			<graphic mimeType="pdf" url="Safn%20J%C3%B3ns%20Sigur%C3%B0ssonar%20133%20a/62/WEB_DISPLAY"/>
		</surface>
		<surface xml:id="JSSafn-0133a-0031v" n="63">
			<desc>0031v</desc>
			<graphic mimeType="pdf" url="Safn%20J%C3%B3ns%20Sigur%C3%B0ssonar%20133%20a/63/HIGH_QUALITY_DISPLAY"/>
			<graphic mimeType="jpg" url="Safn%20J%C3%B3ns%20Sigur%C3%B0ssonar%20133%20a/63/THUMBNAIL" width="200px" height="253px"/>
			<graphic mimeType="jpg" url="Safn%20J%C3%B3ns%20Sigur%C3%B0ssonar%20133%20a/63/SECONDARY_DISPLAY" width="2256px" height="2856px"/>
			<graphic mimeType="pdf" url="Safn%20J%C3%B3ns%20Sigur%C3%B0ssonar%20133%20a/63/WEB_DISPLAY"/>
		</surface>
		<surface xml:id="JSSafn-0133a-0032r" n="64">
			<desc>0032r</desc>
			<graphic mimeType="pdf" url="Safn%20J%C3%B3ns%20Sigur%C3%B0ssonar%20133%20a/64/HIGH_QUALITY_DISPLAY"/>
			<graphic mimeType="jpg" url="Safn%20J%C3%B3ns%20Sigur%C3%B0ssonar%20133%20a/64/THUMBNAIL" width="200px" height="253px"/>
			<graphic mimeType="jpg" url="Safn%20J%C3%B3ns%20Sigur%C3%B0ssonar%20133%20a/64/SECONDARY_DISPLAY" width="2256px" height="2856px"/>
			<graphic mimeType="pdf" url="Safn%20J%C3%B3ns%20Sigur%C3%B0ssonar%20133%20a/64/WEB_DISPLAY"/>
		</surface>
		<surface xml:id="JSSafn-0133a-0032v" n="65">
			<desc>0032v</desc>
			<graphic mimeType="pdf" url="Safn%20J%C3%B3ns%20Sigur%C3%B0ssonar%20133%20a/65/HIGH_QUALITY_DISPLAY"/>
			<graphic mimeType="jpg" url="Safn%20J%C3%B3ns%20Sigur%C3%B0ssonar%20133%20a/65/THUMBNAIL" width="200px" height="253px"/>
			<graphic mimeType="jpg" url="Safn%20J%C3%B3ns%20Sigur%C3%B0ssonar%20133%20a/65/SECONDARY_DISPLAY" width="2256px" height="2856px"/>
			<graphic mimeType="pdf" url="Safn%20J%C3%B3ns%20Sigur%C3%B0ssonar%20133%20a/65/WEB_DISPLAY"/>
		</surface>
		<surface xml:id="JSSafn-0133a-0033r" n="66">
			<desc>0033r</desc>
			<graphic mimeType="pdf" url="Safn%20J%C3%B3ns%20Sigur%C3%B0ssonar%20133%20a/66/HIGH_QUALITY_DISPLAY"/>
			<graphic mimeType="jpg" url="Safn%20J%C3%B3ns%20Sigur%C3%B0ssonar%20133%20a/66/THUMBNAIL" width="200px" height="253px"/>
			<graphic mimeType="jpg" url="Safn%20J%C3%B3ns%20Sigur%C3%B0ssonar%20133%20a/66/SECONDARY_DISPLAY" width="2256px" height="2856px"/>
			<graphic mimeType="pdf" url="Safn%20J%C3%B3ns%20Sigur%C3%B0ssonar%20133%20a/66/WEB_DISPLAY"/>
		</surface>
		<surface xml:id="JSSafn-0133a-0033v" n="67">
			<desc>0033v</desc>
			<graphic mimeType="pdf" url="Safn%20J%C3%B3ns%20Sigur%C3%B0ssonar%20133%20a/67/HIGH_QUALITY_DISPLAY"/>
			<graphic mimeType="jpg" url="Safn%20J%C3%B3ns%20Sigur%C3%B0ssonar%20133%20a/67/THUMBNAIL" width="200px" height="253px"/>
			<graphic mimeType="jpg" url="Safn%20J%C3%B3ns%20Sigur%C3%B0ssonar%20133%20a/67/SECONDARY_DISPLAY" width="2256px" height="2856px"/>
			<graphic mimeType="pdf" url="Safn%20J%C3%B3ns%20Sigur%C3%B0ssonar%20133%20a/67/WEB_DISPLAY"/>
		</surface>
		<surface xml:id="JSSafn-0133a-0034r" n="68">
			<desc>0034r</desc>
			<graphic mimeType="pdf" url="Safn%20J%C3%B3ns%20Sigur%C3%B0ssonar%20133%20a/68/HIGH_QUALITY_DISPLAY"/>
			<graphic mimeType="jpg" url="Safn%20J%C3%B3ns%20Sigur%C3%B0ssonar%20133%20a/68/THUMBNAIL" width="200px" height="253px"/>
			<graphic mimeType="jpg" url="Safn%20J%C3%B3ns%20Sigur%C3%B0ssonar%20133%20a/68/SECONDARY_DISPLAY" width="2256px" height="2856px"/>
			<graphic mimeType="pdf" url="Safn%20J%C3%B3ns%20Sigur%C3%B0ssonar%20133%20a/68/WEB_DISPLAY"/>
		</surface>
		<surface xml:id="JSSafn-0133a-0034v" n="69">
			<desc>0034v</desc>
			<graphic mimeType="pdf" url="Safn%20J%C3%B3ns%20Sigur%C3%B0ssonar%20133%20a/69/HIGH_QUALITY_DISPLAY"/>
			<graphic mimeType="jpg" url="Safn%20J%C3%B3ns%20Sigur%C3%B0ssonar%20133%20a/69/THUMBNAIL" width="200px" height="253px"/>
			<graphic mimeType="jpg" url="Safn%20J%C3%B3ns%20Sigur%C3%B0ssonar%20133%20a/69/SECONDARY_DISPLAY" width="2256px" height="2856px"/>
			<graphic mimeType="pdf" url="Safn%20J%C3%B3ns%20Sigur%C3%B0ssonar%20133%20a/69/WEB_DISPLAY"/>
		</surface>
		<surface xml:id="JSSafn-0133a-0035r" n="70">
			<desc>0035r</desc>
			<graphic mimeType="pdf" url="Safn%20J%C3%B3ns%20Sigur%C3%B0ssonar%20133%20a/70/HIGH_QUALITY_DISPLAY"/>
			<graphic mimeType="jpg" url="Safn%20J%C3%B3ns%20Sigur%C3%B0ssonar%20133%20a/70/THUMBNAIL" width="200px" height="253px"/>
			<graphic mimeType="jpg" url="Safn%20J%C3%B3ns%20Sigur%C3%B0ssonar%20133%20a/70/SECONDARY_DISPLAY" width="2256px" height="2856px"/>
			<graphic mimeType="pdf" url="Safn%20J%C3%B3ns%20Sigur%C3%B0ssonar%20133%20a/70/WEB_DISPLAY"/>
		</surface>
		<surface xml:id="JSSafn-0133a-0035v" n="71">
			<desc>0035v</desc>
			<graphic mimeType="pdf" url="Safn%20J%C3%B3ns%20Sigur%C3%B0ssonar%20133%20a/71/HIGH_QUALITY_DISPLAY"/>
			<graphic mimeType="jpg" url="Safn%20J%C3%B3ns%20Sigur%C3%B0ssonar%20133%20a/71/THUMBNAIL" width="200px" height="253px"/>
			<graphic mimeType="jpg" url="Safn%20J%C3%B3ns%20Sigur%C3%B0ssonar%20133%20a/71/SECONDARY_DISPLAY" width="2256px" height="2856px"/>
			<graphic mimeType="pdf" url="Safn%20J%C3%B3ns%20Sigur%C3%B0ssonar%20133%20a/71/WEB_DISPLAY"/>
		</surface>
		<surface xml:id="JSSafn-0133a-0036r" n="72">
			<desc>0036r</desc>
			<graphic mimeType="pdf" url="Safn%20J%C3%B3ns%20Sigur%C3%B0ssonar%20133%20a/72/HIGH_QUALITY_DISPLAY"/>
			<graphic mimeType="jpg" url="Safn%20J%C3%B3ns%20Sigur%C3%B0ssonar%20133%20a/72/THUMBNAIL" width="200px" height="253px"/>
			<graphic mimeType="jpg" url="Safn%20J%C3%B3ns%20Sigur%C3%B0ssonar%20133%20a/72/SECONDARY_DISPLAY" width="2256px" height="2856px"/>
			<graphic mimeType="pdf" url="Safn%20J%C3%B3ns%20Sigur%C3%B0ssonar%20133%20a/72/WEB_DISPLAY"/>
		</surface>
		<surface xml:id="JSSafn-0133a-0036v" n="73">
			<desc>0036v</desc>
			<graphic mimeType="pdf" url="Safn%20J%C3%B3ns%20Sigur%C3%B0ssonar%20133%20a/73/HIGH_QUALITY_DISPLAY"/>
			<graphic mimeType="jpg" url="Safn%20J%C3%B3ns%20Sigur%C3%B0ssonar%20133%20a/73/THUMBNAIL" width="200px" height="253px"/>
			<graphic mimeType="jpg" url="Safn%20J%C3%B3ns%20Sigur%C3%B0ssonar%20133%20a/73/SECONDARY_DISPLAY" width="2256px" height="2856px"/>
			<graphic mimeType="pdf" url="Safn%20J%C3%B3ns%20Sigur%C3%B0ssonar%20133%20a/73/WEB_DISPLAY"/>
		</surface>
		<surface xml:id="JSSafn-0133a-0037r" n="74">
			<desc>0037r</desc>
			<graphic mimeType="pdf" url="Safn%20J%C3%B3ns%20Sigur%C3%B0ssonar%20133%20a/74/HIGH_QUALITY_DISPLAY"/>
			<graphic mimeType="jpg" url="Safn%20J%C3%B3ns%20Sigur%C3%B0ssonar%20133%20a/74/THUMBNAIL" width="200px" height="253px"/>
			<graphic mimeType="jpg" url="Safn%20J%C3%B3ns%20Sigur%C3%B0ssonar%20133%20a/74/SECONDARY_DISPLAY" width="2256px" height="2856px"/>
			<graphic mimeType="pdf" url="Safn%20J%C3%B3ns%20Sigur%C3%B0ssonar%20133%20a/74/WEB_DISPLAY"/>
		</surface>
		<surface xml:id="JSSafn-0133a-0037v" n="75">
			<desc>0037v</desc>
			<graphic mimeType="pdf" url="Safn%20J%C3%B3ns%20Sigur%C3%B0ssonar%20133%20a/75/HIGH_QUALITY_DISPLAY"/>
			<graphic mimeType="jpg" url="Safn%20J%C3%B3ns%20Sigur%C3%B0ssonar%20133%20a/75/THUMBNAIL" width="200px" height="253px"/>
			<graphic mimeType="jpg" url="Safn%20J%C3%B3ns%20Sigur%C3%B0ssonar%20133%20a/75/SECONDARY_DISPLAY" width="2256px" height="2856px"/>
			<graphic mimeType="pdf" url="Safn%20J%C3%B3ns%20Sigur%C3%B0ssonar%20133%20a/75/WEB_DISPLAY"/>
		</surface>
		<surface xml:id="JSSafn-0133a-0038r" n="76">
			<desc>0038r</desc>
			<graphic mimeType="pdf" url="Safn%20J%C3%B3ns%20Sigur%C3%B0ssonar%20133%20a/76/HIGH_QUALITY_DISPLAY"/>
			<graphic mimeType="jpg" url="Safn%20J%C3%B3ns%20Sigur%C3%B0ssonar%20133%20a/76/THUMBNAIL" width="200px" height="253px"/>
			<graphic mimeType="jpg" url="Safn%20J%C3%B3ns%20Sigur%C3%B0ssonar%20133%20a/76/SECONDARY_DISPLAY" width="2256px" height="2856px"/>
			<graphic mimeType="pdf" url="Safn%20J%C3%B3ns%20Sigur%C3%B0ssonar%20133%20a/76/WEB_DISPLAY"/>
		</surface>
		<surface xml:id="JSSafn-0133a-0038v" n="77">
			<desc>0038v</desc>
			<graphic mimeType="pdf" url="Safn%20J%C3%B3ns%20Sigur%C3%B0ssonar%20133%20a/77/HIGH_QUALITY_DISPLAY"/>
			<graphic mimeType="jpg" url="Safn%20J%C3%B3ns%20Sigur%C3%B0ssonar%20133%20a/77/THUMBNAIL" width="200px" height="253px"/>
			<graphic mimeType="jpg" url="Safn%20J%C3%B3ns%20Sigur%C3%B0ssonar%20133%20a/77/SECONDARY_DISPLAY" width="2256px" height="2856px"/>
			<graphic mimeType="pdf" url="Safn%20J%C3%B3ns%20Sigur%C3%B0ssonar%20133%20a/77/WEB_DISPLAY"/>
		</surface>
		<surface xml:id="JSSafn-0133a-0039r" n="78">
			<desc>0039r</desc>
			<graphic mimeType="pdf" url="Safn%20J%C3%B3ns%20Sigur%C3%B0ssonar%20133%20a/78/HIGH_QUALITY_DISPLAY"/>
			<graphic mimeType="jpg" url="Safn%20J%C3%B3ns%20Sigur%C3%B0ssonar%20133%20a/78/THUMBNAIL" width="200px" height="253px"/>
			<graphic mimeType="jpg" url="Safn%20J%C3%B3ns%20Sigur%C3%B0ssonar%20133%20a/78/SECONDARY_DISPLAY" width="2256px" height="2856px"/>
			<graphic mimeType="pdf" url="Safn%20J%C3%B3ns%20Sigur%C3%B0ssonar%20133%20a/78/WEB_DISPLAY"/>
		</surface>
		<surface xml:id="JSSafn-0133a-0039v" n="79">
			<desc>0039v</desc>
			<graphic mimeType="pdf" url="Safn%20J%C3%B3ns%20Sigur%C3%B0ssonar%20133%20a/79/HIGH_QUALITY_DISPLAY"/>
			<graphic mimeType="jpg" url="Safn%20J%C3%B3ns%20Sigur%C3%B0ssonar%20133%20a/79/THUMBNAIL" width="200px" height="253px"/>
			<graphic mimeType="jpg" url="Safn%20J%C3%B3ns%20Sigur%C3%B0ssonar%20133%20a/79/SECONDARY_DISPLAY" width="2256px" height="2856px"/>
			<graphic mimeType="pdf" url="Safn%20J%C3%B3ns%20Sigur%C3%B0ssonar%20133%20a/79/WEB_DISPLAY"/>
		</surface>
		<surface xml:id="JSSafn-0133a-0040r" n="80">
			<desc>0040r</desc>
			<graphic mimeType="pdf" url="Safn%20J%C3%B3ns%20Sigur%C3%B0ssonar%20133%20a/80/HIGH_QUALITY_DISPLAY"/>
			<graphic mimeType="jpg" url="Safn%20J%C3%B3ns%20Sigur%C3%B0ssonar%20133%20a/80/THUMBNAIL" width="200px" height="253px"/>
			<graphic mimeType="jpg" url="Safn%20J%C3%B3ns%20Sigur%C3%B0ssonar%20133%20a/80/SECONDARY_DISPLAY" width="2256px" height="2856px"/>
			<graphic mimeType="pdf" url="Safn%20J%C3%B3ns%20Sigur%C3%B0ssonar%20133%20a/80/WEB_DISPLAY"/>
		</surface>
		<surface xml:id="JSSafn-0133a-0040v" n="81">
			<desc>0040v</desc>
			<graphic mimeType="pdf" url="Safn%20J%C3%B3ns%20Sigur%C3%B0ssonar%20133%20a/81/HIGH_QUALITY_DISPLAY"/>
			<graphic mimeType="jpg" url="Safn%20J%C3%B3ns%20Sigur%C3%B0ssonar%20133%20a/81/THUMBNAIL" width="200px" height="253px"/>
			<graphic mimeType="jpg" url="Safn%20J%C3%B3ns%20Sigur%C3%B0ssonar%20133%20a/81/SECONDARY_DISPLAY" width="2256px" height="2856px"/>
			<graphic mimeType="pdf" url="Safn%20J%C3%B3ns%20Sigur%C3%B0ssonar%20133%20a/81/WEB_DISPLAY"/>
		</surface>
		<surface xml:id="JSSafn-0133a-0041r" n="82">
			<desc>0041r</desc>
			<graphic mimeType="pdf" url="Safn%20J%C3%B3ns%20Sigur%C3%B0ssonar%20133%20a/82/HIGH_QUALITY_DISPLAY"/>
			<graphic mimeType="jpg" url="Safn%20J%C3%B3ns%20Sigur%C3%B0ssonar%20133%20a/82/THUMBNAIL" width="200px" height="253px"/>
			<graphic mimeType="jpg" url="Safn%20J%C3%B3ns%20Sigur%C3%B0ssonar%20133%20a/82/SECONDARY_DISPLAY" width="2256px" height="2856px"/>
			<graphic mimeType="pdf" url="Safn%20J%C3%B3ns%20Sigur%C3%B0ssonar%20133%20a/82/WEB_DISPLAY"/>
		</surface>
		<surface xml:id="JSSafn-0133a-0041v" n="83">
			<desc>0041v</desc>
			<graphic mimeType="pdf" url="Safn%20J%C3%B3ns%20Sigur%C3%B0ssonar%20133%20a/83/HIGH_QUALITY_DISPLAY"/>
			<graphic mimeType="jpg" url="Safn%20J%C3%B3ns%20Sigur%C3%B0ssonar%20133%20a/83/THUMBNAIL" width="200px" height="253px"/>
			<graphic mimeType="jpg" url="Safn%20J%C3%B3ns%20Sigur%C3%B0ssonar%20133%20a/83/SECONDARY_DISPLAY" width="2256px" height="2856px"/>
			<graphic mimeType="pdf" url="Safn%20J%C3%B3ns%20Sigur%C3%B0ssonar%20133%20a/83/WEB_DISPLAY"/>
		</surface>
		<surface xml:id="JSSafn-0133a-0042r" n="84">
			<desc>0042r</desc>
			<graphic mimeType="pdf" url="Safn%20J%C3%B3ns%20Sigur%C3%B0ssonar%20133%20a/84/HIGH_QUALITY_DISPLAY"/>
			<graphic mimeType="jpg" url="Safn%20J%C3%B3ns%20Sigur%C3%B0ssonar%20133%20a/84/THUMBNAIL" width="200px" height="253px"/>
			<graphic mimeType="jpg" url="Safn%20J%C3%B3ns%20Sigur%C3%B0ssonar%20133%20a/84/SECONDARY_DISPLAY" width="2256px" height="2856px"/>
			<graphic mimeType="pdf" url="Safn%20J%C3%B3ns%20Sigur%C3%B0ssonar%20133%20a/84/WEB_DISPLAY"/>
		</surface>
		<surface xml:id="JSSafn-0133a-0042v" n="85">
			<desc>0042v</desc>
			<graphic mimeType="pdf" url="Safn%20J%C3%B3ns%20Sigur%C3%B0ssonar%20133%20a/85/HIGH_QUALITY_DISPLAY"/>
			<graphic mimeType="jpg" url="Safn%20J%C3%B3ns%20Sigur%C3%B0ssonar%20133%20a/85/THUMBNAIL" width="200px" height="253px"/>
			<graphic mimeType="jpg" url="Safn%20J%C3%B3ns%20Sigur%C3%B0ssonar%20133%20a/85/SECONDARY_DISPLAY" width="2256px" height="2856px"/>
			<graphic mimeType="pdf" url="Safn%20J%C3%B3ns%20Sigur%C3%B0ssonar%20133%20a/85/WEB_DISPLAY"/>
		</surface>
		<surface xml:id="JSSafn-0133a-9999r-RB" n="86">
			<desc>9999r-RB</desc>
			<graphic mimeType="pdf" url="Safn%20J%C3%B3ns%20Sigur%C3%B0ssonar%20133%20a/86/HIGH_QUALITY_DISPLAY"/>
			<graphic mimeType="jpg" url="Safn%20J%C3%B3ns%20Sigur%C3%B0ssonar%20133%20a/86/THUMBNAIL" width="200px" height="253px"/>
			<graphic mimeType="jpg" url="Safn%20J%C3%B3ns%20Sigur%C3%B0ssonar%20133%20a/86/SECONDARY_DISPLAY" width="2256px" height="2856px"/>
			<graphic mimeType="pdf" url="Safn%20J%C3%B3ns%20Sigur%C3%B0ssonar%20133%20a/86/WEB_DISPLAY"/>
		</surface>
		<surface xml:id="JSSafn-0133a-9999v-RB" n="87">
			<desc>9999v-RB</desc>
			<graphic mimeType="pdf" url="Safn%20J%C3%B3ns%20Sigur%C3%B0ssonar%20133%20a/87/HIGH_QUALITY_DISPLAY"/>
			<graphic mimeType="jpg" url="Safn%20J%C3%B3ns%20Sigur%C3%B0ssonar%20133%20a/87/THUMBNAIL" width="200px" height="239px"/>
			<graphic mimeType="jpg" url="Safn%20J%C3%B3ns%20Sigur%C3%B0ssonar%20133%20a/87/SECONDARY_DISPLAY" width="2437px" height="2914px"/>
			<graphic mimeType="pdf" url="Safn%20J%C3%B3ns%20Sigur%C3%B0ssonar%20133%20a/87/WEB_DISPLAY"/>
		</surface>
		<surface xml:id="JSSafn-0133a-Spine" n="88">
			<desc>Spine</desc>
			<graphic mimeType="pdf" url="Safn%20J%C3%B3ns%20Sigur%C3%B0ssonar%20133%20a/88/HIGH_QUALITY_DISPLAY"/>
			<graphic mimeType="jpg" url="Safn%20J%C3%B3ns%20Sigur%C3%B0ssonar%20133%20a/88/THUMBNAIL" width="108px" height="300px"/>
			<graphic mimeType="jpg" url="Safn%20J%C3%B3ns%20Sigur%C3%B0ssonar%20133%20a/88/SECONDARY_DISPLAY" width="1128px" height="3132px"/>
			<graphic mimeType="pdf" url="Safn%20J%C3%B3ns%20Sigur%C3%B0ssonar%20133%20a/88/WEB_DISPLAY"/>
		</surface>
		<surface xml:id="JSSafn-0133a-Fore-Edge" n="89">
			<desc>Fore-Edge</desc>
			<graphic mimeType="pdf" url="Safn%20J%C3%B3ns%20Sigur%C3%B0ssonar%20133%20a/89/HIGH_QUALITY_DISPLAY"/>
			<graphic mimeType="jpg" url="Safn%20J%C3%B3ns%20Sigur%C3%B0ssonar%20133%20a/89/THUMBNAIL" width="74px" height="300px"/>
			<graphic mimeType="jpg" url="Safn%20J%C3%B3ns%20Sigur%C3%B0ssonar%20133%20a/89/SECONDARY_DISPLAY" width="787px" height="3180px"/>
			<graphic mimeType="pdf" url="Safn%20J%C3%B3ns%20Sigur%C3%B0ssonar%20133%20a/89/WEB_DISPLAY"/>
		</surface>
		<surface xml:id="JSSafn-0133a-Tail-Edge" n="90">
			<desc>Tail-Edge</desc>
			<graphic mimeType="pdf" url="Safn%20J%C3%B3ns%20Sigur%C3%B0ssonar%20133%20a/90/HIGH_QUALITY_DISPLAY"/>
			<graphic mimeType="jpg" url="Safn%20J%C3%B3ns%20Sigur%C3%B0ssonar%20133%20a/90/THUMBNAIL" width="106px" height="300px"/>
			<graphic mimeType="jpg" url="Safn%20J%C3%B3ns%20Sigur%C3%B0ssonar%20133%20a/90/SECONDARY_DISPLAY" width="955px" height="2712px"/>
			<graphic mimeType="pdf" url="Safn%20J%C3%B3ns%20Sigur%C3%B0ssonar%20133%20a/90/WEB_DISPLAY"/>
		</surface>
		<surface xml:id="JSSafn-0133a-Head-Edge" n="91">
			<desc>Head-Edge</desc>
			<graphic mimeType="pdf" url="Safn%20J%C3%B3ns%20Sigur%C3%B0ssonar%20133%20a/91/HIGH_QUALITY_DISPLAY"/>
			<graphic mimeType="jpg" url="Safn%20J%C3%B3ns%20Sigur%C3%B0ssonar%20133%20a/91/THUMBNAIL" width="101px" height="300px"/>
			<graphic mimeType="jpg" url="Safn%20J%C3%B3ns%20Sigur%C3%B0ssonar%20133%20a/91/SECONDARY_DISPLAY" width="871px" height="2592px"/>
			<graphic mimeType="pdf" url="Safn%20J%C3%B3ns%20Sigur%C3%B0ssonar%20133%20a/91/WEB_DISPLAY"/>
		</surface>
		<surface xml:id="JSSafn-0133a-Scale" n="92">
			<desc>Scale</desc>
			<graphic mimeType="pdf" url="Safn%20J%C3%B3ns%20Sigur%C3%B0ssonar%20133%20a/92/HIGH_QUALITY_DISPLAY"/>
			<graphic mimeType="jpg" url="Safn%20J%C3%B3ns%20Sigur%C3%B0ssonar%20133%20a/92/THUMBNAIL" width="200px" height="266px"/>
			<graphic mimeType="jpg" url="Safn%20J%C3%B3ns%20Sigur%C3%B0ssonar%20133%20a/92/SECONDARY_DISPLAY" width="2112px" height="2814px"/>
			<graphic mimeType="pdf" url="Safn%20J%C3%B3ns%20Sigur%C3%B0ssonar%20133%20a/92/WEB_DISPLAY"/>
		</surface>
		<surface xml:id="JSSafn-0133a-ccp" n="93">
			<desc>ccp</desc>
			<graphic mimeType="pdf" url="Safn%20J%C3%B3ns%20Sigur%C3%B0ssonar%20133%20a/93/HIGH_QUALITY_DISPLAY"/>
			<graphic mimeType="jpg" url="Safn%20J%C3%B3ns%20Sigur%C3%B0ssonar%20133%20a/93/THUMBNAIL" width="200px" height="147px"/>
			<graphic mimeType="jpg" url="Safn%20J%C3%B3ns%20Sigur%C3%B0ssonar%20133%20a/93/SECONDARY_DISPLAY" width="4606px" height="3396px"/>
			<graphic mimeType="pdf" url="Safn%20J%C3%B3ns%20Sigur%C3%B0ssonar%20133%20a/93/WEB_DISPLAY"/>
		</surface>
	</facsimile>
</TEI>