<?xml version="1.0" encoding="UTF-8"?>
<?oxygen RNGSchema="http://www.handrit.is/schema/handrit-1.0.rnc" type="compact"?><TEI xmlns="http://www.tei-c.org/ns/1.0">
    <teiHeader>
        <fileDesc>
            <titleStmt>
                <title type="main">Kr. 1</title>
            </titleStmt>
            <publicationStmt>
                <authority>Den Arnamagnæanske Samling</authority>
                <pubPlace>København</pubPlace>
            </publicationStmt>
            <sourceDesc>
                <msDesc xml:id="Kr1-da" xml:lang="da">
                    <msIdentifier>
                        <country>Danmark</country>
                        <settlement>København</settlement>
                        <repository>Den Arnamagnæanske Samling</repository>
                        <idno>Kr 1</idno>
                        <altIdentifier type="internal" subtype="KKKat">
                            <idno>2781</idno>
                        </altIdentifier>
                    </msIdentifier>
                    <head>
                        <title type="supplied">Lovhåndskrift</title>; <origPlace>Norge?</origPlace>,
                            <origDate notBefore="1700" notAfter="1725">s XVIII in</origDate>
                    </head>
                    <msContents>
                        <msItem n="1">
                            <locus from="1r" to="174r">1r-174r</locus>
                            <title type="uniform">Grágás</title>
                            <filiation>Afskrift efter <title>Konungsbók</title>
                     </filiation>
                        </msItem>
                        <msItem n="2">
                            <locus from="275r" to="297r">275r-297r</locus>
                            <title type="supplied">
                                <q xml:lang="is">Capitula Regist<ex>ur</ex> yf<ex>er</ex>
                                    Grágás.</q>
                            </title>
                        </msItem>
                        <msItem n="3">
                            <locus from="299r" to="329v">199r-329v</locus>
                            <title type="supplied">Úr Bjarkeyarrétti</title>
                            <msItem n="3.1">
                                <title type="supplied">Bjarkeyerrettens mandhelgebalk</title>
                            </msItem>
                            <msItem n="3.2">
                                <title type="supplied">
                                    <q xml:lang="is">Greinir úr Bjarkeyarrétti</q>
                                </title>
                            </msItem>
                        </msItem>
                        <msItem n="4">
                            <locus from="330r" to="336v">300r-336v</locus>
                            <title type="supplied">
                                <q xml:lang="is">Statuta Eysteins B<ex>isku</ex>ps I Oslo <lb/> Anno
                                    1395</q>
                            </title>
                        </msItem>
                        <msItem n="5">
                            <locus from="336v" to="339r">336v-339r</locus>
                            <author key="EyjBra001">Eyúlfr Brandsson</author>
                            <author key="EysAsg001">Eysteinn Canonicus</author>
                            <title type="supplied">Brev om visitats på Island 1358</title>
                        </msItem>
                        <msItem n="6">
                            <locus from="340r" to="343v">340r-343v</locus>
                            <title type="supplied">
                                <q xml:lang="is">Registur yfer BiarkEyar <lb/> Rett</q>
                            </title>
                        </msItem>
                    </msContents>
                    <physDesc>
                        <objectDesc form="codex">
                            <supportDesc material="chart">
                                <support>
                                    <p>
                                        <material>Papir</material>.</p>
                                </support>
                                <extent>343; bl. 274v, 297v-98v og 339v er ubeskrevne. <dimensions type="leaf" unit="mm">
                                        <height>208</height>
                                        <width>165</width>
                                    </dimensions>
                        </extent>
                                <foliation>Delvist pagineret.</foliation>
                                <condition>De forreste blade er skøre og hensmuldrende.</condition>
                            </supportDesc>
                        </objectDesc>
                    </physDesc>
                    <history>
                        <acquisition>Ifølge <name type="person" key="LorKri001">L. Kriegers</name> testamentariske disposition overdraget til
                            <name type="org" key="AMS">Den Arnamagnæanske Samling</name> i <date when="1839">1839</date>
                  </acquisition>
                    </history>
                    <additional>
                        <listBibl>
                            <bibl>Kålund: <ref type="secondary" target="KKKat">Katalog</ref>
                        <biblScope type="volume">II</biblScope>
                            <biblScope type="pages">596</biblScope>
                     </bibl>
                            <bibl>Storm: <ref type="secondary" target="NgL4">Norges gamle
                                    Love</ref>
                        <biblScope type="volume">IV</biblScope>
                        <biblScope type="pages">616</biblScope>
                     </bibl>
                            <bibl>Vilhjálmur Finsen <ref type="secondary" target="VilFin1852-1870">Grágás</ref>
                        <biblScope type="volume">II</biblScope>
                        <biblScope type="pages">li</biblScope>
                     </bibl>
                        </listBibl>
                    </additional>
                </msDesc>
            </sourceDesc>
        </fileDesc>
    </teiHeader>
    <facsimile>
        <surface/>
    </facsimile>
</TEI>