<?xml version="1.0" encoding="UTF-8"?>
<?oxygen RNGSchema="http://www.handrit.is/schema/handrit-1.0.rnc" type="compact"?>
<TEI xmlns="http://www.tei-c.org/ns/1.0">
	<teiHeader>
		<fileDesc>
			<titleStmt>
				<title type="main">Lbs 1 fol.</title>
			</titleStmt>
			<publicationStmt>
				<authority>Landsbókasafn Íslands - Háskólabókasafn</authority>
				<pubPlace>Reykjavík</pubPlace>
				<date when="2012-10-10">10. október 2012</date>
				<availability status="restricted">
					<p>Aðgangur aðeins mögulegur í fræðilegum tilgangi.</p>
				</availability>
			</publicationStmt>
			<sourceDesc>
				<msDesc xml:id="Lbs02-0001-is" xml:lang="is">
					<msIdentifier>
						<country key="IS">Ísland</country>
						<settlement>Reykjavík</settlement>
						<institution>Landsbókasafn Íslands - Háskólabókasafn</institution>
						<repository>Handritasafn</repository>
						<collection>Handritasafn Landsbókasafns</collection>
						<idno>Lbs 1 fol.</idno>
						<altIdentifier type="internal" subtype="PEO">
							<idno>1</idno>
						</altIdentifier>
					</msIdentifier>
					<msContents>
						<summary>
							<title type="supplied">Guðfræðirit</title>
						</summary>
						<textLang mainLang="is">Íslenska</textLang>
						<msItem n="1" class="gudfr">
							<title type="supplied">Esajas, spádómsbók</title>
						</msItem>
						<msItem n="2" class="gudfr">
							<title type="supplied">Jobsbók</title>
						</msItem>
					</msContents>
					<physDesc>
						<objectDesc form="codex">
							<supportDesc material="chart">
								<support>
									<p>Pappír.</p>
									<p>
										<watermark n="1">Vatnsmerki 1. Aðalmerki: <ref target="watermark:T1">Skjaldarmerki Amsterdam.</ref>
											// Mótmerki: <ref target="watermark:X">Fangamark
											VI</ref> (á víð og dreif á blöðum 2-47).</watermark>
									</p>
									<p>
										<watermark n="2">Vatnsmerki 2. Aðalmerki: <ref target="watermark:A7/1/3">Dárahöfuð</ref> //
											Mótmerki: <ref target="watermark:X">Fangamark WI
											(?)</ref> (á víð og dreif á blöðum 48-95).</watermark>
									</p>
								</support>
								<extent>ii + 95 blöð + i (<dimensions scope="all" type="leaf" unit="mm">
										<height>308</height>
										<width>210</width>
									</dimensions>).</extent>
								<foliation>
									<p>Blaðmerkt fyrir myndatöku. </p>
									<p>Gömul blaðmerking.</p>
								</foliation>
								<collation>
									<p/>
									<note/>
								</collation>

								<condition>
									<p/>
								</condition>
							</supportDesc>
							<layoutDesc>
								<layout columns="1" writtenLines="43 47">
									<p>Eindálka.</p>
									<p> Leturflötur er um <dimensions type="written" unit="mm">
											<height scope="range">275-295</height>
											<width scope="range">161-175</width>
										</dimensions>. </p>
									<p>Línufjöldi er 43-47.</p>
								</layout>
							</layoutDesc>
						</objectDesc>
						<handDesc>
							<handNote scribe="unknown" script="unknown" scope="sole"/>
						</handDesc>
						<additions>
							<p/>
						</additions>
						<bindingDesc>
							<binding contemporary="false">
								<p> </p>
							</binding>
						</bindingDesc>
						<accMat>
							<p/>
						</accMat>
					</physDesc>
					<history>
						<origin>
							<p/>
						</origin>
						<provenance>
							<p> Úr handritasafni <name type="person" key="HanFin001">Hannesar
									Finnssonar</name> biskups. </p>
						</provenance>
						<acquisition>
							<p/>
						</acquisition>
					</history>
					<additional>
						<adminInfo>
							<recordHist>
								<source>
									<p>
										<name type="person" key="JonEin017">Jón Kristinn Einarsson</name>
										bætti við skráningu
										<date when="2018">2018</date>
										;
										<name type="person" key="HalKri001">Halldóra Kristinsdóttir</name>
										frumskráði,
										<date when="2017">2017.</date>
									</p>
									<p>Skráning <name type="person" key="PalOla002">Páls Eggerts
											Ólasonar</name> á handritinu er aðgengileg í ritinu <bibl>
											<ref target="PEO">Skrá um handritasöfn
											Landsbókasafnsins</ref>
										</bibl>, <ref target="http://baekur.is/bok/000233966/1/15/Skra_um_handritasofn_Bindi_1_Bls_15 ">bls. 7</ref>.</p>
								</source>
							</recordHist>
							<custodialHist>
								<custEvent type="conservation"/>
							</custodialHist>
						</adminInfo>
					</additional>
				</msDesc>
			</sourceDesc>
		</fileDesc>
	</teiHeader>
	<facsimile xml:base="https://myndir.handrit.is/file/Handrit.is/">
		<surface xml:id="Lbs02-0001-0000r-FB" n="0">
			<desc>0000r-FB</desc>
			<graphic mimeType="pdf" url="Lbs%201%20fol./0/HIGH_QUALITY_DISPLAY"/>
			<graphic mimeType="jpg" url="Lbs%201%20fol./0/THUMBNAIL" width="200px" height="284px"/>
			<graphic mimeType="jpg" url="Lbs%201%20fol./0/SECONDARY_DISPLAY" width="2915px" height="4146px"/>
			<graphic mimeType="pdf" url="Lbs%201%20fol./0/WEB_DISPLAY"/>
		</surface>
		<surface xml:id="Lbs02-0001-0000v-FB" n="1">
			<desc>0000v-FB</desc>
			<graphic mimeType="pdf" url="Lbs%201%20fol./1/HIGH_QUALITY_DISPLAY"/>
			<graphic mimeType="jpg" url="Lbs%201%20fol./1/THUMBNAIL" width="200px" height="293px"/>
			<graphic mimeType="jpg" url="Lbs%201%20fol./1/SECONDARY_DISPLAY" width="2776px" height="4073px"/>
			<graphic mimeType="pdf" url="Lbs%201%20fol./1/WEB_DISPLAY"/>
		</surface>
		<surface xml:id="Lbs02-0001-0001r-FFl" n="2">
			<desc>0001r-FFl</desc>
			<graphic mimeType="pdf" url="Lbs%201%20fol./2/HIGH_QUALITY_DISPLAY"/>
			<graphic mimeType="jpg" url="Lbs%201%20fol./2/THUMBNAIL" width="200px" height="286px"/>
			<graphic mimeType="jpg" url="Lbs%201%20fol./2/SECONDARY_DISPLAY" width="2646px" height="3789px"/>
			<graphic mimeType="pdf" url="Lbs%201%20fol./2/WEB_DISPLAY"/>
		</surface>
		<surface xml:id="Lbs02-0001-0001v-FFl" n="3">
			<desc>0001v-FFl</desc>
			<graphic mimeType="pdf" url="Lbs%201%20fol./3/HIGH_QUALITY_DISPLAY"/>
			<graphic mimeType="jpg" url="Lbs%201%20fol./3/THUMBNAIL" width="200px" height="293px"/>
			<graphic mimeType="jpg" url="Lbs%201%20fol./3/SECONDARY_DISPLAY" width="2596px" height="3800px"/>
			<graphic mimeType="pdf" url="Lbs%201%20fol./3/WEB_DISPLAY"/>
		</surface>
		<surface xml:id="Lbs02-0001-0002r-FFl" n="4">
			<desc>0002r-FFl</desc>
			<graphic mimeType="pdf" url="Lbs%201%20fol./4/HIGH_QUALITY_DISPLAY"/>
			<graphic mimeType="jpg" url="Lbs%201%20fol./4/THUMBNAIL" width="200px" height="293px"/>
			<graphic mimeType="jpg" url="Lbs%201%20fol./4/SECONDARY_DISPLAY" width="2597px" height="3800px"/>
			<graphic mimeType="pdf" url="Lbs%201%20fol./4/WEB_DISPLAY"/>
		</surface>
		<surface xml:id="Lbs02-0001-0002v-FFl" n="5">
			<desc>0002v-FFl</desc>
			<graphic mimeType="pdf" url="Lbs%201%20fol./5/HIGH_QUALITY_DISPLAY"/>
			<graphic mimeType="jpg" url="Lbs%201%20fol./5/THUMBNAIL" width="200px" height="300px"/>
			<graphic mimeType="jpg" url="Lbs%201%20fol./5/SECONDARY_DISPLAY" width="2608px" height="3915px"/>
			<graphic mimeType="pdf" url="Lbs%201%20fol./5/WEB_DISPLAY"/>
		</surface>
		<surface xml:id="Lbs02-0001-0001r" n="6">
			<desc>0001r</desc>
			<graphic mimeType="pdf" url="Lbs%201%20fol./6/HIGH_QUALITY_DISPLAY"/>
			<graphic mimeType="jpg" url="Lbs%201%20fol./6/THUMBNAIL" width="200px" height="300px"/>
			<graphic mimeType="jpg" url="Lbs%201%20fol./6/SECONDARY_DISPLAY" width="2608px" height="3915px"/>
			<graphic mimeType="pdf" url="Lbs%201%20fol./6/WEB_DISPLAY"/>
		</surface>
		<surface xml:id="Lbs02-0001-0001v" n="7">
			<desc>0001v</desc>
			<graphic mimeType="pdf" url="Lbs%201%20fol./7/HIGH_QUALITY_DISPLAY"/>
			<graphic mimeType="jpg" url="Lbs%201%20fol./7/THUMBNAIL" width="198px" height="300px"/>
			<graphic mimeType="jpg" url="Lbs%201%20fol./7/SECONDARY_DISPLAY" width="2580px" height="3901px"/>
			<graphic mimeType="pdf" url="Lbs%201%20fol./7/WEB_DISPLAY"/>
		</surface>
		<surface xml:id="Lbs02-0001-0002r" n="8">
			<desc>0002r</desc>
			<graphic mimeType="pdf" url="Lbs%201%20fol./8/HIGH_QUALITY_DISPLAY"/>
			<graphic mimeType="jpg" url="Lbs%201%20fol./8/THUMBNAIL" width="198px" height="300px"/>
			<graphic mimeType="jpg" url="Lbs%201%20fol./8/SECONDARY_DISPLAY" width="2581px" height="3901px"/>
			<graphic mimeType="pdf" url="Lbs%201%20fol./8/WEB_DISPLAY"/>
		</surface>
		<surface xml:id="Lbs02-0001-0002v" n="9">
			<desc>0002v</desc>
			<graphic mimeType="pdf" url="Lbs%201%20fol./9/HIGH_QUALITY_DISPLAY"/>
			<graphic mimeType="jpg" url="Lbs%201%20fol./9/THUMBNAIL" width="198px" height="300px"/>
			<graphic mimeType="jpg" url="Lbs%201%20fol./9/SECONDARY_DISPLAY" width="2581px" height="3905px"/>
			<graphic mimeType="pdf" url="Lbs%201%20fol./9/WEB_DISPLAY"/>
		</surface>
		<surface xml:id="Lbs02-0001-0003r" n="10">
			<desc>0003r</desc>
			<graphic mimeType="pdf" url="Lbs%201%20fol./10/HIGH_QUALITY_DISPLAY"/>
			<graphic mimeType="jpg" url="Lbs%201%20fol./10/THUMBNAIL" width="198px" height="300px"/>
			<graphic mimeType="jpg" url="Lbs%201%20fol./10/SECONDARY_DISPLAY" width="2582px" height="3905px"/>
			<graphic mimeType="pdf" url="Lbs%201%20fol./10/WEB_DISPLAY"/>
		</surface>
		<surface xml:id="Lbs02-0001-0003v" n="11">
			<desc>0003v</desc>
			<graphic mimeType="pdf" url="Lbs%201%20fol./11/HIGH_QUALITY_DISPLAY"/>
			<graphic mimeType="jpg" url="Lbs%201%20fol./11/THUMBNAIL" width="200px" height="297px"/>
			<graphic mimeType="jpg" url="Lbs%201%20fol./11/SECONDARY_DISPLAY" width="2560px" height="3798px"/>
			<graphic mimeType="pdf" url="Lbs%201%20fol./11/WEB_DISPLAY"/>
		</surface>
		<surface xml:id="Lbs02-0001-0004r" n="12">
			<desc>0004r</desc>
			<graphic mimeType="pdf" url="Lbs%201%20fol./12/HIGH_QUALITY_DISPLAY"/>
			<graphic mimeType="jpg" url="Lbs%201%20fol./12/THUMBNAIL" width="200px" height="297px"/>
			<graphic mimeType="jpg" url="Lbs%201%20fol./12/SECONDARY_DISPLAY" width="2560px" height="3798px"/>
			<graphic mimeType="pdf" url="Lbs%201%20fol./12/WEB_DISPLAY"/>
		</surface>
		<surface xml:id="Lbs02-0001-0004v" n="13">
			<desc>0004v</desc>
			<graphic mimeType="pdf" url="Lbs%201%20fol./13/HIGH_QUALITY_DISPLAY"/>
			<graphic mimeType="jpg" url="Lbs%201%20fol./13/THUMBNAIL" width="200px" height="300px"/>
			<graphic mimeType="jpg" url="Lbs%201%20fol./13/SECONDARY_DISPLAY" width="2562px" height="3835px"/>
			<graphic mimeType="pdf" url="Lbs%201%20fol./13/WEB_DISPLAY"/>
		</surface>
		<surface xml:id="Lbs02-0001-0005r" n="14">
			<desc>0005r</desc>
			<graphic mimeType="pdf" url="Lbs%201%20fol./14/HIGH_QUALITY_DISPLAY"/>
			<graphic mimeType="jpg" url="Lbs%201%20fol./14/THUMBNAIL" width="200px" height="300px"/>
			<graphic mimeType="jpg" url="Lbs%201%20fol./14/SECONDARY_DISPLAY" width="2562px" height="3835px"/>
			<graphic mimeType="pdf" url="Lbs%201%20fol./14/WEB_DISPLAY"/>
		</surface>
		<surface xml:id="Lbs02-0001-0005v" n="15">
			<desc>0005v</desc>
			<graphic mimeType="pdf" url="Lbs%201%20fol./15/HIGH_QUALITY_DISPLAY"/>
			<graphic mimeType="jpg" url="Lbs%201%20fol./15/THUMBNAIL" width="200px" height="298px"/>
			<graphic mimeType="jpg" url="Lbs%201%20fol./15/SECONDARY_DISPLAY" width="2576px" height="3846px"/>
			<graphic mimeType="pdf" url="Lbs%201%20fol./15/WEB_DISPLAY"/>
		</surface>
		<surface xml:id="Lbs02-0001-0006r" n="16">
			<desc>0006r</desc>
			<graphic mimeType="pdf" url="Lbs%201%20fol./16/HIGH_QUALITY_DISPLAY"/>
			<graphic mimeType="jpg" url="Lbs%201%20fol./16/THUMBNAIL" width="200px" height="298px"/>
			<graphic mimeType="jpg" url="Lbs%201%20fol./16/SECONDARY_DISPLAY" width="2577px" height="3846px"/>
			<graphic mimeType="pdf" url="Lbs%201%20fol./16/WEB_DISPLAY"/>
		</surface>
		<surface xml:id="Lbs02-0001-0006v" n="17">
			<desc>0006v</desc>
			<graphic mimeType="pdf" url="Lbs%201%20fol./17/HIGH_QUALITY_DISPLAY"/>
			<graphic mimeType="jpg" url="Lbs%201%20fol./17/THUMBNAIL" width="200px" height="300px"/>
			<graphic mimeType="jpg" url="Lbs%201%20fol./17/SECONDARY_DISPLAY" width="2586px" height="3879px"/>
			<graphic mimeType="pdf" url="Lbs%201%20fol./17/WEB_DISPLAY"/>
		</surface>
		<surface xml:id="Lbs02-0001-0007r" n="18">
			<desc>0007r</desc>
			<graphic mimeType="pdf" url="Lbs%201%20fol./18/HIGH_QUALITY_DISPLAY"/>
			<graphic mimeType="jpg" url="Lbs%201%20fol./18/THUMBNAIL" width="200px" height="300px"/>
			<graphic mimeType="jpg" url="Lbs%201%20fol./18/SECONDARY_DISPLAY" width="2586px" height="3879px"/>
			<graphic mimeType="pdf" url="Lbs%201%20fol./18/WEB_DISPLAY"/>
		</surface>
		<surface xml:id="Lbs02-0001-0007v" n="19">
			<desc>0007v</desc>
			<graphic mimeType="pdf" url="Lbs%201%20fol./19/HIGH_QUALITY_DISPLAY"/>
			<graphic mimeType="jpg" url="Lbs%201%20fol./19/THUMBNAIL" width="198px" height="300px"/>
			<graphic mimeType="jpg" url="Lbs%201%20fol./19/SECONDARY_DISPLAY" width="2572px" height="3890px"/>
			<graphic mimeType="pdf" url="Lbs%201%20fol./19/WEB_DISPLAY"/>
		</surface>
		<surface xml:id="Lbs02-0001-0008r" n="20">
			<desc>0008r</desc>
			<graphic mimeType="pdf" url="Lbs%201%20fol./20/HIGH_QUALITY_DISPLAY"/>
			<graphic mimeType="jpg" url="Lbs%201%20fol./20/THUMBNAIL" width="198px" height="300px"/>
			<graphic mimeType="jpg" url="Lbs%201%20fol./20/SECONDARY_DISPLAY" width="2573px" height="3890px"/>
			<graphic mimeType="pdf" url="Lbs%201%20fol./20/WEB_DISPLAY"/>
		</surface>
		<surface xml:id="Lbs02-0001-0008v" n="21">
			<desc>0008v</desc>
			<graphic mimeType="pdf" url="Lbs%201%20fol./21/HIGH_QUALITY_DISPLAY"/>
			<graphic mimeType="jpg" url="Lbs%201%20fol./21/THUMBNAIL" width="200px" height="296px"/>
			<graphic mimeType="jpg" url="Lbs%201%20fol./21/SECONDARY_DISPLAY" width="2568px" height="3797px"/>
			<graphic mimeType="pdf" url="Lbs%201%20fol./21/WEB_DISPLAY"/>
		</surface>
		<surface xml:id="Lbs02-0001-0009r" n="22">
			<desc>0009r</desc>
			<graphic mimeType="pdf" url="Lbs%201%20fol./22/HIGH_QUALITY_DISPLAY"/>
			<graphic mimeType="jpg" url="Lbs%201%20fol./22/THUMBNAIL" width="200px" height="296px"/>
			<graphic mimeType="jpg" url="Lbs%201%20fol./22/SECONDARY_DISPLAY" width="2568px" height="3797px"/>
			<graphic mimeType="pdf" url="Lbs%201%20fol./22/WEB_DISPLAY"/>
		</surface>
		<surface xml:id="Lbs02-0001-0009v" n="23">
			<desc>0009v</desc>
			<graphic mimeType="pdf" url="Lbs%201%20fol./23/HIGH_QUALITY_DISPLAY"/>
			<graphic mimeType="jpg" url="Lbs%201%20fol./23/THUMBNAIL" width="200px" height="296px"/>
			<graphic mimeType="jpg" url="Lbs%201%20fol./23/SECONDARY_DISPLAY" width="2563px" height="3790px"/>
			<graphic mimeType="pdf" url="Lbs%201%20fol./23/WEB_DISPLAY"/>
		</surface>
		<surface xml:id="Lbs02-0001-0010r" n="24">
			<desc>0010r</desc>
			<graphic mimeType="pdf" url="Lbs%201%20fol./24/HIGH_QUALITY_DISPLAY"/>
			<graphic mimeType="jpg" url="Lbs%201%20fol./24/THUMBNAIL" width="200px" height="296px"/>
			<graphic mimeType="jpg" url="Lbs%201%20fol./24/SECONDARY_DISPLAY" width="2564px" height="3790px"/>
			<graphic mimeType="pdf" url="Lbs%201%20fol./24/WEB_DISPLAY"/>
		</surface>
		<surface xml:id="Lbs02-0001-0010v" n="25">
			<desc>0010v</desc>
			<graphic mimeType="pdf" url="Lbs%201%20fol./25/HIGH_QUALITY_DISPLAY"/>
			<graphic mimeType="jpg" url="Lbs%201%20fol./25/THUMBNAIL" width="200px" height="294px"/>
			<graphic mimeType="jpg" url="Lbs%201%20fol./25/SECONDARY_DISPLAY" width="2586px" height="3806px"/>
			<graphic mimeType="pdf" url="Lbs%201%20fol./25/WEB_DISPLAY"/>
		</surface>
		<surface xml:id="Lbs02-0001-0011r" n="26">
			<desc>0011r</desc>
			<graphic mimeType="pdf" url="Lbs%201%20fol./26/HIGH_QUALITY_DISPLAY"/>
			<graphic mimeType="jpg" url="Lbs%201%20fol./26/THUMBNAIL" width="200px" height="294px"/>
			<graphic mimeType="jpg" url="Lbs%201%20fol./26/SECONDARY_DISPLAY" width="2587px" height="3806px"/>
			<graphic mimeType="pdf" url="Lbs%201%20fol./26/WEB_DISPLAY"/>
		</surface>
		<surface xml:id="Lbs02-0001-0011v" n="27">
			<desc>0011v</desc>
			<graphic mimeType="pdf" url="Lbs%201%20fol./27/HIGH_QUALITY_DISPLAY"/>
			<graphic mimeType="jpg" url="Lbs%201%20fol./27/THUMBNAIL" width="200px" height="294px"/>
			<graphic mimeType="jpg" url="Lbs%201%20fol./27/SECONDARY_DISPLAY" width="2575px" height="3779px"/>
			<graphic mimeType="pdf" url="Lbs%201%20fol./27/WEB_DISPLAY"/>
		</surface>
		<surface xml:id="Lbs02-0001-0012r" n="28">
			<desc>0012r</desc>
			<graphic mimeType="pdf" url="Lbs%201%20fol./28/HIGH_QUALITY_DISPLAY"/>
			<graphic mimeType="jpg" url="Lbs%201%20fol./28/THUMBNAIL" width="200px" height="294px"/>
			<graphic mimeType="jpg" url="Lbs%201%20fol./28/SECONDARY_DISPLAY" width="2575px" height="3779px"/>
			<graphic mimeType="pdf" url="Lbs%201%20fol./28/WEB_DISPLAY"/>
		</surface>
		<surface xml:id="Lbs02-0001-0012v" n="29">
			<desc>0012v</desc>
			<graphic mimeType="pdf" url="Lbs%201%20fol./29/HIGH_QUALITY_DISPLAY"/>
			<graphic mimeType="jpg" url="Lbs%201%20fol./29/THUMBNAIL" width="200px" height="294px"/>
			<graphic mimeType="jpg" url="Lbs%201%20fol./29/SECONDARY_DISPLAY" width="2574px" height="3785px"/>
			<graphic mimeType="pdf" url="Lbs%201%20fol./29/WEB_DISPLAY"/>
		</surface>
		<surface xml:id="Lbs02-0001-0013r" n="30">
			<desc>0013r</desc>
			<graphic mimeType="pdf" url="Lbs%201%20fol./30/HIGH_QUALITY_DISPLAY"/>
			<graphic mimeType="jpg" url="Lbs%201%20fol./30/THUMBNAIL" width="200px" height="294px"/>
			<graphic mimeType="jpg" url="Lbs%201%20fol./30/SECONDARY_DISPLAY" width="2574px" height="3785px"/>
			<graphic mimeType="pdf" url="Lbs%201%20fol./30/WEB_DISPLAY"/>
		</surface>
		<surface xml:id="Lbs02-0001-0013v" n="31">
			<desc>0013v</desc>
			<graphic mimeType="pdf" url="Lbs%201%20fol./31/HIGH_QUALITY_DISPLAY"/>
			<graphic mimeType="jpg" url="Lbs%201%20fol./31/THUMBNAIL" width="200px" height="295px"/>
			<graphic mimeType="jpg" url="Lbs%201%20fol./31/SECONDARY_DISPLAY" width="2575px" height="3803px"/>
			<graphic mimeType="pdf" url="Lbs%201%20fol./31/WEB_DISPLAY"/>
		</surface>
		<surface xml:id="Lbs02-0001-0014r" n="32">
			<desc>0014r</desc>
			<graphic mimeType="pdf" url="Lbs%201%20fol./32/HIGH_QUALITY_DISPLAY"/>
			<graphic mimeType="jpg" url="Lbs%201%20fol./32/THUMBNAIL" width="200px" height="295px"/>
			<graphic mimeType="jpg" url="Lbs%201%20fol./32/SECONDARY_DISPLAY" width="2575px" height="3803px"/>
			<graphic mimeType="pdf" url="Lbs%201%20fol./32/WEB_DISPLAY"/>
		</surface>
		<surface xml:id="Lbs02-0001-0014v" n="33">
			<desc>0014v</desc>
			<graphic mimeType="pdf" url="Lbs%201%20fol./33/HIGH_QUALITY_DISPLAY"/>
			<graphic mimeType="jpg" url="Lbs%201%20fol./33/THUMBNAIL" width="200px" height="299px"/>
			<graphic mimeType="jpg" url="Lbs%201%20fol./33/SECONDARY_DISPLAY" width="2572px" height="3838px"/>
			<graphic mimeType="pdf" url="Lbs%201%20fol./33/WEB_DISPLAY"/>
		</surface>
		<surface xml:id="Lbs02-0001-0015r" n="34">
			<desc>0015r</desc>
			<graphic mimeType="pdf" url="Lbs%201%20fol./34/HIGH_QUALITY_DISPLAY"/>
			<graphic mimeType="jpg" url="Lbs%201%20fol./34/THUMBNAIL" width="200px" height="298px"/>
			<graphic mimeType="jpg" url="Lbs%201%20fol./34/SECONDARY_DISPLAY" width="2573px" height="3838px"/>
			<graphic mimeType="pdf" url="Lbs%201%20fol./34/WEB_DISPLAY"/>
		</surface>
		<surface xml:id="Lbs02-0001-0015v" n="35">
			<desc>0015v</desc>
			<graphic mimeType="pdf" url="Lbs%201%20fol./35/HIGH_QUALITY_DISPLAY"/>
			<graphic mimeType="jpg" url="Lbs%201%20fol./35/THUMBNAIL" width="200px" height="300px"/>
			<graphic mimeType="jpg" url="Lbs%201%20fol./35/SECONDARY_DISPLAY" width="2559px" height="3840px"/>
			<graphic mimeType="pdf" url="Lbs%201%20fol./35/WEB_DISPLAY"/>
		</surface>
		<surface xml:id="Lbs02-0001-0016r" n="36">
			<desc>0016r</desc>
			<graphic mimeType="pdf" url="Lbs%201%20fol./36/HIGH_QUALITY_DISPLAY"/>
			<graphic mimeType="jpg" url="Lbs%201%20fol./36/THUMBNAIL" width="200px" height="300px"/>
			<graphic mimeType="jpg" url="Lbs%201%20fol./36/SECONDARY_DISPLAY" width="2559px" height="3840px"/>
			<graphic mimeType="pdf" url="Lbs%201%20fol./36/WEB_DISPLAY"/>
		</surface>
		<surface xml:id="Lbs02-0001-0016v" n="37">
			<desc>0016v</desc>
			<graphic mimeType="pdf" url="Lbs%201%20fol./37/HIGH_QUALITY_DISPLAY"/>
			<graphic mimeType="jpg" url="Lbs%201%20fol./37/THUMBNAIL" width="196px" height="300px"/>
			<graphic mimeType="jpg" url="Lbs%201%20fol./37/SECONDARY_DISPLAY" width="2545px" height="3885px"/>
			<graphic mimeType="pdf" url="Lbs%201%20fol./37/WEB_DISPLAY"/>
		</surface>
		<surface xml:id="Lbs02-0001-0017r" n="38">
			<desc>0017r</desc>
			<graphic mimeType="pdf" url="Lbs%201%20fol./38/HIGH_QUALITY_DISPLAY"/>
			<graphic mimeType="jpg" url="Lbs%201%20fol./38/THUMBNAIL" width="197px" height="300px"/>
			<graphic mimeType="jpg" url="Lbs%201%20fol./38/SECONDARY_DISPLAY" width="2546px" height="3885px"/>
			<graphic mimeType="pdf" url="Lbs%201%20fol./38/WEB_DISPLAY"/>
		</surface>
		<surface xml:id="Lbs02-0001-0017v" n="39">
			<desc>0017v</desc>
			<graphic mimeType="pdf" url="Lbs%201%20fol./39/HIGH_QUALITY_DISPLAY"/>
			<graphic mimeType="jpg" url="Lbs%201%20fol./39/THUMBNAIL" width="196px" height="300px"/>
			<graphic mimeType="jpg" url="Lbs%201%20fol./39/SECONDARY_DISPLAY" width="2548px" height="3902px"/>
			<graphic mimeType="pdf" url="Lbs%201%20fol./39/WEB_DISPLAY"/>
		</surface>
		<surface xml:id="Lbs02-0001-0018r" n="40">
			<desc>0018r</desc>
			<graphic mimeType="pdf" url="Lbs%201%20fol./40/HIGH_QUALITY_DISPLAY"/>
			<graphic mimeType="jpg" url="Lbs%201%20fol./40/THUMBNAIL" width="196px" height="300px"/>
			<graphic mimeType="jpg" url="Lbs%201%20fol./40/SECONDARY_DISPLAY" width="2549px" height="3902px"/>
			<graphic mimeType="pdf" url="Lbs%201%20fol./40/WEB_DISPLAY"/>
		</surface>
		<surface xml:id="Lbs02-0001-0018v" n="41">
			<desc>0018v</desc>
			<graphic mimeType="pdf" url="Lbs%201%20fol./41/HIGH_QUALITY_DISPLAY"/>
			<graphic mimeType="jpg" url="Lbs%201%20fol./41/THUMBNAIL" width="197px" height="300px"/>
			<graphic mimeType="jpg" url="Lbs%201%20fol./41/SECONDARY_DISPLAY" width="2525px" height="3840px"/>
			<graphic mimeType="pdf" url="Lbs%201%20fol./41/WEB_DISPLAY"/>
		</surface>
		<surface xml:id="Lbs02-0001-0019r" n="42">
			<desc>0019r</desc>
			<graphic mimeType="pdf" url="Lbs%201%20fol./42/HIGH_QUALITY_DISPLAY"/>
			<graphic mimeType="jpg" url="Lbs%201%20fol./42/THUMBNAIL" width="197px" height="300px"/>
			<graphic mimeType="jpg" url="Lbs%201%20fol./42/SECONDARY_DISPLAY" width="2526px" height="3840px"/>
			<graphic mimeType="pdf" url="Lbs%201%20fol./42/WEB_DISPLAY"/>
		</surface>
		<surface xml:id="Lbs02-0001-0019v" n="43">
			<desc>0019v</desc>
			<graphic mimeType="pdf" url="Lbs%201%20fol./43/HIGH_QUALITY_DISPLAY"/>
			<graphic mimeType="jpg" url="Lbs%201%20fol./43/THUMBNAIL" width="197px" height="300px"/>
			<graphic mimeType="jpg" url="Lbs%201%20fol./43/SECONDARY_DISPLAY" width="2535px" height="3853px"/>
			<graphic mimeType="pdf" url="Lbs%201%20fol./43/WEB_DISPLAY"/>
		</surface>
		<surface xml:id="Lbs02-0001-0020r" n="44">
			<desc>0020r</desc>
			<graphic mimeType="pdf" url="Lbs%201%20fol./44/HIGH_QUALITY_DISPLAY"/>
			<graphic mimeType="jpg" url="Lbs%201%20fol./44/THUMBNAIL" width="197px" height="300px"/>
			<graphic mimeType="jpg" url="Lbs%201%20fol./44/SECONDARY_DISPLAY" width="2535px" height="3853px"/>
			<graphic mimeType="pdf" url="Lbs%201%20fol./44/WEB_DISPLAY"/>
		</surface>
		<surface xml:id="Lbs02-0001-0020v" n="45">
			<desc>0020v</desc>
			<graphic mimeType="pdf" url="Lbs%201%20fol./45/HIGH_QUALITY_DISPLAY"/>
			<graphic mimeType="jpg" url="Lbs%201%20fol./45/THUMBNAIL" width="196px" height="300px"/>
			<graphic mimeType="jpg" url="Lbs%201%20fol./45/SECONDARY_DISPLAY" width="2518px" height="3848px"/>
			<graphic mimeType="pdf" url="Lbs%201%20fol./45/WEB_DISPLAY"/>
		</surface>
		<surface xml:id="Lbs02-0001-0021r" n="46">
			<desc>0021r</desc>
			<graphic mimeType="pdf" url="Lbs%201%20fol./46/HIGH_QUALITY_DISPLAY"/>
			<graphic mimeType="jpg" url="Lbs%201%20fol./46/THUMBNAIL" width="196px" height="300px"/>
			<graphic mimeType="jpg" url="Lbs%201%20fol./46/SECONDARY_DISPLAY" width="2518px" height="3848px"/>
			<graphic mimeType="pdf" url="Lbs%201%20fol./46/WEB_DISPLAY"/>
		</surface>
		<surface xml:id="Lbs02-0001-0021v" n="47">
			<desc>0021v</desc>
			<graphic mimeType="pdf" url="Lbs%201%20fol./47/HIGH_QUALITY_DISPLAY"/>
			<graphic mimeType="jpg" url="Lbs%201%20fol./47/THUMBNAIL" width="200px" height="299px"/>
			<graphic mimeType="jpg" url="Lbs%201%20fol./47/SECONDARY_DISPLAY" width="2533px" height="3788px"/>
			<graphic mimeType="pdf" url="Lbs%201%20fol./47/WEB_DISPLAY"/>
		</surface>
		<surface xml:id="Lbs02-0001-0022r" n="48">
			<desc>0022r</desc>
			<graphic mimeType="pdf" url="Lbs%201%20fol./48/HIGH_QUALITY_DISPLAY"/>
			<graphic mimeType="jpg" url="Lbs%201%20fol./48/THUMBNAIL" width="200px" height="299px"/>
			<graphic mimeType="jpg" url="Lbs%201%20fol./48/SECONDARY_DISPLAY" width="2533px" height="3788px"/>
			<graphic mimeType="pdf" url="Lbs%201%20fol./48/WEB_DISPLAY"/>
		</surface>
		<surface xml:id="Lbs02-0001-0022v" n="49">
			<desc>0022v</desc>
			<graphic mimeType="pdf" url="Lbs%201%20fol./49/HIGH_QUALITY_DISPLAY"/>
			<graphic mimeType="jpg" url="Lbs%201%20fol./49/THUMBNAIL" width="200px" height="300px"/>
			<graphic mimeType="jpg" url="Lbs%201%20fol./49/SECONDARY_DISPLAY" width="2521px" height="3784px"/>
			<graphic mimeType="pdf" url="Lbs%201%20fol./49/WEB_DISPLAY"/>
		</surface>
		<surface xml:id="Lbs02-0001-0023r" n="50">
			<desc>0023r</desc>
			<graphic mimeType="pdf" url="Lbs%201%20fol./50/HIGH_QUALITY_DISPLAY"/>
			<graphic mimeType="jpg" url="Lbs%201%20fol./50/THUMBNAIL" width="200px" height="300px"/>
			<graphic mimeType="jpg" url="Lbs%201%20fol./50/SECONDARY_DISPLAY" width="2521px" height="3784px"/>
			<graphic mimeType="pdf" url="Lbs%201%20fol./50/WEB_DISPLAY"/>
		</surface>
		<surface xml:id="Lbs02-0001-0023v" n="51">
			<desc>0023v</desc>
			<graphic mimeType="pdf" url="Lbs%201%20fol./51/HIGH_QUALITY_DISPLAY"/>
			<graphic mimeType="jpg" url="Lbs%201%20fol./51/THUMBNAIL" width="199px" height="300px"/>
			<graphic mimeType="jpg" url="Lbs%201%20fol./51/SECONDARY_DISPLAY" width="2512px" height="3789px"/>
			<graphic mimeType="pdf" url="Lbs%201%20fol./51/WEB_DISPLAY"/>
		</surface>
		<surface xml:id="Lbs02-0001-0024r" n="52">
			<desc>0024r</desc>
			<graphic mimeType="pdf" url="Lbs%201%20fol./52/HIGH_QUALITY_DISPLAY"/>
			<graphic mimeType="jpg" url="Lbs%201%20fol./52/THUMBNAIL" width="199px" height="300px"/>
			<graphic mimeType="jpg" url="Lbs%201%20fol./52/SECONDARY_DISPLAY" width="2512px" height="3789px"/>
			<graphic mimeType="pdf" url="Lbs%201%20fol./52/WEB_DISPLAY"/>
		</surface>
		<surface xml:id="Lbs02-0001-0024v" n="53">
			<desc>0024v</desc>
			<graphic mimeType="pdf" url="Lbs%201%20fol./53/HIGH_QUALITY_DISPLAY"/>
			<graphic mimeType="jpg" url="Lbs%201%20fol./53/THUMBNAIL" width="199px" height="300px"/>
			<graphic mimeType="jpg" url="Lbs%201%20fol./53/SECONDARY_DISPLAY" width="2516px" height="3797px"/>
			<graphic mimeType="pdf" url="Lbs%201%20fol./53/WEB_DISPLAY"/>
		</surface>
		<surface xml:id="Lbs02-0001-0025r" n="54">
			<desc>0025r</desc>
			<graphic mimeType="pdf" url="Lbs%201%20fol./54/HIGH_QUALITY_DISPLAY"/>
			<graphic mimeType="jpg" url="Lbs%201%20fol./54/THUMBNAIL" width="199px" height="300px"/>
			<graphic mimeType="jpg" url="Lbs%201%20fol./54/SECONDARY_DISPLAY" width="2517px" height="3797px"/>
			<graphic mimeType="pdf" url="Lbs%201%20fol./54/WEB_DISPLAY"/>
		</surface>
		<surface xml:id="Lbs02-0001-0025v" n="55">
			<desc>0025v</desc>
			<graphic mimeType="pdf" url="Lbs%201%20fol./55/HIGH_QUALITY_DISPLAY"/>
			<graphic mimeType="jpg" url="Lbs%201%20fol./55/THUMBNAIL" width="200px" height="300px"/>
			<graphic mimeType="jpg" url="Lbs%201%20fol./55/SECONDARY_DISPLAY" width="2516px" height="3778px"/>
			<graphic mimeType="pdf" url="Lbs%201%20fol./55/WEB_DISPLAY"/>
		</surface>
		<surface xml:id="Lbs02-0001-0026r" n="56">
			<desc>0026r</desc>
			<graphic mimeType="pdf" url="Lbs%201%20fol./56/HIGH_QUALITY_DISPLAY"/>
			<graphic mimeType="jpg" url="Lbs%201%20fol./56/THUMBNAIL" width="200px" height="300px"/>
			<graphic mimeType="jpg" url="Lbs%201%20fol./56/SECONDARY_DISPLAY" width="2516px" height="3778px"/>
			<graphic mimeType="pdf" url="Lbs%201%20fol./56/WEB_DISPLAY"/>
		</surface>
		<surface xml:id="Lbs02-0001-0026v" n="57">
			<desc>0026v</desc>
			<graphic mimeType="pdf" url="Lbs%201%20fol./57/HIGH_QUALITY_DISPLAY"/>
			<graphic mimeType="jpg" url="Lbs%201%20fol./57/THUMBNAIL" width="199px" height="300px"/>
			<graphic mimeType="jpg" url="Lbs%201%20fol./57/SECONDARY_DISPLAY" width="2507px" height="3779px"/>
			<graphic mimeType="pdf" url="Lbs%201%20fol./57/WEB_DISPLAY"/>
		</surface>
		<surface xml:id="Lbs02-0001-0027r" n="58">
			<desc>0027r</desc>
			<graphic mimeType="pdf" url="Lbs%201%20fol./58/HIGH_QUALITY_DISPLAY"/>
			<graphic mimeType="jpg" url="Lbs%201%20fol./58/THUMBNAIL" width="199px" height="300px"/>
			<graphic mimeType="jpg" url="Lbs%201%20fol./58/SECONDARY_DISPLAY" width="2507px" height="3779px"/>
			<graphic mimeType="pdf" url="Lbs%201%20fol./58/WEB_DISPLAY"/>
		</surface>
		<surface xml:id="Lbs02-0001-0027v" n="59">
			<desc>0027v</desc>
			<graphic mimeType="pdf" url="Lbs%201%20fol./59/HIGH_QUALITY_DISPLAY"/>
			<graphic mimeType="jpg" url="Lbs%201%20fol./59/THUMBNAIL" width="199px" height="300px"/>
			<graphic mimeType="jpg" url="Lbs%201%20fol./59/SECONDARY_DISPLAY" width="2508px" height="3781px"/>
			<graphic mimeType="pdf" url="Lbs%201%20fol./59/WEB_DISPLAY"/>
		</surface>
		<surface xml:id="Lbs02-0001-0028r" n="60">
			<desc>0028r</desc>
			<graphic mimeType="pdf" url="Lbs%201%20fol./60/HIGH_QUALITY_DISPLAY"/>
			<graphic mimeType="jpg" url="Lbs%201%20fol./60/THUMBNAIL" width="199px" height="300px"/>
			<graphic mimeType="jpg" url="Lbs%201%20fol./60/SECONDARY_DISPLAY" width="2509px" height="3781px"/>
			<graphic mimeType="pdf" url="Lbs%201%20fol./60/WEB_DISPLAY"/>
		</surface>
		<surface xml:id="Lbs02-0001-0028v" n="61">
			<desc>0028v</desc>
			<graphic mimeType="pdf" url="Lbs%201%20fol./61/HIGH_QUALITY_DISPLAY"/>
			<graphic mimeType="jpg" url="Lbs%201%20fol./61/THUMBNAIL" width="200px" height="299px"/>
			<graphic mimeType="jpg" url="Lbs%201%20fol./61/SECONDARY_DISPLAY" width="2527px" height="3784px"/>
			<graphic mimeType="pdf" url="Lbs%201%20fol./61/WEB_DISPLAY"/>
		</surface>
		<surface xml:id="Lbs02-0001-0029r" n="62">
			<desc>0029r</desc>
			<graphic mimeType="pdf" url="Lbs%201%20fol./62/HIGH_QUALITY_DISPLAY"/>
			<graphic mimeType="jpg" url="Lbs%201%20fol./62/THUMBNAIL" width="200px" height="299px"/>
			<graphic mimeType="jpg" url="Lbs%201%20fol./62/SECONDARY_DISPLAY" width="2528px" height="3784px"/>
			<graphic mimeType="pdf" url="Lbs%201%20fol./62/WEB_DISPLAY"/>
		</surface>
		<surface xml:id="Lbs02-0001-0029v" n="63">
			<desc>0029v</desc>
			<graphic mimeType="pdf" url="Lbs%201%20fol./63/HIGH_QUALITY_DISPLAY"/>
			<graphic mimeType="jpg" url="Lbs%201%20fol./63/THUMBNAIL" width="200px" height="300px"/>
			<graphic mimeType="jpg" url="Lbs%201%20fol./63/SECONDARY_DISPLAY" width="2525px" height="3790px"/>
			<graphic mimeType="pdf" url="Lbs%201%20fol./63/WEB_DISPLAY"/>
		</surface>
		<surface xml:id="Lbs02-0001-0030r" n="64">
			<desc>0030r</desc>
			<graphic mimeType="pdf" url="Lbs%201%20fol./64/HIGH_QUALITY_DISPLAY"/>
			<graphic mimeType="jpg" url="Lbs%201%20fol./64/THUMBNAIL" width="200px" height="300px"/>
			<graphic mimeType="jpg" url="Lbs%201%20fol./64/SECONDARY_DISPLAY" width="2526px" height="3790px"/>
			<graphic mimeType="pdf" url="Lbs%201%20fol./64/WEB_DISPLAY"/>
		</surface>
		<surface xml:id="Lbs02-0001-0030v" n="65">
			<desc>0030v</desc>
			<graphic mimeType="pdf" url="Lbs%201%20fol./65/HIGH_QUALITY_DISPLAY"/>
			<graphic mimeType="jpg" url="Lbs%201%20fol./65/THUMBNAIL" width="199px" height="300px"/>
			<graphic mimeType="jpg" url="Lbs%201%20fol./65/SECONDARY_DISPLAY" width="2504px" height="3781px"/>
			<graphic mimeType="pdf" url="Lbs%201%20fol./65/WEB_DISPLAY"/>
		</surface>
		<surface xml:id="Lbs02-0001-0031r" n="66">
			<desc>0031r</desc>
			<graphic mimeType="pdf" url="Lbs%201%20fol./66/HIGH_QUALITY_DISPLAY"/>
			<graphic mimeType="jpg" url="Lbs%201%20fol./66/THUMBNAIL" width="199px" height="300px"/>
			<graphic mimeType="jpg" url="Lbs%201%20fol./66/SECONDARY_DISPLAY" width="2504px" height="3781px"/>
			<graphic mimeType="pdf" url="Lbs%201%20fol./66/WEB_DISPLAY"/>
		</surface>
		<surface xml:id="Lbs02-0001-0031v" n="67">
			<desc>0031v</desc>
			<graphic mimeType="pdf" url="Lbs%201%20fol./67/HIGH_QUALITY_DISPLAY"/>
			<graphic mimeType="jpg" url="Lbs%201%20fol./67/THUMBNAIL" width="198px" height="300px"/>
			<graphic mimeType="jpg" url="Lbs%201%20fol./67/SECONDARY_DISPLAY" width="2502px" height="3798px"/>
			<graphic mimeType="pdf" url="Lbs%201%20fol./67/WEB_DISPLAY"/>
		</surface>
		<surface xml:id="Lbs02-0001-0032r" n="68">
			<desc>0032r</desc>
			<graphic mimeType="pdf" url="Lbs%201%20fol./68/HIGH_QUALITY_DISPLAY"/>
			<graphic mimeType="jpg" url="Lbs%201%20fol./68/THUMBNAIL" width="198px" height="300px"/>
			<graphic mimeType="jpg" url="Lbs%201%20fol./68/SECONDARY_DISPLAY" width="2502px" height="3798px"/>
			<graphic mimeType="pdf" url="Lbs%201%20fol./68/WEB_DISPLAY"/>
		</surface>
		<surface xml:id="Lbs02-0001-0032v" n="69">
			<desc>0032v</desc>
			<graphic mimeType="pdf" url="Lbs%201%20fol./69/HIGH_QUALITY_DISPLAY"/>
			<graphic mimeType="jpg" url="Lbs%201%20fol./69/THUMBNAIL" width="200px" height="299px"/>
			<graphic mimeType="jpg" url="Lbs%201%20fol./69/SECONDARY_DISPLAY" width="2531px" height="3785px"/>
			<graphic mimeType="pdf" url="Lbs%201%20fol./69/WEB_DISPLAY"/>
		</surface>
		<surface xml:id="Lbs02-0001-0033r" n="70">
			<desc>0033r</desc>
			<graphic mimeType="pdf" url="Lbs%201%20fol./70/HIGH_QUALITY_DISPLAY"/>
			<graphic mimeType="jpg" url="Lbs%201%20fol./70/THUMBNAIL" width="200px" height="299px"/>
			<graphic mimeType="jpg" url="Lbs%201%20fol./70/SECONDARY_DISPLAY" width="2531px" height="3785px"/>
			<graphic mimeType="pdf" url="Lbs%201%20fol./70/WEB_DISPLAY"/>
		</surface>
		<surface xml:id="Lbs02-0001-0033v" n="71">
			<desc>0033v</desc>
			<graphic mimeType="pdf" url="Lbs%201%20fol./71/HIGH_QUALITY_DISPLAY"/>
			<graphic mimeType="jpg" url="Lbs%201%20fol./71/THUMBNAIL" width="200px" height="298px"/>
			<graphic mimeType="jpg" url="Lbs%201%20fol./71/SECONDARY_DISPLAY" width="2543px" height="3796px"/>
			<graphic mimeType="pdf" url="Lbs%201%20fol./71/WEB_DISPLAY"/>
		</surface>
		<surface xml:id="Lbs02-0001-0034r" n="72">
			<desc>0034r</desc>
			<graphic mimeType="pdf" url="Lbs%201%20fol./72/HIGH_QUALITY_DISPLAY"/>
			<graphic mimeType="jpg" url="Lbs%201%20fol./72/THUMBNAIL" width="200px" height="298px"/>
			<graphic mimeType="jpg" url="Lbs%201%20fol./72/SECONDARY_DISPLAY" width="2543px" height="3796px"/>
			<graphic mimeType="pdf" url="Lbs%201%20fol./72/WEB_DISPLAY"/>
		</surface>
		<surface xml:id="Lbs02-0001-0034v" n="73">
			<desc>0034v</desc>
			<graphic mimeType="pdf" url="Lbs%201%20fol./73/HIGH_QUALITY_DISPLAY"/>
			<graphic mimeType="jpg" url="Lbs%201%20fol./73/THUMBNAIL" width="200px" height="299px"/>
			<graphic mimeType="jpg" url="Lbs%201%20fol./73/SECONDARY_DISPLAY" width="2531px" height="3785px"/>
			<graphic mimeType="pdf" url="Lbs%201%20fol./73/WEB_DISPLAY"/>
		</surface>
		<surface xml:id="Lbs02-0001-0035r" n="74">
			<desc>0035r</desc>
			<graphic mimeType="pdf" url="Lbs%201%20fol./74/HIGH_QUALITY_DISPLAY"/>
			<graphic mimeType="jpg" url="Lbs%201%20fol./74/THUMBNAIL" width="200px" height="299px"/>
			<graphic mimeType="jpg" url="Lbs%201%20fol./74/SECONDARY_DISPLAY" width="2532px" height="3785px"/>
			<graphic mimeType="pdf" url="Lbs%201%20fol./74/WEB_DISPLAY"/>
		</surface>
		<surface xml:id="Lbs02-0001-0035v" n="75">
			<desc>0035v</desc>
			<graphic mimeType="pdf" url="Lbs%201%20fol./75/HIGH_QUALITY_DISPLAY"/>
			<graphic mimeType="jpg" url="Lbs%201%20fol./75/THUMBNAIL" width="200px" height="297px"/>
			<graphic mimeType="jpg" url="Lbs%201%20fol./75/SECONDARY_DISPLAY" width="2540px" height="3775px"/>
			<graphic mimeType="pdf" url="Lbs%201%20fol./75/WEB_DISPLAY"/>
		</surface>
		<surface xml:id="Lbs02-0001-0036r" n="76">
			<desc>0036r</desc>
			<graphic mimeType="pdf" url="Lbs%201%20fol./76/HIGH_QUALITY_DISPLAY"/>
			<graphic mimeType="jpg" url="Lbs%201%20fol./76/THUMBNAIL" width="200px" height="297px"/>
			<graphic mimeType="jpg" url="Lbs%201%20fol./76/SECONDARY_DISPLAY" width="2540px" height="3775px"/>
			<graphic mimeType="pdf" url="Lbs%201%20fol./76/WEB_DISPLAY"/>
		</surface>
		<surface xml:id="Lbs02-0001-0036v" n="77">
			<desc>0036v</desc>
			<graphic mimeType="pdf" url="Lbs%201%20fol./77/HIGH_QUALITY_DISPLAY"/>
			<graphic mimeType="jpg" url="Lbs%201%20fol./77/THUMBNAIL" width="200px" height="297px"/>
			<graphic mimeType="jpg" url="Lbs%201%20fol./77/SECONDARY_DISPLAY" width="2538px" height="3771px"/>
			<graphic mimeType="pdf" url="Lbs%201%20fol./77/WEB_DISPLAY"/>
		</surface>
		<surface xml:id="Lbs02-0001-0037r" n="78">
			<desc>0037r</desc>
			<graphic mimeType="pdf" url="Lbs%201%20fol./78/HIGH_QUALITY_DISPLAY"/>
			<graphic mimeType="jpg" url="Lbs%201%20fol./78/THUMBNAIL" width="200px" height="297px"/>
			<graphic mimeType="jpg" url="Lbs%201%20fol./78/SECONDARY_DISPLAY" width="2539px" height="3771px"/>
			<graphic mimeType="pdf" url="Lbs%201%20fol./78/WEB_DISPLAY"/>
		</surface>
		<surface xml:id="Lbs02-0001-0037v" n="79">
			<desc>0037v</desc>
			<graphic mimeType="pdf" url="Lbs%201%20fol./79/HIGH_QUALITY_DISPLAY"/>
			<graphic mimeType="jpg" url="Lbs%201%20fol./79/THUMBNAIL" width="200px" height="297px"/>
			<graphic mimeType="jpg" url="Lbs%201%20fol./79/SECONDARY_DISPLAY" width="2540px" height="3780px"/>
			<graphic mimeType="pdf" url="Lbs%201%20fol./79/WEB_DISPLAY"/>
		</surface>
		<surface xml:id="Lbs02-0001-0038r" n="80">
			<desc>0038r</desc>
			<graphic mimeType="pdf" url="Lbs%201%20fol./80/HIGH_QUALITY_DISPLAY"/>
			<graphic mimeType="jpg" url="Lbs%201%20fol./80/THUMBNAIL" width="200px" height="297px"/>
			<graphic mimeType="jpg" url="Lbs%201%20fol./80/SECONDARY_DISPLAY" width="2540px" height="3780px"/>
			<graphic mimeType="pdf" url="Lbs%201%20fol./80/WEB_DISPLAY"/>
		</surface>
		<surface xml:id="Lbs02-0001-0038v" n="81">
			<desc>0038v</desc>
			<graphic mimeType="pdf" url="Lbs%201%20fol./81/HIGH_QUALITY_DISPLAY"/>
			<graphic mimeType="jpg" url="Lbs%201%20fol./81/THUMBNAIL" width="200px" height="297px"/>
			<graphic mimeType="jpg" url="Lbs%201%20fol./81/SECONDARY_DISPLAY" width="2544px" height="3784px"/>
			<graphic mimeType="pdf" url="Lbs%201%20fol./81/WEB_DISPLAY"/>
		</surface>
		<surface xml:id="Lbs02-0001-0039r" n="82">
			<desc>0039r</desc>
			<graphic mimeType="pdf" url="Lbs%201%20fol./82/HIGH_QUALITY_DISPLAY"/>
			<graphic mimeType="jpg" url="Lbs%201%20fol./82/THUMBNAIL" width="200px" height="297px"/>
			<graphic mimeType="jpg" url="Lbs%201%20fol./82/SECONDARY_DISPLAY" width="2545px" height="3784px"/>
			<graphic mimeType="pdf" url="Lbs%201%20fol./82/WEB_DISPLAY"/>
		</surface>
		<surface xml:id="Lbs02-0001-0039v" n="83">
			<desc>0039v</desc>
			<graphic mimeType="pdf" url="Lbs%201%20fol./83/HIGH_QUALITY_DISPLAY"/>
			<graphic mimeType="jpg" url="Lbs%201%20fol./83/THUMBNAIL" width="200px" height="296px"/>
			<graphic mimeType="jpg" url="Lbs%201%20fol./83/SECONDARY_DISPLAY" width="2551px" height="3780px"/>
			<graphic mimeType="pdf" url="Lbs%201%20fol./83/WEB_DISPLAY"/>
		</surface>
		<surface xml:id="Lbs02-0001-0040r" n="84">
			<desc>0040r</desc>
			<graphic mimeType="pdf" url="Lbs%201%20fol./84/HIGH_QUALITY_DISPLAY"/>
			<graphic mimeType="jpg" url="Lbs%201%20fol./84/THUMBNAIL" width="200px" height="296px"/>
			<graphic mimeType="jpg" url="Lbs%201%20fol./84/SECONDARY_DISPLAY" width="2551px" height="3780px"/>
			<graphic mimeType="pdf" url="Lbs%201%20fol./84/WEB_DISPLAY"/>
		</surface>
		<surface xml:id="Lbs02-0001-0040v" n="85">
			<desc>0040v</desc>
			<graphic mimeType="pdf" url="Lbs%201%20fol./85/HIGH_QUALITY_DISPLAY"/>
			<graphic mimeType="jpg" url="Lbs%201%20fol./85/THUMBNAIL" width="200px" height="297px"/>
			<graphic mimeType="jpg" url="Lbs%201%20fol./85/SECONDARY_DISPLAY" width="2545px" height="3784px"/>
			<graphic mimeType="pdf" url="Lbs%201%20fol./85/WEB_DISPLAY"/>
		</surface>
		<surface xml:id="Lbs02-0001-0041r" n="86">
			<desc>0041r</desc>
			<graphic mimeType="pdf" url="Lbs%201%20fol./86/HIGH_QUALITY_DISPLAY"/>
			<graphic mimeType="jpg" url="Lbs%201%20fol./86/THUMBNAIL" width="200px" height="297px"/>
			<graphic mimeType="jpg" url="Lbs%201%20fol./86/SECONDARY_DISPLAY" width="2545px" height="3784px"/>
			<graphic mimeType="pdf" url="Lbs%201%20fol./86/WEB_DISPLAY"/>
		</surface>
		<surface xml:id="Lbs02-0001-0041v" n="87">
			<desc>0041v</desc>
			<graphic mimeType="pdf" url="Lbs%201%20fol./87/HIGH_QUALITY_DISPLAY"/>
			<graphic mimeType="jpg" url="Lbs%201%20fol./87/THUMBNAIL" width="200px" height="297px"/>
			<graphic mimeType="jpg" url="Lbs%201%20fol./87/SECONDARY_DISPLAY" width="2553px" height="3789px"/>
			<graphic mimeType="pdf" url="Lbs%201%20fol./87/WEB_DISPLAY"/>
		</surface>
		<surface xml:id="Lbs02-0001-0042r" n="88">
			<desc>0042r</desc>
			<graphic mimeType="pdf" url="Lbs%201%20fol./88/HIGH_QUALITY_DISPLAY"/>
			<graphic mimeType="jpg" url="Lbs%201%20fol./88/THUMBNAIL" width="200px" height="297px"/>
			<graphic mimeType="jpg" url="Lbs%201%20fol./88/SECONDARY_DISPLAY" width="2554px" height="3789px"/>
			<graphic mimeType="pdf" url="Lbs%201%20fol./88/WEB_DISPLAY"/>
		</surface>
		<surface xml:id="Lbs02-0001-0042v" n="89">
			<desc>0042v</desc>
			<graphic mimeType="pdf" url="Lbs%201%20fol./89/HIGH_QUALITY_DISPLAY"/>
			<graphic mimeType="jpg" url="Lbs%201%20fol./89/THUMBNAIL" width="200px" height="296px"/>
			<graphic mimeType="jpg" url="Lbs%201%20fol./89/SECONDARY_DISPLAY" width="2558px" height="3781px"/>
			<graphic mimeType="pdf" url="Lbs%201%20fol./89/WEB_DISPLAY"/>
		</surface>
		<surface xml:id="Lbs02-0001-0043r" n="90">
			<desc>0043r</desc>
			<graphic mimeType="pdf" url="Lbs%201%20fol./90/HIGH_QUALITY_DISPLAY"/>
			<graphic mimeType="jpg" url="Lbs%201%20fol./90/THUMBNAIL" width="200px" height="296px"/>
			<graphic mimeType="jpg" url="Lbs%201%20fol./90/SECONDARY_DISPLAY" width="2558px" height="3781px"/>
			<graphic mimeType="pdf" url="Lbs%201%20fol./90/WEB_DISPLAY"/>
		</surface>
		<surface xml:id="Lbs02-0001-0043v" n="91">
			<desc>0043v</desc>
			<graphic mimeType="pdf" url="Lbs%201%20fol./91/HIGH_QUALITY_DISPLAY"/>
			<graphic mimeType="jpg" url="Lbs%201%20fol./91/THUMBNAIL" width="200px" height="296px"/>
			<graphic mimeType="jpg" url="Lbs%201%20fol./91/SECONDARY_DISPLAY" width="2558px" height="3786px"/>
			<graphic mimeType="pdf" url="Lbs%201%20fol./91/WEB_DISPLAY"/>
		</surface>
		<surface xml:id="Lbs02-0001-0044r" n="92">
			<desc>0044r</desc>
			<graphic mimeType="pdf" url="Lbs%201%20fol./92/HIGH_QUALITY_DISPLAY"/>
			<graphic mimeType="jpg" url="Lbs%201%20fol./92/THUMBNAIL" width="200px" height="296px"/>
			<graphic mimeType="jpg" url="Lbs%201%20fol./92/SECONDARY_DISPLAY" width="2559px" height="3786px"/>
			<graphic mimeType="pdf" url="Lbs%201%20fol./92/WEB_DISPLAY"/>
		</surface>
		<surface xml:id="Lbs02-0001-0044v" n="93">
			<desc>0044v</desc>
			<graphic mimeType="pdf" url="Lbs%201%20fol./93/HIGH_QUALITY_DISPLAY"/>
			<graphic mimeType="jpg" url="Lbs%201%20fol./93/THUMBNAIL" width="200px" height="298px"/>
			<graphic mimeType="jpg" url="Lbs%201%20fol./93/SECONDARY_DISPLAY" width="2539px" height="3776px"/>
			<graphic mimeType="pdf" url="Lbs%201%20fol./93/WEB_DISPLAY"/>
		</surface>
		<surface xml:id="Lbs02-0001-0045r" n="94">
			<desc>0045r</desc>
			<graphic mimeType="pdf" url="Lbs%201%20fol./94/HIGH_QUALITY_DISPLAY"/>
			<graphic mimeType="jpg" url="Lbs%201%20fol./94/THUMBNAIL" width="200px" height="297px"/>
			<graphic mimeType="jpg" url="Lbs%201%20fol./94/SECONDARY_DISPLAY" width="2540px" height="3776px"/>
			<graphic mimeType="pdf" url="Lbs%201%20fol./94/WEB_DISPLAY"/>
		</surface>
		<surface xml:id="Lbs02-0001-0045v" n="95">
			<desc>0045v</desc>
			<graphic mimeType="pdf" url="Lbs%201%20fol./95/HIGH_QUALITY_DISPLAY"/>
			<graphic mimeType="jpg" url="Lbs%201%20fol./95/THUMBNAIL" width="200px" height="300px"/>
			<graphic mimeType="jpg" url="Lbs%201%20fol./95/SECONDARY_DISPLAY" width="2531px" height="3795px"/>
			<graphic mimeType="pdf" url="Lbs%201%20fol./95/WEB_DISPLAY"/>
		</surface>
		<surface xml:id="Lbs02-0001-0046r" n="96">
			<desc>0046r</desc>
			<graphic mimeType="pdf" url="Lbs%201%20fol./96/HIGH_QUALITY_DISPLAY"/>
			<graphic mimeType="jpg" url="Lbs%201%20fol./96/THUMBNAIL" width="200px" height="300px"/>
			<graphic mimeType="jpg" url="Lbs%201%20fol./96/SECONDARY_DISPLAY" width="2532px" height="3795px"/>
			<graphic mimeType="pdf" url="Lbs%201%20fol./96/WEB_DISPLAY"/>
		</surface>
		<surface xml:id="Lbs02-0001-0046v" n="97">
			<desc>0046v</desc>
			<graphic mimeType="pdf" url="Lbs%201%20fol./97/HIGH_QUALITY_DISPLAY"/>
			<graphic mimeType="jpg" url="Lbs%201%20fol./97/THUMBNAIL" width="200px" height="296px"/>
			<graphic mimeType="jpg" url="Lbs%201%20fol./97/SECONDARY_DISPLAY" width="2556px" height="3781px"/>
			<graphic mimeType="pdf" url="Lbs%201%20fol./97/WEB_DISPLAY"/>
		</surface>
		<surface xml:id="Lbs02-0001-0047r" n="98">
			<desc>0047r</desc>
			<graphic mimeType="pdf" url="Lbs%201%20fol./98/HIGH_QUALITY_DISPLAY"/>
			<graphic mimeType="jpg" url="Lbs%201%20fol./98/THUMBNAIL" width="200px" height="296px"/>
			<graphic mimeType="jpg" url="Lbs%201%20fol./98/SECONDARY_DISPLAY" width="2556px" height="3781px"/>
			<graphic mimeType="pdf" url="Lbs%201%20fol./98/WEB_DISPLAY"/>
		</surface>
		<surface xml:id="Lbs02-0001-0047v" n="99">
			<desc>0047v</desc>
			<graphic mimeType="pdf" url="Lbs%201%20fol./99/HIGH_QUALITY_DISPLAY"/>
			<graphic mimeType="jpg" url="Lbs%201%20fol./99/THUMBNAIL" width="200px" height="296px"/>
			<graphic mimeType="jpg" url="Lbs%201%20fol./99/SECONDARY_DISPLAY" width="2560px" height="3784px"/>
			<graphic mimeType="pdf" url="Lbs%201%20fol./99/WEB_DISPLAY"/>
		</surface>
		<surface xml:id="Lbs02-0001-0048r" n="100">
			<desc>0048r</desc>
			<graphic mimeType="pdf" url="Lbs%201%20fol./100/HIGH_QUALITY_DISPLAY"/>
			<graphic mimeType="jpg" url="Lbs%201%20fol./100/THUMBNAIL" width="200px" height="296px"/>
			<graphic mimeType="jpg" url="Lbs%201%20fol./100/SECONDARY_DISPLAY" width="2561px" height="3784px"/>
			<graphic mimeType="pdf" url="Lbs%201%20fol./100/WEB_DISPLAY"/>
		</surface>
		<surface xml:id="Lbs02-0001-0048v" n="101">
			<desc>0048v</desc>
			<graphic mimeType="pdf" url="Lbs%201%20fol./101/HIGH_QUALITY_DISPLAY"/>
			<graphic mimeType="jpg" url="Lbs%201%20fol./101/THUMBNAIL" width="199px" height="300px"/>
			<graphic mimeType="jpg" url="Lbs%201%20fol./101/SECONDARY_DISPLAY" width="2509px" height="3774px"/>
			<graphic mimeType="pdf" url="Lbs%201%20fol./101/WEB_DISPLAY"/>
		</surface>
		<surface xml:id="Lbs02-0001-0049r" n="102">
			<desc>0049r</desc>
			<graphic mimeType="pdf" url="Lbs%201%20fol./102/HIGH_QUALITY_DISPLAY"/>
			<graphic mimeType="jpg" url="Lbs%201%20fol./102/THUMBNAIL" width="199px" height="300px"/>
			<graphic mimeType="jpg" url="Lbs%201%20fol./102/SECONDARY_DISPLAY" width="2509px" height="3774px"/>
			<graphic mimeType="pdf" url="Lbs%201%20fol./102/WEB_DISPLAY"/>
		</surface>
		<surface xml:id="Lbs02-0001-0049v" n="103">
			<desc>0049v</desc>
			<graphic mimeType="pdf" url="Lbs%201%20fol./103/HIGH_QUALITY_DISPLAY"/>
			<graphic mimeType="jpg" url="Lbs%201%20fol./103/THUMBNAIL" width="199px" height="300px"/>
			<graphic mimeType="jpg" url="Lbs%201%20fol./103/SECONDARY_DISPLAY" width="2499px" height="3775px"/>
			<graphic mimeType="pdf" url="Lbs%201%20fol./103/WEB_DISPLAY"/>
		</surface>
		<surface xml:id="Lbs02-0001-0050r" n="104">
			<desc>0050r</desc>
			<graphic mimeType="pdf" url="Lbs%201%20fol./104/HIGH_QUALITY_DISPLAY"/>
			<graphic mimeType="jpg" url="Lbs%201%20fol./104/THUMBNAIL" width="199px" height="300px"/>
			<graphic mimeType="jpg" url="Lbs%201%20fol./104/SECONDARY_DISPLAY" width="2500px" height="3775px"/>
			<graphic mimeType="pdf" url="Lbs%201%20fol./104/WEB_DISPLAY"/>
		</surface>
		<surface xml:id="Lbs02-0001-0050v" n="105">
			<desc>0050v</desc>
			<graphic mimeType="pdf" url="Lbs%201%20fol./105/HIGH_QUALITY_DISPLAY"/>
			<graphic mimeType="jpg" url="Lbs%201%20fol./105/THUMBNAIL" width="199px" height="300px"/>
			<graphic mimeType="jpg" url="Lbs%201%20fol./105/SECONDARY_DISPLAY" width="2509px" height="3775px"/>
			<graphic mimeType="pdf" url="Lbs%201%20fol./105/WEB_DISPLAY"/>
		</surface>
		<surface xml:id="Lbs02-0001-0051r" n="106">
			<desc>0051r</desc>
			<graphic mimeType="pdf" url="Lbs%201%20fol./106/HIGH_QUALITY_DISPLAY"/>
			<graphic mimeType="jpg" url="Lbs%201%20fol./106/THUMBNAIL" width="200px" height="300px"/>
			<graphic mimeType="jpg" url="Lbs%201%20fol./106/SECONDARY_DISPLAY" width="2510px" height="3775px"/>
			<graphic mimeType="pdf" url="Lbs%201%20fol./106/WEB_DISPLAY"/>
		</surface>
		<surface xml:id="Lbs02-0001-0051v" n="107">
			<desc>0051v</desc>
			<graphic mimeType="pdf" url="Lbs%201%20fol./107/HIGH_QUALITY_DISPLAY"/>
			<graphic mimeType="jpg" url="Lbs%201%20fol./107/THUMBNAIL" width="199px" height="300px"/>
			<graphic mimeType="jpg" url="Lbs%201%20fol./107/SECONDARY_DISPLAY" width="2507px" height="3784px"/>
			<graphic mimeType="pdf" url="Lbs%201%20fol./107/WEB_DISPLAY"/>
		</surface>
		<surface xml:id="Lbs02-0001-0052r" n="108">
			<desc>0052r</desc>
			<graphic mimeType="pdf" url="Lbs%201%20fol./108/HIGH_QUALITY_DISPLAY"/>
			<graphic mimeType="jpg" url="Lbs%201%20fol./108/THUMBNAIL" width="199px" height="300px"/>
			<graphic mimeType="jpg" url="Lbs%201%20fol./108/SECONDARY_DISPLAY" width="2508px" height="3784px"/>
			<graphic mimeType="pdf" url="Lbs%201%20fol./108/WEB_DISPLAY"/>
		</surface>
		<surface xml:id="Lbs02-0001-0052v" n="109">
			<desc>0052v</desc>
			<graphic mimeType="pdf" url="Lbs%201%20fol./109/HIGH_QUALITY_DISPLAY"/>
			<graphic mimeType="jpg" url="Lbs%201%20fol./109/THUMBNAIL" width="200px" height="300px"/>
			<graphic mimeType="jpg" url="Lbs%201%20fol./109/SECONDARY_DISPLAY" width="2513px" height="3769px"/>
			<graphic mimeType="pdf" url="Lbs%201%20fol./109/WEB_DISPLAY"/>
		</surface>
		<surface xml:id="Lbs02-0001-0053r" n="110">
			<desc>0053r</desc>
			<graphic mimeType="pdf" url="Lbs%201%20fol./110/HIGH_QUALITY_DISPLAY"/>
			<graphic mimeType="jpg" url="Lbs%201%20fol./110/THUMBNAIL" width="200px" height="300px"/>
			<graphic mimeType="jpg" url="Lbs%201%20fol./110/SECONDARY_DISPLAY" width="2513px" height="3769px"/>
			<graphic mimeType="pdf" url="Lbs%201%20fol./110/WEB_DISPLAY"/>
		</surface>
		<surface xml:id="Lbs02-0001-0053v" n="111">
			<desc>0053v</desc>
			<graphic mimeType="pdf" url="Lbs%201%20fol./111/HIGH_QUALITY_DISPLAY"/>
			<graphic mimeType="jpg" url="Lbs%201%20fol./111/THUMBNAIL" width="200px" height="300px"/>
			<graphic mimeType="jpg" url="Lbs%201%20fol./111/SECONDARY_DISPLAY" width="2518px" height="3774px"/>
			<graphic mimeType="pdf" url="Lbs%201%20fol./111/WEB_DISPLAY"/>
		</surface>
		<surface xml:id="Lbs02-0001-0054r" n="112">
			<desc>0054r</desc>
			<graphic mimeType="pdf" url="Lbs%201%20fol./112/HIGH_QUALITY_DISPLAY"/>
			<graphic mimeType="jpg" url="Lbs%201%20fol./112/THUMBNAIL" width="200px" height="300px"/>
			<graphic mimeType="jpg" url="Lbs%201%20fol./112/SECONDARY_DISPLAY" width="2519px" height="3774px"/>
			<graphic mimeType="pdf" url="Lbs%201%20fol./112/WEB_DISPLAY"/>
		</surface>
		<surface xml:id="Lbs02-0001-0054v" n="113">
			<desc>0054v</desc>
			<graphic mimeType="pdf" url="Lbs%201%20fol./113/HIGH_QUALITY_DISPLAY"/>
			<graphic mimeType="jpg" url="Lbs%201%20fol./113/THUMBNAIL" width="200px" height="300px"/>
			<graphic mimeType="jpg" url="Lbs%201%20fol./113/SECONDARY_DISPLAY" width="2511px" height="3768px"/>
			<graphic mimeType="pdf" url="Lbs%201%20fol./113/WEB_DISPLAY"/>
		</surface>
		<surface xml:id="Lbs02-0001-0055r" n="114">
			<desc>0055r</desc>
			<graphic mimeType="pdf" url="Lbs%201%20fol./114/HIGH_QUALITY_DISPLAY"/>
			<graphic mimeType="jpg" url="Lbs%201%20fol./114/THUMBNAIL" width="200px" height="300px"/>
			<graphic mimeType="jpg" url="Lbs%201%20fol./114/SECONDARY_DISPLAY" width="2512px" height="3768px"/>
			<graphic mimeType="pdf" url="Lbs%201%20fol./114/WEB_DISPLAY"/>
		</surface>
		<surface xml:id="Lbs02-0001-0055v" n="115">
			<desc>0055v</desc>
			<graphic mimeType="pdf" url="Lbs%201%20fol./115/HIGH_QUALITY_DISPLAY"/>
			<graphic mimeType="jpg" url="Lbs%201%20fol./115/THUMBNAIL" width="200px" height="300px"/>
			<graphic mimeType="jpg" url="Lbs%201%20fol./115/SECONDARY_DISPLAY" width="2517px" height="3784px"/>
			<graphic mimeType="pdf" url="Lbs%201%20fol./115/WEB_DISPLAY"/>
		</surface>
		<surface xml:id="Lbs02-0001-0056r" n="116">
			<desc>0056r</desc>
			<graphic mimeType="pdf" url="Lbs%201%20fol./116/HIGH_QUALITY_DISPLAY"/>
			<graphic mimeType="jpg" url="Lbs%201%20fol./116/THUMBNAIL" width="200px" height="300px"/>
			<graphic mimeType="jpg" url="Lbs%201%20fol./116/SECONDARY_DISPLAY" width="2517px" height="3784px"/>
			<graphic mimeType="pdf" url="Lbs%201%20fol./116/WEB_DISPLAY"/>
		</surface>
		<surface xml:id="Lbs02-0001-0056v" n="117">
			<desc>0056v</desc>
			<graphic mimeType="pdf" url="Lbs%201%20fol./117/HIGH_QUALITY_DISPLAY"/>
			<graphic mimeType="jpg" url="Lbs%201%20fol./117/THUMBNAIL" width="199px" height="300px"/>
			<graphic mimeType="jpg" url="Lbs%201%20fol./117/SECONDARY_DISPLAY" width="2508px" height="3778px"/>
			<graphic mimeType="pdf" url="Lbs%201%20fol./117/WEB_DISPLAY"/>
		</surface>
		<surface xml:id="Lbs02-0001-0057r" n="118">
			<desc>0057r</desc>
			<graphic mimeType="pdf" url="Lbs%201%20fol./118/HIGH_QUALITY_DISPLAY"/>
			<graphic mimeType="jpg" url="Lbs%201%20fol./118/THUMBNAIL" width="199px" height="300px"/>
			<graphic mimeType="jpg" url="Lbs%201%20fol./118/SECONDARY_DISPLAY" width="2509px" height="3778px"/>
			<graphic mimeType="pdf" url="Lbs%201%20fol./118/WEB_DISPLAY"/>
		</surface>
		<surface xml:id="Lbs02-0001-0057v" n="119">
			<desc>0057v</desc>
			<graphic mimeType="pdf" url="Lbs%201%20fol./119/HIGH_QUALITY_DISPLAY"/>
			<graphic mimeType="jpg" url="Lbs%201%20fol./119/THUMBNAIL" width="198px" height="300px"/>
			<graphic mimeType="jpg" url="Lbs%201%20fol./119/SECONDARY_DISPLAY" width="2501px" height="3783px"/>
			<graphic mimeType="pdf" url="Lbs%201%20fol./119/WEB_DISPLAY"/>
		</surface>
		<surface xml:id="Lbs02-0001-0058r" n="120">
			<desc>0058r</desc>
			<graphic mimeType="pdf" url="Lbs%201%20fol./120/HIGH_QUALITY_DISPLAY"/>
			<graphic mimeType="jpg" url="Lbs%201%20fol./120/THUMBNAIL" width="198px" height="300px"/>
			<graphic mimeType="jpg" url="Lbs%201%20fol./120/SECONDARY_DISPLAY" width="2501px" height="3783px"/>
			<graphic mimeType="pdf" url="Lbs%201%20fol./120/WEB_DISPLAY"/>
		</surface>
		<surface xml:id="Lbs02-0001-0058v" n="121">
			<desc>0058v</desc>
			<graphic mimeType="pdf" url="Lbs%201%20fol./121/HIGH_QUALITY_DISPLAY"/>
			<graphic mimeType="jpg" url="Lbs%201%20fol./121/THUMBNAIL" width="200px" height="300px"/>
			<graphic mimeType="jpg" url="Lbs%201%20fol./121/SECONDARY_DISPLAY" width="2513px" height="3767px"/>
			<graphic mimeType="pdf" url="Lbs%201%20fol./121/WEB_DISPLAY"/>
		</surface>
		<surface xml:id="Lbs02-0001-0059r" n="122">
			<desc>0059r</desc>
			<graphic mimeType="pdf" url="Lbs%201%20fol./122/HIGH_QUALITY_DISPLAY"/>
			<graphic mimeType="jpg" url="Lbs%201%20fol./122/THUMBNAIL" width="200px" height="300px"/>
			<graphic mimeType="jpg" url="Lbs%201%20fol./122/SECONDARY_DISPLAY" width="2513px" height="3767px"/>
			<graphic mimeType="pdf" url="Lbs%201%20fol./122/WEB_DISPLAY"/>
		</surface>
		<surface xml:id="Lbs02-0001-0059v" n="123">
			<desc>0059v</desc>
			<graphic mimeType="pdf" url="Lbs%201%20fol./123/HIGH_QUALITY_DISPLAY"/>
			<graphic mimeType="jpg" url="Lbs%201%20fol./123/THUMBNAIL" width="200px" height="299px"/>
			<graphic mimeType="jpg" url="Lbs%201%20fol./123/SECONDARY_DISPLAY" width="2519px" height="3768px"/>
			<graphic mimeType="pdf" url="Lbs%201%20fol./123/WEB_DISPLAY"/>
		</surface>
		<surface xml:id="Lbs02-0001-0060r" n="124">
			<desc>0060r</desc>
			<graphic mimeType="pdf" url="Lbs%201%20fol./124/HIGH_QUALITY_DISPLAY"/>
			<graphic mimeType="jpg" url="Lbs%201%20fol./124/THUMBNAIL" width="200px" height="299px"/>
			<graphic mimeType="jpg" url="Lbs%201%20fol./124/SECONDARY_DISPLAY" width="2519px" height="3768px"/>
			<graphic mimeType="pdf" url="Lbs%201%20fol./124/WEB_DISPLAY"/>
		</surface>
		<surface xml:id="Lbs02-0001-0060v" n="125">
			<desc>0060v</desc>
			<graphic mimeType="pdf" url="Lbs%201%20fol./125/HIGH_QUALITY_DISPLAY"/>
			<graphic mimeType="jpg" url="Lbs%201%20fol./125/THUMBNAIL" width="200px" height="299px"/>
			<graphic mimeType="jpg" url="Lbs%201%20fol./125/SECONDARY_DISPLAY" width="2520px" height="3770px"/>
			<graphic mimeType="pdf" url="Lbs%201%20fol./125/WEB_DISPLAY"/>
		</surface>
		<surface xml:id="Lbs02-0001-0061r" n="126">
			<desc>0061r</desc>
			<graphic mimeType="pdf" url="Lbs%201%20fol./126/HIGH_QUALITY_DISPLAY"/>
			<graphic mimeType="jpg" url="Lbs%201%20fol./126/THUMBNAIL" width="200px" height="299px"/>
			<graphic mimeType="jpg" url="Lbs%201%20fol./126/SECONDARY_DISPLAY" width="2521px" height="3770px"/>
			<graphic mimeType="pdf" url="Lbs%201%20fol./126/WEB_DISPLAY"/>
		</surface>
		<surface xml:id="Lbs02-0001-0061v" n="127">
			<desc>0061v</desc>
			<graphic mimeType="pdf" url="Lbs%201%20fol./127/HIGH_QUALITY_DISPLAY"/>
			<graphic mimeType="jpg" url="Lbs%201%20fol./127/THUMBNAIL" width="200px" height="298px"/>
			<graphic mimeType="jpg" url="Lbs%201%20fol./127/SECONDARY_DISPLAY" width="2541px" height="3781px"/>
			<graphic mimeType="pdf" url="Lbs%201%20fol./127/WEB_DISPLAY"/>
		</surface>
		<surface xml:id="Lbs02-0001-0062r" n="128">
			<desc>0062r</desc>
			<graphic mimeType="pdf" url="Lbs%201%20fol./128/HIGH_QUALITY_DISPLAY"/>
			<graphic mimeType="jpg" url="Lbs%201%20fol./128/THUMBNAIL" width="200px" height="298px"/>
			<graphic mimeType="jpg" url="Lbs%201%20fol./128/SECONDARY_DISPLAY" width="2541px" height="3781px"/>
			<graphic mimeType="pdf" url="Lbs%201%20fol./128/WEB_DISPLAY"/>
		</surface>
		<surface xml:id="Lbs02-0001-0062v" n="129">
			<desc>0062v</desc>
			<graphic mimeType="pdf" url="Lbs%201%20fol./129/HIGH_QUALITY_DISPLAY"/>
			<graphic mimeType="jpg" url="Lbs%201%20fol./129/THUMBNAIL" width="200px" height="299px"/>
			<graphic mimeType="jpg" url="Lbs%201%20fol./129/SECONDARY_DISPLAY" width="2528px" height="3778px"/>
			<graphic mimeType="pdf" url="Lbs%201%20fol./129/WEB_DISPLAY"/>
		</surface>
		<surface xml:id="Lbs02-0001-0063r" n="130">
			<desc>0063r</desc>
			<graphic mimeType="pdf" url="Lbs%201%20fol./130/HIGH_QUALITY_DISPLAY"/>
			<graphic mimeType="jpg" url="Lbs%201%20fol./130/THUMBNAIL" width="200px" height="299px"/>
			<graphic mimeType="jpg" url="Lbs%201%20fol./130/SECONDARY_DISPLAY" width="2528px" height="3778px"/>
			<graphic mimeType="pdf" url="Lbs%201%20fol./130/WEB_DISPLAY"/>
		</surface>
		<surface xml:id="Lbs02-0001-0063v" n="131">
			<desc>0063v</desc>
			<graphic mimeType="pdf" url="Lbs%201%20fol./131/HIGH_QUALITY_DISPLAY"/>
			<graphic mimeType="jpg" url="Lbs%201%20fol./131/THUMBNAIL" width="200px" height="298px"/>
			<graphic mimeType="jpg" url="Lbs%201%20fol./131/SECONDARY_DISPLAY" width="2533px" height="3775px"/>
			<graphic mimeType="pdf" url="Lbs%201%20fol./131/WEB_DISPLAY"/>
		</surface>
		<surface xml:id="Lbs02-0001-0064r" n="132">
			<desc>0064r</desc>
			<graphic mimeType="pdf" url="Lbs%201%20fol./132/HIGH_QUALITY_DISPLAY"/>
			<graphic mimeType="jpg" url="Lbs%201%20fol./132/THUMBNAIL" width="200px" height="298px"/>
			<graphic mimeType="jpg" url="Lbs%201%20fol./132/SECONDARY_DISPLAY" width="2533px" height="3775px"/>
			<graphic mimeType="pdf" url="Lbs%201%20fol./132/WEB_DISPLAY"/>
		</surface>
		<surface xml:id="Lbs02-0001-0064v" n="133">
			<desc>0064v</desc>
			<graphic mimeType="pdf" url="Lbs%201%20fol./133/HIGH_QUALITY_DISPLAY"/>
			<graphic mimeType="jpg" url="Lbs%201%20fol./133/THUMBNAIL" width="200px" height="300px"/>
			<graphic mimeType="jpg" url="Lbs%201%20fol./133/SECONDARY_DISPLAY" width="2525px" height="3782px"/>
			<graphic mimeType="pdf" url="Lbs%201%20fol./133/WEB_DISPLAY"/>
		</surface>
		<surface xml:id="Lbs02-0001-0065r" n="134">
			<desc>0065r</desc>
			<graphic mimeType="pdf" url="Lbs%201%20fol./134/HIGH_QUALITY_DISPLAY"/>
			<graphic mimeType="jpg" url="Lbs%201%20fol./134/THUMBNAIL" width="200px" height="300px"/>
			<graphic mimeType="jpg" url="Lbs%201%20fol./134/SECONDARY_DISPLAY" width="2525px" height="3782px"/>
			<graphic mimeType="pdf" url="Lbs%201%20fol./134/WEB_DISPLAY"/>
		</surface>
		<surface xml:id="Lbs02-0001-0065v" n="135">
			<desc>0065v</desc>
			<graphic mimeType="pdf" url="Lbs%201%20fol./135/HIGH_QUALITY_DISPLAY"/>
			<graphic mimeType="jpg" url="Lbs%201%20fol./135/THUMBNAIL" width="198px" height="300px"/>
			<graphic mimeType="jpg" url="Lbs%201%20fol./135/SECONDARY_DISPLAY" width="2501px" height="3791px"/>
			<graphic mimeType="pdf" url="Lbs%201%20fol./135/WEB_DISPLAY"/>
		</surface>
		<surface xml:id="Lbs02-0001-0066r" n="136">
			<desc>0066r</desc>
			<graphic mimeType="pdf" url="Lbs%201%20fol./136/HIGH_QUALITY_DISPLAY"/>
			<graphic mimeType="jpg" url="Lbs%201%20fol./136/THUMBNAIL" width="198px" height="300px"/>
			<graphic mimeType="jpg" url="Lbs%201%20fol./136/SECONDARY_DISPLAY" width="2501px" height="3791px"/>
			<graphic mimeType="pdf" url="Lbs%201%20fol./136/WEB_DISPLAY"/>
		</surface>
		<surface xml:id="Lbs02-0001-0066v" n="137">
			<desc>0066v</desc>
			<graphic mimeType="pdf" url="Lbs%201%20fol./137/HIGH_QUALITY_DISPLAY"/>
			<graphic mimeType="jpg" url="Lbs%201%20fol./137/THUMBNAIL" width="198px" height="300px"/>
			<graphic mimeType="jpg" url="Lbs%201%20fol./137/SECONDARY_DISPLAY" width="2500px" height="3791px"/>
			<graphic mimeType="pdf" url="Lbs%201%20fol./137/WEB_DISPLAY"/>
		</surface>
		<surface xml:id="Lbs02-0001-0067r" n="138">
			<desc>0067r</desc>
			<graphic mimeType="pdf" url="Lbs%201%20fol./138/HIGH_QUALITY_DISPLAY"/>
			<graphic mimeType="jpg" url="Lbs%201%20fol./138/THUMBNAIL" width="198px" height="300px"/>
			<graphic mimeType="jpg" url="Lbs%201%20fol./138/SECONDARY_DISPLAY" width="2500px" height="3791px"/>
			<graphic mimeType="pdf" url="Lbs%201%20fol./138/WEB_DISPLAY"/>
		</surface>
		<surface xml:id="Lbs02-0001-0067v" n="139">
			<desc>0067v</desc>
			<graphic mimeType="pdf" url="Lbs%201%20fol./139/HIGH_QUALITY_DISPLAY"/>
			<graphic mimeType="jpg" url="Lbs%201%20fol./139/THUMBNAIL" width="198px" height="300px"/>
			<graphic mimeType="jpg" url="Lbs%201%20fol./139/SECONDARY_DISPLAY" width="2504px" height="3788px"/>
			<graphic mimeType="pdf" url="Lbs%201%20fol./139/WEB_DISPLAY"/>
		</surface>
		<surface xml:id="Lbs02-0001-0068r" n="140">
			<desc>0068r</desc>
			<graphic mimeType="pdf" url="Lbs%201%20fol./140/HIGH_QUALITY_DISPLAY"/>
			<graphic mimeType="jpg" url="Lbs%201%20fol./140/THUMBNAIL" width="198px" height="300px"/>
			<graphic mimeType="jpg" url="Lbs%201%20fol./140/SECONDARY_DISPLAY" width="2504px" height="3788px"/>
			<graphic mimeType="pdf" url="Lbs%201%20fol./140/WEB_DISPLAY"/>
		</surface>
		<surface xml:id="Lbs02-0001-0068v" n="141">
			<desc>0068v</desc>
			<graphic mimeType="pdf" url="Lbs%201%20fol./141/HIGH_QUALITY_DISPLAY"/>
			<graphic mimeType="jpg" url="Lbs%201%20fol./141/THUMBNAIL" width="199px" height="300px"/>
			<graphic mimeType="jpg" url="Lbs%201%20fol./141/SECONDARY_DISPLAY" width="2505px" height="3785px"/>
			<graphic mimeType="pdf" url="Lbs%201%20fol./141/WEB_DISPLAY"/>
		</surface>
		<surface xml:id="Lbs02-0001-0069r" n="142">
			<desc>0069r</desc>
			<graphic mimeType="pdf" url="Lbs%201%20fol./142/HIGH_QUALITY_DISPLAY"/>
			<graphic mimeType="jpg" url="Lbs%201%20fol./142/THUMBNAIL" width="199px" height="300px"/>
			<graphic mimeType="jpg" url="Lbs%201%20fol./142/SECONDARY_DISPLAY" width="2505px" height="3785px"/>
			<graphic mimeType="pdf" url="Lbs%201%20fol./142/WEB_DISPLAY"/>
		</surface>
		<surface xml:id="Lbs02-0001-0069v" n="143">
			<desc>0069v</desc>
			<graphic mimeType="pdf" url="Lbs%201%20fol./143/HIGH_QUALITY_DISPLAY"/>
			<graphic mimeType="jpg" url="Lbs%201%20fol./143/THUMBNAIL" width="198px" height="300px"/>
			<graphic mimeType="jpg" url="Lbs%201%20fol./143/SECONDARY_DISPLAY" width="2511px" height="3796px"/>
			<graphic mimeType="pdf" url="Lbs%201%20fol./143/WEB_DISPLAY"/>
		</surface>
		<surface xml:id="Lbs02-0001-0070r" n="144">
			<desc>0070r</desc>
			<graphic mimeType="pdf" url="Lbs%201%20fol./144/HIGH_QUALITY_DISPLAY"/>
			<graphic mimeType="jpg" url="Lbs%201%20fol./144/THUMBNAIL" width="198px" height="300px"/>
			<graphic mimeType="jpg" url="Lbs%201%20fol./144/SECONDARY_DISPLAY" width="2512px" height="3796px"/>
			<graphic mimeType="pdf" url="Lbs%201%20fol./144/WEB_DISPLAY"/>
		</surface>
		<surface xml:id="Lbs02-0001-0070v" n="145">
			<desc>0070v</desc>
			<graphic mimeType="pdf" url="Lbs%201%20fol./145/HIGH_QUALITY_DISPLAY"/>
			<graphic mimeType="jpg" url="Lbs%201%20fol./145/THUMBNAIL" width="199px" height="300px"/>
			<graphic mimeType="jpg" url="Lbs%201%20fol./145/SECONDARY_DISPLAY" width="2511px" height="3790px"/>
			<graphic mimeType="pdf" url="Lbs%201%20fol./145/WEB_DISPLAY"/>
		</surface>
		<surface xml:id="Lbs02-0001-0071r" n="146">
			<desc>0071r</desc>
			<graphic mimeType="pdf" url="Lbs%201%20fol./146/HIGH_QUALITY_DISPLAY"/>
			<graphic mimeType="jpg" url="Lbs%201%20fol./146/THUMBNAIL" width="199px" height="300px"/>
			<graphic mimeType="jpg" url="Lbs%201%20fol./146/SECONDARY_DISPLAY" width="2511px" height="3790px"/>
			<graphic mimeType="pdf" url="Lbs%201%20fol./146/WEB_DISPLAY"/>
		</surface>
		<surface xml:id="Lbs02-0001-0071v" n="147">
			<desc>0071v</desc>
			<graphic mimeType="pdf" url="Lbs%201%20fol./147/HIGH_QUALITY_DISPLAY"/>
			<graphic mimeType="jpg" url="Lbs%201%20fol./147/THUMBNAIL" width="198px" height="300px"/>
			<graphic mimeType="jpg" url="Lbs%201%20fol./147/SECONDARY_DISPLAY" width="2504px" height="3789px"/>
			<graphic mimeType="pdf" url="Lbs%201%20fol./147/WEB_DISPLAY"/>
		</surface>
		<surface xml:id="Lbs02-0001-0072r" n="148">
			<desc>0072r</desc>
			<graphic mimeType="pdf" url="Lbs%201%20fol./148/HIGH_QUALITY_DISPLAY"/>
			<graphic mimeType="jpg" url="Lbs%201%20fol./148/THUMBNAIL" width="198px" height="300px"/>
			<graphic mimeType="jpg" url="Lbs%201%20fol./148/SECONDARY_DISPLAY" width="2505px" height="3789px"/>
			<graphic mimeType="pdf" url="Lbs%201%20fol./148/WEB_DISPLAY"/>
		</surface>
		<surface xml:id="Lbs02-0001-0072v" n="149">
			<desc>0072v</desc>
			<graphic mimeType="pdf" url="Lbs%201%20fol./149/HIGH_QUALITY_DISPLAY"/>
			<graphic mimeType="jpg" url="Lbs%201%20fol./149/THUMBNAIL" width="199px" height="300px"/>
			<graphic mimeType="jpg" url="Lbs%201%20fol./149/SECONDARY_DISPLAY" width="2513px" height="3789px"/>
			<graphic mimeType="pdf" url="Lbs%201%20fol./149/WEB_DISPLAY"/>
		</surface>
		<surface xml:id="Lbs02-0001-0073r" n="150">
			<desc>0073r</desc>
			<graphic mimeType="pdf" url="Lbs%201%20fol./150/HIGH_QUALITY_DISPLAY"/>
			<graphic mimeType="jpg" url="Lbs%201%20fol./150/THUMBNAIL" width="199px" height="300px"/>
			<graphic mimeType="jpg" url="Lbs%201%20fol./150/SECONDARY_DISPLAY" width="2513px" height="3789px"/>
			<graphic mimeType="pdf" url="Lbs%201%20fol./150/WEB_DISPLAY"/>
		</surface>
		<surface xml:id="Lbs02-0001-0073v" n="151">
			<desc>0073v</desc>
			<graphic mimeType="pdf" url="Lbs%201%20fol./151/HIGH_QUALITY_DISPLAY"/>
			<graphic mimeType="jpg" url="Lbs%201%20fol./151/THUMBNAIL" width="199px" height="300px"/>
			<graphic mimeType="jpg" url="Lbs%201%20fol./151/SECONDARY_DISPLAY" width="2507px" height="3778px"/>
			<graphic mimeType="pdf" url="Lbs%201%20fol./151/WEB_DISPLAY"/>
		</surface>
		<surface xml:id="Lbs02-0001-0074r" n="152">
			<desc>0074r</desc>
			<graphic mimeType="pdf" url="Lbs%201%20fol./152/HIGH_QUALITY_DISPLAY"/>
			<graphic mimeType="jpg" url="Lbs%201%20fol./152/THUMBNAIL" width="199px" height="300px"/>
			<graphic mimeType="jpg" url="Lbs%201%20fol./152/SECONDARY_DISPLAY" width="2507px" height="3778px"/>
			<graphic mimeType="pdf" url="Lbs%201%20fol./152/WEB_DISPLAY"/>
		</surface>
		<surface xml:id="Lbs02-0001-0074v" n="153">
			<desc>0074v</desc>
			<graphic mimeType="pdf" url="Lbs%201%20fol./153/HIGH_QUALITY_DISPLAY"/>
			<graphic mimeType="jpg" url="Lbs%201%20fol./153/THUMBNAIL" width="199px" height="300px"/>
			<graphic mimeType="jpg" url="Lbs%201%20fol./153/SECONDARY_DISPLAY" width="2506px" height="3781px"/>
			<graphic mimeType="pdf" url="Lbs%201%20fol./153/WEB_DISPLAY"/>
		</surface>
		<surface xml:id="Lbs02-0001-0075r" n="154">
			<desc>0075r</desc>
			<graphic mimeType="pdf" url="Lbs%201%20fol./154/HIGH_QUALITY_DISPLAY"/>
			<graphic mimeType="jpg" url="Lbs%201%20fol./154/THUMBNAIL" width="199px" height="300px"/>
			<graphic mimeType="jpg" url="Lbs%201%20fol./154/SECONDARY_DISPLAY" width="2506px" height="3781px"/>
			<graphic mimeType="pdf" url="Lbs%201%20fol./154/WEB_DISPLAY"/>
		</surface>
		<surface xml:id="Lbs02-0001-0075v" n="155">
			<desc>0075v</desc>
			<graphic mimeType="pdf" url="Lbs%201%20fol./155/HIGH_QUALITY_DISPLAY"/>
			<graphic mimeType="jpg" url="Lbs%201%20fol./155/THUMBNAIL" width="199px" height="300px"/>
			<graphic mimeType="jpg" url="Lbs%201%20fol./155/SECONDARY_DISPLAY" width="2508px" height="3773px"/>
			<graphic mimeType="pdf" url="Lbs%201%20fol./155/WEB_DISPLAY"/>
		</surface>
		<surface xml:id="Lbs02-0001-0076r" n="156">
			<desc>0076r</desc>
			<graphic mimeType="pdf" url="Lbs%201%20fol./156/HIGH_QUALITY_DISPLAY"/>
			<graphic mimeType="jpg" url="Lbs%201%20fol./156/THUMBNAIL" width="199px" height="300px"/>
			<graphic mimeType="jpg" url="Lbs%201%20fol./156/SECONDARY_DISPLAY" width="2509px" height="3773px"/>
			<graphic mimeType="pdf" url="Lbs%201%20fol./156/WEB_DISPLAY"/>
		</surface>
		<surface xml:id="Lbs02-0001-0076v" n="157">
			<desc>0076v</desc>
			<graphic mimeType="pdf" url="Lbs%201%20fol./157/HIGH_QUALITY_DISPLAY"/>
			<graphic mimeType="jpg" url="Lbs%201%20fol./157/THUMBNAIL" width="199px" height="300px"/>
			<graphic mimeType="jpg" url="Lbs%201%20fol./157/SECONDARY_DISPLAY" width="2515px" height="3782px"/>
			<graphic mimeType="pdf" url="Lbs%201%20fol./157/WEB_DISPLAY"/>
		</surface>
		<surface xml:id="Lbs02-0001-0077r" n="158">
			<desc>0077r</desc>
			<graphic mimeType="pdf" url="Lbs%201%20fol./158/HIGH_QUALITY_DISPLAY"/>
			<graphic mimeType="jpg" url="Lbs%201%20fol./158/THUMBNAIL" width="200px" height="300px"/>
			<graphic mimeType="jpg" url="Lbs%201%20fol./158/SECONDARY_DISPLAY" width="2516px" height="3782px"/>
			<graphic mimeType="pdf" url="Lbs%201%20fol./158/WEB_DISPLAY"/>
		</surface>
		<surface xml:id="Lbs02-0001-0077v" n="159">
			<desc>0077v</desc>
			<graphic mimeType="pdf" url="Lbs%201%20fol./159/HIGH_QUALITY_DISPLAY"/>
			<graphic mimeType="jpg" url="Lbs%201%20fol./159/THUMBNAIL" width="199px" height="300px"/>
			<graphic mimeType="jpg" url="Lbs%201%20fol./159/SECONDARY_DISPLAY" width="2501px" height="3780px"/>
			<graphic mimeType="pdf" url="Lbs%201%20fol./159/WEB_DISPLAY"/>
		</surface>
		<surface xml:id="Lbs02-0001-0078r" n="160">
			<desc>0078r</desc>
			<graphic mimeType="pdf" url="Lbs%201%20fol./160/HIGH_QUALITY_DISPLAY"/>
			<graphic mimeType="jpg" url="Lbs%201%20fol./160/THUMBNAIL" width="199px" height="300px"/>
			<graphic mimeType="jpg" url="Lbs%201%20fol./160/SECONDARY_DISPLAY" width="2501px" height="3780px"/>
			<graphic mimeType="pdf" url="Lbs%201%20fol./160/WEB_DISPLAY"/>
		</surface>
		<surface xml:id="Lbs02-0001-0078v" n="161">
			<desc>0078v</desc>
			<graphic mimeType="pdf" url="Lbs%201%20fol./161/HIGH_QUALITY_DISPLAY"/>
			<graphic mimeType="jpg" url="Lbs%201%20fol./161/THUMBNAIL" width="198px" height="300px"/>
			<graphic mimeType="jpg" url="Lbs%201%20fol./161/SECONDARY_DISPLAY" width="2499px" height="3781px"/>
			<graphic mimeType="pdf" url="Lbs%201%20fol./161/WEB_DISPLAY"/>
		</surface>
		<surface xml:id="Lbs02-0001-0079r" n="162">
			<desc>0079r</desc>
			<graphic mimeType="pdf" url="Lbs%201%20fol./162/HIGH_QUALITY_DISPLAY"/>
			<graphic mimeType="jpg" url="Lbs%201%20fol./162/THUMBNAIL" width="198px" height="300px"/>
			<graphic mimeType="jpg" url="Lbs%201%20fol./162/SECONDARY_DISPLAY" width="2499px" height="3781px"/>
			<graphic mimeType="pdf" url="Lbs%201%20fol./162/WEB_DISPLAY"/>
		</surface>
		<surface xml:id="Lbs02-0001-0079v" n="163">
			<desc>0079v</desc>
			<graphic mimeType="pdf" url="Lbs%201%20fol./163/HIGH_QUALITY_DISPLAY"/>
			<graphic mimeType="jpg" url="Lbs%201%20fol./163/THUMBNAIL" width="198px" height="300px"/>
			<graphic mimeType="jpg" url="Lbs%201%20fol./163/SECONDARY_DISPLAY" width="2491px" height="3777px"/>
			<graphic mimeType="pdf" url="Lbs%201%20fol./163/WEB_DISPLAY"/>
		</surface>
		<surface xml:id="Lbs02-0001-0080r" n="164">
			<desc>0080r</desc>
			<graphic mimeType="pdf" url="Lbs%201%20fol./164/HIGH_QUALITY_DISPLAY"/>
			<graphic mimeType="jpg" url="Lbs%201%20fol./164/THUMBNAIL" width="198px" height="300px"/>
			<graphic mimeType="jpg" url="Lbs%201%20fol./164/SECONDARY_DISPLAY" width="2491px" height="3777px"/>
			<graphic mimeType="pdf" url="Lbs%201%20fol./164/WEB_DISPLAY"/>
		</surface>
		<surface xml:id="Lbs02-0001-0080v" n="165">
			<desc>0080v</desc>
			<graphic mimeType="pdf" url="Lbs%201%20fol./165/HIGH_QUALITY_DISPLAY"/>
			<graphic mimeType="jpg" url="Lbs%201%20fol./165/THUMBNAIL" width="200px" height="298px"/>
			<graphic mimeType="jpg" url="Lbs%201%20fol./165/SECONDARY_DISPLAY" width="2538px" height="3779px"/>
			<graphic mimeType="pdf" url="Lbs%201%20fol./165/WEB_DISPLAY"/>
		</surface>
		<surface xml:id="Lbs02-0001-0081r" n="166">
			<desc>0081r</desc>
			<graphic mimeType="pdf" url="Lbs%201%20fol./166/HIGH_QUALITY_DISPLAY"/>
			<graphic mimeType="jpg" url="Lbs%201%20fol./166/THUMBNAIL" width="200px" height="298px"/>
			<graphic mimeType="jpg" url="Lbs%201%20fol./166/SECONDARY_DISPLAY" width="2538px" height="3779px"/>
			<graphic mimeType="pdf" url="Lbs%201%20fol./166/WEB_DISPLAY"/>
		</surface>
		<surface xml:id="Lbs02-0001-0081v" n="167">
			<desc>0081v</desc>
			<graphic mimeType="pdf" url="Lbs%201%20fol./167/HIGH_QUALITY_DISPLAY"/>
			<graphic mimeType="jpg" url="Lbs%201%20fol./167/THUMBNAIL" width="200px" height="298px"/>
			<graphic mimeType="jpg" url="Lbs%201%20fol./167/SECONDARY_DISPLAY" width="2537px" height="3778px"/>
			<graphic mimeType="pdf" url="Lbs%201%20fol./167/WEB_DISPLAY"/>
		</surface>
		<surface xml:id="Lbs02-0001-0082r" n="168">
			<desc>0082r</desc>
			<graphic mimeType="pdf" url="Lbs%201%20fol./168/HIGH_QUALITY_DISPLAY"/>
			<graphic mimeType="jpg" url="Lbs%201%20fol./168/THUMBNAIL" width="200px" height="298px"/>
			<graphic mimeType="jpg" url="Lbs%201%20fol./168/SECONDARY_DISPLAY" width="2538px" height="3778px"/>
			<graphic mimeType="pdf" url="Lbs%201%20fol./168/WEB_DISPLAY"/>
		</surface>
		<surface xml:id="Lbs02-0001-0082v" n="169">
			<desc>0082v</desc>
			<graphic mimeType="pdf" url="Lbs%201%20fol./169/HIGH_QUALITY_DISPLAY"/>
			<graphic mimeType="jpg" url="Lbs%201%20fol./169/THUMBNAIL" width="200px" height="297px"/>
			<graphic mimeType="jpg" url="Lbs%201%20fol./169/SECONDARY_DISPLAY" width="2559px" height="3801px"/>
			<graphic mimeType="pdf" url="Lbs%201%20fol./169/WEB_DISPLAY"/>
		</surface>
		<surface xml:id="Lbs02-0001-0083r" n="170">
			<desc>0083r</desc>
			<graphic mimeType="pdf" url="Lbs%201%20fol./170/HIGH_QUALITY_DISPLAY"/>
			<graphic mimeType="jpg" url="Lbs%201%20fol./170/THUMBNAIL" width="200px" height="297px"/>
			<graphic mimeType="jpg" url="Lbs%201%20fol./170/SECONDARY_DISPLAY" width="2560px" height="3801px"/>
			<graphic mimeType="pdf" url="Lbs%201%20fol./170/WEB_DISPLAY"/>
		</surface>
		<surface xml:id="Lbs02-0001-0083v" n="171">
			<desc>0083v</desc>
			<graphic mimeType="pdf" url="Lbs%201%20fol./171/HIGH_QUALITY_DISPLAY"/>
			<graphic mimeType="jpg" url="Lbs%201%20fol./171/THUMBNAIL" width="200px" height="296px"/>
			<graphic mimeType="jpg" url="Lbs%201%20fol./171/SECONDARY_DISPLAY" width="2547px" height="3777px"/>
			<graphic mimeType="pdf" url="Lbs%201%20fol./171/WEB_DISPLAY"/>
		</surface>
		<surface xml:id="Lbs02-0001-0084r" n="172">
			<desc>0084r</desc>
			<graphic mimeType="pdf" url="Lbs%201%20fol./172/HIGH_QUALITY_DISPLAY"/>
			<graphic mimeType="jpg" url="Lbs%201%20fol./172/THUMBNAIL" width="200px" height="296px"/>
			<graphic mimeType="jpg" url="Lbs%201%20fol./172/SECONDARY_DISPLAY" width="2548px" height="3777px"/>
			<graphic mimeType="pdf" url="Lbs%201%20fol./172/WEB_DISPLAY"/>
		</surface>
		<surface xml:id="Lbs02-0001-0084v" n="173">
			<desc>0084v</desc>
			<graphic mimeType="pdf" url="Lbs%201%20fol./173/HIGH_QUALITY_DISPLAY"/>
			<graphic mimeType="jpg" url="Lbs%201%20fol./173/THUMBNAIL" width="200px" height="299px"/>
			<graphic mimeType="jpg" url="Lbs%201%20fol./173/SECONDARY_DISPLAY" width="2533px" height="3782px"/>
			<graphic mimeType="pdf" url="Lbs%201%20fol./173/WEB_DISPLAY"/>
		</surface>
		<surface xml:id="Lbs02-0001-0085r" n="174">
			<desc>0085r</desc>
			<graphic mimeType="pdf" url="Lbs%201%20fol./174/HIGH_QUALITY_DISPLAY"/>
			<graphic mimeType="jpg" url="Lbs%201%20fol./174/THUMBNAIL" width="200px" height="298px"/>
			<graphic mimeType="jpg" url="Lbs%201%20fol./174/SECONDARY_DISPLAY" width="2534px" height="3782px"/>
			<graphic mimeType="pdf" url="Lbs%201%20fol./174/WEB_DISPLAY"/>
		</surface>
		<surface xml:id="Lbs02-0001-0085v" n="175">
			<desc>0085v</desc>
			<graphic mimeType="pdf" url="Lbs%201%20fol./175/HIGH_QUALITY_DISPLAY"/>
			<graphic mimeType="jpg" url="Lbs%201%20fol./175/THUMBNAIL" width="200px" height="297px"/>
			<graphic mimeType="jpg" url="Lbs%201%20fol./175/SECONDARY_DISPLAY" width="2541px" height="3768px"/>
			<graphic mimeType="pdf" url="Lbs%201%20fol./175/WEB_DISPLAY"/>
		</surface>
		<surface xml:id="Lbs02-0001-0086r" n="176">
			<desc>0086r</desc>
			<graphic mimeType="pdf" url="Lbs%201%20fol./176/HIGH_QUALITY_DISPLAY"/>
			<graphic mimeType="jpg" url="Lbs%201%20fol./176/THUMBNAIL" width="200px" height="297px"/>
			<graphic mimeType="jpg" url="Lbs%201%20fol./176/SECONDARY_DISPLAY" width="2541px" height="3768px"/>
			<graphic mimeType="pdf" url="Lbs%201%20fol./176/WEB_DISPLAY"/>
		</surface>
		<surface xml:id="Lbs02-0001-0086v" n="177">
			<desc>0086v</desc>
			<graphic mimeType="pdf" url="Lbs%201%20fol./177/HIGH_QUALITY_DISPLAY"/>
			<graphic mimeType="jpg" url="Lbs%201%20fol./177/THUMBNAIL" width="200px" height="295px"/>
			<graphic mimeType="jpg" url="Lbs%201%20fol./177/SECONDARY_DISPLAY" width="2552px" height="3766px"/>
			<graphic mimeType="pdf" url="Lbs%201%20fol./177/WEB_DISPLAY"/>
		</surface>
		<surface xml:id="Lbs02-0001-0087r" n="178">
			<desc>0087r</desc>
			<graphic mimeType="pdf" url="Lbs%201%20fol./178/HIGH_QUALITY_DISPLAY"/>
			<graphic mimeType="jpg" url="Lbs%201%20fol./178/THUMBNAIL" width="200px" height="295px"/>
			<graphic mimeType="jpg" url="Lbs%201%20fol./178/SECONDARY_DISPLAY" width="2552px" height="3766px"/>
			<graphic mimeType="pdf" url="Lbs%201%20fol./178/WEB_DISPLAY"/>
		</surface>
		<surface xml:id="Lbs02-0001-0087v" n="179">
			<desc>0087v</desc>
			<graphic mimeType="pdf" url="Lbs%201%20fol./179/HIGH_QUALITY_DISPLAY"/>
			<graphic mimeType="jpg" url="Lbs%201%20fol./179/THUMBNAIL" width="200px" height="297px"/>
			<graphic mimeType="jpg" url="Lbs%201%20fol./179/SECONDARY_DISPLAY" width="2535px" height="3766px"/>
			<graphic mimeType="pdf" url="Lbs%201%20fol./179/WEB_DISPLAY"/>
		</surface>
		<surface xml:id="Lbs02-0001-0088r" n="180">
			<desc>0088r</desc>
			<graphic mimeType="pdf" url="Lbs%201%20fol./180/HIGH_QUALITY_DISPLAY"/>
			<graphic mimeType="jpg" url="Lbs%201%20fol./180/THUMBNAIL" width="200px" height="297px"/>
			<graphic mimeType="jpg" url="Lbs%201%20fol./180/SECONDARY_DISPLAY" width="2535px" height="3766px"/>
			<graphic mimeType="pdf" url="Lbs%201%20fol./180/WEB_DISPLAY"/>
		</surface>
		<surface xml:id="Lbs02-0001-0088v" n="181">
			<desc>0088v</desc>
			<graphic mimeType="pdf" url="Lbs%201%20fol./181/HIGH_QUALITY_DISPLAY"/>
			<graphic mimeType="jpg" url="Lbs%201%20fol./181/THUMBNAIL" width="199px" height="300px"/>
			<graphic mimeType="jpg" url="Lbs%201%20fol./181/SECONDARY_DISPLAY" width="2520px" height="3793px"/>
			<graphic mimeType="pdf" url="Lbs%201%20fol./181/WEB_DISPLAY"/>
		</surface>
		<surface xml:id="Lbs02-0001-0089r" n="182">
			<desc>0089r</desc>
			<graphic mimeType="pdf" url="Lbs%201%20fol./182/HIGH_QUALITY_DISPLAY"/>
			<graphic mimeType="jpg" url="Lbs%201%20fol./182/THUMBNAIL" width="199px" height="300px"/>
			<graphic mimeType="jpg" url="Lbs%201%20fol./182/SECONDARY_DISPLAY" width="2521px" height="3793px"/>
			<graphic mimeType="pdf" url="Lbs%201%20fol./182/WEB_DISPLAY"/>
		</surface>
		<surface xml:id="Lbs02-0001-0089v" n="183">
			<desc>0089v</desc>
			<graphic mimeType="pdf" url="Lbs%201%20fol./183/HIGH_QUALITY_DISPLAY"/>
			<graphic mimeType="jpg" url="Lbs%201%20fol./183/THUMBNAIL" width="200px" height="298px"/>
			<graphic mimeType="jpg" url="Lbs%201%20fol./183/SECONDARY_DISPLAY" width="2537px" height="3788px"/>
			<graphic mimeType="pdf" url="Lbs%201%20fol./183/WEB_DISPLAY"/>
		</surface>
		<surface xml:id="Lbs02-0001-0090r" n="184">
			<desc>0090r</desc>
			<graphic mimeType="pdf" url="Lbs%201%20fol./184/HIGH_QUALITY_DISPLAY"/>
			<graphic mimeType="jpg" url="Lbs%201%20fol./184/THUMBNAIL" width="200px" height="298px"/>
			<graphic mimeType="jpg" url="Lbs%201%20fol./184/SECONDARY_DISPLAY" width="2538px" height="3788px"/>
			<graphic mimeType="pdf" url="Lbs%201%20fol./184/WEB_DISPLAY"/>
		</surface>
		<surface xml:id="Lbs02-0001-0090v" n="185">
			<desc>0090v</desc>
			<graphic mimeType="pdf" url="Lbs%201%20fol./185/HIGH_QUALITY_DISPLAY"/>
			<graphic mimeType="jpg" url="Lbs%201%20fol./185/THUMBNAIL" width="200px" height="299px"/>
			<graphic mimeType="jpg" url="Lbs%201%20fol./185/SECONDARY_DISPLAY" width="2521px" height="3776px"/>
			<graphic mimeType="pdf" url="Lbs%201%20fol./185/WEB_DISPLAY"/>
		</surface>
		<surface xml:id="Lbs02-0001-0091r" n="186">
			<desc>0091r</desc>
			<graphic mimeType="pdf" url="Lbs%201%20fol./186/HIGH_QUALITY_DISPLAY"/>
			<graphic mimeType="jpg" url="Lbs%201%20fol./186/THUMBNAIL" width="200px" height="299px"/>
			<graphic mimeType="jpg" url="Lbs%201%20fol./186/SECONDARY_DISPLAY" width="2521px" height="3776px"/>
			<graphic mimeType="pdf" url="Lbs%201%20fol./186/WEB_DISPLAY"/>
		</surface>
		<surface xml:id="Lbs02-0001-0091v" n="187">
			<desc>0091v</desc>
			<graphic mimeType="pdf" url="Lbs%201%20fol./187/HIGH_QUALITY_DISPLAY"/>
			<graphic mimeType="jpg" url="Lbs%201%20fol./187/THUMBNAIL" width="200px" height="299px"/>
			<graphic mimeType="jpg" url="Lbs%201%20fol./187/SECONDARY_DISPLAY" width="2518px" height="3768px"/>
			<graphic mimeType="pdf" url="Lbs%201%20fol./187/WEB_DISPLAY"/>
		</surface>
		<surface xml:id="Lbs02-0001-0092r" n="188">
			<desc>0092r</desc>
			<graphic mimeType="pdf" url="Lbs%201%20fol./188/HIGH_QUALITY_DISPLAY"/>
			<graphic mimeType="jpg" url="Lbs%201%20fol./188/THUMBNAIL" width="200px" height="299px"/>
			<graphic mimeType="jpg" url="Lbs%201%20fol./188/SECONDARY_DISPLAY" width="2518px" height="3768px"/>
			<graphic mimeType="pdf" url="Lbs%201%20fol./188/WEB_DISPLAY"/>
		</surface>
		<surface xml:id="Lbs02-0001-0092v" n="189">
			<desc>0092v</desc>
			<graphic mimeType="pdf" url="Lbs%201%20fol./189/HIGH_QUALITY_DISPLAY"/>
			<graphic mimeType="jpg" url="Lbs%201%20fol./189/THUMBNAIL" width="200px" height="300px"/>
			<graphic mimeType="jpg" url="Lbs%201%20fol./189/SECONDARY_DISPLAY" width="2517px" height="3775px"/>
			<graphic mimeType="pdf" url="Lbs%201%20fol./189/WEB_DISPLAY"/>
		</surface>
		<surface xml:id="Lbs02-0001-0093r" n="190">
			<desc>0093r</desc>
			<graphic mimeType="pdf" url="Lbs%201%20fol./190/HIGH_QUALITY_DISPLAY"/>
			<graphic mimeType="jpg" url="Lbs%201%20fol./190/THUMBNAIL" width="200px" height="300px"/>
			<graphic mimeType="jpg" url="Lbs%201%20fol./190/SECONDARY_DISPLAY" width="2517px" height="3775px"/>
			<graphic mimeType="pdf" url="Lbs%201%20fol./190/WEB_DISPLAY"/>
		</surface>
		<surface xml:id="Lbs02-0001-0093v" n="191">
			<desc>0093v</desc>
			<graphic mimeType="pdf" url="Lbs%201%20fol./191/HIGH_QUALITY_DISPLAY"/>
			<graphic mimeType="jpg" url="Lbs%201%20fol./191/THUMBNAIL" width="200px" height="300px"/>
			<graphic mimeType="jpg" url="Lbs%201%20fol./191/SECONDARY_DISPLAY" width="2522px" height="3782px"/>
			<graphic mimeType="pdf" url="Lbs%201%20fol./191/WEB_DISPLAY"/>
		</surface>
		<surface xml:id="Lbs02-0001-0094r" n="192">
			<desc>0094r</desc>
			<graphic mimeType="pdf" url="Lbs%201%20fol./192/HIGH_QUALITY_DISPLAY"/>
			<graphic mimeType="jpg" url="Lbs%201%20fol./192/THUMBNAIL" width="200px" height="300px"/>
			<graphic mimeType="jpg" url="Lbs%201%20fol./192/SECONDARY_DISPLAY" width="2523px" height="3782px"/>
			<graphic mimeType="pdf" url="Lbs%201%20fol./192/WEB_DISPLAY"/>
		</surface>
		<surface xml:id="Lbs02-0001-0094v" n="193">
			<desc>0094v</desc>
			<graphic mimeType="pdf" url="Lbs%201%20fol./193/HIGH_QUALITY_DISPLAY"/>
			<graphic mimeType="jpg" url="Lbs%201%20fol./193/THUMBNAIL" width="200px" height="299px"/>
			<graphic mimeType="jpg" url="Lbs%201%20fol./193/SECONDARY_DISPLAY" width="2525px" height="3775px"/>
			<graphic mimeType="pdf" url="Lbs%201%20fol./193/WEB_DISPLAY"/>
		</surface>
		<surface xml:id="Lbs02-0001-0095r" n="194">
			<desc>0095r</desc>
			<graphic mimeType="pdf" url="Lbs%201%20fol./194/HIGH_QUALITY_DISPLAY"/>
			<graphic mimeType="jpg" url="Lbs%201%20fol./194/THUMBNAIL" width="200px" height="299px"/>
			<graphic mimeType="jpg" url="Lbs%201%20fol./194/SECONDARY_DISPLAY" width="2525px" height="3775px"/>
			<graphic mimeType="pdf" url="Lbs%201%20fol./194/WEB_DISPLAY"/>
		</surface>
		<surface xml:id="Lbs02-0001-0095v" n="195">
			<desc>0095v</desc>
			<graphic mimeType="pdf" url="Lbs%201%20fol./195/HIGH_QUALITY_DISPLAY"/>
			<graphic mimeType="jpg" url="Lbs%201%20fol./195/THUMBNAIL" width="197px" height="300px"/>
			<graphic mimeType="jpg" url="Lbs%201%20fol./195/SECONDARY_DISPLAY" width="2508px" height="3820px"/>
			<graphic mimeType="pdf" url="Lbs%201%20fol./195/WEB_DISPLAY"/>
		</surface>
		<surface xml:id="Lbs02-0001-0096r" n="196">
			<desc>0096r</desc>
			<graphic mimeType="pdf" url="Lbs%201%20fol./196/HIGH_QUALITY_DISPLAY"/>
			<graphic mimeType="jpg" url="Lbs%201%20fol./196/THUMBNAIL" width="197px" height="300px"/>
			<graphic mimeType="jpg" url="Lbs%201%20fol./196/SECONDARY_DISPLAY" width="2509px" height="3820px"/>
			<graphic mimeType="pdf" url="Lbs%201%20fol./196/WEB_DISPLAY"/>
		</surface>
		<surface xml:id="Lbs02-0001-0096v" n="197">
			<desc>0096v</desc>
			<graphic mimeType="pdf" url="Lbs%201%20fol./197/HIGH_QUALITY_DISPLAY"/>
			<graphic mimeType="jpg" url="Lbs%201%20fol./197/THUMBNAIL" width="199px" height="300px"/>
			<graphic mimeType="jpg" url="Lbs%201%20fol./197/SECONDARY_DISPLAY" width="2514px" height="3786px"/>
			<graphic mimeType="pdf" url="Lbs%201%20fol./197/WEB_DISPLAY"/>
		</surface>
		<surface xml:id="Lbs02-0001-9901r-RFl" n="198">
			<desc>9901r-RFl</desc>
			<graphic mimeType="pdf" url="Lbs%201%20fol./198/HIGH_QUALITY_DISPLAY"/>
			<graphic mimeType="jpg" url="Lbs%201%20fol./198/THUMBNAIL" width="199px" height="300px"/>
			<graphic mimeType="jpg" url="Lbs%201%20fol./198/SECONDARY_DISPLAY" width="2515px" height="3786px"/>
			<graphic mimeType="pdf" url="Lbs%201%20fol./198/WEB_DISPLAY"/>
		</surface>
		<surface xml:id="Lbs02-0001-9901v-RFl" n="199">
			<desc>9901v-RFl</desc>
			<graphic mimeType="pdf" url="Lbs%201%20fol./199/HIGH_QUALITY_DISPLAY"/>
			<graphic mimeType="jpg" url="Lbs%201%20fol./199/THUMBNAIL" width="200px" height="296px"/>
			<graphic mimeType="jpg" url="Lbs%201%20fol./199/SECONDARY_DISPLAY" width="2569px" height="3802px"/>
			<graphic mimeType="pdf" url="Lbs%201%20fol./199/WEB_DISPLAY"/>
		</surface>
		<surface xml:id="Lbs02-0001-9902r-RFl" n="200">
			<desc>9902r-RFl</desc>
			<graphic mimeType="pdf" url="Lbs%201%20fol./200/HIGH_QUALITY_DISPLAY"/>
			<graphic mimeType="jpg" url="Lbs%201%20fol./200/THUMBNAIL" width="200px" height="296px"/>
			<graphic mimeType="jpg" url="Lbs%201%20fol./200/SECONDARY_DISPLAY" width="2569px" height="3802px"/>
			<graphic mimeType="pdf" url="Lbs%201%20fol./200/WEB_DISPLAY"/>
		</surface>
		<surface xml:id="Lbs02-0001-9902v-RFl" n="201">
			<desc>9902v-RFl</desc>
			<graphic mimeType="pdf" url="Lbs%201%20fol./201/HIGH_QUALITY_DISPLAY"/>
			<graphic mimeType="jpg" url="Lbs%201%20fol./201/THUMBNAIL" width="200px" height="291px"/>
			<graphic mimeType="jpg" url="Lbs%201%20fol./201/SECONDARY_DISPLAY" width="2599px" height="3784px"/>
			<graphic mimeType="pdf" url="Lbs%201%20fol./201/WEB_DISPLAY"/>
		</surface>
		<surface xml:id="Lbs02-0001-9999r-RB" n="202">
			<desc>9999r-RB</desc>
			<graphic mimeType="pdf" url="Lbs%201%20fol./202/HIGH_QUALITY_DISPLAY"/>
			<graphic mimeType="jpg" url="Lbs%201%20fol./202/THUMBNAIL" width="200px" height="294px"/>
			<graphic mimeType="jpg" url="Lbs%201%20fol./202/SECONDARY_DISPLAY" width="2782px" height="4087px"/>
			<graphic mimeType="pdf" url="Lbs%201%20fol./202/WEB_DISPLAY"/>
		</surface>
		<surface xml:id="Lbs02-0001-9999v-RB" n="203">
			<desc>9999v-RB</desc>
			<graphic mimeType="pdf" url="Lbs%201%20fol./203/HIGH_QUALITY_DISPLAY"/>
			<graphic mimeType="jpg" url="Lbs%201%20fol./203/THUMBNAIL" width="200px" height="287px"/>
			<graphic mimeType="jpg" url="Lbs%201%20fol./203/SECONDARY_DISPLAY" width="2902px" height="4159px"/>
			<graphic mimeType="pdf" url="Lbs%201%20fol./203/WEB_DISPLAY"/>
		</surface>
		<surface xml:id="Lbs02-0001-Spine" n="204">
			<desc>Spine</desc>
			<graphic mimeType="pdf" url="Lbs%201%20fol./204/HIGH_QUALITY_DISPLAY"/>
			<graphic mimeType="jpg" url="Lbs%201%20fol./204/THUMBNAIL" width="200px" height="131px"/>
			<graphic mimeType="jpg" url="Lbs%201%20fol./204/SECONDARY_DISPLAY" width="2835px" height="1864px"/>
			<graphic mimeType="pdf" url="Lbs%201%20fol./204/WEB_DISPLAY"/>
		</surface>
		<surface xml:id="Lbs02-0001-Fore-Edge" n="205">
			<desc>Fore-Edge</desc>
			<graphic mimeType="pdf" url="Lbs%201%20fol./205/HIGH_QUALITY_DISPLAY"/>
			<graphic mimeType="jpg" url="Lbs%201%20fol./205/THUMBNAIL" width="200px" height="134px"/>
			<graphic mimeType="jpg" url="Lbs%201%20fol./205/SECONDARY_DISPLAY" width="2835px" height="1903px"/>
			<graphic mimeType="pdf" url="Lbs%201%20fol./205/WEB_DISPLAY"/>
		</surface>
		<surface xml:id="Lbs02-0001-Scale" n="206">
			<desc>Scale</desc>
			<graphic mimeType="pdf" url="Lbs%201%20fol./206/HIGH_QUALITY_DISPLAY"/>
			<graphic mimeType="jpg" url="Lbs%201%20fol./206/THUMBNAIL" width="200px" height="239px"/>
			<graphic mimeType="jpg" url="Lbs%201%20fol./206/SECONDARY_DISPLAY" width="3455px" height="4128px"/>
			<graphic mimeType="pdf" url="Lbs%201%20fol./206/WEB_DISPLAY"/>
		</surface>
		<surface xml:id="Lbs02-0001-ccp" n="207">
			<desc>ccp</desc>
			<graphic mimeType="pdf" url="Lbs%201%20fol./207/HIGH_QUALITY_DISPLAY"/>
			<graphic mimeType="jpg" url="Lbs%201%20fol./207/THUMBNAIL" width="200px" height="161px"/>
			<graphic mimeType="jpg" url="Lbs%201%20fol./207/SECONDARY_DISPLAY" width="5173px" height="4152px"/>
			<graphic mimeType="pdf" url="Lbs%201%20fol./207/WEB_DISPLAY"/>
		</surface>
	</facsimile>
</TEI>
