<?xml version="1.0" encoding="UTF-8"?>
<?oxygen RNGSchema="http://www.handrit.is/schema/handrit-1.0.rnc" type="compact"?>
<TEI xmlns="http://www.tei-c.org/ns/1.0">
	<teiHeader>
		<fileDesc>
			<titleStmt>
				<title type="main">Lbs fragm 1</title>
				<title type="subordinate">Heiðarvíga saga, Ísland, 1350-1399</title>
			</titleStmt>
			<publicationStmt>
				<authority>Landsbókasafn Íslands - Háskólabókasafn</authority>
				<pubPlace>Reykjavík</pubPlace>
				<date when="2014-09-23">23. september 2014</date>
				<availability status="restricted">
					<p>Aðgangur aðeins mögulegur í fræðilegum tilgangi.</p>
				</availability>
			</publicationStmt>
			<sourceDesc>
				<msDesc xml:id="LbsFragm-0001-is" xml:lang="is">
					<msIdentifier>
						<country key="IS">Ísland</country>
						<settlement>Reykjavík</settlement>
						<institution>Landsbókasafn Íslands - Háskólabókasafn</institution>
						<repository>Handritasafn</repository>
						<collection>Skinnblöð Landsbókasafns</collection>
						<idno>Lbs fragm 1</idno>
						<msName>Heiðarvíga saga</msName>
					</msIdentifier>
					<msContents>
						<textLang mainLang="is">Íslenska</textLang>
						<msItem defective="true" class="isl">
							<title type="uniform">Heiðarvíga saga</title>
							<filiation>Blaðið sem vantar milli blaða 9 og 10 í Perg. 4to nr. 18 í
								konungsbókhlöðu í Stokkhólmi.</filiation>
							<bibl>Jón Helgason: <ref target="JonHelg1950">Blað Landsbókasafns úr Heiðarvíga
								sögu</ref> í Árbók 1950 (Landsbókasafn Íslands), <biblScope type="pages">127-135</biblScope>.</bibl>
						</msItem>
					</msContents>
					<physDesc>
						<objectDesc form="codex">
							<supportDesc material="perg">
								<support>
									<p>Skinn.</p>
								</support>
								<extent>1 blað (<dimensions scope="all" type="leaf" unit="mm">
										<height>220</height>
										<width>155</width>
									</dimensions>).</extent>
								<condition>Skorið á öllum jöðrum nema neðst á ytri spássíu; lesmál
									skert að ofan og neðan. Hefur verið utan um kver, og er fremri
									blaðsíða mjög máð og má heita ólesandi.</condition>
							</supportDesc>
						</objectDesc>
						<handDesc hands="2">
							<summary>Tvær hendur ; Skrifarar óþekktir.</summary>
							<handNote scope="sole" script="other"/>
						</handDesc>
					</physDesc>
					<history>
						<origin>
							<origPlace>Ísland</origPlace>
							<origDate cert="medium" notBefore="1350" notAfter="1399">á ofanverðri
								14. öld.</origDate>
						</origin>
						<provenance>
							<p>Komið til Landsbókasafns 1910 úr eigu <name type="person" key="SteJon005">Stefáns Jónssonar alþingismanns</name> á
								Steinsstöðum í Öxnadal.</p>
						</provenance>
					</history>
					<additional>
						<adminInfo>
							<recordHist>
								<source><name type="person" key="WolHes001">Wolfgang Hesse</name>
									skráði fyrir myndatöku, <date when="2014-09-23">23. september
										2014</date>.</source>
							</recordHist>
							<custodialHist>
								<custEvent type="check">
									<p>Athugað fyrir myndatöku <date when="2014-10">október
										2014</date>.</p>
								</custEvent>
								<custEvent type="photography">
									<p> Myndað í <date when="2014-10">október 2014</date>.</p>
								</custEvent>
							</custodialHist>
						</adminInfo>
						<surrogates>
							<p> Myndað fyrir handritavef í <date when="2014-10">október
								2014</date>.</p>
						</surrogates>
					</additional>
				</msDesc>
			</sourceDesc>
		</fileDesc>
	</teiHeader>
	<facsimile xml:base="https://myndir.handrit.is/file/Handrit.is/">
		<surface xml:id="LbsFragm-0001-0001r" n="0">
			<desc>0001r</desc>
			<graphic mimeType="pdf" url="Lbs%20fragm%201/0/HIGH_QUALITY_DISPLAY"/>
			<graphic mimeType="jpg" url="Lbs%20fragm%201/0/THUMBNAIL" width="200px" height="257px"/>
			<graphic mimeType="jpg" url="Lbs%20fragm%201/0/SECONDARY_DISPLAY" width="2204px" height="2832px"/>
			<graphic mimeType="pdf" url="Lbs%20fragm%201/0/WEB_DISPLAY"/>
		</surface>
		<surface xml:id="LbsFragm-0001-0001v" n="1">
			<desc>0001v</desc>
			<graphic mimeType="pdf" url="Lbs%20fragm%201/1/HIGH_QUALITY_DISPLAY"/>
			<graphic mimeType="jpg" url="Lbs%20fragm%201/1/THUMBNAIL" width="200px" height="259px"/>
			<graphic mimeType="jpg" url="Lbs%20fragm%201/1/SECONDARY_DISPLAY" width="2188px" height="2829px"/>
			<graphic mimeType="pdf" url="Lbs%20fragm%201/1/WEB_DISPLAY"/>
		</surface>
		<surface xml:id="LbsFragm-0001-Scale" n="2">
			<desc>Scale</desc>
			<graphic mimeType="pdf" url="Lbs%20fragm%201/2/HIGH_QUALITY_DISPLAY"/>
			<graphic mimeType="jpg" url="Lbs%20fragm%201/2/THUMBNAIL" width="200px" height="192px"/>
			<graphic mimeType="jpg" url="Lbs%20fragm%201/2/SECONDARY_DISPLAY" width="2942px" height="2830px"/>
			<graphic mimeType="pdf" url="Lbs%20fragm%201/2/WEB_DISPLAY"/>
		</surface>
		<surface xml:id="LbsFragm-0001-ccp" n="3">
			<desc>ccp</desc>
			<graphic mimeType="pdf" url="Lbs%20fragm%201/3/HIGH_QUALITY_DISPLAY"/>
			<graphic mimeType="jpg" url="Lbs%20fragm%201/3/THUMBNAIL" width="200px" height="145px"/>
			<graphic mimeType="jpg" url="Lbs%20fragm%201/3/SECONDARY_DISPLAY" width="4680px" height="3402px"/>
			<graphic mimeType="pdf" url="Lbs%20fragm%201/3/WEB_DISPLAY"/>
		</surface>
	</facsimile>
</TEI>