<?xml version="1.0" encoding="UTF-8"?>
<?oxygen RNGSchema="http://www.handrit.is/schema/handrit-1.0.rnc" type="compact"?><TEI xmlns="http://www.tei-c.org/ns/1.0">
   <teiHeader>
      <fileDesc>
         <titleStmt>
            <title type="main">Rask 4</title>
         </titleStmt>
         <publicationStmt>
            <authority>Den Arnamagnæanske Samling</authority>
            <pubPlace>København</pubPlace>
         </publicationStmt>
         <sourceDesc>
            <msDesc xml:id="Rask004-da" xml:lang="da">
               <msIdentifier>
                  <country>Danmark</country>
                  <settlement>København</settlement>
                  <repository>Den Arnamagnæanske Samling</repository>
                  <idno>Rask 4</idno>
                  <altIdentifier type="internal" subtype="KKKat">
                     <idno>2574</idno>
                  </altIdentifier>
               </msIdentifier>
               <head>
                  <title type="supplied">Lexicon Islandico-Latino-Danicum</title>;
        <origPlace>Danmark?</origPlace> 
                  <origDate notBefore="1750" notAfter="1799">s. XVIII
        2/2</origDate>.</head>
               <msContents>
                  <msItem>
                     <author>
                        <name type="person" key="BjoHal002">Björn Halldórsson</name>
                     </author>
                     <textLang mainLang="is" otherLangs="la da">Islandsk, latin og dansk</textLang>
                     <note>Med indskud af <name type="person" key="JonOla012">Jón
         Ólafsson</name> fra Svefneyar.</note>
                  </msItem>
               </msContents>
               <physDesc>
                  <objectDesc form="codex">
                     <supportDesc material="chart">
                        <support>
                           <p>Papir.</p>
                        </support>
                        <extent>327. <dimensions type="leaf" scope="all">
                              <height>330</height>
                              <width>202</width>
                           </dimensions>.</extent>
                     </supportDesc>
                  </objectDesc>
                  <handDesc hands="1">
                     <handNote scope="sole" scribe="BjoHal002" script="unknown">
                        <p>Skrevet af forfatteren Björn Halldórsson.</p>
                     </handNote>
                  </handDesc>
                  <additions>
                     <p>Bl. 62, 73, 105, 143, 152, 183, 191 og 284 er indskudt eller indlagt og af mere eller
                mindre uregelmæssigt format.</p>
                  </additions>
               </physDesc>
            </msDesc>
         </sourceDesc>
      </fileDesc>
   </teiHeader>
   <facsimile>
      <surface/>
   </facsimile>
</TEI>