<?xml version="1.0" encoding="UTF-8"?>
<?oxygen RNGSchema="http://www.handrit.is/schema/handrit-1.0.rnc" type="compact"?>
<TEI xmlns="http://www.tei-c.org/ns/1.0">
    <teiHeader>
        <fileDesc>
            <titleStmt>
                <title>Handritaskrá Árnastofnunar</title>
            </titleStmt>
            <publicationStmt>
                <p>Tilraunaútgáfa</p>
            </publicationStmt>
            <sourceDesc>
                <msDesc xml:lang="is" xml:id="SAM04-0009-is">
                    <msIdentifier>
                        <country key="IS">Ísland</country>
                        <settlement>Reykjavík</settlement>
                        <institution>Stofnun Árna Magnússonar í íslenskum fræðum</institution>
                        <repository>Handritasvið</repository>
                        <collection>Safn Stofnunar Árna Magnússonar á Íslandi</collection>
                        <idno>SÁM 9</idno>
                        <altIdentifier type="former">
                            <idno>HÍ 9</idno>
                        </altIdentifier>
                    </msIdentifier>

                    <msContents xml:lang="is">
                        <summary>
                            <title type="supplied">Rímur og vikubænir</title>
                            <note>Samsett úr þremur handritum.</note>
                        </summary>
                        <!-- Ath. enn fremur blaðleifar í umslagi. biðja Herstein að laga og svo bæta við skráningu ÞS -->
                    </msContents>

                    <physDesc>
                        <objectDesc form="codex">
                            <supportDesc material="chart">
                                <support>Pappír.</support>
                                <extent>54 blöð.</extent>
                                <foliation>
                                    <p>Seinni tíma blýantsblaðmerking 1-54.</p>
                                </foliation>
                                <condition>
                                    <p>Blöð hafa glatast úr báðum rímunum en af bænunum er aðeins
                                        varðveitt hér eitt stakt blað sem lá laust í handritinu
                                        þegar það var afhent stofnuninni.</p>
                                </condition>
                            </supportDesc>
                        </objectDesc>

                        <bindingDesc>
                            <binding contemporary="unknown">
                                <p>Handritið er laust úr bandi en með því liggur band úr tréspjöldum
                                    klæddum skinni (<dimensions type="binding" scope="all" unit="mm">
                                        <height>164</height>
                                        <width>100</width>
                                        <depth>19</depth>
                                    </dimensions>). </p>
                            </binding>
                        </bindingDesc>
                    </physDesc>

                    <history>
                        <origin notBefore="1700" notAfter="1799" evidence="conjecture" cert="medium">
                            <p>Handritin voru skrifuð á <origPlace key="IS">Íslandi</origPlace> á <origDate notBefore="1700" notAfter="1799"> 18. öld</origDate>.
                                Annar hlutinn var skrifaður árið 1746, fyrsti hlutinn líklega á s.hl. 18. aldar,
                                en sá þriðji á f. hl. aldarinnar.</p>
                        </origin>
                        <provenance>
                            <p>Á bl. <locus from="15v" to="15v">15v</locus>: <q>
                                    <name type="person">Halldór Jónsson</name> á <name type="place"
                                        >Meðaldal</name> held ég eigi þessa bók með réttu.</q> Enn
                                fremur nafnið <name type="person">Magnús Halldórsson</name>. Hinum
                                fyrrnefnda er einnig eignuð bókin á bl. <locus from="16r" to="16r"
                                    >16r</locus>.</p>
                        </provenance>
                        <acquisition when="1968">
                            <p>Handritið var keypt af <name type="person" key="JohOla003">Jóhanni
                                    Gunnari Ólafssyni</name> bæjarfógeta á <name type="place"
                                    >Ísafirði</name> um 1968.</p>
                        </acquisition>
                    </history>

                    <additional>
                        <adminInfo>
                            <recordHist>
                                <source>
                                    <p>
                                        <name type="person" key="ThoSig001">ÞS</name> skráði
                                        handritið <date when="2008-07-22">22. júlí 2008</date> og <date when="2010-05-17">17. maí 2010</date> (sjá
                                        einnig óprentaða bráðabirgðaskrá Árnastofnunar). </p>
                                </source>
                            </recordHist>

                            <custodialHist>
                                <custEvent type="conservation" when="1968">
                                    <p>Blöð handrits eru límd á sýrulausan pappír eftir 1968.</p>
                                </custEvent>
                            </custodialHist>
                        </adminInfo>
                    </additional>

                    <msPart n="1">
                        <altIdentifier type="partial">
                            <idno>SÁM 9 I</idno>
                        </altIdentifier>
                        <msContents xml:lang="is">
                            <textLang mainLang="is">Íslenska</textLang>
                            <msItem n="1" defective="true" class="rimur">
                                <locus from="1r" to="30v">1r-30v</locus>
                                <title type="uniform" xml:lang="is">Rímur af Geirharð</title>
                                <rubric>Rímur af Geirhalli jarli</rubric>
                                <incipit type="upphaf">Því eru skáldin skipuð og sett …</incipit>
                                <explicit>… þagna skal ég með öllu.</explicit>
                                <note>
                                    <p>8 rímur. Óheilar.</p>
                                </note>
                            </msItem>

                            <msItem n="2" class="laus" defective="false">
                                <locus from="16r" to="16r">16r</locus>
                                <title type="supplied">Lausavísa</title>
                                <incipit type="upphaf">Virtu þetta vel fyrir mér …</incipit>
                                <explicit>… hjartans vinur blíði.</explicit>
                            </msItem>
                        </msContents>

                        <physDesc>
                            <objectDesc form="codex">
                                <supportDesc material="chart">
                                    <extent>30 bl.</extent>
                                    <condition>
                                        <p>Texti hefur víða morknað af eða er máður og ólæsilegur. Einnig virðist vanta blöð í handritið.</p><!-- á eftir að kanna betur ÞS -->
                                    </condition>
                                </supportDesc>
                                <layoutDesc>
                                    <layout columns="1">
                                        <p>Eindálka.</p>
                                        <p>
                                            <catchwords>Griporð.</catchwords>
                                        </p>
                                    </layout>
                                </layoutDesc>
                            </objectDesc>
                            <handDesc hands="1">
                                <handNote script="kurrent" scope="sole" scribe="unknown">Óþekktur
                                    skrifari, síðfljótaskrift.</handNote>
                            </handDesc>
                            <additions>Á bl. <locus from="15v" to="15v">15v</locus> og <locus
                                    from="16r" to="16r">16r</locus> eru athugasemdir um eiganda,
                                lausavísa og pennakrot en þessar síður virðast hafa verið skildar
                                eftir auðar af skrifara.</additions>
                        </physDesc>
                    </msPart>

                    <msPart n="2">
                        <altIdentifier type="partial">
                            <idno>SÁM 9 II</idno>
                        </altIdentifier>
                        <msContents xml:lang="is">
                            <textLang mainLang="is">Íslenska</textLang>
                            <msItem n="1" defective="true" class="rimur">
                                <locus from="31r" to="53v">31r-53v</locus>
                                <author key="GudErl001">[Guðmundur Erlendsson]</author>
                                <title type="uniform" xml:lang="is">Rímur af þeim nafnkennda
                                    landsdómara Pontió Pílató</title>
                                <incipit defective="true">… hófa nöðrum / liðinu sundur líka
                                    sk[ipti] …</incipit>
                                <explicit>… og fínt er að lenda skútu.</explicit>
                                <colophon>Hér enda þ[00000] Pílati rímur anno 1746.</colophon>
                                <note>Vantar framan af. Hefst í 15. erindi fyrstu rímu.</note>
                            </msItem>
                        </msContents>

                        <physDesc>
                            <objectDesc form="codex">
                                <supportDesc material="chart">
                                    <extent>23 blöð.</extent>
                                    <condition>Orð hafa víða morknað af eða eru máð og
                                    ólæsileg. Einnig vantar blöð framan af handritinu.</condition>
                                </supportDesc>
                            </objectDesc>
                            <handDesc hands="2">
                                <summary>Tvær hendur.</summary>
                                <handNote scribe="unknown" scope="major" script="kurrent">Bl. 51r-39v, 46r-49v og 52r-53v: Óþekktur
                                skrifari, fljótaskrift.</handNote>
                                <handNote scope="minor" script="humcursiva" scribe="unknown">Bl. 40r-45v og 49v-51v: Óþekktur skrifari, snarhönd.</handNote>
                            </handDesc>
                        </physDesc>
                    </msPart>

                    <msPart n="3">
                        <altIdentifier type="partial">
                            <idno>SÁM 9 III</idno>
                        </altIdentifier>
                        <msContents>
                            <msItem n="1" defective="true" class="ban">
                                <locus from="54r" to="54v">54r-v</locus>
                                <title type="supplied" xml:lang="is">Vikubænir</title>
                                <note>Aðeins niðurlag sunnudags kvöldbænar og upphaf mánudags
                                    morgunbænar.</note>
                                <incipit defective="true">… [þ]inni vara tekt í nótt og hvörri nótt
                                    …</incipit>
                                <explicit defective="true">… h. anda í mitt hjarta …</explicit>
                            </msItem>
                        </msContents>

                        <physDesc>
                            <objectDesc form="codex">
                                <supportDesc material="chart">
                                    <extent>1 blað.</extent>
                                    <condition>
                                        <p>
                                            <list>
                                                <item>Vantar bæði framan og aftan af handritinu.</item>
                                                <item>Orð hafa víða morknað af eða eru máð og
                                                  ólæsileg.</item>
                                            </list>
                                        </p>
                                    </condition>
                                </supportDesc>
                                <layoutDesc>
                                    <layout columns="1">
                                        <p>Eindálka.</p>
                                        <p><catchwords>Griporð.</catchwords></p>
                                    </layout>
                                </layoutDesc>
                            </objectDesc>
                            <handDesc hands="1">
                                <handNote scope="sole" script="kanzlei" scribe="unknown">Óþekktur skrifari, kansellískrift.</handNote>
                            </handDesc>
                        </physDesc>
                    </msPart>

                </msDesc>
            </sourceDesc>
        </fileDesc>
    </teiHeader>
    <facsimile xml:base="http://www.ImageDirectory.is">
        <surface> </surface>
    </facsimile>
</TEI>
