<?xml version="1.0" encoding="UTF-8"?>
<?oxygen RNGSchema="http://www.handrit.is/schema/handrit-1.0.rnc" type="compact"?>
<TEI xmlns="http://www.tei-c.org/ns/1.0">
   <teiHeader>
      <fileDesc>
         <titleStmt>
            <title>Handritaskrá Árnastofnunar</title>
         </titleStmt>
         <publicationStmt>
            <p>Tilraunaútgáfa</p>
         </publicationStmt>
         <sourceDesc>
            <msDesc xml:lang="is" xml:id="SAM08-0011-is">
               <msIdentifier>
                  <country key="IS">Ísland</country>
                  <settlement>Reykjavík</settlement>
                  <institution>Stofnun Árna Magnússonar í íslenskum fræðum</institution>
                  <repository>Handritasvið</repository>
                  <collection>Safn Árna Magnússonar</collection>
                  <idno>SÁM 11</idno>
               </msIdentifier>
              
               <msContents xml:lang="is">
                  <summary><title type="uniform">Rímur af Vilmundi viðutan</title> og <title type="uniform">Einvaldsóður</title></summary>
                  <textLang mainLang="is">Íslenska</textLang>
                  <msItem n="1" class="rimur" defective="false">
                     <locus from="1r" to="50r">1r-50r</locus>
                     <author key="GudJon021">Guðni Jónsson í Fljótstungu</author>
                     <title type="uniform">Rímur af Vilmundi viðutan</title>
                     <rubric>Rímur af Vilmundi Viðutan og Hjaranda
                        fóstbræðrum kveðnar árið MDCCCXV</rubric>
                     <incipit type="upphaf">Hallar fornu tvíblinds til …</incipit>
                     <explicit>… flestum brast með togum.</explicit>
                     <note>10 rímur.</note>
                     <note>Titilsíða á bl. <locus from="1r" to="1r">1r</locus>.</note>
                  </msItem>
                  
                  <msItem n="2" class="kvad" defective="false">
                     <locus from="51r" to="70r">51r-70r</locus>
                     <author key="GudErl001">Guðmundur Erlendsson í Felli</author>
                     <title type="uniform">Einvaldsóður</title>
                     <rubric>Kvæðið Einvaldsóður um þær fjórar Einvaldsstjórnir í 6 bálka samantekinn
                        Anno 1658</rubric>
                     <incipit type="upphaf">Ljós fer að leggja …</incipit>
                     <explicit>… einnin hinum er orð mín þuldu.</explicit>
                  </msItem>
               </msContents>
               <physDesc>
                  <objectDesc form="codex">
                     <supportDesc material="chart">
                        <support>Pappír.</support>
                        <extent>i + 70 + i blöð í oktavó (<dimensions type="leaf" unit="mm"
                              scope="all">
                              <height>168</height>
                              <width>103</width>
                        </dimensions>). Bl. <locus from="1v" to="1v">1v</locus> að mestu autt. Bl. <locus from="50v" to="50v">50v</locus> autt.</extent>
                        <collation>
                           <p>Níu kver:<list>
                                 <item n="1">Kver I: 8 blöð, 4 tvinn.</item>
                                 <item n="2">Kver II: 8 blöð, 4 tvinn.</item>
                                 <item n="3">Kver III: 8 blöð, 4 tvinn.</item>
                                 <item n="4">Kver IV: 8 blöð, 4 tvinn.</item>
                                 <item n="5">Kver V: 8 blöð, 4 tvinn.</item>
                                 <item n="6">Kver VI: 10 blöð, 5 tvinn.</item>
                                 <item n="7">Kver VII: 8 blöð, 4 tvinn.</item>
                                 <item n="8">Kver VIII: 8 blöð, 4 tvinn.</item>
                                 <item n="9">Kver IX: 4 blöð, 2 tvinn.</item>
                              </list>
                           </p>
                        </collation>
                        <condition>
                           <p>
                              <list>
                                 <item n="1">Gömul viðgerð við bl. <locus from="17r" to="17v">17</locus> og <locus from="24r" to="24v">24</locus> og <locus from="41r" to="41v">41</locus> og <locus from="50r" to="50v">50</locus>.</item>
                                 <item n="2">Bl. <locus from="3r" to="6v">3-6</locus> rifin neðst.</item>
                                 <item n="3">Rakablettir eru víða ofarlega á blöðum
                                 handritsins.</item>
                              </list>
                           </p>
                        </condition>
                     </supportDesc>
                     <layoutDesc>
                        <layout columns="1" writtenLines="21 29">
                           <p>
                              <list>
                                 <item>Eindálka.</item>
                                 <item n="1">Leturflötur er <dimensions type="written" unit="mm"
                                       scope="all">
                                       <height>135-142</height>
                                       <width>78-82</width>
                                    </dimensions>.</item>
                                 <item n="2">Línufjöldi er 21-29.</item>
                                 <item n="3">Víðast <catchwords>griporð</catchwords>, þó ekki alltaf
                                    í stöðu griporðs, heldur neðstu línu.</item>
                              </list>
                           </p>
                        </layout>
                     </layoutDesc>
                  </objectDesc>
                  <handDesc hands="1">
                     <handNote scope="sole" script="other" scribe="unknown">Óþekktur skrifari.</handNote>
                     <!-- ath. skrift -->
                  </handDesc>
                  <decoDesc>
                     <decoNote type="secondary" subtype="flourished">
                        <p>Pennaflúraðir stafir á titilsíðu (<locus from="1r" to="1r">1r</locus>).</p>
                     </decoNote>
                     <decoNote type="initial" subtype="flourished">
                        <p>Pennaflúraðir upphafsstafir á stöku stað.</p>
                     </decoNote>
                  </decoDesc>
                  <additions>
                     <p>
                        <list>
                           <item n="1">Leiðréttingar með hendi skrifara á spássíum bl. <locus from="17v" to="17v">17v</locus> og <locus from="56r" to="56r">56r</locus>.</item>
                           <item n="2">Nafnið <name type="person">Guðný Björnsdóttir</name> á bl. <locus from="70v" to="70v">70v</locus>.</item>
                           <item n="3">Bæjarnafnið <name type="place">Þverá í
                              Reykjahverfi</name> kemur fyrir á <locus from="0001r-FFl" to="0001r-FFl">fremra</locus> og <locus from="9901r-RFl" to="9901r-RFl">aftara saurbl.</locus></item>
                        </list>
                     </p>
                  </additions>
                  <bindingDesc>
                     <binding notBefore="1851" notAfter="1899" contemporary="true">
                        <p>Band frá 1851-1900, e.t.v. samtímaband (<dimensions type="binding"
                              unit="mm" scope="all">
                              <height>175</height>
                              <width>104</width>
                              <depth>18</depth>
                           </dimensions>). Tréspjöld og kjölur klædd skinni, blindþrykktu. Kjölur
                           lítillega upphleyptur á uppistöðum. Spjaldbl. og saurbl. eru blöð úr <bibl>
                              <ref>Annaler for nordisk oldkyndighed og historie</ref>
                           </bibl>, sem kom út í Kaupmannahöfn 1851.</p>
                     </binding>
                  </bindingDesc>
                  <accMat>
                     <p>Fastur seðill á <locus>fremra spjaldbl.</locus>, frá <name type="person" key="JonSam001">Jóni
                        Samsonarsyni</name>, með upplýsingum um feril.</p>
                  </accMat>
               </physDesc>
               <history>
                  <origin notBefore="1850" notAfter="1899" cert="high" evidence="conjecture">
                     <p>Handritið var skrifað á <origPlace key="IS">Íslandi</origPlace> ca <origDate notBefore="1850" notAfter="1899">1850-1900</origDate>, en skriftin á því bendir til seinni
                        helmings 19. aldar.</p>
                  </origin>
                  <provenance>
                     <p>Á bl. <locus from="70v" to="70v">70v</locus> er nafn <name type="person">Guðnýjar Björnsdóttur</name> (1829-1916),
                        húsfreyju á <name type="place">Þverá í Reykjahverfi</name>, sem bendir til að hún hafi verið eigandi
                        handritsins. Ekki er vitað hvernig það barst til <name type="person"
                           >Valdimars Hólm</name> kaupmanns á <name type="place">Húsavík</name>, en
                        þaðan barst það Handritastofnun Íslands.</p>
                  </provenance>
                  <acquisition when="1969-08-11">
                     <p>Handritastofnun Íslands fékk handritið að gjöf frá <name type="person"
                           >Valdimar Hólm</name> kaupmanni á <name type="place">Húsavík</name> 11.
                        ágúst 1969.</p>
                  </acquisition>
               </history>
               <additional>
                  <adminInfo>
                     <recordHist>
                        <source>
                           <p>
                              <name key="GudIng001" type="person">GI</name> skráði <date
                                 when="2003-09-22">22. september 2003</date>, sjá einnig óprentaða
                                 bráðabirgðaskrá Árnastofnunar.</p>
                           <p><name type="person" key="ThoSig001">ÞS</name> jók við og lagfærði samkvæmt reglum TEIP5 <date when="2010-05-14">14. maí 2010</date> og <date when="2017-07-14">14. júlí 2017</date>.</p>
                        </source>
                     </recordHist>
                  </adminInfo>
                  <surrogates>
                     <p/>
                  </surrogates>
                  <listBibl>
                     <bibl/>
                  </listBibl>
               </additional>
            </msDesc>
         </sourceDesc>
      </fileDesc>
   </teiHeader>
   <facsimile xml:base="http://www.ImageDirectory.is">
      <surface> </surface>
   </facsimile>
</TEI>
