<?xml version="1.0" encoding="UTF-8"?>
<?oxygen RNGSchema="http://www.handrit.is/schema/handrit-1.0.rnc" type="compact"?>
<TEI xmlns="http://www.tei-c.org/ns/1.0">
	<teiHeader>
		<fileDesc>
			<titleStmt>
				<title type="main">Ávarp til Alþingis frá kvennafundinum 1915</title>
				<title type="subordinate">Ávarp til Alþingis frá kvennafundinum í Reykjavík 7. júlí 1915</title>
			</titleStmt>
			<publicationStmt>
				<authority>Landsbókasafn Íslands - Háskólabókasafn</authority>
				<pubPlace>Reykjavík</pubPlace>
				<date when="2015-01-23">23. janúar 2015</date>
				<availability status="restricted">
					<p>Aðgangur aðeins mögulegur í fræðilegum tilgangi. </p>
				</availability>
			</publicationStmt>
			<sourceDesc>
				<msDesc xml:id="Skjol-1915-5-15-is" xml:lang="is">
					<msIdentifier>
						<country key="IS">Ísland</country>
						<settlement>Reykjavík</settlement>
						<institution>Alþingi Íslendinga</institution>
						<repository>Skjalasafn Alþingis</repository>
						<collection>Sþ.</collection>
						<idno>Skjöl 1915 5/15</idno>
						<altIdentifier type="internal">
							<idno/>
						</altIdentifier>
					</msIdentifier>

					<msContents>
						<textLang mainLang="is">Íslenska</textLang>
						<msItem defective="false" class="stjornmal">
							<title type="supplied">Ávarp til Alþingis frá kvennafundinum í Reykjavík 7. júlí 1915</title>
						</msItem>
					</msContents>
					<physDesc>
						<objectDesc form="codex">
							<supportDesc material="chart">
								<support>
									<p>Pappír.</p>
								</support>
								<extent>i+ 4 + i blöð (<dimensions scope="all" type="leaf" unit="mm">
										<height>390</height>
										<width>250</width>
									</dimensions>).</extent>
							</supportDesc>
						</objectDesc>
						<handDesc hands="9">
							<summary>Margar hendur ; Skrifari óþekktur.</summary>
							<handNote scope="sole" script="other"/>
						</handDesc>
					</physDesc>
					<history>
						<origin>
							<origPlace>Ísland</origPlace>
							<origDate cert="high" when="1915">1915.</origDate>
						</origin>
					</history>
					<additional>
						<adminInfo>
							<recordHist>
								<source>
									<p><name type="person" key="HalKri001">Halldóra Kristinsdóttir</name>
										skráði fyrir myndatöku, <date when="2015-01-23">23. janúar 2015</date>.</p>
								</source>
							</recordHist>
							<custodialHist>
								<custEvent type="check">
									<p>Athugað fyrir myndatöku <date when="2015-01-23">23. janúar
										2015</date>.</p>
								</custEvent>
								<custEvent type="photography">
									<p>Myndað í <date when="2015-01">janúar 2015</date>.</p>
								</custEvent>
							</custodialHist>
						</adminInfo>
						<surrogates>
							<p>Myndað fyrir handritavef í <date when="2015-01">janúar 2015</date>.</p>
						</surrogates>
					</additional>
				</msDesc>
			</sourceDesc>
		</fileDesc>
	</teiHeader>
	<facsimile xml:base="https://myndir.handrit.is/file/Handrit.is/">
		<surface xml:id="Skjol-1915-5-15-0000r-FB" n="0">
			<desc>0000r-FB</desc>
			<graphic mimeType="pdf" url="Skj%C3%B6l%201915%205%2F15/0/HIGH_QUALITY_DISPLAY"/>
			<graphic mimeType="jpg" url="Skj%C3%B6l%201915%205%2F15/0/THUMBNAIL" width="200px" height="255px"/>
			<graphic mimeType="jpg" url="Skj%C3%B6l%201915%205%2F15/0/SECONDARY_DISPLAY" width="4023px" height="5124px"/>
			<graphic mimeType="pdf" url="Skj%C3%B6l%201915%205%2F15/0/WEB_DISPLAY"/>
		</surface>
		<surface xml:id="Skjol-1915-5-15-0000v-FB" n="1">
			<desc>0000v-FB</desc>
			<graphic mimeType="pdf" url="Skj%C3%B6l%201915%205%2F15/1/HIGH_QUALITY_DISPLAY"/>
			<graphic mimeType="jpg" url="Skj%C3%B6l%201915%205%2F15/1/THUMBNAIL" width="200px" height="296px"/>
			<graphic mimeType="jpg" url="Skj%C3%B6l%201915%205%2F15/1/SECONDARY_DISPLAY" width="3379px" height="5008px"/>
			<graphic mimeType="pdf" url="Skj%C3%B6l%201915%205%2F15/1/WEB_DISPLAY"/>
		</surface>
		<surface xml:id="Skjol-1915-5-15-0001r-FFl" n="2">
			<desc>0001r-FFl</desc>
			<graphic mimeType="pdf" url="Skj%C3%B6l%201915%205%2F15/2/HIGH_QUALITY_DISPLAY"/>
			<graphic mimeType="jpg" url="Skj%C3%B6l%201915%205%2F15/2/THUMBNAIL" width="200px" height="296px"/>
			<graphic mimeType="jpg" url="Skj%C3%B6l%201915%205%2F15/2/SECONDARY_DISPLAY" width="3379px" height="5008px"/>
			<graphic mimeType="pdf" url="Skj%C3%B6l%201915%205%2F15/2/WEB_DISPLAY"/>
		</surface>
		<surface xml:id="Skjol-1915-5-15-0001v-FFl" n="3">
			<desc>0001v-FFl</desc>
			<graphic mimeType="pdf" url="Skj%C3%B6l%201915%205%2F15/3/HIGH_QUALITY_DISPLAY"/>
			<graphic mimeType="jpg" url="Skj%C3%B6l%201915%205%2F15/3/THUMBNAIL" width="198px" height="300px"/>
			<graphic mimeType="jpg" url="Skj%C3%B6l%201915%205%2F15/3/SECONDARY_DISPLAY" width="3257px" height="4928px"/>
			<graphic mimeType="pdf" url="Skj%C3%B6l%201915%205%2F15/3/WEB_DISPLAY"/>
		</surface>
		<surface xml:id="Skjol-1915-5-15-0001r" n="4">
			<desc>0001r</desc>
			<graphic mimeType="pdf" url="Skj%C3%B6l%201915%205%2F15/4/HIGH_QUALITY_DISPLAY"/>
			<graphic mimeType="jpg" url="Skj%C3%B6l%201915%205%2F15/4/THUMBNAIL" width="198px" height="300px"/>
			<graphic mimeType="jpg" url="Skj%C3%B6l%201915%205%2F15/4/SECONDARY_DISPLAY" width="3257px" height="4928px"/>
			<graphic mimeType="pdf" url="Skj%C3%B6l%201915%205%2F15/4/WEB_DISPLAY"/>
		</surface>
		<surface xml:id="Skjol-1915-5-15-0001v" n="5">
			<desc>0001v</desc>
			<graphic mimeType="pdf" url="Skj%C3%B6l%201915%205%2F15/5/HIGH_QUALITY_DISPLAY"/>
			<graphic mimeType="jpg" url="Skj%C3%B6l%201915%205%2F15/5/THUMBNAIL" width="196px" height="300px"/>
			<graphic mimeType="jpg" url="Skj%C3%B6l%201915%205%2F15/5/SECONDARY_DISPLAY" width="3225px" height="4939px"/>
			<graphic mimeType="pdf" url="Skj%C3%B6l%201915%205%2F15/5/WEB_DISPLAY"/>
		</surface>
		<surface xml:id="Skjol-1915-5-15-0002r" n="6">
			<desc>0002r</desc>
			<graphic mimeType="pdf" url="Skj%C3%B6l%201915%205%2F15/6/HIGH_QUALITY_DISPLAY"/>
			<graphic mimeType="jpg" url="Skj%C3%B6l%201915%205%2F15/6/THUMBNAIL" width="196px" height="300px"/>
			<graphic mimeType="jpg" url="Skj%C3%B6l%201915%205%2F15/6/SECONDARY_DISPLAY" width="3225px" height="4939px"/>
			<graphic mimeType="pdf" url="Skj%C3%B6l%201915%205%2F15/6/WEB_DISPLAY"/>
		</surface>
		<surface xml:id="Skjol-1915-5-15-0002v" n="7">
			<desc>0002v</desc>
			<graphic mimeType="pdf" url="Skj%C3%B6l%201915%205%2F15/7/HIGH_QUALITY_DISPLAY"/>
			<graphic mimeType="jpg" url="Skj%C3%B6l%201915%205%2F15/7/THUMBNAIL" width="195px" height="300px"/>
			<graphic mimeType="jpg" url="Skj%C3%B6l%201915%205%2F15/7/SECONDARY_DISPLAY" width="3217px" height="4944px"/>
			<graphic mimeType="pdf" url="Skj%C3%B6l%201915%205%2F15/7/WEB_DISPLAY"/>
		</surface>
		<surface xml:id="Skjol-1915-5-15-0003r" n="8">
			<desc>0003r</desc>
			<graphic mimeType="pdf" url="Skj%C3%B6l%201915%205%2F15/8/HIGH_QUALITY_DISPLAY"/>
			<graphic mimeType="jpg" url="Skj%C3%B6l%201915%205%2F15/8/THUMBNAIL" width="195px" height="300px"/>
			<graphic mimeType="jpg" url="Skj%C3%B6l%201915%205%2F15/8/SECONDARY_DISPLAY" width="3217px" height="4944px"/>
			<graphic mimeType="pdf" url="Skj%C3%B6l%201915%205%2F15/8/WEB_DISPLAY"/>
		</surface>
		<surface xml:id="Skjol-1915-5-15-0003v" n="9">
			<desc>0003v</desc>
			<graphic mimeType="pdf" url="Skj%C3%B6l%201915%205%2F15/9/HIGH_QUALITY_DISPLAY"/>
			<graphic mimeType="jpg" url="Skj%C3%B6l%201915%205%2F15/9/THUMBNAIL" width="196px" height="300px"/>
			<graphic mimeType="jpg" url="Skj%C3%B6l%201915%205%2F15/9/SECONDARY_DISPLAY" width="3253px" height="4976px"/>
			<graphic mimeType="pdf" url="Skj%C3%B6l%201915%205%2F15/9/WEB_DISPLAY"/>
		</surface>
		<surface xml:id="Skjol-1915-5-15-0004r" n="10">
			<desc>0004r</desc>
			<graphic mimeType="pdf" url="Skj%C3%B6l%201915%205%2F15/10/HIGH_QUALITY_DISPLAY"/>
			<graphic mimeType="jpg" url="Skj%C3%B6l%201915%205%2F15/10/THUMBNAIL" width="196px" height="300px"/>
			<graphic mimeType="jpg" url="Skj%C3%B6l%201915%205%2F15/10/SECONDARY_DISPLAY" width="3253px" height="4976px"/>
			<graphic mimeType="pdf" url="Skj%C3%B6l%201915%205%2F15/10/WEB_DISPLAY"/>
		</surface>
		<surface xml:id="Skjol-1915-5-15-0004v" n="11">
			<desc>0004v</desc>
			<graphic mimeType="pdf" url="Skj%C3%B6l%201915%205%2F15/11/HIGH_QUALITY_DISPLAY"/>
			<graphic mimeType="jpg" url="Skj%C3%B6l%201915%205%2F15/11/THUMBNAIL" width="198px" height="300px"/>
			<graphic mimeType="jpg" url="Skj%C3%B6l%201915%205%2F15/11/SECONDARY_DISPLAY" width="3268px" height="4958px"/>
			<graphic mimeType="pdf" url="Skj%C3%B6l%201915%205%2F15/11/WEB_DISPLAY"/>
		</surface>
		<surface xml:id="Skjol-1915-5-15-9901r-RFl" n="12">
			<desc>9901r-RFl</desc>
			<graphic mimeType="pdf" url="Skj%C3%B6l%201915%205%2F15/12/HIGH_QUALITY_DISPLAY"/>
			<graphic mimeType="jpg" url="Skj%C3%B6l%201915%205%2F15/12/THUMBNAIL" width="198px" height="300px"/>
			<graphic mimeType="jpg" url="Skj%C3%B6l%201915%205%2F15/12/SECONDARY_DISPLAY" width="3269px" height="4958px"/>
			<graphic mimeType="pdf" url="Skj%C3%B6l%201915%205%2F15/12/WEB_DISPLAY"/>
		</surface>
		<surface xml:id="Skjol-1915-5-15-9901v-RFl" n="13">
			<desc>9901v-RFl</desc>
			<graphic mimeType="pdf" url="Skj%C3%B6l%201915%205%2F15/13/HIGH_QUALITY_DISPLAY"/>
			<graphic mimeType="jpg" url="Skj%C3%B6l%201915%205%2F15/13/THUMBNAIL" width="200px" height="295px"/>
			<graphic mimeType="jpg" url="Skj%C3%B6l%201915%205%2F15/13/SECONDARY_DISPLAY" width="3375px" height="4972px"/>
			<graphic mimeType="pdf" url="Skj%C3%B6l%201915%205%2F15/13/WEB_DISPLAY"/>
		</surface>
		<surface xml:id="Skjol-1915-5-15-9999r-RB" n="14">
			<desc>9999r-RB</desc>
			<graphic mimeType="pdf" url="Skj%C3%B6l%201915%205%2F15/14/HIGH_QUALITY_DISPLAY"/>
			<graphic mimeType="jpg" url="Skj%C3%B6l%201915%205%2F15/14/THUMBNAIL" width="200px" height="294px"/>
			<graphic mimeType="jpg" url="Skj%C3%B6l%201915%205%2F15/14/SECONDARY_DISPLAY" width="3376px" height="4972px"/>
			<graphic mimeType="pdf" url="Skj%C3%B6l%201915%205%2F15/14/WEB_DISPLAY"/>
		</surface>
		<surface xml:id="Skjol-1915-5-15-9999v-RB" n="15">
			<desc>9999v-RB</desc>
			<graphic mimeType="pdf" url="Skj%C3%B6l%201915%205%2F15/15/HIGH_QUALITY_DISPLAY"/>
			<graphic mimeType="jpg" url="Skj%C3%B6l%201915%205%2F15/15/THUMBNAIL" width="200px" height="255px"/>
			<graphic mimeType="jpg" url="Skj%C3%B6l%201915%205%2F15/15/SECONDARY_DISPLAY" width="4064px" height="5188px"/>
			<graphic mimeType="pdf" url="Skj%C3%B6l%201915%205%2F15/15/WEB_DISPLAY"/>
		</surface>
		<surface xml:id="Skjol-1915-5-15-Scale" n="16">
			<desc>Scale</desc>
			<graphic mimeType="pdf" url="Skj%C3%B6l%201915%205%2F15/16/HIGH_QUALITY_DISPLAY"/>
			<graphic mimeType="jpg" url="Skj%C3%B6l%201915%205%2F15/16/THUMBNAIL" width="200px" height="272px"/>
			<graphic mimeType="jpg" url="Skj%C3%B6l%201915%205%2F15/16/SECONDARY_DISPLAY" width="3776px" height="5136px"/>
			<graphic mimeType="pdf" url="Skj%C3%B6l%201915%205%2F15/16/WEB_DISPLAY"/>
		</surface>
		<surface xml:id="Skjol-1915-5-15-ccp" n="17">
			<desc>ccp</desc>
			<graphic mimeType="pdf" url="Skj%C3%B6l%201915%205%2F15/17/HIGH_QUALITY_DISPLAY"/>
			<graphic mimeType="jpg" url="Skj%C3%B6l%201915%205%2F15/17/THUMBNAIL" width="200px" height="171px"/>
			<graphic mimeType="jpg" url="Skj%C3%B6l%201915%205%2F15/17/SECONDARY_DISPLAY" width="5734px" height="4904px"/>
			<graphic mimeType="pdf" url="Skj%C3%B6l%201915%205%2F15/17/WEB_DISPLAY"/>
		</surface>
	</facsimile>
</TEI>