<?xml version="1.0" encoding="UTF-8"?>
<?oxygen RNGSchema="http://www.handrit.is/schema/handrit-1.0.rnc" type="compact"?><TEI xmlns="http://www.tei-c.org/ns/1.0">
   <teiHeader>
      <fileDesc>
         <titleStmt>
            <title type="main">Steph. 1 a</title>
         </titleStmt>
         <publicationStmt>
            <authority>Den Arnamagnæanske Samling</authority>
            <pubPlace>København</pubPlace>
         </publicationStmt>
         <sourceDesc>
            <msDesc xml:id="Steph01-a-da" xml:lang="da">
               <msIdentifier>
                  <country>Danmark</country>
                  <settlement>København</settlement>
                  <repository>Den Arnamagnæanske Samling</repository>
                  <idno>Steph. 1 a</idno>
                  <altIdentifier type="internal" subtype="KKKat">
                     <idno>2696</idno>
                  </altIdentifier>
               </msIdentifier>
               <head>
                  <title type="supplied">Gulaþingslög</title>; 
<origPlace>Island/Danmark</origPlace>, 
<origDate notBefore="1690" notAfter="1710">ca. 1700</origDate>.
</head>
               <msContents>
                  <msItem>
                     <locus from="1" to="154">1-154</locus>
                     <title type="uniform" xml:lang="is">Den ældre Gulaþingslög</title>
                     <textLang mainLang="is">Islandsk</textLang>
                     <explicit defective="true">en ef þeir magar ero til</explicit>
                     <filiation>Afskrift efter <ref type="ms">Cod. Rantz. (Don. var. 137 4to)</ref>
                     </filiation>
                  </msItem>
               </msContents>
               <physDesc>
                  <objectDesc form="codex">
                     <supportDesc material="chart">
                        <support>
                           <p>
                              <material>Papir</material>.</p>
                        </support>
                        <extent>154. <dimensions type="leaf" scope="all">
                              <height>189</height>
                              <width>160</width>
                           </dimensions>.</extent>
                        <foliation>
                           <p>Yngre sidevis rødkridtspaginering.</p>
                        </foliation>
                     </supportDesc>
                     <layoutDesc>
                        <layout columns="1">
                           <p>Røde overskrifter, åben plads for initialer.</p>
                        </layout>
                     </layoutDesc>
                  </objectDesc>
                  <handDesc hands="1">
                     <handNote scribe="ArnMag001" scope="sole" script="unknown">
                        <p>
Skrevet af Arne Magnusson.</p>
                     </handNote>
                  </handDesc>
               </physDesc>
            </msDesc>
         </sourceDesc>
      </fileDesc>
   </teiHeader>
   <facsimile>
      <surface/>
   </facsimile>
</TEI>