<?xml version='1.0' encoding='UTF-8'?>
<TEI xmlns="http://www.tei-c.org/ns/1.0">
  <teiHeader>
    <fileDesc>
      <sourceDesc>
        <listPerson>
          <person xmlns:tei="http://www.tei-c.org/ns/1.0" sex="1" role="correspondent" xml:id="A00Mon001">
            <tei:persName xml:lang="da">
              <tei:forename sort="2">A.</tei:forename>
              <tei:forename sort="3">S.</tei:forename>
              <tei:surname sort="1">Monon</tei:surname>
            </tei:persName>
            <tei:occupation xml:lang="en">Librarian</tei:occupation>
            <tei:occupation xml:lang="da">Bibliotekar</tei:occupation>
            <tei:occupation xml:lang="is">Bókavörður</tei:occupation>
          </person>
        </listPerson>
      </sourceDesc>
    </fileDesc>
  </teiHeader>
</TEI>
