<?xml version='1.0' encoding='UTF-8'?>
<TEI xmlns="http://www.tei-c.org/ns/1.0">
  <teiHeader>
    <fileDesc>
      <sourceDesc>
        <listPerson>
          <person xmlns:tei="http://www.tei-c.org/ns/1.0" sex="1" role="author" xml:id="A00Ste001">
            <tei:persName xml:lang="is">
              <tei:forename sort="2">A.</tei:forename>
              <tei:surname sort="1">Steenbach</tei:surname>
            </tei:persName>
            <tei:occupation>Tónskáld</tei:occupation>
          </person>
        </listPerson>
      </sourceDesc>
    </fileDesc>
  </teiHeader>
</TEI>
