<?xml version='1.0' encoding='UTF-8'?>
<TEI xmlns="http://www.tei-c.org/ns/1.0">
  <teiHeader>
    <fileDesc>
      <sourceDesc>
        <listPerson>
          <person xmlns:tei="http://www.tei-c.org/ns/1.0" sex="2" role="correspondent scribe " xml:id="AbeGun002">
            <tei:persName xml:lang="da">
              <tei:forename sort="1">Abelina</tei:forename>
              <tei:forename sort="2">Andrea</tei:forename>
              <tei:surname sort="3">Gunnarsdóttir</tei:surname>
            </tei:persName>
            <tei:birth when="1893-11-07"/>
            <tei:death when="1980-05-12"/>
            <tei:residence xml:lang="is">
              <tei:placeName>
                <tei:settlement type="city" key="Reykj01">Reykjavík</tei:settlement>
                <tei:region type="county" key="#Gullbr01">Gullbringusýsla</tei:region>
                <tei:country key="IS">Ísland</tei:country>
              </tei:placeName>
            </tei:residence>
            <tei:occupation xml:lang="is">Kaupkona</tei:occupation>
          </person>
        </listPerson>
      </sourceDesc>
    </fileDesc>
  </teiHeader>
</TEI>
