<?xml version='1.0' encoding='UTF-8'?>
<TEI xmlns="http://www.tei-c.org/ns/1.0">
  <teiHeader>
    <fileDesc>
      <sourceDesc>
        <listPerson>
          <person xmlns:tei="http://www.tei-c.org/ns/1.0" sex="1" role="author" xml:id="AbrKal001">
            <tei:persName xml:lang="da">
              <tei:forename sort="2">Abraham</tei:forename>
              <tei:surname sort="1">Kall</tei:surname>
            </tei:persName>
            <tei:birth when="1743-07-02"/>
            <tei:death when="1821-12-05"/>
            <tei:occupation xml:lang="en">Historian</tei:occupation>
            <tei:occupation xml:lang="da">Historiker</tei:occupation>
            <tei:occupation xml:lang="is">Sagnfræðingur</tei:occupation>
          </person>
        </listPerson>
      </sourceDesc>
    </fileDesc>
  </teiHeader>
</TEI>
