<?xml version='1.0' encoding='UTF-8'?>
<TEI xmlns="http://www.tei-c.org/ns/1.0">
  <teiHeader>
    <fileDesc>
      <sourceDesc>
        <listPerson>
          <person xmlns:tei="http://www.tei-c.org/ns/1.0" sex="1" role="author" xml:id="AbsPed001">
            <tei:persName xml:lang="da">
              <tei:forename sort="2">Absalon</tei:forename>
              <tei:surname sort="1">Pederssøn</tei:surname>
            </tei:persName>
            <tei:persName xml:lang="da">
              <tei:forename sort="2">Absalon</tei:forename>
              <tei:surname sort="1">Pedersen</tei:surname>
            </tei:persName>
            <tei:residence xml:lang="is">
              <tei:placeName>
                <tei:settlement type="city">Bergen</tei:settlement>
                <tei:country key="NO">Noregur</tei:country>
              </tei:placeName>
            </tei:residence>
            <tei:residence xml:lang="en">
              <tei:placeName>
                <tei:settlement type="city">Bergen</tei:settlement>
                <tei:country key="NO">Norway</tei:country>
              </tei:placeName>
            </tei:residence>
            <tei:residence xml:lang="da">
              <tei:placeName>
                <tei:settlement type="city">Bergen</tei:settlement>
                <tei:country key="NO">Norge</tei:country>
              </tei:placeName>
            </tei:residence>
            <tei:occupation xml:lang="en">Priest</tei:occupation>
            <tei:occupation xml:lang="da">Præst</tei:occupation>
            <tei:occupation xml:lang="is">Prestur</tei:occupation>
          </person>
        </listPerson>
      </sourceDesc>
    </fileDesc>
  </teiHeader>
</TEI>
