<?xml version='1.0' encoding='UTF-8'?>
<TEI xmlns="http://www.tei-c.org/ns/1.0">
  <teiHeader>
    <fileDesc>
      <sourceDesc>
        <listPerson>
          <person xmlns:tei="http://www.tei-c.org/ns/1.0" sex="2" role="owner" xml:id="AdaEin002">
            <tei:persName xml:lang="is">
              <tei:forename sort="1">Aðalheiður</tei:forename>
              <tei:forename sort="2">M.</tei:forename>
              <tei:surname sort="2">Einarsdóttir</tei:surname>
            </tei:persName>
          </person>
        </listPerson>
      </sourceDesc>
    </fileDesc>
  </teiHeader>
</TEI>
