<?xml version='1.0' encoding='UTF-8'?>
<TEI xmlns="http://www.tei-c.org/ns/1.0">
  <teiHeader>
    <fileDesc>
      <sourceDesc>
        <listPerson>
          <person xmlns:tei="http://www.tei-c.org/ns/1.0" sex="2" role="owner marginal" xml:id="AdaEin001">
            <tei:persName xml:lang="is">
              <tei:forename sort="1">Aðalbjörg</tei:forename>
              <tei:surname sort="2">Einarsdóttir</tei:surname>
            </tei:persName>
            <tei:birth cert="high" when="1786-11-24">24. nóvember 1786</tei:birth>
            <tei:death cert="high" when="1867-11-28">28. nóvember 1867</tei:death>
            <tei:residence>
              <tei:placeName xml:lang="is">
                <tei:settlement type="farm" key="BjöLjó01">Björg</tei:settlement>
                <tei:region type="parish" key="#Ljósav01">Ljósavatnshreppur</tei:region>
                <tei:region type="county" key="#SuðÞin01">Suður-Þingeyjarsýsla</tei:region>
                <tei:country key="IS">Ísland</tei:country>
              </tei:placeName>
            </tei:residence>
          </person>
        </listPerson>
      </sourceDesc>
    </fileDesc>
  </teiHeader>
</TEI>
