<?xml version='1.0' encoding='UTF-8'?>
<TEI xmlns="http://www.tei-c.org/ns/1.0">
  <teiHeader>
    <fileDesc>
      <sourceDesc>
        <listPerson>
          <person xmlns:tei="http://www.tei-c.org/ns/1.0" sex="2" role=" author" xml:id="AdaEli001">
            <tei:persName xml:lang="is">
              <tei:forename sort="1">Aðalheiður</tei:forename>
              <tei:surname sort="2">Eliníusardóttir</tei:surname>
            </tei:persName>
            <tei:birth cert="high" when="1910-04-03"/>
            <tei:death cert="high" when="2009-05-27"/>
            <tei:occupation>Kennari</tei:occupation>
          </person>
        </listPerson>
      </sourceDesc>
    </fileDesc>
  </teiHeader>
</TEI>
