<?xml version='1.0' encoding='UTF-8'?>
<TEI xmlns="http://www.tei-c.org/ns/1.0">
  <teiHeader>
    <fileDesc>
      <sourceDesc>
        <listPerson>
          <person xmlns:tei="http://www.tei-c.org/ns/1.0" sex="1" role="marginal" xml:id="AdaMol002">
            <tei:persName xml:lang="da">
              <tei:forename sort="2">Adam</tei:forename>
              <tei:forename sort="3">Gottlob</tei:forename>
              <tei:surname sort="1">Moltke</tei:surname>
              <tei:addName type="nickname">greifi</tei:addName>
            </tei:persName>
            <tei:birth when="1710-11-10">10. nóvember 1710</tei:birth>
            <tei:death when="1792-09-25">25. september 1792</tei:death>
            <tei:occupation xml:lang="is">Yfirhirðmarskálkur í Danmörku</tei:occupation>
          </person>
        </listPerson>
      </sourceDesc>
    </fileDesc>
  </teiHeader>
</TEI>
