<?xml version='1.0' encoding='UTF-8'?>
<TEI xmlns="http://www.tei-c.org/ns/1.0">
  <teiHeader>
    <fileDesc>
      <sourceDesc>
        <listPerson>
          <person xmlns:tei="http://www.tei-c.org/ns/1.0" sex="1" role="correspondent" xml:id="AdaMol001">
            <tei:persName xml:lang="da">
              <tei:forename sort="2">Adam</tei:forename>
              <tei:forename sort="3">Wilhelm</tei:forename>
              <tei:surname sort="1">Moltke</tei:surname>
              <tei:addName type="nickname">greifi</tei:addName>
            </tei:persName>
            <tei:birth when="1785"/>
            <tei:death when="1864"/>
            <tei:occupation xml:lang="is">Ráðherra</tei:occupation>
          </person>
        </listPerson>
      </sourceDesc>
    </fileDesc>
  </teiHeader>
</TEI>
