<?xml version='1.0' encoding='UTF-8'?>
<TEI xmlns="http://www.tei-c.org/ns/1.0">
  <teiHeader>
    <fileDesc>
      <sourceDesc>
        <listPerson>
          <person xmlns:tei="http://www.tei-c.org/ns/1.0" sex="1" role=" author scribe owner" xml:id="AdaSig001">
            <tei:persName xml:lang="is">
              <tei:forename sort="1">Aðalsteinn</tei:forename>
              <tei:surname sort="2">Sigmundsson</tei:surname>
            </tei:persName>
            <tei:birth cert="high" when="1897-07-10"/>
            <tei:death cert="high" when="1943-04-16"/>
            <tei:occupation xml:lang="is">Kennari</tei:occupation>
          </person>
        </listPerson>
      </sourceDesc>
    </fileDesc>
  </teiHeader>
</TEI>
