<?xml version='1.0' encoding='UTF-8'?>
<TEI xmlns="http://www.tei-c.org/ns/1.0">
  <teiHeader>
    <fileDesc>
      <sourceDesc>
        <listPerson>
          <person xmlns:tei="http://www.tei-c.org/ns/1.0" sex="1" role="donor" xml:id="AdoTho001">
            <tei:persName xml:lang="is">
              <tei:forename sort="1">Adolf</tei:forename>
              <tei:surname sort="2">Thorarensen</tei:surname>
            </tei:persName>
            <tei:birth cert="high" when="1948-09-27"/>
            <tei:death cert="high" when="1998-09-26"/>
            <tei:residence xml:lang="is">
              <tei:placeName>
                <tei:settlement type="farm" key="GjöÁrn01">Gjögur</tei:settlement>
                <tei:region type="parish" key="#Árnesh01">Árneshreppur</tei:region>
                <tei:region type="county" key="#Strand01">Strandasýsla</tei:region>
                <tei:country key="IS">Ísland</tei:country>
              </tei:placeName>
            </tei:residence>
            <tei:occupation xml:lang="is">Sjómaður</tei:occupation>
          </person>
        </listPerson>
      </sourceDesc>
    </fileDesc>
  </teiHeader>
</TEI>
