<?xml version='1.0' encoding='UTF-8'?>
<TEI xmlns="http://www.tei-c.org/ns/1.0">
  <teiHeader>
    <fileDesc>
      <sourceDesc>
        <listPerson>
          <person xmlns:tei="http://www.tei-c.org/ns/1.0" sex="1" role="author" xml:id="AegHun001">
            <tei:persName xml:lang="de">
              <tei:forename sort="2">Aegidius</tei:forename>
              <tei:surname sort="1">Hunnius</tei:surname>
            </tei:persName>
            <tei:birth when="1550-12-21">21. desember 1550</tei:birth>
            <tei:death when="1603-04-04">4. apríl 1603</tei:death>
            <tei:residence xml:lang="de">
              <tei:placeName>
                <tei:settlement type="city" key="Wittenberg01">Wittenberg</tei:settlement>
                <tei:country key="DE"/>
              </tei:placeName>
            </tei:residence>
            <tei:occupation xml:lang="en">Theologist</tei:occupation>
            <tei:occupation xml:lang="de">Theologe</tei:occupation>
            <tei:occupation xml:lang="is">Guðfræðingur</tei:occupation>
            <tei:occupation xml:lang="is">Prófessor</tei:occupation>
          </person>
        </listPerson>
      </sourceDesc>
    </fileDesc>
  </teiHeader>
</TEI>
