<?xml version='1.0' encoding='UTF-8'?>
<TEI xmlns="http://www.tei-c.org/ns/1.0">
  <teiHeader>
    <fileDesc>
      <sourceDesc>
        <listPerson>
          <person xmlns:tei="http://www.tei-c.org/ns/1.0" sex="2" role="owner" xml:id="AgnIng001">
            <tei:persName xml:lang="is">
              <tei:forename sort="1">Agnes</tei:forename>
              <tei:surname sort="2">Ingimundardóttir</tei:surname>
            </tei:persName>
            <tei:birth when="1866-09-08">8. september 1866</tei:birth>
            <tei:death when="1954-07-11">11. júlí 1954</tei:death>
            <tei:residence xml:lang="is">
              <tei:placeName xml:lang="is">
                <tei:settlement type="farm" key="RofLei01">Rofabær</tei:settlement>
                <tei:region type="parish" key="#Leiðva01">Leiðvallahreppur</tei:region>
                <tei:region type="county" key="#VesSka01">Vestur-Skaftafellssýsla</tei:region>
                <tei:country key="IS">Ísland</tei:country>
              </tei:placeName>
            </tei:residence>
            <tei:occupation xml:lang="is">Vinnukona</tei:occupation>
          </person>
        </listPerson>
      </sourceDesc>
    </fileDesc>
  </teiHeader>
</TEI>
