<?xml version='1.0' encoding='UTF-8'?>
<TEI xmlns="http://www.tei-c.org/ns/1.0">
  <teiHeader>
    <fileDesc>
      <sourceDesc>
        <listPerson>
          <person xmlns:tei="http://www.tei-c.org/ns/1.0" sex="1" role="owner" xml:id="AgnJon001">
            <tei:persName xml:lang="is">
              <tei:forename sort="1">Agnar</tei:forename>
              <tei:forename sort="2">Klemens</tei:forename>
              <tei:surname sort="3">Jónsson</tei:surname>
            </tei:persName>
            <tei:birth cert="high" when="1909-10-13"/>
            <tei:death cert="high" when="1984-02-14"/>
            <tei:residence xml:lang="is">
              <tei:placeName>
                <tei:settlement type="city" key="Reykj01">Reykjavík</tei:settlement>
                <tei:region type="county" key="#Gullbr01">Gullbringusýsla</tei:region>
                <tei:country key="IS">Ísland</tei:country>
              </tei:placeName>
            </tei:residence>
            <tei:occupation xml:lang="is">Sendiherra</tei:occupation>
          </person>
        </listPerson>
      </sourceDesc>
    </fileDesc>
  </teiHeader>
</TEI>
