<?xml version='1.0' encoding='UTF-8'?>
<TEI xmlns="http://www.tei-c.org/ns/1.0">
  <teiHeader>
    <fileDesc>
      <sourceDesc>
        <listPerson>
          <person xmlns:tei="http://www.tei-c.org/ns/1.0" sex="2" role="scholar donor" xml:id="AgnLot001">
            <tei:persName xml:lang="da">
              <tei:forename sort="2">Agnete</tei:forename>
              <tei:surname sort="1">Loth</tei:surname>
            </tei:persName>
            <tei:birth cert="high" when="1921-11-18"/>
            <tei:death cert="high" when="1990-06-02"/>
            <tei:residence>
              <tei:placeName>
                <tei:settlement type="city" key="Copen01"/>
                <tei:country key="DK"/>
              </tei:placeName>
            </tei:residence>
          </person>
        </listPerson>
      </sourceDesc>
    </fileDesc>
  </teiHeader>
</TEI>
