<?xml version='1.0' encoding='UTF-8'?>
<TEI xmlns="http://www.tei-c.org/ns/1.0">
  <teiHeader>
    <fileDesc>
      <sourceDesc>
        <listPerson>
          <person xmlns:tei="http://www.tei-c.org/ns/1.0" sex="2" role="marginal" xml:id="AgnMag002">
            <tei:persName xml:lang="is">
              <tei:forename sort="1">Agnes</tei:forename>
              <tei:surname sort="3">Magnúsdóttir</tei:surname>
            </tei:persName>
            <tei:birth notBefore="1535" notAfter="1545" xml:lang="is">Um 1540</tei:birth>
            <tei:residence xml:lang="is">
              <tei:placeName>
                <tei:settlement type="farm" key="HvaRey01">Hvallátur</tei:settlement>
                <tei:region type="parish" key="#Reykhó01">Reykhólahreppur</tei:region>
                <tei:region type="county" key="#AusBar01">Austur-Barðastrandarsýsla</tei:region>
                <tei:country key="IS">Ísland</tei:country>
              </tei:placeName>
            </tei:residence>
            <tei:occupation xml:lang="is">Húsfreyja</tei:occupation>
          </person>
        </listPerson>
      </sourceDesc>
    </fileDesc>
  </teiHeader>
</TEI>
