<?xml version='1.0' encoding='UTF-8'?>
<TEI xmlns="http://www.tei-c.org/ns/1.0">
  <teiHeader>
    <fileDesc>
      <sourceDesc>
        <listPerson>
          <person xmlns:tei="http://www.tei-c.org/ns/1.0" sex="2" role="poet" xml:id="AgnMag001">
            <tei:persName xml:lang="is">
              <tei:forename sort="1">Agnes</tei:forename>
              <tei:surname sort="2">Magnúsdóttir</tei:surname>
            </tei:persName>
            <tei:birth cert="medium" when="1795-10-27"/>
            <tei:death cert="medium" when="1830-01-12"/>
            <tei:residence xml:lang="is">
              <tei:placeName>
                <tei:settlement type="farm" key="IllKir01">Illugastaðir</tei:settlement>
                <tei:region type="parish" key="#Kirkju01">Kirkjuhvammshreppur</tei:region>
                <tei:region type="county" key="VesHún01">Vestur-Húnavatnssýsla</tei:region>
                <tei:country key="IS">Ísland</tei:country>
              </tei:placeName>
            </tei:residence>
            <tei:residence xml:lang="is">
              <tei:placeName>
                <tei:settlement type="farm" key="GuðÁsh01">Guðrúnarstaðir</tei:settlement>
                <tei:region type="parish" key="#Áshrep01">Áshreppur</tei:region>
                <tei:region type="county" key="AusHún01">Austur-Húnavatnssýsla</tei:region>
                <tei:country key="IS">Ísland</tei:country>
              </tei:placeName>
            </tei:residence>
            <tei:occupation xml:lang="is">Vinnukona</tei:occupation>
            <tei:occupation xml:lang="en">Poet</tei:occupation>
            <tei:occupation xml:lang="da">Digter</tei:occupation>
            <tei:occupation xml:lang="is">Skáld</tei:occupation>
            <tei:bibl>
              <tei:ref target="IsAev">Íslenzkar æviskrár</tei:ref>
              <tei:biblScope type="volume">I</tei:biblScope>
              <tei:biblScope type="pages">2</tei:biblScope>
            </tei:bibl>
          </person>
        </listPerson>
      </sourceDesc>
    </fileDesc>
  </teiHeader>
</TEI>
