<?xml version='1.0' encoding='UTF-8'?>
<TEI xmlns="http://www.tei-c.org/ns/1.0">
  <teiHeader>
    <fileDesc>
      <sourceDesc>
        <listPerson>
          <person xmlns:tei="http://www.tei-c.org/ns/1.0" sex="1" role="recipient" xml:id="AguJon003">
            <tei:persName xml:lang="is">
              <tei:forename sort="1">Ágúst</tei:forename>
              <tei:surname sort="2">Jónasson</tei:surname>
            </tei:persName>
            <tei:residence xml:lang="is">
              <tei:placeName xml:lang="is">
                <tei:settlement type="farm" key="GruHra02">Grund</tei:settlement>
                <tei:region type="parish" key="#Hrafna01">Hrafnagilshreppur</tei:region>
                <tei:region type="county" key="#Eyjafj02">Eyjafjarðarsýsla</tei:region>
                <tei:country key="IS">Ísland</tei:country>
              </tei:placeName>
            </tei:residence>
          </person>
        </listPerson>
      </sourceDesc>
    </fileDesc>
  </teiHeader>
</TEI>
