<?xml version='1.0' encoding='UTF-8'?>
<TEI xmlns="http://www.tei-c.org/ns/1.0">
  <teiHeader>
    <fileDesc>
      <sourceDesc>
        <listPerson>
          <person xmlns:tei="http://www.tei-c.org/ns/1.0" sex="2" role="scribe marginal" xml:id="AguJon002">
            <tei:persName xml:lang="is">
              <tei:forename sort="1">Ágústa</tei:forename>
              <tei:surname sort="2">Jónasdóttir</tei:surname>
              <tei:surname sort="3">Lilliendahl</tei:surname>
            </tei:persName>
            <tei:birth when="1871-08-07">7. ágúst 1871</tei:birth>
            <tei:death when="1953-10-12">12. október 1953</tei:death>
            <tei:occupation xml:lang="is">Húsfreyja</tei:occupation>
          </person>
        </listPerson>
      </sourceDesc>
    </fileDesc>
  </teiHeader>
</TEI>
