<?xml version='1.0' encoding='UTF-8'?>
<TEI xmlns="http://www.tei-c.org/ns/1.0">
  <teiHeader>
    <fileDesc>
      <sourceDesc>
        <listPerson>
          <person xmlns:tei="http://www.tei-c.org/ns/1.0" sex="1" role="poet scribe" xml:id="AguJon001">
            <tei:persName xml:lang="is">
              <tei:forename sort="1">Ágúst</tei:forename>
              <tei:surname sort="2">Jónsson</tei:surname>
            </tei:persName>
            <tei:birth when="1868-12-19">19. desember 1868</tei:birth>
            <tei:death when="1945-06-28">28. júní 1945</tei:death>
            <tei:residence xml:lang="is">
              <tei:placeName xml:lang="is">
                <tei:settlement type="farm" key="ÞykKir01">Þykkvibær</tei:settlement>
                <tei:region type="parish" key="#Kirkju02">Kirkjubæjarhreppur</tei:region>
                <tei:region type="county" key="#VesSka01">Vestur-Skaftafellssýsla</tei:region>
                <tei:country key="IS">Ísland</tei:country>
              </tei:placeName>
            </tei:residence>
            <tei:occupation xml:lang="is">Kennari</tei:occupation>
          </person>
        </listPerson>
      </sourceDesc>
    </fileDesc>
  </teiHeader>
</TEI>
