<?xml version='1.0' encoding='UTF-8'?>
<TEI xmlns="http://www.tei-c.org/ns/1.0">
  <teiHeader>
    <fileDesc>
      <sourceDesc>
        <listPerson>
          <person xmlns:tei="http://www.tei-c.org/ns/1.0" sex="1" role="donor recipient owner" xml:id="AguSig001">
            <tei:persName xml:lang="is">
              <tei:forename sort="1">Ágúst</tei:forename>
              <tei:surname sort="2">Sigurðsson</tei:surname>
            </tei:persName>
            <tei:birth cert="high" when="1873-06-23"/>
            <tei:death cert="high" when="1943-04-27"/>
            <tei:residence xml:lang="is">
              <tei:placeName>
                <tei:settlement type="city" key="Reykj01">Reykjavík</tei:settlement>
                <tei:region type="county" key="#Gullbr01">Gullbringusýsla</tei:region>
                <tei:country key="IS">Ísland</tei:country>
              </tei:placeName>
            </tei:residence>
            <tei:occupation xml:lang="en">Typographer</tei:occupation>
            <tei:occupation xml:lang="da">Trykker</tei:occupation>
            <tei:occupation xml:lang="is">Prentari</tei:occupation>
          </person>
        </listPerson>
      </sourceDesc>
    </fileDesc>
  </teiHeader>
</TEI>
