<?xml version='1.0' encoding='UTF-8'?>
<TEI xmlns="http://www.tei-c.org/ns/1.0">
  <teiHeader>
    <fileDesc>
      <sourceDesc>
        <listPerson>
          <person xmlns:tei="http://www.tei-c.org/ns/1.0" sex="1" role="marginal" xml:id="AguTho001">
            <tei:persName xml:lang="is">
              <tei:forename sort="1">Ágúst</tei:forename>
              <tei:surname sort="2">Þórarinsson</tei:surname>
            </tei:persName>
            <tei:birth cert="high" when="1864-09-13"/>
            <tei:death cert="high" when="1947-03-27"/>
            <tei:residence xml:lang="is">
              <tei:placeName xml:lang="is">
                <tei:settlement type="village" key="Stykki01">Stykkishólmur</tei:settlement>
                <tei:region type="county" key="#Snæfe02">Snæfellsnessýsla</tei:region>
                <tei:country key="IS">Ísland</tei:country>
              </tei:placeName>
            </tei:residence>
            <tei:occupation xml:lang="is">Kaupmaður</tei:occupation>
          </person>
        </listPerson>
      </sourceDesc>
    </fileDesc>
  </teiHeader>
</TEI>
