<?xml version='1.0' encoding='UTF-8'?>
<TEI xmlns="http://www.tei-c.org/ns/1.0">
  <teiHeader>
    <fileDesc>
      <sourceDesc>
        <listPerson>
          <person xmlns:tei="http://www.tei-c.org/ns/1.0" sex="1" role="poet" xml:id="AksFre001">
            <tei:persName xml:lang="da">
              <tei:forename sort="2">Aksel</tei:forename>
              <tei:surname sort="1">Frederiksen</tei:surname>
            </tei:persName>
            <tei:occupation xml:lang="en">
              <tei:note xml:lang="is">Author of the poet on f. 1 in AM 61 4to.</tei:note>
            </tei:occupation>
          </person>
        </listPerson>
      </sourceDesc>
    </fileDesc>
  </teiHeader>
</TEI>
