<?xml version='1.0' encoding='UTF-8'?>
<TEI xmlns="http://www.tei-c.org/ns/1.0">
  <teiHeader>
    <fileDesc>
      <sourceDesc>
        <listPerson>
          <person xmlns:tei="http://www.tei-c.org/ns/1.0" sex="1" role="owner" xml:id="AksUrn001">
            <tei:persName xml:lang="da">
              <tei:forename sort="2">Aksel</tei:forename>
              <tei:surname sort="1">Urne</tei:surname>
            </tei:persName>
            <tei:death xml:lang="en" when="1577-03-06">
              6 March 1577
              <tei:placeName>
                <tei:settlement type="farm">Søgaard</tei:settlement>
                <tei:country key="DK">Denmark</tei:country>
              </tei:placeName>
            </tei:death>
            <tei:death xml:lang="da" when="1577-03-06">
              6. marts 1577
              <tei:placeName>
                <tei:settlement type="farm">Søgaard</tei:settlement>
                <tei:country key="DK">Danmark</tei:country>
              </tei:placeName>
            </tei:death>
            <tei:occupation xml:lang="da">Rigskansler</tei:occupation>
            <tei:bibl>
              <tei:ref target="DanBioLeks">Dansk biografisk Leksikon</tei:ref>
              <tei:biblScope type="volume">XXIV</tei:biblScope>
              <tei:biblScope type="pages">536-37</tei:biblScope>
            </tei:bibl>
          </person>
        </listPerson>
      </sourceDesc>
    </fileDesc>
  </teiHeader>
</TEI>
