<?xml version='1.0' encoding='UTF-8'?>
<TEI xmlns="http://www.tei-c.org/ns/1.0">
  <teiHeader>
    <fileDesc>
      <sourceDesc>
        <listPerson>
          <person xmlns:tei="http://www.tei-c.org/ns/1.0" sex="1" role="official" xml:id="AlbSke001">
            <tei:persName xml:lang="da">
              <tei:forename sort="2">Albret</tei:forename>
              <tei:surname sort="1">Skeel</tei:surname>
            </tei:persName>
            <tei:death when="1609">1609</tei:death>
            <tei:occupation xml:lang="da">Hofjunker</tei:occupation>
          </person>
        </listPerson>
      </sourceDesc>
    </fileDesc>
  </teiHeader>
</TEI>
