<?xml version='1.0' encoding='UTF-8'?>
<TEI xmlns="http://www.tei-c.org/ns/1.0">
  <teiHeader>
    <fileDesc>
      <sourceDesc>
        <listPerson>
          <person xmlns:tei="http://www.tei-c.org/ns/1.0" sex="1" role="correspondent scribe " xml:id="AlbThu001">
            <tei:persName xml:lang="da">
              <tei:forename sort="2">Albert</tei:forename>
              <tei:surname sort="1">Thura</tei:surname>
            </tei:persName>
            <tei:birth when="1700-10-06"/>
            <tei:death when="1740-03-10"/>
            <tei:occupation xml:lang="da">Præst</tei:occupation>
            <tei:occupation xml:lang="is">Prestur</tei:occupation>
            <tei:occupation xml:lang="en">Priest</tei:occupation>
            <tei:occupation xml:lang="da">Litterærhistoriker</tei:occupation>
            <tei:bibl>
              <tei:ref target="DanBioLeks">Dansk biografisk Leksikon</tei:ref>
              <tei:biblScope type="volume">XVII</tei:biblScope>
              <tei:biblScope type="pages">362-363</tei:biblScope>
            </tei:bibl>
          </person>
        </listPerson>
      </sourceDesc>
    </fileDesc>
  </teiHeader>
</TEI>
