<?xml version='1.0' encoding='UTF-8'?>
<TEI xmlns="http://www.tei-c.org/ns/1.0">
  <teiHeader>
    <fileDesc>
      <sourceDesc>
        <listPerson>
          <person xmlns:tei="http://www.tei-c.org/ns/1.0" sex="2" role="marginal owner" xml:id="AldRun001">
            <tei:persName xml:lang="is">
              <tei:forename sort="1">Aldís</tei:forename>
              <tei:surname sort="2">Runólfsdóttir</tei:surname>
            </tei:persName>
            <tei:birth when="1795-12-02">2. desember 1795</tei:birth>
            <tei:death when="1878-07-01">1. júlí 1878</tei:death>
            <tei:residence xml:lang="is">
              <tei:placeName>
                <tei:settlement type="city">Klauf í Meðallandi</tei:settlement>
                <tei:country key="IS">Ísland</tei:country>
              </tei:placeName>
            </tei:residence>
            <tei:occupation xml:lang="is">Húsfreyja</tei:occupation>
          </person>
        </listPerson>
      </sourceDesc>
    </fileDesc>
  </teiHeader>
</TEI>
