<?xml version='1.0' encoding='UTF-8'?>
<TEI xmlns="http://www.tei-c.org/ns/1.0">
  <teiHeader>
    <fileDesc>
      <sourceDesc>
        <listPerson>
          <person xmlns:tei="http://www.tei-c.org/ns/1.0" sex="1" role="correspondent  scribe marginal" xml:id="Aleooo001">
            <tei:persName xml:lang="en">
              <tei:forename sort="1">Alexander</tei:forename>
              <tei:addName type="epithet" sort="2">The Great</tei:addName>
            </tei:persName>
            <tei:persName xml:lang="is">
              <tei:forename sort="1">Alexander</tei:forename>
              <tei:addName type="epithet" sort="2">Mikli</tei:addName>
            </tei:persName>
            <tei:birth when="0356-07">Júlí 356 f.kr.</tei:birth>
            <tei:death when="0323-06">Júní 323 f. kr.</tei:death>
            <tei:occupation xml:lang="is">Konungur</tei:occupation>
          </person>
        </listPerson>
      </sourceDesc>
    </fileDesc>
  </teiHeader>
</TEI>
