<?xml version='1.0' encoding='UTF-8'?>
<TEI xmlns="http://www.tei-c.org/ns/1.0">
  <teiHeader>
    <fileDesc>
      <sourceDesc>
        <listPerson>
          <person xmlns:tei="http://www.tei-c.org/ns/1.0" sex="1" role="undetermined" xml:id="AlfGis002">
            <tei:persName xml:lang="is">
              <tei:forename sort="1">Álfur</tei:forename>
              <tei:surname sort="2">Gíslason</tei:surname>
            </tei:persName>
            <tei:birth notBefore="1590" notAfter="1610">c. 1600</tei:birth>
            <tei:death when="1682"/>
            <tei:residence xml:lang="is">
              <tei:placeName>
                <tei:settlement type="farm" key="ReySke03">Reykir</tei:settlement>
                <tei:region type="parish" key="#Skeiða01">Skeiðahreppur</tei:region>
                <tei:region type="county" key="#Árnes01">Árnessýsla</tei:region>
                <tei:country key="IS">Ísland</tei:country>
              </tei:placeName>
            </tei:residence>
            <tei:residence xml:lang="en">
              <tei:placeName>
                <tei:settlement type="farm" key="ReySke03">Reykir</tei:settlement>
                <tei:region type="parish" key="#Skeiða01">Skeiðahreppur</tei:region>
                <tei:region type="county" key="#Árnes01">Árnessýsla</tei:region>
                <tei:region type="compass" xml:lang="is">Southern</tei:region>
                <tei:country key="IS">Iceland</tei:country>
              </tei:placeName>
            </tei:residence>
            <tei:residence xml:lang="da">
              <tei:placeName>
                <tei:settlement type="farm" key="ReySke03">Reykir</tei:settlement>
                <tei:region type="parish" key="#Skeiða01">Skeiðahreppur</tei:region>
                <tei:region type="county" key="#Árnes01">Árnessýsla</tei:region>
                <tei:region type="compass" xml:lang="da">Sydlige</tei:region>
                <tei:country key="IS">Island</tei:country>
              </tei:placeName>
            </tei:residence>
            <tei:occupation xml:lang="is">Lögréttumaður</tei:occupation>
            <tei:occupation xml:lang="en">Member of the lögrétta</tei:occupation>
            <tei:occupation xml:lang="da">Lovrettemand</tei:occupation>
            <tei:bibl>
              <tei:ref target="IsAev">Íslenzkar æviskrár</tei:ref>
              II, p. 78
            </tei:bibl>
            <tei:bibl>
              <tei:ref target="Lrmt">Lögréttumannatal</tei:ref>
              pp. 3, 593
            </tei:bibl>
          </person>
        </listPerson>
      </sourceDesc>
    </fileDesc>
  </teiHeader>
</TEI>
