<?xml version='1.0' encoding='UTF-8'?>
<TEI xmlns="http://www.tei-c.org/ns/1.0">
  <teiHeader>
    <fileDesc>
      <sourceDesc>
        <listPerson>
          <person xmlns:tei="http://www.tei-c.org/ns/1.0" sex="1" role="correspondent" xml:id="AlfLoc001">
            <tei:persName xml:lang="da">
              <tei:forename sort="2">Alfred</tei:forename>
              <tei:forename sort="3">G.</tei:forename>
              <tei:surname sort="1">Lock</tei:surname>
            </tei:persName>
            <tei:residence xml:lang="is">
              <tei:settlement type="city">Southampton</tei:settlement>
              <tei:country key="GB">Bretland</tei:country>
            </tei:residence>
          </person>
        </listPerson>
      </sourceDesc>
    </fileDesc>
  </teiHeader>
</TEI>
