<?xml version='1.0' encoding='UTF-8'?>
<TEI xmlns="http://www.tei-c.org/ns/1.0">
  <teiHeader>
    <fileDesc>
      <sourceDesc>
        <listPerson>
          <person xmlns:tei="http://www.tei-c.org/ns/1.0" sex="1" role="poet" xml:id="AlfMag001">
            <tei:persName xml:lang="is">
              <tei:forename sort="1">Álfur</tei:forename>
              <tei:surname sort="2">Magnússon</tei:surname>
            </tei:persName>
            <tei:birth when="1871-02-26">26. febrúar 1871</tei:birth>
            <tei:death when="1898-08">ágúst 1898</tei:death>
            <tei:residence xml:lang="is">
              <tei:placeName>
                <tei:settlement type="farm">Staður</tei:settlement>
                <tei:region type="compass">Súgandafjörður</tei:region>
                <tei:region type="county" key="VesÍsa01">Vestur-Ísafjarðarsýsla</tei:region>
                <tei:country key="IS">Ísland</tei:country>
              </tei:placeName>
            </tei:residence>
            <tei:occupation xml:lang="is">Kennari</tei:occupation>
            <tei:occupation xml:lang="is">Sjómaður</tei:occupation>
          </person>
        </listPerson>
      </sourceDesc>
    </fileDesc>
  </teiHeader>
</TEI>
