<?xml version='1.0' encoding='UTF-8'?>
<TEI xmlns="http://www.tei-c.org/ns/1.0">
  <teiHeader>
    <fileDesc>
      <sourceDesc>
        <listPerson>
          <person xmlns:tei="http://www.tei-c.org/ns/1.0" sex="2" role="marginal" xml:id="AlfTho001">
            <tei:persName xml:lang="is">
              <tei:forename sort="1">Álfheiður</tei:forename>
              <tei:surname sort="2">Thorlacius</tei:surname>
              <tei:surname sort="2">Einarsdóttir</tei:surname>
            </tei:persName>
            <tei:birth when="1833-11-16"/>
            <tei:death when="1912-09-02"/>
            <tei:residence xml:lang="is">
              <tei:placeName>
                <tei:settlement type="farm" key="SauSau02">Saurbær</tei:settlement>
                <tei:region type="parish" key="#Saurbæ01">Saurbæjarhreppur</tei:region>
                <tei:region type="county" key="Eyjafj02">Eyjafjarðarsýsla</tei:region>
                <tei:country key="IS">Ísland</tei:country>
              </tei:placeName>
            </tei:residence>
          </person>
        </listPerson>
      </sourceDesc>
    </fileDesc>
  </teiHeader>
</TEI>
