<?xml version='1.0' encoding='UTF-8'?>
<TEI xmlns="http://www.tei-c.org/ns/1.0">
  <teiHeader>
    <fileDesc>
      <sourceDesc>
        <listPerson>
          <person xmlns:tei="http://www.tei-c.org/ns/1.0" sex="2" role="cataloguer" xml:id="AliKan001">
            <tei:persName xml:lang="ru">
              <tei:forename sort="2">Alissa</tei:forename>
              <tei:surname sort="1">Kanaan</tei:surname>
            </tei:persName>
            <tei:birth when="1987"/>
          </person>
        </listPerson>
      </sourceDesc>
    </fileDesc>
  </teiHeader>
</TEI>
