<?xml version='1.0' encoding='UTF-8'?>
<TEI xmlns="http://www.tei-c.org/ns/1.0">
  <teiHeader>
    <fileDesc>
      <sourceDesc>
        <listPerson>
          <person xmlns:tei="http://www.tei-c.org/ns/1.0" sex="1" role="owner" xml:id="AllBru001">
            <tei:persName xml:lang="la">
              <tei:forename sort="2">Allebertus</tei:forename>
              <tei:surname sort="1">Bruenn</tei:surname>
            </tei:persName>
            <tei:occupation cert="low" xml:lang="en">Priest (?)</tei:occupation>
          </person>
        </listPerson>
      </sourceDesc>
    </fileDesc>
  </teiHeader>
</TEI>
