<?xml version='1.0' encoding='UTF-8'?>
<TEI xmlns="http://www.tei-c.org/ns/1.0">
  <teiHeader>
    <fileDesc>
      <sourceDesc>
        <listPerson>
          <person xmlns:tei="http://www.tei-c.org/ns/1.0" sex="1" role="scribe correspondent author" xml:id="AlvGom001">
            <tei:persName xml:lang="es">
              <tei:forename sort="2">Alvar</tei:forename>
              <tei:surname sort="1">Gómez de Castro</tei:surname>
            </tei:persName>
            <tei:birth when="1515">1515</tei:birth>
            <tei:death when="1580">1580</tei:death>
          </person>
        </listPerson>
      </sourceDesc>
    </fileDesc>
  </teiHeader>
</TEI>
