<?xml version='1.0' encoding='UTF-8'?>
<TEI xmlns="http://www.tei-c.org/ns/1.0">
  <teiHeader>
    <fileDesc>
      <sourceDesc>
        <listPerson>
          <person xmlns:tei="http://www.tei-c.org/ns/1.0" sex="1" role="scribe correspondent author" xml:id="AmbMor001">
            <tei:persName xml:lang="es">
              <tei:forename sort="2">Ambrosio</tei:forename>
              <tei:nameLink>de</tei:nameLink>
              <tei:surname sort="1">Morales</tei:surname>
            </tei:persName>
            <tei:birth when="1513">1513</tei:birth>
            <tei:death when="1591">1591</tei:death>
          </person>
        </listPerson>
      </sourceDesc>
    </fileDesc>
  </teiHeader>
</TEI>
