<?xml version='1.0' encoding='UTF-8'?>
<TEI xmlns="http://www.tei-c.org/ns/1.0">
  <teiHeader>
    <fileDesc>
      <sourceDesc>
        <listPerson>
          <person xmlns:tei="http://www.tei-c.org/ns/1.0" sex="1" role="marginal" xml:id="AmuHal001">
            <tei:persName xml:lang="is">
              <tei:forename sort="1">Ámundi</tei:forename>
              <tei:surname sort="2">Halldórsson</tei:surname>
            </tei:persName>
            <tei:birth when="1798-04-19">19. apríl 1798</tei:birth>
            <tei:death when="1881-07-16"/>
            <tei:residence xml:lang="is">
              <tei:placeName xml:lang="is" key="KirAuð01">
                <tei:placeName xml:lang="is">
                  <tei:settlement type="farm">Kirkjuból</tei:settlement>
                  <tei:region type="parish" key="#Auðkúl01"/>
                  <tei:region type="county" key="#VesÍsa01"/>
                  <tei:region type="geog" key="#Vestfi01"/>
                  <tei:country key="IS"/>
                </tei:placeName>
              </tei:placeName>
            </tei:residence>
            <tei:occupation xml:lang="is">Smiður</tei:occupation>
            <tei:occupation xml:lang="is">Bóndi</tei:occupation>
          </person>
        </listPerson>
      </sourceDesc>
    </fileDesc>
  </teiHeader>
</TEI>
