<?xml version='1.0' encoding='UTF-8'?>
<TEI xmlns="http://www.tei-c.org/ns/1.0">
  <teiHeader>
    <fileDesc>
      <sourceDesc>
        <listPerson>
          <person xmlns:tei="http://www.tei-c.org/ns/1.0" sex="1" role="marginal" xml:id="AndBer001">
            <tei:persName xml:lang="da">
              <tei:forename sort="2">Andreas</tei:forename>
              <tei:forename sort="3">Peter</tei:forename>
              <tei:surname sort="1">Berggreen</tei:surname>
            </tei:persName>
            <tei:birth when="1801-03-02">2. mars 1801</tei:birth>
            <tei:death when="1880-11-08">8. nóvember 1880</tei:death>
            <tei:residence xml:lang="is">
              <tei:settlement type="city" key="Copen01">Kaupmannahöfn</tei:settlement>
              <tei:country key="DK" xml:lang="is">Danmörk</tei:country>
            </tei:residence>
            <tei:occupation xml:lang="is">Tónskáld</tei:occupation>
          </person>
        </listPerson>
      </sourceDesc>
    </fileDesc>
  </teiHeader>
</TEI>
