<?xml version='1.0' encoding='UTF-8'?>
<TEI xmlns="http://www.tei-c.org/ns/1.0">
  <teiHeader>
    <fileDesc>
      <sourceDesc>
        <listPerson>
          <person xmlns:tei="http://www.tei-c.org/ns/1.0" sex="1" role="owner marginal" xml:id="AndBja001">
            <tei:persName xml:lang="is">
              <tei:forename sort="1">Andrés</tei:forename>
              <tei:surname sort="2">Bjarnason</tei:surname>
            </tei:persName>
            <tei:birth when="1821-10-17"/>
            <tei:death when="1874-04-17"/>
            <tei:residence xml:lang="is">
              <tei:placeName>
                <tei:settlement type="farm" key="ValBæj01">Valdasteinsstaðir</tei:settlement>
                <tei:region type="parish" key="#Bæjarh01">Bæjarhreppur</tei:region>
                <tei:region type="county" key="Strand01">Strandasýsla</tei:region>
                <tei:country key="IS">Ísland</tei:country>
              </tei:placeName>
            </tei:residence>
            <tei:residence xml:lang="is">
              <tei:placeName>
                <tei:settlement type="farm" key="FjaBæj01">Fjarðarhorn</tei:settlement>
                <tei:region type="parish" key="#Bæjarh01">Bæjarhreppur</tei:region>
                <tei:region type="county" key="Strand01">Strandasýsla</tei:region>
                <tei:country key="IS">Ísland</tei:country>
              </tei:placeName>
            </tei:residence>
          </person>
        </listPerson>
      </sourceDesc>
    </fileDesc>
  </teiHeader>
</TEI>
