<?xml version='1.0' encoding='UTF-8'?>
<TEI xmlns="http://www.tei-c.org/ns/1.0">
  <teiHeader>
    <fileDesc>
      <sourceDesc>
        <listPerson>
          <person xmlns:tei="http://www.tei-c.org/ns/1.0" sex="1" role="owner author" xml:id="AndBus001">
            <tei:persName xml:lang="la">
              <tei:forename sort="2">Andreas</tei:forename>
              <tei:surname sort="1">Bussæus</tei:surname>
            </tei:persName>
            <tei:persName xml:lang="no">
              <tei:forename sort="2">Anders</tei:forename>
              <tei:surname sort="1">Buss</tei:surname>
            </tei:persName>
            <tei:birth xml:lang="en" when="1679-03-31">
              31 March 1679
              <tei:placeName>
                <tei:country key="NO">Norway</tei:country>
              </tei:placeName>
            </tei:birth>
            <tei:birth xml:lang="da" when="1679-03-31">
              31. marts 1679
              <tei:placeName>
                <tei:country key="NO">Norge</tei:country>
              </tei:placeName>
            </tei:birth>
            <tei:death xml:lang="en" when="1736-01-04">
              4 January 1736
              <tei:placeName>
                <tei:country key="DK">Denmark</tei:country>
              </tei:placeName>
            </tei:death>
            <tei:death xml:lang="da" when="1736-01-04">
              4. januar 1736
              <tei:placeName>
                <tei:country key="DK">Danmark</tei:country>
              </tei:placeName>
            </tei:death>
            <tei:occupation xml:lang="en">Historian, philologist, lawyer</tei:occupation>
            <tei:occupation xml:lang="da">Historiker, filolog, advokat</tei:occupation>
            <tei:occupation xml:lang="is">Sagnfræðingur, textafræðingur, lögfræðingur</tei:occupation>
            <tei:bibl>
              <tei:ref target="DanBioLex">Dansk biografisk Lexikon</tei:ref>
              <tei:biblScope type="volume">II</tei:biblScope>
              <tei:biblScope type="pages">267-268</tei:biblScope>
            </tei:bibl>
          </person>
        </listPerson>
      </sourceDesc>
    </fileDesc>
  </teiHeader>
</TEI>
