<?xml version='1.0' encoding='UTF-8'?>
<TEI xmlns="http://www.tei-c.org/ns/1.0">
  <teiHeader>
    <fileDesc>
      <sourceDesc>
        <listPerson>
          <person xmlns:tei="http://www.tei-c.org/ns/1.0" sex="1" role="scribe" xml:id="AndDav002">
            <tei:persName xml:lang="no">
              <tei:forename sort="1">Andreas</tei:forename>
              <tei:surname sort="2">Davidson</tei:surname>
            </tei:persName>
            <tei:residence xml:lang="fo">
              <tei:placeName>
                <tei:settlement type="town">Miðvágur</tei:settlement>
                <tei:country key="FO" xml:lang="fo">Føroyar</tei:country>
                <tei:country key="FO" xml:lang="da">Færøerne</tei:country>
                <tei:country key="FO" xml:lang="en">Faroe Islands</tei:country>
              </tei:placeName>
            </tei:residence>
          </person>
        </listPerson>
      </sourceDesc>
    </fileDesc>
  </teiHeader>
</TEI>
