<?xml version='1.0' encoding='UTF-8'?>
<TEI xmlns="http://www.tei-c.org/ns/1.0">
  <teiHeader>
    <fileDesc>
      <sourceDesc>
        <listPerson>
          <person xmlns:tei="http://www.tei-c.org/ns/1.0" sex="1" role="owner" xml:id="AndDav001">
            <tei:persName xml:lang="is">
              <tei:forename sort="1">Andrés</tei:forename>
              <tei:surname sort="2">Davíðsson</tei:surname>
            </tei:persName>
            <tei:birth when="1856"/>
            <tei:residence xml:lang="is">
              <tei:placeName>
                <tei:settlement type="farm" key="ÞröBól01">Þröm</tei:settlement>
                <tei:region type="parish" key="#Bólsta01">Bólstaðarhlíðarhreppur</tei:region>
                <tei:region type="county" key="#AusHún01">Austur-Húnavatnssýsla</tei:region>
                <tei:country key="IS">Ísland</tei:country>
              </tei:placeName>
            </tei:residence>
            <tei:residence xml:lang="is">
              <tei:placeName>
                <tei:settlement type="farm" key="HánSey01">Hánefsstaðir</tei:settlement>
                <tei:region type="parish" key="#Seyðis01">Seyðisfjörður</tei:region>
                <tei:region type="county" key="#SuðMúl01">Suður-Múlasýsla</tei:region>
                <tei:country key="IS">Ísland</tei:country>
              </tei:placeName>
            </tei:residence>
            <tei:residence xml:lang="is">
              <tei:placeName>
                <tei:settlement type="farm" key="GunSke02">Gunnólfsvík</tei:settlement>
                <tei:region type="parish" key="Skeggj01">Skeggjastaðahreppur</tei:region>
                <tei:region type="county" key="NorMúl01">Norður-Múlasýsla</tei:region>
                <tei:country key="IS">Ísland</tei:country>
              </tei:placeName>
            </tei:residence>
            <tei:occupation xml:lang="is">Vinnumaður</tei:occupation>
            <tei:occupation xml:lang="is">Smáskammtalæknir</tei:occupation>
            <tei:occupation xml:lang="is">Bóndi</tei:occupation>
            <tei:note xml:lang="is">Fór til Vesturheims 1904.</tei:note>
          </person>
        </listPerson>
      </sourceDesc>
    </fileDesc>
  </teiHeader>
</TEI>
