<?xml version='1.0' encoding='UTF-8'?>
<TEI xmlns="http://www.tei-c.org/ns/1.0">
  <teiHeader>
    <fileDesc>
      <sourceDesc>
        <listPerson>
          <person xmlns:tei="http://www.tei-c.org/ns/1.0" sex="1" role="donor" xml:id="AndFje001">
            <tei:persName xml:lang="is">
              <tei:forename sort="1">Andrés</tei:forename>
              <tei:surname sort="2">Fjeldsted</tei:surname>
            </tei:persName>
            <tei:birth when="1835-10-31"/>
            <tei:death when="1917-04-23"/>
            <tei:occupation xml:lang="is">Bóndi</tei:occupation>
            <tei:residence xml:lang="is">
              <tei:placeName>
                <tei:settlement type="farm" key="HvíAnd03">Hvítárvellir</tei:settlement>
                <tei:region type="parish" key="#Andakí01">Andakílshreppur</tei:region>
                <tei:region type="county" key="#Borga01">Borgarfjarðarsýsla</tei:region>
                <tei:country key="IS">Ísland</tei:country>
              </tei:placeName>
            </tei:residence>
            <tei:residence xml:lang="is">
              <tei:placeName>
                <tei:settlement type="farm" key="FerBor04">Ferjukot</tei:settlement>
                <tei:region type="parish" key="#Borgar02">Borgarhreppur</tei:region>
                <tei:region type="county" key="#Mýras01">Mýrasýsla</tei:region>
                <tei:country key="IS">Ísland</tei:country>
              </tei:placeName>
            </tei:residence>
          </person>
        </listPerson>
      </sourceDesc>
    </fileDesc>
  </teiHeader>
</TEI>
