<?xml version='1.0' encoding='UTF-8'?>
<TEI xmlns="http://www.tei-c.org/ns/1.0">
  <teiHeader>
    <fileDesc>
      <sourceDesc>
        <listPerson>
          <person xmlns:tei="http://www.tei-c.org/ns/1.0" sex="1" role="marginal scribe poet" xml:id="AndHak001">
            <tei:persName xml:lang="is">
              <tei:forename sort="1">Andrés</tei:forename>
              <tei:surname sort="2">Hákonarson</tei:surname>
            </tei:persName>
            <tei:birth when="1817"/>
            <tei:death when="1897-03-11" xml:lang="is"/>
            <tei:residence xml:lang="is">
              <tei:placeName>
                <tei:settlement type="farm">Hóll</tei:settlement>
                <tei:region type="geog">Önundarfirði</tei:region>
                <tei:region type="county" key="VesÍsa01">Vestur-Ísafjarðarsýsla</tei:region>
                <tei:country key="IS" xml:lang="en">Iceland</tei:country>
              </tei:placeName>
            </tei:residence>
            <tei:residence xml:lang="is">
              <tei:placeName>
                <tei:settlement type="farm" key="HjaMos01">Hjarðardalur-Innri</tei:settlement>
                <tei:region type="parish" key="#Mosval01">Mosvallahreppur</tei:region>
                <tei:region type="county" key="#VesÍsa01">Vestur-Ísafjarðarsýsla</tei:region>
                <tei:country key="IS">Ísland</tei:country>
              </tei:placeName>
            </tei:residence>
            <tei:occupation xml:lang="en">Poet</tei:occupation>
            <tei:occupation xml:lang="da">Digter</tei:occupation>
            <tei:occupation xml:lang="is">Skáld</tei:occupation>
            <tei:occupation xml:lang="is">Bóndi</tei:occupation>
            <tei:bibl>
              <tei:ref target="IsAev">Íslenzkar æviskrár</tei:ref>
              <tei:biblScope type="volume">I</tei:biblScope>
              <tei:biblScope type="pages">10</tei:biblScope>
            </tei:bibl>
          </person>
        </listPerson>
      </sourceDesc>
    </fileDesc>
  </teiHeader>
</TEI>
