<?xml version='1.0' encoding='UTF-8'?>
<TEI xmlns="http://www.tei-c.org/ns/1.0">
  <teiHeader>
    <fileDesc>
      <sourceDesc>
        <listPerson>
          <person xmlns:tei="http://www.tei-c.org/ns/1.0" sex="1" role="owner" xml:id="AndJen001">
            <tei:persName xml:lang="da">
              <tei:forename sort="2">Anders</tei:forename>
              <tei:surname sort="1">Jenssen</tei:surname>
            </tei:persName>
            <tei:residence xml:lang="en">
              <tei:placeName>
                <tei:country key="DK">Denmark</tei:country>
              </tei:placeName>
            </tei:residence>
            <tei:residence xml:lang="da">
              <tei:placeName>
                <tei:country key="DK">Danmark</tei:country>
              </tei:placeName>
            </tei:residence>
            <tei:note>
              Owned AM 16 8vo in
              <tei:date from="1602" to="1604">1602-1604</tei:date>
              .
            </tei:note>
          </person>
        </listPerson>
      </sourceDesc>
    </fileDesc>
  </teiHeader>
</TEI>
