<?xml version='1.0' encoding='UTF-8'?>
<TEI xmlns="http://www.tei-c.org/ns/1.0">
  <teiHeader>
    <fileDesc>
      <sourceDesc>
        <listPerson>
          <person xmlns:tei="http://www.tei-c.org/ns/1.0" sex="1" role="donor" xml:id="AndJoh001">
            <tei:persName xml:lang="is">
              <tei:forename sort="1">Andrés</tei:forename>
              <tei:forename sort="1">Sigurjón</tei:forename>
              <tei:surname sort="2">Stefánsson</tei:surname>
              <tei:surname sort="3">Johnson</tei:surname>
            </tei:persName>
            <tei:birth cert="high" when="1885-09-05"/>
            <tei:death cert="high" when="1965-09-30"/>
            <tei:occupation xml:lang="is">Rakari</tei:occupation>
            <tei:occupation xml:lang="is">Þjóðminjasafnari</tei:occupation>
            <tei:note xml:lang="is">Fór til Vesturheims.</tei:note>
          </person>
        </listPerson>
      </sourceDesc>
    </fileDesc>
  </teiHeader>
</TEI>
