<?xml version='1.0' encoding='UTF-8'?>
<TEI xmlns="http://www.tei-c.org/ns/1.0">
  <teiHeader>
    <fileDesc>
      <sourceDesc>
        <listPerson>
          <person xmlns:tei="http://www.tei-c.org/ns/1.0" sex="2" role="marginal" xml:id="AndKul001">
            <tei:persName xml:lang="is">
              <tei:forename sort="1">Andrea</tei:forename>
              <tei:surname sort="2">Pétursdóttir</tei:surname>
              <tei:surname sort="3">Kúld</tei:surname>
            </tei:persName>
            <tei:birth cert="medium" when="1781">1781</tei:birth>
            <tei:death cert="high" when="1799-08-18">18. ágúst 1799</tei:death>
            <tei:residence xml:lang="is">
              <tei:placeName>
                <tei:settlement type="farm" key="FlaRey01">Flatey</tei:settlement>
                <tei:region type="parish" key="#Reykhó01">Reykhólahreppur</tei:region>
                <tei:region type="county" key="AusBar01">Austur-Barðastrandarsýsla</tei:region>
                <tei:country key="IS">Ísland</tei:country>
              </tei:placeName>
            </tei:residence>
          </person>
        </listPerson>
      </sourceDesc>
    </fileDesc>
  </teiHeader>
</TEI>
