<?xml version='1.0' encoding='UTF-8'?>
<TEI xmlns="http://www.tei-c.org/ns/1.0">
  <teiHeader>
    <fileDesc>
      <sourceDesc>
        <listPerson>
          <person xmlns:tei="http://www.tei-c.org/ns/1.0" sex="1" role="correspondent  scribe" xml:id="AndLin001">
            <tei:persName xml:lang="da">
              <tei:forename sort="2">Andreas</tei:forename>
              <tei:forename sort="3">Conrad</tei:forename>
              <tei:surname sort="4">Putscher</tei:surname>
              <tei:surname sort="1">Linde</tei:surname>
            </tei:persName>
            <tei:birth when="1814-08-30">
              30 August 1814
              <tei:placeName>
                <tei:settlement type="city">København</tei:settlement>
                <tei:country key="DK">Denmark</tei:country>
              </tei:placeName>
            </tei:birth>
            <tei:death when="1888-03-03">
              3 March 1888
              <tei:placeName>
                <tei:settlement type="city">København</tei:settlement>
                <tei:country key="DK">Denmark</tei:country>
              </tei:placeName>
            </tei:death>
            <tei:bibl>
              <tei:ref target="DBL">Dansk biografisk Lexikon</tei:ref>
              <tei:biblScope type="volume">X</tei:biblScope>
              <tei:biblScope type="pages">307-8</tei:biblScope>
            </tei:bibl>
          </person>
        </listPerson>
      </sourceDesc>
    </fileDesc>
  </teiHeader>
</TEI>
