<?xml version='1.0' encoding='UTF-8'?>
<TEI xmlns="http://www.tei-c.org/ns/1.0">
  <teiHeader>
    <fileDesc>
      <sourceDesc>
        <listPerson>
          <person xmlns:tei="http://www.tei-c.org/ns/1.0" sex="1" role="poet" xml:id="AndMag001">
            <tei:persName xml:lang="is">
              <tei:forename sort="1">Andrés</tei:forename>
              <tei:surname sort="2">Magnússon</tei:surname>
            </tei:persName>
            <tei:birth notBefore="1500" notAfter="1530">1500-1530</tei:birth>
            <tei:death notBefore="1584" notAfter="1600">1584-1600</tei:death>
            <tei:residence xml:lang="is">
              <tei:placeName>
                <tei:region type="parish">Ölfushreppur</tei:region>
                <tei:region type="county" key="#Árnes01">Árnessýsla</tei:region>
                <tei:country key="IS">Ísland</tei:country>
              </tei:placeName>
            </tei:residence>
            <tei:residence xml:lang="en">
              <tei:placeName>
                <tei:region type="parish">Ölfushreppur</tei:region>
                <tei:region type="county" key="#Árnes01">Árnessýsla</tei:region>
                <tei:region type="compass" xml:lang="en">Southern</tei:region>
                <tei:country key="IS">Iceland</tei:country>
              </tei:placeName>
            </tei:residence>
            <tei:residence xml:lang="da">
              <tei:placeName>
                <tei:region type="parish">Ölfushreppur</tei:region>
                <tei:region type="county" key="#Árnes01">Árnessýsla</tei:region>
                <tei:region type="compass" xml:lang="da">Sydlige</tei:region>
                <tei:country key="IS">Island</tei:country>
              </tei:placeName>
            </tei:residence>
            <tei:occupation xml:lang="en">Farmer</tei:occupation>
            <tei:occupation xml:lang="da">Landman</tei:occupation>
            <tei:occupation xml:lang="is">Bóndi</tei:occupation>
            <tei:occupation xml:lang="is">Lögréttumaður</tei:occupation>
            <tei:occupation xml:lang="en">Member of the lögrétta</tei:occupation>
            <tei:occupation xml:lang="da">Lovrettemand</tei:occupation>
            <tei:note xml:lang="is">Vitað er að hann samdi kvæði árið 1548.</tei:note>
            <tei:note xml:lang="en">Is known to have written a poem in 1548.</tei:note>
            <tei:note xml:lang="en">Er Á lífi 1584.</tei:note>
            <tei:note xml:lang="en">Is still alive in 1584.</tei:note>
            <tei:bibl>
              <tei:ref target="IsAev">Íslenzkar æviskrár</tei:ref>
              <tei:biblScope type="volume">I</tei:biblScope>
              <tei:biblScope type="pages">11</tei:biblScope>
            </tei:bibl>
            <tei:bibl>
              <tei:ref target="LRMT">Lögréttumannatal</tei:ref>
              <tei:biblScope type="pages">5</tei:biblScope>
            </tei:bibl>
          </person>
        </listPerson>
      </sourceDesc>
    </fileDesc>
  </teiHeader>
</TEI>
