<?xml version='1.0' encoding='UTF-8'?>
<TEI xmlns="http://www.tei-c.org/ns/1.0">
  <teiHeader>
    <fileDesc>
      <sourceDesc>
        <listPerson>
          <person xmlns:tei="http://www.tei-c.org/ns/1.0" sex="1" role="owner" xml:id="AndNil001">
            <tei:persName xml:lang="da">
              <tei:forename sort="2">Anders</tei:forename>
              <tei:surname sort="1">Nilssen</tei:surname>
            </tei:persName>
            <tei:persName xml:lang="da">
              <tei:forename sort="2">Anders</tei:forename>
              <tei:surname sort="1">Nielsson</tei:surname>
            </tei:persName>
            <tei:residence xml:lang="is">
              <tei:placeName>
                <tei:settlement type="city">Bergen</tei:settlement>
                <tei:country key="NO">Norway</tei:country>
              </tei:placeName>
              <tei:note xml:lang="en">According to Kålund.</tei:note>
            </tei:residence>
            <tei:occupation xml:lang="en">Mayor</tei:occupation>
            <tei:occupation xml:lang="da">Borgmester</tei:occupation>
            <tei:occupation xml:lang="is">Borgarstjóri</tei:occupation>
          </person>
        </listPerson>
      </sourceDesc>
    </fileDesc>
  </teiHeader>
</TEI>
