<?xml version='1.0' encoding='UTF-8'?>
<TEI xmlns="http://www.tei-c.org/ns/1.0">
  <teiHeader>
    <fileDesc>
      <sourceDesc>
        <listPerson>
          <person xmlns:tei="http://www.tei-c.org/ns/1.0" sex="1" role="author" xml:id="AndSun001">
            <tei:persName xml:lang="da">
              <tei:forename sort="2">Anders</tei:forename>
              <tei:surname sort="1">Sunesen</tei:surname>
            </tei:persName>
            <tei:persName xml:lang="da">
              <tei:forename sort="2">Andreas</tei:forename>
              <tei:surname sort="1">Sunesøn</tei:surname>
            </tei:persName>
            <tei:persName xml:lang="la">
              <tei:forename sort="1">Andreas</tei:forename>
              <tei:surname sort="2">Sunonis</tei:surname>
              <tei:genName sort="3">filius</tei:genName>
            </tei:persName>
            <tei:birth xml:lang="en" notBefore="1160-01-01" notAfter="1170-12-31">Between 1160 and 1170
              (1667?)</tei:birth>
            <tei:birth xml:lang="da" notBefore="1160-01-01" notAfter="1170-12-31">Mellem 1160 og 1170
              (1667?)</tei:birth>
            <tei:death xml:lang="en" notBefore="1228-01-01" notAfter="1228-12-31">1228</tei:death>
            <tei:death xml:lang="da" notBefore="1228-01-01" notAfter="1228-12-31">1228</tei:death>
            <tei:occupation xml:lang="en">Archbishop of Lund</tei:occupation>
            <tei:occupation xml:lang="da">Ærkebiskop i Lund</tei:occupation>
            <tei:occupation xml:lang="is">Erkibiskup</tei:occupation>
            <tei:bibl>
              <tei:ref target="DanBioLeks">Dansk biografisk leksikon</tei:ref>
              <tei:biblScope type="volume">XXIII</tei:biblScope>
              <tei:biblScope type="pages">142-46</tei:biblScope>
            </tei:bibl>
          </person>
        </listPerson>
      </sourceDesc>
    </fileDesc>
  </teiHeader>
</TEI>
