<?xml version='1.0' encoding='UTF-8'?>
<TEI xmlns="http://www.tei-c.org/ns/1.0">
  <teiHeader>
    <fileDesc>
      <sourceDesc>
        <listPerson>
          <person xmlns:tei="http://www.tei-c.org/ns/1.0" sex="1" role="author" xml:id="AndTei001">
            <tei:persName xml:lang="da">
              <tei:forename sort="2">Andreas</tei:forename>
              <tei:forename sort="3">Charles</tei:forename>
              <tei:surname sort="1">Teilmann</tei:surname>
            </tei:persName>
            <tei:birth xml:lang="is" when="1786-06-24"/>
            <tei:death xml:lang="da" when="1852-12-10"/>
            <tei:occupation xml:lang="da">Zoologisk Dilettant</tei:occupation>
            <tei:bibl>
              <tei:ref target="DanBioLex">Dansk biografisk Lexikon</tei:ref>
              <tei:biblScope type="volume">XVII</tei:biblScope>
              <tei:biblScope type="pages">120</tei:biblScope>
            </tei:bibl>
          </person>
        </listPerson>
      </sourceDesc>
    </fileDesc>
  </teiHeader>
</TEI>
