<?xml version='1.0' encoding='UTF-8'?>
<TEI xmlns="http://www.tei-c.org/ns/1.0">
  <teiHeader>
    <fileDesc>
      <sourceDesc>
        <listPerson>
          <person xmlns:tei="http://www.tei-c.org/ns/1.0" sex="1" role="owner" xml:id="AndVed001">
            <tei:persName xml:lang="da">
              <tei:forename sort="2">Anders</tei:forename>
              <tei:forename sort="3">Sørensen</tei:forename>
              <tei:surname sort="1">Vedel</tei:surname>
            </tei:persName>
            <tei:birth xml:lang="en" when="1542-11-09">
              9 November 1542
              <tei:placeName>
                <tei:settlement type="city">Vejle</tei:settlement>
                <tei:country key="DK">Denmark</tei:country>
              </tei:placeName>
            </tei:birth>
            <tei:birth xml:lang="da" when="1542-11-09">
              9. november 1542
              <tei:placeName>
                <tei:settlement type="city">Vejle</tei:settlement>
                <tei:country key="DK">Danmark</tei:country>
              </tei:placeName>
            </tei:birth>
            <tei:death xml:lang="en" when="1616-02-13">
              13 February 1616
              <tei:placeName>
                <tei:settlement type="city" key="Ribe01">Ribe</tei:settlement>
                <tei:country key="DK">Denmark</tei:country>
              </tei:placeName>
            </tei:death>
            <tei:death xml:lang="da" when="1616-02-13">
              13. februar 1616
              <tei:placeName>
                <tei:settlement type="city" key="Ribe01">Ribe</tei:settlement>
                <tei:country key="DK">Danmark</tei:country>
              </tei:placeName>
            </tei:death>
            <tei:occupation xml:lang="en">Historian</tei:occupation>
            <tei:occupation xml:lang="da">Historiker</tei:occupation>
            <tei:occupation xml:lang="is">Sagnfræðingur</tei:occupation>
            <tei:bibl>
              <tei:ref target="DanBioLeks">Dansk biografisk Leksikon</tei:ref>
              <tei:biblScope type="volume">XXV</tei:biblScope>
              <tei:biblScope type="pages">183-92</tei:biblScope>
            </tei:bibl>
          </person>
        </listPerson>
      </sourceDesc>
    </fileDesc>
  </teiHeader>
</TEI>
