<?xml version='1.0' encoding='UTF-8'?>
<TEI xmlns="http://www.tei-c.org/ns/1.0">
  <teiHeader>
    <fileDesc>
      <sourceDesc>
        <listPerson>
          <person xmlns:tei="http://www.tei-c.org/ns/1.0" sex="1" rend="binder nolist" role="binder" xml:id="AnkKys001">
            <tei:persName xml:lang="da">
              <tei:forename sort="2">Anker</tei:forename>
              <tei:surname sort="1">Kyster</tei:surname>
            </tei:persName>
            <tei:birth xml:lang="en" when="1864">1864</tei:birth>
            <tei:birth xml:lang="da" when="1864">1864</tei:birth>
            <tei:death xml:lang="en" when="1939">1939</tei:death>
            <tei:death xml:lang="da" when="1939">1939</tei:death>
            <tei:residence xml:lang="en">
              <tei:placeName>
                <tei:country key="DK">Denmark</tei:country>
              </tei:placeName>
            </tei:residence>
            <tei:residence xml:lang="da">
              <tei:placeName>
                <tei:country key="DK">Danmark</tei:country>
              </tei:placeName>
            </tei:residence>
            <tei:occupation xml:lang="is">Bókbindari</tei:occupation>
            <tei:occupation xml:lang="en">Book binder</tei:occupation>
            <tei:occupation xml:lang="da">Bogbinder</tei:occupation>
          </person>
        </listPerson>
      </sourceDesc>
    </fileDesc>
  </teiHeader>
</TEI>
