<?xml version='1.0' encoding='UTF-8'?>
<TEI xmlns="http://www.tei-c.org/ns/1.0">
  <teiHeader>
    <fileDesc>
      <sourceDesc>
        <listPerson>
          <person xmlns:tei="http://www.tei-c.org/ns/1.0" sex="2" role="marginal" xml:id="AnnBen002">
            <tei:persName xml:lang="is">
              <tei:forename sort="1">Anna</tei:forename>
              <tei:surname sort="2">Benediktsdóttir</tei:surname>
            </tei:persName>
            <tei:birth when="1791-03-17">17. mars 1791</tei:birth>
            <tei:death when="1865-05-02">2. maí 1865</tei:death>
            <tei:residence xml:lang="is">
              <tei:placeName>
                <tei:settlement type="farm" key="SanHof01">Sandfell</tei:settlement>
                <tei:region type="geog">Öræfi</tei:region>
                <tei:region type="parish" key="#Hofshr01">Hofshreppur</tei:region>
                <tei:region type="county" key="#AusSka02">Austur-Skaftafellssýsla</tei:region>
                <tei:country key="IS">Ísland</tei:country>
              </tei:placeName>
            </tei:residence>
            <tei:occupation xml:lang="is">Prestsfrú og ljósmóðir</tei:occupation>
          </person>
        </listPerson>
      </sourceDesc>
    </fileDesc>
  </teiHeader>
</TEI>
