<?xml version='1.0' encoding='UTF-8'?>
<TEI xmlns="http://www.tei-c.org/ns/1.0">
  <teiHeader>
    <fileDesc>
      <sourceDesc>
        <listPerson>
          <person xmlns:tei="http://www.tei-c.org/ns/1.0" sex="2" role=" undetermined" xml:id="AnnEin001">
            <tei:persName xml:lang="is">
              <tei:forename sort="1">Anna</tei:forename>
              <tei:surname sort="2">Einarsdóttir</tei:surname>
            </tei:persName>
            <tei:birth when="1834-04-10">10. apríl 1834</tei:birth>
            <tei:death when="1860-02-09">9. febrúar 1860</tei:death>
            <tei:residence xml:lang="is">
              <tei:placeName>
                <tei:settlement type="farm">(Gilsfjarðar-)Brekka</tei:settlement>
                <tei:region type="geog">Geiradalshreppur</tei:region>
                <tei:region type="county" key="#AusBar01">Austur-Barðastrandarsýsla</tei:region>
                <tei:country key="IS">Ísland</tei:country>
              </tei:placeName>
            </tei:residence>
            <tei:occupation xml:lang="is">Húsfreyja</tei:occupation>
          </person>
        </listPerson>
      </sourceDesc>
    </fileDesc>
  </teiHeader>
</TEI>
