<?xml version='1.0' encoding='UTF-8'?>
<TEI xmlns="http://www.tei-c.org/ns/1.0">
  <teiHeader>
    <fileDesc>
      <sourceDesc>
        <listPerson>
          <person xmlns:tei="http://www.tei-c.org/ns/1.0" sex="2" role="owner marginal poet" xml:id="AnnEbe001">
            <tei:persName xml:lang="is">
              <tei:forename sort="1">Anna</tei:forename>
              <tei:forename sort="2">Kristín</tei:forename>
              <tei:surname sort="3">Ebenezersdóttir</tei:surname>
            </tei:persName>
            <tei:birth when="1809-08-01">1. ágúst 1809</tei:birth>
            <tei:death when="1878-04-23">23. apríl 1878</tei:death>
            <tei:residence xml:lang="is">
              <tei:placeName xml:lang="is">
                <tei:settlement type="farm">Vigur</tei:settlement>
                <tei:region type="parish" key="#Ögurhr01">Ögurhreppur</tei:region>
                <tei:region type="county" key="#NorÍsa01">Norður-Ísafjarðarsýsla</tei:region>
                <tei:country key="IS">Ísland</tei:country>
              </tei:placeName>
            </tei:residence>
          </person>
        </listPerson>
      </sourceDesc>
    </fileDesc>
  </teiHeader>
</TEI>
