<?xml version='1.0' encoding='UTF-8'?>
<TEI xmlns="http://www.tei-c.org/ns/1.0">
  <teiHeader>
    <fileDesc>
      <sourceDesc>
        <listPerson>
          <person xmlns:tei="http://www.tei-c.org/ns/1.0" sex="2" role="marginal author poet" xml:id="AnnGud003">
            <tei:persName xml:lang="is">
              <tei:forename sort="1">Anna</tei:forename>
              <tei:surname sort="2">Guðmundsdóttir</tei:surname>
            </tei:persName>
            <tei:birth when="1784"/>
            <tei:death when="1862-06-15"/>
            <tei:residence xml:lang="is">
              <tei:placeName>
                <tei:settlement type="farm" key="AðaJök01">Aðalból</tei:settlement>
                <tei:region type="parish" key="#Jökuld01">Jökuldalshreppur</tei:region>
                <tei:region type="county" key="#NorMúl01">Norður-Múlasýsla</tei:region>
                <tei:country key="IS">Ísland</tei:country>
              </tei:placeName>
            </tei:residence>
          </person>
        </listPerson>
      </sourceDesc>
    </fileDesc>
  </teiHeader>
</TEI>
