<?xml version='1.0' encoding='UTF-8'?>
<TEI xmlns="http://www.tei-c.org/ns/1.0">
  <teiHeader>
    <fileDesc>
      <sourceDesc>
        <listPerson>
          <person xmlns:tei="http://www.tei-c.org/ns/1.0" sex="2" role="owner marginal" xml:id="AnnGud005">
            <tei:persName xml:lang="is">
              <tei:forename sort="1">Anna</tei:forename>
              <tei:surname sort="2">Guðbrandsdóttir</tei:surname>
            </tei:persName>
            <tei:birth xml:lang="is" when="1848">1848</tei:birth>
            <tei:residence xml:lang="is">
              <tei:placeName xml:lang="is">
                <tei:settlement type="farm" key="HvíSau01">Hvítidalur</tei:settlement>
                <tei:region type="parish" key="#Saurbæ01">Saurbæjarhreppur</tei:region>
                <tei:region type="county" key="#Dalas01">Dalasýsla</tei:region>
                <tei:country key="IS">Ísland</tei:country>
              </tei:placeName>
            </tei:residence>
          </person>
        </listPerson>
      </sourceDesc>
    </fileDesc>
  </teiHeader>
</TEI>
