<?xml version='1.0' encoding='UTF-8'?>
<TEI xmlns="http://www.tei-c.org/ns/1.0">
  <teiHeader>
    <fileDesc>
      <sourceDesc>
        <listPerson>
          <person xmlns:tei="http://www.tei-c.org/ns/1.0" sex="2" role="owner" xml:id="AnnGoy001">
            <tei:persName xml:lang="da">
              <tei:forename sort="2">Anne</tei:forename>
              <tei:surname sort="1">Gjøe</tei:surname>
            </tei:persName>
            <tei:birth when="1609-12-18">18 December 1609</tei:birth>
            <tei:death when="1681-01-09">9 January 1681</tei:death>
            <tei:bibl>
              <tei:ref target="DBL">Dansk biografisk Leksikon</tei:ref>
              <tei:biblScope type="volume">VIII</tei:biblScope>
              <tei:biblScope type="pages">126-27</tei:biblScope>
            </tei:bibl>
          </person>
        </listPerson>
      </sourceDesc>
    </fileDesc>
  </teiHeader>
</TEI>
