<?xml version='1.0' encoding='UTF-8'?>
<TEI xmlns="http://www.tei-c.org/ns/1.0">
  <teiHeader>
    <fileDesc>
      <sourceDesc>
        <listPerson>
          <person xmlns:tei="http://www.tei-c.org/ns/1.0" sex="2" role="marginal" xml:id="AnnHal001">
            <tei:persName xml:lang="is">
              <tei:forename sort="1">Anna</tei:forename>
              <tei:forename sort="2">Margrét</tei:forename>
              <tei:surname sort="3">Hallgrímsdóttir</tei:surname>
            </tei:persName>
            <tei:birth when="1815-12-27">27. desember 1815</tei:birth>
            <tei:death when="1866-06-20">20. júní 1866</tei:death>
            <tei:residence xml:lang="is">
              <tei:placeName xml:lang="is">
                <tei:settlement type="farm" key="SteÖxn01">Steinsstaðir</tei:settlement>
                <tei:region type="parish" key="#Öxnada01">Öxnadalshreppur</tei:region>
                <tei:region type="county" key="#Eyjafj02">Eyjafjarðarsýsla</tei:region>
                <tei:country key="IS">Ísland</tei:country>
              </tei:placeName>
            </tei:residence>
            <tei:occupation xml:lang="is">Vinnukona</tei:occupation>
          </person>
        </listPerson>
      </sourceDesc>
    </fileDesc>
  </teiHeader>
</TEI>
