<?xml version='1.0' encoding='UTF-8'?>
<TEI xmlns="http://www.tei-c.org/ns/1.0">
  <teiHeader>
    <fileDesc>
      <sourceDesc>
        <listPerson>
          <person xmlns:tei="http://www.tei-c.org/ns/1.0" sex="2" rend="nolist" role="cataloguer" xml:id="AnnHan001">
            <tei:persName xml:lang="da">
              <tei:forename sort="2">Anne</tei:forename>
              <tei:forename sort="3">Mette</tei:forename>
              <tei:surname sort="1">Hansen</tei:surname>
            </tei:persName>
            <tei:birth xml:lang="en" when="1959-09-30">30 September 1959</tei:birth>
            <tei:birth xml:lang="da" when="1959-09-30">30. september 1959</tei:birth>
            <tei:residence xml:lang="en">
              <tei:placeName>
                <tei:country key="DK">Denmark</tei:country>
              </tei:placeName>
            </tei:residence>
            <tei:residence xml:lang="da">
              <tei:placeName>
                <tei:country key="DK">Danmark</tei:country>
              </tei:placeName>
            </tei:residence>
          </person>
        </listPerson>
      </sourceDesc>
    </fileDesc>
  </teiHeader>
</TEI>
