<?xml version='1.0' encoding='UTF-8'?>
<TEI xmlns="http://www.tei-c.org/ns/1.0">
  <teiHeader>
    <fileDesc>
      <sourceDesc>
        <listPerson>
          <person xmlns:tei="http://www.tei-c.org/ns/1.0" sex="2" role="marginal" xml:id="AnnIsl001">
            <tei:persName xml:lang="is">
              <tei:forename sort="1">Anna</tei:forename>
              <tei:surname sort="2">Ísleifsdóttir</tei:surname>
            </tei:persName>
            <tei:birth when="1817"/>
            <tei:death when="1895-06-06"/>
            <tei:residence xml:lang="is">
              <tei:placeName>
                <tei:settlement type="farm" key="StóBæj01">Stóra-Hvalsá</tei:settlement>
                <tei:region type="parish" key="#Bæjarh01">Bæjarhreppur</tei:region>
                <tei:region type="county" key="#Strand01">Strandasýsla</tei:region>
                <tei:country key="IS">Ísland</tei:country>
              </tei:placeName>
            </tei:residence>
            <tei:residence xml:lang="is">
              <tei:placeName>
                <tei:settlement type="farm" key="FalSta01">Fallandastaðir</tei:settlement>
                <tei:region type="parish" key="#Staðar02">Staðarhreppur</tei:region>
                <tei:region type="county" key="VesHún01">Vestur-Húnavatnssýsla</tei:region>
                <tei:country key="IS">Ísland</tei:country>
              </tei:placeName>
            </tei:residence>
            <tei:residence xml:lang="is">
              <tei:placeName>
                <tei:settlement type="farm" key="BálSta01">Bálkastaðir</tei:settlement>
                <tei:region type="parish" key="#Staðar02">Staðarhreppur</tei:region>
                <tei:region type="county" key="VesHún01">Vestur-Húnavatnssýsla</tei:region>
                <tei:country key="IS">Ísland</tei:country>
              </tei:placeName>
            </tei:residence>
            <tei:residence xml:lang="is">
              <tei:placeName>
                <tei:settlement type="farm" key="StaSta03">Staður</tei:settlement>
                <tei:region type="parish" key="#Staðar02">Staðarhreppur</tei:region>
                <tei:region type="county" key="#VesHún01">Vestur-Húnavatnssýsla</tei:region>
                <tei:country key="IS">Ísland</tei:country>
              </tei:placeName>
            </tei:residence>
            <tei:residence xml:lang="is">
              <tei:placeName>
                <tei:settlement type="farm" key="HrúSta01">Hrútatunga</tei:settlement>
                <tei:region type="parish" key="#Staðar02">Staðarhreppur</tei:region>
                <tei:region type="county" key="VesHún01">Vestur-Húnavatnssýsla</tei:region>
                <tei:country key="IS">Ísland</tei:country>
              </tei:placeName>
            </tei:residence>
            <tei:residence xml:lang="is">
              <tei:placeName>
                <tei:settlement type="farm" key="BraSta01">Brandagil</tei:settlement>
                <tei:region type="parish" key="#Staðar02">Staðarhreppur</tei:region>
                <tei:region type="county" key="#VesHún01">Vestur-Húnavatnssýsla</tei:region>
                <tei:country key="IS">Ísland</tei:country>
              </tei:placeName>
            </tei:residence>
            <tei:occupation xml:lang="is">Húsfreyja</tei:occupation>
          </person>
        </listPerson>
      </sourceDesc>
    </fileDesc>
  </teiHeader>
</TEI>
