<?xml version='1.0' encoding='UTF-8'?>
<TEI xmlns="http://www.tei-c.org/ns/1.0">
  <teiHeader>
    <fileDesc>
      <sourceDesc>
        <listPerson>
          <person xmlns:tei="http://www.tei-c.org/ns/1.0" sex="2" role="owner" xml:id="AnnJon001">
            <tei:persName xml:lang="is">
              <tei:forename sort="1">Anna</tei:forename>
              <tei:surname sort="2">Jónsdóttir</tei:surname>
            </tei:persName>
            <tei:residence xml:lang="is">
              <tei:placeName>
                <tei:settlement type="farm">Grund</tei:settlement>
                <tei:country key="IS">Ísland</tei:country>
              </tei:placeName>
            </tei:residence>
          </person>
        </listPerson>
      </sourceDesc>
    </fileDesc>
  </teiHeader>
</TEI>
