<?xml version='1.0' encoding='UTF-8'?>
<TEI xmlns="http://www.tei-c.org/ns/1.0">
  <teiHeader>
    <fileDesc>
      <sourceDesc>
        <listPerson>
          <person xmlns:tei="http://www.tei-c.org/ns/1.0" sex="2" role="marginal owner" xml:id="AnnJon007">
            <tei:persName xml:lang="is">
              <tei:forename sort="1">Anna</tei:forename>
              <tei:surname sort="2">Jónsdóttir</tei:surname>
            </tei:persName>
            <tei:birth when="1812-10-12">12. október 1812</tei:birth>
            <tei:death when="1886-06-21">21. júní 1886</tei:death>
            <tei:residence xml:lang="is">
              <tei:placeName xml:lang="is">
                <tei:settlement type="farm">Siglunes</tei:settlement>
                <tei:region type="parish" key="#Sigluf01">Siglufjarðarhreppur</tei:region>
                <tei:region type="county" key="#Eyjafj02">Eyjafjarðarsýsla</tei:region>
                <tei:country key="IS">Ísland</tei:country>
              </tei:placeName>
            </tei:residence>
            <tei:occupation xml:lang="is">Vinnukona</tei:occupation>
          </person>
        </listPerson>
      </sourceDesc>
    </fileDesc>
  </teiHeader>
</TEI>
