<?xml version='1.0' encoding='UTF-8'?>
<TEI xmlns="http://www.tei-c.org/ns/1.0">
  <teiHeader>
    <fileDesc>
      <sourceDesc>
        <listPerson>
          <person xmlns:tei="http://www.tei-c.org/ns/1.0" sex="2" role="informant" xml:id="AnnJoe002">
            <tei:persName xml:lang="da">
              <tei:forename sort="2">Anna</tei:forename>
              <tei:forename sort="3">Sophia</tei:forename>
              <tei:forename sort="4">Maria</tei:forename>
              <tei:surname sort="1">Joensdatter</tei:surname>
              <tei:addName type="epithet">(Anna Sofía á Skála)</tei:addName>
            </tei:persName>
            <tei:persName xml:lang="fo">
              <tei:forename sort="1">Anna</tei:forename>
              <tei:forename sort="2">Sofía</tei:forename>
              <tei:surname sort="3">á Skála</tei:surname>
            </tei:persName>
            <tei:birth cert="high" when="1822">1822</tei:birth>
            <tei:death cert="high" when="1863">1863</tei:death>
            <tei:residence xml:lang="fo">
              <tei:placeName>
                <tei:settlement type="city" xml:lang="fo" key="VagSud01">Vágur</tei:settlement>
                <tei:region type="geog" key="Suduroy" xml:lang="fo">Suðuroy</tei:region>
                <tei:country key="FO" xml:lang="fo">Føroyar</tei:country>
              </tei:placeName>
            </tei:residence>
            <tei:residence xml:lang="is">
              <tei:placeName>
                <tei:settlement type="city" xml:lang="is" key="VagSud01">Vágur</tei:settlement>
                <tei:region type="geog" key="Suduroy" xml:lang="is">Suðurey</tei:region>
                <tei:country key="FO" xml:lang="is">Færeyjar</tei:country>
              </tei:placeName>
            </tei:residence>
            <tei:residence xml:lang="da">
              <tei:placeName>
                <tei:settlement type="city" xml:lang="da" key="VagSud01">Våg</tei:settlement>
                <tei:region type="geog" key="Suduroy" xml:lang="da">Suderø</tei:region>
                <tei:country key="FO" xml:lang="da">Færøerne</tei:country>
              </tei:placeName>
            </tei:residence>
            <tei:residence xml:lang="en">
              <tei:placeName>
                <tei:settlement type="city" xml:lang="en" key="VagSud01">Vágur</tei:settlement>
                <tei:region type="geog" key="Suduroy" xml:lang="en">Suðuroy</tei:region>
                <tei:country key="FO" xml:lang="en">Faroe Islands</tei:country>
              </tei:placeName>
            </tei:residence>
            <tei:occupation xml:lang="fo">Bóndakona</tei:occupation>
            <tei:occupation xml:lang="is">Bóndakona</tei:occupation>
            <tei:occupation xml:lang="da">Bondekone</tei:occupation>
            <tei:occupation xml:lang="en">Farmer's wife</tei:occupation>
          </person>
        </listPerson>
      </sourceDesc>
    </fileDesc>
  </teiHeader>
</TEI>
