<?xml version='1.0' encoding='UTF-8'?>
<TEI xmlns="http://www.tei-c.org/ns/1.0">
  <teiHeader>
    <fileDesc>
      <sourceDesc>
        <listPerson>
          <person xmlns:tei="http://www.tei-c.org/ns/1.0" sex="2" role="owner" xml:id="AnnJon002">
            <tei:persName xml:lang="is">
              <tei:forename sort="1">Anna</tei:forename>
              <tei:surname sort="2">Jónsdóttir</tei:surname>
              ;
              <tei:addName type="epithet" sort="3">digra</tei:addName>
            </tei:persName>
            <tei:birth cert="high" when="1650-11"/>
            <tei:death cert="high" when="1722-04-28"/>
            <tei:residence xml:lang="is">
              <tei:placeName>
                <tei:settlement type="farm" key="BreSve01">Breiðabólsstaður</tei:settlement>
                <tei:region type="parish" key="#Sveins01">Sveinsstaðahreppur</tei:region>
                <tei:region type="county" key="AusHún01">Austur-Húnavatnssýsla</tei:region>
                <tei:country key="IS">Ísland</tei:country>
              </tei:placeName>
            </tei:residence>
            <tei:occupation xml:lang="is">Prestfrú</tei:occupation>
            <tei:bibl>
              <tei:ref target="IsAev">Íslenzkar æviskrár</tei:ref>
              <tei:biblScope type="volume">IV</tei:biblScope>
              <tei:biblScope type="pages">92-93</tei:biblScope>
            </tei:bibl>
          </person>
        </listPerson>
      </sourceDesc>
    </fileDesc>
  </teiHeader>
</TEI>
