<?xml version='1.0' encoding='UTF-8'?>
<TEI xmlns="http://www.tei-c.org/ns/1.0">
  <teiHeader>
    <fileDesc>
      <sourceDesc>
        <listPerson>
          <person xmlns:tei="http://www.tei-c.org/ns/1.0" sex="2" role="student cataloguer" xml:id="AnnLad001">
            <tei:persName xml:lang="da">
              <tei:forename sort="2">Anne</tei:forename>
              <tei:surname sort="1">Ladefoged</tei:surname>
            </tei:persName>
          </person>
        </listPerson>
      </sourceDesc>
    </fileDesc>
  </teiHeader>
</TEI>
