<?xml version='1.0' encoding='UTF-8'?>
<TEI xmlns="http://www.tei-c.org/ns/1.0">
  <teiHeader>
    <fileDesc>
      <sourceDesc>
        <listPerson>
          <person xmlns:tei="http://www.tei-c.org/ns/1.0" sex="2" role="poet" xml:id="AnnMag003">
            <tei:persName xml:lang="is">
              <tei:forename sort="1">Anna</tei:forename>
              <tei:surname sort="2">Magnúsdóttir</tei:surname>
            </tei:persName>
            <tei:birth when="1765">1765</tei:birth>
            <tei:death when="1832-12-13">13. desember 1832</tei:death>
            <tei:residence xml:lang="is">
              <tei:placeName>
                <tei:settlement type="farm" key="UlfBor02">Úlfsstaðir</tei:settlement>
                <tei:region type="county" key="#NorMúl01">Norður-Múlasýsla</tei:region>
                <tei:region type="compass" xml:lang="is">Austurland</tei:region>
                <tei:country key="IS">Ísland</tei:country>
              </tei:placeName>
            </tei:residence>
          </person>
        </listPerson>
      </sourceDesc>
    </fileDesc>
  </teiHeader>
</TEI>
