<?xml version='1.0' encoding='UTF-8'?>
<TEI xmlns="http://www.tei-c.org/ns/1.0">
  <teiHeader>
    <fileDesc>
      <sourceDesc>
        <listPerson>
          <person xmlns:tei="http://www.tei-c.org/ns/1.0" sex="2" role="marginal" xml:id="AnnMag002">
            <tei:persName xml:lang="is">
              <tei:forename sort="1">Anna</tei:forename>
              <tei:surname sort="2">Magnúsdóttir</tei:surname>
            </tei:persName>
            <tei:birth when="1813-11-04">4. apríl 1813</tei:birth>
            <tei:death when="1887-05">Maí 1887</tei:death>
            <tei:residence xml:lang="is">
              <tei:placeName>
                <tei:settlement type="farm" key="MunÖng01">Munkaþverá</tei:settlement>
                <tei:region type="parish" key="#Önguls01"/>
                <tei:region type="county" key="#Eyjafj02"/>
                <tei:region type="geog" key="#Norðle01"/>
                <tei:country key="IS"/>
              </tei:placeName>
            </tei:residence>
            <tei:residence xml:lang="is">
              <tei:placeName xml:lang="is">
                <tei:region type="parish">Akureyri</tei:region>
                <tei:region type="county" key="#Eyjafj02"/>
                <tei:region type="geog" key="#Norðle01"/>
                <tei:country key="IS"/>
              </tei:placeName>
            </tei:residence>
            <tei:occupation xml:lang="is">Húsfreyja</tei:occupation>
          </person>
        </listPerson>
      </sourceDesc>
    </fileDesc>
  </teiHeader>
</TEI>
