<?xml version='1.0' encoding='UTF-8'?>
<TEI xmlns="http://www.tei-c.org/ns/1.0">
  <teiHeader>
    <fileDesc>
      <sourceDesc>
        <listPerson>
          <person xmlns:tei="http://www.tei-c.org/ns/1.0" sex="2" role="owner" xml:id="AnnMul001">
            <tei:persName xml:lang="da">
              <tei:forename sort="2">Anna</tei:forename>
              <tei:surname sort="1" type="maiden">Tune</tei:surname>
            </tei:persName>
            <tei:persName xml:lang="da">
              <tei:forename sort="2">Anna</tei:forename>
              <tei:surname sort="1" type="married">Mule</tei:surname>
            </tei:persName>
            <tei:occupation xml:lang="en">
              titular councillor of state (
              <tei:foreign xml:lang="da">etatsrådinde</tei:foreign>
              )
            </tei:occupation>
          </person>
        </listPerson>
      </sourceDesc>
    </fileDesc>
  </teiHeader>
</TEI>
