<?xml version='1.0' encoding='UTF-8'?>
<TEI xmlns="http://www.tei-c.org/ns/1.0">
  <teiHeader>
    <fileDesc>
      <sourceDesc>
        <listPerson>
          <person xmlns:tei="http://www.tei-c.org/ns/1.0" sex="2" role="scholar" xml:id="AnnRii001">
            <tei:persName xml:lang="da">
              <tei:forename sort="2">Anne</tei:forename>
              <tei:surname sort="1">Riising</tei:surname>
            </tei:persName>
            <tei:residence xml:lang="en">
              <tei:placeName>
                <tei:country key="DK">Denmark</tei:country>
              </tei:placeName>
            </tei:residence>
            <tei:residence xml:lang="da">
              <tei:placeName>
                <tei:country key="DK">Danmark</tei:country>
              </tei:placeName>
            </tei:residence>
          </person>
        </listPerson>
      </sourceDesc>
    </fileDesc>
  </teiHeader>
</TEI>
