<?xml version='1.0' encoding='UTF-8'?>
<TEI xmlns="http://www.tei-c.org/ns/1.0">
  <teiHeader>
    <fileDesc>
      <sourceDesc>
        <listPerson>
          <person xmlns:tei="http://www.tei-c.org/ns/1.0" sex="2" rend="nolist" role="cataloguer" xml:id="AnnSee001">
            <tei:persName xml:lang="da">
              <tei:forename sort="2">Anne</tei:forename>
              <tei:forename sort="3">Wedel</tei:forename>
              <tei:surname sort="1">Seerup</tei:surname>
            </tei:persName>
            <tei:birth xml:lang="en" when="1976-10-17">17 October 1976</tei:birth>
            <tei:birth xml:lang="da" when="1976-10-17">17. oktober 1976</tei:birth>
            <tei:residence xml:lang="en">
              <tei:placeName>
                <tei:settlement type="city">Cork</tei:settlement>
                <tei:country>Ireland</tei:country>
              </tei:placeName>
            </tei:residence>
            <tei:residence xml:lang="da">
              <tei:placeName>
                <tei:settlement type="city">Cork</tei:settlement>
                <tei:country>Ireland</tei:country>
              </tei:placeName>
            </tei:residence>
          </person>
        </listPerson>
      </sourceDesc>
    </fileDesc>
  </teiHeader>
</TEI>
