<?xml version='1.0' encoding='UTF-8'?>
<TEI xmlns="http://www.tei-c.org/ns/1.0">
  <teiHeader>
    <fileDesc>
      <sourceDesc>
        <listPerson>
          <person xmlns:tei="http://www.tei-c.org/ns/1.0" sex="2" role=" donor" xml:id="AnnTho002">
            <tei:persName xml:lang="is">
              <tei:forename sort="1">Anna</tei:forename>
              <tei:forename sort="2">Louise</tei:forename>
              <tei:surname sort="3">Pétursdóttir</tei:surname>
              <tei:surname sort="4">Thoroddsen</tei:surname>
            </tei:persName>
            <tei:birth when="1858-12-18"/>
            <tei:death when="1939-04-10"/>
            <tei:occupation xml:lang="is">Húsfreyja</tei:occupation>
          </person>
        </listPerson>
      </sourceDesc>
    </fileDesc>
  </teiHeader>
</TEI>
