<?xml version='1.0' encoding='UTF-8'?>
<TEI xmlns="http://www.tei-c.org/ns/1.0">
  <teiHeader>
    <fileDesc>
      <sourceDesc>
        <listPerson>
          <person xmlns:tei="http://www.tei-c.org/ns/1.0" sex="2" role=" undetermined" xml:id="AnnTho001">
            <tei:persName xml:lang="is">
              <tei:forename sort="1">Anna</tei:forename>
              <tei:forename sort="2">Sigríður</tei:forename>
              <tei:surname sort="3">Stefánsdóttir</tei:surname>
              <tei:surname sort="4">Thorarensen</tei:surname>
            </tei:persName>
            <tei:birth when="1790-05-20"/>
            <tei:death when="1844-06-08"/>
            <tei:occupation xml:lang="is">Húsfreyja</tei:occupation>
          </person>
        </listPerson>
      </sourceDesc>
    </fileDesc>
  </teiHeader>
</TEI>
