<?xml version='1.0' encoding='UTF-8'?>
<TEI xmlns="http://www.tei-c.org/ns/1.0">
  <teiHeader>
    <fileDesc>
      <sourceDesc>
        <listPerson>
          <person xmlns:tei="http://www.tei-c.org/ns/1.0" sex="2" role="marginal owner" xml:id="AnnTor001">
            <tei:persName xml:lang="is">
              <tei:forename sort="1">Anna</tei:forename>
              <tei:surname sort="2">Torfadóttir</tei:surname>
            </tei:persName>
            <tei:birth xml:lang="is" when="1718">Um 1718</tei:birth>
            <tei:death xml:lang="is" when="1801-07-29">29. júlí 1801</tei:death>
            <tei:occupation xml:lang="is">Húsfreyja</tei:occupation>
            <tei:residence xml:lang="is">
              <tei:placeName xml:lang="is">
                <tei:settlement type="farm">Stóra-Brekka</tei:settlement>
                <tei:region type="parish" key="#Borgar02"/>
                <tei:region type="county" key="#Mýras01"/>
                <tei:country key="IS"/>
              </tei:placeName>
            </tei:residence>
          </person>
        </listPerson>
      </sourceDesc>
    </fileDesc>
  </teiHeader>
</TEI>
