<?xml version='1.0' encoding='UTF-8'?>
<TEI xmlns="http://www.tei-c.org/ns/1.0">
  <teiHeader>
    <fileDesc>
      <sourceDesc>
        <listPerson>
          <person xmlns:tei="http://www.tei-c.org/ns/1.0" sex="1" role="marginal" xml:id="AntSig002">
            <tei:persName xml:lang="is">
              <tei:forename sort="1">Anton</tei:forename>
              <tei:surname sort="2">Sigurðsson</tei:surname>
            </tei:persName>
            <tei:birth when="1818-05-02">2. maí 1818</tei:birth>
            <tei:death when="1891-06-03">3. júní 1891</tei:death>
            <tei:residence xml:lang="is">
              <tei:placeName xml:lang="is">
                <tei:settlement type="farm" key="ArnArn02">Arnarnes</tei:settlement>
                <tei:region type="parish" key="#Arnarn01">Arnarneshreppur</tei:region>
                <tei:region type="county" key="#Eyjafj02">Eyjafjarðarsýsla</tei:region>
                <tei:country key="IS"/>
              </tei:placeName>
            </tei:residence>
            <tei:occupation xml:lang="is">Bóndi</tei:occupation>
          </person>
        </listPerson>
      </sourceDesc>
    </fileDesc>
  </teiHeader>
</TEI>
