<?xml version='1.0' encoding='UTF-8'?>
<TEI xmlns="http://www.tei-c.org/ns/1.0">
  <teiHeader>
    <fileDesc>
      <sourceDesc>
        <listPerson>
          <person xmlns:tei="http://www.tei-c.org/ns/1.0" sex="1" role="marginal" xml:id="ApoSch001">
            <tei:persName xml:lang="no">
              <tei:forename sort="2">Appollonia</tei:forename>
              <tei:surname sort="1">Schwartzkopf</tei:surname>
            </tei:persName>
            <tei:death when="1724"/>
            <tei:residence xml:lang="is">
              <tei:placeName>
                <tei:country key="NO">Noregur</tei:country>
              </tei:placeName>
            </tei:residence>
          </person>
        </listPerson>
      </sourceDesc>
    </fileDesc>
  </teiHeader>
</TEI>
