<?xml version='1.0' encoding='UTF-8'?>
<TEI xmlns="http://www.tei-c.org/ns/1.0">
  <teiHeader>
    <fileDesc>
      <sourceDesc>
        <listPerson>
          <person xmlns:tei="http://www.tei-c.org/ns/1.0" sex="1" role="author" xml:id="AprBej001">
            <tei:persName xml:lang="pt">
              <tei:forename sort="2">Apringius</tei:forename>
              <tei:nameLink>de</tei:nameLink>
              <tei:surname sort="1">Beja</tei:surname>
            </tei:persName>
            <tei:persName xml:lang="la">
              <tei:forename sort="1">Apringius</tei:forename>
              <tei:surname sort="2">Pacensis</tei:surname>
            </tei:persName>
            <tei:birth xml:lang="en" notBefore="0500" notAfter="0550">c. 525</tei:birth>
            <tei:birth xml:lang="da" notBefore="0500" notAfter="0550">ca. 525</tei:birth>
            <tei:death xml:lang="en" notBefore="0550" notAfter="0600">c. 575</tei:death>
            <tei:death xml:lang="da" notBefore="0550" notAfter="0600">ca. 575</tei:death>
            <tei:residence xml:lang="en">
              <tei:placeName>
                <tei:settlement type="city">Beja</tei:settlement>
                <tei:country>Portugal</tei:country>
              </tei:placeName>
            </tei:residence>
            <tei:residence xml:lang="da">
              <tei:placeName>
                <tei:settlement type="city">Beja</tei:settlement>
                <tei:country>Portugal</tei:country>
              </tei:placeName>
            </tei:residence>
            <tei:occupation xml:lang="en">Bishop</tei:occupation>
            <tei:occupation xml:lang="da">Biskop</tei:occupation>
            <tei:occupation xml:lang="is">Biskup</tei:occupation>
          </person>
        </listPerson>
      </sourceDesc>
    </fileDesc>
  </teiHeader>
</TEI>
