<?xml version='1.0' encoding='UTF-8'?>
<TEI xmlns="http://www.tei-c.org/ns/1.0">
  <teiHeader>
    <fileDesc>
      <sourceDesc>
        <listPerson>
          <person xmlns:tei="http://www.tei-c.org/ns/1.0" sex="1" role="donor" xml:id="AriArn001">
            <tei:persName xml:lang="is">
              <tei:forename sort="1">Arinbjörn</tei:forename>
              <tei:surname sort="2">Árnason</tei:surname>
            </tei:persName>
            <tei:birth when="1946-04-06"/>
            <tei:residence xml:lang="is">
              <tei:placeName>
                <tei:settlement type="farm" key="FinEið01">Finnsstaðir I</tei:settlement>
                <tei:region type="parish" key="#Eiðahr01">Eiðahreppur</tei:region>
                <tei:region type="county" key="SuðMúl01">Suður-Múlasýsla</tei:region>
                <tei:country key="IS">Ísland</tei:country>
              </tei:placeName>
            </tei:residence>
            <tei:occupation xml:lang="is">Bóndi</tei:occupation>
          </person>
        </listPerson>
      </sourceDesc>
    </fileDesc>
  </teiHeader>
</TEI>
