<?xml version='1.0' encoding='UTF-8'?>
<TEI xmlns="http://www.tei-c.org/ns/1.0">
  <teiHeader>
    <fileDesc>
      <sourceDesc>
        <listPerson>
          <person xmlns:tei="http://www.tei-c.org/ns/1.0" sex="1" role="correspondent" xml:id="AriAra002">
            <tei:persName xml:lang="is">
              <tei:forename sort="1">Ari</tei:forename>
              <tei:surname sort="2">Arason</tei:surname>
              <tei:surname sort="3">Arasen</tei:surname>
            </tei:persName>
            <tei:birth when="1813-01-01">1. janúar 1813</tei:birth>
            <tei:death when="1881-09-13">13. september 1881</tei:death>
            <tei:residence xml:lang="is">
              <tei:placeName>
                <tei:settlement type="farm" key="FluAkr03">Flugumýri</tei:settlement>
                <tei:region type="parish" key="#Akrahr01">Akrahreppur</tei:region>
                <tei:region type="county" key="Skagaf01">Skagafjarðarsýsla</tei:region>
                <tei:country key="IS">Ísland</tei:country>
              </tei:placeName>
            </tei:residence>
            <tei:occupation xml:lang="is">Bóndi</tei:occupation>
            <tei:occupation xml:lang="is">Stúdent</tei:occupation>
            <tei:bibl>
              <tei:ref target="IsAev">Íslenzkar æviskrár</tei:ref>
              <tei:biblScope type="volume">I</tei:biblScope>
              <tei:biblScope type="pages">13</tei:biblScope>
            </tei:bibl>
          </person>
        </listPerson>
      </sourceDesc>
    </fileDesc>
  </teiHeader>
</TEI>
