<?xml version='1.0' encoding='UTF-8'?>
<TEI xmlns="http://www.tei-c.org/ns/1.0">
  <teiHeader>
    <fileDesc>
      <sourceDesc>
        <listPerson>
          <person xmlns:tei="http://www.tei-c.org/ns/1.0" sex="1" role="correspondent  scribe poet" xml:id="AriAra001">
            <tei:persName xml:lang="is">
              <tei:forename sort="1">Ari</tei:forename>
              <tei:surname sort="2">Arason</tei:surname>
            </tei:persName>
            <tei:birth when="1763-03-23">23. mars 1763</tei:birth>
            <tei:death when="1840-12-06">6. desember 1840</tei:death>
            <tei:residence xml:lang="is">
              <tei:placeName>
                <tei:settlement type="farm" key="VíðAkr01">Víðivellir</tei:settlement>
                <tei:region type="parish" key="#Akrahr01">Akrahreppur</tei:region>
                <tei:region type="county" key="Skagaf01">Skagafjarðarsýsla</tei:region>
                <tei:country key="IS">Ísland</tei:country>
              </tei:placeName>
            </tei:residence>
            <tei:residence xml:lang="is">
              <tei:date from="1803" to="1831"/>
              <tei:placeName>
                <tei:settlement type="farm" key="FluAkr03">Flugumýri</tei:settlement>
                <tei:region type="parish" key="#Akrahr01">Akrahreppur</tei:region>
                <tei:region type="county" key="Skagaf01">Skagafjarðarsýsla</tei:region>
                <tei:country key="IS">Ísland</tei:country>
              </tei:placeName>
            </tei:residence>
            <tei:occupation xml:lang="en">Doctor</tei:occupation>
            <tei:occupation xml:lang="da">Læge</tei:occupation>
            <tei:occupation xml:lang="is">Læknir</tei:occupation>
            <tei:bibl>
              <tei:ref target="IsAev">Íslenzkar æviskrár</tei:ref>
              <tei:biblScope type="volume">I</tei:biblScope>
              <tei:biblScope type="pages">12</tei:biblScope>
            </tei:bibl>
          </person>
        </listPerson>
      </sourceDesc>
    </fileDesc>
  </teiHeader>
</TEI>
