<?xml version='1.0' encoding='UTF-8'?>
<TEI xmlns="http://www.tei-c.org/ns/1.0">
  <teiHeader>
    <fileDesc>
      <sourceDesc>
        <listPerson>
          <person xmlns:tei="http://www.tei-c.org/ns/1.0" sex="1" role="Intermediary" xml:id="AriBra001">
            <tei:persName xml:lang="is">
              <tei:forename sort="1">Ari</tei:forename>
              <tei:forename sort="1">Gísli</tei:forename>
              <tei:surname sort="2">Bragason</tei:surname>
            </tei:persName>
            <tei:occupation xml:lang="is">Fornbókasali</tei:occupation>
          </person>
        </listPerson>
      </sourceDesc>
    </fileDesc>
  </teiHeader>
</TEI>
