<?xml version='1.0' encoding='UTF-8'?>
<TEI xmlns="http://www.tei-c.org/ns/1.0">
  <teiHeader>
    <fileDesc>
      <sourceDesc>
        <listPerson>
          <person xmlns:tei="http://www.tei-c.org/ns/1.0" sex="1" role="donor scribe correspondent" xml:id="AriFin001">
            <tei:persName xml:lang="is">
              <tei:forename sort="1">Ari</tei:forename>
              <tei:surname sort="2">Finnsson</tei:surname>
            </tei:persName>
            <tei:birth when="1818-05-05"/>
            <tei:death when="1901-05-16"/>
            <tei:residence xml:lang="is">
              <tei:placeName>
                <tei:settlement type="farm" key="SauRau02">Saurbær</tei:settlement>
                <tei:region type="parish" key="#Rauðas01">Rauðasandshreppur</tei:region>
                <tei:region type="county" key="#VesBar01">Vestur-Barðarstrandasýsla</tei:region>
                <tei:country key="IS">Ísland</tei:country>
              </tei:placeName>
            </tei:residence>
            <tei:occupation xml:lang="is">Bóndi</tei:occupation>
          </person>
        </listPerson>
      </sourceDesc>
    </fileDesc>
  </teiHeader>
</TEI>
