<?xml version='1.0' encoding='UTF-8'?>
<TEI xmlns="http://www.tei-c.org/ns/1.0">
  <teiHeader>
    <fileDesc>
      <sourceDesc>
        <listPerson>
          <person xmlns:tei="http://www.tei-c.org/ns/1.0" sex="1" role="marginal" xml:id="AriGud002">
            <tei:persName xml:lang="is">
              <tei:forename sort="1">Ari</tei:forename>
              <tei:surname sort="2">Guðlaugsson</tei:surname>
            </tei:persName>
            <tei:birth when="1740"/>
            <tei:death when="1809-07-17"/>
            <tei:residence xml:lang="is">
              <tei:settlement type="farm" key="GarGar01">Garðar</tei:settlement>
              <tei:region type="parish" key="#Garðab01">Garðahreppur</tei:region>
              <tei:region type="county" key="#Gullbr01">Gullbringusýsla</tei:region>
              <tei:country key="IS">Ísland</tei:country>
            </tei:residence>
            <tei:residence xml:lang="is">
              <tei:settlement type="farm" key="StaGri01">Staður</tei:settlement>
              <tei:region type="parish" key="#Grinda01">Grindavík</tei:region>
              <tei:region type="county" key="#Gullbr01">Gullbringusýsla</tei:region>
              <tei:country key="IS">Ísland</tei:country>
            </tei:residence>
            <tei:residence xml:lang="is">
              <tei:placeName>
                <tei:settlement type="farm">Ofanleiti</tei:settlement>
                <tei:settlement type="town" key="Vestma01">Vestmannaeyjar</tei:settlement>
                <tei:country key="IS">Ísland</tei:country>
              </tei:placeName>
            </tei:residence>
            <tei:occupation xml:lang="is">Prestur</tei:occupation>
            <tei:occupation xml:lang="en">Priest</tei:occupation>
            <tei:occupation xml:lang="da">Præst</tei:occupation>
            <tei:bibl>
              <tei:ref target="IsAev">Íslenzkar æviskrár</tei:ref>
              <tei:biblScope type="volume">I</tei:biblScope>
              <tei:biblScope type="pages">14-15</tei:biblScope>
            </tei:bibl>
          </person>
        </listPerson>
      </sourceDesc>
    </fileDesc>
  </teiHeader>
</TEI>
