<?xml version='1.0' encoding='UTF-8'?>
<TEI xmlns="http://www.tei-c.org/ns/1.0">
  <teiHeader>
    <fileDesc>
      <sourceDesc>
        <listPerson>
          <person xmlns:tei="http://www.tei-c.org/ns/1.0" sex="1" role="translator author" xml:id="AriGud001">
            <tei:persName xml:lang="is">
              <tei:forename sort="1">Ari</tei:forename>
              <tei:surname sort="2">Guðmundsson</tei:surname>
            </tei:persName>
            <tei:birth when="1632-10-08">8 October 1632</tei:birth>
            <tei:death when="1707-07-25">25 July 1707</tei:death>
            <tei:residence xml:lang="da">
              <tei:placeName>
                <tei:settlement type="farm" key="MælLýt01">Mælifell</tei:settlement>
                <tei:region type="parish" key="#Lýting01">Lýtingsstaðahreppur</tei:region>
                <tei:region type="county" key="Skagaf01">Skagafjarðarsýsla</tei:region>
                <tei:region type="compass" xml:lang="da">Nordlige</tei:region>
                <tei:country key="IS">Island</tei:country>
              </tei:placeName>
            </tei:residence>
            <tei:residence xml:lang="is">
              <tei:placeName>
                <tei:settlement type="institution" key="MælLýt01">Mælifell</tei:settlement>
                <tei:region type="parish" key="#Lýting01">Lýtingsstaðahreppur</tei:region>
                <tei:region type="county" key="Skagaf01">Skagafjarðarsýsla</tei:region>
                <tei:country key="IS">Ísland</tei:country>
              </tei:placeName>
            </tei:residence>
            <tei:residence xml:lang="en">
              <tei:placeName>
                <tei:settlement type="farm" key="MælLýt01">Mælifell</tei:settlement>
                <tei:region type="county" key="Skagaf01">Skagafjarðarsýsla</tei:region>
                <tei:region type="compass" xml:lang="en">Northen</tei:region>
                <tei:country key="IS">Iceland</tei:country>
              </tei:placeName>
            </tei:residence>
            <tei:occupation xml:lang="is">Prestur</tei:occupation>
            <tei:occupation xml:lang="en">Priest</tei:occupation>
            <tei:occupation xml:lang="da">Præst</tei:occupation>
            <tei:bibl>
              <tei:ref target="IsAev">Íslenzkar æviskrár</tei:ref>
              <tei:biblScope type="volume">I</tei:biblScope>
              <tei:biblScope type="pages">15-16</tei:biblScope>
            </tei:bibl>
          </person>
        </listPerson>
      </sourceDesc>
    </fileDesc>
  </teiHeader>
</TEI>
