<?xml version='1.0' encoding='UTF-8'?>
<TEI xmlns="http://www.tei-c.org/ns/1.0">
  <teiHeader>
    <fileDesc>
      <sourceDesc>
        <listPerson>
          <person xmlns:tei="http://www.tei-c.org/ns/1.0" sex="1" role="owner author" xml:id="AriHvi001">
            <tei:persName xml:lang="da">
              <tei:forename sort="2">Arild</tei:forename>
              <tei:surname sort="1">Huitfeldt</tei:surname>
            </tei:persName>
            <tei:persName xml:lang="la">
              Witfeldius
              <tei:surname sort="1">Witfeldius</tei:surname>
            </tei:persName>
            <tei:birth when="1546-09-11">
              11 September 1546
              <tei:placeName>
                <tei:settlement type="farm">Bergenhus</tei:settlement>
              </tei:placeName>
            </tei:birth>
            <tei:death when="1609-12-16">
              16 December 1609
              <tei:placeName>
                <tei:settlement type="institution">Herlufsholm</tei:settlement>
              </tei:placeName>
            </tei:death>
            <tei:occupation xml:lang="en">Chancellor</tei:occupation>
            <tei:occupation xml:lang="en">Historian</tei:occupation>
            <tei:bibl>
              <tei:ref target="DBL">Dansk biografisk Leksikon</tei:ref>
              <tei:biblScope type="volume">X</tei:biblScope>
              <tei:biblScope type="pages">646-51</tei:biblScope>
            </tei:bibl>
          </person>
        </listPerson>
      </sourceDesc>
    </fileDesc>
  </teiHeader>
</TEI>
