<?xml version='1.0' encoding='UTF-8'?>
<TEI xmlns="http://www.tei-c.org/ns/1.0">
  <teiHeader>
    <fileDesc>
      <sourceDesc>
        <listPerson>
          <person xmlns:tei="http://www.tei-c.org/ns/1.0" sex="1" role="marginal " xml:id="AriJon006">
            <tei:persName xml:lang="is">
              <tei:forename sort="1">Ari</tei:forename>
              <tei:surname sort="2">Jónsson</tei:surname>
              <tei:addName type="epithet" sort="3">Skordal</tei:addName>
            </tei:persName>
            <tei:birth when="1768">1768</tei:birth>
            <tei:death when="1831-11-26">26. nóvember 1831</tei:death>
            <tei:residence xml:lang="is">
              <tei:placeName>
                <tei:settlement type="church">Staður</tei:settlement>
                <tei:region type="parish">Sléttuhreppur</tei:region>
                <tei:region type="county" key="NorÍsa01">Ísafjarðarsýsla</tei:region>
                <tei:country key="IS">Ísland</tei:country>
              </tei:placeName>
            </tei:residence>
            <tei:occupation xml:lang="is">Prestur</tei:occupation>
            <tei:bibl>
              <tei:ref target="IsAev">Íslenzkar æviskrár</tei:ref>
              <tei:biblScope type="volume">I</tei:biblScope>
              <tei:biblScope type="pages">17</tei:biblScope>
            </tei:bibl>
          </person>
        </listPerson>
      </sourceDesc>
    </fileDesc>
  </teiHeader>
</TEI>
