<?xml version='1.0' encoding='UTF-8'?>
<TEI xmlns="http://www.tei-c.org/ns/1.0">
  <teiHeader>
    <fileDesc>
      <sourceDesc>
        <listPerson>
          <person xmlns:tei="http://www.tei-c.org/ns/1.0" sex="1" role="poet" xml:id="AriJoc001">
            <tei:persName xml:lang="is">
              <tei:forename sort="1">Ari</tei:forename>
              <tei:surname sort="2">Jochumsson</tei:surname>
            </tei:persName>
            <tei:birth when="1839-03-24">24. mars 1839</tei:birth>
            <tei:death when="1921-07-19">19. júlí 1921</tei:death>
            <tei:residence xml:lang="is">
              <tei:placeName>
                <tei:settlement type="farm" key="RunRey02">Runkahús</tei:settlement>
                <tei:region type="parish" key="#Reykhó01">Reykhólasveit</tei:region>
                <tei:region type="county" key="AusBar01">Austur-Barðastrandasýsla</tei:region>
                <tei:country key="IS">Ísland</tei:country>
              </tei:placeName>
            </tei:residence>
            <tei:residence xml:lang="is">
              <tei:placeName>
                <tei:settlement type="farm">Húsavík</tei:settlement>
                <tei:region type="parish" key="Aðaldæ01">Aðaldælahreppur</tei:region>
                <tei:region type="county" key="SuðÞin01">Suður-Þingeyjarsýsla</tei:region>
                <tei:country key="IS">Ísland</tei:country>
              </tei:placeName>
            </tei:residence>
            <tei:occupation xml:lang="is">Kennari</tei:occupation>
            <tei:occupation xml:lang="is">Bóndi</tei:occupation>
          </person>
        </listPerson>
      </sourceDesc>
    </fileDesc>
  </teiHeader>
</TEI>
