<?xml version='1.0' encoding='UTF-8'?>
<TEI xmlns="http://www.tei-c.org/ns/1.0">
  <teiHeader>
    <fileDesc>
      <sourceDesc>
        <listPerson>
          <person xmlns:tei="http://www.tei-c.org/ns/1.0" sex="1" role="scribe" xml:id="AriJon004">
            <!--var AriJón002-->
            <tei:persName xml:lang="is">
              <tei:forename sort="1">Ari</tei:forename>
              <tei:surname sort="2">Jónsson</tei:surname>
            </tei:persName>
            <tei:birth cert="low" notBefore="1500" notAfter="1549">16. öld</tei:birth>
            <tei:death cert="low" notBefore="1550" notAfter="1599">16. öld</tei:death>
            <tei:residence xml:lang="is">
              <tei:placeName>
                <tei:region type="geog">Súgandafjörður</tei:region>
                <tei:region type="county" key="VesÍsa01">Vestur-Ísafjarðarsýsla</tei:region>
                <tei:country key="IS">Ísland</tei:country>
              </tei:placeName>
            </tei:residence>
          </person>
        </listPerson>
      </sourceDesc>
    </fileDesc>
  </teiHeader>
</TEI>
