<?xml version='1.0' encoding='UTF-8'?>
<TEI xmlns="http://www.tei-c.org/ns/1.0">
  <teiHeader>
    <fileDesc>
      <sourceDesc>
        <listPerson>
          <person xmlns:tei="http://www.tei-c.org/ns/1.0" sex="1" role="owner marginal" xml:id="AriJon001">
            <tei:persName xml:lang="is">
              <tei:forename sort="1">Ari</tei:forename>
              <tei:surname sort="2">Jónsson</tei:surname>
            </tei:persName>
            <tei:death when="1550-11-07">7 November 1550</tei:death>
            <tei:residence xml:lang="is">
              <tei:placeName>
                <tei:settlement type="farm" key="MöðHra01">Möðrufell</tei:settlement>
                <tei:region type="parish" key="Hrafna01">Hrafnagilshreppur</tei:region>
                <tei:region type="county" key="Eyjafj02">Eyjafjarðarsýsla</tei:region>
                <tei:country key="IS">Ísland</tei:country>
              </tei:placeName>
            </tei:residence>
            <tei:occupation xml:lang="is">Lögmaður</tei:occupation>
            <tei:occupation xml:lang="en">Attorney</tei:occupation>
            <tei:occupation xml:lang="da">Advokat</tei:occupation>
            <tei:bibl>
              <tei:ref target="IsAev">Íslenzkar æviskrár</tei:ref>
              <tei:biblScope type="volume">I</tei:biblScope>
              <tei:biblScope type="pages">16-17</tei:biblScope>
            </tei:bibl>
          </person>
        </listPerson>
      </sourceDesc>
    </fileDesc>
  </teiHeader>
</TEI>
