<?xml version='1.0' encoding='UTF-8'?>
<TEI xmlns="http://www.tei-c.org/ns/1.0">
  <teiHeader>
    <fileDesc>
      <sourceDesc>
        <listPerson>
          <person xmlns:tei="http://www.tei-c.org/ns/1.0" sex="1" role="author scribe translator" xml:id="AriMag001">
            <tei:persName xml:lang="is">
              <tei:forename sort="1">Ari</tei:forename>
              <tei:surname sort="2">Magnússon</tei:surname>
            </tei:persName>
            <tei:birth xml:lang="da" when="1571">1571</tei:birth>
            <tei:death xml:lang="en" when="1652-10-11">11 October 1652</tei:death>
            <tei:residence xml:lang="is">
              <tei:placeName>
                <tei:settlement type="farm" key="ÖguÖgu01">Ögur</tei:settlement>
                <tei:region type="parish" key="#Ögurhr01">Ögurhreppur</tei:region>
                <tei:region type="county" key="NorÍsa01">Norður-Ísafjarðarsýsla</tei:region>
                <tei:country key="IS">Ísland</tei:country>
              </tei:placeName>
            </tei:residence>
            <tei:residence xml:lang="is">
              <tei:placeName>
                <tei:settlement type="farm" key="ÖguÖgu01">Ögur</tei:settlement>
                <tei:region type="parish" key="#Ögurhr01">Ögurhreppur</tei:region>
                <tei:region type="county" key="NorÍsa01">Norður-Ísafjarðarsýsla</tei:region>
                <tei:country key="IS">Ísland</tei:country>
              </tei:placeName>
            </tei:residence>
            <tei:residence xml:lang="da">
              <tei:placeName>
                <tei:settlement type="farm" key="ÖguÖgu01">Ögur</tei:settlement>
                <tei:region type="parish" key="#Ögurhr01">Ögurhreppur</tei:region>
                <tei:region type="county" key="NorÍsa01">Norður-Ísafjarðarsýsla</tei:region>
                <tei:country key="IS">Ísland</tei:country>
                <tei:region type="compass" xml:lang="da">Vestlige</tei:region>
                <tei:country>Island</tei:country>
              </tei:placeName>
            </tei:residence>
            <tei:occupation xml:lang="is">Sýslumaður</tei:occupation>
            <tei:occupation xml:lang="da">Sysselmand</tei:occupation>
            <tei:occupation xml:lang="en">District/county magistrate</tei:occupation>
            <tei:bibl>
              <tei:ref target="IsAev">Íslenzkar æviskrár</tei:ref>
              <tei:biblScope type="volume">I</tei:biblScope>
              <tei:biblScope type="pages">18-19</tei:biblScope>
            </tei:bibl>
          </person>
        </listPerson>
      </sourceDesc>
    </fileDesc>
  </teiHeader>
</TEI>
