<?xml version='1.0' encoding='UTF-8'?>
<TEI xmlns="http://www.tei-c.org/ns/1.0">
  <teiHeader>
    <fileDesc>
      <sourceDesc>
        <listPerson>
          <person xmlns:tei="http://www.tei-c.org/ns/1.0" sex="1" role="author recipient" xml:id="Ariooo001">
            <tei:persName xml:lang="el">
              <tei:surname sort="1">Aristoteles</tei:surname>
            </tei:persName>
            <tei:persName xml:lang="en">
              <tei:surname sort="1">Aristotle</tei:surname>
            </tei:persName>
            <tei:birth when="-0384">
              384 BC
              <tei:placeName>
                <tei:settlement type="city">Stagira</tei:settlement>
                <tei:region type="geog">Khalkidikí</tei:region>
                <tei:country key="GR">Greece</tei:country>
              </tei:placeName>
            </tei:birth>
            <tei:death when="-0322">
              322BC
              <tei:placeName>
                <tei:settlement type="city">Khalkís</tei:settlement>
                <tei:region type="geog">Évvoia</tei:region>
                <tei:country key="GR">Greece</tei:country>
              </tei:placeName>
            </tei:death>
            <tei:occupation xml:lang="en">Philosopher and scientist</tei:occupation>
            <tei:occupation xml:lang="is">Heimspekingur</tei:occupation>
            <tei:occupation xml:lang="is">Vísindamaður</tei:occupation>
          </person>
        </listPerson>
      </sourceDesc>
    </fileDesc>
  </teiHeader>
</TEI>
