<?xml version='1.0' encoding='UTF-8'?>
<TEI xmlns="http://www.tei-c.org/ns/1.0">
  <teiHeader>
    <fileDesc>
      <sourceDesc>
        <listPerson>
          <person xmlns:tei="http://www.tei-c.org/ns/1.0" sex="1" role="scribe author poet" xml:id="AriSae001">
            <tei:persName xml:lang="is">
              <tei:forename sort="1">Ari</tei:forename>
              <tei:surname sort="2">Sæmundsen</tei:surname>
            </tei:persName>
            <tei:birth when="1797-07-16">16. júlí 1797</tei:birth>
            <tei:death when="1876-08-31">31 ágúst 1876</tei:death>
            <tei:residence xml:lang="is">
              <tei:placeName>
                <tei:settlement type="institution" key="MunÖng01">Munkaþverá</tei:settlement>
                <tei:region type="parish" key="#Önguls01">Öngulsstaðahreppur</tei:region>
                <tei:region type="county" key="#Eyjafj02">Eyjafjarðarsýsla</tei:region>
                <tei:country key="IS">Ísland</tei:country>
              </tei:placeName>
            </tei:residence>
            <tei:occupation xml:lang="is">Umboðsmaður</tei:occupation>
            <tei:bibl>
              <tei:ref target="IsAev">Íslenzkar æviskrár</tei:ref>
              <tei:biblScope type="volume">I</tei:biblScope>
              <tei:biblScope type="pages">20</tei:biblScope>
            </tei:bibl>
          </person>
        </listPerson>
      </sourceDesc>
    </fileDesc>
  </teiHeader>
</TEI>
