<?xml version='1.0' encoding='UTF-8'?>
<TEI xmlns="http://www.tei-c.org/ns/1.0">
  <teiHeader>
    <fileDesc>
      <sourceDesc>
        <listPerson>
          <person xmlns:tei="http://www.tei-c.org/ns/1.0" sex="1" role="poet" xml:id="Arn000001">
            <tei:persName xml:lang="is">
              <tei:forename sort="1">Árni</tei:forename>
            </tei:persName>
            <tei:residence xml:lang="is">
              <tei:placeName xml:lang="is">
                <tei:settlement type="farm">Hraunhafnarbakki</tei:settlement>
                <tei:region type="parish" key="#Staðar01"/>
                <tei:region type="county" key="#Snæfe02"/>
                <tei:region type="geog" key="#Vestfi01"/>
                <tei:country key="IS"/>
              </tei:placeName>
            </tei:residence>
          </person>
        </listPerson>
      </sourceDesc>
    </fileDesc>
  </teiHeader>
</TEI>
