<?xml version='1.0' encoding='UTF-8'?>
<TEI xmlns="http://www.tei-c.org/ns/1.0">
  <teiHeader>
    <fileDesc>
      <sourceDesc>
        <listPerson>
          <person xmlns:tei="http://www.tei-c.org/ns/1.0" sex="1" role="marginal" xml:id="ArnArn006">
            <tei:persName xml:lang="is">
              <tei:forename sort="1">Árni</tei:forename>
              <tei:surname sort="2">Árnason</tei:surname>
            </tei:persName>
            <tei:birth when="1862">Um 1862</tei:birth>
            <tei:residence xml:lang="is">
              <tei:placeName xml:lang="is">
                <tei:settlement type="farm" key="KirFlj07">Kirkjulækur 1</tei:settlement>
                <tei:region type="parish" key="#Fljóts01">Fljótshlíðarhreppur</tei:region>
                <tei:region type="county" key="#Rangár01">Rangárvallasýsla</tei:region>
                <tei:country key="IS">Ísland</tei:country>
              </tei:placeName>
            </tei:residence>
          </person>
        </listPerson>
      </sourceDesc>
    </fileDesc>
  </teiHeader>
</TEI>
