<?xml version='1.0' encoding='UTF-8'?>
<TEI xmlns="http://www.tei-c.org/ns/1.0">
  <teiHeader>
    <fileDesc>
      <sourceDesc>
        <listPerson>
          <person xmlns:tei="http://www.tei-c.org/ns/1.0" sex="1" role="author" xml:id="ArnArn001">
            <tei:persName xml:lang="is">
              <tei:forename sort="1">Arnór</tei:forename>
              <tei:surname sort="2">Árnason</tei:surname>
            </tei:persName>
            <tei:birth cert="high" when="1807-09-19"/>
            <tei:death cert="high" when="1859-06-24"/>
            <tei:residence xml:lang="is">
              <tei:placeName>
                <tei:settlement type="farm" key="BelLei01">Belgsholt</tei:settlement>
                <tei:region type="parish" key="LeiMel01">Leirár- og Melahreppur</tei:region>
                <tei:region type="county" key="#Borga01">Borgarfjarðarsýsla</tei:region>
                <tei:country key="IS">Ísland</tei:country>
              </tei:placeName>
            </tei:residence>
            <tei:residence xml:lang="is">
              <tei:placeName>
                <tei:settlement type="farm" key="SkóÖxa01">Skógar</tei:settlement>
                <tei:region type="parish" key="#Öxarfj01">Öxafjarðarhreppur</tei:region>
                <tei:region type="county" key="#NorÞin01">Norður-Þingeyjarsýsla</tei:region>
                <tei:country key="IS">Ísland</tei:country>
              </tei:placeName>
            </tei:residence>
            <tei:residence xml:lang="is">
              <tei:placeName>
                <tei:settlement type="farm" key="YtrVin01">Ytri-Ey</tei:settlement>
                <tei:region type="parish" key="#Vindhæ01">Vindhælishreppur</tei:region>
                <tei:region type="county" key="#AusHún01">Austur-Húnavatnssýsla</tei:region>
                <tei:country key="IS">Ísland</tei:country>
              </tei:placeName>
            </tei:residence>
            <tei:occupation xml:lang="is">Sýslumaður</tei:occupation>
            <tei:occupation xml:lang="da">Sysselmand</tei:occupation>
            <tei:occupation xml:lang="en">District/county magistrate</tei:occupation>
            <tei:bibl>
              <tei:ref target="IsAev">Íslenzkar æviskrár</tei:ref>
              <tei:biblScope type="volume">I</tei:biblScope>
              <tei:biblScope type="pages">82</tei:biblScope>
            </tei:bibl>
          </person>
        </listPerson>
      </sourceDesc>
    </fileDesc>
  </teiHeader>
</TEI>
