<?xml version='1.0' encoding='UTF-8'?>
<TEI xmlns="http://www.tei-c.org/ns/1.0">
  <teiHeader>
    <fileDesc>
      <sourceDesc>
        <listPerson>
          <person xmlns:tei="http://www.tei-c.org/ns/1.0" sex="1" role="scribe" xml:id="ArnAlf002">
            <tei:persName xml:lang="is">
              <tei:forename sort="1">Árni</tei:forename>
              <tei:surname sort="2">Álfsson</tei:surname>
            </tei:persName>
            <tei:birth when="1868-07-06">6. júlí 1868</tei:birth>
            <tei:death when="1895-01-10">10. janúar 1895</tei:death>
            <tei:occupation xml:lang="is">Skósmiður</tei:occupation>
            <tei:occupation xml:lang="en">Shoemaker</tei:occupation>
            <tei:occupation xml:lang="da">Skomager</tei:occupation>
            <tei:bibl>
              <tei:ref>
                <tei:ref>Íslendingabók</tei:ref>
              </tei:ref>
            </tei:bibl>
          </person>
        </listPerson>
      </sourceDesc>
    </fileDesc>
  </teiHeader>
</TEI>
