<?xml version='1.0' encoding='UTF-8'?>
<TEI xmlns="http://www.tei-c.org/ns/1.0">
  <teiHeader>
    <fileDesc>
      <sourceDesc>
        <listPerson>
          <person xmlns:tei="http://www.tei-c.org/ns/1.0" sex="2" role="owner" xml:id="ArnArn004">
            <tei:persName xml:lang="is">
              <tei:forename sort="1">Arnleif</tei:forename>
              <tei:surname sort="2">Árnadóttir</tei:surname>
            </tei:persName>
            <tei:birth when="1791-04-17"/>
            <tei:death when="1870"/>
            <tei:residence xml:lang="is">
              <tei:placeName xml:lang="is">
                <tei:settlement type="farm">Þorsteinsstaðir</tei:settlement>
                <tei:region type="parish" key="#Svarfa01"/>
                <tei:region type="county" key="#Eyjafj02"/>
                <tei:region type="geog" key="#Norðle01"/>
                <tei:country key="IS"/>
              </tei:placeName>
            </tei:residence>
            <tei:occupation xml:lang="is">Vinnukona</tei:occupation>
          </person>
        </listPerson>
      </sourceDesc>
    </fileDesc>
  </teiHeader>
</TEI>
