<?xml version='1.0' encoding='UTF-8'?>
<TEI xmlns="http://www.tei-c.org/ns/1.0">
  <teiHeader>
    <fileDesc>
      <sourceDesc>
        <listPerson>
          <person xmlns:tei="http://www.tei-c.org/ns/1.0" sex="1" role="scribe" xml:id="ArnBja002">
            <tei:persName xml:lang="is">
              <tei:forename sort="1">Arngrímur</tei:forename>
              <tei:surname sort="2">Bjarnarson</tei:surname>
            </tei:persName>
            <tei:birth when="1804-06-07"/>
            <tei:death when="1885-04-13"/>
            <tei:residence xml:lang="is">
              <tei:placeName>
                <tei:settlement type="farm" key="ÁlfAuð01">Álftamýri</tei:settlement>
                <tei:region type="parish" key="#Auðkúl01">Auðkúluhreppur</tei:region>
                <tei:region type="county" key="#VesÍsa01">Vestur-Ísafjarðarsýsla</tei:region>
                <tei:country key="IS">Ísland</tei:country>
              </tei:placeName>
              <tei:placeName>
                <tei:settlement type="farm" key="BrjBar01">Brjánslækur</tei:settlement>
                <tei:region type="parish" key="#Barðar01">Barðastrandarhreppur</tei:region>
                <tei:region type="county" key="VesBar01">Vestur-Barðastrandarsýsla</tei:region>
                <tei:country key="IS">Ísland</tei:country>
              </tei:placeName>
            </tei:residence>
            <tei:occupation xml:lang="is">Prestur</tei:occupation>
            <tei:occupation xml:lang="en">Priest</tei:occupation>
            <tei:occupation xml:lang="da">Præst</tei:occupation>
          </person>
        </listPerson>
      </sourceDesc>
    </fileDesc>
  </teiHeader>
</TEI>
