<?xml version='1.0' encoding='UTF-8'?>
<TEI xmlns="http://www.tei-c.org/ns/1.0">
  <teiHeader>
    <fileDesc>
      <sourceDesc>
        <listPerson>
          <person xmlns:tei="http://www.tei-c.org/ns/1.0" sex="2" role="scholar" xml:id="ArnBjo002">
            <tei:persName xml:lang="is">
              <tei:forename sort="1">Arnþrúður</tei:forename>
              <tei:surname sort="2">Björnsdóttir</tei:surname>
            </tei:persName>
            <tei:birth when="1610">1610</tei:birth>
            <tei:death when="1681">1681</tei:death>
            <tei:residence xml:lang="is">
              <tei:placeName>
                <tei:settlement type="farm" key="GoðLýt01">Goðdalir</tei:settlement>
                <tei:region type="parish" key="#Lýting01">Lýtingsstaðahreppur</tei:region>
                <tei:region type="county" key="#Skagaf01">Skagafjarðarsýsla</tei:region>
                <tei:country key="IS">Ísland</tei:country>
              </tei:placeName>
            </tei:residence>
            <tei:bibl>
              <tei:ref target="IsAev">Íslenzkar æviskrár</tei:ref>
              <tei:biblScope type="volume">IV</tei:biblScope>
              <tei:biblScope type="pages">291</tei:biblScope>
              [Skúli Magnússon]
            </tei:bibl>
          </person>
        </listPerson>
      </sourceDesc>
    </fileDesc>
  </teiHeader>
</TEI>
