<?xml version='1.0' encoding='UTF-8'?>
<TEI xmlns="http://www.tei-c.org/ns/1.0">
  <teiHeader>
    <fileDesc>
      <sourceDesc>
        <listPerson>
          <person xmlns:tei="http://www.tei-c.org/ns/1.0" sex="2" role="marginal" xml:id="ArnBen001">
            <tei:persName xml:lang="is">
              <tei:forename sort="1">Arnfríður</tei:forename>
              <tei:surname sort="2">Benediktsdóttir</tei:surname>
            </tei:persName>
            <tei:birth notBefore="1560" notAfter="1570">um 1565</tei:birth>
            <tei:residence xml:lang="is">
              <tei:placeName>
                <tei:settlement type="farm" key="SkaSka01">Skarð</tei:settlement>
                <tei:region type="parish" key="Skarðs01">Skarðshreppur</tei:region>
                <tei:region type="county" key="Dalas01">Dalasýsla</tei:region>
                <tei:country key="IS">Ísland</tei:country>
              </tei:placeName>
            </tei:residence>
            <tei:occupation xml:lang="is">Húsfreyja</tei:occupation>
          </person>
        </listPerson>
      </sourceDesc>
    </fileDesc>
  </teiHeader>
</TEI>
