<?xml version='1.0' encoding='UTF-8'?>
<TEI xmlns="http://www.tei-c.org/ns/1.0">
  <teiHeader>
    <fileDesc>
      <sourceDesc>
        <listPerson>
          <person xmlns:tei="http://www.tei-c.org/ns/1.0" sex="1" role="owner" xml:id="ArnBod003">
            <tei:persName xml:lang="is">
              <tei:forename sort="1">Árni</tei:forename>
              <tei:surname sort="2">Böðvarsson</tei:surname>
            </tei:persName>
            <tei:birth when="1890-06-28"/>
            <tei:death when="1975-04-14"/>
            <tei:occupation xml:lang="is">Rakarameistari</tei:occupation>
            <tei:occupation xml:lang="is">Útgerðarmaður</tei:occupation>
          </person>
        </listPerson>
      </sourceDesc>
    </fileDesc>
  </teiHeader>
</TEI>
