<?xml version='1.0' encoding='UTF-8'?>
<TEI xmlns="http://www.tei-c.org/ns/1.0">
  <teiHeader>
    <fileDesc>
      <sourceDesc>
        <listPerson>
          <person xmlns:tei="http://www.tei-c.org/ns/1.0" sex="1" role="correspondent" xml:id="ArnBod005">
            <tei:persName xml:lang="is">
              <tei:forename sort="1">Árni</tei:forename>
              <tei:surname sort="2">Böðvarsson</tei:surname>
            </tei:persName>
            <tei:birth when="1818-10-24"/>
            <tei:death when="1889-04-25"/>
            <tei:residence xml:lang="is">
              <tei:placeName>
                <tei:settlement type="farm" key="SveNes01">Sveinsstaðir</tei:settlement>
                <tei:region type="parish" key="#Neshre01">Neshreppur</tei:region>
                <tei:region type="county" key="#Snæfe02">Snæfellsnessýsla</tei:region>
                <tei:country key="IS">Ísland</tei:country>
              </tei:placeName>
            </tei:residence>
            <tei:residence xml:lang="is">
              <tei:placeName>
                <tei:settlement type="farm">Eyri</tei:settlement>
                <tei:region type="geog">Skutlsfjörður</tei:region>
                <tei:settlement type="town" key="Ísafjö01">Ísafjörður</tei:settlement>
                <tei:region type="county" key="NorÍsa01">Norður-Ísafjarðarsýsla</tei:region>
                <tei:country key="IS">Ísland</tei:country>
              </tei:placeName>
            </tei:residence>
            <tei:occupation xml:lang="is">Prestur</tei:occupation>
            <tei:bibl>
              <tei:ref target="IsAev">Íslenzkar æviskrár</tei:ref>
              <tei:biblScope type="volume">I</tei:biblScope>
              <tei:biblScope type="pages">37-38</tei:biblScope>
            </tei:bibl>
          </person>
        </listPerson>
      </sourceDesc>
    </fileDesc>
  </teiHeader>
</TEI>
