<?xml version='1.0' encoding='UTF-8'?>
<TEI xmlns="http://www.tei-c.org/ns/1.0">
  <teiHeader>
    <fileDesc>
      <sourceDesc>
        <listPerson>
          <person xmlns:tei="http://www.tei-c.org/ns/1.0" sex="1" role="scholar intermediary" xml:id="ArnBjo001">
            <tei:persName xml:lang="is">
              <tei:forename sort="1">Árni</tei:forename>
              <tei:surname sort="2">Björnsson</tei:surname>
            </tei:persName>
            <tei:birth when="1932">1932</tei:birth>
            <tei:residence xml:lang="is">
              <tei:placeName>
                <tei:settlement type="city" key="Reykj01">Reykjavík</tei:settlement>
                <tei:region type="county" key="#Gullbr01">Gullbringusýsla</tei:region>
                <tei:country key="IS">Ísland</tei:country>
              </tei:placeName>
            </tei:residence>
            <tei:occupation xml:lang="en">Scholar</tei:occupation>
            <tei:occupation xml:lang="is">Fræðimaður</tei:occupation>
            <tei:occupation xml:lang="da">Forsker</tei:occupation>
          </person>
        </listPerson>
      </sourceDesc>
    </fileDesc>
  </teiHeader>
</TEI>
