<?xml version='1.0' encoding='UTF-8'?>
<TEI xmlns="http://www.tei-c.org/ns/1.0">
  <teiHeader>
    <fileDesc>
      <sourceDesc>
        <listPerson>
          <person xmlns:tei="http://www.tei-c.org/ns/1.0" sex="1" role="donor" xml:id="ArnBja001">
            <tei:persName xml:lang="is">
              <tei:forename sort="1">Árni</tei:forename>
              <tei:surname sort="2">Bjarnarson</tei:surname>
            </tei:persName>
            <tei:birth cert="high" when="1910">1910</tei:birth>
            <tei:residence xml:lang="is">
              <tei:placeName>
                <tei:settlement type="town" key="Akurey01">Akureyri</tei:settlement>
                <tei:region type="county" key="Eyjafj02">Eyjafjarðarsýsla</tei:region>
                <tei:country key="IS">Ísland</tei:country>
              </tei:placeName>
            </tei:residence>
            <tei:occupation xml:lang="en">Bookseller</tei:occupation>
            <tei:occupation xml:lang="da">Boghandler</tei:occupation>
            <tei:occupation xml:lang="is">Bóksali</tei:occupation>
          </person>
        </listPerson>
      </sourceDesc>
    </fileDesc>
  </teiHeader>
</TEI>
