<?xml version='1.0' encoding='UTF-8'?>
<TEI xmlns="http://www.tei-c.org/ns/1.0">
  <teiHeader>
    <fileDesc>
      <sourceDesc>
        <listPerson>
          <person xmlns:tei="http://www.tei-c.org/ns/1.0" sex="1" role="scribe" xml:id="ArnEyj003">
            <tei:persName xml:lang="is">
              <tei:forename sort="1">Árni</tei:forename>
              <tei:surname sort="2">Eyjólfsson</tei:surname>
            </tei:persName>
            <tei:birth when="1797-03-27"/>
            <tei:death when="1869-08-25"/>
            <tei:residence xml:lang="is">
              <tei:placeName>
                <tei:settlement type="farm" key="ArnBre01">Arnarstapi</tei:settlement>
                <tei:region type="parish" key="#Breiðu01">Breiðuvíkurhreppur</tei:region>
                <tei:region type="county" key="#Snæfe02">Snæfellsnessýsla</tei:region>
                <tei:country xml:lang="is">Ísland</tei:country>
              </tei:placeName>
            </tei:residence>
            <tei:occupation xml:lang="is">Bóndi</tei:occupation>
            <tei:occupation xml:lang="is">Meðhjálpari</tei:occupation>
          </person>
        </listPerson>
      </sourceDesc>
    </fileDesc>
  </teiHeader>
</TEI>
