<?xml version='1.0' encoding='UTF-8'?>
<TEI xmlns="http://www.tei-c.org/ns/1.0">
  <teiHeader>
    <fileDesc>
      <sourceDesc>
        <listPerson>
          <person xmlns:tei="http://www.tei-c.org/ns/1.0" sex="2" role="marginal" xml:id="ArnEgg001">
            <tei:persName xml:lang="is">
              <tei:forename sort="1">Arnfríður</tei:forename>
              <tei:surname sort="2">Eggertsdóttir</tei:surname>
            </tei:persName>
            <tei:birth when="1648">1648</tei:birth>
            <tei:death when="1726-08-29">29. ágúst 1726</tei:death>
            <tei:residence xml:lang="is">
              <tei:placeName>
                <tei:settlement type="farm" key="SkaSka01">Skarð</tei:settlement>
                <tei:region type="parish" key="Skarðs01">Skarðshreppur</tei:region>
                <tei:region type="county" key="Dalas01">Dalasýsla</tei:region>
                <tei:country key="IS">Ísland</tei:country>
              </tei:placeName>
            </tei:residence>
            <tei:occupation xml:lang="is">Húsfreyja</tei:occupation>
            <tei:bibl>
              <tei:ref target="IsAev">Íslenzkar æviskrár</tei:ref>
              <tei:biblScope type="volume">V</tei:biblScope>
              <tei:biblScope type="pages">233-234</tei:biblScope>
              [Þorsteinn Þórðarson]
            </tei:bibl>
          </person>
        </listPerson>
      </sourceDesc>
    </fileDesc>
  </teiHeader>
</TEI>
