<?xml version='1.0' encoding='UTF-8'?>
<TEI xmlns="http://www.tei-c.org/ns/1.0">
  <teiHeader>
    <fileDesc>
      <sourceDesc>
        <listPerson>
          <person xmlns:tei="http://www.tei-c.org/ns/1.0" sex="2" role="donor" xml:id="ArnFis001">
            <tei:persName xml:lang="is">
              <tei:forename sort="1">Arndís</tei:forename>
              <tei:surname sort="2">Teitsdóttir</tei:surname>
              <tei:surname sort="3">Fischer</tei:surname>
            </tei:persName>
            <tei:birth when="1836"/>
            <tei:death when="1903-07"/>
            <tei:residence xml:lang="is">
              <tei:placeName>
                <tei:settlement type="city" key="Reykj01">Reykjavík</tei:settlement>
                <tei:region type="county" key="#Gullbr01">Gullbringusýsla</tei:region>
                <tei:country key="IS">Ísland</tei:country>
              </tei:placeName>
            </tei:residence>
            <tei:residence xml:lang="is">
              <tei:settlement type="city" key="Copen01">Kaupmannahöfn</tei:settlement>
              <tei:country key="DK" xml:lang="is">Danmörk</tei:country>
            </tei:residence>
            <tei:occupation xml:lang="is">Kaupmannskona</tei:occupation>
          </person>
        </listPerson>
      </sourceDesc>
    </fileDesc>
  </teiHeader>
</TEI>
