<?xml version='1.0' encoding='UTF-8'?>
<TEI xmlns="http://www.tei-c.org/ns/1.0">
  <teiHeader>
    <fileDesc>
      <sourceDesc>
        <listPerson>
          <person xmlns:tei="http://www.tei-c.org/ns/1.0" sex="1" role="marginal author" xml:id="ArnGis011">
            <tei:persName xml:lang="is">
              <tei:forename sort="1">Arngrímur</tei:forename>
              <tei:surname sort="2">Gíslason</tei:surname>
            </tei:persName>
            <tei:birth when="1829-01-08">8. janúar 1829</tei:birth>
            <tei:death when="1887-02-21">21. febrúar 1887</tei:death>
            <tei:residence xml:lang="is">
              <tei:placeName>
                <tei:settlement type="farm" key="TjöSva01">Tjörn</tei:settlement>
                <tei:region type="parish" key="#Svarfa01">Svarfaðardalshreppur</tei:region>
                <tei:region type="county" key="Eyjafj02">Eyjafjarðarsýsla</tei:region>
                <tei:country key="IS">Ísland</tei:country>
              </tei:placeName>
            </tei:residence>
            <tei:residence xml:lang="is">
              <tei:placeName>
                <tei:settlement type="farm" key="VelSva02">Vellir</tei:settlement>
                <tei:region type="parish" key="Svarfa01">Svarfaðardalshreppur</tei:region>
                <tei:region type="county" key="Eyjafj02">Eyjafjarðarsýsla</tei:region>
                <tei:country key="IS">Ísland</tei:country>
              </tei:placeName>
            </tei:residence>
            <tei:residence xml:lang="is">
              <tei:placeName>
                <tei:settlement type="farm" key="GulSva01">Gullbringa</tei:settlement>
                <tei:region type="parish" key="Svarfa01">Svarfaðardalshreppur</tei:region>
                <tei:region type="county" key="Eyjafj02">Eyjafjarðarsýsla</tei:region>
                <tei:country key="IS">Ísland</tei:country>
              </tei:placeName>
            </tei:residence>
            <tei:occupation xml:lang="is">Málari</tei:occupation>
            <tei:occupation xml:lang="da">Maler</tei:occupation>
            <tei:occupation xml:lang="en">Painter</tei:occupation>
            <tei:occupation xml:lang="is">Bókbindari</tei:occupation>
            <tei:occupation xml:lang="da">Bogbinder</tei:occupation>
            <tei:occupation xml:lang="en">Bookbinder</tei:occupation>
            <tei:bibl>
              <tei:ref target="IsAev">Íslenzkar æviskrár</tei:ref>
              <tei:biblScope type="volume">I</tei:biblScope>
              <tei:biblScope type="pages">27</tei:biblScope>
            </tei:bibl>
          </person>
        </listPerson>
      </sourceDesc>
    </fileDesc>
  </teiHeader>
</TEI>
