<?xml version='1.0' encoding='UTF-8'?>
<TEI xmlns="http://www.tei-c.org/ns/1.0">
  <teiHeader>
    <fileDesc>
      <sourceDesc>
        <listPerson>
          <person xmlns:tei="http://www.tei-c.org/ns/1.0" sex="1" role="marginal" xml:id="ArnGes001">
            <tei:persName xml:lang="is">
              <tei:forename sort="1">Árni</tei:forename>
              <tei:surname sort="2">Gestsson</tei:surname>
            </tei:persName>
            <tei:birth when="1726"/>
            <tei:death when="1793"/>
            <tei:residence xml:lang="is">
              <tei:placeName>
                <tei:settlement type="farm" key="MiðKjó01">Miðdalur</tei:settlement>
                <tei:region type="parish" key="#Kjósar02">Kjósarhreppur</tei:region>
                <tei:region type="county" key="#Kjósar01">Kjósarsýsla</tei:region>
                <tei:country key="IS">Ísland</tei:country>
              </tei:placeName>
            </tei:residence>
            <tei:residence xml:lang="is">
              <tei:placeName>
                <tei:settlement type="farm" key="SjáKja01">Sjávarhólar</tei:settlement>
                <tei:region type="parish" key="#Kjalar01">Kjalarneshreppur</tei:region>
                <tei:region type="county" key="#Kjósar01">Kjósarsýsla</tei:region>
                <tei:country key="IS">Ísland</tei:country>
              </tei:placeName>
            </tei:residence>
            <tei:residence xml:lang="is">
              <tei:placeName>
                <tei:settlement type="farm" key="ArnKja01">Arnarholt</tei:settlement>
                <tei:region type="parish" key="#Kjalar01">Kjalarneshreppur</tei:region>
                <tei:region type="county" key="#Kjósar01">Kjósarsýsla</tei:region>
                <tei:country key="IS">Ísland</tei:country>
              </tei:placeName>
            </tei:residence>
            <tei:occupation xml:lang="is">Bóndi</tei:occupation>
          </person>
        </listPerson>
      </sourceDesc>
    </fileDesc>
  </teiHeader>
</TEI>
