<?xml version='1.0' encoding='UTF-8'?>
<TEI xmlns="http://www.tei-c.org/ns/1.0">
  <teiHeader>
    <fileDesc>
      <sourceDesc>
        <listPerson>
          <person xmlns:tei="http://www.tei-c.org/ns/1.0" sex="1" role="official poet" xml:id="ArnGis005">
            <tei:persName xml:lang="is">
              <tei:forename sort="1">Árni</tei:forename>
              <tei:surname sort="2">Gíslason</tei:surname>
            </tei:persName>
            <tei:birth cert="low" notBefore="1510" notAfter="1530"/>
            <tei:death when="1587">1587</tei:death>
            <tei:residence xml:lang="is">
              <tei:placeName>
                <tei:settlement type="farm" key="HlíFlj03">Hlíðarendi</tei:settlement>
                <tei:region type="parish" key="Fljóts01">Fljótshlíðarhreppur</tei:region>
                <tei:region type="county" key="#Rangár01">Rangárvallasýsla</tei:region>
                <tei:country key="IS">Ísland</tei:country>
              </tei:placeName>
            </tei:residence>
            <tei:residence xml:lang="is">
              <tei:settlement type="farm" key="ÞinSve01">Þingeyrar</tei:settlement>
              <tei:region type="parish" key="#Sveins01">Sveinsstaðahreppur</tei:region>
              <tei:region type="county" key="AusHún01">Austur-Húnavatnssýsla</tei:region>
              <tei:country key="IS">Ísland</tei:country>
            </tei:residence>
            <tei:occupation xml:lang="is">Sýslumaður</tei:occupation>
            <tei:occupation xml:lang="da">Sysselmand</tei:occupation>
            <tei:occupation xml:lang="en">District/county magistrate</tei:occupation>
            <tei:bibl>
              <tei:ref target="IsAev">Íslenzkar æviskrár</tei:ref>
              <tei:biblScope type="volume">I</tei:biblScope>
              <tei:biblScope type="pages">42-43</tei:biblScope>
            </tei:bibl>
          </person>
        </listPerson>
      </sourceDesc>
    </fileDesc>
  </teiHeader>
</TEI>
