<?xml version='1.0' encoding='UTF-8'?>
<TEI xmlns="http://www.tei-c.org/ns/1.0">
  <teiHeader>
    <fileDesc>
      <sourceDesc>
        <listPerson>
          <person xmlns:tei="http://www.tei-c.org/ns/1.0" sex="1" role="owner" xml:id="ArnGud001">
            <tei:persName xml:lang="is">
              <tei:forename sort="1">Árni</tei:forename>
              <tei:surname sort="2">Guðmundsson</tei:surname>
            </tei:persName>
            <tei:birth xml:lang="en" notBefore="1655" notAfter="1656">Is reported to be 47 years old in
              1703</tei:birth>
            <tei:birth xml:lang="da" notBefore="1655" notAfter="1656">Registreret som 47-årig i 1703</tei:birth>
            <tei:death xml:lang="en" notBefore="1704-06-28" notAfter="1755">Signs a document 28 May 1704</tei:death>
            <tei:death xml:lang="da" notBefore="1704-06-28" notAfter="1755">Underskriver et dokument 28.
              maj 1704</tei:death>
            <tei:residence xml:lang="is">
              <tei:placeName>
                <tei:settlement type="farm">Hóll</tei:settlement>
                <tei:region type="geog" key="Bíldud01">Bíldudalur</tei:region>
                <tei:region type="county" key="#VesBar01">Vestur-Barðastrandarsýsla</tei:region>
                <tei:country key="IS">Ísland</tei:country>
              </tei:placeName>
            </tei:residence>
            <tei:residence xml:lang="da">
              <tei:placeName>
                <tei:settlement type="farm">Hóll</tei:settlement>
                <tei:region type="county" key="#VesBar01">Vestur-Barðastrandarsýsla</tei:region>
                <tei:region type="compass">vestlige</tei:region>
                <tei:country>Island</tei:country>
              </tei:placeName>
            </tei:residence>
            <tei:occupation xml:lang="en">
              Farmer,
              <tei:foreign xml:lang="is">lögréttumaður</tei:foreign>
            </tei:occupation>
            <tei:occupation xml:lang="da">
              Landman,
              <tei:foreign xml:lang="is">lögréttumaður</tei:foreign>
            </tei:occupation>
            <tei:occupation xml:lang="is">Bóndi</tei:occupation>
            <tei:occupation xml:lang="is">Lögréttumaður</tei:occupation>
            <tei:occupation xml:lang="en">Member of the lögrétta</tei:occupation>
            <tei:occupation xml:lang="da">Lovrettemand</tei:occupation>
            <tei:bibl>
              <tei:ref target="MT1703">Manntal á Íslandi árið 1703</tei:ref>
              <tei:biblScope type="pages">188</tei:biblScope>
            </tei:bibl>
            <tei:bibl>
              <tei:ref target="SyslBogBen">Sýslumannaæfir</tei:ref>
              <tei:biblScope type="volume">I</tei:biblScope>
              <tei:biblScope type="pages">378</tei:biblScope>
              <tei:biblScope type="volume">II</tei:biblScope>
              <tei:biblScope type="pages">86, 119, 653</tei:biblScope>
            </tei:bibl>
            <tei:bibl>
              <tei:ref target="JB">Jarðabók, Fylgiskjöl</tei:ref>
              <tei:biblScope type="volume">XIII</tei:biblScope>
              <tei:biblScope type="pages">240</tei:biblScope>
            </tei:bibl>
          </person>
        </listPerson>
      </sourceDesc>
    </fileDesc>
  </teiHeader>
</TEI>
