<?xml version='1.0' encoding='UTF-8'?>
<TEI xmlns="http://www.tei-c.org/ns/1.0">
  <teiHeader>
    <fileDesc>
      <sourceDesc>
        <listPerson>
          <person xmlns:tei="http://www.tei-c.org/ns/1.0" sex="1" role="poet" xml:id="ArnGri001">
            <tei:persName xml:lang="is">
              <tei:forename sort="1">Árni</tei:forename>
              <tei:surname sort="2">Grímsson</tei:surname>
              <tei:addName>
                ; sjá
                <tei:ref target="EinJon008">Einar sterki Jónsson</tei:ref>
              </tei:addName>
            </tei:persName>
            <tei:birth when="1722"/>
            <tei:death when="1764"/>
            <tei:residence xml:lang="is">
              <tei:placeName xml:lang="is">
                <tei:settlement type="farm">Melur</tei:settlement>
                <tei:region type="parish" key="#Staðar01">Staðarsveit</tei:region>
                <tei:region type="county" key="#Snæfe02">Snæfellsnessýsla</tei:region>
                <tei:country key="IS">Ísland</tei:country>
              </tei:placeName>
            </tei:residence>
            <tei:residence xml:lang="is">
              <tei:placeName xml:lang="is">
                <tei:settlement type="farm" key="GunSva01">Gunnarsstaðir</tei:settlement>
                <tei:region type="parish" key="#Svalba01">Svalbarðshreppur</tei:region>
                <tei:region type="county" key="#NorÞin01">Norður-Þingeyrarsýsla</tei:region>
                <tei:country key="IS">Ísland</tei:country>
              </tei:placeName>
            </tei:residence>
            <tei:residence xml:lang="is">
              <tei:placeName xml:lang="is">
                <tei:settlement type="farm" key="SkoSau02">Skoruvík</tei:settlement>
                <tei:region type="parish" key="#Sauðan01">Sauðaneshreppur</tei:region>
                <tei:region type="county" key="#NorÞin01">Norður-Þingeyrarsýsla</tei:region>
                <tei:country key="IS">Ísland</tei:country>
              </tei:placeName>
            </tei:residence>
            <tei:occupation xml:lang="is">Sakamaður</tei:occupation>
            <tei:occupation xml:lang="is">Bóndi</tei:occupation>
            <tei:note xml:lang="is">Sakamaður frá Mel í Staðarsveit, Snæf. Tekinn til fanga árið 1747 í
              Bárðardal í Þingeyjarþingi en slapp úr varðhaldi. Hét áður Árni Grímsson. „Komst í
              þjófnaðarmál vestra...komst austur í Vopnafjörð, nefndist Einar, bjó þar lengi og bar
              ei á honum“, segir Espólín. Bóndi á Gunnarstöðum í Þistilfirði og Skoruvík á
              Langanesi.</tei:note>
          </person>
        </listPerson>
      </sourceDesc>
    </fileDesc>
  </teiHeader>
</TEI>
