<?xml version='1.0' encoding='UTF-8'?>
<TEI xmlns="http://www.tei-c.org/ns/1.0">
  <teiHeader>
    <fileDesc>
      <sourceDesc>
        <listPerson>
          <person xmlns:tei="http://www.tei-c.org/ns/1.0" sex="1" role="author" xml:id="ArnGut001">
            <tei:persName xml:lang="is">
              <tei:forename sort="1">Arngrímur</tei:forename>
              <tei:surname sort="2">Guttormsson</tei:surname>
            </tei:persName>
            <tei:birth cert="high" when="1764"/>
            <tei:death cert="high" when="1839-05-25"/>
            <tei:residence xml:lang="is">
              <tei:placeName xml:lang="is">
                <tei:settlement type="farm" key="LanRan01">Langekra</tei:settlement>
                <tei:region type="parish" key="#Rangár02">Rangárvallahreppur</tei:region>
                <tei:region type="county" key="#Rangár01">Rangárvallasýsla</tei:region>
                <tei:country key="IS"/>
              </tei:placeName>
            </tei:residence>
            <tei:occupation xml:lang="is">Bóndi</tei:occupation>
          </person>
        </listPerson>
      </sourceDesc>
    </fileDesc>
  </teiHeader>
</TEI>
