<?xml version='1.0' encoding='UTF-8'?>
<TEI xmlns="http://www.tei-c.org/ns/1.0">
  <teiHeader>
    <fileDesc>
      <sourceDesc>
        <listPerson>
          <person xmlns:tei="http://www.tei-c.org/ns/1.0" sex="1" role="poet scribe" xml:id="ArnGis013">
            <tei:persName xml:lang="is">
              <tei:forename sort="1">Árni</tei:forename>
              <tei:surname sort="2">Gíslason</tei:surname>
            </tei:persName>
            <tei:birth when="1820-09-14">14. september 1820</tei:birth>
            <tei:death when="1898-06-26">26. júní 1898</tei:death>
            <tei:residence xml:lang="is">
              <tei:placeName xml:lang="is">
                <tei:settlement type="farm" key="KirKir02">Kirkjubæjarklaustur</tei:settlement>
                <tei:region type="parish" key="#Kirkju02"/>
                <tei:region type="county" key="#VesSka01"/>
                <tei:region type="geog" key="#Austfi01"/>
                <tei:country key="IS"/>
              </tei:placeName>
            </tei:residence>
            <tei:residence xml:lang="is">
              <tei:placeName>
                <tei:settlement type="farm" key="KrýGar01">Krýsuvík</tei:settlement>
                <tei:region type="parish" key="#Garðab01"/>
                <tei:region type="county" key="#Gullbr01"/>
                <tei:region type="geog" key="#Sunnle01"/>
                <tei:country key="IS">Ísland</tei:country>
              </tei:placeName>
            </tei:residence>
            <tei:occupation xml:lang="is">Sýslumaður</tei:occupation>
            <tei:bibl>
              <tei:ref target="IsAev">Íslenzkar æviskrár</tei:ref>
              <tei:biblScope type="volume">I</tei:biblScope>
              <tei:biblScope type="pages">44-45</tei:biblScope>
            </tei:bibl>
          </person>
        </listPerson>
      </sourceDesc>
    </fileDesc>
  </teiHeader>
</TEI>
