<?xml version='1.0' encoding='UTF-8'?>
<TEI xmlns="http://www.tei-c.org/ns/1.0">
  <teiHeader>
    <fileDesc>
      <sourceDesc>
        <listPerson>
          <person xmlns:tei="http://www.tei-c.org/ns/1.0" sex="1" role="scribe" xml:id="ArnHal003">
            <tei:persName xml:lang="is">
              <tei:forename sort="1">Arngrímur</tei:forename>
              <tei:surname sort="2">Halldórssson</tei:surname>
            </tei:persName>
            <tei:birth cert="high" when="1808-09-14">14. september 1808</tei:birth>
            <tei:death cert="high" when="1863-07-01">1. júlí 1863</tei:death>
            <tei:residence xml:lang="is">
              <tei:placeName>
                <tei:settlement type="farm" key="StoRan01">Stokkalækur</tei:settlement>
                <tei:region type="parish" key="#Rangár02">Rangárvallahreppur</tei:region>
                <tei:region type="county" key="#Rangár01">Rangárvallasýsla</tei:region>
                <tei:country key="IS">Ísland</tei:country>
              </tei:placeName>
            </tei:residence>
            <tei:residence xml:lang="is">
              <tei:placeName>
                <tei:settlement type="farm" key="SauHva01">Saurbær</tei:settlement>
                <tei:region type="parish" key="#Hvalfj01">Hvalfjarðarstrandarhreppur</tei:region>
                <tei:region type="county" key="#Borga01">Borgarfjarðarsýsla</tei:region>
                <tei:country key="IS">Ísland</tei:country>
              </tei:placeName>
            </tei:residence>
            <tei:residence xml:lang="is">
              <tei:settlement type="farm" key="StaSta06">Stafholt</tei:settlement>
              <tei:region type="parish" key="#Stafho01">Stafholtstungnahreppur</tei:region>
              <tei:region type="county" key="#Mýras01">Mýrasýsla</tei:region>
              <tei:country key="IS">Ísland</tei:country>
            </tei:residence>
            <tei:residence xml:lang="is">
              <tei:placeName>
                <tei:settlement type="farm" key="SyðÖxn01">Bægisá</tei:settlement>
                <tei:region type="parish" key="#Öxnada01">Öxnadalshreppur</tei:region>
                <tei:region type="county" key="#Eyjafj02">Eyjafjarðarsýsla</tei:region>
                <tei:country key="IS">Ísland</tei:country>
              </tei:placeName>
            </tei:residence>
            <tei:occupation xml:lang="is">Prestur</tei:occupation>
            <tei:occupation xml:lang="en">Priest</tei:occupation>
            <tei:occupation xml:lang="da">Præst</tei:occupation>
            <tei:bibl>
              <tei:ref target="IsAev">Íslenzkar æviskrár</tei:ref>
              <tei:biblScope type="volume">I</tei:biblScope>
              <tei:biblScope type="pages">28</tei:biblScope>
            </tei:bibl>
          </person>
        </listPerson>
      </sourceDesc>
    </fileDesc>
  </teiHeader>
</TEI>
