<?xml version='1.0' encoding='UTF-8'?>
<TEI xmlns="http://www.tei-c.org/ns/1.0">
  <teiHeader>
    <fileDesc>
      <sourceDesc>
        <listPerson>
          <person xmlns:tei="http://www.tei-c.org/ns/1.0" sex="1" role="translator" xml:id="ArnHal004">
            <tei:persName xml:lang="is">
              <tei:forename sort="1">Árni</tei:forename>
              <tei:surname sort="2">Halldórsson</tei:surname>
            </tei:persName>
            <tei:residence xml:lang="is">
              <tei:placeName>
                <tei:settlement type="farm">Ásar</tei:settlement>
                <tei:region type="geog" key="Norðle01">Norðurland</tei:region>
                <tei:country key="IS"/>
              </tei:placeName>
            </tei:residence>
            <tei:occupation xml:lang="is">Bóndi</tei:occupation>
          </person>
        </listPerson>
      </sourceDesc>
    </fileDesc>
  </teiHeader>
</TEI>
