<?xml version='1.0' encoding='UTF-8'?>
<TEI xmlns="http://www.tei-c.org/ns/1.0">
  <teiHeader>
    <fileDesc>
      <sourceDesc>
        <listPerson>
          <person xmlns:tei="http://www.tei-c.org/ns/1.0" sex="1" role="owner" xml:id="ArnHal005">
            <tei:persName xml:lang="is">
              <tei:forename sort="1">Árni</tei:forename>
              <tei:surname sort="2">Halldórsson</tei:surname>
            </tei:persName>
            <tei:birth when="1630">um 1630</tei:birth>
            <tei:death when="1689">um 1689</tei:death>
            <tei:residence xml:lang="is">
              <tei:placeName>
                <tei:settlement type="farm" key="HruHru01">Hruni</tei:settlement>
                <tei:region type="parish" key="#Hrunam01">Hrunamannahreppur</tei:region>
                <tei:region type="county" key="#Árnes01">Árnessýsla</tei:region>
                <tei:country key="IS">Ísland</tei:country>
              </tei:placeName>
            </tei:residence>
            <tei:occupation xml:lang="is">Prestur</tei:occupation>
            <tei:occupation xml:lang="en">Priest</tei:occupation>
            <tei:occupation xml:lang="da">Præst</tei:occupation>
            <tei:bibl>
              <tei:ref target="Lrmt">Íslenskar æviskrár I</tei:ref>
              <tei:biblScope type="pages">47-48</tei:biblScope>
            </tei:bibl>
          </person>
        </listPerson>
      </sourceDesc>
    </fileDesc>
  </teiHeader>
</TEI>
