<?xml version='1.0' encoding='UTF-8'?>
<TEI xmlns="http://www.tei-c.org/ns/1.0">
  <teiHeader>
    <fileDesc>
      <sourceDesc>
        <listPerson>
          <person xmlns:tei="http://www.tei-c.org/ns/1.0" sex="1" role="owner collector donor" xml:id="ArnHan003">
            <tei:persName xml:lang="is">
              <tei:forename sort="1">Arnór</tei:forename>
              <tei:surname sort="2">Hannibalsson</tei:surname>
            </tei:persName>
            <tei:birth cert="high" when="1934-03-24"/>
            <tei:death cert="high" when="2012-12-28"/>
            <tei:occupation xml:lang="is">Heimspekiprófessor</tei:occupation>
          </person>
        </listPerson>
      </sourceDesc>
    </fileDesc>
  </teiHeader>
</TEI>
