<?xml version='1.0' encoding='UTF-8'?>
<TEI xmlns="http://www.tei-c.org/ns/1.0">
  <teiHeader>
    <fileDesc>
      <sourceDesc>
        <listPerson>
          <person xmlns:tei="http://www.tei-c.org/ns/1.0" sex="1" role="marginal" xml:id="ArnHal001">
            <tei:persName xml:lang="is">
              <tei:forename sort="1">Arngrímur</tei:forename>
              <tei:surname sort="2">Hallsson</tei:surname>
            </tei:persName>
            <tei:birth when="1659">1659</tei:birth>
            <tei:residence xml:lang="is">
              <tei:placeName>
                <tei:settlement type="farm" key="NjaBor01">Njarðvík</tei:settlement>
                <tei:region type="geog" key="Borgar03">Borgarfjarðarhreppur</tei:region>
                <tei:region type="county" key="NorMúl01">Norður-Múlasýsla</tei:region>
                <tei:country key="IS">Ísland</tei:country>
              </tei:placeName>
            </tei:residence>
            <tei:residence xml:lang="is">
              <tei:placeName>
                <tei:settlement type="farm" key="SnoBor01">Snotrunes</tei:settlement>
                <tei:region type="geog" key="Borgar03">Borgarfjarðarhreppur</tei:region>
                <tei:region type="county" key="NorMúl01">Norður-Múlasýsla</tei:region>
                <tei:country key="IS">Ísland</tei:country>
              </tei:placeName>
            </tei:residence>
            <tei:occupation xml:lang="is">Bóndi</tei:occupation>
          </person>
        </listPerson>
      </sourceDesc>
    </fileDesc>
  </teiHeader>
</TEI>
