<?xml version='1.0' encoding='UTF-8'?>
<TEI xmlns="http://www.tei-c.org/ns/1.0">
  <teiHeader>
    <fileDesc>
      <sourceDesc>
        <listPerson>
          <person xmlns:tei="http://www.tei-c.org/ns/1.0" sex="1" role="correspondent  scribe author" xml:id="ArnHel002">
            <tei:persName xml:lang="is">
              <tei:forename sort="1">Árni</tei:forename>
              <tei:surname sort="2">Helgason</tei:surname>
            </tei:persName>
            <tei:birth cert="high" when="1777-10-27"/>
            <tei:death cert="high" when="1869-12-14"/>
            <tei:residence xml:lang="is">
              <tei:placeName>
                <tei:settlement type="institution" key="Skálh01">Skálholt</tei:settlement>
                <tei:region type="parish" key="Biskup01">Biskupstungnahreppur</tei:region>
                <tei:region type="county" key="#Árnes01">Árnessýsla</tei:region>
                <tei:country key="IS">Ísland</tei:country>
              </tei:placeName>
            </tei:residence>
            <tei:residence>
              <tei:placeName>
                <tei:settlement type="farm" key="ReyKjó01">Reynivellir</tei:settlement>
                <tei:region type="parish" key="#Kjósar02">Kjósarhreppur</tei:region>
                <tei:region type="county" key="#Kjósar01">Kjósarsýsla</tei:region>
                <tei:country key="IS">Ísland</tei:country>
              </tei:placeName>
            </tei:residence>
            <tei:residence xml:lang="is">
              <tei:placeName>
                <tei:settlement type="farm" key="GarGar01">Garðar</tei:settlement>
                <tei:region type="parish" key="#Garðab01">Garðahreppur</tei:region>
                <tei:region type="county" key="#Gullbr01">Gullbringusýsla</tei:region>
                <tei:country key="IS">Ísland</tei:country>
              </tei:placeName>
            </tei:residence>
            <tei:occupation xml:lang="is">Prestur</tei:occupation>
            <tei:occupation xml:lang="is">Biskup</tei:occupation>
            <tei:bibl>
              <tei:ref target="IsAev">Íslenzkar æviskrár</tei:ref>
              <tei:biblScope type="volume">I</tei:biblScope>
              <tei:biblScope type="pages">49-50</tei:biblScope>
            </tei:bibl>
          </person>
        </listPerson>
      </sourceDesc>
    </fileDesc>
  </teiHeader>
</TEI>
