<?xml version='1.0' encoding='UTF-8'?>
<TEI xmlns="http://www.tei-c.org/ns/1.0">
  <teiHeader>
    <fileDesc>
      <sourceDesc>
        <listPerson>
          <person xmlns:tei="http://www.tei-c.org/ns/1.0" sex="1" role="translator" xml:id="ArnHal002">
            <tei:persName xml:lang="is">
              <tei:forename sort="1">Árni</tei:forename>
              <tei:surname sort="2">Halldórsson</tei:surname>
            </tei:persName>
            <tei:birth cert="medium" notBefore="1620" notAfter="1640"/>
            <tei:death cert="medium" when="1687"/>
            <tei:residence>
              <tei:settlement type="farm" key="ReyHru04">Reykjadalur</tei:settlement>
              <tei:region type="parish" key="#Hrunam01">Hrunamannahreppur</tei:region>
              <tei:region type="county" key="#Árnes01">Árnessýsla</tei:region>
              <tei:country key="IS">Ísland</tei:country>
            </tei:residence>
            <tei:residence xml:lang="is">
              <tei:placeName>
                <tei:settlement type="institution" key="Skálh01">Skálholt</tei:settlement>
                <tei:region type="parish" key="Biskup01">Biskupstungnahreppur</tei:region>
                <tei:region type="county" key="#Árnes01">Árnessýsla</tei:region>
                <tei:country key="IS">Ísland</tei:country>
              </tei:placeName>
            </tei:residence>
            <tei:residence xml:lang="is">
              <tei:placeName>
                <tei:settlement type="farm" key="HruHru01">Hruni</tei:settlement>
                <tei:region type="parish" key="#Hrunam01">Hrunamannahreppur</tei:region>
                <tei:region type="county" key="#Árnes01">Árnessýsla</tei:region>
                <tei:country key="IS">Ísland</tei:country>
              </tei:placeName>
            </tei:residence>
            <tei:occupation xml:lang="is">Prestur</tei:occupation>
            <tei:occupation xml:lang="en">Priest</tei:occupation>
            <tei:occupation xml:lang="da">Præst</tei:occupation>
            <tei:bibl>
              <tei:ref target="IsAev">Íslenzkar æviskrár</tei:ref>
              <tei:biblScope type="volume">I</tei:biblScope>
              <tei:biblScope type="pages">47-48</tei:biblScope>
            </tei:bibl>
          </person>
        </listPerson>
      </sourceDesc>
    </fileDesc>
  </teiHeader>
</TEI>
