<?xml version='1.0' encoding='UTF-8'?>
<TEI xmlns="http://www.tei-c.org/ns/1.0">
  <teiHeader>
    <fileDesc>
      <sourceDesc>
        <listPerson>
          <person xmlns:tei="http://www.tei-c.org/ns/1.0" sex="1" role="owner" xml:id="ArnHel003">
            <tei:persName xml:lang="is">
              <tei:forename sort="1">Árni</tei:forename>
              <tei:surname sort="2">Helgason</tei:surname>
            </tei:persName>
            <tei:birth cert="high" when="1874-09-21">21. september 1874</tei:birth>
            <tei:death cert="high" when="1951-11-28">28. nóvember 1951</tei:death>
            <tei:residence xml:lang="is">
              <tei:placeName>
                <tei:settlement type="farn" key="GisBre01">Gíslabær</tei:settlement>
                <tei:region type="parish" key="#Breiðu01">Breiðuvíkurhreppur</tei:region>
                <tei:region type="county" key="#Snæfe02">Snæfellsnessýsla</tei:region>
                <tei:region type="geog" key="#Vestfi01"/>
                Vestfirðir
                <tei:country key="IS">Ísland</tei:country>
              </tei:placeName>
            </tei:residence>
            <tei:occupation xml:lang="is">Bóndi</tei:occupation>
            <tei:occupation xml:lang="en">Farmer</tei:occupation>
            <tei:occupation xml:lang="da">Landman</tei:occupation>
            <tei:occupation xml:lang="is">Kennari</tei:occupation>
            <tei:occupation xml:lang="en">Teacher</tei:occupation>
            <tei:occupation xml:lang="da">Lærer</tei:occupation>
          </person>
        </listPerson>
      </sourceDesc>
    </fileDesc>
  </teiHeader>
</TEI>
