<?xml version='1.0' encoding='UTF-8'?>
<TEI xmlns="http://www.tei-c.org/ns/1.0">
  <teiHeader>
    <fileDesc>
      <sourceDesc>
        <listPerson>
          <person xmlns:tei="http://www.tei-c.org/ns/1.0" sex="1" role="author scribe owner donor marginal" xml:id="ArnHan002">
            <tei:persName xml:lang="is">
              <tei:forename sort="1">Árni</tei:forename>
              <tei:forename sort="2">Halldór</tei:forename>
              <tei:surname sort="3">Hannesson</tei:surname>
              <tei:addName sort="4" type="epithet">; gáta</tei:addName>
            </tei:persName>
            <tei:residence xml:lang="is">
              <tei:placeName>
                <tei:settlement type="farm" key="StóMik01">Stóra-Þúfa</tei:settlement>
                <tei:region type="parish" key="Miklah01">Miklaholtshreppur</tei:region>
                <tei:region type="county" key="Hnappa01">Hnappadalssýsla</tei:region>
                <tei:country key="IS">Ísland</tei:country>
              </tei:placeName>
            </tei:residence>
            <tei:residence xml:lang="is">
              <tei:placeName>
                <tei:settlement type="city" key="Reykj01">Reykjavík</tei:settlement>
                <tei:region type="county" key="#Gullbr01">Gullbringusýsla</tei:region>
                <tei:country key="IS">Ísland</tei:country>
              </tei:placeName>
            </tei:residence>
            <tei:birth cert="high" when="1843-03-27"/>
            <tei:death cert="high" when="1901-03-01"/>
            <tei:occupation xml:lang="is">Bóndi</tei:occupation>
            <tei:occupation xml:lang="is">Fræðimaður</tei:occupation>
          </person>
        </listPerson>
      </sourceDesc>
    </fileDesc>
  </teiHeader>
</TEI>
