<?xml version='1.0' encoding='UTF-8'?>
<TEI xmlns="http://www.tei-c.org/ns/1.0">
  <teiHeader>
    <fileDesc>
      <sourceDesc>
        <listPerson>
          <person xmlns:tei="http://www.tei-c.org/ns/1.0" sex="1" role="scribe owner" xml:id="ArnHak001">
            <tei:persName xml:lang="is">
              <tei:forename sort="1">Árni</tei:forename>
              <tei:surname sort="2">Hákonarson</tei:surname>
            </tei:persName>
            <tei:birth cert="low" notBefore="1650" notAfter="1670"/>
            <tei:death notBefore="1690" notAfter="1695"/>
            <tei:residence xml:lang="is">
              <tei:placeName>
                <tei:settlement type="farm" key="StóHau01">Vatnshorn</tei:settlement>
                <tei:region type="parish" key="#Haukad01">Haukadalshreppur</tei:region>
                <tei:region type="county" key="Dalas01">Dalasýsla</tei:region>
                <tei:country key="IS">Ísland</tei:country>
              </tei:placeName>
            </tei:residence>
            <tei:occupation xml:lang="is">Stúdent</tei:occupation>
            <tei:occupation xml:lang="is">Skrifari</tei:occupation>
            <tei:bibl>
              <tei:ref target="IsAev">Íslenzkar æviskrár</tei:ref>
              <tei:biblScope type="volume">I</tei:biblScope>
              <tei:biblScope type="pages">47</tei:biblScope>
            </tei:bibl>
            <tei:bibl>
              <tei:ref target="IH">Íslenzkir Hafnarstúdentar</tei:ref>
              <tei:biblScope type="pages">42-43</tei:biblScope>
            </tei:bibl>
          </person>
        </listPerson>
      </sourceDesc>
    </fileDesc>
  </teiHeader>
</TEI>
