<?xml version='1.0' encoding='UTF-8'?>
<TEI xmlns="http://www.tei-c.org/ns/1.0">
  <teiHeader>
    <fileDesc>
      <sourceDesc>
        <listPerson>
          <person xmlns:tei="http://www.tei-c.org/ns/1.0" sex="1" role="scholar owner author poet translator marginal" xml:id="ArnJon001">
            <tei:persName xml:lang="is">
              <tei:forename sort="1">Arngrímur</tei:forename>
              <tei:forename sort="2">Jónsson</tei:forename>
              <tei:surname sort="3">Vídalín</tei:surname>
              <tei:addName sort="4" type="epithet">; lærði</tei:addName>
            </tei:persName>
            <tei:persName xml:lang="la">
              <tei:forename sort="1">Arngrimus</tei:forename>
              <tei:surname sort="2">Jonas</tei:surname>
            </tei:persName>
            <tei:birth when="1568"/>
            <tei:death when="1648-06-27"/>
            <tei:residence xml:lang="is">
              <tei:placeName>
                <tei:settlement type="institution" key="HólHól01">Hólar</tei:settlement>
                <tei:region type="parish" key="#Hólahr01">Hólahreppur</tei:region>
                <tei:region type="county" key="Skagaf01">Skagafjarðarsýsla</tei:region>
                <tei:country key="IS">Ísland</tei:country>
              </tei:placeName>
            </tei:residence>
            <tei:residence xml:lang="is">
              <tei:placeName>
                <tei:settlement type="farm" key="MikAkr01">Miklibær</tei:settlement>
                <tei:region type="parish" key="#Akrahr01">Akrahreppur</tei:region>
                <tei:region type="county" key="Skagaf01">Skagafjarðarsýsla</tei:region>
                <tei:country key="IS">Ísland</tei:country>
              </tei:placeName>
            </tei:residence>
            <tei:residence xml:lang="is">
              <tei:placeName>
                <tei:settlement type="institution" key="MælLýt01">Mælifell</tei:settlement>
                <tei:region type="parish" key="#Lýting01">Lýtingsstaðahreppur</tei:region>
                <tei:region type="county" key="Skagaf01">Skagafjarðarsýsla</tei:region>
                <tei:country key="IS">Ísland</tei:country>
              </tei:placeName>
            </tei:residence>
            <tei:residence xml:lang="is">
              <tei:placeName>
                <tei:settlement type="farm" key="MelYtr01">Melur (Melstaður)</tei:settlement>
                <tei:region type="parish" key="#YtrTor01">Ytri-Torfustaðarhreppur</tei:region>
                <tei:region type="county" key="VesHún01">Vestur-Húnavatnssýsla</tei:region>
                <tei:country key="IS">Ísland</tei:country>
              </tei:placeName>
            </tei:residence>
            <tei:residence xml:lang="da">
              <tei:placeName>
                <tei:settlement type="farm" key="MelYtr01">Melur (Melstaður)</tei:settlement>
                <tei:region type="parish" key="#YtrTor01">Ytri-Torfustaðarhreppur</tei:region>
                <tei:region type="county" key="VesHún01">Vestur-Húnavatnssýsla</tei:region>
                <tei:region type="compass">nordlige</tei:region>
                <tei:country>Island</tei:country>
              </tei:placeName>
            </tei:residence>
            <tei:occupation xml:lang="en">
              Priest,
              <tei:foreign xml:lang="la">Rector Officialis</tei:foreign>
            </tei:occupation>
            <tei:occupation xml:lang="da">
              Præst,
              <tei:foreign xml:lang="la">Rector Officialis</tei:foreign>
            </tei:occupation>
            <tei:occupation xml:lang="is">Prestur</tei:occupation>
            <tei:occupation xml:lang="en">Rector</tei:occupation>
            <tei:occupation xml:lang="da">Rektor</tei:occupation>
            <tei:occupation xml:lang="is">Rektor</tei:occupation>
            <tei:bibl>
              <tei:ref target="IsAev">Íslenzkar æviskrár</tei:ref>
              <tei:biblScope type="volume">I</tei:biblScope>
              <tei:biblScope type="pages">29-31</tei:biblScope>
            </tei:bibl>
          </person>
        </listPerson>
      </sourceDesc>
    </fileDesc>
  </teiHeader>
</TEI>
