<?xml version='1.0' encoding='UTF-8'?>
<TEI xmlns="http://www.tei-c.org/ns/1.0">
  <teiHeader>
    <fileDesc>
      <sourceDesc>
        <listPerson>
          <person xmlns:tei="http://www.tei-c.org/ns/1.0" sex="1" role="poet translator" xml:id="ArnJon007">
            <tei:persName xml:lang="is">
              <tei:forename sort="1">Arnór</tei:forename>
              <tei:surname sort="2">Jónsson</tei:surname>
            </tei:persName>
            <tei:birth cert="high" when="1772-12-27"/>
            <tei:death cert="high" when="1853-11-05"/>
            <tei:residence xml:lang="is">
              <tei:placeName>
                <tei:settlement type="farm" key="HvíAnd03">Hvítárvellir</tei:settlement>
                <tei:region type="parish" key="#Andakí01">Andakílshreppur</tei:region>
                <tei:region type="county" key="#Borga01">Borgarfjarðarsýsla</tei:region>
                <tei:country key="IS">Ísland</tei:country>
              </tei:placeName>
            </tei:residence>
            <tei:residence xml:lang="is">
              <tei:placeName>
                <tei:settlement type="farm" key="VatRey01">Vatnsfjörður</tei:settlement>
                <tei:region type="parish" key="Reykja02">Reykjafjarðarhreppur</tei:region>
                <tei:region type="county" key="NorÍsa01">Norður-Ísafjarðarsýsla</tei:region>
                <tei:country key="IS">Ísland</tei:country>
              </tei:placeName>
            </tei:residence>
            <tei:occupation xml:lang="is">Prestur</tei:occupation>
            <tei:occupation xml:lang="en">Priest</tei:occupation>
            <tei:occupation xml:lang="da">Præst</tei:occupation>
            <tei:bibl>
              <tei:ref target="IsAev">Íslenzkar æviskrár</tei:ref>
              <tei:biblScope type="volume">I</tei:biblScope>
              <tei:biblScope type="pages">84-85</tei:biblScope>
            </tei:bibl>
          </person>
        </listPerson>
      </sourceDesc>
    </fileDesc>
  </teiHeader>
</TEI>
