<?xml version='1.0' encoding='UTF-8'?>
<TEI xmlns="http://www.tei-c.org/ns/1.0">
  <teiHeader>
    <fileDesc>
      <sourceDesc>
        <listPerson>
          <person xmlns:tei="http://www.tei-c.org/ns/1.0" sex="1" role="recipient" xml:id="ArnJon041">
            <tei:persName xml:lang="is">
              <tei:forename sort="1">Arnfinnur</tei:forename>
              <tei:surname sort="2">Jónsson</tei:surname>
            </tei:persName>
            <tei:birth when="1860-01-14">14. janúar 1860</tei:birth>
            <tei:death when="1946-09-20">20. september 1946</tei:death>
            <tei:residence xml:lang="is">
              <tei:placeName>
                <tei:settlement type="farm" key="LamMýr01">Lambadalur</tei:settlement>
                <tei:region type="parish" key="#Mýrahr01">Mýrarhreppur</tei:region>
                <tei:region type="county" key="VesÍsa01">Vestur-Ísafjarðarsýsla</tei:region>
                <tei:country key="IS">Ísland</tei:country>
              </tei:placeName>
            </tei:residence>
            <tei:occupation>Bóndi</tei:occupation>
          </person>
        </listPerson>
      </sourceDesc>
    </fileDesc>
  </teiHeader>
</TEI>
