<?xml version='1.0' encoding='UTF-8'?>
<TEI xmlns="http://www.tei-c.org/ns/1.0">
  <teiHeader>
    <fileDesc>
      <sourceDesc>
        <listPerson>
          <person xmlns:tei="http://www.tei-c.org/ns/1.0" sex="1" role="owner" xml:id="ArnJon006">
            <tei:persName xml:lang="is">
              <tei:forename sort="1">Arnór</tei:forename>
              <tei:surname sort="2">Jónsson</tei:surname>
              <tei:addName>; Laga-Nóri</tei:addName>
            </tei:persName>
            <tei:birth notBefore="1560" notAfter="1580"/>
            <tei:death notBefore="1620" notAfter="1640"/>
            <tei:residence xml:lang="is">
              <tei:placeName>
                <tei:settlement type="farm" key="ÖndGrí01">Öndverðarnes</tei:settlement>
                <tei:region type="parish" key="#Grímsn01">Grímsneshreppur</tei:region>
                <tei:region type="county" key="#Árnes01">Árnessýsla</tei:region>
                <tei:country key="IS">Ísland</tei:country>
              </tei:placeName>
            </tei:residence>
            <tei:residence xml:lang="da">
              <tei:placeName>
                <tei:settlement type="farm" key="ÖndGrí01">Öndverðarnes</tei:settlement>
                <tei:region type="county" key="#Árnes01">Árnessýsla</tei:region>
                <tei:region type="compass">sydlige</tei:region>
                <tei:country key="IS">Island</tei:country>
              </tei:placeName>
            </tei:residence>
            <tei:note xml:lang="en">A contemporary of bishop Oddur Einarsson.</tei:note>
            <tei:note xml:lang="en">Another farm with the name Öndverðarnes is located in
              Snæfellsnessýsla in the western part of Iceland.</tei:note>
            <tei:note xml:lang="da">Der er en anden gård i Snæfellsnessýsla, vestlige Island, som også
              hedder Öndverðarnes.</tei:note>
          </person>
        </listPerson>
      </sourceDesc>
    </fileDesc>
  </teiHeader>
</TEI>
