<?xml version='1.0' encoding='UTF-8'?>
<TEI xmlns="http://www.tei-c.org/ns/1.0">
  <teiHeader>
    <fileDesc>
      <sourceDesc>
        <listPerson>
          <person xmlns:tei="http://www.tei-c.org/ns/1.0" sex="1" role="translator" xml:id="ArnJon015">
            <tei:persName xml:lang="is">
              <tei:forename sort="1">Árni</tei:forename>
              <tei:surname sort="2">Jónsson</tei:surname>
            </tei:persName>
            <tei:birth cert="high" when="1705">1705</tei:birth>
            <tei:death cert="high" when="1754">1754</tei:death>
            <tei:residence xml:lang="is">
              <tei:placeName>
                <tei:settlement type="farm" key="MeðKjó01">Meðalfell</tei:settlement>
                <tei:region type="parish" key="#Kjósar02">Kjósarhreppur</tei:region>
                <tei:region type="county" key="#Kjósar01">Kjósarsýsla</tei:region>
                <tei:country key="IS">Ísland</tei:country>
              </tei:placeName>
            </tei:residence>
            <tei:occupation xml:lang="is">Heyrari</tei:occupation>
            <tei:occupation xml:lang="en">Teacher</tei:occupation>
            <tei:occupation xml:lang="da">Lærer</tei:occupation>
          </person>
        </listPerson>
      </sourceDesc>
    </fileDesc>
  </teiHeader>
</TEI>
