<?xml version='1.0' encoding='UTF-8'?>
<TEI xmlns="http://www.tei-c.org/ns/1.0">
  <teiHeader>
    <fileDesc>
      <sourceDesc>
        <listPerson>
          <person xmlns:tei="http://www.tei-c.org/ns/1.0" sex="1" role="poet" xml:id="ArnJon002">
            <tei:persName xml:lang="is">
              <tei:forename sort="1">Árni</tei:forename>
              <tei:surname sort="2">Jónsson</tei:surname>
            </tei:persName>
            <tei:death when="1379">Left Iceland in 1379 and was not heard from again</tei:death>
            <tei:residence xml:lang="is">
              <tei:placeName>
                <tei:settlement type="institution" key="MunÖng01">Munkaþverá</tei:settlement>
                <tei:region type="parish" key="#Önguls01">Öngulsstaðahreppur</tei:region>
                <tei:region type="county" key="#Eyjafj02">Eyjafjarðarsýsla</tei:region>
                <tei:country key="IS">Ísland</tei:country>
              </tei:placeName>
            </tei:residence>
            <tei:occupation xml:lang="is">Ábóti</tei:occupation>
            <tei:occupation xml:lang="en">Abbot</tei:occupation>
            <tei:occupation xml:lang="da">Prior</tei:occupation>
            <tei:bibl>
              <tei:ref target="IsAev">Íslenzkar æviskrár</tei:ref>
              <tei:biblScope type="volume">I</tei:biblScope>
              <tei:biblScope type="pages">52</tei:biblScope>
            </tei:bibl>
          </person>
        </listPerson>
      </sourceDesc>
    </fileDesc>
  </teiHeader>
</TEI>
