<?xml version='1.0' encoding='UTF-8'?>
<TEI xmlns="http://www.tei-c.org/ns/1.0">
  <teiHeader>
    <fileDesc>
      <sourceDesc>
        <listPerson>
          <person xmlns:tei="http://www.tei-c.org/ns/1.0" sex="1" role="owner" xml:id="ArnJoh001">
            <tei:persName xml:lang="is">
              <tei:forename sort="1">Árni</tei:forename>
              <tei:surname sort="2">Jóhannsson</tei:surname>
            </tei:persName>
            <tei:birth when="1897-10-08"/>
            <tei:death when="1976-08-19"/>
            <tei:residence xml:lang="is">
              <tei:placeName>
                <tei:settlement type="village">Hofsós</tei:settlement>
                <tei:region type="parish" key="#Hofshr01">Hofsóshreppur</tei:region>
                <tei:region type="county" key="#Skagaf01">Skagafjarðarsýska</tei:region>
                <tei:country key="IS">Ísland</tei:country>
              </tei:placeName>
            </tei:residence>
            <tei:residence xml:lang="is">
              <tei:placeName>
                <tei:settlement type="town" key="#Sigluf01">Siglufjörður</tei:settlement>
                <tei:region type="county" key="#Eyjafj02">Eyjafjarðarsýsla</tei:region>
                <tei:country key="IS">Ísland</tei:country>
              </tei:placeName>
            </tei:residence>
            <tei:occupation xml:lang="is">Verslunarmaður</tei:occupation>
            <tei:occupation xml:lang="is">Bókhaldari</tei:occupation>
          </person>
        </listPerson>
      </sourceDesc>
    </fileDesc>
  </teiHeader>
</TEI>
