<?xml version='1.0' encoding='UTF-8'?>
<TEI xmlns="http://www.tei-c.org/ns/1.0">
  <teiHeader>
    <fileDesc>
      <sourceDesc>
        <listPerson>
          <person xmlns:tei="http://www.tei-c.org/ns/1.0" sex="1" role="scribe" xml:id="ArnJon017">
            <tei:persName xml:lang="is">
              <tei:forename sort="1">Árni</tei:forename>
              <tei:surname sort="2">Jónsson</tei:surname>
              <tei:addName type="epithet" sort="3">; Reynistaðamágur</tei:addName>
            </tei:persName>
            <tei:birth when="1758"/>
            <tei:death when="1827-10-22"/>
            <tei:residence xml:lang="is">
              <tei:placeName>
                <tei:settlement type="city" key="Reykj01">Reykjavík</tei:settlement>
                <tei:region type="county" key="#Gullbr01">Gullbringusýsla</tei:region>
                <tei:country key="IS">Ísland</tei:country>
              </tei:placeName>
            </tei:residence>
            <tei:residence xml:lang="is">
              <tei:placeName>
                <tei:settlement type="town" key="EyrEyr01">Eyrarbakki</tei:settlement>
                <tei:region type="parish" key="#Eyraba01">Eyrarbakkahreppur</tei:region>
                <tei:region type="county" key="#Árnes01">Árnessýsla</tei:region>
                <tei:country key="IS">Ísland</tei:country>
              </tei:placeName>
            </tei:residence>
            <tei:residence xml:lang="is">
              <tei:placeName>
                <tei:region type="parish" key="#Grinda01">Grindavík</tei:region>
                <tei:region type="county" key="#Gullbr01">Gullbringusýsla</tei:region>
                <tei:country key="IS">Ísland</tei:country>
              </tei:placeName>
            </tei:residence>
            <tei:residence xml:lang="is">
              <tei:placeName>
                <tei:settlement type="farm">Keflavík</tei:settlement>
                <tei:country key="IS">Ísland</tei:country>
              </tei:placeName>
            </tei:residence>
            <tei:occupation xml:lang="is">Kaupmaður</tei:occupation>
            <tei:occupation xml:lang="is">Bæjarfógeti</tei:occupation>
            <tei:bibl>
              <tei:ref target="IsAev">Íslenzkar æviskrár</tei:ref>
              <tei:biblScope type="volume">I</tei:biblScope>
              <tei:biblScope type="pages">55-56</tei:biblScope>
            </tei:bibl>
          </person>
        </listPerson>
      </sourceDesc>
    </fileDesc>
  </teiHeader>
</TEI>
