<?xml version='1.0' encoding='UTF-8'?>
<TEI xmlns="http://www.tei-c.org/ns/1.0">
  <teiHeader>
    <fileDesc>
      <sourceDesc>
        <listPerson>
          <person xmlns:tei="http://www.tei-c.org/ns/1.0" sex="1" role="author marginal" xml:id="ArnJon008">
            <!--var ArnJón002>ArnJon007-->
            <tei:persName xml:lang="is">
              <tei:forename sort="1">Arngrímur</tei:forename>
              <tei:surname sort="2">Jónsson</tei:surname>
            </tei:persName>
            <tei:birth cert="high" when="1737-08-02"/>
            <tei:death cert="high" when="1815-08-24"/>
            <tei:residence xml:lang="is">
              <tei:placeName>
                <tei:settlement type="farm" key="HesAnd01">Hestur</tei:settlement>
                <tei:region type="parish" key="Andakí01">Andakílshreppi</tei:region>
                <tei:region type="county" key="#Borga01">Borgarfjarðarsýsla</tei:region>
                <tei:country key="IS">Ísland</tei:country>
              </tei:placeName>
            </tei:residence>
            <tei:residence xml:lang="is">
              <tei:placeName>
                <tei:settlement type="farm" key="MikHra01">Miklaholt</tei:settlement>
                <tei:region type="parish" key="#Hraunh01">Hraunhreppur</tei:region>
                <tei:region type="county" key="Mýras01">Mýrasýsla</tei:region>
                <tei:country key="IS">Ísland</tei:country>
              </tei:placeName>
            </tei:residence>
            <tei:residence xml:lang="is">
              <tei:placeName>
                <tei:settlement type="farm" key="MelLei03">Melar</tei:settlement>
                <tei:region type="parish" key="#LeiMel01">Leirár- og Melahreppur</tei:region>
                <tei:region type="county" key="#Borga01">Borgarfjarðarsýsla</tei:region>
                <tei:country key="IS">Ísland</tei:country>
              </tei:placeName>
            </tei:residence>
            <tei:occupation xml:lang="is">Prestur</tei:occupation>
            <tei:occupation xml:lang="en">Priest</tei:occupation>
            <tei:occupation xml:lang="da">Præst</tei:occupation>
          </person>
        </listPerson>
      </sourceDesc>
    </fileDesc>
  </teiHeader>
</TEI>
