<?xml version='1.0' encoding='UTF-8'?>
<TEI xmlns="http://www.tei-c.org/ns/1.0">
  <teiHeader>
    <fileDesc>
      <sourceDesc>
        <listPerson>
          <person xmlns:tei="http://www.tei-c.org/ns/1.0" sex="1" role="undefined" xml:id="ArnLof001">
            <tei:persName xml:lang="is">
              <tei:forename sort="1">Árni</tei:forename>
              <tei:surname sort="2">Loftsson</tei:surname>
            </tei:persName>
            <tei:birth when="1623">1623</tei:birth>
            <tei:death when="1710">1710</tei:death>
            <tei:residence>
              <tei:placeName xml:lang="is">
                <tei:settlement type="farm">Þykkvibær 1</tei:settlement>
                <tei:region type="parish" key="#Kirkju02"/>
                <tei:region type="county" key="#VesSka01"/>
                <tei:region type="geog" key="#Austfi01"/>
                <tei:country key="IS"/>
              </tei:placeName>
              <tei:placeName xml:lang="is">
                <tei:settlement type="farm">Staður</tei:settlement>
                <tei:region type="parish" key="#Snæfja01"/>
                <tei:region type="county" key="#NorÍsa01"/>
                <tei:region type="geog" key="#Vestfi01"/>
                <tei:country key="IS"/>
              </tei:placeName>
            </tei:residence>
            <tei:occupation xml:lang="is">Prestur</tei:occupation>
            <tei:occupation xml:lang="en">Priest</tei:occupation>
            <tei:occupation xml:lang="da">Præst</tei:occupation>
          </person>
        </listPerson>
      </sourceDesc>
    </fileDesc>
  </teiHeader>
</TEI>
