<?xml version='1.0' encoding='UTF-8'?>
<TEI xmlns="http://www.tei-c.org/ns/1.0">
  <teiHeader>
    <fileDesc>
      <sourceDesc>
        <listPerson>
          <person xmlns:tei="http://www.tei-c.org/ns/1.0" sex="1" role="author" xml:id="ArnMag007">
            <tei:persName xml:lang="is">
              <tei:forename sort="1">Árni</tei:forename>
              <tei:surname sort="2">Magnússon</tei:surname>
            </tei:persName>
            <tei:birth cert="low" notBefore="1700" notAfter="1799">18. öld</tei:birth>
            <tei:death cert="low" notBefore="1800" notAfter="1899">19. öld</tei:death>
            <tei:residence>
              <tei:settlement type="farm" key="SnoMið01">Snóksdalur</tei:settlement>
              <tei:region type="parish" key="#Miðdal01">Miðdalahreppur</tei:region>
              <tei:region type="county" key="Dalas01">Dalasýsla</tei:region>
              <tei:country key="IS">Ísland</tei:country>
            </tei:residence>
            <tei:residence xml:lang="is">
              <tei:country key="DK" xml:lang="is">Danmörk</tei:country>
            </tei:residence>
            <tei:occupation xml:lang="is">Hermaður</tei:occupation>
            <tei:occupation xml:lang="is">Kennari</tei:occupation>
            <tei:bibl>
              <tei:ref target="IsAev">Íslenzkar æviskrár</tei:ref>
              <tei:biblScope type="volume">I</tei:biblScope>
              <tei:biblScope type="pages">63</tei:biblScope>
            </tei:bibl>
          </person>
        </listPerson>
      </sourceDesc>
    </fileDesc>
  </teiHeader>
</TEI>
