<?xml version='1.0' encoding='UTF-8'?>
<TEI xmlns="http://www.tei-c.org/ns/1.0">
  <teiHeader>
    <fileDesc>
      <sourceDesc>
        <listPerson>
          <person xmlns:tei="http://www.tei-c.org/ns/1.0" sex="1" role="marginal owner" xml:id="ArnMag003">
            <tei:persName xml:lang="is">
              <tei:forename sort="1">Arngrímur</tei:forename>
              <tei:surname sort="2">Magnússon</tei:surname>
            </tei:persName>
            <tei:persName xml:lang="is">
              <tei:forename sort="1">Arngrímur</tei:forename>
              <tei:surname sort="2">Magnússon</tei:surname>
              <tei:addName sort="3" type="epithet">; ríki</tei:addName>
            </tei:persName>
            <tei:birth notBefore="1580" notAfter="1590"/>
            <tei:death notBefore="1655" notAfter="1657"/>
            <tei:residence xml:lang="is">
              <tei:placeName>
                <tei:settlement type="farm" key="NjaBor01">Njarðvík</tei:settlement>
                <tei:region type="geog" key="Borgar03">Borgarfjarðarhreppur</tei:region>
                <tei:region type="county" key="NorMúl01">Norður-Múlasýsla</tei:region>
                <tei:country key="IS">Ísland</tei:country>
              </tei:placeName>
            </tei:residence>
            <tei:occupation xml:lang="is">Bóndi</tei:occupation>
          </person>
        </listPerson>
      </sourceDesc>
    </fileDesc>
  </teiHeader>
</TEI>
