<?xml version='1.0' encoding='UTF-8'?>
<TEI xmlns="http://www.tei-c.org/ns/1.0">
  <teiHeader>
    <fileDesc>
      <sourceDesc>
        <listPerson>
          <person xmlns:tei="http://www.tei-c.org/ns/1.0" sex="1" role="scholar author scribe poet" xml:id="ArnMag001">
            <tei:persName xml:lang="is">
              <tei:forename sort="1">Árni</tei:forename>
              <tei:surname sort="2">Magnússon</tei:surname>
            </tei:persName>
            <tei:persName xml:lang="la">
              <tei:forename sort="1">Arnas</tei:forename>
              <tei:surname sort="2">Magnæus</tei:surname>
            </tei:persName>
            <tei:persName xml:lang="da">
              <tei:forename sort="1">Arne</tei:forename>
              <tei:surname sort="2">Magnusson</tei:surname>
            </tei:persName>
            <tei:birth xml:lang="en" when="1663-11-13">13 November 1663</tei:birth>
            <tei:birth xml:lang="da" when="1663-11-13">13. november 1663</tei:birth>
            <tei:death xml:lang="en" when="1730-01-07">7 January 1730</tei:death>
            <tei:death xml:lang="da" when="1730-01-07">7. januar 1730</tei:death>
            <tei:residence xml:lang="is">
              <tei:date from="1663" to="1680"/>
              <tei:placeName>
                <tei:settlement type="farm" key="HvaHva01">Hvammur</tei:settlement>
                <tei:region type="parish" key="Hvamms01">Hvammshreppur</tei:region>
                <tei:region type="county" key="Dalas01">Dalasýsla</tei:region>
                <tei:country key="IS">Ísland</tei:country>
              </tei:placeName>
            </tei:residence>
            <tei:residence xml:lang="is">
              <tei:date from="1680" to="1683"/>
              <tei:placeName>
                <tei:settlement type="institution" key="Skálh01">Skálholt</tei:settlement>
                <tei:region type="parish" key="Biskup01">Biskupstungnahreppur</tei:region>
                <tei:region type="county" key="#Árnes01">Árnessýsla</tei:region>
                <tei:country key="IS">Ísland</tei:country>
              </tei:placeName>
            </tei:residence>
            <tei:residence xml:lang="en">
              <tei:date from="1683" to="1685"/>
              <tei:placeName>
                <tei:settlement type="city">Copenhagen</tei:settlement>
                <tei:country key="DK">Denmark</tei:country>
              </tei:placeName>
            </tei:residence>
            <tei:residence xml:lang="is">
              <tei:date from="1685" to="1686"/>
              <tei:placeName>
                <tei:settlement type="farm" key="HvaHva01">Hvammur</tei:settlement>
                <tei:region type="parish" key="Hvamms01">Hvammshreppur</tei:region>
                <tei:region type="county" key="Dalas01">Dalasýsla</tei:region>
                <tei:country key="IS">Ísland</tei:country>
              </tei:placeName>
            </tei:residence>
            <tei:residence xml:lang="en">
              <tei:date from="1686" to="1689"/>
              <tei:placeName>
                <tei:settlement type="city">Copenhagen</tei:settlement>
                <tei:country key="DK">Denmark</tei:country>
              </tei:placeName>
            </tei:residence>
            <tei:residence xml:lang="en">
              <tei:date from="1689" to="1690"/>
              <tei:placeName>
                <tei:country key="NO">Norway</tei:country>
              </tei:placeName>
            </tei:residence>
            <tei:residence xml:lang="en">
              <tei:date from="1690" to="1694"/>
              <tei:placeName>
                <tei:settlement type="city">Copenhagen</tei:settlement>
                <tei:country key="DK">Denmark</tei:country>
              </tei:placeName>
            </tei:residence>
            <tei:residence xml:lang="en">
              <tei:date from="1694" to="1696"/>
              <tei:placeName>
                <tei:country key="DE">Germany</tei:country>
              </tei:placeName>
            </tei:residence>
            <tei:residence xml:lang="en">
              <tei:date from="1696" to="1702"/>
              <tei:placeName>
                <tei:settlement type="city">Copenhagen</tei:settlement>
                <tei:country key="DK">Denmark</tei:country>
              </tei:placeName>
            </tei:residence>
            <tei:residence xml:lang="is">
              <tei:date from="1702" to="1705"/>
              <tei:placeName>
                <tei:settlement type="institution" key="Skálh01">Skálholt</tei:settlement>
                <tei:region type="parish" key="Biskup01">Biskupstungnahreppur</tei:region>
                <tei:region type="county" key="#Árnes01">Árnessýsla</tei:region>
                <tei:country key="IS">Ísland</tei:country>
              </tei:placeName>
            </tei:residence>
            <tei:residence xml:lang="en">
              <tei:date from="1705" to="1706"/>
              <tei:placeName>
                <tei:settlement type="city">Copenhagen</tei:settlement>
                <tei:country key="DK">Denmark</tei:country>
              </tei:placeName>
            </tei:residence>
            <tei:residence xml:lang="is">
              <tei:date from="1706" to="1708"/>
              <tei:placeName>
                <tei:settlement type="institution" key="Skálh01">Skálholt</tei:settlement>
                <tei:region type="parish" key="Biskup01">Biskupstungnahreppur</tei:region>
                <tei:region type="county" key="#Árnes01">Árnessýsla</tei:region>
                <tei:country key="IS">Ísland</tei:country>
              </tei:placeName>
            </tei:residence>
            <tei:residence xml:lang="en">
              <tei:date from="1708" to="1709"/>
              <tei:placeName>
                <tei:settlement type="city">Copenhagen</tei:settlement>
                <tei:country key="DK">Denmark</tei:country>
              </tei:placeName>
            </tei:residence>
            <tei:residence xml:lang="is">
              <tei:date from="1709" to="1712"/>
              <tei:placeName>
                <tei:settlement type="institution" key="Skálh01">Skálholt</tei:settlement>
                <tei:region type="parish" key="Biskup01">Biskupstungnahreppur</tei:region>
                <tei:region type="county" key="#Árnes01">Árnessýsla</tei:region>
                <tei:country key="IS">Ísland</tei:country>
              </tei:placeName>
            </tei:residence>
            <tei:residence xml:lang="en">
              <tei:date from="1712" to="1730"/>
              <tei:placeName>
                <tei:settlement type="city">Copenhagen</tei:settlement>
                <tei:country key="DK">Denmark</tei:country>
              </tei:placeName>
            </tei:residence>
            <tei:residence xml:lang="da">
              <tei:date from="1663" to="1680"/>
              <tei:placeName>
                <tei:settlement type="farm" key="HvaHva01">Hvammur</tei:settlement>
                <tei:region type="parish" key="Hvamms01">Hvammshreppur</tei:region>
                <tei:region type="county" key="Dalas01">Dalasýsla</tei:region>
                <tei:region type="compass">vestlige</tei:region>
                <tei:country>Island</tei:country>
              </tei:placeName>
            </tei:residence>
            <tei:residence xml:lang="da">
              <tei:date from="1680" to="1683"/>
              <tei:placeName>
                <tei:settlement type="institution" key="Skálh01">Skálholt</tei:settlement>
                <tei:region type="county" key="#Árnes01">Árnessýsla</tei:region>
                <tei:region type="parish">Biskupstungnahreppur</tei:region>
                <tei:region type="compass" xml:lang="is">Suðurland</tei:region>
                <tei:country>Island</tei:country>
              </tei:placeName>
            </tei:residence>
            <tei:residence xml:lang="da">
              <tei:date from="1683" to="1685"/>
              <tei:placeName>
                <tei:settlement type="city">København</tei:settlement>
                <tei:country key="DK">Danmark</tei:country>
              </tei:placeName>
            </tei:residence>
            <tei:residence xml:lang="da">
              <tei:date from="1685" to="1686"/>
              <tei:placeName>
                <tei:settlement type="farm" key="HvaHva01">Hvammur</tei:settlement>
                <tei:region type="parish" key="Hvamms01">Hvammshreppur</tei:region>
                <tei:region type="county" key="Dalas01">Dalasýsla</tei:region>
                <tei:region type="compass">vestlige</tei:region>
                <tei:country>Island</tei:country>
              </tei:placeName>
            </tei:residence>
            <tei:residence xml:lang="da">
              <tei:date from="1686" to="1689"/>
              <tei:placeName>
                <tei:settlement type="city">København</tei:settlement>
                <tei:country key="DK">Danmark</tei:country>
              </tei:placeName>
            </tei:residence>
            <tei:residence xml:lang="da">
              <tei:date from="1689" to="1690"/>
              <tei:placeName>
                <tei:country key="NO">Norge</tei:country>
              </tei:placeName>
            </tei:residence>
            <tei:residence xml:lang="da">
              <tei:date from="1690" to="1694"/>
              <tei:placeName>
                <tei:settlement type="city">København</tei:settlement>
                <tei:country key="DK">Danmark</tei:country>
              </tei:placeName>
            </tei:residence>
            <tei:residence xml:lang="da">
              <tei:date from="1694" to="1696"/>
              <tei:placeName>
                <tei:country key="DE">Tyskland</tei:country>
              </tei:placeName>
            </tei:residence>
            <tei:residence xml:lang="da">
              <tei:date from="1696" to="1702"/>
              <tei:placeName>
                <tei:settlement type="city">København</tei:settlement>
                <tei:country key="DK">Danmark</tei:country>
              </tei:placeName>
            </tei:residence>
            <tei:residence xml:lang="da">
              <tei:date from="1702" to="1705"/>
              <tei:placeName>
                <tei:settlement type="institution" key="Skálh01">Skálholt</tei:settlement>
                <tei:region type="county" key="#Árnes01">Árnessýsla</tei:region>
                <tei:region type="parish">Biskupstungnahreppur</tei:region>
                <tei:region type="compass" xml:lang="is">Suðurland</tei:region>
                <tei:country>Island</tei:country>
              </tei:placeName>
            </tei:residence>
            <tei:residence xml:lang="da">
              <tei:date from="1705" to="1706"/>
              <tei:placeName>
                <tei:settlement type="city">København</tei:settlement>
                <tei:country key="DK">Danmark</tei:country>
              </tei:placeName>
            </tei:residence>
            <tei:residence xml:lang="da">
              <tei:date from="1706" to="1708"/>
              <tei:placeName>
                <tei:settlement type="institution" key="Skálh01">Skálholt</tei:settlement>
                <tei:region type="county" key="#Árnes01">Árnessýsla</tei:region>
                <tei:region type="parish">Biskupstungnahreppur</tei:region>
                <tei:region type="compass" xml:lang="is">Suðurland</tei:region>
                <tei:country>Island</tei:country>
              </tei:placeName>
            </tei:residence>
            <tei:residence xml:lang="da">
              <tei:date from="1708" to="1709"/>
              <tei:placeName>
                <tei:settlement type="city">København</tei:settlement>
                <tei:country key="DK">Danmark</tei:country>
              </tei:placeName>
            </tei:residence>
            <tei:residence xml:lang="da">
              <tei:date from="1709" to="1712"/>
              <tei:placeName>
                <tei:settlement type="institution" key="Skálh01">Skálholt</tei:settlement>
                <tei:region type="county" key="#Árnes01">Árnessýsla</tei:region>
                <tei:region type="parish">Biskupstungnahreppur</tei:region>
                <tei:region type="compass" xml:lang="is">Suðurland</tei:region>
                <tei:country>Island</tei:country>
              </tei:placeName>
            </tei:residence>
            <tei:residence xml:lang="da">
              <tei:date from="1712" to="1730"/>
              <tei:placeName>
                <tei:settlement type="city">København</tei:settlement>
                <tei:country key="DK">Danmark</tei:country>
              </tei:placeName>
            </tei:residence>
            <tei:occupation xml:lang="is">Prófessor</tei:occupation>
            <tei:occupation xml:lang="en">
              Professor,
              <tei:foreign xml:lang="da">Arkivsekretær</tei:foreign>
              (Secretary of the Royal Archives)
            </tei:occupation>
            <tei:occupation xml:lang="da">Professor, Arkivsekretær</tei:occupation>
            <tei:bibl>
              <tei:ref target="IsAev">Íslenzkar æviskrár</tei:ref>
              <tei:biblScope type="volume">I</tei:biblScope>
              <tei:biblScope type="pages">62-63</tei:biblScope>
            </tei:bibl>
            <tei:bibl>
              <tei:ref target="DanBioLeks">Dansk biografisk leksikon</tei:ref>
              <tei:biblScope type="volume">XV</tei:biblScope>
              <tei:biblScope type="pages">230-34</tei:biblScope>
            </tei:bibl>
          </person>
        </listPerson>
      </sourceDesc>
    </fileDesc>
  </teiHeader>
</TEI>
