<?xml version='1.0' encoding='UTF-8'?>
<TEI xmlns="http://www.tei-c.org/ns/1.0">
  <teiHeader>
    <fileDesc>
      <sourceDesc>
        <listPerson>
          <person xmlns:tei="http://www.tei-c.org/ns/1.0" sex="1" role="marginal scribe" xml:id="ArnOdd001">
            <tei:persName xml:lang="is">
              <tei:forename sort="1">Árni</tei:forename>
              <tei:surname sort="2">Oddsson</tei:surname>
            </tei:persName>
            <tei:birth when="1592">1592</tei:birth>
            <tei:death when="1665-03-10">10. mars 1665</tei:death>
            <tei:residence xml:lang="is">
              <tei:placeName>
                <tei:settlement type="farm" key="LeiLei02">Leirá</tei:settlement>
                <tei:region type="parish" key="#LeiMel01">Leirár- og Melahreppur</tei:region>
                <tei:region type="county" key="#Borga01">Borgafjarðarsýsla</tei:region>
                <tei:country key="IS">Ísland</tei:country>
              </tei:placeName>
            </tei:residence>
            <tei:occupation xml:lang="is">Lögmaður</tei:occupation>
            <tei:occupation xml:lang="en">Attorney</tei:occupation>
            <tei:occupation xml:lang="da">Advokat</tei:occupation>
            <tei:bibl>
              <tei:ref target="IsAev">Íslenzkar æviskrár</tei:ref>
              <tei:biblScope type="volume">I</tei:biblScope>
              <tei:biblScope type="pages">64</tei:biblScope>
            </tei:bibl>
          </person>
        </listPerson>
      </sourceDesc>
    </fileDesc>
  </teiHeader>
</TEI>
