<?xml version='1.0' encoding='UTF-8'?>
<TEI xmlns="http://www.tei-c.org/ns/1.0">
  <teiHeader>
    <fileDesc>
      <sourceDesc>
        <listPerson>
          <person xmlns:tei="http://www.tei-c.org/ns/1.0" sex="1" role="poet" xml:id="ArnOla005">
            <tei:persName xml:lang="is">
              <tei:forename sort="1">Árni</tei:forename>
              <tei:surname sort="2">Ólafsson</tei:surname>
            </tei:persName>
            <tei:residence xml:lang="is">
              <tei:placeName>
                <tei:settlement type="farm" key="KálHól01">Kálfanes</tei:settlement>
                <tei:region type="parish" key="#Hólmav01">Hólmavíkurhreppur</tei:region>
                <tei:region type="county" key="#Strand01">Strandasýsla</tei:region>
                <tei:region type="geog" key="#Vestfi01"/>
                <tei:country key="IS">Ísland</tei:country>
              </tei:placeName>
            </tei:residence>
          </person>
        </listPerson>
      </sourceDesc>
    </fileDesc>
  </teiHeader>
</TEI>
