<?xml version='1.0' encoding='UTF-8'?>
<TEI xmlns="http://www.tei-c.org/ns/1.0">
  <teiHeader>
    <fileDesc>
      <sourceDesc>
        <listPerson>
          <person xmlns:tei="http://www.tei-c.org/ns/1.0" sex="1" role="owner informant correspondent scribe" xml:id="ArnOla003">
            <tei:persName xml:lang="is">
              <tei:forename sort="1">Arnljótur</tei:forename>
              <tei:surname sort="2">Ólafsson</tei:surname>
            </tei:persName>
            <tei:birth when="1823-11-21"/>
            <tei:death when="1904-10-29"/>
            <tei:residence xml:lang="is">
              <tei:placeName>
                <tei:settlement type="farm" key="SyðÖxn01">Bægisá</tei:settlement>
                <tei:region type="parish" key="#Öxnada01">Öxnadalshreppur</tei:region>
                <tei:region type="county" key="#Eyjafj02">Eyjafjarðarsýsla</tei:region>
                <tei:country key="IS">Ísland</tei:country>
              </tei:placeName>
            </tei:residence>
            <tei:residence xml:lang="is">
              <tei:placeName>
                <tei:settlement type="farm" key="SauSau01">Sauðanes</tei:settlement>
                <tei:region type="parish" key="#Sauðan01">Sauðaneshreppur</tei:region>
                <tei:region type="county" key="#NorÞin01">Norður-Þingeyjarsýsla</tei:region>
                <tei:country key="IS">Ísland</tei:country>
              </tei:placeName>
            </tei:residence>
            <tei:occupation xml:lang="is">Prestur</tei:occupation>
            <tei:occupation xml:lang="en">Priest</tei:occupation>
            <tei:occupation xml:lang="da">Præst</tei:occupation>
            <tei:bibl>
              <tei:ref target="IsAev">Íslenzkar æviskrár</tei:ref>
              <tei:biblScope type="volume">I</tei:biblScope>
              <tei:biblScope type="pages">80-81</tei:biblScope>
            </tei:bibl>
          </person>
        </listPerson>
      </sourceDesc>
    </fileDesc>
  </teiHeader>
</TEI>
