<?xml version='1.0' encoding='UTF-8'?>
<TEI xmlns="http://www.tei-c.org/ns/1.0">
  <teiHeader>
    <fileDesc>
      <sourceDesc>
        <listPerson>
          <person xmlns:tei="http://www.tei-c.org/ns/1.0" sex="1" role="scribe informant" xml:id="ArnPal003">
            <tei:persName xml:lang="is">
              <tei:forename sort="1">Árni</tei:forename>
              <tei:surname sort="2">Pálsson</tei:surname>
            </tei:persName>
            <tei:birth cert="low" when="1785"/>
            <tei:death when="1874-12-09"/>
            <tei:residence xml:lang="is">
              <tei:date from="1785" to="1811"/>
              <tei:placeName>
                <tei:settlement type="farm" key="KirRey01">Kirkjuból</tei:settlement>
                <tei:region type="parish" key="#Reykhó01">Reykhólahreppur</tei:region>
                <tei:region type="county" key="AusBar01">Austur-Barðastrandarsýsla</tei:region>
                <tei:country key="IS">Ísland</tei:country>
              </tei:placeName>
            </tei:residence>
            <tei:residence xml:lang="is">
              <tei:date from="1811" to="1837"/>
              <tei:placeName>
                <tei:settlement type="farm" key="FjöRey01">Fjörður</tei:settlement>
                <tei:region type="parish" key="#Reykhó01">Reykhólahreppur</tei:region>
                <tei:region type="county" key="AusBar01">Austur-Barðastrandarsýsla</tei:region>
                <tei:country key="IS">Ísland</tei:country>
              </tei:placeName>
            </tei:residence>
            <tei:residence xml:lang="is">
              <tei:date from="1837" to="1874"/>
              <tei:placeName>
                <tei:settlement type="farm">Árnahús</tei:settlement>
                <tei:settlement type="farm" key="FlaRey01">Flatey</tei:settlement>
                <tei:region type="parish" key="#Reykhó01">Reykhólahreppur</tei:region>
                <tei:region type="county" key="AusBar01">Austur-Barðastrandarsýsla</tei:region>
                <tei:country key="IS">Ísland</tei:country>
              </tei:placeName>
            </tei:residence>
            <tei:occupation xml:lang="is">Bóndi</tei:occupation>
            <tei:occupation xml:lang="en">Farmer</tei:occupation>
            <tei:occupation xml:lang="da">Landman</tei:occupation>
            <tei:occupation xml:lang="en">Scholar</tei:occupation>
            <tei:occupation xml:lang="is">Fræðimaður</tei:occupation>
            <tei:occupation xml:lang="da">Forsker</tei:occupation>
          </person>
        </listPerson>
      </sourceDesc>
    </fileDesc>
  </teiHeader>
</TEI>
