<?xml version='1.0' encoding='UTF-8'?>
<TEI xmlns="http://www.tei-c.org/ns/1.0">
  <teiHeader>
    <fileDesc>
      <sourceDesc>
        <listPerson>
          <person xmlns:tei="http://www.tei-c.org/ns/1.0" sex="2" role="marginal" xml:id="ArnPet002">
            <tei:persName xml:lang="is">
              <tei:forename sort="1">Arndís</tei:forename>
              <tei:surname sort="2">Pétursdóttir</tei:surname>
            </tei:persName>
            <tei:birth when="1798-04-28"/>
            <tei:death when="1864-05-24"/>
            <tei:residence xml:lang="is">
              <tei:placeName>
                <tei:settlement type="farm" key="BúðSka01">Búðardalur</tei:settlement>
                <tei:region type="parish" key="Skarðs01">Skarðshreppur</tei:region>
                <tei:region type="county" key="Dalas01">Dalasýsla</tei:region>
                <tei:country key="IS">Ísland</tei:country>
              </tei:placeName>
            </tei:residence>
            <tei:occupation xml:lang="is">Húsmóðir</tei:occupation>
          </person>
        </listPerson>
      </sourceDesc>
    </fileDesc>
  </teiHeader>
</TEI>
