<?xml version='1.0' encoding='UTF-8'?>
<TEI xmlns="http://www.tei-c.org/ns/1.0">
  <teiHeader>
    <fileDesc>
      <sourceDesc>
        <listPerson>
          <person xmlns:tei="http://www.tei-c.org/ns/1.0" sex="1" role="owner" xml:id="ArnPal001">
            <tei:persName xml:lang="is">
              <tei:forename sort="1">Árni</tei:forename>
              <tei:surname sort="2">Pálsson</tei:surname>
            </tei:persName>
            <tei:birth notBefore="1637" notAfter="1638">1637-8</tei:birth>
            <tei:death notBefore="1703" notAfter="1738">First half of 18th century</tei:death>
            <tei:residence xml:lang="is">
              <tei:placeName>
                <tei:settlement type="farm" key="EyjVal01">Eyjólfsstaðir</tei:settlement>
                <tei:region type="parish" key="Vallah01">Vallahreppur</tei:region>
                <tei:region type="county" key="SuðMúl01">Suður-Múlasýsla</tei:region>
                <tei:country key="IS">Ísland</tei:country>
              </tei:placeName>
            </tei:residence>
            <tei:occupation xml:lang="en">
              Farmer
              <tei:foreign xml:lang="is">Hreppstjóri</tei:foreign>
            </tei:occupation>
            <tei:occupation xml:lang="is">Bóndi</tei:occupation>
            <tei:occupation xml:lang="is">Hreppsstjóri</tei:occupation>
            <tei:occupation xml:lang="da">
              Landmand
              <tei:foreign xml:lang="is">Hreppstjóri</tei:foreign>
            </tei:occupation>
            <tei:bibl>
              <tei:ref target="MT1703">Manntal á Íslandi árið 1703</tei:ref>
              <tei:biblScope type="pages">393</tei:biblScope>
            </tei:bibl>
          </person>
        </listPerson>
      </sourceDesc>
    </fileDesc>
  </teiHeader>
</TEI>
