<?xml version='1.0' encoding='UTF-8'?>
<TEI xmlns="http://www.tei-c.org/ns/1.0">
  <teiHeader>
    <fileDesc>
      <sourceDesc>
        <listPerson>
          <person xmlns:tei="http://www.tei-c.org/ns/1.0" sex="1" role="undefined" xml:id="ArnPal005">
            <tei:persName xml:lang="is">
              <tei:forename sort="1">Árni</tei:forename>
              <tei:surname sort="2">Pálsson</tei:surname>
            </tei:persName>
            <tei:birth notBefore="1605" notAfter="1615">um 1610</tei:birth>
            <tei:death notBefore="1689">eftir 1689</tei:death>
            <tei:residence xml:lang="is">Þorlákshöfn</tei:residence>
            <tei:occupation xml:lang="en">Farmer</tei:occupation>
            <tei:occupation xml:lang="da">Landmand</tei:occupation>
            <tei:occupation xml:lang="is">Bóndi</tei:occupation>
            <tei:occupation xml:lang="is">Lögréttumaður</tei:occupation>
            <tei:bibl>
              <tei:ref target="IsAev">Lögréttumannatal</tei:ref>
              <tei:biblScope type="pages">22-23</tei:biblScope>
            </tei:bibl>
          </person>
        </listPerson>
      </sourceDesc>
    </fileDesc>
  </teiHeader>
</TEI>
