<?xml version='1.0' encoding='UTF-8'?>
<TEI xmlns="http://www.tei-c.org/ns/1.0">
  <teiHeader>
    <fileDesc>
      <sourceDesc>
        <listPerson>
          <person xmlns:tei="http://www.tei-c.org/ns/1.0" sex="1" role="author" xml:id="ArnSno001">
            <tei:persName xml:lang="is">
              <tei:forename sort="1">Árni</tei:forename>
              <tei:surname sort="2">Snorrason</tei:surname>
            </tei:persName>
            <tei:birth when="1768-05-04"/>
            <tei:death when="1833-02-28"/>
            <tei:residence xml:lang="is">
              <tei:date from="1814" to="1833"/>
              <tei:placeName>
                <tei:settlement type="farm" key="TjöSva01">Tjörn</tei:settlement>
                <tei:region type="parish" key="#Svarfa01">Svarfaðardalshreppur</tei:region>
                <tei:region type="county" key="Eyjafj02">Eyjafjarðarsýsla</tei:region>
                <tei:country key="IS">Ísland</tei:country>
              </tei:placeName>
            </tei:residence>
            <tei:occupation xml:lang="is">Prestur</tei:occupation>
            <tei:occupation xml:lang="en">Priest</tei:occupation>
            <tei:occupation xml:lang="da">Præst</tei:occupation>
            <tei:bibl>
              <tei:ref target="IsAev">Íslenzkar æviskrár</tei:ref>
              <tei:biblScope type="volume">I</tei:biblScope>
              <tei:biblScope type="pages">70</tei:biblScope>
            </tei:bibl>
          </person>
        </listPerson>
      </sourceDesc>
    </fileDesc>
  </teiHeader>
</TEI>
