<?xml version='1.0' encoding='UTF-8'?>
<TEI xmlns="http://www.tei-c.org/ns/1.0">
  <teiHeader>
    <fileDesc>
      <sourceDesc>
        <listPerson>
          <person xmlns:tei="http://www.tei-c.org/ns/1.0" sex="1" role="owner" xml:id="ArnSig002">
            <tei:persName xml:lang="is">
              <tei:forename sort="1">Árni</tei:forename>
              <tei:surname sort="2">Sigurðsson</tei:surname>
            </tei:persName>
            <tei:birth when="1665">1665</tei:birth>
            <tei:death when="1736">1736</tei:death>
            <tei:residence xml:lang="is">
              <tei:placeName>
                <tei:settlement type="farm" key="GruSko01">Grund</tei:settlement>
                <tei:region type="geog" key="Skorra01">Skorradalshreppur</tei:region>
                <tei:region type="county" key="#Borga01">Borgarfjarðarsýsla</tei:region>
                <tei:country key="IS">Ísland</tei:country>
              </tei:placeName>
            </tei:residence>
            <tei:occupation xml:lang="is">Lögréttumaður</tei:occupation>
            <tei:occupation xml:lang="en">Member of the lögrétta</tei:occupation>
            <tei:occupation xml:lang="da">Lovrettemand</tei:occupation>
            <tei:bibl>
              <tei:ref target="Lrmt">Lögréttumannatal</tei:ref>
              <tei:biblScope type="pages">24</tei:biblScope>
            </tei:bibl>
          </person>
        </listPerson>
      </sourceDesc>
    </fileDesc>
  </teiHeader>
</TEI>
