<?xml version='1.0' encoding='UTF-8'?>
<TEI xmlns="http://www.tei-c.org/ns/1.0">
  <teiHeader>
    <fileDesc>
      <sourceDesc>
        <listPerson>
          <person xmlns:tei="http://www.tei-c.org/ns/1.0" sex="1" role="scribe" xml:id="ArnSve003">
            <tei:persName xml:lang="is">
              <tei:forename sort="1">Árni</tei:forename>
              <tei:surname sort="2">Sveinsson</tei:surname>
            </tei:persName>
            <tei:birth when="1806-12-21"/>
            <tei:death when="1861-12-11"/>
            <tei:residence xml:lang="is">
              <tei:date when="1840"/>
              <tei:placeName>
                <tei:settlement type="farm">Berufjarðarhjáleiga</tei:settlement>
                <tei:region type="parish" key="Berune01">Beruneshreppur</tei:region>
                <tei:region type="county" key="SuðMúl01">Suður-Múlasýsla</tei:region>
                <tei:region type="geog" key="Austfi01"/>
                <tei:country key="IS">Ísland</tei:country>
              </tei:placeName>
            </tei:residence>
            <tei:residence xml:lang="is">
              <tei:date when="1850"/>
              <tei:placeName>
                <tei:settlement type="farm">Eiríksstaðir</tei:settlement>
                <tei:region type="parish" key="Berune01">Beruneshreppur</tei:region>
                <tei:region type="county" key="SuðMúl01">Suður-Múlasýsla</tei:region>
                <tei:region type="geog" key="Austfi01"/>
                <tei:country key="IS">Ísland</tei:country>
              </tei:placeName>
            </tei:residence>
            <tei:residence xml:lang="is">
              <tei:date when="1855"/>
              <tei:placeName>
                <tei:settlement type="farm" key="HálGei01">Háls</tei:settlement>
                <tei:region type="parish" key="#Geithe01">Geithellnahreppur</tei:region>
                <tei:region type="county" key="SuðMúl01">Suður-Múlasýsla</tei:region>
                <tei:country key="IS">Ísland</tei:country>
              </tei:placeName>
            </tei:residence>
            <tei:residence xml:lang="is">
              <tei:date when="1860"/>
              <tei:placeName>
                <tei:settlement type="farm" key="HærGei01">Hærukollsnes</tei:settlement>
                <tei:region type="parish" key="Geithe01">Geithellnahreppur</tei:region>
                <tei:region type="county" key="SuðMúl01">Suður-Múlasýsla</tei:region>
                <tei:country key="IS">Ísland</tei:country>
              </tei:placeName>
            </tei:residence>
            <tei:occupation xml:lang="is">Bóndi</tei:occupation>
          </person>
        </listPerson>
      </sourceDesc>
    </fileDesc>
  </teiHeader>
</TEI>
