<?xml version='1.0' encoding='UTF-8'?>
<TEI xmlns="http://www.tei-c.org/ns/1.0">
  <teiHeader>
    <fileDesc>
      <sourceDesc>
        <listPerson>
          <person xmlns:tei="http://www.tei-c.org/ns/1.0" sex="1" role="marginal" xml:id="ArnSte003">
            <tei:persName xml:lang="is">
              <tei:forename sort="1">Árni</tei:forename>
              <tei:surname sort="2">Stefánsson</tei:surname>
            </tei:persName>
            <tei:birth when="1833">1833</tei:birth>
            <tei:residence xml:lang="is">
              <tei:placeName>
                <tei:settlement type="farm" key="SyðArn04">Syðri-Reistará</tei:settlement>
                <tei:region type="geog">Hörgárdalur</tei:region>
                <tei:region type="county" key="Eyjafj02">Eyjafjarðarsýsla</tei:region>
                <tei:country key="IS">Ísland</tei:country>
              </tei:placeName>
            </tei:residence>
            <tei:residence xml:lang="is">
              <tei:placeName>
                <tei:settlement type="farm" key="HofVið01">Hofstaðasel</tei:settlement>
                <tei:region type="parish" key="#Viðvík01">Viðvíkurhreppur</tei:region>
                <tei:region type="county" key="#Skagaf01">Skagafjarðarsýsla</tei:region>
                <tei:region type="geog" key="#Norðle01"/>
                <tei:country key="IS">Ísland</tei:country>
              </tei:placeName>
            </tei:residence>
            <tei:occupation xml:lang="is">Sýsluskrifari</tei:occupation>
          </person>
        </listPerson>
      </sourceDesc>
    </fileDesc>
  </teiHeader>
</TEI>
