<?xml version='1.0' encoding='UTF-8'?>
<TEI xmlns="http://www.tei-c.org/ns/1.0">
  <teiHeader>
    <fileDesc>
      <sourceDesc>
        <listPerson>
          <person xmlns:tei="http://www.tei-c.org/ns/1.0" sex="1" role="owner scribe" xml:id="ArnSve001">
            <tei:persName xml:lang="is">
              <tei:forename sort="1">Árni</tei:forename>
              <tei:surname sort="2">Sveinbjarnarson</tei:surname>
            </tei:persName>
            <tei:birth when="1842-10-14">
              <tei:placeName>
                <tei:settlement type="farm" key="OddLun01">Oddsstaðir</tei:settlement>
                <tei:region type="parish" key="#Lundar01">Lundareykjardalshreppur</tei:region>
                <tei:region type="county" key="#Borga01">Borgarfjarðarsýsla</tei:region>
                <tei:country key="IS">Ísland</tei:country>
              </tei:placeName>
            </tei:birth>
            <tei:death when="1912-05-17"/>
            <tei:residence xml:lang="is">
              <tei:date from="1864" to="1869"/>
              <tei:placeName>
                <tei:settlement type="farm" key="MávLun01">Mávahlíð</tei:settlement>
                <tei:region type="parish" key="#Lundar01">Lundareykjardalshreppur</tei:region>
                <tei:region type="county" key="#Borga01">Borgarfjarðarsýsla</tei:region>
                <tei:country key="IS">Ísland</tei:country>
              </tei:placeName>
            </tei:residence>
            <tei:residence xml:lang="is">
              <tei:date from="1864" to="1869"/>
              <tei:placeName>
                <tei:settlement type="farm">Hrísum</tei:settlement>
                <tei:region type="geog">Lundarreykjadalur</tei:region>
                <tei:country key="IS">Ísland</tei:country>
              </tei:placeName>
            </tei:residence>
            <tei:residence xml:lang="is">
              <tei:date from="1872" to="1912"/>
              <tei:placeName>
                <tei:settlement type="farm" key="OddLun01">Oddsstaðir</tei:settlement>
                <tei:region type="parish" key="#Lundar01">Lundareykjardalshreppur</tei:region>
                <tei:region type="county" key="#Borga01">Borgarfjarðarsýsla</tei:region>
                <tei:country key="IS">Ísland</tei:country>
              </tei:placeName>
            </tei:residence>
            <tei:occupation xml:lang="is">Bóndi</tei:occupation>
            <tei:occupation xml:lang="is">Hreppsstjóri</tei:occupation>
            <tei:occupation xml:lang="is">Oddviti</tei:occupation>
          </person>
        </listPerson>
      </sourceDesc>
    </fileDesc>
  </teiHeader>
</TEI>
