<?xml version='1.0' encoding='UTF-8'?>
<TEI xmlns="http://www.tei-c.org/ns/1.0">
  <teiHeader>
    <fileDesc>
      <sourceDesc>
        <listPerson>
          <person xmlns:tei="http://www.tei-c.org/ns/1.0" sex="2" role="author scribe" xml:id="ArnSte002">
            <tei:persName xml:lang="is">
              <tei:forename sort="1">Arnbjörg</tei:forename>
              <tei:surname sort="2">Stefánsdóttir</tei:surname>
            </tei:persName>
            <tei:birth when="1853">1853</tei:birth>
            <tei:residence xml:lang="is">
              <tei:placeName xml:lang="is">
                <tei:settlement type="farm" key="StaBor03">Stakkahlíð</tei:settlement>
                <tei:region type="parish" key="#Borgar03">Borgarfjarðarhreppur</tei:region>
                <tei:region type="county" key="#NorMúl01">Norður-Múlasýsla</tei:region>
                <tei:country key="IS">Ísland</tei:country>
              </tei:placeName>
            </tei:residence>
            <tei:note>Fór til Vesturheims árið 1910 frá Hánefsstöðum, Seyðisfjarðarhreppi í
              Norður-Múlasýslu.</tei:note>
          </person>
        </listPerson>
      </sourceDesc>
    </fileDesc>
  </teiHeader>
</TEI>
