<?xml version='1.0' encoding='UTF-8'?>
<TEI xmlns="http://www.tei-c.org/ns/1.0">
  <teiHeader>
    <fileDesc>
      <sourceDesc>
        <listPerson>
          <person xmlns:tei="http://www.tei-c.org/ns/1.0" sex="1" role="poet" xml:id="ArnSig003">
            <tei:persName xml:lang="is">
              <tei:forename sort="1">Árni</tei:forename>
              <tei:surname sort="2">Sigurðsson</tei:surname>
            </tei:persName>
            <tei:birth when="1768"/>
            <tei:death when="1838-12-17"/>
            <tei:residence xml:lang="is">
              <tei:placeName>
                <tei:settlement type="farm" key="SkúGlæ01">Skútar</tei:settlement>
                <tei:region type="parish" key="Glæsib01">Glæsibæjarhreppur</tei:region>
                <tei:region type="county" key="Eyjafj02">Eyjafjarðarsýsla</tei:region>
                <tei:country key="IS">Ísland</tei:country>
              </tei:placeName>
            </tei:residence>
            <tei:residence xml:lang="is">
              <tei:placeName>
                <tei:settlement type="farm">Steinagerði</tei:settlement>
                <tei:country key="IS">Ísland</tei:country>
              </tei:placeName>
            </tei:residence>
            <tei:occupation xml:lang="is">Bóndi</tei:occupation>
            <tei:occupation xml:lang="en">Farmer</tei:occupation>
            <tei:occupation xml:lang="da">Landman</tei:occupation>
            <tei:bibl>
              <tei:ref target="IsAev">Íslenzkar æviskrár</tei:ref>
              <tei:biblScope type="volume">I</tei:biblScope>
              <tei:biblScope type="pages">68</tei:biblScope>
            </tei:bibl>
          </person>
        </listPerson>
      </sourceDesc>
    </fileDesc>
  </teiHeader>
</TEI>
