<?xml version='1.0' encoding='UTF-8'?>
<TEI xmlns="http://www.tei-c.org/ns/1.0">
  <teiHeader>
    <fileDesc>
      <sourceDesc>
        <listPerson>
          <person xmlns:tei="http://www.tei-c.org/ns/1.0" sex="2" role="marginal scribe" xml:id="ArnSig015">
            <tei:persName xml:lang="is">
              <tei:forename sort="1">Arnþrúður</tei:forename>
              <tei:surname sort="2">Sigurðardóttir</tei:surname>
            </tei:persName>
            <tei:birth when="1866-03-14">14. mars 1866</tei:birth>
            <tei:death when="1963-06-16">16. júní 1963</tei:death>
            <tei:residence xml:lang="is">
              <tei:placeName xml:lang="is">
                <tei:settlement type="farm" key="LaxRey02">Laxamýri</tei:settlement>
                <tei:region type="parish" key="#Reykja03">Reykjahreppur</tei:region>
                <tei:region type="county" key="#SuðÞin01">Suður-Þingeyjarsýsla</tei:region>
                <tei:country key="IS">Ísland</tei:country>
              </tei:placeName>
            </tei:residence>
            <tei:occupation xml:lang="is">Húsfreyja</tei:occupation>
          </person>
        </listPerson>
      </sourceDesc>
    </fileDesc>
  </teiHeader>
</TEI>
