<?xml version='1.0' encoding='UTF-8'?>
<TEI xmlns="http://www.tei-c.org/ns/1.0">
  <teiHeader>
    <fileDesc>
      <sourceDesc>
        <listPerson>
          <person xmlns:tei="http://www.tei-c.org/ns/1.0" sex="1" role="correspondent" xml:id="ArnTom001">
            <tei:persName xml:lang="is">
              <tei:forename sort="1">Árni</tei:forename>
              <tei:surname sort="2">Tómasson</tei:surname>
            </tei:persName>
            <tei:birth when="1738">1738</tei:birth>
            <tei:death when="1788-07-14">14. júlí 1788</tei:death>
            <tei:occupation xml:lang="is">Prestur</tei:occupation>
            <tei:residence xml:lang="is">
              <tei:placeName>
                <tei:settlement type="farm" key="SyðÖxn01">Bægisá</tei:settlement>
                <tei:region type="parish" key="#Öxnada01">Öxnadalshreppur</tei:region>
                <tei:region type="county" key="#Eyjafj02">Eyjafjarðarsýsla</tei:region>
                <tei:country key="IS">Ísland</tei:country>
              </tei:placeName>
            </tei:residence>
          </person>
        </listPerson>
      </sourceDesc>
    </fileDesc>
  </teiHeader>
</TEI>
