<?xml version='1.0' encoding='UTF-8'?>
<TEI xmlns="http://www.tei-c.org/ns/1.0">
  <teiHeader>
    <fileDesc>
      <sourceDesc>
        <listPerson>
          <person xmlns:tei="http://www.tei-c.org/ns/1.0" sex="1" role="informant" xml:id="ArnTho023">
            <tei:persName xml:lang="is">
              <tei:forename sort="1">Árni</tei:forename>
              <tei:surname sort="2">Þorvaldsson</tei:surname>
            </tei:persName>
            <tei:birth when="1824-05-24"/>
            <tei:death when="1901-11-03"/>
            <tei:residence xml:lang="is" from="1857" to="1884">
              <tei:placeName>
                <tei:settlement type="farm" key="MeiGer01">Meiðastaðir</tei:settlement>
                <tei:region type="parish" key="#Gerðah01">Gerðahreppur</tei:region>
                <tei:region type="county" key="#Gullbr01">Gullbringusýsla</tei:region>
                <tei:country key="IS">Ísland</tei:country>
              </tei:placeName>
            </tei:residence>
            <tei:residence xml:lang="is">
              <tei:placeName>
                <tei:settlement type="farm" key="InnInn01">Innri-Hólmur</tei:settlement>
                <tei:region type="parish" key="#InnAkr01">Innri-Akraneshreppur</tei:region>
                <tei:region type="county" key="#Borga01">Borgarfjarðarsýsla</tei:region>
                <tei:country key="IS">Ísland</tei:country>
              </tei:placeName>
            </tei:residence>
            <tei:occupation xml:lang="is">Bóndi</tei:occupation>
            <tei:occupation xml:lang="is">Hreppstjóri</tei:occupation>
          </person>
        </listPerson>
      </sourceDesc>
    </fileDesc>
  </teiHeader>
</TEI>
