<?xml version='1.0' encoding='UTF-8'?>
<TEI xmlns="http://www.tei-c.org/ns/1.0">
  <teiHeader>
    <fileDesc>
      <sourceDesc>
        <listPerson>
          <person xmlns:tei="http://www.tei-c.org/ns/1.0" sex="1" role="author marginal" xml:id="ArnTho001">
            <tei:persName xml:lang="is">
              <tei:forename sort="1">Árni</tei:forename>
              <tei:surname sort="2">Þórarinsson</tei:surname>
            </tei:persName>
            <tei:birth when="1741-08-19"/>
            <tei:death when="1787-07-05"/>
            <tei:residence xml:lang="is">
              <tei:placeName>
                <tei:settlement type="institution" key="HólHól01">Hólar</tei:settlement>
                <tei:region type="parish" key="#Hólahr01">Hólahreppur</tei:region>
                <tei:region type="county" key="Skagaf01">Skagafjarðarsýsla</tei:region>
                <tei:country key="IS">Ísland</tei:country>
              </tei:placeName>
            </tei:residence>
            <tei:occupation xml:lang="en">Bishop</tei:occupation>
            <tei:occupation xml:lang="da">Biskop</tei:occupation>
            <tei:occupation xml:lang="is">Biskup</tei:occupation>
            <tei:bibl>
              <tei:ref target="IsAev">Íslenzkar æviskrár</tei:ref>
              <tei:biblScope type="volume">I</tei:biblScope>
              <tei:biblScope type="pages">76-77</tei:biblScope>
            </tei:bibl>
          </person>
        </listPerson>
      </sourceDesc>
    </fileDesc>
  </teiHeader>
</TEI>
