<?xml version='1.0' encoding='UTF-8'?>
<TEI xmlns="http://www.tei-c.org/ns/1.0">
  <teiHeader>
    <fileDesc>
      <sourceDesc>
        <listPerson>
          <person xmlns:tei="http://www.tei-c.org/ns/1.0" sex="2" role="owner" xml:id="ArnTho008">
            <!--var ArnÞór001-->
            <tei:persName xml:lang="is">
              <tei:forename sort="1">Arnfríður</tei:forename>
              <tei:surname sort="2">Þorláksdóttir</tei:surname>
            </tei:persName>
            <tei:birth when="1755"/>
            <tei:death when="1822-07-04"/>
            <tei:residence>
              <tei:settlement type="farm" key="RípRíp01">Ríp</tei:settlement>
              <tei:region type="parish" key="#Rípuhr01">Rípurhreppur</tei:region>
              <tei:region type="county" key="#Skagaf01">Skagafjarðarsýsla</tei:region>
              <tei:country key="IS">Ísland</tei:country>
            </tei:residence>
            <tei:residence xml:lang="is">
              <tei:placeName>
                <tei:settlement type="farm" key="HreBar01">Hreggstaðir</tei:settlement>
                <tei:region type="parish" key="#Barðar01">Barðastrandarhreppur</tei:region>
                <tei:region type="county" key="VesBar01">Vestur-Barðastrandarsýsla</tei:region>
                <tei:country key="IS">Ísland</tei:country>
              </tei:placeName>
            </tei:residence>
            <tei:occupation xml:lang="is">Húsfreyja</tei:occupation>
          </person>
        </listPerson>
      </sourceDesc>
    </fileDesc>
  </teiHeader>
</TEI>
