<?xml version='1.0' encoding='UTF-8'?>
<TEI xmlns="http://www.tei-c.org/ns/1.0">
  <teiHeader>
    <fileDesc>
      <sourceDesc>
        <listPerson>
          <person xmlns:tei="http://www.tei-c.org/ns/1.0" sex="1" role="owner poet" xml:id="ArnTho014">
            <tei:persName xml:lang="is">
              <tei:forename sort="1">Árni</tei:forename>
              <tei:surname sort="2">Þorsteinsson</tei:surname>
            </tei:persName>
            <tei:birth cert="high" when="1754-01-24"/>
            <tei:death cert="high" when="1829-11-15"/>
            <tei:occupation xml:lang="is">Prófastur</tei:occupation>
            <tei:residence xml:lang="is">
              <tei:placeName>
                <tei:settlement type="farm" key="HofVop01">Hof</tei:settlement>
                <tei:region type="parish" key="#Vopnaf02">Vopnafjarðarhreppur</tei:region>
                <tei:region type="county" key="#NorMúl01">Norður-Múlasýsla</tei:region>
                <tei:country key="IS">Ísland</tei:country>
              </tei:placeName>
            </tei:residence>
            <tei:residence xml:lang="is">
              <tei:placeName>
                <tei:settlement type="farm" key="KirHró01">Kirkjubær</tei:settlement>
                <tei:region type="parish" key="#Hróars01">Hróarstunguhreppur</tei:region>
                <tei:region type="county" key="#NorMúl01">Norður-Múlasýsla</tei:region>
                <tei:country key="IS">Ísland</tei:country>
              </tei:placeName>
            </tei:residence>
            <tei:note xml:lang="is">Lét skrifa handrit.</tei:note>
          </person>
        </listPerson>
      </sourceDesc>
    </fileDesc>
  </teiHeader>
</TEI>
