<?xml version='1.0' encoding='UTF-8'?>
<TEI xmlns="http://www.tei-c.org/ns/1.0">
  <teiHeader>
    <fileDesc>
      <sourceDesc>
        <listPerson>
          <person xmlns:tei="http://www.tei-c.org/ns/1.0" sex="1" role="owner marginal author" xml:id="ArnTho005">
            <!--var ArnThor002>ArnThor005-->
            <tei:persName xml:lang="is">
              <tei:forename sort="1">Arngrímur</tei:forename>
              <tei:surname sort="2">Þorkelsson</tei:surname>
              <tei:surname sort="3">Vídalín</tei:surname>
            </tei:persName>
            <tei:birth when="1667"/>
            <tei:death when="1704-02-08"/>
            <tei:residence xml:lang="is">
              <tei:date from="1667" to="1687"/>
              <tei:placeName>
                <tei:country key="IS">Ísland</tei:country>
              </tei:placeName>
            </tei:residence>
            <tei:residence xml:lang="is">
              <tei:date from="1687" to="1704"/>
              <tei:placeName>
                <tei:country key="IS">Ísland</tei:country>
              </tei:placeName>
            </tei:residence>
            <tei:occupation xml:lang="en">Rector</tei:occupation>
            <tei:occupation xml:lang="da">Rektor</tei:occupation>
            <tei:occupation xml:lang="is">Rektor</tei:occupation>
            <tei:bibl>
              <tei:ref target="IsAev">Íslenzkar æviskrár</tei:ref>
              <tei:biblScope type="volume">I</tei:biblScope>
              <tei:biblScope type="pages">33-34</tei:biblScope>
            </tei:bibl>
          </person>
        </listPerson>
      </sourceDesc>
    </fileDesc>
  </teiHeader>
</TEI>
