<?xml version='1.0' encoding='UTF-8'?>
<TEI xmlns="http://www.tei-c.org/ns/1.0">
  <teiHeader>
    <fileDesc>
      <sourceDesc>
        <listPerson>
          <person xmlns:tei="http://www.tei-c.org/ns/1.0" sex="1" role="collector" xml:id="ArnTho021">
            <tei:persName xml:lang="is">
              <tei:forename sort="1">Árni</tei:forename>
              <tei:surname sort="2">Þorvaldsson</tei:surname>
            </tei:persName>
            <tei:birth when="1874-08-30">30. ágúst 1874</tei:birth>
            <tei:death when="1946-02-10">10. febrúar 1946</tei:death>
            <tei:occupation xml:lang="is">Kennari</tei:occupation>
            <tei:residence xml:lang="is">
              <tei:placeName>
                <tei:settlement type="town" key="Akurey01">Akureyri</tei:settlement>
                <tei:region type="county" key="Eyjafj02">Eyjafjarðarsýsla</tei:region>
                <tei:country key="IS">Ísland</tei:country>
              </tei:placeName>
            </tei:residence>
          </person>
        </listPerson>
      </sourceDesc>
    </fileDesc>
  </teiHeader>
</TEI>
