<?xml version='1.0' encoding='UTF-8'?>
<TEI xmlns="http://www.tei-c.org/ns/1.0">
  <teiHeader>
    <fileDesc>
      <sourceDesc>
        <listPerson>
          <person xmlns:tei="http://www.tei-c.org/ns/1.0" sex="1" role="poet" xml:id="ArnTho004">
            <!--var ArnÞór001>"ArnTho009"-->
            <!--var ArnThor001>ArnThor004-->
            <tei:persName xml:lang="is">
              <tei:forename sort="1">Arnór</tei:forename>
              <tei:surname sort="2">Þórðarson</tei:surname>
              <tei:addName sort="3" type="epithet">; jarlaskáld</tei:addName>
            </tei:persName>
            <tei:birth cert="low" notBefore="1000" notAfter="1049" xml:lang="is">11. öld</tei:birth>
            <tei:death cert="low" notBefore="1050" notAfter="1099" xml:lang="is">11. öld</tei:death>
            <tei:birth when="1000">1000</tei:birth>
            <tei:death notBefore="1073" notAfter="1100">1073-1100</tei:death>
            <tei:residence xml:lang="is">
              <tei:placeName>
                <tei:country key="NO">Norway</tei:country>
              </tei:placeName>
            </tei:residence>
            <tei:residence xml:lang="is">
              <tei:placeName>
                <tei:region type="county">Orkney Islands</tei:region>
                <tei:country key="GB">Bretland</tei:country>
              </tei:placeName>
            </tei:residence>
            <tei:bibl>
              <tei:ref target="IsAev">Íslenzkar æviskrár</tei:ref>
              <tei:biblScope type="volume">I</tei:biblScope>
              <tei:biblScope type="pages">85</tei:biblScope>
            </tei:bibl>
          </person>
        </listPerson>
      </sourceDesc>
    </fileDesc>
  </teiHeader>
</TEI>
