<?xml version='1.0' encoding='UTF-8'?>
<TEI xmlns="http://www.tei-c.org/ns/1.0">
  <teiHeader>
    <fileDesc>
      <sourceDesc>
        <listPerson>
          <person xmlns:tei="http://www.tei-c.org/ns/1.0" sex="1" role="author scribe" xml:id="ArnTho018">
            <tei:persName xml:lang="is">
              <tei:forename sort="1">Árni</tei:forename>
              <tei:addName type="epithet" sort="3">Staða-Árni</tei:addName>
              <tei:surname sort="2">Þorláksson</tei:surname>
            </tei:persName>
            <tei:birth cert="medium" when="1237">1237</tei:birth>
            <tei:death cert="high" when="1298-04-17">17. apríl 1298</tei:death>
            <tei:occupation xml:lang="en">Bishop</tei:occupation>
            <tei:occupation xml:lang="da">Biskop</tei:occupation>
            <tei:occupation xml:lang="is">Biskup</tei:occupation>
            <tei:residence xml:lang="is">
              <tei:placeName>
                <tei:settlement type="institution" key="Skálh01">Skálholt</tei:settlement>
                <tei:region type="county" key="#Árnes01">Árnessýsla</tei:region>
                <tei:region type="parish">Biskupstungnahreppur</tei:region>
                <tei:region type="compass" xml:lang="is">Suðurland</tei:region>
              </tei:placeName>
            </tei:residence>
          </person>
        </listPerson>
      </sourceDesc>
    </fileDesc>
  </teiHeader>
</TEI>
