<?xml version='1.0' encoding='UTF-8'?>
<TEI xmlns="http://www.tei-c.org/ns/1.0">
  <teiHeader>
    <fileDesc>
      <sourceDesc>
        <listPerson>
          <person xmlns:tei="http://www.tei-c.org/ns/1.0" sex="1" role="marginal" xml:id="ArnTho025">
            <tei:persName xml:lang="is">
              <tei:forename sort="1">Árni</tei:forename>
              <tei:surname sort="2">Þórarinsson</tei:surname>
            </tei:persName>
            <tei:birth when="1860-01-20">20. janúar 1860</tei:birth>
            <tei:death when="1948-02-03">3. febrúar 1948</tei:death>
            <tei:residence xml:lang="is">
              <tei:placeName xml:lang="is">
                <tei:settlement type="farm" key="MikMik01">Miklaholt</tei:settlement>
                <tei:region type="parish" key="#Miklah01">Miklaholtshreppur</tei:region>
                <tei:region type="county" key="#Hnappa01">Hnappadalssýsla</tei:region>
                <tei:country key="IS">Ísland</tei:country>
              </tei:placeName>
            </tei:residence>
            <tei:occupation xml:lang="is">Prestur</tei:occupation>
          </person>
        </listPerson>
      </sourceDesc>
    </fileDesc>
  </teiHeader>
</TEI>
