<?xml version='1.0' encoding='UTF-8'?>
<TEI xmlns="http://www.tei-c.org/ns/1.0">
  <teiHeader>
    <fileDesc>
      <sourceDesc>
        <listPerson>
          <person xmlns:tei="http://www.tei-c.org/ns/1.0" sex="1" role="owner" xml:id="ArnTho019">
            <tei:persName xml:lang="is">
              <tei:forename sort="1">Árni</tei:forename>
              <tei:surname sort="2">Þórðarson</tei:surname>
            </tei:persName>
            <tei:birth cert="medium" when="1801-10-11"/>
            <tei:death cert="high" when="1851-06-19"/>
            <tei:residence xml:lang="is">
              <tei:placeName>
                <tei:settlement type="farm" key="ArnKel01">Arnanes</tei:settlement>
                <tei:region type="parish" key="Keldun01">Kelduneshreppi</tei:region>
                <tei:region type="county" key="NorÞin01">Norður-Þingeyjarsýsla</tei:region>
                <tei:country key="IS">Ísland</tei:country>
              </tei:placeName>
            </tei:residence>
            <tei:residence xml:lang="is">
              <tei:settlement type="farm" key="NúpÖxa01">Núpur</tei:settlement>
              <tei:region type="parish" key="Öxarfj01">Öxafjarðarhreppur</tei:region>
              <tei:region type="county" key="NorÞin01">Norður-Þingeyjarsýsla</tei:region>
              <tei:country key="IS">Ísland</tei:country>
            </tei:residence>
            <tei:residence xml:lang="is">
              <tei:placeName>
                <tei:settlement type="farm" key="ÓlaKel01">Ólafsgerði</tei:settlement>
                <tei:region type="parish" key="#Keldun01">Kelduneshreppur</tei:region>
                <tei:region type="county" key="NorÞin01">Norður-Þingeyjarsýsla</tei:region>
                <tei:country key="IS">Ísland</tei:country>
              </tei:placeName>
            </tei:residence>
            <tei:residence xml:lang="is">
              <tei:placeName>
                <tei:settlement type="farm" key="StaÖxa01">Staðarlón</tei:settlement>
                <tei:region type="parish" key="Öxarfj01">Öxafjarðarhreppur</tei:region>
                <tei:region type="county" key="NorÞin01">Norður-Þingeyjarsýsla</tei:region>
                <tei:country key="IS">Ísland</tei:country>
              </tei:placeName>
            </tei:residence>
            <tei:residence xml:lang="is">
              <tei:placeName>
                <tei:settlement type="farm" key="NýiKel01">Nýjibæ</tei:settlement>
                <tei:region type="parish" key="#Keldun01">Kelduneshreppur</tei:region>
                <tei:region type="county" key="NorÞin01">Norður-Þingeyjarsýsla</tei:region>
                <tei:country key="IS">Ísland</tei:country>
              </tei:placeName>
            </tei:residence>
            <tei:occupation xml:lang="is">Bóndi</tei:occupation>
            <tei:occupation xml:lang="is">Umboðsmaður</tei:occupation>
            <tei:bibl>
              <tei:ref target="IsAev">Íslenzkar æviskrár</tei:ref>
              <tei:biblScope type="volume">I</tei:biblScope>
              <tei:biblScope type="pages">74-75</tei:biblScope>
            </tei:bibl>
          </person>
        </listPerson>
      </sourceDesc>
    </fileDesc>
  </teiHeader>
</TEI>
