<?xml version='1.0' encoding='UTF-8'?>
<TEI xmlns="http://www.tei-c.org/ns/1.0">
  <teiHeader>
    <fileDesc>
      <sourceDesc>
        <listPerson>
          <person xmlns:tei="http://www.tei-c.org/ns/1.0" sex="1" role="donor" xml:id="ArsOsk001">
            <tei:persName xml:lang="is">
              <tei:forename sort="1">Ársæll</tei:forename>
              <tei:surname sort="2">Óskarsson</tei:surname>
            </tei:persName>
            <tei:birth when="1960"/>
          </person>
        </listPerson>
      </sourceDesc>
    </fileDesc>
  </teiHeader>
</TEI>
