<?xml version='1.0' encoding='UTF-8'?>
<TEI xmlns="http://www.tei-c.org/ns/1.0">
  <teiHeader>
    <fileDesc>
      <sourceDesc>
        <listPerson>
          <person xmlns:tei="http://www.tei-c.org/ns/1.0" sex="1" role="scribe" xml:id="AsbJon001">
            <tei:persName xml:lang="is">
              <tei:forename sort="1">Ásbjörn</tei:forename>
              <tei:surname sort="2">Jónsson</tei:surname>
            </tei:persName>
            <tei:birth when="1673">1673</tei:birth>
            <tei:death notBefore="1707" notAfter="1773">1707-1773</tei:death>
            <tei:residence xml:lang="is">
              <tei:placeName>
                <tei:settlement type="farm" key="VíkMýr01">Vík</tei:settlement>
                <tei:region type="parish" key="#Mýrdal01">Mýrdalshreppur</tei:region>
                <tei:region type="county" key="#VesSka01">Vestur-Skaftafellssýsla</tei:region>
                <tei:country key="IS">Ísland</tei:country>
              </tei:placeName>
            </tei:residence>
            <tei:residence xml:lang="is">
              <tei:placeName>
                <tei:settlement type="farm" key="LamAus01">Lambafell</tei:settlement>
                <tei:region type="parish" key="#AusEyj01">Austur-Eyjafjallahreppur</tei:region>
                <tei:region type="county" key="#Rangár01">Rangárvallasýsla</tei:region>
                <tei:country key="IS">Ísland</tei:country>
              </tei:placeName>
            </tei:residence>
            <tei:occupation xml:lang="is">Bóndi</tei:occupation>
            <tei:occupation xml:lang="en">Farmer</tei:occupation>
            <tei:occupation xml:lang="da">Landman</tei:occupation>
            <tei:bibl>
              <tei:ref target="Lrmt">Lögréttumannatal</tei:ref>
              <tei:biblScope type="pages">30-31</tei:biblScope>
            </tei:bibl>
          </person>
        </listPerson>
      </sourceDesc>
    </fileDesc>
  </teiHeader>
</TEI>
