<?xml version='1.0' encoding='UTF-8'?>
<TEI xmlns="http://www.tei-c.org/ns/1.0">
  <teiHeader>
    <fileDesc>
      <sourceDesc>
        <listPerson>
          <person xmlns:tei="http://www.tei-c.org/ns/1.0" sex="1" role="owner" xml:id="AsbTho001">
            <tei:persName xml:lang="is">
              <tei:forename sort="1">Ásbjörn</tei:forename>
              <tei:surname sort="2">Þórðarson</tei:surname>
            </tei:persName>
            <tei:birth when="1784-03-22"/>
            <tei:death when="1821-05-22"/>
            <tei:residence xml:lang="is">
              <tei:placeName>
                <tei:settlement type="farm" key="LamRau01">Lambavatn</tei:settlement>
                <tei:region type="parish" key="#Rauðas01">Rauðasandshreppur</tei:region>
                <tei:region type="county" key="#VesBar01">Vestur-Barðastrandarsýsla</tei:region>
                <tei:country key="IS">Ísland</tei:country>
              </tei:placeName>
            </tei:residence>
            <tei:occupation xml:lang="is">Bóndi</tei:occupation>
          </person>
        </listPerson>
      </sourceDesc>
    </fileDesc>
  </teiHeader>
</TEI>
