<?xml version='1.0' encoding='UTF-8'?>
<TEI xmlns="http://www.tei-c.org/ns/1.0">
  <teiHeader>
    <fileDesc>
      <sourceDesc>
        <listPerson>
          <person xmlns:tei="http://www.tei-c.org/ns/1.0" sex="1" role="owner" xml:id="AsbVal001">
            <tei:persName xml:lang="is">
              <tei:forename sort="1">Ásbjörn</tei:forename>
              <tei:surname sort="2">Valgarðsson</tei:surname>
            </tei:persName>
            <tei:residence xml:lang="is">
              <tei:placeName>
                <tei:settlement type="farm" key="LamBis01">Lambhúskot</tei:settlement>
                <tei:region type="parish" key="#Biskup01">Biskupstungnahreppur</tei:region>
                <tei:region type="county" key="#Árnes01">Árnessýsla</tei:region>
                <tei:country key="IS">Ísland</tei:country>
              </tei:placeName>
            </tei:residence>
            <tei:bibl>
              <tei:ref target="Smæfir">Sýslumannaæfir</tei:ref>
              <tei:biblScope type="volume">II</tei:biblScope>
              <tei:biblScope type="pages">620</tei:biblScope>
            </tei:bibl>
          </person>
        </listPerson>
      </sourceDesc>
    </fileDesc>
  </teiHeader>
</TEI>
