<?xml version='1.0' encoding='UTF-8'?>
<TEI xmlns="http://www.tei-c.org/ns/1.0">
  <teiHeader>
    <fileDesc>
      <sourceDesc>
        <listPerson>
          <person xmlns:tei="http://www.tei-c.org/ns/1.0" sex="2" role="donor owner" xml:id="AsdJon001">
            <tei:persName xml:lang="is">
              <tei:forename sort="1">Ásdís</tei:forename>
              <tei:surname sort="2">Jónsdóttir</tei:surname>
            </tei:persName>
            <tei:birth when="1965">1965</tei:birth>
            <tei:residence xml:lang="is">
              <tei:placeName>
                <tei:settlement type="village" key="Reyðar01">Reyðarfjörður</tei:settlement>
                <tei:region type="county" key="SuðMúl01">Suður-Múlasýsla</tei:region>
                <tei:country key="IS">Ísland</tei:country>
              </tei:placeName>
            </tei:residence>
          </person>
        </listPerson>
      </sourceDesc>
    </fileDesc>
  </teiHeader>
</TEI>
