<?xml version='1.0' encoding='UTF-8'?>
<TEI xmlns="http://www.tei-c.org/ns/1.0">
  <teiHeader>
    <fileDesc>
      <sourceDesc>
        <listPerson>
          <person xmlns:tei="http://www.tei-c.org/ns/1.0" sex="1" role="correspondent  scribe owner donor" xml:id="AsgAsg002">
            <tei:persName xml:lang="is">
              <tei:forename sort="1">Ásgeir</tei:forename>
              <tei:surname sort="2">Ásgeirsson</tei:surname>
            </tei:persName>
            <tei:birth cert="high" when="1894-05-13"/>
            <tei:death cert="high" when="1964-09-10"/>
            <tei:occupation xml:lang="is">Forseti</tei:occupation>
          </person>
        </listPerson>
      </sourceDesc>
    </fileDesc>
  </teiHeader>
</TEI>
