<?xml version='1.0' encoding='UTF-8'?>
<TEI xmlns="http://www.tei-c.org/ns/1.0">
  <teiHeader>
    <fileDesc>
      <sourceDesc>
        <listPerson>
          <person xmlns:tei="http://www.tei-c.org/ns/1.0" sex="1" role="donor correspondent scribe" xml:id="AsgAsg001">
            <tei:persName xml:lang="is">
              <tei:forename sort="1">Ásgeir</tei:forename>
              <tei:surname sort="2">Ásgeirsson</tei:surname>
            </tei:persName>
            <tei:birth cert="high" when="1817-04-29"/>
            <tei:death cert="high" when="1877-11-02"/>
            <tei:residence xml:lang="is">
              <tei:placeName>
                <tei:settlement type="town" key="Ísafjö01">Ísafjörður</tei:settlement>
                <tei:region type="county" key="NorÍsa01">Norður-Ísafjarðarsýsla</tei:region>
                <tei:country key="IS">Ísland</tei:country>
              </tei:placeName>
            </tei:residence>
            <tei:residence xml:lang="is">
              <tei:settlement type="city" key="Copen01">Kaupmannahöfn</tei:settlement>
              <tei:country key="DK" xml:lang="is">Danmörk</tei:country>
            </tei:residence>
            <tei:occupation xml:lang="is">Sjómaður</tei:occupation>
            <tei:occupation xml:lang="is">Skipstjóri</tei:occupation>
            <tei:occupation xml:lang="en">Merchant</tei:occupation>
            <tei:occupation xml:lang="da">Købmand</tei:occupation>
            <tei:occupation xml:lang="is">Kaupmaður</tei:occupation>
          </person>
        </listPerson>
      </sourceDesc>
    </fileDesc>
  </teiHeader>
</TEI>
