<?xml version='1.0' encoding='UTF-8'?>
<TEI xmlns="http://www.tei-c.org/ns/1.0">
  <teiHeader>
    <fileDesc>
      <sourceDesc>
        <listPerson>
          <person xmlns:tei="http://www.tei-c.org/ns/1.0" sex="1" role="recipient informant owner correspondent scribe marginal" xml:id="AsgEin002">
            <tei:persName xml:lang="is">
              <tei:forename sort="1">Ásgeir</tei:forename>
              <tei:forename sort="2">Einarsson</tei:forename>
            </tei:persName>
            <tei:birth when="1809-07-23"/>
            <tei:death when="1885-11-15"/>
            <tei:residence xml:lang="is">
              <tei:placeName>
                <tei:settlement type="farm" key="ÞinSve01">Þingeyrar</tei:settlement>
                <tei:region type="parish" key="#Sveins01">Sveinsstaðahreppur</tei:region>
                <tei:region type="county" key="AusHún01">Austur-Húnavatnssýsla</tei:region>
                <tei:country key="IS">Ísland</tei:country>
              </tei:placeName>
            </tei:residence>
            <tei:occupation xml:lang="is">Bóndi</tei:occupation>
            <tei:occupation xml:lang="en">Farmer</tei:occupation>
            <tei:occupation xml:lang="da">Landman</tei:occupation>
            <tei:occupation xml:lang="is">Alþingismaður</tei:occupation>
            <tei:occupation xml:lang="en">Member of the Icelandic legislative assembly</tei:occupation>
            <tei:bibl>
              <tei:ref target="IsAev">Íslenzkar æviskrár</tei:ref>
              <tei:biblScope type="volume">I</tei:biblScope>
              <tei:biblScope type="pages">89-90</tei:biblScope>
            </tei:bibl>
          </person>
        </listPerson>
      </sourceDesc>
    </fileDesc>
  </teiHeader>
</TEI>
