<?xml version='1.0' encoding='UTF-8'?>
<TEI xmlns="http://www.tei-c.org/ns/1.0">
  <teiHeader>
    <fileDesc>
      <sourceDesc>
        <listPerson>
          <person xmlns:tei="http://www.tei-c.org/ns/1.0" sex="1" role="marginal" xml:id="AsgIll001">
            <tei:persName xml:lang="is">
              <tei:forename sort="1">Ásgrímur</tei:forename>
              <tei:surname sort="2">Illugason</tei:surname>
            </tei:persName>
            <tei:birth when="1680">1680</tei:birth>
            <tei:residence xml:lang="is">
              <tei:settlement type="institution" key="MunÖng01">Munkaþverárklaustur</tei:settlement>
              <tei:region type="parish" key="#Önguls01">Öngulsstaðahreppur</tei:region>
              <tei:region type="county" key="#Eyjafj02">Eyjafjarðarsýsla</tei:region>
              <tei:country key="IS">Ísland</tei:country>
            </tei:residence>
            <tei:residence>
              <tei:placeName>
                <tei:country key="NL">Holland</tei:country>
              </tei:placeName>
            </tei:residence>
            <tei:occupation xml:lang="is">Djákni</tei:occupation>
            <tei:bibl>
              <tei:ref target="IsAev">Íslenzkar æviskrár</tei:ref>
              <tei:biblScope type="volume">I</tei:biblScope>
              <tei:biblScope type="pages">96-97</tei:biblScope>
            </tei:bibl>
          </person>
        </listPerson>
      </sourceDesc>
    </fileDesc>
  </teiHeader>
</TEI>
