<?xml version='1.0' encoding='UTF-8'?>
<TEI xmlns="http://www.tei-c.org/ns/1.0">
  <teiHeader>
    <fileDesc>
      <sourceDesc>
        <listPerson>
          <person xmlns:tei="http://www.tei-c.org/ns/1.0" sex="1" role="scribe correspondent " xml:id="AsgJon005">
            <tei:persName xml:lang="is">
              <tei:forename sort="1">Ásgeir</tei:forename>
              <tei:forename sort="2">Jónsson</tei:forename>
            </tei:persName>
            <tei:birth when="1722"/>
            <tei:death when="1779-08-27"/>
            <tei:residence xml:lang="is">
              <tei:placeName>
                <tei:settlement type="farm" key="StaHól01">Staður</tei:settlement>
                <tei:region type="parish" key="#Hólmav01">Hólmavíkurhreppur</tei:region>
                <tei:region type="county" key="#Strand01">Strandasýsla</tei:region>
                <tei:country key="IS">Ísland</tei:country>
              </tei:placeName>
            </tei:residence>
            <tei:occupation xml:lang="is">Prestur</tei:occupation>
            <tei:occupation xml:lang="en">Priest</tei:occupation>
            <tei:occupation xml:lang="da">Præst</tei:occupation>
            <tei:bibl>
              <tei:ref target="IsAev">Íslenzkar æviskrár</tei:ref>
              <tei:biblScope type="volume">I</tei:biblScope>
              <tei:biblScope type="pages">92</tei:biblScope>
            </tei:bibl>
          </person>
        </listPerson>
      </sourceDesc>
    </fileDesc>
  </teiHeader>
</TEI>
