<?xml version='1.0' encoding='UTF-8'?>
<TEI xmlns="http://www.tei-c.org/ns/1.0">
  <teiHeader>
    <fileDesc>
      <sourceDesc>
        <listPerson>
          <person xmlns:tei="http://www.tei-c.org/ns/1.0" sex="1" role="poet" xml:id="AsgJon008">
            <tei:persName xml:lang="is">
              <tei:forename sort="1">Ásgrímur</tei:forename>
              <tei:forename sort="2">Jónsson</tei:forename>
            </tei:persName>
            <tei:residence xml:lang="is">
              <tei:placeName>
                <tei:settlement type="farm" key="KapFel001">Kappastaðir</tei:settlement>
                <tei:region type="parish" key="#Fellsh01"/>
                <tei:region type="county" key="#Skagaf01">Skagafjarðarsýsla</tei:region>
                <tei:country key="IS">Ísland</tei:country>
              </tei:placeName>
            </tei:residence>
          </person>
        </listPerson>
      </sourceDesc>
    </fileDesc>
  </teiHeader>
</TEI>
