<?xml version='1.0' encoding='UTF-8'?>
<TEI xmlns="http://www.tei-c.org/ns/1.0">
  <teiHeader>
    <fileDesc>
      <sourceDesc>
        <listPerson>
          <person xmlns:tei="http://www.tei-c.org/ns/1.0" sex="1" role="scribe" xml:id="AsgJon001">
            <tei:persName xml:lang="is">
              <tei:forename sort="1">Ásgeir</tei:forename>
              <tei:surname sort="2">Jónsson</tei:surname>
            </tei:persName>
            <tei:birth xml:lang="en" notBefore="1655" notAfter="1659">c. 1657</tei:birth>
            <tei:birth xml:lang="da" notBefore="1655" notAfter="1659">ca. 1657</tei:birth>
            <tei:death xml:lang="en" when="1707-08-27">27 July 1707</tei:death>
            <tei:death xml:lang="da" when="1707-08-27">27. juli 1707</tei:death>
            <tei:residence xml:lang="is">
              <tei:date from="1657" to="1686"/>
              <tei:placeName>
                <tei:settlement type="farm" key="HjaÖlf01">Hjalli</tei:settlement>
                <tei:region type="parish" key="#Ölfush01">Ölfushreppur</tei:region>
                <tei:region type="county" key="#Árnes01">Árnessýsla</tei:region>
                <tei:country key="IS">Ísland</tei:country>
              </tei:placeName>
            </tei:residence>
            <tei:residence xml:lang="en">
              <tei:date from="1686" to="1688"/>
              <tei:placeName>
                <tei:settlement type="city">Copenhagen</tei:settlement>
                <tei:country key="DK">Denmark</tei:country>
              </tei:placeName>
            </tei:residence>
            <tei:residence xml:lang="is">
              <tei:date from="1686" to="1688"/>
              <tei:placeName>
                <tei:settlement type="city">Kaupmannahöfn</tei:settlement>
                <tei:country key="DK">Danmörk</tei:country>
              </tei:placeName>
            </tei:residence>
            <tei:residence xml:lang="en">
              <tei:date from="1688" to="1705"/>
              <tei:placeName>
                <tei:country key="NO">Norway</tei:country>
              </tei:placeName>
            </tei:residence>
            <tei:residence xml:lang="is">
              <tei:date from="1688" to="1705"/>
              <tei:placeName>
                <tei:country key="NO">Noregur</tei:country>
              </tei:placeName>
            </tei:residence>
            <tei:residence xml:lang="da">
              <tei:date from="1657" to="1686"/>
              <tei:placeName>
                <tei:settlement type="farm" key="HjaÖlf01">Hjalli</tei:settlement>
                <tei:region type="parish" key="#Ölfush01">Ölfushreppur</tei:region>
                <tei:region type="county" key="#Árnes01">Árnessýsla</tei:region>
                <tei:country key="IS">Ísland</tei:country>
              </tei:placeName>
            </tei:residence>
            <tei:residence xml:lang="da">
              <tei:date from="1686" to="1688"/>
              <tei:placeName>
                <tei:settlement type="city">København</tei:settlement>
                <tei:country key="DK">Danmark</tei:country>
              </tei:placeName>
            </tei:residence>
            <tei:residence xml:lang="da">
              <tei:date from="1688" to="1705"/>
              <tei:placeName>
                <tei:country key="NO">Norge</tei:country>
              </tei:placeName>
            </tei:residence>
            <tei:occupation xml:lang="en">Scribe</tei:occupation>
            <tei:occupation xml:lang="da">Skiver</tei:occupation>
            <tei:occupation xml:lang="is">Skrifari</tei:occupation>
            <tei:bibl>
              <tei:ref target="IsAev">Íslenzkar æviskrár</tei:ref>
              <tei:biblScope type="volume">I</tei:biblScope>
              <tei:biblScope type="pages">91-92</tei:biblScope>
            </tei:bibl>
          </person>
        </listPerson>
      </sourceDesc>
    </fileDesc>
  </teiHeader>
</TEI>
