<?xml version='1.0' encoding='UTF-8'?>
<TEI xmlns="http://www.tei-c.org/ns/1.0">
  <teiHeader>
    <fileDesc>
      <sourceDesc>
        <listPerson>
          <person xmlns:tei="http://www.tei-c.org/ns/1.0" sex="2" role="owner" xml:id="AsgOla001">
            <tei:persName xml:lang="is">
              <tei:forename sort="1">Ásgerður</tei:forename>
              <tei:surname sort="2">Ólafsdóttir</tei:surname>
            </tei:persName>
            <tei:birth cert="medium" when="1783"/>
            <tei:death cert="high" when="1845-06-22"/>
            <tei:residence xml:lang="is">
              <tei:placeName>
                <tei:settlement type="farm" key="GuðÁsh01">Guðrúnarstaðir</tei:settlement>
                <tei:region type="parish" key="#Áshrep01">Áshreppur</tei:region>
                <tei:region type="county" key="AusHún01">Austur-Húnavatnssýsla</tei:region>
                <tei:country key="IS">Ísland</tei:country>
              </tei:placeName>
            </tei:residence>
            <tei:residence xml:lang="is">
              <tei:placeName>
                <tei:settlement type="farm" key="NúpFre01">Núpsdalstunga</tei:settlement>
                <tei:region type="parish" key="#FreTor01">Fremri-Torfustaðarhreppur</tei:region>
                <tei:region type="county" key="VesHún01">Vestur-Húnavatnssýsla</tei:region>
                <tei:country key="IS">Ísland</tei:country>
              </tei:placeName>
            </tei:residence>
            <tei:occupation xml:lang="is">Húsfreyja</tei:occupation>
          </person>
        </listPerson>
      </sourceDesc>
    </fileDesc>
  </teiHeader>
</TEI>
