<?xml version='1.0' encoding='UTF-8'?>
<TEI xmlns="http://www.tei-c.org/ns/1.0">
  <teiHeader>
    <fileDesc>
      <sourceDesc>
        <listPerson>
          <person xmlns:tei="http://www.tei-c.org/ns/1.0" sex="1" role="owner author" xml:id="AsgSig001">
            <!--Sameinað því sem var í AsgSig-->
            <tei:persName xml:lang="is">
              <tei:forename sort="1">Ásgeir</tei:forename>
              <tei:surname sort="2">Sigurðsson</tei:surname>
            </tei:persName>
            <tei:birth when="1650">1650</tei:birth>
            <tei:death notBefore="1712" notAfter="1750">1712-1750</tei:death>
            <tei:residence xml:lang="is">
              <tei:date from="1650" to="1668"/>
              <tei:placeName>
                <tei:country key="IS">Ísland</tei:country>
              </tei:placeName>
            </tei:residence>
            <tei:residence xml:lang="is">
              <tei:date from="1668" to="1677"/>
              <tei:placeName>
                <tei:settlement type="city" key="Copen01">Kaupmannahöfn</tei:settlement>
                <tei:country key="DK">Danmörk</tei:country>
              </tei:placeName>
            </tei:residence>
            <tei:residence xml:lang="is">
              <tei:date from="1677" to="1711"/>
              <tei:placeName>
                <tei:settlement type="farm" key="InnHól01">Ós</tei:settlement>
                <tei:region type="parish" key="#Hólmav01">Hólmavíkurhreppur</tei:region>
                <tei:region type="county" key="#Strand01">Strandasýsla</tei:region>
                <tei:country key="IS">Ísland</tei:country>
              </tei:placeName>
            </tei:residence>
            <tei:occupation xml:lang="is">Lögréttumaður</tei:occupation>
            <tei:occupation xml:lang="en">Member of the lögrétta</tei:occupation>
            <tei:occupation xml:lang="da">Lovrettemand</tei:occupation>
            <tei:occupation xml:lang="is">Hreppstjóri</tei:occupation>
            <tei:occupation xml:lang="is">Trésmiður</tei:occupation>
            <tei:bibl>
              <tei:ref target="IsAev">Íslenzkar æviskrár</tei:ref>
              <tei:biblScope type="volume">I</tei:biblScope>
              <tei:biblScope type="pages">94</tei:biblScope>
            </tei:bibl>
            <tei:bibl>
              <tei:ref target="Lrmt">Lögréttumannatal</tei:ref>
              <tei:biblScope type="pages">32</tei:biblScope>
            </tei:bibl>
          </person>
        </listPerson>
      </sourceDesc>
    </fileDesc>
  </teiHeader>
</TEI>
