<?xml version='1.0' encoding='UTF-8'?>
<TEI xmlns="http://www.tei-c.org/ns/1.0">
  <teiHeader>
    <fileDesc>
      <sourceDesc>
        <listPerson>
          <person xmlns:tei="http://www.tei-c.org/ns/1.0" sex="1" role="poet author marginal" xml:id="AsgVig001">
            <tei:persName xml:lang="is">
              <tei:forename sort="1">Ásgrímur</tei:forename>
              <tei:surname sort="2">Vigfússon</tei:surname>
            </tei:persName>
            <tei:birth cert="medium" when="1758-07-05">5. júlí 1758</tei:birth>
            <tei:death cert="high" when="1829-12-19">19. desember 1829</tei:death>
            <tei:occupation xml:lang="is">Prestur</tei:occupation>
            <tei:occupation xml:lang="en">Priest</tei:occupation>
            <tei:occupation xml:lang="da">Præst</tei:occupation>
            <tei:residence xml:lang="is">
              <tei:placeName xml:lang="is">
                <tei:settlement type="farm" key="LauBre01">Laugarbrekka</tei:settlement>
                <tei:region type="parish" key="#Breiðu01">Breiðuvíkurhreppur</tei:region>
                <tei:region type="county" key="#Snæfe02">Snæfellsnessýsla</tei:region>
                <tei:country key="IS">Ísland</tei:country>
              </tei:placeName>
            </tei:residence>
            <tei:bibl>
              <tei:ref target="IsAev">Íslenzkar æviskrár</tei:ref>
              <tei:biblScope type="volume">I</tei:biblScope>
              <tei:biblScope type="pages">98-99</tei:biblScope>
            </tei:bibl>
          </person>
        </listPerson>
      </sourceDesc>
    </fileDesc>
  </teiHeader>
</TEI>
