<?xml version='1.0' encoding='UTF-8'?>
<TEI xmlns="http://www.tei-c.org/ns/1.0">
  <teiHeader>
    <fileDesc>
      <sourceDesc>
        <listPerson>
          <person xmlns:tei="http://www.tei-c.org/ns/1.0" sex="1" role="donor" xml:id="AskJoh001">
            <tei:persName xml:lang="is">
              <tei:forename sort="1">Áskell</tei:forename>
              <tei:surname sort="2">Jóhannsson</tei:surname>
            </tei:persName>
            <tei:birth cert="high" when="1905-05-30"/>
            <tei:death cert="high" when="1999-02-23"/>
            <tei:residence xml:lang="is">
              <tei:placeName>
                <tei:settlement type="farm" key="SkóFel01">Skógar</tei:settlement>
                <tei:region type="parish" key="#Fellst01">Fellsstrandarhreppur</tei:region>
                <tei:region type="county" key="Dalas01">Dalasýsla</tei:region>
                <tei:country key="IS">Ísland</tei:country>
              </tei:placeName>
            </tei:residence>
            <tei:residence xml:lang="is">
              <tei:placeName>
                <tei:settlement type="city" key="Reykj01">Reykjavík</tei:settlement>
                <tei:region type="county" key="#Gullbr01">Gullbringusýsla</tei:region>
                <tei:country key="IS">Ísland</tei:country>
              </tei:placeName>
            </tei:residence>
            <tei:occupation xml:lang="is">Bóndi</tei:occupation>
            <tei:bibl>
              <tei:ref target="DM">Dalamenn</tei:ref>
              <tei:biblScope type="volume">II</tei:biblScope>
              <tei:biblScope type="pages">127</tei:biblScope>
            </tei:bibl>
          </person>
        </listPerson>
      </sourceDesc>
    </fileDesc>
  </teiHeader>
</TEI>
