<?xml version='1.0' encoding='UTF-8'?>
<TEI xmlns="http://www.tei-c.org/ns/1.0">
  <teiHeader>
    <fileDesc>
      <sourceDesc>
        <listPerson>
          <person xmlns:tei="http://www.tei-c.org/ns/1.0" sex="1" role="owner marginal" xml:id="AsmGis002">
            <tei:persName xml:lang="is">
              <tei:forename sort="1">Ásmundur</tei:forename>
              <tei:surname sort="2">Gíslason</tei:surname>
            </tei:persName>
            <tei:birth when="1872-08-21">21. ágúst 1872</tei:birth>
            <tei:death when="1947-02-04">4. febrúar 1947</tei:death>
            <tei:residence xml:lang="is">
              <tei:placeName xml:lang="is">
                <tei:settlement type="farm" key="HálHál01">Háls</tei:settlement>
                <tei:region type="parish" key="#Hálshr01">Hálshreppur</tei:region>
                <tei:region type="county" key="#SuðÞin01">Suður-Þingeyjarsýsla</tei:region>
                <tei:country key="IS">Ísland</tei:country>
              </tei:placeName>
            </tei:residence>
            <tei:occupation xml:lang="is">Prestur</tei:occupation>
          </person>
        </listPerson>
      </sourceDesc>
    </fileDesc>
  </teiHeader>
</TEI>
