<?xml version='1.0' encoding='UTF-8'?>
<TEI xmlns="http://www.tei-c.org/ns/1.0">
  <teiHeader>
    <fileDesc>
      <sourceDesc>
        <listPerson>
          <person xmlns:tei="http://www.tei-c.org/ns/1.0" sex="1" role="owner recipient translator scribe" xml:id="AsmJon002">
            <tei:persName xml:lang="is">
              <tei:forename sort="1">Ásmundur</tei:forename>
              <tei:surname sort="2">Jónsson</tei:surname>
            </tei:persName>
            <tei:birth when="1808-11-22">22. nóvember 1808</tei:birth>
            <tei:death when="1880-03-18">18. mars 1880</tei:death>
            <tei:residence xml:lang="is">
              <tei:placeName>
                <tei:settlement type="farm" key="OddRan02">Oddi</tei:settlement>
                <tei:region type="geog" key="Rangár02">Rangárvallahreppur</tei:region>
                <tei:region type="county" key="Rangár01">Rangárvallasýsla</tei:region>
                <tei:country key="IS">Ísland</tei:country>
              </tei:placeName>
            </tei:residence>
            <tei:occupation xml:lang="is">Prestur</tei:occupation>
            <tei:occupation xml:lang="en">Priest</tei:occupation>
            <tei:occupation xml:lang="da">Præst</tei:occupation>
            <tei:bibl>
              <tei:ref target="IsAev">Íslenzkar æviskrár</tei:ref>
              <tei:biblScope type="volume">I</tei:biblScope>
              <tei:biblScope type="pages">103-104</tei:biblScope>
            </tei:bibl>
          </person>
        </listPerson>
      </sourceDesc>
    </fileDesc>
  </teiHeader>
</TEI>
