<?xml version='1.0' encoding='UTF-8'?>
<TEI xmlns="http://www.tei-c.org/ns/1.0">
  <teiHeader>
    <fileDesc>
      <sourceDesc>
        <listPerson>
          <person xmlns:tei="http://www.tei-c.org/ns/1.0" sex="1" role="owner donor" xml:id="AsmJon004">
            <tei:persName xml:lang="is">
              <tei:forename sort="1">Ásmundur</tei:forename>
              <tei:surname sort="2">Jónsson</tei:surname>
            </tei:persName>
            <tei:birth when="1893-07-12"/>
            <tei:death when="1981-01-29"/>
            <tei:residence xml:lang="is">
              <tei:placeName>
                <tei:settlement type="city" key="Reykj01">Reykjavík</tei:settlement>
                <tei:region type="county" key="#Gullbr01">Gullbringusýsla</tei:region>
                <tei:country key="IS">Ísland</tei:country>
              </tei:placeName>
            </tei:residence>
            <tei:occupation xml:lang="is">Trésmiður</tei:occupation>
          </person>
        </listPerson>
      </sourceDesc>
    </fileDesc>
  </teiHeader>
</TEI>
