<?xml version='1.0' encoding='UTF-8'?>
<TEI xmlns="http://www.tei-c.org/ns/1.0">
  <teiHeader>
    <fileDesc>
      <sourceDesc>
        <listPerson>
          <person xmlns:tei="http://www.tei-c.org/ns/1.0" sex="1" role="owner correspondent scribe" xml:id="AsmPal001">
            <tei:persName xml:lang="is">
              <tei:forename sort="1">Ásmundur</tei:forename>
              <tei:surname sort="2">Pálsson</tei:surname>
            </tei:persName>
            <tei:birth when="1726-04">April 1726</tei:birth>
            <tei:death when="1803-01-17">17 January 1803</tei:death>
            <tei:residence xml:lang="is">
              <tei:placeName>
                <tei:settlement type="farm" key="AuðSví01">Auðkúla</tei:settlement>
                <tei:region type="parish" key="Svínav01">Svínavatnshreppur</tei:region>
                <tei:region type="county" key="#AusHún01">Austur-Húnavatnssýsla</tei:region>
                <tei:country key="IS">Ísland</tei:country>
              </tei:placeName>
            </tei:residence>
            <tei:occupation xml:lang="is">Prestur</tei:occupation>
            <tei:occupation xml:lang="en">Priest</tei:occupation>
            <tei:occupation xml:lang="da">Præst</tei:occupation>
            <tei:bibl>
              <tei:ref target="IsAev">Íslenzkar æviskrár</tei:ref>
              <tei:biblScope type="volume">I</tei:biblScope>
              <tei:biblScope type="pages">104-105</tei:biblScope>
            </tei:bibl>
          </person>
        </listPerson>
      </sourceDesc>
    </fileDesc>
  </teiHeader>
</TEI>
