<?xml version='1.0' encoding='UTF-8'?>
<TEI xmlns="http://www.tei-c.org/ns/1.0">
  <teiHeader>
    <fileDesc>
      <sourceDesc>
        <listPerson>
          <person xmlns:tei="http://www.tei-c.org/ns/1.0" sex="1" role="scribe poet" xml:id="AsmSig002">
            <tei:persName xml:lang="is">
              <tei:forename sort="1">Ásmundur</tei:forename>
              <tei:surname sort="2">Sigurðsson</tei:surname>
            </tei:persName>
            <tei:birth cert="high" when="1833-12-02"/>
            <tei:death cert="medium" when="1915-12-24"/>
            <tei:residence xml:lang="is">
              <tei:placeName>
                <tei:settlement type="farm" key="BárGrý01">Bárðartjörn</tei:settlement>
                <tei:region type="parish" key="#Grýtub01">Grýtubakkahreppur</tei:region>
                <tei:region type="county" key="SuðÞin01">Suður-Þingeyjarsýsla</tei:region>
                <tei:country key="IS">Ísland</tei:country>
              </tei:placeName>
            </tei:residence>
            <tei:occupation xml:lang="is">Bóndi</tei:occupation>
            <tei:occupation xml:lang="is">Húsmaður</tei:occupation>
            <tei:occupation xml:lang="is">Vinnumaður</tei:occupation>
            <tei:occupation xml:lang="is">Niðursetningur</tei:occupation>
            <tei:bibl>
              <tei:ref target="IsAev">Íslenzkar æviskrár</tei:ref>
              <tei:biblScope type="volume">I</tei:biblScope>
              <tei:biblScope type="pages">105</tei:biblScope>
            </tei:bibl>
          </person>
        </listPerson>
      </sourceDesc>
    </fileDesc>
  </teiHeader>
</TEI>
