<?xml version='1.0' encoding='UTF-8'?>
<TEI xmlns="http://www.tei-c.org/ns/1.0">
  <teiHeader>
    <fileDesc>
      <sourceDesc>
        <listPerson>
          <person xmlns:tei="http://www.tei-c.org/ns/1.0" sex="1" role="scribe" xml:id="AsmSae002">
            <tei:persName xml:lang="is">
              <tei:forename sort="1">Ásmundur</tei:forename>
              <tei:surname sort="2">Sæbjörnsson</tei:surname>
            </tei:persName>
            <tei:birth when="1811"/>
            <tei:death when="1894-01-30"/>
            <tei:residence xml:lang="is">
              <tei:placeName>
                <tei:settlement type="farm" key="KliBor01">Klippstaðir</tei:settlement>
                <tei:region type="parish" key="Borgar03">Borgarfjarðarhreppur</tei:region>
                <tei:region type="county" key="NorMúl01">Norður-Múlasýsla</tei:region>
                <tei:country key="IS">Ísland</tei:country>
              </tei:placeName>
            </tei:residence>
            <tei:occupation xml:lang="is">Bóndi</tei:occupation>
            <tei:occupation xml:lang="en">Farmer</tei:occupation>
            <tei:occupation xml:lang="da">Landman</tei:occupation>
          </person>
        </listPerson>
      </sourceDesc>
    </fileDesc>
  </teiHeader>
</TEI>
