<?xml version='1.0' encoding='UTF-8'?>
<TEI xmlns="http://www.tei-c.org/ns/1.0">
  <teiHeader>
    <fileDesc>
      <sourceDesc>
        <listPerson>
          <person xmlns:tei="http://www.tei-c.org/ns/1.0" sex="1" role="owner" xml:id="AsmSig001">
            <tei:persName xml:lang="is">
              <tei:forename sort="1">Ásmundur</tei:forename>
              <tei:surname sort="1">Sigurðarson</tei:surname>
            </tei:persName>
            <tei:persName xml:lang="da">
              <tei:forename sort="2">Asmunder</tei:forename>
              <tei:surname sort="1">Sigurderson</tei:surname>
            </tei:persName>
          </person>
        </listPerson>
      </sourceDesc>
    </fileDesc>
  </teiHeader>
</TEI>
