<?xml version='1.0' encoding='UTF-8'?>
<TEI xmlns="http://www.tei-c.org/ns/1.0">
  <teiHeader>
    <fileDesc>
      <sourceDesc>
        <listPerson>
          <person xmlns:tei="http://www.tei-c.org/ns/1.0" sex="2" role="correspondent scribe" xml:id="AstEyj001">
            <tei:persName xml:lang="is">
              <tei:forename sort="1">Ástríður</tei:forename>
              <tei:surname sort="2">Eyjólfssdóttir</tei:surname>
            </tei:persName>
            <tei:death when="1692">Writes a letter in 1692</tei:death>
          </person>
        </listPerson>
      </sourceDesc>
    </fileDesc>
  </teiHeader>
</TEI>
