<?xml version='1.0' encoding='UTF-8'?>
<TEI xmlns="http://www.tei-c.org/ns/1.0">
  <teiHeader>
    <fileDesc>
      <sourceDesc>
        <listPerson>
          <person xmlns:tei="http://www.tei-c.org/ns/1.0" sex="2" role="owner" xml:id="AstEin001">
            <tei:persName xml:lang="is">
              <tei:forename sort="1">Ásta</tei:forename>
              <tei:forename sort="2">Sigríður</tei:forename>
              <tei:surname sort="3">Lárusdóttir</tei:surname>
              <tei:surname sort="4">Einarsson</tei:surname>
            </tei:persName>
            <tei:birth when="1878-12-05">5. desember 1878</tei:birth>
            <tei:death when="1959-03-27">27. mars 1959</tei:death>
            <tei:residence xml:lang="is">
              <tei:placeName xml:lang="is">
                <tei:placeName>
                  <tei:settlement type="city" key="Reykj01">Reykjavík</tei:settlement>
                  <tei:region type="county" key="#Gullbr01">Gullbringusýsla</tei:region>
                  <tei:country key="IS">Ísland</tei:country>
                </tei:placeName>
              </tei:placeName>
            </tei:residence>
            <tei:occupation xml:lang="is">Píanókennari</tei:occupation>
          </person>
        </listPerson>
      </sourceDesc>
    </fileDesc>
  </teiHeader>
</TEI>
