<?xml version='1.0' encoding='UTF-8'?>
<TEI xmlns="http://www.tei-c.org/ns/1.0">
  <teiHeader>
    <fileDesc>
      <sourceDesc>
        <listPerson>
          <person xmlns:tei="http://www.tei-c.org/ns/1.0" sex="1" role="donor " xml:id="AstHja001">
            <tei:persName xml:lang="is">
              <tei:forename sort="1">Ástráður</tei:forename>
              <tei:surname sort="2">Hjartar</tei:surname>
            </tei:persName>
            <tei:birth when="1923-04-30"/>
            <tei:occupation xml:lang="is">Bókbindari</tei:occupation>
          </person>
        </listPerson>
      </sourceDesc>
    </fileDesc>
  </teiHeader>
</TEI>
