<?xml version='1.0' encoding='UTF-8'?>
<TEI xmlns="http://www.tei-c.org/ns/1.0">
  <teiHeader>
    <fileDesc>
      <sourceDesc>
        <listPerson>
          <person xmlns:tei="http://www.tei-c.org/ns/1.0" sex="2" role="owner" xml:id="AstJon001">
            <tei:persName xml:lang="is">
              <tei:forename sort="1">Ástríður</tei:forename>
              <tei:surname sort="2">Jónsdóttir</tei:surname>
            </tei:persName>
            <tei:birth when="1646"/>
            <tei:death when="1719">1719</tei:death>
            <tei:residence xml:lang="is">
              <tei:placeName>
                <tei:settlement type="farm" key="VigSúð01">Vigur</tei:settlement>
                <tei:region type="parish" key="#Súðaví01">Súðavíkurhreppur</tei:region>
                <tei:region type="county" key="NorÍsa01">Norður-Ísafjarðarsýsla</tei:region>
                <tei:country key="IS">Ísland</tei:country>
              </tei:placeName>
            </tei:residence>
            <tei:residence xml:lang="is">
              <tei:placeName>
                <tei:settlement type="farm" key="MýrMýr01">Mýrar</tei:settlement>
                <tei:region type="parish" key="#Mýrahr01">Mýrarhreppur</tei:region>
                <tei:region type="county" key="VesÍsa01">Vestur-Ísafjarðarsýsla</tei:region>
                <tei:country key="IS">Ísland</tei:country>
              </tei:placeName>
            </tei:residence>
            <tei:occupation xml:lang="is">Húsfreyja</tei:occupation>
            <tei:bibl>
              <tei:ref target="IsAev">Íslenzkar æviskrár</tei:ref>
              <tei:biblScope type="volume">III</tei:biblScope>
              <tei:biblScope type="pages">433</tei:biblScope>
              <tei:note xml:lang="is">
                Eiginkona
                <tei:name type="person" key="MagJon008">Magnúsar
                Jónssonar</tei:name>
                .
              </tei:note>
            </tei:bibl>
          </person>
        </listPerson>
      </sourceDesc>
    </fileDesc>
  </teiHeader>
</TEI>
