<?xml version='1.0' encoding='UTF-8'?>
<TEI xmlns="http://www.tei-c.org/ns/1.0">
  <teiHeader>
    <fileDesc>
      <sourceDesc>
        <listPerson>
          <person xmlns:tei="http://www.tei-c.org/ns/1.0" sex="1" role="donor" xml:id="AstKri001">
            <tei:persName xml:lang="is">
              <tei:forename sort="1">Ástvaldur</tei:forename>
              <tei:surname sort="2">Kristófersson</tei:surname>
            </tei:persName>
            <tei:birth when="1924-01-08"/>
            <tei:death when="2004-11-12"/>
            <tei:residence xml:lang="is">
              <tei:placeName>
                <tei:settlement type="town" key="Seyðis01">Seyðisfjörður</tei:settlement>
                <tei:region type="county" key="SuðMúl01">Suður-Múlasýsla</tei:region>
                <tei:country key="IS">Ísland</tei:country>
              </tei:placeName>
            </tei:residence>
            <tei:occupation xml:lang="is">Járnsmíðameistari</tei:occupation>
            <tei:occupation xml:lang="is">Forstjóri</tei:occupation>
          </person>
        </listPerson>
      </sourceDesc>
    </fileDesc>
  </teiHeader>
</TEI>
