<?xml version='1.0' encoding='UTF-8'?>
<TEI xmlns="http://www.tei-c.org/ns/1.0">
  <teiHeader>
    <fileDesc>
      <sourceDesc>
        <listPerson>
          <person xmlns:tei="http://www.tei-c.org/ns/1.0" sex="2" role="correspondent scribe  marginal" xml:id="AstMag001">
            <tei:persName xml:lang="is">
              <tei:forename sort="1">Ástríður</tei:forename>
              <tei:surname sort="2">Magnúsdóttir</tei:surname>
            </tei:persName>
            <tei:birth when="1711"/>
            <tei:death when="1743">1743</tei:death>
            <tei:residence xml:lang="is">
              <tei:placeName>
                <tei:settlement type="farm" key="HjaLax01">Hjarðarholt</tei:settlement>
                <tei:region type="parish" key="#Laxárd01">Laxárdalshreppur</tei:region>
                <tei:region type="county" key="#Dalas01">Dalasýsla</tei:region>
                <tei:country key="IS">Ísland</tei:country>
              </tei:placeName>
            </tei:residence>
            <tei:note xml:lang="is">
              Makar:
              <tei:name type="person" key="ThoJon049">Þórarinn Jónsson</tei:name>
              og
              <tei:name type="person" key="MagMag007">Magnús Magnússon</tei:name>
            </tei:note>
            <tei:bibl>
              <tei:ref target="IsAev">Íslenzkar æviskrár</tei:ref>
              <tei:biblScope type="volume">V</tei:biblScope>
              <tei:biblScope type="pages">73</tei:biblScope>
            </tei:bibl>
            <tei:bibl>
              <tei:ref target="IsAev">Íslenzkar æviskrár</tei:ref>
              <tei:biblScope type="volume">III</tei:biblScope>
              <tei:biblScope type="pages">443</tei:biblScope>
            </tei:bibl>
          </person>
        </listPerson>
      </sourceDesc>
    </fileDesc>
  </teiHeader>
</TEI>
