<?xml version='1.0' encoding='UTF-8'?>
<TEI xmlns="http://www.tei-c.org/ns/1.0">
  <teiHeader>
    <fileDesc>
      <sourceDesc>
        <listPerson>
          <person xmlns:tei="http://www.tei-c.org/ns/1.0" sex="2" role="owner" xml:id="AstPal002">
            <tei:persName xml:lang="is">
              <tei:forename sort="1">Ásta</tei:forename>
              <tei:forename sort="2">Pálína</tei:forename>
              <tei:surname sort="2">Pálsdóttir</tei:surname>
            </tei:persName>
            <tei:birth when="1850-09-08">8. september 1850</tei:birth>
            <tei:death when="1922-01-10">10. janúar 1922</tei:death>
            <tei:residence xml:lang="is">
              <tei:placeName xml:lang="is">
                <tei:placeName>
                  <tei:settlement type="city" key="Reykj01">Reykjavík</tei:settlement>
                  <tei:region type="county" key="#Gullbr01">Gullbringusýsla</tei:region>
                  <tei:country key="IS">Ísland</tei:country>
                </tei:placeName>
              </tei:placeName>
            </tei:residence>
            <tei:occupation xml:lang="is">Húsfreyja</tei:occupation>
          </person>
        </listPerson>
      </sourceDesc>
    </fileDesc>
  </teiHeader>
</TEI>
