<?xml version='1.0' encoding='UTF-8'?>
<TEI xmlns="http://www.tei-c.org/ns/1.0">
  <teiHeader>
    <fileDesc>
      <sourceDesc>
        <listPerson>
          <person xmlns:tei="http://www.tei-c.org/ns/1.0" sex="2" role="marginal" xml:id="AstPal001">
            <tei:persName xml:lang="is">
              <tei:forename sort="1">Ástríður</tei:forename>
              <tei:surname sort="2">Pálsdóttir</tei:surname>
            </tei:persName>
            <tei:birth when="1767"/>
            <tei:death when="1861-09-05"/>
            <tei:residence xml:lang="is">
              <tei:placeName xml:lang="is">
                <tei:settlement type="farm" key="MýrMýr01">Mýrar</tei:settlement>
                <tei:region type="parish" key="#Mýrahr01">Mýrahreppur</tei:region>
                <tei:region type="county" key="#VesÍsa01">Vestur-Ísafjarðarsýsla</tei:region>
                <tei:country key="IS"/>
              </tei:placeName>
            </tei:residence>
            <tei:occupation xml:lang="is">Húsfreyja</tei:occupation>
          </person>
        </listPerson>
      </sourceDesc>
    </fileDesc>
  </teiHeader>
</TEI>
