<?xml version='1.0' encoding='UTF-8'?>
<TEI xmlns="http://www.tei-c.org/ns/1.0">
  <teiHeader>
    <fileDesc>
      <sourceDesc>
        <listPerson>
          <person xmlns:tei="http://www.tei-c.org/ns/1.0" sex="2" role="donor" xml:id="AstSve001">
            <tei:persName xml:lang="is">
              <tei:forename sort="1">Ásta</tei:forename>
              <tei:forename sort="1">Kristín</tei:forename>
              <tei:surname sort="2">Sveinsdóttir</tei:surname>
            </tei:persName>
            <tei:birth when="1969-10-05"/>
          </person>
        </listPerson>
      </sourceDesc>
    </fileDesc>
  </teiHeader>
</TEI>
