<?xml version='1.0' encoding='UTF-8'?>
<TEI xmlns="http://www.tei-c.org/ns/1.0">
  <teiHeader>
    <fileDesc>
      <sourceDesc>
        <listPerson>
          <person xmlns:tei="http://www.tei-c.org/ns/1.0" sex="2" role="donor" xml:id="AstSka001">
            <tei:persName xml:lang="is">
              <tei:forename sort="1">Astrid</tei:forename>
              <tei:forename sort="1">V.</tei:forename>
              <tei:surname sort="2">Skaftfells</tei:surname>
            </tei:persName>
            <tei:birth when="1910-10-23"/>
            <tei:death when="2003-05-06"/>
            <tei:residence xml:lang="is">
              <tei:placeName>
                <tei:settlement type="city" key="Reykj01">Reykjavík</tei:settlement>
                <tei:region type="county" key="#Gullbr01">Gullbringusýsla</tei:region>
                <tei:country key="IS">Ísland</tei:country>
              </tei:placeName>
            </tei:residence>
            <tei:occupation xml:lang="is">Hjúkrunafræðingur</tei:occupation>
            <tei:occupation xml:lang="is">Nuddari</tei:occupation>
            <tei:occupation xml:lang="is">Húsfreyja</tei:occupation>
          </person>
        </listPerson>
      </sourceDesc>
    </fileDesc>
  </teiHeader>
</TEI>
