<?xml version='1.0' encoding='UTF-8'?>
<TEI xmlns="http://www.tei-c.org/ns/1.0">
  <teiHeader>
    <fileDesc>
      <sourceDesc>
        <listPerson>
          <person xmlns:tei="http://www.tei-c.org/ns/1.0" sex="1" role="donor collector" xml:id="AstTho001">
            <tei:persName xml:lang="is">
              <tei:forename sort="1">Ásthildur</tei:forename>
              <tei:forename sort="1">Jóhanna</tei:forename>
              <tei:surname sort="2">Thorsteinsson</tei:surname>
              <tei:surname sort="2">Guðmundsdóttir</tei:surname>
            </tei:persName>
            <tei:birth cert="high" when="1857-11-16"/>
            <tei:death cert="high" when="1938-04-01"/>
            <tei:residence xml:lang="is">
              <tei:placeName>
                <tei:region type="geog" key="Bíldud01">Bíldudalur</tei:region>
                <tei:region type="county" key="#VesBar01">Vestur-Barðastrandarsýsla</tei:region>
                <tei:country key="IS">Ísland</tei:country>
              </tei:placeName>
            </tei:residence>
            <tei:residence xml:lang="is">
              <tei:placeName>
                <tei:settlement type="city" key="Reykj01">Reykjavík</tei:settlement>
                <tei:region type="county" key="#Gullbr01">Gullbringusýsla</tei:region>
                <tei:country key="IS">Ísland</tei:country>
              </tei:placeName>
            </tei:residence>
            <tei:occupation xml:lang="is">Húsfreyja</tei:occupation>
          </person>
        </listPerson>
      </sourceDesc>
    </fileDesc>
  </teiHeader>
</TEI>
