<?xml version='1.0' encoding='UTF-8'?>
<TEI xmlns="http://www.tei-c.org/ns/1.0">
  <teiHeader>
    <fileDesc>
      <sourceDesc>
        <listPerson>
          <person xmlns:tei="http://www.tei-c.org/ns/1.0" sex="1" role="owner" xml:id="AudBen001">
            <tei:persName xml:lang="is">
              <tei:forename sort="1">Auðunn</tei:forename>
              <tei:surname sort="2">Benediktsson</tei:surname>
            </tei:persName>
            <tei:birth xml:lang="en" when="1675">1675</tei:birth>
            <tei:birth xml:lang="da" when="1675">1675</tei:birth>
            <tei:death xml:lang="en" when="1707">1707</tei:death>
            <tei:death xml:lang="da" when="1707">1707</tei:death>
            <tei:residence xml:lang="is">
              <tei:placeName>
                <tei:settlement type="farm" key="BorBor02">Borg</tei:settlement>
                <tei:region type="parish" key="#Borgar02">Borgarhreppur</tei:region>
                <tei:region type="county" key="#Mýras01">Mýrasýsla</tei:region>
                <tei:country key="IS">Ísland</tei:country>
              </tei:placeName>
            </tei:residence>
            <tei:residence xml:lang="da">
              <tei:placeName>
                <tei:settlement type="farm" key="BorBor02">Borg</tei:settlement>
                <tei:region type="parish" key="#Borgar02">Borgarhreppur</tei:region>
                <tei:region type="county" key="#Mýras01">Mýrasýsla</tei:region>
                <tei:region type="compass">Vestlige</tei:region>
                <tei:country>Island</tei:country>
              </tei:placeName>
            </tei:residence>
            <tei:occupation xml:lang="en">Priest</tei:occupation>
            <tei:occupation xml:lang="da">Præst</tei:occupation>
            <tei:occupation xml:lang="is">Prestur</tei:occupation>
            <tei:bibl>
              <tei:ref target="IsAev">Íslenzkar æviskrár</tei:ref>
              <tei:biblScope type="volume">I</tei:biblScope>
              <tei:biblScope type="pages">106-107</tei:biblScope>
            </tei:bibl>
          </person>
        </listPerson>
      </sourceDesc>
    </fileDesc>
  </teiHeader>
</TEI>
