<?xml version='1.0' encoding='UTF-8'?>
<TEI xmlns="http://www.tei-c.org/ns/1.0">
  <teiHeader>
    <fileDesc>
      <sourceDesc>
        <listPerson>
          <person xmlns:tei="http://www.tei-c.org/ns/1.0" sex="1" role="owner" xml:id="AudEyj002">
            <tei:persName xml:lang="is">
              <tei:forename sort="1">Auðunn</tei:forename>
              <tei:surname sort="3">Eyjólfsson</tei:surname>
            </tei:persName>
            <tei:birth when="1657"/>
            <tei:death notBefore="1703"/>
            <tei:residence xml:lang="is">
              <tei:placeName>
                <tei:settlement type="farm" key="ArnEyr01">Arnarhóll</tei:settlement>
                <tei:region type="parish" key="#Eyrars01">Eyrarsveit</tei:region>
                <tei:region type="county" key="#Snæfe02">Snæfellsnessýsla</tei:region>
                <tei:country key="IS">Ísland</tei:country>
              </tei:placeName>
            </tei:residence>
            <tei:note xml:lang="is">Í handritinu er bara talað um Auðunn að Arnarhóli í Eyrarsveit. Í
              manntali 1703 finnst Auðunn Eyjólfsson, búandi að Arnarhóli í Eyrarsveit og miklar
              líkur eru á að um einn og sama manninn sé að ræða.</tei:note>
          </person>
        </listPerson>
      </sourceDesc>
    </fileDesc>
  </teiHeader>
</TEI>
