<?xml version='1.0' encoding='UTF-8'?>
<TEI xmlns="http://www.tei-c.org/ns/1.0">
  <teiHeader>
    <fileDesc>
      <sourceDesc>
        <listPerson>
          <person xmlns:tei="http://www.tei-c.org/ns/1.0" sex="2" role="owner donor" xml:id="AudJul001">
            <tei:persName xml:lang="is">
              <tei:forename sort="1">Auður</tei:forename>
              <tei:surname sort="2">Júlíusdóttir</tei:surname>
            </tei:persName>
            <tei:birth xml:lang="is" when="1919-11-24"/>
            <tei:death xml:lang="is" when="2013-09-14"/>
            <tei:residence xml:lang="is">
              <tei:placeName xml:lang="is">
                <tei:settlement type="village" key="Stykki01">Stykkishólmur</tei:settlement>
                <tei:region type="county" key="#Snæfe02">Snæfellsnessýsla</tei:region>
                <tei:country key="IS">Ísland</tei:country>
              </tei:placeName>
            </tei:residence>
            <tei:occupation xml:lang="is">Húsfreyja</tei:occupation>
          </person>
        </listPerson>
      </sourceDesc>
    </fileDesc>
  </teiHeader>
</TEI>
