<?xml version='1.0' encoding='UTF-8'?>
<TEI xmlns="http://www.tei-c.org/ns/1.0">
  <teiHeader>
    <fileDesc>
      <sourceDesc>
        <listPerson>
          <person xmlns:tei="http://www.tei-c.org/ns/1.0" sex="1" role="donor" xml:id="AudSve001">
            <tei:persName xml:lang="is">
              <tei:forename sort="1">Auðunn</tei:forename>
              <tei:forename sort="2">Bragi</tei:forename>
              <tei:surname sort="3">Sveinsson</tei:surname>
            </tei:persName>
            <tei:birth when="1923-12-26"/>
            <tei:death when="2013-01-02"/>
            <tei:occupation xml:lang="is">Kennari</tei:occupation>
          </person>
        </listPerson>
      </sourceDesc>
    </fileDesc>
  </teiHeader>
</TEI>
