<?xml version='1.0' encoding='UTF-8'?>
<TEI xmlns="http://www.tei-c.org/ns/1.0">
  <teiHeader>
    <fileDesc>
      <sourceDesc>
        <listPerson>
          <person xmlns:tei="http://www.tei-c.org/ns/1.0" sex="1" role="author" xml:id="AugLaf001">
            <tei:persName xml:lang="de">
              <tei:forename sort="2">August</tei:forename>
              <tei:forename sort="3">Heinrich</tei:forename>
              <tei:forename sort="4">Julius</tei:forename>
              <tei:surname sort="1">Lafontaine</tei:surname>
            </tei:persName>
            <tei:birth when="1758-10-05"/>
            <tei:death when="1831-04-20"/>
            <tei:residence xml:lang="is">
              <tei:placeName>
                <tei:country key="DE">Þýskaland</tei:country>
              </tei:placeName>
            </tei:residence>
            <tei:occupation xml:lang="is">Rithöfundur</tei:occupation>
          </person>
        </listPerson>
      </sourceDesc>
    </fileDesc>
  </teiHeader>
</TEI>
