<?xml version='1.0' encoding='UTF-8'?>
<TEI xmlns="http://www.tei-c.org/ns/1.0">
  <teiHeader>
    <fileDesc>
      <sourceDesc>
        <listPerson>
          <person xmlns:tei="http://www.tei-c.org/ns/1.0" sex="1" role="correspondent" xml:id="AugMob001">
            <tei:persName xml:lang="de">
              <tei:forename sort="2">August</tei:forename>
              <tei:forename sort="3">Theodor</tei:forename>
              <tei:surname sort="1">Möbius</tei:surname>
            </tei:persName>
            <tei:birth when="1821-06-22">22. júní 1821</tei:birth>
            <tei:death when="1890-04-25">25. apríl 1890</tei:death>
            <tei:occupation xml:lang="is">Prófessor</tei:occupation>
            <tei:residence xml:lang="is">
              <tei:settlement type="city" key="Leipz01">Leipzig</tei:settlement>
              <tei:country key="DE" xml:lang="is">Þýskaland</tei:country>
            </tei:residence>
            <tei:residence xml:lang="is">
              <tei:settlement type="city" key="Kiel01">Kiel</tei:settlement>
              <tei:country key="DE">Þýskaland</tei:country>
            </tei:residence>
          </person>
        </listPerson>
      </sourceDesc>
    </fileDesc>
  </teiHeader>
</TEI>
