<?xml version='1.0' encoding='UTF-8'?>
<TEI xmlns="http://www.tei-c.org/ns/1.0">
  <teiHeader>
    <fileDesc>
      <sourceDesc>
        <listPerson>
          <person xmlns:tei="http://www.tei-c.org/ns/1.0" sex="1" role="correspondent" xml:id="AugMad001">
            <tei:persName xml:lang="de">
              <tei:forename sort="2">Augustin</tei:forename>
              <tei:forename sort="3">Julius</tei:forename>
              <tei:forename sort="4">Christian</tei:forename>
              <tei:forename sort="5">Emil</tei:forename>
              <tei:surname sort="1">Madsen</tei:surname>
            </tei:persName>
            <tei:birth when="1830-06-27">27. júní 1830</tei:birth>
            <tei:death when="1919-12-19">19. desember 1919</tei:death>
            <tei:residence xml:lang="is">
              <tei:settlement type="city" key="Copen01">Kaupmannahöfn</tei:settlement>
              <tei:country key="DK" xml:lang="is">Danmörk</tei:country>
            </tei:residence>
            <tei:occupation xml:lang="is">Liðsforingi</tei:occupation>
          </person>
        </listPerson>
      </sourceDesc>
    </fileDesc>
  </teiHeader>
</TEI>
