<?xml version='1.0' encoding='UTF-8'?>
<TEI xmlns="http://www.tei-c.org/ns/1.0">
  <teiHeader>
    <fileDesc>
      <sourceDesc>
        <listPerson>
          <person xmlns:tei="http://www.tei-c.org/ns/1.0" sex="1" role="author" xml:id="AugNie001">
            <tei:persName xml:lang="de">
              <tei:forename sort="2">August</tei:forename>
              <tei:forename sort="3">Hermann</tei:forename>
              <tei:surname sort="1">Niemeyer</tei:surname>
            </tei:persName>
            <tei:birth when="1754-09-01"/>
            <tei:death when="1828-07-07"/>
            <tei:occupation xml:lang="is">Guðfræðingur</tei:occupation>
            <tei:occupation xml:lang="is">Rithöfundur</tei:occupation>
          </person>
        </listPerson>
      </sourceDesc>
    </fileDesc>
  </teiHeader>
</TEI>
