<?xml version='1.0' encoding='UTF-8'?>
<TEI xmlns="http://www.tei-c.org/ns/1.0">
  <teiHeader>
    <fileDesc>
      <sourceDesc>
        <listPerson>
          <person xmlns:tei="http://www.tei-c.org/ns/1.0" sex="1" role="marginal" xml:id="AulArc001">
            <tei:persName xml:lang="la">
              <tei:forename sort="2">Aulus</tei:forename>
              <tei:surname sort="3">Licinius</tei:surname>
              <tei:surname sort="1">Archias</tei:surname>
            </tei:persName>
            <tei:birth when="-0121">121 f .kr.</tei:birth>
            <tei:death when="-0061">61 f .kr.</tei:death>
            <tei:occupation xml:lang="en">Poet</tei:occupation>
            <tei:occupation xml:lang="da">Digter</tei:occupation>
            <tei:occupation xml:lang="is">Skáld</tei:occupation>
          </person>
        </listPerson>
      </sourceDesc>
    </fileDesc>
  </teiHeader>
</TEI>
