<?xml version='1.0' encoding='UTF-8'?>
<TEI xmlns="http://www.tei-c.org/ns/1.0">
  <teiHeader>
    <fileDesc>
      <sourceDesc>
        <listPerson>
          <person xmlns:tei="http://www.tei-c.org/ns/1.0" sex="1" role="poet" xml:id="Ausooo001">
            <tei:persName xml:lang="en">
              <tei:forename sort="2">Decimius</tei:forename>
              <tei:forename sort="3">Magnus</tei:forename>
              <tei:surname sort="1">Ausoniys</tei:surname>
            </tei:persName>
            <tei:birth when="-0310">
              310 BC
              <tei:placeName/>
            </tei:birth>
            <tei:death when="-0395">
              395 BC
              <tei:placeName/>
            </tei:death>
            <tei:residence xml:lang="is">
              <tei:placeName>
                <tei:settlement type="city">Bordeux</tei:settlement>
                <tei:country key="FR">Frakklandi</tei:country>
              </tei:placeName>
            </tei:residence>
            <tei:occupation xml:lang="en">Poet</tei:occupation>
            <tei:occupation xml:lang="en">Teacher of rhetoric</tei:occupation>
            <tei:occupation xml:lang="is">Skáld</tei:occupation>
            <tei:occupation xml:lang="is">Mælskufræðingur</tei:occupation>
          </person>
        </listPerson>
      </sourceDesc>
    </fileDesc>
  </teiHeader>
</TEI>
