<?xml version='1.0' encoding='UTF-8'?>
<TEI xmlns="http://www.tei-c.org/ns/1.0">
  <teiHeader>
    <fileDesc>
      <sourceDesc>
        <listPerson>
          <person xmlns:tei="http://www.tei-c.org/ns/1.0" sex="1" role="donor recipient" xml:id="AxeTho001">
            <tei:persName xml:lang="is">
              <tei:forename sort="1">Axel</tei:forename>
              <tei:forename sort="2">Steingrímsson</tei:forename>
              <tei:surname sort="3">Thorsteinsson</tei:surname>
            </tei:persName>
            <tei:birth when="1895-03-05">5. mars 1895</tei:birth>
            <tei:death when="1984-12-03">3. desember 1984</tei:death>
            <tei:residence xml:lang="is">
              <tei:placeName>
                <tei:settlement type="city" key="Reykj01">Reykjavík</tei:settlement>
                <tei:region type="county" key="#Gullbr01">Gullbringusýsla</tei:region>
                <tei:country key="IS">Ísland</tei:country>
              </tei:placeName>
            </tei:residence>
            <tei:occupation xml:lang="is">Kennari</tei:occupation>
            <tei:occupation xml:lang="is">Blaðamaður</tei:occupation>
            <tei:occupation xml:lang="is">Rithöfundur</tei:occupation>
            <tei:occupation xml:lang="is">Hermaður í fyrri heimsstyrjöldinni</tei:occupation>
          </person>
        </listPerson>
      </sourceDesc>
    </fileDesc>
  </teiHeader>
</TEI>
