<?xml version='1.0' encoding='UTF-8'?>
<TEI xmlns="http://www.tei-c.org/ns/1.0">
  <teiHeader>
    <fileDesc>
      <sourceDesc>
        <listPerson>
          <person xmlns:tei="http://www.tei-c.org/ns/1.0" sex="1" role="marginal" xml:id="BalBal001">
            <tei:persName xml:lang="is">
              <tei:forename sort="1">Baldvin</tei:forename>
              <tei:forename sort="2">Lárus</tei:forename>
              <tei:surname sort="3">Baldvinsson</tei:surname>
            </tei:persName>
            <tei:birth cert="high" when="1856-10-26"/>
            <tei:death cert="high" when="1936-12-07"/>
            <tei:residence xml:lang="is">
              <tei:settlement type="city" key="WinMan01">Winnipeg</tei:settlement>
              <tei:country key="ka">Kanada</tei:country>
            </tei:residence>
            <tei:occupation xml:lang="is">Ritstjóri</tei:occupation>
            <tei:bibl>
              <tei:ref target="IsAev">Íslenskar ævisögur</tei:ref>
              <tei:biblScope type="volume">I</tei:biblScope>
              <tei:biblScope type="pages">110-111</tei:biblScope>
            </tei:bibl>
          </person>
        </listPerson>
      </sourceDesc>
    </fileDesc>
  </teiHeader>
</TEI>
