<?xml version='1.0' encoding='UTF-8'?>
<TEI xmlns="http://www.tei-c.org/ns/1.0">
  <teiHeader>
    <fileDesc>
      <sourceDesc>
        <listPerson>
          <person xmlns:tei="http://www.tei-c.org/ns/1.0" sex="1" role="marginal" xml:id="BalBar001">
            <tei:persName xml:lang="is">
              <tei:forename sort="1">Baldvin</tei:forename>
              <tei:surname sort="2">Bergvinsson</tei:surname>
              <tei:surname sort="3">Bárðdal</tei:surname>
            </tei:persName>
            <tei:birth cert="high" when="1859-07-27"/>
            <tei:death cert="high" when="1937-11-14"/>
            <tei:residence xml:lang="is">
              <tei:placeName>
                <tei:settlement type="town">Sauðárkrókur</tei:settlement>
                <tei:region type="county" key="Skagaf01">Skagafjarðarsýsla</tei:region>
                <tei:country key="IS">Ísland</tei:country>
              </tei:placeName>
            </tei:residence>
            <tei:residence xml:lang="is">
              <tei:placeName>
                <tei:settlement type="farm" key="GrjHál01">Grjótárgerði</tei:settlement>
                <tei:region type="parish" key="#Hálshr01">Hálshreppur</tei:region>
                <tei:region type="compass" xml:lang="is">Norðurland</tei:region>
                <tei:region type="county" key="SuðÞin01">Suður-Þingeyjarsýsla</tei:region>
                <tei:country key="IS">Ísland</tei:country>
              </tei:placeName>
            </tei:residence>
            <tei:residence xml:lang="is">
              <tei:placeName>
                <tei:settlement type="farm" key="ÚlfAkr01">Úlfsstaðir</tei:settlement>
                <tei:region type="parish" key="#Akrahr01">Akrahreppur</tei:region>
                <tei:region type="county" key="Skagaf01">Skagafjarðarsýsla</tei:region>
                <tei:country key="IS">Ísland</tei:country>
              </tei:placeName>
            </tei:residence>
            <tei:occupation xml:lang="is">Kennari</tei:occupation>
          </person>
        </listPerson>
      </sourceDesc>
    </fileDesc>
  </teiHeader>
</TEI>
