<?xml version='1.0' encoding='UTF-8'?>
<TEI xmlns="http://www.tei-c.org/ns/1.0">
  <teiHeader>
    <fileDesc>
      <sourceDesc>
        <listPerson>
          <person xmlns:tei="http://www.tei-c.org/ns/1.0" sex="1" role="scribe donor translator" xml:id="BalIng001">
            <tei:persName xml:lang="is">
              <tei:forename sort="1">Baldur</tei:forename>
              <tei:surname sort="2">Ingólfsson</tei:surname>
            </tei:persName>
            <tei:birth cert="medium" when="1920-05-06"/>
            <tei:death cert="medium" when="2012-01-05"/>
            <tei:residence xml:lang="is">
              <tei:placeName>
                <tei:settlement type="city" key="Reykj01">Reykjavík</tei:settlement>
                <tei:region type="county" key="#Gullbr01">Gullbringusýsla</tei:region>
                <tei:country key="IS">Ísland</tei:country>
              </tei:placeName>
            </tei:residence>
            <tei:occupation xml:lang="is">Menntaskólakennari</tei:occupation>
            <tei:occupation xml:lang="is">Þýðandi</tei:occupation>
            <tei:occupation xml:lang="is">Námsbókahöfundur</tei:occupation>
          </person>
        </listPerson>
      </sourceDesc>
    </fileDesc>
  </teiHeader>
</TEI>
