<?xml version='1.0' encoding='UTF-8'?>
<TEI xmlns="http://www.tei-c.org/ns/1.0">
  <teiHeader>
    <fileDesc>
      <sourceDesc>
        <listPerson>
          <person xmlns:tei="http://www.tei-c.org/ns/1.0" sex="1" role="author" xml:id="BalJon002">
            <tei:persName xml:lang="is">
              <tei:forename sort="1">Baldvin</tei:forename>
              <tei:surname sort="2">Jónatansson</tei:surname>
              <tei:addName sort="2" type="epithet">; skáldi</tei:addName>
            </tei:persName>
            <tei:birth when="1860-09-30"/>
            <tei:death cert="high" when="1944-10-28"/>
            <tei:residence xml:lang="is">
              <tei:placeName>
                <tei:settlement type="farm" key="StaRey07">Stafnsholt</tei:settlement>
                <tei:region type="parish" key="#Reykdæ01">Reykdælahreppur</tei:region>
                <tei:region type="county" key="SuðÞin01">Suður-Þingeyjarsýsla</tei:region>
                <tei:country key="IS">Ísland</tei:country>
              </tei:placeName>
            </tei:residence>
            <tei:residence xml:lang="is">
              <tei:placeName>
                <tei:settlement type="farm" key="HolLjó01">Holtakot</tei:settlement>
                <tei:region type="parish" key="#Ljósav01">Ljósavatnshreppur</tei:region>
                <tei:region type="county" key="SuðÞin01">Suður-Þingeyjarsýsla</tei:region>
                <tei:country key="IS">Ísland</tei:country>
              </tei:placeName>
            </tei:residence>
            <tei:residence xml:lang="is">
              <tei:placeName>
                <tei:settlement type="farm" key="SyðLjó01">Syðri-Leikskálaá</tei:settlement>
                <tei:region type="parish" key="#Ljósav01">Ljósavatnshreppur</tei:region>
                <tei:region type="county" key="SuðÞin01">Suður-Þingeyjarsýsla</tei:region>
                <tei:country key="IS">Ísland</tei:country>
              </tei:placeName>
            </tei:residence>
            <tei:residence xml:lang="is">
              <tei:placeName>
                <tei:settlement type="farm" key="VíðRey03">Víðasel</tei:settlement>
                <tei:region type="parish" key="#Reykdæ01">Reykdælahreppur</tei:region>
                <tei:region type="county" key="SuðÞin01">Suður-Þingeyjarsýsla</tei:region>
                <tei:country key="IS">Ísland</tei:country>
              </tei:placeName>
            </tei:residence>
            <tei:residence xml:lang="is">
              <tei:placeName>
                <tei:settlement type="farm">Auðbrekka</tei:settlement>
                <tei:settlement type="village">Húsavík</tei:settlement>
                <tei:region type="county" key="SuðÞin01">Suður-Þingeyjarsýsla</tei:region>
                <tei:country key="IS">Ísland</tei:country>
              </tei:placeName>
            </tei:residence>
            <tei:occupation xml:lang="is">Bóndi</tei:occupation>
            <tei:occupation xml:lang="is">Vinnumaður</tei:occupation>
            <tei:occupation xml:lang="is">Húsmaður</tei:occupation>
            <tei:occupation xml:lang="is">Verkamaður</tei:occupation>
          </person>
        </listPerson>
      </sourceDesc>
    </fileDesc>
  </teiHeader>
</TEI>
