<?xml version='1.0' encoding='UTF-8'?>
<TEI xmlns="http://www.tei-c.org/ns/1.0">
  <teiHeader>
    <fileDesc>
      <sourceDesc>
        <listPerson>
          <person xmlns:tei="http://www.tei-c.org/ns/1.0" sex="1" role="poet" xml:id="BalJon001">
            <tei:persName xml:lang="is">
              <tei:forename sort="1">Baldvin</tei:forename>
              <tei:surname sort="2">Jónsson</tei:surname>
              <tei:addName sort="2" type="epithet">; skáldi</tei:addName>
            </tei:persName>
            <tei:birth when="1826"/>
            <tei:death cert="high" when="1886-01-06"/>
            <tei:residence xml:lang="is">
              <tei:placeName>
                <tei:settlement type="farm" key="GreAða01">Grenjaðarstaður</tei:settlement>
                <tei:region type="parish" key="#Aðaldæ01">Aðaldælahreppur</tei:region>
                <tei:region type="county" key="SuðÞin01">Suður-Þingeyjarsýsla</tei:region>
                <tei:country key="IS">Ísland</tei:country>
              </tei:placeName>
            </tei:residence>
            <tei:occupation xml:lang="en">Poet</tei:occupation>
            <tei:occupation xml:lang="da">Digter</tei:occupation>
            <tei:occupation xml:lang="is">Skáld</tei:occupation>
            <tei:bibl>
              <tei:ref target="IsAev">Íslenskar ævisögur</tei:ref>
              <tei:biblScope type="volume">I</tei:biblScope>
              <tei:biblScope type="pages">111-112</tei:biblScope>
            </tei:bibl>
          </person>
        </listPerson>
      </sourceDesc>
    </fileDesc>
  </teiHeader>
</TEI>
