<?xml version='1.0' encoding='UTF-8'?>
<TEI xmlns="http://www.tei-c.org/ns/1.0">
  <teiHeader>
    <fileDesc>
      <sourceDesc>
        <listPerson>
          <person xmlns:tei="http://www.tei-c.org/ns/1.0" sex="1" role="donor" xml:id="BalMol001">
            <tei:persName xml:lang="is">
              <tei:forename sort="1">Baldur</tei:forename>
              <tei:surname sort="2">Möller</tei:surname>
            </tei:persName>
            <tei:birth when="1914-08-19"/>
            <tei:death cert="high" when="1999-11-23"/>
            <tei:residence xml:lang="is">
              <tei:placeName>
                <tei:settlement type="city" key="Reykj01">Reykjavík</tei:settlement>
                <tei:region type="county" key="#Gullbr01">Gullbringusýsla</tei:region>
                <tei:country key="IS">Ísland</tei:country>
              </tei:placeName>
            </tei:residence>
            <tei:occupation xml:lang="is">Lögfræðingur</tei:occupation>
            <tei:occupation xml:lang="is">Ráðuneytisstjóri</tei:occupation>
          </person>
        </listPerson>
      </sourceDesc>
    </fileDesc>
  </teiHeader>
</TEI>
