<?xml version='1.0' encoding='UTF-8'?>
<TEI xmlns="http://www.tei-c.org/ns/1.0">
  <teiHeader>
    <fileDesc>
      <sourceDesc>
        <listPerson>
          <person xmlns:tei="http://www.tei-c.org/ns/1.0" sex="1" role="author" xml:id="BalMei001">
            <tei:persName xml:lang="is">
              <tei:forename sort="2">Balthasar</tei:forename>
              <tei:surname sort="1">Meisner</tei:surname>
            </tei:persName>
            <tei:birth cert="high" when="1587"/>
            <tei:death cert="high" when="1626"/>
            <tei:residence xml:lang="de">
              <tei:placeName>
                <tei:settlement type="city" key="Wittenberg01">Wittenberg</tei:settlement>
                <tei:country key="DE"/>
              </tei:placeName>
            </tei:residence>
            <tei:occupation xml:lang="en">Theologist</tei:occupation>
            <tei:occupation xml:lang="de">Theologe</tei:occupation>
            <tei:occupation xml:lang="is">Guðfræðingur</tei:occupation>
          </person>
        </listPerson>
      </sourceDesc>
    </fileDesc>
  </teiHeader>
</TEI>
