<?xml version='1.0' encoding='UTF-8'?>
<TEI xmlns="http://www.tei-c.org/ns/1.0">
  <teiHeader>
    <fileDesc>
      <sourceDesc>
        <listPerson>
          <person xmlns:tei="http://www.tei-c.org/ns/1.0" sex="1" role="donor" xml:id="BalSte002">
            <tei:persName xml:lang="is">
              <tei:forename sort="1">Baldur</tei:forename>
              <tei:forename sort="2">Magnús</tei:forename>
              <tei:surname sort="3">Stefánsson</tei:surname>
            </tei:persName>
            <tei:birth when="1928-11-13"/>
          </person>
        </listPerson>
      </sourceDesc>
    </fileDesc>
  </teiHeader>
</TEI>
