<?xml version='1.0' encoding='UTF-8'?>
<TEI xmlns="http://www.tei-c.org/ns/1.0">
  <teiHeader>
    <fileDesc>
      <sourceDesc>
        <listPerson>
          <person xmlns:tei="http://www.tei-c.org/ns/1.0" sex="1" role="owner" xml:id="BalSve001">
            <tei:persName xml:lang="is">
              <tei:forename sort="1">Baldur</tei:forename>
              <tei:surname sort="2">Sveinsson</tei:surname>
            </tei:persName>
            <tei:birth when="1883-07-30">30. júlí 1883</tei:birth>
            <tei:death when="1932-01-11">11. janúar 1932</tei:death>
            <tei:occupation xml:lang="is">Blaðamaður</tei:occupation>
            <tei:residence xml:lang="is">
              <tei:placeName>
                <tei:settlement type="city" key="Reykj01">Reykjavík</tei:settlement>
                <tei:region type="county" key="#Gullbr01">Gullbringusýsla</tei:region>
                <tei:country key="IS">Ísland</tei:country>
              </tei:placeName>
            </tei:residence>
          </person>
        </listPerson>
      </sourceDesc>
    </fileDesc>
  </teiHeader>
</TEI>
