<?xml version='1.0' encoding='UTF-8'?>
<TEI xmlns="http://www.tei-c.org/ns/1.0">
  <teiHeader>
    <fileDesc>
      <sourceDesc>
        <listPerson>
          <person xmlns:tei="http://www.tei-c.org/ns/1.0" sex="1" role="marginal owner donor correspondent scribe" xml:id="BalSte001">
            <tei:persName xml:lang="is">
              <tei:forename sort="1">Baldvin</tei:forename>
              <tei:forename sort="2">Magnús</tei:forename>
              <tei:surname sort="3">Stefánsson</tei:surname>
            </tei:persName>
            <tei:birth cert="high" when="1840-08-08"/>
            <tei:death cert="high" when="1888-04-14"/>
            <tei:residence xml:lang="is">
              <tei:placeName>
                <tei:settlement type="town" key="Akurey01">Akureyri</tei:settlement>
                <tei:region type="county" key="Eyjafj02">Eyjafjarðarsýsla</tei:region>
                <tei:country key="IS">Ísland</tei:country>
              </tei:placeName>
            </tei:residence>
            <tei:residence xml:lang="is">
              <tei:placeName>
                <tei:settlement type="town" key="Seyðis01">Seyðisfjörður</tei:settlement>
                <tei:region type="county" key="SuðMúl01">Suður-Múlasýsla</tei:region>
                <tei:country key="IS">Ísland</tei:country>
              </tei:placeName>
            </tei:residence>
            <tei:occupation xml:lang="en">Typographer</tei:occupation>
            <tei:occupation xml:lang="da">Trykker</tei:occupation>
            <tei:occupation xml:lang="is">Prentari</tei:occupation>
          </person>
        </listPerson>
      </sourceDesc>
    </fileDesc>
  </teiHeader>
</TEI>
