<?xml version='1.0' encoding='UTF-8'?>
<TEI xmlns="http://www.tei-c.org/ns/1.0">
  <teiHeader>
    <fileDesc>
      <sourceDesc>
        <listPerson>
          <person xmlns:tei="http://www.tei-c.org/ns/1.0" sex="1" role="correspondent" xml:id="BalTho001">
            <tei:persName xml:lang="is">
              <tei:forename sort="1">Baldvin</tei:forename>
              <tei:surname sort="2">Þorsteinsson</tei:surname>
            </tei:persName>
            <tei:birth when="1781-06-20">20. júní 1781</tei:birth>
            <tei:death when="1858-12-28">28. desember 1858</tei:death>
            <tei:occupation xml:lang="is">Prestur</tei:occupation>
            <tei:residence xml:lang="is">
              <tei:placeName xml:lang="is">
                <tei:settlement type="farm" key="UpsSva01">Upsir</tei:settlement>
                <tei:region type="parish" key="Svarfa01">Svarfaðardalshreppur</tei:region>
                <tei:region type="county" key="#Eyjafj02">Eyjafjarðarsýsla</tei:region>
                <tei:country key="IS">Ísland</tei:country>
              </tei:placeName>
            </tei:residence>
          </person>
        </listPerson>
      </sourceDesc>
    </fileDesc>
  </teiHeader>
</TEI>
