<?xml version='1.0' encoding='UTF-8'?>
<TEI xmlns="http://www.tei-c.org/ns/1.0">
  <teiHeader>
    <fileDesc>
      <sourceDesc>
        <listPerson>
          <person xmlns:tei="http://www.tei-c.org/ns/1.0" sex="2" role="owner donor" xml:id="BarAsm001">
            <tei:persName xml:lang="is">
              <tei:forename sort="1">Bára</tei:forename>
              <tei:surname sort="2">Ásmundsdóttir</tei:surname>
            </tei:persName>
            <tei:birth when="1951-01-19">19. janúar 1951</tei:birth>
          </person>
        </listPerson>
      </sourceDesc>
    </fileDesc>
  </teiHeader>
</TEI>
