<?xml version='1.0' encoding='UTF-8'?>
<TEI xmlns="http://www.tei-c.org/ns/1.0">
  <teiHeader>
    <fileDesc>
      <sourceDesc>
        <listPerson>
          <person xmlns:tei="http://www.tei-c.org/ns/1.0" sex="1" role="author" xml:id="BarBar001">
            <tei:persName xml:lang="es">
              <tei:forename sort="2">Bartolomé</tei:forename>
              <tei:surname sort="1">Barrientos</tei:surname>
            </tei:persName>
            <tei:birth cert="medium" when="1520">1520</tei:birth>
            <tei:death when="1580">1580</tei:death>
          </person>
        </listPerson>
      </sourceDesc>
    </fileDesc>
  </teiHeader>
</TEI>
