<?xml version='1.0' encoding='UTF-8'?>
<TEI xmlns="http://www.tei-c.org/ns/1.0">
  <teiHeader>
    <fileDesc>
      <sourceDesc>
        <listPerson>
          <person xmlns:tei="http://www.tei-c.org/ns/1.0" sex="1" role="owner" xml:id="BarFra001">
            <tei:persName xml:lang="da">
              <tei:forename sort="2">Francois</tei:forename>
              <tei:forename sort="3">Edmond</tei:forename>
              <tei:forename sort="3">Eugéne</tei:forename>
              <tei:surname sort="1">Barlatier de Mas</tei:surname>
            </tei:persName>
            <tei:birth when="1810-11-22"/>
            <tei:death when="1888-12-31"/>
            <tei:residence xml:lang="is">
              <tei:placeName>
                <tei:settlement type="city">París</tei:settlement>
                <tei:country key="FR">Frakklandi</tei:country>
              </tei:placeName>
            </tei:residence>
            <tei:occupation xml:lang="is">Flotaforingi</tei:occupation>
          </person>
        </listPerson>
      </sourceDesc>
    </fileDesc>
  </teiHeader>
</TEI>
