<?xml version='1.0' encoding='UTF-8'?>
<TEI xmlns="http://www.tei-c.org/ns/1.0">
  <teiHeader>
    <fileDesc>
      <sourceDesc>
        <listPerson>
          <person xmlns:tei="http://www.tei-c.org/ns/1.0" sex="1" role="author" xml:id="BarGis001">
            <tei:persName xml:lang="is">
              <tei:forename sort="1">Bárður</tei:forename>
              <tei:surname sort="2">Gíslason</tei:surname>
            </tei:persName>
            <tei:birth when="1600">1600</tei:birth>
            <tei:death when="1670">1670</tei:death>
            <tei:residence xml:lang="is">
              <tei:placeName>
                <tei:settlement type="farm" key="VatFlj01">Vatnsdalur</tei:settlement>
                <tei:region type="parish" key="Fljóts01">Fljótshlíðarhreppur</tei:region>
                <tei:region type="county" key="Rangár01">Rangárvallasýsla</tei:region>
                <tei:country key="IS">Ísland</tei:country>
              </tei:placeName>
            </tei:residence>
            <tei:occupation xml:lang="is">Lögréttumaður</tei:occupation>
            <tei:occupation xml:lang="is">Lögsagnari</tei:occupation>
            <tei:bibl>
              <tei:ref target="IsAev">Íslenzkar æviskrár</tei:ref>
              <tei:biblScope type="volume">I</tei:biblScope>
              <tei:biblScope type="pages">114</tei:biblScope>
            </tei:bibl>
            <tei:bibl>
              <tei:ref target="Lrmt">Lögréttumannatal</tei:ref>
              <tei:biblScope type="pages">37-38</tei:biblScope>
            </tei:bibl>
          </person>
        </listPerson>
      </sourceDesc>
    </fileDesc>
  </teiHeader>
</TEI>
