<?xml version='1.0' encoding='UTF-8'?>
<TEI xmlns="http://www.tei-c.org/ns/1.0">
  <teiHeader>
    <fileDesc>
      <sourceDesc>
        <listPerson>
          <person xmlns:tei="http://www.tei-c.org/ns/1.0" sex="1" role="owner marginal" xml:id="BarHag001">
            <tei:persName xml:lang="da">
              <tei:forename sort="2">Bartholomæus</tei:forename>
              <tei:surname sort="1">Hagensen</tei:surname>
            </tei:persName>
            <tei:residence xml:lang="en">
              <tei:placeName>
                <tei:settlement type="city">Copenhagen</tei:settlement>
                <tei:country key="DK">Denmark</tei:country>
              </tei:placeName>
            </tei:residence>
            <tei:residence xml:lang="da">
              <tei:placeName>
                <tei:settlement type="city">København</tei:settlement>
                <tei:country key="DK">Danmark</tei:country>
              </tei:placeName>
            </tei:residence>
            <tei:occupation xml:lang="en">
              Royal
              <tei:foreign xml:lang="da">proviantskriver</tei:foreign>
            </tei:occupation>
            <tei:occupation xml:lang="da">Kongelig proviantskriver.</tei:occupation>
            <tei:bibl>
              <tei:ref target="KjobDipl">Kjøbenhavns Diplomatarium</tei:ref>
              <tei:biblScope type="volume">III</tei:biblScope>
              <tei:biblScope type="pages">50</tei:biblScope>
            </tei:bibl>
            <tei:bibl>
              <tei:ref target="KjobDipl">Kjøbenhavns Diplomatarium</tei:ref>
              <tei:biblScope type="volume">V</tei:biblScope>
              <tei:biblScope type="pages">151-152</tei:biblScope>
            </tei:bibl>
          </person>
        </listPerson>
      </sourceDesc>
    </fileDesc>
  </teiHeader>
</TEI>
