<?xml version='1.0' encoding='UTF-8'?>
<TEI xmlns="http://www.tei-c.org/ns/1.0">
  <teiHeader>
    <fileDesc>
      <sourceDesc>
        <listPerson>
          <person xmlns:tei="http://www.tei-c.org/ns/1.0" sex="1" role="marginal" xml:id="BarJon002">
            <tei:persName xml:lang="is">
              <tei:forename sort="1">Bárður</tei:forename>
              <tei:forename sort="2">Helgi</tei:forename>
              <tei:surname sort="2">Jóhannsson</tei:surname>
            </tei:persName>
            <tei:birth when="1872-08-16">16. ágúst 1872</tei:birth>
            <tei:death when="1891-02-09">9. febrúar 1891</tei:death>
            <tei:residence xml:lang="is">
              <tei:placeName xml:lang="is">
                <tei:settlement type="farm" key="SyðKir03">Syðri-Kárastaðir</tei:settlement>
                <tei:region type="parish" key="#Kirkju01">Kirkjuhvammshreppur</tei:region>
                <tei:region type="county" key="#VesHún01">Vestur-Húnavatnssýsla</tei:region>
                <tei:country key="IS">Ísland</tei:country>
              </tei:placeName>
            </tei:residence>
          </person>
        </listPerson>
      </sourceDesc>
    </fileDesc>
  </teiHeader>
</TEI>
