<?xml version='1.0' encoding='UTF-8'?>
<TEI xmlns="http://www.tei-c.org/ns/1.0">
  <teiHeader>
    <fileDesc>
      <sourceDesc>
        <listPerson>
          <person xmlns:tei="http://www.tei-c.org/ns/1.0" sex="1" role="owner author scribe" xml:id="BarSig001">
            <tei:persName xml:lang="is">
              <tei:forename sort="1">Bárður</tei:forename>
              <tei:surname sort="2">Sigurðsson</tei:surname>
            </tei:persName>
            <tei:birth when="1872-05-28"/>
            <tei:death when="1937-02-21"/>
            <tei:residence xml:lang="is">
              <tei:placeName>
                <tei:settlement type="farm" key="HöfGrý03">Höfði</tei:settlement>
                <tei:region type="parish" key="#Grýtub01">Grýtubakkahreppur</tei:region>
                <tei:region type="county" key="SuðÞin01">Suður-Þingeyjarsýsla</tei:region>
                <tei:country key="IS">Ísland</tei:country>
              </tei:placeName>
            </tei:residence>
            <tei:residence xml:lang="is">
              <tei:placeName>
                <tei:settlement type="farm" key="KroSey01">Ytra-Krossanes</tei:settlement>
                <tei:region type="compass" xml:lang="is">Norðurland</tei:region>
                <tei:region type="county" key="Eyjafj02">Eyjafjarðasýsla</tei:region>
                <tei:country key="IS">Ísland</tei:country>
              </tei:placeName>
            </tei:residence>
            <tei:occupation xml:lang="is">Smiður</tei:occupation>
            <tei:occupation xml:lang="is">Bóndi</tei:occupation>
          </person>
        </listPerson>
      </sourceDesc>
    </fileDesc>
  </teiHeader>
</TEI>
