<?xml version='1.0' encoding='UTF-8'?>
<TEI xmlns="http://www.tei-c.org/ns/1.0">
  <teiHeader>
    <fileDesc>
      <sourceDesc>
        <listPerson>
          <person xmlns:tei="http://www.tei-c.org/ns/1.0" sex="1" role="author" xml:id="BarTom001">
            <tei:persName xml:lang="is">
              <tei:forename sort="1">Bárður</tei:forename>
              <tei:forename sort="2">Guðmundur</tei:forename>
              <tei:surname sort="3">Tómasson</tei:surname>
            </tei:persName>
            <tei:birth when="1885-03-13"/>
            <tei:death when="1961-07-10"/>
            <tei:residence xml:lang="is">
              <tei:placeName>
                <tei:settlement type="town" key="Ísafjö01">Ísafjörður</tei:settlement>
                <tei:region type="county" key="NorÍsa01">Norður-Ísafjarðarsýsla</tei:region>
                <tei:country key="IS">Ísland</tei:country>
              </tei:placeName>
            </tei:residence>
            <tei:occupation xml:lang="is">Skipasmiður</tei:occupation>
          </person>
        </listPerson>
      </sourceDesc>
    </fileDesc>
  </teiHeader>
</TEI>
