<?xml version='1.0' encoding='UTF-8'?>
<TEI xmlns="http://www.tei-c.org/ns/1.0">
  <teiHeader>
    <fileDesc>
      <sourceDesc>
        <listPerson>
          <person xmlns:tei="http://www.tei-c.org/ns/1.0" sex="1" role="recipient" xml:id="BatHen001">
            <tei:persName xml:lang="la">
              <tei:forename sort="2">Henry</tei:forename>
              <tei:surname sort="1">Bathurst</tei:surname>
            </tei:persName>
            <tei:birth when="1762-05-22"/>
            <tei:death when="1834-07-27"/>
            <tei:occupation xml:lang="is">Stjórnmálamaður</tei:occupation>
          </person>
        </listPerson>
      </sourceDesc>
    </fileDesc>
  </teiHeader>
</TEI>
