<?xml version='1.0' encoding='UTF-8'?>
<TEI xmlns="http://www.tei-c.org/ns/1.0">
  <teiHeader>
    <fileDesc>
      <sourceDesc>
        <listPerson>
          <person xmlns:tei="http://www.tei-c.org/ns/1.0" sex="1" role="author donor" xml:id="BecRic001">
            <tei:persName xml:lang="en">
              <tei:forename sort="2">Richard</tei:forename>
              <tei:surname sort="1">Beck</tei:surname>
            </tei:persName>
            <tei:birth when="1897-06-09">9. júní 1897</tei:birth>
            <tei:occupation xml:lang="is">Prófessor</tei:occupation>
          </person>
        </listPerson>
      </sourceDesc>
    </fileDesc>
  </teiHeader>
</TEI>
