<?xml version='1.0' encoding='UTF-8'?>
<TEI xmlns="http://www.tei-c.org/ns/1.0">
  <teiHeader>
    <fileDesc>
      <sourceDesc>
        <listPerson>
          <person xmlns:tei="http://www.tei-c.org/ns/1.0" sex="2" role="cataloguer" xml:id="BeeSte001">
            <tei:persName xml:lang="de">
              <tei:forename sort="2">Beeke</tei:forename>
              <tei:surname sort="1">Stegmann</tei:surname>
            </tei:persName>
            <tei:occupation xml:lang="en">Scholar</tei:occupation>
            <tei:residence>
              <tei:placeName>
                <tei:date from="2019"/>
                <tei:settlement type="city" key="Reykj01">Reykjavík</tei:settlement>
                <tei:region type="county" key="#Gullbr01">Gullbringusýsla</tei:region>
                <tei:region type="compass" xml:lang="en">Southern</tei:region>
                <tei:country key="IS">Ísland</tei:country>
              </tei:placeName>
              <tei:placeName>
                <tei:date from="2012" to="2019"/>
                <tei:settlement type="city" key="Copen01">Copenhagen</tei:settlement>
                <tei:country key="DK">Denmark</tei:country>
              </tei:placeName>
            </tei:residence>
          </person>
        </listPerson>
      </sourceDesc>
    </fileDesc>
  </teiHeader>
</TEI>
