<?xml version='1.0' encoding='UTF-8'?>
<TEI xmlns="http://www.tei-c.org/ns/1.0">
  <teiHeader>
    <fileDesc>
      <sourceDesc>
        <listPerson>
          <person xmlns:tei="http://www.tei-c.org/ns/1.0" sex="1" role="marginal poet" xml:id="BenArn002">
            <tei:persName xml:lang="is">
              <tei:forename sort="1">Benedikt</tei:forename>
              <tei:surname sort="2">Árnason</tei:surname>
            </tei:persName>
            <tei:birth when="1738"/>
            <tei:death when="1825-08-17"/>
            <tei:residence xml:lang="is">
              <tei:date from="1767" to="1769">1767-1769</tei:date>
              <tei:placeName>
                <tei:settlement type="farm" key="FelFel02">Fell</tei:settlement>
                <tei:region type="parish" key="#Fellsh01">Fellshreppur</tei:region>
                <tei:region type="county" key="#Skagaf01">Skagafjarðarsýsla</tei:region>
                <tei:country key="IS">Ísland</tei:country>
              </tei:placeName>
            </tei:residence>
            <tei:residence xml:lang="is">
              <tei:date from="1772" to="1782">1772-1782</tei:date>
              <tei:placeName>
                <tei:settlement type="farm" key="BlöBól01">Blöndudalshólar</tei:settlement>
                <tei:region type="parish" key="#Bólsta01">Bólstaðarhlíðarhreppur</tei:region>
                <tei:region type="county" key="#AusHún01">Austur-Húnavatnssýsla</tei:region>
                <tei:country key="IS">Ísland</tei:country>
              </tei:placeName>
            </tei:residence>
            <tei:residence xml:lang="is">
              <tei:date from="1784" to="1796">1784-1796</tei:date>
              <tei:placeName>
                <tei:settlement type="farm" key="HofSka01">Hof</tei:settlement>
                <tei:region type="parish" key="#Skagah01">Skagahreppur</tei:region>
                <tei:region type="county" key="#AusHún01">Austur-Húnavatnssýsla</tei:region>
                <tei:country key="IS">Ísland</tei:country>
              </tei:placeName>
            </tei:residence>
            <tei:residence xml:lang="is">
              <tei:date from="1796" to="1804">1794-1804</tei:date>
              <tei:placeName>
                <tei:settlement type="farm" key="KveMið01">Kvennabrekka</tei:settlement>
                <tei:region type="parish" key="Miðdal01">Miðdalahreppur</tei:region>
                <tei:region type="county" key="#Dalas01">Dalasýsla</tei:region>
                <tei:country key="IS">Ísland</tei:country>
              </tei:placeName>
            </tei:residence>
            <tei:residence xml:lang="is">
              <tei:date from="1804" to="1825">1804-1825</tei:date>
              <tei:placeName>
                <tei:settlement type="farm" key="HjaLax01">Hjarðarholt</tei:settlement>
                <tei:region type="parish" key="#Laxárd01">Laxárdalshreppur</tei:region>
                <tei:region type="county" key="#Dalas01">Dalasýsla</tei:region>
                <tei:country key="IS">Ísland</tei:country>
              </tei:placeName>
            </tei:residence>
            <tei:occupation xml:lang="is">Prestur</tei:occupation>
            <tei:bibl>
              <tei:ref target="IsAev">Íslenzkar æviskrár</tei:ref>
              <tei:biblScope type="volume">I</tei:biblScope>
              <tei:biblScope type="pages">116</tei:biblScope>
            </tei:bibl>
          </person>
        </listPerson>
      </sourceDesc>
    </fileDesc>
  </teiHeader>
</TEI>
