<?xml version='1.0' encoding='UTF-8'?>
<TEI xmlns="http://www.tei-c.org/ns/1.0">
  <teiHeader>
    <fileDesc>
      <sourceDesc>
        <listPerson>
          <person xmlns:tei="http://www.tei-c.org/ns/1.0" sex="1" role="marginal scribe author" xml:id="BenArn001">
            <tei:persName xml:lang="is">
              <tei:forename sort="1">Benedikt</tei:forename>
              <tei:surname sort="2">Árnason</tei:surname>
            </tei:persName>
            <tei:birth when="1802-06-04">4. júní 1802</tei:birth>
            <tei:death when="1884-11-13">13. nóvember 1884</tei:death>
            <tei:residence xml:lang="is">
              <tei:placeName>
                <tei:settlement type="farm" key="GauSva01">Gautsstaðir</tei:settlement>
                <tei:region type="county" key="Svalba02">Svalbarðsstrandarhreppur</tei:region>
                <tei:region type="county" key="#SuðÞin01">Suður-Þingeyjarsýsla</tei:region>
                <tei:region type="compass" xml:lang="is">Norðurland</tei:region>
                <tei:country key="IS">Ísland</tei:country>
              </tei:placeName>
            </tei:residence>
            <tei:occupation xml:lang="is">Hreppstjóri</tei:occupation>
            <tei:occupation xml:lang="is">Bóndi</tei:occupation>
            <tei:bibl>
              <tei:ref target="IsAev">Íslenzkar æviskrár</tei:ref>
              <tei:biblScope type="volume">I</tei:biblScope>
              <tei:biblScope type="pages">116-117</tei:biblScope>
            </tei:bibl>
          </person>
        </listPerson>
      </sourceDesc>
    </fileDesc>
  </teiHeader>
</TEI>
