<?xml version='1.0' encoding='UTF-8'?>
<TEI xmlns="http://www.tei-c.org/ns/1.0">
  <teiHeader>
    <fileDesc>
      <sourceDesc>
        <listPerson>
          <person xmlns:tei="http://www.tei-c.org/ns/1.0" sex="1" role="scribe" xml:id="BenBja001">
            <tei:persName xml:lang="is">
              <tei:forename sort="1">Benjamín</tei:forename>
              <tei:surname sort="2">Bjarnason</tei:surname>
            </tei:persName>
            <tei:birth cert="medium" when="1782"/>
            <tei:death when="1840"/>
            <tei:residence xml:lang="is">
              <tei:placeName>
                <tei:settlement type="farm" key="BakKal02">Bakki</tei:settlement>
                <tei:region type="parish" key="#Kaldra01">Kaldrananeshreppur</tei:region>
                <tei:region type="county" key="#Strand01">Strandasýsla</tei:region>
                <tei:country key="IS">Ísland</tei:country>
              </tei:placeName>
            </tei:residence>
            <tei:occupation xml:lang="en">Poet</tei:occupation>
            <tei:occupation xml:lang="da">Digter</tei:occupation>
            <tei:occupation xml:lang="is">Skáld</tei:occupation>
            <tei:bibl>
              <tei:ref target="IsAev">Íslenzkar æviskrár</tei:ref>
              <tei:biblScope type="volume">I</tei:biblScope>
              <tei:biblScope type="pages">143</tei:biblScope>
            </tei:bibl>
          </person>
        </listPerson>
      </sourceDesc>
    </fileDesc>
  </teiHeader>
</TEI>
