<?xml version='1.0' encoding='UTF-8'?>
<TEI xmlns="http://www.tei-c.org/ns/1.0">
  <teiHeader>
    <fileDesc>
      <sourceDesc>
        <listPerson>
          <person xmlns:tei="http://www.tei-c.org/ns/1.0" sex="1" role="author scribe donor" xml:id="BenBen005">
            <tei:persName xml:lang="is">
              <tei:forename sort="1">Benedikt</tei:forename>
              <tei:forename sort="2">Gabríel</tei:forename>
              <tei:surname sort="3">Benediktsson</tei:surname>
            </tei:persName>
            <tei:birth when="1881-09-27">27. september 1881</tei:birth>
            <tei:death when="1944-09-09">9. september 1944</tei:death>
            <tei:occupation xml:lang="is">Ættfræðingur</tei:occupation>
            <tei:occupation xml:lang="is">Prentari</tei:occupation>
            <tei:occupation xml:lang="is">Skrautritari</tei:occupation>
          </person>
        </listPerson>
      </sourceDesc>
    </fileDesc>
  </teiHeader>
</TEI>
