<?xml version='1.0' encoding='UTF-8'?>
<TEI xmlns="http://www.tei-c.org/ns/1.0">
  <teiHeader>
    <fileDesc>
      <sourceDesc>
        <listPerson>
          <person xmlns:tei="http://www.tei-c.org/ns/1.0" sex="1" role="marginal" xml:id="BenBen006">
            <tei:persName xml:lang="is">
              <tei:forename sort="1">Benedikt</tei:forename>
              <tei:surname sort="3">Benediktsson</tei:surname>
            </tei:persName>
            <tei:birth when="1829-01-13">13. janúar 1829</tei:birth>
            <tei:death when="1871-01-10">10. janúar 1871</tei:death>
            <tei:residence xml:lang="is">
              <tei:placeName>
                <tei:settlement type="farm" key="GauSva01">Gautsstaðir</tei:settlement>
                <tei:region type="county" key="Svalba02">Svalbarðsstrandarhreppur</tei:region>
                <tei:region type="county" key="#SuðÞin01">Suður-Þingeyjarsýsla</tei:region>
                <tei:region type="compass" xml:lang="is">Norðurland</tei:region>
                <tei:country key="IS">Ísland</tei:country>
              </tei:placeName>
            </tei:residence>
            <tei:occupation xml:lang="is">Bóndi</tei:occupation>
          </person>
        </listPerson>
      </sourceDesc>
    </fileDesc>
  </teiHeader>
</TEI>
