<?xml version='1.0' encoding='UTF-8'?>
<TEI xmlns="http://www.tei-c.org/ns/1.0">
  <teiHeader>
    <fileDesc>
      <sourceDesc>
        <listPerson>
          <person xmlns:tei="http://www.tei-c.org/ns/1.0" sex="1" role="author donor recipient" xml:id="BenBen004">
            <tei:persName xml:lang="is">
              <tei:forename sort="1">Benedikt</tei:forename>
              <tei:forename sort="2">S.</tei:forename>
              <tei:surname sort="3">Benedikz</tei:surname>
            </tei:persName>
            <tei:birth when="1932-04-04">4. apríl 1932</tei:birth>
            <tei:death when="2009-03-25">25. mars 2009</tei:death>
            <tei:residence xml:lang="is">
              <tei:placeName>
                <tei:settlement type="city">Birmingham</tei:settlement>
                <tei:country key="GB">Bretland</tei:country>
              </tei:placeName>
            </tei:residence>
            <tei:residence xml:lang="is">
              <tei:placeName>
                <tei:settlement type="city">Durham</tei:settlement>
                <tei:country key="GB">Bretland</tei:country>
              </tei:placeName>
            </tei:residence>
            <tei:occupation>Bókavörður</tei:occupation>
          </person>
        </listPerson>
      </sourceDesc>
    </fileDesc>
  </teiHeader>
</TEI>
