<?xml version='1.0' encoding='UTF-8'?>
<TEI xmlns="http://www.tei-c.org/ns/1.0">
  <teiHeader>
    <fileDesc>
      <sourceDesc>
        <listPerson>
          <person xmlns:tei="http://www.tei-c.org/ns/1.0" sex="1" role="poet" xml:id="BenBen001">
            <tei:persName xml:lang="is">
              <tei:forename sort="1">Benedikt</tei:forename>
              <tei:surname sort="2">Benediktsson</tei:surname>
            </tei:persName>
            <tei:birth when="1800-07-10">10. júlí 1800</tei:birth>
            <tei:death when="1843-10-13">13. október 1843</tei:death>
            <tei:residence xml:lang="is">
              <tei:placeName>
                <tei:settlement type="farm" key="FjóHál01">Fjósatunga</tei:settlement>
                <tei:region type="parish" key="#Hálshr01">Hálshreppur</tei:region>
                <tei:region type="county" key="SuðÞin01">Suður-Þingeyjarsýsla</tei:region>
                <tei:country key="IS">Ísland</tei:country>
              </tei:placeName>
            </tei:residence>
            <tei:occupation xml:lang="en">Poet</tei:occupation>
            <tei:occupation xml:lang="da">Digter</tei:occupation>
            <tei:occupation xml:lang="is">Skáld</tei:occupation>
            <tei:bibl>
              <tei:ref target="IsAev">Íslenzkar æviskrár</tei:ref>
              <tei:biblScope type="volume">I</tei:biblScope>
              <tei:biblScope type="pages">118</tei:biblScope>
            </tei:bibl>
          </person>
        </listPerson>
      </sourceDesc>
    </fileDesc>
  </teiHeader>
</TEI>
