<?xml version='1.0' encoding='UTF-8'?>
<TEI xmlns="http://www.tei-c.org/ns/1.0">
  <teiHeader>
    <fileDesc>
      <sourceDesc>
        <listPerson>
          <person xmlns:tei="http://www.tei-c.org/ns/1.0" sex="1" role="poet owner" xml:id="BenEin003">
            <tei:persName xml:lang="is">
              <tei:forename sort="1">Benedikt</tei:forename>
              <tei:surname sort="2">Einarsson</tei:surname>
            </tei:persName>
            <tei:birth when="1796-09-25"/>
            <tei:death when="1859-12-26"/>
            <tei:residence xml:lang="is">
              <tei:placeName>
                <tei:settlement type="farm" key="HnaFre01">Hnausakot</tei:settlement>
                <tei:region type="parish" key="#FreTor01">Fremri-Torfustaðarhreppur</tei:region>
                <tei:region type="county" key="#VesHún01">Vestur-Húnavatnssýsla</tei:region>
                <tei:country key="IS">Ísland</tei:country>
              </tei:placeName>
            </tei:residence>
            <tei:occupation xml:lang="is">Trésmiður</tei:occupation>
            <tei:occupation xml:lang="da">Snedker</tei:occupation>
            <tei:occupation xml:lang="en">Carpenter</tei:occupation>
            <tei:occupation xml:lang="is">Smáskammtalæknir</tei:occupation>
            <tei:occupation xml:lang="is">Skáld</tei:occupation>
            <tei:bibl>
              <tei:ref target="IsAev">Íslenzkar æviskrár</tei:ref>
              <tei:biblScope type="volume">I</tei:biblScope>
              <tei:biblScope type="pages">122</tei:biblScope>
            </tei:bibl>
          </person>
        </listPerson>
      </sourceDesc>
    </fileDesc>
  </teiHeader>
</TEI>
