<?xml version='1.0' encoding='UTF-8'?>
<TEI xmlns="http://www.tei-c.org/ns/1.0">
  <teiHeader>
    <fileDesc>
      <sourceDesc>
        <listPerson>
          <person xmlns:tei="http://www.tei-c.org/ns/1.0" sex="1" role="poet" xml:id="BenEin005">
            <tei:persName xml:lang="is">
              <tei:forename sort="1">Benedikt</tei:forename>
              <tei:surname sort="2">Einarsson</tei:surname>
            </tei:persName>
            <tei:birth when="1852-08-18">18. ágúst 1852</tei:birth>
            <tei:death when="1928-07-08">8. júní 1928</tei:death>
            <tei:residence xml:lang="is">
              <tei:placeName xml:lang="is">
                <tei:settlement type="farm" key="HalÖxn01">Háls</tei:settlement>
                <tei:region type="parish" key="#Öxnada01"/>
                <tei:region type="county" key="#Eyjafj02"/>
                <tei:region type="geog" key="#Norðle01"/>
                <tei:country key="IS"/>
              </tei:placeName>
            </tei:residence>
            <tei:occupation xml:lang="is">Bóndi</tei:occupation>
            <tei:occupation xml:lang="is">Hreppstjóri</tei:occupation>
            <tei:occupation xml:lang="is">Dannebrogsmaður</tei:occupation>
          </person>
        </listPerson>
      </sourceDesc>
    </fileDesc>
  </teiHeader>
</TEI>
