<?xml version='1.0' encoding='UTF-8'?>
<TEI xmlns="http://www.tei-c.org/ns/1.0">
  <teiHeader>
    <fileDesc>
      <sourceDesc>
        <listPerson>
          <person xmlns:tei="http://www.tei-c.org/ns/1.0" sex="1" role="owner poet" xml:id="BenGri001">
            <tei:persName xml:lang="is">
              <tei:forename sort="1">Benedikt</tei:forename>
              <tei:surname sort="2">Grímsson</tei:surname>
            </tei:persName>
            <tei:birth cert="high" when="1759"/>
            <tei:death cert="high" when="1843-02-02"/>
            <tei:residence xml:lang="is">
              <tei:placeName xml:lang="is">
                <tei:settlement type="farm">Rangá 1</tei:settlement>
                <tei:region type="parish" key="#Hróars01"/>
                <tei:region type="county" key="#NorMúl01"/>
                <tei:region type="geog" key="#Austfi01"/>
                <tei:country key="IS"/>
              </tei:placeName>
            </tei:residence>
            <tei:occupation xml:lang="is">Bóndi</tei:occupation>
          </person>
        </listPerson>
      </sourceDesc>
    </fileDesc>
  </teiHeader>
</TEI>
