<?xml version='1.0' encoding='UTF-8'?>
<TEI xmlns="http://www.tei-c.org/ns/1.0">
  <teiHeader>
    <fileDesc>
      <sourceDesc>
        <listPerson>
          <person xmlns:tei="http://www.tei-c.org/ns/1.0" sex="1" role="owner poet scribe marginal author" xml:id="BenGro002">
            <tei:persName xml:lang="is">
              <tei:forename sort="1">Benedikt</tei:forename>
              <tei:surname sort="2">Jónsson</tei:surname>
              <tei:surname sort="3">Gröndal</tei:surname>
            </tei:persName>
            <tei:birth cert="high" when="1762-11-13"/>
            <tei:death cert="high" when="1825-07-30"/>
            <tei:residence xml:lang="is">
              <tei:placeName>
                <tei:settlement type="city" key="Reykj01">Reykjavík</tei:settlement>
                <tei:region type="county" key="#Gullbr01">Gullbringusýsla</tei:region>
                <tei:country key="IS">Ísland</tei:country>
              </tei:placeName>
            </tei:residence>
            <tei:occupation xml:lang="is">Yfirdómari</tei:occupation>
            <tei:occupation xml:lang="is">Skáld</tei:occupation>
            <tei:occupation xml:lang="da">Assessor</tei:occupation>
            <tei:bibl>
              <tei:ref target="IsAev">Íslenzkar æviskrár</tei:ref>
              <tei:biblScope type="volume">I</tei:biblScope>
              <tei:biblScope type="pages">123-124</tei:biblScope>
            </tei:bibl>
          </person>
        </listPerson>
      </sourceDesc>
    </fileDesc>
  </teiHeader>
</TEI>
