<?xml version='1.0' encoding='UTF-8'?>
<TEI xmlns="http://www.tei-c.org/ns/1.0">
  <teiHeader>
    <fileDesc>
      <sourceDesc>
        <listPerson>
          <person xmlns:tei="http://www.tei-c.org/ns/1.0" sex="1" role="donor" xml:id="BenGud003">
            <tei:persName xml:lang="is">
              <tei:forename sort="1">Benedikt</tei:forename>
              <tei:surname sort="2">Guðmundsson</tei:surname>
            </tei:persName>
            <tei:birth when="1905-11-30">30. nóvember 1905</tei:birth>
            <tei:death cert="high" when="1990-01-17">17. janúar 1990</tei:death>
            <tei:residence xml:lang="is">
              <tei:placeName xml:lang="is">
                <tei:settlement type="farm" key="StaYtr01">Staðarbakki</tei:settlement>
                <tei:region type="parish" key="#YtrTor01">Ytri-Torfustaðarhreppur</tei:region>
                <tei:region type="county" key="#VesHún01">Vestur-Húnavatnssýsla</tei:region>
                <tei:country key="IS">Ísland</tei:country>
              </tei:placeName>
            </tei:residence>
          </person>
        </listPerson>
      </sourceDesc>
    </fileDesc>
  </teiHeader>
</TEI>
