<?xml version='1.0' encoding='UTF-8'?>
<TEI xmlns="http://www.tei-c.org/ns/1.0">
  <teiHeader>
    <fileDesc>
      <sourceDesc>
        <listPerson>
          <person xmlns:tei="http://www.tei-c.org/ns/1.0" sex="1" role="owner marginal" xml:id="BenHel001">
            <tei:persName xml:lang="la">
              <tei:forename sort="2">Benedictus</tei:forename>
              <tei:surname sort="1">Heliæ filius</tei:surname>
            </tei:persName>
            <tei:persName xml:lang="da">
              <tei:forename sort="2">Benedikt</tei:forename>
              <tei:surname sort="1">Helgesen?</tei:surname>
            </tei:persName>
          </person>
        </listPerson>
      </sourceDesc>
    </fileDesc>
  </teiHeader>
</TEI>
