<?xml version='1.0' encoding='UTF-8'?>
<TEI xmlns="http://www.tei-c.org/ns/1.0">
  <teiHeader>
    <fileDesc>
      <sourceDesc>
        <listPerson>
          <person xmlns:tei="http://www.tei-c.org/ns/1.0" sex="1" role="owner" xml:id="BenHal001">
            <tei:persName xml:lang="is">
              <tei:forename sort="1">Benedikt</tei:forename>
              <tei:surname sort="2">Halldórsson</tei:surname>
            </tei:persName>
            <tei:birth xml:lang="en" when="1608">1608</tei:birth>
            <tei:birth xml:lang="da" when="1608">1608</tei:birth>
            <tei:death xml:lang="en" when="1688-10-29">29 October 1688</tei:death>
            <tei:death xml:lang="da" when="1688-10-29">29. oktober 1688</tei:death>
            <tei:residence xml:lang="is">
              <tei:placeName>
                <tei:settlement type="farm" key="StóSey01">Stóra-Seyla</tei:settlement>
                <tei:region type="parish" key="Seyluh01">Seyluhreppur</tei:region>
                <tei:region type="county" key="Skagaf01">Skagafjarðarsýsla</tei:region>
                <tei:country key="IS">Ísland</tei:country>
              </tei:placeName>
            </tei:residence>
            <tei:residence xml:lang="da">
              <tei:placeName>
                <tei:settlement type="farm">Seyla</tei:settlement>
                <tei:region type="county" key="Skagaf01">Skagafjarðarsýsla</tei:region>
                <tei:region type="compass">nordlige</tei:region>
                <tei:country key="IS">Island</tei:country>
              </tei:placeName>
            </tei:residence>
            <tei:occupation xml:lang="is">Sýslumaður</tei:occupation>
            <tei:occupation xml:lang="da">Sysselmand</tei:occupation>
            <tei:occupation xml:lang="en">District/county magistrate</tei:occupation>
            <tei:bibl>
              <tei:ref target="IsAev">Íslenzkar æviskrár</tei:ref>
              <tei:biblScope type="volume">I</tei:biblScope>
              <tei:biblScope type="pages">126</tei:biblScope>
            </tei:bibl>
          </person>
        </listPerson>
      </sourceDesc>
    </fileDesc>
  </teiHeader>
</TEI>
