<?xml version="1.0" encoding="UTF-8"?><?oxygen RNGSchema="http://www.handrit.is/schema/handrit-1.0.rnc" type="compact"?><TEI xmlns="http://www.tei-c.org/ns/1.0">
   <teiHeader>
      <fileDesc>
         <titleStmt>
            <title type="main">Acc. 4 e</title>
         </titleStmt>
         <publicationStmt>
            <authority>Den Arnamagnæanske Samling</authority>
            <pubPlace>København</pubPlace>
         </publicationStmt>
         <sourceDesc>
            <msDesc xml:id="Acc-0004-e-da" xml:lang="da">
               <msIdentifier>
                  <country>Danmark</country>
                  <settlement>København</settlement>
                  <repository>Den Arnamagnæanske Samling</repository>
                  <idno>Acc. 4 e</idno>
                  <altIdentifier type="internal" subtype="KKKat">
                     <idno>2826</idno>
                  </altIdentifier>
               </msIdentifier>
               <msContents>
                  <msItem n="1">
                     <title type="uniform">Gøtoskeggja Kvæði</title>
                     <note>70 + 43 strofer</note>
                  </msItem>
               </msContents>
               <history>
                  <acquisition>Gave fra Johanne Bichel, formidlet gennem Iver Kjær <date when="1986">1986</date>.</acquisition>
               </history>
               <additional>
                  <listBibl>
                     <bibl xml:id="JóaPat1979">
                        <title level="m">Føroysk kvæði: Um brøgd norðmanna ættarinnar úti og
                           heima</title>
                        <editor>Joánnes Patúrsson</editor>
                        <pubPlace key="TórFør01">Tórshavn</pubPlace>
                        <date when="1979">1979</date>
                        <biblScope type="pages">27-41</biblScope>
                     </bibl>
                  </listBibl>
               </additional>
            </msDesc>
         </sourceDesc>
      </fileDesc>
   </teiHeader>
   <facsimile>
      <surface/>
   </facsimile>
</TEI>
