<?oxygen RNGSchema="http://www.handrit.is/schema/handrit-1.0.rnc" type="compact"?>
<TEI xmlns="http://www.tei-c.org/ns/1.0">
    <teiHeader>
        <fileDesc>
            <titleStmt>
                <title type="main">Acc. 52</title>
            </titleStmt>
            <publicationStmt>
                <authority>Den Arnamagnæanske Samling</authority>
                <pubPlace>Copenhagen</pubPlace>
            </publicationStmt>
            <sourceDesc>
                <msDesc xml:id="Acc-0052-da" xml:lang="da">
                    <msIdentifier>
                        <country key="DA">Denmark</country>
                        <settlement>Copenhagen</settlement>
                        <repository>Den Arnamagnæanske Samling</repository>
                        <collection>Accessoria</collection>
                        <idno>Acc. 52</idno>
                    </msIdentifier>
                    <msContents>
                        <summary><title type="supplied">Frá Fornjóti og ættmönnum hans</title></summary>
                        <textLang mainLang="is" otherLangs="la"/>
                        <titlePage type="ms">
                            <docTitle><titlePart type="main">Fundin<ex>n</ex> Noregur (<locus from="2r" to="2r">2r</locus>)</titlePart></docTitle>
                        </titlePage>
                        <msItem n="1" class="fas">
                            <locus from="3r" to="14v">3r-14v (pp. 1-24)</locus>
                            <title type="uniform">Fundinn Noregr</title>
                            <title type="uniform">Frá Fornjóti og ættmönnum hans</title>
                            <rubric>Fundin Noregur</rubric>
                            <incipit>innehalldande umm Noregs byg<lb/>ging, ok hvorsu Kongaætter hofust <lb/> þar eþur i oþrum londum </incipit>
                            <msItem n="1.1">
                                <locus from="3r" to="6r">3r:9-6r:3 (pp. 1-7)</locus>
                                <title type="uniform">Fundinn Noregr</title>
                                <textLang mainLang="is"/>
                                <incipit>Forniotur hefur kongur heitid, hann <lb/> redi fyrer Jotlande</incipit>
                                <explicit>faudur Rögnvallds jalls hinns rika ok hin<ex>n</ex>s <lb/> radsvinna. Ragnvalldur geck til lands med Haraldi hinum Harfagra</explicit>
                            </msItem>
                            <msItem n="1.2">
                                <locus from="6r" to="7r">6r:4-7r:19 (pp. 7-9)</locus>
                                <textLang mainLang="la"/>
                                <title type="supplied">alia traditio paulo diversa a priore</title>
                                <rubric>alia traditio paulo diversa a priore</rubric>
                                <incipit>Virquidam nomine Forniotus, trium filiorum <lb/> pater</incipit>
                                <explicit>Ellidi a septen<lb/>trione navigantis latus spectantes</explicit>
                            </msItem>
                            <msItem n="1.3">
                                <locus from="7r" to="12r">7r:20-12r:16 (pp. 9-19)</locus>
                                <textLang mainLang="is"/>
                                <title type="supplied">Um Raum kong, Nors Son ok hans afkomendur</title>
                                <rubric>Um Raum kong, <lb/> Nors Son ok hans afkomendur</rubric>
                                <incipit>Raumur var son Nors kongs, hann <lb/> tok riki epter faudur sinn</incipit>
                                <explicit>mo<lb/>þur Harallds Harfagra, er fyrstur <lb/> var Einvalls kongur yfer Norvegi</explicit>
                            </msItem>
                            <msItem n="1.4">
                                <locus from="12r" to="13r">12r:17-13r:17 (pp. 19-21)</locus>
                                <textLang mainLang="la"/>
                                <title type="supplied">Progenies a Gore Noris fratre descendens</title>
                                <rubric>Progenies a Gore Noris <lb/> fratre descendens</rubric>
                                <incipit>Goris filli fuerunt Heitius, Beitius, <lb/> Meitir et Geitir</incipit>
                                <explicit>et sapientis cognomina vivus re<lb/>portavit</explicit>
                            </msItem>
                            <msItem n="1.5">
                                <locus from="13r" to="13v">13r:18-13v:17 (pp. 21-22)</locus>
                                <textLang mainLang="la"/>
                                <title type="supplied">Prosapia a Goe Thoris filia deducta</title>
                                <rubric>Prosapia a Goe Thoris filia deducta</rubric>
                                <incipit>Goes maritus erat Rolfus</incipit>
                                <explicit>cujus filius Ulfliotus primus in Islandia nomotheta.</explicit>
                            </msItem>
                            <msItem n="1.6">
                                <locus from="13v" to="14v">13v:18-14v:10 (pp. 22-24)</locus>
                                <textLang mainLang="is"/>
                                <title type="supplied">Enn ein Ættartala fra Bura afa Odins Afa kongs</title>
                                <rubric>Enn ein Ættartala fra Bura <lb/> afa Odins Afa kongs</rubric>
                                <incipit>Buri hefur kongur heitid er rede fyrer <lb/> Tyrklande</incipit>
                                <explicit>han<ex>n</ex>s <lb/> dotter Ragnhillþur, hennar sun Ha<lb/>ralldur enn Harfagri.</explicit>
                            </msItem>
                        </msItem>
                    </msContents>
                    <physDesc>
                        <objectDesc form="codex">
                            <supportDesc material="chart"/>
                            <layoutDesc>
                                <layout columns="1" writtenLines="16 22"/>
                            </layoutDesc>
                        </objectDesc>
                        <handDesc hands="1">
                            <handNote scribe="FreSch002" scope="sole" script="humcursiva"/>
                        </handDesc>
                        <decoDesc>
                            <decoNote/>
                        </decoDesc>  
                        <additions/>
                        <bindingDesc>
                            <binding contemporary="true">
                                <p/>
                            </binding>					
                        </bindingDesc> 
                        <accMat>
                        </accMat>
                    </physDesc>
                    <history>
                        <origin when="1817" cert="high" evidence="internal">
                            <origPlace key="DK"/><origDate when="1817"/>
                        </origin>
                        <provenance/>
                    </history>
                    <additional> 
                        <adminInfo>
                            <recordHist>
                                <source>
                                    <p>Den danske beskrivelse er under udarbejdelse.</p>
                                    <p>Nærværende håndskriftbeskrivelsen er lavet på basis af den engelske beskrivelse. 
                                        For yderligere oplysninger se den engelske beskrivelse: <ref type="url" target="https://handrit.is/manuscript/view/en/Acc-0052">https://handrit.is/manuscript/view/en/Acc-0052</ref>.</p>
                                </source>
                            </recordHist>
                        </adminInfo>
                    </additional>
                </msDesc>
            </sourceDesc>
        </fileDesc>
        <revisionDesc>
           
            <change>
                <date when="2018-10-25"/>
                <name type="person" key="KatKap001"/>
                Katalogisering
            </change>
        </revisionDesc>
    </teiHeader>
    <facsimile>
        <surface/>
    </facsimile>
</TEI>