<?xml version="1.0" encoding="UTF-8"?><?oxygen RNGSchema="http://www.handrit.is/schema/handrit-1.0.rnc" type="compact"?><TEI xmlns="http://www.tei-c.org/ns/1.0">
   <teiHeader>
      <fileDesc>
         <titleStmt>
            <title type="main">Acc. 21</title>
         </titleStmt>
         <publicationStmt>
            <authority>Den Arnamagnæanske Samling</authority>
            <pubPlace>København</pubPlace>
         </publicationStmt>
         <sourceDesc><msDesc xml:lang="da" xml:id="Acc-0021-da">
               <msIdentifier>
                  <country>Danmark</country>
                  <settlement>København</settlement>
                  <repository>Den Arnamagnæanske Samling</repository>
                  <idno>Acc. 21</idno>
                 
               </msIdentifier>
               <msContents>
                  <summary><title>Katalog af oldnordiske pergament fragmenter i det Norske Riksarkivet</title></summary>
                  <textLang mainLang="da"/>
                  <titlePage>
                     <docTitle>
                        <titlePart>Oldnorske og Oldislandske,<lb/> Olddanske, Oldsvenske etc. <lb/> Membran-Fragmenter <lb/> i <lb/> det Norske Rigsarkiv </titlePart>
                        <titlePart>afskrift <lb/> af <lb/> Dr. I. Undsets Katalog af 1881, med Tilföielser indtil 1902.</titlePart>
                     </docTitle>
                  </titlePage>
              </msContents>
               <physDesc>
                  <objectDesc form="codex">
                     <supportDesc material="chart">
                        <support>
                           <p>
                              <material>Papir</material>.</p>
                        </support>
                        <extent>28.</extent>
                     </supportDesc>
                  </objectDesc>
               </physDesc>
            <history>
               <origin>
                  <origDate  notBefore="1902" notAfter="1919" cert="high" evidence="conjecture" resp="KatKap001"/>
               </origin>
            </history>
            <additional>
               <adminInfo>
                  <recordHist>
                     <source>
                        <p>Den danske beskrivelse er under udarbejdelse.</p>
                        <p>Nærværende håndskriftbeskrivelsen er lavet på basis af den engelske beskrivelse. For yderligere
                           oplysninger se den engelske beskrivelse: <ref type="url" target="https://handrit.is/manuscript/view/en/Acc-0021">https://handrit.is/manuscript/view/en/Acc-0021</ref>.</p>
                     </source>
                  </recordHist>
               </adminInfo>
            </additional>
            </msDesc>
         </sourceDesc>
      </fileDesc>
      <revisionDesc>
         <change>
            <date when="2019-02-04"/>
            <name type="person" key="KatKap001"/>
            Katalogisering. 
         </change>
      </revisionDesc>
   </teiHeader>
   <facsimile>
      <surface/>
   </facsimile>
</TEI>