<?xml version="1.0" encoding="UTF-8"?>
<?oxygen RNGSchema="http://www.handrit.is/schema/handrit-1.0.rnc" type="compact"?>
<TEI xmlns="http://www.tei-c.org/ns/1.0">
    <teiHeader>
        <fileDesc>
            <titleStmt>
                <title>Handritaskrá Árnastofnunar</title>
            </titleStmt>
            <publicationStmt>
                <p>Tilraunaútgáfa</p>
            </publicationStmt>
            <sourceDesc>
                <msDesc xml:lang="is" xml:id="Acc-0005-is">
                    <msIdentifier>
                        <country key="IS">Ísland</country>
                        <settlement>Reykjavík</settlement>
                        <institution>Stofnun Árna Magnússonar í íslenskum fræðum</institution>
                        <repository>Handritasvið</repository>
                        <collection>Safn Árna Magnússonar</collection>
                        <idno>Acc. 5</idno>
                        <altIdentifier type="internal" subtype="KKKat">
                            <idno>2827</idno>
                        </altIdentifier>
                    </msIdentifier>
                    <msContents>
                        <summary><title type="supplied">Sögubók</title></summary>
                        <textLang mainLang="is">Íslenska</textLang>
                        <msItem n="1" class="isl" defective="false">
                           <locus from="1v" to="13v">1v-13v</locus>
                            <title type="uniform">Hrafnkels saga Freysgoða</title>
                            <rubric>Saga af Rafnkeli goða</rubric>
                        </msItem> 
                        <msItem n="2" class="isl" defective="false">
                            <locus from="14r" to="27r">14r-27r</locus>
                            <title type="uniform">Droplaugarsona saga</title>
                            <rubric>Saga af Helga og Grími Droplaugarsonum</rubric>
                        </msItem>
                        <msItem n="3" class="fas" defective="false">
                            <locus from="27v" to="51r">27v-51r</locus>
                            <title type="uniform">Hervarar saga og Heiðreks</title>
                            <rubric>Hervarar saga</rubric>
                            <note>Eftirrit eftir prentaðri útgáfu.</note>
                        </msItem> 
                        <msItem n="4" class="konth" defective="false">
                            <locus from="51v" to="56v">51v-56v</locus>
                            <title type="uniform">Hákonar þáttur Hárekssonar</title>
                          <rubric>Sagan af Hákoni norræna</rubric>
                        </msItem>
                        <msItem n="5" class="ridd" defective="false">
                            <locus from="56v" to="68r">56v-68r</locus>
                              <title type="uniform">Vilmundar saga viðutan</title>
                            <rubric>Sagan af Vilmundi við-utan</rubric>
                        </msItem>
                        <msItem n="6" class="isl" defective="false">
                            <locus from="68r" to="82r">68r-82r</locus>
                            <title type="uniform">Þórðar saga hreðu</title>
                            <rubric>Sagan af Þórði hreðu</rubric>
                        </msItem>
                        <msItem n="7" class="isl" defective="false">
                            <locus from="82r" to="91v">82r-91v</locus>
                              <title type="uniform">Víglundar saga</title>
                            <rubric>Saga af Þorgrími prúða og Víglundi</rubric>
                        </msItem> 
                        <msItem n="8" class="isl" defective="false">
                            <locus from="91v" to="103r">91v-103r</locus>
                            <title type="uniform">Hávarðar saga Ísfirðings</title>
                            <rubric>Af Hávarði Ísfirðingi</rubric>
                        </msItem>
                        <msItem n="9" class="isl" defective="false">
                            <locus from="103r" to="105v">103r-105v</locus>
                            <title type="uniform">Ölkofra þáttur</title>
                            <rubric>Þáttur af Ölkofra</rubric>
                        </msItem> 
                        <msItem n="10" class="rimur" defective="false">
                            <locus from="106r" to="113v">106r-113v</locus>
                            <author key="JonSig013">Jón Sigurðsson</author>
                            <title type="uniform">Tímaríma</title>
                            <rubric>Tíma ríma</rubric>
                            <note>E.t.v. eftirrit eftir prentaðri útgáfu.</note>
                        </msItem>
                        <msItem n="11" class="laus" defective="false">
                            <locus from="113v" to="113v">113v</locus>
                            <author key="ArnBod001">Árni Böðvarsson</author>
                            <title type="supplied">Vísa</title>
                            <rubric>Vísa mr. Árna Böðvarssonar um hr. <name type="person" key="SveSol002">Svein</name> lögmann</rubric>
                              </msItem>
                        <msItem n="12" class="fas" defective="false">
                            <locus from="114r" to="125v">114r-125v</locus>
                            <title type="uniform">Yngvars saga víðförla</title>
                            <rubric>Sagan af Ingvari víðförla og Sveini syni hans</rubric>
                            <note>Eftirrit eftir prentaðri útgáfu.</note>
                        </msItem>
                        <msItem n="13" class="kvad laus" defective="false">
                            <locus from="126r" to="135r">126r-135r</locus>
                            <title type="supplied">Ýmiss kvæði</title>
                            <note>M.a.: <title type="supplied">Gamanvísur um <name type="person">Gísla í Hítarnesi</name> og tíkina Tátu</title> eftir  <name type="person" key="ArnBod001">Árni Böðvarsson</name>, <title type="supplied">Vísa hr. <name type="person" key="SveSol002">Sveins</name> lögmanns um <name type="person" key="ArnBod001">Árna Böðvarsson</name></title>, <title type="supplied">Varúðarslagur</title> eftir <name type="person" key="HalEin001">Hálfdan Einarsson</name>, kveðinn móti <title type="supplied">Varúðargælu</title>, <title type="supplied">Tófubragur</title>, <title type="supplied">Ekkjukvæði</title>, <title type="supplied">Dægrastytting</title>.</note>
                                   </msItem> 
                        <msItem n="14" class="rimur" defective="false">
                            <locus from="135r" to="138r">135r-138r</locus>
                            <title type="uniform">Jannesarríma</title>
                            <rubric>Ríma af Jannes</rubric>
                        </msItem>
                        <msItem n="15" class="fas" defective="false">
                            <locus from="139r" to="159r">139r-159r</locus>
                            <title type="uniform">Þorsteins saga Víkingssonar</title>
                            <rubric>Sagan af Þorsteini Víkingssyni</rubric>
                        </msItem>
                        <msItem n="16" class="fas" defective="false">
                            <locus from="161r" to="178v">161r-178v</locus>
                            <title type="uniform">Hjálmþérs saga</title>
                            <rubric>Sagan af Hjálmar og Ölver</rubric>
                        </msItem> 
                    </msContents>
                    <physDesc>
                        <objectDesc form="codex">
                            <supportDesc material="chart">
                                <support>Pappír.</support>
                                <extent>178 blöð (<dimensions type="leaf" unit="mm">
                                    <height>202</height>
                                    <width>157</width>
                                </dimensions>).</extent>
                                <foliation>
                                    <p>
                                        <list>
                                            <item></item>
                                        </list>
                                    </p>
                                </foliation>
                                <collation>
                                    <p></p>
                                    <note></note>
                                </collation>
                                
                                <condition>
                                    <p>Fúið að hluta.</p>
                                </condition>
                            </supportDesc>
                            <layoutDesc>
                                <layout columns="1">
                                    <p></p>
                                </layout>
                            </layoutDesc>
                        </objectDesc>
                        <handDesc hands="9">
                            <handNote  scribe="unknown" script="unknown" scope="major">Að mestu með hendi <name type="person" key="ThoSig007">Þorkels Sigurðssonar</name> á <placeName>Hömrum</placeName> í <placeName>Hraunhreppi</placeName>.</handNote>
                            
                        </handDesc>
                        <additions>
                            <p></p>
                        </additions>
                        <bindingDesc>
                            <binding contemporary="false"><p>Bundið og í öskju.
                            </p>
                            </binding>
                        </bindingDesc>
                        <accMat>
                            <p>Nákvæm lýsing á viðgerð og ljósmyndun fylgir.</p>
                        </accMat>
                    </physDesc>
                    <history>
                        <origin notBefore="1750" notAfter="1799" >
                            <p>Handritið var skrifað á <origPlace key="IS">Íslandi</origPlace>, einkum á árunum <date notBefore="1771" notAfter="1776">1771-1776</date>. Það er tímasett til síðari hluta 18. aldar í <bibl><ref target="KKKat">Katalog</ref>
                            </bibl> II 1892:610.</p></origin>
                        <provenance>
                            <p></p>
                        </provenance>
                        <acquisition when="1995-10-19">
                            <p>Stofnun Árna Magnússonar tók við handritinu 19. október 1995.</p>
                        </acquisition>
                    </history>
                    <additional>
                        <adminInfo>
                            <recordHist>
                                <source>
                                    <p><name type="person" key="GudIng001">GI</name> skráði <date when="2012-08-09">9. ágúst 2012.</date></p>
                                    <p>Skráning <name type="person" key="KriKaa001">Kristian Kålunds</name> á
                                        handritinu er aðgengileg á <bibl>
                                            <ref target="KKKat">Katalog over den Arnamagnæanske
                                                håndskriftsamling</ref>
                                        </bibl>, II. bindi, bls. 610.</p>
                                </source>
                            </recordHist>
                            <custodialHist>
                                <custEvent type="conservation">Viðgert og bundið í <date notBefore="1961-11" notAfter="1963-01">nóvember 1961 til janúar 1963</date> og aftur í <date notBefore="1994-10" notAfter="1995-02">október 1994 til febrúar 1995</date>. Handritið er í öskju. Gamalt band fylgir.</custEvent>
                            </custodialHist>
                        </adminInfo>
                        <surrogates>
                            <p>
                                <list>
                                    <item>Filma af bl. <locus from="161" to="178">161-178</locus> (sjá bréf með <ref target="AM08-0109a-III">AM 109 a III 8vo</ref>).</item>
                                    <item>Svart-hvítar ljósmyndir á Det Arnamagnæanske Institut í
                                        Kaupmannahöfn.</item>
                                </list>
                            </p>
                        </surrogates>
                        <listBibl>
                            <bibl>Guðrún Ása Grímsdóttir 2000, <ref target="GuðGrí2000a">Táta í sögubók</ref></bibl>
                            <bibl>Jón Helgason 1934, <ref target="JónHel1934b">Til Heiðreks sagas overleveringshistorie</ref></bibl>
                            <bibl>Kapitan, K. A. 2019, <ref target="KatKap2019b">Between truth and fiction or historiæ, sive vero falsoque mixtæ</ref></bibl>
                        </listBibl>
                    </additional>
                </msDesc>
            </sourceDesc>
        </fileDesc>
    </teiHeader>
    <text>
        <body>
            
            <p/>
        </body>
    </text>
</TEI>
