<?xml version="1.0" encoding="UTF-8"?><?oxygen RNGSchema="http://www.handrit.is/schema/handrit-1.0.rnc" type="compact"?><TEI xmlns="http://www.tei-c.org/ns/1.0">
   <teiHeader>
      <fileDesc>
         <titleStmt>
            <title type="main">Acc. 9</title>
         </titleStmt>
         <publicationStmt>
            <authority>Den Arnamagnæanske Samling</authority>
            <pubPlace>København</pubPlace>
         </publicationStmt>
         <sourceDesc><msDesc xml:id="Acc-0009-en" xml:lang="en">
               <msIdentifier>
                  <country>Denmark</country>
                  <settlement>København</settlement>
                  <repository>Den Arnamagnæanske Samling</repository>
                  <idno>Acc. 9</idno>
                  <altIdentifier type="internal" subtype="KKKat">
                     <idno/>
                  </altIdentifier>
               </msIdentifier>
               <head>
                  <title>Danish Law Book</title>; 
<origPlace>Denmark</origPlace>, 
    <origDate notBefore="1600" notAfter="1649">s. XVII 1/2</origDate>. Danish.
</head>
               <physDesc>
                  <objectDesc form="codex">
                     <supportDesc material="chart">
                        <support>Paper.</support>
                        <extent>177. 
<dimensions type="leaf" scope="all">
                              <height>203</height>
                              <width>162</width>
                           </dimensions>.</extent>
                     </supportDesc>
                  </objectDesc>
               </physDesc>
            </msDesc>
         </sourceDesc>
      </fileDesc>
   </teiHeader>
   <facsimile>
      <surface/>
   </facsimile>
</TEI>