<?xml version="1.0" encoding="UTF-8"?><?oxygen RNGSchema="http://www.handrit.is/schema/handrit-1.0.rnc" type="compact"?>
<TEI xmlns="http://www.tei-c.org/ns/1.0">
   <teiHeader>
      <fileDesc>
         <titleStmt>
            <title type="main">Acc. 33</title>
         </titleStmt>
         <publicationStmt>
            <authority>Den Arnamagnæanske Samling</authority>
            <pubPlace>København</pubPlace>
         </publicationStmt>
         <sourceDesc>
            <msDesc xml:lang="en" xml:id="Acc-0033-en">
               <msIdentifier>
                  <country>Denmark</country>
                  <settlement>København</settlement>
                  <repository>Den Arnamagnæanske Samling</repository>
                  <idno>Acc. 33</idno>
               </msIdentifier>
               <msContents>
                  <summary><title>Kristian Kålund's notes for his "Bidrag til en historisk-topografisk beskrivelse af Island"</title></summary>
                  <msItem>
                     <note>Various notes for <bibl><ref target="KKBidrag">Bidrag til en historisk-topografisk beskrivelse af Island</ref></bibl>.</note>
                  </msItem>
               </msContents>
               <history>
                  <origin><origDate notBefore="1850" notAfter="1882"/></origin>
                  <acquisition>
                     <p>From <name type="person" key="KriKaa001">Kristian Kålund's</name> estate.</p>
                  </acquisition>
               </history>
               <additional>
                  <adminInfo>
                     <recordHist>
                        <source>
                           <p>This shelfmark is registered in the handwritten catalogue of the Accessoria collection as preserved in <ref target="#AM02-0478-en">AM 478 fol.</ref> (fol. 57r).</p>
                           <p>Digital entry created on <date when="2019-03-25">21 March 2019</date> by <name type="person" key="KatKap001">Katarzyna Anna Kapitan</name>.</p></source>
                     </recordHist>
                  </adminInfo>
                  <surrogates>
                     <list>
                        <item>Microfilm Neg. 838 and 839 from <date when="1990-03-14">14 March 1990</date>.</item>
                        <item>Microfilm Pos. 758 and 759 from <date when="1990-03-14">14 March 1990</date>.</item>
                        <item>Backup film TS 1045 and 1046 from <date when="2006-01-28">28 January 2006</date>, a copy of Neg. 838 and 839.</item>
                     </list>
                  </surrogates>
               </additional>
               
            </msDesc>
         </sourceDesc>
      </fileDesc>
   <revisionDesc>
      <change>
         <date when="2019-03-25"/>
         <name type="person" key="KatKap001"/> Cataloging
      </change>
   </revisionDesc>
   </teiHeader>
   <facsimile>
      <surface/>
   </facsimile>
</TEI>
