<?xml version="1.0" encoding="UTF-8"?><?oxygen RNGSchema="http://www.handrit.is/schema/handrit-1.0.rnc" type="compact"?><TEI xmlns="http://www.tei-c.org/ns/1.0">
   <teiHeader>
      <fileDesc>
         <titleStmt>
            <title type="main">Acc. 27</title>
         </titleStmt>
         <publicationStmt>
            <authority>Den Arnamagnæanske Samling</authority>
            <pubPlace>København</pubPlace>
         </publicationStmt>
         <sourceDesc><msDesc xml:lang="da" xml:id="Acc-0027-da">
               <msIdentifier>
                  <country>Danmark</country>
                  <settlement>København</settlement>
                  <repository>Den Arnamagnæanske Samling</repository>
                  <idno>Acc. 27</idno>
               </msIdentifier>
            <msContents>
               <summary><title>Kålunds registrant over breve til og fra Arne Magnusson</title></summary>
            </msContents>
            <physDesc>
               <objectDesc form="other">
                  <supportDesc material="chart">
                     <support>Papir.</support>
                     <extent>1195.</extent>
                  </supportDesc>
               </objectDesc>
            </physDesc>
            <history>
               <origin>
                  <origDate notBefore="1883" notAfter="1919" cert="high" evidence="external"/>.
                  <origPlace key="dk"/>
               </origin>
            </history>
            <additional>
               <adminInfo>
                  <recordHist>
                     <source>
                        <p>Den danske beskrivelse er under udarbejdelse.</p>
                        <p>Nærværende håndskriftbeskrivelsen er lavet på basis af den engelske beskrivelse. For yderligere
                           oplysninger se den engelske beskrivelse: <ref type="url" target="https://handrit.is/manuscript/view/en/Acc-0027">https://handrit.is/manuscript/view/en/Acc-0027</ref>.</p>
                     </source>
                  </recordHist>
               </adminInfo>
            </additional>
            </msDesc>
         </sourceDesc>
      </fileDesc>
      <revisionDesc>
         <change>
            <date when="2019-02-07"/>
            <name type="person" key="KatKap001"/>
            Katalogisering 
         </change>
      </revisionDesc>
   </teiHeader>
   <facsimile>
      <surface/>
   </facsimile>
</TEI>