<?xml version="1.0" encoding="UTF-8"?><?oxygen RNGSchema="http://www.handrit.is/schema/handrit-1.0.rnc" type="compact"?><TEI xmlns="http://www.tei-c.org/ns/1.0">
   <teiHeader>
      <fileDesc>
         <titleStmt>
            <title type="main">Acc. 41</title>
         </titleStmt>
         <publicationStmt>
            <authority>Den Arnamagnæanske Samling</authority>
            <pubPlace>København</pubPlace>
         </publicationStmt>
         <sourceDesc><msDesc xml:lang="en" xml:id="Acc-0041-en">
               <msIdentifier>
                  <country>Denmark</country>
                  <settlement>København</settlement>
                  <repository>Den Arnamagnæanske Samling</repository>
                  <idno>Acc. 41</idno>
               </msIdentifier>
            <msContents>
               <summary><title>Various poems and prophecies.</title></summary>
               <textLang mainLang="is"/>
               <titlePage>
                  <docTitle>
                     <titlePart></titlePart>
                  </docTitle>
               </titlePage>
               <msItem n="1">
                  <locus from="1r" to="24v">1r-24v</locus>
                  <textLang mainLang="is"/>
                  <title type="supplied">Spádómar</title>
                  <rubric>QUESTIONES</rubric>
                  <incipit>om en ung karls giptemäl</incipit>
                  <explicit>ad <lb/> far sæll Davde fäe Ey hyer fryd <lb/> en<ex>n</ex> stærre giefed. <lb/> TANTUM</explicit>
                  <note>The text starts with 20 questions, followed by drawings of twenty circles with Roman and Arabic numerals. Then come the prophecies, starting on f. 6v with rubric <q>ORakulum Clasis I <lb/> Saturnus</q>.</note>
              <note>Foliation 2-26.</note>
                  <note>The text is followed by a short note introduced with a rubric <q>Epigrama I</q>.</note>
               </msItem>
               <msItem n="2" class="kvad">
                  <locus from="25r" to="28v">25r-28v</locus>
                  <textLang mainLang="is"/>
                  <title type="uniform">Veronikukvæði</title>
                  <author key="ThoMag016">Þorvaldur Magnússon</author>
                  <rubric>WERONIKU kvæde</rubric>
                  <incipit>Kved eg um<ex>m</ex> kvyn<ex>n</ex>u E<lb/>ina ä Christi Dógum<ex>m</ex></incipit>
                  <explicit>Vysir Vilia Seigia ad Veronika ha<lb/>fe um Syd i flocke margra meya, mist <lb/> <ex>og</ex> Lifed um<ex>m</ex> þan<ex>n</ex> tyd, 
                     Pyslar Vættis Pr<lb/>ydd Coronu være christe Lega bavga <lb/> bru med bæn <ex>og</ex> truu hiedan af heyme fære; Tantum<ex>m</ex></explicit>
                  <note>Foliation 27-30.</note>
                  <note>The authorship attribution is uncertain, according to Bjarni Þorsteinsson the author is a certain Þorvaldur Magnússon from Sauðanes (d. 1747), see: <bibl><ref target="Thjodlog1906">Íslenzk
                     þjóðlög</ref>, <biblScope type="pages">598</biblScope></bibl>. According to webpage <ref type="url" target="http://bragi.arnastofnun.is/hofundur.php?ID=15157">Bragi</ref>, the song is attributed to <name type="person" key="ThoMag016">Þorvaldur Magnússon</name> from Húsavík (d. 1740).</note>
                  <!-- http://hljodsafn.landsbokasafn.is/audioFileDisplay/4323 -->
               </msItem>
               <msItem n="3" class="kvad">
                  <locus from="28v" to="30r">28v-30r</locus>
                  <title type="uniform">Hugsvinnsmál</title>
                  <textLang mainLang="is"/>
                  <rubric>Hug Svinns Mal</rubric>
                  <incipit>Heire Segg<ex>ir</ex> 
                     þeir sem hlyda vilia <ex>og</ex> ad <lb/> sid lifa
                     <add><ex>og</ex> god v<ex>er</ex>k gióra</add>
                     hoskleg Rád þaug er heyde<ex>n</ex> m<ex>a</ex>ðr
                     kiende Sine Synum</incipit>
                  <explicit>sem h<ex>ann</ex> elska s<ex>em</ex> han<ex>n</ex> elska,
                     eitt er þad Sem lif<ex>ir</ex> leingst dómur <lb/>
                     um<ex>m</ex> Daudan<ex>n</ex> hvórn. Tantum<ex>m</ex></explicit>
                  <note>Foliation 30-32.</note>
               </msItem>
               <msItem n="4" class="kvad">
                  <locus from="30r" to="31r">30r-31r</locus>
                  <textLang mainLang="is"/>
                  <title type="supplied">Vísur</title>
                  <rubric>Wysur Nockrar</rubric>
                  <incipit>Elske þig utan<ex>n</ex> fólskva Eining <lb/> þren<ex>n</ex> lifins hæda</incipit>
                  <explicit>Skal eg þi<ex>er</ex> heyta ast medr <lb/> Elskuhotum, a medan<ex>n</ex> fyóred endist</explicit>
                  <note>Foliation 32-33.</note>
               </msItem>
               <msItem n="5" class="kvad salm">
                  <locus from="31r" to="32r">31r-32r</locus>
                  <textLang mainLang="is"/>
                  <title type="supplied">Tunnu psálmur</title>
                  <rubric>Tun<ex>n</ex>u psalmur Biarna [JS].</rubric>
                  <rubric>Oddur a Tunnu Eyna</rubric>
                  <incipit>[Sy]er ä giætis þynged mæta i heymenu<ex>m</ex></incipit>
                  <explicit>sell<lb/>du alfr snere e<ex>n</ex> dysen<ex>n</ex> drö Dvergrnin Jarnu<ex>m</ex> hielldu.</explicit>
                  <note>Foliation 33-34.</note>
               </msItem>
               <msItem n="6" class="kvad">
                  <locus from="32r" to="33v">32r-33v</locus>
                  <textLang mainLang="is"/>
                  <title type="uniform">Dísudrengjahrós</title>
                  <author key="ArnBod001">Árni Böðvarsson</author>
                  <rubric>Dijsu Dreing[ia] Hroos <lb/> kveded af A. B. S.</rubric>
                  <incipit>Þördys Þyöfa möd<ex>ir</ex> þad er up<ex>p</ex>haf kv<lb/>æda gydian<ex>n</ex> Byö ä grund</incipit>
                  <explicit>þar sem Rædur forn <lb/> <ex>og</ex> gamall fyande fæst<ex>er</ex> vita hi<ex>er</ex> ä Ravda Sande</explicit>
                  <finalRubric>Fynis</finalRubric>
                  <note>Foliation 34-35.</note>
               </msItem>
               <msItem n="7" class="kvad">
                  <locus from="34r" to="44r">34r-44r</locus>
                  <title type="supplied">Lukku bók</title>
                  <textLang mainLang="is"/>
                  <rubric>LYBER=FORTUNÆ</rubric>
                  <incipit>þad er, <lb/> Lucku Bök i Lyodum<ex>m</ex> giórd, lof<lb/>enu kan<ex>n</ex> ad hrösa, mun hün ecke mi<lb/>kils verd</incipit>
                  <explicit>Valla Vantar ä Snille. <lb/> vyf eru Ryöd oc Lifud i Sænginne</explicit>
                  <note>The text of Acc. 41 was used in Jón Helgason's edition of <title type="supplied">Lykkebog</title> in <bibl><ref target="JónHel0817a">Den danske Lykkebog på Island</ref>, <biblScope type="pages">238-245</biblScope>.</bibl>There it is classified as a text type B, closely related to <ref type="ms" target="#JS08-005-is">JS 55 8vo</ref>.</note>
                  <note>Foliation 35-46.</note>
               </msItem>
               <msItem n="8" defective="false" class="kvad">
                  <locus from="44r" to="50r">44r-50r</locus>
                  <title type="uniform">Aldarháttur Þorláks Guðbrandssona</title>
                  <author key="ThoGud009">Þorlákur Guðbrandsson Vídalín</author>
                  <textLang mainLang="is"/>
                  <rubric>Alldar Hättur <lb/> Thorläks Gudbrands Son<ex>ar</ex> Wydalyn <lb/> firsti flockur</rubric>
                  <incipit>Wakte eg af blunde, bäru Valkast<ex>ar</ex> <lb/> ønd allda gods</incipit>
                  <explicit>Snar leiken<ex>n</ex> Syer Sæker, Sÿorna fry morne. Tantum</explicit>
                  <finalRubric>Fynes Ender</finalRubric>
                  <note>Foliation 46-52.</note>
               </msItem>
               <msItem n="9">
                  <locus from="50v" to="54r">50v-54r</locus>
                  <title type="supplied">Söngur</title>
                  <textLang mainLang="is"/>
                  <rubric>Skiemten<ex>n</ex> Saungur <lb/> Margt til Matar Reydde Maduren<ex>n</ex> <lb/> 
                     Sä byö kiellingin<ex>n</ex> Eydde en<ex>n</ex> kallen<ex>n</ex> ad drö</rubric>
                  <incipit>Kall Ried eirn med kielling büa kreinkt Voru þaug af Elle</incipit>
                  <explicit>Slö kiellingin<ex>n</ex> Eidde, en<ex>n</ex> kallen<ex>n</ex> ad d.</explicit>
                  <note>Foliation 52-56.</note>
               </msItem>
               <msItem n="10">
                  <locus from="54r" to="56v">54r-56v</locus>
                  <textLang mainLang="is"/>
                  <rubric>Carmina Deinebratis <lb/> Sr. A O. S. <lb/> Kr[ii]sar [l]ógur Kveiker Bóg</rubric>
                  <incipit>Bógur og kvæden<ex>n</ex> Smä, Dæma Sógur <lb/> og glettur grä Skümen<ex>n</ex> fógur</incipit>
                  <explicit>giore <lb/> Sier taman<ex>n</ex> Saungen<ex>n</ex> Saman<ex>n</ex> Sum er hlyde [aa] Inter poculä, Tantum<ex>m</ex></explicit>
                  <note>Foliation 56-58.</note>
               </msItem>
               <msItem n="11">
                  <locus from="56v" to="57r">56v-57r</locus>
                  <textLang mainLang="is"/>
                  <rubric>Wysur Tvær Vertu Sæt[an<ex>n</ex>]</rubric>
                  <incipit>Wertu Sætan<ex>n</ex> Sydlät, Sydan<ex>n</ex> hi<lb/>ggen<ex>n</ex> weldig, hrein lundud </incipit>
                  <explicit>Söma Nægd og Són<lb/>digd, Sæmdar wi[fed] wel larte</explicit>
                  <note>Foliation 58-59.</note>
               </msItem>
               <msItem n="12">
                  <locus from="57r" to="68r">57r-58v</locus>
                  <textLang mainLang="is"/>
                  <rubric>Wysur ur Dónsku ut lagdr <lb/> af Sr. A: O: S:</rubric>
                  <incipit>Stäs[0] Mey Sat i Sorgum, Su var <lb/> ara 12, modur gieck um<ex>m</ex> gölf</incipit>
                  <explicit>ecke er [Læged 0] <lb/> þad mun flestar þyä, Amor, Amor [Avy.]</explicit>
                  <note>Foliation 59-60.</note>
               </msItem>
               <msItem n="13" class="kvad">
                  <locus from="58v" to="61v">58v-61v</locus>
                  <textLang mainLang="is"/>
                  <title type="supplied">Bið ég nú gott fólk að brosa ei hátt</title>
                  <author key="GizJon001">Gizur Jónsson</author>
                  <rubric>Dixen Psalmur ortur <lb/> Af Gissur Jons Syne</rubric>
                  <incipit>Byd eg Nu Gott folk ad Brosa Ey hätt blyfa i kyrdum<ex>m</ex> og tala mjóg fätt</incipit>
                  <explicit>hvad eg fel Syalfs Jckar <lb/> giedfrö J Jn<ex>n</ex>byrdis [þeli] Tantum<ex>m</ex></explicit>
                  <note>Foliation 60-63.</note>
                  <note>The authorship attribution is uncertain, perhaps <name type="person" key="GizJon001">Gizur Jónsson</name> an unknown poet from the seventeenth century.</note>
               </msItem>
               <msItem n="14" class="kvad">
                  <locus from="61v" to="63v">61v-63v</locus>
                  <textLang mainLang="is"/>
                  <rubric>Eytt Kvæde</rubric>
                  <incipit>allmargur ber angurs mein og andar <lb/> og <add>meyn</add> hættleg sar </incipit>
                  <explicit>þrotne kvæda skrär Su<lb/>ndur er i briniun<ex>n</ex>e hringuren<ex>n</ex> <lb/> blär</explicit>
                  <note>Foliation 63-65.</note>
               </msItem>
               <msItem n="15">
                  <locus from="63v" to="64v">63v-64v</locus>
                  <textLang mainLang="is"/>
                  <rubric>Eyn Vysa</rubric>
                  <incipit>Rostunguren<ex>n</ex> fór ä frön, fram<ex>m</ex> af Syoar hron<ex>n</ex>unum<ex>m</ex> fä Syedur <lb/> wyd Laxa lön</incipit>
                  <explicit>og so för han<ex>n</ex> ut ä mar od[regen<ex>n</ex> af fundunum:]</explicit>
                  <note>Foliation 65-66.</note>
               </msItem>
               <msItem n="16">
                  <locus from="65r" to="65r">65r-65r</locus>
                  <textLang mainLang="is"/>
                  <rubric>Bydla Wysa um<ex>m</ex> konbænaferd</rubric>
                  <incipit>Pravt er þræla ad [str]eya, af þeim fä Leif<lb/>ed me[ya] ur tangar kiapte teiga</incipit>
                  <explicit>hyedan<ex>n</ex> för og hriggbroten<ex>n</ex> <lb/> en<ex>n</ex> hinu meigen<ex>n</ex> gieck mier vel.</explicit>
                  <note>Foliation 67.</note>
               </msItem>
               <msItem n="17">
                  <locus from="65r" to="65r">65r-65r</locus>
                  <textLang mainLang="is"/>
                  <rubric>Wysa</rubric>
                  <incipit>halur er Bleikur hrunden<ex>n</ex> Lyös hæfer <lb/> tryönu flipen<ex>n</ex> </incipit>
                  <explicit>Maduren<ex>n</ex> keikur magfótt Drös, merktu hyöna Svipen<ex>n</ex></explicit>
                  <note>Foliation 67.</note>
                  <note>A single stanza of four lines.</note>
               </msItem>
               <msItem n="18">
                  <locus from="65v" to="65v">65v-65v</locus>
                  <textLang mainLang="is"/>
                  <rubric>Wysa Sr. S O S.</rubric>
                  <note>Foliation 67.</note>
               </msItem>
               <msItem n="18">
                  <locus from="65v" to="65v">65v-65v</locus>
                  <textLang mainLang="is"/>
                  <rubric>Wysa P. L. W.</rubric>
                  <incipit>Lyett er þeim sem lauser flacka</incipit>
                  <note>Foliation 67.</note>
               </msItem>
               <msItem n="19">
                  <locus from="65v" to="65v">65v-65v</locus>
                  <textLang mainLang="is"/>
                  <rubric>Jon Rektor kvad.</rubric>
                  <note>Foliation 67.</note>
               </msItem>
               <msItem n="19">
                  <locus from="66r" to="68r">66r-68r</locus>
                  <textLang mainLang="is"/>
                  <rubric>Kvæde P: E: S:</rubric>
                  <incipit>Þad er Neyd ad Bägr er Bir Bä<lb/>tur en<ex>n</ex> lytill er helldr villde eg hij<lb/>ra kyr en<ex>n</ex> hætta So mier</incipit>
                  <explicit>stöd þä fley vyd hafnar<lb/> Dir helldur Villde eg hyra kir <lb/> ods skal Geimast grinden<ex>n</ex> i guste fälu hier h: v: E: h: k: e: h: <lb/> m.</explicit>
                  <note>Foliation 68-70.</note>
               </msItem>
               <msItem n="20" class="rimur">
                  <locus from="68r" to="91r">68r-91r</locus>
                  <title type="uniform">Rímur af Eiríki víðförla</title>
                  <textLang mainLang="is"/>
                  <author key="GudBer001">Guðmundur Bergþórsson</author>
                  <rubric>Rymur af <lb/> EJRJKE wydfórla <lb/> 1ta Ryma</rubric>
                  <incipit>Mórgum<ex>m</ex> þikir <lb/> merkilegt, man<ex>n</ex>vi<lb/>ts giæddum<ex>m</ex> lydn fógur dæmn <lb/> fordum<ex>m</ex> Spekt</incipit>
                  <explicit>Bätur Sätur brocks So locks Blisen<ex>n</ex> Drifed falr.</explicit>
                  <finalRubric>E. N. D. E. R.</finalRubric>
                  <note>Foliation: 70-92.</note>
                  <note>See the entry for <title type="uniform">Rímur af Eiríki víðförla</title> in <bibl><ref target="Rimatal">Rímnatal</ref><biblScope type="pages">113</biblScope></bibl>.</note>
               </msItem>
               <msItem n="21">
                  <locus from="91r" to="91v">91r-91v</locus>
                  <textLang mainLang="is"/>
                  <rubric>Wijsur þriar Drótt<lb/>kvednar</rubric>
                  <incipit>heilsan med far Sælld fr<lb/>iäls frægd</incipit>
                  <explicit>ord min Spakur gude med kvediu göda, glad<ex>ir</ex> æ <lb/> befaldir. h. æ. v. v. s. br:</explicit>
                  <colophon>Klettzbud <lb/> d 29 <ex>september</ex> <lb/> Sigurdur Asgrijms Son hætar skrifa [M<ex>ed</ex>] <lb/>Jone Häkonar Sine aa Störa <lb/> vatnz horne</colophon>
                  <note>Foliation: 92.</note>
                  <note>Colophon mentions the place name Klettsbúð in <name type="place" key="">Snæfellsnessýsla</name> and personal names <name type="person" key="JonHak001">Jón Hákonarson</name> and perhaps <name type="person" key="SigAsg001">Sigurður Ásgeirsson</name>.</note>
               </msItem>
               <msItem n="22">
                  <locus from="92r" to="97r">92r-97r</locus>
                  <textLang mainLang="is"/>
                  <title type="supplied">Sendibréf til Benjamíns Jónssonar</title>
                  <author key="ThoJon036">Þórarinn Jónsson</author>
                  <rubric>Eitt Sende Brief <lb/> kveded 1773 Af <lb/> Sr. Þorarne JonsSyne</rubric>
                  <incipit>Bend<ex>ir</ex> Randa Benia myn Brodr <lb/> kiær sæll vertu [stilli] vanda stód<lb/>vi [pyn] stiórnu landa gilfe þin.</incipit>
                  <explicit>ad endingu mæte baldur<lb/> malma [J]els Millding tiallda fa<lb/>gra hvels:</explicit>
                  <finalRubric>RATIO STUDIT REGETA RIT <lb/> MOS KONSINARE MEASSTRU <lb/> DI MINERVA MEMBRA LUDI <lb/> SOLATA. SDALUTA</finalRubric>
                  <note>Foliation: 93-98.</note>
               </msItem>
               <msItem n="23" defective="true">
                  <locus from="97v" to="98v">97v-98v</locus>
                  <textLang mainLang="is"/>
                  <rubric>Um Syó Millde Verk</rubric>
                  <incipit>Þar Var Eirn Biskup i Sax<lb/>onia Húmbertus ad Na<lb/>fne han<ex>n</ex> var hrein Lyfur Gu<lb/>dhræddur <ex>og</ex> göds Syd</incipit>
               <explicit>ad þu <lb/> Reikn<ex>er</ex> þigf min<ex>n</ex>st Verdan<ex>n</ex> af þ<ex>ei</ex>m</explicit>
                  <note>Foliation: 98-98a.</note>
               </msItem>
               <msItem n="24">
                  <locus from="99r" to="99v">99r-99v</locus>
                  <textLang mainLang="is"/>
                  <rubric>Kvæde [W. 0. 0.]</rubric>
                  <incipit>Nyleg tydinden<ex>n</ex> austan as oss ber ast Nu ad hondum</incipit>
                  <explicit>þ<ex>ad</ex> hlytur so ad vera efned Sorga þ<ex>ad</ex> [mi<ex>er</ex>] eg mi<ex>er</ex> med i grófena Bera </explicit>
                  <finalRubric>FINES</finalRubric>
                  <note>Foliation: 99.</note>
               </msItem>
               <msItem n="25">
                  <locus from="100" to="104v"></locus>
                  <textLang mainLang="is"/>
                  <title type="supplied">Háttalykill Bjarna Gissurarsonar</title>
                  <author key="BjaGis001">Bjarni Gizurarson</author>
                  <rubric>HattaLikill <lb/> Nye Ortur af <lb/> Sr. Biarna G: S:</rubric>
                  <incipit>Fyrst mier Inded astar oturs <lb/> giallda hrund Snotr ein f<ex>yrir</ex> allr sam<lb/>an<ex>n</ex> avds</incipit>
              <explicit>Eins og þá Sprund ed <lb/> hvórt vyd annars hiarta, hallde So Skiliunsat <lb/> alldreig herde eg a enda Öden osk myn bid eg ä <lb/> bryne finis Ender</explicit>
                  <note>Foliation: 100-104.</note>
                  <note>One more stanza than in <ref type="ms" target="IB04-0105-is">ÍB 105 4to</ref> but the same as in <ref type="ms" target="Rask088-a-en">Rask 88 a</ref>.</note>
               </msItem>
            </msContents>
            <physDesc>
               <objectDesc form="codex">
                  <supportDesc material="chart">
                     <support>Paper.</support>
                     <extent>i + 104 + i leaves. Size of leaves: <dimensions type="leaf"
                        scope="all">
                        <height unit="mm" quantity="162">162</height>
                        <width unit="mm" quantity="103">103</width>
                     </dimensions></extent>
                  </supportDesc>
               </objectDesc>
               <handDesc>
                  <handNote scope="sole" script="other" scribe="SigSig012">
                     According to <name type="person" key="AgnLot001">Agnethe Loth</name> (unpublished catalogue of Accessoria collection from 1968) and Jón Helgason (<bibl><ref target="JónHel0817a">Den danske Lykkebog på Island</ref>, <biblScope type="pages">218</biblScope>)</bibl>, the manuscript was written by <name type="person" key="SigSig012">Sigurður Sigurðsson</name> fron <name type="place" key="NúpHau01">Núpur</name>.</handNote>
               </handDesc>
            </physDesc>
            <history>
               <origin notBefore="1800" notAfter="1846">
                  <origPlace key="IS"/><origDate notBefore="1800" notAfter="1846"/>
               </origin>
               <acquisition>
                  <p>According to <name type="person" key="AgnLot001">Agnethe Loth</name> (unpublished catalogue of Accessoria collection from 1968), <orgName key="AMS">The Arnamagnæan Institute</orgName> in <name
                     type="place" key="Copen01">Copenhagen</name> bought this manuscript together with <ref type="ms" target="#Acc-0042-en">Acc. 42</ref> in <date when="1958-10">October 1958</date> from a dentist Edvard Leegaard. 
                     Edvard Leegaard was married to Steinunn Árnadóttir Leegaard (1880–1958) from Dalir in Western Iceland.</p>
               </acquisition>
            </history>
            <additional>
               <adminInfo>
                  <recordHist>
                     <source>
                        <p>Cataloged in <date when="2018-11-08">8 November 2018</date> by <name type="person" key="KatKap001">Katarzyna Anna Kapitan</name>.
                           </p>
                     </source>
                  </recordHist>
                  <custodialHist>
                     <custEvent type="conservation" notBefore="1962-12-11" notAfter="1963-03-15">Under conservation by <name type="person" key="BirDal001">Birgitte Dall</name> from <date when="1962-12-11"/> to <date when="1963-03-15"/>.</custEvent>
                  </custodialHist>
               </adminInfo>
               <surrogates>
                  <p>
                     <list>
                        <item>Microfilms Neg 848 and Pos 768 from <date when="1990-04-25"/>.</item>
                        <item>Backup film TS 1056, a copy of Neg 848 from <date when="2006-03-08"/>.</item>
                     </list>
                  </p>
               </surrogates>
            </additional>
            </msDesc>
         </sourceDesc>
      </fileDesc>
      <revisionDesc>
         <change>
            <date when="2018-11-08"/>
            <name type="person" key="KatKap001"/>
            Cataloging: msItems.
         </change>
         <change>
            <date when="2018-11-12"/>
            <name type="person" key="KatKap001"/>
            Cataloging: msItems.
         </change>
         <change>
            <date when="2018-11-20"/>
            <name type="person" key="KatKap001"/>
            Cataloging: msItems.
         </change>
         <change>
            <date when="2018-11-21"/>
            <name type="person" key="KatKap001"/>
            Cataloging: msItems.
         </change>
      </revisionDesc>
   </teiHeader>
   <facsimile>
      <surface/>
   </facsimile>
</TEI>
