<?xml version="1.0" encoding="UTF-8"?><?oxygen RNGSchema="http://www.handrit.is/schema/handrit-1.0.rnc" type="compact"?>
<TEI xmlns="http://www.tei-c.org/ns/1.0">
   <teiHeader>
      <fileDesc>
         <titleStmt>
            <title type="main">Acc. 39</title>
         </titleStmt>
         <publicationStmt>
            <authority>Den Arnamagnæanske Samling</authority>
            <pubPlace>København</pubPlace>
         </publicationStmt>
         <sourceDesc>
            <msDesc xml:lang="en" xml:id="Acc-0039-en">
               <msIdentifier>
                  <country>Denmark</country>
                  <settlement>København</settlement>
                  <repository>Den Arnamagnæanske Samling</repository>
                  <idno>Acc. 39</idno>

               </msIdentifier>
               <msContents>
                  <summary><title type="supplied">Icelandic translations of various
                     works</title></summary>
                  <titlePage>
                     <docTitle>
                        <titlePart>HORO<gap reason="irrelevant"/>
                           <lb/> Pass<gap reason="irrelevant"/> ser <lb/> JESU CHRISTI Lange <lb/>
                           Dagur, Allra Rietttruadra hiarta kyrre gode friä<lb/>dagur [...] VALERII|
                           HERBERGERI Predikara <lb/> hia Christi Jötu j Frawenstad under polskre
                           <lb/> kronu. göda friadags Erfide f<ex>or</ex>danskad af. Sevaldt
                           Thomessonn Nordh: (<locus from="1r" to="1r">1r</locus>) </titlePart>
                     </docTitle>
                  </titlePage>
                  <msItem n="1" class="gudfr">
                     <locus from="2r" to="75v">2r-75v</locus>
                     <textLang mainLang="is"/>
                     <title type="uniform">Horoscopia passionis domini Pssion-viser Jesu
                        Christi</title>
                     <author key="ValHer001">Valerius Herberger</author>
                     <msItem n="1.1" class="gudfr">
                        <locus from="2r" to="3r">2r-3r</locus>
                        <rubric>Lytell formale Til lesarans <gap reason="illegible"/>
                           <lb/> Jesu Christi pyning<ex>ar</ex> Historia er sund<ex>ur</ex>deilld
                              <gap reason="illegible"/> 4 <lb/> Dagr <ex>og</ex> Nætur Stunder </rubric>
                        <incipit>Elskul<ex>e</ex>g<ex>ir</ex> i Jesu þar er eingin<ex>n</ex>
                              gi<ex>or</ex>ning<ex>ur</ex> [e<ex>r</ex>] frasaga</incipit>
                        <explicit>hi<ex>er</ex> t<ex>il</ex> vilian<ex>n</ex>
                           <ex>og</ex> ad fullkomna Amen.</explicit>
                     </msItem>
                     <msItem n="1.2" class="gudfr">
                        <locus from="3r" to="75v">3r-75v</locus>
                        <rubric>Stutt In<ex>n</ex>ehalld allra þ<ex>ei</ex>ra Dags <ex>og</ex> nætr
                              Stun<ex>n</ex>da sam I þessum<ex>m</ex> Pasiu wyser er
                           um<ex>m</ex>talad</rubric>
                        <incipit>Skyrdagr kuelld nær kluckan<ex>n</ex> er siö</incipit>
                        <explicit>Þv allra kiæraste HERRA JESU Am<ex>e</ex>n <lb/> AMEN</explicit>
                        <colophon>þesse Bök var skriffud i Willin<ex>n</ex>gahollte aff Jone
                              p<ex>resti</ex> Ellendssÿne Anno 1651. In Martio. Jon p<ex>restur</ex>
                           Ellendsson Manni propria</colophon>

                     </msItem>
                     <note>This is an Icelandic translation of the Danish translation of <title
                           type="supplied">Horoscopia passionis domini Pssion-viser Jesu
                           Christi</title> by Sevaldt Thomesøn which was published in Copenhagen in
                        1637.</note>
                  </msItem>
                  <msItem n="2" class="biblsky gudfr">
                     <locus from="77r" to="85v">77r-85v</locus>
                     <title type="supplied">Bible commentary</title>
                     <textLang mainLang="is"/>
                     <incipit>Jnnsetning<ex>ar</ex> ordin<ex>n</ex> So sem þau stan<ex>n</ex>da
                        skrifud af Gudspiallamonun<ex>um</ex> Math 26. Marc 14. Luc 22.</incipit>
                     <note>F. <locus from="76r" to="76r">76r</locus> serves as a title page with the
                        text <q>Walerii HERBERGERI</q> written in the middle. F. <locus from="76v"
                           to="76v">76v</locus> is blank.</note>
                     <note>The rubric has been trimmed and is now illegible.</note>
                  </msItem>
                  <msItem n="3" class="gudfr">
                     <locus from="86r" to="87r">86r-87r</locus>
                     <title type="uniform">Book of Isaiah</title>
                     <title type="supplied">Esajas, spádómsbók</title>
                     <textLang mainLang="is"/>
                     <rubric><gap reason="illegible"/>Esaiæ Röt <lb/> Utploóckud [Af] þeirre
                        kostulegu <ex>og</ex> andlegu Esaiæ Jurta bök<ex>ar</ex>
                        <lb/> 11. Cap. Og nidur sett <ex>og</ex> saad J Allra frömra truande [...]
                        Utsett fyrst ä Þÿsku Af <lb/> Valerio Herbergero. Og nú nÿlega <lb/> utlagt
                        j Donsku af Christiano Juno [...] </rubric>
                     <note>An Icelandic translation of Danish translation of <name type="person"
                           key="ValHer001">Valerius Herberger</name>'s <title type="uniform">Jesus
                           Das Edele Hertzblümelein und Krafftröselein aus der Wurtzel
                        Isai</title>.</note>
                     <note>The beginning of the rubric has been trimmed and is illegible.</note>
                  </msItem>
                  <msItem n="4" class="biblsky">
                     <locus from="87v" to="91r">87v-91r</locus>
                     <title type="supplied">Commentary on the Book of Isaiah</title>
                     <textLang mainLang="is"/>
                  </msItem>
                  <msItem n="4" defective="true" class="sagnfr">
                     <locus from="91v" to="92v">91v-92v</locus>
                     <title type="uniform">Geographia historica Orientalis</title>
                     <author key="HanSko001">Hans Hansson Skoning</author>
                     <textLang mainLang="is"/>
                     <rubric>Hans Hanssonar Skonning yfer Geographiam Historiæ Orientalis</rubric>
                     <incipit>Erlegum og Welbyrdigum man<ex>n</ex>e Otte Marsvin Til <lb/>
                        Dybeck</incipit>
                     <note>An Icelandic translation of 1641 edition of <title type="uniform"
                           >Geographia historica Orientalis</title>.</note>
                  </msItem>
                  <!-- https://books.google.dk/books?id=uzEIMwEACAAJ&printsec=frontcover&hl=da&source=gbs_ge_summary_r&cad=0#v=onepage&q&f=false -->
               </msContents>
               <physDesc>
                  <objectDesc form="codex">
                     <supportDesc material="chart">
                        <support>Paper. <watermark>Watermarks: Two towers, Arms of Amsterdam, some
                              initials as a countermarks.</watermark></support>
                        <extent>i + 92 + i leaves. Size of leaves: <dimensions type="leaf"
                              scope="all">
                              <height unit="mm" quantity="292">292</height>
                              <width unit="mm" quantity="179">179</width>
                           </dimensions>. The leaves were trimmed for binding.</extent>
                        <foliation>
                           <p>Filiation in pencil in the upper-right corners.</p>
                        </foliation>
                     </supportDesc>
                     <layoutDesc>
                        <layout columns="1" writtenLines="28 31">
                           <p>The text is written in one column. There are 28-31 written lines per
                              page.</p>
                        </layout>
                     </layoutDesc>
                  </objectDesc>
                  <handDesc>
                     <handNote scope="major" script="other" scribe="JonErl001">Written by <name
                           type="person" key="JonErl001">Jón Erlendsson</name></handNote>
                  </handDesc>
                  <additions>
                     <p>On f, <locus from="1r" to="1r">1r</locus> there is a note dated to 1756
                        signed Erlendur Jonsson, with a later addition <q>Profastr i Era</q>.</p>
                     <p>Between f. <locus from="1v" to="1v">1v</locus> and <locus from="2r" to="2r"
                           >2r</locus> there is a blue slip of paper which is now bound together
                        with the manuscript. It preserves a text of <title type="supplied">Fögru
                           Önnu kvæði</title> which starts with a rubric: <q>Kvædi af fogru
                              ön<ex>n</ex>u</q>.</p>
                     <p>On f. <locus from="75v" to="75v">75v</locus> there is a note: <q>Þesza bók á
                           húsfreýa Maria Gudmundz dóttir á Kollastödum <lb/> hen<ex>n</ex>i gefin
                           af H. Jónssyni.</q></p>
                  </additions>
                  <accMat>The following items are kept together with the manuscript: <list>
                        <item>Note written by <name type="person" key="FinJon002">Finnur
                              Jónsson</name> on the contents of the manuscripts: <q>Håndskriftet
                              består af 3 dele [...] er mig ellers ukendt <lb/> F. J.</q></item>
                        <item>A title page of the 1520 printed edition of <title type="uniform"
                              >Liber Antibarbarorum</title> by <name type="person" key="EraDes001"
                              >Desiderius Erasmus</name> from Rotterdam: <q>ANTIBAR<lb/>BARORVM D.
                              ERASMI <lb/> ROTERODAMI, LIBER UNUS [...] NIVM AN<ex>NO</ex> M. D.
                              XX.</q>. Possibly it used to be glued to f. <locus from="76r" to="76r"
                              >76r</locus>.</item>
                        <item>A lithograph of an angel and a praying woman. Possibly used to be
                           glued on f. <locus from="76v" to="76v">76v</locus></item>
                        <item>An invoice from <name type="org" key="MunksCopen">Levin &amp;
                              Munksgaard Bookstore</name>, for <q>Islandsk Haandskrift</q> bought
                           for 65 kr.</item>
                        <item>Old binding, fragments of other manuscripts and printed
                           materials.</item>
                     </list>
                  </accMat>
               </physDesc>
               <history>
                  <origin> The manuscript is written by <name type="person" key="JonErl001">Jón
                        Erlendsson</name> from <name type="place" key="VilVil01"
                     >Villingaholt</name>, so his death in 1672 is a terminus ante quem for this
                     manuscript. On f. <locus from="75v" to="75v">75v</locus>, there is a dated
                     colophon with the date 1651. <origPlace key="IS"/><origDate notBefore="1650"
                        notAfter="1672"/>
                  </origin>
                  <provenance/>
                  <acquisition>According to <name type="person" key="AgnLot001">Agnethe Loth</name>
                     (unpublished catalogue of Accessoria collection from 1968), <orgName key="AMS"
                        >The Arnamagnæan Collection</orgName> in <name type="place" key="Copen01"
                        >Copenhagen</name> bought this manuscript on <date when="1936-05-09"/> from
                        <name type="org" key="MunksCopen">Munksgaards Antikvariat</name> for 65
                     kr.</acquisition>

               </history>
               <additional>

                  <adminInfo>
                     <recordHist>
                        <source>Catalogued on <date when="2019-01-07">7 January 2019</date> by <name
                              type="person" key="KatKap001">Katarzyna Anna Kapitan</name>.</source>
                     </recordHist>
                     <custodialHist>
                        <custEvent type="conservation">Under conservation by <name type="person"
                              key="BirDal001">Birgitte Dall</name> from <date when="1960-03-18"/> to
                              <date when="1961-09-26"/>.</custEvent>
                     </custodialHist>
                  </adminInfo>
                  <surrogates>
                     <list>
                        <item>Microfilm neg. 241.</item>
                        <item>Microfilm (archive) neg. 2005 from <date when="2011-06-16"/>.</item>
                        <item>Backup film TS 245 from <date when="2000-02-27"/>.</item>
                     </list>
                  </surrogates>
               </additional>

            </msDesc>
         </sourceDesc>
      </fileDesc>
      <revisionDesc>
         <change>
            <date when="2018-11-22"/>
            <name type="person" key="KatKap001"/>s Cataloguing. </change>
         <change>
            <date when="2018-11-26"/>
            <name type="person" key="KatKap001"/> Cataloguing. </change>
         <change>
            <date when="2018-11-27"/>
            <name type="person" key="KatKap001"/> Cataloguing. </change>
         <change>
            <date when="2019-01-07"/>
            <name type="person" key="KatKap001"/> Surrogates. </change>
      </revisionDesc>
   </teiHeader>
   <facsimile>
      <surface/>
   </facsimile>
</TEI>
