<?xml version="1.0" encoding="UTF-8"?><?oxygen RNGSchema="http://www.handrit.is/schema/handrit-1.0.rnc" type="compact"?><TEI xmlns="http://www.tei-c.org/ns/1.0">
   <teiHeader>
      <fileDesc>
         <titleStmt>
            <title type="main">Acc. 10</title>
         </titleStmt>
         <publicationStmt>
            <authority>Den Arnamagnæanske Samling</authority>
            <pubPlace>København</pubPlace>
         </publicationStmt>
         <sourceDesc><msDesc xml:lang="da" xml:id="Acc-0010-da">
               <msIdentifier>
                  <country>Danmark</country>
                  <settlement>København</settlement>
                  <repository>Den Arnamagnæanske Samling</repository>
                  <idno>Acc. 10</idno>
                  <altIdentifier type="internal" subtype="KKKat">
                     <idno/>
                  </altIdentifier>
               </msIdentifier>
               <head>
                  <title>Dansk lovhåndskrift</title>
                  <origPlace>Danmark</origPlace>
                  <origDate notBefore="1600" notAfter="1699">s. XVII</origDate>
               </head>
               <msContents>
                  <msItem><textLang mainLang="da">Dansk</textLang></msItem>
               </msContents>
               <physDesc>
                  <objectDesc form="codex">
                     <supportDesc material="chart">
                        <support>
                           <p>
                              <material>Papir</material>.</p>
                        </support>
                        <extent>144. 
<dimensions type="leaf" scope="all">
                              <height>202</height>
                              <width>160</width>
                           </dimensions>.</extent>
                     </supportDesc>
                  </objectDesc>
               </physDesc>
            </msDesc>
         </sourceDesc>
      </fileDesc>
   </teiHeader>
   <facsimile>
      <surface/>
   </facsimile>
</TEI>