<?xml version="1.0" encoding="UTF-8"?>
<?oxygen RNGSchema="http://www.handrit.is/schema/handrit-1.0.rnc" type="compact"?>
<TEI xmlns="http://www.tei-c.org/ns/1.0">
    <teiHeader>
        <fileDesc>
            <titleStmt>
                <title type="main">Acc. 61</title>
            </titleStmt>
            <publicationStmt>
                <authority>Den Arnamagnæanske Samling</authority>
                <pubPlace>Copenhagen</pubPlace>
            </publicationStmt>
            <sourceDesc>
                <msDesc xml:id="Acc-0061-en" xml:lang="en">
                    <msIdentifier>
                        <country key="DA">Denmark</country>
                        <settlement>Copenhagen</settlement>
                        <repository>Den Arnamagnæanske Samling</repository>
                        <idno>Acc. 61</idno>
                    </msIdentifier>
                    <msContents>
                        <summary><title type="supplied">A collection of legendary
                            sagas</title></summary>
                        <titlePage>
                            <docTitle>
                                <titlePart>
                                </titlePart>
                            <note>Each text has its own title page.</note>
                        </docTitle></titlePage>
                        <msItem n="1" class="fas">
                            <locus from="1r" to="17v">1r:1-17v:20 (ff. 1r-v unpaginated, pp.
                                1-32)</locus>
                            <title type="uniform">Hálfs saga og Hálfsrekka</title>
                            <textLang mainLang="is"/>
                            <rubric>Hier byrjast Sogu Thattur <lb/>af Alfe konge og reckum hanns.</rubric>
                            <rubric>1 Cap. <lb/> Fra Alfreki konge á Alfreckstodum og Geirhillde <lb/> Drifs
                                dottur.</rubric>
                            <incipit>Alfrekur hiet kongur er bio a Alfrekstodum, hann  <lb/> ried fyrer Hordalande, hann atte Signiu dottur kongs <lb/> af Waurs</incipit>
                            <explicit>Yri hiet dottir han<ex>n</ex>s og er þadann mikil ætt
                                kominn</explicit>
                            <note><p>Title page on <locus from="1r" to="1r">f. 1r
                                (unpaginated)</locus>: "Sogu þattur <lb/> af <lb/> Alfe konge og Reckum
                                    hanns."</p>
                                <p><locus from="1v" to="1v">F. 1v (unpaginated)</locus> left
                                    blank.</p>
                            </note>
                        </msItem>
                        <msItem n="2" class="fas">
                            <locus from="18r" to="29r">18r:1-29r:17 (ff. 18r-v unpaginated, pp.
                                1-21)</locus>
                            <title type="uniform">Hrómundar saga Greipssonar</title>
                            <textLang mainLang="is"/>
                            <rubric>1 Cap:</rubric>
                            <incipit>Sa kongur riede fyrer Gordum, er Olafur hiet, han<ex>n</ex> <lb/> var son Gnodar Asmundar, hann var frægur ma<lb/>dur </incipit>
                            <explicit>Eru af þeim kom<lb/>nar konga ætter og kappar mikler. Og lykur <lb/> hier svo sogu Hromunds Greypssonar.</explicit>
                            <note><p>Title page on <locus from="18r" to="18r">f. 18r
                                (unpaginated)</locus>: "Sagann  <lb/> af <lb/> Hromundi Greipssyne."</p>
                                <p><locus from="18v" to="18v">F. 18v (unpaginated)</locus> and
                                        <locus from="29v" to="29v">f. 29v (unpaginated)</locus> left
                                    blank.</p>
                            </note>
                        </msItem>
                        <msItem n="3" class="fas">
                            <locus from="30r" to="49v">30r:1-49v:20 (ff. 30r-v unpaginated, pp.
                                1-38)</locus>
                            <title type="uniform">Hálfdanar saga Brönufóstra</title>
                            <textLang mainLang="is"/>
                            <rubric>1 Cap. Fra Hringe Dana kongi og bornum hanns.</rubric>
                            <incipit>Hringur er kongur nefndur, hann rieþi fyrir Dan<lb/>mork, hann var vitur madur ok vinsæll, </incipit>
                            <explicit>ok <lb/> svo er sagt at hann væri faþir Alaflecks enn <lb/> sa sem feck dottur Bronu, varþ kongur i Dan<lb/>mark. Ok lykur her sogu Halfdanar Bronu<lb/>fostra</explicit>
                           
                            <note>
                                <p>Title page on <locus from="30r" to="30r">f. 30r
                                    (unpaginated)</locus>: "Saga <lb/> af <lb/> Halfdane Bronufostra."</p>
                                <p><locus from="30v" to="30v">F. 30v (unpaginated)</locus> left
                                    blank.</p>
                                <p><locus from="50r" to="50v">F. 50r-v (unpaginated)</locus> left
                                    blank.</p>
                            </note>
                        </msItem>
                        <msItem n="4" class="fas">
                            <locus from="51r" to="134r">51r:1-134r:23 (ff. 51r-v unpaginated,
                                pp.1-165)</locus>
                            <title type="uniform">Hrólfs saga kraka</title>
                            <textLang mainLang="is"/>
                            <rubric>Hier byrjast Saga <lb/> af <lb/> Hrolfe konge kraka, <lb/> og hefst hier fyrst <lb/> 
                                Froþa þattur. </rubric>
                            <rubric>1 Cap.</rubric>
                            <incipit>Frode kongur drepur Halfdan broþur sin, og <lb/> fra sonum Halfdanar Helga og Hroare hia We<lb/>fil kalle. <lb/> Madur hier Halfdan, enn annar Froder, bræþur þveir ok konga syner, ok styrde finu rike <lb/></incipit>
                            <explicit>Var haugur <lb/> vorpinn epler [sic] Hrolf kong, og lagt <lb/> hia honum sverdid Skofnungur, <lb/> og sinn haugur handa hvorium <lb/> kappanna og nockur vopn
                                hia, <lb/> og endar hier sogu Hrolfs kongs kraka og <lb/> kappa hanns.</explicit>
                                
                            <note>
                                <p>Title page on <locus from="51r" to="51r">f. 51r
                                    (unpaginated)</locus>: "Saga <lb/> af <lb/> Hrolfe konge kraka."</p>
                                <p><locus from="51v" to="51v">F. 51v (unpaginated)</locus> left
                                    blank.</p>
                                <p>On <locus from="62r" to="62r">f. 62r (p. 21)</locus> rubric:
                                    "Annar þattur af þeim brodrum Hroar og Helga Halfdanar sonum. 5
                                    Cap."</p>
                                <p>On <locus from="76v" to="76v">f. 76v (p. 50)</locus> rubric:
                                    "Hier byrjar þridia þatt Sogunnar af Svipdag, og brodrum hans
                                    Beigad og Hvitserk sonum Svips bonda. 18 Cap."</p>
                                <p>On <locus from="86r" to="86r">f. 86r (p. 69)</locus> rubric:
                                    "Fiordi þattur af Bodvare Biarka og brodrum hanns. 24. Cap."</p>
                                <p>On <locus from="99r" to="99r">f. 99r (p. 95)</locus> rubric:
                                    "Fimmti þattur, af Hialla hinum hygpruda, sem adur var kalladur
                                    Hottur karlsson. 33. Cap."</p>
                                <p>On <locus from="109r" to="109r">f. 109r (p. 115)</locus> rubric:
                                    "Siotte þattur, er af Adils Uppsala konge, og Sviþiodarferd
                                    Hrolfs kongs og kappa hanns. 38. Cap."</p>
                                <p>On <locus from="124r" to="124r">f. 124r (p. 145)</locus> rubric:
                                    "Sioundi þattur af Skulldar bardaga og æfelokum Hrolfs kongs
                                    kraka og kappa hanns. 47 Cap."</p>
                                <p><locus from="134v" to="135v">Ff. 134v-135v (unpaginated) </locus> left
                                    blank</p>
                            </note>
                        </msItem>
                    </msContents>
                    <physDesc>
                        <objectDesc form="codex">
                            <supportDesc material="chart">
                                <support>Paper. <watermark>Watermarks: Initials
                                    "Ø &amp; N" in the middle of the paper sheet.</watermark></support>
                                <extent>i + 135 + ii leaves. Size of leaves: <dimensions type="leaf"
                                        scope="all">
                                        <height unit="mm" quantity="197">197</height>
                                        <width unit="mm" quantity="152">152</width>
                                    </dimensions></extent>
                                <foliation><p>Contemporary pagination. Items individually paginated
                                        (1-32; 1-21; 1-38; 1-165). Title pages are not paginated.</p></foliation>
                                <collation><p>
                                    Leaves are gathered in eighteen quires of mostly four
                                    conjoint leaves. <list>
                                        <item>Quire I: Title page + 13-14, 1-2 + 11-12, 3-4 + 9-10,
                                                5-6 + 7-8. </item>
                                        <item>Quire II: 15-16 + 29-30, 17-18 + 27-28, 19-20 + 25-26,
                                                21-22 + 23-24. </item>
                                        <item>Quire III: 31-32 + 11-12, Title page + 9-10, 1-2 + 7-8,
                                                3-4 + 5-6.</item>
                                        <item>Quire IV: 13-14 + 3-4, 15-16 + 1-2, 17-18 + Title page,
                                                19-20 + 21-Unpaginated page. </item>
                                            <item>Quire V: 5-6 + 19-20, 7-8 + 17-18, 9-10 + 15-16, 11-12
                                                + 13-14.</item>
                                            <item>Quire VI: 21-22 + 35-36, 23-24 + 33-34, 25-26 + 31-32,
                                                27-28 + 29-30. </item>
                                            <item>Quire VII: 37-38 + Unpaginated leaf. </item>
                                            <item>Quire VIII: Titel page + 13-14, 1-2 + 11-12, 3-4 + 9-10,
                                                5-6 + 7-8. </item>
                                            <item>Quire IX: 15-16 + 29-30, 17-18 + 27-28, 19-20 + 25-26,
                                                21-22 + 23-24. </item>
                                            <item>Quire X: 31-32 + 45-46, 33-34 + 43-44, 35-36 + 41-42,
                                                37-38 + 39-40. </item>
                                            <item>Quire XI: 47-48 + 61-62, 49-50 + 59-60, 51-52 + 57-58,
                                                53-54 + 55-56. </item>
                                            <item>Quire XII: 63-64 + 77-78, 65-66 + 75-76, 67-68 + 73-74,
                                                69-70 + 71-72. </item>
                                            <item>Quire XIII: 79-80 + 93-94, 81-82 + 91-92, 83-84 + 89-90,
                                                85-86 + 87-88. </item>
                                            <item>Quire XIV: 95-96 + 109-110, 97-98 + 107-108, 99-100 +
                                                105-106, 101-102 + 103-104. </item>
                                            <item>Quire XV: 111-112 + 125-126, 113-114 + 123-124, 115-116
                                                + 121-122, 117-118 + 119-120. </item>
                                            <item>Quire XVI: 127-128 + 141-142, 129-130 + 139-140,
                                                131-132 + 137-138, 133-134 + 135-136. </item>
                                            <item>Quire XVII: 143-144 + 157-158, 145-146 + 155-156,
                                                147-148 + 153-154, 149-150 + 151-152. </item>
                                            <item>Quire XVIII: 159-160 + paste-down, 161-162 + Unpaginated
                                                leaf, 163-164 + 165-Unpaginated page. </item>
                                        </list>
                                    </p>
                                    <signatures>There are no quire signatures.</signatures>
                                    <catchwords>There are no catchwords.</catchwords>
                                </collation>
                                <condition><p>The manuscript is in a good condition.</p>
                                </condition>
                            </supportDesc>
                            <layoutDesc>
                                <layout columns="1" writtenLines="22 24">
                                    <p>The text is written in one column. Each leaf is rulled
                                        into 22-24 lines.</p>
                                    <p>The dimensions of the written area are approx. <dimensions
                                            type="written">
                                            <height unit="mm" quantity="158">158</height>
                                            <width unit="mm" quantity="115">115</width>
                                        </dimensions>.</p>
                                </layout>
                            </layoutDesc>
                        </objectDesc>
                        <handDesc hands="1">
                            <handNote scribe="FreSch002" scope="sole" script="humcursiva">
                                <p> Written by <name type="person" key="FreSch002">Frederik Julius
                                        Schaldemose</name>.</p></handNote>
                        </handDesc>
                        <decoDesc>
                            <p>Manuscript is not decorated.</p>
                        </decoDesc>
                        <additions><p>No additions, except of the provenance note: <q xml:lang="da"
                                    >Skjenket skolebibliotheket af Hr. Schaldemose</q> on <locus
                                    from="1r" to="1r">f. 1r (unpaginated)</locus>.</p>
                        </additions>
                        <bindingDesc>
                            <binding contemporary="true" notBefore="1800" notAfter="1850">
                                <p>Half-bound in the 19th cent. Boards covered with marbled paper
                                    (brown, gray, and blue); leather spine and corners. Blue paper
                                    used for pastedown and flyleaves.</p>
                                <p>Fore-edges of the book block is painted blue. </p>
                                <p>Gilded floral patterns embossed at head and foot of spine and the
                                    image of an urn in the middle. </p>
                                <p>Gilded title embossed into the spine: <q>SOGUBOK ALFE 3 HROLFE 3
                                        &amp;c</q>.</p>
                                <p> A provenance sticker affixed to foot of spine: "Nykjöbi[ng]
                                    Cath-Sko[le] Bibliothek" partially demaged. </p>
                            </binding>
                        </bindingDesc>
                        <accMat/>
                    </physDesc>
                    <history>
                        <origin notBefore="1800" notAfter="1816" cert="medium" evidence="external">
                            <p>The manuscript was written in <origPlace key="DK">Denmark</origPlace>
                                by <name type="person" key="FreSch002">Frederik Julius
                                    Schaldemose</name>. It was given as a gift to the Nykøbing
                                Katedralskole in <date when="1816">1816</date> by <name
                                    type="person" key="FreSch002">Frederik Schaldemose</name>, so it
                                cannot postdate this date.</p>
                            <p><name type="person">Jeffrey Love</name> in fasnl.ku.dk catalogue
                                suggests that the manuscript was probably written some time around
                                    <date from="1816" to="1817">1816-1817</date>, which is based on
                                the dates given in other manuscripts of the same collection (e.g.
                                    <ref target="Acc0052" type="ms">Acc. 52</ref> and <ref
                                    target="Acc0057" type="ms">Acc. 57</ref>).</p>
                        </origin>
                        <provenance>
                            <p>The manuscripts Acc. 51-62 came from <name type="place" key="Nykob01"
                                    >Nykøbing</name> cathedral school. Most of them are <name
                                    type="person" key="FreSch002">Fredrik Schaldemose's</name>
                                transcriptions of Norse texts.</p>
                            <p>The manuscripts were given as a gift to the Nykøbing Katedralskole by
                                    <name type="person" key="FreSch002">Frederik
                                Schaldemose</name>.</p>
                        </provenance>
                        <acquisition>
                            <p><orgName key="AMS">The Arnamagnæan Institute</orgName> in <name
                                    type="place" key="Copen01">Copenhagen</name> acquired the
                                manuscript from the school in <date when="2007">April 2007</date> as
                                a gift.</p>
                        </acquisition>
                    </history>
                    <additional>
                        <adminInfo>
                            <recordHist>
                                <source>
                                    <p>Catalogued on <date when="2013-12-19"/> by <name type="person">Jeffrey Love</name>
                                        for the on-line catalogue fasnl.ku.dk.</p>
                                    <p>Converted to handrit.org standard, revised, and appended with
                                        additional information from the manuscript on <date
                                            when="2017-05-05"/> by <name
                                            type="person" key="KatKap001">Katarzyna Anna
                                            Kapitan</name>.</p>
                                    <p>Collation formula from the <date when="2017-05-09">9th of May 2017</date> by <name type="person" key="MusKam001">Mustafa Kamal</name>.</p>
                                </source>
                            </recordHist>
                        </adminInfo>
                        <surrogates>
                            <p>
                                <list>
                                    <item>Microfilm Neg 2019 from <date when="2011-05-31"/>.</item>
                                    <item>Microfilm (archive) 2001 from <date when="2011-06-01"/>.</item>
                                    <item>Backup film TS 1297 from <date when="2011-06-16"/>.</item>
                                </list>
                            </p>
                        </surrogates>
                    </additional>
                </msDesc>
            </sourceDesc>
        </fileDesc>
        <revisionDesc>
            <change>
                <date when="2018-10-12"/>
                <name type="person" key="KatKap001">Katarzyna Anna Kapitan</name>
                Changed the xml:id and the file name to match
                Acc-0000-en format. Added DA key to country element. Fixed the acquisition and dates 
            </change>
            <change>
                <date when="2018-09-20"/>
                <name type="person" key="KatKap001">Katarzyna Anna Kapitan</name>
                Fixed the date.</change>
            <change>
                <date when="2018-10-01"></date>
                <name type="person" key="KatKap001">Katarzyna Anna Kapitan</name>
                Fixed the typos.</change>
            <change>
                <date when="2018-10-03"/>
                <name type="person" key="KatKap001">Katarzyna Anna Kapitan</name>
                Added info about the watermark.</change>
            <change>
                <date when="2018-10-22"/>
                <name type="person" key="KatKap001">Katarzyna Anna Kapitan</name>
                Fixed handDesc.
            </change>
            <change>
                <date when="2018-10-22"/>
                <name type="person" key="KatKap001">Katarzyna Anna Kapitan</name>
                Fixed titlePart.
            </change>
            <change>
                <date when="2018-11-05"/>
                <name type="person" key="KatKap001">Katarzyna Anna Kapitan</name>
                Added watermark info and line breaks.
            </change>
            <change>
                <date when="2018-11-07"/>
                <name type="person" key="KatKap001">Katarzyna Anna Kapitan</name>
                Added surrogates.
            </change>
        </revisionDesc>
    </teiHeader>
    <facsimile>
        <surface/>
    </facsimile>
</TEI>
