<?xml version="1.0" encoding="UTF-8"?><?oxygen RNGSchema="http://www.handrit.is/schema/handrit-1.0.rnc" type="compact"?><TEI xmlns="http://www.tei-c.org/ns/1.0">
   <teiHeader>
      <fileDesc>
         <titleStmt>
            <title type="main">Acc. 26</title>
         </titleStmt>
         <publicationStmt>
            <authority>Den Arnamagnæanske Samling</authority>
            <pubPlace>København</pubPlace>
         </publicationStmt>
         <sourceDesc>
            <msDesc xml:lang="da" xml:id="Acc-0026-da">
               <msIdentifier>
                  <country>Danmark</country>
                  <settlement>København</settlement>
                  <repository>Den Arnamagnæanske Samling</repository>
                  <idno>Acc. 26</idno>
               </msIdentifier>
               <msContents>
                  <summary><title>Breve fra Vilhelm Gödel til Kristian Kålund</title></summary>
               </msContents>
               <physDesc>
                  <objectDesc form="other">
                     <supportDesc material="chart">
                        <support>Papir.</support>
                     </supportDesc>
                  </objectDesc>
               </physDesc>
               <history>
                  <origin>
                     <origDate when="1916" cert="high" evidence="internal"/>
                     <origPlace key="Stock01"/>
                  </origin>
               </history>
            <additional>
               <adminInfo>
                  <recordHist>
                     <source>
                        <p>Den danske beskrivelse er under udarbejdelse.</p>
                        <p>Nærværende håndskriftbeskrivelsen er lavet på basis af den engelske beskrivelse. For yderligere
                           oplysninger se den engelske beskrivelse: <ref type="url" target="https://handrit.is/manuscript/view/en/Acc-0026">https://handrit.is/manuscript/view/en/Acc-0026</ref>.</p>
                     </source>
                  </recordHist>
               </adminInfo>
            </additional>
            <msPart n="1">
               <altIdentifier type="partial">
                  <idno>Acc. 26 I</idno>
               </altIdentifier>
            </msPart>
            <msPart n="2">
               <altIdentifier type="partial">
                  <idno>Acc. 26 II</idno>
               </altIdentifier>
            </msPart>
            <msPart n="3">
               <altIdentifier type="partial">
                  <idno>Acc. 26 III</idno>
               </altIdentifier>
            </msPart>
         </msDesc>
         </sourceDesc>
      </fileDesc>
      <revisionDesc>
         <change>
            <date when="2019-02-07"/>
            <name type="person" key="KatKap001"/>
            Katalogisering. 
         </change>
      </revisionDesc>
   </teiHeader>
   <facsimile>
      <surface/>
   </facsimile>
</TEI>