<?xml version="1.0" encoding="UTF-8"?><?oxygen RNGSchema="http://www.handrit.is/schema/handrit-1.0.rnc" type="compact"?>
<TEI xmlns="http://www.tei-c.org/ns/1.0">
   <teiHeader>
      <fileDesc>
         <titleStmt>
            <title type="main">Acc. 36</title>
         </titleStmt>
         <publicationStmt>
            <authority>Den Arnamagnæanske Samling</authority>
            <pubPlace>København</pubPlace>
         </publicationStmt>
         <sourceDesc>
            <msDesc xml:lang="en" xml:id="Acc-0036-en">
               <msIdentifier>
                  <country>Denmark</country>
                  <settlement>København</settlement>
                  <repository>Den Arnamagnæanske Samling</repository>
                  <idno>Acc. 36</idno>
                  <altIdentifier type="internal" subtype="KKKat">
                     <idno/>
                  </altIdentifier>
               </msIdentifier>
               <msContents>
                  <summary><title>Kristian Kålund's notes on manuscripts held in various libraries
                        abroad</title></summary>
               </msContents>
               <physDesc>
                  <objectDesc form="other">
                     <supportDesc material="chart">
                        <support>Paper.</support>
                        <extent>336 leaves in total. </extent>
                        <foliation>Only written leaves were foliated in pencil 1-221.</foliation>
                        <collation>
                           The collection was arranged by country (most likely by <name type="person" key="KriKaa001">Kristian Kålund</name> himself):
                           <list>
                              <item>Part I (Nr 1) France.</item>
                              <item>Part II (Nr 2) Germany and Austria-Hungary.</item>
                              <item>Part III (Nr 3a) Germany.</item>
                              <item>Part IV (Nr 3b) Germany.</item>
                              <item>Part V (Nr 4a) Sweden and Norway.</item>
                              <item>Part VI (Nr 4b) Sweden.</item>
                              <item>Part VII (no signature) Sweden.</item>
                              <item>Part VIII (Nr 5) England.</item>
                           </list>
                           Parts IV-VII are bound together with a string.
                        </collation>
                     </supportDesc>
                     
                  </objectDesc>
                  <handDesc>
                     <handNote scope="sole" script="other" scribe="KriKaa001">Written by <name
                        type="person" key="KriKaa001">Kristian Kålund</name>.</handNote>
                  </handDesc>
               </physDesc>
               <history>
                  <origin>
                     <origDate notBefore="1885" notAfter="1919" cert="high" evidence="internal">The collection was gradually accumulated from ca. 1885 (the earliest date attested in Part II) until Kristian Kålund's death in 1919.</origDate>
                  </origin>
                  <acquisition>From <name type="person" key="KriKaa001">Kålund's</name> estate.</acquisition>
               </history>
               
               <additional>
                  <adminInfo>
                     <recordHist>
                        <source>Catalogued on <date
                              when="2019-02-08">8 February 2019</date> by <name type="person" key="KatKap001"
                           >Katarzyna Anna Kapitan</name>.</source>
                     </recordHist>
                     
                  </adminInfo>
                  <surrogates>
                     <list>
                        <item>Microfilm Neg. 847 from <date when="1990-04">April 1990</date>.</item>
                        <item>Microfilm Pos. 767 from <date when="1990-04">April 1990</date>.</item>
                        <item>Backup film TS 1055 from <date when="2006-03-08"/>, a copy of Neg. 847.</item>
                     </list>
                  </surrogates>
               </additional>
               <msPart n="1">
                  <altIdentifier type="partial">
                     <idno>Acc. 36 I</idno>
                  </altIdentifier>
                  <msContents>
                     <msItem n="1" class="notes handfr">
                        <locus from="1r" to="13r">1r-13r</locus>
                        <textLang mainLang="da"/>
                        <title type="supplied">Notes</title>
                        <note>Notes taken in the <name type="org" key="BibNatFr">Bibliothèque nationale de France</name> and
                           <name type="org" key="BibSaiGen">Bibliothèque Sainte-Geneviève</name> in <name type="place" key="Paris01">Paris</name>.</note>
                     </msItem>
                  </msContents>
                  <physDesc>
                     <objectDesc form="codex">
                        <supportDesc material="chart">
                           <extent>18 leaves: Size of the leaves: <dimensions type="leaf" unit="mm">
                                 <height>176</height>
                                 <width>113</width>
                              </dimensions>
                           </extent>
                           <foliation>The first four leaves are glued together but they are foliated
                              in pencil 1-4. The following five leaves are blank and are not
                              foliated. It is unknown when the first four leaves were glued
                              together, but since the text written on some of them is crossed over
                              it is possible that <name type="person" key="KriKaa001">Kristian Kålund</name>
                              himself glued them together.</foliation>
                        </supportDesc>
                     </objectDesc>
                     <handDesc>
                        <handNote scope="sole" script="other" scribe="KriKaa001">Written by <name
                           type="person" key="KriKaa001">Kristian Kålund</name>.</handNote>
                     </handDesc>
                     <additions>
                        <p>On the cover in the top left corner there is a signature <q>Nr 1</q>
                           written in black ink, and <q>Paris</q> written in blue crayon. </p>
                        <p>In the middle of the cover there is the title of the volume
                              <q>Biblioteker <lb/> og <lb/> håndskriftsamlinger <lb/> i <lb/>
                              Paris.</q> written in black ink and underlined with red crayon.</p>
                     </additions>

                  </physDesc>
               </msPart>
               <msPart n="2">
                  <altIdentifier type="partial">
                     <idno>Acc. 36 II</idno>
                  </altIdentifier>
                  <msContents>
                     <msItem n="1" class="notes handfr">
                        <locus from="14r" to="35r">14r-35r</locus>
                        <textLang mainLang="da"/>
                        <title type="supplied">Notes</title>
                        <rubric>Tyskland=Østerrig</rubric>
                        
                        <note>Notes made in <date when="1885"/> concerning various libraries
                           including <name type="place" key="BerGer01">Berlin</name>, <name type="place" key="Pra01">Prague</name>, <name type="place" key="WieAus01">Wienna</name>, <name type="place" key="MunGer01">Munich</name>, <name type="place" key="FraGer01">Frankfurt am Main</name>, and
                           <name type="place" key="Wolfen01">Wolfenbüttel</name>.</note>
                        <note>Includes copies of text samples from various manuscripts in German repositories
                           made with carbon paper.</note>
                     </msItem>
                  </msContents>
                  <physDesc>
                     <objectDesc form="codex">
                        <supportDesc material="chart">
                           <extent>61 leaves in total (1 + 9 + 43 + 7 + 1). Size of the leaves:
                                 <dimensions type="leaf" unit="mm">
                                 <height max="229">229</height>
                                 <width max="180">180</width>
                              </dimensions>
                           </extent>
                           <foliation>Only the written leaves are foliated in pencil. The outermost
                              leaves are made of cardboard and serve as the cover of the notebook in
                              which the notes were made. The front cover is foliated as 14, while
                              the back cover is blank is not foliated.</foliation>
                        </supportDesc>
                     </objectDesc>
                     <handDesc>
                        <handNote scope="sole" script="other" scribe="KriKaa001">Written by <name
                           type="person" key="KriKaa001">Kristian Kålund</name>.</handNote>
                     </handDesc>
                     <additions>
                        <p>On the cover in the top left corner there is a signature <q>Nr 2</q>
                           written in black ink. </p>
                        <p>In the top right corner there is the stamp <q>Kr. Kålund</q>.</p>
                        <p>In the middle of the cover there is the title of the volume
                              <q>Tysklan=Ørserig</q> written in black ink.</p>
                     </additions>
                  </physDesc>
                  <history>
                     <origin>The date <origDate when="1885">1885</origDate> appears in various
                        places in the manuscript. </origin>
                  </history>
               </msPart>

               <msPart>
                  <altIdentifier type="partial">
                     <idno>Acc. 36 III</idno>
                  </altIdentifier>
                  <msContents>
                     <msItem class="notes handfr">
                        <locus from="37r" to="49v">37r-49v</locus>
                        <textLang mainLang="da"/>
                        <title type="supplied">Notes</title>
                        <note>Descriptions made in <date when="1902">1902</date> and <date when="1904">1904</date> of manuscripts in German
                           collections, for example in <name type="place" key="BerGer01">Berlin</name>, <name type="place" key="Kiel01">Kiel</name>, Lübeck.</note>
                     </msItem>
                  </msContents>
                  <physDesc>
                     <objectDesc form="codex">
                        <supportDesc material="chart">
                           <support>Paper.</support>
                           <extent>20 leaves. <dimensions type="leaf" unit="mm">
                                 <height atLeast="167" atMost="223">167-223</height>
                                 <width atLeast="52" atMost="180">52-180</width>
                              </dimensions>.</extent>
                           <foliation>Only written leaves are foliated, but there are blank leaves
                              which are not foliated. </foliation>
                        </supportDesc>
                     </objectDesc>
                     <handDesc>
                        <handNote scope="sole" script="other" scribe="KriKaa001">Written by <name
                           type="person" key="KriKaa001">Kristian Kålund</name>.</handNote>
                     </handDesc>
                     <additions>
                        <p>In the left top corner there is a signature <q>Nr 3 a</q> written in
                           black ink.</p>
                        <p>In the middle of the cover there is the title written in blue crayon
                              <q>Håndskriftbeskrivel[se]</q> and below <q>Tyskland</q> written in
                           grey pencil.</p>
                     </additions>
                  </physDesc>
                  <history>
                     <origin> The date <origDate when="1904">Juli 1904</origDate> is attested in
                        various places in the manuscript. </origin>
                  </history>
               </msPart>
               <msPart>
                  <altIdentifier type="partial">
                     <idno>Acc. 36 IV</idno>
                  </altIdentifier>
                  <msContents>
                     <msItem class="notes handfr">
                        <locus from="50r" to="57r">50r-57r</locus>
                        <textLang mainLang="da"/>
                        <title type="supplied">Notes</title>
                        <note>The notes on Codex Erfordensis were used in Kristian Kålund's publication <bibl><ref
                                 target="KriKal1909a">Codex Erfordensis af de Lundske annaler</ref>,
                                 <biblScope type="pages">303-309</biblScope></bibl>.</note>
                     </msItem>
                  </msContents>
                  <physDesc>
                     <objectDesc form="codex">
                        <supportDesc material="chart">
                           <support>Paper. </support>
                           <extent>26 leaves (1 + 24 + 1). <dimensions type="leaf" unit="mm">
                                 <height atMost="220">220</height>
                                 <width atMost="180">180</width>
                              </dimensions>.</extent>
                           <foliation>Only the written leaves are foliated in pencil. The outermost
                              leaves are made of different paper and serve as the cover of the
                              notebook in which the notes were made. The front cover is foliated as
                              50, while the back cover is blank is not foliated.</foliation>
                        </supportDesc>
                     </objectDesc>
                     <additions>
                        <p>On the cover in the top left corner there is a signature <q>Nr. 3b</q>
                           written in black ink. </p>
                        <p>In the middle of the cover there is the title of the volume <q>Codex
                              Erfordensis 23, 9vo (Annales Lundenses)</q> written in black ink, and
                           above <q>Kiel</q> written in pencil, and below the part in black ink
                              <q>Cf. Arkiv f. nord. filol.|  XXV. 303 ff.</q> written in pencil.</p>
                     </additions>
                  </physDesc>
               </msPart>
               <msPart>
                  <altIdentifier type="partial">
                     <idno>Acc. 36 V</idno>
                  </altIdentifier>
                  <msContents>
                     <msItem class="notes handfr">
                        <locus from="58r" to="105r">58r-105r</locus>
                        <title type="supplied">Notes</title>
                        <note>Notes on manuscripts held in Sweden and Norway. </note>
                        <note>Among other papers, there is a letter to <name type="person" key="KriKaa001">Kristian Kålund</name> from <name type="person" key="CarPet001">Carl af Petersens</name> and copies of text samples from various manuscripts 
                           made with carbon paper.</note>
                     </msItem>
                  </msContents>
                  <physDesc>
                     <objectDesc form="codex">
                        <supportDesc material="chart">
                           <support>Paper. </support>
                           <extent>53 leaves. Various types of paper in various sizes: <dimensions
                                 type="leaf" unit="mm">
                                 <height atLeast="28" atMost="229">28-229</height>
                                 <width atLeast="80" atMost="183">80-183</width>
                              </dimensions>.</extent>
                           <foliation>Only the written leaves are foliated in pencil. The outermost
                              leaves are made of different, thicker paper and serve as the cover of
                              the notebook in which the notes were made. The front cover is foliated
                              as 58, while the back cover is blank is not foliated.</foliation>
                        </supportDesc>
                     </objectDesc>
                     <additions>
                        <p>On the cover in the top left corner there is a signature <q>I</q> written
                           in black ink and in the lower part of the cover there is a signature
                              <q>Nr 4a</q> written in black ink. </p>
                        <p>In the middle of the cover there is the title of the volume
                              <q>Sverig-Norge</q> written in black ink.</p>
                     </additions>
                  </physDesc>
               </msPart>
               <msPart>
                  <altIdentifier type="partial">
                     <idno>Acc. 36 IV b</idno>
                  </altIdentifier>
                  <msContents>
                     <msItem class="notes handfr">
                        <locus from="106r" to="178r">106r-178r</locus>
                        <title type="supplied">Notes</title>
                        <note>A detailed description of <ref target="#HolmPerg04-0022-is">Holm. Perg. 22 4to</ref></note>
                     </msItem>
                  </msContents>
                  <physDesc>
                     <objectDesc form="codex">
                        <supportDesc material="unknown">
                           <extent>74 + 38 leaves (two notebooks). Size of the leaf: <dimensions type="leaf" unit="mm">
                                 <height atLeast="111" atMost="178">111-178</height>
                                 <width atMost="67" atLeast="112">67-112</width>
                              </dimensions>.</extent>
                           <foliation>Only the written leaves are foliated in pencil. </foliation>
                        </supportDesc>
                     </objectDesc>
                     <handDesc>
                        <handNote scope="sole" script="other" scribe="KriKaa001">Written by <name
                           type="person" key="KriKaa001">Kristian Kålund</name>.</handNote>
                     </handDesc>
                     <additions>
                        <p>On the cover in the top left corner there is a stamp <q>J. L. Wisbech
                              Skindberg 31, Bog &amp; Papir handel</q> and in the lower part of the
                           cover there is a signature <q>Nr 4b</q> written in black ink. </p>
                        <p>In the middle of the cover there is the title of the volume <q><ref target="#HolmPerg04-0022-is">Stockh.
                              isl. perg. 22, 4to.</ref></q> written in black ink.</p>
                     </additions>
                  </physDesc>
               </msPart>
               <msPart>
                  <altIdentifier type="partial">
                     <idno>Acc. 36 VI</idno>
                  </altIdentifier>
                  <msContents>
                     <msItem class="notes handfr">
                        <locus from="179r" to="189v">179r-189v</locus>
                        <title type="supplied">Notes</title>
                        <note>A detailed description of DG: 34-36.</note>
                     </msItem>
                  </msContents>
                  <physDesc>
                     <objectDesc form="codex">
                        <supportDesc material="chart">
                           <support>Paper. </support>
                           <extent>12 leaves. Size of the leaf: 
                           <dimensions type="leaf" unit="mm">
                              <height>232</height>
                              <width>181</width>
                           </dimensions>.</extent>
                           <foliation>Only written leaves are foliated in pencil.</foliation>
                        </supportDesc>
                     </objectDesc>
                     <handDesc>
                        <handNote scope="sole" script="other" scribe="KriKaa001">Written by <name
                           type="person" key="KriKaa001">Kristian Kålund</name>.</handNote>
                     </handDesc>
                     <additions>This part does not have any cover or a signature.</additions>
                  </physDesc>
               </msPart>
               <msPart>
                  <altIdentifier type="partial">
                     <idno>Acc. 36 VI</idno>
                  </altIdentifier>
                  <msContents>
                     <msItem class="notes handfr">
                        <locus from="190r" to="221v">190r-221v</locus>
                        <title type="supplied">Notes</title>
                        <note>Notes on manuscripts in the <name type="org" key="AdvLib">Advocates Library</name> and the <name type="org" key="Britmus">British Museum</name>.</note>
                     </msItem>
                  </msContents>
                  <physDesc>
                     <objectDesc form="codex">
                        <supportDesc material="chart">
                           <support>Paper. 
                           </support>
                           <extent>34 leaves. Size of leaf: <dimensions type="leaf" unit="mm">
                              <height atLeast="61" atMost="228">228</height>
                              <width atLeast="89" atMost="183">183</width>
                           </dimensions>.</extent>
                           <foliation>Only the written leaves are foliated in pencil. </foliation>
                        </supportDesc>
                     </objectDesc>
                     <handDesc>
                        <handNote scope="sole" script="other" scribe="KriKaa001">Written by <name
                           type="person" key="KriKaa001">Kristian Kålund</name>.</handNote>
                     </handDesc>
                     <additions>
                        <p>On the cover in the top left corner there is a signature <q>Nr 5</q> written in black ink. In the middle of the cover the tile <q>Håndskriftoptegnelser fra | Advocates library &amp; British Museum.</q> is written.</p>
                     </additions>
                  </physDesc>
               </msPart>
            </msDesc>
         </sourceDesc>
      </fileDesc>
      <revisionDesc>
         <change>
            <date when="2019-02-09"/>
            <name type="person" key="KatKap001"/> Cataloguing </change>
         <change>
            <date when="2019-02-11"/>
            <name type="person" key="KatKap001"/> Cataloguing </change>
         <change>
            <date when="2019-02-15"/>
            <name type="person" key="KatKap001"/> Cataloguing </change>
      </revisionDesc>
   </teiHeader>
   <facsimile>
      <surface/>
   </facsimile>
</TEI>
