<?oxygen RNGSchema="http://www.handrit.is/schema/handrit-1.0.rnc" type="compact"?>
<TEI xmlns="http://www.tei-c.org/ns/1.0">
  <teiHeader>
    <fileDesc>
      <titleStmt>
        <title type="main">Acc. 4 c I[6]</title>
      </titleStmt>
      <publicationStmt>
        <authority>Den Arnamagnæanske Samling</authority>
        <pubPlace>Copenhagen</pubPlace>
      </publicationStmt>
      <sourceDesc>
        <msDesc xml:id="Acc-0004-c-I-6-en" xml:lang="en">
          <msIdentifier>
            <country>Denmark</country>
            <settlement>Copenhagen</settlement>
            <repository>Den Arnamagnæanske Samling</repository>
            <idno>Acc. 4 c I[6]</idno>
            <altIdentifier type="internal" subtype="KKKat">
              <idno>2826</idno>
            </altIdentifier>
          </msIdentifier>
          <head>
            <title type="supplied">Faroese Ballads alphabetically arranged (G)</title>
          </head>
          <physDesc/>
          <history>
            <origin notBefore="1800" notAfter="1899">
              <p>Written in the <origPlace key="FO">Faroe Islands</origPlace> in the <origDate
                  notBefore="1800" notAfter="1899">nineteenth century</origDate>.</p>
            </origin>
            <provenance>
              <p>The manuscript materials were part of <name type="person" key="VenHam001">V. U.
                  Hammershaimb's</name> private archive and were originally intended for <orgName
                  key="KglNordOld">Det kgl. nordiske Oldskriftselskab</orgName>. They were given to
                the <orgName key="AMS">Arnamagnæan Collection</orgName> following Hammershaimb's
                death in <date when="1909">1909</date>.</p>
            </provenance>
          </history>
          <additional/>


          <msPart n="1">
            <altIdentifier type="other">
              <idno>Karlamagnusar kvæði (Geipa táttur)</idno>
            </altIdentifier>
            <msContents>
              <summary><title type="uniform">Karlamagnusar kvæði (Geipa táttur)</title></summary>
              <msItem n="1" class="kvad">
                <locus from="1r" to="3v">pp. 1-6 (ff. 1r-3v)</locus>
                <title type="uniform">Karlamagnusar kvæði (Geipa táttur)</title>
                <textLang mainLang="fo">Faroese</textLang>
                <rubric>Geipa táttur</rubric>
                <respStmt>
                  <resp key="inf">Informant</resp>
                  <name type="person" key="AnnJoe002">Anna Sofía á Skála</name>
                </respStmt>
                <incipit>Keisurin situr í gullstóli</incipit>
                <explicit>tríggja daga á leið</explicit>
                <bibl>CCF 106[IV]D. <ref type="secondary-1" target="Foroya">Føroya Kvæði</ref>
                  <biblScope type="volume">V</biblScope><biblScope type="pages">37-42</biblScope>
                </bibl>
              </msItem>
            </msContents>
            <physDesc>
              <objectDesc form="codex">
                <supportDesc material="chart">
                  <support>Paper.</support>
                  <extent>3. <dimensions type="leaf" scope="all">
                      <!--<height unit="mm" quantity="1234">1234</height>
                      <width unit="mm" quantity="1234">1234</width>-->
                    </dimensions>
                  </extent>

                  <foliation><p>There is no foliation.</p></foliation>
                  <collation>
                    <p>
                      <!--<list>
                          <item/>
                        </list>-->
                    </p>
                    <signatures>There are no signatures.</signatures>
                    <catchwords>There are no catchwords.</catchwords>
                  </collation>
                  <condition>
                    <p>The paper is in good condition.</p>
                  </condition>
                </supportDesc>
                <layoutDesc>
                  <layout columns="2" writtenLines="32">
                    <p>Written in two columns with around 32 lines per column.</p>
                  </layout>
                </layoutDesc>
              </objectDesc>
              <handDesc hands="1">
                <handNote scribe="VenHam001" scope="sole" script="other">Written by <name
                    type="person" key="VenHam001">V. U. Hammershaimb</name>.</handNote>
              </handDesc>
            </physDesc>
            <history>
              <origin when="1848" cert="high">
                <p>Recorded by <name type="person" key="VenHam001">V. U. Hammershaimb</name> in
                    <origDate when="1848" cert="high">1848</origDate> from <name type="person"
                    key="AnnJoe002">Anna Sophia Maria Joensdatter (Anna Sofía á Skála)</name>,
                    <placeName key="VagSud01">Vágur, Suðuroy</placeName>.</p>
              </origin>
            </history>
          </msPart>
          <msPart n="2.1">
            <altIdentifier type="other">
              <idno>Geyti Áslaksson (a)</idno>
            </altIdentifier>
            <msContents>
              <summary><title type="uniform">Geyti Áslaksson</title></summary>
              <msItem n="2.1" class="kvad" defective="true">
                <locus from="4r" to="19v">pp. 7-38 (ff. 4r-19v)</locus>
                <title type="uniform">Geyti Áslaksson</title>
                <textLang mainLang="fo" otherLangs="da">Faroese with Danish translation and
                  commentary</textLang>
                <rubric>Jejdi Aslaksens Kveâji</rubric>
                <msItem n="2.1.1" class="notes">
                  <locus from="4r" to="4r">p. 7 (f. 4r)</locus>
                  <title type="supplied">Commentary</title>
                  <textLang mainLang="da">Danish</textLang>
                  <incipit>Oversætteren tillader sig fölgende Bemærkning</incipit>
                  <explicit>for ej at skade Familien</explicit>
                </msItem>
                <msItem n="2.1.2" class="kvad">
                  <locus from="4v" to="19v">pp. 7-38 (ff. 4v-19v)</locus>
                  <title type="uniform">Geyti Áslaksson</title>
                  <textLang mainLang="fo">Faroese</textLang>
                  <incipit>Aslakur droimdi Dreimanar</incipit>
                  <explicit>alt forrutan Treea</explicit>
                  <note>Written on every verso. Ends in middle of verse 102.</note>
                </msItem>
                <msItem n="2.1.3" class="tyd">
                  <locus from="5r" to="19r">pp. 8-37 (ff. 5r-19r)</locus>
                  <title type="supplied">Geyti Áslasksson (translation)</title>
                  <textLang mainLang="da">Danish</textLang>
                  <incipit>Aslak drömte Drömmene</incipit>
                  <explicit>han mistede Liv og Hær</explicit>
                  <note>Written on every recto. Ends with verse 94.</note>
                </msItem>
                <filiation> Copied in <ref target="AM04-0972-A-1-7" type="ms">AM 972 A 7 4to</ref>. </filiation>
                <bibl>CCF 30D. <ref type="secondary-1" target="Foroya">Føroya Kvæði</ref>
                  <biblScope type="volume">I</biblScope><biblScope type="pages">638-644</biblScope>
                </bibl>
              </msItem>
            </msContents>
            <physDesc>
              <objectDesc form="codex">
                <supportDesc material="chart">
                  <support>Paper.</support>
                  <extent>16. <dimensions type="leaf" scope="all">
                      <!--<height unit="mm" quantity="1234">1234</height>
                      <width unit="mm" quantity="1234">1234</width>-->
                    </dimensions>
                  </extent>

                  <foliation><p>There is no foliation.</p></foliation>
                  <collation>
                    <p>
                      <!--<list>
                          <item/>
                        </list>-->
                    </p>
                    <signatures>There are no signatures.</signatures>
                    <catchwords>There are no catchwords.</catchwords>
                  </collation>
                  <condition>
                    <p>The paper is in good condition.</p>
                  </condition>
                </supportDesc>
                <layoutDesc>
                  <layout columns="1" writtenLines="26">
                    <p>Written in a single column with 26 lines per page.</p>
                  </layout>
                </layoutDesc>
              </objectDesc>
              <handDesc hands="1">
                <handNote scribe="JohSch001" scope="sole" script="other"><p>Written by <name
                      type="person" key="JohSch001">J. H. Schrøter</name>.</p></handNote>
              </handDesc>
            </physDesc>
          </msPart>
          <msPart n="2.2">
            <altIdentifier type="other">
              <idno>Geyti Áslaksson (b)</idno>
            </altIdentifier>
            <msContents>
              <summary><title type="uniform">Geyti Áslaksson</title></summary>
              <msItem n="2.2" class="kvad">
                <locus from="20r" to="25v">pp. 39-50 (ff. 20r-25v)</locus>
                <title type="uniform">Geyti Áslaksson</title>
                <textLang mainLang="fo">Faroese</textLang>
                <rubric>Jejdi Aslaksen</rubric>
                <incipit>Aslakur drojmdi drejmina</incipit>
                <explicit>ead han ikkje önskio kundi</explicit>
                <textLang mainLang="fo">Faroese</textLang>
                <bibl>CCF 30B. <ref type="secondary-1" target="Foroya">Føroya Kvæði</ref>
                  <biblScope type="volume">I</biblScope><biblScope type="pages">632-637</biblScope>
                </bibl>
              </msItem>
            </msContents>
            <physDesc>
              <objectDesc form="codex">
                <supportDesc material="chart">
                  <support>Paper.</support>
                  <extent>7. <dimensions type="leaf" scope="all">
                      <!--<height unit="mm" quantity="1234">1234</height>
                      <width unit="mm" quantity="1234">1234</width>-->
                    </dimensions>
                  </extent>

                  <foliation><p>There is no foliation.</p></foliation>
                  <collation>
                    <p>
                      <!--<list>
                          <item/>
                        </list>-->
                    </p>
                    <signatures>There are no signatures.</signatures>
                    <catchwords>There are no catchwords.</catchwords>
                  </collation>
                  <condition>
                    <p>The paper is in good condition.</p>
                  </condition>
                </supportDesc>
                <layoutDesc>
                  <layout columns="1" writtenLines="24 26">
                    <p>Written in a single column with around 24-26 lines per page.</p>
                  </layout>
                </layoutDesc>
              </objectDesc>
              <handDesc hands="1">
                <handNote scribe="JohSch001" scope="sole" script="other"><p>Written by <name
                      type="person" key="JohSch001">J. H. Schrøter</name>.</p></handNote>
              </handDesc>
            </physDesc>
          </msPart>
          <msPart n="3">
            <altIdentifier type="other">
              <idno>Gongurólvs kvæði</idno>
            </altIdentifier>
            <msContents>
              <summary><title type="uniform">Gongurólvs kvæði</title></summary>
              <msItem n="3" class="kvad">
                <locus from="26r" to="29v">pp. 51-58 (ff. 26r-29v)</locus>
                <title type="uniform">Gongurólvs kvæði</title>
                <textLang mainLang="fo">Faroese</textLang>
                <rubric>Gongurolvs kvæði</rubric>
                <respStmt>
                  <resp key="inf">Informant</resp>
                  <name type="person" key="OleOle001">Ólavur Olavsson í Hvannasundi</name>
                </respStmt>
                <incipit>Havið tàr eina rímu hoyrt</incipit>
                <note>A variant verse (87b) found in second column of final page (<locus from="29v"
                    to="29v">p. 85</locus>)</note>
                <explicit>sólin roðar í hàv</explicit>
                <bibl>CCF 29E. <ref type="secondary-1" target="Foroya">Føroya Kvæði</ref>
                  <biblScope type="volume">I</biblScope><biblScope type="pages">607-612</biblScope>
                </bibl>
              </msItem>
            </msContents>
            <physDesc>
              <objectDesc form="codex">
                <supportDesc material="chart">
                  <support>Paper.</support>
                  <extent>4. <dimensions type="leaf" scope="all">
                      <!--<height unit="mm" quantity="1234">1234</height>
                      <width unit="mm" quantity="1234">1234</width>-->
                    </dimensions>
                  </extent>

                  <foliation><p>There is no foliation.</p></foliation>
                  <collation>
                    <p>
                      <!--<list>
                          <item/>
                        </list>-->
                    </p>
                    <signatures>There are no signatures.</signatures>
                    <catchwords>There are no catchwords.</catchwords>
                  </collation>
                  <condition>
                    <p>The paper is in good condition.</p>
                  </condition>
                </supportDesc>
                <layoutDesc>
                  <layout columns="2" writtenLines="24 28">
                    <p>Written in two columns with 24 to 28 lines per column.</p>
                  </layout>
                </layoutDesc>
              </objectDesc>
              <handDesc hands="1">
                <handNote scribe="VenHam001" scope="sole" script="other">Written by <name
                    type="person" key="VenHam001">V. U. Hammershaimb</name>.</handNote>
              </handDesc>
            </physDesc>
            <history>
              <origin when="1853" cert="high">
                <p>Recorded by <name type="person" key="VenHam001">V. U. Hammershaimb</name> in
                    <origDate when="1853" cert="high">1853</origDate> from <name type="person"
                    key="OleOle001">Ole Olesen</name>, <placeName key="HvaVid01">Hvannasund,
                    Viðoy</placeName>.</p>
              </origin>
            </history>
          </msPart>
          <msPart n="4.1.1">
            <altIdentifier type="other">
              <idno>Greivin av Jansalín (a)</idno>
            </altIdentifier>
            <msContents>
              <summary><title type="uniform">Greivin av Jansalín</title></summary>
              <msItem n="4.1.1" class="kvad">
                <locus from="30r" to="31r">pp. 59-61 (ff. 30r-31r)</locus>
                <title type="uniform">Greivin av Jansalín</title>
                <textLang mainLang="fo">Faroese</textLang>
                <rubric>Graivin eav Jansalin</rubric>
                <incipit>Tea vear Graivin eav Jansalin</incipit>
                <explicit>tan avriskappe resti</explicit>
                <bibl>CCF 130A. <ref type="secondary-1" target="Foroya">Føroya Kvæði</ref>
                  <biblScope type="volume">VI</biblScope><biblScope type="pages">80-82</biblScope>
                </bibl>
              </msItem>
              <msItem n="4.1.2" class="kvad">
                <locus from="31r" to="34v">pp. 61-68 (ff. 31r-34v)</locus>
                <title type="uniform">Grimmars kvæði</title>
                <textLang mainLang="fo">Faroese</textLang>
                <rubric>Grimar kongur uj Geararuikje</rubric>
                <incipit>Villia tear liou o luja aa</incipit>
                <explicit>suinun foutun aa land</explicit>
                <bibl>CCF 51E. <ref type="secondary-1" target="Foroya">Føroya Kvæði</ref>
                  <biblScope type="volume">II</biblScope><biblScope type="pages">267-275</biblScope>
                </bibl>
              </msItem>
            </msContents>
            <physDesc>
              <objectDesc form="codex">
                <supportDesc material="chart">
                  <support>Paper.</support>
                  <extent>6. <dimensions type="leaf" scope="all">
                      <!--<height unit="mm" quantity="1234">1234</height>
                      <width unit="mm" quantity="1234">1234</width>-->
                    </dimensions>
                  </extent>

                  <foliation><p>There is no foliation.</p></foliation>
                  <collation>
                    <p>
                      <!--<list>
                          <item/>
                        </list>-->
                    </p>
                    <signatures>There are no signatures.</signatures>
                    <catchwords>There are no catchwords.</catchwords>
                  </collation>
                  <condition>
                    <p>The paper is in good condition.</p>
                  </condition>
                </supportDesc>
                <layoutDesc>
                  <layout columns="1" writtenLines="42">
                    <p>Written in a single column with around 42 lines per page.</p>
                  </layout>
                </layoutDesc>
              </objectDesc>
              <handDesc hands="1">
                <handNote scribe="JohSch001" scope="sole" script="other"><p>Written by <name
                      type="person" key="JohSch001">J. H. Schrøter</name>.</p></handNote>
              </handDesc>
            </physDesc>
          </msPart>
          <msPart n="4.2">
            <altIdentifier type="other">
              <idno>Greivin av Jansalín (b)</idno>
            </altIdentifier>
            <msContents>
              <summary><title type="uniform">Greivin av Jansalín</title></summary>
              <msItem n="4.2" class="kvad">
                <locus from="35r" to="36v">pp. 69-72 (ff. 35r-36v)</locus>
                <title type="uniform">Greivin av Jansalín</title>
                <textLang mainLang="fo">Faroese</textLang>
                <rubric>Greivin af Gansalín</rubric>
                <respStmt>
                  <resp key="inf">Informant</resp>
                  <name type="person" key="OleJoe001">Óli Joensen í Skálavík</name>
                </respStmt>
                <incipit>Tað var greivin af Gansalín</incipit>
                <explicit>bjarnalívi</explicit>
                <bibl>CCF 130C. <ref type="secondary-1" target="Foroya">Føroya Kvæði</ref>
                  <biblScope type="volume">VI</biblScope><biblScope type="pages">84-86</biblScope>
                </bibl>
              </msItem>
            </msContents>
            <physDesc>
              <objectDesc form="codex">
                <supportDesc material="chart">
                  <support>Paper.</support>
                  <extent>2. <dimensions type="leaf" scope="all">
                      <!--<height unit="mm" quantity="1234">1234</height>
                      <width unit="mm" quantity="1234">1234</width>-->
                    </dimensions>
                  </extent>

                  <foliation><p>There is no foliation.</p></foliation>
                  <collation>
                    <p>
                      <!--<list>
                          <item/>
                        </list>-->
                    </p>
                    <signatures>There are no signatures.</signatures>
                    <catchwords>There are no catchwords.</catchwords>
                  </collation>
                  <condition>
                    <p>The paper is in good condition.</p>
                  </condition>
                </supportDesc>
                <layoutDesc>
                  <layout columns="2" writtenLines="32">
                    <p>Written in two columns with around 32 lines per column.</p>
                  </layout>
                </layoutDesc>
              </objectDesc>
              <handDesc hands="1">
                <handNote scribe="VenHam001" scope="sole" script="other">Written by <name
                    type="person" key="VenHam001">V. U. Hammershaimb</name>.</handNote>
              </handDesc>
            </physDesc>
            <history>
              <origin when="1847" cert="high">
                <p>Written in the Faroe Islands in 1847 from the informant <name type="person" key="OleJoe001">Ole
                    Joensen</name> in <placeName key="SkaSan01">Skálavík, Sandoy</placeName>.</p>
              </origin>
            </history>
          </msPart>
          <msPart n="4.3">
            <altIdentifier type="other">
              <idno>Greivin av Jansalín (c)</idno>
            </altIdentifier>
            <msContents>
              <summary><title type="uniform">Greivin av Jansalín</title></summary>
              <msItem n="4.3" class="kvad">
                <locus from="37r" to="37v">pp. 73-74 (ff. 37r-37v)</locus>
                <title type="uniform">Greivin av Jansalín</title>
                <textLang mainLang="fo">Faroese</textLang>
                <rubric>Greivin af Jansalín</rubric>
                <respStmt>
                  <resp key="inf">Informant</resp>
                  <name type="person" key="AnnJoe002">Anna Sofía Joensdatter á Skála í Vági</name>
                </respStmt>
                <incipit>fàðir sín</incipit>
                <explicit>kappin af tí landi</explicit>
                <note>Variants to <ref>b</ref></note>
                <bibl>CCF 130B. <ref type="secondary-1" target="Foroya">Føroya Kvæði</ref>
                  <biblScope type="volume">VI</biblScope><biblScope type="pages">83-84</biblScope>
                </bibl>
              </msItem>
            </msContents>
            <physDesc>
              <objectDesc form="codex">
                <supportDesc material="chart">
                  <support>Paper.</support>
                  <extent>1. <dimensions type="leaf" scope="all">
                      <!--<height unit="mm" quantity="1234">1234</height>
                      <width unit="mm" quantity="1234">1234</width>-->
                    </dimensions>
                  </extent>

                  <foliation><p>There is no foliation.</p></foliation>
                  <collation>
                    <p>
                      <!--<list>
                          <item/>
                        </list>-->
                    </p>
                    <signatures>There are no signatures.</signatures>
                    <catchwords>There are no catchwords.</catchwords>
                  </collation>
                  <condition>
                    <p>The paper is in good condition.</p>
                  </condition>
                </supportDesc>
                <layoutDesc>
                  <layout columns="2" writtenLines="32">
                    <p>Written in two columns with around 32 lines per column.</p>
                  </layout>
                </layoutDesc>
              </objectDesc>
              <handDesc hands="1">
                <handNote scribe="VenHam001" scope="sole" script="other">Written by <name
                    type="person" key="VenHam001">V. U. Hammershaimb</name>.</handNote>
              </handDesc>
            </physDesc>
            <history>
              <origin when="1848" cert="high">
                <p>Recorded by <name type="person" key="VenHam001">V. U. Hammershaimb</name> in
                  <origDate when="1848" cert="high">1848</origDate> from <name type="person" key="AnnJoe002">Anna
                  Sophia Maria Joensdatter (Anna Sofía á Skála)</name>, <placeName key="VagSud01">Vágur, Suðuroy</placeName>.</p>
              </origin>
            </history>
          </msPart>
          <msPart n="5">
            <altIdentifier type="other">
              <idno>Gríms ríma</idno>
            </altIdentifier>
            <msContents>
              <summary><title type="uniform">Gríms ríma</title></summary>
              <msItem n="5" class="kvad">
                <locus from="38r" to="39r">pp. 75-77 (ff. 38r-39r)</locus>
                <title type="uniform">Gríms ríma</title>
                <textLang mainLang="fo">Faroese</textLang>
                <rubric>Gríms ríma</rubric>
                <respStmt>
                  <resp key="inf">Informant</resp>
                  <name type="person" key="ThoJoe001">Tumas Jogvansson við Krájir í Vági</name>
                </respStmt>
                <incipit>Ein er ríman skrivað í land</incipit>
                <explicit>reið so hvör í höll til sín</explicit>
                <bibl>CCF 52B. <ref type="secondary-1" target="Foroya">Føroya Kvæði</ref>
                  <biblScope type="volume">1234</biblScope><biblScope type="pages"
                    >278-280</biblScope>
                </bibl>
              </msItem>
            </msContents>
            <physDesc>
              <objectDesc form="codex">
                <supportDesc material="chart">
                  <support>Paper.</support>
                  <extent>2. <dimensions type="leaf" scope="all">
                      <!--<height unit="mm" quantity="1234">1234</height>
                      <width unit="mm" quantity="1234">1234</width>-->
                    </dimensions>
                  </extent>

                  <foliation><p>There is no foliation.</p></foliation>
                  <collation>
                    <p>
                      <!--<list>
                          <item/>
                        </list>-->
                    </p>
                    <signatures>There are no signatures.</signatures>
                    <catchwords>There are no catchwords.</catchwords>
                  </collation>
                  <condition>
                    <p>The paper is in good condition.</p>
                  </condition>
                </supportDesc>
                <layoutDesc>
                  <layout columns="2" writtenLines="28 34">
                    <p>Written in two columns with around 28 to 34 lines per column.</p>
                  </layout>
                </layoutDesc>
              </objectDesc>
              <handDesc hands="1">
                <handNote scribe="VenHam001" scope="sole" script="other">Written by <name
                    type="person" key="VenHam001">V. U. Hammershaimb</name>.</handNote>
              </handDesc>
            </physDesc>
            <history>
              <origin when="1848" cert="high">
                <p>Recorded by <name type="person" key="VenHam001">V. U. Hammershaimb</name> in
                  <origDate when="1848" cert="high">1848</origDate> from <name type="person" key="ThoJoe001"
                    >Thomas Joensen (Pinkutin)</name>, <placeName key="VagSud01">Vágur, Suðuroy</placeName>.</p>
              </origin>
            </history>
          </msPart>
          <msPart n="6.1">
            <altIdentifier type="other">
              <idno>Grímur á Bretlandi (a)</idno>
            </altIdentifier>
            <msContents>
              <summary><title type="uniform">Grímur á Bretlandi</title></summary>
              <msItem n="6.1" class="kvad">
                <locus from="40r" to="48r">pp. 79-95 (ff. 40r-48r)</locus>
                <title type="uniform">Grímur á Bretlandi</title>
                <textLang mainLang="fo">Faroese</textLang>
                <rubric>Løar jadl</rubric>
                <respStmt>
                  <resp key="inf">Informant</resp>
                  <name type="person" key="RasJoh001">Rasmus Johanneson Mikines</name>
                </respStmt>
                <incipit>Eg havi eina rímu hoyrt</incipit>
                <explicit>leiddist seint at stríðast</explicit>
                <incipit type="refrain">Giltan spora vàr mítt fótaspenni etc</incipit>
                <note>Title <q>Grímur á Bretlandi</q> added in pencil.</note>
                <bibl>CCF 53D. <ref type="secondary-1" target="Foroya">Føroya Kvæði</ref>
                  <biblScope type="volume">II</biblScope><biblScope type="pages">305-331</biblScope>
                </bibl>
              </msItem>
            </msContents>
            <physDesc>
              <objectDesc form="codex">
                <supportDesc material="chart">
                  <support>Paper.</support>
                  <extent>9. <dimensions type="leaf" scope="all">
                      <!--<height unit="mm" quantity="1234">1234</height>
                      <width unit="mm" quantity="1234">1234</width>-->
                    </dimensions>
                  </extent>

                  <foliation><p>There is no foliation.</p></foliation>
                  <collation>
                    <p>
                      <!--<list>
                          <item/>
                        </list>-->
                    </p>
                    <signatures>There are no signatures.</signatures>
                    <catchwords>There are no catchwords.</catchwords>
                  </collation>
                  <condition>
                    <p>The paper is in good condition.</p>
                  </condition>
                </supportDesc>
                <layoutDesc>
                  <layout columns="1 2" writtenLines="28">
                    <p>The paper is prepared for two columns though only one column is written, with
                      28 lines per page.</p>
                  </layout>
                </layoutDesc>
              </objectDesc>
              <handDesc hands="1">
                <handNote scribe="VenHam001" scope="sole" script="other">Written by <name
                    type="person" key="VenHam001">V. U. Hammershaimb</name>.</handNote>
              </handDesc>
            </physDesc>
            <history>
              <origin when="1847" cert="high">
                <p>Recorded by <name type="person" key="VenHam001">V. U. Hammershaimb</name> in
                  <origDate when="1847" cert="high">1847</origDate> from <name type="person" key="RasJoh001"
                    >Rasmus Johannesen</name>, <placeName key="MykMyk01">Mykines, Mykines</placeName>.</p>
              </origin>
            </history>
          </msPart>
          <msPart n="6.2">
            <altIdentifier type="other">
              <idno>Grímur á Bretlandi (b)</idno>
            </altIdentifier>
            <msContents>
              <summary><title type="uniform">Grímur á Bretlandi</title></summary>
              <msItem n="6.2" class="kvad">
                <locus from="67r" to="75v">pp. 133-150 (ff. 67r-75)</locus>
                <title type="uniform">Grímur á Bretlandi</title>
                <rubric>Grujmur á Bretlandi <lb/> udi 2de totter</rubric>
                <textLang mainLang="fo">Faroese</textLang>
                <!-- MORE NEEDS TO BE DONE HERE -->
                <bibl>CCF 53Bb. <ref type="secondary-1" target="Foroya">Føroya Kvæði</ref>
                  <biblScope type="volume">II</biblScope><biblScope type="pages">284-295</biblScope>
                </bibl>
                <note>Misplaced after <ref>Grímur á Miðalnesi (b)</ref></note>
              </msItem>
            </msContents>
          </msPart>
          <msPart n="7.1">
            <altIdentifier type="other">
              <idno>Grímur í fjallinum (a)</idno>
            </altIdentifier>
            <msContents>
              <summary><title type="uniform">Grímur í fjallinum</title></summary>
              <msItem n="7.1" class="kvad">
                <locus from="49r" to="50r">pp. 97-99 (ff. 49r-50r)</locus>
                <title type="uniform">Grímur í fjallinum</title>
                <textLang mainLang="fo">Faroese</textLang>
                <rubric>Grímur í fjallinum</rubric>
                <respStmt>
                  <resp key="inf">Informant</resp>
                  <name type="person" key="HanNic001">Hànus Niklasson <add>40 ár</add> í görðum í Sundbø</name>
                </respStmt>
                <incipit>Eg veit eina rímuna</incipit>
                <explicit>hon hevir so goðan gleim</explicit>
                <bibl>CCF 54B. <ref type="secondary-1" target="Foroya">Føroya Kvæði</ref>
                  <biblScope type="volume">II</biblScope><biblScope type="pages">325-327</biblScope>
                </bibl>
              </msItem>
            </msContents>
            <physDesc>
              <objectDesc form="codex">
                <supportDesc material="chart">
                  <support>Paper.</support>
                  <extent>2. <dimensions type="leaf" scope="all">
                      <!--<height unit="mm" quantity="1234">1234</height>
                      <width unit="mm" quantity="1234">1234</width>-->
                    </dimensions>
                  </extent>

                  <foliation><p>There is no foliation.</p></foliation>
                  <collation>
                    <p>
                      <!--<list>
                          <item/>
                        </list>-->
                    </p>
                    <signatures>There are no signatures.</signatures>
                    <catchwords>There are no catchwords.</catchwords>
                  </collation>
                  <condition>
                    <p>The paper is in good condition.</p>
                  </condition>
                </supportDesc>
                <layoutDesc>
                  <layout columns="2" writtenLines="32 36">
                    <p>Written in two columns with 32 to 36 lines per column.</p>
                  </layout>
                </layoutDesc>
              </objectDesc>
              <handDesc hands="1">
                <handNote scribe="JohCle001" scope="sole" script="other">Written by <name
                    type="person" key="JohCle001">Johannes Clemensen</name>.</handNote>
                <handNote scribe="VenHam001" scope="sole" script="other">Written by <name
                    type="person" key="VenHam001">V. U. Hammershaimb</name>.</handNote>
                <handNote scribe="JohSch001" scope="sole" script="other"><p>Written by <name
                      type="person" key="JohSch001">J. H. Schrøter</name>.</p></handNote>
                <handNote scope="sole" script="kurrent"><p>Written in a single hand in a current
                    script.</p></handNote>
              </handDesc>
            </physDesc>
          </msPart>
          <msPart n="7.2">
            <altIdentifier type="other">
              <idno>Grímur í fjallinum (b)</idno>
            </altIdentifier>
            <msContents>
              <summary><title type="uniform">Grímur í fjallinum</title></summary>
              <msItem n="7.2" class="kvad">
                <locus from="51r" to="54r">pp. 101-107 (ff. 51r-54r)</locus>
                <title type="uniform">Grímur í fjallinum</title>
                <textLang mainLang="fo">Faroese</textLang>
                <rubric>Grujmur uj Fiadlinum</rubric>
                <incipit type="refrain">Leatum Dans dinja drangjir, stadsilija stuija<lb/> uj Ring,
                  stendur hoon veal fruvan</incipit>
                <incipit>Böndur tvair a bæra jöör</incipit>
                <explicit>uj hans feajir atti</explicit>
                <filiation>Also found in <ref type="ms">Sandoyarbók</ref></filiation>
                <bibl>CCF 54Ab. <ref type="secondary-1" target="Foroya">Føroya Kvæði</ref>
                  <biblScope type="volume">II</biblScope><biblScope type="pages">322-324</biblScope>
                </bibl>
              </msItem>
            </msContents>
            <physDesc>
              <objectDesc form="codex">
                <supportDesc material="chart">
                  <support>Paper.</support>
                  <extent>4. <dimensions type="leaf" scope="all">
                      <!--<height unit="mm" quantity="1234">1234</height>
                      <width unit="mm" quantity="1234">1234</width>-->
                    </dimensions>
                  </extent>

                  <foliation><p>There is no foliation.</p></foliation>
                  <collation>
                    <p>
                      <!--<list>
                          <item/>
                        </list>-->
                    </p>
                    <signatures>There are no signatures.</signatures>
                    <catchwords>There are no catchwords.</catchwords>
                  </collation>
                  <condition>
                    <p>The paper is in good condition.</p>
                  </condition>
                </supportDesc>
                <layoutDesc>
                  <layout columns="1" writtenLines="20">
                    <p>Written in a single column with 20 lines per page.</p>
                  </layout>
                </layoutDesc>
              </objectDesc>
              <handDesc hands="1">
                <handNote scribe="JohCle001" scope="sole" script="other">Written by <name
                    type="person" key="JohCle001">Johannes Clemensen</name>.</handNote>
              </handDesc>
            </physDesc>
          </msPart>
          <msPart n="8.1">
            <altIdentifier type="other">
              <idno>Grímur á Miðalnesi (a)</idno>
            </altIdentifier>
            <msContents>
              <summary><title type="uniform">Grímur á Miðalnesi</title></summary>
              <msItem n="8.1" class="sendibr">
                <locus from="55r" to="55r">p. 109 (f. 55r)</locus>
                <title type="supplied">Letter from the Faroese district office (Amtskontor)</title>
                <textLang mainLang="da">Danish</textLang>
                <note>Dated <date when="1825-11-24">24 November 1825</date></note>
              </msItem>
              <msItem n="8" class="kvad">
                <locus from="55r" to="56v">pp. 109-112 (ff. 55r-56v)</locus>
                <title type="uniform">Grímur á Miðalnesi</title>
                <textLang mainLang="fo">Faroese</textLang>
                <rubric>Gruim a Mealnesi</rubric>
                <incipit>Thea vear uppa ain Helgan dea</incipit>
                <explicit>nu er logjin nej</explicit>
                <note>Three extra verses added at the end</note>
                <bibl>CCF 55Ba. <ref type="secondary-1" target="Foroya">Føroya Kvæði</ref>
                  <biblScope type="volume">II</biblScope><biblScope type="pages">333-338</biblScope>
                </bibl>
              </msItem>
            </msContents>
            <physDesc>
              <objectDesc form="codex">
                <supportDesc material="chart">
                  <support>Paper.</support>
                  <extent>2. <dimensions type="leaf" scope="all">
                      <!--<height unit="mm" quantity="1234">1234</height>
                      <width unit="mm" quantity="1234">1234</width>-->
                    </dimensions>
                  </extent>

                  <foliation><p>There is no foliation.</p></foliation>
                  <collation>
                    <p>
                      <!--<list>
                          <item/>
                        </list>-->
                    </p>
                    <signatures>There are no signatures.</signatures>
                    <catchwords>There are no catchwords.</catchwords>
                  </collation>
                  <condition>
                    <p>The paper is in good condition.</p>
                  </condition>
                </supportDesc>
                <layoutDesc>
                  <layout columns="1" writtenLines="56">
                    <p>Written in a single column with up to 56 lines per page.</p>
                  </layout>
                </layoutDesc>
              </objectDesc>
              <handDesc hands="2">
                <handNote scribe="JohSch001" scope="major" script="other"><p>Ballad text written by
                      <name type="person" key="JohSch001">J. H. Schrøter</name>.</p></handNote>
                <handNote scope="minor" script="other"><p>Letter written by a separate
                  hand.</p></handNote>
              </handDesc>
            </physDesc>
          </msPart>
          <msPart n="8.2">
            <altIdentifier type="other">
              <idno>Grímur á Miðalnesi (b)</idno>
            </altIdentifier>
            <msContents>
              <summary><title type="uniform">Grímur á Miðalnesi</title></summary>
              <msItem n="8" class="kvad">
                <locus from="57r" to="64r">pp. 113-127 (ff. 57r-64r)</locus>
                <title type="uniform">Grímur á Miðalnesi</title>
                <textLang mainLang="fo">Faroese</textLang>
                <rubric>Grimur á Mjalnesi<lb/> efter <name type="person" key="JenSva001">Svabo</name></rubric>
                <incipit>Gevið ljóð og lýðið á</incipit>
                <explicit>Tá vàr kirt um stund</explicit>
                <incipit type="refrain">Burt skàl e örind ríða<lb/> hvör er nu betri, blanki ella
                  brúni,<lb/> brúni ella reyði? burt skàl eg<lb/> örind ríða</incipit>
                <filiation>Copy of <ref type="ms">Svabo's Quarto</ref></filiation>
                <!-- FIND SHELFMARK -->
                <bibl>CCF 55A. <ref type="secondary-1" target="Foroya">Føroya Kvæði</ref>
                  <biblScope type="volume">II</biblScope><biblScope type="pages"
                    ><!-- FIND --></biblScope>
                </bibl>
              </msItem>
            </msContents>
            <physDesc>
              <objectDesc form="codex">
                <supportDesc material="chart">
                  <support>Paper.</support>
                  <extent>9. <dimensions type="leaf" scope="all">
                      <!--<height unit="mm" quantity="1234">1234</height>
                      <width unit="mm" quantity="1234">1234</width>-->
                    </dimensions>
                  </extent>

                  <foliation><p>There is no foliation.</p></foliation>
                  <collation>
                    <p>
                      <!--<list>
                          <item/>
                        </list>-->
                    </p>
                    <signatures>There are no signatures.</signatures>
                    <catchwords>There are no catchwords.</catchwords>
                  </collation>
                  <condition>
                    <p>The paper is in good condition.</p>
                  </condition>
                </supportDesc>
                <layoutDesc>
                  <layout columns="1 2" writtenLines="32">
                    <p>The paper is prepared for two columns though only one column is written, with
                      32 lines per page.</p>
                  </layout>
                </layoutDesc>
              </objectDesc>
              <handDesc hands="1">
                <handNote scribe="VenHam001" scope="sole" script="other">Written by <name
                    type="person" key="VenHam001">V. U. Hammershaimb</name>.</handNote>
              </handDesc>
              <bindingDesc>
                <binding>
                  <p>Placed inside a paper wrapper with the title <q>Kvæði um Grim á
                    Mjalnesi</q></p>
                </binding>
              </bindingDesc>
            </physDesc>
          </msPart>
          <msPart n="9.1">
            <altIdentifier type="other">
              <idno>Norna-Grímur (a)</idno>
            </altIdentifier>
            <msContents>
              <summary><title type="uniform">Norna-Grímur</title></summary>
              <msItem n="9.1" class="kvad">
                <locus from="76r" to="79v">pp. 151-158 (ff. 76r-79v)</locus>
                <title type="uniform">Norna-Grímur</title>
                <textLang mainLang="fo">Faroese</textLang>
                <rubric>Nodna Grujmur</rubric>
                <incipit type="refrain">Hear vear laigur, hear vear troji, hear vouru<lb/> trodnar
                  urganspuibur, Midlin Jutlandar u<lb/> Ruibur</incipit>
                <incipit>Vilia tiid luiia u liou gjeva mear</incipit>
                <explicit>ettir Grujmin resta</explicit>
                <explicit/>
                <bibl>CCF 56Ab. <ref type="secondary-1" target="Foroya">Føroya Kvæði</ref>
                  <biblScope type="volume">II</biblScope><biblScope type="pages">345-348</biblScope>
                </bibl>
              </msItem>
            </msContents>
            <physDesc>
              <objectDesc form="codex">
                <supportDesc material="chart">
                  <support>Paper.</support>
                  <extent>4. <dimensions type="leaf" scope="all">
                      <!--<height unit="mm" quantity="1234">1234</height>
                      <width unit="mm" quantity="1234">1234</width>-->
                    </dimensions>
                  </extent>

                  <foliation><p>There is no foliation.</p></foliation>
                  <collation>
                    <p>
                      <!--<list>
                          <item/>
                        </list>-->
                    </p>
                    <signatures>There are no signatures.</signatures>
                    <catchwords>There are no catchwords.</catchwords>
                  </collation>
                  <condition>
                    <p>The paper is in good condition.</p>
                  </condition>
                </supportDesc>
                <layoutDesc>
                  <layout columns="1" writtenLines="22">
                    <p>Written in a single column with around 22 lines per page.</p>
                  </layout>
                </layoutDesc>
              </objectDesc>
              <handDesc hands="1">
                <handNote scribe="JohCle001" scope="sole" script="other">Written by <name
                    type="person" key="JohCle001">Johannes Clemensen</name>.</handNote>
              </handDesc>
            </physDesc>
          </msPart>
          <msPart n="9.2">
            <altIdentifier type="other">
              <idno>Norna-Grímur (b)</idno>
            </altIdentifier>
            <msContents>
              <summary><title type="uniform">Norna-Grímur</title></summary>
              <msItem n="9.2" class="kvad">
                <locus from="80r" to="81v">pp. 159-162 (ff. 80r-81v)</locus>
                <title type="uniform">Norna-Grímur</title>
                <textLang mainLang="fo">Faroese</textLang>
                <rubric>Ringur àf Bretlandi ell. Lítla<lb/> Gríms kvæði</rubric>
                <respStmt>
                  <resp key="inf">Informant</resp>
                  <name type="person" key="OleOle001">Olavur Olavsson Hvann<expan>asund</expan></name>
                </respStmt>
                <incipit>Ringur kngr af Bretlandi</incipit>
                <explicit>góðda hvílu</explicit>
                <note>
                  <p>Lacks verses 37-39.</p>
                  <p>Title <q>Norna-Grímur</q> added in pencil.</p>
                </note>
                <bibl>CCF 56B. <ref type="secondary-1" target="Foroya">Føroya Kvæði</ref>
                  <biblScope type="volume">II</biblScope><biblScope type="pages">348-350</biblScope>
                </bibl>
              </msItem>
            </msContents>
            <physDesc>
              <objectDesc form="codex">
                <supportDesc material="chart">
                  <support>Paper.</support>
                  <extent>2. <dimensions type="leaf" scope="all">
                      <!--<height unit="mm" quantity="1234">1234</height>
                      <width unit="mm" quantity="1234">1234</width>-->
                    </dimensions>
                  </extent>

                  <foliation><p>There is no foliation.</p></foliation>
                  <collation>
                    <p>
                      <!--<list>
                          <item/>
                        </list>-->
                    </p>
                    <signatures>There are no signatures.</signatures>
                    <catchwords>There are no catchwords.</catchwords>
                  </collation>
                  <condition>
                    <p>The paper is in good condition.</p>
                  </condition>
                </supportDesc>
                <layoutDesc>
                  <layout columns="2" writtenLines="28">
                    <p>Written in two columns with around 28 lines per column.</p>
                  </layout>
                </layoutDesc>
              </objectDesc>
              <handDesc hands="1">
                <handNote scribe="VenHam001" scope="sole" script="other">Written by <name
                    type="person" key="VenHam001">V. U. Hammershaimb</name>.</handNote>
              </handDesc>
            </physDesc>
            <history>
              <origin when="1853" cert="high">
                <p>Written in the Faroe Islands in 1853 from the informant <name type="person" key="OleOle001">Ole
                    Olesen</name>, <placeName key="HvaVid01">Hvannasund, Viðoy</placeName>.</p>
              </origin>
            </history>
          </msPart>
          <msPart n="9.3">
            <altIdentifier type="other">
              <idno>Norna-Grímur (c)</idno>
            </altIdentifier>
            <msContents>
              <summary><title type="uniform">Norna-Grímur</title></summary>
              <msItem n="9.3" class="kvad">
                <locus from="82r" to="87r">pp. 163-173 (ff. 82r-87r)</locus>
                <title type="uniform">Norna-Grímur</title>
                <textLang mainLang="fo">Faroese</textLang>
                <rubric>Norni Grímur</rubric>
                <incipit>Kongirin ajna Dottir ajur</incipit>
                <explicit>ettir tann Grím hin unga</explicit>
                <colophon>Opskrevet efter<lb/>
                  <name type="person" key="OleJoe001">Ole Joensen yngre</name>
                  <placeName key="SkaSan01">Skaalevig</placeName><lb/>
                  <date when="1873">1873</date></colophon>
                <bibl>CCF 56D. <ref type="secondary-1" target="Foroya">Føroya Kvæði</ref>
                  <biblScope type="volume">II</biblScope><biblScope type="pages">354-357</biblScope>
                </bibl>
              </msItem>
            </msContents>
            <physDesc>
              <objectDesc form="codex">
                <supportDesc material="chart">
                  <support>Paper.</support>
                  <extent>6. <dimensions type="leaf" scope="all">
                      <!--<height unit="mm" quantity="1234">1234</height>
                      <width unit="mm" quantity="1234">1234</width>-->
                    </dimensions>
                  </extent>

                  <foliation><p>There is no foliation.</p></foliation>
                  <collation>
                    <p>
                      <!--<list>
                          <item/>
                        </list>-->
                    </p>
                    <signatures>There are no signatures.</signatures>
                    <catchwords>There are no catchwords.</catchwords>
                  </collation>
                  <condition>
                    <p>The paper is in good condition.</p>
                  </condition>
                </supportDesc>
                <layoutDesc>
                  <layout columns="1" writtenLines="22">
                    <p>Written in a single column with around 22 lines per page.</p>
                  </layout>
                </layoutDesc>
              </objectDesc>
              <handDesc hands="1">
                <handNote scribe="KriJoe001" scope="sole" script="other">Written by <name
                    type="person" key="KriJoe001">Kristian Joensen</name></handNote>
              </handDesc>
            </physDesc>
            <history>
              <origin when="1873" cert="high"><p>Written in <date when="1873">1873</date> from the
                informant <name type="person" key="OleJoe001">Ole Joensen (Óli í Kirkjugerði)</name>,
                  <placeName key="SkaSan01">Skálavík, Sandoy </placeName>.</p></origin>
              <provenance><p>A note written in pencil on <locus from="82r" to="82r">p. 163 (f.
                    82r)</locus> reads <q xml:lang="da">Modtaget fra <name type="person" key="VenHam001">V U
                      Hammershaimb</name>
                    <date when="1877-01">Januar
                  1877</date>.</q><!-- This could be Svend Grundtvig's handwriting --></p>
              </provenance>
            </history>
          </msPart>
          <msPart n="10.1">
            <altIdentifier type="other">
              <idno>Grips kvæði (a)</idno>
            </altIdentifier>
            <msContents>
              <summary><title type="uniform">Grips kvæði</title></summary>
              <msItem n="10.1" class="kvad">
                <locus from="88r" to="89v">pp. 175-178 (ff. 88r-89v)</locus>
                <title type="uniform">Grips kvæði</title>
                <textLang mainLang="fo">Faroese</textLang>
                <incipit><unclear>Ru</unclear>ngur er tan kongurin</incipit>
                <explicit>kialmin oman aa</explicit>
                <note>The title <q>Grips kvæði</q> is added in pencil.</note>
                <bibl>CCF 57B. <ref type="secondary-1" target="Foroya">Føroya Kvæði</ref>
                  <biblScope type="volume">II</biblScope><biblScope type="pages">362-366</biblScope>
                </bibl>
              </msItem>
            </msContents>
            <physDesc>
              <objectDesc form="codex">
                <supportDesc material="chart">
                  <support>Paper.</support>
                  <extent>2. <dimensions type="leaf" scope="all">
                      <!--<height unit="mm" quantity="1234">1234</height>
                      <width unit="mm" quantity="1234">1234</width>-->
                    </dimensions>
                  </extent>

                  <foliation><p>There is no foliation.</p></foliation>
                  <collation>
                    <p>
                      <!--<list>
                          <item/>
                        </list>-->
                    </p>
                    <signatures>There are no signatures.</signatures>
                    <catchwords>There are no catchwords.</catchwords>
                  </collation>
                  <condition>
                    <p>The paper is in good condition.</p>
                  </condition>
                </supportDesc>
                <layoutDesc>
                  <layout columns="1" writtenLines="36">
                    <p>Written in a single column with 36 lines per page.</p>
                  </layout>
                </layoutDesc>
              </objectDesc>
              <handDesc hands="1">
                <handNote scribe="JohSch001" scope="sole" script="other"><p>Written by <name
                      type="person" key="JohSch001">J. H. Schrøter</name>.</p></handNote>
              </handDesc>
            </physDesc>
          </msPart>
          <msPart n="10.2">
            <altIdentifier type="other">
              <idno>Grips kvæði (b)</idno>
            </altIdentifier>
            <msContents>
              <summary><title type="uniform">Grips kvæði</title></summary>
              <msItem n="10.2" class="kvad">
                <locus from="90r" to="43v">pp. 179-186 (ff. 90r-43v)</locus>
                <title type="uniform">Grips kvæði</title>
                <textLang mainLang="fo">Faroese</textLang>
                <rubric>Gribs Qveaje</rubric>
                <incipit type="refrain">Gluimur u Dans sijur uj Hödl, Dans slaaji ring<lb/> Gleajir
                  ruiia Normæn ead halda vaarting</incipit>
                <incipit>Vilia tiid nu luiia á</incipit>
                <explicit>attur tiil Feajir suin</explicit>
                <bibl>CCF 57Cb. <ref type="secondary-1" target="Foroya">Føroya Kvæði</ref>
                  <biblScope type="volume">II</biblScope><biblScope type="pages">366-370</biblScope>
                </bibl>
              </msItem>
            </msContents>
            <physDesc>
              <objectDesc form="codex">
                <supportDesc material="chart">
                  <support>Paper.</support>
                  <extent>4. <dimensions type="leaf" scope="all">
                      <!--<height unit="mm" quantity="1234">1234</height>
                      <width unit="mm" quantity="1234">1234</width>-->
                    </dimensions>
                  </extent>

                  <foliation><p>There is no foliation.</p></foliation>
                  <collation>
                    <p>
                      <!--<list>
                          <item/>
                        </list>-->
                    </p>
                    <signatures>There are no signatures.</signatures>
                    <catchwords>There are no catchwords.</catchwords>
                  </collation>
                  <condition>
                    <p>The paper is in good condition.</p>
                  </condition>
                </supportDesc>
                <layoutDesc>
                  <layout columns="1" writtenLines="24 26">
                    <p>Written in a single column with 24 to 26 lines per page.</p>
                  </layout>
                </layoutDesc>
              </objectDesc>
              <handDesc hands="1">
                <handNote scribe="JohCle001" scope="sole" script="other">Written by <name
                    type="person" key="JohCle001">Johannes Clemensen</name>.</handNote>
              </handDesc>
            </physDesc>
          </msPart>
          <msPart n="11.1">
            <altIdentifier type="other">
              <idno>Gullsteinur (a)</idno>
            </altIdentifier>
            <msContents>
              <summary><title type="uniform">Gullsteinur</title></summary>
              <msItem n="11.1" class="kvad">
                <locus from="94r" to="94r">p. 187 (f. 94r)</locus>
                <title type="uniform">Gullsteinur</title>
                <textLang mainLang="fo">Faroese</textLang>
                <rubric>Gullsteinur</rubric>
                <respStmt>
                  <resp key="inf">Informant</resp>
                  <name type="person" key="JohJoe001">Johannes Jógvansson í Hörg</name>
                </respStmt>
                <incipit>Gullsteinur stendur í högaloft</incipit>
                <explicit>í lund</explicit>
                <bibl>CCF 133A. <ref type="secondary-1" target="Foroya">Føroya Kvæði</ref>
                  <biblScope type="volume">VI</biblScope><biblScope type="pages">92</biblScope>
                </bibl>
              </msItem>
            </msContents>
            <physDesc>
              <objectDesc form="codex">
                <supportDesc material="chart">
                  <support>Paper.</support>
                  <extent>1. <dimensions type="leaf" scope="all">
                      <!--<height unit="mm" quantity="1234">1234</height>
                      <width unit="mm" quantity="1234">1234</width>-->
                    </dimensions>
                  </extent>

                  <foliation><p>There is no foliation.</p></foliation>
                  <collation>
                    <p>
                      <!--<list>
                          <item/>
                        </list>-->
                    </p>
                    <signatures>There are no signatures.</signatures>
                    <catchwords>There are no catchwords.</catchwords>
                  </collation>
                  <condition>
                    <p>The paper is in good condition.</p>
                  </condition>
                </supportDesc>
                <layoutDesc>
                  <layout columns="2" writtenLines="24 30">
                    <p>Written in two columns with 30 lines in the first and 24 in the second
                      column.</p>
                  </layout>
                </layoutDesc>
              </objectDesc>
              <handDesc hands="1">
                <handNote scribe="VenHam001" scope="sole" script="other">Written by <name
                    type="person" key="VenHam001">V. U. Hammershaimb</name>.</handNote>
              </handDesc>
            </physDesc>
            <history>
              <origin when="1848" cert="high">
                <p>Written in the Faroe Islands in 1848 from the informant <name type="person" key="JohJoe001"
                    >Johannes Joensen</name>, <placeName key="SumSud01">Sumba, Suðuroy</placeName>.</p>
              </origin>
            </history>
          </msPart>
          <msPart n="11.2">
            <altIdentifier type="other">
              <idno>Gullsteinur (b)</idno>
            </altIdentifier>
            <msContents>
              <summary><title type="uniform">Gullsteinur</title></summary>
              <msItem n="11.2" class="kvad">
                <locus from="96r" to="96v">pp. 189-190 (ff. 96r-96v)</locus>
                <title type="uniform">Gullsteinur</title>
                <textLang mainLang="fo">Faroese</textLang>
                <rubric>Gjilstainur</rubric>
                <incipit type="refrain">Vear lujjum up aa bondan meni hann dansar uj
                  ruiman</incipit>
                <incipit>Gjilstainur stendur uj höa loft</incipit>
                <explicit>u Falkjinum sildi heim</explicit>
                <bibl>CCF 133B. <ref type="secondary-1" target="Foroya">Føroya Kvæði</ref>
                  <biblScope type="volume">VI</biblScope><biblScope type="pages">93-94</biblScope>
                </bibl>
              </msItem>
            </msContents>
            <physDesc>
              <objectDesc form="codex">
                <supportDesc material="chart">
                  <support>Paper.</support>
                  <extent>1. <dimensions type="leaf" scope="all">
                      <!--<height unit="mm" quantity="1234">1234</height>
                      <width unit="mm" quantity="1234">1234</width>-->
                    </dimensions>
                  </extent>

                  <foliation><p>There is no foliation.</p></foliation>
                  <collation>
                    <p>
                      <!--<list>
                          <item/>
                        </list>-->
                    </p>
                    <signatures>There are no signatures.</signatures>
                    <catchwords>There are no catchwords.</catchwords>
                  </collation>
                  <condition>
                    <p>The paper is in good condition.</p>
                  </condition>
                </supportDesc>
                <layoutDesc>
                  <layout columns="1" writtenLines="20">
                    <p>Written in a single column 20 lines per page.</p>
                  </layout>
                </layoutDesc>
              </objectDesc>
              <handDesc hands="1">
                <handNote scribe="JohCle001" scope="sole" script="other">Written by <name
                    type="person" key="JohCle001">Johannes Clemensen</name>.</handNote>
              </handDesc>
            </physDesc>
          </msPart>
          <msPart n="12">
            <altIdentifier type="other">
              <idno>Gunnars kvæði</idno>
            </altIdentifier>
            <msContents>
              <summary><title type="uniform">Gunnars kvæði</title></summary>
              <msItem n="12" class="kvad">
                <locus from="97r" to="97v">pp. 191-192 (ff. 97r-97v)</locus>
                <title type="uniform">Gunnars kvæði</title>
                <textLang mainLang="fo" otherLangs="da">Faroese with Danish</textLang>
                <colophon xml:lang="da">Fölgende havde ieg af <name type="person" key="ElsMic001"
                    >Elsebeth ved Quia</name> men hun sagde at det var længre og at hon aldrig havde
                  kunnet det rigtigt.</colophon>
                <!-- There is more to this colophon -->
                <!-- Connection to letter in Acc. 4 d pg. 151 -->
                <incipit>So skiejd Grunnar nujdur drongur</incipit>
                <explicit>E raiv Haar äv Höddi á tär</explicit>
                <bibl>CCF 21Ab. <ref type="secondary-1" target="Foroya">Føroya Kvæði</ref>
                  <biblScope type="volume">I</biblScope><biblScope type="pages">452</biblScope>.
                  Hammershaimb: <ref type="secondary-1" target="VenHam1852Gunnars">Gunnars
                    kvæði</ref>
                  <biblScope type="pages">103</biblScope>; <ref type="secondary-1"
                    target="VenHam1855">Færöiske kvæder</ref>
                  <biblScope type="volume">II</biblScope><biblScope type="pages">50-52</biblScope>
                </bibl>
                <msItem n="12.1" class="notes">
                  <locus from="97v" to="97v">p. 192 (f. 97v)</locus>
                  <title type="supplied">Refrain for Gunnars kvæði</title>
                  <rubric xml:lang="da">Eller med Niurläje saaledes</rubric>
                  <incipit>So skiejd Gunnar Nydur drongur</incipit>
                  <explicit>og tä vär tow idla</explicit>
                </msItem>
              </msItem>
            </msContents>
            <physDesc>
              <objectDesc form="codex">
                <supportDesc material="chart">
                  <support>Paper.</support>
                  <extent>1. <dimensions type="leaf" scope="all">
                      <!--<height unit="mm" quantity="1234">1234</height>
                      <width unit="mm" quantity="1234">1234</width>-->
                    </dimensions>
                  </extent>

                  <foliation><p>There is no foliation.</p></foliation>
                  <collation>
                    <p>
                      <!--<list>
                          <item/>
                        </list>-->
                    </p>
                    <signatures>There are no signatures.</signatures>
                    <catchwords>There are no catchwords.</catchwords>
                  </collation>
                  <condition>
                    <p>The paper is in good condition.</p>
                  </condition>
                </supportDesc>
                <layoutDesc>
                  <layout columns="1" writtenLines="29">
                    <p>Written in a single column with 29 lines on the first page.</p>
                  </layout>
                </layoutDesc>
              </objectDesc>
              <handDesc hands="1">
                <handNote scribe="JohSch001" scope="sole" script="other"><p>Written by <name
                      type="person" key="JohSch001">J. H. Schrøter</name>.</p></handNote>
              </handDesc>
            </physDesc>
            <history>
              <!-- Mentioned in a letter to Hammershaimb 1847 -->
              <provenance><p>Sent to <name type="person" key="VenHam001">Hammershaimb</name></p></provenance> <!-- LENA: V. U. ? [10/04/21] -->
            </history>
          </msPart>
          <msPart n="13.1">
            <altIdentifier type="other">
              <idno>Guttormur í Hattarmóti (a)</idno>
            </altIdentifier>
            <msContents>
              <summary><title type="uniform">Guttormur í Hattarmóti</title></summary>
              <msItem n="13.1" class="kvad">
                <locus from="98r" to="100v">pp. 193-200 (ff. 98r-100v)</locus>
                <title type="uniform">Guttormur í Hattarmóti</title>
                <textLang mainLang="fo">Faroese</textLang>
                <rubric>Guttormur í Attarmóti</rubric>
                <respStmt>
                  <resp key="inf">Informant</resp>
                  <name type="person" key="DanJoe002">Danial Jógvansson í Vági</name>
                </respStmt>
                <incipit>Eg kann ikki sannari</incipit>
                <explicit>sum hans fàðir átti</explicit>
                <bibl>CCF 58B. <ref type="secondary-1" target="Foroya">Føroya Kvæði</ref>
                  <biblScope type="volume">II</biblScope><biblScope type="pages">382-388</biblScope>
                </bibl>
              </msItem>
            </msContents>
            <physDesc>
              <objectDesc form="codex">
                <supportDesc material="chart">
                  <support>Paper.</support>
                  <extent>4. <dimensions type="leaf" scope="all">
                      <!--<height unit="mm" quantity="1234">1234</height>
                      <width unit="mm" quantity="1234">1234</width>-->
                    </dimensions>
                  </extent>

                  <foliation><p>There is no foliation.</p></foliation>
                  <collation>
                    <p>
                      <!--<list>
                          <item/>
                        </list>-->
                    </p>
                    <signatures>There are no signatures.</signatures>
                    <catchwords>There are no catchwords.</catchwords>
                  </collation>
                  <condition>
                    <p>The paper is in good condition.</p>
                  </condition>
                </supportDesc>
                <layoutDesc>
                  <layout columns="1" writtenLines="32 36">
                    <p>Written in two columns with 32 to 36 lines per column.</p>
                  </layout>
                </layoutDesc>
              </objectDesc>
              <handDesc hands="1">
                <handNote scribe="VenHam001" scope="sole" script="other">Written by <name
                    type="person" key="VenHam001">V. U. Hammershaimb</name>.</handNote>
              </handDesc>
            </physDesc>
          </msPart>
          <msPart n="13.2">
            <altIdentifier type="other">
              <idno>Guttormur í Hattarmóti (b)</idno>
            </altIdentifier>
            <msContents>
              <summary><title type="uniform">Guttormur í Hattarmóti</title></summary>
              <msItem n="13.2" class="kvad">
                <locus from="101r" to="108v">pp. 201-215 (ff. 101r-108v)</locus>
                <title type="uniform">Guttormur í Hattarmóti</title>
                <textLang mainLang="fo">Faroese</textLang>
                <rubric>Guttormur uj Attarmoud</rubric>
                <incipit type="refrain">Stuijum fast ovur golv, Spearum aj vor skou,<lb/> Gud man
                  raada qvear viid Dansa onnur Joul</incipit>
                <incipit>Vilji tiid nu luiia á</incipit>
                <explicit>u vear hear kongur lengji</explicit>
                <filiation>Also found in <ref type="ms">Sandoyarbók</ref></filiation>
                <bibl>CCF 58Ab. <ref type="secondary-1" target="Foroya">Føroya Kvæði</ref>
                  <biblScope type="volume">II</biblScope><biblScope type="pages">375-381</biblScope>
                </bibl>
              </msItem>
            </msContents>
            <physDesc>
              <objectDesc form="codex">
                <supportDesc material="chart">
                  <support>Paper.</support>
                  <extent>8. <dimensions type="leaf" scope="all">
                      <!--<height unit="mm" quantity="1234">1234</height>
                      <width unit="mm" quantity="1234">1234</width>-->
                    </dimensions>
                  </extent>

                  <foliation><p>There is no foliation.</p></foliation>
                  <collation>
                    <p>
                      <!--<list>
                          <item/>
                        </list>-->
                    </p>
                    <signatures>There are no signatures.</signatures>
                    <catchwords>There are no catchwords.</catchwords>
                  </collation>
                  <condition>
                    <p>The paper is in good condition.</p>
                  </condition>
                </supportDesc>
                <layoutDesc>
                  <layout columns="1" writtenLines="20">
                    <p>Written in a single column with 20 lines per page.</p>
                  </layout>
                </layoutDesc>
              </objectDesc>
              <handDesc hands="1">
                <handNote scribe="JohCle001" scope="sole" script="other">Written by <name
                    type="person" key="JohCle001">Johannes Clemensen</name>.</handNote>
              </handDesc>
            </physDesc>
          </msPart>
        </msDesc>
      </sourceDesc>
    </fileDesc>
  </teiHeader>
  <facsimile>
    <surface/>
  </facsimile>
</TEI>
