<?xml version="1.0" encoding="UTF-8"?>
<?oxygen RNGSchema="http://www.handrit.is/schema/handrit-1.0.rnc" type="compact"?>
<TEI xmlns="http://www.tei-c.org/ns/1.0">
    <teiHeader>
        <fileDesc>
            <titleStmt>
                <title type="main">Acc. 61</title>
            </titleStmt>
            <publicationStmt>
                <authority>Den Arnamagnæanske Samling</authority>
                <pubPlace>Copenhagen</pubPlace>
            </publicationStmt>
            <sourceDesc>
                <msDesc xml:id="Acc-0061-da" xml:lang="da">
                    <msIdentifier>
                        <country key="DA">Denmark</country>
                        <settlement>Copenhagen</settlement>
                        <repository>Den Arnamagnæanske Samling</repository>
                        <idno>Acc. 61</idno>
                    </msIdentifier>
                    <msContents>
                        <summary><title type="supplied">En samling af oldtidssagaer</title></summary>
                        <msItem n="1" class="fas">
                            <locus from="1r" to="17v">1r:1-17v:20</locus>
                            <title type="uniform">Hálfs saga og Hálfsrekka</title>
                            <textLang mainLang="is"/>
                            <rubric>Hier byrjast Sogu Thattur <lb/>af Alfe konge og reckum hanns.</rubric>
                            <rubric>1 Cap. <lb/> Fra Alfreki konge á Alfreckstodum og Geirhillde <lb/> Drifs
                                dottur.</rubric>
                            <incipit>Alfrekur hiet kongur er bio a Alfrekstodum, hann  <lb/> ried fyrer Hordalande, hann atte Signiu dottur kongs <lb/> af Waurs</incipit>
                            <explicit>Yri hiet dottir han<ex>n</ex>s og er þadann mikil ætt
                                kominn</explicit>
                        </msItem>
                        <msItem n="2" class="fas">
                            <locus from="18r" to="29r">18r:1-29r:17</locus>
                            <title type="uniform">Hrómundar saga Greipssonar</title>
                            <textLang mainLang="is"/>
                            <rubric>1 Cap:</rubric>
                            <incipit>Sa kongur riede fyrer Gordum, er Olafur hiet, han<ex>n</ex> <lb/> var son Gnodar Asmundar, hann var frægur ma<lb/>dur </incipit>
                            <explicit>Eru af þeim kom<lb/>nar konga ætter og kappar mikler. Og lykur <lb/> hier svo sogu Hromunds Greypssonar.</explicit>
                        </msItem>
                        <msItem n="3" class="fas">
                            <locus from="30r" to="49v">30r:1-49v:20</locus>
                            <title type="uniform">Hálfdanar saga Brönufóstra</title>
                            <textLang mainLang="is"/>
                            <rubric>1 Cap. Fra Hringe Dana kongi og bornum hanns.</rubric>
                            <incipit>Hringur er kongur nefndur, hann rieþi fyrir Dan<lb/>mork, hann var vitur madur ok vinsæll, </incipit>
                            <explicit>ok <lb/> svo er sagt at hann væri faþir Alaflecks enn <lb/> sa sem feck dottur Bronu, varþ kongur i Dan<lb/>mark. Ok lykur her sogu Halfdanar Bronu<lb/>fostra</explicit>
                          
                        </msItem>
                        <msItem n="4" class="fas">
                            <locus from="51r" to="134r">51r:1-134r:23</locus>
                            <title type="uniform">Hrólfs saga kraka</title>
                            <textLang mainLang="is"/>
                            <rubric>Hier byrjast Saga <lb/> af <lb/> Hrolfe konge kraka, <lb/> og hefst hier fyrst <lb/> 
                                Froþa þattur. </rubric>
                            <rubric>1 Cap.</rubric>
                            <incipit>Frode kongur drepur Halfdan broþur sin, og <lb/> fra sonum Halfdanar Helga og Hroare hia We<lb/>fil kalle. <lb/> Madur hier Halfdan, enn annar Froder, bræþur þveir ok konga syner, ok styrde finu rike <lb/></incipit>
                            <explicit>Var haugur <lb/> vorpinn epler [sic] Hrolf kong, og lagt <lb/> hia honum sverdid Skofnungur, <lb/> og sinn haugur handa hvorium <lb/> kappanna og nockur vopn
                                hia, <lb/> og endar hier sogu Hrolfs kongs kraka og <lb/> kappa hanns.</explicit>                         
                        </msItem>
                    </msContents>
                    <physDesc>
                        <objectDesc form="codex">
                            <supportDesc material="chart">
                                <support>Papir. </support>
                                <extent>i + 134 + 2. <dimensions type="leaf"
                                        scope="all">
                                        <height unit="mm" quantity="197">197</height>
                                        <width unit="mm" quantity="152">152</width>
                                    </dimensions></extent>
                               
                            </supportDesc>
                            <layoutDesc>
                                <layout columns="1" writtenLines="22 24">
                                </layout>
                            </layoutDesc>
                        </objectDesc>
                        <handDesc hands="1">
                            <handNote scribe="FreSch002" scope="sole" script="humcursiva">
                                <p> Skrevet af <name type="person" key="FreSch002">Frederik Julius
                                        Schaldemose</name>.</p></handNote>
                        </handDesc>
                        <additions><p><q xml:lang="da">Skjenket skolebibliotheket af Hr. Schaldemose</q> på <locus
                                    from="1r" to="1r">f. 1r</locus>.</p>
                        </additions>
                        <accMat/>
                    </physDesc>
                    <history>
                        <origin notBefore="1800" notAfter="1816" cert="medium" evidence="external">
                            <p>Skrevet i <origPlace key="DK">Denmark</origPlace>
                                af <name type="person" key="FreSch002">Frederik Julius
                                    Schaldemose</name>.</p>
                        </origin>
                        <provenance/>
                        <acquisition>
                            <p><orgName key="AMS">Den Arnamagnæanske Samling</orgName> i <name
                                type="place" key="Copen01">København</name> fik håndskriftet i <date when="2007-04"></date> som en gave fra Nykøbing Katedralskole.</p>
                        </acquisition>
                    </history>
                    <additional>
                        <adminInfo>
                            <recordHist>
                                <source>
                                    <p>Den danske beskrivelse er under udarbejdelse.</p>
                                    <p>Nærværende håndskriftbeskrivelsen er lavet på basis af den engelske beskrivelse. For yderligere
                                        oplysninger se den engelske beskrivelse: <ref type="url" target="https://handrit.is/manuscript/view/en/Acc-0061">https://handrit.is/manuscript/view/en/Acc-0061</ref>.</p>
                                </source>
                            </recordHist>
                        </adminInfo>
                    </additional>
                </msDesc>
            </sourceDesc>
        </fileDesc>
        <revisionDesc>
            <change>
                <date when="2018-11-06"/>
                <name type="person" key="KatKap001"/>
                Katalogisering
            </change>
        </revisionDesc>
    </teiHeader>
    <facsimile>
        <surface/>
    </facsimile>
</TEI>
