<?xml version="1.0" encoding="UTF-8"?><?oxygen RNGSchema="http://www.handrit.is/schema/handrit-1.0.rnc" type="compact"?><TEI xmlns="http://www.tei-c.org/ns/1.0">
    <teiHeader>
        <fileDesc>
            <titleStmt>
                <title type="main">Acc. 50</title>
            </titleStmt>
            <publicationStmt>
                <authority>Den Arnamagnæanske Samling</authority>
                <pubPlace>Copenhagen</pubPlace>
            </publicationStmt>
            <sourceDesc>
                <msDesc xml:id="Acc-0050-da" xml:lang="da">
                    <msIdentifier>
                        <country key="DA">Denmark</country>
                        <settlement>Copenhagen</settlement>
                        <repository>Den Arnamagnæanske Samling</repository>
                        <collection>Accessoria</collection>
                        <idno>Acc. 50</idno>
                    </msIdentifier>
                    <msContents>
                        <summary><title type="uniform">Njáls saga</title></summary>
                        <textLang mainLang="is"/>
                        <msItem n="1" class="isl" defective="false">
                            <locus from="2r" to="278v">2r-278v (pp. 1-278)</locus>
                            <title type="uniform">Njáls saga</title>
                            <textLang mainLang="is"/>
                            <rubric>Niaals Sꜷgu Bök</rubric>
                            <rubric>Þad er <lb/> Eirn Partur Af Islendijnga Saugu <lb/> I. Capitule</rubric>
                            <incipit>Mørd<ex>ur</ex> hiet mad<ex>ur</ex> <ex>og</ex> v<ex>ar</ex> kallad<ex>ur</ex> Gi<ex>g</ex>ja</incipit>
                            <explicit>Son Bren<ex>n</ex>u-|flosa var kolbeijrn, Er ägiætastur <lb/> madur hefur Eirn vered i þ<supplied reason="omitted">ei</supplied>rre ætt  </explicit>
                            <finalRubric>og lükum<ex>m</ex> vier hier So <lb/> Brennu Niaals <lb/> SØGU</finalRubric>
                            <colophon>Skrifud An<ex>n</ex>o Xti 1770 ä Nijrdra Skälanese <lb/> I Vopnafyrde af <name type="person" key="JakSig001">Jacob
                                Sigurdssijne</name></colophon>
                            </msItem>
                        <msItem n="2" class="kvad">
                            <locus from="279r" to="279r">279r (p. 279)</locus>
                            <title type="supplied">En digt om Njal</title>
                            <rubric>Lijtelvæg Liooda Vitnan <lb/> Yfer Søguna. </rubric>
                            <incipit>Niaala ber nafn af Niaale</incipit>
                            <explicit>Haar Ellda bifarz Kaara</explicit>
                            <colophon>Þad Vitn<ex>ar</ex> <name type="person" key="JakSig001">JSigurdsSon</name> M<ex>ed</ex> E<ex>igin</ex> H<ex>endi</ex></colophon>
                        </msItem>
                    </msContents>
                    <physDesc>
                        <objectDesc form="codex">
                            <supportDesc material="chart">
                                <support/>
                                <foliation/>
                            </supportDesc>
                            <layoutDesc>
                                <layout columns="1" writtenLines="27 29">
                                </layout>
                            </layoutDesc>
                        </objectDesc>
                        <handDesc hands="1">
                            <handNote scribe="JakSig001" script="cursiva" scope="sole"/>
                        </handDesc>
                        <decoDesc><decoNote/></decoDesc>
                        <additions/>
                        <bindingDesc>  
                            <binding contemporary="true" notBefore="1770">
                                <p></p>
                            </binding>
                        </bindingDesc>
                    </physDesc>
                    <history>
                        <origin notBefore="1770" notAfter="1770" cert="high" evidence="internal">
                            <p><name type="place" key="NorVop01">Norður-Skálanes</name><origPlace key="IS"/><origDate when="1770"/></p>
                        </origin>
                        <acquisition when="2002"/>
                    </history>
                    <additional>
                        <adminInfo>
                            <recordHist>
                                <source>
                                <p>Den danske beskrivelse er under udarbejdelse.</p>
                                <p>Nærværende håndskriftbeskrivelsen er lavet på basis af den engelske beskrivelse. For yderligere
                                        oplysninger se den engelske beskrivelse:<ref type="url" target="https://handrit.is/en/manuscript/view/en/Acc-0050">https://handrit.is/en/manuscript/view/en/Acc-0050</ref>.</p>
                            </source>
                            </recordHist>
                        </adminInfo>
                       
                    </additional>
                </msDesc>
            </sourceDesc>
        </fileDesc>
        <revisionDesc>
          
            <change>
                <date when="2018-10-25"/>
                <name type="person" key="KatKap001"/>
                Katalogisering
            </change>
        </revisionDesc>
    </teiHeader>
    <facsimile>
        <surface/>
    </facsimile>
</TEI>
