<?oxygen RNGSchema="http://www.handrit.is/schema/handrit-1.0.rnc" type="compact"?>
<TEI xmlns="http://www.tei-c.org/ns/1.0">
    <teiHeader>
        <fileDesc>
            <titleStmt>
                <title type="main">Acc. 60</title>
            </titleStmt>
            <publicationStmt>
                <authority>Den Arnamagnæanske Samling</authority>
                <pubPlace>Copenhagen</pubPlace>
            </publicationStmt>
            <sourceDesc>
                <msDesc xml:id="Acc-0060-en" xml:lang="en">
                    <msIdentifier>
                        <country key="DA">Denmark</country>
                        <settlement>Copenhagen</settlement>
                        <repository>Den Arnamagnæanske Samling</repository>
                        <idno>Acc. 60</idno>
                    </msIdentifier>
                    <msContents>
                        <summary><title type="supplied">Sögubrot af nokkrum fornkonungum</title></summary>
                        <titlePage>
                            <docTitle>
                                <titlePart>Sogubrot <lb/> af <lb/> nockorum Fornkongum <lb/> i Dana oc Svia velldi. <locus from="2r" to="2r">(2r)</locus>. </titlePart>
                                
                            </docTitle>
                        </titlePage>
                        <msItem n="1" class="fas" defective="true">
                            <locus from="3r" to="32r">3r-32r (p. 1-59)</locus>  				
                            <title type="uniform">Sögubrot af nokkrum fornkonungum í Dana ok Svía veldi</title>
                            <rubric>Sogubrot <lb/> af nockorum Fornkongum <lb/> i Dana oc Svia Velldi. <lb/> oc <lb/> fra 
                                Bravallar bardagi milli <lb/> Haralldar Kongs Hillditan, <lb/> oc Sigurdar Hrings.</rubric>
                            <textLang mainLang="is"/>
                            <note>The text starts on f. <locus from="3r" to="3r">3r (p. 1)</locus>, as f. <locus from="1r" to="1v">1r-v</locus> is blank and on f. <locus from="2r" to="2r">2r</locus> there is a title page.</note>
                            <msItem n="1.1">
                                <locus from="3r" to="19r">3r-19r (p. 1-33)</locus>
                                <textLang mainLang="is"/>
                                <rubric>Ord Audur vid Fodur sin, <lb/> framberandi ord Helga med <lb/> underhijggiu.</rubric>
                                <incipit>Se ec at thetta mal tarf <lb/> at litt se frammborit at men bidie <lb/> min</incipit>
                                <explicit>Haralldr Kongr atti sunir <lb/> 2, var annar Hrærekr Slaung<lb/>vobauge, enn annar Thrandr <lb/> gamli. </explicit>	
                           </msItem>
                            <msItem n="1.2">
                                <locus from="19v" to="32r">19v-32r (p. 34-59)</locus>
                                <textLang mainLang="is"/>
                                <rubric>Bravallar bardage <lb/> milli Haralldar Kongs Hilldi<lb/>tann, oc Sigurdar Hrings.</rubric>
                                <incipit>Tha er Haralldr Kongr Hilldi<lb/>tonn var ordin gamall</incipit>
                                <explicit>var miklu fridara enn <lb/> annat mannkyn at Nordur<lb/>londum.</explicit>
                            </msItem>
                         </msItem>
                    </msContents>
                    <physDesc>
                        <objectDesc form="codex">
                            <supportDesc material="chart">
                                <support>Paper.
                                    <p>
                                        Watermarks in the book block: 
                                    <list>
                                        <item>Beehive with "HONIG" on the plinth.</item>
                                        <item>Countermark: "J HONIG | &amp; | ZOONEN". </item>    
                                    </list>
                                    </p>
                                    <p>
                                        Watermarks on the flyleavs:
                                        <list>
                                            <item>Beehive in a floral oval with "C &amp; I HONIG" on the plinth.</item>
                                            <item>Countermark: A large ligature "Xx" with the initial "C &amp; I H" underneath.</item>
                                        </list>
                                    </p>
                                </support>
                                <extent>iii + 32 + iii leaves. Size of leaves: <dimensions type="leaf" scope="all">
                                    <height unit="mm" quantity="170">170</height>
                                    <width unit="mm" quantity="110">110</width>
                                </dimensions></extent>
                                <foliation><p>Contemporary pagination. Paginated 1-59 in the middle of upper margins. The pagination starts on f. <locus from="3r" to="3r">3r</locus>.</p></foliation> 
                                <collation>
                                    <p>
                                        Leaves are gathered in four quires of two to six conjoint leaves.
                                        <list>
                                            <item></item>
                                        </list>
                                </p>
                                    <signatures>There are no quire signatures.</signatures>
                                    <catchwords>There are no catchwords.</catchwords>
                                </collation>
                                <condition><p>The manuscript is in a good condition.</p> 
                                </condition> 
                            </supportDesc>
                            <layoutDesc>
                                <layout columns="1" writtenLines="17 20"> 
                                    <p>The manuscript is written in one column. Each leaf is rulled in pencil 17-20 lines.</p> 
                                   </layout>
                            </layoutDesc>
                        </objectDesc>
                        <handDesc hands="1">
                            <handNote scribe="FreSch002" scope="sole" script="humcursiva"> 
                                <p> Written by <name type="person" key="FreSch002">Frederik Julius Schaldemose</name>.</p></handNote>
                        </handDesc>
                        <decoDesc><p>Manuscript is not decorated.</p></decoDesc>  
                        <additions><p>No additions, except of the provenance note: <q xml:lang="da">Skjenket skolebibliotheket af Hr. Schaldemose</q> underneath the title on f. <locus from="2r" to="2r">2r (unpaginated)</locus>.</p>
                        </additions>
                        <bindingDesc>
                            <binding contemporary="true" notBefore="1800" notAfter="1850">
                                <p></p></binding>
                        </bindingDesc>  
                        <accMat/>
                    </physDesc>
                    <history>
                        <origin notBefore="1800" notAfter="1818" cert="medium" evidence="external">
                            <p>The manuscript was written in <origPlace key="DK">Denmark</origPlace>
                                by <name type="person" key="FreSch002">Frederik Julius
                                    Schaldemose</name>. It was probably a part of the collection of manuscripts given as a gift to the Nykøbing
                                Katedralskole in <date when="1818">1818</date> by <name
                                    type="person" key="FreSch002">Frederik Julius
                                    Schaldemose</name>, so it
                                cannot postdate this date.</p>   
                        </origin>
                        <provenance>
                            <p>The manuscripts Acc. 51-62 came from <name type="place" key="Nykob01">Nykøbing</name> cathedral school. Most of them are <name type="person" key="FreSch002">Fredrik Schaldemose's</name> transcriptions of Norse texts.</p>
                            <p>The manuscripts were given as a gift to the Nykøbing Katedralskole by <name type="person" key="FreSch002">Frederik Schaldemose</name>.</p>
                        </provenance>
                        <acquisition>
                            <p><orgName key="AMS">The Arnamagnæan Institute</orgName> in <name type="place" key="Copen01">Copenhagen</name> acquired the manuscript from the school in <date when="2007">April 2007</date> as a gift.</p>
                        </acquisition>
                    </history>
                    <additional> 
                        <adminInfo>
                            <recordHist>
                                <source>
                                    <p>Catalogued by <name type="person">Jeffrey Love</name>
                                        for the on-line catalogue fasnl.ku.dk.</p>
                                    <p>Converted to handrit.org standard, revised, and appended with
                                        additional information from the manuscript on <date
                                            when="2017-10-03"/> by <name
                                                type="person" key="KatKap001">Katarzyna Anna
                                                Kapitan</name>.</p>
                                </source>
                            </recordHist>
                        </adminInfo>
                        <surrogates>
                            <p>
                                <list>
                                    <item>Microfilm Neg 2019 from <date when="2011-05-31"/>.</item>
                                    <item>Microfilm (archive) 2001 from <date when="2011-06-01"/>.</item>
                                    <item>Backup film TS 1297 from <date when="2011-06-16"/>.</item>
                                </list>
                            </p>
                        </surrogates>
                    </additional>
                </msDesc>
            </sourceDesc>
        </fileDesc>
        <revisionDesc>
            <change>
                <date when="2018-10-16"/>
                <name type="person" key="KatKap001">Katarzyna Anna Kapitan</name>
                Added origPlace and origDate.
            </change>
            
            <change>
                <date when="2018-10-22"/>
                <name type="person" key="KatKap001">Katarzyna Anna Kapitan</name>
                Fixed handDesc.
            </change>
            <change>
                <date when="2018-11-07"/>
                <name type="person" key="KatKap001">Katarzyna Anna Kapitan</name>
                Added surrogates.
            </change>
        </revisionDesc>
    </teiHeader>
    <facsimile>
        <surface/>
    </facsimile>
</TEI>