<?xml version="1.0" encoding="UTF-8"?><?oxygen RNGSchema="http://www.handrit.is/schema/handrit-1.0.rnc" type="compact"?><TEI xmlns="http://www.tei-c.org/ns/1.0">
    <teiHeader>
        <fileDesc>
            <titleStmt>
                <title type="main">Acc. 15</title>
            </titleStmt>
            <publicationStmt>
                <authority>Den Arnamagnæanske Samling</authority>
                <pubPlace>København</pubPlace>
            </publicationStmt>
            <sourceDesc><msDesc xml:lang="da" xml:id="Acc-0015-da">
                <msIdentifier>
                    <country>Danmark</country>
                    <settlement>København</settlement>
                    <repository>Den Arnamagnæanske Samling</repository>
                    <idno>Acc. 15</idno>
                 
                </msIdentifier>
            </msDesc>
            </sourceDesc>
        </fileDesc>
    </teiHeader>
    <facsimile>
        <surface/>
    </facsimile>
</TEI>