<?xml version="1.0" encoding="UTF-8"?><?oxygen RNGSchema="http://www.handrit.is/schema/handrit-1.0.rnc" type="compact"?>
<TEI xmlns="http://www.tei-c.org/ns/1.0">
    <teiHeader>
        <fileDesc>
            <titleStmt>
                <title type="main">Acc. 37</title>
            </titleStmt>
            <publicationStmt>
                <authority>Den Arnamagnæanske Samling</authority>
                <pubPlace>København</pubPlace>
            </publicationStmt>
            <sourceDesc>
                <msDesc xml:lang="en" xml:id="Acc-0037-c-en">
                    <msIdentifier>
                        <country>Denmark</country>
                        <settlement>København</settlement>
                        <repository>Den Arnamagnæanske Samling</repository>
                        <idno>Acc. 37 c</idno>
                    </msIdentifier>
                    <msContents>
                        <summary><title>Kristian Kålund's correspondence regarding the edition of
                                    <title type="uniform">Crymogæa</title></title></summary>
                        <msItem class="sendbr" n="1">
                            <locus from="1r" to="4r">1r-4r</locus>
                            <textLang mainLang="da"/>
                            <title type="supplied">Letter</title>
                            <note>A letter dated to <date when="1906-01-05"/>, Ithaca, New York. The
                                letter is written on an official paper of the <q>Cornell University
                                Library</q>, made of watermarked paper <q>ARENA BOND</q>.</note>
                            <respStmt>
                                <resp key="rcp"/>
                                <name type="person" key="KriKaa001">Kristian Kålund</name>
                            </respStmt>
                            <respStmt>
                                <resp key="crp"/>
                                <name type="person" key="HalHer001">Halldor Hermannsson</name>
                            </respStmt>
                        </msItem>
                        <msItem class="sendbr" n="2">
                            <locus from="5r" to="5r">5r</locus>
                            <textLang mainLang="de">German</textLang>
                            <title type="supplied">Letter</title>
                            <note>A letter dated to <date when="1905-12-14"/>, Hamburg. The letter
                                is written on an official paper of the <q>Stadtbibliothek</q>.</note>
                            <respStmt>
                                <resp key="rcp"/>
                                <name type="person" key="KriKaa001">Kristian Kålund</name>
                            </respStmt>
                            <respStmt>
                                <resp key="crp"/>
                                <name type="person">Dr. Küster, bibliothekar</name>
                            </respStmt>
                        </msItem>
                        <msItem class="sendbr" n="3">
                            <locus from="6r" to="6v">6r-6v</locus>
                            <textLang mainLang="sv">Swedish</textLang>
                            <title type="supplied">Letter</title>
                            <note>A letter dated to <date when="1906-01-12"/>, Uppsala. The letter
                                is written on an official paper of the Kungl. Universitetets i Uppsala Bibliotek.</note>
                            <respStmt>
                                <resp key="rcp"/>
                                <name type="person" key="KriKaa001">Kristian Kålund</name>
                            </respStmt>
                        </msItem>
                        <msItem class="sendbr" n="4">
                            <locus from="7r" to="10v">7r-10v</locus>
                            <textLang mainLang="da"/>
                            <title type="supplied">Letter</title>
                            <note>A letter dated to <date when="1906-02-04"/>, Reykjavík.</note>
                            <respStmt>
                                <resp key="rcp"/>
                                <name type="person" key="KriKaa001">Kristian Kålund</name>
                            </respStmt>
                            <respStmt>
                                <resp key="crp"/>
                                <name type="person" key="BjoMag009">Björn M. Ólsen</name>
                            </respStmt>
                        </msItem>
                        <msItem class="sendbr" n="5">
                            <locus from="11r" to="11v">11r-11v</locus>
                            <textLang mainLang="sv">Swedish</textLang>
                            <title type="supplied">Letter</title>
                            <note>A letter dated to <date when="1906-01-15"/>, Lund. A letter is written on an official paper of <q>K. Universitets-Biblioteket i Lund</q></note>
                            <respStmt>
                                <resp key="rcp"/>
                                <name type="person" key="KriKaa001">Kristian Kålund</name>
                            </respStmt>
                        </msItem>
                        <msItem class="sendbr" n="6">
                            <locus from="12r" to="13r">12r-13r</locus>
                            <textLang mainLang="is"/>
                            <title type="supplied">Letter</title>
                            <note>A letter dated to <date when="1906-02-16"/>, Reykjavík.</note>
                            <respStmt>
                                <resp key="rcp"/>
                                <name type="person" key="KriKaa001">Kristian Kålund</name>
                            </respStmt>
                            <respStmt>
                                <resp key="crp"/>
                                <name type="person" key="PalPal004">Pálmi Pálsson</name>
                            </respStmt>
                        </msItem>
                        <msItem class="sendbr" n="7">
                            <locus from="14r" to="14v">14r-14v</locus>
                            <textLang mainLang="sv">Swedish</textLang>
                            <title type="supplied">Letter</title>
                            <note>A letter dated to <date when="1906-01-12"/>. The letter is written on the official paper of <q>Kongl. Biblioteket</q></note>
                            <respStmt>
                                <resp key="rcp"/>
                                <name type="person" key="KriKaa001">Kristian Kålund</name>
                            </respStmt>
                        </msItem>
                        <msItem class="sendbr" n="8">
                            <locus from="15r" to="15v">15r-15v</locus>
                            <textLang mainLang="da"/>
                            <title type="supplied">Letter</title>
                            <note>A letter dated to <date when="1906-01-15"/>. The letter is written on the official paper of <q>Statsbiblioteket i Aarhus</q></note>
                            <respStmt>
                                <resp key="rcp"/>
                                <name type="person" key="KriKaa001">Kristian Kålund</name>
                            </respStmt>
                        </msItem>
                        <msItem class="sendbr" n="9">
                            <locus from="16r" to="16v">16r-16v</locus>
                            <textLang mainLang="da"/>
                            <title type="supplied">Notes</title>
                        </msItem>
                        <msItem class="sendbr" n="10">
                            <locus from="17r" to="18r">17r-18r</locus>
                            <textLang mainLang="da"/>
                            <title type="supplied">Notes</title>
                        </msItem>
                    </msContents>
                    <physDesc>
                        <objectDesc form="other">
                            <supportDesc material="chart">
                                <support>Paper</support>
                                <extent>17 leaves.</extent>
                                <foliation>The leaves have been foliated in pencil 1-18 by <name
                                    type="person" key="AgnLot001">Agnete Loth</name>.</foliation>
                            </supportDesc>
                        </objectDesc>
                        <bindingDesc>
                            <binding><p>Loose leaves were put together into one pile placed in a folder made of yellow plain paper. 
                                On the folder the text is written in black ink <q>Korrespondence angaaende Crymogæa.</q> and in blue crayon <q>Crymogæa = udgav[e]</q></p></binding>
                        </bindingDesc>
                    </physDesc>
                    <history>
                       
                        <acquisition><p>From <name type="person" key="KriKaa001">Kålund's</name> estate.</p>
                        <p>
                            Until 2019 the collection of Kålund's letters in <ref
                                target="#Acc-0037-a-en">Acc. 37 a</ref>, <ref
                                    target="#Acc-0037-b-en">Acc. 37 b</ref>, and <ref
                                        target="#Acc-0037-c-en">Acc. 37 c</ref> was catalogued as Acc. 37
                            and this is how it appears in <name type="person" key="AgnLot001">Agnete
                                Loth's</name> unpublished catalogue. The foliation in pencil is
                            associated with <name type="person" key="AgnLot001">Agnete Loth's</name>
                            cataloging, but it is uncertain whether the division of the collection
                            into five parts is also associated with her.
                        </p></acquisition>
                    </history>
                    <additional>
                        <adminInfo>
                            <recordHist>
                                <source>Cataloged on <date when="2019-01-11"/> by <name type="person" key="KatKap001">Katarzyna Anna Kapitan</name>.</source>
                            </recordHist>
                        </adminInfo>
                        <surrogates>
                            <list>
                                <item>Microfilm Neg. 844 from <date when="1990-04-17"/>.</item>
                                <item>Microfilm (archive) Pos. 764 from <date when="1990-04-17"/>.</item>
                                <item>Backup film TS 1052 from <date when="2006-02-28"/>, a copy of Neg. 844.</item>
                            </list>
                        </surrogates>
                    </additional>
                </msDesc>
            </sourceDesc>
        </fileDesc>
        <revisionDesc>
            <change>
                <date when="2019-01-10"/>
                <name type="person" key="KatKap001"/> Cataloging </change>
            <change>
                <date when="2019-01-11"/>
                <name type="person" key="KatKap001"> Cataloging </name>
            </change>
            <change>
                <date when="2019-03-28"/>
                <name type="person" key="KatKap001"/> history </change>
        </revisionDesc>
    </teiHeader>
    <facsimile>
        <surface/>
    </facsimile>
</TEI>
