<?xml version="1.0" encoding="UTF-8"?>
<?oxygen RNGSchema="http://www.handrit.is/schema/handrit-1.0.rnc" type="compact"?>
<TEI xmlns="http://www.tei-c.org/ns/1.0">
   <teiHeader>
      <fileDesc>
         <titleStmt>
            <title>Handritaskrá Árnastofnunar</title>
         </titleStmt>
         <publicationStmt>
            <p>Tilraunaútgáfa</p>
         </publicationStmt>
         <sourceDesc>
            <msDesc xml:lang="is" xml:id="AM02-0163h-alfa-is">
               <msIdentifier>
                  <country key="IS">Ísland</country>
                  <settlement>Reykjavík</settlement>
                  <institution>Stofnun Árna Magnússonar í íslenskum fræðum</institution>
                  <repository>Handritasvið</repository>
                  <collection>Safn Árna Magnússonar</collection>
                  <idno>AM 163 h alfa fol.</idno>
                  <altIdentifier type="internal" subtype="KKKat">
                     <idno>210</idno>
                  </altIdentifier>
               </msIdentifier>

               <!-- Not:
               Íslendinga sögur II, Kbh. 1847.
               AM 163: Slay, Desmond. The manuscripts of Hrólfs saga Kraka. Hafniæ: 1960. (Bibliotheca Arnamagnæana; 24).
             -->


               <msContents>
                  <summary><title type="supplied">Sögubók</title></summary>
                  <textLang mainLang="is">Íslenska</textLang>

                  <msItem n="1" defective="true" class="isl">
                     <locus from="1r" facs="#AM02-0163h-alfa-0001r" to="11r">1r-11r</locus>
                     <title type="uniform">Kjalnesinga saga</title>
                     <rubric>Hér eftir fylgir Kjalarnesinga saga sem eignuð er Búa
                        Andríðarsyni.</rubric>
                     <incipit>Helgi bjóla son Ketils flatnefs nam Kjalarnes í millum Botnsár og
                        Leiruvoga …</incipit>
                     <explicit>… og er mikil ætt frá honum komin. </explicit>
                     <finalRubric>Endar hér Kjalarnesinga sögu.</finalRubric>
                  </msItem>

                  <msItem n="2" defective="true" class="islt">
                     <locus from="11r" facs="#AM02-0163h-alfa-0011r" to="13v">11r-13v</locus>
                     <title type="uniform">Jökuls þáttur Búasonar</title>
                     <incipit>Það er nú þessu næst sagt að Jökli Búasyni þótti svo illt verk sitt að
                        hann reið þegar í burtu …</incipit>
                     <explicit>… er tóku konungdóm og ríki eftir hann og endar hér þennan Jökuls
                        þátt.</explicit>
                  </msItem>

               </msContents>
               <physDesc>
                  <objectDesc form="codex">
                     <supportDesc material="chart">
                        <support>
                        	<p>Pappír með vatnsmerkjum.</p>
                        	<p>
                        		<watermark n="1">
                        			Vatnsmerki 1. Aðalmerki:
                        			<ref target="watermark:U">Stórt skjaldarmerki, skipt í fjóra hluta með fjaðraskúfi að ofan</ref>
                        			// Ekkert mótmerki (
                        			<locus from="1r" to="3v">1-3</locus>
                        			,
                        			<locus from="5r" to="5v">5</locus>
                        			,
                        			<locus from="9r" to="11v">9-11</locus>
                        			,
                        			<locus from="13r" to="13v">13</locus>
                        			).
                        		</watermark>
                        	</p>
                        </support>
                        <extent>i + 13 + i blöð (<dimensions type="leaf" unit="mm" scope="all">
                              <height>305</height>
                              <width>185</width>
                           </dimensions>).</extent>

                        <foliation>
                           <p>
                              <list>
                                 <item>Síðari tíma blaðmerking með dökku bleki 1-13.</item>
                              </list>
                           </p>
                        </foliation>

                        <collation>
                           <p>Þrjú kver.<list>
                                 <item>Kver I: blöð 1-7, 3 tvinn + 1 stakt blað.</item>
                                 <item>Kver II: blöð 8-11, 2 tvinn.</item>
                                 <item>Kver III: blöð 12-13, 1 tvinn.</item>
                              </list>
                           </p>
                        </collation>

                        <condition>
                           <p>
                              <list>
                                 <item>Síðutitlar eru víðast hvar skertir eða alveg horfnir vegna
                                    afskurðar blaða, sbr. t.d. blöð <locus from="1v" facs="#AM02-0163h-alfa-0001v" to="4v">1v-4v</locus>.</item>
                              </list>
                           </p>
                        </condition>

                     </supportDesc>

                     <layoutDesc>
                        <layout columns="1" writtenLines="38 40">
                           <p>
                              <list>
                                 <item>Eindálka. </item>
                                 <item>Leturflötur er ca <dimensions type="leaf" unit="mm">
                                       <height>270-275</height>
                                       <width>150-155</width>
                                    </dimensions>.</item>
                                 <item>Línufjöldi er ca 38-40.</item>
                                 <item>Síðutitlar víða, sbr. <locus from="8r" facs="#AM02-0163h-alfa-0008r" to="9v">8r-9v</locus>.</item>
                                 <item>
                                    <catchwords>Griporð</catchwords> alls staðar nema á blöðum
                                       <locus from="10r" facs="#AM02-0163h-alfa-0010r" to="10r">10r</locus>, <locus from="11v" facs="#AM02-0163h-alfa-0011v" to="11v">11v</locus> og <locus from="13r" facs="#AM02-0163h-alfa-0013r" to="13r">13r</locus>.</item>
                              </list>
                           </p>
                        </layout>
                     </layoutDesc>
                  </objectDesc>


                  <handDesc>
                     <handNote scope="major" scribe="ArnEyj001" script=" kanzlei">
                        <list>
                           <item>Með hendi <name key="ArnEyj001" type="person"> Arnórs
                                 Eyjólfssonar</name> á <name type="place">Flókastöðum</name> (sbr.
                                 <locus from="accMat01r" facs="#AM02-0163h-alfa-accMat01r" to="accMat01r">seðil </locus>),
                              kansellískrift.</item>
                        </list>
                     </handNote>
                     <handNote scope="minor" scribe="JonSig009" script="textualis">
                        <list>
                           <item>
                              <name type="person" key="JonSig009">Jón Sigurðsson</name> eldri er
                              skrifari að upphafi sögunnar á neðri spássíu blaðs <locus from="1r" facs="#AM02-0163h-alfa-0001r" to="1r">1r</locus> og niðurlagi sögunnar á blaði <locus from="13v" facs="#AM02-0163h-alfa-0013v" to="13v">13v</locus> (<bibl>
                                 <ref target="KKKat">Katalog I</ref>
                              </bibl>bls. 128-129 (nr. 210)). </item>
                        </list>
                     </handNote>
                  </handDesc>

                  <decoDesc>
                     <decoNote type="initial" subtype="flourished"><list>
                           <item>Pennaskreyttir upphafsstafir eru á blöðum: <locus from="1r" facs="#AM02-0163h-alfa-0001r" to="1r">1r</locus>, <locus from="2v" facs="#AM02-0163h-alfa-0002v" to="2v">2v</locus>, <locus from="3v" facs="#AM02-0163h-alfa-0003v" to="3v">3v</locus>, <locus from="4v" facs="#AM02-0163h-alfa-0004v" to="4v">4v</locus>, <locus from="5r" facs="#AM02-0163h-alfa-0005r" to="5r">5r</locus>, <locus from="6r" facs="#AM02-0163h-alfa-0006r" to="6r">6r</locus>,
                                 <locus from="8v" facs="#AM02-0163h-alfa-0008v" to="8v">8v</locus>, <locus from="9r" facs="#AM02-0163h-alfa-0009r" to="9r">9r</locus>, <locus from="10r" facs="#AM02-0163h-alfa-0010r" to="11r">10r-11r</locus> og <locus from="12v" facs="#AM02-0163h-alfa-0012v" to="12v">12v.</locus></item>
                        </list>.</decoNote>
                     <decoNote>
                        <list>
                           <item>
                              <catchwords>Griporð</catchwords> eru víðast hvar, sbr. á blaði <locus from="5r" facs="#AM02-0163h-alfa-0005r" to="5r">5r</locus>, afmörkuð með látlausu
                              pennastriki.</item>
                        </list>
                     </decoNote>
                     <decoNote type="frieze" subtype="tail-piece">
                        <list>
                           <item>Víða í textanum (á greinarskilum) er merki sem líkist Z-u þar sem
                              neðri hluti endar í lykkju sem dregin er niður fyrir línu (sjá t.d.
                              blöð <locus from="1r" facs="#AM02-0163h-alfa-0001r" to="1r">1r</locus>, <locus from="2v" facs="#AM02-0163h-alfa-0002v" to="2v">2v</locus>, <locus from="6r" facs="#AM02-0163h-alfa-0006r" to="6r">6r</locus> og víðar).</item>
                        </list>
                     </decoNote>
                  </decoDesc>

                  <additions>
                     <p>
                        <list>
                           <item>Upphaf Kjalnesinga sögu og niðurlag Jökuls þáttar eru síðari tíma
                              viðbætur.</item>
                        </list>
                     </p>
                  </additions>

                  <bindingDesc>
                     <binding when="1974" contemporary="false">
                        <p>Band frá 1974 (<dimensions type="binding" unit="mm">
                              <height>318</height>
                              <width>215</width>
                              <depth>12</depth>
                           </dimensions>). Spjöld eru klædd fínofnum striga. Grófari strigi er á
                           kili og hornum. Saumað á móttök. Saurblöð tilheyra þessu bandi.</p>
                     </binding>
                     <binding notBefore="1772" notAfter="1780" contemporary="false">
                        <p>Pappaband frá 1772-1780. 
                           Framan á kápu eru titill sögunnar og safnmark
                          AM 163h-alfa skráð. 
                             Þar eru einnig skráðir sögutitlar AM 163h-beta hefur verið bætt við framan á
                                 kápu.
                             Blár safnmarksmiði er á kili. </p>
                              <p>Eldra og yngra band eru varðveitt saman í pappaöskju.</p>
                        

                     </binding>
                  </bindingDesc>

                  <accMat>
                     <p>
                        <list>
                           <item>
                              <locus from="accMat01r" facs="#AM02-0163h-alfa-accMat01r" to="accMat01r">Seðill </locus>(milli <locus from="0001v" facs="#AM02-0163h-alfa-0001v" to="0001v">saurblaðs</locus> og blaðs <locus from="1r" facs="#AM02-0163h-alfa-0001r" to="1r">1r</locus>) með hendi <name key="ArnMag001" type="person">Árna Magnússonar</name> (<dimensions type="slip" unit="mm">
                                 <height>166</height>
                                 <width>110</width>
                              </dimensions>): <quote type="AMSlip" xml:lang="is">Úr bók frá Árbæ með
                                 hendi Arnórs á Flókastöðum, er ég fékk af Hákoni Hannessyni. [Aftan
                                 á honum er strikað með einu striki yfir vers úr eftirfarandi sálmi: Maður og
                                 mildi Guð,/ miskunna þínum líð,/ að af elsku þinni,/ endurfæðumst
                                 vér,/ upplýs þú svo vort sinni,/ svo síðar æ með þér,/ hljótum
                                 heiður þann,/ aldrei endast kann.</quote>.</item>
                           <item>Laus miði með upplýsingum um forvörslu.</item>
                        </list>
                     </p>
                  </accMat>

               </physDesc>
               <history>
                  <origin notBefore="1650" notAfter="1699">
                     <p>
                        Handritið er skrifað á <origPlace key="IS">Íslandi,</origPlace>
                              líklega <origDate notBefore="1650" notAfter="1699">1650-1678</origDate> en það er tímasett til 17. aldar í <bibl>
                                 <!-- Arnór Eyjólfsson f 1640 (Sagnanet) ????-->
                                 <ref target="KKKat">Katalog I,</ref>
                              </bibl> bls. 128. Það var áður hluti af stærri bók sem innihélt einnig
                                 <ref target="AM02-0123" type="ms">AM 123 fol.,</ref>
                              <ref target="AM02-0164f" type="ms">AM 164 f fol.,</ref>
                              <ref target="AM02-0163h" type="ms">AM 163 h fol.</ref> og líklega <ref target="AM02-0167" type="ms">AM 167 fol.</ref>
                      
                     </p>
                  </origin>
                  <!-- sjá Sagnanet um aldursgreiningu -->
                  <!-- Arnór Eyjólfsson f 1640 (Sagnanet) -->
                  <provenance>
                     <p>
                        Bókin sem handritið tilheyrði var í eigu <name key="MagKor001" type="person">Magnúsar Kortssonar</name> í <name type="place">Árbæ</name> (sbr. <locus from="accMat01r" facs="#AM02-0163h-alfa-accMat01r" to="accMat01r">seðil</locus> og seðil í <ref target="AM02-0167" type="ms">AM 167
                                 fol.</ref>), en <name key="ArnMag001" type="person">Árni
                                 Magnússon</name> fékk hana frá <name type="person">Hákoni
                                 Hannessyni</name> (sbr. <locus from="accMat01r" facs="#AM02-0163h-alfa-accMat01r" to="accMat01r">seðil</locus>).
                     </p>
                  </provenance>
                  <acquisition when="1974-10-15">
                     <p>Stofnun Árna Magnússonar á Íslandi tók við handritinu 15. október 1974.</p>
                  </acquisition>
               </history>
               <additional>
                  <adminInfo>
                     <recordHist>

                        <source>
                           <p>     <name key="KriKaa001" type="person">Kålund</name> gekk frá
                              handritinu til skráningar í  <date when="1885-12-21">21.
                                 desember 1885</date>
                              <bibl>
                                 <ref target="KKKat">Katalog I;</ref>
                              </bibl>bls. 128-129 (nr. 210),
                              <name key="DriThr001" type="person">DKÞ</name> grunnskráði <date when="2001-10-03">3. október 2001</date>, 
                                    <name type="person" key="ValHil001">VH</name> skráði handritið
                                    samkvæmt TEIP5 reglum <date when="2008-12-18">18. desember 2008</date>; lagfærði í <date when="2010-11">nóvember 2010</date>. <name key="ThuSig002" type="person">ÞÓS</name> skráði <date when="2020-06-23">23. júní 2020</date>.
                                
                                  
                       
                               
                           
                           </p>
                        </source>

                     </recordHist>
                     <custodialHist>
                        <custEvent type="conservation" notBefore="1974" notAfter="1974">
                           <p>Viðgert og bundið af <name key="BirDal001" type="person">Birgitte
                                 Dall</name> í maí 1974.</p>
                        </custEvent>
                        <custEvent type="conservation" notBefore="1772" notAfter="1780">
                           <p>Bundið af <name key="MatBlo001" type="person">Matthiasi Larsen
                                 Bloch</name> á árunum 1772-1780. Það band fylgir.</p>
                        </custEvent>
                     </custodialHist>
                  </adminInfo>
                  <surrogates>
                     <p>
                        <list>
                           <item>Stafrænar myndir á www.sagnanet.is.</item>
                           <item>Svart-hvítar ljósmyndir á Det Arnamagnæanske Institut í
                              Kaupmannahöfn.</item>
                        </list>
                     </p>
                  </surrogates>
                  <listBibl>
                     <bibl/>
                  </listBibl>
               </additional>
            </msDesc>
         </sourceDesc>
      </fileDesc>
      <revisionDesc>
         <change when="2008-10" who="#EriHas01">Migrated from MASTER to P5</change>
      </revisionDesc>
   </teiHeader>
	<facsimile xml:base="https://myndir.handrit.is/file/Handrit.is/">
		<surface xml:id="AM02-0163h-alfa-0000r-FB" n="0">
			<desc>0000r-FB</desc>
			<graphic mimeType="pdf" url="AM%20163%20h%20alfa%20fol/0/HIGH_QUALITY_DISPLAY"/>
			<graphic mimeType="jpg" url="AM%20163%20h%20alfa%20fol/0/THUMBNAIL" width="200px" height="287px"/>
			<graphic mimeType="jpg" url="AM%20163%20h%20alfa%20fol/0/SECONDARY_DISPLAY" width="3264px" height="4680px"/>
			<graphic mimeType="pdf" url="AM%20163%20h%20alfa%20fol/0/WEB_DISPLAY"/>
		</surface>
		<surface xml:id="AM02-0163h-alfa-0000v-FB" n="1">
			<desc>0000v-FB</desc>
			<graphic mimeType="pdf" url="AM%20163%20h%20alfa%20fol/1/HIGH_QUALITY_DISPLAY"/>
			<graphic mimeType="jpg" url="AM%20163%20h%20alfa%20fol/1/THUMBNAIL" width="198px" height="300px"/>
			<graphic mimeType="jpg" url="AM%20163%20h%20alfa%20fol/1/SECONDARY_DISPLAY" width="3125px" height="4728px"/>
			<graphic mimeType="pdf" url="AM%20163%20h%20alfa%20fol/1/WEB_DISPLAY"/>
		</surface>
		<surface xml:id="AM02-0163h-alfa-0001r-FFl" n="2">
			<desc>0001r-FFl</desc>
			<graphic mimeType="pdf" url="AM%20163%20h%20alfa%20fol/2/HIGH_QUALITY_DISPLAY"/>
			<graphic mimeType="jpg" url="AM%20163%20h%20alfa%20fol/2/THUMBNAIL" width="198px" height="300px"/>
			<graphic mimeType="jpg" url="AM%20163%20h%20alfa%20fol/2/SECONDARY_DISPLAY" width="3125px" height="4728px"/>
			<graphic mimeType="pdf" url="AM%20163%20h%20alfa%20fol/2/WEB_DISPLAY"/>
		</surface>
		<surface xml:id="AM02-0163h-alfa-0001v-FFl" n="3">
			<desc>0001v-FFl</desc>
			<graphic mimeType="pdf" url="AM%20163%20h%20alfa%20fol/3/HIGH_QUALITY_DISPLAY"/>
			<graphic mimeType="jpg" url="AM%20163%20h%20alfa%20fol/3/THUMBNAIL" width="200px" height="294px"/>
			<graphic mimeType="jpg" url="AM%20163%20h%20alfa%20fol/3/SECONDARY_DISPLAY" width="3156px" height="4644px"/>
			<graphic mimeType="pdf" url="AM%20163%20h%20alfa%20fol/3/WEB_DISPLAY"/>
		</surface>
		<surface xml:id="AM02-0163h-alfa-accMat01r" n="4">
			<desc>accMat01r</desc>
			<graphic mimeType="pdf" url="AM%20163%20h%20alfa%20fol/4/HIGH_QUALITY_DISPLAY"/>
			<graphic mimeType="jpg" url="AM%20163%20h%20alfa%20fol/4/THUMBNAIL" width="200px" height="284px"/>
			<graphic mimeType="jpg" url="AM%20163%20h%20alfa%20fol/4/SECONDARY_DISPLAY" width="1776px" height="2520px"/>
			<graphic mimeType="pdf" url="AM%20163%20h%20alfa%20fol/4/WEB_DISPLAY"/>
		</surface>
		<surface xml:id="AM02-0163h-alfa-accMat01v" n="5">
			<desc>accMat01v</desc>
			<graphic mimeType="pdf" url="AM%20163%20h%20alfa%20fol/5/HIGH_QUALITY_DISPLAY"/>
			<graphic mimeType="jpg" url="AM%20163%20h%20alfa%20fol/5/THUMBNAIL" width="200px" height="284px"/>
			<graphic mimeType="jpg" url="AM%20163%20h%20alfa%20fol/5/SECONDARY_DISPLAY" width="1776px" height="2520px"/>
			<graphic mimeType="pdf" url="AM%20163%20h%20alfa%20fol/5/WEB_DISPLAY"/>
		</surface>
		<surface xml:id="AM02-0163h-alfa-0001r" n="6">
			<desc>0001r</desc>
			<graphic mimeType="pdf" url="AM%20163%20h%20alfa%20fol/6/HIGH_QUALITY_DISPLAY"/>
			<graphic mimeType="jpg" url="AM%20163%20h%20alfa%20fol/6/THUMBNAIL" width="200px" height="293px"/>
			<graphic mimeType="jpg" url="AM%20163%20h%20alfa%20fol/6/SECONDARY_DISPLAY" width="3132px" height="4584px"/>
			<graphic mimeType="pdf" url="AM%20163%20h%20alfa%20fol/6/WEB_DISPLAY"/>
		</surface>
		<surface xml:id="AM02-0163h-alfa-0001v" n="7">
			<desc>0001v</desc>
			<graphic mimeType="pdf" url="AM%20163%20h%20alfa%20fol/7/HIGH_QUALITY_DISPLAY"/>
			<graphic mimeType="jpg" url="AM%20163%20h%20alfa%20fol/7/THUMBNAIL" width="185px" height="300px"/>
			<graphic mimeType="jpg" url="AM%20163%20h%20alfa%20fol/7/SECONDARY_DISPLAY" width="2855px" height="4620px"/>
			<graphic mimeType="pdf" url="AM%20163%20h%20alfa%20fol/7/WEB_DISPLAY"/>
		</surface>
		<surface xml:id="AM02-0163h-alfa-0002r" n="8">
			<desc>0002r</desc>
			<graphic mimeType="pdf" url="AM%20163%20h%20alfa%20fol/8/HIGH_QUALITY_DISPLAY"/>
			<graphic mimeType="jpg" url="AM%20163%20h%20alfa%20fol/8/THUMBNAIL" width="185px" height="300px"/>
			<graphic mimeType="jpg" url="AM%20163%20h%20alfa%20fol/8/SECONDARY_DISPLAY" width="2855px" height="4620px"/>
			<graphic mimeType="pdf" url="AM%20163%20h%20alfa%20fol/8/WEB_DISPLAY"/>
		</surface>
		<surface xml:id="AM02-0163h-alfa-0002v" n="9">
			<desc>0002v</desc>
			<graphic mimeType="pdf" url="AM%20163%20h%20alfa%20fol/9/HIGH_QUALITY_DISPLAY"/>
			<graphic mimeType="jpg" url="AM%20163%20h%20alfa%20fol/9/THUMBNAIL" width="183px" height="300px"/>
			<graphic mimeType="jpg" url="AM%20163%20h%20alfa%20fol/9/SECONDARY_DISPLAY" width="2813px" height="4620px"/>
			<graphic mimeType="pdf" url="AM%20163%20h%20alfa%20fol/9/WEB_DISPLAY"/>
		</surface>
		<surface xml:id="AM02-0163h-alfa-0003r" n="10">
			<desc>0003r</desc>
			<graphic mimeType="pdf" url="AM%20163%20h%20alfa%20fol/10/HIGH_QUALITY_DISPLAY"/>
			<graphic mimeType="jpg" url="AM%20163%20h%20alfa%20fol/10/THUMBNAIL" width="183px" height="300px"/>
			<graphic mimeType="jpg" url="AM%20163%20h%20alfa%20fol/10/SECONDARY_DISPLAY" width="2813px" height="4620px"/>
			<graphic mimeType="pdf" url="AM%20163%20h%20alfa%20fol/10/WEB_DISPLAY"/>
		</surface>
		<surface xml:id="AM02-0163h-alfa-0003v" n="11">
			<desc>0003v</desc>
			<graphic mimeType="pdf" url="AM%20163%20h%20alfa%20fol/11/HIGH_QUALITY_DISPLAY"/>
			<graphic mimeType="jpg" url="AM%20163%20h%20alfa%20fol/11/THUMBNAIL" width="183px" height="300px"/>
			<graphic mimeType="jpg" url="AM%20163%20h%20alfa%20fol/11/SECONDARY_DISPLAY" width="2813px" height="4620px"/>
			<graphic mimeType="pdf" url="AM%20163%20h%20alfa%20fol/11/WEB_DISPLAY"/>
		</surface>
		<surface xml:id="AM02-0163h-alfa-0004r" n="12">
			<desc>0004r</desc>
			<graphic mimeType="pdf" url="AM%20163%20h%20alfa%20fol/12/HIGH_QUALITY_DISPLAY"/>
			<graphic mimeType="jpg" url="AM%20163%20h%20alfa%20fol/12/THUMBNAIL" width="183px" height="300px"/>
			<graphic mimeType="jpg" url="AM%20163%20h%20alfa%20fol/12/SECONDARY_DISPLAY" width="2813px" height="4620px"/>
			<graphic mimeType="pdf" url="AM%20163%20h%20alfa%20fol/12/WEB_DISPLAY"/>
		</surface>
		<surface xml:id="AM02-0163h-alfa-0004v" n="13">
			<desc>0004v</desc>
			<graphic mimeType="pdf" url="AM%20163%20h%20alfa%20fol/13/HIGH_QUALITY_DISPLAY"/>
			<graphic mimeType="jpg" url="AM%20163%20h%20alfa%20fol/13/THUMBNAIL" width="183px" height="300px"/>
			<graphic mimeType="jpg" url="AM%20163%20h%20alfa%20fol/13/SECONDARY_DISPLAY" width="2813px" height="4620px"/>
			<graphic mimeType="pdf" url="AM%20163%20h%20alfa%20fol/13/WEB_DISPLAY"/>
		</surface>
		<surface xml:id="AM02-0163h-alfa-0005r" n="14">
			<desc>0005r</desc>
			<graphic mimeType="pdf" url="AM%20163%20h%20alfa%20fol/14/HIGH_QUALITY_DISPLAY"/>
			<graphic mimeType="jpg" url="AM%20163%20h%20alfa%20fol/14/THUMBNAIL" width="183px" height="300px"/>
			<graphic mimeType="jpg" url="AM%20163%20h%20alfa%20fol/14/SECONDARY_DISPLAY" width="2813px" height="4620px"/>
			<graphic mimeType="pdf" url="AM%20163%20h%20alfa%20fol/14/WEB_DISPLAY"/>
		</surface>
		<surface xml:id="AM02-0163h-alfa-0005v" n="15">
			<desc>0005v</desc>
			<graphic mimeType="pdf" url="AM%20163%20h%20alfa%20fol/15/HIGH_QUALITY_DISPLAY"/>
			<graphic mimeType="jpg" url="AM%20163%20h%20alfa%20fol/15/THUMBNAIL" width="183px" height="300px"/>
			<graphic mimeType="jpg" url="AM%20163%20h%20alfa%20fol/15/SECONDARY_DISPLAY" width="2813px" height="4620px"/>
			<graphic mimeType="pdf" url="AM%20163%20h%20alfa%20fol/15/WEB_DISPLAY"/>
		</surface>
		<surface xml:id="AM02-0163h-alfa-0006r" n="16">
			<desc>0006r</desc>
			<graphic mimeType="pdf" url="AM%20163%20h%20alfa%20fol/16/HIGH_QUALITY_DISPLAY"/>
			<graphic mimeType="jpg" url="AM%20163%20h%20alfa%20fol/16/THUMBNAIL" width="183px" height="300px"/>
			<graphic mimeType="jpg" url="AM%20163%20h%20alfa%20fol/16/SECONDARY_DISPLAY" width="2813px" height="4620px"/>
			<graphic mimeType="pdf" url="AM%20163%20h%20alfa%20fol/16/WEB_DISPLAY"/>
		</surface>
		<surface xml:id="AM02-0163h-alfa-0006v" n="17">
			<desc>0006v</desc>
			<graphic mimeType="pdf" url="AM%20163%20h%20alfa%20fol/17/HIGH_QUALITY_DISPLAY"/>
			<graphic mimeType="jpg" url="AM%20163%20h%20alfa%20fol/17/THUMBNAIL" width="183px" height="300px"/>
			<graphic mimeType="jpg" url="AM%20163%20h%20alfa%20fol/17/SECONDARY_DISPLAY" width="2813px" height="4620px"/>
			<graphic mimeType="pdf" url="AM%20163%20h%20alfa%20fol/17/WEB_DISPLAY"/>
		</surface>
		<surface xml:id="AM02-0163h-alfa-0007r" n="18">
			<desc>0007r</desc>
			<graphic mimeType="pdf" url="AM%20163%20h%20alfa%20fol/18/HIGH_QUALITY_DISPLAY"/>
			<graphic mimeType="jpg" url="AM%20163%20h%20alfa%20fol/18/THUMBNAIL" width="183px" height="300px"/>
			<graphic mimeType="jpg" url="AM%20163%20h%20alfa%20fol/18/SECONDARY_DISPLAY" width="2813px" height="4620px"/>
			<graphic mimeType="pdf" url="AM%20163%20h%20alfa%20fol/18/WEB_DISPLAY"/>
		</surface>
		<surface xml:id="AM02-0163h-alfa-0007v" n="19">
			<desc>0007v</desc>
			<graphic mimeType="pdf" url="AM%20163%20h%20alfa%20fol/19/HIGH_QUALITY_DISPLAY"/>
			<graphic mimeType="jpg" url="AM%20163%20h%20alfa%20fol/19/THUMBNAIL" width="184px" height="300px"/>
			<graphic mimeType="jpg" url="AM%20163%20h%20alfa%20fol/19/SECONDARY_DISPLAY" width="2837px" height="4620px"/>
			<graphic mimeType="pdf" url="AM%20163%20h%20alfa%20fol/19/WEB_DISPLAY"/>
		</surface>
		<surface xml:id="AM02-0163h-alfa-0008r" n="20">
			<desc>0008r</desc>
			<graphic mimeType="pdf" url="AM%20163%20h%20alfa%20fol/20/HIGH_QUALITY_DISPLAY"/>
			<graphic mimeType="jpg" url="AM%20163%20h%20alfa%20fol/20/THUMBNAIL" width="184px" height="300px"/>
			<graphic mimeType="jpg" url="AM%20163%20h%20alfa%20fol/20/SECONDARY_DISPLAY" width="2837px" height="4620px"/>
			<graphic mimeType="pdf" url="AM%20163%20h%20alfa%20fol/20/WEB_DISPLAY"/>
		</surface>
		<surface xml:id="AM02-0163h-alfa-0008v" n="21">
			<desc>0008v</desc>
			<graphic mimeType="pdf" url="AM%20163%20h%20alfa%20fol/21/HIGH_QUALITY_DISPLAY"/>
			<graphic mimeType="jpg" url="AM%20163%20h%20alfa%20fol/21/THUMBNAIL" width="183px" height="300px"/>
			<graphic mimeType="jpg" url="AM%20163%20h%20alfa%20fol/21/SECONDARY_DISPLAY" width="2819px" height="4620px"/>
			<graphic mimeType="pdf" url="AM%20163%20h%20alfa%20fol/21/WEB_DISPLAY"/>
		</surface>
		<surface xml:id="AM02-0163h-alfa-0009r" n="22">
			<desc>0009r</desc>
			<graphic mimeType="pdf" url="AM%20163%20h%20alfa%20fol/22/HIGH_QUALITY_DISPLAY"/>
			<graphic mimeType="jpg" url="AM%20163%20h%20alfa%20fol/22/THUMBNAIL" width="183px" height="300px"/>
			<graphic mimeType="jpg" url="AM%20163%20h%20alfa%20fol/22/SECONDARY_DISPLAY" width="2819px" height="4620px"/>
			<graphic mimeType="pdf" url="AM%20163%20h%20alfa%20fol/22/WEB_DISPLAY"/>
		</surface>
		<surface xml:id="AM02-0163h-alfa-0009v" n="23">
			<desc>0009v</desc>
			<graphic mimeType="pdf" url="AM%20163%20h%20alfa%20fol/23/HIGH_QUALITY_DISPLAY"/>
			<graphic mimeType="jpg" url="AM%20163%20h%20alfa%20fol/23/THUMBNAIL" width="183px" height="300px"/>
			<graphic mimeType="jpg" url="AM%20163%20h%20alfa%20fol/23/SECONDARY_DISPLAY" width="2819px" height="4620px"/>
			<graphic mimeType="pdf" url="AM%20163%20h%20alfa%20fol/23/WEB_DISPLAY"/>
		</surface>
		<surface xml:id="AM02-0163h-alfa-0010r" n="24">
			<desc>0010r</desc>
			<graphic mimeType="pdf" url="AM%20163%20h%20alfa%20fol/24/HIGH_QUALITY_DISPLAY"/>
			<graphic mimeType="jpg" url="AM%20163%20h%20alfa%20fol/24/THUMBNAIL" width="183px" height="300px"/>
			<graphic mimeType="jpg" url="AM%20163%20h%20alfa%20fol/24/SECONDARY_DISPLAY" width="2819px" height="4620px"/>
			<graphic mimeType="pdf" url="AM%20163%20h%20alfa%20fol/24/WEB_DISPLAY"/>
		</surface>
		<surface xml:id="AM02-0163h-alfa-0010v" n="25">
			<desc>0010v</desc>
			<graphic mimeType="pdf" url="AM%20163%20h%20alfa%20fol/25/HIGH_QUALITY_DISPLAY"/>
			<graphic mimeType="jpg" url="AM%20163%20h%20alfa%20fol/25/THUMBNAIL" width="184px" height="300px"/>
			<graphic mimeType="jpg" url="AM%20163%20h%20alfa%20fol/25/SECONDARY_DISPLAY" width="2783px" height="4536px"/>
			<graphic mimeType="pdf" url="AM%20163%20h%20alfa%20fol/25/WEB_DISPLAY"/>
		</surface>
		<surface xml:id="AM02-0163h-alfa-0011r" n="26">
			<desc>0011r</desc>
			<graphic mimeType="pdf" url="AM%20163%20h%20alfa%20fol/26/HIGH_QUALITY_DISPLAY"/>
			<graphic mimeType="jpg" url="AM%20163%20h%20alfa%20fol/26/THUMBNAIL" width="184px" height="300px"/>
			<graphic mimeType="jpg" url="AM%20163%20h%20alfa%20fol/26/SECONDARY_DISPLAY" width="2783px" height="4536px"/>
			<graphic mimeType="pdf" url="AM%20163%20h%20alfa%20fol/26/WEB_DISPLAY"/>
		</surface>
		<surface xml:id="AM02-0163h-alfa-0011v" n="27">
			<desc>0011v</desc>
			<graphic mimeType="pdf" url="AM%20163%20h%20alfa%20fol/27/HIGH_QUALITY_DISPLAY"/>
			<graphic mimeType="jpg" url="AM%20163%20h%20alfa%20fol/27/THUMBNAIL" width="184px" height="300px"/>
			<graphic mimeType="jpg" url="AM%20163%20h%20alfa%20fol/27/SECONDARY_DISPLAY" width="2783px" height="4536px"/>
			<graphic mimeType="pdf" url="AM%20163%20h%20alfa%20fol/27/WEB_DISPLAY"/>
		</surface>
		<surface xml:id="AM02-0163h-alfa-0012r" n="28">
			<desc>0012r</desc>
			<graphic mimeType="pdf" url="AM%20163%20h%20alfa%20fol/28/HIGH_QUALITY_DISPLAY"/>
			<graphic mimeType="jpg" url="AM%20163%20h%20alfa%20fol/28/THUMBNAIL" width="184px" height="300px"/>
			<graphic mimeType="jpg" url="AM%20163%20h%20alfa%20fol/28/SECONDARY_DISPLAY" width="2783px" height="4536px"/>
			<graphic mimeType="pdf" url="AM%20163%20h%20alfa%20fol/28/WEB_DISPLAY"/>
		</surface>
		<surface xml:id="AM02-0163h-alfa-0012v" n="29">
			<desc>0012v</desc>
			<graphic mimeType="pdf" url="AM%20163%20h%20alfa%20fol/29/HIGH_QUALITY_DISPLAY"/>
			<graphic mimeType="jpg" url="AM%20163%20h%20alfa%20fol/29/THUMBNAIL" width="184px" height="300px"/>
			<graphic mimeType="jpg" url="AM%20163%20h%20alfa%20fol/29/SECONDARY_DISPLAY" width="2783px" height="4536px"/>
			<graphic mimeType="pdf" url="AM%20163%20h%20alfa%20fol/29/WEB_DISPLAY"/>
		</surface>
		<surface xml:id="AM02-0163h-alfa-0013r" n="30">
			<desc>0013r</desc>
			<graphic mimeType="pdf" url="AM%20163%20h%20alfa%20fol/30/HIGH_QUALITY_DISPLAY"/>
			<graphic mimeType="jpg" url="AM%20163%20h%20alfa%20fol/30/THUMBNAIL" width="184px" height="300px"/>
			<graphic mimeType="jpg" url="AM%20163%20h%20alfa%20fol/30/SECONDARY_DISPLAY" width="2783px" height="4536px"/>
			<graphic mimeType="pdf" url="AM%20163%20h%20alfa%20fol/30/WEB_DISPLAY"/>
		</surface>
		<surface xml:id="AM02-0163h-alfa-0013v" n="31">
			<desc>0013v</desc>
			<graphic mimeType="pdf" url="AM%20163%20h%20alfa%20fol/31/HIGH_QUALITY_DISPLAY"/>
			<graphic mimeType="jpg" url="AM%20163%20h%20alfa%20fol/31/THUMBNAIL" width="182px" height="300px"/>
			<graphic mimeType="jpg" url="AM%20163%20h%20alfa%20fol/31/SECONDARY_DISPLAY" width="2807px" height="4620px"/>
			<graphic mimeType="pdf" url="AM%20163%20h%20alfa%20fol/31/WEB_DISPLAY"/>
		</surface>
		<surface xml:id="AM02-0163h-alfa-9901r-RFl" n="32">
			<desc>9901r-RFl</desc>
			<graphic mimeType="pdf" url="AM%20163%20h%20alfa%20fol/32/HIGH_QUALITY_DISPLAY"/>
			<graphic mimeType="jpg" url="AM%20163%20h%20alfa%20fol/32/THUMBNAIL" width="182px" height="300px"/>
			<graphic mimeType="jpg" url="AM%20163%20h%20alfa%20fol/32/SECONDARY_DISPLAY" width="2807px" height="4620px"/>
			<graphic mimeType="pdf" url="AM%20163%20h%20alfa%20fol/32/WEB_DISPLAY"/>
		</surface>
		<surface xml:id="AM02-0163h-alfa-9901v-RFl" n="33">
			<desc>9901v-RFl</desc>
			<graphic mimeType="pdf" url="AM%20163%20h%20alfa%20fol/33/HIGH_QUALITY_DISPLAY"/>
			<graphic mimeType="jpg" url="AM%20163%20h%20alfa%20fol/33/THUMBNAIL" width="200px" height="300px"/>
			<graphic mimeType="jpg" url="AM%20163%20h%20alfa%20fol/33/SECONDARY_DISPLAY" width="3131px" height="4692px"/>
			<graphic mimeType="pdf" url="AM%20163%20h%20alfa%20fol/33/WEB_DISPLAY"/>
		</surface>
		<surface xml:id="AM02-0163h-alfa-9999r-RB" n="34">
			<desc>9999r-RB</desc>
			<graphic mimeType="pdf" url="AM%20163%20h%20alfa%20fol/34/HIGH_QUALITY_DISPLAY"/>
			<graphic mimeType="jpg" url="AM%20163%20h%20alfa%20fol/34/THUMBNAIL" width="200px" height="300px"/>
			<graphic mimeType="jpg" url="AM%20163%20h%20alfa%20fol/34/SECONDARY_DISPLAY" width="3131px" height="4692px"/>
			<graphic mimeType="pdf" url="AM%20163%20h%20alfa%20fol/34/WEB_DISPLAY"/>
		</surface>
		<surface xml:id="AM02-0163h-alfa-9999v-RB" n="35">
			<desc>9999v-RB</desc>
			<graphic mimeType="pdf" url="AM%20163%20h%20alfa%20fol/35/HIGH_QUALITY_DISPLAY"/>
			<graphic mimeType="jpg" url="AM%20163%20h%20alfa%20fol/35/THUMBNAIL" width="200px" height="283px"/>
			<graphic mimeType="jpg" url="AM%20163%20h%20alfa%20fol/35/SECONDARY_DISPLAY" width="3312px" height="4692px"/>
			<graphic mimeType="pdf" url="AM%20163%20h%20alfa%20fol/35/WEB_DISPLAY"/>
		</surface>
		<surface xml:id="AM02-0163h-alfa-addMat01r" n="36">
			<desc>addMat01r</desc>
			<graphic mimeType="pdf" url="AM%20163%20h%20alfa%20fol/36/HIGH_QUALITY_DISPLAY"/>
			<graphic mimeType="jpg" url="AM%20163%20h%20alfa%20fol/36/THUMBNAIL" width="198px" height="300px"/>
			<graphic mimeType="jpg" url="AM%20163%20h%20alfa%20fol/36/SECONDARY_DISPLAY" width="3048px" height="4608px"/>
			<graphic mimeType="pdf" url="AM%20163%20h%20alfa%20fol/36/WEB_DISPLAY"/>
		</surface>
		<surface xml:id="AM02-0163h-alfa-addMat01v" n="37">
			<desc>addMat01v</desc>
			<graphic mimeType="pdf" url="AM%20163%20h%20alfa%20fol/37/HIGH_QUALITY_DISPLAY"/>
			<graphic mimeType="jpg" url="AM%20163%20h%20alfa%20fol/37/THUMBNAIL" width="191px" height="300px"/>
			<graphic mimeType="jpg" url="AM%20163%20h%20alfa%20fol/37/SECONDARY_DISPLAY" width="2939px" height="4608px"/>
			<graphic mimeType="pdf" url="AM%20163%20h%20alfa%20fol/37/WEB_DISPLAY"/>
		</surface>
		<surface xml:id="AM02-0163h-alfa-addMat02r" n="38">
			<desc>addMat02r</desc>
			<graphic mimeType="pdf" url="AM%20163%20h%20alfa%20fol/38/HIGH_QUALITY_DISPLAY"/>
			<graphic mimeType="jpg" url="AM%20163%20h%20alfa%20fol/38/THUMBNAIL" width="191px" height="300px"/>
			<graphic mimeType="jpg" url="AM%20163%20h%20alfa%20fol/38/SECONDARY_DISPLAY" width="2939px" height="4608px"/>
			<graphic mimeType="pdf" url="AM%20163%20h%20alfa%20fol/38/WEB_DISPLAY"/>
		</surface>
		<surface xml:id="AM02-0163h-alfa-addMat02v" n="39">
			<desc>addMat02v</desc>
			<graphic mimeType="pdf" url="AM%20163%20h%20alfa%20fol/39/HIGH_QUALITY_DISPLAY"/>
			<graphic mimeType="jpg" url="AM%20163%20h%20alfa%20fol/39/THUMBNAIL" width="194px" height="300px"/>
			<graphic mimeType="jpg" url="AM%20163%20h%20alfa%20fol/39/SECONDARY_DISPLAY" width="2976px" height="4608px"/>
			<graphic mimeType="pdf" url="AM%20163%20h%20alfa%20fol/39/WEB_DISPLAY"/>
		</surface>
		<surface xml:id="AM02-0163h-alfa-addMat03r" n="40">
			<desc>addMat03r</desc>
			<graphic mimeType="pdf" url="AM%20163%20h%20alfa%20fol/40/HIGH_QUALITY_DISPLAY"/>
			<graphic mimeType="jpg" url="AM%20163%20h%20alfa%20fol/40/THUMBNAIL" width="157px" height="300px"/>
			<graphic mimeType="jpg" url="AM%20163%20h%20alfa%20fol/40/SECONDARY_DISPLAY" width="1067px" height="2044px"/>
			<graphic mimeType="pdf" url="AM%20163%20h%20alfa%20fol/40/WEB_DISPLAY"/>
		</surface>
		<surface xml:id="AM02-0163h-alfa-ccp" n="41">
			<desc>ccp</desc>
			<graphic mimeType="pdf" url="AM%20163%20h%20alfa%20fol/41/HIGH_QUALITY_DISPLAY"/>
			<graphic mimeType="jpg" url="AM%20163%20h%20alfa%20fol/41/THUMBNAIL" width="200px" height="292px"/>
			<graphic mimeType="jpg" url="AM%20163%20h%20alfa%20fol/41/SECONDARY_DISPLAY" width="2088px" height="3048px"/>
			<graphic mimeType="pdf" url="AM%20163%20h%20alfa%20fol/41/WEB_DISPLAY"/>
		</surface>
	</facsimile>
	<text>
      <body>

         <p/>
      </body>
   </text>
</TEI>