<?xml version="1.0" encoding="UTF-8"?>
<?oxygen RNGSchema="http://www.handrit.is/schema/handrit-1.0.rnc" type="compact"?>
<TEI xmlns="http://www.tei-c.org/ns/1.0">
    <teiHeader>
        <fileDesc>
            <titleStmt>
                <title type="main">AM 77 a fol.</title>
            </titleStmt>
            <publicationStmt>
                <authority>Den Arnamagnæanske Samling</authority>
                <pubPlace>København</pubPlace>
            </publicationStmt>
            <sourceDesc>
                <msDesc xml:id="AM02-0077-a-da" xml:lang="da">
                    <msIdentifier>
                        <country>Danmark</country>
                        <settlement>København</settlement>
                        <repository>Den Arnamagnæanske Samling</repository>
                        <idno>AM 77 a fol.</idno>
                        <altIdentifier type="internal" subtype="KKKat">
                            <idno>94</idno>
                        </altIdentifier>
                    </msIdentifier>
                    <head>
                        <title>Ólafs saga helga</title>, <origPlace>Danmark</origPlace>; <origDate
                            notBefore="1677" notAfter="1697">ca. 1687</origDate>
                    </head>
                    <msContents>
                        <msItem>
                            <title>Ólafs saga helga</title>
                            <textLang mainLang="is">Islandsk</textLang>
                            <filiation>Afskrift af <ref type="ms" target="AM02-068-da">AM 68
                                    fol</ref> (bl. 1-175v) og <title type="ms">Tómasskinna</title>
                                    (<ref type="ms">GKS 1008 fol.</ref>; bl. 175v-219v).</filiation>
                        </msItem>
                    </msContents>
                    <physDesc>
                        <objectDesc form="codex">
                            <supportDesc material="chart">
                                <support>
                                    <p>
                                        <material>Papir.</material>
                                    </p>
                                </support>
                                <extent>219 + ii. <dimensions type="leaf" scope="all" unit="mm">
                                        <height>322</height>
                                        <width>212</width>
                                    </dimensions>
                                </extent>
                                <foliation>
                                    <p>Folieret 1-219 med rødt blæk af <name type="person"
                                            key="KriKaa001">Kristian Kålund</name>.</p>
                                    <p>Hvert 10. blad yderligere folieret med sort blæk.</p>
                                </foliation>
                            </supportDesc>
                        </objectDesc>
                        <handDesc hands="2">
                            <summary>Ifølge Kålunds <ref target="KKKat">Katalog</ref> er Ásgeir
                                Jónsson hele håndskriftets skriver, men taget i betragtning at
                                skriftstilen ændrer sig markant på bl. 175 i teksten, er der med
                                stor sandsynlighed tale om to forskellige hænder.</summary>
                            <handNote scope="major" script="unknown">
                                <p>Bl. 1r-175v er muligvis skrevet af en ukendt skriver.</p>
                            </handNote>
                            <handNote scribe="AsgJon001" scope="minor" script="other">
                                <p>Bl. 175v-219 er skrevet af <name type="person" key="AsgJon001"
                                        >Ásgeir Jónsson</name>.</p>
                            </handNote>
                        </handDesc>
                        <additions>
                            <p>Enkelte tilføjelser i teksten af <name type="person" key="ArnMag001"
                                    >Arne Magnusson</name>.</p>
                        </additions>
                        <bindingDesc>
                            <binding contemporary="false">
                                <p>Papbind fra perioden <date from="1730" to="1780"
                                    >1730-1780</date>. Påskrevet håndskriftnummer og angivelse af
                                    indhold: <q xml:lang="la">Saga Olafs helga aa membr. Wormii.</q>
                                    <name type="person" key="KriKaa001">Kålund</name> har noteret
                                    datoen <date when="1885-10-15">15.10.1885</date> på
                                    forsatsspejlet. Bindstørrelse: <dimensions type="binding"
                                        unit="mm">
                                        <height>335</height>
                                        <width>225</width>
                                        <depth>42</depth>
                                    </dimensions>
                                </p>
                            </binding>
                        </bindingDesc>
                        <accMat>
                            <p>Der er tre AM-sedler, alle tre skrevet af <name type="person"
                                    key="ArnMag001">Arne Magnusson</name>.</p>
                            <p>de første to omhandler <ref type="ms" target="AM02-073-b-da">AM 73 b
                                    fol</ref> (<title type="ms">Bæjarbók á Rauðisandi</title>).</p>
                            <p>Den første AM-seddel er et register over <q xml:lang="is">Seinustu
                                    miracula Olafs k<ex>onun</ex>gs ur Sgu hans frä Bæ ä
                                    Raudasandi</q>
                            </p>
                            <p>Den anden AM-seddel gengiver begyndelsen og slutningen af samme
                                håndskrift med ordene: <q xml:lang="is">Prologus. <lb/> Her hefr upp
                                    Saugu olafs konungs haraldz sonar. <lb/> Her hefr Raudulfs
                                    þattr. <lb/> Nu munum v<ex>er</ex> enda — utan enda amen <lb/>
                                    þetta m<ex>ed</ex> annarri hendi. Bæiar boc ä Raudasandi.</q>
                            </p>
                            <p>Den tredje seddel indeholder en liste over <q xml:lang="is">Miracula
                                    Olafs k<ex>onun</ex>gs</q>
                            </p>
                        </accMat>
                    </physDesc>
                    <history>
                        <origin>
                            <p>Skrevet i <origPlace>Danmark</origPlace>. Ifølge Oscar Albert Johnsen
                                og Jón Helgason (<bibl>
                                    <ref type="secondary-1" target="OlHJH">Den store saga om Olav
                                        den hellige</ref>
                                    <biblScope type="pages">1056</biblScope>
                                </bibl>) er den del, der er skrevet af <name type="person"
                                    key="AsgJon001">Ásgeir Jónsson</name>, skrevet omkring <origDate
                                    notBefore="1686" notAfter="1687" evidence="conjecture"
                                    >1686-87</origDate>, mens <ref type="ms" target="AM02-068-da">AM
                                    68 fol</ref> tihørte <name type="person" key="WilWor001">Willum
                                    Worm</name>. Agnte Loth (<bibl>
                                    <ref target="AgnLot1960">Om nogle af Ásgeir Jónssons
                                        håndskrifter</ref>
                                    <biblScope type="pages">210</biblScope>
                                </bibl>)</p>
                        </origin>
                    </history>
                    <additional>
                        <adminInfo>
                            <recordHist>
                                <source>
                                    <p>Katalogiseret <date when="2002-02-11">11 februar 2002</date>
                                        af <name type="person" key="EvaWed001">EW-J</name>.</p>
                                </source>
                            </recordHist>
                        </adminInfo>
                        <listBibl>
                            <bibl>Johnsen og Jón Helgason: <ref type="secondary-1" target="OlHJH"
                                    >Den store Saga om Olav den Hellige</ref>
                                <biblScope type="volume">II</biblScope>
                                <biblScope type="pages">1056-1058</biblScope>
                            </bibl>
                            <bibl>Kålund: <ref type="secondary-1" target="KKKat">Katalog</ref>
                                <biblScope type="volume">I</biblScope>
                                <biblScope type="pages">57-58</biblScope>
                            </bibl>
                            <bibl>Loth: <ref type="secondary-1" target="AgnLot1960">Om nogle af
                                    Ásgeir Jónssnons håndskrifter</ref><biblScope type="volume"
                                    >Opuscula I</biblScope><biblScope type="pages"
                                    >207-212</biblScope></bibl>
                        </listBibl>
                    </additional>
                </msDesc>
            </sourceDesc>
        </fileDesc>
    </teiHeader>
    <facsimile>
        <surface/>
    </facsimile>
</TEI>
