<?xml version="1.0" encoding="UTF-8"?>
<?oxygen RNGSchema="http://www.handrit.is/schema/handrit-1.0.rnc" type="compact"?>
<TEI xmlns="http://www.tei-c.org/ns/1.0">
   <teiHeader>
      <fileDesc>
         <titleStmt>
            <title>Handritaskrá Árnastofnunar</title>
         </titleStmt>
         <publicationStmt>
            <p>Tilraunaútgáfa</p>
         </publicationStmt>
         <sourceDesc>
            <msDesc xml:lang="is" xml:id="AM02-0162B-epsilon-is">
               <msIdentifier n="KK199">
                  <country>Ísland</country>
                  <settlement>Reykjavík</settlement>
                  <repository>Stofnun Árna Magnússonar</repository>
                  <idno>AM 162 B epsilon fol.</idno>
               </msIdentifier>
               <head>
                  <title type="uniform">Njáls saga</title>
                  <origPlace>Ísland</origPlace>
                  <origDate notBefore="1350" notAfter="1500" evidence="external">s. XV/XVI + s. XIV
                     3/4</origDate>
                  <note>Í safni brota úr tíu handritum.</note>
               </head>

               <msContents>
                  <textLang mainLang="is">Íslenska</textLang>

                  <msItem defective="true" class="isl">
                     <title type="uniform">Njáls saga</title>

                     <note>Fimm brot.</note>
                     <msItem>

                        <locus from="1r" facs="#AM02-0162B-epsilon-0001r" to="1v">1r-1v</locus>

                        <incipit type="def">þ<expan>ess</expan>v t<expan> ıl</expan> kapſ </incipit>

                        <explicit type="def"> ſeıg<expan>g</expan> ıa ra hallgerdı </explicit>

                     </msItem>


                     <msItem>

                        <locus from="2r" facs="#AM02-0162B-epsilon-0002r" to="3v">2r-3v</locus>

                        <incipit type="def">(arıt) t<expan> ıl</expan> v<expan>ar</expan>
                        </incipit>

                        <explicit type="def">[enda ſkortır mık eıgı] e</explicit>

                        <note>Blaðið er mjög fúið og stendur aðeins <q> e</q> eftir.</note>

                     </msItem>


                     <msItem>

                        <locus from="4r" facs="#AM02-0162B-epsilon-0004r" to="5v">4r-5v</locus>

                        <incipit type="def">
                           <expan>ok</expan> vov m<expan>ed</expan> h<expan>onu</expan>m</incipit>

                        <explicit type="def">hleyp at lıotınv. e lío</explicit>

                     </msItem>


                     <msItem>

                        <locus from="6r" facs="#AM02-0162B-epsilon-0006r" to="6v">6r-6v</locus>

                        <incipit type="def">auð <expan>um</expan> heı <expan>m</expan>
                              hu<expan>er</expan>t hauſt</incipit>

                        <explicit type="def"> ſoðla s<expan>er</expan> heſt</explicit>

                     </msItem>


                     <msItem>

                        <locus from="7r" facs="#AM02-0162B-epsilon-0007r" to="8v">7r-8v</locus>

                        <incipit type="def">v<expan> ıd</expan> ſtala ſtyrı </incipit>

                        <explicit type="def"> eſtu þ[eır] m<expan>ed</expan> ſer</explicit>
                     </msItem>

                  </msItem>
               </msContents>


               <physDesc>
                  <objectDesc form="codex">
                     <supportDesc material="perg">
                        <support>Skinn</support>
                        <extent>8 blöð (<dimensions type="leaf" scope="all">
                              <height>310</height>
                              <width>220</width>
                           </dimensions>).</extent>
                        <foliation>
                           <p/>
                        </foliation>
                        <collation>
                           <p/>
                        </collation>
                        <condition>
                           <p>
                              <list>

                                 <item n="1">Blöðin eru dökk og öll sködduð að einhverju
                                    leyti.</item>

                                 <item n="2">Bl. 2, 3 og 8 eru afar illa farin af fúa.</item>

                              </list>
                           </p>
                        </condition>
                     </supportDesc>
                     <layoutDesc>
                        <layout columns="2">
                           <p>Tvídálka.</p>
                        </layout>
                     </layoutDesc>
                  </objectDesc>
                  <handDesc>
                     <p/>
                  </handDesc>
                  <decoDesc>
                     <decoNote type="secondary" subtype="rubric">
                        <p>Kaflafyrirsagnir með rauðu bleki.</p>
                     </decoNote>

                     <decoNote type="secondary" subtype="initial">
                        <p>Upphafsstafir í ýmsum litum.</p>
                     </decoNote>

                  </decoDesc>
                  <additions>
                     <p>
                        <list>

                           <item n="1">Á neðri spássíu 1r hefur <name key="ArnMag001" type="person">Árni Magnússon</name> skrifað: <q>Fra Radz m<expan>ann</expan>inum
                                 [í Skálholti] 1704</q>.</item>

                           <item n="2">Hönd séra <name key="ThorJon06" type="person">Þórðar
                                 Jónssonar</name> í Hítardal á spássíum, ef marka má seðil með bl.
                              2-3.</item>

                           <item n="3">Á neðri spássíu 6r segir um bl. 6: <q>utanaf
                                    q<expan>ve</expan>ri ä Skardi er v<expan>er</expan>id
                                    h<expan>efur</expan> eign Sr Þordar i Hitardal</q>.</item>

                           <item n="4">Á bl. 5 eru tvö mannanöfn.</item>

                        </list>
                     </p>
                  </additions>
                  <bindingDesc>
                     <binding notBefore="1965" notAfter="1965" contemporary="false">
                        <p>Band frá nóvember 1965. Pappakápa. Blöð fest á móttök.</p>
                     </binding>
                  </bindingDesc>
                  <accMat>
                     <p>Tveir seðlar fremst með hendi <name key="ArnMag001" type="person">Árna
                           Magnússonar</name>: </p>
                     <list>
                        <item n="1"><locus from="accMat01r" facs="#AM02-0162B-epsilon-accMat01r" to="accMat01v">Seðill 1</locus> (<dimensions type="slip" unit="mm">
                              <height>208</height>
                              <width>151</width>
                           </dimensions>): <quote type="AMSlip" xml:lang="is">A þessum 2. bldum, er
                              hnd Sr Þordar Jonssonar. i Hitardal þad er teikn til, ad hann hefur
                              bloden ätt. </quote></item>
                        <item n="2"><locus from="accMat02r" facs="#AM02-0162B-epsilon-accMat02r" to="accMat02v">Seðill 2</locus> (<dimensions type="slip" unit="mm">
                              <height>224</height>
                              <width>163</width>
                           </dimensions>) : <quote type="AMSlip" xml:lang="is">2 bld ur Nials Sgu
                              [yfirstrikað: 1 blad ur Olafs Sögu Helga.] feinged fra Jslandi 1717
                              fra Monsr Orme Dadasyne</quote></item>
                     </list>
                  </accMat>
               </physDesc>


               <history>
                  <origin notBefore="1350" notAfter="1500">
                     <p>Blöðin eru tímasett um 1400 í <bibl>
                           <ref target="KKKat">Katalog I</ref>
                        </bibl>, bls. 119. Í <bibl>
                           <ref xml:id="ONPregistre" target="ONPregistre">ONPRegistre</ref>
                        </bibl>, bls. 434, eru þau tímasett sem hér segir: Bl. 1ra-1vb c1500. Bl.
                        2ra-8vb c1350-1375.</p>
                  </origin>

                  <provenance>
                     <p>
                        <list>

                           <item n="1">Bl. 1 fékk <name key="ArnMag001" type="person">Árni
                                 Magnússon</name> frá ráðsmanninum í <name type="person">Skálholti</name> <date when="1704">1704</date>.</item>

                           <item n="2">Bl. 4 og 8 fékk hann frá <name key="OrmDad001" type="person">Ormi Daðasyni</name> <date when="1717">1717</date>.</item>

                           <item n="3">Bl. 2-3 hafa verið í eigu séra <name key="ThorJon06" type="person">Þórðar Jónssonar</name> í Hítardal (sjá seðil og
                              spássíuskrif).</item>

                           <item n="4">
                              <name key="JonThor10" type="person">Jón Þorkelsson</name> telur að
                              handritið hafi splundrast snemma á 17. öld, bls. 682.</item>

                        </list>
                     </p>
                  </provenance>

                  <acquisition notBefore="1973-07-18" notAfter="1973-07-18">
                     <p>Stofnun Árna Magnússonar á Íslandi tók við handritinu 18. júlí 1973.</p>
                  </acquisition>

               </history>


               <additional>

                  <adminInfo>

                     <recordHist>
                        <source>
                           <p>Tekið eftir <bibl>
                                 <ref target="KKKat">Katalog I</ref>
                              </bibl>, bls. 117-21 (nr. 199). <name key="KriKaa001" type="person">Kålund</name> gekk frá handritinu til skráningar í <date when="1885-12">desember 1885</date>. <name key="HarBer001" type="person">Haraldur Bernharðsson</name> tölvuskráði í <date when="2001-02">febrúar 2001</date>.</p>
                        </source>

                     </recordHist>

                     <custodialHist>

                        <custEvent type="conservation" notBefore="1965" notAfter="1965">
                           <p>Gert við og bundið af <name key="BirDal001" type="person">Birgitte
                                 Dall</name> í nóvember 1965.</p>
                        </custEvent>
                     </custodialHist>

                  </adminInfo>


                  <surrogates>
                     <p>
                        <list>

                           <item n="1">Stafrænar myndir á www.sagnanet.is.</item>

                           <item n="2">Svart-hvítar ljósmyndir á Det Arnamagnæanske Institut í
                              Kaupmannahöfn.</item>

                           <item n="3">Svart-hvítar ljósmyndir á Stofnun Árna Magnússonar
                              á Íslandi.</item>

                        </list>
                     </p>
                  </surrogates>



                  <listBibl>
                     <bibl>Einar Ól. Sveinsson 1952, <ref target="EinSve1952a">Um handrit Njálssögu</ref></bibl>
                     <bibl>Einar Ól. Sveinsson 1953, <ref target="EinSve1953a">Studies in the manuscript tradition of Njálssaga</ref></bibl>
                     <bibl>Lethbridge, E. 2014, <ref target="EmiLet2014b">„Hvorki glansar gull á mér/né glæstir stafir í línum“.</ref></bibl>
                     <bibl>Zeevaert, L. 2018, <ref target="LudZee2018a">Eine deutsche zusammefassung von Njáls saga im manuskript Rostock Mss. philol. 78/2</ref></bibl>
                     <bibl>Guðrún Ása Grímsdóttir 2008, <ref target="GuðGrí2008a">Ættartölusafnrit séra Þórðar Jónssonar í Hítardal</ref></bibl>
                  </listBibl>

                  <!-- &#218;r heildarf&#230;rslu (sem var eytt &#254;egar hvert brot (<msPart>) var sett &#237; s&#233;r skjal 22. n&#243;vember 2001 - DK&#222;)<accMat>
      <p>
      <name type="person" key="ArnMag001">&#193;rni
      Magn&#250;sson</name>

      segir &#237; handritaskr&#225; bl. 78v (&#250;tg. bls. 28) og
      g&#230;ti &#225;tt vi&#240;&#160;&#254;etta: 
      <q>Ur Nials S&#246;gu fragment lited. 4to</q>
      </p>
    </accMat>

    <listBibl>
      <bibl>
        <ref target="Njal1809">Nials-Saga, Havni&#230; 1809</ref>

        <note>Latnesk &#254;&#253;&#240;ing. &#222;ar eru
        &#254;essi brot ranglega talin til 
        <msIdentifier>AM 309 4to</msIdentifier>

        og nefnd me&#240; eftirfarandi h&#230;tti: &#177; = b,
        &#8805; = e, &#8804; og &#165; = c, &amp;epsi; = f, &#8706;
        = i, &#8721; og &#8747; = d, &amp;thetas; = g, &#960; = h.
        &#205;&#160;&#254;essari &#250;tg&#225;fu eru enn fremur myndir
        af &#8804;, &#165;, &#8706; og &amp;thetas;.</note>
      </bibl>

      <bibl>
      <ref target="IslSog3">Nj&#225;la I, Kbh. 1875</ref>

      , bls. VII-X</bibl>

      <bibl>
      <ref target="">Germania XXIV</ref>

      , bls. 101</bibl>
    </listBibl> -->


               </additional>

            </msDesc>
         </sourceDesc>

      </fileDesc>
      <profileDesc> </profileDesc>
   </teiHeader>
	<facsimile xml:base="https://myndir.handrit.is/file/Handrit.is/">
		<surface xml:id="AM02-0162B-epsilon-0001r" n="0">
			<desc>0001r</desc>
			<graphic mimeType="pdf" url="AM%20162%20B%20epsilon%20fol./0/HIGH_QUALITY_DISPLAY"/>
			<graphic mimeType="jpg" url="AM%20162%20B%20epsilon%20fol./0/THUMBNAIL" width="200px" height="276px"/>
			<graphic mimeType="jpg" url="AM%20162%20B%20epsilon%20fol./0/SECONDARY_DISPLAY" width="4200px" height="5803px"/>
			<graphic mimeType="pdf" url="AM%20162%20B%20epsilon%20fol./0/WEB_DISPLAY"/>
		</surface>
		<surface xml:id="AM02-0162B-epsilon-0001v" n="1">
			<desc>0001v</desc>
			<graphic mimeType="pdf" url="AM%20162%20B%20epsilon%20fol./1/HIGH_QUALITY_DISPLAY"/>
			<graphic mimeType="jpg" url="AM%20162%20B%20epsilon%20fol./1/THUMBNAIL" width="200px" height="266px"/>
			<graphic mimeType="jpg" url="AM%20162%20B%20epsilon%20fol./1/SECONDARY_DISPLAY" width="4336px" height="5763px"/>
			<graphic mimeType="pdf" url="AM%20162%20B%20epsilon%20fol./1/WEB_DISPLAY"/>
		</surface>
		<surface xml:id="AM02-0162B-epsilon-0002r" n="2">
			<desc>0002r</desc>
			<graphic mimeType="pdf" url="AM%20162%20B%20epsilon%20fol./2/HIGH_QUALITY_DISPLAY"/>
			<graphic mimeType="jpg" url="AM%20162%20B%20epsilon%20fol./2/THUMBNAIL" width="200px" height="268px"/>
			<graphic mimeType="jpg" url="AM%20162%20B%20epsilon%20fol./2/SECONDARY_DISPLAY" width="4480px" height="6019px"/>
			<graphic mimeType="pdf" url="AM%20162%20B%20epsilon%20fol./2/WEB_DISPLAY"/>
		</surface>
		<surface xml:id="AM02-0162B-epsilon-0002v" n="3">
			<desc>0002v</desc>
			<graphic mimeType="pdf" url="AM%20162%20B%20epsilon%20fol./3/HIGH_QUALITY_DISPLAY"/>
			<graphic mimeType="jpg" url="AM%20162%20B%20epsilon%20fol./3/THUMBNAIL" width="200px" height="276px"/>
			<graphic mimeType="jpg" url="AM%20162%20B%20epsilon%20fol./3/SECONDARY_DISPLAY" width="4296px" height="5931px"/>
			<graphic mimeType="pdf" url="AM%20162%20B%20epsilon%20fol./3/WEB_DISPLAY"/>
		</surface>
		<surface xml:id="AM02-0162B-epsilon-0003r" n="4">
			<desc>0003r</desc>
			<graphic mimeType="pdf" url="AM%20162%20B%20epsilon%20fol./4/HIGH_QUALITY_DISPLAY"/>
			<graphic mimeType="jpg" url="AM%20162%20B%20epsilon%20fol./4/THUMBNAIL" width="200px" height="277px"/>
			<graphic mimeType="jpg" url="AM%20162%20B%20epsilon%20fol./4/SECONDARY_DISPLAY" width="4240px" height="5867px"/>
			<graphic mimeType="pdf" url="AM%20162%20B%20epsilon%20fol./4/WEB_DISPLAY"/>
		</surface>
		<surface xml:id="AM02-0162B-epsilon-0003v" n="5">
			<desc>0003v</desc>
			<graphic mimeType="pdf" url="AM%20162%20B%20epsilon%20fol./5/HIGH_QUALITY_DISPLAY"/>
			<graphic mimeType="jpg" url="AM%20162%20B%20epsilon%20fol./5/THUMBNAIL" width="200px" height="258px"/>
			<graphic mimeType="jpg" url="AM%20162%20B%20epsilon%20fol./5/SECONDARY_DISPLAY" width="4480px" height="5795px"/>
			<graphic mimeType="pdf" url="AM%20162%20B%20epsilon%20fol./5/WEB_DISPLAY"/>
		</surface>
		<surface xml:id="AM02-0162B-epsilon-0004r" n="6">
			<desc>0004r</desc>
			<graphic mimeType="pdf" url="AM%20162%20B%20epsilon%20fol./6/HIGH_QUALITY_DISPLAY"/>
			<graphic mimeType="jpg" url="AM%20162%20B%20epsilon%20fol./6/THUMBNAIL" width="200px" height="261px"/>
			<graphic mimeType="jpg" url="AM%20162%20B%20epsilon%20fol./6/SECONDARY_DISPLAY" width="4496px" height="5867px"/>
			<graphic mimeType="pdf" url="AM%20162%20B%20epsilon%20fol./6/WEB_DISPLAY"/>
		</surface>
		<surface xml:id="AM02-0162B-epsilon-0004v" n="7">
			<desc>0004v</desc>
			<graphic mimeType="pdf" url="AM%20162%20B%20epsilon%20fol./7/HIGH_QUALITY_DISPLAY"/>
			<graphic mimeType="jpg" url="AM%20162%20B%20epsilon%20fol./7/THUMBNAIL" width="200px" height="267px"/>
			<graphic mimeType="jpg" url="AM%20162%20B%20epsilon%20fol./7/SECONDARY_DISPLAY" width="4448px" height="5931px"/>
			<graphic mimeType="pdf" url="AM%20162%20B%20epsilon%20fol./7/WEB_DISPLAY"/>
		</surface>
		<surface xml:id="AM02-0162B-epsilon-0005r" n="8">
			<desc>0005r</desc>
			<graphic mimeType="pdf" url="AM%20162%20B%20epsilon%20fol./8/HIGH_QUALITY_DISPLAY"/>
			<graphic mimeType="jpg" url="AM%20162%20B%20epsilon%20fol./8/THUMBNAIL" width="200px" height="261px"/>
			<graphic mimeType="jpg" url="AM%20162%20B%20epsilon%20fol./8/SECONDARY_DISPLAY" width="4432px" height="5795px"/>
			<graphic mimeType="pdf" url="AM%20162%20B%20epsilon%20fol./8/WEB_DISPLAY"/>
		</surface>
		<surface xml:id="AM02-0162B-epsilon-0005v" n="9">
			<desc>0005v</desc>
			<graphic mimeType="pdf" url="AM%20162%20B%20epsilon%20fol./9/HIGH_QUALITY_DISPLAY"/>
			<graphic mimeType="jpg" url="AM%20162%20B%20epsilon%20fol./9/THUMBNAIL" width="200px" height="267px"/>
			<graphic mimeType="jpg" url="AM%20162%20B%20epsilon%20fol./9/SECONDARY_DISPLAY" width="4320px" height="5763px"/>
			<graphic mimeType="pdf" url="AM%20162%20B%20epsilon%20fol./9/WEB_DISPLAY"/>
		</surface>
		<surface xml:id="AM02-0162B-epsilon-0006r" n="10">
			<desc>0006r</desc>
			<graphic mimeType="pdf" url="AM%20162%20B%20epsilon%20fol./10/HIGH_QUALITY_DISPLAY"/>
			<graphic mimeType="jpg" url="AM%20162%20B%20epsilon%20fol./10/THUMBNAIL" width="200px" height="269px"/>
			<graphic mimeType="jpg" url="AM%20162%20B%20epsilon%20fol./10/SECONDARY_DISPLAY" width="4320px" height="5811px"/>
			<graphic mimeType="pdf" url="AM%20162%20B%20epsilon%20fol./10/WEB_DISPLAY"/>
		</surface>
		<surface xml:id="AM02-0162B-epsilon-0006v" n="11">
			<desc>0006v</desc>
			<graphic mimeType="pdf" url="AM%20162%20B%20epsilon%20fol./11/HIGH_QUALITY_DISPLAY"/>
			<graphic mimeType="jpg" url="AM%20162%20B%20epsilon%20fol./11/THUMBNAIL" width="200px" height="278px"/>
			<graphic mimeType="jpg" url="AM%20162%20B%20epsilon%20fol./11/SECONDARY_DISPLAY" width="4224px" height="5875px"/>
			<graphic mimeType="pdf" url="AM%20162%20B%20epsilon%20fol./11/WEB_DISPLAY"/>
		</surface>
		<surface xml:id="AM02-0162B-epsilon-0007r" n="12">
			<desc>0007r</desc>
			<graphic mimeType="pdf" url="AM%20162%20B%20epsilon%20fol./12/HIGH_QUALITY_DISPLAY"/>
			<graphic mimeType="jpg" url="AM%20162%20B%20epsilon%20fol./12/THUMBNAIL" width="200px" height="295px"/>
			<graphic mimeType="jpg" url="AM%20162%20B%20epsilon%20fol./12/SECONDARY_DISPLAY" width="3912px" height="5779px"/>
			<graphic mimeType="pdf" url="AM%20162%20B%20epsilon%20fol./12/WEB_DISPLAY"/>
		</surface>
		<surface xml:id="AM02-0162B-epsilon-0007v" n="13">
			<desc>0007v</desc>
			<graphic mimeType="pdf" url="AM%20162%20B%20epsilon%20fol./13/HIGH_QUALITY_DISPLAY"/>
			<graphic mimeType="jpg" url="AM%20162%20B%20epsilon%20fol./13/THUMBNAIL" width="200px" height="287px"/>
			<graphic mimeType="jpg" url="AM%20162%20B%20epsilon%20fol./13/SECONDARY_DISPLAY" width="4040px" height="5803px"/>
			<graphic mimeType="pdf" url="AM%20162%20B%20epsilon%20fol./13/WEB_DISPLAY"/>
		</surface>
		<surface xml:id="AM02-0162B-epsilon-0008r" n="14">
			<desc>0008r</desc>
			<graphic mimeType="pdf" url="AM%20162%20B%20epsilon%20fol./14/HIGH_QUALITY_DISPLAY"/>
			<graphic mimeType="jpg" url="AM%20162%20B%20epsilon%20fol./14/THUMBNAIL" width="200px" height="277px"/>
			<graphic mimeType="jpg" url="AM%20162%20B%20epsilon%20fol./14/SECONDARY_DISPLAY" width="4208px" height="5835px"/>
			<graphic mimeType="pdf" url="AM%20162%20B%20epsilon%20fol./14/WEB_DISPLAY"/>
		</surface>
		<surface xml:id="AM02-0162B-epsilon-0008v" n="15">
			<desc>0008v</desc>
			<graphic mimeType="pdf" url="AM%20162%20B%20epsilon%20fol./15/HIGH_QUALITY_DISPLAY"/>
			<graphic mimeType="jpg" url="AM%20162%20B%20epsilon%20fol./15/THUMBNAIL" width="200px" height="276px"/>
			<graphic mimeType="jpg" url="AM%20162%20B%20epsilon%20fol./15/SECONDARY_DISPLAY" width="4240px" height="5851px"/>
			<graphic mimeType="pdf" url="AM%20162%20B%20epsilon%20fol./15/WEB_DISPLAY"/>
		</surface>
		<surface xml:id="AM02-0162B-epsilon-accMat01r" n="16">
			<desc>accMat01r</desc>
			<graphic mimeType="pdf" url="AM%20162%20B%20epsilon%20fol./16/HIGH_QUALITY_DISPLAY"/>
			<graphic mimeType="jpg" url="AM%20162%20B%20epsilon%20fol./16/THUMBNAIL" width="200px" height="267px"/>
			<graphic mimeType="jpg" url="AM%20162%20B%20epsilon%20fol./16/SECONDARY_DISPLAY" width="3256px" height="4354px"/>
			<graphic mimeType="pdf" url="AM%20162%20B%20epsilon%20fol./16/WEB_DISPLAY"/>
		</surface>
		<surface xml:id="AM02-0162B-epsilon-accMat01v" n="17">
			<desc>accMat01v</desc>
			<graphic mimeType="pdf" url="AM%20162%20B%20epsilon%20fol./17/HIGH_QUALITY_DISPLAY"/>
			<graphic mimeType="jpg" url="AM%20162%20B%20epsilon%20fol./17/THUMBNAIL" width="200px" height="253px"/>
			<graphic mimeType="jpg" url="AM%20162%20B%20epsilon%20fol./17/SECONDARY_DISPLAY" width="3368px" height="4258px"/>
			<graphic mimeType="pdf" url="AM%20162%20B%20epsilon%20fol./17/WEB_DISPLAY"/>
		</surface>
		<surface xml:id="AM02-0162B-epsilon-accMat02r" n="18">
			<desc>accMat02r</desc>
			<graphic mimeType="pdf" url="AM%20162%20B%20epsilon%20fol./18/HIGH_QUALITY_DISPLAY"/>
			<graphic mimeType="jpg" url="AM%20162%20B%20epsilon%20fol./18/THUMBNAIL" width="200px" height="263px"/>
			<graphic mimeType="jpg" url="AM%20162%20B%20epsilon%20fol./18/SECONDARY_DISPLAY" width="3312px" height="4354px"/>
			<graphic mimeType="pdf" url="AM%20162%20B%20epsilon%20fol./18/WEB_DISPLAY"/>
		</surface>
		<surface xml:id="AM02-0162B-epsilon-accMat02v" n="19">
			<desc>accMat02v</desc>
			<graphic mimeType="pdf" url="AM%20162%20B%20epsilon%20fol./19/HIGH_QUALITY_DISPLAY"/>
			<graphic mimeType="jpg" url="AM%20162%20B%20epsilon%20fol./19/THUMBNAIL" width="200px" height="263px"/>
			<graphic mimeType="jpg" url="AM%20162%20B%20epsilon%20fol./19/SECONDARY_DISPLAY" width="3408px" height="4474px"/>
			<graphic mimeType="pdf" url="AM%20162%20B%20epsilon%20fol./19/WEB_DISPLAY"/>
		</surface>
		<surface xml:id="AM02-0162B-epsilon-addMat01r" n="20">
			<desc>addMat01r</desc>
			<graphic mimeType="pdf" url="AM%20162%20B%20epsilon%20fol./20/HIGH_QUALITY_DISPLAY"/>
			<graphic mimeType="jpg" url="AM%20162%20B%20epsilon%20fol./20/THUMBNAIL" width="200px" height="246px"/>
			<graphic mimeType="jpg" url="AM%20162%20B%20epsilon%20fol./20/SECONDARY_DISPLAY" width="5056px" height="6203px"/>
			<graphic mimeType="pdf" url="AM%20162%20B%20epsilon%20fol./20/WEB_DISPLAY"/>
		</surface>
		<surface xml:id="AM02-0162B-epsilon-addMat01v" n="21">
			<desc>addMat01v</desc>
			<graphic mimeType="pdf" url="AM%20162%20B%20epsilon%20fol./21/HIGH_QUALITY_DISPLAY"/>
			<graphic mimeType="jpg" url="AM%20162%20B%20epsilon%20fol./21/THUMBNAIL" width="200px" height="242px"/>
			<graphic mimeType="jpg" url="AM%20162%20B%20epsilon%20fol./21/SECONDARY_DISPLAY" width="5128px" height="6211px"/>
			<graphic mimeType="pdf" url="AM%20162%20B%20epsilon%20fol./21/WEB_DISPLAY"/>
		</surface>
		<surface xml:id="AM02-0162B-epsilon-addmat02r" n="22">
			<desc>addmat02r</desc>
			<graphic mimeType="pdf" url="AM%20162%20B%20epsilon%20fol./22/HIGH_QUALITY_DISPLAY"/>
			<graphic mimeType="jpg" url="AM%20162%20B%20epsilon%20fol./22/THUMBNAIL" width="200px" height="265px"/>
			<graphic mimeType="jpg" url="AM%20162%20B%20epsilon%20fol./22/SECONDARY_DISPLAY" width="4680px" height="6203px"/>
			<graphic mimeType="pdf" url="AM%20162%20B%20epsilon%20fol./22/WEB_DISPLAY"/>
		</surface>
		<surface xml:id="AM02-0162B-epsilon-addMat02v" n="23">
			<desc>addMat02v</desc>
			<graphic mimeType="pdf" url="AM%20162%20B%20epsilon%20fol./23/HIGH_QUALITY_DISPLAY"/>
			<graphic mimeType="jpg" url="AM%20162%20B%20epsilon%20fol./23/THUMBNAIL" width="200px" height="248px"/>
			<graphic mimeType="jpg" url="AM%20162%20B%20epsilon%20fol./23/SECONDARY_DISPLAY" width="5064px" height="6267px"/>
			<graphic mimeType="pdf" url="AM%20162%20B%20epsilon%20fol./23/WEB_DISPLAY"/>
		</surface>
		<surface xml:id="AM02-0162B-epsilon-ccp" n="24">
			<desc>ccp</desc>
			<graphic mimeType="pdf" url="AM%20162%20B%20epsilon%20fol./24/HIGH_QUALITY_DISPLAY"/>
			<graphic mimeType="jpg" url="AM%20162%20B%20epsilon%20fol./24/THUMBNAIL" width="200px" height="271px"/>
			<graphic mimeType="jpg" url="AM%20162%20B%20epsilon%20fol./24/SECONDARY_DISPLAY" width="4008px" height="5435px"/>
			<graphic mimeType="pdf" url="AM%20162%20B%20epsilon%20fol./24/WEB_DISPLAY"/>
		</surface>
	</facsimile>
	<text>

      <body>

         <p/>
      </body>

   </text>

</TEI>