<?xml version="1.0" encoding="UTF-8"?>
<?oxygen RNGSchema="http://www.handrit.is/schema/handrit-1.0.rnc" type="compact"?>
<TEI xmlns="http://www.tei-c.org/ns/1.0">
   <teiHeader>
      <fileDesc>
         <titleStmt>
            <title type="main">AM 16 fol.</title>
         </titleStmt>
         <publicationStmt>
            <authority>Den Arnamagnæanske Samling</authority>
            <pubPlace>København</pubPlace>
         </publicationStmt>
         <sourceDesc>
            <msDesc xml:id="AM02-0016-en" xml:lang="en">
               <msIdentifier>
                  <country>Denmark</country>
                  <settlement>København</settlement>
                  <repository>Den Arnamagnæanske Samling</repository>
                  <idno>AM 16 fol.</idno>
                  <altIdentifier type="internal" subtype="KKKat">
                     <idno>27</idno>
                  </altIdentifier>
               </msIdentifier>
               <head>
                  <title>Knýtlinga saga</title>
                  <origPlace>Norway</origPlace>
                  <origDate notBefore="1688" notAfter="1704">c. 1700</origDate>
               </head>
               <msContents>
                  <msItem>
                     <textLang mainLang="is">Islandsk</textLang>
                  </msItem>
               </msContents>
               <physDesc>
                  <objectDesc form="codex">
                     <supportDesc material="chart">
                        <support>Paper.</support>
                        <extent>88. 
<dimensions type="leaf" scope="all">
                              <height>302</height>
                              <width>198</width>
                           </dimensions>
                        </extent>
                     </supportDesc>
                  </objectDesc>
                  <handDesc hands="1">
                     <handNote scribe="AsgJon001" scope="sole" script="unknown">
                        <p>Written by Ásgeir Jónsson.
</p>
                     </handNote>
                  </handDesc> 
               </physDesc>
            </msDesc>
         </sourceDesc>
      </fileDesc>
   </teiHeader>
	<facsimile xml:base="https://myndir.handrit.is/file/Handrit.is/">
		<surface xml:id="AM02-0016-0000v-FB" n="0">
			<desc>0000v-FB</desc>
			<graphic mimeType="pdf" url="AM%2016%20fol./0/HIGH_QUALITY_DISPLAY"/>
			<graphic mimeType="jpg" url="AM%2016%20fol./0/THUMBNAIL" width="200px" height="283px"/>
			<graphic mimeType="jpg" url="AM%2016%20fol./0/SECONDARY_DISPLAY" width="2472px" height="3495px"/>
			<graphic mimeType="pdf" url="AM%2016%20fol./0/WEB_DISPLAY"/>
		</surface>
		<surface xml:id="AM02-0016-0001r" n="1">
			<desc>0001r</desc>
			<graphic mimeType="pdf" url="AM%2016%20fol./1/HIGH_QUALITY_DISPLAY"/>
			<graphic mimeType="jpg" url="AM%2016%20fol./1/THUMBNAIL" width="200px" height="282px"/>
			<graphic mimeType="jpg" url="AM%2016%20fol./1/SECONDARY_DISPLAY" width="2480px" height="3497px"/>
			<graphic mimeType="pdf" url="AM%2016%20fol./1/WEB_DISPLAY"/>
		</surface>
		<surface xml:id="AM02-0016-0001v" n="2">
			<desc>0001v</desc>
			<graphic mimeType="pdf" url="AM%2016%20fol./2/HIGH_QUALITY_DISPLAY"/>
			<graphic mimeType="jpg" url="AM%2016%20fol./2/THUMBNAIL" width="200px" height="282px"/>
			<graphic mimeType="jpg" url="AM%2016%20fol./2/SECONDARY_DISPLAY" width="2480px" height="3497px"/>
			<graphic mimeType="pdf" url="AM%2016%20fol./2/WEB_DISPLAY"/>
		</surface>
		<surface xml:id="AM02-0016-0002r" n="3">
			<desc>0002r</desc>
			<graphic mimeType="pdf" url="AM%2016%20fol./3/HIGH_QUALITY_DISPLAY"/>
			<graphic mimeType="jpg" url="AM%2016%20fol./3/THUMBNAIL" width="200px" height="282px"/>
			<graphic mimeType="jpg" url="AM%2016%20fol./3/SECONDARY_DISPLAY" width="2480px" height="3495px"/>
			<graphic mimeType="pdf" url="AM%2016%20fol./3/WEB_DISPLAY"/>
		</surface>
		<surface xml:id="AM02-0016-0002v" n="4">
			<desc>0002v</desc>
			<graphic mimeType="pdf" url="AM%2016%20fol./4/HIGH_QUALITY_DISPLAY"/>
			<graphic mimeType="jpg" url="AM%2016%20fol./4/THUMBNAIL" width="200px" height="283px"/>
			<graphic mimeType="jpg" url="AM%2016%20fol./4/SECONDARY_DISPLAY" width="2472px" height="3499px"/>
			<graphic mimeType="pdf" url="AM%2016%20fol./4/WEB_DISPLAY"/>
		</surface>
		<surface xml:id="AM02-0016-0003r" n="5">
			<desc>0003r</desc>
			<graphic mimeType="pdf" url="AM%2016%20fol./5/HIGH_QUALITY_DISPLAY"/>
			<graphic mimeType="jpg" url="AM%2016%20fol./5/THUMBNAIL" width="200px" height="282px"/>
			<graphic mimeType="jpg" url="AM%2016%20fol./5/SECONDARY_DISPLAY" width="2480px" height="3499px"/>
			<graphic mimeType="pdf" url="AM%2016%20fol./5/WEB_DISPLAY"/>
		</surface>
		<surface xml:id="AM02-0016-0003v" n="6">
			<desc>0003v</desc>
			<graphic mimeType="pdf" url="AM%2016%20fol./6/HIGH_QUALITY_DISPLAY"/>
			<graphic mimeType="jpg" url="AM%2016%20fol./6/THUMBNAIL" width="200px" height="282px"/>
			<graphic mimeType="jpg" url="AM%2016%20fol./6/SECONDARY_DISPLAY" width="2480px" height="3496px"/>
			<graphic mimeType="pdf" url="AM%2016%20fol./6/WEB_DISPLAY"/>
		</surface>
		<surface xml:id="AM02-0016-0004r" n="7">
			<desc>0004r</desc>
			<graphic mimeType="pdf" url="AM%2016%20fol./7/HIGH_QUALITY_DISPLAY"/>
			<graphic mimeType="jpg" url="AM%2016%20fol./7/THUMBNAIL" width="200px" height="282px"/>
			<graphic mimeType="jpg" url="AM%2016%20fol./7/SECONDARY_DISPLAY" width="2480px" height="3494px"/>
			<graphic mimeType="pdf" url="AM%2016%20fol./7/WEB_DISPLAY"/>
		</surface>
		<surface xml:id="AM02-0016-0004v" n="8">
			<desc>0004v</desc>
			<graphic mimeType="pdf" url="AM%2016%20fol./8/HIGH_QUALITY_DISPLAY"/>
			<graphic mimeType="jpg" url="AM%2016%20fol./8/THUMBNAIL" width="200px" height="282px"/>
			<graphic mimeType="jpg" url="AM%2016%20fol./8/SECONDARY_DISPLAY" width="2480px" height="3496px"/>
			<graphic mimeType="pdf" url="AM%2016%20fol./8/WEB_DISPLAY"/>
		</surface>
		<surface xml:id="AM02-0016-0005r" n="9">
			<desc>0005r</desc>
			<graphic mimeType="pdf" url="AM%2016%20fol./9/HIGH_QUALITY_DISPLAY"/>
			<graphic mimeType="jpg" url="AM%2016%20fol./9/THUMBNAIL" width="200px" height="281px"/>
			<graphic mimeType="jpg" url="AM%2016%20fol./9/SECONDARY_DISPLAY" width="2488px" height="3494px"/>
			<graphic mimeType="pdf" url="AM%2016%20fol./9/WEB_DISPLAY"/>
		</surface>
		<surface xml:id="AM02-0016-0005v" n="10">
			<desc>0005v</desc>
			<graphic mimeType="pdf" url="AM%2016%20fol./10/HIGH_QUALITY_DISPLAY"/>
			<graphic mimeType="jpg" url="AM%2016%20fol./10/THUMBNAIL" width="200px" height="281px"/>
			<graphic mimeType="jpg" url="AM%2016%20fol./10/SECONDARY_DISPLAY" width="2488px" height="3492px"/>
			<graphic mimeType="pdf" url="AM%2016%20fol./10/WEB_DISPLAY"/>
		</surface>
		<surface xml:id="AM02-0016-0006r" n="11">
			<desc>0006r</desc>
			<graphic mimeType="pdf" url="AM%2016%20fol./11/HIGH_QUALITY_DISPLAY"/>
			<graphic mimeType="jpg" url="AM%2016%20fol./11/THUMBNAIL" width="200px" height="281px"/>
			<graphic mimeType="jpg" url="AM%2016%20fol./11/SECONDARY_DISPLAY" width="2488px" height="3497px"/>
			<graphic mimeType="pdf" url="AM%2016%20fol./11/WEB_DISPLAY"/>
		</surface>
		<surface xml:id="AM02-0016-0006v" n="12">
			<desc>0006v</desc>
			<graphic mimeType="pdf" url="AM%2016%20fol./12/HIGH_QUALITY_DISPLAY"/>
			<graphic mimeType="jpg" url="AM%2016%20fol./12/THUMBNAIL" width="200px" height="282px"/>
			<graphic mimeType="jpg" url="AM%2016%20fol./12/SECONDARY_DISPLAY" width="2480px" height="3494px"/>
			<graphic mimeType="pdf" url="AM%2016%20fol./12/WEB_DISPLAY"/>
		</surface>
		<surface xml:id="AM02-0016-0007r" n="13">
			<desc>0007r</desc>
			<graphic mimeType="pdf" url="AM%2016%20fol./13/HIGH_QUALITY_DISPLAY"/>
			<graphic mimeType="jpg" url="AM%2016%20fol./13/THUMBNAIL" width="200px" height="282px"/>
			<graphic mimeType="jpg" url="AM%2016%20fol./13/SECONDARY_DISPLAY" width="2480px" height="3494px"/>
			<graphic mimeType="pdf" url="AM%2016%20fol./13/WEB_DISPLAY"/>
		</surface>
		<surface xml:id="AM02-0016-0007v" n="14">
			<desc>0007v</desc>
			<graphic mimeType="pdf" url="AM%2016%20fol./14/HIGH_QUALITY_DISPLAY"/>
			<graphic mimeType="jpg" url="AM%2016%20fol./14/THUMBNAIL" width="200px" height="281px"/>
			<graphic mimeType="jpg" url="AM%2016%20fol./14/SECONDARY_DISPLAY" width="2488px" height="3497px"/>
			<graphic mimeType="pdf" url="AM%2016%20fol./14/WEB_DISPLAY"/>
		</surface>
		<surface xml:id="AM02-0016-0008r" n="15">
			<desc>0008r</desc>
			<graphic mimeType="pdf" url="AM%2016%20fol./15/HIGH_QUALITY_DISPLAY"/>
			<graphic mimeType="jpg" url="AM%2016%20fol./15/THUMBNAIL" width="200px" height="282px"/>
			<graphic mimeType="jpg" url="AM%2016%20fol./15/SECONDARY_DISPLAY" width="2480px" height="3493px"/>
			<graphic mimeType="pdf" url="AM%2016%20fol./15/WEB_DISPLAY"/>
		</surface>
		<surface xml:id="AM02-0016-0008v" n="16">
			<desc>0008v</desc>
			<graphic mimeType="pdf" url="AM%2016%20fol./16/HIGH_QUALITY_DISPLAY"/>
			<graphic mimeType="jpg" url="AM%2016%20fol./16/THUMBNAIL" width="200px" height="281px"/>
			<graphic mimeType="jpg" url="AM%2016%20fol./16/SECONDARY_DISPLAY" width="2488px" height="3493px"/>
			<graphic mimeType="pdf" url="AM%2016%20fol./16/WEB_DISPLAY"/>
		</surface>
		<surface xml:id="AM02-0016-0009r" n="17">
			<desc>0009r</desc>
			<graphic mimeType="pdf" url="AM%2016%20fol./17/HIGH_QUALITY_DISPLAY"/>
			<graphic mimeType="jpg" url="AM%2016%20fol./17/THUMBNAIL" width="200px" height="282px"/>
			<graphic mimeType="jpg" url="AM%2016%20fol./17/SECONDARY_DISPLAY" width="2480px" height="3497px"/>
			<graphic mimeType="pdf" url="AM%2016%20fol./17/WEB_DISPLAY"/>
		</surface>
		<surface xml:id="AM02-0016-0009v" n="18">
			<desc>0009v</desc>
			<graphic mimeType="pdf" url="AM%2016%20fol./18/HIGH_QUALITY_DISPLAY"/>
			<graphic mimeType="jpg" url="AM%2016%20fol./18/THUMBNAIL" width="200px" height="282px"/>
			<graphic mimeType="jpg" url="AM%2016%20fol./18/SECONDARY_DISPLAY" width="2480px" height="3493px"/>
			<graphic mimeType="pdf" url="AM%2016%20fol./18/WEB_DISPLAY"/>
		</surface>
		<surface xml:id="AM02-0016-0010r" n="19">
			<desc>0010r</desc>
			<graphic mimeType="pdf" url="AM%2016%20fol./19/HIGH_QUALITY_DISPLAY"/>
			<graphic mimeType="jpg" url="AM%2016%20fol./19/THUMBNAIL" width="200px" height="282px"/>
			<graphic mimeType="jpg" url="AM%2016%20fol./19/SECONDARY_DISPLAY" width="2480px" height="3493px"/>
			<graphic mimeType="pdf" url="AM%2016%20fol./19/WEB_DISPLAY"/>
		</surface>
		<surface xml:id="AM02-0016-0010v" n="20">
			<desc>0010v</desc>
			<graphic mimeType="pdf" url="AM%2016%20fol./20/HIGH_QUALITY_DISPLAY"/>
			<graphic mimeType="jpg" url="AM%2016%20fol./20/THUMBNAIL" width="200px" height="282px"/>
			<graphic mimeType="jpg" url="AM%2016%20fol./20/SECONDARY_DISPLAY" width="2480px" height="3497px"/>
			<graphic mimeType="pdf" url="AM%2016%20fol./20/WEB_DISPLAY"/>
		</surface>
		<surface xml:id="AM02-0016-0011r" n="21">
			<desc>0011r</desc>
			<graphic mimeType="pdf" url="AM%2016%20fol./21/HIGH_QUALITY_DISPLAY"/>
			<graphic mimeType="jpg" url="AM%2016%20fol./21/THUMBNAIL" width="200px" height="282px"/>
			<graphic mimeType="jpg" url="AM%2016%20fol./21/SECONDARY_DISPLAY" width="2480px" height="3496px"/>
			<graphic mimeType="pdf" url="AM%2016%20fol./21/WEB_DISPLAY"/>
		</surface>
		<surface xml:id="AM02-0016-0011v" n="22">
			<desc>0011v</desc>
			<graphic mimeType="pdf" url="AM%2016%20fol./22/HIGH_QUALITY_DISPLAY"/>
			<graphic mimeType="jpg" url="AM%2016%20fol./22/THUMBNAIL" width="200px" height="282px"/>
			<graphic mimeType="jpg" url="AM%2016%20fol./22/SECONDARY_DISPLAY" width="2480px" height="3495px"/>
			<graphic mimeType="pdf" url="AM%2016%20fol./22/WEB_DISPLAY"/>
		</surface>
		<surface xml:id="AM02-0016-0012r" n="23">
			<desc>0012r</desc>
			<graphic mimeType="pdf" url="AM%2016%20fol./23/HIGH_QUALITY_DISPLAY"/>
			<graphic mimeType="jpg" url="AM%2016%20fol./23/THUMBNAIL" width="200px" height="281px"/>
			<graphic mimeType="jpg" url="AM%2016%20fol./23/SECONDARY_DISPLAY" width="2488px" height="3499px"/>
			<graphic mimeType="pdf" url="AM%2016%20fol./23/WEB_DISPLAY"/>
		</surface>
		<surface xml:id="AM02-0016-0012v" n="24">
			<desc>0012v</desc>
			<graphic mimeType="pdf" url="AM%2016%20fol./24/HIGH_QUALITY_DISPLAY"/>
			<graphic mimeType="jpg" url="AM%2016%20fol./24/THUMBNAIL" width="200px" height="282px"/>
			<graphic mimeType="jpg" url="AM%2016%20fol./24/SECONDARY_DISPLAY" width="2480px" height="3496px"/>
			<graphic mimeType="pdf" url="AM%2016%20fol./24/WEB_DISPLAY"/>
		</surface>
		<surface xml:id="AM02-0016-0013r" n="25">
			<desc>0013r</desc>
			<graphic mimeType="pdf" url="AM%2016%20fol./25/HIGH_QUALITY_DISPLAY"/>
			<graphic mimeType="jpg" url="AM%2016%20fol./25/THUMBNAIL" width="200px" height="282px"/>
			<graphic mimeType="jpg" url="AM%2016%20fol./25/SECONDARY_DISPLAY" width="2480px" height="3494px"/>
			<graphic mimeType="pdf" url="AM%2016%20fol./25/WEB_DISPLAY"/>
		</surface>
		<surface xml:id="AM02-0016-0013v" n="26">
			<desc>0013v</desc>
			<graphic mimeType="pdf" url="AM%2016%20fol./26/HIGH_QUALITY_DISPLAY"/>
			<graphic mimeType="jpg" url="AM%2016%20fol./26/THUMBNAIL" width="200px" height="281px"/>
			<graphic mimeType="jpg" url="AM%2016%20fol./26/SECONDARY_DISPLAY" width="2488px" height="3498px"/>
			<graphic mimeType="pdf" url="AM%2016%20fol./26/WEB_DISPLAY"/>
		</surface>
		<surface xml:id="AM02-0016-0014r" n="27">
			<desc>0014r</desc>
			<graphic mimeType="pdf" url="AM%2016%20fol./27/HIGH_QUALITY_DISPLAY"/>
			<graphic mimeType="jpg" url="AM%2016%20fol./27/THUMBNAIL" width="200px" height="282px"/>
			<graphic mimeType="jpg" url="AM%2016%20fol./27/SECONDARY_DISPLAY" width="2480px" height="3496px"/>
			<graphic mimeType="pdf" url="AM%2016%20fol./27/WEB_DISPLAY"/>
		</surface>
		<surface xml:id="AM02-0016-0014v" n="28">
			<desc>0014v</desc>
			<graphic mimeType="pdf" url="AM%2016%20fol./28/HIGH_QUALITY_DISPLAY"/>
			<graphic mimeType="jpg" url="AM%2016%20fol./28/THUMBNAIL" width="200px" height="281px"/>
			<graphic mimeType="jpg" url="AM%2016%20fol./28/SECONDARY_DISPLAY" width="2488px" height="3494px"/>
			<graphic mimeType="pdf" url="AM%2016%20fol./28/WEB_DISPLAY"/>
		</surface>
		<surface xml:id="AM02-0016-0015r" n="29">
			<desc>0015r</desc>
			<graphic mimeType="pdf" url="AM%2016%20fol./29/HIGH_QUALITY_DISPLAY"/>
			<graphic mimeType="jpg" url="AM%2016%20fol./29/THUMBNAIL" width="200px" height="281px"/>
			<graphic mimeType="jpg" url="AM%2016%20fol./29/SECONDARY_DISPLAY" width="2488px" height="3498px"/>
			<graphic mimeType="pdf" url="AM%2016%20fol./29/WEB_DISPLAY"/>
		</surface>
		<surface xml:id="AM02-0016-0015v" n="30">
			<desc>0015v</desc>
			<graphic mimeType="pdf" url="AM%2016%20fol./30/HIGH_QUALITY_DISPLAY"/>
			<graphic mimeType="jpg" url="AM%2016%20fol./30/THUMBNAIL" width="200px" height="282px"/>
			<graphic mimeType="jpg" url="AM%2016%20fol./30/SECONDARY_DISPLAY" width="2480px" height="3495px"/>
			<graphic mimeType="pdf" url="AM%2016%20fol./30/WEB_DISPLAY"/>
		</surface>
		<surface xml:id="AM02-0016-0016r" n="31">
			<desc>0016r</desc>
			<graphic mimeType="pdf" url="AM%2016%20fol./31/HIGH_QUALITY_DISPLAY"/>
			<graphic mimeType="jpg" url="AM%2016%20fol./31/THUMBNAIL" width="200px" height="282px"/>
			<graphic mimeType="jpg" url="AM%2016%20fol./31/SECONDARY_DISPLAY" width="2480px" height="3496px"/>
			<graphic mimeType="pdf" url="AM%2016%20fol./31/WEB_DISPLAY"/>
		</surface>
		<surface xml:id="AM02-0016-0016v" n="32">
			<desc>0016v</desc>
			<graphic mimeType="pdf" url="AM%2016%20fol./32/HIGH_QUALITY_DISPLAY"/>
			<graphic mimeType="jpg" url="AM%2016%20fol./32/THUMBNAIL" width="200px" height="282px"/>
			<graphic mimeType="jpg" url="AM%2016%20fol./32/SECONDARY_DISPLAY" width="2480px" height="3497px"/>
			<graphic mimeType="pdf" url="AM%2016%20fol./32/WEB_DISPLAY"/>
		</surface>
		<surface xml:id="AM02-0016-0017r" n="33">
			<desc>0017r</desc>
			<graphic mimeType="pdf" url="AM%2016%20fol./33/HIGH_QUALITY_DISPLAY"/>
			<graphic mimeType="jpg" url="AM%2016%20fol./33/THUMBNAIL" width="200px" height="282px"/>
			<graphic mimeType="jpg" url="AM%2016%20fol./33/SECONDARY_DISPLAY" width="2480px" height="3495px"/>
			<graphic mimeType="pdf" url="AM%2016%20fol./33/WEB_DISPLAY"/>
		</surface>
		<surface xml:id="AM02-0016-0017v" n="34">
			<desc>0017v</desc>
			<graphic mimeType="pdf" url="AM%2016%20fol./34/HIGH_QUALITY_DISPLAY"/>
			<graphic mimeType="jpg" url="AM%2016%20fol./34/THUMBNAIL" width="200px" height="281px"/>
			<graphic mimeType="jpg" url="AM%2016%20fol./34/SECONDARY_DISPLAY" width="2480px" height="3491px"/>
			<graphic mimeType="pdf" url="AM%2016%20fol./34/WEB_DISPLAY"/>
		</surface>
		<surface xml:id="AM02-0016-0018r" n="35">
			<desc>0018r</desc>
			<graphic mimeType="pdf" url="AM%2016%20fol./35/HIGH_QUALITY_DISPLAY"/>
			<graphic mimeType="jpg" url="AM%2016%20fol./35/THUMBNAIL" width="200px" height="281px"/>
			<graphic mimeType="jpg" url="AM%2016%20fol./35/SECONDARY_DISPLAY" width="2488px" height="3497px"/>
			<graphic mimeType="pdf" url="AM%2016%20fol./35/WEB_DISPLAY"/>
		</surface>
		<surface xml:id="AM02-0016-0018v" n="36">
			<desc>0018v</desc>
			<graphic mimeType="pdf" url="AM%2016%20fol./36/HIGH_QUALITY_DISPLAY"/>
			<graphic mimeType="jpg" url="AM%2016%20fol./36/THUMBNAIL" width="200px" height="282px"/>
			<graphic mimeType="jpg" url="AM%2016%20fol./36/SECONDARY_DISPLAY" width="2480px" height="3495px"/>
			<graphic mimeType="pdf" url="AM%2016%20fol./36/WEB_DISPLAY"/>
		</surface>
		<surface xml:id="AM02-0016-0019r" n="37">
			<desc>0019r</desc>
			<graphic mimeType="pdf" url="AM%2016%20fol./37/HIGH_QUALITY_DISPLAY"/>
			<graphic mimeType="jpg" url="AM%2016%20fol./37/THUMBNAIL" width="200px" height="282px"/>
			<graphic mimeType="jpg" url="AM%2016%20fol./37/SECONDARY_DISPLAY" width="2480px" height="3495px"/>
			<graphic mimeType="pdf" url="AM%2016%20fol./37/WEB_DISPLAY"/>
		</surface>
		<surface xml:id="AM02-0016-0019v" n="38">
			<desc>0019v</desc>
			<graphic mimeType="pdf" url="AM%2016%20fol./38/HIGH_QUALITY_DISPLAY"/>
			<graphic mimeType="jpg" url="AM%2016%20fol./38/THUMBNAIL" width="200px" height="282px"/>
			<graphic mimeType="jpg" url="AM%2016%20fol./38/SECONDARY_DISPLAY" width="2480px" height="3498px"/>
			<graphic mimeType="pdf" url="AM%2016%20fol./38/WEB_DISPLAY"/>
		</surface>
		<surface xml:id="AM02-0016-0020r" n="39">
			<desc>0020r</desc>
			<graphic mimeType="pdf" url="AM%2016%20fol./39/HIGH_QUALITY_DISPLAY"/>
			<graphic mimeType="jpg" url="AM%2016%20fol./39/THUMBNAIL" width="200px" height="281px"/>
			<graphic mimeType="jpg" url="AM%2016%20fol./39/SECONDARY_DISPLAY" width="2480px" height="3491px"/>
			<graphic mimeType="pdf" url="AM%2016%20fol./39/WEB_DISPLAY"/>
		</surface>
		<surface xml:id="AM02-0016-0020v" n="40">
			<desc>0020v</desc>
			<graphic mimeType="pdf" url="AM%2016%20fol./40/HIGH_QUALITY_DISPLAY"/>
			<graphic mimeType="jpg" url="AM%2016%20fol./40/THUMBNAIL" width="200px" height="282px"/>
			<graphic mimeType="jpg" url="AM%2016%20fol./40/SECONDARY_DISPLAY" width="2480px" height="3498px"/>
			<graphic mimeType="pdf" url="AM%2016%20fol./40/WEB_DISPLAY"/>
		</surface>
		<surface xml:id="AM02-0016-0021r" n="41">
			<desc>0021r</desc>
			<graphic mimeType="pdf" url="AM%2016%20fol./41/HIGH_QUALITY_DISPLAY"/>
			<graphic mimeType="jpg" url="AM%2016%20fol./41/THUMBNAIL" width="200px" height="281px"/>
			<graphic mimeType="jpg" url="AM%2016%20fol./41/SECONDARY_DISPLAY" width="2480px" height="3490px"/>
			<graphic mimeType="pdf" url="AM%2016%20fol./41/WEB_DISPLAY"/>
		</surface>
		<surface xml:id="AM02-0016-0021v" n="42">
			<desc>0021v</desc>
			<graphic mimeType="pdf" url="AM%2016%20fol./42/HIGH_QUALITY_DISPLAY"/>
			<graphic mimeType="jpg" url="AM%2016%20fol./42/THUMBNAIL" width="200px" height="281px"/>
			<graphic mimeType="jpg" url="AM%2016%20fol./42/SECONDARY_DISPLAY" width="2488px" height="3495px"/>
			<graphic mimeType="pdf" url="AM%2016%20fol./42/WEB_DISPLAY"/>
		</surface>
		<surface xml:id="AM02-0016-0022r" n="43">
			<desc>0022r</desc>
			<graphic mimeType="pdf" url="AM%2016%20fol./43/HIGH_QUALITY_DISPLAY"/>
			<graphic mimeType="jpg" url="AM%2016%20fol./43/THUMBNAIL" width="200px" height="281px"/>
			<graphic mimeType="jpg" url="AM%2016%20fol./43/SECONDARY_DISPLAY" width="2480px" height="3492px"/>
			<graphic mimeType="pdf" url="AM%2016%20fol./43/WEB_DISPLAY"/>
		</surface>
		<surface xml:id="AM02-0016-0022v" n="44">
			<desc>0022v</desc>
			<graphic mimeType="pdf" url="AM%2016%20fol./44/HIGH_QUALITY_DISPLAY"/>
			<graphic mimeType="jpg" url="AM%2016%20fol./44/THUMBNAIL" width="200px" height="281px"/>
			<graphic mimeType="jpg" url="AM%2016%20fol./44/SECONDARY_DISPLAY" width="2488px" height="3498px"/>
			<graphic mimeType="pdf" url="AM%2016%20fol./44/WEB_DISPLAY"/>
		</surface>
		<surface xml:id="AM02-0016-0023r" n="45">
			<desc>0023r</desc>
			<graphic mimeType="pdf" url="AM%2016%20fol./45/HIGH_QUALITY_DISPLAY"/>
			<graphic mimeType="jpg" url="AM%2016%20fol./45/THUMBNAIL" width="200px" height="282px"/>
			<graphic mimeType="jpg" url="AM%2016%20fol./45/SECONDARY_DISPLAY" width="2480px" height="3498px"/>
			<graphic mimeType="pdf" url="AM%2016%20fol./45/WEB_DISPLAY"/>
		</surface>
		<surface xml:id="AM02-0016-0023v" n="46">
			<desc>0023v</desc>
			<graphic mimeType="pdf" url="AM%2016%20fol./46/HIGH_QUALITY_DISPLAY"/>
			<graphic mimeType="jpg" url="AM%2016%20fol./46/THUMBNAIL" width="200px" height="282px"/>
			<graphic mimeType="jpg" url="AM%2016%20fol./46/SECONDARY_DISPLAY" width="2480px" height="3498px"/>
			<graphic mimeType="pdf" url="AM%2016%20fol./46/WEB_DISPLAY"/>
		</surface>
		<surface xml:id="AM02-0016-0024r" n="47">
			<desc>0024r</desc>
			<graphic mimeType="pdf" url="AM%2016%20fol./47/HIGH_QUALITY_DISPLAY"/>
			<graphic mimeType="jpg" url="AM%2016%20fol./47/THUMBNAIL" width="200px" height="282px"/>
			<graphic mimeType="jpg" url="AM%2016%20fol./47/SECONDARY_DISPLAY" width="2480px" height="3495px"/>
			<graphic mimeType="pdf" url="AM%2016%20fol./47/WEB_DISPLAY"/>
		</surface>
		<surface xml:id="AM02-0016-0024v" n="48">
			<desc>0024v</desc>
			<graphic mimeType="pdf" url="AM%2016%20fol./48/HIGH_QUALITY_DISPLAY"/>
			<graphic mimeType="jpg" url="AM%2016%20fol./48/THUMBNAIL" width="200px" height="281px"/>
			<graphic mimeType="jpg" url="AM%2016%20fol./48/SECONDARY_DISPLAY" width="2488px" height="3495px"/>
			<graphic mimeType="pdf" url="AM%2016%20fol./48/WEB_DISPLAY"/>
		</surface>
		<surface xml:id="AM02-0016-0025r" n="49">
			<desc>0025r</desc>
			<graphic mimeType="pdf" url="AM%2016%20fol./49/HIGH_QUALITY_DISPLAY"/>
			<graphic mimeType="jpg" url="AM%2016%20fol./49/THUMBNAIL" width="200px" height="282px"/>
			<graphic mimeType="jpg" url="AM%2016%20fol./49/SECONDARY_DISPLAY" width="2480px" height="3499px"/>
			<graphic mimeType="pdf" url="AM%2016%20fol./49/WEB_DISPLAY"/>
		</surface>
		<surface xml:id="AM02-0016-0025v" n="50">
			<desc>0025v</desc>
			<graphic mimeType="pdf" url="AM%2016%20fol./50/HIGH_QUALITY_DISPLAY"/>
			<graphic mimeType="jpg" url="AM%2016%20fol./50/THUMBNAIL" width="200px" height="282px"/>
			<graphic mimeType="jpg" url="AM%2016%20fol./50/SECONDARY_DISPLAY" width="2480px" height="3494px"/>
			<graphic mimeType="pdf" url="AM%2016%20fol./50/WEB_DISPLAY"/>
		</surface>
		<surface xml:id="AM02-0016-0026r" n="51">
			<desc>0026r</desc>
			<graphic mimeType="pdf" url="AM%2016%20fol./51/HIGH_QUALITY_DISPLAY"/>
			<graphic mimeType="jpg" url="AM%2016%20fol./51/THUMBNAIL" width="200px" height="282px"/>
			<graphic mimeType="jpg" url="AM%2016%20fol./51/SECONDARY_DISPLAY" width="2480px" height="3495px"/>
			<graphic mimeType="pdf" url="AM%2016%20fol./51/WEB_DISPLAY"/>
		</surface>
		<surface xml:id="AM02-0016-0026v" n="52">
			<desc>0026v</desc>
			<graphic mimeType="pdf" url="AM%2016%20fol./52/HIGH_QUALITY_DISPLAY"/>
			<graphic mimeType="jpg" url="AM%2016%20fol./52/THUMBNAIL" width="200px" height="281px"/>
			<graphic mimeType="jpg" url="AM%2016%20fol./52/SECONDARY_DISPLAY" width="2488px" height="3499px"/>
			<graphic mimeType="pdf" url="AM%2016%20fol./52/WEB_DISPLAY"/>
		</surface>
		<surface xml:id="AM02-0016-0027r" n="53">
			<desc>0027r</desc>
			<graphic mimeType="pdf" url="AM%2016%20fol./53/HIGH_QUALITY_DISPLAY"/>
			<graphic mimeType="jpg" url="AM%2016%20fol./53/THUMBNAIL" width="200px" height="282px"/>
			<graphic mimeType="jpg" url="AM%2016%20fol./53/SECONDARY_DISPLAY" width="2480px" height="3499px"/>
			<graphic mimeType="pdf" url="AM%2016%20fol./53/WEB_DISPLAY"/>
		</surface>
		<surface xml:id="AM02-0016-0027v" n="54">
			<desc>0027v</desc>
			<graphic mimeType="pdf" url="AM%2016%20fol./54/HIGH_QUALITY_DISPLAY"/>
			<graphic mimeType="jpg" url="AM%2016%20fol./54/THUMBNAIL" width="200px" height="281px"/>
			<graphic mimeType="jpg" url="AM%2016%20fol./54/SECONDARY_DISPLAY" width="2488px" height="3496px"/>
			<graphic mimeType="pdf" url="AM%2016%20fol./54/WEB_DISPLAY"/>
		</surface>
		<surface xml:id="AM02-0016-0028r" n="55">
			<desc>0028r</desc>
			<graphic mimeType="pdf" url="AM%2016%20fol./55/HIGH_QUALITY_DISPLAY"/>
			<graphic mimeType="jpg" url="AM%2016%20fol./55/THUMBNAIL" width="200px" height="282px"/>
			<graphic mimeType="jpg" url="AM%2016%20fol./55/SECONDARY_DISPLAY" width="2480px" height="3495px"/>
			<graphic mimeType="pdf" url="AM%2016%20fol./55/WEB_DISPLAY"/>
		</surface>
		<surface xml:id="AM02-0016-0028v" n="56">
			<desc>0028v</desc>
			<graphic mimeType="pdf" url="AM%2016%20fol./56/HIGH_QUALITY_DISPLAY"/>
			<graphic mimeType="jpg" url="AM%2016%20fol./56/THUMBNAIL" width="200px" height="283px"/>
			<graphic mimeType="jpg" url="AM%2016%20fol./56/SECONDARY_DISPLAY" width="2472px" height="3496px"/>
			<graphic mimeType="pdf" url="AM%2016%20fol./56/WEB_DISPLAY"/>
		</surface>
		<surface xml:id="AM02-0016-0029r" n="57">
			<desc>0029r</desc>
			<graphic mimeType="pdf" url="AM%2016%20fol./57/HIGH_QUALITY_DISPLAY"/>
			<graphic mimeType="jpg" url="AM%2016%20fol./57/THUMBNAIL" width="200px" height="282px"/>
			<graphic mimeType="jpg" url="AM%2016%20fol./57/SECONDARY_DISPLAY" width="2480px" height="3494px"/>
			<graphic mimeType="pdf" url="AM%2016%20fol./57/WEB_DISPLAY"/>
		</surface>
		<surface xml:id="AM02-0016-0029v" n="58">
			<desc>0029v</desc>
			<graphic mimeType="pdf" url="AM%2016%20fol./58/HIGH_QUALITY_DISPLAY"/>
			<graphic mimeType="jpg" url="AM%2016%20fol./58/THUMBNAIL" width="200px" height="282px"/>
			<graphic mimeType="jpg" url="AM%2016%20fol./58/SECONDARY_DISPLAY" width="2480px" height="3498px"/>
			<graphic mimeType="pdf" url="AM%2016%20fol./58/WEB_DISPLAY"/>
		</surface>
		<surface xml:id="AM02-0016-0030r" n="59">
			<desc>0030r</desc>
			<graphic mimeType="pdf" url="AM%2016%20fol./59/HIGH_QUALITY_DISPLAY"/>
			<graphic mimeType="jpg" url="AM%2016%20fol./59/THUMBNAIL" width="200px" height="282px"/>
			<graphic mimeType="jpg" url="AM%2016%20fol./59/SECONDARY_DISPLAY" width="2480px" height="3494px"/>
			<graphic mimeType="pdf" url="AM%2016%20fol./59/WEB_DISPLAY"/>
		</surface>
		<surface xml:id="AM02-0016-0030v" n="60">
			<desc>0030v</desc>
			<graphic mimeType="pdf" url="AM%2016%20fol./60/HIGH_QUALITY_DISPLAY"/>
			<graphic mimeType="jpg" url="AM%2016%20fol./60/THUMBNAIL" width="200px" height="282px"/>
			<graphic mimeType="jpg" url="AM%2016%20fol./60/SECONDARY_DISPLAY" width="2480px" height="3494px"/>
			<graphic mimeType="pdf" url="AM%2016%20fol./60/WEB_DISPLAY"/>
		</surface>
		<surface xml:id="AM02-0016-0031r" n="61">
			<desc>0031r</desc>
			<graphic mimeType="pdf" url="AM%2016%20fol./61/HIGH_QUALITY_DISPLAY"/>
			<graphic mimeType="jpg" url="AM%2016%20fol./61/THUMBNAIL" width="200px" height="282px"/>
			<graphic mimeType="jpg" url="AM%2016%20fol./61/SECONDARY_DISPLAY" width="2480px" height="3498px"/>
			<graphic mimeType="pdf" url="AM%2016%20fol./61/WEB_DISPLAY"/>
		</surface>
		<surface xml:id="AM02-0016-0031v" n="62">
			<desc>0031v</desc>
			<graphic mimeType="pdf" url="AM%2016%20fol./62/HIGH_QUALITY_DISPLAY"/>
			<graphic mimeType="jpg" url="AM%2016%20fol./62/THUMBNAIL" width="200px" height="282px"/>
			<graphic mimeType="jpg" url="AM%2016%20fol./62/SECONDARY_DISPLAY" width="2480px" height="3496px"/>
			<graphic mimeType="pdf" url="AM%2016%20fol./62/WEB_DISPLAY"/>
		</surface>
		<surface xml:id="AM02-0016-0032r" n="63">
			<desc>0032r</desc>
			<graphic mimeType="pdf" url="AM%2016%20fol./63/HIGH_QUALITY_DISPLAY"/>
			<graphic mimeType="jpg" url="AM%2016%20fol./63/THUMBNAIL" width="200px" height="282px"/>
			<graphic mimeType="jpg" url="AM%2016%20fol./63/SECONDARY_DISPLAY" width="2480px" height="3495px"/>
			<graphic mimeType="pdf" url="AM%2016%20fol./63/WEB_DISPLAY"/>
		</surface>
		<surface xml:id="AM02-0016-0032v" n="64">
			<desc>0032v</desc>
			<graphic mimeType="pdf" url="AM%2016%20fol./64/HIGH_QUALITY_DISPLAY"/>
			<graphic mimeType="jpg" url="AM%2016%20fol./64/THUMBNAIL" width="200px" height="282px"/>
			<graphic mimeType="jpg" url="AM%2016%20fol./64/SECONDARY_DISPLAY" width="2480px" height="3497px"/>
			<graphic mimeType="pdf" url="AM%2016%20fol./64/WEB_DISPLAY"/>
		</surface>
		<surface xml:id="AM02-0016-0033r" n="65">
			<desc>0033r</desc>
			<graphic mimeType="pdf" url="AM%2016%20fol./65/HIGH_QUALITY_DISPLAY"/>
			<graphic mimeType="jpg" url="AM%2016%20fol./65/THUMBNAIL" width="200px" height="281px"/>
			<graphic mimeType="jpg" url="AM%2016%20fol./65/SECONDARY_DISPLAY" width="2488px" height="3493px"/>
			<graphic mimeType="pdf" url="AM%2016%20fol./65/WEB_DISPLAY"/>
		</surface>
		<surface xml:id="AM02-0016-0033v" n="66">
			<desc>0033v</desc>
			<graphic mimeType="pdf" url="AM%2016%20fol./66/HIGH_QUALITY_DISPLAY"/>
			<graphic mimeType="jpg" url="AM%2016%20fol./66/THUMBNAIL" width="200px" height="281px"/>
			<graphic mimeType="jpg" url="AM%2016%20fol./66/SECONDARY_DISPLAY" width="2488px" height="3492px"/>
			<graphic mimeType="pdf" url="AM%2016%20fol./66/WEB_DISPLAY"/>
		</surface>
		<surface xml:id="AM02-0016-0034r" n="67">
			<desc>0034r</desc>
			<graphic mimeType="pdf" url="AM%2016%20fol./67/HIGH_QUALITY_DISPLAY"/>
			<graphic mimeType="jpg" url="AM%2016%20fol./67/THUMBNAIL" width="200px" height="282px"/>
			<graphic mimeType="jpg" url="AM%2016%20fol./67/SECONDARY_DISPLAY" width="2480px" height="3497px"/>
			<graphic mimeType="pdf" url="AM%2016%20fol./67/WEB_DISPLAY"/>
		</surface>
		<surface xml:id="AM02-0016-0034v" n="68">
			<desc>0034v</desc>
			<graphic mimeType="pdf" url="AM%2016%20fol./68/HIGH_QUALITY_DISPLAY"/>
			<graphic mimeType="jpg" url="AM%2016%20fol./68/THUMBNAIL" width="200px" height="283px"/>
			<graphic mimeType="jpg" url="AM%2016%20fol./68/SECONDARY_DISPLAY" width="2472px" height="3494px"/>
			<graphic mimeType="pdf" url="AM%2016%20fol./68/WEB_DISPLAY"/>
		</surface>
		<surface xml:id="AM02-0016-0035r" n="69">
			<desc>0035r</desc>
			<graphic mimeType="pdf" url="AM%2016%20fol./69/HIGH_QUALITY_DISPLAY"/>
			<graphic mimeType="jpg" url="AM%2016%20fol./69/THUMBNAIL" width="200px" height="282px"/>
			<graphic mimeType="jpg" url="AM%2016%20fol./69/SECONDARY_DISPLAY" width="2480px" height="3495px"/>
			<graphic mimeType="pdf" url="AM%2016%20fol./69/WEB_DISPLAY"/>
		</surface>
		<surface xml:id="AM02-0016-0035v" n="70">
			<desc>0035v</desc>
			<graphic mimeType="pdf" url="AM%2016%20fol./70/HIGH_QUALITY_DISPLAY"/>
			<graphic mimeType="jpg" url="AM%2016%20fol./70/THUMBNAIL" width="200px" height="282px"/>
			<graphic mimeType="jpg" url="AM%2016%20fol./70/SECONDARY_DISPLAY" width="2480px" height="3499px"/>
			<graphic mimeType="pdf" url="AM%2016%20fol./70/WEB_DISPLAY"/>
		</surface>
		<surface xml:id="AM02-0016-0036r" n="71">
			<desc>0036r</desc>
			<graphic mimeType="pdf" url="AM%2016%20fol./71/HIGH_QUALITY_DISPLAY"/>
			<graphic mimeType="jpg" url="AM%2016%20fol./71/THUMBNAIL" width="200px" height="283px"/>
			<graphic mimeType="jpg" url="AM%2016%20fol./71/SECONDARY_DISPLAY" width="2472px" height="3496px"/>
			<graphic mimeType="pdf" url="AM%2016%20fol./71/WEB_DISPLAY"/>
		</surface>
		<surface xml:id="AM02-0016-0036v" n="72">
			<desc>0036v</desc>
			<graphic mimeType="pdf" url="AM%2016%20fol./72/HIGH_QUALITY_DISPLAY"/>
			<graphic mimeType="jpg" url="AM%2016%20fol./72/THUMBNAIL" width="200px" height="282px"/>
			<graphic mimeType="jpg" url="AM%2016%20fol./72/SECONDARY_DISPLAY" width="2480px" height="3495px"/>
			<graphic mimeType="pdf" url="AM%2016%20fol./72/WEB_DISPLAY"/>
		</surface>
		<surface xml:id="AM02-0016-0037r" n="73">
			<desc>0037r</desc>
			<graphic mimeType="pdf" url="AM%2016%20fol./73/HIGH_QUALITY_DISPLAY"/>
			<graphic mimeType="jpg" url="AM%2016%20fol./73/THUMBNAIL" width="200px" height="283px"/>
			<graphic mimeType="jpg" url="AM%2016%20fol./73/SECONDARY_DISPLAY" width="2472px" height="3497px"/>
			<graphic mimeType="pdf" url="AM%2016%20fol./73/WEB_DISPLAY"/>
		</surface>
		<surface xml:id="AM02-0016-0037v" n="74">
			<desc>0037v</desc>
			<graphic mimeType="pdf" url="AM%2016%20fol./74/HIGH_QUALITY_DISPLAY"/>
			<graphic mimeType="jpg" url="AM%2016%20fol./74/THUMBNAIL" width="200px" height="282px"/>
			<graphic mimeType="jpg" url="AM%2016%20fol./74/SECONDARY_DISPLAY" width="2480px" height="3495px"/>
			<graphic mimeType="pdf" url="AM%2016%20fol./74/WEB_DISPLAY"/>
		</surface>
		<surface xml:id="AM02-0016-0038r" n="75">
			<desc>0038r</desc>
			<graphic mimeType="pdf" url="AM%2016%20fol./75/HIGH_QUALITY_DISPLAY"/>
			<graphic mimeType="jpg" url="AM%2016%20fol./75/THUMBNAIL" width="200px" height="281px"/>
			<graphic mimeType="jpg" url="AM%2016%20fol./75/SECONDARY_DISPLAY" width="2480px" height="3492px"/>
			<graphic mimeType="pdf" url="AM%2016%20fol./75/WEB_DISPLAY"/>
		</surface>
		<surface xml:id="AM02-0016-0038v" n="76">
			<desc>0038v</desc>
			<graphic mimeType="pdf" url="AM%2016%20fol./76/HIGH_QUALITY_DISPLAY"/>
			<graphic mimeType="jpg" url="AM%2016%20fol./76/THUMBNAIL" width="200px" height="282px"/>
			<graphic mimeType="jpg" url="AM%2016%20fol./76/SECONDARY_DISPLAY" width="2480px" height="3497px"/>
			<graphic mimeType="pdf" url="AM%2016%20fol./76/WEB_DISPLAY"/>
		</surface>
		<surface xml:id="AM02-0016-0039r" n="77">
			<desc>0039r</desc>
			<graphic mimeType="pdf" url="AM%2016%20fol./77/HIGH_QUALITY_DISPLAY"/>
			<graphic mimeType="jpg" url="AM%2016%20fol./77/THUMBNAIL" width="200px" height="282px"/>
			<graphic mimeType="jpg" url="AM%2016%20fol./77/SECONDARY_DISPLAY" width="2480px" height="3496px"/>
			<graphic mimeType="pdf" url="AM%2016%20fol./77/WEB_DISPLAY"/>
		</surface>
		<surface xml:id="AM02-0016-0039v" n="78">
			<desc>0039v</desc>
			<graphic mimeType="pdf" url="AM%2016%20fol./78/HIGH_QUALITY_DISPLAY"/>
			<graphic mimeType="jpg" url="AM%2016%20fol./78/THUMBNAIL" width="200px" height="282px"/>
			<graphic mimeType="jpg" url="AM%2016%20fol./78/SECONDARY_DISPLAY" width="2480px" height="3495px"/>
			<graphic mimeType="pdf" url="AM%2016%20fol./78/WEB_DISPLAY"/>
		</surface>
		<surface xml:id="AM02-0016-0040r" n="79">
			<desc>0040r</desc>
			<graphic mimeType="pdf" url="AM%2016%20fol./79/HIGH_QUALITY_DISPLAY"/>
			<graphic mimeType="jpg" url="AM%2016%20fol./79/THUMBNAIL" width="200px" height="282px"/>
			<graphic mimeType="jpg" url="AM%2016%20fol./79/SECONDARY_DISPLAY" width="2480px" height="3499px"/>
			<graphic mimeType="pdf" url="AM%2016%20fol./79/WEB_DISPLAY"/>
		</surface>
		<surface xml:id="AM02-0016-0040v" n="80">
			<desc>0040v</desc>
			<graphic mimeType="pdf" url="AM%2016%20fol./80/HIGH_QUALITY_DISPLAY"/>
			<graphic mimeType="jpg" url="AM%2016%20fol./80/THUMBNAIL" width="200px" height="282px"/>
			<graphic mimeType="jpg" url="AM%2016%20fol./80/SECONDARY_DISPLAY" width="2480px" height="3498px"/>
			<graphic mimeType="pdf" url="AM%2016%20fol./80/WEB_DISPLAY"/>
		</surface>
		<surface xml:id="AM02-0016-0041r" n="81">
			<desc>0041r</desc>
			<graphic mimeType="pdf" url="AM%2016%20fol./81/HIGH_QUALITY_DISPLAY"/>
			<graphic mimeType="jpg" url="AM%2016%20fol./81/THUMBNAIL" width="200px" height="282px"/>
			<graphic mimeType="jpg" url="AM%2016%20fol./81/SECONDARY_DISPLAY" width="2480px" height="3495px"/>
			<graphic mimeType="pdf" url="AM%2016%20fol./81/WEB_DISPLAY"/>
		</surface>
		<surface xml:id="AM02-0016-0041v" n="82">
			<desc>0041v</desc>
			<graphic mimeType="pdf" url="AM%2016%20fol./82/HIGH_QUALITY_DISPLAY"/>
			<graphic mimeType="jpg" url="AM%2016%20fol./82/THUMBNAIL" width="200px" height="282px"/>
			<graphic mimeType="jpg" url="AM%2016%20fol./82/SECONDARY_DISPLAY" width="2480px" height="3497px"/>
			<graphic mimeType="pdf" url="AM%2016%20fol./82/WEB_DISPLAY"/>
		</surface>
		<surface xml:id="AM02-0016-0042r" n="83">
			<desc>0042r</desc>
			<graphic mimeType="pdf" url="AM%2016%20fol./83/HIGH_QUALITY_DISPLAY"/>
			<graphic mimeType="jpg" url="AM%2016%20fol./83/THUMBNAIL" width="200px" height="281px"/>
			<graphic mimeType="jpg" url="AM%2016%20fol./83/SECONDARY_DISPLAY" width="2488px" height="3499px"/>
			<graphic mimeType="pdf" url="AM%2016%20fol./83/WEB_DISPLAY"/>
		</surface>
		<surface xml:id="AM02-0016-0042v" n="84">
			<desc>0042v</desc>
			<graphic mimeType="pdf" url="AM%2016%20fol./84/HIGH_QUALITY_DISPLAY"/>
			<graphic mimeType="jpg" url="AM%2016%20fol./84/THUMBNAIL" width="200px" height="282px"/>
			<graphic mimeType="jpg" url="AM%2016%20fol./84/SECONDARY_DISPLAY" width="2480px" height="3495px"/>
			<graphic mimeType="pdf" url="AM%2016%20fol./84/WEB_DISPLAY"/>
		</surface>
		<surface xml:id="AM02-0016-0043r" n="85">
			<desc>0043r</desc>
			<graphic mimeType="pdf" url="AM%2016%20fol./85/HIGH_QUALITY_DISPLAY"/>
			<graphic mimeType="jpg" url="AM%2016%20fol./85/THUMBNAIL" width="200px" height="282px"/>
			<graphic mimeType="jpg" url="AM%2016%20fol./85/SECONDARY_DISPLAY" width="2480px" height="3497px"/>
			<graphic mimeType="pdf" url="AM%2016%20fol./85/WEB_DISPLAY"/>
		</surface>
		<surface xml:id="AM02-0016-0043v" n="86">
			<desc>0043v</desc>
			<graphic mimeType="pdf" url="AM%2016%20fol./86/HIGH_QUALITY_DISPLAY"/>
			<graphic mimeType="jpg" url="AM%2016%20fol./86/THUMBNAIL" width="200px" height="282px"/>
			<graphic mimeType="jpg" url="AM%2016%20fol./86/SECONDARY_DISPLAY" width="2480px" height="3500px"/>
			<graphic mimeType="pdf" url="AM%2016%20fol./86/WEB_DISPLAY"/>
		</surface>
		<surface xml:id="AM02-0016-0044r" n="87">
			<desc>0044r</desc>
			<graphic mimeType="pdf" url="AM%2016%20fol./87/HIGH_QUALITY_DISPLAY"/>
			<graphic mimeType="jpg" url="AM%2016%20fol./87/THUMBNAIL" width="200px" height="282px"/>
			<graphic mimeType="jpg" url="AM%2016%20fol./87/SECONDARY_DISPLAY" width="2480px" height="3493px"/>
			<graphic mimeType="pdf" url="AM%2016%20fol./87/WEB_DISPLAY"/>
		</surface>
		<surface xml:id="AM02-0016-0044v" n="88">
			<desc>0044v</desc>
			<graphic mimeType="pdf" url="AM%2016%20fol./88/HIGH_QUALITY_DISPLAY"/>
			<graphic mimeType="jpg" url="AM%2016%20fol./88/THUMBNAIL" width="200px" height="282px"/>
			<graphic mimeType="jpg" url="AM%2016%20fol./88/SECONDARY_DISPLAY" width="2480px" height="3497px"/>
			<graphic mimeType="pdf" url="AM%2016%20fol./88/WEB_DISPLAY"/>
		</surface>
		<surface xml:id="AM02-0016-0045r" n="89">
			<desc>0045r</desc>
			<graphic mimeType="pdf" url="AM%2016%20fol./89/HIGH_QUALITY_DISPLAY"/>
			<graphic mimeType="jpg" url="AM%2016%20fol./89/THUMBNAIL" width="200px" height="281px"/>
			<graphic mimeType="jpg" url="AM%2016%20fol./89/SECONDARY_DISPLAY" width="2488px" height="3497px"/>
			<graphic mimeType="pdf" url="AM%2016%20fol./89/WEB_DISPLAY"/>
		</surface>
		<surface xml:id="AM02-0016-0045v" n="90">
			<desc>0045v</desc>
			<graphic mimeType="pdf" url="AM%2016%20fol./90/HIGH_QUALITY_DISPLAY"/>
			<graphic mimeType="jpg" url="AM%2016%20fol./90/THUMBNAIL" width="200px" height="281px"/>
			<graphic mimeType="jpg" url="AM%2016%20fol./90/SECONDARY_DISPLAY" width="2488px" height="3494px"/>
			<graphic mimeType="pdf" url="AM%2016%20fol./90/WEB_DISPLAY"/>
		</surface>
		<surface xml:id="AM02-0016-0046r" n="91">
			<desc>0046r</desc>
			<graphic mimeType="pdf" url="AM%2016%20fol./91/HIGH_QUALITY_DISPLAY"/>
			<graphic mimeType="jpg" url="AM%2016%20fol./91/THUMBNAIL" width="200px" height="282px"/>
			<graphic mimeType="jpg" url="AM%2016%20fol./91/SECONDARY_DISPLAY" width="2480px" height="3495px"/>
			<graphic mimeType="pdf" url="AM%2016%20fol./91/WEB_DISPLAY"/>
		</surface>
		<surface xml:id="AM02-0016-0046v" n="92">
			<desc>0046v</desc>
			<graphic mimeType="pdf" url="AM%2016%20fol./92/HIGH_QUALITY_DISPLAY"/>
			<graphic mimeType="jpg" url="AM%2016%20fol./92/THUMBNAIL" width="200px" height="282px"/>
			<graphic mimeType="jpg" url="AM%2016%20fol./92/SECONDARY_DISPLAY" width="2480px" height="3499px"/>
			<graphic mimeType="pdf" url="AM%2016%20fol./92/WEB_DISPLAY"/>
		</surface>
		<surface xml:id="AM02-0016-0047r" n="93">
			<desc>0047r</desc>
			<graphic mimeType="pdf" url="AM%2016%20fol./93/HIGH_QUALITY_DISPLAY"/>
			<graphic mimeType="jpg" url="AM%2016%20fol./93/THUMBNAIL" width="200px" height="282px"/>
			<graphic mimeType="jpg" url="AM%2016%20fol./93/SECONDARY_DISPLAY" width="2480px" height="3495px"/>
			<graphic mimeType="pdf" url="AM%2016%20fol./93/WEB_DISPLAY"/>
		</surface>
		<surface xml:id="AM02-0016-0047v" n="94">
			<desc>0047v</desc>
			<graphic mimeType="pdf" url="AM%2016%20fol./94/HIGH_QUALITY_DISPLAY"/>
			<graphic mimeType="jpg" url="AM%2016%20fol./94/THUMBNAIL" width="200px" height="282px"/>
			<graphic mimeType="jpg" url="AM%2016%20fol./94/SECONDARY_DISPLAY" width="2480px" height="3495px"/>
			<graphic mimeType="pdf" url="AM%2016%20fol./94/WEB_DISPLAY"/>
		</surface>
		<surface xml:id="AM02-0016-0048r" n="95">
			<desc>0048r</desc>
			<graphic mimeType="pdf" url="AM%2016%20fol./95/HIGH_QUALITY_DISPLAY"/>
			<graphic mimeType="jpg" url="AM%2016%20fol./95/THUMBNAIL" width="200px" height="282px"/>
			<graphic mimeType="jpg" url="AM%2016%20fol./95/SECONDARY_DISPLAY" width="2480px" height="3498px"/>
			<graphic mimeType="pdf" url="AM%2016%20fol./95/WEB_DISPLAY"/>
		</surface>
		<surface xml:id="AM02-0016-0048v" n="96">
			<desc>0048v</desc>
			<graphic mimeType="pdf" url="AM%2016%20fol./96/HIGH_QUALITY_DISPLAY"/>
			<graphic mimeType="jpg" url="AM%2016%20fol./96/THUMBNAIL" width="200px" height="282px"/>
			<graphic mimeType="jpg" url="AM%2016%20fol./96/SECONDARY_DISPLAY" width="2480px" height="3495px"/>
			<graphic mimeType="pdf" url="AM%2016%20fol./96/WEB_DISPLAY"/>
		</surface>
		<surface xml:id="AM02-0016-0049r" n="97">
			<desc>0049r</desc>
			<graphic mimeType="pdf" url="AM%2016%20fol./97/HIGH_QUALITY_DISPLAY"/>
			<graphic mimeType="jpg" url="AM%2016%20fol./97/THUMBNAIL" width="200px" height="281px"/>
			<graphic mimeType="jpg" url="AM%2016%20fol./97/SECONDARY_DISPLAY" width="2488px" height="3495px"/>
			<graphic mimeType="pdf" url="AM%2016%20fol./97/WEB_DISPLAY"/>
		</surface>
		<surface xml:id="AM02-0016-0049v" n="98">
			<desc>0049v</desc>
			<graphic mimeType="pdf" url="AM%2016%20fol./98/HIGH_QUALITY_DISPLAY"/>
			<graphic mimeType="jpg" url="AM%2016%20fol./98/THUMBNAIL" width="200px" height="282px"/>
			<graphic mimeType="jpg" url="AM%2016%20fol./98/SECONDARY_DISPLAY" width="2480px" height="3497px"/>
			<graphic mimeType="pdf" url="AM%2016%20fol./98/WEB_DISPLAY"/>
		</surface>
		<surface xml:id="AM02-0016-0050r" n="99">
			<desc>0050r</desc>
			<graphic mimeType="pdf" url="AM%2016%20fol./99/HIGH_QUALITY_DISPLAY"/>
			<graphic mimeType="jpg" url="AM%2016%20fol./99/THUMBNAIL" width="200px" height="282px"/>
			<graphic mimeType="jpg" url="AM%2016%20fol./99/SECONDARY_DISPLAY" width="2480px" height="3494px"/>
			<graphic mimeType="pdf" url="AM%2016%20fol./99/WEB_DISPLAY"/>
		</surface>
		<surface xml:id="AM02-0016-0050v" n="100">
			<desc>0050v</desc>
			<graphic mimeType="pdf" url="AM%2016%20fol./100/HIGH_QUALITY_DISPLAY"/>
			<graphic mimeType="jpg" url="AM%2016%20fol./100/THUMBNAIL" width="200px" height="282px"/>
			<graphic mimeType="jpg" url="AM%2016%20fol./100/SECONDARY_DISPLAY" width="2480px" height="3496px"/>
			<graphic mimeType="pdf" url="AM%2016%20fol./100/WEB_DISPLAY"/>
		</surface>
		<surface xml:id="AM02-0016-0051r" n="101">
			<desc>0051r</desc>
			<graphic mimeType="pdf" url="AM%2016%20fol./101/HIGH_QUALITY_DISPLAY"/>
			<graphic mimeType="jpg" url="AM%2016%20fol./101/THUMBNAIL" width="200px" height="282px"/>
			<graphic mimeType="jpg" url="AM%2016%20fol./101/SECONDARY_DISPLAY" width="2480px" height="3497px"/>
			<graphic mimeType="pdf" url="AM%2016%20fol./101/WEB_DISPLAY"/>
		</surface>
		<surface xml:id="AM02-0016-0051v" n="102">
			<desc>0051v</desc>
			<graphic mimeType="pdf" url="AM%2016%20fol./102/HIGH_QUALITY_DISPLAY"/>
			<graphic mimeType="jpg" url="AM%2016%20fol./102/THUMBNAIL" width="200px" height="281px"/>
			<graphic mimeType="jpg" url="AM%2016%20fol./102/SECONDARY_DISPLAY" width="2488px" height="3495px"/>
			<graphic mimeType="pdf" url="AM%2016%20fol./102/WEB_DISPLAY"/>
		</surface>
		<surface xml:id="AM02-0016-0052r" n="103">
			<desc>0052r</desc>
			<graphic mimeType="pdf" url="AM%2016%20fol./103/HIGH_QUALITY_DISPLAY"/>
			<graphic mimeType="jpg" url="AM%2016%20fol./103/THUMBNAIL" width="200px" height="283px"/>
			<graphic mimeType="jpg" url="AM%2016%20fol./103/SECONDARY_DISPLAY" width="2472px" height="3495px"/>
			<graphic mimeType="pdf" url="AM%2016%20fol./103/WEB_DISPLAY"/>
		</surface>
		<surface xml:id="AM02-0016-0052v" n="104">
			<desc>0052v</desc>
			<graphic mimeType="pdf" url="AM%2016%20fol./104/HIGH_QUALITY_DISPLAY"/>
			<graphic mimeType="jpg" url="AM%2016%20fol./104/THUMBNAIL" width="200px" height="282px"/>
			<graphic mimeType="jpg" url="AM%2016%20fol./104/SECONDARY_DISPLAY" width="2480px" height="3499px"/>
			<graphic mimeType="pdf" url="AM%2016%20fol./104/WEB_DISPLAY"/>
		</surface>
		<surface xml:id="AM02-0016-0053r" n="105">
			<desc>0053r</desc>
			<graphic mimeType="pdf" url="AM%2016%20fol./105/HIGH_QUALITY_DISPLAY"/>
			<graphic mimeType="jpg" url="AM%2016%20fol./105/THUMBNAIL" width="200px" height="282px"/>
			<graphic mimeType="jpg" url="AM%2016%20fol./105/SECONDARY_DISPLAY" width="2480px" height="3495px"/>
			<graphic mimeType="pdf" url="AM%2016%20fol./105/WEB_DISPLAY"/>
		</surface>
		<surface xml:id="AM02-0016-0053v" n="106">
			<desc>0053v</desc>
			<graphic mimeType="pdf" url="AM%2016%20fol./106/HIGH_QUALITY_DISPLAY"/>
			<graphic mimeType="jpg" url="AM%2016%20fol./106/THUMBNAIL" width="200px" height="283px"/>
			<graphic mimeType="jpg" url="AM%2016%20fol./106/SECONDARY_DISPLAY" width="2472px" height="3495px"/>
			<graphic mimeType="pdf" url="AM%2016%20fol./106/WEB_DISPLAY"/>
		</surface>
		<surface xml:id="AM02-0016-0054r" n="107">
			<desc>0054r</desc>
			<graphic mimeType="pdf" url="AM%2016%20fol./107/HIGH_QUALITY_DISPLAY"/>
			<graphic mimeType="jpg" url="AM%2016%20fol./107/THUMBNAIL" width="200px" height="282px"/>
			<graphic mimeType="jpg" url="AM%2016%20fol./107/SECONDARY_DISPLAY" width="2480px" height="3499px"/>
			<graphic mimeType="pdf" url="AM%2016%20fol./107/WEB_DISPLAY"/>
		</surface>
		<surface xml:id="AM02-0016-0054v" n="108">
			<desc>0054v</desc>
			<graphic mimeType="pdf" url="AM%2016%20fol./108/HIGH_QUALITY_DISPLAY"/>
			<graphic mimeType="jpg" url="AM%2016%20fol./108/THUMBNAIL" width="200px" height="282px"/>
			<graphic mimeType="jpg" url="AM%2016%20fol./108/SECONDARY_DISPLAY" width="2480px" height="3494px"/>
			<graphic mimeType="pdf" url="AM%2016%20fol./108/WEB_DISPLAY"/>
		</surface>
		<surface xml:id="AM02-0016-0055r" n="109">
			<desc>0055r</desc>
			<graphic mimeType="pdf" url="AM%2016%20fol./109/HIGH_QUALITY_DISPLAY"/>
			<graphic mimeType="jpg" url="AM%2016%20fol./109/THUMBNAIL" width="200px" height="282px"/>
			<graphic mimeType="jpg" url="AM%2016%20fol./109/SECONDARY_DISPLAY" width="2480px" height="3495px"/>
			<graphic mimeType="pdf" url="AM%2016%20fol./109/WEB_DISPLAY"/>
		</surface>
		<surface xml:id="AM02-0016-0055v" n="110">
			<desc>0055v</desc>
			<graphic mimeType="pdf" url="AM%2016%20fol./110/HIGH_QUALITY_DISPLAY"/>
			<graphic mimeType="jpg" url="AM%2016%20fol./110/THUMBNAIL" width="200px" height="282px"/>
			<graphic mimeType="jpg" url="AM%2016%20fol./110/SECONDARY_DISPLAY" width="2480px" height="3499px"/>
			<graphic mimeType="pdf" url="AM%2016%20fol./110/WEB_DISPLAY"/>
		</surface>
		<surface xml:id="AM02-0016-0056r" n="111">
			<desc>0056r</desc>
			<graphic mimeType="pdf" url="AM%2016%20fol./111/HIGH_QUALITY_DISPLAY"/>
			<graphic mimeType="jpg" url="AM%2016%20fol./111/THUMBNAIL" width="200px" height="282px"/>
			<graphic mimeType="jpg" url="AM%2016%20fol./111/SECONDARY_DISPLAY" width="2480px" height="3495px"/>
			<graphic mimeType="pdf" url="AM%2016%20fol./111/WEB_DISPLAY"/>
		</surface>
		<surface xml:id="AM02-0016-0056v" n="112">
			<desc>0056v</desc>
			<graphic mimeType="pdf" url="AM%2016%20fol./112/HIGH_QUALITY_DISPLAY"/>
			<graphic mimeType="jpg" url="AM%2016%20fol./112/THUMBNAIL" width="200px" height="282px"/>
			<graphic mimeType="jpg" url="AM%2016%20fol./112/SECONDARY_DISPLAY" width="2480px" height="3493px"/>
			<graphic mimeType="pdf" url="AM%2016%20fol./112/WEB_DISPLAY"/>
		</surface>
		<surface xml:id="AM02-0016-0057r" n="113">
			<desc>0057r</desc>
			<graphic mimeType="pdf" url="AM%2016%20fol./113/HIGH_QUALITY_DISPLAY"/>
			<graphic mimeType="jpg" url="AM%2016%20fol./113/THUMBNAIL" width="200px" height="282px"/>
			<graphic mimeType="jpg" url="AM%2016%20fol./113/SECONDARY_DISPLAY" width="2480px" height="3496px"/>
			<graphic mimeType="pdf" url="AM%2016%20fol./113/WEB_DISPLAY"/>
		</surface>
		<surface xml:id="AM02-0016-0057v" n="114">
			<desc>0057v</desc>
			<graphic mimeType="pdf" url="AM%2016%20fol./114/HIGH_QUALITY_DISPLAY"/>
			<graphic mimeType="jpg" url="AM%2016%20fol./114/THUMBNAIL" width="200px" height="281px"/>
			<graphic mimeType="jpg" url="AM%2016%20fol./114/SECONDARY_DISPLAY" width="2488px" height="3496px"/>
			<graphic mimeType="pdf" url="AM%2016%20fol./114/WEB_DISPLAY"/>
		</surface>
		<surface xml:id="AM02-0016-0058r" n="115">
			<desc>0058r</desc>
			<graphic mimeType="pdf" url="AM%2016%20fol./115/HIGH_QUALITY_DISPLAY"/>
			<graphic mimeType="jpg" url="AM%2016%20fol./115/THUMBNAIL" width="200px" height="282px"/>
			<graphic mimeType="jpg" url="AM%2016%20fol./115/SECONDARY_DISPLAY" width="2480px" height="3493px"/>
			<graphic mimeType="pdf" url="AM%2016%20fol./115/WEB_DISPLAY"/>
		</surface>
		<surface xml:id="AM02-0016-0058v" n="116">
			<desc>0058v</desc>
			<graphic mimeType="pdf" url="AM%2016%20fol./116/HIGH_QUALITY_DISPLAY"/>
			<graphic mimeType="jpg" url="AM%2016%20fol./116/THUMBNAIL" width="200px" height="282px"/>
			<graphic mimeType="jpg" url="AM%2016%20fol./116/SECONDARY_DISPLAY" width="2480px" height="3499px"/>
			<graphic mimeType="pdf" url="AM%2016%20fol./116/WEB_DISPLAY"/>
		</surface>
		<surface xml:id="AM02-0016-0059r" n="117">
			<desc>0059r</desc>
			<graphic mimeType="pdf" url="AM%2016%20fol./117/HIGH_QUALITY_DISPLAY"/>
			<graphic mimeType="jpg" url="AM%2016%20fol./117/THUMBNAIL" width="200px" height="282px"/>
			<graphic mimeType="jpg" url="AM%2016%20fol./117/SECONDARY_DISPLAY" width="2480px" height="3497px"/>
			<graphic mimeType="pdf" url="AM%2016%20fol./117/WEB_DISPLAY"/>
		</surface>
		<surface xml:id="AM02-0016-0059v" n="118">
			<desc>0059v</desc>
			<graphic mimeType="pdf" url="AM%2016%20fol./118/HIGH_QUALITY_DISPLAY"/>
			<graphic mimeType="jpg" url="AM%2016%20fol./118/THUMBNAIL" width="200px" height="282px"/>
			<graphic mimeType="jpg" url="AM%2016%20fol./118/SECONDARY_DISPLAY" width="2480px" height="3496px"/>
			<graphic mimeType="pdf" url="AM%2016%20fol./118/WEB_DISPLAY"/>
		</surface>
		<surface xml:id="AM02-0016-0060r" n="119">
			<desc>0060r</desc>
			<graphic mimeType="pdf" url="AM%2016%20fol./119/HIGH_QUALITY_DISPLAY"/>
			<graphic mimeType="jpg" url="AM%2016%20fol./119/THUMBNAIL" width="200px" height="282px"/>
			<graphic mimeType="jpg" url="AM%2016%20fol./119/SECONDARY_DISPLAY" width="2480px" height="3499px"/>
			<graphic mimeType="pdf" url="AM%2016%20fol./119/WEB_DISPLAY"/>
		</surface>
		<surface xml:id="AM02-0016-0060v" n="120">
			<desc>0060v</desc>
			<graphic mimeType="pdf" url="AM%2016%20fol./120/HIGH_QUALITY_DISPLAY"/>
			<graphic mimeType="jpg" url="AM%2016%20fol./120/THUMBNAIL" width="200px" height="282px"/>
			<graphic mimeType="jpg" url="AM%2016%20fol./120/SECONDARY_DISPLAY" width="2480px" height="3496px"/>
			<graphic mimeType="pdf" url="AM%2016%20fol./120/WEB_DISPLAY"/>
		</surface>
		<surface xml:id="AM02-0016-0061r" n="121">
			<desc>0061r</desc>
			<graphic mimeType="pdf" url="AM%2016%20fol./121/HIGH_QUALITY_DISPLAY"/>
			<graphic mimeType="jpg" url="AM%2016%20fol./121/THUMBNAIL" width="200px" height="282px"/>
			<graphic mimeType="jpg" url="AM%2016%20fol./121/SECONDARY_DISPLAY" width="2480px" height="3494px"/>
			<graphic mimeType="pdf" url="AM%2016%20fol./121/WEB_DISPLAY"/>
		</surface>
		<surface xml:id="AM02-0016-0061v" n="122">
			<desc>0061v</desc>
			<graphic mimeType="pdf" url="AM%2016%20fol./122/HIGH_QUALITY_DISPLAY"/>
			<graphic mimeType="jpg" url="AM%2016%20fol./122/THUMBNAIL" width="200px" height="282px"/>
			<graphic mimeType="jpg" url="AM%2016%20fol./122/SECONDARY_DISPLAY" width="2480px" height="3496px"/>
			<graphic mimeType="pdf" url="AM%2016%20fol./122/WEB_DISPLAY"/>
		</surface>
		<surface xml:id="AM02-0016-0062r" n="123">
			<desc>0062r</desc>
			<graphic mimeType="pdf" url="AM%2016%20fol./123/HIGH_QUALITY_DISPLAY"/>
			<graphic mimeType="jpg" url="AM%2016%20fol./123/THUMBNAIL" width="200px" height="283px"/>
			<graphic mimeType="jpg" url="AM%2016%20fol./123/SECONDARY_DISPLAY" width="2472px" height="3495px"/>
			<graphic mimeType="pdf" url="AM%2016%20fol./123/WEB_DISPLAY"/>
		</surface>
		<surface xml:id="AM02-0016-0062v" n="124">
			<desc>0062v</desc>
			<graphic mimeType="pdf" url="AM%2016%20fol./124/HIGH_QUALITY_DISPLAY"/>
			<graphic mimeType="jpg" url="AM%2016%20fol./124/THUMBNAIL" width="200px" height="282px"/>
			<graphic mimeType="jpg" url="AM%2016%20fol./124/SECONDARY_DISPLAY" width="2480px" height="3493px"/>
			<graphic mimeType="pdf" url="AM%2016%20fol./124/WEB_DISPLAY"/>
		</surface>
		<surface xml:id="AM02-0016-0063r" n="125">
			<desc>0063r</desc>
			<graphic mimeType="pdf" url="AM%2016%20fol./125/HIGH_QUALITY_DISPLAY"/>
			<graphic mimeType="jpg" url="AM%2016%20fol./125/THUMBNAIL" width="200px" height="281px"/>
			<graphic mimeType="jpg" url="AM%2016%20fol./125/SECONDARY_DISPLAY" width="2488px" height="3497px"/>
			<graphic mimeType="pdf" url="AM%2016%20fol./125/WEB_DISPLAY"/>
		</surface>
		<surface xml:id="AM02-0016-0063v" n="126">
			<desc>0063v</desc>
			<graphic mimeType="pdf" url="AM%2016%20fol./126/HIGH_QUALITY_DISPLAY"/>
			<graphic mimeType="jpg" url="AM%2016%20fol./126/THUMBNAIL" width="200px" height="281px"/>
			<graphic mimeType="jpg" url="AM%2016%20fol./126/SECONDARY_DISPLAY" width="2488px" height="3497px"/>
			<graphic mimeType="pdf" url="AM%2016%20fol./126/WEB_DISPLAY"/>
		</surface>
		<surface xml:id="AM02-0016-0064r" n="127">
			<desc>0064r</desc>
			<graphic mimeType="pdf" url="AM%2016%20fol./127/HIGH_QUALITY_DISPLAY"/>
			<graphic mimeType="jpg" url="AM%2016%20fol./127/THUMBNAIL" width="200px" height="282px"/>
			<graphic mimeType="jpg" url="AM%2016%20fol./127/SECONDARY_DISPLAY" width="2480px" height="3494px"/>
			<graphic mimeType="pdf" url="AM%2016%20fol./127/WEB_DISPLAY"/>
		</surface>
		<surface xml:id="AM02-0016-0064v" n="128">
			<desc>0064v</desc>
			<graphic mimeType="pdf" url="AM%2016%20fol./128/HIGH_QUALITY_DISPLAY"/>
			<graphic mimeType="jpg" url="AM%2016%20fol./128/THUMBNAIL" width="200px" height="282px"/>
			<graphic mimeType="jpg" url="AM%2016%20fol./128/SECONDARY_DISPLAY" width="2480px" height="3499px"/>
			<graphic mimeType="pdf" url="AM%2016%20fol./128/WEB_DISPLAY"/>
		</surface>
		<surface xml:id="AM02-0016-0065r" n="129">
			<desc>0065r</desc>
			<graphic mimeType="pdf" url="AM%2016%20fol./129/HIGH_QUALITY_DISPLAY"/>
			<graphic mimeType="jpg" url="AM%2016%20fol./129/THUMBNAIL" width="200px" height="282px"/>
			<graphic mimeType="jpg" url="AM%2016%20fol./129/SECONDARY_DISPLAY" width="2480px" height="3497px"/>
			<graphic mimeType="pdf" url="AM%2016%20fol./129/WEB_DISPLAY"/>
		</surface>
		<surface xml:id="AM02-0016-0065v" n="130">
			<desc>0065v</desc>
			<graphic mimeType="pdf" url="AM%2016%20fol./130/HIGH_QUALITY_DISPLAY"/>
			<graphic mimeType="jpg" url="AM%2016%20fol./130/THUMBNAIL" width="200px" height="282px"/>
			<graphic mimeType="jpg" url="AM%2016%20fol./130/SECONDARY_DISPLAY" width="2480px" height="3495px"/>
			<graphic mimeType="pdf" url="AM%2016%20fol./130/WEB_DISPLAY"/>
		</surface>
		<surface xml:id="AM02-0016-0066r" n="131">
			<desc>0066r</desc>
			<graphic mimeType="pdf" url="AM%2016%20fol./131/HIGH_QUALITY_DISPLAY"/>
			<graphic mimeType="jpg" url="AM%2016%20fol./131/THUMBNAIL" width="200px" height="282px"/>
			<graphic mimeType="jpg" url="AM%2016%20fol./131/SECONDARY_DISPLAY" width="2480px" height="3497px"/>
			<graphic mimeType="pdf" url="AM%2016%20fol./131/WEB_DISPLAY"/>
		</surface>
		<surface xml:id="AM02-0016-0066v" n="132">
			<desc>0066v</desc>
			<graphic mimeType="pdf" url="AM%2016%20fol./132/HIGH_QUALITY_DISPLAY"/>
			<graphic mimeType="jpg" url="AM%2016%20fol./132/THUMBNAIL" width="200px" height="281px"/>
			<graphic mimeType="jpg" url="AM%2016%20fol./132/SECONDARY_DISPLAY" width="2488px" height="3493px"/>
			<graphic mimeType="pdf" url="AM%2016%20fol./132/WEB_DISPLAY"/>
		</surface>
		<surface xml:id="AM02-0016-0067r" n="133">
			<desc>0067r</desc>
			<graphic mimeType="pdf" url="AM%2016%20fol./133/HIGH_QUALITY_DISPLAY"/>
			<graphic mimeType="jpg" url="AM%2016%20fol./133/THUMBNAIL" width="200px" height="281px"/>
			<graphic mimeType="jpg" url="AM%2016%20fol./133/SECONDARY_DISPLAY" width="2488px" height="3496px"/>
			<graphic mimeType="pdf" url="AM%2016%20fol./133/WEB_DISPLAY"/>
		</surface>
		<surface xml:id="AM02-0016-0067v" n="134">
			<desc>0067v</desc>
			<graphic mimeType="pdf" url="AM%2016%20fol./134/HIGH_QUALITY_DISPLAY"/>
			<graphic mimeType="jpg" url="AM%2016%20fol./134/THUMBNAIL" width="200px" height="282px"/>
			<graphic mimeType="jpg" url="AM%2016%20fol./134/SECONDARY_DISPLAY" width="2480px" height="3499px"/>
			<graphic mimeType="pdf" url="AM%2016%20fol./134/WEB_DISPLAY"/>
		</surface>
		<surface xml:id="AM02-0016-0068r" n="135">
			<desc>0068r</desc>
			<graphic mimeType="pdf" url="AM%2016%20fol./135/HIGH_QUALITY_DISPLAY"/>
			<graphic mimeType="jpg" url="AM%2016%20fol./135/THUMBNAIL" width="200px" height="282px"/>
			<graphic mimeType="jpg" url="AM%2016%20fol./135/SECONDARY_DISPLAY" width="2480px" height="3493px"/>
			<graphic mimeType="pdf" url="AM%2016%20fol./135/WEB_DISPLAY"/>
		</surface>
		<surface xml:id="AM02-0016-0068v" n="136">
			<desc>0068v</desc>
			<graphic mimeType="pdf" url="AM%2016%20fol./136/HIGH_QUALITY_DISPLAY"/>
			<graphic mimeType="jpg" url="AM%2016%20fol./136/THUMBNAIL" width="200px" height="282px"/>
			<graphic mimeType="jpg" url="AM%2016%20fol./136/SECONDARY_DISPLAY" width="2480px" height="3496px"/>
			<graphic mimeType="pdf" url="AM%2016%20fol./136/WEB_DISPLAY"/>
		</surface>
		<surface xml:id="AM02-0016-0069r" n="137">
			<desc>0069r</desc>
			<graphic mimeType="pdf" url="AM%2016%20fol./137/HIGH_QUALITY_DISPLAY"/>
			<graphic mimeType="jpg" url="AM%2016%20fol./137/THUMBNAIL" width="200px" height="281px"/>
			<graphic mimeType="jpg" url="AM%2016%20fol./137/SECONDARY_DISPLAY" width="2488px" height="3494px"/>
			<graphic mimeType="pdf" url="AM%2016%20fol./137/WEB_DISPLAY"/>
		</surface>
		<surface xml:id="AM02-0016-0069v" n="138">
			<desc>0069v</desc>
			<graphic mimeType="pdf" url="AM%2016%20fol./138/HIGH_QUALITY_DISPLAY"/>
			<graphic mimeType="jpg" url="AM%2016%20fol./138/THUMBNAIL" width="200px" height="280px"/>
			<graphic mimeType="jpg" url="AM%2016%20fol./138/SECONDARY_DISPLAY" width="2496px" height="3499px"/>
			<graphic mimeType="pdf" url="AM%2016%20fol./138/WEB_DISPLAY"/>
		</surface>
		<surface xml:id="AM02-0016-0070r" n="139">
			<desc>0070r</desc>
			<graphic mimeType="pdf" url="AM%2016%20fol./139/HIGH_QUALITY_DISPLAY"/>
			<graphic mimeType="jpg" url="AM%2016%20fol./139/THUMBNAIL" width="200px" height="281px"/>
			<graphic mimeType="jpg" url="AM%2016%20fol./139/SECONDARY_DISPLAY" width="2488px" height="3495px"/>
			<graphic mimeType="pdf" url="AM%2016%20fol./139/WEB_DISPLAY"/>
		</surface>
		<surface xml:id="AM02-0016-0070v" n="140">
			<desc>0070v</desc>
			<graphic mimeType="pdf" url="AM%2016%20fol./140/HIGH_QUALITY_DISPLAY"/>
			<graphic mimeType="jpg" url="AM%2016%20fol./140/THUMBNAIL" width="200px" height="281px"/>
			<graphic mimeType="jpg" url="AM%2016%20fol./140/SECONDARY_DISPLAY" width="2488px" height="3498px"/>
			<graphic mimeType="pdf" url="AM%2016%20fol./140/WEB_DISPLAY"/>
		</surface>
		<surface xml:id="AM02-0016-0071r" n="141">
			<desc>0071r</desc>
			<graphic mimeType="pdf" url="AM%2016%20fol./141/HIGH_QUALITY_DISPLAY"/>
			<graphic mimeType="jpg" url="AM%2016%20fol./141/THUMBNAIL" width="200px" height="281px"/>
			<graphic mimeType="jpg" url="AM%2016%20fol./141/SECONDARY_DISPLAY" width="2488px" height="3496px"/>
			<graphic mimeType="pdf" url="AM%2016%20fol./141/WEB_DISPLAY"/>
		</surface>
		<surface xml:id="AM02-0016-0071v" n="142">
			<desc>0071v</desc>
			<graphic mimeType="pdf" url="AM%2016%20fol./142/HIGH_QUALITY_DISPLAY"/>
			<graphic mimeType="jpg" url="AM%2016%20fol./142/THUMBNAIL" width="200px" height="281px"/>
			<graphic mimeType="jpg" url="AM%2016%20fol./142/SECONDARY_DISPLAY" width="2488px" height="3496px"/>
			<graphic mimeType="pdf" url="AM%2016%20fol./142/WEB_DISPLAY"/>
		</surface>
		<surface xml:id="AM02-0016-0072r" n="143">
			<desc>0072r</desc>
			<graphic mimeType="pdf" url="AM%2016%20fol./143/HIGH_QUALITY_DISPLAY"/>
			<graphic mimeType="jpg" url="AM%2016%20fol./143/THUMBNAIL" width="200px" height="281px"/>
			<graphic mimeType="jpg" url="AM%2016%20fol./143/SECONDARY_DISPLAY" width="2488px" height="3498px"/>
			<graphic mimeType="pdf" url="AM%2016%20fol./143/WEB_DISPLAY"/>
		</surface>
		<surface xml:id="AM02-0016-0072v" n="144">
			<desc>0072v</desc>
			<graphic mimeType="pdf" url="AM%2016%20fol./144/HIGH_QUALITY_DISPLAY"/>
			<graphic mimeType="jpg" url="AM%2016%20fol./144/THUMBNAIL" width="200px" height="281px"/>
			<graphic mimeType="jpg" url="AM%2016%20fol./144/SECONDARY_DISPLAY" width="2488px" height="3496px"/>
			<graphic mimeType="pdf" url="AM%2016%20fol./144/WEB_DISPLAY"/>
		</surface>
		<surface xml:id="AM02-0016-0073r" n="145">
			<desc>0073r</desc>
			<graphic mimeType="pdf" url="AM%2016%20fol./145/HIGH_QUALITY_DISPLAY"/>
			<graphic mimeType="jpg" url="AM%2016%20fol./145/THUMBNAIL" width="200px" height="281px"/>
			<graphic mimeType="jpg" url="AM%2016%20fol./145/SECONDARY_DISPLAY" width="2488px" height="3494px"/>
			<graphic mimeType="pdf" url="AM%2016%20fol./145/WEB_DISPLAY"/>
		</surface>
		<surface xml:id="AM02-0016-0073v" n="146">
			<desc>0073v</desc>
			<graphic mimeType="pdf" url="AM%2016%20fol./146/HIGH_QUALITY_DISPLAY"/>
			<graphic mimeType="jpg" url="AM%2016%20fol./146/THUMBNAIL" width="200px" height="286px"/>
			<graphic mimeType="jpg" url="AM%2016%20fol./146/SECONDARY_DISPLAY" width="2472px" height="3535px"/>
			<graphic mimeType="pdf" url="AM%2016%20fol./146/WEB_DISPLAY"/>
		</surface>
		<surface xml:id="AM02-0016-0074r" n="147">
			<desc>0074r</desc>
			<graphic mimeType="pdf" url="AM%2016%20fol./147/HIGH_QUALITY_DISPLAY"/>
			<graphic mimeType="jpg" url="AM%2016%20fol./147/THUMBNAIL" width="200px" height="286px"/>
			<graphic mimeType="jpg" url="AM%2016%20fol./147/SECONDARY_DISPLAY" width="2472px" height="3532px"/>
			<graphic mimeType="pdf" url="AM%2016%20fol./147/WEB_DISPLAY"/>
		</surface>
		<surface xml:id="AM02-0016-0074v" n="148">
			<desc>0074v</desc>
			<graphic mimeType="pdf" url="AM%2016%20fol./148/HIGH_QUALITY_DISPLAY"/>
			<graphic mimeType="jpg" url="AM%2016%20fol./148/THUMBNAIL" width="200px" height="286px"/>
			<graphic mimeType="jpg" url="AM%2016%20fol./148/SECONDARY_DISPLAY" width="2472px" height="3532px"/>
			<graphic mimeType="pdf" url="AM%2016%20fol./148/WEB_DISPLAY"/>
		</surface>
		<surface xml:id="AM02-0016-0075r" n="149">
			<desc>0075r</desc>
			<graphic mimeType="pdf" url="AM%2016%20fol./149/HIGH_QUALITY_DISPLAY"/>
			<graphic mimeType="jpg" url="AM%2016%20fol./149/THUMBNAIL" width="200px" height="286px"/>
			<graphic mimeType="jpg" url="AM%2016%20fol./149/SECONDARY_DISPLAY" width="2472px" height="3532px"/>
			<graphic mimeType="pdf" url="AM%2016%20fol./149/WEB_DISPLAY"/>
		</surface>
		<surface xml:id="AM02-0016-0075v" n="150">
			<desc>0075v</desc>
			<graphic mimeType="pdf" url="AM%2016%20fol./150/HIGH_QUALITY_DISPLAY"/>
			<graphic mimeType="jpg" url="AM%2016%20fol./150/THUMBNAIL" width="200px" height="286px"/>
			<graphic mimeType="jpg" url="AM%2016%20fol./150/SECONDARY_DISPLAY" width="2472px" height="3537px"/>
			<graphic mimeType="pdf" url="AM%2016%20fol./150/WEB_DISPLAY"/>
		</surface>
		<surface xml:id="AM02-0016-0076r" n="151">
			<desc>0076r</desc>
			<graphic mimeType="pdf" url="AM%2016%20fol./151/HIGH_QUALITY_DISPLAY"/>
			<graphic mimeType="jpg" url="AM%2016%20fol./151/THUMBNAIL" width="200px" height="285px"/>
			<graphic mimeType="jpg" url="AM%2016%20fol./151/SECONDARY_DISPLAY" width="2472px" height="3518px"/>
			<graphic mimeType="pdf" url="AM%2016%20fol./151/WEB_DISPLAY"/>
		</surface>
		<surface xml:id="AM02-0016-0076v" n="152">
			<desc>0076v</desc>
			<graphic mimeType="pdf" url="AM%2016%20fol./152/HIGH_QUALITY_DISPLAY"/>
			<graphic mimeType="jpg" url="AM%2016%20fol./152/THUMBNAIL" width="200px" height="285px"/>
			<graphic mimeType="jpg" url="AM%2016%20fol./152/SECONDARY_DISPLAY" width="2472px" height="3525px"/>
			<graphic mimeType="pdf" url="AM%2016%20fol./152/WEB_DISPLAY"/>
		</surface>
		<surface xml:id="AM02-0016-0077r" n="153">
			<desc>0077r</desc>
			<graphic mimeType="pdf" url="AM%2016%20fol./153/HIGH_QUALITY_DISPLAY"/>
			<graphic mimeType="jpg" url="AM%2016%20fol./153/THUMBNAIL" width="200px" height="285px"/>
			<graphic mimeType="jpg" url="AM%2016%20fol./153/SECONDARY_DISPLAY" width="2472px" height="3526px"/>
			<graphic mimeType="pdf" url="AM%2016%20fol./153/WEB_DISPLAY"/>
		</surface>
		<surface xml:id="AM02-0016-0077v" n="154">
			<desc>0077v</desc>
			<graphic mimeType="pdf" url="AM%2016%20fol./154/HIGH_QUALITY_DISPLAY"/>
			<graphic mimeType="jpg" url="AM%2016%20fol./154/THUMBNAIL" width="200px" height="286px"/>
			<graphic mimeType="jpg" url="AM%2016%20fol./154/SECONDARY_DISPLAY" width="2472px" height="3531px"/>
			<graphic mimeType="pdf" url="AM%2016%20fol./154/WEB_DISPLAY"/>
		</surface>
		<surface xml:id="AM02-0016-0078r" n="155">
			<desc>0078r</desc>
			<graphic mimeType="pdf" url="AM%2016%20fol./155/HIGH_QUALITY_DISPLAY"/>
			<graphic mimeType="jpg" url="AM%2016%20fol./155/THUMBNAIL" width="200px" height="286px"/>
			<graphic mimeType="jpg" url="AM%2016%20fol./155/SECONDARY_DISPLAY" width="2472px" height="3537px"/>
			<graphic mimeType="pdf" url="AM%2016%20fol./155/WEB_DISPLAY"/>
		</surface>
		<surface xml:id="AM02-0016-0078v" n="156">
			<desc>0078v</desc>
			<graphic mimeType="pdf" url="AM%2016%20fol./156/HIGH_QUALITY_DISPLAY"/>
			<graphic mimeType="jpg" url="AM%2016%20fol./156/THUMBNAIL" width="200px" height="286px"/>
			<graphic mimeType="jpg" url="AM%2016%20fol./156/SECONDARY_DISPLAY" width="2472px" height="3533px"/>
			<graphic mimeType="pdf" url="AM%2016%20fol./156/WEB_DISPLAY"/>
		</surface>
		<surface xml:id="AM02-0016-0079r" n="157">
			<desc>0079r</desc>
			<graphic mimeType="pdf" url="AM%2016%20fol./157/HIGH_QUALITY_DISPLAY"/>
			<graphic mimeType="jpg" url="AM%2016%20fol./157/THUMBNAIL" width="200px" height="285px"/>
			<graphic mimeType="jpg" url="AM%2016%20fol./157/SECONDARY_DISPLAY" width="2472px" height="3524px"/>
			<graphic mimeType="pdf" url="AM%2016%20fol./157/WEB_DISPLAY"/>
		</surface>
		<surface xml:id="AM02-0016-0079v" n="158">
			<desc>0079v</desc>
			<graphic mimeType="pdf" url="AM%2016%20fol./158/HIGH_QUALITY_DISPLAY"/>
			<graphic mimeType="jpg" url="AM%2016%20fol./158/THUMBNAIL" width="200px" height="286px"/>
			<graphic mimeType="jpg" url="AM%2016%20fol./158/SECONDARY_DISPLAY" width="2472px" height="3539px"/>
			<graphic mimeType="pdf" url="AM%2016%20fol./158/WEB_DISPLAY"/>
		</surface>
		<surface xml:id="AM02-0016-0080r" n="159">
			<desc>0080r</desc>
			<graphic mimeType="pdf" url="AM%2016%20fol./159/HIGH_QUALITY_DISPLAY"/>
			<graphic mimeType="jpg" url="AM%2016%20fol./159/THUMBNAIL" width="200px" height="286px"/>
			<graphic mimeType="jpg" url="AM%2016%20fol./159/SECONDARY_DISPLAY" width="2472px" height="3539px"/>
			<graphic mimeType="pdf" url="AM%2016%20fol./159/WEB_DISPLAY"/>
		</surface>
		<surface xml:id="AM02-0016-0080v" n="160">
			<desc>0080v</desc>
			<graphic mimeType="pdf" url="AM%2016%20fol./160/HIGH_QUALITY_DISPLAY"/>
			<graphic mimeType="jpg" url="AM%2016%20fol./160/THUMBNAIL" width="200px" height="286px"/>
			<graphic mimeType="jpg" url="AM%2016%20fol./160/SECONDARY_DISPLAY" width="2472px" height="3533px"/>
			<graphic mimeType="pdf" url="AM%2016%20fol./160/WEB_DISPLAY"/>
		</surface>
		<surface xml:id="AM02-0016-0081r" n="161">
			<desc>0081r</desc>
			<graphic mimeType="pdf" url="AM%2016%20fol./161/HIGH_QUALITY_DISPLAY"/>
			<graphic mimeType="jpg" url="AM%2016%20fol./161/THUMBNAIL" width="200px" height="286px"/>
			<graphic mimeType="jpg" url="AM%2016%20fol./161/SECONDARY_DISPLAY" width="2472px" height="3535px"/>
			<graphic mimeType="pdf" url="AM%2016%20fol./161/WEB_DISPLAY"/>
		</surface>
		<surface xml:id="AM02-0016-0081v" n="162">
			<desc>0081v</desc>
			<graphic mimeType="pdf" url="AM%2016%20fol./162/HIGH_QUALITY_DISPLAY"/>
			<graphic mimeType="jpg" url="AM%2016%20fol./162/THUMBNAIL" width="200px" height="286px"/>
			<graphic mimeType="jpg" url="AM%2016%20fol./162/SECONDARY_DISPLAY" width="2472px" height="3534px"/>
			<graphic mimeType="pdf" url="AM%2016%20fol./162/WEB_DISPLAY"/>
		</surface>
		<surface xml:id="AM02-0016-0082r" n="163">
			<desc>0082r</desc>
			<graphic mimeType="pdf" url="AM%2016%20fol./163/HIGH_QUALITY_DISPLAY"/>
			<graphic mimeType="jpg" url="AM%2016%20fol./163/THUMBNAIL" width="200px" height="285px"/>
			<graphic mimeType="jpg" url="AM%2016%20fol./163/SECONDARY_DISPLAY" width="2472px" height="3526px"/>
			<graphic mimeType="pdf" url="AM%2016%20fol./163/WEB_DISPLAY"/>
		</surface>
		<surface xml:id="AM02-0016-0082v" n="164">
			<desc>0082v</desc>
			<graphic mimeType="pdf" url="AM%2016%20fol./164/HIGH_QUALITY_DISPLAY"/>
			<graphic mimeType="jpg" url="AM%2016%20fol./164/THUMBNAIL" width="200px" height="285px"/>
			<graphic mimeType="jpg" url="AM%2016%20fol./164/SECONDARY_DISPLAY" width="2472px" height="3524px"/>
			<graphic mimeType="pdf" url="AM%2016%20fol./164/WEB_DISPLAY"/>
		</surface>
		<surface xml:id="AM02-0016-0083r" n="165">
			<desc>0083r</desc>
			<graphic mimeType="pdf" url="AM%2016%20fol./165/HIGH_QUALITY_DISPLAY"/>
			<graphic mimeType="jpg" url="AM%2016%20fol./165/THUMBNAIL" width="200px" height="285px"/>
			<graphic mimeType="jpg" url="AM%2016%20fol./165/SECONDARY_DISPLAY" width="2472px" height="3528px"/>
			<graphic mimeType="pdf" url="AM%2016%20fol./165/WEB_DISPLAY"/>
		</surface>
		<surface xml:id="AM02-0016-0083v" n="166">
			<desc>0083v</desc>
			<graphic mimeType="pdf" url="AM%2016%20fol./166/HIGH_QUALITY_DISPLAY"/>
			<graphic mimeType="jpg" url="AM%2016%20fol./166/THUMBNAIL" width="200px" height="285px"/>
			<graphic mimeType="jpg" url="AM%2016%20fol./166/SECONDARY_DISPLAY" width="2472px" height="3524px"/>
			<graphic mimeType="pdf" url="AM%2016%20fol./166/WEB_DISPLAY"/>
		</surface>
		<surface xml:id="AM02-0016-0084r" n="167">
			<desc>0084r</desc>
			<graphic mimeType="pdf" url="AM%2016%20fol./167/HIGH_QUALITY_DISPLAY"/>
			<graphic mimeType="jpg" url="AM%2016%20fol./167/THUMBNAIL" width="200px" height="286px"/>
			<graphic mimeType="jpg" url="AM%2016%20fol./167/SECONDARY_DISPLAY" width="2472px" height="3537px"/>
			<graphic mimeType="pdf" url="AM%2016%20fol./167/WEB_DISPLAY"/>
		</surface>
		<surface xml:id="AM02-0016-0084v" n="168">
			<desc>0084v</desc>
			<graphic mimeType="pdf" url="AM%2016%20fol./168/HIGH_QUALITY_DISPLAY"/>
			<graphic mimeType="jpg" url="AM%2016%20fol./168/THUMBNAIL" width="200px" height="286px"/>
			<graphic mimeType="jpg" url="AM%2016%20fol./168/SECONDARY_DISPLAY" width="2472px" height="3532px"/>
			<graphic mimeType="pdf" url="AM%2016%20fol./168/WEB_DISPLAY"/>
		</surface>
		<surface xml:id="AM02-0016-0085r" n="169">
			<desc>0085r</desc>
			<graphic mimeType="pdf" url="AM%2016%20fol./169/HIGH_QUALITY_DISPLAY"/>
			<graphic mimeType="jpg" url="AM%2016%20fol./169/THUMBNAIL" width="200px" height="285px"/>
			<graphic mimeType="jpg" url="AM%2016%20fol./169/SECONDARY_DISPLAY" width="2472px" height="3529px"/>
			<graphic mimeType="pdf" url="AM%2016%20fol./169/WEB_DISPLAY"/>
		</surface>
		<surface xml:id="AM02-0016-0085v" n="170">
			<desc>0085v</desc>
			<graphic mimeType="pdf" url="AM%2016%20fol./170/HIGH_QUALITY_DISPLAY"/>
			<graphic mimeType="jpg" url="AM%2016%20fol./170/THUMBNAIL" width="200px" height="285px"/>
			<graphic mimeType="jpg" url="AM%2016%20fol./170/SECONDARY_DISPLAY" width="2472px" height="3529px"/>
			<graphic mimeType="pdf" url="AM%2016%20fol./170/WEB_DISPLAY"/>
		</surface>
		<surface xml:id="AM02-0016-0086r" n="171">
			<desc>0086r</desc>
			<graphic mimeType="pdf" url="AM%2016%20fol./171/HIGH_QUALITY_DISPLAY"/>
			<graphic mimeType="jpg" url="AM%2016%20fol./171/THUMBNAIL" width="200px" height="286px"/>
			<graphic mimeType="jpg" url="AM%2016%20fol./171/SECONDARY_DISPLAY" width="2472px" height="3530px"/>
			<graphic mimeType="pdf" url="AM%2016%20fol./171/WEB_DISPLAY"/>
		</surface>
		<surface xml:id="AM02-0016-0086v" n="172">
			<desc>0086v</desc>
			<graphic mimeType="pdf" url="AM%2016%20fol./172/HIGH_QUALITY_DISPLAY"/>
			<graphic mimeType="jpg" url="AM%2016%20fol./172/THUMBNAIL" width="200px" height="286px"/>
			<graphic mimeType="jpg" url="AM%2016%20fol./172/SECONDARY_DISPLAY" width="2472px" height="3530px"/>
			<graphic mimeType="pdf" url="AM%2016%20fol./172/WEB_DISPLAY"/>
		</surface>
		<surface xml:id="AM02-0016-0087r" n="173">
			<desc>0087r</desc>
			<graphic mimeType="pdf" url="AM%2016%20fol./173/HIGH_QUALITY_DISPLAY"/>
			<graphic mimeType="jpg" url="AM%2016%20fol./173/THUMBNAIL" width="200px" height="285px"/>
			<graphic mimeType="jpg" url="AM%2016%20fol./173/SECONDARY_DISPLAY" width="2472px" height="3529px"/>
			<graphic mimeType="pdf" url="AM%2016%20fol./173/WEB_DISPLAY"/>
		</surface>
		<surface xml:id="AM02-0016-0087v" n="174">
			<desc>0087v</desc>
			<graphic mimeType="pdf" url="AM%2016%20fol./174/HIGH_QUALITY_DISPLAY"/>
			<graphic mimeType="jpg" url="AM%2016%20fol./174/THUMBNAIL" width="200px" height="286px"/>
			<graphic mimeType="jpg" url="AM%2016%20fol./174/SECONDARY_DISPLAY" width="2472px" height="3531px"/>
			<graphic mimeType="pdf" url="AM%2016%20fol./174/WEB_DISPLAY"/>
		</surface>
		<surface xml:id="AM02-0016-0088r" n="175">
			<desc>0088r</desc>
			<graphic mimeType="pdf" url="AM%2016%20fol./175/HIGH_QUALITY_DISPLAY"/>
			<graphic mimeType="jpg" url="AM%2016%20fol./175/THUMBNAIL" width="200px" height="285px"/>
			<graphic mimeType="jpg" url="AM%2016%20fol./175/SECONDARY_DISPLAY" width="2472px" height="3520px"/>
			<graphic mimeType="pdf" url="AM%2016%20fol./175/WEB_DISPLAY"/>
		</surface>
		<surface xml:id="AM02-0016-9999v-RB" n="176">
			<desc>9999v-RB</desc>
			<graphic mimeType="pdf" url="AM%2016%20fol./176/HIGH_QUALITY_DISPLAY"/>
			<graphic mimeType="jpg" url="AM%2016%20fol./176/THUMBNAIL" width="200px" height="282px"/>
			<graphic mimeType="jpg" url="AM%2016%20fol./176/SECONDARY_DISPLAY" width="2031px" height="2866px"/>
			<graphic mimeType="pdf" url="AM%2016%20fol./176/WEB_DISPLAY"/>
		</surface>
		<surface xml:id="AM02-0016-accMat01r" n="177">
			<desc>accMat01r</desc>
			<graphic mimeType="pdf" url="AM%2016%20fol./177/HIGH_QUALITY_DISPLAY"/>
			<graphic mimeType="jpg" url="AM%2016%20fol./177/THUMBNAIL" width="200px" height="281px"/>
			<graphic mimeType="jpg" url="AM%2016%20fol./177/SECONDARY_DISPLAY" width="2488px" height="3497px"/>
			<graphic mimeType="pdf" url="AM%2016%20fol./177/WEB_DISPLAY"/>
		</surface>
		<surface xml:id="AM02-0016-accMat01v" n="178">
			<desc>accMat01v</desc>
			<graphic mimeType="pdf" url="AM%2016%20fol./178/HIGH_QUALITY_DISPLAY"/>
			<graphic mimeType="jpg" url="AM%2016%20fol./178/THUMBNAIL" width="200px" height="282px"/>
			<graphic mimeType="jpg" url="AM%2016%20fol./178/SECONDARY_DISPLAY" width="2480px" height="3495px"/>
			<graphic mimeType="pdf" url="AM%2016%20fol./178/WEB_DISPLAY"/>
		</surface>
	</facsimile>
</TEI>