<?xml version="1.0" encoding="UTF-8"?>
<TEI xmlns="http://www.tei-c.org/ns/1.0">

   <teiHeader>
      <fileDesc>

         <titleStmt>

            <title>Handritaskrá Árnastofnunar</title>



         </titleStmt>

         <publicationStmt>
            <p>Tilraunaútgáfa</p>
         </publicationStmt>

         <sourceDesc>
            <msDesc xml:lang="is" xml:id="AM02-0162A-epsilon-is">

               <msIdentifier n="KK198">

                  <country>Ísland</country>

                  <settlement>Reykjavík</settlement>

                  <repository>Stofnun Árna Magnússonar</repository>

                  <idno>AM 162 A epsilon fol.</idno>

               </msIdentifier>


               <head>
                  <title type="uniform">Egils saga Skallagrímssonar</title>
                  <origPlace>Ísland</origPlace>
                  <origDate notBefore="1390" notAfter="1410" evidence="external">s.
                     XIV/XV</origDate>
                  <note>Í safni brota úr tíu handritum.</note>
               </head>


               <msContents>
                  <textLang mainLang="is">Íslenska</textLang>

                  <msItem defective="true" class="isl">

                     <title type="uniform">Egils saga Skallagrímssonar</title>

                     <note>Þrjú brot.</note>


                     <msItem n="1" defective="true" class="isl">

                        <locus from="1r" to="1v">1r-1v</locus>

                        <incipit type="def">[Yn]gvar þekktist það …</incipit>

                        <explicit type="def">… Þó skal nú við ganga …</explicit>

                     </msItem>


                     <msItem n="2" defective="true" class="isl">

                        <locus from="2r" to="2v">2r-2v</locus>

                        <incipit type="def">… þeim endanum er logandi var …</incipit>

                        <explicit type="def">… þeir drukku fyrst sveitar … </explicit>

                     </msItem>


                     <msItem n="3" defective="true" class="isl">

                        <locus from="3r" to="3v">3r-3v</locus>

                        <incipit type="def">… Egill er engi ertinga maður …</incipit>

                        <explicit type="def">… Bar ek þengils lof of þagnar 00 af jötuns fægi …</explicit>

                        <note>Í 18.-19. vísu <title type="uniform">Höfuðlausnar</title>.</note>
                     </msItem>

                  </msItem>

               </msContents>


               <physDesc>
                  <objectDesc form="codex">
                     <supportDesc material="perg">
                        <support>Skinn.</support>
                        <extent>3 blöð (<dimensions type="leaf" scope="all">
                              <height>220</height>
                              <width>162</width>
                           </dimensions>).</extent>
                        <foliation>
                           <p/>
                        </foliation>
                        <collation>
                           <p/>
                        </collation>
                        <condition>
                           <p>
                              <list>

                                 <item n="1">Öll blöðin virðast hafa verið notuð til
                                    bókbands.</item>

                                 <item n="2">Bl. <locus from="3v" to="3v">3v</locus> er mjög máð og illlæsilegt.</item>

                              </list>
                           </p>
                        </condition>
                     </supportDesc>
                     <layoutDesc>
                        <layout columns="1">
                           <p/>
                        </layout>
                     </layoutDesc>
                  </objectDesc>
                  <handDesc>
                     <p/>
                  </handDesc>
                  <decoDesc>

                     <decoNote type="secondary" subtype="rubric">
                        <p>Eyður fyrir fyrirsagnir.</p>
                     </decoNote>

                     <decoNote type="secondary" subtype="initial">
                        <p>Eyður fyrir upphafsstafi.</p>
                     </decoNote>

                  </decoDesc>
                  <additions>
                     <p>
                        <list>

                           <item n="1">Neðst til hægri á bl. <locus from="1r" to="1r">1r</locus> með unglegri hendi: <q>úr Egils sögu</q>.</item>

                           <item n="2">Efst til hægri á bl. <locus from="3r" to="3r">3r</locus>: <q>úr Egils sögu Skallagríms sonar</q>.</item>

                        </list>
                     </p>
                  </additions>
                  <bindingDesc>
                     <binding notBefore="1995" notAfter="1995" contemporary="unknown">
                        <p>Band frá 1995. Pappakápa, bl. fest á móttök inn í japanpappír.</p>
                     </binding>
                  </bindingDesc>
                  <accMat>Fastur <locus from="accMat01r" to="accMat01v">seðill</locus> (<dimensions
                        type="slip" unit="mm">
                        <height>165</height>
                        <width>102</width>
                     </dimensions>) fremst með hendi <name key="ArnMag001" type="person">Árna
                        Magnússonar</name>: <quote>Frá séra Snorra Jónssyni 1721 er úr Egils sögu
                        Skallagrímssonar.</quote>
                     <p>Athugagrein eftir <name key="GudVig001" type="person">Guðbrand
                           Vigfússon</name> er telur að þessi blöð séu úr handriti því sem séra
                        <name key="KetJor001" type="person">Ketill Jörundsson</name> notaði þegar
                        hann skrifaði <ref>AM 453 4to</ref>.</p>
                  </accMat>
               </physDesc>


               <history>

                  <origin notBefore="1390" notAfter="1410">
                     <p>Blöðin eru tímasett um 1400 í <bibl>
                           <ref target="KKKat">Katalog I</ref>
                        </bibl>, bls. 115 (sjá einnig <bibl>
                           <ref xml:id="ONPregistre" target="ONPregistre">ONPRegistre</ref>
                        </bibl>, bls. 434).</p>
                  </origin>

                  <provenance>
                     <p/>
                  </provenance>

                  <acquisition notBefore="1996-09-19" notAfter="1996-09-19">
                     <p>Stofnun Árna Magnússonar á Íslandi tók við handritinu 19. september
                        1996.</p>
                  </acquisition>

               </history>


               <additional>

                  <adminInfo>

                     <recordHist>
                        <source>
                           <p>Tekið eftir <bibl>
                                 <ref target="KKKat">Katalog I</ref>
                              </bibl>, bls. 114-17 (nr. 198). <name key="KriKaa001" type="person"
                                 >Kålund</name> gekk frá handritinu til skráningar í <date
                                 when="1885-12">desember 1885</date>. <name key="HarBer001"
                                 type="person">Haraldur Bernharðsson</name> tölvuskráði í <date
                                 when="2001-02">febrúar 2001</date>.</p> <p><name type="person" key="ThoSig001">ÞS</name> lagfærði lítillega <date when="2020-03-17">17. mars 2020</date>.</p>
                        </source>

                     </recordHist>

                     <custodialHist>

                        <custEvent type="conservation" notBefore="1995" notAfter="1995">
                           <p>Gert við og bundið í Kaupmannahöfn í júní til nóvember 1995. Í öskju
                              með brotum úr níu öðrum handritum. Með fylgdi nákvæm lýsing á
                              viðgerðum og ljósmyndun.</p>
                        </custEvent>

                     </custodialHist>

                  </adminInfo>


                  <surrogates>
                     <p>
                        <list>

                           <item n="1">Stafrænar myndir á www.sagnanet.is.</item>

                           <item n="2">Svart-hvítar ljósmyndir á Det Arnamagnæanske Institut í
                              Kaupmannahöfn.</item>

                           <item n="3">Svart-hvítar ljósmyndir á Stofnun Árna Magnússonar
                              á Íslandi.</item>

                        </list>
                     </p>
                  </surrogates>
                  
                  <listBibl>
                     <bibl>Hreinn Benediktsson 2002, <ref target="HreBen2002a">Linguistic studies, historical and comparative</ref></bibl>
                     <bibl>Lethbridge, E. 2014, <ref target="EmiLet2014b">„Hvorki glansar gull á mér/né glæstir stafir í línum“.</ref></bibl>
                     <bibl>Ólafur Halldórsson 2006, <ref target="ÓlaHal2006b">Hjalarinn</ref></bibl>
                     <bibl>Tarsi, M. 2019, <ref target="MatTar2019a">Instances of loanword/native word textual variation in the manuscript transmission of Egils saga Skallagrímssonar 
                        and Gísla saga Súrssonar</ref></bibl>
                  </listBibl>



                  <!-- &#218;r <accMat>&#160;&#237; heildarf&#230;rslu (sem var eytt &#254;egar hvert brot (<msPart>) var sett &#237; s&#233;r skjal 22. n&#243;v. 2001 - DK&#222;):
      <name type="person" key="ArnMag001">&#193;rni
      Magn&#250;sson</name>

      segir &#237; handritaskr&#225;nni &#237; 
      <msIdentifier>AM 435 a 4to</msIdentifier>

      , bl. 78v ( 
      <ref target="">H&#229;ndskriftfortegnelser</ref>

      , bls. 28) og g&#230;ti &#225;tt vi&#240; eitthva&#240; af
      brotunum h&#233;r: 
      <q>Ur Eigils S&#246;gu Skallagrims sonar fragment lited.
      4to.</q> 

      (&THORN;a&eth; sem &Aacute;rni skrifar er a&eth; mestu leyti &iacute; Katalog, en se&eth;lum
      er &oacute;sk&yacute;rlega ra&eth;a&eth; me&eth; lj&oacute;smyndum og &thorn;arf &thorn;v&iacute; a&eth; fara vel
      yfir &thorn;etta &thorn;egar handritin ver&eth;a sko&eth;u&eth; (MJ 9.12.96).)

      <p>Fj&#246;gur papp&#237;rsbl&#246;&#240;&#160;&#237; kvart&#243;,
      sem &#237; handritskr&#225; 
      <name type="person" key="JonSig01">J&#243;ns
      Sigur&#240;ssonar</name>

      eru f&#230;r&#240; undir &#8747;, vantar n&#250;. &#193;
      &#254;eim voru uppskriftir af &#177;-&amp;thetas;.
      Samkv&#230;mt s&#246;mu skr&#225; heyr&#240;i h&#233;r einnig
      til 
      <q>Draumsvitran</q>

      um Egil, sbr. 
      <ref target="Edda1880">Snorra Edda III, 1, Hafni&#230;
      1880</ref>

      , bls. 441.</p> -->


                  <!-- &#218;r heildarf&#230;rslu:
    <listBibl>
      <bibl>
      <ref target="Egil1809">Egils saga, Havni&#230; 1809</ref>

      . 
      <note>&#205;&#160;&#254;essari &#250;tg&#225;fu eru brotin nefnd
      svo: &#177; = F (2), &#8804; = G (1), &#8805; = E (3), &#165;
      = D (4), &amp;epsi; = I (6);&#160;&#8706; = C (5), &#8721; = H
      (7);&#160;&amp;thetas; = K (8). Sj&#225; n&#225;nar um brotin
      &#225; bls. XIII og bls. XV og &#225;fram. &#205;
      &#254;essari &#250;tg&#225;fu eru og myndir af &amp;thetas;
      (tab. 1; og ranglega v&#237;sa&#240; til &#254;ess sem nr.
      160), &#177;, &#8804;, &#8805;, og &#165; (tab. 3).</note>
      </bibl>

      <bibl>
      <ref target="AntR">Ant. Russes II</ref>

      , bls. 248</bibl>

      <bibl>
      <ref target="CorpPBor">Corpus poet. bor. I</ref>

      , bls. 267 
      <note>H&#246;fu&#240;lausn</note>
      </bibl>
    </listBibl> -->


               </additional>

            </msDesc>
         </sourceDesc>

      </fileDesc>
      <profileDesc> </profileDesc>
   </teiHeader>

   <text>

      <body>

         <p/>
      </body>

   </text>

</TEI>
