<?xml version="1.0" encoding="UTF-8"?>
<?oxygen RNGSchema="http://www.handrit.is/schema/handrit-1.0.rnc" type="compact"?>
<TEI xmlns="http://www.tei-c.org/ns/1.0">
   <teiHeader>
      <fileDesc>
         <titleStmt>
            <title>Handritaskrá Árnastofnunar</title>
         </titleStmt>
         <publicationStmt>
            <p>Tilraunaútgáfa</p>
         </publicationStmt>
         <sourceDesc>
            <msDesc xml:lang="is" xml:id="AM02-0157e-is">
               <msIdentifier>
                  <country key="IS">Ísland</country>
                  <settlement>Reykjavík</settlement>
                  <institution>Stofnun Árna Magnússonar í íslenskum fræðum</institution>
                  <repository>Handritasvið</repository>
                  <collection>Safn Árna Magnússonar</collection>
                  <idno>AM 157 e fol.</idno>
                  <altIdentifier type="internal" subtype="KKKat">
                     <idno>190</idno>
                  </altIdentifier>
               </msIdentifier>
              
               <!-- Not:
              Hrafnkels saga, Kbh. 1839; Ant. Russes II, 261. 
               Marold, Edidt. Uberlegungen (u með tveimur deplum) zum Problem der Emendationen am Beispiel der Verse von Björn Hítdælakappi. Skandinavistik. 2002; 32 (1): 39-56.
               Widding, Ole. Haandskriftanalyser. Opuscula. 1961; 2 (Bibliotheca Arnamagnæana; 25) (1): 65-75.-->
               <msContents>
               	<textLang mainLang="is">Íslenska</textLang>
                  <msItem defective="false" class="isl">
                     <locus from="1r" facs="#AM02-0157e-0001r" to="14v">1r-14v (bls. 1-28)</locus>
                     <title type="uniform">Hrafnkels saga Freysgoða</title>
             
                     <rubric>Sagan af Hrafnkeli goða, syni Hallfreðs landnámsmanns</rubric>
                     <incipit>Það var á dögum Haralds konungs hins hárfagra, Halfdanarsonar hins
                        svarta …</incipit>
                     <explicit>… áttu þeir goðorðið saman og þóttu miklir menn fyrir sér og lýkur hér
                        frá Hrafnkeli að segja.</explicit>
                  </msItem>
               </msContents>

               <physDesc>
                  <objectDesc form="codex">
                     <supportDesc material="chart">
                        <support>Pappír.</support>
                        <extent>14 blöð (<dimensions type="leaf" unit="mm" scope="all">
                              <height>316</height>
                              <width>202</width>
                           </dimensions>).</extent>

                        <foliation>
                           <p>
                              <list>
                                 <item>Upprunaleg blaðsíðumerking: 1-28.</item>
                                 <item>Síðari tíma blaðmerking með rauðu bleki: 1-14.</item>
                              </list>
                           </p>
                        </foliation>


                     </supportDesc>
                     <layoutDesc>
                        <layout columns="1" writtenLines="29 31">
                           <p>
                              <list>
                                 <item>Eindálka.</item><item> Leturflötur er ca <dimensions type="leaf" unit="mm">
                                       <height>265</height>
                                       <width>145</width>
                                    </dimensions>.</item>
                                 <item>Línufjöldi er ca 29-31.</item>
                                 <item>Markað hefur verið fyrir innri og ytri spássíu blaða.</item>
                                 <item>
                                    <catchwords>Griporð á blaði <locus from="8v" facs="#AM02-0157e-0008v" to="8v">8v</locus>.</catchwords>
                                 </item>
                              </list>
                           </p>
                        </layout>
                     </layoutDesc>
                  </objectDesc>

                  <handDesc hands="1">
                     <handNote scribe="AsgJon001" script="other" scope="major">Með hendi <name type="person" key="AsgJon001">Ásgeirs
                              Jónssonar</name>; kansellískrift.</handNote>
                  </handDesc>

                  <additions>
                     <p>
                        <list>
                        	<item>Spássíutilvísanir (sbr. <locus from="8v" facs="#AM02-0157e-0008v" to="9r">8v-9r</locus>).
                           </item>
                        </list>
                     </p>
                  </additions>

                  <bindingDesc>
                     <binding notBefore="1772" notAfter="1780" contemporary="false">
                        <p>Pappaband (<dimensions type="binding">
                              <height>319</height>
                              <width>206</width>
                              <depth>6</depth>
                           </dimensions>) er frá 1772-1780. Blár safnmarksmiði á kili.</p>
                        <p>
                            Innanverð spjaldblöð eru klædd blöðum úr prentaðri bók. 
                        </p>
                     </binding>
                  </bindingDesc>

                  <accMat>
                     <p>
                        <list>
                           <item>Miði með upplýsingum um forvörslu.</item>
                        </list>
                     </p>
                  </accMat>
               </physDesc>

               <history>
                  <origin notBefore="1690" notAfter="1697">
                  	<p> Handritið var skrifað í <origPlace key="NO">Noregi
                  		(Stangarlandi)</origPlace> og er tímasett frá <origDate notBefore="1690" notAfter="1697">ársbyrjun 1690 til vors
                  			1697</origDate> í umfjöllun <name type="person">Más Jónssonar</name>
                  		um skrifarann Ásgeir Jónsson (sbr. <ref>
                  			<bibl>Már Jónsson 2009: 282-297</bibl>
                  		</ref>). Það er tímasett til um 1700 í <bibl>
                                 <ref target="KKKat">Katalog I</ref>
                              </bibl>, bls. 110, en virkt skriftartímabil skrifara var ca 1686-1707.</p>
                           <p>Handritið er uppskrift eftir pappírshandriti sem var í eigu <name key="ThoTor001" type="person">Þormóðs Torfasonar</name> (sbr. <ref target="AM04-0435b" type="ms">AM 435 b 4to</ref>, blað <locus from="7r" facs="#AM02-0157e-0007r" to="7r"> 7r</locus>). </p>
                           <p>Það var áður hluti af stærri bók sem innihélt einnig <ref target="AM02-0149" type="ms">AM 149 fol.</ref>, <ref target="AM02-0157g" type="ms">AM 157 g fol.</ref>, <ref target="AM02-0157a" type="ms">AM 157 a fol.</ref>, <ref target="AM02-0154" type="ms">AM 154 fol.</ref>, <ref target="AM02-0157c" type="ms">AM 157 c fol.</ref>, <ref target="AM02-0140" type="ms">AM 140 fol.</ref>, <ref target="AM02-0164k" type="ms">AM 164 k fol.</ref>, <ref target="AM02-0150" type="ms">AM 150 fol.</ref>, <ref target="AM04-0770a" type="ms">AM 770 a 4to</ref> og <ref target="AM02-0157d" type="ms">AM 157 d fol.</ref> (sbr. <ref target="AM04-0435b" type="ms">AM 435 b 4to</ref>, blað 6v-7r).
                           </p>
                      
                  </origin>

                  <provenance>
                     <p>
                     Bókin sem handritið tilheyrði var nr. XIV fol. í safni <name key="ThoTor001" type="person">Þormóðs Torfasonar</name>. <name key="ArnMag001" type="person">Árni Magnússon</name> fékk hana frá
                              ekkju Þormóðs árið <date when="1720">1720</date> og tók í sundur
                                 (sbr.<ref target="AM04-0435b" type="ms">AM 435 b 4to</ref>, blað
                              6v-7r).
                     </p>
                  </provenance>

                  <acquisition notBefore="1993-12-10" notAfter="1993-12-10">
                     <p>Stofnun Árna Magnússonar á Íslandi tók við handritinu 10. desember 1993.</p>
                  </acquisition>
               </history>
               <additional>
                  <adminInfo>
                     <recordHist>

                        <source>
                           <p>
                           	<name key="KriKaa001" type="person">Kålund</name> gekk frá
                           	handritinu til skráningar <date when="1885-12-03">3. desember
                           		1885</date>,
                           	<bibl>
                           		<ref target="KKKat">Katalog I; </ref>
                           	</bibl>bls. 110 (nr. 190),
                           	<name key="DriThr001" type="person">DKÞ</name> grunnskráði <date when="2001-10-01">1. október 2001</date>,
                         
                                    <name type="person" key="ValHil001">VH</name> skráði handritið
                                    samkvæmt TEIP5 reglum <date when="2008-12-02"> 2. desember
                                    	2008</date>; lagfærði í <date when="2010-11">nóvember 2010</date>.
                           
                                    
                                
                           </p>
                        </source>



                     </recordHist>
                     <custodialHist>
                        <custEvent type="conservation" notBefore="1993" notAfter="1993">
                           <p>Viðgert af <name key="" type="person">Mette Jacobsen</name> í
                              október-nóvember 1993.</p>
                        </custEvent>
                        <custEvent type="conservation" notBefore="1974" notAfter="1974">
                           <p>Viðgert af <name key="BirDal001" type="person">Birgitte Dall</name> í
                              mars 1974.</p>
                        </custEvent>
                        <custEvent type="conservation" notBefore="1772" notAfter="1780">
                           <p>Bundið af <name key="MatBlo001" type="person">Matthiasi Larsen
                              Bloch</name> á árunum 1772-1780.</p>
                        </custEvent>

                     </custodialHist>
                  </adminInfo>
                  <surrogates>
                     <p>
                        <list>
                           <item>Stafrænar myndir á www.sagnanet.is.</item>
                           <item>Svart-hvítar ljósmyndir á Det Arnamagnæanske Institut í
                              Kaupmannahöfn.</item>
                        </list>
                     </p>
                  </surrogates>
                  <listBibl>
                  	<bibl>Már Jónsson 2009, <ref target="MárJón2009">Skrifarinn Ásgeir Jónsson frá Gullberaströnd í Lundarreykjadal</ref></bibl>
                  </listBibl>
               </additional>
            </msDesc>
         </sourceDesc>
      </fileDesc>
      <revisionDesc>
         <change when="2008-10" who="#EriHas01">Migrated from MASTER to P5</change>
      </revisionDesc>
   </teiHeader>
	<facsimile xml:base="https://myndir.handrit.is/file/Handrit.is/">
		<surface xml:id="AM02-0157e-0000r-FB" n="0">
			<desc>0000r-FB</desc>
			<graphic mimeType="pdf" url="AM%20157%20e%20fol/0/HIGH_QUALITY_DISPLAY"/>
			<graphic mimeType="jpg" url="AM%20157%20e%20fol/0/THUMBNAIL" width="199px" height="300px"/>
			<graphic mimeType="jpg" url="AM%20157%20e%20fol/0/SECONDARY_DISPLAY" width="2048px" height="3088px"/>
			<graphic mimeType="pdf" url="AM%20157%20e%20fol/0/WEB_DISPLAY"/>
		</surface>
		<surface xml:id="AM02-0157e-0000v-FB" n="1">
			<desc>0000v-FB</desc>
			<graphic mimeType="pdf" url="AM%20157%20e%20fol/1/HIGH_QUALITY_DISPLAY"/>
			<graphic mimeType="jpg" url="AM%20157%20e%20fol/1/THUMBNAIL" width="197px" height="300px"/>
			<graphic mimeType="jpg" url="AM%20157%20e%20fol/1/SECONDARY_DISPLAY" width="2043px" height="3104px"/>
			<graphic mimeType="pdf" url="AM%20157%20e%20fol/1/WEB_DISPLAY"/>
		</surface>
		<surface xml:id="AM02-0157e-0001r" n="2">
			<desc>0001r</desc>
			<graphic mimeType="pdf" url="AM%20157%20e%20fol/2/HIGH_QUALITY_DISPLAY"/>
			<graphic mimeType="jpg" url="AM%20157%20e%20fol/2/THUMBNAIL" width="197px" height="300px"/>
			<graphic mimeType="jpg" url="AM%20157%20e%20fol/2/SECONDARY_DISPLAY" width="2043px" height="3104px"/>
			<graphic mimeType="pdf" url="AM%20157%20e%20fol/2/WEB_DISPLAY"/>
		</surface>
		<surface xml:id="AM02-0157e-0001v" n="3">
			<desc>0001v</desc>
			<graphic mimeType="pdf" url="AM%20157%20e%20fol/3/HIGH_QUALITY_DISPLAY"/>
			<graphic mimeType="jpg" url="AM%20157%20e%20fol/3/THUMBNAIL" width="197px" height="300px"/>
			<graphic mimeType="jpg" url="AM%20157%20e%20fol/3/SECONDARY_DISPLAY" width="2019px" height="3080px"/>
			<graphic mimeType="pdf" url="AM%20157%20e%20fol/3/WEB_DISPLAY"/>
		</surface>
		<surface xml:id="AM02-0157e-0002r" n="4">
			<desc>0002r</desc>
			<graphic mimeType="pdf" url="AM%20157%20e%20fol/4/HIGH_QUALITY_DISPLAY"/>
			<graphic mimeType="jpg" url="AM%20157%20e%20fol/4/THUMBNAIL" width="197px" height="300px"/>
			<graphic mimeType="jpg" url="AM%20157%20e%20fol/4/SECONDARY_DISPLAY" width="2019px" height="3080px"/>
			<graphic mimeType="pdf" url="AM%20157%20e%20fol/4/WEB_DISPLAY"/>
		</surface>
		<surface xml:id="AM02-0157e-0002v" n="5">
			<desc>0002v</desc>
			<graphic mimeType="pdf" url="AM%20157%20e%20fol/5/HIGH_QUALITY_DISPLAY"/>
			<graphic mimeType="jpg" url="AM%20157%20e%20fol/5/THUMBNAIL" width="196px" height="300px"/>
			<graphic mimeType="jpg" url="AM%20157%20e%20fol/5/SECONDARY_DISPLAY" width="2019px" height="3088px"/>
			<graphic mimeType="pdf" url="AM%20157%20e%20fol/5/WEB_DISPLAY"/>
		</surface>
		<surface xml:id="AM02-0157e-0003r" n="6">
			<desc>0003r</desc>
			<graphic mimeType="pdf" url="AM%20157%20e%20fol/6/HIGH_QUALITY_DISPLAY"/>
			<graphic mimeType="jpg" url="AM%20157%20e%20fol/6/THUMBNAIL" width="196px" height="300px"/>
			<graphic mimeType="jpg" url="AM%20157%20e%20fol/6/SECONDARY_DISPLAY" width="2019px" height="3088px"/>
			<graphic mimeType="pdf" url="AM%20157%20e%20fol/6/WEB_DISPLAY"/>
		</surface>
		<surface xml:id="AM02-0157e-0003v" n="7">
			<desc>0003v</desc>
			<graphic mimeType="pdf" url="AM%20157%20e%20fol/7/HIGH_QUALITY_DISPLAY"/>
			<graphic mimeType="jpg" url="AM%20157%20e%20fol/7/THUMBNAIL" width="197px" height="300px"/>
			<graphic mimeType="jpg" url="AM%20157%20e%20fol/7/SECONDARY_DISPLAY" width="2019px" height="3080px"/>
			<graphic mimeType="pdf" url="AM%20157%20e%20fol/7/WEB_DISPLAY"/>
		</surface>
		<surface xml:id="AM02-0157e-0004r" n="8">
			<desc>0004r</desc>
			<graphic mimeType="pdf" url="AM%20157%20e%20fol/8/HIGH_QUALITY_DISPLAY"/>
			<graphic mimeType="jpg" url="AM%20157%20e%20fol/8/THUMBNAIL" width="197px" height="300px"/>
			<graphic mimeType="jpg" url="AM%20157%20e%20fol/8/SECONDARY_DISPLAY" width="2019px" height="3080px"/>
			<graphic mimeType="pdf" url="AM%20157%20e%20fol/8/WEB_DISPLAY"/>
		</surface>
		<surface xml:id="AM02-0157e-0004v" n="9">
			<desc>0004v</desc>
			<graphic mimeType="pdf" url="AM%20157%20e%20fol/9/HIGH_QUALITY_DISPLAY"/>
			<graphic mimeType="jpg" url="AM%20157%20e%20fol/9/THUMBNAIL" width="195px" height="300px"/>
			<graphic mimeType="jpg" url="AM%20157%20e%20fol/9/SECONDARY_DISPLAY" width="2015px" height="3104px"/>
			<graphic mimeType="pdf" url="AM%20157%20e%20fol/9/WEB_DISPLAY"/>
		</surface>
		<surface xml:id="AM02-0157e-0005r" n="10">
			<desc>0005r</desc>
			<graphic mimeType="pdf" url="AM%20157%20e%20fol/10/HIGH_QUALITY_DISPLAY"/>
			<graphic mimeType="jpg" url="AM%20157%20e%20fol/10/THUMBNAIL" width="195px" height="300px"/>
			<graphic mimeType="jpg" url="AM%20157%20e%20fol/10/SECONDARY_DISPLAY" width="2015px" height="3104px"/>
			<graphic mimeType="pdf" url="AM%20157%20e%20fol/10/WEB_DISPLAY"/>
		</surface>
		<surface xml:id="AM02-0157e-0005v" n="11">
			<desc>0005v</desc>
			<graphic mimeType="pdf" url="AM%20157%20e%20fol/11/HIGH_QUALITY_DISPLAY"/>
			<graphic mimeType="jpg" url="AM%20157%20e%20fol/11/THUMBNAIL" width="197px" height="300px"/>
			<graphic mimeType="jpg" url="AM%20157%20e%20fol/11/SECONDARY_DISPLAY" width="2019px" height="3080px"/>
			<graphic mimeType="pdf" url="AM%20157%20e%20fol/11/WEB_DISPLAY"/>
		</surface>
		<surface xml:id="AM02-0157e-0006r" n="12">
			<desc>0006r</desc>
			<graphic mimeType="pdf" url="AM%20157%20e%20fol/12/HIGH_QUALITY_DISPLAY"/>
			<graphic mimeType="jpg" url="AM%20157%20e%20fol/12/THUMBNAIL" width="197px" height="300px"/>
			<graphic mimeType="jpg" url="AM%20157%20e%20fol/12/SECONDARY_DISPLAY" width="2019px" height="3080px"/>
			<graphic mimeType="pdf" url="AM%20157%20e%20fol/12/WEB_DISPLAY"/>
		</surface>
		<surface xml:id="AM02-0157e-0006v" n="13">
			<desc>0006v</desc>
			<graphic mimeType="pdf" url="AM%20157%20e%20fol/13/HIGH_QUALITY_DISPLAY"/>
			<graphic mimeType="jpg" url="AM%20157%20e%20fol/13/THUMBNAIL" width="195px" height="300px"/>
			<graphic mimeType="jpg" url="AM%20157%20e%20fol/13/SECONDARY_DISPLAY" width="2015px" height="3104px"/>
			<graphic mimeType="pdf" url="AM%20157%20e%20fol/13/WEB_DISPLAY"/>
		</surface>
		<surface xml:id="AM02-0157e-0007r" n="14">
			<desc>0007r</desc>
			<graphic mimeType="pdf" url="AM%20157%20e%20fol/14/HIGH_QUALITY_DISPLAY"/>
			<graphic mimeType="jpg" url="AM%20157%20e%20fol/14/THUMBNAIL" width="195px" height="300px"/>
			<graphic mimeType="jpg" url="AM%20157%20e%20fol/14/SECONDARY_DISPLAY" width="2015px" height="3104px"/>
			<graphic mimeType="pdf" url="AM%20157%20e%20fol/14/WEB_DISPLAY"/>
		</surface>
		<surface xml:id="AM02-0157e-0007v" n="15">
			<desc>0007v</desc>
			<graphic mimeType="pdf" url="AM%20157%20e%20fol/15/HIGH_QUALITY_DISPLAY"/>
			<graphic mimeType="jpg" url="AM%20157%20e%20fol/15/THUMBNAIL" width="197px" height="300px"/>
			<graphic mimeType="jpg" url="AM%20157%20e%20fol/15/SECONDARY_DISPLAY" width="2019px" height="3080px"/>
			<graphic mimeType="pdf" url="AM%20157%20e%20fol/15/WEB_DISPLAY"/>
		</surface>
		<surface xml:id="AM02-0157e-0008r" n="16">
			<desc>0008r</desc>
			<graphic mimeType="pdf" url="AM%20157%20e%20fol/16/HIGH_QUALITY_DISPLAY"/>
			<graphic mimeType="jpg" url="AM%20157%20e%20fol/16/THUMBNAIL" width="197px" height="300px"/>
			<graphic mimeType="jpg" url="AM%20157%20e%20fol/16/SECONDARY_DISPLAY" width="2019px" height="3080px"/>
			<graphic mimeType="pdf" url="AM%20157%20e%20fol/16/WEB_DISPLAY"/>
		</surface>
		<surface xml:id="AM02-0157e-0008v" n="17">
			<desc>0008v</desc>
			<graphic mimeType="pdf" url="AM%20157%20e%20fol/17/HIGH_QUALITY_DISPLAY"/>
			<graphic mimeType="jpg" url="AM%20157%20e%20fol/17/THUMBNAIL" width="195px" height="300px"/>
			<graphic mimeType="jpg" url="AM%20157%20e%20fol/17/SECONDARY_DISPLAY" width="2015px" height="3104px"/>
			<graphic mimeType="pdf" url="AM%20157%20e%20fol/17/WEB_DISPLAY"/>
		</surface>
		<surface xml:id="AM02-0157e-0009r" n="18">
			<desc>0009r</desc>
			<graphic mimeType="pdf" url="AM%20157%20e%20fol/18/HIGH_QUALITY_DISPLAY"/>
			<graphic mimeType="jpg" url="AM%20157%20e%20fol/18/THUMBNAIL" width="195px" height="300px"/>
			<graphic mimeType="jpg" url="AM%20157%20e%20fol/18/SECONDARY_DISPLAY" width="2015px" height="3104px"/>
			<graphic mimeType="pdf" url="AM%20157%20e%20fol/18/WEB_DISPLAY"/>
		</surface>
		<surface xml:id="AM02-0157e-0009v" n="19">
			<desc>0009v</desc>
			<graphic mimeType="pdf" url="AM%20157%20e%20fol/19/HIGH_QUALITY_DISPLAY"/>
			<graphic mimeType="jpg" url="AM%20157%20e%20fol/19/THUMBNAIL" width="192px" height="300px"/>
			<graphic mimeType="jpg" url="AM%20157%20e%20fol/19/SECONDARY_DISPLAY" width="1975px" height="3080px"/>
			<graphic mimeType="pdf" url="AM%20157%20e%20fol/19/WEB_DISPLAY"/>
		</surface>
		<surface xml:id="AM02-0157e-0010r" n="20">
			<desc>0010r</desc>
			<graphic mimeType="pdf" url="AM%20157%20e%20fol/20/HIGH_QUALITY_DISPLAY"/>
			<graphic mimeType="jpg" url="AM%20157%20e%20fol/20/THUMBNAIL" width="192px" height="300px"/>
			<graphic mimeType="jpg" url="AM%20157%20e%20fol/20/SECONDARY_DISPLAY" width="1975px" height="3080px"/>
			<graphic mimeType="pdf" url="AM%20157%20e%20fol/20/WEB_DISPLAY"/>
		</surface>
		<surface xml:id="AM02-0157e-0010v" n="21">
			<desc>0010v</desc>
			<graphic mimeType="pdf" url="AM%20157%20e%20fol/21/HIGH_QUALITY_DISPLAY"/>
			<graphic mimeType="jpg" url="AM%20157%20e%20fol/21/THUMBNAIL" width="189px" height="300px"/>
			<graphic mimeType="jpg" url="AM%20157%20e%20fol/21/SECONDARY_DISPLAY" width="1955px" height="3104px"/>
			<graphic mimeType="pdf" url="AM%20157%20e%20fol/21/WEB_DISPLAY"/>
		</surface>
		<surface xml:id="AM02-0157e-0011r" n="22">
			<desc>0011r</desc>
			<graphic mimeType="pdf" url="AM%20157%20e%20fol/22/HIGH_QUALITY_DISPLAY"/>
			<graphic mimeType="jpg" url="AM%20157%20e%20fol/22/THUMBNAIL" width="189px" height="300px"/>
			<graphic mimeType="jpg" url="AM%20157%20e%20fol/22/SECONDARY_DISPLAY" width="1955px" height="3104px"/>
			<graphic mimeType="pdf" url="AM%20157%20e%20fol/22/WEB_DISPLAY"/>
		</surface>
		<surface xml:id="AM02-0157e-0011v" n="23">
			<desc>0011v</desc>
			<graphic mimeType="pdf" url="AM%20157%20e%20fol/23/HIGH_QUALITY_DISPLAY"/>
			<graphic mimeType="jpg" url="AM%20157%20e%20fol/23/THUMBNAIL" width="192px" height="300px"/>
			<graphic mimeType="jpg" url="AM%20157%20e%20fol/23/SECONDARY_DISPLAY" width="1975px" height="3080px"/>
			<graphic mimeType="pdf" url="AM%20157%20e%20fol/23/WEB_DISPLAY"/>
		</surface>
		<surface xml:id="AM02-0157e-0012r" n="24">
			<desc>0012r</desc>
			<graphic mimeType="pdf" url="AM%20157%20e%20fol/24/HIGH_QUALITY_DISPLAY"/>
			<graphic mimeType="jpg" url="AM%20157%20e%20fol/24/THUMBNAIL" width="192px" height="300px"/>
			<graphic mimeType="jpg" url="AM%20157%20e%20fol/24/SECONDARY_DISPLAY" width="1975px" height="3080px"/>
			<graphic mimeType="pdf" url="AM%20157%20e%20fol/24/WEB_DISPLAY"/>
		</surface>
		<surface xml:id="AM02-0157e-0012v" n="25">
			<desc>0012v</desc>
			<graphic mimeType="pdf" url="AM%20157%20e%20fol/25/HIGH_QUALITY_DISPLAY"/>
			<graphic mimeType="jpg" url="AM%20157%20e%20fol/25/THUMBNAIL" width="189px" height="300px"/>
			<graphic mimeType="jpg" url="AM%20157%20e%20fol/25/SECONDARY_DISPLAY" width="1955px" height="3104px"/>
			<graphic mimeType="pdf" url="AM%20157%20e%20fol/25/WEB_DISPLAY"/>
		</surface>
		<surface xml:id="AM02-0157e-0013r" n="26">
			<desc>0013r</desc>
			<graphic mimeType="pdf" url="AM%20157%20e%20fol/26/HIGH_QUALITY_DISPLAY"/>
			<graphic mimeType="jpg" url="AM%20157%20e%20fol/26/THUMBNAIL" width="189px" height="300px"/>
			<graphic mimeType="jpg" url="AM%20157%20e%20fol/26/SECONDARY_DISPLAY" width="1955px" height="3104px"/>
			<graphic mimeType="pdf" url="AM%20157%20e%20fol/26/WEB_DISPLAY"/>
		</surface>
		<surface xml:id="AM02-0157e-0013v" n="27">
			<desc>0013v</desc>
			<graphic mimeType="pdf" url="AM%20157%20e%20fol/27/HIGH_QUALITY_DISPLAY"/>
			<graphic mimeType="jpg" url="AM%20157%20e%20fol/27/THUMBNAIL" width="192px" height="300px"/>
			<graphic mimeType="jpg" url="AM%20157%20e%20fol/27/SECONDARY_DISPLAY" width="1975px" height="3080px"/>
			<graphic mimeType="pdf" url="AM%20157%20e%20fol/27/WEB_DISPLAY"/>
		</surface>
		<surface xml:id="AM02-0157e-0014r" n="28">
			<desc>0014r</desc>
			<graphic mimeType="pdf" url="AM%20157%20e%20fol/28/HIGH_QUALITY_DISPLAY"/>
			<graphic mimeType="jpg" url="AM%20157%20e%20fol/28/THUMBNAIL" width="192px" height="300px"/>
			<graphic mimeType="jpg" url="AM%20157%20e%20fol/28/SECONDARY_DISPLAY" width="1975px" height="3080px"/>
			<graphic mimeType="pdf" url="AM%20157%20e%20fol/28/WEB_DISPLAY"/>
		</surface>
		<surface xml:id="AM02-0157e-0014v" n="29">
			<desc>0014v</desc>
			<graphic mimeType="pdf" url="AM%20157%20e%20fol/29/HIGH_QUALITY_DISPLAY"/>
			<graphic mimeType="jpg" url="AM%20157%20e%20fol/29/THUMBNAIL" width="192px" height="300px"/>
			<graphic mimeType="jpg" url="AM%20157%20e%20fol/29/SECONDARY_DISPLAY" width="1983px" height="3104px"/>
			<graphic mimeType="pdf" url="AM%20157%20e%20fol/29/WEB_DISPLAY"/>
		</surface>
		<surface xml:id="AM02-0157e-9999r-RB" n="30">
			<desc>9999r-RB</desc>
			<graphic mimeType="pdf" url="AM%20157%20e%20fol/30/HIGH_QUALITY_DISPLAY"/>
			<graphic mimeType="jpg" url="AM%20157%20e%20fol/30/THUMBNAIL" width="192px" height="300px"/>
			<graphic mimeType="jpg" url="AM%20157%20e%20fol/30/SECONDARY_DISPLAY" width="1983px" height="3104px"/>
			<graphic mimeType="pdf" url="AM%20157%20e%20fol/30/WEB_DISPLAY"/>
		</surface>
		<surface xml:id="AM02-0157e-9999v-RB" n="31">
			<desc>9999v-RB</desc>
			<graphic mimeType="pdf" url="AM%20157%20e%20fol/31/HIGH_QUALITY_DISPLAY"/>
			<graphic mimeType="jpg" url="AM%20157%20e%20fol/31/THUMBNAIL" width="200px" height="299px"/>
			<graphic mimeType="jpg" url="AM%20157%20e%20fol/31/SECONDARY_DISPLAY" width="2080px" height="3104px"/>
			<graphic mimeType="pdf" url="AM%20157%20e%20fol/31/WEB_DISPLAY"/>
		</surface>
		<surface xml:id="AM02-0157e-ccp" n="32">
			<desc>ccp</desc>
			<graphic mimeType="pdf" url="AM%20157%20e%20fol/32/HIGH_QUALITY_DISPLAY"/>
			<graphic mimeType="jpg" url="AM%20157%20e%20fol/32/THUMBNAIL" width="199px" height="300px"/>
			<graphic mimeType="jpg" url="AM%20157%20e%20fol/32/SECONDARY_DISPLAY" width="1408px" height="2120px"/>
			<graphic mimeType="pdf" url="AM%20157%20e%20fol/32/WEB_DISPLAY"/>
		</surface>
	</facsimile>
	<text>
      <body>

         <p/>
      </body>
   </text>
</TEI>