<?xml version="1.0" encoding="UTF-8"?>
<?oxygen RNGSchema="http://www.handrit.is/schema/handrit-1.0.rnc" type="compact"?>
<TEI xmlns="http://www.tei-c.org/ns/1.0">
   <teiHeader>
      <fileDesc>
         <titleStmt>
            <title type="main">AM 11 fol.</title>
         </titleStmt>
         <publicationStmt>
            <authority>Den Arnamagnæanske Samling</authority>
            <pubPlace>København</pubPlace>
         </publicationStmt>
         <sourceDesc>
            <msDesc xml:id="AM02-0011-da" xml:lang="da">
               <msIdentifier>
                  <country>Danmark</country>
                  <settlement>København</settlement>
                  <repository>Den Arnamagnæanske Samling</repository>
                  <idno>AM 11 fol.</idno>
                  <altIdentifier type="internal" subtype="KKKat">
                     <idno>20</idno>
                  </altIdentifier>
               </msIdentifier>
               <head>
                  <title>Hrólfs saga kraka</title>; <origPlace>Island</origPlace>, <origDate notBefore="1600" notAfter="1650">s. XVII 1/2</origDate>.</head>
               <msContents>
                  <msItem>
                     <title type="uniform" xml:lang="is">Hrólfs saga kraka</title>
                     <textLang mainLang="is">Islandsk</textLang>
                     <rubric>Hier Byriaſt Sagan af Hrolfe Konge <lb/> Kraka, ſem
                        vered hefur J Danmørk</rubric>
                     <note>Inddelt i <foreign>þættir</foreign>, men ikke kapitler.</note>
                     <listBibl>
                        <bibl>Rafn: <ref type="primary-3" target="FASNRafn">Fornaldar sögur
                        Nordrlanda</ref>
                           <note>Udg. D</note>
                        </bibl>
                        <bibl/>
                        <bibl>Slay: <ref type="primary-3" target="EA-B1">Hrólfs saga kraka</ref>
                           <note>Udg. 11.</note>
                        </bibl>
                     </listBibl>
                  </msItem>
               </msContents>
               <physDesc>
                  <objectDesc form="codex">
                     <supportDesc material="chart">
                        <support>
                           <p>
                              <material>Papir</material>
                           </p>
                        </support>
                        <extent>42. <dimensions type="leaf" scope="all" unit="mm">
                              <height>290</height>
                              <width>190</width>
                           </dimensions>
                        </extent>
                        <foliation>Foliering 1-42 med rødt blæk af <name type="person" key="KriKaa001">Kristian Kålund</name>.</foliation>
                     </supportDesc>
                  </objectDesc>
                  <handDesc>
                     <handNote scribe="JonGis003" scope="major" script="unknown">Skrevet af Jón
                        Gissurarson.</handNote>
                  </handDesc>
                  <additions>Da dette håndskrift er skilt ad fra et andet håndskrift, er første og
                     sidste side tilføjet ved <name type="person" key="ArnMag001">Arne
                        Magnusson</name>s skriver, <name type="person" key="ThoTho003">Þórður
                        Þórðarson</name>. </additions>
                  <bindingDesc>
                     <binding contemporary="false">
                        <p>Bind med sort lærredsryg og -hjørner og papirovertræk af blåt
                           gustavmarmor. <name type="person" key="KriKaa001">Kålund</name> har
                           noteret datoen <date when="1911-08-07">7/8-11</date> på forsatsspejlet
                           foran. Bindstørrelse: <dimensions type="binding">
                              <height>295</height>
                              <width>196</width>
                              <depth>15</depth>
                           </dimensions>
                        </p>
                     </binding>
                     <binding contemporary="false" notBefore="1700" notAfter="1724">
                        <p>Oprindeligt indbundet i et pergamentbind af beskrevet pergament (et
                              <term>Missale</term>). Dette blev aftaget i <date when="1911">1911</date> og overført til <ref type="ms">Acces 7c, 76</ref>, bl. 3
                           og 4.</p>
                     </binding>
                  </bindingDesc>
                  <accMat>Der er en AM-seddel, hvor <name type="person" key="ArnMag001">Arne
                        Magnusson</name> har skrevet: <q>ur bok (elldre en<ex>n</ex> 
                        <date when="1646">1646</date>) er eg feck af S<ex>era</ex>
                        <name type="person" key="HogAmu001">Hogna
                     Amundaſyne</name>
                     </q>
                  </accMat>
               </physDesc>
            </msDesc>
         </sourceDesc>
      </fileDesc>
   </teiHeader>
	<facsimile xml:base="https://myndir.handrit.is/file/Handrit.is/">
		<surface xml:id="AM02-0011-0000v-FB" n="0">
			<desc>0000v-FB</desc>
			<graphic mimeType="pdf" url="AM%2011%20fol./0/HIGH_QUALITY_DISPLAY"/>
			<graphic mimeType="jpg" url="AM%2011%20fol./0/THUMBNAIL" width="200px" height="298px"/>
			<graphic mimeType="jpg" url="AM%2011%20fol./0/SECONDARY_DISPLAY" width="2376px" height="3535px"/>
			<graphic mimeType="pdf" url="AM%2011%20fol./0/WEB_DISPLAY"/>
		</surface>
		<surface xml:id="AM02-0011-0001r" n="1">
			<desc>0001r</desc>
			<graphic mimeType="pdf" url="AM%2011%20fol./1/HIGH_QUALITY_DISPLAY"/>
			<graphic mimeType="jpg" url="AM%2011%20fol./1/THUMBNAIL" width="200px" height="297px"/>
			<graphic mimeType="jpg" url="AM%2011%20fol./1/SECONDARY_DISPLAY" width="2384px" height="3536px"/>
			<graphic mimeType="pdf" url="AM%2011%20fol./1/WEB_DISPLAY"/>
		</surface>
		<surface xml:id="AM02-0011-0001v" n="2">
			<desc>0001v</desc>
			<graphic mimeType="pdf" url="AM%2011%20fol./2/HIGH_QUALITY_DISPLAY"/>
			<graphic mimeType="jpg" url="AM%2011%20fol./2/THUMBNAIL" width="200px" height="298px"/>
			<graphic mimeType="jpg" url="AM%2011%20fol./2/SECONDARY_DISPLAY" width="2376px" height="3535px"/>
			<graphic mimeType="pdf" url="AM%2011%20fol./2/WEB_DISPLAY"/>
		</surface>
		<surface xml:id="AM02-0011-0002r" n="3">
			<desc>0002r</desc>
			<graphic mimeType="pdf" url="AM%2011%20fol./3/HIGH_QUALITY_DISPLAY"/>
			<graphic mimeType="jpg" url="AM%2011%20fol./3/THUMBNAIL" width="200px" height="296px"/>
			<graphic mimeType="jpg" url="AM%2011%20fol./3/SECONDARY_DISPLAY" width="2392px" height="3535px"/>
			<graphic mimeType="pdf" url="AM%2011%20fol./3/WEB_DISPLAY"/>
		</surface>
		<surface xml:id="AM02-0011-0002v" n="4">
			<desc>0002v</desc>
			<graphic mimeType="pdf" url="AM%2011%20fol./4/HIGH_QUALITY_DISPLAY"/>
			<graphic mimeType="jpg" url="AM%2011%20fol./4/THUMBNAIL" width="200px" height="295px"/>
			<graphic mimeType="jpg" url="AM%2011%20fol./4/SECONDARY_DISPLAY" width="2392px" height="3533px"/>
			<graphic mimeType="pdf" url="AM%2011%20fol./4/WEB_DISPLAY"/>
		</surface>
		<surface xml:id="AM02-0011-0003r" n="5">
			<desc>0003r</desc>
			<graphic mimeType="pdf" url="AM%2011%20fol./5/HIGH_QUALITY_DISPLAY"/>
			<graphic mimeType="jpg" url="AM%2011%20fol./5/THUMBNAIL" width="200px" height="299px"/>
			<graphic mimeType="jpg" url="AM%2011%20fol./5/SECONDARY_DISPLAY" width="2368px" height="3536px"/>
			<graphic mimeType="pdf" url="AM%2011%20fol./5/WEB_DISPLAY"/>
		</surface>
		<surface xml:id="AM02-0011-0003v" n="6">
			<desc>0003v</desc>
			<graphic mimeType="pdf" url="AM%2011%20fol./6/HIGH_QUALITY_DISPLAY"/>
			<graphic mimeType="jpg" url="AM%2011%20fol./6/THUMBNAIL" width="200px" height="297px"/>
			<graphic mimeType="jpg" url="AM%2011%20fol./6/SECONDARY_DISPLAY" width="2384px" height="3535px"/>
			<graphic mimeType="pdf" url="AM%2011%20fol./6/WEB_DISPLAY"/>
		</surface>
		<surface xml:id="AM02-0011-0004r" n="7">
			<desc>0004r</desc>
			<graphic mimeType="pdf" url="AM%2011%20fol./7/HIGH_QUALITY_DISPLAY"/>
			<graphic mimeType="jpg" url="AM%2011%20fol./7/THUMBNAIL" width="200px" height="297px"/>
			<graphic mimeType="jpg" url="AM%2011%20fol./7/SECONDARY_DISPLAY" width="2384px" height="3534px"/>
			<graphic mimeType="pdf" url="AM%2011%20fol./7/WEB_DISPLAY"/>
		</surface>
		<surface xml:id="AM02-0011-0004v" n="8">
			<desc>0004v</desc>
			<graphic mimeType="pdf" url="AM%2011%20fol./8/HIGH_QUALITY_DISPLAY"/>
			<graphic mimeType="jpg" url="AM%2011%20fol./8/THUMBNAIL" width="200px" height="299px"/>
			<graphic mimeType="jpg" url="AM%2011%20fol./8/SECONDARY_DISPLAY" width="2368px" height="3534px"/>
			<graphic mimeType="pdf" url="AM%2011%20fol./8/WEB_DISPLAY"/>
		</surface>
		<surface xml:id="AM02-0011-0005r" n="9">
			<desc>0005r</desc>
			<graphic mimeType="pdf" url="AM%2011%20fol./9/HIGH_QUALITY_DISPLAY"/>
			<graphic mimeType="jpg" url="AM%2011%20fol./9/THUMBNAIL" width="200px" height="299px"/>
			<graphic mimeType="jpg" url="AM%2011%20fol./9/SECONDARY_DISPLAY" width="2368px" height="3534px"/>
			<graphic mimeType="pdf" url="AM%2011%20fol./9/WEB_DISPLAY"/>
		</surface>
		<surface xml:id="AM02-0011-0005v" n="10">
			<desc>0005v</desc>
			<graphic mimeType="pdf" url="AM%2011%20fol./10/HIGH_QUALITY_DISPLAY"/>
			<graphic mimeType="jpg" url="AM%2011%20fol./10/THUMBNAIL" width="200px" height="299px"/>
			<graphic mimeType="jpg" url="AM%2011%20fol./10/SECONDARY_DISPLAY" width="2368px" height="3534px"/>
			<graphic mimeType="pdf" url="AM%2011%20fol./10/WEB_DISPLAY"/>
		</surface>
		<surface xml:id="AM02-0011-0006r" n="11">
			<desc>0006r</desc>
			<graphic mimeType="pdf" url="AM%2011%20fol./11/HIGH_QUALITY_DISPLAY"/>
			<graphic mimeType="jpg" url="AM%2011%20fol./11/THUMBNAIL" width="200px" height="297px"/>
			<graphic mimeType="jpg" url="AM%2011%20fol./11/SECONDARY_DISPLAY" width="2376px" height="3533px"/>
			<graphic mimeType="pdf" url="AM%2011%20fol./11/WEB_DISPLAY"/>
		</surface>
		<surface xml:id="AM02-0011-0006v" n="12">
			<desc>0006v</desc>
			<graphic mimeType="pdf" url="AM%2011%20fol./12/HIGH_QUALITY_DISPLAY"/>
			<graphic mimeType="jpg" url="AM%2011%20fol./12/THUMBNAIL" width="200px" height="299px"/>
			<graphic mimeType="jpg" url="AM%2011%20fol./12/SECONDARY_DISPLAY" width="2368px" height="3534px"/>
			<graphic mimeType="pdf" url="AM%2011%20fol./12/WEB_DISPLAY"/>
		</surface>
		<surface xml:id="AM02-0011-0007r" n="13">
			<desc>0007r</desc>
			<graphic mimeType="pdf" url="AM%2011%20fol./13/HIGH_QUALITY_DISPLAY"/>
			<graphic mimeType="jpg" url="AM%2011%20fol./13/THUMBNAIL" width="200px" height="299px"/>
			<graphic mimeType="jpg" url="AM%2011%20fol./13/SECONDARY_DISPLAY" width="2360px" height="3534px"/>
			<graphic mimeType="pdf" url="AM%2011%20fol./13/WEB_DISPLAY"/>
		</surface>
		<surface xml:id="AM02-0011-0007v" n="14">
			<desc>0007v</desc>
			<graphic mimeType="pdf" url="AM%2011%20fol./14/HIGH_QUALITY_DISPLAY"/>
			<graphic mimeType="jpg" url="AM%2011%20fol./14/THUMBNAIL" width="200px" height="299px"/>
			<graphic mimeType="jpg" url="AM%2011%20fol./14/SECONDARY_DISPLAY" width="2368px" height="3535px"/>
			<graphic mimeType="pdf" url="AM%2011%20fol./14/WEB_DISPLAY"/>
		</surface>
		<surface xml:id="AM02-0011-0008r" n="15">
			<desc>0008r</desc>
			<graphic mimeType="pdf" url="AM%2011%20fol./15/HIGH_QUALITY_DISPLAY"/>
			<graphic mimeType="jpg" url="AM%2011%20fol./15/THUMBNAIL" width="200px" height="299px"/>
			<graphic mimeType="jpg" url="AM%2011%20fol./15/SECONDARY_DISPLAY" width="2368px" height="3533px"/>
			<graphic mimeType="pdf" url="AM%2011%20fol./15/WEB_DISPLAY"/>
		</surface>
		<surface xml:id="AM02-0011-0008v" n="16">
			<desc>0008v</desc>
			<graphic mimeType="pdf" url="AM%2011%20fol./16/HIGH_QUALITY_DISPLAY"/>
			<graphic mimeType="jpg" url="AM%2011%20fol./16/THUMBNAIL" width="200px" height="298px"/>
			<graphic mimeType="jpg" url="AM%2011%20fol./16/SECONDARY_DISPLAY" width="2376px" height="3534px"/>
			<graphic mimeType="pdf" url="AM%2011%20fol./16/WEB_DISPLAY"/>
		</surface>
		<surface xml:id="AM02-0011-0009r" n="17">
			<desc>0009r</desc>
			<graphic mimeType="pdf" url="AM%2011%20fol./17/HIGH_QUALITY_DISPLAY"/>
			<graphic mimeType="jpg" url="AM%2011%20fol./17/THUMBNAIL" width="200px" height="297px"/>
			<graphic mimeType="jpg" url="AM%2011%20fol./17/SECONDARY_DISPLAY" width="2376px" height="3533px"/>
			<graphic mimeType="pdf" url="AM%2011%20fol./17/WEB_DISPLAY"/>
		</surface>
		<surface xml:id="AM02-0011-0009v" n="18">
			<desc>0009v</desc>
			<graphic mimeType="pdf" url="AM%2011%20fol./18/HIGH_QUALITY_DISPLAY"/>
			<graphic mimeType="jpg" url="AM%2011%20fol./18/THUMBNAIL" width="200px" height="298px"/>
			<graphic mimeType="jpg" url="AM%2011%20fol./18/SECONDARY_DISPLAY" width="2376px" height="3535px"/>
			<graphic mimeType="pdf" url="AM%2011%20fol./18/WEB_DISPLAY"/>
		</surface>
		<surface xml:id="AM02-0011-0010r" n="19">
			<desc>0010r</desc>
			<graphic mimeType="pdf" url="AM%2011%20fol./19/HIGH_QUALITY_DISPLAY"/>
			<graphic mimeType="jpg" url="AM%2011%20fol./19/THUMBNAIL" width="200px" height="298px"/>
			<graphic mimeType="jpg" url="AM%2011%20fol./19/SECONDARY_DISPLAY" width="2376px" height="3536px"/>
			<graphic mimeType="pdf" url="AM%2011%20fol./19/WEB_DISPLAY"/>
		</surface>
		<surface xml:id="AM02-0011-0010v" n="20">
			<desc>0010v</desc>
			<graphic mimeType="pdf" url="AM%2011%20fol./20/HIGH_QUALITY_DISPLAY"/>
			<graphic mimeType="jpg" url="AM%2011%20fol./20/THUMBNAIL" width="200px" height="298px"/>
			<graphic mimeType="jpg" url="AM%2011%20fol./20/SECONDARY_DISPLAY" width="2376px" height="3535px"/>
			<graphic mimeType="pdf" url="AM%2011%20fol./20/WEB_DISPLAY"/>
		</surface>
		<surface xml:id="AM02-0011-0011r" n="21">
			<desc>0011r</desc>
			<graphic mimeType="pdf" url="AM%2011%20fol./21/HIGH_QUALITY_DISPLAY"/>
			<graphic mimeType="jpg" url="AM%2011%20fol./21/THUMBNAIL" width="200px" height="298px"/>
			<graphic mimeType="jpg" url="AM%2011%20fol./21/SECONDARY_DISPLAY" width="2376px" height="3535px"/>
			<graphic mimeType="pdf" url="AM%2011%20fol./21/WEB_DISPLAY"/>
		</surface>
		<surface xml:id="AM02-0011-0011v" n="22">
			<desc>0011v</desc>
			<graphic mimeType="pdf" url="AM%2011%20fol./22/HIGH_QUALITY_DISPLAY"/>
			<graphic mimeType="jpg" url="AM%2011%20fol./22/THUMBNAIL" width="200px" height="298px"/>
			<graphic mimeType="jpg" url="AM%2011%20fol./22/SECONDARY_DISPLAY" width="2376px" height="3536px"/>
			<graphic mimeType="pdf" url="AM%2011%20fol./22/WEB_DISPLAY"/>
		</surface>
		<surface xml:id="AM02-0011-0012r" n="23">
			<desc>0012r</desc>
			<graphic mimeType="pdf" url="AM%2011%20fol./23/HIGH_QUALITY_DISPLAY"/>
			<graphic mimeType="jpg" url="AM%2011%20fol./23/THUMBNAIL" width="200px" height="299px"/>
			<graphic mimeType="jpg" url="AM%2011%20fol./23/SECONDARY_DISPLAY" width="2360px" height="3536px"/>
			<graphic mimeType="pdf" url="AM%2011%20fol./23/WEB_DISPLAY"/>
		</surface>
		<surface xml:id="AM02-0011-0012v" n="24">
			<desc>0012v</desc>
			<graphic mimeType="pdf" url="AM%2011%20fol./24/HIGH_QUALITY_DISPLAY"/>
			<graphic mimeType="jpg" url="AM%2011%20fol./24/THUMBNAIL" width="200px" height="298px"/>
			<graphic mimeType="jpg" url="AM%2011%20fol./24/SECONDARY_DISPLAY" width="2376px" height="3535px"/>
			<graphic mimeType="pdf" url="AM%2011%20fol./24/WEB_DISPLAY"/>
		</surface>
		<surface xml:id="AM02-0011-0013r" n="25">
			<desc>0013r</desc>
			<graphic mimeType="pdf" url="AM%2011%20fol./25/HIGH_QUALITY_DISPLAY"/>
			<graphic mimeType="jpg" url="AM%2011%20fol./25/THUMBNAIL" width="200px" height="299px"/>
			<graphic mimeType="jpg" url="AM%2011%20fol./25/SECONDARY_DISPLAY" width="2368px" height="3535px"/>
			<graphic mimeType="pdf" url="AM%2011%20fol./25/WEB_DISPLAY"/>
		</surface>
		<surface xml:id="AM02-0011-0013v" n="26">
			<desc>0013v</desc>
			<graphic mimeType="pdf" url="AM%2011%20fol./26/HIGH_QUALITY_DISPLAY"/>
			<graphic mimeType="jpg" url="AM%2011%20fol./26/THUMBNAIL" width="200px" height="298px"/>
			<graphic mimeType="jpg" url="AM%2011%20fol./26/SECONDARY_DISPLAY" width="2376px" height="3535px"/>
			<graphic mimeType="pdf" url="AM%2011%20fol./26/WEB_DISPLAY"/>
		</surface>
		<surface xml:id="AM02-0011-0014r" n="27">
			<desc>0014r</desc>
			<graphic mimeType="pdf" url="AM%2011%20fol./27/HIGH_QUALITY_DISPLAY"/>
			<graphic mimeType="jpg" url="AM%2011%20fol./27/THUMBNAIL" width="200px" height="298px"/>
			<graphic mimeType="jpg" url="AM%2011%20fol./27/SECONDARY_DISPLAY" width="2376px" height="3535px"/>
			<graphic mimeType="pdf" url="AM%2011%20fol./27/WEB_DISPLAY"/>
		</surface>
		<surface xml:id="AM02-0011-0014v" n="28">
			<desc>0014v</desc>
			<graphic mimeType="pdf" url="AM%2011%20fol./28/HIGH_QUALITY_DISPLAY"/>
			<graphic mimeType="jpg" url="AM%2011%20fol./28/THUMBNAIL" width="200px" height="297px"/>
			<graphic mimeType="jpg" url="AM%2011%20fol./28/SECONDARY_DISPLAY" width="2384px" height="3534px"/>
			<graphic mimeType="pdf" url="AM%2011%20fol./28/WEB_DISPLAY"/>
		</surface>
		<surface xml:id="AM02-0011-0015r" n="29">
			<desc>0015r</desc>
			<graphic mimeType="pdf" url="AM%2011%20fol./29/HIGH_QUALITY_DISPLAY"/>
			<graphic mimeType="jpg" url="AM%2011%20fol./29/THUMBNAIL" width="200px" height="298px"/>
			<graphic mimeType="jpg" url="AM%2011%20fol./29/SECONDARY_DISPLAY" width="2376px" height="3535px"/>
			<graphic mimeType="pdf" url="AM%2011%20fol./29/WEB_DISPLAY"/>
		</surface>
		<surface xml:id="AM02-0011-0015v" n="30">
			<desc>0015v</desc>
			<graphic mimeType="pdf" url="AM%2011%20fol./30/HIGH_QUALITY_DISPLAY"/>
			<graphic mimeType="jpg" url="AM%2011%20fol./30/THUMBNAIL" width="200px" height="297px"/>
			<graphic mimeType="jpg" url="AM%2011%20fol./30/SECONDARY_DISPLAY" width="2384px" height="3535px"/>
			<graphic mimeType="pdf" url="AM%2011%20fol./30/WEB_DISPLAY"/>
		</surface>
		<surface xml:id="AM02-0011-0016r" n="31">
			<desc>0016r</desc>
			<graphic mimeType="pdf" url="AM%2011%20fol./31/HIGH_QUALITY_DISPLAY"/>
			<graphic mimeType="jpg" url="AM%2011%20fol./31/THUMBNAIL" width="200px" height="297px"/>
			<graphic mimeType="jpg" url="AM%2011%20fol./31/SECONDARY_DISPLAY" width="2384px" height="3534px"/>
			<graphic mimeType="pdf" url="AM%2011%20fol./31/WEB_DISPLAY"/>
		</surface>
		<surface xml:id="AM02-0011-0016v" n="32">
			<desc>0016v</desc>
			<graphic mimeType="pdf" url="AM%2011%20fol./32/HIGH_QUALITY_DISPLAY"/>
			<graphic mimeType="jpg" url="AM%2011%20fol./32/THUMBNAIL" width="200px" height="300px"/>
			<graphic mimeType="jpg" url="AM%2011%20fol./32/SECONDARY_DISPLAY" width="2352px" height="3533px"/>
			<graphic mimeType="pdf" url="AM%2011%20fol./32/WEB_DISPLAY"/>
		</surface>
		<surface xml:id="AM02-0011-0017r" n="33">
			<desc>0017r</desc>
			<graphic mimeType="pdf" url="AM%2011%20fol./33/HIGH_QUALITY_DISPLAY"/>
			<graphic mimeType="jpg" url="AM%2011%20fol./33/THUMBNAIL" width="200px" height="299px"/>
			<graphic mimeType="jpg" url="AM%2011%20fol./33/SECONDARY_DISPLAY" width="2360px" height="3533px"/>
			<graphic mimeType="pdf" url="AM%2011%20fol./33/WEB_DISPLAY"/>
		</surface>
		<surface xml:id="AM02-0011-0017v" n="34">
			<desc>0017v</desc>
			<graphic mimeType="pdf" url="AM%2011%20fol./34/HIGH_QUALITY_DISPLAY"/>
			<graphic mimeType="jpg" url="AM%2011%20fol./34/THUMBNAIL" width="200px" height="299px"/>
			<graphic mimeType="jpg" url="AM%2011%20fol./34/SECONDARY_DISPLAY" width="2368px" height="3535px"/>
			<graphic mimeType="pdf" url="AM%2011%20fol./34/WEB_DISPLAY"/>
		</surface>
		<surface xml:id="AM02-0011-0018r" n="35">
			<desc>0018r</desc>
			<graphic mimeType="pdf" url="AM%2011%20fol./35/HIGH_QUALITY_DISPLAY"/>
			<graphic mimeType="jpg" url="AM%2011%20fol./35/THUMBNAIL" width="200px" height="299px"/>
			<graphic mimeType="jpg" url="AM%2011%20fol./35/SECONDARY_DISPLAY" width="2360px" height="3534px"/>
			<graphic mimeType="pdf" url="AM%2011%20fol./35/WEB_DISPLAY"/>
		</surface>
		<surface xml:id="AM02-0011-0018v" n="36">
			<desc>0018v</desc>
			<graphic mimeType="pdf" url="AM%2011%20fol./36/HIGH_QUALITY_DISPLAY"/>
			<graphic mimeType="jpg" url="AM%2011%20fol./36/THUMBNAIL" width="200px" height="299px"/>
			<graphic mimeType="jpg" url="AM%2011%20fol./36/SECONDARY_DISPLAY" width="2368px" height="3535px"/>
			<graphic mimeType="pdf" url="AM%2011%20fol./36/WEB_DISPLAY"/>
		</surface>
		<surface xml:id="AM02-0011-0019r" n="37">
			<desc>0019r</desc>
			<graphic mimeType="pdf" url="AM%2011%20fol./37/HIGH_QUALITY_DISPLAY"/>
			<graphic mimeType="jpg" url="AM%2011%20fol./37/THUMBNAIL" width="200px" height="299px"/>
			<graphic mimeType="jpg" url="AM%2011%20fol./37/SECONDARY_DISPLAY" width="2360px" height="3535px"/>
			<graphic mimeType="pdf" url="AM%2011%20fol./37/WEB_DISPLAY"/>
		</surface>
		<surface xml:id="AM02-0011-0019v" n="38">
			<desc>0019v</desc>
			<graphic mimeType="pdf" url="AM%2011%20fol./38/HIGH_QUALITY_DISPLAY"/>
			<graphic mimeType="jpg" url="AM%2011%20fol./38/THUMBNAIL" width="200px" height="299px"/>
			<graphic mimeType="jpg" url="AM%2011%20fol./38/SECONDARY_DISPLAY" width="2360px" height="3533px"/>
			<graphic mimeType="pdf" url="AM%2011%20fol./38/WEB_DISPLAY"/>
		</surface>
		<surface xml:id="AM02-0011-0020r" n="39">
			<desc>0020r</desc>
			<graphic mimeType="pdf" url="AM%2011%20fol./39/HIGH_QUALITY_DISPLAY"/>
			<graphic mimeType="jpg" url="AM%2011%20fol./39/THUMBNAIL" width="200px" height="298px"/>
			<graphic mimeType="jpg" url="AM%2011%20fol./39/SECONDARY_DISPLAY" width="2368px" height="3532px"/>
			<graphic mimeType="pdf" url="AM%2011%20fol./39/WEB_DISPLAY"/>
		</surface>
		<surface xml:id="AM02-0011-0020v" n="40">
			<desc>0020v</desc>
			<graphic mimeType="pdf" url="AM%2011%20fol./40/HIGH_QUALITY_DISPLAY"/>
			<graphic mimeType="jpg" url="AM%2011%20fol./40/THUMBNAIL" width="200px" height="297px"/>
			<graphic mimeType="jpg" url="AM%2011%20fol./40/SECONDARY_DISPLAY" width="2376px" height="3533px"/>
			<graphic mimeType="pdf" url="AM%2011%20fol./40/WEB_DISPLAY"/>
		</surface>
		<surface xml:id="AM02-0011-0021r" n="41">
			<desc>0021r</desc>
			<graphic mimeType="pdf" url="AM%2011%20fol./41/HIGH_QUALITY_DISPLAY"/>
			<graphic mimeType="jpg" url="AM%2011%20fol./41/THUMBNAIL" width="200px" height="297px"/>
			<graphic mimeType="jpg" url="AM%2011%20fol./41/SECONDARY_DISPLAY" width="2384px" height="3535px"/>
			<graphic mimeType="pdf" url="AM%2011%20fol./41/WEB_DISPLAY"/>
		</surface>
		<surface xml:id="AM02-0011-0021v" n="42">
			<desc>0021v</desc>
			<graphic mimeType="pdf" url="AM%2011%20fol./42/HIGH_QUALITY_DISPLAY"/>
			<graphic mimeType="jpg" url="AM%2011%20fol./42/THUMBNAIL" width="200px" height="280px"/>
			<graphic mimeType="jpg" url="AM%2011%20fol./42/SECONDARY_DISPLAY" width="2496px" height="3495px"/>
			<graphic mimeType="pdf" url="AM%2011%20fol./42/WEB_DISPLAY"/>
		</surface>
		<surface xml:id="AM02-0011-0022r" n="43">
			<desc>0022r</desc>
			<graphic mimeType="pdf" url="AM%2011%20fol./43/HIGH_QUALITY_DISPLAY"/>
			<graphic mimeType="jpg" url="AM%2011%20fol./43/THUMBNAIL" width="200px" height="281px"/>
			<graphic mimeType="jpg" url="AM%2011%20fol./43/SECONDARY_DISPLAY" width="2488px" height="3495px"/>
			<graphic mimeType="pdf" url="AM%2011%20fol./43/WEB_DISPLAY"/>
		</surface>
		<surface xml:id="AM02-0011-0022v" n="44">
			<desc>0022v</desc>
			<graphic mimeType="pdf" url="AM%2011%20fol./44/HIGH_QUALITY_DISPLAY"/>
			<graphic mimeType="jpg" url="AM%2011%20fol./44/THUMBNAIL" width="200px" height="280px"/>
			<graphic mimeType="jpg" url="AM%2011%20fol./44/SECONDARY_DISPLAY" width="2496px" height="3494px"/>
			<graphic mimeType="pdf" url="AM%2011%20fol./44/WEB_DISPLAY"/>
		</surface>
		<surface xml:id="AM02-0011-0023r" n="45">
			<desc>0023r</desc>
			<graphic mimeType="pdf" url="AM%2011%20fol./45/HIGH_QUALITY_DISPLAY"/>
			<graphic mimeType="jpg" url="AM%2011%20fol./45/THUMBNAIL" width="200px" height="281px"/>
			<graphic mimeType="jpg" url="AM%2011%20fol./45/SECONDARY_DISPLAY" width="2488px" height="3494px"/>
			<graphic mimeType="pdf" url="AM%2011%20fol./45/WEB_DISPLAY"/>
		</surface>
		<surface xml:id="AM02-0011-0023v" n="46">
			<desc>0023v</desc>
			<graphic mimeType="pdf" url="AM%2011%20fol./46/HIGH_QUALITY_DISPLAY"/>
			<graphic mimeType="jpg" url="AM%2011%20fol./46/THUMBNAIL" width="200px" height="280px"/>
			<graphic mimeType="jpg" url="AM%2011%20fol./46/SECONDARY_DISPLAY" width="2496px" height="3497px"/>
			<graphic mimeType="pdf" url="AM%2011%20fol./46/WEB_DISPLAY"/>
		</surface>
		<surface xml:id="AM02-0011-0024r" n="47">
			<desc>0024r</desc>
			<graphic mimeType="pdf" url="AM%2011%20fol./47/HIGH_QUALITY_DISPLAY"/>
			<graphic mimeType="jpg" url="AM%2011%20fol./47/THUMBNAIL" width="200px" height="281px"/>
			<graphic mimeType="jpg" url="AM%2011%20fol./47/SECONDARY_DISPLAY" width="2488px" height="3495px"/>
			<graphic mimeType="pdf" url="AM%2011%20fol./47/WEB_DISPLAY"/>
		</surface>
		<surface xml:id="AM02-0011-0024v" n="48">
			<desc>0024v</desc>
			<graphic mimeType="pdf" url="AM%2011%20fol./48/HIGH_QUALITY_DISPLAY"/>
			<graphic mimeType="jpg" url="AM%2011%20fol./48/THUMBNAIL" width="200px" height="281px"/>
			<graphic mimeType="jpg" url="AM%2011%20fol./48/SECONDARY_DISPLAY" width="2488px" height="3495px"/>
			<graphic mimeType="pdf" url="AM%2011%20fol./48/WEB_DISPLAY"/>
		</surface>
		<surface xml:id="AM02-0011-0025r" n="49">
			<desc>0025r</desc>
			<graphic mimeType="pdf" url="AM%2011%20fol./49/HIGH_QUALITY_DISPLAY"/>
			<graphic mimeType="jpg" url="AM%2011%20fol./49/THUMBNAIL" width="200px" height="281px"/>
			<graphic mimeType="jpg" url="AM%2011%20fol./49/SECONDARY_DISPLAY" width="2488px" height="3497px"/>
			<graphic mimeType="pdf" url="AM%2011%20fol./49/WEB_DISPLAY"/>
		</surface>
		<surface xml:id="AM02-0011-0025v" n="50">
			<desc>0025v</desc>
			<graphic mimeType="pdf" url="AM%2011%20fol./50/HIGH_QUALITY_DISPLAY"/>
			<graphic mimeType="jpg" url="AM%2011%20fol./50/THUMBNAIL" width="200px" height="281px"/>
			<graphic mimeType="jpg" url="AM%2011%20fol./50/SECONDARY_DISPLAY" width="2488px" height="3496px"/>
			<graphic mimeType="pdf" url="AM%2011%20fol./50/WEB_DISPLAY"/>
		</surface>
		<surface xml:id="AM02-0011-0026r" n="51">
			<desc>0026r</desc>
			<graphic mimeType="pdf" url="AM%2011%20fol./51/HIGH_QUALITY_DISPLAY"/>
			<graphic mimeType="jpg" url="AM%2011%20fol./51/THUMBNAIL" width="200px" height="280px"/>
			<graphic mimeType="jpg" url="AM%2011%20fol./51/SECONDARY_DISPLAY" width="2496px" height="3493px"/>
			<graphic mimeType="pdf" url="AM%2011%20fol./51/WEB_DISPLAY"/>
		</surface>
		<surface xml:id="AM02-0011-0026v" n="52">
			<desc>0026v</desc>
			<graphic mimeType="pdf" url="AM%2011%20fol./52/HIGH_QUALITY_DISPLAY"/>
			<graphic mimeType="jpg" url="AM%2011%20fol./52/THUMBNAIL" width="200px" height="280px"/>
			<graphic mimeType="jpg" url="AM%2011%20fol./52/SECONDARY_DISPLAY" width="2496px" height="3492px"/>
			<graphic mimeType="pdf" url="AM%2011%20fol./52/WEB_DISPLAY"/>
		</surface>
		<surface xml:id="AM02-0011-0027r" n="53">
			<desc>0027r</desc>
			<graphic mimeType="pdf" url="AM%2011%20fol./53/HIGH_QUALITY_DISPLAY"/>
			<graphic mimeType="jpg" url="AM%2011%20fol./53/THUMBNAIL" width="200px" height="281px"/>
			<graphic mimeType="jpg" url="AM%2011%20fol./53/SECONDARY_DISPLAY" width="2488px" height="3491px"/>
			<graphic mimeType="pdf" url="AM%2011%20fol./53/WEB_DISPLAY"/>
		</surface>
		<surface xml:id="AM02-0011-0027v" n="54">
			<desc>0027v</desc>
			<graphic mimeType="pdf" url="AM%2011%20fol./54/HIGH_QUALITY_DISPLAY"/>
			<graphic mimeType="jpg" url="AM%2011%20fol./54/THUMBNAIL" width="200px" height="282px"/>
			<graphic mimeType="jpg" url="AM%2011%20fol./54/SECONDARY_DISPLAY" width="2480px" height="3496px"/>
			<graphic mimeType="pdf" url="AM%2011%20fol./54/WEB_DISPLAY"/>
		</surface>
		<surface xml:id="AM02-0011-0028r" n="55">
			<desc>0028r</desc>
			<graphic mimeType="pdf" url="AM%2011%20fol./55/HIGH_QUALITY_DISPLAY"/>
			<graphic mimeType="jpg" url="AM%2011%20fol./55/THUMBNAIL" width="200px" height="282px"/>
			<graphic mimeType="jpg" url="AM%2011%20fol./55/SECONDARY_DISPLAY" width="2480px" height="3493px"/>
			<graphic mimeType="pdf" url="AM%2011%20fol./55/WEB_DISPLAY"/>
		</surface>
		<surface xml:id="AM02-0011-0028v" n="56">
			<desc>0028v</desc>
			<graphic mimeType="pdf" url="AM%2011%20fol./56/HIGH_QUALITY_DISPLAY"/>
			<graphic mimeType="jpg" url="AM%2011%20fol./56/THUMBNAIL" width="200px" height="281px"/>
			<graphic mimeType="jpg" url="AM%2011%20fol./56/SECONDARY_DISPLAY" width="2488px" height="3493px"/>
			<graphic mimeType="pdf" url="AM%2011%20fol./56/WEB_DISPLAY"/>
		</surface>
		<surface xml:id="AM02-0011-0029r" n="57">
			<desc>0029r</desc>
			<graphic mimeType="pdf" url="AM%2011%20fol./57/HIGH_QUALITY_DISPLAY"/>
			<graphic mimeType="jpg" url="AM%2011%20fol./57/THUMBNAIL" width="200px" height="280px"/>
			<graphic mimeType="jpg" url="AM%2011%20fol./57/SECONDARY_DISPLAY" width="2496px" height="3496px"/>
			<graphic mimeType="pdf" url="AM%2011%20fol./57/WEB_DISPLAY"/>
		</surface>
		<surface xml:id="AM02-0011-0029v" n="58">
			<desc>0029v</desc>
			<graphic mimeType="pdf" url="AM%2011%20fol./58/HIGH_QUALITY_DISPLAY"/>
			<graphic mimeType="jpg" url="AM%2011%20fol./58/THUMBNAIL" width="200px" height="280px"/>
			<graphic mimeType="jpg" url="AM%2011%20fol./58/SECONDARY_DISPLAY" width="2496px" height="3496px"/>
			<graphic mimeType="pdf" url="AM%2011%20fol./58/WEB_DISPLAY"/>
		</surface>
		<surface xml:id="AM02-0011-0030r" n="59">
			<desc>0030r</desc>
			<graphic mimeType="pdf" url="AM%2011%20fol./59/HIGH_QUALITY_DISPLAY"/>
			<graphic mimeType="jpg" url="AM%2011%20fol./59/THUMBNAIL" width="200px" height="281px"/>
			<graphic mimeType="jpg" url="AM%2011%20fol./59/SECONDARY_DISPLAY" width="2488px" height="3497px"/>
			<graphic mimeType="pdf" url="AM%2011%20fol./59/WEB_DISPLAY"/>
		</surface>
		<surface xml:id="AM02-0011-0030v" n="60">
			<desc>0030v</desc>
			<graphic mimeType="pdf" url="AM%2011%20fol./60/HIGH_QUALITY_DISPLAY"/>
			<graphic mimeType="jpg" url="AM%2011%20fol./60/THUMBNAIL" width="200px" height="281px"/>
			<graphic mimeType="jpg" url="AM%2011%20fol./60/SECONDARY_DISPLAY" width="2488px" height="3495px"/>
			<graphic mimeType="pdf" url="AM%2011%20fol./60/WEB_DISPLAY"/>
		</surface>
		<surface xml:id="AM02-0011-0031r" n="61">
			<desc>0031r</desc>
			<graphic mimeType="pdf" url="AM%2011%20fol./61/HIGH_QUALITY_DISPLAY"/>
			<graphic mimeType="jpg" url="AM%2011%20fol./61/THUMBNAIL" width="200px" height="282px"/>
			<graphic mimeType="jpg" url="AM%2011%20fol./61/SECONDARY_DISPLAY" width="2480px" height="3494px"/>
			<graphic mimeType="pdf" url="AM%2011%20fol./61/WEB_DISPLAY"/>
		</surface>
		<surface xml:id="AM02-0011-0031v" n="62">
			<desc>0031v</desc>
			<graphic mimeType="pdf" url="AM%2011%20fol./62/HIGH_QUALITY_DISPLAY"/>
			<graphic mimeType="jpg" url="AM%2011%20fol./62/THUMBNAIL" width="200px" height="280px"/>
			<graphic mimeType="jpg" url="AM%2011%20fol./62/SECONDARY_DISPLAY" width="2496px" height="3498px"/>
			<graphic mimeType="pdf" url="AM%2011%20fol./62/WEB_DISPLAY"/>
		</surface>
		<surface xml:id="AM02-0011-0032r" n="63">
			<desc>0032r</desc>
			<graphic mimeType="pdf" url="AM%2011%20fol./63/HIGH_QUALITY_DISPLAY"/>
			<graphic mimeType="jpg" url="AM%2011%20fol./63/THUMBNAIL" width="200px" height="281px"/>
			<graphic mimeType="jpg" url="AM%2011%20fol./63/SECONDARY_DISPLAY" width="2488px" height="3494px"/>
			<graphic mimeType="pdf" url="AM%2011%20fol./63/WEB_DISPLAY"/>
		</surface>
		<surface xml:id="AM02-0011-0032v" n="64">
			<desc>0032v</desc>
			<graphic mimeType="pdf" url="AM%2011%20fol./64/HIGH_QUALITY_DISPLAY"/>
			<graphic mimeType="jpg" url="AM%2011%20fol./64/THUMBNAIL" width="200px" height="282px"/>
			<graphic mimeType="jpg" url="AM%2011%20fol./64/SECONDARY_DISPLAY" width="2480px" height="3494px"/>
			<graphic mimeType="pdf" url="AM%2011%20fol./64/WEB_DISPLAY"/>
		</surface>
		<surface xml:id="AM02-0011-0033r" n="65">
			<desc>0033r</desc>
			<graphic mimeType="pdf" url="AM%2011%20fol./65/HIGH_QUALITY_DISPLAY"/>
			<graphic mimeType="jpg" url="AM%2011%20fol./65/THUMBNAIL" width="200px" height="283px"/>
			<graphic mimeType="jpg" url="AM%2011%20fol./65/SECONDARY_DISPLAY" width="2472px" height="3496px"/>
			<graphic mimeType="pdf" url="AM%2011%20fol./65/WEB_DISPLAY"/>
		</surface>
		<surface xml:id="AM02-0011-0033v" n="66">
			<desc>0033v</desc>
			<graphic mimeType="pdf" url="AM%2011%20fol./66/HIGH_QUALITY_DISPLAY"/>
			<graphic mimeType="jpg" url="AM%2011%20fol./66/THUMBNAIL" width="200px" height="283px"/>
			<graphic mimeType="jpg" url="AM%2011%20fol./66/SECONDARY_DISPLAY" width="2472px" height="3492px"/>
			<graphic mimeType="pdf" url="AM%2011%20fol./66/WEB_DISPLAY"/>
		</surface>
		<surface xml:id="AM02-0011-0034r" n="67">
			<desc>0034r</desc>
			<graphic mimeType="pdf" url="AM%2011%20fol./67/HIGH_QUALITY_DISPLAY"/>
			<graphic mimeType="jpg" url="AM%2011%20fol./67/THUMBNAIL" width="200px" height="281px"/>
			<graphic mimeType="jpg" url="AM%2011%20fol./67/SECONDARY_DISPLAY" width="2480px" height="3492px"/>
			<graphic mimeType="pdf" url="AM%2011%20fol./67/WEB_DISPLAY"/>
		</surface>
		<surface xml:id="AM02-0011-0034v" n="68">
			<desc>0034v</desc>
			<graphic mimeType="pdf" url="AM%2011%20fol./68/HIGH_QUALITY_DISPLAY"/>
			<graphic mimeType="jpg" url="AM%2011%20fol./68/THUMBNAIL" width="200px" height="282px"/>
			<graphic mimeType="jpg" url="AM%2011%20fol./68/SECONDARY_DISPLAY" width="2480px" height="3498px"/>
			<graphic mimeType="pdf" url="AM%2011%20fol./68/WEB_DISPLAY"/>
		</surface>
		<surface xml:id="AM02-0011-0035r" n="69">
			<desc>0035r</desc>
			<graphic mimeType="pdf" url="AM%2011%20fol./69/HIGH_QUALITY_DISPLAY"/>
			<graphic mimeType="jpg" url="AM%2011%20fol./69/THUMBNAIL" width="200px" height="281px"/>
			<graphic mimeType="jpg" url="AM%2011%20fol./69/SECONDARY_DISPLAY" width="2488px" height="3494px"/>
			<graphic mimeType="pdf" url="AM%2011%20fol./69/WEB_DISPLAY"/>
		</surface>
		<surface xml:id="AM02-0011-0035v" n="70">
			<desc>0035v</desc>
			<graphic mimeType="pdf" url="AM%2011%20fol./70/HIGH_QUALITY_DISPLAY"/>
			<graphic mimeType="jpg" url="AM%2011%20fol./70/THUMBNAIL" width="200px" height="281px"/>
			<graphic mimeType="jpg" url="AM%2011%20fol./70/SECONDARY_DISPLAY" width="2488px" height="3493px"/>
			<graphic mimeType="pdf" url="AM%2011%20fol./70/WEB_DISPLAY"/>
		</surface>
		<surface xml:id="AM02-0011-0036r" n="71">
			<desc>0036r</desc>
			<graphic mimeType="pdf" url="AM%2011%20fol./71/HIGH_QUALITY_DISPLAY"/>
			<graphic mimeType="jpg" url="AM%2011%20fol./71/THUMBNAIL" width="200px" height="281px"/>
			<graphic mimeType="jpg" url="AM%2011%20fol./71/SECONDARY_DISPLAY" width="2488px" height="3498px"/>
			<graphic mimeType="pdf" url="AM%2011%20fol./71/WEB_DISPLAY"/>
		</surface>
		<surface xml:id="AM02-0011-0036v" n="72">
			<desc>0036v</desc>
			<graphic mimeType="pdf" url="AM%2011%20fol./72/HIGH_QUALITY_DISPLAY"/>
			<graphic mimeType="jpg" url="AM%2011%20fol./72/THUMBNAIL" width="200px" height="281px"/>
			<graphic mimeType="jpg" url="AM%2011%20fol./72/SECONDARY_DISPLAY" width="2488px" height="3494px"/>
			<graphic mimeType="pdf" url="AM%2011%20fol./72/WEB_DISPLAY"/>
		</surface>
		<surface xml:id="AM02-0011-0037r" n="73">
			<desc>0037r</desc>
			<graphic mimeType="pdf" url="AM%2011%20fol./73/HIGH_QUALITY_DISPLAY"/>
			<graphic mimeType="jpg" url="AM%2011%20fol./73/THUMBNAIL" width="200px" height="281px"/>
			<graphic mimeType="jpg" url="AM%2011%20fol./73/SECONDARY_DISPLAY" width="2488px" height="3491px"/>
			<graphic mimeType="pdf" url="AM%2011%20fol./73/WEB_DISPLAY"/>
		</surface>
		<surface xml:id="AM02-0011-0037v" n="74">
			<desc>0037v</desc>
			<graphic mimeType="pdf" url="AM%2011%20fol./74/HIGH_QUALITY_DISPLAY"/>
			<graphic mimeType="jpg" url="AM%2011%20fol./74/THUMBNAIL" width="200px" height="281px"/>
			<graphic mimeType="jpg" url="AM%2011%20fol./74/SECONDARY_DISPLAY" width="2488px" height="3498px"/>
			<graphic mimeType="pdf" url="AM%2011%20fol./74/WEB_DISPLAY"/>
		</surface>
		<surface xml:id="AM02-0011-0038r" n="75">
			<desc>0038r</desc>
			<graphic mimeType="pdf" url="AM%2011%20fol./75/HIGH_QUALITY_DISPLAY"/>
			<graphic mimeType="jpg" url="AM%2011%20fol./75/THUMBNAIL" width="200px" height="282px"/>
			<graphic mimeType="jpg" url="AM%2011%20fol./75/SECONDARY_DISPLAY" width="2480px" height="3495px"/>
			<graphic mimeType="pdf" url="AM%2011%20fol./75/WEB_DISPLAY"/>
		</surface>
		<surface xml:id="AM02-0011-0038v" n="76">
			<desc>0038v</desc>
			<graphic mimeType="pdf" url="AM%2011%20fol./76/HIGH_QUALITY_DISPLAY"/>
			<graphic mimeType="jpg" url="AM%2011%20fol./76/THUMBNAIL" width="200px" height="282px"/>
			<graphic mimeType="jpg" url="AM%2011%20fol./76/SECONDARY_DISPLAY" width="2480px" height="3495px"/>
			<graphic mimeType="pdf" url="AM%2011%20fol./76/WEB_DISPLAY"/>
		</surface>
		<surface xml:id="AM02-0011-0039r" n="77">
			<desc>0039r</desc>
			<graphic mimeType="pdf" url="AM%2011%20fol./77/HIGH_QUALITY_DISPLAY"/>
			<graphic mimeType="jpg" url="AM%2011%20fol./77/THUMBNAIL" width="200px" height="281px"/>
			<graphic mimeType="jpg" url="AM%2011%20fol./77/SECONDARY_DISPLAY" width="2488px" height="3490px"/>
			<graphic mimeType="pdf" url="AM%2011%20fol./77/WEB_DISPLAY"/>
		</surface>
		<surface xml:id="AM02-0011-0039v" n="78">
			<desc>0039v</desc>
			<graphic mimeType="pdf" url="AM%2011%20fol./78/HIGH_QUALITY_DISPLAY"/>
			<graphic mimeType="jpg" url="AM%2011%20fol./78/THUMBNAIL" width="200px" height="281px"/>
			<graphic mimeType="jpg" url="AM%2011%20fol./78/SECONDARY_DISPLAY" width="2488px" height="3496px"/>
			<graphic mimeType="pdf" url="AM%2011%20fol./78/WEB_DISPLAY"/>
		</surface>
		<surface xml:id="AM02-0011-0040r" n="79">
			<desc>0040r</desc>
			<graphic mimeType="pdf" url="AM%2011%20fol./79/HIGH_QUALITY_DISPLAY"/>
			<graphic mimeType="jpg" url="AM%2011%20fol./79/THUMBNAIL" width="200px" height="281px"/>
			<graphic mimeType="jpg" url="AM%2011%20fol./79/SECONDARY_DISPLAY" width="2488px" height="3495px"/>
			<graphic mimeType="pdf" url="AM%2011%20fol./79/WEB_DISPLAY"/>
		</surface>
		<surface xml:id="AM02-0011-0040v" n="80">
			<desc>0040v</desc>
			<graphic mimeType="pdf" url="AM%2011%20fol./80/HIGH_QUALITY_DISPLAY"/>
			<graphic mimeType="jpg" url="AM%2011%20fol./80/THUMBNAIL" width="200px" height="281px"/>
			<graphic mimeType="jpg" url="AM%2011%20fol./80/SECONDARY_DISPLAY" width="2488px" height="3492px"/>
			<graphic mimeType="pdf" url="AM%2011%20fol./80/WEB_DISPLAY"/>
		</surface>
		<surface xml:id="AM02-0011-0041r" n="81">
			<desc>0041r</desc>
			<graphic mimeType="pdf" url="AM%2011%20fol./81/HIGH_QUALITY_DISPLAY"/>
			<graphic mimeType="jpg" url="AM%2011%20fol./81/THUMBNAIL" width="200px" height="281px"/>
			<graphic mimeType="jpg" url="AM%2011%20fol./81/SECONDARY_DISPLAY" width="2488px" height="3496px"/>
			<graphic mimeType="pdf" url="AM%2011%20fol./81/WEB_DISPLAY"/>
		</surface>
		<surface xml:id="AM02-0011-0041v" n="82">
			<desc>0041v</desc>
			<graphic mimeType="pdf" url="AM%2011%20fol./82/HIGH_QUALITY_DISPLAY"/>
			<graphic mimeType="jpg" url="AM%2011%20fol./82/THUMBNAIL" width="200px" height="282px"/>
			<graphic mimeType="jpg" url="AM%2011%20fol./82/SECONDARY_DISPLAY" width="2480px" height="3495px"/>
			<graphic mimeType="pdf" url="AM%2011%20fol./82/WEB_DISPLAY"/>
		</surface>
		<surface xml:id="AM02-0011-0042r" n="83">
			<desc>0042r</desc>
			<graphic mimeType="pdf" url="AM%2011%20fol./83/HIGH_QUALITY_DISPLAY"/>
			<graphic mimeType="jpg" url="AM%2011%20fol./83/THUMBNAIL" width="200px" height="281px"/>
			<graphic mimeType="jpg" url="AM%2011%20fol./83/SECONDARY_DISPLAY" width="2480px" height="3492px"/>
			<graphic mimeType="pdf" url="AM%2011%20fol./83/WEB_DISPLAY"/>
		</surface>
		<surface xml:id="AM02-0011-accMat01r" n="84">
			<desc>accMat01r</desc>
			<graphic mimeType="pdf" url="AM%2011%20fol./84/HIGH_QUALITY_DISPLAY"/>
			<graphic mimeType="jpg" url="AM%2011%20fol./84/THUMBNAIL" width="200px" height="298px"/>
			<graphic mimeType="jpg" url="AM%2011%20fol./84/SECONDARY_DISPLAY" width="2376px" height="3536px"/>
			<graphic mimeType="pdf" url="AM%2011%20fol./84/WEB_DISPLAY"/>
		</surface>
		<surface xml:id="AM02-0011-accMat01v" n="85">
			<desc>accMat01v</desc>
			<graphic mimeType="pdf" url="AM%2011%20fol./85/HIGH_QUALITY_DISPLAY"/>
			<graphic mimeType="jpg" url="AM%2011%20fol./85/THUMBNAIL" width="200px" height="298px"/>
			<graphic mimeType="jpg" url="AM%2011%20fol./85/SECONDARY_DISPLAY" width="2376px" height="3535px"/>
			<graphic mimeType="pdf" url="AM%2011%20fol./85/WEB_DISPLAY"/>
		</surface>
	</facsimile>
</TEI>