<?xml version="1.0" encoding="UTF-8"?>
<?oxygen RNGSchema="http://www.handrit.is/schema/handrit-1.0.rnc" type="compact"?>
<TEI xmlns="http://www.tei-c.org/ns/1.0">
     <teiHeader>
          <fileDesc>
               <titleStmt>
                    <title>Handritaskrá Árnastofnunar</title>
               </titleStmt>
               <publicationStmt>
                    <p>Tilraunaútgáfa</p>
               </publicationStmt>
               <sourceDesc>
                    <msDesc xml:lang="is" xml:id="AM02-0122b-is">
                         <msIdentifier>
                              <country key="IS">Ísland</country>
                              <settlement>Reykjavík</settlement>
                              <institution>Stofnun Árna Magnússonar í íslenskum fræðum</institution>
                              <repository>Handritasvið</repository>
                              <collection>Safn Árna Magnússonar</collection>
                              <idno>AM 122 b fol.</idno>
                              <altIdentifier type="internal" subtype="KKKat">
                                   <idno>150</idno>
                              </altIdentifier>
                         </msIdentifier>

                         <msContents>
                              <summary><title type="uniform">Sturlunga saga</title>
                                   <title type="uniform">Árna saga biskups</title>
                                   <title type="uniform">Guðmundar saga biskups</title></summary>

                              <msItem n="1" defective="true" class="samt">
                                   <locus from="1r" facs="#AM02-0122b-0001r" to="24v">1r-24v</locus>
                                   <title type="uniform">Sturlunga saga</title>
                                   <note>Nítján brot.
                                       </note>

                                   <msItem n="1.1" defective="true" class="samt">
                                        <locus from="1r" facs="#AM02-0122b-0001r" to="1v">1r-v</locus>
                                        <incipit defective="true">… sýna hversu mikið göfugmenni
                                             …</incipit>
                                        <explicit defective="true"> … og hið mesta stórmenni í
                                             skapi …</explicit>
                                        <note>Um helmingur ytri dálks er skorinn
                                                  burt.</note>
                                        <!-- Sturlunga saga Oxf. I, 4-8 -->
                                   </msItem>

                                   <msItem n="1.2" defective="true" class="samt">
                                        <locus from="2r" facs="#AM02-0122b-0002r" to="2v">2r-v</locus>
                                        <incipit defective="true">… [giftu]maður og mun oft verða
                                             þinnar …</incipit>
                                        <explicit defective="true">… þá er hann gekk inn í búðina
                                             …</explicit>
                                        <note>
                                             <p>Nokkrir bókstafir meðfram jaðri innri
                                                  spássíu eru skornir burt.</p>
                                                  <p>Blaðið er í plastvasa í bandinu.</p>
                         
                                        </note>
                                        <!-- Sturlunga saga Oxf. I, 22-26 -->
                                   </msItem>

                                   <msItem n="1.3" defective="true" class="samt">
                                        <locus from="3r" facs="#AM02-0122b-0003r" to="3v">3r-v</locus>
                                        <incipit defective="true">… Sæmundur hinn fróði átti… </incipit>
                                        <explicit defective="true">… Snorri Þórðar[son] var faðir
                                             Þórðar…</explicit>
                                        <note>
                                             <p>Blað <locus from="3v" facs="#AM02-0122b-0003v" to="3v">3v</locus> er
                                                  illlæsilegt.</p>
                                        </note>
                                        <!-- Sturlunga saga Oxf. I, 189-193 -->
                                   </msItem>

                                   <msItem n="1.4" defective="true" class="samt">
                                        <locus from="4r" facs="#AM02-0122b-0004r" to="5v">4r-5v</locus>
                                        <incipit defective="true">… Einars fóstbróður
                                             …</incipit>
                                        <explicit defective="true">… og spurði því hann gerði
                                             honum slíkan …</explicit>
                                        <note>Blað <locus from="4r" facs="#AM02-0122b-0004r" to="4v">4</locus> er
                                                  slitið og skemmt, innra horn að ofan er rifið af;
                                                  það er laust í bandinu.</note>
                                        <!-- Sturlunga saga Oxf. I, 46-54 -->
                                   </msItem>

                                   <msItem n="1.5" defective="true" class="samt">
                                        <locus from="6r" facs="#AM02-0122b-0006r" to="6v">6r-v</locus>
                                        <incipit defective="true">… trau[sts] á menn með fégjöfum
                                             til liðveislu …</incipit>
                                        <explicit defective="true">… við þeirri konu er Helga hét
                                             …</explicit>
                                        <!-- Sturlunga saga Oxf. I, 82-88 -->
                                   </msItem>

                                   <msItem n="1.6" defective="true" class="samt">
                                        <locus from="7r" facs="#AM02-0122b-0007r" to="7v">7r-v</locus>
                                        <incipit defective="true">… en þá hélt maður á reipi
                                             hverju …</incipit>
                                        <explicit defective="true">… hann biður Guðmund fara
                                             …</explicit>
                                        <!-- Sturlunga saga Oxf. I, 97-101 -->
                                   </msItem>

                                   <msItem n="1.7" defective="true" class="samt">
                                        <locus from="8r" facs="#AM02-0122b-0008r" to="8v">8r-v</locus>
                                        <incipit defective="true">… og vildu [nauð]ga hann
                                             til sag[na] …</incipit>
                                        <explicit defective="true">… og var heima nokkra stund
                                             …</explicit>
                                        <!-- Sturlunga saga Oxf. I, 162-166 -->
                                   </msItem>

                                   <msItem n="1.8" defective="true" class="samt">
                                        <locus from="9r" facs="#AM02-0122b-0009r" to="9v">9r-v</locus>
                                        <incipit defective="true">… aðra fyrri og lofaði Guðmundur
                                             það …</incipit>
                                        <explicit defective="true">… En ég skal velja mann til … </explicit>
                                        <note>Blaðið er laust í bandinu.</note>
                                        <!-- Sturlunga saga Oxf. I, 171-174 -->
                                   </msItem>

                                   <msItem n="1.9" defective="true" class="samt">
                                        <locus from="10r" facs="#AM02-0122b-0010r" to="10v">10r-v</locus>
                                        <incipit defective="true">… ger[ir] orð Kolbeini
                                             …</incipit>
                                        <explicit defective="true">… um myrginn. Þá gengu
                                             …</explicit>
                                        <note>Einungis efri helmingur blaðs.</note>
                                        <!-- Sturlunga saga Oxf. I, 216-221 -->
                                   </msItem>

                                   <msItem n="1.10" defective="true" class="samt">
                                        <locus from="11r" facs="#AM02-0122b-0011r" to="11v">11r-v</locus>
                                        <incipit defective="true">Galt Þórður þá XI tigi
                                             .c.</incipit>
                                        <explicit defective="true">Í engum ráðum eður vitorði verið
                                             með Ólafi.</explicit>
                                        <!-- Sturlunga saga Oxf. I, 298-302 -->
                                   </msItem>

                                   <msItem n="1.11" defective="true" class="samt">
                                        <locus from="12r" facs="#AM02-0122b-0012r" to="12v">12r-v</locus>
                                        <incipit defective="true">… drengjum áheyrilig boð
                                             …</incipit>
                                        <explicit defective="true">… Þórður Henriksson, Högni
                                             Halldórsson bö[ð] …</explicit>
                                        <note>Einungis innri dálkur.</note>
                                        <!-- Sturlunga saga Oxf. I, 309-314 -->
                                   </msItem>

                                   <msItem n="1.12" defective="true" class="samt">
                                        <locus from="13r" facs="#AM02-0122b-0013r" to="13v">13r-v</locus>
                                        <incipit defective="true">… [Ó]rækja var nú í Vatnsfirði
                                             …</incipit>
                                        <explicit defective="true">… og höfðu látið skafa
                                             …</explicit>
                                        <note>
                                             <p>Nokkrir bókstafir meðfram jaðri innri
                                                  spássíu eru skornir burt.</p>
                                                  <p>Blaðið er í plastvasa í bandinu.</p>
                                        </note>
                                        <!-- Sturlunga saga Oxf. I, 318-323 -->
                                   </msItem>

                                   <msItem n="1.13" defective="true" class="samt">
                                        <locus from="14r" facs="#AM02-0122b-0014r" to="14v">14r-v</locus>
                                        <incipit defective="true">… yfir landinu hafði hafði (!)
                                             Hákon konungur …</incipit>
                                        <explicit defective="true">… til búðar. Tók Guðmundur
                                             …</explicit>
                                        <!-- Sturlunga saga Oxf. I, 380-385 -->
                                   </msItem>

                                   <msItem n="1.14" defective="true" class="samt">
                                        <locus from="15r" facs="#AM02-0122b-0015r" to="15v">15r-v</locus>
                                        <incipit defective="true">… þá menn upp teknir
                                             …</incipit>
                                        <explicit defective="true">… Eftir þetta fór Þuríður til
                                             … </explicit>
                                        <note>Einungis hluti innri dálks.</note>
                                        <!-- Sturlunga saga Oxf. II, 41-48 -->
                                   </msItem>

                                   <msItem n="1.15" defective="true" class="samt">
                                        <locus from="16r" facs="#AM02-0122b-0016r" to="16v">16r-v</locus>
                                        <incipit defective="true">… tóku þá meðal göngur
                                             …</incipit>
                                        <explicit defective="true">… og margt kom við
                                             …</explicit>
                                        <note>Meginhluti ytri dálks er skorinn burt.
                                                  Síðustu orðin eru næstum ólæsileg.
                                             </note>
                                        <!-- Sturlunga saga Oxf. II, 115-121 -->
                                   </msItem>

                                   <msItem n="1.16" defective="true" class="samt">
                                        <locus from="17r" facs="#AM02-0122b-0017r" to="18v">17r-18v</locus>
                                        <incipit defective="true">… gengu þeir Þorgeir og Þorgils
                                             til laugar …</incipit>
                                        <explicit defective="true">… og bað hann koma
                                             …</explicit>
                                        <!-- Sturlunga saga Oxf. II, 132-140 -->
                                   </msItem>

                                   <msItem n="1.17" defective="true" class="samt">
                                        <locus from="19r" facs="#AM02-0122b-0019r" to="19v">19r-v</locus>
                                        <incipit defective="true">… vetri fyrr en þetta var … </incipit>
                                        <explicit defective="true">… hjó hann með sverði í höfuðið
                                             …</explicit>
                                        <note>Blaðið er götótt og helmingur ytri dálks
                                                  skorinn burt.&amp;gt;</note>
                                        <!-- Sturlunga saga Oxf. II, 156-161 -->
                                   </msItem>

                                   <msItem n="1.18" defective="true" class="samt">
                                        <locus from="20r" facs="#AM02-0122b-0020r" to="23v">20r-23v</locus>
                                        <incipit defective="true">… komu til Þingeyra
                                             …</incipit>
                                        <explicit defective="true">… nær LXXX … til ferðar
                                             …</explicit>
                                        <note>
                                            <p> Hér og þar er skorið utan af ytri spássíu á
                                                  blaði <locus from="20r" facs="#AM02-0122b-0020r" to="20v">20</locus>.</p>
                                             <p>Einungis tvö brot eru eftir af blaði <locus from="21r" facs="#AM02-0122b-0021r" to="21v">21</locus>, þau eru í
                                                  plastvasa í bandinu.</p>
                                                  <p>Það vantar rúmlega helming ofan af innri
                                                  dálki á blaði <locus from="22r" facs="#AM02-0122b-0022r" to="22v">22</locus>, tæplega helming ofan af ytri dálki.
                                                  Blaðið er fest á pappaspjald sem laust er í
                                                  bandinu fyrir aftan plastvasa.</p>
                                                  <p>Einungis hluti af innri dálki á blaði <locus from="23r" facs="#AM02-0122b-0023r" to="23v">23</locus> er eftir.</p>
                                                  <p>Blöð 20r-23v hafa verið notuð sem
                                                  fatasnið.</p>
                                        </note>
                                        <!-- Sturlunga saga Oxf. II, 170-188 -->
                                   </msItem>

                                   <msItem n="1.19" defective="true" class="samt">
                                        <locus from="24r" facs="#AM02-0122b-0024r" to="24v">24r-v</locus>
                                        <incipit defective="true">… [fra]man á brjóstið í
                                             bardaganum …</incipit>
                                        <explicit defective="true">… vildi hann það eigi. Skildust
                                             … </explicit>
                                        <note>
                                             <p>Einungis efri helmingur blaðs, mjög slitinn
                                                  og dökkur.</p>
                                                  <p>Blaðið er í plastvasa í bandinu.</p>
                                        </note>
                                        <!-- nogle bogstavpladser bortskårne langs indre spalte? (ath.) -->
                                        <!-- Sturlunga saga Oxf. II, 218-223 -->
                                   </msItem>
                              </msItem>

                              <msItem n="2" defective="true" class="bisks">
                                   <locus from="25r" facs="#AM02-0122b-0025r" to="27v">25r-27v</locus>
                                   <title type="uniform">Árna saga biskups</title>
                                   <note>Þrjú brot.</note>
                                   <msItem n="2.1" defective="true">
                                        <locus from="25r" facs="#AM02-0122b-0025r" to="25v">25r-v</locus>
                                        <incipit defective="true">… Herra Magnús … hversu þau
                                             skildi …</incipit>
                                        <explicit defective="true">… erkibiskups boðskap [Sneri]
                                             …</explicit>
                                        <!-- Arna biskups saga, Biskupa sögur I, 698-703 -->
                                   </msItem>

                                   <msItem n="2.2" defective="true" class="bisks">
                                        <locus from="26r" facs="#AM02-0122b-0026r" to="26v">26r-v</locus>
                                        <incipit defective="true">… á kistunni en hún var eigi um
                                             vættar höfga …</incipit>
                                        <explicit defective="true">… svo að hann gaf eigi upp
                                             …</explicit>
                                        <note><p>Næstum allur ytri dálkur er skorinn
                                                  burt.</p></note>
                                        <!-- Arna biskups saga, Biskupa sögur I, 712-717 -->
                                   </msItem>

                                   <msItem n="2.3" defective="true" class="bisks">
                                        <locus from="27r" facs="#AM02-0122b-0027r" to="27v">27r-v</locus>
                                        <incipit defective="true">… [M]án[udaginn í] gagndögum lét
                                             hann …</incipit>
                                        <explicit defective="true">… sneru öllum sínum lygðum og
                                             rang …</explicit>
                                        <!-- Arna biskups saga, Biskupa sögur I, 761-766 -->
                                   </msItem>

                              </msItem>
                              <msItem n="3" defective="true" class="bisks">
                                   <locus from="28r" facs="#AM02-0122b-0028r" to="30v">28r-30v</locus>
                                   <title type="uniform">Guðmundar saga biskups</title>
                                   <note>Þrjú brot.</note>

                                   <msItem n="3.1" defective="true" class="bisks">
                                        <locus from="28r" facs="#AM02-0122b-0028r" to="28v">28r-v</locus>
                                        <incipit defective="true">… Hér fara margar sögur saman
                                             …</incipit>
                                        <explicit defective="true">… Mér er svo mikil forvitni á
                                             að sjá …</explicit>
                                        <!-- Guðmundar biskups saga, Biskupa sögur I, 585-594 -->
                                   </msItem>

                                   <msItem n="3.2" defective="true" class="bisks">
                                        <locus from="29r" facs="#AM02-0122b-0029r" to="29v">29r-v</locus>
                                        <incipit defective="true">… og hafði jafnan síðan hægra
                                             ráð en áður …</incipit>
                                        <explicit defective="true">… Þorkell var faðir Barkar
                                             …</explicit>
                                        <note>Einungis ytri dálkur, vantar neðan af
                                                  blaðinu.</note>
                                        <!-- Guðmundar biskups saga, Biskupa sögur I, 595-597 -->
                                   </msItem>

                                   <msItem n="3.3" defective="true" class="bisks">
                                        <locus from="30r" facs="#AM02-0122b-0030r" to="30v">30r-v</locus>
                                        <incipit defective="true">… [K]olbeinn átti hrút þann er
                                             gersimi var í … </incipit>
                                        <explicit defective="true">… Hákon og Hildibrandur
                                             …</explicit>
                                        <note>Vantar neðan af blaðinu.</note>
                                        <!-- Guðmundar biskups saga, Biskupa sögur I, 465, 451-455 -->
                                   </msItem>
                              </msItem>
                         </msContents>

                         <physDesc>
                              <objectDesc form="codex">
                                   <supportDesc material="perg">
                                        <support>Pappír.</support>
                                        <extent>30 blöð</extent>
                                   </supportDesc>

                                   <layoutDesc>
                                        <layout columns="2" writtenLines="42">
                                             <p><list>
                                                  <item>Tvídálka.</item>
                                                  </list></p>
                                        </layout>
                                   </layoutDesc>
                              </objectDesc>

                              <handDesc>
                                   <handNote scope="sole" script="textualis" scribe="BenBry001"><list>
                                             <item>Með hendi <name type="person" key="BenBry001">Benedikts Brynjólfssonar</name> (eða <name type="person" key="">Björns
                                                  Brynjólfssonar</name>), textaskrift.</item>
                                        </list><note>
                                             <p><list>
                                                  <item>Ein hönd (sbr. <bibl>
                                                  	<ref type="secundary" target="SteKar1552a">Stefán
                                                  Karlsson: 1970; 2000</ref><biblScope type="pages">120-40; 330-335</biblScope>
                                                  <!-- Sé það rétt að Reykjarfjarðarbók hafi orðið til í áföngum á alllöngum tíma (sbr. II. og III. kafla)
                                                       verður um leið líklegra að skrifari, sem hefur haft í ýmis önnur horn að líta, hafi gert hana handa sjálfum sér eða
                                                       húsbónda sínum, heldur en að atvinnuskrifari hafi gert hana eftir pöntun. Um leið mætti láta sér til hugar koma að 
                                                       skrifarinn væri Björn Brynjólfsson Bjarnasonar, því að af kunnum mönnum er annar varla líklegri til að skrifa framan 
                                                       af áþekkt Brynjólfi Bjarnarsyni, en þegar á leið líkara Benedikt syni hans. ( sbr. Stefán Karlsson 1970;2000: 318)-->
                                                  </bibl>).</item>
                                                  </list></p>
                                        </note>
                                   </handNote>

                              </handDesc>

                              <decoDesc>
                                   <decoNote type="initial">
                                        <p><list>
                                                  <item>Litaðir upphafsstafir í hluta handritsins
                                                  (sjá t.d. blöð <locus from="3r" facs="#AM02-0122b-0003r" to="3r">3r</locus>
                                                  og <locus from="4r" facs="#AM02-0122b-0004r" to="4r">4r</locus>).</item>
                                             </list></p>
                                   </decoNote>
                                   <decoNote type="miniature">
                                        <p><list>
                                                  <item>Teikning af konu á blaði <locus from="27v" facs="#AM02-0122b-0027v" to="27v">27v</locus>.</item>
                                             </list></p>
                                   </decoNote>
                              </decoDesc>
                              <additions>
                                   <p>
                                        <list>
                                             <item>Spássíugreinar um eigendur og aðföng með hendi
                                                  <name key="ArnMag001" type="person">Árna
                                                  Magnússonar</name> á blöðum <locus from="4r" facs="#AM02-0122b-0004r" to="4r">4r</locus>, <locus from="8r" facs="#AM02-0122b-0008r" to="8r">8r</locus>, <locus from="10v" facs="#AM02-0122b-0010v" to="10v">10v</locus>, <locus from="17r" facs="#AM02-0122b-0017r" to="17r">17r</locus>, <locus from="19v" facs="#AM02-0122b-0019v" to="19v">19v</locus> og <locus from="27r" facs="#AM02-0122b-0027r" to="27r">27r</locus> (sjá um feril).</item>
                                             <item>Áritun um eiganda með hendi <q>SES</q> á neðri
                                                  spássíu á blaði <locus from="8r" facs="#AM02-0122b-0008r" to="8r">8r</locus> (sjá um feril). Nafn <name key="SteEgg001" type="person">Steindórs
                                                  Eggertssonar</name> er á efri spássíu sama
                                                  blaðs.</item>
                                             <!-- Flutt úr <accMat>:
<item n="3">Neðst til hægri á bl. 4r <date>1703 </date>, prentað í Katalog: <q>Þetta blad hefi eg 1703. feinged fra Magnuse Aras. i Haga.</q></item>
<item n="4">Neðst til vinstri á bl. 8r er áritun Eggerts Snæbjörnssonar á Kirkjubóli árið 1705 um að hann eigi rímurnar með réttu og hafa bl. 7-8 verið höfð utan um rímnasafn. Árni skrifar hægra megin við áritunina <date>1708</date>, endursagt í Katalog: <q>fra Eggert Snæbi&ohal;rns syne 1708.</q></item>
<item n="5">Efst á bl. 10v <date>1707</date>, prentað í Katalog: <q>Fra Sigurdi Sigurdz syne &adac; Firde 1707.</q></item> 
<item n="9">Neðst til hægri á bl. 17r, prentað í Katalog:  <q>Fra Magnuse Jons syne i Snoks dal 1704.</q></item>
<item n="10">Neðst til hægri á bl. 19v, prentað í Katalog: <q>Þetta blad er 1703. komid fra Billdudal til Magnusar Arasonar enn fra honum til m&idda;n.</q></item>
<item n="12">Neðst á bl. 27r <date>um </date>, prentað í Katalog: <q>Fra Eggert Snæbi&ohal;rns s. a Mula 1708.</q></item> -->
                                             <item>Blaðsíðutöl úr <ref target="AM02-0117-118">AM
                                                  117-118 fol.</ref> og ártöl með hendi <name key="ArnMag001" type="person">Árna
                                                  Magnússonar</name> á stöku stað.</item>
                                             <!-- Hér og þar hefur Árni Magnússon skrifað blaðsíðutöl og ártöl úr AM 117-118 fol. Á bl. 11r efst skrifar Árni: <q>pag m. 421<q> og á væntanlega við 117-18; bl. 12 er aðeins einn dálkur og fast við; efst á 12r segir með hendi Árna <q>pag. m. 440<q>, en á 12v: <q>pag. m. 445.</q> Á 16r efst er pag. m. 732, en 753 á 17r; pag. m. 758 á 18r. Ártölin 1275 og 1276 setur hann á 25r úr Árna sögu… (MJ) -->
                                        </list>
                                   </p>
                              </additions>
                              <bindingDesc>
                                   <binding when="1957" contemporary="false">
                                        <p><list>
                                                  <item>Skinnband frá 1957 (<dimensions type="binding">
                                                  <height>341</height>
                                                  <width>270</width>
                                                  <depth>27</depth>
                                                  </dimensions>). Handritið liggur í öskju.</item>
                                             </list></p>
                                   </binding>
                              </bindingDesc>
                              <accMat>
                                   <p>Á milli fremra <locus from="0001v-FFl" facs="#AM02-0122b-0001v-FFl" to="0001v-FFl">saurblaðs verso</locus> og blaðs <locus from="1r" facs="#AM02-0122b-0001r" to="1r">1r</locus> í handriti eru átta <locus from="accMat01r" facs="#AM02-0122b-accMat01r" to="accMat08v">miðar</locus> með
                                        upplýsingum um uppruna, feril og innihald. Sjö seðlanna eru
                                        með hendi <name key="ArnMag001" type="person">Árna
                                             Magnússonar</name> en sá fyrsti er undirritaður:
                                             <q>Guðbrandur.</q>
                                   </p>
                                   <p>
                                        <list>
                                             <item n="1"> 1) Blár fastur <locus from="accMat01r" facs="#AM02-0122b-accMat01r" to="accMat01v">seðill</locus> sem festur er á
                                                  móttak; undirritaður <q>12. desember. 62.
                                                  Guðbrandur.</q> Efst á seðli er safnmark
                                                  handritsins.</item>
                                        </list>
                                   </p>
                                   <p>Seðlar með hendi <name key="ArnMag001" type="person">Árna
                                             Magnússonar</name>. Tveir þeir fyrstu eru festir á
                                        umslag sem áður var í <ref target="AM02-0122a" type="ms">AM
                                             122 a fol.</ref> Umslagið og þeir miðar sem á eftir
                                        fara eru fest sér á móttök. </p>
                                   <p>
                                        <list>
                                             <item n="1">2) Fastur <locus from="accMat02r" facs="#AM02-0122b-accMat02r" to="accMat02v">seðill</locus> (<dimensions type="slip" unit="mm">
                                                  <height>118</height>
                                                  <width>79</width>
                                                  </dimensions>): <quote type="AMSlip" xml:lang="is">Þetta blað úr Sturlunga sögu fékk ég í
                                                  Svefneyjum á Breiðafirði um veturinn skammt fyrir
                                                  jól 1723 meinast frá Flatey komið ásamt bókum
                                                  fyrir það var utan um fyrir saurblað.</quote>
                                             </item>
                                             <!-- er þetta hönd Árna? -->
                                             <item n="2">3) Fastur <locus from="accMat03r" facs="#AM02-0122b-accMat03r" to="accMat03v">seðill</locus> (<dimensions type="slip" unit="mm">
                                                  <height>193</height>
                                                  <width>112</width>
                                                  </dimensions>): <quote type="AMSlip" xml:lang="is">Sturlunga sögu blöð þessi eru frá Magnúsi Arasyni
                                                  til mín komin, en hann hefur þau fengið í
                                                  Bíldudal hjá Árna Guðmundssyni og er þar ekkert
                                                  meira.</quote>
                                             </item>
                                             <item n="3">4) Fastur <locus from="accMat04r" facs="#AM02-0122b-accMat04r" to="accMat04v">seðill</locus> (<dimensions type="slip" unit="mm">
                                                  <height>312</height>
                                                  <width>203</width>
                                                  </dimensions>); gamalt umslag (1 tvinn) fest á
                                                  móttak: <quote type="AMSlip" xml:lang="la">Tabula
                                                  ma[?] fragu[m?] Jslandiæ (Sturlunga sögu) quod
                                                  maximo Historiæ-Islandicæ damno, aulo auta nostra
                                                  tempore (imo in pueritia nostra) in occidentali
                                                  Jslandiam discerptum est et dissipatum. Codex olim
                                                  fuet Gislasonis Jonæ da Reykjarfirði.</quote>
                                             </item>
                                             <item n="4"> 5) Fastur <locus from="accMat05r" facs="#AM02-0122b-accMat05r" to="accMat05v">seðill</locus> (<dimensions type="slip" unit="mm">
                                                  <height>35</height>
                                                  <width>93</width>
                                                  </dimensions>), sem festur er á móttak. Á honum
                                                  stendur: <quote type="AMSlip" xml:lang="is">frá
                                                  captain Magnúsi Arasyni.</quote>
                                             </item>
                                             <item n="5"> 6) Fastur <locus from="accMat06r" facs="#AM02-0122b-accMat06r" to="accMat06v">seðill</locus> (<dimensions type="slip" unit="mm">
                                                  <height>195</height>
                                                  <width>139</width>
                                                  </dimensions>, sem festur er á móttak. Á honum er
                                                  greint frá 4 blöðum sem Árni hefur fengið frá
                                                  <name type="person" key="HalPal002">Halldóri
                                                  Pálssyni</name> í <name type="place" key="SelBíl01">Selárdal</name>: <quote type="AMslip" xml:lang="is">Úr Sturlunga sögu 4
                                                  blöð circiter. Komið til mín 1701 frá séra Halldóri
                                                  Pálssyni í Selárdal. Eru eigi úr þeirri sem Þórður
                                                  Steinþórsson átti og nú er hjá
                                                  mér.</quote></item>
                                             <item n="6"> 7) Fastur <locus from="accMat07r" facs="#AM02-0122b-accMat07r" to="accMat07v">seðill</locus> (<dimensions type="slip" unit="mm">
                                                  <height>176</height>
                                                  <width>119</width>
                                                  </dimensions>), sem festur er á móttak. Á honum
                                                  eru upplýsingar um hálft annað blað úr Árna sögu
                                                  biskups: <quote type="AMSlip" xml:lang="is">Hálft
                                                  annað blað úr Árna biskups sögu Þorlákssonar.
                                                  Fengið 1715 frá monsieur Árna Daðasyni með hans
                                                  bréfi dateruðu 1714.</quote></item>
                                             <item n="7">
                                                  <locus from="accMat08r" facs="#AM02-0122b-accMat08r" to="accMat08v">8)
                                                  Blaðpar</locus>, eitt tvinn sem fest er á móttak;
                                                  aðeins er skrifað fremst á það með hendi <name key="ArnMag001" type="person">Árna
                                                  Magnússonar</name> en <name type="person" key="GudVig001">Guðbrandur Vigfússon</name> á þar
                                                  eina athugasemd.</item>
                                        </list>
                                   </p>
                              </accMat>
                         </physDesc>

                         <history>
                              <origin notBefore="1375" notAfter="1399">
                                   <p>Handritið er skrifað á <origPlace key="IS">Íslandi</origPlace> og tímasett til ca 1375-1400
                                                  (sbr. <bibl>
                                                  <ref xml:id="ONPregistre" target="ONPregistre">ONPRegistre</ref>
                                                  </bibl>, bls. 433), en til um
                                                  <origDate>1400</origDate> í <bibl>
                                                  <ref target="KKKat">Katalog I</ref>
                                                  </bibl>, bls. 85.</p>
                              </origin>
                              <!-- Sjá Sagnanet um skrifara: Benedikt Brynjólfsson c14.-15. öld Ökrum skrifari -->
                              <provenance>
                                   <p>Bókin sem blöðin tilheyrðu var hjá <name key="ArnGud001" type="person">Árna Guðmundssyni</name> á <name type="place" key="">Bíldudal</name> og var þar rifin
                                        sundur. Þaðan fékk <name key="MagAra001" type="person">Magnús Arason</name> nokkur ótilgreind blöð sem <name key="ArnMag001" type="person">Árni Magnússon</name>
                                        fékk svo frá honum (sbr. <locus from="accMat03r" facs="#AM02-0122b-accMat03r" to="accMat03v">seðil</locus> og <ref target="AM02-0435a" type="ms">AM 435 a 4to</ref>, blað
                                        63v). Spássíugreinar og seðlar Árna veita upplýsingar um
                                        hvaðan hann fékk einstök blöð: <list>
                                             <item>Blað <locus from="4r" facs="#AM02-0122b-0004r" to="4r">4r</locus> er komið
                                                  frá <name key="MagAra001" type="person">Magnúsi
                                                  Arasyni</name> frá <name type="place" key="">Haga </name>
                                                  <date>1703</date>.</item>
                                             <item>Blöð <locus from="7r" facs="#AM02-0122b-0007r" to="8v">7 og 8</locus>
                                                  (samföst) eru frá <name key="EggSna001" type="person">Eggerti Snæbjörnssyni</name>
                                                  <date>1708</date>. Neðst á blaði <locus from="8r" facs="#AM02-0122b-0008r" to="8r">8r</locus> er áritun með hendi <q>SES</q>
                                                  frá <date>1705</date> þar sem Eggerti er merkt
                                                  rímnasafn sem þessi blöð hafa verið utan um. Á
                                                  efri spássíu sama blaðs hefur <name key="SteEgg002" type="person">Steindór
                                                  Eggertsson</name> (sennilega sami og <q>SES</q>)
                                                  skrifað nafn sitt.</item>
                                             <item>Blað <locus from="10r" facs="#AM02-0122b-0010r" to="10v">10</locus> er frá
                                                  <name key="SigSig005" type="person">Sigurði
                                                  Sigurðssyni</name> á <name type="place" key="FjöRey01">Firði</name>
                                                  <date>1707</date>.</item>
                                             <item>Blað <locus from="13r" facs="#AM02-0122b-0013r" to="13v">13</locus> er frá
                                                  <name key="OrmDad001" type="person">Ormi
                                                  Daðasyni</name>, afhent í <name type="place" key="SveRey01">Svefneyjum á Breiðafirði</name>
                                                  <date>1723</date>, en þangað er það talið komið
                                                  frá <name type="place" key="FlaMýr01">Flatey</name> ásamt bókinni sem það var utan
                                                  um.</item>
                                             <item>Blað <locus from="14r" facs="#AM02-0122b-0014r" to="14v">14</locus> er frá
                                                  <name key="MagAra001" type="person">Magnúsi
                                                  Arasyni</name> 1724.</item>
                                             <item>Blöð <locus from="16r" facs="#AM02-0122b-0016r" to="18v">16</locus> og
                                                  <locus from="18r" facs="#AM02-0122b-0018r" to="18v">18</locus> (samföst)
                                                  eru frá <name key="HalPal002" type="person">Halldóri Pálssyni</name> í <name type="place" key="SelBíl01">Selárdal</name>
                                                  <date>1701</date>.</item>
                                             <item>Blað <locus from="17r" facs="#AM02-0122b-0017r" to="17v">17</locus> er frá
                                                  <name key="MagJon007" type="person">Magnúsi
                                                  Jónssyni</name> í <name type="place" key="">Snóksdal</name>
                                                  <date>1704</date>.</item>
                                             <item>Blað <locus from="19r" facs="#AM02-0122b-0019r" to="19v">19</locus> er frá
                                                  <name key="MagAra001" type="person">Magnúsi
                                                  Arasyni</name> sem fékk það frá <name type="place" key="">Bíldudal</name>
                                                  <date>1703</date>.</item>
                                             <item>Blöð <locus from="25r" facs="#AM02-0122b-0025r" to="26v">25 og 26</locus>
                                                  eru frá <name key="OrmDad001" type="person">Ormi
                                                  Daðasyni</name> 1915.</item>
                                             <item>Blað <locus from="27r" facs="#AM02-0122b-0027r" to="27v">27</locus> er frá
                                                  <name key="EggSna001" type="person">Eggerti
                                                  Snæbjörnssyni</name> 1708.</item>
                                             <item>Blað <locus from="29r" facs="#AM02-0122b-0029r" to="29v">29</locus> er frá
                                                  <name key="ThoBjo001" type="person">Þórði
                                                  Björnssyni</name>
                                                  <date>1710</date>; það var áður hjá sr. <name key="AsgEin001" type="person">Ásgeiri
                                                  Einarssyni</name>.</item>
                                        </list>
                                   </p>
                              </provenance>
                              <!-- Fyrst spyrst til bókarinnar í bréfi Björns á Skarðsá 1635, en hann skrifaði hana upp fyrir Þorlák biskup Skúlason; sjá Sturlunga saga I bls. xxxv-xxxvii, handritaskrá bl. 63v, en útg. bls. 26 og ítarlegar athuganir Árna á ferli handritsins í AM 122 c fol. (MJ) -->
                              <acquisition when="1973-06-27">
                                   <p>Stofnun Árna Magnússonar á Íslandi tók við handritinu 27. júní
                                        1973.</p>
                              </acquisition>
                         </history>
                         <additional>
                              <adminInfo>
                                   <recordHist>
                                        <source>
                                             <p>
                                                  <name key="KriKaa001" type="person"> Kålund</name> gekk frá handritinu til skráningar
                                                  í <date when="1885-11-14">14. nóvember 1885</date>
                                                  <bibl>
                                                       <ref target="KKKat">Katalog I</ref>
                                                  </bibl>, bls. 85-88 (150),
                                                  
                                                  <name key="DriThr001" type="person">DKÞ</name>
                                                  skráði <date when="2001-06-19">19. júní
                                                       2001</date>,
                                                  <name type="person" key="ValHil001">VH</name>
                                                 skráði handritið skv. TEIP5 reglum <date when="2009-02-17">17. febrúar 2009</date>; lagfærði í <date when="2010-11">nóvember 2010</date>.
                                             </p>
                                        </source>

                                   </recordHist>
                                   <custodialHist>
                                        <custEvent type="conservation" notBefore="1957">
                                             <p>Viðgert og bundið eftir 1957.</p>
                                        </custEvent>
                                   </custodialHist>
                              </adminInfo>
                              <surrogates>
                                   <p>
                                        <list>
                                             <item>Svart-hvítar ljósmyndir á Det Arnamagnæanske
                                                  Institut í Kaupmannahöfn.</item>
                                             <item>Svart-hvítar ljósmyndir á Stofnun Árna
                                                  Magnússonar á Íslandi.</item>
                                             <item>Svart-hvít ljósmynd af bl. 27r á Stofnun Árna
                                                  Magnússonar á Íslandi.</item>
                                        </list>
                                   </p>
                              </surrogates>
                              <listBibl>
                              	<bibl>Hið Íslenzka bókmenntafélag 1858, <ref type="secondary-2" target="unknown03">Biskupa sögur
                              	</ref><biblScope type="volume">I</biblScope><biblScope type="pages">lxxiv</biblScope>;</bibl>
                              	<bibl><ref target="Rit2"/></bibl>
                              	<bibl>Ármann Jakobsson 2015, <ref target="ÁrmJak2015a">Hvað á að gera við Landnámu?</ref></bibl>
                              	<bibl>Bjarni Einarsson 1975, <ref target="BjaEin1975a">Litterære forudsætninger for Egils saga</ref></bibl>
                              	<bibl>Bjarni Einarsson 1977, <ref target="BjaEin1977a">Hallfreðar saga</ref></bibl>
                              	<bibl>Bullitta, D. 2016, <ref target="DarBul2016a">The story of Joseph of Arimathea in AM 655 XXVII 4to</ref></bibl>
                              	<bibl>Ciklamini, M. 1988, <ref target="MarCik1988a">Sturla Sighvatsson's chieftaincy. A moral problem</ref></bibl>
                              	<bibl>Cormack, M. 2008, <ref target="MarCor2008a">Catholic saints in Lutheran legend : post-reformation ecclesiastical 
                              		folklore in Iceland</ref></bibl>
                              	<bibl>Eriksen, S. G. 2018, <ref target="SteEri2018a">Emotional religiosity and religious happiness in Old Norse literature and culture</ref></bibl>
                              	<bibl>Foote, P. 1990, <ref target="PetFoo1990b">Introduction A Saga of St. Peter the apostle : Perg. 4:0 nr. 19 Royal Library Stockholm [Introduction]</ref></bibl>
                              	<bibl>Gísli Baldur Róbertsson 2996, <ref target="GísRób2006a">Snurðan á þræði Reykjafjarðarbókar</ref></bibl>
                              	<bibl>Guðrún Ása Grímsdóttir 1996, <ref target="GuðGrí1996a">Heimkynni uppskrifta Sturlunga sögu</ref></bibl>
                              	<bibl>Guðrún Ása Grímsdóttir 1998, <ref target="GuðGrí1998c">Biskupa sögur III</ref></bibl>
                              	<bibl>Guðrún Ása Grímsdóttir 2008, <ref target="GuðGrí2008a">Ættartölusafnrit séra Þórðar Jónssonar í Hítardal</ref></bibl>
                              	<bibl>Guðrún P. Helgadóttir 1993, <ref target="GuðHel1993a">Hrafns saga Sveinbjarnarsonar og Sturlunga saga. On the working method of the compilator of Sturlunga saga when including Hrafns saga in his antology</ref></bibl>
                              	<bibl>Guðrún Nordal 2010, <ref target="GuðNor2010a">Rewriting history: The fourteenth-century versions of Sturlunga saga</ref></bibl>
                              	<bibl>Guðrún Nordal 2014, <ref target="GuðNor2014a">Hrynmerki eða greinarmerki? : um punktasetningu i fjórtándu aldar handritum</ref></bibl>
                              	<bibl>Guðrún Nordal 2016, <ref target="GuðNor2016a">Konurnar í Sælingsdalstungu</ref></bibl>
                              	<bibl>Haraldur Bernharðsson 2002, <ref target="HarBer2002a">Skrifandi bændur og íslensk málsaga. Vangaveltur um málþróun og málheimildir</ref></bibl>
                              	<bibl>Haraldur Bernharðsson 2004, <ref target="HarBer2004b">Þykkja og þykja. Hljóðbeygingarvíxl einfölduð</ref></bibl>
                              	<bibl>Haraldur Bernharðsson 2006, <ref target="HarBer2006b">Gás, gæs og Gásir, Gásar : brot úr hljóðsögu og beygingarsögu</ref></bibl>
                              	<bibl>Hare, I.R. 1960, <ref target="I__Har1487a">Some observations on the relationship of the II-class paper MMS of Sturlunga saga</ref></bibl>
                              	<bibl>Hasle, A. 1967, <ref target="AnnHas1967a">Hrafns saga Sveinbjarnarsonar. B-redaktionen</ref></bibl>
                              	<bibl>Helgi Þorláksson 1988, <ref target="HelÞor1988a">Var Sturla Þórðarson þjóðfrelsishetja</ref></bibl>
                              	<bibl>Helgi Þorláksson 2012, <ref target="HelÞor2012a">Sturlunga - tilurð og markmið</ref> </bibl>
                              	<bibl>Hreinn Benediktsson 2002, <ref target="HreBen2002a">Linguistic studies, historical and comparative</ref></bibl>
                              	<bibl>Jakob Benediktsson 1949, <ref target="JakBen1949a">Skarðsbók. Jónsbók and other laws and precepts. MS. No. 350 fol. in the Arna-Magnæan Collection in the University Library of Copenhagen</ref></bibl>
                              	<bibl>Jakob Benediktsson 1958, <ref target="JakBen1958c">Introduction Sturlunga saga: Sturlunga saga manuscript no. 122 A fol. in the Arnamagnæan collection</ref></bibl>
                              	<bibl>Jón Helgason 1975, <ref target="JónHel0836a">Syv sagablade (AM 162 C fol, bl. 1-7)</ref></bibl>
                              	<bibl>Jón Ólafsson 2018, <ref target="JónÓla2018a">Safn til íslenskrar bókmenntasögu</ref></bibl>
                              	<bibl>Kålund, K. 1901, <ref target="KriKål1901a">Om håndskrifterne af Sturlunga Saga og dennes enkelte bestanddele</ref></bibl>
                              	<bibl>Kålund, K. 1906, <ref target="KriKål1906a">Sturlunga saga efter membranen Króksfjarðarbók. Udfyldt efter Reykjarfjarðarbók</ref></bibl>
                              	<bibl>Loth, A. 1977, <ref target="AgnLot1977c">Introduction Fornaldarsagas and late medieval romances AM 586 4to and AM 589 a-f 4to</ref></bibl>
                              	<bibl>Louis-Jensen, J. 1970 <ref target="JonLou1130a">Et forlæg til Flateyjarbók ? Fragmenterne AM 325 IV beta og XI, 3 4to</ref></bibl>
                              	<bibl>Louis-Jensen, J. 1979, <ref target="JonLou1141a">En nidstrofe</ref></bibl>
                              	<bibl>Már Jónsson 2009, <ref target="MárJón2009a">Sorgarsaga Reykjafjarðarbókar</ref></bibl>
                              	<bibl>Már Jónsson 2014, <ref target="MárJón2014a">Raunir handritasafnarans : Vestfjarðaleiðangur Árna Magnússonar sumarið 1710</ref></bibl>
                              	<bibl>Ólafía Einarsdóttir 1968, <ref target="ÓlaEin1968a">Om de to håndskrifter af Sturlunga saga</ref></bibl>
                              	<bibl>Ólafur Halldórsson 1958, <ref target="ÓlaHal1250a">Ólafs saga Tryggvasonar en mesta</ref></bibl>
                              	<bibl>Ólafur Halldórsson 1963, <ref target="OH1963">Úr sögu skinnbóka</ref></bibl>
                              	<bibl>Ólafur Halldórsson 1987, <ref target="OlaHal1987a">Færeyinga saga</ref></bibl>
                              	<bibl>Ólafur Halldórsson 1993, <ref target="ÓlaHal1993e">[Introduction] The Saga of king Olaf Tryggvason AM 62 fol</ref></bibl>
                              	<bibl>Clunies Ross, M. 2010, <ref target="MarClu2010a">Verse and prose in Egils saga Skallagrímssonar</ref></bibl>
                              	<bibl>Rósa Þorsteinsdóttir 2009, <ref target="RósÞor2009">Til að dansa á</ref></bibl>
                              	<bibl>Rösli, L. 2019, <ref target="LukRös2019a">Paratextual references to the gerne term Íslendinga sögur in Old Norse-Icelandic manuscripts</ref></bibl>
                              	<bibl>Seip, D.A. 1954, <ref target="DidSei1954a">Palæografi. B. Norge og Island</ref></bibl>
                              	<bibl>Sigurgeir Steingrímsson 2006, <ref target="SigSte2006a">Stefán Karlsson dr. phil h.c. 2.12.1928-2.5.2006</ref></bibl>
                              	<bibl>Springborg, P. 1977, <ref target="PetSpr1977a">Antiqvæ Historiæ Lepores - om renæssancen i den islandske håndskriftproduktion i 1600-tallet</ref></bibl>
                              	<bibl>Stefán Karlsson 1967, <ref target="SteKar1967c">Introduction Sagas of Icelandic bishops. Fragments of eight manuscripts</ref></bibl>
                              	<bibl>Stefán Karlsson 1970, <ref target="SteKar1552a">Ritun Reykjafjarðarbókar. Excursus, bókagerð bænda</ref></bibl>
                              	<bibl>Stefán Karlsson 1970, <ref target="SteKar1970d">Halldór Guðmundsson, norðlenzkur maður</ref></bibl>
                              	<bibl>Stefán Karlsson 1983, <ref target="SteKar1983a">Guðmundar sögur biskups</ref></bibl>
                              	<bibl>Stefán Karlsson 1984, <ref target="SteKar1984a">Textaspjöll í prestssögu og draugmerking orðs (Samtíningur)</ref></bibl>
                              	<bibl>Stefán Karlsson 1997, <ref target="SteKar1997b">Skrifarar Þorláks biskups Skúlasonar</ref></bibl>
                              	<bibl>Stefán Karlsson 2000, <ref target="SteKar2000r">Ritun Reykjafjarðarbókar. Excursus: Bókagerð bænda</ref></bibl>
                              	<bibl>Stefán Karlsson 2000, <ref target="SteKar2000x">Skrifarar Þorláks biskups Skúlasonar</ref></bibl>
                              	<bibl>Widding, O. 1961, <ref target="OleWid1822a">Conscientia i norrøne oversættelser</ref></bibl>
                              </listBibl>
                         </additional>
                    </msDesc>
               </sourceDesc>
          </fileDesc>
          <revisionDesc>
               <change when="2008-10" who="#EriHas01">Migrated from MASTER to P5</change>
          </revisionDesc>
     </teiHeader>
	<facsimile xml:base="https://myndir.handrit.is/file/Handrit.is/">
		<surface xml:id="AM02-0122b-0000r-FB" n="0">
			<desc>0000r-FB</desc>
			<graphic mimeType="pdf" url="AM%20122%20b%20fol./0/HIGH_QUALITY_DISPLAY"/>
			<graphic mimeType="jpg" url="AM%20122%20b%20fol./0/THUMBNAIL" width="200px" height="240px"/>
			<graphic mimeType="jpg" url="AM%20122%20b%20fol./0/SECONDARY_DISPLAY" width="5248px" height="6299px"/>
			<graphic mimeType="pdf" url="AM%20122%20b%20fol./0/WEB_DISPLAY"/>
		</surface>
		<surface xml:id="AM02-0122b-0000v-FB" n="1">
			<desc>0000v-FB</desc>
			<graphic mimeType="pdf" url="AM%20122%20b%20fol./1/HIGH_QUALITY_DISPLAY"/>
			<graphic mimeType="jpg" url="AM%20122%20b%20fol./1/THUMBNAIL" width="200px" height="248px"/>
			<graphic mimeType="jpg" url="AM%20122%20b%20fol./1/SECONDARY_DISPLAY" width="5088px" height="6299px"/>
			<graphic mimeType="pdf" url="AM%20122%20b%20fol./1/WEB_DISPLAY"/>
		</surface>
		<surface xml:id="AM02-0122b-0001r-FFl" n="2">
			<desc>0001r-FFl</desc>
			<graphic mimeType="pdf" url="AM%20122%20b%20fol./2/HIGH_QUALITY_DISPLAY"/>
			<graphic mimeType="jpg" url="AM%20122%20b%20fol./2/THUMBNAIL" width="200px" height="257px"/>
			<graphic mimeType="jpg" url="AM%20122%20b%20fol./2/SECONDARY_DISPLAY" width="4888px" height="6291px"/>
			<graphic mimeType="pdf" url="AM%20122%20b%20fol./2/WEB_DISPLAY"/>
		</surface>
		<surface xml:id="AM02-0122b-0001v-FFl" n="3">
			<desc>0001v-FFl</desc>
			<graphic mimeType="pdf" url="AM%20122%20b%20fol./3/HIGH_QUALITY_DISPLAY"/>
			<graphic mimeType="jpg" url="AM%20122%20b%20fol./3/THUMBNAIL" width="200px" height="248px"/>
			<graphic mimeType="jpg" url="AM%20122%20b%20fol./3/SECONDARY_DISPLAY" width="5088px" height="6299px"/>
			<graphic mimeType="pdf" url="AM%20122%20b%20fol./3/WEB_DISPLAY"/>
		</surface>
		<surface xml:id="AM02-0122b-accMat01r" n="4">
			<desc>accMat01r</desc>
			<graphic mimeType="pdf" url="AM%20122%20b%20fol./4/HIGH_QUALITY_DISPLAY"/>
			<graphic mimeType="jpg" url="AM%20122%20b%20fol./4/THUMBNAIL" width="200px" height="286px"/>
			<graphic mimeType="jpg" url="AM%20122%20b%20fol./4/SECONDARY_DISPLAY" width="1600px" height="2289px"/>
			<graphic mimeType="pdf" url="AM%20122%20b%20fol./4/WEB_DISPLAY"/>
		</surface>
		<surface xml:id="AM02-0122b-accMat01v" n="5">
			<desc>accMat01v</desc>
			<graphic mimeType="pdf" url="AM%20122%20b%20fol./5/HIGH_QUALITY_DISPLAY"/>
			<graphic mimeType="jpg" url="AM%20122%20b%20fol./5/THUMBNAIL" width="200px" height="227px"/>
			<graphic mimeType="jpg" url="AM%20122%20b%20fol./5/SECONDARY_DISPLAY" width="1872px" height="2121px"/>
			<graphic mimeType="pdf" url="AM%20122%20b%20fol./5/WEB_DISPLAY"/>
		</surface>
		<surface xml:id="AM02-0122b-addMat01r" n="6">
			<desc>addMat01r</desc>
			<graphic mimeType="pdf" url="AM%20122%20b%20fol./6/HIGH_QUALITY_DISPLAY"/>
			<graphic mimeType="jpg" url="AM%20122%20b%20fol./6/THUMBNAIL" width="200px" height="225px"/>
			<graphic mimeType="jpg" url="AM%20122%20b%20fol./6/SECONDARY_DISPLAY" width="3392px" height="3810px"/>
			<graphic mimeType="pdf" url="AM%20122%20b%20fol./6/WEB_DISPLAY"/>
		</surface>
		<surface xml:id="AM02-0122b-accMat02r" n="7">
			<desc>accMat02r</desc>
			<graphic mimeType="pdf" url="AM%20122%20b%20fol./7/HIGH_QUALITY_DISPLAY"/>
			<graphic mimeType="jpg" url="AM%20122%20b%20fol./7/THUMBNAIL" width="200px" height="292px"/>
			<graphic mimeType="jpg" url="AM%20122%20b%20fol./7/SECONDARY_DISPLAY" width="3936px" height="5747px"/>
			<graphic mimeType="pdf" url="AM%20122%20b%20fol./7/WEB_DISPLAY"/>
		</surface>
		<surface xml:id="AM02-0122b-accMat02v" n="8">
			<desc>accMat02v</desc>
			<graphic mimeType="pdf" url="AM%20122%20b%20fol./8/HIGH_QUALITY_DISPLAY"/>
			<graphic mimeType="jpg" url="AM%20122%20b%20fol./8/THUMBNAIL" width="200px" height="235px"/>
			<graphic mimeType="jpg" url="AM%20122%20b%20fol./8/SECONDARY_DISPLAY" width="2976px" height="3490px"/>
			<graphic mimeType="pdf" url="AM%20122%20b%20fol./8/WEB_DISPLAY"/>
		</surface>
		<surface xml:id="AM02-0122b-accMat03r" n="9">
			<desc>accMat03r</desc>
			<graphic mimeType="pdf" url="AM%20122%20b%20fol./9/HIGH_QUALITY_DISPLAY"/>
			<graphic mimeType="jpg" url="AM%20122%20b%20fol./9/THUMBNAIL" width="200px" height="294px"/>
			<graphic mimeType="jpg" url="AM%20122%20b%20fol./9/SECONDARY_DISPLAY" width="3984px" height="5851px"/>
			<graphic mimeType="pdf" url="AM%20122%20b%20fol./9/WEB_DISPLAY"/>
		</surface>
		<surface xml:id="AM02-0122b-accMat03v" n="10">
			<desc>accMat03v</desc>
			<graphic mimeType="pdf" url="AM%20122%20b%20fol./10/HIGH_QUALITY_DISPLAY"/>
			<graphic mimeType="jpg" url="AM%20122%20b%20fol./10/THUMBNAIL" width="197px" height="300px"/>
			<graphic mimeType="jpg" url="AM%20122%20b%20fol./10/SECONDARY_DISPLAY" width="3904px" height="5939px"/>
			<graphic mimeType="pdf" url="AM%20122%20b%20fol./10/WEB_DISPLAY"/>
		</surface>
		<surface xml:id="AM02-0122b-accMat04r" n="11">
			<desc>accMat04r</desc>
			<graphic mimeType="pdf" url="AM%20122%20b%20fol./11/HIGH_QUALITY_DISPLAY"/>
			<graphic mimeType="jpg" url="AM%20122%20b%20fol./11/THUMBNAIL" width="200px" height="298px"/>
			<graphic mimeType="jpg" url="AM%20122%20b%20fol./11/SECONDARY_DISPLAY" width="3920px" height="5851px"/>
			<graphic mimeType="pdf" url="AM%20122%20b%20fol./11/WEB_DISPLAY"/>
		</surface>
		<surface xml:id="AM02-0122b-accMat04v" n="12">
			<desc>accMat04v</desc>
			<graphic mimeType="pdf" url="AM%20122%20b%20fol./12/HIGH_QUALITY_DISPLAY"/>
			<graphic mimeType="jpg" url="AM%20122%20b%20fol./12/THUMBNAIL" width="200px" height="300px"/>
			<graphic mimeType="jpg" url="AM%20122%20b%20fol./12/SECONDARY_DISPLAY" width="3952px" height="5939px"/>
			<graphic mimeType="pdf" url="AM%20122%20b%20fol./12/WEB_DISPLAY"/>
		</surface>
		<surface xml:id="AM02-0122b-accMat05r" n="13">
			<desc>accMat05r</desc>
			<graphic mimeType="pdf" url="AM%20122%20b%20fol./13/HIGH_QUALITY_DISPLAY"/>
			<graphic mimeType="jpg" url="AM%20122%20b%20fol./13/THUMBNAIL" width="200px" height="97px"/>
			<graphic mimeType="jpg" url="AM%20122%20b%20fol./13/SECONDARY_DISPLAY" width="1832px" height="888px"/>
			<graphic mimeType="pdf" url="AM%20122%20b%20fol./13/WEB_DISPLAY"/>
		</surface>
		<surface xml:id="AM02-0122b-accMat05v" n="14">
			<desc>accMat05v</desc>
			<graphic mimeType="pdf" url="AM%20122%20b%20fol./14/HIGH_QUALITY_DISPLAY"/>
			<graphic mimeType="jpg" url="AM%20122%20b%20fol./14/THUMBNAIL" width="200px" height="106px"/>
			<graphic mimeType="jpg" url="AM%20122%20b%20fol./14/SECONDARY_DISPLAY" width="1784px" height="944px"/>
			<graphic mimeType="pdf" url="AM%20122%20b%20fol./14/WEB_DISPLAY"/>
		</surface>
		<surface xml:id="AM02-0122b-accMat06r" n="15">
			<desc>accMat06r</desc>
			<graphic mimeType="pdf" url="AM%20122%20b%20fol./15/HIGH_QUALITY_DISPLAY"/>
			<graphic mimeType="jpg" url="AM%20122%20b%20fol./15/THUMBNAIL" width="200px" height="277px"/>
			<graphic mimeType="jpg" url="AM%20122%20b%20fol./15/SECONDARY_DISPLAY" width="2696px" height="3738px"/>
			<graphic mimeType="pdf" url="AM%20122%20b%20fol./15/WEB_DISPLAY"/>
		</surface>
		<surface xml:id="AM02-0122b-accMat06v" n="16">
			<desc>accMat06v</desc>
			<graphic mimeType="pdf" url="AM%20122%20b%20fol./16/HIGH_QUALITY_DISPLAY"/>
			<graphic mimeType="jpg" url="AM%20122%20b%20fol./16/THUMBNAIL" width="200px" height="285px"/>
			<graphic mimeType="jpg" url="AM%20122%20b%20fol./16/SECONDARY_DISPLAY" width="2680px" height="3818px"/>
			<graphic mimeType="pdf" url="AM%20122%20b%20fol./16/WEB_DISPLAY"/>
		</surface>
		<surface xml:id="AM02-0122b-accMat07r" n="17">
			<desc>accMat07r</desc>
			<graphic mimeType="pdf" url="AM%20122%20b%20fol./17/HIGH_QUALITY_DISPLAY"/>
			<graphic mimeType="jpg" url="AM%20122%20b%20fol./17/THUMBNAIL" width="200px" height="287px"/>
			<graphic mimeType="jpg" url="AM%20122%20b%20fol./17/SECONDARY_DISPLAY" width="2384px" height="3426px"/>
			<graphic mimeType="pdf" url="AM%20122%20b%20fol./17/WEB_DISPLAY"/>
		</surface>
		<surface xml:id="AM02-0122b-accMat07v" n="18">
			<desc>accMat07v</desc>
			<graphic mimeType="pdf" url="AM%20122%20b%20fol./18/HIGH_QUALITY_DISPLAY"/>
			<graphic mimeType="jpg" url="AM%20122%20b%20fol./18/THUMBNAIL" width="190px" height="300px"/>
			<graphic mimeType="jpg" url="AM%20122%20b%20fol./18/SECONDARY_DISPLAY" width="2256px" height="3562px"/>
			<graphic mimeType="pdf" url="AM%20122%20b%20fol./18/WEB_DISPLAY"/>
		</surface>
		<surface xml:id="AM02-0122b-accMat08r" n="19">
			<desc>accMat08r</desc>
			<graphic mimeType="pdf" url="AM%20122%20b%20fol./19/HIGH_QUALITY_DISPLAY"/>
			<graphic mimeType="jpg" url="AM%20122%20b%20fol./19/THUMBNAIL" width="200px" height="209px"/>
			<graphic mimeType="jpg" url="AM%20122%20b%20fol./19/SECONDARY_DISPLAY" width="2592px" height="2705px"/>
			<graphic mimeType="pdf" url="AM%20122%20b%20fol./19/WEB_DISPLAY"/>
		</surface>
		<surface xml:id="AM02-0122b-accMat08v" n="20">
			<desc>accMat08v</desc>
			<graphic mimeType="pdf" url="AM%20122%20b%20fol./20/HIGH_QUALITY_DISPLAY"/>
			<graphic mimeType="jpg" url="AM%20122%20b%20fol./20/THUMBNAIL" width="200px" height="208px"/>
			<graphic mimeType="jpg" url="AM%20122%20b%20fol./20/SECONDARY_DISPLAY" width="2608px" height="2713px"/>
			<graphic mimeType="pdf" url="AM%20122%20b%20fol./20/WEB_DISPLAY"/>
		</surface>
		<surface xml:id="AM02-0122b-accMat09r" n="21">
			<desc>accMat09r</desc>
			<graphic mimeType="pdf" url="AM%20122%20b%20fol./21/HIGH_QUALITY_DISPLAY"/>
			<graphic mimeType="jpg" url="AM%20122%20b%20fol./21/THUMBNAIL" width="200px" height="219px"/>
			<graphic mimeType="jpg" url="AM%20122%20b%20fol./21/SECONDARY_DISPLAY" width="2472px" height="2705px"/>
			<graphic mimeType="pdf" url="AM%20122%20b%20fol./21/WEB_DISPLAY"/>
		</surface>
		<surface xml:id="AM02-0122b-accMat09v" n="22">
			<desc>accMat09v</desc>
			<graphic mimeType="pdf" url="AM%20122%20b%20fol./22/HIGH_QUALITY_DISPLAY"/>
			<graphic mimeType="jpg" url="AM%20122%20b%20fol./22/THUMBNAIL" width="200px" height="215px"/>
			<graphic mimeType="jpg" url="AM%20122%20b%20fol./22/SECONDARY_DISPLAY" width="2496px" height="2689px"/>
			<graphic mimeType="pdf" url="AM%20122%20b%20fol./22/WEB_DISPLAY"/>
		</surface>
		<surface xml:id="AM02-0122b-0001r" n="23">
			<desc>0001r</desc>
			<graphic mimeType="pdf" url="AM%20122%20b%20fol./23/HIGH_QUALITY_DISPLAY"/>
			<graphic mimeType="jpg" url="AM%20122%20b%20fol./23/THUMBNAIL" width="168px" height="300px"/>
			<graphic mimeType="jpg" url="AM%20122%20b%20fol./23/SECONDARY_DISPLAY" width="3376px" height="6035px"/>
			<graphic mimeType="pdf" url="AM%20122%20b%20fol./23/WEB_DISPLAY"/>
		</surface>
		<surface xml:id="AM02-0122b-0001v" n="24">
			<desc>0001v</desc>
			<graphic mimeType="pdf" url="AM%20122%20b%20fol./24/HIGH_QUALITY_DISPLAY"/>
			<graphic mimeType="jpg" url="AM%20122%20b%20fol./24/THUMBNAIL" width="170px" height="300px"/>
			<graphic mimeType="jpg" url="AM%20122%20b%20fol./24/SECONDARY_DISPLAY" width="3360px" height="5939px"/>
			<graphic mimeType="pdf" url="AM%20122%20b%20fol./24/WEB_DISPLAY"/>
		</surface>
		<surface xml:id="AM02-0122b-0002r" n="25">
			<desc>0002r</desc>
			<graphic mimeType="pdf" url="AM%20122%20b%20fol./25/HIGH_QUALITY_DISPLAY"/>
			<graphic mimeType="jpg" url="AM%20122%20b%20fol./25/THUMBNAIL" width="195px" height="300px"/>
			<graphic mimeType="jpg" url="AM%20122%20b%20fol./25/SECONDARY_DISPLAY" width="3872px" height="5955px"/>
			<graphic mimeType="pdf" url="AM%20122%20b%20fol./25/WEB_DISPLAY"/>
		</surface>
		<surface xml:id="AM02-0122b-0002v" n="26">
			<desc>0002v</desc>
			<graphic mimeType="pdf" url="AM%20122%20b%20fol./26/HIGH_QUALITY_DISPLAY"/>
			<graphic mimeType="jpg" url="AM%20122%20b%20fol./26/THUMBNAIL" width="192px" height="300px"/>
			<graphic mimeType="jpg" url="AM%20122%20b%20fol./26/SECONDARY_DISPLAY" width="3808px" height="5955px"/>
			<graphic mimeType="pdf" url="AM%20122%20b%20fol./26/WEB_DISPLAY"/>
		</surface>
		<surface xml:id="AM02-0122b-0003r" n="27">
			<desc>0003r</desc>
			<graphic mimeType="pdf" url="AM%20122%20b%20fol./27/HIGH_QUALITY_DISPLAY"/>
			<graphic mimeType="jpg" url="AM%20122%20b%20fol./27/THUMBNAIL" width="200px" height="269px"/>
			<graphic mimeType="jpg" url="AM%20122%20b%20fol./27/SECONDARY_DISPLAY" width="4464px" height="5995px"/>
			<graphic mimeType="pdf" url="AM%20122%20b%20fol./27/WEB_DISPLAY"/>
		</surface>
		<surface xml:id="AM02-0122b-0003v" n="28">
			<desc>0003v</desc>
			<graphic mimeType="pdf" url="AM%20122%20b%20fol./28/HIGH_QUALITY_DISPLAY"/>
			<graphic mimeType="jpg" url="AM%20122%20b%20fol./28/THUMBNAIL" width="200px" height="275px"/>
			<graphic mimeType="jpg" url="AM%20122%20b%20fol./28/SECONDARY_DISPLAY" width="4320px" height="5931px"/>
			<graphic mimeType="pdf" url="AM%20122%20b%20fol./28/WEB_DISPLAY"/>
		</surface>
		<surface xml:id="AM02-0122b-0004r" n="29">
			<desc>0004r</desc>
			<graphic mimeType="pdf" url="AM%20122%20b%20fol./29/HIGH_QUALITY_DISPLAY"/>
			<graphic mimeType="jpg" url="AM%20122%20b%20fol./29/THUMBNAIL" width="200px" height="257px"/>
			<graphic mimeType="jpg" url="AM%20122%20b%20fol./29/SECONDARY_DISPLAY" width="4312px" height="5539px"/>
			<graphic mimeType="pdf" url="AM%20122%20b%20fol./29/WEB_DISPLAY"/>
		</surface>
		<surface xml:id="AM02-0122b-0004v" n="30">
			<desc>0004v</desc>
			<graphic mimeType="pdf" url="AM%20122%20b%20fol./30/HIGH_QUALITY_DISPLAY"/>
			<graphic mimeType="jpg" url="AM%20122%20b%20fol./30/THUMBNAIL" width="200px" height="266px"/>
			<graphic mimeType="jpg" url="AM%20122%20b%20fol./30/SECONDARY_DISPLAY" width="4152px" height="5515px"/>
			<graphic mimeType="pdf" url="AM%20122%20b%20fol./30/WEB_DISPLAY"/>
		</surface>
		<surface xml:id="AM02-0122b-0005r" n="31">
			<desc>0005r</desc>
			<graphic mimeType="pdf" url="AM%20122%20b%20fol./31/HIGH_QUALITY_DISPLAY"/>
			<graphic mimeType="jpg" url="AM%20122%20b%20fol./31/THUMBNAIL" width="200px" height="260px"/>
			<graphic mimeType="jpg" url="AM%20122%20b%20fol./31/SECONDARY_DISPLAY" width="4648px" height="6043px"/>
			<graphic mimeType="pdf" url="AM%20122%20b%20fol./31/WEB_DISPLAY"/>
		</surface>
		<surface xml:id="AM02-0122b-0005v" n="32">
			<desc>0005v</desc>
			<graphic mimeType="pdf" url="AM%20122%20b%20fol./32/HIGH_QUALITY_DISPLAY"/>
			<graphic mimeType="jpg" url="AM%20122%20b%20fol./32/THUMBNAIL" width="200px" height="265px"/>
			<graphic mimeType="jpg" url="AM%20122%20b%20fol./32/SECONDARY_DISPLAY" width="4536px" height="6019px"/>
			<graphic mimeType="pdf" url="AM%20122%20b%20fol./32/WEB_DISPLAY"/>
		</surface>
		<surface xml:id="AM02-0122b-0006r" n="33">
			<desc>0006r</desc>
			<graphic mimeType="pdf" url="AM%20122%20b%20fol./33/HIGH_QUALITY_DISPLAY"/>
			<graphic mimeType="jpg" url="AM%20122%20b%20fol./33/THUMBNAIL" width="200px" height="268px"/>
			<graphic mimeType="jpg" url="AM%20122%20b%20fol./33/SECONDARY_DISPLAY" width="4512px" height="6051px"/>
			<graphic mimeType="pdf" url="AM%20122%20b%20fol./33/WEB_DISPLAY"/>
		</surface>
		<surface xml:id="AM02-0122b-0006v" n="34">
			<desc>0006v</desc>
			<graphic mimeType="pdf" url="AM%20122%20b%20fol./34/HIGH_QUALITY_DISPLAY"/>
			<graphic mimeType="jpg" url="AM%20122%20b%20fol./34/THUMBNAIL" width="200px" height="263px"/>
			<graphic mimeType="jpg" url="AM%20122%20b%20fol./34/SECONDARY_DISPLAY" width="4616px" height="6083px"/>
			<graphic mimeType="pdf" url="AM%20122%20b%20fol./34/WEB_DISPLAY"/>
		</surface>
		<surface xml:id="AM02-0122b-0007r" n="35">
			<desc>0007r</desc>
			<graphic mimeType="pdf" url="AM%20122%20b%20fol./35/HIGH_QUALITY_DISPLAY"/>
			<graphic mimeType="jpg" url="AM%20122%20b%20fol./35/THUMBNAIL" width="200px" height="254px"/>
			<graphic mimeType="jpg" url="AM%20122%20b%20fol./35/SECONDARY_DISPLAY" width="4744px" height="6011px"/>
			<graphic mimeType="pdf" url="AM%20122%20b%20fol./35/WEB_DISPLAY"/>
		</surface>
		<surface xml:id="AM02-0122b-0007v" n="36">
			<desc>0007v</desc>
			<graphic mimeType="pdf" url="AM%20122%20b%20fol./36/HIGH_QUALITY_DISPLAY"/>
			<graphic mimeType="jpg" url="AM%20122%20b%20fol./36/THUMBNAIL" width="200px" height="259px"/>
			<graphic mimeType="jpg" url="AM%20122%20b%20fol./36/SECONDARY_DISPLAY" width="4616px" height="5971px"/>
			<graphic mimeType="pdf" url="AM%20122%20b%20fol./36/WEB_DISPLAY"/>
		</surface>
		<surface xml:id="AM02-0122b-0008r" n="37">
			<desc>0008r</desc>
			<graphic mimeType="pdf" url="AM%20122%20b%20fol./37/HIGH_QUALITY_DISPLAY"/>
			<graphic mimeType="jpg" url="AM%20122%20b%20fol./37/THUMBNAIL" width="200px" height="264px"/>
			<graphic mimeType="jpg" url="AM%20122%20b%20fol./37/SECONDARY_DISPLAY" width="4528px" height="5979px"/>
			<graphic mimeType="pdf" url="AM%20122%20b%20fol./37/WEB_DISPLAY"/>
		</surface>
		<surface xml:id="AM02-0122b-0008v" n="38">
			<desc>0008v</desc>
			<graphic mimeType="pdf" url="AM%20122%20b%20fol./38/HIGH_QUALITY_DISPLAY"/>
			<graphic mimeType="jpg" url="AM%20122%20b%20fol./38/THUMBNAIL" width="200px" height="259px"/>
			<graphic mimeType="jpg" url="AM%20122%20b%20fol./38/SECONDARY_DISPLAY" width="4616px" height="5971px"/>
			<graphic mimeType="pdf" url="AM%20122%20b%20fol./38/WEB_DISPLAY"/>
		</surface>
		<surface xml:id="AM02-0122b-0009r" n="39">
			<desc>0009r</desc>
			<graphic mimeType="pdf" url="AM%20122%20b%20fol./39/HIGH_QUALITY_DISPLAY"/>
			<graphic mimeType="jpg" url="AM%20122%20b%20fol./39/THUMBNAIL" width="200px" height="272px"/>
			<graphic mimeType="jpg" url="AM%20122%20b%20fol./39/SECONDARY_DISPLAY" width="4528px" height="6155px"/>
			<graphic mimeType="pdf" url="AM%20122%20b%20fol./39/WEB_DISPLAY"/>
		</surface>
		<surface xml:id="AM02-0122b-0009v" n="40">
			<desc>0009v</desc>
			<graphic mimeType="pdf" url="AM%20122%20b%20fol./40/HIGH_QUALITY_DISPLAY"/>
			<graphic mimeType="jpg" url="AM%20122%20b%20fol./40/THUMBNAIL" width="200px" height="276px"/>
			<graphic mimeType="jpg" url="AM%20122%20b%20fol./40/SECONDARY_DISPLAY" width="4472px" height="6179px"/>
			<graphic mimeType="pdf" url="AM%20122%20b%20fol./40/WEB_DISPLAY"/>
		</surface>
		<surface xml:id="AM02-0122b-0010r" n="41">
			<desc>0010r</desc>
			<graphic mimeType="pdf" url="AM%20122%20b%20fol./41/HIGH_QUALITY_DISPLAY"/>
			<graphic mimeType="jpg" url="AM%20122%20b%20fol./41/THUMBNAIL" width="200px" height="134px"/>
			<graphic mimeType="jpg" url="AM%20122%20b%20fol./41/SECONDARY_DISPLAY" width="4432px" height="2969px"/>
			<graphic mimeType="pdf" url="AM%20122%20b%20fol./41/WEB_DISPLAY"/>
		</surface>
		<surface xml:id="AM02-0122b-0010v" n="42">
			<desc>0010v</desc>
			<graphic mimeType="pdf" url="AM%20122%20b%20fol./42/HIGH_QUALITY_DISPLAY"/>
			<graphic mimeType="jpg" url="AM%20122%20b%20fol./42/THUMBNAIL" width="200px" height="140px"/>
			<graphic mimeType="jpg" url="AM%20122%20b%20fol./42/SECONDARY_DISPLAY" width="4360px" height="3049px"/>
			<graphic mimeType="pdf" url="AM%20122%20b%20fol./42/WEB_DISPLAY"/>
		</surface>
		<surface xml:id="AM02-0122b-0011r" n="43">
			<desc>0011r</desc>
			<graphic mimeType="pdf" url="AM%20122%20b%20fol./43/HIGH_QUALITY_DISPLAY"/>
			<graphic mimeType="jpg" url="AM%20122%20b%20fol./43/THUMBNAIL" width="200px" height="260px"/>
			<graphic mimeType="jpg" url="AM%20122%20b%20fol./43/SECONDARY_DISPLAY" width="4432px" height="5755px"/>
			<graphic mimeType="pdf" url="AM%20122%20b%20fol./43/WEB_DISPLAY"/>
		</surface>
		<surface xml:id="AM02-0122b-0011v" n="44">
			<desc>0011v</desc>
			<graphic mimeType="pdf" url="AM%20122%20b%20fol./44/HIGH_QUALITY_DISPLAY"/>
			<graphic mimeType="jpg" url="AM%20122%20b%20fol./44/THUMBNAIL" width="200px" height="271px"/>
			<graphic mimeType="jpg" url="AM%20122%20b%20fol./44/SECONDARY_DISPLAY" width="4336px" height="5883px"/>
			<graphic mimeType="pdf" url="AM%20122%20b%20fol./44/WEB_DISPLAY"/>
		</surface>
		<surface xml:id="AM02-0122b-0012r" n="45">
			<desc>0012r</desc>
			<graphic mimeType="pdf" url="AM%20122%20b%20fol./45/HIGH_QUALITY_DISPLAY"/>
			<graphic mimeType="jpg" url="AM%20122%20b%20fol./45/THUMBNAIL" width="125px" height="300px"/>
			<graphic mimeType="jpg" url="AM%20122%20b%20fol./45/SECONDARY_DISPLAY" width="2448px" height="5891px"/>
			<graphic mimeType="pdf" url="AM%20122%20b%20fol./45/WEB_DISPLAY"/>
		</surface>
		<surface xml:id="AM02-0122b-0012v" n="46">
			<desc>0012v</desc>
			<graphic mimeType="pdf" url="AM%20122%20b%20fol./46/HIGH_QUALITY_DISPLAY"/>
			<graphic mimeType="jpg" url="AM%20122%20b%20fol./46/THUMBNAIL" width="124px" height="300px"/>
			<graphic mimeType="jpg" url="AM%20122%20b%20fol./46/SECONDARY_DISPLAY" width="2392px" height="5787px"/>
			<graphic mimeType="pdf" url="AM%20122%20b%20fol./46/WEB_DISPLAY"/>
		</surface>
		<surface xml:id="AM02-0122b-0013r" n="47">
			<desc>0013r</desc>
			<graphic mimeType="pdf" url="AM%20122%20b%20fol./47/HIGH_QUALITY_DISPLAY"/>
			<graphic mimeType="jpg" url="AM%20122%20b%20fol./47/THUMBNAIL" width="200px" height="299px"/>
			<graphic mimeType="jpg" url="AM%20122%20b%20fol./47/SECONDARY_DISPLAY" width="3968px" height="5939px"/>
			<graphic mimeType="pdf" url="AM%20122%20b%20fol./47/WEB_DISPLAY"/>
		</surface>
		<surface xml:id="AM02-0122b-0013v" n="48">
			<desc>0013v</desc>
			<graphic mimeType="pdf" url="AM%20122%20b%20fol./48/HIGH_QUALITY_DISPLAY"/>
			<graphic mimeType="jpg" url="AM%20122%20b%20fol./48/THUMBNAIL" width="199px" height="300px"/>
			<graphic mimeType="jpg" url="AM%20122%20b%20fol./48/SECONDARY_DISPLAY" width="3888px" height="5851px"/>
			<graphic mimeType="pdf" url="AM%20122%20b%20fol./48/WEB_DISPLAY"/>
		</surface>
		<surface xml:id="AM02-0122b-0014r" n="49">
			<desc>0014r</desc>
			<graphic mimeType="pdf" url="AM%20122%20b%20fol./49/HIGH_QUALITY_DISPLAY"/>
			<graphic mimeType="jpg" url="AM%20122%20b%20fol./49/THUMBNAIL" width="200px" height="148px"/>
			<graphic mimeType="jpg" url="AM%20122%20b%20fol./49/SECONDARY_DISPLAY" width="4616px" height="3410px"/>
			<graphic mimeType="pdf" url="AM%20122%20b%20fol./49/WEB_DISPLAY"/>
		</surface>
		<surface xml:id="AM02-0122b-0014v" n="50">
			<desc>0014v</desc>
			<graphic mimeType="pdf" url="AM%20122%20b%20fol./50/HIGH_QUALITY_DISPLAY"/>
			<graphic mimeType="jpg" url="AM%20122%20b%20fol./50/THUMBNAIL" width="200px" height="157px"/>
			<graphic mimeType="jpg" url="AM%20122%20b%20fol./50/SECONDARY_DISPLAY" width="4368px" height="3426px"/>
			<graphic mimeType="pdf" url="AM%20122%20b%20fol./50/WEB_DISPLAY"/>
		</surface>
		<surface xml:id="AM02-0122b-0015r" n="51">
			<desc>0015r</desc>
			<graphic mimeType="pdf" url="AM%20122%20b%20fol./51/HIGH_QUALITY_DISPLAY"/>
			<graphic mimeType="jpg" url="AM%20122%20b%20fol./51/THUMBNAIL" width="194px" height="300px"/>
			<graphic mimeType="jpg" url="AM%20122%20b%20fol./51/SECONDARY_DISPLAY" width="2576px" height="3986px"/>
			<graphic mimeType="pdf" url="AM%20122%20b%20fol./51/WEB_DISPLAY"/>
		</surface>
		<surface xml:id="AM02-0122b-0015v" n="52">
			<desc>0015v</desc>
			<graphic mimeType="pdf" url="AM%20122%20b%20fol./52/HIGH_QUALITY_DISPLAY"/>
			<graphic mimeType="jpg" url="AM%20122%20b%20fol./52/THUMBNAIL" width="190px" height="300px"/>
			<graphic mimeType="jpg" url="AM%20122%20b%20fol./52/SECONDARY_DISPLAY" width="2552px" height="4034px"/>
			<graphic mimeType="pdf" url="AM%20122%20b%20fol./52/WEB_DISPLAY"/>
		</surface>
		<surface xml:id="AM02-0122b-0016r" n="53">
			<desc>0016r</desc>
			<graphic mimeType="pdf" url="AM%20122%20b%20fol./53/HIGH_QUALITY_DISPLAY"/>
			<graphic mimeType="jpg" url="AM%20122%20b%20fol./53/THUMBNAIL" width="158px" height="300px"/>
			<graphic mimeType="jpg" url="AM%20122%20b%20fol./53/SECONDARY_DISPLAY" width="2832px" height="5379px"/>
			<graphic mimeType="pdf" url="AM%20122%20b%20fol./53/WEB_DISPLAY"/>
		</surface>
		<surface xml:id="AM02-0122b-0016v" n="54">
			<desc>0016v</desc>
			<graphic mimeType="pdf" url="AM%20122%20b%20fol./54/HIGH_QUALITY_DISPLAY"/>
			<graphic mimeType="jpg" url="AM%20122%20b%20fol./54/THUMBNAIL" width="156px" height="300px"/>
			<graphic mimeType="jpg" url="AM%20122%20b%20fol./54/SECONDARY_DISPLAY" width="2832px" height="5451px"/>
			<graphic mimeType="pdf" url="AM%20122%20b%20fol./54/WEB_DISPLAY"/>
		</surface>
		<surface xml:id="AM02-0122b-0017r" n="55">
			<desc>0017r</desc>
			<graphic mimeType="pdf" url="AM%20122%20b%20fol./55/HIGH_QUALITY_DISPLAY"/>
			<graphic mimeType="jpg" url="AM%20122%20b%20fol./55/THUMBNAIL" width="200px" height="289px"/>
			<graphic mimeType="jpg" url="AM%20122%20b%20fol./55/SECONDARY_DISPLAY" width="3896px" height="5643px"/>
			<graphic mimeType="pdf" url="AM%20122%20b%20fol./55/WEB_DISPLAY"/>
		</surface>
		<surface xml:id="AM02-0122b-0017v" n="56">
			<desc>0017v</desc>
			<graphic mimeType="pdf" url="AM%20122%20b%20fol./56/HIGH_QUALITY_DISPLAY"/>
			<graphic mimeType="jpg" url="AM%20122%20b%20fol./56/THUMBNAIL" width="200px" height="290px"/>
			<graphic mimeType="jpg" url="AM%20122%20b%20fol./56/SECONDARY_DISPLAY" width="3912px" height="5675px"/>
			<graphic mimeType="pdf" url="AM%20122%20b%20fol./56/WEB_DISPLAY"/>
		</surface>
		<surface xml:id="AM02-0122b-0018r" n="57">
			<desc>0018r</desc>
			<graphic mimeType="pdf" url="AM%20122%20b%20fol./57/HIGH_QUALITY_DISPLAY"/>
			<graphic mimeType="jpg" url="AM%20122%20b%20fol./57/THUMBNAIL" width="200px" height="269px"/>
			<graphic mimeType="jpg" url="AM%20122%20b%20fol./57/SECONDARY_DISPLAY" width="4016px" height="5395px"/>
			<graphic mimeType="pdf" url="AM%20122%20b%20fol./57/WEB_DISPLAY"/>
		</surface>
		<surface xml:id="AM02-0122b-0018v" n="58">
			<desc>0018v</desc>
			<graphic mimeType="pdf" url="AM%20122%20b%20fol./58/HIGH_QUALITY_DISPLAY"/>
			<graphic mimeType="jpg" url="AM%20122%20b%20fol./58/THUMBNAIL" width="200px" height="274px"/>
			<graphic mimeType="jpg" url="AM%20122%20b%20fol./58/SECONDARY_DISPLAY" width="3896px" height="5339px"/>
			<graphic mimeType="pdf" url="AM%20122%20b%20fol./58/WEB_DISPLAY"/>
		</surface>
		<surface xml:id="AM02-0122b-0019r" n="59">
			<desc>0019r</desc>
			<graphic mimeType="pdf" url="AM%20122%20b%20fol./59/HIGH_QUALITY_DISPLAY"/>
			<graphic mimeType="jpg" url="AM%20122%20b%20fol./59/THUMBNAIL" width="171px" height="300px"/>
			<graphic mimeType="jpg" url="AM%20122%20b%20fol./59/SECONDARY_DISPLAY" width="3552px" height="6219px"/>
			<graphic mimeType="pdf" url="AM%20122%20b%20fol./59/WEB_DISPLAY"/>
		</surface>
		<surface xml:id="AM02-0122b-0019v" n="60">
			<desc>0019v</desc>
			<graphic mimeType="pdf" url="AM%20122%20b%20fol./60/HIGH_QUALITY_DISPLAY"/>
			<graphic mimeType="jpg" url="AM%20122%20b%20fol./60/THUMBNAIL" width="169px" height="300px"/>
			<graphic mimeType="jpg" url="AM%20122%20b%20fol./60/SECONDARY_DISPLAY" width="3472px" height="6147px"/>
			<graphic mimeType="pdf" url="AM%20122%20b%20fol./60/WEB_DISPLAY"/>
		</surface>
		<surface xml:id="AM02-0122b-0020r" n="61">
			<desc>0020r</desc>
			<graphic mimeType="pdf" url="AM%20122%20b%20fol./61/HIGH_QUALITY_DISPLAY"/>
			<graphic mimeType="jpg" url="AM%20122%20b%20fol./61/THUMBNAIL" width="200px" height="260px"/>
			<graphic mimeType="jpg" url="AM%20122%20b%20fol./61/SECONDARY_DISPLAY" width="4656px" height="6035px"/>
			<graphic mimeType="pdf" url="AM%20122%20b%20fol./61/WEB_DISPLAY"/>
		</surface>
		<surface xml:id="AM02-0122b-0020v" n="62">
			<desc>0020v</desc>
			<graphic mimeType="pdf" url="AM%20122%20b%20fol./62/HIGH_QUALITY_DISPLAY"/>
			<graphic mimeType="jpg" url="AM%20122%20b%20fol./62/THUMBNAIL" width="200px" height="262px"/>
			<graphic mimeType="jpg" url="AM%20122%20b%20fol./62/SECONDARY_DISPLAY" width="4552px" height="5971px"/>
			<graphic mimeType="pdf" url="AM%20122%20b%20fol./62/WEB_DISPLAY"/>
		</surface>
		<surface xml:id="AM02-0122b-accMat10r" n="63">
			<desc>accMat10r</desc>
			<graphic mimeType="pdf" url="AM%20122%20b%20fol./63/HIGH_QUALITY_DISPLAY"/>
			<graphic mimeType="jpg" url="AM%20122%20b%20fol./63/THUMBNAIL" width="200px" height="253px"/>
			<graphic mimeType="jpg" url="AM%20122%20b%20fol./63/SECONDARY_DISPLAY" width="3016px" height="3818px"/>
			<graphic mimeType="pdf" url="AM%20122%20b%20fol./63/WEB_DISPLAY"/>
		</surface>
		<surface xml:id="AM02-0122b-accMat10v" n="64">
			<desc>accMat10v</desc>
			<graphic mimeType="pdf" url="AM%20122%20b%20fol./64/HIGH_QUALITY_DISPLAY"/>
			<graphic mimeType="jpg" url="AM%20122%20b%20fol./64/THUMBNAIL" width="200px" height="250px"/>
			<graphic mimeType="jpg" url="AM%20122%20b%20fol./64/SECONDARY_DISPLAY" width="3192px" height="3994px"/>
			<graphic mimeType="pdf" url="AM%20122%20b%20fol./64/WEB_DISPLAY"/>
		</surface>
		<surface xml:id="AM02-0122b-0021r" n="65">
			<desc>0021r</desc>
			<graphic mimeType="pdf" url="AM%20122%20b%20fol./65/HIGH_QUALITY_DISPLAY"/>
			<graphic mimeType="jpg" url="AM%20122%20b%20fol./65/THUMBNAIL" width="200px" height="207px"/>
			<graphic mimeType="jpg" url="AM%20122%20b%20fol./65/SECONDARY_DISPLAY" width="3400px" height="3514px"/>
			<graphic mimeType="pdf" url="AM%20122%20b%20fol./65/WEB_DISPLAY"/>
		</surface>
		<surface xml:id="AM02-0122b-0021v" n="66">
			<desc>0021v</desc>
			<graphic mimeType="pdf" url="AM%20122%20b%20fol./66/HIGH_QUALITY_DISPLAY"/>
			<graphic mimeType="jpg" url="AM%20122%20b%20fol./66/THUMBNAIL" width="200px" height="208px"/>
			<graphic mimeType="jpg" url="AM%20122%20b%20fol./66/SECONDARY_DISPLAY" width="3384px" height="3514px"/>
			<graphic mimeType="pdf" url="AM%20122%20b%20fol./66/WEB_DISPLAY"/>
		</surface>
		<surface xml:id="AM02-0122b-0022r" n="67">
			<desc>0022r</desc>
			<graphic mimeType="pdf" url="AM%20122%20b%20fol./67/HIGH_QUALITY_DISPLAY"/>
			<graphic mimeType="jpg" url="AM%20122%20b%20fol./67/THUMBNAIL" width="200px" height="260px"/>
			<graphic mimeType="jpg" url="AM%20122%20b%20fol./67/SECONDARY_DISPLAY" width="4768px" height="6203px"/>
			<graphic mimeType="pdf" url="AM%20122%20b%20fol./67/WEB_DISPLAY"/>
		</surface>
		<surface xml:id="AM02-0122b-0022v" n="68">
			<desc>0022v</desc>
			<graphic mimeType="pdf" url="AM%20122%20b%20fol./68/HIGH_QUALITY_DISPLAY"/>
			<graphic mimeType="jpg" url="AM%20122%20b%20fol./68/THUMBNAIL" width="200px" height="260px"/>
			<graphic mimeType="jpg" url="AM%20122%20b%20fol./68/SECONDARY_DISPLAY" width="4768px" height="6203px"/>
			<graphic mimeType="pdf" url="AM%20122%20b%20fol./68/WEB_DISPLAY"/>
		</surface>
		<surface xml:id="AM02-0122b-0023r" n="69">
			<desc>0023r</desc>
			<graphic mimeType="pdf" url="AM%20122%20b%20fol./69/HIGH_QUALITY_DISPLAY"/>
			<graphic mimeType="jpg" url="AM%20122%20b%20fol./69/THUMBNAIL" width="149px" height="300px"/>
			<graphic mimeType="jpg" url="AM%20122%20b%20fol./69/SECONDARY_DISPLAY" width="2464px" height="4979px"/>
			<graphic mimeType="pdf" url="AM%20122%20b%20fol./69/WEB_DISPLAY"/>
		</surface>
		<surface xml:id="AM02-0122b-0023v" n="70">
			<desc>0023v</desc>
			<graphic mimeType="pdf" url="AM%20122%20b%20fol./70/HIGH_QUALITY_DISPLAY"/>
			<graphic mimeType="jpg" url="AM%20122%20b%20fol./70/THUMBNAIL" width="143px" height="300px"/>
			<graphic mimeType="jpg" url="AM%20122%20b%20fol./70/SECONDARY_DISPLAY" width="2272px" height="4771px"/>
			<graphic mimeType="pdf" url="AM%20122%20b%20fol./70/WEB_DISPLAY"/>
		</surface>
		<surface xml:id="AM02-0122b-0024r" n="71">
			<desc>0024r</desc>
			<graphic mimeType="pdf" url="AM%20122%20b%20fol./71/HIGH_QUALITY_DISPLAY"/>
			<graphic mimeType="jpg" url="AM%20122%20b%20fol./71/THUMBNAIL" width="200px" height="143px"/>
			<graphic mimeType="jpg" url="AM%20122%20b%20fol./71/SECONDARY_DISPLAY" width="4200px" height="3009px"/>
			<graphic mimeType="pdf" url="AM%20122%20b%20fol./71/WEB_DISPLAY"/>
		</surface>
		<surface xml:id="AM02-0122b-0024v" n="72">
			<desc>0024v</desc>
			<graphic mimeType="pdf" url="AM%20122%20b%20fol./72/HIGH_QUALITY_DISPLAY"/>
			<graphic mimeType="jpg" url="AM%20122%20b%20fol./72/THUMBNAIL" width="200px" height="135px"/>
			<graphic mimeType="jpg" url="AM%20122%20b%20fol./72/SECONDARY_DISPLAY" width="4368px" height="2953px"/>
			<graphic mimeType="pdf" url="AM%20122%20b%20fol./72/WEB_DISPLAY"/>
		</surface>
		<surface xml:id="AM02-0122b-0025r" n="73">
			<desc>0025r</desc>
			<graphic mimeType="pdf" url="AM%20122%20b%20fol./73/HIGH_QUALITY_DISPLAY"/>
			<graphic mimeType="jpg" url="AM%20122%20b%20fol./73/THUMBNAIL" width="200px" height="246px"/>
			<graphic mimeType="jpg" url="AM%20122%20b%20fol./73/SECONDARY_DISPLAY" width="4520px" height="5571px"/>
			<graphic mimeType="pdf" url="AM%20122%20b%20fol./73/WEB_DISPLAY"/>
		</surface>
		<surface xml:id="AM02-0122b-0025v" n="74">
			<desc>0025v</desc>
			<graphic mimeType="pdf" url="AM%20122%20b%20fol./74/HIGH_QUALITY_DISPLAY"/>
			<graphic mimeType="jpg" url="AM%20122%20b%20fol./74/THUMBNAIL" width="200px" height="250px"/>
			<graphic mimeType="jpg" url="AM%20122%20b%20fol./74/SECONDARY_DISPLAY" width="4384px" height="5491px"/>
			<graphic mimeType="pdf" url="AM%20122%20b%20fol./74/WEB_DISPLAY"/>
		</surface>
		<surface xml:id="AM02-0122b-0026r" n="75">
			<desc>0026r</desc>
			<graphic mimeType="pdf" url="AM%20122%20b%20fol./75/HIGH_QUALITY_DISPLAY"/>
			<graphic mimeType="jpg" url="AM%20122%20b%20fol./75/THUMBNAIL" width="145px" height="300px"/>
			<graphic mimeType="jpg" url="AM%20122%20b%20fol./75/SECONDARY_DISPLAY" width="2576px" height="5315px"/>
			<graphic mimeType="pdf" url="AM%20122%20b%20fol./75/WEB_DISPLAY"/>
		</surface>
		<surface xml:id="AM02-0122b-0026v" n="76">
			<desc>0026v</desc>
			<graphic mimeType="pdf" url="AM%20122%20b%20fol./76/HIGH_QUALITY_DISPLAY"/>
			<graphic mimeType="jpg" url="AM%20122%20b%20fol./76/THUMBNAIL" width="146px" height="300px"/>
			<graphic mimeType="jpg" url="AM%20122%20b%20fol./76/SECONDARY_DISPLAY" width="2528px" height="5195px"/>
			<graphic mimeType="pdf" url="AM%20122%20b%20fol./76/WEB_DISPLAY"/>
		</surface>
		<surface xml:id="AM02-0122b-0027r" n="77">
			<desc>0027r</desc>
			<graphic mimeType="pdf" url="AM%20122%20b%20fol./77/HIGH_QUALITY_DISPLAY"/>
			<graphic mimeType="jpg" url="AM%20122%20b%20fol./77/THUMBNAIL" width="200px" height="266px"/>
			<graphic mimeType="jpg" url="AM%20122%20b%20fol./77/SECONDARY_DISPLAY" width="4712px" height="6267px"/>
			<graphic mimeType="pdf" url="AM%20122%20b%20fol./77/WEB_DISPLAY"/>
		</surface>
		<surface xml:id="AM02-0122b-0027v" n="78">
			<desc>0027v</desc>
			<graphic mimeType="pdf" url="AM%20122%20b%20fol./78/HIGH_QUALITY_DISPLAY"/>
			<graphic mimeType="jpg" url="AM%20122%20b%20fol./78/THUMBNAIL" width="200px" height="271px"/>
			<graphic mimeType="jpg" url="AM%20122%20b%20fol./78/SECONDARY_DISPLAY" width="4584px" height="6219px"/>
			<graphic mimeType="pdf" url="AM%20122%20b%20fol./78/WEB_DISPLAY"/>
		</surface>
		<surface xml:id="AM02-0122b-0028r" n="79">
			<desc>0028r</desc>
			<graphic mimeType="pdf" url="AM%20122%20b%20fol./79/HIGH_QUALITY_DISPLAY"/>
			<graphic mimeType="jpg" url="AM%20122%20b%20fol./79/THUMBNAIL" width="200px" height="267px"/>
			<graphic mimeType="jpg" url="AM%20122%20b%20fol./79/SECONDARY_DISPLAY" width="4712px" height="6299px"/>
			<graphic mimeType="pdf" url="AM%20122%20b%20fol./79/WEB_DISPLAY"/>
		</surface>
		<surface xml:id="AM02-0122b-0028v" n="80">
			<desc>0028v</desc>
			<graphic mimeType="pdf" url="AM%20122%20b%20fol./80/HIGH_QUALITY_DISPLAY"/>
			<graphic mimeType="jpg" url="AM%20122%20b%20fol./80/THUMBNAIL" width="200px" height="281px"/>
			<graphic mimeType="jpg" url="AM%20122%20b%20fol./80/SECONDARY_DISPLAY" width="4384px" height="6163px"/>
			<graphic mimeType="pdf" url="AM%20122%20b%20fol./80/WEB_DISPLAY"/>
		</surface>
		<surface xml:id="AM02-0122b-0029r" n="81">
			<desc>0029r</desc>
			<graphic mimeType="pdf" url="AM%20122%20b%20fol./81/HIGH_QUALITY_DISPLAY"/>
			<graphic mimeType="jpg" url="AM%20122%20b%20fol./81/THUMBNAIL" width="151px" height="300px"/>
			<graphic mimeType="jpg" url="AM%20122%20b%20fol./81/SECONDARY_DISPLAY" width="2520px" height="5003px"/>
			<graphic mimeType="pdf" url="AM%20122%20b%20fol./81/WEB_DISPLAY"/>
		</surface>
		<surface xml:id="AM02-0122b-0029v" n="82">
			<desc>0029v</desc>
			<graphic mimeType="pdf" url="AM%20122%20b%20fol./82/HIGH_QUALITY_DISPLAY"/>
			<graphic mimeType="jpg" url="AM%20122%20b%20fol./82/THUMBNAIL" width="149px" height="300px"/>
			<graphic mimeType="jpg" url="AM%20122%20b%20fol./82/SECONDARY_DISPLAY" width="2432px" height="4907px"/>
			<graphic mimeType="pdf" url="AM%20122%20b%20fol./82/WEB_DISPLAY"/>
		</surface>
		<surface xml:id="AM02-0122b-0030r" n="83">
			<desc>0030r</desc>
			<graphic mimeType="pdf" url="AM%20122%20b%20fol./83/HIGH_QUALITY_DISPLAY"/>
			<graphic mimeType="jpg" url="AM%20122%20b%20fol./83/THUMBNAIL" width="200px" height="238px"/>
			<graphic mimeType="jpg" url="AM%20122%20b%20fol./83/SECONDARY_DISPLAY" width="4368px" height="5203px"/>
			<graphic mimeType="pdf" url="AM%20122%20b%20fol./83/WEB_DISPLAY"/>
		</surface>
		<surface xml:id="AM02-0122b-0030v" n="84">
			<desc>0030v</desc>
			<graphic mimeType="pdf" url="AM%20122%20b%20fol./84/HIGH_QUALITY_DISPLAY"/>
			<graphic mimeType="jpg" url="AM%20122%20b%20fol./84/THUMBNAIL" width="200px" height="242px"/>
			<graphic mimeType="jpg" url="AM%20122%20b%20fol./84/SECONDARY_DISPLAY" width="4192px" height="5083px"/>
			<graphic mimeType="pdf" url="AM%20122%20b%20fol./84/WEB_DISPLAY"/>
		</surface>
		<surface xml:id="AM02-0122b-9901r-RFl" n="85">
			<desc>9901r-RFl</desc>
			<graphic mimeType="pdf" url="AM%20122%20b%20fol./85/HIGH_QUALITY_DISPLAY"/>
			<graphic mimeType="jpg" url="AM%20122%20b%20fol./85/THUMBNAIL" width="200px" height="266px"/>
			<graphic mimeType="jpg" url="AM%20122%20b%20fol./85/SECONDARY_DISPLAY" width="4744px" height="6299px"/>
			<graphic mimeType="pdf" url="AM%20122%20b%20fol./85/WEB_DISPLAY"/>
		</surface>
		<surface xml:id="AM02-0122b-9901v-RFl" n="86">
			<desc>9901v-RFl</desc>
			<graphic mimeType="pdf" url="AM%20122%20b%20fol./86/HIGH_QUALITY_DISPLAY"/>
			<graphic mimeType="jpg" url="AM%20122%20b%20fol./86/THUMBNAIL" width="200px" height="256px"/>
			<graphic mimeType="jpg" url="AM%20122%20b%20fol./86/SECONDARY_DISPLAY" width="4912px" height="6299px"/>
			<graphic mimeType="pdf" url="AM%20122%20b%20fol./86/WEB_DISPLAY"/>
		</surface>
		<surface xml:id="AM02-0122b-9999r-RB" n="87">
			<desc>9999r-RB</desc>
			<graphic mimeType="pdf" url="AM%20122%20b%20fol./87/HIGH_QUALITY_DISPLAY"/>
			<graphic mimeType="jpg" url="AM%20122%20b%20fol./87/THUMBNAIL" width="200px" height="254px"/>
			<graphic mimeType="jpg" url="AM%20122%20b%20fol./87/SECONDARY_DISPLAY" width="4960px" height="6299px"/>
			<graphic mimeType="pdf" url="AM%20122%20b%20fol./87/WEB_DISPLAY"/>
		</surface>
		<surface xml:id="AM02-0122b-9999v-RB" n="88">
			<desc>9999v-RB</desc>
			<graphic mimeType="pdf" url="AM%20122%20b%20fol./88/HIGH_QUALITY_DISPLAY"/>
			<graphic mimeType="jpg" url="AM%20122%20b%20fol./88/THUMBNAIL" width="200px" height="248px"/>
			<graphic mimeType="jpg" url="AM%20122%20b%20fol./88/SECONDARY_DISPLAY" width="5080px" height="6299px"/>
			<graphic mimeType="pdf" url="AM%20122%20b%20fol./88/WEB_DISPLAY"/>
		</surface>
	</facsimile>
	<text>
          <body>

               <p/>
          </body>
     </text>
</TEI>