<?xml version="1.0" encoding="UTF-8"?>
<?oxygen RNGSchema="http://www.handrit.is/schema/handrit-1.0.rnc" type="compact"?>
<TEI xmlns="http://www.tei-c.org/ns/1.0">
    <teiHeader>
        <fileDesc>
            <titleStmt>
                <title>Handritaskrá Árnastofnunar</title>
            </titleStmt>
            <publicationStmt>
                <p>Tilraunaútgáfa</p>
            </publicationStmt>
            <sourceDesc>
                <msDesc xml:lang="is" xml:id="AM02-0134-is">
                    <msIdentifier>
                        <country key="IS">Ísland</country>
                        <settlement>Reykjavík</settlement>
                        <institution>Stofnun Árna Magnússonar í íslenskum fræðum</institution>
                        <repository>Handritasvið</repository>
                        <collection>Safn Árna Magnússonar</collection>
                        <idno>AM 134 fol.</idno>
                        <altIdentifier type="internal" subtype="KKKat">
                            <idno>163</idno>
                        </altIdentifier>
                    </msIdentifier>



                    <msContents class="isl">
                        <msItem class="isl" defective="false">
                            <locus from="1r" to="148v">1r-148v</locus>
                            <title type="uniform">Njáls saga</title>
                            <textLang mainLang="is">Íslenska</textLang>
                            <incipit>Mörður er maður nefndur …</incipit>
                            <explicit>… Son Brennu-Flosa var Kolbeinn er ágætastur maður hefur verið
                                einhver í þeirri ætt.</explicit>
                            <finalRubric>Og lúku vér hér Brennu-Njáls sögu.</finalRubric>
                        </msItem>
                    </msContents>

                    <physDesc>
                        <objectDesc form="codex">
                            <supportDesc material="chart">
                                <support>
                                    <p>Pappír með vatnsmerkjum.</p>
                                    <p>
                                        <watermark n="1">
                                            Vatnsmerki 1. Aðalmerki:
                                            <ref target="watermark:K7-1">Tveir turnar með tveimur gluggum</ref>
                                            (
                                            <locus from="1r" to="4v">1-4</locus>
                                            ,
                                            <locus from="6r" to="6v">6</locus>
                                            ,
                                            <locus from="16r" to="20v">16-20</locus>
                                            ,
                                            <locus from="22r" to="24v">22-24</locus>
                                            ,
                                            <locus from="26r" to="26v">26</locus>
                                            ,
                                            <locus from="30r" to="30v">30</locus>
                                            ,
                                            <locus from="32r" to="35v">32-35</locus>
                                            ,
                                            <locus from="40r" to="40v">40</locus>
                                            ,
                                            <locus from="42r" to="43v">42-43</locus>
                                            ,
                                            <locus from="46r" to="47v">46-47</locus>
                                            ,
                                            <locus from="50r" to="53v">50-53</locus>
                                            ,
                                            <locus from="55r" to="55v">55</locus>
                                            ,
                                            <locus from="57r" to="57v">57</locus>
                                            ,
                                            <locus from="57r" to="57v">57</locus>
                                            ,
                                            <locus from="63r" to="64v">63-64</locus>
                                            ,
                                            <locus from="66r" to="66v">66</locus>
                                            ,
                                            <locus from="69r" to="70">69-70</locus>
                                            ,
                                            <locus from="72r" to="72v">72</locus>
                                            ,
                                            <locus from="74r" to="74v">74</locus>
                                            ,
                                            <locus from="76r" to="76v">76</locus>
                                            ,
                                            <locus from="78r" to="78v">78</locus>
                                            ,
                                            <locus from="80r" to="80v">80</locus>
                                            ,
                                            <locus from="83r" to="84v">83-84</locus>
                                            ,
                                            <locus from="86r" to="86v">86</locus>
                                            ,
                                            <locus from="89r" to="91v">89-91</locus>
                                            ,
                                            <locus from="94r" to="95v">94-95</locus>
                                            ,
                                            <locus from="98r" to="99v">98-99</locus>
                                            ,
                                            <locus from="101r" to="101v">101</locus>
                                            ,
                                            <locus from="103r" to="105v">103-105</locus>
                                            ,
                                            <locus from="109r" to="109v">109</locus>
                                            ,
                                            <locus from="111r" to="111v">111</locus>
                                            ,
                                            <locus from="113r" to="114v">113-114</locus>
                                            ,
                                            <locus from="116r" to="116v">116</locus>
                                            ,
                                            <locus from="119r" to="119v">119</locus>
                                            ,
                                            <locus from="121r" to="123v">121-123</locus>
                                            ,
                                            <locus from="125r" to="125v">125</locus>
                                            ,
                                            <locus from="127r" to="127v">127</locus>
                                            ,
                                            <locus from="131r" to="132v">131-132</locus>
                                            ,
                                            <locus from="135r" to="135v">135</locus>
                                            ,
                                            <locus from="137r" to="138v">137-138</locus>
                                            ,
                                            <locus from="141r" to="141v">141</locus>
                                            ,
                                            <locus from="144r" to="144v">144</locus>
                                            ,
                                            <locus from="146r" to="147v">146-147</locus>
                                            )
                                            // Mótmerki:
                                            <ref target="watermark:X2">Fangamark PH</ref>
                                            (
                                            <locus from="5r" to="5v">5</locus>
                                            ,
                                            <locus from="7r" to="15v">7-15</locus>
                                            ,
                                            <locus from="21r" to="21v">21</locus>
                                            ,
                                            <locus from="25r" to="25v">25</locus>
                                            ,
                                            <locus from="27r" to="29v">27-29</locus>
                                            ,
                                            <locus from="31r" to="31v">31</locus>
                                            ,
                                            <locus from="36r" to="39v">36-39</locus>
                                            ,
                                            <locus from="41r" to="41v">41</locus>
                                            ,
                                            <locus from="44r" to="45v">44-45</locus>
                                            ,
                                            <locus from="48r" to="49v">48-49</locus>
                                            ,
                                            <locus from="54r" to="54v">54</locus>
                                            ,
                                            <locus from="56r" to="56v">56</locus>
                                            ,
                                            <locus from="58r" to="62v">58-62</locus>
                                            ,
                                            <locus from="65r" to="65v">65</locus>
                                            ,
                                            <locus from="67r" to="68v">67-68</locus>
                                            ,
                                            <locus from="71r" to="71v">71</locus>
                                            ,
                                            <locus from="73r" to="73v">73</locus>
                                            ,
                                            <locus from="75r" to="75v">75</locus>
                                            ,
                                            <locus from="77r" to="77v">77</locus>
                                            ,
                                            <locus from="79r" to="79v">79</locus>
                                            ,
                                            <locus from="81r" to="82v">81-82</locus>
                                            ,
                                            <locus from="85r" to="85v">85</locus>
                                            ,
                                            <locus from="87r" to="88v">87-88</locus>
                                            ,
                                            <locus from="92r" to="93v">92-93</locus>
                                            ,
                                            <locus from="96r" to="97v">96-97</locus>
                                            ,
                                            <locus from="100r" to="100v">100</locus>
                                            ,
                                            <locus from="102r" to="102v">102</locus>
                                            ,
                                            <locus from="106r" to="108v">106-108</locus>
                                            ,
                                            <locus from="110r" to="110v">110</locus>
                                            ,
                                            <locus from="112r" to="112v">112</locus>
                                            ,
                                            <locus from="115r" to="115v">115</locus>
                                            ,
                                            <locus from="117r" to="118v">117-118</locus>
                                            ,
                                            <locus from="120r" to="120v">120</locus>
                                            ,
                                            <locus from="124r" to="124v">124</locus>
                                            ,
                                            <locus from="126r" to="126v">126</locus>
                                            ,
                                            <locus from="128r" to="130v">128-130</locus>
                                            ,
                                            <locus from="133r" to="134v">133-134</locus>
                                            ,
                                            <locus from="136r" to="136v">136</locus>
                                            ,
                                            <locus from="139r" to="140v">139-140</locus>
                                            ,
                                            <locus from="142r" to="143v">142-143</locus>
                                            ,
                                            <locus from="145r" to="145v">145</locus>
                                            ,
                                            <locus from="148r" to="148v">148?</locus>
                                            ,
                                            fangamark á blaði 148 er nokkuð óskýrt í handriti).
                                        </watermark>
                                    </p>                               
                                </support>
                                <extent>i + 148 + i blöð (<dimensions type="leaf" unit="mm"
                                        scope="all">
                                        <height>297</height>
                                        <width>205</width>
                                    </dimensions>).</extent>
                                <foliation>
                                    <p>
                                        <list>
                                            <item>Eldri blaðsíðumerking, 1-296.</item>
                                            <item>Yngri blaðmerking með rauðum lit, 1-148.</item>
                                        </list>
                                    </p>
                                </foliation>

                                <collation>
                                    <p>Fimmtán kver.<list>
                                            <item n="1">Kver I: blöð 1-10, 5 tvinn.</item>
                                            <item n="2">Kver II: blöð 11-20, 5 tvinn.</item>
                                            <item n="3">Kver III: blöð 21-30, 5 tvinn.</item>
                                            <item n="4">Kver IV: blöð 31-40, 5 tvinn.</item>
                                            <item n="5">Kver V: blöð 41-50, 5 tvinn.</item>
                                            <item n="6">Kver VI: blöð 51-60, 5 tvinn.</item>
                                            <item n="7">Kver VII: blöð 61-70, 5 tvinn.</item>
                                            <item n="8">Kver VIII: blöð 71-80, 5 tvinn.</item>
                                            <item n="9">Kver IX: blöð 81-90, 5 tvinn.</item>
                                            <item n="10">Kver X: blöð 91-100, 5 tvinn.</item>
                                            <item n="11">Kver XI: blöð 101-110, 5 tvinn.</item>
                                            <item n="12">Kver XII: blöð 111-120, 5 tvinn.</item>
                                            <item n="13">Kver XIII: blöð 121-130, 5 tvinn.</item>
                                            <item n="14">Kver XIV: blöð 131-140, 5 tvinn.</item>
                                            <item n="15">Kver XV: blöð 141-148, 4 tvinn.</item>
                                        </list>
                                    </p>
                                </collation>

                                <condition>
                                    <p>
                                        <list>
                                            <item n="1">Síðutitill er víða skertur (sbr. blað <locus
                                                  from="30v" to="30v">30v</locus>) eða alveg horfinn
                                                (sbr. blað <locus from="31r" to="31r">31r</locus>)
                                                vegna afskurðar, sem og hafa spássíugreinar skerts
                                                (sbr. blað <locus from="88r" to="88r"
                                                >88r</locus>).</item>
                                            <item n="2">Texti sést sumstaðar í gegn (sbr. t.d. blað
                                                  <locus from="129r" to="129v">129</locus>).</item>
                                        </list>
                                    </p>
                                </condition>
                            </supportDesc>

                            <layoutDesc>
                                <layout columns="1" writtenLines="28">
                                    <p>
                                        <list>
                                            <item n="1">Eindálka.</item>
                                            <item n="2">Leturflötur er ca <dimensions type="leaf"
                                                  unit="mm">
                                                  <height>260</height>
                                                  <width>150</width>
                                                </dimensions>.</item>
                                            <item n="3">Síðutitill: <q>Njála</q>.</item>
                                            <item n="4">Kaflaskipting: 148 kaflar.</item>
                                            <item n="5">Línufjöldi er ca 28.</item>
                                            <item n="6">Sagan endar í totu.</item>
                                        </list>
                                    </p>
                                </layout>
                            </layoutDesc>

                        </objectDesc>
                        <handDesc>
                            <handNote scope="sole" script="hybrida" scribe="JonErl001">
                                <list>
                                    <item>Með hendi <name type="person" key="JonErl001">Jóns
                                            Erlendssonar</name>; blendingsskrift. </item>
                                </list>
                            </handNote>
                            <!-- kansellískrift???? -->
                        </handDesc>

                        <additions>
                            <p>
                                <list>
                                    <item n="1">Lesbrigði á spássíum eru úr <ref>Gullskinnu</ref>,
                                            <ref>Gráskinnu</ref> og öðrum Njáluhandritum.</item>
                                    <item n="2">Leiðréttingar og ættfræðilegar athugasemdir eru með
                                        hendi <name key="BrySve001" type="person">Brynjólfs
                                            Sveinssonar</name> biskups (sbr. <bibl>
                                            <ref>Om håndskrifterne af Njála. Njála II</ref>
                                        </bibl>, bls. 719-720).</item>
                                </list>
                            </p>
                        </additions>

                        <bindingDesc>
                            <binding notBefore="1911" notAfter="1913" contemporary="false">
                                <p>
                                    Band frá 1911-1913. Bókfell er á kili og hornum,
                                            pappírsklæðning; (<dimensions type="binding" unit="mm">
                                                <height>301</height>
                                                <width>210</width>
                                                <depth>47</depth>
                                            </dimensions>).
                                  
                                </p>
                            </binding>
                            <binding contemporary="unknown">
                                <p>
                                  Spjöld og kjölur í eldra bandi klædd bókfelli úr
                                            kirkjulegu latnesku handriti (tvídálka).
                                </p>
                            </binding>
                            <!-- Band frá Árna Magnússyni, sem skrifar á kjölinn: <q>Nials Saga</q>. (MJ) ? -->
                            <!-- sá ekki eldra band (vh) -->
                        </bindingDesc>

                        <accMat>
                            <p>
                                <list>
                                    <item n="1"> Fastur <locus from="accMat01r" to="accMat01v"
                                            >seðill</locus> (<dimensions type="slip" unit="mm">
                                            <height>195</height>
                                            <width>129</width>
                                        </dimensions> (á milli fremra kápuspjalds og fremra
                                        saurblaðs) með hendi <name key="ArnMag001" type="person"
                                            >Árna Magnússonar</name>: <quote type="AMSlip"
                                            xml:lang="is">Þessi Njáls saga er úttekin úr bók er ég
                                            fékk frá séra Ólafi Gíslasyni að Hofi í
                                            Vopnafirði.</quote></item>
                                    <item n="2"> Fastur <locus from="accMat02r" to="accMat02v"
                                            >seðill</locus> (á milli blaða <locus from="85v"
                                            to="86r">85v og 86r</locus>). </item>
                                </list>
                            </p>
                        </accMat>

                    </physDesc>
                    <history>
                        <origin notBefore="1625" notAfter="1672">
                            <p>Handritið er skrifað á <origPlace key="IS"
                                            >Íslandi</origPlace> og tímasett til 17. aldar í <bibl>
                                            <ref target="KKKat">Katalog I</ref>
                                        </bibl>, bls. 98, en virkt skriftartímabil skrifara var ca
                                            <origDate notBefore="1625" notAfter="1672"
                                            >1625-1672</origDate>. 
                                   Handritið er uppskrift eftir skinnhandriti, mögulega
                                            <ref>Gráskinnu</ref>, <ref>GKS 2870 4to</ref> og líklega
                                        skrifað fyrir <name key="BrySve001" type="person">Brynjólf
                                            Sveinsson</name> biskup (sbr. seðil í <ref
                                            target="AM02-0135" type="ms">AM 135 fol.</ref> og <name
                                            type="person" key="JonTho008"> Jón Þorkelsson</name> í
                                            <ref>Om håndskrifterne af Njála, Njála II</ref>, bls.
                                        719-20).</p>
                                    <p>Jón Þorkelsson nefnir handritið <bibl>
                                            <ref>Hofsbók</ref>
                                        </bibl> í <bibl>
                                            <ref>Om håndskrifterne af Njála, Njála II</ref>
                                        </bibl>.</p>
                                    <p>Það var áður hluti af stærri bók (sbr. <locus
                                            from="accMat01r" to="accMat01v">seðil</locus>). Sú bók
                                        innihélt einnig <ref target="AM02-0182" type="ms">AM 182
                                            fol.</ref></p>

                        </origin>

                        <provenance>
                            <p>Bókina sem handritið tilheyrði fékk <name key="ArnMag001"
                                    type="person">Árni Magnússon</name> frá sr. <name
                                    key="OlaGis002" type="person">Ólafi Gíslasyni</name> að <name
                                    type="place">Hofi í Vopnafirði</name> (sbr. <locus
                                    from="accMat01r" to="accMat01v">seðil</locus>).</p>
                        </provenance>

                        <acquisition when="1974-02-05">
                            <p>Stofnun Árna Magnússonar á Íslandi tók við handritinu 5. febrúar
                                1974.</p>
                        </acquisition>

                    </history>
                    <additional>
                        <adminInfo>
                            <recordHist>
                                <source>
                                    <p>
                                    
                                            <name key="KriKaa001" type="person">Kålund</name>
                                            gekk frá handritinu til skráningar í <date
                                                when="1885-11-18">18. nóvember 1885</date>
                                            <bibl>
                                                <ref target="KKKat">Katalog I;</ref>
                                            </bibl>bls. 98 (nr. 163),
                                        <name key="DriThr001" type="person">DKÞ</name>
                                        skráði <date when="2001-09-10">10. september
                                            2001</date>,
      
                                                <name type="person" key="ValHil001">VH</name>
                                                uppfærði handritið samkvæmt TEIP5 reglum <date
                                                  notBefore="2008-11-18" notAfter="2008-11-19"
                                                  >18.-19. nóvember 2008</date>; lagfærði í <date when="2010-11">nóvember 2010</date>. <name key="ThuSig002" type="person">ÞÓS</name> skráði <date when="2020-06-18">18. júní 2020</date>.
                                        
                                    </p>
                                </source>

                            </recordHist>
                            <custodialHist>
                                <custEvent type="conservation" notBefore="1911" notAfter="1913">
                                    <p>Bundið af <name key="OttEhl001" type="person">Otto
                                            Ehlert</name> 1911-1913.</p>
                                </custEvent>
                            </custodialHist>
                        </adminInfo>
                        <surrogates>
                            <p>
                                <list>
                                    <item>Stafrænar myndir á www.sagnanet.is.</item>
                                    <item>Svart-hvítar ljósmyndir á Det Arnamagnæanske Institut í
                                        Kaupmannahöfn.</item>
                                </list>
                            </p>
                        </surrogates>
                        <listBibl>
                            <bibl>Loth, A. 1960, <ref target="Loth1960">Sønderdelte arnamagnæanske papirhåndskrifter</ref></bibl>
                            <bibl>Margrét Eggertsdóttir 2010, <ref target="MarEgg2010a">Handritamiðstöðin í Skálholti</ref></bibl>
                            <bibl>Már Jónsson 1996, <ref target="MárJón1996a">Var þar mokað af miklum usla. Fyrsta atrenna að Gullskinnugerð Njálu</ref></bibl>
                            <bibl>Zeevaert, L. 2018, <ref target="LudZee2018a">Eine deutsche zusammefassung von Njáls saga im manuskript Rostock Mss. philol. 78/2</ref></bibl>
                            <bibl>Guðrún Ása Grímsdóttir 2008, <ref target="GuðGrí2008a">Ættartölusafnrit séra Þórðar Jónssonar í Hítardal</ref></bibl>
                        </listBibl>
                    </additional>
                </msDesc>
            </sourceDesc>
        </fileDesc>
        <revisionDesc>
            <change when="2008-10" who="#EriHas01">Migrated from MASTER to P5</change>
        </revisionDesc>
    </teiHeader>
    <text>
        <body>

            <p/>
        </body>
    </text>
</TEI>
