<?xml version="1.0" encoding="UTF-8"?>
<?oxygen RNGSchema="http://www.handrit.is/schema/handrit-1.0.rnc" type="compact"?>
<TEI xmlns="http://www.tei-c.org/ns/1.0">
	<teiHeader>
		<fileDesc>
			<titleStmt>
				<title>Handritaskrá Árnastofnunar</title>
			</titleStmt>
			<publicationStmt>
				<p>Tilraunaútgáfa</p>
			</publicationStmt>
			<sourceDesc>
				<msDesc xml:lang="is" xml:id="AM02-0157h-is">
					<msIdentifier>
						<country key="IS">Ísland</country>
						<settlement>Reykjavík</settlement>
						<institution>Stofnun Árna Magnússonar í íslenskum fræðum</institution>
						<repository>Handritasvið</repository>
						<collection>Safn Árna Magnússonar</collection>
						<idno>AM 157 h fol.</idno>
						<altIdentifier type="internal" subtype="KKKat">
							<idno>193</idno>
						</altIdentifier>
					</msIdentifier>

					<!-- Not: 
               Sagan af Gunnlaugi Ormstungu ok Skalld-Rafni, Hafniæ 1775; Ísl. sög. II, Kbh. 1847, s. XXVI (Gunnl.), XLIV (Trygðamál); Íslendinga sögur II, Kph. 1830, s. 7 (Vall); Ísl. Fornsögur II, Kph. 1881, s. XIII-XIV (Vall.).
               Marold, Edidt. Uberlegungen (u með tveimur deplum) zum Problem der Emendationen am Beispiel der Verse von Björn Hítdælakappi. Skandinavistik. 2002; 32 (1): 39-56
               Widding, Ole. Haandskriftanalyser. Opuscula. 1961; 2 (Bibliotheca Arnamagnæana; 25) (1): 65-75.
            Slay, Desmond. The manuscripts of Hrólfs saga Kraka. Hafniæ: 1960. (Bibliotheca Arnamagnæana; 24).
            Valla-Ljóts saga. Jónas Kristjánsson, ed. Köbenhavn: Samfund til udgivelse af gammel nordisk litteratur; 1952. (S.T.U.A.G.N.L. (virðist vanta e-ð hér).-->


					<msContents>
						<summary>
							<title type="supplied">Sögubók</title>
						</summary>
						<textLang mainLang="is">Íslenska</textLang>

						<msItem n="1" defective="false" class="isl">
							<locus from="1r" facs="#AM02-0157h-0001r" to="15v">1r-15v</locus>
							<title type="uniform">Gunnlaugs saga ormstungu</title>
							<rubric>Hér hefur sögu af Hrafni og Gunnlaugi ormstungu eftir fyrirsögn
								Ara prests hins fróða Þorgilssonar.</rubric>
							<incipit>Þorsteinn hét m(!)maður, hann var Egilsson, Skallagrímssonar,
								Kvöldúlfssonar, hersir yfir Noregi …</incipit>
							<explicit>… og þótti öllum mikið fráfall Helgu sem von var að. </explicit>
							<finalRubric>Og lýkur hér nú sögu Gunnlaugs ormstungu.</finalRubric>
						</msItem>

						<msItem n="2" defective="false" class="isl">
							<locus from="15v" facs="#AM02-0157h-0015v" to="16r">15v-16r</locus>
							<title type="uniform">Heiðarvíga saga</title>
							<note>
								Hluti sögunnar: Tryggðamál (Griðamál).
							</note>
							<rubric>Þorgils Arason sagði svo fyrir griðum eftir áeggjan Snorra goða
								á Helgafelli.</rubric>
							<incipit>Það er upphaf griða mála vorra …</incipit>
							<explicit>… sá er rýfur réttartryggðir en hylli sá er heldur, höfum
								heilir sæst en Guð sé við oss altíð sáttur.</explicit>
						</msItem>

						<msItem n="3" defective="false" class="isl">
							<locus from="17r" facs="#AM02-0157h-0017r" to="23v">17r-23v</locus>
							<title type="uniform">Valla-Ljóts saga</title>
							<rubric>Hér hefur sögu af Vallna-Ljót. Kapituli 1.</rubric>
							<incipit>Sigurður hét maður, hann var son Karls hins rauða …</incipit>
							<explicit>… og þótti Vallna-Ljótur hinn mesti höfðingi en Guðmundur
								hélt virðingu sinni allt til dauðadags. Og lýkur hér þessari
								frásögu.</explicit>
						</msItem>

						<msItem n="4" defective="true" class="fas">
							<locus from="23v" facs="#AM02-0157h-0023v" to="23v">23v</locus>
							<title type="uniform">Illuga saga Gríðarfóstra</title>
							<rubric>Söguþáttur af Illuga Gríðarfóstra. Kapituli 1.</rubric>
							<incipit>Kóngur var réður fyrir Danmörk er Hringur hét …</incipit>
							<explicit>… hann væri hinn mesti kappi og mundi honum trúr sem sér og
								skildu…</explicit>
							<note>
								Einungis fyrsti kapituli sögunnar og upphaf annars;
										strikað hefur verið yfir upphafið (sjá blað <locus from="23v" facs="#AM02-0157h-0023v" to="23v">23v</locus>).
							</note>
						</msItem>

					</msContents>

					<physDesc>

						<objectDesc form="codex">
							<supportDesc material="chart">
								<support>
									<p>Pappír með vatnsmerkjum.</p>
									<p>
										<watermark n="1">
											Vatnsmerki 1. Aðalmerki:
											<ref target="watermark:U">Skjaldarmerki Amsterdam</ref>
											(
											<locus from="2r" to="2v">2</locus>
											,
											<locus from="5r" to="6v">5-6</locus>
											,
											<locus from="8r" to="8v">8</locus>
											,
											<locus from="10r" to="10v">10</locus>
											,
											<locus from="12r" to="12v">12</locus>
											,
											<locus from="14r" to="14v">14</locus>
											,
											<locus from="16r" to="17v">16-17</locus>
											,
											<locus from="19r" to="19v">19</locus>
											,
											<locus from="21r" to="21v">21</locus>
											,
											<locus from="23r" to="23v">23</locus>
											)
											// Mótmerki:
											<ref target="watermark:X2">Fangamark PD</ref>
											(
											<locus from="1r" to="1v">1</locus>
											,
											<locus from="3r" to="4v">3-4</locus>
											,
											<locus from="7r" to="7v">7</locus>
											,
											<locus from="9r" to="9v">9</locus>
											,
											<locus from="11r" to="11v">11</locus>
											,
											<locus from="13r" to="13v">13</locus>
											,
											<locus from="15r" to="15v">15</locus>
											,
											<locus from="18r" to="18v">18</locus>
											,
											<locus from="20r" to="20v">20</locus>
											,
											<locus from="22r" to="22v">22</locus>
											).
										</watermark>
									</p>
								</support>
								<extent>i + 23 blöð + i. Tvær stærðir blaða: 1)saurblöð og blöð
										<locus from="1r" facs="#AM02-0157h-0001r" to="6v">1-6</locus> og <locus from="11r" facs="#AM02-0157h-0011r" to="23v">11-23</locus> eru ca: (<dimensions type="leaf" unit="mm" scope="all">
										<height>280</height>
										<width>185</width>
									</dimensions>); 2) blöð <locus from="7r" facs="#AM02-0157h-0007r" to="10v">7-10</locus> eru ca:
										(<dimensions type="leaf" unit="mm" scope="all">
										<height>280</height>
										<width>210</width>
									</dimensions>). Blað <locus from="16r" facs="#AM02-0157h-0016r" to="16r">16r</locus> er autt að mestu, blað <locus from="16v" facs="#AM02-0157h-0016v" to="16v">16v</locus> er
									autt. </extent>

								<foliation>
									<p>
										<list>
											<item>Síðari tíma blaðmerking með blýanti, 1-23.</item>
										</list>
									</p>
								</foliation>

								<collation>
									<p>Þrjú kver:<list>
											<item n="1">Kver I: blöð 1-8, 4 tvinn.</item>
											<item n="2">Kver II: blöð 9-16, 4 tvinn.</item>
											<item n="3">Kver III: blöð 17-23, 3 tvinn + 1 stakt
												blað.</item>
										</list>
									</p>
								</collation>

								<condition>
									<p>
										<list>
											<item>Strikað hefur verið yfir upphaf <ref>Illuga sögu
												Gríðarfóstra</ref>; í handriti er aðeins
												kapituli 1 og upphaf kapitula 2 (sjá blað <locus from="23v" facs="#AM02-0157h-0023v" to="23v">23v</locus>).</item>
											<item>Vegna afskurðar blaða eru síðutitlar og
												spássíugreinar skertar (sjá t.d. blöð <locus from="11v" facs="#AM02-0157h-0011v" to="11v">11v</locus>, <locus from="17v" facs="#AM02-0157h-0017v" to="23v">17v-23v</locus>).</item>
										</list>
									</p>
								</condition>

							</supportDesc>
							<layoutDesc>
								<layout columns="1" writtenLines="33 39">
									<p>
										<list>
											<item>Eindálka.</item>
											<item> Leturflötur er ca <dimensions type="leaf" unit="mm">
												<height>230-255</height>
												<width>135-150</width>
												</dimensions>.</item>
											<item>Línufjöldi er ca 33-39.</item>
											<item>Síðutitlar.</item>
											<item>
												<catchwords>Griporð (undantekning blað <locus from="15r" facs="#AM02-0157h-0015r" to="15r">15r</locus>).</catchwords>
											</item>
										</list>
									</p>
								</layout>
							</layoutDesc>
						</objectDesc>

						<handDesc hands="2">
							<handNote scribe="PalSve001" script="kanzlei" scope="major">Að mestu með
								hendi <name type="person" key="PalSve001">Páls Sveinssonar</name>
								(blöð <locus from="1r" facs="#AM02-0157h-0001r" to="16r">1r-16r</locus>), kansellíkrift.</handNote>
							<handNote scribe="KolHan001" script="kanzlei" scope="minor">Blöð <locus from="17r" facs="#AM02-0157h-0017r" to="23v">17r-23v</locus> eru
								annaðhvort með hendi <name type="person" key="PalSve001">Páls
									Sveinssonar</name> eða <name type="person" key="KolHan001">Kolbeins
									Hannessonar</name> (sbr. <ref target="AM04-0435b" type="ms">AM
									435 b 4to</ref>, blöð 7v og 9r (útg. bls. 72)), kansellískrift.
							</handNote>
						</handDesc>

						<decoDesc>
							<decoNote type="initial" subtype="flourished">
								<p>
									<list>
										<item>Blekdregnir skrautstafir með flúri í upphafi sagna og
											kafla (sbr. t.d. <locus from="1r" facs="#AM02-0157h-0001r" to="1v">1r-v</locus>,
												<locus from="15v" facs="#AM02-0157h-0015v" to="15v">15v</locus> og <locus from="17r" facs="#AM02-0157h-0017r" to="17r">17r</locus>).</item>
									</list>
								</p>
							</decoNote>
							<decoNote subtype="head-piece">
								<list>
									<item>Skrautbekkir á blaði <locus from="1r" facs="#AM02-0157h-0001r" to="1r">1r</locus>. </item>
								</list>
							</decoNote>
						</decoDesc>

						<additions>
							<p>
								<list>
									<item>Spássíugreinar með hendi <name key="ThoTor001" type="person">Þormóðs Torfasonar</name> (sbr. t.d.
											<locus from="12r" facs="#AM02-0157h-0012r" to="12r">12r</locus> og <locus from="13r" facs="#AM02-0157h-0013r" to="13v">13</locus>).</item>
								</list>
							</p>
						</additions>

						<bindingDesc>
							<binding contemporary="false">
								<p>Band frá 1976 (<dimensions type="binding">
										<height>288 </height>
										<width>230</width>
										<depth>11</depth>
									</dimensions>). Pappaspjöld klædd fínofnum líndúk, grófari dúkur
									á kili og hornum. Saumað á móttök. Saurblöð tilheyra þessu
									bandi.</p>
							</binding>
						</bindingDesc>

						<accMat>
							<p>
								<list>
									<item>Laus miði með upplýsingum um forvörslu.</item>
								</list>
							</p>
						</accMat>

					</physDesc>
					<history>
						<origin notBefore="1600" notAfter="1700">
							<p> Handritið er sennilega skrifað á <origPlace key="IS">Íslandi</origPlace><!-- ath. sbr. Már Jónsson 2009 <q>
                        		Skrifarinn Ásgeir Jónsson frá Gullberastöðum í Lundarreykjadal er handritið skrifað á því tímabili sem Ásgeir er á Stangarlandi (1690-1697) hjá Þormóði (282)-->
								á <origDate notBefore="1600" notAfter="1700">17. öld</origDate> af
								fyrrnefndum skrifurum <name key="PalSve001" type="person">Páli
									Sveinssyni</name> í<name type="place"> Flóa</name> og e.t.v.
								einnig <name key="KolHan001" type="person">Kolbeini
								Hannessyni</name> (sbr. <bibl>
									<ref target="KKKat">Katalog I</ref>
								</bibl>, bls. 110 og <ref target="AM04-0435b" type="ms">AM 435 b
								4to</ref>, blað <locus from="7v" facs="#AM02-0157h-0007v" to="7v">7v</locus> og <locus from="9r" facs="#AM02-0157h-0009r" to="9r">9r</locus> (útg. bls. 72)). </p>
							<p>Handritið var áður hluti af stærri bók sem innihélt einnig <ref target="AM02-0006" type="ms">AM 6 fol.</ref>, <ref target="AM02-0010" type="ms">AM 10 fol.</ref>, <ref target="AM02-0143" type="ms">AM 143 fol.</ref> og <ref target="AM02-0193d" type="ms">AM 193 d fol.</ref> og að auki tvö
								handrit sem nú eru glötuð, <title type="uniform">Háttalykil</title> Lofts ríka með
								hendi <name key="PalSve001" type="person">Páls Sveinssonar</name> og
									<title type="uniform">Droplaugarsona sögu</title> með hendi <name type="person">Guðmundar Guðmundssonar</name> (sbr. <ref target="AM04-0435b" type="ms">AM 435 b 4to</ref>, blað <locus from="7v" facs="#AM02-0157h-0007v" to="7v">7v</locus> og <locus from="9r" facs="#AM02-0157h-0009r" to="9r">9r</locus> (útg. bls. 72 og
								leiðréttingar)).</p>

						</origin>
						<provenance>
							<p> Bókin sem handritið tilheyrði var nr. XVI í safni <name key="ThoTor001" type="person">Þormóðs Torfasonar</name>. Allar
								sögurnar í bókinni ásamt fleirum (sjá <ref target="AM02-0147" type="ms">AM 147 fol.</ref>) komu til Þormóðar árið <date when="1685">1685</date> með kaupmanninum á <name type="place">Eyrarbakka</name>, <q>
									<name type="person">Andrese Laridtssyne Beck</name>
								</q>, frá sr. <name key="TorJon002" type="person">Torfa
								Jónssyni</name> í <name type="place">Gaulverjabæ</name>, nema tvær
								fyrstu og sú síðast talda sem kom til hans frá <name key="ArnMag001" type="person">Árna Magnússyni</name>. Árni tók bókina í sundur
								árið <date when="1720">1720</date> (sbr. <ref target="AM04-0453b" type="ms">AM 435 b 4to</ref>, blað 9r-10 (útg. bls. 72-73)).
							</p>
						</provenance>

						<acquisition when="1976-05-12">
							<p>Stofnun Árna Magnússonar á Íslandi tók við handritinu 12. maí
							1976.</p>
						</acquisition>
					</history>
					<additional>
						<adminInfo>
							<recordHist>

								<source>
									<p>
										<name key="KriKaa001" type="person">Kålund</name> gekk frá
										handritinu til skráningar <date when="1885-12-03">3.
											desember 1885</date>, 
										<bibl>
											<ref target="KKKat">Katalog I;</ref>
										</bibl>bls. 110-111 (nr. 193), <name key="DriThr001" type="person">DKÞ</name> grunnskráði <date when="2002-06-21">21. júní 2002</date>, <name type="person" key="ValHil001">VH</name> skráði handritið
										samkvæmt TEIP5 reglum <date when="2008-12-03"> 3. desember
											2008</date>; lagfærði í <date when="2010-11">nóvember
											2010</date>. <name key="ThuSig002" type="person">ÞÓS</name> skráði vatnsmerki <date when="2020-06-22">22. júní 2020</date>.</p>
								</source>

							</recordHist>
							<custodialHist>
								<custEvent type="conservation" notBefore="1976" notAfter="1976">
									<p>Viðgert og bundið af <name key="BirDal001" type="person">Birgitte Dall</name> í mars 1976. Eldra band
									fylgir.</p>
								</custEvent>
							</custodialHist>
						</adminInfo>
						<surrogates>
							<p>
								<list>
									<item>Svart-hvítar ljósmyndir á Det Arnamagnæanske Institut í
										Kaupmannahöfn.</item>
									<item>Negatíf filma frá <date when="1989">1989</date> á Stofnun
										Árna Magnússonar á Íslandi, ljósmyndari <name key="JohOla002" type="person">Jóhanna Ólafsdóttir</name>
										(askja 342).</item>
								</list>
							</p>
						</surrogates>
						<listBibl>
							<bibl>Jónas Kristjánsson 1952, <ref target="JónKri1952a">Valla-Ljóts saga</ref></bibl>
							<bibl>Slay, D. 1960, <ref target="BiblArn24">The manuscripts of Hrólfs saga kraka</ref></bibl>
						</listBibl>
					</additional>
				</msDesc>
			</sourceDesc>
		</fileDesc>
		<revisionDesc>
			<change when="2008-10" who="#EriHas01">Migrated from MASTER to P5</change>
		</revisionDesc>
	</teiHeader>
	<facsimile xml:base="https://myndir.handrit.is/file/Handrit.is/">
		<surface xml:id="AM02-0157h-0000r-FB" n="0">
			<desc>0000r-FB</desc>
			<graphic mimeType="pdf" url="AM%20157%20h%20fol/0/HIGH_QUALITY_DISPLAY"/>
			<graphic mimeType="jpg" url="AM%20157%20h%20fol/0/THUMBNAIL" width="200px" height="246px"/>
			<graphic mimeType="jpg" url="AM%20157%20h%20fol/0/SECONDARY_DISPLAY" width="2312px" height="2848px"/>
			<graphic mimeType="pdf" url="AM%20157%20h%20fol/0/WEB_DISPLAY"/>
		</surface>
		<surface xml:id="AM02-0157h-0000v-FB" n="1">
			<desc>0000v-FB</desc>
			<graphic mimeType="pdf" url="AM%20157%20h%20fol/1/HIGH_QUALITY_DISPLAY"/>
			<graphic mimeType="jpg" url="AM%20157%20h%20fol/1/THUMBNAIL" width="200px" height="266px"/>
			<graphic mimeType="jpg" url="AM%20157%20h%20fol/1/SECONDARY_DISPLAY" width="2107px" height="2808px"/>
			<graphic mimeType="pdf" url="AM%20157%20h%20fol/1/WEB_DISPLAY"/>
		</surface>
		<surface xml:id="AM02-0157h-0001r-FFl" n="2">
			<desc>0001r-FFl</desc>
			<graphic mimeType="pdf" url="AM%20157%20h%20fol/2/HIGH_QUALITY_DISPLAY"/>
			<graphic mimeType="jpg" url="AM%20157%20h%20fol/2/THUMBNAIL" width="200px" height="266px"/>
			<graphic mimeType="jpg" url="AM%20157%20h%20fol/2/SECONDARY_DISPLAY" width="2107px" height="2808px"/>
			<graphic mimeType="pdf" url="AM%20157%20h%20fol/2/WEB_DISPLAY"/>
		</surface>
		<surface xml:id="AM02-0157h-0001v-FFl" n="3">
			<desc>0001v-FFl</desc>
			<graphic mimeType="pdf" url="AM%20157%20h%20fol/3/HIGH_QUALITY_DISPLAY"/>
			<graphic mimeType="jpg" url="AM%20157%20h%20fol/3/THUMBNAIL" width="200px" height="266px"/>
			<graphic mimeType="jpg" url="AM%20157%20h%20fol/3/SECONDARY_DISPLAY" width="2107px" height="2808px"/>
			<graphic mimeType="pdf" url="AM%20157%20h%20fol/3/WEB_DISPLAY"/>
		</surface>
		<surface xml:id="AM02-0157h-0001r" n="4">
			<desc>0001r</desc>
			<graphic mimeType="pdf" url="AM%20157%20h%20fol/4/HIGH_QUALITY_DISPLAY"/>
			<graphic mimeType="jpg" url="AM%20157%20h%20fol/4/THUMBNAIL" width="200px" height="266px"/>
			<graphic mimeType="jpg" url="AM%20157%20h%20fol/4/SECONDARY_DISPLAY" width="2107px" height="2808px"/>
			<graphic mimeType="pdf" url="AM%20157%20h%20fol/4/WEB_DISPLAY"/>
		</surface>
		<surface xml:id="AM02-0157h-0001v" n="5">
			<desc>0001v</desc>
			<graphic mimeType="pdf" url="AM%20157%20h%20fol/5/HIGH_QUALITY_DISPLAY"/>
			<graphic mimeType="jpg" url="AM%20157%20h%20fol/5/THUMBNAIL" width="200px" height="296px"/>
			<graphic mimeType="jpg" url="AM%20157%20h%20fol/5/SECONDARY_DISPLAY" width="1867px" height="2768px"/>
			<graphic mimeType="pdf" url="AM%20157%20h%20fol/5/WEB_DISPLAY"/>
		</surface>
		<surface xml:id="AM02-0157h-0002r" n="6">
			<desc>0002r</desc>
			<graphic mimeType="pdf" url="AM%20157%20h%20fol/6/HIGH_QUALITY_DISPLAY"/>
			<graphic mimeType="jpg" url="AM%20157%20h%20fol/6/THUMBNAIL" width="200px" height="296px"/>
			<graphic mimeType="jpg" url="AM%20157%20h%20fol/6/SECONDARY_DISPLAY" width="1867px" height="2768px"/>
			<graphic mimeType="pdf" url="AM%20157%20h%20fol/6/WEB_DISPLAY"/>
		</surface>
		<surface xml:id="AM02-0157h-0002v" n="7">
			<desc>0002v</desc>
			<graphic mimeType="pdf" url="AM%20157%20h%20fol/7/HIGH_QUALITY_DISPLAY"/>
			<graphic mimeType="jpg" url="AM%20157%20h%20fol/7/THUMBNAIL" width="200px" height="296px"/>
			<graphic mimeType="jpg" url="AM%20157%20h%20fol/7/SECONDARY_DISPLAY" width="1867px" height="2768px"/>
			<graphic mimeType="pdf" url="AM%20157%20h%20fol/7/WEB_DISPLAY"/>
		</surface>
		<surface xml:id="AM02-0157h-0003r" n="8">
			<desc>0003r</desc>
			<graphic mimeType="pdf" url="AM%20157%20h%20fol/8/HIGH_QUALITY_DISPLAY"/>
			<graphic mimeType="jpg" url="AM%20157%20h%20fol/8/THUMBNAIL" width="200px" height="296px"/>
			<graphic mimeType="jpg" url="AM%20157%20h%20fol/8/SECONDARY_DISPLAY" width="1867px" height="2768px"/>
			<graphic mimeType="pdf" url="AM%20157%20h%20fol/8/WEB_DISPLAY"/>
		</surface>
		<surface xml:id="AM02-0157h-0003v" n="9">
			<desc>0003v</desc>
			<graphic mimeType="pdf" url="AM%20157%20h%20fol/9/HIGH_QUALITY_DISPLAY"/>
			<graphic mimeType="jpg" url="AM%20157%20h%20fol/9/THUMBNAIL" width="200px" height="296px"/>
			<graphic mimeType="jpg" url="AM%20157%20h%20fol/9/SECONDARY_DISPLAY" width="1867px" height="2768px"/>
			<graphic mimeType="pdf" url="AM%20157%20h%20fol/9/WEB_DISPLAY"/>
		</surface>
		<surface xml:id="AM02-0157h-0004r" n="10">
			<desc>0004r</desc>
			<graphic mimeType="pdf" url="AM%20157%20h%20fol/10/HIGH_QUALITY_DISPLAY"/>
			<graphic mimeType="jpg" url="AM%20157%20h%20fol/10/THUMBNAIL" width="200px" height="296px"/>
			<graphic mimeType="jpg" url="AM%20157%20h%20fol/10/SECONDARY_DISPLAY" width="1867px" height="2768px"/>
			<graphic mimeType="pdf" url="AM%20157%20h%20fol/10/WEB_DISPLAY"/>
		</surface>
		<surface xml:id="AM02-0157h-0004v" n="11">
			<desc>0004v</desc>
			<graphic mimeType="pdf" url="AM%20157%20h%20fol/11/HIGH_QUALITY_DISPLAY"/>
			<graphic mimeType="jpg" url="AM%20157%20h%20fol/11/THUMBNAIL" width="200px" height="300px"/>
			<graphic mimeType="jpg" url="AM%20157%20h%20fol/11/SECONDARY_DISPLAY" width="1843px" height="2768px"/>
			<graphic mimeType="pdf" url="AM%20157%20h%20fol/11/WEB_DISPLAY"/>
		</surface>
		<surface xml:id="AM02-0157h-0005r" n="12">
			<desc>0005r</desc>
			<graphic mimeType="pdf" url="AM%20157%20h%20fol/12/HIGH_QUALITY_DISPLAY"/>
			<graphic mimeType="jpg" url="AM%20157%20h%20fol/12/THUMBNAIL" width="200px" height="300px"/>
			<graphic mimeType="jpg" url="AM%20157%20h%20fol/12/SECONDARY_DISPLAY" width="1843px" height="2768px"/>
			<graphic mimeType="pdf" url="AM%20157%20h%20fol/12/WEB_DISPLAY"/>
		</surface>
		<surface xml:id="AM02-0157h-0005v" n="13">
			<desc>0005v</desc>
			<graphic mimeType="pdf" url="AM%20157%20h%20fol/13/HIGH_QUALITY_DISPLAY"/>
			<graphic mimeType="jpg" url="AM%20157%20h%20fol/13/THUMBNAIL" width="200px" height="300px"/>
			<graphic mimeType="jpg" url="AM%20157%20h%20fol/13/SECONDARY_DISPLAY" width="1843px" height="2768px"/>
			<graphic mimeType="pdf" url="AM%20157%20h%20fol/13/WEB_DISPLAY"/>
		</surface>
		<surface xml:id="AM02-0157h-0006r" n="14">
			<desc>0006r</desc>
			<graphic mimeType="pdf" url="AM%20157%20h%20fol/14/HIGH_QUALITY_DISPLAY"/>
			<graphic mimeType="jpg" url="AM%20157%20h%20fol/14/THUMBNAIL" width="200px" height="300px"/>
			<graphic mimeType="jpg" url="AM%20157%20h%20fol/14/SECONDARY_DISPLAY" width="1843px" height="2768px"/>
			<graphic mimeType="pdf" url="AM%20157%20h%20fol/14/WEB_DISPLAY"/>
		</surface>
		<surface xml:id="AM02-0157h-0006v" n="15">
			<desc>0006v</desc>
			<graphic mimeType="pdf" url="AM%20157%20h%20fol/15/HIGH_QUALITY_DISPLAY"/>
			<graphic mimeType="jpg" url="AM%20157%20h%20fol/15/THUMBNAIL" width="200px" height="274px"/>
			<graphic mimeType="jpg" url="AM%20157%20h%20fol/15/SECONDARY_DISPLAY" width="2023px" height="2768px"/>
			<graphic mimeType="pdf" url="AM%20157%20h%20fol/15/WEB_DISPLAY"/>
		</surface>
		<surface xml:id="AM02-0157h-0007r" n="16">
			<desc>0007r</desc>
			<graphic mimeType="pdf" url="AM%20157%20h%20fol/16/HIGH_QUALITY_DISPLAY"/>
			<graphic mimeType="jpg" url="AM%20157%20h%20fol/16/THUMBNAIL" width="200px" height="274px"/>
			<graphic mimeType="jpg" url="AM%20157%20h%20fol/16/SECONDARY_DISPLAY" width="2023px" height="2768px"/>
			<graphic mimeType="pdf" url="AM%20157%20h%20fol/16/WEB_DISPLAY"/>
		</surface>
		<surface xml:id="AM02-0157h-0007v" n="17">
			<desc>0007v</desc>
			<graphic mimeType="pdf" url="AM%20157%20h%20fol/17/HIGH_QUALITY_DISPLAY"/>
			<graphic mimeType="jpg" url="AM%20157%20h%20fol/17/THUMBNAIL" width="200px" height="266px"/>
			<graphic mimeType="jpg" url="AM%20157%20h%20fol/17/SECONDARY_DISPLAY" width="2083px" height="2768px"/>
			<graphic mimeType="pdf" url="AM%20157%20h%20fol/17/WEB_DISPLAY"/>
		</surface>
		<surface xml:id="AM02-0157h-0008r" n="18">
			<desc>0008r</desc>
			<graphic mimeType="pdf" url="AM%20157%20h%20fol/18/HIGH_QUALITY_DISPLAY"/>
			<graphic mimeType="jpg" url="AM%20157%20h%20fol/18/THUMBNAIL" width="200px" height="266px"/>
			<graphic mimeType="jpg" url="AM%20157%20h%20fol/18/SECONDARY_DISPLAY" width="2083px" height="2768px"/>
			<graphic mimeType="pdf" url="AM%20157%20h%20fol/18/WEB_DISPLAY"/>
		</surface>
		<surface xml:id="AM02-0157h-0008v" n="19">
			<desc>0008v</desc>
			<graphic mimeType="pdf" url="AM%20157%20h%20fol/19/HIGH_QUALITY_DISPLAY"/>
			<graphic mimeType="jpg" url="AM%20157%20h%20fol/19/THUMBNAIL" width="200px" height="266px"/>
			<graphic mimeType="jpg" url="AM%20157%20h%20fol/19/SECONDARY_DISPLAY" width="2083px" height="2768px"/>
			<graphic mimeType="pdf" url="AM%20157%20h%20fol/19/WEB_DISPLAY"/>
		</surface>
		<surface xml:id="AM02-0157h-0009r" n="20">
			<desc>0009r</desc>
			<graphic mimeType="pdf" url="AM%20157%20h%20fol/20/HIGH_QUALITY_DISPLAY"/>
			<graphic mimeType="jpg" url="AM%20157%20h%20fol/20/THUMBNAIL" width="200px" height="266px"/>
			<graphic mimeType="jpg" url="AM%20157%20h%20fol/20/SECONDARY_DISPLAY" width="2083px" height="2768px"/>
			<graphic mimeType="pdf" url="AM%20157%20h%20fol/20/WEB_DISPLAY"/>
		</surface>
		<surface xml:id="AM02-0157h-0009v" n="21">
			<desc>0009v</desc>
			<graphic mimeType="pdf" url="AM%20157%20h%20fol/21/HIGH_QUALITY_DISPLAY"/>
			<graphic mimeType="jpg" url="AM%20157%20h%20fol/21/THUMBNAIL" width="200px" height="266px"/>
			<graphic mimeType="jpg" url="AM%20157%20h%20fol/21/SECONDARY_DISPLAY" width="2083px" height="2768px"/>
			<graphic mimeType="pdf" url="AM%20157%20h%20fol/21/WEB_DISPLAY"/>
		</surface>
		<surface xml:id="AM02-0157h-0010r" n="22">
			<desc>0010r</desc>
			<graphic mimeType="pdf" url="AM%20157%20h%20fol/22/HIGH_QUALITY_DISPLAY"/>
			<graphic mimeType="jpg" url="AM%20157%20h%20fol/22/THUMBNAIL" width="200px" height="266px"/>
			<graphic mimeType="jpg" url="AM%20157%20h%20fol/22/SECONDARY_DISPLAY" width="2083px" height="2768px"/>
			<graphic mimeType="pdf" url="AM%20157%20h%20fol/22/WEB_DISPLAY"/>
		</surface>
		<surface xml:id="AM02-0157h-0010v" n="23">
			<desc>0010v</desc>
			<graphic mimeType="pdf" url="AM%20157%20h%20fol/23/HIGH_QUALITY_DISPLAY"/>
			<graphic mimeType="jpg" url="AM%20157%20h%20fol/23/THUMBNAIL" width="200px" height="269px"/>
			<graphic mimeType="jpg" url="AM%20157%20h%20fol/23/SECONDARY_DISPLAY" width="2055px" height="2768px"/>
			<graphic mimeType="pdf" url="AM%20157%20h%20fol/23/WEB_DISPLAY"/>
		</surface>
		<surface xml:id="AM02-0157h-0011r" n="24">
			<desc>0011r</desc>
			<graphic mimeType="pdf" url="AM%20157%20h%20fol/24/HIGH_QUALITY_DISPLAY"/>
			<graphic mimeType="jpg" url="AM%20157%20h%20fol/24/THUMBNAIL" width="200px" height="269px"/>
			<graphic mimeType="jpg" url="AM%20157%20h%20fol/24/SECONDARY_DISPLAY" width="2055px" height="2768px"/>
			<graphic mimeType="pdf" url="AM%20157%20h%20fol/24/WEB_DISPLAY"/>
		</surface>
		<surface xml:id="AM02-0157h-0011v" n="25">
			<desc>0011v</desc>
			<graphic mimeType="pdf" url="AM%20157%20h%20fol/25/HIGH_QUALITY_DISPLAY"/>
			<graphic mimeType="jpg" url="AM%20157%20h%20fol/25/THUMBNAIL" width="200px" height="269px"/>
			<graphic mimeType="jpg" url="AM%20157%20h%20fol/25/SECONDARY_DISPLAY" width="2055px" height="2768px"/>
			<graphic mimeType="pdf" url="AM%20157%20h%20fol/25/WEB_DISPLAY"/>
		</surface>
		<surface xml:id="AM02-0157h-0012r" n="26">
			<desc>0012r</desc>
			<graphic mimeType="pdf" url="AM%20157%20h%20fol/26/HIGH_QUALITY_DISPLAY"/>
			<graphic mimeType="jpg" url="AM%20157%20h%20fol/26/THUMBNAIL" width="200px" height="269px"/>
			<graphic mimeType="jpg" url="AM%20157%20h%20fol/26/SECONDARY_DISPLAY" width="2055px" height="2768px"/>
			<graphic mimeType="pdf" url="AM%20157%20h%20fol/26/WEB_DISPLAY"/>
		</surface>
		<surface xml:id="AM02-0157h-0012v" n="27">
			<desc>0012v</desc>
			<graphic mimeType="pdf" url="AM%20157%20h%20fol/27/HIGH_QUALITY_DISPLAY"/>
			<graphic mimeType="jpg" url="AM%20157%20h%20fol/27/THUMBNAIL" width="200px" height="269px"/>
			<graphic mimeType="jpg" url="AM%20157%20h%20fol/27/SECONDARY_DISPLAY" width="2055px" height="2768px"/>
			<graphic mimeType="pdf" url="AM%20157%20h%20fol/27/WEB_DISPLAY"/>
		</surface>
		<surface xml:id="AM02-0157h-0013r" n="28">
			<desc>0013r</desc>
			<graphic mimeType="pdf" url="AM%20157%20h%20fol/28/HIGH_QUALITY_DISPLAY"/>
			<graphic mimeType="jpg" url="AM%20157%20h%20fol/28/THUMBNAIL" width="200px" height="269px"/>
			<graphic mimeType="jpg" url="AM%20157%20h%20fol/28/SECONDARY_DISPLAY" width="2055px" height="2768px"/>
			<graphic mimeType="pdf" url="AM%20157%20h%20fol/28/WEB_DISPLAY"/>
		</surface>
		<surface xml:id="AM02-0157h-0013v" n="29">
			<desc>0013v</desc>
			<graphic mimeType="pdf" url="AM%20157%20h%20fol/29/HIGH_QUALITY_DISPLAY"/>
			<graphic mimeType="jpg" url="AM%20157%20h%20fol/29/THUMBNAIL" width="200px" height="269px"/>
			<graphic mimeType="jpg" url="AM%20157%20h%20fol/29/SECONDARY_DISPLAY" width="2055px" height="2768px"/>
			<graphic mimeType="pdf" url="AM%20157%20h%20fol/29/WEB_DISPLAY"/>
		</surface>
		<surface xml:id="AM02-0157h-0014r" n="30">
			<desc>0014r</desc>
			<graphic mimeType="pdf" url="AM%20157%20h%20fol/30/HIGH_QUALITY_DISPLAY"/>
			<graphic mimeType="jpg" url="AM%20157%20h%20fol/30/THUMBNAIL" width="200px" height="269px"/>
			<graphic mimeType="jpg" url="AM%20157%20h%20fol/30/SECONDARY_DISPLAY" width="2055px" height="2768px"/>
			<graphic mimeType="pdf" url="AM%20157%20h%20fol/30/WEB_DISPLAY"/>
		</surface>
		<surface xml:id="AM02-0157h-0014v" n="31">
			<desc>0014v</desc>
			<graphic mimeType="pdf" url="AM%20157%20h%20fol/31/HIGH_QUALITY_DISPLAY"/>
			<graphic mimeType="jpg" url="AM%20157%20h%20fol/31/THUMBNAIL" width="200px" height="298px"/>
			<graphic mimeType="jpg" url="AM%20157%20h%20fol/31/SECONDARY_DISPLAY" width="1855px" height="2768px"/>
			<graphic mimeType="pdf" url="AM%20157%20h%20fol/31/WEB_DISPLAY"/>
		</surface>
		<surface xml:id="AM02-0157h-0015r" n="32">
			<desc>0015r</desc>
			<graphic mimeType="pdf" url="AM%20157%20h%20fol/32/HIGH_QUALITY_DISPLAY"/>
			<graphic mimeType="jpg" url="AM%20157%20h%20fol/32/THUMBNAIL" width="200px" height="298px"/>
			<graphic mimeType="jpg" url="AM%20157%20h%20fol/32/SECONDARY_DISPLAY" width="1855px" height="2768px"/>
			<graphic mimeType="pdf" url="AM%20157%20h%20fol/32/WEB_DISPLAY"/>
		</surface>
		<surface xml:id="AM02-0157h-0015v" n="33">
			<desc>0015v</desc>
			<graphic mimeType="pdf" url="AM%20157%20h%20fol/33/HIGH_QUALITY_DISPLAY"/>
			<graphic mimeType="jpg" url="AM%20157%20h%20fol/33/THUMBNAIL" width="200px" height="298px"/>
			<graphic mimeType="jpg" url="AM%20157%20h%20fol/33/SECONDARY_DISPLAY" width="1855px" height="2768px"/>
			<graphic mimeType="pdf" url="AM%20157%20h%20fol/33/WEB_DISPLAY"/>
		</surface>
		<surface xml:id="AM02-0157h-0016r" n="34">
			<desc>0016r</desc>
			<graphic mimeType="pdf" url="AM%20157%20h%20fol/34/HIGH_QUALITY_DISPLAY"/>
			<graphic mimeType="jpg" url="AM%20157%20h%20fol/34/THUMBNAIL" width="200px" height="298px"/>
			<graphic mimeType="jpg" url="AM%20157%20h%20fol/34/SECONDARY_DISPLAY" width="1855px" height="2768px"/>
			<graphic mimeType="pdf" url="AM%20157%20h%20fol/34/WEB_DISPLAY"/>
		</surface>
		<surface xml:id="AM02-0157h-0016v" n="35">
			<desc>0016v</desc>
			<graphic mimeType="pdf" url="AM%20157%20h%20fol/35/HIGH_QUALITY_DISPLAY"/>
			<graphic mimeType="jpg" url="AM%20157%20h%20fol/35/THUMBNAIL" width="200px" height="298px"/>
			<graphic mimeType="jpg" url="AM%20157%20h%20fol/35/SECONDARY_DISPLAY" width="1855px" height="2768px"/>
			<graphic mimeType="pdf" url="AM%20157%20h%20fol/35/WEB_DISPLAY"/>
		</surface>
		<surface xml:id="AM02-0157h-0017r" n="36">
			<desc>0017r</desc>
			<graphic mimeType="pdf" url="AM%20157%20h%20fol/36/HIGH_QUALITY_DISPLAY"/>
			<graphic mimeType="jpg" url="AM%20157%20h%20fol/36/THUMBNAIL" width="200px" height="298px"/>
			<graphic mimeType="jpg" url="AM%20157%20h%20fol/36/SECONDARY_DISPLAY" width="1855px" height="2768px"/>
			<graphic mimeType="pdf" url="AM%20157%20h%20fol/36/WEB_DISPLAY"/>
		</surface>
		<surface xml:id="AM02-0157h-0017v" n="37">
			<desc>0017v</desc>
			<graphic mimeType="pdf" url="AM%20157%20h%20fol/37/HIGH_QUALITY_DISPLAY"/>
			<graphic mimeType="jpg" url="AM%20157%20h%20fol/37/THUMBNAIL" width="199px" height="300px"/>
			<graphic mimeType="jpg" url="AM%20157%20h%20fol/37/SECONDARY_DISPLAY" width="1839px" height="2768px"/>
			<graphic mimeType="pdf" url="AM%20157%20h%20fol/37/WEB_DISPLAY"/>
		</surface>
		<surface xml:id="AM02-0157h-0018r" n="38">
			<desc>0018r</desc>
			<graphic mimeType="pdf" url="AM%20157%20h%20fol/38/HIGH_QUALITY_DISPLAY"/>
			<graphic mimeType="jpg" url="AM%20157%20h%20fol/38/THUMBNAIL" width="199px" height="300px"/>
			<graphic mimeType="jpg" url="AM%20157%20h%20fol/38/SECONDARY_DISPLAY" width="1839px" height="2768px"/>
			<graphic mimeType="pdf" url="AM%20157%20h%20fol/38/WEB_DISPLAY"/>
		</surface>
		<surface xml:id="AM02-0157h-0018v" n="39">
			<desc>0018v</desc>
			<graphic mimeType="pdf" url="AM%20157%20h%20fol/39/HIGH_QUALITY_DISPLAY"/>
			<graphic mimeType="jpg" url="AM%20157%20h%20fol/39/THUMBNAIL" width="199px" height="300px"/>
			<graphic mimeType="jpg" url="AM%20157%20h%20fol/39/SECONDARY_DISPLAY" width="1839px" height="2768px"/>
			<graphic mimeType="pdf" url="AM%20157%20h%20fol/39/WEB_DISPLAY"/>
		</surface>
		<surface xml:id="AM02-0157h-0019r" n="40">
			<desc>0019r</desc>
			<graphic mimeType="pdf" url="AM%20157%20h%20fol/40/HIGH_QUALITY_DISPLAY"/>
			<graphic mimeType="jpg" url="AM%20157%20h%20fol/40/THUMBNAIL" width="199px" height="300px"/>
			<graphic mimeType="jpg" url="AM%20157%20h%20fol/40/SECONDARY_DISPLAY" width="1839px" height="2768px"/>
			<graphic mimeType="pdf" url="AM%20157%20h%20fol/40/WEB_DISPLAY"/>
		</surface>
		<surface xml:id="AM02-0157h-0019v" n="41">
			<desc>0019v</desc>
			<graphic mimeType="pdf" url="AM%20157%20h%20fol/41/HIGH_QUALITY_DISPLAY"/>
			<graphic mimeType="jpg" url="AM%20157%20h%20fol/41/THUMBNAIL" width="199px" height="300px"/>
			<graphic mimeType="jpg" url="AM%20157%20h%20fol/41/SECONDARY_DISPLAY" width="1839px" height="2768px"/>
			<graphic mimeType="pdf" url="AM%20157%20h%20fol/41/WEB_DISPLAY"/>
		</surface>
		<surface xml:id="AM02-0157h-0020r" n="42">
			<desc>0020r</desc>
			<graphic mimeType="pdf" url="AM%20157%20h%20fol/42/HIGH_QUALITY_DISPLAY"/>
			<graphic mimeType="jpg" url="AM%20157%20h%20fol/42/THUMBNAIL" width="199px" height="300px"/>
			<graphic mimeType="jpg" url="AM%20157%20h%20fol/42/SECONDARY_DISPLAY" width="1839px" height="2768px"/>
			<graphic mimeType="pdf" url="AM%20157%20h%20fol/42/WEB_DISPLAY"/>
		</surface>
		<surface xml:id="AM02-0157h-0020v" n="43">
			<desc>0020v</desc>
			<graphic mimeType="pdf" url="AM%20157%20h%20fol/43/HIGH_QUALITY_DISPLAY"/>
			<graphic mimeType="jpg" url="AM%20157%20h%20fol/43/THUMBNAIL" width="199px" height="300px"/>
			<graphic mimeType="jpg" url="AM%20157%20h%20fol/43/SECONDARY_DISPLAY" width="1839px" height="2768px"/>
			<graphic mimeType="pdf" url="AM%20157%20h%20fol/43/WEB_DISPLAY"/>
		</surface>
		<surface xml:id="AM02-0157h-0021r" n="44">
			<desc>0021r</desc>
			<graphic mimeType="pdf" url="AM%20157%20h%20fol/44/HIGH_QUALITY_DISPLAY"/>
			<graphic mimeType="jpg" url="AM%20157%20h%20fol/44/THUMBNAIL" width="199px" height="300px"/>
			<graphic mimeType="jpg" url="AM%20157%20h%20fol/44/SECONDARY_DISPLAY" width="1839px" height="2768px"/>
			<graphic mimeType="pdf" url="AM%20157%20h%20fol/44/WEB_DISPLAY"/>
		</surface>
		<surface xml:id="AM02-0157h-0021v" n="45">
			<desc>0021v</desc>
			<graphic mimeType="pdf" url="AM%20157%20h%20fol/45/HIGH_QUALITY_DISPLAY"/>
			<graphic mimeType="jpg" url="AM%20157%20h%20fol/45/THUMBNAIL" width="199px" height="300px"/>
			<graphic mimeType="jpg" url="AM%20157%20h%20fol/45/SECONDARY_DISPLAY" width="1839px" height="2768px"/>
			<graphic mimeType="pdf" url="AM%20157%20h%20fol/45/WEB_DISPLAY"/>
		</surface>
		<surface xml:id="AM02-0157h-0022r" n="46">
			<desc>0022r</desc>
			<graphic mimeType="pdf" url="AM%20157%20h%20fol/46/HIGH_QUALITY_DISPLAY"/>
			<graphic mimeType="jpg" url="AM%20157%20h%20fol/46/THUMBNAIL" width="199px" height="300px"/>
			<graphic mimeType="jpg" url="AM%20157%20h%20fol/46/SECONDARY_DISPLAY" width="1839px" height="2768px"/>
			<graphic mimeType="pdf" url="AM%20157%20h%20fol/46/WEB_DISPLAY"/>
		</surface>
		<surface xml:id="AM02-0157h-0022v" n="47">
			<desc>0022v</desc>
			<graphic mimeType="pdf" url="AM%20157%20h%20fol/47/HIGH_QUALITY_DISPLAY"/>
			<graphic mimeType="jpg" url="AM%20157%20h%20fol/47/THUMBNAIL" width="199px" height="300px"/>
			<graphic mimeType="jpg" url="AM%20157%20h%20fol/47/SECONDARY_DISPLAY" width="1839px" height="2768px"/>
			<graphic mimeType="pdf" url="AM%20157%20h%20fol/47/WEB_DISPLAY"/>
		</surface>
		<surface xml:id="AM02-0157h-0023r" n="48">
			<desc>0023r</desc>
			<graphic mimeType="pdf" url="AM%20157%20h%20fol/48/HIGH_QUALITY_DISPLAY"/>
			<graphic mimeType="jpg" url="AM%20157%20h%20fol/48/THUMBNAIL" width="199px" height="300px"/>
			<graphic mimeType="jpg" url="AM%20157%20h%20fol/48/SECONDARY_DISPLAY" width="1839px" height="2768px"/>
			<graphic mimeType="pdf" url="AM%20157%20h%20fol/48/WEB_DISPLAY"/>
		</surface>
		<surface xml:id="AM02-0157h-0023v" n="49">
			<desc>0023v</desc>
			<graphic mimeType="pdf" url="AM%20157%20h%20fol/49/HIGH_QUALITY_DISPLAY"/>
			<graphic mimeType="jpg" url="AM%20157%20h%20fol/49/THUMBNAIL" width="200px" height="277px"/>
			<graphic mimeType="jpg" url="AM%20157%20h%20fol/49/SECONDARY_DISPLAY" width="2031px" height="2816px"/>
			<graphic mimeType="pdf" url="AM%20157%20h%20fol/49/WEB_DISPLAY"/>
		</surface>
		<surface xml:id="AM02-0157h-9901r-RFl" n="50">
			<desc>9901r-RFl</desc>
			<graphic mimeType="pdf" url="AM%20157%20h%20fol/50/HIGH_QUALITY_DISPLAY"/>
			<graphic mimeType="jpg" url="AM%20157%20h%20fol/50/THUMBNAIL" width="200px" height="277px"/>
			<graphic mimeType="jpg" url="AM%20157%20h%20fol/50/SECONDARY_DISPLAY" width="2031px" height="2816px"/>
			<graphic mimeType="pdf" url="AM%20157%20h%20fol/50/WEB_DISPLAY"/>
		</surface>
		<surface xml:id="AM02-0157h-9901v-RFl" n="51">
			<desc>9901v-RFl</desc>
			<graphic mimeType="pdf" url="AM%20157%20h%20fol/51/HIGH_QUALITY_DISPLAY"/>
			<graphic mimeType="jpg" url="AM%20157%20h%20fol/51/THUMBNAIL" width="200px" height="277px"/>
			<graphic mimeType="jpg" url="AM%20157%20h%20fol/51/SECONDARY_DISPLAY" width="2031px" height="2816px"/>
			<graphic mimeType="pdf" url="AM%20157%20h%20fol/51/WEB_DISPLAY"/>
		</surface>
		<surface xml:id="AM02-0157h-9999r-RB" n="52">
			<desc>9999r-RB</desc>
			<graphic mimeType="pdf" url="AM%20157%20h%20fol/52/HIGH_QUALITY_DISPLAY"/>
			<graphic mimeType="jpg" url="AM%20157%20h%20fol/52/THUMBNAIL" width="200px" height="277px"/>
			<graphic mimeType="jpg" url="AM%20157%20h%20fol/52/SECONDARY_DISPLAY" width="2031px" height="2816px"/>
			<graphic mimeType="pdf" url="AM%20157%20h%20fol/52/WEB_DISPLAY"/>
		</surface>
		<surface xml:id="AM02-0157h-9999v-RB" n="53">
			<desc>9999v-RB</desc>
			<graphic mimeType="pdf" url="AM%20157%20h%20fol/53/HIGH_QUALITY_DISPLAY"/>
			<graphic mimeType="jpg" url="AM%20157%20h%20fol/53/THUMBNAIL" width="200px" height="243px"/>
			<graphic mimeType="jpg" url="AM%20157%20h%20fol/53/SECONDARY_DISPLAY" width="2320px" height="2816px"/>
			<graphic mimeType="pdf" url="AM%20157%20h%20fol/53/WEB_DISPLAY"/>
		</surface>
		<surface xml:id="AM02-0157h-addMat01r" n="54">
			<desc>addMat01r</desc>
			<graphic mimeType="pdf" url="AM%20157%20h%20fol/54/HIGH_QUALITY_DISPLAY"/>
			<graphic mimeType="jpg" url="AM%20157%20h%20fol/54/THUMBNAIL" width="200px" height="104px"/>
			<graphic mimeType="jpg" url="AM%20157%20h%20fol/54/SECONDARY_DISPLAY" width="2038px" height="1059px"/>
			<graphic mimeType="pdf" url="AM%20157%20h%20fol/54/WEB_DISPLAY"/>
		</surface>
		<surface xml:id="AM02-0157h-ccp" n="55">
			<desc>ccp</desc>
			<graphic mimeType="pdf" url="AM%20157%20h%20fol/55/HIGH_QUALITY_DISPLAY"/>
			<graphic mimeType="jpg" url="AM%20157%20h%20fol/55/THUMBNAIL" width="200px" height="293px"/>
			<graphic mimeType="jpg" url="AM%20157%20h%20fol/55/SECONDARY_DISPLAY" width="1408px" height="2064px"/>
			<graphic mimeType="pdf" url="AM%20157%20h%20fol/55/WEB_DISPLAY"/>
		</surface>
	</facsimile>
	<text>
		<body>

			<p/>
		</body>
	</text>
</TEI>