<?xml version="1.0" encoding="UTF-8"?>
<TEI xmlns="http://www.tei-c.org/ns/1.0">
   <teiHeader>
      <fileDesc>
         <titleStmt>
            <title>Handritaskrá Árnastofnunar</title>
         </titleStmt>
         <publicationStmt>
            <p>Tilraunaútgáfa</p>
         </publicationStmt>
         <sourceDesc>
            <msDesc xml:lang="is" xml:id="AM02-0162M-is">
               <msIdentifier>
                  <country key="IS">Ísland</country>
                  <settlement>Reykjavík</settlement>
                  <institution>Stofnun Árna Magnússonar í íslenskum fræðum</institution>
                  <repository>Handritasvið</repository>
                  <collection>Safn Árna Magnússonar</collection>
                  <idno>AM 162 M fol.</idno>
                  <altIdentifier type="internal" subtype="KKKat">
                     <idno>202</idno>
                  </altIdentifier>
               </msIdentifier>
               <head>
                  <title type="supplied">Ættartölur</title>
                  <title type="supplied">Um fornan átrúnað</title>
                  <origPlace>Ísland</origPlace>
                  <origDate notBefore="1360" notAfter="1380" evidence="external">c1360-1380</origDate>
                  <!--<lang>Íslenska</lang>--><note/>
               </head>
               <msContents>
                  <msItem n="1" defective="true" class="attat">
                     <locus from="1r" facs="#AM02-0162M-0001r" to="2r">1r-2r</locus>
                     <title type="supplied">Ættartölur</title>
                     <note>Brot.</note>
                     <incipit defective="true">ſ en ſıd<expan>ar</expan> þon<expan>n</expan>d</incipit>
                     <explicit defective="true">d<expan>ottır</expan> Þogeırs Steıns s<expan>onar</expan>
                     </explicit>
                  </msItem>
                  <msItem n="2" defective="true" class="tjodt">
<!-- ath. efnisorð í 2. umferð --><locus from="2v" facs="#AM02-0162M-0002v" to="2v">2v</locus>
                     <title type="supplied">Um fornan átrúnað</title>
                     <note>Brot.</note>
                     <incipit defective="true">xt.ſvm<expan>ir</expan> dykudu</incipit>
                     <explicit defective="true">a aſıa lande</explicit>
                  </msItem>
               </msContents>
               <physDesc>
                  <objectDesc form="codex">
                     <supportDesc material="perg">
                        <support>Skinn</support>
                        <extent>2 blöð (<dimensions type="leaf" unit="mm" scope="all">
                              <height>195</height>
                              <width>160</width>
                           </dimensions>).</extent>
                        <foliation>
                           <p/>
                        </foliation>
                        <collation>
                           <p/>
                        </collation>
                        <condition>
                           <p>
                              <list>
                                 <item>Tvö brot.</item>
                                 <item>Blöðin eru óheil því skorið hefur verið af efri kanti.</item>
                                 <item>Bl. 1 slitið og máð.</item>
                              </list>
                           </p>
                        </condition>
                     </supportDesc>
                     <layoutDesc>
                        <layout columns="1">
                           <p/>
                        </layout>
                     </layoutDesc>
                  </objectDesc>
                  <handDesc>
                     <p/>
                  </handDesc>
                  <additions>
                     <p/>
                  </additions>
                  <bindingDesc>
                     <binding contemporary="unknown">
                        <p/>
                     </binding>
                  </bindingDesc>
                  <accMat>
                     <p>Með brotunum liggur afrit <name key="ArnMag001" type="person">Árna Magnússonar</name> af aftara brotinu (bl. 2v). Afrit hans af hinu brotinu er í <ref>AM 408 i 4to</ref>, ásamt athugasemdum.</p>
                  </accMat>
               </physDesc>
               <history>
                  <origin notBefore="1360" notAfter="1380">
                     <p>Tímasett til c1360-1380 (sjá <bibl>
                           <ref xml:id="ONPregistre" target="ONPregistre">ONPRegistre</ref>
                        </bibl>, bls. 435) en til um 1400 í <bibl>
                           <ref target="KKKat">Katalog I</ref>
                        </bibl>, bls. 125.</p>
                  </origin>
                  <provenance>
                     <p/>
                  </provenance>
                  <acquisition>
                     <p>Afhendingu frestað.</p>
                  </acquisition>
               </history>
               <additional>
                  <adminInfo>
                     <recordHist>
                        <source>
                           <p>Tekið eftir <bibl>
                                 <ref target="KKKat">Katalog I</ref>
                              </bibl>, bls. 125-126 (nr. 202). <name key="KriKaa001" type="person">Kålund</name> gekk frá handritinu til skráningar í <date when="1885-12">desember 1885</date>. <name key="DriThr001" type="person">DKÞ</name> skráði <date when="2001-03-07">7. mars 2001</date>.</p>
                        </source>
                     </recordHist>
                     <custodialHist>
                        <custEvent type="loan" notBefore="1997-04-18">
                           <p>Í láni vegna rannsókna á Det Arnamagnæanske Institut í Kaupmannahöfn frá 18. apríl 1997.</p>
                        </custEvent>
                     </custodialHist>
                  </adminInfo>
                  <surrogates>
                     <p>
                        <list>
                           <item>Svart-hvítar ljósmyndir á Det Arnamagnæanske Institut í Kaupmannahöfn.</item>
                           <item>Svart-hvítar ljósmyndir á Stofnun Árna Magnússonar á Íslandi, sem keypti þær af <name type="person">Arne Mann Nielsen</name>
                              <date when="1977">1977</date>(?).</item>
                        </list>
                     </p>
                  </surrogates>


                  <!-- Skrá sem <msPart>? -->
               	<listBibl>
               		<bibl>Faulkes, A. 1977, <ref target="AntFau1977b">The genealogies and regnal lists in a manuscript in Resen's library</ref></bibl>
               		<bibl>Faulkes, A. 1978, <ref target="AntFau1978a">Descent from the gods</ref></bibl>
               		<bibl>Guðrún Ása Grímsdóttir 1998, <ref target="GuðGrí1998c">Biskupa sögur III</ref></bibl>
               		<bibl>Jón Helgason 1975, <ref target="JónHel0836a">Syv sagablade (AM 162 C fol, bl. 1-7)</ref></bibl>
               		<bibl>Louis-Jensens, J. 1970, <ref target="JonLou1130a">Et forlæg til Flateyjarbók ? Fragmenterne AM 325 IV beta og XI, 3 4to</ref></bibl>
               		<bibl>Ólafur Halldórsson 1961, <ref target="ÓlaHal1961a">Rímbeglusmiður</ref></bibl>
               		<bibl>Stefán Karlsson 1970, <ref target="SteKar1552a">Ritun Reykjafjarðarbókar. Excursus, bókagerð bænda</ref></bibl>
               		<bibl>Stefán Karlsson 1977, <ref target="SteKar1977d">Ættbogi Noregskonunga</ref></bibl>
               		<bibl>Stefán Karlsson 2000, <ref target="SteKar2000r">Ritun Reykjafjarðarbókar. Excursus: Bókagerð bænda</ref></bibl>
               		<bibl>Svanhildur Óskarsdóttir 2016, <ref target="SvaÓsk2016a">Reynistaðarbók. Margvíslegur fróðleikur handa nunnum</ref></bibl>
                  </listBibl>
               </additional>
            </msDesc>
         </sourceDesc>
      </fileDesc>
      <revisionDesc>
         <change when="2008-10" who="#EriHas01">Migrated from MASTER to P5</change>
      </revisionDesc>
   </teiHeader>
	<facsimile xml:base="https://myndir.handrit.is/file/Handrit.is/">
		<surface xml:id="AM02-0162M-0001r" n="0">
			<desc>0001r</desc>
			<graphic mimeType="pdf" url="AM%20162%20M%20fol./0/HIGH_QUALITY_DISPLAY"/>
			<graphic mimeType="jpg" url="AM%20162%20M%20fol./0/THUMBNAIL" width="200px" height="224px"/>
			<graphic mimeType="jpg" url="AM%20162%20M%20fol./0/SECONDARY_DISPLAY" width="4760px" height="5323px"/>
			<graphic mimeType="pdf" url="AM%20162%20M%20fol./0/WEB_DISPLAY"/>
		</surface>
		<surface xml:id="AM02-0162M-0001v" n="1">
			<desc>0001v</desc>
			<graphic mimeType="pdf" url="AM%20162%20M%20fol./1/HIGH_QUALITY_DISPLAY"/>
			<graphic mimeType="jpg" url="AM%20162%20M%20fol./1/THUMBNAIL" width="200px" height="231px"/>
			<graphic mimeType="jpg" url="AM%20162%20M%20fol./1/SECONDARY_DISPLAY" width="4568px" height="5283px"/>
			<graphic mimeType="pdf" url="AM%20162%20M%20fol./1/WEB_DISPLAY"/>
		</surface>
		<surface xml:id="AM02-0162M-0002r" n="2">
			<desc>0002r</desc>
			<graphic mimeType="pdf" url="AM%20162%20M%20fol./2/HIGH_QUALITY_DISPLAY"/>
			<graphic mimeType="jpg" url="AM%20162%20M%20fol./2/THUMBNAIL" width="200px" height="237px"/>
			<graphic mimeType="jpg" url="AM%20162%20M%20fol./2/SECONDARY_DISPLAY" width="4464px" height="5291px"/>
			<graphic mimeType="pdf" url="AM%20162%20M%20fol./2/WEB_DISPLAY"/>
		</surface>
		<surface xml:id="AM02-0162M-0002v" n="3">
			<desc>0002v</desc>
			<graphic mimeType="pdf" url="AM%20162%20M%20fol./3/HIGH_QUALITY_DISPLAY"/>
			<graphic mimeType="jpg" url="AM%20162%20M%20fol./3/THUMBNAIL" width="200px" height="234px"/>
			<graphic mimeType="jpg" url="AM%20162%20M%20fol./3/SECONDARY_DISPLAY" width="4544px" height="5307px"/>
			<graphic mimeType="pdf" url="AM%20162%20M%20fol./3/WEB_DISPLAY"/>
		</surface>
		<surface xml:id="AM02-0162M-accMat01r" n="4">
			<desc>accMat01r</desc>
			<graphic mimeType="pdf" url="AM%20162%20M%20fol./4/HIGH_QUALITY_DISPLAY"/>
			<graphic mimeType="jpg" url="AM%20162%20M%20fol./4/THUMBNAIL" width="200px" height="236px"/>
			<graphic mimeType="jpg" url="AM%20162%20M%20fol./4/SECONDARY_DISPLAY" width="4472px" height="5283px"/>
			<graphic mimeType="pdf" url="AM%20162%20M%20fol./4/WEB_DISPLAY"/>
		</surface>
		<surface xml:id="AM02-0162M-accMat01v" n="5">
			<desc>accMat01v</desc>
			<graphic mimeType="pdf" url="AM%20162%20M%20fol./5/HIGH_QUALITY_DISPLAY"/>
			<graphic mimeType="jpg" url="AM%20162%20M%20fol./5/THUMBNAIL" width="200px" height="243px"/>
			<graphic mimeType="jpg" url="AM%20162%20M%20fol./5/SECONDARY_DISPLAY" width="4400px" height="5347px"/>
			<graphic mimeType="pdf" url="AM%20162%20M%20fol./5/WEB_DISPLAY"/>
		</surface>
		<surface xml:id="AM02-0162M-accMat02r" n="6">
			<desc>accMat02r</desc>
			<graphic mimeType="pdf" url="AM%20162%20M%20fol./6/HIGH_QUALITY_DISPLAY"/>
			<graphic mimeType="jpg" url="AM%20162%20M%20fol./6/THUMBNAIL" width="200px" height="236px"/>
			<graphic mimeType="jpg" url="AM%20162%20M%20fol./6/SECONDARY_DISPLAY" width="4576px" height="5411px"/>
			<graphic mimeType="pdf" url="AM%20162%20M%20fol./6/WEB_DISPLAY"/>
		</surface>
		<surface xml:id="AM02-0162M-accMat02v" n="7">
			<desc>accMat02v</desc>
			<graphic mimeType="pdf" url="AM%20162%20M%20fol./7/HIGH_QUALITY_DISPLAY"/>
			<graphic mimeType="jpg" url="AM%20162%20M%20fol./7/THUMBNAIL" width="200px" height="238px"/>
			<graphic mimeType="jpg" url="AM%20162%20M%20fol./7/SECONDARY_DISPLAY" width="4520px" height="5387px"/>
			<graphic mimeType="pdf" url="AM%20162%20M%20fol./7/WEB_DISPLAY"/>
		</surface>
		<surface xml:id="AM02-0162M-accMat03r" n="8">
			<desc>accMat03r</desc>
			<graphic mimeType="pdf" url="AM%20162%20M%20fol./8/HIGH_QUALITY_DISPLAY"/>
			<graphic mimeType="jpg" url="AM%20162%20M%20fol./8/THUMBNAIL" width="200px" height="238px"/>
			<graphic mimeType="jpg" url="AM%20162%20M%20fol./8/SECONDARY_DISPLAY" width="4480px" height="5347px"/>
			<graphic mimeType="pdf" url="AM%20162%20M%20fol./8/WEB_DISPLAY"/>
		</surface>
		<surface xml:id="AM02-0162M-accMat03v" n="9">
			<desc>accMat03v</desc>
			<graphic mimeType="pdf" url="AM%20162%20M%20fol./9/HIGH_QUALITY_DISPLAY"/>
			<graphic mimeType="jpg" url="AM%20162%20M%20fol./9/THUMBNAIL" width="200px" height="240px"/>
			<graphic mimeType="jpg" url="AM%20162%20M%20fol./9/SECONDARY_DISPLAY" width="4472px" height="5371px"/>
			<graphic mimeType="pdf" url="AM%20162%20M%20fol./9/WEB_DISPLAY"/>
		</surface>
		<surface xml:id="AM02-0162M-accMat04r" n="10">
			<desc>accMat04r</desc>
			<graphic mimeType="pdf" url="AM%20162%20M%20fol./10/HIGH_QUALITY_DISPLAY"/>
			<graphic mimeType="jpg" url="AM%20162%20M%20fol./10/THUMBNAIL" width="200px" height="240px"/>
			<graphic mimeType="jpg" url="AM%20162%20M%20fol./10/SECONDARY_DISPLAY" width="4448px" height="5323px"/>
			<graphic mimeType="pdf" url="AM%20162%20M%20fol./10/WEB_DISPLAY"/>
		</surface>
		<surface xml:id="AM02-0162M-accMat04v" n="11">
			<desc>accMat04v</desc>
			<graphic mimeType="pdf" url="AM%20162%20M%20fol./11/HIGH_QUALITY_DISPLAY"/>
			<graphic mimeType="jpg" url="AM%20162%20M%20fol./11/THUMBNAIL" width="200px" height="238px"/>
			<graphic mimeType="jpg" url="AM%20162%20M%20fol./11/SECONDARY_DISPLAY" width="4496px" height="5347px"/>
			<graphic mimeType="pdf" url="AM%20162%20M%20fol./11/WEB_DISPLAY"/>
		</surface>
		<surface xml:id="AM02-0162M-addMat01r" n="12">
			<desc>addMat01r</desc>
			<graphic mimeType="pdf" url="AM%20162%20M%20fol./12/HIGH_QUALITY_DISPLAY"/>
			<graphic mimeType="jpg" url="AM%20162%20M%20fol./12/THUMBNAIL" width="200px" height="213px"/>
			<graphic mimeType="jpg" url="AM%20162%20M%20fol./12/SECONDARY_DISPLAY" width="5024px" height="5355px"/>
			<graphic mimeType="pdf" url="AM%20162%20M%20fol./12/WEB_DISPLAY"/>
		</surface>
		<surface xml:id="AM02-0162M-addMat01v" n="13">
			<desc>addMat01v</desc>
			<graphic mimeType="pdf" url="AM%20162%20M%20fol./13/HIGH_QUALITY_DISPLAY"/>
			<graphic mimeType="jpg" url="AM%20162%20M%20fol./13/THUMBNAIL" width="200px" height="217px"/>
			<graphic mimeType="jpg" url="AM%20162%20M%20fol./13/SECONDARY_DISPLAY" width="4968px" height="5387px"/>
			<graphic mimeType="pdf" url="AM%20162%20M%20fol./13/WEB_DISPLAY"/>
		</surface>
		<surface xml:id="AM02-0162M-addMat02r" n="14">
			<desc>addMat02r</desc>
			<graphic mimeType="pdf" url="AM%20162%20M%20fol./14/HIGH_QUALITY_DISPLAY"/>
			<graphic mimeType="jpg" url="AM%20162%20M%20fol./14/THUMBNAIL" width="200px" height="214px"/>
			<graphic mimeType="jpg" url="AM%20162%20M%20fol./14/SECONDARY_DISPLAY" width="4968px" height="5307px"/>
			<graphic mimeType="pdf" url="AM%20162%20M%20fol./14/WEB_DISPLAY"/>
		</surface>
		<surface xml:id="AM02-0162M-addMat02v" n="15">
			<desc>addMat02v</desc>
			<graphic mimeType="pdf" url="AM%20162%20M%20fol./15/HIGH_QUALITY_DISPLAY"/>
			<graphic mimeType="jpg" url="AM%20162%20M%20fol./15/THUMBNAIL" width="200px" height="236px"/>
			<graphic mimeType="jpg" url="AM%20162%20M%20fol./15/SECONDARY_DISPLAY" width="4576px" height="5411px"/>
			<graphic mimeType="pdf" url="AM%20162%20M%20fol./15/WEB_DISPLAY"/>
		</surface>
		<surface xml:id="AM02-0162M-addMat03r" n="16">
			<desc>addMat03r</desc>
			<graphic mimeType="pdf" url="AM%20162%20M%20fol./16/HIGH_QUALITY_DISPLAY"/>
			<graphic mimeType="jpg" url="AM%20162%20M%20fol./16/THUMBNAIL" width="200px" height="237px"/>
			<graphic mimeType="jpg" url="AM%20162%20M%20fol./16/SECONDARY_DISPLAY" width="4544px" height="5379px"/>
			<graphic mimeType="pdf" url="AM%20162%20M%20fol./16/WEB_DISPLAY"/>
		</surface>
		<surface xml:id="AM02-0162M-addMat03v" n="17">
			<desc>addMat03v</desc>
			<graphic mimeType="pdf" url="AM%20162%20M%20fol./17/HIGH_QUALITY_DISPLAY"/>
			<graphic mimeType="jpg" url="AM%20162%20M%20fol./17/THUMBNAIL" width="200px" height="215px"/>
			<graphic mimeType="jpg" url="AM%20162%20M%20fol./17/SECONDARY_DISPLAY" width="4936px" height="5315px"/>
			<graphic mimeType="pdf" url="AM%20162%20M%20fol./17/WEB_DISPLAY"/>
		</surface>
		<surface xml:id="AM02-0162M-addMat04r" n="18">
			<desc>addMat04r</desc>
			<graphic mimeType="pdf" url="AM%20162%20M%20fol./18/HIGH_QUALITY_DISPLAY"/>
			<graphic mimeType="jpg" url="AM%20162%20M%20fol./18/THUMBNAIL" width="200px" height="236px"/>
			<graphic mimeType="jpg" url="AM%20162%20M%20fol./18/SECONDARY_DISPLAY" width="4664px" height="5499px"/>
			<graphic mimeType="pdf" url="AM%20162%20M%20fol./18/WEB_DISPLAY"/>
		</surface>
		<surface xml:id="AM02-0162M-addMat04v" n="19">
			<desc>addMat04v</desc>
			<graphic mimeType="pdf" url="AM%20162%20M%20fol./19/HIGH_QUALITY_DISPLAY"/>
			<graphic mimeType="jpg" url="AM%20162%20M%20fol./19/THUMBNAIL" width="200px" height="236px"/>
			<graphic mimeType="jpg" url="AM%20162%20M%20fol./19/SECONDARY_DISPLAY" width="4648px" height="5491px"/>
			<graphic mimeType="pdf" url="AM%20162%20M%20fol./19/WEB_DISPLAY"/>
		</surface>
		<surface xml:id="AM02-0162M-addMat05r" n="20">
			<desc>addMat05r</desc>
			<graphic mimeType="pdf" url="AM%20162%20M%20fol./20/HIGH_QUALITY_DISPLAY"/>
			<graphic mimeType="jpg" url="AM%20162%20M%20fol./20/THUMBNAIL" width="200px" height="238px"/>
			<graphic mimeType="jpg" url="AM%20162%20M%20fol./20/SECONDARY_DISPLAY" width="4624px" height="5491px"/>
			<graphic mimeType="pdf" url="AM%20162%20M%20fol./20/WEB_DISPLAY"/>
		</surface>
		<surface xml:id="AM02-0162M-addMat05v" n="21">
			<desc>addMat05v</desc>
			<graphic mimeType="pdf" url="AM%20162%20M%20fol./21/HIGH_QUALITY_DISPLAY"/>
			<graphic mimeType="jpg" url="AM%20162%20M%20fol./21/THUMBNAIL" width="200px" height="215px"/>
			<graphic mimeType="jpg" url="AM%20162%20M%20fol./21/SECONDARY_DISPLAY" width="5064px" height="5435px"/>
			<graphic mimeType="pdf" url="AM%20162%20M%20fol./21/WEB_DISPLAY"/>
		</surface>
		<surface xml:id="AM02-0162M-addMat06r" n="22">
			<desc>addMat06r</desc>
			<graphic mimeType="pdf" url="AM%20162%20M%20fol./22/HIGH_QUALITY_DISPLAY"/>
			<graphic mimeType="jpg" url="AM%20162%20M%20fol./22/THUMBNAIL" width="200px" height="214px"/>
			<graphic mimeType="jpg" url="AM%20162%20M%20fol./22/SECONDARY_DISPLAY" width="5088px" height="5451px"/>
			<graphic mimeType="pdf" url="AM%20162%20M%20fol./22/WEB_DISPLAY"/>
		</surface>
		<surface xml:id="AM02-0162M-addMat06v" n="23">
			<desc>addMat06v</desc>
			<graphic mimeType="pdf" url="AM%20162%20M%20fol./23/HIGH_QUALITY_DISPLAY"/>
			<graphic mimeType="jpg" url="AM%20162%20M%20fol./23/THUMBNAIL" width="200px" height="214px"/>
			<graphic mimeType="jpg" url="AM%20162%20M%20fol./23/SECONDARY_DISPLAY" width="5016px" height="5363px"/>
			<graphic mimeType="pdf" url="AM%20162%20M%20fol./23/WEB_DISPLAY"/>
		</surface>
		<surface xml:id="AM02-0162M-ccp" n="24">
			<desc>ccp</desc>
			<graphic mimeType="pdf" url="AM%20162%20M%20fol./24/HIGH_QUALITY_DISPLAY"/>
			<graphic mimeType="jpg" url="AM%20162%20M%20fol./24/THUMBNAIL" width="200px" height="215px"/>
			<graphic mimeType="jpg" url="AM%20162%20M%20fol./24/SECONDARY_DISPLAY" width="4920px" height="5283px"/>
			<graphic mimeType="pdf" url="AM%20162%20M%20fol./24/WEB_DISPLAY"/>
		</surface>
	</facsimile>
	<text>
      <body>
         
         <p/>
      </body>
   </text>
</TEI>