<?xml version="1.0" encoding="UTF-8"?>
<?oxygen RNGSchema="http://www.handrit.is/schema/handrit-1.0.rnc" type="compact"?>
<TEI xmlns="http://www.tei-c.org/ns/1.0"> 
    <teiHeader>
      <fileDesc>
           <titleStmt> 
      
            <title>Handritaskrá Árnastofnunar</title> 
      
         </titleStmt> 
    
         <publicationStmt>
            <p>Tilraunaútgáfa</p>
         </publicationStmt> 
    
         <sourceDesc>
            <msDesc xml:lang="is" xml:id="AM02-0162B-alfa-is">

               <msIdentifier n="KK199">

                  <country>Ísland</country>

                  <settlement>Reykjavík</settlement>

                  <repository>Stofnun Árna Magnússonar</repository>

                  <idno>AM 162 B alfa fol.</idno>

               </msIdentifier>


               <head>

                  <title type="uniform">Njáls saga</title>

                  <origPlace>Ísland</origPlace>

                  <origDate notBefore="1400" notAfter="1500" evidence="external">s. XV</origDate>


                  <note>Í safni brota úr tíu handritum.</note>

               </head>


               <msContents>
                  <textLang mainLang="is">Íslenska</textLang>

                  <msItem defective="true" class="isl">

                     <locus from="1r" facs="#AM02-0162B-alfa-0001r" to="2v">1r-2v</locus>

                     <title type="uniform">Njáls saga</title>

                     <note>Einungis brot.</note>

                     <incipit type="def">ſe<expan>m</expan> bezt</incipit> 

                     <explicit type="def">hallg<expan>er</expan>d<expan>ar</expan> lang(brokar)</explicit>

                  </msItem>

               </msContents>


               <physDesc>
                  <objectDesc form="codex">
                     <supportDesc material="perg">
                        <support>Skinn</support>
                        <extent>2 blöð (<dimensions type="leaf" scope="all">
                              <height>204</height>
                              <width>149</width>
                           </dimensions>).</extent>
                        <foliation>
                           <p/>
                        </foliation>
                        <collation>
                           <p/>
                        </collation>
                        <condition>
                           <p>Að hluta illa farið af sliti og óhreinindum (ugglaust notað til bókbands).</p>
                        </condition>
                     </supportDesc>
                     <layoutDesc>
                        <layout columns="1">
                           <p/>
                        </layout>
                     </layoutDesc>
                  </objectDesc>
                  <handDesc>
                     <p/>
                  </handDesc>
                  <decoDesc>
                     <decoNote type="secondary" subtype="rubric">
                        <p>Eyður fyrir kaflafyrirsagnir.</p>
                     </decoNote>

                     <decoNote type="secondary" subtype="initial">
                        <p>Eyður fyrir upphafsstafi.</p>
                     </decoNote>

                  </decoDesc>
                  <additions>
                     <p/>
                  </additions>
                  <bindingDesc>
                     <binding notBefore="1965" notAfter="1965" contemporary="false">
                        <p>Band frá nóvember 1965. Pappakápa. Blöð fest á móttök.</p>
                     </binding>
                  </bindingDesc>
                  <accMat>
                     <p/>
                  </accMat>
               </physDesc>


               <history>
                  <origin notBefore="1400" notAfter="1500">
                     <p>Blöðin eru tímasett til 15. aldar í <bibl>
                           <ref target="KKKat">Katalog I</ref>
                        </bibl>, bls. 117 (sjá einnig <bibl>
                           <ref xml:id="ONPregistre" target="ONPregistre">ONPRegistre</ref>
                        </bibl>, bls. 434).</p>
                  </origin>

                  <provenance>
                     <p/>
                  </provenance>

                  <acquisition notBefore="1973-07-18" notAfter="1973-07-18">
                     <p>Stofnun Árna Magnússonar á Íslandi tók við handritinu 18. júlí 1973.</p>
                  </acquisition>

               </history>


               <additional>

                  <adminInfo>

                     <recordHist>
                        <source>
                           <p>Tekið eftir <bibl>
                                 <ref target="KKKat">Katalog I</ref>
                              </bibl>, bls. 117-21 (nr. 199). <name key="KriKaa001" type="person">Kålund</name> gekk frá handritinu til skráningar í <date when="1885-12">desember 1885</date>. <name key="HarBer001" type="person">Haraldur Bernharðsson</name> tölvuskráði í <date when="2001-02">febrúar 2001</date>. </p>
                        </source>

                     </recordHist>

                     <custodialHist>

                        <custEvent type="conservation" notBefore="1965" notAfter="1965">
                           <p>Gert við og bundið af <name key="BirDal001" type="person">Birgitte Dall</name> í nóvember 1965.</p>
                        </custEvent>
                     </custodialHist>

                  </adminInfo>


                  <surrogates>
                     <p>
                        <list>

                           <item n="1">Stafrænar myndir á www.sagnanet.is.</item>

                           <item n="2">Svart-hvítar ljósmyndir á Det Arnamagnæanske Institut í Kaupmannahöfn.</item>

                           <item n="3">Svart-hvítar ljósmyndir á Stofnun Árna Magnússonar á Íslandi.</item>

                        </list>
                     </p>
                  </surrogates>
                  
                  <listBibl>
                     <bibl>Einar Ól. Sveinsson 1933, <ref target="EinSve1933a">Introduction</ref></bibl>
                     <bibl>Einar Ól. Sveinsson 1952, <ref target="EinSve1952a">Um handrit Njálssögu</ref></bibl>
                     <bibl>Einar Ól. Sveinsson 1953, <ref target="EinSve1953a">Studies in the manuscript tradition of Njálssaga</ref></bibl>
                     <bibl>Jón Helgason 1975, <ref target="JónHel0836a">Syv sagablade (AM 162 C fol, bl. 1-7)</ref></bibl>
                     <bibl>Kapitan, K. A. 2018, <ref target="KatKap2018a">Dating of AM 162 B a fol, a fragment of Brennu-Njáls saga</ref></bibl>
                     <bibl>Lethbridge, E. 2014, <ref target="EmiLet2014b">„Hvorki glansar gull á mér/né glæstir stafir í línum“.</ref></bibl>
                     <bibl>Scott, F. S. 2003, <ref target="ForSco2003a">Eyrbyggja saga. The vellum tradition</ref></bibl>
                     <bibl>Zeevaert, L. 2018, <ref target="LudZee2018a">Eine deutsche zusammefassung von Njáls saga im manuskript Rostock Mss. philol. 78/2</ref></bibl>
                  </listBibl>




                  <!-- &#218;r heildarf&#230;rslu (sem var eytt &#254;egar hvert brot (<msPart>) var sett &#237; s&#233;r skjal 22. n&#243;vember 2001 - DK&#222;)<accMat>
      <p>
      <name type="person" key="ArnMag001">&#193;rni
      Magn&#250;sson</name>

      segir &#237; handritaskr&#225; bl. 78v (&#250;tg. bls. 28) og
      g&#230;ti &#225;tt vi&#240;&#160;&#254;etta: 
      <q>Ur Nials S&#246;gu fragment lited. 4to</q>
      </p>
    </accMat>

    <listBibl>
      <bibl>
        <ref target="Njal1809">Nials-Saga, Havni&#230; 1809</ref>

        <note>Latnesk &#254;&#253;&#240;ing. &#222;ar eru
        &#254;essi brot ranglega talin til 
        <msIdentifier>AM 309 4to</msIdentifier>

        og nefnd me&#240; eftirfarandi h&#230;tti: &#177; = b,
        &#8805; = e, &#8804; og &#165; = c, &amp;epsi; = f, &#8706;
        = i, &#8721; og &#8747; = d, &amp;thetas; = g, &#960; = h.
        &#205;&#160;&#254;essari &#250;tg&#225;fu eru enn fremur myndir
        af &#8804;, &#165;, &#8706; og &amp;thetas;.</note>
      </bibl>

      <bibl>
      <ref target="IslSog3">Nj&#225;la I, Kbh. 1875</ref>

      , bls. VII-X</bibl>

      <bibl>
      <ref target="">Germania XXIV</ref>

      , bls. 101</bibl>
    </listBibl> -->

    
            </additional>

            </msDesc>
         </sourceDesc>
  
      </fileDesc>
      <profileDesc> 
    
          
     
    
      </profileDesc>
   </teiHeader>
	<facsimile xml:base="https://myndir.handrit.is/file/Handrit.is/">
		<surface xml:id="AM02-0162B-alfa-0001r" n="0">
			<desc>0001r</desc>
			<graphic mimeType="pdf" url="AM%20162%20B%20alfa%20fol./0/HIGH_QUALITY_DISPLAY"/>
			<graphic mimeType="jpg" url="AM%20162%20B%20alfa%20fol./0/THUMBNAIL" width="200px" height="259px"/>
			<graphic mimeType="jpg" url="AM%20162%20B%20alfa%20fol./0/SECONDARY_DISPLAY" width="1600px" height="2069px"/>
			<graphic mimeType="pdf" url="AM%20162%20B%20alfa%20fol./0/WEB_DISPLAY"/>
		</surface>
		<surface xml:id="AM02-0162B-alfa-0001v" n="1">
			<desc>0001v</desc>
			<graphic mimeType="pdf" url="AM%20162%20B%20alfa%20fol./1/HIGH_QUALITY_DISPLAY"/>
			<graphic mimeType="jpg" url="AM%20162%20B%20alfa%20fol./1/THUMBNAIL" width="200px" height="274px"/>
			<graphic mimeType="jpg" url="AM%20162%20B%20alfa%20fol./1/SECONDARY_DISPLAY" width="1548px" height="2117px"/>
			<graphic mimeType="pdf" url="AM%20162%20B%20alfa%20fol./1/WEB_DISPLAY"/>
		</surface>
		<surface xml:id="AM02-0162B-alfa-0002r" n="2">
			<desc>0002r</desc>
			<graphic mimeType="pdf" url="AM%20162%20B%20alfa%20fol./2/HIGH_QUALITY_DISPLAY"/>
			<graphic mimeType="jpg" url="AM%20162%20B%20alfa%20fol./2/THUMBNAIL" width="200px" height="260px"/>
			<graphic mimeType="jpg" url="AM%20162%20B%20alfa%20fol./2/SECONDARY_DISPLAY" width="1592px" height="2069px"/>
			<graphic mimeType="pdf" url="AM%20162%20B%20alfa%20fol./2/WEB_DISPLAY"/>
		</surface>
		<surface xml:id="AM02-0162B-alfa-0002v" n="3">
			<desc>0002v</desc>
			<graphic mimeType="pdf" url="AM%20162%20B%20alfa%20fol./3/HIGH_QUALITY_DISPLAY"/>
			<graphic mimeType="jpg" url="AM%20162%20B%20alfa%20fol./3/THUMBNAIL" width="200px" height="274px"/>
			<graphic mimeType="jpg" url="AM%20162%20B%20alfa%20fol./3/SECONDARY_DISPLAY" width="1548px" height="2117px"/>
			<graphic mimeType="pdf" url="AM%20162%20B%20alfa%20fol./3/WEB_DISPLAY"/>
		</surface>
		<surface xml:id="AM02-0162B-alfa-addMat01r" n="4">
			<desc>addMat01r</desc>
			<graphic mimeType="pdf" url="AM%20162%20B%20alfa%20fol./4/HIGH_QUALITY_DISPLAY"/>
			<graphic mimeType="jpg" url="AM%20162%20B%20alfa%20fol./4/THUMBNAIL" width="200px" height="246px"/>
			<graphic mimeType="jpg" url="AM%20162%20B%20alfa%20fol./4/SECONDARY_DISPLAY" width="2524px" height="3110px"/>
			<graphic mimeType="pdf" url="AM%20162%20B%20alfa%20fol./4/WEB_DISPLAY"/>
		</surface>
		<surface xml:id="AM02-0162B-alfa-addMat01v" n="5">
			<desc>addMat01v</desc>
			<graphic mimeType="pdf" url="AM%20162%20B%20alfa%20fol./5/HIGH_QUALITY_DISPLAY"/>
			<graphic mimeType="jpg" url="AM%20162%20B%20alfa%20fol./5/THUMBNAIL" width="200px" height="249px"/>
			<graphic mimeType="jpg" url="AM%20162%20B%20alfa%20fol./5/SECONDARY_DISPLAY" width="2528px" height="3150px"/>
			<graphic mimeType="pdf" url="AM%20162%20B%20alfa%20fol./5/WEB_DISPLAY"/>
		</surface>
		<surface xml:id="AM02-0162B-alfa-addMat02r" n="6">
			<desc>addMat02r</desc>
			<graphic mimeType="pdf" url="AM%20162%20B%20alfa%20fol./6/HIGH_QUALITY_DISPLAY"/>
			<graphic mimeType="jpg" url="AM%20162%20B%20alfa%20fol./6/THUMBNAIL" width="200px" height="254px"/>
			<graphic mimeType="jpg" url="AM%20162%20B%20alfa%20fol./6/SECONDARY_DISPLAY" width="2440px" height="3102px"/>
			<graphic mimeType="pdf" url="AM%20162%20B%20alfa%20fol./6/WEB_DISPLAY"/>
		</surface>
		<surface xml:id="AM02-0162B-alfa-addMat02v" n="7">
			<desc>addMat02v</desc>
			<graphic mimeType="pdf" url="AM%20162%20B%20alfa%20fol./7/HIGH_QUALITY_DISPLAY"/>
			<graphic mimeType="jpg" url="AM%20162%20B%20alfa%20fol./7/THUMBNAIL" width="200px" height="247px"/>
			<graphic mimeType="jpg" url="AM%20162%20B%20alfa%20fol./7/SECONDARY_DISPLAY" width="2492px" height="3082px"/>
			<graphic mimeType="pdf" url="AM%20162%20B%20alfa%20fol./7/WEB_DISPLAY"/>
		</surface>
		<surface xml:id="AM02-0162B-alfa-ccp" n="8">
			<desc>ccp</desc>
			<graphic mimeType="pdf" url="AM%20162%20B%20alfa%20fol./8/HIGH_QUALITY_DISPLAY"/>
			<graphic mimeType="jpg" url="AM%20162%20B%20alfa%20fol./8/THUMBNAIL" width="200px" height="271px"/>
			<graphic mimeType="jpg" url="AM%20162%20B%20alfa%20fol./8/SECONDARY_DISPLAY" width="2004px" height="2718px"/>
			<graphic mimeType="pdf" url="AM%20162%20B%20alfa%20fol./8/WEB_DISPLAY"/>
		</surface>
	</facsimile>
	<text>
  
      <body>
         
         <p/>
      </body> 
 
   </text> 

</TEI>