<?xml version="1.0" encoding="UTF-8"?>
<?oxygen RNGSchema="http://www.handrit.is/schema/handrit-1.0.rnc" type="compact"?>
<TEI xmlns="http://www.tei-c.org/ns/1.0">
   <teiHeader>
      <fileDesc>
         <titleStmt>
            <title type="main">AM 67 b fol.</title>
         </titleStmt>
         <publicationStmt>
            <authority>Den Arnamagnæanske Samling</authority>
            <pubPlace>København</pubPlace>
         </publicationStmt>
         <sourceDesc>
            <msDesc xml:id="AM02-0067-b-en" xml:lang="en">
               <msIdentifier>
                  <country>Denmark</country>
                  <settlement>København</settlement>
                  <repository>Den Arnamagnæanske Samling</repository>
                  <idno>AM 67 b fol.</idno>
                  <altIdentifier type="internal" subtype="KKKat">
                     <idno>79</idno>
                  </altIdentifier>
               </msIdentifier>
               <head>
                  <title>Saga Kongs Harallds Harfagra Skállda</title>
                  <origPlace>Norway?</origPlace>
                  <origDate notBefore="1685" notAfter="1700">s. XVII ex</origDate>
               </head>
               <msContents>
                  <msItem>
                     <textLang mainLang="is">Islandsk</textLang>
                  </msItem>
               </msContents>
               <physDesc>
                  <objectDesc form="codex">
                     <supportDesc material="chart">
                        <support>Paper.</support>
                        <extent>10. 
<dimensions type="leaf" scope="all">
                              <height>310</height>
                              <width>203</width>
                           </dimensions>
                        </extent>
                     </supportDesc>
                  </objectDesc>
                  <handDesc hands="1">
                     <handNote scribe="AsgJon001" scope="sole" script="unknown">
                        <p>Written by Ásgeir Jónsson.</p>
                     </handNote>
                  </handDesc>
               </physDesc>
            </msDesc>
         </sourceDesc>
      </fileDesc>
   </teiHeader>
	<facsimile xml:base="https://myndir.handrit.is/file/Handrit.is/">
		<surface xml:id="AM02-0067-b-0000r-FB" n="0">
			<desc>0000r-FB</desc>
			<graphic mimeType="pdf" url="AM%2067%20b%20fol./0/HIGH_QUALITY_DISPLAY"/>
			<graphic mimeType="jpg" url="AM%2067%20b%20fol./0/THUMBNAIL" width="200px" height="285px"/>
			<graphic mimeType="jpg" url="AM%2067%20b%20fol./0/SECONDARY_DISPLAY" width="2464px" height="3512px"/>
			<graphic mimeType="pdf" url="AM%2067%20b%20fol./0/WEB_DISPLAY"/>
		</surface>
		<surface xml:id="AM02-0067-b-0000v-FB" n="1">
			<desc>0000v-FB</desc>
			<graphic mimeType="pdf" url="AM%2067%20b%20fol./1/HIGH_QUALITY_DISPLAY"/>
			<graphic mimeType="jpg" url="AM%2067%20b%20fol./1/THUMBNAIL" width="200px" height="287px"/>
			<graphic mimeType="jpg" url="AM%2067%20b%20fol./1/SECONDARY_DISPLAY" width="2464px" height="3533px"/>
			<graphic mimeType="pdf" url="AM%2067%20b%20fol./1/WEB_DISPLAY"/>
		</surface>
		<surface xml:id="AM02-0067-b-accMat01r" n="2">
			<desc>accMat01r</desc>
			<graphic mimeType="pdf" url="AM%2067%20b%20fol./2/HIGH_QUALITY_DISPLAY"/>
			<graphic mimeType="jpg" url="AM%2067%20b%20fol./2/THUMBNAIL" width="200px" height="288px"/>
			<graphic mimeType="jpg" url="AM%2067%20b%20fol./2/SECONDARY_DISPLAY" width="2464px" height="3541px"/>
			<graphic mimeType="pdf" url="AM%2067%20b%20fol./2/WEB_DISPLAY"/>
		</surface>
		<surface xml:id="AM02-0067-b-accMat01v" n="3">
			<desc>accMat01v</desc>
			<graphic mimeType="pdf" url="AM%2067%20b%20fol./3/HIGH_QUALITY_DISPLAY"/>
			<graphic mimeType="jpg" url="AM%2067%20b%20fol./3/THUMBNAIL" width="200px" height="287px"/>
			<graphic mimeType="jpg" url="AM%2067%20b%20fol./3/SECONDARY_DISPLAY" width="2464px" height="3532px"/>
			<graphic mimeType="pdf" url="AM%2067%20b%20fol./3/WEB_DISPLAY"/>
		</surface>
		<surface xml:id="AM02-0067-b-0001r" n="4">
			<desc>0001r</desc>
			<graphic mimeType="pdf" url="AM%2067%20b%20fol./4/HIGH_QUALITY_DISPLAY"/>
			<graphic mimeType="jpg" url="AM%2067%20b%20fol./4/THUMBNAIL" width="200px" height="287px"/>
			<graphic mimeType="jpg" url="AM%2067%20b%20fol./4/SECONDARY_DISPLAY" width="2464px" height="3532px"/>
			<graphic mimeType="pdf" url="AM%2067%20b%20fol./4/WEB_DISPLAY"/>
		</surface>
		<surface xml:id="AM02-0067-b-0001v" n="5">
			<desc>0001v</desc>
			<graphic mimeType="pdf" url="AM%2067%20b%20fol./5/HIGH_QUALITY_DISPLAY"/>
			<graphic mimeType="jpg" url="AM%2067%20b%20fol./5/THUMBNAIL" width="200px" height="286px"/>
			<graphic mimeType="jpg" url="AM%2067%20b%20fol./5/SECONDARY_DISPLAY" width="2464px" height="3527px"/>
			<graphic mimeType="pdf" url="AM%2067%20b%20fol./5/WEB_DISPLAY"/>
		</surface>
		<surface xml:id="AM02-0067-b-0002r" n="6">
			<desc>0002r</desc>
			<graphic mimeType="pdf" url="AM%2067%20b%20fol./6/HIGH_QUALITY_DISPLAY"/>
			<graphic mimeType="jpg" url="AM%2067%20b%20fol./6/THUMBNAIL" width="200px" height="287px"/>
			<graphic mimeType="jpg" url="AM%2067%20b%20fol./6/SECONDARY_DISPLAY" width="2464px" height="3532px"/>
			<graphic mimeType="pdf" url="AM%2067%20b%20fol./6/WEB_DISPLAY"/>
		</surface>
		<surface xml:id="AM02-0067-b-0002v" n="7">
			<desc>0002v</desc>
			<graphic mimeType="pdf" url="AM%2067%20b%20fol./7/HIGH_QUALITY_DISPLAY"/>
			<graphic mimeType="jpg" url="AM%2067%20b%20fol./7/THUMBNAIL" width="200px" height="287px"/>
			<graphic mimeType="jpg" url="AM%2067%20b%20fol./7/SECONDARY_DISPLAY" width="2464px" height="3532px"/>
			<graphic mimeType="pdf" url="AM%2067%20b%20fol./7/WEB_DISPLAY"/>
		</surface>
		<surface xml:id="AM02-0067-b-0003r" n="8">
			<desc>0003r</desc>
			<graphic mimeType="pdf" url="AM%2067%20b%20fol./8/HIGH_QUALITY_DISPLAY"/>
			<graphic mimeType="jpg" url="AM%2067%20b%20fol./8/THUMBNAIL" width="200px" height="287px"/>
			<graphic mimeType="jpg" url="AM%2067%20b%20fol./8/SECONDARY_DISPLAY" width="2464px" height="3536px"/>
			<graphic mimeType="pdf" url="AM%2067%20b%20fol./8/WEB_DISPLAY"/>
		</surface>
		<surface xml:id="AM02-0067-b-0003v" n="9">
			<desc>0003v</desc>
			<graphic mimeType="pdf" url="AM%2067%20b%20fol./9/HIGH_QUALITY_DISPLAY"/>
			<graphic mimeType="jpg" url="AM%2067%20b%20fol./9/THUMBNAIL" width="200px" height="286px"/>
			<graphic mimeType="jpg" url="AM%2067%20b%20fol./9/SECONDARY_DISPLAY" width="2464px" height="3524px"/>
			<graphic mimeType="pdf" url="AM%2067%20b%20fol./9/WEB_DISPLAY"/>
		</surface>
		<surface xml:id="AM02-0067-b-0004r" n="10">
			<desc>0004r</desc>
			<graphic mimeType="pdf" url="AM%2067%20b%20fol./10/HIGH_QUALITY_DISPLAY"/>
			<graphic mimeType="jpg" url="AM%2067%20b%20fol./10/THUMBNAIL" width="200px" height="286px"/>
			<graphic mimeType="jpg" url="AM%2067%20b%20fol./10/SECONDARY_DISPLAY" width="2464px" height="3528px"/>
			<graphic mimeType="pdf" url="AM%2067%20b%20fol./10/WEB_DISPLAY"/>
		</surface>
		<surface xml:id="AM02-0067-b-0004v" n="11">
			<desc>0004v</desc>
			<graphic mimeType="pdf" url="AM%2067%20b%20fol./11/HIGH_QUALITY_DISPLAY"/>
			<graphic mimeType="jpg" url="AM%2067%20b%20fol./11/THUMBNAIL" width="200px" height="287px"/>
			<graphic mimeType="jpg" url="AM%2067%20b%20fol./11/SECONDARY_DISPLAY" width="2464px" height="3529px"/>
			<graphic mimeType="pdf" url="AM%2067%20b%20fol./11/WEB_DISPLAY"/>
		</surface>
		<surface xml:id="AM02-0067-b-0005r" n="12">
			<desc>0005r</desc>
			<graphic mimeType="pdf" url="AM%2067%20b%20fol./12/HIGH_QUALITY_DISPLAY"/>
			<graphic mimeType="jpg" url="AM%2067%20b%20fol./12/THUMBNAIL" width="200px" height="287px"/>
			<graphic mimeType="jpg" url="AM%2067%20b%20fol./12/SECONDARY_DISPLAY" width="2464px" height="3533px"/>
			<graphic mimeType="pdf" url="AM%2067%20b%20fol./12/WEB_DISPLAY"/>
		</surface>
		<surface xml:id="AM02-0067-b-0005v" n="13">
			<desc>0005v</desc>
			<graphic mimeType="pdf" url="AM%2067%20b%20fol./13/HIGH_QUALITY_DISPLAY"/>
			<graphic mimeType="jpg" url="AM%2067%20b%20fol./13/THUMBNAIL" width="200px" height="287px"/>
			<graphic mimeType="jpg" url="AM%2067%20b%20fol./13/SECONDARY_DISPLAY" width="2464px" height="3535px"/>
			<graphic mimeType="pdf" url="AM%2067%20b%20fol./13/WEB_DISPLAY"/>
		</surface>
		<surface xml:id="AM02-0067-b-0006r" n="14">
			<desc>0006r</desc>
			<graphic mimeType="pdf" url="AM%2067%20b%20fol./14/HIGH_QUALITY_DISPLAY"/>
			<graphic mimeType="jpg" url="AM%2067%20b%20fol./14/THUMBNAIL" width="200px" height="287px"/>
			<graphic mimeType="jpg" url="AM%2067%20b%20fol./14/SECONDARY_DISPLAY" width="2464px" height="3536px"/>
			<graphic mimeType="pdf" url="AM%2067%20b%20fol./14/WEB_DISPLAY"/>
		</surface>
		<surface xml:id="AM02-0067-b-0006v" n="15">
			<desc>0006v</desc>
			<graphic mimeType="pdf" url="AM%2067%20b%20fol./15/HIGH_QUALITY_DISPLAY"/>
			<graphic mimeType="jpg" url="AM%2067%20b%20fol./15/THUMBNAIL" width="200px" height="288px"/>
			<graphic mimeType="jpg" url="AM%2067%20b%20fol./15/SECONDARY_DISPLAY" width="2464px" height="3541px"/>
			<graphic mimeType="pdf" url="AM%2067%20b%20fol./15/WEB_DISPLAY"/>
		</surface>
		<surface xml:id="AM02-0067-b-0007r" n="16">
			<desc>0007r</desc>
			<graphic mimeType="pdf" url="AM%2067%20b%20fol./16/HIGH_QUALITY_DISPLAY"/>
			<graphic mimeType="jpg" url="AM%2067%20b%20fol./16/THUMBNAIL" width="200px" height="287px"/>
			<graphic mimeType="jpg" url="AM%2067%20b%20fol./16/SECONDARY_DISPLAY" width="2464px" height="3533px"/>
			<graphic mimeType="pdf" url="AM%2067%20b%20fol./16/WEB_DISPLAY"/>
		</surface>
		<surface xml:id="AM02-0067-b-0007v" n="17">
			<desc>0007v</desc>
			<graphic mimeType="pdf" url="AM%2067%20b%20fol./17/HIGH_QUALITY_DISPLAY"/>
			<graphic mimeType="jpg" url="AM%2067%20b%20fol./17/THUMBNAIL" width="200px" height="287px"/>
			<graphic mimeType="jpg" url="AM%2067%20b%20fol./17/SECONDARY_DISPLAY" width="2464px" height="3530px"/>
			<graphic mimeType="pdf" url="AM%2067%20b%20fol./17/WEB_DISPLAY"/>
		</surface>
		<surface xml:id="AM02-0067-b-0008r" n="18">
			<desc>0008r</desc>
			<graphic mimeType="pdf" url="AM%2067%20b%20fol./18/HIGH_QUALITY_DISPLAY"/>
			<graphic mimeType="jpg" url="AM%2067%20b%20fol./18/THUMBNAIL" width="200px" height="287px"/>
			<graphic mimeType="jpg" url="AM%2067%20b%20fol./18/SECONDARY_DISPLAY" width="2464px" height="3537px"/>
			<graphic mimeType="pdf" url="AM%2067%20b%20fol./18/WEB_DISPLAY"/>
		</surface>
		<surface xml:id="AM02-0067-b-0008v" n="19">
			<desc>0008v</desc>
			<graphic mimeType="pdf" url="AM%2067%20b%20fol./19/HIGH_QUALITY_DISPLAY"/>
			<graphic mimeType="jpg" url="AM%2067%20b%20fol./19/THUMBNAIL" width="200px" height="287px"/>
			<graphic mimeType="jpg" url="AM%2067%20b%20fol./19/SECONDARY_DISPLAY" width="2464px" height="3537px"/>
			<graphic mimeType="pdf" url="AM%2067%20b%20fol./19/WEB_DISPLAY"/>
		</surface>
		<surface xml:id="AM02-0067-b-0009r" n="20">
			<desc>0009r</desc>
			<graphic mimeType="pdf" url="AM%2067%20b%20fol./20/HIGH_QUALITY_DISPLAY"/>
			<graphic mimeType="jpg" url="AM%2067%20b%20fol./20/THUMBNAIL" width="200px" height="287px"/>
			<graphic mimeType="jpg" url="AM%2067%20b%20fol./20/SECONDARY_DISPLAY" width="2464px" height="3534px"/>
			<graphic mimeType="pdf" url="AM%2067%20b%20fol./20/WEB_DISPLAY"/>
		</surface>
		<surface xml:id="AM02-0067-b-0009v" n="21">
			<desc>0009v</desc>
			<graphic mimeType="pdf" url="AM%2067%20b%20fol./21/HIGH_QUALITY_DISPLAY"/>
			<graphic mimeType="jpg" url="AM%2067%20b%20fol./21/THUMBNAIL" width="200px" height="287px"/>
			<graphic mimeType="jpg" url="AM%2067%20b%20fol./21/SECONDARY_DISPLAY" width="2464px" height="3537px"/>
			<graphic mimeType="pdf" url="AM%2067%20b%20fol./21/WEB_DISPLAY"/>
		</surface>
		<surface xml:id="AM02-0067-b-0010r" n="22">
			<desc>0010r</desc>
			<graphic mimeType="pdf" url="AM%2067%20b%20fol./22/HIGH_QUALITY_DISPLAY"/>
			<graphic mimeType="jpg" url="AM%2067%20b%20fol./22/THUMBNAIL" width="200px" height="286px"/>
			<graphic mimeType="jpg" url="AM%2067%20b%20fol./22/SECONDARY_DISPLAY" width="2464px" height="3526px"/>
			<graphic mimeType="pdf" url="AM%2067%20b%20fol./22/WEB_DISPLAY"/>
		</surface>
		<surface xml:id="AM02-0067-b-9999v-RB" n="23">
			<desc>9999v-RB</desc>
			<graphic mimeType="pdf" url="AM%2067%20b%20fol./23/HIGH_QUALITY_DISPLAY"/>
			<graphic mimeType="jpg" url="AM%2067%20b%20fol./23/THUMBNAIL" width="200px" height="285px"/>
			<graphic mimeType="jpg" url="AM%2067%20b%20fol./23/SECONDARY_DISPLAY" width="2464px" height="3515px"/>
			<graphic mimeType="pdf" url="AM%2067%20b%20fol./23/WEB_DISPLAY"/>
		</surface>
	</facsimile>
</TEI>