<?xml version="1.0" encoding="UTF-8"?>
<?oxygen RNGSchema="http://www.handrit.is/schema/handrit-1.0.rnc" type="compact"?>
<TEI xmlns="http://www.tei-c.org/ns/1.0">
	<teiHeader>
		<fileDesc>
			<titleStmt>
				<title>Handritaskrá Árnastofnunar</title>
			</titleStmt>
			<publicationStmt>
				<p>Tilraunaútgáfa</p>
			</publicationStmt>
			<sourceDesc>
				<msDesc xml:lang="is" xml:id="AM02-0142-is">
					<msIdentifier>
						<country key="IS">Ísland</country>
						<settlement>Reykjavík</settlement>
						<institution>Stofnun Árna Magnússonar í íslenskum fræðum</institution>
						<repository>Handritasvið</repository>
						<collection>Safn Árna Magnússonar</collection>
						<idno>AM 142 fol.</idno>
						<altIdentifier type="internal" subtype="KKKat">
							<idno>171</idno>
						</altIdentifier>
					</msIdentifier>

					<msContents xml:lang="is">
						<summary>
							<title type="supplied">Sögubók</title>
						</summary>
						<textLang mainLang="is">Íslenska</textLang>
						<msItem n="1" defective="false" class="isl">
							<locus from="1r" facs="#AM02-0142-0001r" to="54v">1r-54v</locus>
							<title type="uniform">Fóstbræðra saga</title>
							<rubric>Saga frá Þorgeiri og Þormóði Kolbrúnarskáldi</rubric>
							<incipit>Á dögum hins helga Ólafs konungs …</incipit>
							<explicit>… svo mundi skáldið vilja kveðið hafa.</explicit>
							<finalRubric>Nú lýkur hér ævi Þormóðs með þessum atburðum sem nú voru
								sagðir.</finalRubric>
							<listBibl>
								<bibl><ref type="primary-2">Fóstbræðra saga</ref> 1822.</bibl>
								<bibl><ref type="primary-2" target="IF6">ÍF</ref><biblScope type="volume">VI</biblScope>.</bibl>
							</listBibl>
						</msItem>

						<msItem n="2" defective="false" class="isl">
							<locus from="57r" facs="#AM02-0142-0057r" to="64v">57r-64v</locus>
							<title type="uniform">Þorsteins saga Síðu-Hallssonar</title>
							<rubric>Fragment sögu Þorsteins Síðu-Hallssonar</rubric>
							<incipit defective="true">… hverfingunni og voru þau drepin bæði.
								Þetta sumar ætlaði Þorsteinn utan …</incipit>
							<explicit>… Þórdísi dóttur Síðu-Halls átti Þórður Halldórsson úr
								Forsárskógum</explicit>
							<finalRubric>og lýkur svo þessi sögu er frá Þorsteini er sögð.</finalRubric>
							<bibl><ref type="primary-1">Analecta Norrœna</ref> 1859<biblScope type="pages">169-186</biblScope>.</bibl>
							<bibl><ref type="primary-1">Fire og fyrretyve Prøver</ref>
									1860<biblScope type="pages">42-58</biblScope>.</bibl>
							<bibl><ref type="primary-2" target="IF11">ÍF</ref><biblScope type="volume">XI</biblScope>.</bibl>
						</msItem>
					</msContents>

					<physDesc>
						<objectDesc form="codex">
							<supportDesc material="chart">
								<support>Pappír.</support>
								<extent>i + 64 + i blöð (<dimensions type="leaf" unit="mm" scope="all">
										<height>314</height>
										<width>201</width>
									</dimensions>). Auð blöð milli efnisþátta: <locus from="54v" facs="#AM02-0142-0054v" to="56v">54v-56v</locus>, neðri
									helmingur blaðs <locus from="64v" facs="#AM02-0142-0064v" to="64v">64v</locus> auður.</extent>
								<foliation>
									<p>
										<list>
											<item>Blaðsíðumerking fyrri sögunnar er með rauðu bleki
												1-108 en hinnar síðari gæti verið upprunaleg 1-16.</item>
											<item>Síðari tíma blaðmerking neðst á ytri spássíu með
												rauðu bleki 1-64.</item>
										</list>
									</p>
								</foliation>
								<collation>
									<p>Níu kver.<list>
											<item>Kver I: bl. 1-6, 3 tvinn.</item>
											<item>Kver II: bl. 7-14, 4 tvinn.</item>
											<item>Kver III: bl. 15-24, 2 stök bl. og 4 tvinn.</item>
											<item>Kver IV: bl. 25-32, 4 tvinn.</item>
											<item>Kver V: bl. 33-38, 3 tvinn.</item>
											<item>Kver VI: bl. 39-44, 3 tvinn.</item>
											<item>Kver VII: bl. 45-50, 3 tvinn.</item>
											<item>Kver VIII: bl. 51-56, 3 tvinn.</item>
											<item>Kver IX: bl. 57-64, 4 tvinn.</item>
											<item/>
										</list></p>
								</collation>
								<condition>Blek hefur sums staðar smitast í gegn, einkum í fyrri
									hlutanum.</condition>
							</supportDesc>

							<layoutDesc>
								<layout columns="1" writtenLines="27 28">
									<p>
										<list>
											<item>Eindálka.</item>
											<item>Leturflötur ca <dimensions type="leaf" unit="mm">
												<height>250-255</height>
												<width>140-150</width>
												</dimensions>.</item>
											<item>Línufjöldi ca 27-28.</item>
											<item>Hvert vísuorð í bundnu máli er sér um línu (sbr.
												t.d. <locus from="24v" facs="#AM02-0142-0024v" to="24v">24v</locus>, <locus from="51v" facs="#AM02-0142-0051v" to="51v">51v</locus> og
												<locus from="53r" facs="#AM02-0142-0053r" to="53r">53r</locus>).</item>
										</list>
									</p>
								</layout>
							</layoutDesc>

						</objectDesc>
						<handDesc hands="1">
							<handNote scope="sole" scribe="AsgJon001" script="kanzlei">Með hendi
									<name type="person" key="AsgJon001">Ásgeirs Jónssonar</name>,
								kansellískrift.</handNote>
						</handDesc>

						<bindingDesc>
							<binding notBefore="1910" notAfter="1920" contemporary="false">
								<p>Band frá 1910-1920 (<dimensions type="binding" unit="mm">
										<height>320</height>
										<width>207</width>
										<depth>21</depth>
									</dimensions>). Pappaspjöld klædd pappír með brúnu
									marmaramynstri, bókfell á kili.</p>
							</binding>
							<binding contemporary="false">
								<p>Spjöld og kjölur í eldra bandi klædd bókfelli úr kirkjulegu
									latnesku handriti.</p>
							</binding>
						</bindingDesc>

						<accMat>
							<p>Seðill á <locus from="0001r-FFl" facs="#AM02-0142-0001r" to="0001r-FFl ">saurbl. 1r</locus> (<dimensions type="slip" unit="mm">
									<height>165</height>
									<width>180</width>
								</dimensions>) með hendi <name key="ArnMag001" type="person">Árna
									Magnússonar</name>: <quote type="AMSlip" xml:lang="is">Saga
									Þorgeirs og Þormóðar Kolbrúnarskálds. Fragment sögu Þorsteins
									Síðu-Hallssonar. Eftir membrana regia in 4to stóð framan á
									bókinni með hendi Ásgeirs Jónssonar. Úr númer 12 frá sáluga
									assessor Thormod Torvesens enke 1720.</quote></p>
						</accMat>
					</physDesc>
					<history>
						<!--<title>Gísla saga Súrssonar</title> og <title>Hrafns saga Sveinbjarnarsonar</title>. 
                  Skyld handrit sem innihalda Fóstbræðra sögu eru <ref>AM 566 a 4to</ref>, <ref>Thott 1768 4to</ref>, <ref>NKS 1815 4to</ref> og <ref>AM 761 b 4to</ref> (vísur).
                  Skyld handrit sem innihalda Þorsteins sögu eru <ref>AM 143 fol.</ref> og <ref>JS 435 4to</ref>.
                  Skrifað eftir glötuðu handriti úr safni konungs líkt og AM 566 a 4to með Fóstbræðra sögu og Þorsteins þáttur í JS 435 4to; 
                  sjá Membrana regia deperdita. Útgefandi Agnete Loth. Editiones ArnAMagnæanæ A-5. Kaupmannahöfn 1960 bls. xxvii-xxxii og liii. (MJ) -->
						<origin notBefore="1690" notAfter="1697">
							<p> Handritið var skrifað í <origPlace key="NO">Noregi
								(Stangarlandi)</origPlace> og er tímasett frá <origDate notBefore="1690" notAfter="1697">ársbyrjun 1690 til vors
								1697</origDate> í umfjöllun <name type="person">Más Jónssonar</name>
								um skrifarann Ásgeir Jónsson (sbr. <ref>
									<bibl>Már Jónsson 2009: 282-297</bibl>
								</ref>). Það er tímasett til um 1700 í <bibl>
									<ref target="KKKat">Katalog I</ref>
								</bibl>, bls. 101, en virkt skriftartímabil <name type="person" key="AsgJon001">Ásgeirs Jónssonar</name> var <origDate notBefore="1686" notAfter="1707">ca 1686-1707</origDate>. </p>
							<p>Það var áður hluti af stærri bók sem innihélt einnig <ref type="ms" target="AM02-0207">AM 207 fol.</ref> og <ref type="ms" target="AM02-0224">AM 224 fol.</ref> (sbr. <ref type="ms" target="AM04-0435b">AM 435 b 4to</ref>, bl. <locus from="5v" facs="#AM02-0142-0005v" to="5v">5v</locus>).</p>
							<p>Handritið er uppskrift eftir skinnhandriti sem var í Konungsbókhlöðu
								(sbr. <locus from="0001r-FFl" facs="#AM02-0142-0001r" to="0001r-FFl ">seðil</locus>) en er nú glatað.</p>
						</origin>
						<provenance>
							<p>Bókin sem handritið tilheyrði var nr. XII fol. í safni <name key="ThoTor001" type="person">Þormóðs Torfasonar</name>. <name key="ArnMag001" type="person">Árni Magnússon</name> fékk hana
								frá ekkju Þormóðs árið <date when="1720">1720</date> og tók í sundur
								(sbr. seðil og <ref type="ms" target="AM04-0435b">AM 435 b
								4to</ref>, bl. <locus from="5v" facs="#AM02-0142-0005v" to="5v">5v</locus>).</p>
						</provenance>
						<acquisition when="1974-03-27">
							<p>Stofnun Árna Magnússonar á Íslandi tók við handritinu 27. mars
							1974.</p>
						</acquisition>
					</history>
					<additional>
						<adminInfo>

							<recordHist>
								<source>
									<p><name type="person" key="ValHil001">VH</name> lagfærði í
										<date when="2010-11">nóvember 2010</date>.
										<name type="person" key="ThoSig001">ÞS</name> skráði
										samkvæmt reglum TEI P5 <date from="2008-09-12" to="2008-12-02">12. september og 2. desember
										2008</date>. <name type="person" key="DriThr001">DKÞ</name>
										færði inn grunnupplýsingar <date when="2001-09-17">17.
											september 2001</date>. <name type="person" key="KriKaa001">Kålund</name> gekk frá handritinu til
										skráningar <date when="1885-11-26">26. nóvember 1885</date>
										(sjá <bibl>
											<ref target="KKKat">Katalog I 1889:101 (nr. 171)</ref>
										</bibl>.</p>
								</source>
							</recordHist>

						</adminInfo>
						<surrogates>
							<p>
								<list>
									<item>Stafrænar myndir á www.sagnanet.is.</item>
									<item>Svart-hvítar ljósmyndir á Det Arnamagnæanske Institut í
										Kaupmannahöfn.</item>
								</list>
							</p>
						</surrogates>
						<listBibl>
							<bibl>Björn K. Þórólfsson 1925, <ref target="BjöÞór1925a">Fóstbræðra saga</ref></bibl>
							<bibl>Björn K. Þórólfsson 1943, <ref target="BjöÞór1943a">Vestfirðinga sögur. Gísla saga Súrssonar. Fóstbræðra saga. Þóttur Þormóðar. Hávarðar saga Ísfirðings. Auðunar þáttr vestfirzka. Þorvarðar þáttr krákunefs</ref></bibl>
							<bibl>Cochrane, J. <ref target="JamCoc2010a">Síðu-Halls saga ok sona hans</ref></bibl>
							<bibl>Finnur Jónsson, <ref target="FinJón1932a">Acta philologica Scandinavica</ref><biblScope type="volume">VII</biblScope><biblScope type="pages">34, 53,
								70</biblScope>;</bibl>
							<bibl><ref type="secondary-3">Analecta norræna</ref>, 1859;</bibl>
							<bibl><ref type="secondary-3" target="AntR">Antiquités
									Russes</ref><biblScope type="volume">II</biblScope><biblScope type="pages">349</biblScope>;</bibl>
							<bibl><ref>Arkiv för Nordisk Filologi</ref><biblScope type="volume">VII</biblScope><biblScope type="pages">45</biblScope>;</bibl>
							<bibl><ref>Arkiv för Nordisk Filologi</ref><biblScope type="volume">II</biblScope><biblScope type="pages">5</biblScope>;</bibl>
							<bibl><ref>Arkiv för Nordisk Filologi</ref><biblScope type="volume">LXV</biblScope><biblScope type="pages">106</biblScope>;</bibl>
							<bibl><ref>Arkiv för Nordisk Filologi</ref><biblScope type="volume">LXXVII</biblScope><biblScope type="pages">249</biblScope>;</bibl>
							<bibl><ref type="secondary-3" target="GHM">Grönlands historiske
									mindesmærker</ref><biblScope type="volume">II</biblScope><biblScope type="pages">259</biblScope>;</bibl>
							<bibl>Helgi Guðmundsson, <ref type="secondary-3">Íslensk
									tunga</ref><biblScope type="volume">II</biblScope><biblScope type="pages">51</biblScope>;</bibl>
							<bibl>Hreinn Benediktsson 2002, <ref target="HreBen2002a">Linguistic studies, historical and comparative</ref></bibl>
							<bibl>Jónas Kristjánsson, <ref target="JónKri1972a">Um Fóstbræðrasögu</ref><biblScope type="pages">353</biblScope>;</bibl>
							<bibl>Jörgensen, J. G. 2007, <ref target="BiblArn45">The lost vellum Kringla</ref></bibl>
							<bibl>Loth, <ref target="AgnLot1960a">Membrana Regia Deperdita Ed. Arn.</ref><biblScope type="volume">A
									5</biblScope><biblScope type="pages">xxvii-xxxii, xxxv,
									xxxix-xli, xliii-li, liii, lv-lvii, lxi, lxxxiii,
								lxxxix-xci</biblScope>;</bibl>
							<bibl>Ljunggren<ref>, Litteraturkrönika</ref> 1961;</bibl>
							<bibl>Már Jónsson 2009, <ref target="MárJón2009">Skrifarinn Ásgeir Jónsson frá Gullberaströnd í Lundarreykjadal</ref></bibl>
							<bibl><ref>Safn til sögu Íslands</ref><biblScope type="volume">VI
									(3)</biblScope><biblScope type="pages">144</biblScope>;</bibl>
							<bibl>Stefán Karlsson 2002, <ref target="SteKar2002a">Fagrlegr-farlegr-fallegr</ref></bibl>
							<bibl><ref target="STUAGNL29">STUAGNL</ref><biblScope type="volume">29</biblScope><biblScope type="pages">lxxvii-lxxxii</biblScope>;</bibl>
							<bibl><ref target="STUAGNL40">STUAGNL</ref><biblScope type="volume">40</biblScope><biblScope type="pages">xxxv-xxxvii</biblScope>;</bibl>
							<bibl>Verri, G. 2011, <ref target="GioVer2011a">Um rithendur Ásgeirs Jónssonar. Nokkrar skriftarfræðilegar athuganir</ref></bibl>
						</listBibl>
					</additional>
				</msDesc>
			</sourceDesc>
		</fileDesc>
		<revisionDesc>
			<change when="2008-10" who="#EriHas01">Migrated from MASTER to P5</change>
		</revisionDesc>
	</teiHeader>
	<facsimile xml:base="https://myndir.handrit.is/file/Handrit.is/">
		<surface xml:id="AM02-0142-0000r-FrontBoard" n="0">
			<desc>0000r-FrontBoard</desc>
			<graphic mimeType="pdf" url="AM%20142%20fol/0/HIGH_QUALITY_DISPLAY"/>
			<graphic mimeType="jpg" url="AM%20142%20fol/0/THUMBNAIL" width="200px" height="295px"/>
			<graphic mimeType="jpg" url="AM%20142%20fol/0/SECONDARY_DISPLAY" width="2796px" height="4128px"/>
			<graphic mimeType="pdf" url="AM%20142%20fol/0/WEB_DISPLAY"/>
		</surface>
		<surface xml:id="AM02-0142-0000v-FrontBoard" n="1">
			<desc>0000v-FrontBoard</desc>
			<graphic mimeType="pdf" url="AM%20142%20fol/1/HIGH_QUALITY_DISPLAY"/>
			<graphic mimeType="jpg" url="AM%20142%20fol/1/THUMBNAIL" width="193px" height="300px"/>
			<graphic mimeType="jpg" url="AM%20142%20fol/1/SECONDARY_DISPLAY" width="2657px" height="4128px"/>
			<graphic mimeType="pdf" url="AM%20142%20fol/1/WEB_DISPLAY"/>
		</surface>
		<surface xml:id="AM02-0142-0001r-FrontFlyleaf" n="2">
			<desc>0001r-FrontFlyleaf</desc>
			<graphic mimeType="pdf" url="AM%20142%20fol/2/HIGH_QUALITY_DISPLAY"/>
			<graphic mimeType="jpg" url="AM%20142%20fol/2/THUMBNAIL" width="193px" height="300px"/>
			<graphic mimeType="jpg" url="AM%20142%20fol/2/SECONDARY_DISPLAY" width="2657px" height="4128px"/>
			<graphic mimeType="pdf" url="AM%20142%20fol/2/WEB_DISPLAY"/>
		</surface>
		<surface xml:id="AM02-0142-0001v-FrontFlyleaf" n="3">
			<desc>0001v-FrontFlyleaf</desc>
			<graphic mimeType="pdf" url="AM%20142%20fol/3/HIGH_QUALITY_DISPLAY"/>
			<graphic mimeType="jpg" url="AM%20142%20fol/3/THUMBNAIL" width="192px" height="300px"/>
			<graphic mimeType="jpg" url="AM%20142%20fol/3/SECONDARY_DISPLAY" width="2579px" height="4032px"/>
			<graphic mimeType="pdf" url="AM%20142%20fol/3/WEB_DISPLAY"/>
		</surface>
		<surface xml:id="AM02-0142-0001r" n="4">
			<desc>0001r</desc>
			<graphic mimeType="pdf" url="AM%20142%20fol/4/HIGH_QUALITY_DISPLAY"/>
			<graphic mimeType="jpg" url="AM%20142%20fol/4/THUMBNAIL" width="192px" height="300px"/>
			<graphic mimeType="jpg" url="AM%20142%20fol/4/SECONDARY_DISPLAY" width="2579px" height="4032px"/>
			<graphic mimeType="pdf" url="AM%20142%20fol/4/WEB_DISPLAY"/>
		</surface>
		<surface xml:id="AM02-0142-0001v" n="5">
			<desc>0001v</desc>
			<graphic mimeType="pdf" url="AM%20142%20fol/5/HIGH_QUALITY_DISPLAY"/>
			<graphic mimeType="jpg" url="AM%20142%20fol/5/THUMBNAIL" width="194px" height="300px"/>
			<graphic mimeType="jpg" url="AM%20142%20fol/5/SECONDARY_DISPLAY" width="2609px" height="4032px"/>
			<graphic mimeType="pdf" url="AM%20142%20fol/5/WEB_DISPLAY"/>
		</surface>
		<surface xml:id="AM02-0142-0002r" n="6">
			<desc>0002r</desc>
			<graphic mimeType="pdf" url="AM%20142%20fol/6/HIGH_QUALITY_DISPLAY"/>
			<graphic mimeType="jpg" url="AM%20142%20fol/6/THUMBNAIL" width="194px" height="300px"/>
			<graphic mimeType="jpg" url="AM%20142%20fol/6/SECONDARY_DISPLAY" width="2609px" height="4032px"/>
			<graphic mimeType="pdf" url="AM%20142%20fol/6/WEB_DISPLAY"/>
		</surface>
		<surface xml:id="AM02-0142-0002v" n="7">
			<desc>0002v</desc>
			<graphic mimeType="pdf" url="AM%20142%20fol/7/HIGH_QUALITY_DISPLAY"/>
			<graphic mimeType="jpg" url="AM%20142%20fol/7/THUMBNAIL" width="194px" height="300px"/>
			<graphic mimeType="jpg" url="AM%20142%20fol/7/SECONDARY_DISPLAY" width="2609px" height="4032px"/>
			<graphic mimeType="pdf" url="AM%20142%20fol/7/WEB_DISPLAY"/>
		</surface>
		<surface xml:id="AM02-0142-0003r" n="8">
			<desc>0003r</desc>
			<graphic mimeType="pdf" url="AM%20142%20fol/8/HIGH_QUALITY_DISPLAY"/>
			<graphic mimeType="jpg" url="AM%20142%20fol/8/THUMBNAIL" width="194px" height="300px"/>
			<graphic mimeType="jpg" url="AM%20142%20fol/8/SECONDARY_DISPLAY" width="2609px" height="4032px"/>
			<graphic mimeType="pdf" url="AM%20142%20fol/8/WEB_DISPLAY"/>
		</surface>
		<surface xml:id="AM02-0142-0003v" n="9">
			<desc>0003v</desc>
			<graphic mimeType="pdf" url="AM%20142%20fol/9/HIGH_QUALITY_DISPLAY"/>
			<graphic mimeType="jpg" url="AM%20142%20fol/9/THUMBNAIL" width="194px" height="300px"/>
			<graphic mimeType="jpg" url="AM%20142%20fol/9/SECONDARY_DISPLAY" width="2609px" height="4032px"/>
			<graphic mimeType="pdf" url="AM%20142%20fol/9/WEB_DISPLAY"/>
		</surface>
		<surface xml:id="AM02-0142-0004r" n="10">
			<desc>0004r</desc>
			<graphic mimeType="pdf" url="AM%20142%20fol/10/HIGH_QUALITY_DISPLAY"/>
			<graphic mimeType="jpg" url="AM%20142%20fol/10/THUMBNAIL" width="194px" height="300px"/>
			<graphic mimeType="jpg" url="AM%20142%20fol/10/SECONDARY_DISPLAY" width="2609px" height="4032px"/>
			<graphic mimeType="pdf" url="AM%20142%20fol/10/WEB_DISPLAY"/>
		</surface>
		<surface xml:id="AM02-0142-0004v" n="11">
			<desc>0004v</desc>
			<graphic mimeType="pdf" url="AM%20142%20fol/11/HIGH_QUALITY_DISPLAY"/>
			<graphic mimeType="jpg" url="AM%20142%20fol/11/THUMBNAIL" width="194px" height="300px"/>
			<graphic mimeType="jpg" url="AM%20142%20fol/11/SECONDARY_DISPLAY" width="2609px" height="4032px"/>
			<graphic mimeType="pdf" url="AM%20142%20fol/11/WEB_DISPLAY"/>
		</surface>
		<surface xml:id="AM02-0142-0005r" n="12">
			<desc>0005r</desc>
			<graphic mimeType="pdf" url="AM%20142%20fol/12/HIGH_QUALITY_DISPLAY"/>
			<graphic mimeType="jpg" url="AM%20142%20fol/12/THUMBNAIL" width="194px" height="300px"/>
			<graphic mimeType="jpg" url="AM%20142%20fol/12/SECONDARY_DISPLAY" width="2609px" height="4032px"/>
			<graphic mimeType="pdf" url="AM%20142%20fol/12/WEB_DISPLAY"/>
		</surface>
		<surface xml:id="AM02-0142-0005v" n="13">
			<desc>0005v</desc>
			<graphic mimeType="pdf" url="AM%20142%20fol/13/HIGH_QUALITY_DISPLAY"/>
			<graphic mimeType="jpg" url="AM%20142%20fol/13/THUMBNAIL" width="194px" height="300px"/>
			<graphic mimeType="jpg" url="AM%20142%20fol/13/SECONDARY_DISPLAY" width="2609px" height="4032px"/>
			<graphic mimeType="pdf" url="AM%20142%20fol/13/WEB_DISPLAY"/>
		</surface>
		<surface xml:id="AM02-0142-0006r" n="14">
			<desc>0006r</desc>
			<graphic mimeType="pdf" url="AM%20142%20fol/14/HIGH_QUALITY_DISPLAY"/>
			<graphic mimeType="jpg" url="AM%20142%20fol/14/THUMBNAIL" width="194px" height="300px"/>
			<graphic mimeType="jpg" url="AM%20142%20fol/14/SECONDARY_DISPLAY" width="2609px" height="4032px"/>
			<graphic mimeType="pdf" url="AM%20142%20fol/14/WEB_DISPLAY"/>
		</surface>
		<surface xml:id="AM02-0142-0006v" n="15">
			<desc>0006v</desc>
			<graphic mimeType="pdf" url="AM%20142%20fol/15/HIGH_QUALITY_DISPLAY"/>
			<graphic mimeType="jpg" url="AM%20142%20fol/15/THUMBNAIL" width="194px" height="300px"/>
			<graphic mimeType="jpg" url="AM%20142%20fol/15/SECONDARY_DISPLAY" width="2609px" height="4032px"/>
			<graphic mimeType="pdf" url="AM%20142%20fol/15/WEB_DISPLAY"/>
		</surface>
		<surface xml:id="AM02-0142-0007r" n="16">
			<desc>0007r</desc>
			<graphic mimeType="pdf" url="AM%20142%20fol/16/HIGH_QUALITY_DISPLAY"/>
			<graphic mimeType="jpg" url="AM%20142%20fol/16/THUMBNAIL" width="194px" height="300px"/>
			<graphic mimeType="jpg" url="AM%20142%20fol/16/SECONDARY_DISPLAY" width="2609px" height="4032px"/>
			<graphic mimeType="pdf" url="AM%20142%20fol/16/WEB_DISPLAY"/>
		</surface>
		<surface xml:id="AM02-0142-0007v" n="17">
			<desc>0007v</desc>
			<graphic mimeType="pdf" url="AM%20142%20fol/17/HIGH_QUALITY_DISPLAY"/>
			<graphic mimeType="jpg" url="AM%20142%20fol/17/THUMBNAIL" width="194px" height="300px"/>
			<graphic mimeType="jpg" url="AM%20142%20fol/17/SECONDARY_DISPLAY" width="2609px" height="4032px"/>
			<graphic mimeType="pdf" url="AM%20142%20fol/17/WEB_DISPLAY"/>
		</surface>
		<surface xml:id="AM02-0142-0008r" n="18">
			<desc>0008r</desc>
			<graphic mimeType="pdf" url="AM%20142%20fol/18/HIGH_QUALITY_DISPLAY"/>
			<graphic mimeType="jpg" url="AM%20142%20fol/18/THUMBNAIL" width="194px" height="300px"/>
			<graphic mimeType="jpg" url="AM%20142%20fol/18/SECONDARY_DISPLAY" width="2609px" height="4032px"/>
			<graphic mimeType="pdf" url="AM%20142%20fol/18/WEB_DISPLAY"/>
		</surface>
		<surface xml:id="AM02-0142-0008v" n="19">
			<desc>0008v</desc>
			<graphic mimeType="pdf" url="AM%20142%20fol/19/HIGH_QUALITY_DISPLAY"/>
			<graphic mimeType="jpg" url="AM%20142%20fol/19/THUMBNAIL" width="194px" height="300px"/>
			<graphic mimeType="jpg" url="AM%20142%20fol/19/SECONDARY_DISPLAY" width="2609px" height="4032px"/>
			<graphic mimeType="pdf" url="AM%20142%20fol/19/WEB_DISPLAY"/>
		</surface>
		<surface xml:id="AM02-0142-0009r" n="20">
			<desc>0009r</desc>
			<graphic mimeType="pdf" url="AM%20142%20fol/20/HIGH_QUALITY_DISPLAY"/>
			<graphic mimeType="jpg" url="AM%20142%20fol/20/THUMBNAIL" width="194px" height="300px"/>
			<graphic mimeType="jpg" url="AM%20142%20fol/20/SECONDARY_DISPLAY" width="2609px" height="4032px"/>
			<graphic mimeType="pdf" url="AM%20142%20fol/20/WEB_DISPLAY"/>
		</surface>
		<surface xml:id="AM02-0142-0009v" n="21">
			<desc>0009v</desc>
			<graphic mimeType="pdf" url="AM%20142%20fol/21/HIGH_QUALITY_DISPLAY"/>
			<graphic mimeType="jpg" url="AM%20142%20fol/21/THUMBNAIL" width="194px" height="300px"/>
			<graphic mimeType="jpg" url="AM%20142%20fol/21/SECONDARY_DISPLAY" width="2609px" height="4032px"/>
			<graphic mimeType="pdf" url="AM%20142%20fol/21/WEB_DISPLAY"/>
		</surface>
		<surface xml:id="AM02-0142-0010r" n="22">
			<desc>0010r</desc>
			<graphic mimeType="pdf" url="AM%20142%20fol/22/HIGH_QUALITY_DISPLAY"/>
			<graphic mimeType="jpg" url="AM%20142%20fol/22/THUMBNAIL" width="194px" height="300px"/>
			<graphic mimeType="jpg" url="AM%20142%20fol/22/SECONDARY_DISPLAY" width="2609px" height="4032px"/>
			<graphic mimeType="pdf" url="AM%20142%20fol/22/WEB_DISPLAY"/>
		</surface>
		<surface xml:id="AM02-0142-0010v" n="23">
			<desc>0010v</desc>
			<graphic mimeType="pdf" url="AM%20142%20fol/23/HIGH_QUALITY_DISPLAY"/>
			<graphic mimeType="jpg" url="AM%20142%20fol/23/THUMBNAIL" width="194px" height="300px"/>
			<graphic mimeType="jpg" url="AM%20142%20fol/23/SECONDARY_DISPLAY" width="2609px" height="4032px"/>
			<graphic mimeType="pdf" url="AM%20142%20fol/23/WEB_DISPLAY"/>
		</surface>
		<surface xml:id="AM02-0142-0011r" n="24">
			<desc>0011r</desc>
			<graphic mimeType="pdf" url="AM%20142%20fol/24/HIGH_QUALITY_DISPLAY"/>
			<graphic mimeType="jpg" url="AM%20142%20fol/24/THUMBNAIL" width="194px" height="300px"/>
			<graphic mimeType="jpg" url="AM%20142%20fol/24/SECONDARY_DISPLAY" width="2609px" height="4032px"/>
			<graphic mimeType="pdf" url="AM%20142%20fol/24/WEB_DISPLAY"/>
		</surface>
		<surface xml:id="AM02-0142-0011v" n="25">
			<desc>0011v</desc>
			<graphic mimeType="pdf" url="AM%20142%20fol/25/HIGH_QUALITY_DISPLAY"/>
			<graphic mimeType="jpg" url="AM%20142%20fol/25/THUMBNAIL" width="194px" height="300px"/>
			<graphic mimeType="jpg" url="AM%20142%20fol/25/SECONDARY_DISPLAY" width="2609px" height="4032px"/>
			<graphic mimeType="pdf" url="AM%20142%20fol/25/WEB_DISPLAY"/>
		</surface>
		<surface xml:id="AM02-0142-0012r" n="26">
			<desc>0012r</desc>
			<graphic mimeType="pdf" url="AM%20142%20fol/26/HIGH_QUALITY_DISPLAY"/>
			<graphic mimeType="jpg" url="AM%20142%20fol/26/THUMBNAIL" width="194px" height="300px"/>
			<graphic mimeType="jpg" url="AM%20142%20fol/26/SECONDARY_DISPLAY" width="2609px" height="4032px"/>
			<graphic mimeType="pdf" url="AM%20142%20fol/26/WEB_DISPLAY"/>
		</surface>
		<surface xml:id="AM02-0142-0012v" n="27">
			<desc>0012v</desc>
			<graphic mimeType="pdf" url="AM%20142%20fol/27/HIGH_QUALITY_DISPLAY"/>
			<graphic mimeType="jpg" url="AM%20142%20fol/27/THUMBNAIL" width="194px" height="300px"/>
			<graphic mimeType="jpg" url="AM%20142%20fol/27/SECONDARY_DISPLAY" width="2609px" height="4032px"/>
			<graphic mimeType="pdf" url="AM%20142%20fol/27/WEB_DISPLAY"/>
		</surface>
		<surface xml:id="AM02-0142-0013r" n="28">
			<desc>0013r</desc>
			<graphic mimeType="pdf" url="AM%20142%20fol/28/HIGH_QUALITY_DISPLAY"/>
			<graphic mimeType="jpg" url="AM%20142%20fol/28/THUMBNAIL" width="194px" height="300px"/>
			<graphic mimeType="jpg" url="AM%20142%20fol/28/SECONDARY_DISPLAY" width="2609px" height="4032px"/>
			<graphic mimeType="pdf" url="AM%20142%20fol/28/WEB_DISPLAY"/>
		</surface>
		<surface xml:id="AM02-0142-0013v" n="29">
			<desc>0013v</desc>
			<graphic mimeType="pdf" url="AM%20142%20fol/29/HIGH_QUALITY_DISPLAY"/>
			<graphic mimeType="jpg" url="AM%20142%20fol/29/THUMBNAIL" width="194px" height="300px"/>
			<graphic mimeType="jpg" url="AM%20142%20fol/29/SECONDARY_DISPLAY" width="2609px" height="4032px"/>
			<graphic mimeType="pdf" url="AM%20142%20fol/29/WEB_DISPLAY"/>
		</surface>
		<surface xml:id="AM02-0142-0014r" n="30">
			<desc>0014r</desc>
			<graphic mimeType="pdf" url="AM%20142%20fol/30/HIGH_QUALITY_DISPLAY"/>
			<graphic mimeType="jpg" url="AM%20142%20fol/30/THUMBNAIL" width="194px" height="300px"/>
			<graphic mimeType="jpg" url="AM%20142%20fol/30/SECONDARY_DISPLAY" width="2609px" height="4032px"/>
			<graphic mimeType="pdf" url="AM%20142%20fol/30/WEB_DISPLAY"/>
		</surface>
		<surface xml:id="AM02-0142-0014v" n="31">
			<desc>0014v</desc>
			<graphic mimeType="pdf" url="AM%20142%20fol/31/HIGH_QUALITY_DISPLAY"/>
			<graphic mimeType="jpg" url="AM%20142%20fol/31/THUMBNAIL" width="194px" height="300px"/>
			<graphic mimeType="jpg" url="AM%20142%20fol/31/SECONDARY_DISPLAY" width="2609px" height="4032px"/>
			<graphic mimeType="pdf" url="AM%20142%20fol/31/WEB_DISPLAY"/>
		</surface>
		<surface xml:id="AM02-0142-0015r" n="32">
			<desc>0015r</desc>
			<graphic mimeType="pdf" url="AM%20142%20fol/32/HIGH_QUALITY_DISPLAY"/>
			<graphic mimeType="jpg" url="AM%20142%20fol/32/THUMBNAIL" width="194px" height="300px"/>
			<graphic mimeType="jpg" url="AM%20142%20fol/32/SECONDARY_DISPLAY" width="2609px" height="4032px"/>
			<graphic mimeType="pdf" url="AM%20142%20fol/32/WEB_DISPLAY"/>
		</surface>
		<surface xml:id="AM02-0142-0015v" n="33">
			<desc>0015v</desc>
			<graphic mimeType="pdf" url="AM%20142%20fol/33/HIGH_QUALITY_DISPLAY"/>
			<graphic mimeType="jpg" url="AM%20142%20fol/33/THUMBNAIL" width="194px" height="300px"/>
			<graphic mimeType="jpg" url="AM%20142%20fol/33/SECONDARY_DISPLAY" width="2609px" height="4032px"/>
			<graphic mimeType="pdf" url="AM%20142%20fol/33/WEB_DISPLAY"/>
		</surface>
		<surface xml:id="AM02-0142-0016r" n="34">
			<desc>0016r</desc>
			<graphic mimeType="pdf" url="AM%20142%20fol/34/HIGH_QUALITY_DISPLAY"/>
			<graphic mimeType="jpg" url="AM%20142%20fol/34/THUMBNAIL" width="194px" height="300px"/>
			<graphic mimeType="jpg" url="AM%20142%20fol/34/SECONDARY_DISPLAY" width="2609px" height="4032px"/>
			<graphic mimeType="pdf" url="AM%20142%20fol/34/WEB_DISPLAY"/>
		</surface>
		<surface xml:id="AM02-0142-0016v" n="35">
			<desc>0016v</desc>
			<graphic mimeType="pdf" url="AM%20142%20fol/35/HIGH_QUALITY_DISPLAY"/>
			<graphic mimeType="jpg" url="AM%20142%20fol/35/THUMBNAIL" width="194px" height="300px"/>
			<graphic mimeType="jpg" url="AM%20142%20fol/35/SECONDARY_DISPLAY" width="2609px" height="4032px"/>
			<graphic mimeType="pdf" url="AM%20142%20fol/35/WEB_DISPLAY"/>
		</surface>
		<surface xml:id="AM02-0142-0017r" n="36">
			<desc>0017r</desc>
			<graphic mimeType="pdf" url="AM%20142%20fol/36/HIGH_QUALITY_DISPLAY"/>
			<graphic mimeType="jpg" url="AM%20142%20fol/36/THUMBNAIL" width="194px" height="300px"/>
			<graphic mimeType="jpg" url="AM%20142%20fol/36/SECONDARY_DISPLAY" width="2609px" height="4032px"/>
			<graphic mimeType="pdf" url="AM%20142%20fol/36/WEB_DISPLAY"/>
		</surface>
		<surface xml:id="AM02-0142-0017v" n="37">
			<desc>0017v</desc>
			<graphic mimeType="pdf" url="AM%20142%20fol/37/HIGH_QUALITY_DISPLAY"/>
			<graphic mimeType="jpg" url="AM%20142%20fol/37/THUMBNAIL" width="194px" height="300px"/>
			<graphic mimeType="jpg" url="AM%20142%20fol/37/SECONDARY_DISPLAY" width="2609px" height="4032px"/>
			<graphic mimeType="pdf" url="AM%20142%20fol/37/WEB_DISPLAY"/>
		</surface>
		<surface xml:id="AM02-0142-0018r" n="38">
			<desc>0018r</desc>
			<graphic mimeType="pdf" url="AM%20142%20fol/38/HIGH_QUALITY_DISPLAY"/>
			<graphic mimeType="jpg" url="AM%20142%20fol/38/THUMBNAIL" width="194px" height="300px"/>
			<graphic mimeType="jpg" url="AM%20142%20fol/38/SECONDARY_DISPLAY" width="2609px" height="4032px"/>
			<graphic mimeType="pdf" url="AM%20142%20fol/38/WEB_DISPLAY"/>
		</surface>
		<surface xml:id="AM02-0142-0018v" n="39">
			<desc>0018v</desc>
			<graphic mimeType="pdf" url="AM%20142%20fol/39/HIGH_QUALITY_DISPLAY"/>
			<graphic mimeType="jpg" url="AM%20142%20fol/39/THUMBNAIL" width="194px" height="300px"/>
			<graphic mimeType="jpg" url="AM%20142%20fol/39/SECONDARY_DISPLAY" width="2609px" height="4032px"/>
			<graphic mimeType="pdf" url="AM%20142%20fol/39/WEB_DISPLAY"/>
		</surface>
		<surface xml:id="AM02-0142-0019r" n="40">
			<desc>0019r</desc>
			<graphic mimeType="pdf" url="AM%20142%20fol/40/HIGH_QUALITY_DISPLAY"/>
			<graphic mimeType="jpg" url="AM%20142%20fol/40/THUMBNAIL" width="194px" height="300px"/>
			<graphic mimeType="jpg" url="AM%20142%20fol/40/SECONDARY_DISPLAY" width="2609px" height="4032px"/>
			<graphic mimeType="pdf" url="AM%20142%20fol/40/WEB_DISPLAY"/>
		</surface>
		<surface xml:id="AM02-0142-0019v" n="41">
			<desc>0019v</desc>
			<graphic mimeType="pdf" url="AM%20142%20fol/41/HIGH_QUALITY_DISPLAY"/>
			<graphic mimeType="jpg" url="AM%20142%20fol/41/THUMBNAIL" width="194px" height="300px"/>
			<graphic mimeType="jpg" url="AM%20142%20fol/41/SECONDARY_DISPLAY" width="2609px" height="4032px"/>
			<graphic mimeType="pdf" url="AM%20142%20fol/41/WEB_DISPLAY"/>
		</surface>
		<surface xml:id="AM02-0142-0020r" n="42">
			<desc>0020r</desc>
			<graphic mimeType="pdf" url="AM%20142%20fol/42/HIGH_QUALITY_DISPLAY"/>
			<graphic mimeType="jpg" url="AM%20142%20fol/42/THUMBNAIL" width="194px" height="300px"/>
			<graphic mimeType="jpg" url="AM%20142%20fol/42/SECONDARY_DISPLAY" width="2609px" height="4032px"/>
			<graphic mimeType="pdf" url="AM%20142%20fol/42/WEB_DISPLAY"/>
		</surface>
		<surface xml:id="AM02-0142-0020v" n="43">
			<desc>0020v</desc>
			<graphic mimeType="pdf" url="AM%20142%20fol/43/HIGH_QUALITY_DISPLAY"/>
			<graphic mimeType="jpg" url="AM%20142%20fol/43/THUMBNAIL" width="194px" height="300px"/>
			<graphic mimeType="jpg" url="AM%20142%20fol/43/SECONDARY_DISPLAY" width="2609px" height="4032px"/>
			<graphic mimeType="pdf" url="AM%20142%20fol/43/WEB_DISPLAY"/>
		</surface>
		<surface xml:id="AM02-0142-0021r" n="44">
			<desc>0021r</desc>
			<graphic mimeType="pdf" url="AM%20142%20fol/44/HIGH_QUALITY_DISPLAY"/>
			<graphic mimeType="jpg" url="AM%20142%20fol/44/THUMBNAIL" width="194px" height="300px"/>
			<graphic mimeType="jpg" url="AM%20142%20fol/44/SECONDARY_DISPLAY" width="2609px" height="4032px"/>
			<graphic mimeType="pdf" url="AM%20142%20fol/44/WEB_DISPLAY"/>
		</surface>
		<surface xml:id="AM02-0142-0021v" n="45">
			<desc>0021v</desc>
			<graphic mimeType="pdf" url="AM%20142%20fol/45/HIGH_QUALITY_DISPLAY"/>
			<graphic mimeType="jpg" url="AM%20142%20fol/45/THUMBNAIL" width="194px" height="300px"/>
			<graphic mimeType="jpg" url="AM%20142%20fol/45/SECONDARY_DISPLAY" width="2609px" height="4032px"/>
			<graphic mimeType="pdf" url="AM%20142%20fol/45/WEB_DISPLAY"/>
		</surface>
		<surface xml:id="AM02-0142-0022r" n="46">
			<desc>0022r</desc>
			<graphic mimeType="pdf" url="AM%20142%20fol/46/HIGH_QUALITY_DISPLAY"/>
			<graphic mimeType="jpg" url="AM%20142%20fol/46/THUMBNAIL" width="194px" height="300px"/>
			<graphic mimeType="jpg" url="AM%20142%20fol/46/SECONDARY_DISPLAY" width="2609px" height="4032px"/>
			<graphic mimeType="pdf" url="AM%20142%20fol/46/WEB_DISPLAY"/>
		</surface>
		<surface xml:id="AM02-0142-0022v" n="47">
			<desc>0022v</desc>
			<graphic mimeType="pdf" url="AM%20142%20fol/47/HIGH_QUALITY_DISPLAY"/>
			<graphic mimeType="jpg" url="AM%20142%20fol/47/THUMBNAIL" width="194px" height="300px"/>
			<graphic mimeType="jpg" url="AM%20142%20fol/47/SECONDARY_DISPLAY" width="2609px" height="4032px"/>
			<graphic mimeType="pdf" url="AM%20142%20fol/47/WEB_DISPLAY"/>
		</surface>
		<surface xml:id="AM02-0142-0023r" n="48">
			<desc>0023r</desc>
			<graphic mimeType="pdf" url="AM%20142%20fol/48/HIGH_QUALITY_DISPLAY"/>
			<graphic mimeType="jpg" url="AM%20142%20fol/48/THUMBNAIL" width="194px" height="300px"/>
			<graphic mimeType="jpg" url="AM%20142%20fol/48/SECONDARY_DISPLAY" width="2609px" height="4032px"/>
			<graphic mimeType="pdf" url="AM%20142%20fol/48/WEB_DISPLAY"/>
		</surface>
		<surface xml:id="AM02-0142-0023v" n="49">
			<desc>0023v</desc>
			<graphic mimeType="pdf" url="AM%20142%20fol/49/HIGH_QUALITY_DISPLAY"/>
			<graphic mimeType="jpg" url="AM%20142%20fol/49/THUMBNAIL" width="194px" height="300px"/>
			<graphic mimeType="jpg" url="AM%20142%20fol/49/SECONDARY_DISPLAY" width="2609px" height="4032px"/>
			<graphic mimeType="pdf" url="AM%20142%20fol/49/WEB_DISPLAY"/>
		</surface>
		<surface xml:id="AM02-0142-0024r" n="50">
			<desc>0024r</desc>
			<graphic mimeType="pdf" url="AM%20142%20fol/50/HIGH_QUALITY_DISPLAY"/>
			<graphic mimeType="jpg" url="AM%20142%20fol/50/THUMBNAIL" width="194px" height="300px"/>
			<graphic mimeType="jpg" url="AM%20142%20fol/50/SECONDARY_DISPLAY" width="2609px" height="4032px"/>
			<graphic mimeType="pdf" url="AM%20142%20fol/50/WEB_DISPLAY"/>
		</surface>
		<surface xml:id="AM02-0142-0024v" n="51">
			<desc>0024v</desc>
			<graphic mimeType="pdf" url="AM%20142%20fol/51/HIGH_QUALITY_DISPLAY"/>
			<graphic mimeType="jpg" url="AM%20142%20fol/51/THUMBNAIL" width="194px" height="300px"/>
			<graphic mimeType="jpg" url="AM%20142%20fol/51/SECONDARY_DISPLAY" width="2609px" height="4032px"/>
			<graphic mimeType="pdf" url="AM%20142%20fol/51/WEB_DISPLAY"/>
		</surface>
		<surface xml:id="AM02-0142-0025r" n="52">
			<desc>0025r</desc>
			<graphic mimeType="pdf" url="AM%20142%20fol/52/HIGH_QUALITY_DISPLAY"/>
			<graphic mimeType="jpg" url="AM%20142%20fol/52/THUMBNAIL" width="194px" height="300px"/>
			<graphic mimeType="jpg" url="AM%20142%20fol/52/SECONDARY_DISPLAY" width="2609px" height="4032px"/>
			<graphic mimeType="pdf" url="AM%20142%20fol/52/WEB_DISPLAY"/>
		</surface>
		<surface xml:id="AM02-0142-0025v" n="53">
			<desc>0025v</desc>
			<graphic mimeType="pdf" url="AM%20142%20fol/53/HIGH_QUALITY_DISPLAY"/>
			<graphic mimeType="jpg" url="AM%20142%20fol/53/THUMBNAIL" width="194px" height="300px"/>
			<graphic mimeType="jpg" url="AM%20142%20fol/53/SECONDARY_DISPLAY" width="2609px" height="4032px"/>
			<graphic mimeType="pdf" url="AM%20142%20fol/53/WEB_DISPLAY"/>
		</surface>
		<surface xml:id="AM02-0142-0026r" n="54">
			<desc>0026r</desc>
			<graphic mimeType="pdf" url="AM%20142%20fol/54/HIGH_QUALITY_DISPLAY"/>
			<graphic mimeType="jpg" url="AM%20142%20fol/54/THUMBNAIL" width="194px" height="300px"/>
			<graphic mimeType="jpg" url="AM%20142%20fol/54/SECONDARY_DISPLAY" width="2609px" height="4032px"/>
			<graphic mimeType="pdf" url="AM%20142%20fol/54/WEB_DISPLAY"/>
		</surface>
		<surface xml:id="AM02-0142-0026v" n="55">
			<desc>0026v</desc>
			<graphic mimeType="pdf" url="AM%20142%20fol/55/HIGH_QUALITY_DISPLAY"/>
			<graphic mimeType="jpg" url="AM%20142%20fol/55/THUMBNAIL" width="194px" height="300px"/>
			<graphic mimeType="jpg" url="AM%20142%20fol/55/SECONDARY_DISPLAY" width="2609px" height="4032px"/>
			<graphic mimeType="pdf" url="AM%20142%20fol/55/WEB_DISPLAY"/>
		</surface>
		<surface xml:id="AM02-0142-0027r" n="56">
			<desc>0027r</desc>
			<graphic mimeType="pdf" url="AM%20142%20fol/56/HIGH_QUALITY_DISPLAY"/>
			<graphic mimeType="jpg" url="AM%20142%20fol/56/THUMBNAIL" width="194px" height="300px"/>
			<graphic mimeType="jpg" url="AM%20142%20fol/56/SECONDARY_DISPLAY" width="2609px" height="4032px"/>
			<graphic mimeType="pdf" url="AM%20142%20fol/56/WEB_DISPLAY"/>
		</surface>
		<surface xml:id="AM02-0142-0027v" n="57">
			<desc>0027v</desc>
			<graphic mimeType="pdf" url="AM%20142%20fol/57/HIGH_QUALITY_DISPLAY"/>
			<graphic mimeType="jpg" url="AM%20142%20fol/57/THUMBNAIL" width="194px" height="300px"/>
			<graphic mimeType="jpg" url="AM%20142%20fol/57/SECONDARY_DISPLAY" width="2609px" height="4032px"/>
			<graphic mimeType="pdf" url="AM%20142%20fol/57/WEB_DISPLAY"/>
		</surface>
		<surface xml:id="AM02-0142-0028r" n="58">
			<desc>0028r</desc>
			<graphic mimeType="pdf" url="AM%20142%20fol/58/HIGH_QUALITY_DISPLAY"/>
			<graphic mimeType="jpg" url="AM%20142%20fol/58/THUMBNAIL" width="194px" height="300px"/>
			<graphic mimeType="jpg" url="AM%20142%20fol/58/SECONDARY_DISPLAY" width="2609px" height="4032px"/>
			<graphic mimeType="pdf" url="AM%20142%20fol/58/WEB_DISPLAY"/>
		</surface>
		<surface xml:id="AM02-0142-0028v" n="59">
			<desc>0028v</desc>
			<graphic mimeType="pdf" url="AM%20142%20fol/59/HIGH_QUALITY_DISPLAY"/>
			<graphic mimeType="jpg" url="AM%20142%20fol/59/THUMBNAIL" width="194px" height="300px"/>
			<graphic mimeType="jpg" url="AM%20142%20fol/59/SECONDARY_DISPLAY" width="2609px" height="4032px"/>
			<graphic mimeType="pdf" url="AM%20142%20fol/59/WEB_DISPLAY"/>
		</surface>
		<surface xml:id="AM02-0142-0029r" n="60">
			<desc>0029r</desc>
			<graphic mimeType="pdf" url="AM%20142%20fol/60/HIGH_QUALITY_DISPLAY"/>
			<graphic mimeType="jpg" url="AM%20142%20fol/60/THUMBNAIL" width="194px" height="300px"/>
			<graphic mimeType="jpg" url="AM%20142%20fol/60/SECONDARY_DISPLAY" width="2609px" height="4032px"/>
			<graphic mimeType="pdf" url="AM%20142%20fol/60/WEB_DISPLAY"/>
		</surface>
		<surface xml:id="AM02-0142-0029v" n="61">
			<desc>0029v</desc>
			<graphic mimeType="pdf" url="AM%20142%20fol/61/HIGH_QUALITY_DISPLAY"/>
			<graphic mimeType="jpg" url="AM%20142%20fol/61/THUMBNAIL" width="194px" height="300px"/>
			<graphic mimeType="jpg" url="AM%20142%20fol/61/SECONDARY_DISPLAY" width="2609px" height="4032px"/>
			<graphic mimeType="pdf" url="AM%20142%20fol/61/WEB_DISPLAY"/>
		</surface>
		<surface xml:id="AM02-0142-0030r" n="62">
			<desc>0030r</desc>
			<graphic mimeType="pdf" url="AM%20142%20fol/62/HIGH_QUALITY_DISPLAY"/>
			<graphic mimeType="jpg" url="AM%20142%20fol/62/THUMBNAIL" width="194px" height="300px"/>
			<graphic mimeType="jpg" url="AM%20142%20fol/62/SECONDARY_DISPLAY" width="2609px" height="4032px"/>
			<graphic mimeType="pdf" url="AM%20142%20fol/62/WEB_DISPLAY"/>
		</surface>
		<surface xml:id="AM02-0142-0030v" n="63">
			<desc>0030v</desc>
			<graphic mimeType="pdf" url="AM%20142%20fol/63/HIGH_QUALITY_DISPLAY"/>
			<graphic mimeType="jpg" url="AM%20142%20fol/63/THUMBNAIL" width="194px" height="300px"/>
			<graphic mimeType="jpg" url="AM%20142%20fol/63/SECONDARY_DISPLAY" width="2609px" height="4032px"/>
			<graphic mimeType="pdf" url="AM%20142%20fol/63/WEB_DISPLAY"/>
		</surface>
		<surface xml:id="AM02-0142-0031r" n="64">
			<desc>0031r</desc>
			<graphic mimeType="pdf" url="AM%20142%20fol/64/HIGH_QUALITY_DISPLAY"/>
			<graphic mimeType="jpg" url="AM%20142%20fol/64/THUMBNAIL" width="194px" height="300px"/>
			<graphic mimeType="jpg" url="AM%20142%20fol/64/SECONDARY_DISPLAY" width="2609px" height="4032px"/>
			<graphic mimeType="pdf" url="AM%20142%20fol/64/WEB_DISPLAY"/>
		</surface>
		<surface xml:id="AM02-0142-0031v" n="65">
			<desc>0031v</desc>
			<graphic mimeType="pdf" url="AM%20142%20fol/65/HIGH_QUALITY_DISPLAY"/>
			<graphic mimeType="jpg" url="AM%20142%20fol/65/THUMBNAIL" width="194px" height="300px"/>
			<graphic mimeType="jpg" url="AM%20142%20fol/65/SECONDARY_DISPLAY" width="2609px" height="4032px"/>
			<graphic mimeType="pdf" url="AM%20142%20fol/65/WEB_DISPLAY"/>
		</surface>
		<surface xml:id="AM02-0142-0032r" n="66">
			<desc>0032r</desc>
			<graphic mimeType="pdf" url="AM%20142%20fol/66/HIGH_QUALITY_DISPLAY"/>
			<graphic mimeType="jpg" url="AM%20142%20fol/66/THUMBNAIL" width="194px" height="300px"/>
			<graphic mimeType="jpg" url="AM%20142%20fol/66/SECONDARY_DISPLAY" width="2609px" height="4032px"/>
			<graphic mimeType="pdf" url="AM%20142%20fol/66/WEB_DISPLAY"/>
		</surface>
		<surface xml:id="AM02-0142-0032v" n="67">
			<desc>0032v</desc>
			<graphic mimeType="pdf" url="AM%20142%20fol/67/HIGH_QUALITY_DISPLAY"/>
			<graphic mimeType="jpg" url="AM%20142%20fol/67/THUMBNAIL" width="193px" height="300px"/>
			<graphic mimeType="jpg" url="AM%20142%20fol/67/SECONDARY_DISPLAY" width="2621px" height="4068px"/>
			<graphic mimeType="pdf" url="AM%20142%20fol/67/WEB_DISPLAY"/>
		</surface>
		<surface xml:id="AM02-0142-0033r" n="68">
			<desc>0033r</desc>
			<graphic mimeType="pdf" url="AM%20142%20fol/68/HIGH_QUALITY_DISPLAY"/>
			<graphic mimeType="jpg" url="AM%20142%20fol/68/THUMBNAIL" width="193px" height="300px"/>
			<graphic mimeType="jpg" url="AM%20142%20fol/68/SECONDARY_DISPLAY" width="2621px" height="4068px"/>
			<graphic mimeType="pdf" url="AM%20142%20fol/68/WEB_DISPLAY"/>
		</surface>
		<surface xml:id="AM02-0142-0033v" n="69">
			<desc>0033v</desc>
			<graphic mimeType="pdf" url="AM%20142%20fol/69/HIGH_QUALITY_DISPLAY"/>
			<graphic mimeType="jpg" url="AM%20142%20fol/69/THUMBNAIL" width="193px" height="300px"/>
			<graphic mimeType="jpg" url="AM%20142%20fol/69/SECONDARY_DISPLAY" width="2621px" height="4068px"/>
			<graphic mimeType="pdf" url="AM%20142%20fol/69/WEB_DISPLAY"/>
		</surface>
		<surface xml:id="AM02-0142-0034r" n="70">
			<desc>0034r</desc>
			<graphic mimeType="pdf" url="AM%20142%20fol/70/HIGH_QUALITY_DISPLAY"/>
			<graphic mimeType="jpg" url="AM%20142%20fol/70/THUMBNAIL" width="193px" height="300px"/>
			<graphic mimeType="jpg" url="AM%20142%20fol/70/SECONDARY_DISPLAY" width="2621px" height="4068px"/>
			<graphic mimeType="pdf" url="AM%20142%20fol/70/WEB_DISPLAY"/>
		</surface>
		<surface xml:id="AM02-0142-0034v" n="71">
			<desc>0034v</desc>
			<graphic mimeType="pdf" url="AM%20142%20fol/71/HIGH_QUALITY_DISPLAY"/>
			<graphic mimeType="jpg" url="AM%20142%20fol/71/THUMBNAIL" width="193px" height="300px"/>
			<graphic mimeType="jpg" url="AM%20142%20fol/71/SECONDARY_DISPLAY" width="2621px" height="4068px"/>
			<graphic mimeType="pdf" url="AM%20142%20fol/71/WEB_DISPLAY"/>
		</surface>
		<surface xml:id="AM02-0142-0035r" n="72">
			<desc>0035r</desc>
			<graphic mimeType="pdf" url="AM%20142%20fol/72/HIGH_QUALITY_DISPLAY"/>
			<graphic mimeType="jpg" url="AM%20142%20fol/72/THUMBNAIL" width="193px" height="300px"/>
			<graphic mimeType="jpg" url="AM%20142%20fol/72/SECONDARY_DISPLAY" width="2621px" height="4068px"/>
			<graphic mimeType="pdf" url="AM%20142%20fol/72/WEB_DISPLAY"/>
		</surface>
		<surface xml:id="AM02-0142-0035v" n="73">
			<desc>0035v</desc>
			<graphic mimeType="pdf" url="AM%20142%20fol/73/HIGH_QUALITY_DISPLAY"/>
			<graphic mimeType="jpg" url="AM%20142%20fol/73/THUMBNAIL" width="192px" height="300px"/>
			<graphic mimeType="jpg" url="AM%20142%20fol/73/SECONDARY_DISPLAY" width="2621px" height="4092px"/>
			<graphic mimeType="pdf" url="AM%20142%20fol/73/WEB_DISPLAY"/>
		</surface>
		<surface xml:id="AM02-0142-0036r" n="74">
			<desc>0036r</desc>
			<graphic mimeType="pdf" url="AM%20142%20fol/74/HIGH_QUALITY_DISPLAY"/>
			<graphic mimeType="jpg" url="AM%20142%20fol/74/THUMBNAIL" width="192px" height="300px"/>
			<graphic mimeType="jpg" url="AM%20142%20fol/74/SECONDARY_DISPLAY" width="2621px" height="4092px"/>
			<graphic mimeType="pdf" url="AM%20142%20fol/74/WEB_DISPLAY"/>
		</surface>
		<surface xml:id="AM02-0142-0036v" n="75">
			<desc>0036v</desc>
			<graphic mimeType="pdf" url="AM%20142%20fol/75/HIGH_QUALITY_DISPLAY"/>
			<graphic mimeType="jpg" url="AM%20142%20fol/75/THUMBNAIL" width="192px" height="300px"/>
			<graphic mimeType="jpg" url="AM%20142%20fol/75/SECONDARY_DISPLAY" width="2621px" height="4092px"/>
			<graphic mimeType="pdf" url="AM%20142%20fol/75/WEB_DISPLAY"/>
		</surface>
		<surface xml:id="AM02-0142-0037r" n="76">
			<desc>0037r</desc>
			<graphic mimeType="pdf" url="AM%20142%20fol/76/HIGH_QUALITY_DISPLAY"/>
			<graphic mimeType="jpg" url="AM%20142%20fol/76/THUMBNAIL" width="192px" height="300px"/>
			<graphic mimeType="jpg" url="AM%20142%20fol/76/SECONDARY_DISPLAY" width="2621px" height="4092px"/>
			<graphic mimeType="pdf" url="AM%20142%20fol/76/WEB_DISPLAY"/>
		</surface>
		<surface xml:id="AM02-0142-0037v" n="77">
			<desc>0037v</desc>
			<graphic mimeType="pdf" url="AM%20142%20fol/77/HIGH_QUALITY_DISPLAY"/>
			<graphic mimeType="jpg" url="AM%20142%20fol/77/THUMBNAIL" width="192px" height="300px"/>
			<graphic mimeType="jpg" url="AM%20142%20fol/77/SECONDARY_DISPLAY" width="2621px" height="4092px"/>
			<graphic mimeType="pdf" url="AM%20142%20fol/77/WEB_DISPLAY"/>
		</surface>
		<surface xml:id="AM02-0142-0038r" n="78">
			<desc>0038r</desc>
			<graphic mimeType="pdf" url="AM%20142%20fol/78/HIGH_QUALITY_DISPLAY"/>
			<graphic mimeType="jpg" url="AM%20142%20fol/78/THUMBNAIL" width="192px" height="300px"/>
			<graphic mimeType="jpg" url="AM%20142%20fol/78/SECONDARY_DISPLAY" width="2621px" height="4092px"/>
			<graphic mimeType="pdf" url="AM%20142%20fol/78/WEB_DISPLAY"/>
		</surface>
		<surface xml:id="AM02-0142-0038v" n="79">
			<desc>0038v</desc>
			<graphic mimeType="pdf" url="AM%20142%20fol/79/HIGH_QUALITY_DISPLAY"/>
			<graphic mimeType="jpg" url="AM%20142%20fol/79/THUMBNAIL" width="192px" height="300px"/>
			<graphic mimeType="jpg" url="AM%20142%20fol/79/SECONDARY_DISPLAY" width="2621px" height="4092px"/>
			<graphic mimeType="pdf" url="AM%20142%20fol/79/WEB_DISPLAY"/>
		</surface>
		<surface xml:id="AM02-0142-0039r" n="80">
			<desc>0039r</desc>
			<graphic mimeType="pdf" url="AM%20142%20fol/80/HIGH_QUALITY_DISPLAY"/>
			<graphic mimeType="jpg" url="AM%20142%20fol/80/THUMBNAIL" width="192px" height="300px"/>
			<graphic mimeType="jpg" url="AM%20142%20fol/80/SECONDARY_DISPLAY" width="2621px" height="4092px"/>
			<graphic mimeType="pdf" url="AM%20142%20fol/80/WEB_DISPLAY"/>
		</surface>
		<surface xml:id="AM02-0142-0039v" n="81">
			<desc>0039v</desc>
			<graphic mimeType="pdf" url="AM%20142%20fol/81/HIGH_QUALITY_DISPLAY"/>
			<graphic mimeType="jpg" url="AM%20142%20fol/81/THUMBNAIL" width="192px" height="300px"/>
			<graphic mimeType="jpg" url="AM%20142%20fol/81/SECONDARY_DISPLAY" width="2621px" height="4092px"/>
			<graphic mimeType="pdf" url="AM%20142%20fol/81/WEB_DISPLAY"/>
		</surface>
		<surface xml:id="AM02-0142-0040r" n="82">
			<desc>0040r</desc>
			<graphic mimeType="pdf" url="AM%20142%20fol/82/HIGH_QUALITY_DISPLAY"/>
			<graphic mimeType="jpg" url="AM%20142%20fol/82/THUMBNAIL" width="192px" height="300px"/>
			<graphic mimeType="jpg" url="AM%20142%20fol/82/SECONDARY_DISPLAY" width="2621px" height="4092px"/>
			<graphic mimeType="pdf" url="AM%20142%20fol/82/WEB_DISPLAY"/>
		</surface>
		<surface xml:id="AM02-0142-0040v" n="83">
			<desc>0040v</desc>
			<graphic mimeType="pdf" url="AM%20142%20fol/83/HIGH_QUALITY_DISPLAY"/>
			<graphic mimeType="jpg" url="AM%20142%20fol/83/THUMBNAIL" width="192px" height="300px"/>
			<graphic mimeType="jpg" url="AM%20142%20fol/83/SECONDARY_DISPLAY" width="2621px" height="4092px"/>
			<graphic mimeType="pdf" url="AM%20142%20fol/83/WEB_DISPLAY"/>
		</surface>
		<surface xml:id="AM02-0142-0041r" n="84">
			<desc>0041r</desc>
			<graphic mimeType="pdf" url="AM%20142%20fol/84/HIGH_QUALITY_DISPLAY"/>
			<graphic mimeType="jpg" url="AM%20142%20fol/84/THUMBNAIL" width="192px" height="300px"/>
			<graphic mimeType="jpg" url="AM%20142%20fol/84/SECONDARY_DISPLAY" width="2621px" height="4092px"/>
			<graphic mimeType="pdf" url="AM%20142%20fol/84/WEB_DISPLAY"/>
		</surface>
		<surface xml:id="AM02-0142-0041v" n="85">
			<desc>0041v</desc>
			<graphic mimeType="pdf" url="AM%20142%20fol/85/HIGH_QUALITY_DISPLAY"/>
			<graphic mimeType="jpg" url="AM%20142%20fol/85/THUMBNAIL" width="192px" height="300px"/>
			<graphic mimeType="jpg" url="AM%20142%20fol/85/SECONDARY_DISPLAY" width="2621px" height="4092px"/>
			<graphic mimeType="pdf" url="AM%20142%20fol/85/WEB_DISPLAY"/>
		</surface>
		<surface xml:id="AM02-0142-0042r" n="86">
			<desc>0042r</desc>
			<graphic mimeType="pdf" url="AM%20142%20fol/86/HIGH_QUALITY_DISPLAY"/>
			<graphic mimeType="jpg" url="AM%20142%20fol/86/THUMBNAIL" width="192px" height="300px"/>
			<graphic mimeType="jpg" url="AM%20142%20fol/86/SECONDARY_DISPLAY" width="2621px" height="4092px"/>
			<graphic mimeType="pdf" url="AM%20142%20fol/86/WEB_DISPLAY"/>
		</surface>
		<surface xml:id="AM02-0142-0042v" n="87">
			<desc>0042v</desc>
			<graphic mimeType="pdf" url="AM%20142%20fol/87/HIGH_QUALITY_DISPLAY"/>
			<graphic mimeType="jpg" url="AM%20142%20fol/87/THUMBNAIL" width="192px" height="300px"/>
			<graphic mimeType="jpg" url="AM%20142%20fol/87/SECONDARY_DISPLAY" width="2621px" height="4092px"/>
			<graphic mimeType="pdf" url="AM%20142%20fol/87/WEB_DISPLAY"/>
		</surface>
		<surface xml:id="AM02-0142-0043r" n="88">
			<desc>0043r</desc>
			<graphic mimeType="pdf" url="AM%20142%20fol/88/HIGH_QUALITY_DISPLAY"/>
			<graphic mimeType="jpg" url="AM%20142%20fol/88/THUMBNAIL" width="192px" height="300px"/>
			<graphic mimeType="jpg" url="AM%20142%20fol/88/SECONDARY_DISPLAY" width="2621px" height="4092px"/>
			<graphic mimeType="pdf" url="AM%20142%20fol/88/WEB_DISPLAY"/>
		</surface>
		<surface xml:id="AM02-0142-0043v" n="89">
			<desc>0043v</desc>
			<graphic mimeType="pdf" url="AM%20142%20fol/89/HIGH_QUALITY_DISPLAY"/>
			<graphic mimeType="jpg" url="AM%20142%20fol/89/THUMBNAIL" width="192px" height="300px"/>
			<graphic mimeType="jpg" url="AM%20142%20fol/89/SECONDARY_DISPLAY" width="2621px" height="4092px"/>
			<graphic mimeType="pdf" url="AM%20142%20fol/89/WEB_DISPLAY"/>
		</surface>
		<surface xml:id="AM02-0142-0044r" n="90">
			<desc>0044r</desc>
			<graphic mimeType="pdf" url="AM%20142%20fol/90/HIGH_QUALITY_DISPLAY"/>
			<graphic mimeType="jpg" url="AM%20142%20fol/90/THUMBNAIL" width="192px" height="300px"/>
			<graphic mimeType="jpg" url="AM%20142%20fol/90/SECONDARY_DISPLAY" width="2621px" height="4092px"/>
			<graphic mimeType="pdf" url="AM%20142%20fol/90/WEB_DISPLAY"/>
		</surface>
		<surface xml:id="AM02-0142-0044v" n="91">
			<desc>0044v</desc>
			<graphic mimeType="pdf" url="AM%20142%20fol/91/HIGH_QUALITY_DISPLAY"/>
			<graphic mimeType="jpg" url="AM%20142%20fol/91/THUMBNAIL" width="192px" height="300px"/>
			<graphic mimeType="jpg" url="AM%20142%20fol/91/SECONDARY_DISPLAY" width="2621px" height="4092px"/>
			<graphic mimeType="pdf" url="AM%20142%20fol/91/WEB_DISPLAY"/>
		</surface>
		<surface xml:id="AM02-0142-0045r" n="92">
			<desc>0045r</desc>
			<graphic mimeType="pdf" url="AM%20142%20fol/92/HIGH_QUALITY_DISPLAY"/>
			<graphic mimeType="jpg" url="AM%20142%20fol/92/THUMBNAIL" width="192px" height="300px"/>
			<graphic mimeType="jpg" url="AM%20142%20fol/92/SECONDARY_DISPLAY" width="2621px" height="4092px"/>
			<graphic mimeType="pdf" url="AM%20142%20fol/92/WEB_DISPLAY"/>
		</surface>
		<surface xml:id="AM02-0142-0045v" n="93">
			<desc>0045v</desc>
			<graphic mimeType="pdf" url="AM%20142%20fol/93/HIGH_QUALITY_DISPLAY"/>
			<graphic mimeType="jpg" url="AM%20142%20fol/93/THUMBNAIL" width="192px" height="300px"/>
			<graphic mimeType="jpg" url="AM%20142%20fol/93/SECONDARY_DISPLAY" width="2621px" height="4092px"/>
			<graphic mimeType="pdf" url="AM%20142%20fol/93/WEB_DISPLAY"/>
		</surface>
		<surface xml:id="AM02-0142-0046r" n="94">
			<desc>0046r</desc>
			<graphic mimeType="pdf" url="AM%20142%20fol/94/HIGH_QUALITY_DISPLAY"/>
			<graphic mimeType="jpg" url="AM%20142%20fol/94/THUMBNAIL" width="192px" height="300px"/>
			<graphic mimeType="jpg" url="AM%20142%20fol/94/SECONDARY_DISPLAY" width="2621px" height="4092px"/>
			<graphic mimeType="pdf" url="AM%20142%20fol/94/WEB_DISPLAY"/>
		</surface>
		<surface xml:id="AM02-0142-0046v" n="95">
			<desc>0046v</desc>
			<graphic mimeType="pdf" url="AM%20142%20fol/95/HIGH_QUALITY_DISPLAY"/>
			<graphic mimeType="jpg" url="AM%20142%20fol/95/THUMBNAIL" width="192px" height="300px"/>
			<graphic mimeType="jpg" url="AM%20142%20fol/95/SECONDARY_DISPLAY" width="2621px" height="4092px"/>
			<graphic mimeType="pdf" url="AM%20142%20fol/95/WEB_DISPLAY"/>
		</surface>
		<surface xml:id="AM02-0142-0047r" n="96">
			<desc>0047r</desc>
			<graphic mimeType="pdf" url="AM%20142%20fol/96/HIGH_QUALITY_DISPLAY"/>
			<graphic mimeType="jpg" url="AM%20142%20fol/96/THUMBNAIL" width="192px" height="300px"/>
			<graphic mimeType="jpg" url="AM%20142%20fol/96/SECONDARY_DISPLAY" width="2621px" height="4092px"/>
			<graphic mimeType="pdf" url="AM%20142%20fol/96/WEB_DISPLAY"/>
		</surface>
		<surface xml:id="AM02-0142-0047v" n="97">
			<desc>0047v</desc>
			<graphic mimeType="pdf" url="AM%20142%20fol/97/HIGH_QUALITY_DISPLAY"/>
			<graphic mimeType="jpg" url="AM%20142%20fol/97/THUMBNAIL" width="192px" height="300px"/>
			<graphic mimeType="jpg" url="AM%20142%20fol/97/SECONDARY_DISPLAY" width="2621px" height="4092px"/>
			<graphic mimeType="pdf" url="AM%20142%20fol/97/WEB_DISPLAY"/>
		</surface>
		<surface xml:id="AM02-0142-0048r" n="98">
			<desc>0048r</desc>
			<graphic mimeType="pdf" url="AM%20142%20fol/98/HIGH_QUALITY_DISPLAY"/>
			<graphic mimeType="jpg" url="AM%20142%20fol/98/THUMBNAIL" width="192px" height="300px"/>
			<graphic mimeType="jpg" url="AM%20142%20fol/98/SECONDARY_DISPLAY" width="2621px" height="4092px"/>
			<graphic mimeType="pdf" url="AM%20142%20fol/98/WEB_DISPLAY"/>
		</surface>
		<surface xml:id="AM02-0142-0048v" n="99">
			<desc>0048v</desc>
			<graphic mimeType="pdf" url="AM%20142%20fol/99/HIGH_QUALITY_DISPLAY"/>
			<graphic mimeType="jpg" url="AM%20142%20fol/99/THUMBNAIL" width="192px" height="300px"/>
			<graphic mimeType="jpg" url="AM%20142%20fol/99/SECONDARY_DISPLAY" width="2621px" height="4092px"/>
			<graphic mimeType="pdf" url="AM%20142%20fol/99/WEB_DISPLAY"/>
		</surface>
		<surface xml:id="AM02-0142-0049r" n="100">
			<desc>0049r</desc>
			<graphic mimeType="pdf" url="AM%20142%20fol/100/HIGH_QUALITY_DISPLAY"/>
			<graphic mimeType="jpg" url="AM%20142%20fol/100/THUMBNAIL" width="192px" height="300px"/>
			<graphic mimeType="jpg" url="AM%20142%20fol/100/SECONDARY_DISPLAY" width="2621px" height="4092px"/>
			<graphic mimeType="pdf" url="AM%20142%20fol/100/WEB_DISPLAY"/>
		</surface>
		<surface xml:id="AM02-0142-0049v" n="101">
			<desc>0049v</desc>
			<graphic mimeType="pdf" url="AM%20142%20fol/101/HIGH_QUALITY_DISPLAY"/>
			<graphic mimeType="jpg" url="AM%20142%20fol/101/THUMBNAIL" width="192px" height="300px"/>
			<graphic mimeType="jpg" url="AM%20142%20fol/101/SECONDARY_DISPLAY" width="2621px" height="4092px"/>
			<graphic mimeType="pdf" url="AM%20142%20fol/101/WEB_DISPLAY"/>
		</surface>
		<surface xml:id="AM02-0142-0050r" n="102">
			<desc>0050r</desc>
			<graphic mimeType="pdf" url="AM%20142%20fol/102/HIGH_QUALITY_DISPLAY"/>
			<graphic mimeType="jpg" url="AM%20142%20fol/102/THUMBNAIL" width="192px" height="300px"/>
			<graphic mimeType="jpg" url="AM%20142%20fol/102/SECONDARY_DISPLAY" width="2621px" height="4092px"/>
			<graphic mimeType="pdf" url="AM%20142%20fol/102/WEB_DISPLAY"/>
		</surface>
		<surface xml:id="AM02-0142-0050v" n="103">
			<desc>0050v</desc>
			<graphic mimeType="pdf" url="AM%20142%20fol/103/HIGH_QUALITY_DISPLAY"/>
			<graphic mimeType="jpg" url="AM%20142%20fol/103/THUMBNAIL" width="192px" height="300px"/>
			<graphic mimeType="jpg" url="AM%20142%20fol/103/SECONDARY_DISPLAY" width="2621px" height="4092px"/>
			<graphic mimeType="pdf" url="AM%20142%20fol/103/WEB_DISPLAY"/>
		</surface>
		<surface xml:id="AM02-0142-0051r" n="104">
			<desc>0051r</desc>
			<graphic mimeType="pdf" url="AM%20142%20fol/104/HIGH_QUALITY_DISPLAY"/>
			<graphic mimeType="jpg" url="AM%20142%20fol/104/THUMBNAIL" width="192px" height="300px"/>
			<graphic mimeType="jpg" url="AM%20142%20fol/104/SECONDARY_DISPLAY" width="2621px" height="4092px"/>
			<graphic mimeType="pdf" url="AM%20142%20fol/104/WEB_DISPLAY"/>
		</surface>
		<surface xml:id="AM02-0142-0051v" n="105">
			<desc>0051v</desc>
			<graphic mimeType="pdf" url="AM%20142%20fol/105/HIGH_QUALITY_DISPLAY"/>
			<graphic mimeType="jpg" url="AM%20142%20fol/105/THUMBNAIL" width="192px" height="300px"/>
			<graphic mimeType="jpg" url="AM%20142%20fol/105/SECONDARY_DISPLAY" width="2621px" height="4092px"/>
			<graphic mimeType="pdf" url="AM%20142%20fol/105/WEB_DISPLAY"/>
		</surface>
		<surface xml:id="AM02-0142-0052r" n="106">
			<desc>0052r</desc>
			<graphic mimeType="pdf" url="AM%20142%20fol/106/HIGH_QUALITY_DISPLAY"/>
			<graphic mimeType="jpg" url="AM%20142%20fol/106/THUMBNAIL" width="192px" height="300px"/>
			<graphic mimeType="jpg" url="AM%20142%20fol/106/SECONDARY_DISPLAY" width="2621px" height="4092px"/>
			<graphic mimeType="pdf" url="AM%20142%20fol/106/WEB_DISPLAY"/>
		</surface>
		<surface xml:id="AM02-0142-0052v" n="107">
			<desc>0052v</desc>
			<graphic mimeType="pdf" url="AM%20142%20fol/107/HIGH_QUALITY_DISPLAY"/>
			<graphic mimeType="jpg" url="AM%20142%20fol/107/THUMBNAIL" width="192px" height="300px"/>
			<graphic mimeType="jpg" url="AM%20142%20fol/107/SECONDARY_DISPLAY" width="2621px" height="4092px"/>
			<graphic mimeType="pdf" url="AM%20142%20fol/107/WEB_DISPLAY"/>
		</surface>
		<surface xml:id="AM02-0142-0053r" n="108">
			<desc>0053r</desc>
			<graphic mimeType="pdf" url="AM%20142%20fol/108/HIGH_QUALITY_DISPLAY"/>
			<graphic mimeType="jpg" url="AM%20142%20fol/108/THUMBNAIL" width="192px" height="300px"/>
			<graphic mimeType="jpg" url="AM%20142%20fol/108/SECONDARY_DISPLAY" width="2621px" height="4092px"/>
			<graphic mimeType="pdf" url="AM%20142%20fol/108/WEB_DISPLAY"/>
		</surface>
		<surface xml:id="AM02-0142-0053v" n="109">
			<desc>0053v</desc>
			<graphic mimeType="pdf" url="AM%20142%20fol/109/HIGH_QUALITY_DISPLAY"/>
			<graphic mimeType="jpg" url="AM%20142%20fol/109/THUMBNAIL" width="192px" height="300px"/>
			<graphic mimeType="jpg" url="AM%20142%20fol/109/SECONDARY_DISPLAY" width="2621px" height="4092px"/>
			<graphic mimeType="pdf" url="AM%20142%20fol/109/WEB_DISPLAY"/>
		</surface>
		<surface xml:id="AM02-0142-0054r" n="110">
			<desc>0054r</desc>
			<graphic mimeType="pdf" url="AM%20142%20fol/110/HIGH_QUALITY_DISPLAY"/>
			<graphic mimeType="jpg" url="AM%20142%20fol/110/THUMBNAIL" width="192px" height="300px"/>
			<graphic mimeType="jpg" url="AM%20142%20fol/110/SECONDARY_DISPLAY" width="2621px" height="4092px"/>
			<graphic mimeType="pdf" url="AM%20142%20fol/110/WEB_DISPLAY"/>
		</surface>
		<surface xml:id="AM02-0142-0054v" n="111">
			<desc>0054v</desc>
			<graphic mimeType="pdf" url="AM%20142%20fol/111/HIGH_QUALITY_DISPLAY"/>
			<graphic mimeType="jpg" url="AM%20142%20fol/111/THUMBNAIL" width="192px" height="300px"/>
			<graphic mimeType="jpg" url="AM%20142%20fol/111/SECONDARY_DISPLAY" width="2621px" height="4092px"/>
			<graphic mimeType="pdf" url="AM%20142%20fol/111/WEB_DISPLAY"/>
		</surface>
		<surface xml:id="AM02-0142-0055r" n="112">
			<desc>0055r</desc>
			<graphic mimeType="pdf" url="AM%20142%20fol/112/HIGH_QUALITY_DISPLAY"/>
			<graphic mimeType="jpg" url="AM%20142%20fol/112/THUMBNAIL" width="192px" height="300px"/>
			<graphic mimeType="jpg" url="AM%20142%20fol/112/SECONDARY_DISPLAY" width="2621px" height="4092px"/>
			<graphic mimeType="pdf" url="AM%20142%20fol/112/WEB_DISPLAY"/>
		</surface>
		<surface xml:id="AM02-0142-0055v" n="113">
			<desc>0055v</desc>
			<graphic mimeType="pdf" url="AM%20142%20fol/113/HIGH_QUALITY_DISPLAY"/>
			<graphic mimeType="jpg" url="AM%20142%20fol/113/THUMBNAIL" width="192px" height="300px"/>
			<graphic mimeType="jpg" url="AM%20142%20fol/113/SECONDARY_DISPLAY" width="2621px" height="4092px"/>
			<graphic mimeType="pdf" url="AM%20142%20fol/113/WEB_DISPLAY"/>
		</surface>
		<surface xml:id="AM02-0142-0056r" n="114">
			<desc>0056r</desc>
			<graphic mimeType="pdf" url="AM%20142%20fol/114/HIGH_QUALITY_DISPLAY"/>
			<graphic mimeType="jpg" url="AM%20142%20fol/114/THUMBNAIL" width="192px" height="300px"/>
			<graphic mimeType="jpg" url="AM%20142%20fol/114/SECONDARY_DISPLAY" width="2621px" height="4092px"/>
			<graphic mimeType="pdf" url="AM%20142%20fol/114/WEB_DISPLAY"/>
		</surface>
		<surface xml:id="AM02-0142-0056v" n="115">
			<desc>0056v</desc>
			<graphic mimeType="pdf" url="AM%20142%20fol/115/HIGH_QUALITY_DISPLAY"/>
			<graphic mimeType="jpg" url="AM%20142%20fol/115/THUMBNAIL" width="192px" height="300px"/>
			<graphic mimeType="jpg" url="AM%20142%20fol/115/SECONDARY_DISPLAY" width="2621px" height="4092px"/>
			<graphic mimeType="pdf" url="AM%20142%20fol/115/WEB_DISPLAY"/>
		</surface>
		<surface xml:id="AM02-0142-0057r" n="116">
			<desc>0057r</desc>
			<graphic mimeType="pdf" url="AM%20142%20fol/116/HIGH_QUALITY_DISPLAY"/>
			<graphic mimeType="jpg" url="AM%20142%20fol/116/THUMBNAIL" width="192px" height="300px"/>
			<graphic mimeType="jpg" url="AM%20142%20fol/116/SECONDARY_DISPLAY" width="2621px" height="4092px"/>
			<graphic mimeType="pdf" url="AM%20142%20fol/116/WEB_DISPLAY"/>
		</surface>
		<surface xml:id="AM02-0142-0057v" n="117">
			<desc>0057v</desc>
			<graphic mimeType="pdf" url="AM%20142%20fol/117/HIGH_QUALITY_DISPLAY"/>
			<graphic mimeType="jpg" url="AM%20142%20fol/117/THUMBNAIL" width="192px" height="300px"/>
			<graphic mimeType="jpg" url="AM%20142%20fol/117/SECONDARY_DISPLAY" width="2621px" height="4092px"/>
			<graphic mimeType="pdf" url="AM%20142%20fol/117/WEB_DISPLAY"/>
		</surface>
		<surface xml:id="AM02-0142-0058r" n="118">
			<desc>0058r</desc>
			<graphic mimeType="pdf" url="AM%20142%20fol/118/HIGH_QUALITY_DISPLAY"/>
			<graphic mimeType="jpg" url="AM%20142%20fol/118/THUMBNAIL" width="192px" height="300px"/>
			<graphic mimeType="jpg" url="AM%20142%20fol/118/SECONDARY_DISPLAY" width="2621px" height="4092px"/>
			<graphic mimeType="pdf" url="AM%20142%20fol/118/WEB_DISPLAY"/>
		</surface>
		<surface xml:id="AM02-0142-0058v" n="119">
			<desc>0058v</desc>
			<graphic mimeType="pdf" url="AM%20142%20fol/119/HIGH_QUALITY_DISPLAY"/>
			<graphic mimeType="jpg" url="AM%20142%20fol/119/THUMBNAIL" width="192px" height="300px"/>
			<graphic mimeType="jpg" url="AM%20142%20fol/119/SECONDARY_DISPLAY" width="2621px" height="4092px"/>
			<graphic mimeType="pdf" url="AM%20142%20fol/119/WEB_DISPLAY"/>
		</surface>
		<surface xml:id="AM02-0142-0059r" n="120">
			<desc>0059r</desc>
			<graphic mimeType="pdf" url="AM%20142%20fol/120/HIGH_QUALITY_DISPLAY"/>
			<graphic mimeType="jpg" url="AM%20142%20fol/120/THUMBNAIL" width="192px" height="300px"/>
			<graphic mimeType="jpg" url="AM%20142%20fol/120/SECONDARY_DISPLAY" width="2621px" height="4092px"/>
			<graphic mimeType="pdf" url="AM%20142%20fol/120/WEB_DISPLAY"/>
		</surface>
		<surface xml:id="AM02-0142-0059v" n="121">
			<desc>0059v</desc>
			<graphic mimeType="pdf" url="AM%20142%20fol/121/HIGH_QUALITY_DISPLAY"/>
			<graphic mimeType="jpg" url="AM%20142%20fol/121/THUMBNAIL" width="192px" height="300px"/>
			<graphic mimeType="jpg" url="AM%20142%20fol/121/SECONDARY_DISPLAY" width="2621px" height="4092px"/>
			<graphic mimeType="pdf" url="AM%20142%20fol/121/WEB_DISPLAY"/>
		</surface>
		<surface xml:id="AM02-0142-0060r" n="122">
			<desc>0060r</desc>
			<graphic mimeType="pdf" url="AM%20142%20fol/122/HIGH_QUALITY_DISPLAY"/>
			<graphic mimeType="jpg" url="AM%20142%20fol/122/THUMBNAIL" width="192px" height="300px"/>
			<graphic mimeType="jpg" url="AM%20142%20fol/122/SECONDARY_DISPLAY" width="2621px" height="4092px"/>
			<graphic mimeType="pdf" url="AM%20142%20fol/122/WEB_DISPLAY"/>
		</surface>
		<surface xml:id="AM02-0142-0060v" n="123">
			<desc>0060v</desc>
			<graphic mimeType="pdf" url="AM%20142%20fol/123/HIGH_QUALITY_DISPLAY"/>
			<graphic mimeType="jpg" url="AM%20142%20fol/123/THUMBNAIL" width="192px" height="300px"/>
			<graphic mimeType="jpg" url="AM%20142%20fol/123/SECONDARY_DISPLAY" width="2621px" height="4092px"/>
			<graphic mimeType="pdf" url="AM%20142%20fol/123/WEB_DISPLAY"/>
		</surface>
		<surface xml:id="AM02-0142-0061r" n="124">
			<desc>0061r</desc>
			<graphic mimeType="pdf" url="AM%20142%20fol/124/HIGH_QUALITY_DISPLAY"/>
			<graphic mimeType="jpg" url="AM%20142%20fol/124/THUMBNAIL" width="192px" height="300px"/>
			<graphic mimeType="jpg" url="AM%20142%20fol/124/SECONDARY_DISPLAY" width="2621px" height="4092px"/>
			<graphic mimeType="pdf" url="AM%20142%20fol/124/WEB_DISPLAY"/>
		</surface>
		<surface xml:id="AM02-0142-0061v" n="125">
			<desc>0061v</desc>
			<graphic mimeType="pdf" url="AM%20142%20fol/125/HIGH_QUALITY_DISPLAY"/>
			<graphic mimeType="jpg" url="AM%20142%20fol/125/THUMBNAIL" width="192px" height="300px"/>
			<graphic mimeType="jpg" url="AM%20142%20fol/125/SECONDARY_DISPLAY" width="2621px" height="4092px"/>
			<graphic mimeType="pdf" url="AM%20142%20fol/125/WEB_DISPLAY"/>
		</surface>
		<surface xml:id="AM02-0142-0062r" n="126">
			<desc>0062r</desc>
			<graphic mimeType="pdf" url="AM%20142%20fol/126/HIGH_QUALITY_DISPLAY"/>
			<graphic mimeType="jpg" url="AM%20142%20fol/126/THUMBNAIL" width="192px" height="300px"/>
			<graphic mimeType="jpg" url="AM%20142%20fol/126/SECONDARY_DISPLAY" width="2621px" height="4092px"/>
			<graphic mimeType="pdf" url="AM%20142%20fol/126/WEB_DISPLAY"/>
		</surface>
		<surface xml:id="AM02-0142-0062v" n="127">
			<desc>0062v</desc>
			<graphic mimeType="pdf" url="AM%20142%20fol/127/HIGH_QUALITY_DISPLAY"/>
			<graphic mimeType="jpg" url="AM%20142%20fol/127/THUMBNAIL" width="192px" height="300px"/>
			<graphic mimeType="jpg" url="AM%20142%20fol/127/SECONDARY_DISPLAY" width="2621px" height="4092px"/>
			<graphic mimeType="pdf" url="AM%20142%20fol/127/WEB_DISPLAY"/>
		</surface>
		<surface xml:id="AM02-0142-0063r" n="128">
			<desc>0063r</desc>
			<graphic mimeType="pdf" url="AM%20142%20fol/128/HIGH_QUALITY_DISPLAY"/>
			<graphic mimeType="jpg" url="AM%20142%20fol/128/THUMBNAIL" width="192px" height="300px"/>
			<graphic mimeType="jpg" url="AM%20142%20fol/128/SECONDARY_DISPLAY" width="2621px" height="4092px"/>
			<graphic mimeType="pdf" url="AM%20142%20fol/128/WEB_DISPLAY"/>
		</surface>
		<surface xml:id="AM02-0142-0063v" n="129">
			<desc>0063v</desc>
			<graphic mimeType="pdf" url="AM%20142%20fol/129/HIGH_QUALITY_DISPLAY"/>
			<graphic mimeType="jpg" url="AM%20142%20fol/129/THUMBNAIL" width="192px" height="300px"/>
			<graphic mimeType="jpg" url="AM%20142%20fol/129/SECONDARY_DISPLAY" width="2621px" height="4092px"/>
			<graphic mimeType="pdf" url="AM%20142%20fol/129/WEB_DISPLAY"/>
		</surface>
		<surface xml:id="AM02-0142-0064r" n="130">
			<desc>0064r</desc>
			<graphic mimeType="pdf" url="AM%20142%20fol/130/HIGH_QUALITY_DISPLAY"/>
			<graphic mimeType="jpg" url="AM%20142%20fol/130/THUMBNAIL" width="192px" height="300px"/>
			<graphic mimeType="jpg" url="AM%20142%20fol/130/SECONDARY_DISPLAY" width="2621px" height="4092px"/>
			<graphic mimeType="pdf" url="AM%20142%20fol/130/WEB_DISPLAY"/>
		</surface>
		<surface xml:id="AM02-0142-0064v" n="131">
			<desc>0064v</desc>
			<graphic mimeType="pdf" url="AM%20142%20fol/131/HIGH_QUALITY_DISPLAY"/>
			<graphic mimeType="jpg" url="AM%20142%20fol/131/THUMBNAIL" width="192px" height="300px"/>
			<graphic mimeType="jpg" url="AM%20142%20fol/131/SECONDARY_DISPLAY" width="2621px" height="4092px"/>
			<graphic mimeType="pdf" url="AM%20142%20fol/131/WEB_DISPLAY"/>
		</surface>
		<surface xml:id="AM02-0142-9901r-RearFlyleaf" n="132">
			<desc>9901r-RearFlyleaf</desc>
			<graphic mimeType="pdf" url="AM%20142%20fol/132/HIGH_QUALITY_DISPLAY"/>
			<graphic mimeType="jpg" url="AM%20142%20fol/132/THUMBNAIL" width="192px" height="300px"/>
			<graphic mimeType="jpg" url="AM%20142%20fol/132/SECONDARY_DISPLAY" width="2621px" height="4092px"/>
			<graphic mimeType="pdf" url="AM%20142%20fol/132/WEB_DISPLAY"/>
		</surface>
		<surface xml:id="AM02-0142-9901v-RearFlyleaf" n="133">
			<desc>9901v-RearFlyleaf</desc>
			<graphic mimeType="pdf" url="AM%20142%20fol/133/HIGH_QUALITY_DISPLAY"/>
			<graphic mimeType="jpg" url="AM%20142%20fol/133/THUMBNAIL" width="192px" height="300px"/>
			<graphic mimeType="jpg" url="AM%20142%20fol/133/SECONDARY_DISPLAY" width="2621px" height="4092px"/>
			<graphic mimeType="pdf" url="AM%20142%20fol/133/WEB_DISPLAY"/>
		</surface>
		<surface xml:id="AM02-0142-9999r-RearBoard" n="134">
			<desc>9999r-RearBoard</desc>
			<graphic mimeType="pdf" url="AM%20142%20fol/134/HIGH_QUALITY_DISPLAY"/>
			<graphic mimeType="jpg" url="AM%20142%20fol/134/THUMBNAIL" width="192px" height="300px"/>
			<graphic mimeType="jpg" url="AM%20142%20fol/134/SECONDARY_DISPLAY" width="2621px" height="4092px"/>
			<graphic mimeType="pdf" url="AM%20142%20fol/134/WEB_DISPLAY"/>
		</surface>
		<surface xml:id="AM02-0142-9999v-RearBoard" n="135">
			<desc>9999v-RearBoard</desc>
			<graphic mimeType="pdf" url="AM%20142%20fol/135/HIGH_QUALITY_DISPLAY"/>
			<graphic mimeType="jpg" url="AM%20142%20fol/135/THUMBNAIL" width="197px" height="300px"/>
			<graphic mimeType="jpg" url="AM%20142%20fol/135/SECONDARY_DISPLAY" width="2784px" height="4248px"/>
			<graphic mimeType="pdf" url="AM%20142%20fol/135/WEB_DISPLAY"/>
		</surface>
		<surface xml:id="AM02-0142-ccp-colour-control-patch" n="136">
			<desc>ccp-colour control patch</desc>
			<graphic mimeType="pdf" url="AM%20142%20fol/136/HIGH_QUALITY_DISPLAY"/>
			<graphic mimeType="jpg" url="AM%20142%20fol/136/THUMBNAIL" width="194px" height="300px"/>
			<graphic mimeType="jpg" url="AM%20142%20fol/136/SECONDARY_DISPLAY" width="1776px" height="2748px"/>
			<graphic mimeType="pdf" url="AM%20142%20fol/136/WEB_DISPLAY"/>
		</surface>
	</facsimile>
	<text>
		<body>

			<p/>
		</body>
	</text>
</TEI>