<?xml version="1.0" encoding="UTF-8"?>
<?oxygen RNGSchema="http://www.handrit.is/schema/handrit-1.0.rnc" type="compact"?>
<TEI xmlns="http://www.tei-c.org/ns/1.0">
	<teiHeader>
		<fileDesc>
			<titleStmt>
				<title>Handritaskrá Árnastofnunar</title>
			</titleStmt>
			<publicationStmt>
				<p>Tilraunaútgáfa</p>
			</publicationStmt>
			<sourceDesc>
				<msDesc xml:lang="is" xml:id="AM02-0157a-is">
					<msIdentifier>
						<country key="IS">Ísland</country>
						<settlement>Reykjavík</settlement>
						<institution>Stofnun Árna Magnússonar í íslenskum fræðum</institution>
						<repository>Handritasvið</repository>
						<collection>Safn Árna Magnússonar</collection>
						<idno>AM 157 a fol.</idno>
						<altIdentifier type="internal" subtype="KKKat">
							<idno>186</idno>
						</altIdentifier>
					</msIdentifier>


					<!-- Not: Marold, Edidt. Uberlegungen (u með tveimur deplum) zum Problem der Emendationen am Beispiel der Verse von Björn Hítdælakappi. Skandinavistik. 2002; 32 (1): 39-56.
Widding, Ole. Haandskriftanalyser. Opuscula. 1961; 2 (Bibliotheca Arnamagnæana; 25) (1): 65-75-->
					<msContents>
						<msItem defective="false" class="isl">
							<locus from="1r" facs="#AM02-0157a-0001r" to="30v">1r-30v</locus>
							<title type="uniform">Þórðar saga hreðu</title>
							<textLang mainLang="is">Íslenska</textLang>
							<rubric>Saga af Þórði hreðu</rubric>
							<incipit>Þórður hét maður son Hörða-Kára, mikill að virðingu …</incipit>
							<explicit>… Höfum vér eigi heyrt fleira af honum með sannleika sagt.</explicit>
							<finalRubric> og lýkur hér nú sögu Þórðar hreðu.</finalRubric>
							<note> Gerð: heila sagan. </note>
						</msItem>
					</msContents>

					<physDesc>
						<objectDesc form="codex">
							<supportDesc material="chart">
								<support>Pappír.</support>
								<extent>30 blöð (<dimensions type="leaf" unit="mm" scope="all">
										<height>310</height>
										<width>200</width>
									</dimensions>).</extent>

								<foliation>
									<p>
										<list>
											<item>Upprunaleg blaðsíðumerking, 1-60.</item>
											<item> Síðari tíma blaðmerking með rauðum lit,
											1-30.</item>
										</list>
									</p>
								</foliation>
								<collation>
									<p>Fjögur kver:<list>
											<item n="1">Kver I: blöð 1-8, 4 tvinn.</item>
											<item n="2">Kver II: blöð 9-16, 4 tvinn.</item>
											<item n="3">Kver III: blöð 17-22, 3 tvinn.</item>
											<item n="4">Kver IV: blöð 23-30, 4 tvinn.</item>
										</list>
									</p>
								</collation>

								<condition>
									<p>
										<list>
											<item> Fyrirsögn og upphafsstafur hafa smitast í gegn á
												blaði<locus from="1r" facs="#AM02-0157a-0001r" to="1v"> 1.</locus></item>
										</list>
									</p>
									<p>
										<list>
											<item>Blekblettir á stöku stað (sbr. t.d. blöð <locus from="25v" facs="#AM02-0157a-0025v" to="26r">25v-26r</locus>).</item>
										</list>
									</p>
								</condition>

							</supportDesc>
							<layoutDesc>
								<layout columns="1" writtenLines="26 29">
									<p>
										<list>
											<item>Eindálka.</item>
											<item>Leturflötur er ca <dimensions type="leaf" unit="mm">
												<height>240</height>
												<width>140</width>
												</dimensions>.</item>
											<item>Línufjöldi er ca 26-29.</item>
											<item>Vísuorð eru sér um línu (sbr. t.d. <locus from="11v" facs="#AM02-0157a-0011v" to="11v">11v</locus>, <locus from="18r" facs="#AM02-0157a-0018r" to="18r">18r</locus> og
												<locus from="21v" facs="#AM02-0157a-0021v" to="21v">21v</locus>).</item>
											<item>Markað hefur verið fyrir innri og ytri spássíu með
												þurroddi.</item>
											<item>
												<catchwords>Griporð eru á blöðum <locus from="16v" facs="#AM02-0157a-0016v" to="16v">16v</locus> og <locus from="22v" facs="#AM02-0157a-0022v" to="22v">22v</locus>.</catchwords>
											</item>
										</list>
									</p>
								</layout>
							</layoutDesc>
						</objectDesc>


						<handDesc hands="1">
							<handNote scribe="AsgJon001" script=" kanzlei" scope="sole">
								<list>
									<item>Með hendi <name type="person" key="AsgJon001">Ásgeirs
											Jónssonar</name>; kansellískrift.</item>
								</list>
							</handNote>
						</handDesc>

						<decoDesc>
							<decoNote type="initial" subtype="flourished">
								<list>
									<item>Skreyttur upphafsstafur í fyrirsögn og í upphafi texta á
										blað <locus from="1r" facs="#AM02-0157a-0001r" to="1r">1r</locus>.</item>
								</list>
							</decoNote>
							<decoNote type="frieze" subtype="tailpiece">
								<list>
									<item>Þrír bókahnútar eru í lok sögu (sjá blað <locus from="30v" facs="#AM02-0157a-0030v" to="30v">30v</locus>).</item>
								</list>
							</decoNote>
						</decoDesc>

						<bindingDesc>
							<binding notBefore="1772" notAfter="1780" contemporary="false">
								<p>Pappaband (<dimensions type="binding">
										<height>319</height>
										<width>217</width>
										<depth>8</depth>
									</dimensions>) frá 1772-1780. Blár safnmarksmiði á kili.</p>
								<p> Innanverð spjaldblöð eru klædd blöðum úr prentaðri bók. </p>
							</binding>
						</bindingDesc>

					</physDesc>
					<history>
						<origin notBefore="1690" notAfter="1697">
							<note>
								<p> Handritið var skrifað í <origPlace key="NO">Noregi
										(Stangarlandi)</origPlace> og er tímasett frá <origDate notBefore="1690" notAfter="1697">ársbyrjun 1690 til vors
										1697</origDate> í umfjöllun <name type="person">Más
										Jónssonar</name> um skrifarann Ásgeir Jónsson (sbr. <ref>
										<bibl>Már Jónsson 2009: 282-297</bibl>
									</ref>) og  til um 1700 í <bibl>
										<ref target="KKKat">Katalog I</ref>
									</bibl>, bls. 109. Virkt skriftartímabil skrifara var ca
										<origDate notBefore="1686" notAfter="1707">1686-1707</origDate>.</p>
								<p>Það er uppskrift eftir pappírshandriti, sem <name key="ArnMag001" type="person">Árni Magnússon</name> sendi <name key="ThoTor001" type="person">Þormóði Torfasyni</name> (sbr.
										<ref target="AM04-0435b" type="ms">AM 435 b 4to</ref>, blað
										<locus from="7r" facs="#AM02-0157a-0007r" to="7r">7r</locus>).</p>
								<p>Það var áður hluti af stærri bók sem innihélt einnig <ref target="AM02-0149" type="ms">AM 149 fol.</ref>, <ref target="AM02-0157g" type="ms">AM 157 g fol.</ref>, <ref target="AM02-0154" type="ms">AM 154 fol.</ref>, <ref target="AM02-0157c" type="ms">AM 157 c fol.</ref>, <ref target="AM02-0140" type="ms">AM 140 fol.</ref>, <ref target="AM02-0157e" type="ms">AM 157 e fol.</ref>, <ref target="AM02-0164k" type="ms">AM 164 k fol.</ref>, <ref target="AM02-0150" type="ms">AM 150 fol.</ref>, <ref target="AM04-0770a" type="ms">AM 770 a 4to</ref> og <ref target="AM02-0157d" type="ms">AM 157 d fol.</ref> (sbr. <ref target="AM04-0435b" type="ms">AM 435 b 4to</ref>, blað
									6v-7r).</p>

							</note>
						</origin>
						<provenance>
							<p> Bókin sem handritið tilheyrði var nr. XIV fol. í safni <name key="ThoTor001" type="person">Þormóðs Torfasonar</name>. <name key="ArnMag001" type="person">Árni Magnússon</name> fékk hana
								frá ekkju Þormóðs árið <date when="1720">1720</date> og tók í sundur
								(sbr. <ref target="AM04-0435b" type="ms">AM 435 b 4to</ref>, blað
									<locus from="6v" facs="#AM02-0157a-0006v" target="7r">6v-7r</locus> ). </p>

						</provenance>
						<acquisition when="1974-04-02">
							<p>Stofnun Árna Magnússonar á Íslandi tók við handritinu 2. apríl
							1974.</p>
						</acquisition>
					</history>
					<additional>
						<adminInfo>
							<recordHist>
								<source>
									<p>
										<name key="KriKaa001" type="person">Kålund</name> gekk frá
										handritinu til skráningar <date when="1885-12-02">2.
											desember 1885</date>, <bibl>
											<ref target="KKKat">Katalog I; </ref>
										</bibl>bls. 109 (nr. 186), <name key="DriThr001" type="person">DKÞ</name> grunnskráði <date when="2001-09-28">28. september 2001</date>, <name type="person" key="ValHil001">VH</name> skráði handritið
										samkvæmt TEIP5 reglum <date when="2008-12-01">1. desember
											2008</date>; lagfærði í <date when="2010-11">nóvember
											2010</date>. </p>
								</source>

							</recordHist>
							<custodialHist>
								<custEvent type="conservation" notBefore="1772" notAfter="1780">
									<p>Bundið af <name key="MatBlo001" type="person">Matthiasi
											Larsen Bloch</name> á árunum 1772-1780.</p>
								</custEvent>
							</custodialHist>
						</adminInfo>
						<surrogates>
							<p>
								<list>
									<item>Stafrænar myndir á www.sagnanet.is.</item>
									<item>Svart-hvítar ljósmyndir á Det Arnamagnæanske Institut í
										Kaupmannahöfn.</item>
								</list>
							</p>
						</surrogates>
						<listBibl>
							<bibl>Marold, E. 2002, <ref target="EdiMar2002a">Überlegungen zum Problem der Emendationen am Beispiel der Verse von Björn Hítdælakappi</ref></bibl>
							<bibl>Már Jónsson 2009, <ref target="MárJón2009">Skrifarinn Ásgeir Jónsson frá Gullberaströnd í Lundarreykjadal</ref></bibl>
							<bibl>Widding, O. 1961, <ref target="OleWid1823a">Håndskriftanalyser</ref></bibl>
						</listBibl>
					</additional>
				</msDesc>
			</sourceDesc>
		</fileDesc>
		<revisionDesc>
			<change when="2008-10" who="#EriHas01">Migrated from MASTER to P5</change>
		</revisionDesc>
	</teiHeader>
	<facsimile xml:base="https://myndir.handrit.is/file/Handrit.is/">
		<surface xml:id="AM02-0157a-0000r-FB" n="0">
			<desc>0000r-FB</desc>
			<graphic mimeType="pdf" url="AM%20157%20a%20fol/0/HIGH_QUALITY_DISPLAY"/>
			<graphic mimeType="jpg" url="AM%20157%20a%20fol/0/THUMBNAIL" width="200px" height="297px"/>
			<graphic mimeType="jpg" url="AM%20157%20a%20fol/0/SECONDARY_DISPLAY" width="2104px" height="3120px"/>
			<graphic mimeType="pdf" url="AM%20157%20a%20fol/0/WEB_DISPLAY"/>
		</surface>
		<surface xml:id="AM02-0157a-0000v-FB" n="1">
			<desc>0000v-FB</desc>
			<graphic mimeType="pdf" url="AM%20157%20a%20fol/1/HIGH_QUALITY_DISPLAY"/>
			<graphic mimeType="jpg" url="AM%20157%20a%20fol/1/THUMBNAIL" width="198px" height="300px"/>
			<graphic mimeType="jpg" url="AM%20157%20a%20fol/1/SECONDARY_DISPLAY" width="2063px" height="3120px"/>
			<graphic mimeType="pdf" url="AM%20157%20a%20fol/1/WEB_DISPLAY"/>
		</surface>
		<surface xml:id="AM02-0157a-0001r" n="2">
			<desc>0001r</desc>
			<graphic mimeType="pdf" url="AM%20157%20a%20fol/2/HIGH_QUALITY_DISPLAY"/>
			<graphic mimeType="jpg" url="AM%20157%20a%20fol/2/THUMBNAIL" width="198px" height="300px"/>
			<graphic mimeType="jpg" url="AM%20157%20a%20fol/2/SECONDARY_DISPLAY" width="2063px" height="3120px"/>
			<graphic mimeType="pdf" url="AM%20157%20a%20fol/2/WEB_DISPLAY"/>
		</surface>
		<surface xml:id="AM02-0157a-0001v" n="3">
			<desc>0001v</desc>
			<graphic mimeType="pdf" url="AM%20157%20a%20fol/3/HIGH_QUALITY_DISPLAY"/>
			<graphic mimeType="jpg" url="AM%20157%20a%20fol/3/THUMBNAIL" width="196px" height="300px"/>
			<graphic mimeType="jpg" url="AM%20157%20a%20fol/3/SECONDARY_DISPLAY" width="2031px" height="3112px"/>
			<graphic mimeType="pdf" url="AM%20157%20a%20fol/3/WEB_DISPLAY"/>
		</surface>
		<surface xml:id="AM02-0157a-0002r" n="4">
			<desc>0002r</desc>
			<graphic mimeType="pdf" url="AM%20157%20a%20fol/4/HIGH_QUALITY_DISPLAY"/>
			<graphic mimeType="jpg" url="AM%20157%20a%20fol/4/THUMBNAIL" width="196px" height="300px"/>
			<graphic mimeType="jpg" url="AM%20157%20a%20fol/4/SECONDARY_DISPLAY" width="2031px" height="3112px"/>
			<graphic mimeType="pdf" url="AM%20157%20a%20fol/4/WEB_DISPLAY"/>
		</surface>
		<surface xml:id="AM02-0157a-0002v" n="5">
			<desc>0002v</desc>
			<graphic mimeType="pdf" url="AM%20157%20a%20fol/5/HIGH_QUALITY_DISPLAY"/>
			<graphic mimeType="jpg" url="AM%20157%20a%20fol/5/THUMBNAIL" width="196px" height="300px"/>
			<graphic mimeType="jpg" url="AM%20157%20a%20fol/5/SECONDARY_DISPLAY" width="2031px" height="3112px"/>
			<graphic mimeType="pdf" url="AM%20157%20a%20fol/5/WEB_DISPLAY"/>
		</surface>
		<surface xml:id="AM02-0157a-0003r" n="6">
			<desc>0003r</desc>
			<graphic mimeType="pdf" url="AM%20157%20a%20fol/6/HIGH_QUALITY_DISPLAY"/>
			<graphic mimeType="jpg" url="AM%20157%20a%20fol/6/THUMBNAIL" width="196px" height="300px"/>
			<graphic mimeType="jpg" url="AM%20157%20a%20fol/6/SECONDARY_DISPLAY" width="2031px" height="3112px"/>
			<graphic mimeType="pdf" url="AM%20157%20a%20fol/6/WEB_DISPLAY"/>
		</surface>
		<surface xml:id="AM02-0157a-0003v" n="7">
			<desc>0003v</desc>
			<graphic mimeType="pdf" url="AM%20157%20a%20fol/7/HIGH_QUALITY_DISPLAY"/>
			<graphic mimeType="jpg" url="AM%20157%20a%20fol/7/THUMBNAIL" width="196px" height="300px"/>
			<graphic mimeType="jpg" url="AM%20157%20a%20fol/7/SECONDARY_DISPLAY" width="2031px" height="3112px"/>
			<graphic mimeType="pdf" url="AM%20157%20a%20fol/7/WEB_DISPLAY"/>
		</surface>
		<surface xml:id="AM02-0157a-0004r" n="8">
			<desc>0004r</desc>
			<graphic mimeType="pdf" url="AM%20157%20a%20fol/8/HIGH_QUALITY_DISPLAY"/>
			<graphic mimeType="jpg" url="AM%20157%20a%20fol/8/THUMBNAIL" width="196px" height="300px"/>
			<graphic mimeType="jpg" url="AM%20157%20a%20fol/8/SECONDARY_DISPLAY" width="2031px" height="3112px"/>
			<graphic mimeType="pdf" url="AM%20157%20a%20fol/8/WEB_DISPLAY"/>
		</surface>
		<surface xml:id="AM02-0157a-0004v" n="9">
			<desc>0004v</desc>
			<graphic mimeType="pdf" url="AM%20157%20a%20fol/9/HIGH_QUALITY_DISPLAY"/>
			<graphic mimeType="jpg" url="AM%20157%20a%20fol/9/THUMBNAIL" width="196px" height="300px"/>
			<graphic mimeType="jpg" url="AM%20157%20a%20fol/9/SECONDARY_DISPLAY" width="2031px" height="3112px"/>
			<graphic mimeType="pdf" url="AM%20157%20a%20fol/9/WEB_DISPLAY"/>
		</surface>
		<surface xml:id="AM02-0157a-0005r" n="10">
			<desc>0005r</desc>
			<graphic mimeType="pdf" url="AM%20157%20a%20fol/10/HIGH_QUALITY_DISPLAY"/>
			<graphic mimeType="jpg" url="AM%20157%20a%20fol/10/THUMBNAIL" width="196px" height="300px"/>
			<graphic mimeType="jpg" url="AM%20157%20a%20fol/10/SECONDARY_DISPLAY" width="2031px" height="3112px"/>
			<graphic mimeType="pdf" url="AM%20157%20a%20fol/10/WEB_DISPLAY"/>
		</surface>
		<surface xml:id="AM02-0157a-0005v" n="11">
			<desc>0005v</desc>
			<graphic mimeType="pdf" url="AM%20157%20a%20fol/11/HIGH_QUALITY_DISPLAY"/>
			<graphic mimeType="jpg" url="AM%20157%20a%20fol/11/THUMBNAIL" width="196px" height="300px"/>
			<graphic mimeType="jpg" url="AM%20157%20a%20fol/11/SECONDARY_DISPLAY" width="2031px" height="3112px"/>
			<graphic mimeType="pdf" url="AM%20157%20a%20fol/11/WEB_DISPLAY"/>
		</surface>
		<surface xml:id="AM02-0157a-0006r" n="12">
			<desc>0006r</desc>
			<graphic mimeType="pdf" url="AM%20157%20a%20fol/12/HIGH_QUALITY_DISPLAY"/>
			<graphic mimeType="jpg" url="AM%20157%20a%20fol/12/THUMBNAIL" width="196px" height="300px"/>
			<graphic mimeType="jpg" url="AM%20157%20a%20fol/12/SECONDARY_DISPLAY" width="2031px" height="3112px"/>
			<graphic mimeType="pdf" url="AM%20157%20a%20fol/12/WEB_DISPLAY"/>
		</surface>
		<surface xml:id="AM02-0157a-0006v" n="13">
			<desc>0006v</desc>
			<graphic mimeType="pdf" url="AM%20157%20a%20fol/13/HIGH_QUALITY_DISPLAY"/>
			<graphic mimeType="jpg" url="AM%20157%20a%20fol/13/THUMBNAIL" width="196px" height="300px"/>
			<graphic mimeType="jpg" url="AM%20157%20a%20fol/13/SECONDARY_DISPLAY" width="2031px" height="3112px"/>
			<graphic mimeType="pdf" url="AM%20157%20a%20fol/13/WEB_DISPLAY"/>
		</surface>
		<surface xml:id="AM02-0157a-0007r" n="14">
			<desc>0007r</desc>
			<graphic mimeType="pdf" url="AM%20157%20a%20fol/14/HIGH_QUALITY_DISPLAY"/>
			<graphic mimeType="jpg" url="AM%20157%20a%20fol/14/THUMBNAIL" width="196px" height="300px"/>
			<graphic mimeType="jpg" url="AM%20157%20a%20fol/14/SECONDARY_DISPLAY" width="2031px" height="3112px"/>
			<graphic mimeType="pdf" url="AM%20157%20a%20fol/14/WEB_DISPLAY"/>
		</surface>
		<surface xml:id="AM02-0157a-0007v" n="15">
			<desc>0007v</desc>
			<graphic mimeType="pdf" url="AM%20157%20a%20fol/15/HIGH_QUALITY_DISPLAY"/>
			<graphic mimeType="jpg" url="AM%20157%20a%20fol/15/THUMBNAIL" width="196px" height="300px"/>
			<graphic mimeType="jpg" url="AM%20157%20a%20fol/15/SECONDARY_DISPLAY" width="2031px" height="3112px"/>
			<graphic mimeType="pdf" url="AM%20157%20a%20fol/15/WEB_DISPLAY"/>
		</surface>
		<surface xml:id="AM02-0157a-0008r" n="16">
			<desc>0008r</desc>
			<graphic mimeType="pdf" url="AM%20157%20a%20fol/16/HIGH_QUALITY_DISPLAY"/>
			<graphic mimeType="jpg" url="AM%20157%20a%20fol/16/THUMBNAIL" width="196px" height="300px"/>
			<graphic mimeType="jpg" url="AM%20157%20a%20fol/16/SECONDARY_DISPLAY" width="2031px" height="3112px"/>
			<graphic mimeType="pdf" url="AM%20157%20a%20fol/16/WEB_DISPLAY"/>
		</surface>
		<surface xml:id="AM02-0157a-0008v" n="17">
			<desc>0008v</desc>
			<graphic mimeType="pdf" url="AM%20157%20a%20fol/17/HIGH_QUALITY_DISPLAY"/>
			<graphic mimeType="jpg" url="AM%20157%20a%20fol/17/THUMBNAIL" width="193px" height="300px"/>
			<graphic mimeType="jpg" url="AM%20157%20a%20fol/17/SECONDARY_DISPLAY" width="2003px" height="3112px"/>
			<graphic mimeType="pdf" url="AM%20157%20a%20fol/17/WEB_DISPLAY"/>
		</surface>
		<surface xml:id="AM02-0157a-0009r" n="18">
			<desc>0009r</desc>
			<graphic mimeType="pdf" url="AM%20157%20a%20fol/18/HIGH_QUALITY_DISPLAY"/>
			<graphic mimeType="jpg" url="AM%20157%20a%20fol/18/THUMBNAIL" width="193px" height="300px"/>
			<graphic mimeType="jpg" url="AM%20157%20a%20fol/18/SECONDARY_DISPLAY" width="2003px" height="3112px"/>
			<graphic mimeType="pdf" url="AM%20157%20a%20fol/18/WEB_DISPLAY"/>
		</surface>
		<surface xml:id="AM02-0157a-0009v" n="19">
			<desc>0009v</desc>
			<graphic mimeType="pdf" url="AM%20157%20a%20fol/19/HIGH_QUALITY_DISPLAY"/>
			<graphic mimeType="jpg" url="AM%20157%20a%20fol/19/THUMBNAIL" width="188px" height="300px"/>
			<graphic mimeType="jpg" url="AM%20157%20a%20fol/19/SECONDARY_DISPLAY" width="1951px" height="3112px"/>
			<graphic mimeType="pdf" url="AM%20157%20a%20fol/19/WEB_DISPLAY"/>
		</surface>
		<surface xml:id="AM02-0157a-0010r" n="20">
			<desc>0010r</desc>
			<graphic mimeType="pdf" url="AM%20157%20a%20fol/20/HIGH_QUALITY_DISPLAY"/>
			<graphic mimeType="jpg" url="AM%20157%20a%20fol/20/THUMBNAIL" width="188px" height="300px"/>
			<graphic mimeType="jpg" url="AM%20157%20a%20fol/20/SECONDARY_DISPLAY" width="1951px" height="3112px"/>
			<graphic mimeType="pdf" url="AM%20157%20a%20fol/20/WEB_DISPLAY"/>
		</surface>
		<surface xml:id="AM02-0157a-0010v" n="21">
			<desc>0010v</desc>
			<graphic mimeType="pdf" url="AM%20157%20a%20fol/21/HIGH_QUALITY_DISPLAY"/>
			<graphic mimeType="jpg" url="AM%20157%20a%20fol/21/THUMBNAIL" width="188px" height="300px"/>
			<graphic mimeType="jpg" url="AM%20157%20a%20fol/21/SECONDARY_DISPLAY" width="1951px" height="3112px"/>
			<graphic mimeType="pdf" url="AM%20157%20a%20fol/21/WEB_DISPLAY"/>
		</surface>
		<surface xml:id="AM02-0157a-0011r" n="22">
			<desc>0011r</desc>
			<graphic mimeType="pdf" url="AM%20157%20a%20fol/22/HIGH_QUALITY_DISPLAY"/>
			<graphic mimeType="jpg" url="AM%20157%20a%20fol/22/THUMBNAIL" width="188px" height="300px"/>
			<graphic mimeType="jpg" url="AM%20157%20a%20fol/22/SECONDARY_DISPLAY" width="1951px" height="3112px"/>
			<graphic mimeType="pdf" url="AM%20157%20a%20fol/22/WEB_DISPLAY"/>
		</surface>
		<surface xml:id="AM02-0157a-0011v" n="23">
			<desc>0011v</desc>
			<graphic mimeType="pdf" url="AM%20157%20a%20fol/23/HIGH_QUALITY_DISPLAY"/>
			<graphic mimeType="jpg" url="AM%20157%20a%20fol/23/THUMBNAIL" width="188px" height="300px"/>
			<graphic mimeType="jpg" url="AM%20157%20a%20fol/23/SECONDARY_DISPLAY" width="1951px" height="3112px"/>
			<graphic mimeType="pdf" url="AM%20157%20a%20fol/23/WEB_DISPLAY"/>
		</surface>
		<surface xml:id="AM02-0157a-0012r" n="24">
			<desc>0012r</desc>
			<graphic mimeType="pdf" url="AM%20157%20a%20fol/24/HIGH_QUALITY_DISPLAY"/>
			<graphic mimeType="jpg" url="AM%20157%20a%20fol/24/THUMBNAIL" width="188px" height="300px"/>
			<graphic mimeType="jpg" url="AM%20157%20a%20fol/24/SECONDARY_DISPLAY" width="1951px" height="3112px"/>
			<graphic mimeType="pdf" url="AM%20157%20a%20fol/24/WEB_DISPLAY"/>
		</surface>
		<surface xml:id="AM02-0157a-0012v" n="25">
			<desc>0012v</desc>
			<graphic mimeType="pdf" url="AM%20157%20a%20fol/25/HIGH_QUALITY_DISPLAY"/>
			<graphic mimeType="jpg" url="AM%20157%20a%20fol/25/THUMBNAIL" width="188px" height="300px"/>
			<graphic mimeType="jpg" url="AM%20157%20a%20fol/25/SECONDARY_DISPLAY" width="1951px" height="3112px"/>
			<graphic mimeType="pdf" url="AM%20157%20a%20fol/25/WEB_DISPLAY"/>
		</surface>
		<surface xml:id="AM02-0157a-0013r" n="26">
			<desc>0013r</desc>
			<graphic mimeType="pdf" url="AM%20157%20a%20fol/26/HIGH_QUALITY_DISPLAY"/>
			<graphic mimeType="jpg" url="AM%20157%20a%20fol/26/THUMBNAIL" width="188px" height="300px"/>
			<graphic mimeType="jpg" url="AM%20157%20a%20fol/26/SECONDARY_DISPLAY" width="1951px" height="3112px"/>
			<graphic mimeType="pdf" url="AM%20157%20a%20fol/26/WEB_DISPLAY"/>
		</surface>
		<surface xml:id="AM02-0157a-0013v" n="27">
			<desc>0013v</desc>
			<graphic mimeType="pdf" url="AM%20157%20a%20fol/27/HIGH_QUALITY_DISPLAY"/>
			<graphic mimeType="jpg" url="AM%20157%20a%20fol/27/THUMBNAIL" width="190px" height="300px"/>
			<graphic mimeType="jpg" url="AM%20157%20a%20fol/27/SECONDARY_DISPLAY" width="1951px" height="3080px"/>
			<graphic mimeType="pdf" url="AM%20157%20a%20fol/27/WEB_DISPLAY"/>
		</surface>
		<surface xml:id="AM02-0157a-0014r" n="28">
			<desc>0014r</desc>
			<graphic mimeType="pdf" url="AM%20157%20a%20fol/28/HIGH_QUALITY_DISPLAY"/>
			<graphic mimeType="jpg" url="AM%20157%20a%20fol/28/THUMBNAIL" width="190px" height="300px"/>
			<graphic mimeType="jpg" url="AM%20157%20a%20fol/28/SECONDARY_DISPLAY" width="1951px" height="3080px"/>
			<graphic mimeType="pdf" url="AM%20157%20a%20fol/28/WEB_DISPLAY"/>
		</surface>
		<surface xml:id="AM02-0157a-0014v" n="29">
			<desc>0014v</desc>
			<graphic mimeType="pdf" url="AM%20157%20a%20fol/29/HIGH_QUALITY_DISPLAY"/>
			<graphic mimeType="jpg" url="AM%20157%20a%20fol/29/THUMBNAIL" width="190px" height="300px"/>
			<graphic mimeType="jpg" url="AM%20157%20a%20fol/29/SECONDARY_DISPLAY" width="1951px" height="3080px"/>
			<graphic mimeType="pdf" url="AM%20157%20a%20fol/29/WEB_DISPLAY"/>
		</surface>
		<surface xml:id="AM02-0157a-0015r" n="30">
			<desc>0015r</desc>
			<graphic mimeType="pdf" url="AM%20157%20a%20fol/30/HIGH_QUALITY_DISPLAY"/>
			<graphic mimeType="jpg" url="AM%20157%20a%20fol/30/THUMBNAIL" width="190px" height="300px"/>
			<graphic mimeType="jpg" url="AM%20157%20a%20fol/30/SECONDARY_DISPLAY" width="1951px" height="3080px"/>
			<graphic mimeType="pdf" url="AM%20157%20a%20fol/30/WEB_DISPLAY"/>
		</surface>
		<surface xml:id="AM02-0157a-0015v" n="31">
			<desc>0015v</desc>
			<graphic mimeType="pdf" url="AM%20157%20a%20fol/31/HIGH_QUALITY_DISPLAY"/>
			<graphic mimeType="jpg" url="AM%20157%20a%20fol/31/THUMBNAIL" width="190px" height="300px"/>
			<graphic mimeType="jpg" url="AM%20157%20a%20fol/31/SECONDARY_DISPLAY" width="1951px" height="3080px"/>
			<graphic mimeType="pdf" url="AM%20157%20a%20fol/31/WEB_DISPLAY"/>
		</surface>
		<surface xml:id="AM02-0157a-0016r" n="32">
			<desc>0016r</desc>
			<graphic mimeType="pdf" url="AM%20157%20a%20fol/32/HIGH_QUALITY_DISPLAY"/>
			<graphic mimeType="jpg" url="AM%20157%20a%20fol/32/THUMBNAIL" width="190px" height="300px"/>
			<graphic mimeType="jpg" url="AM%20157%20a%20fol/32/SECONDARY_DISPLAY" width="1951px" height="3080px"/>
			<graphic mimeType="pdf" url="AM%20157%20a%20fol/32/WEB_DISPLAY"/>
		</surface>
		<surface xml:id="AM02-0157a-0016v" n="33">
			<desc>0016v</desc>
			<graphic mimeType="pdf" url="AM%20157%20a%20fol/33/HIGH_QUALITY_DISPLAY"/>
			<graphic mimeType="jpg" url="AM%20157%20a%20fol/33/THUMBNAIL" width="190px" height="300px"/>
			<graphic mimeType="jpg" url="AM%20157%20a%20fol/33/SECONDARY_DISPLAY" width="1951px" height="3080px"/>
			<graphic mimeType="pdf" url="AM%20157%20a%20fol/33/WEB_DISPLAY"/>
		</surface>
		<surface xml:id="AM02-0157a-0017r" n="34">
			<desc>0017r</desc>
			<graphic mimeType="pdf" url="AM%20157%20a%20fol/34/HIGH_QUALITY_DISPLAY"/>
			<graphic mimeType="jpg" url="AM%20157%20a%20fol/34/THUMBNAIL" width="190px" height="300px"/>
			<graphic mimeType="jpg" url="AM%20157%20a%20fol/34/SECONDARY_DISPLAY" width="1951px" height="3080px"/>
			<graphic mimeType="pdf" url="AM%20157%20a%20fol/34/WEB_DISPLAY"/>
		</surface>
		<surface xml:id="AM02-0157a-0017v" n="35">
			<desc>0017v</desc>
			<graphic mimeType="pdf" url="AM%20157%20a%20fol/35/HIGH_QUALITY_DISPLAY"/>
			<graphic mimeType="jpg" url="AM%20157%20a%20fol/35/THUMBNAIL" width="190px" height="300px"/>
			<graphic mimeType="jpg" url="AM%20157%20a%20fol/35/SECONDARY_DISPLAY" width="1951px" height="3080px"/>
			<graphic mimeType="pdf" url="AM%20157%20a%20fol/35/WEB_DISPLAY"/>
		</surface>
		<surface xml:id="AM02-0157a-0018r" n="36">
			<desc>0018r</desc>
			<graphic mimeType="pdf" url="AM%20157%20a%20fol/36/HIGH_QUALITY_DISPLAY"/>
			<graphic mimeType="jpg" url="AM%20157%20a%20fol/36/THUMBNAIL" width="190px" height="300px"/>
			<graphic mimeType="jpg" url="AM%20157%20a%20fol/36/SECONDARY_DISPLAY" width="1951px" height="3080px"/>
			<graphic mimeType="pdf" url="AM%20157%20a%20fol/36/WEB_DISPLAY"/>
		</surface>
		<surface xml:id="AM02-0157a-0018v" n="37">
			<desc>0018v</desc>
			<graphic mimeType="pdf" url="AM%20157%20a%20fol/37/HIGH_QUALITY_DISPLAY"/>
			<graphic mimeType="jpg" url="AM%20157%20a%20fol/37/THUMBNAIL" width="190px" height="300px"/>
			<graphic mimeType="jpg" url="AM%20157%20a%20fol/37/SECONDARY_DISPLAY" width="1951px" height="3080px"/>
			<graphic mimeType="pdf" url="AM%20157%20a%20fol/37/WEB_DISPLAY"/>
		</surface>
		<surface xml:id="AM02-0157a-0019r" n="38">
			<desc>0019r</desc>
			<graphic mimeType="pdf" url="AM%20157%20a%20fol/38/HIGH_QUALITY_DISPLAY"/>
			<graphic mimeType="jpg" url="AM%20157%20a%20fol/38/THUMBNAIL" width="190px" height="300px"/>
			<graphic mimeType="jpg" url="AM%20157%20a%20fol/38/SECONDARY_DISPLAY" width="1951px" height="3080px"/>
			<graphic mimeType="pdf" url="AM%20157%20a%20fol/38/WEB_DISPLAY"/>
		</surface>
		<surface xml:id="AM02-0157a-0019v" n="39">
			<desc>0019v</desc>
			<graphic mimeType="pdf" url="AM%20157%20a%20fol/39/HIGH_QUALITY_DISPLAY"/>
			<graphic mimeType="jpg" url="AM%20157%20a%20fol/39/THUMBNAIL" width="190px" height="300px"/>
			<graphic mimeType="jpg" url="AM%20157%20a%20fol/39/SECONDARY_DISPLAY" width="1951px" height="3080px"/>
			<graphic mimeType="pdf" url="AM%20157%20a%20fol/39/WEB_DISPLAY"/>
		</surface>
		<surface xml:id="AM02-0157a-0020r" n="40">
			<desc>0020r</desc>
			<graphic mimeType="pdf" url="AM%20157%20a%20fol/40/HIGH_QUALITY_DISPLAY"/>
			<graphic mimeType="jpg" url="AM%20157%20a%20fol/40/THUMBNAIL" width="190px" height="300px"/>
			<graphic mimeType="jpg" url="AM%20157%20a%20fol/40/SECONDARY_DISPLAY" width="1951px" height="3080px"/>
			<graphic mimeType="pdf" url="AM%20157%20a%20fol/40/WEB_DISPLAY"/>
		</surface>
		<surface xml:id="AM02-0157a-0020v" n="41">
			<desc>0020v</desc>
			<graphic mimeType="pdf" url="AM%20157%20a%20fol/41/HIGH_QUALITY_DISPLAY"/>
			<graphic mimeType="jpg" url="AM%20157%20a%20fol/41/THUMBNAIL" width="190px" height="300px"/>
			<graphic mimeType="jpg" url="AM%20157%20a%20fol/41/SECONDARY_DISPLAY" width="1951px" height="3080px"/>
			<graphic mimeType="pdf" url="AM%20157%20a%20fol/41/WEB_DISPLAY"/>
		</surface>
		<surface xml:id="AM02-0157a-0021r" n="42">
			<desc>0021r</desc>
			<graphic mimeType="pdf" url="AM%20157%20a%20fol/42/HIGH_QUALITY_DISPLAY"/>
			<graphic mimeType="jpg" url="AM%20157%20a%20fol/42/THUMBNAIL" width="190px" height="300px"/>
			<graphic mimeType="jpg" url="AM%20157%20a%20fol/42/SECONDARY_DISPLAY" width="1951px" height="3080px"/>
			<graphic mimeType="pdf" url="AM%20157%20a%20fol/42/WEB_DISPLAY"/>
		</surface>
		<surface xml:id="AM02-0157a-0021v" n="43">
			<desc>0021v</desc>
			<graphic mimeType="pdf" url="AM%20157%20a%20fol/43/HIGH_QUALITY_DISPLAY"/>
			<graphic mimeType="jpg" url="AM%20157%20a%20fol/43/THUMBNAIL" width="190px" height="300px"/>
			<graphic mimeType="jpg" url="AM%20157%20a%20fol/43/SECONDARY_DISPLAY" width="1951px" height="3080px"/>
			<graphic mimeType="pdf" url="AM%20157%20a%20fol/43/WEB_DISPLAY"/>
		</surface>
		<surface xml:id="AM02-0157a-0022r" n="44">
			<desc>0022r</desc>
			<graphic mimeType="pdf" url="AM%20157%20a%20fol/44/HIGH_QUALITY_DISPLAY"/>
			<graphic mimeType="jpg" url="AM%20157%20a%20fol/44/THUMBNAIL" width="190px" height="300px"/>
			<graphic mimeType="jpg" url="AM%20157%20a%20fol/44/SECONDARY_DISPLAY" width="1951px" height="3080px"/>
			<graphic mimeType="pdf" url="AM%20157%20a%20fol/44/WEB_DISPLAY"/>
		</surface>
		<surface xml:id="AM02-0157a-0022v" n="45">
			<desc>0022v</desc>
			<graphic mimeType="pdf" url="AM%20157%20a%20fol/45/HIGH_QUALITY_DISPLAY"/>
			<graphic mimeType="jpg" url="AM%20157%20a%20fol/45/THUMBNAIL" width="192px" height="300px"/>
			<graphic mimeType="jpg" url="AM%20157%20a%20fol/45/SECONDARY_DISPLAY" width="1975px" height="3080px"/>
			<graphic mimeType="pdf" url="AM%20157%20a%20fol/45/WEB_DISPLAY"/>
		</surface>
		<surface xml:id="AM02-0157a-0023r" n="46">
			<desc>0023r</desc>
			<graphic mimeType="pdf" url="AM%20157%20a%20fol/46/HIGH_QUALITY_DISPLAY"/>
			<graphic mimeType="jpg" url="AM%20157%20a%20fol/46/THUMBNAIL" width="192px" height="300px"/>
			<graphic mimeType="jpg" url="AM%20157%20a%20fol/46/SECONDARY_DISPLAY" width="1975px" height="3080px"/>
			<graphic mimeType="pdf" url="AM%20157%20a%20fol/46/WEB_DISPLAY"/>
		</surface>
		<surface xml:id="AM02-0157a-0023v" n="47">
			<desc>0023v</desc>
			<graphic mimeType="pdf" url="AM%20157%20a%20fol/47/HIGH_QUALITY_DISPLAY"/>
			<graphic mimeType="jpg" url="AM%20157%20a%20fol/47/THUMBNAIL" width="194px" height="300px"/>
			<graphic mimeType="jpg" url="AM%20157%20a%20fol/47/SECONDARY_DISPLAY" width="1995px" height="3080px"/>
			<graphic mimeType="pdf" url="AM%20157%20a%20fol/47/WEB_DISPLAY"/>
		</surface>
		<surface xml:id="AM02-0157a-0024r" n="48">
			<desc>0024r</desc>
			<graphic mimeType="pdf" url="AM%20157%20a%20fol/48/HIGH_QUALITY_DISPLAY"/>
			<graphic mimeType="jpg" url="AM%20157%20a%20fol/48/THUMBNAIL" width="194px" height="300px"/>
			<graphic mimeType="jpg" url="AM%20157%20a%20fol/48/SECONDARY_DISPLAY" width="1995px" height="3080px"/>
			<graphic mimeType="pdf" url="AM%20157%20a%20fol/48/WEB_DISPLAY"/>
		</surface>
		<surface xml:id="AM02-0157a-0024v" n="49">
			<desc>0024v</desc>
			<graphic mimeType="pdf" url="AM%20157%20a%20fol/49/HIGH_QUALITY_DISPLAY"/>
			<graphic mimeType="jpg" url="AM%20157%20a%20fol/49/THUMBNAIL" width="194px" height="300px"/>
			<graphic mimeType="jpg" url="AM%20157%20a%20fol/49/SECONDARY_DISPLAY" width="1995px" height="3080px"/>
			<graphic mimeType="pdf" url="AM%20157%20a%20fol/49/WEB_DISPLAY"/>
		</surface>
		<surface xml:id="AM02-0157a-0025r" n="50">
			<desc>0025r</desc>
			<graphic mimeType="pdf" url="AM%20157%20a%20fol/50/HIGH_QUALITY_DISPLAY"/>
			<graphic mimeType="jpg" url="AM%20157%20a%20fol/50/THUMBNAIL" width="194px" height="300px"/>
			<graphic mimeType="jpg" url="AM%20157%20a%20fol/50/SECONDARY_DISPLAY" width="1995px" height="3080px"/>
			<graphic mimeType="pdf" url="AM%20157%20a%20fol/50/WEB_DISPLAY"/>
		</surface>
		<surface xml:id="AM02-0157a-0025v" n="51">
			<desc>0025v</desc>
			<graphic mimeType="pdf" url="AM%20157%20a%20fol/51/HIGH_QUALITY_DISPLAY"/>
			<graphic mimeType="jpg" url="AM%20157%20a%20fol/51/THUMBNAIL" width="194px" height="300px"/>
			<graphic mimeType="jpg" url="AM%20157%20a%20fol/51/SECONDARY_DISPLAY" width="1995px" height="3080px"/>
			<graphic mimeType="pdf" url="AM%20157%20a%20fol/51/WEB_DISPLAY"/>
		</surface>
		<surface xml:id="AM02-0157a-0026r" n="52">
			<desc>0026r</desc>
			<graphic mimeType="pdf" url="AM%20157%20a%20fol/52/HIGH_QUALITY_DISPLAY"/>
			<graphic mimeType="jpg" url="AM%20157%20a%20fol/52/THUMBNAIL" width="194px" height="300px"/>
			<graphic mimeType="jpg" url="AM%20157%20a%20fol/52/SECONDARY_DISPLAY" width="1995px" height="3080px"/>
			<graphic mimeType="pdf" url="AM%20157%20a%20fol/52/WEB_DISPLAY"/>
		</surface>
		<surface xml:id="AM02-0157a-0026v" n="53">
			<desc>0026v</desc>
			<graphic mimeType="pdf" url="AM%20157%20a%20fol/53/HIGH_QUALITY_DISPLAY"/>
			<graphic mimeType="jpg" url="AM%20157%20a%20fol/53/THUMBNAIL" width="194px" height="300px"/>
			<graphic mimeType="jpg" url="AM%20157%20a%20fol/53/SECONDARY_DISPLAY" width="1995px" height="3080px"/>
			<graphic mimeType="pdf" url="AM%20157%20a%20fol/53/WEB_DISPLAY"/>
		</surface>
		<surface xml:id="AM02-0157a-0027r" n="54">
			<desc>0027r</desc>
			<graphic mimeType="pdf" url="AM%20157%20a%20fol/54/HIGH_QUALITY_DISPLAY"/>
			<graphic mimeType="jpg" url="AM%20157%20a%20fol/54/THUMBNAIL" width="194px" height="300px"/>
			<graphic mimeType="jpg" url="AM%20157%20a%20fol/54/SECONDARY_DISPLAY" width="1995px" height="3080px"/>
			<graphic mimeType="pdf" url="AM%20157%20a%20fol/54/WEB_DISPLAY"/>
		</surface>
		<surface xml:id="AM02-0157a-0027v" n="55">
			<desc>0027v</desc>
			<graphic mimeType="pdf" url="AM%20157%20a%20fol/55/HIGH_QUALITY_DISPLAY"/>
			<graphic mimeType="jpg" url="AM%20157%20a%20fol/55/THUMBNAIL" width="194px" height="300px"/>
			<graphic mimeType="jpg" url="AM%20157%20a%20fol/55/SECONDARY_DISPLAY" width="1995px" height="3080px"/>
			<graphic mimeType="pdf" url="AM%20157%20a%20fol/55/WEB_DISPLAY"/>
		</surface>
		<surface xml:id="AM02-0157a-0028r" n="56">
			<desc>0028r</desc>
			<graphic mimeType="pdf" url="AM%20157%20a%20fol/56/HIGH_QUALITY_DISPLAY"/>
			<graphic mimeType="jpg" url="AM%20157%20a%20fol/56/THUMBNAIL" width="194px" height="300px"/>
			<graphic mimeType="jpg" url="AM%20157%20a%20fol/56/SECONDARY_DISPLAY" width="1995px" height="3080px"/>
			<graphic mimeType="pdf" url="AM%20157%20a%20fol/56/WEB_DISPLAY"/>
		</surface>
		<surface xml:id="AM02-0157a-0028v" n="57">
			<desc>0028v</desc>
			<graphic mimeType="pdf" url="AM%20157%20a%20fol/57/HIGH_QUALITY_DISPLAY"/>
			<graphic mimeType="jpg" url="AM%20157%20a%20fol/57/THUMBNAIL" width="194px" height="300px"/>
			<graphic mimeType="jpg" url="AM%20157%20a%20fol/57/SECONDARY_DISPLAY" width="1995px" height="3080px"/>
			<graphic mimeType="pdf" url="AM%20157%20a%20fol/57/WEB_DISPLAY"/>
		</surface>
		<surface xml:id="AM02-0157a-0029r" n="58">
			<desc>0029r</desc>
			<graphic mimeType="pdf" url="AM%20157%20a%20fol/58/HIGH_QUALITY_DISPLAY"/>
			<graphic mimeType="jpg" url="AM%20157%20a%20fol/58/THUMBNAIL" width="194px" height="300px"/>
			<graphic mimeType="jpg" url="AM%20157%20a%20fol/58/SECONDARY_DISPLAY" width="1995px" height="3080px"/>
			<graphic mimeType="pdf" url="AM%20157%20a%20fol/58/WEB_DISPLAY"/>
		</surface>
		<surface xml:id="AM02-0157a-0029v" n="59">
			<desc>0029v</desc>
			<graphic mimeType="pdf" url="AM%20157%20a%20fol/59/HIGH_QUALITY_DISPLAY"/>
			<graphic mimeType="jpg" url="AM%20157%20a%20fol/59/THUMBNAIL" width="194px" height="300px"/>
			<graphic mimeType="jpg" url="AM%20157%20a%20fol/59/SECONDARY_DISPLAY" width="1995px" height="3080px"/>
			<graphic mimeType="pdf" url="AM%20157%20a%20fol/59/WEB_DISPLAY"/>
		</surface>
		<surface xml:id="AM02-0157a-0030r" n="60">
			<desc>0030r</desc>
			<graphic mimeType="pdf" url="AM%20157%20a%20fol/60/HIGH_QUALITY_DISPLAY"/>
			<graphic mimeType="jpg" url="AM%20157%20a%20fol/60/THUMBNAIL" width="194px" height="300px"/>
			<graphic mimeType="jpg" url="AM%20157%20a%20fol/60/SECONDARY_DISPLAY" width="1995px" height="3080px"/>
			<graphic mimeType="pdf" url="AM%20157%20a%20fol/60/WEB_DISPLAY"/>
		</surface>
		<surface xml:id="AM02-0157a-0030v" n="61">
			<desc>0030v</desc>
			<graphic mimeType="pdf" url="AM%20157%20a%20fol/61/HIGH_QUALITY_DISPLAY"/>
			<graphic mimeType="jpg" url="AM%20157%20a%20fol/61/THUMBNAIL" width="196px" height="300px"/>
			<graphic mimeType="jpg" url="AM%20157%20a%20fol/61/SECONDARY_DISPLAY" width="2035px" height="3120px"/>
			<graphic mimeType="pdf" url="AM%20157%20a%20fol/61/WEB_DISPLAY"/>
		</surface>
		<surface xml:id="AM02-0157a-9999r-RB" n="62">
			<desc>9999r-RB</desc>
			<graphic mimeType="pdf" url="AM%20157%20a%20fol/62/HIGH_QUALITY_DISPLAY"/>
			<graphic mimeType="jpg" url="AM%20157%20a%20fol/62/THUMBNAIL" width="196px" height="300px"/>
			<graphic mimeType="jpg" url="AM%20157%20a%20fol/62/SECONDARY_DISPLAY" width="2035px" height="3120px"/>
			<graphic mimeType="pdf" url="AM%20157%20a%20fol/62/WEB_DISPLAY"/>
		</surface>
		<surface xml:id="AM02-0157a-9999v-RB" n="63">
			<desc>9999v-RB</desc>
			<graphic mimeType="pdf" url="AM%20157%20a%20fol/63/HIGH_QUALITY_DISPLAY"/>
			<graphic mimeType="jpg" url="AM%20157%20a%20fol/63/THUMBNAIL" width="200px" height="297px"/>
			<graphic mimeType="jpg" url="AM%20157%20a%20fol/63/SECONDARY_DISPLAY" width="2104px" height="3120px"/>
			<graphic mimeType="pdf" url="AM%20157%20a%20fol/63/WEB_DISPLAY"/>
		</surface>
		<surface xml:id="AM02-0157a-ccp" n="64">
			<desc>ccp</desc>
			<graphic mimeType="pdf" url="AM%20157%20a%20fol/64/HIGH_QUALITY_DISPLAY"/>
			<graphic mimeType="jpg" url="AM%20157%20a%20fol/64/THUMBNAIL" width="200px" height="297px"/>
			<graphic mimeType="jpg" url="AM%20157%20a%20fol/64/SECONDARY_DISPLAY" width="1392px" height="2064px"/>
			<graphic mimeType="pdf" url="AM%20157%20a%20fol/64/WEB_DISPLAY"/>
		</surface>
	</facsimile>
	<text>
		<body>

			<p/>
		</body>
	</text>
</TEI>