<?xml version="1.0" encoding="UTF-8"?>
<?oxygen RNGSchema="http://www.handrit.is/schema/handrit-1.0.rnc" type="compact"?>
<TEI xmlns="http://www.tei-c.org/ns/1.0">
    <teiHeader>
        <fileDesc>
            <titleStmt>
                <title type="main">AM 77 b fol.</title>
            </titleStmt>
            <publicationStmt>
                <authority>Den Arnamagnæanske Samling</authority>
                <pubPlace>København</pubPlace>
            </publicationStmt>
            <sourceDesc>
                <msDesc xml:id="AM02-0077-b-da" xml:lang="da">
                    <msIdentifier>
                        <country>Danmark</country>
                        <settlement>København</settlement>
                        <repository>Den Arnamagnæanske Samling</repository>
                        <idno>AM 77 b fol.</idno>
                        <altIdentifier type="internal" subtype="KKKat">
                            <idno>95</idno>
                        </altIdentifier>
                    </msIdentifier>
                    <head>
                        <title>Supplement to AM 77 a fol.</title>,
                        <origPlace>Norge eller København, Danmark</origPlace>;
                        <origDate notBefore="1675" notAfter="1699">s. XVII ex</origDate>
                    </head>
                    <msContents>
                        <msItem defective="true">
                            <title>Supplement to AM 77 a fol.</title>
                            <textLang mainLang="is">Islandsk</textLang>
                            <filiation>Afskrift af <title>Tómasskinna</title> (<ref type="ms">GKS
                            1008 fol.</ref>)</filiation>
                        </msItem>
                    </msContents>
                    <physDesc>
                        <objectDesc form="codex">
                            <supportDesc material="chart">
                                <support>
                                    <p>
                                        <material>Papir.</material>
                                    </p>
                                </support>
                                <extent>i + 26 ii. <dimensions type="leaf" scope="all" unit="mm">
                                        <height>333</height>
                                        <width>212</width>
                                    </dimensions>
                        </extent>
                                <foliation>Folieret 1-26 med rødt blæk af <name type="person" key="KriKaa001">Kålund</name>.</foliation>
                            </supportDesc>
                            <layoutDesc>
                                <layout columns="2">Skrevet på indersiden af afbrækkede
                                    blade.</layout>
                            </layoutDesc>
                        </objectDesc>
                        <handDesc hands="1">
                            <handNote scribe="AsgJon001" scope="sole" script="other">
                                <p>Skrevet af <name type="person" key="AsgJon001">Ásgeir Jónsson</name>.</p>
                            </handNote>
                        </handDesc>
                        <additions>Med henvisninger til de steder i håndskriftet, hvor
                            udfyldningerne antages at passe ind. Foran hvert enkelt stykke har <name type="person" key="ArnMag001">Arne Magnusson</name> skrevet en
                            henvisning til den side i <ref type="ms" target="AM02-077-a-da">AM 77 a fol.</ref>, hvor det skulle indsættes.</additions>
                        <bindingDesc>
                            <binding>
                                <p>Gråt papbind fra perioden <date from="1730" to="1780">1730-1780</date> med påskrevet håndskriftnummer og
                                    indhold: <q xml:lang="is">Supplementa til Olafs Kongs Helga Saugu</q>, formodentlig
                                    af <name type="person" key="GriTho002">Grímur Jónsson Thorkelín</name>. <name type="person" key="KriKaa001">Kålund</name> har
                                    noteret datoen <date when="1885-10-15">15.10.1885</date> på forsatsspejlet foran.</p>
                                <p>Bindstørrelse <dimensions type="binding" unit="mm">
                              <height>340</height>
                              <width>218</width>
                              <depth>10</depth>
                           </dimensions>
                        </p>
                            </binding>
                        </bindingDesc>
                    </physDesc>
                </msDesc>
            </sourceDesc>
        </fileDesc>
    </teiHeader>
	<facsimile xml:base="https://myndir.handrit.is/file/Handrit.is/">
		<surface xml:id="AM02-0077-b-0000r-FB" n="0">
			<desc>0000r-FB</desc>
			<graphic mimeType="pdf" url="AM%2077%20b%20fol./0/HIGH_QUALITY_DISPLAY"/>
			<graphic mimeType="jpg" url="AM%2077%20b%20fol./0/THUMBNAIL" width="200px" height="286px"/>
			<graphic mimeType="jpg" url="AM%2077%20b%20fol./0/SECONDARY_DISPLAY" width="2456px" height="3519px"/>
			<graphic mimeType="pdf" url="AM%2077%20b%20fol./0/WEB_DISPLAY"/>
		</surface>
		<surface xml:id="AM02-0077-b-0000v-FB" n="1">
			<desc>0000v-FB</desc>
			<graphic mimeType="pdf" url="AM%2077%20b%20fol./1/HIGH_QUALITY_DISPLAY"/>
			<graphic mimeType="jpg" url="AM%2077%20b%20fol./1/THUMBNAIL" width="200px" height="288px"/>
			<graphic mimeType="jpg" url="AM%2077%20b%20fol./1/SECONDARY_DISPLAY" width="2456px" height="3533px"/>
			<graphic mimeType="pdf" url="AM%2077%20b%20fol./1/WEB_DISPLAY"/>
		</surface>
		<surface xml:id="AM02-0077-b-0001r-FFl" n="2">
			<desc>0001r-FFl</desc>
			<graphic mimeType="pdf" url="AM%2077%20b%20fol./2/HIGH_QUALITY_DISPLAY"/>
			<graphic mimeType="jpg" url="AM%2077%20b%20fol./2/THUMBNAIL" width="200px" height="288px"/>
			<graphic mimeType="jpg" url="AM%2077%20b%20fol./2/SECONDARY_DISPLAY" width="2456px" height="3532px"/>
			<graphic mimeType="pdf" url="AM%2077%20b%20fol./2/WEB_DISPLAY"/>
		</surface>
		<surface xml:id="AM02-0077-b-0001v-FFl" n="3">
			<desc>0001v-FFl</desc>
			<graphic mimeType="pdf" url="AM%2077%20b%20fol./3/HIGH_QUALITY_DISPLAY"/>
			<graphic mimeType="jpg" url="AM%2077%20b%20fol./3/THUMBNAIL" width="200px" height="286px"/>
			<graphic mimeType="jpg" url="AM%2077%20b%20fol./3/SECONDARY_DISPLAY" width="2464px" height="3524px"/>
			<graphic mimeType="pdf" url="AM%2077%20b%20fol./3/WEB_DISPLAY"/>
		</surface>
		<surface xml:id="AM02-0077-b-0002r-FFl" n="4">
			<desc>0002r-FFl</desc>
			<graphic mimeType="pdf" url="AM%2077%20b%20fol./4/HIGH_QUALITY_DISPLAY"/>
			<graphic mimeType="jpg" url="AM%2077%20b%20fol./4/THUMBNAIL" width="200px" height="286px"/>
			<graphic mimeType="jpg" url="AM%2077%20b%20fol./4/SECONDARY_DISPLAY" width="2464px" height="3528px"/>
			<graphic mimeType="pdf" url="AM%2077%20b%20fol./4/WEB_DISPLAY"/>
		</surface>
		<surface xml:id="AM02-0077-b-0002v-FFl" n="5">
			<desc>0002v-FFl</desc>
			<graphic mimeType="pdf" url="AM%2077%20b%20fol./5/HIGH_QUALITY_DISPLAY"/>
			<graphic mimeType="jpg" url="AM%2077%20b%20fol./5/THUMBNAIL" width="200px" height="287px"/>
			<graphic mimeType="jpg" url="AM%2077%20b%20fol./5/SECONDARY_DISPLAY" width="2456px" height="3528px"/>
			<graphic mimeType="pdf" url="AM%2077%20b%20fol./5/WEB_DISPLAY"/>
		</surface>
		<surface xml:id="AM02-0077-b-0001r" n="6">
			<desc>0001r</desc>
			<graphic mimeType="pdf" url="AM%2077%20b%20fol./6/HIGH_QUALITY_DISPLAY"/>
			<graphic mimeType="jpg" url="AM%2077%20b%20fol./6/THUMBNAIL" width="200px" height="288px"/>
			<graphic mimeType="jpg" url="AM%2077%20b%20fol./6/SECONDARY_DISPLAY" width="2456px" height="3536px"/>
			<graphic mimeType="pdf" url="AM%2077%20b%20fol./6/WEB_DISPLAY"/>
		</surface>
		<surface xml:id="AM02-0077-b-0001v" n="7">
			<desc>0001v</desc>
			<graphic mimeType="pdf" url="AM%2077%20b%20fol./7/HIGH_QUALITY_DISPLAY"/>
			<graphic mimeType="jpg" url="AM%2077%20b%20fol./7/THUMBNAIL" width="200px" height="288px"/>
			<graphic mimeType="jpg" url="AM%2077%20b%20fol./7/SECONDARY_DISPLAY" width="2456px" height="3533px"/>
			<graphic mimeType="pdf" url="AM%2077%20b%20fol./7/WEB_DISPLAY"/>
		</surface>
		<surface xml:id="AM02-0077-b-0002r" n="8">
			<desc>0002r</desc>
			<graphic mimeType="pdf" url="AM%2077%20b%20fol./8/HIGH_QUALITY_DISPLAY"/>
			<graphic mimeType="jpg" url="AM%2077%20b%20fol./8/THUMBNAIL" width="200px" height="287px"/>
			<graphic mimeType="jpg" url="AM%2077%20b%20fol./8/SECONDARY_DISPLAY" width="2456px" height="3529px"/>
			<graphic mimeType="pdf" url="AM%2077%20b%20fol./8/WEB_DISPLAY"/>
		</surface>
		<surface xml:id="AM02-0077-b-0002v" n="9">
			<desc>0002v</desc>
			<graphic mimeType="pdf" url="AM%2077%20b%20fol./9/HIGH_QUALITY_DISPLAY"/>
			<graphic mimeType="jpg" url="AM%2077%20b%20fol./9/THUMBNAIL" width="200px" height="287px"/>
			<graphic mimeType="jpg" url="AM%2077%20b%20fol./9/SECONDARY_DISPLAY" width="2456px" height="3520px"/>
			<graphic mimeType="pdf" url="AM%2077%20b%20fol./9/WEB_DISPLAY"/>
		</surface>
		<surface xml:id="AM02-0077-b-0003r" n="10">
			<desc>0003r</desc>
			<graphic mimeType="pdf" url="AM%2077%20b%20fol./10/HIGH_QUALITY_DISPLAY"/>
			<graphic mimeType="jpg" url="AM%2077%20b%20fol./10/THUMBNAIL" width="200px" height="287px"/>
			<graphic mimeType="jpg" url="AM%2077%20b%20fol./10/SECONDARY_DISPLAY" width="2456px" height="3528px"/>
			<graphic mimeType="pdf" url="AM%2077%20b%20fol./10/WEB_DISPLAY"/>
		</surface>
		<surface xml:id="AM02-0077-b-0003v" n="11">
			<desc>0003v</desc>
			<graphic mimeType="pdf" url="AM%2077%20b%20fol./11/HIGH_QUALITY_DISPLAY"/>
			<graphic mimeType="jpg" url="AM%2077%20b%20fol./11/THUMBNAIL" width="200px" height="288px"/>
			<graphic mimeType="jpg" url="AM%2077%20b%20fol./11/SECONDARY_DISPLAY" width="2456px" height="3540px"/>
			<graphic mimeType="pdf" url="AM%2077%20b%20fol./11/WEB_DISPLAY"/>
		</surface>
		<surface xml:id="AM02-0077-b-0004r" n="12">
			<desc>0004r</desc>
			<graphic mimeType="pdf" url="AM%2077%20b%20fol./12/HIGH_QUALITY_DISPLAY"/>
			<graphic mimeType="jpg" url="AM%2077%20b%20fol./12/THUMBNAIL" width="200px" height="287px"/>
			<graphic mimeType="jpg" url="AM%2077%20b%20fol./12/SECONDARY_DISPLAY" width="2456px" height="3528px"/>
			<graphic mimeType="pdf" url="AM%2077%20b%20fol./12/WEB_DISPLAY"/>
		</surface>
		<surface xml:id="AM02-0077-b-0004v" n="13">
			<desc>0004v</desc>
			<graphic mimeType="pdf" url="AM%2077%20b%20fol./13/HIGH_QUALITY_DISPLAY"/>
			<graphic mimeType="jpg" url="AM%2077%20b%20fol./13/THUMBNAIL" width="200px" height="287px"/>
			<graphic mimeType="jpg" url="AM%2077%20b%20fol./13/SECONDARY_DISPLAY" width="2456px" height="3526px"/>
			<graphic mimeType="pdf" url="AM%2077%20b%20fol./13/WEB_DISPLAY"/>
		</surface>
		<surface xml:id="AM02-0077-b-0005r" n="14">
			<desc>0005r</desc>
			<graphic mimeType="pdf" url="AM%2077%20b%20fol./14/HIGH_QUALITY_DISPLAY"/>
			<graphic mimeType="jpg" url="AM%2077%20b%20fol./14/THUMBNAIL" width="200px" height="287px"/>
			<graphic mimeType="jpg" url="AM%2077%20b%20fol./14/SECONDARY_DISPLAY" width="2456px" height="3530px"/>
			<graphic mimeType="pdf" url="AM%2077%20b%20fol./14/WEB_DISPLAY"/>
		</surface>
		<surface xml:id="AM02-0077-b-0005v" n="15">
			<desc>0005v</desc>
			<graphic mimeType="pdf" url="AM%2077%20b%20fol./15/HIGH_QUALITY_DISPLAY"/>
			<graphic mimeType="jpg" url="AM%2077%20b%20fol./15/THUMBNAIL" width="200px" height="287px"/>
			<graphic mimeType="jpg" url="AM%2077%20b%20fol./15/SECONDARY_DISPLAY" width="2456px" height="3528px"/>
			<graphic mimeType="pdf" url="AM%2077%20b%20fol./15/WEB_DISPLAY"/>
		</surface>
		<surface xml:id="AM02-0077-b-0006r" n="16">
			<desc>0006r</desc>
			<graphic mimeType="pdf" url="AM%2077%20b%20fol./16/HIGH_QUALITY_DISPLAY"/>
			<graphic mimeType="jpg" url="AM%2077%20b%20fol./16/THUMBNAIL" width="200px" height="288px"/>
			<graphic mimeType="jpg" url="AM%2077%20b%20fol./16/SECONDARY_DISPLAY" width="2456px" height="3533px"/>
			<graphic mimeType="pdf" url="AM%2077%20b%20fol./16/WEB_DISPLAY"/>
		</surface>
		<surface xml:id="AM02-0077-b-0006v" n="17">
			<desc>0006v</desc>
			<graphic mimeType="pdf" url="AM%2077%20b%20fol./17/HIGH_QUALITY_DISPLAY"/>
			<graphic mimeType="jpg" url="AM%2077%20b%20fol./17/THUMBNAIL" width="200px" height="288px"/>
			<graphic mimeType="jpg" url="AM%2077%20b%20fol./17/SECONDARY_DISPLAY" width="2456px" height="3534px"/>
			<graphic mimeType="pdf" url="AM%2077%20b%20fol./17/WEB_DISPLAY"/>
		</surface>
		<surface xml:id="AM02-0077-b-0007r" n="18">
			<desc>0007r</desc>
			<graphic mimeType="pdf" url="AM%2077%20b%20fol./18/HIGH_QUALITY_DISPLAY"/>
			<graphic mimeType="jpg" url="AM%2077%20b%20fol./18/THUMBNAIL" width="200px" height="287px"/>
			<graphic mimeType="jpg" url="AM%2077%20b%20fol./18/SECONDARY_DISPLAY" width="2456px" height="3529px"/>
			<graphic mimeType="pdf" url="AM%2077%20b%20fol./18/WEB_DISPLAY"/>
		</surface>
		<surface xml:id="AM02-0077-b-0007v" n="19">
			<desc>0007v</desc>
			<graphic mimeType="pdf" url="AM%2077%20b%20fol./19/HIGH_QUALITY_DISPLAY"/>
			<graphic mimeType="jpg" url="AM%2077%20b%20fol./19/THUMBNAIL" width="200px" height="287px"/>
			<graphic mimeType="jpg" url="AM%2077%20b%20fol./19/SECONDARY_DISPLAY" width="2456px" height="3524px"/>
			<graphic mimeType="pdf" url="AM%2077%20b%20fol./19/WEB_DISPLAY"/>
		</surface>
		<surface xml:id="AM02-0077-b-0008r" n="20">
			<desc>0008r</desc>
			<graphic mimeType="pdf" url="AM%2077%20b%20fol./20/HIGH_QUALITY_DISPLAY"/>
			<graphic mimeType="jpg" url="AM%2077%20b%20fol./20/THUMBNAIL" width="200px" height="288px"/>
			<graphic mimeType="jpg" url="AM%2077%20b%20fol./20/SECONDARY_DISPLAY" width="2456px" height="3534px"/>
			<graphic mimeType="pdf" url="AM%2077%20b%20fol./20/WEB_DISPLAY"/>
		</surface>
		<surface xml:id="AM02-0077-b-0008v" n="21">
			<desc>0008v</desc>
			<graphic mimeType="pdf" url="AM%2077%20b%20fol./21/HIGH_QUALITY_DISPLAY"/>
			<graphic mimeType="jpg" url="AM%2077%20b%20fol./21/THUMBNAIL" width="200px" height="287px"/>
			<graphic mimeType="jpg" url="AM%2077%20b%20fol./21/SECONDARY_DISPLAY" width="2456px" height="3530px"/>
			<graphic mimeType="pdf" url="AM%2077%20b%20fol./21/WEB_DISPLAY"/>
		</surface>
		<surface xml:id="AM02-0077-b-0009r" n="22">
			<desc>0009r</desc>
			<graphic mimeType="pdf" url="AM%2077%20b%20fol./22/HIGH_QUALITY_DISPLAY"/>
			<graphic mimeType="jpg" url="AM%2077%20b%20fol./22/THUMBNAIL" width="200px" height="287px"/>
			<graphic mimeType="jpg" url="AM%2077%20b%20fol./22/SECONDARY_DISPLAY" width="2456px" height="3525px"/>
			<graphic mimeType="pdf" url="AM%2077%20b%20fol./22/WEB_DISPLAY"/>
		</surface>
		<surface xml:id="AM02-0077-b-0009v" n="23">
			<desc>0009v</desc>
			<graphic mimeType="pdf" url="AM%2077%20b%20fol./23/HIGH_QUALITY_DISPLAY"/>
			<graphic mimeType="jpg" url="AM%2077%20b%20fol./23/THUMBNAIL" width="200px" height="287px"/>
			<graphic mimeType="jpg" url="AM%2077%20b%20fol./23/SECONDARY_DISPLAY" width="2456px" height="3524px"/>
			<graphic mimeType="pdf" url="AM%2077%20b%20fol./23/WEB_DISPLAY"/>
		</surface>
		<surface xml:id="AM02-0077-b-0010r" n="24">
			<desc>0010r</desc>
			<graphic mimeType="pdf" url="AM%2077%20b%20fol./24/HIGH_QUALITY_DISPLAY"/>
			<graphic mimeType="jpg" url="AM%2077%20b%20fol./24/THUMBNAIL" width="200px" height="288px"/>
			<graphic mimeType="jpg" url="AM%2077%20b%20fol./24/SECONDARY_DISPLAY" width="2456px" height="3536px"/>
			<graphic mimeType="pdf" url="AM%2077%20b%20fol./24/WEB_DISPLAY"/>
		</surface>
		<surface xml:id="AM02-0077-b-0010v" n="25">
			<desc>0010v</desc>
			<graphic mimeType="pdf" url="AM%2077%20b%20fol./25/HIGH_QUALITY_DISPLAY"/>
			<graphic mimeType="jpg" url="AM%2077%20b%20fol./25/THUMBNAIL" width="200px" height="288px"/>
			<graphic mimeType="jpg" url="AM%2077%20b%20fol./25/SECONDARY_DISPLAY" width="2456px" height="3533px"/>
			<graphic mimeType="pdf" url="AM%2077%20b%20fol./25/WEB_DISPLAY"/>
		</surface>
		<surface xml:id="AM02-0077-b-0011r" n="26">
			<desc>0011r</desc>
			<graphic mimeType="pdf" url="AM%2077%20b%20fol./26/HIGH_QUALITY_DISPLAY"/>
			<graphic mimeType="jpg" url="AM%2077%20b%20fol./26/THUMBNAIL" width="200px" height="288px"/>
			<graphic mimeType="jpg" url="AM%2077%20b%20fol./26/SECONDARY_DISPLAY" width="2456px" height="3533px"/>
			<graphic mimeType="pdf" url="AM%2077%20b%20fol./26/WEB_DISPLAY"/>
		</surface>
		<surface xml:id="AM02-0077-b-0011v" n="27">
			<desc>0011v</desc>
			<graphic mimeType="pdf" url="AM%2077%20b%20fol./27/HIGH_QUALITY_DISPLAY"/>
			<graphic mimeType="jpg" url="AM%2077%20b%20fol./27/THUMBNAIL" width="200px" height="288px"/>
			<graphic mimeType="jpg" url="AM%2077%20b%20fol./27/SECONDARY_DISPLAY" width="2456px" height="3538px"/>
			<graphic mimeType="pdf" url="AM%2077%20b%20fol./27/WEB_DISPLAY"/>
		</surface>
		<surface xml:id="AM02-0077-b-0012r" n="28">
			<desc>0012r</desc>
			<graphic mimeType="pdf" url="AM%2077%20b%20fol./28/HIGH_QUALITY_DISPLAY"/>
			<graphic mimeType="jpg" url="AM%2077%20b%20fol./28/THUMBNAIL" width="200px" height="288px"/>
			<graphic mimeType="jpg" url="AM%2077%20b%20fol./28/SECONDARY_DISPLAY" width="2456px" height="3533px"/>
			<graphic mimeType="pdf" url="AM%2077%20b%20fol./28/WEB_DISPLAY"/>
		</surface>
		<surface xml:id="AM02-0077-b-0012v" n="29">
			<desc>0012v</desc>
			<graphic mimeType="pdf" url="AM%2077%20b%20fol./29/HIGH_QUALITY_DISPLAY"/>
			<graphic mimeType="jpg" url="AM%2077%20b%20fol./29/THUMBNAIL" width="200px" height="287px"/>
			<graphic mimeType="jpg" url="AM%2077%20b%20fol./29/SECONDARY_DISPLAY" width="2456px" height="3522px"/>
			<graphic mimeType="pdf" url="AM%2077%20b%20fol./29/WEB_DISPLAY"/>
		</surface>
		<surface xml:id="AM02-0077-b-0013r" n="30">
			<desc>0013r</desc>
			<graphic mimeType="pdf" url="AM%2077%20b%20fol./30/HIGH_QUALITY_DISPLAY"/>
			<graphic mimeType="jpg" url="AM%2077%20b%20fol./30/THUMBNAIL" width="200px" height="287px"/>
			<graphic mimeType="jpg" url="AM%2077%20b%20fol./30/SECONDARY_DISPLAY" width="2456px" height="3529px"/>
			<graphic mimeType="pdf" url="AM%2077%20b%20fol./30/WEB_DISPLAY"/>
		</surface>
		<surface xml:id="AM02-0077-b-0013v" n="31">
			<desc>0013v</desc>
			<graphic mimeType="pdf" url="AM%2077%20b%20fol./31/HIGH_QUALITY_DISPLAY"/>
			<graphic mimeType="jpg" url="AM%2077%20b%20fol./31/THUMBNAIL" width="200px" height="288px"/>
			<graphic mimeType="jpg" url="AM%2077%20b%20fol./31/SECONDARY_DISPLAY" width="2456px" height="3534px"/>
			<graphic mimeType="pdf" url="AM%2077%20b%20fol./31/WEB_DISPLAY"/>
		</surface>
		<surface xml:id="AM02-0077-b-0014r" n="32">
			<desc>0014r</desc>
			<graphic mimeType="pdf" url="AM%2077%20b%20fol./32/HIGH_QUALITY_DISPLAY"/>
			<graphic mimeType="jpg" url="AM%2077%20b%20fol./32/THUMBNAIL" width="200px" height="287px"/>
			<graphic mimeType="jpg" url="AM%2077%20b%20fol./32/SECONDARY_DISPLAY" width="2456px" height="3528px"/>
			<graphic mimeType="pdf" url="AM%2077%20b%20fol./32/WEB_DISPLAY"/>
		</surface>
		<surface xml:id="AM02-0077-b-0014v" n="33">
			<desc>0014v</desc>
			<graphic mimeType="pdf" url="AM%2077%20b%20fol./33/HIGH_QUALITY_DISPLAY"/>
			<graphic mimeType="jpg" url="AM%2077%20b%20fol./33/THUMBNAIL" width="200px" height="287px"/>
			<graphic mimeType="jpg" url="AM%2077%20b%20fol./33/SECONDARY_DISPLAY" width="2456px" height="3524px"/>
			<graphic mimeType="pdf" url="AM%2077%20b%20fol./33/WEB_DISPLAY"/>
		</surface>
		<surface xml:id="AM02-0077-b-0015r" n="34">
			<desc>0015r</desc>
			<graphic mimeType="pdf" url="AM%2077%20b%20fol./34/HIGH_QUALITY_DISPLAY"/>
			<graphic mimeType="jpg" url="AM%2077%20b%20fol./34/THUMBNAIL" width="200px" height="287px"/>
			<graphic mimeType="jpg" url="AM%2077%20b%20fol./34/SECONDARY_DISPLAY" width="2456px" height="3528px"/>
			<graphic mimeType="pdf" url="AM%2077%20b%20fol./34/WEB_DISPLAY"/>
		</surface>
		<surface xml:id="AM02-0077-b-0015v" n="35">
			<desc>0015v</desc>
			<graphic mimeType="pdf" url="AM%2077%20b%20fol./35/HIGH_QUALITY_DISPLAY"/>
			<graphic mimeType="jpg" url="AM%2077%20b%20fol./35/THUMBNAIL" width="200px" height="287px"/>
			<graphic mimeType="jpg" url="AM%2077%20b%20fol./35/SECONDARY_DISPLAY" width="2456px" height="3531px"/>
			<graphic mimeType="pdf" url="AM%2077%20b%20fol./35/WEB_DISPLAY"/>
		</surface>
		<surface xml:id="AM02-0077-b-0016r" n="36">
			<desc>0016r</desc>
			<graphic mimeType="pdf" url="AM%2077%20b%20fol./36/HIGH_QUALITY_DISPLAY"/>
			<graphic mimeType="jpg" url="AM%2077%20b%20fol./36/THUMBNAIL" width="200px" height="287px"/>
			<graphic mimeType="jpg" url="AM%2077%20b%20fol./36/SECONDARY_DISPLAY" width="2456px" height="3524px"/>
			<graphic mimeType="pdf" url="AM%2077%20b%20fol./36/WEB_DISPLAY"/>
		</surface>
		<surface xml:id="AM02-0077-b-0016v" n="37">
			<desc>0016v</desc>
			<graphic mimeType="pdf" url="AM%2077%20b%20fol./37/HIGH_QUALITY_DISPLAY"/>
			<graphic mimeType="jpg" url="AM%2077%20b%20fol./37/THUMBNAIL" width="200px" height="288px"/>
			<graphic mimeType="jpg" url="AM%2077%20b%20fol./37/SECONDARY_DISPLAY" width="2456px" height="3533px"/>
			<graphic mimeType="pdf" url="AM%2077%20b%20fol./37/WEB_DISPLAY"/>
		</surface>
		<surface xml:id="AM02-0077-b-0017r" n="38">
			<desc>0017r</desc>
			<graphic mimeType="pdf" url="AM%2077%20b%20fol./38/HIGH_QUALITY_DISPLAY"/>
			<graphic mimeType="jpg" url="AM%2077%20b%20fol./38/THUMBNAIL" width="200px" height="288px"/>
			<graphic mimeType="jpg" url="AM%2077%20b%20fol./38/SECONDARY_DISPLAY" width="2456px" height="3534px"/>
			<graphic mimeType="pdf" url="AM%2077%20b%20fol./38/WEB_DISPLAY"/>
		</surface>
		<surface xml:id="AM02-0077-b-0017v" n="39">
			<desc>0017v</desc>
			<graphic mimeType="pdf" url="AM%2077%20b%20fol./39/HIGH_QUALITY_DISPLAY"/>
			<graphic mimeType="jpg" url="AM%2077%20b%20fol./39/THUMBNAIL" width="200px" height="288px"/>
			<graphic mimeType="jpg" url="AM%2077%20b%20fol./39/SECONDARY_DISPLAY" width="2456px" height="3532px"/>
			<graphic mimeType="pdf" url="AM%2077%20b%20fol./39/WEB_DISPLAY"/>
		</surface>
		<surface xml:id="AM02-0077-b-0018r" n="40">
			<desc>0018r</desc>
			<graphic mimeType="pdf" url="AM%2077%20b%20fol./40/HIGH_QUALITY_DISPLAY"/>
			<graphic mimeType="jpg" url="AM%2077%20b%20fol./40/THUMBNAIL" width="200px" height="287px"/>
			<graphic mimeType="jpg" url="AM%2077%20b%20fol./40/SECONDARY_DISPLAY" width="2464px" height="3530px"/>
			<graphic mimeType="pdf" url="AM%2077%20b%20fol./40/WEB_DISPLAY"/>
		</surface>
		<surface xml:id="AM02-0077-b-0018v" n="41">
			<desc>0018v</desc>
			<graphic mimeType="pdf" url="AM%2077%20b%20fol./41/HIGH_QUALITY_DISPLAY"/>
			<graphic mimeType="jpg" url="AM%2077%20b%20fol./41/THUMBNAIL" width="200px" height="287px"/>
			<graphic mimeType="jpg" url="AM%2077%20b%20fol./41/SECONDARY_DISPLAY" width="2456px" height="3529px"/>
			<graphic mimeType="pdf" url="AM%2077%20b%20fol./41/WEB_DISPLAY"/>
		</surface>
		<surface xml:id="AM02-0077-b-0019r" n="42">
			<desc>0019r</desc>
			<graphic mimeType="pdf" url="AM%2077%20b%20fol./42/HIGH_QUALITY_DISPLAY"/>
			<graphic mimeType="jpg" url="AM%2077%20b%20fol./42/THUMBNAIL" width="200px" height="287px"/>
			<graphic mimeType="jpg" url="AM%2077%20b%20fol./42/SECONDARY_DISPLAY" width="2456px" height="3531px"/>
			<graphic mimeType="pdf" url="AM%2077%20b%20fol./42/WEB_DISPLAY"/>
		</surface>
		<surface xml:id="AM02-0077-b-0019v" n="43">
			<desc>0019v</desc>
			<graphic mimeType="pdf" url="AM%2077%20b%20fol./43/HIGH_QUALITY_DISPLAY"/>
			<graphic mimeType="jpg" url="AM%2077%20b%20fol./43/THUMBNAIL" width="200px" height="287px"/>
			<graphic mimeType="jpg" url="AM%2077%20b%20fol./43/SECONDARY_DISPLAY" width="2456px" height="3531px"/>
			<graphic mimeType="pdf" url="AM%2077%20b%20fol./43/WEB_DISPLAY"/>
		</surface>
		<surface xml:id="AM02-0077-b-0020r" n="44">
			<desc>0020r</desc>
			<graphic mimeType="pdf" url="AM%2077%20b%20fol./44/HIGH_QUALITY_DISPLAY"/>
			<graphic mimeType="jpg" url="AM%2077%20b%20fol./44/THUMBNAIL" width="200px" height="288px"/>
			<graphic mimeType="jpg" url="AM%2077%20b%20fol./44/SECONDARY_DISPLAY" width="2456px" height="3536px"/>
			<graphic mimeType="pdf" url="AM%2077%20b%20fol./44/WEB_DISPLAY"/>
		</surface>
		<surface xml:id="AM02-0077-b-0020v" n="45">
			<desc>0020v</desc>
			<graphic mimeType="pdf" url="AM%2077%20b%20fol./45/HIGH_QUALITY_DISPLAY"/>
			<graphic mimeType="jpg" url="AM%2077%20b%20fol./45/THUMBNAIL" width="200px" height="287px"/>
			<graphic mimeType="jpg" url="AM%2077%20b%20fol./45/SECONDARY_DISPLAY" width="2464px" height="3533px"/>
			<graphic mimeType="pdf" url="AM%2077%20b%20fol./45/WEB_DISPLAY"/>
		</surface>
		<surface xml:id="AM02-0077-b-0021r" n="46">
			<desc>0021r</desc>
			<graphic mimeType="pdf" url="AM%2077%20b%20fol./46/HIGH_QUALITY_DISPLAY"/>
			<graphic mimeType="jpg" url="AM%2077%20b%20fol./46/THUMBNAIL" width="200px" height="287px"/>
			<graphic mimeType="jpg" url="AM%2077%20b%20fol./46/SECONDARY_DISPLAY" width="2464px" height="3535px"/>
			<graphic mimeType="pdf" url="AM%2077%20b%20fol./46/WEB_DISPLAY"/>
		</surface>
		<surface xml:id="AM02-0077-b-0021v" n="47">
			<desc>0021v</desc>
			<graphic mimeType="pdf" url="AM%2077%20b%20fol./47/HIGH_QUALITY_DISPLAY"/>
			<graphic mimeType="jpg" url="AM%2077%20b%20fol./47/THUMBNAIL" width="200px" height="287px"/>
			<graphic mimeType="jpg" url="AM%2077%20b%20fol./47/SECONDARY_DISPLAY" width="2464px" height="3530px"/>
			<graphic mimeType="pdf" url="AM%2077%20b%20fol./47/WEB_DISPLAY"/>
		</surface>
		<surface xml:id="AM02-0077-b-0022r" n="48">
			<desc>0022r</desc>
			<graphic mimeType="pdf" url="AM%2077%20b%20fol./48/HIGH_QUALITY_DISPLAY"/>
			<graphic mimeType="jpg" url="AM%2077%20b%20fol./48/THUMBNAIL" width="200px" height="286px"/>
			<graphic mimeType="jpg" url="AM%2077%20b%20fol./48/SECONDARY_DISPLAY" width="2464px" height="3518px"/>
			<graphic mimeType="pdf" url="AM%2077%20b%20fol./48/WEB_DISPLAY"/>
		</surface>
		<surface xml:id="AM02-0077-b-0022v" n="49">
			<desc>0022v</desc>
			<graphic mimeType="pdf" url="AM%2077%20b%20fol./49/HIGH_QUALITY_DISPLAY"/>
			<graphic mimeType="jpg" url="AM%2077%20b%20fol./49/THUMBNAIL" width="200px" height="286px"/>
			<graphic mimeType="jpg" url="AM%2077%20b%20fol./49/SECONDARY_DISPLAY" width="2464px" height="3527px"/>
			<graphic mimeType="pdf" url="AM%2077%20b%20fol./49/WEB_DISPLAY"/>
		</surface>
		<surface xml:id="AM02-0077-b-0023r" n="50">
			<desc>0023r</desc>
			<graphic mimeType="pdf" url="AM%2077%20b%20fol./50/HIGH_QUALITY_DISPLAY"/>
			<graphic mimeType="jpg" url="AM%2077%20b%20fol./50/THUMBNAIL" width="200px" height="286px"/>
			<graphic mimeType="jpg" url="AM%2077%20b%20fol./50/SECONDARY_DISPLAY" width="2464px" height="3517px"/>
			<graphic mimeType="pdf" url="AM%2077%20b%20fol./50/WEB_DISPLAY"/>
		</surface>
		<surface xml:id="AM02-0077-b-0023v" n="51">
			<desc>0023v</desc>
			<graphic mimeType="pdf" url="AM%2077%20b%20fol./51/HIGH_QUALITY_DISPLAY"/>
			<graphic mimeType="jpg" url="AM%2077%20b%20fol./51/THUMBNAIL" width="200px" height="287px"/>
			<graphic mimeType="jpg" url="AM%2077%20b%20fol./51/SECONDARY_DISPLAY" width="2464px" height="3530px"/>
			<graphic mimeType="pdf" url="AM%2077%20b%20fol./51/WEB_DISPLAY"/>
		</surface>
		<surface xml:id="AM02-0077-b-0024r" n="52">
			<desc>0024r</desc>
			<graphic mimeType="pdf" url="AM%2077%20b%20fol./52/HIGH_QUALITY_DISPLAY"/>
			<graphic mimeType="jpg" url="AM%2077%20b%20fol./52/THUMBNAIL" width="200px" height="287px"/>
			<graphic mimeType="jpg" url="AM%2077%20b%20fol./52/SECONDARY_DISPLAY" width="2464px" height="3532px"/>
			<graphic mimeType="pdf" url="AM%2077%20b%20fol./52/WEB_DISPLAY"/>
		</surface>
		<surface xml:id="AM02-0077-b-0024v" n="53">
			<desc>0024v</desc>
			<graphic mimeType="pdf" url="AM%2077%20b%20fol./53/HIGH_QUALITY_DISPLAY"/>
			<graphic mimeType="jpg" url="AM%2077%20b%20fol./53/THUMBNAIL" width="200px" height="287px"/>
			<graphic mimeType="jpg" url="AM%2077%20b%20fol./53/SECONDARY_DISPLAY" width="2464px" height="3531px"/>
			<graphic mimeType="pdf" url="AM%2077%20b%20fol./53/WEB_DISPLAY"/>
		</surface>
		<surface xml:id="AM02-0077-b-0025r" n="54">
			<desc>0025r</desc>
			<graphic mimeType="pdf" url="AM%2077%20b%20fol./54/HIGH_QUALITY_DISPLAY"/>
			<graphic mimeType="jpg" url="AM%2077%20b%20fol./54/THUMBNAIL" width="200px" height="286px"/>
			<graphic mimeType="jpg" url="AM%2077%20b%20fol./54/SECONDARY_DISPLAY" width="2464px" height="3527px"/>
			<graphic mimeType="pdf" url="AM%2077%20b%20fol./54/WEB_DISPLAY"/>
		</surface>
		<surface xml:id="AM02-0077-b-0025v" n="55">
			<desc>0025v</desc>
			<graphic mimeType="pdf" url="AM%2077%20b%20fol./55/HIGH_QUALITY_DISPLAY"/>
			<graphic mimeType="jpg" url="AM%2077%20b%20fol./55/THUMBNAIL" width="200px" height="287px"/>
			<graphic mimeType="jpg" url="AM%2077%20b%20fol./55/SECONDARY_DISPLAY" width="2464px" height="3530px"/>
			<graphic mimeType="pdf" url="AM%2077%20b%20fol./55/WEB_DISPLAY"/>
		</surface>
		<surface xml:id="AM02-0077-b-0026r" n="56">
			<desc>0026r</desc>
			<graphic mimeType="pdf" url="AM%2077%20b%20fol./56/HIGH_QUALITY_DISPLAY"/>
			<graphic mimeType="jpg" url="AM%2077%20b%20fol./56/THUMBNAIL" width="200px" height="287px"/>
			<graphic mimeType="jpg" url="AM%2077%20b%20fol./56/SECONDARY_DISPLAY" width="2464px" height="3532px"/>
			<graphic mimeType="pdf" url="AM%2077%20b%20fol./56/WEB_DISPLAY"/>
		</surface>
		<surface xml:id="AM02-0077-b-0026v" n="57">
			<desc>0026v</desc>
			<graphic mimeType="pdf" url="AM%2077%20b%20fol./57/HIGH_QUALITY_DISPLAY"/>
			<graphic mimeType="jpg" url="AM%2077%20b%20fol./57/THUMBNAIL" width="200px" height="286px"/>
			<graphic mimeType="jpg" url="AM%2077%20b%20fol./57/SECONDARY_DISPLAY" width="2456px" height="3517px"/>
			<graphic mimeType="pdf" url="AM%2077%20b%20fol./57/WEB_DISPLAY"/>
		</surface>
		<surface xml:id="AM02-0077-b-9901r-RFl" n="58">
			<desc>9901r-RFl</desc>
			<graphic mimeType="pdf" url="AM%2077%20b%20fol./58/HIGH_QUALITY_DISPLAY"/>
			<graphic mimeType="jpg" url="AM%2077%20b%20fol./58/THUMBNAIL" width="200px" height="287px"/>
			<graphic mimeType="jpg" url="AM%2077%20b%20fol./58/SECONDARY_DISPLAY" width="2456px" height="3528px"/>
			<graphic mimeType="pdf" url="AM%2077%20b%20fol./58/WEB_DISPLAY"/>
		</surface>
		<surface xml:id="AM02-0077-b-9901v-RFl" n="59">
			<desc>9901v-RFl</desc>
			<graphic mimeType="pdf" url="AM%2077%20b%20fol./59/HIGH_QUALITY_DISPLAY"/>
			<graphic mimeType="jpg" url="AM%2077%20b%20fol./59/THUMBNAIL" width="200px" height="287px"/>
			<graphic mimeType="jpg" url="AM%2077%20b%20fol./59/SECONDARY_DISPLAY" width="2456px" height="3529px"/>
			<graphic mimeType="pdf" url="AM%2077%20b%20fol./59/WEB_DISPLAY"/>
		</surface>
		<surface xml:id="AM02-0077-b-9902r-RFl" n="60">
			<desc>9902r-RFl</desc>
			<graphic mimeType="pdf" url="AM%2077%20b%20fol./60/HIGH_QUALITY_DISPLAY"/>
			<graphic mimeType="jpg" url="AM%2077%20b%20fol./60/THUMBNAIL" width="200px" height="287px"/>
			<graphic mimeType="jpg" url="AM%2077%20b%20fol./60/SECONDARY_DISPLAY" width="2456px" height="3521px"/>
			<graphic mimeType="pdf" url="AM%2077%20b%20fol./60/WEB_DISPLAY"/>
		</surface>
		<surface xml:id="AM02-0077-b-9902v-RFl" n="61">
			<desc>9902v-RFl</desc>
			<graphic mimeType="pdf" url="AM%2077%20b%20fol./61/HIGH_QUALITY_DISPLAY"/>
			<graphic mimeType="jpg" url="AM%2077%20b%20fol./61/THUMBNAIL" width="200px" height="287px"/>
			<graphic mimeType="jpg" url="AM%2077%20b%20fol./61/SECONDARY_DISPLAY" width="2456px" height="3525px"/>
			<graphic mimeType="pdf" url="AM%2077%20b%20fol./61/WEB_DISPLAY"/>
		</surface>
		<surface xml:id="AM02-0077-b-9999r-RB" n="62">
			<desc>9999r-RB</desc>
			<graphic mimeType="pdf" url="AM%2077%20b%20fol./62/HIGH_QUALITY_DISPLAY"/>
			<graphic mimeType="jpg" url="AM%2077%20b%20fol./62/THUMBNAIL" width="200px" height="287px"/>
			<graphic mimeType="jpg" url="AM%2077%20b%20fol./62/SECONDARY_DISPLAY" width="2456px" height="3528px"/>
			<graphic mimeType="pdf" url="AM%2077%20b%20fol./62/WEB_DISPLAY"/>
		</surface>
		<surface xml:id="AM02-0077-b-9999v-RB" n="63">
			<desc>9999v-RB</desc>
			<graphic mimeType="pdf" url="AM%2077%20b%20fol./63/HIGH_QUALITY_DISPLAY"/>
			<graphic mimeType="jpg" url="AM%2077%20b%20fol./63/THUMBNAIL" width="200px" height="287px"/>
			<graphic mimeType="jpg" url="AM%2077%20b%20fol./63/SECONDARY_DISPLAY" width="2456px" height="3521px"/>
			<graphic mimeType="pdf" url="AM%2077%20b%20fol./63/WEB_DISPLAY"/>
		</surface>
	</facsimile>
</TEI>