<?xml version="1.0" encoding="UTF-8"?>
<?oxygen RNGSchema="http://www.handrit.is/schema/handrit-1.0.rnc" type="compact"?>
<TEI xmlns="http://www.tei-c.org/ns/1.0">
   <teiHeader>
      <fileDesc>
         <titleStmt>
            <title type="main">AM 20 d fol.</title>
         </titleStmt>
         <publicationStmt>
            <authority>Den Arnamagnæanske Samling</authority>
            <pubPlace>København</pubPlace>
         </publicationStmt>
         <sourceDesc>
            <msDesc xml:id="AM02-0020-d-da" xml:lang="da">
               <msIdentifier>
                  <country>Danmark</country>
                  <settlement>København</settlement>
                  <repository>Den Arnamagnæanske Samling</repository>
                  <idno>AM 20 d fol.</idno>
                  <altIdentifier type="internal" subtype="KKKat">
                     <idno>34</idno>
                  </altIdentifier>
               </msIdentifier>
               <head>
                  <title>Knýtlinga saga</title>; <origPlace>Island/Danmark</origPlace>, <origDate notBefore="1675" notAfter="1725" evidence="conjecture" resp="KKKat">ca. 1700</origDate>. </head>
               <msContents>
                  <msItem defective="true">
                     <title type="uniform" xml:lang="is">Knýtlinga saga</title>
                     <textLang mainLang="is">Islandsk</textLang>
                     <rubric>Knytlinga saga</rubric>
                     <note>Ufuldendt afskrift af de første 27 kapitler.</note>
                     <explicit defective="true">þa vard hann sotdaudr</explicit>
                  </msItem>
               </msContents>
               <physDesc>
                  <objectDesc form="codex">
                     <supportDesc material="chart">
                        <support>
                           <p>
                              <material>Papir</material>.</p>
                        </support>
                        <extent>23. <dimensions type="leaf" scope="all" unit="mm">
                              <height>215</height>
                              <width>167</width>
                           </dimensions>.</extent>
                        <foliation>
                           <p>Folieret 1-23 med rødt blæk af <name type="person" key="KriKaa001">Kålund</name> (næsten bortvasket ved vådbehandling i <date when="1981">1981</date>)</p>
                           <p>Erstattet af blyantsfoliering 1981.</p>
                        </foliation>
                     </supportDesc>
                  </objectDesc>
                  <handDesc hands="2">
                     <handNote scribe="ArnMag001" scope="major" script="unknown">
                        <p>Skrevet dels af Arne Magnusson,</p>
                     </handNote>
                     <handNote scope="minor" script="unknown">dels af en anden samtidig
                        hånd.</handNote>
                  </handDesc>
                  <bindingDesc>
                     <binding contemporary="false">
                        <p>
                           <term>BD-standardbind</term> fra <date when="1981">1981</date> med
                           lærredsryg og -hjørner samt brunt lærredsovertræk. Bindstørrelse:
                              <dimensions type="binding" unit="mm">
                              <height>221</height>
                              <width>189</width>
                              <depth>12</depth>
                           </dimensions> På det nye spejl er <name type="person" key="KriKaa001">Kålund</name>s notits fra det gamle bind indklæbet.</p>
                     </binding>
                     <binding contemporary="false">
                        <p>Tidligere bind: fra perioden <date notBefore="1880" notAfter="1920">1880-1920</date>. Halvbind med lærredsryg og -hjørner og overtræk af
                           rødligt blankt kammarmor. Spejl og friblad af bøttepapir foran og bagi,
                           hvor <name type="person" key="KriKaa001">Kålund</name> på rectosiden af fribladet foran havde noteret: <q>23 blade
                                 <date when="1885-06-10">10/6-85</date>
                           </q>. Dette bind ligger i en
                           æske sammen med det nuværende bind.</p>
                     </binding>
                  </bindingDesc>
                  <accMat>På et løst omslag har <name type="person" key="ArnMag001">Arne
                        Magnusson</name> noteret: <q>Framan af Knytlinga Sgo feinged
                           <date when="1712-10">1712 i Octobri</date> hia M<hi rend="sup">r</hi>.
                           <name type="person" key="ThoTor001">Thormode Torfaſyne</name>
                           en<ex>n</ex> h<ex>an</ex>n hafde þad fyrrum fra mier
                     feinged.</q>
                  </accMat>
               </physDesc>
            </msDesc>
         </sourceDesc>
      </fileDesc>
   </teiHeader>
	<facsimile xml:base="https://myndir.handrit.is/file/Handrit.is/">
		<surface xml:id="AM02-0020-d-0000v-FB" n="0">
			<desc>0000v-FB</desc>
			<graphic mimeType="pdf" url="AM%2020%20d%20fol./0/HIGH_QUALITY_DISPLAY"/>
			<graphic mimeType="jpg" url="AM%2020%20d%20fol./0/THUMBNAIL" width="200px" height="272px"/>
			<graphic mimeType="jpg" url="AM%2020%20d%20fol./0/SECONDARY_DISPLAY" width="2088px" height="2844px"/>
			<graphic mimeType="pdf" url="AM%2020%20d%20fol./0/WEB_DISPLAY"/>
		</surface>
		<surface xml:id="AM02-0020-d-0001r" n="1">
			<desc>0001r</desc>
			<graphic mimeType="pdf" url="AM%2020%20d%20fol./1/HIGH_QUALITY_DISPLAY"/>
			<graphic mimeType="jpg" url="AM%2020%20d%20fol./1/THUMBNAIL" width="200px" height="273px"/>
			<graphic mimeType="jpg" url="AM%2020%20d%20fol./1/SECONDARY_DISPLAY" width="2080px" height="2836px"/>
			<graphic mimeType="pdf" url="AM%2020%20d%20fol./1/WEB_DISPLAY"/>
		</surface>
		<surface xml:id="AM02-0020-d-0001v" n="2">
			<desc>0001v</desc>
			<graphic mimeType="pdf" url="AM%2020%20d%20fol./2/HIGH_QUALITY_DISPLAY"/>
			<graphic mimeType="jpg" url="AM%2020%20d%20fol./2/THUMBNAIL" width="200px" height="273px"/>
			<graphic mimeType="jpg" url="AM%2020%20d%20fol./2/SECONDARY_DISPLAY" width="2080px" height="2838px"/>
			<graphic mimeType="pdf" url="AM%2020%20d%20fol./2/WEB_DISPLAY"/>
		</surface>
		<surface xml:id="AM02-0020-d-0002r" n="3">
			<desc>0002r</desc>
			<graphic mimeType="pdf" url="AM%2020%20d%20fol./3/HIGH_QUALITY_DISPLAY"/>
			<graphic mimeType="jpg" url="AM%2020%20d%20fol./3/THUMBNAIL" width="200px" height="274px"/>
			<graphic mimeType="jpg" url="AM%2020%20d%20fol./3/SECONDARY_DISPLAY" width="2080px" height="2845px"/>
			<graphic mimeType="pdf" url="AM%2020%20d%20fol./3/WEB_DISPLAY"/>
		</surface>
		<surface xml:id="AM02-0020-d-0002v" n="4">
			<desc>0002v</desc>
			<graphic mimeType="pdf" url="AM%2020%20d%20fol./4/HIGH_QUALITY_DISPLAY"/>
			<graphic mimeType="jpg" url="AM%2020%20d%20fol./4/THUMBNAIL" width="200px" height="273px"/>
			<graphic mimeType="jpg" url="AM%2020%20d%20fol./4/SECONDARY_DISPLAY" width="2080px" height="2841px"/>
			<graphic mimeType="pdf" url="AM%2020%20d%20fol./4/WEB_DISPLAY"/>
		</surface>
		<surface xml:id="AM02-0020-d-0003r" n="5">
			<desc>0003r</desc>
			<graphic mimeType="pdf" url="AM%2020%20d%20fol./5/HIGH_QUALITY_DISPLAY"/>
			<graphic mimeType="jpg" url="AM%2020%20d%20fol./5/THUMBNAIL" width="200px" height="272px"/>
			<graphic mimeType="jpg" url="AM%2020%20d%20fol./5/SECONDARY_DISPLAY" width="2080px" height="2831px"/>
			<graphic mimeType="pdf" url="AM%2020%20d%20fol./5/WEB_DISPLAY"/>
		</surface>
		<surface xml:id="AM02-0020-d-0003v" n="6">
			<desc>0003v</desc>
			<graphic mimeType="pdf" url="AM%2020%20d%20fol./6/HIGH_QUALITY_DISPLAY"/>
			<graphic mimeType="jpg" url="AM%2020%20d%20fol./6/THUMBNAIL" width="200px" height="273px"/>
			<graphic mimeType="jpg" url="AM%2020%20d%20fol./6/SECONDARY_DISPLAY" width="2080px" height="2841px"/>
			<graphic mimeType="pdf" url="AM%2020%20d%20fol./6/WEB_DISPLAY"/>
		</surface>
		<surface xml:id="AM02-0020-d-0004r" n="7">
			<desc>0004r</desc>
			<graphic mimeType="pdf" url="AM%2020%20d%20fol./7/HIGH_QUALITY_DISPLAY"/>
			<graphic mimeType="jpg" url="AM%2020%20d%20fol./7/THUMBNAIL" width="200px" height="273px"/>
			<graphic mimeType="jpg" url="AM%2020%20d%20fol./7/SECONDARY_DISPLAY" width="2080px" height="2837px"/>
			<graphic mimeType="pdf" url="AM%2020%20d%20fol./7/WEB_DISPLAY"/>
		</surface>
		<surface xml:id="AM02-0020-d-0004v" n="8">
			<desc>0004v</desc>
			<graphic mimeType="pdf" url="AM%2020%20d%20fol./8/HIGH_QUALITY_DISPLAY"/>
			<graphic mimeType="jpg" url="AM%2020%20d%20fol./8/THUMBNAIL" width="200px" height="274px"/>
			<graphic mimeType="jpg" url="AM%2020%20d%20fol./8/SECONDARY_DISPLAY" width="2080px" height="2844px"/>
			<graphic mimeType="pdf" url="AM%2020%20d%20fol./8/WEB_DISPLAY"/>
		</surface>
		<surface xml:id="AM02-0020-d-0005r" n="9">
			<desc>0005r</desc>
			<graphic mimeType="pdf" url="AM%2020%20d%20fol./9/HIGH_QUALITY_DISPLAY"/>
			<graphic mimeType="jpg" url="AM%2020%20d%20fol./9/THUMBNAIL" width="200px" height="274px"/>
			<graphic mimeType="jpg" url="AM%2020%20d%20fol./9/SECONDARY_DISPLAY" width="2080px" height="2852px"/>
			<graphic mimeType="pdf" url="AM%2020%20d%20fol./9/WEB_DISPLAY"/>
		</surface>
		<surface xml:id="AM02-0020-d-0005v" n="10">
			<desc>0005v</desc>
			<graphic mimeType="pdf" url="AM%2020%20d%20fol./10/HIGH_QUALITY_DISPLAY"/>
			<graphic mimeType="jpg" url="AM%2020%20d%20fol./10/THUMBNAIL" width="200px" height="273px"/>
			<graphic mimeType="jpg" url="AM%2020%20d%20fol./10/SECONDARY_DISPLAY" width="2080px" height="2838px"/>
			<graphic mimeType="pdf" url="AM%2020%20d%20fol./10/WEB_DISPLAY"/>
		</surface>
		<surface xml:id="AM02-0020-d-0006r" n="11">
			<desc>0006r</desc>
			<graphic mimeType="pdf" url="AM%2020%20d%20fol./11/HIGH_QUALITY_DISPLAY"/>
			<graphic mimeType="jpg" url="AM%2020%20d%20fol./11/THUMBNAIL" width="200px" height="272px"/>
			<graphic mimeType="jpg" url="AM%2020%20d%20fol./11/SECONDARY_DISPLAY" width="2080px" height="2832px"/>
			<graphic mimeType="pdf" url="AM%2020%20d%20fol./11/WEB_DISPLAY"/>
		</surface>
		<surface xml:id="AM02-0020-d-0006v" n="12">
			<desc>0006v</desc>
			<graphic mimeType="pdf" url="AM%2020%20d%20fol./12/HIGH_QUALITY_DISPLAY"/>
			<graphic mimeType="jpg" url="AM%2020%20d%20fol./12/THUMBNAIL" width="200px" height="273px"/>
			<graphic mimeType="jpg" url="AM%2020%20d%20fol./12/SECONDARY_DISPLAY" width="2080px" height="2835px"/>
			<graphic mimeType="pdf" url="AM%2020%20d%20fol./12/WEB_DISPLAY"/>
		</surface>
		<surface xml:id="AM02-0020-d-0007r" n="13">
			<desc>0007r</desc>
			<graphic mimeType="pdf" url="AM%2020%20d%20fol./13/HIGH_QUALITY_DISPLAY"/>
			<graphic mimeType="jpg" url="AM%2020%20d%20fol./13/THUMBNAIL" width="200px" height="273px"/>
			<graphic mimeType="jpg" url="AM%2020%20d%20fol./13/SECONDARY_DISPLAY" width="2080px" height="2842px"/>
			<graphic mimeType="pdf" url="AM%2020%20d%20fol./13/WEB_DISPLAY"/>
		</surface>
		<surface xml:id="AM02-0020-d-0007v" n="14">
			<desc>0007v</desc>
			<graphic mimeType="pdf" url="AM%2020%20d%20fol./14/HIGH_QUALITY_DISPLAY"/>
			<graphic mimeType="jpg" url="AM%2020%20d%20fol./14/THUMBNAIL" width="200px" height="273px"/>
			<graphic mimeType="jpg" url="AM%2020%20d%20fol./14/SECONDARY_DISPLAY" width="2080px" height="2835px"/>
			<graphic mimeType="pdf" url="AM%2020%20d%20fol./14/WEB_DISPLAY"/>
		</surface>
		<surface xml:id="AM02-0020-d-0008r" n="15">
			<desc>0008r</desc>
			<graphic mimeType="pdf" url="AM%2020%20d%20fol./15/HIGH_QUALITY_DISPLAY"/>
			<graphic mimeType="jpg" url="AM%2020%20d%20fol./15/THUMBNAIL" width="200px" height="273px"/>
			<graphic mimeType="jpg" url="AM%2020%20d%20fol./15/SECONDARY_DISPLAY" width="2080px" height="2841px"/>
			<graphic mimeType="pdf" url="AM%2020%20d%20fol./15/WEB_DISPLAY"/>
		</surface>
		<surface xml:id="AM02-0020-d-0008v" n="16">
			<desc>0008v</desc>
			<graphic mimeType="pdf" url="AM%2020%20d%20fol./16/HIGH_QUALITY_DISPLAY"/>
			<graphic mimeType="jpg" url="AM%2020%20d%20fol./16/THUMBNAIL" width="200px" height="273px"/>
			<graphic mimeType="jpg" url="AM%2020%20d%20fol./16/SECONDARY_DISPLAY" width="2080px" height="2837px"/>
			<graphic mimeType="pdf" url="AM%2020%20d%20fol./16/WEB_DISPLAY"/>
		</surface>
		<surface xml:id="AM02-0020-d-0009r" n="17">
			<desc>0009r</desc>
			<graphic mimeType="pdf" url="AM%2020%20d%20fol./17/HIGH_QUALITY_DISPLAY"/>
			<graphic mimeType="jpg" url="AM%2020%20d%20fol./17/THUMBNAIL" width="200px" height="274px"/>
			<graphic mimeType="jpg" url="AM%2020%20d%20fol./17/SECONDARY_DISPLAY" width="2080px" height="2848px"/>
			<graphic mimeType="pdf" url="AM%2020%20d%20fol./17/WEB_DISPLAY"/>
		</surface>
		<surface xml:id="AM02-0020-d-0009v" n="18">
			<desc>0009v</desc>
			<graphic mimeType="pdf" url="AM%2020%20d%20fol./18/HIGH_QUALITY_DISPLAY"/>
			<graphic mimeType="jpg" url="AM%2020%20d%20fol./18/THUMBNAIL" width="200px" height="273px"/>
			<graphic mimeType="jpg" url="AM%2020%20d%20fol./18/SECONDARY_DISPLAY" width="2080px" height="2837px"/>
			<graphic mimeType="pdf" url="AM%2020%20d%20fol./18/WEB_DISPLAY"/>
		</surface>
		<surface xml:id="AM02-0020-d-0010r" n="19">
			<desc>0010r</desc>
			<graphic mimeType="pdf" url="AM%2020%20d%20fol./19/HIGH_QUALITY_DISPLAY"/>
			<graphic mimeType="jpg" url="AM%2020%20d%20fol./19/THUMBNAIL" width="200px" height="273px"/>
			<graphic mimeType="jpg" url="AM%2020%20d%20fol./19/SECONDARY_DISPLAY" width="2080px" height="2838px"/>
			<graphic mimeType="pdf" url="AM%2020%20d%20fol./19/WEB_DISPLAY"/>
		</surface>
		<surface xml:id="AM02-0020-d-0010v" n="20">
			<desc>0010v</desc>
			<graphic mimeType="pdf" url="AM%2020%20d%20fol./20/HIGH_QUALITY_DISPLAY"/>
			<graphic mimeType="jpg" url="AM%2020%20d%20fol./20/THUMBNAIL" width="200px" height="274px"/>
			<graphic mimeType="jpg" url="AM%2020%20d%20fol./20/SECONDARY_DISPLAY" width="2080px" height="2844px"/>
			<graphic mimeType="pdf" url="AM%2020%20d%20fol./20/WEB_DISPLAY"/>
		</surface>
		<surface xml:id="AM02-0020-d-0011r" n="21">
			<desc>0011r</desc>
			<graphic mimeType="pdf" url="AM%2020%20d%20fol./21/HIGH_QUALITY_DISPLAY"/>
			<graphic mimeType="jpg" url="AM%2020%20d%20fol./21/THUMBNAIL" width="200px" height="274px"/>
			<graphic mimeType="jpg" url="AM%2020%20d%20fol./21/SECONDARY_DISPLAY" width="2080px" height="2844px"/>
			<graphic mimeType="pdf" url="AM%2020%20d%20fol./21/WEB_DISPLAY"/>
		</surface>
		<surface xml:id="AM02-0020-d-0011v" n="22">
			<desc>0011v</desc>
			<graphic mimeType="pdf" url="AM%2020%20d%20fol./22/HIGH_QUALITY_DISPLAY"/>
			<graphic mimeType="jpg" url="AM%2020%20d%20fol./22/THUMBNAIL" width="200px" height="273px"/>
			<graphic mimeType="jpg" url="AM%2020%20d%20fol./22/SECONDARY_DISPLAY" width="2080px" height="2841px"/>
			<graphic mimeType="pdf" url="AM%2020%20d%20fol./22/WEB_DISPLAY"/>
		</surface>
		<surface xml:id="AM02-0020-d-0012r" n="23">
			<desc>0012r</desc>
			<graphic mimeType="pdf" url="AM%2020%20d%20fol./23/HIGH_QUALITY_DISPLAY"/>
			<graphic mimeType="jpg" url="AM%2020%20d%20fol./23/THUMBNAIL" width="200px" height="273px"/>
			<graphic mimeType="jpg" url="AM%2020%20d%20fol./23/SECONDARY_DISPLAY" width="2080px" height="2834px"/>
			<graphic mimeType="pdf" url="AM%2020%20d%20fol./23/WEB_DISPLAY"/>
		</surface>
		<surface xml:id="AM02-0020-d-0012v" n="24">
			<desc>0012v</desc>
			<graphic mimeType="pdf" url="AM%2020%20d%20fol./24/HIGH_QUALITY_DISPLAY"/>
			<graphic mimeType="jpg" url="AM%2020%20d%20fol./24/THUMBNAIL" width="200px" height="272px"/>
			<graphic mimeType="jpg" url="AM%2020%20d%20fol./24/SECONDARY_DISPLAY" width="2080px" height="2830px"/>
			<graphic mimeType="pdf" url="AM%2020%20d%20fol./24/WEB_DISPLAY"/>
		</surface>
		<surface xml:id="AM02-0020-d-0013r" n="25">
			<desc>0013r</desc>
			<graphic mimeType="pdf" url="AM%2020%20d%20fol./25/HIGH_QUALITY_DISPLAY"/>
			<graphic mimeType="jpg" url="AM%2020%20d%20fol./25/THUMBNAIL" width="200px" height="273px"/>
			<graphic mimeType="jpg" url="AM%2020%20d%20fol./25/SECONDARY_DISPLAY" width="2080px" height="2836px"/>
			<graphic mimeType="pdf" url="AM%2020%20d%20fol./25/WEB_DISPLAY"/>
		</surface>
		<surface xml:id="AM02-0020-d-0013v" n="26">
			<desc>0013v</desc>
			<graphic mimeType="pdf" url="AM%2020%20d%20fol./26/HIGH_QUALITY_DISPLAY"/>
			<graphic mimeType="jpg" url="AM%2020%20d%20fol./26/THUMBNAIL" width="200px" height="272px"/>
			<graphic mimeType="jpg" url="AM%2020%20d%20fol./26/SECONDARY_DISPLAY" width="2088px" height="2837px"/>
			<graphic mimeType="pdf" url="AM%2020%20d%20fol./26/WEB_DISPLAY"/>
		</surface>
		<surface xml:id="AM02-0020-d-0014r" n="27">
			<desc>0014r</desc>
			<graphic mimeType="pdf" url="AM%2020%20d%20fol./27/HIGH_QUALITY_DISPLAY"/>
			<graphic mimeType="jpg" url="AM%2020%20d%20fol./27/THUMBNAIL" width="200px" height="273px"/>
			<graphic mimeType="jpg" url="AM%2020%20d%20fol./27/SECONDARY_DISPLAY" width="2080px" height="2843px"/>
			<graphic mimeType="pdf" url="AM%2020%20d%20fol./27/WEB_DISPLAY"/>
		</surface>
		<surface xml:id="AM02-0020-d-0014v" n="28">
			<desc>0014v</desc>
			<graphic mimeType="pdf" url="AM%2020%20d%20fol./28/HIGH_QUALITY_DISPLAY"/>
			<graphic mimeType="jpg" url="AM%2020%20d%20fol./28/THUMBNAIL" width="200px" height="273px"/>
			<graphic mimeType="jpg" url="AM%2020%20d%20fol./28/SECONDARY_DISPLAY" width="2080px" height="2840px"/>
			<graphic mimeType="pdf" url="AM%2020%20d%20fol./28/WEB_DISPLAY"/>
		</surface>
		<surface xml:id="AM02-0020-d-0015r" n="29">
			<desc>0015r</desc>
			<graphic mimeType="pdf" url="AM%2020%20d%20fol./29/HIGH_QUALITY_DISPLAY"/>
			<graphic mimeType="jpg" url="AM%2020%20d%20fol./29/THUMBNAIL" width="200px" height="273px"/>
			<graphic mimeType="jpg" url="AM%2020%20d%20fol./29/SECONDARY_DISPLAY" width="2080px" height="2840px"/>
			<graphic mimeType="pdf" url="AM%2020%20d%20fol./29/WEB_DISPLAY"/>
		</surface>
		<surface xml:id="AM02-0020-d-0015v" n="30">
			<desc>0015v</desc>
			<graphic mimeType="pdf" url="AM%2020%20d%20fol./30/HIGH_QUALITY_DISPLAY"/>
			<graphic mimeType="jpg" url="AM%2020%20d%20fol./30/THUMBNAIL" width="200px" height="274px"/>
			<graphic mimeType="jpg" url="AM%2020%20d%20fol./30/SECONDARY_DISPLAY" width="2080px" height="2845px"/>
			<graphic mimeType="pdf" url="AM%2020%20d%20fol./30/WEB_DISPLAY"/>
		</surface>
		<surface xml:id="AM02-0020-d-0016r" n="31">
			<desc>0016r</desc>
			<graphic mimeType="pdf" url="AM%2020%20d%20fol./31/HIGH_QUALITY_DISPLAY"/>
			<graphic mimeType="jpg" url="AM%2020%20d%20fol./31/THUMBNAIL" width="200px" height="273px"/>
			<graphic mimeType="jpg" url="AM%2020%20d%20fol./31/SECONDARY_DISPLAY" width="2080px" height="2836px"/>
			<graphic mimeType="pdf" url="AM%2020%20d%20fol./31/WEB_DISPLAY"/>
		</surface>
		<surface xml:id="AM02-0020-d-0016v" n="32">
			<desc>0016v</desc>
			<graphic mimeType="pdf" url="AM%2020%20d%20fol./32/HIGH_QUALITY_DISPLAY"/>
			<graphic mimeType="jpg" url="AM%2020%20d%20fol./32/THUMBNAIL" width="200px" height="273px"/>
			<graphic mimeType="jpg" url="AM%2020%20d%20fol./32/SECONDARY_DISPLAY" width="2080px" height="2840px"/>
			<graphic mimeType="pdf" url="AM%2020%20d%20fol./32/WEB_DISPLAY"/>
		</surface>
		<surface xml:id="AM02-0020-d-0017r" n="33">
			<desc>0017r</desc>
			<graphic mimeType="pdf" url="AM%2020%20d%20fol./33/HIGH_QUALITY_DISPLAY"/>
			<graphic mimeType="jpg" url="AM%2020%20d%20fol./33/THUMBNAIL" width="200px" height="272px"/>
			<graphic mimeType="jpg" url="AM%2020%20d%20fol./33/SECONDARY_DISPLAY" width="2080px" height="2832px"/>
			<graphic mimeType="pdf" url="AM%2020%20d%20fol./33/WEB_DISPLAY"/>
		</surface>
		<surface xml:id="AM02-0020-d-0017v" n="34">
			<desc>0017v</desc>
			<graphic mimeType="pdf" url="AM%2020%20d%20fol./34/HIGH_QUALITY_DISPLAY"/>
			<graphic mimeType="jpg" url="AM%2020%20d%20fol./34/THUMBNAIL" width="200px" height="274px"/>
			<graphic mimeType="jpg" url="AM%2020%20d%20fol./34/SECONDARY_DISPLAY" width="2080px" height="2844px"/>
			<graphic mimeType="pdf" url="AM%2020%20d%20fol./34/WEB_DISPLAY"/>
		</surface>
		<surface xml:id="AM02-0020-d-0018r" n="35">
			<desc>0018r</desc>
			<graphic mimeType="pdf" url="AM%2020%20d%20fol./35/HIGH_QUALITY_DISPLAY"/>
			<graphic mimeType="jpg" url="AM%2020%20d%20fol./35/THUMBNAIL" width="200px" height="273px"/>
			<graphic mimeType="jpg" url="AM%2020%20d%20fol./35/SECONDARY_DISPLAY" width="2080px" height="2841px"/>
			<graphic mimeType="pdf" url="AM%2020%20d%20fol./35/WEB_DISPLAY"/>
		</surface>
		<surface xml:id="AM02-0020-d-0018v" n="36">
			<desc>0018v</desc>
			<graphic mimeType="pdf" url="AM%2020%20d%20fol./36/HIGH_QUALITY_DISPLAY"/>
			<graphic mimeType="jpg" url="AM%2020%20d%20fol./36/THUMBNAIL" width="200px" height="272px"/>
			<graphic mimeType="jpg" url="AM%2020%20d%20fol./36/SECONDARY_DISPLAY" width="2080px" height="2832px"/>
			<graphic mimeType="pdf" url="AM%2020%20d%20fol./36/WEB_DISPLAY"/>
		</surface>
		<surface xml:id="AM02-0020-d-0019r" n="37">
			<desc>0019r</desc>
			<graphic mimeType="pdf" url="AM%2020%20d%20fol./37/HIGH_QUALITY_DISPLAY"/>
			<graphic mimeType="jpg" url="AM%2020%20d%20fol./37/THUMBNAIL" width="200px" height="274px"/>
			<graphic mimeType="jpg" url="AM%2020%20d%20fol./37/SECONDARY_DISPLAY" width="2080px" height="2847px"/>
			<graphic mimeType="pdf" url="AM%2020%20d%20fol./37/WEB_DISPLAY"/>
		</surface>
		<surface xml:id="AM02-0020-d-0019v" n="38">
			<desc>0019v</desc>
			<graphic mimeType="pdf" url="AM%2020%20d%20fol./38/HIGH_QUALITY_DISPLAY"/>
			<graphic mimeType="jpg" url="AM%2020%20d%20fol./38/THUMBNAIL" width="200px" height="273px"/>
			<graphic mimeType="jpg" url="AM%2020%20d%20fol./38/SECONDARY_DISPLAY" width="2080px" height="2839px"/>
			<graphic mimeType="pdf" url="AM%2020%20d%20fol./38/WEB_DISPLAY"/>
		</surface>
		<surface xml:id="AM02-0020-d-0020r" n="39">
			<desc>0020r</desc>
			<graphic mimeType="pdf" url="AM%2020%20d%20fol./39/HIGH_QUALITY_DISPLAY"/>
			<graphic mimeType="jpg" url="AM%2020%20d%20fol./39/THUMBNAIL" width="200px" height="273px"/>
			<graphic mimeType="jpg" url="AM%2020%20d%20fol./39/SECONDARY_DISPLAY" width="2080px" height="2838px"/>
			<graphic mimeType="pdf" url="AM%2020%20d%20fol./39/WEB_DISPLAY"/>
		</surface>
		<surface xml:id="AM02-0020-d-0020v" n="40">
			<desc>0020v</desc>
			<graphic mimeType="pdf" url="AM%2020%20d%20fol./40/HIGH_QUALITY_DISPLAY"/>
			<graphic mimeType="jpg" url="AM%2020%20d%20fol./40/THUMBNAIL" width="200px" height="273px"/>
			<graphic mimeType="jpg" url="AM%2020%20d%20fol./40/SECONDARY_DISPLAY" width="2080px" height="2842px"/>
			<graphic mimeType="pdf" url="AM%2020%20d%20fol./40/WEB_DISPLAY"/>
		</surface>
		<surface xml:id="AM02-0020-d-0021r" n="41">
			<desc>0021r</desc>
			<graphic mimeType="pdf" url="AM%2020%20d%20fol./41/HIGH_QUALITY_DISPLAY"/>
			<graphic mimeType="jpg" url="AM%2020%20d%20fol./41/THUMBNAIL" width="200px" height="273px"/>
			<graphic mimeType="jpg" url="AM%2020%20d%20fol./41/SECONDARY_DISPLAY" width="2080px" height="2841px"/>
			<graphic mimeType="pdf" url="AM%2020%20d%20fol./41/WEB_DISPLAY"/>
		</surface>
		<surface xml:id="AM02-0020-d-0021v" n="42">
			<desc>0021v</desc>
			<graphic mimeType="pdf" url="AM%2020%20d%20fol./42/HIGH_QUALITY_DISPLAY"/>
			<graphic mimeType="jpg" url="AM%2020%20d%20fol./42/THUMBNAIL" width="200px" height="273px"/>
			<graphic mimeType="jpg" url="AM%2020%20d%20fol./42/SECONDARY_DISPLAY" width="2080px" height="2840px"/>
			<graphic mimeType="pdf" url="AM%2020%20d%20fol./42/WEB_DISPLAY"/>
		</surface>
		<surface xml:id="AM02-0020-d-0022r" n="43">
			<desc>0022r</desc>
			<graphic mimeType="pdf" url="AM%2020%20d%20fol./43/HIGH_QUALITY_DISPLAY"/>
			<graphic mimeType="jpg" url="AM%2020%20d%20fol./43/THUMBNAIL" width="200px" height="273px"/>
			<graphic mimeType="jpg" url="AM%2020%20d%20fol./43/SECONDARY_DISPLAY" width="2080px" height="2834px"/>
			<graphic mimeType="pdf" url="AM%2020%20d%20fol./43/WEB_DISPLAY"/>
		</surface>
		<surface xml:id="AM02-0020-d-0022v" n="44">
			<desc>0022v</desc>
			<graphic mimeType="pdf" url="AM%2020%20d%20fol./44/HIGH_QUALITY_DISPLAY"/>
			<graphic mimeType="jpg" url="AM%2020%20d%20fol./44/THUMBNAIL" width="200px" height="273px"/>
			<graphic mimeType="jpg" url="AM%2020%20d%20fol./44/SECONDARY_DISPLAY" width="2080px" height="2838px"/>
			<graphic mimeType="pdf" url="AM%2020%20d%20fol./44/WEB_DISPLAY"/>
		</surface>
		<surface xml:id="AM02-0020-d-0023r" n="45">
			<desc>0023r</desc>
			<graphic mimeType="pdf" url="AM%2020%20d%20fol./45/HIGH_QUALITY_DISPLAY"/>
			<graphic mimeType="jpg" url="AM%2020%20d%20fol./45/THUMBNAIL" width="200px" height="273px"/>
			<graphic mimeType="jpg" url="AM%2020%20d%20fol./45/SECONDARY_DISPLAY" width="2080px" height="2838px"/>
			<graphic mimeType="pdf" url="AM%2020%20d%20fol./45/WEB_DISPLAY"/>
		</surface>
		<surface xml:id="AM02-0020-d-0023v" n="46">
			<desc>0023v</desc>
			<graphic mimeType="pdf" url="AM%2020%20d%20fol./46/HIGH_QUALITY_DISPLAY"/>
			<graphic mimeType="jpg" url="AM%2020%20d%20fol./46/THUMBNAIL" width="200px" height="274px"/>
			<graphic mimeType="jpg" url="AM%2020%20d%20fol./46/SECONDARY_DISPLAY" width="2080px" height="2844px"/>
			<graphic mimeType="pdf" url="AM%2020%20d%20fol./46/WEB_DISPLAY"/>
		</surface>
		<surface xml:id="AM02-0020-d-9999r-RB" n="47">
			<desc>9999r-RB</desc>
			<graphic mimeType="pdf" url="AM%2020%20d%20fol./47/HIGH_QUALITY_DISPLAY"/>
			<graphic mimeType="jpg" url="AM%2020%20d%20fol./47/THUMBNAIL" width="200px" height="274px"/>
			<graphic mimeType="jpg" url="AM%2020%20d%20fol./47/SECONDARY_DISPLAY" width="2080px" height="2848px"/>
			<graphic mimeType="pdf" url="AM%2020%20d%20fol./47/WEB_DISPLAY"/>
		</surface>
		<surface xml:id="AM02-0020-d-accMat01r" n="48">
			<desc>accMat01r</desc>
			<graphic mimeType="pdf" url="AM%2020%20d%20fol./48/HIGH_QUALITY_DISPLAY"/>
			<graphic mimeType="jpg" url="AM%2020%20d%20fol./48/THUMBNAIL" width="200px" height="271px"/>
			<graphic mimeType="jpg" url="AM%2020%20d%20fol./48/SECONDARY_DISPLAY" width="2088px" height="2832px"/>
			<graphic mimeType="pdf" url="AM%2020%20d%20fol./48/WEB_DISPLAY"/>
		</surface>
		<surface xml:id="AM02-0020-d-accMat01v" n="49">
			<desc>accMat01v</desc>
			<graphic mimeType="pdf" url="AM%2020%20d%20fol./49/HIGH_QUALITY_DISPLAY"/>
			<graphic mimeType="jpg" url="AM%2020%20d%20fol./49/THUMBNAIL" width="200px" height="272px"/>
			<graphic mimeType="jpg" url="AM%2020%20d%20fol./49/SECONDARY_DISPLAY" width="2088px" height="2844px"/>
			<graphic mimeType="pdf" url="AM%2020%20d%20fol./49/WEB_DISPLAY"/>
		</surface>
	</facsimile>
</TEI>