<?xml version="1.0" encoding="UTF-8"?>
<?oxygen RNGSchema="http://www.handrit.is/schema/handrit-1.0.rnc" type="compact"?>
<TEI xmlns="http://www.tei-c.org/ns/1.0">
    <teiHeader>
        <fileDesc>
            <titleStmt>
                <title type="main">AM 20 b II fol.</title>
            </titleStmt>
            <publicationStmt>
                <authority>Den Arnamagnæanske Samling</authority>
                <pubPlace>København</pubPlace>
            </publicationStmt>
            <sourceDesc>
                <msDesc xml:id="AM02-0020-b-II-da" xml:lang="da">
                    <msIdentifier>
                        <country>Denmark</country>
                        <settlement>København</settlement>
                        <repository>Den Arnamagnæanske Samling</repository>
                        <idno>AM 20 b II fol.</idno>
                        <altIdentifier type="internal" subtype="KKKat">
                            <idno>32</idno>
                        </altIdentifier>
                    </msIdentifier>
                    <head>
                        <title type="uniform" xml:lang="is">Knýtlinga saga</title>
                        <origPlace>Island</origPlace>
                        <origDate notBefore="1300" notAfter="1324" evidence="conjecture" cert="high">s. XIV 1/4</origDate>
                    </head>
                    <msContents>
                        <msItem>
                            <locus from="1ra" facs="#AM02-0020-b-II-1ra" to="3vb">1ra-3vb</locus>
                            <title>Knýtlinga saga</title>
                            <textLang mainLang="non">Norrønt/Islandsk</textLang>
                            <msItem n="1.1">
                                <locus from="1ra:1" facs="#AM02-0020-b-II-1ra:1" to="1vb:30">1ra:1-1vb:30</locus>
                                <incipit defective="true">Knutr k<ex>onung</ex>r var a veizlu at
                                        fæv<ex>ar</ex>enda</incipit>
                                <explicit defective="true">er t<ex>il</ex> h<ex>an</ex>ſ
                                    mæla vel en hin<ex>ir</ex> e<ex>r</ex> h<ex>anu</ex>m
                                    hall</explicit>
                                <bibl>
                                    <ref type="primary-2" target="FMS11">Fornmanna sögur</ref>
                                    <biblScope type="volume">XI</biblScope>
                                    <biblScope type="pages">255-260</biblScope>
                                </bibl>
                            </msItem>
                            <msItem n="1.2">
                                <locus from="2ra:1" facs="#AM02-0020-b-II-2ra:1" to="2vb:30">2ra:1-2vb:30</locus>
                                <incipit defective="true">er þ<ex>at</ex> þikc<ex>ir</ex>
                                        bett<ex>ra</ex> en þ<ex>ei</ex>r b<ex>er</ex>iaz er
                                        þ<ex>at</ex> er makara</incipit>
                                <explicit defective="true">elzti ſ<ex>on</ex>
                                        s<ex>veins</ex> k<ex>onun</ex>gs skylldi k<ex>onung</ex>r
                                        <ex>ver</ex>a. dan<ex>ir</ex> tavl<supplied reason="unknown">vdo</supplied>
                        </explicit>
                                <bibl>
                                    <ref type="primary-2" target="FMS11">Fornmanna sögur</ref>
                                    <biblScope type="volume">XI</biblScope>
                                    <biblScope type="pages">277-281</biblScope>
                                </bibl>
                            </msItem>
                            <msItem n="1.3">
                                <locus from="3ra:15" facs="#AM02-0020-b-II-3ra:15" to="3vb:30">3ra:15-3vb:30</locus>
                                <incipit defective="true">
                           <gap reason="lacuna" extent="14 linjer"/>Bliðan gǽddi biortum auði</incipit>
                                <explicit defective="true">þ<ex>ei</ex>ʀa d<ex>ottir</ex>
                                    hét k<ex>ri</ex>stin er atti eir<ex>ikr</ex>
                        </explicit>
                                <bibl>
                                    <ref type="primary-2" target="FMS11">Fornmanna sögur</ref>
                                    <biblScope type="volume">XI</biblScope>
                                    <biblScope type="pages">313-318</biblScope>
                                </bibl>
                                <bibl>
                           <ref type="primary" target="AntR">Antiquités
                                        Russes</ref>
                           <biblScope type="volume">II</biblScope>,
                                        <biblScope type="pages">128</biblScope>
                        </bibl>
                            </msItem>
                        </msItem>
                    </msContents>
                    <physDesc>
                        <objectDesc form="codex">
                            <supportDesc material="perg">
                                <support>
                                    <p>
                                        <material>Pergament.</material>
                                    </p>
                                </support>
                                <extent>3. <dimensions type="leaf" scope="all">
                                        <height>290</height>
                                        <width>217</width>
                                    </dimensions>
                        </extent>
                                <foliation>Folieret 1-3 med rødt blæk af <name type="person" key="KriKaa001">Kålund</name>.</foliation>
                                <condition>
                                    <p>Bl. 1 og 2 er begge slidte og hullede; kun nederste del af
                                        bl. 3 er bevaret. At de tre blade har tidligere været brugt
                                        til bogbind ses af de tydelige folder på hvert blad. </p>
                                </condition>
                            </supportDesc>
                            <layoutDesc>
                                <layout columns="2">
                                    <p>Teksten er dobbeltspaltet med 30 linjer pr. spalte.</p>
                                </layout>
                            </layoutDesc>
                        </objectDesc>
                        <decoDesc>
                            <decoNote type="initial" subtype="majuscules">
                                <p>Røde rubrikker. Røde initialer, nogle af dem er forsirede med
                                    blåt blæk.</p>
                            </decoNote>
                        </decoDesc>
                        <bindingDesc>
                            <binding contemporary="false">
                                <p>Fra perioden <date notBefore="1880" notAfter="1920">1880-1920</date>. Halvbind med pergamentryg og -hjørner,
                                    overtræk af rødligt bakkemarmor (sneglemarmor) med gule, grønne
                                    og blå farver. Overtrækket er meget falmet øverst på bagperm.
                                    Bindstørrelse: <dimensions type="binding" unit="mm">
                                        <height>306</height>
                                        <width>231</width>
                                        <depth>10</depth>
                                    </dimensions>
                        </p>
                                <p>Kålunds notits: <q>2½ bl.(+1 AMsk seddel), <date when="1885-06-10">10/6-85</date>
                           </q> er <date when="1997">1997</date> skåret ud af den gamle forsats og
                                    klæbet på det nye spejl.</p>
                            </binding>
                        </bindingDesc>
                        <accMat>
                            <p>En AM-seddel er klæbet ind på bl.<locus facs="#AM02-0020-b-II-0002r">2</locus>, hvor der står:
                                    <q xml:lang="is">Feingid 1710. af <name type="person" key="JonHan001">Jone Hanneſſyne</name> i
                                        <name type="place" key="ReyRey012">Reykiarfirde</name>,
                                    utanum qver. og hafdi qvered ätt <name type="person" key="HanGun001">Han<ex>n</ex>es
                                        Gun<ex>n</ex>laugsſon</name>. Kynni &amp;
                                    blden þeſſe leingur utanum
                                    qvered vered hafa, þvi sumt i qverenu var nærri 100. ara
                                    gamallt.</q>
                     </p>
                        </accMat>
                    </physDesc>
                    <history>
                        <origin>
                            <p>Skrevet i <origPlace>Island</origPlace>. <name type="person" key="KriKaa001">Kristian Kålund</name> har dateret håndskriftet
                                til <date notBefore="1300" notAfter="1399" evidence="conjecture">1300-tallet</date>, mens <name type="person" key="SteKar001">Stefán Karlsson</name> har dateret det mere
                                præcist til <origDate evidence="conjecture" notBefore="1300" notAfter="1324" cert="high">begyndelsen af
                                    1300-tallet</origDate>.</p>
                        </origin>
                        <provenance>
                            <p>
                        <name type="person" key="ArnMag001">Arne Magnusson</name> nævner to
                                ejere: <name type="person" key="HanGun001">Hannes
                                    Gunnlaugsson</name> og sønnen <name type="person" key="JonHan001">Jón Hannesson</name> på <name type="place" key="ReyRey012">Reykjarfjorður</name>.</p>
                        </provenance>
                        <acquisition>
                            <p>
                        <name type="person" key="ArnMag001">Arne Magnusson</name> erhvervede
                                håndskriftet i <date when="1710">1710</date> fra <name type="person" key="JonHan001">Jón Hannesson</name> på <name type="place" key="ReyRey012">Reykjarfjörður</name>.</p>
                        </acquisition>
                    </history>
                    <additional>
                        <adminInfo>
                            <recordHist>
                                <source>
                                    <p>Katalogiseret <date when="1999-09-15">15 september 1999</date>
                                        af <name type="person" key="EvaWed001">EW-J</name>. </p>
                                </source>
                            </recordHist>
                            <custodialHist>
                                <custEvent type="photography">
                                    <p>Fotograferet i <date when="1977">1977</date>.</p>
                                </custEvent>
                                <custEvent type="photography">
                                    <p>Fotografier med UV-lys taget i
                                            <date when="1977">1977</date>.</p>
                                </custEvent>
                            </custodialHist>
                        </adminInfo>
                        <surrogates>
                            <p>
                                <listBibl>
                                    <bibl>
                                        <title type="gmd">70 mm</title>
                                        <idno>234</idno>
                                        <date when="1977">1977</date>
                                    </bibl>
                                    <bibl>
                                        <title type="gmd">s/h fotografier</title>
                                        <idno>AM 20 b II fol.</idno>
                                    </bibl>
                                </listBibl>
                            </p>
                        </surrogates>
                    </additional>
                </msDesc>
            </sourceDesc>
        </fileDesc>
        <revisionDesc>
            <change>Engelsk version tjekket <date when="2000-08-30">30 august 2000</date> af <name type="person" key="MatDri001">MJD</name>.</change>
            <change>Oversat til dansk <date when="2009-05-19">19 maj 2005</date> af <name type="person" key="EvaWed001"/>
         </change>
        </revisionDesc>
    </teiHeader>
	<facsimile xml:base="https://myndir.handrit.is/file/Handrit.is/">
		<surface xml:id="AM02-0020-b-II-0000r-FB" n="0">
			<desc>0000r-FB</desc>
			<graphic mimeType="pdf" url="AM%2020%20b%20II%20fol./0/HIGH_QUALITY_DISPLAY"/>
			<graphic mimeType="jpg" url="AM%2020%20b%20II%20fol./0/THUMBNAIL" width="200px" height="286px"/>
			<graphic mimeType="jpg" url="AM%2020%20b%20II%20fol./0/SECONDARY_DISPLAY" width="2464px" height="3525px"/>
			<graphic mimeType="pdf" url="AM%2020%20b%20II%20fol./0/WEB_DISPLAY"/>
		</surface>
		<surface xml:id="AM02-0020-b-II-0001r-FFl" n="1">
			<desc>0001r-FFl</desc>
			<graphic mimeType="pdf" url="AM%2020%20b%20II%20fol./1/HIGH_QUALITY_DISPLAY"/>
			<graphic mimeType="jpg" url="AM%2020%20b%20II%20fol./1/THUMBNAIL" width="200px" height="278px"/>
			<graphic mimeType="jpg" url="AM%2020%20b%20II%20fol./1/SECONDARY_DISPLAY" width="2552px" height="3548px"/>
			<graphic mimeType="pdf" url="AM%2020%20b%20II%20fol./1/WEB_DISPLAY"/>
		</surface>
		<surface xml:id="AM02-0020-b-II-0001r" n="2">
			<desc>0001r</desc>
			<graphic mimeType="pdf" url="AM%2020%20b%20II%20fol./2/HIGH_QUALITY_DISPLAY"/>
			<graphic mimeType="jpg" url="AM%2020%20b%20II%20fol./2/THUMBNAIL" width="200px" height="278px"/>
			<graphic mimeType="jpg" url="AM%2020%20b%20II%20fol./2/SECONDARY_DISPLAY" width="2552px" height="3548px"/>
			<graphic mimeType="pdf" url="AM%2020%20b%20II%20fol./2/WEB_DISPLAY"/>
		</surface>
		<surface xml:id="AM02-0020-b-II-0001v" n="3">
			<desc>0001v</desc>
			<graphic mimeType="pdf" url="AM%2020%20b%20II%20fol./3/HIGH_QUALITY_DISPLAY"/>
			<graphic mimeType="jpg" url="AM%2020%20b%20II%20fol./3/THUMBNAIL" width="200px" height="279px"/>
			<graphic mimeType="jpg" url="AM%2020%20b%20II%20fol./3/SECONDARY_DISPLAY" width="2552px" height="3557px"/>
			<graphic mimeType="pdf" url="AM%2020%20b%20II%20fol./3/WEB_DISPLAY"/>
		</surface>
		<surface xml:id="AM02-0020-b-II-0002r" n="4">
			<desc>0002r</desc>
			<graphic mimeType="pdf" url="AM%2020%20b%20II%20fol./4/HIGH_QUALITY_DISPLAY"/>
			<graphic mimeType="jpg" url="AM%2020%20b%20II%20fol./4/THUMBNAIL" width="200px" height="280px"/>
			<graphic mimeType="jpg" url="AM%2020%20b%20II%20fol./4/SECONDARY_DISPLAY" width="2560px" height="3580px"/>
			<graphic mimeType="pdf" url="AM%2020%20b%20II%20fol./4/WEB_DISPLAY"/>
		</surface>
		<surface xml:id="AM02-0020-b-II-0002v" n="5">
			<desc>0002v</desc>
			<graphic mimeType="pdf" url="AM%2020%20b%20II%20fol./5/HIGH_QUALITY_DISPLAY"/>
			<graphic mimeType="jpg" url="AM%2020%20b%20II%20fol./5/THUMBNAIL" width="200px" height="279px"/>
			<graphic mimeType="jpg" url="AM%2020%20b%20II%20fol./5/SECONDARY_DISPLAY" width="2560px" height="3568px"/>
			<graphic mimeType="pdf" url="AM%2020%20b%20II%20fol./5/WEB_DISPLAY"/>
		</surface>
		<surface xml:id="AM02-0020-b-II-0003r" n="6">
			<desc>0003r</desc>
			<graphic mimeType="pdf" url="AM%2020%20b%20II%20fol./6/HIGH_QUALITY_DISPLAY"/>
			<graphic mimeType="jpg" url="AM%2020%20b%20II%20fol./6/THUMBNAIL" width="200px" height="279px"/>
			<graphic mimeType="jpg" url="AM%2020%20b%20II%20fol./6/SECONDARY_DISPLAY" width="2552px" height="3554px"/>
			<graphic mimeType="pdf" url="AM%2020%20b%20II%20fol./6/WEB_DISPLAY"/>
		</surface>
		<surface xml:id="AM02-0020-b-II-0003v" n="7">
			<desc>0003v</desc>
			<graphic mimeType="pdf" url="AM%2020%20b%20II%20fol./7/HIGH_QUALITY_DISPLAY"/>
			<graphic mimeType="jpg" url="AM%2020%20b%20II%20fol./7/THUMBNAIL" width="200px" height="278px"/>
			<graphic mimeType="jpg" url="AM%2020%20b%20II%20fol./7/SECONDARY_DISPLAY" width="2552px" height="3548px"/>
			<graphic mimeType="pdf" url="AM%2020%20b%20II%20fol./7/WEB_DISPLAY"/>
		</surface>
		<surface xml:id="AM02-0020-b-II-9999v-RB" n="8">
			<desc>9999v-RB</desc>
			<graphic mimeType="pdf" url="AM%2020%20b%20II%20fol./8/HIGH_QUALITY_DISPLAY"/>
			<graphic mimeType="jpg" url="AM%2020%20b%20II%20fol./8/THUMBNAIL" width="200px" height="286px"/>
			<graphic mimeType="jpg" url="AM%2020%20b%20II%20fol./8/SECONDARY_DISPLAY" width="2464px" height="3518px"/>
			<graphic mimeType="pdf" url="AM%2020%20b%20II%20fol./8/WEB_DISPLAY"/>
		</surface>
		<surface xml:id="AM02-0020-b-II-accMat01r" n="9">
			<desc>accMat01r</desc>
			<graphic mimeType="pdf" url="AM%2020%20b%20II%20fol./9/HIGH_QUALITY_DISPLAY"/>
			<graphic mimeType="jpg" url="AM%2020%20b%20II%20fol./9/THUMBNAIL" width="200px" height="278px"/>
			<graphic mimeType="jpg" url="AM%2020%20b%20II%20fol./9/SECONDARY_DISPLAY" width="2552px" height="3552px"/>
			<graphic mimeType="pdf" url="AM%2020%20b%20II%20fol./9/WEB_DISPLAY"/>
		</surface>
		<surface xml:id="AM02-0020-b-II-accMat01v" n="10">
			<desc>accMat01v</desc>
			<graphic mimeType="pdf" url="AM%2020%20b%20II%20fol./10/HIGH_QUALITY_DISPLAY"/>
			<graphic mimeType="jpg" url="AM%2020%20b%20II%20fol./10/THUMBNAIL" width="200px" height="277px"/>
			<graphic mimeType="jpg" url="AM%2020%20b%20II%20fol./10/SECONDARY_DISPLAY" width="2560px" height="3549px"/>
			<graphic mimeType="pdf" url="AM%2020%20b%20II%20fol./10/WEB_DISPLAY"/>
		</surface>
		<surface xml:id="AM02-0020-b-II-accMat02r" n="11">
			<desc>accMat02r</desc>
			<graphic mimeType="pdf" url="AM%2020%20b%20II%20fol./11/HIGH_QUALITY_DISPLAY"/>
			<graphic mimeType="jpg" url="AM%2020%20b%20II%20fol./11/THUMBNAIL" width="200px" height="277px"/>
			<graphic mimeType="jpg" url="AM%2020%20b%20II%20fol./11/SECONDARY_DISPLAY" width="2560px" height="3547px"/>
			<graphic mimeType="pdf" url="AM%2020%20b%20II%20fol./11/WEB_DISPLAY"/>
		</surface>
	</facsimile>
</TEI>