<?xml version="1.0" encoding="UTF-8"?>
<?oxygen RNGSchema="http://www.handrit.is/schema/handrit-1.0.rnc" type="compact"?>
<TEI xmlns="http://www.tei-c.org/ns/1.0">
   <teiHeader>
      <fileDesc>
         <titleStmt>
            <title type="main">AM 1 e beta I fol.</title>
         </titleStmt>
         <publicationStmt>
            <authority>Den Arnamagnæanske Samling</authority>
            <pubPlace>København</pubPlace>
         </publicationStmt>
         <sourceDesc>
            <msDesc xml:id="AM02-0001-e-beta-I-en" xml:lang="en">
               <msIdentifier>
                  <country>Denmark</country>
                  <settlement>København</settlement>
                  <repository>Den Arnamagnæanske Samling</repository>
                  <idno>AM 1 e beta I fol.</idno>
                  <altIdentifier type="internal" subtype="KKKat">
                     <idno>7</idno>
                  </altIdentifier>
               </msIdentifier>
               <head>
                  <title type="uniform" xml:lang="is">Sögubrot af nokkrum fornkonungum í Dana ok Svía
        veldi</title>; <origPlace>Iceland</origPlace>, <origDate notBefore="1290" notAfter="1310" cert="high" evidence="conjecture">c. 1300</origDate>. <note>This manuscript and some
            fragments of <title type="uniform">Knýtlinga saga</title> in <ref type="ms">AM 20 b I
                fol.</ref> are presumed to have originally belonged together. Together these
            fragments constitute the work known as <title type="uniform">Skjöldunga
        saga</title>.</note>
               </head>
               <msContents>
                  <msItem n="1" defective="true" class="forn">
                     <locus from="1r:1" facs="#AM02-0001-e-beta-I-1r:1" to="6v:30">1r-6v</locus>
                     <title type="uniform">Sögubrot af nokkrum fornkonungum í Dana ok Svía veldi</title>
                     <title type="parallel">Skjöldunga saga</title>
                     <textLang mainLang="no">Old Norse/Icelandic</textLang>
                     <msItem n="1.1">
                        <locus from="1r:1" facs="#AM02-0001-e-beta-I-1r:1" to="3v:30">1r-3v</locus>
                        <incipit defective="true">neita. k<ex>onungr</ex> sv<ex>arar</ex> Se ek at
                    þ<ex>et</ex>ta mal þarf at litt se alopt borit</incipit>
                        <explicit defective="true">lytr h<ex>onu</ex>m <ex>ok</ex> kveðe h<ex>ann</ex>
                    bliðum orðv<ex>m</ex>
                           <ex>ok</ex> fog<ex>ru</ex>m talar <ex>ok</ex>
                        </explicit>
                     </msItem>
                     <msItem n="1.2">
                        <locus from="4r:1" facs="#AM02-0001-e-beta-I-4r:1" to="6v:30">4r-6v</locus>
                        <incipit defective="true">ma i h<ex>er</ex>nað. <ex>ok</ex> a einu hsti
                    sotti h<ex>ann</ex> afund haʀ<ex>alldz</ex> k<ex>onungs</ex>
                        </incipit>
                        <explicit defective="true">er t<ex>il</ex> v<ex>ar</ex> sott u<ex>m</ex> alla
                uikina</explicit>
                     </msItem>
                     <listBibl>
                        <bibl>Rafn, <ref type="primary-2" target="AntR">Antiquités Russes</ref>
                           <biblScope type="volume">I</biblScope>
                           <biblScope type="pages">67-86</biblScope>
                        </bibl>
                        <bibl>Rafn, <ref type="primary-2" target="FASNRafn">Fornaldar Sögur
                        Nordrlanda</ref>
                           <biblScope type="volume">I</biblScope>
                           <biblScope type="pages">361-388 and III (facsimile of fol. <locus facs="#AM02-0001-e-beta-I-0004r">4r</locus>)</biblScope>
                        </bibl>
                        <bibl>
                           <ref type="primary-1" target="STUAGNL46">Sǫgur Danakonunga</ref>
                           <biblScope type="pages">1-25</biblScope>
                        </bibl>
                        <bibl>
                           <ref type="primary-2" target="IF35">Danakonunga sǫgur</ref>
                           <biblScope type="pages">46-71</biblScope>
                        </bibl>
                     </listBibl>
                  </msItem>
               </msContents>
               <physDesc>
                  <objectDesc form="codex">
                     <supportDesc material="perg">
                        <support>
                           <p>
                              <material>Parchment</material>. </p>
                        </support>
                        <extent>6. <dimensions type="leaf" scope="all">
                              <height>190</height>
                              <width>150</width>
                           </dimensions>. </extent>
                        <foliation>
                           <p>Foliated in red ink in the top outer corners by <name type="person" key="KriKaa001">Kålund</name>.</p>
                        </foliation>
                        <collation>
                           <p>The manuscript consists of a single gathering, originally having eight
                        leaves, but now only six as the two innermost leaves have been lost.</p>
                        </collation>
                        <condition>
                           <p>The outermost pair of folios are so blackened and worn that reading is
                        difficult and in places impossible. The upper and outer margins are
                        completely cut away. The two innermost folios of the manuscript have been
                        lost, for which reason the manuscript comprises two fragmentary parts.</p>
                        </condition>
                     </supportDesc>
                     <layoutDesc>
                        <layout columns="1" writtenLines="30">
                           <p>The manuscript is written in one column throughout with 30 lines per page.
                        Rubrics and majuscules in red.</p>
                        </layout>
                     </layoutDesc>
                  </objectDesc>
                  <handDesc hands="1">
                     <handNote scope="sole" script="humbook">
                        <p>The manuscript is written in a regular Icelandic Gothic bookhand. The orthography
                    is good.</p>
                     </handNote>
                  </handDesc>
                  <bindingDesc>
                     <binding when="1935" contemporary="false">
                        <p>The manuscript was bound in <date when="1935">1935</date> by <name type="person" key="CarLun001">Carl Lund</name>. It is a parchment binding with the
                    manuscript item and the serial number imprinted in gold on the upper board.
                        <dimensions type="binding">
                              <height>190</height>
                              <width>150</width>
                              <depth>10</depth>
                           </dimensions>.</p>
                     </binding>
                  </bindingDesc>
               </physDesc>
               <history>
                  <origin notBefore="1290" notAfter="1310" cert="high" evidence="conjecture">
                     <p>The manuscript was written in <origPlace>Iceland</origPlace>
                        <origDate notBefore="1290" notAfter="1310" cert="high" evidence="conjecture">about
                    1300</origDate>. It might have originally been in one manuscript together with <title>Knýtlinga saga</title>, now in <ref type="ms">AM 20 b I fol.</ref>
                     </p>
                  </origin>
                  <acquisition>
                     <p>In <name type="person">Árni Magnússon</name>'s catalogue of Icelandic parchment
                manuscripts, now <ref type="ms">AM 435a 4to</ref>, he is undoubtedly referring to
                this manuscript when he writes on fols <locus>60v-62r</locus>: <q xml:lang="la">Skiỏlldunga Sỏgu fragmentu<ex>m</ex>
                           <pb/> ut puto. 4 blỏd 4to.</q>
                     </p>
                  </acquisition>
               </history>
               <additional>
                  <adminInfo>
                     <recordHist>
                        <source>
                           <p>Catalogued <date when="1999-09-03">03 September 1999</date> by EW-J. Parsed
                            <date when="2000-06-21">21.06.2000</date>. Checked by MJD 30.08.2000,
                        and again 13.04.01. Checked <date when="2008-05-27">27 May 2008</date> by
                            <name type="person" key="SilHuf001">Silvia Hufnagel</name>.</p>
                        </source>
                     </recordHist>
                     <custodialHist>
                        <custEvent type="conservation">
                           <p>The manuscript was re-bound by <name type="person" key="AnkKys001">Anker
                            Kyster</name> and <name type="person" key="CarLun001">Carl
                    Lund</name>.</p>
                        </custEvent>
                        <custEvent type="photography">
                           <p>In <date when="1962">1962</date> uv-photographs was taken of the
                    manuscript.</p>
                        </custEvent>
                     </custodialHist>
                  </adminInfo>
                  <surrogates>
                     <p>The manuscript was photographed in 1962. AMI has the following copies: <listBibl>
                           <bibl>
                              <title type="gmd">70 mm</title>
                              <idno>21</idno>
                              <date when="1962">1962</date>
                           </bibl>
                           <bibl>
                              <title type="gmd">b/w prints</title>
                              <idno>AM 1eβ I fol.</idno>
                              <date when="1963">1963</date>
                              <note>Old copies.</note>
                           </bibl>
                           <bibl>
                              <title type="gmd">b/w prints</title>
                              <idno>AM 1eβ I fol.</idno>
                              <date when="1997-06-05">25 June 1997</date>
                              <note>New copies.</note>
                           </bibl>
                        </listBibl>
                     </p>
                  </surrogates>
                  <listBibl>
                     <bibl>
                        <ref type="secondary" target="CPBor">Corpvs Poeticvm Boreale</ref>
                        <biblScope type="volume">I</biblScope>
                        <biblScope type="pages">l</biblScope>
                     </bibl>
                     <bibl>Kålund, <ref type="secondary" target="KKKat">Katalog</ref>
                        <biblScope type="volume">I</biblScope>
                        <biblScope type="pages">4</biblScope>
                     </bibl>
                     <bibl>Seip, <ref type="secondary" target="Seip1954">Palæografi, B: Norge og
                    Island</ref>
                        <biblScope type="pages">84 and 88</biblScope>
                     </bibl>
                     <bibl>
                        <ref type="secondary" target="SturlGV">Sturlunga saga</ref>
                        <biblScope type="volume">I</biblScope>
                        <biblScope type="pages">lxxxix-xc</biblScope>
                     </bibl>
                  </listBibl>
               </additional>
            </msDesc>
         </sourceDesc>
      </fileDesc>
   </teiHeader>
	<facsimile xml:base="https://myndir.handrit.is/file/Handrit.is/">
		<surface xml:id="AM02-0001-e-beta-I-0001r" n="0">
			<desc>0001r</desc>
			<graphic mimeType="pdf" url="AM%201%20e%20beta%20I%20fol./0/HIGH_QUALITY_DISPLAY"/>
			<graphic mimeType="jpg" url="AM%201%20e%20beta%20I%20fol./0/THUMBNAIL" width="200px" height="259px"/>
			<graphic mimeType="jpg" url="AM%201%20e%20beta%20I%20fol./0/SECONDARY_DISPLAY" width="3190px" height="4138px"/>
			<graphic mimeType="pdf" url="AM%201%20e%20beta%20I%20fol./0/WEB_DISPLAY"/>
		</surface>
		<surface xml:id="AM02-0001-e-beta-I-0001v" n="1">
			<desc>0001v</desc>
			<graphic mimeType="pdf" url="AM%201%20e%20beta%20I%20fol./1/HIGH_QUALITY_DISPLAY"/>
			<graphic mimeType="jpg" url="AM%201%20e%20beta%20I%20fol./1/THUMBNAIL" width="200px" height="252px"/>
			<graphic mimeType="jpg" url="AM%201%20e%20beta%20I%20fol./1/SECONDARY_DISPLAY" width="3082px" height="3887px"/>
			<graphic mimeType="pdf" url="AM%201%20e%20beta%20I%20fol./1/WEB_DISPLAY"/>
		</surface>
		<surface xml:id="AM02-0001-e-beta-I-0002r" n="2">
			<desc>0002r</desc>
			<graphic mimeType="pdf" url="AM%201%20e%20beta%20I%20fol./2/HIGH_QUALITY_DISPLAY"/>
			<graphic mimeType="jpg" url="AM%201%20e%20beta%20I%20fol./2/THUMBNAIL" width="200px" height="253px"/>
			<graphic mimeType="jpg" url="AM%201%20e%20beta%20I%20fol./2/SECONDARY_DISPLAY" width="3226px" height="4077px"/>
			<graphic mimeType="pdf" url="AM%201%20e%20beta%20I%20fol./2/WEB_DISPLAY"/>
		</surface>
		<surface xml:id="AM02-0001-e-beta-I-0002v" n="3">
			<desc>0002v</desc>
			<graphic mimeType="pdf" url="AM%201%20e%20beta%20I%20fol./3/HIGH_QUALITY_DISPLAY"/>
			<graphic mimeType="jpg" url="AM%201%20e%20beta%20I%20fol./3/THUMBNAIL" width="200px" height="249px"/>
			<graphic mimeType="jpg" url="AM%201%20e%20beta%20I%20fol./3/SECONDARY_DISPLAY" width="3241px" height="4031px"/>
			<graphic mimeType="pdf" url="AM%201%20e%20beta%20I%20fol./3/WEB_DISPLAY"/>
		</surface>
		<surface xml:id="AM02-0001-e-beta-I-0003r" n="4">
			<desc>0003r</desc>
			<graphic mimeType="pdf" url="AM%201%20e%20beta%20I%20fol./4/HIGH_QUALITY_DISPLAY"/>
			<graphic mimeType="jpg" url="AM%201%20e%20beta%20I%20fol./4/THUMBNAIL" width="200px" height="239px"/>
			<graphic mimeType="jpg" url="AM%201%20e%20beta%20I%20fol./4/SECONDARY_DISPLAY" width="3350px" height="4000px"/>
			<graphic mimeType="pdf" url="AM%201%20e%20beta%20I%20fol./4/WEB_DISPLAY"/>
		</surface>
		<surface xml:id="AM02-0001-e-beta-I-0003v" n="5">
			<desc>0003v</desc>
			<graphic mimeType="pdf" url="AM%201%20e%20beta%20I%20fol./5/HIGH_QUALITY_DISPLAY"/>
			<graphic mimeType="jpg" url="AM%201%20e%20beta%20I%20fol./5/THUMBNAIL" width="200px" height="241px"/>
			<graphic mimeType="jpg" url="AM%201%20e%20beta%20I%20fol./5/SECONDARY_DISPLAY" width="3277px" height="3944px"/>
			<graphic mimeType="pdf" url="AM%201%20e%20beta%20I%20fol./5/WEB_DISPLAY"/>
		</surface>
		<surface xml:id="AM02-0001-e-beta-I-0004r" n="6">
			<desc>0004r</desc>
			<graphic mimeType="pdf" url="AM%201%20e%20beta%20I%20fol./6/HIGH_QUALITY_DISPLAY"/>
			<graphic mimeType="jpg" url="AM%201%20e%20beta%20I%20fol./6/THUMBNAIL" width="200px" height="236px"/>
			<graphic mimeType="jpg" url="AM%201%20e%20beta%20I%20fol./6/SECONDARY_DISPLAY" width="3349px" height="3959px"/>
			<graphic mimeType="pdf" url="AM%201%20e%20beta%20I%20fol./6/WEB_DISPLAY"/>
		</surface>
		<surface xml:id="AM02-0001-e-beta-I-0004v" n="7">
			<desc>0004v</desc>
			<graphic mimeType="pdf" url="AM%201%20e%20beta%20I%20fol./7/HIGH_QUALITY_DISPLAY"/>
			<graphic mimeType="jpg" url="AM%201%20e%20beta%20I%20fol./7/THUMBNAIL" width="200px" height="234px"/>
			<graphic mimeType="jpg" url="AM%201%20e%20beta%20I%20fol./7/SECONDARY_DISPLAY" width="3365px" height="3933px"/>
			<graphic mimeType="pdf" url="AM%201%20e%20beta%20I%20fol./7/WEB_DISPLAY"/>
		</surface>
		<surface xml:id="AM02-0001-e-beta-I-0005r" n="8">
			<desc>0005r</desc>
			<graphic mimeType="pdf" url="AM%201%20e%20beta%20I%20fol./8/HIGH_QUALITY_DISPLAY"/>
			<graphic mimeType="jpg" url="AM%201%20e%20beta%20I%20fol./8/THUMBNAIL" width="200px" height="256px"/>
			<graphic mimeType="jpg" url="AM%201%20e%20beta%20I%20fol./8/SECONDARY_DISPLAY" width="3195px" height="4082px"/>
			<graphic mimeType="pdf" url="AM%201%20e%20beta%20I%20fol./8/WEB_DISPLAY"/>
		</surface>
		<surface xml:id="AM02-0001-e-beta-I-0005v" n="9">
			<desc>0005v</desc>
			<graphic mimeType="pdf" url="AM%201%20e%20beta%20I%20fol./9/HIGH_QUALITY_DISPLAY"/>
			<graphic mimeType="jpg" url="AM%201%20e%20beta%20I%20fol./9/THUMBNAIL" width="200px" height="255px"/>
			<graphic mimeType="jpg" url="AM%201%20e%20beta%20I%20fol./9/SECONDARY_DISPLAY" width="3181px" height="4055px"/>
			<graphic mimeType="pdf" url="AM%201%20e%20beta%20I%20fol./9/WEB_DISPLAY"/>
		</surface>
		<surface xml:id="AM02-0001-e-beta-I-0006r" n="10">
			<desc>0006r</desc>
			<graphic mimeType="pdf" url="AM%201%20e%20beta%20I%20fol./10/HIGH_QUALITY_DISPLAY"/>
			<graphic mimeType="jpg" url="AM%201%20e%20beta%20I%20fol./10/THUMBNAIL" width="200px" height="260px"/>
			<graphic mimeType="jpg" url="AM%201%20e%20beta%20I%20fol./10/SECONDARY_DISPLAY" width="3113px" height="4046px"/>
			<graphic mimeType="pdf" url="AM%201%20e%20beta%20I%20fol./10/WEB_DISPLAY"/>
		</surface>
		<surface xml:id="AM02-0001-e-beta-I-0006v" n="11">
			<desc>0006v</desc>
			<graphic mimeType="pdf" url="AM%201%20e%20beta%20I%20fol./11/HIGH_QUALITY_DISPLAY"/>
			<graphic mimeType="jpg" url="AM%201%20e%20beta%20I%20fol./11/THUMBNAIL" width="200px" height="255px"/>
			<graphic mimeType="jpg" url="AM%201%20e%20beta%20I%20fol./11/SECONDARY_DISPLAY" width="3181px" height="4055px"/>
			<graphic mimeType="pdf" url="AM%201%20e%20beta%20I%20fol./11/WEB_DISPLAY"/>
		</surface>
	</facsimile>
</TEI>