<?xml version="1.0" encoding="UTF-8"?>
<?oxygen RNGSchema="http://www.handrit.is/schema/handrit-1.0.rnc" type="compact"?>
<TEI xmlns="http://www.tei-c.org/ns/1.0">
   <teiHeader>
      <fileDesc>
         <titleStmt>
            <title>Handritaskrá Árnastofnunar</title>
         </titleStmt>
         <publicationStmt>
            <p>Tilraunaútgáfa</p>
         </publicationStmt>
         <sourceDesc>
            <msDesc xml:lang="is" xml:id="AM02-0163k-is">
               <msIdentifier>
                  <country key="IS">Ísland</country>
                  <settlement>Reykjavík</settlement>
                  <institution>Stofnun Árna Magnússonar í íslenskum fræðum</institution>
                  <repository>Handritasvið</repository>
                  <collection>Safn Árna Magnússonar</collection>
                  <idno>AM 163 k fol.</idno>
                  <altIdentifier type="internal" subtype="KKKat">
                     <idno>213</idno>
                  </altIdentifier>
               </msIdentifier>

               <!-- Not: Nordiske Oldskrifter XXVIII.
               AM 163: Slay, Desmond. The manuscripts of Hrólfs saga Kraka. Hafniæ: 1960. (Bibliotheca Arnamagnæana; 24).-->

               <msContents>
                  <textLang mainLang="is">Íslenska</textLang>
                  <msItem defective="false" class="isl">
                     <locus from="1r" facs="#AM02-0163k-0001r" to="13r">1r-13r</locus>
                     <title type="uniform">Hávarðar saga Ísfirðings</title>
                     <rubric>Saga af Hávarði hinum halta og syni hans Ólafi Bjarnil, Ísfirðingum. </rubric>
                     <incipit>Það er upphaf þessarar sögu að Þorbjörn hét maður …</incipit>
                     <explicit>… bregður við skjótt og færir bústað sinn upp í þennan Þórhallsdal
                        og endar hér söguna.</explicit>
                     <note>
                        <p>
                           <list>
                              <item>Texti efstu línu á blaði <locus from="7r" facs="#AM02-0163k-0007r" to="7v">7</locus> er
                                 lítillega skertur vegna afskurðar blaðs.</item>
                           </list>
                        </p>
                     </note>
                  </msItem>

               </msContents>

               <physDesc>
                  <objectDesc form="codex">
                     <supportDesc material="chart">
                        <support>
                        	<p>Pappír með vatnsmerkjum.</p>
                        	<p>
                        		<watermark n="1">
                        			Vatnsmerki 1. Aðalmerki:
                        			<ref target="watermark:B">Dárahöfuð 1, með 4 meðalstórum bjöllum á kraga, Hermes kross og 3 stórir hringir</ref>
                        			(
                        			<locus from="1r" to="1v">1</locus>
                        			,
                        			<locus from="3r" to="3v">3</locus>
                        			,
                        			<locus from="5r" to="7v">5-7</locus>
                        			)
                        			// Mótmerki:
                        			<ref target="watermark:R">Flagg, Rondel</ref>
                        			(
                        			<locus from="2r" to="2v">2</locus>
                        			,
                        			<locus from="4r" to="4v">4</locus>
                        			,
                        			<locus from="8r" to="9v">8-9</locus>
                        			).
                        		</watermark>
                        	</p>
                        	<p>
                        		<watermark n="2">
                        			Vatnsmerki 2. Aðalmerki:
                        			<ref target="watermark:B">Dárahöfuð 2, með 4 meðalstórum bjöllum á kraga, Hermes kross og 3 stórir hringir</ref>
                        			(
                        			<locus from="11r" to="11v">11</locus>
                        			)
                        			// Mótmerki:
                        			<ref target="watermark:R">Flagg AD</ref>
                        			(
                        			<locus from="10r" to="10v">10</locus>
                        			,
                        			<locus from="12r" to="12v">12</locus>
                        			).
                        		</watermark>
                        	</p>
                        	<p>
                        		<watermark n="3">
                        			Vatnsmerki 3. Aðalmerki:
                        			<ref target="watermark:U">Skjaldarmerki með ljóni sem heldur á sverði, kóróna efst</ref>
                        			// Ekkert mótmerki (
                        			<locus from="13r" to="13v">13</locus>
                        			).
                        		</watermark>
                        	</p>
                        </support>
                        <extent>i + 13 + i blöð (<dimensions type="leaf" unit="mm" scope="all">
                              <height>312</height>
                              <width>195</width>
                           </dimensions>). Blað <locus from="13v" facs="#AM02-0163k-0013v" to="13v">13v</locus> er
                           autt.</extent>

                        <foliation>
                           <p>
                              <list>
                                 <item>Síðari tíma blaðmerking 1-13.</item>
                              </list>
                           </p>
                        </foliation>

                        <collation>
                           <p>Þrjú kver. <list>
                                 <item n="1">Kver I: blöð 1r-4v, 2 tvinn.</item>
                                 <item n="2">Kver II: blöð 5r-10v, 2 tvinn + 2 stök blöð.</item>
                                 <item n="3">Kver III: blöð 11r-13v, 1 tvinn + 1 stakt blað.</item>
                              </list>
                           </p>
                        </collation>

                        <condition>
                           <p>
                              <list>
                                 <item>Rifur eru í blöðum <locus from="1r" facs="#AM02-0163k-0001r" to="1v">1</locus>, <locus from="5r" facs="#AM02-0163k-0005r" to="5v">5</locus> og <locus from="6r" facs="#AM02-0163k-0006r" to="6v">6</locus>.</item>
                                 <item>Texti er lítillega skertur vegna afskurðar á blaði <locus from="7r" facs="#AM02-0163k-0007r" to="7v">7</locus> og af spássíugreinum hefur
                                    skorist, t.d. á blöðum <locus from="4v" facs="#AM02-0163k-0004v" to="5v">4v-5v</locus>.</item>
                                 <item>Blöð eru sums staðar blettótt og skítug (sbr. t.d. blöð
                                       <locus from="7r" facs="#AM02-0163k-0007r" to="8v">7r-8v</locus>).</item>
                              </list>
                           </p>
                        </condition>

                     </supportDesc>

                     <layoutDesc>
                        <layout columns="1" writtenLines="40 46">
                           <p>
                              <list>
                                 <item>Eindálka.</item>
                                 <item>Leturflötur er ca <dimensions type="written" unit="mm" scope="all">
                                       <height>280-290</height>
                                       <width>160-170</width>
                                    </dimensions>.</item>
                                 <item>Línufjöldi á blaði er ca 40-46.</item>
                                 <item>
                                    <catchwords>Griporð eru víðast hvar. Undantekningar eru blöð
                                          <locus from="8r" facs="#AM02-0163k-0008r" to="10r">8r-10r</locus>.</catchwords>
                                 </item>
                                 <item>Merki um vísur í texta (<q>W</q>, <q>V</q>) eru á spássíum
                                    blaða <locus from="2r" facs="#AM02-0163k-0002r" to="2r">2r</locus> og <locus from="12r" facs="#AM02-0163k-0012r" to="12r">12r</locus>.</item>
                                 <item>Kaflaskipting (12 kaflar). Kaflanúmer eru yfirleitt ekki sér
                                    um línu, eins og sjá má t.d. á blöðum <locus from="1v" facs="#AM02-0163k-0001v" to="1v">1v</locus> og <locus from="4v" facs="#AM02-0163k-0004v" to="4v">4v</locus>. </item>
                              </list>
                           </p>
                        </layout>
                     </layoutDesc>


                  </objectDesc>
                  <handDesc hands="3">
                     <handNote scope="major" script=" kurrent" scribe="unknown">
                        <list>
                           <item> Skrifari blaða <locus from="1r" facs="#AM02-0163k-0001r" to="7r">1r-7r</locus> er óþekktur.
                              Fljótaskrift.</item>
                        </list>
                     </handNote>
                     <handNote scope="major" script="kurrent" scribe="HinMag001">
                        <list>
                           <item>Blöð <locus from="7v" facs="#AM02-0163k-0007v" to="12v">7v-12v</locus> eru með hendi <name type="person" key="HinMag001"> Hinriks Magnússonar</name>;
                              fljótaskrift.</item>
                        </list>
                     </handNote>
                     <handNote scope="minor" script=" kanzlei" scribe="unknown">
                        <list>
                           <item>Á blaði <locus from="13r" facs="#AM02-0163k-0013r" to="13r">13r</locus> er niðurlag sögunnar
                              með hendi skrifara <name key="ArnMag001" type="person">Árna
                                 Magnússonar</name>; kansellískrift.</item>
                        </list>
                     </handNote>
                  </handDesc>


                  <additions>
                     <p>
                        <list>
                           <item>Blað <locus from="13r" facs="#AM02-0163k-0013r" to="13v">13</locus> er innskotsblað; texti
                              er á rektósíðu.</item>
                           <item>Athugasemdir eða lesbrigði eru á stöku stað (sums staðar skert
                              vegna afskurðar blaða); sjá t.d. <locus from="4v" facs="#AM02-0163k-0004v" to="4v">4v</locus>,
                                 <locus from="5v" facs="#AM02-0163k-0005v" to="5v">5v</locus> og <locus from="6v" facs="#AM02-0163k-0006v" to="6v">6v</locus>.</item>
                        </list>
                     </p>
                  </additions>


                  <bindingDesc>
                     <binding when="1977" contemporary="false">
                        <p>Band (<dimensions type="binding" unit="mm">
                              <height>318</height>
                              <width>221</width>
                              <depth>9</depth>
                           </dimensions>) er frá 1977. </p><p>Spjöld eru klædd fínofnum striga. Grófari strigi er á kili og
                                 hornum.
                              Saumað á móttök.
                          </p>
                     </binding>
                     <binding notBefore="1772" notAfter="1780" contemporary="false">
                        <p>Pappaband (<dimensions type="binding" unit="mm">
                           <height>320</height>
                           <width>205</width>
                           <depth>3</depth>
                        </dimensions>) frá 1772-1780. </p>
                              <p>Safnmark og titill skrifað framan á kápu.
                           Blár safnmarksmiði á kili .</p>
                     </binding>
                  </bindingDesc>


                  <accMat>
                     <p>Þrír fastir seðlar með hendi <name key="ArnMag001" type="person">Árna
                           Magnússonar</name> eru á milli <locus from="0001r-FFl" facs="#AM02-0163k-0001r-FFl" to="0001r-FFl">saurblaðs</locus> og blaðs <locus from="1r" facs="#AM02-0163k-0001r" to="1r">1r</locus>. <list>
                           <item n="1">1) <locus from="accMat01r" facs="#AM02-0163k-accMat01r" to="accMat01v">Seðill </locus>
                                 (<dimensions type="slip" unit="mm">
                                 <height>50</height>
                                 <width>140</width>
                              </dimensions>): <quote type="AMSlip" xml:lang="is">Hávarðs saga
                                 Ísfirðings</quote></item>
                           <item n="2">2) <locus from="accMat02r" facs="#AM02-0163k-accMat02r" to="accMat02v">Seðill</locus>
                                 (<dimensions type="slip" unit="mm">
                                 <height>70</height>
                                 <width>117</width>
                              </dimensions>): <quote type="AMSlip" xml:lang="is">Úr bók er ég fékk
                                 af Jónasi Daðasyni.</quote></item>
                           <item n="3">3) <locus from="accMat03r" facs="#AM02-0163k-accMat03r" to="accMat03v">Seðill</locus>
                                 (<dimensions type="slip" unit="mm">
                                 <height>97</height>
                                 <width>93</width>
                              </dimensions>) <quote type="AMSlip" xml:lang="is">Úr bók þeirri er ég
                                 fékk af Jónasi Daðasyni.</quote></item>
                        </list> Laus miði með upplýsingum um forvörslu. </p>
                  </accMat>

               </physDesc>

               <history>
                  <origin notBefore="1650" notAfter="1700">
                     <p>Handritið er skrifað á <origPlace key="IS">Íslandi</origPlace> og
                              er tímasett til <origDate notBefore="1650" notAfter="1700">17.
                                 aldar</origDate> í <bibl>
                                 <ref target="KKKat">Katalog I</ref>
                              </bibl>, bls. 130. Það var áður hluti af stærri bók sem innihélt
                              einnig <ref target="AM02-0005" type="ms">AM 5 fol.</ref>, <ref target="AM02-0108" type="ms">AM 108 fol.</ref>, <ref target="AM02-0113d" type="ms">AM 113 d fol.</ref>, <ref target="AM02-0129" type="ms">AM 129 fol.</ref>, <ref target="AM02-0164c" type="ms">AM 164 c fol.</ref> og líklega <ref target="AM02-0163i" type="ms">AM 163 i fol.</ref>.</p>
                  </origin>
                  <!-- Sjá Sagnanet og Katalog um hdr. sem tilheyrðu bókinni -->
                  <provenance>
                     <p>Bókina sem handritið var tekið úr fékk <name key="ArnMag001" type="person">Árni Magnússon</name> frá <name key="JonDad001" type="person">Jóni Daðasyni</name> (sbr. <locus from="accMat01r" facs="#AM02-0163k-accMat01r" to="accMat03v">seðla</locus>).</p>
                  </provenance>
                  <acquisition when="1977-05-24">
                     <p>Stofnun Árna Magnússonar á Íslandi tók við handritinu 24. maí 1977.</p>
                  </acquisition>

               </history>
               <additional>
                  <adminInfo>
                     <recordHist>
                        <source>
                           <p>
                              <list>
                                 <item>
                                    <name key="ThuSig002" type="person">ÞÓS</name> skráði <date when="2020-06-23">23. júní 2020</date>.
                                 	<name type="person" key="ValHil001">VH</name> skráði handritið
                                    samkvæmt TEIP5 reglum <date when="2008-12-22">22. desember
                                       2008</date>,</item>
                                 <item>
                                    <name key="DriThr001" type="person">DKÞ</name> grunnskráði <date when="2001-10-04">4. október 2001</date>.</item>
                                 <item>
                                    <name key="KriKaa001" type="person">Kålund</name> gekk frá
                                    handritinu til skráningar í  <date when="1885-12-21">21.
                                       desember 1885</date>
                                    <bibl>
                                       <ref target="KKKat">Katalog I&amp;gt;</ref>
                                    </bibl>bls. 130 (nr. 213).</item>
                              </list>
                           </p>
                        </source>

                     </recordHist>
                     <custodialHist>
                        <custEvent type="conservation" when="1977">
                           <p>Viðgert og bundið af <name key="BirDal001" type="person">Birgitte
                                 Dall</name> í mars 1977.</p>
                        </custEvent>
                        <custEvent type="conservation" notBefore="1772" notAfter="1780">
                           <p>Bundið af <name key="MatBlo001" type="person">Matthiasi Larsen
                                 Bloch</name> á árunum 1772-1780. Það band fylgir.</p>
                        </custEvent>
                     </custodialHist>
                  </adminInfo>
                  <surrogates>
                     <p>
                        <list>
                           <item>Stafrænar myndir á www.sagnanet.is.</item>
                           <item>Svart-hvítar ljósmyndir á Det Arnamagnæanske Institut í
                              Kaupmannahöfn.</item>
                        </list>
                     </p>
                  </surrogates>
                  <listBibl>
                     <bibl/>
                  </listBibl>
               </additional>
            </msDesc>
         </sourceDesc>
      </fileDesc>
      <revisionDesc>
         <change when="2008-10" who="#EriHas01">Migrated from MASTER to P5</change>
      </revisionDesc>
   </teiHeader>
	<facsimile xml:base="https://myndir.handrit.is/file/Handrit.is/">
		<surface xml:id="AM02-0163k-0000r-FB" n="0">
			<desc>0000r-FB</desc>
			<graphic mimeType="pdf" url="AM%20163%20k%20fol./0/HIGH_QUALITY_DISPLAY"/>
			<graphic mimeType="jpg" url="AM%20163%20k%20fol./0/THUMBNAIL" width="200px" height="281px"/>
			<graphic mimeType="jpg" url="AM%20163%20k%20fol./0/SECONDARY_DISPLAY" width="1780px" height="2496px"/>
			<graphic mimeType="pdf" url="AM%20163%20k%20fol./0/WEB_DISPLAY"/>
		</surface>
		<surface xml:id="AM02-0163k-0000v-FB" n="1">
			<desc>0000v-FB</desc>
			<graphic mimeType="pdf" url="AM%20163%20k%20fol./1/HIGH_QUALITY_DISPLAY"/>
			<graphic mimeType="jpg" url="AM%20163%20k%20fol./1/THUMBNAIL" width="200px" height="281px"/>
			<graphic mimeType="jpg" url="AM%20163%20k%20fol./1/SECONDARY_DISPLAY" width="3336px" height="4680px"/>
			<graphic mimeType="pdf" url="AM%20163%20k%20fol./1/WEB_DISPLAY"/>
		</surface>
		<surface xml:id="AM02-0163k-0001r-FFl" n="2">
			<desc>0001r-FFl</desc>
			<graphic mimeType="pdf" url="AM%20163%20k%20fol./2/HIGH_QUALITY_DISPLAY"/>
			<graphic mimeType="jpg" url="AM%20163%20k%20fol./2/THUMBNAIL" width="200px" height="284px"/>
			<graphic mimeType="jpg" url="AM%20163%20k%20fol./2/SECONDARY_DISPLAY" width="3264px" height="4632px"/>
			<graphic mimeType="pdf" url="AM%20163%20k%20fol./2/WEB_DISPLAY"/>
		</surface>
		<surface xml:id="AM02-0163k-0001v-FFl" n="3">
			<desc>0001v-FFl</desc>
			<graphic mimeType="pdf" url="AM%20163%20k%20fol./3/HIGH_QUALITY_DISPLAY"/>
			<graphic mimeType="jpg" url="AM%20163%20k%20fol./3/THUMBNAIL" width="200px" height="284px"/>
			<graphic mimeType="jpg" url="AM%20163%20k%20fol./3/SECONDARY_DISPLAY" width="3264px" height="4632px"/>
			<graphic mimeType="pdf" url="AM%20163%20k%20fol./3/WEB_DISPLAY"/>
		</surface>
		<surface xml:id="AM02-0163k-addMat01r" n="4">
			<desc>addMat01r</desc>
			<graphic mimeType="pdf" url="AM%20163%20k%20fol./4/HIGH_QUALITY_DISPLAY"/>
			<graphic mimeType="jpg" url="AM%20163%20k%20fol./4/THUMBNAIL" width="200px" height="96px"/>
			<graphic mimeType="jpg" url="AM%20163%20k%20fol./4/SECONDARY_DISPLAY" width="2124px" height="1020px"/>
			<graphic mimeType="pdf" url="AM%20163%20k%20fol./4/WEB_DISPLAY"/>
		</surface>
		<surface xml:id="AM02-0163k-addMat01v" n="5">
			<desc>addMat01v</desc>
			<graphic mimeType="pdf" url="AM%20163%20k%20fol./5/HIGH_QUALITY_DISPLAY"/>
			<graphic mimeType="jpg" url="AM%20163%20k%20fol./5/THUMBNAIL" width="200px" height="96px"/>
			<graphic mimeType="jpg" url="AM%20163%20k%20fol./5/SECONDARY_DISPLAY" width="2124px" height="1020px"/>
			<graphic mimeType="pdf" url="AM%20163%20k%20fol./5/WEB_DISPLAY"/>
		</surface>
		<surface xml:id="AM02-0163k-addMat02r" n="6">
			<desc>addMat02r</desc>
			<graphic mimeType="pdf" url="AM%20163%20k%20fol./6/HIGH_QUALITY_DISPLAY"/>
			<graphic mimeType="jpg" url="AM%20163%20k%20fol./6/THUMBNAIL" width="200px" height="133px"/>
			<graphic mimeType="jpg" url="AM%20163%20k%20fol./6/SECONDARY_DISPLAY" width="1800px" height="1200px"/>
			<graphic mimeType="pdf" url="AM%20163%20k%20fol./6/WEB_DISPLAY"/>
		</surface>
		<surface xml:id="AM02-0163k-addMat02v" n="7">
			<desc>addMat02v</desc>
			<graphic mimeType="pdf" url="AM%20163%20k%20fol./7/HIGH_QUALITY_DISPLAY"/>
			<graphic mimeType="jpg" url="AM%20163%20k%20fol./7/THUMBNAIL" width="200px" height="133px"/>
			<graphic mimeType="jpg" url="AM%20163%20k%20fol./7/SECONDARY_DISPLAY" width="1800px" height="1200px"/>
			<graphic mimeType="pdf" url="AM%20163%20k%20fol./7/WEB_DISPLAY"/>
		</surface>
		<surface xml:id="AM02-0163k-addMat03r" n="8">
			<desc>addMat03r</desc>
			<graphic mimeType="pdf" url="AM%20163%20k%20fol./8/HIGH_QUALITY_DISPLAY"/>
			<graphic mimeType="jpg" url="AM%20163%20k%20fol./8/THUMBNAIL" width="200px" height="198px"/>
			<graphic mimeType="jpg" url="AM%20163%20k%20fol./8/SECONDARY_DISPLAY" width="1560px" height="1548px"/>
			<graphic mimeType="pdf" url="AM%20163%20k%20fol./8/WEB_DISPLAY"/>
		</surface>
		<surface xml:id="AM02-0163k-addMat03v" n="9">
			<desc>addMat03v</desc>
			<graphic mimeType="pdf" url="AM%20163%20k%20fol./9/HIGH_QUALITY_DISPLAY"/>
			<graphic mimeType="jpg" url="AM%20163%20k%20fol./9/THUMBNAIL" width="200px" height="198px"/>
			<graphic mimeType="jpg" url="AM%20163%20k%20fol./9/SECONDARY_DISPLAY" width="1560px" height="1548px"/>
			<graphic mimeType="pdf" url="AM%20163%20k%20fol./9/WEB_DISPLAY"/>
		</surface>
		<surface xml:id="AM02-0163k-0001r" n="10">
			<desc>0001r</desc>
			<graphic mimeType="pdf" url="AM%20163%20k%20fol./10/HIGH_QUALITY_DISPLAY"/>
			<graphic mimeType="jpg" url="AM%20163%20k%20fol./10/THUMBNAIL" width="200px" height="296px"/>
			<graphic mimeType="jpg" url="AM%20163%20k%20fol./10/SECONDARY_DISPLAY" width="3108px" height="4596px"/>
			<graphic mimeType="pdf" url="AM%20163%20k%20fol./10/WEB_DISPLAY"/>
		</surface>
		<surface xml:id="AM02-0163k-0001v" n="11">
			<desc>0001v</desc>
			<graphic mimeType="pdf" url="AM%20163%20k%20fol./11/HIGH_QUALITY_DISPLAY"/>
			<graphic mimeType="jpg" url="AM%20163%20k%20fol./11/THUMBNAIL" width="190px" height="300px"/>
			<graphic mimeType="jpg" url="AM%20163%20k%20fol./11/SECONDARY_DISPLAY" width="2903px" height="4596px"/>
			<graphic mimeType="pdf" url="AM%20163%20k%20fol./11/WEB_DISPLAY"/>
		</surface>
		<surface xml:id="AM02-0163k-0002r" n="12">
			<desc>0002r</desc>
			<graphic mimeType="pdf" url="AM%20163%20k%20fol./12/HIGH_QUALITY_DISPLAY"/>
			<graphic mimeType="jpg" url="AM%20163%20k%20fol./12/THUMBNAIL" width="190px" height="300px"/>
			<graphic mimeType="jpg" url="AM%20163%20k%20fol./12/SECONDARY_DISPLAY" width="2903px" height="4596px"/>
			<graphic mimeType="pdf" url="AM%20163%20k%20fol./12/WEB_DISPLAY"/>
		</surface>
		<surface xml:id="AM02-0163k-0002v" n="13">
			<desc>0002v</desc>
			<graphic mimeType="pdf" url="AM%20163%20k%20fol./13/HIGH_QUALITY_DISPLAY"/>
			<graphic mimeType="jpg" url="AM%20163%20k%20fol./13/THUMBNAIL" width="190px" height="300px"/>
			<graphic mimeType="jpg" url="AM%20163%20k%20fol./13/SECONDARY_DISPLAY" width="2903px" height="4596px"/>
			<graphic mimeType="pdf" url="AM%20163%20k%20fol./13/WEB_DISPLAY"/>
		</surface>
		<surface xml:id="AM02-0163k-0003r" n="14">
			<desc>0003r</desc>
			<graphic mimeType="pdf" url="AM%20163%20k%20fol./14/HIGH_QUALITY_DISPLAY"/>
			<graphic mimeType="jpg" url="AM%20163%20k%20fol./14/THUMBNAIL" width="190px" height="300px"/>
			<graphic mimeType="jpg" url="AM%20163%20k%20fol./14/SECONDARY_DISPLAY" width="2903px" height="4596px"/>
			<graphic mimeType="pdf" url="AM%20163%20k%20fol./14/WEB_DISPLAY"/>
		</surface>
		<surface xml:id="AM02-0163k-0003v" n="15">
			<desc>0003v</desc>
			<graphic mimeType="pdf" url="AM%20163%20k%20fol./15/HIGH_QUALITY_DISPLAY"/>
			<graphic mimeType="jpg" url="AM%20163%20k%20fol./15/THUMBNAIL" width="190px" height="300px"/>
			<graphic mimeType="jpg" url="AM%20163%20k%20fol./15/SECONDARY_DISPLAY" width="2903px" height="4596px"/>
			<graphic mimeType="pdf" url="AM%20163%20k%20fol./15/WEB_DISPLAY"/>
		</surface>
		<surface xml:id="AM02-0163k-0004r" n="16">
			<desc>0004r</desc>
			<graphic mimeType="pdf" url="AM%20163%20k%20fol./16/HIGH_QUALITY_DISPLAY"/>
			<graphic mimeType="jpg" url="AM%20163%20k%20fol./16/THUMBNAIL" width="190px" height="300px"/>
			<graphic mimeType="jpg" url="AM%20163%20k%20fol./16/SECONDARY_DISPLAY" width="2903px" height="4596px"/>
			<graphic mimeType="pdf" url="AM%20163%20k%20fol./16/WEB_DISPLAY"/>
		</surface>
		<surface xml:id="AM02-0163k-0004v" n="17">
			<desc>0004v</desc>
			<graphic mimeType="pdf" url="AM%20163%20k%20fol./17/HIGH_QUALITY_DISPLAY"/>
			<graphic mimeType="jpg" url="AM%20163%20k%20fol./17/THUMBNAIL" width="192px" height="300px"/>
			<graphic mimeType="jpg" url="AM%20163%20k%20fol./17/SECONDARY_DISPLAY" width="2939px" height="4596px"/>
			<graphic mimeType="pdf" url="AM%20163%20k%20fol./17/WEB_DISPLAY"/>
		</surface>
		<surface xml:id="AM02-0163k-0005r" n="18">
			<desc>0005r</desc>
			<graphic mimeType="pdf" url="AM%20163%20k%20fol./18/HIGH_QUALITY_DISPLAY"/>
			<graphic mimeType="jpg" url="AM%20163%20k%20fol./18/THUMBNAIL" width="192px" height="300px"/>
			<graphic mimeType="jpg" url="AM%20163%20k%20fol./18/SECONDARY_DISPLAY" width="2939px" height="4596px"/>
			<graphic mimeType="pdf" url="AM%20163%20k%20fol./18/WEB_DISPLAY"/>
		</surface>
		<surface xml:id="AM02-0163k-0005v" n="19">
			<desc>0005v</desc>
			<graphic mimeType="pdf" url="AM%20163%20k%20fol./19/HIGH_QUALITY_DISPLAY"/>
			<graphic mimeType="jpg" url="AM%20163%20k%20fol./19/THUMBNAIL" width="192px" height="300px"/>
			<graphic mimeType="jpg" url="AM%20163%20k%20fol./19/SECONDARY_DISPLAY" width="2939px" height="4596px"/>
			<graphic mimeType="pdf" url="AM%20163%20k%20fol./19/WEB_DISPLAY"/>
		</surface>
		<surface xml:id="AM02-0163k-0006r" n="20">
			<desc>0006r</desc>
			<graphic mimeType="pdf" url="AM%20163%20k%20fol./20/HIGH_QUALITY_DISPLAY"/>
			<graphic mimeType="jpg" url="AM%20163%20k%20fol./20/THUMBNAIL" width="192px" height="300px"/>
			<graphic mimeType="jpg" url="AM%20163%20k%20fol./20/SECONDARY_DISPLAY" width="2939px" height="4596px"/>
			<graphic mimeType="pdf" url="AM%20163%20k%20fol./20/WEB_DISPLAY"/>
		</surface>
		<surface xml:id="AM02-0163k-0006v" n="21">
			<desc>0006v</desc>
			<graphic mimeType="pdf" url="AM%20163%20k%20fol./21/HIGH_QUALITY_DISPLAY"/>
			<graphic mimeType="jpg" url="AM%20163%20k%20fol./21/THUMBNAIL" width="192px" height="300px"/>
			<graphic mimeType="jpg" url="AM%20163%20k%20fol./21/SECONDARY_DISPLAY" width="2885px" height="4500px"/>
			<graphic mimeType="pdf" url="AM%20163%20k%20fol./21/WEB_DISPLAY"/>
		</surface>
		<surface xml:id="AM02-0163k-0007r" n="22">
			<desc>0007r</desc>
			<graphic mimeType="pdf" url="AM%20163%20k%20fol./22/HIGH_QUALITY_DISPLAY"/>
			<graphic mimeType="jpg" url="AM%20163%20k%20fol./22/THUMBNAIL" width="192px" height="300px"/>
			<graphic mimeType="jpg" url="AM%20163%20k%20fol./22/SECONDARY_DISPLAY" width="2885px" height="4500px"/>
			<graphic mimeType="pdf" url="AM%20163%20k%20fol./22/WEB_DISPLAY"/>
		</surface>
		<surface xml:id="AM02-0163k-0007v" n="23">
			<desc>0007v</desc>
			<graphic mimeType="pdf" url="AM%20163%20k%20fol./23/HIGH_QUALITY_DISPLAY"/>
			<graphic mimeType="jpg" url="AM%20163%20k%20fol./23/THUMBNAIL" width="190px" height="300px"/>
			<graphic mimeType="jpg" url="AM%20163%20k%20fol./23/SECONDARY_DISPLAY" width="2855px" height="4500px"/>
			<graphic mimeType="pdf" url="AM%20163%20k%20fol./23/WEB_DISPLAY"/>
		</surface>
		<surface xml:id="AM02-0163k-0008r" n="24">
			<desc>0008r</desc>
			<graphic mimeType="pdf" url="AM%20163%20k%20fol./24/HIGH_QUALITY_DISPLAY"/>
			<graphic mimeType="jpg" url="AM%20163%20k%20fol./24/THUMBNAIL" width="190px" height="300px"/>
			<graphic mimeType="jpg" url="AM%20163%20k%20fol./24/SECONDARY_DISPLAY" width="2855px" height="4500px"/>
			<graphic mimeType="pdf" url="AM%20163%20k%20fol./24/WEB_DISPLAY"/>
		</surface>
		<surface xml:id="AM02-0163k-0008v" n="25">
			<desc>0008v</desc>
			<graphic mimeType="pdf" url="AM%20163%20k%20fol./25/HIGH_QUALITY_DISPLAY"/>
			<graphic mimeType="jpg" url="AM%20163%20k%20fol./25/THUMBNAIL" width="190px" height="300px"/>
			<graphic mimeType="jpg" url="AM%20163%20k%20fol./25/SECONDARY_DISPLAY" width="2855px" height="4500px"/>
			<graphic mimeType="pdf" url="AM%20163%20k%20fol./25/WEB_DISPLAY"/>
		</surface>
		<surface xml:id="AM02-0163k-0009r" n="26">
			<desc>0009r</desc>
			<graphic mimeType="pdf" url="AM%20163%20k%20fol./26/HIGH_QUALITY_DISPLAY"/>
			<graphic mimeType="jpg" url="AM%20163%20k%20fol./26/THUMBNAIL" width="190px" height="300px"/>
			<graphic mimeType="jpg" url="AM%20163%20k%20fol./26/SECONDARY_DISPLAY" width="2855px" height="4500px"/>
			<graphic mimeType="pdf" url="AM%20163%20k%20fol./26/WEB_DISPLAY"/>
		</surface>
		<surface xml:id="AM02-0163k-0009v" n="27">
			<desc>0009v</desc>
			<graphic mimeType="pdf" url="AM%20163%20k%20fol./27/HIGH_QUALITY_DISPLAY"/>
			<graphic mimeType="jpg" url="AM%20163%20k%20fol./27/THUMBNAIL" width="190px" height="300px"/>
			<graphic mimeType="jpg" url="AM%20163%20k%20fol./27/SECONDARY_DISPLAY" width="2855px" height="4500px"/>
			<graphic mimeType="pdf" url="AM%20163%20k%20fol./27/WEB_DISPLAY"/>
		</surface>
		<surface xml:id="AM02-0163k-0010r" n="28">
			<desc>0010r</desc>
			<graphic mimeType="pdf" url="AM%20163%20k%20fol./28/HIGH_QUALITY_DISPLAY"/>
			<graphic mimeType="jpg" url="AM%20163%20k%20fol./28/THUMBNAIL" width="190px" height="300px"/>
			<graphic mimeType="jpg" url="AM%20163%20k%20fol./28/SECONDARY_DISPLAY" width="2855px" height="4500px"/>
			<graphic mimeType="pdf" url="AM%20163%20k%20fol./28/WEB_DISPLAY"/>
		</surface>
		<surface xml:id="AM02-0163k-0010v" n="29">
			<desc>0010v</desc>
			<graphic mimeType="pdf" url="AM%20163%20k%20fol./29/HIGH_QUALITY_DISPLAY"/>
			<graphic mimeType="jpg" url="AM%20163%20k%20fol./29/THUMBNAIL" width="190px" height="300px"/>
			<graphic mimeType="jpg" url="AM%20163%20k%20fol./29/SECONDARY_DISPLAY" width="2855px" height="4500px"/>
			<graphic mimeType="pdf" url="AM%20163%20k%20fol./29/WEB_DISPLAY"/>
		</surface>
		<surface xml:id="AM02-0163k-0011r" n="30">
			<desc>0011r</desc>
			<graphic mimeType="pdf" url="AM%20163%20k%20fol./30/HIGH_QUALITY_DISPLAY"/>
			<graphic mimeType="jpg" url="AM%20163%20k%20fol./30/THUMBNAIL" width="190px" height="300px"/>
			<graphic mimeType="jpg" url="AM%20163%20k%20fol./30/SECONDARY_DISPLAY" width="2855px" height="4500px"/>
			<graphic mimeType="pdf" url="AM%20163%20k%20fol./30/WEB_DISPLAY"/>
		</surface>
		<surface xml:id="AM02-0163k-0011v" n="31">
			<desc>0011v</desc>
			<graphic mimeType="pdf" url="AM%20163%20k%20fol./31/HIGH_QUALITY_DISPLAY"/>
			<graphic mimeType="jpg" url="AM%20163%20k%20fol./31/THUMBNAIL" width="188px" height="300px"/>
			<graphic mimeType="jpg" url="AM%20163%20k%20fol./31/SECONDARY_DISPLAY" width="2819px" height="4500px"/>
			<graphic mimeType="pdf" url="AM%20163%20k%20fol./31/WEB_DISPLAY"/>
		</surface>
		<surface xml:id="AM02-0163k-0012r" n="32">
			<desc>0012r</desc>
			<graphic mimeType="pdf" url="AM%20163%20k%20fol./32/HIGH_QUALITY_DISPLAY"/>
			<graphic mimeType="jpg" url="AM%20163%20k%20fol./32/THUMBNAIL" width="188px" height="300px"/>
			<graphic mimeType="jpg" url="AM%20163%20k%20fol./32/SECONDARY_DISPLAY" width="2819px" height="4500px"/>
			<graphic mimeType="pdf" url="AM%20163%20k%20fol./32/WEB_DISPLAY"/>
		</surface>
		<surface xml:id="AM02-0163k-0012v" n="33">
			<desc>0012v</desc>
			<graphic mimeType="pdf" url="AM%20163%20k%20fol./33/HIGH_QUALITY_DISPLAY"/>
			<graphic mimeType="jpg" url="AM%20163%20k%20fol./33/THUMBNAIL" width="187px" height="300px"/>
			<graphic mimeType="jpg" url="AM%20163%20k%20fol./33/SECONDARY_DISPLAY" width="2801px" height="4500px"/>
			<graphic mimeType="pdf" url="AM%20163%20k%20fol./33/WEB_DISPLAY"/>
		</surface>
		<surface xml:id="AM02-0163k-0013r" n="34">
			<desc>0013r</desc>
			<graphic mimeType="pdf" url="AM%20163%20k%20fol./34/HIGH_QUALITY_DISPLAY"/>
			<graphic mimeType="jpg" url="AM%20163%20k%20fol./34/THUMBNAIL" width="187px" height="300px"/>
			<graphic mimeType="jpg" url="AM%20163%20k%20fol./34/SECONDARY_DISPLAY" width="2801px" height="4500px"/>
			<graphic mimeType="pdf" url="AM%20163%20k%20fol./34/WEB_DISPLAY"/>
		</surface>
		<surface xml:id="AM02-0163k-0013v" n="35">
			<desc>0013v</desc>
			<graphic mimeType="pdf" url="AM%20163%20k%20fol./35/HIGH_QUALITY_DISPLAY"/>
			<graphic mimeType="jpg" url="AM%20163%20k%20fol./35/THUMBNAIL" width="188px" height="300px"/>
			<graphic mimeType="jpg" url="AM%20163%20k%20fol./35/SECONDARY_DISPLAY" width="2885px" height="4608px"/>
			<graphic mimeType="pdf" url="AM%20163%20k%20fol./35/WEB_DISPLAY"/>
		</surface>
		<surface xml:id="AM02-0163k-9999r-RB" n="36">
			<desc>9999r-RB</desc>
			<graphic mimeType="pdf" url="AM%20163%20k%20fol./36/HIGH_QUALITY_DISPLAY"/>
			<graphic mimeType="jpg" url="AM%20163%20k%20fol./36/THUMBNAIL" width="188px" height="300px"/>
			<graphic mimeType="jpg" url="AM%20163%20k%20fol./36/SECONDARY_DISPLAY" width="2885px" height="4608px"/>
			<graphic mimeType="pdf" url="AM%20163%20k%20fol./36/WEB_DISPLAY"/>
		</surface>
		<surface xml:id="AM02-0163k-9999v-RB" n="37">
			<desc>9999v-RB</desc>
			<graphic mimeType="pdf" url="AM%20163%20k%20fol./37/HIGH_QUALITY_DISPLAY"/>
			<graphic mimeType="jpg" url="AM%20163%20k%20fol./37/THUMBNAIL" width="200px" height="282px"/>
			<graphic mimeType="jpg" url="AM%20163%20k%20fol./37/SECONDARY_DISPLAY" width="3288px" height="4632px"/>
			<graphic mimeType="pdf" url="AM%20163%20k%20fol./37/WEB_DISPLAY"/>
		</surface>
		<surface xml:id="AM02-0163k-addMat04r" n="38">
			<desc>addMat04r</desc>
			<graphic mimeType="pdf" url="AM%20163%20k%20fol./38/HIGH_QUALITY_DISPLAY"/>
			<graphic mimeType="jpg" url="AM%20163%20k%20fol./38/THUMBNAIL" width="196px" height="300px"/>
			<graphic mimeType="jpg" url="AM%20163%20k%20fol./38/SECONDARY_DISPLAY" width="3024px" height="4632px"/>
			<graphic mimeType="pdf" url="AM%20163%20k%20fol./38/WEB_DISPLAY"/>
		</surface>
		<surface xml:id="AM02-0163k-addMat04v" n="39">
			<desc>addMat04v</desc>
			<graphic mimeType="pdf" url="AM%20163%20k%20fol./39/HIGH_QUALITY_DISPLAY"/>
			<graphic mimeType="jpg" url="AM%20163%20k%20fol./39/THUMBNAIL" width="197px" height="300px"/>
			<graphic mimeType="jpg" url="AM%20163%20k%20fol./39/SECONDARY_DISPLAY" width="3059px" height="4656px"/>
			<graphic mimeType="pdf" url="AM%20163%20k%20fol./39/WEB_DISPLAY"/>
		</surface>
		<surface xml:id="AM02-0163k-addMat05r" n="40">
			<desc>addMat05r</desc>
			<graphic mimeType="pdf" url="AM%20163%20k%20fol./40/HIGH_QUALITY_DISPLAY"/>
			<graphic mimeType="jpg" url="AM%20163%20k%20fol./40/THUMBNAIL" width="197px" height="300px"/>
			<graphic mimeType="jpg" url="AM%20163%20k%20fol./40/SECONDARY_DISPLAY" width="3059px" height="4656px"/>
			<graphic mimeType="pdf" url="AM%20163%20k%20fol./40/WEB_DISPLAY"/>
		</surface>
		<surface xml:id="AM02-0163k-addMat05v" n="41">
			<desc>addMat05v</desc>
			<graphic mimeType="pdf" url="AM%20163%20k%20fol./41/HIGH_QUALITY_DISPLAY"/>
			<graphic mimeType="jpg" url="AM%20163%20k%20fol./41/THUMBNAIL" width="198px" height="300px"/>
			<graphic mimeType="jpg" url="AM%20163%20k%20fol./41/SECONDARY_DISPLAY" width="3060px" height="4644px"/>
			<graphic mimeType="pdf" url="AM%20163%20k%20fol./41/WEB_DISPLAY"/>
		</surface>
		<surface xml:id="AM02-0163k-ccp" n="42">
			<desc>ccp</desc>
			<graphic mimeType="pdf" url="AM%20163%20k%20fol./42/HIGH_QUALITY_DISPLAY"/>
			<graphic mimeType="jpg" url="AM%20163%20k%20fol./42/THUMBNAIL" width="196px" height="300px"/>
			<graphic mimeType="jpg" url="AM%20163%20k%20fol./42/SECONDARY_DISPLAY" width="2004px" height="3060px"/>
			<graphic mimeType="pdf" url="AM%20163%20k%20fol./42/WEB_DISPLAY"/>
		</surface>
	</facsimile>
	<text>
      <body>

         <p/>
      </body>
   </text>
</TEI>