<?xml version="1.0" encoding="UTF-8"?>
<?oxygen RNGSchema="http://www.handrit.is/schema/handrit-1.0.rnc" type="compact"?>
<TEI xmlns="http://www.tei-c.org/ns/1.0">
   <teiHeader>
      <fileDesc>
         <titleStmt>
            <title type="main">AM 13 fol.</title>
         </titleStmt>
         <publicationStmt>
            <authority>Den Arnamagnæanske Samling</authority>
            <pubPlace>København</pubPlace>
         </publicationStmt>
         <sourceDesc>
            <msDesc xml:id="AM02-0013-en" xml:lang="en">
               <msIdentifier>
                  <country>Denmark</country>
                  <settlement>København</settlement>
                  <repository>Den Arnamagnæanske Samling</repository>
                  <idno>AM 13 fol.</idno>
                  <altIdentifier type="internal" subtype="KKKat">
                     <idno>24</idno>
                  </altIdentifier>
               </msIdentifier>
               <head>
                  <title>Jómsvíkinga saga</title>;
                  <origPlace>Iceland</origPlace>,
                  <origDate notBefore="1600" notAfter="1699">s. XVII</origDate>.
               </head>
               <msContents>
                  <msItem n="1">
                     <locus from="1r" facs="#AM02-0013-0001r" to="48v"/> 		
                     <title type="uniform">Jómsvíkinga saga</title>
                     <textLang mainLang="is">Icelandic</textLang>
                     <rubric>Hier Byriaſt Saga af Joms wijkingum.</rubric>
                     <incipit>Madur er nefndur Toke han<ex>n</ex> var i Danmork</incipit>
                     <explicit>til Islands og sagde þ<ex>ar</ex> f<ex>yr</ex>str man<ex>n</ex>a þ<ex>es</ex>se Tydin<ex>n</ex>de</explicit>
                     <finalRubric>Og lijkur hi<ex>er</ex> Jomsvijkinga Sogu. Geyme Gud þ<ex>ann</ex> er ritade. Og þa s<ex>e</ex>m lesa <ex>og</ex> tilhlijda bæde þ<ex>es</ex>sa heims og an<ex>n</ex>ars Am<ex>e</ex>n</finalRubric>
                     <filiation>Copy of <ref type="ms" target="AM04-0510-da">AM 510 4to</ref>
                        (<bibl>Petersens: <ref type="secondary-1" target="JomsvSD">Jómsvíkinga saga &amp; Jómsvíkingadrápa (1879)</ref>, 
                           <biblScope type="pages">xxviii</biblScope></bibl>; 
                           <bibl><ref type="secondary" target="FMS11">Fornmanna sögur</ref>, 
                           <biblScope type="volume">XI</biblScope>: <biblScope type="pages">7</biblScope></bibl>).
                     </filiation>
                  </msItem>
               </msContents>
               <physDesc>
                  
                  
                  <objectDesc form="codex">
                     <supportDesc material="chart">
                        <support>
                           <p><material>Handmade paper</material> with watermarks.</p>
                        </support>
                        <extent>iii + 48 + iii. <dimensions type="leaf" scope="all"> 
                              <height unit="mm" atLeast="285" atMost="290">285-290</height>
                              <width unit="mm" atLeast="175" atMost="180">175-180</width>
                           </dimensions>.
                        </extent>
                        
                        <foliation>There is later foliation in red ink (1-48) by <name type="person" key="KriKaa001">Kålund</name>, 
                           which is fading due to washing of the leaves. There is moreover modern foliation in pencil (1-48).</foliation>
                        <collation><p><list>
                           <item>I: fols. 1-8 (1, 2+7, 3+6, 4+5, 8) </item> 
                           <item>II: fols. 9-16 (9+16, 10+15, 11+14, 12+13) </item>
                           <item>III: fols. 17-24 (17+24, 18+23, 19+22, 20+21)</item>
                           <item>IV: fols. 25-32 (25+32, 26+31, 27+30, 28+29) </item>
                           <item>V: fols. 33-40 (33+40, 34+39, 35+38, 36+37)  </item>
                           <item>VI: fols. 41-48 (41+48, 42+47, 43+46, 44+45)  </item>
                        </list>
                        </p>
                           <signatures>There are no quire signatures.</signatures>
                           <catchwords>There are catchwords on fols. <locus facs="#AM02-0013-0001v">1v</locus>, <locus facs="#AM02-0013-0008v">8v</locus>, <locus facs="#AM02-0013-0016v">16v</locus>, <locus facs="#AM02-0013-0024v">24v</locus>, 
                              <locus facs="#AM02-0013-0032v">32v</locus> and <locus facs="#AM02-0013-0040v">40v</locus>.</catchwords> 
                        </collation>
                        
                        <condition>
                           <p>Fol. <locus facs="#AM02-0013-0001r">1</locus> is shorter than the other leaves, as the lower margin has been cut off.         
                              It is a replacement for the original first leaf.</p>
                           <p>There are holes from overcast stitches in the inner margins of all leaves.</p>
                           <p>The leaves show some stains and older repairs by means of coloured Japanese paper.</p>
                           <p>The pages at the quire boundaries (except for fol. <locus facs="#AM02-0013-0001r">1r</locus>) are slightly dirtier and more discoloured than the rest.</p>
                           <p>The leaves have been trimmed, causing some damage to the running titles.</p> 
                           <p>The leaves have been washed during restoration, which has caused the red foliation to fade.</p></condition> 
                     </supportDesc>
                     
                     <layoutDesc>
                        <layout columns="1" writtenLines="28 29">
                           <p>
                              <list>
                              <item>The text is written in one column with 28-29 lines per page and 11-14 words per line. </item>  
                                 <item>The written area measures ca. <dimensions type="written">
                              <height unit="mm" atLeast="230" atMost="235">230-235</height>
                              <width unit="mm" atLeast="130" atMost="135">130-135</width>
                            </dimensions>.</item>
                           <item>There are running titles.</item>
                              </list></p>
                        </layout>
                     </layoutDesc>
                     
                  </objectDesc>
                  <handDesc hands="1">
                     <handNote scribe="JonErl001" scope="sole" script="kanzlei">
                        <p>Written by Jón Erlendsson.</p>
                     </handNote>
                  </handDesc>
                  
                  <decoDesc><decoNote type="initial">On fol. <locus facs="#AM02-0013-0001r">1r</locus> there is a plain first initial spanning 2 lines. 
                     Other initials within the text span 1-2 lines. Most initials in the text are emphasised by means of bold lines and sometimes additional hairlines and strokes. 
                     Occasionally, the initials are decorated with floral ornaments.</decoNote> 
                    
                  </decoDesc>
                  <additions><p>The second front flyleaf carries the same information as the AM-slip, though written by another scribe: 
                     <q>Jómsvikinga Saga úr bók Þorbiargar Vikfussdóttur, frá S<ex>era</ex> Þorde Jons syne a Stadarstad.</q></p>
                     <p>There is a scribal addition in the margin of fol. <locus facs="#AM02-0013-0017v">17v</locus>.</p>
                     <p>A different hand made additions and corrections to the text on fol. <locus facs="#AM02-0013-0038r">38r</locus>.</p></additions>
                  <bindingDesc><binding contemporary="false"><p>The manuscript is bound in a full parchment binding from 
                     <date notBefore="1690" notAfter="1730"><name type="person" key="ArnMag001">Árni Magnússon</name>'s time</date>.
                     Parchment straps are worked through the spine and there are remnants of two stickers for the shelfmark and the running number. 
                     The title of the text is written on the spine by hand using brown ink.</p></binding></bindingDesc> 
                  
                  <accMat>
                     <p>An <locus from="accMat01r" facs="#AM02-0013-accMat01r" to="accMat01v">AM-slip</locus> 
                        (<dimensions type="slip" unit="mm"><height>100</height><width>107</width></dimensions>)
                        is glued onto the verso-side of the first front flyleaf.
                        <name key="ArnMag001" type="person">Árni Magnússon</name> wrote on it:
                        <q>Jomsvikinga Saga ur bok Þorbiargar Vigfussdottur
                           fra S<ex>era</ex> Þorde Jonssyne a
                           Stadarstad</q> 
                     </p>
                  </accMat>
               </physDesc>
               
               
               <history>
                  <origin>
                     <p>The manuscript was written in <origPlace key="IS">Iceland</origPlace>.
                        Kålund dates it to the <origDate notBefore="1600" notAfter="1699">seventeenth century</origDate> 
                        (<bibl><ref target="KKKat">Katalog I</ref>, 
                           <biblScope type="pages">11</biblScope></bibl>).</p>
                  </origin>
                  <acquisition>
                     <p><name type="person" key="ArnMag001">Árni Magnússon</name> received the manuscript from
                        <name type="person" key="ThoJon007">Þórdur Jónsson</name>. Earlier, the manuscript was in the
                        the possession of a certain <name type="person" key="ThoVig002">Þorbjörg Vigfússdóttir</name> (see AM-slip).</p>
                  </acquisition>
               </history>
                     
               <additional>
                  
                  <adminInfo><recordHist><source><p>Catalogued <date when="2015-09-28">28 September 2015</date> by
                     <name type="person" key="BeeSte001">BS</name>.</p></source></recordHist></adminInfo>
                  
                  <surrogates><p><list> 
                     <item>Microfilm pictures from <date when="1998">1998</date>.</item>
                     <item>A4 pictures from <date when="1980">1980</date> and portraits from <date when="1998">1998</date>.</item>
                  </list>
                  </p></surrogates>
                  
                  <listBibl>
                     <bibl>Petersens: <ref type="secondary-1" target="JomsvSD">Jómsvíkinga saga     
                        &amp; Jómsvíkingadrápa</ref>
                        <biblScope type="pages">xxviii</biblScope>
                     </bibl>
                     <bibl>Kålund: <ref type="secondary-1" target="KKKat">Katalog</ref>
                        <biblScope type="volume">I</biblScope>
                        <biblScope type="pages">11</biblScope>
                     </bibl>
                     <bibl>
                        <ref type="secondary" target="FMS11">Fornmanna sögur</ref>
                        <biblScope type="volume">XI</biblScope>
                        <biblScope type="pages">7</biblScope>
                     </bibl>
                  </listBibl>
               </additional>
               
            </msDesc>
         </sourceDesc>
      </fileDesc>
      
   </teiHeader>
	<facsimile xml:base="https://myndir.handrit.is/file/Handrit.is/">
		<surface xml:id="AM02-0013-0000v-FB" n="0">
			<desc>0000v-FB</desc>
			<graphic mimeType="pdf" url="AM%2013%20fol./0/HIGH_QUALITY_DISPLAY"/>
			<graphic mimeType="jpg" url="AM%2013%20fol./0/THUMBNAIL" width="200px" height="281px"/>
			<graphic mimeType="jpg" url="AM%2013%20fol./0/SECONDARY_DISPLAY" width="2480px" height="3489px"/>
			<graphic mimeType="pdf" url="AM%2013%20fol./0/WEB_DISPLAY"/>
		</surface>
		<surface xml:id="AM02-0013-0001r" n="1">
			<desc>0001r</desc>
			<graphic mimeType="pdf" url="AM%2013%20fol./1/HIGH_QUALITY_DISPLAY"/>
			<graphic mimeType="jpg" url="AM%2013%20fol./1/THUMBNAIL" width="200px" height="281px"/>
			<graphic mimeType="jpg" url="AM%2013%20fol./1/SECONDARY_DISPLAY" width="2480px" height="3489px"/>
			<graphic mimeType="pdf" url="AM%2013%20fol./1/WEB_DISPLAY"/>
		</surface>
		<surface xml:id="AM02-0013-0001v" n="2">
			<desc>0001v</desc>
			<graphic mimeType="pdf" url="AM%2013%20fol./2/HIGH_QUALITY_DISPLAY"/>
			<graphic mimeType="jpg" url="AM%2013%20fol./2/THUMBNAIL" width="200px" height="281px"/>
			<graphic mimeType="jpg" url="AM%2013%20fol./2/SECONDARY_DISPLAY" width="2480px" height="3489px"/>
			<graphic mimeType="pdf" url="AM%2013%20fol./2/WEB_DISPLAY"/>
		</surface>
		<surface xml:id="AM02-0013-0002r" n="3">
			<desc>0002r</desc>
			<graphic mimeType="pdf" url="AM%2013%20fol./3/HIGH_QUALITY_DISPLAY"/>
			<graphic mimeType="jpg" url="AM%2013%20fol./3/THUMBNAIL" width="200px" height="281px"/>
			<graphic mimeType="jpg" url="AM%2013%20fol./3/SECONDARY_DISPLAY" width="2480px" height="3490px"/>
			<graphic mimeType="pdf" url="AM%2013%20fol./3/WEB_DISPLAY"/>
		</surface>
		<surface xml:id="AM02-0013-0002v" n="4">
			<desc>0002v</desc>
			<graphic mimeType="pdf" url="AM%2013%20fol./4/HIGH_QUALITY_DISPLAY"/>
			<graphic mimeType="jpg" url="AM%2013%20fol./4/THUMBNAIL" width="200px" height="281px"/>
			<graphic mimeType="jpg" url="AM%2013%20fol./4/SECONDARY_DISPLAY" width="2480px" height="3487px"/>
			<graphic mimeType="pdf" url="AM%2013%20fol./4/WEB_DISPLAY"/>
		</surface>
		<surface xml:id="AM02-0013-0003r" n="5">
			<desc>0003r</desc>
			<graphic mimeType="pdf" url="AM%2013%20fol./5/HIGH_QUALITY_DISPLAY"/>
			<graphic mimeType="jpg" url="AM%2013%20fol./5/THUMBNAIL" width="200px" height="280px"/>
			<graphic mimeType="jpg" url="AM%2013%20fol./5/SECONDARY_DISPLAY" width="2488px" height="3488px"/>
			<graphic mimeType="pdf" url="AM%2013%20fol./5/WEB_DISPLAY"/>
		</surface>
		<surface xml:id="AM02-0013-0003v" n="6">
			<desc>0003v</desc>
			<graphic mimeType="pdf" url="AM%2013%20fol./6/HIGH_QUALITY_DISPLAY"/>
			<graphic mimeType="jpg" url="AM%2013%20fol./6/THUMBNAIL" width="200px" height="280px"/>
			<graphic mimeType="jpg" url="AM%2013%20fol./6/SECONDARY_DISPLAY" width="2488px" height="3486px"/>
			<graphic mimeType="pdf" url="AM%2013%20fol./6/WEB_DISPLAY"/>
		</surface>
		<surface xml:id="AM02-0013-0004r" n="7">
			<desc>0004r</desc>
			<graphic mimeType="pdf" url="AM%2013%20fol./7/HIGH_QUALITY_DISPLAY"/>
			<graphic mimeType="jpg" url="AM%2013%20fol./7/THUMBNAIL" width="200px" height="281px"/>
			<graphic mimeType="jpg" url="AM%2013%20fol./7/SECONDARY_DISPLAY" width="2480px" height="3490px"/>
			<graphic mimeType="pdf" url="AM%2013%20fol./7/WEB_DISPLAY"/>
		</surface>
		<surface xml:id="AM02-0013-0004v" n="8">
			<desc>0004v</desc>
			<graphic mimeType="pdf" url="AM%2013%20fol./8/HIGH_QUALITY_DISPLAY"/>
			<graphic mimeType="jpg" url="AM%2013%20fol./8/THUMBNAIL" width="200px" height="281px"/>
			<graphic mimeType="jpg" url="AM%2013%20fol./8/SECONDARY_DISPLAY" width="2480px" height="3487px"/>
			<graphic mimeType="pdf" url="AM%2013%20fol./8/WEB_DISPLAY"/>
		</surface>
		<surface xml:id="AM02-0013-0005r" n="9">
			<desc>0005r</desc>
			<graphic mimeType="pdf" url="AM%2013%20fol./9/HIGH_QUALITY_DISPLAY"/>
			<graphic mimeType="jpg" url="AM%2013%20fol./9/THUMBNAIL" width="200px" height="282px"/>
			<graphic mimeType="jpg" url="AM%2013%20fol./9/SECONDARY_DISPLAY" width="2472px" height="3489px"/>
			<graphic mimeType="pdf" url="AM%2013%20fol./9/WEB_DISPLAY"/>
		</surface>
		<surface xml:id="AM02-0013-0005v" n="10">
			<desc>0005v</desc>
			<graphic mimeType="pdf" url="AM%2013%20fol./10/HIGH_QUALITY_DISPLAY"/>
			<graphic mimeType="jpg" url="AM%2013%20fol./10/THUMBNAIL" width="200px" height="282px"/>
			<graphic mimeType="jpg" url="AM%2013%20fol./10/SECONDARY_DISPLAY" width="2472px" height="3490px"/>
			<graphic mimeType="pdf" url="AM%2013%20fol./10/WEB_DISPLAY"/>
		</surface>
		<surface xml:id="AM02-0013-0006r" n="11">
			<desc>0006r</desc>
			<graphic mimeType="pdf" url="AM%2013%20fol./11/HIGH_QUALITY_DISPLAY"/>
			<graphic mimeType="jpg" url="AM%2013%20fol./11/THUMBNAIL" width="200px" height="282px"/>
			<graphic mimeType="jpg" url="AM%2013%20fol./11/SECONDARY_DISPLAY" width="2472px" height="3490px"/>
			<graphic mimeType="pdf" url="AM%2013%20fol./11/WEB_DISPLAY"/>
		</surface>
		<surface xml:id="AM02-0013-0006v" n="12">
			<desc>0006v</desc>
			<graphic mimeType="pdf" url="AM%2013%20fol./12/HIGH_QUALITY_DISPLAY"/>
			<graphic mimeType="jpg" url="AM%2013%20fol./12/THUMBNAIL" width="200px" height="281px"/>
			<graphic mimeType="jpg" url="AM%2013%20fol./12/SECONDARY_DISPLAY" width="2480px" height="3491px"/>
			<graphic mimeType="pdf" url="AM%2013%20fol./12/WEB_DISPLAY"/>
		</surface>
		<surface xml:id="AM02-0013-0007r" n="13">
			<desc>0007r</desc>
			<graphic mimeType="pdf" url="AM%2013%20fol./13/HIGH_QUALITY_DISPLAY"/>
			<graphic mimeType="jpg" url="AM%2013%20fol./13/THUMBNAIL" width="200px" height="281px"/>
			<graphic mimeType="jpg" url="AM%2013%20fol./13/SECONDARY_DISPLAY" width="2480px" height="3489px"/>
			<graphic mimeType="pdf" url="AM%2013%20fol./13/WEB_DISPLAY"/>
		</surface>
		<surface xml:id="AM02-0013-0007v" n="14">
			<desc>0007v</desc>
			<graphic mimeType="pdf" url="AM%2013%20fol./14/HIGH_QUALITY_DISPLAY"/>
			<graphic mimeType="jpg" url="AM%2013%20fol./14/THUMBNAIL" width="200px" height="281px"/>
			<graphic mimeType="jpg" url="AM%2013%20fol./14/SECONDARY_DISPLAY" width="2480px" height="3489px"/>
			<graphic mimeType="pdf" url="AM%2013%20fol./14/WEB_DISPLAY"/>
		</surface>
		<surface xml:id="AM02-0013-0008r" n="15">
			<desc>0008r</desc>
			<graphic mimeType="pdf" url="AM%2013%20fol./15/HIGH_QUALITY_DISPLAY"/>
			<graphic mimeType="jpg" url="AM%2013%20fol./15/THUMBNAIL" width="200px" height="281px"/>
			<graphic mimeType="jpg" url="AM%2013%20fol./15/SECONDARY_DISPLAY" width="2480px" height="3487px"/>
			<graphic mimeType="pdf" url="AM%2013%20fol./15/WEB_DISPLAY"/>
		</surface>
		<surface xml:id="AM02-0013-0008v" n="16">
			<desc>0008v</desc>
			<graphic mimeType="pdf" url="AM%2013%20fol./16/HIGH_QUALITY_DISPLAY"/>
			<graphic mimeType="jpg" url="AM%2013%20fol./16/THUMBNAIL" width="200px" height="281px"/>
			<graphic mimeType="jpg" url="AM%2013%20fol./16/SECONDARY_DISPLAY" width="2480px" height="3488px"/>
			<graphic mimeType="pdf" url="AM%2013%20fol./16/WEB_DISPLAY"/>
		</surface>
		<surface xml:id="AM02-0013-0009r" n="17">
			<desc>0009r</desc>
			<graphic mimeType="pdf" url="AM%2013%20fol./17/HIGH_QUALITY_DISPLAY"/>
			<graphic mimeType="jpg" url="AM%2013%20fol./17/THUMBNAIL" width="200px" height="282px"/>
			<graphic mimeType="jpg" url="AM%2013%20fol./17/SECONDARY_DISPLAY" width="2472px" height="3489px"/>
			<graphic mimeType="pdf" url="AM%2013%20fol./17/WEB_DISPLAY"/>
		</surface>
		<surface xml:id="AM02-0013-0009v" n="18">
			<desc>0009v</desc>
			<graphic mimeType="pdf" url="AM%2013%20fol./18/HIGH_QUALITY_DISPLAY"/>
			<graphic mimeType="jpg" url="AM%2013%20fol./18/THUMBNAIL" width="200px" height="283px"/>
			<graphic mimeType="jpg" url="AM%2013%20fol./18/SECONDARY_DISPLAY" width="2464px" height="3488px"/>
			<graphic mimeType="pdf" url="AM%2013%20fol./18/WEB_DISPLAY"/>
		</surface>
		<surface xml:id="AM02-0013-0010r" n="19">
			<desc>0010r</desc>
			<graphic mimeType="pdf" url="AM%2013%20fol./19/HIGH_QUALITY_DISPLAY"/>
			<graphic mimeType="jpg" url="AM%2013%20fol./19/THUMBNAIL" width="200px" height="281px"/>
			<graphic mimeType="jpg" url="AM%2013%20fol./19/SECONDARY_DISPLAY" width="2480px" height="3489px"/>
			<graphic mimeType="pdf" url="AM%2013%20fol./19/WEB_DISPLAY"/>
		</surface>
		<surface xml:id="AM02-0013-0010v" n="20">
			<desc>0010v</desc>
			<graphic mimeType="pdf" url="AM%2013%20fol./20/HIGH_QUALITY_DISPLAY"/>
			<graphic mimeType="jpg" url="AM%2013%20fol./20/THUMBNAIL" width="200px" height="281px"/>
			<graphic mimeType="jpg" url="AM%2013%20fol./20/SECONDARY_DISPLAY" width="2480px" height="3491px"/>
			<graphic mimeType="pdf" url="AM%2013%20fol./20/WEB_DISPLAY"/>
		</surface>
		<surface xml:id="AM02-0013-0011r" n="21">
			<desc>0011r</desc>
			<graphic mimeType="pdf" url="AM%2013%20fol./21/HIGH_QUALITY_DISPLAY"/>
			<graphic mimeType="jpg" url="AM%2013%20fol./21/THUMBNAIL" width="200px" height="281px"/>
			<graphic mimeType="jpg" url="AM%2013%20fol./21/SECONDARY_DISPLAY" width="2480px" height="3489px"/>
			<graphic mimeType="pdf" url="AM%2013%20fol./21/WEB_DISPLAY"/>
		</surface>
		<surface xml:id="AM02-0013-0011v" n="22">
			<desc>0011v</desc>
			<graphic mimeType="pdf" url="AM%2013%20fol./22/HIGH_QUALITY_DISPLAY"/>
			<graphic mimeType="jpg" url="AM%2013%20fol./22/THUMBNAIL" width="200px" height="281px"/>
			<graphic mimeType="jpg" url="AM%2013%20fol./22/SECONDARY_DISPLAY" width="2480px" height="3486px"/>
			<graphic mimeType="pdf" url="AM%2013%20fol./22/WEB_DISPLAY"/>
		</surface>
		<surface xml:id="AM02-0013-0012r" n="23">
			<desc>0012r</desc>
			<graphic mimeType="pdf" url="AM%2013%20fol./23/HIGH_QUALITY_DISPLAY"/>
			<graphic mimeType="jpg" url="AM%2013%20fol./23/THUMBNAIL" width="200px" height="281px"/>
			<graphic mimeType="jpg" url="AM%2013%20fol./23/SECONDARY_DISPLAY" width="2480px" height="3490px"/>
			<graphic mimeType="pdf" url="AM%2013%20fol./23/WEB_DISPLAY"/>
		</surface>
		<surface xml:id="AM02-0013-0012v" n="24">
			<desc>0012v</desc>
			<graphic mimeType="pdf" url="AM%2013%20fol./24/HIGH_QUALITY_DISPLAY"/>
			<graphic mimeType="jpg" url="AM%2013%20fol./24/THUMBNAIL" width="200px" height="281px"/>
			<graphic mimeType="jpg" url="AM%2013%20fol./24/SECONDARY_DISPLAY" width="2480px" height="3491px"/>
			<graphic mimeType="pdf" url="AM%2013%20fol./24/WEB_DISPLAY"/>
		</surface>
		<surface xml:id="AM02-0013-0013r" n="25">
			<desc>0013r</desc>
			<graphic mimeType="pdf" url="AM%2013%20fol./25/HIGH_QUALITY_DISPLAY"/>
			<graphic mimeType="jpg" url="AM%2013%20fol./25/THUMBNAIL" width="200px" height="282px"/>
			<graphic mimeType="jpg" url="AM%2013%20fol./25/SECONDARY_DISPLAY" width="2472px" height="3486px"/>
			<graphic mimeType="pdf" url="AM%2013%20fol./25/WEB_DISPLAY"/>
		</surface>
		<surface xml:id="AM02-0013-0013v" n="26">
			<desc>0013v</desc>
			<graphic mimeType="pdf" url="AM%2013%20fol./26/HIGH_QUALITY_DISPLAY"/>
			<graphic mimeType="jpg" url="AM%2013%20fol./26/THUMBNAIL" width="200px" height="281px"/>
			<graphic mimeType="jpg" url="AM%2013%20fol./26/SECONDARY_DISPLAY" width="2480px" height="3487px"/>
			<graphic mimeType="pdf" url="AM%2013%20fol./26/WEB_DISPLAY"/>
		</surface>
		<surface xml:id="AM02-0013-0014r" n="27">
			<desc>0014r</desc>
			<graphic mimeType="pdf" url="AM%2013%20fol./27/HIGH_QUALITY_DISPLAY"/>
			<graphic mimeType="jpg" url="AM%2013%20fol./27/THUMBNAIL" width="200px" height="281px"/>
			<graphic mimeType="jpg" url="AM%2013%20fol./27/SECONDARY_DISPLAY" width="2480px" height="3490px"/>
			<graphic mimeType="pdf" url="AM%2013%20fol./27/WEB_DISPLAY"/>
		</surface>
		<surface xml:id="AM02-0013-0014v" n="28">
			<desc>0014v</desc>
			<graphic mimeType="pdf" url="AM%2013%20fol./28/HIGH_QUALITY_DISPLAY"/>
			<graphic mimeType="jpg" url="AM%2013%20fol./28/THUMBNAIL" width="200px" height="281px"/>
			<graphic mimeType="jpg" url="AM%2013%20fol./28/SECONDARY_DISPLAY" width="2480px" height="3488px"/>
			<graphic mimeType="pdf" url="AM%2013%20fol./28/WEB_DISPLAY"/>
		</surface>
		<surface xml:id="AM02-0013-0015r" n="29">
			<desc>0015r</desc>
			<graphic mimeType="pdf" url="AM%2013%20fol./29/HIGH_QUALITY_DISPLAY"/>
			<graphic mimeType="jpg" url="AM%2013%20fol./29/THUMBNAIL" width="200px" height="281px"/>
			<graphic mimeType="jpg" url="AM%2013%20fol./29/SECONDARY_DISPLAY" width="2480px" height="3490px"/>
			<graphic mimeType="pdf" url="AM%2013%20fol./29/WEB_DISPLAY"/>
		</surface>
		<surface xml:id="AM02-0013-0015v" n="30">
			<desc>0015v</desc>
			<graphic mimeType="pdf" url="AM%2013%20fol./30/HIGH_QUALITY_DISPLAY"/>
			<graphic mimeType="jpg" url="AM%2013%20fol./30/THUMBNAIL" width="200px" height="281px"/>
			<graphic mimeType="jpg" url="AM%2013%20fol./30/SECONDARY_DISPLAY" width="2480px" height="3488px"/>
			<graphic mimeType="pdf" url="AM%2013%20fol./30/WEB_DISPLAY"/>
		</surface>
		<surface xml:id="AM02-0013-0016r" n="31">
			<desc>0016r</desc>
			<graphic mimeType="pdf" url="AM%2013%20fol./31/HIGH_QUALITY_DISPLAY"/>
			<graphic mimeType="jpg" url="AM%2013%20fol./31/THUMBNAIL" width="200px" height="281px"/>
			<graphic mimeType="jpg" url="AM%2013%20fol./31/SECONDARY_DISPLAY" width="2480px" height="3487px"/>
			<graphic mimeType="pdf" url="AM%2013%20fol./31/WEB_DISPLAY"/>
		</surface>
		<surface xml:id="AM02-0013-0016v" n="32">
			<desc>0016v</desc>
			<graphic mimeType="pdf" url="AM%2013%20fol./32/HIGH_QUALITY_DISPLAY"/>
			<graphic mimeType="jpg" url="AM%2013%20fol./32/THUMBNAIL" width="200px" height="281px"/>
			<graphic mimeType="jpg" url="AM%2013%20fol./32/SECONDARY_DISPLAY" width="2480px" height="3491px"/>
			<graphic mimeType="pdf" url="AM%2013%20fol./32/WEB_DISPLAY"/>
		</surface>
		<surface xml:id="AM02-0013-0017r" n="33">
			<desc>0017r</desc>
			<graphic mimeType="pdf" url="AM%2013%20fol./33/HIGH_QUALITY_DISPLAY"/>
			<graphic mimeType="jpg" url="AM%2013%20fol./33/THUMBNAIL" width="200px" height="281px"/>
			<graphic mimeType="jpg" url="AM%2013%20fol./33/SECONDARY_DISPLAY" width="2480px" height="3489px"/>
			<graphic mimeType="pdf" url="AM%2013%20fol./33/WEB_DISPLAY"/>
		</surface>
		<surface xml:id="AM02-0013-0017v" n="34">
			<desc>0017v</desc>
			<graphic mimeType="pdf" url="AM%2013%20fol./34/HIGH_QUALITY_DISPLAY"/>
			<graphic mimeType="jpg" url="AM%2013%20fol./34/THUMBNAIL" width="200px" height="281px"/>
			<graphic mimeType="jpg" url="AM%2013%20fol./34/SECONDARY_DISPLAY" width="2480px" height="3488px"/>
			<graphic mimeType="pdf" url="AM%2013%20fol./34/WEB_DISPLAY"/>
		</surface>
		<surface xml:id="AM02-0013-0018r" n="35">
			<desc>0018r</desc>
			<graphic mimeType="pdf" url="AM%2013%20fol./35/HIGH_QUALITY_DISPLAY"/>
			<graphic mimeType="jpg" url="AM%2013%20fol./35/THUMBNAIL" width="200px" height="282px"/>
			<graphic mimeType="jpg" url="AM%2013%20fol./35/SECONDARY_DISPLAY" width="2480px" height="3494px"/>
			<graphic mimeType="pdf" url="AM%2013%20fol./35/WEB_DISPLAY"/>
		</surface>
		<surface xml:id="AM02-0013-0018v" n="36">
			<desc>0018v</desc>
			<graphic mimeType="pdf" url="AM%2013%20fol./36/HIGH_QUALITY_DISPLAY"/>
			<graphic mimeType="jpg" url="AM%2013%20fol./36/THUMBNAIL" width="200px" height="281px"/>
			<graphic mimeType="jpg" url="AM%2013%20fol./36/SECONDARY_DISPLAY" width="2480px" height="3492px"/>
			<graphic mimeType="pdf" url="AM%2013%20fol./36/WEB_DISPLAY"/>
		</surface>
		<surface xml:id="AM02-0013-0019r" n="37">
			<desc>0019r</desc>
			<graphic mimeType="pdf" url="AM%2013%20fol./37/HIGH_QUALITY_DISPLAY"/>
			<graphic mimeType="jpg" url="AM%2013%20fol./37/THUMBNAIL" width="200px" height="281px"/>
			<graphic mimeType="jpg" url="AM%2013%20fol./37/SECONDARY_DISPLAY" width="2480px" height="3487px"/>
			<graphic mimeType="pdf" url="AM%2013%20fol./37/WEB_DISPLAY"/>
		</surface>
		<surface xml:id="AM02-0013-0019v" n="38">
			<desc>0019v</desc>
			<graphic mimeType="pdf" url="AM%2013%20fol./38/HIGH_QUALITY_DISPLAY"/>
			<graphic mimeType="jpg" url="AM%2013%20fol./38/THUMBNAIL" width="200px" height="282px"/>
			<graphic mimeType="jpg" url="AM%2013%20fol./38/SECONDARY_DISPLAY" width="2480px" height="3494px"/>
			<graphic mimeType="pdf" url="AM%2013%20fol./38/WEB_DISPLAY"/>
		</surface>
		<surface xml:id="AM02-0013-0020r" n="39">
			<desc>0020r</desc>
			<graphic mimeType="pdf" url="AM%2013%20fol./39/HIGH_QUALITY_DISPLAY"/>
			<graphic mimeType="jpg" url="AM%2013%20fol./39/THUMBNAIL" width="200px" height="281px"/>
			<graphic mimeType="jpg" url="AM%2013%20fol./39/SECONDARY_DISPLAY" width="2488px" height="3490px"/>
			<graphic mimeType="pdf" url="AM%2013%20fol./39/WEB_DISPLAY"/>
		</surface>
		<surface xml:id="AM02-0013-0020v" n="40">
			<desc>0020v</desc>
			<graphic mimeType="pdf" url="AM%2013%20fol./40/HIGH_QUALITY_DISPLAY"/>
			<graphic mimeType="jpg" url="AM%2013%20fol./40/THUMBNAIL" width="200px" height="281px"/>
			<graphic mimeType="jpg" url="AM%2013%20fol./40/SECONDARY_DISPLAY" width="2480px" height="3486px"/>
			<graphic mimeType="pdf" url="AM%2013%20fol./40/WEB_DISPLAY"/>
		</surface>
		<surface xml:id="AM02-0013-0021r" n="41">
			<desc>0021r</desc>
			<graphic mimeType="pdf" url="AM%2013%20fol./41/HIGH_QUALITY_DISPLAY"/>
			<graphic mimeType="jpg" url="AM%2013%20fol./41/THUMBNAIL" width="200px" height="282px"/>
			<graphic mimeType="jpg" url="AM%2013%20fol./41/SECONDARY_DISPLAY" width="2480px" height="3493px"/>
			<graphic mimeType="pdf" url="AM%2013%20fol./41/WEB_DISPLAY"/>
		</surface>
		<surface xml:id="AM02-0013-0021v" n="42">
			<desc>0021v</desc>
			<graphic mimeType="pdf" url="AM%2013%20fol./42/HIGH_QUALITY_DISPLAY"/>
			<graphic mimeType="jpg" url="AM%2013%20fol./42/THUMBNAIL" width="200px" height="281px"/>
			<graphic mimeType="jpg" url="AM%2013%20fol./42/SECONDARY_DISPLAY" width="2480px" height="3490px"/>
			<graphic mimeType="pdf" url="AM%2013%20fol./42/WEB_DISPLAY"/>
		</surface>
		<surface xml:id="AM02-0013-0022r" n="43">
			<desc>0022r</desc>
			<graphic mimeType="pdf" url="AM%2013%20fol./43/HIGH_QUALITY_DISPLAY"/>
			<graphic mimeType="jpg" url="AM%2013%20fol./43/THUMBNAIL" width="200px" height="281px"/>
			<graphic mimeType="jpg" url="AM%2013%20fol./43/SECONDARY_DISPLAY" width="2480px" height="3485px"/>
			<graphic mimeType="pdf" url="AM%2013%20fol./43/WEB_DISPLAY"/>
		</surface>
		<surface xml:id="AM02-0013-0022v" n="44">
			<desc>0022v</desc>
			<graphic mimeType="pdf" url="AM%2013%20fol./44/HIGH_QUALITY_DISPLAY"/>
			<graphic mimeType="jpg" url="AM%2013%20fol./44/THUMBNAIL" width="200px" height="281px"/>
			<graphic mimeType="jpg" url="AM%2013%20fol./44/SECONDARY_DISPLAY" width="2480px" height="3492px"/>
			<graphic mimeType="pdf" url="AM%2013%20fol./44/WEB_DISPLAY"/>
		</surface>
		<surface xml:id="AM02-0013-0023r" n="45">
			<desc>0023r</desc>
			<graphic mimeType="pdf" url="AM%2013%20fol./45/HIGH_QUALITY_DISPLAY"/>
			<graphic mimeType="jpg" url="AM%2013%20fol./45/THUMBNAIL" width="200px" height="281px"/>
			<graphic mimeType="jpg" url="AM%2013%20fol./45/SECONDARY_DISPLAY" width="2480px" height="3490px"/>
			<graphic mimeType="pdf" url="AM%2013%20fol./45/WEB_DISPLAY"/>
		</surface>
		<surface xml:id="AM02-0013-0023v" n="46">
			<desc>0023v</desc>
			<graphic mimeType="pdf" url="AM%2013%20fol./46/HIGH_QUALITY_DISPLAY"/>
			<graphic mimeType="jpg" url="AM%2013%20fol./46/THUMBNAIL" width="200px" height="281px"/>
			<graphic mimeType="jpg" url="AM%2013%20fol./46/SECONDARY_DISPLAY" width="2480px" height="3489px"/>
			<graphic mimeType="pdf" url="AM%2013%20fol./46/WEB_DISPLAY"/>
		</surface>
		<surface xml:id="AM02-0013-0024r" n="47">
			<desc>0024r</desc>
			<graphic mimeType="pdf" url="AM%2013%20fol./47/HIGH_QUALITY_DISPLAY"/>
			<graphic mimeType="jpg" url="AM%2013%20fol./47/THUMBNAIL" width="200px" height="281px"/>
			<graphic mimeType="jpg" url="AM%2013%20fol./47/SECONDARY_DISPLAY" width="2480px" height="3491px"/>
			<graphic mimeType="pdf" url="AM%2013%20fol./47/WEB_DISPLAY"/>
		</surface>
		<surface xml:id="AM02-0013-0024v" n="48">
			<desc>0024v</desc>
			<graphic mimeType="pdf" url="AM%2013%20fol./48/HIGH_QUALITY_DISPLAY"/>
			<graphic mimeType="jpg" url="AM%2013%20fol./48/THUMBNAIL" width="200px" height="282px"/>
			<graphic mimeType="jpg" url="AM%2013%20fol./48/SECONDARY_DISPLAY" width="2480px" height="3493px"/>
			<graphic mimeType="pdf" url="AM%2013%20fol./48/WEB_DISPLAY"/>
		</surface>
		<surface xml:id="AM02-0013-0025r" n="49">
			<desc>0025r</desc>
			<graphic mimeType="pdf" url="AM%2013%20fol./49/HIGH_QUALITY_DISPLAY"/>
			<graphic mimeType="jpg" url="AM%2013%20fol./49/THUMBNAIL" width="200px" height="281px"/>
			<graphic mimeType="jpg" url="AM%2013%20fol./49/SECONDARY_DISPLAY" width="2480px" height="3487px"/>
			<graphic mimeType="pdf" url="AM%2013%20fol./49/WEB_DISPLAY"/>
		</surface>
		<surface xml:id="AM02-0013-0025v" n="50">
			<desc>0025v</desc>
			<graphic mimeType="pdf" url="AM%2013%20fol./50/HIGH_QUALITY_DISPLAY"/>
			<graphic mimeType="jpg" url="AM%2013%20fol./50/THUMBNAIL" width="200px" height="282px"/>
			<graphic mimeType="jpg" url="AM%2013%20fol./50/SECONDARY_DISPLAY" width="2472px" height="3491px"/>
			<graphic mimeType="pdf" url="AM%2013%20fol./50/WEB_DISPLAY"/>
		</surface>
		<surface xml:id="AM02-0013-0026r" n="51">
			<desc>0026r</desc>
			<graphic mimeType="pdf" url="AM%2013%20fol./51/HIGH_QUALITY_DISPLAY"/>
			<graphic mimeType="jpg" url="AM%2013%20fol./51/THUMBNAIL" width="200px" height="281px"/>
			<graphic mimeType="jpg" url="AM%2013%20fol./51/SECONDARY_DISPLAY" width="2488px" height="3490px"/>
			<graphic mimeType="pdf" url="AM%2013%20fol./51/WEB_DISPLAY"/>
		</surface>
		<surface xml:id="AM02-0013-0026v" n="52">
			<desc>0026v</desc>
			<graphic mimeType="pdf" url="AM%2013%20fol./52/HIGH_QUALITY_DISPLAY"/>
			<graphic mimeType="jpg" url="AM%2013%20fol./52/THUMBNAIL" width="200px" height="281px"/>
			<graphic mimeType="jpg" url="AM%2013%20fol./52/SECONDARY_DISPLAY" width="2480px" height="3487px"/>
			<graphic mimeType="pdf" url="AM%2013%20fol./52/WEB_DISPLAY"/>
		</surface>
		<surface xml:id="AM02-0013-0027r" n="53">
			<desc>0027r</desc>
			<graphic mimeType="pdf" url="AM%2013%20fol./53/HIGH_QUALITY_DISPLAY"/>
			<graphic mimeType="jpg" url="AM%2013%20fol./53/THUMBNAIL" width="200px" height="281px"/>
			<graphic mimeType="jpg" url="AM%2013%20fol./53/SECONDARY_DISPLAY" width="2480px" height="3491px"/>
			<graphic mimeType="pdf" url="AM%2013%20fol./53/WEB_DISPLAY"/>
		</surface>
		<surface xml:id="AM02-0013-0027v" n="54">
			<desc>0027v</desc>
			<graphic mimeType="pdf" url="AM%2013%20fol./54/HIGH_QUALITY_DISPLAY"/>
			<graphic mimeType="jpg" url="AM%2013%20fol./54/THUMBNAIL" width="200px" height="282px"/>
			<graphic mimeType="jpg" url="AM%2013%20fol./54/SECONDARY_DISPLAY" width="2472px" height="3491px"/>
			<graphic mimeType="pdf" url="AM%2013%20fol./54/WEB_DISPLAY"/>
		</surface>
		<surface xml:id="AM02-0013-0028r" n="55">
			<desc>0028r</desc>
			<graphic mimeType="pdf" url="AM%2013%20fol./55/HIGH_QUALITY_DISPLAY"/>
			<graphic mimeType="jpg" url="AM%2013%20fol./55/THUMBNAIL" width="200px" height="281px"/>
			<graphic mimeType="jpg" url="AM%2013%20fol./55/SECONDARY_DISPLAY" width="2480px" height="3489px"/>
			<graphic mimeType="pdf" url="AM%2013%20fol./55/WEB_DISPLAY"/>
		</surface>
		<surface xml:id="AM02-0013-0028v" n="56">
			<desc>0028v</desc>
			<graphic mimeType="pdf" url="AM%2013%20fol./56/HIGH_QUALITY_DISPLAY"/>
			<graphic mimeType="jpg" url="AM%2013%20fol./56/THUMBNAIL" width="200px" height="281px"/>
			<graphic mimeType="jpg" url="AM%2013%20fol./56/SECONDARY_DISPLAY" width="2480px" height="3490px"/>
			<graphic mimeType="pdf" url="AM%2013%20fol./56/WEB_DISPLAY"/>
		</surface>
		<surface xml:id="AM02-0013-0029r" n="57">
			<desc>0029r</desc>
			<graphic mimeType="pdf" url="AM%2013%20fol./57/HIGH_QUALITY_DISPLAY"/>
			<graphic mimeType="jpg" url="AM%2013%20fol./57/THUMBNAIL" width="200px" height="281px"/>
			<graphic mimeType="jpg" url="AM%2013%20fol./57/SECONDARY_DISPLAY" width="2480px" height="3491px"/>
			<graphic mimeType="pdf" url="AM%2013%20fol./57/WEB_DISPLAY"/>
		</surface>
		<surface xml:id="AM02-0013-0029v" n="58">
			<desc>0029v</desc>
			<graphic mimeType="pdf" url="AM%2013%20fol./58/HIGH_QUALITY_DISPLAY"/>
			<graphic mimeType="jpg" url="AM%2013%20fol./58/THUMBNAIL" width="200px" height="281px"/>
			<graphic mimeType="jpg" url="AM%2013%20fol./58/SECONDARY_DISPLAY" width="2480px" height="3491px"/>
			<graphic mimeType="pdf" url="AM%2013%20fol./58/WEB_DISPLAY"/>
		</surface>
		<surface xml:id="AM02-0013-0030r" n="59">
			<desc>0030r</desc>
			<graphic mimeType="pdf" url="AM%2013%20fol./59/HIGH_QUALITY_DISPLAY"/>
			<graphic mimeType="jpg" url="AM%2013%20fol./59/THUMBNAIL" width="200px" height="281px"/>
			<graphic mimeType="jpg" url="AM%2013%20fol./59/SECONDARY_DISPLAY" width="2480px" height="3489px"/>
			<graphic mimeType="pdf" url="AM%2013%20fol./59/WEB_DISPLAY"/>
		</surface>
		<surface xml:id="AM02-0013-0030v" n="60">
			<desc>0030v</desc>
			<graphic mimeType="pdf" url="AM%2013%20fol./60/HIGH_QUALITY_DISPLAY"/>
			<graphic mimeType="jpg" url="AM%2013%20fol./60/THUMBNAIL" width="200px" height="282px"/>
			<graphic mimeType="jpg" url="AM%2013%20fol./60/SECONDARY_DISPLAY" width="2472px" height="3491px"/>
			<graphic mimeType="pdf" url="AM%2013%20fol./60/WEB_DISPLAY"/>
		</surface>
		<surface xml:id="AM02-0013-0031r" n="61">
			<desc>0031r</desc>
			<graphic mimeType="pdf" url="AM%2013%20fol./61/HIGH_QUALITY_DISPLAY"/>
			<graphic mimeType="jpg" url="AM%2013%20fol./61/THUMBNAIL" width="200px" height="281px"/>
			<graphic mimeType="jpg" url="AM%2013%20fol./61/SECONDARY_DISPLAY" width="2480px" height="3489px"/>
			<graphic mimeType="pdf" url="AM%2013%20fol./61/WEB_DISPLAY"/>
		</surface>
		<surface xml:id="AM02-0013-0031v" n="62">
			<desc>0031v</desc>
			<graphic mimeType="pdf" url="AM%2013%20fol./62/HIGH_QUALITY_DISPLAY"/>
			<graphic mimeType="jpg" url="AM%2013%20fol./62/THUMBNAIL" width="200px" height="282px"/>
			<graphic mimeType="jpg" url="AM%2013%20fol./62/SECONDARY_DISPLAY" width="2472px" height="3489px"/>
			<graphic mimeType="pdf" url="AM%2013%20fol./62/WEB_DISPLAY"/>
		</surface>
		<surface xml:id="AM02-0013-0032r" n="63">
			<desc>0032r</desc>
			<graphic mimeType="pdf" url="AM%2013%20fol./63/HIGH_QUALITY_DISPLAY"/>
			<graphic mimeType="jpg" url="AM%2013%20fol./63/THUMBNAIL" width="200px" height="281px"/>
			<graphic mimeType="jpg" url="AM%2013%20fol./63/SECONDARY_DISPLAY" width="2480px" height="3489px"/>
			<graphic mimeType="pdf" url="AM%2013%20fol./63/WEB_DISPLAY"/>
		</surface>
		<surface xml:id="AM02-0013-0032v" n="64">
			<desc>0032v</desc>
			<graphic mimeType="pdf" url="AM%2013%20fol./64/HIGH_QUALITY_DISPLAY"/>
			<graphic mimeType="jpg" url="AM%2013%20fol./64/THUMBNAIL" width="200px" height="281px"/>
			<graphic mimeType="jpg" url="AM%2013%20fol./64/SECONDARY_DISPLAY" width="2480px" height="3489px"/>
			<graphic mimeType="pdf" url="AM%2013%20fol./64/WEB_DISPLAY"/>
		</surface>
		<surface xml:id="AM02-0013-0033r" n="65">
			<desc>0033r</desc>
			<graphic mimeType="pdf" url="AM%2013%20fol./65/HIGH_QUALITY_DISPLAY"/>
			<graphic mimeType="jpg" url="AM%2013%20fol./65/THUMBNAIL" width="200px" height="281px"/>
			<graphic mimeType="jpg" url="AM%2013%20fol./65/SECONDARY_DISPLAY" width="2488px" height="3489px"/>
			<graphic mimeType="pdf" url="AM%2013%20fol./65/WEB_DISPLAY"/>
		</surface>
		<surface xml:id="AM02-0013-0033v" n="66">
			<desc>0033v</desc>
			<graphic mimeType="pdf" url="AM%2013%20fol./66/HIGH_QUALITY_DISPLAY"/>
			<graphic mimeType="jpg" url="AM%2013%20fol./66/THUMBNAIL" width="200px" height="282px"/>
			<graphic mimeType="jpg" url="AM%2013%20fol./66/SECONDARY_DISPLAY" width="2472px" height="3491px"/>
			<graphic mimeType="pdf" url="AM%2013%20fol./66/WEB_DISPLAY"/>
		</surface>
		<surface xml:id="AM02-0013-0034r" n="67">
			<desc>0034r</desc>
			<graphic mimeType="pdf" url="AM%2013%20fol./67/HIGH_QUALITY_DISPLAY"/>
			<graphic mimeType="jpg" url="AM%2013%20fol./67/THUMBNAIL" width="200px" height="281px"/>
			<graphic mimeType="jpg" url="AM%2013%20fol./67/SECONDARY_DISPLAY" width="2480px" height="3490px"/>
			<graphic mimeType="pdf" url="AM%2013%20fol./67/WEB_DISPLAY"/>
		</surface>
		<surface xml:id="AM02-0013-0034v" n="68">
			<desc>0034v</desc>
			<graphic mimeType="pdf" url="AM%2013%20fol./68/HIGH_QUALITY_DISPLAY"/>
			<graphic mimeType="jpg" url="AM%2013%20fol./68/THUMBNAIL" width="200px" height="282px"/>
			<graphic mimeType="jpg" url="AM%2013%20fol./68/SECONDARY_DISPLAY" width="2472px" height="3487px"/>
			<graphic mimeType="pdf" url="AM%2013%20fol./68/WEB_DISPLAY"/>
		</surface>
		<surface xml:id="AM02-0013-0035r" n="69">
			<desc>0035r</desc>
			<graphic mimeType="pdf" url="AM%2013%20fol./69/HIGH_QUALITY_DISPLAY"/>
			<graphic mimeType="jpg" url="AM%2013%20fol./69/THUMBNAIL" width="200px" height="281px"/>
			<graphic mimeType="jpg" url="AM%2013%20fol./69/SECONDARY_DISPLAY" width="2480px" height="3491px"/>
			<graphic mimeType="pdf" url="AM%2013%20fol./69/WEB_DISPLAY"/>
		</surface>
		<surface xml:id="AM02-0013-0035v" n="70">
			<desc>0035v</desc>
			<graphic mimeType="pdf" url="AM%2013%20fol./70/HIGH_QUALITY_DISPLAY"/>
			<graphic mimeType="jpg" url="AM%2013%20fol./70/THUMBNAIL" width="200px" height="281px"/>
			<graphic mimeType="jpg" url="AM%2013%20fol./70/SECONDARY_DISPLAY" width="2480px" height="3488px"/>
			<graphic mimeType="pdf" url="AM%2013%20fol./70/WEB_DISPLAY"/>
		</surface>
		<surface xml:id="AM02-0013-0036r" n="71">
			<desc>0036r</desc>
			<graphic mimeType="pdf" url="AM%2013%20fol./71/HIGH_QUALITY_DISPLAY"/>
			<graphic mimeType="jpg" url="AM%2013%20fol./71/THUMBNAIL" width="200px" height="280px"/>
			<graphic mimeType="jpg" url="AM%2013%20fol./71/SECONDARY_DISPLAY" width="2488px" height="3487px"/>
			<graphic mimeType="pdf" url="AM%2013%20fol./71/WEB_DISPLAY"/>
		</surface>
		<surface xml:id="AM02-0013-0036v" n="72">
			<desc>0036v</desc>
			<graphic mimeType="pdf" url="AM%2013%20fol./72/HIGH_QUALITY_DISPLAY"/>
			<graphic mimeType="jpg" url="AM%2013%20fol./72/THUMBNAIL" width="200px" height="281px"/>
			<graphic mimeType="jpg" url="AM%2013%20fol./72/SECONDARY_DISPLAY" width="2480px" height="3490px"/>
			<graphic mimeType="pdf" url="AM%2013%20fol./72/WEB_DISPLAY"/>
		</surface>
		<surface xml:id="AM02-0013-0037r" n="73">
			<desc>0037r</desc>
			<graphic mimeType="pdf" url="AM%2013%20fol./73/HIGH_QUALITY_DISPLAY"/>
			<graphic mimeType="jpg" url="AM%2013%20fol./73/THUMBNAIL" width="200px" height="281px"/>
			<graphic mimeType="jpg" url="AM%2013%20fol./73/SECONDARY_DISPLAY" width="2480px" height="3487px"/>
			<graphic mimeType="pdf" url="AM%2013%20fol./73/WEB_DISPLAY"/>
		</surface>
		<surface xml:id="AM02-0013-0037v" n="74">
			<desc>0037v</desc>
			<graphic mimeType="pdf" url="AM%2013%20fol./74/HIGH_QUALITY_DISPLAY"/>
			<graphic mimeType="jpg" url="AM%2013%20fol./74/THUMBNAIL" width="200px" height="281px"/>
			<graphic mimeType="jpg" url="AM%2013%20fol./74/SECONDARY_DISPLAY" width="2480px" height="3488px"/>
			<graphic mimeType="pdf" url="AM%2013%20fol./74/WEB_DISPLAY"/>
		</surface>
		<surface xml:id="AM02-0013-0038r" n="75">
			<desc>0038r</desc>
			<graphic mimeType="pdf" url="AM%2013%20fol./75/HIGH_QUALITY_DISPLAY"/>
			<graphic mimeType="jpg" url="AM%2013%20fol./75/THUMBNAIL" width="200px" height="281px"/>
			<graphic mimeType="jpg" url="AM%2013%20fol./75/SECONDARY_DISPLAY" width="2488px" height="3491px"/>
			<graphic mimeType="pdf" url="AM%2013%20fol./75/WEB_DISPLAY"/>
		</surface>
		<surface xml:id="AM02-0013-0038v" n="76">
			<desc>0038v</desc>
			<graphic mimeType="pdf" url="AM%2013%20fol./76/HIGH_QUALITY_DISPLAY"/>
			<graphic mimeType="jpg" url="AM%2013%20fol./76/THUMBNAIL" width="200px" height="281px"/>
			<graphic mimeType="jpg" url="AM%2013%20fol./76/SECONDARY_DISPLAY" width="2488px" height="3489px"/>
			<graphic mimeType="pdf" url="AM%2013%20fol./76/WEB_DISPLAY"/>
		</surface>
		<surface xml:id="AM02-0013-0039r" n="77">
			<desc>0039r</desc>
			<graphic mimeType="pdf" url="AM%2013%20fol./77/HIGH_QUALITY_DISPLAY"/>
			<graphic mimeType="jpg" url="AM%2013%20fol./77/THUMBNAIL" width="200px" height="280px"/>
			<graphic mimeType="jpg" url="AM%2013%20fol./77/SECONDARY_DISPLAY" width="2488px" height="3487px"/>
			<graphic mimeType="pdf" url="AM%2013%20fol./77/WEB_DISPLAY"/>
		</surface>
		<surface xml:id="AM02-0013-0039v" n="78">
			<desc>0039v</desc>
			<graphic mimeType="pdf" url="AM%2013%20fol./78/HIGH_QUALITY_DISPLAY"/>
			<graphic mimeType="jpg" url="AM%2013%20fol./78/THUMBNAIL" width="200px" height="282px"/>
			<graphic mimeType="jpg" url="AM%2013%20fol./78/SECONDARY_DISPLAY" width="2480px" height="3493px"/>
			<graphic mimeType="pdf" url="AM%2013%20fol./78/WEB_DISPLAY"/>
		</surface>
		<surface xml:id="AM02-0013-0040r" n="79">
			<desc>0040r</desc>
			<graphic mimeType="pdf" url="AM%2013%20fol./79/HIGH_QUALITY_DISPLAY"/>
			<graphic mimeType="jpg" url="AM%2013%20fol./79/THUMBNAIL" width="200px" height="281px"/>
			<graphic mimeType="jpg" url="AM%2013%20fol./79/SECONDARY_DISPLAY" width="2480px" height="3490px"/>
			<graphic mimeType="pdf" url="AM%2013%20fol./79/WEB_DISPLAY"/>
		</surface>
		<surface xml:id="AM02-0013-0040v" n="80">
			<desc>0040v</desc>
			<graphic mimeType="pdf" url="AM%2013%20fol./80/HIGH_QUALITY_DISPLAY"/>
			<graphic mimeType="jpg" url="AM%2013%20fol./80/THUMBNAIL" width="200px" height="281px"/>
			<graphic mimeType="jpg" url="AM%2013%20fol./80/SECONDARY_DISPLAY" width="2480px" height="3488px"/>
			<graphic mimeType="pdf" url="AM%2013%20fol./80/WEB_DISPLAY"/>
		</surface>
		<surface xml:id="AM02-0013-0041r" n="81">
			<desc>0041r</desc>
			<graphic mimeType="pdf" url="AM%2013%20fol./81/HIGH_QUALITY_DISPLAY"/>
			<graphic mimeType="jpg" url="AM%2013%20fol./81/THUMBNAIL" width="200px" height="282px"/>
			<graphic mimeType="jpg" url="AM%2013%20fol./81/SECONDARY_DISPLAY" width="2480px" height="3494px"/>
			<graphic mimeType="pdf" url="AM%2013%20fol./81/WEB_DISPLAY"/>
		</surface>
		<surface xml:id="AM02-0013-0041v" n="82">
			<desc>0041v</desc>
			<graphic mimeType="pdf" url="AM%2013%20fol./82/HIGH_QUALITY_DISPLAY"/>
			<graphic mimeType="jpg" url="AM%2013%20fol./82/THUMBNAIL" width="200px" height="281px"/>
			<graphic mimeType="jpg" url="AM%2013%20fol./82/SECONDARY_DISPLAY" width="2480px" height="3491px"/>
			<graphic mimeType="pdf" url="AM%2013%20fol./82/WEB_DISPLAY"/>
		</surface>
		<surface xml:id="AM02-0013-0042r" n="83">
			<desc>0042r</desc>
			<graphic mimeType="pdf" url="AM%2013%20fol./83/HIGH_QUALITY_DISPLAY"/>
			<graphic mimeType="jpg" url="AM%2013%20fol./83/THUMBNAIL" width="200px" height="280px"/>
			<graphic mimeType="jpg" url="AM%2013%20fol./83/SECONDARY_DISPLAY" width="2488px" height="3487px"/>
			<graphic mimeType="pdf" url="AM%2013%20fol./83/WEB_DISPLAY"/>
		</surface>
		<surface xml:id="AM02-0013-0042v" n="84">
			<desc>0042v</desc>
			<graphic mimeType="pdf" url="AM%2013%20fol./84/HIGH_QUALITY_DISPLAY"/>
			<graphic mimeType="jpg" url="AM%2013%20fol./84/THUMBNAIL" width="200px" height="283px"/>
			<graphic mimeType="jpg" url="AM%2013%20fol./84/SECONDARY_DISPLAY" width="2472px" height="3493px"/>
			<graphic mimeType="pdf" url="AM%2013%20fol./84/WEB_DISPLAY"/>
		</surface>
		<surface xml:id="AM02-0013-0043r" n="85">
			<desc>0043r</desc>
			<graphic mimeType="pdf" url="AM%2013%20fol./85/HIGH_QUALITY_DISPLAY"/>
			<graphic mimeType="jpg" url="AM%2013%20fol./85/THUMBNAIL" width="200px" height="282px"/>
			<graphic mimeType="jpg" url="AM%2013%20fol./85/SECONDARY_DISPLAY" width="2472px" height="3490px"/>
			<graphic mimeType="pdf" url="AM%2013%20fol./85/WEB_DISPLAY"/>
		</surface>
		<surface xml:id="AM02-0013-0043v" n="86">
			<desc>0043v</desc>
			<graphic mimeType="pdf" url="AM%2013%20fol./86/HIGH_QUALITY_DISPLAY"/>
			<graphic mimeType="jpg" url="AM%2013%20fol./86/THUMBNAIL" width="200px" height="281px"/>
			<graphic mimeType="jpg" url="AM%2013%20fol./86/SECONDARY_DISPLAY" width="2480px" height="3485px"/>
			<graphic mimeType="pdf" url="AM%2013%20fol./86/WEB_DISPLAY"/>
		</surface>
		<surface xml:id="AM02-0013-0044r" n="87">
			<desc>0044r</desc>
			<graphic mimeType="pdf" url="AM%2013%20fol./87/HIGH_QUALITY_DISPLAY"/>
			<graphic mimeType="jpg" url="AM%2013%20fol./87/THUMBNAIL" width="200px" height="281px"/>
			<graphic mimeType="jpg" url="AM%2013%20fol./87/SECONDARY_DISPLAY" width="2488px" height="3490px"/>
			<graphic mimeType="pdf" url="AM%2013%20fol./87/WEB_DISPLAY"/>
		</surface>
		<surface xml:id="AM02-0013-0044v" n="88">
			<desc>0044v</desc>
			<graphic mimeType="pdf" url="AM%2013%20fol./88/HIGH_QUALITY_DISPLAY"/>
			<graphic mimeType="jpg" url="AM%2013%20fol./88/THUMBNAIL" width="200px" height="281px"/>
			<graphic mimeType="jpg" url="AM%2013%20fol./88/SECONDARY_DISPLAY" width="2480px" height="3490px"/>
			<graphic mimeType="pdf" url="AM%2013%20fol./88/WEB_DISPLAY"/>
		</surface>
		<surface xml:id="AM02-0013-0045r" n="89">
			<desc>0045r</desc>
			<graphic mimeType="pdf" url="AM%2013%20fol./89/HIGH_QUALITY_DISPLAY"/>
			<graphic mimeType="jpg" url="AM%2013%20fol./89/THUMBNAIL" width="200px" height="280px"/>
			<graphic mimeType="jpg" url="AM%2013%20fol./89/SECONDARY_DISPLAY" width="2488px" height="3484px"/>
			<graphic mimeType="pdf" url="AM%2013%20fol./89/WEB_DISPLAY"/>
		</surface>
		<surface xml:id="AM02-0013-0045v" n="90">
			<desc>0045v</desc>
			<graphic mimeType="pdf" url="AM%2013%20fol./90/HIGH_QUALITY_DISPLAY"/>
			<graphic mimeType="jpg" url="AM%2013%20fol./90/THUMBNAIL" width="200px" height="281px"/>
			<graphic mimeType="jpg" url="AM%2013%20fol./90/SECONDARY_DISPLAY" width="2480px" height="3491px"/>
			<graphic mimeType="pdf" url="AM%2013%20fol./90/WEB_DISPLAY"/>
		</surface>
		<surface xml:id="AM02-0013-0046r" n="91">
			<desc>0046r</desc>
			<graphic mimeType="pdf" url="AM%2013%20fol./91/HIGH_QUALITY_DISPLAY"/>
			<graphic mimeType="jpg" url="AM%2013%20fol./91/THUMBNAIL" width="200px" height="281px"/>
			<graphic mimeType="jpg" url="AM%2013%20fol./91/SECONDARY_DISPLAY" width="2480px" height="3491px"/>
			<graphic mimeType="pdf" url="AM%2013%20fol./91/WEB_DISPLAY"/>
		</surface>
		<surface xml:id="AM02-0013-0046v" n="92">
			<desc>0046v</desc>
			<graphic mimeType="pdf" url="AM%2013%20fol./92/HIGH_QUALITY_DISPLAY"/>
			<graphic mimeType="jpg" url="AM%2013%20fol./92/THUMBNAIL" width="200px" height="281px"/>
			<graphic mimeType="jpg" url="AM%2013%20fol./92/SECONDARY_DISPLAY" width="2480px" height="3487px"/>
			<graphic mimeType="pdf" url="AM%2013%20fol./92/WEB_DISPLAY"/>
		</surface>
		<surface xml:id="AM02-0013-0047r" n="93">
			<desc>0047r</desc>
			<graphic mimeType="pdf" url="AM%2013%20fol./93/HIGH_QUALITY_DISPLAY"/>
			<graphic mimeType="jpg" url="AM%2013%20fol./93/THUMBNAIL" width="200px" height="281px"/>
			<graphic mimeType="jpg" url="AM%2013%20fol./93/SECONDARY_DISPLAY" width="2480px" height="3491px"/>
			<graphic mimeType="pdf" url="AM%2013%20fol./93/WEB_DISPLAY"/>
		</surface>
		<surface xml:id="AM02-0013-0047v" n="94">
			<desc>0047v</desc>
			<graphic mimeType="pdf" url="AM%2013%20fol./94/HIGH_QUALITY_DISPLAY"/>
			<graphic mimeType="jpg" url="AM%2013%20fol./94/THUMBNAIL" width="200px" height="281px"/>
			<graphic mimeType="jpg" url="AM%2013%20fol./94/SECONDARY_DISPLAY" width="2480px" height="3491px"/>
			<graphic mimeType="pdf" url="AM%2013%20fol./94/WEB_DISPLAY"/>
		</surface>
		<surface xml:id="AM02-0013-0048r" n="95">
			<desc>0048r</desc>
			<graphic mimeType="pdf" url="AM%2013%20fol./95/HIGH_QUALITY_DISPLAY"/>
			<graphic mimeType="jpg" url="AM%2013%20fol./95/THUMBNAIL" width="200px" height="281px"/>
			<graphic mimeType="jpg" url="AM%2013%20fol./95/SECONDARY_DISPLAY" width="2480px" height="3489px"/>
			<graphic mimeType="pdf" url="AM%2013%20fol./95/WEB_DISPLAY"/>
		</surface>
		<surface xml:id="AM02-0013-0048v" n="96">
			<desc>0048v</desc>
			<graphic mimeType="pdf" url="AM%2013%20fol./96/HIGH_QUALITY_DISPLAY"/>
			<graphic mimeType="jpg" url="AM%2013%20fol./96/THUMBNAIL" width="200px" height="282px"/>
			<graphic mimeType="jpg" url="AM%2013%20fol./96/SECONDARY_DISPLAY" width="2472px" height="3489px"/>
			<graphic mimeType="pdf" url="AM%2013%20fol./96/WEB_DISPLAY"/>
		</surface>
		<surface xml:id="AM02-0013-accMat01r" n="97">
			<desc>accMat01r</desc>
			<graphic mimeType="pdf" url="AM%2013%20fol./97/HIGH_QUALITY_DISPLAY"/>
			<graphic mimeType="jpg" url="AM%2013%20fol./97/THUMBNAIL" width="200px" height="281px"/>
			<graphic mimeType="jpg" url="AM%2013%20fol./97/SECONDARY_DISPLAY" width="2480px" height="3489px"/>
			<graphic mimeType="pdf" url="AM%2013%20fol./97/WEB_DISPLAY"/>
		</surface>
		<surface xml:id="AM02-0013-accMat01v" n="98">
			<desc>accMat01v</desc>
			<graphic mimeType="pdf" url="AM%2013%20fol./98/HIGH_QUALITY_DISPLAY"/>
			<graphic mimeType="jpg" url="AM%2013%20fol./98/THUMBNAIL" width="200px" height="281px"/>
			<graphic mimeType="jpg" url="AM%2013%20fol./98/SECONDARY_DISPLAY" width="2480px" height="3485px"/>
			<graphic mimeType="pdf" url="AM%2013%20fol./98/WEB_DISPLAY"/>
		</surface>
		<surface xml:id="AM02-0013-accMat02r" n="99">
			<desc>accMat02r</desc>
			<graphic mimeType="pdf" url="AM%2013%20fol./99/HIGH_QUALITY_DISPLAY"/>
			<graphic mimeType="jpg" url="AM%2013%20fol./99/THUMBNAIL" width="200px" height="281px"/>
			<graphic mimeType="jpg" url="AM%2013%20fol./99/SECONDARY_DISPLAY" width="2480px" height="3490px"/>
			<graphic mimeType="pdf" url="AM%2013%20fol./99/WEB_DISPLAY"/>
		</surface>
		<surface xml:id="AM02-0013-accMat02v" n="100">
			<desc>accMat02v</desc>
			<graphic mimeType="pdf" url="AM%2013%20fol./100/HIGH_QUALITY_DISPLAY"/>
			<graphic mimeType="jpg" url="AM%2013%20fol./100/THUMBNAIL" width="200px" height="281px"/>
			<graphic mimeType="jpg" url="AM%2013%20fol./100/SECONDARY_DISPLAY" width="2480px" height="3488px"/>
			<graphic mimeType="pdf" url="AM%2013%20fol./100/WEB_DISPLAY"/>
		</surface>
	</facsimile>
</TEI>