<?xml version="1.0" encoding="UTF-8"?>
<?oxygen RNGSchema="http://www.handrit.is/schema/handrit-1.0.rnc" type="compact"?><TEI xmlns="http://www.tei-c.org/ns/1.0">
   <teiHeader>
      <fileDesc>
         <titleStmt>
            <title type="main">AM 99 fol.</title>
         </titleStmt>
         <publicationStmt>
            <authority>Den Arnamagnæanske Samling</authority>
            <pubPlace>København</pubPlace>
         </publicationStmt>
         <sourceDesc>
            <msDesc xml:id="AM02-0099-da" xml:lang="da">
               <msIdentifier>
                  <country>Danmark</country>
                  <settlement>København</settlement>
                  <repository>Den Arnamagnæanske Samling</repository>
                  <idno>AM 99 fol.</idno>
                  <altIdentifier type="internal" subtype="KKKat">
                     <idno>118</idno>
                  </altIdentifier>
               </msIdentifier>
               <head>
                  <title>Absalon Pedersens Norges beskrivelse</title>;
                  <origPlace>Norge?</origPlace>, <origDate when="1701">1701</origDate>.</head>
               <msContents>
                  <msItem n="1">
                     <locus from="3r" to="47r">3r-47r</locus>
                     <author key="AbsPed001">Absalon Pedersen</author>
                     <title>Norges beskrivelse</title>
                     <textLang mainLang="da">Dansk</textLang>
                     <rubric>Om Norgis Riige</rubric>
                     <colophon>Offuenskrefne Norgis Rigis korte beskriffuelſe er forfatted
                        Aar effter <ex>Chris</ex>ti Byrd <date when="1567">1567</date> og <lb/> udi
                        de effterfölgende, men nu paa ny udskref<lb/>uet Anno Domini <date when="1701">1701</date> -
                     </colophon>
                  </msItem>
               </msContents>
               <physDesc>
                  <objectDesc form="codex">
                     <supportDesc material="chart">
                        <support>
                           <p>
                              <material>Håndgjort bøttepapir</material> med vandmærker.</p>
                        </support>
                        <extent>i + 46 + i. <dimensions type="leaf" scope="all"> 
                           <height unit="mm" quantity="301">301</height>
                           <width unit="mm" quantity="190">190</width>
                        </dimensions>.
                        </extent>
                        <foliation>Folieret 1-47 med rødt blæk af <name type="person" key="KriKaa001">Kristian Kålund</name> (AM-seddlen blev regnet som bl. 2). 
                           Der er desuden ældre paginering med brun blæk (1-89).</foliation>
                        <collation><p><list>
                           <item>I: bl. 1-13 (1+13, 3+12, 4+11, 5+10, 6+9, 7+8) [AM-seddlen, som er folieret som bl. 2, er tilføjet.]</item> 
                           <item>II: bl. 14-25 (14+25, 15+24, 16+23, 17+22, 18+21, 19+20) </item>
                           <item>III: bl. 26-37 (26+37, 27+36, 28+35, 29+34, 30+33, 31+32) </item>
                           <item>IV: bl. 38-47 (38+47, 39+46, 40+45, 41+44, 42+43) </item>
                        </list>
                        </p>
                           <signatures>Der er ingen lægsignaturer.</signatures>
                           <catchwords>Der er kustoder i slutningen af hver læg, dvs. på bl. <locus>13v</locus>, <locus>25v</locus> og
                              <locus>37v</locus>, men ikke på bl. <locus>47v</locus>, som er ubeskrevet.</catchwords> 
                        </collation>
                        <condition><p>Bladerne er kun beskåret i top og bund.</p>
                           <p>Der er en del pletter på papiret.</p>
                           <p>Blækket er trængt igennem papiret.</p></condition>
                     </supportDesc>
                     <layoutDesc>
                        <layout columns="1 2" writtenLines="31 35">
                           <p>
                              <list><item>Teksten er skrevet i en eller to kolonner
                                 med 31-35 linier per side og 7-8 ord per linie.</item>  
                                 <item>Kolumnestørrelsen er ca. <dimensions type="written">
                                    <height unit="mm" quantity="240">240</height>
                                    <width unit="mm" quantity="125">125</width>
                                 </dimensions>.</item>
                                 <item>Største del af bl. <locus>47r</locus> og hele bl. <locus>47v</locus> er ubeskrevet.</item>
                              </list></p>
                        </layout>
                     </layoutDesc>
                  </objectDesc>
                  <handDesc hands="1">
                     <handNote scribe="AsgJon001" scope="sole" script="kurrent">
                        <p>Skrevet af <name type="person" key="AsgJon001">Ásgeir Jónsson</name>.</p>
                     </handNote>
                  </handDesc>
                  
                  <decoDesc><decoNote type="initial">Initialerne er lidt større end hovedteksten (1-2 linier), men ikke ornamenteret.</decoNote></decoDesc>
                  <additions>
                     <p>Hist og her marginal-noter af <name type="person" key="ThoTor001">Torfæus</name>. Bl. <locus>1v</locus> gives en notits, der sandsynligvis stammer fra
                        Torfæus, men som er nedskrevet af <name type="person" key="AsgJon001">Ásgeir
                           Jónsson</name>, og som omhandler det anonyme håndskrifts sandsynlige
                        forfatter.</p>
                  </additions>
                  
                  <bindingDesc><binding contemporary="false"><p>Håndskriftet er indbundet i
                     <name type="person" key="ArnMag001">Arne Magnussons</name> tid (<date notBefore="1700" notAfter="1730">ca. 1700-1730</date>).
                     Halvbind bestående af pergamentryg med gennemtrukne perganemtstropper ved rygfalsen samt overtræk af gulbrunt Gustavmarmor med skjulte hjørner
                     (<dimensions type="binding">
                     <height>312</height>
                     <width>198</width>
                     <depth>28</depth>
                     </dimensions>).
                     Det oprindelige overtræk af bekrevet pergament fra <title>Biblia latina</title>
                     er nu overført til <ref type="ms">Access.
                        7e</ref> (Hs 122, bl. 4, 19, 24 og 57). 
                     Det nuværende overtræk er gul/brunt
                     Gustavmarmor, der er blevet sat på i <date when="1911">1911</date>.</p></binding></bindingDesc>
                  
                  <accMat>
                     <p>En <locus from="accMat01r" to="accMat01v">AM-seddel</locus> 
                        (<dimensions type="slip" unit="mm"><height>150</height><width>100</width></dimensions>) 
                        er indsæt ved falsen på bl. <locus>3r</locus> (og er regnet som bl. <locus>2</locus> i den røde foliereing).
                        <name key="ArnMag001" type="person">Arne Magnusson</name> skriver på seddlen:
                        <q>fra Sal. Assessor Thormod Toruesens Enke 1720.</q>
                     </p>
                  </accMat>
                  
               </physDesc>
               
               <history>
                  <origin>
                     <p>Håndskriftet var formodentligt skrevet i <origPlace cert="high" key="NO">Norge</origPlace> i 
                        <origDate when="1701">1701</origDate>
                        (cf. colophon).</p>
                  </origin>
                  <provenance>
                     <p>Hele håndskriftet, hvis del dette har været, fik <name type="person" key="ArnMag001">Arne Magnusson</name> 
                        i <date when="1720">1720</date> af <name type="person" key="ThoTor001">Torfæus</name>s enke. <name type="person" key="ThoTor001">Þormóður Torfæus</name>
                        har muligvis bestillt håndskriftet, fordi det var skrevet af hans skrivere <name type="person" key="AsgJon001">Ásgeir Jónsson</name>.</p>
                  </provenance>
               </history>
               
               <additional>
                  
                  
                  <adminInfo><recordHist><source><p>Katalogiseret <date when="2015-10-05">05. oktober 2015</date> af 
                     <name type="person" key="BeeSte001">BS</name>.</p></source></recordHist></adminInfo>
                  
                  <surrogates><p><list> 
                     <item>Seneste mikrofilmoptagelser fra <date when="1998">1998</date>.</item>
                     <item>A4-billeder (90%) fra <date when="2001">2001</date>.</item>
                  </list>
                  </p></surrogates>
                  
                  <listBibl>
                     <bibl>Kålund: <ref type="secondary-1" target="KKKat">Katalog</ref>
                        <biblScope type="volume">I</biblScope>
                        <biblScope type="pages">68</biblScope>
                     </bibl>
                     <bibl>Suhm: <ref target="PetSuh1771-1776">Samlinger</ref>
                        <biblScope type="volume">II</biblScope>
                        <biblScope type="pages">99f.</biblScope>
                     </bibl>
                     <bibl>Nicolaysen: <ref target="NorMag">Norske Magazin</ref>
                        <biblScope type="volume">I</biblScope>
                        <biblScope type="pages">69</biblScope>
                     </bibl>
                  </listBibl>
               </additional>
            </msDesc>
         </sourceDesc>
      </fileDesc>
   </teiHeader>
	<facsimile xml:base="https://myndir.handrit.is/file/Handrit.is/">
		<surface xml:id="AM02-0099-0000r-FB" n="0">
			<desc>0000r-FB</desc>
			<graphic mimeType="pdf" url="AM%2099%20fol./0/HIGH_QUALITY_DISPLAY"/>
			<graphic mimeType="jpg" url="AM%2099%20fol./0/THUMBNAIL" width="200px" height="286px"/>
			<graphic mimeType="jpg" url="AM%2099%20fol./0/SECONDARY_DISPLAY" width="2464px" height="3524px"/>
			<graphic mimeType="pdf" url="AM%2099%20fol./0/WEB_DISPLAY"/>
		</surface>
		<surface xml:id="AM02-0099-0000v-FB" n="1">
			<desc>0000v-FB</desc>
			<graphic mimeType="pdf" url="AM%2099%20fol./1/HIGH_QUALITY_DISPLAY"/>
			<graphic mimeType="jpg" url="AM%2099%20fol./1/THUMBNAIL" width="200px" height="286px"/>
			<graphic mimeType="jpg" url="AM%2099%20fol./1/SECONDARY_DISPLAY" width="2464px" height="3524px"/>
			<graphic mimeType="pdf" url="AM%2099%20fol./1/WEB_DISPLAY"/>
		</surface>
		<surface xml:id="AM02-0099-0001r-FFl" n="2">
			<desc>0001r-FFl</desc>
			<graphic mimeType="pdf" url="AM%2099%20fol./2/HIGH_QUALITY_DISPLAY"/>
			<graphic mimeType="jpg" url="AM%2099%20fol./2/THUMBNAIL" width="200px" height="287px"/>
			<graphic mimeType="jpg" url="AM%2099%20fol./2/SECONDARY_DISPLAY" width="2464px" height="3533px"/>
			<graphic mimeType="pdf" url="AM%2099%20fol./2/WEB_DISPLAY"/>
		</surface>
		<surface xml:id="AM02-0099-0001v" n="3">
			<desc>0001v</desc>
			<graphic mimeType="pdf" url="AM%2099%20fol./3/HIGH_QUALITY_DISPLAY"/>
			<graphic mimeType="jpg" url="AM%2099%20fol./3/THUMBNAIL" width="200px" height="287px"/>
			<graphic mimeType="jpg" url="AM%2099%20fol./3/SECONDARY_DISPLAY" width="2464px" height="3529px"/>
			<graphic mimeType="pdf" url="AM%2099%20fol./3/WEB_DISPLAY"/>
		</surface>
		<surface xml:id="AM02-0099-0002r" n="4">
			<desc>0002r</desc>
			<graphic mimeType="pdf" url="AM%2099%20fol./4/HIGH_QUALITY_DISPLAY"/>
			<graphic mimeType="jpg" url="AM%2099%20fol./4/THUMBNAIL" width="200px" height="286px"/>
			<graphic mimeType="jpg" url="AM%2099%20fol./4/SECONDARY_DISPLAY" width="2464px" height="3527px"/>
			<graphic mimeType="pdf" url="AM%2099%20fol./4/WEB_DISPLAY"/>
		</surface>
		<surface xml:id="AM02-0099-0002v" n="5">
			<desc>0002v</desc>
			<graphic mimeType="pdf" url="AM%2099%20fol./5/HIGH_QUALITY_DISPLAY"/>
			<graphic mimeType="jpg" url="AM%2099%20fol./5/THUMBNAIL" width="200px" height="286px"/>
			<graphic mimeType="jpg" url="AM%2099%20fol./5/SECONDARY_DISPLAY" width="2464px" height="3520px"/>
			<graphic mimeType="pdf" url="AM%2099%20fol./5/WEB_DISPLAY"/>
		</surface>
		<surface xml:id="AM02-0099-0003r" n="6">
			<desc>0003r</desc>
			<graphic mimeType="pdf" url="AM%2099%20fol./6/HIGH_QUALITY_DISPLAY"/>
			<graphic mimeType="jpg" url="AM%2099%20fol./6/THUMBNAIL" width="200px" height="286px"/>
			<graphic mimeType="jpg" url="AM%2099%20fol./6/SECONDARY_DISPLAY" width="2464px" height="3526px"/>
			<graphic mimeType="pdf" url="AM%2099%20fol./6/WEB_DISPLAY"/>
		</surface>
		<surface xml:id="AM02-0099-0003v" n="7">
			<desc>0003v</desc>
			<graphic mimeType="pdf" url="AM%2099%20fol./7/HIGH_QUALITY_DISPLAY"/>
			<graphic mimeType="jpg" url="AM%2099%20fol./7/THUMBNAIL" width="200px" height="286px"/>
			<graphic mimeType="jpg" url="AM%2099%20fol./7/SECONDARY_DISPLAY" width="2464px" height="3518px"/>
			<graphic mimeType="pdf" url="AM%2099%20fol./7/WEB_DISPLAY"/>
		</surface>
		<surface xml:id="AM02-0099-0004r" n="8">
			<desc>0004r</desc>
			<graphic mimeType="pdf" url="AM%2099%20fol./8/HIGH_QUALITY_DISPLAY"/>
			<graphic mimeType="jpg" url="AM%2099%20fol./8/THUMBNAIL" width="200px" height="286px"/>
			<graphic mimeType="jpg" url="AM%2099%20fol./8/SECONDARY_DISPLAY" width="2464px" height="3526px"/>
			<graphic mimeType="pdf" url="AM%2099%20fol./8/WEB_DISPLAY"/>
		</surface>
		<surface xml:id="AM02-0099-0004v" n="9">
			<desc>0004v</desc>
			<graphic mimeType="pdf" url="AM%2099%20fol./9/HIGH_QUALITY_DISPLAY"/>
			<graphic mimeType="jpg" url="AM%2099%20fol./9/THUMBNAIL" width="200px" height="286px"/>
			<graphic mimeType="jpg" url="AM%2099%20fol./9/SECONDARY_DISPLAY" width="2464px" height="3524px"/>
			<graphic mimeType="pdf" url="AM%2099%20fol./9/WEB_DISPLAY"/>
		</surface>
		<surface xml:id="AM02-0099-0005r" n="10">
			<desc>0005r</desc>
			<graphic mimeType="pdf" url="AM%2099%20fol./10/HIGH_QUALITY_DISPLAY"/>
			<graphic mimeType="jpg" url="AM%2099%20fol./10/THUMBNAIL" width="200px" height="286px"/>
			<graphic mimeType="jpg" url="AM%2099%20fol./10/SECONDARY_DISPLAY" width="2464px" height="3520px"/>
			<graphic mimeType="pdf" url="AM%2099%20fol./10/WEB_DISPLAY"/>
		</surface>
		<surface xml:id="AM02-0099-0005v" n="11">
			<desc>0005v</desc>
			<graphic mimeType="pdf" url="AM%2099%20fol./11/HIGH_QUALITY_DISPLAY"/>
			<graphic mimeType="jpg" url="AM%2099%20fol./11/THUMBNAIL" width="200px" height="286px"/>
			<graphic mimeType="jpg" url="AM%2099%20fol./11/SECONDARY_DISPLAY" width="2464px" height="3522px"/>
			<graphic mimeType="pdf" url="AM%2099%20fol./11/WEB_DISPLAY"/>
		</surface>
		<surface xml:id="AM02-0099-0006r" n="12">
			<desc>0006r</desc>
			<graphic mimeType="pdf" url="AM%2099%20fol./12/HIGH_QUALITY_DISPLAY"/>
			<graphic mimeType="jpg" url="AM%2099%20fol./12/THUMBNAIL" width="200px" height="286px"/>
			<graphic mimeType="jpg" url="AM%2099%20fol./12/SECONDARY_DISPLAY" width="2464px" height="3523px"/>
			<graphic mimeType="pdf" url="AM%2099%20fol./12/WEB_DISPLAY"/>
		</surface>
		<surface xml:id="AM02-0099-0006v" n="13">
			<desc>0006v</desc>
			<graphic mimeType="pdf" url="AM%2099%20fol./13/HIGH_QUALITY_DISPLAY"/>
			<graphic mimeType="jpg" url="AM%2099%20fol./13/THUMBNAIL" width="200px" height="286px"/>
			<graphic mimeType="jpg" url="AM%2099%20fol./13/SECONDARY_DISPLAY" width="2464px" height="3520px"/>
			<graphic mimeType="pdf" url="AM%2099%20fol./13/WEB_DISPLAY"/>
		</surface>
		<surface xml:id="AM02-0099-0007r" n="14">
			<desc>0007r</desc>
			<graphic mimeType="pdf" url="AM%2099%20fol./14/HIGH_QUALITY_DISPLAY"/>
			<graphic mimeType="jpg" url="AM%2099%20fol./14/THUMBNAIL" width="200px" height="286px"/>
			<graphic mimeType="jpg" url="AM%2099%20fol./14/SECONDARY_DISPLAY" width="2464px" height="3526px"/>
			<graphic mimeType="pdf" url="AM%2099%20fol./14/WEB_DISPLAY"/>
		</surface>
		<surface xml:id="AM02-0099-0007v" n="15">
			<desc>0007v</desc>
			<graphic mimeType="pdf" url="AM%2099%20fol./15/HIGH_QUALITY_DISPLAY"/>
			<graphic mimeType="jpg" url="AM%2099%20fol./15/THUMBNAIL" width="200px" height="286px"/>
			<graphic mimeType="jpg" url="AM%2099%20fol./15/SECONDARY_DISPLAY" width="2464px" height="3526px"/>
			<graphic mimeType="pdf" url="AM%2099%20fol./15/WEB_DISPLAY"/>
		</surface>
		<surface xml:id="AM02-0099-0008r" n="16">
			<desc>0008r</desc>
			<graphic mimeType="pdf" url="AM%2099%20fol./16/HIGH_QUALITY_DISPLAY"/>
			<graphic mimeType="jpg" url="AM%2099%20fol./16/THUMBNAIL" width="200px" height="286px"/>
			<graphic mimeType="jpg" url="AM%2099%20fol./16/SECONDARY_DISPLAY" width="2464px" height="3524px"/>
			<graphic mimeType="pdf" url="AM%2099%20fol./16/WEB_DISPLAY"/>
		</surface>
		<surface xml:id="AM02-0099-0008v" n="17">
			<desc>0008v</desc>
			<graphic mimeType="pdf" url="AM%2099%20fol./17/HIGH_QUALITY_DISPLAY"/>
			<graphic mimeType="jpg" url="AM%2099%20fol./17/THUMBNAIL" width="200px" height="286px"/>
			<graphic mimeType="jpg" url="AM%2099%20fol./17/SECONDARY_DISPLAY" width="2464px" height="3526px"/>
			<graphic mimeType="pdf" url="AM%2099%20fol./17/WEB_DISPLAY"/>
		</surface>
		<surface xml:id="AM02-0099-0009r" n="18">
			<desc>0009r</desc>
			<graphic mimeType="pdf" url="AM%2099%20fol./18/HIGH_QUALITY_DISPLAY"/>
			<graphic mimeType="jpg" url="AM%2099%20fol./18/THUMBNAIL" width="200px" height="286px"/>
			<graphic mimeType="jpg" url="AM%2099%20fol./18/SECONDARY_DISPLAY" width="2464px" height="3528px"/>
			<graphic mimeType="pdf" url="AM%2099%20fol./18/WEB_DISPLAY"/>
		</surface>
		<surface xml:id="AM02-0099-0009v" n="19">
			<desc>0009v</desc>
			<graphic mimeType="pdf" url="AM%2099%20fol./19/HIGH_QUALITY_DISPLAY"/>
			<graphic mimeType="jpg" url="AM%2099%20fol./19/THUMBNAIL" width="200px" height="286px"/>
			<graphic mimeType="jpg" url="AM%2099%20fol./19/SECONDARY_DISPLAY" width="2464px" height="3526px"/>
			<graphic mimeType="pdf" url="AM%2099%20fol./19/WEB_DISPLAY"/>
		</surface>
		<surface xml:id="AM02-0099-0010r" n="20">
			<desc>0010r</desc>
			<graphic mimeType="pdf" url="AM%2099%20fol./20/HIGH_QUALITY_DISPLAY"/>
			<graphic mimeType="jpg" url="AM%2099%20fol./20/THUMBNAIL" width="200px" height="286px"/>
			<graphic mimeType="jpg" url="AM%2099%20fol./20/SECONDARY_DISPLAY" width="2464px" height="3521px"/>
			<graphic mimeType="pdf" url="AM%2099%20fol./20/WEB_DISPLAY"/>
		</surface>
		<surface xml:id="AM02-0099-0010v" n="21">
			<desc>0010v</desc>
			<graphic mimeType="pdf" url="AM%2099%20fol./21/HIGH_QUALITY_DISPLAY"/>
			<graphic mimeType="jpg" url="AM%2099%20fol./21/THUMBNAIL" width="200px" height="285px"/>
			<graphic mimeType="jpg" url="AM%2099%20fol./21/SECONDARY_DISPLAY" width="2464px" height="3516px"/>
			<graphic mimeType="pdf" url="AM%2099%20fol./21/WEB_DISPLAY"/>
		</surface>
		<surface xml:id="AM02-0099-0011r" n="22">
			<desc>0011r</desc>
			<graphic mimeType="pdf" url="AM%2099%20fol./22/HIGH_QUALITY_DISPLAY"/>
			<graphic mimeType="jpg" url="AM%2099%20fol./22/THUMBNAIL" width="200px" height="286px"/>
			<graphic mimeType="jpg" url="AM%2099%20fol./22/SECONDARY_DISPLAY" width="2464px" height="3520px"/>
			<graphic mimeType="pdf" url="AM%2099%20fol./22/WEB_DISPLAY"/>
		</surface>
		<surface xml:id="AM02-0099-0011v" n="23">
			<desc>0011v</desc>
			<graphic mimeType="pdf" url="AM%2099%20fol./23/HIGH_QUALITY_DISPLAY"/>
			<graphic mimeType="jpg" url="AM%2099%20fol./23/THUMBNAIL" width="200px" height="285px"/>
			<graphic mimeType="jpg" url="AM%2099%20fol./23/SECONDARY_DISPLAY" width="2464px" height="3516px"/>
			<graphic mimeType="pdf" url="AM%2099%20fol./23/WEB_DISPLAY"/>
		</surface>
		<surface xml:id="AM02-0099-0012r" n="24">
			<desc>0012r</desc>
			<graphic mimeType="pdf" url="AM%2099%20fol./24/HIGH_QUALITY_DISPLAY"/>
			<graphic mimeType="jpg" url="AM%2099%20fol./24/THUMBNAIL" width="200px" height="286px"/>
			<graphic mimeType="jpg" url="AM%2099%20fol./24/SECONDARY_DISPLAY" width="2464px" height="3526px"/>
			<graphic mimeType="pdf" url="AM%2099%20fol./24/WEB_DISPLAY"/>
		</surface>
		<surface xml:id="AM02-0099-0012v" n="25">
			<desc>0012v</desc>
			<graphic mimeType="pdf" url="AM%2099%20fol./25/HIGH_QUALITY_DISPLAY"/>
			<graphic mimeType="jpg" url="AM%2099%20fol./25/THUMBNAIL" width="200px" height="286px"/>
			<graphic mimeType="jpg" url="AM%2099%20fol./25/SECONDARY_DISPLAY" width="2464px" height="3520px"/>
			<graphic mimeType="pdf" url="AM%2099%20fol./25/WEB_DISPLAY"/>
		</surface>
		<surface xml:id="AM02-0099-0013r" n="26">
			<desc>0013r</desc>
			<graphic mimeType="pdf" url="AM%2099%20fol./26/HIGH_QUALITY_DISPLAY"/>
			<graphic mimeType="jpg" url="AM%2099%20fol./26/THUMBNAIL" width="200px" height="285px"/>
			<graphic mimeType="jpg" url="AM%2099%20fol./26/SECONDARY_DISPLAY" width="2464px" height="3512px"/>
			<graphic mimeType="pdf" url="AM%2099%20fol./26/WEB_DISPLAY"/>
		</surface>
		<surface xml:id="AM02-0099-0013v" n="27">
			<desc>0013v</desc>
			<graphic mimeType="pdf" url="AM%2099%20fol./27/HIGH_QUALITY_DISPLAY"/>
			<graphic mimeType="jpg" url="AM%2099%20fol./27/THUMBNAIL" width="200px" height="287px"/>
			<graphic mimeType="jpg" url="AM%2099%20fol./27/SECONDARY_DISPLAY" width="2464px" height="3533px"/>
			<graphic mimeType="pdf" url="AM%2099%20fol./27/WEB_DISPLAY"/>
		</surface>
		<surface xml:id="AM02-0099-0014r" n="28">
			<desc>0014r</desc>
			<graphic mimeType="pdf" url="AM%2099%20fol./28/HIGH_QUALITY_DISPLAY"/>
			<graphic mimeType="jpg" url="AM%2099%20fol./28/THUMBNAIL" width="200px" height="286px"/>
			<graphic mimeType="jpg" url="AM%2099%20fol./28/SECONDARY_DISPLAY" width="2464px" height="3528px"/>
			<graphic mimeType="pdf" url="AM%2099%20fol./28/WEB_DISPLAY"/>
		</surface>
		<surface xml:id="AM02-0099-0014v" n="29">
			<desc>0014v</desc>
			<graphic mimeType="pdf" url="AM%2099%20fol./29/HIGH_QUALITY_DISPLAY"/>
			<graphic mimeType="jpg" url="AM%2099%20fol./29/THUMBNAIL" width="200px" height="286px"/>
			<graphic mimeType="jpg" url="AM%2099%20fol./29/SECONDARY_DISPLAY" width="2464px" height="3524px"/>
			<graphic mimeType="pdf" url="AM%2099%20fol./29/WEB_DISPLAY"/>
		</surface>
		<surface xml:id="AM02-0099-0015r" n="30">
			<desc>0015r</desc>
			<graphic mimeType="pdf" url="AM%2099%20fol./30/HIGH_QUALITY_DISPLAY"/>
			<graphic mimeType="jpg" url="AM%2099%20fol./30/THUMBNAIL" width="200px" height="287px"/>
			<graphic mimeType="jpg" url="AM%2099%20fol./30/SECONDARY_DISPLAY" width="2464px" height="3536px"/>
			<graphic mimeType="pdf" url="AM%2099%20fol./30/WEB_DISPLAY"/>
		</surface>
		<surface xml:id="AM02-0099-0015v" n="31">
			<desc>0015v</desc>
			<graphic mimeType="pdf" url="AM%2099%20fol./31/HIGH_QUALITY_DISPLAY"/>
			<graphic mimeType="jpg" url="AM%2099%20fol./31/THUMBNAIL" width="200px" height="286px"/>
			<graphic mimeType="jpg" url="AM%2099%20fol./31/SECONDARY_DISPLAY" width="2464px" height="3528px"/>
			<graphic mimeType="pdf" url="AM%2099%20fol./31/WEB_DISPLAY"/>
		</surface>
		<surface xml:id="AM02-0099-0016r" n="32">
			<desc>0016r</desc>
			<graphic mimeType="pdf" url="AM%2099%20fol./32/HIGH_QUALITY_DISPLAY"/>
			<graphic mimeType="jpg" url="AM%2099%20fol./32/THUMBNAIL" width="200px" height="287px"/>
			<graphic mimeType="jpg" url="AM%2099%20fol./32/SECONDARY_DISPLAY" width="2464px" height="3532px"/>
			<graphic mimeType="pdf" url="AM%2099%20fol./32/WEB_DISPLAY"/>
		</surface>
		<surface xml:id="AM02-0099-0016v" n="33">
			<desc>0016v</desc>
			<graphic mimeType="pdf" url="AM%2099%20fol./33/HIGH_QUALITY_DISPLAY"/>
			<graphic mimeType="jpg" url="AM%2099%20fol./33/THUMBNAIL" width="200px" height="287px"/>
			<graphic mimeType="jpg" url="AM%2099%20fol./33/SECONDARY_DISPLAY" width="2464px" height="3530px"/>
			<graphic mimeType="pdf" url="AM%2099%20fol./33/WEB_DISPLAY"/>
		</surface>
		<surface xml:id="AM02-0099-0017r" n="34">
			<desc>0017r</desc>
			<graphic mimeType="pdf" url="AM%2099%20fol./34/HIGH_QUALITY_DISPLAY"/>
			<graphic mimeType="jpg" url="AM%2099%20fol./34/THUMBNAIL" width="200px" height="286px"/>
			<graphic mimeType="jpg" url="AM%2099%20fol./34/SECONDARY_DISPLAY" width="2464px" height="3520px"/>
			<graphic mimeType="pdf" url="AM%2099%20fol./34/WEB_DISPLAY"/>
		</surface>
		<surface xml:id="AM02-0099-0017v" n="35">
			<desc>0017v</desc>
			<graphic mimeType="pdf" url="AM%2099%20fol./35/HIGH_QUALITY_DISPLAY"/>
			<graphic mimeType="jpg" url="AM%2099%20fol./35/THUMBNAIL" width="200px" height="287px"/>
			<graphic mimeType="jpg" url="AM%2099%20fol./35/SECONDARY_DISPLAY" width="2464px" height="3531px"/>
			<graphic mimeType="pdf" url="AM%2099%20fol./35/WEB_DISPLAY"/>
		</surface>
		<surface xml:id="AM02-0099-0018r" n="36">
			<desc>0018r</desc>
			<graphic mimeType="pdf" url="AM%2099%20fol./36/HIGH_QUALITY_DISPLAY"/>
			<graphic mimeType="jpg" url="AM%2099%20fol./36/THUMBNAIL" width="200px" height="287px"/>
			<graphic mimeType="jpg" url="AM%2099%20fol./36/SECONDARY_DISPLAY" width="2464px" height="3534px"/>
			<graphic mimeType="pdf" url="AM%2099%20fol./36/WEB_DISPLAY"/>
		</surface>
		<surface xml:id="AM02-0099-0018v" n="37">
			<desc>0018v</desc>
			<graphic mimeType="pdf" url="AM%2099%20fol./37/HIGH_QUALITY_DISPLAY"/>
			<graphic mimeType="jpg" url="AM%2099%20fol./37/THUMBNAIL" width="200px" height="286px"/>
			<graphic mimeType="jpg" url="AM%2099%20fol./37/SECONDARY_DISPLAY" width="2464px" height="3520px"/>
			<graphic mimeType="pdf" url="AM%2099%20fol./37/WEB_DISPLAY"/>
		</surface>
		<surface xml:id="AM02-0099-0019r" n="38">
			<desc>0019r</desc>
			<graphic mimeType="pdf" url="AM%2099%20fol./38/HIGH_QUALITY_DISPLAY"/>
			<graphic mimeType="jpg" url="AM%2099%20fol./38/THUMBNAIL" width="200px" height="286px"/>
			<graphic mimeType="jpg" url="AM%2099%20fol./38/SECONDARY_DISPLAY" width="2464px" height="3525px"/>
			<graphic mimeType="pdf" url="AM%2099%20fol./38/WEB_DISPLAY"/>
		</surface>
		<surface xml:id="AM02-0099-0019v" n="39">
			<desc>0019v</desc>
			<graphic mimeType="pdf" url="AM%2099%20fol./39/HIGH_QUALITY_DISPLAY"/>
			<graphic mimeType="jpg" url="AM%2099%20fol./39/THUMBNAIL" width="200px" height="286px"/>
			<graphic mimeType="jpg" url="AM%2099%20fol./39/SECONDARY_DISPLAY" width="2464px" height="3524px"/>
			<graphic mimeType="pdf" url="AM%2099%20fol./39/WEB_DISPLAY"/>
		</surface>
		<surface xml:id="AM02-0099-0020r" n="40">
			<desc>0020r</desc>
			<graphic mimeType="pdf" url="AM%2099%20fol./40/HIGH_QUALITY_DISPLAY"/>
			<graphic mimeType="jpg" url="AM%2099%20fol./40/THUMBNAIL" width="200px" height="285px"/>
			<graphic mimeType="jpg" url="AM%2099%20fol./40/SECONDARY_DISPLAY" width="2464px" height="3508px"/>
			<graphic mimeType="pdf" url="AM%2099%20fol./40/WEB_DISPLAY"/>
		</surface>
		<surface xml:id="AM02-0099-0020v" n="41">
			<desc>0020v</desc>
			<graphic mimeType="pdf" url="AM%2099%20fol./41/HIGH_QUALITY_DISPLAY"/>
			<graphic mimeType="jpg" url="AM%2099%20fol./41/THUMBNAIL" width="200px" height="285px"/>
			<graphic mimeType="jpg" url="AM%2099%20fol./41/SECONDARY_DISPLAY" width="2464px" height="3513px"/>
			<graphic mimeType="pdf" url="AM%2099%20fol./41/WEB_DISPLAY"/>
		</surface>
		<surface xml:id="AM02-0099-0021r" n="42">
			<desc>0021r</desc>
			<graphic mimeType="pdf" url="AM%2099%20fol./42/HIGH_QUALITY_DISPLAY"/>
			<graphic mimeType="jpg" url="AM%2099%20fol./42/THUMBNAIL" width="200px" height="286px"/>
			<graphic mimeType="jpg" url="AM%2099%20fol./42/SECONDARY_DISPLAY" width="2464px" height="3520px"/>
			<graphic mimeType="pdf" url="AM%2099%20fol./42/WEB_DISPLAY"/>
		</surface>
		<surface xml:id="AM02-0099-0021v" n="43">
			<desc>0021v</desc>
			<graphic mimeType="pdf" url="AM%2099%20fol./43/HIGH_QUALITY_DISPLAY"/>
			<graphic mimeType="jpg" url="AM%2099%20fol./43/THUMBNAIL" width="200px" height="286px"/>
			<graphic mimeType="jpg" url="AM%2099%20fol./43/SECONDARY_DISPLAY" width="2464px" height="3520px"/>
			<graphic mimeType="pdf" url="AM%2099%20fol./43/WEB_DISPLAY"/>
		</surface>
		<surface xml:id="AM02-0099-0022r" n="44">
			<desc>0022r</desc>
			<graphic mimeType="pdf" url="AM%2099%20fol./44/HIGH_QUALITY_DISPLAY"/>
			<graphic mimeType="jpg" url="AM%2099%20fol./44/THUMBNAIL" width="200px" height="286px"/>
			<graphic mimeType="jpg" url="AM%2099%20fol./44/SECONDARY_DISPLAY" width="2464px" height="3524px"/>
			<graphic mimeType="pdf" url="AM%2099%20fol./44/WEB_DISPLAY"/>
		</surface>
		<surface xml:id="AM02-0099-0022v" n="45">
			<desc>0022v</desc>
			<graphic mimeType="pdf" url="AM%2099%20fol./45/HIGH_QUALITY_DISPLAY"/>
			<graphic mimeType="jpg" url="AM%2099%20fol./45/THUMBNAIL" width="200px" height="287px"/>
			<graphic mimeType="jpg" url="AM%2099%20fol./45/SECONDARY_DISPLAY" width="2464px" height="3530px"/>
			<graphic mimeType="pdf" url="AM%2099%20fol./45/WEB_DISPLAY"/>
		</surface>
		<surface xml:id="AM02-0099-0023r" n="46">
			<desc>0023r</desc>
			<graphic mimeType="pdf" url="AM%2099%20fol./46/HIGH_QUALITY_DISPLAY"/>
			<graphic mimeType="jpg" url="AM%2099%20fol./46/THUMBNAIL" width="200px" height="286px"/>
			<graphic mimeType="jpg" url="AM%2099%20fol./46/SECONDARY_DISPLAY" width="2464px" height="3520px"/>
			<graphic mimeType="pdf" url="AM%2099%20fol./46/WEB_DISPLAY"/>
		</surface>
		<surface xml:id="AM02-0099-0023v" n="47">
			<desc>0023v</desc>
			<graphic mimeType="pdf" url="AM%2099%20fol./47/HIGH_QUALITY_DISPLAY"/>
			<graphic mimeType="jpg" url="AM%2099%20fol./47/THUMBNAIL" width="200px" height="285px"/>
			<graphic mimeType="jpg" url="AM%2099%20fol./47/SECONDARY_DISPLAY" width="2464px" height="3512px"/>
			<graphic mimeType="pdf" url="AM%2099%20fol./47/WEB_DISPLAY"/>
		</surface>
		<surface xml:id="AM02-0099-0024r" n="48">
			<desc>0024r</desc>
			<graphic mimeType="pdf" url="AM%2099%20fol./48/HIGH_QUALITY_DISPLAY"/>
			<graphic mimeType="jpg" url="AM%2099%20fol./48/THUMBNAIL" width="200px" height="286px"/>
			<graphic mimeType="jpg" url="AM%2099%20fol./48/SECONDARY_DISPLAY" width="2464px" height="3528px"/>
			<graphic mimeType="pdf" url="AM%2099%20fol./48/WEB_DISPLAY"/>
		</surface>
		<surface xml:id="AM02-0099-0024v" n="49">
			<desc>0024v</desc>
			<graphic mimeType="pdf" url="AM%2099%20fol./49/HIGH_QUALITY_DISPLAY"/>
			<graphic mimeType="jpg" url="AM%2099%20fol./49/THUMBNAIL" width="200px" height="287px"/>
			<graphic mimeType="jpg" url="AM%2099%20fol./49/SECONDARY_DISPLAY" width="2464px" height="3530px"/>
			<graphic mimeType="pdf" url="AM%2099%20fol./49/WEB_DISPLAY"/>
		</surface>
		<surface xml:id="AM02-0099-0025r" n="50">
			<desc>0025r</desc>
			<graphic mimeType="pdf" url="AM%2099%20fol./50/HIGH_QUALITY_DISPLAY"/>
			<graphic mimeType="jpg" url="AM%2099%20fol./50/THUMBNAIL" width="200px" height="286px"/>
			<graphic mimeType="jpg" url="AM%2099%20fol./50/SECONDARY_DISPLAY" width="2464px" height="3524px"/>
			<graphic mimeType="pdf" url="AM%2099%20fol./50/WEB_DISPLAY"/>
		</surface>
		<surface xml:id="AM02-0099-0025v" n="51">
			<desc>0025v</desc>
			<graphic mimeType="pdf" url="AM%2099%20fol./51/HIGH_QUALITY_DISPLAY"/>
			<graphic mimeType="jpg" url="AM%2099%20fol./51/THUMBNAIL" width="200px" height="286px"/>
			<graphic mimeType="jpg" url="AM%2099%20fol./51/SECONDARY_DISPLAY" width="2464px" height="3524px"/>
			<graphic mimeType="pdf" url="AM%2099%20fol./51/WEB_DISPLAY"/>
		</surface>
		<surface xml:id="AM02-0099-0026r" n="52">
			<desc>0026r</desc>
			<graphic mimeType="pdf" url="AM%2099%20fol./52/HIGH_QUALITY_DISPLAY"/>
			<graphic mimeType="jpg" url="AM%2099%20fol./52/THUMBNAIL" width="200px" height="286px"/>
			<graphic mimeType="jpg" url="AM%2099%20fol./52/SECONDARY_DISPLAY" width="2464px" height="3524px"/>
			<graphic mimeType="pdf" url="AM%2099%20fol./52/WEB_DISPLAY"/>
		</surface>
		<surface xml:id="AM02-0099-0026v" n="53">
			<desc>0026v</desc>
			<graphic mimeType="pdf" url="AM%2099%20fol./53/HIGH_QUALITY_DISPLAY"/>
			<graphic mimeType="jpg" url="AM%2099%20fol./53/THUMBNAIL" width="200px" height="285px"/>
			<graphic mimeType="jpg" url="AM%2099%20fol./53/SECONDARY_DISPLAY" width="2464px" height="3516px"/>
			<graphic mimeType="pdf" url="AM%2099%20fol./53/WEB_DISPLAY"/>
		</surface>
		<surface xml:id="AM02-0099-0027r" n="54">
			<desc>0027r</desc>
			<graphic mimeType="pdf" url="AM%2099%20fol./54/HIGH_QUALITY_DISPLAY"/>
			<graphic mimeType="jpg" url="AM%2099%20fol./54/THUMBNAIL" width="200px" height="286px"/>
			<graphic mimeType="jpg" url="AM%2099%20fol./54/SECONDARY_DISPLAY" width="2464px" height="3519px"/>
			<graphic mimeType="pdf" url="AM%2099%20fol./54/WEB_DISPLAY"/>
		</surface>
		<surface xml:id="AM02-0099-0027v" n="55">
			<desc>0027v</desc>
			<graphic mimeType="pdf" url="AM%2099%20fol./55/HIGH_QUALITY_DISPLAY"/>
			<graphic mimeType="jpg" url="AM%2099%20fol./55/THUMBNAIL" width="200px" height="287px"/>
			<graphic mimeType="jpg" url="AM%2099%20fol./55/SECONDARY_DISPLAY" width="2464px" height="3531px"/>
			<graphic mimeType="pdf" url="AM%2099%20fol./55/WEB_DISPLAY"/>
		</surface>
		<surface xml:id="AM02-0099-0028r" n="56">
			<desc>0028r</desc>
			<graphic mimeType="pdf" url="AM%2099%20fol./56/HIGH_QUALITY_DISPLAY"/>
			<graphic mimeType="jpg" url="AM%2099%20fol./56/THUMBNAIL" width="200px" height="286px"/>
			<graphic mimeType="jpg" url="AM%2099%20fol./56/SECONDARY_DISPLAY" width="2464px" height="3517px"/>
			<graphic mimeType="pdf" url="AM%2099%20fol./56/WEB_DISPLAY"/>
		</surface>
		<surface xml:id="AM02-0099-0028v" n="57">
			<desc>0028v</desc>
			<graphic mimeType="pdf" url="AM%2099%20fol./57/HIGH_QUALITY_DISPLAY"/>
			<graphic mimeType="jpg" url="AM%2099%20fol./57/THUMBNAIL" width="200px" height="286px"/>
			<graphic mimeType="jpg" url="AM%2099%20fol./57/SECONDARY_DISPLAY" width="2464px" height="3527px"/>
			<graphic mimeType="pdf" url="AM%2099%20fol./57/WEB_DISPLAY"/>
		</surface>
		<surface xml:id="AM02-0099-0029r" n="58">
			<desc>0029r</desc>
			<graphic mimeType="pdf" url="AM%2099%20fol./58/HIGH_QUALITY_DISPLAY"/>
			<graphic mimeType="jpg" url="AM%2099%20fol./58/THUMBNAIL" width="200px" height="286px"/>
			<graphic mimeType="jpg" url="AM%2099%20fol./58/SECONDARY_DISPLAY" width="2464px" height="3527px"/>
			<graphic mimeType="pdf" url="AM%2099%20fol./58/WEB_DISPLAY"/>
		</surface>
		<surface xml:id="AM02-0099-0029v" n="59">
			<desc>0029v</desc>
			<graphic mimeType="pdf" url="AM%2099%20fol./59/HIGH_QUALITY_DISPLAY"/>
			<graphic mimeType="jpg" url="AM%2099%20fol./59/THUMBNAIL" width="200px" height="286px"/>
			<graphic mimeType="jpg" url="AM%2099%20fol./59/SECONDARY_DISPLAY" width="2464px" height="3526px"/>
			<graphic mimeType="pdf" url="AM%2099%20fol./59/WEB_DISPLAY"/>
		</surface>
		<surface xml:id="AM02-0099-0030r" n="60">
			<desc>0030r</desc>
			<graphic mimeType="pdf" url="AM%2099%20fol./60/HIGH_QUALITY_DISPLAY"/>
			<graphic mimeType="jpg" url="AM%2099%20fol./60/THUMBNAIL" width="200px" height="286px"/>
			<graphic mimeType="jpg" url="AM%2099%20fol./60/SECONDARY_DISPLAY" width="2464px" height="3524px"/>
			<graphic mimeType="pdf" url="AM%2099%20fol./60/WEB_DISPLAY"/>
		</surface>
		<surface xml:id="AM02-0099-0030v" n="61">
			<desc>0030v</desc>
			<graphic mimeType="pdf" url="AM%2099%20fol./61/HIGH_QUALITY_DISPLAY"/>
			<graphic mimeType="jpg" url="AM%2099%20fol./61/THUMBNAIL" width="200px" height="286px"/>
			<graphic mimeType="jpg" url="AM%2099%20fol./61/SECONDARY_DISPLAY" width="2464px" height="3528px"/>
			<graphic mimeType="pdf" url="AM%2099%20fol./61/WEB_DISPLAY"/>
		</surface>
		<surface xml:id="AM02-0099-0031r" n="62">
			<desc>0031r</desc>
			<graphic mimeType="pdf" url="AM%2099%20fol./62/HIGH_QUALITY_DISPLAY"/>
			<graphic mimeType="jpg" url="AM%2099%20fol./62/THUMBNAIL" width="200px" height="286px"/>
			<graphic mimeType="jpg" url="AM%2099%20fol./62/SECONDARY_DISPLAY" width="2464px" height="3520px"/>
			<graphic mimeType="pdf" url="AM%2099%20fol./62/WEB_DISPLAY"/>
		</surface>
		<surface xml:id="AM02-0099-0031v" n="63">
			<desc>0031v</desc>
			<graphic mimeType="pdf" url="AM%2099%20fol./63/HIGH_QUALITY_DISPLAY"/>
			<graphic mimeType="jpg" url="AM%2099%20fol./63/THUMBNAIL" width="200px" height="285px"/>
			<graphic mimeType="jpg" url="AM%2099%20fol./63/SECONDARY_DISPLAY" width="2464px" height="3516px"/>
			<graphic mimeType="pdf" url="AM%2099%20fol./63/WEB_DISPLAY"/>
		</surface>
		<surface xml:id="AM02-0099-0032r" n="64">
			<desc>0032r</desc>
			<graphic mimeType="pdf" url="AM%2099%20fol./64/HIGH_QUALITY_DISPLAY"/>
			<graphic mimeType="jpg" url="AM%2099%20fol./64/THUMBNAIL" width="200px" height="286px"/>
			<graphic mimeType="jpg" url="AM%2099%20fol./64/SECONDARY_DISPLAY" width="2464px" height="3525px"/>
			<graphic mimeType="pdf" url="AM%2099%20fol./64/WEB_DISPLAY"/>
		</surface>
		<surface xml:id="AM02-0099-0032v" n="65">
			<desc>0032v</desc>
			<graphic mimeType="pdf" url="AM%2099%20fol./65/HIGH_QUALITY_DISPLAY"/>
			<graphic mimeType="jpg" url="AM%2099%20fol./65/THUMBNAIL" width="200px" height="286px"/>
			<graphic mimeType="jpg" url="AM%2099%20fol./65/SECONDARY_DISPLAY" width="2464px" height="3524px"/>
			<graphic mimeType="pdf" url="AM%2099%20fol./65/WEB_DISPLAY"/>
		</surface>
		<surface xml:id="AM02-0099-0033r" n="66">
			<desc>0033r</desc>
			<graphic mimeType="pdf" url="AM%2099%20fol./66/HIGH_QUALITY_DISPLAY"/>
			<graphic mimeType="jpg" url="AM%2099%20fol./66/THUMBNAIL" width="200px" height="286px"/>
			<graphic mimeType="jpg" url="AM%2099%20fol./66/SECONDARY_DISPLAY" width="2464px" height="3522px"/>
			<graphic mimeType="pdf" url="AM%2099%20fol./66/WEB_DISPLAY"/>
		</surface>
		<surface xml:id="AM02-0099-0033v" n="67">
			<desc>0033v</desc>
			<graphic mimeType="pdf" url="AM%2099%20fol./67/HIGH_QUALITY_DISPLAY"/>
			<graphic mimeType="jpg" url="AM%2099%20fol./67/THUMBNAIL" width="200px" height="287px"/>
			<graphic mimeType="jpg" url="AM%2099%20fol./67/SECONDARY_DISPLAY" width="2456px" height="3528px"/>
			<graphic mimeType="pdf" url="AM%2099%20fol./67/WEB_DISPLAY"/>
		</surface>
		<surface xml:id="AM02-0099-0034r" n="68">
			<desc>0034r</desc>
			<graphic mimeType="pdf" url="AM%2099%20fol./68/HIGH_QUALITY_DISPLAY"/>
			<graphic mimeType="jpg" url="AM%2099%20fol./68/THUMBNAIL" width="200px" height="287px"/>
			<graphic mimeType="jpg" url="AM%2099%20fol./68/SECONDARY_DISPLAY" width="2464px" height="3537px"/>
			<graphic mimeType="pdf" url="AM%2099%20fol./68/WEB_DISPLAY"/>
		</surface>
		<surface xml:id="AM02-0099-0034v" n="69">
			<desc>0034v</desc>
			<graphic mimeType="pdf" url="AM%2099%20fol./69/HIGH_QUALITY_DISPLAY"/>
			<graphic mimeType="jpg" url="AM%2099%20fol./69/THUMBNAIL" width="200px" height="287px"/>
			<graphic mimeType="jpg" url="AM%2099%20fol./69/SECONDARY_DISPLAY" width="2464px" height="3531px"/>
			<graphic mimeType="pdf" url="AM%2099%20fol./69/WEB_DISPLAY"/>
		</surface>
		<surface xml:id="AM02-0099-0035r" n="70">
			<desc>0035r</desc>
			<graphic mimeType="pdf" url="AM%2099%20fol./70/HIGH_QUALITY_DISPLAY"/>
			<graphic mimeType="jpg" url="AM%2099%20fol./70/THUMBNAIL" width="200px" height="287px"/>
			<graphic mimeType="jpg" url="AM%2099%20fol./70/SECONDARY_DISPLAY" width="2464px" height="3535px"/>
			<graphic mimeType="pdf" url="AM%2099%20fol./70/WEB_DISPLAY"/>
		</surface>
		<surface xml:id="AM02-0099-0035v" n="71">
			<desc>0035v</desc>
			<graphic mimeType="pdf" url="AM%2099%20fol./71/HIGH_QUALITY_DISPLAY"/>
			<graphic mimeType="jpg" url="AM%2099%20fol./71/THUMBNAIL" width="200px" height="286px"/>
			<graphic mimeType="jpg" url="AM%2099%20fol./71/SECONDARY_DISPLAY" width="2464px" height="3527px"/>
			<graphic mimeType="pdf" url="AM%2099%20fol./71/WEB_DISPLAY"/>
		</surface>
		<surface xml:id="AM02-0099-0036r" n="72">
			<desc>0036r</desc>
			<graphic mimeType="pdf" url="AM%2099%20fol./72/HIGH_QUALITY_DISPLAY"/>
			<graphic mimeType="jpg" url="AM%2099%20fol./72/THUMBNAIL" width="200px" height="287px"/>
			<graphic mimeType="jpg" url="AM%2099%20fol./72/SECONDARY_DISPLAY" width="2464px" height="3532px"/>
			<graphic mimeType="pdf" url="AM%2099%20fol./72/WEB_DISPLAY"/>
		</surface>
		<surface xml:id="AM02-0099-0036v" n="73">
			<desc>0036v</desc>
			<graphic mimeType="pdf" url="AM%2099%20fol./73/HIGH_QUALITY_DISPLAY"/>
			<graphic mimeType="jpg" url="AM%2099%20fol./73/THUMBNAIL" width="200px" height="287px"/>
			<graphic mimeType="jpg" url="AM%2099%20fol./73/SECONDARY_DISPLAY" width="2464px" height="3532px"/>
			<graphic mimeType="pdf" url="AM%2099%20fol./73/WEB_DISPLAY"/>
		</surface>
		<surface xml:id="AM02-0099-0037r" n="74">
			<desc>0037r</desc>
			<graphic mimeType="pdf" url="AM%2099%20fol./74/HIGH_QUALITY_DISPLAY"/>
			<graphic mimeType="jpg" url="AM%2099%20fol./74/THUMBNAIL" width="200px" height="286px"/>
			<graphic mimeType="jpg" url="AM%2099%20fol./74/SECONDARY_DISPLAY" width="2464px" height="3523px"/>
			<graphic mimeType="pdf" url="AM%2099%20fol./74/WEB_DISPLAY"/>
		</surface>
		<surface xml:id="AM02-0099-0037v" n="75">
			<desc>0037v</desc>
			<graphic mimeType="pdf" url="AM%2099%20fol./75/HIGH_QUALITY_DISPLAY"/>
			<graphic mimeType="jpg" url="AM%2099%20fol./75/THUMBNAIL" width="200px" height="286px"/>
			<graphic mimeType="jpg" url="AM%2099%20fol./75/SECONDARY_DISPLAY" width="2464px" height="3517px"/>
			<graphic mimeType="pdf" url="AM%2099%20fol./75/WEB_DISPLAY"/>
		</surface>
		<surface xml:id="AM02-0099-0038r" n="76">
			<desc>0038r</desc>
			<graphic mimeType="pdf" url="AM%2099%20fol./76/HIGH_QUALITY_DISPLAY"/>
			<graphic mimeType="jpg" url="AM%2099%20fol./76/THUMBNAIL" width="200px" height="287px"/>
			<graphic mimeType="jpg" url="AM%2099%20fol./76/SECONDARY_DISPLAY" width="2464px" height="3532px"/>
			<graphic mimeType="pdf" url="AM%2099%20fol./76/WEB_DISPLAY"/>
		</surface>
		<surface xml:id="AM02-0099-0038v" n="77">
			<desc>0038v</desc>
			<graphic mimeType="pdf" url="AM%2099%20fol./77/HIGH_QUALITY_DISPLAY"/>
			<graphic mimeType="jpg" url="AM%2099%20fol./77/THUMBNAIL" width="200px" height="287px"/>
			<graphic mimeType="jpg" url="AM%2099%20fol./77/SECONDARY_DISPLAY" width="2464px" height="3536px"/>
			<graphic mimeType="pdf" url="AM%2099%20fol./77/WEB_DISPLAY"/>
		</surface>
		<surface xml:id="AM02-0099-0039r" n="78">
			<desc>0039r</desc>
			<graphic mimeType="pdf" url="AM%2099%20fol./78/HIGH_QUALITY_DISPLAY"/>
			<graphic mimeType="jpg" url="AM%2099%20fol./78/THUMBNAIL" width="200px" height="287px"/>
			<graphic mimeType="jpg" url="AM%2099%20fol./78/SECONDARY_DISPLAY" width="2464px" height="3532px"/>
			<graphic mimeType="pdf" url="AM%2099%20fol./78/WEB_DISPLAY"/>
		</surface>
		<surface xml:id="AM02-0099-0039v" n="79">
			<desc>0039v</desc>
			<graphic mimeType="pdf" url="AM%2099%20fol./79/HIGH_QUALITY_DISPLAY"/>
			<graphic mimeType="jpg" url="AM%2099%20fol./79/THUMBNAIL" width="200px" height="286px"/>
			<graphic mimeType="jpg" url="AM%2099%20fol./79/SECONDARY_DISPLAY" width="2464px" height="3524px"/>
			<graphic mimeType="pdf" url="AM%2099%20fol./79/WEB_DISPLAY"/>
		</surface>
		<surface xml:id="AM02-0099-0040r" n="80">
			<desc>0040r</desc>
			<graphic mimeType="pdf" url="AM%2099%20fol./80/HIGH_QUALITY_DISPLAY"/>
			<graphic mimeType="jpg" url="AM%2099%20fol./80/THUMBNAIL" width="200px" height="286px"/>
			<graphic mimeType="jpg" url="AM%2099%20fol./80/SECONDARY_DISPLAY" width="2464px" height="3524px"/>
			<graphic mimeType="pdf" url="AM%2099%20fol./80/WEB_DISPLAY"/>
		</surface>
		<surface xml:id="AM02-0099-0040v" n="81">
			<desc>0040v</desc>
			<graphic mimeType="pdf" url="AM%2099%20fol./81/HIGH_QUALITY_DISPLAY"/>
			<graphic mimeType="jpg" url="AM%2099%20fol./81/THUMBNAIL" width="200px" height="287px"/>
			<graphic mimeType="jpg" url="AM%2099%20fol./81/SECONDARY_DISPLAY" width="2464px" height="3534px"/>
			<graphic mimeType="pdf" url="AM%2099%20fol./81/WEB_DISPLAY"/>
		</surface>
		<surface xml:id="AM02-0099-0041r" n="82">
			<desc>0041r</desc>
			<graphic mimeType="pdf" url="AM%2099%20fol./82/HIGH_QUALITY_DISPLAY"/>
			<graphic mimeType="jpg" url="AM%2099%20fol./82/THUMBNAIL" width="200px" height="287px"/>
			<graphic mimeType="jpg" url="AM%2099%20fol./82/SECONDARY_DISPLAY" width="2464px" height="3533px"/>
			<graphic mimeType="pdf" url="AM%2099%20fol./82/WEB_DISPLAY"/>
		</surface>
		<surface xml:id="AM02-0099-0041v" n="83">
			<desc>0041v</desc>
			<graphic mimeType="pdf" url="AM%2099%20fol./83/HIGH_QUALITY_DISPLAY"/>
			<graphic mimeType="jpg" url="AM%2099%20fol./83/THUMBNAIL" width="200px" height="287px"/>
			<graphic mimeType="jpg" url="AM%2099%20fol./83/SECONDARY_DISPLAY" width="2464px" height="3532px"/>
			<graphic mimeType="pdf" url="AM%2099%20fol./83/WEB_DISPLAY"/>
		</surface>
		<surface xml:id="AM02-0099-0042r" n="84">
			<desc>0042r</desc>
			<graphic mimeType="pdf" url="AM%2099%20fol./84/HIGH_QUALITY_DISPLAY"/>
			<graphic mimeType="jpg" url="AM%2099%20fol./84/THUMBNAIL" width="200px" height="286px"/>
			<graphic mimeType="jpg" url="AM%2099%20fol./84/SECONDARY_DISPLAY" width="2464px" height="3528px"/>
			<graphic mimeType="pdf" url="AM%2099%20fol./84/WEB_DISPLAY"/>
		</surface>
		<surface xml:id="AM02-0099-0042v" n="85">
			<desc>0042v</desc>
			<graphic mimeType="pdf" url="AM%2099%20fol./85/HIGH_QUALITY_DISPLAY"/>
			<graphic mimeType="jpg" url="AM%2099%20fol./85/THUMBNAIL" width="200px" height="286px"/>
			<graphic mimeType="jpg" url="AM%2099%20fol./85/SECONDARY_DISPLAY" width="2464px" height="3520px"/>
			<graphic mimeType="pdf" url="AM%2099%20fol./85/WEB_DISPLAY"/>
		</surface>
		<surface xml:id="AM02-0099-0043r" n="86">
			<desc>0043r</desc>
			<graphic mimeType="pdf" url="AM%2099%20fol./86/HIGH_QUALITY_DISPLAY"/>
			<graphic mimeType="jpg" url="AM%2099%20fol./86/THUMBNAIL" width="200px" height="286px"/>
			<graphic mimeType="jpg" url="AM%2099%20fol./86/SECONDARY_DISPLAY" width="2464px" height="3527px"/>
			<graphic mimeType="pdf" url="AM%2099%20fol./86/WEB_DISPLAY"/>
		</surface>
		<surface xml:id="AM02-0099-0043v" n="87">
			<desc>0043v</desc>
			<graphic mimeType="pdf" url="AM%2099%20fol./87/HIGH_QUALITY_DISPLAY"/>
			<graphic mimeType="jpg" url="AM%2099%20fol./87/THUMBNAIL" width="200px" height="286px"/>
			<graphic mimeType="jpg" url="AM%2099%20fol./87/SECONDARY_DISPLAY" width="2464px" height="3528px"/>
			<graphic mimeType="pdf" url="AM%2099%20fol./87/WEB_DISPLAY"/>
		</surface>
		<surface xml:id="AM02-0099-0044r" n="88">
			<desc>0044r</desc>
			<graphic mimeType="pdf" url="AM%2099%20fol./88/HIGH_QUALITY_DISPLAY"/>
			<graphic mimeType="jpg" url="AM%2099%20fol./88/THUMBNAIL" width="200px" height="286px"/>
			<graphic mimeType="jpg" url="AM%2099%20fol./88/SECONDARY_DISPLAY" width="2464px" height="3517px"/>
			<graphic mimeType="pdf" url="AM%2099%20fol./88/WEB_DISPLAY"/>
		</surface>
		<surface xml:id="AM02-0099-0044v" n="89">
			<desc>0044v</desc>
			<graphic mimeType="pdf" url="AM%2099%20fol./89/HIGH_QUALITY_DISPLAY"/>
			<graphic mimeType="jpg" url="AM%2099%20fol./89/THUMBNAIL" width="200px" height="286px"/>
			<graphic mimeType="jpg" url="AM%2099%20fol./89/SECONDARY_DISPLAY" width="2464px" height="3519px"/>
			<graphic mimeType="pdf" url="AM%2099%20fol./89/WEB_DISPLAY"/>
		</surface>
		<surface xml:id="AM02-0099-0045r" n="90">
			<desc>0045r</desc>
			<graphic mimeType="pdf" url="AM%2099%20fol./90/HIGH_QUALITY_DISPLAY"/>
			<graphic mimeType="jpg" url="AM%2099%20fol./90/THUMBNAIL" width="200px" height="286px"/>
			<graphic mimeType="jpg" url="AM%2099%20fol./90/SECONDARY_DISPLAY" width="2464px" height="3521px"/>
			<graphic mimeType="pdf" url="AM%2099%20fol./90/WEB_DISPLAY"/>
		</surface>
		<surface xml:id="AM02-0099-0045v" n="91">
			<desc>0045v</desc>
			<graphic mimeType="pdf" url="AM%2099%20fol./91/HIGH_QUALITY_DISPLAY"/>
			<graphic mimeType="jpg" url="AM%2099%20fol./91/THUMBNAIL" width="200px" height="286px"/>
			<graphic mimeType="jpg" url="AM%2099%20fol./91/SECONDARY_DISPLAY" width="2464px" height="3527px"/>
			<graphic mimeType="pdf" url="AM%2099%20fol./91/WEB_DISPLAY"/>
		</surface>
		<surface xml:id="AM02-0099-0046r" n="92">
			<desc>0046r</desc>
			<graphic mimeType="pdf" url="AM%2099%20fol./92/HIGH_QUALITY_DISPLAY"/>
			<graphic mimeType="jpg" url="AM%2099%20fol./92/THUMBNAIL" width="200px" height="287px"/>
			<graphic mimeType="jpg" url="AM%2099%20fol./92/SECONDARY_DISPLAY" width="2464px" height="3532px"/>
			<graphic mimeType="pdf" url="AM%2099%20fol./92/WEB_DISPLAY"/>
		</surface>
		<surface xml:id="AM02-0099-0046v" n="93">
			<desc>0046v</desc>
			<graphic mimeType="pdf" url="AM%2099%20fol./93/HIGH_QUALITY_DISPLAY"/>
			<graphic mimeType="jpg" url="AM%2099%20fol./93/THUMBNAIL" width="200px" height="286px"/>
			<graphic mimeType="jpg" url="AM%2099%20fol./93/SECONDARY_DISPLAY" width="2464px" height="3520px"/>
			<graphic mimeType="pdf" url="AM%2099%20fol./93/WEB_DISPLAY"/>
		</surface>
		<surface xml:id="AM02-0099-0047r" n="94">
			<desc>0047r</desc>
			<graphic mimeType="pdf" url="AM%2099%20fol./94/HIGH_QUALITY_DISPLAY"/>
			<graphic mimeType="jpg" url="AM%2099%20fol./94/THUMBNAIL" width="200px" height="286px"/>
			<graphic mimeType="jpg" url="AM%2099%20fol./94/SECONDARY_DISPLAY" width="2464px" height="3528px"/>
			<graphic mimeType="pdf" url="AM%2099%20fol./94/WEB_DISPLAY"/>
		</surface>
		<surface xml:id="AM02-0099-9999v-RB" n="95">
			<desc>9999v-RB</desc>
			<graphic mimeType="pdf" url="AM%2099%20fol./95/HIGH_QUALITY_DISPLAY"/>
			<graphic mimeType="jpg" url="AM%2099%20fol./95/THUMBNAIL" width="200px" height="285px"/>
			<graphic mimeType="jpg" url="AM%2099%20fol./95/SECONDARY_DISPLAY" width="2464px" height="3516px"/>
			<graphic mimeType="pdf" url="AM%2099%20fol./95/WEB_DISPLAY"/>
		</surface>
	</facsimile>
</TEI>