<?xml version="1.0" encoding="UTF-8"?>
<?oxygen RNGSchema="http://www.handrit.is/schema/handrit-1.0.rnc" type="compact"?>
<TEI xmlns="http://www.tei-c.org/ns/1.0">
	<teiHeader>
		<fileDesc>
			<titleStmt>
				<title>Handritaskrá Árnastofnunar</title>
			</titleStmt>
			<publicationStmt>
				<p>Tilraunaútgáfa</p>
			</publicationStmt>
			<sourceDesc>
				<msDesc xml:lang="is" xml:id="AM02-0148-is">
					<msIdentifier>
						<country key="IS">Ísland</country>
						<settlement>Reykjavík</settlement>
						<institution>Stofnun Árna Magnússonar í íslenskum fræðum</institution>
						<repository>Handritasvið</repository>
						<collection>Safn Árna Magnússonar</collection>
						<idno>AM 148 fol.</idno>
						<altIdentifier type="internal" subtype="KKKat">
							<idno>177</idno>
						</altIdentifier>

					</msIdentifier>


					<!-- Not: Gronl. hist. M. II, 579-80; Tvær sögur af Gísla Súrssyni, Kbh. 1849.
         Jón Helgason. Smaastykker 1-5. Opuscula. 1970; 4 (Bibliotheca Arnamagnæana; 30): 350-363.
         Jón Helgason. Sylloge sagarum. Resenii bibliotheca. Vatnshyrna. Opuscula 1985; 8 (Bibliotheca Arnamagnæana; 38): 9-53.
         Membrana Regia Deperdita. Loth, Agnete, ed. Hafniæ: Munksgaard; 1960. xcv, 248 s. (Editiones Arnamagnæanæ. Series A; 5).-->
					<msContents>
						<textLang mainLang="is">Íslenska.</textLang>
						<msItem n="1" class="isl" defective="false" xml:lang="is">
							<locus from="1r" facs="#AM02-0148-0001r" to="40r">1r-40r</locus>
							<title type="uniform">Gísla saga Súrssonar</title>
							
							<rubric>Saga af Gísla Súrssyni.</rubric>
							<incipit>[Þ]að er upphaf á sögu þessari að Hákon konungur
								Aðalsteinsfóstri réð fyrir Noregi …</incipit>
							<explicit>… Víða hefir hann búið á Mýrum og eru menn komnir frá honum. </explicit>
							<finalRubric>Lúku vér hér Gísla sögu Súrssonar. Guð gefi alla góða daga
								utan enda. Amen.</finalRubric>
							<colophon>Þessi saga er skrifuð eftir sögubók <name key="ThoMag012" type="person">Þorleifs Magnússonar</name> á <name type="place">Hlíðarenda,</name> anno <date when="1651-03-17">1651, enduð 17.
									mars</date> í <name type="place"> Villingaholti
							</name>.</colophon>
						</msItem>
					</msContents>

					<physDesc>
						<objectDesc form="codex">
							<supportDesc material="chart">
								<support>
									<p>Pappír.</p>
									<p>
										<watermark n="1">
											Vatnsmerki 1. Aðalmerki:
											<ref target="watermark:K7-1">Tveir turnar með tveimur egglaga gluggum (vatnsmerki 2 og 3)</ref>
											// Mótmerki:
											<ref target="watermark:X2">Fangamark PH</ref>
											<ref target="https://www.wasserzeichen-online.de/wzis/struktur.php?ref=IS5000-02-0148_12r">IS5000-02-0148_12r</ref>
											(
											<locus from="1r" to="3v">1-3</locus>
											,
											<locus from="5r" to="5v">5</locus>
											,
											<locus from="7r" to="7v">7</locus>
											,
											<locus from="12r" to="13v">12-13</locus>
											,
											<locus from="15r" to="15v">15</locus>
											,
											<locus from="17r" to="17v">17</locus>
											,
											<locus from="20r" to="20v">20?</locus>
											,
											<locus from="22r" to="22v">22</locus>
											,
											<locus from="24r" to="25v">24-25</locus>
											,
											<locus from="28r" to="28v">28</locus>
											,
											<locus from="30r" to="30v">30</locus>
											,
											<locus from="36r" to="40v">36-40</locus>
											).
										</watermark>
									</p>
									<p>
										<watermark n="2">
											Vatnsmerki 2. Aðalmerki:
											<ref target="watermark:K7-1">Tveir turnar með tveimur egglaga gluggum 1</ref>
											<ref target="https://www.wasserzeichen-online.de/wzis/struktur.php?ref=IS5000-02-0148_21r">IS5000-02-0148_21r</ref>
											(
											<locus from="4r" to="4v">4</locus>
											,
											<locus from="8r" to="8v">8</locus>
											,
											<locus from="10r" to="11v">10-11</locus>
											,
											<locus from="14r" to="14v">14</locus>
											,
											<locus from="16r" to="16v">16</locus>
											,
											<locus from="19r" to="19v">19</locus>
											,
											<locus from="21r" to="21v">21</locus>
											,
											<locus from="27r" to="27v">27</locus>
											,
											<locus from="29r" to="29v">29</locus>
											,
											<locus from="31r" to="32v">31-32</locus>
											,
											<locus from="34r" to="35v">34-35</locus>
											)
											// Mótmerki: Vatnsmerki 1.
										</watermark>
									</p>
									<p>
										<watermark n="3">
											Vatnsmerki 3. Aðalmerki:
											<ref target="watermark:K7-1">Tveir turnar með tveimur egglaga gluggum 2</ref>
											<ref target="https://www.wasserzeichen-online.de/wzis/struktur.php?ref=IS5000-02-0148_33r">IS5000-02-0148_33r</ref>
											(
											<locus from="6r" to="6v">6</locus>
											,
											<locus from="9r" to="9v">9</locus>
											,
											<locus from="18r" to="18v">18</locus>
											,
											<locus from="23r" to="23v">23</locus>
											,
											<locus from="26r" to="26v">26</locus>
											,
											<locus from="33r" to="33v">33</locus>
											)
											// Mótmerki: Vatnsmerki 1. 
										</watermark>
									</p>
								</support>
								<extent>ii + 40 blöð + ii blöð (<dimensions type="leaf" unit="mm" scope="all">
										<height>287</height>
										<width>185</width>
									</dimensions>); blað <locus from="40v" facs="#AM02-0148-0040v" to="40v">40v</locus> er autt. </extent>
								<foliation>
									<p>
										<list>
											<item>Seinni tíma tölusetning blaða. Blöð <locus from="1r" facs="#AM02-0148-0001r" to="1r">1</locus>,
												<locus from="5r" facs="#AM02-0148-0005r" to="5r">5</locus>, <locus from="10r" facs="#AM02-0148-0010r" to="10r">10</locus>
												o.s.frv. eru tölusett með svörtu bleki; önnur blöð eru tölusett
												 með rauðum lit.</item>
										</list>
									</p>
								</foliation>

								<condition>
									<p>
										<list>

											<item n="1">Víða eru blettir á spássíum og leturfleti (sjá
												blað <locus from="35r" facs="#AM02-0148-0035r" to="35v">35</locus>, <locus from="27r" facs="#AM02-0148-0027r" to="27v">27</locus>,
												<locus from="28r" facs="#AM02-0148-0028r" to="28v">28</locus>).</item>
											<item n="2">Texti sést almennt í gegn; mismikið en
												víðast allnokkuð (sjá blað <locus from="17r" facs="#AM02-0148-0017r" to="17v">17</locus>,<locus from="33r" facs="#AM02-0148-0033r" to="33v"> 33</locus> og
												víðar).</item>
										</list>
									</p>
								</condition>

							</supportDesc>

							<layoutDesc>
								<layout columns="1" writtenLines="23 24">
									<p>
										<list>
											<item>Eindálka.</item>
											<item>Leturflötur er ca <dimensions type="leaf" unit="mm">
												<height>235</height>
												<width>132</width>
												</dimensions>.</item>
											<item>Línufjöldi er ca 23-24.</item>
											<item>Eyður fyrir upphafsstafi; á stöku stað er þó
												skreyttur upphafsstafur, s.s. á blöðum <locus from="4r" facs="#AM02-0148-0004r" to="4v">4</locus>, <locus from="9v" facs="#AM02-0148-0009v" to="9v">9v</locus> og <locus from="34v" facs="#AM02-0148-0034v" to="34v">34v.</locus>
											</item>
										</list>
									</p>
								</layout>
							</layoutDesc>

						</objectDesc>
						<handDesc>
							<handNote scribe="JonErl001" script="hybrida" scope="sole">
								<list>
									<item>Með hendi <name type="person" key="JonErl001">Jóns
											Erlendssonar</name> í <name type="place">Villingaholti</name>; blendingsskrift. </item>
								</list>
							</handNote>
						</handDesc>

						<additions>
							<p>
								<list>
									<item>Vísur eru tölusettar á spássíum (síðari tíma gjörningur sjá t.d. blöð <locus from="22r" facs="#AM02-0148-0022r" to="22r">22r</locus>, <locus from="23v" facs="#AM02-0148-0023v" to="23v">23v</locus>,
											<locus from="24v" facs="#AM02-0148-0024v" to="24v">24v</locus> og víðar).</item>
								</list>
							</p>
						</additions>

						<bindingDesc>
							<binding contemporary="unknown">
								<p>Band (<dimensions type="binding">
										<height>292</height>
										<width>190</width>
										<depth>13</depth>
									</dimensions>): Spjöld og kjölur eru klædd bókfelli
									(bókfellsband). Blár safnmarksmiði á kili.</p>
							</binding>
							<!-- Ath. aldur á bandi -->
						</bindingDesc>

					</physDesc>
					<history>
						<origin when="1651" evidence="internal">
							<p>Handritið er skrifað á <origPlace key="IS">Íslandi</origPlace> nánar
								tiltekið í <name type="place">Villingaholti</name> árið <origDate when="1651">1651</origDate> (sbr. blað <locus from="40r" facs="#AM02-0148-0040r" to="40r">40r</locus>). </p>
							<p>Þetta er uppskrift eftir skinnbókinni <ref target="AM04-0556a">AM 556
									a 4to</ref> (sbr. <locus from="0002v" facs="#AM02-0148-0002v" to="0002v">saurblað 2v</locus>).</p>
							<p> AM 148 fol. var upprunalega hluti af stærri bók sem innihélt einnig
									<ref target="AM02-0013" type="ms">AM 13 fol.</ref>, <ref target="AM02-0034II" type="ms">AM 34 II fol.</ref>, <ref target="AM02-0049" type="ms">AM 49 fol.</ref> og <ref target="AM02-0113b" type="ms">AM 113 b fol.</ref> (<ref target="AM02-0113c" type="ms">113 c</ref> var sett í stað b
								þegar það var skorið úr bókinni) og <ref target="AM02-0185" type="ms">AM 185 fol.</ref> (sbr. <ref>
									<name key="" type="person">Agnete Loth</name>
								</ref> og <ref>
									<name key="" type="person">Jón Helgason</name>
								</ref>).</p>
							<!-- Vísað svo í Agnete Loth og Jón Helgason í Sagnanetinu -->
							<!-- ath. tilvísanir og not!! -->
						</origin>

						<provenance>
							<p>Bókin sem handritið tilheyrði var í eigu <name key="ThoVig002" type="person">Þorbjargar Vigfúsdóttur</name> en <name key="ArnMag001" type="person">Árni Magnússon</name> fékk hana
								frá <name key="ThorJon007" type="person">Þórði Jónssyni</name> (sbr.
									<ref>Agnete Loth</ref> og <ref>Jón Helgason</ref>).</p>
						</provenance>

						<acquisition when="1974-03-27">
							<p>Stofnun Árna Magnússonar á Íslandi tók við handritinu 27. mars
							1974.</p>
						</acquisition>
					</history>
					<additional>
						<adminInfo>
							<recordHist>
								<source>
									<p><name key="KriKaa001" type="person">Kålund</name>
										gekk frá handritinu til skráningar í <date when="1885-11-27">27. nóvember 1885</date>
										<bibl>
											<ref target="KKKat">Katalog I; </ref>
										</bibl>bls. 103-104 (nr. 177),
										<name type="person" key="ValHil001">VH</name> skráði handritið samkvæmt TEIP5 reglum <date when="2008-11-24"> 24. nóvember 2008,</date>,
												yfirfór í <date when="2009-09"> september 2009</date>; lagfærði í <date when="2010-11">nóvember 2010.</date> <name key="ThuSig002" type="person">ÞÓS</name> skráði <date when="2020-06-19">19. júní 2020</date>.
										

									</p>
								</source>

							</recordHist>
						</adminInfo>
						<surrogates>
							<p>
								<list>
									<item>Stafrænar myndir á www.sagnanet.is.</item>
									<item>Svart-hvítar ljósmyndir á Det Arnamagnæanske Institut í
										Kaupmannahöfn.</item>
									<item>Negatíf örfilma gerð 1995 á Stofnun Árna Magnússonar á
										Íslandi (askja 421).</item>
								</list>
							</p>
						</surrogates>
						<listBibl>
							<bibl>Guðrún Ása Grímsdóttir 2008, <ref target="GuðGrí2008a">Ættartölusafnrit séra Þórðar Jónssonar í Hítardal</ref></bibl>
							<bibl>Jón Helgason 1970, <ref target="JónHel0834a">Småstykker 1-5</ref></bibl>
							<bibl>Jón Helgason 1985, <ref target="JónHel0859a">Sylloge sagarum. Resenii bibliotheca. Vatnshyrna</ref></bibl>
							<bibl>Loth, A. 1960, <ref target="AgnLot1960a">Membrana Regia Deperdita</ref></bibl>
						</listBibl>
					</additional>
				</msDesc>
			</sourceDesc>
		</fileDesc>
		<revisionDesc>
			<change when="2008-10" who="#EriHas01">Migrated from MASTER to P5</change>
		</revisionDesc>
	</teiHeader>
	<facsimile xml:base="https://myndir.handrit.is/file/Handrit.is/">
		<surface xml:id="AM02-0148-0000r-FB" n="0">
			<desc>0000r-FB</desc>
			<graphic mimeType="pdf" url="AM%20148%20fol/0/HIGH_QUALITY_DISPLAY"/>
			<graphic mimeType="jpg" url="AM%20148%20fol/0/THUMBNAIL" width="200px" height="293px"/>
			<graphic mimeType="jpg" url="AM%20148%20fol/0/SECONDARY_DISPLAY" width="2556px" height="3744px"/>
			<graphic mimeType="pdf" url="AM%20148%20fol/0/WEB_DISPLAY"/>
		</surface>
		<surface xml:id="AM02-0148-0000v-FB" n="1">
			<desc>0000v-FB</desc>
			<graphic mimeType="pdf" url="AM%20148%20fol/1/HIGH_QUALITY_DISPLAY"/>
			<graphic mimeType="jpg" url="AM%20148%20fol/1/THUMBNAIL" width="196px" height="300px"/>
			<graphic mimeType="jpg" url="AM%20148%20fol/1/SECONDARY_DISPLAY" width="2447px" height="3744px"/>
			<graphic mimeType="pdf" url="AM%20148%20fol/1/WEB_DISPLAY"/>
		</surface>
		<surface xml:id="AM02-0148-0001r-FFl" n="2">
			<desc>0001r-FFl</desc>
			<graphic mimeType="pdf" url="AM%20148%20fol/2/HIGH_QUALITY_DISPLAY"/>
			<graphic mimeType="jpg" url="AM%20148%20fol/2/THUMBNAIL" width="196px" height="300px"/>
			<graphic mimeType="jpg" url="AM%20148%20fol/2/SECONDARY_DISPLAY" width="2447px" height="3744px"/>
			<graphic mimeType="pdf" url="AM%20148%20fol/2/WEB_DISPLAY"/>
		</surface>
		<surface xml:id="AM02-0148-0001v-FFl" n="3">
			<desc>0001v-FFl</desc>
			<graphic mimeType="pdf" url="AM%20148%20fol/3/HIGH_QUALITY_DISPLAY"/>
			<graphic mimeType="jpg" url="AM%20148%20fol/3/THUMBNAIL" width="194px" height="300px"/>
			<graphic mimeType="jpg" url="AM%20148%20fol/3/SECONDARY_DISPLAY" width="2417px" height="3744px"/>
			<graphic mimeType="pdf" url="AM%20148%20fol/3/WEB_DISPLAY"/>
		</surface>
		<surface xml:id="AM02-0148-0002r-FFl" n="4">
			<desc>0002r-FFl</desc>
			<graphic mimeType="pdf" url="AM%20148%20fol/4/HIGH_QUALITY_DISPLAY"/>
			<graphic mimeType="jpg" url="AM%20148%20fol/4/THUMBNAIL" width="194px" height="300px"/>
			<graphic mimeType="jpg" url="AM%20148%20fol/4/SECONDARY_DISPLAY" width="2417px" height="3744px"/>
			<graphic mimeType="pdf" url="AM%20148%20fol/4/WEB_DISPLAY"/>
		</surface>
		<surface xml:id="AM02-0148-0002v-FFl" n="5">
			<desc>0002v-FFl</desc>
			<graphic mimeType="pdf" url="AM%20148%20fol/5/HIGH_QUALITY_DISPLAY"/>
			<graphic mimeType="jpg" url="AM%20148%20fol/5/THUMBNAIL" width="192px" height="300px"/>
			<graphic mimeType="jpg" url="AM%20148%20fol/5/SECONDARY_DISPLAY" width="2393px" height="3744px"/>
			<graphic mimeType="pdf" url="AM%20148%20fol/5/WEB_DISPLAY"/>
		</surface>
		<surface xml:id="AM02-0148-0001r" n="6">
			<desc>0001r</desc>
			<graphic mimeType="pdf" url="AM%20148%20fol/6/HIGH_QUALITY_DISPLAY"/>
			<graphic mimeType="jpg" url="AM%20148%20fol/6/THUMBNAIL" width="192px" height="300px"/>
			<graphic mimeType="jpg" url="AM%20148%20fol/6/SECONDARY_DISPLAY" width="2393px" height="3744px"/>
			<graphic mimeType="pdf" url="AM%20148%20fol/6/WEB_DISPLAY"/>
		</surface>
		<surface xml:id="AM02-0148-0001v" n="7">
			<desc>0001v</desc>
			<graphic mimeType="pdf" url="AM%20148%20fol/7/HIGH_QUALITY_DISPLAY"/>
			<graphic mimeType="jpg" url="AM%20148%20fol/7/THUMBNAIL" width="192px" height="300px"/>
			<graphic mimeType="jpg" url="AM%20148%20fol/7/SECONDARY_DISPLAY" width="2393px" height="3744px"/>
			<graphic mimeType="pdf" url="AM%20148%20fol/7/WEB_DISPLAY"/>
		</surface>
		<surface xml:id="AM02-0148-0002r" n="8">
			<desc>0002r</desc>
			<graphic mimeType="pdf" url="AM%20148%20fol/8/HIGH_QUALITY_DISPLAY"/>
			<graphic mimeType="jpg" url="AM%20148%20fol/8/THUMBNAIL" width="192px" height="300px"/>
			<graphic mimeType="jpg" url="AM%20148%20fol/8/SECONDARY_DISPLAY" width="2393px" height="3744px"/>
			<graphic mimeType="pdf" url="AM%20148%20fol/8/WEB_DISPLAY"/>
		</surface>
		<surface xml:id="AM02-0148-0002v" n="9">
			<desc>0002v</desc>
			<graphic mimeType="pdf" url="AM%20148%20fol/9/HIGH_QUALITY_DISPLAY"/>
			<graphic mimeType="jpg" url="AM%20148%20fol/9/THUMBNAIL" width="192px" height="300px"/>
			<graphic mimeType="jpg" url="AM%20148%20fol/9/SECONDARY_DISPLAY" width="2393px" height="3744px"/>
			<graphic mimeType="pdf" url="AM%20148%20fol/9/WEB_DISPLAY"/>
		</surface>
		<surface xml:id="AM02-0148-0003r" n="10">
			<desc>0003r</desc>
			<graphic mimeType="pdf" url="AM%20148%20fol/10/HIGH_QUALITY_DISPLAY"/>
			<graphic mimeType="jpg" url="AM%20148%20fol/10/THUMBNAIL" width="192px" height="300px"/>
			<graphic mimeType="jpg" url="AM%20148%20fol/10/SECONDARY_DISPLAY" width="2393px" height="3744px"/>
			<graphic mimeType="pdf" url="AM%20148%20fol/10/WEB_DISPLAY"/>
		</surface>
		<surface xml:id="AM02-0148-0003v" n="11">
			<desc>0003v</desc>
			<graphic mimeType="pdf" url="AM%20148%20fol/11/HIGH_QUALITY_DISPLAY"/>
			<graphic mimeType="jpg" url="AM%20148%20fol/11/THUMBNAIL" width="192px" height="300px"/>
			<graphic mimeType="jpg" url="AM%20148%20fol/11/SECONDARY_DISPLAY" width="2393px" height="3744px"/>
			<graphic mimeType="pdf" url="AM%20148%20fol/11/WEB_DISPLAY"/>
		</surface>
		<surface xml:id="AM02-0148-0004r" n="12">
			<desc>0004r</desc>
			<graphic mimeType="pdf" url="AM%20148%20fol/12/HIGH_QUALITY_DISPLAY"/>
			<graphic mimeType="jpg" url="AM%20148%20fol/12/THUMBNAIL" width="192px" height="300px"/>
			<graphic mimeType="jpg" url="AM%20148%20fol/12/SECONDARY_DISPLAY" width="2393px" height="3744px"/>
			<graphic mimeType="pdf" url="AM%20148%20fol/12/WEB_DISPLAY"/>
		</surface>
		<surface xml:id="AM02-0148-0004v" n="13">
			<desc>0004v</desc>
			<graphic mimeType="pdf" url="AM%20148%20fol/13/HIGH_QUALITY_DISPLAY"/>
			<graphic mimeType="jpg" url="AM%20148%20fol/13/THUMBNAIL" width="192px" height="300px"/>
			<graphic mimeType="jpg" url="AM%20148%20fol/13/SECONDARY_DISPLAY" width="2393px" height="3744px"/>
			<graphic mimeType="pdf" url="AM%20148%20fol/13/WEB_DISPLAY"/>
		</surface>
		<surface xml:id="AM02-0148-0005r" n="14">
			<desc>0005r</desc>
			<graphic mimeType="pdf" url="AM%20148%20fol/14/HIGH_QUALITY_DISPLAY"/>
			<graphic mimeType="jpg" url="AM%20148%20fol/14/THUMBNAIL" width="192px" height="300px"/>
			<graphic mimeType="jpg" url="AM%20148%20fol/14/SECONDARY_DISPLAY" width="2393px" height="3744px"/>
			<graphic mimeType="pdf" url="AM%20148%20fol/14/WEB_DISPLAY"/>
		</surface>
		<surface xml:id="AM02-0148-0005v" n="15">
			<desc>0005v</desc>
			<graphic mimeType="pdf" url="AM%20148%20fol/15/HIGH_QUALITY_DISPLAY"/>
			<graphic mimeType="jpg" url="AM%20148%20fol/15/THUMBNAIL" width="192px" height="300px"/>
			<graphic mimeType="jpg" url="AM%20148%20fol/15/SECONDARY_DISPLAY" width="2393px" height="3744px"/>
			<graphic mimeType="pdf" url="AM%20148%20fol/15/WEB_DISPLAY"/>
		</surface>
		<surface xml:id="AM02-0148-0006r" n="16">
			<desc>0006r</desc>
			<graphic mimeType="pdf" url="AM%20148%20fol/16/HIGH_QUALITY_DISPLAY"/>
			<graphic mimeType="jpg" url="AM%20148%20fol/16/THUMBNAIL" width="192px" height="300px"/>
			<graphic mimeType="jpg" url="AM%20148%20fol/16/SECONDARY_DISPLAY" width="2393px" height="3744px"/>
			<graphic mimeType="pdf" url="AM%20148%20fol/16/WEB_DISPLAY"/>
		</surface>
		<surface xml:id="AM02-0148-0006v" n="17">
			<desc>0006v</desc>
			<graphic mimeType="pdf" url="AM%20148%20fol/17/HIGH_QUALITY_DISPLAY"/>
			<graphic mimeType="jpg" url="AM%20148%20fol/17/THUMBNAIL" width="192px" height="300px"/>
			<graphic mimeType="jpg" url="AM%20148%20fol/17/SECONDARY_DISPLAY" width="2393px" height="3744px"/>
			<graphic mimeType="pdf" url="AM%20148%20fol/17/WEB_DISPLAY"/>
		</surface>
		<surface xml:id="AM02-0148-0007r" n="18">
			<desc>0007r</desc>
			<graphic mimeType="pdf" url="AM%20148%20fol/18/HIGH_QUALITY_DISPLAY"/>
			<graphic mimeType="jpg" url="AM%20148%20fol/18/THUMBNAIL" width="192px" height="300px"/>
			<graphic mimeType="jpg" url="AM%20148%20fol/18/SECONDARY_DISPLAY" width="2393px" height="3744px"/>
			<graphic mimeType="pdf" url="AM%20148%20fol/18/WEB_DISPLAY"/>
		</surface>
		<surface xml:id="AM02-0148-0007v" n="19">
			<desc>0007v</desc>
			<graphic mimeType="pdf" url="AM%20148%20fol/19/HIGH_QUALITY_DISPLAY"/>
			<graphic mimeType="jpg" url="AM%20148%20fol/19/THUMBNAIL" width="192px" height="300px"/>
			<graphic mimeType="jpg" url="AM%20148%20fol/19/SECONDARY_DISPLAY" width="2393px" height="3744px"/>
			<graphic mimeType="pdf" url="AM%20148%20fol/19/WEB_DISPLAY"/>
		</surface>
		<surface xml:id="AM02-0148-0008r" n="20">
			<desc>0008r</desc>
			<graphic mimeType="pdf" url="AM%20148%20fol/20/HIGH_QUALITY_DISPLAY"/>
			<graphic mimeType="jpg" url="AM%20148%20fol/20/THUMBNAIL" width="192px" height="300px"/>
			<graphic mimeType="jpg" url="AM%20148%20fol/20/SECONDARY_DISPLAY" width="2393px" height="3744px"/>
			<graphic mimeType="pdf" url="AM%20148%20fol/20/WEB_DISPLAY"/>
		</surface>
		<surface xml:id="AM02-0148-0008v" n="21">
			<desc>0008v</desc>
			<graphic mimeType="pdf" url="AM%20148%20fol/21/HIGH_QUALITY_DISPLAY"/>
			<graphic mimeType="jpg" url="AM%20148%20fol/21/THUMBNAIL" width="192px" height="300px"/>
			<graphic mimeType="jpg" url="AM%20148%20fol/21/SECONDARY_DISPLAY" width="2393px" height="3744px"/>
			<graphic mimeType="pdf" url="AM%20148%20fol/21/WEB_DISPLAY"/>
		</surface>
		<surface xml:id="AM02-0148-0009r" n="22">
			<desc>0009r</desc>
			<graphic mimeType="pdf" url="AM%20148%20fol/22/HIGH_QUALITY_DISPLAY"/>
			<graphic mimeType="jpg" url="AM%20148%20fol/22/THUMBNAIL" width="192px" height="300px"/>
			<graphic mimeType="jpg" url="AM%20148%20fol/22/SECONDARY_DISPLAY" width="2393px" height="3744px"/>
			<graphic mimeType="pdf" url="AM%20148%20fol/22/WEB_DISPLAY"/>
		</surface>
		<surface xml:id="AM02-0148-0009v" n="23">
			<desc>0009v</desc>
			<graphic mimeType="pdf" url="AM%20148%20fol/23/HIGH_QUALITY_DISPLAY"/>
			<graphic mimeType="jpg" url="AM%20148%20fol/23/THUMBNAIL" width="192px" height="300px"/>
			<graphic mimeType="jpg" url="AM%20148%20fol/23/SECONDARY_DISPLAY" width="2393px" height="3744px"/>
			<graphic mimeType="pdf" url="AM%20148%20fol/23/WEB_DISPLAY"/>
		</surface>
		<surface xml:id="AM02-0148-0010r" n="24">
			<desc>0010r</desc>
			<graphic mimeType="pdf" url="AM%20148%20fol/24/HIGH_QUALITY_DISPLAY"/>
			<graphic mimeType="jpg" url="AM%20148%20fol/24/THUMBNAIL" width="192px" height="300px"/>
			<graphic mimeType="jpg" url="AM%20148%20fol/24/SECONDARY_DISPLAY" width="2393px" height="3744px"/>
			<graphic mimeType="pdf" url="AM%20148%20fol/24/WEB_DISPLAY"/>
		</surface>
		<surface xml:id="AM02-0148-0010v" n="25">
			<desc>0010v</desc>
			<graphic mimeType="pdf" url="AM%20148%20fol/25/HIGH_QUALITY_DISPLAY"/>
			<graphic mimeType="jpg" url="AM%20148%20fol/25/THUMBNAIL" width="192px" height="300px"/>
			<graphic mimeType="jpg" url="AM%20148%20fol/25/SECONDARY_DISPLAY" width="2393px" height="3744px"/>
			<graphic mimeType="pdf" url="AM%20148%20fol/25/WEB_DISPLAY"/>
		</surface>
		<surface xml:id="AM02-0148-0011r" n="26">
			<desc>0011r</desc>
			<graphic mimeType="pdf" url="AM%20148%20fol/26/HIGH_QUALITY_DISPLAY"/>
			<graphic mimeType="jpg" url="AM%20148%20fol/26/THUMBNAIL" width="192px" height="300px"/>
			<graphic mimeType="jpg" url="AM%20148%20fol/26/SECONDARY_DISPLAY" width="2393px" height="3744px"/>
			<graphic mimeType="pdf" url="AM%20148%20fol/26/WEB_DISPLAY"/>
		</surface>
		<surface xml:id="AM02-0148-0011v" n="27">
			<desc>0011v</desc>
			<graphic mimeType="pdf" url="AM%20148%20fol/27/HIGH_QUALITY_DISPLAY"/>
			<graphic mimeType="jpg" url="AM%20148%20fol/27/THUMBNAIL" width="192px" height="300px"/>
			<graphic mimeType="jpg" url="AM%20148%20fol/27/SECONDARY_DISPLAY" width="2393px" height="3744px"/>
			<graphic mimeType="pdf" url="AM%20148%20fol/27/WEB_DISPLAY"/>
		</surface>
		<surface xml:id="AM02-0148-0012r" n="28">
			<desc>0012r</desc>
			<graphic mimeType="pdf" url="AM%20148%20fol/28/HIGH_QUALITY_DISPLAY"/>
			<graphic mimeType="jpg" url="AM%20148%20fol/28/THUMBNAIL" width="192px" height="300px"/>
			<graphic mimeType="jpg" url="AM%20148%20fol/28/SECONDARY_DISPLAY" width="2393px" height="3744px"/>
			<graphic mimeType="pdf" url="AM%20148%20fol/28/WEB_DISPLAY"/>
		</surface>
		<surface xml:id="AM02-0148-0012v" n="29">
			<desc>0012v</desc>
			<graphic mimeType="pdf" url="AM%20148%20fol/29/HIGH_QUALITY_DISPLAY"/>
			<graphic mimeType="jpg" url="AM%20148%20fol/29/THUMBNAIL" width="192px" height="300px"/>
			<graphic mimeType="jpg" url="AM%20148%20fol/29/SECONDARY_DISPLAY" width="2399px" height="3744px"/>
			<graphic mimeType="pdf" url="AM%20148%20fol/29/WEB_DISPLAY"/>
		</surface>
		<surface xml:id="AM02-0148-0013r" n="30">
			<desc>0013r</desc>
			<graphic mimeType="pdf" url="AM%20148%20fol/30/HIGH_QUALITY_DISPLAY"/>
			<graphic mimeType="jpg" url="AM%20148%20fol/30/THUMBNAIL" width="192px" height="300px"/>
			<graphic mimeType="jpg" url="AM%20148%20fol/30/SECONDARY_DISPLAY" width="2399px" height="3744px"/>
			<graphic mimeType="pdf" url="AM%20148%20fol/30/WEB_DISPLAY"/>
		</surface>
		<surface xml:id="AM02-0148-0013v" n="31">
			<desc>0013v</desc>
			<graphic mimeType="pdf" url="AM%20148%20fol/31/HIGH_QUALITY_DISPLAY"/>
			<graphic mimeType="jpg" url="AM%20148%20fol/31/THUMBNAIL" width="192px" height="300px"/>
			<graphic mimeType="jpg" url="AM%20148%20fol/31/SECONDARY_DISPLAY" width="2399px" height="3744px"/>
			<graphic mimeType="pdf" url="AM%20148%20fol/31/WEB_DISPLAY"/>
		</surface>
		<surface xml:id="AM02-0148-0014r" n="32">
			<desc>0014r</desc>
			<graphic mimeType="pdf" url="AM%20148%20fol/32/HIGH_QUALITY_DISPLAY"/>
			<graphic mimeType="jpg" url="AM%20148%20fol/32/THUMBNAIL" width="192px" height="300px"/>
			<graphic mimeType="jpg" url="AM%20148%20fol/32/SECONDARY_DISPLAY" width="2399px" height="3744px"/>
			<graphic mimeType="pdf" url="AM%20148%20fol/32/WEB_DISPLAY"/>
		</surface>
		<surface xml:id="AM02-0148-0014v" n="33">
			<desc>0014v</desc>
			<graphic mimeType="pdf" url="AM%20148%20fol/33/HIGH_QUALITY_DISPLAY"/>
			<graphic mimeType="jpg" url="AM%20148%20fol/33/THUMBNAIL" width="192px" height="300px"/>
			<graphic mimeType="jpg" url="AM%20148%20fol/33/SECONDARY_DISPLAY" width="2399px" height="3744px"/>
			<graphic mimeType="pdf" url="AM%20148%20fol/33/WEB_DISPLAY"/>
		</surface>
		<surface xml:id="AM02-0148-0015r" n="34">
			<desc>0015r</desc>
			<graphic mimeType="pdf" url="AM%20148%20fol/34/HIGH_QUALITY_DISPLAY"/>
			<graphic mimeType="jpg" url="AM%20148%20fol/34/THUMBNAIL" width="192px" height="300px"/>
			<graphic mimeType="jpg" url="AM%20148%20fol/34/SECONDARY_DISPLAY" width="2399px" height="3744px"/>
			<graphic mimeType="pdf" url="AM%20148%20fol/34/WEB_DISPLAY"/>
		</surface>
		<surface xml:id="AM02-0148-0015v" n="35">
			<desc>0015v</desc>
			<graphic mimeType="pdf" url="AM%20148%20fol/35/HIGH_QUALITY_DISPLAY"/>
			<graphic mimeType="jpg" url="AM%20148%20fol/35/THUMBNAIL" width="192px" height="300px"/>
			<graphic mimeType="jpg" url="AM%20148%20fol/35/SECONDARY_DISPLAY" width="2399px" height="3744px"/>
			<graphic mimeType="pdf" url="AM%20148%20fol/35/WEB_DISPLAY"/>
		</surface>
		<surface xml:id="AM02-0148-0016r" n="36">
			<desc>0016r</desc>
			<graphic mimeType="pdf" url="AM%20148%20fol/36/HIGH_QUALITY_DISPLAY"/>
			<graphic mimeType="jpg" url="AM%20148%20fol/36/THUMBNAIL" width="192px" height="300px"/>
			<graphic mimeType="jpg" url="AM%20148%20fol/36/SECONDARY_DISPLAY" width="2399px" height="3744px"/>
			<graphic mimeType="pdf" url="AM%20148%20fol/36/WEB_DISPLAY"/>
		</surface>
		<surface xml:id="AM02-0148-0016v" n="37">
			<desc>0016v</desc>
			<graphic mimeType="pdf" url="AM%20148%20fol/37/HIGH_QUALITY_DISPLAY"/>
			<graphic mimeType="jpg" url="AM%20148%20fol/37/THUMBNAIL" width="192px" height="300px"/>
			<graphic mimeType="jpg" url="AM%20148%20fol/37/SECONDARY_DISPLAY" width="2399px" height="3744px"/>
			<graphic mimeType="pdf" url="AM%20148%20fol/37/WEB_DISPLAY"/>
		</surface>
		<surface xml:id="AM02-0148-0017r" n="38">
			<desc>0017r</desc>
			<graphic mimeType="pdf" url="AM%20148%20fol/38/HIGH_QUALITY_DISPLAY"/>
			<graphic mimeType="jpg" url="AM%20148%20fol/38/THUMBNAIL" width="192px" height="300px"/>
			<graphic mimeType="jpg" url="AM%20148%20fol/38/SECONDARY_DISPLAY" width="2399px" height="3744px"/>
			<graphic mimeType="pdf" url="AM%20148%20fol/38/WEB_DISPLAY"/>
		</surface>
		<surface xml:id="AM02-0148-0017v" n="39">
			<desc>0017v</desc>
			<graphic mimeType="pdf" url="AM%20148%20fol/39/HIGH_QUALITY_DISPLAY"/>
			<graphic mimeType="jpg" url="AM%20148%20fol/39/THUMBNAIL" width="192px" height="300px"/>
			<graphic mimeType="jpg" url="AM%20148%20fol/39/SECONDARY_DISPLAY" width="2399px" height="3744px"/>
			<graphic mimeType="pdf" url="AM%20148%20fol/39/WEB_DISPLAY"/>
		</surface>
		<surface xml:id="AM02-0148-0018r" n="40">
			<desc>0018r</desc>
			<graphic mimeType="pdf" url="AM%20148%20fol/40/HIGH_QUALITY_DISPLAY"/>
			<graphic mimeType="jpg" url="AM%20148%20fol/40/THUMBNAIL" width="192px" height="300px"/>
			<graphic mimeType="jpg" url="AM%20148%20fol/40/SECONDARY_DISPLAY" width="2399px" height="3744px"/>
			<graphic mimeType="pdf" url="AM%20148%20fol/40/WEB_DISPLAY"/>
		</surface>
		<surface xml:id="AM02-0148-0018v" n="41">
			<desc>0018v</desc>
			<graphic mimeType="pdf" url="AM%20148%20fol/41/HIGH_QUALITY_DISPLAY"/>
			<graphic mimeType="jpg" url="AM%20148%20fol/41/THUMBNAIL" width="192px" height="300px"/>
			<graphic mimeType="jpg" url="AM%20148%20fol/41/SECONDARY_DISPLAY" width="2399px" height="3744px"/>
			<graphic mimeType="pdf" url="AM%20148%20fol/41/WEB_DISPLAY"/>
		</surface>
		<surface xml:id="AM02-0148-0019r" n="42">
			<desc>0019r</desc>
			<graphic mimeType="pdf" url="AM%20148%20fol/42/HIGH_QUALITY_DISPLAY"/>
			<graphic mimeType="jpg" url="AM%20148%20fol/42/THUMBNAIL" width="192px" height="300px"/>
			<graphic mimeType="jpg" url="AM%20148%20fol/42/SECONDARY_DISPLAY" width="2399px" height="3744px"/>
			<graphic mimeType="pdf" url="AM%20148%20fol/42/WEB_DISPLAY"/>
		</surface>
		<surface xml:id="AM02-0148-0019v" n="43">
			<desc>0019v</desc>
			<graphic mimeType="pdf" url="AM%20148%20fol/43/HIGH_QUALITY_DISPLAY"/>
			<graphic mimeType="jpg" url="AM%20148%20fol/43/THUMBNAIL" width="192px" height="300px"/>
			<graphic mimeType="jpg" url="AM%20148%20fol/43/SECONDARY_DISPLAY" width="2399px" height="3744px"/>
			<graphic mimeType="pdf" url="AM%20148%20fol/43/WEB_DISPLAY"/>
		</surface>
		<surface xml:id="AM02-0148-0020r" n="44">
			<desc>0020r</desc>
			<graphic mimeType="pdf" url="AM%20148%20fol/44/HIGH_QUALITY_DISPLAY"/>
			<graphic mimeType="jpg" url="AM%20148%20fol/44/THUMBNAIL" width="192px" height="300px"/>
			<graphic mimeType="jpg" url="AM%20148%20fol/44/SECONDARY_DISPLAY" width="2399px" height="3744px"/>
			<graphic mimeType="pdf" url="AM%20148%20fol/44/WEB_DISPLAY"/>
		</surface>
		<surface xml:id="AM02-0148-0020v" n="45">
			<desc>0020v</desc>
			<graphic mimeType="pdf" url="AM%20148%20fol/45/HIGH_QUALITY_DISPLAY"/>
			<graphic mimeType="jpg" url="AM%20148%20fol/45/THUMBNAIL" width="192px" height="300px"/>
			<graphic mimeType="jpg" url="AM%20148%20fol/45/SECONDARY_DISPLAY" width="2399px" height="3744px"/>
			<graphic mimeType="pdf" url="AM%20148%20fol/45/WEB_DISPLAY"/>
		</surface>
		<surface xml:id="AM02-0148-0021r" n="46">
			<desc>0021r</desc>
			<graphic mimeType="pdf" url="AM%20148%20fol/46/HIGH_QUALITY_DISPLAY"/>
			<graphic mimeType="jpg" url="AM%20148%20fol/46/THUMBNAIL" width="192px" height="300px"/>
			<graphic mimeType="jpg" url="AM%20148%20fol/46/SECONDARY_DISPLAY" width="2399px" height="3744px"/>
			<graphic mimeType="pdf" url="AM%20148%20fol/46/WEB_DISPLAY"/>
		</surface>
		<surface xml:id="AM02-0148-0021v" n="47">
			<desc>0021v</desc>
			<graphic mimeType="pdf" url="AM%20148%20fol/47/HIGH_QUALITY_DISPLAY"/>
			<graphic mimeType="jpg" url="AM%20148%20fol/47/THUMBNAIL" width="192px" height="300px"/>
			<graphic mimeType="jpg" url="AM%20148%20fol/47/SECONDARY_DISPLAY" width="2399px" height="3744px"/>
			<graphic mimeType="pdf" url="AM%20148%20fol/47/WEB_DISPLAY"/>
		</surface>
		<surface xml:id="AM02-0148-0022r" n="48">
			<desc>0022r</desc>
			<graphic mimeType="pdf" url="AM%20148%20fol/48/HIGH_QUALITY_DISPLAY"/>
			<graphic mimeType="jpg" url="AM%20148%20fol/48/THUMBNAIL" width="192px" height="300px"/>
			<graphic mimeType="jpg" url="AM%20148%20fol/48/SECONDARY_DISPLAY" width="2399px" height="3744px"/>
			<graphic mimeType="pdf" url="AM%20148%20fol/48/WEB_DISPLAY"/>
		</surface>
		<surface xml:id="AM02-0148-0022v" n="49">
			<desc>0022v</desc>
			<graphic mimeType="pdf" url="AM%20148%20fol/49/HIGH_QUALITY_DISPLAY"/>
			<graphic mimeType="jpg" url="AM%20148%20fol/49/THUMBNAIL" width="192px" height="300px"/>
			<graphic mimeType="jpg" url="AM%20148%20fol/49/SECONDARY_DISPLAY" width="2399px" height="3744px"/>
			<graphic mimeType="pdf" url="AM%20148%20fol/49/WEB_DISPLAY"/>
		</surface>
		<surface xml:id="AM02-0148-0023r" n="50">
			<desc>0023r</desc>
			<graphic mimeType="pdf" url="AM%20148%20fol/50/HIGH_QUALITY_DISPLAY"/>
			<graphic mimeType="jpg" url="AM%20148%20fol/50/THUMBNAIL" width="192px" height="300px"/>
			<graphic mimeType="jpg" url="AM%20148%20fol/50/SECONDARY_DISPLAY" width="2399px" height="3744px"/>
			<graphic mimeType="pdf" url="AM%20148%20fol/50/WEB_DISPLAY"/>
		</surface>
		<surface xml:id="AM02-0148-0023v" n="51">
			<desc>0023v</desc>
			<graphic mimeType="pdf" url="AM%20148%20fol/51/HIGH_QUALITY_DISPLAY"/>
			<graphic mimeType="jpg" url="AM%20148%20fol/51/THUMBNAIL" width="192px" height="300px"/>
			<graphic mimeType="jpg" url="AM%20148%20fol/51/SECONDARY_DISPLAY" width="2399px" height="3744px"/>
			<graphic mimeType="pdf" url="AM%20148%20fol/51/WEB_DISPLAY"/>
		</surface>
		<surface xml:id="AM02-0148-0024r" n="52">
			<desc>0024r</desc>
			<graphic mimeType="pdf" url="AM%20148%20fol/52/HIGH_QUALITY_DISPLAY"/>
			<graphic mimeType="jpg" url="AM%20148%20fol/52/THUMBNAIL" width="192px" height="300px"/>
			<graphic mimeType="jpg" url="AM%20148%20fol/52/SECONDARY_DISPLAY" width="2399px" height="3744px"/>
			<graphic mimeType="pdf" url="AM%20148%20fol/52/WEB_DISPLAY"/>
		</surface>
		<surface xml:id="AM02-0148-0024v" n="53">
			<desc>0024v</desc>
			<graphic mimeType="pdf" url="AM%20148%20fol/53/HIGH_QUALITY_DISPLAY"/>
			<graphic mimeType="jpg" url="AM%20148%20fol/53/THUMBNAIL" width="192px" height="300px"/>
			<graphic mimeType="jpg" url="AM%20148%20fol/53/SECONDARY_DISPLAY" width="2399px" height="3744px"/>
			<graphic mimeType="pdf" url="AM%20148%20fol/53/WEB_DISPLAY"/>
		</surface>
		<surface xml:id="AM02-0148-0025r" n="54">
			<desc>0025r</desc>
			<graphic mimeType="pdf" url="AM%20148%20fol/54/HIGH_QUALITY_DISPLAY"/>
			<graphic mimeType="jpg" url="AM%20148%20fol/54/THUMBNAIL" width="192px" height="300px"/>
			<graphic mimeType="jpg" url="AM%20148%20fol/54/SECONDARY_DISPLAY" width="2399px" height="3744px"/>
			<graphic mimeType="pdf" url="AM%20148%20fol/54/WEB_DISPLAY"/>
		</surface>
		<surface xml:id="AM02-0148-0025v" n="55">
			<desc>0025v</desc>
			<graphic mimeType="pdf" url="AM%20148%20fol/55/HIGH_QUALITY_DISPLAY"/>
			<graphic mimeType="jpg" url="AM%20148%20fol/55/THUMBNAIL" width="192px" height="300px"/>
			<graphic mimeType="jpg" url="AM%20148%20fol/55/SECONDARY_DISPLAY" width="2399px" height="3744px"/>
			<graphic mimeType="pdf" url="AM%20148%20fol/55/WEB_DISPLAY"/>
		</surface>
		<surface xml:id="AM02-0148-0026r" n="56">
			<desc>0026r</desc>
			<graphic mimeType="pdf" url="AM%20148%20fol/56/HIGH_QUALITY_DISPLAY"/>
			<graphic mimeType="jpg" url="AM%20148%20fol/56/THUMBNAIL" width="192px" height="300px"/>
			<graphic mimeType="jpg" url="AM%20148%20fol/56/SECONDARY_DISPLAY" width="2399px" height="3744px"/>
			<graphic mimeType="pdf" url="AM%20148%20fol/56/WEB_DISPLAY"/>
		</surface>
		<surface xml:id="AM02-0148-0026v" n="57">
			<desc>0026v</desc>
			<graphic mimeType="pdf" url="AM%20148%20fol/57/HIGH_QUALITY_DISPLAY"/>
			<graphic mimeType="jpg" url="AM%20148%20fol/57/THUMBNAIL" width="192px" height="300px"/>
			<graphic mimeType="jpg" url="AM%20148%20fol/57/SECONDARY_DISPLAY" width="2399px" height="3744px"/>
			<graphic mimeType="pdf" url="AM%20148%20fol/57/WEB_DISPLAY"/>
		</surface>
		<surface xml:id="AM02-0148-0027r" n="58">
			<desc>0027r</desc>
			<graphic mimeType="pdf" url="AM%20148%20fol/58/HIGH_QUALITY_DISPLAY"/>
			<graphic mimeType="jpg" url="AM%20148%20fol/58/THUMBNAIL" width="192px" height="300px"/>
			<graphic mimeType="jpg" url="AM%20148%20fol/58/SECONDARY_DISPLAY" width="2399px" height="3744px"/>
			<graphic mimeType="pdf" url="AM%20148%20fol/58/WEB_DISPLAY"/>
		</surface>
		<surface xml:id="AM02-0148-0027v" n="59">
			<desc>0027v</desc>
			<graphic mimeType="pdf" url="AM%20148%20fol/59/HIGH_QUALITY_DISPLAY"/>
			<graphic mimeType="jpg" url="AM%20148%20fol/59/THUMBNAIL" width="192px" height="300px"/>
			<graphic mimeType="jpg" url="AM%20148%20fol/59/SECONDARY_DISPLAY" width="2399px" height="3744px"/>
			<graphic mimeType="pdf" url="AM%20148%20fol/59/WEB_DISPLAY"/>
		</surface>
		<surface xml:id="AM02-0148-0028r" n="60">
			<desc>0028r</desc>
			<graphic mimeType="pdf" url="AM%20148%20fol/60/HIGH_QUALITY_DISPLAY"/>
			<graphic mimeType="jpg" url="AM%20148%20fol/60/THUMBNAIL" width="192px" height="300px"/>
			<graphic mimeType="jpg" url="AM%20148%20fol/60/SECONDARY_DISPLAY" width="2399px" height="3744px"/>
			<graphic mimeType="pdf" url="AM%20148%20fol/60/WEB_DISPLAY"/>
		</surface>
		<surface xml:id="AM02-0148-0028v" n="61">
			<desc>0028v</desc>
			<graphic mimeType="pdf" url="AM%20148%20fol/61/HIGH_QUALITY_DISPLAY"/>
			<graphic mimeType="jpg" url="AM%20148%20fol/61/THUMBNAIL" width="192px" height="300px"/>
			<graphic mimeType="jpg" url="AM%20148%20fol/61/SECONDARY_DISPLAY" width="2399px" height="3744px"/>
			<graphic mimeType="pdf" url="AM%20148%20fol/61/WEB_DISPLAY"/>
		</surface>
		<surface xml:id="AM02-0148-0029r" n="62">
			<desc>0029r</desc>
			<graphic mimeType="pdf" url="AM%20148%20fol/62/HIGH_QUALITY_DISPLAY"/>
			<graphic mimeType="jpg" url="AM%20148%20fol/62/THUMBNAIL" width="192px" height="300px"/>
			<graphic mimeType="jpg" url="AM%20148%20fol/62/SECONDARY_DISPLAY" width="2399px" height="3744px"/>
			<graphic mimeType="pdf" url="AM%20148%20fol/62/WEB_DISPLAY"/>
		</surface>
		<surface xml:id="AM02-0148-0029v" n="63">
			<desc>0029v</desc>
			<graphic mimeType="pdf" url="AM%20148%20fol/63/HIGH_QUALITY_DISPLAY"/>
			<graphic mimeType="jpg" url="AM%20148%20fol/63/THUMBNAIL" width="192px" height="300px"/>
			<graphic mimeType="jpg" url="AM%20148%20fol/63/SECONDARY_DISPLAY" width="2399px" height="3744px"/>
			<graphic mimeType="pdf" url="AM%20148%20fol/63/WEB_DISPLAY"/>
		</surface>
		<surface xml:id="AM02-0148-0030r" n="64">
			<desc>0030r</desc>
			<graphic mimeType="pdf" url="AM%20148%20fol/64/HIGH_QUALITY_DISPLAY"/>
			<graphic mimeType="jpg" url="AM%20148%20fol/64/THUMBNAIL" width="192px" height="300px"/>
			<graphic mimeType="jpg" url="AM%20148%20fol/64/SECONDARY_DISPLAY" width="2399px" height="3744px"/>
			<graphic mimeType="pdf" url="AM%20148%20fol/64/WEB_DISPLAY"/>
		</surface>
		<surface xml:id="AM02-0148-0030v" n="65">
			<desc>0030v</desc>
			<graphic mimeType="pdf" url="AM%20148%20fol/65/HIGH_QUALITY_DISPLAY"/>
			<graphic mimeType="jpg" url="AM%20148%20fol/65/THUMBNAIL" width="192px" height="300px"/>
			<graphic mimeType="jpg" url="AM%20148%20fol/65/SECONDARY_DISPLAY" width="2399px" height="3744px"/>
			<graphic mimeType="pdf" url="AM%20148%20fol/65/WEB_DISPLAY"/>
		</surface>
		<surface xml:id="AM02-0148-0031r" n="66">
			<desc>0031r</desc>
			<graphic mimeType="pdf" url="AM%20148%20fol/66/HIGH_QUALITY_DISPLAY"/>
			<graphic mimeType="jpg" url="AM%20148%20fol/66/THUMBNAIL" width="192px" height="300px"/>
			<graphic mimeType="jpg" url="AM%20148%20fol/66/SECONDARY_DISPLAY" width="2399px" height="3744px"/>
			<graphic mimeType="pdf" url="AM%20148%20fol/66/WEB_DISPLAY"/>
		</surface>
		<surface xml:id="AM02-0148-0031v" n="67">
			<desc>0031v</desc>
			<graphic mimeType="pdf" url="AM%20148%20fol/67/HIGH_QUALITY_DISPLAY"/>
			<graphic mimeType="jpg" url="AM%20148%20fol/67/THUMBNAIL" width="192px" height="300px"/>
			<graphic mimeType="jpg" url="AM%20148%20fol/67/SECONDARY_DISPLAY" width="2399px" height="3744px"/>
			<graphic mimeType="pdf" url="AM%20148%20fol/67/WEB_DISPLAY"/>
		</surface>
		<surface xml:id="AM02-0148-0032r" n="68">
			<desc>0032r</desc>
			<graphic mimeType="pdf" url="AM%20148%20fol/68/HIGH_QUALITY_DISPLAY"/>
			<graphic mimeType="jpg" url="AM%20148%20fol/68/THUMBNAIL" width="192px" height="300px"/>
			<graphic mimeType="jpg" url="AM%20148%20fol/68/SECONDARY_DISPLAY" width="2399px" height="3744px"/>
			<graphic mimeType="pdf" url="AM%20148%20fol/68/WEB_DISPLAY"/>
		</surface>
		<surface xml:id="AM02-0148-0032v" n="69">
			<desc>0032v</desc>
			<graphic mimeType="pdf" url="AM%20148%20fol/69/HIGH_QUALITY_DISPLAY"/>
			<graphic mimeType="jpg" url="AM%20148%20fol/69/THUMBNAIL" width="192px" height="300px"/>
			<graphic mimeType="jpg" url="AM%20148%20fol/69/SECONDARY_DISPLAY" width="2399px" height="3744px"/>
			<graphic mimeType="pdf" url="AM%20148%20fol/69/WEB_DISPLAY"/>
		</surface>
		<surface xml:id="AM02-0148-0033r" n="70">
			<desc>0033r</desc>
			<graphic mimeType="pdf" url="AM%20148%20fol/70/HIGH_QUALITY_DISPLAY"/>
			<graphic mimeType="jpg" url="AM%20148%20fol/70/THUMBNAIL" width="192px" height="300px"/>
			<graphic mimeType="jpg" url="AM%20148%20fol/70/SECONDARY_DISPLAY" width="2399px" height="3744px"/>
			<graphic mimeType="pdf" url="AM%20148%20fol/70/WEB_DISPLAY"/>
		</surface>
		<surface xml:id="AM02-0148-0033v" n="71">
			<desc>0033v</desc>
			<graphic mimeType="pdf" url="AM%20148%20fol/71/HIGH_QUALITY_DISPLAY"/>
			<graphic mimeType="jpg" url="AM%20148%20fol/71/THUMBNAIL" width="192px" height="300px"/>
			<graphic mimeType="jpg" url="AM%20148%20fol/71/SECONDARY_DISPLAY" width="2399px" height="3744px"/>
			<graphic mimeType="pdf" url="AM%20148%20fol/71/WEB_DISPLAY"/>
		</surface>
		<surface xml:id="AM02-0148-0034r" n="72">
			<desc>0034r</desc>
			<graphic mimeType="pdf" url="AM%20148%20fol/72/HIGH_QUALITY_DISPLAY"/>
			<graphic mimeType="jpg" url="AM%20148%20fol/72/THUMBNAIL" width="192px" height="300px"/>
			<graphic mimeType="jpg" url="AM%20148%20fol/72/SECONDARY_DISPLAY" width="2399px" height="3744px"/>
			<graphic mimeType="pdf" url="AM%20148%20fol/72/WEB_DISPLAY"/>
		</surface>
		<surface xml:id="AM02-0148-0034v" n="73">
			<desc>0034v</desc>
			<graphic mimeType="pdf" url="AM%20148%20fol/73/HIGH_QUALITY_DISPLAY"/>
			<graphic mimeType="jpg" url="AM%20148%20fol/73/THUMBNAIL" width="192px" height="300px"/>
			<graphic mimeType="jpg" url="AM%20148%20fol/73/SECONDARY_DISPLAY" width="2399px" height="3744px"/>
			<graphic mimeType="pdf" url="AM%20148%20fol/73/WEB_DISPLAY"/>
		</surface>
		<surface xml:id="AM02-0148-0035r" n="74">
			<desc>0035r</desc>
			<graphic mimeType="pdf" url="AM%20148%20fol/74/HIGH_QUALITY_DISPLAY"/>
			<graphic mimeType="jpg" url="AM%20148%20fol/74/THUMBNAIL" width="192px" height="300px"/>
			<graphic mimeType="jpg" url="AM%20148%20fol/74/SECONDARY_DISPLAY" width="2399px" height="3744px"/>
			<graphic mimeType="pdf" url="AM%20148%20fol/74/WEB_DISPLAY"/>
		</surface>
		<surface xml:id="AM02-0148-0035v" n="75">
			<desc>0035v</desc>
			<graphic mimeType="pdf" url="AM%20148%20fol/75/HIGH_QUALITY_DISPLAY"/>
			<graphic mimeType="jpg" url="AM%20148%20fol/75/THUMBNAIL" width="192px" height="300px"/>
			<graphic mimeType="jpg" url="AM%20148%20fol/75/SECONDARY_DISPLAY" width="2399px" height="3744px"/>
			<graphic mimeType="pdf" url="AM%20148%20fol/75/WEB_DISPLAY"/>
		</surface>
		<surface xml:id="AM02-0148-0036r" n="76">
			<desc>0036r</desc>
			<graphic mimeType="pdf" url="AM%20148%20fol/76/HIGH_QUALITY_DISPLAY"/>
			<graphic mimeType="jpg" url="AM%20148%20fol/76/THUMBNAIL" width="192px" height="300px"/>
			<graphic mimeType="jpg" url="AM%20148%20fol/76/SECONDARY_DISPLAY" width="2399px" height="3744px"/>
			<graphic mimeType="pdf" url="AM%20148%20fol/76/WEB_DISPLAY"/>
		</surface>
		<surface xml:id="AM02-0148-0036v" n="77">
			<desc>0036v</desc>
			<graphic mimeType="pdf" url="AM%20148%20fol/77/HIGH_QUALITY_DISPLAY"/>
			<graphic mimeType="jpg" url="AM%20148%20fol/77/THUMBNAIL" width="192px" height="300px"/>
			<graphic mimeType="jpg" url="AM%20148%20fol/77/SECONDARY_DISPLAY" width="2399px" height="3744px"/>
			<graphic mimeType="pdf" url="AM%20148%20fol/77/WEB_DISPLAY"/>
		</surface>
		<surface xml:id="AM02-0148-0037r" n="78">
			<desc>0037r</desc>
			<graphic mimeType="pdf" url="AM%20148%20fol/78/HIGH_QUALITY_DISPLAY"/>
			<graphic mimeType="jpg" url="AM%20148%20fol/78/THUMBNAIL" width="192px" height="300px"/>
			<graphic mimeType="jpg" url="AM%20148%20fol/78/SECONDARY_DISPLAY" width="2399px" height="3744px"/>
			<graphic mimeType="pdf" url="AM%20148%20fol/78/WEB_DISPLAY"/>
		</surface>
		<surface xml:id="AM02-0148-0037v" n="79">
			<desc>0037v</desc>
			<graphic mimeType="pdf" url="AM%20148%20fol/79/HIGH_QUALITY_DISPLAY"/>
			<graphic mimeType="jpg" url="AM%20148%20fol/79/THUMBNAIL" width="192px" height="300px"/>
			<graphic mimeType="jpg" url="AM%20148%20fol/79/SECONDARY_DISPLAY" width="2399px" height="3744px"/>
			<graphic mimeType="pdf" url="AM%20148%20fol/79/WEB_DISPLAY"/>
		</surface>
		<surface xml:id="AM02-0148-0038r" n="80">
			<desc>0038r</desc>
			<graphic mimeType="pdf" url="AM%20148%20fol/80/HIGH_QUALITY_DISPLAY"/>
			<graphic mimeType="jpg" url="AM%20148%20fol/80/THUMBNAIL" width="192px" height="300px"/>
			<graphic mimeType="jpg" url="AM%20148%20fol/80/SECONDARY_DISPLAY" width="2399px" height="3744px"/>
			<graphic mimeType="pdf" url="AM%20148%20fol/80/WEB_DISPLAY"/>
		</surface>
		<surface xml:id="AM02-0148-0038v" n="81">
			<desc>0038v</desc>
			<graphic mimeType="pdf" url="AM%20148%20fol/81/HIGH_QUALITY_DISPLAY"/>
			<graphic mimeType="jpg" url="AM%20148%20fol/81/THUMBNAIL" width="192px" height="300px"/>
			<graphic mimeType="jpg" url="AM%20148%20fol/81/SECONDARY_DISPLAY" width="2399px" height="3744px"/>
			<graphic mimeType="pdf" url="AM%20148%20fol/81/WEB_DISPLAY"/>
		</surface>
		<surface xml:id="AM02-0148-0039r" n="82">
			<desc>0039r</desc>
			<graphic mimeType="pdf" url="AM%20148%20fol/82/HIGH_QUALITY_DISPLAY"/>
			<graphic mimeType="jpg" url="AM%20148%20fol/82/THUMBNAIL" width="192px" height="300px"/>
			<graphic mimeType="jpg" url="AM%20148%20fol/82/SECONDARY_DISPLAY" width="2399px" height="3744px"/>
			<graphic mimeType="pdf" url="AM%20148%20fol/82/WEB_DISPLAY"/>
		</surface>
		<surface xml:id="AM02-0148-0039v" n="83">
			<desc>0039v</desc>
			<graphic mimeType="pdf" url="AM%20148%20fol/83/HIGH_QUALITY_DISPLAY"/>
			<graphic mimeType="jpg" url="AM%20148%20fol/83/THUMBNAIL" width="192px" height="300px"/>
			<graphic mimeType="jpg" url="AM%20148%20fol/83/SECONDARY_DISPLAY" width="2399px" height="3744px"/>
			<graphic mimeType="pdf" url="AM%20148%20fol/83/WEB_DISPLAY"/>
		</surface>
		<surface xml:id="AM02-0148-0040r" n="84">
			<desc>0040r</desc>
			<graphic mimeType="pdf" url="AM%20148%20fol/84/HIGH_QUALITY_DISPLAY"/>
			<graphic mimeType="jpg" url="AM%20148%20fol/84/THUMBNAIL" width="192px" height="300px"/>
			<graphic mimeType="jpg" url="AM%20148%20fol/84/SECONDARY_DISPLAY" width="2399px" height="3744px"/>
			<graphic mimeType="pdf" url="AM%20148%20fol/84/WEB_DISPLAY"/>
		</surface>
		<surface xml:id="AM02-0148-0040v" n="85">
			<desc>0040v</desc>
			<graphic mimeType="pdf" url="AM%20148%20fol/85/HIGH_QUALITY_DISPLAY"/>
			<graphic mimeType="jpg" url="AM%20148%20fol/85/THUMBNAIL" width="192px" height="300px"/>
			<graphic mimeType="jpg" url="AM%20148%20fol/85/SECONDARY_DISPLAY" width="2399px" height="3744px"/>
			<graphic mimeType="pdf" url="AM%20148%20fol/85/WEB_DISPLAY"/>
		</surface>
		<surface xml:id="AM02-0148-9901r-RFl" n="86">
			<desc>9901r-RFl</desc>
			<graphic mimeType="pdf" url="AM%20148%20fol/86/HIGH_QUALITY_DISPLAY"/>
			<graphic mimeType="jpg" url="AM%20148%20fol/86/THUMBNAIL" width="192px" height="300px"/>
			<graphic mimeType="jpg" url="AM%20148%20fol/86/SECONDARY_DISPLAY" width="2399px" height="3744px"/>
			<graphic mimeType="pdf" url="AM%20148%20fol/86/WEB_DISPLAY"/>
		</surface>
		<surface xml:id="AM02-0148-9901v-RFl" n="87">
			<desc>9901v-RFl</desc>
			<graphic mimeType="pdf" url="AM%20148%20fol/87/HIGH_QUALITY_DISPLAY"/>
			<graphic mimeType="jpg" url="AM%20148%20fol/87/THUMBNAIL" width="192px" height="300px"/>
			<graphic mimeType="jpg" url="AM%20148%20fol/87/SECONDARY_DISPLAY" width="2399px" height="3744px"/>
			<graphic mimeType="pdf" url="AM%20148%20fol/87/WEB_DISPLAY"/>
		</surface>
		<surface xml:id="AM02-0148-9999r-RB" n="88">
			<desc>9999r-RB</desc>
			<graphic mimeType="pdf" url="AM%20148%20fol/88/HIGH_QUALITY_DISPLAY"/>
			<graphic mimeType="jpg" url="AM%20148%20fol/88/THUMBNAIL" width="192px" height="300px"/>
			<graphic mimeType="jpg" url="AM%20148%20fol/88/SECONDARY_DISPLAY" width="2399px" height="3744px"/>
			<graphic mimeType="pdf" url="AM%20148%20fol/88/WEB_DISPLAY"/>
		</surface>
		<surface xml:id="AM02-0148-9999v-RB" n="89">
			<desc>9999v-RB</desc>
			<graphic mimeType="pdf" url="AM%20148%20fol/89/HIGH_QUALITY_DISPLAY"/>
			<graphic mimeType="jpg" url="AM%20148%20fol/89/THUMBNAIL" width="200px" height="293px"/>
			<graphic mimeType="jpg" url="AM%20148%20fol/89/SECONDARY_DISPLAY" width="2580px" height="3780px"/>
			<graphic mimeType="pdf" url="AM%20148%20fol/89/WEB_DISPLAY"/>
		</surface>
		<surface xml:id="AM02-0148-ccp" n="90">
			<desc>ccp</desc>
			<graphic mimeType="pdf" url="AM%20148%20fol/90/HIGH_QUALITY_DISPLAY"/>
			<graphic mimeType="jpg" url="AM%20148%20fol/90/THUMBNAIL" width="200px" height="294px"/>
			<graphic mimeType="jpg" url="AM%20148%20fol/90/SECONDARY_DISPLAY" width="1908px" height="2808px"/>
			<graphic mimeType="pdf" url="AM%20148%20fol/90/WEB_DISPLAY"/>
		</surface>
	</facsimile>
	<text>
		<body>


			<p/>
		</body>
	</text>
</TEI>