<?xml version="1.0" encoding="UTF-8"?>
<?oxygen RNGSchema="http://www.handrit.is/schema/handrit-1.0.rnc" type="compact"?><TEI xmlns="http://www.tei-c.org/ns/1.0">
    <teiHeader>
        <fileDesc>
            <titleStmt>
                <title type="main">AM 28 fol.</title>
            </titleStmt>
            <publicationStmt>
                <authority>Den Arnamagnæanske Samling</authority>
                <pubPlace>København</pubPlace>
            </publicationStmt>
            <sourceDesc>
                <msDesc xml:id="AM02-0028-en" xml:lang="en">
                    <msIdentifier>
                        <country>Denmark</country>
                        <settlement>København</settlement>
                        <repository>Den Arnamagnæanske Samling</repository>
                        <idno>AM 28 fol.</idno>
                        <altIdentifier type="internal" subtype="KKKat">
                            <idno>43</idno>
                        </altIdentifier>
                    </msIdentifier>
                    <head>
                        <title xml:lang="la">Rerum Danicarum et ad Danicam historiam pertinentium
                            per regum variorum nomina loci communes dispositi</title>
                        <origPlace>Denmark</origPlace>
                        <origDate notBefore="1600" notAfter="1650">s. XVII 1/2</origDate>
                        <note>Collection of excepts of <name type="person" key="Saxooo001">Saxo</name>,
                                <name type="person" key="Craooo001">Crantz</name>, <name type="person" key="CimCil001">Cilicius Cimber</name>, Ziegler,
                            Chytræus, Lampadius and Thuanus to the History of the Danish Kings from
                            Dan to Christian IV. Including Erik of Pommern's genealogy according to
                            Chytræus. At places by several authors, among these Saxo is
                            mentioned.</note>
                    </head>
                    <msContents>
                        <textLang mainLang="la">Latin</textLang>
                    </msContents>
                    <physDesc>
                        <objectDesc form="codex">
                            <supportDesc material="chart">
                                <support>
                                    <p>
                                        <material>Paper</material>
                                    </p>
                                </support>
                                <extent>91.</extent>
                            </supportDesc>
                        </objectDesc>
                    </physDesc>
                </msDesc>
            </sourceDesc>
        </fileDesc>
    </teiHeader>
    <facsimile>
        <surface/>
    </facsimile>
</TEI>