<?xml version="1.0" encoding="UTF-8"?>
<?oxygen RNGSchema="http://www.handrit.is/schema/handrit-1.0.rnc" type="compact"?><TEI xmlns="http://www.tei-c.org/ns/1.0">
   <teiHeader>
      <fileDesc>
         <titleStmt>
            <title type="main">AM 1 b fol.</title>
         </titleStmt>
         <publicationStmt>
            <authority>Den Arnamagnæanske Samling</authority>
            <pubPlace>København</pubPlace>
         </publicationStmt>
         <sourceDesc>
            <msDesc xml:id="AM02-0001-b-en" xml:lang="en">
               <msIdentifier>
                  <country>Denmark</country>
                  <settlement>København</settlement>
                  <repository>Den Arnamagnæanske Samling</repository>
                  <idno>AM 1 b fol.</idno>
                  <altIdentifier type="internal" subtype="KKKat">
                     <idno>2</idno>
                  </altIdentifier>
               </msIdentifier>
               <head>
                  <title>Sögubrot af nokkrum fornkonungum í Dana ok Svía veldi</title>;
        <origPlace>Iceland</origPlace>, <origDate notBefore="1600" notAfter="1699">s.
        XVII</origDate>. </head>
               <physDesc>
                  <objectDesc form="codex">
                     <supportDesc material="chart">
                        <support>
                           <p>
                              <material>Paper</material>.</p>
                        </support>
                        <extent>10. <dimensions type="leaf" scope="all">
                              <height>315</height>
                              <width>200</width>
                           </dimensions>.</extent>
                        <foliation>
                           <p>Foliated in the outer bottom corners. Paginated in the outer top corners.</p>
                        </foliation>
                     </supportDesc>
                  </objectDesc>
               </physDesc>
               <history>
                  <origin>
                     <p>Written in <origPlace>Iceland</origPlace> in the <origDate notBefore="1600" notAfter="1699">seventeenth century</origDate>.</p>
                  </origin>
                  <provenance>
                     <p>Compiled by <name type="person" key="ArnMag001">Árni Magnússon</name> from three
                different manuscripts.</p>
                  </provenance>
               </history>
               <additional>
                  <adminInfo>
                     <recordHist>
                        <p>Catalogued <date when="2008-05-26">26 May 2008</date> by <name type="person" key="SilHuf001">Silvia Hufnagel</name>.</p>
                     </recordHist>
                  </adminInfo>
                  <listBibl>
                     <bibl>Kålund, <ref type="secondary" target="KKKat">Katalog</ref>
                        <biblScope type="volume">I</biblScope>
                        <biblScope type="pages">2-3</biblScope>
                     </bibl>
                     <bibl>
                        <ref type="secondary" target="STUAGNL46">Sögur Danakonunga</ref>
                        <biblScope type="pages">viii</biblScope>
                     </bibl>
                  </listBibl>
               </additional>
               <msPart>
                  <altIdentifier type="partial">
                     <idno>AM 1 I b fol.</idno>
                  </altIdentifier>
                  <msContents>
                     <msItem defective="true" class="forn">
                        <locus from="1r:1" to="4">1r-4v</locus>
                        <title type="uniform">Sögubrot af nokkrum fornkonungum í Dana ok Svía veldi</title>
                        <textLang mainLang="is">Icelandic</textLang>
                        <rubric>Saugubrot <lb/> Af nockrum fornkongum i Dana <ex>og</ex> Suiavelde <lb/>
                    Yvari vydfadma. Hræreke Helga inu<ex>m</ex> huassa. <lb/> Harallde
                        Hilldeton<ex>n</ex> med Bravalldar Bardaga. <ex>og</ex>
                           <lb/> nockud af Sigurde Hring. epter þui sem fundist <lb/> hafa ritud a nidlags
                    Saurblada Rifrilldum <lb/> sundurlaus. <lb/> I Brot. um konbonar fór Helga hins huassa t<ex>il</ex>
                           <lb/> Audar hin<ex>n</ex>ar diupaudgu yvars dottur vidfadma <lb/> j Suiarike.
                        <ex>og</ex> faalsuór jvars <lb/> upphafslaust. <lb/> Ord Audar vid fódur
                        sin<ex>n</ex> fram<ex>m</ex>berande Eirinde hel<lb rend="hyphenated"/>ga med underhyggju</rubric>
                        <incipit>** Se eg ad þetta Mäl þarf ad litt se a lopt borid</incipit>
                        <explicit defective="true">siglir huer til sijns Lands: og</explicit>
                        <note>Transcript of <ref type="ms">AM 1 a fol.</ref>
                        </note>
                        <listBibl>
                           <bibl>Rafn, <ref type="primary-3" target="AntR">Antiquités
                            Russes</ref>
                              <biblScope type="volume">I</biblScope>
                              <biblScope type="pages">67-75a:20</biblScope>
                              <note>Ed. C</note>
                           </bibl>
                           <bibl>Rafn, <ref type="primary-3" target="C__Raf1829b">Fornaldar Sögur
                            Nordrlanda</ref>
                              <biblScope type="volume">I</biblScope>
                              <biblScope type="pages">363-374:5</biblScope>
                              <note>Ed. C</note>
                           </bibl>
                        </listBibl>
                     </msItem>
                  </msContents>
                  <physDesc>
                     <objectDesc form="codex">
                        <supportDesc material="chart">
                           <support>
                              <p>
                                 <material>Paper</material>. </p>
                           </support>
                           <extent>4.</extent>
                           <collation>
                              <p>
                                 <catchwords>Catchwords are found on fol. <locus>5r</locus>.</catchwords>
                              </p>
                           </collation>
                        </supportDesc>
                        <layoutDesc>
                           <layout columns="1" writtenLines="29 32">
                              <p>Written in one colum with 29 to 32 lines per page. Running titles.</p>
                           </layout>
                        </layoutDesc>
                     </objectDesc>
                     <additions>
                        <p>In the margin of fol. <locus>1r</locus>
                           <name type="person" key="ArnMag001">Árni Magnússon</name> has written: <q xml:lang="la">Corruptis<lb rend="hyphenated"/>simum <lb/> Exemplar <lb/>
                              <ex>et</ex> nullius <lb/> momenti</q>.</p>
                     </additions>
                  </physDesc>
               </msPart>
               <msPart>
                  <altIdentifier type="partial">
                     <idno>AM 1 II b fol.</idno>
                  </altIdentifier>
                  <msContents>
                     <msItem defective="true" class="forn">
                        <locus from="5r:1" to="5v:12">5r-v</locus>
                        <title type="uniform">Sögubrot af nokkrum fornkonungum í Dana ok Svía veldi</title>
                        <textLang mainLang="is">Icelandic</textLang>
                        <incipit defective="true">landz og Er þetta spir Rädbert k<ex>ongur</ex> setti
                        h<ex>an</ex>n haralld stiupson sin<ex>n</ex> jfer <lb/> skipen<ex>n</ex>, og
                        herin<ex>n</ex>.</incipit>
                        <note>On the bottom of fol. <locus>5r</locus> the scribe has added: <q xml:lang="is">her wantar mikid v<ex>id</ex>, fram<ex>m</ex> ad elli dogum Haralldz
                    kongs</q>.</note>
                        <explicit>w<ex>ar</ex> an<ex>n</ex>ar Hrærekur slaungin<ex>n</ex>
                           <lb/>bogi.
                    en<ex>n</ex> an<ex>n</ex>ar Þrandur hin<ex>n</ex> Gamle</explicit>
                        <note>Below this the scribe has added: <q xml:lang="is">
                              <del rend="overstrike" hand="ArnMag001">Hier effter ä ad setiast Brä vallar
                            bardagi s<ex>e</ex>m seiger frä Dauda <lb/> haralldar hilldi
                            Tan<ex>n</ex>ar</del>
                           </q>. This note has later been overstriked by <name type="person" key="ArnMag001">Árni Magnússon</name>, who has added <q xml:lang="is">
                              <add place="top" hand="ArnMag001">Bravallar</add>
                           </q>.</note>
                        <listBibl>
                           <bibl>Rafn, <ref type="primary-3" target="AntR">Antiquités
                            Russes</ref>
                              <biblScope type="volume">I</biblScope>
                              <biblScope type="pages">75a:20-77b:7</biblScope>
                              <note>Ed. C</note>
                           </bibl>
                           <bibl>Rafn, <ref type="primary-3" target="FASNRafn">Fornaldar Sögur
                            Nordrlanda</ref>
                              <biblScope type="volume">I</biblScope>
                              <biblScope type="pages">374:5-377:5</biblScope>
                              <note>Ed. C</note>
                           </bibl>
                        </listBibl>
                     </msItem>
                  </msContents>
                  <physDesc>
                     <objectDesc form="codex">
                        <supportDesc material="chart">
                           <support>
                              <p>Paper.</p>
                           </support>
                           <extent>1.</extent>
                           <collation>
                              <p>
                                 <catchwords>Catchwords are found on fol. <locus>5r</locus>.</catchwords>
                              </p>
                           </collation>
                        </supportDesc>
                        <layoutDesc>
                           <layout columns="1">
                              <p>Running titles.</p>
                           </layout>
                        </layoutDesc>
                     </objectDesc>
                     <additions>
                        <p>On the originally blank 2/3 of fol. <locus>5v</locus> is written: <q xml:lang="is">Þessa bok a Heidur legur Kien<ex>n</ex>e Man<ex>n</ex>
                              <lb/> S<ex>iera</ex> Throlffur Clausson</q>.</p>
                     </additions>
                  </physDesc>
               </msPart>
               <msPart>
                  <altIdentifier type="partial">
                     <idno>AM 1 III b fol.</idno>
                  </altIdentifier>
                  <msContents>
                     <msItem defective="true" class="forn">
                        <locus from="6r:34" to="10r:4">6r-10r</locus>
                        <title type="uniform">Sögubrot af nokkrum fornkonungum í Dana ok Svía veldi</title>
                        <textLang mainLang="is">Icelandic</textLang>
                        <rubric>Bravallar Bardage Mille Haralldar k<ex>o</ex>ngs <lb/> hilldetan<ex>n</ex>ar
                    og Sigurdar Hrijngs</rubric>
                        <incipit>Þa er Haralldur k<ex>ongur</ex> Hilldetón<ex>n</ex> var ordin<ex>n</ex> so
                    ga<lb/>mall ad h<ex>an</ex>n haffde halftt an<ex>n</ex>ar hundrad Aara,</incipit>
                        <explicit>frijdara en<ex>n</ex> Øn<ex>n</ex>ur Man<ex>n</ex>kynd a
                    Nordur<lb/>londum. Og End<ex>ar</ex> hier so Bravallar Bardaga</explicit>
                        <note>The end of <title type="uniform">Hálfdanar þáttr svarta ok Haralds
                    hárfagra</title>, beginning on fol. <locus>6r</locus> with <q xml:lang="is">vid
                        allar j þrȯtter, mikid gieckst Haralldur wid</q> and written by
                    the same scribe as <ref type="ms">AM 1 II b fol.</ref>, was crossed out by <name type="person" key="ArnMag001">Árni Magnússon</name> when he compiled the
                    manuscript.</note>
                        <listBibl>
                           <bibl>Rafn, <ref type="primary-3" target="AntR">Antiquités
                            Russes</ref>
                              <biblScope type="volume">I</biblScope>
                              <biblScope type="pages">77b:7-85a:17</biblScope>
                              <note>Ed. C</note>
                           </bibl>
                           <bibl>Rafn, <ref type="primary-3" target="FASNRafn">Fornaldar Sögur
                            Nordrlanda</ref>
                              <biblScope type="volume">I</biblScope>
                              <biblScope type="pages">377:5-387:25</biblScope>
                              <note>Ed. C</note>
                           </bibl>
                        </listBibl>
                     </msItem>
                  </msContents>
                  <physDesc>
                     <objectDesc form="codex">
                        <supportDesc material="chart">
                           <support>
                              <p>
                                 <material>Paper</material>. </p>
                           </support>
                           <extent>5. Fol. <locus>10v</locus> is blank.</extent>
                           <collation>
                              <p>
                                 <catchwords>Catchwords are found on fols
                            <locus>6r-9v</locus>.</catchwords>
                              </p>
                           </collation>
                        </supportDesc>
                        <layoutDesc>
                           <layout columns="1" writtenLines="34 36">Written in one column with 34 to 36
                        lines per page.</layout>
                        </layoutDesc>
                     </objectDesc>
                     <handDesc hands="1">
                        <handNote scribe="ThorCla01" scope="sole" script="cursiva">
                           <p>Written by Þorleifur Clausson of Útskálar.</p>
                        </handNote>
                     </handDesc>
                  </physDesc>
               </msPart>
            </msDesc>
         </sourceDesc>
      </fileDesc>
   </teiHeader>
   <facsimile>
      <surface/>
   </facsimile>
</TEI>