<?xml version="1.0" encoding="UTF-8"?>
<?oxygen RNGSchema="http://www.handrit.is/schema/handrit-1.0.rnc" type="compact"?>
<TEI xmlns="http://www.tei-c.org/ns/1.0">
	<teiHeader>
		<fileDesc>
			<titleStmt>
				<title>Handritaskrá Árnastofnunar</title>
			</titleStmt>
			<publicationStmt>
				<p>Tilraunaútgáfa</p>
			</publicationStmt>
			<sourceDesc>
				<msDesc xml:lang="is" xml:id="AM02-0143-is">
					<msIdentifier>
						<country key="IS">Ísland</country>
						<settlement>Reykjavík</settlement>
						<institution>Stofnun Árna Magnússonar í íslenskum fræðum</institution>
						<repository>Handritasvið</repository>
						<collection>Safn Árna Magnússonar</collection>
						<idno>AM 143 fol.</idno>
						<altIdentifier type="internal" subtype="KKKat">
							<idno>172</idno>
						</altIdentifier>
					</msIdentifier>

					<msContents xml:lang="is">
						<msItem defective="false" class="isl">
							<locus from="1r" facs="#AM02-0143-0001r" to="34r">1r-34r</locus>
							<title type="uniform">Víga-Glúms saga</title>
							<textLang mainLang="is">Íslenska</textLang>
							<rubric>Hér byrjar Glúms sögu</rubric>
							<incipit>Helgi hét maður og var kallaður Helgi hinn magri …</incipit>
							<explicit>… allra vígra manna hér á landi.</explicit>
							<finalRubric>Og lýkur þar sögu Glúms Eyjólfssonar.</finalRubric>
							<colophon>Omnia tunc bona sunt, clasula quando bona est. K.H.S.
								meh.</colophon>
							<filiation>Uppskrift eftir <ref type="ms" target="AM02-0160">AM 160
									fol.</ref>.</filiation>
						</msItem>
					</msContents>

					<physDesc>
						<objectDesc form="codex">
							<supportDesc material="chart">
								<support>
									<p>Pappír með vatnsmerkjum.</p>
									<p>
										<watermark n="1">
											Vatnsmerki 1. Aðalmerki:
											<ref target="watermark:U">Skjaldarmerki Amsterdam</ref>
											(
											<locus from="1r" to="1v">1</locus>
											,
											<locus from="4r" to="5v">4-5</locus>
											,
											<locus from="7r" to="7v">7</locus>
											,
											<locus from="10r" to="11v">10-11</locus>
											,
											<locus from="13r" to="14v">13-14</locus>
											,
											<locus from="16r" to="16v">16</locus>
											,
											<locus from="22r" to="24v">22-24</locus>
											,
											<locus from="28r" to="32v">28-32</locus>
											)
											// Mótmerki:
											<ref target="watermark:X2">Fangamark PD</ref>
											(
											<locus from="2r" to="2v">2?</locus>
											,
											<locus from="6r" to="6v">6</locus>
											,
											<locus from="8r" to="9">8-9</locus>
											,
											<locus from="12r" to="12v">12</locus>
											,
											<locus from="15r" to="15v">15</locus>
											,
											<locus from="17r" to="21v">17-21</locus>
											,
											<locus from="25r" to="27v">25-27</locus>
											,
											<locus from="33r" to="34v">33-34</locus>
											).
										</watermark>
								</p>
								</support>
								<extent>ii + 34 + ii blöð (<dimensions type="leaf" unit="mm" scope="all">
										<height>298</height>
										<width>214</width>
									</dimensions>). Blað <locus from="34v" facs="#AM02-0143-0034v" to="34v">34v</locus> er autt.</extent>
								<foliation>
									<p>
										<list>
											<item>Fimmta hvert blað merkt með svörtu bleki með
												síðari tíma hendi.</item>
											<item>Handritið er blaðmerkt síðar með rauðu bleki,
												1-34.</item>
										</list>
									</p>
								</foliation>
								<collation>
									<p>Sex kver. <list>
											<item>Kver I: bl. 1-6, 3 tvinn.</item>
											<item>Kver II: bl. 7-12, 3 tvinn.</item>
											<item>Kver III: bl. 13-18, 3 tvinn.</item>
											<item>Kver IV: bl. 19-24, 3 tvinn.</item>
											<item>Kver V: bl. 25-30, 3 tvinn.</item>
											<item>Kver VI: bl. 31-34, 2 tvinn.</item>
										</list>
									</p>
								</collation>
							</supportDesc>

							<layoutDesc>
								<layout columns="1" writtenLines="28 32">
									<p>
										<list>
											<item>Eindálka.</item>
											<item>Leturflötur er ca <dimensions type="leaf" unit="mm">
												<height>240-245</height>
												<width>150-155</width>
												</dimensions>.</item>
											<item>Línufjöldi 28-32.</item>
											<item>
												<catchwords>Griporð.</catchwords>
											</item>
										</list>
									</p>
								</layout>
							</layoutDesc>
						</objectDesc>

						<handDesc hands="1">
							<handNote scope="sole" scribe="KolHan001" script="kanzlei">Með hendi
									<name type="person" key="KolHan001">Kolbeins Hannessonar</name>
								(sbr. skrifaraklausu á bl. <locus from="34r" facs="#AM02-0143-0034r" to="34r">34r</locus>), kansellískrift.</handNote>
						</handDesc>

						<additions>
							<p>
								<list>
									<item>Lesbrigði og leiðréttingar á mörgum stöðum með hendi <name key="JonSig009" type="person">Jóns Sigurðssonar</name>
										eldri sem bar saman við forritið <ref type="ms" target="AM02-0160">AM 160 fol.</ref> (sbr. <ref type="ms" target="JS04-0409">JS 409 4to</ref>).</item>
									<item>Jón hefur einnig merkt vísur í textanum með <q>v:</q> á
										spássíu.</item>
									<item>Spássíugrein með hendi <name key="ThoTor001" type="person">Þormóðs Torfasonar</name> á bl. <locus from="5v" facs="#AM02-0143-0005v" to="5v">5v</locus>.</item>
								</list>
							</p>
						</additions>

						<bindingDesc>
							<binding notBefore="1910" notAfter="1920" contemporary="false">
								<p>Band frá 1910-1920 (<dimensions type="binding" unit="mm">
										<height>302</height>
										<width>215</width>
										<depth>14</depth>
									</dimensions>). Pappaspjöld klædd brúnum marmarapappír, bókfell
									á kili.</p>
							</binding>
							<binding contemporary="false">
								<p>Spjöld og kjölur í eldra bandi klædd bókfelli úr kirkjulegu
									latnesku handriti (tvídálka).</p>
							</binding>
						</bindingDesc>

						<accMat>
							<p>Seðill á fremra <locus from="0001r-FFl" facs="#AM02-0143-0001r" to="0001r-FFl">saurblaði rektó</locus> (<dimensions type="slip" unit="mm"><height>131</height><width>132</width></dimensions>) með hendi <name key="ArnMag001" type="person">Árna Magnússonar</name>: <quote type="AMSlip" xml:lang="is">Frá Assessor Thormod Torfasonar
									Enke. Úr num. 16. Er confererad við Víga-Glúms sögu í Gülden
									löves bók, sem Magister Björn gaf honum.</quote></p>
						</accMat>
					</physDesc>

					<history>
						<origin notBefore="1650" notAfter="1699"><p><list>
									<item>Handritið var skrifað á <origPlace key="IS">Íslandi</origPlace>. Það er tímasett til <origDate notBefore="1650" notAfter="1699">síðari hluta 17.
											aldar</origDate> í <bibl>
											<ref target="KKKat">Katalog I</ref>
										</bibl>, bls. 101.</item>
									<item>Handritið var áður hluti af stærri bók sem innihélt einnig
											<ref type="ms" target="AM02-0006">AM 6 fol.</ref>, <ref type="ms" target="AM02-0010">AM 10 fol.</ref>, <ref type="ms" target="AM02-0157h">AM 157 h fol.</ref> og
											<ref type="ms" target="AM02-0193d">AM 193 d fol.</ref>
										(sbr. <ref type="ms" target="AM04-0435b">AM 435 b 4to</ref>,
										bl. <locus from="7v" facs="#AM02-0143-0007v" to="9v">7v-9v</locus>).</item>
								</list></p></origin>
						<provenance>
							<p>Bókin sem handritið tilheyrði var nr. XVI fol. í safni <name key="ThoTor001" type="person">Þormóðs Torfasonar</name> en
								Þormóður hafði fengið hana frá sr. <name type="person" key="TorJon002">Torfa Jónssyni</name> í <name type="place" key="GauGau01">Bæ</name> (sbr. <ref>AM 435 b 4to</ref>, bl.
								9r-9v). <name key="ArnMag001" type="person">Árni Magnússon</name>
								fékk bókina frá ekkju Þormóðs og tók í sundur árið <date when="1720">1720</date> (sbr. seðil og <ref type="ms" target="AM04-0435b">AM 435 b 4to</ref>, bl. <locus from="9r" facs="#AM02-0143-0009r" to="9v">9r-v</locus>).</p>
						</provenance>
						<acquisition when="1974-09-11">
							<p>Stofnun Árna Magnússonar á Íslandi tók við handritinu 11. september
								1974.</p>
						</acquisition>
					</history>
					<additional>
						<adminInfo>
							<recordHist>
								<source>
									<p>								
												<name key="ThuSig002" type="person">ÞÓS</name> skráði <date when="2020-06-18">18. júní 2020</date>.<name type="person" key="ThoSig001">ÞS</name> skráði
												samkvæmt reglum TEI P5 <date from="2008-09-12" to="2008-12-02">12. september - 2. desember
												2008</date>.
										
												<name type="person" key="DriThr001">DKÞ</name> færði
												inn grunnupplýsingar <date when="2001-09-17">17.
												september 2001</date>.
										
												<name type="person" key="KriKaa001">Kålund</name>
												gekk frá handritinu til skráningar <date when="1887-04-28">28. apríl 1887</date> (sjá <bibl>
												<ref target="KKKat">Katalog I 1889:101 (nr.
												172)</ref></bibl></p>
								</source>
							</recordHist>
						</adminInfo>

						<surrogates>
							<p>
								<list>
									<item>Stafrænar myndir á www.sagnanet.is.</item>
									<item>Svart-hvítar ljósmyndir á Det Arnamagnæanske Institut í
										Kaupmannahöfn.</item>
								</list>
							</p>
						</surrogates>
						<listBibl>
							<bibl>Slay, <ref type="secondary-3" target="DesSla1504a">Bibl.
									Arn.</ref><biblScope type="volume">20</biblScope><biblScope type="pages">149</biblScope>;</bibl>
							<bibl>Slay, <ref type="secondary-3" target="BiblArn24">Bibl.
									Arn.</ref><biblScope type="volume">24</biblScope><biblScope type="pages"/>;</bibl>
							<bibl>Slay, <ref type="secondary-3" target="BiblArn20">Opuscula</ref><biblScope type="volume">I</biblScope><biblScope type="pages">149</biblScope>.</bibl>
							<bibl>Slay, <ref type="secondary-3" target="BiblArn20">On the Origin of
									Two Icelandic Manuscripts in the Royal Library in
									Copenhagen</ref><biblScope type="pages">149</biblScope>.</bibl>
						</listBibl>
					</additional>
				</msDesc>
			</sourceDesc>
		</fileDesc>
		<revisionDesc>
			<change when="2008-10" who="#EriHas01">Migrated from MASTER to P5</change>
		</revisionDesc>
	</teiHeader>
	<facsimile xml:base="https://myndir.handrit.is/file/Handrit.is/">
		<surface xml:id="AM02-0143-0000r-FrontBoard" n="0">
			<desc>0000r-FrontBoard</desc>
			<graphic mimeType="pdf" url="AM%20143%20fol/0/HIGH_QUALITY_DISPLAY"/>
			<graphic mimeType="jpg" url="AM%20143%20fol/0/THUMBNAIL" width="200px" height="266px"/>
			<graphic mimeType="jpg" url="AM%20143%20fol/0/SECONDARY_DISPLAY" width="2928px" height="3888px"/>
			<graphic mimeType="pdf" url="AM%20143%20fol/0/WEB_DISPLAY"/>
		</surface>
		<surface xml:id="AM02-0143-0000v-FrontBoard" n="1">
			<desc>0000v-FrontBoard</desc>
			<graphic mimeType="pdf" url="AM%20143%20fol/1/HIGH_QUALITY_DISPLAY"/>
			<graphic mimeType="jpg" url="AM%20143%20fol/1/THUMBNAIL" width="200px" height="281px"/>
			<graphic mimeType="jpg" url="AM%20143%20fol/1/SECONDARY_DISPLAY" width="2765px" height="3888px"/>
			<graphic mimeType="pdf" url="AM%20143%20fol/1/WEB_DISPLAY"/>
		</surface>
		<surface xml:id="AM02-0143-0001r-FrontFlyleaf" n="2">
			<desc>0001r-FrontFlyleaf</desc>
			<graphic mimeType="pdf" url="AM%20143%20fol/2/HIGH_QUALITY_DISPLAY"/>
			<graphic mimeType="jpg" url="AM%20143%20fol/2/THUMBNAIL" width="200px" height="281px"/>
			<graphic mimeType="jpg" url="AM%20143%20fol/2/SECONDARY_DISPLAY" width="2765px" height="3888px"/>
			<graphic mimeType="pdf" url="AM%20143%20fol/2/WEB_DISPLAY"/>
		</surface>
		<surface xml:id="AM02-0143-0001v-FrontFlyleaf" n="3">
			<desc>0001v-FrontFlyleaf</desc>
			<graphic mimeType="pdf" url="AM%20143%20fol/3/HIGH_QUALITY_DISPLAY"/>
			<graphic mimeType="jpg" url="AM%20143%20fol/3/THUMBNAIL" width="200px" height="284px"/>
			<graphic mimeType="jpg" url="AM%20143%20fol/3/SECONDARY_DISPLAY" width="2699px" height="3828px"/>
			<graphic mimeType="pdf" url="AM%20143%20fol/3/WEB_DISPLAY"/>
		</surface>
		<surface xml:id="AM02-0143-0002r-FrontFlyleaf" n="4">
			<desc>0002r-FrontFlyleaf</desc>
			<graphic mimeType="pdf" url="AM%20143%20fol/4/HIGH_QUALITY_DISPLAY"/>
			<graphic mimeType="jpg" url="AM%20143%20fol/4/THUMBNAIL" width="200px" height="284px"/>
			<graphic mimeType="jpg" url="AM%20143%20fol/4/SECONDARY_DISPLAY" width="2699px" height="3828px"/>
			<graphic mimeType="pdf" url="AM%20143%20fol/4/WEB_DISPLAY"/>
		</surface>
		<surface xml:id="AM02-0143-0002v-FrontFlyleaf" n="5">
			<desc>0002v-FrontFlyleaf</desc>
			<graphic mimeType="pdf" url="AM%20143%20fol/5/HIGH_QUALITY_DISPLAY"/>
			<graphic mimeType="jpg" url="AM%20143%20fol/5/THUMBNAIL" width="200px" height="280px"/>
			<graphic mimeType="jpg" url="AM%20143%20fol/5/SECONDARY_DISPLAY" width="2735px" height="3828px"/>
			<graphic mimeType="pdf" url="AM%20143%20fol/5/WEB_DISPLAY"/>
		</surface>
		<surface xml:id="AM02-0143-0001r" n="6">
			<desc>0001r</desc>
			<graphic mimeType="pdf" url="AM%20143%20fol/6/HIGH_QUALITY_DISPLAY"/>
			<graphic mimeType="jpg" url="AM%20143%20fol/6/THUMBNAIL" width="200px" height="280px"/>
			<graphic mimeType="jpg" url="AM%20143%20fol/6/SECONDARY_DISPLAY" width="2735px" height="3828px"/>
			<graphic mimeType="pdf" url="AM%20143%20fol/6/WEB_DISPLAY"/>
		</surface>
		<surface xml:id="AM02-0143-0001v" n="7">
			<desc>0001v</desc>
			<graphic mimeType="pdf" url="AM%20143%20fol/7/HIGH_QUALITY_DISPLAY"/>
			<graphic mimeType="jpg" url="AM%20143%20fol/7/THUMBNAIL" width="200px" height="280px"/>
			<graphic mimeType="jpg" url="AM%20143%20fol/7/SECONDARY_DISPLAY" width="2735px" height="3828px"/>
			<graphic mimeType="pdf" url="AM%20143%20fol/7/WEB_DISPLAY"/>
		</surface>
		<surface xml:id="AM02-0143-0002r" n="8">
			<desc>0002r</desc>
			<graphic mimeType="pdf" url="AM%20143%20fol/8/HIGH_QUALITY_DISPLAY"/>
			<graphic mimeType="jpg" url="AM%20143%20fol/8/THUMBNAIL" width="200px" height="280px"/>
			<graphic mimeType="jpg" url="AM%20143%20fol/8/SECONDARY_DISPLAY" width="2735px" height="3828px"/>
			<graphic mimeType="pdf" url="AM%20143%20fol/8/WEB_DISPLAY"/>
		</surface>
		<surface xml:id="AM02-0143-0002v" n="9">
			<desc>0002v</desc>
			<graphic mimeType="pdf" url="AM%20143%20fol/9/HIGH_QUALITY_DISPLAY"/>
			<graphic mimeType="jpg" url="AM%20143%20fol/9/THUMBNAIL" width="200px" height="280px"/>
			<graphic mimeType="jpg" url="AM%20143%20fol/9/SECONDARY_DISPLAY" width="2735px" height="3828px"/>
			<graphic mimeType="pdf" url="AM%20143%20fol/9/WEB_DISPLAY"/>
		</surface>
		<surface xml:id="AM02-0143-0003r" n="10">
			<desc>0003r</desc>
			<graphic mimeType="pdf" url="AM%20143%20fol/10/HIGH_QUALITY_DISPLAY"/>
			<graphic mimeType="jpg" url="AM%20143%20fol/10/THUMBNAIL" width="200px" height="280px"/>
			<graphic mimeType="jpg" url="AM%20143%20fol/10/SECONDARY_DISPLAY" width="2735px" height="3828px"/>
			<graphic mimeType="pdf" url="AM%20143%20fol/10/WEB_DISPLAY"/>
		</surface>
		<surface xml:id="AM02-0143-0003v" n="11">
			<desc>0003v</desc>
			<graphic mimeType="pdf" url="AM%20143%20fol/11/HIGH_QUALITY_DISPLAY"/>
			<graphic mimeType="jpg" url="AM%20143%20fol/11/THUMBNAIL" width="200px" height="280px"/>
			<graphic mimeType="jpg" url="AM%20143%20fol/11/SECONDARY_DISPLAY" width="2735px" height="3828px"/>
			<graphic mimeType="pdf" url="AM%20143%20fol/11/WEB_DISPLAY"/>
		</surface>
		<surface xml:id="AM02-0143-0004r" n="12">
			<desc>0004r</desc>
			<graphic mimeType="pdf" url="AM%20143%20fol/12/HIGH_QUALITY_DISPLAY"/>
			<graphic mimeType="jpg" url="AM%20143%20fol/12/THUMBNAIL" width="200px" height="280px"/>
			<graphic mimeType="jpg" url="AM%20143%20fol/12/SECONDARY_DISPLAY" width="2735px" height="3828px"/>
			<graphic mimeType="pdf" url="AM%20143%20fol/12/WEB_DISPLAY"/>
		</surface>
		<surface xml:id="AM02-0143-0004v" n="13">
			<desc>0004v</desc>
			<graphic mimeType="pdf" url="AM%20143%20fol/13/HIGH_QUALITY_DISPLAY"/>
			<graphic mimeType="jpg" url="AM%20143%20fol/13/THUMBNAIL" width="200px" height="280px"/>
			<graphic mimeType="jpg" url="AM%20143%20fol/13/SECONDARY_DISPLAY" width="2735px" height="3828px"/>
			<graphic mimeType="pdf" url="AM%20143%20fol/13/WEB_DISPLAY"/>
		</surface>
		<surface xml:id="AM02-0143-0005r" n="14">
			<desc>0005r</desc>
			<graphic mimeType="pdf" url="AM%20143%20fol/14/HIGH_QUALITY_DISPLAY"/>
			<graphic mimeType="jpg" url="AM%20143%20fol/14/THUMBNAIL" width="200px" height="280px"/>
			<graphic mimeType="jpg" url="AM%20143%20fol/14/SECONDARY_DISPLAY" width="2735px" height="3828px"/>
			<graphic mimeType="pdf" url="AM%20143%20fol/14/WEB_DISPLAY"/>
		</surface>
		<surface xml:id="AM02-0143-0005v" n="15">
			<desc>0005v</desc>
			<graphic mimeType="pdf" url="AM%20143%20fol/15/HIGH_QUALITY_DISPLAY"/>
			<graphic mimeType="jpg" url="AM%20143%20fol/15/THUMBNAIL" width="200px" height="280px"/>
			<graphic mimeType="jpg" url="AM%20143%20fol/15/SECONDARY_DISPLAY" width="2735px" height="3828px"/>
			<graphic mimeType="pdf" url="AM%20143%20fol/15/WEB_DISPLAY"/>
		</surface>
		<surface xml:id="AM02-0143-0006r" n="16">
			<desc>0006r</desc>
			<graphic mimeType="pdf" url="AM%20143%20fol/16/HIGH_QUALITY_DISPLAY"/>
			<graphic mimeType="jpg" url="AM%20143%20fol/16/THUMBNAIL" width="200px" height="280px"/>
			<graphic mimeType="jpg" url="AM%20143%20fol/16/SECONDARY_DISPLAY" width="2735px" height="3828px"/>
			<graphic mimeType="pdf" url="AM%20143%20fol/16/WEB_DISPLAY"/>
		</surface>
		<surface xml:id="AM02-0143-0006v" n="17">
			<desc>0006v</desc>
			<graphic mimeType="pdf" url="AM%20143%20fol/17/HIGH_QUALITY_DISPLAY"/>
			<graphic mimeType="jpg" url="AM%20143%20fol/17/THUMBNAIL" width="200px" height="282px"/>
			<graphic mimeType="jpg" url="AM%20143%20fol/17/SECONDARY_DISPLAY" width="2735px" height="3864px"/>
			<graphic mimeType="pdf" url="AM%20143%20fol/17/WEB_DISPLAY"/>
		</surface>
		<surface xml:id="AM02-0143-0007r" n="18">
			<desc>0007r</desc>
			<graphic mimeType="pdf" url="AM%20143%20fol/18/HIGH_QUALITY_DISPLAY"/>
			<graphic mimeType="jpg" url="AM%20143%20fol/18/THUMBNAIL" width="200px" height="282px"/>
			<graphic mimeType="jpg" url="AM%20143%20fol/18/SECONDARY_DISPLAY" width="2735px" height="3864px"/>
			<graphic mimeType="pdf" url="AM%20143%20fol/18/WEB_DISPLAY"/>
		</surface>
		<surface xml:id="AM02-0143-0007v" n="19">
			<desc>0007v</desc>
			<graphic mimeType="pdf" url="AM%20143%20fol/19/HIGH_QUALITY_DISPLAY"/>
			<graphic mimeType="jpg" url="AM%20143%20fol/19/THUMBNAIL" width="200px" height="282px"/>
			<graphic mimeType="jpg" url="AM%20143%20fol/19/SECONDARY_DISPLAY" width="2735px" height="3864px"/>
			<graphic mimeType="pdf" url="AM%20143%20fol/19/WEB_DISPLAY"/>
		</surface>
		<surface xml:id="AM02-0143-0008r" n="20">
			<desc>0008r</desc>
			<graphic mimeType="pdf" url="AM%20143%20fol/20/HIGH_QUALITY_DISPLAY"/>
			<graphic mimeType="jpg" url="AM%20143%20fol/20/THUMBNAIL" width="200px" height="282px"/>
			<graphic mimeType="jpg" url="AM%20143%20fol/20/SECONDARY_DISPLAY" width="2735px" height="3864px"/>
			<graphic mimeType="pdf" url="AM%20143%20fol/20/WEB_DISPLAY"/>
		</surface>
		<surface xml:id="AM02-0143-0008v" n="21">
			<desc>0008v</desc>
			<graphic mimeType="pdf" url="AM%20143%20fol/21/HIGH_QUALITY_DISPLAY"/>
			<graphic mimeType="jpg" url="AM%20143%20fol/21/THUMBNAIL" width="200px" height="282px"/>
			<graphic mimeType="jpg" url="AM%20143%20fol/21/SECONDARY_DISPLAY" width="2735px" height="3864px"/>
			<graphic mimeType="pdf" url="AM%20143%20fol/21/WEB_DISPLAY"/>
		</surface>
		<surface xml:id="AM02-0143-0009r" n="22">
			<desc>0009r</desc>
			<graphic mimeType="pdf" url="AM%20143%20fol/22/HIGH_QUALITY_DISPLAY"/>
			<graphic mimeType="jpg" url="AM%20143%20fol/22/THUMBNAIL" width="200px" height="282px"/>
			<graphic mimeType="jpg" url="AM%20143%20fol/22/SECONDARY_DISPLAY" width="2735px" height="3864px"/>
			<graphic mimeType="pdf" url="AM%20143%20fol/22/WEB_DISPLAY"/>
		</surface>
		<surface xml:id="AM02-0143-0009v" n="23">
			<desc>0009v</desc>
			<graphic mimeType="pdf" url="AM%20143%20fol/23/HIGH_QUALITY_DISPLAY"/>
			<graphic mimeType="jpg" url="AM%20143%20fol/23/THUMBNAIL" width="200px" height="282px"/>
			<graphic mimeType="jpg" url="AM%20143%20fol/23/SECONDARY_DISPLAY" width="2735px" height="3864px"/>
			<graphic mimeType="pdf" url="AM%20143%20fol/23/WEB_DISPLAY"/>
		</surface>
		<surface xml:id="AM02-0143-0010r" n="24">
			<desc>0010r</desc>
			<graphic mimeType="pdf" url="AM%20143%20fol/24/HIGH_QUALITY_DISPLAY"/>
			<graphic mimeType="jpg" url="AM%20143%20fol/24/THUMBNAIL" width="200px" height="282px"/>
			<graphic mimeType="jpg" url="AM%20143%20fol/24/SECONDARY_DISPLAY" width="2735px" height="3864px"/>
			<graphic mimeType="pdf" url="AM%20143%20fol/24/WEB_DISPLAY"/>
		</surface>
		<surface xml:id="AM02-0143-0010v" n="25">
			<desc>0010v</desc>
			<graphic mimeType="pdf" url="AM%20143%20fol/25/HIGH_QUALITY_DISPLAY"/>
			<graphic mimeType="jpg" url="AM%20143%20fol/25/THUMBNAIL" width="200px" height="282px"/>
			<graphic mimeType="jpg" url="AM%20143%20fol/25/SECONDARY_DISPLAY" width="2735px" height="3864px"/>
			<graphic mimeType="pdf" url="AM%20143%20fol/25/WEB_DISPLAY"/>
		</surface>
		<surface xml:id="AM02-0143-0011r" n="26">
			<desc>0011r</desc>
			<graphic mimeType="pdf" url="AM%20143%20fol/26/HIGH_QUALITY_DISPLAY"/>
			<graphic mimeType="jpg" url="AM%20143%20fol/26/THUMBNAIL" width="200px" height="282px"/>
			<graphic mimeType="jpg" url="AM%20143%20fol/26/SECONDARY_DISPLAY" width="2735px" height="3864px"/>
			<graphic mimeType="pdf" url="AM%20143%20fol/26/WEB_DISPLAY"/>
		</surface>
		<surface xml:id="AM02-0143-0011v" n="27">
			<desc>0011v</desc>
			<graphic mimeType="pdf" url="AM%20143%20fol/27/HIGH_QUALITY_DISPLAY"/>
			<graphic mimeType="jpg" url="AM%20143%20fol/27/THUMBNAIL" width="200px" height="282px"/>
			<graphic mimeType="jpg" url="AM%20143%20fol/27/SECONDARY_DISPLAY" width="2735px" height="3864px"/>
			<graphic mimeType="pdf" url="AM%20143%20fol/27/WEB_DISPLAY"/>
		</surface>
		<surface xml:id="AM02-0143-0012r" n="28">
			<desc>0012r</desc>
			<graphic mimeType="pdf" url="AM%20143%20fol/28/HIGH_QUALITY_DISPLAY"/>
			<graphic mimeType="jpg" url="AM%20143%20fol/28/THUMBNAIL" width="200px" height="282px"/>
			<graphic mimeType="jpg" url="AM%20143%20fol/28/SECONDARY_DISPLAY" width="2735px" height="3864px"/>
			<graphic mimeType="pdf" url="AM%20143%20fol/28/WEB_DISPLAY"/>
		</surface>
		<surface xml:id="AM02-0143-0012v" n="29">
			<desc>0012v</desc>
			<graphic mimeType="pdf" url="AM%20143%20fol/29/HIGH_QUALITY_DISPLAY"/>
			<graphic mimeType="jpg" url="AM%20143%20fol/29/THUMBNAIL" width="200px" height="282px"/>
			<graphic mimeType="jpg" url="AM%20143%20fol/29/SECONDARY_DISPLAY" width="2735px" height="3864px"/>
			<graphic mimeType="pdf" url="AM%20143%20fol/29/WEB_DISPLAY"/>
		</surface>
		<surface xml:id="AM02-0143-0013r" n="30">
			<desc>0013r</desc>
			<graphic mimeType="pdf" url="AM%20143%20fol/30/HIGH_QUALITY_DISPLAY"/>
			<graphic mimeType="jpg" url="AM%20143%20fol/30/THUMBNAIL" width="200px" height="282px"/>
			<graphic mimeType="jpg" url="AM%20143%20fol/30/SECONDARY_DISPLAY" width="2735px" height="3864px"/>
			<graphic mimeType="pdf" url="AM%20143%20fol/30/WEB_DISPLAY"/>
		</surface>
		<surface xml:id="AM02-0143-0013v" n="31">
			<desc>0013v</desc>
			<graphic mimeType="pdf" url="AM%20143%20fol/31/HIGH_QUALITY_DISPLAY"/>
			<graphic mimeType="jpg" url="AM%20143%20fol/31/THUMBNAIL" width="200px" height="282px"/>
			<graphic mimeType="jpg" url="AM%20143%20fol/31/SECONDARY_DISPLAY" width="2735px" height="3864px"/>
			<graphic mimeType="pdf" url="AM%20143%20fol/31/WEB_DISPLAY"/>
		</surface>
		<surface xml:id="AM02-0143-0014r" n="32">
			<desc>0014r</desc>
			<graphic mimeType="pdf" url="AM%20143%20fol/32/HIGH_QUALITY_DISPLAY"/>
			<graphic mimeType="jpg" url="AM%20143%20fol/32/THUMBNAIL" width="200px" height="282px"/>
			<graphic mimeType="jpg" url="AM%20143%20fol/32/SECONDARY_DISPLAY" width="2735px" height="3864px"/>
			<graphic mimeType="pdf" url="AM%20143%20fol/32/WEB_DISPLAY"/>
		</surface>
		<surface xml:id="AM02-0143-0014v" n="33">
			<desc>0014v</desc>
			<graphic mimeType="pdf" url="AM%20143%20fol/33/HIGH_QUALITY_DISPLAY"/>
			<graphic mimeType="jpg" url="AM%20143%20fol/33/THUMBNAIL" width="200px" height="282px"/>
			<graphic mimeType="jpg" url="AM%20143%20fol/33/SECONDARY_DISPLAY" width="2735px" height="3864px"/>
			<graphic mimeType="pdf" url="AM%20143%20fol/33/WEB_DISPLAY"/>
		</surface>
		<surface xml:id="AM02-0143-0015r" n="34">
			<desc>0015r</desc>
			<graphic mimeType="pdf" url="AM%20143%20fol/34/HIGH_QUALITY_DISPLAY"/>
			<graphic mimeType="jpg" url="AM%20143%20fol/34/THUMBNAIL" width="200px" height="282px"/>
			<graphic mimeType="jpg" url="AM%20143%20fol/34/SECONDARY_DISPLAY" width="2735px" height="3864px"/>
			<graphic mimeType="pdf" url="AM%20143%20fol/34/WEB_DISPLAY"/>
		</surface>
		<surface xml:id="AM02-0143-0015v" n="35">
			<desc>0015v</desc>
			<graphic mimeType="pdf" url="AM%20143%20fol/35/HIGH_QUALITY_DISPLAY"/>
			<graphic mimeType="jpg" url="AM%20143%20fol/35/THUMBNAIL" width="200px" height="283px"/>
			<graphic mimeType="jpg" url="AM%20143%20fol/35/SECONDARY_DISPLAY" width="2735px" height="3876px"/>
			<graphic mimeType="pdf" url="AM%20143%20fol/35/WEB_DISPLAY"/>
		</surface>
		<surface xml:id="AM02-0143-0016r" n="36">
			<desc>0016r</desc>
			<graphic mimeType="pdf" url="AM%20143%20fol/36/HIGH_QUALITY_DISPLAY"/>
			<graphic mimeType="jpg" url="AM%20143%20fol/36/THUMBNAIL" width="200px" height="283px"/>
			<graphic mimeType="jpg" url="AM%20143%20fol/36/SECONDARY_DISPLAY" width="2735px" height="3876px"/>
			<graphic mimeType="pdf" url="AM%20143%20fol/36/WEB_DISPLAY"/>
		</surface>
		<surface xml:id="AM02-0143-0016v" n="37">
			<desc>0016v</desc>
			<graphic mimeType="pdf" url="AM%20143%20fol/37/HIGH_QUALITY_DISPLAY"/>
			<graphic mimeType="jpg" url="AM%20143%20fol/37/THUMBNAIL" width="200px" height="283px"/>
			<graphic mimeType="jpg" url="AM%20143%20fol/37/SECONDARY_DISPLAY" width="2735px" height="3876px"/>
			<graphic mimeType="pdf" url="AM%20143%20fol/37/WEB_DISPLAY"/>
		</surface>
		<surface xml:id="AM02-0143-0017r" n="38">
			<desc>0017r</desc>
			<graphic mimeType="pdf" url="AM%20143%20fol/38/HIGH_QUALITY_DISPLAY"/>
			<graphic mimeType="jpg" url="AM%20143%20fol/38/THUMBNAIL" width="200px" height="283px"/>
			<graphic mimeType="jpg" url="AM%20143%20fol/38/SECONDARY_DISPLAY" width="2735px" height="3876px"/>
			<graphic mimeType="pdf" url="AM%20143%20fol/38/WEB_DISPLAY"/>
		</surface>
		<surface xml:id="AM02-0143-0017v" n="39">
			<desc>0017v</desc>
			<graphic mimeType="pdf" url="AM%20143%20fol/39/HIGH_QUALITY_DISPLAY"/>
			<graphic mimeType="jpg" url="AM%20143%20fol/39/THUMBNAIL" width="200px" height="283px"/>
			<graphic mimeType="jpg" url="AM%20143%20fol/39/SECONDARY_DISPLAY" width="2735px" height="3876px"/>
			<graphic mimeType="pdf" url="AM%20143%20fol/39/WEB_DISPLAY"/>
		</surface>
		<surface xml:id="AM02-0143-0018r" n="40">
			<desc>0018r</desc>
			<graphic mimeType="pdf" url="AM%20143%20fol/40/HIGH_QUALITY_DISPLAY"/>
			<graphic mimeType="jpg" url="AM%20143%20fol/40/THUMBNAIL" width="200px" height="283px"/>
			<graphic mimeType="jpg" url="AM%20143%20fol/40/SECONDARY_DISPLAY" width="2735px" height="3876px"/>
			<graphic mimeType="pdf" url="AM%20143%20fol/40/WEB_DISPLAY"/>
		</surface>
		<surface xml:id="AM02-0143-0018v" n="41">
			<desc>0018v</desc>
			<graphic mimeType="pdf" url="AM%20143%20fol/41/HIGH_QUALITY_DISPLAY"/>
			<graphic mimeType="jpg" url="AM%20143%20fol/41/THUMBNAIL" width="200px" height="289px"/>
			<graphic mimeType="jpg" url="AM%20143%20fol/41/SECONDARY_DISPLAY" width="2681px" height="3876px"/>
			<graphic mimeType="pdf" url="AM%20143%20fol/41/WEB_DISPLAY"/>
		</surface>
		<surface xml:id="AM02-0143-0019r" n="42">
			<desc>0019r</desc>
			<graphic mimeType="pdf" url="AM%20143%20fol/42/HIGH_QUALITY_DISPLAY"/>
			<graphic mimeType="jpg" url="AM%20143%20fol/42/THUMBNAIL" width="200px" height="289px"/>
			<graphic mimeType="jpg" url="AM%20143%20fol/42/SECONDARY_DISPLAY" width="2681px" height="3876px"/>
			<graphic mimeType="pdf" url="AM%20143%20fol/42/WEB_DISPLAY"/>
		</surface>
		<surface xml:id="AM02-0143-0019v" n="43">
			<desc>0019v</desc>
			<graphic mimeType="pdf" url="AM%20143%20fol/43/HIGH_QUALITY_DISPLAY"/>
			<graphic mimeType="jpg" url="AM%20143%20fol/43/THUMBNAIL" width="200px" height="289px"/>
			<graphic mimeType="jpg" url="AM%20143%20fol/43/SECONDARY_DISPLAY" width="2681px" height="3876px"/>
			<graphic mimeType="pdf" url="AM%20143%20fol/43/WEB_DISPLAY"/>
		</surface>
		<surface xml:id="AM02-0143-0020r" n="44">
			<desc>0020r</desc>
			<graphic mimeType="pdf" url="AM%20143%20fol/44/HIGH_QUALITY_DISPLAY"/>
			<graphic mimeType="jpg" url="AM%20143%20fol/44/THUMBNAIL" width="200px" height="289px"/>
			<graphic mimeType="jpg" url="AM%20143%20fol/44/SECONDARY_DISPLAY" width="2681px" height="3876px"/>
			<graphic mimeType="pdf" url="AM%20143%20fol/44/WEB_DISPLAY"/>
		</surface>
		<surface xml:id="AM02-0143-0020v" n="45">
			<desc>0020v</desc>
			<graphic mimeType="pdf" url="AM%20143%20fol/45/HIGH_QUALITY_DISPLAY"/>
			<graphic mimeType="jpg" url="AM%20143%20fol/45/THUMBNAIL" width="200px" height="289px"/>
			<graphic mimeType="jpg" url="AM%20143%20fol/45/SECONDARY_DISPLAY" width="2681px" height="3876px"/>
			<graphic mimeType="pdf" url="AM%20143%20fol/45/WEB_DISPLAY"/>
		</surface>
		<surface xml:id="AM02-0143-0021r" n="46">
			<desc>0021r</desc>
			<graphic mimeType="pdf" url="AM%20143%20fol/46/HIGH_QUALITY_DISPLAY"/>
			<graphic mimeType="jpg" url="AM%20143%20fol/46/THUMBNAIL" width="200px" height="289px"/>
			<graphic mimeType="jpg" url="AM%20143%20fol/46/SECONDARY_DISPLAY" width="2681px" height="3876px"/>
			<graphic mimeType="pdf" url="AM%20143%20fol/46/WEB_DISPLAY"/>
		</surface>
		<surface xml:id="AM02-0143-0021v" n="47">
			<desc>0021v</desc>
			<graphic mimeType="pdf" url="AM%20143%20fol/47/HIGH_QUALITY_DISPLAY"/>
			<graphic mimeType="jpg" url="AM%20143%20fol/47/THUMBNAIL" width="200px" height="289px"/>
			<graphic mimeType="jpg" url="AM%20143%20fol/47/SECONDARY_DISPLAY" width="2681px" height="3876px"/>
			<graphic mimeType="pdf" url="AM%20143%20fol/47/WEB_DISPLAY"/>
		</surface>
		<surface xml:id="AM02-0143-0022r" n="48">
			<desc>0022r</desc>
			<graphic mimeType="pdf" url="AM%20143%20fol/48/HIGH_QUALITY_DISPLAY"/>
			<graphic mimeType="jpg" url="AM%20143%20fol/48/THUMBNAIL" width="200px" height="289px"/>
			<graphic mimeType="jpg" url="AM%20143%20fol/48/SECONDARY_DISPLAY" width="2681px" height="3876px"/>
			<graphic mimeType="pdf" url="AM%20143%20fol/48/WEB_DISPLAY"/>
		</surface>
		<surface xml:id="AM02-0143-0022v" n="49">
			<desc>0022v</desc>
			<graphic mimeType="pdf" url="AM%20143%20fol/49/HIGH_QUALITY_DISPLAY"/>
			<graphic mimeType="jpg" url="AM%20143%20fol/49/THUMBNAIL" width="200px" height="289px"/>
			<graphic mimeType="jpg" url="AM%20143%20fol/49/SECONDARY_DISPLAY" width="2681px" height="3876px"/>
			<graphic mimeType="pdf" url="AM%20143%20fol/49/WEB_DISPLAY"/>
		</surface>
		<surface xml:id="AM02-0143-0023r" n="50">
			<desc>0023r</desc>
			<graphic mimeType="pdf" url="AM%20143%20fol/50/HIGH_QUALITY_DISPLAY"/>
			<graphic mimeType="jpg" url="AM%20143%20fol/50/THUMBNAIL" width="200px" height="289px"/>
			<graphic mimeType="jpg" url="AM%20143%20fol/50/SECONDARY_DISPLAY" width="2681px" height="3876px"/>
			<graphic mimeType="pdf" url="AM%20143%20fol/50/WEB_DISPLAY"/>
		</surface>
		<surface xml:id="AM02-0143-0023v" n="51">
			<desc>0023v</desc>
			<graphic mimeType="pdf" url="AM%20143%20fol/51/HIGH_QUALITY_DISPLAY"/>
			<graphic mimeType="jpg" url="AM%20143%20fol/51/THUMBNAIL" width="200px" height="289px"/>
			<graphic mimeType="jpg" url="AM%20143%20fol/51/SECONDARY_DISPLAY" width="2681px" height="3876px"/>
			<graphic mimeType="pdf" url="AM%20143%20fol/51/WEB_DISPLAY"/>
		</surface>
		<surface xml:id="AM02-0143-0024r" n="52">
			<desc>0024r</desc>
			<graphic mimeType="pdf" url="AM%20143%20fol/52/HIGH_QUALITY_DISPLAY"/>
			<graphic mimeType="jpg" url="AM%20143%20fol/52/THUMBNAIL" width="200px" height="289px"/>
			<graphic mimeType="jpg" url="AM%20143%20fol/52/SECONDARY_DISPLAY" width="2681px" height="3876px"/>
			<graphic mimeType="pdf" url="AM%20143%20fol/52/WEB_DISPLAY"/>
		</surface>
		<surface xml:id="AM02-0143-0024v" n="53">
			<desc>0024v</desc>
			<graphic mimeType="pdf" url="AM%20143%20fol/53/HIGH_QUALITY_DISPLAY"/>
			<graphic mimeType="jpg" url="AM%20143%20fol/53/THUMBNAIL" width="200px" height="289px"/>
			<graphic mimeType="jpg" url="AM%20143%20fol/53/SECONDARY_DISPLAY" width="2681px" height="3876px"/>
			<graphic mimeType="pdf" url="AM%20143%20fol/53/WEB_DISPLAY"/>
		</surface>
		<surface xml:id="AM02-0143-0025r" n="54">
			<desc>0025r</desc>
			<graphic mimeType="pdf" url="AM%20143%20fol/54/HIGH_QUALITY_DISPLAY"/>
			<graphic mimeType="jpg" url="AM%20143%20fol/54/THUMBNAIL" width="200px" height="289px"/>
			<graphic mimeType="jpg" url="AM%20143%20fol/54/SECONDARY_DISPLAY" width="2681px" height="3876px"/>
			<graphic mimeType="pdf" url="AM%20143%20fol/54/WEB_DISPLAY"/>
		</surface>
		<surface xml:id="AM02-0143-0025v" n="55">
			<desc>0025v</desc>
			<graphic mimeType="pdf" url="AM%20143%20fol/55/HIGH_QUALITY_DISPLAY"/>
			<graphic mimeType="jpg" url="AM%20143%20fol/55/THUMBNAIL" width="200px" height="289px"/>
			<graphic mimeType="jpg" url="AM%20143%20fol/55/SECONDARY_DISPLAY" width="2681px" height="3876px"/>
			<graphic mimeType="pdf" url="AM%20143%20fol/55/WEB_DISPLAY"/>
		</surface>
		<surface xml:id="AM02-0143-0026r" n="56">
			<desc>0026r</desc>
			<graphic mimeType="pdf" url="AM%20143%20fol/56/HIGH_QUALITY_DISPLAY"/>
			<graphic mimeType="jpg" url="AM%20143%20fol/56/THUMBNAIL" width="200px" height="289px"/>
			<graphic mimeType="jpg" url="AM%20143%20fol/56/SECONDARY_DISPLAY" width="2681px" height="3876px"/>
			<graphic mimeType="pdf" url="AM%20143%20fol/56/WEB_DISPLAY"/>
		</surface>
		<surface xml:id="AM02-0143-0026v" n="57">
			<desc>0026v</desc>
			<graphic mimeType="pdf" url="AM%20143%20fol/57/HIGH_QUALITY_DISPLAY"/>
			<graphic mimeType="jpg" url="AM%20143%20fol/57/THUMBNAIL" width="200px" height="289px"/>
			<graphic mimeType="jpg" url="AM%20143%20fol/57/SECONDARY_DISPLAY" width="2681px" height="3876px"/>
			<graphic mimeType="pdf" url="AM%20143%20fol/57/WEB_DISPLAY"/>
		</surface>
		<surface xml:id="AM02-0143-0027r" n="58">
			<desc>0027r</desc>
			<graphic mimeType="pdf" url="AM%20143%20fol/58/HIGH_QUALITY_DISPLAY"/>
			<graphic mimeType="jpg" url="AM%20143%20fol/58/THUMBNAIL" width="200px" height="289px"/>
			<graphic mimeType="jpg" url="AM%20143%20fol/58/SECONDARY_DISPLAY" width="2681px" height="3876px"/>
			<graphic mimeType="pdf" url="AM%20143%20fol/58/WEB_DISPLAY"/>
		</surface>
		<surface xml:id="AM02-0143-0027v" n="59">
			<desc>0027v</desc>
			<graphic mimeType="pdf" url="AM%20143%20fol/59/HIGH_QUALITY_DISPLAY"/>
			<graphic mimeType="jpg" url="AM%20143%20fol/59/THUMBNAIL" width="200px" height="289px"/>
			<graphic mimeType="jpg" url="AM%20143%20fol/59/SECONDARY_DISPLAY" width="2681px" height="3876px"/>
			<graphic mimeType="pdf" url="AM%20143%20fol/59/WEB_DISPLAY"/>
		</surface>
		<surface xml:id="AM02-0143-0028r" n="60">
			<desc>0028r</desc>
			<graphic mimeType="pdf" url="AM%20143%20fol/60/HIGH_QUALITY_DISPLAY"/>
			<graphic mimeType="jpg" url="AM%20143%20fol/60/THUMBNAIL" width="200px" height="289px"/>
			<graphic mimeType="jpg" url="AM%20143%20fol/60/SECONDARY_DISPLAY" width="2681px" height="3876px"/>
			<graphic mimeType="pdf" url="AM%20143%20fol/60/WEB_DISPLAY"/>
		</surface>
		<surface xml:id="AM02-0143-0028v" n="61">
			<desc>0028v</desc>
			<graphic mimeType="pdf" url="AM%20143%20fol/61/HIGH_QUALITY_DISPLAY"/>
			<graphic mimeType="jpg" url="AM%20143%20fol/61/THUMBNAIL" width="200px" height="289px"/>
			<graphic mimeType="jpg" url="AM%20143%20fol/61/SECONDARY_DISPLAY" width="2681px" height="3876px"/>
			<graphic mimeType="pdf" url="AM%20143%20fol/61/WEB_DISPLAY"/>
		</surface>
		<surface xml:id="AM02-0143-0029r" n="62">
			<desc>0029r</desc>
			<graphic mimeType="pdf" url="AM%20143%20fol/62/HIGH_QUALITY_DISPLAY"/>
			<graphic mimeType="jpg" url="AM%20143%20fol/62/THUMBNAIL" width="200px" height="289px"/>
			<graphic mimeType="jpg" url="AM%20143%20fol/62/SECONDARY_DISPLAY" width="2681px" height="3876px"/>
			<graphic mimeType="pdf" url="AM%20143%20fol/62/WEB_DISPLAY"/>
		</surface>
		<surface xml:id="AM02-0143-0029v" n="63">
			<desc>0029v</desc>
			<graphic mimeType="pdf" url="AM%20143%20fol/63/HIGH_QUALITY_DISPLAY"/>
			<graphic mimeType="jpg" url="AM%20143%20fol/63/THUMBNAIL" width="200px" height="289px"/>
			<graphic mimeType="jpg" url="AM%20143%20fol/63/SECONDARY_DISPLAY" width="2681px" height="3876px"/>
			<graphic mimeType="pdf" url="AM%20143%20fol/63/WEB_DISPLAY"/>
		</surface>
		<surface xml:id="AM02-0143-0030r" n="64">
			<desc>0030r</desc>
			<graphic mimeType="pdf" url="AM%20143%20fol/64/HIGH_QUALITY_DISPLAY"/>
			<graphic mimeType="jpg" url="AM%20143%20fol/64/THUMBNAIL" width="200px" height="289px"/>
			<graphic mimeType="jpg" url="AM%20143%20fol/64/SECONDARY_DISPLAY" width="2681px" height="3876px"/>
			<graphic mimeType="pdf" url="AM%20143%20fol/64/WEB_DISPLAY"/>
		</surface>
		<surface xml:id="AM02-0143-0030v" n="65">
			<desc>0030v</desc>
			<graphic mimeType="pdf" url="AM%20143%20fol/65/HIGH_QUALITY_DISPLAY"/>
			<graphic mimeType="jpg" url="AM%20143%20fol/65/THUMBNAIL" width="200px" height="289px"/>
			<graphic mimeType="jpg" url="AM%20143%20fol/65/SECONDARY_DISPLAY" width="2681px" height="3876px"/>
			<graphic mimeType="pdf" url="AM%20143%20fol/65/WEB_DISPLAY"/>
		</surface>
		<surface xml:id="AM02-0143-0031r" n="66">
			<desc>0031r</desc>
			<graphic mimeType="pdf" url="AM%20143%20fol/66/HIGH_QUALITY_DISPLAY"/>
			<graphic mimeType="jpg" url="AM%20143%20fol/66/THUMBNAIL" width="200px" height="289px"/>
			<graphic mimeType="jpg" url="AM%20143%20fol/66/SECONDARY_DISPLAY" width="2681px" height="3876px"/>
			<graphic mimeType="pdf" url="AM%20143%20fol/66/WEB_DISPLAY"/>
		</surface>
		<surface xml:id="AM02-0143-0031v" n="67">
			<desc>0031v</desc>
			<graphic mimeType="pdf" url="AM%20143%20fol/67/HIGH_QUALITY_DISPLAY"/>
			<graphic mimeType="jpg" url="AM%20143%20fol/67/THUMBNAIL" width="200px" height="289px"/>
			<graphic mimeType="jpg" url="AM%20143%20fol/67/SECONDARY_DISPLAY" width="2681px" height="3876px"/>
			<graphic mimeType="pdf" url="AM%20143%20fol/67/WEB_DISPLAY"/>
		</surface>
		<surface xml:id="AM02-0143-0032r" n="68">
			<desc>0032r</desc>
			<graphic mimeType="pdf" url="AM%20143%20fol/68/HIGH_QUALITY_DISPLAY"/>
			<graphic mimeType="jpg" url="AM%20143%20fol/68/THUMBNAIL" width="200px" height="289px"/>
			<graphic mimeType="jpg" url="AM%20143%20fol/68/SECONDARY_DISPLAY" width="2681px" height="3876px"/>
			<graphic mimeType="pdf" url="AM%20143%20fol/68/WEB_DISPLAY"/>
		</surface>
		<surface xml:id="AM02-0143-0032v" n="69">
			<desc>0032v</desc>
			<graphic mimeType="pdf" url="AM%20143%20fol/69/HIGH_QUALITY_DISPLAY"/>
			<graphic mimeType="jpg" url="AM%20143%20fol/69/THUMBNAIL" width="200px" height="280px"/>
			<graphic mimeType="jpg" url="AM%20143%20fol/69/SECONDARY_DISPLAY" width="3168px" height="4440px"/>
			<graphic mimeType="pdf" url="AM%20143%20fol/69/WEB_DISPLAY"/>
		</surface>
		<surface xml:id="AM02-0143-0033r" n="70">
			<desc>0033r</desc>
			<graphic mimeType="pdf" url="AM%20143%20fol/70/HIGH_QUALITY_DISPLAY"/>
			<graphic mimeType="jpg" url="AM%20143%20fol/70/THUMBNAIL" width="200px" height="280px"/>
			<graphic mimeType="jpg" url="AM%20143%20fol/70/SECONDARY_DISPLAY" width="3169px" height="4440px"/>
			<graphic mimeType="pdf" url="AM%20143%20fol/70/WEB_DISPLAY"/>
		</surface>
		<surface xml:id="AM02-0143-0033v" n="71">
			<desc>0033v</desc>
			<graphic mimeType="pdf" url="AM%20143%20fol/71/HIGH_QUALITY_DISPLAY"/>
			<graphic mimeType="jpg" url="AM%20143%20fol/71/THUMBNAIL" width="200px" height="289px"/>
			<graphic mimeType="jpg" url="AM%20143%20fol/71/SECONDARY_DISPLAY" width="2681px" height="3876px"/>
			<graphic mimeType="pdf" url="AM%20143%20fol/71/WEB_DISPLAY"/>
		</surface>
		<surface xml:id="AM02-0143-0034r" n="72">
			<desc>0034r</desc>
			<graphic mimeType="pdf" url="AM%20143%20fol/72/HIGH_QUALITY_DISPLAY"/>
			<graphic mimeType="jpg" url="AM%20143%20fol/72/THUMBNAIL" width="200px" height="289px"/>
			<graphic mimeType="jpg" url="AM%20143%20fol/72/SECONDARY_DISPLAY" width="2681px" height="3876px"/>
			<graphic mimeType="pdf" url="AM%20143%20fol/72/WEB_DISPLAY"/>
		</surface>
		<surface xml:id="AM02-0143-0034v" n="73">
			<desc>0034v</desc>
			<graphic mimeType="pdf" url="AM%20143%20fol/73/HIGH_QUALITY_DISPLAY"/>
			<graphic mimeType="jpg" url="AM%20143%20fol/73/THUMBNAIL" width="200px" height="289px"/>
			<graphic mimeType="jpg" url="AM%20143%20fol/73/SECONDARY_DISPLAY" width="2681px" height="3876px"/>
			<graphic mimeType="pdf" url="AM%20143%20fol/73/WEB_DISPLAY"/>
		</surface>
		<surface xml:id="AM02-0143-9901r-RearFlyleaf" n="74">
			<desc>9901r-RearFlyleaf</desc>
			<graphic mimeType="pdf" url="AM%20143%20fol/74/HIGH_QUALITY_DISPLAY"/>
			<graphic mimeType="jpg" url="AM%20143%20fol/74/THUMBNAIL" width="200px" height="289px"/>
			<graphic mimeType="jpg" url="AM%20143%20fol/74/SECONDARY_DISPLAY" width="2681px" height="3876px"/>
			<graphic mimeType="pdf" url="AM%20143%20fol/74/WEB_DISPLAY"/>
		</surface>
		<surface xml:id="AM02-0143-9901v-RearFlyleaf" n="75">
			<desc>9901v-RearFlyleaf</desc>
			<graphic mimeType="pdf" url="AM%20143%20fol/75/HIGH_QUALITY_DISPLAY"/>
			<graphic mimeType="jpg" url="AM%20143%20fol/75/THUMBNAIL" width="200px" height="289px"/>
			<graphic mimeType="jpg" url="AM%20143%20fol/75/SECONDARY_DISPLAY" width="2681px" height="3876px"/>
			<graphic mimeType="pdf" url="AM%20143%20fol/75/WEB_DISPLAY"/>
		</surface>
		<surface xml:id="AM02-0143-9902r-RearFlyleaf" n="76">
			<desc>9902r-RearFlyleaf</desc>
			<graphic mimeType="pdf" url="AM%20143%20fol/76/HIGH_QUALITY_DISPLAY"/>
			<graphic mimeType="jpg" url="AM%20143%20fol/76/THUMBNAIL" width="200px" height="289px"/>
			<graphic mimeType="jpg" url="AM%20143%20fol/76/SECONDARY_DISPLAY" width="2681px" height="3876px"/>
			<graphic mimeType="pdf" url="AM%20143%20fol/76/WEB_DISPLAY"/>
		</surface>
		<surface xml:id="AM02-0143-9902v-RearFlyleaf" n="77">
			<desc>9902v-RearFlyleaf</desc>
			<graphic mimeType="pdf" url="AM%20143%20fol/77/HIGH_QUALITY_DISPLAY"/>
			<graphic mimeType="jpg" url="AM%20143%20fol/77/THUMBNAIL" width="200px" height="289px"/>
			<graphic mimeType="jpg" url="AM%20143%20fol/77/SECONDARY_DISPLAY" width="2681px" height="3876px"/>
			<graphic mimeType="pdf" url="AM%20143%20fol/77/WEB_DISPLAY"/>
		</surface>
		<surface xml:id="AM02-0143-9999r-RearBoard" n="78">
			<desc>9999r-RearBoard</desc>
			<graphic mimeType="pdf" url="AM%20143%20fol/78/HIGH_QUALITY_DISPLAY"/>
			<graphic mimeType="jpg" url="AM%20143%20fol/78/THUMBNAIL" width="200px" height="289px"/>
			<graphic mimeType="jpg" url="AM%20143%20fol/78/SECONDARY_DISPLAY" width="2681px" height="3876px"/>
			<graphic mimeType="pdf" url="AM%20143%20fol/78/WEB_DISPLAY"/>
		</surface>
		<surface xml:id="AM02-0143-9999v-RearBoard" n="79">
			<desc>9999v-RearBoard</desc>
			<graphic mimeType="pdf" url="AM%20143%20fol/79/HIGH_QUALITY_DISPLAY"/>
			<graphic mimeType="jpg" url="AM%20143%20fol/79/THUMBNAIL" width="200px" height="264px"/>
			<graphic mimeType="jpg" url="AM%20143%20fol/79/SECONDARY_DISPLAY" width="3012px" height="3972px"/>
			<graphic mimeType="pdf" url="AM%20143%20fol/79/WEB_DISPLAY"/>
		</surface>
		<surface xml:id="AM02-0143-ccp-colour-control-patch" n="80">
			<desc>ccp-colour control patch</desc>
			<graphic mimeType="pdf" url="AM%20143%20fol/80/HIGH_QUALITY_DISPLAY"/>
			<graphic mimeType="jpg" url="AM%20143%20fol/80/THUMBNAIL" width="187px" height="300px"/>
			<graphic mimeType="jpg" url="AM%20143%20fol/80/SECONDARY_DISPLAY" width="1752px" height="2808px"/>
			<graphic mimeType="pdf" url="AM%20143%20fol/80/WEB_DISPLAY"/>
		</surface>
	</facsimile>
	<text>
		<body>

			<p/>
		</body>
	</text>
</TEI>