<?xml version="1.0" encoding="UTF-8"?>
<?oxygen RNGSchema="http://www.handrit.is/schema/handrit-1.0.rnc" type="compact"?><TEI xmlns="http://www.tei-c.org/ns/1.0">
   <teiHeader>
      <fileDesc>
         <titleStmt>
            <title type="main">AM 20 c fol.</title>
         </titleStmt>
         <publicationStmt>
            <authority>Den Arnamagnæanske Samling</authority>
            <pubPlace>København</pubPlace>
         </publicationStmt>
         <sourceDesc>
            <msDesc xml:id="AM02-0020-c-da" xml:lang="da">
               <msIdentifier>
                  <country>Danmark</country>
                  <settlement>København</settlement>
                  <repository>Den Arnamagnæanske Samling</repository>
                  <idno>AM 20 c fol.</idno>
                  <altIdentifier type="internal" subtype="KKKat">
                     <idno>33</idno>
                  </altIdentifier>
               </msIdentifier>
               <head>
                  <title type="uniform" xml:lang="da">Arne Magnussons optegnelser vedrørende
                     håndskrifter af Knytlinga saga og andet der vedkommer denne saga</title>;
                     <origPlace>Island/Danmark</origPlace>, <origDate notBefore="1675" notAfter="1725" evidence="conjecture" resp="KKKat">ca. 1700</origDate>.</head>
               <msContents>
                  <msItem>
                     <title type="uniform" xml:lang="da">Arne Magnussons optegnelser vedrørende
                        håndskrifter af Knytlinga saga og andet der vedkommer denne saga</title>
                     <textLang mainLang="is">Islandsk</textLang>
                  </msItem>
               </msContents>
               <physDesc>
                  <objectDesc form="codex">
                     <supportDesc material="chart">
                        <support>
                           <p>
                              <material>Papir</material>.</p>
                        </support>
                        <extent>35. <dimensions type="leaf" scope="all" unit="mm">
                              <height>207</height>
                              <width>160</width>
                           </dimensions>.</extent>
                        <foliation>Folieret 1-35 med blåt blæk af <name type="person" key="KriKaa001">Kålund</name>.</foliation>
                     </supportDesc>
                  </objectDesc>
                  <handDesc hands="1">
                     <handNote scope="major" scribe="ArnMag001" script="unknown">
                        <p>Nedskrevet af <name type="person" key="ArnMag001">Arne Magnusson</name>
                           eller hans skrivere, på oprindelige løse blade og sedler.</p>
                     </handNote>
                  </handDesc>
                  <bindingDesc>
                     <binding contemporary="false">
                        <p>BD-standardbind med lærredsryg og -hjørner samt lærredsovertræk fra <date when="1981">1981</date>. <name type="person" key="KriKaa001">Kålund</name>s kommentar fra et tidligere bind er skåret ud fra den
                           gamle forsats og indsat på forpermen. Bindstørrelse: <dimensions type="binding" unit="mm">
                              <height>215</height>
                              <width>185</width>
                              <depth>13</depth>
                           </dimensions>
                        </p>
                     </binding>
                     <binding contemporary="false">
                        <p>Oprindeligt lå bladene løse, indtil de blev samlet og indbundet i <name type="person" key="KriKaa001">Kålund</name>s
                           tid. Bladene blev indbundet i <date notBefore="1880" notAfter="1889">1880'erne</date> i et halvbind med lærredsryg og -hjørner samt
                           overtræk af blankt kammarmor. Kålund noterede datoen <date when="1885-06-10">10/6-85</date> på forsatsen. Det vides ikke om dette
                           bind stadig eksisterer.</p>
                     </binding>
                  </bindingDesc>
               </physDesc>
            </msDesc>
         </sourceDesc>
      </fileDesc>
   </teiHeader>
   <facsimile>
      <surface/>
   </facsimile>
</TEI>