<?xml version="1.0" encoding="UTF-8"?>
<?oxygen RNGSchema="http://www.handrit.is/schema/handrit-1.0.rnc" type="compact"?>
<TEI xmlns="http://www.tei-c.org/ns/1.0">
   <teiHeader>
      <fileDesc>
         <titleStmt>
            <title>Handritaskrá Árnastofnunar</title>
         </titleStmt>
         <publicationStmt>
            <p>Tilraunaútgáfa</p>
         </publicationStmt>
         <sourceDesc>
            <msDesc xml:lang="is" xml:id="AM02-0111-is">
               <msIdentifier>
                  <country key="IS">Ísland</country>
                  <settlement>Reykjavík</settlement>
                  <institution>Stofnun Árna Magnússonar í íslenskum fræðum</institution>
                  <repository>Handritasvið</repository>
                  <collection>Safn Árna Magnússonar</collection>
                  <idno>AM 111 fol.</idno>
                  <altIdentifier type="internal" subtype="KKKat">
                     <idno>130</idno>
                  </altIdentifier>
               </msIdentifier>

               <msContents xml:lang="is">
                  <textLang mainLang="is">Íslenska</textLang>
                  <msItem class="forn landn" defective="false">
                     <locus from="1r" facs="#AM02-0111-0001r" to="18v">1r-18v</locus>
                     <title type="uniform">Landnámabók</title>
                     <rubric>Upphaf Íslands byggðar og annarra byggða í kringum landið</rubric>
                     <incipit>Svo segir Beda prestur í aldarfarsbók þeirri …</incipit>
                     <explicit>… Ketill hinn fíflski. En landið var alheiðið 10 vetur.</explicit>
                     <note>
                        <p>Þetta er Skarðsárbókargerð Landnámu.</p>
                        <p>Án viðauka.</p>
                     </note>
                  </msItem>
               </msContents>
               <physDesc>
                  <objectDesc form="codex">
                     <supportDesc material="chart">
                        <support>
                        	<p>Pappír með vatnsmerkjum.</p>
                        	<p>
                        		<watermark n="1">
                        			Vatnsmerki 1. Aðalmerki:
                        			<ref target="watermark:U">Skjaldarmerki Amsterdam</ref>
                        			(
                        			<locus from="1r" to="1v">1</locus>
                        			,
                        			<locus from="3r" to="3v">3</locus>
                        			,
                        			<locus from="5r" to="6v">5-6</locus>
                        			,
                        			<locus from="9r" to="9v">9</locus>
                        			,
                        			<locus from="10r" to="10v">10</locus>
                        			,
                        			<locus from="12r" to="12v">12</locus>
                        			,
                        			<locus from="14r" to="14v">14</locus>
                        			,
                        			<locus from="17r" to="17v">17</locus>
                        			,
                        			<locus from="18r" to="18v">18</locus>
                        			)
                        			// Mótmerki:
                        			<ref target="watermark:X2">Fangamark IB?</ref>
                        			(
                        			<locus from="2r" to="2v">2</locus>
                        			,
                        			<locus from="4r" to="4v">4</locus>
                        			,
                        			<locus from="7r" to="8v">7-8</locus>
                        			,
                        			<locus from="11r" to="11v">11</locus>
                        			,
                        			<locus from="13r" to="13v">13</locus>
                        			,
                        			<locus from="15r" to="15v">15</locus>
                        			,
                        			<locus from="16r" to="16v">16</locus>
                        			,
                        			Fangamörkin eru nokkuð óljós en virðast standa fyrir IB).
                        		</watermark>
                        	</p>
                        </support>
                        <extent>i + 18 + i blöð (<dimensions type="leaf" unit="mm" scope="all">
                              <height>323</height>
                              <width>210</width>
                           </dimensions>).</extent>
                        <foliation>
                           <p>Handritið hefur verið blaðmerkt síðar, 1-18.</p>
                        </foliation>
                        <collation>
                           <p>Fjögur kver.
                              <list>
                                 <item>Kver I: bl. 1-4, 2 tvinn.</item>
                                 <item>Kver II: bl. 5-8, 2 tvinn.</item>
                                 <item>Kver III: bl. 9-16, 4 tvinn.</item>
                                 <item>Kver IV: bl. 17-18, 1 tvinn.</item>
                              </list>
                           </p>
                        </collation>
                        <condition>
                           <p>Handritið hefur trosnað á jöðrum en gert hefur verið við það.
                                    Sumar spássíugreinar hafa skerst.</p>
                        </condition>
                     </supportDesc>
                     <layoutDesc>
                        <layout columns="1" writtenLines="38 45">
                           <p>
                              <list>
                                 <item>Eindálka.</item>
                                 <item>Leturflötur er ca <dimensions type="written" unit="mm">
                                       <height>285-292</height>
                                       <width>165-170</width>
                                    </dimensions>.</item>
                                 <item>Línufjöldi er 38-45.</item>
                                 <item>
                                    <catchwords>Griporð.</catchwords>
                                 </item>
                              </list>
                           </p>
                        </layout>
                     </layoutDesc>
                  </objectDesc>
                  <handDesc hands="1">
                     <handNote scope="sole" script="kurrent" scribe="unknown">Óþekktur skrifari,
                        fljótaskrift.</handNote>
                  </handDesc>
                  <decoDesc>
                     <decoNote type="paratext" subtype="flourished">Pennaflúraðar fyrirsagnir og með
                        stærra letri á bl. <locus from="1r" facs="#AM02-0111-0001r" to="1r">1r</locus>, <locus from="4v" facs="#AM02-0111-0004v" to="4v">4v</locus>, <locus from="1r" facs="#AM02-0111-0001r" to="1r">1r</locus>, <locus from="9r" facs="#AM02-0111-0009r" to="9r">9r</locus>, <locus from="13v" facs="#AM02-0111-0013v" to="13v">13v</locus>, <locus from="16r" facs="#AM02-0111-0016r" to="16r">16r</locus>.</decoNote>
                     <decoNote type="initial" subtype="flourished">Skreyttir upphafsstafir á bl.
                           <locus from="1r" facs="#AM02-0111-0001r" to="1r">1r</locus> (S), <locus from="4v" facs="#AM02-0111-0004v" to="4v">4v</locus> (K), <locus from="9r" facs="#AM02-0111-0009r" to="9r">9r</locus> (G), <locus from="13v" facs="#AM02-0111-0013v" to="13v">13v</locus> (G), <locus from="16r" facs="#AM02-0111-0016r" to="16r">16r</locus> (E).</decoNote>
                     <decoNote type="frieze" subtype="tail-piece">Lítill bókahnútur á bl. <locus from="13v" facs="#AM02-0111-0013v" to="13v">13v</locus> og <locus from="18v" facs="#AM02-0111-0018v" to="18v">18v</locus>.</decoNote>
                     <decoNote type="secondary">Sums staðar örlítið pennaflúr undir
                     griporðum.</decoNote>
                  </decoDesc>
                  <additions>Skýringar, athugasemdir og ártöl með hendi skrifara á spássíum.</additions>
                  <bindingDesc>
                     <binding when="1974-03" contemporary="false">
                        <p>Band frá því í mars 1974 (<dimensions type="binding" unit="mm">
                                    <height>328</height>
                                    <width>239</width>
                                    <depth>15</depth>
                                 </dimensions>). Pappaspjöld klædd fínofnum líndúk. Grófari dúkur á
                                 kili og hornum. Saumað á móttök. Saurblöð tilheyra bandi. Handritið liggur í öskju ásamt gömlu bandi.</p>
                     </binding>
                     <binding notBefore="1772" notAfter="1780" contemporary="false">
                        <p>&amp;gt;Gamalt pappaband frá 1772-1780 fylgir. Blár safnmarksmiði á
                                 kili.</p>
                     </binding>
                  </bindingDesc>
                  <accMat>
                     <p>
                        <list>
                           <item>Fastur <locus from="accMat01r" facs="#AM02-0111-accMat01r" to="accMat01v">seðill</locus>
                                 (<dimensions type="slip" unit="mm">
                                 <height>147</height>
                                 <width>146</width>
                                 </dimensions>) fremst með hendi <name type="person" key="ArnMag001">Árna Magnússonar</name> um uppruna handritsins. <quote type="AMSlip" xml:lang="is">Þessi Landnámabók er úttekin úr blöðum frá Sigurði Björnssyni lögmanni, hvar á voru Árna biskups saga og fleira. Er grei exemplar.</quote></item>
                           <item>Athugasemd á <locus from="0000v-FB" facs="#AM02-0111-0000v-FB" to="0000v-FB">miða</locus> sem límdur hefur verið innan á kápu um að héðan hafi
                              verið tekinn seðill <name key="ArnMag001" type="person">Árna
                                 Magnússonar</name> og settur í <ref target="AM02-0104" type="ms">AM
                                 104 fol. þar sem hann á heima.</ref>
                           </item>
                           <item>Laus <locus from="addMat01r" facs="#AM02-0111-addMat01r" to="addMat01v">seðill</locus> frá Kaupmannahöfn með upplýsingum um
                           forvörslu.</item>
                        </list>
                     </p>
                  </accMat>
               </physDesc>
               <history>
                  <origin notBefore="1600" notAfter="1677">
                     <p>Handritið var skrifað á <origPlace key="IS">Íslandi</origPlace>.
                              Það er tímasett til <origDate notBefore="1600" notAfter="1677">ca 1600-1677</origDate>, en til 17. aldar í <bibl>
                                 <ref target="KKKat">Katalog I</ref>
                              </bibl>, bls. 73. Það var e.t.v. áður hluti af stærri bók sem innihélt <ref target="AM02-0217a" type="ms">AM 217 a fol.</ref>, <ref target="AM02-0217b">AM 217 b fol.</ref>, <ref target="AM020217c" type="ms">AM 217 c fol.</ref> og Eddukvæði (sbr. bl. <locus from="1r" facs="#AM02-0111-0001r" to="1r">1r</locus> í <ref target="AM02-0217a" type="ms">AM 217 a fol.</ref>).</p>
                           <p>Uppskrift byggð á <ref target="AM02-0104" type="ms">AM 104
                              fol.</ref> og eftirgerðum þess.</p>
                  </origin>
                  <!-- AM 217 a-c fol. eru hlutar úr enn stærra handriti, því á forsíðu a segir: 
                     <q>Sögubók lögmannsins Herra Sigurðar Jónssonar. Continens Saga Árna biskups Þorlákssonar. Landnáma. Hólmverja. 
                     Víga Glúms. Hávarðs halta og hans sonar. Ólafs Bjarníls. Sæmundar Edda hvor eð inniheldur Völuspá duobus modis. 
                     Hávamál með Rúnatals þætti Óðins. Vafþrúðnis mál. Grimnis mál. Skírnis mál. Harbarsljóð. Hymis kviða. Egisdrekka.</q>
                     Kålund segir að annað sé ekki til úr handritinu, en bendir á Landnámu í AM 111 fol., sem varla fær staðist. (MJ) -->
                  <provenance>
                     <p>
                        <name key="ArnMag001" type="person">Árni Magnússon</name> fékk handritið úr
                        blöðum frá <name key="SigBjo001" type="person">Sigurði Björnssyni</name>
                        lögmanni, en þau blöð eru nú flest í <ref>AM 217 a-c fol.</ref>. Sigurður
                        erfði blöðin eftir tengdaföður sinn <name key="SigJon009" type="person">Sigurð Jónsson</name> lögmann í Einarsnesi, sem átti bókina sem þau
                        tilheyrðu (sbr. bl. 1a í <ref type="ms" target="AM02-0217a">AM 217 a
                        fol.</ref>).</p>
                  </provenance>
                  <acquisition when="1974-09-11">
                     <p>Stofnun Árna Magnússonar á Íslandi tók við handritinu 11. september
                     1974.</p>
                  </acquisition>
               </history>
               <additional>
                  <adminInfo>
                     <recordHist>
                        <source>
                           <p><name type="person" key="ThoSig001">ÞS</name> skráði samkvæmt
                                    reglum TEI P5<date from="2008-12-08" to="2009-03-02">8. desember
                                       2008 - 2. mars 2009</date> og síðar.
                                    <name type="person" key="DriThr001">DKÞ</name> færði inn
                                    grunnupplýsingar <date when="2001-11-19">19. nóvember
                                    2001</date>. <name key="ThuSig002" type="person">ÞÓS</name> skráði <date when="2020-06-05">5. júní 2020</date>.
                                    <name type="person" key="KriKaa001">Kålund</name> gekk frá
                                    handritinu til skráningar <date when="1885-10-28"> 28. október
                                       1885</date> (sjá <bibl>
                                       <ref target="KKKat">Katalog I 1889:73 (nr. 130)</ref>
                                    </bibl>.
                           </p>
                        </source>
                     </recordHist>
                     <custodialHist>
                        <custEvent type="conservation" when="1974-03">
                           <p>Viðgert og bundið af <name key="BirDal001" type="person">Birgitte
                              Dall</name> í mars 1974.</p>
                        </custEvent>
                        <custEvent type="conservation" notBefore="1772" notAfter="1780">
                           <p><name key="MatBlo001" type="person">Mattias Larsen
                              Bloch</name> batt á árunum 1772-1780. Það band fylgir í öskju með
                              handritinu.</p>
                        </custEvent>
                     </custodialHist>
                  </adminInfo>
                  <surrogates>
                     <p>
                        <list>
                           <item>Stafrænar myndir á www.sagnanet.is.</item>
                           <item>Svart-hvítar ljósmyndir á Det Arnamagnæanske Institut í
                              Kaupmannahöfn.</item>
                           <item>Ljósprent í <bibl>
                                 <ref>Landnámabók. Íslenzk Handrit, Series in folio III</ref>
                              </bibl> (1974).</item>
                        </list>
                     </p>
                  </surrogates>
                 <listBibl>
                     <bibl><ref type="secondary-3" target="AntR">Antiquités Russes</ref><biblScope type="volume">II</biblScope><biblScope type="pages">231</biblScope>;</bibl>
                     <bibl><ref type="secondary-3" target="GHM">Grönlands historiske
                           mindesmærker</ref><biblScope type="volume">I</biblScope><biblScope type="pages">51</biblScope>;</bibl>
                 	<bibl>Guðrún Ása Grímsdóttir<ref type="secondary-2" target="GuðGrí2008a"/></bibl>
                     <bibl>Hast, <ref type="secondary" target="BiblArn23">Pappershandskrifterna till
                           Harðar saga</ref><biblScope type="volume">XXIII</biblScope><biblScope type="pages">157, 158</biblScope>;</bibl>
                     <bibl><ref>Íslendinga sögur</ref>, 1829, <biblScope type="pages">9-10</biblScope>;</bibl>
                     <bibl>Jakob Benediktsson, <ref type="secondary" target="RitHI1">Skarðsárbók</ref>1958<biblScope type="pages">xixnm</biblScope>;</bibl>
                     <bibl><ref type="secondary-2" target="IslSog1-4">Íslendinga sögur</ref>, 1843,
                           <biblScope type="pages">xxxi-xxxii</biblScope>;</bibl>
                     <bibl>Jakob Benediktsson, <ref>Arngrimi Jonae Opera Latine
                           conscripta</ref><biblScope type="volume">IV</biblScope><biblScope type="pages">430, 432, 435, 441, 446-450, 456-459</biblScope>;</bibl>
                     <bibl><ref>Landnámabók</ref>, 1774;</bibl>
                     <bibl>Maurer, <ref>Arkiv för nordisk filologi</ref><biblScope type="volume">iv</biblScope><biblScope type="pages">287</biblScope>;</bibl>
                 	<bibl>Ólafur Halldórsson, <ref type="secondary-3" target="ÓlaHal1978a">Grænland í
                           miðaldaritum</ref><biblScope type="pages">248</biblScope>;</bibl>
                     <bibl>Ólafur Halldórsson, <ref type="secondary-2" target="EA-A3">Ólafs saga
                           Tryggvasonar en mesta</ref><biblScope type="volume">III</biblScope><biblScope type="pages">xvii, cxxxv-cxxxvi,
                           cxlvi-cxlviii, ccxcii, ccxciii, cccix.</biblScope>;</bibl>
                 	<bibl>Ranković, S. 2019, <ref target="SlaRan2019a">Traversing the space of the oral-written continuum : medially connotative back-referring 
                 		formulae in Landnámabók</ref></bibl>
                     <bibl>Þorleifur Hauksson, <ref type="secondary-3" target="Rit2">Inngangur</ref><biblScope type="pages">xlv</biblScope>.</bibl>
                           </listBibl>
               </additional>
            </msDesc>
         </sourceDesc>
      </fileDesc>
      <revisionDesc>
         <change when="2008-10" who="#EriHas01">Migrated from MASTER to P5</change>
      </revisionDesc>
   </teiHeader>
	<facsimile xml:base="https://myndir.handrit.is/file/Handrit.is/">
		<surface xml:id="AM02-0111-0000r-FB" n="0">
			<desc>0000r-FB</desc>
			<graphic mimeType="pdf" url="AM%20111%20fol/0/HIGH_QUALITY_DISPLAY"/>
			<graphic mimeType="jpg" url="AM%20111%20fol/0/THUMBNAIL" width="200px" height="269px"/>
			<graphic mimeType="jpg" url="AM%20111%20fol/0/SECONDARY_DISPLAY" width="3216px" height="4320px"/>
			<graphic mimeType="pdf" url="AM%20111%20fol/0/WEB_DISPLAY"/>
		</surface>
		<surface xml:id="AM02-0111-0000v-FB" n="1">
			<desc>0000v-FB</desc>
			<graphic mimeType="pdf" url="AM%20111%20fol/1/HIGH_QUALITY_DISPLAY"/>
			<graphic mimeType="jpg" url="AM%20111%20fol/1/THUMBNAIL" width="200px" height="276px"/>
			<graphic mimeType="jpg" url="AM%20111%20fol/1/SECONDARY_DISPLAY" width="3131px" height="4320px"/>
			<graphic mimeType="pdf" url="AM%20111%20fol/1/WEB_DISPLAY"/>
		</surface>
		<surface xml:id="AM02-0111-0001r-FFl" n="2">
			<desc>0001r-FFl</desc>
			<graphic mimeType="pdf" url="AM%20111%20fol/2/HIGH_QUALITY_DISPLAY"/>
			<graphic mimeType="jpg" url="AM%20111%20fol/2/THUMBNAIL" width="200px" height="276px"/>
			<graphic mimeType="jpg" url="AM%20111%20fol/2/SECONDARY_DISPLAY" width="3131px" height="4320px"/>
			<graphic mimeType="pdf" url="AM%20111%20fol/2/WEB_DISPLAY"/>
		</surface>
		<surface xml:id="AM02-0111-0001v-FFl" n="3">
			<desc>0001v-FFl</desc>
			<graphic mimeType="pdf" url="AM%20111%20fol/3/HIGH_QUALITY_DISPLAY"/>
			<graphic mimeType="jpg" url="AM%20111%20fol/3/THUMBNAIL" width="200px" height="271px"/>
			<graphic mimeType="jpg" url="AM%20111%20fol/3/SECONDARY_DISPLAY" width="3132px" height="4236px"/>
			<graphic mimeType="pdf" url="AM%20111%20fol/3/WEB_DISPLAY"/>
		</surface>
		<surface xml:id="AM02-0111-accMat01r" n="4">
			<desc>accMat01r</desc>
			<graphic mimeType="pdf" url="AM%20111%20fol/4/HIGH_QUALITY_DISPLAY"/>
			<graphic mimeType="jpg" url="AM%20111%20fol/4/THUMBNAIL" width="200px" height="200px"/>
			<graphic mimeType="jpg" url="AM%20111%20fol/4/SECONDARY_DISPLAY" width="2028px" height="2028px"/>
			<graphic mimeType="pdf" url="AM%20111%20fol/4/WEB_DISPLAY"/>
		</surface>
		<surface xml:id="AM02-0111-accMat01v" n="5">
			<desc>accMat01v</desc>
			<graphic mimeType="pdf" url="AM%20111%20fol/5/HIGH_QUALITY_DISPLAY"/>
			<graphic mimeType="jpg" url="AM%20111%20fol/5/THUMBNAIL" width="200px" height="200px"/>
			<graphic mimeType="jpg" url="AM%20111%20fol/5/SECONDARY_DISPLAY" width="2028px" height="2028px"/>
			<graphic mimeType="pdf" url="AM%20111%20fol/5/WEB_DISPLAY"/>
		</surface>
		<surface xml:id="AM02-0111-0001r" n="6">
			<desc>0001r</desc>
			<graphic mimeType="pdf" url="AM%20111%20fol/6/HIGH_QUALITY_DISPLAY"/>
			<graphic mimeType="jpg" url="AM%20111%20fol/6/THUMBNAIL" width="200px" height="285px"/>
			<graphic mimeType="jpg" url="AM%20111%20fol/6/SECONDARY_DISPLAY" width="2988px" height="4260px"/>
			<graphic mimeType="pdf" url="AM%20111%20fol/6/WEB_DISPLAY"/>
		</surface>
		<surface xml:id="AM02-0111-0001v" n="7">
			<desc>0001v</desc>
			<graphic mimeType="pdf" url="AM%20111%20fol/7/HIGH_QUALITY_DISPLAY"/>
			<graphic mimeType="jpg" url="AM%20111%20fol/7/THUMBNAIL" width="196px" height="300px"/>
			<graphic mimeType="jpg" url="AM%20111%20fol/7/SECONDARY_DISPLAY" width="2789px" height="4260px"/>
			<graphic mimeType="pdf" url="AM%20111%20fol/7/WEB_DISPLAY"/>
		</surface>
		<surface xml:id="AM02-0111-0002r" n="8">
			<desc>0002r</desc>
			<graphic mimeType="pdf" url="AM%20111%20fol/8/HIGH_QUALITY_DISPLAY"/>
			<graphic mimeType="jpg" url="AM%20111%20fol/8/THUMBNAIL" width="196px" height="300px"/>
			<graphic mimeType="jpg" url="AM%20111%20fol/8/SECONDARY_DISPLAY" width="2789px" height="4260px"/>
			<graphic mimeType="pdf" url="AM%20111%20fol/8/WEB_DISPLAY"/>
		</surface>
		<surface xml:id="AM02-0111-0002v" n="9">
			<desc>0002v</desc>
			<graphic mimeType="pdf" url="AM%20111%20fol/9/HIGH_QUALITY_DISPLAY"/>
			<graphic mimeType="jpg" url="AM%20111%20fol/9/THUMBNAIL" width="196px" height="300px"/>
			<graphic mimeType="jpg" url="AM%20111%20fol/9/SECONDARY_DISPLAY" width="2789px" height="4260px"/>
			<graphic mimeType="pdf" url="AM%20111%20fol/9/WEB_DISPLAY"/>
		</surface>
		<surface xml:id="AM02-0111-0003r" n="10">
			<desc>0003r</desc>
			<graphic mimeType="pdf" url="AM%20111%20fol/10/HIGH_QUALITY_DISPLAY"/>
			<graphic mimeType="jpg" url="AM%20111%20fol/10/THUMBNAIL" width="196px" height="300px"/>
			<graphic mimeType="jpg" url="AM%20111%20fol/10/SECONDARY_DISPLAY" width="2789px" height="4260px"/>
			<graphic mimeType="pdf" url="AM%20111%20fol/10/WEB_DISPLAY"/>
		</surface>
		<surface xml:id="AM02-0111-0003v" n="11">
			<desc>0003v</desc>
			<graphic mimeType="pdf" url="AM%20111%20fol/11/HIGH_QUALITY_DISPLAY"/>
			<graphic mimeType="jpg" url="AM%20111%20fol/11/THUMBNAIL" width="196px" height="300px"/>
			<graphic mimeType="jpg" url="AM%20111%20fol/11/SECONDARY_DISPLAY" width="2789px" height="4260px"/>
			<graphic mimeType="pdf" url="AM%20111%20fol/11/WEB_DISPLAY"/>
		</surface>
		<surface xml:id="AM02-0111-0004r" n="12">
			<desc>0004r</desc>
			<graphic mimeType="pdf" url="AM%20111%20fol/12/HIGH_QUALITY_DISPLAY"/>
			<graphic mimeType="jpg" url="AM%20111%20fol/12/THUMBNAIL" width="196px" height="300px"/>
			<graphic mimeType="jpg" url="AM%20111%20fol/12/SECONDARY_DISPLAY" width="2789px" height="4260px"/>
			<graphic mimeType="pdf" url="AM%20111%20fol/12/WEB_DISPLAY"/>
		</surface>
		<surface xml:id="AM02-0111-0004v" n="13">
			<desc>0004v</desc>
			<graphic mimeType="pdf" url="AM%20111%20fol/13/HIGH_QUALITY_DISPLAY"/>
			<graphic mimeType="jpg" url="AM%20111%20fol/13/THUMBNAIL" width="196px" height="300px"/>
			<graphic mimeType="jpg" url="AM%20111%20fol/13/SECONDARY_DISPLAY" width="2789px" height="4260px"/>
			<graphic mimeType="pdf" url="AM%20111%20fol/13/WEB_DISPLAY"/>
		</surface>
		<surface xml:id="AM02-0111-0005r" n="14">
			<desc>0005r</desc>
			<graphic mimeType="pdf" url="AM%20111%20fol/14/HIGH_QUALITY_DISPLAY"/>
			<graphic mimeType="jpg" url="AM%20111%20fol/14/THUMBNAIL" width="196px" height="300px"/>
			<graphic mimeType="jpg" url="AM%20111%20fol/14/SECONDARY_DISPLAY" width="2789px" height="4260px"/>
			<graphic mimeType="pdf" url="AM%20111%20fol/14/WEB_DISPLAY"/>
		</surface>
		<surface xml:id="AM02-0111-0005v" n="15">
			<desc>0005v</desc>
			<graphic mimeType="pdf" url="AM%20111%20fol/15/HIGH_QUALITY_DISPLAY"/>
			<graphic mimeType="jpg" url="AM%20111%20fol/15/THUMBNAIL" width="196px" height="300px"/>
			<graphic mimeType="jpg" url="AM%20111%20fol/15/SECONDARY_DISPLAY" width="2789px" height="4260px"/>
			<graphic mimeType="pdf" url="AM%20111%20fol/15/WEB_DISPLAY"/>
		</surface>
		<surface xml:id="AM02-0111-0006r" n="16">
			<desc>0006r</desc>
			<graphic mimeType="pdf" url="AM%20111%20fol/16/HIGH_QUALITY_DISPLAY"/>
			<graphic mimeType="jpg" url="AM%20111%20fol/16/THUMBNAIL" width="196px" height="300px"/>
			<graphic mimeType="jpg" url="AM%20111%20fol/16/SECONDARY_DISPLAY" width="2789px" height="4260px"/>
			<graphic mimeType="pdf" url="AM%20111%20fol/16/WEB_DISPLAY"/>
		</surface>
		<surface xml:id="AM02-0111-0006v" n="17">
			<desc>0006v</desc>
			<graphic mimeType="pdf" url="AM%20111%20fol/17/HIGH_QUALITY_DISPLAY"/>
			<graphic mimeType="jpg" url="AM%20111%20fol/17/THUMBNAIL" width="196px" height="300px"/>
			<graphic mimeType="jpg" url="AM%20111%20fol/17/SECONDARY_DISPLAY" width="2789px" height="4260px"/>
			<graphic mimeType="pdf" url="AM%20111%20fol/17/WEB_DISPLAY"/>
		</surface>
		<surface xml:id="AM02-0111-0007r" n="18">
			<desc>0007r</desc>
			<graphic mimeType="pdf" url="AM%20111%20fol/18/HIGH_QUALITY_DISPLAY"/>
			<graphic mimeType="jpg" url="AM%20111%20fol/18/THUMBNAIL" width="196px" height="300px"/>
			<graphic mimeType="jpg" url="AM%20111%20fol/18/SECONDARY_DISPLAY" width="2789px" height="4260px"/>
			<graphic mimeType="pdf" url="AM%20111%20fol/18/WEB_DISPLAY"/>
		</surface>
		<surface xml:id="AM02-0111-0007v" n="19">
			<desc>0007v</desc>
			<graphic mimeType="pdf" url="AM%20111%20fol/19/HIGH_QUALITY_DISPLAY"/>
			<graphic mimeType="jpg" url="AM%20111%20fol/19/THUMBNAIL" width="197px" height="300px"/>
			<graphic mimeType="jpg" url="AM%20111%20fol/19/SECONDARY_DISPLAY" width="2801px" height="4260px"/>
			<graphic mimeType="pdf" url="AM%20111%20fol/19/WEB_DISPLAY"/>
		</surface>
		<surface xml:id="AM02-0111-0008r" n="20">
			<desc>0008r</desc>
			<graphic mimeType="pdf" url="AM%20111%20fol/20/HIGH_QUALITY_DISPLAY"/>
			<graphic mimeType="jpg" url="AM%20111%20fol/20/THUMBNAIL" width="197px" height="300px"/>
			<graphic mimeType="jpg" url="AM%20111%20fol/20/SECONDARY_DISPLAY" width="2801px" height="4260px"/>
			<graphic mimeType="pdf" url="AM%20111%20fol/20/WEB_DISPLAY"/>
		</surface>
		<surface xml:id="AM02-0111-0008v" n="21">
			<desc>0008v</desc>
			<graphic mimeType="pdf" url="AM%20111%20fol/21/HIGH_QUALITY_DISPLAY"/>
			<graphic mimeType="jpg" url="AM%20111%20fol/21/THUMBNAIL" width="197px" height="300px"/>
			<graphic mimeType="jpg" url="AM%20111%20fol/21/SECONDARY_DISPLAY" width="2801px" height="4260px"/>
			<graphic mimeType="pdf" url="AM%20111%20fol/21/WEB_DISPLAY"/>
		</surface>
		<surface xml:id="AM02-0111-0009r" n="22">
			<desc>0009r</desc>
			<graphic mimeType="pdf" url="AM%20111%20fol/22/HIGH_QUALITY_DISPLAY"/>
			<graphic mimeType="jpg" url="AM%20111%20fol/22/THUMBNAIL" width="197px" height="300px"/>
			<graphic mimeType="jpg" url="AM%20111%20fol/22/SECONDARY_DISPLAY" width="2801px" height="4260px"/>
			<graphic mimeType="pdf" url="AM%20111%20fol/22/WEB_DISPLAY"/>
		</surface>
		<surface xml:id="AM02-0111-0009v" n="23">
			<desc>0009v</desc>
			<graphic mimeType="pdf" url="AM%20111%20fol/23/HIGH_QUALITY_DISPLAY"/>
			<graphic mimeType="jpg" url="AM%20111%20fol/23/THUMBNAIL" width="197px" height="300px"/>
			<graphic mimeType="jpg" url="AM%20111%20fol/23/SECONDARY_DISPLAY" width="2801px" height="4260px"/>
			<graphic mimeType="pdf" url="AM%20111%20fol/23/WEB_DISPLAY"/>
		</surface>
		<surface xml:id="AM02-0111-0010r" n="24">
			<desc>0010r</desc>
			<graphic mimeType="pdf" url="AM%20111%20fol/24/HIGH_QUALITY_DISPLAY"/>
			<graphic mimeType="jpg" url="AM%20111%20fol/24/THUMBNAIL" width="197px" height="300px"/>
			<graphic mimeType="jpg" url="AM%20111%20fol/24/SECONDARY_DISPLAY" width="2801px" height="4260px"/>
			<graphic mimeType="pdf" url="AM%20111%20fol/24/WEB_DISPLAY"/>
		</surface>
		<surface xml:id="AM02-0111-0010v" n="25">
			<desc>0010v</desc>
			<graphic mimeType="pdf" url="AM%20111%20fol/25/HIGH_QUALITY_DISPLAY"/>
			<graphic mimeType="jpg" url="AM%20111%20fol/25/THUMBNAIL" width="197px" height="300px"/>
			<graphic mimeType="jpg" url="AM%20111%20fol/25/SECONDARY_DISPLAY" width="2801px" height="4260px"/>
			<graphic mimeType="pdf" url="AM%20111%20fol/25/WEB_DISPLAY"/>
		</surface>
		<surface xml:id="AM02-0111-0011r" n="26">
			<desc>0011r</desc>
			<graphic mimeType="pdf" url="AM%20111%20fol/26/HIGH_QUALITY_DISPLAY"/>
			<graphic mimeType="jpg" url="AM%20111%20fol/26/THUMBNAIL" width="197px" height="300px"/>
			<graphic mimeType="jpg" url="AM%20111%20fol/26/SECONDARY_DISPLAY" width="2801px" height="4260px"/>
			<graphic mimeType="pdf" url="AM%20111%20fol/26/WEB_DISPLAY"/>
		</surface>
		<surface xml:id="AM02-0111-0011v" n="27">
			<desc>0011v</desc>
			<graphic mimeType="pdf" url="AM%20111%20fol/27/HIGH_QUALITY_DISPLAY"/>
			<graphic mimeType="jpg" url="AM%20111%20fol/27/THUMBNAIL" width="197px" height="300px"/>
			<graphic mimeType="jpg" url="AM%20111%20fol/27/SECONDARY_DISPLAY" width="2801px" height="4260px"/>
			<graphic mimeType="pdf" url="AM%20111%20fol/27/WEB_DISPLAY"/>
		</surface>
		<surface xml:id="AM02-0111-0012r" n="28">
			<desc>0012r</desc>
			<graphic mimeType="pdf" url="AM%20111%20fol/28/HIGH_QUALITY_DISPLAY"/>
			<graphic mimeType="jpg" url="AM%20111%20fol/28/THUMBNAIL" width="197px" height="300px"/>
			<graphic mimeType="jpg" url="AM%20111%20fol/28/SECONDARY_DISPLAY" width="2801px" height="4260px"/>
			<graphic mimeType="pdf" url="AM%20111%20fol/28/WEB_DISPLAY"/>
		</surface>
		<surface xml:id="AM02-0111-0012v" n="29">
			<desc>0012v</desc>
			<graphic mimeType="pdf" url="AM%20111%20fol/29/HIGH_QUALITY_DISPLAY"/>
			<graphic mimeType="jpg" url="AM%20111%20fol/29/THUMBNAIL" width="197px" height="300px"/>
			<graphic mimeType="jpg" url="AM%20111%20fol/29/SECONDARY_DISPLAY" width="2801px" height="4260px"/>
			<graphic mimeType="pdf" url="AM%20111%20fol/29/WEB_DISPLAY"/>
		</surface>
		<surface xml:id="AM02-0111-0013r" n="30">
			<desc>0013r</desc>
			<graphic mimeType="pdf" url="AM%20111%20fol/30/HIGH_QUALITY_DISPLAY"/>
			<graphic mimeType="jpg" url="AM%20111%20fol/30/THUMBNAIL" width="197px" height="300px"/>
			<graphic mimeType="jpg" url="AM%20111%20fol/30/SECONDARY_DISPLAY" width="2801px" height="4260px"/>
			<graphic mimeType="pdf" url="AM%20111%20fol/30/WEB_DISPLAY"/>
		</surface>
		<surface xml:id="AM02-0111-0013v" n="31">
			<desc>0013v</desc>
			<graphic mimeType="pdf" url="AM%20111%20fol/31/HIGH_QUALITY_DISPLAY"/>
			<graphic mimeType="jpg" url="AM%20111%20fol/31/THUMBNAIL" width="197px" height="300px"/>
			<graphic mimeType="jpg" url="AM%20111%20fol/31/SECONDARY_DISPLAY" width="2801px" height="4260px"/>
			<graphic mimeType="pdf" url="AM%20111%20fol/31/WEB_DISPLAY"/>
		</surface>
		<surface xml:id="AM02-0111-0014r" n="32">
			<desc>0014r</desc>
			<graphic mimeType="pdf" url="AM%20111%20fol/32/HIGH_QUALITY_DISPLAY"/>
			<graphic mimeType="jpg" url="AM%20111%20fol/32/THUMBNAIL" width="197px" height="300px"/>
			<graphic mimeType="jpg" url="AM%20111%20fol/32/SECONDARY_DISPLAY" width="2801px" height="4260px"/>
			<graphic mimeType="pdf" url="AM%20111%20fol/32/WEB_DISPLAY"/>
		</surface>
		<surface xml:id="AM02-0111-0014v" n="33">
			<desc>0014v</desc>
			<graphic mimeType="pdf" url="AM%20111%20fol/33/HIGH_QUALITY_DISPLAY"/>
			<graphic mimeType="jpg" url="AM%20111%20fol/33/THUMBNAIL" width="197px" height="300px"/>
			<graphic mimeType="jpg" url="AM%20111%20fol/33/SECONDARY_DISPLAY" width="2801px" height="4260px"/>
			<graphic mimeType="pdf" url="AM%20111%20fol/33/WEB_DISPLAY"/>
		</surface>
		<surface xml:id="AM02-0111-0015r" n="34">
			<desc>0015r</desc>
			<graphic mimeType="pdf" url="AM%20111%20fol/34/HIGH_QUALITY_DISPLAY"/>
			<graphic mimeType="jpg" url="AM%20111%20fol/34/THUMBNAIL" width="197px" height="300px"/>
			<graphic mimeType="jpg" url="AM%20111%20fol/34/SECONDARY_DISPLAY" width="2801px" height="4260px"/>
			<graphic mimeType="pdf" url="AM%20111%20fol/34/WEB_DISPLAY"/>
		</surface>
		<surface xml:id="AM02-0111-0015v" n="35">
			<desc>0015v</desc>
			<graphic mimeType="pdf" url="AM%20111%20fol/35/HIGH_QUALITY_DISPLAY"/>
			<graphic mimeType="jpg" url="AM%20111%20fol/35/THUMBNAIL" width="194px" height="300px"/>
			<graphic mimeType="jpg" url="AM%20111%20fol/35/SECONDARY_DISPLAY" width="2759px" height="4260px"/>
			<graphic mimeType="pdf" url="AM%20111%20fol/35/WEB_DISPLAY"/>
		</surface>
		<surface xml:id="AM02-0111-0016r" n="36">
			<desc>0016r</desc>
			<graphic mimeType="pdf" url="AM%20111%20fol/36/HIGH_QUALITY_DISPLAY"/>
			<graphic mimeType="jpg" url="AM%20111%20fol/36/THUMBNAIL" width="194px" height="300px"/>
			<graphic mimeType="jpg" url="AM%20111%20fol/36/SECONDARY_DISPLAY" width="2759px" height="4260px"/>
			<graphic mimeType="pdf" url="AM%20111%20fol/36/WEB_DISPLAY"/>
		</surface>
		<surface xml:id="AM02-0111-0016v" n="37">
			<desc>0016v</desc>
			<graphic mimeType="pdf" url="AM%20111%20fol/37/HIGH_QUALITY_DISPLAY"/>
			<graphic mimeType="jpg" url="AM%20111%20fol/37/THUMBNAIL" width="196px" height="300px"/>
			<graphic mimeType="jpg" url="AM%20111%20fol/37/SECONDARY_DISPLAY" width="2789px" height="4260px"/>
			<graphic mimeType="pdf" url="AM%20111%20fol/37/WEB_DISPLAY"/>
		</surface>
		<surface xml:id="AM02-0111-0017r" n="38">
			<desc>0017r</desc>
			<graphic mimeType="pdf" url="AM%20111%20fol/38/HIGH_QUALITY_DISPLAY"/>
			<graphic mimeType="jpg" url="AM%20111%20fol/38/THUMBNAIL" width="196px" height="300px"/>
			<graphic mimeType="jpg" url="AM%20111%20fol/38/SECONDARY_DISPLAY" width="2789px" height="4260px"/>
			<graphic mimeType="pdf" url="AM%20111%20fol/38/WEB_DISPLAY"/>
		</surface>
		<surface xml:id="AM02-0111-0017v" n="39">
			<desc>0017v</desc>
			<graphic mimeType="pdf" url="AM%20111%20fol/39/HIGH_QUALITY_DISPLAY"/>
			<graphic mimeType="jpg" url="AM%20111%20fol/39/THUMBNAIL" width="198px" height="300px"/>
			<graphic mimeType="jpg" url="AM%20111%20fol/39/SECONDARY_DISPLAY" width="2813px" height="4260px"/>
			<graphic mimeType="pdf" url="AM%20111%20fol/39/WEB_DISPLAY"/>
		</surface>
		<surface xml:id="AM02-0111-0018r" n="40">
			<desc>0018r</desc>
			<graphic mimeType="pdf" url="AM%20111%20fol/40/HIGH_QUALITY_DISPLAY"/>
			<graphic mimeType="jpg" url="AM%20111%20fol/40/THUMBNAIL" width="198px" height="300px"/>
			<graphic mimeType="jpg" url="AM%20111%20fol/40/SECONDARY_DISPLAY" width="2813px" height="4260px"/>
			<graphic mimeType="pdf" url="AM%20111%20fol/40/WEB_DISPLAY"/>
		</surface>
		<surface xml:id="AM02-0111-0018v" n="41">
			<desc>0018v</desc>
			<graphic mimeType="pdf" url="AM%20111%20fol/41/HIGH_QUALITY_DISPLAY"/>
			<graphic mimeType="jpg" url="AM%20111%20fol/41/THUMBNAIL" width="200px" height="281px"/>
			<graphic mimeType="jpg" url="AM%20111%20fol/41/SECONDARY_DISPLAY" width="3035px" height="4260px"/>
			<graphic mimeType="pdf" url="AM%20111%20fol/41/WEB_DISPLAY"/>
		</surface>
		<surface xml:id="AM02-0111-9901r-RFl" n="42">
			<desc>9901r-RFl</desc>
			<graphic mimeType="pdf" url="AM%20111%20fol/42/HIGH_QUALITY_DISPLAY"/>
			<graphic mimeType="jpg" url="AM%20111%20fol/42/THUMBNAIL" width="200px" height="281px"/>
			<graphic mimeType="jpg" url="AM%20111%20fol/42/SECONDARY_DISPLAY" width="3035px" height="4260px"/>
			<graphic mimeType="pdf" url="AM%20111%20fol/42/WEB_DISPLAY"/>
		</surface>
		<surface xml:id="AM02-0111-9901v-RFl" n="43">
			<desc>9901v-RFl</desc>
			<graphic mimeType="pdf" url="AM%20111%20fol/43/HIGH_QUALITY_DISPLAY"/>
			<graphic mimeType="jpg" url="AM%20111%20fol/43/THUMBNAIL" width="200px" height="276px"/>
			<graphic mimeType="jpg" url="AM%20111%20fol/43/SECONDARY_DISPLAY" width="3083px" height="4260px"/>
			<graphic mimeType="pdf" url="AM%20111%20fol/43/WEB_DISPLAY"/>
		</surface>
		<surface xml:id="AM02-0111-9999r-RB" n="44">
			<desc>9999r-RB</desc>
			<graphic mimeType="pdf" url="AM%20111%20fol/44/HIGH_QUALITY_DISPLAY"/>
			<graphic mimeType="jpg" url="AM%20111%20fol/44/THUMBNAIL" width="200px" height="276px"/>
			<graphic mimeType="jpg" url="AM%20111%20fol/44/SECONDARY_DISPLAY" width="3083px" height="4260px"/>
			<graphic mimeType="pdf" url="AM%20111%20fol/44/WEB_DISPLAY"/>
		</surface>
		<surface xml:id="AM02-0111-9999v-RB" n="45">
			<desc>9999v-RB</desc>
			<graphic mimeType="pdf" url="AM%20111%20fol/45/HIGH_QUALITY_DISPLAY"/>
			<graphic mimeType="jpg" url="AM%20111%20fol/45/THUMBNAIL" width="200px" height="265px"/>
			<graphic mimeType="jpg" url="AM%20111%20fol/45/SECONDARY_DISPLAY" width="3240px" height="4296px"/>
			<graphic mimeType="pdf" url="AM%20111%20fol/45/WEB_DISPLAY"/>
		</surface>
		<surface xml:id="AM02-0111-addMat01r" n="46">
			<desc>addMat01r</desc>
			<graphic mimeType="pdf" url="AM%20111%20fol/46/HIGH_QUALITY_DISPLAY"/>
			<graphic mimeType="jpg" url="AM%20111%20fol/46/THUMBNAIL" width="200px" height="291px"/>
			<graphic mimeType="jpg" url="AM%20111%20fol/46/SECONDARY_DISPLAY" width="2952px" height="4296px"/>
			<graphic mimeType="pdf" url="AM%20111%20fol/46/WEB_DISPLAY"/>
		</surface>
		<surface xml:id="AM02-0111-addMat01v" n="47">
			<desc>addMat01v</desc>
			<graphic mimeType="pdf" url="AM%20111%20fol/47/HIGH_QUALITY_DISPLAY"/>
			<graphic mimeType="jpg" url="AM%20111%20fol/47/THUMBNAIL" width="200px" height="299px"/>
			<graphic mimeType="jpg" url="AM%20111%20fol/47/SECONDARY_DISPLAY" width="2873px" height="4296px"/>
			<graphic mimeType="pdf" url="AM%20111%20fol/47/WEB_DISPLAY"/>
		</surface>
		<surface xml:id="AM02-0111-addMat02r" n="48">
			<desc>addMat02r</desc>
			<graphic mimeType="pdf" url="AM%20111%20fol/48/HIGH_QUALITY_DISPLAY"/>
			<graphic mimeType="jpg" url="AM%20111%20fol/48/THUMBNAIL" width="200px" height="299px"/>
			<graphic mimeType="jpg" url="AM%20111%20fol/48/SECONDARY_DISPLAY" width="2873px" height="4296px"/>
			<graphic mimeType="pdf" url="AM%20111%20fol/48/WEB_DISPLAY"/>
		</surface>
		<surface xml:id="AM02-0111-addMat02v" n="49">
			<desc>addMat02v</desc>
			<graphic mimeType="pdf" url="AM%20111%20fol/49/HIGH_QUALITY_DISPLAY"/>
			<graphic mimeType="jpg" url="AM%20111%20fol/49/THUMBNAIL" width="200px" height="299px"/>
			<graphic mimeType="jpg" url="AM%20111%20fol/49/SECONDARY_DISPLAY" width="2873px" height="4296px"/>
			<graphic mimeType="pdf" url="AM%20111%20fol/49/WEB_DISPLAY"/>
		</surface>
		<surface xml:id="AM02-0111-addMat03r" n="50">
			<desc>addMat03r</desc>
			<graphic mimeType="pdf" url="AM%20111%20fol/50/HIGH_QUALITY_DISPLAY"/>
			<graphic mimeType="jpg" url="AM%20111%20fol/50/THUMBNAIL" width="200px" height="299px"/>
			<graphic mimeType="jpg" url="AM%20111%20fol/50/SECONDARY_DISPLAY" width="2873px" height="4296px"/>
			<graphic mimeType="pdf" url="AM%20111%20fol/50/WEB_DISPLAY"/>
		</surface>
		<surface xml:id="AM02-0111-addMat03v" n="51">
			<desc>addMat03v</desc>
			<graphic mimeType="pdf" url="AM%20111%20fol/51/HIGH_QUALITY_DISPLAY"/>
			<graphic mimeType="jpg" url="AM%20111%20fol/51/THUMBNAIL" width="200px" height="292px"/>
			<graphic mimeType="jpg" url="AM%20111%20fol/51/SECONDARY_DISPLAY" width="2940px" height="4296px"/>
			<graphic mimeType="pdf" url="AM%20111%20fol/51/WEB_DISPLAY"/>
		</surface>
		<surface xml:id="AM02-0111-ccp" n="52">
			<desc>ccp</desc>
			<graphic mimeType="pdf" url="AM%20111%20fol/52/HIGH_QUALITY_DISPLAY"/>
			<graphic mimeType="jpg" url="AM%20111%20fol/52/THUMBNAIL" width="200px" height="299px"/>
			<graphic mimeType="jpg" url="AM%20111%20fol/52/SECONDARY_DISPLAY" width="1836px" height="2748px"/>
			<graphic mimeType="pdf" url="AM%20111%20fol/52/WEB_DISPLAY"/>
		</surface>
	</facsimile>
	<text>
      <body>

         <p/>
      </body>
   </text>
</TEI>