<?xml version="1.0" encoding="UTF-8"?>
<TEI xmlns="http://www.tei-c.org/ns/1.0">
   <teiHeader>
      <fileDesc>
         <titleStmt>
            <title>Handritaskrá Árnastofnunar</title>
         </titleStmt>
         <publicationStmt>
            <p>Tilraunaútgáfa</p>
         </publicationStmt>
         <sourceDesc>
            <msDesc xml:lang="is" xml:id="AM02-0122c-is">
               <msIdentifier>
                  <country key="IS">Ísland</country>
                  <settlement>Reykjavík</settlement>
                  <institution>Stofnun Árna Magnússonar í íslenskum fræðum</institution>
                  <repository>Handritasvið</repository>
                  <collection>Safn Árna Magnússonar</collection>
                  <idno>AM 122 c fol.</idno>
                  <altIdentifier type="internal" subtype="KKKat">
                     <idno>151</idno>
                  </altIdentifier>
               </msIdentifier>
               <head>
                  <name type="person">Árni Magnússon</name>
                  <title type="supplied">Um handrit Sturlunga sögu</title>
                  <origPlace>Ísland</origPlace>
                  <origDate notBefore="1690" notAfter="1710" evidence="external">s. XVII/XVIII</origDate>
                  <!--<lang>Íslenska</lang>--><note/>
               </head>
               <msContents class="handfr bokmfr">
<!-- ath. efnisorð í 2. umferð --><msItem n="1">
                     <locus from="1r" to="5v">1r-5v</locus>
                     <title type="supplied">Útdráttur úr bréfaskiptum um AM 122 a fol.</title>
                  </msItem>
                  <msItem n="2">
                     <locus from="6r" to="26v">6r-26v</locus>
                     <title type="supplied">Bréfaskipti og upplýsingar um AM 122 b fol.</title>
                     <note>
                        <p/>
                        <p>Bl. 18-19 auð.</p>
                     </note>
                  </msItem>
                  <msItem n="3">
                     <locus from="27r" to="47v">27r-47v</locus>
                     <title type="supplied">Upplýsingar um ýmis handrit Sturlunga sögu</title>
                     <note>
                        <p/>
                        <p>Bl. 33, 35, 37, 39 og 47 auð.</p>
                     </note>
                  </msItem>
                  <msItem n="4">
                     <locus from="48r" to="52v">48r-52v</locus>
                     <title type="supplied">Almennar athugasemdir um Sturlunga sögu</title>
                     <note>
                        <p/>
                        <p>Bl. 51-52 auð.</p>
                     </note>
                  </msItem>
               </msContents>
               <physDesc>
                  <objectDesc form="codex">
                     <supportDesc material="chart">
                        <support>Pappír</support>
                        <extent>52 blöð (<dimensions type="leaf" unit="mm" scope="all">
                              <height>165</height>
                              <width>105</width>
                           </dimensions>).</extent>
                        <foliation>
                           <p/>
                        </foliation>
                        <collation>
                           <p/>
                        </collation>
                        <condition>
                           <p/>
                        </condition>
                     </supportDesc>
                     <layoutDesc>
                        <layout columns="1">
                           <p/>
                        </layout>
                     </layoutDesc>
                  </objectDesc>
                  <handDesc>
                     <p/>
                  </handDesc>
                  <additions>
                     <p/>
                  </additions>
                  <bindingDesc>
                     <binding contemporary="unknown">
                        <p/>
                     </binding>
                  </bindingDesc>
                  <accMat>
                     <p/>
                  </accMat>
               </physDesc>
               <history>
                  <origin notBefore="1690" notAfter="1710">
                     <p>Skrifað um 1700 af <name key="ArnMag001" type="person">Árna Magnússyni</name> og fyrir hann (<bibl>
                           <ref target="KKKat">Katalog I</ref>
                        </bibl>, bls. 88).</p>
                  </origin>
                  <provenance>
                     <p/>
                  </provenance>
                  <acquisition notBefore="1974-02-13" notAfter="1974-02-13">
                     <p>Stofnun Árna Magnússonar á Íslandi tók við handritinu 13. febrúar 1974.</p>
                  </acquisition>
               </history>
               <additional>
                  <adminInfo>
                     <recordHist>
                        <source>
                           <p>Tekið eftir <bibl>
                                 <ref target="KKKat">Katalog I</ref>
                              </bibl>, bls. 88 (nr. 151). <name key="KriKaa001" type="person">Kålund</name> gekk frá handritinu til skráningar í <date when="1885-12">desember 1885</date>. <name key="DriThr001" type="person">DKÞ</name> skráði <date when="2001-03-07">7. mars 2001</date>.</p>
                        </source>
                     </recordHist>
                     <custodialHist>
                        <custEvent type="conservation">
                           <p>Viðgert og bundið, óvíst hvenær.</p>
                        </custEvent>
                     </custodialHist>
                  </adminInfo>
                  <surrogates>
                     <p>
                        <list>
                           <item>Svart-hvítar ljósmyndir á Stofnun Árna Magnússonar á Íslandi.</item>
                           <item>Svart-hvítar ljósmyndir á Det Arnamagnæanske Institut í Kaupmannahöfn.</item>
                        </list>
                     </p>
                  </surrogates>
                  <listBibl>
                     <bibl><ref target="Rit2"></ref></bibl>
                     <bibl>Gísli Baldur Róbertsson 2996, <ref target="GísRób2006a">Snurðan á þræði Reykjafjarðarbókar</ref></bibl>
                     <bibl>Guðrún Ása Grímsdóttir 2008, <ref target="GuðGrí2008a">Ættartölusafnrit séra Þórðar Jónssonar í Hítardal</ref></bibl>
                     <bibl>Kålund, K. 1901, <ref target="KriKål1901a">Om håndskrifterne af Sturlunga Saga og dennes enkelte bestanddele</ref></bibl>
                     <bibl>Loth, A. 1977, <ref target="AgnLot1977c">Introduction Fornaldarsagas and late medieval romances AM 586 4to and AM 589 a-f 4to</ref></bibl>
                     <bibl>Margrét Eggertsdóttir 2009, <ref target="MarEgg2009a">Sturlunga í sumargjöf</ref></bibl>
                     <bibl>Már Jónsson 1998, <ref target="MárJón1998a">Árni Magnússon : ævisaga</ref></bibl>
                     <bibl>Már Jónsson 2014, <ref target="MárJón2014a">Raunir handritasafnarans : Vestfjarðaleiðangur Árna Magnússonar sumarið 1710</ref></bibl>
                     <bibl>Ólafur Halldórsson 1958, <ref target="ÓlaHal1250a">Ólafs saga Tryggvasonar en mesta</ref></bibl>
                  </listBibl>
               </additional>
            </msDesc>
         </sourceDesc>
      </fileDesc>
      <revisionDesc>
         <change when="2008-10" who="#EriHas01">Migrated from MASTER to P5</change>
      </revisionDesc>
   </teiHeader>
   <text>
      <body>
         
         <p/>
      </body>
   </text>
</TEI>