<?xml version="1.0" encoding="UTF-8"?>
<?oxygen RNGSchema="http://www.handrit.is/schema/handrit-1.0.rnc" type="compact"?>
<TEI xmlns="http://www.tei-c.org/ns/1.0">
   <teiHeader>
      <fileDesc>
         <titleStmt>
            <title>Handritaskrá Árnastofnunar</title>
         </titleStmt>
         <publicationStmt>
            <p>Tilraunaútgáfa</p>
         </publicationStmt>
         <sourceDesc>
            <msDesc xml:lang="is" xml:id="AM02-0113i-is">
               <msIdentifier>
                  <country key="IS">Ísland</country>
                  <settlement>Reykjavík</settlement>
                  <institution>Stofnun Árna Magnússonar í íslenskum fræðum</institution>
                  <repository>Handritasvið</repository>
                  <collection>Safn Árna Magnússonar</collection>
                  <idno>AM 113 i fol.</idno>
                  <altIdentifier type="internal" subtype="KKKat">
                     <idno>140</idno>
                  </altIdentifier>
               </msIdentifier>
               <msContents xml:lang="is">
                  <textLang mainLang="is">Íslenska</textLang>
                  <msItem class="forns">
                     <locus from="1r" facs="#AM02-0113i-0001r" to="18r">1r-18r</locus>
                     <author key="AriTor001">Ari Þorgilsson</author>
                     <title type="uniform">Íslendingabók</title>
                     <rubric>Schedæ Ara prests fröða</rubric>
                     <incipit>[Í]slendingabók gjörða ég fyrst biskupum vorum …</incipit>
                     <explicit>… eg heitir [!] Ari.</explicit>
                     <filiation>Eintak af A-gerð, runnið frá <ref target="AM02-0113b" type="ms">AM
                           113 b fol.</ref></filiation>
                     <note><name key="ArnMag001" type="person">Árni Magnússon</name> bar saman við
                           <ref target="AM02-0113e" type="ms">AM 113 e fol.</ref>, sem hann taldi
                        vera afrit af þessu handriti (sbr. seðil í <ref target="AM02-0113d" type="ms">AM 113
                           d fol.</ref>).</note>
                  </msItem>
               </msContents>
               <physDesc>
                  <objectDesc form="codex">
                     <supportDesc material="chart">
                        <support>Pappír.</support>
                        <extent>i + 18 + i blöð (<dimensions type="leaf" scope="all" unit="mm">
                              <height>198-200</height>
                              <width>161-162</width>
                           </dimensions>). Blað <locus from="18v" facs="#AM02-0113i-0018v" to="18v">18v</locus> er autt.</extent>
                        <foliation>
                           <p>
                              <list>
                                 <item>Handritið hefur verið blaðmerkt síðar með rauðu bleki 1-18.</item>
                                 <item>Fimmta hvert blað hefur verið merkt síðar með bleki.</item>
                              </list>
                           </p>
                        </foliation>
                        <condition><p><list><item>Bleksmitun, leturflötur hefur dökknað.</item></list></p></condition>
                     </supportDesc>
                     <layoutDesc>
                        <layout columns="1" writtenLines="17 18">
                           <p>
                              <list>
                                 <item>Eindálka.</item>
                                 <item>Leturflötur er ca <dimensions type="written" unit="mm">
                                       <height>150-155</height>
                                       <width>112-117</width>
                                    </dimensions>.</item>
                                 <item>Línufjöldi er 17-18.</item>
                                 <item>Eyður fyrir upphafsstöfum.</item>
                                 <item><catchwords>Griporð</catchwords>.</item>
                              </list>
                           </p>
                        </layout>
                     </layoutDesc>
                  </objectDesc>
                  <handDesc hands="1">
                     <handNote scope="sole" script="kanzlei" scribe="PalKet001">
                        <p>Með hendi <name type="person" key="PalKet001">Páls Ketilssonar</name> á
                              <name type="place">Staðastað</name>, kansellíbrotaskrift.</p>
                        <p/>
                     </handNote>
                  </handDesc>
                  <decoDesc>
                     <decoNote type="frieze" subtype="tail-piece">Bókahnútur á eftir athugasemdum á bl. <locus from="18r" facs="#AM02-0113i-0018r" to="18r">18r</locus>.</decoNote>
                  </decoDesc>
                  <additions>
                     <p>
                        <list>
                           <item>Bl. <locus from="18r" facs="#AM02-0113i-0018r" to="18v">18</locus> er innskotsblað með hendi
                                 <name key="ArnMag001" type="person">Árna Magnússonar</name> með niðurlagi bókarinnar.
                              Líklega skrifað eftir blaði sem hann hefur rifið frá þegar hann tók
                              bókina í sundur.</item>
                           <item>Athugagreinar um tímatal (landnám og lagaskrif) á bl. <locus from="18r" facs="#AM02-0113i-0018r" to="18r">18r</locus>, ef til vill eftir skrifara <name type="person" key="PalKet001">Pál Ketilsson</name> en með hendi Árna Magnússonar. Þar kemur fyrir ártalið 1681.</item>
                           <item>Athugagrein um fæðingar- og dánarár Ara fróða á bl. <locus from="1r" facs="#AM02-0113i-0001r" to="1r">1r</locus>, líklega með hendi skrifara.</item>
                        </list>
                     </p>
                  </additions>
                  <bindingDesc>
                     <binding notBefore="1772" notAfter="1780" contemporary="false">
                        <p>Band frá árunum 1772-1780 (<dimensions type="binding" unit="mm">
                              <height>198</height>
                              <width>162</width>
                              <depth>5</depth>
                           </dimensions>). Pappaspjöld klædd handunnum pappír. Titill og safnmark
                           skrifað framan á kápu. Blár safnmarksmiði á kili.</p>
                     </binding>
                  </bindingDesc>
                  <accMat>
                     <p>Fastur <locus from="accMat01r" facs="#AM02-0113i-accMat01r" to="accMat01v">seðill</locus> fremst með
                        hendi <name key="ArnMag001" type="person">Árna Magnússonar</name> með
                        upplýsingum um uppruna og feril o.fl.</p>
                  </accMat>
               </physDesc>
               <history>
                  <origin when="1681">
                     <p>
                        <list>
                           <item>Handritið var skrifað á <origPlace key="IS">Íslandi</origPlace>
                              árið <origDate when="1681">1681</origDate> (sbr. bl. <locus from="18r" facs="#AM02-0113i-0018r" to="18r">18r</locus>).</item>
                           <item>Það var upprunalega hluti af stærri bók sem innihélt einnig a.m.k.
                                 <ref target="AM04-0554h" type="ms">AM 554 h 4to</ref> og <ref target="AM04-0613c" type="ms">AM 613 c 4to</ref> (sbr. <locus from="accMat01r" facs="#AM02-0113i-accMat01r" to="accMat01r">seðil</locus>).</item>
                        </list>
                     </p>
                  </origin>
                  <provenance notBefore="1702" notAfter="1712"><p>
                        <name key="ArnMag001" type="person">Árni Magnússon</name> fékk bókina sem
                        handritið tilheyrði frá <name key="GudTho006" type="person">Guðmundi
                           Þorleifssyni</name> í <name type="place" key="BroSkó01">Brokey</name>
                        einhvern tíma á árunum 1702-1712 og tók í sundur. Guðmundur hafði fengið
                        hana frá <name key="PalJon003" type="person">Páli Jónssyni</name> á <name type="place">Skarði</name>, en bókin mun hafa verið skrifuð fyrir hann
                        (sbr. <locus from="accMat01r" facs="#AM02-0113i-accMat01r" to="accMat01r">seðil</locus>).</p> </provenance>
                  <acquisition when="1974-04-08"><p>Stofnun Árna Magnússonar á Íslandi tók við handritinu 8. apríl 1974.</p></acquisition>
               </history>
               <additional>
                  <adminInfo>
                     <recordHist>
                        <source>
                           <p>
                              <list>
                                 <item><name type="person" key="ThoSig001">ÞS</name> skráði samkvæmt
                                    reglum TEIP5 <date notBefore="2009-11-23" notAfter="2009-11-24">23.-24. nóvember 2009</date>.</item>
                                 <item><name key="DriThr001" type="person">DKÞ</name> færði inn
                                    grunnupplýsingar <date when="2001-11-21">21. nóvember
                                    2001</date>.</item>
                                 <item><name key="KriKaa001" type="person">Kålund</name> gekk frá
                                    handritinu til skráningar <date when="1885-10-31">31. október
                                       1885</date> (<bibl>
                                       <ref target="KKKat">Katalog I</ref>
                                    </bibl>, bls. 77-78 (nr. 140).</item>
                              </list>
                           </p>
                        </source>
                     </recordHist>
                     <custodialHist>
                        <custEvent type="conservation" notBefore="1971-11">
                           <p>Viðgert af <name key="BirDal001" type="person">Birgitte Dall</name> í
                              nóvember 1971.</p>
                        </custEvent>
                        <custEvent type="conservation" notBefore="1772" notAfter="1780">
                           <p>Bundið af <name key="MatBlo001" type="person">Matthiasi Larsen
                              Bloch</name> á árunum 1772-1780.</p>
                        </custEvent>
                     </custodialHist>
                  </adminInfo>
                  <surrogates>
                     <p>
                        <list>
                           <item>Stafrænar myndir á www.sagnanet.is.</item>
                           <item>Svart-hvítar ljósmyndir á Det Arnamagnæanske Institut í
                              Kaupmannahöfn.</item>
                        </list>
                     </p>
                  </surrogates>
                  <listBibl>
                  	<bibl>Ólafur Halldórsson, <ref type="secondary-2" target="EA-A1">Ólafs saga
                  		Tryggvasonar en mesta</ref><biblScope type="volume">I</biblScope></bibl>
                  	<bibl>Ólafur Halldórsson, <ref type="secondary-3" target="ÓlaHal2000d">Athugasemdir við bók Más Jónssonar um Árna Magnússon</ref> </bibl>
                  </listBibl>
               </additional>
            </msDesc>
         </sourceDesc>
      </fileDesc>
      <revisionDesc>
         <change when="2008-10" who="#EriHas01">Migrated from MASTER to P5</change>
      </revisionDesc>
   </teiHeader>
	<facsimile xml:base="https://myndir.handrit.is/file/Handrit.is/">
		<surface xml:id="AM02-0113i-0000r-FB" n="0">
			<desc>0000r-FB</desc>
			<graphic mimeType="pdf" url="AM%20113%20i%20fol./0/HIGH_QUALITY_DISPLAY"/>
			<graphic mimeType="jpg" url="AM%20113%20i%20fol./0/THUMBNAIL" width="200px" height="242px"/>
			<graphic mimeType="jpg" url="AM%20113%20i%20fol./0/SECONDARY_DISPLAY" width="2388px" height="2892px"/>
			<graphic mimeType="pdf" url="AM%20113%20i%20fol./0/WEB_DISPLAY"/>
		</surface>
		<surface xml:id="AM02-0113i-0000v-FB" n="1">
			<desc>0000v-FB</desc>
			<graphic mimeType="pdf" url="AM%20113%20i%20fol./1/HIGH_QUALITY_DISPLAY"/>
			<graphic mimeType="jpg" url="AM%20113%20i%20fol./1/THUMBNAIL" width="200px" height="242px"/>
			<graphic mimeType="jpg" url="AM%20113%20i%20fol./1/SECONDARY_DISPLAY" width="2393px" height="2892px"/>
			<graphic mimeType="pdf" url="AM%20113%20i%20fol./1/WEB_DISPLAY"/>
		</surface>
		<surface xml:id="AM02-0113i-0001r-FFl" n="2">
			<desc>0001r-FFl</desc>
			<graphic mimeType="pdf" url="AM%20113%20i%20fol./2/HIGH_QUALITY_DISPLAY"/>
			<graphic mimeType="jpg" url="AM%20113%20i%20fol./2/THUMBNAIL" width="200px" height="242px"/>
			<graphic mimeType="jpg" url="AM%20113%20i%20fol./2/SECONDARY_DISPLAY" width="2393px" height="2892px"/>
			<graphic mimeType="pdf" url="AM%20113%20i%20fol./2/WEB_DISPLAY"/>
		</surface>
		<surface xml:id="AM02-0113i-0001v-FFl" n="3">
			<desc>0001v-FFl</desc>
			<graphic mimeType="pdf" url="AM%20113%20i%20fol./3/HIGH_QUALITY_DISPLAY"/>
			<graphic mimeType="jpg" url="AM%20113%20i%20fol./3/THUMBNAIL" width="200px" height="247px"/>
			<graphic mimeType="jpg" url="AM%20113%20i%20fol./3/SECONDARY_DISPLAY" width="2340px" height="2892px"/>
			<graphic mimeType="pdf" url="AM%20113%20i%20fol./3/WEB_DISPLAY"/>
		</surface>
		<surface xml:id="AM02-0113i-accMat01r" n="4">
			<desc>accMat01r</desc>
			<graphic mimeType="pdf" url="AM%20113%20i%20fol./4/HIGH_QUALITY_DISPLAY"/>
			<graphic mimeType="jpg" url="AM%20113%20i%20fol./4/THUMBNAIL" width="200px" height="240px"/>
			<graphic mimeType="jpg" url="AM%20113%20i%20fol./4/SECONDARY_DISPLAY" width="2160px" height="2592px"/>
			<graphic mimeType="pdf" url="AM%20113%20i%20fol./4/WEB_DISPLAY"/>
		</surface>
		<surface xml:id="AM02-0113i-accMat01v" n="5">
			<desc>accMat01v</desc>
			<graphic mimeType="pdf" url="AM%20113%20i%20fol./5/HIGH_QUALITY_DISPLAY"/>
			<graphic mimeType="jpg" url="AM%20113%20i%20fol./5/THUMBNAIL" width="200px" height="251px"/>
			<graphic mimeType="jpg" url="AM%20113%20i%20fol./5/SECONDARY_DISPLAY" width="2064px" height="2592px"/>
			<graphic mimeType="pdf" url="AM%20113%20i%20fol./5/WEB_DISPLAY"/>
		</surface>
		<surface xml:id="AM02-0113i-0001r" n="6">
			<desc>0001r</desc>
			<graphic mimeType="pdf" url="AM%20113%20i%20fol./6/HIGH_QUALITY_DISPLAY"/>
			<graphic mimeType="jpg" url="AM%20113%20i%20fol./6/THUMBNAIL" width="200px" height="250px"/>
			<graphic mimeType="jpg" url="AM%20113%20i%20fol./6/SECONDARY_DISPLAY" width="2316px" height="2892px"/>
			<graphic mimeType="pdf" url="AM%20113%20i%20fol./6/WEB_DISPLAY"/>
		</surface>
		<surface xml:id="AM02-0113i-0001v" n="7">
			<desc>0001v</desc>
			<graphic mimeType="pdf" url="AM%20113%20i%20fol./7/HIGH_QUALITY_DISPLAY"/>
			<graphic mimeType="jpg" url="AM%20113%20i%20fol./7/THUMBNAIL" width="200px" height="247px"/>
			<graphic mimeType="jpg" url="AM%20113%20i%20fol./7/SECONDARY_DISPLAY" width="2369px" height="2928px"/>
			<graphic mimeType="pdf" url="AM%20113%20i%20fol./7/WEB_DISPLAY"/>
		</surface>
		<surface xml:id="AM02-0113i-0002r" n="8">
			<desc>0002r</desc>
			<graphic mimeType="pdf" url="AM%20113%20i%20fol./8/HIGH_QUALITY_DISPLAY"/>
			<graphic mimeType="jpg" url="AM%20113%20i%20fol./8/THUMBNAIL" width="200px" height="247px"/>
			<graphic mimeType="jpg" url="AM%20113%20i%20fol./8/SECONDARY_DISPLAY" width="2369px" height="2928px"/>
			<graphic mimeType="pdf" url="AM%20113%20i%20fol./8/WEB_DISPLAY"/>
		</surface>
		<surface xml:id="AM02-0113i-0002v" n="9">
			<desc>0002v</desc>
			<graphic mimeType="pdf" url="AM%20113%20i%20fol./9/HIGH_QUALITY_DISPLAY"/>
			<graphic mimeType="jpg" url="AM%20113%20i%20fol./9/THUMBNAIL" width="200px" height="246px"/>
			<graphic mimeType="jpg" url="AM%20113%20i%20fol./9/SECONDARY_DISPLAY" width="2381px" height="2928px"/>
			<graphic mimeType="pdf" url="AM%20113%20i%20fol./9/WEB_DISPLAY"/>
		</surface>
		<surface xml:id="AM02-0113i-0003r" n="10">
			<desc>0003r</desc>
			<graphic mimeType="pdf" url="AM%20113%20i%20fol./10/HIGH_QUALITY_DISPLAY"/>
			<graphic mimeType="jpg" url="AM%20113%20i%20fol./10/THUMBNAIL" width="200px" height="246px"/>
			<graphic mimeType="jpg" url="AM%20113%20i%20fol./10/SECONDARY_DISPLAY" width="2381px" height="2928px"/>
			<graphic mimeType="pdf" url="AM%20113%20i%20fol./10/WEB_DISPLAY"/>
		</surface>
		<surface xml:id="AM02-0113i-0003v" n="11">
			<desc>0003v</desc>
			<graphic mimeType="pdf" url="AM%20113%20i%20fol./11/HIGH_QUALITY_DISPLAY"/>
			<graphic mimeType="jpg" url="AM%20113%20i%20fol./11/THUMBNAIL" width="200px" height="246px"/>
			<graphic mimeType="jpg" url="AM%20113%20i%20fol./11/SECONDARY_DISPLAY" width="2381px" height="2928px"/>
			<graphic mimeType="pdf" url="AM%20113%20i%20fol./11/WEB_DISPLAY"/>
		</surface>
		<surface xml:id="AM02-0113i-0004r" n="12">
			<desc>0004r</desc>
			<graphic mimeType="pdf" url="AM%20113%20i%20fol./12/HIGH_QUALITY_DISPLAY"/>
			<graphic mimeType="jpg" url="AM%20113%20i%20fol./12/THUMBNAIL" width="200px" height="246px"/>
			<graphic mimeType="jpg" url="AM%20113%20i%20fol./12/SECONDARY_DISPLAY" width="2381px" height="2928px"/>
			<graphic mimeType="pdf" url="AM%20113%20i%20fol./12/WEB_DISPLAY"/>
		</surface>
		<surface xml:id="AM02-0113i-0004v" n="13">
			<desc>0004v</desc>
			<graphic mimeType="pdf" url="AM%20113%20i%20fol./13/HIGH_QUALITY_DISPLAY"/>
			<graphic mimeType="jpg" url="AM%20113%20i%20fol./13/THUMBNAIL" width="200px" height="246px"/>
			<graphic mimeType="jpg" url="AM%20113%20i%20fol./13/SECONDARY_DISPLAY" width="2381px" height="2928px"/>
			<graphic mimeType="pdf" url="AM%20113%20i%20fol./13/WEB_DISPLAY"/>
		</surface>
		<surface xml:id="AM02-0113i-0005r" n="14">
			<desc>0005r</desc>
			<graphic mimeType="pdf" url="AM%20113%20i%20fol./14/HIGH_QUALITY_DISPLAY"/>
			<graphic mimeType="jpg" url="AM%20113%20i%20fol./14/THUMBNAIL" width="200px" height="246px"/>
			<graphic mimeType="jpg" url="AM%20113%20i%20fol./14/SECONDARY_DISPLAY" width="2381px" height="2928px"/>
			<graphic mimeType="pdf" url="AM%20113%20i%20fol./14/WEB_DISPLAY"/>
		</surface>
		<surface xml:id="AM02-0113i-0005v" n="15">
			<desc>0005v</desc>
			<graphic mimeType="pdf" url="AM%20113%20i%20fol./15/HIGH_QUALITY_DISPLAY"/>
			<graphic mimeType="jpg" url="AM%20113%20i%20fol./15/THUMBNAIL" width="200px" height="247px"/>
			<graphic mimeType="jpg" url="AM%20113%20i%20fol./15/SECONDARY_DISPLAY" width="2381px" height="2940px"/>
			<graphic mimeType="pdf" url="AM%20113%20i%20fol./15/WEB_DISPLAY"/>
		</surface>
		<surface xml:id="AM02-0113i-0006r" n="16">
			<desc>0006r</desc>
			<graphic mimeType="pdf" url="AM%20113%20i%20fol./16/HIGH_QUALITY_DISPLAY"/>
			<graphic mimeType="jpg" url="AM%20113%20i%20fol./16/THUMBNAIL" width="200px" height="247px"/>
			<graphic mimeType="jpg" url="AM%20113%20i%20fol./16/SECONDARY_DISPLAY" width="2381px" height="2940px"/>
			<graphic mimeType="pdf" url="AM%20113%20i%20fol./16/WEB_DISPLAY"/>
		</surface>
		<surface xml:id="AM02-0113i-0006v" n="17">
			<desc>0006v</desc>
			<graphic mimeType="pdf" url="AM%20113%20i%20fol./17/HIGH_QUALITY_DISPLAY"/>
			<graphic mimeType="jpg" url="AM%20113%20i%20fol./17/THUMBNAIL" width="200px" height="247px"/>
			<graphic mimeType="jpg" url="AM%20113%20i%20fol./17/SECONDARY_DISPLAY" width="2381px" height="2940px"/>
			<graphic mimeType="pdf" url="AM%20113%20i%20fol./17/WEB_DISPLAY"/>
		</surface>
		<surface xml:id="AM02-0113i-0007r" n="18">
			<desc>0007r</desc>
			<graphic mimeType="pdf" url="AM%20113%20i%20fol./18/HIGH_QUALITY_DISPLAY"/>
			<graphic mimeType="jpg" url="AM%20113%20i%20fol./18/THUMBNAIL" width="200px" height="247px"/>
			<graphic mimeType="jpg" url="AM%20113%20i%20fol./18/SECONDARY_DISPLAY" width="2381px" height="2940px"/>
			<graphic mimeType="pdf" url="AM%20113%20i%20fol./18/WEB_DISPLAY"/>
		</surface>
		<surface xml:id="AM02-0113i-0007v" n="19">
			<desc>0007v</desc>
			<graphic mimeType="pdf" url="AM%20113%20i%20fol./19/HIGH_QUALITY_DISPLAY"/>
			<graphic mimeType="jpg" url="AM%20113%20i%20fol./19/THUMBNAIL" width="200px" height="247px"/>
			<graphic mimeType="jpg" url="AM%20113%20i%20fol./19/SECONDARY_DISPLAY" width="2381px" height="2940px"/>
			<graphic mimeType="pdf" url="AM%20113%20i%20fol./19/WEB_DISPLAY"/>
		</surface>
		<surface xml:id="AM02-0113i-0008r" n="20">
			<desc>0008r</desc>
			<graphic mimeType="pdf" url="AM%20113%20i%20fol./20/HIGH_QUALITY_DISPLAY"/>
			<graphic mimeType="jpg" url="AM%20113%20i%20fol./20/THUMBNAIL" width="200px" height="247px"/>
			<graphic mimeType="jpg" url="AM%20113%20i%20fol./20/SECONDARY_DISPLAY" width="2381px" height="2940px"/>
			<graphic mimeType="pdf" url="AM%20113%20i%20fol./20/WEB_DISPLAY"/>
		</surface>
		<surface xml:id="AM02-0113i-0008v" n="21">
			<desc>0008v</desc>
			<graphic mimeType="pdf" url="AM%20113%20i%20fol./21/HIGH_QUALITY_DISPLAY"/>
			<graphic mimeType="jpg" url="AM%20113%20i%20fol./21/THUMBNAIL" width="200px" height="247px"/>
			<graphic mimeType="jpg" url="AM%20113%20i%20fol./21/SECONDARY_DISPLAY" width="2381px" height="2940px"/>
			<graphic mimeType="pdf" url="AM%20113%20i%20fol./21/WEB_DISPLAY"/>
		</surface>
		<surface xml:id="AM02-0113i-0009r" n="22">
			<desc>0009r</desc>
			<graphic mimeType="pdf" url="AM%20113%20i%20fol./22/HIGH_QUALITY_DISPLAY"/>
			<graphic mimeType="jpg" url="AM%20113%20i%20fol./22/THUMBNAIL" width="200px" height="247px"/>
			<graphic mimeType="jpg" url="AM%20113%20i%20fol./22/SECONDARY_DISPLAY" width="2381px" height="2940px"/>
			<graphic mimeType="pdf" url="AM%20113%20i%20fol./22/WEB_DISPLAY"/>
		</surface>
		<surface xml:id="AM02-0113i-0009v" n="23">
			<desc>0009v</desc>
			<graphic mimeType="pdf" url="AM%20113%20i%20fol./23/HIGH_QUALITY_DISPLAY"/>
			<graphic mimeType="jpg" url="AM%20113%20i%20fol./23/THUMBNAIL" width="200px" height="247px"/>
			<graphic mimeType="jpg" url="AM%20113%20i%20fol./23/SECONDARY_DISPLAY" width="2381px" height="2940px"/>
			<graphic mimeType="pdf" url="AM%20113%20i%20fol./23/WEB_DISPLAY"/>
		</surface>
		<surface xml:id="AM02-0113i-0010r" n="24">
			<desc>0010r</desc>
			<graphic mimeType="pdf" url="AM%20113%20i%20fol./24/HIGH_QUALITY_DISPLAY"/>
			<graphic mimeType="jpg" url="AM%20113%20i%20fol./24/THUMBNAIL" width="200px" height="247px"/>
			<graphic mimeType="jpg" url="AM%20113%20i%20fol./24/SECONDARY_DISPLAY" width="2381px" height="2940px"/>
			<graphic mimeType="pdf" url="AM%20113%20i%20fol./24/WEB_DISPLAY"/>
		</surface>
		<surface xml:id="AM02-0113i-0010v" n="25">
			<desc>0010v</desc>
			<graphic mimeType="pdf" url="AM%20113%20i%20fol./25/HIGH_QUALITY_DISPLAY"/>
			<graphic mimeType="jpg" url="AM%20113%20i%20fol./25/THUMBNAIL" width="200px" height="247px"/>
			<graphic mimeType="jpg" url="AM%20113%20i%20fol./25/SECONDARY_DISPLAY" width="2381px" height="2940px"/>
			<graphic mimeType="pdf" url="AM%20113%20i%20fol./25/WEB_DISPLAY"/>
		</surface>
		<surface xml:id="AM02-0113i-0011r" n="26">
			<desc>0011r</desc>
			<graphic mimeType="pdf" url="AM%20113%20i%20fol./26/HIGH_QUALITY_DISPLAY"/>
			<graphic mimeType="jpg" url="AM%20113%20i%20fol./26/THUMBNAIL" width="200px" height="247px"/>
			<graphic mimeType="jpg" url="AM%20113%20i%20fol./26/SECONDARY_DISPLAY" width="2381px" height="2940px"/>
			<graphic mimeType="pdf" url="AM%20113%20i%20fol./26/WEB_DISPLAY"/>
		</surface>
		<surface xml:id="AM02-0113i-0011v" n="27">
			<desc>0011v</desc>
			<graphic mimeType="pdf" url="AM%20113%20i%20fol./27/HIGH_QUALITY_DISPLAY"/>
			<graphic mimeType="jpg" url="AM%20113%20i%20fol./27/THUMBNAIL" width="200px" height="247px"/>
			<graphic mimeType="jpg" url="AM%20113%20i%20fol./27/SECONDARY_DISPLAY" width="2381px" height="2940px"/>
			<graphic mimeType="pdf" url="AM%20113%20i%20fol./27/WEB_DISPLAY"/>
		</surface>
		<surface xml:id="AM02-0113i-0012r" n="28">
			<desc>0012r</desc>
			<graphic mimeType="pdf" url="AM%20113%20i%20fol./28/HIGH_QUALITY_DISPLAY"/>
			<graphic mimeType="jpg" url="AM%20113%20i%20fol./28/THUMBNAIL" width="200px" height="247px"/>
			<graphic mimeType="jpg" url="AM%20113%20i%20fol./28/SECONDARY_DISPLAY" width="2381px" height="2940px"/>
			<graphic mimeType="pdf" url="AM%20113%20i%20fol./28/WEB_DISPLAY"/>
		</surface>
		<surface xml:id="AM02-0113i-0012v" n="29">
			<desc>0012v</desc>
			<graphic mimeType="pdf" url="AM%20113%20i%20fol./29/HIGH_QUALITY_DISPLAY"/>
			<graphic mimeType="jpg" url="AM%20113%20i%20fol./29/THUMBNAIL" width="200px" height="247px"/>
			<graphic mimeType="jpg" url="AM%20113%20i%20fol./29/SECONDARY_DISPLAY" width="2381px" height="2940px"/>
			<graphic mimeType="pdf" url="AM%20113%20i%20fol./29/WEB_DISPLAY"/>
		</surface>
		<surface xml:id="AM02-0113i-0013r" n="30">
			<desc>0013r</desc>
			<graphic mimeType="pdf" url="AM%20113%20i%20fol./30/HIGH_QUALITY_DISPLAY"/>
			<graphic mimeType="jpg" url="AM%20113%20i%20fol./30/THUMBNAIL" width="200px" height="247px"/>
			<graphic mimeType="jpg" url="AM%20113%20i%20fol./30/SECONDARY_DISPLAY" width="2381px" height="2940px"/>
			<graphic mimeType="pdf" url="AM%20113%20i%20fol./30/WEB_DISPLAY"/>
		</surface>
		<surface xml:id="AM02-0113i-0013v" n="31">
			<desc>0013v</desc>
			<graphic mimeType="pdf" url="AM%20113%20i%20fol./31/HIGH_QUALITY_DISPLAY"/>
			<graphic mimeType="jpg" url="AM%20113%20i%20fol./31/THUMBNAIL" width="200px" height="247px"/>
			<graphic mimeType="jpg" url="AM%20113%20i%20fol./31/SECONDARY_DISPLAY" width="2381px" height="2940px"/>
			<graphic mimeType="pdf" url="AM%20113%20i%20fol./31/WEB_DISPLAY"/>
		</surface>
		<surface xml:id="AM02-0113i-0014r" n="32">
			<desc>0014r</desc>
			<graphic mimeType="pdf" url="AM%20113%20i%20fol./32/HIGH_QUALITY_DISPLAY"/>
			<graphic mimeType="jpg" url="AM%20113%20i%20fol./32/THUMBNAIL" width="200px" height="247px"/>
			<graphic mimeType="jpg" url="AM%20113%20i%20fol./32/SECONDARY_DISPLAY" width="2381px" height="2940px"/>
			<graphic mimeType="pdf" url="AM%20113%20i%20fol./32/WEB_DISPLAY"/>
		</surface>
		<surface xml:id="AM02-0113i-0014v" n="33">
			<desc>0014v</desc>
			<graphic mimeType="pdf" url="AM%20113%20i%20fol./33/HIGH_QUALITY_DISPLAY"/>
			<graphic mimeType="jpg" url="AM%20113%20i%20fol./33/THUMBNAIL" width="200px" height="247px"/>
			<graphic mimeType="jpg" url="AM%20113%20i%20fol./33/SECONDARY_DISPLAY" width="2381px" height="2940px"/>
			<graphic mimeType="pdf" url="AM%20113%20i%20fol./33/WEB_DISPLAY"/>
		</surface>
		<surface xml:id="AM02-0113i-0015r" n="34">
			<desc>0015r</desc>
			<graphic mimeType="pdf" url="AM%20113%20i%20fol./34/HIGH_QUALITY_DISPLAY"/>
			<graphic mimeType="jpg" url="AM%20113%20i%20fol./34/THUMBNAIL" width="200px" height="247px"/>
			<graphic mimeType="jpg" url="AM%20113%20i%20fol./34/SECONDARY_DISPLAY" width="2381px" height="2940px"/>
			<graphic mimeType="pdf" url="AM%20113%20i%20fol./34/WEB_DISPLAY"/>
		</surface>
		<surface xml:id="AM02-0113i-0015v" n="35">
			<desc>0015v</desc>
			<graphic mimeType="pdf" url="AM%20113%20i%20fol./35/HIGH_QUALITY_DISPLAY"/>
			<graphic mimeType="jpg" url="AM%20113%20i%20fol./35/THUMBNAIL" width="200px" height="247px"/>
			<graphic mimeType="jpg" url="AM%20113%20i%20fol./35/SECONDARY_DISPLAY" width="2381px" height="2940px"/>
			<graphic mimeType="pdf" url="AM%20113%20i%20fol./35/WEB_DISPLAY"/>
		</surface>
		<surface xml:id="AM02-0113i-0016r" n="36">
			<desc>0016r</desc>
			<graphic mimeType="pdf" url="AM%20113%20i%20fol./36/HIGH_QUALITY_DISPLAY"/>
			<graphic mimeType="jpg" url="AM%20113%20i%20fol./36/THUMBNAIL" width="200px" height="247px"/>
			<graphic mimeType="jpg" url="AM%20113%20i%20fol./36/SECONDARY_DISPLAY" width="2381px" height="2940px"/>
			<graphic mimeType="pdf" url="AM%20113%20i%20fol./36/WEB_DISPLAY"/>
		</surface>
		<surface xml:id="AM02-0113i-0016v" n="37">
			<desc>0016v</desc>
			<graphic mimeType="pdf" url="AM%20113%20i%20fol./37/HIGH_QUALITY_DISPLAY"/>
			<graphic mimeType="jpg" url="AM%20113%20i%20fol./37/THUMBNAIL" width="200px" height="247px"/>
			<graphic mimeType="jpg" url="AM%20113%20i%20fol./37/SECONDARY_DISPLAY" width="2381px" height="2940px"/>
			<graphic mimeType="pdf" url="AM%20113%20i%20fol./37/WEB_DISPLAY"/>
		</surface>
		<surface xml:id="AM02-0113i-0017r" n="38">
			<desc>0017r</desc>
			<graphic mimeType="pdf" url="AM%20113%20i%20fol./38/HIGH_QUALITY_DISPLAY"/>
			<graphic mimeType="jpg" url="AM%20113%20i%20fol./38/THUMBNAIL" width="200px" height="247px"/>
			<graphic mimeType="jpg" url="AM%20113%20i%20fol./38/SECONDARY_DISPLAY" width="2381px" height="2940px"/>
			<graphic mimeType="pdf" url="AM%20113%20i%20fol./38/WEB_DISPLAY"/>
		</surface>
		<surface xml:id="AM02-0113i-0017v" n="39">
			<desc>0017v</desc>
			<graphic mimeType="pdf" url="AM%20113%20i%20fol./39/HIGH_QUALITY_DISPLAY"/>
			<graphic mimeType="jpg" url="AM%20113%20i%20fol./39/THUMBNAIL" width="200px" height="247px"/>
			<graphic mimeType="jpg" url="AM%20113%20i%20fol./39/SECONDARY_DISPLAY" width="2381px" height="2940px"/>
			<graphic mimeType="pdf" url="AM%20113%20i%20fol./39/WEB_DISPLAY"/>
		</surface>
		<surface xml:id="AM02-0113i-0018r" n="40">
			<desc>0018r</desc>
			<graphic mimeType="pdf" url="AM%20113%20i%20fol./40/HIGH_QUALITY_DISPLAY"/>
			<graphic mimeType="jpg" url="AM%20113%20i%20fol./40/THUMBNAIL" width="200px" height="247px"/>
			<graphic mimeType="jpg" url="AM%20113%20i%20fol./40/SECONDARY_DISPLAY" width="2381px" height="2940px"/>
			<graphic mimeType="pdf" url="AM%20113%20i%20fol./40/WEB_DISPLAY"/>
		</surface>
		<surface xml:id="AM02-0113i-0018v" n="41">
			<desc>0018v</desc>
			<graphic mimeType="pdf" url="AM%20113%20i%20fol./41/HIGH_QUALITY_DISPLAY"/>
			<graphic mimeType="jpg" url="AM%20113%20i%20fol./41/THUMBNAIL" width="200px" height="247px"/>
			<graphic mimeType="jpg" url="AM%20113%20i%20fol./41/SECONDARY_DISPLAY" width="2381px" height="2940px"/>
			<graphic mimeType="pdf" url="AM%20113%20i%20fol./41/WEB_DISPLAY"/>
		</surface>
		<surface xml:id="AM02-0113i-9901r-RFl" n="42">
			<desc>9901r-RFl</desc>
			<graphic mimeType="pdf" url="AM%20113%20i%20fol./42/HIGH_QUALITY_DISPLAY"/>
			<graphic mimeType="jpg" url="AM%20113%20i%20fol./42/THUMBNAIL" width="200px" height="247px"/>
			<graphic mimeType="jpg" url="AM%20113%20i%20fol./42/SECONDARY_DISPLAY" width="2381px" height="2940px"/>
			<graphic mimeType="pdf" url="AM%20113%20i%20fol./42/WEB_DISPLAY"/>
		</surface>
		<surface xml:id="AM02-0113i-9901v-RFl" n="43">
			<desc>9901v-RFl</desc>
			<graphic mimeType="pdf" url="AM%20113%20i%20fol./43/HIGH_QUALITY_DISPLAY"/>
			<graphic mimeType="jpg" url="AM%20113%20i%20fol./43/THUMBNAIL" width="200px" height="247px"/>
			<graphic mimeType="jpg" url="AM%20113%20i%20fol./43/SECONDARY_DISPLAY" width="2381px" height="2940px"/>
			<graphic mimeType="pdf" url="AM%20113%20i%20fol./43/WEB_DISPLAY"/>
		</surface>
		<surface xml:id="AM02-0113i-9999r-RB" n="44">
			<desc>9999r-RB</desc>
			<graphic mimeType="pdf" url="AM%20113%20i%20fol./44/HIGH_QUALITY_DISPLAY"/>
			<graphic mimeType="jpg" url="AM%20113%20i%20fol./44/THUMBNAIL" width="200px" height="247px"/>
			<graphic mimeType="jpg" url="AM%20113%20i%20fol./44/SECONDARY_DISPLAY" width="2381px" height="2940px"/>
			<graphic mimeType="pdf" url="AM%20113%20i%20fol./44/WEB_DISPLAY"/>
		</surface>
		<surface xml:id="AM02-0113i-9999v-RB" n="45">
			<desc>9999v-RB</desc>
			<graphic mimeType="pdf" url="AM%20113%20i%20fol./45/HIGH_QUALITY_DISPLAY"/>
			<graphic mimeType="jpg" url="AM%20113%20i%20fol./45/THUMBNAIL" width="200px" height="243px"/>
			<graphic mimeType="jpg" url="AM%20113%20i%20fol./45/SECONDARY_DISPLAY" width="2388px" height="2904px"/>
			<graphic mimeType="pdf" url="AM%20113%20i%20fol./45/WEB_DISPLAY"/>
		</surface>
		<surface xml:id="AM02-0113i-ccp" n="46">
			<desc>ccp</desc>
			<graphic mimeType="pdf" url="AM%20113%20i%20fol./46/HIGH_QUALITY_DISPLAY"/>
			<graphic mimeType="jpg" url="AM%20113%20i%20fol./46/THUMBNAIL" width="200px" height="290px"/>
			<graphic mimeType="jpg" url="AM%20113%20i%20fol./46/SECONDARY_DISPLAY" width="2040px" height="2964px"/>
			<graphic mimeType="pdf" url="AM%20113%20i%20fol./46/WEB_DISPLAY"/>
		</surface>
	</facsimile>
	<text>
      <body>

         <p/>
      </body>
   </text>
</TEI>