<?xml version="1.0" encoding="UTF-8"?>
<TEI xmlns="http://www.tei-c.org/ns/1.0"> 
 
   <teiHeader>
      <fileDesc>
    
         <titleStmt> 
      
            <title>Handritaskrá Árnastofnunar</title> 
      
         </titleStmt> 
    
         <publicationStmt>
            <p>Tilraunaútgáfa</p>
         </publicationStmt> 
    
         <sourceDesc>
            <msDesc xml:lang="is" xml:id="AM02-0162E-is">

               <msIdentifier n="KK201">

                  <country>Ísland</country>

                  <settlement>Reykjavík</settlement>

                  <repository>Stofnun Árna Magnússonar</repository>

                  <idno>AM 162 E fol.</idno>

                  <msName>KBAdd. 20 fol.</msName>

               </msIdentifier>


               <head>

                  <title type="uniform">Laxdæla saga</title>

                  <title type="uniform">Eyrbyggja saga</title>

                  <origPlace>Ísland</origPlace>

                  <origDate notBefore="1290" notAfter="1310" evidence="external">s. XIII/XIV</origDate>


               </head>


               <msContents>
                  <textLang mainLang="is">Íslenska</textLang>

                  <msItem n="1" defective="true" class="isl">

                     <locus from="1r" facs="#AM02-0162E-0001r" to="5v">1r-5v</locus>

                     <title type="uniform">Laxdæla saga</title>

                     <note>Fimm brot.</note>


                     <msItem n="1.1">

                        <locus>1r-1v</locus>

                        <incipit type="def">(bı)arn<expan>ar</expan> bvno h<expan>ann</expan> v<expan>ar</expan>
                        </incipit>

                        <explicit type="def">þog<expan>er</expan>ð<expan>a</expan>r dott<expan>ur</expan> þ<expan>or</expan>
                        ſteınſ R<expan>auðs</expan> H(afðe)</explicit>

                     </msItem>


                     <msItem n="1.2">

                        <locus>2r-2v</locus>

                        <incipit type="def">vn<expan>n</expan>r v<expan>m</expan> alla me ram</incipit>

                        <explicit type="def">þoarın h<expan>ann</expan>
v<expan>ar</expan> r
                        ſtr m<expan>aðr</expan>
                        </explicit>

                     </msItem>


                     <msItem n="1.3">

                        <locus>3r-3v</locus>

                        <incipit type="def">[aſatt]er. Avrn v<expan>ar</expan> tıl moz</incipit>

                        <explicit type="def">dott<expan>ur</expan> ſ
                        <expan>onr</expan> myrkıarta<expan>n</expan>s</explicit>

                     </msItem>


                     <msItem n="1.4">

                        <locus>4r-4v</locus>

                        <incipit type="def">oc er aleıð vetrın<expan>n</expan>
                        </incipit>

                        <explicit type="def">þo hỏ
                        ðv þeı
                        ʀ mıkıt</explicit>

                     </msItem>


                     <msItem n="1.5">

                        <locus>5r-5v</locus>

                        <incipit type="def">v<expan>
                           ıð</expan> þ<expan>vı
                        </expan> at hafa e mıkıt</incipit>

                        <explicit type="def">halldoʀ haðe sent men<expan>n</expan>…</explicit>

                     </msItem>

                  </msItem>


                  <msItem n="2" defective="true" class="isl">

                     <locus from="6r" facs="#AM02-0162E-0006r" to="7v">6r-7v</locus>

                     <title type="uniform">Eyrbyggja saga</title>

                     <note>Tvö brot.</note>


                     <msItem n="2.1">

                        <locus>6r-6v</locus>

                        <incipit type="def">…tıl þeſ
                        ſ ſpvrðız eckı ſ
                        ıþan langan tıma</incipit>

                        <explicit type="def">at eyıar vaðe oc engv mık</explicit>

                     </msItem>


                     <msItem n="2.2">

                        <locus>7r-7v</locus>

                        <incipit type="def">þ<expan>eı
                        </expan>m er ſtvrla a en</incipit>

                        <explicit type="def">at ara at þ <expan>eı
                        </expan>m er S<expan>norrı
                        </expan> vılldı
                     </explicit>
                     </msItem>

                  </msItem>

               </msContents>


               <physDesc>
                  <objectDesc form="codex">
                     <supportDesc material="perg">
                        <support>Skinn</support>
                        <extent>7 blöð ().</extent>
                        <foliation>
                           <p/>
                        </foliation>
                        <collation>
                           <p/>
                        </collation>
                        <condition>
                           <p>
                              <list>

                                 <item n="1">Blöðin eru snjáð og sködduð.</item>

                                 <item n="2">Skorið hefur verið af neðri og innri jaðri bl. 1 svo að eftir stendur aðeins lítið brot af blaðinu; rektó-hlið þess er læsileg aðeins að hluta.</item>

                                 <item n="3">Bl. 4 og einkum bl. 5 eru götótt og neðri hluti 5v er mjög dökkur af óhreinindum.</item>

                                 <item n="4">Bl. 6r er nánast ólæsilegt vegna slits og óhreininda og hið sama verður sagt um bl. 7r, en að auki er bl. 7 skaddað að ofanverðu vegna afskurðar.</item>

                              </list>
                           </p>
                        </condition>
                     </supportDesc>
                     <layoutDesc>
                        <layout columns="1">
                           <p/>
                        </layout>
                     </layoutDesc>
                  </objectDesc>
                  <handDesc>
                     <p/>
                  </handDesc>
                  <decoDesc>
                     <decoNote type="secondary" subtype="rubric">
                        <p>Eyður fyrir kaflafyrirsagnir.</p>
                     </decoNote>

                     <decoNote type="secondary" subtype="initial">
                        <p>Upphafsstafir í ýmsum litum.</p>
                     </decoNote>

                  </decoDesc>
                  <additions>
                     <p>Upplýsingar um feril á neðri spássíu 5r.</p>
                  </additions>
                  <bindingDesc>
                     <binding contemporary="unknown">
                        <p/>
                     </binding>
                  </bindingDesc>
                  <accMat>
                     <p>Seðill með hendi <name key="ArnMag001" type="person">Árna Magnússonar</name>.</p>
                  </accMat>
               </physDesc>


               <history>
                  <origin notBefore="1290" notAfter="1310">
                     <p>Sama hönd og á <ref>AM 162 A  fol.</ref> Blöðin eru tímasett um 1300 í <bibl>
                           <ref target="KKKat">Katalog I</ref>
                        </bibl>, bls. 123 (sjá einnig <bibl>
                           <ref xml:id="ONPregistre" target="ONPregistre">ONPRegistre</ref>
                        </bibl>, bls. 435).</p>
                  </origin>

                  <provenance>
                     <p>
                        <name key="ArnMag001" type="person">Árni Magnússon</name> skrifar á neðri spássíu 5r að handritið sé komið úr <name type="person">Borgarfirði</name> <date when="1709">1709</date>.</p>
                  </provenance>

                  <acquisition notBefore="1973-09-07" notAfter="1973-09-07">
                     <p>Stofnun Árna Magnússonar á Íslandi tók við handritinu 7. september 1973.</p>
                  </acquisition>

               </history>


               <additional>

                  <adminInfo>

                     <recordHist>
                        <source>
                           <p>Tekið eftir <bibl>
                                 <ref target="KKKat">Katalog I</ref>
                              </bibl>, bls. 123-24 (nr. 201). <name key="KriKaa001" type="person">Kålund</name> gekk frá handritinu til skráningar í <date when="1885-12"> desember 1885</date>. <name key="HarBer001" type="person">Haraldur Bernharðsson</name> tölvuskráði <date when="2001-01-26">26. janúar 2001</date>.</p>
                        </source>
                     </recordHist>

                     <custodialHist>
                        <custEvent type="conservation" notBefore="1965" notAfter="1965">
                           <p>Gert við í Kaupmannahöfn í febrúar 1965.</p>
                        </custEvent>

                     </custodialHist>

                  </adminInfo>


                  <surrogates>
                     <p>
                        <list>

                           <item n="1">Stafrænar myndir á www.sagnanet.is.</item>

                           <item n="2">Svart-hvítar ljósmyndir á DetArnamagnæanske Institut í Kaupmannahöfn.</item>

                           <item n="3">Svart-hvítar ljósmyndir á Stofnun Árna Magnússonar á Íslandi.</item>

                        </list>
                     </p>
                  </surrogates>




                  <listBibl>
                     <bibl>. 1956, <ref target="MssIsl3">Eyrbyggja saga: The Saga manuscript 9. 10. Aug. 4to in the Herzog August Library, Wolfenbüttel</ref></bibl>
                     <bibl>Ármann Jakobsson 2011, <ref target="ÁrmJak2011a">Morkinskinna</ref></bibl>
                     <bibl>Einar Ól. Sveinsson, 1934, <ref target="EinSve1934a">Laxdæla saga. Halldórs þættir Snorrasonar. Stúfs þáttur</ref></bibl>
                     <bibl>Einar Ól. Sveinsson 1935, <ref target="EinSve1935a">Eyrbyggja saga. Brands þáttr örva. Eiríks saga rauða. Grænlendinga saga. Grænlendinga þáttr</ref></bibl>
                     <bibl>Guðvarður Már Gunnlaugsson 2007, <ref target="GuðGun2007b">Sýnisbók íslenskrar skriftar</ref></bibl>
                     <bibl>Heizmann, W. 1996, <ref target="WilHei1996">Kannte der Verfasser der Laxdæla saga Gregors des Grossen Moralia in Iob?</ref></bibl>
                     <bibl>Heizmann, W. 2010, <ref target="WilHei2010a">Liebe und Durst : Der Heilige Bernhard von Clairvaux in der altisländischen Mirakelüberlieferung</ref></bibl>
                     <bibl>Jón Helgason 1934, <ref target="JónHel1934d">Introduction Morkinskinna. Ms. No. 1009 fol. in the Old Royal Collection of The Royal Library, Copenhagen</ref></bibl>
                     <bibl>Jón Helgason, 1975, <ref target="JónHel0836a">Syv sagablade (AM 162 C fol, bl. 1-7)</ref></bibl>
                     <bibl>Kålund, K. 1889, <ref target="KriKål1889a">Laxdæla saga</ref></bibl>
                     <bibl>Kjeldsen, A. S. 2013, <ref target="BiblArnSupp8">Filologiske studier i kongesagahåndskriftet Morkinskinna</ref></bibl>
                     <bibl>Lethbridge, E. 2014, <ref target="EmiLet2014b">„Hvorki glansar gull á mér/né glæstir stafir í línum“.</ref></bibl>
                     <bibl>Louis-Jensen, J. 1977, <ref target="BiblArn32">Kongesagastudier: Kompilationen Hulda-Hrokkinskinna</ref></bibl>
                     <bibl>Louis-Jensen, J. 2014, <ref target="JonLou2014a">At tage hul på det sjette tiår</ref></bibl>
                     <bibl>Ólafur Halldórsson 2006, <ref target="ÓlaHal2006b">Hjalarinn</ref></bibl>
                     <bibl>Scott, F. S. 2003, <ref target="ForSco2003a">Eyrbyggja saga. The vellum tradition</ref></bibl>
                     <bibl>Scott, F. S. 2003, <ref target="ForSco1434a">A paper manuscript of Eyrbyggja saga ÍB 180 8vo</ref></bibl>
                     <bibl>Seip, D. A. 1954, <ref target="DidSei1954a">Palæografi. B. Norge og Island</ref></bibl>
                     <bibl>Stefán Karlsson 1967, <ref target="SteKar1967c">Introduction Sagas of Icelandic bishops. Fragments of eight manuscripts</ref></bibl>
                     <bibl>Þorgeir Sigurðsson 2016, <ref target="ÞorSig2016a">Tvískelfdur háttur og Rekstefja</ref></bibl>
                  </listBibl>

               </additional>

            </msDesc>
         </sourceDesc>
  
      </fileDesc>
      <profileDesc> 
    
          
     
    
      </profileDesc>
   </teiHeader>
	<facsimile xml:base="https://myndir.handrit.is/file/Handrit.is/">
		<surface xml:id="AM02-0162E-addMat01r" n="0">
			<desc>addMat01r</desc>
			<graphic mimeType="pdf" url="AM%20162%20E%20fol./0/HIGH_QUALITY_DISPLAY"/>
			<graphic mimeType="jpg" url="AM%20162%20E%20fol./0/THUMBNAIL" width="200px" height="300px"/>
			<graphic mimeType="jpg" url="AM%20162%20E%20fol./0/SECONDARY_DISPLAY" width="3672px" height="5508px"/>
			<graphic mimeType="pdf" url="AM%20162%20E%20fol./0/WEB_DISPLAY"/>
		</surface>
		<surface xml:id="AM02-0162E-addMat01v" n="1">
			<desc>addMat01v</desc>
			<graphic mimeType="pdf" url="AM%20162%20E%20fol./1/HIGH_QUALITY_DISPLAY"/>
			<graphic mimeType="jpg" url="AM%20162%20E%20fol./1/THUMBNAIL" width="200px" height="300px"/>
			<graphic mimeType="jpg" url="AM%20162%20E%20fol./1/SECONDARY_DISPLAY" width="3603px" height="5404px"/>
			<graphic mimeType="pdf" url="AM%20162%20E%20fol./1/WEB_DISPLAY"/>
		</surface>
		<surface xml:id="AM02-0162E-accMat01r" n="2">
			<desc>accMat01r</desc>
			<graphic mimeType="pdf" url="AM%20162%20E%20fol./2/HIGH_QUALITY_DISPLAY"/>
			<graphic mimeType="jpg" url="AM%20162%20E%20fol./2/THUMBNAIL" width="200px" height="300px"/>
			<graphic mimeType="jpg" url="AM%20162%20E%20fol./2/SECONDARY_DISPLAY" width="3557px" height="5335px"/>
			<graphic mimeType="pdf" url="AM%20162%20E%20fol./2/WEB_DISPLAY"/>
		</surface>
		<surface xml:id="AM02-0162E-accMat01v" n="3">
			<desc>accMat01v</desc>
			<graphic mimeType="pdf" url="AM%20162%20E%20fol./3/HIGH_QUALITY_DISPLAY"/>
			<graphic mimeType="jpg" url="AM%20162%20E%20fol./3/THUMBNAIL" width="200px" height="300px"/>
			<graphic mimeType="jpg" url="AM%20162%20E%20fol./3/SECONDARY_DISPLAY" width="3557px" height="5335px"/>
			<graphic mimeType="pdf" url="AM%20162%20E%20fol./3/WEB_DISPLAY"/>
		</surface>
		<surface xml:id="AM02-0162E-addMat02r" n="4">
			<desc>addMat02r</desc>
			<graphic mimeType="pdf" url="AM%20162%20E%20fol./4/HIGH_QUALITY_DISPLAY"/>
			<graphic mimeType="jpg" url="AM%20162%20E%20fol./4/THUMBNAIL" width="200px" height="300px"/>
			<graphic mimeType="jpg" url="AM%20162%20E%20fol./4/SECONDARY_DISPLAY" width="3557px" height="5335px"/>
			<graphic mimeType="pdf" url="AM%20162%20E%20fol./4/WEB_DISPLAY"/>
		</surface>
		<surface xml:id="AM02-0162E-addMat02v" n="5">
			<desc>addMat02v</desc>
			<graphic mimeType="pdf" url="AM%20162%20E%20fol./5/HIGH_QUALITY_DISPLAY"/>
			<graphic mimeType="jpg" url="AM%20162%20E%20fol./5/THUMBNAIL" width="200px" height="300px"/>
			<graphic mimeType="jpg" url="AM%20162%20E%20fol./5/SECONDARY_DISPLAY" width="3557px" height="5335px"/>
			<graphic mimeType="pdf" url="AM%20162%20E%20fol./5/WEB_DISPLAY"/>
		</surface>
		<surface xml:id="AM02-0162E-0001r" n="6">
			<desc>0001r</desc>
			<graphic mimeType="pdf" url="AM%20162%20E%20fol./6/HIGH_QUALITY_DISPLAY"/>
			<graphic mimeType="jpg" url="AM%20162%20E%20fol./6/THUMBNAIL" width="200px" height="300px"/>
			<graphic mimeType="jpg" url="AM%20162%20E%20fol./6/SECONDARY_DISPLAY" width="3557px" height="5335px"/>
			<graphic mimeType="pdf" url="AM%20162%20E%20fol./6/WEB_DISPLAY"/>
		</surface>
		<surface xml:id="AM02-0162E-0001v" n="7">
			<desc>0001v</desc>
			<graphic mimeType="pdf" url="AM%20162%20E%20fol./7/HIGH_QUALITY_DISPLAY"/>
			<graphic mimeType="jpg" url="AM%20162%20E%20fol./7/THUMBNAIL" width="200px" height="300px"/>
			<graphic mimeType="jpg" url="AM%20162%20E%20fol./7/SECONDARY_DISPLAY" width="3557px" height="5335px"/>
			<graphic mimeType="pdf" url="AM%20162%20E%20fol./7/WEB_DISPLAY"/>
		</surface>
		<surface xml:id="AM02-0162E-0002r" n="8">
			<desc>0002r</desc>
			<graphic mimeType="pdf" url="AM%20162%20E%20fol./8/HIGH_QUALITY_DISPLAY"/>
			<graphic mimeType="jpg" url="AM%20162%20E%20fol./8/THUMBNAIL" width="200px" height="300px"/>
			<graphic mimeType="jpg" url="AM%20162%20E%20fol./8/SECONDARY_DISPLAY" width="3557px" height="5335px"/>
			<graphic mimeType="pdf" url="AM%20162%20E%20fol./8/WEB_DISPLAY"/>
		</surface>
		<surface xml:id="AM02-0162E-0002v" n="9">
			<desc>0002v</desc>
			<graphic mimeType="pdf" url="AM%20162%20E%20fol./9/HIGH_QUALITY_DISPLAY"/>
			<graphic mimeType="jpg" url="AM%20162%20E%20fol./9/THUMBNAIL" width="200px" height="300px"/>
			<graphic mimeType="jpg" url="AM%20162%20E%20fol./9/SECONDARY_DISPLAY" width="3557px" height="5335px"/>
			<graphic mimeType="pdf" url="AM%20162%20E%20fol./9/WEB_DISPLAY"/>
		</surface>
		<surface xml:id="AM02-0162E-0003r" n="10">
			<desc>0003r</desc>
			<graphic mimeType="pdf" url="AM%20162%20E%20fol./10/HIGH_QUALITY_DISPLAY"/>
			<graphic mimeType="jpg" url="AM%20162%20E%20fol./10/THUMBNAIL" width="200px" height="300px"/>
			<graphic mimeType="jpg" url="AM%20162%20E%20fol./10/SECONDARY_DISPLAY" width="3557px" height="5335px"/>
			<graphic mimeType="pdf" url="AM%20162%20E%20fol./10/WEB_DISPLAY"/>
		</surface>
		<surface xml:id="AM02-0162E-0003v" n="11">
			<desc>0003v</desc>
			<graphic mimeType="pdf" url="AM%20162%20E%20fol./11/HIGH_QUALITY_DISPLAY"/>
			<graphic mimeType="jpg" url="AM%20162%20E%20fol./11/THUMBNAIL" width="200px" height="300px"/>
			<graphic mimeType="jpg" url="AM%20162%20E%20fol./11/SECONDARY_DISPLAY" width="3557px" height="5335px"/>
			<graphic mimeType="pdf" url="AM%20162%20E%20fol./11/WEB_DISPLAY"/>
		</surface>
		<surface xml:id="AM02-0162E-0004r" n="12">
			<desc>0004r</desc>
			<graphic mimeType="pdf" url="AM%20162%20E%20fol./12/HIGH_QUALITY_DISPLAY"/>
			<graphic mimeType="jpg" url="AM%20162%20E%20fol./12/THUMBNAIL" width="200px" height="300px"/>
			<graphic mimeType="jpg" url="AM%20162%20E%20fol./12/SECONDARY_DISPLAY" width="3557px" height="5335px"/>
			<graphic mimeType="pdf" url="AM%20162%20E%20fol./12/WEB_DISPLAY"/>
		</surface>
		<surface xml:id="AM02-0162E-0004v" n="13">
			<desc>0004v</desc>
			<graphic mimeType="pdf" url="AM%20162%20E%20fol./13/HIGH_QUALITY_DISPLAY"/>
			<graphic mimeType="jpg" url="AM%20162%20E%20fol./13/THUMBNAIL" width="200px" height="300px"/>
			<graphic mimeType="jpg" url="AM%20162%20E%20fol./13/SECONDARY_DISPLAY" width="3557px" height="5335px"/>
			<graphic mimeType="pdf" url="AM%20162%20E%20fol./13/WEB_DISPLAY"/>
		</surface>
		<surface xml:id="AM02-0162E-0005r" n="14">
			<desc>0005r</desc>
			<graphic mimeType="pdf" url="AM%20162%20E%20fol./14/HIGH_QUALITY_DISPLAY"/>
			<graphic mimeType="jpg" url="AM%20162%20E%20fol./14/THUMBNAIL" width="200px" height="300px"/>
			<graphic mimeType="jpg" url="AM%20162%20E%20fol./14/SECONDARY_DISPLAY" width="3557px" height="5335px"/>
			<graphic mimeType="pdf" url="AM%20162%20E%20fol./14/WEB_DISPLAY"/>
		</surface>
		<surface xml:id="AM02-0162E-0005v" n="15">
			<desc>0005v</desc>
			<graphic mimeType="pdf" url="AM%20162%20E%20fol./15/HIGH_QUALITY_DISPLAY"/>
			<graphic mimeType="jpg" url="AM%20162%20E%20fol./15/THUMBNAIL" width="200px" height="300px"/>
			<graphic mimeType="jpg" url="AM%20162%20E%20fol./15/SECONDARY_DISPLAY" width="3557px" height="5335px"/>
			<graphic mimeType="pdf" url="AM%20162%20E%20fol./15/WEB_DISPLAY"/>
		</surface>
		<surface xml:id="AM02-0162E-0006r" n="16">
			<desc>0006r</desc>
			<graphic mimeType="pdf" url="AM%20162%20E%20fol./16/HIGH_QUALITY_DISPLAY"/>
			<graphic mimeType="jpg" url="AM%20162%20E%20fol./16/THUMBNAIL" width="200px" height="300px"/>
			<graphic mimeType="jpg" url="AM%20162%20E%20fol./16/SECONDARY_DISPLAY" width="3557px" height="5335px"/>
			<graphic mimeType="pdf" url="AM%20162%20E%20fol./16/WEB_DISPLAY"/>
		</surface>
		<surface xml:id="AM02-0162E-0006v" n="17">
			<desc>0006v</desc>
			<graphic mimeType="pdf" url="AM%20162%20E%20fol./17/HIGH_QUALITY_DISPLAY"/>
			<graphic mimeType="jpg" url="AM%20162%20E%20fol./17/THUMBNAIL" width="200px" height="300px"/>
			<graphic mimeType="jpg" url="AM%20162%20E%20fol./17/SECONDARY_DISPLAY" width="3557px" height="5335px"/>
			<graphic mimeType="pdf" url="AM%20162%20E%20fol./17/WEB_DISPLAY"/>
		</surface>
		<surface xml:id="AM02-0162E-0007r" n="18">
			<desc>0007r</desc>
			<graphic mimeType="pdf" url="AM%20162%20E%20fol./18/HIGH_QUALITY_DISPLAY"/>
			<graphic mimeType="jpg" url="AM%20162%20E%20fol./18/THUMBNAIL" width="200px" height="300px"/>
			<graphic mimeType="jpg" url="AM%20162%20E%20fol./18/SECONDARY_DISPLAY" width="3557px" height="5335px"/>
			<graphic mimeType="pdf" url="AM%20162%20E%20fol./18/WEB_DISPLAY"/>
		</surface>
		<surface xml:id="AM02-0162E-0007v" n="19">
			<desc>0007v</desc>
			<graphic mimeType="pdf" url="AM%20162%20E%20fol./19/HIGH_QUALITY_DISPLAY"/>
			<graphic mimeType="jpg" url="AM%20162%20E%20fol./19/THUMBNAIL" width="200px" height="300px"/>
			<graphic mimeType="jpg" url="AM%20162%20E%20fol./19/SECONDARY_DISPLAY" width="3557px" height="5335px"/>
			<graphic mimeType="pdf" url="AM%20162%20E%20fol./19/WEB_DISPLAY"/>
		</surface>
		<surface xml:id="AM02-0162E-addMat03r" n="20">
			<desc>addMat03r</desc>
			<graphic mimeType="pdf" url="AM%20162%20E%20fol./20/HIGH_QUALITY_DISPLAY"/>
			<graphic mimeType="jpg" url="AM%20162%20E%20fol./20/THUMBNAIL" width="200px" height="300px"/>
			<graphic mimeType="jpg" url="AM%20162%20E%20fol./20/SECONDARY_DISPLAY" width="3654px" height="5481px"/>
			<graphic mimeType="pdf" url="AM%20162%20E%20fol./20/WEB_DISPLAY"/>
		</surface>
		<surface xml:id="AM02-0162E-addMat03v" n="21">
			<desc>addMat03v</desc>
			<graphic mimeType="pdf" url="AM%20162%20E%20fol./21/HIGH_QUALITY_DISPLAY"/>
			<graphic mimeType="jpg" url="AM%20162%20E%20fol./21/THUMBNAIL" width="200px" height="300px"/>
			<graphic mimeType="jpg" url="AM%20162%20E%20fol./21/SECONDARY_DISPLAY" width="3654px" height="5481px"/>
			<graphic mimeType="pdf" url="AM%20162%20E%20fol./21/WEB_DISPLAY"/>
		</surface>
		<surface xml:id="AM02-0162E-ccp" n="22">
			<desc>ccp</desc>
			<graphic mimeType="pdf" url="AM%20162%20E%20fol./22/HIGH_QUALITY_DISPLAY"/>
			<graphic mimeType="jpg" url="AM%20162%20E%20fol./22/THUMBNAIL" width="200px" height="300px"/>
			<graphic mimeType="jpg" url="AM%20162%20E%20fol./22/SECONDARY_DISPLAY" width="3557px" height="5335px"/>
			<graphic mimeType="pdf" url="AM%20162%20E%20fol./22/WEB_DISPLAY"/>
		</surface>
	</facsimile>
	<text>
  
      <body>
         


         <p/>
      </body> 
 
   </text> 

</TEI>