<?xml version="1.0" encoding="UTF-8"?>
<?oxygen RNGSchema="http://www.handrit.is/schema/handrit-1.0.rnc" type="compact"?>
<TEI xmlns="http://www.tei-c.org/ns/1.0">
   <teiHeader>
      <fileDesc>
         <titleStmt>
            <title type="main"/>
         </titleStmt>
         <publicationStmt>
            <authority>Den Arnamagnæanske Samling</authority>
            <pubPlace>København</pubPlace>
         </publicationStmt>
         <sourceDesc>
            <msDesc xml:id="AM02-0012-c-da" xml:lang="da">
               <msIdentifier>
                  <country>Danmark</country>
                  <settlement>København</settlement>
                  <repository>Den Arnamagnæanske Samling</repository>
                  <idno>AM 12 c fol.</idno>
                  <altIdentifier type="internal" subtype="KKKat">
                     <idno>23</idno>
                  </altIdentifier>
                  <altIdentifier type="former">
                     <idno>Addit. 4 fol.</idno>
                  </altIdentifier>
               </msIdentifier>
               <head>
                  <title type="uniform" xml:lang="is">Hrólfs saga kraka</title>;
                     <origPlace>Island</origPlace>, <origDate notBefore="1600" notAfter="1699" evidence="conjecture" resp="KKKat">s.
                     XVII</origDate>.</head>
               <msContents>
                  <msItem defective="true">
                     <title type="uniform" xml:lang="is">Hrólfs saga kraka</title>
                     <rubric>HER BIRIAST SAG<lb/>an<ex>n</ex> af Hrölfi Kongi
                        Kru</rubric>
                     <textLang mainLang="is">Islandsk</textLang>
                     <note>Kapitelinddeling, med undtagelse af kapitel 1.</note>
                     <bibl>Rafn: <ref type="primary-3" target="FASNRafn">Fornaldar sögur
                        Nordrlanda</ref>
                        <note>Udg. M</note>
                     </bibl>
                     <bibl/>
                  </msItem>
               </msContents>
               <physDesc>
                  <objectDesc form="codex">
                     <supportDesc material="chart">
                        <support>
                           <p>
                              <material>Papir</material>
                           </p>
                        </support>
                        <extent>15. <dimensions type="leaf" scope="all" unit="mm">
                              <height>285</height>
                              <width>185</width>
                           </dimensions>
                        </extent>
                     </supportDesc>
                  </objectDesc>
                  <handDesc>
                     <handNote scope="sole" script="other">
                        <p>Frakturskrift med mange abbreviationer.</p>
                     </handNote>
                  </handDesc>
                  <decoDesc>
                     <decoNote type="initial">
                        <p>Ornamenteret begyndelsesinitial.</p>
                     </decoNote>
                  </decoDesc>
               </physDesc>
               <history>
                  <provenance>Har sammen med en del andre håndskrifter fra <name type="org" key="AMS">Den Arnamagnæanske Samling</name> været indlemmet i <name type="org" key="KB">Det Kongelige Bibliotek</name>s additamentsamling og
                     indbundet med disse i et fælles bind.</provenance>
               </history>
               <additional>
                  <listBibl>
                     <bibl>Kålund: <ref type="secondary-1" target="KKKat">Katalog</ref>
                        <biblScope type="volume">I</biblScope>
                        <biblScope type="pages">11</biblScope>
                     </bibl>
                  </listBibl>
               </additional>
            </msDesc>
         </sourceDesc>
      </fileDesc>
   </teiHeader>
	<facsimile xml:base="https://myndir.handrit.is/file/Handrit.is/">
		<surface xml:id="AM02-0012-c-0000r-FB" n="0">
			<desc>0000r-FB</desc>
			<graphic mimeType="pdf" url="AM%2012%20c%20fol./0/HIGH_QUALITY_DISPLAY"/>
			<graphic mimeType="jpg" url="AM%2012%20c%20fol./0/THUMBNAIL" width="200px" height="282px"/>
			<graphic mimeType="jpg" url="AM%2012%20c%20fol./0/SECONDARY_DISPLAY" width="2472px" height="3488px"/>
			<graphic mimeType="pdf" url="AM%2012%20c%20fol./0/WEB_DISPLAY"/>
		</surface>
		<surface xml:id="AM02-0012-c-0000v-FB" n="1">
			<desc>0000v-FB</desc>
			<graphic mimeType="pdf" url="AM%2012%20c%20fol./1/HIGH_QUALITY_DISPLAY"/>
			<graphic mimeType="jpg" url="AM%2012%20c%20fol./1/THUMBNAIL" width="200px" height="281px"/>
			<graphic mimeType="jpg" url="AM%2012%20c%20fol./1/SECONDARY_DISPLAY" width="2480px" height="3485px"/>
			<graphic mimeType="pdf" url="AM%2012%20c%20fol./1/WEB_DISPLAY"/>
		</surface>
		<surface xml:id="AM02-0012-c-0001r-FFl" n="2">
			<desc>0001r-FFl</desc>
			<graphic mimeType="pdf" url="AM%2012%20c%20fol./2/HIGH_QUALITY_DISPLAY"/>
			<graphic mimeType="jpg" url="AM%2012%20c%20fol./2/THUMBNAIL" width="200px" height="281px"/>
			<graphic mimeType="jpg" url="AM%2012%20c%20fol./2/SECONDARY_DISPLAY" width="2480px" height="3485px"/>
			<graphic mimeType="pdf" url="AM%2012%20c%20fol./2/WEB_DISPLAY"/>
		</surface>
		<surface xml:id="AM02-0012-c-0001r" n="3">
			<desc>0001r</desc>
			<graphic mimeType="pdf" url="AM%2012%20c%20fol./3/HIGH_QUALITY_DISPLAY"/>
			<graphic mimeType="jpg" url="AM%2012%20c%20fol./3/THUMBNAIL" width="200px" height="281px"/>
			<graphic mimeType="jpg" url="AM%2012%20c%20fol./3/SECONDARY_DISPLAY" width="2480px" height="3485px"/>
			<graphic mimeType="pdf" url="AM%2012%20c%20fol./3/WEB_DISPLAY"/>
		</surface>
		<surface xml:id="AM02-0012-c-0001v-FFl" n="4">
			<desc>0001v-FFl</desc>
			<graphic mimeType="pdf" url="AM%2012%20c%20fol./4/HIGH_QUALITY_DISPLAY"/>
			<graphic mimeType="jpg" url="AM%2012%20c%20fol./4/THUMBNAIL" width="200px" height="281px"/>
			<graphic mimeType="jpg" url="AM%2012%20c%20fol./4/SECONDARY_DISPLAY" width="2480px" height="3484px"/>
			<graphic mimeType="pdf" url="AM%2012%20c%20fol./4/WEB_DISPLAY"/>
		</surface>
		<surface xml:id="AM02-0012-c-0001v" n="5">
			<desc>0001v</desc>
			<graphic mimeType="pdf" url="AM%2012%20c%20fol./5/HIGH_QUALITY_DISPLAY"/>
			<graphic mimeType="jpg" url="AM%2012%20c%20fol./5/THUMBNAIL" width="200px" height="279px"/>
			<graphic mimeType="jpg" url="AM%2012%20c%20fol./5/SECONDARY_DISPLAY" width="2496px" height="3487px"/>
			<graphic mimeType="pdf" url="AM%2012%20c%20fol./5/WEB_DISPLAY"/>
		</surface>
		<surface xml:id="AM02-0012-c-0002r-FFl" n="6">
			<desc>0002r-FFl</desc>
			<graphic mimeType="pdf" url="AM%2012%20c%20fol./6/HIGH_QUALITY_DISPLAY"/>
			<graphic mimeType="jpg" url="AM%2012%20c%20fol./6/THUMBNAIL" width="200px" height="280px"/>
			<graphic mimeType="jpg" url="AM%2012%20c%20fol./6/SECONDARY_DISPLAY" width="2488px" height="3484px"/>
			<graphic mimeType="pdf" url="AM%2012%20c%20fol./6/WEB_DISPLAY"/>
		</surface>
		<surface xml:id="AM02-0012-c-0002r" n="7">
			<desc>0002r</desc>
			<graphic mimeType="pdf" url="AM%2012%20c%20fol./7/HIGH_QUALITY_DISPLAY"/>
			<graphic mimeType="jpg" url="AM%2012%20c%20fol./7/THUMBNAIL" width="200px" height="282px"/>
			<graphic mimeType="jpg" url="AM%2012%20c%20fol./7/SECONDARY_DISPLAY" width="2472px" height="3485px"/>
			<graphic mimeType="pdf" url="AM%2012%20c%20fol./7/WEB_DISPLAY"/>
		</surface>
		<surface xml:id="AM02-0012-c-0002v-FFl" n="8">
			<desc>0002v-FFl</desc>
			<graphic mimeType="pdf" url="AM%2012%20c%20fol./8/HIGH_QUALITY_DISPLAY"/>
			<graphic mimeType="jpg" url="AM%2012%20c%20fol./8/THUMBNAIL" width="200px" height="282px"/>
			<graphic mimeType="jpg" url="AM%2012%20c%20fol./8/SECONDARY_DISPLAY" width="2472px" height="3485px"/>
			<graphic mimeType="pdf" url="AM%2012%20c%20fol./8/WEB_DISPLAY"/>
		</surface>
		<surface xml:id="AM02-0012-c-0002v" n="9">
			<desc>0002v</desc>
			<graphic mimeType="pdf" url="AM%2012%20c%20fol./9/HIGH_QUALITY_DISPLAY"/>
			<graphic mimeType="jpg" url="AM%2012%20c%20fol./9/THUMBNAIL" width="200px" height="281px"/>
			<graphic mimeType="jpg" url="AM%2012%20c%20fol./9/SECONDARY_DISPLAY" width="2480px" height="3486px"/>
			<graphic mimeType="pdf" url="AM%2012%20c%20fol./9/WEB_DISPLAY"/>
		</surface>
		<surface xml:id="AM02-0012-c-0003r" n="10">
			<desc>0003r</desc>
			<graphic mimeType="pdf" url="AM%2012%20c%20fol./10/HIGH_QUALITY_DISPLAY"/>
			<graphic mimeType="jpg" url="AM%2012%20c%20fol./10/THUMBNAIL" width="200px" height="281px"/>
			<graphic mimeType="jpg" url="AM%2012%20c%20fol./10/SECONDARY_DISPLAY" width="2480px" height="3489px"/>
			<graphic mimeType="pdf" url="AM%2012%20c%20fol./10/WEB_DISPLAY"/>
		</surface>
		<surface xml:id="AM02-0012-c-0003v" n="11">
			<desc>0003v</desc>
			<graphic mimeType="pdf" url="AM%2012%20c%20fol./11/HIGH_QUALITY_DISPLAY"/>
			<graphic mimeType="jpg" url="AM%2012%20c%20fol./11/THUMBNAIL" width="200px" height="282px"/>
			<graphic mimeType="jpg" url="AM%2012%20c%20fol./11/SECONDARY_DISPLAY" width="2472px" height="3489px"/>
			<graphic mimeType="pdf" url="AM%2012%20c%20fol./11/WEB_DISPLAY"/>
		</surface>
		<surface xml:id="AM02-0012-c-0004r" n="12">
			<desc>0004r</desc>
			<graphic mimeType="pdf" url="AM%2012%20c%20fol./12/HIGH_QUALITY_DISPLAY"/>
			<graphic mimeType="jpg" url="AM%2012%20c%20fol./12/THUMBNAIL" width="200px" height="280px"/>
			<graphic mimeType="jpg" url="AM%2012%20c%20fol./12/SECONDARY_DISPLAY" width="2488px" height="3484px"/>
			<graphic mimeType="pdf" url="AM%2012%20c%20fol./12/WEB_DISPLAY"/>
		</surface>
		<surface xml:id="AM02-0012-c-0004v" n="13">
			<desc>0004v</desc>
			<graphic mimeType="pdf" url="AM%2012%20c%20fol./13/HIGH_QUALITY_DISPLAY"/>
			<graphic mimeType="jpg" url="AM%2012%20c%20fol./13/THUMBNAIL" width="200px" height="281px"/>
			<graphic mimeType="jpg" url="AM%2012%20c%20fol./13/SECONDARY_DISPLAY" width="2480px" height="3485px"/>
			<graphic mimeType="pdf" url="AM%2012%20c%20fol./13/WEB_DISPLAY"/>
		</surface>
		<surface xml:id="AM02-0012-c-0005r" n="14">
			<desc>0005r</desc>
			<graphic mimeType="pdf" url="AM%2012%20c%20fol./14/HIGH_QUALITY_DISPLAY"/>
			<graphic mimeType="jpg" url="AM%2012%20c%20fol./14/THUMBNAIL" width="200px" height="281px"/>
			<graphic mimeType="jpg" url="AM%2012%20c%20fol./14/SECONDARY_DISPLAY" width="2480px" height="3487px"/>
			<graphic mimeType="pdf" url="AM%2012%20c%20fol./14/WEB_DISPLAY"/>
		</surface>
		<surface xml:id="AM02-0012-c-0005v" n="15">
			<desc>0005v</desc>
			<graphic mimeType="pdf" url="AM%2012%20c%20fol./15/HIGH_QUALITY_DISPLAY"/>
			<graphic mimeType="jpg" url="AM%2012%20c%20fol./15/THUMBNAIL" width="200px" height="282px"/>
			<graphic mimeType="jpg" url="AM%2012%20c%20fol./15/SECONDARY_DISPLAY" width="2472px" height="3484px"/>
			<graphic mimeType="pdf" url="AM%2012%20c%20fol./15/WEB_DISPLAY"/>
		</surface>
		<surface xml:id="AM02-0012-c-0006r" n="16">
			<desc>0006r</desc>
			<graphic mimeType="pdf" url="AM%2012%20c%20fol./16/HIGH_QUALITY_DISPLAY"/>
			<graphic mimeType="jpg" url="AM%2012%20c%20fol./16/THUMBNAIL" width="200px" height="282px"/>
			<graphic mimeType="jpg" url="AM%2012%20c%20fol./16/SECONDARY_DISPLAY" width="2472px" height="3487px"/>
			<graphic mimeType="pdf" url="AM%2012%20c%20fol./16/WEB_DISPLAY"/>
		</surface>
		<surface xml:id="AM02-0012-c-0006v" n="17">
			<desc>0006v</desc>
			<graphic mimeType="pdf" url="AM%2012%20c%20fol./17/HIGH_QUALITY_DISPLAY"/>
			<graphic mimeType="jpg" url="AM%2012%20c%20fol./17/THUMBNAIL" width="200px" height="281px"/>
			<graphic mimeType="jpg" url="AM%2012%20c%20fol./17/SECONDARY_DISPLAY" width="2480px" height="3486px"/>
			<graphic mimeType="pdf" url="AM%2012%20c%20fol./17/WEB_DISPLAY"/>
		</surface>
		<surface xml:id="AM02-0012-c-0007r" n="18">
			<desc>0007r</desc>
			<graphic mimeType="pdf" url="AM%2012%20c%20fol./18/HIGH_QUALITY_DISPLAY"/>
			<graphic mimeType="jpg" url="AM%2012%20c%20fol./18/THUMBNAIL" width="200px" height="282px"/>
			<graphic mimeType="jpg" url="AM%2012%20c%20fol./18/SECONDARY_DISPLAY" width="2472px" height="3486px"/>
			<graphic mimeType="pdf" url="AM%2012%20c%20fol./18/WEB_DISPLAY"/>
		</surface>
		<surface xml:id="AM02-0012-c-0007v" n="19">
			<desc>0007v</desc>
			<graphic mimeType="pdf" url="AM%2012%20c%20fol./19/HIGH_QUALITY_DISPLAY"/>
			<graphic mimeType="jpg" url="AM%2012%20c%20fol./19/THUMBNAIL" width="200px" height="281px"/>
			<graphic mimeType="jpg" url="AM%2012%20c%20fol./19/SECONDARY_DISPLAY" width="2480px" height="3486px"/>
			<graphic mimeType="pdf" url="AM%2012%20c%20fol./19/WEB_DISPLAY"/>
		</surface>
		<surface xml:id="AM02-0012-c-0008r" n="20">
			<desc>0008r</desc>
			<graphic mimeType="pdf" url="AM%2012%20c%20fol./20/HIGH_QUALITY_DISPLAY"/>
			<graphic mimeType="jpg" url="AM%2012%20c%20fol./20/THUMBNAIL" width="200px" height="281px"/>
			<graphic mimeType="jpg" url="AM%2012%20c%20fol./20/SECONDARY_DISPLAY" width="2480px" height="3487px"/>
			<graphic mimeType="pdf" url="AM%2012%20c%20fol./20/WEB_DISPLAY"/>
		</surface>
		<surface xml:id="AM02-0012-c-0008v" n="21">
			<desc>0008v</desc>
			<graphic mimeType="pdf" url="AM%2012%20c%20fol./21/HIGH_QUALITY_DISPLAY"/>
			<graphic mimeType="jpg" url="AM%2012%20c%20fol./21/THUMBNAIL" width="200px" height="280px"/>
			<graphic mimeType="jpg" url="AM%2012%20c%20fol./21/SECONDARY_DISPLAY" width="2488px" height="3488px"/>
			<graphic mimeType="pdf" url="AM%2012%20c%20fol./21/WEB_DISPLAY"/>
		</surface>
		<surface xml:id="AM02-0012-c-0009r" n="22">
			<desc>0009r</desc>
			<graphic mimeType="pdf" url="AM%2012%20c%20fol./22/HIGH_QUALITY_DISPLAY"/>
			<graphic mimeType="jpg" url="AM%2012%20c%20fol./22/THUMBNAIL" width="200px" height="281px"/>
			<graphic mimeType="jpg" url="AM%2012%20c%20fol./22/SECONDARY_DISPLAY" width="2480px" height="3487px"/>
			<graphic mimeType="pdf" url="AM%2012%20c%20fol./22/WEB_DISPLAY"/>
		</surface>
		<surface xml:id="AM02-0012-c-0009v" n="23">
			<desc>0009v</desc>
			<graphic mimeType="pdf" url="AM%2012%20c%20fol./23/HIGH_QUALITY_DISPLAY"/>
			<graphic mimeType="jpg" url="AM%2012%20c%20fol./23/THUMBNAIL" width="200px" height="281px"/>
			<graphic mimeType="jpg" url="AM%2012%20c%20fol./23/SECONDARY_DISPLAY" width="2480px" height="3484px"/>
			<graphic mimeType="pdf" url="AM%2012%20c%20fol./23/WEB_DISPLAY"/>
		</surface>
		<surface xml:id="AM02-0012-c-0010r" n="24">
			<desc>0010r</desc>
			<graphic mimeType="pdf" url="AM%2012%20c%20fol./24/HIGH_QUALITY_DISPLAY"/>
			<graphic mimeType="jpg" url="AM%2012%20c%20fol./24/THUMBNAIL" width="200px" height="281px"/>
			<graphic mimeType="jpg" url="AM%2012%20c%20fol./24/SECONDARY_DISPLAY" width="2480px" height="3486px"/>
			<graphic mimeType="pdf" url="AM%2012%20c%20fol./24/WEB_DISPLAY"/>
		</surface>
		<surface xml:id="AM02-0012-c-0010v" n="25">
			<desc>0010v</desc>
			<graphic mimeType="pdf" url="AM%2012%20c%20fol./25/HIGH_QUALITY_DISPLAY"/>
			<graphic mimeType="jpg" url="AM%2012%20c%20fol./25/THUMBNAIL" width="200px" height="280px"/>
			<graphic mimeType="jpg" url="AM%2012%20c%20fol./25/SECONDARY_DISPLAY" width="2488px" height="3486px"/>
			<graphic mimeType="pdf" url="AM%2012%20c%20fol./25/WEB_DISPLAY"/>
		</surface>
		<surface xml:id="AM02-0012-c-0011r" n="26">
			<desc>0011r</desc>
			<graphic mimeType="pdf" url="AM%2012%20c%20fol./26/HIGH_QUALITY_DISPLAY"/>
			<graphic mimeType="jpg" url="AM%2012%20c%20fol./26/THUMBNAIL" width="200px" height="284px"/>
			<graphic mimeType="jpg" url="AM%2012%20c%20fol./26/SECONDARY_DISPLAY" width="2464px" height="3492px"/>
			<graphic mimeType="pdf" url="AM%2012%20c%20fol./26/WEB_DISPLAY"/>
		</surface>
		<surface xml:id="AM02-0012-c-0011v" n="27">
			<desc>0011v</desc>
			<graphic mimeType="pdf" url="AM%2012%20c%20fol./27/HIGH_QUALITY_DISPLAY"/>
			<graphic mimeType="jpg" url="AM%2012%20c%20fol./27/THUMBNAIL" width="200px" height="281px"/>
			<graphic mimeType="jpg" url="AM%2012%20c%20fol./27/SECONDARY_DISPLAY" width="2480px" height="3491px"/>
			<graphic mimeType="pdf" url="AM%2012%20c%20fol./27/WEB_DISPLAY"/>
		</surface>
		<surface xml:id="AM02-0012-c-0012r" n="28">
			<desc>0012r</desc>
			<graphic mimeType="pdf" url="AM%2012%20c%20fol./28/HIGH_QUALITY_DISPLAY"/>
			<graphic mimeType="jpg" url="AM%2012%20c%20fol./28/THUMBNAIL" width="200px" height="281px"/>
			<graphic mimeType="jpg" url="AM%2012%20c%20fol./28/SECONDARY_DISPLAY" width="2488px" height="3491px"/>
			<graphic mimeType="pdf" url="AM%2012%20c%20fol./28/WEB_DISPLAY"/>
		</surface>
		<surface xml:id="AM02-0012-c-0012v" n="29">
			<desc>0012v</desc>
			<graphic mimeType="pdf" url="AM%2012%20c%20fol./29/HIGH_QUALITY_DISPLAY"/>
			<graphic mimeType="jpg" url="AM%2012%20c%20fol./29/THUMBNAIL" width="200px" height="281px"/>
			<graphic mimeType="jpg" url="AM%2012%20c%20fol./29/SECONDARY_DISPLAY" width="2488px" height="3495px"/>
			<graphic mimeType="pdf" url="AM%2012%20c%20fol./29/WEB_DISPLAY"/>
		</surface>
		<surface xml:id="AM02-0012-c-0013r" n="30">
			<desc>0013r</desc>
			<graphic mimeType="pdf" url="AM%2012%20c%20fol./30/HIGH_QUALITY_DISPLAY"/>
			<graphic mimeType="jpg" url="AM%2012%20c%20fol./30/THUMBNAIL" width="200px" height="281px"/>
			<graphic mimeType="jpg" url="AM%2012%20c%20fol./30/SECONDARY_DISPLAY" width="2488px" height="3493px"/>
			<graphic mimeType="pdf" url="AM%2012%20c%20fol./30/WEB_DISPLAY"/>
		</surface>
		<surface xml:id="AM02-0012-c-0013v" n="31">
			<desc>0013v</desc>
			<graphic mimeType="pdf" url="AM%2012%20c%20fol./31/HIGH_QUALITY_DISPLAY"/>
			<graphic mimeType="jpg" url="AM%2012%20c%20fol./31/THUMBNAIL" width="200px" height="281px"/>
			<graphic mimeType="jpg" url="AM%2012%20c%20fol./31/SECONDARY_DISPLAY" width="2480px" height="3491px"/>
			<graphic mimeType="pdf" url="AM%2012%20c%20fol./31/WEB_DISPLAY"/>
		</surface>
		<surface xml:id="AM02-0012-c-0014r" n="32">
			<desc>0014r</desc>
			<graphic mimeType="pdf" url="AM%2012%20c%20fol./32/HIGH_QUALITY_DISPLAY"/>
			<graphic mimeType="jpg" url="AM%2012%20c%20fol./32/THUMBNAIL" width="200px" height="281px"/>
			<graphic mimeType="jpg" url="AM%2012%20c%20fol./32/SECONDARY_DISPLAY" width="2488px" height="3494px"/>
			<graphic mimeType="pdf" url="AM%2012%20c%20fol./32/WEB_DISPLAY"/>
		</surface>
		<surface xml:id="AM02-0012-c-0014v" n="33">
			<desc>0014v</desc>
			<graphic mimeType="pdf" url="AM%2012%20c%20fol./33/HIGH_QUALITY_DISPLAY"/>
			<graphic mimeType="jpg" url="AM%2012%20c%20fol./33/THUMBNAIL" width="200px" height="281px"/>
			<graphic mimeType="jpg" url="AM%2012%20c%20fol./33/SECONDARY_DISPLAY" width="2488px" height="3493px"/>
			<graphic mimeType="pdf" url="AM%2012%20c%20fol./33/WEB_DISPLAY"/>
		</surface>
		<surface xml:id="AM02-0012-c-0015r" n="34">
			<desc>0015r</desc>
			<graphic mimeType="pdf" url="AM%2012%20c%20fol./34/HIGH_QUALITY_DISPLAY"/>
			<graphic mimeType="jpg" url="AM%2012%20c%20fol./34/THUMBNAIL" width="200px" height="281px"/>
			<graphic mimeType="jpg" url="AM%2012%20c%20fol./34/SECONDARY_DISPLAY" width="2480px" height="3492px"/>
			<graphic mimeType="pdf" url="AM%2012%20c%20fol./34/WEB_DISPLAY"/>
		</surface>
		<surface xml:id="AM02-0012-c-0015v" n="35">
			<desc>0015v</desc>
			<graphic mimeType="pdf" url="AM%2012%20c%20fol./35/HIGH_QUALITY_DISPLAY"/>
			<graphic mimeType="jpg" url="AM%2012%20c%20fol./35/THUMBNAIL" width="200px" height="281px"/>
			<graphic mimeType="jpg" url="AM%2012%20c%20fol./35/SECONDARY_DISPLAY" width="2488px" height="3492px"/>
			<graphic mimeType="pdf" url="AM%2012%20c%20fol./35/WEB_DISPLAY"/>
		</surface>
		<surface xml:id="AM02-0012-c-9901r-RFl" n="36">
			<desc>9901r-RFl</desc>
			<graphic mimeType="pdf" url="AM%2012%20c%20fol./36/HIGH_QUALITY_DISPLAY"/>
			<graphic mimeType="jpg" url="AM%2012%20c%20fol./36/THUMBNAIL" width="200px" height="281px"/>
			<graphic mimeType="jpg" url="AM%2012%20c%20fol./36/SECONDARY_DISPLAY" width="2488px" height="3491px"/>
			<graphic mimeType="pdf" url="AM%2012%20c%20fol./36/WEB_DISPLAY"/>
		</surface>
		<surface xml:id="AM02-0012-c-9999r-RB" n="37">
			<desc>9999r-RB</desc>
			<graphic mimeType="pdf" url="AM%2012%20c%20fol./37/HIGH_QUALITY_DISPLAY"/>
			<graphic mimeType="jpg" url="AM%2012%20c%20fol./37/THUMBNAIL" width="200px" height="282px"/>
			<graphic mimeType="jpg" url="AM%2012%20c%20fol./37/SECONDARY_DISPLAY" width="2480px" height="3493px"/>
			<graphic mimeType="pdf" url="AM%2012%20c%20fol./37/WEB_DISPLAY"/>
		</surface>
		<surface xml:id="AM02-0012-c-9999v-RB" n="38">
			<desc>9999v-RB</desc>
			<graphic mimeType="pdf" url="AM%2012%20c%20fol./38/HIGH_QUALITY_DISPLAY"/>
			<graphic mimeType="jpg" url="AM%2012%20c%20fol./38/THUMBNAIL" width="200px" height="281px"/>
			<graphic mimeType="jpg" url="AM%2012%20c%20fol./38/SECONDARY_DISPLAY" width="2480px" height="3487px"/>
			<graphic mimeType="pdf" url="AM%2012%20c%20fol./38/WEB_DISPLAY"/>
		</surface>
	</facsimile>
</TEI>