<?xml version="1.0" encoding="UTF-8"?>
<?oxygen RNGSchema="http://www.handrit.is/schema/handrit-1.0.rnc" type="compact"?>
<TEI xmlns="http://www.tei-c.org/ns/1.0">
	<teiHeader>
		<fileDesc>
			<titleStmt>
				<title>Handritaskrá Árnastofnunar</title>
			</titleStmt>
			<publicationStmt>
				<p>Tilraunaútgáfa</p>
			</publicationStmt>
			<sourceDesc>
				<msDesc xml:lang="is" xml:id="AM02-0155-is">
					<msIdentifier>
						<country key="IS">Ísland</country>
						<settlement>Reykjavík</settlement>
						<institution>Stofnun Árna Magnússonar í íslenskum fræðum</institution>
						<repository>Handritasvið</repository>
						<collection>Safn Árna Magnússonar</collection>
						<idno>AM 155 fol.</idno>
						<altIdentifier type="internal" subtype="KKKat">
							<idno>184</idno>
						</altIdentifier>
					</msIdentifier>
					<!-- Not: Lagt til grund ved udg. Biskupa sögur I, 1858; sml. Grönl. hist. M. II, 729 (hvor codex fejlagtig er anfört som 4to).
The Arna-Magnæan maunuscript 557 4to containing inter alia the History of the first discovery of America. Strömback (a með tveimur deplum), Dag, ed. Copenhagen: Munksgaard; 1949. (Corpus codicum Islandicorum medii aevi; 13).
Biskupa sögur I. Kaupmannahöfn: Hið íslenzka bókmenntafélag; 1858.
Bjarni Einarsson. Litterære forudsætninger for Egils saga. Reykjavík: Stofnun Árna Magnússonar; 1975. 299 s. (Rit; 8)
Guðrún P. Helgadóttir. Hrafns saga Sveinbjarnarsonar og Sturlunga saga. On the working method of the compilator of Sturlunga saga when including Hrafns saga in his antology. Gripla. 1993; 8:55-80.
Hrafns saga Sveinbjarnarsonar. B-redaktionen. Hasle, Annette, ed. Hafniæ: Munksgaard; 1967. (Editiones Arnamagnæanæ. Series B; 25)
Hreinn Benediktsson. Linguistic studies, historical and comparative. Reykjavík: Institute of Linguistics; 2002.
Jón Helgason. Smaastykker 1-5. Opuscula. 1970; 4 (Bibliotheca Arnamagnæana; 30): 350-363.
Membrana Regia Deperdita. Loth, Agnete, ed. Hafniæ: Munksgaard; 1960. xcv, 248 s. (Editiones Arnamagnæanæ. Series A; 5).
Strömback (a með tveimur deplum), Dag. Introduction. The Arna-Magnæan manuscript 557 4to containing inter alia the Histoy of the first discovery of America. Copenhagen: Munksgaard; 1949; pp. 7-40.-->
					<msContents>
						<textLang mainLang="is">Íslenska</textLang>



						<msItem defective="false" class="samt" xml:lang="is" n="1">
							<locus from="1r" facs="#AM02-0155-0001r" to="31v">1r-31v</locus>
							<title type="uniform">Hrafns saga Sveinbjarnarsonar</title>
							<rubric>Hér byrjar sögu af Hrafni á Hrafnseyri.</rubric>


							<msItem defective="false" class="formal" xml:lang="is" n="1.1">
								<locus from="1r" facs="#AM02-0155-0001r" to="1r">1r</locus>
								<title type="supplied">Formáli</title>
								<rubric>Prologus.</rubric>
								<incipit>[A]tburðir margir þeir er verða falla mönnum oft úr minni …</incipit>
								<explicit>… að hver má geyra(!) það sem vill, gott eður
								illt.</explicit>
							</msItem>

							<msItem defective="false" class="samt" xml:lang="is" n="1.2">
								<locus from="1r" facs="#AM02-0155-0001r" to="31v">1r-31v</locus>
								<title type="uniform">Hrafns saga Sveinbjarnarsonar</title>
								<incipit>[S]veinbjörn hét maður, son Bárðar svarta …</incipit>
								<explicit>… og Jóns og Herdísar móður Einars Bergssonar.</explicit>
							</msItem>

						</msItem>
					</msContents>
					<physDesc>
						<objectDesc form="codex">
							<supportDesc material="chart">
								<support>
									<p>Pappír með vatnsmerkjum.</p>
									<p>
										<watermark n="1">
											Vatnsmerki 1. Aðalmerki:
											<ref target="watermark:K7-1">Tveir turnar með tveimur egglaga gluggum</ref>
											(
											<locus from="1r" to="1v">1</locus>
											,
											<locus from="4r" to="5v">4-5</locus>
											,
											<locus from="8r" to="9v">8-9</locus>
											,
											<locus from="11r" to="11v">11</locus>
											,
											<locus from="13r" to="13v">13</locus>
											,
											<locus from="15r" to="15v">15</locus>
											,
											<locus from="17r" to="17v">17</locus>
											,
											<locus from="19r" to="19v">19</locus>
											,
											<locus from="21r" to="22v">21-22</locus>
											,
											<locus from="24r" to="24v">24</locus>
											,
											<locus from="26r" to="26v">26</locus>
											,
											<locus from="28r" to="28v">28</locus>
											)
											// Mótmerki:
											<ref target="watermark:X2">Fangamark PH</ref>
											(
											<locus from="2r" to="3">2-3</locus>
											,
											<locus from="6r" to="7v">6-7</locus>
											,
											<locus from="10r" to="10v">10</locus>
											,
											<locus from="12r" to="12v">12</locus>
											,
											<locus from="14r" to="14v">14</locus>
											,
											<locus from="16r" to="16v">16</locus>
											,
											<locus from="18r" to="18v">18</locus>
											,
											<locus from="20r" to="20v">20</locus>
											,
											<locus from="23r" to="23v">23</locus>
											,
											<locus from="25r" to="25v">25</locus>
											,
											<locus from="27r" to="27v">27</locus>
											,
											<locus from="29r" to="31v">29-31</locus>
											).
										</watermark>
									</p>
								</support>
								<extent>iii + 31 blað + i; blað <locus from="31v" facs="#AM02-0155-0031v" to="31v"> 31v </locus> er autt
										(<dimensions type="leaf" unit="mm" scope="all">
										<height>288</height>
										<width>186</width>
									</dimensions>).</extent>

								<foliation>
									<p>
										<list>
											<item>Tölusetning blaða: 1-31.</item>
										</list>
									</p>
								</foliation>
								<collation>
									<p>Þrjú kver.<list>
											<item n="1">Kver I: blöð 1-10, 5 tvinn.</item>
											<item n="2">Kver II: blöð 11-20, 5 tvinn.</item>
											<item n="3">Kver III: blöð 21-31, 5 tvinn + 1 stakt
												blað.</item>
										</list>
									</p>
								</collation>

								<condition>
									<p>
										<list>
											<item>Víða eru eyður þar sem ólæsileg orð hafa verið í
												forritinu.</item>
											<item>Texti sést sumstaðar í gegn (sjá blöð <locus from="17r" facs="#AM02-0155-0017r" to="18v">17r
												-18v</locus> og á fleiri stöðum).</item>
										</list>
									</p>
								</condition>

							</supportDesc>
							<layoutDesc>
								<layout columns="1" writtenLines="23 24">
									<p>
										<list>
											<item>Eindálka. </item>
											<item>Leturflötur er ca <dimensions type="leaf" unit="mm">
												<height>240</height>
												<width>140</width>
												</dimensions>.</item>
											<item>Línufjöldi er ca 23-24.</item>
											<item>Eyður fyrir upphafsstafi flestra kafla; á fjórum
												stöðum hefur upphafsstafur verið dreginn <locus from="2v" facs="#AM02-0155-0002v" to="2v">2v</locus>, <locus from="9v" facs="#AM02-0155-0009v" to="9v">9v</locus>,
												<locus from="16v" facs="#AM02-0155-0016v" to="16v">16v</locus>, <locus from="19v" facs="#AM02-0155-0019v" to="19v">19v</locus>.</item>
											<item>
												<catchwords>Griporð koma fyrir á fjórum stöðum:
												<locus from="6r" facs="#AM02-0155-0006r" to="6r">6r</locus>, <locus from="10v" facs="#AM02-0155-0010v" to="10v">10v</locus>, <locus from="20v" facs="#AM02-0155-0020v" to="20v">20v</locus>, <locus from="30v" facs="#AM02-0155-0030v" to="30v">30v</locus>.</catchwords>
											</item>
										</list>
									</p>
								</layout>
							</layoutDesc>

						</objectDesc>
						<handDesc hands="1">
							<handNote scribe="JonErl001" script="hybrida" scope="major">
								<list>
									<item>Með hendi <name key="JonErl001" type="person">Jóns
											Erlendssonar</name>; blendingsskrift.</item>
								</list>
							</handNote>
						</handDesc>

						<additions>
							<p>
								<list>
									<item>Kaflamerkingum hefur verið bætt við kafla i-iv (sjá blöð
											<locus from="1r" facs="#AM02-0155-001r" to="2v">1r-2v</locus>) en á því er ekki áframhald að því er best
										verður séð.</item>
								</list>
							</p>
						</additions>

						<bindingDesc>
							<binding contemporary="unknown">
								<p>Band (<dimensions type="binding" unit="mm">
										<height>288</height>
										<width>188</width>
										<depth>12</depth>
									</dimensions>) er frá 1700-1730: <list>
										<item>Spjöld og kjölur eru klædd bókfelli.</item>
										<item>Merki um bláan safnmarksmiða er á kili.</item>
									</list></p>
							</binding>
						</bindingDesc>

						<accMat>
							<p>
								<list>
									<item>Fastur <locus from="accMat01r" facs="#AM02-0155-accMat01r" to="accMat01r">seðill </locus>(<dimensions type="slip" unit="mm">
											<height>110</height>
											<width>114</width>
										</dimensions>) með hendi <name key="ArnMag001" type="person">Árna Magnússonar</name>: <quote type="AMSlip" xml:lang="is">Hrafns saga Sveinbjarnarsonar. Úr bók
											Þorbjargar Vigfúsdóttur frá séra Þórði
									Jonssyni.</quote></item>
								</list>
							</p>
						</accMat>
					</physDesc>
					<history>

						<origin notBefore="1625" notAfter="1672">
							<p>Handritið er skrifað á <origPlace key="IS">Íslandi</origPlace> og
								tímasett til 17. aldar í <bibl>
									<ref target="KKKat">Katalog I</ref>
								</bibl>, bls. 108, en virkt skriftartímabil skrifara var ca
									<origDate notBefore="1625" notAfter="1672">1625-1672.</origDate>
							</p>
							<p>Það er skrifað eftir skinnhandriti sem glataðist við bruna
								háskólabókasafnsins 1728 (hinu sama og <ref target="AM02-0154" type="ms">AM 154 fol.</ref> er skrifað eftir). </p>
							<p>Handritið var áður hluti af stærri bók (sbr.<locus from="accMat01r" facs="#AM02-0155-accMat01r" to="accMat01r"> seðil</locus>). Í
								þeirri bók voru einnig <ref target="AM02-0013" type="ms">AM 13
								fol.</ref>, <ref target="AM02-0342" type="ms">AM 342 fol.</ref>,
									<ref target="AM02-0113b" type="ms">AM 113 b fol.</ref>, <ref target="AM02-0113c" type="ms">AM 113 c fol.</ref> og <ref target="AM02-0185" type="ms">AM 185 fol.</ref>
							</p>

						</origin>

						<provenance>
							<p>Bókin sem handritið tilheyrði var í eigu <name key="ThoVig002" type="person">Þorbjargar Vigfúsdóttur</name>, en <name key="ArnMag001" type="person">Árni Magnússon</name> fékk hana
								frá sr. <name key="ThoJon007" type="person">Þórði Jónssyni</name>,
								bróðursyni hennar (sbr. <locus from="accMat01r" facs="#AM02-0155-accMat01r" to="accMat01">seðil</locus>). </p>
						</provenance>
						<acquisition when="1974-03-27">
							<p>Stofnun Árna Magnússonar á Íslandi tók við handritinu 27. mars
							1974.</p>
						</acquisition>
					</history>
					<additional>
						<adminInfo>
							<recordHist>
								<source>
									<p>
										<name key="KriKaa001" type="person">Kålund</name> gekk frá
										handritinu til skráningar <date when="1885-12-02">2.
											desember 1885</date>,
										<bibl>
											<ref target="KKKat">Katalog I;</ref>
										</bibl>bls. 108 (nr. 184), <name key="DriThr001" type="person">DKÞ</name> færði inn grunnupplýsingar
											<date when="2001-03-19">19. mars 2001</date>, <name type="person" key="ValHil001">VH</name> skráði handritið
										samkvæmt TEIP5 reglum <date when="2008-11-27">27. nóvember
											2008</date>; lagfærði í<date when="2010-11">nóvember
											2011.</date> <name key="ThuSig002" type="person">ÞÓS</name> skráði <date when="2020-06-19">19. júní 2020</date>.
									</p>
								</source>

							</recordHist>
						</adminInfo>
						<surrogates>
							<p>Svart-hvítar ljósmyndir á Det Arnamagnæanske Institut í
								Kaupmannahöfn.</p>
						</surrogates>
						<listBibl>
							<bibl>Hið Íslenzka bókmenntafélag 1858, <ref type="secondary-2" target="unknown03">Biskupa sögur
							</ref><biblScope type="volume">I</biblScope><biblScope type="pages">lxxiv</biblScope>;</bibl>
							<bibl>Bjarni Einarsson 1975, <ref target="BjaEin1975a">Litterære forudsætninger for Egils sag</ref></bibl>
							<bibl>Guðrún Ása Grímsdóttir 2008, <ref target="GuðGrí2008a">Ættartölusafnrit séra Þórðar Jónssonar í Hítardal</ref></bibl>
							<bibl>Guðrún P. Helgadóttir 1993, <ref target="GuðHel1993a">Hrafns saga Sveinbjarnarsonar og Sturlunga saga. On the working method of the compilator of Sturlunga saga when including Hrafns saga in his antology</ref></bibl>
							<bibl>Hasle, A. 1967, <ref target="AnnHas1967a">Hrafns saga Sveinbjarnarsonar. B-redaktionen</ref></bibl>
							<bibl>Hreinn Benediktsson 2002, <ref target="HreBen2002a">Linguistic studies, historical and comparative</ref></bibl>
							<bibl>Jón Helgason 1970, <ref target="JónHel0834a">Småstykker 1-5</ref></bibl>
							<bibl>Loth, A. 1960, <ref target="AgnLot1960a">Membrana Regia Deperdit</ref></bibl>
							<bibl>Margrét Eggertsdóttir 2010, <ref target="MarEgg2010a">Handritamiðstöðin í Skálholti</ref></bibl>
							<bibl>Strömbäck, D. 1949, <ref target="DagStr1949a">The Arna-Magnæan manuscript 557 4to containing inter alia the History of the first discovery of America</ref></bibl>
							<bibl>Strömbäck, D. 1949, <ref target="DagStr1949b">Introduction The Arna-Magnæan manuscript 557 4to containing inter alia the History of the first discovery of America</ref></bibl>
							<bibl>Þorleifur Hauksson 2006, <ref target="ÞorHau2006a">Grýla Karls ábóta</ref></bibl>
						</listBibl>
					</additional>
				</msDesc>
			</sourceDesc>
		</fileDesc>
		<revisionDesc>
			<change when="2008-10" who="#EriHas01">Migrated from MASTER to P5</change>
		</revisionDesc>
	</teiHeader>
	<facsimile xml:base="https://myndir.handrit.is/file/Handrit.is/">
		<surface xml:id="AM02-0155-0000r-FB" n="0">
			<desc>0000r-FB</desc>
			<graphic mimeType="pdf" url="AM%20155%20fol/0/HIGH_QUALITY_DISPLAY"/>
			<graphic mimeType="jpg" url="AM%20155%20fol/0/THUMBNAIL" width="200px" height="295px"/>
			<graphic mimeType="jpg" url="AM%20155%20fol/0/SECONDARY_DISPLAY" width="2904px" height="4284px"/>
			<graphic mimeType="pdf" url="AM%20155%20fol/0/WEB_DISPLAY"/>
		</surface>
		<surface xml:id="AM02-0155-0000v-FB" n="1">
			<desc>0000v-FB</desc>
			<graphic mimeType="pdf" url="AM%20155%20fol/1/HIGH_QUALITY_DISPLAY"/>
			<graphic mimeType="jpg" url="AM%20155%20fol/1/THUMBNAIL" width="195px" height="300px"/>
			<graphic mimeType="jpg" url="AM%20155%20fol/1/SECONDARY_DISPLAY" width="2783px" height="4284px"/>
			<graphic mimeType="pdf" url="AM%20155%20fol/1/WEB_DISPLAY"/>
		</surface>
		<surface xml:id="AM02-0155-0001r-FFl" n="2">
			<desc>0001r-FFl</desc>
			<graphic mimeType="pdf" url="AM%20155%20fol/2/HIGH_QUALITY_DISPLAY"/>
			<graphic mimeType="jpg" url="AM%20155%20fol/2/THUMBNAIL" width="195px" height="300px"/>
			<graphic mimeType="jpg" url="AM%20155%20fol/2/SECONDARY_DISPLAY" width="2783px" height="4284px"/>
			<graphic mimeType="pdf" url="AM%20155%20fol/2/WEB_DISPLAY"/>
		</surface>
		<surface xml:id="AM02-0155-0001v-FFl" n="3">
			<desc>0001v-FFl</desc>
			<graphic mimeType="pdf" url="AM%20155%20fol/3/HIGH_QUALITY_DISPLAY"/>
			<graphic mimeType="jpg" url="AM%20155%20fol/3/THUMBNAIL" width="194px" height="300px"/>
			<graphic mimeType="jpg" url="AM%20155%20fol/3/SECONDARY_DISPLAY" width="2753px" height="4260px"/>
			<graphic mimeType="pdf" url="AM%20155%20fol/3/WEB_DISPLAY"/>
		</surface>
		<surface xml:id="AM02-0155-0002r-FFl" n="4">
			<desc>0002r-FFl</desc>
			<graphic mimeType="pdf" url="AM%20155%20fol/4/HIGH_QUALITY_DISPLAY"/>
			<graphic mimeType="jpg" url="AM%20155%20fol/4/THUMBNAIL" width="194px" height="300px"/>
			<graphic mimeType="jpg" url="AM%20155%20fol/4/SECONDARY_DISPLAY" width="2753px" height="4260px"/>
			<graphic mimeType="pdf" url="AM%20155%20fol/4/WEB_DISPLAY"/>
		</surface>
		<surface xml:id="AM02-0155-0002v-FFl" n="5">
			<desc>0002v-FFl</desc>
			<graphic mimeType="pdf" url="AM%20155%20fol/5/HIGH_QUALITY_DISPLAY"/>
			<graphic mimeType="jpg" url="AM%20155%20fol/5/THUMBNAIL" width="194px" height="300px"/>
			<graphic mimeType="jpg" url="AM%20155%20fol/5/SECONDARY_DISPLAY" width="2753px" height="4260px"/>
			<graphic mimeType="pdf" url="AM%20155%20fol/5/WEB_DISPLAY"/>
		</surface>
		<surface xml:id="AM02-0155-0003r-FFl" n="6">
			<desc>0003r-FFl</desc>
			<graphic mimeType="pdf" url="AM%20155%20fol/6/HIGH_QUALITY_DISPLAY"/>
			<graphic mimeType="jpg" url="AM%20155%20fol/6/THUMBNAIL" width="194px" height="300px"/>
			<graphic mimeType="jpg" url="AM%20155%20fol/6/SECONDARY_DISPLAY" width="2753px" height="4260px"/>
			<graphic mimeType="pdf" url="AM%20155%20fol/6/WEB_DISPLAY"/>
		</surface>
		<surface xml:id="AM02-0155-0003v-FFl" n="7">
			<desc>0003v-FFl</desc>
			<graphic mimeType="pdf" url="AM%20155%20fol/7/HIGH_QUALITY_DISPLAY"/>
			<graphic mimeType="jpg" url="AM%20155%20fol/7/THUMBNAIL" width="194px" height="300px"/>
			<graphic mimeType="jpg" url="AM%20155%20fol/7/SECONDARY_DISPLAY" width="2753px" height="4260px"/>
			<graphic mimeType="pdf" url="AM%20155%20fol/7/WEB_DISPLAY"/>
		</surface>
		<surface xml:id="AM02-0155-0001r" n="8">
			<desc>0001r</desc>
			<graphic mimeType="pdf" url="AM%20155%20fol/8/HIGH_QUALITY_DISPLAY"/>
			<graphic mimeType="jpg" url="AM%20155%20fol/8/THUMBNAIL" width="194px" height="300px"/>
			<graphic mimeType="jpg" url="AM%20155%20fol/8/SECONDARY_DISPLAY" width="2753px" height="4260px"/>
			<graphic mimeType="pdf" url="AM%20155%20fol/8/WEB_DISPLAY"/>
		</surface>
		<surface xml:id="AM02-0155-0001v" n="9">
			<desc>0001v</desc>
			<graphic mimeType="pdf" url="AM%20155%20fol/9/HIGH_QUALITY_DISPLAY"/>
			<graphic mimeType="jpg" url="AM%20155%20fol/9/THUMBNAIL" width="194px" height="300px"/>
			<graphic mimeType="jpg" url="AM%20155%20fol/9/SECONDARY_DISPLAY" width="2753px" height="4260px"/>
			<graphic mimeType="pdf" url="AM%20155%20fol/9/WEB_DISPLAY"/>
		</surface>
		<surface xml:id="AM02-0155-0002r" n="10">
			<desc>0002r</desc>
			<graphic mimeType="pdf" url="AM%20155%20fol/10/HIGH_QUALITY_DISPLAY"/>
			<graphic mimeType="jpg" url="AM%20155%20fol/10/THUMBNAIL" width="194px" height="300px"/>
			<graphic mimeType="jpg" url="AM%20155%20fol/10/SECONDARY_DISPLAY" width="2753px" height="4260px"/>
			<graphic mimeType="pdf" url="AM%20155%20fol/10/WEB_DISPLAY"/>
		</surface>
		<surface xml:id="AM02-0155-0002v" n="11">
			<desc>0002v</desc>
			<graphic mimeType="pdf" url="AM%20155%20fol/11/HIGH_QUALITY_DISPLAY"/>
			<graphic mimeType="jpg" url="AM%20155%20fol/11/THUMBNAIL" width="194px" height="300px"/>
			<graphic mimeType="jpg" url="AM%20155%20fol/11/SECONDARY_DISPLAY" width="2753px" height="4260px"/>
			<graphic mimeType="pdf" url="AM%20155%20fol/11/WEB_DISPLAY"/>
		</surface>
		<surface xml:id="AM02-0155-0003r" n="12">
			<desc>0003r</desc>
			<graphic mimeType="pdf" url="AM%20155%20fol/12/HIGH_QUALITY_DISPLAY"/>
			<graphic mimeType="jpg" url="AM%20155%20fol/12/THUMBNAIL" width="194px" height="300px"/>
			<graphic mimeType="jpg" url="AM%20155%20fol/12/SECONDARY_DISPLAY" width="2753px" height="4260px"/>
			<graphic mimeType="pdf" url="AM%20155%20fol/12/WEB_DISPLAY"/>
		</surface>
		<surface xml:id="AM02-0155-0003v" n="13">
			<desc>0003v</desc>
			<graphic mimeType="pdf" url="AM%20155%20fol/13/HIGH_QUALITY_DISPLAY"/>
			<graphic mimeType="jpg" url="AM%20155%20fol/13/THUMBNAIL" width="194px" height="300px"/>
			<graphic mimeType="jpg" url="AM%20155%20fol/13/SECONDARY_DISPLAY" width="2753px" height="4260px"/>
			<graphic mimeType="pdf" url="AM%20155%20fol/13/WEB_DISPLAY"/>
		</surface>
		<surface xml:id="AM02-0155-0004r" n="14">
			<desc>0004r</desc>
			<graphic mimeType="pdf" url="AM%20155%20fol/14/HIGH_QUALITY_DISPLAY"/>
			<graphic mimeType="jpg" url="AM%20155%20fol/14/THUMBNAIL" width="194px" height="300px"/>
			<graphic mimeType="jpg" url="AM%20155%20fol/14/SECONDARY_DISPLAY" width="2753px" height="4260px"/>
			<graphic mimeType="pdf" url="AM%20155%20fol/14/WEB_DISPLAY"/>
		</surface>
		<surface xml:id="AM02-0155-0004v" n="15">
			<desc>0004v</desc>
			<graphic mimeType="pdf" url="AM%20155%20fol/15/HIGH_QUALITY_DISPLAY"/>
			<graphic mimeType="jpg" url="AM%20155%20fol/15/THUMBNAIL" width="194px" height="300px"/>
			<graphic mimeType="jpg" url="AM%20155%20fol/15/SECONDARY_DISPLAY" width="2753px" height="4260px"/>
			<graphic mimeType="pdf" url="AM%20155%20fol/15/WEB_DISPLAY"/>
		</surface>
		<surface xml:id="AM02-0155-0005r" n="16">
			<desc>0005r</desc>
			<graphic mimeType="pdf" url="AM%20155%20fol/16/HIGH_QUALITY_DISPLAY"/>
			<graphic mimeType="jpg" url="AM%20155%20fol/16/THUMBNAIL" width="194px" height="300px"/>
			<graphic mimeType="jpg" url="AM%20155%20fol/16/SECONDARY_DISPLAY" width="2753px" height="4260px"/>
			<graphic mimeType="pdf" url="AM%20155%20fol/16/WEB_DISPLAY"/>
		</surface>
		<surface xml:id="AM02-0155-0005v" n="17">
			<desc>0005v</desc>
			<graphic mimeType="pdf" url="AM%20155%20fol/17/HIGH_QUALITY_DISPLAY"/>
			<graphic mimeType="jpg" url="AM%20155%20fol/17/THUMBNAIL" width="194px" height="300px"/>
			<graphic mimeType="jpg" url="AM%20155%20fol/17/SECONDARY_DISPLAY" width="2753px" height="4260px"/>
			<graphic mimeType="pdf" url="AM%20155%20fol/17/WEB_DISPLAY"/>
		</surface>
		<surface xml:id="AM02-0155-0006r" n="18">
			<desc>0006r</desc>
			<graphic mimeType="pdf" url="AM%20155%20fol/18/HIGH_QUALITY_DISPLAY"/>
			<graphic mimeType="jpg" url="AM%20155%20fol/18/THUMBNAIL" width="194px" height="300px"/>
			<graphic mimeType="jpg" url="AM%20155%20fol/18/SECONDARY_DISPLAY" width="2753px" height="4260px"/>
			<graphic mimeType="pdf" url="AM%20155%20fol/18/WEB_DISPLAY"/>
		</surface>
		<surface xml:id="AM02-0155-0006v" n="19">
			<desc>0006v</desc>
			<graphic mimeType="pdf" url="AM%20155%20fol/19/HIGH_QUALITY_DISPLAY"/>
			<graphic mimeType="jpg" url="AM%20155%20fol/19/THUMBNAIL" width="194px" height="300px"/>
			<graphic mimeType="jpg" url="AM%20155%20fol/19/SECONDARY_DISPLAY" width="2753px" height="4260px"/>
			<graphic mimeType="pdf" url="AM%20155%20fol/19/WEB_DISPLAY"/>
		</surface>
		<surface xml:id="AM02-0155-0007r" n="20">
			<desc>0007r</desc>
			<graphic mimeType="pdf" url="AM%20155%20fol/20/HIGH_QUALITY_DISPLAY"/>
			<graphic mimeType="jpg" url="AM%20155%20fol/20/THUMBNAIL" width="194px" height="300px"/>
			<graphic mimeType="jpg" url="AM%20155%20fol/20/SECONDARY_DISPLAY" width="2753px" height="4260px"/>
			<graphic mimeType="pdf" url="AM%20155%20fol/20/WEB_DISPLAY"/>
		</surface>
		<surface xml:id="AM02-0155-0007v" n="21">
			<desc>0007v</desc>
			<graphic mimeType="pdf" url="AM%20155%20fol/21/HIGH_QUALITY_DISPLAY"/>
			<graphic mimeType="jpg" url="AM%20155%20fol/21/THUMBNAIL" width="194px" height="300px"/>
			<graphic mimeType="jpg" url="AM%20155%20fol/21/SECONDARY_DISPLAY" width="2753px" height="4260px"/>
			<graphic mimeType="pdf" url="AM%20155%20fol/21/WEB_DISPLAY"/>
		</surface>
		<surface xml:id="AM02-0155-0008r" n="22">
			<desc>0008r</desc>
			<graphic mimeType="pdf" url="AM%20155%20fol/22/HIGH_QUALITY_DISPLAY"/>
			<graphic mimeType="jpg" url="AM%20155%20fol/22/THUMBNAIL" width="194px" height="300px"/>
			<graphic mimeType="jpg" url="AM%20155%20fol/22/SECONDARY_DISPLAY" width="2753px" height="4260px"/>
			<graphic mimeType="pdf" url="AM%20155%20fol/22/WEB_DISPLAY"/>
		</surface>
		<surface xml:id="AM02-0155-0008v" n="23">
			<desc>0008v</desc>
			<graphic mimeType="pdf" url="AM%20155%20fol/23/HIGH_QUALITY_DISPLAY"/>
			<graphic mimeType="jpg" url="AM%20155%20fol/23/THUMBNAIL" width="194px" height="300px"/>
			<graphic mimeType="jpg" url="AM%20155%20fol/23/SECONDARY_DISPLAY" width="2753px" height="4260px"/>
			<graphic mimeType="pdf" url="AM%20155%20fol/23/WEB_DISPLAY"/>
		</surface>
		<surface xml:id="AM02-0155-0009r" n="24">
			<desc>0009r</desc>
			<graphic mimeType="pdf" url="AM%20155%20fol/24/HIGH_QUALITY_DISPLAY"/>
			<graphic mimeType="jpg" url="AM%20155%20fol/24/THUMBNAIL" width="194px" height="300px"/>
			<graphic mimeType="jpg" url="AM%20155%20fol/24/SECONDARY_DISPLAY" width="2753px" height="4260px"/>
			<graphic mimeType="pdf" url="AM%20155%20fol/24/WEB_DISPLAY"/>
		</surface>
		<surface xml:id="AM02-0155-0009v" n="25">
			<desc>0009v</desc>
			<graphic mimeType="pdf" url="AM%20155%20fol/25/HIGH_QUALITY_DISPLAY"/>
			<graphic mimeType="jpg" url="AM%20155%20fol/25/THUMBNAIL" width="194px" height="300px"/>
			<graphic mimeType="jpg" url="AM%20155%20fol/25/SECONDARY_DISPLAY" width="2753px" height="4260px"/>
			<graphic mimeType="pdf" url="AM%20155%20fol/25/WEB_DISPLAY"/>
		</surface>
		<surface xml:id="AM02-0155-0010r" n="26">
			<desc>0010r</desc>
			<graphic mimeType="pdf" url="AM%20155%20fol/26/HIGH_QUALITY_DISPLAY"/>
			<graphic mimeType="jpg" url="AM%20155%20fol/26/THUMBNAIL" width="194px" height="300px"/>
			<graphic mimeType="jpg" url="AM%20155%20fol/26/SECONDARY_DISPLAY" width="2753px" height="4260px"/>
			<graphic mimeType="pdf" url="AM%20155%20fol/26/WEB_DISPLAY"/>
		</surface>
		<surface xml:id="AM02-0155-0010v" n="27">
			<desc>0010v</desc>
			<graphic mimeType="pdf" url="AM%20155%20fol/27/HIGH_QUALITY_DISPLAY"/>
			<graphic mimeType="jpg" url="AM%20155%20fol/27/THUMBNAIL" width="194px" height="300px"/>
			<graphic mimeType="jpg" url="AM%20155%20fol/27/SECONDARY_DISPLAY" width="2753px" height="4260px"/>
			<graphic mimeType="pdf" url="AM%20155%20fol/27/WEB_DISPLAY"/>
		</surface>
		<surface xml:id="AM02-0155-0011r" n="28">
			<desc>0011r</desc>
			<graphic mimeType="pdf" url="AM%20155%20fol/28/HIGH_QUALITY_DISPLAY"/>
			<graphic mimeType="jpg" url="AM%20155%20fol/28/THUMBNAIL" width="194px" height="300px"/>
			<graphic mimeType="jpg" url="AM%20155%20fol/28/SECONDARY_DISPLAY" width="2753px" height="4260px"/>
			<graphic mimeType="pdf" url="AM%20155%20fol/28/WEB_DISPLAY"/>
		</surface>
		<surface xml:id="AM02-0155-0011v" n="29">
			<desc>0011v</desc>
			<graphic mimeType="pdf" url="AM%20155%20fol/29/HIGH_QUALITY_DISPLAY"/>
			<graphic mimeType="jpg" url="AM%20155%20fol/29/THUMBNAIL" width="194px" height="300px"/>
			<graphic mimeType="jpg" url="AM%20155%20fol/29/SECONDARY_DISPLAY" width="2753px" height="4260px"/>
			<graphic mimeType="pdf" url="AM%20155%20fol/29/WEB_DISPLAY"/>
		</surface>
		<surface xml:id="AM02-0155-0012r" n="30">
			<desc>0012r</desc>
			<graphic mimeType="pdf" url="AM%20155%20fol/30/HIGH_QUALITY_DISPLAY"/>
			<graphic mimeType="jpg" url="AM%20155%20fol/30/THUMBNAIL" width="194px" height="300px"/>
			<graphic mimeType="jpg" url="AM%20155%20fol/30/SECONDARY_DISPLAY" width="2753px" height="4260px"/>
			<graphic mimeType="pdf" url="AM%20155%20fol/30/WEB_DISPLAY"/>
		</surface>
		<surface xml:id="AM02-0155-0012v" n="31">
			<desc>0012v</desc>
			<graphic mimeType="pdf" url="AM%20155%20fol/31/HIGH_QUALITY_DISPLAY"/>
			<graphic mimeType="jpg" url="AM%20155%20fol/31/THUMBNAIL" width="194px" height="300px"/>
			<graphic mimeType="jpg" url="AM%20155%20fol/31/SECONDARY_DISPLAY" width="2753px" height="4260px"/>
			<graphic mimeType="pdf" url="AM%20155%20fol/31/WEB_DISPLAY"/>
		</surface>
		<surface xml:id="AM02-0155-0013r" n="32">
			<desc>0013r</desc>
			<graphic mimeType="pdf" url="AM%20155%20fol/32/HIGH_QUALITY_DISPLAY"/>
			<graphic mimeType="jpg" url="AM%20155%20fol/32/THUMBNAIL" width="194px" height="300px"/>
			<graphic mimeType="jpg" url="AM%20155%20fol/32/SECONDARY_DISPLAY" width="2753px" height="4260px"/>
			<graphic mimeType="pdf" url="AM%20155%20fol/32/WEB_DISPLAY"/>
		</surface>
		<surface xml:id="AM02-0155-0013v" n="33">
			<desc>0013v</desc>
			<graphic mimeType="pdf" url="AM%20155%20fol/33/HIGH_QUALITY_DISPLAY"/>
			<graphic mimeType="jpg" url="AM%20155%20fol/33/THUMBNAIL" width="194px" height="300px"/>
			<graphic mimeType="jpg" url="AM%20155%20fol/33/SECONDARY_DISPLAY" width="2753px" height="4260px"/>
			<graphic mimeType="pdf" url="AM%20155%20fol/33/WEB_DISPLAY"/>
		</surface>
		<surface xml:id="AM02-0155-0014r" n="34">
			<desc>0014r</desc>
			<graphic mimeType="pdf" url="AM%20155%20fol/34/HIGH_QUALITY_DISPLAY"/>
			<graphic mimeType="jpg" url="AM%20155%20fol/34/THUMBNAIL" width="194px" height="300px"/>
			<graphic mimeType="jpg" url="AM%20155%20fol/34/SECONDARY_DISPLAY" width="2753px" height="4260px"/>
			<graphic mimeType="pdf" url="AM%20155%20fol/34/WEB_DISPLAY"/>
		</surface>
		<surface xml:id="AM02-0155-0014v" n="35">
			<desc>0014v</desc>
			<graphic mimeType="pdf" url="AM%20155%20fol/35/HIGH_QUALITY_DISPLAY"/>
			<graphic mimeType="jpg" url="AM%20155%20fol/35/THUMBNAIL" width="193px" height="300px"/>
			<graphic mimeType="jpg" url="AM%20155%20fol/35/SECONDARY_DISPLAY" width="2735px" height="4260px"/>
			<graphic mimeType="pdf" url="AM%20155%20fol/35/WEB_DISPLAY"/>
		</surface>
		<surface xml:id="AM02-0155-0015r" n="36">
			<desc>0015r</desc>
			<graphic mimeType="pdf" url="AM%20155%20fol/36/HIGH_QUALITY_DISPLAY"/>
			<graphic mimeType="jpg" url="AM%20155%20fol/36/THUMBNAIL" width="193px" height="300px"/>
			<graphic mimeType="jpg" url="AM%20155%20fol/36/SECONDARY_DISPLAY" width="2735px" height="4260px"/>
			<graphic mimeType="pdf" url="AM%20155%20fol/36/WEB_DISPLAY"/>
		</surface>
		<surface xml:id="AM02-0155-0015v" n="37">
			<desc>0015v</desc>
			<graphic mimeType="pdf" url="AM%20155%20fol/37/HIGH_QUALITY_DISPLAY"/>
			<graphic mimeType="jpg" url="AM%20155%20fol/37/THUMBNAIL" width="193px" height="300px"/>
			<graphic mimeType="jpg" url="AM%20155%20fol/37/SECONDARY_DISPLAY" width="2735px" height="4260px"/>
			<graphic mimeType="pdf" url="AM%20155%20fol/37/WEB_DISPLAY"/>
		</surface>
		<surface xml:id="AM02-0155-0016r" n="38">
			<desc>0016r</desc>
			<graphic mimeType="pdf" url="AM%20155%20fol/38/HIGH_QUALITY_DISPLAY"/>
			<graphic mimeType="jpg" url="AM%20155%20fol/38/THUMBNAIL" width="193px" height="300px"/>
			<graphic mimeType="jpg" url="AM%20155%20fol/38/SECONDARY_DISPLAY" width="2735px" height="4260px"/>
			<graphic mimeType="pdf" url="AM%20155%20fol/38/WEB_DISPLAY"/>
		</surface>
		<surface xml:id="AM02-0155-0016v" n="39">
			<desc>0016v</desc>
			<graphic mimeType="pdf" url="AM%20155%20fol/39/HIGH_QUALITY_DISPLAY"/>
			<graphic mimeType="jpg" url="AM%20155%20fol/39/THUMBNAIL" width="193px" height="300px"/>
			<graphic mimeType="jpg" url="AM%20155%20fol/39/SECONDARY_DISPLAY" width="2735px" height="4260px"/>
			<graphic mimeType="pdf" url="AM%20155%20fol/39/WEB_DISPLAY"/>
		</surface>
		<surface xml:id="AM02-0155-0017r" n="40">
			<desc>0017r</desc>
			<graphic mimeType="pdf" url="AM%20155%20fol/40/HIGH_QUALITY_DISPLAY"/>
			<graphic mimeType="jpg" url="AM%20155%20fol/40/THUMBNAIL" width="193px" height="300px"/>
			<graphic mimeType="jpg" url="AM%20155%20fol/40/SECONDARY_DISPLAY" width="2735px" height="4260px"/>
			<graphic mimeType="pdf" url="AM%20155%20fol/40/WEB_DISPLAY"/>
		</surface>
		<surface xml:id="AM02-0155-0017v" n="41">
			<desc>0017v</desc>
			<graphic mimeType="pdf" url="AM%20155%20fol/41/HIGH_QUALITY_DISPLAY"/>
			<graphic mimeType="jpg" url="AM%20155%20fol/41/THUMBNAIL" width="193px" height="300px"/>
			<graphic mimeType="jpg" url="AM%20155%20fol/41/SECONDARY_DISPLAY" width="2735px" height="4260px"/>
			<graphic mimeType="pdf" url="AM%20155%20fol/41/WEB_DISPLAY"/>
		</surface>
		<surface xml:id="AM02-0155-0018r" n="42">
			<desc>0018r</desc>
			<graphic mimeType="pdf" url="AM%20155%20fol/42/HIGH_QUALITY_DISPLAY"/>
			<graphic mimeType="jpg" url="AM%20155%20fol/42/THUMBNAIL" width="193px" height="300px"/>
			<graphic mimeType="jpg" url="AM%20155%20fol/42/SECONDARY_DISPLAY" width="2735px" height="4260px"/>
			<graphic mimeType="pdf" url="AM%20155%20fol/42/WEB_DISPLAY"/>
		</surface>
		<surface xml:id="AM02-0155-0018v" n="43">
			<desc>0018v</desc>
			<graphic mimeType="pdf" url="AM%20155%20fol/43/HIGH_QUALITY_DISPLAY"/>
			<graphic mimeType="jpg" url="AM%20155%20fol/43/THUMBNAIL" width="193px" height="300px"/>
			<graphic mimeType="jpg" url="AM%20155%20fol/43/SECONDARY_DISPLAY" width="2735px" height="4260px"/>
			<graphic mimeType="pdf" url="AM%20155%20fol/43/WEB_DISPLAY"/>
		</surface>
		<surface xml:id="AM02-0155-0019r" n="44">
			<desc>0019r</desc>
			<graphic mimeType="pdf" url="AM%20155%20fol/44/HIGH_QUALITY_DISPLAY"/>
			<graphic mimeType="jpg" url="AM%20155%20fol/44/THUMBNAIL" width="193px" height="300px"/>
			<graphic mimeType="jpg" url="AM%20155%20fol/44/SECONDARY_DISPLAY" width="2735px" height="4260px"/>
			<graphic mimeType="pdf" url="AM%20155%20fol/44/WEB_DISPLAY"/>
		</surface>
		<surface xml:id="AM02-0155-0019v" n="45">
			<desc>0019v</desc>
			<graphic mimeType="pdf" url="AM%20155%20fol/45/HIGH_QUALITY_DISPLAY"/>
			<graphic mimeType="jpg" url="AM%20155%20fol/45/THUMBNAIL" width="193px" height="300px"/>
			<graphic mimeType="jpg" url="AM%20155%20fol/45/SECONDARY_DISPLAY" width="2735px" height="4260px"/>
			<graphic mimeType="pdf" url="AM%20155%20fol/45/WEB_DISPLAY"/>
		</surface>
		<surface xml:id="AM02-0155-0020r" n="46">
			<desc>0020r</desc>
			<graphic mimeType="pdf" url="AM%20155%20fol/46/HIGH_QUALITY_DISPLAY"/>
			<graphic mimeType="jpg" url="AM%20155%20fol/46/THUMBNAIL" width="193px" height="300px"/>
			<graphic mimeType="jpg" url="AM%20155%20fol/46/SECONDARY_DISPLAY" width="2735px" height="4260px"/>
			<graphic mimeType="pdf" url="AM%20155%20fol/46/WEB_DISPLAY"/>
		</surface>
		<surface xml:id="AM02-0155-0020v" n="47">
			<desc>0020v</desc>
			<graphic mimeType="pdf" url="AM%20155%20fol/47/HIGH_QUALITY_DISPLAY"/>
			<graphic mimeType="jpg" url="AM%20155%20fol/47/THUMBNAIL" width="193px" height="300px"/>
			<graphic mimeType="jpg" url="AM%20155%20fol/47/SECONDARY_DISPLAY" width="2735px" height="4260px"/>
			<graphic mimeType="pdf" url="AM%20155%20fol/47/WEB_DISPLAY"/>
		</surface>
		<surface xml:id="AM02-0155-0021r" n="48">
			<desc>0021r</desc>
			<graphic mimeType="pdf" url="AM%20155%20fol/48/HIGH_QUALITY_DISPLAY"/>
			<graphic mimeType="jpg" url="AM%20155%20fol/48/THUMBNAIL" width="193px" height="300px"/>
			<graphic mimeType="jpg" url="AM%20155%20fol/48/SECONDARY_DISPLAY" width="2735px" height="4260px"/>
			<graphic mimeType="pdf" url="AM%20155%20fol/48/WEB_DISPLAY"/>
		</surface>
		<surface xml:id="AM02-0155-0021v" n="49">
			<desc>0021v</desc>
			<graphic mimeType="pdf" url="AM%20155%20fol/49/HIGH_QUALITY_DISPLAY"/>
			<graphic mimeType="jpg" url="AM%20155%20fol/49/THUMBNAIL" width="193px" height="300px"/>
			<graphic mimeType="jpg" url="AM%20155%20fol/49/SECONDARY_DISPLAY" width="2735px" height="4260px"/>
			<graphic mimeType="pdf" url="AM%20155%20fol/49/WEB_DISPLAY"/>
		</surface>
		<surface xml:id="AM02-0155-0022r" n="50">
			<desc>0022r</desc>
			<graphic mimeType="pdf" url="AM%20155%20fol/50/HIGH_QUALITY_DISPLAY"/>
			<graphic mimeType="jpg" url="AM%20155%20fol/50/THUMBNAIL" width="193px" height="300px"/>
			<graphic mimeType="jpg" url="AM%20155%20fol/50/SECONDARY_DISPLAY" width="2735px" height="4260px"/>
			<graphic mimeType="pdf" url="AM%20155%20fol/50/WEB_DISPLAY"/>
		</surface>
		<surface xml:id="AM02-0155-0022v" n="51">
			<desc>0022v</desc>
			<graphic mimeType="pdf" url="AM%20155%20fol/51/HIGH_QUALITY_DISPLAY"/>
			<graphic mimeType="jpg" url="AM%20155%20fol/51/THUMBNAIL" width="193px" height="300px"/>
			<graphic mimeType="jpg" url="AM%20155%20fol/51/SECONDARY_DISPLAY" width="2735px" height="4260px"/>
			<graphic mimeType="pdf" url="AM%20155%20fol/51/WEB_DISPLAY"/>
		</surface>
		<surface xml:id="AM02-0155-0023r" n="52">
			<desc>0023r</desc>
			<graphic mimeType="pdf" url="AM%20155%20fol/52/HIGH_QUALITY_DISPLAY"/>
			<graphic mimeType="jpg" url="AM%20155%20fol/52/THUMBNAIL" width="193px" height="300px"/>
			<graphic mimeType="jpg" url="AM%20155%20fol/52/SECONDARY_DISPLAY" width="2735px" height="4260px"/>
			<graphic mimeType="pdf" url="AM%20155%20fol/52/WEB_DISPLAY"/>
		</surface>
		<surface xml:id="AM02-0155-0023v" n="53">
			<desc>0023v</desc>
			<graphic mimeType="pdf" url="AM%20155%20fol/53/HIGH_QUALITY_DISPLAY"/>
			<graphic mimeType="jpg" url="AM%20155%20fol/53/THUMBNAIL" width="193px" height="300px"/>
			<graphic mimeType="jpg" url="AM%20155%20fol/53/SECONDARY_DISPLAY" width="2735px" height="4260px"/>
			<graphic mimeType="pdf" url="AM%20155%20fol/53/WEB_DISPLAY"/>
		</surface>
		<surface xml:id="AM02-0155-0024r" n="54">
			<desc>0024r</desc>
			<graphic mimeType="pdf" url="AM%20155%20fol/54/HIGH_QUALITY_DISPLAY"/>
			<graphic mimeType="jpg" url="AM%20155%20fol/54/THUMBNAIL" width="193px" height="300px"/>
			<graphic mimeType="jpg" url="AM%20155%20fol/54/SECONDARY_DISPLAY" width="2735px" height="4260px"/>
			<graphic mimeType="pdf" url="AM%20155%20fol/54/WEB_DISPLAY"/>
		</surface>
		<surface xml:id="AM02-0155-0024v" n="55">
			<desc>0024v</desc>
			<graphic mimeType="pdf" url="AM%20155%20fol/55/HIGH_QUALITY_DISPLAY"/>
			<graphic mimeType="jpg" url="AM%20155%20fol/55/THUMBNAIL" width="193px" height="300px"/>
			<graphic mimeType="jpg" url="AM%20155%20fol/55/SECONDARY_DISPLAY" width="2735px" height="4260px"/>
			<graphic mimeType="pdf" url="AM%20155%20fol/55/WEB_DISPLAY"/>
		</surface>
		<surface xml:id="AM02-0155-0025r" n="56">
			<desc>0025r</desc>
			<graphic mimeType="pdf" url="AM%20155%20fol/56/HIGH_QUALITY_DISPLAY"/>
			<graphic mimeType="jpg" url="AM%20155%20fol/56/THUMBNAIL" width="193px" height="300px"/>
			<graphic mimeType="jpg" url="AM%20155%20fol/56/SECONDARY_DISPLAY" width="2735px" height="4260px"/>
			<graphic mimeType="pdf" url="AM%20155%20fol/56/WEB_DISPLAY"/>
		</surface>
		<surface xml:id="AM02-0155-0025v" n="57">
			<desc>0025v</desc>
			<graphic mimeType="pdf" url="AM%20155%20fol/57/HIGH_QUALITY_DISPLAY"/>
			<graphic mimeType="jpg" url="AM%20155%20fol/57/THUMBNAIL" width="193px" height="300px"/>
			<graphic mimeType="jpg" url="AM%20155%20fol/57/SECONDARY_DISPLAY" width="2735px" height="4260px"/>
			<graphic mimeType="pdf" url="AM%20155%20fol/57/WEB_DISPLAY"/>
		</surface>
		<surface xml:id="AM02-0155-0026r" n="58">
			<desc>0026r</desc>
			<graphic mimeType="pdf" url="AM%20155%20fol/58/HIGH_QUALITY_DISPLAY"/>
			<graphic mimeType="jpg" url="AM%20155%20fol/58/THUMBNAIL" width="193px" height="300px"/>
			<graphic mimeType="jpg" url="AM%20155%20fol/58/SECONDARY_DISPLAY" width="2735px" height="4260px"/>
			<graphic mimeType="pdf" url="AM%20155%20fol/58/WEB_DISPLAY"/>
		</surface>
		<surface xml:id="AM02-0155-0026v" n="59">
			<desc>0026v</desc>
			<graphic mimeType="pdf" url="AM%20155%20fol/59/HIGH_QUALITY_DISPLAY"/>
			<graphic mimeType="jpg" url="AM%20155%20fol/59/THUMBNAIL" width="193px" height="300px"/>
			<graphic mimeType="jpg" url="AM%20155%20fol/59/SECONDARY_DISPLAY" width="2735px" height="4260px"/>
			<graphic mimeType="pdf" url="AM%20155%20fol/59/WEB_DISPLAY"/>
		</surface>
		<surface xml:id="AM02-0155-0027r" n="60">
			<desc>0027r</desc>
			<graphic mimeType="pdf" url="AM%20155%20fol/60/HIGH_QUALITY_DISPLAY"/>
			<graphic mimeType="jpg" url="AM%20155%20fol/60/THUMBNAIL" width="193px" height="300px"/>
			<graphic mimeType="jpg" url="AM%20155%20fol/60/SECONDARY_DISPLAY" width="2735px" height="4260px"/>
			<graphic mimeType="pdf" url="AM%20155%20fol/60/WEB_DISPLAY"/>
		</surface>
		<surface xml:id="AM02-0155-0027v" n="61">
			<desc>0027v</desc>
			<graphic mimeType="pdf" url="AM%20155%20fol/61/HIGH_QUALITY_DISPLAY"/>
			<graphic mimeType="jpg" url="AM%20155%20fol/61/THUMBNAIL" width="193px" height="300px"/>
			<graphic mimeType="jpg" url="AM%20155%20fol/61/SECONDARY_DISPLAY" width="2735px" height="4260px"/>
			<graphic mimeType="pdf" url="AM%20155%20fol/61/WEB_DISPLAY"/>
		</surface>
		<surface xml:id="AM02-0155-0028r" n="62">
			<desc>0028r</desc>
			<graphic mimeType="pdf" url="AM%20155%20fol/62/HIGH_QUALITY_DISPLAY"/>
			<graphic mimeType="jpg" url="AM%20155%20fol/62/THUMBNAIL" width="193px" height="300px"/>
			<graphic mimeType="jpg" url="AM%20155%20fol/62/SECONDARY_DISPLAY" width="2735px" height="4260px"/>
			<graphic mimeType="pdf" url="AM%20155%20fol/62/WEB_DISPLAY"/>
		</surface>
		<surface xml:id="AM02-0155-0028v" n="63">
			<desc>0028v</desc>
			<graphic mimeType="pdf" url="AM%20155%20fol/63/HIGH_QUALITY_DISPLAY"/>
			<graphic mimeType="jpg" url="AM%20155%20fol/63/THUMBNAIL" width="193px" height="300px"/>
			<graphic mimeType="jpg" url="AM%20155%20fol/63/SECONDARY_DISPLAY" width="2735px" height="4260px"/>
			<graphic mimeType="pdf" url="AM%20155%20fol/63/WEB_DISPLAY"/>
		</surface>
		<surface xml:id="AM02-0155-0029r" n="64">
			<desc>0029r</desc>
			<graphic mimeType="pdf" url="AM%20155%20fol/64/HIGH_QUALITY_DISPLAY"/>
			<graphic mimeType="jpg" url="AM%20155%20fol/64/THUMBNAIL" width="193px" height="300px"/>
			<graphic mimeType="jpg" url="AM%20155%20fol/64/SECONDARY_DISPLAY" width="2735px" height="4260px"/>
			<graphic mimeType="pdf" url="AM%20155%20fol/64/WEB_DISPLAY"/>
		</surface>
		<surface xml:id="AM02-0155-0029v" n="65">
			<desc>0029v</desc>
			<graphic mimeType="pdf" url="AM%20155%20fol/65/HIGH_QUALITY_DISPLAY"/>
			<graphic mimeType="jpg" url="AM%20155%20fol/65/THUMBNAIL" width="193px" height="300px"/>
			<graphic mimeType="jpg" url="AM%20155%20fol/65/SECONDARY_DISPLAY" width="2735px" height="4260px"/>
			<graphic mimeType="pdf" url="AM%20155%20fol/65/WEB_DISPLAY"/>
		</surface>
		<surface xml:id="AM02-0155-0030r" n="66">
			<desc>0030r</desc>
			<graphic mimeType="pdf" url="AM%20155%20fol/66/HIGH_QUALITY_DISPLAY"/>
			<graphic mimeType="jpg" url="AM%20155%20fol/66/THUMBNAIL" width="193px" height="300px"/>
			<graphic mimeType="jpg" url="AM%20155%20fol/66/SECONDARY_DISPLAY" width="2735px" height="4260px"/>
			<graphic mimeType="pdf" url="AM%20155%20fol/66/WEB_DISPLAY"/>
		</surface>
		<surface xml:id="AM02-0155-0030v" n="67">
			<desc>0030v</desc>
			<graphic mimeType="pdf" url="AM%20155%20fol/67/HIGH_QUALITY_DISPLAY"/>
			<graphic mimeType="jpg" url="AM%20155%20fol/67/THUMBNAIL" width="193px" height="300px"/>
			<graphic mimeType="jpg" url="AM%20155%20fol/67/SECONDARY_DISPLAY" width="2735px" height="4260px"/>
			<graphic mimeType="pdf" url="AM%20155%20fol/67/WEB_DISPLAY"/>
		</surface>
		<surface xml:id="AM02-0155-0031r" n="68">
			<desc>0031r</desc>
			<graphic mimeType="pdf" url="AM%20155%20fol/68/HIGH_QUALITY_DISPLAY"/>
			<graphic mimeType="jpg" url="AM%20155%20fol/68/THUMBNAIL" width="193px" height="300px"/>
			<graphic mimeType="jpg" url="AM%20155%20fol/68/SECONDARY_DISPLAY" width="2735px" height="4260px"/>
			<graphic mimeType="pdf" url="AM%20155%20fol/68/WEB_DISPLAY"/>
		</surface>
		<surface xml:id="AM02-0155-0031v" n="69">
			<desc>0031v</desc>
			<graphic mimeType="pdf" url="AM%20155%20fol/69/HIGH_QUALITY_DISPLAY"/>
			<graphic mimeType="jpg" url="AM%20155%20fol/69/THUMBNAIL" width="193px" height="300px"/>
			<graphic mimeType="jpg" url="AM%20155%20fol/69/SECONDARY_DISPLAY" width="2735px" height="4260px"/>
			<graphic mimeType="pdf" url="AM%20155%20fol/69/WEB_DISPLAY"/>
		</surface>
		<surface xml:id="AM02-0155-9901r-RFl" n="70">
			<desc>9901r-RFl</desc>
			<graphic mimeType="pdf" url="AM%20155%20fol/70/HIGH_QUALITY_DISPLAY"/>
			<graphic mimeType="jpg" url="AM%20155%20fol/70/THUMBNAIL" width="193px" height="300px"/>
			<graphic mimeType="jpg" url="AM%20155%20fol/70/SECONDARY_DISPLAY" width="2735px" height="4260px"/>
			<graphic mimeType="pdf" url="AM%20155%20fol/70/WEB_DISPLAY"/>
		</surface>
		<surface xml:id="AM02-0155-9901v-RFl" n="71">
			<desc>9901v-RFl</desc>
			<graphic mimeType="pdf" url="AM%20155%20fol/71/HIGH_QUALITY_DISPLAY"/>
			<graphic mimeType="jpg" url="AM%20155%20fol/71/THUMBNAIL" width="193px" height="300px"/>
			<graphic mimeType="jpg" url="AM%20155%20fol/71/SECONDARY_DISPLAY" width="2735px" height="4260px"/>
			<graphic mimeType="pdf" url="AM%20155%20fol/71/WEB_DISPLAY"/>
		</surface>
		<surface xml:id="AM02-0155-9902r-RFl" n="72">
			<desc>9902r-RFl</desc>
			<graphic mimeType="pdf" url="AM%20155%20fol/72/HIGH_QUALITY_DISPLAY"/>
			<graphic mimeType="jpg" url="AM%20155%20fol/72/THUMBNAIL" width="193px" height="300px"/>
			<graphic mimeType="jpg" url="AM%20155%20fol/72/SECONDARY_DISPLAY" width="2735px" height="4260px"/>
			<graphic mimeType="pdf" url="AM%20155%20fol/72/WEB_DISPLAY"/>
		</surface>
		<surface xml:id="AM02-0155-9902v-RFl" n="73">
			<desc>9902v-RFl</desc>
			<graphic mimeType="pdf" url="AM%20155%20fol/73/HIGH_QUALITY_DISPLAY"/>
			<graphic mimeType="jpg" url="AM%20155%20fol/73/THUMBNAIL" width="193px" height="300px"/>
			<graphic mimeType="jpg" url="AM%20155%20fol/73/SECONDARY_DISPLAY" width="2747px" height="4260px"/>
			<graphic mimeType="pdf" url="AM%20155%20fol/73/WEB_DISPLAY"/>
		</surface>
		<surface xml:id="AM02-0155-9903r-RFl" n="74">
			<desc>9903r-RFl</desc>
			<graphic mimeType="pdf" url="AM%20155%20fol/74/HIGH_QUALITY_DISPLAY"/>
			<graphic mimeType="jpg" url="AM%20155%20fol/74/THUMBNAIL" width="193px" height="300px"/>
			<graphic mimeType="jpg" url="AM%20155%20fol/74/SECONDARY_DISPLAY" width="2747px" height="4260px"/>
			<graphic mimeType="pdf" url="AM%20155%20fol/74/WEB_DISPLAY"/>
		</surface>
		<surface xml:id="AM02-0155-9903v-RFl" n="75">
			<desc>9903v-RFl</desc>
			<graphic mimeType="pdf" url="AM%20155%20fol/75/HIGH_QUALITY_DISPLAY"/>
			<graphic mimeType="jpg" url="AM%20155%20fol/75/THUMBNAIL" width="193px" height="300px"/>
			<graphic mimeType="jpg" url="AM%20155%20fol/75/SECONDARY_DISPLAY" width="2747px" height="4260px"/>
			<graphic mimeType="pdf" url="AM%20155%20fol/75/WEB_DISPLAY"/>
		</surface>
		<surface xml:id="AM02-0155-9999r-RB" n="76">
			<desc>9999r-RB</desc>
			<graphic mimeType="pdf" url="AM%20155%20fol/76/HIGH_QUALITY_DISPLAY"/>
			<graphic mimeType="jpg" url="AM%20155%20fol/76/THUMBNAIL" width="193px" height="300px"/>
			<graphic mimeType="jpg" url="AM%20155%20fol/76/SECONDARY_DISPLAY" width="2747px" height="4260px"/>
			<graphic mimeType="pdf" url="AM%20155%20fol/76/WEB_DISPLAY"/>
		</surface>
		<surface xml:id="AM02-0155-9999v-RB" n="77">
			<desc>9999v-RB</desc>
			<graphic mimeType="pdf" url="AM%20155%20fol/77/HIGH_QUALITY_DISPLAY"/>
			<graphic mimeType="jpg" url="AM%20155%20fol/77/THUMBNAIL" width="200px" height="288px"/>
			<graphic mimeType="jpg" url="AM%20155%20fol/77/SECONDARY_DISPLAY" width="2964px" height="4260px"/>
			<graphic mimeType="pdf" url="AM%20155%20fol/77/WEB_DISPLAY"/>
		</surface>
		<surface xml:id="AM02-0155-ccp" n="78">
			<desc>ccp</desc>
			<graphic mimeType="pdf" url="AM%20155%20fol/78/HIGH_QUALITY_DISPLAY"/>
			<graphic mimeType="jpg" url="AM%20155%20fol/78/THUMBNAIL" width="200px" height="293px"/>
			<graphic mimeType="jpg" url="AM%20155%20fol/78/SECONDARY_DISPLAY" width="2088px" height="3060px"/>
			<graphic mimeType="pdf" url="AM%20155%20fol/78/WEB_DISPLAY"/>
		</surface>
	</facsimile>
	<text>
		<body>

			<p/>
		</body>
	</text>
</TEI>