<?xml version="1.0" encoding="UTF-8"?>
<?oxygen RNGSchema="http://www.handrit.is/schema/handrit-1.0.rnc" type="compact"?>
<TEI xmlns="http://www.tei-c.org/ns/1.0">
	<teiHeader>
		<fileDesc>
			<titleStmt>
				<title>Handritaskrá Árnastofnunar</title>
			</titleStmt>
			<publicationStmt>
				<p>Tilraunaútgáfa</p>
			</publicationStmt>
			<sourceDesc>
				<msDesc xml:lang="is" xml:id="AM02-0140-is">
					<msIdentifier>
						<country key="IS">Ísland</country>
						<settlement>Reykjavík</settlement>
						<institution>Stofnun Árna Magnússonar í íslenskum fræðum</institution>
						<repository>Handritasvið</repository>
						<collection>Safn Árna Magnússonar</collection>
						<idno>AM 140 fol.</idno>
						<altIdentifier type="internal" subtype="KKKat">
							<idno>169</idno>
						</altIdentifier>
					</msIdentifier>

					<msContents xml:lang="is">
						<summary>
							<title type="supplied">Sögubók</title>
						</summary>
						<textLang mainLang="is">Íslenska</textLang>
						<msItem n="1" defective="false" class="isl">
							<locus from="1r" facs="#AM02-0140-0001r" to="18r">1r-18r</locus>
							<title type="uniform">Bandamanna saga</title>
							<rubric>Bandamanna saga</rubric>
							<incipit>Ófeigur hét maður, hann bjó í Miðfirði norður á Reykjum …</incipit>
							<explicit>… Snorri Kálfsson og þeir Miðfirðingar og lýkur hér sögunni.</explicit>
							<listBibl>
								<bibl><ref type="primary-2">Nordiske Oldskrifter</ref>
										1850<biblScope type="volume">10</biblScope>.</bibl>
							</listBibl>
						</msItem>

						<msItem n="2" defective="false" class="isl">
							<locus from="18v" facs="#AM02-0140-0018v" to="47v">18v-47v</locus>
							<title type="uniform">Flóamanna saga</title>
							<rubric>Hér hefur Flóamanna sögu</rubric>
							<incipit>Haraldur konungur Gullskeggur réð fyrir Sogni …</incipit>
							<explicit>… föður Gissurar galla, föður Hákonar, föður Jóns.</explicit>
						</msItem>
					</msContents>

					<physDesc>
						<objectDesc form="codex">
							<supportDesc material="chart">
								<support>Pappír.</support>
								<extent>ii + 47 + i blöð (<dimensions type="leaf" unit="mm" scope="all">
										<height>316</height>
										<width>200</width>
									</dimensions>).</extent>
								<foliation>
									<p>
										<list>
											<item>Hvor saga um sig er blaðsíðumerkt, 1-35 og 1-59.</item>
											<item>Handritið hefur verið blaðmerkt síðar með rauðu
												bleki, 1-58.</item>
										</list>
									</p>
								</foliation>

								<collation>
									<p> Sjö kver.<list>
											<item>Kver I: bl. 1, stakt blað.</item>
											<item>Kver II: bl. 2-7, 3 tvinn.</item>
											<item>Kver III: bl. 8-15, 2 stök blöð og 3 tvinn.</item>
											<item>Kver IV: bl. 16-24, stakt blað og 4 tvinn.</item>
											<item>Kver V: bl. 25-32, 4 tvinn.</item>
											<item>Kver VI: bl. 33-40, 4 tvinn.</item>
											<item>Kver VII: bl. 41-47, stakt blað og3 tvinn.</item>
										</list>
									</p>
								</collation>

								<condition>
									<p>
										<list>
											<item>Blek hefur smitast sums staðar, einkum á bl.
												<locus from="1r" facs="#AM02-0140-0001r" to="1v">1</locus>.</item>
											<item>Á stöku stað hefur verið strikað undir orð og
												setningar með rauðu bleki.</item>
										</list>
									</p>
								</condition>
							</supportDesc>

							<layoutDesc>
								<layout columns="1" writtenLines="30">
									<p>Eindálka.</p>
									<p>Leturflötur er ca <dimensions type="written" unit="mm" scope="all">
											<height>225</height>
											<width>145</width>
										</dimensions>.</p>
									<p>Línufjöldi er ca 30.</p>
									<catchwords>Griporð á bl. <locus from="16v" facs="#AM02-0140-0016v" to="16v">16v</locus>, <locus from="23v" facs="#AM02-0140-0023v" to="23v">23v</locus>,
											<locus from="24v" facs="#AM02-0140-0024v" to="24v">24v</locus>, <locus from="32v" facs="#AM02-0140-0032v" to="32v">32v</locus>, <locus from="40v" facs="#AM02-0140-0040v" to="40v">40v</locus>.</catchwords>
								</layout>
							</layoutDesc>

						</objectDesc>
						<handDesc hands="1">
							<handNote scope="sole" scribe="AsgJon001" script="kanzlei">Með hendi
									<name type="person" key="AsgJon001">Ásgeirs Jónssonar</name>,
								kansellískrift.</handNote>
						</handDesc>

						<additions>
							<p>Leiðrétting á spássíu bl. <locus from="31r" facs="#AM02-0140-0031r" to="31r">31r</locus> með hendi skrifara.</p>
						</additions>


						<bindingDesc>
							<binding notBefore="1910" notAfter="1920" contemporary="false">
								<p>Band frá 1910-1920 (<dimensions type="binding" unit="mm">
										<height>324</height>
										<width>207</width>
										<depth>17</depth>
									</dimensions>). Pappaspjöld klædd brúnum marmarapappír, bókfell
									á kili. Blár safnmarksmiði á kili.</p>
							</binding>
							<binding contemporary="false">
								<p>Spjöld og kjölur í eldra bandi klædd bókfelli úr kirkjulegu
									latnesku handriti (tvídálka).</p>
							</binding>
						</bindingDesc>

						<accMat>
							<p>Fastur seðill á <locus from="0002r-FFl" facs="#AM02-0140-0002r-FFl" to="0002r-FFl">saurbl. 2r</locus> (<dimensions type="slip" unit="mm">
									<height>112</height>
									<width>11</width>
								</dimensions>) með hendi <name key="ArnMag001" type="person">Árna
									Magnússonar</name>: <quote type="AMSlip" xml:lang="is">Frá sáluga
									Assessor Thormod Torvesens Enke 1720.</quote></p>
						</accMat>
					</physDesc>
					<history>
						<origin notBefore="1690" notAfter="1697">
							<p> Handritið var skrifað í <origPlace key="NO">Noregi
								(Stangarlandi)</origPlace> og er tímasett frá <origDate notBefore="1690" notAfter="1697">ársbyrjun 1690 til vors
								1697</origDate> í umfjöllun <name type="person">Más Jónssonar</name>
								um skrifarann Ásgeir Jónsson (sbr. <ref>
									<bibl>Már Jónsson 2009: 282-297</bibl>
								</ref>). Það er tímasett til um 1700 í <bibl>
									<ref target="KKKat">Katalog I</ref>
								</bibl>, bls. 100, en virkt skriftartímabil Ásgeirs Jónssonar var
									<origDate notBefore="1686" notAfter="1707">ca
								1686-1707</origDate>. </p>
							<p>Var áður hluti af stærri bók sem innihélt einnig <ref type="ms" target="AM02-0149">AM 149 fol.</ref>, <ref type="ms" target="AM02-0157g">AM 157 g fol.</ref>, <ref type="ms" target="AM02-0157a">AM 157 a fol.</ref>, <ref type="ms" target="AM02-0154">AM 154 fol.</ref>, <ref type="ms" target="AM02-0157c">AM 157 c fol.</ref>, <ref type="ms" target="AM02-0157e">AM 157 e fol.</ref>, <ref type="ms" target="AM02-0164k">AM 164 k fol.</ref>, <ref type="ms" target="AM02-0150">AM 150 fol.</ref>, <ref type="ms" target="AM02-0770a">AM 770 a 4to</ref> og <ref type="ms" target="AM02-0157d">AM 157 d fol.</ref> (sbr. <ref type="ms" target="AM04-0435b">AM 435 b 4to</ref>, bl. <locus from="6v" facs="#AM02-0140-0006v" to="7r">6v-7r</locus>).</p>
						</origin>
						<provenance>
							<p>Bókin sem handritið tilheyrði var nr. XIV fol. í safni <name key="ThoTor001" type="person">Þormóðs Torfasonar</name>. <name key="ArnMag001" type="person">Árni Magnússon</name> fékk hana
								frá ekkju Þormóðs árið <date when="1720">1720</date> og tók í sundur
								(sbr. seðil og <ref>AM 435 b 4to</ref>, bl. 6v-7r).</p>
						</provenance>
						<acquisition when="1974-03-27">
							<p>Stofnun Árna Magnússonar á Íslandi tók við handritinu 27. mars
							1974.</p>
						</acquisition>
					</history>
					<additional>

						<adminInfo>
							<recordHist>
								<source>
									<p><name type="person" key="ValHil001">VH</name> lagfærði í
										<date when="2010-11">nóvember 2010</date>.
										<name type="person" key="ThoSig001">ÞS</name> skráði <date from="2008-09-12" to="2008-11-24">12. september - 24.
											nóvember 2008</date>. <name type="person" key="DriThr001">DKÞ</name> færði inn grunnupplýsingar
											<date when="2001-09-17">17. september 2001</date>. <name type="person" key="KriKaa001">Kålund</name> gekk frá
										handritinu til skráningar <date when="1885-11-25">25.
											nóvember 1885</date> (sjá <bibl>
											<ref target="KKKat">Katalog I 1889:100 (nr. 169)</ref>
										</bibl>.</p>
								</source>
							</recordHist>
						</adminInfo>

						<surrogates>
							<p>
								<list>
									<item>Stafrænar myndir á www.sagnanet.is.</item>
									<item>Svart-hvítar ljósmyndir á Det Arnamagnæanske Institut í
										Kaupmannahöfn.</item>
								</list>
							</p>
						</surrogates>
						<listBibl>
							<bibl>Finnur Jónsson, <ref type="secondary-3" target="STUAGNL57">STUAGNL</ref><biblScope type="volume">57</biblScope><biblScope type="pages">1</biblScope>;</bibl>
							<bibl>Finnur Jónsson, <ref type="secondary-3" target="STUAGNL56">STUAGNL</ref><biblScope type="volume">56</biblScope><biblScope type="pages">3</biblScope>;</bibl>
							<bibl>Jón Helgason, <ref type="secondary-3" target="MI2">Manuscripta
									Islandica</ref><biblScope type="volume">II</biblScope><biblScope type="pages">xvii</biblScope>.</bibl>
							<bibl>Már Jónsson 2009, <ref target="MárJón2009">Skrifarinn Ásgeir Jónsson frá Gullberaströnd í Lundarreykjadal</ref></bibl>
						</listBibl>
					</additional>
				</msDesc>
			</sourceDesc>
		</fileDesc>
		<revisionDesc>
			<change when="2008-10" who="#EriHas01">Migrated from MASTER to P5</change>
		</revisionDesc>
	</teiHeader>
	<facsimile xml:base="https://myndir.handrit.is/file/Handrit.is/">
		<surface xml:id="AM02-0140-0000r-FB" n="0">
			<desc>0000r-FB</desc>
			<graphic mimeType="pdf" url="AM%20140%20fol/0/HIGH_QUALITY_DISPLAY"/>
			<graphic mimeType="jpg" url="AM%20140%20fol/0/THUMBNAIL" width="200px" height="296px"/>
			<graphic mimeType="jpg" url="AM%20140%20fol/0/SECONDARY_DISPLAY" width="2832px" height="4188px"/>
			<graphic mimeType="pdf" url="AM%20140%20fol/0/WEB_DISPLAY"/>
		</surface>
		<surface xml:id="AM02-0140-0000v-FB" n="1">
			<desc>0000v-FB</desc>
			<graphic mimeType="pdf" url="AM%20140%20fol/1/HIGH_QUALITY_DISPLAY"/>
			<graphic mimeType="jpg" url="AM%20140%20fol/1/THUMBNAIL" width="193px" height="300px"/>
			<graphic mimeType="jpg" url="AM%20140%20fol/1/SECONDARY_DISPLAY" width="2669px" height="4152px"/>
			<graphic mimeType="pdf" url="AM%20140%20fol/1/WEB_DISPLAY"/>
		</surface>
		<surface xml:id="AM02-0140-0001r-FFl" n="2">
			<desc>0001r-FFl</desc>
			<graphic mimeType="pdf" url="AM%20140%20fol/2/HIGH_QUALITY_DISPLAY"/>
			<graphic mimeType="jpg" url="AM%20140%20fol/2/THUMBNAIL" width="193px" height="300px"/>
			<graphic mimeType="jpg" url="AM%20140%20fol/2/SECONDARY_DISPLAY" width="2669px" height="4152px"/>
			<graphic mimeType="pdf" url="AM%20140%20fol/2/WEB_DISPLAY"/>
		</surface>
		<surface xml:id="AM02-0140-0001v-FFl" n="3">
			<desc>0001v-FFl</desc>
			<graphic mimeType="pdf" url="AM%20140%20fol/3/HIGH_QUALITY_DISPLAY"/>
			<graphic mimeType="jpg" url="AM%20140%20fol/3/THUMBNAIL" width="189px" height="300px"/>
			<graphic mimeType="jpg" url="AM%20140%20fol/3/SECONDARY_DISPLAY" width="2585px" height="4092px"/>
			<graphic mimeType="pdf" url="AM%20140%20fol/3/WEB_DISPLAY"/>
		</surface>
		<surface xml:id="AM02-0140-0002r-FFl" n="4">
			<desc>0002r-FFl</desc>
			<graphic mimeType="pdf" url="AM%20140%20fol/4/HIGH_QUALITY_DISPLAY"/>
			<graphic mimeType="jpg" url="AM%20140%20fol/4/THUMBNAIL" width="189px" height="300px"/>
			<graphic mimeType="jpg" url="AM%20140%20fol/4/SECONDARY_DISPLAY" width="2585px" height="4092px"/>
			<graphic mimeType="pdf" url="AM%20140%20fol/4/WEB_DISPLAY"/>
		</surface>
		<surface xml:id="AM02-0140-0002v-FFl" n="5">
			<desc>0002v-FFl</desc>
			<graphic mimeType="pdf" url="AM%20140%20fol/5/HIGH_QUALITY_DISPLAY"/>
			<graphic mimeType="jpg" url="AM%20140%20fol/5/THUMBNAIL" width="189px" height="300px"/>
			<graphic mimeType="jpg" url="AM%20140%20fol/5/SECONDARY_DISPLAY" width="2585px" height="4092px"/>
			<graphic mimeType="pdf" url="AM%20140%20fol/5/WEB_DISPLAY"/>
		</surface>
		<surface xml:id="AM02-0140-0001r" n="6">
			<desc>0001r</desc>
			<graphic mimeType="pdf" url="AM%20140%20fol/6/HIGH_QUALITY_DISPLAY"/>
			<graphic mimeType="jpg" url="AM%20140%20fol/6/THUMBNAIL" width="189px" height="300px"/>
			<graphic mimeType="jpg" url="AM%20140%20fol/6/SECONDARY_DISPLAY" width="2585px" height="4092px"/>
			<graphic mimeType="pdf" url="AM%20140%20fol/6/WEB_DISPLAY"/>
		</surface>
		<surface xml:id="AM02-0140-0001v" n="7">
			<desc>0001v</desc>
			<graphic mimeType="pdf" url="AM%20140%20fol/7/HIGH_QUALITY_DISPLAY"/>
			<graphic mimeType="jpg" url="AM%20140%20fol/7/THUMBNAIL" width="191px" height="300px"/>
			<graphic mimeType="jpg" url="AM%20140%20fol/7/SECONDARY_DISPLAY" width="2603px" height="4092px"/>
			<graphic mimeType="pdf" url="AM%20140%20fol/7/WEB_DISPLAY"/>
		</surface>
		<surface xml:id="AM02-0140-0002r" n="8">
			<desc>0002r</desc>
			<graphic mimeType="pdf" url="AM%20140%20fol/8/HIGH_QUALITY_DISPLAY"/>
			<graphic mimeType="jpg" url="AM%20140%20fol/8/THUMBNAIL" width="191px" height="300px"/>
			<graphic mimeType="jpg" url="AM%20140%20fol/8/SECONDARY_DISPLAY" width="2603px" height="4092px"/>
			<graphic mimeType="pdf" url="AM%20140%20fol/8/WEB_DISPLAY"/>
		</surface>
		<surface xml:id="AM02-0140-0002v" n="9">
			<desc>0002v</desc>
			<graphic mimeType="pdf" url="AM%20140%20fol/9/HIGH_QUALITY_DISPLAY"/>
			<graphic mimeType="jpg" url="AM%20140%20fol/9/THUMBNAIL" width="191px" height="300px"/>
			<graphic mimeType="jpg" url="AM%20140%20fol/9/SECONDARY_DISPLAY" width="2603px" height="4092px"/>
			<graphic mimeType="pdf" url="AM%20140%20fol/9/WEB_DISPLAY"/>
		</surface>
		<surface xml:id="AM02-0140-0003r" n="10">
			<desc>0003r</desc>
			<graphic mimeType="pdf" url="AM%20140%20fol/10/HIGH_QUALITY_DISPLAY"/>
			<graphic mimeType="jpg" url="AM%20140%20fol/10/THUMBNAIL" width="191px" height="300px"/>
			<graphic mimeType="jpg" url="AM%20140%20fol/10/SECONDARY_DISPLAY" width="2603px" height="4092px"/>
			<graphic mimeType="pdf" url="AM%20140%20fol/10/WEB_DISPLAY"/>
		</surface>
		<surface xml:id="AM02-0140-0003v" n="11">
			<desc>0003v</desc>
			<graphic mimeType="pdf" url="AM%20140%20fol/11/HIGH_QUALITY_DISPLAY"/>
			<graphic mimeType="jpg" url="AM%20140%20fol/11/THUMBNAIL" width="191px" height="300px"/>
			<graphic mimeType="jpg" url="AM%20140%20fol/11/SECONDARY_DISPLAY" width="2603px" height="4092px"/>
			<graphic mimeType="pdf" url="AM%20140%20fol/11/WEB_DISPLAY"/>
		</surface>
		<surface xml:id="AM02-0140-0004r" n="12">
			<desc>0004r</desc>
			<graphic mimeType="pdf" url="AM%20140%20fol/12/HIGH_QUALITY_DISPLAY"/>
			<graphic mimeType="jpg" url="AM%20140%20fol/12/THUMBNAIL" width="191px" height="300px"/>
			<graphic mimeType="jpg" url="AM%20140%20fol/12/SECONDARY_DISPLAY" width="2603px" height="4092px"/>
			<graphic mimeType="pdf" url="AM%20140%20fol/12/WEB_DISPLAY"/>
		</surface>
		<surface xml:id="AM02-0140-0004v" n="13">
			<desc>0004v</desc>
			<graphic mimeType="pdf" url="AM%20140%20fol/13/HIGH_QUALITY_DISPLAY"/>
			<graphic mimeType="jpg" url="AM%20140%20fol/13/THUMBNAIL" width="191px" height="300px"/>
			<graphic mimeType="jpg" url="AM%20140%20fol/13/SECONDARY_DISPLAY" width="2603px" height="4092px"/>
			<graphic mimeType="pdf" url="AM%20140%20fol/13/WEB_DISPLAY"/>
		</surface>
		<surface xml:id="AM02-0140-0005r" n="14">
			<desc>0005r</desc>
			<graphic mimeType="pdf" url="AM%20140%20fol/14/HIGH_QUALITY_DISPLAY"/>
			<graphic mimeType="jpg" url="AM%20140%20fol/14/THUMBNAIL" width="191px" height="300px"/>
			<graphic mimeType="jpg" url="AM%20140%20fol/14/SECONDARY_DISPLAY" width="2603px" height="4092px"/>
			<graphic mimeType="pdf" url="AM%20140%20fol/14/WEB_DISPLAY"/>
		</surface>
		<surface xml:id="AM02-0140-0005v" n="15">
			<desc>0005v</desc>
			<graphic mimeType="pdf" url="AM%20140%20fol/15/HIGH_QUALITY_DISPLAY"/>
			<graphic mimeType="jpg" url="AM%20140%20fol/15/THUMBNAIL" width="191px" height="300px"/>
			<graphic mimeType="jpg" url="AM%20140%20fol/15/SECONDARY_DISPLAY" width="2603px" height="4092px"/>
			<graphic mimeType="pdf" url="AM%20140%20fol/15/WEB_DISPLAY"/>
		</surface>
		<surface xml:id="AM02-0140-0006r" n="16">
			<desc>0006r</desc>
			<graphic mimeType="pdf" url="AM%20140%20fol/16/HIGH_QUALITY_DISPLAY"/>
			<graphic mimeType="jpg" url="AM%20140%20fol/16/THUMBNAIL" width="191px" height="300px"/>
			<graphic mimeType="jpg" url="AM%20140%20fol/16/SECONDARY_DISPLAY" width="2603px" height="4092px"/>
			<graphic mimeType="pdf" url="AM%20140%20fol/16/WEB_DISPLAY"/>
		</surface>
		<surface xml:id="AM02-0140-0006v" n="17">
			<desc>0006v</desc>
			<graphic mimeType="pdf" url="AM%20140%20fol/17/HIGH_QUALITY_DISPLAY"/>
			<graphic mimeType="jpg" url="AM%20140%20fol/17/THUMBNAIL" width="191px" height="300px"/>
			<graphic mimeType="jpg" url="AM%20140%20fol/17/SECONDARY_DISPLAY" width="2603px" height="4092px"/>
			<graphic mimeType="pdf" url="AM%20140%20fol/17/WEB_DISPLAY"/>
		</surface>
		<surface xml:id="AM02-0140-0007r" n="18">
			<desc>0007r</desc>
			<graphic mimeType="pdf" url="AM%20140%20fol/18/HIGH_QUALITY_DISPLAY"/>
			<graphic mimeType="jpg" url="AM%20140%20fol/18/THUMBNAIL" width="191px" height="300px"/>
			<graphic mimeType="jpg" url="AM%20140%20fol/18/SECONDARY_DISPLAY" width="2603px" height="4092px"/>
			<graphic mimeType="pdf" url="AM%20140%20fol/18/WEB_DISPLAY"/>
		</surface>
		<surface xml:id="AM02-0140-0007v" n="19">
			<desc>0007v</desc>
			<graphic mimeType="pdf" url="AM%20140%20fol/19/HIGH_QUALITY_DISPLAY"/>
			<graphic mimeType="jpg" url="AM%20140%20fol/19/THUMBNAIL" width="191px" height="300px"/>
			<graphic mimeType="jpg" url="AM%20140%20fol/19/SECONDARY_DISPLAY" width="2603px" height="4092px"/>
			<graphic mimeType="pdf" url="AM%20140%20fol/19/WEB_DISPLAY"/>
		</surface>
		<surface xml:id="AM02-0140-0008r" n="20">
			<desc>0008r</desc>
			<graphic mimeType="pdf" url="AM%20140%20fol/20/HIGH_QUALITY_DISPLAY"/>
			<graphic mimeType="jpg" url="AM%20140%20fol/20/THUMBNAIL" width="191px" height="300px"/>
			<graphic mimeType="jpg" url="AM%20140%20fol/20/SECONDARY_DISPLAY" width="2603px" height="4092px"/>
			<graphic mimeType="pdf" url="AM%20140%20fol/20/WEB_DISPLAY"/>
		</surface>
		<surface xml:id="AM02-0140-0008v" n="21">
			<desc>0008v</desc>
			<graphic mimeType="pdf" url="AM%20140%20fol/21/HIGH_QUALITY_DISPLAY"/>
			<graphic mimeType="jpg" url="AM%20140%20fol/21/THUMBNAIL" width="191px" height="300px"/>
			<graphic mimeType="jpg" url="AM%20140%20fol/21/SECONDARY_DISPLAY" width="2603px" height="4092px"/>
			<graphic mimeType="pdf" url="AM%20140%20fol/21/WEB_DISPLAY"/>
		</surface>
		<surface xml:id="AM02-0140-0009r" n="22">
			<desc>0009r</desc>
			<graphic mimeType="pdf" url="AM%20140%20fol/22/HIGH_QUALITY_DISPLAY"/>
			<graphic mimeType="jpg" url="AM%20140%20fol/22/THUMBNAIL" width="191px" height="300px"/>
			<graphic mimeType="jpg" url="AM%20140%20fol/22/SECONDARY_DISPLAY" width="2603px" height="4092px"/>
			<graphic mimeType="pdf" url="AM%20140%20fol/22/WEB_DISPLAY"/>
		</surface>
		<surface xml:id="AM02-0140-0009v" n="23">
			<desc>0009v</desc>
			<graphic mimeType="pdf" url="AM%20140%20fol/23/HIGH_QUALITY_DISPLAY"/>
			<graphic mimeType="jpg" url="AM%20140%20fol/23/THUMBNAIL" width="191px" height="300px"/>
			<graphic mimeType="jpg" url="AM%20140%20fol/23/SECONDARY_DISPLAY" width="2603px" height="4092px"/>
			<graphic mimeType="pdf" url="AM%20140%20fol/23/WEB_DISPLAY"/>
		</surface>
		<surface xml:id="AM02-0140-0010r" n="24">
			<desc>0010r</desc>
			<graphic mimeType="pdf" url="AM%20140%20fol/24/HIGH_QUALITY_DISPLAY"/>
			<graphic mimeType="jpg" url="AM%20140%20fol/24/THUMBNAIL" width="191px" height="300px"/>
			<graphic mimeType="jpg" url="AM%20140%20fol/24/SECONDARY_DISPLAY" width="2603px" height="4092px"/>
			<graphic mimeType="pdf" url="AM%20140%20fol/24/WEB_DISPLAY"/>
		</surface>
		<surface xml:id="AM02-0140-0010v" n="25">
			<desc>0010v</desc>
			<graphic mimeType="pdf" url="AM%20140%20fol/25/HIGH_QUALITY_DISPLAY"/>
			<graphic mimeType="jpg" url="AM%20140%20fol/25/THUMBNAIL" width="191px" height="300px"/>
			<graphic mimeType="jpg" url="AM%20140%20fol/25/SECONDARY_DISPLAY" width="2603px" height="4092px"/>
			<graphic mimeType="pdf" url="AM%20140%20fol/25/WEB_DISPLAY"/>
		</surface>
		<surface xml:id="AM02-0140-0011r" n="26">
			<desc>0011r</desc>
			<graphic mimeType="pdf" url="AM%20140%20fol/26/HIGH_QUALITY_DISPLAY"/>
			<graphic mimeType="jpg" url="AM%20140%20fol/26/THUMBNAIL" width="191px" height="300px"/>
			<graphic mimeType="jpg" url="AM%20140%20fol/26/SECONDARY_DISPLAY" width="2603px" height="4092px"/>
			<graphic mimeType="pdf" url="AM%20140%20fol/26/WEB_DISPLAY"/>
		</surface>
		<surface xml:id="AM02-0140-0011v" n="27">
			<desc>0011v</desc>
			<graphic mimeType="pdf" url="AM%20140%20fol/27/HIGH_QUALITY_DISPLAY"/>
			<graphic mimeType="jpg" url="AM%20140%20fol/27/THUMBNAIL" width="191px" height="300px"/>
			<graphic mimeType="jpg" url="AM%20140%20fol/27/SECONDARY_DISPLAY" width="2603px" height="4092px"/>
			<graphic mimeType="pdf" url="AM%20140%20fol/27/WEB_DISPLAY"/>
		</surface>
		<surface xml:id="AM02-0140-0012r" n="28">
			<desc>0012r</desc>
			<graphic mimeType="pdf" url="AM%20140%20fol/28/HIGH_QUALITY_DISPLAY"/>
			<graphic mimeType="jpg" url="AM%20140%20fol/28/THUMBNAIL" width="191px" height="300px"/>
			<graphic mimeType="jpg" url="AM%20140%20fol/28/SECONDARY_DISPLAY" width="2603px" height="4092px"/>
			<graphic mimeType="pdf" url="AM%20140%20fol/28/WEB_DISPLAY"/>
		</surface>
		<surface xml:id="AM02-0140-0012v" n="29">
			<desc>0012v</desc>
			<graphic mimeType="pdf" url="AM%20140%20fol/29/HIGH_QUALITY_DISPLAY"/>
			<graphic mimeType="jpg" url="AM%20140%20fol/29/THUMBNAIL" width="191px" height="300px"/>
			<graphic mimeType="jpg" url="AM%20140%20fol/29/SECONDARY_DISPLAY" width="2603px" height="4092px"/>
			<graphic mimeType="pdf" url="AM%20140%20fol/29/WEB_DISPLAY"/>
		</surface>
		<surface xml:id="AM02-0140-0013r" n="30">
			<desc>0013r</desc>
			<graphic mimeType="pdf" url="AM%20140%20fol/30/HIGH_QUALITY_DISPLAY"/>
			<graphic mimeType="jpg" url="AM%20140%20fol/30/THUMBNAIL" width="191px" height="300px"/>
			<graphic mimeType="jpg" url="AM%20140%20fol/30/SECONDARY_DISPLAY" width="2603px" height="4092px"/>
			<graphic mimeType="pdf" url="AM%20140%20fol/30/WEB_DISPLAY"/>
		</surface>
		<surface xml:id="AM02-0140-0013v" n="31">
			<desc>0013v</desc>
			<graphic mimeType="pdf" url="AM%20140%20fol/31/HIGH_QUALITY_DISPLAY"/>
			<graphic mimeType="jpg" url="AM%20140%20fol/31/THUMBNAIL" width="191px" height="300px"/>
			<graphic mimeType="jpg" url="AM%20140%20fol/31/SECONDARY_DISPLAY" width="2603px" height="4092px"/>
			<graphic mimeType="pdf" url="AM%20140%20fol/31/WEB_DISPLAY"/>
		</surface>
		<surface xml:id="AM02-0140-0014r" n="32">
			<desc>0014r</desc>
			<graphic mimeType="pdf" url="AM%20140%20fol/32/HIGH_QUALITY_DISPLAY"/>
			<graphic mimeType="jpg" url="AM%20140%20fol/32/THUMBNAIL" width="191px" height="300px"/>
			<graphic mimeType="jpg" url="AM%20140%20fol/32/SECONDARY_DISPLAY" width="2603px" height="4092px"/>
			<graphic mimeType="pdf" url="AM%20140%20fol/32/WEB_DISPLAY"/>
		</surface>
		<surface xml:id="AM02-0140-0014v" n="33">
			<desc>0014v</desc>
			<graphic mimeType="pdf" url="AM%20140%20fol/33/HIGH_QUALITY_DISPLAY"/>
			<graphic mimeType="jpg" url="AM%20140%20fol/33/THUMBNAIL" width="191px" height="300px"/>
			<graphic mimeType="jpg" url="AM%20140%20fol/33/SECONDARY_DISPLAY" width="2603px" height="4092px"/>
			<graphic mimeType="pdf" url="AM%20140%20fol/33/WEB_DISPLAY"/>
		</surface>
		<surface xml:id="AM02-0140-0015r" n="34">
			<desc>0015r</desc>
			<graphic mimeType="pdf" url="AM%20140%20fol/34/HIGH_QUALITY_DISPLAY"/>
			<graphic mimeType="jpg" url="AM%20140%20fol/34/THUMBNAIL" width="191px" height="300px"/>
			<graphic mimeType="jpg" url="AM%20140%20fol/34/SECONDARY_DISPLAY" width="2603px" height="4092px"/>
			<graphic mimeType="pdf" url="AM%20140%20fol/34/WEB_DISPLAY"/>
		</surface>
		<surface xml:id="AM02-0140-0015v" n="35">
			<desc>0015v</desc>
			<graphic mimeType="pdf" url="AM%20140%20fol/35/HIGH_QUALITY_DISPLAY"/>
			<graphic mimeType="jpg" url="AM%20140%20fol/35/THUMBNAIL" width="191px" height="300px"/>
			<graphic mimeType="jpg" url="AM%20140%20fol/35/SECONDARY_DISPLAY" width="2603px" height="4092px"/>
			<graphic mimeType="pdf" url="AM%20140%20fol/35/WEB_DISPLAY"/>
		</surface>
		<surface xml:id="AM02-0140-0016r" n="36">
			<desc>0016r</desc>
			<graphic mimeType="pdf" url="AM%20140%20fol/36/HIGH_QUALITY_DISPLAY"/>
			<graphic mimeType="jpg" url="AM%20140%20fol/36/THUMBNAIL" width="191px" height="300px"/>
			<graphic mimeType="jpg" url="AM%20140%20fol/36/SECONDARY_DISPLAY" width="2603px" height="4092px"/>
			<graphic mimeType="pdf" url="AM%20140%20fol/36/WEB_DISPLAY"/>
		</surface>
		<surface xml:id="AM02-0140-0016v" n="37">
			<desc>0016v</desc>
			<graphic mimeType="pdf" url="AM%20140%20fol/37/HIGH_QUALITY_DISPLAY"/>
			<graphic mimeType="jpg" url="AM%20140%20fol/37/THUMBNAIL" width="191px" height="300px"/>
			<graphic mimeType="jpg" url="AM%20140%20fol/37/SECONDARY_DISPLAY" width="2603px" height="4092px"/>
			<graphic mimeType="pdf" url="AM%20140%20fol/37/WEB_DISPLAY"/>
		</surface>
		<surface xml:id="AM02-0140-0017r" n="38">
			<desc>0017r</desc>
			<graphic mimeType="pdf" url="AM%20140%20fol/38/HIGH_QUALITY_DISPLAY"/>
			<graphic mimeType="jpg" url="AM%20140%20fol/38/THUMBNAIL" width="191px" height="300px"/>
			<graphic mimeType="jpg" url="AM%20140%20fol/38/SECONDARY_DISPLAY" width="2603px" height="4092px"/>
			<graphic mimeType="pdf" url="AM%20140%20fol/38/WEB_DISPLAY"/>
		</surface>
		<surface xml:id="AM02-0140-0017v" n="39">
			<desc>0017v</desc>
			<graphic mimeType="pdf" url="AM%20140%20fol/39/HIGH_QUALITY_DISPLAY"/>
			<graphic mimeType="jpg" url="AM%20140%20fol/39/THUMBNAIL" width="191px" height="300px"/>
			<graphic mimeType="jpg" url="AM%20140%20fol/39/SECONDARY_DISPLAY" width="2603px" height="4092px"/>
			<graphic mimeType="pdf" url="AM%20140%20fol/39/WEB_DISPLAY"/>
		</surface>
		<surface xml:id="AM02-0140-0018r" n="40">
			<desc>0018r</desc>
			<graphic mimeType="pdf" url="AM%20140%20fol/40/HIGH_QUALITY_DISPLAY"/>
			<graphic mimeType="jpg" url="AM%20140%20fol/40/THUMBNAIL" width="191px" height="300px"/>
			<graphic mimeType="jpg" url="AM%20140%20fol/40/SECONDARY_DISPLAY" width="2603px" height="4092px"/>
			<graphic mimeType="pdf" url="AM%20140%20fol/40/WEB_DISPLAY"/>
		</surface>
		<surface xml:id="AM02-0140-0018v" n="41">
			<desc>0018v</desc>
			<graphic mimeType="pdf" url="AM%20140%20fol/41/HIGH_QUALITY_DISPLAY"/>
			<graphic mimeType="jpg" url="AM%20140%20fol/41/THUMBNAIL" width="191px" height="300px"/>
			<graphic mimeType="jpg" url="AM%20140%20fol/41/SECONDARY_DISPLAY" width="2603px" height="4092px"/>
			<graphic mimeType="pdf" url="AM%20140%20fol/41/WEB_DISPLAY"/>
		</surface>
		<surface xml:id="AM02-0140-0019r" n="42">
			<desc>0019r</desc>
			<graphic mimeType="pdf" url="AM%20140%20fol/42/HIGH_QUALITY_DISPLAY"/>
			<graphic mimeType="jpg" url="AM%20140%20fol/42/THUMBNAIL" width="191px" height="300px"/>
			<graphic mimeType="jpg" url="AM%20140%20fol/42/SECONDARY_DISPLAY" width="2603px" height="4092px"/>
			<graphic mimeType="pdf" url="AM%20140%20fol/42/WEB_DISPLAY"/>
		</surface>
		<surface xml:id="AM02-0140-0019v" n="43">
			<desc>0019v</desc>
			<graphic mimeType="pdf" url="AM%20140%20fol/43/HIGH_QUALITY_DISPLAY"/>
			<graphic mimeType="jpg" url="AM%20140%20fol/43/THUMBNAIL" width="191px" height="300px"/>
			<graphic mimeType="jpg" url="AM%20140%20fol/43/SECONDARY_DISPLAY" width="2603px" height="4092px"/>
			<graphic mimeType="pdf" url="AM%20140%20fol/43/WEB_DISPLAY"/>
		</surface>
		<surface xml:id="AM02-0140-0020r" n="44">
			<desc>0020r</desc>
			<graphic mimeType="pdf" url="AM%20140%20fol/44/HIGH_QUALITY_DISPLAY"/>
			<graphic mimeType="jpg" url="AM%20140%20fol/44/THUMBNAIL" width="191px" height="300px"/>
			<graphic mimeType="jpg" url="AM%20140%20fol/44/SECONDARY_DISPLAY" width="2603px" height="4092px"/>
			<graphic mimeType="pdf" url="AM%20140%20fol/44/WEB_DISPLAY"/>
		</surface>
		<surface xml:id="AM02-0140-0020v" n="45">
			<desc>0020v</desc>
			<graphic mimeType="pdf" url="AM%20140%20fol/45/HIGH_QUALITY_DISPLAY"/>
			<graphic mimeType="jpg" url="AM%20140%20fol/45/THUMBNAIL" width="191px" height="300px"/>
			<graphic mimeType="jpg" url="AM%20140%20fol/45/SECONDARY_DISPLAY" width="2603px" height="4092px"/>
			<graphic mimeType="pdf" url="AM%20140%20fol/45/WEB_DISPLAY"/>
		</surface>
		<surface xml:id="AM02-0140-0021r" n="46">
			<desc>0021r</desc>
			<graphic mimeType="pdf" url="AM%20140%20fol/46/HIGH_QUALITY_DISPLAY"/>
			<graphic mimeType="jpg" url="AM%20140%20fol/46/THUMBNAIL" width="191px" height="300px"/>
			<graphic mimeType="jpg" url="AM%20140%20fol/46/SECONDARY_DISPLAY" width="2603px" height="4092px"/>
			<graphic mimeType="pdf" url="AM%20140%20fol/46/WEB_DISPLAY"/>
		</surface>
		<surface xml:id="AM02-0140-0021v" n="47">
			<desc>0021v</desc>
			<graphic mimeType="pdf" url="AM%20140%20fol/47/HIGH_QUALITY_DISPLAY"/>
			<graphic mimeType="jpg" url="AM%20140%20fol/47/THUMBNAIL" width="191px" height="300px"/>
			<graphic mimeType="jpg" url="AM%20140%20fol/47/SECONDARY_DISPLAY" width="2603px" height="4092px"/>
			<graphic mimeType="pdf" url="AM%20140%20fol/47/WEB_DISPLAY"/>
		</surface>
		<surface xml:id="AM02-0140-0022r" n="48">
			<desc>0022r</desc>
			<graphic mimeType="pdf" url="AM%20140%20fol/48/HIGH_QUALITY_DISPLAY"/>
			<graphic mimeType="jpg" url="AM%20140%20fol/48/THUMBNAIL" width="191px" height="300px"/>
			<graphic mimeType="jpg" url="AM%20140%20fol/48/SECONDARY_DISPLAY" width="2603px" height="4092px"/>
			<graphic mimeType="pdf" url="AM%20140%20fol/48/WEB_DISPLAY"/>
		</surface>
		<surface xml:id="AM02-0140-0022v" n="49">
			<desc>0022v</desc>
			<graphic mimeType="pdf" url="AM%20140%20fol/49/HIGH_QUALITY_DISPLAY"/>
			<graphic mimeType="jpg" url="AM%20140%20fol/49/THUMBNAIL" width="191px" height="300px"/>
			<graphic mimeType="jpg" url="AM%20140%20fol/49/SECONDARY_DISPLAY" width="2603px" height="4092px"/>
			<graphic mimeType="pdf" url="AM%20140%20fol/49/WEB_DISPLAY"/>
		</surface>
		<surface xml:id="AM02-0140-0023r" n="50">
			<desc>0023r</desc>
			<graphic mimeType="pdf" url="AM%20140%20fol/50/HIGH_QUALITY_DISPLAY"/>
			<graphic mimeType="jpg" url="AM%20140%20fol/50/THUMBNAIL" width="191px" height="300px"/>
			<graphic mimeType="jpg" url="AM%20140%20fol/50/SECONDARY_DISPLAY" width="2603px" height="4092px"/>
			<graphic mimeType="pdf" url="AM%20140%20fol/50/WEB_DISPLAY"/>
		</surface>
		<surface xml:id="AM02-0140-0023v" n="51">
			<desc>0023v</desc>
			<graphic mimeType="pdf" url="AM%20140%20fol/51/HIGH_QUALITY_DISPLAY"/>
			<graphic mimeType="jpg" url="AM%20140%20fol/51/THUMBNAIL" width="191px" height="300px"/>
			<graphic mimeType="jpg" url="AM%20140%20fol/51/SECONDARY_DISPLAY" width="2603px" height="4092px"/>
			<graphic mimeType="pdf" url="AM%20140%20fol/51/WEB_DISPLAY"/>
		</surface>
		<surface xml:id="AM02-0140-0024r" n="52">
			<desc>0024r</desc>
			<graphic mimeType="pdf" url="AM%20140%20fol/52/HIGH_QUALITY_DISPLAY"/>
			<graphic mimeType="jpg" url="AM%20140%20fol/52/THUMBNAIL" width="191px" height="300px"/>
			<graphic mimeType="jpg" url="AM%20140%20fol/52/SECONDARY_DISPLAY" width="2603px" height="4092px"/>
			<graphic mimeType="pdf" url="AM%20140%20fol/52/WEB_DISPLAY"/>
		</surface>
		<surface xml:id="AM02-0140-0024v" n="53">
			<desc>0024v</desc>
			<graphic mimeType="pdf" url="AM%20140%20fol/53/HIGH_QUALITY_DISPLAY"/>
			<graphic mimeType="jpg" url="AM%20140%20fol/53/THUMBNAIL" width="191px" height="300px"/>
			<graphic mimeType="jpg" url="AM%20140%20fol/53/SECONDARY_DISPLAY" width="2603px" height="4092px"/>
			<graphic mimeType="pdf" url="AM%20140%20fol/53/WEB_DISPLAY"/>
		</surface>
		<surface xml:id="AM02-0140-0025r" n="54">
			<desc>0025r</desc>
			<graphic mimeType="pdf" url="AM%20140%20fol/54/HIGH_QUALITY_DISPLAY"/>
			<graphic mimeType="jpg" url="AM%20140%20fol/54/THUMBNAIL" width="191px" height="300px"/>
			<graphic mimeType="jpg" url="AM%20140%20fol/54/SECONDARY_DISPLAY" width="2603px" height="4092px"/>
			<graphic mimeType="pdf" url="AM%20140%20fol/54/WEB_DISPLAY"/>
		</surface>
		<surface xml:id="AM02-0140-0025v" n="55">
			<desc>0025v</desc>
			<graphic mimeType="pdf" url="AM%20140%20fol/55/HIGH_QUALITY_DISPLAY"/>
			<graphic mimeType="jpg" url="AM%20140%20fol/55/THUMBNAIL" width="191px" height="300px"/>
			<graphic mimeType="jpg" url="AM%20140%20fol/55/SECONDARY_DISPLAY" width="2603px" height="4092px"/>
			<graphic mimeType="pdf" url="AM%20140%20fol/55/WEB_DISPLAY"/>
		</surface>
		<surface xml:id="AM02-0140-0026r" n="56">
			<desc>0026r</desc>
			<graphic mimeType="pdf" url="AM%20140%20fol/56/HIGH_QUALITY_DISPLAY"/>
			<graphic mimeType="jpg" url="AM%20140%20fol/56/THUMBNAIL" width="191px" height="300px"/>
			<graphic mimeType="jpg" url="AM%20140%20fol/56/SECONDARY_DISPLAY" width="2603px" height="4092px"/>
			<graphic mimeType="pdf" url="AM%20140%20fol/56/WEB_DISPLAY"/>
		</surface>
		<surface xml:id="AM02-0140-0026v" n="57">
			<desc>0026v</desc>
			<graphic mimeType="pdf" url="AM%20140%20fol/57/HIGH_QUALITY_DISPLAY"/>
			<graphic mimeType="jpg" url="AM%20140%20fol/57/THUMBNAIL" width="191px" height="300px"/>
			<graphic mimeType="jpg" url="AM%20140%20fol/57/SECONDARY_DISPLAY" width="2633px" height="4140px"/>
			<graphic mimeType="pdf" url="AM%20140%20fol/57/WEB_DISPLAY"/>
		</surface>
		<surface xml:id="AM02-0140-0027r" n="58">
			<desc>0027r</desc>
			<graphic mimeType="pdf" url="AM%20140%20fol/58/HIGH_QUALITY_DISPLAY"/>
			<graphic mimeType="jpg" url="AM%20140%20fol/58/THUMBNAIL" width="191px" height="300px"/>
			<graphic mimeType="jpg" url="AM%20140%20fol/58/SECONDARY_DISPLAY" width="2633px" height="4140px"/>
			<graphic mimeType="pdf" url="AM%20140%20fol/58/WEB_DISPLAY"/>
		</surface>
		<surface xml:id="AM02-0140-0027v" n="59">
			<desc>0027v</desc>
			<graphic mimeType="pdf" url="AM%20140%20fol/59/HIGH_QUALITY_DISPLAY"/>
			<graphic mimeType="jpg" url="AM%20140%20fol/59/THUMBNAIL" width="191px" height="300px"/>
			<graphic mimeType="jpg" url="AM%20140%20fol/59/SECONDARY_DISPLAY" width="2633px" height="4140px"/>
			<graphic mimeType="pdf" url="AM%20140%20fol/59/WEB_DISPLAY"/>
		</surface>
		<surface xml:id="AM02-0140-0028r" n="60">
			<desc>0028r</desc>
			<graphic mimeType="pdf" url="AM%20140%20fol/60/HIGH_QUALITY_DISPLAY"/>
			<graphic mimeType="jpg" url="AM%20140%20fol/60/THUMBNAIL" width="191px" height="300px"/>
			<graphic mimeType="jpg" url="AM%20140%20fol/60/SECONDARY_DISPLAY" width="2633px" height="4140px"/>
			<graphic mimeType="pdf" url="AM%20140%20fol/60/WEB_DISPLAY"/>
		</surface>
		<surface xml:id="AM02-0140-0028v" n="61">
			<desc>0028v</desc>
			<graphic mimeType="pdf" url="AM%20140%20fol/61/HIGH_QUALITY_DISPLAY"/>
			<graphic mimeType="jpg" url="AM%20140%20fol/61/THUMBNAIL" width="191px" height="300px"/>
			<graphic mimeType="jpg" url="AM%20140%20fol/61/SECONDARY_DISPLAY" width="2633px" height="4140px"/>
			<graphic mimeType="pdf" url="AM%20140%20fol/61/WEB_DISPLAY"/>
		</surface>
		<surface xml:id="AM02-0140-0029r" n="62">
			<desc>0029r</desc>
			<graphic mimeType="pdf" url="AM%20140%20fol/62/HIGH_QUALITY_DISPLAY"/>
			<graphic mimeType="jpg" url="AM%20140%20fol/62/THUMBNAIL" width="191px" height="300px"/>
			<graphic mimeType="jpg" url="AM%20140%20fol/62/SECONDARY_DISPLAY" width="2633px" height="4140px"/>
			<graphic mimeType="pdf" url="AM%20140%20fol/62/WEB_DISPLAY"/>
		</surface>
		<surface xml:id="AM02-0140-0029v" n="63">
			<desc>0029v</desc>
			<graphic mimeType="pdf" url="AM%20140%20fol/63/HIGH_QUALITY_DISPLAY"/>
			<graphic mimeType="jpg" url="AM%20140%20fol/63/THUMBNAIL" width="191px" height="300px"/>
			<graphic mimeType="jpg" url="AM%20140%20fol/63/SECONDARY_DISPLAY" width="2633px" height="4140px"/>
			<graphic mimeType="pdf" url="AM%20140%20fol/63/WEB_DISPLAY"/>
		</surface>
		<surface xml:id="AM02-0140-0030r" n="64">
			<desc>0030r</desc>
			<graphic mimeType="pdf" url="AM%20140%20fol/64/HIGH_QUALITY_DISPLAY"/>
			<graphic mimeType="jpg" url="AM%20140%20fol/64/THUMBNAIL" width="191px" height="300px"/>
			<graphic mimeType="jpg" url="AM%20140%20fol/64/SECONDARY_DISPLAY" width="2633px" height="4140px"/>
			<graphic mimeType="pdf" url="AM%20140%20fol/64/WEB_DISPLAY"/>
		</surface>
		<surface xml:id="AM02-0140-0030v" n="65">
			<desc>0030v</desc>
			<graphic mimeType="pdf" url="AM%20140%20fol/65/HIGH_QUALITY_DISPLAY"/>
			<graphic mimeType="jpg" url="AM%20140%20fol/65/THUMBNAIL" width="191px" height="300px"/>
			<graphic mimeType="jpg" url="AM%20140%20fol/65/SECONDARY_DISPLAY" width="2633px" height="4140px"/>
			<graphic mimeType="pdf" url="AM%20140%20fol/65/WEB_DISPLAY"/>
		</surface>
		<surface xml:id="AM02-0140-0031r" n="66">
			<desc>0031r</desc>
			<graphic mimeType="pdf" url="AM%20140%20fol/66/HIGH_QUALITY_DISPLAY"/>
			<graphic mimeType="jpg" url="AM%20140%20fol/66/THUMBNAIL" width="191px" height="300px"/>
			<graphic mimeType="jpg" url="AM%20140%20fol/66/SECONDARY_DISPLAY" width="2633px" height="4140px"/>
			<graphic mimeType="pdf" url="AM%20140%20fol/66/WEB_DISPLAY"/>
		</surface>
		<surface xml:id="AM02-0140-0031v" n="67">
			<desc>0031v</desc>
			<graphic mimeType="pdf" url="AM%20140%20fol/67/HIGH_QUALITY_DISPLAY"/>
			<graphic mimeType="jpg" url="AM%20140%20fol/67/THUMBNAIL" width="191px" height="300px"/>
			<graphic mimeType="jpg" url="AM%20140%20fol/67/SECONDARY_DISPLAY" width="2633px" height="4140px"/>
			<graphic mimeType="pdf" url="AM%20140%20fol/67/WEB_DISPLAY"/>
		</surface>
		<surface xml:id="AM02-0140-0032r" n="68">
			<desc>0032r</desc>
			<graphic mimeType="pdf" url="AM%20140%20fol/68/HIGH_QUALITY_DISPLAY"/>
			<graphic mimeType="jpg" url="AM%20140%20fol/68/THUMBNAIL" width="191px" height="300px"/>
			<graphic mimeType="jpg" url="AM%20140%20fol/68/SECONDARY_DISPLAY" width="2633px" height="4140px"/>
			<graphic mimeType="pdf" url="AM%20140%20fol/68/WEB_DISPLAY"/>
		</surface>
		<surface xml:id="AM02-0140-0032v" n="69">
			<desc>0032v</desc>
			<graphic mimeType="pdf" url="AM%20140%20fol/69/HIGH_QUALITY_DISPLAY"/>
			<graphic mimeType="jpg" url="AM%20140%20fol/69/THUMBNAIL" width="191px" height="300px"/>
			<graphic mimeType="jpg" url="AM%20140%20fol/69/SECONDARY_DISPLAY" width="2633px" height="4140px"/>
			<graphic mimeType="pdf" url="AM%20140%20fol/69/WEB_DISPLAY"/>
		</surface>
		<surface xml:id="AM02-0140-0033r" n="70">
			<desc>0033r</desc>
			<graphic mimeType="pdf" url="AM%20140%20fol/70/HIGH_QUALITY_DISPLAY"/>
			<graphic mimeType="jpg" url="AM%20140%20fol/70/THUMBNAIL" width="191px" height="300px"/>
			<graphic mimeType="jpg" url="AM%20140%20fol/70/SECONDARY_DISPLAY" width="2633px" height="4140px"/>
			<graphic mimeType="pdf" url="AM%20140%20fol/70/WEB_DISPLAY"/>
		</surface>
		<surface xml:id="AM02-0140-0033v" n="71">
			<desc>0033v</desc>
			<graphic mimeType="pdf" url="AM%20140%20fol/71/HIGH_QUALITY_DISPLAY"/>
			<graphic mimeType="jpg" url="AM%20140%20fol/71/THUMBNAIL" width="191px" height="300px"/>
			<graphic mimeType="jpg" url="AM%20140%20fol/71/SECONDARY_DISPLAY" width="2633px" height="4140px"/>
			<graphic mimeType="pdf" url="AM%20140%20fol/71/WEB_DISPLAY"/>
		</surface>
		<surface xml:id="AM02-0140-0034r" n="72">
			<desc>0034r</desc>
			<graphic mimeType="pdf" url="AM%20140%20fol/72/HIGH_QUALITY_DISPLAY"/>
			<graphic mimeType="jpg" url="AM%20140%20fol/72/THUMBNAIL" width="191px" height="300px"/>
			<graphic mimeType="jpg" url="AM%20140%20fol/72/SECONDARY_DISPLAY" width="2633px" height="4140px"/>
			<graphic mimeType="pdf" url="AM%20140%20fol/72/WEB_DISPLAY"/>
		</surface>
		<surface xml:id="AM02-0140-0034v" n="73">
			<desc>0034v</desc>
			<graphic mimeType="pdf" url="AM%20140%20fol/73/HIGH_QUALITY_DISPLAY"/>
			<graphic mimeType="jpg" url="AM%20140%20fol/73/THUMBNAIL" width="191px" height="300px"/>
			<graphic mimeType="jpg" url="AM%20140%20fol/73/SECONDARY_DISPLAY" width="2633px" height="4140px"/>
			<graphic mimeType="pdf" url="AM%20140%20fol/73/WEB_DISPLAY"/>
		</surface>
		<surface xml:id="AM02-0140-0035r" n="74">
			<desc>0035r</desc>
			<graphic mimeType="pdf" url="AM%20140%20fol/74/HIGH_QUALITY_DISPLAY"/>
			<graphic mimeType="jpg" url="AM%20140%20fol/74/THUMBNAIL" width="191px" height="300px"/>
			<graphic mimeType="jpg" url="AM%20140%20fol/74/SECONDARY_DISPLAY" width="2633px" height="4140px"/>
			<graphic mimeType="pdf" url="AM%20140%20fol/74/WEB_DISPLAY"/>
		</surface>
		<surface xml:id="AM02-0140-0035v" n="75">
			<desc>0035v</desc>
			<graphic mimeType="pdf" url="AM%20140%20fol/75/HIGH_QUALITY_DISPLAY"/>
			<graphic mimeType="jpg" url="AM%20140%20fol/75/THUMBNAIL" width="191px" height="300px"/>
			<graphic mimeType="jpg" url="AM%20140%20fol/75/SECONDARY_DISPLAY" width="2633px" height="4140px"/>
			<graphic mimeType="pdf" url="AM%20140%20fol/75/WEB_DISPLAY"/>
		</surface>
		<surface xml:id="AM02-0140-0036r" n="76">
			<desc>0036r</desc>
			<graphic mimeType="pdf" url="AM%20140%20fol/76/HIGH_QUALITY_DISPLAY"/>
			<graphic mimeType="jpg" url="AM%20140%20fol/76/THUMBNAIL" width="191px" height="300px"/>
			<graphic mimeType="jpg" url="AM%20140%20fol/76/SECONDARY_DISPLAY" width="2633px" height="4140px"/>
			<graphic mimeType="pdf" url="AM%20140%20fol/76/WEB_DISPLAY"/>
		</surface>
		<surface xml:id="AM02-0140-0036v" n="77">
			<desc>0036v</desc>
			<graphic mimeType="pdf" url="AM%20140%20fol/77/HIGH_QUALITY_DISPLAY"/>
			<graphic mimeType="jpg" url="AM%20140%20fol/77/THUMBNAIL" width="191px" height="300px"/>
			<graphic mimeType="jpg" url="AM%20140%20fol/77/SECONDARY_DISPLAY" width="2633px" height="4140px"/>
			<graphic mimeType="pdf" url="AM%20140%20fol/77/WEB_DISPLAY"/>
		</surface>
		<surface xml:id="AM02-0140-0037r" n="78">
			<desc>0037r</desc>
			<graphic mimeType="pdf" url="AM%20140%20fol/78/HIGH_QUALITY_DISPLAY"/>
			<graphic mimeType="jpg" url="AM%20140%20fol/78/THUMBNAIL" width="191px" height="300px"/>
			<graphic mimeType="jpg" url="AM%20140%20fol/78/SECONDARY_DISPLAY" width="2633px" height="4140px"/>
			<graphic mimeType="pdf" url="AM%20140%20fol/78/WEB_DISPLAY"/>
		</surface>
		<surface xml:id="AM02-0140-0037v" n="79">
			<desc>0037v</desc>
			<graphic mimeType="pdf" url="AM%20140%20fol/79/HIGH_QUALITY_DISPLAY"/>
			<graphic mimeType="jpg" url="AM%20140%20fol/79/THUMBNAIL" width="192px" height="300px"/>
			<graphic mimeType="jpg" url="AM%20140%20fol/79/SECONDARY_DISPLAY" width="2633px" height="4104px"/>
			<graphic mimeType="pdf" url="AM%20140%20fol/79/WEB_DISPLAY"/>
		</surface>
		<surface xml:id="AM02-0140-0038r" n="80">
			<desc>0038r</desc>
			<graphic mimeType="pdf" url="AM%20140%20fol/80/HIGH_QUALITY_DISPLAY"/>
			<graphic mimeType="jpg" url="AM%20140%20fol/80/THUMBNAIL" width="192px" height="300px"/>
			<graphic mimeType="jpg" url="AM%20140%20fol/80/SECONDARY_DISPLAY" width="2633px" height="4104px"/>
			<graphic mimeType="pdf" url="AM%20140%20fol/80/WEB_DISPLAY"/>
		</surface>
		<surface xml:id="AM02-0140-0038v" n="81">
			<desc>0038v</desc>
			<graphic mimeType="pdf" url="AM%20140%20fol/81/HIGH_QUALITY_DISPLAY"/>
			<graphic mimeType="jpg" url="AM%20140%20fol/81/THUMBNAIL" width="192px" height="300px"/>
			<graphic mimeType="jpg" url="AM%20140%20fol/81/SECONDARY_DISPLAY" width="2633px" height="4104px"/>
			<graphic mimeType="pdf" url="AM%20140%20fol/81/WEB_DISPLAY"/>
		</surface>
		<surface xml:id="AM02-0140-0039r" n="82">
			<desc>0039r</desc>
			<graphic mimeType="pdf" url="AM%20140%20fol/82/HIGH_QUALITY_DISPLAY"/>
			<graphic mimeType="jpg" url="AM%20140%20fol/82/THUMBNAIL" width="192px" height="300px"/>
			<graphic mimeType="jpg" url="AM%20140%20fol/82/SECONDARY_DISPLAY" width="2633px" height="4104px"/>
			<graphic mimeType="pdf" url="AM%20140%20fol/82/WEB_DISPLAY"/>
		</surface>
		<surface xml:id="AM02-0140-0039v" n="83">
			<desc>0039v</desc>
			<graphic mimeType="pdf" url="AM%20140%20fol/83/HIGH_QUALITY_DISPLAY"/>
			<graphic mimeType="jpg" url="AM%20140%20fol/83/THUMBNAIL" width="192px" height="300px"/>
			<graphic mimeType="jpg" url="AM%20140%20fol/83/SECONDARY_DISPLAY" width="2633px" height="4104px"/>
			<graphic mimeType="pdf" url="AM%20140%20fol/83/WEB_DISPLAY"/>
		</surface>
		<surface xml:id="AM02-0140-0040r" n="84">
			<desc>0040r</desc>
			<graphic mimeType="pdf" url="AM%20140%20fol/84/HIGH_QUALITY_DISPLAY"/>
			<graphic mimeType="jpg" url="AM%20140%20fol/84/THUMBNAIL" width="192px" height="300px"/>
			<graphic mimeType="jpg" url="AM%20140%20fol/84/SECONDARY_DISPLAY" width="2633px" height="4104px"/>
			<graphic mimeType="pdf" url="AM%20140%20fol/84/WEB_DISPLAY"/>
		</surface>
		<surface xml:id="AM02-0140-0040v" n="85">
			<desc>0040v</desc>
			<graphic mimeType="pdf" url="AM%20140%20fol/85/HIGH_QUALITY_DISPLAY"/>
			<graphic mimeType="jpg" url="AM%20140%20fol/85/THUMBNAIL" width="192px" height="300px"/>
			<graphic mimeType="jpg" url="AM%20140%20fol/85/SECONDARY_DISPLAY" width="2633px" height="4104px"/>
			<graphic mimeType="pdf" url="AM%20140%20fol/85/WEB_DISPLAY"/>
		</surface>
		<surface xml:id="AM02-0140-0041r" n="86">
			<desc>0041r</desc>
			<graphic mimeType="pdf" url="AM%20140%20fol/86/HIGH_QUALITY_DISPLAY"/>
			<graphic mimeType="jpg" url="AM%20140%20fol/86/THUMBNAIL" width="192px" height="300px"/>
			<graphic mimeType="jpg" url="AM%20140%20fol/86/SECONDARY_DISPLAY" width="2633px" height="4104px"/>
			<graphic mimeType="pdf" url="AM%20140%20fol/86/WEB_DISPLAY"/>
		</surface>
		<surface xml:id="AM02-0140-0041v" n="87">
			<desc>0041v</desc>
			<graphic mimeType="pdf" url="AM%20140%20fol/87/HIGH_QUALITY_DISPLAY"/>
			<graphic mimeType="jpg" url="AM%20140%20fol/87/THUMBNAIL" width="192px" height="300px"/>
			<graphic mimeType="jpg" url="AM%20140%20fol/87/SECONDARY_DISPLAY" width="2633px" height="4116px"/>
			<graphic mimeType="pdf" url="AM%20140%20fol/87/WEB_DISPLAY"/>
		</surface>
		<surface xml:id="AM02-0140-0042r" n="88">
			<desc>0042r</desc>
			<graphic mimeType="pdf" url="AM%20140%20fol/88/HIGH_QUALITY_DISPLAY"/>
			<graphic mimeType="jpg" url="AM%20140%20fol/88/THUMBNAIL" width="192px" height="300px"/>
			<graphic mimeType="jpg" url="AM%20140%20fol/88/SECONDARY_DISPLAY" width="2633px" height="4116px"/>
			<graphic mimeType="pdf" url="AM%20140%20fol/88/WEB_DISPLAY"/>
		</surface>
		<surface xml:id="AM02-0140-0042v" n="89">
			<desc>0042v</desc>
			<graphic mimeType="pdf" url="AM%20140%20fol/89/HIGH_QUALITY_DISPLAY"/>
			<graphic mimeType="jpg" url="AM%20140%20fol/89/THUMBNAIL" width="192px" height="300px"/>
			<graphic mimeType="jpg" url="AM%20140%20fol/89/SECONDARY_DISPLAY" width="2633px" height="4116px"/>
			<graphic mimeType="pdf" url="AM%20140%20fol/89/WEB_DISPLAY"/>
		</surface>
		<surface xml:id="AM02-0140-0043r" n="90">
			<desc>0043r</desc>
			<graphic mimeType="pdf" url="AM%20140%20fol/90/HIGH_QUALITY_DISPLAY"/>
			<graphic mimeType="jpg" url="AM%20140%20fol/90/THUMBNAIL" width="192px" height="300px"/>
			<graphic mimeType="jpg" url="AM%20140%20fol/90/SECONDARY_DISPLAY" width="2633px" height="4116px"/>
			<graphic mimeType="pdf" url="AM%20140%20fol/90/WEB_DISPLAY"/>
		</surface>
		<surface xml:id="AM02-0140-0043v" n="91">
			<desc>0043v</desc>
			<graphic mimeType="pdf" url="AM%20140%20fol/91/HIGH_QUALITY_DISPLAY"/>
			<graphic mimeType="jpg" url="AM%20140%20fol/91/THUMBNAIL" width="192px" height="300px"/>
			<graphic mimeType="jpg" url="AM%20140%20fol/91/SECONDARY_DISPLAY" width="2633px" height="4116px"/>
			<graphic mimeType="pdf" url="AM%20140%20fol/91/WEB_DISPLAY"/>
		</surface>
		<surface xml:id="AM02-0140-0044r" n="92">
			<desc>0044r</desc>
			<graphic mimeType="pdf" url="AM%20140%20fol/92/HIGH_QUALITY_DISPLAY"/>
			<graphic mimeType="jpg" url="AM%20140%20fol/92/THUMBNAIL" width="192px" height="300px"/>
			<graphic mimeType="jpg" url="AM%20140%20fol/92/SECONDARY_DISPLAY" width="2633px" height="4116px"/>
			<graphic mimeType="pdf" url="AM%20140%20fol/92/WEB_DISPLAY"/>
		</surface>
		<surface xml:id="AM02-0140-0044v" n="93">
			<desc>0044v</desc>
			<graphic mimeType="pdf" url="AM%20140%20fol/93/HIGH_QUALITY_DISPLAY"/>
			<graphic mimeType="jpg" url="AM%20140%20fol/93/THUMBNAIL" width="192px" height="300px"/>
			<graphic mimeType="jpg" url="AM%20140%20fol/93/SECONDARY_DISPLAY" width="2633px" height="4116px"/>
			<graphic mimeType="pdf" url="AM%20140%20fol/93/WEB_DISPLAY"/>
		</surface>
		<surface xml:id="AM02-0140-0045r" n="94">
			<desc>0045r</desc>
			<graphic mimeType="pdf" url="AM%20140%20fol/94/HIGH_QUALITY_DISPLAY"/>
			<graphic mimeType="jpg" url="AM%20140%20fol/94/THUMBNAIL" width="192px" height="300px"/>
			<graphic mimeType="jpg" url="AM%20140%20fol/94/SECONDARY_DISPLAY" width="2633px" height="4116px"/>
			<graphic mimeType="pdf" url="AM%20140%20fol/94/WEB_DISPLAY"/>
		</surface>
		<surface xml:id="AM02-0140-0045v" n="95">
			<desc>0045v</desc>
			<graphic mimeType="pdf" url="AM%20140%20fol/95/HIGH_QUALITY_DISPLAY"/>
			<graphic mimeType="jpg" url="AM%20140%20fol/95/THUMBNAIL" width="192px" height="300px"/>
			<graphic mimeType="jpg" url="AM%20140%20fol/95/SECONDARY_DISPLAY" width="2633px" height="4116px"/>
			<graphic mimeType="pdf" url="AM%20140%20fol/95/WEB_DISPLAY"/>
		</surface>
		<surface xml:id="AM02-0140-0046r" n="96">
			<desc>0046r</desc>
			<graphic mimeType="pdf" url="AM%20140%20fol/96/HIGH_QUALITY_DISPLAY"/>
			<graphic mimeType="jpg" url="AM%20140%20fol/96/THUMBNAIL" width="192px" height="300px"/>
			<graphic mimeType="jpg" url="AM%20140%20fol/96/SECONDARY_DISPLAY" width="2633px" height="4116px"/>
			<graphic mimeType="pdf" url="AM%20140%20fol/96/WEB_DISPLAY"/>
		</surface>
		<surface xml:id="AM02-0140-0046v" n="97">
			<desc>0046v</desc>
			<graphic mimeType="pdf" url="AM%20140%20fol/97/HIGH_QUALITY_DISPLAY"/>
			<graphic mimeType="jpg" url="AM%20140%20fol/97/THUMBNAIL" width="192px" height="300px"/>
			<graphic mimeType="jpg" url="AM%20140%20fol/97/SECONDARY_DISPLAY" width="2633px" height="4116px"/>
			<graphic mimeType="pdf" url="AM%20140%20fol/97/WEB_DISPLAY"/>
		</surface>
		<surface xml:id="AM02-0140-0047r" n="98">
			<desc>0047r</desc>
			<graphic mimeType="pdf" url="AM%20140%20fol/98/HIGH_QUALITY_DISPLAY"/>
			<graphic mimeType="jpg" url="AM%20140%20fol/98/THUMBNAIL" width="192px" height="300px"/>
			<graphic mimeType="jpg" url="AM%20140%20fol/98/SECONDARY_DISPLAY" width="2633px" height="4116px"/>
			<graphic mimeType="pdf" url="AM%20140%20fol/98/WEB_DISPLAY"/>
		</surface>
		<surface xml:id="AM02-0140-0047v" n="99">
			<desc>0047v</desc>
			<graphic mimeType="pdf" url="AM%20140%20fol/99/HIGH_QUALITY_DISPLAY"/>
			<graphic mimeType="jpg" url="AM%20140%20fol/99/THUMBNAIL" width="192px" height="300px"/>
			<graphic mimeType="jpg" url="AM%20140%20fol/99/SECONDARY_DISPLAY" width="2633px" height="4116px"/>
			<graphic mimeType="pdf" url="AM%20140%20fol/99/WEB_DISPLAY"/>
		</surface>
		<surface xml:id="AM02-0140-9901r-RFl" n="100">
			<desc>9901r-RFl</desc>
			<graphic mimeType="pdf" url="AM%20140%20fol/100/HIGH_QUALITY_DISPLAY"/>
			<graphic mimeType="jpg" url="AM%20140%20fol/100/THUMBNAIL" width="192px" height="300px"/>
			<graphic mimeType="jpg" url="AM%20140%20fol/100/SECONDARY_DISPLAY" width="2633px" height="4116px"/>
			<graphic mimeType="pdf" url="AM%20140%20fol/100/WEB_DISPLAY"/>
		</surface>
		<surface xml:id="AM02-0140-9901v-RFl" n="101">
			<desc>9901v-RFl</desc>
			<graphic mimeType="pdf" url="AM%20140%20fol/101/HIGH_QUALITY_DISPLAY"/>
			<graphic mimeType="jpg" url="AM%20140%20fol/101/THUMBNAIL" width="192px" height="300px"/>
			<graphic mimeType="jpg" url="AM%20140%20fol/101/SECONDARY_DISPLAY" width="2633px" height="4116px"/>
			<graphic mimeType="pdf" url="AM%20140%20fol/101/WEB_DISPLAY"/>
		</surface>
		<surface xml:id="AM02-0140-9999r-RB" n="102">
			<desc>9999r-RB</desc>
			<graphic mimeType="pdf" url="AM%20140%20fol/102/HIGH_QUALITY_DISPLAY"/>
			<graphic mimeType="jpg" url="AM%20140%20fol/102/THUMBNAIL" width="192px" height="300px"/>
			<graphic mimeType="jpg" url="AM%20140%20fol/102/SECONDARY_DISPLAY" width="2633px" height="4116px"/>
			<graphic mimeType="pdf" url="AM%20140%20fol/102/WEB_DISPLAY"/>
		</surface>
		<surface xml:id="AM02-0140-9999v-RB" n="103">
			<desc>9999v-RB</desc>
			<graphic mimeType="pdf" url="AM%20140%20fol/103/HIGH_QUALITY_DISPLAY"/>
			<graphic mimeType="jpg" url="AM%20140%20fol/103/THUMBNAIL" width="196px" height="300px"/>
			<graphic mimeType="jpg" url="AM%20140%20fol/103/SECONDARY_DISPLAY" width="2784px" height="4260px"/>
			<graphic mimeType="pdf" url="AM%20140%20fol/103/WEB_DISPLAY"/>
		</surface>
		<surface xml:id="AM02-0140-ccp" n="104">
			<desc>ccp</desc>
			<graphic mimeType="pdf" url="AM%20140%20fol/104/HIGH_QUALITY_DISPLAY"/>
			<graphic mimeType="jpg" url="AM%20140%20fol/104/THUMBNAIL" width="184px" height="300px"/>
			<graphic mimeType="jpg" url="AM%20140%20fol/104/SECONDARY_DISPLAY" width="1752px" height="2856px"/>
			<graphic mimeType="pdf" url="AM%20140%20fol/104/WEB_DISPLAY"/>
		</surface>
	</facsimile>
	<text>
		<body>

			<p/>
		</body>
	</text>
</TEI>