<?oxygen RNGSchema="http://www.handrit.is/schema/handrit-1.0.rnc" type="compact"?>
<TEI xmlns="http://www.tei-c.org/ns/1.0">
    <teiHeader>
        <fileDesc>
            <titleStmt>
                <title type="main">Acc. 58</title>
            </titleStmt>
            <publicationStmt>
                <authority>Den Arnamagnæanske Samling</authority>
                <pubPlace>Copenhagen</pubPlace>
            </publicationStmt>
            <sourceDesc>
                <msDesc xml:id="Acc-0058-en" xml:lang="en">
                    <msIdentifier>
                        <country key="DA">Denmark</country>
                        <settlement>Copenhagen</settlement>
                        <repository>Den Arnamagnæanske Samling</repository>
                        <idno>Acc. 58</idno>
                    </msIdentifier>
                    <msContents>
                        <summary>Víglundar saga</summary>
                        <titlePage type="ms"><docTitle><titlePart type="main"> Saga <lb/> af <lb/> Þorgrijmi prwda og Vijglundi <lb/> Syne hanns. (<locus from="2r" to="2r">2r</locus>)</titlePart></docTitle></titlePage>
                        <msItem n="1" class="isl" defective="false">
                            <locus from="3r" to="56r">3r-56r (pp. 1-107)</locus>
                            <title type="uniform">Víglundar saga</title>
                            <textLang mainLang="is"></textLang>
                            <rubric>Saga <lb/> af <lb/> Þorgrijmi Pruda og Vijglunde <lb/> Syne hanns. <lb/> 1. Cap.</rubric>
                            <incipit>Haralldur Hárfagri Son Halldanar <lb/> Svarta, var þá Einvallds Kongur i <lb/> Norvegi öllum</incipit>
                            <explicit>Øll þessi Hioon untust <lb/> vel, og voru allt Göfug Men<ex>n</ex>e. Lijkur so þessa Sögu.</explicit>
                            <note>The text is divided into 18 chapters, and the chapter division does not follow <bibl><ref target="IslGJ003">Guðni Jónsson's edition</ref> of <title type="uniform">Víglundar saga</title>, <biblScope type="pages">357-420</biblScope></bibl>.</note>
                            </msItem>
                    </msContents>
                    <physDesc>
                        <objectDesc form="codex">
                            <supportDesc material="chart">
                                <support>Paper. 
                                    <watermark>
                                        Watermarks:  Beehive with "HONIG" written on the plinth and "JH &amp; Z" beneath it. Countermark: J HONIG &amp; ZOONEN. Different paper, with Pro Patria watermark, was used for the pastedown.</watermark>
                                </support>
                                <extent>56  leaves. Size of leaves: 
                                    <dimensions type="leaf" scope="all" unit="mm">
                                        <height>163</height>
                                        <width>106</width>
                                    </dimensions>. 
                                </extent>
                                <foliation>
                                    <p>No foliation. Pagination 1-107 starts on f. <locus from="3r" to="3r">3r</locus>.</p>
                                </foliation> 
                                <collation>
                                    <p>
                                        Leaves are gathered in seven quires of four conjoint leaves each.
                                    </p>
                                    <signatures>There are no quire sigantures.</signatures>
                                    <catchwords>There are no catchwords.</catchwords>
                                </collation>
                                <condition>
                                    <p>The manuscript is in a good condition.</p> 
                                </condition> 
                            </supportDesc>
                            <layoutDesc>
                                <layout columns="1" writtenLines="21 23"> 
                                    <p>The text is written in one column.</p>
                                    <p>There are 21-23 lines per page.</p>
                                </layout>
                            </layoutDesc>
                        </objectDesc>
                        <handDesc hands="1">
                            <handNote scribe="FreSch002" scope="sole" script="humcursiva"> 
                                <p> Written by <name type="person" key="FreSch002">Frederik Julius Schaldemose</name></p>.</handNote>
                        </handDesc>
                        <decoDesc>
                            <decoNote>No decorations. </decoNote>
                        </decoDesc> 
                        <additions>
                            <p>On the pastedown the is a note <q>Schaldemose 1818</q></p>
                            <p>On f. <locus from="2r" to="2r">2r</locus> there is an addition <q>foræret Nykjóbings Kathedralskole af Afskrive<lb/>ren, Hr. Adjunct Schaldemose.</q>
                            </p>
                        </additions> 
                        <bindingDesc>
                            <binding contemporary="true">
                                <p>Full-bound in blue paper.</p>
                                <p>On the spine there is a title <q>Saga <lb/> af <lb/> Þorgr. <lb/> pruda </q></p>
                                <p>A provenance sticker affixed to foot of spine: <q>Nykjöbing Cath-Skole Bibliothek</q>. </p>
                            </binding>
                       </bindingDesc>
                        <accMat>
                        </accMat>
                    </physDesc>
                    <history>
                        <origin notBefore="1800" notAfter="1818" cert="high" evidence="internal">
                            <p>The manuscript was written in <origPlace key="DK">Denmark</origPlace>
                                by <name type="person" key="FreSch002">Frederik Julius
                                    Schaldemose</name> before 
                             <origDate when="1816">1818</origDate>, as the notes on the pastedown and title page suggest. 
                            </p>   
                        </origin>
                        <provenance>
                            <p>The manuscripts Acc. 51-62 came from <name type="place" key="Nykob01">Nykøbing</name> cathedral school. Most of them are <name type="person" key="FreSch002">Fredrik Schaldemose's</name> transcriptions of Norse texts.</p>
                            <p>The manuscripts were given as a gift to the Nykøbing Katedralskole by <name type="person" key="FreSch002">Frederik Julius Schaldemose</name>.</p>
                        </provenance>
                        <acquisition>
                            <p><orgName key="AMS">The Arnamagnæan Institute</orgName> in <name type="place" key="Copen01">Copenhagen</name> acquired the manuscript from the school in <date when="2007">April 2007</date> as a gift.</p>
                        </acquisition>
                    </history>
                    <additional> 
                        <adminInfo>
                            <recordHist>
                                <source>
                                    <p>Catalogued from the manuscript on <date when="2018-10-23"/> by <name type="person" key="KatKap001">Katarzyna Anna Kapitan</name>.</p>
                                </source>
                            </recordHist>
                        </adminInfo>
                        <surrogates>
                            <p>
                                <list>
                                    <item>Microfilm Neg 2018 from <date when="2011-05-30"/>.</item>
                                    <item>Microfilm (archive) 2000 from <date when="2011-06-01"/>.</item>
                                    <item>Backup film TS 1296 from <date when="2011-06-01"/>.</item>
                                </list>
                            </p>
                        </surrogates>
                    </additional>
                </msDesc>
            </sourceDesc>
        </fileDesc>
        <revisionDesc>
            <change>
                <date when="2018-10-24"/>
                <name type="person" key="KatKap001">Katarzyna Anna Kapitan</name>
                Completed cataloging.
            </change>
            <change>
                <date when="2018-11-07"/>
                <name type="person" key="KatKap001">Katarzyna Anna Kapitan</name>
                Added surrogates.
            </change>
        </revisionDesc>
    </teiHeader>
    <facsimile>
        <surface/>
    </facsimile>
</TEI>