<?xml version="1.0" encoding="UTF-8"?><?oxygen RNGSchema="http://www.handrit.is/schema/handrit-1.0.rnc" type="compact"?><TEI xmlns="http://www.tei-c.org/ns/1.0">
   <teiHeader>
      <fileDesc>
         <titleStmt>
            <title type="main">Acc. 12</title>
         </titleStmt>
         <publicationStmt>
            <authority>Den Arnamagnæanske Samling</authority>
            <pubPlace>København</pubPlace>
         </publicationStmt>
         <sourceDesc><msDesc xml:lang="da" xml:id="Acc-0012-da">
               <msIdentifier>
                  <country>Danmark</country>
                  <settlement>København</settlement>
                  <repository>Den Arnamagnæanske Samling</repository>
                  <idno>Acc. 12</idno>
                  <altIdentifier type="internal" subtype="KKKat">
                     <idno/>
                  </altIdentifier>
               </msIdentifier>
               <head>
                  <title>Dansk lovhåndskrift</title>
                  <origPlace>Danmark</origPlace>
                  <origDate notBefore="1500" notAfter="1600">s. XVI</origDate>
               </head>
               <msContents>
                  <msItem><textLang mainLang="da">Dansk</textLang></msItem>
               </msContents>
               <physDesc>
                  <objectDesc form="codex">
                     <supportDesc material="chart">
                        <support>
                           <p>
                              <material>Papir</material>.</p>
                        </support>
                        <extent>263. 
<dimensions type="leaf" scope="all">
                              <height>190</height>
                              <width>150</width>
                           </dimensions>.</extent>
                     </supportDesc>
                  </objectDesc>
                  <handDesc hands="1">
                     <handNote scribe="NicBre01" scope="major" script="unknown">
                        <p>
Principally written by Nicolaus Bredall.</p>
                     </handNote>
                  </handDesc>
               </physDesc>
            </msDesc>
         </sourceDesc>
      </fileDesc>
   </teiHeader>
   <facsimile>
      <surface/>
   </facsimile>
</TEI>