<?oxygen RNGSchema="http://www.handrit.is/schema/handrit-1.0.rnc" type="compact"?>
<TEI xmlns="http://www.tei-c.org/ns/1.0">
    <teiHeader>
        <fileDesc>
            <titleStmt>
                <title type="main">Acc. 56</title>
            </titleStmt>
            <publicationStmt>
                <authority>Den Arnamagnæanske Samling</authority>
                <pubPlace>Copenhagen</pubPlace>
            </publicationStmt>
            <sourceDesc>
                <msDesc xml:id="Acc-0056-en" xml:lang="en">
                    <msIdentifier>
                        <country key="DA">Denmark</country>
                        <settlement>Copenhagen</settlement>
                        <repository>Den Arnamagnæanske Samling</repository>
                        <idno>Acc. 56</idno>
                    </msIdentifier>
                    <msContents>
                        <summary><title type="supplied">Postula sögur</title></summary>
                        <titlePage type="ms"><docTitle><titlePart type="main">Her Hefiaz X Saug<lb/>ar <lb/> af Þeim Enom <lb/> Hæilaugo Guds <lb/> Postolom oc Pinslar va<ex>tt</ex><lb/>om <lb/> Saman skrifaðar af sannferðogom Hist<lb/>oriuskriforom. 
                            þeim til Fródleics oc <lb/> nytsemðar er pilíct ydka <lb/> vilia (<locus from="1r" to="1r">1r</locus>)</titlePart></docTitle></titlePage>
                        <msItem n="1" class="post" defective="false">
                            <locus from="2r" to="19v">2r-19v</locus>
                            <title type="uniform">Péturs saga postula</title>
                            <textLang mainLang="is">Icelandic</textLang>
                            <rubric>Sagan Af Enom <lb/> Heilaga Petre <lb/> Postula. <lb/> J. Capitule</rubric>
                            <incipit>Petur Postule høfdinge A<ex>nn</ex>ara Postula oc <lb/> Andreas broder ha<ex>nn</ex>s voru Joha<ex>nn</ex>es syn<ex>ir</ex> <lb/> bádir</incipit>
                            <explicit>o<ex>c</ex> u<ex>pp</ex>reisn eylífs lóifs f<ex>yrir</ex> d<ex>ro</ex><ex>tt</ex>enn varn Jehsum <ex>Kristum</ex>. Amen</explicit>
                            <note>The text is divided into 15 numbered chapters.</note>
                            <note>The text corresponds to <title type="supplied">Petrs saga postola</title> II A in <bibl>Unger's <ref target="Postola1874">Postola sögur</ref>, pp. 159-201.</bibl></note>
                        </msItem>
                        <msItem n="2" class="post" defective="false">
                            <locus from="19v" to="30v">19v-30v</locus>
                            <title type="uniform">Jóns saga postula</title>
                            <textLang mainLang="is">Icelandic</textLang>
                            <rubric>Her Hefr Saugona <lb/> af <lb/> h<ex>eilaga</ex> Joa<ex>nn</ex>e Postola <lb/> J. Capitule</rubric>
                            <incipit>Jóha<ex>nn</ex>es P<ex>osto</ex>le com snem<ex>m</ex>a t<ex>il</ex> fylgd<ex>ar</ex> m<ex>eð</ex> d<ex>ro</ex><ex>tt</ex>ne v<ex>or</ex>om Jehsu <lb/> <ex>Kristo</ex>, v<ex>ar</ex> br<ex>óðir</ex> Jacobí</incipit>
                            <explicit>at laða o<ex>ss</ex> t<ex>il</ex> eylif<ex>ra</ex> samvista v<ex>ið</ex> siálfo<ex>m</ex> ser oc aulo<ex>m</ex> h<ex>anns</ex> laugo<ex>m</ex> m<ex>on</ex><lb/>om. per omnia Secula Seculorum. A<ex>men</ex></explicit>
                            <note>The text is divided into 12 numbered chapters.</note>
                            <note>The text corresponds to <title type="supplied">Jóns saga postola</title> I in <bibl>Unger's <ref target="Postola1874">Postola sögur</ref>, pp. 412-436.</bibl></note>
                        </msItem>
                        <msItem n="3" class="post" defective="false">
                            <locus from="31r" to="34r">31r-34r</locus>
                            <textLang mainLang="is">Icelandic</textLang>
                            <title type="uniform">Jakobs saga postula</title>
                            <rubric>Her Hefr Upp Jacobs <lb/> Saga Postola Þe<ex>ss</ex> er var <lb/> Joha<ex>nn</ex>is Evangelista Bróð<ex>ir</ex>. <lb/> J Cap</rubric>
                            <incipit>J dag hauldo<ex>m</ex> ver Me<ex>ss</ex>odag Jacobí P<ex>osto</ex>la, Bróðr <lb/> Jóha<ex>nn</ex>is, í þá mi<ex>nn</ex>ing</incipit>
                            <explicit>at v<ex>er</ex> v<ex>er</ex>ða mego<ex>m</ex> m<ex>eð</ex> þ<ex>eim</ex> luttacar<ex>ar</ex> eylífr<ex>ar</ex> í himinr<ex>ik</ex>s sælo án <lb/> enda. A<ex>men</ex>. A<ex>Amen</ex></explicit>
                        <note>The text is divided into 4 numbered chapters.</note>
                            <note>The text corresponds to <title type="supplied">Jacobs saga postola</title> I in <bibl>Unger's <ref target="Postola1874">Postola sögur</ref>, pp. 513-521.</bibl></note>
                        </msItem>
                        <msItem n="4" class="post" defective="false">
                            <locus from="34r" to="38r">34r-38r</locus>
                            <textLang mainLang="is">Icelandic</textLang>
                            <title type="uniform">Barthólómeus saga postula</title>
                            <rubric>Her Byriar Saugona af <lb/> Bartolomeo Postola <lb/> J Cap</rubric>
                            <incipit>Me<ex>ss</ex>odag haulldo<ex>m</ex> ver í dag S<ex>an</ex>cte Bartolomeí P<ex>osto</ex>la í <lb/> min<ex>n</ex>ing þ<ex>ei</ex>r<ex>ar</ex> pínsl<ex>ar</ex></incipit>
                            <explicit>o<ex>c</ex> v<ex>er</ex>ða þ<ex>ar</ex> alscyns i<ex>ar</ex>te<lb/>gn<ex>ir</ex> at h<ex>anns</ex> helgo<ex>m</ex> dómi allt t<ex>il</ex> þ<ex>ess</ex>a dags</explicit>
                        <note>There is divided into two parts. The second part starts on f. <locus from="37v" to="37v">37v</locus> with the rubric: <q>Hi<ex>nn</ex> Síðare Lute Saugo<ex>nn</ex>ar</q>.</note>
                            <note>The text corresponds to <title type="supplied">Bartholomeus saga postola</title> I in <bibl>Unger's <ref target="Postola1874">Postola sögur</ref>, pp. 743-754.</bibl></note>
                        </msItem>
                        <msItem n="5" class="post" defective="false">
                            <locus from="38v" to="44r">38v-44r</locus>
                            <textLang mainLang="is">Icelandic</textLang>
                            <title type="uniform">Tómas saga postula</title>
                            <rubric>Sagan Af Enom Hæi<lb/>laga Thómase Postola <lb/> J Cap</rubric>
                            <incipit>Thómas postole sá e<ex>r</ex> auðro nafne v<ex>ar</ex> ca<ex>ll</ex>aðr dídý<lb/>mus, h<ex>ann</ex> com t<ex>il</ex> b<ex>or</ex>g<ex>ar</ex></incipit>
                            <explicit>m<ex>eð</ex> p<ex>ostola</ex> d<ex>ro</ex><ex>tt</ex>e<ex>nn</ex>s Jehsu K<ex>risti</ex> <lb/> þ<ex>ess</ex> e<ex>r</ex> lif<ex>ir</ex> o<ex>c</ex> ríc<ex>ir</ex> um alld<ex>ir</ex> allda A<ex>men</ex></explicit>
                        <note>The text is divided into 3 numbered chapters.</note>
                            <note>The text corresponds to <title type="supplied">Thomas saga postola</title> I in <bibl>Unger's <ref target="Postola1874">Postola sögur</ref>, pp. 712-727.</bibl></note>
                        </msItem>
                        <msItem n="6" class="post" defective="false">
                            <locus from="44r" to="48r">44r-48r</locus>
                            <textLang mainLang="is">Icelandic</textLang>
                            <title type="uniform">Tveggja postula saga Símonar og Júdasar</title>
                            <rubric>Saga Simonis oc Jude <lb/> J Cap</rubric>
                            <incipit>Þá e<ex>r</ex> helg<ex>ir</ex> P<ex>osto</ex>lar dro<ex>tt</ex>e<ex>nn</ex>s Símon o<ex>c</ex> Júdas como á Sp<lb/>ánl<ex>an</ex>d, þá f<ex>or</ex> á móti þ<ex>eim</ex> J<ex>ar</ex>l sá e<ex>r</ex> het Varardag</incipit>
                            <explicit>sun h<ex>ans</ex> d<ex>ro</ex><ex>tt</ex>e<ex>nn</ex> v<ex>or</ex>n <ex>Jehsum</ex> <ex>Kristum</ex> o<ex>c</ex> <lb/> á helg<ex>an</ex> anda hu<ex>gg</ex><ex>ar</ex>a v<ex>or</ex>n. þ<ex>eim</ex> sé dýrð u<ex>m</ex> údauðl<ex>e</ex>g<ex>ar</ex> alld<ex>ir</ex> allda <lb/> A<ex>men</ex></explicit>
                            <note>The text is divided into 4 numbered chapters.</note>
                            <note>The text corresponds to <title type="supplied">Tveggia postola saga Simonis ok Jede</title> I in <bibl>Unger's <ref target="Postola1874">Postola sögur</ref>, pp. 779-789.</bibl></note>
                        </msItem>
                        <msItem n="7" class="post" defective="false">
                            <locus from="48v" to="58v">48v-58v</locus>
                            <textLang mainLang="is">Icelandic</textLang>
                            <title type="uniform">Andréas saga postula</title>
                            <rubric>Her Hefz Upp Sagan Af <lb/> Enom H<ex>eilaga</ex> Andrese P<ex>osto</ex>la <lb/> J Capítule</rubric>
                            <incipit>A Jórsala l<ex>an</ex>de í þorpi þ<ex>ví</ex> e<ex>r</ex> Betsaída h<ex>eitir</ex> þ<ex>at</ex> stendr í Galí<lb/>lea h<ex>er</ex>aðe, þ<ex>ar</ex> føddoz b<ex>ræður</ex> ij. a<ex>nn</ex><ex>ar</ex> e<ex>r</ex> Símon nefndr</incipit>
                            <explicit>at liðno þ<ex>ess</ex>o lífi, fá eylífa <lb/> gleði o<ex>c</ex> vist í himinr<ex>iki</ex> f<ex>yrir</ex> d<ex>ro</ex><ex>tt</ex>e<ex>nn</ex> v<ex>or</ex>n <ex>Jesum</ex> <ex>Kristum</ex>. A<ex>men</ex></explicit>
                            <note>The text is divided into 14 numbered chapters.</note>
                            <note>The text corresponds to <title type="supplied">Andras saga postola</title> I in <bibl>Unger's <ref target="Postola1874">Postola sögur</ref>, pp. 318-343.</bibl></note>
                        </msItem>
                        <msItem n="8" class="post" defective="false">
                            <locus from="58v" to="62v">58v-62v</locus>
                            <textLang mainLang="is">Icelandic</textLang>
                            <title type="uniform">Mattheus saga postula</title>
                            <rubric>Nu Hefur at Segia fra <lb/> S<ex>an</ex>cte Matþeo P<ex>osto</ex>la oc <lb/> Gudspialama<ex>nn</ex>e <lb/> J Cap.</rubric>
                            <incipit>Tveir fiǫlcu<ex>nn</ex>og<ex>er</ex> m<ex>enn</ex> v<ex>oro</ex> á Blál<ex>an</ex>di Saroca o<ex>c</ex> Arfaxað <lb/> í b<ex>or</ex>g þ<ex>essa</ex>ri er Maddaber h<ex>eitir</ex></incipit>
                            <explicit>hv<ex>or</ex>io<ex>m</ex> m<ex>eð</ex> G<ex>ude</ex> fauðr e<ex>r</ex> vegr dýrð á samt he<lb/>lgom anda, nú o<ex>c</ex> u<ex>m</ex> alldir allda. A<ex>men</ex></explicit>
                            <note>The text is divided into 2 numbered chapters.</note>
                            <note>The text corresponds to <title type="supplied">Matheus saga postola</title> II in <bibl>Unger's <ref target="Postola1874">Postola sögur</ref>, pp. 813-823.</bibl></note>
                        </msItem>
                        <msItem n="9" class="post" defective="false">
                            <locus from="62v" to="65r">62v-65r</locus>
                            <textLang mainLang="is">Icelandic</textLang>
                            <title type="uniform">Tveggja postula saga Filippusar og Jakobs</title>
                            <rubric>Saga Þ<ex>ei</ex>ra Tve<ex>gg</ex>ia Postola <lb/> Jacobs e<ex>nn</ex>s Mi<ex>nn</ex>a oc Phi<lb/>lippí.</rubric>
                            <incipit>Nú er e<ex>nn</ex> scyldt gód<ex>ir</ex> m<ex>enn</ex> at s<ex>e</ex>g<ex>ia</ex> nockot f<ex>ra</ex> enom dýrðt G<ex>uds</ex> m<ex>ann</ex>e <lb/> þ<ex>ess</ex> audro<ex>m</ex> e<ex>r</ex> sá dagr e<ex>r</ex> helgadr m<ex>eð</ex> G<ex>ude</ex> Jacobo P<ex>osto</ex>la</incipit>
                            <explicit>m<ex>eð</ex> ást o<ex>c</ex> <lb/> re<ex>tt</ex><ex>re</ex> tru t<ex>il</ex> almá<ex>tt</ex>ogs G<ex>uds</ex>. h<ex>onum</ex> sé dýrð o<ex>c</ex> valld u<ex>m</ex> alld<ex>ir</ex> allda <lb/> A<ex>men</ex></explicit>
                            <note>The text is divided into two parts. The second part starts on f. <locus from="64r" to="64r">64r</locus> with the rubric:<q>Nú skal segia Af Enom <lb/> H<ex>eilaga</ex> Philippo</q></note>
                            <note>The text corresponds to <title type="supplied">Tveggia postola saga Philippus ok Jacobs</title> I in <bibl>Unger's <ref target="Postola1874">Postola sögur</ref>, pp. 735-740</bibl>, but the order of sagas is reveresed.</note>
                            </msItem>
                        <msItem n="10" class="post" defective="false">
                            <locus from="65r" to="69r">65r-69r</locus>
                            <textLang mainLang="is">Icelandic</textLang>
                            <title type="uniform">Matthías saga postula</title>
                            <rubric>Her Hefz upp Sag<lb/>an Af Matthías <lb/> Postola</rubric>
                            <incipit>Matthías P<ex>osto</ex>le G<ex>uds</ex> com snem<ex>m</ex>a t<ex>il</ex> fylgd<ex>ar</ex> o<ex>c</ex> fǫro<lb/>neytes m<ex>eð</ex> d<ex>ro</ex><ex>tt</ex>ne v<ex>or</ex>om</incipit>
                            <explicit>vin<lb/>a<ex>tt</ex>o hiá G<ex>udi</ex> fauðr m<ex>eð</ex> syni o<ex>c</ex> h<ex>ans</ex> anda. <lb/> h<ex>onum</ex> sé vegr o<ex>c</ex> dýrð u<ex>m</ex> alldir allda o<ex>c</ex> at eylífo. A<ex>men</ex> <lb/>Amen</explicit>
                            <note>There is no clear chapter division of this text.</note>
                            <note>The text corresponds to <title type="supplied">Mathias saga postola</title> I in <bibl>Unger's <ref target="Postola1874">Postola sögur</ref>, pp. 767-775</bibl>.</note>
                            
                        </msItem>
                    </msContents>
                    <physDesc>
                        <objectDesc form="codex">
                            <supportDesc material="chart">
                                <support>Paper. <watermark>Watermarks: Pro Patria (Maind of Dort) and "J HONIG &amp; ZOON" as countermark.</watermark></support>
                                <extent>i + 69 + i leaves. Size of leaves: 
                                    <dimensions type="leaf" scope="all" unit="mm">
                                        <height>325</height>
                                        <width>197</width>
                                    </dimensions>. 
                                    The first and the last flyleaves are blueish endpaper conjoint with the paste-down. 
                                </extent>
                                <foliation><p>There is working foliation in pencil in the right upper corener of each leaf.</p></foliation> 
                                <collation>
                                    <p>Leaves are gathered in eighteen quires of mostly two conjoint leaves.
                                        <list>
                                            <item>Quire I: 1 + 2.</item>
                                            <item>Quire II: 3 + 8,  4 + 7,  5 + 6.</item>
                                            <item>Quire III: 9 + 10.</item>
                                            <item>Quire IV: 11 loose,  12 + 15,  13 + 14.</item>
                                            <item>Quire V: 16 + 19,  17 + 18.</item>
                                            <item>Quire VI: 20 + 23,  21 + 22.</item>
                                            <item>Quire VII: 24 + 27,  25 + 26.</item>
                                            <item>Quire VIII:  28 + 31,  29 + 30.</item>
                                            <item>Quire IX:  32 + 35,  33 + 34.</item>
                                            <item>Quire X:  36 + 39,  37 + 38.</item>
                                            <item>Quire XI:  40 + 43,  41 + 42.</item>
                                            <item>Quire XII:  44 + 45.</item>
                                            <item>Quire XIII: 46 +47.</item>
                                            <item>Quire XIV: 48 + 51,  49 + 50.</item>
                                            <item>Quire XV:  52 + 55,  53 + 54.</item>
                                            <item>Quire XVI: 56 + 59,  57 + 58.</item>
                                            <item>Quire XVII: 60 + 63,  61 + 62.</item>
                                            <item>Quire XVIII: 64 + 69,  65 + 68,  66 + 67.</item>
                                        </list>
                                    </p>
                                    <signatures>There are no quire sigantures.</signatures>
                                    <catchwords>There are no catchwords.</catchwords>
                                </collation>
                                <condition><p>The manuscript is in a good condition.</p> 
                                </condition> 
                            </supportDesc>
                            <layoutDesc>
                                <layout columns="1" writtenLines="35 39"> 
                                    <p>The text is written in one column.</p>
                                    <p>There are 35-39 lines per page.</p>
                                </layout>
                            </layoutDesc>
                        </objectDesc>
                        <handDesc hands="1">
                            <handNote scribe="unknown" scope="sole" script="humcursiva"> 
                                <p> Written in one hand.</p></handNote>
                            </handDesc>
                        <decoDesc>
                            <decoNote type="paratext" subtype="rubric">Decorated rubrics.</decoNote>
                            <decoNote type="initial" subtype="foliate">Decorated initials.</decoNote>
                        </decoDesc>  
                        <additions>
                           <p>On the title page (f. <locus from="1r" to="1r">1r</locus>) there are two additions:
                           <list>
                               <item><q>Schaldemose <lb/> 1816</q></item>
                               <item><q>foræret Skolebibliotheket af Adjunct Schaldemose.</q></item>
                           </list></p>
                            <p>There are also sparse marginal notes, which appear to be in the main scribe's hand.</p>
                        </additions>
                        <bindingDesc>
                            <binding contemporary="unknown">
                                <p>Full-bound. Cardboard boards covered with blue paper.</p>
                                <p>On the spine the title is written: “Postula Saga”</p>
                                <p>A provenance sticker affixed to foot of spine: “Nykjöbing Cath-Skole Bibliothek”.</p>
                            </binding>	
                        </bindingDesc>  
                        <accMat>
                        </accMat>
                    </physDesc>
                    <history>
                        <origin notBefore="1700" notAfter="1799" cert="low" evidence="conjecture" resp="KatKap001">
                            The manuscript was most liekly written in <origPlace key="IS">Iceland</origPlace> in the eighteenth century. 
                        </origin>
                        <provenance>
                            <p>The manuscripts Acc. 51-62 came from <name type="place" key="Nykob01">Nykøbing</name> cathedral school. Most of them are <name type="person" key="FreSch002">Fredrik Schaldemose's</name> transcriptions of Norse texts.</p>
                            <p>The manuscripts were given as a gift to the Nykøbing Katedralskole by <name type="person" key="FreSch002">Frederik Schaldemose</name>.</p>
                        </provenance>
                        <acquisition>
                            <p><orgName key="AMS">The Arnamagnæan Institute</orgName> in <name type="place" key="Copen01">Copenhagen</name> acquired the manuscript from the school in <date when="2007">April 2007</date> as a gift.</p>
                        </acquisition>
                    </history>
                    <additional> 
                        <adminInfo>
                            <recordHist>
                                <source>
                                    <p>Catalogued from the manuscript on <date when="2018-10-05"/> by <name type="person" key="KatKap001">Katarzyna Anna Kapitan</name>.</p>
                                    <p>Collation formula from <date when="2009-01-26"/> by <name type="person" key="MetJak001">Mette Jakobsen</name>.</p>
                                </source>
                            </recordHist>
                        </adminInfo>
                        <surrogates>
                            <p>
                                <list>
                                    <item>Microfilm Neg 2018 from <date when="2011-05-30"/>.</item>
                                    <item>Microfilm (archive) 2000 from <date when="2011-06-01"/>.</item>
                                    <item>Backup film TS 1296 from <date when="2011-06-01"/>.</item>
                                </list>
                            </p>
                        </surrogates>
                    </additional>
                </msDesc>
            </sourceDesc>
        </fileDesc>
        <revisionDesc>
            <change>
                <date when="2018-10-05"/>
                <name type="person" key="KatKap001">Katarzyna Anna Kapitan</name>
                XML-file created. Cataloging items 1-4.
            </change>
            <change  who="KatKap001">
                <date when="2018-10-16"/>
                <name type="person" key="KatKap001">Katarzyna Anna Kapitan</name>
                Cataloging, items 5-8.
            </change>
            <change>
                <date when="2018-10-17"/>
                <name type="person" key="KatKap001">Katarzyna Anna Kapitan</name>
                Cataloging, items 9-10 + physDesc etc.
            </change>
            <change>
                <date when="2018-11-07"/>
                <name type="person" key="KatKap001">Katarzyna Anna Kapitan</name>
                Added surrogates.
            </change>
        </revisionDesc>
    </teiHeader>
    <facsimile>
        <surface/>
    </facsimile>
</TEI>
