<?xml version="1.0" encoding="UTF-8"?><?oxygen RNGSchema="http://www.handrit.is/schema/handrit-1.0.rnc" type="compact"?><TEI xmlns="http://www.tei-c.org/ns/1.0">
    <teiHeader>
        <fileDesc>
            <titleStmt>
                <title type="main">Acc. 45 c</title>
            </titleStmt>
            <publicationStmt>
                <authority>Den Arnamagnæanske Samling</authority>
                <pubPlace>København</pubPlace>
            </publicationStmt>
            <sourceDesc>
                <msDesc xml:lang="da" xml:id="Acc-0045-c-da">
                    <msIdentifier>
                        <country>Danmark</country>
                        <settlement>København</settlement>
                        <repository>Den Arnamagnæanske Samling</repository>
                        <idno>Acc. 45 c</idno>
                        <altIdentifier type="internal" subtype="KKKat">
                            <idno/>
                        </altIdentifier>
                    </msIdentifier>
                    <msContents>
                        <summary><title>Håndskrift med blandet indhold</title></summary>
                    </msContents>
                    <additional>
                        <adminInfo>
                            <recordHist>
                                <source>
                                    <p>Den danske beskrivelse er under udarbejdelse.</p>
                                    <p>Nærværende håndskriftbeskrivelsen er lavet på basis af den engelske beskrivelse. For yderligere
                                        oplysninger se den engelske beskrivelse:<ref type="url" target="https://handrit.is/en/manuscript/view/en/Acc-0045-c">https://handrit.is/en/manuscript/view/en/Acc-0045-c</ref>.</p>
                                </source>
                            </recordHist>
                        </adminInfo>
                    </additional>
                </msDesc>
            </sourceDesc>
            
        </fileDesc>
        <revisionDesc>
            <change>
                <date when="2019-01-07"/>
                <name type="person" key="KatKap001">Katarzyna Anna Kapitan</name>
                Katalogisering
            </change>
            <change>
                <date when="2019-03-28"/>
                <name type="person" key="KatKap001">Katarzyna Anna Kapitan</name>
                Katalogisering
            </change>
        </revisionDesc>
    </teiHeader>
    <facsimile>
        <surface/>
    </facsimile>
</TEI>
