<?oxygen RNGSchema="http://www.handrit.is/schema/handrit-1.0.rnc" type="compact"?>
<TEI xmlns="http://www.tei-c.org/ns/1.0">
    <teiHeader>
        <fileDesc>
            <titleStmt>
                <title type="main">Acc. 59</title>
            </titleStmt>
            <publicationStmt>
                <authority>Den Arnamagnæanske Samling</authority>
                <pubPlace>Copenhagen</pubPlace>
            </publicationStmt>
            <sourceDesc>
                <msDesc xml:id="Acc-0059-da" xml:lang="da">
                    <msIdentifier>
                        <country key="DA">Denmark</country>
                        <settlement>Copenhagen</settlement>
                        <repository>Den Arnamagnæanske Samling</repository>
                        <idno>Acc. 59</idno>
                    </msIdentifier>
                    <msContents>
                        <summary>Huldar saga hinnar miklu</summary>
                        <titlePage type="ms"><docTitle><titlePart type="main"> Sagan <lb/> af <lb/> Huld Tröllkonu (<locus from="1r" to="1r">1r</locus>)</titlePart></docTitle></titlePage>
                        <msItem n="1" class="fas" defective="true">
                            <locus from="1r" to="27r">1r-27r (pp. 1-51)</locus>
                            <title type="uniform">Huldar saga hinnar miklu</title>
                            <textLang mainLang="is">Icelandic</textLang>
                            <rubric>I: Capituli.</rubric>
                            <incipit>Hiörvardur hefur kongur heited, sonur Hilldebrands hins hamramma</incipit>
                            <explicit>enn hier sklltu gi<lb/>sting hafa i nott ok skiemt þier vid godan<ex>n</ex> <lb/> fagnad. </explicit>
                            <finalRubric> (Resten mangler.) </finalRubric>
                        </msItem>
                    </msContents>
                    <physDesc>
                        <objectDesc form="codex">
                            <supportDesc material="chart">
                               
                                <extent>ii + 30.  
                                    <dimensions type="leaf" scope="all" unit="mm">
                                        <height>163</height>
                                        <width>102</width>
                                    </dimensions>. 
                                </extent>
                                <foliation/>
                                      
                                <collation/>
                                  
                                
                                <condition/>
                                 
                            </supportDesc>
                            <layoutDesc>
                                <layout columns="1" writtenLines="27 29"/> 
                                
                            </layoutDesc>
                        </objectDesc>
                        <handDesc hands="1">
                            <handNote scribe="FreSch002" scope="sole" script="humcursiva"> 
                                <p>Skrevet af <name type="person" key="FreSch002">Frederik Julius Schaldemose</name></p>.</handNote>
                        </handDesc>
                        <decoDesc>
                            <decoNote/>
                        </decoDesc> 
                        <additions/>
                             
                        <bindingDesc>
                            <binding contemporary="true">
                                <p/></binding>
                        </bindingDesc>
                        <accMat>
                        </accMat>
                    </physDesc>
                    <history>
                        <origin notBefore="1815" notAfter="1816" cert="high" evidence="internal">
                          <origPlace key="DK"/>  
                        </origin>
                        <provenance/> 
                        <acquisition/>
                    </history>
                    <additional> 
                        <adminInfo>
                            <recordHist>
                                <source>
                                    <p>Den danske beskrivelse er under udarbejdelse.</p>
                                    <p>Nærværende håndskriftbeskrivelsen er lavet på basis af den engelske beskrivelse. For yderligere
                                        oplysninger se den engelske beskrivelse: <ref type="url" target="https://handrit.is/manuscript/view/en/Acc-0059">https://handrit.is/manuscript/view/en/Acc-0059</ref>.</p>
                                </source>
                            </recordHist>
                        </adminInfo>
                    </additional>
                </msDesc>
            </sourceDesc>
        </fileDesc>
        <revisionDesc>
            <change>
                <date when="2018-11-06"/>
                <name type="person" key="KatKap001"/>
                Katalogisering
            </change>
        </revisionDesc>
    </teiHeader>
    <facsimile>
        <surface/>
    </facsimile>
</TEI>