<?oxygen RNGSchema="http://www.handrit.is/schema/handrit-1.0.rnc" type="compact"?>
<TEI xmlns="http://www.tei-c.org/ns/1.0">
    <teiHeader>
        <fileDesc>
            <titleStmt>
                <title type="main">Acc. 57</title>
            </titleStmt>
            <publicationStmt>
                <authority>Den Arnamagnæanske Samling</authority>
                <pubPlace>Copenhagen</pubPlace>
            </publicationStmt>
            <sourceDesc>
                <msDesc xml:id="Acc-0057-en" xml:lang="en">
                    <msIdentifier>
                        <country key="DA">Denmark</country>
                        <settlement>Copenhagen</settlement>
                        <repository>Den Arnamagnæanske Samling</repository>
                        <idno>Acc. 57</idno>
                    </msIdentifier>
                    <msContents>
                        <summary><title type="supplied">Two legendary sagas: <title>Sörla saga sterka</title> and <title>Hálfs saga og Hálfsrekka</title></title></summary>
                        <titlePage type="ms"><docTitle><titlePart type="main"> Sagan <lb/> af <lb/> Sorla Sterka (<locus from="2r" to="2r">2r</locus>)</titlePart></docTitle></titlePage>
                        <msItem n="1" class="fas" defective="false">
                            <locus from="3r" to="29v">3r-29r (pp. 1-54)</locus>
                            <title type="uniform">Sörla saga sterka</title>
                            <textLang mainLang="is">Icelandic</textLang>
                            <rubric>I Cap.</rubric>
                            <incipit>J þann tyma hefst Saga þessi, er Halldan <lb/> Kongur Brönufostre stirde Sviþiod</incipit>
                            <explicit>hafe orded auded barna epter sig edur eige; ok lykur hier nu Sogunne af Sorla hinum sterka ok hans afreks verkum.</explicit>
                            <note>The saga is individually paginated. The text and pagination start on f. <locus from="3r" to="3r">3r</locus>, as f. <locus from="1r" to="1r">1r</locus> is blank, while f. <locus from="2r" to="2r">2r</locus> serves as a title page for this text.</note>
                            <note>Ff. 30-32 are blank.</note>
                        </msItem>
                        <msItem n="2" class="fas" defective="false">
                            <locus from="34r" to="40"></locus>
                            <textLang mainLang="is">Icelandic</textLang>
                            <title type="uniform">Hálfs saga og Hálfsrekka</title>
                            <incipit>Augnvalldr er kongr nemndr, er reþ fyri <lb/> Rogalandi, hann átti son</incipit>
                            <explicit>Y<unclear>z</unclear>a hiet dottir hans <lb/> ok er frá henne komit micit afspringi ok end<ex>ar</ex> sva <lb/> þessa saugo.</explicit>
                            <note>The saga is individually paginated. The text and pagination start on f. <locus from="34r" to="34r">34r</locus>, as  f. <locus from="33r" to="33r">33r</locus> serves as a title page for <title type="uniform">Hálfs saga og Hálfsrekka</title>.</note>
                        </msItem>
                    </msContents>
                    <physDesc>
                        <objectDesc form="codex">
                            <supportDesc material="chart">
                                <support>Paper. <watermark>
                                    Watermarks: Beehive with "HONIG" written on the plinth and "JH &amp; Z" beneath it. Countermark: J HONIG &amp; ZOONEN</watermark></support>
                                <extent>i + 40 + i leaves. Size of leaves: 
                                    <dimensions type="leaf" scope="all" unit="mm">
                                        <height>162</height>
                                        <width>105</width>
                                    </dimensions>. 
                                </extent>
                                <foliation>
                                    <p>No foliation. Each text is separatelly paginated.</p>
                                </foliation> 
                                <collation>
                                    <p>
                                        Leaves are gathered in five quires of four conjoint leaves each.
                                    </p>
                                    <signatures>There are no quire sigantures.</signatures>
                                    <catchwords>There are no catchwords.</catchwords>
                                </collation>
                                <condition>
                                    <p>The manuscript is in a good condition.</p> 
                                </condition> 
                            </supportDesc>
                            <layoutDesc>
                                <layout columns="1" writtenLines="24 27"> 
                                    <p>The text is written in one column.</p>
                                    <p>There are 24-27 lines per page.</p>
                                </layout>
                            </layoutDesc>
                        </objectDesc>
                        <handDesc hands="1">
                            <handNote scribe="FreSch002" scope="sole" script="humcursiva"> 
                                <p> Written by <name type="person" key="FreSch002">Frederik Julius Schaldemose</name></p>.</handNote>
                       
                        </handDesc>
                        <decoDesc>
                            <decoNote>No decorations. </decoNote>
                        </decoDesc> 
                        <additions>
                            <p>On the <locus from="2r" to="2r">title page (2r)</locus> there are the following additions: 
                                <list>
                                    <item>a note <q>(afskrev<unclear>er</unclear> efter et haandskreft, som tilhörer <lb/> hr. professor Thorlacius, af Schaldemose).</q>,</item>
                                    <item>a place name <q><name type="place">Nykiöping på Falster</name></q>,</item>
                                    <item>a date <q><date when="1816">1816</date></q>,</item>
                                    <item>a provenance note <q>foræret Skolens bibliotheket af hr. Schaldemose.</q></item>
                                </list></p>
                            <p>On f. <locus from="33r" to="33r">33r</locus> there are the following additions: 
                                <list>
                                    <item>a note <q>(Efter et haandskrift, som tilhörer prof. Thorlacius.) <lb/> skrevet af Schaldemose.</q>,</item>
                                    <item>a date <q><date when="1816">1816</date></q>.</item>
                                </list>
                                 </p>
                        </additions> 
                        <bindingDesc>
                            <binding contemporary="true">
                                <p>Half-bound in the 19th cent. Boards covered with marbled paper (gray,ornage and blue); brown leather spine and corners.</p>
                                <p>Red label with a gilded embosed title on the front cover <q>SAGAN <lb/> AF <lb/> SORLA STERKA <lb/> OK HALSI</q></p>
                                <p>A provenance sticker affixed to foot of spine: <q>Nykjöbing Cath-Skole Bibliothek</q>. </p>
                            </binding>							
                        </bindingDesc> 
                        <accMat>
                        </accMat>
                    </physDesc>
                    <history>
                        <origin notBefore="1816" notAfter="1816" cert="high" evidence="internal">
                            <p>The manuscript was written in <origPlace key="DK">Denmark</origPlace>
                                by <name type="person" key="FreSch002">Frederik Julius
                                    Schaldemose</name> in <origDate when="1816">1816</origDate>, as the notes on the title pages (f. <locus from="2r" to="2r">2r</locus> and f. <locus from="33r" to="33r">33r</locus>) suggest. 
                            </p>   
                        </origin>
                        <provenance>
                            <p>The manuscripts Acc. 51-62 came from <name type="place" key="Nykob01">Nykøbing</name> cathedral school. Most of them are <name type="person" key="FreSch002">Fredrik Schaldemose's</name> transcriptions of Norse texts.</p>
                            <p>The manuscripts were given as a gift to the Nykøbing Katedralskole by <name type="person" key="FreSch002">Frederik Julius Schaldemose</name>.</p>
                        </provenance>
                        <acquisition>
                            <p><orgName key="AMS">The Arnamagnæan Institute</orgName> in <name type="place" key="Copen01">Copenhagen</name> acquired the manuscript from the school in <date when="2007">April 2007</date> as a gift.</p>
                        </acquisition>
                    </history>
                    <additional> 
                        <adminInfo>
                            <recordHist>
                                <source>
                                    <p>Catalogued from the manuscript on <date when="2018-10-17"/> by <name type="person" key="KatKap001">Katarzyna Anna Kapitan</name>.</p>
                                </source>
                            </recordHist>
                        </adminInfo>
                        <surrogates>
                            <p>
                                <list>
                                    <item>Microfilm Neg 2018 from <date when="2011-05-30"/>.</item>
                                    <item>Microfilm (archive) 2000 from <date when="2011-06-01"/>.</item>
                                    <item>Backup film TS 1296 from <date when="2011-06-01"/>.</item>
                                </list>
                            </p>
                        </surrogates>
                    </additional>
                </msDesc>
            </sourceDesc>
        </fileDesc>
        <revisionDesc>
            <change>
                <date when="2018-10-22"/>
                <name type="person" key="KatKap001">Katarzyna Anna Kapitan</name>
                Completed cataloging.
            </change>
            <change>
                <date when="2018-11-07"/>
                <name type="person" key="KatKap001">Katarzyna Anna Kapitan</name>
                Added surrogates.
            </change>
        </revisionDesc>
    </teiHeader>
    <facsimile>
        <surface/>
    </facsimile>
</TEI>