<?xml version="1.0" encoding="UTF-8"?><?oxygen RNGSchema="http://www.handrit.is/schema/handrit-1.0.rnc" type="compact"?><TEI xmlns="http://www.tei-c.org/ns/1.0">
   <teiHeader>
      <fileDesc>
         <titleStmt>
            <title type="main">Acc. 44</title>
         </titleStmt>
         <publicationStmt>
            <authority>Den Arnamagnæanske Samling</authority>
            <pubPlace>København</pubPlace>
         </publicationStmt>
         <sourceDesc><msDesc xml:lang="en" xml:id="Acc-0044-en">
               <msIdentifier>
                  <country>Denmark</country>
                  <settlement>København</settlement>
                  <repository>Den Arnamagnæanske Samling</repository>
                  <idno>Acc. 44</idno>
               </msIdentifier>
           <msContents>
              <summary><title>Various papers belonging to <name type="person" key="GisBry001">Gísli Brynjólfsson</name>.</title></summary>
           </msContents>
            <physDesc>
               <objectDesc form="other">
                  <supportDesc material="chart">
                     <support>Paper (Three different types of paper). </support>
                     <foliation>The papers have foliation in pencil by <name type="person" key="AgnLot001">Agnete Loth</name>. Acc. 44 I is foliated 1-14 and the blank leaves are not foliated. Acc. 44 II and Acc. 44 III are foliated continuusly from 1-9 and the blank leaves are not foliated.</foliation>
                  </supportDesc>
               </objectDesc>
               <accMat>
                  <list>
                     <item>An old label fra the Royal Library with the text: <q>Papirer fundne <lb/> blandt Gísli <lb/> Brynjólfssons <lb/> papirer på KB <lb/> Øverleverede til AM-samlingen <lb/> maj 1942</q></item>
                     <item>A slip of paper with the text: <q>Papirer fund[0] i Gísli Brynj<lb/>úlfssons Papirer, antagelig <lb/> stammende fra Arna-Magnæ<lb/>andske Samling <lb/> Overleverede fra KB 9. maj. 1942</q></item>
                  </list>
                  </accMat>
            </physDesc>
            <history>
               <origin>These papers are in <name type="person" key="GisBry001">Gísli
                  Brynjólfsson</name>'s hand, so it had to be written in <origPlace key="DK"/><name type="place" key="Copen01">Copenhagen</name> between <origDate notBefore="1845" notAfter="1888">1845-1888</origDate>.  </origin>
               <provenance> <p>These papers were found in the <name type="org" key="KB">Royal Library</name> in <name type="place" key="Copen01">Copenhagen</name>,
                  but previously they probably belonged to the <name type="org" key="AMS">Arnamagnæan Collection</name>.</p></provenance>
               <acquisition>
                  <p>Transferred from <name type="org" key="KB">Royal Library</name> to the <name type="org" key="AMS">Arnamagnæan Collection</name> on <date when="1942-05-09"/>.</p>
               </acquisition>
            </history>
            <additional>
               <adminInfo>
                  <recordHist>
                     <source>Cataloged on <date when="2018-11-27"/> by <name type="person" key="KatKap001">Katarzyna Anna Kapitan</name>.</source></recordHist>
               </adminInfo>
               <surrogates>
                  <p>
                     <list>
                        <item>Microfilm Neg 2016 from <date when="2011-05-19"/>.</item>
                        <item>Microfilm (archive) 1098 from <date when="2011-05-24"/>.</item>
                        <item>Backup film TS 1287 from <date when="2011-05-24"/>.</item>
                     </list>
                  </p>
               </surrogates>
            </additional>
            <msPart n="1">
               <altIdentifier type="partial">
                  <idno>Acc. 44 I</idno>
               </altIdentifier>
               <msContents>
                  <summary>Summaries of various charters and letters</summary>
                  <textLang mainLang="is"/>
                  <msItem n="1">
                     <locus from="1r" to="14r">1r-14r</locus>
                     <title type="supplied">Catalog of charters and letters in the Arnamagnæan Collection</title>
                     <rubric>Tala. Efni Brefanna. Artal</rubric>
                     <incipit>1. Þ. S. Dómsbréf þierra Árna Magnússonar og fim<ex>m</ex> <lb/> annarra, er til voru nefndir af Ólafi Jóns<lb/>syni</incipit>
                     <explicit>62. Þ.S. Vitnisburðarbref þeirra Kolbeins Arngrims</explicit>
                     <note>FF. 1-14 are foliated in pencil by <name type="person" key="AgnLot001">Agnete Loth</name>, while ff. 14v-24v are left blank and not foliated.</note>
                  </msItem>
               </msContents>
               <physDesc>
                  <objectDesc form="other">
                     <supportDesc material="chart">
                        <support>Paper. <watermark>Watermarks: Beehive with the text "C &amp; I HONIG" beneath, and "Xx C &amp; I HONIG" as a countermark. </watermark></support>
                        <extent>
                           24 leaves. <dimensions type="leaf" unit="mm">
                              <height quantity="349">349</height>
                              <width quantity="221">221</width>
                           </dimensions>
                        </extent>
                     </supportDesc> 
                  </objectDesc>
               </physDesc>
            </msPart>
            <msPart n="2">
               <altIdentifier type="partial">
                  <idno>Acc. 44 II</idno>
               </altIdentifier>
               <msContents>
                  <msItem n="2" class="rimur" defective="true">
                     <locus from="25r" to="29r">15r-29r (ff. 1-5)</locus>
                     <title type="uniform">Rímur af Sigurði fót og Ásmundi Húnakóngi</title>
                     <incipit>Geisar miök hin grimma þrá <lb/> geðs í hvössum vindi <lb/> má ek því eigi mansöng slá mæta hallds um lindi</incipit>
                     <explicit>Ønnur voru eyrindi mín <lb/> auðar gefn hin svinna! <lb/> eg þín biðja bauga hlín <lb/> er blómi ert allra kvinna</explicit>
                     <note>The text corresponds to stanzas I:1-41 in <bibl><ref target="STUAGNL35">Rímnasafn</ref><biblScope type="volume">II</biblScope><biblScope type="pages">288-294</biblScope></bibl>.</note>
                  </msItem>
                  <msItem n="3">
                     <locus from="30r" to="30r">30r:1-30r:9 (f. 5)</locus>
                     <incipit>Utb<ex>or</ex>t u<ex>or</ex> oll med stun ok arma suellet huita gadi eiy</incipit>
                     <explicit>ongu<ex>m</ex> ren<ex>n</ex>a glerinu [steyptu] <lb/> [g<ex>ar</ex>]p<ex>ar</ex> þ<ex>ei</ex>r [g<ex>00</ex>]nd<ex>ur</ex> <ex>ok</ex> l[au]sar spen<ex>n</ex>a.</explicit>
                     </msItem>
                  <msItem n="4" class="rimur" defective="true">
                     <locus from="30r" to="3r">30r:10-30r:28 (f. 5)</locus>
                     <title type="uniform">Skikkjurímur</title>
                     <incipit>Mér hellist hún gjörir mér bodskap til sveinnin hneygdi sjóla beint <lb/> síðan taka hann k <gap reason="irrelevant"/> steint</incipit>
                     <explicit>Sé þat mey eður mektug frú misjafn út hefir haldit trú (sú ?) (sic!) herra <lb/> rickur heyr þú nú henni hæfir ekki skikkian sú</explicit><!-- Rimnasafn p. 339 (II:31) -->
                     <note>The text corresponds to stanzas II:21-31 in <bibl><ref target="STUAGNL35">Rímnasafn</ref><biblScope type="volume">II</biblScope>, <biblScope type="pages">339</biblScope></bibl>.</note>
                  </msItem>
                  <msItem n="5" class="rimur" defective="true">
                     <locus from="32v" to="32v">32v:1-32v:5</locus>
                     <title type="uniform">Skikkjurímur</title>
                     <rubric>Skikkiu rimur.</rubric>
                     <incipit>Kalleg (sic!) eru þau kvæden flest</incipit>
                     <explicit>af lofa en unga svanna</explicit>
                     <note>One stanza written written upside down on the last leaf of this quire. The text corresponds to stanza I:1 in  <bibl><ref target="STUAGNL35">Rímnasafn</ref><biblScope type="volume">II</biblScope>, <biblScope type="pages">327</biblScope></bibl>.</note>
                  </msItem>
               </msContents>
               <physDesc>
                  <objectDesc form="other">
                     <supportDesc material="chart">
                        <support>Paper. <watermark>No watermarks.</watermark></support>
                        <extent>
                           7 leaves. <dimensions type="leaf" unit="mm">
                              <height atLeast="275" atMost="304">275-304</height>
                              <width atLeast="224" atMost="250">224-250</width>
                           </dimensions>
                        </extent>
                     </supportDesc> 
                  </objectDesc>
               </physDesc>
            </msPart>
            <msPart n="3">
               <altIdentifier type="partial">
                  <idno>Acc. 44 III</idno>
               </altIdentifier>
               <msContents>
                  <msItem n="6">
                     <locus from="33r" to="34v">33r-34v (ff. 6-7)</locus>
                     <incipit>Gull er kallat miol froþa þvi froþi konungr keypti ambaltirnar fenio <ex>ok</ex> manio </incipit>
                     <explicit>sva til at jafna sem horpu strenger <lb/> eþa ero læstir lyklar i [simphome]</explicit>
                  </msItem>
                  <msItem n="7" defective="true">
                     <locus from="35r" to="35v">35r-35v (ff. 8r-8v)</locus>
                     <title type="uniform">Snorra-Edda</title>
                     <incipit>Bók þessi heitir edda. hana hvir saman setta <lb/> snorri sturlo son eptir þeim hætti sem her er skip<lb/>at. er fyrst fra asum ok ymi.</incipit>
                     <explicit>þeir þyddo biorg <lb/> ok steina moti tonnum ok beinum</explicit>
                  </msItem>
                  <msItem n="8">
                     <locus from="36r" to="26r">36r (f. 9r)</locus>
                     <incipit>J f[u]sta hring ero iiij stafir þa ma til enskis ann<lb/>ars nyta en vera fyrer oþrum stofum.</incipit>
                     <explicit>þat er rettir hlioðstafir ef malstafr er <lb/> firer hanum. ok epter honum i samstofum.</explicit>
                  </msItem>
               </msContents>
               <physDesc>
                  <objectDesc form="other">
                     <supportDesc material="chart">
                        <support>Paper. <watermark>No watermarks.</watermark></support>
                        <extent>
                           5 leaves. <dimensions type="leaf" unit="mm">
                              <height quantity="219">219</height>
                              <width quantity="169">169</width>
                           </dimensions>
                        </extent>
                     </supportDesc> 
                  </objectDesc>
               </physDesc>
            </msPart>
            </msDesc>
         </sourceDesc>
      </fileDesc>
      <revisionDesc>
         <change>
            <date when="2018-11-27"/>
            <name type="person" key="KatKap001">Katarzyna Anna Kapitan</name>
            Cataloging
         </change>
         <change when="2018-11-28">
            <name type="person" key="KatKap001">Katarzyna Anna Kapitan</name>
            Cataloging
         </change>
      </revisionDesc>
   </teiHeader>
   <facsimile>
      <surface/>
   </facsimile>
</TEI>