<?oxygen RNGSchema="http://www.handrit.is/schema/handrit-1.0.rnc" type="compact"?>
<TEI xmlns="http://www.tei-c.org/ns/1.0">
    <teiHeader>
        <fileDesc>
            <titleStmt>
                <title type="main">Acc. 59</title>
            </titleStmt>
            <publicationStmt>
                <authority>Den Arnamagnæanske Samling</authority>
                <pubPlace>Copenhagen</pubPlace>
            </publicationStmt>
            <sourceDesc>
                <msDesc xml:id="Acc-0059-en" xml:lang="en">
                    <msIdentifier>
                        <country key="DA">Denmark</country>
                        <settlement>Copenhagen</settlement>
                        <repository>Den Arnamagnæanske Samling</repository>
                        <idno>Acc. 59</idno>
                    </msIdentifier>
                    <msContents>
                        <summary>Huldar saga hinnar miklu</summary>
                        <titlePage type="ms"><docTitle><titlePart type="main"> Sagan <lb/> af <lb/> Huld Tröllkonu (<locus from="1r" to="1r">1r</locus>)</titlePart></docTitle></titlePage>
                        <msItem n="1" class="fas" defective="true">
                            <locus from="1r" to="27r">1r-27r (pp. 1-51)</locus>
                            <title type="uniform">Huldar saga hinnar miklu</title>
                            <textLang mainLang="is">Icelandic</textLang>
                            <rubric>I: Capituli.</rubric>
                            <incipit>Hiörvardur hefur kongur heited, sonur Hilldebrands hins hamramma</incipit>
                            <explicit>enn hier sklltu gi<lb/>sting hafa i nott ok skiemt þier vid godan<ex>n</ex> <lb/> fagnad. </explicit>
                            <finalRubric> (Resten mangler.) </finalRubric>
                            <note>The text is divided into 25 numbered chapters.</note>
                            <note>The tile page on <locus from="1r" to="1r">1r</locus> is not paginated. F. <locus from="27v" to="27v">27v</locus> is blank and not paginated.</note>
                            </msItem>
                    </msContents>
                    <physDesc>
                        <objectDesc form="codex">
                            <supportDesc material="chart">
                                <support>Paper. 
                                    <watermark>Watermarks: Beehive watermak with the date "1815" as a countermark.</watermark>
                                </support>
                                <extent>ii + 30  leaves. Size of leaves: 
                                    <dimensions type="leaf" scope="all" unit="mm">
                                        <height>163</height>
                                        <width>102</width>
                                    </dimensions>. 
                                </extent>
                                <foliation>
                                    <p>No foliation. Pagination 1-51 starts on f. <locus from="2r" to="2r">2r</locus>. The title page and the last three blank leaves are not paginated.</p>
                                </foliation> 
                                <collation>
                                    <p/>
                                    <signatures>There are no quire sigantures.</signatures>
                                    <catchwords>There are no catchwords.</catchwords>
                                </collation>
                                <condition>
                                    <p>The manuscript is in a good condition.</p> 
                                </condition> 
                            </supportDesc>
                            <layoutDesc>
                                <layout columns="1" writtenLines="27 29"> 
                                    <p>The text is written in one column.</p>
                                    <p>There are 27-29 lines per page.</p>
                                </layout>
                            </layoutDesc>
                        </objectDesc>
                        <handDesc hands="1">
                            <handNote scribe="FreSch002" scope="sole" script="humcursiva"> 
                                <p> Written by <name type="person" key="FreSch002">Frederik Julius Schaldemose</name></p>.</handNote>
                        </handDesc>
                        <decoDesc>
                            <decoNote>No decorations. </decoNote>
                        </decoDesc> 
                        <additions>
                            <p>On the title page the is a note <q> (Efter et haandskrift, som tilhörer hr. prof. <lb/> B. Thorlacius.) Schaldemose <lb/> Nykiöping paa Falster <lb/> 1816.</q></p>
                            <p>On the same page there is an addition <q>foræret af Afskriveren til Skolebibliothek[ke].</q>
                            </p>
                        </additions> 
                        <bindingDesc>
                            <binding contemporary="true">
                                <p>Half-bound in the 19th cent. Boards covered with marbled paper (gray, blue, and ornage); brown leather spine and corners.</p>
                                <p>Red label with a gilded embosed title on the front cover <q>SAGA <lb/> AF <lb/> HULD <lb/> TROLLKONU</q></p>
                                <p>A provenance sticker affixed to foot of spine: <q>Nykjöbing Cath-Skole Bibliothek</q>. </p>
                            </binding>
                        </bindingDesc>
                        <accMat>
                        </accMat>
                    </physDesc>
                    <history>
                        <origin notBefore="1815" notAfter="1816" cert="high" evidence="internal">
                            <p>The manuscript was written in <origPlace key="DK">Denmark</origPlace>
                                by <name type="person" key="FreSch002">Frederik Julius
                                    Schaldemose</name> between  
                                <origDate notBefore="1815" notAfter="1816">1815-1816</origDate>, as the dates attested in the watermarks and in the note on the title page suggest. 
                            </p>   
                        </origin>
                        <provenance>
                            <p>The manuscripts Acc. 51-62 came from <name type="place" key="Nykob01">Nykøbing</name> cathedral school. Most of them are <name type="person" key="FreSch002">Fredrik Schaldemose's</name> transcriptions of Norse texts.</p>
                            <p>The manuscripts were given as a gift to the Nykøbing Katedralskole by <name type="person" key="FreSch002">Frederik Julius Schaldemose</name>.</p>
                        </provenance>
                        <acquisition>
                            <p><orgName key="AMS">The Arnamagnæan Institute</orgName> in <name type="place" key="Copen01">Copenhagen</name> acquired the manuscript from the school in <date when="2007">April 2007</date> as a gift.</p>
                        </acquisition>
                    </history>
                    <additional> 
                        <adminInfo>
                            <recordHist>
                                <source>
                                    <p>Catalogued from the manuscript on <date when="2018-10-25"/> by <name type="person" key="KatKap001">Katarzyna Anna Kapitan</name>.</p>
                                </source>
                            </recordHist>
                        </adminInfo>
                        <surrogates>
                            <p>
                                <list>
                                    <item>Microfilm Neg 2018 from <date when="2011-05-30"/>.</item>
                                    <item>Microfilm (archive) 2000 from <date when="2011-06-01"/>.</item>
                                    <item>Backup film TS 1296 from <date when="2011-06-01"/>.</item>
                                </list>
                            </p>
                        </surrogates>
                    </additional>
                </msDesc>
            </sourceDesc>
        </fileDesc>
        <revisionDesc>
            <change>
            <date when="2018-11-07"/>
            <name type="person" key="KatKap001">Katarzyna Anna Kapitan</name>
            Added surrogates.
        </change>
        </revisionDesc>
    </teiHeader>
    <facsimile>
        <surface/>
    </facsimile>
</TEI>