<?xml version="1.0" encoding="UTF-8"?><?oxygen RNGSchema="http://www.handrit.is/schema/handrit-1.0.rnc" type="compact"?><TEI xmlns="http://www.tei-c.org/ns/1.0">
   <teiHeader>
      <fileDesc>
         <titleStmt>
            <title type="main">Acc. 43</title>
         </titleStmt>
         <publicationStmt>
            <authority>Den Arnamagnæanske Samling</authority>
            <pubPlace>København</pubPlace>
         </publicationStmt>
         <sourceDesc>
            <msDesc xml:lang="en" xml:id="Acc-0043-en">
               <msIdentifier>
                  <country>Denmark</country>
                  <settlement>København</settlement>
                  <repository>Den Arnamagnæanske Samling</repository>
                  <idno>Acc. 43</idno>
               </msIdentifier>
            <msContents>
               <summary><title>"Ordregister" of the 1883 edition of "Grágás" with notes by the editor.</title> </summary>
               <msItem n="1" class="notes">
                  <locus from="1r" to="138r">1r-138r</locus>
                  <textLang mainLang="da"/>
                  <author key="VilFin001">Vilhjálmur Finsen</author>
                  <title type="supplied">Ordregister</title>
                  <note>A part of the printed edition of <title type="supplied">Grágás</title> with handwritten notes by Vilhjálmur Finsen supplied on added leaves of paper.</note>
                  <note>This is only one part of <name type="person" key="VilFin001">Vilhjálmur Finsen's</name> <bibl><ref target="VilFin1883">Grágás: Stykker, som findes i det Arnamagnæanske Haandskrift nr. 351
                     fol., Skálholtsbók og en række andre Haandskrifter</ref></bibl>.</note>
               </msItem>
            </msContents>
            <physDesc>
               <objectDesc form="codex">
                  <supportDesc material="chart">
                     <support>Paper. <watermark> No Watermarks.</watermark></support>
                     <extent>ii + 138 + i leaves. 
                     </extent>
                     <foliation>
                        <p>Foliation in pencil including added leaves with hand-written notes and printed leaves.</p>
                        <p>The printed pages are paginated 580-714.</p>
                        </foliation>
                     <collation>
                        <p></p>
                        <signatures>There are no quire signatures.</signatures>
                        <catchwords>There are no catchwords.</catchwords>
                     </collation>
                     <condition><p>The volume is in a good condition.</p>
                     </condition>
                  </supportDesc>
               </objectDesc>
               <bindingDesc>
                  <binding contemporary="true" notBefore="1883">
                     <p>Half-bound in the 19th cent. Boards covered with marbled paper, dark brown leather spine and corners. Pale grey-green paper
                        used for paste-down and flyleaves.</p>
                     <p>On the rear paste-down there is a blue lable which reads: <q><name type="person" key="CarKoh001">CARL KØHN</name> <lb/> BOGBINDER <lb/> Pilestræde 40</q></p>
                     <p>On the spine there is gilded embossed title "Ord-|register" and six horizontal geometric decorations.</p>
                  </binding>
               </bindingDesc>
               <accMat>
                  <p>Two letters are keot together with the volume, these are:
                  <list>
                     <item>A letter to <name type="person" key="VilFin001">Vilhjálmur Finsen</name> written in <name type="place" key="Oslo01">Kristiania</name> by <name type="person" key="JohFri004">Johan Fritzner</name> and dated to <date when="1883-07-10"/>.</item>
                     <item>A letter to <name type="person" key="VilFin001">Vilhjálmur Finsen</name> written in <name type="place" key="Reykj01">Reykjavík</name> by <name type="person" key="JonTho010">Jón Þorkelsson</name> and dated to <date when="1888-11-30"/>.</item>
                  </list></p>
               </accMat>
               
            </physDesc>
            <history>
               <origin notBefore="1883" notAfter="1892">
                  The volume has to be dated to <origDate notBefore="1883" notAfter="1892">1883-1892</origDate>, 
                  as <name type="person" key="VilFin001">Vilhjálmur Finsen's</name> edition of <title type="uniform">Grágás</title> was published in 
                  <date when="1883">1883</date> while <name type="person" key="VilFin001">Vilhjálmur Finsen</name> died in <date when="1892">1892</date> in <name type="place" key="Copen01">Copenhagen</name> in <origPlace key="DK">Denmark</origPlace>.
               </origin>
               <provenance>There is a sginature <q><name  type="person" key="VilFin001">VFinsen</name></q> on the second front flyleaf.</provenance>
            </history>
            <additional>
              
               <adminInfo>
                  <recordHist>
                     <source>
                        <p>Catalogued on <date when="2018-11-22"/> by 
                           <name type="person" key="KatKap001">Katarzyna Anna Kapitan</name>.</p>
                    </source>
                  </recordHist>
               </adminInfo>
               <surrogates>
                  <list>
                     <item> Microfilm Neg 848 from <date when="1990-04-25"/>.</item>
                     <item> Microfilm Pos 768 <date when="1990-04-25"/>.</item>
                  </list>
               </surrogates>
            </additional>
            </msDesc>
         </sourceDesc>
      </fileDesc>
      <revisionDesc>
         <change>
            <date when="2019-01-07"/>
            <name type="person" key="KatKap001"/>
            Surrogates.
         </change>
      </revisionDesc>
   </teiHeader>
   <facsimile>
      <surface/>
   </facsimile>
</TEI>