<?xml version="1.0" encoding="UTF-8"?>
<?oxygen RNGSchema="http://www.handrit.is/schema/handrit-1.0.rnc" type="compact"?>
<TEI xmlns="http://www.tei-c.org/ns/1.0">
    <teiHeader>
        <fileDesc>
            <titleStmt>
                <title type="main">Acc. 63</title>
            </titleStmt>
            <publicationStmt>
                <authority>Den Arnamagnæanske Samling</authority>
                <pubPlace>Copenhagen</pubPlace>
            </publicationStmt>
            <sourceDesc>
                <msDesc xml:id="Acc-0063-en" xml:lang="en">
                    <msIdentifier>
                        <country key="DA">Denmark</country>
                        <settlement>Copenhagen</settlement>
                        <repository>Den Arnamagnæanske Samling</repository>
                        <idno>Acc. 63</idno>
                    </msIdentifier>
                    <msContents>
                        <summary><title type="supplied">Almanacs</title></summary>
                        <textLang mainLang="is"/>
                        <msItem n="1" class="alm">
                            <locus from="1r" to="4v">1r-4v</locus>
                            <title type="uniform">Almanac</title>
                            <title type="supplied">Calendar <date when="1841"/></title>
                            <rubric>Almanak</rubric>
                            <incipit>Árid eptir Krists Fædíngu 1841 <lb/> sem er fyrsta Ar eptir Hlaupár, en <lb/> þridja eptir Sumarauka <lb/> Utreiknad fyrir Reykjavík</incipit>
                           <textLang mainLang="is"/>
                        </msItem>
                        <msItem n="2" class="alm">
                            <locus from="5r" to="12r">5r-12r</locus>
                            <title type="uniform">Almanac</title>
                            <title type="supplied">Calendar <date when="1842"/></title>
                            <rubric>Almanak</rubric>
                            <incipit>Arid eptir Krists Fædíngu 1842 <lb/> sem er annad Ár eptir Hlaupár <lb/> en fjórda eptir Sumarauka <lb/> Útreiknad fyrir Reykjavík <lb/> af <lb/> <name type="person" key="ChrOlu001">C. F. R. Olufsen</name> <lb/> útlagt og lagad eptir íslendsku Tímatali <lb/> af <lb/> <name type="person" key="FinMag001">Finni Magnússyni</name>.</incipit>
                            <note>F. <locus from="12v" target="12v">12v</locus> was left blank, but now it contains scribles and notes.</note>
                            <textLang mainLang="is"/>
                        </msItem>
                        <msItem n="3" class="alm">
                            <locus from="13r" to="20r">13r-20r</locus>
                            <title type="uniform">Almanac</title>
                            <title type="supplied">Calendar <date when="1843"/></title>
                            <rubric>Almanak</rubric>
                            <incipit>Árid eptir Krists Fædíngu <lb/> 1843 <lb/> sem er þridja Ar eptir Hlaupár <lb/> og hefur Sumarauka <lb/> Útreiknad fyrir Reykjavík <lb/> af <lb/> <name type="person" key="ChrOlu001">C. F. R. Olufsen</name> <lb/> Útlagt og lagad eptir íslendsku Tímatali <lb/> af <lb/> <name type="person" key="FinMag001">Finni Magnússyni</name></incipit>
                            <note>F. <locus from="20v" to="20v">20v</locus> was left blank, but now it contains scribles and notes.</note>
                            <textLang mainLang="is"/>
                        </msItem>
                        <msItem n="4" class="alm">
                            <locus from="21r" to="28r">21r-28r</locus>
                            <title type="uniform">Almanac</title>
                            <title type="supplied">Calendar <date when="1844"/></title>
                            <rubric>Almanak</rubric>
                            <incipit>Árid eptir Krists Fædíngu 1844 <lb/> sem er Hlaupár og fyrsta eptir <lb/> Sumarauka <lb/> Útreiknad fyrir Reykjavík <lb/> af <lb/> <name type="person" key="ChrOlu001">C. F. R. Olufsen</name> <lb/> Útlagt og lagad eptir íslendsku Tímatali <lb/> af <lb/> <name type="person" key="FinMag001">Finni Magnússyni</name></incipit>
                            <textLang mainLang="is"/>
                            <note>F. <locus from="28v" to="28v">28v</locus> was left blank, but now it contains scribles and notes.</note>
                        </msItem>
                        <msItem n="5" class="alm">
                            <locus from="29r" to="36r">29r-36r</locus>
                            <title type="uniform">Almanac</title>
                            <title type="supplied">Calendar <date when="1845"/></title>
                            <rubric>Almanak</rubric>
                            <incipit>Árid eptir Krists Fædíngu 1845 <lb/> sem er fyrsta Ar eptir Hlaupár, <lb/> en annad eptir Sumarauka <lb/> Utreiknad fyrir Reykjavík <lb/> af <lb/> <name type="person" key="ChrOlu001">C. F. R. Olufsen</name> <lb/>Útlagt og lagad eptir íslendsku Tímatali <lb/> af <lb/> <name type="person" key="FinMag001">Finni Magnússyni</name>.</incipit>
                            <note>F. <locus from="36v" to="36v">36v</locus> was left blank, but now it contains scribles and notes.</note>
                            <textLang mainLang="is"/>
                        </msItem>
                        <msItem n="6" class="alm">
                            <locus from="37r" to="44r">37r-44r</locus>
                            <title type="uniform">Almanac</title>
                            <title type="supplied">Calendar <date when="1846"/></title>
                            <rubric>Almanak</rubric>
                            <incipit>Árid eptir Krists Fædíngu 1846 <lb/> sem er annad Ar eptir Hlaupár <lb/> en þridja eptir Sumarauka <lb/> Utreiknad fyrir Reykjavík <lb/> af <lb/> <name type="person" key="ChrOlu001">C. F. R. Olufsen</name> <lb/> Útlagt og lagad eptir íslendsku Tímatali <lb/> af <lb/> <name type="person" key="FinMag001">Finni Magnússyni</name>.</incipit>
                            <note>F. <locus from="44v" to="44v">44v</locus> was left blank, but now it contains scribles and notes.</note>
                            <textLang mainLang="is"/>
                        </msItem>
                        <msItem n="7" class="alm">
                            <locus from="45r" to="52r">45r-52r</locus>
                            <title type="uniform">Almanac</title>
                            <title type="supplied">Calendar <date when="1847"/></title>
                            <rubric>Almanak </rubric>
                            <incipit>Árid eptir Krists Fædíngu 1847 <lb/> sem er þridja Ar eptir Hlaupár <lb/> en fjórda eptir Sumarauka. <lb/> Utreiknad fyrir Reykjavík <lb/> af <lb/> <name type="person" key="ChrOlu001">C. F. R. Olufsen</name> <lb/> Útlagt og lagad eptir íslendsku Tímatali <lb/> af <lb/> <name type="person" key="FinMag001">Finni Magnússyni</name>.</incipit>
                            <note>F. <locus from="52v" to="52v">52v</locus> was left blank, but now it contains scribles. </note>
                            <textLang mainLang="is"/>
                        </msItem>
                        <msItem n="8" class="alm">
                            <locus from="53r" to="60r">53r-60r</locus>
                            <title type="uniform">Almanac</title>
                            <title type="supplied">Calendar <date when="1848"/></title>
                            <rubric>Almanak</rubric>
                            <incipit>Árid eptir Krists Fædíngu 1848 <lb/> sem er Hlaupár <lb/> en fimta eptir Sum<lb/>arauka <lb/> Útreiknad fyrir Reykjavík <lb/> af <lb/> <name type="person" key="ChrOlu001">C. F. R. Olufsen</name> <lb/> Útlagt og lagad eptir íslendsku Tímatali <lb/> af <lb/> <name type="person" key="FinMag001">Finni Magnússyni</name></incipit>
                            <note>F. <locus from="60v" to="60v">60v</locus> was left blank, but now it contains scribles and notes.</note>
                            <textLang mainLang="is"/>
                        </msItem>
                        <msItem n="8" class="alm">
                            <locus from="61r" to="68r">61r-68r</locus>
                            <title type="uniform">Almanac</title>
                            <title type="supplied">Calendar <date when="1849"/></title>
                            <rubric>Almanak</rubric>
                            <incipit>Árid eptir Krists Fædíngu 1849 <lb/> sem er fyrsta Ar eptir Hlaupár, og <lb/> hefur Sumarauka. <lb/> Reiknad eptir Afstødu Reykjavíkur <lb/> af <lb/> <name type="person" key="ChrOlu001">C. F. R. Olufsen</name> <lb/> en íslendskad og lagad eptir islendsku Tímatali <lb/> af <lb/> <name type="person" key="JonSig004">Jóni Sigurdssyni</name>.</incipit>
                            <note>F. <locus from="68v" to="68v">68v</locus> was left blank, but now it contains scribles and notes.</note>
                            <textLang mainLang="is"/>
                        </msItem>
                        <msItem n="9" class="alm">
                            <locus from="69r" to="76r">69r-76r</locus>
                            <title type="uniform">Almanac</title>
                            <title type="supplied">Calendar <date when="1850"/></title>
                            <rubric>Almanak</rubric>
                            <incipit>yfir Árid eptir Krists Fædíngu 1850 <lb/> sem er annad Ár eptir Hlaupár, og fyrsta <lb/> eptir Sumarauka. <lb/> Reiknad eptir Afstødu Reykjavíkur <lb/> af <lb/> <name type="person" key="ChrOlu001">C. F. R. Olufsen</name> <lb/> en íslendskad og lagad eptir islendsku Tímatali <lb/> af <lb/> <name type="person" key="JonSig004">Jóni Sigurdssyni</name>.</incipit>
                            <note>F. <locus from="76v" to="76v">76v</locus> was left blank, but now it contains scribles and notes.</note>
                            <textLang mainLang="is"/>
                        </msItem>
                        <msItem n="10" class="alm">
                            <locus from="77r" to="88v">77r-88v</locus>
                            <title type="uniform">Almanac</title>
                            <title type="supplied">Calendar <date when="1851"/></title>
                            <rubric>Almanak</rubric>
                            <incipit>yfir Árid eptir Krists Fædíngu 1851 <lb/> sem er þridja Ar eptir Hlaupár og ann<lb/>ad eptir Sumarauka. <lb/> Reiknad eptir Afstødu Reykjavíkur <lb/> af <lb/> <name type="person" key="ChrOlu001">C. F. R. Olufsen</name> <lb/> en íslendskad og lagad eptir islendsku Tímatali <lb/> af <lb/> <name type="person" key="JonSig004">Jóni Sigurdssyni</name>.</incipit>
                            <note>Ff. <locus from="77r" to="77v">77r-v</locus> and <locus from="88r" to="88v">88r-v</locus> serve cover of the almanac. The have a floral pattern.
                             Ff. <locus from="78r" to="78r">78r</locus> and <locus from="87v" to="87v">87v</locus> has some unrelated notes.
                                The almanac starts on f. <locus from="79r" to="79v">79r</locus>.
                                </note>
                            <textLang mainLang="is"/>
                        </msItem>
                        <msItem n="11" class="alm">
                            <locus from="89r" to="95r">89r-95r</locus>
                            <title type="uniform">Almanac</title>
                            <title type="supplied">Calendar <date when="1852"/></title>
                            <rubric>Almanak</rubric>
                            <incipit>yfir Árid eptir Krists Fædíngu 1852 <lb/> sem er Hlaupár og þridja eptir Sumar<lb/>auka. Reiknad eptir Afstødu Reykjavíkur, <lb/> af <lb/> <name type="person" key="ChrOlu001">C. F. R. Olufsen</name>, <lb/> [en] íslendskad og lagad eptir islendsku Tímatali <lb/> af <lb/> <name type="person" key="JonSig004">Jóni Sigurdssyni</name>.</incipit>
                            <note>F. <locus from="95v" to="95v">95v</locus> was left blank, but now it contains scribles and notes.</note>
                            <textLang mainLang="is"/>
                        </msItem>
                        <msItem n="12" class="alm">
                            <locus from="96r" to="193r">96r-103r</locus>
                            <title type="uniform">Almanac</title>
                            <title type="supplied">Calendar <date when="1853"/></title>
                            <rubric>Almanak</rubric>
                            <incipit>yfir Árid eptir Krists Fædíngu 1853 <lb/> sem er fyrsta Ár eptir Hlaupár og fjórda <lb/> eptir Sumarauka. <lb/> Reiknad eptir Afstødu Reykjavíkur, <lb/> af <lb/> <name type="person" key="ChrOlu001">C. F. R. Olufsen</name>, <lb/> en íslendskad og lagad eptir islendsku Tímatali <lb/> af <lb/> <name type="person" key="JonSig004">Jóni Sigurdssyni</name>.</incipit>
                            <note>F. <locus from="103v" to="103v">103v</locus> was left blank, but now it contains scribles and notes.</note>
                            <textLang mainLang="is"/>
                        </msItem>
                        <msItem n="13" class="alm">
                            <locus from="104r" to="110r">104r-110r</locus>
                            <title type="uniform">Almanac</title>
                            <title type="supplied">Calendar <date when="1854"/></title>
                            <rubric>Almanak</rubric>
                            <incipit>yfir Árid eptir Krists Fædíng 1854 <lb/> sem er annad Ár eptir Hlaupár og fimta <lb/> eptir Sumarauka. <lb/> Reiknad eptir Afstødu Reykjavíkur,
                                <lb/> af <lb/> <name type="person" key="ChrOlu001">C. F. R. Olufsen</name>, <lb/> en íslendskad og lagad eptir islendsku Tímatali <lb/> af <lb/> <name type="person" key="JonSig004">Jóni Sigurdssyni</name>.</incipit>
                            <note>F. <locus from="110v" to="110v">110v</locus> was left blank, but now it contains notes.</note>
                            <textLang mainLang="is"/>
                        </msItem>
                        
                        <msItem n="14" class="alm">
                            <locus from="111r" to="118r">111r-118r</locus>
                            <title type="uniform">Almanac</title>
                            <title type="supplied">Calendar <date when="1855"/></title>
                            <rubric>Almanak</rubric>
                            <incipit>yfir Árid eptir Krists Fædíng 1855 <lb/> sem er þridja Ár eptir Hlaupár og hefir <lb/> Sumarauka. <lb/> Reiknad eptir Afstødu Reykjavíkur,
                                <lb/> af <lb/> <name type="person" key="ChrOlu001">C. F. R. Olufsen</name>, <lb/> en íslendskad og lagad eptir islendsku Tímatali <lb/> af <lb/> <name type="person" key="JonSig004">Jóni Sigurdssyni</name>.</incipit>
                            <note>F. <locus from="118v" to="118v">110v</locus> is blank.</note>
                            <textLang mainLang="is"/>
                        </msItem>
                        <msItem n="15" class="alm">
                            <locus from="119r" to="126r">119r-126r</locus>
                            <title type="uniform">Almanac</title>
                            <title type="supplied">Calendar <date when="1856"/></title>
                            <rubric>Almanak</rubric>
                            <incipit>yfir Árid eptir Krists Fædíng 1856, <lb/> sem er Hlaupár og fyrsta eptir Sum<lb/>arauka. <lb/> Reiknad eptir Afstødu Reykjavíkur,
                                <lb/> af <lb/> <name type="person" key="ChrOlu001">C. F. R. Olufsen</name>, <lb/> en íslendskad og lagad eptir islendsku Tímatali <lb/> af <lb/> <name type="person" key="JonSig004">Jóni Sigurdssyni</name>.</incipit>
                            <note>F. <locus from="126v" to="126v">126v</locus> is blank.</note>
                            <textLang mainLang="is"/>
                        </msItem>
                        <msItem n="16" class="alm">
                            <locus from="127r" to="134r">127r-134r</locus>
                            <title type="uniform">Almanac</title>
                            <title type="supplied">Calendar <date when="1857"/></title>
                            <rubric>Almanak</rubric>
                            <incipit>yfir Árid eptir Krists Fædíng 1857. <lb/> sem er fyrsta Ár eptir Hlaupár og ann<lb/>ad eptir Sumarauka. <lb/> Reiknad eptir Afstødu Reykjavíkur,
                                <lb/> af <lb/> prófesori <name type="person" key="PedPed001">P. Pedersen</name>, <lb/> en íslendskad og lagad eptir islendsku Tímatali <lb/> af <lb/> <name type="person" key="JonSig004">Jóni Sigurdssyni</name>.</incipit>
                            <note>Ff. <locus from="134v" to="135v">134v-135v</locus> are blank.</note>
                            <textLang mainLang="is"/>
                        </msItem>
                        <msItem n="17" class="notes">
                            <locus from="136r" to="139v">136r-139v</locus>
                            <title type="supplied">Vefjar tafla</title>
                            <rubric>Vefjar tafla</rubric>
                            <incipit>þá 100 prædir eru á slaungunni</incipit>
                            <note>F. 140r-142v are blank</note>
                            <textLang mainLang="is"/>
                        </msItem>
                        <msItem n="18" class="alm">
                            <locus from="143r" to="152v">143r-152v</locus>
                            <title type="uniform">Almanac</title>
                            <title type="supplied">Calendar <date when="1864"/></title>
                            <rubric>Almanak.</rubric>
                            <incipit>um ar eptir Krísts fæðíng 1864 <lb/> sem er hlaupár og fjórda <lb/> eptir Sumarauka <lb/>Reiknad eptir afstöðu <lb/> Reykjavikur a Islandi af <lb/> H. C. F. C. Skjellerup <lb/> observat[ur] <lb/> En islendskad og lagad eptir islendsku tíma tali af <name type="person" key="JonSig004">Jóni Sigurdssyni</name> </incipit>
                           <note>Ff. <locus from="143r" to="143v">143r-v</locus> and <locus from="152r" to="152v">152r-v</locus> are blank and serve as covers for this almanac.</note>
                            <textLang mainLang="is"/>
                        </msItem>
                    </msContents>
                    <physDesc>
                        <objectDesc form="codex">
                            <supportDesc material="chart">
                                <support>Paper. <watermark></watermark></support>
                                <extent>152 leaves. Size of leaves: <dimensions type="leaf"
                                    scope="all">
                                    <height unit="mm" quantity="106">106</height>
                                    <width unit="mm" quantity="83">83</width>
                                </dimensions></extent>
                                <foliation><p>There is no foliation or pagination.</p></foliation>
                                <collation>
                                    <p>Each almanak is a separate codicological unit.</p>
                                    <signatures>There are no quire signatures.</signatures>
                                    <catchwords>There are no catchwords.</catchwords>
                                </collation>
                                <condition><p>The manuscript is in poor condition.</p>
                                </condition>
                            </supportDesc>
                            <layoutDesc>
                                <layout columns="1 2"/>
                            </layoutDesc>
                        </objectDesc>
                        <handDesc hands="1">
                            <handNote scribe="unknown" scope="sole" script="unknown">
                                <p></p></handNote>
                        </handDesc>
                        <decoDesc>
                            <p>Manuscript is not decorated.</p>
                        </decoDesc>
                        <additions>
                            <p>
                                There are multiple additions, these include:
                                <list>
                                    <item>F. <locus from="4v" to="4v">4v</locus> <q>Beniamin Jonas</q>.</item>
                                    <item>F. <locus from="12r" to="12r">12r</locus> <q>Sigurdur</q>, <q>Sigurdsson</q>.</item>
                                    <item>F. <locus from="12v" target="12v">12v</locus> <q>Jónas Beniamins <lb/> son</q>, <q>Jona Beniamins Dóttir</q>, <q>a Sijre Törnum</q>,
                                        <q>Gudrun Jónas dottir</q>.</item>
                                    <item>F. <locus from="20v" to="20v">20v</locus> <q>Sigur[bur]</q>.</item>
                                    <item>F. <locus from="28v" to="28v">28v</locus> <q>Beniamin</q>, <q>Jonan</q>.</item>
                                    <item>F. <locus from="36v" to="36v">36v</locus> <q>Jónas Beniamins  <lb/> Són á Tiörnumm</q>, <q>Jónas Benjamins Son <lb/> af Sidri Tiornumm</q>. </item>
                                    <item>F. <locus from="44v" to="44v">44v</locus> <q>Beniamin Jónas Són</q>, <q>Jónas Beniamins Son <lb/> 
                                        og Jóna Beniamins Dottir</q>, <q>a Sydretiörnum</q>, <q>Benamin Jons Son</q>, <q>Gudr[un]</q>.</item>
                                    <item>F. <locus from="60v" to="60v">60v</locus> <q>Gudmundur</q>.</item>
                                    <item>F. <locus from="68v" to="68v">68v</locus> <q>Sigurdur Eyi[ar]sson </q>.</item>
                                    <item>F. <locus from="86v" to="86v">86v</locus> <q>Jóna Beniamin<lb/>s <lb/> Dottir á Sidri <lb/> Tiornum</q>, <q>Sigvaldi Gudmundur</q>, <q>Gudmundsson</q>.</item>
                                </list> 
                            </p>
                            
                        </additions>
                        <bindingDesc>
                            <binding contemporary="unknown" >
                                <p>The manuscript is unbound, kept in leather cover without boards.</p>
                            </binding>
                        </bindingDesc>
                        <accMat/>
                    </physDesc>
                    <history>
                        <origin notBefore="1841" notAfter="1864" cert="high" evidence="conjecture">
                            <origPlace key="IS"/>
                        </origin>
                        <provenance>
                            <p>The manuscript was owned by <name type="person" key="JonHel003">Jón Helgason</name>.</p>
                            <p>After <name type="person" key="JonHel003">Jón Helgason's</name> death in <date when="1986">1986</date> his second wife <name type="person" key="AgnLot001">Agnethe Loth</name> inherited his collection of books.</p>
                            <p><name type="person" key="AgnLot001">Agnethe Loth</name> bequeathed her collection of books to the Jesuits from <name type="place">Stenosgade</name> in <name type="place" key="Copen01">Copenhagen</name> and they received the manuscripts after her death in <date when="1990"></date>.</p>
                        </provenance>
                        <acquisition>
                            <p><orgName key="AMS">The Arnamagnæan Institute</orgName> in <name type="place" key="Copen01">Copenhagen</name> acquired the
                                manuscript in <date when="2014">2014</date> as gift from the Jesuits from <name type="place">Stenosgade</name> in <name type="place" key="Copen01">Copenhagen</name>. </p>

                        </acquisition>
                    </history>
                    <additional>
                        <adminInfo>
                            <recordHist>
                                <source>
                                    <p>Catalogued from the manuscript on <date when="2018-10-31"/> by 
                                        <name type="person" key="KatKap001">Katarzyna Anna Kapitan</name>.</p>
                                </source>
                            </recordHist>
                        </adminInfo>
                    </additional>
                </msDesc>
            </sourceDesc>
        </fileDesc>
        <revisionDesc>
            <change>
                <date when="2018-11-01"/>
                <name type="person" key="KatKap001">Katarzyna Anna Kapitan</name>
                Finished cataloging.
            </change>
        </revisionDesc>
    </teiHeader>
    <facsimile>
        <surface/>
    </facsimile>
</TEI>
