<?xml version="1.0" encoding="UTF-8"?><?oxygen RNGSchema="http://www.handrit.is/schema/handrit-1.0.rnc" type="compact"?>
<TEI xmlns="http://www.tei-c.org/ns/1.0">
    <teiHeader>
        <fileDesc>
            <titleStmt>
                <title type="main">Acc. 45 e</title>
            </titleStmt>
            <publicationStmt>
                <authority>Den Arnamagnæanske Samling</authority>
                <pubPlace>København</pubPlace>
            </publicationStmt>
            <sourceDesc>
                <msDesc xml:lang="en" xml:id="Acc-0045-e-en">
                    <msIdentifier>
                        <country>Denmark</country>
                        <settlement>København</settlement>
                        <repository>Den Arnamagnæanske Samling</repository>
                        <idno>Acc. 45 e</idno>
                    </msIdentifier>
                    <msContents>
                        <summary><title>Fragments taken from bindings of other manuscripts in the
                                collection</title></summary>
                        <msItem>
                            <note>Fragments from the bindings of the following manuscripts: <list>
                                    <item><ref target="#Rask050">Rask 50</ref> (ff. 1-2): letter to
                                            <name type="person">Sveinn Sölvason (1722-1782)</name>
                                        written in Akrar and dated to <date when="1751-01-21">21
                                            January 1751</date> with a red wax seal.</item>
                                    <item><ref target="Steph-0018">Steph. 18</ref> (ff. 3-6):
                                        unidentified text, fragments of letters (?)</item>
                                    <item><ref target="#Rask061">Rask 61</ref> (f. 7): fragment of a
                                        letter signed E. Jonsson</item>
                                    <item><ref target="#AM02-0447">AM 447 fol.</ref> (f. 8):
                                        unidentified text</item>
                                    <item><ref target="#Rask057">Rask 57</ref> (f. 9): unidentified
                                        text</item>
                                    <item><ref target="#Rask068">Rask 68</ref> (f. 10): unidentified
                                        text</item>
                                    <item>origin unknown (f. 11): unidentified text</item>
                                    <item><ref target="#Rask057">Rask 57</ref> (f. 12): unidentified
                                        text</item>
                                    <item><ref target="#AM05-0006">AM 6 4to</ref> (f. 13): Thomas
                                        Aquinas's <title type="uniform">Summa
                                        Theologica</title></item>
                                    <item><ref target="#Steph-0006">Steph. 6 </ref>(f. 14):
                                        scribbles</item>
                                </list>
                            </note>
                        </msItem>
                    </msContents>
                    <physDesc>
                        <objectDesc form="leaf">
                            <supportDesc material="chart">
                                <support>Paper.</support>
                            </supportDesc>

                        </objectDesc>
                        <bindingDesc>
                            <binding>
                                <p>Loose leaves kept in a cover made of a single sheet of paper with
                                        <q>Arnamagnæana</q> written on it in pencil.</p>
                            </binding>
                        </bindingDesc>
                    </physDesc>
                    <history>
                        <acquisition><p> Until 2019 <ref target="#Acc-0045-a-en">Acc. 45 a</ref>,
                                    <ref target="#Acc-0045-b-en">Acc. 45 b</ref>, <ref
                                    target="#Acc-0045-c-en">Acc. 45 c</ref>, <ref
                                    target="#Acc-0045-d-en">Acc. 45 d</ref>, <ref
                                    target="#Acc-0045-e-en">Acc. 45 e</ref>, <ref
                                    target="#Acc-0045-f-en">Acc. 45 f</ref>, <ref
                                    target="#Acc-0045-g-en">Acc. 45 g</ref> were catalogued as Acc.
                                45 and this is how they appear in the unpublished overview of the
                                collection <title>Oversigt over de sidst tilkomne i
                                    Accessoria-samlingen</title> compiled by Inger Jakobsen Kudahl
                                in <date from="2003-05" to="2003-06">May-June 2003</date>.
                                </p>
                            <p> The division of the collection into parts a-g
                                follows the order in which the contents of the collection were
                                described on the slip of paper kept in box Acc. 45
                            II.</p></acquisition>
                    </history>
                    <additional>
                        <adminInfo>
                            <recordHist>
                                <source>Catalogued on <date when="2019-03-28"/> by <name type="person"
                                        key="KatKap001">Katarzyna Anna Kapitan</name>.</source>
                            </recordHist>
                        </adminInfo>
                        <surrogates>
                            <p>Photographed as Acc. 45: <list>
                                    <item>Microfilm Neg 2016 from <date when="2011-05-19"/>.</item>
                                    <item>Microfilm (archive) 1098 from <date when="2011-05-24"
                                        />.</item>
                                    <item>Backup film TS 1287 from <date when="2011-05-24"/>.</item>
                                    <item>Microfilm Neg 2017.</item>
                                    <item>Microfilm (archive) 1099 from <date when="2011-05-24"
                                        />.</item>
                                    <item>Backup film TS 1295 from <date when="2011-05-24"/>.</item>
                                </list>
                            </p>
                        </surrogates>
                    </additional>
                </msDesc>
            </sourceDesc>
        </fileDesc>
        <revisionDesc>
            <change>
                <date when="2019-01-07"/>
                <persName key="KatKap001">Katarzyna Anna Kapitan</persName> Surrogates. </change>
        </revisionDesc>
    </teiHeader>
    <facsimile>
        <surface/>
    </facsimile>
</TEI>
