<?xml version="1.0" encoding="UTF-8"?><?oxygen RNGSchema="http://www.handrit.is/schema/handrit-1.0.rnc" type="compact"?><TEI xmlns="http://www.tei-c.org/ns/1.0">
   <teiHeader>
      <fileDesc>
         <titleStmt>
            <title type="main">Acc. 35</title>
         </titleStmt>
         <publicationStmt>
            <authority>Den Arnamagnæanske Samling</authority>
            <pubPlace>København</pubPlace>
         </publicationStmt>
         <sourceDesc><msDesc xml:lang="en" xml:id="Acc-0035-en">
               <msIdentifier>
                  <country>Denmark</country>
                  <settlement>København</settlement>
                  <repository>Den Arnamagnæanske Samling</repository>
                  <idno>Acc. 35</idno>
                  <altIdentifier type="internal">
                     <idno>2858</idno>
                  </altIdentifier>
               </msIdentifier>
            <msContents>
               <summary><title>Kristian Kålund's notes on materials related to Árni Magnússons held in the Rigsarkivet</title></summary>
           <msItem class="notes">
              <title type="supplied">Notes</title>
              <textLang mainLang="da"/>
              <note><name
                 type="person" key="KriKaa001">Kristian Kålund's</name> notes taken at <name type="org" key="SA-Rigs">The Danish National Archives</name> connected to his publication <bibl><ref target="ArnMag1916">Arne Magnussons embedsskrivelser og andre offenlige aktstykker</ref></bibl>.</note>
           </msItem>
            </msContents>
            <physDesc>
               <objectDesc form="other">
                  <supportDesc material="chart">
                     <support>Paper.</support>
                     <extent>255 leaves in various sizes: 
                     <dimensions type="leaf" unit="mm">
                        <width atLeast="89" atMost="178">89-178</width>
                        <height atLeast="89" atMost="225">89-225</height>
                     </dimensions>.</extent>
                     <foliation>Only written 218 leaves were foliated in pencil.</foliation>
                     <collation>
                        The collection is divided into fourteenth folders, with Kålund's notes on the covers.
                        <list>
                           <item>Part I: A green notebook with <q>A.M.</q> written on a white label glued the cover, foliated 1-11 (26 leaves in total).</item>
                           <item>Part II: <q>A. M. Rigsarkivet</q> written on the cover, foliated 12-24 (18 leaves in total).</item>
                           <item>Part III: <q>Rentekamerets islandske kopibøger</q> written on the cover, foliated 25-42 (18 leaves in total).</item>
                           <item>Part IV: <q>Norske Registre</q> written on the cover, foliated 43-47 (6 leaves in total). </item>
                           <item>Part V: <q>Norske Tegnelser</q> written on the cover, foliated 48-56 (11 leaves in total).</item>
                           <item>Part VI: <q>Supplik</q> written on the cover, foliated 58-85 (30 leaves in total).</item>
                           <item>Part VII: <q>Resolutionsprotokol</q> written on the cover, foliated 86-92 (8 leaves in total).</item>
                           <item>Part VIII: <q>Rentekameret (A.M.s &amp; P.V.s breve)</q> written on the cover, foliated 93-102 (11 leaves in total)</item>
                           <item>Part IX: <q>Kommissions-relater[er] 1703-9</q> written on the cover, foliated 103-135 (35 leaves in total).</item>
                           <item>Part X: <q>Rigsarkivets embedsbreve</q> written on the cover, foliated 136-139 (5 leaves in total).</item>
                           <item>Part XI: <q>Fra Rigsarkivet</q> written on the cover, foliated 140-181 (45 leaves in total).</item>
                           <item>Part XII: <q>Hojesteret</q> written on the cover, foliated 182-199 (21 leaves in total).</item>
                           <item>Part XIII: <q>Registrant</q> written on the cover, foliated 201-209 (10 leaves in total).</item>
                           <item>Part XIV: <q>Rigsarkivet 53</q> written on the cover, foliated 210-218 (11 leaves in total).</item>
                        </list>
                     </collation>
                  </supportDesc>
               </objectDesc>
               <handDesc>
                  <handNote scope="sole" script="other" scribe="KriKaa001">Written by <name
                     type="person" key="KriKaa001">Kristian Kålund</name>.</handNote>
               </handDesc>
            </physDesc>
            <history>
               <origin>
                  The notes were made most likely when <name type="person" key="KriKaa001">Kristian Kålund's</name> was employed at the Arnamagnæan Collection in <origPlace key="Copen01">Copenhagen</origPlace>, <origDate notBefore="1883" notAfter="1919" cert="high" evidence="conjecture">1883-1919</origDate>.
               </origin>
               <acquisition>
                  <p>From <name type="person" key="KriKaa001">Kristian Kålund's</name> estate.</p>
                  </acquisition>
            </history>
            <additional>
               <adminInfo>
                  <recordHist>
                     <source><p>This shelfmark is registered in the handwritten catalogue of the Accessoria collection as preserved in <ref target="#AM02-0478-en">AM 478 fol.</ref> (fol. 57r).</p>
                        
                        <p>Catalogued on <date
                        when="2019-02-18">18 February 2019</date> by <name type="person" key="KatKap001"
                           >Katarzyna Anna Kapitan</name>.</p></source>
                  </recordHist>
               </adminInfo>
               <surrogates>
                  <list>
                     <item>Microfilm Neg. 837 from <date when="1990-03">March 1990</date>.</item>
                     <item>Microfilm Pos. 762 from <date when="1990-03">March 1990</date>.</item>
                     <item>Backup film TS 1050 from <date when="2006-02-28"/>, a copy of Neg. 837.</item>
                  </list>
               </surrogates>
            </additional>
         </msDesc>
         </sourceDesc>
      </fileDesc>
      <revisionDesc>
         <change>
            <date when="2019-02-18"/>
            <name type="person" key="KatKap001"/>
            Cataloguing
         </change>
         <change>
            <date when="2019-02-19"/>
            <name type="person" key="KatKap001"/>
            Cataloguing
         </change>
      </revisionDesc>
   </teiHeader>
   <facsimile>
      <surface/>
   </facsimile>
</TEI>