<?xml version="1.0" encoding="UTF-8"?><?oxygen RNGSchema="http://www.handrit.is/schema/handrit-1.0.rnc" type="compact"?><TEI xmlns="http://www.tei-c.org/ns/1.0">
   <teiHeader>
      <fileDesc>
         <titleStmt>
            <title type="main">Acc. 35</title>
         </titleStmt>
         <publicationStmt>
            <authority>Den Arnamagnæanske Samling</authority>
            <pubPlace>København</pubPlace>
         </publicationStmt>
         <sourceDesc><msDesc xml:lang="da" xml:id="Acc-0035-da">
               <msIdentifier>
                  <country>Danmark</country>
                  <settlement>København</settlement>
                  <repository>Den Arnamagnæanske Samling</repository>
                  <idno>Acc. 35</idno>
                  <altIdentifier type="internal" subtype="KKKat">
                     <idno/>
                  </altIdentifier>
               </msIdentifier>
            <msContents>
               <summary><title>Kristian Kålunds optegnelser af Arnamagnæana i Rigsarkivet.</title></summary>
            </msContents>
            <history>
               <origin>
                  <origPlace key="Copen01"/>
                  <origDate notBefore="1883" notAfter="1919"/>
               </origin>
            </history>
            <additional>
               <adminInfo>
                  <recordHist>
                     <source>
                        <p>Den danske beskrivelse er under udarbejdelse. For yderligere
                           oplysninger se den engelske beskrivelse: <ref type="url" target="https://handrit.is/manuscript/view/en/Acc-0035">https://handrit.is/manuscript/view/en/Acc-0035</ref>.</p>
                     </source>
                  </recordHist>
               </adminInfo>
            </additional>
            </msDesc>
         </sourceDesc>
      </fileDesc>
      <revisionDesc>
         <change>
            <date when="2019-02-18"/>
            <name type="person" key="KatKap001"/>
            recordHist, summary
         </change>
         <change>
            <date when="2019-02-19"/>
            <name type="person" key="KatKap001"/>
            orig
         </change>
      </revisionDesc>
   </teiHeader>
   <facsimile>
      <surface/>
   </facsimile>
</TEI>