<?oxygen RNGSchema="http://www.handrit.is/schema/handrit-1.0.rnc" type="compact"?>
<TEI xmlns="http://www.tei-c.org/ns/1.0">
    <teiHeader>
        <fileDesc>
            <titleStmt>
                <title type="main">Acc. 54</title>
            </titleStmt>
            <publicationStmt>
                <authority>Den Arnamagnæanske Samling</authority>
                <pubPlace>Copenhagen</pubPlace>
            </publicationStmt>
            <sourceDesc>
                <msDesc xml:id="Acc-0054-en" xml:lang="en">
                    <msIdentifier>
                        <country key="DA">Denmark</country>
                        <settlement>Copenhagen</settlement>
                        <repository>Den Arnamagnæanske Samling</repository>
                        <collection>Accessoria</collection>
                        <idno>Acc. 54</idno>
                    </msIdentifier>
                    <msContents>
                        <summary><title type="supplied">Kormáks saga</title></summary>
                        <textLang mainLang="is"/>
                        <titlePage type="ms">
                            <docTitle>
                                <titlePart type="main">Kormaks Saga. (<locus from="2r" to="2r">2r</locus>)</titlePart>
                            </docTitle>
                        </titlePage>
                        <msItem n="1" class="isl" defective="false">
                            <locus from="3r" to="54r">3r-54r (p. 1-101)</locus>
                            <title type="uniform">Kormáks saga</title>
                            <rubric>Hier byriast Sagnn <lb/> af Kormaki.</rubric>
                            <rubric>Cap. 1.</rubric>
                            <incipit>Haralldur kongur hinn hárfagri <lb/> red fyrer Norege, þá Saga siá <lb/> giordest</incipit>
                            <explicit>enn þorgils <lb/> red fyrer lidenu og var lende i Vikin<lb/>gu</explicit>
                            <finalRubric>Og lykur her svo þessae Sögu af kór<lb/>maki.</finalRubric>
                        </msItem>
                    </msContents>
                    <physDesc>
                        <objectDesc form="codex">
                            <supportDesc material="chart">
                                <support>Paper. <watermark>Watermarks: Beehive with the date 1814 on the plinth;  the text "KLIPPAN" as a countermark.</watermark></support>
                                <extent>54 leaves. Size of leaves: <dimensions type="leaf" scope="all" unit="mm">
                                    <height>161</height>
                                    <width>101</width>
                                </dimensions></extent>
                                <foliation>
                                    <p>Paginated 2-101. Pagination starts on f. <locus from="3r" to="3r">3r</locus> Ff. <locus from="1r" to="1v">1r-v</locus> and <locus from="53v" to="54v">53v-54v</locus> are blank and not paginated.</p>
                                </foliation> 
                                <collation><p></p>
                                    <signatures>There are no quire signatures.</signatures>
                                    <catchwords>There are no catchwords.</catchwords>
                                </collation>
                                <condition><p>The manuscript is in a good condition.</p> 
                                </condition> 
                            </supportDesc>
                            <layoutDesc>
                                <layout columns="1" writtenLines="22 29"> 
                                    <p>The text is written in one column.</p>
                                    <p>There are 22-29 lines per page.</p>
                                    <p></p>
                                </layout>
                            </layoutDesc>
                        </objectDesc>
                        <handDesc hands="1">
                            <handNote scribe="FreSch002" scope="sole" script="humcursiva"> 
                                <p> Written by <name type="person" key="FreSch002">Frederik Julius Schaldemose</name>.</p></handNote>
                        </handDesc>
                        <decoDesc>
                            <decoNote>No decorations. </decoNote>
                        </decoDesc> 
                        <additions>
                            <p>On the <locus from="2r" to="2r">title page</locus> there in a note <q>(Efter en Afskrivt, som tilhörer profes: <lb/> B. Thorlacius, afskrevet af F. Schaldemose. )</q>, a date <date when="1816">1816</date>, and a provenance note <q>foræret Skolebibliotheket af Afskriveen.</q></p>
                        </additions>
                        <bindingDesc>
                            <binding contemporary="true">
                                <p>Half-bound in the 19th cent. Boards covered with marbled paper (brown, gray, and red); brown leather spine and corners.</p>
                                <p>Embosed title on the spine: <q>Kor | maks | Saga</q></p>
                                <p>A provenance sticker affixed to foot of spine: <q>Nykjöbing Cath-Skole Bibliothek</q>. </p>
                            </binding>							
                        </bindingDesc> 
                        <accMat>
                        </accMat>
                    </physDesc>
                    <history>
                        <origin when="1816" cert="high" evidence="internal">
                            <p> Written in <origPlace key="DK">Denmark</origPlace> in <origDate when="1816">1816</origDate>.</p>
                        </origin>
                        <provenance>
                            <p>The manuscripts Acc. 51-62 came from <name type="place" key="Nykob01">Nykøbing</name> cathedral school. Most of them are <name type="person" key="FreSch002">Fredrik Schaldemose's</name> transcriptions of Norse texts.</p>
                            <p>The manuscripts were given as a gift to the Nykøbing Katedralskole by <name type="person" key="FreSch002">Frederik Schaldemose</name>.
                                <orgName key="AMS">The Arnamagnæan Collection</orgName> in Copenhagen acquired the manuscript from the school in <date when="2007">April 2007</date> as a gift.</p></provenance>
                    </history>
                    <additional> 
                        <adminInfo>
                            <recordHist>
                                <source>
                                    <p>Cataloged from the manuscript on <date when="2018-09-20"/> by <name type="person" key="KatKap001">Katarzyna Anna Kapitan</name>.</p>
                                </source>
                            </recordHist>
                        </adminInfo>
                        <surrogates>
                            <p>
                                <list>
                                    <item>Microfilm Neg 2018 from <date when="2011-05-30"/>.</item>
                                    <item>Microfilm (archive) 2000 from <date when="2011-06-01"/>.</item>
                                    <item>Backup film TS 1296 from <date when="2011-06-01"/>.</item>
                                </list>
                            </p>
                        </surrogates>
                    </additional>
                </msDesc>
            </sourceDesc>
        </fileDesc>
        <revisionDesc>
            <change>
                <date when="2018-10-16"/>
                <name type="person" key="KatKap001">Katarzyna Anna Kapitan</name>
                Added origPlace.
            </change>
            
            <change>
                <date when="2018-10-22"/>
                <name type="person" key="KatKap001">Katarzyna Anna Kapitan</name>
                Fixed handDesc.
            </change>
            
            <change>
                <date when="2018-11-07"/>
                <name type="person" key="KatKap001">Katarzyna Anna Kapitan</name>
                Added surrogates.
            </change>
        </revisionDesc>
    </teiHeader>
    <facsimile>
        <surface/>
    </facsimile>
</TEI>