<?xml version="1.0" encoding="UTF-8"?>
<?oxygen RNGSchema="http://www.handrit.is/schema/handrit-1.0.rnc" type="compact"?>
<TEI xmlns="http://www.tei-c.org/ns/1.0">
   <teiHeader>
      <fileDesc>
         <titleStmt>
            <title type="main">Acc. 47</title>
         </titleStmt>
         <publicationStmt>
            <authority>Den Arnamagnæanske Samling</authority>
            <pubPlace>Copenhagen</pubPlace>
         </publicationStmt>
         <sourceDesc>
            <msDesc xml:id="Acc-0047-en" xml:lang="en">
               <msIdentifier>
                  <country key="DA">Denmark</country>
                  <settlement>Copenhagen</settlement>
                  <repository>Den Arnamagnæanske Samling</repository>
                  <idno>Acc. 47</idno>
               </msIdentifier>
               <msContents>
                  <summary><title type="supplied">Sagan af Axlar Birni</title></summary>
                  <textLang mainLang="is"/>
                  <msItem n="1" class="tjos">
                     <locus from="2r" to="8v">2r-8v (pp. 1-14)</locus>
                     <title type="uniform">Sagan af Axlar Birni</title>
                     <author key="GisKon001">Gísli Konráðsson</author>
                     <rubric>Sagan af Axlar Birni</rubric>
                     <rubric>(ritud eptir sögum og munnmælum á Snælfellsnesi 1852)</rubric>
                     <incipit>1. Á ofanverðri sextándu öld, en öndverðlega á <lb/> dögum Gudbrandar biskups Þorlákssonar, bjó sá maður </incipit>
                     <explicit>og sjeu frá <lb/> þeim komnir nokkrir þeir menn hjer vestra, er maklega má telja med hinum merkari mönnum.</explicit>
                     <finalRubric>Lýkr hjer ad segja frá Axlar Byrni</finalRubric>
                     <textLang mainLang="is"/>
                  </msItem>
               </msContents>
               <physDesc>
                  <objectDesc form="codex">
                     <supportDesc material="chart">
                        <support>Paper. <watermark>No watermarks.</watermark></support>
                        <extent>88 leaves. Size of leaves: <dimensions type="leaf"
                           scope="all">
                           <height unit="mm" quantity="200">200</height>
                           <width unit="mm" quantity="170">170</width>
                        </dimensions></extent>
                        <foliation><p>Contemporary agination 1-14 on ff. <locus from="2r" to="8v">2r-8v</locus>.</p></foliation>
                        <collation>
                           <p>Only the first leaves of the first quire are written, rest of the leaves are blank.</p>
                           <p>In the last quire there were additional four leaves that contained some text but they have been cut off.</p>
                           <signatures>There are no quire signatures.</signatures>
                           <catchwords>There are no catchwords.</catchwords>
                        </collation>
                        <condition><p>The manuscript is in good condition.</p>
                        </condition>
                     </supportDesc>
                     <layoutDesc>
                        <layout columns="1"/>
                     </layoutDesc>
                  </objectDesc>
                  <handDesc hands="1">
                     <handNote scribe="unknown" scope="sole" script="unknown">
                        <p></p></handNote>
                  </handDesc>
                  <decoDesc>
                     <p>Manuscript is not decorated.</p>
                  </decoDesc>
                  <additions><p>On the rear paste-down there is a signature <q>T. Melsred</q>.</p>
                    
                     
                  </additions>
                  <bindingDesc>
                     <binding contemporary="unknown" >
                        <p>The manuscript is in full-bound in boards covered with brown cloth.</p>
                     </binding>
                  </bindingDesc>
                  <accMat/>
               </physDesc>
               <history>
                  <origin notBefore="1850" notAfter="1900" cert="low" evidence="conjecture">
                     <origPlace key="IS"/>
                  </origin>
                  <provenance>
                  <p></p>  
                  </provenance>
                  <acquisition>
                     <p>The manuscript was given to <name type="org" key="AMS">The Arnamagnan Collection</name> by <name type="person">Torben Nielsen</name>, former chief librarian at The University Library of Copenhagen.</p>
                  </acquisition> 
               </history>
               <additional>
                  <adminInfo>
                     <recordHist>
                        <source>
                           <p>Catalogued from the manuscript on <date when="2018-11-01"/> by 
                              <name type="person" key="KatKap001">Katarzyna Anna Kapitan</name>.</p>
                        </source>
                     </recordHist>
                  </adminInfo>
                  <surrogates>
                     <p>
                        <list>
                           <item>Microfilm Neg 2017 from <date when="2011-05-19"/>.</item>
                           <item>Microfilm (archive) 1099 from <date when="2011-05-24"/>.</item>
                           <item>Backup film TS 1295 from <date when="2011-05-24"/>.</item>
                        </list>
                     </p>
                  </surrogates>
               </additional>
            </msDesc>
         </sourceDesc>
      </fileDesc>
      <revisionDesc>
         <change>
            <date when="2018-11-07"/>
            <name type="person" key="KatKap001">Katarzyna Anna Kapitan</name>
            Added surrogates.
         </change>
      </revisionDesc>
   </teiHeader>
   <facsimile>
      <surface/>
   </facsimile>
</TEI>