<?xml version="1.0" encoding="UTF-8"?><?oxygen RNGSchema="http://www.handrit.is/schema/handrit-1.0.rnc" type="compact"?><TEI xmlns="http://www.tei-c.org/ns/1.0">
   <teiHeader>
      <fileDesc>
         <titleStmt>
            <title type="main">Acc. 27</title>
         </titleStmt>
         <publicationStmt>
            <authority>Den Arnamagnæanske Samling</authority>
            <pubPlace>København</pubPlace>
         </publicationStmt>
         <sourceDesc><msDesc xml:lang="en" xml:id="Acc-0027-en">
               <msIdentifier>
                  <country>Denmark</country>
                  <settlement>København</settlement>
                  <repository>Den Arnamagnæanske Samling</repository>
                  <idno>Acc. 27</idno>
               </msIdentifier>
            <msContents>
               <summary><title>Kristian Kålund's register of the letters to and from Árni Magnússon</title></summary>
            </msContents>
            <physDesc>
               <objectDesc form="other">
                  <supportDesc material="chart">
                     <support>Paper.</support>
                     <extent>1195 foliated leaves. Size of the leaves: ca. 
                     <dimensions type="leaf" unit="mm">
                        <height>170</height>
                        <width>108</width>
                     </dimensions>.</extent>
                     <foliation>The register is organized alphabetically and it has been foliated in pencil.</foliation>
                  </supportDesc>
               </objectDesc>
               <handDesc>
                  <handNote scope="sole" script="other" scribe="KriKaa001">Written by Kristian Kålund.</handNote>
               </handDesc>
            </physDesc>
            <history>
               <origin>The register had to be prepared in the years 
                  <origDate notBefore="1883" notAfter="1919" cert="high" evidence="external">1883-1919</origDate>, since Kålund was hired as the librarian of the Arnamagnæan Collection in 1883.
                  <origPlace key="dk"/>
               </origin>
               <acquisition>The shelf mark Acc. 27 first appears in the handwritten catalogue of the Accessoria collection as preserved in
                  <ref target="#AM02-0478-en">AM 478 fol.</ref> (fol. 57r). The entry there is in <name type="person" key="OttJen001">Otto S. Jensen</name>'s hand.</acquisition>
            </history>
            <additional>
               <adminInfo>
                  <recordHist>
                     <source>Catalogued on <date when="2019-02-07"/> by <name type="person"
                        key="KatKap001">Katarzyna Anna Kapitan</name>.</source>
                  </recordHist>
               </adminInfo>
               <surrogates>
                  <list>
                     <item>Microfilm Neg. 841 from <date when="1990-03">March 1990</date>.</item>
                     <item>Microfilm Pos. 761 from <date when="1990-03">March 1990</date>.</item>
                     <item>Backup film TS 1048 from <date when="2006-02-28"/>, a copy of Neg. 841.</item>
                  </list>
               </surrogates>
            </additional>
            </msDesc>
         </sourceDesc>
      </fileDesc>
      <revisionDesc>
         <change>
            <date when="2019-02-07"/>
            <name type="person" key="KatKap001"/>
            Cataloging. 
         </change>
      </revisionDesc>
   </teiHeader>
   <facsimile>
      <surface/>
   </facsimile>
</TEI>