<?oxygen RNGSchema="http://www.handrit.is/schema/handrit-1.0.rnc" type="compact"?>
<TEI xmlns="http://www.tei-c.org/ns/1.0">
    <teiHeader>
        <fileDesc>
            <titleStmt>
                <title type="main">Acc. 53</title>
            </titleStmt>
            <publicationStmt>
                <authority>Den Arnamagnæanske Samling</authority>
                <pubPlace>Copenhagen</pubPlace>
            </publicationStmt>
            <sourceDesc>
                <msDesc xml:id="Acc-0053-en" xml:lang="en">
                    <msIdentifier>
                        <country key="DA">Denmark</country>
                        <settlement>Copenhagen</settlement>
                        <repository>Den Arnamagnæanske Samling</repository>
                        <collection>Accessoria</collection>
                        <idno>Acc. 53</idno>
                    </msIdentifier>
                    <msContents>
                        <summary><title type="supplied">Sagas</title></summary>
                        <textLang mainLang="is">Icelandic</textLang>
                        <titlePage type="ms">
                            <docTitle>
                                <titlePart type="main">Grænlendinga Þáttr <lb/> ok <lb/> Edvardar Saga hins helga. (<locus from="001r-FFL" to="001r-FFL">front flyleaf</locus>)</titlePart>
                            </docTitle>
                        </titlePage>
                        
                        <msItem n="1" class="islt">
                            <locus from="1r" to="10v">1r-10v</locus>
                            <title type="uniform">Grænlendinga þáttur</title>
                            <rubric>Grænlendinga Þáttr</rubric>
                            <rubric>[Extat in Codice Regio Flateyensi, á columna <lb/> 487. usque ad 852.]</rubric>
                            <incipit>Socki het maðr <ex>ok</ex> var Þovisson. h<ex>ann</ex> bió <lb/> í Bratta hlið á Grenlandi</incipit>
                            <explicit>en þ<ex>ei</ex>r Herm<ex>un</ex>dr komu til Islandz til ættiarða sin<ex>n</ex>a. <ex>ok</ex> lýkr þar þ<ex>ess</ex>i Sogu.</explicit>
                        </msItem>
                        <msItem n="2" class="bis kir">
                            <locus from="10v" to="11r">10v:11r</locus>
                            <title type="supplied">Biskupa- og kirknatal á Grænlandi</title>
                            <incipit>Þessir hafa B<ex>isku</ex>par verit á Grænlandi</incipit>
                            <explicit>þriðia í anavík í Ranga<lb/>firði</explicit>
                        </msItem>
                        <msItem n="3" class="kon">
                            <locus from="11r" to="14r">11r-14r</locus>
                            <title type="uniform">Helga þáttur og Úlfs</title>
                            <rubric>Frá Helga ok Úlfi</rubric>
                            <incipit>Sigurðr Jarl Lauðversson reeð fyrir Orkn<lb/>eyium. h<ex>ann</ex> v<ex>ar</ex> hofþingi mikill.</incipit>
                            <explicit><ex>ok</ex> biu<ex>gg</ex>u þar til elli. ok lýkr þar þ<ex>essar</ex>i söghu.</explicit>
                        </msItem>
                        <msItem n="4" class="kon">
                            <locus from="14v" to="24r">14v-24r</locus>
                            <title type="uniform">Játvarðar saga helga</title>
                            <rubric>Saga ens heilaga <lb/> Eðuarðar.</rubric>
                            <rubric>[in Codice Flateyensi á Columna 852. usqad 856.]</rubric>
                            <incipit>Eðuarðr k<ex>ong</ex>r hin<ex>n</ex> helgi var son Aðalraðs <lb/> k<ex>on</ex>gs Eðgeirs sunar.</incipit>
                            <explicit><ex>ok</ex> er þar hinir beztu <lb/> landzkostir. hefir þetta <lb/> fólk <ex>ok</ex> þeirra Synir <lb/> þar bygt síðan.</explicit>
                        </msItem>
                    </msContents>
                    <physDesc>
                        <objectDesc form="codex">
                            <supportDesc material="chart">
                                <support>Paper. <watermark>Watermarks: Beehive watermark and the text "J. HONIG &amp; ZOON" as countermark. The front flyleaf has a watermark "J C DREWSEN"</watermark></support>
                                <extent>i + 24 leaves. Size of leaves: <dimensions type="leaf" scope="all" unit="mm">
                                    <height>307</height>
                                    <width>207</width>
                                </dimensions></extent>
                                <foliation>
                                    <p>Paginated 1-47. F. <locus from="24v" to="24v">24v</locus> is blank and not paginated.</p>
                                </foliation> 
                                <collation><p></p>
                                    <signatures>There are no quire signatures.</signatures>
                                    <catchwords>There are no catchwords.</catchwords>
                                </collation>
                                <condition><p>The manuscript is in a good condition.</p> 
                                </condition> 
                            </supportDesc>
                            <layoutDesc>
                                <layout columns="1" writtenLines="25"> 
                                    <p>The text is written in one column.</p>
                                    <p></p>
                                </layout>
                            </layoutDesc>
                        </objectDesc>
                        <handDesc hands="1">
                            <handNote scribe="unknown" scope="sole" script="unknown"> 
                                <p> Written in a single hand. </p></handNote>
                        </handDesc>
                        <decoDesc>
                            <decoNote>No decorations. </decoNote>
                        </decoDesc>  
                        <additions>
                            <p>On the <locus from="001r-FFL" to="001r-FFL">front flyleaf</locus> there in a provenance note <q>foræret af hr. Adjunct Schaldemose til Nykjöb. Skolebibliothek.</q></p>
                        </additions>
                        <bindingDesc>
                            <binding contemporary="unknown">
                                <p>Full-bound. Boards covered with blue paper. </p>
                                <p>On the spine the title is written: <q>Grænlendinga Saga ok Edvardar Saga hins Helga</q></p>
                                <p>A provenance sticker affixed to foot of spine: <q>Nykjöbing Cath-Skole Bibliothek</q>. </p>
                            </binding>							
                        </bindingDesc> 
                        <accMat>
                        </accMat>
                    </physDesc>
                    <history>
                        <origin notBefore="1700" notAfter="1799" cert="low" evidence="external" resp="#KatKap001">
                            <p> Written probably in <origPlace key="IS">Iceland</origPlace> in the <origDate notBefore="1700" notAfter="1799">eighteenth century</origDate>.</p>
                        </origin>
                        <provenance>
                            <p>The manuscripts Acc. 51-62 came from <name type="place" key="Nykob01">Nykøbing</name> cathedral school.</p>
                            <p>The manuscripts were given as a gift to the Nykøbing Katedralskole by <name type="person" key="FreSch002">Frederik Schaldemose</name>.
                                <orgName key="AMS">The Arnamagnæan Collection</orgName> in Copenhagen acquired the manuscript from the school in <date when="2007">April 2007</date> as a gift.</p></provenance>
                    </history>
                    <additional> 
                        <adminInfo>
                            <recordHist>
                                <source>
                                    <p>Cataloged from the manuscript on <date when="2018-09-17"/> by <name type="person" key="KatKap001">Katarzyna Anna Kapitan</name>.</p>
                                </source>
                            </recordHist>
                        </adminInfo>
                        <surrogates>
                            <p>
                                <list>
                                    <item>Microfilm Neg 2018 from <date when="2011-05-30"/>.</item>
                                    <item>Microfilm (archive) 2000 from <date when="2011-06-01"/>.</item>
                                    <item>Backup film TS 1296 from <date when="2011-06-01"/>.</item>
                                </list>
                            </p>
                        </surrogates>
                    </additional>
                </msDesc>
            </sourceDesc>
        </fileDesc>
        <revisionDesc>
            <change>
                <date when="2018-09-20"></date>
                <name type="person" key="KatKap001">Katarzyna Anna Kapitan</name>
                Fixed the date
            </change>
            <change>
                <date when="2018-10-16">16 October 2018</date>
                <name type="person" key="KatKap001">Katarzyna Anna Kapitan</name>
                Fixewd origDate and origPlace
            </change>
            <change>
                <date when="2018-11-07"/>
                <name type="person" key="KatKap001">Katarzyna Anna Kapitan</name>
                Added surrogates.
            </change>
        </revisionDesc>
    </teiHeader>
    <facsimile>
        <surface/>
    </facsimile>
</TEI>