<?xml version="1.0" encoding="UTF-8"?><?oxygen RNGSchema="http://www.handrit.is/schema/handrit-1.0.rnc" type="compact"?><TEI xmlns="http://www.tei-c.org/ns/1.0">
   <teiHeader>
      <fileDesc>
         <titleStmt>
            <title type="main">Acc. 21</title>
         </titleStmt>
         <publicationStmt>
            <authority>Den Arnamagnæanske Samling</authority>
            <pubPlace>København</pubPlace>
         </publicationStmt>
         <sourceDesc><msDesc xml:lang="en" xml:id="Acc-0021-en">
               <msIdentifier>
                  <country>Denmark</country>
                  <settlement>København</settlement>
                  <repository>Den Arnamagnæanske Samling</repository>
                  <idno>Acc. 21</idno>
               </msIdentifier>
              <msContents>
                 <summary><title>Catalogue of Old Norse parchment fragments in the National Archives of Norway</title></summary>
                 <textLang mainLang="da"/>
                 <titlePage>
                    <docTitle>
                       <titlePart>Oldnorske og Oldislandske,<lb/> Olddanske, Oldsvenske etc. <lb/> Membran-Fragmenter <lb/> i <lb/> det Norske Rigsarkiv </titlePart>
                       <titlePart>afskrift <lb/> af <lb/> Dr. I. Undsets Katalog af 1881, med Tilföielser indtil 1902.</titlePart>
                    </docTitle>
                 </titlePage>
                 <msItem n="1">
                    <locus from="2r" to="2r">2r</locus>
                    <title type="supplied">Table of contents</title>
                 </msItem>
                 <msItem n="2">
                    <locus from="vr" to="27r">2v-27r</locus>
                    <title type="supplied">Catalogue</title>
                    <note>The catalogue is organised in a tabular form with seven columns without any headings. It is an excerpt from Ingvald Undset's catalogue of manuscripts in det Norske Rigsarkiv: <title>Katalog over Rigsarkivets Membranfragmenter</title>.</note>
                 </msItem>
              </msContents>
               <physDesc>
                  <objectDesc form="codex">
                     <supportDesc material="chart">
                        <support>Paper. <watermark>Watermarks: Norwegian coat of arms with crowned rampart lion bearing an axe.</watermark></support>
                        <extent>28 leaves. Size of leaves: 
                           <dimensions type="leaf" scope="all" unit="mm">
                              <height>343</height>
                              <width>210</width>
                           </dimensions>. </extent>
                        <foliation>Foliation in pencil from 1-27.</foliation>
                     </supportDesc>
                  </objectDesc>
                  <bindingDesc>
                     <binding contemporary="true">
                        <p>Plain soft-cardboard cover.</p>
                        <p>On the cover the shelfmark is written <q>Access. 21</q>, the title of the volume <q> Det <lb/> Norske Rigsarkivs <lb/> Membranfragmenter.</q>, and the abbreviation <q>A. M. L.</q>.</p>
                  
                     </binding>							
                  </bindingDesc> 
               </physDesc>
            <history>
               <origin>
                  The transcript had to be made in the period <origDate  notBefore="1902" notAfter="1919" cert="high" evidence="conjecture" resp="KatKap001">1902-1919</origDate>.
               </origin>                    
               <acquisition>
                  <p>These manuscript had to be acquired by <orgName key="AMS">The Arnamagnæan Institute</orgName> in <name
                     type="place" key="Copen01">Copenhagen</name> before <date when="1919">1919</date>, since this shelfmark is registered by 
                     <name type="person" key="KriKaa001">Kålund</name> in the handwritten catalogue of the Accessoria collection as preserved in <ref target="#AM02-0478-en">AM 478 fol.</ref> (fol. 56v).</p>
               </acquisition>
            </history>
            <additional>
               <adminInfo>
                  <recordHist>
                     <source>
                        <p>Catalogued on <date when="2019-02-04"/> by 
                           <name type="person" key="KatKap001">Katarzyna Anna Kapitan</name>.</p>
                     </source>
                  </recordHist>
               </adminInfo>
               <surrogates>
                  <p>
                     <list>
                        <item>Microfilm Neg 2016 from <date when="2011-05-18"/>.</item>
                        <item>Microfilm (archive) 1098 from <date when="2011-05-24"/>.</item>
                        <item>Backup film TS 1287 from <date when="2011-05-24"/>.</item>
                     </list>
                  </p>
               </surrogates>
            </additional>
            </msDesc>
         </sourceDesc>
      </fileDesc>
      <revisionDesc>
         <change>
            <date when="2019-02-04"/>
            <name type="person" key="KatKap001"/>
            Cataloging. 
         </change>
      </revisionDesc>
   </teiHeader>
   <facsimile>
      <surface/>
   </facsimile>
</TEI>