<?oxygen RNGSchema="http://www.handrit.is/schema/handrit-1.0.rnc" type="compact"?>
<TEI xmlns="http://www.tei-c.org/ns/1.0">
  <teiHeader>
    <fileDesc>
      <titleStmt>
        <title type="main">Acc. 4 c I[2]</title>
      </titleStmt>
      <publicationStmt>
        <authority>Den Arnamagnæanske Samling</authority>
        <pubPlace>Copenhagen</pubPlace>
      </publicationStmt>
      <sourceDesc>
        <msDesc xml:id="Acc-0004-c-I-2-en" xml:lang="en">
          <msIdentifier>
            <country>Denmark</country>
            <settlement>Copenhagen</settlement>
            <repository>Den Arnamagnæanske Samling</repository>
            <idno>Acc. 4 c I[2]</idno>
            <altIdentifier type="internal" subtype="KKKat">
              <idno>2826</idno>
            </altIdentifier>
          </msIdentifier>
          <head>
            <title type="supplied">Faroese Ballads alphabetically arranged (B)</title>
          </head>
          <physDesc>
            <objectDesc form="codex">
              <supportDesc material="chart">
                <support>Various paper booklets and loose leaves.</support>
              </supportDesc>
            </objectDesc>
            <bindingDesc>
              <p>The materials are held in a single paper folder (<dimensions type="binding">
                  <height unit="mm" quantity="241">241</height>
                  <width unit="mm" quantity="183">183</width>
                </dimensions>) labelled <q>B</q>.</p>
            </bindingDesc>
          </physDesc>
          <history>
            <origin notBefore="1800" notAfter="1899">
              <p>Written in the <origPlace key="FO">Faroe Islands</origPlace> in the <origDate
                  notBefore="1800" notAfter="1899">nineteenth century</origDate>.</p>
            </origin>
            <provenance>
              <p>The manuscript materials were part of <name type="person" key="VenHam001">V. U.
                  Hammershaimb's</name> private archive and were originally intended for <orgName
                  key="KglNordOld">Det kgl. nordiske Oldskriftselskab</orgName>. They were given to
                the <orgName key="AMS">Arnamagnæan Collection</orgName> following Hammershaimb's
                death in <date when="1909">1909</date>.</p>
            </provenance>
          </history>
          <additional>
            <listBibl>
              <bibl> Kålund: <ref type="secondary-1" target="KKKat">Katalog</ref>
                <biblScope type="volume">II</biblScope>
                <biblScope type="pages">609</biblScope>
              </bibl>
              <bibl> Chesnutt and Larsen: <ref type="secondary-1" target="Foroya">Føroya kvæði</ref>
                <biblScope type="volume">VII</biblScope>
                <biblScope type="pages">64-65</biblScope>
              </bibl>
            </listBibl>
          </additional>
          <msPart n="1">
            <altIdentifier type="other">
              <idno>Baraldur bóndason</idno>
            </altIdentifier>
            <msContents>
              <summary><title type="uniform">Baraldur bóndason</title></summary>
              <msItem n="1" class="kvad">
                <locus from="1r" to="2r">pp. 1-3 (ff. 1r-2r)</locus>
                <title type="uniform">Baraldur bóndason</title>
                <textLang mainLang="fo">Faroese</textLang>
                <rubric>Baraldur bondason</rubric>
                <incipit>Baraldur legst í móðurfeng</incipit>
                <explicit>Baraldur og hans vív</explicit>
                <incipit type="refrain">Nú fellar ríman <lb/>ivir tann breiða fjorð etc</incipit>
                <respStmt>
                  <resp key="inf">Informant</resp>
                  <name type="person" key="RasJoh001">Rasmus Johanneson Mikines</name>
                </respStmt>
                <bibl>CCF 40B. <ref type="secondary-1" target="Foroya">Føroya Kvæði</ref>
                  <biblScope type="volume">II</biblScope><biblScope type="pages">99-101</biblScope>
                </bibl>
              </msItem>
            </msContents>
            <physDesc>
              <objectDesc form="codex">
                <supportDesc material="chart">
                  <support>Paper.</support>
                  <extent>2. <dimensions type="leaf" scope="all">
                      <height unit="mm" quantity="215">215</height>
                      <width unit="mm" quantity="173">173</width>
                    </dimensions>
                  </extent>

                  <foliation><p>There is no foliation.</p></foliation>
                  <collation>
                    <p>
                      <list>
                        <item>I: 1+2</item>
                      </list>
                    </p>
                    <signatures>There are no signatures.</signatures>
                    <catchwords>There are no catchwords.</catchwords>
                  </collation>

                  <condition>
                    <p>The paper is in good condition.</p>
                  </condition>
                </supportDesc>
                <layoutDesc>
                  <layout columns="2" writtenLines="32">
                    <p>Written in two columns with 32 lines per column.</p>
                  </layout>
                </layoutDesc>
              </objectDesc>
              <handDesc hands="1">
                <handNote scribe="VenHam001" script="kurrent" scope="sole"><p>Written by <name
                      type="person" key="VenHam001">V. U. Hammershaimb</name>.</p></handNote>
              </handDesc>
            </physDesc>
            <history>
              <origin notBefore="1848" notAfter="1849">
                <p>Recorded <origDate notBefore="1848" notAfter="1849">1848/9</origDate> by <name
                    type="person" key="VenHam001">V. U. Hammershaimb</name> from <name
                    type="person" key="RasJoh001">Rasmus Johannesen</name>, <placeName
                    key="MykMyk01">Mykines, Mykines</placeName>.</p>
              </origin>
            </history>
          </msPart>
          <msPart n="2.1">
            <altIdentifier type="partial">
              <idno>Belfjóna (1)</idno>
            </altIdentifier>
            <msContents>
              <summary><title type="uniform">Belfjóna</title></summary>
              <msItem n="2.1" class="kvad">
                <locus from="3r" to="5v">pp. 5-10 (ff. 3r-5v)</locus>
                <title type="uniform">Belfjóna</title>
                <textLang mainLang="fo">Faroese</textLang>
                <rubric>Belfiouna</rubric>
                <incipit type="refrain">Oman ettir u Nijan ettir</incipit>
                <explicit>uj grönari lund</explicit>
                <finalRubric>Ende</finalRubric>
                <filiation>Also found in <ref type="ms" target="DSF-68"
                  >Sandoyarbók</ref>.</filiation>
                <bibl>CCF 41b. <ref type="secondary-1" target="Foroya">Føroya Kvæði</ref>
                  <biblScope type="volume">II</biblScope><biblScope type="pages">102-104</biblScope>
                </bibl>
              </msItem>
            </msContents>
            <physDesc>
              <objectDesc form="codex">
                <supportDesc material="chart">
                  <support>Paper.</support>
                  <extent>2. <dimensions type="leaf" scope="all">
                      <height unit="mm" quantity="217">217</height>
                      <width unit="mm" quantity="173">173</width>
                    </dimensions>
                  </extent>
                  <foliation><p>There is no foliation.</p></foliation>
                  <collation>
                    <p>
                      <list>
                        <item>I: 3+5</item>
                      </list>
                    </p>
                    <signatures>There are no signatures.</signatures>
                    <catchwords>There are no catchwords.</catchwords>
                  </collation>
                  <condition>
                    <p>The paper is in good condition.</p>
                  </condition>
                </supportDesc>
                <layoutDesc>
                  <layout columns="1" writtenLines="22">
                    <p>Written in a single column with 22 lines per page.</p>
                  </layout>
                </layoutDesc>
              </objectDesc>
              <handDesc hands="1">
                <handNote scribe="JohCle001" scope="sole" script="unknown">Written by <name
                    type="person" key="JohCle001">Johannes Clemensen</name>.</handNote>
              </handDesc>
              <additions>
                <p>A single leaf (f. <locus from="4r" to="4v">4</locus>) has been inserted with
                  variants (see item 2.2).</p>
              </additions>
            </physDesc>
            <!-- LENA: Informant for 41a (item 46 in Sandoyarbók) is Johan Michael Hentze (JohHen001), Sandur, Sandoy, 1822 [27/03/21] -->
          </msPart>
          <msPart n="2.2">
            <altIdentifier type="partial">
              <idno>Belfjóna (2)</idno>
            </altIdentifier>
            <msContents>
              <summary><title type="uniform">Belfjóna</title></summary>
              <msItem n="2.2" class="kvad">
                <locus from="4r" to="4v">pp. 7-8 (ff. 4r-4v)</locus>
                <title type="supplied">Commentary</title>
                <textLang mainLang="fo" otherLangs="da">Faroese and Danish</textLang>
                <rubric xml:lang="da">Anmærkinger til Belfjóni</rubric>
                <incipit>Mellem 18 &amp; 19 Vers synges:</incipit>
                <explicit>mit uj Vadlalund.</explicit>
                <note>Variants to <ref type="ms">2.1</ref>.</note>
                <bibl>CCF 41c. <ref type="secondary-1" target="Foroya">Føroya Kvæði</ref>
                  <biblScope type="volume">II</biblScope><biblScope type="pages">102-104</biblScope>
                </bibl>
              </msItem>
            </msContents>
            <physDesc>
              <objectDesc form="codex">
                <supportDesc material="chart">
                  <support>Paper.</support>
                  <extent>1. <dimensions type="leaf" scope="all">
                      <height unit="mm" quantity="216">216</height>
                      <width unit="mm" quantity="175">175</width>
                    </dimensions>
                  </extent>

                  <foliation><p>There is no foliation.</p></foliation>
                  <collation>
                    <p>Singleton.</p>
                    <signatures>There are no signatures.</signatures>
                    <catchwords>There are no catchwords.</catchwords>
                  </collation>

                  <condition>
                    <p>The paper is in good condition.</p>
                  </condition>
                </supportDesc>

                <layoutDesc>
                  <layout columns="1" writtenLines="8 24">
                    <p>Written in a single column with 24 lines on <locus from="4r" to="4r"
                        >4r</locus> and 8 lines on <locus from="4v" to="4v">4v</locus>.</p>
                  </layout>
                </layoutDesc>

              </objectDesc>

              <handDesc hands="1">
                <handNote scope="sole" script="kurrent"><p>Written in a single hand in a current
                    script.</p></handNote>
              </handDesc>
            </physDesc>
          </msPart>
          <!-- LENA:  I think you got the information regarding 3.1 and 3.2 mixed up. 42Bb is written by Þorsteinsson and 42Bc is recorded by Hammershaimb from PouJoh001. [27/03/21] -->
          <msPart n="3.1">
            <altIdentifier type="partial">
              <idno>Berrings vísa (1)</idno>
            </altIdentifier>
            <msContents>
              <summary><title type="uniform">Berrings vísa</title></summary>
              <msItem n="3.1" class="kvad">
                <locus from="6r" to="6r">p. 11 (f. 6r)</locus>
                <title type="uniform">Berrings vísa</title>
                <textLang mainLang="fo" otherLangs="da">Faroese and Danish</textLang>
                <rubric>Berrings vísa</rubric>
                <incipit>Uppi í teim högu fist</incipit>
                <explicit>Hann var nevndur Girtlands kongur</explicit>
                <respStmt>
                  <resp key="inf">Informant</resp>
                  <name type="person" key="PouJoh001">Poul Johannisson í Sundba</name>
                </respStmt>
                <bibl>CCF 42Bb. <ref type="secondary-1" target="Foroya">Føroya Kvæði</ref>
                  <biblScope type="volume">II</biblScope><biblScope type="pages">106-107</biblScope>
                </bibl>
                <note>Variants to <ref type="ms">3.2</ref>.</note>
              </msItem>
            </msContents>
            <physDesc>
              <objectDesc form="codex">
                <supportDesc material="chart">
                  <support>Paper.</support>
                  <extent>1. <dimensions type="leaf" scope="all">
                      <height unit="mm" quantity="213">213</height>
                      <width unit="mm" quantity="172">172</width>
                    </dimensions>
                  </extent>

                  <foliation><p>There is no foliation.</p></foliation>
                  <collation>
                    <p> Singleton. </p>
                    <signatures>There are no signatures.</signatures>
                    <catchwords>There are no catchwords.</catchwords>
                  </collation>

                  <condition>
                    <p>The paper is in good condition.</p>
                  </condition>
                </supportDesc>

                <layoutDesc>
                  <layout columns="2" writtenLines="23">
                    <p>Written two columns with 23 lines in the first column.</p>
                  </layout>
                </layoutDesc>

              </objectDesc>

              <handDesc hands="1">
                <handNote scribe="VenHam001" scope="sole" script="other">Written by <name
                    type="person" key="VenHam001">V. U. Hammershaimb</name>.</handNote>
              </handDesc>
            </physDesc>
          </msPart>
          <msPart n="3.2">
            <altIdentifier type="partial">
              <idno>Berrings vísa (2)</idno>
            </altIdentifier>
            <msContents>
              <summary><title type="uniform">Berrings vísa</title></summary>
              <titlePage type="ms">
                <docTitle>
                  <titlePart type="main">Berrings Vise</titlePart>
                  <titlePart type="sub">B</titlePart>
                </docTitle>
              </titlePage>
              <msItem n="3.2" class="kvad">
                <locus from="8r" to="10v">pp. 15-20 (ff. 8r-10v)</locus>
                <title type="uniform">Berrings vísa</title>
                <textLang mainLang="fo">Faroese</textLang>
                <incipit>Uppi ivur Øvun</incipit>
                <explicit>tu skalt eâd Jørini nujja</explicit>
                <bibl>CCF 42Ba. <ref type="secondary-1" target="Foroya">Føroya Kvæði</ref>
                  <biblScope type="volume">II</biblScope><biblScope type="pages">106-107</biblScope>
                </bibl>
              </msItem>
            </msContents>
            <physDesc>
              <objectDesc form="codex">
                <supportDesc material="chart">
                  <support>Paper with watermark.</support>
                  <extent>4. <dimensions type="leaf" scope="all">
                      <height unit="mm" quantity="110">110</height>
                      <width unit="mm" quantity="87">87</width>
                    </dimensions>
                  </extent>

                  <foliation><p>There is no foliation.</p></foliation>
                  <collation>
                    <p>
                      <list>
                        <item>I: 7-10 (7, 8+9, 10)</item>

                      </list>
                    </p>
                    <signatures>There are no signatures.</signatures>
                    <catchwords>There are no catchwords.</catchwords>
                  </collation>
                  <condition>
                    <p>The paper is in good condition, though there is slight surface damage on f.
                        <locus from="10r" to="10r">10r</locus>. </p>
                  </condition>
                </supportDesc>
                <layoutDesc>
                  <layout columns="1" writtenLines="11 16">
                    <p>Written in a single column with 11 to 16 lines per page.</p>
                  </layout>
                </layoutDesc>
              </objectDesc>
              <handDesc hands="1">
                <handNote scribe="ThoTho082" scope="major" script="hybrida"><p>Written by <name
                      type="person" key="ThoTho082">Þórður Þorsteinsson</name>.</p></handNote>
              </handDesc>
            </physDesc>
          </msPart>
          <msPart n="4">
            <altIdentifier type="other">
              <idno>Bevusar tættir</idno>
            </altIdentifier>
            <msContents>
              <summary><title type="uniform">Bevusar tættir</title></summary>
              <msItem n="4" class="kvad">
                <locus from="11r" to="12v">pp. 21-24 (ff. 11r-12)v</locus>
                <title type="uniform">Bevusar tættir</title>
                <textLang mainLang="fo">Faroese</textLang>
                <rubric>B<del>æ</del><add>e</add>vussa tættir</rubric>
                <respStmt>
                  <resp key="inf">Informant</resp>
                  <name type="person" key="PedPou001">Petur Poulsson 44 år gl í Örðavík</name>
                </respStmt>
                <incipit>Frúgvin vaknar á miðjari nátt</incipit>
                <incipit type="refrain">Viðg. giltan spora etc.</incipit>
                <explicit>Skrivari kongs so skaltu vera</explicit>
                <bibl>CCF 112. <ref type="secondary-1" target="Foroya">Føroya Kvæði</ref>
                  <biblScope type="volume">V</biblScope><biblScope type="pages">309-312</biblScope>
                </bibl>
              </msItem>
            </msContents>
            <physDesc>
              <objectDesc form="codex">
                <supportDesc material="chart">
                  <support>Paper.</support>
                  <extent>2. <dimensions type="leaf" scope="all">
                      <height unit="mm" quantity="216">216</height>
                      <width unit="mm" quantity="171">171</width>
                    </dimensions>
                  </extent>

                  <foliation><p>There is no foliation.</p></foliation>
                  <collation>
                    <p>
                      <list>
                        <item>I: 11+12</item>
                      </list>
                    </p>
                    <signatures>There are no signatures.</signatures>
                    <catchwords>There are no catchwords.</catchwords>
                  </collation>
                  <condition>
                    <p>The paper is in good condition.</p>
                  </condition>
                </supportDesc>
                <layoutDesc>
                  <layout columns="2" writtenLines="28">
                    <p>Written in two columns with approximately 28 lines per column.</p>
                  </layout>
                </layoutDesc>
              </objectDesc>
              <handDesc hands="1">
                <handNote scribe="VenHam001" scope="sole" script="other"><p>Written by <name
                      type="person" key="VenHam001">V. U. Hammershaimb</name>.</p></handNote>
              </handDesc>
            </physDesc>
          </msPart>

          <msPart n="5.1">
            <altIdentifier type="other">
              <idno>Biðilin (1)</idno>
            </altIdentifier>
            <msContents>
              <summary><title type="uniform">Biðilin</title></summary>
              <msItem n="5.1" class="kvad">
                <locus from="13r" to="13r">p. 25 (f. 13r)</locus>
                <title type="uniform">Biðilin</title>
                <textLang mainLang="fo" otherLangs="da">Faroese with Danish</textLang>
                <rubric>Ríma Biðilin</rubric>
                <respStmt>
                  <resp key="inf">Informant</resp>
                  <name type="person" key="PouJoh001">Poul Johannisson í Sundbø</name>
                </respStmt>
                <incipit>Eg havi mer eina jomfrú fest</incipit>
                <incipit type="refrain">Viðgángur tit haldun idur so</incipit>
                <explicit>hvorki árla ella síla</explicit>
                <note>Ends with a Danish translation of the refrain <quote xml:lang="da">I holder
                    Eder so</quote></note>
                <bibl>CCF 115A. <ref type="secondary-1" target="Foroya">Føroya Kvæði</ref>
                  <biblScope type="volume">VI</biblScope><biblScope type="pages">4-5</biblScope>
                </bibl>
              </msItem>
            </msContents>
            <physDesc>
              <objectDesc form="codex">
                <supportDesc material="chart">
                  <support>Paper.</support>
                  <extent>1. <dimensions type="leaf" scope="all">
                      <height unit="mm" quantity="213">213</height>
                      <width unit="mm" quantity="173">173</width>
                    </dimensions>
                  </extent>
                  <foliation><p>There is no foliation.</p></foliation>
                  <collation>
                    <p>
                      <list>
                        <item>Singleton.</item>
                      </list>
                    </p>
                    <signatures>There are no signatures.</signatures>
                    <catchwords>There are no catchwords.</catchwords>
                  </collation>
                  <condition>
                    <p>The leaf is in good condition.</p>
                  </condition>
                </supportDesc>
                <layoutDesc>
                  <layout columns="2" writtenLines="7 24">
                    <p>Written in two columns with 24 lines in the first column.</p>
                  </layout>
                </layoutDesc>
              </objectDesc>
              <handDesc>
                <handNote scribe="VenHam001" scope="sole" script="other"><p>Written by <name
                      type="person" key="VenHam001">V. U. Hammershaimb</name>.</p></handNote>
              </handDesc>
            </physDesc>
            <history>
              <p>Recorded by <name type="person" key="VenHam001">V. U. Hammershaimb</name> from <name
                type="person" key="PouJoh001">Poul Johannessen (Poul í Sakarisstovu)</name>, <placeName key="SumSud01"
                  >Sumba, Suðuroy</placeName>.</p>
            </history>
          </msPart>
          <msPart n="5.2">
            <altIdentifier type="other">
              <idno>Biðilin (2)</idno>
            </altIdentifier>
            <msContents>
              <summary><title type="uniform">Biðilin</title></summary>
              <msItem n="5.2" class="kvad">
                <locus from="14r" to="14r">p. 27 (f. 14r)</locus>
                <title type="uniform">Biðilin</title>
                <textLang mainLang="fo" otherLangs="da">Faroese with Danish refrain</textLang>
                <rubric>Ríma Biðilin</rubric>
                <respStmt>
                  <resp key="inf">Informant</resp>
                  <name type="person" key="ThoJoe001">Tumas Jógvansson í Vági</name>
                </respStmt>
                <incipit>Síla um aftanin rím fell á</incipit>
                <incipit type="refrain" xml:lang="da">under hviden sadel</incipit>
                <explicit>bæði árla og síla var hon mín</explicit>
                <bibl>CCF 115B. <ref type="secondary-1" target="Foroya">Føroya Kvæði</ref>
                  <biblScope type="volume">VI</biblScope><biblScope type="pages">5</biblScope>
                </bibl>
              </msItem>
            </msContents>
            <physDesc>
              <objectDesc form="codex">
                <supportDesc material="chart">
                  <support>Paper.</support>
                  <extent>1. <dimensions type="leaf" scope="all">
                      <height unit="mm" quantity="213">213</height>
                      <width unit="mm" quantity="172">172</width>
                    </dimensions>
                  </extent>
                  <foliation><p>There is no foliation.</p></foliation>
                  <collation>
                    <p>
                      <list>
                        <item>Singleton.</item>
                      </list>
                    </p>
                    <signatures>There are no signatures.</signatures>
                    <catchwords>There are no catchwords.</catchwords>
                  </collation>
                  <condition>
                    <p>The leaf is in good condition.</p>
                  </condition>
                </supportDesc>
                <layoutDesc>
                  <layout columns="2" writtenLines="4 20">
                    <p>Written in two columns with 20 lines in the first column.</p>
                  </layout>
                </layoutDesc>
              </objectDesc>
              <handDesc>
                <handNote scribe="VenHam001" scope="sole" script="other"><p>Written by <name
                      type="person" key="VenHam001">V. U. Hammershaimb</name>.</p></handNote>
              </handDesc>
            </physDesc>
            <history>
              <p>Recorded by <name type="person" key="VenHam001">V. U. Hammershaimb</name> from <name
                  type="person" key="ThoJoe001">Thomas Joensen (Pinkutin)</name>, <placeName key="VagSud01"
                  >Vágur, Suðuroy</placeName>.</p>
            </history>
          </msPart>
          <msPart n="6.1">
            <altIdentifier type="other">
              <idno>Blankans ríma (1)</idno>
            </altIdentifier>
            <msContents>
              <summary><title type="uniform">Blankans ríma</title></summary>
              <msItem n="6.1.1" class="kvad">
                <locus from="15r" to="15v">pp. 29-30 (ff. 15r-15v)</locus>
                <title type="uniform">Blankans ríma</title>
                <textLang mainLang="fo">Faroese</textLang>
                <rubric><del>Maritu ríma<lb/> Hesturin</del> Blankans ríma</rubric>
                <respStmt>
                  <resp key="inf">Informant</resp>
                  <name type="person" key="MagOle001">Magnus Ólavsson Svínoy</name>
                </respStmt>
                <incipit>Tað torir eingin danimann so gera</incipit>
                <explicit>tá bleiv hann ein raddari fín</explicit>
                <bibl>CCF 116Aa. <ref type="secondary-1" target="Foroya">Føroya Kvæði</ref>
                  <biblScope type="volume">VI</biblScope><biblScope type="pages">6-7</biblScope>
                </bibl>
              </msItem>
              <msItem n="6.1.2" class="kvad">
                <locus from="15r" to="15v">pp. 29-30 (ff. 15r-15v)</locus>
                <title type="supplied">Variants to Blankans ríma</title>
                <textLang mainLang="fo" otherLangs="da">Faroese with Danish</textLang>
                <colophon xml:lang="da">Blyantskriften efter <name type="person" key="ElsPou001">Elsebet
                    Poulsdatter</name> í <placeName key="">Túni (Suderø)</placeName> 58 <!-- LENA: I'm not sure "Túni" is a place in this case [26/03/21] -->
                  år.</colophon>
                <note>Variants to item 6.1 added in pencil.</note>
                <bibl>CCF 116Ab. <ref type="secondary-1" target="Foroya">Føroya Kvæði</ref>
                  <biblScope type="volume">VI</biblScope><biblScope type="pages">6-7</biblScope>
                </bibl>
              </msItem>
            </msContents>
            <physDesc>
              <objectDesc form="codex">
                <supportDesc material="chart">
                  <support>Paper.</support>
                  <extent>1. <dimensions type="leaf" scope="all">
                      <height unit="mm" quantity="211">211</height>
                      <width unit="mm" quantity="172">172</width>
                    </dimensions>
                  </extent>
                  <foliation><p>There is no foliation.</p></foliation>
                  <collation>
                    <p>
                      <list>
                        <item>Singleton.</item>
                      </list>
                    </p>
                    <signatures>There are no signatures.</signatures>
                    <catchwords>There are no catchwords.</catchwords>
                  </collation>
                  <condition>
                    <p>The leaf is in good condition.</p>
                  </condition>
                </supportDesc>
                <layoutDesc>
                  <layout columns="2" writtenLines="18">
                    <p>Written in two columns with up to 18 lines per column.</p>
                  </layout>
                </layoutDesc>

              </objectDesc>

              <handDesc hands="1">
                <handNote scribe="VenHam001" scope="sole" script="other"><p>Written by <name
                      type="person" key="VenHam001">V. U. Hammershaimb</name>.</p></handNote>
              </handDesc>
            </physDesc>
            <history>
              <p>Both items recorded by <name type="person" key="VenHam001">V. U.
                  Hammershaimb</name>. The main text (item 6.1.1) is taken from the informant <name
                  type="person" key="MagOle001">Magnus Olesen</name>, <placeName key="SviSvi002"
                  >Svínoy, Svínoy</placeName> with variants (item 6.1.2) from the informant <name
                    type="person" key="ElsPou001">Elsebeth Poulsdatter (Elsebeth í Túni)</name>.</p>
            </history>
          </msPart>
          <msPart n="6.2">
            <altIdentifier type="other">
              <idno>Blankans ríma (2)</idno>
            </altIdentifier>
            <msContents>
              <summary><title type="uniform">Blankans ríma</title></summary>
              <msItem n="6.2" class="kvad">
                <locus from="16r" to="16v">pp. 31-32 (ff. 16r-16v)</locus>
                <title type="uniform">Blankans ríma</title>
                <textLang mainLang="fo">Faroese</textLang>
                <rubric>Harra Karls vísa</rubric>
                <respStmt>
                  <resp key="inf">Informant</resp>
                  <name type="person" key="ThoJoe001">Tumas Jógvanssoní Vági
                    <add>Suðuroy</add></name> <!-- LENA: Should there be a space between "Jógvansson " and "í" ? [26/03/21] -->
                </respStmt>
                <incipit>Tað plægir eingin Danmark kvitta</incipit>
                <incipit type="refrain">gilt sàðil á</incipit>
                <explicit>allt Eingulland fekk hon í vold</explicit>
                <bibl>CCF 116Ba. <ref type="secondary-1" target="Foroya">Føroya Kvæði</ref>
                  <biblScope type="volume">VI</biblScope><biblScope type="pages">7-8</biblScope>
                </bibl>
              </msItem>
            </msContents>
            <physDesc>
              <objectDesc form="codex">
                <supportDesc material="chart">
                  <support>Paper.</support>
                  <extent>1. <dimensions type="leaf" scope="all">
                      <height unit="mm" quantity="213">213</height>
                      <width unit="mm" quantity="171">171</width>
                    </dimensions>
                  </extent>
                  <foliation><p>There is no foliation.</p></foliation>
                  <collation>
                    <p>
                      <list>
                        <item>Singleton</item>
                      </list>
                    </p>
                    <signatures>There are no signatures.</signatures>
                    <catchwords>There are no catchwords.</catchwords>
                  </collation>
                  <condition>
                    <p>The leaf is in good condition.</p>
                  </condition>
                </supportDesc>
                <layoutDesc>
                  <layout columns="2" writtenLines="31">
                    <p>Written in two columns with up to 31 lines per column.</p>
                  </layout>
                </layoutDesc>
              </objectDesc>
              <handDesc hands="1">
                <handNote scribe="VenHam001" scope="sole" script="other"><p>Written by <name
                      type="person" key="VenHam001">V. U. Hammershaimb</name>.</p></handNote>
              </handDesc>
            </physDesc>
            <history>
              <p>Recorded by <name type="person" key="VenHam001">V. U. Hammershaimb</name> from <name
                  type="person" key="ThoJoe001">Thomas Joensen (Pinkutin)</name>, <placeName key="VagSud01"
                  >Vágur, Suðuroy</placeName>.</p>
            </history>
          </msPart>
          <msPart n="6.3">
            <altIdentifier type="other">
              <idno>Blankans ríma (3)</idno>
            </altIdentifier>
            <msContents>
              <summary><title type="uniform">Blankans ríma</title></summary>
              <msItem n="6.3" defective="true" class="kvad">
                <locus from="17r" to="17r">p. 33 (f. 17r)</locus>
                <title type="uniform">Blankans ríma</title>
                <textLang mainLang="fo">Faroese</textLang>
                <rubric>Harra Karls vísa</rubric>
                <respStmt>
                  <resp key="inf">Informant</resp>
                  <name type="person" key="DanJoe001">Daniel Jógvansson í
                    Skúvoy</name>
                </respStmt>
                <incipit>Fuglurin fleyg so langt í kav</incipit>
                <explicit>fleyt</explicit>
                <note>Variants of four verses for item 6.2.</note>
              </msItem>
            </msContents>
            <physDesc>
              <objectDesc form="codex">
                <supportDesc material="chart">
                  <support>Paper.</support>
                  <extent>1. <dimensions type="leaf" scope="all">
                      <height unit="mm" quantity="214">214</height>
                      <width unit="mm" quantity="173">173</width>
                    </dimensions>
                  </extent>
                  <foliation><p>There is no foliation.</p></foliation>
                  <collation>
                    <p>
                      <list>
                        <item>Singleton</item>
                      </list>
                    </p>
                    <signatures>There are no signatures.</signatures>
                    <catchwords>There are no catchwords.</catchwords>
                  </collation>
                  <condition>
                    <p>The leaf is in good condition.</p>
                  </condition>
                </supportDesc>
                <layoutDesc>
                  <layout columns="2" writtenLines="7">
                    <p>The leaf is prepared for two columns, though only the first column is written
                      and contains 7 lines.</p>
                  </layout>
                </layoutDesc>
              </objectDesc>
              <handDesc hands="1">
                <handNote scribe="VenHam001" scope="sole" script="other"><p>Written by <name
                      type="person" key="VenHam001">V. U. Hammershaimb</name>.</p></handNote>
              </handDesc>
            </physDesc>
            <history>
              <p>Recorded by <name type="person" key="VenHam001">V. U. Hammershaimb</name> from <name
                type="person" key="DanJoe001">Daniel Joensen (Dánjal í Jógvansstovu)</name>, <placeName key="SkuSku005"
                  >Skúvoy, Skúvoy</placeName>.</p>
            </history>
          </msPart>
          <msPart n="7.1">
            <altIdentifier type="other">
              <idno>Blikimans kvæði (1)</idno>
            </altIdentifier>
            <msContents>
              <summary><title type="uniform">Blikimans kvæði</title></summary>
              <msItem n="7.1" class="kvad">
                <locus from="18r" to="19v">pp. 35-38 (ff. 18r-19v)</locus>
                <title>Blikimans kvæði</title>
                <rubric>Blegeman Qvæe <!-- CHECK --></rubric>
                <incipit>E vaid aina Rujmuna</incipit>
                <bibl>CCF 117 Cb</bibl>
                <!-- TODO -->
              </msItem>
              <msItem n="7.1.1" class="nafsk">
                <title type="supplied">Church record</title>
              </msItem>
            </msContents>
            <physDesc>
              <objectDesc form="codex">
                <supportDesc material="chart">
                  <support>Paper.</support>
                  <extent>2. <dimensions type="leaf" scope="all">
                      <height unit="mm" quantity="337">337</height>
                      <width unit="mm" quantity="213">213</width>
                    </dimensions>
                  </extent>
                </supportDesc>
                <layoutDesc>
                  <layout columns="1 2" writtenLines="45">
                    <p>The church record is written in two columns, with the ballad text written on
                      top of the first column with around 45 lines per page.</p>
                  </layout>
                </layoutDesc>
              </objectDesc>
              <handDesc hands="1">
                <handNote scribe="VenHam001" scope="sole" script="other"><p>Written by <name
                      type="person" key="VenHam001">V. U. Hammershaimb</name>.</p></handNote>
              </handDesc>
            </physDesc>
          </msPart>
          <msPart n="7.2">
            <altIdentifier type="other">
              <idno>Blikimans kvæði (2)</idno>
            </altIdentifier>
            <msContents>
              <summary><title type="uniform">Blikimans kvæði</title></summary>
              <msItem n="7.2" class="kvad">
                <locus from="20r" to="22v">pp. 39-44 (ff. 20r-22v)</locus>
                <title type="uniform">Blikimans kvæði</title>
                <textLang mainLang="fo">Faroese</textLang>
                <rubric>Blikimans kvæði</rubric>
                  <incipit>Ef veit eina rímuna</incipit>
                  <explicit>sum Blikiman kongur átti</explicit>
                  <!--<bibl><ref type="secondary-1" target="Foroya">Føroya kvæði</ref>
                    <biblScope type="volume">TEXT</biblScope><biblScope type="pages"
                      >1234-1234</biblScope></bibl>-->
                <note>The end of the text (vv. 60-74) is written on an inserted leaf (<locus from="21r" to="21v">f. 21</locus>).</note> 
              </msItem>
            </msContents>
            <physDesc>
              <objectDesc form="codex">
                <supportDesc material="chart">
                  <support>Paper.</support>
                  <extent>3. <dimensions type="leaf" scope="all">
                      <height unit="mm" quantity="214">214</height>
                      <width unit="mm" quantity="173">173</width>
                    </dimensions>
                  </extent>

                  <foliation><p>There is no foliation.</p></foliation>
                  <collation>
                    <p>
                      <list>
                        <item>I: 20+22, 21</item>
                      </list>
                    </p>
                    <signatures>There are no signatures.</signatures>
                    <catchwords>There are no catchwords.</catchwords>
                  </collation>

                  <condition>
                    <p>The paper is in good condition.</p>
                  </condition>
                </supportDesc>

                <layoutDesc>
                  <layout columns="2" writtenLines="32">
                    <p>Written in two columns with 32 lines per column.</p>
                  </layout>
                </layoutDesc>

              </objectDesc>

              <handDesc hands="1">
                <handNote scribe="VenHam001" scope="sole" script="other"><p>Written by <name
                      type="person" key="VenHam001">V. U. Hammershaimb</name>.</p></handNote>
              </handDesc>
            </physDesc>
          </msPart>
          <msPart n="7.3">
            <altIdentifier type="partial">
              <idno>Blikimans kvæði (3)</idno>
            </altIdentifier>
            <msContents>
              <summary><title type="uniform">Blikimans kvæði</title></summary>
              <msItem n="7.3" class="kvad">
                <locus from="23r" to="28r">pp. 45-55 (ff. 23r-28r)</locus>
                <title type="uniform">Blikimans kvæði</title>
                <textLang mainLang="fo">Faroese</textLang>
                <rubric>Bligjimands Qvaji</rubric>
                <incipit type="refrain">Vujt um vejir gjiltir Kjolmar Singja,<lb/> stuija tair à suinar hestanar Springa,<lb/> hoirast Matti Langan ve, sum tairra Sporar<lb/> ringja, - Vait um vejir gjiltir Kjolmar Singja</incipit>
                <incipit>Ajna vaid E ruimina</incipit>
                <explicit>tair kadla tea Blegjiman<add>d</add>s qvæji</explicit>
                <colophon>Ende</colophon>
                <!--<bibl><ref type="secondary-1" target="Foroya">Føroya kvæði</ref>
                  <biblScope type="volume">TEXT</biblScope><biblScope type="pages"
                    >1234-1234</biblScope></bibl>-->
              </msItem>
            </msContents>
            <physDesc>
              <objectDesc form="codex">
                <supportDesc material="chart">
                  <support>Paper.</support>
                  <extent>6. <dimensions type="leaf" scope="all">
                      <height unit="mm" quantity="214">214</height>
                      <width unit="mm" quantity="175">175</width>
                    </dimensions>
                  </extent>

                  <foliation><p>There is no foliation.</p></foliation>
                  <collation>
                    <p>
                      <list>
                        <item>I: 23+28, 24+27, 25+26</item>
                      </list>
                    </p>
                    <signatures>There are no signatures.</signatures>
                    <catchwords>There are no catchwords.</catchwords>
                  </collation>

                  <condition>
                    <p>The paper is in good condition.</p>
                  </condition>
                </supportDesc>

                <layoutDesc>
                  <layout columns="1" writtenLines="2">
                    <p>Written in one column with 22 lines per page.</p>
                  </layout>
                </layoutDesc>

              </objectDesc>

              <handDesc hands="1">
                <handNote scribe="JohCle001" scope="sole" script="unknown">Written by <name
                    type="person" key="JohCle001">Johannes Clemensen</name>.</handNote>
              </handDesc>

            </physDesc>
          </msPart>
          <msPart n="8">
            <altIdentifier type="other">
              <idno>Ríka frú</idno>
            </altIdentifier>
            <msContents>
              <summary><title type="uniform">Ríka frú</title></summary>
              <msItem n="8" class="kvad">
                <locus from="29r" to="29r">p. 57 (f. 29r)</locus>
                <title type="uniform">Ríka frú</title>
                <textLang mainLang="fo">Faroese</textLang>
                <rubric>(Ríma) Bondasonur og ríka frú</rubric>
                <incipit>Eg var mær við á ígjár</incipit>
                <explicit>níggju vegir á hvörjari leið</explicit>
                <incipit type="refrain"><del>við</del> <add>í</add> leikum við ájir</incipit>
                <!--<bibl><ref type="secondary-1" target="Foroya">Føroya kvæði</ref>
                  <biblScope type="volume">TEXT</biblScope><biblScope type="pages"
                    >1234-1234</biblScope></bibl>-->
              </msItem>
            </msContents>
            <physDesc>
              <objectDesc form="codex">
                <supportDesc material="chart">
                  <support>Paper.</support>
                  <extent>1. <dimensions type="leaf" scope="all">
                      <height unit="mm" quantity="214">214</height>
                      <width unit="mm" quantity="173">173</width>
                    </dimensions>
                  </extent>

                  <foliation><p>There is no foliation.</p></foliation>
                  <collation>
                    <p>Singleton.</p>
                    <signatures>There are no signatures.</signatures>
                    <catchwords>There are no catchwords.</catchwords>
                  </collation>

                  <condition>
                    <p>The leaf is in good condition.</p>
                  </condition>
                </supportDesc>

                <layoutDesc>
                  <layout columns="2" writtenLines="16 21">
                    <p>Written in two columns with 21 and 16 lines.</p>
                  </layout>
                </layoutDesc>

              </objectDesc>
              <handDesc hands="1">
                <handNote scribe="VenHam001" script="kurrent" scope="sole"><p>Written by <name
                      type="person" key="VenHam001">V. U. Hammershaimb</name>.</p></handNote>
              </handDesc>
            </physDesc>
          </msPart>
          <msPart n="9">
            <!-- CURRENTLY MISPLACED AT END -->
            <altIdentifier type="other">
              <idno>Bragdar tættir</idno>
            </altIdentifier>
            <msContents>
              <summary><title type="uniform">Bragdar tættir</title></summary>
              <msItem n="9" class="kvad">
                <locus from="42r" to="55v">pp. 83-109 (ff. 42r-55r)</locus>
                <title type="uniform">Bragdar tættir</title>
                <textLang mainLang="fo">Faroese</textLang>
                <!--<rubric>TEXT</rubric>
                  <incipit>TEXT</incipit>
                  <explicit>TEXT</explicit>-->
                  <!--<bibl><ref type="secondary-1" target="Foroya">Føroya kvæði</ref>
                    <biblScope type="volume">TEXT</biblScope><biblScope type="pages"
                      >1234-1234</biblScope></bibl>-->
              </msItem>
            </msContents>
            <physDesc>
              <objectDesc form="codex">
                <supportDesc material="chart">
                  <support>Paper.</support>
                  <extent>14. <dimensions type="leaf" scope="all">
                      <height unit="mm" quantity="213">213</height>
                      <width unit="mm" quantity="172">172</width>
                    </dimensions>
                  </extent>

                  <foliation><p>There is no foliation.</p></foliation>
                  <collation>
                    <p>
                      <list>
                        <item>I: 42, 43</item>
                        <item>II: 44+45</item>
                        <item>III: 46+47</item>
                        <item>IV: 48+49</item>
                        <item>V: 50+51</item>
                        <item>VI: 52+53</item>
                        <item>VII: 54+55</item>
                      </list>
                    </p>
                    <signatures>There are no signatures.</signatures>
                    <catchwords>There are no catchwords.</catchwords>
                  </collation>

                  <condition>
                    <p>The paper is in good condition.</p>
                    <p>Fols. 42 and 43 are no longer attached.</p>
                  </condition>
                </supportDesc>

                <layoutDesc>
                  <layout columns="2" writtenLines="26 29">
                    <p>Written in a two columns with between 26 and 29 lines per column.</p>
                  </layout>
                </layoutDesc>

              </objectDesc>

              <handDesc hands="1">
                <handNote scribe="JohSch001" scope="sole" script="other"><p>Written by <name
                      type="person" key="JohSch001">J. H. Schrøter</name>.</p></handNote>
              </handDesc>

              <additions>
                <p>The stanza numbers have been changed using pencil.</p>
              </additions>
            </physDesc>

          </msPart>
          <msPart n="10">
            <altIdentifier type="other">
              <idno>Brúnsveins vísa</idno>
            </altIdentifier>
            <msContents>
              <summary><title type="uniform">Brúnsveins vísa</title></summary>
              <msItem n="10" class="kvad">
                <locus from="30r" to="30v">pp. 59-60 (ff. 30r-30v)</locus>
                <title type="uniform">Brúnsveins vísa</title>
                <textLang mainLang="fo">Faroese</textLang>
                <rubric>Brúnsveins vísa</rubric>
                <incipit>Hoyr tað mjólkhvít svara mær blítt</incipit>
                <explicit>og allar hàva mér heljur skift</explicit>
                <respStmt>
                  <resp key="inf">Informant</resp>
                  <name type="person" key="AnnJoe002">Anna Sofía Joensdatter í Vági</name>
                </respStmt>
                <!--<bibl><ref type="secondary-1" target="Foroya">Føroya kvæði</ref>
                  <biblScope type="volume">TEXT</biblScope><biblScope type="pages"
                    >1234-1234</biblScope></bibl>-->
              </msItem>
              <!-- MSITEM 2: Variants on back = 30v -->
            </msContents>
            <physDesc>
              <objectDesc form="codex">
                <supportDesc material="chart">
                  <support>Paper.</support>
                  <extent>1. <dimensions type="leaf" scope="all">
                      <height unit="mm" quantity="212">212</height>
                      <width unit="mm" quantity="170">170</width>
                    </dimensions>
                  </extent>

                  <foliation><p>There is no foliation.</p></foliation>
                  <collation>
                    <p>Singleton. </p>
                    <signatures>There are no signatures.</signatures>
                    <catchwords>There are no catchwords.</catchwords>
                  </collation>

                  <condition>
                    <p>The paper is in good condition.</p>
                  </condition>
                </supportDesc>

                <layoutDesc>
                  <layout columns="2" writtenLines="8 22">
                    <p>Written in two columns with 8 to 22 lines per column.</p>
                  </layout>
                </layoutDesc>

              </objectDesc>

              <handDesc hands="1">
                <handNote scribe="VenHam001" script="kurrent" scope="sole"><p>Written by <name
                      type="person" key="VenHam001">V. U. Hammershaimb</name>.</p></handNote>
              </handDesc>
            </physDesc>
          </msPart>
          <msPart n="11.1">
            <altIdentifier type="other">
              <idno>Brøðurnar (1)</idno>
            </altIdentifier>
            <msContents>
              <summary><title type="uniform">Brøðurnir</title></summary>
              <msItem n="11.1" class="kvad">
                <locus from="31r" to="31r">p. 61 (f. 31r)</locus>
                <title type="uniform">Brøðurnar</title>
                <textLang mainLang="fo">Faroese</textLang>
                <rubric>Brød<del>rarnar</del><add>urnir</add></rubric>
                <incipit>Bondin býr hær úti við á</incipit>
                <explicit>báðir duttu firi songini deyðir</explicit>
                <incipit type="refrain">hvör kastar perlur ivir<lb/> jumfrúvu á songjum<lb/> hon svevur alleina</incipit>
                <respStmt>
                  <resp key="inf">Informant</resp>
                  <name type="person" key="MagOle001">Magnus Ólavson í Svínoy, 64 ar gl.</name>
                </respStmt>
                <!--<bibl><ref type="secondary-1" target="Foroya">Føroya kvæði</ref>
                  <biblScope type="volume">TEXT</biblScope><biblScope type="pages"
                    >1234-1234</biblScope></bibl>-->
              </msItem>
            </msContents>
            <physDesc>
              <objectDesc form="codex">
                <supportDesc material="chart">
                  <support>Paper.</support>
                  <extent>1. <dimensions type="leaf" scope="all">
                      <height unit="mm" quantity="214">214</height>
                      <width unit="mm" quantity="173">173</width>
                    </dimensions>
                  </extent>

                  <foliation><p>There is no foliation.</p></foliation>
                  <collation>
                    <p>Singleton.</p>
                    <signatures>There are no signatures.</signatures>
                    <catchwords>There are no catchwords.</catchwords>
                  </collation>

                  <condition>
                    <p>The paper is in good condition.</p>
                  </condition>
                </supportDesc>

                <layoutDesc>
                  <layout columns="2" writtenLines="15 19">
                    <p>Written in two columns with 15 to 19 lines per column.</p>
                  </layout>
                </layoutDesc>

              </objectDesc>

              <handDesc hands="1">
                <handNote scribe="VenHam001" script="kurrent" scope="sole"><p>Written by <name
                      type="person" key="VenHam001">V. U. Hammershaimb</name>.</p></handNote>
              </handDesc>

            </physDesc>
          </msPart>
          <msPart n="11.2">
            <altIdentifier type="other">
              <idno>Brøðurnar (2)</idno>
            </altIdentifier>
            <msContents>
              <summary><title type="uniform">Brøðurnir</title></summary>
              <msItem n="11.2" class="kvad">
                <locus from="32r" to="32r">p. 63 (f. 32r)</locus>
                <title type="uniform">Brøðurnar</title>
                <textLang mainLang="fo">Faroese</textLang>
                <rubric><del>Harra Björn</del> <add>Brøðurnir</add></rubric>
                <incipit>Stolt signild eigir synir tvá</incipit>
                <incipit type="refrain">undir mína hond</incipit>
                <explicit>tú brast livur og hjarta</explicit>
                <respStmt>
                  <resp key="inf">Informant</resp>
                  <name type="person" key="HanPou002">H. A. Poulson</name>
                </respStmt>
                <!--<bibl><ref type="secondary-1" target="Foroya">Føroya kvæði</ref>
                  <biblScope type="volume">TEXT</biblScope><biblScope type="pages"
                    >1234-1234</biblScope></bibl>-->
              </msItem>
              <msItem n="11.3" class="kvad">
                <locus from="32v" to="32v">p. 64 (f. 32v)</locus>
                <title type="uniform">Selamons ríma</title>
                <textLang mainLang="fo">Faroese</textLang>
                <!--<rubric>TEXT</rubric>
                <incipit>TEXT</incipit>
                <explicit>TEXT</explicit>
                <bibl><ref type="secondary-1" target="Foroya">Føroya kvæði</ref>
                  <biblScope type="volume">TEXT</biblScope><biblScope type="pages"
                    >1234-1234</biblScope></bibl>-->
              </msItem>
            </msContents>
            <physDesc>
              <objectDesc form="codex">
                <supportDesc material="chart">
                  <support>Paper.</support>
                  <extent>1. <dimensions type="leaf" scope="all">
                      <height unit="mm" quantity="213">213</height>
                      <width unit="mm" quantity="173">173</width>
                    </dimensions>
                  </extent>

                  <foliation><p>There is no foliation.</p></foliation>
                  <collation>
                    <p>Singleton. </p>
                    <signatures>There are no signatures.</signatures>
                    <catchwords>There are no catchwords.</catchwords>
                  </collation>

                  <condition>
                    <p>The paper is in good condition.</p>
                  </condition>
                </supportDesc>

                <layoutDesc>
                  <layout columns="2" writtenLines="14 22">
                    <p>Written in two columns with 14 to 22 lines per column.</p>
                  </layout>
                </layoutDesc>

              </objectDesc>

              <handDesc hands="1">
                <handNote scribe="VenHam001" script="kurrent" scope="sole"><p>Written by <name
                      type="person" key="VenHam001">V. U. Hammershaimb</name>.</p></handNote>
              </handDesc>

            </physDesc>
          </msPart>
          <msPart n="12.1">
            <altIdentifier type="other">
              <idno>Bænadikts kvæði (1)</idno>
            </altIdentifier>
            <msContents>
              <summary><title type="uniform">Bænadikts kvæði</title></summary>
              <msItem n="12.1" class="kvad">
                <locus from="33r" to="36r">pp. 65-71 (ff. 33r-36r)</locus>
                <title type="uniform">Bænadikts kvæði</title>
                <bibl>CCF 121Ba. <ref type="secondary-1" target="Foroya">Føroya Kvæði</ref>
                  <biblScope type="volume">VI</biblScope><biblScope type="pages">37-43</biblScope>
                </bibl>
              </msItem>
            </msContents>
            <physDesc>
              <objectDesc form="codex">
                <supportDesc material="chart">
                  <support>Paper.</support>
                  <extent>4. <dimensions type="leaf" scope="all">
                      <height unit="mm" quantity="213">213</height>
                      <width unit="mm" quantity="170">170</width>
                    </dimensions>
                  </extent>

                  <foliation><p>There is no foliation.</p></foliation>
                  <collation>
                    <p>
                      <list>
                        <item>I: 33+36, 34+35</item>
                      </list>
                    </p>
                    <signatures>There are no signatures.</signatures>
                    <catchwords>There are no catchwords.</catchwords>
                  </collation>

                  <condition>
                    <p>The paper is in good condition.</p>
                  </condition>
                </supportDesc>

                <layoutDesc>
                  <layout columns="1" writtenLines="8 40">
                    <p>Written in a single column with 8 to 40 lines per page.</p>
                  </layout>
                </layoutDesc>

              </objectDesc>

              <handDesc hands="1">
                <handNote scribe="JohSch001" scope="sole" script="other"><p>Written by <name
                      type="person" key="JohSch001">J. H. Schrøter</name>.</p></handNote>
              </handDesc>
            </physDesc>
          </msPart>
          <msPart n="12.2">
            <altIdentifier type="other">
              <idno>Bænadikts kvæði (2)</idno>
            </altIdentifier>
            <msContents>
              <summary><title type="uniform">Bænadikts kvæði</title></summary>
              <msItem n="12.2" class="kvad">
                <locus from="37r" to="41v">pp. 73-82 (ff. 37r-41v)</locus>
                <title type="uniform">Bænadikts kvæði</title>
                <bibl>CCF 121Ca. <ref type="secondary-1" target="Foroya">Føroya Kvæði</ref>
                  <biblScope type="volume">VI</biblScope><biblScope type="pages">43-50</biblScope>
                </bibl>
              </msItem>
            </msContents>
            <physDesc>
              <objectDesc form="codex">
                <supportDesc material="chart">
                  <support>Paper.</support>
                  <extent>5. <dimensions type="leaf" scope="all">
                      <height unit="mm" quantity="216">216</height>
                      <width unit="mm" quantity="172">172</width>
                    </dimensions>
                  </extent>

                  <foliation><p>There is no foliation.</p></foliation>
                  <collation>
                    <p>
                      <list>
                        <item>I: 37+41, 38+40, 39</item>
                      </list>
                    </p>
                    <signatures>There are no signatures.</signatures>
                    <catchwords>There are no catchwords.</catchwords>
                  </collation>

                  <condition>
                    <p>The paper is in good condition.</p>
                  </condition>
                </supportDesc>

                <layoutDesc>
                  <layout columns="1" writtenLines="26 30">
                    <p>Written in a single column with 26 to 30 lines per page.</p>
                  </layout>
                </layoutDesc>

              </objectDesc>

              <handDesc hands="1">
                <handNote scribe="JohCle001" scope="sole" script="unknown">Written by <name
                    type="person" key="JohCle001">Johannes Clemensen</name>.</handNote>
              </handDesc>

            </physDesc>
          </msPart>
        </msDesc>
      </sourceDesc>
    </fileDesc>
  </teiHeader>
  <facsimile>
    <surface/>
  </facsimile>
</TEI>
