<?xml version="1.0" encoding="UTF-8"?><?oxygen RNGSchema="http://www.handrit.is/schema/handrit-1.0.rnc" type="compact"?>
<TEI xmlns="http://www.tei-c.org/ns/1.0">
   <teiHeader>
      <fileDesc>
         <titleStmt>
            <title type="main">Acc. 37</title>
         </titleStmt>
         <publicationStmt>
            <authority>Den Arnamagnæanske Samling</authority>
            <pubPlace>København</pubPlace>
         </publicationStmt>
         <sourceDesc>
            <msDesc xml:lang="en" xml:id="Acc-0037-a-en">
               <msIdentifier>
                  <country>Denmark</country>
                  <settlement>København</settlement>
                  <repository>Den Arnamagnæanske Samling</repository>
                  <idno>Acc. 37 a</idno>
               </msIdentifier>
               <msContents>
                  <summary><title>Kristian Kålund's correspondence with Björn M. Ólsen and
                        others</title></summary>
               </msContents>
               <physDesc>
                  <objectDesc form="other">
                     <supportDesc material="chart">
                        <support>Paper</support>
                        <extent>135 foliated leaves. </extent>
                        <foliation>Part one has been foliated in pencil 1-59 by <name type="person"
                              key="AgnLot001">Agnete Loth</name>. Part two has been foliated in
                           pencil 60-135 by <name type="person" key="AgnLot001">Agnete
                           Loth</name>.</foliation>
                     </supportDesc>
                  </objectDesc>
               </physDesc>
               <history>

                  <acquisition><p>From <name type="person" key="KriKaa001">Kålund's</name>
                        estate.</p>
                  <p>
                     Until 2019 the collection of Kålund's letters in <ref
                        target="#Acc-0037-a-en">Acc. 37 a</ref>, <ref target="#Acc-0037-b-en">Acc.
                           37 b</ref> and <ref target="#Acc-0037-c-en">Acc. 37 c</ref> was catalogued
                     as Acc. 37 and this is how it appears in <name type="person" key="AgnLot001"
                        >Agnete Loth's</name> unpublished catalogue. The foliation in pencil is
                     associated with <name type="person" key="AgnLot001">Agnete Loth's</name>
                     cataloging, but it is uncertain whether the division of the collection into
                     five parts is also associated with her. 
                  </p></acquisition>
               </history>
               <additional>
                  <adminInfo>
                     <recordHist>
                        <source>Catalogued on <date when="2019-01-10"/> by <name type="person"
                              key="KatKap001">Katarzyna Anna Kapitan</name>.</source>
                     </recordHist>
                  </adminInfo>
                  <surrogates>
                     <list>
                        <item>Microfilm Neg. 844 from <date when="1990-04-17"/>.</item>
                        <item>Microfilm (archive) Pos. 764 from <date when="1990-04-17"/>.</item>
                        <item>Backup film TS 1052 from <date when="2006-02-28"/>, a copy of Neg.
                           844.</item>
                     </list>
                  </surrogates>
               </additional>

               <msPart>
                  <altIdentifier type="partial">
                     <idno>Acc. 37 a I</idno>
                  </altIdentifier>
                  <msContents>
                     <summary><title>Letters from Icelanders to <name type="person" key="KriKaa001"
                              >Kristian Kålund</name></title></summary>
                     <msItem class="sendbr" n="1">
                        <locus from="1r" to="4v">1r-4v</locus>
                        <textLang mainLang="is"/>
                        <title type="supplied">Letter</title>
                        <rubric>Mataræði í sveitum á Íslandi</rubric>
                        <respStmt>
                           <resp key="rcp"/>
                           <name type="person" key="KriKaa001">Kristian Kålund</name>
                        </respStmt>
                        <respStmt>
                           <resp key="crp"/>
                           <name type="person" key="MagAnd002">Magnús Andrésson</name>
                        </respStmt>
                     </msItem>
                     <msItem class="sendbr" n="2">
                        <locus from="5r" to="6v">5r-6v</locus>
                        <textLang mainLang="is"/>
                        <title type="supplied">Letter</title>
                        <rubric>Um fjallreiðir og rjettir á Íslandi</rubric>
                        <respStmt>
                           <resp key="rcp"/>
                           <name type="person" key="KriKaa001">Kristian Kålund</name>
                        </respStmt>
                        <respStmt>
                           <resp key="crp"/>
                           <name type="person" key="MagAnd002">Magnús Andrésson</name>
                        </respStmt>
                     </msItem>
                     <msItem class="sendbr" n="3">
                        <locus from="7r" to="8r">7r-8r</locus>
                        <textLang mainLang="is"/>
                        <title type="supplied">Letter</title>
                        <note>A letter written in Reykjavík, <date when="1900-02-10"/></note>
                        <respStmt>
                           <resp key="rcp"/>
                           <name type="person" key="KriKaa001">Kristian Kålund</name>
                        </respStmt>
                        <respStmt>
                           <resp key="crp"/>
                           <name type="person" key="ThoBja008">Þórhallur Bjarnarson</name>
                        </respStmt>
                     </msItem>
                     <msItem class="sendbr" n="4">
                        <locus from="9r" to="9r">9r</locus>
                        <textLang mainLang="is"/>
                        <title type="supplied">Letter</title>
                        <note>A letter written in Gufudalur, <date when="1898-06-16"/></note>
                        <respStmt>
                           <resp key="rcp"/>
                           <name type="person" key="KriKaa001">Kristian Kålund</name>
                        </respStmt>
                        <respStmt>
                           <resp key="crp"/>
                           <name type="person" key="GudGud049">Guðmundur Guðmundsson</name>
                        </respStmt>
                     </msItem>
                     <msItem class="sendbr" n="5">
                        <locus from="10r" to="11r">10r-11r</locus>
                        <textLang mainLang="is"/>
                        <title type="supplied">Letter</title>
                        <note>A letter written in Reykjavík, <date when="1898-11-06"/></note>
                        <respStmt>
                           <resp key="rcp"/>
                           <name type="person" key="KriKaa001">Kristian Kålund</name>
                        </respStmt>
                        <respStmt>
                           <resp key="crp"/>
                           <name type="person" key="GudGud049">Guðmundur Guðmundsson</name>
                        </respStmt>
                     </msItem>
                     <msItem class="sendbr" n="6">
                        <locus from="12r" to="13r">12r-13r</locus>
                        <textLang mainLang="is"/>
                        <title type="supplied">Letter</title>
                        <note>A letter written in Gufudalur, <date when="1899-02-22"/></note>
                        <respStmt>
                           <resp key="rcp"/>
                           <name type="person" key="KriKaa001">Kristian Kålund</name>
                        </respStmt>
                        <respStmt>
                           <resp key="crp"/>
                           <name type="person" key="GudGud049">Guðmundur Guðmundsson</name>
                        </respStmt>
                     </msItem>
                     <msItem class="sendbr" n="7">
                        <locus from="14r" to="15r">14r-15r</locus>
                        <textLang mainLang="is"/>
                        <title type="supplied">Letter</title>
                        <note>A letter written in Hjardarholt, <date when="1889-07-17"/></note>
                        <respStmt>
                           <resp key="rcp"/>
                           <name type="person" key="KriKaa001">Kristian Kålund</name>
                        </respStmt>
                     </msItem>
                     <msItem class="sendbr" n="8">
                        <locus from="16r" to="16v">16r-16v</locus>
                        <textLang mainLang="da"/>
                        <title type="supplied">Letter</title>
                        <note>A letter written in Reykjavík, <date when="1911-08-19"/></note>
                        <respStmt>
                           <resp key="rcp"/>
                           <name type="person" key="KriKaa001">Kristian Kålund</name>
                        </respStmt>
                        <respStmt>
                           <resp key="crp"/>
                           <name type="person" key="JonJac001">Jón Jakobsson</name>
                        </respStmt>
                     </msItem>
                     <msItem class="sendbr" n="9">
                        <locus from="17r" to="17v">17r-17v</locus>
                        <textLang mainLang="da"/>
                        <title type="supplied">Postcard</title>
                        <respStmt>
                           <resp key="rcp"/>
                           <name type="person" key="KriKaa001">Kristian Kålund</name>
                        </respStmt>
                     </msItem>
                     <msItem class="sendbr" n="10">
                        <locus from="18r" to="18v">18r-18v</locus>
                        <textLang mainLang="da"/>
                        <title type="supplied">Letter</title>
                        <note>A letter written in Reykjavík, <date when="1911-07-22"/></note>
                        <respStmt>
                           <resp key="rcp"/>
                           <name type="person" key="KriKaa001">Kristian Kålund</name>
                        </respStmt>
                        <respStmt>
                           <resp key="crp"/>
                           <name type="person">Jón Jónsson</name>
                        </respStmt>
                     </msItem>
                     <msItem class="sendbr" n="11">
                        <locus from="19r" to="20r">19r-20r</locus>
                        <textLang mainLang="is"/>
                        <title type="supplied">Letter</title>
                        <note>A letter written in Cambridge, <date when="1901-10-12"/></note>
                        <respStmt>
                           <resp key="rcp"/>
                           <name type="person" key="KriKaa001">Kristian Kålund</name>
                        </respStmt>
                        <respStmt>
                           <resp key="crp"/>
                           <name type="person" key="EirMag002">Eiríkur Magnússon</name>
                        </respStmt>
                     </msItem>
                     <msItem class="sendbr" n="12">
                        <locus from="21r" to="22v">21r-22v</locus>
                        <textLang mainLang="is"/>
                        <title type="supplied">Letter</title>
                        <note>A letter written in Cambridge, <date when="1901-12-06"/></note>
                        <respStmt>
                           <resp key="rcp"/>
                           <name type="person" key="KriKaa001">Kristian Kålund</name>
                        </respStmt>
                        <respStmt>
                           <resp key="crp"/>
                           <name type="person" key="EirMag002">Eiríkur Magnússon</name>
                        </respStmt>
                     </msItem>
                     <msItem class="sendbr" n="13">
                        <locus from="23r" to="28v">23r-28v</locus>
                        <textLang mainLang="is"/>
                        <title type="supplied">Letter</title>
                        <note>A letter written in Cambridge, <date when="1902-02-04"/></note>
                        <respStmt>
                           <resp key="rcp"/>
                           <name type="person" key="KriKaa001">Kristian Kålund</name>
                        </respStmt>
                        <respStmt>
                           <resp key="crp"/>
                           <name type="person" key="EirMag002">Eiríkur Magnússon</name>
                        </respStmt>
                        <note>A letter from Eiríkur Magnússon followed by four pages of
                           transcription of some text.</note>
                     </msItem>
                     <msItem class="sendbr" n="14">
                        <locus from="29r" to="30v">29r-30v</locus>
                        <textLang mainLang="is"/>
                        <title type="supplied">Letter</title>
                        <note>A letter written in Cambridge, <date when="1908-01-15"/></note>
                        <respStmt>
                           <resp key="rcp"/>
                           <name type="person" key="KriKaa001">Kristian Kålund</name>
                        </respStmt>
                        <respStmt>
                           <resp key="crp"/>
                           <name type="person" key="EirMag002">Eiríkur Magnússon</name>
                        </respStmt>
                     </msItem>
                     <msItem class="sendbr" n="15">
                        <locus from="31r" to="32r">31r-32v</locus>
                        <textLang mainLang="da"/>
                        <title type="supplied">Letter</title>
                        <note>A letter written in Oxford, <date when="1917-10-03"/></note>
                        <respStmt>
                           <resp key="rcp"/>
                           <name type="person" key="KriKaa001">Kristian Kålund</name>
                        </respStmt>
                        <respStmt>
                           <resp key="crp"/>
                           <name type="person" key="SigNor001">Sigurður Nordal</name>
                        </respStmt>
                     </msItem>
                     <msItem class="sendbr" n="16">
                        <locus from="33r" to="33v">33r-33v</locus>
                        <textLang mainLang="da"/>
                        <title type="supplied">Letter</title>
                        <note>A letter written in Oxford, <date when="1917-08-03"/></note>
                        <respStmt>
                           <resp key="rcp"/>
                           <name type="person" key="KriKaa001">Kristian Kålund</name>
                        </respStmt>
                        <respStmt>
                           <resp key="crp"/>
                           <name type="person" key="SigNor001">Sigurður Nordal</name>
                        </respStmt>
                     </msItem>
                     <msItem class="sendbr" n="17">
                        <locus from="34r" to="35r">34r-35r</locus>
                        <textLang mainLang="is"/>
                        <title type="supplied">Letter</title>
                        <note>A letter written <date when="1917-09-08"/></note>
                        <respStmt>
                           <resp key="rcp"/>
                           <name type="person" key="SigNor001">Sigurður Nordal</name>
                        </respStmt>
                        <respStmt>
                           <resp key="crp"/>
                           <name type="person" key="KriKaa001">Kristian Kålund</name>
                        </respStmt>
                     </msItem>
                     <msItem class="sendbr" n="18">
                        <locus from="36r" to="37v">36r-37v</locus>
                        <textLang mainLang="is"/>
                        <title type="supplied">Letter</title>
                        <note>A letter written <date when="1987-02-16"/></note>
                        <respStmt>
                           <resp key="rcp"/>
                           <name type="person" key="KriKaa001">Kristian Kålund</name>
                        </respStmt>
                        <respStmt>
                           <resp key="crp"/>
                           <name type="person" key="PalPal004">Pálmi Pálsson</name>
                        </respStmt>
                     </msItem>
                     <msItem class="sendbr" n="19">
                        <locus from="39r" to="39v">39r-39v</locus>
                        <textLang mainLang="is"/>
                        <title type="supplied">Letter</title>
                        <note>A letter written in Reykjavík <date when="1892-03-18"/></note>
                        <respStmt>
                           <resp key="rcp"/>
                           <name type="person" key="KriKaa001">Kristian Kålund</name>
                        </respStmt>
                        <respStmt>
                           <resp key="crp"/>
                           <name type="person" key="PalPal004">Pálmi Pálsson</name>
                        </respStmt>
                     </msItem>
                     <msItem class="sendbr" n="20">
                        <locus from="40r" to="43r">40r-43v</locus>
                        <textLang mainLang="is"/>
                        <title type="supplied">Letter</title>
                        <note>A letter written in Reykjavík <date when="1900-03-27"/></note>
                        <respStmt>
                           <resp key="rcp"/>
                           <name type="person" key="KriKaa001">Kristian Kålund</name>
                        </respStmt>
                        <respStmt>
                           <resp key="crp"/>
                           <name type="person" key="PalPal004">Pálmi Pálsson</name>
                        </respStmt>
                     </msItem>
                     <msItem class="sendbr" n="21">
                        <locus from="44r" to="45v">44r-45v</locus>
                        <textLang mainLang="is"/>
                        <title type="supplied">Letter</title>
                        <note>A letter written in Reykjavík <date when="1902-07-10"/></note>
                        <respStmt>
                           <resp key="rcp"/>
                           <name type="person" key="KriKaa001">Kristian Kålund</name>
                        </respStmt>
                        <respStmt>
                           <resp key="crp"/>
                           <name type="person" key="PalPal004">Pálmi Pálsson</name>
                        </respStmt>
                     </msItem>
                     <msItem class="sendbr" n="22">
                        <locus from="46r" to="47v">46r-47v</locus>
                        <textLang mainLang="is"/>
                        <title type="supplied">Letter</title>
                        <note>A letter written in Reykjavík on the first day of winter of <date
                              when="1903"/></note>
                        <respStmt>
                           <resp key="rcp"/>
                           <name type="person" key="KriKaa001">Kristian Kålund</name>
                        </respStmt>
                        <respStmt>
                           <resp key="crp"/>
                           <name type="person" key="PalPal004">Pálmi Pálsson</name>
                        </respStmt>
                     </msItem>
                     <msItem class="sendbr" n="23">
                        <locus from="48r" to="49v">48r-49v</locus>
                        <textLang mainLang="is"/>
                        <title type="supplied">Letter</title>
                        <note>A letter written in Reykjavík <date when="1911-11-21"/></note>
                        <respStmt>
                           <resp key="rcp"/>
                           <name type="person" key="KriKaa001">Kristian Kålund</name>
                        </respStmt>
                        <respStmt>
                           <resp key="crp"/>
                           <name type="person" key="PalPal004">Pálmi Pálsson</name>
                        </respStmt>
                     </msItem>
                     <msItem class="sendbr" n="24">
                        <locus from="50r" to="50r">50r</locus>
                        <title type="supplied">Notes</title>
                        <note>A small slip of paper with notes in Kålund's hand.</note>
                     </msItem>
                     <msItem class="sendbr" n="25">
                        <locus from="51r" to="52r">51r-52r</locus>
                        <textLang mainLang="is"/>
                        <title type="supplied">Letter</title>
                        <note>A letter written in Reykjavík <date when="1912-02-18"/></note>
                        <respStmt>
                           <resp key="rcp"/>
                           <name type="person" key="KriKaa001">Kristian Kålund</name>
                        </respStmt>
                        <respStmt>
                           <resp key="crp"/>
                           <name type="person" key="PalPal004">Pálmi Pálsson</name>
                        </respStmt>
                     </msItem>
                     <msItem class="sendbr" n="26">
                        <locus from="53r" to="53v">53r-53v</locus>
                        <textLang mainLang="da"/>
                        <title type="supplied">Letter</title>
                        <note>A letter written in London, n.d.</note>
                        <respStmt>
                           <resp key="rcp"/>
                           <name type="person" key="KriKaa001">Kristian Kålund</name>
                        </respStmt>
                        <respStmt>
                           <resp key="crp"/>
                           <name type="person" key="JonSte028">Jón Stefánson</name>
                        </respStmt>
                     </msItem>
                     <msItem class="sendbr" n="27">
                        <locus from="54r" to="55r">54r-55r</locus>
                        <textLang mainLang="is"/>
                        <title type="supplied">Letter</title>
                        <note>A letter written in Reykjavík <date when="1883-03-22"/></note>
                        <respStmt>
                           <resp key="rcp"/>
                           <name type="person" key="KriKaa001">Kristian Kålund</name>
                        </respStmt>
                        <respStmt>
                           <resp key="crp"/>
                           <name type="person" key="JonTho010">Jón Þorkelsson</name>
                        </respStmt>
                     </msItem>
                     <msItem class="sendbr" n="28">
                        <locus from="56r" to="57v">56r-57v</locus>
                        <textLang mainLang="is"/>
                        <title type="supplied">Letter</title>
                        <note>A letter written in Reykjavík <date when="1908-02-12"/></note>
                        <respStmt>
                           <resp key="rcp"/>
                           <name type="person" key="KriKaa001">Kristian Kålund</name>
                        </respStmt>
                        <respStmt>
                           <resp key="crp"/>
                           <name type="person" key="JonTho010">Jón Þorkelsson</name>
                        </respStmt>
                     </msItem>
                     <msItem class="sendbr" n="28">
                        <locus from="58r" to="59r">58r-59r</locus>
                        <textLang mainLang="is"/>
                        <title type="supplied">Notes</title>
                        <note>Notes written by <name type="person" key="JonTho010">Jón
                              Þorkelsson</name></note>
                     </msItem>
                  </msContents>
                  <physDesc>
                     <bindingDesc>
                        <binding>
                           <p>Loose leaves were put together into a pile held together by a slip of
                              yellow rulled paper, which was glued together to make a sleeve. On the
                              sleve the text is written in black ink <q>Breve fra Islendere <lb/>
                                 til <lb/> Kr. Kaalund.</q></p>
                        </binding>
                     </bindingDesc>
                  </physDesc>
               </msPart>
               <msPart>
                  <altIdentifier type="partial">
                     <idno>Acc. 37 a II</idno>
                  </altIdentifier>
                  <msContents>
                     <summary><title><name type="person" key="KriKaa001">Kristian Kålund's</name>
                           correspondence with <name type="person" key="BjoMag009">Björn M.
                              Ólsen</name></title></summary>
                     <msItem class="sendbr" n="29">
                        <locus from="60r" to="61r">60r-61r</locus>
                        <textLang mainLang="da"/>
                        <title type="supplied">Letter</title>
                        <note>A letter written in Reykjavík, <date when="1884-09-01"/></note>
                        <respStmt>
                           <resp key="rcp"/>
                           <name type="person" key="KriKaa001">Kristian Kålund</name>
                        </respStmt>
                        <respStmt>
                           <resp key="crp"/>
                           <name type="person" key="BjoMag009">Björn M. Ólsen</name>
                        </respStmt>
                     </msItem>
                     <msItem class="sendbr" n="30">
                        <locus from="62r" to="65v">62r-65v</locus>
                        <textLang mainLang="da"/>
                        <title type="supplied">Letter</title>
                        <note>A letter written in Reykjavík, <date when="1885-03-17"/></note>
                        <respStmt>
                           <resp key="rcp"/>
                           <name type="person" key="KriKaa001">Kristian Kålund</name>
                        </respStmt>
                        <respStmt>
                           <resp key="crp"/>
                           <name type="person" key="BjoMag009">Björn M. Ólsen</name>
                        </respStmt>
                     </msItem>
                     <msItem class="sendbr" n="31">
                        <locus from="66r" to="69v">66r-69v</locus>
                        <textLang mainLang="da"/>
                        <title type="supplied">Letter</title>
                        <note>A letter written in Reykjavík, <date when="1887-02-06"/></note>
                        <respStmt>
                           <resp key="rcp"/>
                           <name type="person" key="KriKaa001">Kristian Kålund</name>
                        </respStmt>
                        <respStmt>
                           <resp key="crp"/>
                           <name type="person" key="BjoMag009">Björn M. Ólsen</name>
                        </respStmt>
                     </msItem>
                     <msItem class="sendbr" n="32">
                        <locus from="70r" to="71v">70r-71v</locus>
                        <textLang mainLang="da"/>
                        <title type="supplied">Letter</title>
                        <note>A letter written in Reykjavík, <date when="1887-03-20"/></note>
                        <respStmt>
                           <resp key="rcp"/>
                           <name type="person" key="KriKaa001">Kristian Kålund</name>
                        </respStmt>
                        <respStmt>
                           <resp key="crp"/>
                           <name type="person" key="BjoMag009">Björn M. Ólsen</name>
                        </respStmt>
                     </msItem>
                     <msItem class="sendbr" n="33">
                        <locus from="72r" to="73v"/>
                        <textLang mainLang="da"/>
                        <title type="supplied">Letter</title>
                        <note>A letter written in Reykjavík, <date when="1887-05-20"/></note>
                        <respStmt>
                           <resp key="rcp"/>
                           <name type="person" key="KriKaa001">Kristian Kålund</name>
                        </respStmt>
                        <respStmt>
                           <resp key="crp"/>
                           <name type="person" key="BjoMag009">Björn M. Ólsen</name>
                        </respStmt>
                     </msItem>
                     <msItem class="sendbr" n="34">
                        <locus from="74r" to="75v">74r-75v</locus>
                        <textLang mainLang="da"/>
                        <title type="supplied">Letter</title>
                        <note>A letter written in Seyðisfjörður, <date when="1887-09-14"/></note>
                        <respStmt>
                           <resp key="rcp"/>
                           <name type="person" key="KriKaa001">Kristian Kålund</name>
                        </respStmt>
                        <respStmt>
                           <resp key="crp"/>
                           <name type="person" key="BjoMag009">Björn M. Ólsen</name>
                        </respStmt>
                     </msItem>
                     <msItem class="sendbr" n="35">
                        <locus from="76r" to="78r">76r-78r</locus>
                        <textLang mainLang="da"/>
                        <title type="supplied">Letter</title>
                        <note>A letter written in Reykjavík, <date when="1894-02-03"/></note>
                        <respStmt>
                           <resp key="rcp"/>
                           <name type="person" key="KriKaa001">Kristian Kålund</name>
                        </respStmt>
                        <respStmt>
                           <resp key="crp"/>
                           <name type="person" key="BjoMag009">Björn M. Ólsen</name>
                        </respStmt>
                     </msItem>
                     <msItem class="sendbr" n="36">
                        <locus from="79r" to="81v">79r-81v</locus>
                        <textLang mainLang="da"/>
                        <title type="supplied">Letter</title>
                        <note>A letter written in Reykjavík, <date when="1894-05-12"/></note>
                        <respStmt>
                           <resp key="rcp"/>
                           <name type="person" key="KriKaa001">Kristian Kålund</name>
                        </respStmt>
                        <respStmt>
                           <resp key="crp"/>
                           <name type="person" key="BjoMag009">Björn M. Ólsen</name>
                        </respStmt>
                     </msItem>
                     <msItem class="sendbr" n="37">
                        <locus from="82r" to="82v">82r-82v</locus>
                        <textLang mainLang="da"/>
                        <title type="supplied">Letter</title>
                        <note>A letter written in Reykjavík, <date when="1894-10-18"/></note>
                        <respStmt>
                           <resp key="rcp"/>
                           <name type="person" key="KriKaa001">Kristian Kålund</name>
                        </respStmt>
                        <respStmt>
                           <resp key="crp"/>
                           <name type="person" key="BjoMag009">Björn M. Ólsen</name>
                        </respStmt>
                     </msItem>
                     <msItem class="sendbr" n="38">
                        <locus from="83r" to="84v">83r-84v</locus>
                        <textLang mainLang="da"/>
                        <title type="supplied">Letter</title>
                        <note>A letter written in Reykjavík, <date when="1898-04-28"/></note>
                        <respStmt>
                           <resp key="rcp"/>
                           <name type="person" key="KriKaa001">Kristian Kålund</name>
                        </respStmt>
                        <respStmt>
                           <resp key="crp"/>
                           <name type="person" key="BjoMag009">Björn M. Ólsen</name>
                        </respStmt>

                     </msItem>
                     <msItem class="sendbr" n="39">
                        <locus from="85r" to="87v">85r-87v</locus>
                        <textLang mainLang="da"/>
                        <title type="supplied">Letter</title>
                        <note>A letter written in Reykjavík, <date when="1900-02-11"/></note>
                        <respStmt>
                           <resp key="rcp"/>
                           <name type="person" key="KriKaa001">Kristian Kålund</name>
                        </respStmt>
                        <respStmt>
                           <resp key="crp"/>
                           <name type="person" key="BjoMag009">Björn M. Ólsen</name>
                        </respStmt>
                     </msItem>
                     <msItem class="sendbr" n="40">
                        <locus from="88r" to="89v">88r-89v</locus>
                        <textLang mainLang="da"/>
                        <title type="supplied">Letter</title>
                        <note>A letter written in Reykjavík, <date when="1901-10-24"/></note>
                        <respStmt>
                           <resp key="rcp"/>
                           <name type="person" key="KriKaa001">Kristian Kålund</name>
                        </respStmt>
                        <respStmt>
                           <resp key="crp"/>
                           <name type="person" key="BjoMag009">Björn M. Ólsen</name>
                        </respStmt>
                     </msItem>
                     <msItem class="sendbr" n="41">
                        <locus from="90r" to="91v">90r-91v</locus>
                        <textLang mainLang="da"/>
                        <title type="supplied">Letter</title>
                        <note>A letter written in Reykjavík, <date when="1902-04-27"/></note>
                        <respStmt>
                           <resp key="rcp"/>
                           <name type="person" key="KriKaa001">Kristian Kålund</name>
                        </respStmt>
                        <respStmt>
                           <resp key="crp"/>
                           <name type="person" key="BjoMag009">Björn M. Ólsen</name>
                        </respStmt>
                     </msItem>
                     <msItem class="sendbr" n="42">
                        <locus from="92r" to="93r">92r-93r</locus>
                        <textLang mainLang="da"/>
                        <title type="supplied">Letter</title>
                        <note>A letter written in Reykjavík, <date when="1903-12-02"/></note>
                        <respStmt>
                           <resp key="rcp"/>
                           <name type="person" key="KriKaa001">Kristian Kålund</name>
                        </respStmt>
                        <respStmt>
                           <resp key="crp"/>
                           <name type="person" key="BjoMag009">Björn M. Ólsen</name>
                        </respStmt>
                     </msItem>

                     <msItem class="sendbr" n="43">
                        <locus from="94r" to="95v">94r-95v</locus>
                        <textLang mainLang="da"/>
                        <title type="supplied">Letter</title>
                        <note>Three letters written in Reykjavík, on <date when="1904-01-26"/>,
                              <date when="1904-02-04"/>, and <date when="1904-02-09"/>. The last
                           letter informs about <name type="person" key="JonTho009">Jón
                              Þorkelsson</name>'s (rector) death.</note>
                        <respStmt>
                           <resp key="rcp"/>
                           <name type="person" key="KriKaa001">Kristian Kålund</name>
                        </respStmt>
                        <respStmt>
                           <resp key="crp"/>
                           <name type="person" key="BjoMag009">Björn M. Ólsen</name>
                        </respStmt>
                     </msItem>
                     <msItem class="sendbr" n="44">
                        <locus from="96r" to="98r">96r-98r</locus>
                        <textLang mainLang="da"/>
                        <title type="supplied">Letter</title>
                        <note>A letter written in Reykjavík, <date when="1904-04-04"/> including a
                           map of the estuary of Víðidalsá.</note>
                        <respStmt>
                           <resp key="rcp"/>
                           <name type="person" key="KriKaa001">Kristian Kålund</name>
                        </respStmt>
                        <respStmt>
                           <resp key="crp"/>
                           <name type="person" key="BjoMag009">Björn M. Ólsen</name>
                        </respStmt>
                     </msItem>
                     <msItem class="sendbr" n="45">
                        <locus from="99r" to="99v">99r-99v</locus>
                        <textLang mainLang="da"/>
                        <title type="supplied">Letter</title>
                        <note>A letter written in Reykjavík, <date when="1904-06-12"/></note>
                        <respStmt>
                           <resp key="rcp"/>
                           <name type="person" key="KriKaa001">Kristian Kålund</name>
                        </respStmt>
                        <respStmt>
                           <resp key="crp"/>
                           <name type="person" key="BjoMag009">Björn M. Ólsen</name>
                        </respStmt>
                     </msItem>
                     <msItem class="sendbr" n="46">
                        <locus from="100r" to="101r">100r-101r</locus>
                        <textLang mainLang="da"/>
                        <title type="supplied">Letter</title>
                        <note>A letter written in Reykjavík, <date when="1904-11-10"/></note>
                        <respStmt>
                           <resp key="rcp"/>
                           <name type="person" key="KriKaa001">Kristian Kålund</name>
                        </respStmt>
                        <respStmt>
                           <resp key="crp"/>
                           <name type="person" key="BjoMag009">Björn M. Ólsen</name>
                        </respStmt>
                     </msItem>
                     <msItem class="sendbr" n="47">
                        <locus from="102r" to="102r">102r</locus>
                        <title type="supplied">Notes</title>
                        <textLang mainLang="is"/>
                     </msItem>
                     <msItem class="sendbr" n="48">
                        <locus from="103r" to="105r">103r-105r</locus>
                        <textLang mainLang="da"/>
                        <title type="supplied">Letter</title>
                        <note>A letter written in Reykjavík, <date when="1905-01-23"/></note>
                        <respStmt>
                           <resp key="rcp"/>
                           <name type="person" key="KriKaa001">Kristian Kålund</name>
                        </respStmt>
                        <respStmt>
                           <resp key="crp"/>
                           <name type="person" key="BjoMag009">Björn M. Ólsen</name>
                        </respStmt>
                     </msItem>
                     <msItem class="sendbr" n="49">
                        <locus from="106r" to="110r">106r-110r</locus>
                        <textLang mainLang="da"/>
                        <title type="supplied">Letter</title>
                        <note>A letter written in Reykjavík, <date when="1906-03-16"/></note>
                        <respStmt>
                           <resp key="rcp"/>
                           <name type="person" key="KriKaa001">Kristian Kålund</name>
                        </respStmt>
                        <respStmt>
                           <resp key="crp"/>
                           <name type="person" key="BjoMag009">Björn M. Ólsen</name>
                        </respStmt>
                     </msItem>
                     <msItem class="sendbr" n="50">
                        <locus from="111r" to="111r">111r</locus>
                        <title type="supplied">Note</title>
                        <textLang mainLang="da"/>
                        <note>A note wiritten by <name type="person" key="BjoMag009">Björn M.
                              Ólsen</name> on <title type="uniform"
                           >Reykjaholtsmáldagi</title>.</note>
                     </msItem>
                     <msItem class="sendbr" n="51">
                        <locus from="112r" to="112v">112r-112v</locus>
                        <title type="supplied">Note</title>
                        <textLang mainLang="da"/>
                        <note>A note wiritten by <name type="person" key="KriKaa001">Kristian
                              Kålund</name> on <title type="uniform"
                           >Reykjaholtsmáldagi</title>.</note>
                     </msItem>
                     <msItem class="sendbr" n="52">
                        <locus from="113r" to="116v">113r-116v</locus>
                        <textLang mainLang="da"/>
                        <title type="supplied">Letter</title>
                        <note>A letter written in Reykjavík, <date when="1907-04-25"/></note>
                        <respStmt>
                           <resp key="rcp"/>
                           <name type="person" key="KriKaa001">Kristian Kålund</name>
                        </respStmt>
                        <respStmt>
                           <resp key="crp"/>
                           <name type="person" key="BjoMag009">Björn M. Ólsen</name>
                        </respStmt>
                     </msItem>
                     <msItem class="sendbr" n="53">
                        <locus from="117r" to="120v">117r-120v</locus>
                        <textLang mainLang="da"/>
                        <title type="supplied">Letter</title>
                        <note>A letter written in Reykjavík, <date when="1908-12-14"/></note>
                        <respStmt>
                           <resp key="rcp"/>
                           <name type="person" key="KriKaa001">Kristian Kålund</name>
                        </respStmt>
                        <respStmt>
                           <resp key="crp"/>
                           <name type="person" key="BjoMag009">Björn M. Ólsen</name>
                        </respStmt>
                     </msItem>
                     <msItem class="sendbr" n="54">
                        <locus from="121r" to="122v">121r-122v</locus>
                        <textLang mainLang="da"/>
                        <title type="supplied">Letter</title>
                        <note>A letter written in Reykjavík, <date when="1909-02-18"/></note>
                        <respStmt>
                           <resp key="rcp"/>
                           <name type="person" key="KriKaa001">Kristian Kålund</name>
                        </respStmt>
                        <respStmt>
                           <resp key="crp"/>
                           <name type="person" key="BjoMag009">Björn M. Ólsen</name>
                        </respStmt>
                     </msItem>
                     <msItem class="sendbr" n="55">
                        <locus from="123r" to="124r">123r-124r</locus>
                        <textLang mainLang="da"/>
                        <title type="supplied">Letter</title>
                        <note>A letter written in Reykjavík, <date when="1909-02-27"/></note>
                        <respStmt>
                           <resp key="rcp"/>
                           <name type="person" key="KriKaa001">Kristian Kålund</name>
                        </respStmt>
                        <respStmt>
                           <resp key="crp"/>
                           <name type="person" key="BjoMag009">Björn M. Ólsen</name>
                        </respStmt>
                     </msItem>
                     <msItem class="sendbr" n="56">
                        <locus from="125r" to="128r">125r-128r</locus>
                        <textLang mainLang="da"/>
                        <title type="supplied">Letter</title>
                        <note>A letter written in Reykjavík, <date when="1910-05-17"/></note>
                        <respStmt>
                           <resp key="rcp"/>
                           <name type="person" key="KriKaa001">Kristian Kålund</name>
                        </respStmt>
                        <respStmt>
                           <resp key="crp"/>
                           <name type="person" key="BjoMag009">Björn M. Ólsen</name>
                        </respStmt>
                     </msItem>
                     <msItem class="sendbr" n="57">
                        <locus from="129r" to="129v">129r-120v</locus>
                        <textLang mainLang="da"/>
                        <title type="supplied">Notes</title>
                     </msItem>
                     <msItem class="sendbr" n="58">
                        <locus from="130r" to="130v">130r-130v</locus>
                        <textLang mainLang="da"/>
                        <title type="supplied">Letter</title>
                        <note>A letter written in Reykjavík, <date when="1914-09-14"/></note>
                        <respStmt>
                           <resp key="rcp"/>
                           <name type="person" key="KriKaa001">Kristian Kålund</name>
                        </respStmt>
                        <respStmt>
                           <resp key="crp"/>
                           <name type="person" key="BjoMag009">Björn M. Ólsen</name>
                        </respStmt>
                     </msItem>
                     <msItem class="sendbr" n="59">
                        <locus from="131r" to="131v">131r-131v</locus>
                        <textLang mainLang="da"/>
                        <title type="supplied">Letter</title>
                        <note>A letter written in Reykjavík, <date when="1911-06-19"/></note>
                        <respStmt>
                           <resp key="rcp"/>
                           <name type="person" key="KriKaa001">Kristian Kålund</name>
                        </respStmt>
                        <respStmt>
                           <resp key="crp"/>
                           <name type="person" key="BjoMag009">Björn M. Ólsen</name>
                        </respStmt>
                     </msItem>
                     <msItem class="sendbr" n="60">
                        <locus from="132r" to="133v">132r-133v</locus>
                        <textLang mainLang="da"/>
                        <title type="supplied">Notes</title>
                        <note>In <name type="person" key="KriKaa001">Kristian Kålund's</name>
                           hand.</note>
                     </msItem>
                     <msItem class="sendbr" n="61">
                        <locus from="134r" to="134r">134r</locus>
                        <textLang mainLang="da"/>
                        <title type="supplied">Notes</title>
                        <note>In <name type="person" key="BjoMag009">Björn M. Ólsen's</name> hand.
                        </note>
                     </msItem>
                     <msItem class="sendbr" n="62">
                        <locus from="135r" to="135v">135r-135v</locus>
                        <textLang mainLang="da"/>
                        <title type="supplied">Letter</title>
                        <note>A letter written in Reykjavík, <date when="1914-12-23"/></note>
                        <respStmt>
                           <resp key="rcp"/>
                           <name type="person" key="KriKaa001">Kristian Kålund</name>
                        </respStmt>
                        <respStmt>
                           <resp key="crp"/>
                           <name type="person" key="BjoMag009">Björn M. Ólsen</name>
                        </respStmt>
                     </msItem>
                  </msContents>
                  <physDesc>
                     <bindingDesc>
                        <binding>
                           <p>Loose leaves were put together into a pile held together by a slip of
                              yellowe rulled paper, which was glued together to make a sleeve. On
                              the sleve the text is written in black ink <q>Bjórn M. Ólsen.</q></p>
                        </binding>
                     </bindingDesc>
                  </physDesc>
               </msPart>
            </msDesc>
         </sourceDesc>
      </fileDesc>
      <revisionDesc>
         <change>
            <date when="2019-01-09"/>
            <name type="person" key="KatKap001"/> Cataloging </change>
         <change>
            <date when="2019-01-10"/>
            <name type="person" key="KatKap001"/> Cataloging </change>
         <change>
            <date when="2019-01-11"/>
            <name type="person" key="KatKap001"/> surrogates </change>
         <change>
            <date when="2019-03-28"/>
            <name type="person" key="KatKap001"/> history </change>
      </revisionDesc>
   </teiHeader>
   <facsimile>
      <surface/>
   </facsimile>
</TEI>
