<?xml version="1.0" encoding="UTF-8"?><?oxygen RNGSchema="http://www.handrit.is/schema/handrit-1.0.rnc" type="compact"?><TEI xmlns="http://www.tei-c.org/ns/1.0">
   <teiHeader>
      <fileDesc>
         <titleStmt>
            <title type="main">Acc. 24</title>
         </titleStmt>
         <publicationStmt>
            <authority>Den Arnamagnæanske Samling</authority>
            <pubPlace>København</pubPlace>
         </publicationStmt>
         <sourceDesc><msDesc xml:lang="en" xml:id="Acc-0024-en">
               <msIdentifier>
                  <country>Denmark</country>
                  <settlement>København</settlement>
                  <repository>Den Arnamagnæanske Samling</repository>
                  <idno>Acc. 24</idno>
                  <altIdentifier type="internal" subtype="KKKat">
                     <idno/>
                  </altIdentifier>
               </msIdentifier>
            <msContents>
               <summary><title>Photographs of Holm. Papp. 4to nr. 18 from the Royal Library in Stockholm</title></summary>
            </msContents>
            <physDesc>
               <objectDesc form="codex">
                  <supportDesc material="chart">
                     <support>Paper.                         
                     </support>
                     <extent>iii + 54 + iii.</extent>
                  </supportDesc>
               </objectDesc>
               <bindingDesc>
                  <binding contemporary="true" notBefore="1900" notAfter="1919">
                     <p>Half-bound at the begining of the 20th cent. </p>
                     <p>Leather spine with glided embossed title <q>Bibl. Reg. Holm. <lb/> Cod. Island. <lb/> 18. 4o</q> and <q>A. M. L.</q> on the foot of the spine.</p>
                  </binding>
               </bindingDesc>
            </physDesc>
            <history>
               <origin notBefore="1900" notAfter="1919" cert="low" evidence="conjecture"/>                    
               <acquisition>
                  <p>These photographs of <ref type="ms" target="#HolmPerg04-0018-is">Holm. Perg. 4to nr. 18</ref> had to be acquired by <orgName key="AMS">The Arnamagnæan Institute</orgName> in <name
                     type="place" key="Copen01">Copenhagen</name> before <date when="1919">1919</date>, since this shelfmark is registered by 
                     <name type="person" key="KriKaa001">Kålund</name> in the handwritten catalogue of the Accessoria collection as preserved in <ref target="#AM02-0478-en">AM 478 fol.</ref> (fol. 56v).</p>
               </acquisition>
            </history>
            <additional>
               <adminInfo>
                  <recordHist>
                     <source>
                        <p>Catalogued on <date when="2019-02-01"/> by 
                           <name type="person" key="KatKap001">Katarzyna Anna Kapitan</name>.</p>
                     </source>
                  </recordHist>
               </adminInfo>
               <surrogates>
                  <p>
                     <list>
                       <item>No surrogates.</item>
                     </list>
                  </p>
               </surrogates>
            </additional>
            </msDesc>
         </sourceDesc>
      </fileDesc>
      <revisionDesc>
         <change>
            <date when="2019-01-31"/>
            <name type="person" key="KatKap001"/>
            Cataloging. 
         </change>
      </revisionDesc>
   </teiHeader>
   <facsimile>
      <surface/>
   </facsimile>
</TEI>