<?xml version="1.0" encoding="UTF-8"?>
<?oxygen RNGSchema="http://www.handrit.is/schema/handrit-1.0.rnc" type="compact"?>
<TEI xmlns="http://www.tei-c.org/ns/1.0">
	<teiHeader>
		<fileDesc>
			<titleStmt>
				<title type="main">Dagbók Alþingis 1871</title>
				<title type="subordinate">Dagbók Alþingis, Ísland, 1871</title>
			</titleStmt>
			<publicationStmt>
				<authority>Landsbókasafn Íslands - Háskólabókasafn</authority>
				<pubPlace>Reykjavík</pubPlace>
				<date when="2021-03-25">25. mars 2021</date>
				<availability status="restricted">
					<p>Aðgangur aðeins mögulegur í fræðilegum tilgangi.</p>
				</availability>
			</publicationStmt>
			<sourceDesc>
				<msDesc xml:id="Althingismal-C1871-is" xml:lang="is">
					<msIdentifier>
						<country key="IS">Ísland</country>
						<settlement>Reykjavík</settlement>
						<institution>Alþingi Íslendinga</institution>
						<repository>Skjalasafn Alþingis</repository>
						<collection>C. Alþingismál</collection>
						<idno>Alþingismál 1871</idno>
						<altIdentifier type="internal">
							<idno>C1871</idno>
						</altIdentifier>
					</msIdentifier>

					<msContents>
						<textLang mainLang="is">Íslenska</textLang>
						<msItem defective="false" class="stjornmal">
							<title type="supplied">Dagbók Alþingis 1871</title>
						
						</msItem>
					</msContents>
					<physDesc>
						<objectDesc form="codex">
							<supportDesc material="chart">
								<support>
									<p>Pappír.</p>
								</support>
								<extent>i + 1131 + i blöð. Margvíslegt brot.</extent>
							</supportDesc>
						</objectDesc>
						<handDesc hands="9">
							<summary>Margar hendur.</summary>
							<handNote scope="sole" script="other"/>
						</handDesc>
					</physDesc>
					<history>
						<origin>
							<origPlace>Ísland</origPlace>
							<origDate cert="high" when="1871">1871.</origDate>
						</origin>
					</history>
					<additional>
						<adminInfo>
							<recordHist>
								<source>
									<p><name type="person" key="HalKri001">Halldóra Kristinsdóttir</name>
										skráði fyrir myndatöku, <date when="2021-03-25">25. mars 2021</date>.</p>
								</source>
							</recordHist>
							<custodialHist>
								<custEvent type="check">
									<p></p>
								</custEvent>
								<custEvent type="photography">
									<p></p>
								</custEvent>
							</custodialHist>
						</adminInfo>
						<surrogates>
							<p></p>
						</surrogates>
					</additional>
				</msDesc>
			</sourceDesc>
		</fileDesc>
	</teiHeader>
	<facsimile xml:base="http://www.ImageDirectory.is">
		<surface> </surface>
	</facsimile>
</TEI>