<?xml version="1.0" encoding="UTF-8"?>
<?oxygen RNGSchema="http://www.handrit.is/schema/handrit-1.0.rnc" type="compact"?>
<TEI xmlns="http://www.tei-c.org/ns/1.0">
   <teiHeader>
      <fileDesc>
         <titleStmt>
            <title>Handritaskrá Árnastofnunar</title>
         </titleStmt>
         <publicationStmt>
            <p>Tilraunaútgáfa</p>
         </publicationStmt>
         <sourceDesc>
            <msDesc xml:lang="is" xml:id="AM02-0145-is">
               <msIdentifier>
                  <country key="IS">Ísland</country>
                  <settlement>Reykjavík</settlement>
                  <institution>Stofnun Árna Magnússonar í íslenskum fræðum</institution>
                  <repository>Handritasvið</repository>
                  <collection>Safn Árna Magnússonar</collection>
                  <idno>AM 145 fol.</idno>
                  <altIdentifier type="internal" subtype="KKKat">
                     <idno>174</idno>
                  </altIdentifier>
               </msIdentifier>
            
               <msContents xml:lang="is">
               	<textLang mainLang="is">Íslenska</textLang>
                  <msItem defective="false" class="isl">
                     <locus from="1r" facs="#AM02-0145-0001r" to="84r">1r-84r</locus>
                     <title type="uniform">Egils saga Skallagrímssonar</title>
                     <rubric>Hér byrjar söguna af þeim feðgum Kveld-Úlfi, Skalla-Grími og Egli syni hans</rubric>
                     <incipit>Úlfur hét maður, son Bjálfa og Hallberu dóttur Úlfs hins óarga …</incipit>
                  	<explicit>… átti í víking vii orrustur.</explicit>
                     <finalRubric>Endir sögu þeirra feðga.</finalRubric>
                  
                     <msItem n="1.1" class="drott">
                        <locus from="55v" facs="#AM02-0145-0055v" to="58r">55v-58r</locus>
                        <title type="uniform">Höfuðlausn</title>
                        <note>Viðbót eftir öðru forriti en með sömu hendi og sagan.</note>
                     </msItem>
                  </msItem>
               </msContents>
            
               <physDesc>
                  <objectDesc form="codex">
                     <supportDesc material="chart">
                        <support>
                        	<p>Pappír með vatnsmerkjum.</p>
                        	<p>
                        		<watermark n="1">
                        			Vatnsmerki 1. Aðalmerki:
                        			<ref target="watermark:U">Lítið skjaldarmerki í skreyttum hringlaga ramma. Fyrir innan er tré með þremur akörnum, fangamark PK og kóróna efst</ref>
                        			<ref target="https://www.wasserzeichen-online.de/wzis/struktur.php?ref=IS5000-02-0145_1v">IS5000-02-0145_1v</ref>
                        			// Ekkert mótmerki (
                        			<locus from="1r" to="5v">1-5</locus>
                        			,
                        			<locus from="13r" to="15v">13-15</locus>
                        			,
                        			<locus from="19r" to="21v">19-21</locus>
                        			,
                        			<locus from="24r" to="25v">24-25</locus>
                        			,
                        			<locus from="28r" to="29v">28-29</locus>
                        			,
                        			<locus from="31r" to="31v">31</locus>
                        			,
                        			<locus from="34r" to="34v">34</locus>
                        			,
                        			<locus from="36r" to="36v">36</locus>
                        			,
                        			<locus from="38r" to="39v">38-39</locus>
                        			,
                        			<locus from="42r" to="42v">42</locus>
                        			,
                        			<locus from="44r" to="44v">44</locus>
                        			,
                        			<locus from="46r" to="46v">46</locus>
                        			,
                        			<locus from="48r" to="48v">48</locus>
                        			,
                        			<locus from="50r" to="53v">50-53</locus>
                        			,
                        			<locus from="55r" to="55v">55</locus>
                        			,
                        			<locus from="59r" to="59v">59</locus>
                        			,
                        			<locus from="63r" to="63v">63</locus>
                        			,
                        			<locus from="65r" to="67v">65-67</locus>
                        			,
                        			<locus from="71r" to="71v">71</locus>
                        			,
                        			<locus from="73r" to="73v">73</locus>
                        			,
                        			<locus from="75r" to="76v">75-76</locus>
                        			,
                        			<locus from="79r" to="79v">79</locus>
                        			,
                        			<locus from="81r" to="82v">81-82</locus>
                        			).
                        		</watermark>
                        	</p>
                        	<p>
                        		<watermark n="2">
                        			Vatnsmerki 2. Aðalmerki:
                        			<ref target="watermark:U">Skjaldarmerki með snákamerki að innan, fangamark HS og kóróna efst</ref>
                        			<ref target="https://www.wasserzeichen-online.de/wzis/struktur.php?ref=IS5000-02-0145_56v">IS5000-02-0145_56v</ref>
                        			// Ekkert mótmerki (
                        			<locus from="56r" to="56v">56</locus>
                        			).
                        		</watermark>
                        	</p>
                        </support>
                        <extent>i + 84 + i blöð (<dimensions type="leaf" unit="mm" scope="all">
                              <height>298</height>
                              <width>190</width>
                           </dimensions>). Blað <locus from="84v" facs="#AM02-0145-0084v" to="84v">84v</locus> er autt.</extent>
                        <foliation><p><list>
                           <item>Fimmta hvert blað merkt með svörtu bleki.</item>
                           <item>Blaðmerkt 1-84 með rauðu bleki.</item>
                        </list></p></foliation>
                     	<collation><p>Níu kver.<list>
                           <item>Kver I: bl. 1-10, 5 tvinn.</item>
                           <item>Kver II: bl. 11-20, 5 tvinn.</item>
                           <item>Kver III: bl. 21-30, 5 tvinn.</item>
                           <item>Kver IV: bl. 31-40, 5 tvinn.</item>
                           <item>Kver V: bl. 41-50, 5 tvinn.</item>
                           <item>Kver VI: bl. 51-62, 6 tvinn.</item>
                           <item>Kver VII: bl. 63-72, 5 tvinn.</item>
                           <item>Kver VIII: bl. 73-80, 4 tvinn.</item>
                           <item>Kver IX: bl. 81-84, 2 tvinn.</item>
                        </list></p></collation>
                    
                     </supportDesc>
                     <layoutDesc>
                        <layout columns="1" writtenLines="42"><p><list>
                           <item>Eindálka.</item>
                           <item>Leturflötur er <dimensions type="written" unit="mm" scope="all">
                                 <height>230-240</height> 
                                 <width>140-150</width>
                              </dimensions>.</item>
                           <item>Línufjöldi ca 42.</item>
                           <item>Eyða fyrir fyrsta upphafsstaf.</item>
                        </list></p></layout>
                     </layoutDesc>
                  </objectDesc>
               
                  <handDesc hands="1">
                     <handNote scope="sole" script="cursiva" scribe="JonGis003">Með hendi <name type="person" key="JonGis003">Jóns Gissurarsonar</name>, léttiskrift.</handNote>
                  </handDesc>
                  <musicNotation>
                     <p>Nótur á bókfelli í bandi.</p>
                  </musicNotation>
                  <additions>
                     <p>Fáeinar viðbætur og spássíugreinar með hendi <name key="ArnMag001" type="person">Árna Magnússonar</name>.</p>
                  </additions>
               
                  <bindingDesc>
                     <binding notBefore="1910" notAfter="1920" contemporary="false">
                        <p>Band frá 1910-1920 (<dimensions type="binding" unit="mm"> 
                              <height>302</height>
                              <width>195</width>
                              <depth>20</depth>
                        </dimensions>). Pappaspjöld klædd pappír með brúnu marmaramynstri, bókfell á kili. Blár safnmarksmiði á kili.</p>
                     </binding>
                     <binding contemporary="false">
                        <p>Spjöld og kjölur í eldra bandi klædd bókfelli úr latnesku helgisiðahandriti með nótum.</p>
                     </binding>
                  </bindingDesc>
               
                  <accMat>
                     <p>Laus seðill með upplýsingum um forvörslu.</p>
                  </accMat>
               </physDesc>
            
               <history>
                  <origin notBefore="1600" notAfter="1648"><p><list>
                     <item>Handritið var skrifað á <origPlace key="IS">Íslandi</origPlace>. Það er tímasett til fyrri hluta 17. aldar í <bibl>
                           <ref target="KKKat">Katalog I</ref>
                     </bibl>, bls. 102, en virkt skriftartímabil Jóns Gissurarsonar var <origDate notBefore="1610" notAfter="1648">c 1610-1648</origDate>.</item>
                     <item> Af spássíugreinum <name key="ArnMag001" type="person">Árna Magnússonar</name> má ráða að hann taldi handritið skrifað eftir bók í eigu <name key="JonHak001" type="person">Jóns Hákonarsonar</name> á <name type="place">Vatnshorni</name>, þ.e. <ref type="ms" target="JS02-0028">JS 28 fol.</ref> Samkvæmt <name type="person" key="JonSig004">Jóni Sigurðssyni</name> má rekja þessa uppskrift til <ref>Möðruvallabókar</ref>, <ref type="ms" target="AM02-0132">AM 132 fol.</ref> (sbr. <ref type="ms" target="JS04-0409">JS 409 4to</ref>).</item>
                  </list></p> </origin>
                  <acquisition when="1990-06-05">
                     <p>Stofnun Árna Magnússonar á Íslandi tók við handritinu 5. júní 1990.</p>
                  </acquisition>
               </history>
               <additional>
                  <adminInfo>
                     <recordHist>
                        <source>
                           <p>
                           			<name key="ThuSig002" type="person">ÞÓS</name> skráði <date when="2020-06-19">19. júní 2020</date>.
                                    <name type="person" key="ThoSig001">ÞS</name> skráði <date from="2008-09-12" to="2008-12-02">12. september - 2. desember 2008</date>.
                                    <name type="person" key="DriThr001">DKÞ</name> færði inn grunnupplýsingar <date when="2001-09-26">26. september 2001</date>.
                                    <name type="person" key="KriKaa001">Kålund</name> gekk frá handritinu til skráningar <date when="1885-11-27">27. nóvember 1885</date>
                        (sjá <bibl>
                                       <ref target="KKKat">Katalog I 1889:102-103 (nr. 174)</ref>
                                    </bibl>.
                           </p>
                        </source>
                     </recordHist>
                     <custodialHist>
                        <custEvent type="conservation" when="1990-05">
                           <p>Yfirfarið af <name type="person" key="MetJak001">Mette Jacobsen</name> í maí 1990.</p>
                        </custEvent>
                     </custodialHist>
                  </adminInfo>
                  <surrogates>
                     <p>
                        <list>
                           <item>Stafrænar myndir á www.sagnanet.is.</item>
                           <item>Svart-hvítar ljósmyndir á Det Arnamagnæanske Institut í Kaupmannahöfn.</item>
                           <item>Pósitíf filma á Stofnun Árna Magnússonar á Íslandi, óvíst hvenær fengin (askja 178).</item>
                        </list>
                     </p>
                  </surrogates>
                  <listBibl>
                  	<bibl>Bjarni Einarsson 1977, <ref target="BjaEin1977b">Fólgið fé á Mosfelli</ref></bibl>
                  	<bibl>
                        <ref type="secondary-1" target="EA-A19">Egils saga 2001</ref>, bls. 187-190.</bibl>
                     <bibl>
                        <ref type="secondary-1" target="BjEinars1993">Gripla 8:1993</ref>, 7-54.</bibl>
                     <bibl>
                        <ref type="secondary-1" target="STUAGNL17">Egils saga 1886</ref>.</bibl>
                  	<bibl>Chesnutt, M. 2006, <ref target="MicChe2006a">Egils saga Skallagrímssonar. Bind III. C- redaktionen</ref></bibl>
                  	<bibl>Haugen, S. 2008, <ref target="SusHau2008a">Bautasteinn - fallos? Kring en tolkning av ett fornvästnordiskt ord</ref></bibl>
                  	<bibl>Jón Helgason 1956, <ref target="JónHel1956a">Athuganir um nokkur handrit Egils sögu</ref></bibl>
                  	<bibl>Jón Helgason 2005, <ref target="JónHel0860a">Observations on some manuscripts of Egils saga</ref></bibl>
                  	<bibl>Slay, D. 1960, <ref target="BiblArn24">The manuscripts of Hrólfs saga kraka</ref></bibl>
                     <!-- Sjá einnig Egils saga Hafniæ 1809 og Corpus poet bor. Oxf. 1883, I, 271. Enn fremur fleira í notaskrá Ólafar-->
               </listBibl>
               </additional>
            </msDesc>
         </sourceDesc>
      </fileDesc>
      <revisionDesc>
         <change when="2008-10" who="#EriHas01">Migrated from MASTER to P5</change>
      </revisionDesc>
   </teiHeader>
	<facsimile xml:base="https://myndir.handrit.is/file/Handrit.is/">
		<surface xml:id="AM02-0145-0000r-FrontBoard" n="0">
			<desc>0000r-FrontBoard</desc>
			<graphic mimeType="pdf" url="AM%20145%20fol/0/HIGH_QUALITY_DISPLAY"/>
			<graphic mimeType="jpg" url="AM%20145%20fol/0/THUMBNAIL" width="200px" height="294px"/>
			<graphic mimeType="jpg" url="AM%20145%20fol/0/SECONDARY_DISPLAY" width="2664px" height="3912px"/>
			<graphic mimeType="pdf" url="AM%20145%20fol/0/WEB_DISPLAY"/>
		</surface>
		<surface xml:id="AM02-0145-0000v-FrontBoard" n="1">
			<desc>0000v-FrontBoard</desc>
			<graphic mimeType="pdf" url="AM%20145%20fol/1/HIGH_QUALITY_DISPLAY"/>
			<graphic mimeType="jpg" url="AM%20145%20fol/1/THUMBNAIL" width="191px" height="300px"/>
			<graphic mimeType="jpg" url="AM%20145%20fol/1/SECONDARY_DISPLAY" width="2489px" height="3912px"/>
			<graphic mimeType="pdf" url="AM%20145%20fol/1/WEB_DISPLAY"/>
		</surface>
		<surface xml:id="AM02-0145-0001r-FrontFlyleaf" n="2">
			<desc>0001r-FrontFlyleaf</desc>
			<graphic mimeType="pdf" url="AM%20145%20fol/2/HIGH_QUALITY_DISPLAY"/>
			<graphic mimeType="jpg" url="AM%20145%20fol/2/THUMBNAIL" width="191px" height="300px"/>
			<graphic mimeType="jpg" url="AM%20145%20fol/2/SECONDARY_DISPLAY" width="2489px" height="3912px"/>
			<graphic mimeType="pdf" url="AM%20145%20fol/2/WEB_DISPLAY"/>
		</surface>
		<surface xml:id="AM02-0145-0001v-FrontFlyleaf" n="3">
			<desc>0001v-FrontFlyleaf</desc>
			<graphic mimeType="pdf" url="AM%20145%20fol/3/HIGH_QUALITY_DISPLAY"/>
			<graphic mimeType="jpg" url="AM%20145%20fol/3/THUMBNAIL" width="188px" height="300px"/>
			<graphic mimeType="jpg" url="AM%20145%20fol/3/SECONDARY_DISPLAY" width="2429px" height="3864px"/>
			<graphic mimeType="pdf" url="AM%20145%20fol/3/WEB_DISPLAY"/>
		</surface>
		<surface xml:id="AM02-0145-0001r" n="4">
			<desc>0001r</desc>
			<graphic mimeType="pdf" url="AM%20145%20fol/4/HIGH_QUALITY_DISPLAY"/>
			<graphic mimeType="jpg" url="AM%20145%20fol/4/THUMBNAIL" width="188px" height="300px"/>
			<graphic mimeType="jpg" url="AM%20145%20fol/4/SECONDARY_DISPLAY" width="2429px" height="3864px"/>
			<graphic mimeType="pdf" url="AM%20145%20fol/4/WEB_DISPLAY"/>
		</surface>
		<surface xml:id="AM02-0145-0001v" n="5">
			<desc>0001v</desc>
			<graphic mimeType="pdf" url="AM%20145%20fol/5/HIGH_QUALITY_DISPLAY"/>
			<graphic mimeType="jpg" url="AM%20145%20fol/5/THUMBNAIL" width="194px" height="300px"/>
			<graphic mimeType="jpg" url="AM%20145%20fol/5/SECONDARY_DISPLAY" width="2471px" height="3816px"/>
			<graphic mimeType="pdf" url="AM%20145%20fol/5/WEB_DISPLAY"/>
		</surface>
		<surface xml:id="AM02-0145-0002r" n="6">
			<desc>0002r</desc>
			<graphic mimeType="pdf" url="AM%20145%20fol/6/HIGH_QUALITY_DISPLAY"/>
			<graphic mimeType="jpg" url="AM%20145%20fol/6/THUMBNAIL" width="194px" height="300px"/>
			<graphic mimeType="jpg" url="AM%20145%20fol/6/SECONDARY_DISPLAY" width="2471px" height="3816px"/>
			<graphic mimeType="pdf" url="AM%20145%20fol/6/WEB_DISPLAY"/>
		</surface>
		<surface xml:id="AM02-0145-0002v" n="7">
			<desc>0002v</desc>
			<graphic mimeType="pdf" url="AM%20145%20fol/7/HIGH_QUALITY_DISPLAY"/>
			<graphic mimeType="jpg" url="AM%20145%20fol/7/THUMBNAIL" width="193px" height="300px"/>
			<graphic mimeType="jpg" url="AM%20145%20fol/7/SECONDARY_DISPLAY" width="2453px" height="3816px"/>
			<graphic mimeType="pdf" url="AM%20145%20fol/7/WEB_DISPLAY"/>
		</surface>
		<surface xml:id="AM02-0145-0003r" n="8">
			<desc>0003r</desc>
			<graphic mimeType="pdf" url="AM%20145%20fol/8/HIGH_QUALITY_DISPLAY"/>
			<graphic mimeType="jpg" url="AM%20145%20fol/8/THUMBNAIL" width="193px" height="300px"/>
			<graphic mimeType="jpg" url="AM%20145%20fol/8/SECONDARY_DISPLAY" width="2453px" height="3816px"/>
			<graphic mimeType="pdf" url="AM%20145%20fol/8/WEB_DISPLAY"/>
		</surface>
		<surface xml:id="AM02-0145-0003v" n="9">
			<desc>0003v</desc>
			<graphic mimeType="pdf" url="AM%20145%20fol/9/HIGH_QUALITY_DISPLAY"/>
			<graphic mimeType="jpg" url="AM%20145%20fol/9/THUMBNAIL" width="193px" height="300px"/>
			<graphic mimeType="jpg" url="AM%20145%20fol/9/SECONDARY_DISPLAY" width="2453px" height="3816px"/>
			<graphic mimeType="pdf" url="AM%20145%20fol/9/WEB_DISPLAY"/>
		</surface>
		<surface xml:id="AM02-0145-0004r" n="10">
			<desc>0004r</desc>
			<graphic mimeType="pdf" url="AM%20145%20fol/10/HIGH_QUALITY_DISPLAY"/>
			<graphic mimeType="jpg" url="AM%20145%20fol/10/THUMBNAIL" width="193px" height="300px"/>
			<graphic mimeType="jpg" url="AM%20145%20fol/10/SECONDARY_DISPLAY" width="2453px" height="3816px"/>
			<graphic mimeType="pdf" url="AM%20145%20fol/10/WEB_DISPLAY"/>
		</surface>
		<surface xml:id="AM02-0145-0004v" n="11">
			<desc>0004v</desc>
			<graphic mimeType="pdf" url="AM%20145%20fol/11/HIGH_QUALITY_DISPLAY"/>
			<graphic mimeType="jpg" url="AM%20145%20fol/11/THUMBNAIL" width="193px" height="300px"/>
			<graphic mimeType="jpg" url="AM%20145%20fol/11/SECONDARY_DISPLAY" width="2453px" height="3816px"/>
			<graphic mimeType="pdf" url="AM%20145%20fol/11/WEB_DISPLAY"/>
		</surface>
		<surface xml:id="AM02-0145-0005r" n="12">
			<desc>0005r</desc>
			<graphic mimeType="pdf" url="AM%20145%20fol/12/HIGH_QUALITY_DISPLAY"/>
			<graphic mimeType="jpg" url="AM%20145%20fol/12/THUMBNAIL" width="193px" height="300px"/>
			<graphic mimeType="jpg" url="AM%20145%20fol/12/SECONDARY_DISPLAY" width="2453px" height="3816px"/>
			<graphic mimeType="pdf" url="AM%20145%20fol/12/WEB_DISPLAY"/>
		</surface>
		<surface xml:id="AM02-0145-0005v" n="13">
			<desc>0005v</desc>
			<graphic mimeType="pdf" url="AM%20145%20fol/13/HIGH_QUALITY_DISPLAY"/>
			<graphic mimeType="jpg" url="AM%20145%20fol/13/THUMBNAIL" width="193px" height="300px"/>
			<graphic mimeType="jpg" url="AM%20145%20fol/13/SECONDARY_DISPLAY" width="2453px" height="3816px"/>
			<graphic mimeType="pdf" url="AM%20145%20fol/13/WEB_DISPLAY"/>
		</surface>
		<surface xml:id="AM02-0145-0006r" n="14">
			<desc>0006r</desc>
			<graphic mimeType="pdf" url="AM%20145%20fol/14/HIGH_QUALITY_DISPLAY"/>
			<graphic mimeType="jpg" url="AM%20145%20fol/14/THUMBNAIL" width="193px" height="300px"/>
			<graphic mimeType="jpg" url="AM%20145%20fol/14/SECONDARY_DISPLAY" width="2453px" height="3816px"/>
			<graphic mimeType="pdf" url="AM%20145%20fol/14/WEB_DISPLAY"/>
		</surface>
		<surface xml:id="AM02-0145-0006v" n="15">
			<desc>0006v</desc>
			<graphic mimeType="pdf" url="AM%20145%20fol/15/HIGH_QUALITY_DISPLAY"/>
			<graphic mimeType="jpg" url="AM%20145%20fol/15/THUMBNAIL" width="193px" height="300px"/>
			<graphic mimeType="jpg" url="AM%20145%20fol/15/SECONDARY_DISPLAY" width="2453px" height="3816px"/>
			<graphic mimeType="pdf" url="AM%20145%20fol/15/WEB_DISPLAY"/>
		</surface>
		<surface xml:id="AM02-0145-0007r" n="16">
			<desc>0007r</desc>
			<graphic mimeType="pdf" url="AM%20145%20fol/16/HIGH_QUALITY_DISPLAY"/>
			<graphic mimeType="jpg" url="AM%20145%20fol/16/THUMBNAIL" width="193px" height="300px"/>
			<graphic mimeType="jpg" url="AM%20145%20fol/16/SECONDARY_DISPLAY" width="2453px" height="3816px"/>
			<graphic mimeType="pdf" url="AM%20145%20fol/16/WEB_DISPLAY"/>
		</surface>
		<surface xml:id="AM02-0145-0007v" n="17">
			<desc>0007v</desc>
			<graphic mimeType="pdf" url="AM%20145%20fol/17/HIGH_QUALITY_DISPLAY"/>
			<graphic mimeType="jpg" url="AM%20145%20fol/17/THUMBNAIL" width="193px" height="300px"/>
			<graphic mimeType="jpg" url="AM%20145%20fol/17/SECONDARY_DISPLAY" width="2453px" height="3816px"/>
			<graphic mimeType="pdf" url="AM%20145%20fol/17/WEB_DISPLAY"/>
		</surface>
		<surface xml:id="AM02-0145-0008r" n="18">
			<desc>0008r</desc>
			<graphic mimeType="pdf" url="AM%20145%20fol/18/HIGH_QUALITY_DISPLAY"/>
			<graphic mimeType="jpg" url="AM%20145%20fol/18/THUMBNAIL" width="193px" height="300px"/>
			<graphic mimeType="jpg" url="AM%20145%20fol/18/SECONDARY_DISPLAY" width="2453px" height="3816px"/>
			<graphic mimeType="pdf" url="AM%20145%20fol/18/WEB_DISPLAY"/>
		</surface>
		<surface xml:id="AM02-0145-0008v" n="19">
			<desc>0008v</desc>
			<graphic mimeType="pdf" url="AM%20145%20fol/19/HIGH_QUALITY_DISPLAY"/>
			<graphic mimeType="jpg" url="AM%20145%20fol/19/THUMBNAIL" width="193px" height="300px"/>
			<graphic mimeType="jpg" url="AM%20145%20fol/19/SECONDARY_DISPLAY" width="2453px" height="3816px"/>
			<graphic mimeType="pdf" url="AM%20145%20fol/19/WEB_DISPLAY"/>
		</surface>
		<surface xml:id="AM02-0145-0009r" n="20">
			<desc>0009r</desc>
			<graphic mimeType="pdf" url="AM%20145%20fol/20/HIGH_QUALITY_DISPLAY"/>
			<graphic mimeType="jpg" url="AM%20145%20fol/20/THUMBNAIL" width="193px" height="300px"/>
			<graphic mimeType="jpg" url="AM%20145%20fol/20/SECONDARY_DISPLAY" width="2453px" height="3816px"/>
			<graphic mimeType="pdf" url="AM%20145%20fol/20/WEB_DISPLAY"/>
		</surface>
		<surface xml:id="AM02-0145-0009v" n="21">
			<desc>0009v</desc>
			<graphic mimeType="pdf" url="AM%20145%20fol/21/HIGH_QUALITY_DISPLAY"/>
			<graphic mimeType="jpg" url="AM%20145%20fol/21/THUMBNAIL" width="193px" height="300px"/>
			<graphic mimeType="jpg" url="AM%20145%20fol/21/SECONDARY_DISPLAY" width="2453px" height="3816px"/>
			<graphic mimeType="pdf" url="AM%20145%20fol/21/WEB_DISPLAY"/>
		</surface>
		<surface xml:id="AM02-0145-0010r" n="22">
			<desc>0010r</desc>
			<graphic mimeType="pdf" url="AM%20145%20fol/22/HIGH_QUALITY_DISPLAY"/>
			<graphic mimeType="jpg" url="AM%20145%20fol/22/THUMBNAIL" width="193px" height="300px"/>
			<graphic mimeType="jpg" url="AM%20145%20fol/22/SECONDARY_DISPLAY" width="2453px" height="3816px"/>
			<graphic mimeType="pdf" url="AM%20145%20fol/22/WEB_DISPLAY"/>
		</surface>
		<surface xml:id="AM02-0145-0010v" n="23">
			<desc>0010v</desc>
			<graphic mimeType="pdf" url="AM%20145%20fol/23/HIGH_QUALITY_DISPLAY"/>
			<graphic mimeType="jpg" url="AM%20145%20fol/23/THUMBNAIL" width="193px" height="300px"/>
			<graphic mimeType="jpg" url="AM%20145%20fol/23/SECONDARY_DISPLAY" width="2453px" height="3816px"/>
			<graphic mimeType="pdf" url="AM%20145%20fol/23/WEB_DISPLAY"/>
		</surface>
		<surface xml:id="AM02-0145-0011r" n="24">
			<desc>0011r</desc>
			<graphic mimeType="pdf" url="AM%20145%20fol/24/HIGH_QUALITY_DISPLAY"/>
			<graphic mimeType="jpg" url="AM%20145%20fol/24/THUMBNAIL" width="193px" height="300px"/>
			<graphic mimeType="jpg" url="AM%20145%20fol/24/SECONDARY_DISPLAY" width="2453px" height="3816px"/>
			<graphic mimeType="pdf" url="AM%20145%20fol/24/WEB_DISPLAY"/>
		</surface>
		<surface xml:id="AM02-0145-0011v" n="25">
			<desc>0011v</desc>
			<graphic mimeType="pdf" url="AM%20145%20fol/25/HIGH_QUALITY_DISPLAY"/>
			<graphic mimeType="jpg" url="AM%20145%20fol/25/THUMBNAIL" width="193px" height="300px"/>
			<graphic mimeType="jpg" url="AM%20145%20fol/25/SECONDARY_DISPLAY" width="2453px" height="3816px"/>
			<graphic mimeType="pdf" url="AM%20145%20fol/25/WEB_DISPLAY"/>
		</surface>
		<surface xml:id="AM02-0145-0012r" n="26">
			<desc>0012r</desc>
			<graphic mimeType="pdf" url="AM%20145%20fol/26/HIGH_QUALITY_DISPLAY"/>
			<graphic mimeType="jpg" url="AM%20145%20fol/26/THUMBNAIL" width="193px" height="300px"/>
			<graphic mimeType="jpg" url="AM%20145%20fol/26/SECONDARY_DISPLAY" width="2453px" height="3816px"/>
			<graphic mimeType="pdf" url="AM%20145%20fol/26/WEB_DISPLAY"/>
		</surface>
		<surface xml:id="AM02-0145-0012v" n="27">
			<desc>0012v</desc>
			<graphic mimeType="pdf" url="AM%20145%20fol/27/HIGH_QUALITY_DISPLAY"/>
			<graphic mimeType="jpg" url="AM%20145%20fol/27/THUMBNAIL" width="193px" height="300px"/>
			<graphic mimeType="jpg" url="AM%20145%20fol/27/SECONDARY_DISPLAY" width="2453px" height="3816px"/>
			<graphic mimeType="pdf" url="AM%20145%20fol/27/WEB_DISPLAY"/>
		</surface>
		<surface xml:id="AM02-0145-0013r" n="28">
			<desc>0013r</desc>
			<graphic mimeType="pdf" url="AM%20145%20fol/28/HIGH_QUALITY_DISPLAY"/>
			<graphic mimeType="jpg" url="AM%20145%20fol/28/THUMBNAIL" width="193px" height="300px"/>
			<graphic mimeType="jpg" url="AM%20145%20fol/28/SECONDARY_DISPLAY" width="2453px" height="3816px"/>
			<graphic mimeType="pdf" url="AM%20145%20fol/28/WEB_DISPLAY"/>
		</surface>
		<surface xml:id="AM02-0145-0013v" n="29">
			<desc>0013v</desc>
			<graphic mimeType="pdf" url="AM%20145%20fol/29/HIGH_QUALITY_DISPLAY"/>
			<graphic mimeType="jpg" url="AM%20145%20fol/29/THUMBNAIL" width="193px" height="300px"/>
			<graphic mimeType="jpg" url="AM%20145%20fol/29/SECONDARY_DISPLAY" width="2453px" height="3816px"/>
			<graphic mimeType="pdf" url="AM%20145%20fol/29/WEB_DISPLAY"/>
		</surface>
		<surface xml:id="AM02-0145-0014r" n="30">
			<desc>0014r</desc>
			<graphic mimeType="pdf" url="AM%20145%20fol/30/HIGH_QUALITY_DISPLAY"/>
			<graphic mimeType="jpg" url="AM%20145%20fol/30/THUMBNAIL" width="193px" height="300px"/>
			<graphic mimeType="jpg" url="AM%20145%20fol/30/SECONDARY_DISPLAY" width="2453px" height="3816px"/>
			<graphic mimeType="pdf" url="AM%20145%20fol/30/WEB_DISPLAY"/>
		</surface>
		<surface xml:id="AM02-0145-0014v" n="31">
			<desc>0014v</desc>
			<graphic mimeType="pdf" url="AM%20145%20fol/31/HIGH_QUALITY_DISPLAY"/>
			<graphic mimeType="jpg" url="AM%20145%20fol/31/THUMBNAIL" width="193px" height="300px"/>
			<graphic mimeType="jpg" url="AM%20145%20fol/31/SECONDARY_DISPLAY" width="2453px" height="3816px"/>
			<graphic mimeType="pdf" url="AM%20145%20fol/31/WEB_DISPLAY"/>
		</surface>
		<surface xml:id="AM02-0145-0015r" n="32">
			<desc>0015r</desc>
			<graphic mimeType="pdf" url="AM%20145%20fol/32/HIGH_QUALITY_DISPLAY"/>
			<graphic mimeType="jpg" url="AM%20145%20fol/32/THUMBNAIL" width="193px" height="300px"/>
			<graphic mimeType="jpg" url="AM%20145%20fol/32/SECONDARY_DISPLAY" width="2453px" height="3816px"/>
			<graphic mimeType="pdf" url="AM%20145%20fol/32/WEB_DISPLAY"/>
		</surface>
		<surface xml:id="AM02-0145-0015v" n="33">
			<desc>0015v</desc>
			<graphic mimeType="pdf" url="AM%20145%20fol/33/HIGH_QUALITY_DISPLAY"/>
			<graphic mimeType="jpg" url="AM%20145%20fol/33/THUMBNAIL" width="193px" height="300px"/>
			<graphic mimeType="jpg" url="AM%20145%20fol/33/SECONDARY_DISPLAY" width="2453px" height="3816px"/>
			<graphic mimeType="pdf" url="AM%20145%20fol/33/WEB_DISPLAY"/>
		</surface>
		<surface xml:id="AM02-0145-0016r" n="34">
			<desc>0016r</desc>
			<graphic mimeType="pdf" url="AM%20145%20fol/34/HIGH_QUALITY_DISPLAY"/>
			<graphic mimeType="jpg" url="AM%20145%20fol/34/THUMBNAIL" width="193px" height="300px"/>
			<graphic mimeType="jpg" url="AM%20145%20fol/34/SECONDARY_DISPLAY" width="2453px" height="3816px"/>
			<graphic mimeType="pdf" url="AM%20145%20fol/34/WEB_DISPLAY"/>
		</surface>
		<surface xml:id="AM02-0145-0016v" n="35">
			<desc>0016v</desc>
			<graphic mimeType="pdf" url="AM%20145%20fol/35/HIGH_QUALITY_DISPLAY"/>
			<graphic mimeType="jpg" url="AM%20145%20fol/35/THUMBNAIL" width="193px" height="300px"/>
			<graphic mimeType="jpg" url="AM%20145%20fol/35/SECONDARY_DISPLAY" width="2453px" height="3816px"/>
			<graphic mimeType="pdf" url="AM%20145%20fol/35/WEB_DISPLAY"/>
		</surface>
		<surface xml:id="AM02-0145-0017r" n="36">
			<desc>0017r</desc>
			<graphic mimeType="pdf" url="AM%20145%20fol/36/HIGH_QUALITY_DISPLAY"/>
			<graphic mimeType="jpg" url="AM%20145%20fol/36/THUMBNAIL" width="193px" height="300px"/>
			<graphic mimeType="jpg" url="AM%20145%20fol/36/SECONDARY_DISPLAY" width="2453px" height="3816px"/>
			<graphic mimeType="pdf" url="AM%20145%20fol/36/WEB_DISPLAY"/>
		</surface>
		<surface xml:id="AM02-0145-0017v" n="37">
			<desc>0017v</desc>
			<graphic mimeType="pdf" url="AM%20145%20fol/37/HIGH_QUALITY_DISPLAY"/>
			<graphic mimeType="jpg" url="AM%20145%20fol/37/THUMBNAIL" width="193px" height="300px"/>
			<graphic mimeType="jpg" url="AM%20145%20fol/37/SECONDARY_DISPLAY" width="2453px" height="3816px"/>
			<graphic mimeType="pdf" url="AM%20145%20fol/37/WEB_DISPLAY"/>
		</surface>
		<surface xml:id="AM02-0145-0018r" n="38">
			<desc>0018r</desc>
			<graphic mimeType="pdf" url="AM%20145%20fol/38/HIGH_QUALITY_DISPLAY"/>
			<graphic mimeType="jpg" url="AM%20145%20fol/38/THUMBNAIL" width="193px" height="300px"/>
			<graphic mimeType="jpg" url="AM%20145%20fol/38/SECONDARY_DISPLAY" width="2453px" height="3816px"/>
			<graphic mimeType="pdf" url="AM%20145%20fol/38/WEB_DISPLAY"/>
		</surface>
		<surface xml:id="AM02-0145-0018v" n="39">
			<desc>0018v</desc>
			<graphic mimeType="pdf" url="AM%20145%20fol/39/HIGH_QUALITY_DISPLAY"/>
			<graphic mimeType="jpg" url="AM%20145%20fol/39/THUMBNAIL" width="193px" height="300px"/>
			<graphic mimeType="jpg" url="AM%20145%20fol/39/SECONDARY_DISPLAY" width="2453px" height="3816px"/>
			<graphic mimeType="pdf" url="AM%20145%20fol/39/WEB_DISPLAY"/>
		</surface>
		<surface xml:id="AM02-0145-0019r" n="40">
			<desc>0019r</desc>
			<graphic mimeType="pdf" url="AM%20145%20fol/40/HIGH_QUALITY_DISPLAY"/>
			<graphic mimeType="jpg" url="AM%20145%20fol/40/THUMBNAIL" width="193px" height="300px"/>
			<graphic mimeType="jpg" url="AM%20145%20fol/40/SECONDARY_DISPLAY" width="2453px" height="3816px"/>
			<graphic mimeType="pdf" url="AM%20145%20fol/40/WEB_DISPLAY"/>
		</surface>
		<surface xml:id="AM02-0145-0019v" n="41">
			<desc>0019v</desc>
			<graphic mimeType="pdf" url="AM%20145%20fol/41/HIGH_QUALITY_DISPLAY"/>
			<graphic mimeType="jpg" url="AM%20145%20fol/41/THUMBNAIL" width="193px" height="300px"/>
			<graphic mimeType="jpg" url="AM%20145%20fol/41/SECONDARY_DISPLAY" width="2453px" height="3816px"/>
			<graphic mimeType="pdf" url="AM%20145%20fol/41/WEB_DISPLAY"/>
		</surface>
		<surface xml:id="AM02-0145-0020r" n="42">
			<desc>0020r</desc>
			<graphic mimeType="pdf" url="AM%20145%20fol/42/HIGH_QUALITY_DISPLAY"/>
			<graphic mimeType="jpg" url="AM%20145%20fol/42/THUMBNAIL" width="193px" height="300px"/>
			<graphic mimeType="jpg" url="AM%20145%20fol/42/SECONDARY_DISPLAY" width="2453px" height="3816px"/>
			<graphic mimeType="pdf" url="AM%20145%20fol/42/WEB_DISPLAY"/>
		</surface>
		<surface xml:id="AM02-0145-0020v" n="43">
			<desc>0020v</desc>
			<graphic mimeType="pdf" url="AM%20145%20fol/43/HIGH_QUALITY_DISPLAY"/>
			<graphic mimeType="jpg" url="AM%20145%20fol/43/THUMBNAIL" width="193px" height="300px"/>
			<graphic mimeType="jpg" url="AM%20145%20fol/43/SECONDARY_DISPLAY" width="2453px" height="3816px"/>
			<graphic mimeType="pdf" url="AM%20145%20fol/43/WEB_DISPLAY"/>
		</surface>
		<surface xml:id="AM02-0145-0021r" n="44">
			<desc>0021r</desc>
			<graphic mimeType="pdf" url="AM%20145%20fol/44/HIGH_QUALITY_DISPLAY"/>
			<graphic mimeType="jpg" url="AM%20145%20fol/44/THUMBNAIL" width="193px" height="300px"/>
			<graphic mimeType="jpg" url="AM%20145%20fol/44/SECONDARY_DISPLAY" width="2453px" height="3816px"/>
			<graphic mimeType="pdf" url="AM%20145%20fol/44/WEB_DISPLAY"/>
		</surface>
		<surface xml:id="AM02-0145-0021v" n="45">
			<desc>0021v</desc>
			<graphic mimeType="pdf" url="AM%20145%20fol/45/HIGH_QUALITY_DISPLAY"/>
			<graphic mimeType="jpg" url="AM%20145%20fol/45/THUMBNAIL" width="193px" height="300px"/>
			<graphic mimeType="jpg" url="AM%20145%20fol/45/SECONDARY_DISPLAY" width="2453px" height="3816px"/>
			<graphic mimeType="pdf" url="AM%20145%20fol/45/WEB_DISPLAY"/>
		</surface>
		<surface xml:id="AM02-0145-0022r" n="46">
			<desc>0022r</desc>
			<graphic mimeType="pdf" url="AM%20145%20fol/46/HIGH_QUALITY_DISPLAY"/>
			<graphic mimeType="jpg" url="AM%20145%20fol/46/THUMBNAIL" width="193px" height="300px"/>
			<graphic mimeType="jpg" url="AM%20145%20fol/46/SECONDARY_DISPLAY" width="2453px" height="3816px"/>
			<graphic mimeType="pdf" url="AM%20145%20fol/46/WEB_DISPLAY"/>
		</surface>
		<surface xml:id="AM02-0145-0022v" n="47">
			<desc>0022v</desc>
			<graphic mimeType="pdf" url="AM%20145%20fol/47/HIGH_QUALITY_DISPLAY"/>
			<graphic mimeType="jpg" url="AM%20145%20fol/47/THUMBNAIL" width="193px" height="300px"/>
			<graphic mimeType="jpg" url="AM%20145%20fol/47/SECONDARY_DISPLAY" width="2453px" height="3816px"/>
			<graphic mimeType="pdf" url="AM%20145%20fol/47/WEB_DISPLAY"/>
		</surface>
		<surface xml:id="AM02-0145-0023r" n="48">
			<desc>0023r</desc>
			<graphic mimeType="pdf" url="AM%20145%20fol/48/HIGH_QUALITY_DISPLAY"/>
			<graphic mimeType="jpg" url="AM%20145%20fol/48/THUMBNAIL" width="193px" height="300px"/>
			<graphic mimeType="jpg" url="AM%20145%20fol/48/SECONDARY_DISPLAY" width="2453px" height="3816px"/>
			<graphic mimeType="pdf" url="AM%20145%20fol/48/WEB_DISPLAY"/>
		</surface>
		<surface xml:id="AM02-0145-0023v" n="49">
			<desc>0023v</desc>
			<graphic mimeType="pdf" url="AM%20145%20fol/49/HIGH_QUALITY_DISPLAY"/>
			<graphic mimeType="jpg" url="AM%20145%20fol/49/THUMBNAIL" width="193px" height="300px"/>
			<graphic mimeType="jpg" url="AM%20145%20fol/49/SECONDARY_DISPLAY" width="2453px" height="3816px"/>
			<graphic mimeType="pdf" url="AM%20145%20fol/49/WEB_DISPLAY"/>
		</surface>
		<surface xml:id="AM02-0145-0024r" n="50">
			<desc>0024r</desc>
			<graphic mimeType="pdf" url="AM%20145%20fol/50/HIGH_QUALITY_DISPLAY"/>
			<graphic mimeType="jpg" url="AM%20145%20fol/50/THUMBNAIL" width="193px" height="300px"/>
			<graphic mimeType="jpg" url="AM%20145%20fol/50/SECONDARY_DISPLAY" width="2453px" height="3816px"/>
			<graphic mimeType="pdf" url="AM%20145%20fol/50/WEB_DISPLAY"/>
		</surface>
		<surface xml:id="AM02-0145-0024v" n="51">
			<desc>0024v</desc>
			<graphic mimeType="pdf" url="AM%20145%20fol/51/HIGH_QUALITY_DISPLAY"/>
			<graphic mimeType="jpg" url="AM%20145%20fol/51/THUMBNAIL" width="193px" height="300px"/>
			<graphic mimeType="jpg" url="AM%20145%20fol/51/SECONDARY_DISPLAY" width="2453px" height="3816px"/>
			<graphic mimeType="pdf" url="AM%20145%20fol/51/WEB_DISPLAY"/>
		</surface>
		<surface xml:id="AM02-0145-0025r" n="52">
			<desc>0025r</desc>
			<graphic mimeType="pdf" url="AM%20145%20fol/52/HIGH_QUALITY_DISPLAY"/>
			<graphic mimeType="jpg" url="AM%20145%20fol/52/THUMBNAIL" width="193px" height="300px"/>
			<graphic mimeType="jpg" url="AM%20145%20fol/52/SECONDARY_DISPLAY" width="2453px" height="3816px"/>
			<graphic mimeType="pdf" url="AM%20145%20fol/52/WEB_DISPLAY"/>
		</surface>
		<surface xml:id="AM02-0145-0025v" n="53">
			<desc>0025v</desc>
			<graphic mimeType="pdf" url="AM%20145%20fol/53/HIGH_QUALITY_DISPLAY"/>
			<graphic mimeType="jpg" url="AM%20145%20fol/53/THUMBNAIL" width="193px" height="300px"/>
			<graphic mimeType="jpg" url="AM%20145%20fol/53/SECONDARY_DISPLAY" width="2453px" height="3816px"/>
			<graphic mimeType="pdf" url="AM%20145%20fol/53/WEB_DISPLAY"/>
		</surface>
		<surface xml:id="AM02-0145-0026r" n="54">
			<desc>0026r</desc>
			<graphic mimeType="pdf" url="AM%20145%20fol/54/HIGH_QUALITY_DISPLAY"/>
			<graphic mimeType="jpg" url="AM%20145%20fol/54/THUMBNAIL" width="193px" height="300px"/>
			<graphic mimeType="jpg" url="AM%20145%20fol/54/SECONDARY_DISPLAY" width="2453px" height="3816px"/>
			<graphic mimeType="pdf" url="AM%20145%20fol/54/WEB_DISPLAY"/>
		</surface>
		<surface xml:id="AM02-0145-0026v" n="55">
			<desc>0026v</desc>
			<graphic mimeType="pdf" url="AM%20145%20fol/55/HIGH_QUALITY_DISPLAY"/>
			<graphic mimeType="jpg" url="AM%20145%20fol/55/THUMBNAIL" width="193px" height="300px"/>
			<graphic mimeType="jpg" url="AM%20145%20fol/55/SECONDARY_DISPLAY" width="2453px" height="3816px"/>
			<graphic mimeType="pdf" url="AM%20145%20fol/55/WEB_DISPLAY"/>
		</surface>
		<surface xml:id="AM02-0145-0027r" n="56">
			<desc>0027r</desc>
			<graphic mimeType="pdf" url="AM%20145%20fol/56/HIGH_QUALITY_DISPLAY"/>
			<graphic mimeType="jpg" url="AM%20145%20fol/56/THUMBNAIL" width="193px" height="300px"/>
			<graphic mimeType="jpg" url="AM%20145%20fol/56/SECONDARY_DISPLAY" width="2453px" height="3816px"/>
			<graphic mimeType="pdf" url="AM%20145%20fol/56/WEB_DISPLAY"/>
		</surface>
		<surface xml:id="AM02-0145-0027v" n="57">
			<desc>0027v</desc>
			<graphic mimeType="pdf" url="AM%20145%20fol/57/HIGH_QUALITY_DISPLAY"/>
			<graphic mimeType="jpg" url="AM%20145%20fol/57/THUMBNAIL" width="192px" height="300px"/>
			<graphic mimeType="jpg" url="AM%20145%20fol/57/SECONDARY_DISPLAY" width="2453px" height="3840px"/>
			<graphic mimeType="pdf" url="AM%20145%20fol/57/WEB_DISPLAY"/>
		</surface>
		<surface xml:id="AM02-0145-0028r" n="58">
			<desc>0028r</desc>
			<graphic mimeType="pdf" url="AM%20145%20fol/58/HIGH_QUALITY_DISPLAY"/>
			<graphic mimeType="jpg" url="AM%20145%20fol/58/THUMBNAIL" width="192px" height="300px"/>
			<graphic mimeType="jpg" url="AM%20145%20fol/58/SECONDARY_DISPLAY" width="2453px" height="3840px"/>
			<graphic mimeType="pdf" url="AM%20145%20fol/58/WEB_DISPLAY"/>
		</surface>
		<surface xml:id="AM02-0145-0028v" n="59">
			<desc>0028v</desc>
			<graphic mimeType="pdf" url="AM%20145%20fol/59/HIGH_QUALITY_DISPLAY"/>
			<graphic mimeType="jpg" url="AM%20145%20fol/59/THUMBNAIL" width="192px" height="300px"/>
			<graphic mimeType="jpg" url="AM%20145%20fol/59/SECONDARY_DISPLAY" width="2453px" height="3840px"/>
			<graphic mimeType="pdf" url="AM%20145%20fol/59/WEB_DISPLAY"/>
		</surface>
		<surface xml:id="AM02-0145-0029r" n="60">
			<desc>0029r</desc>
			<graphic mimeType="pdf" url="AM%20145%20fol/60/HIGH_QUALITY_DISPLAY"/>
			<graphic mimeType="jpg" url="AM%20145%20fol/60/THUMBNAIL" width="192px" height="300px"/>
			<graphic mimeType="jpg" url="AM%20145%20fol/60/SECONDARY_DISPLAY" width="2453px" height="3840px"/>
			<graphic mimeType="pdf" url="AM%20145%20fol/60/WEB_DISPLAY"/>
		</surface>
		<surface xml:id="AM02-0145-0029v" n="61">
			<desc>0029v</desc>
			<graphic mimeType="pdf" url="AM%20145%20fol/61/HIGH_QUALITY_DISPLAY"/>
			<graphic mimeType="jpg" url="AM%20145%20fol/61/THUMBNAIL" width="192px" height="300px"/>
			<graphic mimeType="jpg" url="AM%20145%20fol/61/SECONDARY_DISPLAY" width="2453px" height="3840px"/>
			<graphic mimeType="pdf" url="AM%20145%20fol/61/WEB_DISPLAY"/>
		</surface>
		<surface xml:id="AM02-0145-0030r" n="62">
			<desc>0030r</desc>
			<graphic mimeType="pdf" url="AM%20145%20fol/62/HIGH_QUALITY_DISPLAY"/>
			<graphic mimeType="jpg" url="AM%20145%20fol/62/THUMBNAIL" width="192px" height="300px"/>
			<graphic mimeType="jpg" url="AM%20145%20fol/62/SECONDARY_DISPLAY" width="2453px" height="3840px"/>
			<graphic mimeType="pdf" url="AM%20145%20fol/62/WEB_DISPLAY"/>
		</surface>
		<surface xml:id="AM02-0145-0030v" n="63">
			<desc>0030v</desc>
			<graphic mimeType="pdf" url="AM%20145%20fol/63/HIGH_QUALITY_DISPLAY"/>
			<graphic mimeType="jpg" url="AM%20145%20fol/63/THUMBNAIL" width="192px" height="300px"/>
			<graphic mimeType="jpg" url="AM%20145%20fol/63/SECONDARY_DISPLAY" width="2453px" height="3840px"/>
			<graphic mimeType="pdf" url="AM%20145%20fol/63/WEB_DISPLAY"/>
		</surface>
		<surface xml:id="AM02-0145-0031r" n="64">
			<desc>0031r</desc>
			<graphic mimeType="pdf" url="AM%20145%20fol/64/HIGH_QUALITY_DISPLAY"/>
			<graphic mimeType="jpg" url="AM%20145%20fol/64/THUMBNAIL" width="192px" height="300px"/>
			<graphic mimeType="jpg" url="AM%20145%20fol/64/SECONDARY_DISPLAY" width="2453px" height="3840px"/>
			<graphic mimeType="pdf" url="AM%20145%20fol/64/WEB_DISPLAY"/>
		</surface>
		<surface xml:id="AM02-0145-0031v" n="65">
			<desc>0031v</desc>
			<graphic mimeType="pdf" url="AM%20145%20fol/65/HIGH_QUALITY_DISPLAY"/>
			<graphic mimeType="jpg" url="AM%20145%20fol/65/THUMBNAIL" width="192px" height="300px"/>
			<graphic mimeType="jpg" url="AM%20145%20fol/65/SECONDARY_DISPLAY" width="2453px" height="3840px"/>
			<graphic mimeType="pdf" url="AM%20145%20fol/65/WEB_DISPLAY"/>
		</surface>
		<surface xml:id="AM02-0145-0032r" n="66">
			<desc>0032r</desc>
			<graphic mimeType="pdf" url="AM%20145%20fol/66/HIGH_QUALITY_DISPLAY"/>
			<graphic mimeType="jpg" url="AM%20145%20fol/66/THUMBNAIL" width="192px" height="300px"/>
			<graphic mimeType="jpg" url="AM%20145%20fol/66/SECONDARY_DISPLAY" width="2453px" height="3840px"/>
			<graphic mimeType="pdf" url="AM%20145%20fol/66/WEB_DISPLAY"/>
		</surface>
		<surface xml:id="AM02-0145-0032v" n="67">
			<desc>0032v</desc>
			<graphic mimeType="pdf" url="AM%20145%20fol/67/HIGH_QUALITY_DISPLAY"/>
			<graphic mimeType="jpg" url="AM%20145%20fol/67/THUMBNAIL" width="192px" height="300px"/>
			<graphic mimeType="jpg" url="AM%20145%20fol/67/SECONDARY_DISPLAY" width="2453px" height="3840px"/>
			<graphic mimeType="pdf" url="AM%20145%20fol/67/WEB_DISPLAY"/>
		</surface>
		<surface xml:id="AM02-0145-0033r" n="68">
			<desc>0033r</desc>
			<graphic mimeType="pdf" url="AM%20145%20fol/68/HIGH_QUALITY_DISPLAY"/>
			<graphic mimeType="jpg" url="AM%20145%20fol/68/THUMBNAIL" width="192px" height="300px"/>
			<graphic mimeType="jpg" url="AM%20145%20fol/68/SECONDARY_DISPLAY" width="2453px" height="3840px"/>
			<graphic mimeType="pdf" url="AM%20145%20fol/68/WEB_DISPLAY"/>
		</surface>
		<surface xml:id="AM02-0145-0033v" n="69">
			<desc>0033v</desc>
			<graphic mimeType="pdf" url="AM%20145%20fol/69/HIGH_QUALITY_DISPLAY"/>
			<graphic mimeType="jpg" url="AM%20145%20fol/69/THUMBNAIL" width="192px" height="300px"/>
			<graphic mimeType="jpg" url="AM%20145%20fol/69/SECONDARY_DISPLAY" width="2453px" height="3840px"/>
			<graphic mimeType="pdf" url="AM%20145%20fol/69/WEB_DISPLAY"/>
		</surface>
		<surface xml:id="AM02-0145-0034r" n="70">
			<desc>0034r</desc>
			<graphic mimeType="pdf" url="AM%20145%20fol/70/HIGH_QUALITY_DISPLAY"/>
			<graphic mimeType="jpg" url="AM%20145%20fol/70/THUMBNAIL" width="192px" height="300px"/>
			<graphic mimeType="jpg" url="AM%20145%20fol/70/SECONDARY_DISPLAY" width="2453px" height="3840px"/>
			<graphic mimeType="pdf" url="AM%20145%20fol/70/WEB_DISPLAY"/>
		</surface>
		<surface xml:id="AM02-0145-0034v" n="71">
			<desc>0034v</desc>
			<graphic mimeType="pdf" url="AM%20145%20fol/71/HIGH_QUALITY_DISPLAY"/>
			<graphic mimeType="jpg" url="AM%20145%20fol/71/THUMBNAIL" width="192px" height="300px"/>
			<graphic mimeType="jpg" url="AM%20145%20fol/71/SECONDARY_DISPLAY" width="2453px" height="3840px"/>
			<graphic mimeType="pdf" url="AM%20145%20fol/71/WEB_DISPLAY"/>
		</surface>
		<surface xml:id="AM02-0145-0035r" n="72">
			<desc>0035r</desc>
			<graphic mimeType="pdf" url="AM%20145%20fol/72/HIGH_QUALITY_DISPLAY"/>
			<graphic mimeType="jpg" url="AM%20145%20fol/72/THUMBNAIL" width="192px" height="300px"/>
			<graphic mimeType="jpg" url="AM%20145%20fol/72/SECONDARY_DISPLAY" width="2453px" height="3840px"/>
			<graphic mimeType="pdf" url="AM%20145%20fol/72/WEB_DISPLAY"/>
		</surface>
		<surface xml:id="AM02-0145-0035v" n="73">
			<desc>0035v</desc>
			<graphic mimeType="pdf" url="AM%20145%20fol/73/HIGH_QUALITY_DISPLAY"/>
			<graphic mimeType="jpg" url="AM%20145%20fol/73/THUMBNAIL" width="192px" height="300px"/>
			<graphic mimeType="jpg" url="AM%20145%20fol/73/SECONDARY_DISPLAY" width="2453px" height="3840px"/>
			<graphic mimeType="pdf" url="AM%20145%20fol/73/WEB_DISPLAY"/>
		</surface>
		<surface xml:id="AM02-0145-0036r" n="74">
			<desc>0036r</desc>
			<graphic mimeType="pdf" url="AM%20145%20fol/74/HIGH_QUALITY_DISPLAY"/>
			<graphic mimeType="jpg" url="AM%20145%20fol/74/THUMBNAIL" width="192px" height="300px"/>
			<graphic mimeType="jpg" url="AM%20145%20fol/74/SECONDARY_DISPLAY" width="2453px" height="3840px"/>
			<graphic mimeType="pdf" url="AM%20145%20fol/74/WEB_DISPLAY"/>
		</surface>
		<surface xml:id="AM02-0145-0036v" n="75">
			<desc>0036v</desc>
			<graphic mimeType="pdf" url="AM%20145%20fol/75/HIGH_QUALITY_DISPLAY"/>
			<graphic mimeType="jpg" url="AM%20145%20fol/75/THUMBNAIL" width="192px" height="300px"/>
			<graphic mimeType="jpg" url="AM%20145%20fol/75/SECONDARY_DISPLAY" width="2453px" height="3840px"/>
			<graphic mimeType="pdf" url="AM%20145%20fol/75/WEB_DISPLAY"/>
		</surface>
		<surface xml:id="AM02-0145-0037r" n="76">
			<desc>0037r</desc>
			<graphic mimeType="pdf" url="AM%20145%20fol/76/HIGH_QUALITY_DISPLAY"/>
			<graphic mimeType="jpg" url="AM%20145%20fol/76/THUMBNAIL" width="192px" height="300px"/>
			<graphic mimeType="jpg" url="AM%20145%20fol/76/SECONDARY_DISPLAY" width="2453px" height="3840px"/>
			<graphic mimeType="pdf" url="AM%20145%20fol/76/WEB_DISPLAY"/>
		</surface>
		<surface xml:id="AM02-0145-0037v" n="77">
			<desc>0037v</desc>
			<graphic mimeType="pdf" url="AM%20145%20fol/77/HIGH_QUALITY_DISPLAY"/>
			<graphic mimeType="jpg" url="AM%20145%20fol/77/THUMBNAIL" width="192px" height="300px"/>
			<graphic mimeType="jpg" url="AM%20145%20fol/77/SECONDARY_DISPLAY" width="2453px" height="3840px"/>
			<graphic mimeType="pdf" url="AM%20145%20fol/77/WEB_DISPLAY"/>
		</surface>
		<surface xml:id="AM02-0145-0038r" n="78">
			<desc>0038r</desc>
			<graphic mimeType="pdf" url="AM%20145%20fol/78/HIGH_QUALITY_DISPLAY"/>
			<graphic mimeType="jpg" url="AM%20145%20fol/78/THUMBNAIL" width="192px" height="300px"/>
			<graphic mimeType="jpg" url="AM%20145%20fol/78/SECONDARY_DISPLAY" width="2453px" height="3840px"/>
			<graphic mimeType="pdf" url="AM%20145%20fol/78/WEB_DISPLAY"/>
		</surface>
		<surface xml:id="AM02-0145-0038v" n="79">
			<desc>0038v</desc>
			<graphic mimeType="pdf" url="AM%20145%20fol/79/HIGH_QUALITY_DISPLAY"/>
			<graphic mimeType="jpg" url="AM%20145%20fol/79/THUMBNAIL" width="192px" height="300px"/>
			<graphic mimeType="jpg" url="AM%20145%20fol/79/SECONDARY_DISPLAY" width="2453px" height="3840px"/>
			<graphic mimeType="pdf" url="AM%20145%20fol/79/WEB_DISPLAY"/>
		</surface>
		<surface xml:id="AM02-0145-0039r" n="80">
			<desc>0039r</desc>
			<graphic mimeType="pdf" url="AM%20145%20fol/80/HIGH_QUALITY_DISPLAY"/>
			<graphic mimeType="jpg" url="AM%20145%20fol/80/THUMBNAIL" width="192px" height="300px"/>
			<graphic mimeType="jpg" url="AM%20145%20fol/80/SECONDARY_DISPLAY" width="2453px" height="3840px"/>
			<graphic mimeType="pdf" url="AM%20145%20fol/80/WEB_DISPLAY"/>
		</surface>
		<surface xml:id="AM02-0145-0039v" n="81">
			<desc>0039v</desc>
			<graphic mimeType="pdf" url="AM%20145%20fol/81/HIGH_QUALITY_DISPLAY"/>
			<graphic mimeType="jpg" url="AM%20145%20fol/81/THUMBNAIL" width="192px" height="300px"/>
			<graphic mimeType="jpg" url="AM%20145%20fol/81/SECONDARY_DISPLAY" width="2453px" height="3840px"/>
			<graphic mimeType="pdf" url="AM%20145%20fol/81/WEB_DISPLAY"/>
		</surface>
		<surface xml:id="AM02-0145-0040r" n="82">
			<desc>0040r</desc>
			<graphic mimeType="pdf" url="AM%20145%20fol/82/HIGH_QUALITY_DISPLAY"/>
			<graphic mimeType="jpg" url="AM%20145%20fol/82/THUMBNAIL" width="192px" height="300px"/>
			<graphic mimeType="jpg" url="AM%20145%20fol/82/SECONDARY_DISPLAY" width="2453px" height="3840px"/>
			<graphic mimeType="pdf" url="AM%20145%20fol/82/WEB_DISPLAY"/>
		</surface>
		<surface xml:id="AM02-0145-0040v" n="83">
			<desc>0040v</desc>
			<graphic mimeType="pdf" url="AM%20145%20fol/83/HIGH_QUALITY_DISPLAY"/>
			<graphic mimeType="jpg" url="AM%20145%20fol/83/THUMBNAIL" width="192px" height="300px"/>
			<graphic mimeType="jpg" url="AM%20145%20fol/83/SECONDARY_DISPLAY" width="2453px" height="3840px"/>
			<graphic mimeType="pdf" url="AM%20145%20fol/83/WEB_DISPLAY"/>
		</surface>
		<surface xml:id="AM02-0145-0041r" n="84">
			<desc>0041r</desc>
			<graphic mimeType="pdf" url="AM%20145%20fol/84/HIGH_QUALITY_DISPLAY"/>
			<graphic mimeType="jpg" url="AM%20145%20fol/84/THUMBNAIL" width="192px" height="300px"/>
			<graphic mimeType="jpg" url="AM%20145%20fol/84/SECONDARY_DISPLAY" width="2453px" height="3840px"/>
			<graphic mimeType="pdf" url="AM%20145%20fol/84/WEB_DISPLAY"/>
		</surface>
		<surface xml:id="AM02-0145-0041v" n="85">
			<desc>0041v</desc>
			<graphic mimeType="pdf" url="AM%20145%20fol/85/HIGH_QUALITY_DISPLAY"/>
			<graphic mimeType="jpg" url="AM%20145%20fol/85/THUMBNAIL" width="192px" height="300px"/>
			<graphic mimeType="jpg" url="AM%20145%20fol/85/SECONDARY_DISPLAY" width="2453px" height="3840px"/>
			<graphic mimeType="pdf" url="AM%20145%20fol/85/WEB_DISPLAY"/>
		</surface>
		<surface xml:id="AM02-0145-0042r" n="86">
			<desc>0042r</desc>
			<graphic mimeType="pdf" url="AM%20145%20fol/86/HIGH_QUALITY_DISPLAY"/>
			<graphic mimeType="jpg" url="AM%20145%20fol/86/THUMBNAIL" width="192px" height="300px"/>
			<graphic mimeType="jpg" url="AM%20145%20fol/86/SECONDARY_DISPLAY" width="2453px" height="3840px"/>
			<graphic mimeType="pdf" url="AM%20145%20fol/86/WEB_DISPLAY"/>
		</surface>
		<surface xml:id="AM02-0145-0042v" n="87">
			<desc>0042v</desc>
			<graphic mimeType="pdf" url="AM%20145%20fol/87/HIGH_QUALITY_DISPLAY"/>
			<graphic mimeType="jpg" url="AM%20145%20fol/87/THUMBNAIL" width="192px" height="300px"/>
			<graphic mimeType="jpg" url="AM%20145%20fol/87/SECONDARY_DISPLAY" width="2453px" height="3840px"/>
			<graphic mimeType="pdf" url="AM%20145%20fol/87/WEB_DISPLAY"/>
		</surface>
		<surface xml:id="AM02-0145-0043r" n="88">
			<desc>0043r</desc>
			<graphic mimeType="pdf" url="AM%20145%20fol/88/HIGH_QUALITY_DISPLAY"/>
			<graphic mimeType="jpg" url="AM%20145%20fol/88/THUMBNAIL" width="192px" height="300px"/>
			<graphic mimeType="jpg" url="AM%20145%20fol/88/SECONDARY_DISPLAY" width="2453px" height="3840px"/>
			<graphic mimeType="pdf" url="AM%20145%20fol/88/WEB_DISPLAY"/>
		</surface>
		<surface xml:id="AM02-0145-0043v" n="89">
			<desc>0043v</desc>
			<graphic mimeType="pdf" url="AM%20145%20fol/89/HIGH_QUALITY_DISPLAY"/>
			<graphic mimeType="jpg" url="AM%20145%20fol/89/THUMBNAIL" width="192px" height="300px"/>
			<graphic mimeType="jpg" url="AM%20145%20fol/89/SECONDARY_DISPLAY" width="2453px" height="3840px"/>
			<graphic mimeType="pdf" url="AM%20145%20fol/89/WEB_DISPLAY"/>
		</surface>
		<surface xml:id="AM02-0145-0044r" n="90">
			<desc>0044r</desc>
			<graphic mimeType="pdf" url="AM%20145%20fol/90/HIGH_QUALITY_DISPLAY"/>
			<graphic mimeType="jpg" url="AM%20145%20fol/90/THUMBNAIL" width="192px" height="300px"/>
			<graphic mimeType="jpg" url="AM%20145%20fol/90/SECONDARY_DISPLAY" width="2453px" height="3840px"/>
			<graphic mimeType="pdf" url="AM%20145%20fol/90/WEB_DISPLAY"/>
		</surface>
		<surface xml:id="AM02-0145-0044v" n="91">
			<desc>0044v</desc>
			<graphic mimeType="pdf" url="AM%20145%20fol/91/HIGH_QUALITY_DISPLAY"/>
			<graphic mimeType="jpg" url="AM%20145%20fol/91/THUMBNAIL" width="192px" height="300px"/>
			<graphic mimeType="jpg" url="AM%20145%20fol/91/SECONDARY_DISPLAY" width="2453px" height="3840px"/>
			<graphic mimeType="pdf" url="AM%20145%20fol/91/WEB_DISPLAY"/>
		</surface>
		<surface xml:id="AM02-0145-0045r" n="92">
			<desc>0045r</desc>
			<graphic mimeType="pdf" url="AM%20145%20fol/92/HIGH_QUALITY_DISPLAY"/>
			<graphic mimeType="jpg" url="AM%20145%20fol/92/THUMBNAIL" width="192px" height="300px"/>
			<graphic mimeType="jpg" url="AM%20145%20fol/92/SECONDARY_DISPLAY" width="2453px" height="3840px"/>
			<graphic mimeType="pdf" url="AM%20145%20fol/92/WEB_DISPLAY"/>
		</surface>
		<surface xml:id="AM02-0145-0045v" n="93">
			<desc>0045v</desc>
			<graphic mimeType="pdf" url="AM%20145%20fol/93/HIGH_QUALITY_DISPLAY"/>
			<graphic mimeType="jpg" url="AM%20145%20fol/93/THUMBNAIL" width="192px" height="300px"/>
			<graphic mimeType="jpg" url="AM%20145%20fol/93/SECONDARY_DISPLAY" width="2453px" height="3840px"/>
			<graphic mimeType="pdf" url="AM%20145%20fol/93/WEB_DISPLAY"/>
		</surface>
		<surface xml:id="AM02-0145-0046r" n="94">
			<desc>0046r</desc>
			<graphic mimeType="pdf" url="AM%20145%20fol/94/HIGH_QUALITY_DISPLAY"/>
			<graphic mimeType="jpg" url="AM%20145%20fol/94/THUMBNAIL" width="192px" height="300px"/>
			<graphic mimeType="jpg" url="AM%20145%20fol/94/SECONDARY_DISPLAY" width="2453px" height="3840px"/>
			<graphic mimeType="pdf" url="AM%20145%20fol/94/WEB_DISPLAY"/>
		</surface>
		<surface xml:id="AM02-0145-0046v" n="95">
			<desc>0046v</desc>
			<graphic mimeType="pdf" url="AM%20145%20fol/95/HIGH_QUALITY_DISPLAY"/>
			<graphic mimeType="jpg" url="AM%20145%20fol/95/THUMBNAIL" width="192px" height="300px"/>
			<graphic mimeType="jpg" url="AM%20145%20fol/95/SECONDARY_DISPLAY" width="2453px" height="3840px"/>
			<graphic mimeType="pdf" url="AM%20145%20fol/95/WEB_DISPLAY"/>
		</surface>
		<surface xml:id="AM02-0145-0047r" n="96">
			<desc>0047r</desc>
			<graphic mimeType="pdf" url="AM%20145%20fol/96/HIGH_QUALITY_DISPLAY"/>
			<graphic mimeType="jpg" url="AM%20145%20fol/96/THUMBNAIL" width="192px" height="300px"/>
			<graphic mimeType="jpg" url="AM%20145%20fol/96/SECONDARY_DISPLAY" width="2453px" height="3840px"/>
			<graphic mimeType="pdf" url="AM%20145%20fol/96/WEB_DISPLAY"/>
		</surface>
		<surface xml:id="AM02-0145-0047v" n="97">
			<desc>0047v</desc>
			<graphic mimeType="pdf" url="AM%20145%20fol/97/HIGH_QUALITY_DISPLAY"/>
			<graphic mimeType="jpg" url="AM%20145%20fol/97/THUMBNAIL" width="192px" height="300px"/>
			<graphic mimeType="jpg" url="AM%20145%20fol/97/SECONDARY_DISPLAY" width="2453px" height="3840px"/>
			<graphic mimeType="pdf" url="AM%20145%20fol/97/WEB_DISPLAY"/>
		</surface>
		<surface xml:id="AM02-0145-0048r" n="98">
			<desc>0048r</desc>
			<graphic mimeType="pdf" url="AM%20145%20fol/98/HIGH_QUALITY_DISPLAY"/>
			<graphic mimeType="jpg" url="AM%20145%20fol/98/THUMBNAIL" width="192px" height="300px"/>
			<graphic mimeType="jpg" url="AM%20145%20fol/98/SECONDARY_DISPLAY" width="2453px" height="3840px"/>
			<graphic mimeType="pdf" url="AM%20145%20fol/98/WEB_DISPLAY"/>
		</surface>
		<surface xml:id="AM02-0145-0048v" n="99">
			<desc>0048v</desc>
			<graphic mimeType="pdf" url="AM%20145%20fol/99/HIGH_QUALITY_DISPLAY"/>
			<graphic mimeType="jpg" url="AM%20145%20fol/99/THUMBNAIL" width="192px" height="300px"/>
			<graphic mimeType="jpg" url="AM%20145%20fol/99/SECONDARY_DISPLAY" width="2453px" height="3840px"/>
			<graphic mimeType="pdf" url="AM%20145%20fol/99/WEB_DISPLAY"/>
		</surface>
		<surface xml:id="AM02-0145-0049r" n="100">
			<desc>0049r</desc>
			<graphic mimeType="pdf" url="AM%20145%20fol/100/HIGH_QUALITY_DISPLAY"/>
			<graphic mimeType="jpg" url="AM%20145%20fol/100/THUMBNAIL" width="192px" height="300px"/>
			<graphic mimeType="jpg" url="AM%20145%20fol/100/SECONDARY_DISPLAY" width="2453px" height="3840px"/>
			<graphic mimeType="pdf" url="AM%20145%20fol/100/WEB_DISPLAY"/>
		</surface>
		<surface xml:id="AM02-0145-0049v" n="101">
			<desc>0049v</desc>
			<graphic mimeType="pdf" url="AM%20145%20fol/101/HIGH_QUALITY_DISPLAY"/>
			<graphic mimeType="jpg" url="AM%20145%20fol/101/THUMBNAIL" width="192px" height="300px"/>
			<graphic mimeType="jpg" url="AM%20145%20fol/101/SECONDARY_DISPLAY" width="2453px" height="3840px"/>
			<graphic mimeType="pdf" url="AM%20145%20fol/101/WEB_DISPLAY"/>
		</surface>
		<surface xml:id="AM02-0145-0050r" n="102">
			<desc>0050r</desc>
			<graphic mimeType="pdf" url="AM%20145%20fol/102/HIGH_QUALITY_DISPLAY"/>
			<graphic mimeType="jpg" url="AM%20145%20fol/102/THUMBNAIL" width="192px" height="300px"/>
			<graphic mimeType="jpg" url="AM%20145%20fol/102/SECONDARY_DISPLAY" width="2453px" height="3840px"/>
			<graphic mimeType="pdf" url="AM%20145%20fol/102/WEB_DISPLAY"/>
		</surface>
		<surface xml:id="AM02-0145-0050v" n="103">
			<desc>0050v</desc>
			<graphic mimeType="pdf" url="AM%20145%20fol/103/HIGH_QUALITY_DISPLAY"/>
			<graphic mimeType="jpg" url="AM%20145%20fol/103/THUMBNAIL" width="192px" height="300px"/>
			<graphic mimeType="jpg" url="AM%20145%20fol/103/SECONDARY_DISPLAY" width="2453px" height="3840px"/>
			<graphic mimeType="pdf" url="AM%20145%20fol/103/WEB_DISPLAY"/>
		</surface>
		<surface xml:id="AM02-0145-0051r" n="104">
			<desc>0051r</desc>
			<graphic mimeType="pdf" url="AM%20145%20fol/104/HIGH_QUALITY_DISPLAY"/>
			<graphic mimeType="jpg" url="AM%20145%20fol/104/THUMBNAIL" width="192px" height="300px"/>
			<graphic mimeType="jpg" url="AM%20145%20fol/104/SECONDARY_DISPLAY" width="2453px" height="3840px"/>
			<graphic mimeType="pdf" url="AM%20145%20fol/104/WEB_DISPLAY"/>
		</surface>
		<surface xml:id="AM02-0145-0051v" n="105">
			<desc>0051v</desc>
			<graphic mimeType="pdf" url="AM%20145%20fol/105/HIGH_QUALITY_DISPLAY"/>
			<graphic mimeType="jpg" url="AM%20145%20fol/105/THUMBNAIL" width="192px" height="300px"/>
			<graphic mimeType="jpg" url="AM%20145%20fol/105/SECONDARY_DISPLAY" width="2453px" height="3840px"/>
			<graphic mimeType="pdf" url="AM%20145%20fol/105/WEB_DISPLAY"/>
		</surface>
		<surface xml:id="AM02-0145-0052r" n="106">
			<desc>0052r</desc>
			<graphic mimeType="pdf" url="AM%20145%20fol/106/HIGH_QUALITY_DISPLAY"/>
			<graphic mimeType="jpg" url="AM%20145%20fol/106/THUMBNAIL" width="192px" height="300px"/>
			<graphic mimeType="jpg" url="AM%20145%20fol/106/SECONDARY_DISPLAY" width="2453px" height="3840px"/>
			<graphic mimeType="pdf" url="AM%20145%20fol/106/WEB_DISPLAY"/>
		</surface>
		<surface xml:id="AM02-0145-0052v" n="107">
			<desc>0052v</desc>
			<graphic mimeType="pdf" url="AM%20145%20fol/107/HIGH_QUALITY_DISPLAY"/>
			<graphic mimeType="jpg" url="AM%20145%20fol/107/THUMBNAIL" width="189px" height="300px"/>
			<graphic mimeType="jpg" url="AM%20145%20fol/107/SECONDARY_DISPLAY" width="2423px" height="3840px"/>
			<graphic mimeType="pdf" url="AM%20145%20fol/107/WEB_DISPLAY"/>
		</surface>
		<surface xml:id="AM02-0145-0053r" n="108">
			<desc>0053r</desc>
			<graphic mimeType="pdf" url="AM%20145%20fol/108/HIGH_QUALITY_DISPLAY"/>
			<graphic mimeType="jpg" url="AM%20145%20fol/108/THUMBNAIL" width="189px" height="300px"/>
			<graphic mimeType="jpg" url="AM%20145%20fol/108/SECONDARY_DISPLAY" width="2423px" height="3840px"/>
			<graphic mimeType="pdf" url="AM%20145%20fol/108/WEB_DISPLAY"/>
		</surface>
		<surface xml:id="AM02-0145-0053v" n="109">
			<desc>0053v</desc>
			<graphic mimeType="pdf" url="AM%20145%20fol/109/HIGH_QUALITY_DISPLAY"/>
			<graphic mimeType="jpg" url="AM%20145%20fol/109/THUMBNAIL" width="189px" height="300px"/>
			<graphic mimeType="jpg" url="AM%20145%20fol/109/SECONDARY_DISPLAY" width="2423px" height="3840px"/>
			<graphic mimeType="pdf" url="AM%20145%20fol/109/WEB_DISPLAY"/>
		</surface>
		<surface xml:id="AM02-0145-0054r" n="110">
			<desc>0054r</desc>
			<graphic mimeType="pdf" url="AM%20145%20fol/110/HIGH_QUALITY_DISPLAY"/>
			<graphic mimeType="jpg" url="AM%20145%20fol/110/THUMBNAIL" width="189px" height="300px"/>
			<graphic mimeType="jpg" url="AM%20145%20fol/110/SECONDARY_DISPLAY" width="2423px" height="3840px"/>
			<graphic mimeType="pdf" url="AM%20145%20fol/110/WEB_DISPLAY"/>
		</surface>
		<surface xml:id="AM02-0145-0054v" n="111">
			<desc>0054v</desc>
			<graphic mimeType="pdf" url="AM%20145%20fol/111/HIGH_QUALITY_DISPLAY"/>
			<graphic mimeType="jpg" url="AM%20145%20fol/111/THUMBNAIL" width="189px" height="300px"/>
			<graphic mimeType="jpg" url="AM%20145%20fol/111/SECONDARY_DISPLAY" width="2423px" height="3840px"/>
			<graphic mimeType="pdf" url="AM%20145%20fol/111/WEB_DISPLAY"/>
		</surface>
		<surface xml:id="AM02-0145-0055r" n="112">
			<desc>0055r</desc>
			<graphic mimeType="pdf" url="AM%20145%20fol/112/HIGH_QUALITY_DISPLAY"/>
			<graphic mimeType="jpg" url="AM%20145%20fol/112/THUMBNAIL" width="189px" height="300px"/>
			<graphic mimeType="jpg" url="AM%20145%20fol/112/SECONDARY_DISPLAY" width="2423px" height="3840px"/>
			<graphic mimeType="pdf" url="AM%20145%20fol/112/WEB_DISPLAY"/>
		</surface>
		<surface xml:id="AM02-0145-0055v" n="113">
			<desc>0055v</desc>
			<graphic mimeType="pdf" url="AM%20145%20fol/113/HIGH_QUALITY_DISPLAY"/>
			<graphic mimeType="jpg" url="AM%20145%20fol/113/THUMBNAIL" width="189px" height="300px"/>
			<graphic mimeType="jpg" url="AM%20145%20fol/113/SECONDARY_DISPLAY" width="2423px" height="3840px"/>
			<graphic mimeType="pdf" url="AM%20145%20fol/113/WEB_DISPLAY"/>
		</surface>
		<surface xml:id="AM02-0145-0056r" n="114">
			<desc>0056r</desc>
			<graphic mimeType="pdf" url="AM%20145%20fol/114/HIGH_QUALITY_DISPLAY"/>
			<graphic mimeType="jpg" url="AM%20145%20fol/114/THUMBNAIL" width="189px" height="300px"/>
			<graphic mimeType="jpg" url="AM%20145%20fol/114/SECONDARY_DISPLAY" width="2423px" height="3840px"/>
			<graphic mimeType="pdf" url="AM%20145%20fol/114/WEB_DISPLAY"/>
		</surface>
		<surface xml:id="AM02-0145-0056v" n="115">
			<desc>0056v</desc>
			<graphic mimeType="pdf" url="AM%20145%20fol/115/HIGH_QUALITY_DISPLAY"/>
			<graphic mimeType="jpg" url="AM%20145%20fol/115/THUMBNAIL" width="189px" height="300px"/>
			<graphic mimeType="jpg" url="AM%20145%20fol/115/SECONDARY_DISPLAY" width="2423px" height="3840px"/>
			<graphic mimeType="pdf" url="AM%20145%20fol/115/WEB_DISPLAY"/>
		</surface>
		<surface xml:id="AM02-0145-0057r" n="116">
			<desc>0057r</desc>
			<graphic mimeType="pdf" url="AM%20145%20fol/116/HIGH_QUALITY_DISPLAY"/>
			<graphic mimeType="jpg" url="AM%20145%20fol/116/THUMBNAIL" width="189px" height="300px"/>
			<graphic mimeType="jpg" url="AM%20145%20fol/116/SECONDARY_DISPLAY" width="2423px" height="3840px"/>
			<graphic mimeType="pdf" url="AM%20145%20fol/116/WEB_DISPLAY"/>
		</surface>
		<surface xml:id="AM02-0145-0057v" n="117">
			<desc>0057v</desc>
			<graphic mimeType="pdf" url="AM%20145%20fol/117/HIGH_QUALITY_DISPLAY"/>
			<graphic mimeType="jpg" url="AM%20145%20fol/117/THUMBNAIL" width="189px" height="300px"/>
			<graphic mimeType="jpg" url="AM%20145%20fol/117/SECONDARY_DISPLAY" width="2423px" height="3840px"/>
			<graphic mimeType="pdf" url="AM%20145%20fol/117/WEB_DISPLAY"/>
		</surface>
		<surface xml:id="AM02-0145-0058r" n="118">
			<desc>0058r</desc>
			<graphic mimeType="pdf" url="AM%20145%20fol/118/HIGH_QUALITY_DISPLAY"/>
			<graphic mimeType="jpg" url="AM%20145%20fol/118/THUMBNAIL" width="189px" height="300px"/>
			<graphic mimeType="jpg" url="AM%20145%20fol/118/SECONDARY_DISPLAY" width="2423px" height="3840px"/>
			<graphic mimeType="pdf" url="AM%20145%20fol/118/WEB_DISPLAY"/>
		</surface>
		<surface xml:id="AM02-0145-0058v" n="119">
			<desc>0058v</desc>
			<graphic mimeType="pdf" url="AM%20145%20fol/119/HIGH_QUALITY_DISPLAY"/>
			<graphic mimeType="jpg" url="AM%20145%20fol/119/THUMBNAIL" width="189px" height="300px"/>
			<graphic mimeType="jpg" url="AM%20145%20fol/119/SECONDARY_DISPLAY" width="2423px" height="3840px"/>
			<graphic mimeType="pdf" url="AM%20145%20fol/119/WEB_DISPLAY"/>
		</surface>
		<surface xml:id="AM02-0145-0059r" n="120">
			<desc>0059r</desc>
			<graphic mimeType="pdf" url="AM%20145%20fol/120/HIGH_QUALITY_DISPLAY"/>
			<graphic mimeType="jpg" url="AM%20145%20fol/120/THUMBNAIL" width="189px" height="300px"/>
			<graphic mimeType="jpg" url="AM%20145%20fol/120/SECONDARY_DISPLAY" width="2423px" height="3840px"/>
			<graphic mimeType="pdf" url="AM%20145%20fol/120/WEB_DISPLAY"/>
		</surface>
		<surface xml:id="AM02-0145-0059v" n="121">
			<desc>0059v</desc>
			<graphic mimeType="pdf" url="AM%20145%20fol/121/HIGH_QUALITY_DISPLAY"/>
			<graphic mimeType="jpg" url="AM%20145%20fol/121/THUMBNAIL" width="189px" height="300px"/>
			<graphic mimeType="jpg" url="AM%20145%20fol/121/SECONDARY_DISPLAY" width="2423px" height="3840px"/>
			<graphic mimeType="pdf" url="AM%20145%20fol/121/WEB_DISPLAY"/>
		</surface>
		<surface xml:id="AM02-0145-0060r" n="122">
			<desc>0060r</desc>
			<graphic mimeType="pdf" url="AM%20145%20fol/122/HIGH_QUALITY_DISPLAY"/>
			<graphic mimeType="jpg" url="AM%20145%20fol/122/THUMBNAIL" width="189px" height="300px"/>
			<graphic mimeType="jpg" url="AM%20145%20fol/122/SECONDARY_DISPLAY" width="2423px" height="3840px"/>
			<graphic mimeType="pdf" url="AM%20145%20fol/122/WEB_DISPLAY"/>
		</surface>
		<surface xml:id="AM02-0145-0060v" n="123">
			<desc>0060v</desc>
			<graphic mimeType="pdf" url="AM%20145%20fol/123/HIGH_QUALITY_DISPLAY"/>
			<graphic mimeType="jpg" url="AM%20145%20fol/123/THUMBNAIL" width="189px" height="300px"/>
			<graphic mimeType="jpg" url="AM%20145%20fol/123/SECONDARY_DISPLAY" width="2423px" height="3840px"/>
			<graphic mimeType="pdf" url="AM%20145%20fol/123/WEB_DISPLAY"/>
		</surface>
		<surface xml:id="AM02-0145-0061r" n="124">
			<desc>0061r</desc>
			<graphic mimeType="pdf" url="AM%20145%20fol/124/HIGH_QUALITY_DISPLAY"/>
			<graphic mimeType="jpg" url="AM%20145%20fol/124/THUMBNAIL" width="189px" height="300px"/>
			<graphic mimeType="jpg" url="AM%20145%20fol/124/SECONDARY_DISPLAY" width="2423px" height="3840px"/>
			<graphic mimeType="pdf" url="AM%20145%20fol/124/WEB_DISPLAY"/>
		</surface>
		<surface xml:id="AM02-0145-0061v" n="125">
			<desc>0061v</desc>
			<graphic mimeType="pdf" url="AM%20145%20fol/125/HIGH_QUALITY_DISPLAY"/>
			<graphic mimeType="jpg" url="AM%20145%20fol/125/THUMBNAIL" width="189px" height="300px"/>
			<graphic mimeType="jpg" url="AM%20145%20fol/125/SECONDARY_DISPLAY" width="2423px" height="3840px"/>
			<graphic mimeType="pdf" url="AM%20145%20fol/125/WEB_DISPLAY"/>
		</surface>
		<surface xml:id="AM02-0145-0062r" n="126">
			<desc>0062r</desc>
			<graphic mimeType="pdf" url="AM%20145%20fol/126/HIGH_QUALITY_DISPLAY"/>
			<graphic mimeType="jpg" url="AM%20145%20fol/126/THUMBNAIL" width="189px" height="300px"/>
			<graphic mimeType="jpg" url="AM%20145%20fol/126/SECONDARY_DISPLAY" width="2423px" height="3840px"/>
			<graphic mimeType="pdf" url="AM%20145%20fol/126/WEB_DISPLAY"/>
		</surface>
		<surface xml:id="AM02-0145-0062v" n="127">
			<desc>0062v</desc>
			<graphic mimeType="pdf" url="AM%20145%20fol/127/HIGH_QUALITY_DISPLAY"/>
			<graphic mimeType="jpg" url="AM%20145%20fol/127/THUMBNAIL" width="189px" height="300px"/>
			<graphic mimeType="jpg" url="AM%20145%20fol/127/SECONDARY_DISPLAY" width="2423px" height="3840px"/>
			<graphic mimeType="pdf" url="AM%20145%20fol/127/WEB_DISPLAY"/>
		</surface>
		<surface xml:id="AM02-0145-0063r" n="128">
			<desc>0063r</desc>
			<graphic mimeType="pdf" url="AM%20145%20fol/128/HIGH_QUALITY_DISPLAY"/>
			<graphic mimeType="jpg" url="AM%20145%20fol/128/THUMBNAIL" width="189px" height="300px"/>
			<graphic mimeType="jpg" url="AM%20145%20fol/128/SECONDARY_DISPLAY" width="2423px" height="3840px"/>
			<graphic mimeType="pdf" url="AM%20145%20fol/128/WEB_DISPLAY"/>
		</surface>
		<surface xml:id="AM02-0145-0063v" n="129">
			<desc>0063v</desc>
			<graphic mimeType="pdf" url="AM%20145%20fol/129/HIGH_QUALITY_DISPLAY"/>
			<graphic mimeType="jpg" url="AM%20145%20fol/129/THUMBNAIL" width="189px" height="300px"/>
			<graphic mimeType="jpg" url="AM%20145%20fol/129/SECONDARY_DISPLAY" width="2423px" height="3840px"/>
			<graphic mimeType="pdf" url="AM%20145%20fol/129/WEB_DISPLAY"/>
		</surface>
		<surface xml:id="AM02-0145-0064r" n="130">
			<desc>0064r</desc>
			<graphic mimeType="pdf" url="AM%20145%20fol/130/HIGH_QUALITY_DISPLAY"/>
			<graphic mimeType="jpg" url="AM%20145%20fol/130/THUMBNAIL" width="189px" height="300px"/>
			<graphic mimeType="jpg" url="AM%20145%20fol/130/SECONDARY_DISPLAY" width="2423px" height="3840px"/>
			<graphic mimeType="pdf" url="AM%20145%20fol/130/WEB_DISPLAY"/>
		</surface>
		<surface xml:id="AM02-0145-0064v" n="131">
			<desc>0064v</desc>
			<graphic mimeType="pdf" url="AM%20145%20fol/131/HIGH_QUALITY_DISPLAY"/>
			<graphic mimeType="jpg" url="AM%20145%20fol/131/THUMBNAIL" width="189px" height="300px"/>
			<graphic mimeType="jpg" url="AM%20145%20fol/131/SECONDARY_DISPLAY" width="2423px" height="3840px"/>
			<graphic mimeType="pdf" url="AM%20145%20fol/131/WEB_DISPLAY"/>
		</surface>
		<surface xml:id="AM02-0145-0065r" n="132">
			<desc>0065r</desc>
			<graphic mimeType="pdf" url="AM%20145%20fol/132/HIGH_QUALITY_DISPLAY"/>
			<graphic mimeType="jpg" url="AM%20145%20fol/132/THUMBNAIL" width="189px" height="300px"/>
			<graphic mimeType="jpg" url="AM%20145%20fol/132/SECONDARY_DISPLAY" width="2423px" height="3840px"/>
			<graphic mimeType="pdf" url="AM%20145%20fol/132/WEB_DISPLAY"/>
		</surface>
		<surface xml:id="AM02-0145-0065v" n="133">
			<desc>0065v</desc>
			<graphic mimeType="pdf" url="AM%20145%20fol/133/HIGH_QUALITY_DISPLAY"/>
			<graphic mimeType="jpg" url="AM%20145%20fol/133/THUMBNAIL" width="189px" height="300px"/>
			<graphic mimeType="jpg" url="AM%20145%20fol/133/SECONDARY_DISPLAY" width="2423px" height="3840px"/>
			<graphic mimeType="pdf" url="AM%20145%20fol/133/WEB_DISPLAY"/>
		</surface>
		<surface xml:id="AM02-0145-0066r" n="134">
			<desc>0066r</desc>
			<graphic mimeType="pdf" url="AM%20145%20fol/134/HIGH_QUALITY_DISPLAY"/>
			<graphic mimeType="jpg" url="AM%20145%20fol/134/THUMBNAIL" width="189px" height="300px"/>
			<graphic mimeType="jpg" url="AM%20145%20fol/134/SECONDARY_DISPLAY" width="2423px" height="3840px"/>
			<graphic mimeType="pdf" url="AM%20145%20fol/134/WEB_DISPLAY"/>
		</surface>
		<surface xml:id="AM02-0145-0066v" n="135">
			<desc>0066v</desc>
			<graphic mimeType="pdf" url="AM%20145%20fol/135/HIGH_QUALITY_DISPLAY"/>
			<graphic mimeType="jpg" url="AM%20145%20fol/135/THUMBNAIL" width="189px" height="300px"/>
			<graphic mimeType="jpg" url="AM%20145%20fol/135/SECONDARY_DISPLAY" width="2423px" height="3840px"/>
			<graphic mimeType="pdf" url="AM%20145%20fol/135/WEB_DISPLAY"/>
		</surface>
		<surface xml:id="AM02-0145-0067r" n="136">
			<desc>0067r</desc>
			<graphic mimeType="pdf" url="AM%20145%20fol/136/HIGH_QUALITY_DISPLAY"/>
			<graphic mimeType="jpg" url="AM%20145%20fol/136/THUMBNAIL" width="189px" height="300px"/>
			<graphic mimeType="jpg" url="AM%20145%20fol/136/SECONDARY_DISPLAY" width="2423px" height="3840px"/>
			<graphic mimeType="pdf" url="AM%20145%20fol/136/WEB_DISPLAY"/>
		</surface>
		<surface xml:id="AM02-0145-0067v" n="137">
			<desc>0067v</desc>
			<graphic mimeType="pdf" url="AM%20145%20fol/137/HIGH_QUALITY_DISPLAY"/>
			<graphic mimeType="jpg" url="AM%20145%20fol/137/THUMBNAIL" width="189px" height="300px"/>
			<graphic mimeType="jpg" url="AM%20145%20fol/137/SECONDARY_DISPLAY" width="2423px" height="3840px"/>
			<graphic mimeType="pdf" url="AM%20145%20fol/137/WEB_DISPLAY"/>
		</surface>
		<surface xml:id="AM02-0145-0068r" n="138">
			<desc>0068r</desc>
			<graphic mimeType="pdf" url="AM%20145%20fol/138/HIGH_QUALITY_DISPLAY"/>
			<graphic mimeType="jpg" url="AM%20145%20fol/138/THUMBNAIL" width="189px" height="300px"/>
			<graphic mimeType="jpg" url="AM%20145%20fol/138/SECONDARY_DISPLAY" width="2423px" height="3840px"/>
			<graphic mimeType="pdf" url="AM%20145%20fol/138/WEB_DISPLAY"/>
		</surface>
		<surface xml:id="AM02-0145-0068v" n="139">
			<desc>0068v</desc>
			<graphic mimeType="pdf" url="AM%20145%20fol/139/HIGH_QUALITY_DISPLAY"/>
			<graphic mimeType="jpg" url="AM%20145%20fol/139/THUMBNAIL" width="194px" height="300px"/>
			<graphic mimeType="jpg" url="AM%20145%20fol/139/SECONDARY_DISPLAY" width="2453px" height="3804px"/>
			<graphic mimeType="pdf" url="AM%20145%20fol/139/WEB_DISPLAY"/>
		</surface>
		<surface xml:id="AM02-0145-0069r" n="140">
			<desc>0069r</desc>
			<graphic mimeType="pdf" url="AM%20145%20fol/140/HIGH_QUALITY_DISPLAY"/>
			<graphic mimeType="jpg" url="AM%20145%20fol/140/THUMBNAIL" width="194px" height="300px"/>
			<graphic mimeType="jpg" url="AM%20145%20fol/140/SECONDARY_DISPLAY" width="2453px" height="3804px"/>
			<graphic mimeType="pdf" url="AM%20145%20fol/140/WEB_DISPLAY"/>
		</surface>
		<surface xml:id="AM02-0145-0069v" n="141">
			<desc>0069v</desc>
			<graphic mimeType="pdf" url="AM%20145%20fol/141/HIGH_QUALITY_DISPLAY"/>
			<graphic mimeType="jpg" url="AM%20145%20fol/141/THUMBNAIL" width="189px" height="300px"/>
			<graphic mimeType="jpg" url="AM%20145%20fol/141/SECONDARY_DISPLAY" width="2423px" height="3840px"/>
			<graphic mimeType="pdf" url="AM%20145%20fol/141/WEB_DISPLAY"/>
		</surface>
		<surface xml:id="AM02-0145-0070r" n="142">
			<desc>0070r</desc>
			<graphic mimeType="pdf" url="AM%20145%20fol/142/HIGH_QUALITY_DISPLAY"/>
			<graphic mimeType="jpg" url="AM%20145%20fol/142/THUMBNAIL" width="189px" height="300px"/>
			<graphic mimeType="jpg" url="AM%20145%20fol/142/SECONDARY_DISPLAY" width="2423px" height="3840px"/>
			<graphic mimeType="pdf" url="AM%20145%20fol/142/WEB_DISPLAY"/>
		</surface>
		<surface xml:id="AM02-0145-0070v" n="143">
			<desc>0070v</desc>
			<graphic mimeType="pdf" url="AM%20145%20fol/143/HIGH_QUALITY_DISPLAY"/>
			<graphic mimeType="jpg" url="AM%20145%20fol/143/THUMBNAIL" width="189px" height="300px"/>
			<graphic mimeType="jpg" url="AM%20145%20fol/143/SECONDARY_DISPLAY" width="2423px" height="3840px"/>
			<graphic mimeType="pdf" url="AM%20145%20fol/143/WEB_DISPLAY"/>
		</surface>
		<surface xml:id="AM02-0145-0071r" n="144">
			<desc>0071r</desc>
			<graphic mimeType="pdf" url="AM%20145%20fol/144/HIGH_QUALITY_DISPLAY"/>
			<graphic mimeType="jpg" url="AM%20145%20fol/144/THUMBNAIL" width="189px" height="300px"/>
			<graphic mimeType="jpg" url="AM%20145%20fol/144/SECONDARY_DISPLAY" width="2423px" height="3840px"/>
			<graphic mimeType="pdf" url="AM%20145%20fol/144/WEB_DISPLAY"/>
		</surface>
		<surface xml:id="AM02-0145-0071v" n="145">
			<desc>0071v</desc>
			<graphic mimeType="pdf" url="AM%20145%20fol/145/HIGH_QUALITY_DISPLAY"/>
			<graphic mimeType="jpg" url="AM%20145%20fol/145/THUMBNAIL" width="189px" height="300px"/>
			<graphic mimeType="jpg" url="AM%20145%20fol/145/SECONDARY_DISPLAY" width="2423px" height="3840px"/>
			<graphic mimeType="pdf" url="AM%20145%20fol/145/WEB_DISPLAY"/>
		</surface>
		<surface xml:id="AM02-0145-0072r" n="146">
			<desc>0072r</desc>
			<graphic mimeType="pdf" url="AM%20145%20fol/146/HIGH_QUALITY_DISPLAY"/>
			<graphic mimeType="jpg" url="AM%20145%20fol/146/THUMBNAIL" width="189px" height="300px"/>
			<graphic mimeType="jpg" url="AM%20145%20fol/146/SECONDARY_DISPLAY" width="2423px" height="3840px"/>
			<graphic mimeType="pdf" url="AM%20145%20fol/146/WEB_DISPLAY"/>
		</surface>
		<surface xml:id="AM02-0145-0072v" n="147">
			<desc>0072v</desc>
			<graphic mimeType="pdf" url="AM%20145%20fol/147/HIGH_QUALITY_DISPLAY"/>
			<graphic mimeType="jpg" url="AM%20145%20fol/147/THUMBNAIL" width="189px" height="300px"/>
			<graphic mimeType="jpg" url="AM%20145%20fol/147/SECONDARY_DISPLAY" width="2423px" height="3840px"/>
			<graphic mimeType="pdf" url="AM%20145%20fol/147/WEB_DISPLAY"/>
		</surface>
		<surface xml:id="AM02-0145-0073r" n="148">
			<desc>0073r</desc>
			<graphic mimeType="pdf" url="AM%20145%20fol/148/HIGH_QUALITY_DISPLAY"/>
			<graphic mimeType="jpg" url="AM%20145%20fol/148/THUMBNAIL" width="189px" height="300px"/>
			<graphic mimeType="jpg" url="AM%20145%20fol/148/SECONDARY_DISPLAY" width="2423px" height="3840px"/>
			<graphic mimeType="pdf" url="AM%20145%20fol/148/WEB_DISPLAY"/>
		</surface>
		<surface xml:id="AM02-0145-0073v" n="149">
			<desc>0073v</desc>
			<graphic mimeType="pdf" url="AM%20145%20fol/149/HIGH_QUALITY_DISPLAY"/>
			<graphic mimeType="jpg" url="AM%20145%20fol/149/THUMBNAIL" width="189px" height="300px"/>
			<graphic mimeType="jpg" url="AM%20145%20fol/149/SECONDARY_DISPLAY" width="2423px" height="3840px"/>
			<graphic mimeType="pdf" url="AM%20145%20fol/149/WEB_DISPLAY"/>
		</surface>
		<surface xml:id="AM02-0145-0074r" n="150">
			<desc>0074r</desc>
			<graphic mimeType="pdf" url="AM%20145%20fol/150/HIGH_QUALITY_DISPLAY"/>
			<graphic mimeType="jpg" url="AM%20145%20fol/150/THUMBNAIL" width="189px" height="300px"/>
			<graphic mimeType="jpg" url="AM%20145%20fol/150/SECONDARY_DISPLAY" width="2423px" height="3840px"/>
			<graphic mimeType="pdf" url="AM%20145%20fol/150/WEB_DISPLAY"/>
		</surface>
		<surface xml:id="AM02-0145-0074v" n="151">
			<desc>0074v</desc>
			<graphic mimeType="pdf" url="AM%20145%20fol/151/HIGH_QUALITY_DISPLAY"/>
			<graphic mimeType="jpg" url="AM%20145%20fol/151/THUMBNAIL" width="189px" height="300px"/>
			<graphic mimeType="jpg" url="AM%20145%20fol/151/SECONDARY_DISPLAY" width="2423px" height="3840px"/>
			<graphic mimeType="pdf" url="AM%20145%20fol/151/WEB_DISPLAY"/>
		</surface>
		<surface xml:id="AM02-0145-0075r" n="152">
			<desc>0075r</desc>
			<graphic mimeType="pdf" url="AM%20145%20fol/152/HIGH_QUALITY_DISPLAY"/>
			<graphic mimeType="jpg" url="AM%20145%20fol/152/THUMBNAIL" width="189px" height="300px"/>
			<graphic mimeType="jpg" url="AM%20145%20fol/152/SECONDARY_DISPLAY" width="2423px" height="3840px"/>
			<graphic mimeType="pdf" url="AM%20145%20fol/152/WEB_DISPLAY"/>
		</surface>
		<surface xml:id="AM02-0145-0075v" n="153">
			<desc>0075v</desc>
			<graphic mimeType="pdf" url="AM%20145%20fol/153/HIGH_QUALITY_DISPLAY"/>
			<graphic mimeType="jpg" url="AM%20145%20fol/153/THUMBNAIL" width="189px" height="300px"/>
			<graphic mimeType="jpg" url="AM%20145%20fol/153/SECONDARY_DISPLAY" width="2423px" height="3840px"/>
			<graphic mimeType="pdf" url="AM%20145%20fol/153/WEB_DISPLAY"/>
		</surface>
		<surface xml:id="AM02-0145-0076r" n="154">
			<desc>0076r</desc>
			<graphic mimeType="pdf" url="AM%20145%20fol/154/HIGH_QUALITY_DISPLAY"/>
			<graphic mimeType="jpg" url="AM%20145%20fol/154/THUMBNAIL" width="189px" height="300px"/>
			<graphic mimeType="jpg" url="AM%20145%20fol/154/SECONDARY_DISPLAY" width="2423px" height="3840px"/>
			<graphic mimeType="pdf" url="AM%20145%20fol/154/WEB_DISPLAY"/>
		</surface>
		<surface xml:id="AM02-0145-0076v" n="155">
			<desc>0076v</desc>
			<graphic mimeType="pdf" url="AM%20145%20fol/155/HIGH_QUALITY_DISPLAY"/>
			<graphic mimeType="jpg" url="AM%20145%20fol/155/THUMBNAIL" width="189px" height="300px"/>
			<graphic mimeType="jpg" url="AM%20145%20fol/155/SECONDARY_DISPLAY" width="2423px" height="3840px"/>
			<graphic mimeType="pdf" url="AM%20145%20fol/155/WEB_DISPLAY"/>
		</surface>
		<surface xml:id="AM02-0145-0077r" n="156">
			<desc>0077r</desc>
			<graphic mimeType="pdf" url="AM%20145%20fol/156/HIGH_QUALITY_DISPLAY"/>
			<graphic mimeType="jpg" url="AM%20145%20fol/156/THUMBNAIL" width="189px" height="300px"/>
			<graphic mimeType="jpg" url="AM%20145%20fol/156/SECONDARY_DISPLAY" width="2423px" height="3840px"/>
			<graphic mimeType="pdf" url="AM%20145%20fol/156/WEB_DISPLAY"/>
		</surface>
		<surface xml:id="AM02-0145-0077v" n="157">
			<desc>0077v</desc>
			<graphic mimeType="pdf" url="AM%20145%20fol/157/HIGH_QUALITY_DISPLAY"/>
			<graphic mimeType="jpg" url="AM%20145%20fol/157/THUMBNAIL" width="189px" height="300px"/>
			<graphic mimeType="jpg" url="AM%20145%20fol/157/SECONDARY_DISPLAY" width="2423px" height="3840px"/>
			<graphic mimeType="pdf" url="AM%20145%20fol/157/WEB_DISPLAY"/>
		</surface>
		<surface xml:id="AM02-0145-0078r" n="158">
			<desc>0078r</desc>
			<graphic mimeType="pdf" url="AM%20145%20fol/158/HIGH_QUALITY_DISPLAY"/>
			<graphic mimeType="jpg" url="AM%20145%20fol/158/THUMBNAIL" width="189px" height="300px"/>
			<graphic mimeType="jpg" url="AM%20145%20fol/158/SECONDARY_DISPLAY" width="2423px" height="3840px"/>
			<graphic mimeType="pdf" url="AM%20145%20fol/158/WEB_DISPLAY"/>
		</surface>
		<surface xml:id="AM02-0145-0078v" n="159">
			<desc>0078v</desc>
			<graphic mimeType="pdf" url="AM%20145%20fol/159/HIGH_QUALITY_DISPLAY"/>
			<graphic mimeType="jpg" url="AM%20145%20fol/159/THUMBNAIL" width="189px" height="300px"/>
			<graphic mimeType="jpg" url="AM%20145%20fol/159/SECONDARY_DISPLAY" width="2423px" height="3840px"/>
			<graphic mimeType="pdf" url="AM%20145%20fol/159/WEB_DISPLAY"/>
		</surface>
		<surface xml:id="AM02-0145-0079r" n="160">
			<desc>0079r</desc>
			<graphic mimeType="pdf" url="AM%20145%20fol/160/HIGH_QUALITY_DISPLAY"/>
			<graphic mimeType="jpg" url="AM%20145%20fol/160/THUMBNAIL" width="189px" height="300px"/>
			<graphic mimeType="jpg" url="AM%20145%20fol/160/SECONDARY_DISPLAY" width="2423px" height="3840px"/>
			<graphic mimeType="pdf" url="AM%20145%20fol/160/WEB_DISPLAY"/>
		</surface>
		<surface xml:id="AM02-0145-0079v" n="161">
			<desc>0079v</desc>
			<graphic mimeType="pdf" url="AM%20145%20fol/161/HIGH_QUALITY_DISPLAY"/>
			<graphic mimeType="jpg" url="AM%20145%20fol/161/THUMBNAIL" width="189px" height="300px"/>
			<graphic mimeType="jpg" url="AM%20145%20fol/161/SECONDARY_DISPLAY" width="2423px" height="3840px"/>
			<graphic mimeType="pdf" url="AM%20145%20fol/161/WEB_DISPLAY"/>
		</surface>
		<surface xml:id="AM02-0145-0080r" n="162">
			<desc>0080r</desc>
			<graphic mimeType="pdf" url="AM%20145%20fol/162/HIGH_QUALITY_DISPLAY"/>
			<graphic mimeType="jpg" url="AM%20145%20fol/162/THUMBNAIL" width="189px" height="300px"/>
			<graphic mimeType="jpg" url="AM%20145%20fol/162/SECONDARY_DISPLAY" width="2423px" height="3840px"/>
			<graphic mimeType="pdf" url="AM%20145%20fol/162/WEB_DISPLAY"/>
		</surface>
		<surface xml:id="AM02-0145-0080v" n="163">
			<desc>0080v</desc>
			<graphic mimeType="pdf" url="AM%20145%20fol/163/HIGH_QUALITY_DISPLAY"/>
			<graphic mimeType="jpg" url="AM%20145%20fol/163/THUMBNAIL" width="189px" height="300px"/>
			<graphic mimeType="jpg" url="AM%20145%20fol/163/SECONDARY_DISPLAY" width="2423px" height="3840px"/>
			<graphic mimeType="pdf" url="AM%20145%20fol/163/WEB_DISPLAY"/>
		</surface>
		<surface xml:id="AM02-0145-0081r" n="164">
			<desc>0081r</desc>
			<graphic mimeType="pdf" url="AM%20145%20fol/164/HIGH_QUALITY_DISPLAY"/>
			<graphic mimeType="jpg" url="AM%20145%20fol/164/THUMBNAIL" width="189px" height="300px"/>
			<graphic mimeType="jpg" url="AM%20145%20fol/164/SECONDARY_DISPLAY" width="2423px" height="3840px"/>
			<graphic mimeType="pdf" url="AM%20145%20fol/164/WEB_DISPLAY"/>
		</surface>
		<surface xml:id="AM02-0145-0081v" n="165">
			<desc>0081v</desc>
			<graphic mimeType="pdf" url="AM%20145%20fol/165/HIGH_QUALITY_DISPLAY"/>
			<graphic mimeType="jpg" url="AM%20145%20fol/165/THUMBNAIL" width="189px" height="300px"/>
			<graphic mimeType="jpg" url="AM%20145%20fol/165/SECONDARY_DISPLAY" width="2423px" height="3840px"/>
			<graphic mimeType="pdf" url="AM%20145%20fol/165/WEB_DISPLAY"/>
		</surface>
		<surface xml:id="AM02-0145-0082r" n="166">
			<desc>0082r</desc>
			<graphic mimeType="pdf" url="AM%20145%20fol/166/HIGH_QUALITY_DISPLAY"/>
			<graphic mimeType="jpg" url="AM%20145%20fol/166/THUMBNAIL" width="189px" height="300px"/>
			<graphic mimeType="jpg" url="AM%20145%20fol/166/SECONDARY_DISPLAY" width="2423px" height="3840px"/>
			<graphic mimeType="pdf" url="AM%20145%20fol/166/WEB_DISPLAY"/>
		</surface>
		<surface xml:id="AM02-0145-0082v" n="167">
			<desc>0082v</desc>
			<graphic mimeType="pdf" url="AM%20145%20fol/167/HIGH_QUALITY_DISPLAY"/>
			<graphic mimeType="jpg" url="AM%20145%20fol/167/THUMBNAIL" width="189px" height="300px"/>
			<graphic mimeType="jpg" url="AM%20145%20fol/167/SECONDARY_DISPLAY" width="2423px" height="3840px"/>
			<graphic mimeType="pdf" url="AM%20145%20fol/167/WEB_DISPLAY"/>
		</surface>
		<surface xml:id="AM02-0145-0083r" n="168">
			<desc>0083r</desc>
			<graphic mimeType="pdf" url="AM%20145%20fol/168/HIGH_QUALITY_DISPLAY"/>
			<graphic mimeType="jpg" url="AM%20145%20fol/168/THUMBNAIL" width="189px" height="300px"/>
			<graphic mimeType="jpg" url="AM%20145%20fol/168/SECONDARY_DISPLAY" width="2423px" height="3840px"/>
			<graphic mimeType="pdf" url="AM%20145%20fol/168/WEB_DISPLAY"/>
		</surface>
		<surface xml:id="AM02-0145-0083v" n="169">
			<desc>0083v</desc>
			<graphic mimeType="pdf" url="AM%20145%20fol/169/HIGH_QUALITY_DISPLAY"/>
			<graphic mimeType="jpg" url="AM%20145%20fol/169/THUMBNAIL" width="189px" height="300px"/>
			<graphic mimeType="jpg" url="AM%20145%20fol/169/SECONDARY_DISPLAY" width="2423px" height="3840px"/>
			<graphic mimeType="pdf" url="AM%20145%20fol/169/WEB_DISPLAY"/>
		</surface>
		<surface xml:id="AM02-0145-0084r" n="170">
			<desc>0084r</desc>
			<graphic mimeType="pdf" url="AM%20145%20fol/170/HIGH_QUALITY_DISPLAY"/>
			<graphic mimeType="jpg" url="AM%20145%20fol/170/THUMBNAIL" width="189px" height="300px"/>
			<graphic mimeType="jpg" url="AM%20145%20fol/170/SECONDARY_DISPLAY" width="2423px" height="3840px"/>
			<graphic mimeType="pdf" url="AM%20145%20fol/170/WEB_DISPLAY"/>
		</surface>
		<surface xml:id="AM02-0145-0084v" n="171">
			<desc>0084v</desc>
			<graphic mimeType="pdf" url="AM%20145%20fol/171/HIGH_QUALITY_DISPLAY"/>
			<graphic mimeType="jpg" url="AM%20145%20fol/171/THUMBNAIL" width="189px" height="300px"/>
			<graphic mimeType="jpg" url="AM%20145%20fol/171/SECONDARY_DISPLAY" width="2423px" height="3840px"/>
			<graphic mimeType="pdf" url="AM%20145%20fol/171/WEB_DISPLAY"/>
		</surface>
		<surface xml:id="AM02-0145-9901r-RearFlyleaf" n="172">
			<desc>9901r-RearFlyleaf</desc>
			<graphic mimeType="pdf" url="AM%20145%20fol/172/HIGH_QUALITY_DISPLAY"/>
			<graphic mimeType="jpg" url="AM%20145%20fol/172/THUMBNAIL" width="189px" height="300px"/>
			<graphic mimeType="jpg" url="AM%20145%20fol/172/SECONDARY_DISPLAY" width="2423px" height="3840px"/>
			<graphic mimeType="pdf" url="AM%20145%20fol/172/WEB_DISPLAY"/>
		</surface>
		<surface xml:id="AM02-0145-9901v-RearFlyleaf" n="173">
			<desc>9901v-RearFlyleaf</desc>
			<graphic mimeType="pdf" url="AM%20145%20fol/173/HIGH_QUALITY_DISPLAY"/>
			<graphic mimeType="jpg" url="AM%20145%20fol/173/THUMBNAIL" width="189px" height="300px"/>
			<graphic mimeType="jpg" url="AM%20145%20fol/173/SECONDARY_DISPLAY" width="2423px" height="3840px"/>
			<graphic mimeType="pdf" url="AM%20145%20fol/173/WEB_DISPLAY"/>
		</surface>
		<surface xml:id="AM02-0145-9999r-RearBoard" n="174">
			<desc>9999r-RearBoard</desc>
			<graphic mimeType="pdf" url="AM%20145%20fol/174/HIGH_QUALITY_DISPLAY"/>
			<graphic mimeType="jpg" url="AM%20145%20fol/174/THUMBNAIL" width="189px" height="300px"/>
			<graphic mimeType="jpg" url="AM%20145%20fol/174/SECONDARY_DISPLAY" width="2423px" height="3840px"/>
			<graphic mimeType="pdf" url="AM%20145%20fol/174/WEB_DISPLAY"/>
		</surface>
		<surface xml:id="AM02-0145-9999v-RearBoard" n="175">
			<desc>9999v-RearBoard</desc>
			<graphic mimeType="pdf" url="AM%20145%20fol/175/HIGH_QUALITY_DISPLAY"/>
			<graphic mimeType="jpg" url="AM%20145%20fol/175/THUMBNAIL" width="200px" height="292px"/>
			<graphic mimeType="jpg" url="AM%20145%20fol/175/SECONDARY_DISPLAY" width="2736px" height="3996px"/>
			<graphic mimeType="pdf" url="AM%20145%20fol/175/WEB_DISPLAY"/>
		</surface>
		<surface xml:id="AM02-0145-ccp-colour-control-patch" n="176">
			<desc>ccp-colour control patch</desc>
			<graphic mimeType="pdf" url="AM%20145%20fol/176/HIGH_QUALITY_DISPLAY"/>
			<graphic mimeType="jpg" url="AM%20145%20fol/176/THUMBNAIL" width="182px" height="300px"/>
			<graphic mimeType="jpg" url="AM%20145%20fol/176/SECONDARY_DISPLAY" width="1680px" height="2772px"/>
			<graphic mimeType="pdf" url="AM%20145%20fol/176/WEB_DISPLAY"/>
		</surface>
	</facsimile>
	<text>
      <body>
         
         <p/>
      </body>
   </text>
</TEI>