<?xml version="1.0" encoding="UTF-8"?>
<?oxygen RNGSchema="http://www.handrit.is/schema/handrit-1.0.rnc" type="compact"?>
<TEI xmlns="http://www.tei-c.org/ns/1.0">
   <teiHeader>
      <fileDesc>
         <titleStmt>
            <title>Handritaskrá Árnastofnunar</title>
         </titleStmt>
         <publicationStmt>
            <p>Tilraunaútgáfa</p>
         </publicationStmt>
         <sourceDesc>
            <msDesc xml:lang="is" xml:id="AM02-0113d-is">
               <msIdentifier>
                  <country key="IS">Ísland</country>
                  <settlement>Reykjavík</settlement>
                  <institution>Stofnun Árna Magnússonar í íslenskum fræðum</institution>
                  <repository>Handritasvið</repository>
                  <collection>Safn Árna Magnússonar</collection>
                  <idno>AM 113 d fol.</idno>
                  <altIdentifier type="internal" subtype="KKKat">
                     <idno>135</idno>
                  </altIdentifier>
               </msIdentifier>

               <msContents class="forn">
                  <textLang mainLang="is">Íslenska</textLang>
                  <msItem n="1" defective="false" class="forn attat">
                     <locus from="1r" facs="#AM02-0113d-0001r" to="4v">1r-4v (bls. 1-8)</locus>
                     <author key="AriTor001">Ari Þorgilsson</author>
                     <title type="uniform">Íslendingabók</title>
                     <rubric>Schedæ Ara prests fróða</rubric>
                     <textLang mainLang="is">Íslenska</textLang>


                     <msItem n="1.1" defective="false" class="forn formal">
                        <locus from="1r" facs="#AM02-0113d-0001r" to="1r">1r (bls. 1)</locus>
                        <title type="supplied">Formáli</title>

                        <incipit>[Í]slendingabók gjörða eg fyrst biskupum vorum …</incipit>
                        <explicit>… að öllum Norvegi.</explicit>
                        <note>Fyrir neðan formálann og á undan meginmálinu er yfirlit yfir efni
                           bókarinnar. </note>
                     </msItem>

                     <msItem n="1.2" class="forn " defective="false">
                        <locus from="1r" facs="#AM02-0113d-0001r" to="4v">1r-4v (bls. 1-8)</locus>
                        <title type="supplied">Um Íslandsbyggð</title>
                        <incipit>[Í]sland byggðist fyrst úr Norvegi á dögum Haralds hins hárfagra
                           Halfdanarsonar …</incipit>
                        <explicit>… Hér lýkst sjá bók.</explicit>
                     </msItem>
                     <msItem n="1.3" class="attat" defective="false">
                        <locus from="4v" facs="#AM02-0113d-0004v" to="4v">4v (bls. 8)</locus>
                        <title type="supplied">Ættartölur</title>

                        <msItem n="1.3.1" class="attat" defective="false">
                           <locus from="4v" facs="#AM02-0113d-0004v" to="4v">4v (bls. 8)</locus>
                           <rubric>Þetta er kyn biskupa Íslendinga og ættartala … </rubric>
                           <incipit>Ketilbjörn landnámsmaður …</incipit>
                           <explicit>… Ketils er nú er biskup að Hólum næstur Jóhanni.</explicit>
                        </msItem>

                        <msItem n="1.3.2" class="attat" defective="false">
                           <locus from="4v" facs="#AM02-0113d-0004v" to="4v">4v (bls. 8)</locus>
                           <rubric>Þessi eru nöfn langfeðga Ynglinga og Breiðfirðinga</rubric>
                           <incipit>Ingvi Tyrkjakonungur …</incipit>
                           <explicit>… föður Brands og Þorgils föður míns en eg heitir(!)
                           Ari.</explicit>
                        </msItem>
                        <!-- Handritið hefur verið borið saman við AM 113i fol. sbr. Már Jónsson 1995; 61 (Sýnishorn úr seðlaveski Árna Magnússonar -->
                     </msItem>
                  </msItem>

               </msContents>
               <physDesc>
                  <objectDesc form="codex">
                     <supportDesc material="chart">
                        <support>
                           <p>Pappír með vatnsmerkjum.</p>
                           <p>
                              <watermark n="1">
                                 Vatnsmerki 1. Aðalmerki:
                                 <ref target="watermark:B">Dárahöfuð með 4 eða 5 litlum bjöllum á kraga, 3 stórir hringir á keðju</ref>
                                 // Ekkert mótmerki (
                                 <locus from="1r" to="1v">1</locus>
                                 ,
                                 <locus from="3r" to="3v">3</locus>
                                 ,
                                 <locus from="5r" to="5v">5</locus>
                                 ,
                                 <locus from="7r" to="7v">7</locus>
                                 ).
                              </watermark>
                           </p>        
                        </support>
                        <extent>i + 4 + i blöð (<dimensions type="leaf" unit="mm" scope="all">
                              <height>300</height>
                              <width>210</width>
                           </dimensions>).</extent>

                        <foliation>
                           <p>
                              <list>
                                 <item n="1">Óblaðmerkt.</item>
                                 <item n="2">Eldri blaðsíðumerking 1-8.</item>
                              </list>
                           </p>
                        </foliation>

                        <collation>
                           <p>Eitt kver. <list>
                                 <item>Kver I: blöð 1-4; tvö tvinn.</item>
                              </list>
                           </p>
                        </collation>

                     </supportDesc>
                     <layoutDesc>
                        <layout columns="1" writtenLines="40 42">
                           <p>
                              <list>
                                 <item n="1">Eindálka.</item>
                                 <item n="2">Leturflötur er ca <dimensions type="written" unit="mm">
                                       <height>250-260</height>
                                       <width>160</width>
                                    </dimensions></item>
                                 <item n="3">Línufjöldi er ca 40-42.</item>
                                 <item n="4">Eyður eru fyrir upphafsstafi.</item>
                                 <item>
                                    <catchwords>Griporð</catchwords> (sjá t.d. blað <locus from="3r" facs="#AM02-0113d-0003r" to="3r">3r</locus>).</item>
                              </list>
                           </p>
                        </layout>
                     </layoutDesc>

                  </objectDesc>

                  <handDesc n="1">
                     <handNote scope="sole" script=" kanzlei" scribe="unknown"> Ein hönd, skrifari
                        er óþekktur; kansellískrift. </handNote>
                  </handDesc>

                  <decoDesc>
                     <decoNote type="secondary" subtype="display-script">
                        <list>
                           <item> Fyrirsagnir eru víðast með stærra letri en meginmálið (sjá blað
                                 <locus from="1r" facs="#AM02-0113d-0001r" to="1r">3r</locus> og
                                 <locus from="4v" facs="#AM02-0113d-0004v" to="4v">4v</locus>).</item>
                        </list>
                     </decoNote>
                  </decoDesc>
                  <additions>
                     <p>
                        <list>
                           <item/>
                        </list>
                     </p>
                  </additions>
                  <bindingDesc>
                     <binding when="1971" contemporary="false">
                        <p> Band (<dimensions type="binding" unit="mm">
                              <height>306</height>
                              <width>231</width>
                              <depth>9</depth>
                           </dimensions>) er frá 1971.</p>
                        <p>Pappaspjöld eru klædd fínofnum líndúk. Grófari dúkur er á kili og hornum;
                           saumað á móttök.</p>

                     </binding>
                     <binding notBefore="1772" notAfter="1780" contemporary="false">
                        <p> Eldra pappaband (<dimensions type="binding" unit="mm">
                              <height>295</height>
                              <width>208</width>
                              <depth>2</depth>
                           </dimensions>) frá 1772-1780. </p>
                        <p>Titill og safnmark er skrifað á fremra spjald.</p>

                        <p> Handritið er í öskju með AM 113 b-k fol. </p>
                     </binding>
                  </bindingDesc>

                  <accMat>
                     <p>
                        <list>
                           <item>Fastur <locus from="accMat01r" facs="#AM02-0113d-accMat01r" to="AccMat01rv">seðill</locus> (<dimensions type="slip" unit="mm">
                                 <height>202</height>
                                 <width>172</width>
                              </dimensions>) með hendi <name key="ArnMag001" type="person">Árna
                                 Magnússonar</name> er á milli fremra saurblaðs verso og blaðs 1r.
                                 <quote type="AMSlip" xml:lang="is">Þetta exemplar Ara fróða hefi ég
                                 fengið af Jóni Daðasyni sýslumanns í Kjósarsýslu, var það þá í
                                 einni bók með Árna biskups sögu, landnámu og excerptis úr Grágás.
                                 Ég hefi accuratè confererað það við eitt exemplar í 4to, sem ég
                                 1703 hafði til láns frá Guðmundi Þorleifssyni á Narfeyri. (Hvert eð
                                 var aftan við Sæmundar-Eddu og commentarium in Brynhildar ljóð með
                                 hendi séra Jóns á Lambavatni skrifað 1679.) Þessi tvö exemplaria
                                 eru hvert öðru svo lík að ekkert á milli ber fleira en hér
                                 annóterað er. Eru errata eins í báðum, sem af collatione sjá má
                                 (því í henni er engu gleymt). Gvendar exemplar kann ei vera
                                 skrifað eftir þessu, því þar í eru orð sem hér vantar. Ég skildi
                                 meina þetta væri skrifað eftir ipsissimo Gvendar exemplari. Sé það
                                 ei svo, þá eru þau bæði skrifuð eftir einu og sama
                                 exemplare, og það heldur en ei accuratè (fyrst svo lítið á milli
                                 ber) af báðum þeim er skrifað hér hafa. Er þó varla
                                 líklegt, að sú exscriptio af tveimur fleirum svo lík orðið hefði
                                 (videat. collatio). Það sést ljóslega að hvorugt þessara
                                 exemplarum eru skrifuð eftir codice meo A. (hvers tradux þau þó
                                 eru, enn ei codicis B.) heldur eru þau (eda Gvendar, ef
                                 það er mater þessa míns exemplaris) skrifuð eftir einhverju exemplare, sem
                                 mediante uno vel pluribus successivis exscriptoribus út af þeim nefndum codice A komið er
                                 (magis n. vitiosa sunt hæc qvam ut ex illo immediatè fluxisse putanda sint) helst eftir því að scribæ
                                 præsertim huius mei(?) hafa þó upp á sína vísu
                                 accurati verið.</quote></item>
                        </list>
                     </p>
                     <note>Versosíða seðilsins er mikið leiðrétt, einkum í lokin, strikað undir eða
                        yfir orð og bætt við fyrir ofan línu.</note>
                  </accMat>
               </physDesc>
               <history>
                  <origin notBefore="1600" notAfter="1699">
                     <p> Handritið er skrifað á <origPlace key="IS">Íslandi</origPlace> og tímasett
                        til <origDate notBefore="1600" notAfter="1699">17. aldar</origDate> í <bibl>
                           <ref target="KKKat">Katalog I</ref>
                        </bibl>, bls. 76. Það var áður hluti af stærri bók (sbr. <locus from="accMat01r" facs="#AM02-0113d-accMat01r" to="accMat01v">seðil</locus>). Í þeirri bók voru einnig <ref target="AM02-0005" type="ms">AM 5 fol.</ref>, <ref target="AM02-0108" type="ms">AM 108 fol.</ref>,
                           <ref target="AM02-0129" type="ms">AM 129 fol.</ref>, <ref target="AM02-0163k" type="ms">AM 163 k fol.</ref> og <ref target="AM02-0164c" type="ms">AM 164 c fol.</ref>
                     </p>
                  </origin>
                  <provenance>
                     <p>
                        <name key="ArnMag001" type="person">Árni Magnússon</name> fékk bókina sem
                        handritið tilheyrði frá <name key="JonDad001" type="person">Jóni
                        Daðasyni</name> (sbr. <locus from="accMat01r" facs="#AM02-0113d-accMat01r" to="accMat01v">seðil</locus>). Árni bar eintakið saman við <ref target="AM02-113i" type="ms">AM 113 i fol.</ref> og taldi það afrit þess.
                        Bæði handritin áleit hann vera af A-gerð. </p>
                  </provenance>
                  <acquisition when="1974-04-08">
                     <p>Stofnun Árna Magnússonar á Íslandi tók við handritinu 8. apríl 1974.</p>
                  </acquisition>
               </history>
               <additional>
                  <adminInfo>
                     <recordHist>
                        <source>
                           <p>
                              <name key="KriKaa001" type="person">Kålund</name> gekk frá handritinu
                              til skráningar <date when="1885-10-30">30. október 1885</date> í <bibl>
                                 <ref target="KKKat">Katalog I </ref>
                              </bibl>bls. 76 (nr. 135), <name key="DriThr001" type="person">DKÞ</name> grunnskráði <date when="2001-11-20">20. nóvember
                              2001</date>, <name type="person" key="ValHil001">VH</name> skráði
                              handritið samkvæmt TEIP5 reglum <date when="2009-02-04">4. febrúar
                                 2009</date>; lagfærði í <date when="2010-11">nóv. 2010 </date>. <name key="ThuSig002" type="person">ÞÓS</name> skráði <date when="2020-06-08">8. júní 2020</date></p>
                        </source>

                     </recordHist>
                     <custodialHist>
                        <custEvent type="conservation" when="1971">
                           <p>Viðgert og bundið af <name key="BirDal001" type="person">Birgitte
                              Dall</name> í nóvember 1971.</p>
                        </custEvent>
                        <custEvent type="conservation" notBefore="1772" notAfter="1780">
                           <p>Bundið af <name key="MatBlo001" type="person">Matthiasi Larsen
                              Bloch</name> á árunum 1772-1780. Það band fylgir.</p>
                        </custEvent>
                     </custodialHist>
                  </adminInfo>
                  <surrogates>
                     <p>
                        <list>
                           <item>Stafrænar myndir á www.sagnanet.is.</item>
                           <item>Svart-hvítar ljósmyndir á Det Arnamagnæanske Institut í
                              Kaupmannahöfn.</item>
                        </list>
                     </p>
                  </surrogates>
                  <listBibl>
                     <bibl>.</bibl>
                  </listBibl>
               </additional>
            </msDesc>
         </sourceDesc>
      </fileDesc>
      <revisionDesc>
         <change when="2008-10" who="#EriHas01">Migrated from MASTER to P5</change>
      </revisionDesc>
   </teiHeader>
	<facsimile xml:base="https://myndir.handrit.is/file/Handrit.is/">
		<surface xml:id="AM02-0113d-0000r-FB" n="0">
			<desc>0000r-FB</desc>
			<graphic mimeType="pdf" url="AM%20113%20d%20fol./0/HIGH_QUALITY_DISPLAY"/>
			<graphic mimeType="jpg" url="AM%20113%20d%20fol./0/THUMBNAIL" width="200px" height="261px"/>
			<graphic mimeType="jpg" url="AM%20113%20d%20fol./0/SECONDARY_DISPLAY" width="3372px" height="4404px"/>
			<graphic mimeType="pdf" url="AM%20113%20d%20fol./0/WEB_DISPLAY"/>
		</surface>
		<surface xml:id="AM02-0113d-0000v-FB" n="1">
			<desc>0000v-FB</desc>
			<graphic mimeType="pdf" url="AM%20113%20d%20fol./1/HIGH_QUALITY_DISPLAY"/>
			<graphic mimeType="jpg" url="AM%20113%20d%20fol./1/THUMBNAIL" width="200px" height="261px"/>
			<graphic mimeType="jpg" url="AM%20113%20d%20fol./1/SECONDARY_DISPLAY" width="3372px" height="4404px"/>
			<graphic mimeType="pdf" url="AM%20113%20d%20fol./1/WEB_DISPLAY"/>
		</surface>
		<surface xml:id="AM02-0113d-0001r-FFl" n="2">
			<desc>0001r-FFl</desc>
			<graphic mimeType="pdf" url="AM%20113%20d%20fol./2/HIGH_QUALITY_DISPLAY"/>
			<graphic mimeType="jpg" url="AM%20113%20d%20fol./2/THUMBNAIL" width="200px" height="266px"/>
			<graphic mimeType="jpg" url="AM%20113%20d%20fol./2/SECONDARY_DISPLAY" width="3264px" height="4344px"/>
			<graphic mimeType="pdf" url="AM%20113%20d%20fol./2/WEB_DISPLAY"/>
		</surface>
		<surface xml:id="AM02-0113d-0001v-FFl" n="3">
			<desc>0001v-FFl</desc>
			<graphic mimeType="pdf" url="AM%20113%20d%20fol./3/HIGH_QUALITY_DISPLAY"/>
			<graphic mimeType="jpg" url="AM%20113%20d%20fol./3/THUMBNAIL" width="200px" height="266px"/>
			<graphic mimeType="jpg" url="AM%20113%20d%20fol./3/SECONDARY_DISPLAY" width="3264px" height="4344px"/>
			<graphic mimeType="pdf" url="AM%20113%20d%20fol./3/WEB_DISPLAY"/>
		</surface>
		<surface xml:id="AM02-0113d-accMat01r" n="4">
			<desc>accMat01r</desc>
			<graphic mimeType="pdf" url="AM%20113%20d%20fol./4/HIGH_QUALITY_DISPLAY"/>
			<graphic mimeType="jpg" url="AM%20113%20d%20fol./4/THUMBNAIL" width="200px" height="234px"/>
			<graphic mimeType="jpg" url="AM%20113%20d%20fol./4/SECONDARY_DISPLAY" width="2508px" height="2940px"/>
			<graphic mimeType="pdf" url="AM%20113%20d%20fol./4/WEB_DISPLAY"/>
		</surface>
		<surface xml:id="AM02-0113d-accMat01v" n="5">
			<desc>accMat01v</desc>
			<graphic mimeType="pdf" url="AM%20113%20d%20fol./5/HIGH_QUALITY_DISPLAY"/>
			<graphic mimeType="jpg" url="AM%20113%20d%20fol./5/THUMBNAIL" width="200px" height="234px"/>
			<graphic mimeType="jpg" url="AM%20113%20d%20fol./5/SECONDARY_DISPLAY" width="2508px" height="2940px"/>
			<graphic mimeType="pdf" url="AM%20113%20d%20fol./5/WEB_DISPLAY"/>
		</surface>
		<surface xml:id="AM02-0113d-0001r" n="6">
			<desc>0001r</desc>
			<graphic mimeType="pdf" url="AM%20113%20d%20fol./6/HIGH_QUALITY_DISPLAY"/>
			<graphic mimeType="jpg" url="AM%20113%20d%20fol./6/THUMBNAIL" width="200px" height="268px"/>
			<graphic mimeType="jpg" url="AM%20113%20d%20fol./6/SECONDARY_DISPLAY" width="3216px" height="4308px"/>
			<graphic mimeType="pdf" url="AM%20113%20d%20fol./6/WEB_DISPLAY"/>
		</surface>
		<surface xml:id="AM02-0113d-0001v" n="7">
			<desc>0001v</desc>
			<graphic mimeType="pdf" url="AM%20113%20d%20fol./7/HIGH_QUALITY_DISPLAY"/>
			<graphic mimeType="jpg" url="AM%20113%20d%20fol./7/THUMBNAIL" width="200px" height="288px"/>
			<graphic mimeType="jpg" url="AM%20113%20d%20fol./7/SECONDARY_DISPLAY" width="3011px" height="4344px"/>
			<graphic mimeType="pdf" url="AM%20113%20d%20fol./7/WEB_DISPLAY"/>
		</surface>
		<surface xml:id="AM02-0113d-0002r" n="8">
			<desc>0002r</desc>
			<graphic mimeType="pdf" url="AM%20113%20d%20fol./8/HIGH_QUALITY_DISPLAY"/>
			<graphic mimeType="jpg" url="AM%20113%20d%20fol./8/THUMBNAIL" width="200px" height="288px"/>
			<graphic mimeType="jpg" url="AM%20113%20d%20fol./8/SECONDARY_DISPLAY" width="3011px" height="4344px"/>
			<graphic mimeType="pdf" url="AM%20113%20d%20fol./8/WEB_DISPLAY"/>
		</surface>
		<surface xml:id="AM02-0113d-0002v" n="9">
			<desc>0002v</desc>
			<graphic mimeType="pdf" url="AM%20113%20d%20fol./9/HIGH_QUALITY_DISPLAY"/>
			<graphic mimeType="jpg" url="AM%20113%20d%20fol./9/THUMBNAIL" width="200px" height="288px"/>
			<graphic mimeType="jpg" url="AM%20113%20d%20fol./9/SECONDARY_DISPLAY" width="3011px" height="4332px"/>
			<graphic mimeType="pdf" url="AM%20113%20d%20fol./9/WEB_DISPLAY"/>
		</surface>
		<surface xml:id="AM02-0113d-0003r" n="10">
			<desc>0003r</desc>
			<graphic mimeType="pdf" url="AM%20113%20d%20fol./10/HIGH_QUALITY_DISPLAY"/>
			<graphic mimeType="jpg" url="AM%20113%20d%20fol./10/THUMBNAIL" width="200px" height="288px"/>
			<graphic mimeType="jpg" url="AM%20113%20d%20fol./10/SECONDARY_DISPLAY" width="3011px" height="4332px"/>
			<graphic mimeType="pdf" url="AM%20113%20d%20fol./10/WEB_DISPLAY"/>
		</surface>
		<surface xml:id="AM02-0113d-0003v" n="11">
			<desc>0003v</desc>
			<graphic mimeType="pdf" url="AM%20113%20d%20fol./11/HIGH_QUALITY_DISPLAY"/>
			<graphic mimeType="jpg" url="AM%20113%20d%20fol./11/THUMBNAIL" width="200px" height="292px"/>
			<graphic mimeType="jpg" url="AM%20113%20d%20fol./11/SECONDARY_DISPLAY" width="2969px" height="4332px"/>
			<graphic mimeType="pdf" url="AM%20113%20d%20fol./11/WEB_DISPLAY"/>
		</surface>
		<surface xml:id="AM02-0113d-0004r" n="12">
			<desc>0004r</desc>
			<graphic mimeType="pdf" url="AM%20113%20d%20fol./12/HIGH_QUALITY_DISPLAY"/>
			<graphic mimeType="jpg" url="AM%20113%20d%20fol./12/THUMBNAIL" width="200px" height="292px"/>
			<graphic mimeType="jpg" url="AM%20113%20d%20fol./12/SECONDARY_DISPLAY" width="2969px" height="4332px"/>
			<graphic mimeType="pdf" url="AM%20113%20d%20fol./12/WEB_DISPLAY"/>
		</surface>
		<surface xml:id="AM02-0113d-0004v" n="13">
			<desc>0004v</desc>
			<graphic mimeType="pdf" url="AM%20113%20d%20fol./13/HIGH_QUALITY_DISPLAY"/>
			<graphic mimeType="jpg" url="AM%20113%20d%20fol./13/THUMBNAIL" width="200px" height="294px"/>
			<graphic mimeType="jpg" url="AM%20113%20d%20fol./13/SECONDARY_DISPLAY" width="2969px" height="4368px"/>
			<graphic mimeType="pdf" url="AM%20113%20d%20fol./13/WEB_DISPLAY"/>
		</surface>
		<surface xml:id="AM02-0113d-9901r-RFl" n="14">
			<desc>9901r-RFl</desc>
			<graphic mimeType="pdf" url="AM%20113%20d%20fol./14/HIGH_QUALITY_DISPLAY"/>
			<graphic mimeType="jpg" url="AM%20113%20d%20fol./14/THUMBNAIL" width="200px" height="294px"/>
			<graphic mimeType="jpg" url="AM%20113%20d%20fol./14/SECONDARY_DISPLAY" width="2969px" height="4368px"/>
			<graphic mimeType="pdf" url="AM%20113%20d%20fol./14/WEB_DISPLAY"/>
		</surface>
		<surface xml:id="AM02-0113d-9901v-RFl" n="15">
			<desc>9901v-RFl</desc>
			<graphic mimeType="pdf" url="AM%20113%20d%20fol./15/HIGH_QUALITY_DISPLAY"/>
			<graphic mimeType="jpg" url="AM%20113%20d%20fol./15/THUMBNAIL" width="200px" height="291px"/>
			<graphic mimeType="jpg" url="AM%20113%20d%20fol./15/SECONDARY_DISPLAY" width="3017px" height="4392px"/>
			<graphic mimeType="pdf" url="AM%20113%20d%20fol./15/WEB_DISPLAY"/>
		</surface>
		<surface xml:id="AM02-0113d-9999r-RB" n="16">
			<desc>9999r-RB</desc>
			<graphic mimeType="pdf" url="AM%20113%20d%20fol./16/HIGH_QUALITY_DISPLAY"/>
			<graphic mimeType="jpg" url="AM%20113%20d%20fol./16/THUMBNAIL" width="200px" height="291px"/>
			<graphic mimeType="jpg" url="AM%20113%20d%20fol./16/SECONDARY_DISPLAY" width="3017px" height="4392px"/>
			<graphic mimeType="pdf" url="AM%20113%20d%20fol./16/WEB_DISPLAY"/>
		</surface>
		<surface xml:id="AM02-0113d-9999v-RB" n="17">
			<desc>9999v-RB</desc>
			<graphic mimeType="pdf" url="AM%20113%20d%20fol./17/HIGH_QUALITY_DISPLAY"/>
			<graphic mimeType="jpg" url="AM%20113%20d%20fol./17/THUMBNAIL" width="200px" height="260px"/>
			<graphic mimeType="jpg" url="AM%20113%20d%20fol./17/SECONDARY_DISPLAY" width="3420px" height="4452px"/>
			<graphic mimeType="pdf" url="AM%20113%20d%20fol./17/WEB_DISPLAY"/>
		</surface>
		<surface xml:id="AM02-0113d-addMat01r" n="18">
			<desc>addMat01r</desc>
			<graphic mimeType="pdf" url="AM%20113%20d%20fol./18/HIGH_QUALITY_DISPLAY"/>
			<graphic mimeType="jpg" url="AM%20113%20d%20fol./18/THUMBNAIL" width="200px" height="280px"/>
			<graphic mimeType="jpg" url="AM%20113%20d%20fol./18/SECONDARY_DISPLAY" width="3108px" height="4344px"/>
			<graphic mimeType="pdf" url="AM%20113%20d%20fol./18/WEB_DISPLAY"/>
		</surface>
		<surface xml:id="AM02-0113d-addMat01v" n="19">
			<desc>addMat01v</desc>
			<graphic mimeType="pdf" url="AM%20113%20d%20fol./19/HIGH_QUALITY_DISPLAY"/>
			<graphic mimeType="jpg" url="AM%20113%20d%20fol./19/THUMBNAIL" width="200px" height="283px"/>
			<graphic mimeType="jpg" url="AM%20113%20d%20fol./19/SECONDARY_DISPLAY" width="3047px" height="4308px"/>
			<graphic mimeType="pdf" url="AM%20113%20d%20fol./19/WEB_DISPLAY"/>
		</surface>
		<surface xml:id="AM02-0113d-addMat02r" n="20">
			<desc>addMat02r</desc>
			<graphic mimeType="pdf" url="AM%20113%20d%20fol./20/HIGH_QUALITY_DISPLAY"/>
			<graphic mimeType="jpg" url="AM%20113%20d%20fol./20/THUMBNAIL" width="200px" height="283px"/>
			<graphic mimeType="jpg" url="AM%20113%20d%20fol./20/SECONDARY_DISPLAY" width="3047px" height="4308px"/>
			<graphic mimeType="pdf" url="AM%20113%20d%20fol./20/WEB_DISPLAY"/>
		</surface>
		<surface xml:id="AM02-0113d-addMat02v" n="21">
			<desc>addMat02v</desc>
			<graphic mimeType="pdf" url="AM%20113%20d%20fol./21/HIGH_QUALITY_DISPLAY"/>
			<graphic mimeType="jpg" url="AM%20113%20d%20fol./21/THUMBNAIL" width="200px" height="289px"/>
			<graphic mimeType="jpg" url="AM%20113%20d%20fol./21/SECONDARY_DISPLAY" width="3005px" height="4332px"/>
			<graphic mimeType="pdf" url="AM%20113%20d%20fol./21/WEB_DISPLAY"/>
		</surface>
		<surface xml:id="AM02-0113d-addMat03r" n="22">
			<desc>addMat03r</desc>
			<graphic mimeType="pdf" url="AM%20113%20d%20fol./22/HIGH_QUALITY_DISPLAY"/>
			<graphic mimeType="jpg" url="AM%20113%20d%20fol./22/THUMBNAIL" width="200px" height="289px"/>
			<graphic mimeType="jpg" url="AM%20113%20d%20fol./22/SECONDARY_DISPLAY" width="3005px" height="4332px"/>
			<graphic mimeType="pdf" url="AM%20113%20d%20fol./22/WEB_DISPLAY"/>
		</surface>
		<surface xml:id="AM02-0113d-addMat03v" n="23">
			<desc>addMat03v</desc>
			<graphic mimeType="pdf" url="AM%20113%20d%20fol./23/HIGH_QUALITY_DISPLAY"/>
			<graphic mimeType="jpg" url="AM%20113%20d%20fol./23/THUMBNAIL" width="200px" height="287px"/>
			<graphic mimeType="jpg" url="AM%20113%20d%20fol./23/SECONDARY_DISPLAY" width="3023px" height="4332px"/>
			<graphic mimeType="pdf" url="AM%20113%20d%20fol./23/WEB_DISPLAY"/>
		</surface>
		<surface xml:id="AM02-0113d-addMat04r" n="24">
			<desc>addMat04r</desc>
			<graphic mimeType="pdf" url="AM%20113%20d%20fol./24/HIGH_QUALITY_DISPLAY"/>
			<graphic mimeType="jpg" url="AM%20113%20d%20fol./24/THUMBNAIL" width="200px" height="287px"/>
			<graphic mimeType="jpg" url="AM%20113%20d%20fol./24/SECONDARY_DISPLAY" width="3023px" height="4332px"/>
			<graphic mimeType="pdf" url="AM%20113%20d%20fol./24/WEB_DISPLAY"/>
		</surface>
		<surface xml:id="AM02-0113d-addMat04v" n="25">
			<desc>addMat04v</desc>
			<graphic mimeType="pdf" url="AM%20113%20d%20fol./25/HIGH_QUALITY_DISPLAY"/>
			<graphic mimeType="jpg" url="AM%20113%20d%20fol./25/THUMBNAIL" width="200px" height="277px"/>
			<graphic mimeType="jpg" url="AM%20113%20d%20fol./25/SECONDARY_DISPLAY" width="3084px" height="4272px"/>
			<graphic mimeType="pdf" url="AM%20113%20d%20fol./25/WEB_DISPLAY"/>
		</surface>
		<surface xml:id="AM02-0113d-ccp" n="26">
			<desc>ccp</desc>
			<graphic mimeType="pdf" url="AM%20113%20d%20fol./26/HIGH_QUALITY_DISPLAY"/>
			<graphic mimeType="jpg" url="AM%20113%20d%20fol./26/THUMBNAIL" width="190px" height="300px"/>
			<graphic mimeType="jpg" url="AM%20113%20d%20fol./26/SECONDARY_DISPLAY" width="1896px" height="2988px"/>
			<graphic mimeType="pdf" url="AM%20113%20d%20fol./26/WEB_DISPLAY"/>
		</surface>
	</facsimile>
	<text>
      <body>

         <p/>
      </body>
   </text>
</TEI>