<?xml version="1.0" encoding="UTF-8"?>
<?oxygen RNGSchema="http://www.handrit.is/schema/handrit-1.0.rnc" type="compact"?><TEI xmlns="http://www.tei-c.org/ns/1.0">
   <teiHeader>
      <fileDesc>
         <titleStmt>
            <title type="main">AM 33 fol.</title>
         </titleStmt>
         <publicationStmt>
            <authority>Den Arnamagnæanske Samling</authority>
            <pubPlace>København</pubPlace>
         </publicationStmt>
         <sourceDesc>
            <msDesc xml:id="AM02-0033-en" xml:lang="en">
               <msIdentifier>
                  <country>Denmark</country>
                  <settlement>København</settlement>
                  <repository>Den Arnamagnæanske Samling</repository>
                  <idno>AM 33 fol.</idno>
                  <altIdentifier type="internal" subtype="KKKat">
                     <idno>48</idno>
                  </altIdentifier>
               </msIdentifier>
               <head>
                  <title type="supplied">Chronicle from The Death of Emperor August to 1632</title>
                  <origPlace>Denmark</origPlace>
                  <origDate notBefore="1575" notAfter="1625">c. 1577, later additions from s. XV in</origDate>
               </head>
               <msContents>
                  <textLang mainLang="dan">Danish</textLang>
               </msContents>
               <physDesc>
                  <objectDesc form="codex">
                     <supportDesc material="chart">
                        <support>Paper.</support>
                        <extent>42. 
<dimensions type="leaf" scope="all">
                              <height>313</height>
                              <width>210</width>
                           </dimensions>
                        </extent>
                     </supportDesc>
                  </objectDesc>
               </physDesc>
            </msDesc>
         </sourceDesc>
      </fileDesc>
   </teiHeader>
   <facsimile>
      <surface/>
   </facsimile>
</TEI>