<?xml version="1.0" encoding="UTF-8"?>
<?oxygen RNGSchema="http://www.handrit.is/schema/handrit-1.0.rnc" type="compact"?>
<TEI xmlns="http://www.tei-c.org/ns/1.0">
    <teiHeader>
        <fileDesc>
            <titleStmt>
                <title type="main">AM 75 e I-V fol.</title>
            </titleStmt>
            <publicationStmt>
                <authority>Den Arnamagnæanske Samling</authority>
                <pubPlace>København</pubPlace>
            </publicationStmt>
            <sourceDesc>
                <msDesc xml:id="AM02-0075-e-1-5-da" xml:lang="da">
                    <msIdentifier>
                        <country>Danmark</country>
                        <settlement>København</settlement>
                        <repository>Den Arnamagnæanske Samling</repository>
                        <idno>AM 75 e I-V fol.</idno>
                        <altIdentifier type="internal" subtype="KKKat">
                            <idno>91</idno>
                        </altIdentifier>
                    </msIdentifier>
                    <head>
                        <title>Ólafs saga helga</title>
                        <origPlace>Island</origPlace>
                        <origDate notBefore="1300" notAfter="1400">s. XIV 1/4, s. XIV 2/4, s.
                            XV</origDate>
                    </head>
                    <physDesc>
                        <objectDesc form="codex">
                            <supportDesc material="perg">
                                <support>
                                    <p>Pergament.</p>
                                </support>
                                <foliation>Foliering med rødt blæk af <name type="person"
                                        key="KriKaa001">Kristian Kålund</name>.</foliation>
                            </supportDesc>
                        </objectDesc>
                        <bindingDesc>
                            <binding contemporary="false">
                                <p>Halvbind med skindryg og -hjørner fra <date when="1973"
                                        >1973</date> (BD-bind): <dimensions type="binding" unit="mm">
                                        <height>227</height>
                                        <width>180</width>
                                        <depth>26</depth>
                                    </dimensions>
                                </p>
                            </binding>
                        </bindingDesc>
                    </physDesc>
                    <msPart n="I">
                        <altIdentifier type="partial">
                            <idno>AM 75 e 1 fol.</idno>
                        </altIdentifier>
                        <msContents>
                            <msItem n="1" class="kon" defective="true">
                                <locus from="1r" to="1v">1r-2v</locus>
                                <title type="uniform">Ólafs saga helga</title>
                                <textLang mainLang="non">Norrønt/Islandsk</textLang>
                                <msItem n="1.1" defective="true">
                                    <locus from="1r" to="1v">1r-v</locus>
                                    <incipit defective="true">
                                        <supplied reason="damage">hug</supplied>þak ſva
                                            ſn<ex>er</ex>to</incipit>
                                    <explicit defective="true">Sva ko<ex>m</ex> at bænd<ex>r</ex>
                                    </explicit>
                                </msItem>
                                <msItem n="1.2" defective="true">
                                    <locus from="2r" to="2v">2r-v</locus>
                                    <incipit defective="true">þ<ex>vi</ex> at k<ex>onungr</ex>
                                            m<ex>æ</ex>l<ex>t</ex>i</incipit>
                                    <explicit defective="true">Ek hefi spvrt, at m<ex>eð</ex>
                                        <gap reason="damage"/> igoðv</explicit>
                                </msItem>
                            </msItem>
                        </msContents>
                        <physDesc>
                            <objectDesc form="codex">
                                <supportDesc material="perg">
                                    <support>
                                        <p>
                                            <material>Pergament</material>
                                        </p>
                                    </support>
                                    <extent>2. <dimensions type="leaf" scope="all" unit="mm">
                                            <height>212</height>
                                            <width>145</width>
                                        </dimensions>
                                    </extent>
                                    <collation>
                                        <p>De to blade er sammenhængende.</p>
                                    </collation>
                                </supportDesc>
                                <layoutDesc>
                                    <layout columns="1">Har oprindeligt haft røde overskrifter og
                                        initialer.</layout>
                                </layoutDesc>
                            </objectDesc>
                            <accMat>På en AM-seddel, som er dat ind mellem de to blade fortæller
                                    <name type="person" key="ArnMag001">Arne Magnusson</name>: <q
                                    xml:lang="is">Þesse .2. bld ur Olafs Sgu Helga feck eg <date
                                        when="1719">1719</date>. fra <name type="person"
                                        key="MagEin005">Magnuse Einarssyne</name> frä Irfa i
                                    Haukadal. Enn han<ex>n</ex> hafde feinged þau af man<ex>n</ex>e,
                                    sem nylega hafde flutt sig nordan ur lande þängad i
                                        Haukadalen<ex>n</ex>
                                </q>
                            </accMat>
                        </physDesc>
                        <history>
                            <origin>
                                <p>Skrevet i <origPlace>Island</origPlace>. <name type="person"
                                        key="KriKaa001">Kristian Kålund</name> har dateret det til
                                        <origDate cert="medium">ca. 1300</origDate> (<bibl>
                                        <ref type="secondary-1" target="KKKat">Katalog</ref>
                                        <biblScope type="volume">I</biblScope>
                                        <biblScope type="pages">55</biblScope>
                                    </bibl>) mens <name type="person" key="OscJoh001">Oscar Albert
                                        Johnsen</name> og <name type="person" key="JonHel003">Jón
                                        Helgason</name> har dateret det til <origDate
                                        notBefore="1300" notAfter="1324" cert="high"
                                        evidence="conjecture">begyndelsen af 1300-tallet</origDate> (<bibl>
                                            <ref type="secondary-1" target="OlHJH">Den store saga om Olav
                                                den hellige</ref>
                                        <biblScope type="pages">957</biblScope>
                                    </bibl>).</p>
                            </origin>
                            <provenance>Ifølge <name type="person" key="ArnMag001">Arne
                                    Magnusson</name>s beretning på AM-sedlen har dette fragment
                                tilhørt en mand fra Nordlandet, der gav det til <name type="person"
                                    key="MagEin005">Magnús Einarsson</name> på <name type="place"
                                    key="JörHau01">Jörfi</name> i Haukadalur.</provenance>
                            <acquisition>
                                <p>Ifølge AM-sedlen har <name type="person" key="ArnMag001">Arne
                                        Magnusson</name> fået bladene af Magnús Einarsson på Jörfi i
                                    Haukadalur i <date when="1719">1719</date>.</p>
                            </acquisition>
                        </history>
                    </msPart>
                    <msPart n="II">
                        <altIdentifier type="partial">
                            <idno>AM 75 e 2 fol.</idno>
                        </altIdentifier>
                        <msContents>
                            <msItem n="1" defective="true" class="kon">
                                <locus from="1r" to="3v">1r-3v</locus>
                                <title type="uniform">Ólafs saga helga</title>
                                <msItem n="1.1" defective="true">
                                    <locus from="1r" to="1v">1r-v</locus>
                                    <incipit defective="true">þ<ex>ei</ex>m m<ex>onnu</ex>m er
                                        hingat vilia sœkia m<ex>eð</ex> vinatto</incipit>
                                    <explicit defective="true">þ<ex>at</ex> san<ex>n</ex>ast fra at
                                        ſegia</explicit>
                                </msItem>
                                <msItem n="1.2" defective="true">
                                    <locus from="2r" to="2v">2r-v</locus>
                                    <incipit defective="true">ſina str þangat til
                                        f<ex>ri</ex>þgerðar</incipit>
                                    <explicit defective="true">ok hef<ex>ir</ex> h<ex>ann</ex> þar
                                            v<ex>ið</ex> allt</explicit>
                                </msItem>
                                <msItem n="1.3" defective="true">
                                    <locus from="3r" to="3v">3r-v</locus>
                                    <incipit defective="true">er ſendim<ex>enn</ex> hitto
                                        kalf</incipit>
                                    <explicit defective="true">er h<ex>ann</ex> ko<ex>m</ex> a
                                            halogal<ex>an</ex>d. þa ſtefndi</explicit>
                                </msItem>
                            </msItem>
                        </msContents>
                        <physDesc>
                            <objectDesc form="codex">
                                <supportDesc material="perg">
                                    <support>
                                        <p>
                                            <material>Pergament</material>
                                        </p>
                                    </support>
                                    <extent>3. <dimensions type="leaf" scope="all" unit="mm">
                                            <height>224</height>
                                            <width>156</width>
                                        </dimensions>
                                    </extent>
                                    <collation>1 + 2, 3: de to første blade er sammenhængende, det
                                        tredje blad er et enkeltblad.</collation>
                                    <condition>De to første blade er godt vedligeholdte, af det
                                        tredje er et stykke udskåret.</condition>
                                </supportDesc>
                                <layoutDesc>
                                    <layout columns="1">Røde initialer og overskrifter.</layout>
                                </layoutDesc>
                            </objectDesc>
                            <handDesc>
                                <handNote scope="sole" script="unknown">Skriften ligner den i <ref
                                        type="ms" target="AM04-0327-da">AM 327 4to</ref>.</handNote>
                            </handDesc>
                        </physDesc>
                        <history>
                            <origin>
                                <p>Skrevet i <origPlace>Island</origPlace>. <name type="person"
                                        key="KriKaa001">Kristian Kålund</name> har dateret
                                    fragmentet til <origDate cert="medium">ca. 1300</origDate> (<bibl>
                                        <ref type="secondary-1" target="KKKat">Katalog</ref>
                                        <biblScope type="volume">I</biblScope>
                                        <biblScope type="pages">55</biblScope>
                                    </bibl>) mens <name type="person" key="OscJoh001">Oscar Albert
                                        Johnsen</name> og <name type="person" key="JonHel003">Jón
                                        Helgason</name> har dateret det til <origDate
                                        notBefore="1300" notAfter="1324" evidence="conjecture"
                                        resp="OlHJH ONP">begyndelsen af 1300-tallet</origDate> (<bibl>
                                            <ref type="secondary-1" target="OlHJH">Den store saga om Olav
                                                den hellige</ref>
                                        <biblScope type="pages">957</biblScope>
                                    </bibl>).</p>
                            </origin>
                        </history>
                    </msPart>
                    <msPart n="III">
                        <altIdentifier type="partial">
                            <idno>AM 75 e 3 fol.</idno>
                        </altIdentifier>
                        <msContents>
                            <msItem n="1" defective="true">
                                <locus from="1r" to="2v">1r-2v</locus>
                                <title type="uniform">Ólafs saga helga</title>
                                <incipit defective="true">gort v<ex>er</ex>it at b<ex>er</ex>ia menn
                                    mína</incipit>
                                <explicit defective="true">Þa stoð vpp m<ex>aðr</ex> a
                                    þinginu</explicit>
                            </msItem>
                        </msContents>
                        <physDesc>
                            <objectDesc form="codex">
                                <supportDesc material="perg">
                                    <support>
                                        <p>
                                            <material>Pergament</material>
                                        </p>
                                    </support>
                                    <extent>2. <dimensions type="leaf" scope="all" unit="mm">
                                            <height>220</height>
                                            <width>142</width>
                                        </dimensions>
                                    </extent>
                                    <collation>2 sammenhængende blade.</collation>
                                    <condition>Navnlig andet blad er defekt ved
                                        beskæring.</condition>
                                </supportDesc>
                                <layoutDesc>
                                    <layout columns="1">Af initialer og kapiteloverskrifter ses nu
                                        intet spor.</layout>
                                </layoutDesc>
                            </objectDesc>
                        </physDesc>
                        <history>
                            <origin>
                                <p>Skrevet i <origPlace>Island</origPlace>. <name type="person"
                                        key="KriKaa001">Kristian Kålund</name> har dateret
                                    fragmentet til <origDate cert="medium">1300-tallet</origDate> (<bibl>
                                        <ref type="secondary-1" target="KKKat">Katalog</ref>
                                        <biblScope type="volume">I</biblScope>
                                        <biblScope type="pages">55</biblScope>
                                    </bibl>) mens <name type="person" key="OscJoh001">Oscar Albert
                                        Johnsen</name> og <name type="person" key="JonHel003">Jón
                                        Helgason</name> (<bibl>
                                        <ref type="secondary-1" target="OlHJH">Den store saga om
                                            Olav den hellige</ref>
                                        <biblScope type="pages">958, 914</biblScope>
                                    </bibl>) har dateret det mere præcist til <origDate
                                        notBefore="1325" notAfter="1349" cert="high"
                                        evidence="conjecture" resp="ONP">1300-tallets anden
                                        fjerdedel</origDate> .</p>
                            </origin>
                        </history>
                    </msPart>
                    <msPart n="IV">
                        <altIdentifier type="partial">
                            <idno>AM 75 e 4 fol.</idno>
                        </altIdentifier>
                        <msContents>
                            <msItem n="1" defective="true">
                                <locus from="1r" to="1v">1r-v</locus>
                                <title type="uniform">Ólafs saga helga</title>
                                <incipit defective="true">
                                    <gap reason="lacuna"/>verri. at ek ſia n<ex>ær</ex> yðr ſtaddr </incipit>
                                <explicit defective="true">Nv mu<ex>n</ex> ec trva þ<ex>vi</ex>
                                </explicit>
                            </msItem>
                        </msContents>
                        <physDesc>
                            <objectDesc form="codex">
                                <supportDesc material="perg">
                                    <support>
                                        <p>
                                            <material>Pergament</material>
                                        </p>
                                    </support>
                                    <extent>1. <dimensions type="leaf" scope="all" unit="mm">
                                            <height>220</height>
                                            <width>155</width>
                                        </dimensions>
                                    </extent>
                                    <condition>
                                        <p>Bladet er slidt og den første linje er skåret væk,
                                            formodentlig til dets tidligere formål som brug som
                                            omslag for en anden bog. Farven på et initial indeholder
                                            en kobberforbindelse som nu har ætset sig igennem
                                            pergamentet.</p>
                                    </condition>
                                </supportDesc>
                                <layoutDesc>
                                    <layout columns="2">Tospaltet</layout>
                                </layoutDesc>
                            </objectDesc>
                        </physDesc>
                        <history>
                            <origin>
                                <p>Skrevet i <origPlace>Island</origPlace>. <name type="person"
                                        key="KriKaa001">Kristian Kålund</name> har dateret
                                    fragmentet til <origDate cert="medium">1300-tallets første
                                        halvdel</origDate> (<bibl>
                                        <ref type="secondary-1" target="KKKat">Katalog</ref>
                                        <biblScope type="volume">I</biblScope>
                                        <biblScope type="pages">56</biblScope>
                                    </bibl>) mens <name type="person" key="OscJoh001">Johnsen</name>
                                    og <name type="person" key="JonHel003">Jón Helgason</name> (<bibl>
                                        <ref type="secondary-1" target="OlHJH">Den store saga om
                                            Olav den hellige</ref>
                                        <biblScope type="pages">956</biblScope>
                                    </bibl>) har dateret det til <origDate notBefore="1350"
                                        notAfter="1399" evidence="conjecture"
                                        >1300-tallets anden halvdel</origDate> .</p>
                            </origin>
                            <acquisition>
                                <p>
                                    <name type="person" key="ArnMag001">Arne Magnusson</name> har
                                    givet bladet følgende påskrift: <q xml:lang="is">Fra Monsr.
                                            <name type="person" key="SigVig001">Sigurdi
                                            Vigfussyne</name>
                                        <date when="1725">1725</date>
                                    </q>.</p>
                            </acquisition>
                        </history>
                    </msPart>
                    <msPart n="V">
                        <altIdentifier type="partial">
                            <idno>AM 75 e 5 fol.</idno>
                        </altIdentifier>
                        <msContents>
                            <msItem n="1" defective="true">
                                <locus from="1r" to="9v">1r-9v</locus>
                                <title type="uniform">Þáttr Ólafs Geirstaðaálfs</title>
                            </msItem>
                            <msItem n="2" defective="true">
                                <locus from="9v" to="10v">9v-10v</locus>
                                <title type="uniform">Þáttr af Ísleifi biskupi</title>
                            </msItem>
                            <msItem n="3" defective="true">
                                <locus from="11r" to="15v">11r-15v</locus>
                                <title type="uniform">Fóstbrædra saga</title>
                            </msItem>
                        </msContents>
                        <physDesc>
                            <objectDesc form="codex">
                                <supportDesc material="perg">
                                    <support>
                                        <p>
                                            <material>Pergament</material>
                                        </p>
                                    </support>
                                    <extent>15 blade og bladstumper. <dimensions type="leaf"
                                            scope="most">
                                            <height>146</height>
                                            <width>115</width>
                                        </dimensions>
                                    </extent>
                                    <condition>
                                        <p>Bladene er stærkt beskadigede og tildels ulæselige.</p>
                                    </condition>
                                </supportDesc>
                            </objectDesc>
                        </physDesc>
                        <history>
                            <origin>
                                <p>Skrevet i <origPlace>Island</origPlace> i
                                        <origDate notBefore="1400" notAfter="1499" cert="high"
                                evidence="conjecture" resp="ONP">1400-tallet</origDate>.</p>
                            </origin>
                            <acquisition>Ifølge en AM-seddel har <name type="person" key="ArnMag001"
                                    >Arne Magnusson</name> erhvervet disse blade fra Island i <date
                                    when="1715">1715</date>.</acquisition>
                        </history>
                    </msPart>
                </msDesc>
            </sourceDesc>
        </fileDesc>
    </teiHeader>
    <facsimile>
        <surface/>
    </facsimile>
</TEI>
