<?xml version="1.0" encoding="UTF-8"?>
<?oxygen RNGSchema="http://www.handrit.is/schema/handrit-1.0.rnc" type="compact"?>
<TEI xmlns="http://www.tei-c.org/ns/1.0">
   <teiHeader>
      <fileDesc>
         <titleStmt>
            <title type="main">AM 1 c fol.</title>
         </titleStmt>
         <publicationStmt>
            <authority>Den Arnamagnæanske Samling</authority>
            <pubPlace>København</pubPlace>
         </publicationStmt>
         <sourceDesc>
            <msDesc xml:id="AM02-0001-c-en" xml:lang="en">
               <msIdentifier>
                  <country>Denmark</country>
                  <settlement>København</settlement>
                  <repository>Den Arnamagnæanske Samling</repository>
                  <idno>AM 1 c fol.</idno>
                  <altIdentifier type="internal" subtype="KKKat">
                     <idno>3</idno>
                  </altIdentifier>
               </msIdentifier>
               <head>
                  <title>Fragment of Sögubrot af nokkrum fornkonungum í Dana ok Svía veldi</title>;
            <origPlace>Iceland?</origPlace> 
                  <origDate notBefore="1600" notAfter="1699">s.
        XVII</origDate>
               </head>
               <msContents>
                  <msItem class="forn" defective="true">
                     <locus from="1r" facs="#AM02-0001-c-0001r" to="5v:21">1r-5v</locus>
                     <title type="uniform">Sögubrot af nokkrum fornkonungum í Dana ok Svía veldi</title>
                     <textLang mainLang="is">Icelandic</textLang>
                     <rubric>Sogubrot <lb/> Af nockrum főrn k<ex>on</ex>gum i Dana og Sujavellde
                <lb/> yvari vïdfadma, Hareki, Helga hinum huassa <lb/> Haralldi
                    hillditón<ex>n</ex> med Brauallar Bardga <ex>og</ex>
                        <lb/> nokud af Sigurdi hring epter þuij sem fundist <lb/> hafa ritud a nidlags
                saurblada rifrilldum sund<lb/>urlaus <lb/> I Brot vm kon<add place="interlinear">bon</add>urfor Helga hins Huassa til Audar <lb/> hin<ex>n</ex>
                        <ex>ar</ex> diupaudgu
                ÿvars dottur vidfadma i Sujarij<lb/>ki, og tl su or ÿvars hfslaust <lb/> Ord Audar vid
                fodur sin<ex>n</ex>, fram<ex>m</ex>berandi erinde <lb/> Helga med vnderhiggiu </rubric>
                     <incipit>** Sa eg ad þetta ml þarf ad litt sie a lopt bor<lb/>id</incipit>
                     <explicit defective="true">lijtur hon<ex>um</ex> oc q<ex>ve</ex>þ<ex>ur</ex>
                        <lb/> h<ex>an</ex>n blijdum ordum og fỏgrum**</explicit>
                     <note>The scribe added: <q xml:lang="is">Hier vantar mikid vid f<ex>ra</ex>m ad elli
                        dogu<ex>m</ex> Haralld<ex>ar</ex> Hillditan<ex>n</ex>ar</q>
                     </note>
                     <listBibl>
                        <bibl>Rafn, <ref type="primary-3" target="AntR">Antiquités Russes</ref>
                           <biblScope type="volume">I</biblScope>
                           <biblScope type="pages">67-86</biblScope>
                           <note>Ed. D</note>
                        </bibl>
                        <bibl>Rafn, <ref type="primary-3" target="FASNRafn">Fornaldar Sögur
                        Nordrlanda</ref>
                           <biblScope type="volume">I</biblScope>
                           <biblScope type="pages">361-388</biblScope>
                           <note>Ed. D</note>
                        </bibl>
                     </listBibl>
                  </msItem>
               </msContents>
               <physDesc>
                  <objectDesc form="codex">
                     <supportDesc material="chart">
                        <support>
                           <p>
                              <material>Paper</material>.</p>
                        </support>
                        <extent>5. <dimensions type="leaf" scope="all">
                              <height>323</height>
                              <width>195</width>
                           </dimensions>.</extent>
                        <foliation>
                           <p>Foliated in red ink in the top outer corners by <name type="person" key="KriKaa001">Kålund</name>.</p>
                        </foliation>
                     </supportDesc>
                     <layoutDesc>
                        <layout columns="1" writtenLines="28 31">
                           <p>Written in one column with 28 to 31 lines per page.</p>
                        </layout>
                     </layoutDesc>
                  </objectDesc>
               </physDesc>
               <history>
                  <origin notBefore="1600" notAfter="1699" cert="high" evidence="conjecture">
                     <p>Most probably written in <origPlace>Iceland</origPlace> in <origDate>the seventeenth
                    century</origDate>.</p>
                  </origin>
               </history>
               <additional>
                  <adminInfo>
                     <recordHist>
                        <p>Catalogued <date when="2008-05-26">26 May 2008</date> by <name type="person" key="SilHuf001">Silvia Hufnagel</name>.</p>
                     </recordHist>
                  </adminInfo>
                  <listBibl>
                     <bibl>Kålund, <ref type="secondary" target="KKKat">Katalog</ref>
                        <biblScope type="volume">I</biblScope>
                        <biblScope type="pages">3</biblScope>
                     </bibl>
                     <bibl>
                        <ref type="secondary" target="STUAGNL46">Sǫgur Danakonunga</ref>
                        <biblScope type="pages">viii</biblScope>
                     </bibl>
                  </listBibl>
               </additional>
            </msDesc>
         </sourceDesc>
      </fileDesc>
   </teiHeader>
	<facsimile xml:base="https://myndir.handrit.is/file/Handrit.is/">
		<surface xml:id="AM02-0001-c-0000v-FB" n="0">
			<desc>0000v-FB</desc>
			<graphic mimeType="pdf" url="AM%201%20c%20fol./0/HIGH_QUALITY_DISPLAY"/>
			<graphic mimeType="jpg" url="AM%201%20c%20fol./0/THUMBNAIL" width="200px" height="282px"/>
			<graphic mimeType="jpg" url="AM%201%20c%20fol./0/SECONDARY_DISPLAY" width="2472px" height="3491px"/>
			<graphic mimeType="pdf" url="AM%201%20c%20fol./0/WEB_DISPLAY"/>
		</surface>
		<surface xml:id="AM02-0001-c-0001r-FFl" n="1">
			<desc>0001r-FFl</desc>
			<graphic mimeType="pdf" url="AM%201%20c%20fol./1/HIGH_QUALITY_DISPLAY"/>
			<graphic mimeType="jpg" url="AM%201%20c%20fol./1/THUMBNAIL" width="200px" height="281px"/>
			<graphic mimeType="jpg" url="AM%201%20c%20fol./1/SECONDARY_DISPLAY" width="2488px" height="3489px"/>
			<graphic mimeType="pdf" url="AM%201%20c%20fol./1/WEB_DISPLAY"/>
		</surface>
		<surface xml:id="AM02-0001-c-0001r" n="2">
			<desc>0001r</desc>
			<graphic mimeType="pdf" url="AM%201%20c%20fol./2/HIGH_QUALITY_DISPLAY"/>
			<graphic mimeType="jpg" url="AM%201%20c%20fol./2/THUMBNAIL" width="200px" height="281px"/>
			<graphic mimeType="jpg" url="AM%201%20c%20fol./2/SECONDARY_DISPLAY" width="2480px" height="3491px"/>
			<graphic mimeType="pdf" url="AM%201%20c%20fol./2/WEB_DISPLAY"/>
		</surface>
		<surface xml:id="AM02-0001-c-0001v-FFl" n="3">
			<desc>0001v-FFl</desc>
			<graphic mimeType="pdf" url="AM%201%20c%20fol./3/HIGH_QUALITY_DISPLAY"/>
			<graphic mimeType="jpg" url="AM%201%20c%20fol./3/THUMBNAIL" width="200px" height="281px"/>
			<graphic mimeType="jpg" url="AM%201%20c%20fol./3/SECONDARY_DISPLAY" width="2488px" height="3493px"/>
			<graphic mimeType="pdf" url="AM%201%20c%20fol./3/WEB_DISPLAY"/>
		</surface>
		<surface xml:id="AM02-0001-c-0001v" n="4">
			<desc>0001v</desc>
			<graphic mimeType="pdf" url="AM%201%20c%20fol./4/HIGH_QUALITY_DISPLAY"/>
			<graphic mimeType="jpg" url="AM%201%20c%20fol./4/THUMBNAIL" width="200px" height="281px"/>
			<graphic mimeType="jpg" url="AM%201%20c%20fol./4/SECONDARY_DISPLAY" width="2480px" height="3490px"/>
			<graphic mimeType="pdf" url="AM%201%20c%20fol./4/WEB_DISPLAY"/>
		</surface>
		<surface xml:id="AM02-0001-c-0002r-FFl" n="5">
			<desc>0002r-FFl</desc>
			<graphic mimeType="pdf" url="AM%201%20c%20fol./5/HIGH_QUALITY_DISPLAY"/>
			<graphic mimeType="jpg" url="AM%201%20c%20fol./5/THUMBNAIL" width="200px" height="281px"/>
			<graphic mimeType="jpg" url="AM%201%20c%20fol./5/SECONDARY_DISPLAY" width="2480px" height="3490px"/>
			<graphic mimeType="pdf" url="AM%201%20c%20fol./5/WEB_DISPLAY"/>
		</surface>
		<surface xml:id="AM02-0001-c-0002r" n="6">
			<desc>0002r</desc>
			<graphic mimeType="pdf" url="AM%201%20c%20fol./6/HIGH_QUALITY_DISPLAY"/>
			<graphic mimeType="jpg" url="AM%201%20c%20fol./6/THUMBNAIL" width="200px" height="281px"/>
			<graphic mimeType="jpg" url="AM%201%20c%20fol./6/SECONDARY_DISPLAY" width="2488px" height="3492px"/>
			<graphic mimeType="pdf" url="AM%201%20c%20fol./6/WEB_DISPLAY"/>
		</surface>
		<surface xml:id="AM02-0001-c-0002v-FFl" n="7">
			<desc>0002v-FFl</desc>
			<graphic mimeType="pdf" url="AM%201%20c%20fol./7/HIGH_QUALITY_DISPLAY"/>
			<graphic mimeType="jpg" url="AM%201%20c%20fol./7/THUMBNAIL" width="200px" height="281px"/>
			<graphic mimeType="jpg" url="AM%201%20c%20fol./7/SECONDARY_DISPLAY" width="2480px" height="3490px"/>
			<graphic mimeType="pdf" url="AM%201%20c%20fol./7/WEB_DISPLAY"/>
		</surface>
		<surface xml:id="AM02-0001-c-0002v" n="8">
			<desc>0002v</desc>
			<graphic mimeType="pdf" url="AM%201%20c%20fol./8/HIGH_QUALITY_DISPLAY"/>
			<graphic mimeType="jpg" url="AM%201%20c%20fol./8/THUMBNAIL" width="200px" height="281px"/>
			<graphic mimeType="jpg" url="AM%201%20c%20fol./8/SECONDARY_DISPLAY" width="2480px" height="3489px"/>
			<graphic mimeType="pdf" url="AM%201%20c%20fol./8/WEB_DISPLAY"/>
		</surface>
		<surface xml:id="AM02-0001-c-0003r" n="9">
			<desc>0003r</desc>
			<graphic mimeType="pdf" url="AM%201%20c%20fol./9/HIGH_QUALITY_DISPLAY"/>
			<graphic mimeType="jpg" url="AM%201%20c%20fol./9/THUMBNAIL" width="200px" height="281px"/>
			<graphic mimeType="jpg" url="AM%201%20c%20fol./9/SECONDARY_DISPLAY" width="2488px" height="3490px"/>
			<graphic mimeType="pdf" url="AM%201%20c%20fol./9/WEB_DISPLAY"/>
		</surface>
		<surface xml:id="AM02-0001-c-0003v" n="10">
			<desc>0003v</desc>
			<graphic mimeType="pdf" url="AM%201%20c%20fol./10/HIGH_QUALITY_DISPLAY"/>
			<graphic mimeType="jpg" url="AM%201%20c%20fol./10/THUMBNAIL" width="200px" height="280px"/>
			<graphic mimeType="jpg" url="AM%201%20c%20fol./10/SECONDARY_DISPLAY" width="2496px" height="3494px"/>
			<graphic mimeType="pdf" url="AM%201%20c%20fol./10/WEB_DISPLAY"/>
		</surface>
		<surface xml:id="AM02-0001-c-0004r" n="11">
			<desc>0004r</desc>
			<graphic mimeType="pdf" url="AM%201%20c%20fol./11/HIGH_QUALITY_DISPLAY"/>
			<graphic mimeType="jpg" url="AM%201%20c%20fol./11/THUMBNAIL" width="200px" height="280px"/>
			<graphic mimeType="jpg" url="AM%201%20c%20fol./11/SECONDARY_DISPLAY" width="2496px" height="3490px"/>
			<graphic mimeType="pdf" url="AM%201%20c%20fol./11/WEB_DISPLAY"/>
		</surface>
		<surface xml:id="AM02-0001-c-0004v" n="12">
			<desc>0004v</desc>
			<graphic mimeType="pdf" url="AM%201%20c%20fol./12/HIGH_QUALITY_DISPLAY"/>
			<graphic mimeType="jpg" url="AM%201%20c%20fol./12/THUMBNAIL" width="200px" height="280px"/>
			<graphic mimeType="jpg" url="AM%201%20c%20fol./12/SECONDARY_DISPLAY" width="2496px" height="3491px"/>
			<graphic mimeType="pdf" url="AM%201%20c%20fol./12/WEB_DISPLAY"/>
		</surface>
		<surface xml:id="AM02-0001-c-0005r" n="13">
			<desc>0005r</desc>
			<graphic mimeType="pdf" url="AM%201%20c%20fol./13/HIGH_QUALITY_DISPLAY"/>
			<graphic mimeType="jpg" url="AM%201%20c%20fol./13/THUMBNAIL" width="200px" height="281px"/>
			<graphic mimeType="jpg" url="AM%201%20c%20fol./13/SECONDARY_DISPLAY" width="2488px" height="3493px"/>
			<graphic mimeType="pdf" url="AM%201%20c%20fol./13/WEB_DISPLAY"/>
		</surface>
		<surface xml:id="AM02-0001-c-0005v" n="14">
			<desc>0005v</desc>
			<graphic mimeType="pdf" url="AM%201%20c%20fol./14/HIGH_QUALITY_DISPLAY"/>
			<graphic mimeType="jpg" url="AM%201%20c%20fol./14/THUMBNAIL" width="200px" height="281px"/>
			<graphic mimeType="jpg" url="AM%201%20c%20fol./14/SECONDARY_DISPLAY" width="2480px" height="3490px"/>
			<graphic mimeType="pdf" url="AM%201%20c%20fol./14/WEB_DISPLAY"/>
		</surface>
	</facsimile>
</TEI>