<?xml version="1.0" encoding="UTF-8"?>
<?oxygen RNGSchema="http://www.handrit.is/schema/handrit-1.0.rnc" type="compact"?>
<TEI xmlns="http://www.tei-c.org/ns/1.0">
	<teiHeader>
		<fileDesc>
			<titleStmt>
				<title>Handritaskrá Árnastofnunar</title>
			</titleStmt>
			<publicationStmt>
				<p>Tilraunaútgáfa</p>
			</publicationStmt>
			<sourceDesc>
				<msDesc xml:lang="is" xml:id="AM02-0163a-is">
					<msIdentifier>
						<country key="IS">Ísland</country>
						<settlement>Reykjavík</settlement>
						<institution>Stofnun Árna Magnússonar í íslenskum fræðum</institution>
						<repository>Handritasvið</repository>
						<collection>Safn Árna Magnússonar</collection>
						<idno>AM 163 a fol.</idno>
						<altIdentifier type="internal" subtype="KKKat">
							<idno>203</idno>
						</altIdentifier>
					</msIdentifier>


					<msContents>
						<summary><title type="supplied">Sögubók</title></summary>

						<textLang mainLang="is">Íslenska</textLang>

						<msItem n="1" defective="false" class="isl">
							<locus from="1r" facs="#AM02-0163a-0001r" to="12r">1r-12r</locus>
							<title type="uniform">Vatnsdæla Saga</title>
							<rubric>Þessi saga kallast Vatnsdæla. Af Íslendingum.</rubric>
							<incipit>Maður er nefndur Ketill og var kallaður þrumur …</incipit>
							<explicit>… og bar Þorkell það fyrir að hann var rétttrúaður maður og
								elskaði Guð.</explicit>
							<finalRubric>Og endum vér þar Vatnsdæla sögu.</finalRubric>
						</msItem>

						<msItem n="2" defective="false" class="isl">
							<locus from="12r" facs="#AM02-0163a-0012r" to="15v">12r-15v</locus>
							<title type="uniform">Grettis saga</title>
							<note>Hluti <title type="uniform">Önundar þáttar
											tréfóts</title>.</note>
							<rubric>Hér byrjast saga af Önundi tréfót sem er sá fyrsti partur eða
								upphaf Grettis sögu. 1. kapituli.</rubric>
							<incipit>Önundur hét maður sonur Ófeigs bullufóts …</incipit>
							<explicit>… Andaðist Þorgrímur hærukollur að Bjargi og tók Ásmundur
								arf eftir hann. Og endar hér að segja frá Önundi tréfót.</explicit>
						</msItem>

					</msContents>

					<physDesc>
						<objectDesc form="codex">
							<supportDesc material="chart">
								<support>
									<p>Pappír með vatnsmerkjum.</p>
									<p>
										<watermark n="1">
											Vatnsmerki 1. Aðalmerki:
											<ref target="watermark:B">Dárahöfuð með 7 bjöllum á kraga, Hermes kross og 3 meðalstórir hringir á staf</ref>
											// Ekkert mótmerki (
											<locus from="3r" to="3v">3</locus>
											,
											<locus from="4r" to="4v">4</locus>
											,
											<locus from="6r" to="6v">6</locus>
											).
										</watermark>
									</p>
									<p>
										<watermark n="2">
											Vatnsmerki 2. Aðalmerki:
											<ref target="watermark:Z">Óflokkanlegt vatnsmerki 1</ref>
											// Ekkert mótmerki (
											<locus from="7r" to="7v">7?</locus>
											,
											<locus from="9r" to="9v">9?</locus>
											).
										</watermark>
									</p>
									<p>
										<watermark n="3">
											Vatnsmerki 3. Aðalmerki:
											<ref target="watermark:X2">Fangamark CHVORK, fyrir ofan er Hermans orf flagg og ártal 1670? fyrir neðan</ref>
											// Ekkert mótmerki (
											<locus from="11r" to="11v">11</locus>
											).
										</watermark>
									</p>
									<p>
										<watermark n="4">
											Vatnsmerki 4. Aðalmerki:
											<ref target="watermark:Z">Óflokkanlegt vatnsmerki 2</ref>
											// Ekkert mótmerki (
											<locus from="13r" to="13v">13</locus>
											).
										</watermark>
									</p>
									<p>
										<watermark n="5">
											Vatnsmerki 5. Aðalmerki:
											<ref target="watermark:Z">Óflokkanlegt vatnsmerki 3</ref>
											// Ekkert mótmerki (
											<locus from="14r" to="14v">14</locus>
											).
										</watermark>
									</p>
								</support>
								<extent>i + 15 + i blöð (<dimensions type="leaf" unit="mm" scope="all">
										<height>325</height>
										<width>210</width>
									</dimensions>); blað 15 er minna (<dimensions type="leaf" unit="mm" scope="all">
										<height>205</height>
										<width>170</width>
									</dimensions>).</extent>

								<foliation>
									<p>
										<list>
											<item>Upprunaleg blaðmerking 101-112.</item>
											<item>Síðari tíma blaðmerking 1-15.</item>
										</list>
									</p>
								</foliation>

								<collation>
									<p>Fjögur kver.</p>
									<p>
										<list>
											<item n="1">Kver I: blöð 1r-4v, 2 tvinn.</item>
											<item n="2">Kver II: blöð 5r-6v, 1 tvinn.</item>
											<item n="3">Kver III: blöð 7r-12v, 3 tvinn.</item>
											<item n="4">Kver IV: blöð 13r-15v, 1 tvinn + 1 stakt
												blað.</item>
										</list>
									</p>
								</collation>

								<condition>
									<p>
										<list>
											<item>Blettir eru víða (sbr. t.d. blöð <locus from="7r" facs="#AM02-0163a-0007r" to="7r">7r</locus> og
												<locus from="9r" facs="#AM02-0163a-0009r" to="9r">9r</locus>). </item>
										</list>
									</p>
								</condition>

							</supportDesc>

							<layoutDesc>
								<layout columns="1" writtenLines="70 76">
									<p> 1) Blöð <locus from="1r" facs="#AM02-0163a-0001r" to="11v">1r-11v</locus>:<list>
											<item>Eindálka.</item>
											<item>Línufjöldi er ca 70-76.</item>
											<item>Leturflötur er ca <dimensions type="written" unit="mm" scope="all">
												<height>290</height>
												<width>170</width>
												</dimensions>.</item>
											<item>Síðutitill <q>Vatnsdæla</q> (sjá t.d. <locus from="11r" facs="#AM02-0163a-0011r" to="11r">11r</locus>). </item>
										</list>
									</p>
								</layout>
								<layout columns="1" writtenLines="51 54">
									<p> 2) Blöð <locus from="12r" facs="#AM02-0163a-0012r" to="14v">12r-14v</locus>:<list>
											<item>Eindálka.</item>
											<item>Línufjöldi er ca 51-54.</item>
											<item>Leturflötur er ca <dimensions type="written" unit="mm" scope="all">
												<height>275</height>
												<width>167</width>
												</dimensions>.</item>
											<item>Síðutitill nær yfir opnu <q>Saga af</q> (<locus from="12v" facs="#AM02-0163a-0012v" to="12v">12v</locus>) <q>Önundi tréfót</q> (<locus from="13r" facs="#AM02-0163a-0013r" to="13r">13r</locus>).</item>
										</list>
									</p>
								</layout>
								<layout columns="1" writtenLines="31">
									<p> 3) Blað <locus from="15r" facs="#AM02-0163a-0015r" to="15r">15r</locus>: <list>
											<item>Eindálka.</item>
											<item>Línufjöldi er ca 31.</item>
											<item>Leturflötur er ca <dimensions type="written" unit="mm" scope="all">
												<height>160</height>
												<width>130</width>
												</dimensions>.</item>
										</list>
									</p>
								</layout>
							</layoutDesc>


						</objectDesc>
						<handDesc hands="2">
							<handNote scribe="unknown" script="hybrida" scope="major">
								<list>
									<item>Skrifari á blöðum <locus from="1r" facs="#AM02-0163a-0001r" to="12r">1r-12r (fyrri
											hluta)</locus> er óþekktur. Blendingsskrift.</item>
								</list>
							</handNote>
							<handNote scribe="unknown" script="other" scope="minor">
								<list>
									<item>Sömuleiðis er skrifari blaða <locus from="12r" facs="#AM02-0163a-0012r" to="15v">12r (síðari
											hluta)-15v</locus> óþekktur. Kansellískrift.</item>
								</list>
							</handNote>
						</handDesc>

						<decoDesc>
							<decoNote type="secondary" subtype="display-script">
								<list>
									<item>Titlar sagnanna og fyrsta lína textans eru með stærra
										letri en meginmálið (sjá blað <locus from="1r" facs="#AM02-0163a-0001r" to="1r">1r</locus>).</item>
								</list>
							</decoNote>
							<decoNote type="initial" subtype="decorated">
								<list>
									<item>Skreyttur upphafsstafur í upphafi texta (sjá blað <locus from="1r" facs="#AM02-0163a-0001r" to="1r">1r</locus>).
									</item>
								</list>
							</decoNote>
							<decoNote type="frieze" subtype="tail-piece">
								<list>
									<item>Við lok uppskriftar hvorrar sögu er 
										bókahnútsígildi eða hugsanlegt merki skrifarans; það lítur út eins og tvö öfug P, belgurinn
										er blekfylltur. Þetta tákn er í fleiri handritum, 										
										sbr. <ref type="ms" target="AM02-0164c">AM 164c fol.</ref>,
											<ref type="ms" target="AM02-0163b">AM 163 b fol.</ref>.
											<ref type="ms" target="AM02-0164c">AM 164c
											fol.</ref>,<ref type="ms" target="AM02-0163d">AM 163 d
											fol.</ref>
									</item>
								</list>
							</decoNote>
						</decoDesc>

						<additions>
							<p>
								<list>
									<item>Önundar þætti hefur verið bætt við síðar á blaði <locus from="12r" facs="#AM02-0163a-0012r" to="12v">12r-12v</locus> og áframhaldinu á innskotsblöð <locus from="13r" facs="#AM02-0163a-0013r" to="15v">13r-15v</locus>. Upprunalega hefur þessu verið skotið
										framan við Grettis sögu sem nú er í <ref target="AM04-0163b" type="ms">AM 163 b 4to</ref>, þegar handritin tilheyrðu
										sömu bók.</item>
								</list>
							</p>
							<!--  (<ref>G.M.G.</ref>). -->
						</additions>

						<bindingDesc>
							<binding contemporary="false">
								<p> Band (<dimensions type="binding" unit="mm">
										<height>335</height>
										<width>234</width>
										<depth>12</depth>
									</dimensions>) er frá 1976. Spjöld eru klædd fínofnum striga. Grófari strigi er á
											kili og hornum. Saumað á móttök.</p>

								
							</binding>

							<binding notBefore="1772" notAfter="1780" contemporary="false">
								<p>
									Pappaband frá árunum 1772-1780 (<dimensions type="binding" unit="mm">
												<height>330</height>
												<width>214</width>
												<depth>4</depth>
											</dimensions>). </p>
										<p>Eldra og yngra band liggja saman í öskju.</p>
								
							</binding>

						</bindingDesc>

						<accMat>
							<p>
								<list>
									<item>
										<locus from="accMat01r" facs="#AM02-0163a-accMat01r" to="accMat01v">Seðill</locus> (<dimensions type="slip" unit="mm">
											<height>118</height>
											<width>175</width>
										</dimensions>) (milli <locus from="0001v-FFl" facs="#AM02-0163a-0001v-FFl" to="1r">saurblaðs og blaðs
											1r</locus>) með efnisyfirliti yfir sögurnar í <ref target="AM02-0163a" type="ms">AM 163 a fol.</ref> og
											<ref target="AM02-0163b" type="ms">AM 163 b fol.</ref>
										með hendi <name key="ArnMag001" type="person">Árna
											Magnússonar</name> og viðbót með hendi <name key="ThoTho003" type="person">Þórðar Þórðarsonar</name>:
										Vatndæla saga. Af Önundi tréfót. Grettis saga, Gunnars
										saga keldugnúpsfífls. Þórðar hreðu saga. Af Ormi
										Stórólfssyni. Úr bók sem ég keypti 1711 af Sigurði á Ferju
										og tók í sundur í parta, var eldri en 1683. </item>
									<item>Laus miði með upplýsingum um forvörslu bands.</item>
									<item>Lítill safnmarksmiði með hönd Kålunds sem límdur hefur
										verið á <locus from="0000v-FB" facs="#AM02-0163a-0000v-FB" to="0000v">fremra kápuspjald (v)</locus>(vinstra horn
										efst).</item>
									<item>Annar smámiði með hönd Kålunds sem límdur hefur verið á
											<locus from="0000v-FB" facs="#AM02-0163a-0000v-FB" to="0000v-FB">fremra kápuspjald (v)</locus> (hægra horn
										neðst) með upplýsingum um eldri skráningu.</item>
								</list>
							</p>
						</accMat>

					</physDesc>

					<history>
						<origin notBefore="1650" notAfter="1682">
							<p>
								Handritið er skrifað á <origPlace key="IS">Íslandi</origPlace> og var upprunalega hluti af stærri
										bók sem skrifuð var fyrir <origDate notBefore="1650" notAfter="1682">1683</origDate> (sbr. <locus from="accMat01r" facs="#AM02-0163a-accMat01r" to="accMat01v">seðil</locus>). Það er því tímasett til
										ca <origDate notBefore="1650" notAfter="1682">1650-1683</origDate>. Í <bibl>
											<ref target="KKKat">Katalog I</ref>
										</bibl>, bls. 126, er það tímasett til síðari hluta 17.
										aldar. Í sömu bók voru <ref target="AM02-0163b" type="ms">AM
											163 b fol.</ref>, <ref target="AM02-0163c" type="ms">AM
											163 c fol.</ref>, <ref target="AM02-0163d" type="ms">AM
											163 d fol.</ref>, <ref target="AM02-0110" type="ms">AM
											110 fol.</ref>, <ref target="AM02-0125" type="ms">AM 125
											fol.</ref> og blöð 10r-11v í <ref target="AM02-0202g" type="ms">AM 202 g fol. Rannsóknir á vatnsmerkjum benda til þess að handritið hafi verið ritað eftir 1670</ref>.
							</p>
						</origin>

						<provenance>
							<p>
								Bókina sem handritið tilheyrði keypti <name key="ArnMag001" type="person">Árni Magnússon</name> af
											<name key="SigMag003" type="person">Sigurði
											Magnússyni</name> á <name type="place">Ferju</name> árið
											<date when="1711">1711</date> og tók í sundur (sbr.
											<locus from="accMat01r" facs="#AM02-0163a-accMat01r" to="accMat01v">seðil</locus>).
								
							</p>
						</provenance>

						<acquisition when="1977-03-16">
							<p>Stofnun Árna Magnússonar á Íslandi tók við handritinu 16. mars
								1977.</p>
						</acquisition>
					</history>
					<additional>
						<adminInfo>
							<recordHist>

								<source>
									<p><name key="KriKaa001" type="person">Kålund</name>
										gekk frá handritinu til skráningar <date when="1885-12-18">18. desember 1885</date>.<bibl>
											<ref target="KKKat">Katalog I; </ref>
										</bibl>bls. 126 (nr.203).</p>
									<name key="DriThr001" type="person">DKÞ</name>
									grunnskráði <date when="2001-10-01">1. október
										2001</date>,
												<name type="person" key="ValHil001">VH</name> skráði
												handritið samkvæmt TEIP5 reglum <date when="2008-12-08">8. desember 2008</date>; lagfærði í <date when="2010-11">nóvember 2010</date>. <name key="ThuSig002" type="person">ÞÓS</name> skráði <date when="2020-06-22">22. júní 2020</date>.
											
												
											
												
										
								</source>
								<!-- Not. 
                                Vatnsdæla saga, Kbh. 1812, s. XVI.
                                Vatnsdæla saga. Finnur Jónsson ed. Köbenhavn: Samfund til udgivelse af gammel nordisk lietteratur; 1934. (S.T.U.A.G.N.L; 58)
                                Guðvarður Már Gunnlaugsson. "Grettir vondum vættum, veitti hel og þreytti". Grettir Ásmundarson og vinsældir Grettis sögu. Gripla. 2000; 11:37-78.
                                AM 163: Slay, Desmond. The manuscripts of Hrólfs saga Kraka. Hafniæ: 1960. (Bibliotheca Arnamagnæana; 24).
                                AM-fol 163 a-d, i: Ólafur Halldórsson. Athugasemdir við bók Más Jónssonar um Árna Magnússon. Gripla. 2000; 11:326-328
                            -->

							</recordHist>
							<custodialHist>
								<custEvent type="conservation" notBefore="1976" notAfter="1976">
									<p>Viðgert og bundið af <name key="BirDal001" type="person">Birgitte Dall</name> í júní 1976.</p>
								</custEvent>
								<custEvent type="conservation" notBefore="1772" notAfter="1780">
									<p>Bundið af <name key="MatBlo001" type="person">Matthiasi
											Larsen Bloch</name> á árunum 1772-1780. Það band
										fylgir.</p>
								</custEvent>

							</custodialHist>
						</adminInfo>

						<surrogates>
							<p>
								<list>
									<item>Stafrænar myndir á www.sagnanet.is.</item>
									<item>Svart-hvítar ljósmyndir á Det Arnamagnæanske Institut í
										Kaupmannahöfn.</item>
								</list>
							</p>
						</surrogates>
						<listBibl>
							<bibl>Arthur, S. M. 2012, <ref target="SusArt2012a">The importance of marital and maternal ties in the distribution of Icelandic manuscripts from the middle ages to the seventeenth century</ref></bibl>
							<bibl>Finnur Jónsson 1934, <ref target="FinJón1934a">Vatsdæla saga</ref></bibl>
							<bibl>Guðvarður Már Gunnlaugsson 2000, <ref target="GuðGun2000a">"Grettir vondum vættum, veitti hel og þreytti". Grettir Ásmundarson og vinsældir Grettis sögu</ref></bibl>
							<bibl>Ólafur Halldórsson 2000, <ref target="ÓlaHal2000d">Athugasemdir við bók Más Jónssonar um Árna Magnússon</ref></bibl>
						</listBibl>
					</additional>
				</msDesc>
			</sourceDesc>
		</fileDesc>
		<revisionDesc>
			<change when="2008-10" who="#EriHas01">Migrated from MASTER to P5</change>
		</revisionDesc>
	</teiHeader>
	<facsimile xml:base="https://myndir.handrit.is/file/Handrit.is/">
		<surface xml:id="AM02-0163a-0000r-FB" n="0">
			<desc>0000r-FB</desc>
			<graphic mimeType="pdf" url="AM%20163%20a%20fol/0/HIGH_QUALITY_DISPLAY"/>
			<graphic mimeType="jpg" url="AM%20163%20a%20fol/0/THUMBNAIL" width="200px" height="278px"/>
			<graphic mimeType="jpg" url="AM%20163%20a%20fol/0/SECONDARY_DISPLAY" width="3600px" height="5004px"/>
			<graphic mimeType="pdf" url="AM%20163%20a%20fol/0/WEB_DISPLAY"/>
		</surface>
		<surface xml:id="AM02-0163a-0000v-FB" n="1">
			<desc>0000v-FB</desc>
			<graphic mimeType="pdf" url="AM%20163%20a%20fol/1/HIGH_QUALITY_DISPLAY"/>
			<graphic mimeType="jpg" url="AM%20163%20a%20fol/1/THUMBNAIL" width="200px" height="274px"/>
			<graphic mimeType="jpg" url="AM%20163%20a%20fol/1/SECONDARY_DISPLAY" width="3600px" height="4932px"/>
			<graphic mimeType="pdf" url="AM%20163%20a%20fol/1/WEB_DISPLAY"/>
		</surface>
		<surface xml:id="AM02-0163a-0001r-FFl" n="2">
			<desc>0001r-FFl</desc>
			<graphic mimeType="pdf" url="AM%20163%20a%20fol/2/HIGH_QUALITY_DISPLAY"/>
			<graphic mimeType="jpg" url="AM%20163%20a%20fol/2/THUMBNAIL" width="200px" height="281px"/>
			<graphic mimeType="jpg" url="AM%20163%20a%20fol/2/SECONDARY_DISPLAY" width="3516px" height="4932px"/>
			<graphic mimeType="pdf" url="AM%20163%20a%20fol/2/WEB_DISPLAY"/>
		</surface>
		<surface xml:id="AM02-0163a-0001v-FFl" n="3">
			<desc>0001v-FFl</desc>
			<graphic mimeType="pdf" url="AM%20163%20a%20fol/3/HIGH_QUALITY_DISPLAY"/>
			<graphic mimeType="jpg" url="AM%20163%20a%20fol/3/THUMBNAIL" width="200px" height="287px"/>
			<graphic mimeType="jpg" url="AM%20163%20a%20fol/3/SECONDARY_DISPLAY" width="3372px" height="4848px"/>
			<graphic mimeType="pdf" url="AM%20163%20a%20fol/3/WEB_DISPLAY"/>
		</surface>
		<surface xml:id="AM02-0163a-accMat01r" n="4">
			<desc>accMat01r</desc>
			<graphic mimeType="pdf" url="AM%20163%20a%20fol/4/HIGH_QUALITY_DISPLAY"/>
			<graphic mimeType="jpg" url="AM%20163%20a%20fol/4/THUMBNAIL" width="200px" height="126px"/>
			<graphic mimeType="jpg" url="AM%20163%20a%20fol/4/SECONDARY_DISPLAY" width="3000px" height="1884px"/>
			<graphic mimeType="pdf" url="AM%20163%20a%20fol/4/WEB_DISPLAY"/>
		</surface>
		<surface xml:id="AM02-0163a-accMat01v" n="5">
			<desc>accMat01v</desc>
			<graphic mimeType="pdf" url="AM%20163%20a%20fol/5/HIGH_QUALITY_DISPLAY"/>
			<graphic mimeType="jpg" url="AM%20163%20a%20fol/5/THUMBNAIL" width="200px" height="126px"/>
			<graphic mimeType="jpg" url="AM%20163%20a%20fol/5/SECONDARY_DISPLAY" width="3000px" height="1884px"/>
			<graphic mimeType="pdf" url="AM%20163%20a%20fol/5/WEB_DISPLAY"/>
		</surface>
		<surface xml:id="AM02-0163a-0001r" n="6">
			<desc>0001r</desc>
			<graphic mimeType="pdf" url="AM%20163%20a%20fol/6/HIGH_QUALITY_DISPLAY"/>
			<graphic mimeType="jpg" url="AM%20163%20a%20fol/6/THUMBNAIL" width="200px" height="299px"/>
			<graphic mimeType="jpg" url="AM%20163%20a%20fol/6/SECONDARY_DISPLAY" width="3204px" height="4788px"/>
			<graphic mimeType="pdf" url="AM%20163%20a%20fol/6/WEB_DISPLAY"/>
		</surface>
		<surface xml:id="AM02-0163a-0001v" n="7">
			<desc>0001v</desc>
			<graphic mimeType="pdf" url="AM%20163%20a%20fol/7/HIGH_QUALITY_DISPLAY"/>
			<graphic mimeType="jpg" url="AM%20163%20a%20fol/7/THUMBNAIL" width="194px" height="300px"/>
			<graphic mimeType="jpg" url="AM%20163%20a%20fol/7/SECONDARY_DISPLAY" width="3101px" height="4788px"/>
			<graphic mimeType="pdf" url="AM%20163%20a%20fol/7/WEB_DISPLAY"/>
		</surface>
		<surface xml:id="AM02-0163a-0002r" n="8">
			<desc>0002r</desc>
			<graphic mimeType="pdf" url="AM%20163%20a%20fol/8/HIGH_QUALITY_DISPLAY"/>
			<graphic mimeType="jpg" url="AM%20163%20a%20fol/8/THUMBNAIL" width="194px" height="300px"/>
			<graphic mimeType="jpg" url="AM%20163%20a%20fol/8/SECONDARY_DISPLAY" width="3101px" height="4788px"/>
			<graphic mimeType="pdf" url="AM%20163%20a%20fol/8/WEB_DISPLAY"/>
		</surface>
		<surface xml:id="AM02-0163a-0002v" n="9">
			<desc>0002v</desc>
			<graphic mimeType="pdf" url="AM%20163%20a%20fol/9/HIGH_QUALITY_DISPLAY"/>
			<graphic mimeType="jpg" url="AM%20163%20a%20fol/9/THUMBNAIL" width="194px" height="300px"/>
			<graphic mimeType="jpg" url="AM%20163%20a%20fol/9/SECONDARY_DISPLAY" width="3101px" height="4788px"/>
			<graphic mimeType="pdf" url="AM%20163%20a%20fol/9/WEB_DISPLAY"/>
		</surface>
		<surface xml:id="AM02-0163a-0003r" n="10">
			<desc>0003r</desc>
			<graphic mimeType="pdf" url="AM%20163%20a%20fol/10/HIGH_QUALITY_DISPLAY"/>
			<graphic mimeType="jpg" url="AM%20163%20a%20fol/10/THUMBNAIL" width="194px" height="300px"/>
			<graphic mimeType="jpg" url="AM%20163%20a%20fol/10/SECONDARY_DISPLAY" width="3101px" height="4788px"/>
			<graphic mimeType="pdf" url="AM%20163%20a%20fol/10/WEB_DISPLAY"/>
		</surface>
		<surface xml:id="AM02-0163a-0003v" n="11">
			<desc>0003v</desc>
			<graphic mimeType="pdf" url="AM%20163%20a%20fol/11/HIGH_QUALITY_DISPLAY"/>
			<graphic mimeType="jpg" url="AM%20163%20a%20fol/11/THUMBNAIL" width="194px" height="300px"/>
			<graphic mimeType="jpg" url="AM%20163%20a%20fol/11/SECONDARY_DISPLAY" width="3101px" height="4788px"/>
			<graphic mimeType="pdf" url="AM%20163%20a%20fol/11/WEB_DISPLAY"/>
		</surface>
		<surface xml:id="AM02-0163a-0004r" n="12">
			<desc>0004r</desc>
			<graphic mimeType="pdf" url="AM%20163%20a%20fol/12/HIGH_QUALITY_DISPLAY"/>
			<graphic mimeType="jpg" url="AM%20163%20a%20fol/12/THUMBNAIL" width="194px" height="300px"/>
			<graphic mimeType="jpg" url="AM%20163%20a%20fol/12/SECONDARY_DISPLAY" width="3101px" height="4788px"/>
			<graphic mimeType="pdf" url="AM%20163%20a%20fol/12/WEB_DISPLAY"/>
		</surface>
		<surface xml:id="AM02-0163a-0004v" n="13">
			<desc>0004v</desc>
			<graphic mimeType="pdf" url="AM%20163%20a%20fol/13/HIGH_QUALITY_DISPLAY"/>
			<graphic mimeType="jpg" url="AM%20163%20a%20fol/13/THUMBNAIL" width="194px" height="300px"/>
			<graphic mimeType="jpg" url="AM%20163%20a%20fol/13/SECONDARY_DISPLAY" width="3101px" height="4788px"/>
			<graphic mimeType="pdf" url="AM%20163%20a%20fol/13/WEB_DISPLAY"/>
		</surface>
		<surface xml:id="AM02-0163a-0005r" n="14">
			<desc>0005r</desc>
			<graphic mimeType="pdf" url="AM%20163%20a%20fol/14/HIGH_QUALITY_DISPLAY"/>
			<graphic mimeType="jpg" url="AM%20163%20a%20fol/14/THUMBNAIL" width="194px" height="300px"/>
			<graphic mimeType="jpg" url="AM%20163%20a%20fol/14/SECONDARY_DISPLAY" width="3101px" height="4788px"/>
			<graphic mimeType="pdf" url="AM%20163%20a%20fol/14/WEB_DISPLAY"/>
		</surface>
		<surface xml:id="AM02-0163a-0005v" n="15">
			<desc>0005v</desc>
			<graphic mimeType="pdf" url="AM%20163%20a%20fol/15/HIGH_QUALITY_DISPLAY"/>
			<graphic mimeType="jpg" url="AM%20163%20a%20fol/15/THUMBNAIL" width="193px" height="300px"/>
			<graphic mimeType="jpg" url="AM%20163%20a%20fol/15/SECONDARY_DISPLAY" width="3071px" height="4788px"/>
			<graphic mimeType="pdf" url="AM%20163%20a%20fol/15/WEB_DISPLAY"/>
		</surface>
		<surface xml:id="AM02-0163a-0006r" n="16">
			<desc>0006r</desc>
			<graphic mimeType="pdf" url="AM%20163%20a%20fol/16/HIGH_QUALITY_DISPLAY"/>
			<graphic mimeType="jpg" url="AM%20163%20a%20fol/16/THUMBNAIL" width="193px" height="300px"/>
			<graphic mimeType="jpg" url="AM%20163%20a%20fol/16/SECONDARY_DISPLAY" width="3071px" height="4788px"/>
			<graphic mimeType="pdf" url="AM%20163%20a%20fol/16/WEB_DISPLAY"/>
		</surface>
		<surface xml:id="AM02-0163a-0006v" n="17">
			<desc>0006v</desc>
			<graphic mimeType="pdf" url="AM%20163%20a%20fol/17/HIGH_QUALITY_DISPLAY"/>
			<graphic mimeType="jpg" url="AM%20163%20a%20fol/17/THUMBNAIL" width="193px" height="300px"/>
			<graphic mimeType="jpg" url="AM%20163%20a%20fol/17/SECONDARY_DISPLAY" width="3071px" height="4788px"/>
			<graphic mimeType="pdf" url="AM%20163%20a%20fol/17/WEB_DISPLAY"/>
		</surface>
		<surface xml:id="AM02-0163a-0007r" n="18">
			<desc>0007r</desc>
			<graphic mimeType="pdf" url="AM%20163%20a%20fol/18/HIGH_QUALITY_DISPLAY"/>
			<graphic mimeType="jpg" url="AM%20163%20a%20fol/18/THUMBNAIL" width="193px" height="300px"/>
			<graphic mimeType="jpg" url="AM%20163%20a%20fol/18/SECONDARY_DISPLAY" width="3071px" height="4788px"/>
			<graphic mimeType="pdf" url="AM%20163%20a%20fol/18/WEB_DISPLAY"/>
		</surface>
		<surface xml:id="AM02-0163a-0007v" n="19">
			<desc>0007v</desc>
			<graphic mimeType="pdf" url="AM%20163%20a%20fol/19/HIGH_QUALITY_DISPLAY"/>
			<graphic mimeType="jpg" url="AM%20163%20a%20fol/19/THUMBNAIL" width="193px" height="300px"/>
			<graphic mimeType="jpg" url="AM%20163%20a%20fol/19/SECONDARY_DISPLAY" width="3071px" height="4788px"/>
			<graphic mimeType="pdf" url="AM%20163%20a%20fol/19/WEB_DISPLAY"/>
		</surface>
		<surface xml:id="AM02-0163a-0008r" n="20">
			<desc>0008r</desc>
			<graphic mimeType="pdf" url="AM%20163%20a%20fol/20/HIGH_QUALITY_DISPLAY"/>
			<graphic mimeType="jpg" url="AM%20163%20a%20fol/20/THUMBNAIL" width="193px" height="300px"/>
			<graphic mimeType="jpg" url="AM%20163%20a%20fol/20/SECONDARY_DISPLAY" width="3071px" height="4788px"/>
			<graphic mimeType="pdf" url="AM%20163%20a%20fol/20/WEB_DISPLAY"/>
		</surface>
		<surface xml:id="AM02-0163a-0008v" n="21">
			<desc>0008v</desc>
			<graphic mimeType="pdf" url="AM%20163%20a%20fol/21/HIGH_QUALITY_DISPLAY"/>
			<graphic mimeType="jpg" url="AM%20163%20a%20fol/21/THUMBNAIL" width="188px" height="300px"/>
			<graphic mimeType="jpg" url="AM%20163%20a%20fol/21/SECONDARY_DISPLAY" width="2999px" height="4788px"/>
			<graphic mimeType="pdf" url="AM%20163%20a%20fol/21/WEB_DISPLAY"/>
		</surface>
		<surface xml:id="AM02-0163a-0009r" n="22">
			<desc>0009r</desc>
			<graphic mimeType="pdf" url="AM%20163%20a%20fol/22/HIGH_QUALITY_DISPLAY"/>
			<graphic mimeType="jpg" url="AM%20163%20a%20fol/22/THUMBNAIL" width="188px" height="300px"/>
			<graphic mimeType="jpg" url="AM%20163%20a%20fol/22/SECONDARY_DISPLAY" width="2999px" height="4788px"/>
			<graphic mimeType="pdf" url="AM%20163%20a%20fol/22/WEB_DISPLAY"/>
		</surface>
		<surface xml:id="AM02-0163a-0009v" n="23">
			<desc>0009v</desc>
			<graphic mimeType="pdf" url="AM%20163%20a%20fol/23/HIGH_QUALITY_DISPLAY"/>
			<graphic mimeType="jpg" url="AM%20163%20a%20fol/23/THUMBNAIL" width="188px" height="300px"/>
			<graphic mimeType="jpg" url="AM%20163%20a%20fol/23/SECONDARY_DISPLAY" width="2999px" height="4788px"/>
			<graphic mimeType="pdf" url="AM%20163%20a%20fol/23/WEB_DISPLAY"/>
		</surface>
		<surface xml:id="AM02-0163a-0010r" n="24">
			<desc>0010r</desc>
			<graphic mimeType="pdf" url="AM%20163%20a%20fol/24/HIGH_QUALITY_DISPLAY"/>
			<graphic mimeType="jpg" url="AM%20163%20a%20fol/24/THUMBNAIL" width="188px" height="300px"/>
			<graphic mimeType="jpg" url="AM%20163%20a%20fol/24/SECONDARY_DISPLAY" width="2999px" height="4788px"/>
			<graphic mimeType="pdf" url="AM%20163%20a%20fol/24/WEB_DISPLAY"/>
		</surface>
		<surface xml:id="AM02-0163a-0010v" n="25">
			<desc>0010v</desc>
			<graphic mimeType="pdf" url="AM%20163%20a%20fol/25/HIGH_QUALITY_DISPLAY"/>
			<graphic mimeType="jpg" url="AM%20163%20a%20fol/25/THUMBNAIL" width="188px" height="300px"/>
			<graphic mimeType="jpg" url="AM%20163%20a%20fol/25/SECONDARY_DISPLAY" width="2999px" height="4788px"/>
			<graphic mimeType="pdf" url="AM%20163%20a%20fol/25/WEB_DISPLAY"/>
		</surface>
		<surface xml:id="AM02-0163a-0011r" n="26">
			<desc>0011r</desc>
			<graphic mimeType="pdf" url="AM%20163%20a%20fol/26/HIGH_QUALITY_DISPLAY"/>
			<graphic mimeType="jpg" url="AM%20163%20a%20fol/26/THUMBNAIL" width="188px" height="300px"/>
			<graphic mimeType="jpg" url="AM%20163%20a%20fol/26/SECONDARY_DISPLAY" width="2999px" height="4788px"/>
			<graphic mimeType="pdf" url="AM%20163%20a%20fol/26/WEB_DISPLAY"/>
		</surface>
		<surface xml:id="AM02-0163a-0011v" n="27">
			<desc>0011v</desc>
			<graphic mimeType="pdf" url="AM%20163%20a%20fol/27/HIGH_QUALITY_DISPLAY"/>
			<graphic mimeType="jpg" url="AM%20163%20a%20fol/27/THUMBNAIL" width="191px" height="300px"/>
			<graphic mimeType="jpg" url="AM%20163%20a%20fol/27/SECONDARY_DISPLAY" width="3041px" height="4788px"/>
			<graphic mimeType="pdf" url="AM%20163%20a%20fol/27/WEB_DISPLAY"/>
		</surface>
		<surface xml:id="AM02-0163a-0012r" n="28">
			<desc>0012r</desc>
			<graphic mimeType="pdf" url="AM%20163%20a%20fol/28/HIGH_QUALITY_DISPLAY"/>
			<graphic mimeType="jpg" url="AM%20163%20a%20fol/28/THUMBNAIL" width="191px" height="300px"/>
			<graphic mimeType="jpg" url="AM%20163%20a%20fol/28/SECONDARY_DISPLAY" width="3041px" height="4788px"/>
			<graphic mimeType="pdf" url="AM%20163%20a%20fol/28/WEB_DISPLAY"/>
		</surface>
		<surface xml:id="AM02-0163a-0012v" n="29">
			<desc>0012v</desc>
			<graphic mimeType="pdf" url="AM%20163%20a%20fol/29/HIGH_QUALITY_DISPLAY"/>
			<graphic mimeType="jpg" url="AM%20163%20a%20fol/29/THUMBNAIL" width="191px" height="300px"/>
			<graphic mimeType="jpg" url="AM%20163%20a%20fol/29/SECONDARY_DISPLAY" width="3041px" height="4788px"/>
			<graphic mimeType="pdf" url="AM%20163%20a%20fol/29/WEB_DISPLAY"/>
		</surface>
		<surface xml:id="AM02-0163a-0013r" n="30">
			<desc>0013r</desc>
			<graphic mimeType="pdf" url="AM%20163%20a%20fol/30/HIGH_QUALITY_DISPLAY"/>
			<graphic mimeType="jpg" url="AM%20163%20a%20fol/30/THUMBNAIL" width="191px" height="300px"/>
			<graphic mimeType="jpg" url="AM%20163%20a%20fol/30/SECONDARY_DISPLAY" width="3041px" height="4788px"/>
			<graphic mimeType="pdf" url="AM%20163%20a%20fol/30/WEB_DISPLAY"/>
		</surface>
		<surface xml:id="AM02-0163a-0013v" n="31">
			<desc>0013v</desc>
			<graphic mimeType="pdf" url="AM%20163%20a%20fol/31/HIGH_QUALITY_DISPLAY"/>
			<graphic mimeType="jpg" url="AM%20163%20a%20fol/31/THUMBNAIL" width="193px" height="300px"/>
			<graphic mimeType="jpg" url="AM%20163%20a%20fol/31/SECONDARY_DISPLAY" width="3083px" height="4788px"/>
			<graphic mimeType="pdf" url="AM%20163%20a%20fol/31/WEB_DISPLAY"/>
		</surface>
		<surface xml:id="AM02-0163a-0014r" n="32">
			<desc>0014r</desc>
			<graphic mimeType="pdf" url="AM%20163%20a%20fol/32/HIGH_QUALITY_DISPLAY"/>
			<graphic mimeType="jpg" url="AM%20163%20a%20fol/32/THUMBNAIL" width="193px" height="300px"/>
			<graphic mimeType="jpg" url="AM%20163%20a%20fol/32/SECONDARY_DISPLAY" width="3083px" height="4788px"/>
			<graphic mimeType="pdf" url="AM%20163%20a%20fol/32/WEB_DISPLAY"/>
		</surface>
		<surface xml:id="AM02-0163a-0014v" n="33">
			<desc>0014v</desc>
			<graphic mimeType="pdf" url="AM%20163%20a%20fol/33/HIGH_QUALITY_DISPLAY"/>
			<graphic mimeType="jpg" url="AM%20163%20a%20fol/33/THUMBNAIL" width="193px" height="300px"/>
			<graphic mimeType="jpg" url="AM%20163%20a%20fol/33/SECONDARY_DISPLAY" width="3084px" height="4788px"/>
			<graphic mimeType="pdf" url="AM%20163%20a%20fol/33/WEB_DISPLAY"/>
		</surface>
		<surface xml:id="AM02-0163a-0015r" n="34">
			<desc>0015r</desc>
			<graphic mimeType="pdf" url="AM%20163%20a%20fol/34/HIGH_QUALITY_DISPLAY"/>
			<graphic mimeType="jpg" url="AM%20163%20a%20fol/34/THUMBNAIL" width="200px" height="243px"/>
			<graphic mimeType="jpg" url="AM%20163%20a%20fol/34/SECONDARY_DISPLAY" width="2592px" height="3144px"/>
			<graphic mimeType="pdf" url="AM%20163%20a%20fol/34/WEB_DISPLAY"/>
		</surface>
		<surface xml:id="AM02-0163a-0015v" n="35">
			<desc>0015v</desc>
			<graphic mimeType="pdf" url="AM%20163%20a%20fol/35/HIGH_QUALITY_DISPLAY"/>
			<graphic mimeType="jpg" url="AM%20163%20a%20fol/35/THUMBNAIL" width="200px" height="243px"/>
			<graphic mimeType="jpg" url="AM%20163%20a%20fol/35/SECONDARY_DISPLAY" width="2592px" height="3144px"/>
			<graphic mimeType="pdf" url="AM%20163%20a%20fol/35/WEB_DISPLAY"/>
		</surface>
		<surface xml:id="AM02-0163a-9901r-RFl" n="36">
			<desc>9901r-RFl</desc>
			<graphic mimeType="pdf" url="AM%20163%20a%20fol/36/HIGH_QUALITY_DISPLAY"/>
			<graphic mimeType="jpg" url="AM%20163%20a%20fol/36/THUMBNAIL" width="196px" height="300px"/>
			<graphic mimeType="jpg" url="AM%20163%20a%20fol/36/SECONDARY_DISPLAY" width="3204px" height="4896px"/>
			<graphic mimeType="pdf" url="AM%20163%20a%20fol/36/WEB_DISPLAY"/>
		</surface>
		<surface xml:id="AM02-0163a-9901v-RFl" n="37">
			<desc>9901v-RFl</desc>
			<graphic mimeType="pdf" url="AM%20163%20a%20fol/37/HIGH_QUALITY_DISPLAY"/>
			<graphic mimeType="jpg" url="AM%20163%20a%20fol/37/THUMBNAIL" width="189px" height="300px"/>
			<graphic mimeType="jpg" url="AM%20163%20a%20fol/37/SECONDARY_DISPLAY" width="3083px" height="4896px"/>
			<graphic mimeType="pdf" url="AM%20163%20a%20fol/37/WEB_DISPLAY"/>
		</surface>
		<surface xml:id="AM02-0163a-9999r-RB" n="38">
			<desc>9999r-RB</desc>
			<graphic mimeType="pdf" url="AM%20163%20a%20fol/38/HIGH_QUALITY_DISPLAY"/>
			<graphic mimeType="jpg" url="AM%20163%20a%20fol/38/THUMBNAIL" width="189px" height="300px"/>
			<graphic mimeType="jpg" url="AM%20163%20a%20fol/38/SECONDARY_DISPLAY" width="3083px" height="4896px"/>
			<graphic mimeType="pdf" url="AM%20163%20a%20fol/38/WEB_DISPLAY"/>
		</surface>
		<surface xml:id="AM02-0163a-9999v-RB" n="39">
			<desc>9999v-RB</desc>
			<graphic mimeType="pdf" url="AM%20163%20a%20fol/39/HIGH_QUALITY_DISPLAY"/>
			<graphic mimeType="jpg" url="AM%20163%20a%20fol/39/THUMBNAIL" width="200px" height="280px"/>
			<graphic mimeType="jpg" url="AM%20163%20a%20fol/39/SECONDARY_DISPLAY" width="3504px" height="4896px"/>
			<graphic mimeType="pdf" url="AM%20163%20a%20fol/39/WEB_DISPLAY"/>
		</surface>
		<surface xml:id="AM02-0163a-addMat01r" n="40">
			<desc>addMat01r</desc>
			<graphic mimeType="pdf" url="AM%20163%20a%20fol/40/HIGH_QUALITY_DISPLAY"/>
			<graphic mimeType="jpg" url="AM%20163%20a%20fol/40/THUMBNAIL" width="199px" height="300px"/>
			<graphic mimeType="jpg" url="AM%20163%20a%20fol/40/SECONDARY_DISPLAY" width="3252px" height="4896px"/>
			<graphic mimeType="pdf" url="AM%20163%20a%20fol/40/WEB_DISPLAY"/>
		</surface>
		<surface xml:id="AM02-0163a-addMat01v" n="41">
			<desc>addMat01v</desc>
			<graphic mimeType="pdf" url="AM%20163%20a%20fol/41/HIGH_QUALITY_DISPLAY"/>
			<graphic mimeType="jpg" url="AM%20163%20a%20fol/41/THUMBNAIL" width="199px" height="300px"/>
			<graphic mimeType="jpg" url="AM%20163%20a%20fol/41/SECONDARY_DISPLAY" width="3252px" height="4896px"/>
			<graphic mimeType="pdf" url="AM%20163%20a%20fol/41/WEB_DISPLAY"/>
		</surface>
		<surface xml:id="AM02-0163a-addMat02r" n="42">
			<desc>addMat02r</desc>
			<graphic mimeType="pdf" url="AM%20163%20a%20fol/42/HIGH_QUALITY_DISPLAY"/>
			<graphic mimeType="jpg" url="AM%20163%20a%20fol/42/THUMBNAIL" width="199px" height="300px"/>
			<graphic mimeType="jpg" url="AM%20163%20a%20fol/42/SECONDARY_DISPLAY" width="3252px" height="4896px"/>
			<graphic mimeType="pdf" url="AM%20163%20a%20fol/42/WEB_DISPLAY"/>
		</surface>
		<surface xml:id="AM02-0163a-addMat02v" n="43">
			<desc>addMat02v</desc>
			<graphic mimeType="pdf" url="AM%20163%20a%20fol/43/HIGH_QUALITY_DISPLAY"/>
			<graphic mimeType="jpg" url="AM%20163%20a%20fol/43/THUMBNAIL" width="199px" height="300px"/>
			<graphic mimeType="jpg" url="AM%20163%20a%20fol/43/SECONDARY_DISPLAY" width="3252px" height="4896px"/>
			<graphic mimeType="pdf" url="AM%20163%20a%20fol/43/WEB_DISPLAY"/>
		</surface>
		<surface xml:id="AM02-0163a-ccp" n="44">
			<desc>ccp</desc>
			<graphic mimeType="pdf" url="AM%20163%20a%20fol/44/HIGH_QUALITY_DISPLAY"/>
			<graphic mimeType="jpg" url="AM%20163%20a%20fol/44/THUMBNAIL" width="200px" height="281px"/>
			<graphic mimeType="jpg" url="AM%20163%20a%20fol/44/SECONDARY_DISPLAY" width="2232px" height="3132px"/>
			<graphic mimeType="pdf" url="AM%20163%20a%20fol/44/WEB_DISPLAY"/>
		</surface>
	</facsimile>
	<text>

		<body>

			<p/>
		</body>
	</text>
</TEI>