<?xml version="1.0" encoding="UTF-8"?>
<?oxygen RNGSchema="http://www.handrit.is/schema/handrit-1.0.rnc" type="compact"?>
<TEI xmlns="http://www.tei-c.org/ns/1.0">
    <teiHeader>
        <fileDesc>
            <titleStmt>
                <title type="main">AM 80 fol.</title>
            </titleStmt>
            <publicationStmt>
                <authority>Den Arnamagnæanske Samling</authority>
                <pubPlace>København</pubPlace>
            </publicationStmt>
            <sourceDesc>
                <msDesc xml:id="AM02-0080-en" xml:lang="en">
                    <msIdentifier>
                        <country>Danmark</country>
                        <settlement>København</settlement>
                        <repository>Den Arnamagnæanske Samling</repository>
                        <idno>AM 80 fol.</idno>
                        <altIdentifier type="internal" subtype="KKKat">
                            <idno>98</idno>
                        </altIdentifier>
                    </msIdentifier>
                    <head>
                        <title>Sverris saga</title>
                        <title>Hákonar saga Hákonarsonar</title>
                        <origPlace>Norway</origPlace>
                        <origDate notBefore="1687" notAfter="1708">c. 1700</origDate>
                        <note>Copy of <title type="ms">Gulinskinna</title>, which is presumed
                            destroyed in the Copenhagen fire of 1728.</note>
                    </head>
                    <msContents>
                        <msItem defective="true">
                            <textLang mainLang="is">Icelandic</textLang>
                        </msItem>
                    </msContents>
                    <physDesc>
                        <objectDesc form="codex">
                            <supportDesc material="chart">
                                <support>
                                    <p>
                                        <material>Paper.</material>
                                    </p>
                                </support>
                                <extent>73. <dimensions type="leaf" scope="all">
                                        <height>320</height>
                                        <width>202</width>
                                    </dimensions>
                        </extent>
                            </supportDesc>
                        </objectDesc>
                        <handDesc hands="1">
                            <handNote scribe="AsgJon001" scope="sole" script="unknown">
                                <p> Written by Ásgeir Jónsson.</p>
                            </handNote>
                        </handDesc>
                    </physDesc>
                </msDesc>
            </sourceDesc>
        </fileDesc>
    </teiHeader>
	<facsimile xml:base="https://myndir.handrit.is/file/Handrit.is/">
		<surface xml:id="AM02-0080-0000r-FB" n="0">
			<desc>0000r-FB</desc>
			<graphic mimeType="pdf" url="AM%2080%20fol./0/HIGH_QUALITY_DISPLAY"/>
			<graphic mimeType="jpg" url="AM%2080%20fol./0/THUMBNAIL" width="200px" height="286px"/>
			<graphic mimeType="jpg" url="AM%2080%20fol./0/SECONDARY_DISPLAY" width="2464px" height="3522px"/>
			<graphic mimeType="pdf" url="AM%2080%20fol./0/WEB_DISPLAY"/>
		</surface>
		<surface xml:id="AM02-0080-0000v-FB" n="1">
			<desc>0000v-FB</desc>
			<graphic mimeType="pdf" url="AM%2080%20fol./1/HIGH_QUALITY_DISPLAY"/>
			<graphic mimeType="jpg" url="AM%2080%20fol./1/THUMBNAIL" width="200px" height="285px"/>
			<graphic mimeType="jpg" url="AM%2080%20fol./1/SECONDARY_DISPLAY" width="2464px" height="3514px"/>
			<graphic mimeType="pdf" url="AM%2080%20fol./1/WEB_DISPLAY"/>
		</surface>
		<surface xml:id="AM02-0080-0001r-FFl" n="2">
			<desc>0001r-FFl</desc>
			<graphic mimeType="pdf" url="AM%2080%20fol./2/HIGH_QUALITY_DISPLAY"/>
			<graphic mimeType="jpg" url="AM%2080%20fol./2/THUMBNAIL" width="200px" height="286px"/>
			<graphic mimeType="jpg" url="AM%2080%20fol./2/SECONDARY_DISPLAY" width="2464px" height="3523px"/>
			<graphic mimeType="pdf" url="AM%2080%20fol./2/WEB_DISPLAY"/>
		</surface>
		<surface xml:id="AM02-0080-0001v-FFl" n="3">
			<desc>0001v-FFl</desc>
			<graphic mimeType="pdf" url="AM%2080%20fol./3/HIGH_QUALITY_DISPLAY"/>
			<graphic mimeType="jpg" url="AM%2080%20fol./3/THUMBNAIL" width="200px" height="286px"/>
			<graphic mimeType="jpg" url="AM%2080%20fol./3/SECONDARY_DISPLAY" width="2464px" height="3525px"/>
			<graphic mimeType="pdf" url="AM%2080%20fol./3/WEB_DISPLAY"/>
		</surface>
		<surface xml:id="AM02-0080-0002r-FFl" n="4">
			<desc>0002r-FFl</desc>
			<graphic mimeType="pdf" url="AM%2080%20fol./4/HIGH_QUALITY_DISPLAY"/>
			<graphic mimeType="jpg" url="AM%2080%20fol./4/THUMBNAIL" width="200px" height="287px"/>
			<graphic mimeType="jpg" url="AM%2080%20fol./4/SECONDARY_DISPLAY" width="2464px" height="3531px"/>
			<graphic mimeType="pdf" url="AM%2080%20fol./4/WEB_DISPLAY"/>
		</surface>
		<surface xml:id="AM02-0080-0002v-FFl" n="5">
			<desc>0002v-FFl</desc>
			<graphic mimeType="pdf" url="AM%2080%20fol./5/HIGH_QUALITY_DISPLAY"/>
			<graphic mimeType="jpg" url="AM%2080%20fol./5/THUMBNAIL" width="200px" height="286px"/>
			<graphic mimeType="jpg" url="AM%2080%20fol./5/SECONDARY_DISPLAY" width="2464px" height="3521px"/>
			<graphic mimeType="pdf" url="AM%2080%20fol./5/WEB_DISPLAY"/>
		</surface>
		<surface xml:id="AM02-0080-0003r-FFl" n="6">
			<desc>0003r-FFl</desc>
			<graphic mimeType="pdf" url="AM%2080%20fol./6/HIGH_QUALITY_DISPLAY"/>
			<graphic mimeType="jpg" url="AM%2080%20fol./6/THUMBNAIL" width="200px" height="287px"/>
			<graphic mimeType="jpg" url="AM%2080%20fol./6/SECONDARY_DISPLAY" width="2464px" height="3533px"/>
			<graphic mimeType="pdf" url="AM%2080%20fol./6/WEB_DISPLAY"/>
		</surface>
		<surface xml:id="AM02-0080-0003v-FFl" n="7">
			<desc>0003v-FFl</desc>
			<graphic mimeType="pdf" url="AM%2080%20fol./7/HIGH_QUALITY_DISPLAY"/>
			<graphic mimeType="jpg" url="AM%2080%20fol./7/THUMBNAIL" width="200px" height="286px"/>
			<graphic mimeType="jpg" url="AM%2080%20fol./7/SECONDARY_DISPLAY" width="2464px" height="3519px"/>
			<graphic mimeType="pdf" url="AM%2080%20fol./7/WEB_DISPLAY"/>
		</surface>
		<surface xml:id="AM02-0080-0001r" n="8">
			<desc>0001r</desc>
			<graphic mimeType="pdf" url="AM%2080%20fol./8/HIGH_QUALITY_DISPLAY"/>
			<graphic mimeType="jpg" url="AM%2080%20fol./8/THUMBNAIL" width="200px" height="287px"/>
			<graphic mimeType="jpg" url="AM%2080%20fol./8/SECONDARY_DISPLAY" width="2464px" height="3534px"/>
			<graphic mimeType="pdf" url="AM%2080%20fol./8/WEB_DISPLAY"/>
		</surface>
		<surface xml:id="AM02-0080-0001v" n="9">
			<desc>0001v</desc>
			<graphic mimeType="pdf" url="AM%2080%20fol./9/HIGH_QUALITY_DISPLAY"/>
			<graphic mimeType="jpg" url="AM%2080%20fol./9/THUMBNAIL" width="200px" height="287px"/>
			<graphic mimeType="jpg" url="AM%2080%20fol./9/SECONDARY_DISPLAY" width="2464px" height="3533px"/>
			<graphic mimeType="pdf" url="AM%2080%20fol./9/WEB_DISPLAY"/>
		</surface>
		<surface xml:id="AM02-0080-0002r" n="10">
			<desc>0002r</desc>
			<graphic mimeType="pdf" url="AM%2080%20fol./10/HIGH_QUALITY_DISPLAY"/>
			<graphic mimeType="jpg" url="AM%2080%20fol./10/THUMBNAIL" width="200px" height="286px"/>
			<graphic mimeType="jpg" url="AM%2080%20fol./10/SECONDARY_DISPLAY" width="2464px" height="3528px"/>
			<graphic mimeType="pdf" url="AM%2080%20fol./10/WEB_DISPLAY"/>
		</surface>
		<surface xml:id="AM02-0080-0002v" n="11">
			<desc>0002v</desc>
			<graphic mimeType="pdf" url="AM%2080%20fol./11/HIGH_QUALITY_DISPLAY"/>
			<graphic mimeType="jpg" url="AM%2080%20fol./11/THUMBNAIL" width="200px" height="287px"/>
			<graphic mimeType="jpg" url="AM%2080%20fol./11/SECONDARY_DISPLAY" width="2464px" height="3529px"/>
			<graphic mimeType="pdf" url="AM%2080%20fol./11/WEB_DISPLAY"/>
		</surface>
		<surface xml:id="AM02-0080-0003r" n="12">
			<desc>0003r</desc>
			<graphic mimeType="pdf" url="AM%2080%20fol./12/HIGH_QUALITY_DISPLAY"/>
			<graphic mimeType="jpg" url="AM%2080%20fol./12/THUMBNAIL" width="200px" height="287px"/>
			<graphic mimeType="jpg" url="AM%2080%20fol./12/SECONDARY_DISPLAY" width="2464px" height="3536px"/>
			<graphic mimeType="pdf" url="AM%2080%20fol./12/WEB_DISPLAY"/>
		</surface>
		<surface xml:id="AM02-0080-0003v" n="13">
			<desc>0003v</desc>
			<graphic mimeType="pdf" url="AM%2080%20fol./13/HIGH_QUALITY_DISPLAY"/>
			<graphic mimeType="jpg" url="AM%2080%20fol./13/THUMBNAIL" width="200px" height="286px"/>
			<graphic mimeType="jpg" url="AM%2080%20fol./13/SECONDARY_DISPLAY" width="2464px" height="3527px"/>
			<graphic mimeType="pdf" url="AM%2080%20fol./13/WEB_DISPLAY"/>
		</surface>
		<surface xml:id="AM02-0080-0004r" n="14">
			<desc>0004r</desc>
			<graphic mimeType="pdf" url="AM%2080%20fol./14/HIGH_QUALITY_DISPLAY"/>
			<graphic mimeType="jpg" url="AM%2080%20fol./14/THUMBNAIL" width="200px" height="287px"/>
			<graphic mimeType="jpg" url="AM%2080%20fol./14/SECONDARY_DISPLAY" width="2464px" height="3531px"/>
			<graphic mimeType="pdf" url="AM%2080%20fol./14/WEB_DISPLAY"/>
		</surface>
		<surface xml:id="AM02-0080-0004v" n="15">
			<desc>0004v</desc>
			<graphic mimeType="pdf" url="AM%2080%20fol./15/HIGH_QUALITY_DISPLAY"/>
			<graphic mimeType="jpg" url="AM%2080%20fol./15/THUMBNAIL" width="200px" height="287px"/>
			<graphic mimeType="jpg" url="AM%2080%20fol./15/SECONDARY_DISPLAY" width="2464px" height="3530px"/>
			<graphic mimeType="pdf" url="AM%2080%20fol./15/WEB_DISPLAY"/>
		</surface>
		<surface xml:id="AM02-0080-0005r" n="16">
			<desc>0005r</desc>
			<graphic mimeType="pdf" url="AM%2080%20fol./16/HIGH_QUALITY_DISPLAY"/>
			<graphic mimeType="jpg" url="AM%2080%20fol./16/THUMBNAIL" width="200px" height="287px"/>
			<graphic mimeType="jpg" url="AM%2080%20fol./16/SECONDARY_DISPLAY" width="2464px" height="3535px"/>
			<graphic mimeType="pdf" url="AM%2080%20fol./16/WEB_DISPLAY"/>
		</surface>
		<surface xml:id="AM02-0080-0005v" n="17">
			<desc>0005v</desc>
			<graphic mimeType="pdf" url="AM%2080%20fol./17/HIGH_QUALITY_DISPLAY"/>
			<graphic mimeType="jpg" url="AM%2080%20fol./17/THUMBNAIL" width="200px" height="286px"/>
			<graphic mimeType="jpg" url="AM%2080%20fol./17/SECONDARY_DISPLAY" width="2464px" height="3527px"/>
			<graphic mimeType="pdf" url="AM%2080%20fol./17/WEB_DISPLAY"/>
		</surface>
		<surface xml:id="AM02-0080-0006r" n="18">
			<desc>0006r</desc>
			<graphic mimeType="pdf" url="AM%2080%20fol./18/HIGH_QUALITY_DISPLAY"/>
			<graphic mimeType="jpg" url="AM%2080%20fol./18/THUMBNAIL" width="200px" height="287px"/>
			<graphic mimeType="jpg" url="AM%2080%20fol./18/SECONDARY_DISPLAY" width="2464px" height="3530px"/>
			<graphic mimeType="pdf" url="AM%2080%20fol./18/WEB_DISPLAY"/>
		</surface>
		<surface xml:id="AM02-0080-0006v" n="19">
			<desc>0006v</desc>
			<graphic mimeType="pdf" url="AM%2080%20fol./19/HIGH_QUALITY_DISPLAY"/>
			<graphic mimeType="jpg" url="AM%2080%20fol./19/THUMBNAIL" width="200px" height="287px"/>
			<graphic mimeType="jpg" url="AM%2080%20fol./19/SECONDARY_DISPLAY" width="2464px" height="3529px"/>
			<graphic mimeType="pdf" url="AM%2080%20fol./19/WEB_DISPLAY"/>
		</surface>
		<surface xml:id="AM02-0080-0007r" n="20">
			<desc>0007r</desc>
			<graphic mimeType="pdf" url="AM%2080%20fol./20/HIGH_QUALITY_DISPLAY"/>
			<graphic mimeType="jpg" url="AM%2080%20fol./20/THUMBNAIL" width="200px" height="287px"/>
			<graphic mimeType="jpg" url="AM%2080%20fol./20/SECONDARY_DISPLAY" width="2464px" height="3533px"/>
			<graphic mimeType="pdf" url="AM%2080%20fol./20/WEB_DISPLAY"/>
		</surface>
		<surface xml:id="AM02-0080-0007v" n="21">
			<desc>0007v</desc>
			<graphic mimeType="pdf" url="AM%2080%20fol./21/HIGH_QUALITY_DISPLAY"/>
			<graphic mimeType="jpg" url="AM%2080%20fol./21/THUMBNAIL" width="200px" height="287px"/>
			<graphic mimeType="jpg" url="AM%2080%20fol./21/SECONDARY_DISPLAY" width="2464px" height="3529px"/>
			<graphic mimeType="pdf" url="AM%2080%20fol./21/WEB_DISPLAY"/>
		</surface>
		<surface xml:id="AM02-0080-0008r" n="22">
			<desc>0008r</desc>
			<graphic mimeType="pdf" url="AM%2080%20fol./22/HIGH_QUALITY_DISPLAY"/>
			<graphic mimeType="jpg" url="AM%2080%20fol./22/THUMBNAIL" width="200px" height="287px"/>
			<graphic mimeType="jpg" url="AM%2080%20fol./22/SECONDARY_DISPLAY" width="2464px" height="3534px"/>
			<graphic mimeType="pdf" url="AM%2080%20fol./22/WEB_DISPLAY"/>
		</surface>
		<surface xml:id="AM02-0080-0008v" n="23">
			<desc>0008v</desc>
			<graphic mimeType="pdf" url="AM%2080%20fol./23/HIGH_QUALITY_DISPLAY"/>
			<graphic mimeType="jpg" url="AM%2080%20fol./23/THUMBNAIL" width="200px" height="287px"/>
			<graphic mimeType="jpg" url="AM%2080%20fol./23/SECONDARY_DISPLAY" width="2464px" height="3530px"/>
			<graphic mimeType="pdf" url="AM%2080%20fol./23/WEB_DISPLAY"/>
		</surface>
		<surface xml:id="AM02-0080-0009r" n="24">
			<desc>0009r</desc>
			<graphic mimeType="pdf" url="AM%2080%20fol./24/HIGH_QUALITY_DISPLAY"/>
			<graphic mimeType="jpg" url="AM%2080%20fol./24/THUMBNAIL" width="200px" height="287px"/>
			<graphic mimeType="jpg" url="AM%2080%20fol./24/SECONDARY_DISPLAY" width="2464px" height="3530px"/>
			<graphic mimeType="pdf" url="AM%2080%20fol./24/WEB_DISPLAY"/>
		</surface>
		<surface xml:id="AM02-0080-0009v" n="25">
			<desc>0009v</desc>
			<graphic mimeType="pdf" url="AM%2080%20fol./25/HIGH_QUALITY_DISPLAY"/>
			<graphic mimeType="jpg" url="AM%2080%20fol./25/THUMBNAIL" width="200px" height="286px"/>
			<graphic mimeType="jpg" url="AM%2080%20fol./25/SECONDARY_DISPLAY" width="2464px" height="3524px"/>
			<graphic mimeType="pdf" url="AM%2080%20fol./25/WEB_DISPLAY"/>
		</surface>
		<surface xml:id="AM02-0080-0010r" n="26">
			<desc>0010r</desc>
			<graphic mimeType="pdf" url="AM%2080%20fol./26/HIGH_QUALITY_DISPLAY"/>
			<graphic mimeType="jpg" url="AM%2080%20fol./26/THUMBNAIL" width="200px" height="286px"/>
			<graphic mimeType="jpg" url="AM%2080%20fol./26/SECONDARY_DISPLAY" width="2464px" height="3528px"/>
			<graphic mimeType="pdf" url="AM%2080%20fol./26/WEB_DISPLAY"/>
		</surface>
		<surface xml:id="AM02-0080-0010v" n="27">
			<desc>0010v</desc>
			<graphic mimeType="pdf" url="AM%2080%20fol./27/HIGH_QUALITY_DISPLAY"/>
			<graphic mimeType="jpg" url="AM%2080%20fol./27/THUMBNAIL" width="200px" height="287px"/>
			<graphic mimeType="jpg" url="AM%2080%20fol./27/SECONDARY_DISPLAY" width="2464px" height="3534px"/>
			<graphic mimeType="pdf" url="AM%2080%20fol./27/WEB_DISPLAY"/>
		</surface>
		<surface xml:id="AM02-0080-0011r" n="28">
			<desc>0011r</desc>
			<graphic mimeType="pdf" url="AM%2080%20fol./28/HIGH_QUALITY_DISPLAY"/>
			<graphic mimeType="jpg" url="AM%2080%20fol./28/THUMBNAIL" width="200px" height="287px"/>
			<graphic mimeType="jpg" url="AM%2080%20fol./28/SECONDARY_DISPLAY" width="2464px" height="3535px"/>
			<graphic mimeType="pdf" url="AM%2080%20fol./28/WEB_DISPLAY"/>
		</surface>
		<surface xml:id="AM02-0080-0011v" n="29">
			<desc>0011v</desc>
			<graphic mimeType="pdf" url="AM%2080%20fol./29/HIGH_QUALITY_DISPLAY"/>
			<graphic mimeType="jpg" url="AM%2080%20fol./29/THUMBNAIL" width="200px" height="287px"/>
			<graphic mimeType="jpg" url="AM%2080%20fol./29/SECONDARY_DISPLAY" width="2464px" height="3530px"/>
			<graphic mimeType="pdf" url="AM%2080%20fol./29/WEB_DISPLAY"/>
		</surface>
		<surface xml:id="AM02-0080-0012r" n="30">
			<desc>0012r</desc>
			<graphic mimeType="pdf" url="AM%2080%20fol./30/HIGH_QUALITY_DISPLAY"/>
			<graphic mimeType="jpg" url="AM%2080%20fol./30/THUMBNAIL" width="200px" height="287px"/>
			<graphic mimeType="jpg" url="AM%2080%20fol./30/SECONDARY_DISPLAY" width="2464px" height="3540px"/>
			<graphic mimeType="pdf" url="AM%2080%20fol./30/WEB_DISPLAY"/>
		</surface>
		<surface xml:id="AM02-0080-0012v" n="31">
			<desc>0012v</desc>
			<graphic mimeType="pdf" url="AM%2080%20fol./31/HIGH_QUALITY_DISPLAY"/>
			<graphic mimeType="jpg" url="AM%2080%20fol./31/THUMBNAIL" width="200px" height="287px"/>
			<graphic mimeType="jpg" url="AM%2080%20fol./31/SECONDARY_DISPLAY" width="2464px" height="3535px"/>
			<graphic mimeType="pdf" url="AM%2080%20fol./31/WEB_DISPLAY"/>
		</surface>
		<surface xml:id="AM02-0080-0013r" n="32">
			<desc>0013r</desc>
			<graphic mimeType="pdf" url="AM%2080%20fol./32/HIGH_QUALITY_DISPLAY"/>
			<graphic mimeType="jpg" url="AM%2080%20fol./32/THUMBNAIL" width="200px" height="287px"/>
			<graphic mimeType="jpg" url="AM%2080%20fol./32/SECONDARY_DISPLAY" width="2464px" height="3531px"/>
			<graphic mimeType="pdf" url="AM%2080%20fol./32/WEB_DISPLAY"/>
		</surface>
		<surface xml:id="AM02-0080-0013v" n="33">
			<desc>0013v</desc>
			<graphic mimeType="pdf" url="AM%2080%20fol./33/HIGH_QUALITY_DISPLAY"/>
			<graphic mimeType="jpg" url="AM%2080%20fol./33/THUMBNAIL" width="200px" height="286px"/>
			<graphic mimeType="jpg" url="AM%2080%20fol./33/SECONDARY_DISPLAY" width="2464px" height="3521px"/>
			<graphic mimeType="pdf" url="AM%2080%20fol./33/WEB_DISPLAY"/>
		</surface>
		<surface xml:id="AM02-0080-0014r" n="34">
			<desc>0014r</desc>
			<graphic mimeType="pdf" url="AM%2080%20fol./34/HIGH_QUALITY_DISPLAY"/>
			<graphic mimeType="jpg" url="AM%2080%20fol./34/THUMBNAIL" width="200px" height="287px"/>
			<graphic mimeType="jpg" url="AM%2080%20fol./34/SECONDARY_DISPLAY" width="2464px" height="3537px"/>
			<graphic mimeType="pdf" url="AM%2080%20fol./34/WEB_DISPLAY"/>
		</surface>
		<surface xml:id="AM02-0080-0014v" n="35">
			<desc>0014v</desc>
			<graphic mimeType="pdf" url="AM%2080%20fol./35/HIGH_QUALITY_DISPLAY"/>
			<graphic mimeType="jpg" url="AM%2080%20fol./35/THUMBNAIL" width="200px" height="287px"/>
			<graphic mimeType="jpg" url="AM%2080%20fol./35/SECONDARY_DISPLAY" width="2464px" height="3529px"/>
			<graphic mimeType="pdf" url="AM%2080%20fol./35/WEB_DISPLAY"/>
		</surface>
		<surface xml:id="AM02-0080-0015r" n="36">
			<desc>0015r</desc>
			<graphic mimeType="pdf" url="AM%2080%20fol./36/HIGH_QUALITY_DISPLAY"/>
			<graphic mimeType="jpg" url="AM%2080%20fol./36/THUMBNAIL" width="200px" height="287px"/>
			<graphic mimeType="jpg" url="AM%2080%20fol./36/SECONDARY_DISPLAY" width="2464px" height="3535px"/>
			<graphic mimeType="pdf" url="AM%2080%20fol./36/WEB_DISPLAY"/>
		</surface>
		<surface xml:id="AM02-0080-0015v" n="37">
			<desc>0015v</desc>
			<graphic mimeType="pdf" url="AM%2080%20fol./37/HIGH_QUALITY_DISPLAY"/>
			<graphic mimeType="jpg" url="AM%2080%20fol./37/THUMBNAIL" width="200px" height="287px"/>
			<graphic mimeType="jpg" url="AM%2080%20fol./37/SECONDARY_DISPLAY" width="2464px" height="3533px"/>
			<graphic mimeType="pdf" url="AM%2080%20fol./37/WEB_DISPLAY"/>
		</surface>
		<surface xml:id="AM02-0080-0016r" n="38">
			<desc>0016r</desc>
			<graphic mimeType="pdf" url="AM%2080%20fol./38/HIGH_QUALITY_DISPLAY"/>
			<graphic mimeType="jpg" url="AM%2080%20fol./38/THUMBNAIL" width="200px" height="287px"/>
			<graphic mimeType="jpg" url="AM%2080%20fol./38/SECONDARY_DISPLAY" width="2464px" height="3533px"/>
			<graphic mimeType="pdf" url="AM%2080%20fol./38/WEB_DISPLAY"/>
		</surface>
		<surface xml:id="AM02-0080-0016v" n="39">
			<desc>0016v</desc>
			<graphic mimeType="pdf" url="AM%2080%20fol./39/HIGH_QUALITY_DISPLAY"/>
			<graphic mimeType="jpg" url="AM%2080%20fol./39/THUMBNAIL" width="200px" height="286px"/>
			<graphic mimeType="jpg" url="AM%2080%20fol./39/SECONDARY_DISPLAY" width="2464px" height="3526px"/>
			<graphic mimeType="pdf" url="AM%2080%20fol./39/WEB_DISPLAY"/>
		</surface>
		<surface xml:id="AM02-0080-0017r" n="40">
			<desc>0017r</desc>
			<graphic mimeType="pdf" url="AM%2080%20fol./40/HIGH_QUALITY_DISPLAY"/>
			<graphic mimeType="jpg" url="AM%2080%20fol./40/THUMBNAIL" width="200px" height="286px"/>
			<graphic mimeType="jpg" url="AM%2080%20fol./40/SECONDARY_DISPLAY" width="2464px" height="3528px"/>
			<graphic mimeType="pdf" url="AM%2080%20fol./40/WEB_DISPLAY"/>
		</surface>
		<surface xml:id="AM02-0080-0017v" n="41">
			<desc>0017v</desc>
			<graphic mimeType="pdf" url="AM%2080%20fol./41/HIGH_QUALITY_DISPLAY"/>
			<graphic mimeType="jpg" url="AM%2080%20fol./41/THUMBNAIL" width="200px" height="287px"/>
			<graphic mimeType="jpg" url="AM%2080%20fol./41/SECONDARY_DISPLAY" width="2464px" height="3531px"/>
			<graphic mimeType="pdf" url="AM%2080%20fol./41/WEB_DISPLAY"/>
		</surface>
		<surface xml:id="AM02-0080-0018r" n="42">
			<desc>0018r</desc>
			<graphic mimeType="pdf" url="AM%2080%20fol./42/HIGH_QUALITY_DISPLAY"/>
			<graphic mimeType="jpg" url="AM%2080%20fol./42/THUMBNAIL" width="200px" height="287px"/>
			<graphic mimeType="jpg" url="AM%2080%20fol./42/SECONDARY_DISPLAY" width="2464px" height="3539px"/>
			<graphic mimeType="pdf" url="AM%2080%20fol./42/WEB_DISPLAY"/>
		</surface>
		<surface xml:id="AM02-0080-0018v" n="43">
			<desc>0018v</desc>
			<graphic mimeType="pdf" url="AM%2080%20fol./43/HIGH_QUALITY_DISPLAY"/>
			<graphic mimeType="jpg" url="AM%2080%20fol./43/THUMBNAIL" width="200px" height="287px"/>
			<graphic mimeType="jpg" url="AM%2080%20fol./43/SECONDARY_DISPLAY" width="2464px" height="3538px"/>
			<graphic mimeType="pdf" url="AM%2080%20fol./43/WEB_DISPLAY"/>
		</surface>
		<surface xml:id="AM02-0080-0019r" n="44">
			<desc>0019r</desc>
			<graphic mimeType="pdf" url="AM%2080%20fol./44/HIGH_QUALITY_DISPLAY"/>
			<graphic mimeType="jpg" url="AM%2080%20fol./44/THUMBNAIL" width="200px" height="287px"/>
			<graphic mimeType="jpg" url="AM%2080%20fol./44/SECONDARY_DISPLAY" width="2464px" height="3537px"/>
			<graphic mimeType="pdf" url="AM%2080%20fol./44/WEB_DISPLAY"/>
		</surface>
		<surface xml:id="AM02-0080-0019v" n="45">
			<desc>0019v</desc>
			<graphic mimeType="pdf" url="AM%2080%20fol./45/HIGH_QUALITY_DISPLAY"/>
			<graphic mimeType="jpg" url="AM%2080%20fol./45/THUMBNAIL" width="200px" height="287px"/>
			<graphic mimeType="jpg" url="AM%2080%20fol./45/SECONDARY_DISPLAY" width="2464px" height="3536px"/>
			<graphic mimeType="pdf" url="AM%2080%20fol./45/WEB_DISPLAY"/>
		</surface>
		<surface xml:id="AM02-0080-0020r" n="46">
			<desc>0020r</desc>
			<graphic mimeType="pdf" url="AM%2080%20fol./46/HIGH_QUALITY_DISPLAY"/>
			<graphic mimeType="jpg" url="AM%2080%20fol./46/THUMBNAIL" width="200px" height="287px"/>
			<graphic mimeType="jpg" url="AM%2080%20fol./46/SECONDARY_DISPLAY" width="2464px" height="3532px"/>
			<graphic mimeType="pdf" url="AM%2080%20fol./46/WEB_DISPLAY"/>
		</surface>
		<surface xml:id="AM02-0080-0020v" n="47">
			<desc>0020v</desc>
			<graphic mimeType="pdf" url="AM%2080%20fol./47/HIGH_QUALITY_DISPLAY"/>
			<graphic mimeType="jpg" url="AM%2080%20fol./47/THUMBNAIL" width="200px" height="287px"/>
			<graphic mimeType="jpg" url="AM%2080%20fol./47/SECONDARY_DISPLAY" width="2464px" height="3531px"/>
			<graphic mimeType="pdf" url="AM%2080%20fol./47/WEB_DISPLAY"/>
		</surface>
		<surface xml:id="AM02-0080-0021r" n="48">
			<desc>0021r</desc>
			<graphic mimeType="pdf" url="AM%2080%20fol./48/HIGH_QUALITY_DISPLAY"/>
			<graphic mimeType="jpg" url="AM%2080%20fol./48/THUMBNAIL" width="200px" height="287px"/>
			<graphic mimeType="jpg" url="AM%2080%20fol./48/SECONDARY_DISPLAY" width="2464px" height="3533px"/>
			<graphic mimeType="pdf" url="AM%2080%20fol./48/WEB_DISPLAY"/>
		</surface>
		<surface xml:id="AM02-0080-0021v" n="49">
			<desc>0021v</desc>
			<graphic mimeType="pdf" url="AM%2080%20fol./49/HIGH_QUALITY_DISPLAY"/>
			<graphic mimeType="jpg" url="AM%2080%20fol./49/THUMBNAIL" width="200px" height="287px"/>
			<graphic mimeType="jpg" url="AM%2080%20fol./49/SECONDARY_DISPLAY" width="2464px" height="3534px"/>
			<graphic mimeType="pdf" url="AM%2080%20fol./49/WEB_DISPLAY"/>
		</surface>
		<surface xml:id="AM02-0080-0022r" n="50">
			<desc>0022r</desc>
			<graphic mimeType="pdf" url="AM%2080%20fol./50/HIGH_QUALITY_DISPLAY"/>
			<graphic mimeType="jpg" url="AM%2080%20fol./50/THUMBNAIL" width="200px" height="287px"/>
			<graphic mimeType="jpg" url="AM%2080%20fol./50/SECONDARY_DISPLAY" width="2464px" height="3535px"/>
			<graphic mimeType="pdf" url="AM%2080%20fol./50/WEB_DISPLAY"/>
		</surface>
		<surface xml:id="AM02-0080-0022v" n="51">
			<desc>0022v</desc>
			<graphic mimeType="pdf" url="AM%2080%20fol./51/HIGH_QUALITY_DISPLAY"/>
			<graphic mimeType="jpg" url="AM%2080%20fol./51/THUMBNAIL" width="200px" height="287px"/>
			<graphic mimeType="jpg" url="AM%2080%20fol./51/SECONDARY_DISPLAY" width="2464px" height="3533px"/>
			<graphic mimeType="pdf" url="AM%2080%20fol./51/WEB_DISPLAY"/>
		</surface>
		<surface xml:id="AM02-0080-0023r" n="52">
			<desc>0023r</desc>
			<graphic mimeType="pdf" url="AM%2080%20fol./52/HIGH_QUALITY_DISPLAY"/>
			<graphic mimeType="jpg" url="AM%2080%20fol./52/THUMBNAIL" width="200px" height="287px"/>
			<graphic mimeType="jpg" url="AM%2080%20fol./52/SECONDARY_DISPLAY" width="2464px" height="3534px"/>
			<graphic mimeType="pdf" url="AM%2080%20fol./52/WEB_DISPLAY"/>
		</surface>
		<surface xml:id="AM02-0080-0023v" n="53">
			<desc>0023v</desc>
			<graphic mimeType="pdf" url="AM%2080%20fol./53/HIGH_QUALITY_DISPLAY"/>
			<graphic mimeType="jpg" url="AM%2080%20fol./53/THUMBNAIL" width="200px" height="287px"/>
			<graphic mimeType="jpg" url="AM%2080%20fol./53/SECONDARY_DISPLAY" width="2464px" height="3533px"/>
			<graphic mimeType="pdf" url="AM%2080%20fol./53/WEB_DISPLAY"/>
		</surface>
		<surface xml:id="AM02-0080-0024r" n="54">
			<desc>0024r</desc>
			<graphic mimeType="pdf" url="AM%2080%20fol./54/HIGH_QUALITY_DISPLAY"/>
			<graphic mimeType="jpg" url="AM%2080%20fol./54/THUMBNAIL" width="200px" height="287px"/>
			<graphic mimeType="jpg" url="AM%2080%20fol./54/SECONDARY_DISPLAY" width="2464px" height="3535px"/>
			<graphic mimeType="pdf" url="AM%2080%20fol./54/WEB_DISPLAY"/>
		</surface>
		<surface xml:id="AM02-0080-0024v" n="55">
			<desc>0024v</desc>
			<graphic mimeType="pdf" url="AM%2080%20fol./55/HIGH_QUALITY_DISPLAY"/>
			<graphic mimeType="jpg" url="AM%2080%20fol./55/THUMBNAIL" width="200px" height="287px"/>
			<graphic mimeType="jpg" url="AM%2080%20fol./55/SECONDARY_DISPLAY" width="2464px" height="3532px"/>
			<graphic mimeType="pdf" url="AM%2080%20fol./55/WEB_DISPLAY"/>
		</surface>
		<surface xml:id="AM02-0080-0025r" n="56">
			<desc>0025r</desc>
			<graphic mimeType="pdf" url="AM%2080%20fol./56/HIGH_QUALITY_DISPLAY"/>
			<graphic mimeType="jpg" url="AM%2080%20fol./56/THUMBNAIL" width="200px" height="287px"/>
			<graphic mimeType="jpg" url="AM%2080%20fol./56/SECONDARY_DISPLAY" width="2464px" height="3538px"/>
			<graphic mimeType="pdf" url="AM%2080%20fol./56/WEB_DISPLAY"/>
		</surface>
		<surface xml:id="AM02-0080-0025v" n="57">
			<desc>0025v</desc>
			<graphic mimeType="pdf" url="AM%2080%20fol./57/HIGH_QUALITY_DISPLAY"/>
			<graphic mimeType="jpg" url="AM%2080%20fol./57/THUMBNAIL" width="200px" height="287px"/>
			<graphic mimeType="jpg" url="AM%2080%20fol./57/SECONDARY_DISPLAY" width="2464px" height="3532px"/>
			<graphic mimeType="pdf" url="AM%2080%20fol./57/WEB_DISPLAY"/>
		</surface>
		<surface xml:id="AM02-0080-0026r" n="58">
			<desc>0026r</desc>
			<graphic mimeType="pdf" url="AM%2080%20fol./58/HIGH_QUALITY_DISPLAY"/>
			<graphic mimeType="jpg" url="AM%2080%20fol./58/THUMBNAIL" width="200px" height="287px"/>
			<graphic mimeType="jpg" url="AM%2080%20fol./58/SECONDARY_DISPLAY" width="2464px" height="3538px"/>
			<graphic mimeType="pdf" url="AM%2080%20fol./58/WEB_DISPLAY"/>
		</surface>
		<surface xml:id="AM02-0080-0026v" n="59">
			<desc>0026v</desc>
			<graphic mimeType="pdf" url="AM%2080%20fol./59/HIGH_QUALITY_DISPLAY"/>
			<graphic mimeType="jpg" url="AM%2080%20fol./59/THUMBNAIL" width="200px" height="287px"/>
			<graphic mimeType="jpg" url="AM%2080%20fol./59/SECONDARY_DISPLAY" width="2464px" height="3534px"/>
			<graphic mimeType="pdf" url="AM%2080%20fol./59/WEB_DISPLAY"/>
		</surface>
		<surface xml:id="AM02-0080-0027r" n="60">
			<desc>0027r</desc>
			<graphic mimeType="pdf" url="AM%2080%20fol./60/HIGH_QUALITY_DISPLAY"/>
			<graphic mimeType="jpg" url="AM%2080%20fol./60/THUMBNAIL" width="200px" height="286px"/>
			<graphic mimeType="jpg" url="AM%2080%20fol./60/SECONDARY_DISPLAY" width="2464px" height="3528px"/>
			<graphic mimeType="pdf" url="AM%2080%20fol./60/WEB_DISPLAY"/>
		</surface>
		<surface xml:id="AM02-0080-0027v" n="61">
			<desc>0027v</desc>
			<graphic mimeType="pdf" url="AM%2080%20fol./61/HIGH_QUALITY_DISPLAY"/>
			<graphic mimeType="jpg" url="AM%2080%20fol./61/THUMBNAIL" width="200px" height="287px"/>
			<graphic mimeType="jpg" url="AM%2080%20fol./61/SECONDARY_DISPLAY" width="2464px" height="3534px"/>
			<graphic mimeType="pdf" url="AM%2080%20fol./61/WEB_DISPLAY"/>
		</surface>
		<surface xml:id="AM02-0080-0028r" n="62">
			<desc>0028r</desc>
			<graphic mimeType="pdf" url="AM%2080%20fol./62/HIGH_QUALITY_DISPLAY"/>
			<graphic mimeType="jpg" url="AM%2080%20fol./62/THUMBNAIL" width="200px" height="287px"/>
			<graphic mimeType="jpg" url="AM%2080%20fol./62/SECONDARY_DISPLAY" width="2464px" height="3535px"/>
			<graphic mimeType="pdf" url="AM%2080%20fol./62/WEB_DISPLAY"/>
		</surface>
		<surface xml:id="AM02-0080-0028v" n="63">
			<desc>0028v</desc>
			<graphic mimeType="pdf" url="AM%2080%20fol./63/HIGH_QUALITY_DISPLAY"/>
			<graphic mimeType="jpg" url="AM%2080%20fol./63/THUMBNAIL" width="200px" height="285px"/>
			<graphic mimeType="jpg" url="AM%2080%20fol./63/SECONDARY_DISPLAY" width="2464px" height="3514px"/>
			<graphic mimeType="pdf" url="AM%2080%20fol./63/WEB_DISPLAY"/>
		</surface>
		<surface xml:id="AM02-0080-0029r" n="64">
			<desc>0029r</desc>
			<graphic mimeType="pdf" url="AM%2080%20fol./64/HIGH_QUALITY_DISPLAY"/>
			<graphic mimeType="jpg" url="AM%2080%20fol./64/THUMBNAIL" width="200px" height="287px"/>
			<graphic mimeType="jpg" url="AM%2080%20fol./64/SECONDARY_DISPLAY" width="2464px" height="3535px"/>
			<graphic mimeType="pdf" url="AM%2080%20fol./64/WEB_DISPLAY"/>
		</surface>
		<surface xml:id="AM02-0080-0029v" n="65">
			<desc>0029v</desc>
			<graphic mimeType="pdf" url="AM%2080%20fol./65/HIGH_QUALITY_DISPLAY"/>
			<graphic mimeType="jpg" url="AM%2080%20fol./65/THUMBNAIL" width="200px" height="287px"/>
			<graphic mimeType="jpg" url="AM%2080%20fol./65/SECONDARY_DISPLAY" width="2464px" height="3534px"/>
			<graphic mimeType="pdf" url="AM%2080%20fol./65/WEB_DISPLAY"/>
		</surface>
		<surface xml:id="AM02-0080-0030r" n="66">
			<desc>0030r</desc>
			<graphic mimeType="pdf" url="AM%2080%20fol./66/HIGH_QUALITY_DISPLAY"/>
			<graphic mimeType="jpg" url="AM%2080%20fol./66/THUMBNAIL" width="200px" height="287px"/>
			<graphic mimeType="jpg" url="AM%2080%20fol./66/SECONDARY_DISPLAY" width="2464px" height="3532px"/>
			<graphic mimeType="pdf" url="AM%2080%20fol./66/WEB_DISPLAY"/>
		</surface>
		<surface xml:id="AM02-0080-0030v" n="67">
			<desc>0030v</desc>
			<graphic mimeType="pdf" url="AM%2080%20fol./67/HIGH_QUALITY_DISPLAY"/>
			<graphic mimeType="jpg" url="AM%2080%20fol./67/THUMBNAIL" width="200px" height="287px"/>
			<graphic mimeType="jpg" url="AM%2080%20fol./67/SECONDARY_DISPLAY" width="2464px" height="3529px"/>
			<graphic mimeType="pdf" url="AM%2080%20fol./67/WEB_DISPLAY"/>
		</surface>
		<surface xml:id="AM02-0080-0031r" n="68">
			<desc>0031r</desc>
			<graphic mimeType="pdf" url="AM%2080%20fol./68/HIGH_QUALITY_DISPLAY"/>
			<graphic mimeType="jpg" url="AM%2080%20fol./68/THUMBNAIL" width="200px" height="287px"/>
			<graphic mimeType="jpg" url="AM%2080%20fol./68/SECONDARY_DISPLAY" width="2464px" height="3530px"/>
			<graphic mimeType="pdf" url="AM%2080%20fol./68/WEB_DISPLAY"/>
		</surface>
		<surface xml:id="AM02-0080-0031v" n="69">
			<desc>0031v</desc>
			<graphic mimeType="pdf" url="AM%2080%20fol./69/HIGH_QUALITY_DISPLAY"/>
			<graphic mimeType="jpg" url="AM%2080%20fol./69/THUMBNAIL" width="200px" height="287px"/>
			<graphic mimeType="jpg" url="AM%2080%20fol./69/SECONDARY_DISPLAY" width="2464px" height="3532px"/>
			<graphic mimeType="pdf" url="AM%2080%20fol./69/WEB_DISPLAY"/>
		</surface>
		<surface xml:id="AM02-0080-0032r" n="70">
			<desc>0032r</desc>
			<graphic mimeType="pdf" url="AM%2080%20fol./70/HIGH_QUALITY_DISPLAY"/>
			<graphic mimeType="jpg" url="AM%2080%20fol./70/THUMBNAIL" width="200px" height="287px"/>
			<graphic mimeType="jpg" url="AM%2080%20fol./70/SECONDARY_DISPLAY" width="2464px" height="3529px"/>
			<graphic mimeType="pdf" url="AM%2080%20fol./70/WEB_DISPLAY"/>
		</surface>
		<surface xml:id="AM02-0080-0032v" n="71">
			<desc>0032v</desc>
			<graphic mimeType="pdf" url="AM%2080%20fol./71/HIGH_QUALITY_DISPLAY"/>
			<graphic mimeType="jpg" url="AM%2080%20fol./71/THUMBNAIL" width="200px" height="286px"/>
			<graphic mimeType="jpg" url="AM%2080%20fol./71/SECONDARY_DISPLAY" width="2464px" height="3526px"/>
			<graphic mimeType="pdf" url="AM%2080%20fol./71/WEB_DISPLAY"/>
		</surface>
		<surface xml:id="AM02-0080-0033r" n="72">
			<desc>0033r</desc>
			<graphic mimeType="pdf" url="AM%2080%20fol./72/HIGH_QUALITY_DISPLAY"/>
			<graphic mimeType="jpg" url="AM%2080%20fol./72/THUMBNAIL" width="200px" height="287px"/>
			<graphic mimeType="jpg" url="AM%2080%20fol./72/SECONDARY_DISPLAY" width="2464px" height="3533px"/>
			<graphic mimeType="pdf" url="AM%2080%20fol./72/WEB_DISPLAY"/>
		</surface>
		<surface xml:id="AM02-0080-0033v" n="73">
			<desc>0033v</desc>
			<graphic mimeType="pdf" url="AM%2080%20fol./73/HIGH_QUALITY_DISPLAY"/>
			<graphic mimeType="jpg" url="AM%2080%20fol./73/THUMBNAIL" width="200px" height="287px"/>
			<graphic mimeType="jpg" url="AM%2080%20fol./73/SECONDARY_DISPLAY" width="2464px" height="3535px"/>
			<graphic mimeType="pdf" url="AM%2080%20fol./73/WEB_DISPLAY"/>
		</surface>
		<surface xml:id="AM02-0080-0034r" n="74">
			<desc>0034r</desc>
			<graphic mimeType="pdf" url="AM%2080%20fol./74/HIGH_QUALITY_DISPLAY"/>
			<graphic mimeType="jpg" url="AM%2080%20fol./74/THUMBNAIL" width="200px" height="287px"/>
			<graphic mimeType="jpg" url="AM%2080%20fol./74/SECONDARY_DISPLAY" width="2464px" height="3535px"/>
			<graphic mimeType="pdf" url="AM%2080%20fol./74/WEB_DISPLAY"/>
		</surface>
		<surface xml:id="AM02-0080-0034v" n="75">
			<desc>0034v</desc>
			<graphic mimeType="pdf" url="AM%2080%20fol./75/HIGH_QUALITY_DISPLAY"/>
			<graphic mimeType="jpg" url="AM%2080%20fol./75/THUMBNAIL" width="200px" height="287px"/>
			<graphic mimeType="jpg" url="AM%2080%20fol./75/SECONDARY_DISPLAY" width="2464px" height="3535px"/>
			<graphic mimeType="pdf" url="AM%2080%20fol./75/WEB_DISPLAY"/>
		</surface>
		<surface xml:id="AM02-0080-0035r" n="76">
			<desc>0035r</desc>
			<graphic mimeType="pdf" url="AM%2080%20fol./76/HIGH_QUALITY_DISPLAY"/>
			<graphic mimeType="jpg" url="AM%2080%20fol./76/THUMBNAIL" width="200px" height="287px"/>
			<graphic mimeType="jpg" url="AM%2080%20fol./76/SECONDARY_DISPLAY" width="2464px" height="3531px"/>
			<graphic mimeType="pdf" url="AM%2080%20fol./76/WEB_DISPLAY"/>
		</surface>
		<surface xml:id="AM02-0080-0035v" n="77">
			<desc>0035v</desc>
			<graphic mimeType="pdf" url="AM%2080%20fol./77/HIGH_QUALITY_DISPLAY"/>
			<graphic mimeType="jpg" url="AM%2080%20fol./77/THUMBNAIL" width="200px" height="287px"/>
			<graphic mimeType="jpg" url="AM%2080%20fol./77/SECONDARY_DISPLAY" width="2464px" height="3530px"/>
			<graphic mimeType="pdf" url="AM%2080%20fol./77/WEB_DISPLAY"/>
		</surface>
		<surface xml:id="AM02-0080-0036r" n="78">
			<desc>0036r</desc>
			<graphic mimeType="pdf" url="AM%2080%20fol./78/HIGH_QUALITY_DISPLAY"/>
			<graphic mimeType="jpg" url="AM%2080%20fol./78/THUMBNAIL" width="200px" height="287px"/>
			<graphic mimeType="jpg" url="AM%2080%20fol./78/SECONDARY_DISPLAY" width="2464px" height="3534px"/>
			<graphic mimeType="pdf" url="AM%2080%20fol./78/WEB_DISPLAY"/>
		</surface>
		<surface xml:id="AM02-0080-0036v" n="79">
			<desc>0036v</desc>
			<graphic mimeType="pdf" url="AM%2080%20fol./79/HIGH_QUALITY_DISPLAY"/>
			<graphic mimeType="jpg" url="AM%2080%20fol./79/THUMBNAIL" width="200px" height="287px"/>
			<graphic mimeType="jpg" url="AM%2080%20fol./79/SECONDARY_DISPLAY" width="2464px" height="3534px"/>
			<graphic mimeType="pdf" url="AM%2080%20fol./79/WEB_DISPLAY"/>
		</surface>
		<surface xml:id="AM02-0080-0037r" n="80">
			<desc>0037r</desc>
			<graphic mimeType="pdf" url="AM%2080%20fol./80/HIGH_QUALITY_DISPLAY"/>
			<graphic mimeType="jpg" url="AM%2080%20fol./80/THUMBNAIL" width="200px" height="287px"/>
			<graphic mimeType="jpg" url="AM%2080%20fol./80/SECONDARY_DISPLAY" width="2464px" height="3538px"/>
			<graphic mimeType="pdf" url="AM%2080%20fol./80/WEB_DISPLAY"/>
		</surface>
		<surface xml:id="AM02-0080-0037v" n="81">
			<desc>0037v</desc>
			<graphic mimeType="pdf" url="AM%2080%20fol./81/HIGH_QUALITY_DISPLAY"/>
			<graphic mimeType="jpg" url="AM%2080%20fol./81/THUMBNAIL" width="200px" height="286px"/>
			<graphic mimeType="jpg" url="AM%2080%20fol./81/SECONDARY_DISPLAY" width="2464px" height="3528px"/>
			<graphic mimeType="pdf" url="AM%2080%20fol./81/WEB_DISPLAY"/>
		</surface>
		<surface xml:id="AM02-0080-0038r" n="82">
			<desc>0038r</desc>
			<graphic mimeType="pdf" url="AM%2080%20fol./82/HIGH_QUALITY_DISPLAY"/>
			<graphic mimeType="jpg" url="AM%2080%20fol./82/THUMBNAIL" width="200px" height="287px"/>
			<graphic mimeType="jpg" url="AM%2080%20fol./82/SECONDARY_DISPLAY" width="2464px" height="3532px"/>
			<graphic mimeType="pdf" url="AM%2080%20fol./82/WEB_DISPLAY"/>
		</surface>
		<surface xml:id="AM02-0080-0038v" n="83">
			<desc>0038v</desc>
			<graphic mimeType="pdf" url="AM%2080%20fol./83/HIGH_QUALITY_DISPLAY"/>
			<graphic mimeType="jpg" url="AM%2080%20fol./83/THUMBNAIL" width="200px" height="287px"/>
			<graphic mimeType="jpg" url="AM%2080%20fol./83/SECONDARY_DISPLAY" width="2464px" height="3534px"/>
			<graphic mimeType="pdf" url="AM%2080%20fol./83/WEB_DISPLAY"/>
		</surface>
		<surface xml:id="AM02-0080-0039r" n="84">
			<desc>0039r</desc>
			<graphic mimeType="pdf" url="AM%2080%20fol./84/HIGH_QUALITY_DISPLAY"/>
			<graphic mimeType="jpg" url="AM%2080%20fol./84/THUMBNAIL" width="200px" height="286px"/>
			<graphic mimeType="jpg" url="AM%2080%20fol./84/SECONDARY_DISPLAY" width="2464px" height="3527px"/>
			<graphic mimeType="pdf" url="AM%2080%20fol./84/WEB_DISPLAY"/>
		</surface>
		<surface xml:id="AM02-0080-0039v" n="85">
			<desc>0039v</desc>
			<graphic mimeType="pdf" url="AM%2080%20fol./85/HIGH_QUALITY_DISPLAY"/>
			<graphic mimeType="jpg" url="AM%2080%20fol./85/THUMBNAIL" width="200px" height="287px"/>
			<graphic mimeType="jpg" url="AM%2080%20fol./85/SECONDARY_DISPLAY" width="2464px" height="3529px"/>
			<graphic mimeType="pdf" url="AM%2080%20fol./85/WEB_DISPLAY"/>
		</surface>
		<surface xml:id="AM02-0080-0040r" n="86">
			<desc>0040r</desc>
			<graphic mimeType="pdf" url="AM%2080%20fol./86/HIGH_QUALITY_DISPLAY"/>
			<graphic mimeType="jpg" url="AM%2080%20fol./86/THUMBNAIL" width="200px" height="287px"/>
			<graphic mimeType="jpg" url="AM%2080%20fol./86/SECONDARY_DISPLAY" width="2464px" height="3536px"/>
			<graphic mimeType="pdf" url="AM%2080%20fol./86/WEB_DISPLAY"/>
		</surface>
		<surface xml:id="AM02-0080-0040v" n="87">
			<desc>0040v</desc>
			<graphic mimeType="pdf" url="AM%2080%20fol./87/HIGH_QUALITY_DISPLAY"/>
			<graphic mimeType="jpg" url="AM%2080%20fol./87/THUMBNAIL" width="200px" height="287px"/>
			<graphic mimeType="jpg" url="AM%2080%20fol./87/SECONDARY_DISPLAY" width="2464px" height="3531px"/>
			<graphic mimeType="pdf" url="AM%2080%20fol./87/WEB_DISPLAY"/>
		</surface>
		<surface xml:id="AM02-0080-0041r" n="88">
			<desc>0041r</desc>
			<graphic mimeType="pdf" url="AM%2080%20fol./88/HIGH_QUALITY_DISPLAY"/>
			<graphic mimeType="jpg" url="AM%2080%20fol./88/THUMBNAIL" width="200px" height="287px"/>
			<graphic mimeType="jpg" url="AM%2080%20fol./88/SECONDARY_DISPLAY" width="2464px" height="3531px"/>
			<graphic mimeType="pdf" url="AM%2080%20fol./88/WEB_DISPLAY"/>
		</surface>
		<surface xml:id="AM02-0080-0041v" n="89">
			<desc>0041v</desc>
			<graphic mimeType="pdf" url="AM%2080%20fol./89/HIGH_QUALITY_DISPLAY"/>
			<graphic mimeType="jpg" url="AM%2080%20fol./89/THUMBNAIL" width="200px" height="286px"/>
			<graphic mimeType="jpg" url="AM%2080%20fol./89/SECONDARY_DISPLAY" width="2464px" height="3528px"/>
			<graphic mimeType="pdf" url="AM%2080%20fol./89/WEB_DISPLAY"/>
		</surface>
		<surface xml:id="AM02-0080-0042r" n="90">
			<desc>0042r</desc>
			<graphic mimeType="pdf" url="AM%2080%20fol./90/HIGH_QUALITY_DISPLAY"/>
			<graphic mimeType="jpg" url="AM%2080%20fol./90/THUMBNAIL" width="200px" height="287px"/>
			<graphic mimeType="jpg" url="AM%2080%20fol./90/SECONDARY_DISPLAY" width="2464px" height="3532px"/>
			<graphic mimeType="pdf" url="AM%2080%20fol./90/WEB_DISPLAY"/>
		</surface>
		<surface xml:id="AM02-0080-0042v" n="91">
			<desc>0042v</desc>
			<graphic mimeType="pdf" url="AM%2080%20fol./91/HIGH_QUALITY_DISPLAY"/>
			<graphic mimeType="jpg" url="AM%2080%20fol./91/THUMBNAIL" width="200px" height="287px"/>
			<graphic mimeType="jpg" url="AM%2080%20fol./91/SECONDARY_DISPLAY" width="2464px" height="3536px"/>
			<graphic mimeType="pdf" url="AM%2080%20fol./91/WEB_DISPLAY"/>
		</surface>
		<surface xml:id="AM02-0080-0043r" n="92">
			<desc>0043r</desc>
			<graphic mimeType="pdf" url="AM%2080%20fol./92/HIGH_QUALITY_DISPLAY"/>
			<graphic mimeType="jpg" url="AM%2080%20fol./92/THUMBNAIL" width="200px" height="288px"/>
			<graphic mimeType="jpg" url="AM%2080%20fol./92/SECONDARY_DISPLAY" width="2464px" height="3548px"/>
			<graphic mimeType="pdf" url="AM%2080%20fol./92/WEB_DISPLAY"/>
		</surface>
		<surface xml:id="AM02-0080-0043v" n="93">
			<desc>0043v</desc>
			<graphic mimeType="pdf" url="AM%2080%20fol./93/HIGH_QUALITY_DISPLAY"/>
			<graphic mimeType="jpg" url="AM%2080%20fol./93/THUMBNAIL" width="200px" height="288px"/>
			<graphic mimeType="jpg" url="AM%2080%20fol./93/SECONDARY_DISPLAY" width="2464px" height="3541px"/>
			<graphic mimeType="pdf" url="AM%2080%20fol./93/WEB_DISPLAY"/>
		</surface>
		<surface xml:id="AM02-0080-0044r" n="94">
			<desc>0044r</desc>
			<graphic mimeType="pdf" url="AM%2080%20fol./94/HIGH_QUALITY_DISPLAY"/>
			<graphic mimeType="jpg" url="AM%2080%20fol./94/THUMBNAIL" width="200px" height="287px"/>
			<graphic mimeType="jpg" url="AM%2080%20fol./94/SECONDARY_DISPLAY" width="2464px" height="3532px"/>
			<graphic mimeType="pdf" url="AM%2080%20fol./94/WEB_DISPLAY"/>
		</surface>
		<surface xml:id="AM02-0080-0044v" n="95">
			<desc>0044v</desc>
			<graphic mimeType="pdf" url="AM%2080%20fol./95/HIGH_QUALITY_DISPLAY"/>
			<graphic mimeType="jpg" url="AM%2080%20fol./95/THUMBNAIL" width="200px" height="287px"/>
			<graphic mimeType="jpg" url="AM%2080%20fol./95/SECONDARY_DISPLAY" width="2464px" height="3536px"/>
			<graphic mimeType="pdf" url="AM%2080%20fol./95/WEB_DISPLAY"/>
		</surface>
		<surface xml:id="AM02-0080-0045r" n="96">
			<desc>0045r</desc>
			<graphic mimeType="pdf" url="AM%2080%20fol./96/HIGH_QUALITY_DISPLAY"/>
			<graphic mimeType="jpg" url="AM%2080%20fol./96/THUMBNAIL" width="200px" height="287px"/>
			<graphic mimeType="jpg" url="AM%2080%20fol./96/SECONDARY_DISPLAY" width="2464px" height="3536px"/>
			<graphic mimeType="pdf" url="AM%2080%20fol./96/WEB_DISPLAY"/>
		</surface>
		<surface xml:id="AM02-0080-0045v" n="97">
			<desc>0045v</desc>
			<graphic mimeType="pdf" url="AM%2080%20fol./97/HIGH_QUALITY_DISPLAY"/>
			<graphic mimeType="jpg" url="AM%2080%20fol./97/THUMBNAIL" width="200px" height="287px"/>
			<graphic mimeType="jpg" url="AM%2080%20fol./97/SECONDARY_DISPLAY" width="2464px" height="3536px"/>
			<graphic mimeType="pdf" url="AM%2080%20fol./97/WEB_DISPLAY"/>
		</surface>
		<surface xml:id="AM02-0080-0046r" n="98">
			<desc>0046r</desc>
			<graphic mimeType="pdf" url="AM%2080%20fol./98/HIGH_QUALITY_DISPLAY"/>
			<graphic mimeType="jpg" url="AM%2080%20fol./98/THUMBNAIL" width="200px" height="287px"/>
			<graphic mimeType="jpg" url="AM%2080%20fol./98/SECONDARY_DISPLAY" width="2464px" height="3534px"/>
			<graphic mimeType="pdf" url="AM%2080%20fol./98/WEB_DISPLAY"/>
		</surface>
		<surface xml:id="AM02-0080-0046v" n="99">
			<desc>0046v</desc>
			<graphic mimeType="pdf" url="AM%2080%20fol./99/HIGH_QUALITY_DISPLAY"/>
			<graphic mimeType="jpg" url="AM%2080%20fol./99/THUMBNAIL" width="200px" height="287px"/>
			<graphic mimeType="jpg" url="AM%2080%20fol./99/SECONDARY_DISPLAY" width="2464px" height="3540px"/>
			<graphic mimeType="pdf" url="AM%2080%20fol./99/WEB_DISPLAY"/>
		</surface>
		<surface xml:id="AM02-0080-0047r" n="100">
			<desc>0047r</desc>
			<graphic mimeType="pdf" url="AM%2080%20fol./100/HIGH_QUALITY_DISPLAY"/>
			<graphic mimeType="jpg" url="AM%2080%20fol./100/THUMBNAIL" width="200px" height="288px"/>
			<graphic mimeType="jpg" url="AM%2080%20fol./100/SECONDARY_DISPLAY" width="2464px" height="3547px"/>
			<graphic mimeType="pdf" url="AM%2080%20fol./100/WEB_DISPLAY"/>
		</surface>
		<surface xml:id="AM02-0080-0047v" n="101">
			<desc>0047v</desc>
			<graphic mimeType="pdf" url="AM%2080%20fol./101/HIGH_QUALITY_DISPLAY"/>
			<graphic mimeType="jpg" url="AM%2080%20fol./101/THUMBNAIL" width="200px" height="288px"/>
			<graphic mimeType="jpg" url="AM%2080%20fol./101/SECONDARY_DISPLAY" width="2464px" height="3542px"/>
			<graphic mimeType="pdf" url="AM%2080%20fol./101/WEB_DISPLAY"/>
		</surface>
		<surface xml:id="AM02-0080-0048r" n="102">
			<desc>0048r</desc>
			<graphic mimeType="pdf" url="AM%2080%20fol./102/HIGH_QUALITY_DISPLAY"/>
			<graphic mimeType="jpg" url="AM%2080%20fol./102/THUMBNAIL" width="200px" height="287px"/>
			<graphic mimeType="jpg" url="AM%2080%20fol./102/SECONDARY_DISPLAY" width="2464px" height="3540px"/>
			<graphic mimeType="pdf" url="AM%2080%20fol./102/WEB_DISPLAY"/>
		</surface>
		<surface xml:id="AM02-0080-0048v" n="103">
			<desc>0048v</desc>
			<graphic mimeType="pdf" url="AM%2080%20fol./103/HIGH_QUALITY_DISPLAY"/>
			<graphic mimeType="jpg" url="AM%2080%20fol./103/THUMBNAIL" width="200px" height="288px"/>
			<graphic mimeType="jpg" url="AM%2080%20fol./103/SECONDARY_DISPLAY" width="2464px" height="3541px"/>
			<graphic mimeType="pdf" url="AM%2080%20fol./103/WEB_DISPLAY"/>
		</surface>
		<surface xml:id="AM02-0080-0049r" n="104">
			<desc>0049r</desc>
			<graphic mimeType="pdf" url="AM%2080%20fol./104/HIGH_QUALITY_DISPLAY"/>
			<graphic mimeType="jpg" url="AM%2080%20fol./104/THUMBNAIL" width="200px" height="288px"/>
			<graphic mimeType="jpg" url="AM%2080%20fol./104/SECONDARY_DISPLAY" width="2464px" height="3545px"/>
			<graphic mimeType="pdf" url="AM%2080%20fol./104/WEB_DISPLAY"/>
		</surface>
		<surface xml:id="AM02-0080-0049v" n="105">
			<desc>0049v</desc>
			<graphic mimeType="pdf" url="AM%2080%20fol./105/HIGH_QUALITY_DISPLAY"/>
			<graphic mimeType="jpg" url="AM%2080%20fol./105/THUMBNAIL" width="200px" height="287px"/>
			<graphic mimeType="jpg" url="AM%2080%20fol./105/SECONDARY_DISPLAY" width="2464px" height="3536px"/>
			<graphic mimeType="pdf" url="AM%2080%20fol./105/WEB_DISPLAY"/>
		</surface>
		<surface xml:id="AM02-0080-0050r" n="106">
			<desc>0050r</desc>
			<graphic mimeType="pdf" url="AM%2080%20fol./106/HIGH_QUALITY_DISPLAY"/>
			<graphic mimeType="jpg" url="AM%2080%20fol./106/THUMBNAIL" width="200px" height="287px"/>
			<graphic mimeType="jpg" url="AM%2080%20fol./106/SECONDARY_DISPLAY" width="2464px" height="3540px"/>
			<graphic mimeType="pdf" url="AM%2080%20fol./106/WEB_DISPLAY"/>
		</surface>
		<surface xml:id="AM02-0080-0050v" n="107">
			<desc>0050v</desc>
			<graphic mimeType="pdf" url="AM%2080%20fol./107/HIGH_QUALITY_DISPLAY"/>
			<graphic mimeType="jpg" url="AM%2080%20fol./107/THUMBNAIL" width="200px" height="287px"/>
			<graphic mimeType="jpg" url="AM%2080%20fol./107/SECONDARY_DISPLAY" width="2464px" height="3540px"/>
			<graphic mimeType="pdf" url="AM%2080%20fol./107/WEB_DISPLAY"/>
		</surface>
		<surface xml:id="AM02-0080-0051r" n="108">
			<desc>0051r</desc>
			<graphic mimeType="pdf" url="AM%2080%20fol./108/HIGH_QUALITY_DISPLAY"/>
			<graphic mimeType="jpg" url="AM%2080%20fol./108/THUMBNAIL" width="200px" height="288px"/>
			<graphic mimeType="jpg" url="AM%2080%20fol./108/SECONDARY_DISPLAY" width="2464px" height="3544px"/>
			<graphic mimeType="pdf" url="AM%2080%20fol./108/WEB_DISPLAY"/>
		</surface>
		<surface xml:id="AM02-0080-0051v" n="109">
			<desc>0051v</desc>
			<graphic mimeType="pdf" url="AM%2080%20fol./109/HIGH_QUALITY_DISPLAY"/>
			<graphic mimeType="jpg" url="AM%2080%20fol./109/THUMBNAIL" width="200px" height="287px"/>
			<graphic mimeType="jpg" url="AM%2080%20fol./109/SECONDARY_DISPLAY" width="2464px" height="3538px"/>
			<graphic mimeType="pdf" url="AM%2080%20fol./109/WEB_DISPLAY"/>
		</surface>
		<surface xml:id="AM02-0080-0052r" n="110">
			<desc>0052r</desc>
			<graphic mimeType="pdf" url="AM%2080%20fol./110/HIGH_QUALITY_DISPLAY"/>
			<graphic mimeType="jpg" url="AM%2080%20fol./110/THUMBNAIL" width="200px" height="287px"/>
			<graphic mimeType="jpg" url="AM%2080%20fol./110/SECONDARY_DISPLAY" width="2464px" height="3535px"/>
			<graphic mimeType="pdf" url="AM%2080%20fol./110/WEB_DISPLAY"/>
		</surface>
		<surface xml:id="AM02-0080-0052v" n="111">
			<desc>0052v</desc>
			<graphic mimeType="pdf" url="AM%2080%20fol./111/HIGH_QUALITY_DISPLAY"/>
			<graphic mimeType="jpg" url="AM%2080%20fol./111/THUMBNAIL" width="200px" height="287px"/>
			<graphic mimeType="jpg" url="AM%2080%20fol./111/SECONDARY_DISPLAY" width="2464px" height="3538px"/>
			<graphic mimeType="pdf" url="AM%2080%20fol./111/WEB_DISPLAY"/>
		</surface>
		<surface xml:id="AM02-0080-0053r" n="112">
			<desc>0053r</desc>
			<graphic mimeType="pdf" url="AM%2080%20fol./112/HIGH_QUALITY_DISPLAY"/>
			<graphic mimeType="jpg" url="AM%2080%20fol./112/THUMBNAIL" width="200px" height="288px"/>
			<graphic mimeType="jpg" url="AM%2080%20fol./112/SECONDARY_DISPLAY" width="2464px" height="3543px"/>
			<graphic mimeType="pdf" url="AM%2080%20fol./112/WEB_DISPLAY"/>
		</surface>
		<surface xml:id="AM02-0080-0053v" n="113">
			<desc>0053v</desc>
			<graphic mimeType="pdf" url="AM%2080%20fol./113/HIGH_QUALITY_DISPLAY"/>
			<graphic mimeType="jpg" url="AM%2080%20fol./113/THUMBNAIL" width="200px" height="287px"/>
			<graphic mimeType="jpg" url="AM%2080%20fol./113/SECONDARY_DISPLAY" width="2464px" height="3537px"/>
			<graphic mimeType="pdf" url="AM%2080%20fol./113/WEB_DISPLAY"/>
		</surface>
		<surface xml:id="AM02-0080-0054r" n="114">
			<desc>0054r</desc>
			<graphic mimeType="pdf" url="AM%2080%20fol./114/HIGH_QUALITY_DISPLAY"/>
			<graphic mimeType="jpg" url="AM%2080%20fol./114/THUMBNAIL" width="200px" height="287px"/>
			<graphic mimeType="jpg" url="AM%2080%20fol./114/SECONDARY_DISPLAY" width="2464px" height="3539px"/>
			<graphic mimeType="pdf" url="AM%2080%20fol./114/WEB_DISPLAY"/>
		</surface>
		<surface xml:id="AM02-0080-0054v" n="115">
			<desc>0054v</desc>
			<graphic mimeType="pdf" url="AM%2080%20fol./115/HIGH_QUALITY_DISPLAY"/>
			<graphic mimeType="jpg" url="AM%2080%20fol./115/THUMBNAIL" width="200px" height="287px"/>
			<graphic mimeType="jpg" url="AM%2080%20fol./115/SECONDARY_DISPLAY" width="2464px" height="3537px"/>
			<graphic mimeType="pdf" url="AM%2080%20fol./115/WEB_DISPLAY"/>
		</surface>
		<surface xml:id="AM02-0080-0055r" n="116">
			<desc>0055r</desc>
			<graphic mimeType="pdf" url="AM%2080%20fol./116/HIGH_QUALITY_DISPLAY"/>
			<graphic mimeType="jpg" url="AM%2080%20fol./116/THUMBNAIL" width="200px" height="287px"/>
			<graphic mimeType="jpg" url="AM%2080%20fol./116/SECONDARY_DISPLAY" width="2464px" height="3534px"/>
			<graphic mimeType="pdf" url="AM%2080%20fol./116/WEB_DISPLAY"/>
		</surface>
		<surface xml:id="AM02-0080-0055v" n="117">
			<desc>0055v</desc>
			<graphic mimeType="pdf" url="AM%2080%20fol./117/HIGH_QUALITY_DISPLAY"/>
			<graphic mimeType="jpg" url="AM%2080%20fol./117/THUMBNAIL" width="200px" height="287px"/>
			<graphic mimeType="jpg" url="AM%2080%20fol./117/SECONDARY_DISPLAY" width="2464px" height="3536px"/>
			<graphic mimeType="pdf" url="AM%2080%20fol./117/WEB_DISPLAY"/>
		</surface>
		<surface xml:id="AM02-0080-0056r" n="118">
			<desc>0056r</desc>
			<graphic mimeType="pdf" url="AM%2080%20fol./118/HIGH_QUALITY_DISPLAY"/>
			<graphic mimeType="jpg" url="AM%2080%20fol./118/THUMBNAIL" width="200px" height="288px"/>
			<graphic mimeType="jpg" url="AM%2080%20fol./118/SECONDARY_DISPLAY" width="2464px" height="3543px"/>
			<graphic mimeType="pdf" url="AM%2080%20fol./118/WEB_DISPLAY"/>
		</surface>
		<surface xml:id="AM02-0080-0056v" n="119">
			<desc>0056v</desc>
			<graphic mimeType="pdf" url="AM%2080%20fol./119/HIGH_QUALITY_DISPLAY"/>
			<graphic mimeType="jpg" url="AM%2080%20fol./119/THUMBNAIL" width="200px" height="287px"/>
			<graphic mimeType="jpg" url="AM%2080%20fol./119/SECONDARY_DISPLAY" width="2464px" height="3532px"/>
			<graphic mimeType="pdf" url="AM%2080%20fol./119/WEB_DISPLAY"/>
		</surface>
		<surface xml:id="AM02-0080-0057r" n="120">
			<desc>0057r</desc>
			<graphic mimeType="pdf" url="AM%2080%20fol./120/HIGH_QUALITY_DISPLAY"/>
			<graphic mimeType="jpg" url="AM%2080%20fol./120/THUMBNAIL" width="200px" height="288px"/>
			<graphic mimeType="jpg" url="AM%2080%20fol./120/SECONDARY_DISPLAY" width="2464px" height="3543px"/>
			<graphic mimeType="pdf" url="AM%2080%20fol./120/WEB_DISPLAY"/>
		</surface>
		<surface xml:id="AM02-0080-0057v" n="121">
			<desc>0057v</desc>
			<graphic mimeType="pdf" url="AM%2080%20fol./121/HIGH_QUALITY_DISPLAY"/>
			<graphic mimeType="jpg" url="AM%2080%20fol./121/THUMBNAIL" width="200px" height="287px"/>
			<graphic mimeType="jpg" url="AM%2080%20fol./121/SECONDARY_DISPLAY" width="2464px" height="3540px"/>
			<graphic mimeType="pdf" url="AM%2080%20fol./121/WEB_DISPLAY"/>
		</surface>
		<surface xml:id="AM02-0080-0058r" n="122">
			<desc>0058r</desc>
			<graphic mimeType="pdf" url="AM%2080%20fol./122/HIGH_QUALITY_DISPLAY"/>
			<graphic mimeType="jpg" url="AM%2080%20fol./122/THUMBNAIL" width="200px" height="287px"/>
			<graphic mimeType="jpg" url="AM%2080%20fol./122/SECONDARY_DISPLAY" width="2464px" height="3533px"/>
			<graphic mimeType="pdf" url="AM%2080%20fol./122/WEB_DISPLAY"/>
		</surface>
		<surface xml:id="AM02-0080-0058v" n="123">
			<desc>0058v</desc>
			<graphic mimeType="pdf" url="AM%2080%20fol./123/HIGH_QUALITY_DISPLAY"/>
			<graphic mimeType="jpg" url="AM%2080%20fol./123/THUMBNAIL" width="200px" height="286px"/>
			<graphic mimeType="jpg" url="AM%2080%20fol./123/SECONDARY_DISPLAY" width="2464px" height="3528px"/>
			<graphic mimeType="pdf" url="AM%2080%20fol./123/WEB_DISPLAY"/>
		</surface>
		<surface xml:id="AM02-0080-0059r" n="124">
			<desc>0059r</desc>
			<graphic mimeType="pdf" url="AM%2080%20fol./124/HIGH_QUALITY_DISPLAY"/>
			<graphic mimeType="jpg" url="AM%2080%20fol./124/THUMBNAIL" width="200px" height="288px"/>
			<graphic mimeType="jpg" url="AM%2080%20fol./124/SECONDARY_DISPLAY" width="2456px" height="3544px"/>
			<graphic mimeType="pdf" url="AM%2080%20fol./124/WEB_DISPLAY"/>
		</surface>
		<surface xml:id="AM02-0080-0059v" n="125">
			<desc>0059v</desc>
			<graphic mimeType="pdf" url="AM%2080%20fol./125/HIGH_QUALITY_DISPLAY"/>
			<graphic mimeType="jpg" url="AM%2080%20fol./125/THUMBNAIL" width="200px" height="287px"/>
			<graphic mimeType="jpg" url="AM%2080%20fol./125/SECONDARY_DISPLAY" width="2464px" height="3538px"/>
			<graphic mimeType="pdf" url="AM%2080%20fol./125/WEB_DISPLAY"/>
		</surface>
		<surface xml:id="AM02-0080-0060r" n="126">
			<desc>0060r</desc>
			<graphic mimeType="pdf" url="AM%2080%20fol./126/HIGH_QUALITY_DISPLAY"/>
			<graphic mimeType="jpg" url="AM%2080%20fol./126/THUMBNAIL" width="200px" height="287px"/>
			<graphic mimeType="jpg" url="AM%2080%20fol./126/SECONDARY_DISPLAY" width="2464px" height="3529px"/>
			<graphic mimeType="pdf" url="AM%2080%20fol./126/WEB_DISPLAY"/>
		</surface>
		<surface xml:id="AM02-0080-0060v" n="127">
			<desc>0060v</desc>
			<graphic mimeType="pdf" url="AM%2080%20fol./127/HIGH_QUALITY_DISPLAY"/>
			<graphic mimeType="jpg" url="AM%2080%20fol./127/THUMBNAIL" width="200px" height="287px"/>
			<graphic mimeType="jpg" url="AM%2080%20fol./127/SECONDARY_DISPLAY" width="2464px" height="3538px"/>
			<graphic mimeType="pdf" url="AM%2080%20fol./127/WEB_DISPLAY"/>
		</surface>
		<surface xml:id="AM02-0080-0061r" n="128">
			<desc>0061r</desc>
			<graphic mimeType="pdf" url="AM%2080%20fol./128/HIGH_QUALITY_DISPLAY"/>
			<graphic mimeType="jpg" url="AM%2080%20fol./128/THUMBNAIL" width="200px" height="288px"/>
			<graphic mimeType="jpg" url="AM%2080%20fol./128/SECONDARY_DISPLAY" width="2464px" height="3548px"/>
			<graphic mimeType="pdf" url="AM%2080%20fol./128/WEB_DISPLAY"/>
		</surface>
		<surface xml:id="AM02-0080-0061v" n="129">
			<desc>0061v</desc>
			<graphic mimeType="pdf" url="AM%2080%20fol./129/HIGH_QUALITY_DISPLAY"/>
			<graphic mimeType="jpg" url="AM%2080%20fol./129/THUMBNAIL" width="200px" height="287px"/>
			<graphic mimeType="jpg" url="AM%2080%20fol./129/SECONDARY_DISPLAY" width="2464px" height="3532px"/>
			<graphic mimeType="pdf" url="AM%2080%20fol./129/WEB_DISPLAY"/>
		</surface>
		<surface xml:id="AM02-0080-0062r" n="130">
			<desc>0062r</desc>
			<graphic mimeType="pdf" url="AM%2080%20fol./130/HIGH_QUALITY_DISPLAY"/>
			<graphic mimeType="jpg" url="AM%2080%20fol./130/THUMBNAIL" width="200px" height="288px"/>
			<graphic mimeType="jpg" url="AM%2080%20fol./130/SECONDARY_DISPLAY" width="2464px" height="3545px"/>
			<graphic mimeType="pdf" url="AM%2080%20fol./130/WEB_DISPLAY"/>
		</surface>
		<surface xml:id="AM02-0080-0062v" n="131">
			<desc>0062v</desc>
			<graphic mimeType="pdf" url="AM%2080%20fol./131/HIGH_QUALITY_DISPLAY"/>
			<graphic mimeType="jpg" url="AM%2080%20fol./131/THUMBNAIL" width="200px" height="287px"/>
			<graphic mimeType="jpg" url="AM%2080%20fol./131/SECONDARY_DISPLAY" width="2464px" height="3536px"/>
			<graphic mimeType="pdf" url="AM%2080%20fol./131/WEB_DISPLAY"/>
		</surface>
		<surface xml:id="AM02-0080-0063r" n="132">
			<desc>0063r</desc>
			<graphic mimeType="pdf" url="AM%2080%20fol./132/HIGH_QUALITY_DISPLAY"/>
			<graphic mimeType="jpg" url="AM%2080%20fol./132/THUMBNAIL" width="200px" height="287px"/>
			<graphic mimeType="jpg" url="AM%2080%20fol./132/SECONDARY_DISPLAY" width="2464px" height="3532px"/>
			<graphic mimeType="pdf" url="AM%2080%20fol./132/WEB_DISPLAY"/>
		</surface>
		<surface xml:id="AM02-0080-0063v" n="133">
			<desc>0063v</desc>
			<graphic mimeType="pdf" url="AM%2080%20fol./133/HIGH_QUALITY_DISPLAY"/>
			<graphic mimeType="jpg" url="AM%2080%20fol./133/THUMBNAIL" width="200px" height="287px"/>
			<graphic mimeType="jpg" url="AM%2080%20fol./133/SECONDARY_DISPLAY" width="2464px" height="3532px"/>
			<graphic mimeType="pdf" url="AM%2080%20fol./133/WEB_DISPLAY"/>
		</surface>
		<surface xml:id="AM02-0080-0064r" n="134">
			<desc>0064r</desc>
			<graphic mimeType="pdf" url="AM%2080%20fol./134/HIGH_QUALITY_DISPLAY"/>
			<graphic mimeType="jpg" url="AM%2080%20fol./134/THUMBNAIL" width="200px" height="288px"/>
			<graphic mimeType="jpg" url="AM%2080%20fol./134/SECONDARY_DISPLAY" width="2464px" height="3541px"/>
			<graphic mimeType="pdf" url="AM%2080%20fol./134/WEB_DISPLAY"/>
		</surface>
		<surface xml:id="AM02-0080-0064v" n="135">
			<desc>0064v</desc>
			<graphic mimeType="pdf" url="AM%2080%20fol./135/HIGH_QUALITY_DISPLAY"/>
			<graphic mimeType="jpg" url="AM%2080%20fol./135/THUMBNAIL" width="200px" height="287px"/>
			<graphic mimeType="jpg" url="AM%2080%20fol./135/SECONDARY_DISPLAY" width="2464px" height="3532px"/>
			<graphic mimeType="pdf" url="AM%2080%20fol./135/WEB_DISPLAY"/>
		</surface>
		<surface xml:id="AM02-0080-0065r" n="136">
			<desc>0065r</desc>
			<graphic mimeType="pdf" url="AM%2080%20fol./136/HIGH_QUALITY_DISPLAY"/>
			<graphic mimeType="jpg" url="AM%2080%20fol./136/THUMBNAIL" width="200px" height="287px"/>
			<graphic mimeType="jpg" url="AM%2080%20fol./136/SECONDARY_DISPLAY" width="2464px" height="3540px"/>
			<graphic mimeType="pdf" url="AM%2080%20fol./136/WEB_DISPLAY"/>
		</surface>
		<surface xml:id="AM02-0080-0065v" n="137">
			<desc>0065v</desc>
			<graphic mimeType="pdf" url="AM%2080%20fol./137/HIGH_QUALITY_DISPLAY"/>
			<graphic mimeType="jpg" url="AM%2080%20fol./137/THUMBNAIL" width="200px" height="288px"/>
			<graphic mimeType="jpg" url="AM%2080%20fol./137/SECONDARY_DISPLAY" width="2464px" height="3544px"/>
			<graphic mimeType="pdf" url="AM%2080%20fol./137/WEB_DISPLAY"/>
		</surface>
		<surface xml:id="AM02-0080-0066r" n="138">
			<desc>0066r</desc>
			<graphic mimeType="pdf" url="AM%2080%20fol./138/HIGH_QUALITY_DISPLAY"/>
			<graphic mimeType="jpg" url="AM%2080%20fol./138/THUMBNAIL" width="200px" height="288px"/>
			<graphic mimeType="jpg" url="AM%2080%20fol./138/SECONDARY_DISPLAY" width="2464px" height="3543px"/>
			<graphic mimeType="pdf" url="AM%2080%20fol./138/WEB_DISPLAY"/>
		</surface>
		<surface xml:id="AM02-0080-0066v" n="139">
			<desc>0066v</desc>
			<graphic mimeType="pdf" url="AM%2080%20fol./139/HIGH_QUALITY_DISPLAY"/>
			<graphic mimeType="jpg" url="AM%2080%20fol./139/THUMBNAIL" width="200px" height="287px"/>
			<graphic mimeType="jpg" url="AM%2080%20fol./139/SECONDARY_DISPLAY" width="2464px" height="3540px"/>
			<graphic mimeType="pdf" url="AM%2080%20fol./139/WEB_DISPLAY"/>
		</surface>
		<surface xml:id="AM02-0080-0067r" n="140">
			<desc>0067r</desc>
			<graphic mimeType="pdf" url="AM%2080%20fol./140/HIGH_QUALITY_DISPLAY"/>
			<graphic mimeType="jpg" url="AM%2080%20fol./140/THUMBNAIL" width="200px" height="288px"/>
			<graphic mimeType="jpg" url="AM%2080%20fol./140/SECONDARY_DISPLAY" width="2456px" height="3538px"/>
			<graphic mimeType="pdf" url="AM%2080%20fol./140/WEB_DISPLAY"/>
		</surface>
		<surface xml:id="AM02-0080-0067v" n="141">
			<desc>0067v</desc>
			<graphic mimeType="pdf" url="AM%2080%20fol./141/HIGH_QUALITY_DISPLAY"/>
			<graphic mimeType="jpg" url="AM%2080%20fol./141/THUMBNAIL" width="200px" height="287px"/>
			<graphic mimeType="jpg" url="AM%2080%20fol./141/SECONDARY_DISPLAY" width="2456px" height="3530px"/>
			<graphic mimeType="pdf" url="AM%2080%20fol./141/WEB_DISPLAY"/>
		</surface>
		<surface xml:id="AM02-0080-0068r" n="142">
			<desc>0068r</desc>
			<graphic mimeType="pdf" url="AM%2080%20fol./142/HIGH_QUALITY_DISPLAY"/>
			<graphic mimeType="jpg" url="AM%2080%20fol./142/THUMBNAIL" width="200px" height="288px"/>
			<graphic mimeType="jpg" url="AM%2080%20fol./142/SECONDARY_DISPLAY" width="2464px" height="3543px"/>
			<graphic mimeType="pdf" url="AM%2080%20fol./142/WEB_DISPLAY"/>
		</surface>
		<surface xml:id="AM02-0080-0068v" n="143">
			<desc>0068v</desc>
			<graphic mimeType="pdf" url="AM%2080%20fol./143/HIGH_QUALITY_DISPLAY"/>
			<graphic mimeType="jpg" url="AM%2080%20fol./143/THUMBNAIL" width="200px" height="287px"/>
			<graphic mimeType="jpg" url="AM%2080%20fol./143/SECONDARY_DISPLAY" width="2464px" height="3538px"/>
			<graphic mimeType="pdf" url="AM%2080%20fol./143/WEB_DISPLAY"/>
		</surface>
		<surface xml:id="AM02-0080-0069r" n="144">
			<desc>0069r</desc>
			<graphic mimeType="pdf" url="AM%2080%20fol./144/HIGH_QUALITY_DISPLAY"/>
			<graphic mimeType="jpg" url="AM%2080%20fol./144/THUMBNAIL" width="200px" height="288px"/>
			<graphic mimeType="jpg" url="AM%2080%20fol./144/SECONDARY_DISPLAY" width="2464px" height="3544px"/>
			<graphic mimeType="pdf" url="AM%2080%20fol./144/WEB_DISPLAY"/>
		</surface>
		<surface xml:id="AM02-0080-0069v" n="145">
			<desc>0069v</desc>
			<graphic mimeType="pdf" url="AM%2080%20fol./145/HIGH_QUALITY_DISPLAY"/>
			<graphic mimeType="jpg" url="AM%2080%20fol./145/THUMBNAIL" width="200px" height="287px"/>
			<graphic mimeType="jpg" url="AM%2080%20fol./145/SECONDARY_DISPLAY" width="2464px" height="3533px"/>
			<graphic mimeType="pdf" url="AM%2080%20fol./145/WEB_DISPLAY"/>
		</surface>
		<surface xml:id="AM02-0080-0070r" n="146">
			<desc>0070r</desc>
			<graphic mimeType="pdf" url="AM%2080%20fol./146/HIGH_QUALITY_DISPLAY"/>
			<graphic mimeType="jpg" url="AM%2080%20fol./146/THUMBNAIL" width="200px" height="286px"/>
			<graphic mimeType="jpg" url="AM%2080%20fol./146/SECONDARY_DISPLAY" width="2464px" height="3517px"/>
			<graphic mimeType="pdf" url="AM%2080%20fol./146/WEB_DISPLAY"/>
		</surface>
		<surface xml:id="AM02-0080-0070v" n="147">
			<desc>0070v</desc>
			<graphic mimeType="pdf" url="AM%2080%20fol./147/HIGH_QUALITY_DISPLAY"/>
			<graphic mimeType="jpg" url="AM%2080%20fol./147/THUMBNAIL" width="200px" height="287px"/>
			<graphic mimeType="jpg" url="AM%2080%20fol./147/SECONDARY_DISPLAY" width="2464px" height="3530px"/>
			<graphic mimeType="pdf" url="AM%2080%20fol./147/WEB_DISPLAY"/>
		</surface>
		<surface xml:id="AM02-0080-0071r" n="148">
			<desc>0071r</desc>
			<graphic mimeType="pdf" url="AM%2080%20fol./148/HIGH_QUALITY_DISPLAY"/>
			<graphic mimeType="jpg" url="AM%2080%20fol./148/THUMBNAIL" width="200px" height="287px"/>
			<graphic mimeType="jpg" url="AM%2080%20fol./148/SECONDARY_DISPLAY" width="2464px" height="3533px"/>
			<graphic mimeType="pdf" url="AM%2080%20fol./148/WEB_DISPLAY"/>
		</surface>
		<surface xml:id="AM02-0080-0071v" n="149">
			<desc>0071v</desc>
			<graphic mimeType="pdf" url="AM%2080%20fol./149/HIGH_QUALITY_DISPLAY"/>
			<graphic mimeType="jpg" url="AM%2080%20fol./149/THUMBNAIL" width="200px" height="286px"/>
			<graphic mimeType="jpg" url="AM%2080%20fol./149/SECONDARY_DISPLAY" width="2464px" height="3528px"/>
			<graphic mimeType="pdf" url="AM%2080%20fol./149/WEB_DISPLAY"/>
		</surface>
		<surface xml:id="AM02-0080-0072r" n="150">
			<desc>0072r</desc>
			<graphic mimeType="pdf" url="AM%2080%20fol./150/HIGH_QUALITY_DISPLAY"/>
			<graphic mimeType="jpg" url="AM%2080%20fol./150/THUMBNAIL" width="200px" height="286px"/>
			<graphic mimeType="jpg" url="AM%2080%20fol./150/SECONDARY_DISPLAY" width="2456px" height="3511px"/>
			<graphic mimeType="pdf" url="AM%2080%20fol./150/WEB_DISPLAY"/>
		</surface>
		<surface xml:id="AM02-0080-0072v" n="151">
			<desc>0072v</desc>
			<graphic mimeType="pdf" url="AM%2080%20fol./151/HIGH_QUALITY_DISPLAY"/>
			<graphic mimeType="jpg" url="AM%2080%20fol./151/THUMBNAIL" width="200px" height="286px"/>
			<graphic mimeType="jpg" url="AM%2080%20fol./151/SECONDARY_DISPLAY" width="2464px" height="3519px"/>
			<graphic mimeType="pdf" url="AM%2080%20fol./151/WEB_DISPLAY"/>
		</surface>
		<surface xml:id="AM02-0080-0073r" n="152">
			<desc>0073r</desc>
			<graphic mimeType="pdf" url="AM%2080%20fol./152/HIGH_QUALITY_DISPLAY"/>
			<graphic mimeType="jpg" url="AM%2080%20fol./152/THUMBNAIL" width="200px" height="286px"/>
			<graphic mimeType="jpg" url="AM%2080%20fol./152/SECONDARY_DISPLAY" width="2464px" height="3524px"/>
			<graphic mimeType="pdf" url="AM%2080%20fol./152/WEB_DISPLAY"/>
		</surface>
		<surface xml:id="AM02-0080-0073v" n="153">
			<desc>0073v</desc>
			<graphic mimeType="pdf" url="AM%2080%20fol./153/HIGH_QUALITY_DISPLAY"/>
			<graphic mimeType="jpg" url="AM%2080%20fol./153/THUMBNAIL" width="200px" height="286px"/>
			<graphic mimeType="jpg" url="AM%2080%20fol./153/SECONDARY_DISPLAY" width="2464px" height="3523px"/>
			<graphic mimeType="pdf" url="AM%2080%20fol./153/WEB_DISPLAY"/>
		</surface>
		<surface xml:id="AM02-0080-9901r-RFl" n="154">
			<desc>9901r-RFl</desc>
			<graphic mimeType="pdf" url="AM%2080%20fol./154/HIGH_QUALITY_DISPLAY"/>
			<graphic mimeType="jpg" url="AM%2080%20fol./154/THUMBNAIL" width="200px" height="286px"/>
			<graphic mimeType="jpg" url="AM%2080%20fol./154/SECONDARY_DISPLAY" width="2464px" height="3528px"/>
			<graphic mimeType="pdf" url="AM%2080%20fol./154/WEB_DISPLAY"/>
		</surface>
		<surface xml:id="AM02-0080-9901v-RFl" n="155">
			<desc>9901v-RFl</desc>
			<graphic mimeType="pdf" url="AM%2080%20fol./155/HIGH_QUALITY_DISPLAY"/>
			<graphic mimeType="jpg" url="AM%2080%20fol./155/THUMBNAIL" width="200px" height="287px"/>
			<graphic mimeType="jpg" url="AM%2080%20fol./155/SECONDARY_DISPLAY" width="2464px" height="3529px"/>
			<graphic mimeType="pdf" url="AM%2080%20fol./155/WEB_DISPLAY"/>
		</surface>
		<surface xml:id="AM02-0080-9902r-RFl" n="156">
			<desc>9902r-RFl</desc>
			<graphic mimeType="pdf" url="AM%2080%20fol./156/HIGH_QUALITY_DISPLAY"/>
			<graphic mimeType="jpg" url="AM%2080%20fol./156/THUMBNAIL" width="200px" height="286px"/>
			<graphic mimeType="jpg" url="AM%2080%20fol./156/SECONDARY_DISPLAY" width="2464px" height="3528px"/>
			<graphic mimeType="pdf" url="AM%2080%20fol./156/WEB_DISPLAY"/>
		</surface>
		<surface xml:id="AM02-0080-9902v-RFl" n="157">
			<desc>9902v-RFl</desc>
			<graphic mimeType="pdf" url="AM%2080%20fol./157/HIGH_QUALITY_DISPLAY"/>
			<graphic mimeType="jpg" url="AM%2080%20fol./157/THUMBNAIL" width="200px" height="287px"/>
			<graphic mimeType="jpg" url="AM%2080%20fol./157/SECONDARY_DISPLAY" width="2464px" height="3529px"/>
			<graphic mimeType="pdf" url="AM%2080%20fol./157/WEB_DISPLAY"/>
		</surface>
		<surface xml:id="AM02-0080-9903r-RFl" n="158">
			<desc>9903r-RFl</desc>
			<graphic mimeType="pdf" url="AM%2080%20fol./158/HIGH_QUALITY_DISPLAY"/>
			<graphic mimeType="jpg" url="AM%2080%20fol./158/THUMBNAIL" width="200px" height="286px"/>
			<graphic mimeType="jpg" url="AM%2080%20fol./158/SECONDARY_DISPLAY" width="2464px" height="3521px"/>
			<graphic mimeType="pdf" url="AM%2080%20fol./158/WEB_DISPLAY"/>
		</surface>
		<surface xml:id="AM02-0080-9903v-RFl" n="159">
			<desc>9903v-RFl</desc>
			<graphic mimeType="pdf" url="AM%2080%20fol./159/HIGH_QUALITY_DISPLAY"/>
			<graphic mimeType="jpg" url="AM%2080%20fol./159/THUMBNAIL" width="200px" height="287px"/>
			<graphic mimeType="jpg" url="AM%2080%20fol./159/SECONDARY_DISPLAY" width="2456px" height="3525px"/>
			<graphic mimeType="pdf" url="AM%2080%20fol./159/WEB_DISPLAY"/>
		</surface>
		<surface xml:id="AM02-0080-9999r-RB" n="160">
			<desc>9999r-RB</desc>
			<graphic mimeType="pdf" url="AM%2080%20fol./160/HIGH_QUALITY_DISPLAY"/>
			<graphic mimeType="jpg" url="AM%2080%20fol./160/THUMBNAIL" width="200px" height="287px"/>
			<graphic mimeType="jpg" url="AM%2080%20fol./160/SECONDARY_DISPLAY" width="2464px" height="3530px"/>
			<graphic mimeType="pdf" url="AM%2080%20fol./160/WEB_DISPLAY"/>
		</surface>
		<surface xml:id="AM02-0080-9999v-RB" n="161">
			<desc>9999v-RB</desc>
			<graphic mimeType="pdf" url="AM%2080%20fol./161/HIGH_QUALITY_DISPLAY"/>
			<graphic mimeType="jpg" url="AM%2080%20fol./161/THUMBNAIL" width="200px" height="287px"/>
			<graphic mimeType="jpg" url="AM%2080%20fol./161/SECONDARY_DISPLAY" width="2456px" height="3530px"/>
			<graphic mimeType="pdf" url="AM%2080%20fol./161/WEB_DISPLAY"/>
		</surface>
	</facsimile>
</TEI>