<?xml version="1.0" encoding="UTF-8"?>
<?oxygen RNGSchema="http://www.handrit.is/schema/handrit-1.0.rnc" type="compact"?>
<TEI xmlns="http://www.tei-c.org/ns/1.0">
   <teiHeader>
      <fileDesc>
         <titleStmt>
            <title>Handritaskrá Árnastofnunar</title>
         </titleStmt>
         <publicationStmt>
            <p>Tilraunaútgáfa</p>
         </publicationStmt>
         <sourceDesc>
            <msDesc xml:lang="is" xml:id="AM02-0163h-beta-is">
               <msIdentifier>
                  <country key="IS">Ísland</country>
                  <settlement>Reykjavík</settlement>
                  <institution>Stofnun Árna Magnússonar í íslenskum fræðum</institution>
                  <repository>Handritasvið</repository>
                  <collection>Safn Árna Magnússonar</collection>
                  <idno>AM 163 h beta fol.</idno>
                  <altIdentifier type="internal" subtype="KKKat">
                     <idno>211</idno>
                  </altIdentifier>
               </msIdentifier>
               <!-- Not:
            Nordisk oldskrifter XXVII (BSnf.).
              Harðar saga. Hast, Sture, ed. Hafniæ: Munksgaard; 1960. (Editiones Arnamagnæanæ. Series A; 6).
              AM 163: Slay, Desmond. The manuscripts of Hrólfs saga Kraka. Hafniæ: 1960. (Bibliotheca Arnamagnæana; 24).-->

               <msContents>
                  <summary><title type="supplied">Sögubók</title></summary>
                  <msItem n="1" defective="true" class="isl">
                     <locus from="1r" facs="#AM02-0163h-beta-0001r" to="11r">1r-11r</locus>
                     <title type="uniform">Bárðar saga Snæfellsáss</title>
                     <rubric>Hér byrjast sagan af Bárði Snæfellsás.</rubric>
                     <incipit>Dumbur hefur kóngur heitið …</incipit>
                     <explicit>… Ei er þess getið að Gestur hafi börn átt. </explicit>
                     <finalRubric>Og endast svo sagan af Bárði Snæfellsás.</finalRubric>
                     <note>
                        <p>
                           <list>
                              <item>Upphaf sögunnar og fyrirsögn er síðari tíma viðbót. Þetta efni
                                 er skrifað á neðri spássíu blaðs <locus from="1r" facs="#AM02-0163h-beta-0001r" to="1r">1r</locus>.</item>
                              <item>Hugsanlegt er að upphaf textans og fyrirsögn hafi verið á blaði
                                 sem nú vanti í handritið.</item>
                           </list>
                        </p>
                     </note>
                  </msItem>

                  <msItem n="2" defective="false" class="isl">
                     <locus from="11r" facs="#AM02-0163h-beta-0011r" to="21r">11r-21r</locus>
                     <title type="uniform">Harðar saga og Hólmverja</title>
                     <rubric>Saga af Hörði og hans fylgjurum, þeim Hólmverjum.</rubric>
                     <incipit>Á dögum Haralds hins hárfagra byggðist mest Ísland …</incipit>
                     <explicit>… hafa jafnmargir í hefnd verið drepnir sem eftir Hörð. </explicit>
                     <finalRubric>Og lúkum vér svo Hólmverja sögu.</finalRubric>
                  </msItem>

                  <msItem n="3" defective="false" class="islt">
                     <locus from="21v" facs="#AM02-0163h-beta-0021v" to="22v">21v-22v</locus>
                     <title type="uniform">Ölkofra þáttur</title>
                     <rubric>Ölkofra þáttur.</rubric>
                     <incipit>Þórhallur hét maður. Hann bjó í Bláskógum á Þórhallastöðum …</incipit>
                     <explicit>… og hélst það meðan þeir lifðu.</explicit>
                     <finalRubric>Og lýkur þar Ölkofra þætti.</finalRubric>
                  </msItem>

               </msContents>
               <physDesc>
                  <objectDesc form="codex">
                     <supportDesc material="chart">
                        <support>Pappír.</support>
                        <extent>i + 22 + i blöð (<dimensions type="leaf" unit="mm" scope="all">
                              <height>305</height>
                              <width>192</width>
                           </dimensions>).</extent>

                        <foliation>
                           <p>
                              <list>
                                 <item>Síðari tíma blaðmerking með blýanti 1-22.</item>
                                 <item>Leifar af blaðmerkingu með rauðum lit.</item>
                              </list>
                           </p>
                        </foliation>

                        <collation>
                           <p>Fjögur kver: <list>
                                 <item n="1">Kver I: blöð 1r-4v, 2 tvinn.</item>
                                 <item n="2">Kver II: blöð 5r-6v, 1 tvinn.</item>
                                 <item n="3">Kver III: blöð 7r-14v, 4 tvinn. </item>
                                 <item n="4">Kver IV: blöð 15r-22v, 4 tvinn.</item>
                              </list>
                           </p>
                        </collation>

                        <condition>
                           <p>
                              <list>
                                 <item>Síðutitlar eru víðast hvar skertir eða nánast horfnir vegna
                                    afskurðar blaða, sbr. t.d. blöð <locus from="1v" facs="#AM02-0163h-beta-0001v" to="4v">1v-4v</locus>.</item>
                              </list>
                           </p>
                        </condition>

                     </supportDesc>

                     <layoutDesc>
                        <layout columns="1" writtenLines="40 42">
                           <p>
                              <list>
                                 <item>Eindálka.</item>
                                 <item> Leturflötur er ca <dimensions type="leaf" unit="mm">
                                       <height>270-275</height>
                                       <width>150-155</width>
                                    </dimensions>.</item>
                                 <item>Línufjöldi er ca 40-42.</item>
                                 <item>Síðutitlar eru víða, sbr. t.d. <locus from="10v" facs="#AM02-0163h-beta-0010v" to="11r">10v-11r</locus>.</item>
                                 <item>
                                    <catchwords>Griporð</catchwords> eru t.d. á blöðum <locus from="6r" facs="#AM02-0163h-beta-0006r" to="8v">6r-8v</locus>. Um nokkrar undantekningar er
                                    þó að ræða, sbr. t.d. blöð <locus from="2r" facs="#AM02-0163h-beta-0002r" to="2r">2r</locus>,
                                       <locus from="3r" facs="#AM02-0163h-beta-0003r" to="3r">3r</locus> og <locus from="4v" facs="#AM02-0163h-beta-0004v" to="4v">4v</locus> og víðar.</item>
                                 <item>Merki um vísur í texta eru á spássíum. Þar hefur skrifarinn
                                    skrifað <q>vísa</q>, sjá. t.d. á blöðum <locus from="3r" facs="#AM02-0163h-beta-0003r" to="3r">3r</locus>, <locus from="4r" facs="#AM02-0163h-beta-0004r" to="4v">4r-v</locus> og
                                 víðar.</item>
                              </list>
                           </p>
                        </layout>
                     </layoutDesc>
                  </objectDesc>

                  <handDesc>
                     <handNote scope="major" scribe="ArnEyj001" script=" kanzlei">
                        <list>
                           <item>Með hendi <name key="ArnEyj001" type="person"> Arnórs
                              Eyjólfssonar</name> á <name type="place">Flókastöðum</name>; kansellískrift.</item>
                        </list>
                     </handNote>
                     <handNote scope="minor" scribe="JonSig009" script=" textualis"><list><item>
                        <name key="JonSig009" type="person">Jón Sigurðsson</name> er skrifari upphafs Bárðar sögu á neðri spássíu blaðs <locus from="1r" facs="#AM02-0163h-beta-0001r" to="1r">1r</locus>
                        (sbr. <bibl>
                           <ref target="KKKat">Katalog I; </ref>
                        </bibl>bls. 129 (nr. 211)). </item></list></handNote>
                  </handDesc>
                  <!-- ath. nafnakóðun -->

                  <decoDesc>
                     <decoNote type="initial" subtype="flourished">
                        <list>
                           <item>Pennaskreyttir upphafsstafir eru víða, t.d. á blöðum: <locus from="1v" facs="#AM02-0163h-beta-0001v" to="1v">1v</locus>, <locus from="2r" facs="#AM02-0163h-beta-0002r" to="2v">2</locus>,
                                 <locus from="3v" facs="#AM02-0163h-beta-0003v" to="3v">3v</locus>.</item>
                        </list>
                     </decoNote>
                     <decoNote>
                        <list>
                           <item>
                              <catchwords>Griporð</catchwords> eru víðast hvar, sbr. á blaði <locus from="7r" facs="#AM02-0163h-beta-0007r" to="7r">7r</locus>. Þau eru afmörkuð með látlausu
                           pennastriki.</item>
                        </list>
                     </decoNote>
                     <decoNote type="frieze" subtype="tail-piece">
                        <list>
                           <item>Víða í textanum (á greinarskilum) er merki sem líkist Z-u og endar
                              neðri hluti í lykkju sem dregin er niður fyrir línu (sjá t.d. blöð
                                 <locus from="2r" facs="#AM02-0163h-beta-0002r" to="2r">2r</locus>, <locus from="4r" facs="#AM02-0163h-beta-0004r" to="4r">4r</locus>, <locus from="7r" facs="#AM02-0163h-beta-0007r" to="7r">7r</locus> og víðar).</item>
                        </list>
                     </decoNote>
                  </decoDesc>

                  <additions>
                     <p>
                        <list>
                           <item>Upphafi Bárðar sögu er bætt við á neðri spássíu á blaði <locus from="1r" facs="#AM02-0163h-beta-0001r" to="1r">1r</locus>.</item>
                           <item>Safnmark og upplýsingar um eldri skráningu er skrifað með hendi
                              Kålunds á  miða (úr eldra bandi) sem líndir eru á <locus from="0000v-FB" facs="#AM02-0163h-beta-0000v-FB" to="0000v-FB">fremra
                                 band verso</locus>.</item>
                           <item>Spássíuskrif eru á nokkrum stöðum, sbr. t.d. á blöðum <locus from="20v" facs="#AM02-0163h-beta-0020v" to="20v">20v</locus> og <locus from="22v" facs="#AM02-0163h-beta-0022v" to="22v">22v</locus>.</item>
                        </list>
                     </p>
                  </additions>

                  <bindingDesc>
                     <binding when="1974" contemporary="false">
                        <p>Band (<dimensions type="binding" unit="mm">
                              <height>318</height>
                              <width>215</width>
                              <depth>12</depth>
                           </dimensions>) er frá 1974. Spjöld eru klædd fínofnum striga. Grófari
                              strigi er á kili og hornum.  Saumað á móttök. Saurblöð tilheyra þessu
                                 bandi.</p>
                     </binding>
                  </bindingDesc>

                  <accMat>Laus miði með upplýsingum um forvörslu handrits.</accMat>

               </physDesc>
               <history>
                  <origin notBefore="1650" notAfter="1700">
                     <p>Handritið er skrifað á <origPlace key="IS">Íslandi</origPlace> líklega
                           <origDate notBefore="1650" notAfter="1700">1650-1678</origDate> en það er
                        tímasett til 17. aldar í <bibl>
                           <!-- sjá AM 163 h alfa  Arnór fæddur 1640-->
                           <ref target="KKKat">Katalog I,</ref>
                        </bibl> bls. 128. Það var áður hluti af stærri bók sem innihélt einnig <ref target="AM02-0123" type="ms">AM 123 fol.</ref>, <ref target="AM02-0164f" type="ms">AM 164 f fol.</ref>, <ref target="AM02-0163h" type="ms">AM 163
                           h fol.</ref> (í þessari röð) og líklega <ref target="AM02-0167" type="ms">AM 167 fol.</ref> (framan eða aftan við).</p>
                  </origin>
                  <!-- Sjá Sagnanet um aldursgreiningu -->
                  <provenance>
                     <p>Bókin sem handritið tilheyrði var í eigu <name key="MagKor001" type="person">Magnúsar Kortssonar</name> í <name type="person">Árbæ</name> (sbr. seðil
                        í <ref target="AM02-0167" type="ms">AM 167 fol.</ref>), en <name key="ArnMag001" type="person">Árni Magnússon</name> fékk hana frá <name type="person">Hákoni Hannessyni</name> (sbr. seðil í <ref target="AM02-0163h" type="ms">AM 163 h fol.</ref>).</p>
                  </provenance>
                  <acquisition when="1975-06-10">
                     <p>Stofnun Árna Magnússonar á Íslandi tók við handritinu 10. júní 1975.</p>
                  </acquisition>
               </history>

               <additional>
                  <adminInfo>
                     <recordHist>

                        <source>
                           <p>
                            
                              <name key="KriKaa001" type="person">Kålund</name> gekk frá
                              handritinu til skráningar <date when="1885-12-21">21.
                                 desember 1885</date> í 
                              <bibl>
                                 <ref target="KKKat">Katalog I; </ref>
                              </bibl>bls. 129 (nr. 211),
                                    <name key="DriThr001" type="person">DKÞ</name> grunnskráði <date when="2001-10-03">3. október 2001</date>,
                                  
                           <name type="person" key="ValHil001">VH</name> skráði handritið
                           samkvæmt TEIP5 reglum <date notBefore="2008-12-19" notAfter="2008-12-19">19. desember 2008</date>; lagfærði í <date when="2010-11">nóvember 2010</date>.</p>
                        </source>

                     </recordHist>
                     <custodialHist>
                        <custEvent type="conservation" notBefore="1997" notAfter="1997">
                           <p>Viðgert 1997.</p>
                        </custEvent>
                        <custEvent type="conservation" notBefore="1974" notAfter="1974">
                           <p>Viðgert og bundið af <name key="BirDal001" type="person">Birgitte
                              Dall</name> í febrúar 1974. Eldra band fylgir.</p>
                        </custEvent>
                     </custodialHist>
                  </adminInfo>
                  <surrogates>
                     <p>
                        <list>
                           <item>Stafrænar myndir á www.sagnanet.is.</item>
                           <item>Svart-hvítar ljósmyndir á Det Arnamagnæanske Institut í
                              Kaupmannahöfn.</item>
                        </list>
                     </p>
                  </surrogates>
                  <listBibl>
                  	<bibl>Hast, S. 1960, <ref target="StuHas1960a">Harðar saga</ref></bibl>
                  </listBibl>
               </additional>
            </msDesc>
         </sourceDesc>
      </fileDesc>
      <revisionDesc>
         <change when="2008-10" who="#EriHas01">Migrated from MASTER to P5</change>
      </revisionDesc>
   </teiHeader>
	<facsimile xml:base="https://myndir.handrit.is/file/Handrit.is/">
		<surface xml:id="AM02-0163h-beta-0000r-FB" n="0">
			<desc>0000r-FB</desc>
			<graphic mimeType="pdf" url="AM%20163%20h%20beta%20fol/0/HIGH_QUALITY_DISPLAY"/>
			<graphic mimeType="jpg" url="AM%20163%20h%20beta%20fol/0/THUMBNAIL" width="200px" height="284px"/>
			<graphic mimeType="jpg" url="AM%20163%20h%20beta%20fol/0/SECONDARY_DISPLAY" width="3348px" height="4752px"/>
			<graphic mimeType="pdf" url="AM%20163%20h%20beta%20fol/0/WEB_DISPLAY"/>
		</surface>
		<surface xml:id="AM02-0163h-beta-0000v-FB" n="1">
			<desc>0000v-FB</desc>
			<graphic mimeType="pdf" url="AM%20163%20h%20beta%20fol/1/HIGH_QUALITY_DISPLAY"/>
			<graphic mimeType="jpg" url="AM%20163%20h%20beta%20fol/1/THUMBNAIL" width="200px" height="298px"/>
			<graphic mimeType="jpg" url="AM%20163%20h%20beta%20fol/1/SECONDARY_DISPLAY" width="3131px" height="4668px"/>
			<graphic mimeType="pdf" url="AM%20163%20h%20beta%20fol/1/WEB_DISPLAY"/>
		</surface>
		<surface xml:id="AM02-0163h-beta-0001r-FFl" n="2">
			<desc>0001r-FFl</desc>
			<graphic mimeType="pdf" url="AM%20163%20h%20beta%20fol/2/HIGH_QUALITY_DISPLAY"/>
			<graphic mimeType="jpg" url="AM%20163%20h%20beta%20fol/2/THUMBNAIL" width="200px" height="298px"/>
			<graphic mimeType="jpg" url="AM%20163%20h%20beta%20fol/2/SECONDARY_DISPLAY" width="3131px" height="4668px"/>
			<graphic mimeType="pdf" url="AM%20163%20h%20beta%20fol/2/WEB_DISPLAY"/>
		</surface>
		<surface xml:id="AM02-0163h-beta-0001v-FFl" n="3">
			<desc>0001v-FFl</desc>
			<graphic mimeType="pdf" url="AM%20163%20h%20beta%20fol/3/HIGH_QUALITY_DISPLAY"/>
			<graphic mimeType="jpg" url="AM%20163%20h%20beta%20fol/3/THUMBNAIL" width="200px" height="298px"/>
			<graphic mimeType="jpg" url="AM%20163%20h%20beta%20fol/3/SECONDARY_DISPLAY" width="3131px" height="4668px"/>
			<graphic mimeType="pdf" url="AM%20163%20h%20beta%20fol/3/WEB_DISPLAY"/>
		</surface>
		<surface xml:id="AM02-0163h-beta-0001r" n="4">
			<desc>0001r</desc>
			<graphic mimeType="pdf" url="AM%20163%20h%20beta%20fol/4/HIGH_QUALITY_DISPLAY"/>
			<graphic mimeType="jpg" url="AM%20163%20h%20beta%20fol/4/THUMBNAIL" width="200px" height="298px"/>
			<graphic mimeType="jpg" url="AM%20163%20h%20beta%20fol/4/SECONDARY_DISPLAY" width="3131px" height="4668px"/>
			<graphic mimeType="pdf" url="AM%20163%20h%20beta%20fol/4/WEB_DISPLAY"/>
		</surface>
		<surface xml:id="AM02-0163h-beta-0001v" n="5">
			<desc>0001v</desc>
			<graphic mimeType="pdf" url="AM%20163%20h%20beta%20fol/5/HIGH_QUALITY_DISPLAY"/>
			<graphic mimeType="jpg" url="AM%20163%20h%20beta%20fol/5/THUMBNAIL" width="186px" height="300px"/>
			<graphic mimeType="jpg" url="AM%20163%20h%20beta%20fol/5/SECONDARY_DISPLAY" width="2837px" height="4584px"/>
			<graphic mimeType="pdf" url="AM%20163%20h%20beta%20fol/5/WEB_DISPLAY"/>
		</surface>
		<surface xml:id="AM02-0163h-beta-0002r" n="6">
			<desc>0002r</desc>
			<graphic mimeType="pdf" url="AM%20163%20h%20beta%20fol/6/HIGH_QUALITY_DISPLAY"/>
			<graphic mimeType="jpg" url="AM%20163%20h%20beta%20fol/6/THUMBNAIL" width="186px" height="300px"/>
			<graphic mimeType="jpg" url="AM%20163%20h%20beta%20fol/6/SECONDARY_DISPLAY" width="2837px" height="4584px"/>
			<graphic mimeType="pdf" url="AM%20163%20h%20beta%20fol/6/WEB_DISPLAY"/>
		</surface>
		<surface xml:id="AM02-0163h-beta-0002v" n="7">
			<desc>0002v</desc>
			<graphic mimeType="pdf" url="AM%20163%20h%20beta%20fol/7/HIGH_QUALITY_DISPLAY"/>
			<graphic mimeType="jpg" url="AM%20163%20h%20beta%20fol/7/THUMBNAIL" width="186px" height="300px"/>
			<graphic mimeType="jpg" url="AM%20163%20h%20beta%20fol/7/SECONDARY_DISPLAY" width="2837px" height="4584px"/>
			<graphic mimeType="pdf" url="AM%20163%20h%20beta%20fol/7/WEB_DISPLAY"/>
		</surface>
		<surface xml:id="AM02-0163h-beta-0003r" n="8">
			<desc>0003r</desc>
			<graphic mimeType="pdf" url="AM%20163%20h%20beta%20fol/8/HIGH_QUALITY_DISPLAY"/>
			<graphic mimeType="jpg" url="AM%20163%20h%20beta%20fol/8/THUMBNAIL" width="186px" height="300px"/>
			<graphic mimeType="jpg" url="AM%20163%20h%20beta%20fol/8/SECONDARY_DISPLAY" width="2837px" height="4584px"/>
			<graphic mimeType="pdf" url="AM%20163%20h%20beta%20fol/8/WEB_DISPLAY"/>
		</surface>
		<surface xml:id="AM02-0163h-beta-0003v" n="9">
			<desc>0003v</desc>
			<graphic mimeType="pdf" url="AM%20163%20h%20beta%20fol/9/HIGH_QUALITY_DISPLAY"/>
			<graphic mimeType="jpg" url="AM%20163%20h%20beta%20fol/9/THUMBNAIL" width="186px" height="300px"/>
			<graphic mimeType="jpg" url="AM%20163%20h%20beta%20fol/9/SECONDARY_DISPLAY" width="2837px" height="4584px"/>
			<graphic mimeType="pdf" url="AM%20163%20h%20beta%20fol/9/WEB_DISPLAY"/>
		</surface>
		<surface xml:id="AM02-0163h-beta-0004r" n="10">
			<desc>0004r</desc>
			<graphic mimeType="pdf" url="AM%20163%20h%20beta%20fol/10/HIGH_QUALITY_DISPLAY"/>
			<graphic mimeType="jpg" url="AM%20163%20h%20beta%20fol/10/THUMBNAIL" width="186px" height="300px"/>
			<graphic mimeType="jpg" url="AM%20163%20h%20beta%20fol/10/SECONDARY_DISPLAY" width="2837px" height="4584px"/>
			<graphic mimeType="pdf" url="AM%20163%20h%20beta%20fol/10/WEB_DISPLAY"/>
		</surface>
		<surface xml:id="AM02-0163h-beta-0004v" n="11">
			<desc>0004v</desc>
			<graphic mimeType="pdf" url="AM%20163%20h%20beta%20fol/11/HIGH_QUALITY_DISPLAY"/>
			<graphic mimeType="jpg" url="AM%20163%20h%20beta%20fol/11/THUMBNAIL" width="186px" height="300px"/>
			<graphic mimeType="jpg" url="AM%20163%20h%20beta%20fol/11/SECONDARY_DISPLAY" width="2837px" height="4584px"/>
			<graphic mimeType="pdf" url="AM%20163%20h%20beta%20fol/11/WEB_DISPLAY"/>
		</surface>
		<surface xml:id="AM02-0163h-beta-0005r" n="12">
			<desc>0005r</desc>
			<graphic mimeType="pdf" url="AM%20163%20h%20beta%20fol/12/HIGH_QUALITY_DISPLAY"/>
			<graphic mimeType="jpg" url="AM%20163%20h%20beta%20fol/12/THUMBNAIL" width="186px" height="300px"/>
			<graphic mimeType="jpg" url="AM%20163%20h%20beta%20fol/12/SECONDARY_DISPLAY" width="2837px" height="4584px"/>
			<graphic mimeType="pdf" url="AM%20163%20h%20beta%20fol/12/WEB_DISPLAY"/>
		</surface>
		<surface xml:id="AM02-0163h-beta-0005v" n="13">
			<desc>0005v</desc>
			<graphic mimeType="pdf" url="AM%20163%20h%20beta%20fol/13/HIGH_QUALITY_DISPLAY"/>
			<graphic mimeType="jpg" url="AM%20163%20h%20beta%20fol/13/THUMBNAIL" width="186px" height="300px"/>
			<graphic mimeType="jpg" url="AM%20163%20h%20beta%20fol/13/SECONDARY_DISPLAY" width="2837px" height="4584px"/>
			<graphic mimeType="pdf" url="AM%20163%20h%20beta%20fol/13/WEB_DISPLAY"/>
		</surface>
		<surface xml:id="AM02-0163h-beta-0006r" n="14">
			<desc>0006r</desc>
			<graphic mimeType="pdf" url="AM%20163%20h%20beta%20fol/14/HIGH_QUALITY_DISPLAY"/>
			<graphic mimeType="jpg" url="AM%20163%20h%20beta%20fol/14/THUMBNAIL" width="186px" height="300px"/>
			<graphic mimeType="jpg" url="AM%20163%20h%20beta%20fol/14/SECONDARY_DISPLAY" width="2837px" height="4584px"/>
			<graphic mimeType="pdf" url="AM%20163%20h%20beta%20fol/14/WEB_DISPLAY"/>
		</surface>
		<surface xml:id="AM02-0163h-beta-0006v" n="15">
			<desc>0006v</desc>
			<graphic mimeType="pdf" url="AM%20163%20h%20beta%20fol/15/HIGH_QUALITY_DISPLAY"/>
			<graphic mimeType="jpg" url="AM%20163%20h%20beta%20fol/15/THUMBNAIL" width="186px" height="300px"/>
			<graphic mimeType="jpg" url="AM%20163%20h%20beta%20fol/15/SECONDARY_DISPLAY" width="2837px" height="4584px"/>
			<graphic mimeType="pdf" url="AM%20163%20h%20beta%20fol/15/WEB_DISPLAY"/>
		</surface>
		<surface xml:id="AM02-0163h-beta-0007r" n="16">
			<desc>0007r</desc>
			<graphic mimeType="pdf" url="AM%20163%20h%20beta%20fol/16/HIGH_QUALITY_DISPLAY"/>
			<graphic mimeType="jpg" url="AM%20163%20h%20beta%20fol/16/THUMBNAIL" width="186px" height="300px"/>
			<graphic mimeType="jpg" url="AM%20163%20h%20beta%20fol/16/SECONDARY_DISPLAY" width="2837px" height="4584px"/>
			<graphic mimeType="pdf" url="AM%20163%20h%20beta%20fol/16/WEB_DISPLAY"/>
		</surface>
		<surface xml:id="AM02-0163h-beta-0007v" n="17">
			<desc>0007v</desc>
			<graphic mimeType="pdf" url="AM%20163%20h%20beta%20fol/17/HIGH_QUALITY_DISPLAY"/>
			<graphic mimeType="jpg" url="AM%20163%20h%20beta%20fol/17/THUMBNAIL" width="186px" height="300px"/>
			<graphic mimeType="jpg" url="AM%20163%20h%20beta%20fol/17/SECONDARY_DISPLAY" width="2837px" height="4584px"/>
			<graphic mimeType="pdf" url="AM%20163%20h%20beta%20fol/17/WEB_DISPLAY"/>
		</surface>
		<surface xml:id="AM02-0163h-beta-0008r" n="18">
			<desc>0008r</desc>
			<graphic mimeType="pdf" url="AM%20163%20h%20beta%20fol/18/HIGH_QUALITY_DISPLAY"/>
			<graphic mimeType="jpg" url="AM%20163%20h%20beta%20fol/18/THUMBNAIL" width="186px" height="300px"/>
			<graphic mimeType="jpg" url="AM%20163%20h%20beta%20fol/18/SECONDARY_DISPLAY" width="2837px" height="4584px"/>
			<graphic mimeType="pdf" url="AM%20163%20h%20beta%20fol/18/WEB_DISPLAY"/>
		</surface>
		<surface xml:id="AM02-0163h-beta-0008v" n="19">
			<desc>0008v</desc>
			<graphic mimeType="pdf" url="AM%20163%20h%20beta%20fol/19/HIGH_QUALITY_DISPLAY"/>
			<graphic mimeType="jpg" url="AM%20163%20h%20beta%20fol/19/THUMBNAIL" width="184px" height="300px"/>
			<graphic mimeType="jpg" url="AM%20163%20h%20beta%20fol/19/SECONDARY_DISPLAY" width="2813px" height="4584px"/>
			<graphic mimeType="pdf" url="AM%20163%20h%20beta%20fol/19/WEB_DISPLAY"/>
		</surface>
		<surface xml:id="AM02-0163h-beta-0009r" n="20">
			<desc>0009r</desc>
			<graphic mimeType="pdf" url="AM%20163%20h%20beta%20fol/20/HIGH_QUALITY_DISPLAY"/>
			<graphic mimeType="jpg" url="AM%20163%20h%20beta%20fol/20/THUMBNAIL" width="184px" height="300px"/>
			<graphic mimeType="jpg" url="AM%20163%20h%20beta%20fol/20/SECONDARY_DISPLAY" width="2813px" height="4584px"/>
			<graphic mimeType="pdf" url="AM%20163%20h%20beta%20fol/20/WEB_DISPLAY"/>
		</surface>
		<surface xml:id="AM02-0163h-beta-0009v" n="21">
			<desc>0009v</desc>
			<graphic mimeType="pdf" url="AM%20163%20h%20beta%20fol/21/HIGH_QUALITY_DISPLAY"/>
			<graphic mimeType="jpg" url="AM%20163%20h%20beta%20fol/21/THUMBNAIL" width="184px" height="300px"/>
			<graphic mimeType="jpg" url="AM%20163%20h%20beta%20fol/21/SECONDARY_DISPLAY" width="2813px" height="4584px"/>
			<graphic mimeType="pdf" url="AM%20163%20h%20beta%20fol/21/WEB_DISPLAY"/>
		</surface>
		<surface xml:id="AM02-0163h-beta-0010r" n="22">
			<desc>0010r</desc>
			<graphic mimeType="pdf" url="AM%20163%20h%20beta%20fol/22/HIGH_QUALITY_DISPLAY"/>
			<graphic mimeType="jpg" url="AM%20163%20h%20beta%20fol/22/THUMBNAIL" width="184px" height="300px"/>
			<graphic mimeType="jpg" url="AM%20163%20h%20beta%20fol/22/SECONDARY_DISPLAY" width="2813px" height="4584px"/>
			<graphic mimeType="pdf" url="AM%20163%20h%20beta%20fol/22/WEB_DISPLAY"/>
		</surface>
		<surface xml:id="AM02-0163h-beta-0010v" n="23">
			<desc>0010v</desc>
			<graphic mimeType="pdf" url="AM%20163%20h%20beta%20fol/23/HIGH_QUALITY_DISPLAY"/>
			<graphic mimeType="jpg" url="AM%20163%20h%20beta%20fol/23/THUMBNAIL" width="184px" height="300px"/>
			<graphic mimeType="jpg" url="AM%20163%20h%20beta%20fol/23/SECONDARY_DISPLAY" width="2813px" height="4584px"/>
			<graphic mimeType="pdf" url="AM%20163%20h%20beta%20fol/23/WEB_DISPLAY"/>
		</surface>
		<surface xml:id="AM02-0163h-beta-0011r" n="24">
			<desc>0011r</desc>
			<graphic mimeType="pdf" url="AM%20163%20h%20beta%20fol/24/HIGH_QUALITY_DISPLAY"/>
			<graphic mimeType="jpg" url="AM%20163%20h%20beta%20fol/24/THUMBNAIL" width="184px" height="300px"/>
			<graphic mimeType="jpg" url="AM%20163%20h%20beta%20fol/24/SECONDARY_DISPLAY" width="2813px" height="4584px"/>
			<graphic mimeType="pdf" url="AM%20163%20h%20beta%20fol/24/WEB_DISPLAY"/>
		</surface>
		<surface xml:id="AM02-0163h-beta-0011v" n="25">
			<desc>0011v</desc>
			<graphic mimeType="pdf" url="AM%20163%20h%20beta%20fol/25/HIGH_QUALITY_DISPLAY"/>
			<graphic mimeType="jpg" url="AM%20163%20h%20beta%20fol/25/THUMBNAIL" width="183px" height="300px"/>
			<graphic mimeType="jpg" url="AM%20163%20h%20beta%20fol/25/SECONDARY_DISPLAY" width="2759px" height="4524px"/>
			<graphic mimeType="pdf" url="AM%20163%20h%20beta%20fol/25/WEB_DISPLAY"/>
		</surface>
		<surface xml:id="AM02-0163h-beta-0012r" n="26">
			<desc>0012r</desc>
			<graphic mimeType="pdf" url="AM%20163%20h%20beta%20fol/26/HIGH_QUALITY_DISPLAY"/>
			<graphic mimeType="jpg" url="AM%20163%20h%20beta%20fol/26/THUMBNAIL" width="183px" height="300px"/>
			<graphic mimeType="jpg" url="AM%20163%20h%20beta%20fol/26/SECONDARY_DISPLAY" width="2759px" height="4524px"/>
			<graphic mimeType="pdf" url="AM%20163%20h%20beta%20fol/26/WEB_DISPLAY"/>
		</surface>
		<surface xml:id="AM02-0163h-beta-0012v" n="27">
			<desc>0012v</desc>
			<graphic mimeType="pdf" url="AM%20163%20h%20beta%20fol/27/HIGH_QUALITY_DISPLAY"/>
			<graphic mimeType="jpg" url="AM%20163%20h%20beta%20fol/27/THUMBNAIL" width="183px" height="300px"/>
			<graphic mimeType="jpg" url="AM%20163%20h%20beta%20fol/27/SECONDARY_DISPLAY" width="2759px" height="4524px"/>
			<graphic mimeType="pdf" url="AM%20163%20h%20beta%20fol/27/WEB_DISPLAY"/>
		</surface>
		<surface xml:id="AM02-0163h-beta-0013r" n="28">
			<desc>0013r</desc>
			<graphic mimeType="pdf" url="AM%20163%20h%20beta%20fol/28/HIGH_QUALITY_DISPLAY"/>
			<graphic mimeType="jpg" url="AM%20163%20h%20beta%20fol/28/THUMBNAIL" width="183px" height="300px"/>
			<graphic mimeType="jpg" url="AM%20163%20h%20beta%20fol/28/SECONDARY_DISPLAY" width="2759px" height="4524px"/>
			<graphic mimeType="pdf" url="AM%20163%20h%20beta%20fol/28/WEB_DISPLAY"/>
		</surface>
		<surface xml:id="AM02-0163h-beta-0013v" n="29">
			<desc>0013v</desc>
			<graphic mimeType="pdf" url="AM%20163%20h%20beta%20fol/29/HIGH_QUALITY_DISPLAY"/>
			<graphic mimeType="jpg" url="AM%20163%20h%20beta%20fol/29/THUMBNAIL" width="183px" height="300px"/>
			<graphic mimeType="jpg" url="AM%20163%20h%20beta%20fol/29/SECONDARY_DISPLAY" width="2759px" height="4524px"/>
			<graphic mimeType="pdf" url="AM%20163%20h%20beta%20fol/29/WEB_DISPLAY"/>
		</surface>
		<surface xml:id="AM02-0163h-beta-0014r" n="30">
			<desc>0014r</desc>
			<graphic mimeType="pdf" url="AM%20163%20h%20beta%20fol/30/HIGH_QUALITY_DISPLAY"/>
			<graphic mimeType="jpg" url="AM%20163%20h%20beta%20fol/30/THUMBNAIL" width="183px" height="300px"/>
			<graphic mimeType="jpg" url="AM%20163%20h%20beta%20fol/30/SECONDARY_DISPLAY" width="2759px" height="4524px"/>
			<graphic mimeType="pdf" url="AM%20163%20h%20beta%20fol/30/WEB_DISPLAY"/>
		</surface>
		<surface xml:id="AM02-0163h-beta-0014v" n="31">
			<desc>0014v</desc>
			<graphic mimeType="pdf" url="AM%20163%20h%20beta%20fol/31/HIGH_QUALITY_DISPLAY"/>
			<graphic mimeType="jpg" url="AM%20163%20h%20beta%20fol/31/THUMBNAIL" width="183px" height="300px"/>
			<graphic mimeType="jpg" url="AM%20163%20h%20beta%20fol/31/SECONDARY_DISPLAY" width="2759px" height="4524px"/>
			<graphic mimeType="pdf" url="AM%20163%20h%20beta%20fol/31/WEB_DISPLAY"/>
		</surface>
		<surface xml:id="AM02-0163h-beta-0015r" n="32">
			<desc>0015r</desc>
			<graphic mimeType="pdf" url="AM%20163%20h%20beta%20fol/32/HIGH_QUALITY_DISPLAY"/>
			<graphic mimeType="jpg" url="AM%20163%20h%20beta%20fol/32/THUMBNAIL" width="183px" height="300px"/>
			<graphic mimeType="jpg" url="AM%20163%20h%20beta%20fol/32/SECONDARY_DISPLAY" width="2759px" height="4524px"/>
			<graphic mimeType="pdf" url="AM%20163%20h%20beta%20fol/32/WEB_DISPLAY"/>
		</surface>
		<surface xml:id="AM02-0163h-beta-0015v" n="33">
			<desc>0015v</desc>
			<graphic mimeType="pdf" url="AM%20163%20h%20beta%20fol/33/HIGH_QUALITY_DISPLAY"/>
			<graphic mimeType="jpg" url="AM%20163%20h%20beta%20fol/33/THUMBNAIL" width="181px" height="300px"/>
			<graphic mimeType="jpg" url="AM%20163%20h%20beta%20fol/33/SECONDARY_DISPLAY" width="2735px" height="4524px"/>
			<graphic mimeType="pdf" url="AM%20163%20h%20beta%20fol/33/WEB_DISPLAY"/>
		</surface>
		<surface xml:id="AM02-0163h-beta-0016r" n="34">
			<desc>0016r</desc>
			<graphic mimeType="pdf" url="AM%20163%20h%20beta%20fol/34/HIGH_QUALITY_DISPLAY"/>
			<graphic mimeType="jpg" url="AM%20163%20h%20beta%20fol/34/THUMBNAIL" width="181px" height="300px"/>
			<graphic mimeType="jpg" url="AM%20163%20h%20beta%20fol/34/SECONDARY_DISPLAY" width="2735px" height="4524px"/>
			<graphic mimeType="pdf" url="AM%20163%20h%20beta%20fol/34/WEB_DISPLAY"/>
		</surface>
		<surface xml:id="AM02-0163h-beta-0016v" n="35">
			<desc>0016v</desc>
			<graphic mimeType="pdf" url="AM%20163%20h%20beta%20fol/35/HIGH_QUALITY_DISPLAY"/>
			<graphic mimeType="jpg" url="AM%20163%20h%20beta%20fol/35/THUMBNAIL" width="178px" height="300px"/>
			<graphic mimeType="jpg" url="AM%20163%20h%20beta%20fol/35/SECONDARY_DISPLAY" width="2681px" height="4524px"/>
			<graphic mimeType="pdf" url="AM%20163%20h%20beta%20fol/35/WEB_DISPLAY"/>
		</surface>
		<surface xml:id="AM02-0163h-beta-0017r" n="36">
			<desc>0017r</desc>
			<graphic mimeType="pdf" url="AM%20163%20h%20beta%20fol/36/HIGH_QUALITY_DISPLAY"/>
			<graphic mimeType="jpg" url="AM%20163%20h%20beta%20fol/36/THUMBNAIL" width="178px" height="300px"/>
			<graphic mimeType="jpg" url="AM%20163%20h%20beta%20fol/36/SECONDARY_DISPLAY" width="2681px" height="4524px"/>
			<graphic mimeType="pdf" url="AM%20163%20h%20beta%20fol/36/WEB_DISPLAY"/>
		</surface>
		<surface xml:id="AM02-0163h-beta-0017v" n="37">
			<desc>0017v</desc>
			<graphic mimeType="pdf" url="AM%20163%20h%20beta%20fol/37/HIGH_QUALITY_DISPLAY"/>
			<graphic mimeType="jpg" url="AM%20163%20h%20beta%20fol/37/THUMBNAIL" width="180px" height="300px"/>
			<graphic mimeType="jpg" url="AM%20163%20h%20beta%20fol/37/SECONDARY_DISPLAY" width="2711px" height="4524px"/>
			<graphic mimeType="pdf" url="AM%20163%20h%20beta%20fol/37/WEB_DISPLAY"/>
		</surface>
		<surface xml:id="AM02-0163h-beta-0018r" n="38">
			<desc>0018r</desc>
			<graphic mimeType="pdf" url="AM%20163%20h%20beta%20fol/38/HIGH_QUALITY_DISPLAY"/>
			<graphic mimeType="jpg" url="AM%20163%20h%20beta%20fol/38/THUMBNAIL" width="180px" height="300px"/>
			<graphic mimeType="jpg" url="AM%20163%20h%20beta%20fol/38/SECONDARY_DISPLAY" width="2711px" height="4524px"/>
			<graphic mimeType="pdf" url="AM%20163%20h%20beta%20fol/38/WEB_DISPLAY"/>
		</surface>
		<surface xml:id="AM02-0163h-beta-0018v" n="39">
			<desc>0018v</desc>
			<graphic mimeType="pdf" url="AM%20163%20h%20beta%20fol/39/HIGH_QUALITY_DISPLAY"/>
			<graphic mimeType="jpg" url="AM%20163%20h%20beta%20fol/39/THUMBNAIL" width="180px" height="300px"/>
			<graphic mimeType="jpg" url="AM%20163%20h%20beta%20fol/39/SECONDARY_DISPLAY" width="2711px" height="4524px"/>
			<graphic mimeType="pdf" url="AM%20163%20h%20beta%20fol/39/WEB_DISPLAY"/>
		</surface>
		<surface xml:id="AM02-0163h-beta-0019r" n="40">
			<desc>0019r</desc>
			<graphic mimeType="pdf" url="AM%20163%20h%20beta%20fol/40/HIGH_QUALITY_DISPLAY"/>
			<graphic mimeType="jpg" url="AM%20163%20h%20beta%20fol/40/THUMBNAIL" width="180px" height="300px"/>
			<graphic mimeType="jpg" url="AM%20163%20h%20beta%20fol/40/SECONDARY_DISPLAY" width="2711px" height="4524px"/>
			<graphic mimeType="pdf" url="AM%20163%20h%20beta%20fol/40/WEB_DISPLAY"/>
		</surface>
		<surface xml:id="AM02-0163h-beta-0019v" n="41">
			<desc>0019v</desc>
			<graphic mimeType="pdf" url="AM%20163%20h%20beta%20fol/41/HIGH_QUALITY_DISPLAY"/>
			<graphic mimeType="jpg" url="AM%20163%20h%20beta%20fol/41/THUMBNAIL" width="181px" height="300px"/>
			<graphic mimeType="jpg" url="AM%20163%20h%20beta%20fol/41/SECONDARY_DISPLAY" width="2723px" height="4524px"/>
			<graphic mimeType="pdf" url="AM%20163%20h%20beta%20fol/41/WEB_DISPLAY"/>
		</surface>
		<surface xml:id="AM02-0163h-beta-0020r" n="42">
			<desc>0020r</desc>
			<graphic mimeType="pdf" url="AM%20163%20h%20beta%20fol/42/HIGH_QUALITY_DISPLAY"/>
			<graphic mimeType="jpg" url="AM%20163%20h%20beta%20fol/42/THUMBNAIL" width="181px" height="300px"/>
			<graphic mimeType="jpg" url="AM%20163%20h%20beta%20fol/42/SECONDARY_DISPLAY" width="2723px" height="4524px"/>
			<graphic mimeType="pdf" url="AM%20163%20h%20beta%20fol/42/WEB_DISPLAY"/>
		</surface>
		<surface xml:id="AM02-0163h-beta-0020v" n="43">
			<desc>0020v</desc>
			<graphic mimeType="pdf" url="AM%20163%20h%20beta%20fol/43/HIGH_QUALITY_DISPLAY"/>
			<graphic mimeType="jpg" url="AM%20163%20h%20beta%20fol/43/THUMBNAIL" width="181px" height="300px"/>
			<graphic mimeType="jpg" url="AM%20163%20h%20beta%20fol/43/SECONDARY_DISPLAY" width="2723px" height="4524px"/>
			<graphic mimeType="pdf" url="AM%20163%20h%20beta%20fol/43/WEB_DISPLAY"/>
		</surface>
		<surface xml:id="AM02-0163h-beta-0021r" n="44">
			<desc>0021r</desc>
			<graphic mimeType="pdf" url="AM%20163%20h%20beta%20fol/44/HIGH_QUALITY_DISPLAY"/>
			<graphic mimeType="jpg" url="AM%20163%20h%20beta%20fol/44/THUMBNAIL" width="181px" height="300px"/>
			<graphic mimeType="jpg" url="AM%20163%20h%20beta%20fol/44/SECONDARY_DISPLAY" width="2723px" height="4524px"/>
			<graphic mimeType="pdf" url="AM%20163%20h%20beta%20fol/44/WEB_DISPLAY"/>
		</surface>
		<surface xml:id="AM02-0163h-beta-0021v" n="45">
			<desc>0021v</desc>
			<graphic mimeType="pdf" url="AM%20163%20h%20beta%20fol/45/HIGH_QUALITY_DISPLAY"/>
			<graphic mimeType="jpg" url="AM%20163%20h%20beta%20fol/45/THUMBNAIL" width="187px" height="300px"/>
			<graphic mimeType="jpg" url="AM%20163%20h%20beta%20fol/45/SECONDARY_DISPLAY" width="2873px" height="4608px"/>
			<graphic mimeType="pdf" url="AM%20163%20h%20beta%20fol/45/WEB_DISPLAY"/>
		</surface>
		<surface xml:id="AM02-0163h-beta-0022r" n="46">
			<desc>0022r</desc>
			<graphic mimeType="pdf" url="AM%20163%20h%20beta%20fol/46/HIGH_QUALITY_DISPLAY"/>
			<graphic mimeType="jpg" url="AM%20163%20h%20beta%20fol/46/THUMBNAIL" width="187px" height="300px"/>
			<graphic mimeType="jpg" url="AM%20163%20h%20beta%20fol/46/SECONDARY_DISPLAY" width="2873px" height="4608px"/>
			<graphic mimeType="pdf" url="AM%20163%20h%20beta%20fol/46/WEB_DISPLAY"/>
		</surface>
		<surface xml:id="AM02-0163h-beta-0022v" n="47">
			<desc>0022v</desc>
			<graphic mimeType="pdf" url="AM%20163%20h%20beta%20fol/47/HIGH_QUALITY_DISPLAY"/>
			<graphic mimeType="jpg" url="AM%20163%20h%20beta%20fol/47/THUMBNAIL" width="200px" height="297px"/>
			<graphic mimeType="jpg" url="AM%20163%20h%20beta%20fol/47/SECONDARY_DISPLAY" width="3107px" height="4608px"/>
			<graphic mimeType="pdf" url="AM%20163%20h%20beta%20fol/47/WEB_DISPLAY"/>
		</surface>
		<surface xml:id="AM02-0163h-beta-9901r-RFl" n="48">
			<desc>9901r-RFl</desc>
			<graphic mimeType="pdf" url="AM%20163%20h%20beta%20fol/48/HIGH_QUALITY_DISPLAY"/>
			<graphic mimeType="jpg" url="AM%20163%20h%20beta%20fol/48/THUMBNAIL" width="200px" height="297px"/>
			<graphic mimeType="jpg" url="AM%20163%20h%20beta%20fol/48/SECONDARY_DISPLAY" width="3107px" height="4608px"/>
			<graphic mimeType="pdf" url="AM%20163%20h%20beta%20fol/48/WEB_DISPLAY"/>
		</surface>
		<surface xml:id="AM02-0163h-beta-9901v-RFl" n="49">
			<desc>9901v-RFl</desc>
			<graphic mimeType="pdf" url="AM%20163%20h%20beta%20fol/49/HIGH_QUALITY_DISPLAY"/>
			<graphic mimeType="jpg" url="AM%20163%20h%20beta%20fol/49/THUMBNAIL" width="200px" height="298px"/>
			<graphic mimeType="jpg" url="AM%20163%20h%20beta%20fol/49/SECONDARY_DISPLAY" width="3107px" height="4632px"/>
			<graphic mimeType="pdf" url="AM%20163%20h%20beta%20fol/49/WEB_DISPLAY"/>
		</surface>
		<surface xml:id="AM02-0163h-beta-9999r-RB" n="50">
			<desc>9999r-RB</desc>
			<graphic mimeType="pdf" url="AM%20163%20h%20beta%20fol/50/HIGH_QUALITY_DISPLAY"/>
			<graphic mimeType="jpg" url="AM%20163%20h%20beta%20fol/50/THUMBNAIL" width="200px" height="298px"/>
			<graphic mimeType="jpg" url="AM%20163%20h%20beta%20fol/50/SECONDARY_DISPLAY" width="3107px" height="4632px"/>
			<graphic mimeType="pdf" url="AM%20163%20h%20beta%20fol/50/WEB_DISPLAY"/>
		</surface>
		<surface xml:id="AM02-0163h-beta-9999v-RB" n="51">
			<desc>9999v-RB</desc>
			<graphic mimeType="pdf" url="AM%20163%20h%20beta%20fol/51/HIGH_QUALITY_DISPLAY"/>
			<graphic mimeType="jpg" url="AM%20163%20h%20beta%20fol/51/THUMBNAIL" width="200px" height="285px"/>
			<graphic mimeType="jpg" url="AM%20163%20h%20beta%20fol/51/SECONDARY_DISPLAY" width="3288px" height="4680px"/>
			<graphic mimeType="pdf" url="AM%20163%20h%20beta%20fol/51/WEB_DISPLAY"/>
		</surface>
		<surface xml:id="AM02-0163h-beta-addMat01r" n="52">
			<desc>addMat01r</desc>
			<graphic mimeType="pdf" url="AM%20163%20h%20beta%20fol/52/HIGH_QUALITY_DISPLAY"/>
			<graphic mimeType="jpg" url="AM%20163%20h%20beta%20fol/52/THUMBNAIL" width="200px" height="105px"/>
			<graphic mimeType="jpg" url="AM%20163%20h%20beta%20fol/52/SECONDARY_DISPLAY" width="2029px" height="1068px"/>
			<graphic mimeType="pdf" url="AM%20163%20h%20beta%20fol/52/WEB_DISPLAY"/>
		</surface>
		<surface xml:id="AM02-0163h-beta-ccp" n="53">
			<desc>ccp</desc>
			<graphic mimeType="pdf" url="AM%20163%20h%20beta%20fol/53/HIGH_QUALITY_DISPLAY"/>
			<graphic mimeType="jpg" url="AM%20163%20h%20beta%20fol/53/THUMBNAIL" width="200px" height="300px"/>
			<graphic mimeType="jpg" url="AM%20163%20h%20beta%20fol/53/SECONDARY_DISPLAY" width="2064px" height="3096px"/>
			<graphic mimeType="pdf" url="AM%20163%20h%20beta%20fol/53/WEB_DISPLAY"/>
		</surface>
	</facsimile>
	<text>
      <body>

         <p/>
      </body>
   </text>
</TEI>