<?xml version="1.0" encoding="UTF-8"?>
<?oxygen RNGSchema="http://www.handrit.is/schema/handrit-1.0.rnc" type="compact"?>
<TEI xmlns="http://www.tei-c.org/ns/1.0">
	<teiHeader>
		<fileDesc>
			<titleStmt>
				<title>Handritaskrá Árnastofnunar</title>
			</titleStmt>
			<publicationStmt>
				<p>Tilraunaútgáfa</p>
			</publicationStmt>
			<sourceDesc>
				<msDesc xml:lang="is" xml:id="AM02-0153-is">
					<msIdentifier>
						<country key="IS">Ísland</country>
						<settlement>Reykjavík</settlement>
						<institution>Stofnun Árna Magnússonar í íslenskum fræðum</institution>
						<repository>Handritasvið</repository>
						<collection>Safn Árna Magnússonar</collection>
						<idno>AM 153 fol.</idno>
						<altIdentifier type="internal" subtype="KKKat">
							<idno>182</idno>
						</altIdentifier>
					</msIdentifier>
					<!-- Not. Grönl. hist. M. II, 260 (Fóstbr.): Ísl. sög. II, Kbh. 1847 (Harðar s. Grk.); Ísl. Fornsögur I, Kph. 1880 (Víga-Gl.).
Fóstbræðra saga. Björn K. Þórólfsson, ed. Köbenhavn: Samfund til udgivelse af gammel nordisk litteratur; 1925 27. (S.T.U.A.G.N.L; 49).
Harðar saga. Hast, Sture, ed. Hafniæ: Munksgaard: 1960. (Editiones Arnamagnæanæ. Series A; 6).
Jóns saga Hólabyskups ens helga. Foote, Peter, ed. Copenhagen: Reitzel; 2003. (Editiones Arnamagnæanæ. Series A; 14).
-->


					<msContents>
						<summary>
							<title type="supplied">Sögubók</title>
						</summary>
						<textLang mainLang="is">Íslenska.</textLang>

						<msItem n="1" defective="false" class="isl" xml:lang="is">
							<locus from="1r" facs="#AM02-0153-0001r" to="13v">1r-13v</locus>
							<title type="uniform">Harðar saga</title>
							<rubric>Saga af Hörði og hans fylgjurum þeim Hólmverjum.</rubric>
							<incipit>Á dögum Haralds kóngs hins hárfagra byggðist mest Ísland …</incipit>
							<explicit>… svo sögu þeirra Hólmverja.</explicit>
							<colophon>Góður Guð gefi oss öllum alla daga góða.</colophon>
						</msItem>

						<msItem n="2" defective="false" class="isl" xml:lang="is">
							<locus from="14r" facs="#AM02-0153-0014r" to="31v">14r-31r</locus>
							<title type="uniform">Fóstbræðra saga</title>
							<rubric>Saga af þeim fóstbræðrum Þorgeiri Hávarðssyni og Þormóði
								Kolbrúnarskáldi.</rubric>
							<incipit>Þorgeir Hávarðsson var systrungur Þorgils Arasonar …</incipit>
							<explicit>… og lýkur þar nú æfi Þormóðar með þessum atburðum sem nú eru
								sagðir og endar hér svo þessa frásögu. Finis.</explicit>

							<msItem n="2.1" defective="false" class="isl" xml:lang="is">
								<locus from="31v" facs="#AM02-0153-0031v" to="31v">31r</locus>
								<title type="supplied">Viðbót við söguna.</title>
								<incipit>Hér vantar í sögu þessa</incipit>
								<note>

									<p>Aftan við (á blaði <locus from="31r" facs="#AM02-0153-0031r" to="31r">31r</locus>) er lýsing á Þorgeiri Hávarssyni í
										lokabardaganum, höfð eftir <name key="BjoJon006" type="person">Birni Jónssyni</name> á <name type="place">Skarðsá.</name>
									</p>

								</note>
							</msItem>
						</msItem>

						<msItem n="3" defective="false" class="isl" xml:lang="is">
							<locus from="31v" facs="#AM02-0153-0031v" to="43v">31v-43v</locus>
							<title type="uniform">Víga-Glúms saga</title>
							<rubric>Hér hefur sögu af Víga-Glúmi.</rubric>
							<incipit>Ingjaldur hét maður; hann var sonur Helga hins magra …</incipit>
							<explicit>… Það er og mál manna að öllum hafi verið best 000 sig,
								allmargra manna hér á landi og lýkur hér sögu Glúms.</explicit>
							<colophon>Skrifuð á Hólum við Reyðarfjörð anno 1711.</colophon>
						</msItem>

						<msItem n="4" class="isl" defective="false">
							<locus from="44r" facs="#AM02-0153-0044r" to="72v">44r-72v</locus>
							<title type="uniform">Grettis saga</title>
							<rubric>Hér hefur sögu af Gretti Ásmundarsyni</rubric>
							<incipit>Ásmundur hærulangur var sonur Þorgríms hærukarls …</incipit>
							<explicit>… Þorsteinn drómundur varð á sínum efstu dögum. </explicit>
							<finalRubric>Lúkum vér nú hér sögu Grettis Ásmundarsonar.</finalRubric>
							<note>

								<p>Án Önundar þáttar.</p>

							</note>
						</msItem>

						<msItem n="5" defective="false" class="isl" xml:lang="is">
							<locus from="72v" facs="#AM02-0153-0072v" to="72v">72v</locus>
							<title type="supplied">Lausavísa</title>
							<incipit type="upphaf">Sterkan nefndu báls börk …</incipit>
							<explicit>… veit ei lukkan af neitt.</explicit>
							<note>Vísa um Gretti.</note>
							<colophon>Skrifað á Hólum við Reyðarfjörð; anno 1712 á 15.
							desember.</colophon>
						</msItem>

					</msContents>
					<physDesc>
						<objectDesc form="codex">
							<supportDesc material="chart">
								<support>Pappír.</support>
								<extent>i + 73 + i blöð (<dimensions type="leaf" unit="mm" scope="all">
										<height>328</height>
										<width>202</width>
									</dimensions>); blað <locus from="73r" facs="#AM02-0153-00073r" to="73r">73r</locus> er autt. </extent>

								<foliation>
									<p>
										<list>
											<item>Eldri blaðmerking er á fimmta hverju blaði <locus from="1r" facs="#AM02-0153-0001r" to="1r">1r</locus>, <locus from="5r" facs="#AM02-0153-0005r" to="5r">5r</locus>,
												<locus from="10r" facs="#AM02-0153-0010r" to="10r">10r</locus> o.s.frv.</item>
											<item> Síðari tíma blaðmerking er á hverju blaði með
												rauðum lit .</item>
										</list>
									</p>
								</foliation>

								<collation>
									<p>Tíu kver. <list>
											<item n="1">Kver I: blöð 1r-6v, 3 tvinn.</item>
											<item n="2">Kver II: blöð 7r-14v, 4 tvinn.</item>
											<item n="3">Kver III: blöð 15r-20v, 3 tvinn.</item>
											<item n="4">Kver IV: blöð 21r-30v, 5 tvinn.</item>
											<item n="5">Kver V: blöð 31r-38v, 4 tvinn.</item>
											<item n="6">Kver VI: blöð 39r-43v, 2 tvinn + 1 stakt
												blað.</item>
											<item n="7">Kver VII: blöð 44r-49v, 3 tvinn. </item>
											<item n="8">Kver VIII: blöð 50r-55v, 3 tvinn.</item>
											<item n="9">Kver IX: blöð 56r-63v, 4 tvinn.</item>
											<item n="10">Kver X: blöð 64r-73v, 5 tvinn.</item>
										</list>
									</p>

								</collation>

							</supportDesc>
							<layoutDesc>
								<layout columns="1" writtenLines="50 55">
									<p>
										<list>
											<item>Eindálka.</item>
											<item> Leturflötur er ca <dimensions type="leaf" unit="mm">
												<height>270</height>
												<width>147,5</width>
												</dimensions>.</item>
											<item>Línufjöldi er ca 50-55.</item>
											<item>Strikað er fyrir ytri spássíu á blöðum <locus from="44r" facs="#AM02-0153-0044r" to="72v">44r-72v</locus>.</item>
											<item>Í Grettis sögu eru kaflar númeraðir frá og með
												iii. kafla til kafla lxxxiii.</item>
										</list>
									</p>
								</layout>
							</layoutDesc>

						</objectDesc>
						<handDesc hands="1">
							<handNote scribe="JonGut001" scope="sole" script="cursiva">
								<list>
									<item>Með hendi <name key="JonGut001" type="person">Jóns
											Guttormssonar</name>; fljótaskrift.</item>
								</list>
							</handNote>

						</handDesc>

						<additions>
							<p>Nokkrar spássíugreinar, sumar skemmdar vegna afskurðar (sjá t.d. blað
									<locus from="23v" facs="#AM02-0153-0023v" to="23v">23v</locus>).</p>
						</additions>

						<bindingDesc>
							<binding notBefore="1911" notAfter="1913" contemporary="false">
								<p> Band (<dimensions type="binding">
										<height>329</height>
										<width>210</width>
										<depth>21</depth>
									</dimensions>) frá 1911-1913.</p>
								<p>Bókfell er á kili. Greina má leifar af stöfum, lýsingum og
									skrautbekkjum, rauðan og bláan lit auk brúnleits
									bleklitarins.Spjöld eru pappírsklædd. </p>

							</binding>
							<binding notBefore="1700" notAfter="1730" contemporary="false">
								<p> Band frá 1700-1730. Spjöld og kjölur klædd bókfelli úr
									kirkjulegu latnesku handriti með lýsingum (nú í <ref target="Acc-0007" type="ms">Acc 7</ref>). </p>
							</binding>
						</bindingDesc>

					</physDesc>
					<history>
						<origin notBefore="1711" notAfter="1712" evidence="internal">
							<p>Handritið er skrifað á <origPlace key="IS">Íslandi</origPlace> og er
								dagsett <origDate notBefore="1711" notAfter="1712">1711-1712</origDate> að <name type="place">Hólmum</name> við
								Reyðarfjörð en skrifari var þar prestur 1725-1731. Undirskrift hans
									<q>JGS</q> (sbr. <ref target="JS04-0409" type="ms">JS 409
								4to</ref>).</p>

						</origin>
						<!-- Ath. JS 409 4to -->
						<provenance>
							<p/>
						</provenance>
						<acquisition when="1974-11-01">
							<p>Stofnun Árna Magnússonar á Íslandi tók við handritinu 1. nóvember
								1974.</p>
						</acquisition>
					</history>
					<additional>
						<adminInfo>
							<recordHist>
								<source>
									<p>
										<name key="KriKaa001" type="person">Kålund</name> gekk frá
										handritinu til skráningar <date when="1885-12-01">1.
											desember 1885</date>, <bibl>
											<ref target="KKKat">Katalog I; </ref>
										</bibl>bls. 107 (nr. 182), <name key="DriThr001" type="person">DKÞ</name> færði inn grunnupplýsingar
											<date when="2002-06-19">19. júní 2002</date>, <name type="person" key="ValHil001">VH</name> skráði handritið
										samkvæmt TEIP5 reglum <date when="2008-11-25">25. nóvember
											2008</date>; yfirfór handritið í <date notBefore="2009-09">september 2009</date>; lagfærði í
											<date when="2010-11">nóvember 2010</date>, </p>
								</source>

							</recordHist>
							<custodialHist>
								<custEvent type="conservation" notBefore="1911" notAfter="1913">
									<p>Bundið af Otto Ehlert á árunum 1911-1913.</p>
								</custEvent>
								<custEvent type="conservation" notBefore="1700" notAfter="1730">
									<p>Bundið á árunum 1700-1730.</p>
								</custEvent>
							</custodialHist>
						</adminInfo>
						<surrogates>
							<p>Svart-hvítar ljósmyndir á Det Arnamagnæanske Institut í
								Kaupmannahöfn.</p>
						</surrogates>
						<listBibl>
							<bibl>Björn K. Þórólfsson 1925, <ref target="BjöÞór1925a">Fóstbræðra saga</ref></bibl>
							<bibl>Foote, P. 2003, <ref target="PetFoo2003a">Jóns saga Hólabyskups ens helga</ref></bibl>
							<bibl>Hast, S. 1960, <ref target="StuHas1960a">Harðar saga</ref></bibl>
						</listBibl>
					</additional>
				</msDesc>
			</sourceDesc>
		</fileDesc>
		<revisionDesc>
			<change when="2008-10" who="#EriHas01">Migrated from MASTER to P5</change>
		</revisionDesc>
	</teiHeader>
	<facsimile xml:base="https://myndir.handrit.is/file/Handrit.is/">
		<surface xml:id="AM02-0153-0000r-FB" n="0">
			<desc>0000r-FB</desc>
			<graphic mimeType="pdf" url="AM%20153%20fol/0/HIGH_QUALITY_DISPLAY"/>
			<graphic mimeType="jpg" url="AM%20153%20fol/0/THUMBNAIL" width="196px" height="300px"/>
			<graphic mimeType="jpg" url="AM%20153%20fol/0/SECONDARY_DISPLAY" width="3156px" height="4836px"/>
			<graphic mimeType="pdf" url="AM%20153%20fol/0/WEB_DISPLAY"/>
		</surface>
		<surface xml:id="AM02-0153-0000v-FB" n="1">
			<desc>0000v-FB</desc>
			<graphic mimeType="pdf" url="AM%20153%20fol/1/HIGH_QUALITY_DISPLAY"/>
			<graphic mimeType="jpg" url="AM%20153%20fol/1/THUMBNAIL" width="187px" height="300px"/>
			<graphic mimeType="jpg" url="AM%20153%20fol/1/SECONDARY_DISPLAY" width="2987px" height="4788px"/>
			<graphic mimeType="pdf" url="AM%20153%20fol/1/WEB_DISPLAY"/>
		</surface>
		<surface xml:id="AM02-0153-0001r-FFl" n="2">
			<desc>0001r-FFl</desc>
			<graphic mimeType="pdf" url="AM%20153%20fol/2/HIGH_QUALITY_DISPLAY"/>
			<graphic mimeType="jpg" url="AM%20153%20fol/2/THUMBNAIL" width="187px" height="300px"/>
			<graphic mimeType="jpg" url="AM%20153%20fol/2/SECONDARY_DISPLAY" width="2987px" height="4788px"/>
			<graphic mimeType="pdf" url="AM%20153%20fol/2/WEB_DISPLAY"/>
		</surface>
		<surface xml:id="AM02-0153-0001v-FFl" n="3">
			<desc>0001v-FFl</desc>
			<graphic mimeType="pdf" url="AM%20153%20fol/3/HIGH_QUALITY_DISPLAY"/>
			<graphic mimeType="jpg" url="AM%20153%20fol/3/THUMBNAIL" width="184px" height="300px"/>
			<graphic mimeType="jpg" url="AM%20153%20fol/3/SECONDARY_DISPLAY" width="2939px" height="4788px"/>
			<graphic mimeType="pdf" url="AM%20153%20fol/3/WEB_DISPLAY"/>
		</surface>
		<surface xml:id="AM02-0153-0001r" n="4">
			<desc>0001r</desc>
			<graphic mimeType="pdf" url="AM%20153%20fol/4/HIGH_QUALITY_DISPLAY"/>
			<graphic mimeType="jpg" url="AM%20153%20fol/4/THUMBNAIL" width="184px" height="300px"/>
			<graphic mimeType="jpg" url="AM%20153%20fol/4/SECONDARY_DISPLAY" width="2939px" height="4788px"/>
			<graphic mimeType="pdf" url="AM%20153%20fol/4/WEB_DISPLAY"/>
		</surface>
		<surface xml:id="AM02-0153-0001v" n="5">
			<desc>0001v</desc>
			<graphic mimeType="pdf" url="AM%20153%20fol/5/HIGH_QUALITY_DISPLAY"/>
			<graphic mimeType="jpg" url="AM%20153%20fol/5/THUMBNAIL" width="188px" height="300px"/>
			<graphic mimeType="jpg" url="AM%20153%20fol/5/SECONDARY_DISPLAY" width="2999px" height="4788px"/>
			<graphic mimeType="pdf" url="AM%20153%20fol/5/WEB_DISPLAY"/>
		</surface>
		<surface xml:id="AM02-0153-0002r" n="6">
			<desc>0002r</desc>
			<graphic mimeType="pdf" url="AM%20153%20fol/6/HIGH_QUALITY_DISPLAY"/>
			<graphic mimeType="jpg" url="AM%20153%20fol/6/THUMBNAIL" width="188px" height="300px"/>
			<graphic mimeType="jpg" url="AM%20153%20fol/6/SECONDARY_DISPLAY" width="2999px" height="4788px"/>
			<graphic mimeType="pdf" url="AM%20153%20fol/6/WEB_DISPLAY"/>
		</surface>
		<surface xml:id="AM02-0153-0002v" n="7">
			<desc>0002v</desc>
			<graphic mimeType="pdf" url="AM%20153%20fol/7/HIGH_QUALITY_DISPLAY"/>
			<graphic mimeType="jpg" url="AM%20153%20fol/7/THUMBNAIL" width="190px" height="300px"/>
			<graphic mimeType="jpg" url="AM%20153%20fol/7/SECONDARY_DISPLAY" width="2975px" height="4704px"/>
			<graphic mimeType="pdf" url="AM%20153%20fol/7/WEB_DISPLAY"/>
		</surface>
		<surface xml:id="AM02-0153-0003r" n="8">
			<desc>0003r</desc>
			<graphic mimeType="pdf" url="AM%20153%20fol/8/HIGH_QUALITY_DISPLAY"/>
			<graphic mimeType="jpg" url="AM%20153%20fol/8/THUMBNAIL" width="190px" height="300px"/>
			<graphic mimeType="jpg" url="AM%20153%20fol/8/SECONDARY_DISPLAY" width="2975px" height="4704px"/>
			<graphic mimeType="pdf" url="AM%20153%20fol/8/WEB_DISPLAY"/>
		</surface>
		<surface xml:id="AM02-0153-0003v" n="9">
			<desc>0003v</desc>
			<graphic mimeType="pdf" url="AM%20153%20fol/9/HIGH_QUALITY_DISPLAY"/>
			<graphic mimeType="jpg" url="AM%20153%20fol/9/THUMBNAIL" width="190px" height="300px"/>
			<graphic mimeType="jpg" url="AM%20153%20fol/9/SECONDARY_DISPLAY" width="2975px" height="4704px"/>
			<graphic mimeType="pdf" url="AM%20153%20fol/9/WEB_DISPLAY"/>
		</surface>
		<surface xml:id="AM02-0153-0004r" n="10">
			<desc>0004r</desc>
			<graphic mimeType="pdf" url="AM%20153%20fol/10/HIGH_QUALITY_DISPLAY"/>
			<graphic mimeType="jpg" url="AM%20153%20fol/10/THUMBNAIL" width="190px" height="300px"/>
			<graphic mimeType="jpg" url="AM%20153%20fol/10/SECONDARY_DISPLAY" width="2975px" height="4704px"/>
			<graphic mimeType="pdf" url="AM%20153%20fol/10/WEB_DISPLAY"/>
		</surface>
		<surface xml:id="AM02-0153-0004v" n="11">
			<desc>0004v</desc>
			<graphic mimeType="pdf" url="AM%20153%20fol/11/HIGH_QUALITY_DISPLAY"/>
			<graphic mimeType="jpg" url="AM%20153%20fol/11/THUMBNAIL" width="189px" height="300px"/>
			<graphic mimeType="jpg" url="AM%20153%20fol/11/SECONDARY_DISPLAY" width="2981px" height="4740px"/>
			<graphic mimeType="pdf" url="AM%20153%20fol/11/WEB_DISPLAY"/>
		</surface>
		<surface xml:id="AM02-0153-0005r" n="12">
			<desc>0005r</desc>
			<graphic mimeType="pdf" url="AM%20153%20fol/12/HIGH_QUALITY_DISPLAY"/>
			<graphic mimeType="jpg" url="AM%20153%20fol/12/THUMBNAIL" width="189px" height="300px"/>
			<graphic mimeType="jpg" url="AM%20153%20fol/12/SECONDARY_DISPLAY" width="2981px" height="4740px"/>
			<graphic mimeType="pdf" url="AM%20153%20fol/12/WEB_DISPLAY"/>
		</surface>
		<surface xml:id="AM02-0153-0005v" n="13">
			<desc>0005v</desc>
			<graphic mimeType="pdf" url="AM%20153%20fol/13/HIGH_QUALITY_DISPLAY"/>
			<graphic mimeType="jpg" url="AM%20153%20fol/13/THUMBNAIL" width="189px" height="300px"/>
			<graphic mimeType="jpg" url="AM%20153%20fol/13/SECONDARY_DISPLAY" width="2981px" height="4740px"/>
			<graphic mimeType="pdf" url="AM%20153%20fol/13/WEB_DISPLAY"/>
		</surface>
		<surface xml:id="AM02-0153-0006r" n="14">
			<desc>0006r</desc>
			<graphic mimeType="pdf" url="AM%20153%20fol/14/HIGH_QUALITY_DISPLAY"/>
			<graphic mimeType="jpg" url="AM%20153%20fol/14/THUMBNAIL" width="189px" height="300px"/>
			<graphic mimeType="jpg" url="AM%20153%20fol/14/SECONDARY_DISPLAY" width="2981px" height="4740px"/>
			<graphic mimeType="pdf" url="AM%20153%20fol/14/WEB_DISPLAY"/>
		</surface>
		<surface xml:id="AM02-0153-0006v" n="15">
			<desc>0006v</desc>
			<graphic mimeType="pdf" url="AM%20153%20fol/15/HIGH_QUALITY_DISPLAY"/>
			<graphic mimeType="jpg" url="AM%20153%20fol/15/THUMBNAIL" width="185px" height="300px"/>
			<graphic mimeType="jpg" url="AM%20153%20fol/15/SECONDARY_DISPLAY" width="2927px" height="4740px"/>
			<graphic mimeType="pdf" url="AM%20153%20fol/15/WEB_DISPLAY"/>
		</surface>
		<surface xml:id="AM02-0153-0007r" n="16">
			<desc>0007r</desc>
			<graphic mimeType="pdf" url="AM%20153%20fol/16/HIGH_QUALITY_DISPLAY"/>
			<graphic mimeType="jpg" url="AM%20153%20fol/16/THUMBNAIL" width="185px" height="300px"/>
			<graphic mimeType="jpg" url="AM%20153%20fol/16/SECONDARY_DISPLAY" width="2927px" height="4740px"/>
			<graphic mimeType="pdf" url="AM%20153%20fol/16/WEB_DISPLAY"/>
		</surface>
		<surface xml:id="AM02-0153-0007v" n="17">
			<desc>0007v</desc>
			<graphic mimeType="pdf" url="AM%20153%20fol/17/HIGH_QUALITY_DISPLAY"/>
			<graphic mimeType="jpg" url="AM%20153%20fol/17/THUMBNAIL" width="186px" height="300px"/>
			<graphic mimeType="jpg" url="AM%20153%20fol/17/SECONDARY_DISPLAY" width="2933px" height="4728px"/>
			<graphic mimeType="pdf" url="AM%20153%20fol/17/WEB_DISPLAY"/>
		</surface>
		<surface xml:id="AM02-0153-0008r" n="18">
			<desc>0008r</desc>
			<graphic mimeType="pdf" url="AM%20153%20fol/18/HIGH_QUALITY_DISPLAY"/>
			<graphic mimeType="jpg" url="AM%20153%20fol/18/THUMBNAIL" width="186px" height="300px"/>
			<graphic mimeType="jpg" url="AM%20153%20fol/18/SECONDARY_DISPLAY" width="2933px" height="4728px"/>
			<graphic mimeType="pdf" url="AM%20153%20fol/18/WEB_DISPLAY"/>
		</surface>
		<surface xml:id="AM02-0153-0008v" n="19">
			<desc>0008v</desc>
			<graphic mimeType="pdf" url="AM%20153%20fol/19/HIGH_QUALITY_DISPLAY"/>
			<graphic mimeType="jpg" url="AM%20153%20fol/19/THUMBNAIL" width="186px" height="300px"/>
			<graphic mimeType="jpg" url="AM%20153%20fol/19/SECONDARY_DISPLAY" width="2933px" height="4728px"/>
			<graphic mimeType="pdf" url="AM%20153%20fol/19/WEB_DISPLAY"/>
		</surface>
		<surface xml:id="AM02-0153-0009r" n="20">
			<desc>0009r</desc>
			<graphic mimeType="pdf" url="AM%20153%20fol/20/HIGH_QUALITY_DISPLAY"/>
			<graphic mimeType="jpg" url="AM%20153%20fol/20/THUMBNAIL" width="186px" height="300px"/>
			<graphic mimeType="jpg" url="AM%20153%20fol/20/SECONDARY_DISPLAY" width="2933px" height="4728px"/>
			<graphic mimeType="pdf" url="AM%20153%20fol/20/WEB_DISPLAY"/>
		</surface>
		<surface xml:id="AM02-0153-0009v" n="21">
			<desc>0009v</desc>
			<graphic mimeType="pdf" url="AM%20153%20fol/21/HIGH_QUALITY_DISPLAY"/>
			<graphic mimeType="jpg" url="AM%20153%20fol/21/THUMBNAIL" width="186px" height="300px"/>
			<graphic mimeType="jpg" url="AM%20153%20fol/21/SECONDARY_DISPLAY" width="2933px" height="4728px"/>
			<graphic mimeType="pdf" url="AM%20153%20fol/21/WEB_DISPLAY"/>
		</surface>
		<surface xml:id="AM02-0153-0010r" n="22">
			<desc>0010r</desc>
			<graphic mimeType="pdf" url="AM%20153%20fol/22/HIGH_QUALITY_DISPLAY"/>
			<graphic mimeType="jpg" url="AM%20153%20fol/22/THUMBNAIL" width="186px" height="300px"/>
			<graphic mimeType="jpg" url="AM%20153%20fol/22/SECONDARY_DISPLAY" width="2933px" height="4728px"/>
			<graphic mimeType="pdf" url="AM%20153%20fol/22/WEB_DISPLAY"/>
		</surface>
		<surface xml:id="AM02-0153-0010v" n="23">
			<desc>0010v</desc>
			<graphic mimeType="pdf" url="AM%20153%20fol/23/HIGH_QUALITY_DISPLAY"/>
			<graphic mimeType="jpg" url="AM%20153%20fol/23/THUMBNAIL" width="186px" height="300px"/>
			<graphic mimeType="jpg" url="AM%20153%20fol/23/SECONDARY_DISPLAY" width="2933px" height="4728px"/>
			<graphic mimeType="pdf" url="AM%20153%20fol/23/WEB_DISPLAY"/>
		</surface>
		<surface xml:id="AM02-0153-0011r" n="24">
			<desc>0011r</desc>
			<graphic mimeType="pdf" url="AM%20153%20fol/24/HIGH_QUALITY_DISPLAY"/>
			<graphic mimeType="jpg" url="AM%20153%20fol/24/THUMBNAIL" width="186px" height="300px"/>
			<graphic mimeType="jpg" url="AM%20153%20fol/24/SECONDARY_DISPLAY" width="2933px" height="4728px"/>
			<graphic mimeType="pdf" url="AM%20153%20fol/24/WEB_DISPLAY"/>
		</surface>
		<surface xml:id="AM02-0153-0011v" n="25">
			<desc>0011v</desc>
			<graphic mimeType="pdf" url="AM%20153%20fol/25/HIGH_QUALITY_DISPLAY"/>
			<graphic mimeType="jpg" url="AM%20153%20fol/25/THUMBNAIL" width="186px" height="300px"/>
			<graphic mimeType="jpg" url="AM%20153%20fol/25/SECONDARY_DISPLAY" width="2933px" height="4728px"/>
			<graphic mimeType="pdf" url="AM%20153%20fol/25/WEB_DISPLAY"/>
		</surface>
		<surface xml:id="AM02-0153-0012r" n="26">
			<desc>0012r</desc>
			<graphic mimeType="pdf" url="AM%20153%20fol/26/HIGH_QUALITY_DISPLAY"/>
			<graphic mimeType="jpg" url="AM%20153%20fol/26/THUMBNAIL" width="186px" height="300px"/>
			<graphic mimeType="jpg" url="AM%20153%20fol/26/SECONDARY_DISPLAY" width="2933px" height="4728px"/>
			<graphic mimeType="pdf" url="AM%20153%20fol/26/WEB_DISPLAY"/>
		</surface>
		<surface xml:id="AM02-0153-0012v" n="27">
			<desc>0012v</desc>
			<graphic mimeType="pdf" url="AM%20153%20fol/27/HIGH_QUALITY_DISPLAY"/>
			<graphic mimeType="jpg" url="AM%20153%20fol/27/THUMBNAIL" width="186px" height="300px"/>
			<graphic mimeType="jpg" url="AM%20153%20fol/27/SECONDARY_DISPLAY" width="2933px" height="4728px"/>
			<graphic mimeType="pdf" url="AM%20153%20fol/27/WEB_DISPLAY"/>
		</surface>
		<surface xml:id="AM02-0153-0013r" n="28">
			<desc>0013r</desc>
			<graphic mimeType="pdf" url="AM%20153%20fol/28/HIGH_QUALITY_DISPLAY"/>
			<graphic mimeType="jpg" url="AM%20153%20fol/28/THUMBNAIL" width="186px" height="300px"/>
			<graphic mimeType="jpg" url="AM%20153%20fol/28/SECONDARY_DISPLAY" width="2933px" height="4728px"/>
			<graphic mimeType="pdf" url="AM%20153%20fol/28/WEB_DISPLAY"/>
		</surface>
		<surface xml:id="AM02-0153-0013v" n="29">
			<desc>0013v</desc>
			<graphic mimeType="pdf" url="AM%20153%20fol/29/HIGH_QUALITY_DISPLAY"/>
			<graphic mimeType="jpg" url="AM%20153%20fol/29/THUMBNAIL" width="186px" height="300px"/>
			<graphic mimeType="jpg" url="AM%20153%20fol/29/SECONDARY_DISPLAY" width="2933px" height="4728px"/>
			<graphic mimeType="pdf" url="AM%20153%20fol/29/WEB_DISPLAY"/>
		</surface>
		<surface xml:id="AM02-0153-0014r" n="30">
			<desc>0014r</desc>
			<graphic mimeType="pdf" url="AM%20153%20fol/30/HIGH_QUALITY_DISPLAY"/>
			<graphic mimeType="jpg" url="AM%20153%20fol/30/THUMBNAIL" width="186px" height="300px"/>
			<graphic mimeType="jpg" url="AM%20153%20fol/30/SECONDARY_DISPLAY" width="2933px" height="4728px"/>
			<graphic mimeType="pdf" url="AM%20153%20fol/30/WEB_DISPLAY"/>
		</surface>
		<surface xml:id="AM02-0153-0014v" n="31">
			<desc>0014v</desc>
			<graphic mimeType="pdf" url="AM%20153%20fol/31/HIGH_QUALITY_DISPLAY"/>
			<graphic mimeType="jpg" url="AM%20153%20fol/31/THUMBNAIL" width="186px" height="300px"/>
			<graphic mimeType="jpg" url="AM%20153%20fol/31/SECONDARY_DISPLAY" width="2933px" height="4728px"/>
			<graphic mimeType="pdf" url="AM%20153%20fol/31/WEB_DISPLAY"/>
		</surface>
		<surface xml:id="AM02-0153-0015r" n="32">
			<desc>0015r</desc>
			<graphic mimeType="pdf" url="AM%20153%20fol/32/HIGH_QUALITY_DISPLAY"/>
			<graphic mimeType="jpg" url="AM%20153%20fol/32/THUMBNAIL" width="186px" height="300px"/>
			<graphic mimeType="jpg" url="AM%20153%20fol/32/SECONDARY_DISPLAY" width="2933px" height="4728px"/>
			<graphic mimeType="pdf" url="AM%20153%20fol/32/WEB_DISPLAY"/>
		</surface>
		<surface xml:id="AM02-0153-0015v" n="33">
			<desc>0015v</desc>
			<graphic mimeType="pdf" url="AM%20153%20fol/33/HIGH_QUALITY_DISPLAY"/>
			<graphic mimeType="jpg" url="AM%20153%20fol/33/THUMBNAIL" width="186px" height="300px"/>
			<graphic mimeType="jpg" url="AM%20153%20fol/33/SECONDARY_DISPLAY" width="2933px" height="4728px"/>
			<graphic mimeType="pdf" url="AM%20153%20fol/33/WEB_DISPLAY"/>
		</surface>
		<surface xml:id="AM02-0153-0016r" n="34">
			<desc>0016r</desc>
			<graphic mimeType="pdf" url="AM%20153%20fol/34/HIGH_QUALITY_DISPLAY"/>
			<graphic mimeType="jpg" url="AM%20153%20fol/34/THUMBNAIL" width="186px" height="300px"/>
			<graphic mimeType="jpg" url="AM%20153%20fol/34/SECONDARY_DISPLAY" width="2933px" height="4728px"/>
			<graphic mimeType="pdf" url="AM%20153%20fol/34/WEB_DISPLAY"/>
		</surface>
		<surface xml:id="AM02-0153-0016v" n="35">
			<desc>0016v</desc>
			<graphic mimeType="pdf" url="AM%20153%20fol/35/HIGH_QUALITY_DISPLAY"/>
			<graphic mimeType="jpg" url="AM%20153%20fol/35/THUMBNAIL" width="186px" height="300px"/>
			<graphic mimeType="jpg" url="AM%20153%20fol/35/SECONDARY_DISPLAY" width="2933px" height="4728px"/>
			<graphic mimeType="pdf" url="AM%20153%20fol/35/WEB_DISPLAY"/>
		</surface>
		<surface xml:id="AM02-0153-0017r" n="36">
			<desc>0017r</desc>
			<graphic mimeType="pdf" url="AM%20153%20fol/36/HIGH_QUALITY_DISPLAY"/>
			<graphic mimeType="jpg" url="AM%20153%20fol/36/THUMBNAIL" width="186px" height="300px"/>
			<graphic mimeType="jpg" url="AM%20153%20fol/36/SECONDARY_DISPLAY" width="2933px" height="4728px"/>
			<graphic mimeType="pdf" url="AM%20153%20fol/36/WEB_DISPLAY"/>
		</surface>
		<surface xml:id="AM02-0153-0017v" n="37">
			<desc>0017v</desc>
			<graphic mimeType="pdf" url="AM%20153%20fol/37/HIGH_QUALITY_DISPLAY"/>
			<graphic mimeType="jpg" url="AM%20153%20fol/37/THUMBNAIL" width="186px" height="300px"/>
			<graphic mimeType="jpg" url="AM%20153%20fol/37/SECONDARY_DISPLAY" width="2933px" height="4728px"/>
			<graphic mimeType="pdf" url="AM%20153%20fol/37/WEB_DISPLAY"/>
		</surface>
		<surface xml:id="AM02-0153-0018r" n="38">
			<desc>0018r</desc>
			<graphic mimeType="pdf" url="AM%20153%20fol/38/HIGH_QUALITY_DISPLAY"/>
			<graphic mimeType="jpg" url="AM%20153%20fol/38/THUMBNAIL" width="186px" height="300px"/>
			<graphic mimeType="jpg" url="AM%20153%20fol/38/SECONDARY_DISPLAY" width="2933px" height="4728px"/>
			<graphic mimeType="pdf" url="AM%20153%20fol/38/WEB_DISPLAY"/>
		</surface>
		<surface xml:id="AM02-0153-0018v" n="39">
			<desc>0018v</desc>
			<graphic mimeType="pdf" url="AM%20153%20fol/39/HIGH_QUALITY_DISPLAY"/>
			<graphic mimeType="jpg" url="AM%20153%20fol/39/THUMBNAIL" width="186px" height="300px"/>
			<graphic mimeType="jpg" url="AM%20153%20fol/39/SECONDARY_DISPLAY" width="2933px" height="4728px"/>
			<graphic mimeType="pdf" url="AM%20153%20fol/39/WEB_DISPLAY"/>
		</surface>
		<surface xml:id="AM02-0153-0019r" n="40">
			<desc>0019r</desc>
			<graphic mimeType="pdf" url="AM%20153%20fol/40/HIGH_QUALITY_DISPLAY"/>
			<graphic mimeType="jpg" url="AM%20153%20fol/40/THUMBNAIL" width="186px" height="300px"/>
			<graphic mimeType="jpg" url="AM%20153%20fol/40/SECONDARY_DISPLAY" width="2933px" height="4728px"/>
			<graphic mimeType="pdf" url="AM%20153%20fol/40/WEB_DISPLAY"/>
		</surface>
		<surface xml:id="AM02-0153-0019v" n="41">
			<desc>0019v</desc>
			<graphic mimeType="pdf" url="AM%20153%20fol/41/HIGH_QUALITY_DISPLAY"/>
			<graphic mimeType="jpg" url="AM%20153%20fol/41/THUMBNAIL" width="186px" height="300px"/>
			<graphic mimeType="jpg" url="AM%20153%20fol/41/SECONDARY_DISPLAY" width="2933px" height="4728px"/>
			<graphic mimeType="pdf" url="AM%20153%20fol/41/WEB_DISPLAY"/>
		</surface>
		<surface xml:id="AM02-0153-0020r" n="42">
			<desc>0020r</desc>
			<graphic mimeType="pdf" url="AM%20153%20fol/42/HIGH_QUALITY_DISPLAY"/>
			<graphic mimeType="jpg" url="AM%20153%20fol/42/THUMBNAIL" width="186px" height="300px"/>
			<graphic mimeType="jpg" url="AM%20153%20fol/42/SECONDARY_DISPLAY" width="2933px" height="4728px"/>
			<graphic mimeType="pdf" url="AM%20153%20fol/42/WEB_DISPLAY"/>
		</surface>
		<surface xml:id="AM02-0153-0020v" n="43">
			<desc>0020v</desc>
			<graphic mimeType="pdf" url="AM%20153%20fol/43/HIGH_QUALITY_DISPLAY"/>
			<graphic mimeType="jpg" url="AM%20153%20fol/43/THUMBNAIL" width="186px" height="300px"/>
			<graphic mimeType="jpg" url="AM%20153%20fol/43/SECONDARY_DISPLAY" width="2933px" height="4728px"/>
			<graphic mimeType="pdf" url="AM%20153%20fol/43/WEB_DISPLAY"/>
		</surface>
		<surface xml:id="AM02-0153-0021r" n="44">
			<desc>0021r</desc>
			<graphic mimeType="pdf" url="AM%20153%20fol/44/HIGH_QUALITY_DISPLAY"/>
			<graphic mimeType="jpg" url="AM%20153%20fol/44/THUMBNAIL" width="186px" height="300px"/>
			<graphic mimeType="jpg" url="AM%20153%20fol/44/SECONDARY_DISPLAY" width="2933px" height="4728px"/>
			<graphic mimeType="pdf" url="AM%20153%20fol/44/WEB_DISPLAY"/>
		</surface>
		<surface xml:id="AM02-0153-0021v" n="45">
			<desc>0021v</desc>
			<graphic mimeType="pdf" url="AM%20153%20fol/45/HIGH_QUALITY_DISPLAY"/>
			<graphic mimeType="jpg" url="AM%20153%20fol/45/THUMBNAIL" width="186px" height="300px"/>
			<graphic mimeType="jpg" url="AM%20153%20fol/45/SECONDARY_DISPLAY" width="2933px" height="4728px"/>
			<graphic mimeType="pdf" url="AM%20153%20fol/45/WEB_DISPLAY"/>
		</surface>
		<surface xml:id="AM02-0153-0022r" n="46">
			<desc>0022r</desc>
			<graphic mimeType="pdf" url="AM%20153%20fol/46/HIGH_QUALITY_DISPLAY"/>
			<graphic mimeType="jpg" url="AM%20153%20fol/46/THUMBNAIL" width="186px" height="300px"/>
			<graphic mimeType="jpg" url="AM%20153%20fol/46/SECONDARY_DISPLAY" width="2933px" height="4728px"/>
			<graphic mimeType="pdf" url="AM%20153%20fol/46/WEB_DISPLAY"/>
		</surface>
		<surface xml:id="AM02-0153-0022v" n="47">
			<desc>0022v</desc>
			<graphic mimeType="pdf" url="AM%20153%20fol/47/HIGH_QUALITY_DISPLAY"/>
			<graphic mimeType="jpg" url="AM%20153%20fol/47/THUMBNAIL" width="186px" height="300px"/>
			<graphic mimeType="jpg" url="AM%20153%20fol/47/SECONDARY_DISPLAY" width="2933px" height="4728px"/>
			<graphic mimeType="pdf" url="AM%20153%20fol/47/WEB_DISPLAY"/>
		</surface>
		<surface xml:id="AM02-0153-0023r" n="48">
			<desc>0023r</desc>
			<graphic mimeType="pdf" url="AM%20153%20fol/48/HIGH_QUALITY_DISPLAY"/>
			<graphic mimeType="jpg" url="AM%20153%20fol/48/THUMBNAIL" width="186px" height="300px"/>
			<graphic mimeType="jpg" url="AM%20153%20fol/48/SECONDARY_DISPLAY" width="2933px" height="4728px"/>
			<graphic mimeType="pdf" url="AM%20153%20fol/48/WEB_DISPLAY"/>
		</surface>
		<surface xml:id="AM02-0153-0023v" n="49">
			<desc>0023v</desc>
			<graphic mimeType="pdf" url="AM%20153%20fol/49/HIGH_QUALITY_DISPLAY"/>
			<graphic mimeType="jpg" url="AM%20153%20fol/49/THUMBNAIL" width="186px" height="300px"/>
			<graphic mimeType="jpg" url="AM%20153%20fol/49/SECONDARY_DISPLAY" width="2933px" height="4728px"/>
			<graphic mimeType="pdf" url="AM%20153%20fol/49/WEB_DISPLAY"/>
		</surface>
		<surface xml:id="AM02-0153-0024r" n="50">
			<desc>0024r</desc>
			<graphic mimeType="pdf" url="AM%20153%20fol/50/HIGH_QUALITY_DISPLAY"/>
			<graphic mimeType="jpg" url="AM%20153%20fol/50/THUMBNAIL" width="186px" height="300px"/>
			<graphic mimeType="jpg" url="AM%20153%20fol/50/SECONDARY_DISPLAY" width="2933px" height="4728px"/>
			<graphic mimeType="pdf" url="AM%20153%20fol/50/WEB_DISPLAY"/>
		</surface>
		<surface xml:id="AM02-0153-0024v" n="51">
			<desc>0024v</desc>
			<graphic mimeType="pdf" url="AM%20153%20fol/51/HIGH_QUALITY_DISPLAY"/>
			<graphic mimeType="jpg" url="AM%20153%20fol/51/THUMBNAIL" width="186px" height="300px"/>
			<graphic mimeType="jpg" url="AM%20153%20fol/51/SECONDARY_DISPLAY" width="2933px" height="4728px"/>
			<graphic mimeType="pdf" url="AM%20153%20fol/51/WEB_DISPLAY"/>
		</surface>
		<surface xml:id="AM02-0153-0025r" n="52">
			<desc>0025r</desc>
			<graphic mimeType="pdf" url="AM%20153%20fol/52/HIGH_QUALITY_DISPLAY"/>
			<graphic mimeType="jpg" url="AM%20153%20fol/52/THUMBNAIL" width="186px" height="300px"/>
			<graphic mimeType="jpg" url="AM%20153%20fol/52/SECONDARY_DISPLAY" width="2933px" height="4728px"/>
			<graphic mimeType="pdf" url="AM%20153%20fol/52/WEB_DISPLAY"/>
		</surface>
		<surface xml:id="AM02-0153-0025v" n="53">
			<desc>0025v</desc>
			<graphic mimeType="pdf" url="AM%20153%20fol/53/HIGH_QUALITY_DISPLAY"/>
			<graphic mimeType="jpg" url="AM%20153%20fol/53/THUMBNAIL" width="186px" height="300px"/>
			<graphic mimeType="jpg" url="AM%20153%20fol/53/SECONDARY_DISPLAY" width="2933px" height="4728px"/>
			<graphic mimeType="pdf" url="AM%20153%20fol/53/WEB_DISPLAY"/>
		</surface>
		<surface xml:id="AM02-0153-0026r" n="54">
			<desc>0026r</desc>
			<graphic mimeType="pdf" url="AM%20153%20fol/54/HIGH_QUALITY_DISPLAY"/>
			<graphic mimeType="jpg" url="AM%20153%20fol/54/THUMBNAIL" width="186px" height="300px"/>
			<graphic mimeType="jpg" url="AM%20153%20fol/54/SECONDARY_DISPLAY" width="2933px" height="4728px"/>
			<graphic mimeType="pdf" url="AM%20153%20fol/54/WEB_DISPLAY"/>
		</surface>
		<surface xml:id="AM02-0153-0026v" n="55">
			<desc>0026v</desc>
			<graphic mimeType="pdf" url="AM%20153%20fol/55/HIGH_QUALITY_DISPLAY"/>
			<graphic mimeType="jpg" url="AM%20153%20fol/55/THUMBNAIL" width="187px" height="300px"/>
			<graphic mimeType="jpg" url="AM%20153%20fol/55/SECONDARY_DISPLAY" width="2981px" height="4776px"/>
			<graphic mimeType="pdf" url="AM%20153%20fol/55/WEB_DISPLAY"/>
		</surface>
		<surface xml:id="AM02-0153-0027r" n="56">
			<desc>0027r</desc>
			<graphic mimeType="pdf" url="AM%20153%20fol/56/HIGH_QUALITY_DISPLAY"/>
			<graphic mimeType="jpg" url="AM%20153%20fol/56/THUMBNAIL" width="187px" height="300px"/>
			<graphic mimeType="jpg" url="AM%20153%20fol/56/SECONDARY_DISPLAY" width="2981px" height="4776px"/>
			<graphic mimeType="pdf" url="AM%20153%20fol/56/WEB_DISPLAY"/>
		</surface>
		<surface xml:id="AM02-0153-0027v" n="57">
			<desc>0027v</desc>
			<graphic mimeType="pdf" url="AM%20153%20fol/57/HIGH_QUALITY_DISPLAY"/>
			<graphic mimeType="jpg" url="AM%20153%20fol/57/THUMBNAIL" width="187px" height="300px"/>
			<graphic mimeType="jpg" url="AM%20153%20fol/57/SECONDARY_DISPLAY" width="2981px" height="4776px"/>
			<graphic mimeType="pdf" url="AM%20153%20fol/57/WEB_DISPLAY"/>
		</surface>
		<surface xml:id="AM02-0153-0028r" n="58">
			<desc>0028r</desc>
			<graphic mimeType="pdf" url="AM%20153%20fol/58/HIGH_QUALITY_DISPLAY"/>
			<graphic mimeType="jpg" url="AM%20153%20fol/58/THUMBNAIL" width="187px" height="300px"/>
			<graphic mimeType="jpg" url="AM%20153%20fol/58/SECONDARY_DISPLAY" width="2981px" height="4776px"/>
			<graphic mimeType="pdf" url="AM%20153%20fol/58/WEB_DISPLAY"/>
		</surface>
		<surface xml:id="AM02-0153-0028v" n="59">
			<desc>0028v</desc>
			<graphic mimeType="pdf" url="AM%20153%20fol/59/HIGH_QUALITY_DISPLAY"/>
			<graphic mimeType="jpg" url="AM%20153%20fol/59/THUMBNAIL" width="187px" height="300px"/>
			<graphic mimeType="jpg" url="AM%20153%20fol/59/SECONDARY_DISPLAY" width="2981px" height="4776px"/>
			<graphic mimeType="pdf" url="AM%20153%20fol/59/WEB_DISPLAY"/>
		</surface>
		<surface xml:id="AM02-0153-0029r" n="60">
			<desc>0029r</desc>
			<graphic mimeType="pdf" url="AM%20153%20fol/60/HIGH_QUALITY_DISPLAY"/>
			<graphic mimeType="jpg" url="AM%20153%20fol/60/THUMBNAIL" width="187px" height="300px"/>
			<graphic mimeType="jpg" url="AM%20153%20fol/60/SECONDARY_DISPLAY" width="2981px" height="4776px"/>
			<graphic mimeType="pdf" url="AM%20153%20fol/60/WEB_DISPLAY"/>
		</surface>
		<surface xml:id="AM02-0153-0029v" n="61">
			<desc>0029v</desc>
			<graphic mimeType="pdf" url="AM%20153%20fol/61/HIGH_QUALITY_DISPLAY"/>
			<graphic mimeType="jpg" url="AM%20153%20fol/61/THUMBNAIL" width="186px" height="300px"/>
			<graphic mimeType="jpg" url="AM%20153%20fol/61/SECONDARY_DISPLAY" width="2957px" height="4776px"/>
			<graphic mimeType="pdf" url="AM%20153%20fol/61/WEB_DISPLAY"/>
		</surface>
		<surface xml:id="AM02-0153-0030r" n="62">
			<desc>0030r</desc>
			<graphic mimeType="pdf" url="AM%20153%20fol/62/HIGH_QUALITY_DISPLAY"/>
			<graphic mimeType="jpg" url="AM%20153%20fol/62/THUMBNAIL" width="186px" height="300px"/>
			<graphic mimeType="jpg" url="AM%20153%20fol/62/SECONDARY_DISPLAY" width="2957px" height="4776px"/>
			<graphic mimeType="pdf" url="AM%20153%20fol/62/WEB_DISPLAY"/>
		</surface>
		<surface xml:id="AM02-0153-0030v" n="63">
			<desc>0030v</desc>
			<graphic mimeType="pdf" url="AM%20153%20fol/63/HIGH_QUALITY_DISPLAY"/>
			<graphic mimeType="jpg" url="AM%20153%20fol/63/THUMBNAIL" width="186px" height="300px"/>
			<graphic mimeType="jpg" url="AM%20153%20fol/63/SECONDARY_DISPLAY" width="2957px" height="4776px"/>
			<graphic mimeType="pdf" url="AM%20153%20fol/63/WEB_DISPLAY"/>
		</surface>
		<surface xml:id="AM02-0153-0031r" n="64">
			<desc>0031r</desc>
			<graphic mimeType="pdf" url="AM%20153%20fol/64/HIGH_QUALITY_DISPLAY"/>
			<graphic mimeType="jpg" url="AM%20153%20fol/64/THUMBNAIL" width="186px" height="300px"/>
			<graphic mimeType="jpg" url="AM%20153%20fol/64/SECONDARY_DISPLAY" width="2957px" height="4776px"/>
			<graphic mimeType="pdf" url="AM%20153%20fol/64/WEB_DISPLAY"/>
		</surface>
		<surface xml:id="AM02-0153-0031v" n="65">
			<desc>0031v</desc>
			<graphic mimeType="pdf" url="AM%20153%20fol/65/HIGH_QUALITY_DISPLAY"/>
			<graphic mimeType="jpg" url="AM%20153%20fol/65/THUMBNAIL" width="186px" height="300px"/>
			<graphic mimeType="jpg" url="AM%20153%20fol/65/SECONDARY_DISPLAY" width="2957px" height="4776px"/>
			<graphic mimeType="pdf" url="AM%20153%20fol/65/WEB_DISPLAY"/>
		</surface>
		<surface xml:id="AM02-0153-0032r" n="66">
			<desc>0032r</desc>
			<graphic mimeType="pdf" url="AM%20153%20fol/66/HIGH_QUALITY_DISPLAY"/>
			<graphic mimeType="jpg" url="AM%20153%20fol/66/THUMBNAIL" width="186px" height="300px"/>
			<graphic mimeType="jpg" url="AM%20153%20fol/66/SECONDARY_DISPLAY" width="2957px" height="4776px"/>
			<graphic mimeType="pdf" url="AM%20153%20fol/66/WEB_DISPLAY"/>
		</surface>
		<surface xml:id="AM02-0153-0032v" n="67">
			<desc>0032v</desc>
			<graphic mimeType="pdf" url="AM%20153%20fol/67/HIGH_QUALITY_DISPLAY"/>
			<graphic mimeType="jpg" url="AM%20153%20fol/67/THUMBNAIL" width="186px" height="300px"/>
			<graphic mimeType="jpg" url="AM%20153%20fol/67/SECONDARY_DISPLAY" width="2957px" height="4776px"/>
			<graphic mimeType="pdf" url="AM%20153%20fol/67/WEB_DISPLAY"/>
		</surface>
		<surface xml:id="AM02-0153-0033r" n="68">
			<desc>0033r</desc>
			<graphic mimeType="pdf" url="AM%20153%20fol/68/HIGH_QUALITY_DISPLAY"/>
			<graphic mimeType="jpg" url="AM%20153%20fol/68/THUMBNAIL" width="186px" height="300px"/>
			<graphic mimeType="jpg" url="AM%20153%20fol/68/SECONDARY_DISPLAY" width="2957px" height="4776px"/>
			<graphic mimeType="pdf" url="AM%20153%20fol/68/WEB_DISPLAY"/>
		</surface>
		<surface xml:id="AM02-0153-0033v" n="69">
			<desc>0033v</desc>
			<graphic mimeType="pdf" url="AM%20153%20fol/69/HIGH_QUALITY_DISPLAY"/>
			<graphic mimeType="jpg" url="AM%20153%20fol/69/THUMBNAIL" width="186px" height="300px"/>
			<graphic mimeType="jpg" url="AM%20153%20fol/69/SECONDARY_DISPLAY" width="2957px" height="4776px"/>
			<graphic mimeType="pdf" url="AM%20153%20fol/69/WEB_DISPLAY"/>
		</surface>
		<surface xml:id="AM02-0153-0034r" n="70">
			<desc>0034r</desc>
			<graphic mimeType="pdf" url="AM%20153%20fol/70/HIGH_QUALITY_DISPLAY"/>
			<graphic mimeType="jpg" url="AM%20153%20fol/70/THUMBNAIL" width="186px" height="300px"/>
			<graphic mimeType="jpg" url="AM%20153%20fol/70/SECONDARY_DISPLAY" width="2957px" height="4776px"/>
			<graphic mimeType="pdf" url="AM%20153%20fol/70/WEB_DISPLAY"/>
		</surface>
		<surface xml:id="AM02-0153-0034v" n="71">
			<desc>0034v</desc>
			<graphic mimeType="pdf" url="AM%20153%20fol/71/HIGH_QUALITY_DISPLAY"/>
			<graphic mimeType="jpg" url="AM%20153%20fol/71/THUMBNAIL" width="186px" height="300px"/>
			<graphic mimeType="jpg" url="AM%20153%20fol/71/SECONDARY_DISPLAY" width="2957px" height="4776px"/>
			<graphic mimeType="pdf" url="AM%20153%20fol/71/WEB_DISPLAY"/>
		</surface>
		<surface xml:id="AM02-0153-0035r" n="72">
			<desc>0035r</desc>
			<graphic mimeType="pdf" url="AM%20153%20fol/72/HIGH_QUALITY_DISPLAY"/>
			<graphic mimeType="jpg" url="AM%20153%20fol/72/THUMBNAIL" width="186px" height="300px"/>
			<graphic mimeType="jpg" url="AM%20153%20fol/72/SECONDARY_DISPLAY" width="2957px" height="4776px"/>
			<graphic mimeType="pdf" url="AM%20153%20fol/72/WEB_DISPLAY"/>
		</surface>
		<surface xml:id="AM02-0153-0035v" n="73">
			<desc>0035v</desc>
			<graphic mimeType="pdf" url="AM%20153%20fol/73/HIGH_QUALITY_DISPLAY"/>
			<graphic mimeType="jpg" url="AM%20153%20fol/73/THUMBNAIL" width="186px" height="300px"/>
			<graphic mimeType="jpg" url="AM%20153%20fol/73/SECONDARY_DISPLAY" width="2957px" height="4776px"/>
			<graphic mimeType="pdf" url="AM%20153%20fol/73/WEB_DISPLAY"/>
		</surface>
		<surface xml:id="AM02-0153-0036r" n="74">
			<desc>0036r</desc>
			<graphic mimeType="pdf" url="AM%20153%20fol/74/HIGH_QUALITY_DISPLAY"/>
			<graphic mimeType="jpg" url="AM%20153%20fol/74/THUMBNAIL" width="186px" height="300px"/>
			<graphic mimeType="jpg" url="AM%20153%20fol/74/SECONDARY_DISPLAY" width="2957px" height="4776px"/>
			<graphic mimeType="pdf" url="AM%20153%20fol/74/WEB_DISPLAY"/>
		</surface>
		<surface xml:id="AM02-0153-0036v" n="75">
			<desc>0036v</desc>
			<graphic mimeType="pdf" url="AM%20153%20fol/75/HIGH_QUALITY_DISPLAY"/>
			<graphic mimeType="jpg" url="AM%20153%20fol/75/THUMBNAIL" width="186px" height="300px"/>
			<graphic mimeType="jpg" url="AM%20153%20fol/75/SECONDARY_DISPLAY" width="2957px" height="4776px"/>
			<graphic mimeType="pdf" url="AM%20153%20fol/75/WEB_DISPLAY"/>
		</surface>
		<surface xml:id="AM02-0153-0037r" n="76">
			<desc>0037r</desc>
			<graphic mimeType="pdf" url="AM%20153%20fol/76/HIGH_QUALITY_DISPLAY"/>
			<graphic mimeType="jpg" url="AM%20153%20fol/76/THUMBNAIL" width="186px" height="300px"/>
			<graphic mimeType="jpg" url="AM%20153%20fol/76/SECONDARY_DISPLAY" width="2957px" height="4776px"/>
			<graphic mimeType="pdf" url="AM%20153%20fol/76/WEB_DISPLAY"/>
		</surface>
		<surface xml:id="AM02-0153-0037v" n="77">
			<desc>0037v</desc>
			<graphic mimeType="pdf" url="AM%20153%20fol/77/HIGH_QUALITY_DISPLAY"/>
			<graphic mimeType="jpg" url="AM%20153%20fol/77/THUMBNAIL" width="186px" height="300px"/>
			<graphic mimeType="jpg" url="AM%20153%20fol/77/SECONDARY_DISPLAY" width="2957px" height="4776px"/>
			<graphic mimeType="pdf" url="AM%20153%20fol/77/WEB_DISPLAY"/>
		</surface>
		<surface xml:id="AM02-0153-0038r" n="78">
			<desc>0038r</desc>
			<graphic mimeType="pdf" url="AM%20153%20fol/78/HIGH_QUALITY_DISPLAY"/>
			<graphic mimeType="jpg" url="AM%20153%20fol/78/THUMBNAIL" width="186px" height="300px"/>
			<graphic mimeType="jpg" url="AM%20153%20fol/78/SECONDARY_DISPLAY" width="2957px" height="4776px"/>
			<graphic mimeType="pdf" url="AM%20153%20fol/78/WEB_DISPLAY"/>
		</surface>
		<surface xml:id="AM02-0153-0038v" n="79">
			<desc>0038v</desc>
			<graphic mimeType="pdf" url="AM%20153%20fol/79/HIGH_QUALITY_DISPLAY"/>
			<graphic mimeType="jpg" url="AM%20153%20fol/79/THUMBNAIL" width="186px" height="300px"/>
			<graphic mimeType="jpg" url="AM%20153%20fol/79/SECONDARY_DISPLAY" width="2957px" height="4776px"/>
			<graphic mimeType="pdf" url="AM%20153%20fol/79/WEB_DISPLAY"/>
		</surface>
		<surface xml:id="AM02-0153-0039r" n="80">
			<desc>0039r</desc>
			<graphic mimeType="pdf" url="AM%20153%20fol/80/HIGH_QUALITY_DISPLAY"/>
			<graphic mimeType="jpg" url="AM%20153%20fol/80/THUMBNAIL" width="186px" height="300px"/>
			<graphic mimeType="jpg" url="AM%20153%20fol/80/SECONDARY_DISPLAY" width="2957px" height="4776px"/>
			<graphic mimeType="pdf" url="AM%20153%20fol/80/WEB_DISPLAY"/>
		</surface>
		<surface xml:id="AM02-0153-0039v" n="81">
			<desc>0039v</desc>
			<graphic mimeType="pdf" url="AM%20153%20fol/81/HIGH_QUALITY_DISPLAY"/>
			<graphic mimeType="jpg" url="AM%20153%20fol/81/THUMBNAIL" width="186px" height="300px"/>
			<graphic mimeType="jpg" url="AM%20153%20fol/81/SECONDARY_DISPLAY" width="2957px" height="4776px"/>
			<graphic mimeType="pdf" url="AM%20153%20fol/81/WEB_DISPLAY"/>
		</surface>
		<surface xml:id="AM02-0153-0040r" n="82">
			<desc>0040r</desc>
			<graphic mimeType="pdf" url="AM%20153%20fol/82/HIGH_QUALITY_DISPLAY"/>
			<graphic mimeType="jpg" url="AM%20153%20fol/82/THUMBNAIL" width="186px" height="300px"/>
			<graphic mimeType="jpg" url="AM%20153%20fol/82/SECONDARY_DISPLAY" width="2957px" height="4776px"/>
			<graphic mimeType="pdf" url="AM%20153%20fol/82/WEB_DISPLAY"/>
		</surface>
		<surface xml:id="AM02-0153-0040v" n="83">
			<desc>0040v</desc>
			<graphic mimeType="pdf" url="AM%20153%20fol/83/HIGH_QUALITY_DISPLAY"/>
			<graphic mimeType="jpg" url="AM%20153%20fol/83/THUMBNAIL" width="187px" height="300px"/>
			<graphic mimeType="jpg" url="AM%20153%20fol/83/SECONDARY_DISPLAY" width="2957px" height="4740px"/>
			<graphic mimeType="pdf" url="AM%20153%20fol/83/WEB_DISPLAY"/>
		</surface>
		<surface xml:id="AM02-0153-0041r" n="84">
			<desc>0041r</desc>
			<graphic mimeType="pdf" url="AM%20153%20fol/84/HIGH_QUALITY_DISPLAY"/>
			<graphic mimeType="jpg" url="AM%20153%20fol/84/THUMBNAIL" width="187px" height="300px"/>
			<graphic mimeType="jpg" url="AM%20153%20fol/84/SECONDARY_DISPLAY" width="2957px" height="4740px"/>
			<graphic mimeType="pdf" url="AM%20153%20fol/84/WEB_DISPLAY"/>
		</surface>
		<surface xml:id="AM02-0153-0041v" n="85">
			<desc>0041v</desc>
			<graphic mimeType="pdf" url="AM%20153%20fol/85/HIGH_QUALITY_DISPLAY"/>
			<graphic mimeType="jpg" url="AM%20153%20fol/85/THUMBNAIL" width="187px" height="300px"/>
			<graphic mimeType="jpg" url="AM%20153%20fol/85/SECONDARY_DISPLAY" width="2957px" height="4740px"/>
			<graphic mimeType="pdf" url="AM%20153%20fol/85/WEB_DISPLAY"/>
		</surface>
		<surface xml:id="AM02-0153-0042r" n="86">
			<desc>0042r</desc>
			<graphic mimeType="pdf" url="AM%20153%20fol/86/HIGH_QUALITY_DISPLAY"/>
			<graphic mimeType="jpg" url="AM%20153%20fol/86/THUMBNAIL" width="187px" height="300px"/>
			<graphic mimeType="jpg" url="AM%20153%20fol/86/SECONDARY_DISPLAY" width="2957px" height="4740px"/>
			<graphic mimeType="pdf" url="AM%20153%20fol/86/WEB_DISPLAY"/>
		</surface>
		<surface xml:id="AM02-0153-0042v" n="87">
			<desc>0042v</desc>
			<graphic mimeType="pdf" url="AM%20153%20fol/87/HIGH_QUALITY_DISPLAY"/>
			<graphic mimeType="jpg" url="AM%20153%20fol/87/THUMBNAIL" width="187px" height="300px"/>
			<graphic mimeType="jpg" url="AM%20153%20fol/87/SECONDARY_DISPLAY" width="2957px" height="4740px"/>
			<graphic mimeType="pdf" url="AM%20153%20fol/87/WEB_DISPLAY"/>
		</surface>
		<surface xml:id="AM02-0153-0043r" n="88">
			<desc>0043r</desc>
			<graphic mimeType="pdf" url="AM%20153%20fol/88/HIGH_QUALITY_DISPLAY"/>
			<graphic mimeType="jpg" url="AM%20153%20fol/88/THUMBNAIL" width="187px" height="300px"/>
			<graphic mimeType="jpg" url="AM%20153%20fol/88/SECONDARY_DISPLAY" width="2957px" height="4740px"/>
			<graphic mimeType="pdf" url="AM%20153%20fol/88/WEB_DISPLAY"/>
		</surface>
		<surface xml:id="AM02-0153-0043v" n="89">
			<desc>0043v</desc>
			<graphic mimeType="pdf" url="AM%20153%20fol/89/HIGH_QUALITY_DISPLAY"/>
			<graphic mimeType="jpg" url="AM%20153%20fol/89/THUMBNAIL" width="188px" height="300px"/>
			<graphic mimeType="jpg" url="AM%20153%20fol/89/SECONDARY_DISPLAY" width="2969px" height="4740px"/>
			<graphic mimeType="pdf" url="AM%20153%20fol/89/WEB_DISPLAY"/>
		</surface>
		<surface xml:id="AM02-0153-0044r" n="90">
			<desc>0044r</desc>
			<graphic mimeType="pdf" url="AM%20153%20fol/90/HIGH_QUALITY_DISPLAY"/>
			<graphic mimeType="jpg" url="AM%20153%20fol/90/THUMBNAIL" width="188px" height="300px"/>
			<graphic mimeType="jpg" url="AM%20153%20fol/90/SECONDARY_DISPLAY" width="2969px" height="4740px"/>
			<graphic mimeType="pdf" url="AM%20153%20fol/90/WEB_DISPLAY"/>
		</surface>
		<surface xml:id="AM02-0153-0044v" n="91">
			<desc>0044v</desc>
			<graphic mimeType="pdf" url="AM%20153%20fol/91/HIGH_QUALITY_DISPLAY"/>
			<graphic mimeType="jpg" url="AM%20153%20fol/91/THUMBNAIL" width="189px" height="300px"/>
			<graphic mimeType="jpg" url="AM%20153%20fol/91/SECONDARY_DISPLAY" width="2987px" height="4740px"/>
			<graphic mimeType="pdf" url="AM%20153%20fol/91/WEB_DISPLAY"/>
		</surface>
		<surface xml:id="AM02-0153-0045r" n="92">
			<desc>0045r</desc>
			<graphic mimeType="pdf" url="AM%20153%20fol/92/HIGH_QUALITY_DISPLAY"/>
			<graphic mimeType="jpg" url="AM%20153%20fol/92/THUMBNAIL" width="189px" height="300px"/>
			<graphic mimeType="jpg" url="AM%20153%20fol/92/SECONDARY_DISPLAY" width="2987px" height="4740px"/>
			<graphic mimeType="pdf" url="AM%20153%20fol/92/WEB_DISPLAY"/>
		</surface>
		<surface xml:id="AM02-0153-0045v" n="93">
			<desc>0045v</desc>
			<graphic mimeType="pdf" url="AM%20153%20fol/93/HIGH_QUALITY_DISPLAY"/>
			<graphic mimeType="jpg" url="AM%20153%20fol/93/THUMBNAIL" width="189px" height="300px"/>
			<graphic mimeType="jpg" url="AM%20153%20fol/93/SECONDARY_DISPLAY" width="2981px" height="4740px"/>
			<graphic mimeType="pdf" url="AM%20153%20fol/93/WEB_DISPLAY"/>
		</surface>
		<surface xml:id="AM02-0153-0046r" n="94">
			<desc>0046r</desc>
			<graphic mimeType="pdf" url="AM%20153%20fol/94/HIGH_QUALITY_DISPLAY"/>
			<graphic mimeType="jpg" url="AM%20153%20fol/94/THUMBNAIL" width="189px" height="300px"/>
			<graphic mimeType="jpg" url="AM%20153%20fol/94/SECONDARY_DISPLAY" width="2981px" height="4740px"/>
			<graphic mimeType="pdf" url="AM%20153%20fol/94/WEB_DISPLAY"/>
		</surface>
		<surface xml:id="AM02-0153-0046v" n="95">
			<desc>0046v</desc>
			<graphic mimeType="pdf" url="AM%20153%20fol/95/HIGH_QUALITY_DISPLAY"/>
			<graphic mimeType="jpg" url="AM%20153%20fol/95/THUMBNAIL" width="189px" height="300px"/>
			<graphic mimeType="jpg" url="AM%20153%20fol/95/SECONDARY_DISPLAY" width="2981px" height="4740px"/>
			<graphic mimeType="pdf" url="AM%20153%20fol/95/WEB_DISPLAY"/>
		</surface>
		<surface xml:id="AM02-0153-0047r" n="96">
			<desc>0047r</desc>
			<graphic mimeType="pdf" url="AM%20153%20fol/96/HIGH_QUALITY_DISPLAY"/>
			<graphic mimeType="jpg" url="AM%20153%20fol/96/THUMBNAIL" width="189px" height="300px"/>
			<graphic mimeType="jpg" url="AM%20153%20fol/96/SECONDARY_DISPLAY" width="2981px" height="4740px"/>
			<graphic mimeType="pdf" url="AM%20153%20fol/96/WEB_DISPLAY"/>
		</surface>
		<surface xml:id="AM02-0153-0047v" n="97">
			<desc>0047v</desc>
			<graphic mimeType="pdf" url="AM%20153%20fol/97/HIGH_QUALITY_DISPLAY"/>
			<graphic mimeType="jpg" url="AM%20153%20fol/97/THUMBNAIL" width="189px" height="300px"/>
			<graphic mimeType="jpg" url="AM%20153%20fol/97/SECONDARY_DISPLAY" width="2987px" height="4740px"/>
			<graphic mimeType="pdf" url="AM%20153%20fol/97/WEB_DISPLAY"/>
		</surface>
		<surface xml:id="AM02-0153-0048r" n="98">
			<desc>0048r</desc>
			<graphic mimeType="pdf" url="AM%20153%20fol/98/HIGH_QUALITY_DISPLAY"/>
			<graphic mimeType="jpg" url="AM%20153%20fol/98/THUMBNAIL" width="189px" height="300px"/>
			<graphic mimeType="jpg" url="AM%20153%20fol/98/SECONDARY_DISPLAY" width="2987px" height="4740px"/>
			<graphic mimeType="pdf" url="AM%20153%20fol/98/WEB_DISPLAY"/>
		</surface>
		<surface xml:id="AM02-0153-0048v" n="99">
			<desc>0048v</desc>
			<graphic mimeType="pdf" url="AM%20153%20fol/99/HIGH_QUALITY_DISPLAY"/>
			<graphic mimeType="jpg" url="AM%20153%20fol/99/THUMBNAIL" width="189px" height="300px"/>
			<graphic mimeType="jpg" url="AM%20153%20fol/99/SECONDARY_DISPLAY" width="2987px" height="4740px"/>
			<graphic mimeType="pdf" url="AM%20153%20fol/99/WEB_DISPLAY"/>
		</surface>
		<surface xml:id="AM02-0153-0049r" n="100">
			<desc>0049r</desc>
			<graphic mimeType="pdf" url="AM%20153%20fol/100/HIGH_QUALITY_DISPLAY"/>
			<graphic mimeType="jpg" url="AM%20153%20fol/100/THUMBNAIL" width="189px" height="300px"/>
			<graphic mimeType="jpg" url="AM%20153%20fol/100/SECONDARY_DISPLAY" width="2987px" height="4740px"/>
			<graphic mimeType="pdf" url="AM%20153%20fol/100/WEB_DISPLAY"/>
		</surface>
		<surface xml:id="AM02-0153-0049v" n="101">
			<desc>0049v</desc>
			<graphic mimeType="pdf" url="AM%20153%20fol/101/HIGH_QUALITY_DISPLAY"/>
			<graphic mimeType="jpg" url="AM%20153%20fol/101/THUMBNAIL" width="189px" height="300px"/>
			<graphic mimeType="jpg" url="AM%20153%20fol/101/SECONDARY_DISPLAY" width="2987px" height="4740px"/>
			<graphic mimeType="pdf" url="AM%20153%20fol/101/WEB_DISPLAY"/>
		</surface>
		<surface xml:id="AM02-0153-0050r" n="102">
			<desc>0050r</desc>
			<graphic mimeType="pdf" url="AM%20153%20fol/102/HIGH_QUALITY_DISPLAY"/>
			<graphic mimeType="jpg" url="AM%20153%20fol/102/THUMBNAIL" width="189px" height="300px"/>
			<graphic mimeType="jpg" url="AM%20153%20fol/102/SECONDARY_DISPLAY" width="2987px" height="4740px"/>
			<graphic mimeType="pdf" url="AM%20153%20fol/102/WEB_DISPLAY"/>
		</surface>
		<surface xml:id="AM02-0153-0050v" n="103">
			<desc>0050v</desc>
			<graphic mimeType="pdf" url="AM%20153%20fol/103/HIGH_QUALITY_DISPLAY"/>
			<graphic mimeType="jpg" url="AM%20153%20fol/103/THUMBNAIL" width="189px" height="300px"/>
			<graphic mimeType="jpg" url="AM%20153%20fol/103/SECONDARY_DISPLAY" width="2987px" height="4740px"/>
			<graphic mimeType="pdf" url="AM%20153%20fol/103/WEB_DISPLAY"/>
		</surface>
		<surface xml:id="AM02-0153-0051r" n="104">
			<desc>0051r</desc>
			<graphic mimeType="pdf" url="AM%20153%20fol/104/HIGH_QUALITY_DISPLAY"/>
			<graphic mimeType="jpg" url="AM%20153%20fol/104/THUMBNAIL" width="189px" height="300px"/>
			<graphic mimeType="jpg" url="AM%20153%20fol/104/SECONDARY_DISPLAY" width="2987px" height="4740px"/>
			<graphic mimeType="pdf" url="AM%20153%20fol/104/WEB_DISPLAY"/>
		</surface>
		<surface xml:id="AM02-0153-0051v" n="105">
			<desc>0051v</desc>
			<graphic mimeType="pdf" url="AM%20153%20fol/105/HIGH_QUALITY_DISPLAY"/>
			<graphic mimeType="jpg" url="AM%20153%20fol/105/THUMBNAIL" width="190px" height="300px"/>
			<graphic mimeType="jpg" url="AM%20153%20fol/105/SECONDARY_DISPLAY" width="2999px" height="4740px"/>
			<graphic mimeType="pdf" url="AM%20153%20fol/105/WEB_DISPLAY"/>
		</surface>
		<surface xml:id="AM02-0153-0052r" n="106">
			<desc>0052r</desc>
			<graphic mimeType="pdf" url="AM%20153%20fol/106/HIGH_QUALITY_DISPLAY"/>
			<graphic mimeType="jpg" url="AM%20153%20fol/106/THUMBNAIL" width="190px" height="300px"/>
			<graphic mimeType="jpg" url="AM%20153%20fol/106/SECONDARY_DISPLAY" width="2999px" height="4740px"/>
			<graphic mimeType="pdf" url="AM%20153%20fol/106/WEB_DISPLAY"/>
		</surface>
		<surface xml:id="AM02-0153-0052v" n="107">
			<desc>0052v</desc>
			<graphic mimeType="pdf" url="AM%20153%20fol/107/HIGH_QUALITY_DISPLAY"/>
			<graphic mimeType="jpg" url="AM%20153%20fol/107/THUMBNAIL" width="190px" height="300px"/>
			<graphic mimeType="jpg" url="AM%20153%20fol/107/SECONDARY_DISPLAY" width="2999px" height="4740px"/>
			<graphic mimeType="pdf" url="AM%20153%20fol/107/WEB_DISPLAY"/>
		</surface>
		<surface xml:id="AM02-0153-0053r" n="108">
			<desc>0053r</desc>
			<graphic mimeType="pdf" url="AM%20153%20fol/108/HIGH_QUALITY_DISPLAY"/>
			<graphic mimeType="jpg" url="AM%20153%20fol/108/THUMBNAIL" width="190px" height="300px"/>
			<graphic mimeType="jpg" url="AM%20153%20fol/108/SECONDARY_DISPLAY" width="2999px" height="4740px"/>
			<graphic mimeType="pdf" url="AM%20153%20fol/108/WEB_DISPLAY"/>
		</surface>
		<surface xml:id="AM02-0153-0053v" n="109">
			<desc>0053v</desc>
			<graphic mimeType="pdf" url="AM%20153%20fol/109/HIGH_QUALITY_DISPLAY"/>
			<graphic mimeType="jpg" url="AM%20153%20fol/109/THUMBNAIL" width="190px" height="300px"/>
			<graphic mimeType="jpg" url="AM%20153%20fol/109/SECONDARY_DISPLAY" width="2999px" height="4740px"/>
			<graphic mimeType="pdf" url="AM%20153%20fol/109/WEB_DISPLAY"/>
		</surface>
		<surface xml:id="AM02-0153-0054r" n="110">
			<desc>0054r</desc>
			<graphic mimeType="pdf" url="AM%20153%20fol/110/HIGH_QUALITY_DISPLAY"/>
			<graphic mimeType="jpg" url="AM%20153%20fol/110/THUMBNAIL" width="190px" height="300px"/>
			<graphic mimeType="jpg" url="AM%20153%20fol/110/SECONDARY_DISPLAY" width="2999px" height="4740px"/>
			<graphic mimeType="pdf" url="AM%20153%20fol/110/WEB_DISPLAY"/>
		</surface>
		<surface xml:id="AM02-0153-0054v" n="111">
			<desc>0054v</desc>
			<graphic mimeType="pdf" url="AM%20153%20fol/111/HIGH_QUALITY_DISPLAY"/>
			<graphic mimeType="jpg" url="AM%20153%20fol/111/THUMBNAIL" width="190px" height="300px"/>
			<graphic mimeType="jpg" url="AM%20153%20fol/111/SECONDARY_DISPLAY" width="2999px" height="4740px"/>
			<graphic mimeType="pdf" url="AM%20153%20fol/111/WEB_DISPLAY"/>
		</surface>
		<surface xml:id="AM02-0153-0055r" n="112">
			<desc>0055r</desc>
			<graphic mimeType="pdf" url="AM%20153%20fol/112/HIGH_QUALITY_DISPLAY"/>
			<graphic mimeType="jpg" url="AM%20153%20fol/112/THUMBNAIL" width="190px" height="300px"/>
			<graphic mimeType="jpg" url="AM%20153%20fol/112/SECONDARY_DISPLAY" width="2999px" height="4740px"/>
			<graphic mimeType="pdf" url="AM%20153%20fol/112/WEB_DISPLAY"/>
		</surface>
		<surface xml:id="AM02-0153-0055v" n="113">
			<desc>0055v</desc>
			<graphic mimeType="pdf" url="AM%20153%20fol/113/HIGH_QUALITY_DISPLAY"/>
			<graphic mimeType="jpg" url="AM%20153%20fol/113/THUMBNAIL" width="190px" height="300px"/>
			<graphic mimeType="jpg" url="AM%20153%20fol/113/SECONDARY_DISPLAY" width="2999px" height="4740px"/>
			<graphic mimeType="pdf" url="AM%20153%20fol/113/WEB_DISPLAY"/>
		</surface>
		<surface xml:id="AM02-0153-0056r" n="114">
			<desc>0056r</desc>
			<graphic mimeType="pdf" url="AM%20153%20fol/114/HIGH_QUALITY_DISPLAY"/>
			<graphic mimeType="jpg" url="AM%20153%20fol/114/THUMBNAIL" width="190px" height="300px"/>
			<graphic mimeType="jpg" url="AM%20153%20fol/114/SECONDARY_DISPLAY" width="2999px" height="4740px"/>
			<graphic mimeType="pdf" url="AM%20153%20fol/114/WEB_DISPLAY"/>
		</surface>
		<surface xml:id="AM02-0153-0056v" n="115">
			<desc>0056v</desc>
			<graphic mimeType="pdf" url="AM%20153%20fol/115/HIGH_QUALITY_DISPLAY"/>
			<graphic mimeType="jpg" url="AM%20153%20fol/115/THUMBNAIL" width="190px" height="300px"/>
			<graphic mimeType="jpg" url="AM%20153%20fol/115/SECONDARY_DISPLAY" width="2999px" height="4740px"/>
			<graphic mimeType="pdf" url="AM%20153%20fol/115/WEB_DISPLAY"/>
		</surface>
		<surface xml:id="AM02-0153-0057r" n="116">
			<desc>0057r</desc>
			<graphic mimeType="pdf" url="AM%20153%20fol/116/HIGH_QUALITY_DISPLAY"/>
			<graphic mimeType="jpg" url="AM%20153%20fol/116/THUMBNAIL" width="190px" height="300px"/>
			<graphic mimeType="jpg" url="AM%20153%20fol/116/SECONDARY_DISPLAY" width="2999px" height="4740px"/>
			<graphic mimeType="pdf" url="AM%20153%20fol/116/WEB_DISPLAY"/>
		</surface>
		<surface xml:id="AM02-0153-0057v" n="117">
			<desc>0057v</desc>
			<graphic mimeType="pdf" url="AM%20153%20fol/117/HIGH_QUALITY_DISPLAY"/>
			<graphic mimeType="jpg" url="AM%20153%20fol/117/THUMBNAIL" width="190px" height="300px"/>
			<graphic mimeType="jpg" url="AM%20153%20fol/117/SECONDARY_DISPLAY" width="2999px" height="4740px"/>
			<graphic mimeType="pdf" url="AM%20153%20fol/117/WEB_DISPLAY"/>
		</surface>
		<surface xml:id="AM02-0153-0058r" n="118">
			<desc>0058r</desc>
			<graphic mimeType="pdf" url="AM%20153%20fol/118/HIGH_QUALITY_DISPLAY"/>
			<graphic mimeType="jpg" url="AM%20153%20fol/118/THUMBNAIL" width="190px" height="300px"/>
			<graphic mimeType="jpg" url="AM%20153%20fol/118/SECONDARY_DISPLAY" width="2999px" height="4740px"/>
			<graphic mimeType="pdf" url="AM%20153%20fol/118/WEB_DISPLAY"/>
		</surface>
		<surface xml:id="AM02-0153-0058v" n="119">
			<desc>0058v</desc>
			<graphic mimeType="pdf" url="AM%20153%20fol/119/HIGH_QUALITY_DISPLAY"/>
			<graphic mimeType="jpg" url="AM%20153%20fol/119/THUMBNAIL" width="190px" height="300px"/>
			<graphic mimeType="jpg" url="AM%20153%20fol/119/SECONDARY_DISPLAY" width="2999px" height="4740px"/>
			<graphic mimeType="pdf" url="AM%20153%20fol/119/WEB_DISPLAY"/>
		</surface>
		<surface xml:id="AM02-0153-0059r" n="120">
			<desc>0059r</desc>
			<graphic mimeType="pdf" url="AM%20153%20fol/120/HIGH_QUALITY_DISPLAY"/>
			<graphic mimeType="jpg" url="AM%20153%20fol/120/THUMBNAIL" width="190px" height="300px"/>
			<graphic mimeType="jpg" url="AM%20153%20fol/120/SECONDARY_DISPLAY" width="2999px" height="4740px"/>
			<graphic mimeType="pdf" url="AM%20153%20fol/120/WEB_DISPLAY"/>
		</surface>
		<surface xml:id="AM02-0153-0059v" n="121">
			<desc>0059v</desc>
			<graphic mimeType="pdf" url="AM%20153%20fol/121/HIGH_QUALITY_DISPLAY"/>
			<graphic mimeType="jpg" url="AM%20153%20fol/121/THUMBNAIL" width="190px" height="300px"/>
			<graphic mimeType="jpg" url="AM%20153%20fol/121/SECONDARY_DISPLAY" width="2999px" height="4740px"/>
			<graphic mimeType="pdf" url="AM%20153%20fol/121/WEB_DISPLAY"/>
		</surface>
		<surface xml:id="AM02-0153-0060r" n="122">
			<desc>0060r</desc>
			<graphic mimeType="pdf" url="AM%20153%20fol/122/HIGH_QUALITY_DISPLAY"/>
			<graphic mimeType="jpg" url="AM%20153%20fol/122/THUMBNAIL" width="190px" height="300px"/>
			<graphic mimeType="jpg" url="AM%20153%20fol/122/SECONDARY_DISPLAY" width="2999px" height="4740px"/>
			<graphic mimeType="pdf" url="AM%20153%20fol/122/WEB_DISPLAY"/>
		</surface>
		<surface xml:id="AM02-0153-0060v" n="123">
			<desc>0060v</desc>
			<graphic mimeType="pdf" url="AM%20153%20fol/123/HIGH_QUALITY_DISPLAY"/>
			<graphic mimeType="jpg" url="AM%20153%20fol/123/THUMBNAIL" width="190px" height="300px"/>
			<graphic mimeType="jpg" url="AM%20153%20fol/123/SECONDARY_DISPLAY" width="2999px" height="4740px"/>
			<graphic mimeType="pdf" url="AM%20153%20fol/123/WEB_DISPLAY"/>
		</surface>
		<surface xml:id="AM02-0153-0061r" n="124">
			<desc>0061r</desc>
			<graphic mimeType="pdf" url="AM%20153%20fol/124/HIGH_QUALITY_DISPLAY"/>
			<graphic mimeType="jpg" url="AM%20153%20fol/124/THUMBNAIL" width="190px" height="300px"/>
			<graphic mimeType="jpg" url="AM%20153%20fol/124/SECONDARY_DISPLAY" width="2999px" height="4740px"/>
			<graphic mimeType="pdf" url="AM%20153%20fol/124/WEB_DISPLAY"/>
		</surface>
		<surface xml:id="AM02-0153-0061v" n="125">
			<desc>0061v</desc>
			<graphic mimeType="pdf" url="AM%20153%20fol/125/HIGH_QUALITY_DISPLAY"/>
			<graphic mimeType="jpg" url="AM%20153%20fol/125/THUMBNAIL" width="190px" height="300px"/>
			<graphic mimeType="jpg" url="AM%20153%20fol/125/SECONDARY_DISPLAY" width="3005px" height="4740px"/>
			<graphic mimeType="pdf" url="AM%20153%20fol/125/WEB_DISPLAY"/>
		</surface>
		<surface xml:id="AM02-0153-0062r" n="126">
			<desc>0062r</desc>
			<graphic mimeType="pdf" url="AM%20153%20fol/126/HIGH_QUALITY_DISPLAY"/>
			<graphic mimeType="jpg" url="AM%20153%20fol/126/THUMBNAIL" width="190px" height="300px"/>
			<graphic mimeType="jpg" url="AM%20153%20fol/126/SECONDARY_DISPLAY" width="3005px" height="4740px"/>
			<graphic mimeType="pdf" url="AM%20153%20fol/126/WEB_DISPLAY"/>
		</surface>
		<surface xml:id="AM02-0153-0062v" n="127">
			<desc>0062v</desc>
			<graphic mimeType="pdf" url="AM%20153%20fol/127/HIGH_QUALITY_DISPLAY"/>
			<graphic mimeType="jpg" url="AM%20153%20fol/127/THUMBNAIL" width="190px" height="300px"/>
			<graphic mimeType="jpg" url="AM%20153%20fol/127/SECONDARY_DISPLAY" width="3005px" height="4740px"/>
			<graphic mimeType="pdf" url="AM%20153%20fol/127/WEB_DISPLAY"/>
		</surface>
		<surface xml:id="AM02-0153-0063r" n="128">
			<desc>0063r</desc>
			<graphic mimeType="pdf" url="AM%20153%20fol/128/HIGH_QUALITY_DISPLAY"/>
			<graphic mimeType="jpg" url="AM%20153%20fol/128/THUMBNAIL" width="190px" height="300px"/>
			<graphic mimeType="jpg" url="AM%20153%20fol/128/SECONDARY_DISPLAY" width="3005px" height="4740px"/>
			<graphic mimeType="pdf" url="AM%20153%20fol/128/WEB_DISPLAY"/>
		</surface>
		<surface xml:id="AM02-0153-0063v" n="129">
			<desc>0063v</desc>
			<graphic mimeType="pdf" url="AM%20153%20fol/129/HIGH_QUALITY_DISPLAY"/>
			<graphic mimeType="jpg" url="AM%20153%20fol/129/THUMBNAIL" width="189px" height="300px"/>
			<graphic mimeType="jpg" url="AM%20153%20fol/129/SECONDARY_DISPLAY" width="3005px" height="4776px"/>
			<graphic mimeType="pdf" url="AM%20153%20fol/129/WEB_DISPLAY"/>
		</surface>
		<surface xml:id="AM02-0153-0064r" n="130">
			<desc>0064r</desc>
			<graphic mimeType="pdf" url="AM%20153%20fol/130/HIGH_QUALITY_DISPLAY"/>
			<graphic mimeType="jpg" url="AM%20153%20fol/130/THUMBNAIL" width="189px" height="300px"/>
			<graphic mimeType="jpg" url="AM%20153%20fol/130/SECONDARY_DISPLAY" width="3005px" height="4776px"/>
			<graphic mimeType="pdf" url="AM%20153%20fol/130/WEB_DISPLAY"/>
		</surface>
		<surface xml:id="AM02-0153-0064v" n="131">
			<desc>0064v</desc>
			<graphic mimeType="pdf" url="AM%20153%20fol/131/HIGH_QUALITY_DISPLAY"/>
			<graphic mimeType="jpg" url="AM%20153%20fol/131/THUMBNAIL" width="189px" height="300px"/>
			<graphic mimeType="jpg" url="AM%20153%20fol/131/SECONDARY_DISPLAY" width="3005px" height="4776px"/>
			<graphic mimeType="pdf" url="AM%20153%20fol/131/WEB_DISPLAY"/>
		</surface>
		<surface xml:id="AM02-0153-0065r" n="132">
			<desc>0065r</desc>
			<graphic mimeType="pdf" url="AM%20153%20fol/132/HIGH_QUALITY_DISPLAY"/>
			<graphic mimeType="jpg" url="AM%20153%20fol/132/THUMBNAIL" width="189px" height="300px"/>
			<graphic mimeType="jpg" url="AM%20153%20fol/132/SECONDARY_DISPLAY" width="3005px" height="4776px"/>
			<graphic mimeType="pdf" url="AM%20153%20fol/132/WEB_DISPLAY"/>
		</surface>
		<surface xml:id="AM02-0153-0065v" n="133">
			<desc>0065v</desc>
			<graphic mimeType="pdf" url="AM%20153%20fol/133/HIGH_QUALITY_DISPLAY"/>
			<graphic mimeType="jpg" url="AM%20153%20fol/133/THUMBNAIL" width="189px" height="300px"/>
			<graphic mimeType="jpg" url="AM%20153%20fol/133/SECONDARY_DISPLAY" width="3005px" height="4776px"/>
			<graphic mimeType="pdf" url="AM%20153%20fol/133/WEB_DISPLAY"/>
		</surface>
		<surface xml:id="AM02-0153-0066r" n="134">
			<desc>0066r</desc>
			<graphic mimeType="pdf" url="AM%20153%20fol/134/HIGH_QUALITY_DISPLAY"/>
			<graphic mimeType="jpg" url="AM%20153%20fol/134/THUMBNAIL" width="189px" height="300px"/>
			<graphic mimeType="jpg" url="AM%20153%20fol/134/SECONDARY_DISPLAY" width="3005px" height="4776px"/>
			<graphic mimeType="pdf" url="AM%20153%20fol/134/WEB_DISPLAY"/>
		</surface>
		<surface xml:id="AM02-0153-0066v" n="135">
			<desc>0066v</desc>
			<graphic mimeType="pdf" url="AM%20153%20fol/135/HIGH_QUALITY_DISPLAY"/>
			<graphic mimeType="jpg" url="AM%20153%20fol/135/THUMBNAIL" width="189px" height="300px"/>
			<graphic mimeType="jpg" url="AM%20153%20fol/135/SECONDARY_DISPLAY" width="3005px" height="4776px"/>
			<graphic mimeType="pdf" url="AM%20153%20fol/135/WEB_DISPLAY"/>
		</surface>
		<surface xml:id="AM02-0153-0067r" n="136">
			<desc>0067r</desc>
			<graphic mimeType="pdf" url="AM%20153%20fol/136/HIGH_QUALITY_DISPLAY"/>
			<graphic mimeType="jpg" url="AM%20153%20fol/136/THUMBNAIL" width="189px" height="300px"/>
			<graphic mimeType="jpg" url="AM%20153%20fol/136/SECONDARY_DISPLAY" width="3005px" height="4776px"/>
			<graphic mimeType="pdf" url="AM%20153%20fol/136/WEB_DISPLAY"/>
		</surface>
		<surface xml:id="AM02-0153-0067v" n="137">
			<desc>0067v</desc>
			<graphic mimeType="pdf" url="AM%20153%20fol/137/HIGH_QUALITY_DISPLAY"/>
			<graphic mimeType="jpg" url="AM%20153%20fol/137/THUMBNAIL" width="189px" height="300px"/>
			<graphic mimeType="jpg" url="AM%20153%20fol/137/SECONDARY_DISPLAY" width="3005px" height="4776px"/>
			<graphic mimeType="pdf" url="AM%20153%20fol/137/WEB_DISPLAY"/>
		</surface>
		<surface xml:id="AM02-0153-0068r" n="138">
			<desc>0068r</desc>
			<graphic mimeType="pdf" url="AM%20153%20fol/138/HIGH_QUALITY_DISPLAY"/>
			<graphic mimeType="jpg" url="AM%20153%20fol/138/THUMBNAIL" width="189px" height="300px"/>
			<graphic mimeType="jpg" url="AM%20153%20fol/138/SECONDARY_DISPLAY" width="3005px" height="4776px"/>
			<graphic mimeType="pdf" url="AM%20153%20fol/138/WEB_DISPLAY"/>
		</surface>
		<surface xml:id="AM02-0153-0068v" n="139">
			<desc>0068v</desc>
			<graphic mimeType="pdf" url="AM%20153%20fol/139/HIGH_QUALITY_DISPLAY"/>
			<graphic mimeType="jpg" url="AM%20153%20fol/139/THUMBNAIL" width="187px" height="300px"/>
			<graphic mimeType="jpg" url="AM%20153%20fol/139/SECONDARY_DISPLAY" width="2981px" height="4776px"/>
			<graphic mimeType="pdf" url="AM%20153%20fol/139/WEB_DISPLAY"/>
		</surface>
		<surface xml:id="AM02-0153-0069r" n="140">
			<desc>0069r</desc>
			<graphic mimeType="pdf" url="AM%20153%20fol/140/HIGH_QUALITY_DISPLAY"/>
			<graphic mimeType="jpg" url="AM%20153%20fol/140/THUMBNAIL" width="187px" height="300px"/>
			<graphic mimeType="jpg" url="AM%20153%20fol/140/SECONDARY_DISPLAY" width="2981px" height="4776px"/>
			<graphic mimeType="pdf" url="AM%20153%20fol/140/WEB_DISPLAY"/>
		</surface>
		<surface xml:id="AM02-0153-0069v" n="141">
			<desc>0069v</desc>
			<graphic mimeType="pdf" url="AM%20153%20fol/141/HIGH_QUALITY_DISPLAY"/>
			<graphic mimeType="jpg" url="AM%20153%20fol/141/THUMBNAIL" width="187px" height="300px"/>
			<graphic mimeType="jpg" url="AM%20153%20fol/141/SECONDARY_DISPLAY" width="2981px" height="4776px"/>
			<graphic mimeType="pdf" url="AM%20153%20fol/141/WEB_DISPLAY"/>
		</surface>
		<surface xml:id="AM02-0153-0070r" n="142">
			<desc>0070r</desc>
			<graphic mimeType="pdf" url="AM%20153%20fol/142/HIGH_QUALITY_DISPLAY"/>
			<graphic mimeType="jpg" url="AM%20153%20fol/142/THUMBNAIL" width="187px" height="300px"/>
			<graphic mimeType="jpg" url="AM%20153%20fol/142/SECONDARY_DISPLAY" width="2981px" height="4776px"/>
			<graphic mimeType="pdf" url="AM%20153%20fol/142/WEB_DISPLAY"/>
		</surface>
		<surface xml:id="AM02-0153-0070v" n="143">
			<desc>0070v</desc>
			<graphic mimeType="pdf" url="AM%20153%20fol/143/HIGH_QUALITY_DISPLAY"/>
			<graphic mimeType="jpg" url="AM%20153%20fol/143/THUMBNAIL" width="187px" height="300px"/>
			<graphic mimeType="jpg" url="AM%20153%20fol/143/SECONDARY_DISPLAY" width="2981px" height="4776px"/>
			<graphic mimeType="pdf" url="AM%20153%20fol/143/WEB_DISPLAY"/>
		</surface>
		<surface xml:id="AM02-0153-0071r" n="144">
			<desc>0071r</desc>
			<graphic mimeType="pdf" url="AM%20153%20fol/144/HIGH_QUALITY_DISPLAY"/>
			<graphic mimeType="jpg" url="AM%20153%20fol/144/THUMBNAIL" width="187px" height="300px"/>
			<graphic mimeType="jpg" url="AM%20153%20fol/144/SECONDARY_DISPLAY" width="2981px" height="4776px"/>
			<graphic mimeType="pdf" url="AM%20153%20fol/144/WEB_DISPLAY"/>
		</surface>
		<surface xml:id="AM02-0153-0071v" n="145">
			<desc>0071v</desc>
			<graphic mimeType="pdf" url="AM%20153%20fol/145/HIGH_QUALITY_DISPLAY"/>
			<graphic mimeType="jpg" url="AM%20153%20fol/145/THUMBNAIL" width="188px" height="300px"/>
			<graphic mimeType="jpg" url="AM%20153%20fol/145/SECONDARY_DISPLAY" width="2987px" height="4776px"/>
			<graphic mimeType="pdf" url="AM%20153%20fol/145/WEB_DISPLAY"/>
		</surface>
		<surface xml:id="AM02-0153-0072r" n="146">
			<desc>0072r</desc>
			<graphic mimeType="pdf" url="AM%20153%20fol/146/HIGH_QUALITY_DISPLAY"/>
			<graphic mimeType="jpg" url="AM%20153%20fol/146/THUMBNAIL" width="188px" height="300px"/>
			<graphic mimeType="jpg" url="AM%20153%20fol/146/SECONDARY_DISPLAY" width="2987px" height="4776px"/>
			<graphic mimeType="pdf" url="AM%20153%20fol/146/WEB_DISPLAY"/>
		</surface>
		<surface xml:id="AM02-0153-0072v" n="147">
			<desc>0072v</desc>
			<graphic mimeType="pdf" url="AM%20153%20fol/147/HIGH_QUALITY_DISPLAY"/>
			<graphic mimeType="jpg" url="AM%20153%20fol/147/THUMBNAIL" width="189px" height="300px"/>
			<graphic mimeType="jpg" url="AM%20153%20fol/147/SECONDARY_DISPLAY" width="3011px" height="4776px"/>
			<graphic mimeType="pdf" url="AM%20153%20fol/147/WEB_DISPLAY"/>
		</surface>
		<surface xml:id="AM02-0153-9901r-RFl" n="148">
			<desc>9901r-RFl</desc>
			<graphic mimeType="pdf" url="AM%20153%20fol/148/HIGH_QUALITY_DISPLAY"/>
			<graphic mimeType="jpg" url="AM%20153%20fol/148/THUMBNAIL" width="189px" height="300px"/>
			<graphic mimeType="jpg" url="AM%20153%20fol/148/SECONDARY_DISPLAY" width="3011px" height="4776px"/>
			<graphic mimeType="pdf" url="AM%20153%20fol/148/WEB_DISPLAY"/>
		</surface>
		<surface xml:id="AM02-0153-9901v-RFl" n="149">
			<desc>9901v-RFl</desc>
			<graphic mimeType="pdf" url="AM%20153%20fol/149/HIGH_QUALITY_DISPLAY"/>
			<graphic mimeType="jpg" url="AM%20153%20fol/149/THUMBNAIL" width="188px" height="300px"/>
			<graphic mimeType="jpg" url="AM%20153%20fol/149/SECONDARY_DISPLAY" width="2999px" height="4776px"/>
			<graphic mimeType="pdf" url="AM%20153%20fol/149/WEB_DISPLAY"/>
		</surface>
		<surface xml:id="AM02-0153-9999r-RB" n="150">
			<desc>9999r-RB</desc>
			<graphic mimeType="pdf" url="AM%20153%20fol/150/HIGH_QUALITY_DISPLAY"/>
			<graphic mimeType="jpg" url="AM%20153%20fol/150/THUMBNAIL" width="188px" height="300px"/>
			<graphic mimeType="jpg" url="AM%20153%20fol/150/SECONDARY_DISPLAY" width="2999px" height="4776px"/>
			<graphic mimeType="pdf" url="AM%20153%20fol/150/WEB_DISPLAY"/>
		</surface>
		<surface xml:id="AM02-0153-9999v-RB" n="151">
			<desc>9999v-RB</desc>
			<graphic mimeType="pdf" url="AM%20153%20fol/151/HIGH_QUALITY_DISPLAY"/>
			<graphic mimeType="jpg" url="AM%20153%20fol/151/THUMBNAIL" width="195px" height="300px"/>
			<graphic mimeType="jpg" url="AM%20153%20fol/151/SECONDARY_DISPLAY" width="3144px" height="4836px"/>
			<graphic mimeType="pdf" url="AM%20153%20fol/151/WEB_DISPLAY"/>
		</surface>
		<surface xml:id="AM02-0153-ccp" n="152">
			<desc>ccp</desc>
			<graphic mimeType="pdf" url="AM%20153%20fol/152/HIGH_QUALITY_DISPLAY"/>
			<graphic mimeType="jpg" url="AM%20153%20fol/152/THUMBNAIL" width="199px" height="300px"/>
			<graphic mimeType="jpg" url="AM%20153%20fol/152/SECONDARY_DISPLAY" width="2088px" height="3156px"/>
			<graphic mimeType="pdf" url="AM%20153%20fol/152/WEB_DISPLAY"/>
		</surface>
	</facsimile>
</TEI>