<?xml version="1.0" encoding="UTF-8"?>
<TEI xmlns="http://www.tei-c.org/ns/1.0">

   <teiHeader>
      <fileDesc>

         <titleStmt>

            <title>Handritaskrá Árnastofnunar</title>



         </titleStmt>

         <publicationStmt>
            <p>Tilraunaútgáfa</p>
         </publicationStmt>

         <sourceDesc>
            <msDesc xml:lang="is" xml:id="AM02-0162A-alfa-is">

               <msIdentifier n="KK198">

                  <country>Ísland</country>

                  <settlement>Reykjavík</settlement>

                  <repository>Stofnun Árna Magnússonar</repository>

                  <idno>AM 162 A alfa fol.</idno>

               </msIdentifier>


               <head>
                  <title type="uniform">Egils saga Skallagrímssonar</title>
                  <origPlace>Ísland</origPlace>
                  <origDate notBefore="1500" notAfter="1600" evidence="external">s. XVI</origDate>
                  <note>Í safni brota úr 10 handritum.</note>
               </head>


               <msContents>
                  <textLang mainLang="is">Íslenska</textLang>

                  <msItem defective="true" class="isl">

                     <title type="uniform">Egils saga Skallagrímssonar</title>

                     <note>Þrjú brot.</note>
                  </msItem>


                     <msItem class="isl">

                        <locus from="1r" to="1v">1r-1v</locus>

                        <incipit type="def">m<expan>ed</expan> aullv
                           oſk<expan>yll</expan>t</incipit>

                        <explicit type="def">En e þv</explicit>

                     </msItem>


                     <msItem class="isl">

                        <locus from="2r" to="2v">2r-2v</locus>

                        <incipit type="def"> ſlikt ſagt en<expan>n</expan> þ<expan>or</expan>ol
                              <expan>ur</expan>
                        </incipit>

                        <explicit type="def">  <expan>ar</expan>a aiall
                              e<expan>n</expan> ſe<expan>m</expan>
                        </explicit>

                     </msItem>


                     <msItem class="isl">

                        <locus from="3r" to="3v">3r-3v</locus>

                        <incipit type="def">er ſ <expan>agt</expan>. at am<expan>enn</expan>
                              k<expan>onungs</expan>
                        </incipit>

                        <explicit type="def">þ<expan>via</expan>t  iſa uo<expan>ru</expan> þa o
                              <expan>an</expan> komn<expan>er</expan>
                        </explicit>
                     </msItem>



               </msContents>


               <physDesc>
                  <objectDesc form="codex">
                     <supportDesc material="chart">
                        <support>Pappír</support>
                        <extent> 3 blöð ().</extent>
                        <foliation>
                           <p>Blaðmerking á neðri spássíu með yngri hendi og á efri spássíum með
                              annarri hendi.</p>
                        </foliation>
                        <collation>
                           <p/>
                        </collation>
                        <condition>
                           <p>Bl. 3 skaddað að ofanverðu.</p>
                        </condition>
                     </supportDesc>
                     <layoutDesc>
                        <layout columns="1">
                           <p/>
                        </layout>
                     </layoutDesc>
                  </objectDesc>
                  <handDesc>
                     <p/>
                  </handDesc>
                  <additions>
                     <p>Titill á neðri spássíu með yngri hendi.</p>
                  </additions>
                  <bindingDesc>
                     <binding notBefore="1995" notAfter="1995" contemporary="unknown">
                        <p>Band frá 1995. Pappakápa, bl. fest á móttök inn í japanpappír.</p>
                     </binding>

                     <binding notBefore="1880" notAfter="1920" contemporary="unknown">
                        <p>Band frá c1880-1920.</p>
                     </binding>

                  </bindingDesc>
                  <accMat>Tveir seðlar með hendi <name key="ArnMag001" type="person"/>: <p><list>
                     <item><locus from="accMat01r" to="accMat01v">Seðill 1</locus>(<dimensions
                        type="slip" unit="mm">
                        <height>153</height>
                        <width>96</width>
                     </dimensions>): <quote xml:lang="is" type="AMSlip">Úr Egils sögu
                        Skallagrímssonar. Ad fragm 1um.</quote></item>
                     <item><locus from="accMat02r" to="accMat02v">Seðill 2</locus>(<dimensions
                        type="slip" unit="mm">
                        <height>145</height>
                        <width>134</width>
                     </dimensions>): <quote xml:lang="is" type="AMSlip">Frá Lokinhömrum komið til Magnúsar
                        Arasonar 1705.</quote></item>
                  </list></p>
                  </accMat> 
               </physDesc>


               <history>

                  <origin notBefore="1500" notAfter="1600">
                     <p>Blöðin eru tímasett til 16. aldar í <bibl>
                           <ref target="KKKat">Katalog I</ref>
                        </bibl>, bls. 114 (sjá einnig <bibl>
                           <ref xml:id="ONPRegistre" target="ONPregistre">ONPregistre</ref>
                        </bibl>, bls. 433).</p>
                  </origin>

                  <provenance>
                     <p>Handritið er frá <name type="person">Lokinhömrum</name> en var komið til
                           <name key="MagAra001" type="person">Magnúsar Arasonar</name> <date
                           when="1705">1705</date> (sjá seðil).</p>
                  </provenance>

                  <acquisition notBefore="1996-09-19" notAfter="1996-09-19">
                     <p>19. september 1996.</p>
                  </acquisition>

               </history>


               <additional>

                  <adminInfo>

                     <recordHist>
                        <source>
                           <p>Tekið eftir <bibl>
                                 <ref target="KKKat">Katalog I</ref>
                              </bibl>, bls. 114 (nr. 198). <name key="KriKaa001" type="person"
                                 >Kålund</name> gekk frá handritinu til skráningar í <date
                                 when="1885-12">desember 1885</date>. <name key="HarBer001"
                                 type="person">HB</name> tölvuskráði í <date when="2001-02">febrúar
                                 2001</date>.</p>
                        </source>
                     </recordHist>

                     <custodialHist>
                        <custEvent type="conservation" notBefore="1995" notAfter="1995">
                           <p>Gert við og bundið í Kaupmannahöfn í júní til nóvember 1995. Í öskju
                              með brotum úr níu öðrum handritum. Með fylgdi nákvæm lýsing á
                              viðgerðum og ljósmyndun.</p>
                        </custEvent>

                        <custEvent type="conservation" notBefore="1880" notAfter="1920">
                           <p>Bundið í Kaupmannahöfn c1880-1920.</p>
                        </custEvent>

                     </custodialHist>

                  </adminInfo>


                  <surrogates>
                     <p>
                        <list>

                           <item n="1">Stafrænar myndir á www.sagnanet.is.</item>

                           <item n="2">Svart-hvítar ljósmyndir á Det Arnamagnæanske Institut í
                              Kaupmannahöfn.</item>

                           <item n="3">Svart-hvítar ljósmyndir á Stofnun Árna Magnússonar
                              á Íslandi.</item>

                        </list>
                     </p>
                  </surrogates>



                  <listBibl>
                     <bibl>. 1954,<ref target="IF12">Brennu-Njáls saga</ref></bibl>                     
                     <bibl>Björn Karel Þórólfsson 1928, <ref target="BjöÞór1928a">Droplaugarsonasaga</ref></bibl>
                     <bibl>Chesnutt, M. 2005, <ref target="MicChe0217a">Tekstkritiske bemærkninger til C-redaktionen af Egils saga</ref></bibl>
                     <bibl>Finnur Jónsson 1886, <ref target="FinJón1886b">Egils saga Skallagrímssonar, tilligemed Egils större kvad</ref></bibl>
                     <bibl>Foote, P. 1990, <ref target="PetFoo1990b">A Saga of St. Peter the apostle : Perg. 4:0 nr. 19 Royal Library Stockholm [Introduction]</ref></bibl>
                     <bibl>Jakobsen, J. 1902, <ref target="JakJak1902a">Austfirðinga sögu</ref></bibl>
                     <bibl>Jorgensen, P. A. 1997, <ref target="PetJor1997a">The Story of Jonatas in Iceland</ref></bibl>
                     <bibl>Jón Helgason 1938, <ref target="JónHel1938a">Byskupa sögur</ref></bibl>
                     <bibl>Kålund, K. 1885, <ref target="KriKål1885a">Droplaugarsona-saga i den ved brudstykket AM 162 fol. repræsenterede bearbejdels</ref></bibl>
                     <bibl>Ólafur Halldórsson 1958, <ref target="ÓlaHal1250a">Ólafs saga Tryggvasonar en mesta</ref></bibl>
                     <bibl>Ólafur Halldórsson 1978, <ref target="ÓlaHal1978a">Grænland í miðaldaritum</ref></bibl>
                     <bibl>Sigfús Blöndal 1933, <ref target="SigBlö1928a">Um uppruna Eyrbyggju</ref></bibl>
                     <bibl>Sigurður Nordal 1933, <ref target="SigNor1933a">Egils saga Skalla-Grímssonar</ref></bibl>
                     <bibl>Bjarni Einarsson 1975, <ref target="BjaEin1975a">Litterære forudsætninger for Egils saga</ref></bibl>
                     <bibl>Bjarni Einarsson 1993, <ref target="BjaEin1993a">Um Eglutexta Möðruvallabókar í 17du aldar eftirritum</ref></bibl>
                     <bibl>Bjarni Einarsson 2001, <ref target="BjaEin2001a">Egils saga Skallagrímssonar. Bind I. A-redaktionen</ref></bibl>
                     <bibl>Chesnutt, M. 2006, <ref target="MicChe2006a">Egils saga Skallagrímssonar. Bind III. C- redaktionen</ref></bibl>
                     <bibl>Haraldur Bernharðsson 2006, <ref target="HarBer2006a">Göróttur er drykkurinn. Fornmálsorð í nútímabúningi</ref></bibl>
                     <bibl>Jakob Benediktsson 1980, <ref target="JakBen1980b">Introduction Catilina and Jugurtha by Sallust and Pharsalia by Lucan in Old Norse Rómverjasaga AM 595 a-b 4to</ref></bibl>
                     <bibl>Jón Helgason 1956, <ref target="JónHel1956a">Athuganir um nokkur handrit Egils sögu</ref></bibl>
                     <bibl>Jón Helgason 1975, <ref target="JónHel0836a">Syv sagablade (AM 162 C fol, bl. 1-7)</ref></bibl>
                     <bibl>Jón Helgason 1975, <ref target="JónHel0845a">Småstykker 1-8</ref></bibl>
                     <bibl>Jón Helgason 2005, <ref target="JónHel0860a">Observations on some manuscripts of Egils saga</ref></bibl>
                     <bibl>Jónas Kristjánsson 2006, <ref target="JónKri2006a">Kveðskapur Egils Skallagrímssonar</ref></bibl>
                     <bibl>Lethbridge, E. 2014, <ref target="EmiLet2014b">„Hvorki glansar gull á mér/né glæstir stafir í línum“.</ref></bibl>
                     <bibl>Mageröy, H. 1966, <ref target="HalMag1966a">Dei to gjerdene (versjonane) av Bandamanna saga</ref></bibl>                     
                     <bibl>Seip, D. A. 1957, <ref target="DidSei1957a">Om et norsk skriftlig grunnlag for Edda-diktningen eller deler av den</ref></bibl>
                     <bibl>Sverrir Tómasson 2011,<ref target="SveTóm2011d">Formáli málfræðiritgerðanna fjögurra í Wormsbók</ref></bibl>
                     <bibl>Tarsi, M. 2019, <ref target="MatTar2019a">Instances of loanword/native word textual variation in the manuscript transmission of Egils saga Skallagrímssonar 
                        and Gísla saga Súrssonar</ref></bibl>
                     <bibl>Unger, C. R. 1894, <ref target="C__Ung1894a">Fortsatte bemærkninger om islandske haandskrifter</ref></bibl>
                  </listBibl>

               </additional>
               <!-- &Uacute;r <accMat>&#160;&iacute; heildarf&aelig;rslu (sem var eytt &thorn;egar hvert brot (<msPart>) var sett &iacute; s&eacute;r skjal 22. n&oacute;v. 2001 - DK&THORN;):
      <name type="person" key="ArnMag001">&#193;rni
      Magn&#250;sson</name>

      segir &#237; handritaskr&#225;nni &#237; 
      <msIdentifier>AM 435 a 4to</msIdentifier>

      , bl. 78v ( 
      <ref target="">H&#229;ndskriftfortegnelser</ref>

      , bls. 28) og g&#230;ti &#225;tt vi&#240; eitthva&#240; af
      brotunum h&#233;r: 
      <q>Ur Eigils S&#246;gu Skallagrims sonar fragment lited.
      4to.</q> 

      (&THORN;a&eth; sem &Aacute;rni skrifar er a&eth; mestu leyti &iacute; Katalog, en se&eth;lum
      er &oacute;sk&yacute;rlega ra&eth;a&eth; me&eth; lj&oacute;smyndum og &thorn;arf &thorn;v&iacute; a&eth; fara vel
      yfir &thorn;etta &thorn;egar handritin ver&eth;a sko&eth;u&eth; (MJ 9.12.96).)

      <p>Fj&#246;gur papp&#237;rsbl&#246;&#240;&#160;&#237; kvart&#243;,
      sem &#237; handritskr&#225; 
      <name type="person" key="JonSig01">J&#243;ns
      Sigur&#240;ssonar</name>

      eru f&#230;r&#240; undir &#8747;, vantar n&#250;. &#193;
      &#254;eim voru uppskriftir af &#177;-&amp;thetas;.
      Samkv&#230;mt s&#246;mu skr&#225; heyr&#240;i h&#233;r einnig
      til 
      <q>Draumsvitran</q>

      um Egil, sbr. 
      <ref target="Edda1880">Snorra Edda III, 1, Hafni&#230;
      1880</ref>

      , bls. 441.</p> -->

               <!-- &Uacute;r heildarf&aelig;rslu:
    <listBibl>
      <bibl>
      <ref target="Egil1809">Egils saga, Havni&#230; 1809</ref>

      . 
      <note>&#205;&#160;&#254;essari &#250;tg&#225;fu eru brotin nefnd
      svo: &#177; = F (2), &#8804; = G (1), &#8805; = E (3), &#165;
      = D (4), &amp;epsi; = I (6);&#160;&#8706; = C (5), &#8721; = H
      (7);&#160;&amp;thetas; = K (8). Sj&#225; n&#225;nar um brotin
      &#225; bls. XIII og bls. XV og &#225;fram. &#205;
      &#254;essari &#250;tg&#225;fu eru og myndir af &amp;thetas;
      (tab. 1; og ranglega v&#237;sa&#240; til &#254;ess sem nr.
      160), &#177;, &#8804;, &#8805;, og &#165; (tab. 3).</note>
      </bibl>

      <bibl>
      <ref target="AntR">Ant. Russes II</ref>

      , bls. 248</bibl>

      <bibl>
      <ref target="CorpPBor">Corpus poet. bor. I</ref>

      , bls. 267 
      <note>H&#246;fu&#240;lausn</note>
      </bibl>
    </listBibl> -->


            </msDesc>
         </sourceDesc>

      </fileDesc>
      <profileDesc> </profileDesc>
   </teiHeader>

   <text>

      <body>

         <p/>
      </body>

   </text>

</TEI>
