<?xml version="1.0" encoding="UTF-8"?>
<?oxygen RNGSchema="http://www.handrit.is/schema/handrit-1.0.rnc" type="compact"?><TEI xmlns="http://www.tei-c.org/ns/1.0">
    <teiHeader>
        <fileDesc>
            <titleStmt>
                <title type="main">AM 1 e beta II fol.</title>
            </titleStmt>
            <publicationStmt>
                <authority>Den Arnamagnæanske Samling</authority>
                <pubPlace>København</pubPlace>
            </publicationStmt>
            <sourceDesc>
                <msDesc xml:id="AM02-0001-e-beta-II-en" xml:lang="en">
                    <msIdentifier>
                        <country>Denmark</country>
                        <settlement>København</settlement>
                        <repository>Den Arnamagnæanske Samling</repository>
                        <idno>AM 1 e beta II fol.</idno>
                        <altIdentifier type="internal" subtype="KKKat">
                            <idno>7</idno>
                        </altIdentifier>
                    </msIdentifier>
                    <head>
                        <title type="supplied" xml:lang="en" n="1">Notes on Skjöldunga saga</title>
                        <title type="supplied" xml:lang="la" n="2">Exscriptium trium paginarum
                            antiqvissimi libri pergamenti in folio in Bibliotheca P. Resenii</title>
                        <origPlace>Iceland/Denmark</origPlace>
                        <origDate notBefore="1700" notAfter="1715">s. XVIII in</origDate>
                    </head>
                    <msContents>
                        <msItem n="1">
                            <title type="supplied" xml:lang="en" n="1">Notes on Skjöldunga
                                saga</title>
                            <note>Árni Magnússon's notes in Icelandic and Latin, originally written
                                on loose leaves and slips, inserted in a cover carrying the
                                superscription: <q>Skiỏldunga Sỏgu fragment ut
                                    puto</q>. This most probably once was cover for the 13 leaves
                                containing <title>Snorra Edda</title> that was erroneously preserved
                                as <ref>1 e β I fol</ref> but now is transferred to
                                    <ref>AM 748 4to</ref>.</note>
                            <textLang mainLang="is" otherLangs="la">Icelandic</textLang>
                        </msItem>
                        <msItem n="2">
                            <title type="supplied" xml:lang="la" n="2">Exscriptium trium paginarum
                                antiqvissimi libri pergamenti in folio in Bibliotheca P.
                                Resenii</title>
                            <note>Containing a <foreign xml:lang="is">Langfeðgatál</foreign> for Old
                                English, Norwegian, Danish and Swedish kings. Árni Magnússon's
                                transcript of a manuscript from 1254.</note>
                        </msItem>
                    </msContents>
                    <physDesc>
                        <objectDesc form="codex">
                            <supportDesc material="chart">
                                <support>
                                    <p>
                                        <material>Paper</material>
                                    </p>
                                </support>
                                <extent>91. <dimensions type="leaf" scope="all">
                                        <height>216</height>
                                        <width>174</width>
                                    </dimensions>
                        </extent>
                            </supportDesc>
                        </objectDesc>
                        <handDesc hands="1">
                            <handNote scribe="ArnMag001" scope="sole" script="unknown">
                                <p> Written by Árni Magnússon.</p>
                            </handNote>
                        </handDesc>
                    </physDesc>
                    <history>
                        <origin notBefore="1700" notAfter="1730" cert="high" evidence="external">
                            <p>Written in Iceland or Denmark in the beginning of the eighteenth
                                century.</p>
                        </origin>
                    </history>
                </msDesc>
            </sourceDesc>
        </fileDesc>
    </teiHeader>
    <facsimile>
        <surface/>
    </facsimile>
</TEI>