<?xml version="1.0" encoding="UTF-8"?>
<?oxygen RNGSchema="http://www.handrit.is/schema/handrit-1.0.rnc" type="compact"?><TEI xmlns="http://www.tei-c.org/ns/1.0">
    <teiHeader>
        <fileDesc>
            <titleStmt>
                <title type="main">AM 79 fol.</title>
            </titleStmt>
            <publicationStmt>
                <authority>Den Arnamagnæanske Samling</authority>
                <pubPlace>København</pubPlace>
            </publicationStmt>
            <sourceDesc>
                <msDesc xml:id="AM02-0079-da" xml:lang="da">
                    <msIdentifier>
                        <country>Danmark</country>
                        <settlement>København</settlement>
                        <repository>Den Arnamagnæanske Samling</repository>
                        <idno>AM 79 fol.</idno>
                        <altIdentifier type="internal" subtype="KKKat">
                            <idno>98</idno>
                        </altIdentifier>
                    </msIdentifier>
                    <head>
                        <title>Sverris saga</title>
                        <origPlace>Island/Norge?</origPlace>
                        <origDate notBefore="1688" notAfter="1707">s. XVII ex</origDate>
                    </head>
                    <msContents>
                        <msItem defective="true" class="kon">
                            <title>Sverris saga</title>
                            <textLang mainLang="is">Islandsk</textLang>
                            <filiation>
                                <p>Afskrift af <ref type="ms" target="AM04-0327-da">AM 327 4to</ref>
                                        (<title type="ms">Codex optimus</title>) med lakunerne
                                    udfyldte efter <title type="ms">Flateyarbók</title>.</p>
                            </filiation>
                        </msItem>
                    </msContents>
                    <physDesc>
                        <objectDesc form="codex">
                            <supportDesc material="chart">
                                <support>
                                    <p>
                                        <material>Papir.</material>
                                    </p>
                                </support>
                                <extent>249. <dimensions type="leaf" scope="all" unit="mm">
                                        <height>313</height>
                                        <width>205</width>
                                    </dimensions>
                        </extent>
                                <condition>Håndskriftet bærer spor af fugtighed.</condition>
                            </supportDesc>
                            <layoutDesc>
                                <layout columns="2">
                                    <p>Skrevet på overbrækkede blades indre halvdel.</p>
                                </layout>
                            </layoutDesc>
                        </objectDesc>
                        <handDesc hands="1">
                            <handNote scribe="AsgJon001" scope="sole" script="other">
                                <p>Skrevet af <name type="person" key="AsgJon001">Ásgeir Jónsson</name>.</p>
                            </handNote>
                        </handDesc>
                        <additions>
                     <name type="person" key="ArnMag001">Arne Magnusson</name> har lavet rettelser på bl 1r efter
                            originalen.</additions>
                        <bindingDesc>
                            <binding contemporary="false">
                                <p>Fra perioden <date notBefore="1700" notAfter="1724">1700-1730</date> og <date notBefore="1880"
                                 notAfter="                                                                          1920">1880-1920</date>. Halvbind med pergamentryg og overtræk af
                                    blankt Gustavmarmor. På spejlet foran har <name type="person" key="KriKaa001">Kålund</name> skrevet 8/8 11
                                    (1911).</p>
                            </binding>
                            <binding>
                                <p>Oprindeligt bestod overtrækket af pergament fra et latinsk
                                    liturgisk håndskrift med Petrus de Herentals psalmekommentar;
                                    dette blev aftaget i sommeren <date when="1911">1911</date> og
                                    overført til <ref type="ms">Access. 7 e, hs. 123</ref> bl.
                                    49-52.</p>
                            </binding>
                        </bindingDesc>
                        <accMat>
                            <p>Der er tre AM-sedler forrest i bogen, hvor <name type="person" key="ArnMag001">Arne Magnusson</name> giver en
                                fortegnelse over Sverris saga, tilsyneladende i prioriteret
                                rækkefølge, dels oplysning om denne afskrift, samt endelig oplysning
                                om en svensk oversættelse af Rugmann. Fortegnelsen over codices
                                lyder: <list>
                                    <item>
                                        <p>Sverris Saga.<lb/>
                              </p>
                                        <p> 1. Codex meus in 4<hi rend="sup">to</hi>, optimus ille
                                            <lb/> in calce trunctatus.<lb/>
                              </p>
                                        <p>2. Codex Academiæ Hafnienſis in 4<hi rend="sup">to</hi>
                                            <lb/> mutilus qvidem paſſim, at
                                            egregius.<lb/>
                              </p>
                                        <p>3. Codex alter Academiæ Hafnienſis <lb/> in
                                                4<hi rend="sup">to</hi>. et ille qvidem
                                            ſatis bonus <lb/>
                              </p>
                                        <p>4. Codex meus in folio, poſt partem <lb/>
                                            ultimam Snorronis Sturlæi. nec <lb/> ille qvidem
                                            malus.<lb/>
                              </p>
                                        <p>o-------------</p>
                                        <p>6. Codex Flateyenſis, ubi Sveri vi<lb rend="hyphenated"/>ta habetur, verboſior
                                            aliis.</p>
                                        <p>7. Codex meus, olim (ut videtur) Eccleſiæ
                                            Scalholtenſis in Islan<pb/>
                              </p>
                                    </item>
                                    <item>
                                        <p>diâ. nulli priorum comparand<lb/>us, nec magnæ ætatis,
                                            nec <lb/> bonitate præſtans</p>
                                        <p>8. Brevis hiſtoria Sveri Regis in <lb/> Codice
                                            Academiæ Hafniensis. </p>
                                        <p>9. Variorum Codicum fragmenta <lb/> penes me</p>
                                        <p>o-------------</p>
                                        <p>5. Vita Sveri Regis in Codece Academiæ
                                            Hafnienſis in folio, poſt Snorronis
                                            Sturlæi Hiſtoriam Norvegicam, ſi
                                            rectè memini, mutila erat in calce. Codex nunc flammis
                                            abſsumptus eſt. Torfæus hunc codicem
                                                <hi rend="underline">Jofraskin<ex>n</ex>am</hi>
                                            appellavit. Scriptura erat minutâ</p>
                                    </item>
                                </list>
                     </p>
                        </accMat>
                    </physDesc>
                </msDesc>
            </sourceDesc>
        </fileDesc>
    </teiHeader>
    <facsimile>
        <surface/>
    </facsimile>
</TEI>