<?xml version="1.0" encoding="UTF-8"?><?oxygen RNGSchema="http://www.handrit.is/schema/handrit-1.0.rnc" type="compact"?><TEI xmlns="http://www.tei-c.org/ns/1.0">
    <teiHeader>
        <fileDesc>
            <titleStmt>
                <title type="main">AM 38 fol.</title>
            </titleStmt>
            <publicationStmt>
                <authority>Den Arnamagnæanske Samling</authority>
                <pubPlace>København</pubPlace>
            </publicationStmt>
            <sourceDesc>
                <msDesc xml:lang="da" xml:id="AM02-0038-da">
                    <msIdentifier>
                        <country>Danmark</country>
                        <settlement>København</settlement>
                        <repository>Den Arnamagnæanske Samling</repository>
                        <idno>AM 38 fol.</idno>
                        <altIdentifier type="internal" subtype="KKKat">
                            <idno>52</idno>
                        </altIdentifier>
                    </msIdentifier>
                    <head>
                        <title type="uniform">Noregs konunga sögur</title>
                        <title type="parallel">Heimskringla</title>, <origPlace>Norge</origPlace>;
                            <origDate notBefore="1690" notAfter="1697">1690-1697</origDate>
                    </head>
                    <msContents>
                        <titlePage type="MS">
                            <docTitle>
                                <titlePart>Noregs konunga sogr Snorʀa
                                    Sturlusonar</titlePart>
                            </docTitle>
                        </titlePage>
                        <msItem>
                            <title type="uniform">Noregs konunga sögur</title>
                            <title type="parallel">Heimskringla</title>
                            <textLang mainLang="is">Norrønt/norsk</textLang>
                            <rubric>Konunga sogr ero her ritaðar</rubric>
                            <colophon>Þessi bok var confererut (þo obiter) vid þær Membranas,
                                Jofraskinnu, Kringlu og Guliskin<ex>n</ex>u sem hun er efftershrifud
                                Anno 1698</colophon>
                            <filiation>Afskrift af bl.a. <title type="ms">Jöfraskinna</title>, der
                                gik tabt ved <name type="place" key="Copen01">København</name>s
                                brand i <date when="1728">1728</date>. Udfyldning af lakuner fra to
                                andre håndskrifter. Om det nærmere forhold til originalerne oplyser
                                afskriverens marginalnoter.</filiation>
                            <listBibl>
                                <bibl>Finnur Jónsson: <ref type="primary-3" target="STUAGNL23">Heimskringla: Nóregs konunga sögur af Snorri
                                        Sturluson</ref>
                           <note>Var. AM 38 fol.</note>
                        </bibl>
                                <bibl>Schöning: <ref type="primary" target="Hkr1777-1826">Heimskringla edr Noregs konunga sögur af Snorra
                                        Sturlusyni</ref>
                           <note>Udg. D</note>
                        </bibl>
                            </listBibl>
                        </msItem>
                    </msContents>
                    <physDesc>
                        <objectDesc form="codex">
                            <supportDesc material="chart">
                                <support>
                                    <p>
                                        <material>Papir.</material>
                                    </p>
                                </support>
                                <extent>386. <dimensions type="leaf" scope="all" unit="mm">
                                        <height>313</height>
                                        <width>200</width>
                                    </dimensions>
                        </extent>
                                <foliation>Samtidig paginering 1- 774 der begynder på blad 2.
                                    Foliering 1-386 på rectosiderne af <name type="person" key="KriKaa001">Kålund</name>.</foliation>
                                <condition>I dårlig stand. Bladene, navnlig i begyndelsen af codex,
                                    er plettede og skørnede af fugtighed.</condition>
                            </supportDesc>
                        </objectDesc>
                        <handDesc hands="1">
                            <handNote scribe="AsgJon001" script="unknown" scope="sole">
                                <p>Skrevet af <name type="person" key="AsgJon001">Ásgeir
                                        Jónsson</name>.</p>
                            </handNote>
                        </handDesc>
                        <additions>
                            <p>Marginalnoter om afskriftens forhold til orginialerne af <name type="person" key="AsgJon001">Ásgeir Jónsson</name>.</p>
                            <p>Hist og her findes varianter tilføjede af andre og enkelte
                                marginalnotitser af <name type="person" key="ThoTor001">Torfæus</name> og <name type="person" key="ArnMag001">Arne
                                    Magnusson</name>
                     </p>
                        </additions>
                        <bindingDesc>
                            <binding>
                                <p>Kalveskindsbind med guldstempler på ryggen. Bindstørrelse:
                                        <dimensions type="binding" unit="mm">
                                        <height>399</height>
                                        <width>218</width>
                                        <depth>77</depth>
                                    </dimensions>
                        </p>
                            </binding>
                        </bindingDesc>
                    </physDesc>
                    <history>
                        <origin>Håndskriftet er
                            sandsynligvis skrevet i perioden ca. <origDate notBefore="1690" notAfter="1697" cert="high">1690-1697</origDate>, da <name type="person" key="AsgJon001">Ásgeir
                                Jónsson</name> var hos <name type="person" key="ThoTor001">Torfæus</name> i Stangarland, i <origPlace key="NO">Norge</origPlace> (se <name type="person" key="MarJon001">Már Jónsson</name> <bibl>
                                    <ref target="MárJón2009">Skrifarinn Ásgeir Jónsson (2009)</ref>, 
                        <biblScope type="pages">290-291</biblScope></bibl>).</origin>
                    </history>
                </msDesc>
            </sourceDesc>
        </fileDesc>
    </teiHeader>
    <facsimile>
        <surface/>
    </facsimile>
</TEI>