<?xml version="1.0" encoding="UTF-8"?>
<?oxygen RNGSchema="http://www.handrit.is/schema/handrit-1.0.rnc" type="compact"?>
<TEI xmlns="http://www.tei-c.org/ns/1.0">
   <teiHeader>
      <fileDesc>
         <titleStmt>
            <title>Handritaskrá Árnastofnunar</title>
         </titleStmt>
         <publicationStmt>
            <p>Tilraunaútgáfa</p>
         </publicationStmt>
         <sourceDesc>
            <msDesc xml:lang="is" xml:id="AM02-0113c-is">
               <msIdentifier>
                  <country key="IS">Ísland</country>
                  <settlement>Reykjavík</settlement>
                  <institution>Stofnun Árna Magnússonar í íslenskum fræðum</institution>
                  <repository>Handritasvið</repository>
                  <collection>Safn Árna Magnússonar</collection>
                  <idno>AM 113 c fol.</idno>
                  <altIdentifier type="internal" subtype="KKKat">
                     <idno>134</idno>
                  </altIdentifier>
               </msIdentifier>

               <msContents>

                  <msItem n="1" defective="false" class="forn attat">
                     <locus from="1r" facs="#AM02-0113c-0001r" to="7v">1r-7v</locus>
                     <author key="AriTor001">Ari Þorgilsson</author>
                     <title type="uniform">Íslendingabók</title>
                     <rubric>Schedæ Ara prests fróða</rubric>
                     <textLang mainLang="is">Íslenska</textLang>

                     <msItem n="1.1" class="forn formal" defective="false">
                        <locus from="1r" facs="#AM02-0113c-0001r" to="1r">1r-1r</locus>
                        <title type="supplied">Formáli</title>
                        <incipit>Íslendingabók gjörða eg fyrst biskupum vorum …</incipit>
                        <explicit>… að öllum Norvegi.</explicit>
                        <note>Fyrir neðan formálann og á undan meginmálinu er yfirlit yfir
                                 efni bókarinnar.</note>
                     </msItem>

                     <msItem n="1.2" class="forn " defective="false">
                        <locus from="1r" facs="#AM02-0113c-0001r" to="7r">1r-7r</locus>
                        <title type="supplied">Um Íslandsbyggð</title>
                        <incipit>Ísland byggðist fyrst úr Norvegi á dögum Haralds hins hárfagra
                           Halfdanarsonar …</incipit>
                        <explicit>… Hér lýkst sjá bók.</explicit>

                     </msItem>

                     <msItem n="1.3" class="attat" defective="false">
                        <locus from="7r" facs="#AM02-0113c-0007r" to="7v">7r-7v</locus>
                        <title type="supplied">Ættartölur</title>

                        <msItem n="1.3.1" class="attat" defective="false">
                           <locus from="7r" facs="#AM02-0113c-0007r" to="7r">7r</locus>
                           <rubric>Þetta er kyn biskupa Íslendinga og ættartala</rubric>
                           <incipit>Ketilbjörn landnámsmaður …</incipit>
                           <explicit>… Ketils er nú er biskup að Hólum næstur Jóhanni.</explicit>
                        </msItem>

                        <msItem n="1.3.2" class="attat" defective="false">
                           <locus from="7r" facs="#AM02-0113c-0007r" to="7v">7r-7v</locus>
                           <rubric>Þessi eru nöfn langfeðga Ynglinga og Breiðfirðinga</rubric>
                           <incipit>Ingvi Tyrkjakonungur …</incipit>
                           <explicit>… föður Brands og Þorgils föður míns en eg heitir(!)
                              Ari.</explicit>
                        </msItem>
                        <colophon>Þessar schedæ Ara prests fróða og frásögn er skrifuð eftir hans
                           eiginhandskrift á bókfelli (að menn meina) í <name type="place">Villingaholti</name> af <name type="person" key="JonErl001">Jóni
                              presti Erlendssyni</name> anno domini 1651, mánudaginn næstan eftir
                           Dominicam jubilate. Jón Erlendsson p.m.p. (blað <locus from="7v" facs="#AM02-0113c-0007v" to="7v">7v</locus>).</colophon>
                        <note>Íslendingabók hér er sömu ættar og <ref target="AM02-0113a" type="ms">AM 113 a fol.</ref> skv. <name key="ArnMag001" type="person">Árna
                              Magnússyni</name> (sbr.<locus from="accMat01r" facs="#AM02-0113c-accMat01r" to="accMat01v">seðil</locus> (<dimensions type="slip" unit="mm">
                              <height>172</height>
                              <width>114</width>
                           </dimensions>): <quote type="AMSlip" xml:lang="is">Þetta Exemplar Ara
                              fróða er tekið framar úr bók Þorbjargar Vigfúsdóttur, er ég fékk af
                              séra Þórði Jónssyni, og er það progenies Codicis B. Það hefur séra Þórður
                              sett framan við bókina í staðinn þess góða Exemplaris, sem hann fyrrum
                              úr bókinni hafði út tekið og mér gefið, hvert góða Exemplar ég kalla:
                              Codicem A.</quote>.</note>
                     </msItem>
                     <bibl>Jón Jóhannesson 1956, <ref type="primary-1" target="IHFol1">ÍHF</ref><biblScope type="volume">I</biblScope>
                        <biblScope type="pages">vii</biblScope>.</bibl>
                  </msItem>

               </msContents>

               <physDesc>
                  <objectDesc form="codex">
                     <supportDesc material="chart">
                        <support>Pappír</support>
                        <extent>i + 7 + i blöð (<dimensions type="leaf" unit="mm" scope="all">
                              <height>285</height>
                              <width>178</width>
                           </dimensions>).</extent>

                        <foliation>
                           <p>Blaðmerking með bleki, 1-7.</p>
                        </foliation>

                        <collation>
                           <p>Eitt kver.<list>
                                 <item>Kver I: blöð 1-7, 3 tvinn + 1 stakt blað.</item>
                              </list>
                           </p>
                        </collation>

                        <condition>
                           <p>
                              <list>
                                 <item n="1">Blekdregnir og flúraðir upphafsstafir sem og
                                    skreytingar sjást víða í gegn (sbr. blöð <locus from="1v" facs="#AM02-0113c-0001v" to="1v">1v</locus> og <locus from="7r" facs="#AM02-0113c-0007r" to="7r">7r</locus>).
                                 </item>
                              </list>
                           </p>
                        </condition>
                     </supportDesc>
                     <layoutDesc>
                        <layout columns="1" writtenLines="30">
                           <p>
                              <list>
                                 <item n="1">Eindálka.</item>
                                 <item n="2">Leturflötur er ca <dimensions type="written" unit="mm">
                                       <height>222</height>
                                       <width>142</width>
                                    </dimensions></item>
                                 <item n="3">Línufjöldi er ca 30.</item>
                                 <item n="4">
                                    <catchwords>Griporð</catchwords> eru neðst í hægra horni (sbr.
                                    blað <locus from="3r" facs="#AM02-0113c-0003r" to="3r">3r</locus>).</item>
                              </list>
                           </p>
                        </layout>
                     </layoutDesc>

                  </objectDesc>
                  <handDesc>
                     <handNote scope="sole" script=" kanzlei">
                           Með hendi <name type="person">Magnúsar Ketilssonar</name>;
                          kansellískrift.
                       </handNote>
                  </handDesc>

                  <decoDesc>
                     <decoNote type="initial" subtype="flourished">
                        <p><list>
                              <item>Flúraðir upphafsstafir (sjá t.d. blað <locus from="1r" facs="#AM02-0113c-0001r" to="1v">1</locus>).</item>
                           </list></p>
                     </decoNote>
                     <decoNote type="frieze" subtype="tailpiece">
                        <p><list>
                              <item>Stór bókahnútur er við niðurlag textans á blaði <locus from="7v" facs="#AM02-0113c-0007v" to="7v">7v</locus>. </item>
                           </list></p>
                     </decoNote>
                  </decoDesc>


                  <bindingDesc>
                     <binding notBefore="1772" notAfter="1780" contemporary="false">
                        <p><list>
                              <item>Pappaband (<dimensions type="binding" unit="mm">
                                    <height>282</height>
                                    <width>177</width>
                                    <depth>4</depth>
                                 </dimensions>) frá 1772-1780.</item>
                              <item> Nafn og safnmark er skrifað framan á kápuspjald. Blár
                                 safnmarksmiði er á kili.</item>
                              <item>Handritið er í öskju með AM 113 b-k fol.</item>
                           </list></p>
                     </binding>
                  </bindingDesc>

                  <accMat>
                     <p>
                        <list>
                           <item n="1">Fastur <locus from="accMat01r" facs="#AM02-0113c-accMat01r" to="accMat01v">seðill</locus> með hendi <name key="ArnMag001" type="person">Árna Magnússonar</name> er á milli <locus from="0001v-FFl" facs="#AM02-0113c-0001v">fremra saublaðs
                                 verso</locus> og blaðs <locus from="1r" facs="#AM02-0113c-0001r" to="1r">1r</locus>.</item>
                        </list>
                     </p>
                  </accMat>

               </physDesc>
               <history>
                  <origin notBefore="1650" notAfter="1698">
                     <p>Handritið er skrifað á <origPlace key="IS">Íslandi</origPlace> ca
                                 <origDate notBefore="1650" notAfter="1698">1650-1698</origDate>.
                              Það er tímasett til 17. aldar í <bibl>
                                 <ref target="KKKat">Katalog I,</ref>
                              </bibl> bls. 75. Það var áður hluti af stærri bók (sbr.<locus from="accMat01r" facs="#AM02-0113c-accMat01r" to="accMat01v">seðil</locus>). Í þeirri bók voru einnig <ref target="AM02-0013" type="ms">AM 13 fol.</ref>, <ref target="AM02-0034-II" type="ms">AM
                                 34 II fol.</ref>, <ref target="AM02-0049" type="ms">AM 49
                                 fol.</ref>, <ref target="AM02-0113b" type="ms">AM 113 b.
                              fol.</ref>, <ref target="AM02-0148" type="ms">AM 148 fol.</ref>, <ref target="AM02-0155" type="ms">AM 155 fol.</ref> og <ref target="AM02-0185" type="ms">AM 185 fol.</ref> (<ref type="secondary-2">Agnete Loth 1967; 92-100</ref> og <ref>Jón
                                 Helgason 1970; 350-363</ref>
                              <!-- ekki getið um Jón í notaskránni - hvaða umfjöllun. -->).</p>
                  </origin>

                  <provenance>
                     <p>
                              <name key="ArnMag001" type="person">Árni Magnússon</name> fékk
                              handritið úr bók <name key="ThoVig002" type="person">Þorbjargar
                                 Vigfúsdóttur</name> sem hann fékk frá <name key="ThoJon007" type="person">Þórði Jónssyni</name> og tók í sundur. Þórður hafði
                              sett AM 113 c fol. í bókina í stað <ref target="AM02-0113b" type="ms">AM 113 b fol.</ref> (A) sem hann hafði áður gefið Árna (sbr.
                                 <locus from="accMat01r" facs="#AM02-0113c-accMat01r" to="accMat01v">seðill</locus>).</p>
                  </provenance>
                  <acquisition when="1974-04-08">
                     <p>Stofnun Árna Magnússonar á Íslandi tók við handritinu 8. apríl 1974.</p>
                  </acquisition>
               </history>
               <additional>
                  <adminInfo>
                     <recordHist>
                        <source>
                           <p>
                              <name key="KriKaa001" type="person">Kålund</name> gekk frá
                              handritinu til skráningar <date when="1885-10-30">30. október
                                 1885</date>
                              <bibl>
                                 <ref target="KKKat">Katalog I;</ref>
                              </bibl>bls. 75-76 (nr. 134),
                              <name key="DriThr001" type="person">DKÞ</name> grunnskráði <date when="2001-11-20">20. nóvember 2001</date>,
                                    <name type="person" key="ValHil001">VH</name> skráði handritið
                                    samkvæmt TEIP5 reglum <date when="2009-02-04">4. febrúar
                                       2009</date>.
                           </p>
                        </source>

                     </recordHist>
                     <custodialHist>
                        <custEvent type="conservation" when="1971">
                           <p>Viðgert og bundið af <name key="BirDal001" type="person">Birgitte
                                 Dall</name> í nóvember 1971.</p>
                        </custEvent>
                        <custEvent type="conservation" notBefore="1772" notAfter="1780">
                           <p>Bundið af <name key="MatBlo001" type="person">Matthiasi Larsen
                                 Bloch</name> á árunum 1772-1780.</p>
                        </custEvent>
                     </custodialHist>
                  </adminInfo>
                  <surrogates>
                     <p>
                        <list>
                           <item>Stafrænar myndir á www.sagnanet.is.</item>
                           <item>Svart-hvítar ljósmyndir á Det Arnamagnæanske Institut í
                              Kaupmannahöfn.</item>
                        </list>
                     </p>
                  </surrogates>
                  <listBibl>
                     <bibl>Loth, Agnete 1967, <ref type="secondary-2" target="AgnLot1104a">Om håndskrifter fra Vigur i Magnús Jónssons tid. Tre bidra</ref><biblScope type="volume">3</biblScope>
                        <biblScope type="pages">92-100</biblScope>.</bibl>
                     <bibl>Már Jónsson 1998, <ref type="secondary-3" target="MárJón1998a">Árni Magnússon:
                        ævisaga</ref>.</bibl>
                  </listBibl>
               </additional>
            </msDesc>
         </sourceDesc>
      </fileDesc>
      <revisionDesc>
         <change when="2008-10" who="#EriHas01">Migrated from MASTER to P5</change>
      </revisionDesc>
   </teiHeader>
	<facsimile xml:base="https://myndir.handrit.is/file/Handrit.is/">
		<surface xml:id="AM02-0113c-0000r-FB" n="0">
			<desc>0000r-FB</desc>
			<graphic mimeType="pdf" url="AM%20113%20c%20fol/0/HIGH_QUALITY_DISPLAY"/>
			<graphic mimeType="jpg" url="AM%20113%20c%20fol/0/THUMBNAIL" width="193px" height="300px"/>
			<graphic mimeType="jpg" url="AM%20113%20c%20fol/0/SECONDARY_DISPLAY" width="2604px" height="4056px"/>
			<graphic mimeType="pdf" url="AM%20113%20c%20fol/0/WEB_DISPLAY"/>
		</surface>
		<surface xml:id="AM02-0113c-0000v-FB" n="1">
			<desc>0000v-FB</desc>
			<graphic mimeType="pdf" url="AM%20113%20c%20fol/1/HIGH_QUALITY_DISPLAY"/>
			<graphic mimeType="jpg" url="AM%20113%20c%20fol/1/THUMBNAIL" width="191px" height="300px"/>
			<graphic mimeType="jpg" url="AM%20113%20c%20fol/1/SECONDARY_DISPLAY" width="2603px" height="4080px"/>
			<graphic mimeType="pdf" url="AM%20113%20c%20fol/1/WEB_DISPLAY"/>
		</surface>
		<surface xml:id="AM02-0113c-0001r-FFl" n="2">
			<desc>0001r-FFl</desc>
			<graphic mimeType="pdf" url="AM%20113%20c%20fol/2/HIGH_QUALITY_DISPLAY"/>
			<graphic mimeType="jpg" url="AM%20113%20c%20fol/2/THUMBNAIL" width="191px" height="300px"/>
			<graphic mimeType="jpg" url="AM%20113%20c%20fol/2/SECONDARY_DISPLAY" width="2603px" height="4080px"/>
			<graphic mimeType="pdf" url="AM%20113%20c%20fol/2/WEB_DISPLAY"/>
		</surface>
		<surface xml:id="AM02-0113c-0001v-FFl" n="3">
			<desc>0001v-FFl</desc>
			<graphic mimeType="pdf" url="AM%20113%20c%20fol/3/HIGH_QUALITY_DISPLAY"/>
			<graphic mimeType="jpg" url="AM%20113%20c%20fol/3/THUMBNAIL" width="188px" height="300px"/>
			<graphic mimeType="jpg" url="AM%20113%20c%20fol/3/SECONDARY_DISPLAY" width="2556px" height="4080px"/>
			<graphic mimeType="pdf" url="AM%20113%20c%20fol/3/WEB_DISPLAY"/>
		</surface>
		<surface xml:id="AM02-0113c-accMat01v" n="4">
			<desc>accMat01v</desc>
			<graphic mimeType="pdf" url="AM%20113%20c%20fol/4/HIGH_QUALITY_DISPLAY"/>
			<graphic mimeType="jpg" url="AM%20113%20c%20fol/4/THUMBNAIL" width="200px" height="298px"/>
			<graphic mimeType="jpg" url="AM%20113%20c%20fol/4/SECONDARY_DISPLAY" width="1692px" height="2520px"/>
			<graphic mimeType="pdf" url="AM%20113%20c%20fol/4/WEB_DISPLAY"/>
		</surface>
		<surface xml:id="AM02-0113c-accMat01r" n="5">
			<desc>accMat01r</desc>
			<graphic mimeType="pdf" url="AM%20113%20c%20fol/5/HIGH_QUALITY_DISPLAY"/>
			<graphic mimeType="jpg" url="AM%20113%20c%20fol/5/THUMBNAIL" width="189px" height="300px"/>
			<graphic mimeType="jpg" url="AM%20113%20c%20fol/5/SECONDARY_DISPLAY" width="1596px" height="2532px"/>
			<graphic mimeType="pdf" url="AM%20113%20c%20fol/5/WEB_DISPLAY"/>
		</surface>
		<surface xml:id="AM02-0113c-0001r" n="6">
			<desc>0001r</desc>
			<graphic mimeType="pdf" url="AM%20113%20c%20fol/6/HIGH_QUALITY_DISPLAY"/>
			<graphic mimeType="jpg" url="AM%20113%20c%20fol/6/THUMBNAIL" width="189px" height="300px"/>
			<graphic mimeType="jpg" url="AM%20113%20c%20fol/6/SECONDARY_DISPLAY" width="2580px" height="4092px"/>
			<graphic mimeType="pdf" url="AM%20113%20c%20fol/6/WEB_DISPLAY"/>
		</surface>
		<surface xml:id="AM02-0113c-0001v" n="7">
			<desc>0001v</desc>
			<graphic mimeType="pdf" url="AM%20113%20c%20fol/7/HIGH_QUALITY_DISPLAY"/>
			<graphic mimeType="jpg" url="AM%20113%20c%20fol/7/THUMBNAIL" width="189px" height="300px"/>
			<graphic mimeType="jpg" url="AM%20113%20c%20fol/7/SECONDARY_DISPLAY" width="2585px" height="4092px"/>
			<graphic mimeType="pdf" url="AM%20113%20c%20fol/7/WEB_DISPLAY"/>
		</surface>
		<surface xml:id="AM02-0113c-0002r" n="8">
			<desc>0002r</desc>
			<graphic mimeType="pdf" url="AM%20113%20c%20fol/8/HIGH_QUALITY_DISPLAY"/>
			<graphic mimeType="jpg" url="AM%20113%20c%20fol/8/THUMBNAIL" width="189px" height="300px"/>
			<graphic mimeType="jpg" url="AM%20113%20c%20fol/8/SECONDARY_DISPLAY" width="2585px" height="4092px"/>
			<graphic mimeType="pdf" url="AM%20113%20c%20fol/8/WEB_DISPLAY"/>
		</surface>
		<surface xml:id="AM02-0113c-0002v" n="9">
			<desc>0002v</desc>
			<graphic mimeType="pdf" url="AM%20113%20c%20fol/9/HIGH_QUALITY_DISPLAY"/>
			<graphic mimeType="jpg" url="AM%20113%20c%20fol/9/THUMBNAIL" width="189px" height="300px"/>
			<graphic mimeType="jpg" url="AM%20113%20c%20fol/9/SECONDARY_DISPLAY" width="2585px" height="4092px"/>
			<graphic mimeType="pdf" url="AM%20113%20c%20fol/9/WEB_DISPLAY"/>
		</surface>
		<surface xml:id="AM02-0113c-0003r" n="10">
			<desc>0003r</desc>
			<graphic mimeType="pdf" url="AM%20113%20c%20fol/10/HIGH_QUALITY_DISPLAY"/>
			<graphic mimeType="jpg" url="AM%20113%20c%20fol/10/THUMBNAIL" width="189px" height="300px"/>
			<graphic mimeType="jpg" url="AM%20113%20c%20fol/10/SECONDARY_DISPLAY" width="2585px" height="4092px"/>
			<graphic mimeType="pdf" url="AM%20113%20c%20fol/10/WEB_DISPLAY"/>
		</surface>
		<surface xml:id="AM02-0113c-0003v" n="11">
			<desc>0003v</desc>
			<graphic mimeType="pdf" url="AM%20113%20c%20fol/11/HIGH_QUALITY_DISPLAY"/>
			<graphic mimeType="jpg" url="AM%20113%20c%20fol/11/THUMBNAIL" width="189px" height="300px"/>
			<graphic mimeType="jpg" url="AM%20113%20c%20fol/11/SECONDARY_DISPLAY" width="2585px" height="4092px"/>
			<graphic mimeType="pdf" url="AM%20113%20c%20fol/11/WEB_DISPLAY"/>
		</surface>
		<surface xml:id="AM02-0113c-0004r" n="12">
			<desc>0004r</desc>
			<graphic mimeType="pdf" url="AM%20113%20c%20fol/12/HIGH_QUALITY_DISPLAY"/>
			<graphic mimeType="jpg" url="AM%20113%20c%20fol/12/THUMBNAIL" width="189px" height="300px"/>
			<graphic mimeType="jpg" url="AM%20113%20c%20fol/12/SECONDARY_DISPLAY" width="2585px" height="4092px"/>
			<graphic mimeType="pdf" url="AM%20113%20c%20fol/12/WEB_DISPLAY"/>
		</surface>
		<surface xml:id="AM02-0113c-0004v" n="13">
			<desc>0004v</desc>
			<graphic mimeType="pdf" url="AM%20113%20c%20fol/13/HIGH_QUALITY_DISPLAY"/>
			<graphic mimeType="jpg" url="AM%20113%20c%20fol/13/THUMBNAIL" width="189px" height="300px"/>
			<graphic mimeType="jpg" url="AM%20113%20c%20fol/13/SECONDARY_DISPLAY" width="2585px" height="4092px"/>
			<graphic mimeType="pdf" url="AM%20113%20c%20fol/13/WEB_DISPLAY"/>
		</surface>
		<surface xml:id="AM02-0113c-0005r" n="14">
			<desc>0005r</desc>
			<graphic mimeType="pdf" url="AM%20113%20c%20fol/14/HIGH_QUALITY_DISPLAY"/>
			<graphic mimeType="jpg" url="AM%20113%20c%20fol/14/THUMBNAIL" width="189px" height="300px"/>
			<graphic mimeType="jpg" url="AM%20113%20c%20fol/14/SECONDARY_DISPLAY" width="2585px" height="4092px"/>
			<graphic mimeType="pdf" url="AM%20113%20c%20fol/14/WEB_DISPLAY"/>
		</surface>
		<surface xml:id="AM02-0113c-0005v" n="15">
			<desc>0005v</desc>
			<graphic mimeType="pdf" url="AM%20113%20c%20fol/15/HIGH_QUALITY_DISPLAY"/>
			<graphic mimeType="jpg" url="AM%20113%20c%20fol/15/THUMBNAIL" width="189px" height="300px"/>
			<graphic mimeType="jpg" url="AM%20113%20c%20fol/15/SECONDARY_DISPLAY" width="2585px" height="4092px"/>
			<graphic mimeType="pdf" url="AM%20113%20c%20fol/15/WEB_DISPLAY"/>
		</surface>
		<surface xml:id="AM02-0113c-0006r" n="16">
			<desc>0006r</desc>
			<graphic mimeType="pdf" url="AM%20113%20c%20fol/16/HIGH_QUALITY_DISPLAY"/>
			<graphic mimeType="jpg" url="AM%20113%20c%20fol/16/THUMBNAIL" width="189px" height="300px"/>
			<graphic mimeType="jpg" url="AM%20113%20c%20fol/16/SECONDARY_DISPLAY" width="2585px" height="4092px"/>
			<graphic mimeType="pdf" url="AM%20113%20c%20fol/16/WEB_DISPLAY"/>
		</surface>
		<surface xml:id="AM02-0113c-0006v" n="17">
			<desc>0006v</desc>
			<graphic mimeType="pdf" url="AM%20113%20c%20fol/17/HIGH_QUALITY_DISPLAY"/>
			<graphic mimeType="jpg" url="AM%20113%20c%20fol/17/THUMBNAIL" width="189px" height="300px"/>
			<graphic mimeType="jpg" url="AM%20113%20c%20fol/17/SECONDARY_DISPLAY" width="2585px" height="4092px"/>
			<graphic mimeType="pdf" url="AM%20113%20c%20fol/17/WEB_DISPLAY"/>
		</surface>
		<surface xml:id="AM02-0113c-0007r" n="18">
			<desc>0007r</desc>
			<graphic mimeType="pdf" url="AM%20113%20c%20fol/18/HIGH_QUALITY_DISPLAY"/>
			<graphic mimeType="jpg" url="AM%20113%20c%20fol/18/THUMBNAIL" width="189px" height="300px"/>
			<graphic mimeType="jpg" url="AM%20113%20c%20fol/18/SECONDARY_DISPLAY" width="2585px" height="4092px"/>
			<graphic mimeType="pdf" url="AM%20113%20c%20fol/18/WEB_DISPLAY"/>
		</surface>
		<surface xml:id="AM02-0113c-0007v" n="19">
			<desc>0007v</desc>
			<graphic mimeType="pdf" url="AM%20113%20c%20fol/19/HIGH_QUALITY_DISPLAY"/>
			<graphic mimeType="jpg" url="AM%20113%20c%20fol/19/THUMBNAIL" width="189px" height="300px"/>
			<graphic mimeType="jpg" url="AM%20113%20c%20fol/19/SECONDARY_DISPLAY" width="2585px" height="4092px"/>
			<graphic mimeType="pdf" url="AM%20113%20c%20fol/19/WEB_DISPLAY"/>
		</surface>
		<surface xml:id="AM02-0113c-9901r-RFl" n="20">
			<desc>9901r-RFl</desc>
			<graphic mimeType="pdf" url="AM%20113%20c%20fol/20/HIGH_QUALITY_DISPLAY"/>
			<graphic mimeType="jpg" url="AM%20113%20c%20fol/20/THUMBNAIL" width="189px" height="300px"/>
			<graphic mimeType="jpg" url="AM%20113%20c%20fol/20/SECONDARY_DISPLAY" width="2585px" height="4092px"/>
			<graphic mimeType="pdf" url="AM%20113%20c%20fol/20/WEB_DISPLAY"/>
		</surface>
		<surface xml:id="AM02-0113c-9901v-RFl" n="21">
			<desc>9901v-RFl</desc>
			<graphic mimeType="pdf" url="AM%20113%20c%20fol/21/HIGH_QUALITY_DISPLAY"/>
			<graphic mimeType="jpg" url="AM%20113%20c%20fol/21/THUMBNAIL" width="189px" height="300px"/>
			<graphic mimeType="jpg" url="AM%20113%20c%20fol/21/SECONDARY_DISPLAY" width="2585px" height="4092px"/>
			<graphic mimeType="pdf" url="AM%20113%20c%20fol/21/WEB_DISPLAY"/>
		</surface>
		<surface xml:id="AM02-0113c-9999r-RB" n="22">
			<desc>9999r-RB</desc>
			<graphic mimeType="pdf" url="AM%20113%20c%20fol/22/HIGH_QUALITY_DISPLAY"/>
			<graphic mimeType="jpg" url="AM%20113%20c%20fol/22/THUMBNAIL" width="189px" height="300px"/>
			<graphic mimeType="jpg" url="AM%20113%20c%20fol/22/SECONDARY_DISPLAY" width="2585px" height="4092px"/>
			<graphic mimeType="pdf" url="AM%20113%20c%20fol/22/WEB_DISPLAY"/>
		</surface>
		<surface xml:id="AM02-0113c-9999v-RB" n="23">
			<desc>9999v-RB</desc>
			<graphic mimeType="pdf" url="AM%20113%20c%20fol/23/HIGH_QUALITY_DISPLAY"/>
			<graphic mimeType="jpg" url="AM%20113%20c%20fol/23/THUMBNAIL" width="191px" height="300px"/>
			<graphic mimeType="jpg" url="AM%20113%20c%20fol/23/SECONDARY_DISPLAY" width="2604px" height="4092px"/>
			<graphic mimeType="pdf" url="AM%20113%20c%20fol/23/WEB_DISPLAY"/>
		</surface>
		<surface xml:id="AM02-0113c-ccp" n="24">
			<desc>ccp</desc>
			<graphic mimeType="pdf" url="AM%20113%20c%20fol/24/HIGH_QUALITY_DISPLAY"/>
			<graphic mimeType="jpg" url="AM%20113%20c%20fol/24/THUMBNAIL" width="200px" height="294px"/>
			<graphic mimeType="jpg" url="AM%20113%20c%20fol/24/SECONDARY_DISPLAY" width="2040px" height="3000px"/>
			<graphic mimeType="pdf" url="AM%20113%20c%20fol/24/WEB_DISPLAY"/>
		</surface>
	</facsimile>
	<text>
      <body>

         <p/>
      </body>
   </text>
</TEI>