<?xml version="1.0" encoding="UTF-8"?>
<?oxygen RNGSchema="http://www.handrit.is/schema/handrit-1.0.rnc" type="compact"?>
<TEI xmlns="http://www.tei-c.org/ns/1.0">
   <teiHeader>
      <fileDesc>
         <titleStmt>
            <title>Handritaskrá Árnastofnunar</title>
         </titleStmt>
         <publicationStmt>
            <p>Tilraunaútgáfa</p>
         </publicationStmt>
         <sourceDesc>
            <msDesc xml:lang="is" xml:id="AM02-0163c-is">
               <msIdentifier>
                  <country key="IS">Ísland</country>
                  <settlement>Reykjavík</settlement>
                  <institution>Stofnun Árna Magnússonar í íslenskum fræðum</institution>
                  <repository>Handritasvið</repository>
                  <collection>Safn Árna Magnússonar</collection>
                  <idno>AM 163 c fol.</idno>
                  <altIdentifier type="internal" subtype="KKKat">
                     <idno>205</idno>
                  </altIdentifier>
               </msIdentifier>

               <!--  Not: 
   Íslendinga sögur II, Kbh. 1847.
   AM 163: Slay, Desmond. The manuscripts of Hrólfs saga Kraka. Hafniæ: 1960. (Bibliotheca Arnamagnæana; 24).
AM-fol 163 a-d, i: Ólafur Halldórsson. Athugasemdir við bók Más Jónssonar um Árna Magnússon. Gripla. 2000; 11:326-328.-->


               <msContents>
                  <summary>
                     <title type="supplied">Sögubók</title>
                  </summary>
                  <textLang mainLang="is">Íslenska</textLang>

                  <msItem n="1" class="isl" defective="true">
                     <locus from="1ra" facs="#AM02-0163c-1ra" to="1ra">1ra</locus>
                     <title type="uniform">Eyrbyggja saga</title>
                     <incipit>… fund 00 það er hin mesta ófæra …</incipit>
                     <explicit>… þar sem nú stendur kirkjan.</explicit>
                     <finalRubric>Og lyktar hér nú sögu Þórsnesinga eður Eyrbyggja.</finalRubric>
                     <note>
                        <p> Sagan er óheil.</p>
                        <p>
                           <locus from="0001r-FFl" facs="#AM02-0163c-0001r-FFl" to="0001v-FFl">Hluti
                              saurblaðs</locus> var áður límdur yfir hluta blaðs <locus from="1r" facs="#AM02-0163c-0001r" to="1r">1r</locus>.</p>

                     </note>
                  </msItem>

                  <msItem n="2" class="isl" defective="false">
                     <locus from="1rb" facs="#AM02-0163c-1rb" to="5r">1rb-5rb</locus>
                     <title type="uniform">Kjalnesinga saga</title>
                     <rubric>Hér byrjar sögu af Búa.</rubric>
                     <incipit>Helgi bjóla sonur Ketils flatnefs …</incipit>
                     <explicit>… Og er mikil ætt frá honum komin.</explicit>
                     <finalRubric>Og endar hér Kjalnesinga sögu.</finalRubric>
                  </msItem>

                  <msItem n="3" class="islt" defective="false">
                     <locus from="5rb" facs="#AM02-0163c-5rb" to="6vb">5rb-6vb</locus>
                     <title type="uniform">Jökuls þáttur Búasonar</title>
                     <rubric>Hér byrjar sögu af Jökli Búasyni</rubric>
                     <incipit>Það er nú þessu næst sagt að Jökli Búasyni þótti svo illt verk sitt …</incipit>
                     <explicit>… átti hann mörg börn við Marsibilla er tóku konungdóm og ríki eftir
                        hann. </explicit>
                     <finalRubric>Og endar hér þennan Jökuls þátt.</finalRubric>
                  </msItem>

               </msContents>

               <physDesc>
                  <objectDesc form="codex">
                     <supportDesc material="chart">
                        <support>
                           <p>Pappír með vatnsmerkjum.</p>
                           <p>
                              <watermark n="1">
                                 Vatnsmerki 1. Aðalmerki:
                                 <ref target="watermark:B">Dárahöfuð með Hermes krossi og 3 stórum hringjum á staf</ref>
                                 // Ekkert mótmerki (
                                 <locus from="2r" to="2v">2</locus>
                                 ).
                              </watermark>
                           </p>
                           <p>
                              <watermark n="2">
                                 Vatnsmerki 2. Aðalmerki:
                                 <ref target="watermark:G6-2">Sverðlilja</ref>
                                 (
                                 <locus from="3r" to="4v">3-4</locus>
                                 )
                                 // Mótmerki:
                                 <ref target="watermark:R">Flagg með þremur bókstöfum, IWR</ref>
                                 (
                                 <locus from="5r" to="6v">5-6</locus>
                                 ).
                              </watermark>
                           </p>
                        </support>
                        <extent>i + 6 blöð (<dimensions type="leaf" unit="mm" scope="all">
                              <height>315</height>
                              <width>200</width>
                           </dimensions>). Helmingur blaðs <locus from="6v" facs="#AM02-0163c-0006v" to="6v">6v </locus> er auður.</extent>

                        <foliation>
                           <p>
                              <list>
                                 <item>Blöð 1-2 eru upprunalega blaðmerkt 77-78.</item>
                                 <item>Síðari blaðmerking er með rauðum lit 1-6.</item>
                              </list>
                           </p>
                        </foliation>

                        <collation>
                           <p>Eitt kver. <list>
                                 <item>Kver I: blöð 1r-6v, 2 tvinn + 2 stök blöð.</item>
                              </list>
                           </p>
                        </collation>

                        <condition>
                           <p>
                              <list>
                                 <item>Hluti saurblaðs var límt yfir texta á innri dálki á blaði
                                       <locus from="1r" facs="#AM02-0163c-0001r" to="1r">1r.</locus>
                                    Það hefur verið losað frá.</item>
                              </list>
                           </p>
                        </condition>

                     </supportDesc>

                     <layoutDesc>
                        <layout columns="2" writtenLines="65">
                           <p>
                              <list>
                                 <item>Tvídálka.</item>
                                 <item>Leturflötur er ca <dimensions type="leaf" unit="mm">
                                       <height>285</height>
                                       <width>155</width>
                                    </dimensions>.</item>
                                 <item>Síðutitlar.</item>
                                 <item>Blöð eru miðjusett með pennastriki og myndaðir tveir dálkar.</item>
                                 <item>
                                    <catchwords>Griporð eru í hverjum dálki neðst til hægri, sjá
                                       t.d. blöð <locus from="3r" facs="#AM02-0163c-0003r" to="4r">3r-4r</locus>.</catchwords>
                                 </item>
                                 <item>Skrifari lýkur hverri sögu með því að setja tvö skástrik í
                                    lokin (sjá t.d. blað <locus from="6v" facs="#AM02-0163c-0006v" to="6v">6v</locus>).</item>
                              </list>
                           </p>
                        </layout>
                     </layoutDesc>
                  </objectDesc>

                  <handDesc hands="1">
                     <handNote scribe="unknown" scope="sole" script="hybrida">Óþekktur skrifari;
                        blendingsskrift.</handNote>
                  </handDesc>

                  <additions>
                     <p>
                        <list>
                           <item>Safnmark og upplýsingar um eldri skráningu eru skrifuð með hendi
                              Kålunds á <locus from="0000v-FB" facs="#AM02-0163c-0000v-FB" to="0000v-FB">fremra bandi verso</locus>.</item>
                        </list>
                     </p>
                  </additions>

                  <bindingDesc>
                     <binding contemporary="false">
                        <p> Pappaband frá árunum 1772-1780 (<dimensions type="binding" unit="mm">
                              <height>318</height>
                              <width>204</width>
                              <depth>4</depth>
                           </dimensions>). Framan á kápu eru titill sögunnar og safnmark skráð. Blár
                           safnmarksmiði er á kili. </p>
                     </binding>
                  </bindingDesc>

               </physDesc>

               <history>
                  <origin notBefore="1650" notAfter="1682">
                     <p> Handritið var upprunalega hluti af stærri bók sem skrifuð var á <origPlace key="IS">Íslandi</origPlace> fyrir 1683 (sbr. seðil í <ref target="AM02-0163a" type="ms">AM 163 a fol.</ref>) á <origPlace key="IS">Íslandi</origPlace>. Það er tímasett til ca <origDate notBefore="1650" notAfter="1682">1650-1683</origDate>. Í <bibl>
                           <ref target="KKKat">Katalog I</ref>
                        </bibl>, bls. 127, er það tímasett til síðari hluta 17. aldar. Í sömu bók
                        voru <ref target="AM02-0163a" type="ms">AM 163 a fol.</ref>, <ref target="AM02-0163b" type="ms">AM 163 b fol.</ref>, <ref target="AM02-0163d" type="ms">AM 163 d fol.</ref>, <ref target="AM02-0110" type="ms">AM 110 fol.</ref>, <ref target="AM02-0125" type="ms">AM 125 fol.</ref> og blöð <locus from="10r" facs="#AM02-0163c-0010r" to="11v">10r-11v</locus> í <ref target="AM02-202g" type="ms">AM 202 g fol.</ref>
                     </p>

                  </origin>

                  <provenance>
                     <p>
                      Bókina sem handritið tilheyrði keypti <name key="ArnMag001" type="person">Árni Magnússon</name> af <name key="SigMag003" type="person">Sigurði Magnússyni</name> á <name type="place">Ferju</name> árið <date when="1711">1711</date> og tók í sundur (sbr.
                              seðil í <ref target="AM02-0163a" type="ms">AM 163 a
                           fol.</ref>).
                     </p>
                  </provenance>
                  <acquisition when="1975-05-14">
                     <p>Stofnun Árna Magnússonar á Íslandi tók við handritinu 14. maí 1975.</p>
                  </acquisition>
               </history>
               <additional>
                  <adminInfo>
                     <recordHist>

                        <source>
                           <p>
                              <name key="KriKaa001" type="person">Kålund</name> gekk frá
                              handritinu til skráningar<date when="1885-12-19">19. desember
                                 1885</date>.<bibl>
                                    <ref target="KKKat">Katalog I; </ref>
                                 </bibl>bls. 127 (nr.205),  <name key="DriThr001" type="person">DKÞ</name> grunnskráði <date when="2000-03-30">30. mars 2000</date>, 
                                    <name type="person" key="ValHil001">VH</name> skráði handritið
                                    samkvæmt TEIP5 reglum <date when="2008-12-09">9. desember
                                    2008</date>; lagfærði í <date when="2010-11">nóvember 2010</date>. <name key="ThuSig002" type="person">ÞÓS</name> skráði <date when="2020-06-22">22. júní 2020</date>.
                                  
                               
                                    </p>
                            
                        </source>

                     </recordHist>
                     <custodialHist>
                        <custEvent type="conservation" notBefore="1772" notAfter="1780">
                           <p>Bundið af <name key="MatBlo001" type="person">Matthiasi Larsen
                              Bloch</name> á árunum 1772-1780.</p>
                        </custEvent>
                     </custodialHist>
                  </adminInfo>
                  <surrogates>
                     <p>
                        <list>
                           <item>Stafrænar myndir á www.sagnanet.is.</item>
                           <item>Svart-hvítar ljósmyndir á Det Arnamagnæanske Institut í
                              Kaupmannahöfn.</item>
                        </list>
                     </p>
                  </surrogates>
                  <listBibl>
                     <bibl>Arthur, S. M. 2012, <ref target="SusArt2012a">The importance of marital and maternal ties in the distribution of Icelandic manuscripts from the middle ages to the seventeenth century</ref></bibl>
                     <bibl>Ólafur Halldórsson 2000, <ref target="ÓlaHal2000d">Athugasemdir við bók Más Jónssonar um Árna Magnússon</ref></bibl>
                  </listBibl>
               </additional>
            </msDesc>
         </sourceDesc>
      </fileDesc>
      <revisionDesc>
         <change when="2008-10" who="#EriHas01">Migrated from MASTER to P5</change>
      </revisionDesc>
   </teiHeader>
	<facsimile xml:base="https://myndir.handrit.is/file/Handrit.is/">
		<surface xml:id="AM02-0163c-0000r-FB" n="0">
			<desc>0000r-FB</desc>
			<graphic mimeType="pdf" url="AM%20163%20c%20fol/0/HIGH_QUALITY_DISPLAY"/>
			<graphic mimeType="jpg" url="AM%20163%20c%20fol/0/THUMBNAIL" width="199px" height="300px"/>
			<graphic mimeType="jpg" url="AM%20163%20c%20fol/0/SECONDARY_DISPLAY" width="3084px" height="4656px"/>
			<graphic mimeType="pdf" url="AM%20163%20c%20fol/0/WEB_DISPLAY"/>
		</surface>
		<surface xml:id="AM02-0163c-0000v-FB" n="1">
			<desc>0000v-FB</desc>
			<graphic mimeType="pdf" url="AM%20163%20c%20fol/1/HIGH_QUALITY_DISPLAY"/>
			<graphic mimeType="jpg" url="AM%20163%20c%20fol/1/THUMBNAIL" width="187px" height="300px"/>
			<graphic mimeType="jpg" url="AM%20163%20c%20fol/1/SECONDARY_DISPLAY" width="2909px" height="4656px"/>
			<graphic mimeType="pdf" url="AM%20163%20c%20fol/1/WEB_DISPLAY"/>
		</surface>
		<surface xml:id="AM02-0163c-0001r-FFl" n="2">
			<desc>0001r-FFl</desc>
			<graphic mimeType="pdf" url="AM%20163%20c%20fol/2/HIGH_QUALITY_DISPLAY"/>
			<graphic mimeType="jpg" url="AM%20163%20c%20fol/2/THUMBNAIL" width="187px" height="300px"/>
			<graphic mimeType="jpg" url="AM%20163%20c%20fol/2/SECONDARY_DISPLAY" width="2909px" height="4656px"/>
			<graphic mimeType="pdf" url="AM%20163%20c%20fol/2/WEB_DISPLAY"/>
		</surface>
		<surface xml:id="AM02-0163c-0001v-FFl" n="3">
			<desc>0001v-FFl</desc>
			<graphic mimeType="pdf" url="AM%20163%20c%20fol/3/HIGH_QUALITY_DISPLAY"/>
			<graphic mimeType="jpg" url="AM%20163%20c%20fol/3/THUMBNAIL" width="187px" height="300px"/>
			<graphic mimeType="jpg" url="AM%20163%20c%20fol/3/SECONDARY_DISPLAY" width="2909px" height="4656px"/>
			<graphic mimeType="pdf" url="AM%20163%20c%20fol/3/WEB_DISPLAY"/>
		</surface>
		<surface xml:id="AM02-0163c-0001r" n="4">
			<desc>0001r</desc>
			<graphic mimeType="pdf" url="AM%20163%20c%20fol/4/HIGH_QUALITY_DISPLAY"/>
			<graphic mimeType="jpg" url="AM%20163%20c%20fol/4/THUMBNAIL" width="187px" height="300px"/>
			<graphic mimeType="jpg" url="AM%20163%20c%20fol/4/SECONDARY_DISPLAY" width="2909px" height="4656px"/>
			<graphic mimeType="pdf" url="AM%20163%20c%20fol/4/WEB_DISPLAY"/>
		</surface>
		<surface xml:id="AM02-0163c-0001v" n="5">
			<desc>0001v</desc>
			<graphic mimeType="pdf" url="AM%20163%20c%20fol/5/HIGH_QUALITY_DISPLAY"/>
			<graphic mimeType="jpg" url="AM%20163%20c%20fol/5/THUMBNAIL" width="192px" height="300px"/>
			<graphic mimeType="jpg" url="AM%20163%20c%20fol/5/SECONDARY_DISPLAY" width="2975px" height="4656px"/>
			<graphic mimeType="pdf" url="AM%20163%20c%20fol/5/WEB_DISPLAY"/>
		</surface>
		<surface xml:id="AM02-0163c-0002r" n="6">
			<desc>0002r</desc>
			<graphic mimeType="pdf" url="AM%20163%20c%20fol/6/HIGH_QUALITY_DISPLAY"/>
			<graphic mimeType="jpg" url="AM%20163%20c%20fol/6/THUMBNAIL" width="192px" height="300px"/>
			<graphic mimeType="jpg" url="AM%20163%20c%20fol/6/SECONDARY_DISPLAY" width="2975px" height="4656px"/>
			<graphic mimeType="pdf" url="AM%20163%20c%20fol/6/WEB_DISPLAY"/>
		</surface>
		<surface xml:id="AM02-0163c-0002v" n="7">
			<desc>0002v</desc>
			<graphic mimeType="pdf" url="AM%20163%20c%20fol/7/HIGH_QUALITY_DISPLAY"/>
			<graphic mimeType="jpg" url="AM%20163%20c%20fol/7/THUMBNAIL" width="184px" height="300px"/>
			<graphic mimeType="jpg" url="AM%20163%20c%20fol/7/SECONDARY_DISPLAY" width="2861px" height="4656px"/>
			<graphic mimeType="pdf" url="AM%20163%20c%20fol/7/WEB_DISPLAY"/>
		</surface>
		<surface xml:id="AM02-0163c-0003r" n="8">
			<desc>0003r</desc>
			<graphic mimeType="pdf" url="AM%20163%20c%20fol/8/HIGH_QUALITY_DISPLAY"/>
			<graphic mimeType="jpg" url="AM%20163%20c%20fol/8/THUMBNAIL" width="184px" height="300px"/>
			<graphic mimeType="jpg" url="AM%20163%20c%20fol/8/SECONDARY_DISPLAY" width="2861px" height="4656px"/>
			<graphic mimeType="pdf" url="AM%20163%20c%20fol/8/WEB_DISPLAY"/>
		</surface>
		<surface xml:id="AM02-0163c-0003v" n="9">
			<desc>0003v</desc>
			<graphic mimeType="pdf" url="AM%20163%20c%20fol/9/HIGH_QUALITY_DISPLAY"/>
			<graphic mimeType="jpg" url="AM%20163%20c%20fol/9/THUMBNAIL" width="191px" height="300px"/>
			<graphic mimeType="jpg" url="AM%20163%20c%20fol/9/SECONDARY_DISPLAY" width="2969px" height="4656px"/>
			<graphic mimeType="pdf" url="AM%20163%20c%20fol/9/WEB_DISPLAY"/>
		</surface>
		<surface xml:id="AM02-0163c-0004r" n="10">
			<desc>0004r</desc>
			<graphic mimeType="pdf" url="AM%20163%20c%20fol/10/HIGH_QUALITY_DISPLAY"/>
			<graphic mimeType="jpg" url="AM%20163%20c%20fol/10/THUMBNAIL" width="191px" height="300px"/>
			<graphic mimeType="jpg" url="AM%20163%20c%20fol/10/SECONDARY_DISPLAY" width="2969px" height="4656px"/>
			<graphic mimeType="pdf" url="AM%20163%20c%20fol/10/WEB_DISPLAY"/>
		</surface>
		<surface xml:id="AM02-0163c-0004v" n="11">
			<desc>0004v</desc>
			<graphic mimeType="pdf" url="AM%20163%20c%20fol/11/HIGH_QUALITY_DISPLAY"/>
			<graphic mimeType="jpg" url="AM%20163%20c%20fol/11/THUMBNAIL" width="191px" height="300px"/>
			<graphic mimeType="jpg" url="AM%20163%20c%20fol/11/SECONDARY_DISPLAY" width="2969px" height="4656px"/>
			<graphic mimeType="pdf" url="AM%20163%20c%20fol/11/WEB_DISPLAY"/>
		</surface>
		<surface xml:id="AM02-0163c-0005r" n="12">
			<desc>0005r</desc>
			<graphic mimeType="pdf" url="AM%20163%20c%20fol/12/HIGH_QUALITY_DISPLAY"/>
			<graphic mimeType="jpg" url="AM%20163%20c%20fol/12/THUMBNAIL" width="191px" height="300px"/>
			<graphic mimeType="jpg" url="AM%20163%20c%20fol/12/SECONDARY_DISPLAY" width="2969px" height="4656px"/>
			<graphic mimeType="pdf" url="AM%20163%20c%20fol/12/WEB_DISPLAY"/>
		</surface>
		<surface xml:id="AM02-0163c-0005v" n="13">
			<desc>0005v</desc>
			<graphic mimeType="pdf" url="AM%20163%20c%20fol/13/HIGH_QUALITY_DISPLAY"/>
			<graphic mimeType="jpg" url="AM%20163%20c%20fol/13/THUMBNAIL" width="191px" height="300px"/>
			<graphic mimeType="jpg" url="AM%20163%20c%20fol/13/SECONDARY_DISPLAY" width="2969px" height="4656px"/>
			<graphic mimeType="pdf" url="AM%20163%20c%20fol/13/WEB_DISPLAY"/>
		</surface>
		<surface xml:id="AM02-0163c-0006r" n="14">
			<desc>0006r</desc>
			<graphic mimeType="pdf" url="AM%20163%20c%20fol/14/HIGH_QUALITY_DISPLAY"/>
			<graphic mimeType="jpg" url="AM%20163%20c%20fol/14/THUMBNAIL" width="191px" height="300px"/>
			<graphic mimeType="jpg" url="AM%20163%20c%20fol/14/SECONDARY_DISPLAY" width="2969px" height="4656px"/>
			<graphic mimeType="pdf" url="AM%20163%20c%20fol/14/WEB_DISPLAY"/>
		</surface>
		<surface xml:id="AM02-0163c-0006v" n="15">
			<desc>0006v</desc>
			<graphic mimeType="pdf" url="AM%20163%20c%20fol/15/HIGH_QUALITY_DISPLAY"/>
			<graphic mimeType="jpg" url="AM%20163%20c%20fol/15/THUMBNAIL" width="193px" height="300px"/>
			<graphic mimeType="jpg" url="AM%20163%20c%20fol/15/SECONDARY_DISPLAY" width="2999px" height="4656px"/>
			<graphic mimeType="pdf" url="AM%20163%20c%20fol/15/WEB_DISPLAY"/>
		</surface>
		<surface xml:id="AM02-0163c-9999r-RB" n="16">
			<desc>9999r-RB</desc>
			<graphic mimeType="pdf" url="AM%20163%20c%20fol/16/HIGH_QUALITY_DISPLAY"/>
			<graphic mimeType="jpg" url="AM%20163%20c%20fol/16/THUMBNAIL" width="193px" height="300px"/>
			<graphic mimeType="jpg" url="AM%20163%20c%20fol/16/SECONDARY_DISPLAY" width="2999px" height="4656px"/>
			<graphic mimeType="pdf" url="AM%20163%20c%20fol/16/WEB_DISPLAY"/>
		</surface>
		<surface xml:id="AM02-0163c-9999v-RB" n="17">
			<desc>9999v-RB</desc>
			<graphic mimeType="pdf" url="AM%20163%20c%20fol/17/HIGH_QUALITY_DISPLAY"/>
			<graphic mimeType="jpg" url="AM%20163%20c%20fol/17/THUMBNAIL" width="199px" height="300px"/>
			<graphic mimeType="jpg" url="AM%20163%20c%20fol/17/SECONDARY_DISPLAY" width="3096px" height="4656px"/>
			<graphic mimeType="pdf" url="AM%20163%20c%20fol/17/WEB_DISPLAY"/>
		</surface>
		<surface xml:id="AM02-0163c-ccp" n="18">
			<desc>ccp</desc>
			<graphic mimeType="pdf" url="AM%20163%20c%20fol/18/HIGH_QUALITY_DISPLAY"/>
			<graphic mimeType="jpg" url="AM%20163%20c%20fol/18/THUMBNAIL" width="198px" height="300px"/>
			<graphic mimeType="jpg" url="AM%20163%20c%20fol/18/SECONDARY_DISPLAY" width="2088px" height="3168px"/>
			<graphic mimeType="pdf" url="AM%20163%20c%20fol/18/WEB_DISPLAY"/>
		</surface>
	</facsimile>
	<text>
      <body>

         <p/>
      </body>
   </text>
</TEI>