<?xml version="1.0" encoding="UTF-8"?>
<?oxygen RNGSchema="http://www.handrit.is/schema/handrit-1.0.rnc" type="compact"?>
<TEI xmlns="http://www.tei-c.org/ns/1.0">
    <teiHeader>
        <fileDesc>
            <titleStmt>
                <title>Handritaskrá Árnastofnunar</title>
            </titleStmt>
            <publicationStmt>
                <p>Tilraunaútgáfa</p>
            </publicationStmt>
            <sourceDesc>
                <msDesc xml:lang="is" xml:id="AM02-0138-is">
                    <msIdentifier>
                        <country key="IS">Ísland</country>
                        <settlement>Reykjavík</settlement>
                        <institution>Stofnun Árna Magnússonar í íslenskum fræðum</institution>
                        <repository>Handritasvið</repository>
                        <collection>Safn Árna Magnússonar</collection>
                        <idno>AM 138 fol.</idno>
                        <altIdentifier type="internal" subtype="KKKat">
                            <idno>167</idno>
                        </altIdentifier>
                    </msIdentifier>
                    <!-- Not:
                    Vatnsdæla saga, Kbh. 1812, s. XVI; Fornsögur, Leipzig 1860, s. XVI.
                    Eggen, Erik. The sequenses of archbishopric of Nidarós. Hafniæ: 1968. I. Text; II. Facsim. (Bibliotheca Arnamagnæana; 21-22).
                Loth, Agnete. Sönderdelte arnamagnæanske papirhaandskrifter. Opuscula. 1960; 1 (Bibliotheca Arnamagnæana; 20): 113-142.
                Slay, Desmond. The manuscripts of Hrólfs saga Kraka. Hafniæ: 1960. (Bibliotheca Arnamagnæana; 24).
                Vatnsdæla saga. Hallfreðar saga. Kormáks saga. Hrómundar þáttr halta. Hrafns þáttr Guðrúnarsonar. Einar Ól. Sveinsson, gaf út. Reykjavík: Hið íslenzka fornritafélag; 1939. (Íslenzk fornrit; 8).
                Vatansdæla saga. Finnur Jónsson, ed. Köbenhavn: Samfund til udgivelse af gammel nordisk litteratur; 1934. (S.T.U.A.G.N.L; 58).-->
                    <msContents>

                        <msItem n="1" defective="false" class="isl">
                            <locus from="1r" facs="#AM02-0138-0001r" to="40r">1r-40r</locus>
                            <title type="uniform">Vatnsdæla saga</title>
                            <textLang mainLang="is">Íslenska.</textLang>
                            <rubric>Þessi saga kallast Vatnsdæla.</rubric>
                            <incipit>Maður er nefndur Ketill …</incipit>
                            <explicit>… hann var rétttrúaður maður og elskaði Guð.</explicit>
                            <finalRubric>Og endum vér þar Vatnsdæla sögu.</finalRubric>

                            <note>Niðurlag <ref type="uniform">Eyrbyggju</ref>, sbr. <bibl>
                                    <ref target="KKKat">Katalog I</ref>
                                </bibl> (ógreinilegt), er í 11 efstu línunum á blaði <locus from="1r" facs="#AM02-0138-0001r" to="1r">1r</locus>, yfirstrikað. </note>
                        </msItem>

                    </msContents>
                    <physDesc>
                        <objectDesc form="codex">
                            <supportDesc material="chart">
                                <support>
                                	<p>Pappír með vatnsmerkjum.</p>
                                	<p>
                                		<watermark n="1">
                                			Vatnsmerki 1. Aðalmerki:
                                			<ref target="watermark:U">Lítið skjaldarmerki í skreyttum hringlaga ramma. Fyrir innan er tré með þremur akörnum, fangamark PK og kóróna efst</ref>
                                			<ref target="https://www.wasserzeichen-online.de/wzis/struktur.php?ref=IS5000-02-0138_1v">IS5000-02-0138_1v</ref>
                                			<ref target="https://www.wasserzeichen-online.de/wzis/struktur.php?ref=IS5000-02-0138_24v">IS5000-02-0138_24v</ref>
                                			// Ekkert mótmerki (
                                			<locus from="1r" to="1v">1</locus>
                                			,
                                			<locus from="4r" to="5v">4-5</locus>
                                			,
                                			<locus from="8r" to="11v">8-11</locus>
                                			,
                                			<locus from="17r" to="19v">17-19</locus>
                                			,
                                			<locus from="23r" to="24v">23-24</locus>
                                			,
                                			<locus from="28r" to="30v">28-30</locus>
                                			,
                                			<locus from="32r" to="35v">32-35</locus>
                                			).
                                		</watermark>
                                	</p>
                                </support>
                                <extent>ii + 40 blöð (<dimensions type="leaf" unit="mm" scope="all">
                                        <height>287</height>
                                        <width>190</width>
                                    </dimensions>); blað 40v er autt.</extent>

                                <foliation>
                                    <p>
                                        <list>
                                            <item>Eldri blaðsíðumerking 1-79; síðari tíma
                                                blaðmerking.</item>
                                        </list>
                                    </p>
                                </foliation>


                                <condition>
                                    <p>
                                        <list>
                                            <item> Ellefu efstu línurnar á blaði <locus from="1r" facs="#AM02-0138-0001r" to="1r"> 1r</locus> eru yfirstrikaðar; þar um ræðir
                                                niðurlag annarrar sögu (<ref type="uniform">Eyrbyggju</ref>, sbr. <bibl>
                                                  <ref target="KKKat">Katalog I</ref>
                                                </bibl>; mjög ógreinilegt).</item>
                                        </list>
                                    </p>
                                    <p>
                                        <list>
                                            <item>Blekblettir eru víða.</item>
                                        </list>
                                    </p>
                                </condition>
                            </supportDesc>

                            <layoutDesc>
                                <layout columns="1" writtenLines="38 40">
                                    <p>
                                        <list>
                                            <item>Eindálka.</item>
                                            <item> Leturflötur er ca <dimensions type="leaf" unit="mm">
                                                  <height>240</height>
                                                  <width>145</width>
                                                </dimensions>.</item>
                                        </list>
                                    </p>
                                    <p>
                                        <list>
                                            <item>Línufjöldi er ca 38-40.</item>
                                        </list>
                                    </p>
                                    <p>
                                        <list>
                                            <item>Eyða fyrir fyrsta upphafsstaf (sjá blað <locus from="1r" facs="#AM02-0138-0001r" to="1r">1r</locus>).</item>
                                        </list>
                                    </p>
                                </layout>
                            </layoutDesc>

                        </objectDesc>
                        <handDesc>
                            <handNote scope="major" script="cursiva" scribe="JonGis001">
                                <list>
                                    <item>Með hendi <name key="JonGis001" type="person">Jóns
                                            Gissurarsonar</name> (léttiskrift) að undanskildu niðurlagi sögunnar á
                                        blaði <locus from="40r" facs="#AM02-0138-0040r" to="40r">40r</locus>. Skrifari þess
                                        er óþekktur;
                                  léttiskrift.</item>
                                </list>
                            </handNote>

                        </handDesc>
                        <musicNotation>
                            <p>
                                <list>
                                    <item>Nótur á bókfelli í gömlu bandi.</item>
                                </list>
                            </p>
                        </musicNotation>

                        <additions>
                            <p>
                                <list>
                                    <item n="1">Neðri helmingur blaðs <locus from="40r" facs="#AM02-0138-0040r" to="40r">40r</locus> er skrifaður seinna á vegum <name key="ArnMag001" type="person">Árna
                                        Magnússonar</name>.</item>
                                    <item n="2">Athugasemdir og lesbrigði á spássíum og á milli
                                        lína.</item>
                                    <item n="3">Sums staðar er texti undirstrikaður, sbr. t.d. á
                                        blöðum <locus from="11r" facs="#AM02-0138-0011r" to="11r">11r</locus> og <locus from="13r" facs="#AM02-0138-0013r" to="13r">13r</locus>.</item>
                                </list>
                            </p>
                        </additions>

                        <bindingDesc>
                            <binding notBefore="1911" notAfter="1913" contemporary="false">
                                <p><list>
                                        <item>Band (<dimensions type="binding" unit="mm">
                                                <height>290</height>
                                                <width>190</width>
                                                <depth>10</depth>
                                            </dimensions>) frá 1911-1913. Bókfell á kili,
                                            pappírsklæðning.</item>
                                    </list></p>
                            </binding>
                            <binding notBefore="1700" notAfter="1730" contemporary="unknown">
                                <p><list>
                                        <item>Band er frá 1700-1730. Spjöld og kjölur eru klædd
                                            bókfelli úr latnesku helgisiðahandriti með nótum (nú í
                                                <ref target="Acc-0007" type="ms">Acc
                                            7</ref>).</item>
                                    </list></p>
                            </binding>
                        </bindingDesc>
                        <accMat>
                            <p>
                                <list>
                                    <item n="1">Á saurblaði <locus from="0001v-FFl" facs="#AM02-0138-0001v-FFl" to="0001v-FFl">
                                            1v </locus> er <locus from="accMat01r" facs="#AM02-0138-accMat01r" to="accMat01r">seðill</locus> merktur <q>Fra Universitetsbiblioteket
                                            Kristiania 22.2.1922.</q> Hann er undirritaður af
                                            <q>Wilhelm Mèunthe</q>
                                        <q>Til Universitetsbiblioteket i Kjöbenhavn.</q>Neðarlega á
                                        seðli er athugsemd Finns Jónssonar.</item>
                                    <item n="2">Á <locus from="0001v-FFl" facs="#AM02-0138-0001v-FFl" to="0001v-FFl">saurblaði
                                            2r</locus> eru tveir <locus from="accMat02r" facs="#AM02-0138-accMat02r" to="accMat03r">seðlar</locus> með hendi <name key="ArnMag001" type="person">Árna Magnússonar.</name>
                                  <p>1)  (<dimensions type="slip" unit="mm">
                                            <height>97</height>
                                            <width>149</width>
                                        </dimensions>): <quote type="AMSlip" xml:lang="is">Vatnsdæla
                                            saga með hendi Jóns Gissurssonar. Úr bók í folio
                                            (eldri en 1643) er ég fékk af Sveini Torfasyni 1704.
                                            Er (sem mér virðist) skrifuð eftir einni bók in folio
                                            með hendi séra Jóns í Villingaholti, sem nú er eign Jóns
                                            Hákonarsonar á Vatnshorni.</quote>
                                    </p>
                                    <p>2)  (<dimensions type="slip" unit="mm">
                                            <height>228</height>
                                            <width>166</width>
                                        </dimensions>): <quote type="AMSlip" xml:lang="is">[efst á
                                            seðlinum:] Vatnsdæla sögu þessa bið ég að samanlesist við
                                            bók monsieur Jóns Hákonarsonar, svo að hún verði orðrétt
                                            samhljóða. Um bókstöfunina hirði ég eigi mjög því hún
                                            er ómerkileg í hvorri tveggja bókanna. Það sem eigi
                                            stendur í bók monsieur Jóns Hákonar bið ég allt útdragist
                                            en þó svo að lesið verði. [neðst á seðlinum:] Þessi
                                            Vatnsdæla saga er nú samanlesin við áðurnefnda bók, monsieur
                                            J.H.S. svo hún er orðrétt við hina
                                            samhljóða, en það sem eigi er að finna í bók monsieur Jóns
                                            er allt undirdregið í þessari. Við Bókstöfuninni hrærði
                                            ég ekkert. Kom frá Íslandi frá Magnúsi Einarssyni
                                            1727.</quote></p></item></list></p>
                        </accMat>
                    </physDesc>
                    <history>
                        <origin notBefore="1640" notAfter="1643">
                            <p>Handritið er skrifað á <origPlace key="IS">Íslandi</origPlace>. <name key="JonGis003" type="person">Jón Gissurarson</name> skrifaði það fyrir
                                            <origDate notBefore="1640" notAfter="1643">1643</origDate> (sbr. <locus from="accMat03r" facs="#AM02-0138-accMat03r" to="accMat03r">seðil</locus>) og er það tímasett til um
                                        1640 í <bibl>
                                            <ref target="KKKat">Katalog I</ref>
                                        </bibl>, bls. 99. </p>
                            <p>Það var upprunalega hluti af stærri bók sem innihélt
                                        einnig <ref target="AM02-0126" type="ms">AM 126 fol.</ref>,
                                            <ref target="AM02-0136" type="ms">AM 136 fol.</ref>,
                                            <ref target="AM02-0165f" type="ms">AM 165 f fol.</ref>
                                        og hluta <ref target="AM02-0165m" type="ms">AM 165 m
                                            fol.</ref>
                                    </p>
                            <p>Árni taldi handritið skrifað eftir bók <name key="JonHak001" type="person">Jóns Hákonarsonar </name>á
                                            <name type="place">Vatnshorni</name> í fol. í uppskrift
                                            <name key="JonErl001" type="person">Jóns
                                            Erlendssonar</name> í <name type="place">
                                            Villingaholti.</name> Hann fékk svar þar að lútandi frá
                                            <name type="person">Magnúsi Einarssyni</name> en hann
                                        virðist hafa borið handritin saman að tilmælum Árna (sbr.
                                            <locus from="accMat01r" facs="#AM02-0138-accMat01r" to="accMat01r">seðil</locus>).
                                </p>
                            <p>Á <locus from="0001v" facs="#AM02-0138-0001v" to="0001v">saurblaði 1v</locus> er
                                            <locus from="accMat01r" facs="#AM02-0138-accMat01r" to="accMat01r">seðill</locus>
                                        með athugasemdum <name key="" type="person">Wilhelms
                                            Mèunthe</name> við þessa tilgátu Árna.</p>
                        </origin>

                        <provenance>
                            <p>Bókina sem handritið tilheyrði fékk <name key="ArnMag001" type="person">Árni Magnússon</name> frá <name key="" type="person">Sveini Torfasyni</name> árið <date when="1704">1704</date> (sbr. <locus from="accMat03r" facs="#AM02-0138-accMat03r" to="accMat03r">seðil</locus>).</p>
                        </provenance>

                        <acquisition when="1974-05-30">
                            <p>Stofnun Árna Magnússonar á Íslandi tók við handritinu 30. maí
                                1974.</p>
                        </acquisition>
                    </history>
                    <additional>
                        <adminInfo>
                            <recordHist>

                                <source>
                                    <p>
                                        <name key="KriKaa001" type="person">Kålund</name>
                                        gekk frá handritinu til skráningar í <date when="1885-11-25">25. nóvember 1885</date>
                                        <bibl>
                                            <ref target="KKKat">Katalog I; </ref>
                                        </bibl>bls. 99-100 (nr. 167),
                                        <name key="DriThr001" type="person">DKÞ</name>
                                        skráði <date when="2001-09-13">13. september
                                            2001</date>,
                                                <name type="person" key="ValHil001">VH</name> skráði
                                                handritið samkvæmt TEIP5 reglum <date notBefore="2008-11-21" notAfter="2008-11-24">21.
                                                  og 24. nóvember 2008</date>; lagfærði í <date when="2010-11">nóvember 2010.</date> <name key="ThuSig002" type="person">ÞÓS</name> skráði <date when="2020-06-18">18. júní 2020</date>.
                                 
                                               
          
                                            
                                       
                                    </p>
                                </source>

                            </recordHist>
                            <custodialHist>
                                <custEvent type="conservation" notBefore="1911" notAfter="1913">
                                    <p>Bundið af <name key="OttEhl001" type="person">Otto
                                            Ehlert</name> 1911-1913.</p>
                                </custEvent>
                                <custEvent type="conservation" notBefore="1700" notAfter="1730">
                                    <p>Bundið í Kaupmannahöfn 1700-1730. Það band er nú í <ref>Acc
                                            7</ref>.</p>
                                </custEvent>
                            </custodialHist>
                        </adminInfo>
                        <surrogates>
                            <p>
                                <list>
                                    <item>Stafrænar myndir á www.sagnanet.is.</item>
                                    <item>Svart-hvítar ljósmyndir á Det Arnamagnæanske Institut í
                                        Kaupmannahöfn.</item>
                                </list>
                            </p>
                        </surrogates>
                        <listBibl>
                        	<bibl>Eggen, E. 1968, <ref target="BiblArn21">The Sequences of the Archbishopric of Nidarós I: Text</ref></bibl>
                        	<bibl>Eggen, E. 1968, <ref target="BiblArn22">The Sequences of the Archbishopric of Nidarós II: Facsimile</ref></bibl>
                        	<bibl>Einar Ól. Sveinsson 1939, <ref target="EinSve1939a">Vatnsdæla saga. Hallfreðar saga. Kormáks saga. Hrómundar þáttr halta. Hrafns þáttr Guðrúnarsonar</ref></bibl>
                        	<bibl>Finnur Jónsson 1934, <ref target="FinJón1934a">Vatsdæla saga</ref></bibl>
                        	<bibl>Loth, A. 1960, <ref target="Loth1960">Sønderdelte arnamagnæanske papirhåndskrifter</ref></bibl>
                        	<bibl>Slay, D. 1960, <ref target="BiblArn24">The manuscripts of Hrólfs saga kraka</ref></bibl>
                        </listBibl>
                    </additional>
                </msDesc>
            </sourceDesc>
        </fileDesc>
        <revisionDesc>
            <change when="2008-10" who="#EriHas01">Migrated from MASTER to P5</change>
        </revisionDesc>
    </teiHeader>
	<facsimile xml:base="https://myndir.handrit.is/file/Handrit.is/">
		<surface xml:id="AM02-0138-0000r-FB" n="0">
			<desc>0000r-FB</desc>
			<graphic mimeType="pdf" url="AM%20138%20fol./0/HIGH_QUALITY_DISPLAY"/>
			<graphic mimeType="jpg" url="AM%20138%20fol./0/THUMBNAIL" width="200px" height="293px"/>
			<graphic mimeType="jpg" url="AM%20138%20fol./0/SECONDARY_DISPLAY" width="2928px" height="4284px"/>
			<graphic mimeType="pdf" url="AM%20138%20fol./0/WEB_DISPLAY"/>
		</surface>
		<surface xml:id="AM02-0138-0000v-FB" n="1">
			<desc>0000v-FB</desc>
			<graphic mimeType="pdf" url="AM%20138%20fol./1/HIGH_QUALITY_DISPLAY"/>
			<graphic mimeType="jpg" url="AM%20138%20fol./1/THUMBNAIL" width="199px" height="300px"/>
			<graphic mimeType="jpg" url="AM%20138%20fol./1/SECONDARY_DISPLAY" width="2843px" height="4284px"/>
			<graphic mimeType="pdf" url="AM%20138%20fol./1/WEB_DISPLAY"/>
		</surface>
		<surface xml:id="AM02-0138-addMat01r" n="2">
			<desc>addMat01r</desc>
			<graphic mimeType="pdf" url="AM%20138%20fol./2/HIGH_QUALITY_DISPLAY"/>
			<graphic mimeType="jpg" url="AM%20138%20fol./2/THUMBNAIL" width="199px" height="300px"/>
			<graphic mimeType="jpg" url="AM%20138%20fol./2/SECONDARY_DISPLAY" width="2843px" height="4284px"/>
			<graphic mimeType="pdf" url="AM%20138%20fol./2/WEB_DISPLAY"/>
		</surface>
		<surface xml:id="AM02-0138-addMat01v" n="3">
			<desc>addMat01v</desc>
			<graphic mimeType="pdf" url="AM%20138%20fol./3/HIGH_QUALITY_DISPLAY"/>
			<graphic mimeType="jpg" url="AM%20138%20fol./3/THUMBNAIL" width="194px" height="300px"/>
			<graphic mimeType="jpg" url="AM%20138%20fol./3/SECONDARY_DISPLAY" width="2771px" height="4284px"/>
			<graphic mimeType="pdf" url="AM%20138%20fol./3/WEB_DISPLAY"/>
		</surface>
		<surface xml:id="AM02-0138-addMat02r" n="4">
			<desc>addMat02r</desc>
			<graphic mimeType="pdf" url="AM%20138%20fol./4/HIGH_QUALITY_DISPLAY"/>
			<graphic mimeType="jpg" url="AM%20138%20fol./4/THUMBNAIL" width="194px" height="300px"/>
			<graphic mimeType="jpg" url="AM%20138%20fol./4/SECONDARY_DISPLAY" width="2771px" height="4284px"/>
			<graphic mimeType="pdf" url="AM%20138%20fol./4/WEB_DISPLAY"/>
		</surface>
		<surface xml:id="AM02-0138-addMat02v" n="5">
			<desc>addMat02v</desc>
			<graphic mimeType="pdf" url="AM%20138%20fol./5/HIGH_QUALITY_DISPLAY"/>
			<graphic mimeType="jpg" url="AM%20138%20fol./5/THUMBNAIL" width="198px" height="300px"/>
			<graphic mimeType="jpg" url="AM%20138%20fol./5/SECONDARY_DISPLAY" width="2831px" height="4284px"/>
			<graphic mimeType="pdf" url="AM%20138%20fol./5/WEB_DISPLAY"/>
		</surface>
		<surface xml:id="AM02-0138-0001r" n="6">
			<desc>0001r</desc>
			<graphic mimeType="pdf" url="AM%20138%20fol./6/HIGH_QUALITY_DISPLAY"/>
			<graphic mimeType="jpg" url="AM%20138%20fol./6/THUMBNAIL" width="198px" height="300px"/>
			<graphic mimeType="jpg" url="AM%20138%20fol./6/SECONDARY_DISPLAY" width="2831px" height="4284px"/>
			<graphic mimeType="pdf" url="AM%20138%20fol./6/WEB_DISPLAY"/>
		</surface>
		<surface xml:id="AM02-0138-0001v" n="7">
			<desc>0001v</desc>
			<graphic mimeType="pdf" url="AM%20138%20fol./7/HIGH_QUALITY_DISPLAY"/>
			<graphic mimeType="jpg" url="AM%20138%20fol./7/THUMBNAIL" width="199px" height="300px"/>
			<graphic mimeType="jpg" url="AM%20138%20fol./7/SECONDARY_DISPLAY" width="2807px" height="4224px"/>
			<graphic mimeType="pdf" url="AM%20138%20fol./7/WEB_DISPLAY"/>
		</surface>
		<surface xml:id="AM02-0138-0002r" n="8">
			<desc>0002r</desc>
			<graphic mimeType="pdf" url="AM%20138%20fol./8/HIGH_QUALITY_DISPLAY"/>
			<graphic mimeType="jpg" url="AM%20138%20fol./8/THUMBNAIL" width="199px" height="300px"/>
			<graphic mimeType="jpg" url="AM%20138%20fol./8/SECONDARY_DISPLAY" width="2807px" height="4224px"/>
			<graphic mimeType="pdf" url="AM%20138%20fol./8/WEB_DISPLAY"/>
		</surface>
		<surface xml:id="AM02-0138-0002v" n="9">
			<desc>0002v</desc>
			<graphic mimeType="pdf" url="AM%20138%20fol./9/HIGH_QUALITY_DISPLAY"/>
			<graphic mimeType="jpg" url="AM%20138%20fol./9/THUMBNAIL" width="199px" height="300px"/>
			<graphic mimeType="jpg" url="AM%20138%20fol./9/SECONDARY_DISPLAY" width="2807px" height="4224px"/>
			<graphic mimeType="pdf" url="AM%20138%20fol./9/WEB_DISPLAY"/>
		</surface>
		<surface xml:id="AM02-0138-0003r" n="10">
			<desc>0003r</desc>
			<graphic mimeType="pdf" url="AM%20138%20fol./10/HIGH_QUALITY_DISPLAY"/>
			<graphic mimeType="jpg" url="AM%20138%20fol./10/THUMBNAIL" width="199px" height="300px"/>
			<graphic mimeType="jpg" url="AM%20138%20fol./10/SECONDARY_DISPLAY" width="2807px" height="4224px"/>
			<graphic mimeType="pdf" url="AM%20138%20fol./10/WEB_DISPLAY"/>
		</surface>
		<surface xml:id="AM02-0138-0003v" n="11">
			<desc>0003v</desc>
			<graphic mimeType="pdf" url="AM%20138%20fol./11/HIGH_QUALITY_DISPLAY"/>
			<graphic mimeType="jpg" url="AM%20138%20fol./11/THUMBNAIL" width="199px" height="300px"/>
			<graphic mimeType="jpg" url="AM%20138%20fol./11/SECONDARY_DISPLAY" width="2807px" height="4224px"/>
			<graphic mimeType="pdf" url="AM%20138%20fol./11/WEB_DISPLAY"/>
		</surface>
		<surface xml:id="AM02-0138-0004r" n="12">
			<desc>0004r</desc>
			<graphic mimeType="pdf" url="AM%20138%20fol./12/HIGH_QUALITY_DISPLAY"/>
			<graphic mimeType="jpg" url="AM%20138%20fol./12/THUMBNAIL" width="199px" height="300px"/>
			<graphic mimeType="jpg" url="AM%20138%20fol./12/SECONDARY_DISPLAY" width="2807px" height="4224px"/>
			<graphic mimeType="pdf" url="AM%20138%20fol./12/WEB_DISPLAY"/>
		</surface>
		<surface xml:id="AM02-0138-0004v" n="13">
			<desc>0004v</desc>
			<graphic mimeType="pdf" url="AM%20138%20fol./13/HIGH_QUALITY_DISPLAY"/>
			<graphic mimeType="jpg" url="AM%20138%20fol./13/THUMBNAIL" width="199px" height="300px"/>
			<graphic mimeType="jpg" url="AM%20138%20fol./13/SECONDARY_DISPLAY" width="2807px" height="4224px"/>
			<graphic mimeType="pdf" url="AM%20138%20fol./13/WEB_DISPLAY"/>
		</surface>
		<surface xml:id="AM02-0138-0005r" n="14">
			<desc>0005r</desc>
			<graphic mimeType="pdf" url="AM%20138%20fol./14/HIGH_QUALITY_DISPLAY"/>
			<graphic mimeType="jpg" url="AM%20138%20fol./14/THUMBNAIL" width="199px" height="300px"/>
			<graphic mimeType="jpg" url="AM%20138%20fol./14/SECONDARY_DISPLAY" width="2807px" height="4224px"/>
			<graphic mimeType="pdf" url="AM%20138%20fol./14/WEB_DISPLAY"/>
		</surface>
		<surface xml:id="AM02-0138-0005v" n="15">
			<desc>0005v</desc>
			<graphic mimeType="pdf" url="AM%20138%20fol./15/HIGH_QUALITY_DISPLAY"/>
			<graphic mimeType="jpg" url="AM%20138%20fol./15/THUMBNAIL" width="199px" height="300px"/>
			<graphic mimeType="jpg" url="AM%20138%20fol./15/SECONDARY_DISPLAY" width="2807px" height="4224px"/>
			<graphic mimeType="pdf" url="AM%20138%20fol./15/WEB_DISPLAY"/>
		</surface>
		<surface xml:id="AM02-0138-0006r" n="16">
			<desc>0006r</desc>
			<graphic mimeType="pdf" url="AM%20138%20fol./16/HIGH_QUALITY_DISPLAY"/>
			<graphic mimeType="jpg" url="AM%20138%20fol./16/THUMBNAIL" width="199px" height="300px"/>
			<graphic mimeType="jpg" url="AM%20138%20fol./16/SECONDARY_DISPLAY" width="2807px" height="4224px"/>
			<graphic mimeType="pdf" url="AM%20138%20fol./16/WEB_DISPLAY"/>
		</surface>
		<surface xml:id="AM02-0138-0006v" n="17">
			<desc>0006v</desc>
			<graphic mimeType="pdf" url="AM%20138%20fol./17/HIGH_QUALITY_DISPLAY"/>
			<graphic mimeType="jpg" url="AM%20138%20fol./17/THUMBNAIL" width="199px" height="300px"/>
			<graphic mimeType="jpg" url="AM%20138%20fol./17/SECONDARY_DISPLAY" width="2807px" height="4224px"/>
			<graphic mimeType="pdf" url="AM%20138%20fol./17/WEB_DISPLAY"/>
		</surface>
		<surface xml:id="AM02-0138-0007r" n="18">
			<desc>0007r</desc>
			<graphic mimeType="pdf" url="AM%20138%20fol./18/HIGH_QUALITY_DISPLAY"/>
			<graphic mimeType="jpg" url="AM%20138%20fol./18/THUMBNAIL" width="199px" height="300px"/>
			<graphic mimeType="jpg" url="AM%20138%20fol./18/SECONDARY_DISPLAY" width="2807px" height="4224px"/>
			<graphic mimeType="pdf" url="AM%20138%20fol./18/WEB_DISPLAY"/>
		</surface>
		<surface xml:id="AM02-0138-0007v" n="19">
			<desc>0007v</desc>
			<graphic mimeType="pdf" url="AM%20138%20fol./19/HIGH_QUALITY_DISPLAY"/>
			<graphic mimeType="jpg" url="AM%20138%20fol./19/THUMBNAIL" width="199px" height="300px"/>
			<graphic mimeType="jpg" url="AM%20138%20fol./19/SECONDARY_DISPLAY" width="2807px" height="4224px"/>
			<graphic mimeType="pdf" url="AM%20138%20fol./19/WEB_DISPLAY"/>
		</surface>
		<surface xml:id="AM02-0138-0008r" n="20">
			<desc>0008r</desc>
			<graphic mimeType="pdf" url="AM%20138%20fol./20/HIGH_QUALITY_DISPLAY"/>
			<graphic mimeType="jpg" url="AM%20138%20fol./20/THUMBNAIL" width="199px" height="300px"/>
			<graphic mimeType="jpg" url="AM%20138%20fol./20/SECONDARY_DISPLAY" width="2807px" height="4224px"/>
			<graphic mimeType="pdf" url="AM%20138%20fol./20/WEB_DISPLAY"/>
		</surface>
		<surface xml:id="AM02-0138-0008v" n="21">
			<desc>0008v</desc>
			<graphic mimeType="pdf" url="AM%20138%20fol./21/HIGH_QUALITY_DISPLAY"/>
			<graphic mimeType="jpg" url="AM%20138%20fol./21/THUMBNAIL" width="199px" height="300px"/>
			<graphic mimeType="jpg" url="AM%20138%20fol./21/SECONDARY_DISPLAY" width="2807px" height="4224px"/>
			<graphic mimeType="pdf" url="AM%20138%20fol./21/WEB_DISPLAY"/>
		</surface>
		<surface xml:id="AM02-0138-0009r" n="22">
			<desc>0009r</desc>
			<graphic mimeType="pdf" url="AM%20138%20fol./22/HIGH_QUALITY_DISPLAY"/>
			<graphic mimeType="jpg" url="AM%20138%20fol./22/THUMBNAIL" width="199px" height="300px"/>
			<graphic mimeType="jpg" url="AM%20138%20fol./22/SECONDARY_DISPLAY" width="2807px" height="4224px"/>
			<graphic mimeType="pdf" url="AM%20138%20fol./22/WEB_DISPLAY"/>
		</surface>
		<surface xml:id="AM02-0138-0009v" n="23">
			<desc>0009v</desc>
			<graphic mimeType="pdf" url="AM%20138%20fol./23/HIGH_QUALITY_DISPLAY"/>
			<graphic mimeType="jpg" url="AM%20138%20fol./23/THUMBNAIL" width="199px" height="300px"/>
			<graphic mimeType="jpg" url="AM%20138%20fol./23/SECONDARY_DISPLAY" width="2807px" height="4224px"/>
			<graphic mimeType="pdf" url="AM%20138%20fol./23/WEB_DISPLAY"/>
		</surface>
		<surface xml:id="AM02-0138-0010r" n="24">
			<desc>0010r</desc>
			<graphic mimeType="pdf" url="AM%20138%20fol./24/HIGH_QUALITY_DISPLAY"/>
			<graphic mimeType="jpg" url="AM%20138%20fol./24/THUMBNAIL" width="199px" height="300px"/>
			<graphic mimeType="jpg" url="AM%20138%20fol./24/SECONDARY_DISPLAY" width="2807px" height="4224px"/>
			<graphic mimeType="pdf" url="AM%20138%20fol./24/WEB_DISPLAY"/>
		</surface>
		<surface xml:id="AM02-0138-0010v" n="25">
			<desc>0010v</desc>
			<graphic mimeType="pdf" url="AM%20138%20fol./25/HIGH_QUALITY_DISPLAY"/>
			<graphic mimeType="jpg" url="AM%20138%20fol./25/THUMBNAIL" width="199px" height="300px"/>
			<graphic mimeType="jpg" url="AM%20138%20fol./25/SECONDARY_DISPLAY" width="2807px" height="4224px"/>
			<graphic mimeType="pdf" url="AM%20138%20fol./25/WEB_DISPLAY"/>
		</surface>
		<surface xml:id="AM02-0138-0011r" n="26">
			<desc>0011r</desc>
			<graphic mimeType="pdf" url="AM%20138%20fol./26/HIGH_QUALITY_DISPLAY"/>
			<graphic mimeType="jpg" url="AM%20138%20fol./26/THUMBNAIL" width="199px" height="300px"/>
			<graphic mimeType="jpg" url="AM%20138%20fol./26/SECONDARY_DISPLAY" width="2807px" height="4224px"/>
			<graphic mimeType="pdf" url="AM%20138%20fol./26/WEB_DISPLAY"/>
		</surface>
		<surface xml:id="AM02-0138-0011v" n="27">
			<desc>0011v</desc>
			<graphic mimeType="pdf" url="AM%20138%20fol./27/HIGH_QUALITY_DISPLAY"/>
			<graphic mimeType="jpg" url="AM%20138%20fol./27/THUMBNAIL" width="199px" height="300px"/>
			<graphic mimeType="jpg" url="AM%20138%20fol./27/SECONDARY_DISPLAY" width="2807px" height="4224px"/>
			<graphic mimeType="pdf" url="AM%20138%20fol./27/WEB_DISPLAY"/>
		</surface>
		<surface xml:id="AM02-0138-0012r" n="28">
			<desc>0012r</desc>
			<graphic mimeType="pdf" url="AM%20138%20fol./28/HIGH_QUALITY_DISPLAY"/>
			<graphic mimeType="jpg" url="AM%20138%20fol./28/THUMBNAIL" width="199px" height="300px"/>
			<graphic mimeType="jpg" url="AM%20138%20fol./28/SECONDARY_DISPLAY" width="2807px" height="4224px"/>
			<graphic mimeType="pdf" url="AM%20138%20fol./28/WEB_DISPLAY"/>
		</surface>
		<surface xml:id="AM02-0138-0012v" n="29">
			<desc>0012v</desc>
			<graphic mimeType="pdf" url="AM%20138%20fol./29/HIGH_QUALITY_DISPLAY"/>
			<graphic mimeType="jpg" url="AM%20138%20fol./29/THUMBNAIL" width="199px" height="300px"/>
			<graphic mimeType="jpg" url="AM%20138%20fol./29/SECONDARY_DISPLAY" width="2807px" height="4224px"/>
			<graphic mimeType="pdf" url="AM%20138%20fol./29/WEB_DISPLAY"/>
		</surface>
		<surface xml:id="AM02-0138-0013r" n="30">
			<desc>0013r</desc>
			<graphic mimeType="pdf" url="AM%20138%20fol./30/HIGH_QUALITY_DISPLAY"/>
			<graphic mimeType="jpg" url="AM%20138%20fol./30/THUMBNAIL" width="199px" height="300px"/>
			<graphic mimeType="jpg" url="AM%20138%20fol./30/SECONDARY_DISPLAY" width="2807px" height="4224px"/>
			<graphic mimeType="pdf" url="AM%20138%20fol./30/WEB_DISPLAY"/>
		</surface>
		<surface xml:id="AM02-0138-0013v" n="31">
			<desc>0013v</desc>
			<graphic mimeType="pdf" url="AM%20138%20fol./31/HIGH_QUALITY_DISPLAY"/>
			<graphic mimeType="jpg" url="AM%20138%20fol./31/THUMBNAIL" width="199px" height="300px"/>
			<graphic mimeType="jpg" url="AM%20138%20fol./31/SECONDARY_DISPLAY" width="2807px" height="4224px"/>
			<graphic mimeType="pdf" url="AM%20138%20fol./31/WEB_DISPLAY"/>
		</surface>
		<surface xml:id="AM02-0138-0014r" n="32">
			<desc>0014r</desc>
			<graphic mimeType="pdf" url="AM%20138%20fol./32/HIGH_QUALITY_DISPLAY"/>
			<graphic mimeType="jpg" url="AM%20138%20fol./32/THUMBNAIL" width="199px" height="300px"/>
			<graphic mimeType="jpg" url="AM%20138%20fol./32/SECONDARY_DISPLAY" width="2807px" height="4224px"/>
			<graphic mimeType="pdf" url="AM%20138%20fol./32/WEB_DISPLAY"/>
		</surface>
		<surface xml:id="AM02-0138-0014v" n="33">
			<desc>0014v</desc>
			<graphic mimeType="pdf" url="AM%20138%20fol./33/HIGH_QUALITY_DISPLAY"/>
			<graphic mimeType="jpg" url="AM%20138%20fol./33/THUMBNAIL" width="199px" height="300px"/>
			<graphic mimeType="jpg" url="AM%20138%20fol./33/SECONDARY_DISPLAY" width="2807px" height="4224px"/>
			<graphic mimeType="pdf" url="AM%20138%20fol./33/WEB_DISPLAY"/>
		</surface>
		<surface xml:id="AM02-0138-0015r" n="34">
			<desc>0015r</desc>
			<graphic mimeType="pdf" url="AM%20138%20fol./34/HIGH_QUALITY_DISPLAY"/>
			<graphic mimeType="jpg" url="AM%20138%20fol./34/THUMBNAIL" width="199px" height="300px"/>
			<graphic mimeType="jpg" url="AM%20138%20fol./34/SECONDARY_DISPLAY" width="2807px" height="4224px"/>
			<graphic mimeType="pdf" url="AM%20138%20fol./34/WEB_DISPLAY"/>
		</surface>
		<surface xml:id="AM02-0138-0015v" n="35">
			<desc>0015v</desc>
			<graphic mimeType="pdf" url="AM%20138%20fol./35/HIGH_QUALITY_DISPLAY"/>
			<graphic mimeType="jpg" url="AM%20138%20fol./35/THUMBNAIL" width="199px" height="300px"/>
			<graphic mimeType="jpg" url="AM%20138%20fol./35/SECONDARY_DISPLAY" width="2807px" height="4224px"/>
			<graphic mimeType="pdf" url="AM%20138%20fol./35/WEB_DISPLAY"/>
		</surface>
		<surface xml:id="AM02-0138-0016r" n="36">
			<desc>0016r</desc>
			<graphic mimeType="pdf" url="AM%20138%20fol./36/HIGH_QUALITY_DISPLAY"/>
			<graphic mimeType="jpg" url="AM%20138%20fol./36/THUMBNAIL" width="199px" height="300px"/>
			<graphic mimeType="jpg" url="AM%20138%20fol./36/SECONDARY_DISPLAY" width="2807px" height="4224px"/>
			<graphic mimeType="pdf" url="AM%20138%20fol./36/WEB_DISPLAY"/>
		</surface>
		<surface xml:id="AM02-0138-0016v" n="37">
			<desc>0016v</desc>
			<graphic mimeType="pdf" url="AM%20138%20fol./37/HIGH_QUALITY_DISPLAY"/>
			<graphic mimeType="jpg" url="AM%20138%20fol./37/THUMBNAIL" width="199px" height="300px"/>
			<graphic mimeType="jpg" url="AM%20138%20fol./37/SECONDARY_DISPLAY" width="2807px" height="4224px"/>
			<graphic mimeType="pdf" url="AM%20138%20fol./37/WEB_DISPLAY"/>
		</surface>
		<surface xml:id="AM02-0138-0017r" n="38">
			<desc>0017r</desc>
			<graphic mimeType="pdf" url="AM%20138%20fol./38/HIGH_QUALITY_DISPLAY"/>
			<graphic mimeType="jpg" url="AM%20138%20fol./38/THUMBNAIL" width="199px" height="300px"/>
			<graphic mimeType="jpg" url="AM%20138%20fol./38/SECONDARY_DISPLAY" width="2807px" height="4224px"/>
			<graphic mimeType="pdf" url="AM%20138%20fol./38/WEB_DISPLAY"/>
		</surface>
		<surface xml:id="AM02-0138-0017v" n="39">
			<desc>0017v</desc>
			<graphic mimeType="pdf" url="AM%20138%20fol./39/HIGH_QUALITY_DISPLAY"/>
			<graphic mimeType="jpg" url="AM%20138%20fol./39/THUMBNAIL" width="199px" height="300px"/>
			<graphic mimeType="jpg" url="AM%20138%20fol./39/SECONDARY_DISPLAY" width="2807px" height="4224px"/>
			<graphic mimeType="pdf" url="AM%20138%20fol./39/WEB_DISPLAY"/>
		</surface>
		<surface xml:id="AM02-0138-0018r" n="40">
			<desc>0018r</desc>
			<graphic mimeType="pdf" url="AM%20138%20fol./40/HIGH_QUALITY_DISPLAY"/>
			<graphic mimeType="jpg" url="AM%20138%20fol./40/THUMBNAIL" width="199px" height="300px"/>
			<graphic mimeType="jpg" url="AM%20138%20fol./40/SECONDARY_DISPLAY" width="2807px" height="4224px"/>
			<graphic mimeType="pdf" url="AM%20138%20fol./40/WEB_DISPLAY"/>
		</surface>
		<surface xml:id="AM02-0138-0018v" n="41">
			<desc>0018v</desc>
			<graphic mimeType="pdf" url="AM%20138%20fol./41/HIGH_QUALITY_DISPLAY"/>
			<graphic mimeType="jpg" url="AM%20138%20fol./41/THUMBNAIL" width="199px" height="300px"/>
			<graphic mimeType="jpg" url="AM%20138%20fol./41/SECONDARY_DISPLAY" width="2807px" height="4224px"/>
			<graphic mimeType="pdf" url="AM%20138%20fol./41/WEB_DISPLAY"/>
		</surface>
		<surface xml:id="AM02-0138-0019r" n="42">
			<desc>0019r</desc>
			<graphic mimeType="pdf" url="AM%20138%20fol./42/HIGH_QUALITY_DISPLAY"/>
			<graphic mimeType="jpg" url="AM%20138%20fol./42/THUMBNAIL" width="199px" height="300px"/>
			<graphic mimeType="jpg" url="AM%20138%20fol./42/SECONDARY_DISPLAY" width="2807px" height="4224px"/>
			<graphic mimeType="pdf" url="AM%20138%20fol./42/WEB_DISPLAY"/>
		</surface>
		<surface xml:id="AM02-0138-0019v" n="43">
			<desc>0019v</desc>
			<graphic mimeType="pdf" url="AM%20138%20fol./43/HIGH_QUALITY_DISPLAY"/>
			<graphic mimeType="jpg" url="AM%20138%20fol./43/THUMBNAIL" width="199px" height="300px"/>
			<graphic mimeType="jpg" url="AM%20138%20fol./43/SECONDARY_DISPLAY" width="2807px" height="4224px"/>
			<graphic mimeType="pdf" url="AM%20138%20fol./43/WEB_DISPLAY"/>
		</surface>
		<surface xml:id="AM02-0138-0020r" n="44">
			<desc>0020r</desc>
			<graphic mimeType="pdf" url="AM%20138%20fol./44/HIGH_QUALITY_DISPLAY"/>
			<graphic mimeType="jpg" url="AM%20138%20fol./44/THUMBNAIL" width="199px" height="300px"/>
			<graphic mimeType="jpg" url="AM%20138%20fol./44/SECONDARY_DISPLAY" width="2807px" height="4224px"/>
			<graphic mimeType="pdf" url="AM%20138%20fol./44/WEB_DISPLAY"/>
		</surface>
		<surface xml:id="AM02-0138-0020v" n="45">
			<desc>0020v</desc>
			<graphic mimeType="pdf" url="AM%20138%20fol./45/HIGH_QUALITY_DISPLAY"/>
			<graphic mimeType="jpg" url="AM%20138%20fol./45/THUMBNAIL" width="199px" height="300px"/>
			<graphic mimeType="jpg" url="AM%20138%20fol./45/SECONDARY_DISPLAY" width="2807px" height="4224px"/>
			<graphic mimeType="pdf" url="AM%20138%20fol./45/WEB_DISPLAY"/>
		</surface>
		<surface xml:id="AM02-0138-0021r" n="46">
			<desc>0021r</desc>
			<graphic mimeType="pdf" url="AM%20138%20fol./46/HIGH_QUALITY_DISPLAY"/>
			<graphic mimeType="jpg" url="AM%20138%20fol./46/THUMBNAIL" width="199px" height="300px"/>
			<graphic mimeType="jpg" url="AM%20138%20fol./46/SECONDARY_DISPLAY" width="2807px" height="4224px"/>
			<graphic mimeType="pdf" url="AM%20138%20fol./46/WEB_DISPLAY"/>
		</surface>
		<surface xml:id="AM02-0138-0021v" n="47">
			<desc>0021v</desc>
			<graphic mimeType="pdf" url="AM%20138%20fol./47/HIGH_QUALITY_DISPLAY"/>
			<graphic mimeType="jpg" url="AM%20138%20fol./47/THUMBNAIL" width="199px" height="300px"/>
			<graphic mimeType="jpg" url="AM%20138%20fol./47/SECONDARY_DISPLAY" width="2807px" height="4224px"/>
			<graphic mimeType="pdf" url="AM%20138%20fol./47/WEB_DISPLAY"/>
		</surface>
		<surface xml:id="AM02-0138-0022r" n="48">
			<desc>0022r</desc>
			<graphic mimeType="pdf" url="AM%20138%20fol./48/HIGH_QUALITY_DISPLAY"/>
			<graphic mimeType="jpg" url="AM%20138%20fol./48/THUMBNAIL" width="199px" height="300px"/>
			<graphic mimeType="jpg" url="AM%20138%20fol./48/SECONDARY_DISPLAY" width="2807px" height="4224px"/>
			<graphic mimeType="pdf" url="AM%20138%20fol./48/WEB_DISPLAY"/>
		</surface>
		<surface xml:id="AM02-0138-0022v" n="49">
			<desc>0022v</desc>
			<graphic mimeType="pdf" url="AM%20138%20fol./49/HIGH_QUALITY_DISPLAY"/>
			<graphic mimeType="jpg" url="AM%20138%20fol./49/THUMBNAIL" width="199px" height="300px"/>
			<graphic mimeType="jpg" url="AM%20138%20fol./49/SECONDARY_DISPLAY" width="2807px" height="4224px"/>
			<graphic mimeType="pdf" url="AM%20138%20fol./49/WEB_DISPLAY"/>
		</surface>
		<surface xml:id="AM02-0138-0023r" n="50">
			<desc>0023r</desc>
			<graphic mimeType="pdf" url="AM%20138%20fol./50/HIGH_QUALITY_DISPLAY"/>
			<graphic mimeType="jpg" url="AM%20138%20fol./50/THUMBNAIL" width="199px" height="300px"/>
			<graphic mimeType="jpg" url="AM%20138%20fol./50/SECONDARY_DISPLAY" width="2807px" height="4224px"/>
			<graphic mimeType="pdf" url="AM%20138%20fol./50/WEB_DISPLAY"/>
		</surface>
		<surface xml:id="AM02-0138-0023v" n="51">
			<desc>0023v</desc>
			<graphic mimeType="pdf" url="AM%20138%20fol./51/HIGH_QUALITY_DISPLAY"/>
			<graphic mimeType="jpg" url="AM%20138%20fol./51/THUMBNAIL" width="199px" height="300px"/>
			<graphic mimeType="jpg" url="AM%20138%20fol./51/SECONDARY_DISPLAY" width="2807px" height="4224px"/>
			<graphic mimeType="pdf" url="AM%20138%20fol./51/WEB_DISPLAY"/>
		</surface>
		<surface xml:id="AM02-0138-0024r" n="52">
			<desc>0024r</desc>
			<graphic mimeType="pdf" url="AM%20138%20fol./52/HIGH_QUALITY_DISPLAY"/>
			<graphic mimeType="jpg" url="AM%20138%20fol./52/THUMBNAIL" width="199px" height="300px"/>
			<graphic mimeType="jpg" url="AM%20138%20fol./52/SECONDARY_DISPLAY" width="2807px" height="4224px"/>
			<graphic mimeType="pdf" url="AM%20138%20fol./52/WEB_DISPLAY"/>
		</surface>
		<surface xml:id="AM02-0138-0024v" n="53">
			<desc>0024v</desc>
			<graphic mimeType="pdf" url="AM%20138%20fol./53/HIGH_QUALITY_DISPLAY"/>
			<graphic mimeType="jpg" url="AM%20138%20fol./53/THUMBNAIL" width="199px" height="300px"/>
			<graphic mimeType="jpg" url="AM%20138%20fol./53/SECONDARY_DISPLAY" width="2807px" height="4224px"/>
			<graphic mimeType="pdf" url="AM%20138%20fol./53/WEB_DISPLAY"/>
		</surface>
		<surface xml:id="AM02-0138-0025r" n="54">
			<desc>0025r</desc>
			<graphic mimeType="pdf" url="AM%20138%20fol./54/HIGH_QUALITY_DISPLAY"/>
			<graphic mimeType="jpg" url="AM%20138%20fol./54/THUMBNAIL" width="199px" height="300px"/>
			<graphic mimeType="jpg" url="AM%20138%20fol./54/SECONDARY_DISPLAY" width="2807px" height="4224px"/>
			<graphic mimeType="pdf" url="AM%20138%20fol./54/WEB_DISPLAY"/>
		</surface>
		<surface xml:id="AM02-0138-0025v" n="55">
			<desc>0025v</desc>
			<graphic mimeType="pdf" url="AM%20138%20fol./55/HIGH_QUALITY_DISPLAY"/>
			<graphic mimeType="jpg" url="AM%20138%20fol./55/THUMBNAIL" width="199px" height="300px"/>
			<graphic mimeType="jpg" url="AM%20138%20fol./55/SECONDARY_DISPLAY" width="2807px" height="4224px"/>
			<graphic mimeType="pdf" url="AM%20138%20fol./55/WEB_DISPLAY"/>
		</surface>
		<surface xml:id="AM02-0138-0026r" n="56">
			<desc>0026r</desc>
			<graphic mimeType="pdf" url="AM%20138%20fol./56/HIGH_QUALITY_DISPLAY"/>
			<graphic mimeType="jpg" url="AM%20138%20fol./56/THUMBNAIL" width="199px" height="300px"/>
			<graphic mimeType="jpg" url="AM%20138%20fol./56/SECONDARY_DISPLAY" width="2807px" height="4224px"/>
			<graphic mimeType="pdf" url="AM%20138%20fol./56/WEB_DISPLAY"/>
		</surface>
		<surface xml:id="AM02-0138-0026v" n="57">
			<desc>0026v</desc>
			<graphic mimeType="pdf" url="AM%20138%20fol./57/HIGH_QUALITY_DISPLAY"/>
			<graphic mimeType="jpg" url="AM%20138%20fol./57/THUMBNAIL" width="199px" height="300px"/>
			<graphic mimeType="jpg" url="AM%20138%20fol./57/SECONDARY_DISPLAY" width="2807px" height="4224px"/>
			<graphic mimeType="pdf" url="AM%20138%20fol./57/WEB_DISPLAY"/>
		</surface>
		<surface xml:id="AM02-0138-0027r" n="58">
			<desc>0027r</desc>
			<graphic mimeType="pdf" url="AM%20138%20fol./58/HIGH_QUALITY_DISPLAY"/>
			<graphic mimeType="jpg" url="AM%20138%20fol./58/THUMBNAIL" width="199px" height="300px"/>
			<graphic mimeType="jpg" url="AM%20138%20fol./58/SECONDARY_DISPLAY" width="2807px" height="4224px"/>
			<graphic mimeType="pdf" url="AM%20138%20fol./58/WEB_DISPLAY"/>
		</surface>
		<surface xml:id="AM02-0138-0027v" n="59">
			<desc>0027v</desc>
			<graphic mimeType="pdf" url="AM%20138%20fol./59/HIGH_QUALITY_DISPLAY"/>
			<graphic mimeType="jpg" url="AM%20138%20fol./59/THUMBNAIL" width="199px" height="300px"/>
			<graphic mimeType="jpg" url="AM%20138%20fol./59/SECONDARY_DISPLAY" width="2807px" height="4224px"/>
			<graphic mimeType="pdf" url="AM%20138%20fol./59/WEB_DISPLAY"/>
		</surface>
		<surface xml:id="AM02-0138-0028r" n="60">
			<desc>0028r</desc>
			<graphic mimeType="pdf" url="AM%20138%20fol./60/HIGH_QUALITY_DISPLAY"/>
			<graphic mimeType="jpg" url="AM%20138%20fol./60/THUMBNAIL" width="199px" height="300px"/>
			<graphic mimeType="jpg" url="AM%20138%20fol./60/SECONDARY_DISPLAY" width="2807px" height="4224px"/>
			<graphic mimeType="pdf" url="AM%20138%20fol./60/WEB_DISPLAY"/>
		</surface>
		<surface xml:id="AM02-0138-0028v" n="61">
			<desc>0028v</desc>
			<graphic mimeType="pdf" url="AM%20138%20fol./61/HIGH_QUALITY_DISPLAY"/>
			<graphic mimeType="jpg" url="AM%20138%20fol./61/THUMBNAIL" width="199px" height="300px"/>
			<graphic mimeType="jpg" url="AM%20138%20fol./61/SECONDARY_DISPLAY" width="2807px" height="4224px"/>
			<graphic mimeType="pdf" url="AM%20138%20fol./61/WEB_DISPLAY"/>
		</surface>
		<surface xml:id="AM02-0138-0029r" n="62">
			<desc>0029r</desc>
			<graphic mimeType="pdf" url="AM%20138%20fol./62/HIGH_QUALITY_DISPLAY"/>
			<graphic mimeType="jpg" url="AM%20138%20fol./62/THUMBNAIL" width="199px" height="300px"/>
			<graphic mimeType="jpg" url="AM%20138%20fol./62/SECONDARY_DISPLAY" width="2807px" height="4224px"/>
			<graphic mimeType="pdf" url="AM%20138%20fol./62/WEB_DISPLAY"/>
		</surface>
		<surface xml:id="AM02-0138-0029v" n="63">
			<desc>0029v</desc>
			<graphic mimeType="pdf" url="AM%20138%20fol./63/HIGH_QUALITY_DISPLAY"/>
			<graphic mimeType="jpg" url="AM%20138%20fol./63/THUMBNAIL" width="199px" height="300px"/>
			<graphic mimeType="jpg" url="AM%20138%20fol./63/SECONDARY_DISPLAY" width="2807px" height="4224px"/>
			<graphic mimeType="pdf" url="AM%20138%20fol./63/WEB_DISPLAY"/>
		</surface>
		<surface xml:id="AM02-0138-0030r" n="64">
			<desc>0030r</desc>
			<graphic mimeType="pdf" url="AM%20138%20fol./64/HIGH_QUALITY_DISPLAY"/>
			<graphic mimeType="jpg" url="AM%20138%20fol./64/THUMBNAIL" width="199px" height="300px"/>
			<graphic mimeType="jpg" url="AM%20138%20fol./64/SECONDARY_DISPLAY" width="2807px" height="4224px"/>
			<graphic mimeType="pdf" url="AM%20138%20fol./64/WEB_DISPLAY"/>
		</surface>
		<surface xml:id="AM02-0138-0030v" n="65">
			<desc>0030v</desc>
			<graphic mimeType="pdf" url="AM%20138%20fol./65/HIGH_QUALITY_DISPLAY"/>
			<graphic mimeType="jpg" url="AM%20138%20fol./65/THUMBNAIL" width="199px" height="300px"/>
			<graphic mimeType="jpg" url="AM%20138%20fol./65/SECONDARY_DISPLAY" width="2807px" height="4224px"/>
			<graphic mimeType="pdf" url="AM%20138%20fol./65/WEB_DISPLAY"/>
		</surface>
		<surface xml:id="AM02-0138-0031r" n="66">
			<desc>0031r</desc>
			<graphic mimeType="pdf" url="AM%20138%20fol./66/HIGH_QUALITY_DISPLAY"/>
			<graphic mimeType="jpg" url="AM%20138%20fol./66/THUMBNAIL" width="199px" height="300px"/>
			<graphic mimeType="jpg" url="AM%20138%20fol./66/SECONDARY_DISPLAY" width="2807px" height="4224px"/>
			<graphic mimeType="pdf" url="AM%20138%20fol./66/WEB_DISPLAY"/>
		</surface>
		<surface xml:id="AM02-0138-0031v" n="67">
			<desc>0031v</desc>
			<graphic mimeType="pdf" url="AM%20138%20fol./67/HIGH_QUALITY_DISPLAY"/>
			<graphic mimeType="jpg" url="AM%20138%20fol./67/THUMBNAIL" width="197px" height="300px"/>
			<graphic mimeType="jpg" url="AM%20138%20fol./67/SECONDARY_DISPLAY" width="2771px" height="4224px"/>
			<graphic mimeType="pdf" url="AM%20138%20fol./67/WEB_DISPLAY"/>
		</surface>
		<surface xml:id="AM02-0138-0032r" n="68">
			<desc>0032r</desc>
			<graphic mimeType="pdf" url="AM%20138%20fol./68/HIGH_QUALITY_DISPLAY"/>
			<graphic mimeType="jpg" url="AM%20138%20fol./68/THUMBNAIL" width="197px" height="300px"/>
			<graphic mimeType="jpg" url="AM%20138%20fol./68/SECONDARY_DISPLAY" width="2771px" height="4224px"/>
			<graphic mimeType="pdf" url="AM%20138%20fol./68/WEB_DISPLAY"/>
		</surface>
		<surface xml:id="AM02-0138-0032v" n="69">
			<desc>0032v</desc>
			<graphic mimeType="pdf" url="AM%20138%20fol./69/HIGH_QUALITY_DISPLAY"/>
			<graphic mimeType="jpg" url="AM%20138%20fol./69/THUMBNAIL" width="197px" height="300px"/>
			<graphic mimeType="jpg" url="AM%20138%20fol./69/SECONDARY_DISPLAY" width="2771px" height="4224px"/>
			<graphic mimeType="pdf" url="AM%20138%20fol./69/WEB_DISPLAY"/>
		</surface>
		<surface xml:id="AM02-0138-0033r" n="70">
			<desc>0033r</desc>
			<graphic mimeType="pdf" url="AM%20138%20fol./70/HIGH_QUALITY_DISPLAY"/>
			<graphic mimeType="jpg" url="AM%20138%20fol./70/THUMBNAIL" width="197px" height="300px"/>
			<graphic mimeType="jpg" url="AM%20138%20fol./70/SECONDARY_DISPLAY" width="2771px" height="4224px"/>
			<graphic mimeType="pdf" url="AM%20138%20fol./70/WEB_DISPLAY"/>
		</surface>
		<surface xml:id="AM02-0138-0033v" n="71">
			<desc>0033v</desc>
			<graphic mimeType="pdf" url="AM%20138%20fol./71/HIGH_QUALITY_DISPLAY"/>
			<graphic mimeType="jpg" url="AM%20138%20fol./71/THUMBNAIL" width="197px" height="300px"/>
			<graphic mimeType="jpg" url="AM%20138%20fol./71/SECONDARY_DISPLAY" width="2771px" height="4224px"/>
			<graphic mimeType="pdf" url="AM%20138%20fol./71/WEB_DISPLAY"/>
		</surface>
		<surface xml:id="AM02-0138-0034r" n="72">
			<desc>0034r</desc>
			<graphic mimeType="pdf" url="AM%20138%20fol./72/HIGH_QUALITY_DISPLAY"/>
			<graphic mimeType="jpg" url="AM%20138%20fol./72/THUMBNAIL" width="197px" height="300px"/>
			<graphic mimeType="jpg" url="AM%20138%20fol./72/SECONDARY_DISPLAY" width="2771px" height="4224px"/>
			<graphic mimeType="pdf" url="AM%20138%20fol./72/WEB_DISPLAY"/>
		</surface>
		<surface xml:id="AM02-0138-0034v" n="73">
			<desc>0034v</desc>
			<graphic mimeType="pdf" url="AM%20138%20fol./73/HIGH_QUALITY_DISPLAY"/>
			<graphic mimeType="jpg" url="AM%20138%20fol./73/THUMBNAIL" width="197px" height="300px"/>
			<graphic mimeType="jpg" url="AM%20138%20fol./73/SECONDARY_DISPLAY" width="2771px" height="4224px"/>
			<graphic mimeType="pdf" url="AM%20138%20fol./73/WEB_DISPLAY"/>
		</surface>
		<surface xml:id="AM02-0138-0035r" n="74">
			<desc>0035r</desc>
			<graphic mimeType="pdf" url="AM%20138%20fol./74/HIGH_QUALITY_DISPLAY"/>
			<graphic mimeType="jpg" url="AM%20138%20fol./74/THUMBNAIL" width="197px" height="300px"/>
			<graphic mimeType="jpg" url="AM%20138%20fol./74/SECONDARY_DISPLAY" width="2771px" height="4224px"/>
			<graphic mimeType="pdf" url="AM%20138%20fol./74/WEB_DISPLAY"/>
		</surface>
		<surface xml:id="AM02-0138-0035v" n="75">
			<desc>0035v</desc>
			<graphic mimeType="pdf" url="AM%20138%20fol./75/HIGH_QUALITY_DISPLAY"/>
			<graphic mimeType="jpg" url="AM%20138%20fol./75/THUMBNAIL" width="197px" height="300px"/>
			<graphic mimeType="jpg" url="AM%20138%20fol./75/SECONDARY_DISPLAY" width="2771px" height="4224px"/>
			<graphic mimeType="pdf" url="AM%20138%20fol./75/WEB_DISPLAY"/>
		</surface>
		<surface xml:id="AM02-0138-0036r" n="76">
			<desc>0036r</desc>
			<graphic mimeType="pdf" url="AM%20138%20fol./76/HIGH_QUALITY_DISPLAY"/>
			<graphic mimeType="jpg" url="AM%20138%20fol./76/THUMBNAIL" width="197px" height="300px"/>
			<graphic mimeType="jpg" url="AM%20138%20fol./76/SECONDARY_DISPLAY" width="2771px" height="4224px"/>
			<graphic mimeType="pdf" url="AM%20138%20fol./76/WEB_DISPLAY"/>
		</surface>
		<surface xml:id="AM02-0138-0036v" n="77">
			<desc>0036v</desc>
			<graphic mimeType="pdf" url="AM%20138%20fol./77/HIGH_QUALITY_DISPLAY"/>
			<graphic mimeType="jpg" url="AM%20138%20fol./77/THUMBNAIL" width="197px" height="300px"/>
			<graphic mimeType="jpg" url="AM%20138%20fol./77/SECONDARY_DISPLAY" width="2771px" height="4224px"/>
			<graphic mimeType="pdf" url="AM%20138%20fol./77/WEB_DISPLAY"/>
		</surface>
		<surface xml:id="AM02-0138-0037r" n="78">
			<desc>0037r</desc>
			<graphic mimeType="pdf" url="AM%20138%20fol./78/HIGH_QUALITY_DISPLAY"/>
			<graphic mimeType="jpg" url="AM%20138%20fol./78/THUMBNAIL" width="197px" height="300px"/>
			<graphic mimeType="jpg" url="AM%20138%20fol./78/SECONDARY_DISPLAY" width="2771px" height="4224px"/>
			<graphic mimeType="pdf" url="AM%20138%20fol./78/WEB_DISPLAY"/>
		</surface>
		<surface xml:id="AM02-0138-0037v" n="79">
			<desc>0037v</desc>
			<graphic mimeType="pdf" url="AM%20138%20fol./79/HIGH_QUALITY_DISPLAY"/>
			<graphic mimeType="jpg" url="AM%20138%20fol./79/THUMBNAIL" width="197px" height="300px"/>
			<graphic mimeType="jpg" url="AM%20138%20fol./79/SECONDARY_DISPLAY" width="2771px" height="4224px"/>
			<graphic mimeType="pdf" url="AM%20138%20fol./79/WEB_DISPLAY"/>
		</surface>
		<surface xml:id="AM02-0138-0038r" n="80">
			<desc>0038r</desc>
			<graphic mimeType="pdf" url="AM%20138%20fol./80/HIGH_QUALITY_DISPLAY"/>
			<graphic mimeType="jpg" url="AM%20138%20fol./80/THUMBNAIL" width="197px" height="300px"/>
			<graphic mimeType="jpg" url="AM%20138%20fol./80/SECONDARY_DISPLAY" width="2771px" height="4224px"/>
			<graphic mimeType="pdf" url="AM%20138%20fol./80/WEB_DISPLAY"/>
		</surface>
		<surface xml:id="AM02-0138-0038v" n="81">
			<desc>0038v</desc>
			<graphic mimeType="pdf" url="AM%20138%20fol./81/HIGH_QUALITY_DISPLAY"/>
			<graphic mimeType="jpg" url="AM%20138%20fol./81/THUMBNAIL" width="197px" height="300px"/>
			<graphic mimeType="jpg" url="AM%20138%20fol./81/SECONDARY_DISPLAY" width="2771px" height="4224px"/>
			<graphic mimeType="pdf" url="AM%20138%20fol./81/WEB_DISPLAY"/>
		</surface>
		<surface xml:id="AM02-0138-0039r" n="82">
			<desc>0039r</desc>
			<graphic mimeType="pdf" url="AM%20138%20fol./82/HIGH_QUALITY_DISPLAY"/>
			<graphic mimeType="jpg" url="AM%20138%20fol./82/THUMBNAIL" width="197px" height="300px"/>
			<graphic mimeType="jpg" url="AM%20138%20fol./82/SECONDARY_DISPLAY" width="2771px" height="4224px"/>
			<graphic mimeType="pdf" url="AM%20138%20fol./82/WEB_DISPLAY"/>
		</surface>
		<surface xml:id="AM02-0138-0039v" n="83">
			<desc>0039v</desc>
			<graphic mimeType="pdf" url="AM%20138%20fol./83/HIGH_QUALITY_DISPLAY"/>
			<graphic mimeType="jpg" url="AM%20138%20fol./83/THUMBNAIL" width="197px" height="300px"/>
			<graphic mimeType="jpg" url="AM%20138%20fol./83/SECONDARY_DISPLAY" width="2771px" height="4224px"/>
			<graphic mimeType="pdf" url="AM%20138%20fol./83/WEB_DISPLAY"/>
		</surface>
		<surface xml:id="AM02-0138-0040r" n="84">
			<desc>0040r</desc>
			<graphic mimeType="pdf" url="AM%20138%20fol./84/HIGH_QUALITY_DISPLAY"/>
			<graphic mimeType="jpg" url="AM%20138%20fol./84/THUMBNAIL" width="197px" height="300px"/>
			<graphic mimeType="jpg" url="AM%20138%20fol./84/SECONDARY_DISPLAY" width="2771px" height="4224px"/>
			<graphic mimeType="pdf" url="AM%20138%20fol./84/WEB_DISPLAY"/>
		</surface>
		<surface xml:id="AM02-0138-0040v" n="85">
			<desc>0040v</desc>
			<graphic mimeType="pdf" url="AM%20138%20fol./85/HIGH_QUALITY_DISPLAY"/>
			<graphic mimeType="jpg" url="AM%20138%20fol./85/THUMBNAIL" width="192px" height="300px"/>
			<graphic mimeType="jpg" url="AM%20138%20fol./85/SECONDARY_DISPLAY" width="2771px" height="4320px"/>
			<graphic mimeType="pdf" url="AM%20138%20fol./85/WEB_DISPLAY"/>
		</surface>
		<surface xml:id="AM02-0138-9999r-RB" n="86">
			<desc>9999r-RB</desc>
			<graphic mimeType="pdf" url="AM%20138%20fol./86/HIGH_QUALITY_DISPLAY"/>
			<graphic mimeType="jpg" url="AM%20138%20fol./86/THUMBNAIL" width="192px" height="300px"/>
			<graphic mimeType="jpg" url="AM%20138%20fol./86/SECONDARY_DISPLAY" width="2771px" height="4320px"/>
			<graphic mimeType="pdf" url="AM%20138%20fol./86/WEB_DISPLAY"/>
		</surface>
		<surface xml:id="AM02-0138-9999v-RB" n="87">
			<desc>9999v-RB</desc>
			<graphic mimeType="pdf" url="AM%20138%20fol./87/HIGH_QUALITY_DISPLAY"/>
			<graphic mimeType="jpg" url="AM%20138%20fol./87/THUMBNAIL" width="200px" height="293px"/>
			<graphic mimeType="jpg" url="AM%20138%20fol./87/SECONDARY_DISPLAY" width="2952px" height="4320px"/>
			<graphic mimeType="pdf" url="AM%20138%20fol./87/WEB_DISPLAY"/>
		</surface>
		<surface xml:id="AM02-0138-ccp" n="88">
			<desc>ccp</desc>
			<graphic mimeType="pdf" url="AM%20138%20fol./88/HIGH_QUALITY_DISPLAY"/>
			<graphic mimeType="jpg" url="AM%20138%20fol./88/THUMBNAIL" width="197px" height="300px"/>
			<graphic mimeType="jpg" url="AM%20138%20fol./88/SECONDARY_DISPLAY" width="2028px" height="3084px"/>
			<graphic mimeType="pdf" url="AM%20138%20fol./88/WEB_DISPLAY"/>
		</surface>
	</facsimile>
	<text>

        <body>

            <p/>
        </body>
    </text>
</TEI>