<?xml version="1.0" encoding="UTF-8"?>
<?oxygen RNGSchema="http://www.handrit.is/schema/handrit-1.0.rnc" type="compact"?><TEI xmlns="http://www.tei-c.org/ns/1.0">
   <teiHeader>
      <fileDesc>
         <titleStmt>
            <title type="main">AM 19 fol.</title>
         </titleStmt>
         <publicationStmt>
            <authority>Den Arnamagnæanske Samling</authority>
            <pubPlace>København</pubPlace>
         </publicationStmt>
         <sourceDesc>
            <msDesc xml:id="AM02-0019-en" xml:lang="en">
               <msIdentifier>
                  <country>Denmark</country>
                  <settlement>København</settlement>
                  <repository>Den Arnamagnæanske Samling</repository>
                  <idno>AM 19 fol.</idno>
                  <altIdentifier type="internal" subtype="KKKat">
                     <idno>30</idno>
                  </altIdentifier>
               </msIdentifier>
               <head>
                  <title>Knýtlinga saga</title>
                  <origPlace>Iceland</origPlace>
                  <origDate notBefore="1600" notAfter="1699">s. XVII</origDate>
               </head>
               <msContents>
                  <msItem>
                     <textLang mainLang="is">Islandsk</textLang>
                  </msItem>
               </msContents>
               <physDesc>
                  <objectDesc form="codex">
                     <supportDesc material="chart">
                        <support>Paper.</support>
                        <extent>93. 
<dimensions type="leaf" scope="all">
                              <height>280</height>
                              <width>190</width>
                           </dimensions>
                        </extent>
                     </supportDesc>
                  </objectDesc>
                  <handDesc hands="1">
                     <handNote scribe="JonErl001" scope="sole" script="unknown">
                        <p>
Written by Jón Erlendsson.</p>
                     </handNote>
                  </handDesc> 
               </physDesc>
            </msDesc>
         </sourceDesc>
      </fileDesc>
   </teiHeader>
   <facsimile>
      <surface/>
   </facsimile>
</TEI>