<?xml version="1.0" encoding="UTF-8"?>
<?oxygen RNGSchema="http://www.handrit.is/schema/handrit-1.0.rnc" type="compact"?><TEI xmlns="http://www.tei-c.org/ns/1.0">
    <teiHeader>
        <fileDesc>
            <titleStmt>
                <title type="main">AM 38 fol.</title>
            </titleStmt>
            <publicationStmt>
                <authority>Den Arnamagnæanske Samling</authority>
                <pubPlace>København</pubPlace>
            </publicationStmt>
            <sourceDesc>
                <msDesc xml:id="AM02-0038-en" xml:lang="en">
                    <msIdentifier>
                        <country>Denmark</country>
                        <settlement>København</settlement>
                        <repository>Den Arnamagnæanske Samling</repository>
                        <idno>AM 38 fol.</idno>
                        <altIdentifier type="internal" subtype="KKKat">
                            <idno>52</idno>
                        </altIdentifier>
                    </msIdentifier>
                    <head>
                        <title>Noregs konunga sögur</title>
                        <origPlace>Norway</origPlace>
                        <origDate notBefore="1690" notAfter="1697">1690-1697</origDate>
                        <note>Copy of <title>Jöfraskinna</title>.</note>
                    </head>
                    <msContents>
                        <msItem>
                            <title type="uniform">Noregs konunga sögur</title>
                            <title type="parallel">Heimskringla</title>
                            <textLang mainLang="is">Icelandic</textLang>
                            <rubric>Konunga sogr ero her ritaðar</rubric>
                            <colophon>Þessi bok var confererut (þo obiter) vid þær Membranas,
                                Jofraskinnu, Kringlu og Guliskin<expan>n</expan>u sem hun er
                                efftershrifud Anno 1698</colophon>
                        </msItem>
                    </msContents>
                    <physDesc>
                        <objectDesc form="codex">
                            <supportDesc material="chart">
                                <support>
                                    <p>
                                        <material>Paper.</material>
                                    </p>
                                </support>
                                <extent>386. <dimensions type="leaf" scope="all">
                                        <height>313</height>
                                        <width>200</width>
                                    </dimensions>
                        </extent>
                            </supportDesc>
                        </objectDesc>
                        <handDesc hands="1">
                            <handNote scribe="AsgJon001" script="unknown" scope="sole">
                                <p>Written by Ásgeir Jónsson.</p>
                            </handNote>
                        </handDesc>
                    </physDesc>
                </msDesc>
            </sourceDesc>
        </fileDesc>
    </teiHeader>
    <facsimile>
        <surface/>
    </facsimile>
</TEI>