<?xml version="1.0" encoding="UTF-8"?>
<?oxygen RNGSchema="http://www.handrit.is/schema/handrit-1.0.rnc" type="compact"?><TEI xmlns="http://www.tei-c.org/ns/1.0">
   <teiHeader>
      <fileDesc>
         <titleStmt>
            <title type="main">AM 1 d alfa fol.</title>
         </titleStmt>
         <publicationStmt>
            <authority>Den Arnamagnæanske Samling</authority>
            <pubPlace>København</pubPlace>
         </publicationStmt>
         <sourceDesc>
            <msDesc xml:id="AM02-0001-d-alpha-en" xml:lang="en">
               <msIdentifier>
                  <country>Denmark</country>
                  <settlement>København</settlement>
                  <repository>Den Arnamagnæanske Samling</repository>
                  <idno>AM 1 d alfa fol.</idno>
                  <altIdentifier type="internal" subtype="KKKat">
                     <idno>4</idno>
                  </altIdentifier>
               </msIdentifier>
               <head>
                  <title type="uniform">Sögubrot af nokkrum fornkonungum í Dana ok Svía veldi</title>;
            <origPlace>Iceland/Denmark</origPlace>, <origDate notBefore="1700" notAfter="1730">s.
            XVIII 1/4</origDate>. <note>Transcript of <ref type="ms">AM 1 e β
        fol</ref>.</note>
               </head>
               <msContents>
                  <msItem defective="true" class="forn">
                     <locus from="1r:1" to="31v:16">1r-31v</locus>
                     <title type="uniform" xml:lang="is">Sögubrot af nokkrum fornkonungum í Dana ok Svía
                veldi</title>
                     <textLang mainLang="no">Old Norse/Icelandic</textLang>
                     <incipit defective="true">neita. konungr svarar Se <lb/> ek at þetta mal þarf at <lb/> litt se a lopt borit.</incipit>
                     <explicit>þa <lb/> voru hofþ blot i Skir<lb rend="hyphenated"/>ingssal. er. til var sott <lb/> um alla vikina…</explicit>
                     <bibl>
                        <ref type="primary-3" target="STUAGNL46">Sǫgur Danakonunga</ref>
                        <biblScope type="pages">1-25</biblScope> 
                        <note>Ed. AM</note>
                     </bibl>
                  </msItem>
               </msContents>
               <physDesc>
                  <objectDesc form="codex">
                     <supportDesc material="chart">
                        <support>
                           <p>
                              <material>Paper</material>. </p>
                        </support>
                        <extent>31. <dimensions type="leaf" scope="all">
                              <height>201</height>
                              <width>162</width>
                           </dimensions>.</extent>
                        <foliation>
                           <p>Foliated in red ink in the top margins by <name type="person" key="KriKaa001">Kålund</name>. Paginated in the top outer corners.</p>
                        </foliation>
                     </supportDesc>
                     <layoutDesc>
                        <layout columns="2" writtenLines="22 23">
                           <p>Written only in the inner columns with 22 to 23 lines per column. The outer columns are blank.</p>
                        </layout>
                     </layoutDesc>
                  </objectDesc>
                  <handDesc hands="1">
                     <handNote scribe="ArnMag001" scope="sole" script="unknown">
                        <p>Written by Árni Magnússon.</p>
                     </handNote>
                  </handDesc>
                  <bindingDesc>
                     <binding contemporary="false">
                        <p>The manuscript was formerly bound in a parchment binding, now <ref type="ms">Access. 7 a β, hs 2 (<title type="uniform">Graduale Gufudalense</title>), fol.
                            <locus>23</locus>.</ref>
                        </p>
                     </binding>
                  </bindingDesc>
               </physDesc>
               <history>
                  <origin notBefore="1700" notAfter="1730" cert="high" evidence="conjecture">
                     <p>Written in <origPlace>Iceland or Denmark (Copenhagen)</origPlace> in <origDate>the
                    first quarter of the eighteenth century</origDate>.</p>
                  </origin>
               </history>
               <additional>
                  <adminInfo>
                     <recordHist>
                        <source>
                           <p>Catalogued <date when="2001-12-20">20 December 2001</date> by EW-J. Checked
                            <date when="2008-05-26">26 May 2008</date> by <name type="person" key="SilHuf001">Silvia Hufnagel</name>.</p>
                        </source>
                     </recordHist>
                  </adminInfo>
                  <listBibl>
                     <bibl>Kålund, <ref type="secondary" target="KKKat">Katalog</ref>
                        <biblScope type="volume">I</biblScope>
                        <biblScope type="pages">3</biblScope>
                     </bibl>
                     <bibl>Rafn, <ref type="secondary" target="FASNRafn">Fornaldar Sögur Nordrlanda</ref>
                        <biblScope type="volume">I</biblScope>
                        <biblScope type="pages">xxiii</biblScope>
                     </bibl>
                  </listBibl>
               </additional>
            </msDesc>
         </sourceDesc>
      </fileDesc>
   </teiHeader>
   <facsimile>
      <surface/>
   </facsimile>
</TEI>