<?xml version="1.0" encoding="UTF-8"?>
<TEI xmlns="http://www.tei-c.org/ns/1.0"> 
 
   <teiHeader>
      <fileDesc>
    
         <titleStmt> 
      
            <title>Handritaskrá Árnastofnunar</title> 
    
         </titleStmt> 
    
         <publicationStmt>
            <p>Tilraunaútgáfa</p>
         </publicationStmt> 
    
         <sourceDesc>
            <msDesc xml:lang="is" xml:id="AM02-0162A-iota-is">

               <msIdentifier n="KK198">

                  <country>Ísland</country>

                  <settlement>Reykjavík</settlement>

                  <repository>Stofnun Árna Magnússonar</repository>

                  <idno>AM 162 A iota fol.</idno>

               </msIdentifier>


               <head>

                  <title type="uniform">Egils saga Skallagrímssonar</title>

                  <origPlace>Ísland</origPlace>

                  <origDate notBefore="1400" notAfter="1500" evidence="external">s. XV</origDate>


                  <note>Í safni brota úr tíu handritum.</note>

               </head>


               <msContents>
                  <textLang mainLang="is">Íslenska</textLang>

                  <msItem defective="true" class="isl">

                     <locus from="1r" to="1v">1r-1v</locus>

                     <title type="uniform">Egils saga Skallagrímssonar</title>

                     <note>Einungis brot.</note>

                     <incipit type="def">En æ<expan>
                        ıgı
                     </expan> veıt ek</incipit>
                     <explicit type="def">Tyg<expan>g</expan> ek ſ
                     l ſ
                     <expan>eger</expan> h<expan>on</expan> þ<expan>via</expan>t ek</explicit>

                  </msItem>

               </msContents>

 
               <physDesc>
                  <objectDesc form="codex">
                     <supportDesc material="perg">
                        <support>Skinn</support>
                        <extent>1 blað (<dimensions type="leaf" scope="all">
                              <height>230</height>
                              <width>212</width>
                           </dimensions>).</extent>
                        <foliation>
                           <p/>
                        </foliation>
                        <collation>
                           <p/>
                        </collation>
                        <condition>
                           <p>Blaðið er skemmt og skorið hefur verið ofan af því.</p>
                        </condition>
                     </supportDesc>
                     <layoutDesc>
                        <layout columns="2">
                           <p>Tvídálka.</p>
                        </layout>
                     </layoutDesc>
                  </objectDesc>
                  <handDesc>
                     <p/>
                  </handDesc>
                  <decoDesc>

                     <decoNote type="secondary" subtype="rubric">
                        <p>Eyður fyrir fyrirsagnir.</p>
                     </decoNote>

                     <decoNote type="secondary" subtype="initial">
                        <p>Eyður fyrir upphafsstafi.</p>
                     </decoNote>

                  </decoDesc>
                  <additions>
                     <p>Neðst fyrir miðju á 1r hefur <name key="ArnMag001" type="person">Árni Magnússon</name> skrifað: <q>ur Egils Sỏgu</q>.</p>
                  </additions>
                  <bindingDesc>
                     <binding notBefore="1995" notAfter="1995" contemporary="unknown">
                        <p>Band frá 1995. Pappakápa, bl. fest á móttök inn í japanpappír.</p>
                     </binding>
                  </bindingDesc>
               </physDesc>


               <history>
                  <origin notBefore="1400" notAfter="1500">
                     <p>Blaðið er tímasett til 15. aldar í <bibl>
                           <ref target="KKKat">Katalog I</ref>
                        </bibl>, bls. 116 (sjá einnig <bibl>
                           <ref xml:id="ONPregistre" target="ONPregistre">ONPRegistre</ref>
                        </bibl>, bls. 434).</p>
                  </origin>

                  <provenance>
                     <p/>
                  </provenance>

                  <acquisition notBefore="1996-09-19" notAfter="1996-09-19">
                     <p>Stofnun Árna Magnússonar á Íslandi tók við handritinu 19. september 1996.</p>
                  </acquisition>

               </history>


               <additional>

                  <adminInfo>

                     <recordHist>
                        <source>
                           <p>Tekið eftir <bibl>
                                 <ref target="KKKat">Katalog I</ref>
                              </bibl>, bls. 114-17 (nr. 198). <name key="KriKaa001" type="person">Kålund</name> gekk frá handritinu til skráningar í <date when="1885-12">desember 1885</date>. <name key="HarBer001" type="person">Haraldur Bernharðsson</name> tölvuskráði í <date when="2001-02">febrúar 2001</date>.</p>
                        </source>

                     </recordHist>


                     <custodialHist>

                        <custEvent type="conservation" notBefore="1995" notAfter="1995">
                           <p>Gert við og bundið í Kaupmannahöfn í júní til nóvember 1995. Í öskju með brotum úr níu öðrum handritum. Með fylgdi nákvæm lýsing á viðgerðum og ljósmyndun.</p>
                        </custEvent>

                     </custodialHist>

                  </adminInfo>


                  <surrogates>
                     <p>
                        <list>

                           <item n="1">Stafrænar myndir á www.sagnanet.is.</item>

                           <item n="2">Svart-hvítar ljósmyndir á Det Arnamagnæanske Institut í Kaupmannahöfn.</item>

                           <item n="3">Svart-hvítar ljósmyndir á Stofnun Árna Magnússonar á Íslandi.</item>

                        </list>
                     </p>
                  </surrogates>
                  <listBibl>
                     <bibl>Chesnutt, M. 2010, <ref target="MicChe2010b">To fragmenter af Egils saga. AM 162 A fol. (R) fragm. β og ι</ref></bibl>
                     <bibl>Lethbridge, E. 2014, <ref target="EmiLet2014b">„Hvorki glansar gull á mér/né glæstir stafir í línum“.</ref></bibl>
                     <bibl>Tarsi, M. 2019, <ref target="MatTar2019a">Instances of loanword/native word textual variation in the manuscript transmission of Egils saga Skallagrímssonar 
                        and Gísla saga Súrssonar</ref></bibl>
                  </listBibl>

	                 <!-- &#218;r <accMat>&#160;&#237; heildarf&#230;rslu (sem var eytt &#254;egar hvert brot (<msPart>) var sett &#237; s&#233;r skjal 22. n&#243;v. 2001 - DK&#222;):
      <name type="person" key="ArnMag001">&#193;rni
      Magn&#250;sson</name>

      segir &#237; handritaskr&#225;nni &#237; 
      <msIdentifier>AM 435 a 4to</msIdentifier>

      , bl. 78v ( 
      <ref target="">H&#229;ndskriftfortegnelser</ref>

      , bls. 28) og g&#230;ti &#225;tt vi&#240; eitthva&#240; af
      brotunum h&#233;r: 
      <q>Ur Eigils S&#246;gu Skallagrims sonar fragment lited.
      4to.</q> 

      (&THORN;a&eth; sem &Aacute;rni skrifar er a&eth; mestu leyti &iacute; Katalog, en se&eth;lum
      er &oacute;sk&yacute;rlega ra&eth;a&eth; me&eth; lj&oacute;smyndum og &thorn;arf &thorn;v&iacute; a&eth; fara vel
      yfir &thorn;etta &thorn;egar handritin ver&eth;a sko&eth;u&eth; (MJ 9.12.96).)

      <p>Fj&#246;gur papp&#237;rsbl&#246;&#240;&#160;&#237; kvart&#243;,
      sem &#237; handritskr&#225; 
      <name type="person" key="JonSig01">J&#243;ns
      Sigur&#240;ssonar</name>

      eru f&#230;r&#240; undir &#8747;, vantar n&#250;. &#193;
      &#254;eim voru uppskriftir af &#177;-&amp;thetas;.
      Samkv&#230;mt s&#246;mu skr&#225; heyr&#240;i h&#233;r einnig
      til 
      <q>Draumsvitran</q>

      um Egil, sbr. 
      <ref target="Edda1880">Snorra Edda III, 1, Hafni&#230;
      1880</ref>

      , bls. 441.</p> -->


    <!-- &#218;r heildarf&#230;rslu:
    <listBibl>
      <bibl>
      <ref target="Egil1809">Egils saga, Havni&#230; 1809</ref>

      . 
      <note>&#205;&#160;&#254;essari &#250;tg&#225;fu eru brotin nefnd
      svo: &#177; = F (2), &#8804; = G (1), &#8805; = E (3), &#165;
      = D (4), &amp;epsi; = I (6);&#160;&#8706; = C (5), &#8721; = H
      (7);&#160;&amp;thetas; = K (8). Sj&#225; n&#225;nar um brotin
      &#225; bls. XIII og bls. XV og &#225;fram. &#205;
      &#254;essari &#250;tg&#225;fu eru og myndir af &amp;thetas;
      (tab. 1; og ranglega v&#237;sa&#240; til &#254;ess sem nr.
      160), &#177;, &#8804;, &#8805;, og &#165; (tab. 3).</note>
      </bibl>

      <bibl>
      <ref target="AntR">Ant. Russes II</ref>

      , bls. 248</bibl>

      <bibl>
      <ref target="CorpPBor">Corpus poet. bor. I</ref>

      , bls. 267 
      <note>H&#246;fu&#240;lausn</note>
      </bibl>
    </listBibl> -->

    
            </additional>

            </msDesc>
         </sourceDesc>
  
      </fileDesc>
      <profileDesc> 
    
          
     
    
      </profileDesc>
   </teiHeader> 
 
   <text>
  
      <body>
         
         <p/>
      </body> 
 
   </text> 

</TEI>