<?xml version="1.0" encoding="UTF-8"?>
<?oxygen RNGSchema="http://www.handrit.is/schema/handrit-1.0.rnc" type="compact"?><TEI xmlns="http://www.tei-c.org/ns/1.0">
    <teiHeader>
        <fileDesc>
            <titleStmt>
                <title type="main">AM 1 f fol.</title>
            </titleStmt>
            <publicationStmt>
                <authority>Den Arnamagnæanske Samling</authority>
                <pubPlace>København</pubPlace>
            </publicationStmt>
            <sourceDesc>
                <msDesc xml:id="AM02-0001-f-en" xml:lang="en">
                    <msIdentifier>
                        <country>Denmark</country>
                        <settlement>København</settlement>
                        <repository>Den Arnamagnæanske Samling</repository>
                        <idno>AM 1 f fol.</idno>
                        <altIdentifier type="internal" subtype="KKKat">
                            <idno>9</idno>
                        </altIdentifier>
                    </msIdentifier>
                    <head>
                        <title>Langfeðgatal Norðlanda konunga</title>;
                            <origPlace>Iceland/Denmark</origPlace>, <origDate notBefore="1600" notAfter="1730">s. XVII/s. XVIII in</origDate>
                    </head>
                    <msContents>
                        <textLang mainLang="is">Icelandic</textLang>
                    </msContents>
                    <physDesc>
                        <objectDesc form="codex">
                            <supportDesc material="chart">
                                <support>
                                    <p>
                                        <material>Paper</material>
                                    </p>
                                </support>
                                <extent>51, fol. 11 is blank. <dimensions type="leaf" scope="all">
                                        <height>210</height>
                                        <width>170</width>
                                    </dimensions>
                        </extent>
                            </supportDesc>
                        </objectDesc>
                    </physDesc>
                    <history>
                        <origin notBefore="1600" notAfter="1730" cert="high" evidence="conjecture">
                            <p>Written in Iceland or Denmark in the seventeenth and the beginning of
                                the eighteenth century.</p>
                        </origin>
                    </history>
                </msDesc>
            </sourceDesc>
        </fileDesc>
    </teiHeader>
    <facsimile>
        <surface/>
    </facsimile>
</TEI>