<?xml version="1.0" encoding="UTF-8"?>
<?oxygen RNGSchema="http://www.handrit.is/schema/handrit-1.0.rnc" type="compact"?>
<TEI xmlns="http://www.tei-c.org/ns/1.0">
   <teiHeader>
      <fileDesc>
         <titleStmt>
            <title type="main">AM 1 b fol.</title>
         </titleStmt>
         
         <publicationStmt>
            <authority>Den Arnamagnæanske Samling</authority>
            <pubPlace>København</pubPlace>
         </publicationStmt>
         <sourceDesc>
            <msDesc xml:id="AM02-0001-b-da" xml:lang="da">
               <msIdentifier>
                  <country>Danmark</country>
                  <settlement>København</settlement>
                  <repository>Den Arnamagnæanske Samling</repository>
                  <idno>AM 1 b fol.</idno>
                  <altIdentifier type="internal" subtype="KKKat">
                     <idno>2</idno>
                  </altIdentifier>
               </msIdentifier>
               <head>
                  <title type="uniform" xml:lang="is">Sögubrot af nokkrum fornkonungum í Dana ok
                     Svía veldi</title>; <origPlace>Island</origPlace>, <origDate notBefore="1600"
                        notAfter="1699" evidence="conjecture" resp="KKKat">s. XVII</origDate>.</head>
               <physDesc>
                  <objectDesc form="codex">
                     <supportDesc material="chart">
                        <support>
                           <p>
                              <material>Papir</material>.</p>
                        </support>
                        <extent>10. <dimensions type="leaf" scope="all" unit="mm">
                           <height>315</height>
                           <width>200</width>
                        </dimensions>.</extent>
                        <foliation>
                           <p>Folieret i nederste ydre hjørne. Pagineret i øverste ydre hjørne.</p>
                        </foliation>
                     </supportDesc>
                  </objectDesc>
               </physDesc>
               <history>
                  <origin>
                     <p>Skrevet i <origPlace>Island</origPlace> i <origDate notBefore="1600"
                        notAfter="1699" evidence="conjecture" resp="KKKat"
                        >1600-tallet</origDate>.</p>
                  </origin>
                  <provenance>
                     <p>Sammensat af <name type="person" key="ArnMag001">Arne Magnusson</name> fra
                        tre oprindeligt uafhængige håndskrifter.</p>
                  </provenance>
               </history>
               <additional>
                  <adminInfo>
                     <recordHist>
                        <p>Katalogiseret <date when="2008-05-26">26. maj 2008</date> af <name
                           type="person" key="SilHuf001">Silvia Hufnagel</name>.</p>
                     </recordHist>
                  </adminInfo>
                  <listBibl>
                     <bibl>Kålund: <ref type="secondary" target="KKKat">Katalog</ref>
                        <biblScope type="volume">I</biblScope>
                        <biblScope type="pages">2-3</biblScope>
                     </bibl>
                     <bibl>
                        <ref type="secondary" target="STUAGNL46">Sögur Danakonunga</ref>
                        <biblScope type="pages">viii</biblScope>
                     </bibl>
                  </listBibl>
               </additional>
               <msPart>
                  <altIdentifier type="partial">
                     <idno>AM 1 I b fol.</idno>
                  </altIdentifier>
                  <msContents>
                     <msItem defective="true" class="forn">
                        <locus from="1r:1" to="4">1r-4v</locus>
                        <title type="uniform">Sögubrot af nokkrum fornkonungum í Dana ok Svía veldi</title>
                        <textLang mainLang="is">Islandsk</textLang>
                        <rubric>Saugubrot <lb/> Af nockrum fornkongum i Dana <ex>og</ex> Suiavelde
                           <lb/> Yvari vydfadma. Hræreke Helga inu<ex>m</ex> huassa. <lb/> Harallde
                           Hilldeton<ex>n</ex> med Bravalldar Bardaga. <ex>og</ex>
                           <lb/> nockud af Sigurde Hring. epter þui sem fundist <lb/> hafa ritud a
                           nidlags Saurblada Rifrilldum <lb/> sundurlaus. <lb/> I Brot. um konbonar
                           fór Helga hins huassa t<ex>il</ex>
                           <lb/> Audar hin<ex>n</ex>ar diupaudgu yvars dottur vidfadma <lb/> j
                           Suiarike. <ex>og</ex> faalsuór jvars <lb/> upphafslaust. <lb/> Ord Audar
                           vid fódur sin<ex>n</ex> fram<ex>m</ex>berande Eirinde hel<lb
                              rend="hyphenated"/>ga med underhyggju</rubric>
                        <incipit>** Se eg ad þetta Mäl þarf ad litt se a lopt borid</incipit>
                        <explicit defective="true">siglir huer til sijns Lands: og</explicit>
                        <filiation>Afskrift af <ref type="ms">AM 1 a fol.</ref>
                        </filiation>
                        <listBibl>
                           <bibl>Rafn: <ref type="primary-3" target="AntR">Antiquités Russes</ref>
                              <biblScope type="volume">I</biblScope>
                              <biblScope type="pages">67-75a:20</biblScope>
                              <note>Udg. C</note>
                           </bibl>
                           <bibl>Rafn: <ref type="primary-3" target="C__Raf1829b">Fornaldar Sögur
                              Nordrlanda</ref>
                              <biblScope type="volume">I</biblScope>
                              <biblScope type="pages">363-374:5</biblScope>
                              <note>Udg. C</note>
                           </bibl>
                        </listBibl>
                     </msItem>
                  </msContents>
                  <physDesc>
                     <objectDesc form="codex">
                        <supportDesc material="chart">
                           <support>
                              <p>
                                 <material>Papir</material>. </p>
                           </support>
                           <extent>4.</extent>
                           <collation>
                              <p>
                                 <catchwords>En kustode på bl. <locus>5r</locus>.</catchwords>
                              </p>
                           </collation>
                        </supportDesc>
                        <layoutDesc>
                           <layout columns="1" writtenLines="29 32">
                              <p>Teksten er enspaltet med 29 til 32 linjer pr. side. Kustoder.</p>
                           </layout>
                        </layoutDesc>
                     </objectDesc>
                     <additions>
                        <p>I margen af bl. <locus>1r</locus> har <name type="person" key="ArnMag001"
                           >Arne Magnusson</name> skrevet: <q xml:lang="la">Corruptis<lb
                              rend="hyphenated"/>simum <lb/> Exemplar <lb/>
                              <ex>et</ex> nullius <lb/> momenti</q>.</p>
                     </additions>
                  </physDesc>
               </msPart>
               <msPart>
                  <altIdentifier type="partial">
                     <idno>AM 1 II b fol.</idno>
                  </altIdentifier>
                  <msContents>
                     <msItem defective="true" class="forn">
                        <locus from="5r:1" to="5v:12">5r-v</locus>
                        <title type="uniform">Sögubrot af nokkrum fornkonungum í Dana ok Svía veldi</title>
                        <textLang mainLang="is">Islandsk</textLang>
                        <incipit defective="true">landz og Er þetta spir Rädbert k<ex>ongur</ex>
                           setti h<ex>an</ex>n haralld stiupson sin<ex>n</ex> jfer <lb/>
                           skipen<ex>n</ex>, og herin<ex>n</ex>.</incipit>
                        <note>Nederst på bl. <locus>5r</locus> har skriveren tilføjet: <q
                           xml:lang="is">her wantar mikid v<ex>id</ex>, fram<ex>m</ex> ad elli
                           dogum Haralldz kongs</q>.</note>
                        <explicit>w<ex>ar</ex> an<ex>n</ex>ar Hrærekur slaungin<ex>n</ex>
                           <lb/>bogi. en<ex>n</ex> an<ex>n</ex>ar Þrandur hin<ex>n</ex> Gamle</explicit>
                        <note>Under dette har skriveren tilføjet: <q xml:lang="is">
                           <!--<del rend="overstrike" hand="ArnMag001">-->Hier effter ä ad setiast Brä
                              vallar bardagi s<ex>e</ex>m seiger frä Dauda <lb/> haralldar hilldi
                              Tan<ex>n</ex>ar<!--</del> -->
                        </q>. Denne note er senere blevet overstreget af <name type="person"
                           key="ArnMag001">Arne Magnusson</name>, som har tilføjet <q
                              xml:lang="is">
                              <!--<add place="top" hand="ArnMag001">-->Bravallar<!--</add>-->
                           </q>.</note>
                        <listBibl>
                           <bibl>Rafn: <ref type="primary-3" target="AntR">Antiquités Russes</ref>
                              <biblScope type="volume">I</biblScope>
                              <biblScope type="pages">75a:20-77b:7</biblScope>
                              <note>Udg. C</note>
                           </bibl>
                           <bibl>Rafn: <ref type="primary-3" target="FASNRafn">Fornaldar Sögur
                              Nordrlanda</ref>
                              <biblScope type="volume">I</biblScope>
                              <biblScope type="pages">374:5-377:5</biblScope>
                              <note>Udg. C</note>
                           </bibl>
                        </listBibl>
                     </msItem>
                  </msContents>
                  <physDesc>
                     <objectDesc form="codex">
                        <supportDesc material="chart">
                           <support>
                              <p>Papir.</p>
                           </support>
                           <extent>1.</extent>
                           <collation>
                              <p>
                                 <catchwords>En kustode på bl. <locus>5r</locus>.</catchwords>
                              </p>
                           </collation>
                        </supportDesc>
                        <layoutDesc>
                           <layout columns="1">
                              <p>Kolumnetitler.</p>
                           </layout>
                        </layoutDesc>
                     </objectDesc>
                     <additions>
                        <p>På den opr. blanke del (2/3) af bl. <locus>5v</locus> er skrevet: <q
                           xml:lang="is">Þessa bok a Heidur legur Kien<ex>n</ex>e Man<ex>n</ex>
                           <lb/> S<ex>iera</ex> Throlffur Clausson</q>.</p>
                     </additions>
                  </physDesc>
               </msPart>
               <msPart>
                  <altIdentifier type="partial">
                     <idno>AM 1 III b fol.</idno>
                  </altIdentifier>
                  <msContents>
                     <msItem defective="true" class="forn">
                        <locus from="6r:34" to="10r:4">6r-10r</locus>
                        <title type="uniform">Sögubrot af nokkrum fornkonungum í Dana ok Svía veldi</title>
                        <textLang mainLang="is">Islandsk</textLang>
                        <rubric>Bravallar Bardage Mille Haralldar k<ex>o</ex>ngs <lb/>
                           hilldetan<ex>n</ex>ar og Sigurdar Hrijngs</rubric>
                        <incipit>Þa er Haralldur k<ex>ongur</ex> Hilldetón<ex>n</ex> var
                           ordin<ex>n</ex> so ga<lb/>mall ad h<ex>an</ex>n haffde halftt
                           an<ex>n</ex>ar hundrad Aara,</incipit>
                        <explicit>frijdara en<ex>n</ex> Øn<ex>n</ex>ur Man<ex>n</ex>kynd a
                           Nordur<lb/>londum. Og End<ex>ar</ex> hier so Bravallar Bardaga</explicit>
                        <note>Slutningen af <title type="uniform">Hálfdanar þáttr svarta ok Haralds
                           hárfagra</title>, som begynder på bl. <locus>6r</locus> med <q
                              xml:lang="is">vid allar j þrȯtter, mikid gieckst Haralldur wid</q>, og
                           som er skrevet af den samme skriver som <ref type="ms">AM 1 II b
                              fol.</ref>, er blevet overstreget af <name type="person" key="ArnMag001"
                                 >Arne Magnusson</name>, da han sammensatte håndskriftet.</note>
                        <listBibl>
                           <bibl>Rafn: <ref type="primary-3" target="AntR">Antiquités Russes</ref>
                              <biblScope type="volume">I</biblScope>
                              <biblScope type="pages">77b:7-85a:17</biblScope>
                              <note>Udg. C</note>
                           </bibl>
                           <bibl>Rafn: <ref type="primary-3" target="FASNRafn">Fornaldar Sögur
                              Nordrlanda</ref>
                              <biblScope type="volume">I</biblScope>
                              <biblScope type="pages">377:5-387:25</biblScope>
                              <note>Udg. C</note>
                           </bibl>
                        </listBibl>
                     </msItem>
                  </msContents>
                  <physDesc>
                     <objectDesc form="codex">
                        <supportDesc material="chart">
                           <support>
                              <p>
                                 <material>Papir</material>. </p>
                           </support>
                           <extent>5. bl. <locus>10v</locus> er ubeskrevet.</extent>
                           <collation>
                              <p>
                                 <catchwords>Kustoder på bl. <locus>6r-9v</locus>.</catchwords>
                              </p>
                           </collation>
                        </supportDesc>
                        <layoutDesc>
                           <layout columns="1" writtenLines="34 36">Skrevet på én spalte med 34 til
                              36 linjer pr. side.</layout>
                        </layoutDesc>
                     </objectDesc>
                     <handDesc hands="1">
                        <handNote scribe="ThoKla001" scope="sole" script="cursiva">
                           <p>Skrevet af Þorleifur Kláusson fra <name type="place" key="ÚtsGer01"
                              >Útskálar</name>.</p>
                        </handNote>
                     </handDesc>
                  </physDesc>
               </msPart>
            </msDesc>
         </sourceDesc>
      </fileDesc>
   </teiHeader>
   <facsimile>
      <surface/>
   </facsimile>
</TEI>
