<?xml version="1.0" encoding="UTF-8"?>
<?oxygen RNGSchema="http://www.handrit.is/schema/handrit-1.0.rnc" type="compact"?>
<TEI xmlns="http://www.tei-c.org/ns/1.0">
   <teiHeader>
      <fileDesc>
         <titleStmt>
            <title>Handritaskrá Árnastofnunar</title>
         </titleStmt>
         <publicationStmt>
            <p>Tilraunaútgáfa</p>
         </publicationStmt>
         <sourceDesc>
            <msDesc xml:lang="is" xml:id="AM02-0160-is">
               <msIdentifier>
                  <country key="IS">Ísland</country>
                  <settlement>Reykjavík</settlement>
                  <institution>Stofnun Árna Magnússonar í íslenskum fræðum</institution>
                  <repository>Handritasvið</repository>
                  <collection>Safn Árna Magnússonar</collection>
                  <idno>AM 160 fol.</idno>
                  <altIdentifier type="internal" subtype="KKKat">
                     <idno>196</idno>
                  </altIdentifier>
               </msIdentifier>

               <msContents xml:lang="is">
                  <summary>
                     <title type="supplied">Sögubók</title>
                     <note>
                        <name key="ArnMag001" type="person">Árni Magnússon</name> lét <name
                           key="JonTor003" type="person">Jón Torfason</name> skrifar upp eftir þessu
                        handriti Harðar sögu í <ref xml:id="AM04-0498">AM 498
                           4to</ref>, Króka-Refs sögu í <ref xml:id="AM04-0506">AM
                           506 4to</ref>, Víglundar sögu í <ref xml:id="AM04-0512">AM
                           512 4to</ref>. Aðrar sögur lét Árni bera saman við ýmis handrit.</note>
                  </summary>
                  <textLang mainLang="is">Íslenska</textLang>

                  <msItem n="1" class="isl" defective="false">
                     <locus from="1r" to="24r">1r-24r</locus>
                     <title type="uniform">Svarfdæla saga</title>
                     <rubric>Hér byrjar Svarfdælinga sögu</rubric>
                     <incipit>Það er upphaf þessarar sögu …</incipit>
                     <explicit>… Ljótur lét drepa Eglu-Halla bróður Karls unga.</explicit>
                     <finalRubric>Nú lýkur hér Svarfdæla sögu með þvílíku efni.</finalRubric>
                     <note>Auð blöð vegna eyðu í forriti: <locus from="6v" to="6v">6v</locus> að
                        mestu, <locus from="7r" to="10v">7r-10v</locus>, <locus from="11v" to="11v"
                           >11v</locus> og <locus from="12v" to="12v">12v</locus> að mestu, neðri
                        helmingur <locus from="14r" to="14r">14r</locus> og <locus from="21v"
                           to="21v">21v</locus>.</note>
                  </msItem>
                  <msItem n="2" class="isl" defective="false">
                     <locus from="25r" to="54v">25r-54v</locus>
                     <title type="uniform">Gísla saga Súrssonar</title>
                     <rubric>Saga af Gísla Súrssyni</rubric>
                     <incipit>Það er upphaf á sögu þessi …</incipit>
                     <explicit>… og eru menn komnir frá honum.</explicit>
                     <finalRubric>Lúku vær hér sögu Gísla Súrssonar. Guð gefi alla góða daga utan
                        enda. AMEN.</finalRubric>
                     <filiation>Styttri gerð sögunnar, líklega skrifuð eftir <ref xml:id="AM02-0148"
                           >AM 148 fol.</ref> (sbr. <locus from="accMat01v" to="accMat01v"
                           >seðil</locus>).</filiation>
                  </msItem>
                  <msItem n="3" class="islt" defective="false">
                     <locus from="55r" to="69v">55r-69v</locus>
                     <title type="uniform">Orms þáttur Stórólfssonar</title>
                     <rubric>Söguþáttur af Ormi Stórólfssyni</rubric>
                     <incipit>[H]ængur hét maður son Ketils Naumdæla …</incipit>
                     <explicit>… og hélt vel trú sína.</explicit>
                     <finalRubric>Og lýkur þar þætti Orms Stórólfssonar.</finalRubric>
                  </msItem>
                  <msItem n="4" class="isl" defective="false">
                     <locus from="75r" to="114v">75r-114v</locus>
                     <title type="uniform">Harðar saga</title>
                     <rubric>Saga af Hörð og hans fylgjurum þeim Hólmverjum</rubric>
                     <incipit>[Á] dögum Haralds hins hárfagra …</incipit>
                     <explicit>…eftir öngvan mann sekan hafi jafnmargir í hefnd verið drepnir sem
                        Hörð.</explicit>
                     <finalRubric>Lúkum vér svo sögu Hólmverja.</finalRubric>
                  </msItem>
                  <msItem n="5" class="isl" defective="false">
                     <locus from="115r" to="146r">115r-146r</locus>
                     <title type="uniform">Króka-Refs saga</title>
                     <rubric>Saga af Króka-Ref</rubric>
                     <incipit>[Á] dögum Hákonar kóngs Aðalsteinsfóstra …</incipit>
                     <explicit>… Og er margt göfugra manna frá honum komið.</explicit>
                     <finalRubric>Og lúkum vér þar sögu Króka-Refs.</finalRubric>
                  </msItem>
                  <msItem n="6" class="isl" defective="false">
                     <locus from="146r" to="146v">146r-v</locus>
                     <title type="supplied">Um Grænlands byggð</title>
                     <incipit>Grænland var byggt af Eiríki hinum rauða …</incipit>
                     <explicit>… biskupsstóll þar.</explicit>
                     <colophon>Þessi saga finnst miklu lengri í þeim gömlu bókum heldur en hér er
                        rituð.</colophon>
                     <note>Stutt annálskennd klausa.</note>
                  </msItem>
                  <msItem n="7" class="isl" defective="false">
                     <locus from="149r" to="208r">149r-208r</locus>
                     <title type="uniform">Víga-Glúms saga</title>
                     <rubric>Hér byrjar Glúms sögu</rubric>
                     <incipit>[H]elgi hét maður og var kallaður Helgi hinn magri …</incipit>
                     <explicit>… að hann hafi verið best um sig allra vígra manna hér á
                        landi.</explicit>
                     <finalRubric>Og lýkur þar sögu Glúms Eyjólfssonar.</finalRubric>
                  </msItem>
                  <msItem n="8" class="isl">
                     <locus from="209r" to="253v">209r-253v</locus>
                     <title type="uniform">Hávarðar saga Ísfirðings</title>
                     <rubric>Sagan af Hávarði Ísfirðingi og syni hanss Ólafi Bjarnyl</rubric>
                     <incipit>[Þ]að er upphaf þessarar sögu að Þorbjörn hét maður …</incipit>
                     <explicit>… Og þótti verið hafa hið mesta mikilmenni.</explicit>
                     <finalRubric>Og lúku vér þar nú þessari sögu að sinni með þessu
                        efni.</finalRubric>
                     <note>Auð bl. vegna eyðu í forriti: <locus from="216v" to="216v">216v</locus>
                        að mestu og <locus from="217r" to="217r">217r</locus>.</note>
                  </msItem>
                  <msItem n="9" class="isl" defective="false">
                     <locus from="258r" to="298r">258r-298r</locus>
                     <title type="uniform">Víglundar saga</title>
                     <rubric>Víglundar saga</rubric>
                     <incipit>[H]araldur hinn hárfagri var son Hálfdanar svarta …</incipit>
                     <explicit>… að enginn veit sína ævina fyrr en öll er.</explicit>
                     <finalRubric>Endar hér nú þessi saga af Víglundi hinum væna.</finalRubric>
                  </msItem>
                  <msItem n="10" class="isl">
                     <locus from="300r" to="333r">300r-333r</locus>
                     <title type="uniform">Hallfreðar saga vandræðaskálds</title>
                     <rubric>Hér byrjar Hallfreðs sögu</rubric>
                     <incipit>[Þ]orvaldur hét maður og var kallaður skiljandi …</incipit>
                     <explicit>… og er margt manna frá honum komið.</explicit>
                     <finalRubric>Og lýkur hér sögu Hallfreðs vandræðaskálds.</finalRubric>
                  </msItem>
                  <msItem n="11" class="isl">
                     <locus from="336r" to="344v">336r-344v</locus>
                     <title type="uniform">Ölkofra þáttur</title>
                     <rubric>Þáttur af Ölkofra</rubric>
                     <incipit>[Þ]órhallur hét maður, hann bjó á Bláskógum …</incipit>
                     <explicit>… og hélst það meðan þeir lifðu.</explicit>
                     <finalRubric>Og lýkur hér sögu Ölkofra.</finalRubric>
                  </msItem>
               </msContents>
               <physDesc>
                  <objectDesc form="codex">
                     <supportDesc material="chart">
                        <support>
                           <p>Pappír með vatnsmerkjum.</p>
                           <p>
                              <watermark n="1">
                                 Vatnsmerki 1. Aðalmerki:
                                 <ref target="watermark:U">Skjaldarmerki með ljóni í tvöföldum ramma með blómum og kóróna efst</ref>
                                 // Ekkert mótmerki (fastur seðill, bæði fremst og aftast í handriti).
                              </watermark>
                           </p>
                           <p>
                              <watermark n="2">
                                 Vatnsmerki 2. Aðalmerki: 
                                 <ref target="watermark:X2">Fangamark HH</ref>
                                 // Ekkert mótmerki (fastur seðill fremst í handriti).
                              </watermark>
                           </p>
                           <p>
                              <watermark n="3">
                                 Vatnsmerki 3. Aðalmerki:
                                 <ref target="watermark:B">Dárahöfuð 1</ref>
                                 // Mótmerki:
                                 <ref target="watermark:X2">Fangamark IV</ref>
                                 (
                                 <locus from="1r" to="4v">1-4</locus>
                                 ,
                                 <locus from="13r" to="13v">13</locus>
                                 ,
                                 <locus from="14r" to="14v">14</locus>
                                 ,
                                 <locus from="15r" to="20v">15-20</locus>
                                 ).
                              </watermark>
                           </p>
                           <p>
                              <watermark n="4">
                                 Vatnsmerki 4. Aðalmerki:
                                 <ref target="watermark:B">Dárahöfuð 1, með 7 litlum bjöllum á kraga, Hermes kross og 3 stórir hringir</ref>
                                 // Ekkert mótmerki (
                                 <locus from="5r" to="5v">5</locus>
                                 ,
                                 <locus from="6r" to="10v">6-10</locus>
                                 ,
                                 <locus from="11r" to="12v">11-12</locus>
                                 ,
                                 <locus from="21r" to="24v">21-24</locus>
                                 ,
                                 <locus from="30r" to="38v">30-38</locus>
                                 ,
                                 <locus from="45r" to="49v">45-49</locus>
                                 ).
                              </watermark>
                           </p>
                           <p>
                              <watermark n="5">
                                 Vatnsmerki 5. Aðalmerki:
                                 <ref target="watermark:B">Dárahöfuð 2, með 7 litlum bjöllum á kraga, Hermes kross, 3 stórir hringir, stafur og fangamark OH? DH?</ref>
                                 // Ekkert mótmerki (
                                 <locus from="40r" to="40v">40</locus>
                                 ).
                              </watermark>
                           </p>
                           <p>
                              <watermark n="6">
                                 Vatnsmerki 6. Aðalmerki:
                                 <ref target="watermark:B">Dárahöfuð 3, með 4 meðalstórum bjöllum á kraga, Hermes kross og 3 meðalstórar bjöllur</ref>
                                 // Ekkert mótmerki (
                                 <locus from="55r" to="57v">55-57</locus>
                                 ,
                                 <locus from="60r" to="61v">60-61</locus>
                                 ,
                                 <locus from="68r" to="69v">68-69</locus>
                                 ,
                                 <locus from="72r" to="74v">72-74</locus>
                                 ,
                                 <locus from="115r" to="116v">115-116</locus>
                                 ,
                                 <locus from="120r" to="123v">120-123</locus>
                                 ,
                                 <locus from="125r" to="129v">125-129</locus>
                                 ,
                                 <locus from="137r" to="139v">137-139</locus>
                                 ,
                                 <locus from="143r" to="145v">143-145</locus>
                                 ,
                                 <locus from="147r" to="147v">147</locus>
                                 ,
                                 <locus from="209r" to="209v">209</locus>
                                 ,
                                 <locus from="214r" to="217v">214-217</locus>
                                 ,
                                 <locus from="220r" to="220v">220</locus>
                                 ,
                                 <locus from="223r" to="223v">223</locus>
                                 ,
                                 <locus from="225r" to="226v">225-226</locus>
                                 ,
                                 <locus from="228r" to="229v">228-229</locus>
                                 ,
                                 <locus from="231r" to="233v">231-233</locus>
                                 ,
                                 <locus from="239r" to="239v">239</locus>
                                 ,
                                 <locus from="241r" to="242v">241-242</locus>
                                 ,
                                 <locus from="244r" to="244v">244</locus>
                                 ,
                                 <locus from="247r" to="247v">247</locus>
                                 ,
                                 <locus from="250r" to="251v">250-251</locus>
                                 ,
                                 <locus from="253r" to="253v">253</locus>
                                 ,
                                 <locus from="257r" to="257v">257</locus>
                                 ).
                              </watermark>
                           </p>
                           <p>
                              <watermark n="7">
                                 Vatnsmerki 7. Aðalmerki:
                                 <ref target="watermark:B">Dárahöfuð 4, með 5 meðalstórum bjöllum á kraga, Hermes kross, 3 stórir hringir og stafur</ref>
                                 // Ekkert mótmerki (
                                 <locus from="77r" to="78v">77-78</locus>
                                 ,
                                 <locus from="80r" to="80v">80</locus>
                                 ,
                                 <locus from="83r" to="84v">83-84</locus>
                                 ,
                                 <locus from="87r" to="87v">87</locus>
                                 ,
                                 <locus from="90r" to="90v">90</locus>
                                 ,
                                 <locus from="93r" to="93v">93</locus>
                                 ,
                                 <locus from="94r" to="94v">94</locus>
                                 ,
                                 <locus from="96r" to="96v">96</locus>
                                 ,
                                 <locus from="98r" to="98v">98</locus>
                                 ,
                                 <locus from="100r" to="100v">100</locus>
                                 ,
                                 <locus from="102r" to="102v">102</locus>
                                 ,
                                 <locus from="104r" to="104v">104</locus>
                                 ,
                                 <locus from="106r" to="106v">106</locus>
                                 ,
                                 <locus from="108r" to="109v">108-109</locus>
                                 ,
                                 <locus from="112r" to="112v">112</locus>
                                 ,
                                 <locus from="114r" to="114v">114</locus>
                                 ,
                                 <locus from="149r" to="150v">149-150</locus>
                                 ,
                                 <locus from="153r" to="153v">153</locus>
                                 ,
                                 <locus from="155r" to="156v">155-156</locus>
                                 ,
                                 <locus from="160r" to="161v">160-161</locus>
                                 ,
                                 <locus from="163r" to="163v">163</locus>
                                 ,
                                 <locus from="165r" to="165v">165</locus>
                                 ,
                                 <locus from="168r" to="169v">168-169</locus>
                                 ,
                                 <locus from="171r" to="171v">171</locus>
                                 ,
                                 <locus from="173r" to="173v">173</locus>
                                 ,
                                 <locus from="175r" to="175v">175</locus>
                                 ,
                                 <locus from="177r" to="177v">177</locus>
                                 ,
                                 <locus from="179r" to="181v">179-181</locus>
                                 ,
                                 <locus from="183r" to="183v">183</locus>
                                 ,
                                 <locus from="185r" to="185v">185</locus>
                                 ,
                                 <locus from="191r" to="193v">191-193</locus>
                                 ,
                                 <locus from="197r" to="200v">197-200</locus>
                                 ,
                                 <locus from="202r" to="203v">202-203</locus>
                                 ,
                                 <locus from="206r" to="206v">206</locus>
                                 ,
                                 <locus from="258r" to="258v">258</locus>
                                 ,
                                 <locus from="263r" to="266v">263-266</locus>
                                 ,
                                 <locus from="268r" to="268v">268</locus>
                                 ,
                                 <locus from="270r" to="270v">270</locus>
                                 ,
                                 <locus from="273r" to="274v">273-274</locus>
                                 ,
                                 <locus from="276r" to="276v">276</locus>
                                 ,
                                 <locus from="279r" to="279v">279</locus>
                                 ,
                                 <locus from="283r" to="285v">283-285</locus>
                                 ,
                                 <locus from="287r" to="287v">287</locus>
                                 ,
                                 <locus from="291r" to="291v">291</locus>
                                 ,
                                 <locus from="293r" to="293v">293</locus>
                                 ,
                                 <locus from="295r" to="295v">295</locus>
                                 ,
                                 <locus from="300r" to="301v">300-301</locus>
                                 ,
                                 <locus from="304r" to="304v">304</locus>
                                 ,
                                 <locus from="307r" to="307v">307</locus>
                                 ,
                                 <locus from="312r" to="312v">312?</locus>
                                 ,
                                 <locus from="313r" to="314v">313-314</locus>
                                 ,
                                 <locus from="318r" to="323v">318-323</locus>
                                 ,
                                 <locus from="333r" to="335v">333-335</locus>
                                 ,
                                 <locus from="337r" to="340v">337-340</locus>
                                 ).
                              </watermark>
                           </p>
                           </support> 
                        <extent>iii + 344 + iii blöð (<dimensions type="leaf" unit="mm" scope="all">
                              <height>288</height>
                              <width>196</width>
                           </dimensions>). Auð blöð: Neðri hluti bl. <locus from="24r" to="24r"
                              >24r</locus>, <locus from="24v" to="24v">24v</locus>, <locus
                              from="70r" to="74v">70r-74v</locus>, <locus from="147r" to="148v"
                              >147r-148v</locus>, <locus from="208v" to="208v">208v</locus>, <locus
                              from="254r" to="257v">254r-257v</locus>, <locus from="298v" to="299v"
                              >298v-299v</locus>, <locus from="334r" to="335v"
                           >334r-335v</locus>.</extent>
                        <foliation>
                           <p>
                              <list>
                                 <item>Handritið hefur verið blaðmerkt síðar, að jafnaði á fimmta
                                    hverju blaði.</item>
                                 <item>Síðar hefur það verið blaðmerkt með rauðu bleki 1-344.</item>
                              </list>
                           </p>
                        </foliation>
                        <condition>
                           <p>
                              <list>
                                 <item>Skorið hefur verið ofan af handritinu við band og hefur
                                    síðutitill skerst örlítið við það á bl. <locus from="1r" to="3v"
                                       >1-3</locus>.</item>
                                 <item>Leturflötur hefur dökknað vegna bleksmits. Bleksmitun í gegn
                                    sums staðar (sjá til dæmis bl. <locus from="117r" to="162v"
                                       >117-162</locus> og víðar).</item>
                              </list>
                           </p>
                        </condition>
                     </supportDesc>
                     <layoutDesc>
                        <layout columns="1" writtenLines="21 36">
                           <p>
                              <list>
                                 <item>Eindálka.</item>
                                 <item>Leturflötur á bl. 1r-54v er ca <dimensions type="written"
                                       unit="mm">
                                       <height>232-244</height>
                                       <width>144-148</width>
                                    </dimensions>.</item>
                                 <item>Leturflötur á bl. 55r-344v er ca <dimensions type="written"
                                       unit="mm">
                                       <height>210-220</height>
                                       <width>110</width>
                                    </dimensions>.</item>
                                 <item>Línufjöldi er ca 35-36 á bl. 1r-24r, 27-30 á bl. 25r-54v og
                                    21-23 á bl. 55r-344v.</item>
                                 <item>Síðutitlar.</item>
                                 <item>Eyður fyrir upphafsstöfum á bl. <locus from="55r" to="55r"
                                       >55r</locus>, <locus from="75r" to="75r">75r</locus>, <locus
                                       from="115r" to="115r">115r</locus>, <locus from="149r"
                                       to="149r">149r</locus>, <locus from="209r" to="209r"
                                       >209r</locus>, <locus from="258r" to="258r">258r</locus>,
                                       <locus from="300r" to="300r">300r</locus>, <locus from="336r"
                                       to="336r">336r</locus>.</item>
                                 <item><catchwords>Griporð</catchwords> á <locus from="1r" to="53v"
                                       >1r-53v</locus>.</item>
                                 <item>Sögulok enda í totu.</item>
                              </list>
                           </p>
                        </layout>
                     </layoutDesc>
                  </objectDesc>
                  <handDesc hands="3">
                     <summary>Þrjár hendur.</summary>
                     <handNote scope="minor" script="hybrida" scribe="PalSve001">I: bl. <locus
                           from="1r" to="24r">1-24r</locus> með hendi <name type="person"
                           key="PalSve001">Páls Sveinssonar</name>, blendingsskrift.</handNote>
                     <handNote scope="minor" script="kanzlei" scribe="KolHan001">II: bl. <locus
                           from="25r" to="54v">25r-54v</locus> með hendi <name type="person"
                           key="KolHan001">Kolbeins Hannessonar</name>, kansellískrift.</handNote>
                     <handNote scope="major" script="hybrida" scribe="JonErl001">III: bl. <locus
                           from="55r" to="344v">55r-344v</locus> með hendi <name type="person"
                           key="JonErl001">Jóns Erlendssonar</name> í <name type="place"
                           >Villingaholti</name>, blendingsskrift.</handNote>
                  </handDesc>
                  <decoDesc>
                     <decoNote type="initial">
                        <p>Pennaflúraðir og fylltir upphafsstafir kafla á bl. <locus from="1r"
                              to="54r">1r-54r</locus>. Örlítið pennaflúraðir upphafsstafir á bl.
                              <locus from="56v" to="69r">56v-69r</locus> og víðar.</p>
                        <p>Teiknað andlit í staf á bl. <locus from="25r" to="25r">25r</locus>,
                              <locus from="28r" to="28r">28r</locus>, <locus from="41v" to="42r"
                              >41v-42r</locus>, <locus from="43v" to="43v">43v</locus>, <locus
                              from="54r" to="54r">54r</locus>.</p>
                        <p>Skrautbekkur efst á bl. <locus from="1r" to="1r">1r</locus>.</p>
                        <p>Örlítið pennaflúr um griporð á bl. <locus from="1r" to="53v"
                              >1r-53v</locus>.</p>
                        <p>Baktitill á bl. <locus from="54v" to="54v">54v</locus> er með stærra
                           letri og blekfylltum stöfum.</p>
                     </decoNote>
                  </decoDesc>
                  <additions>
                     <p>
                        <list>
                           <item>Áherslumerki á bl. <locus from="28r" to="28r">28r</locus>, <locus
                                 from="39r" to="39r">39r</locus>, <locus from="146v" to="146v"
                                 >146v</locus>. Frá bl. <locus from="265v" to="265v">265v</locus>
                              eru víða <q>X</q> á spássíum og strikað undir orð og setningar.</item>
                           <item>Spássíuleiðréttingar með yngri hendi, einkum í síðustu köflum
                              Króka-Refs sögu (bl. <locus from="141v" to="146v"
                              >141v-146v</locus>).</item>
                           <item>Spássíugreinar á bl. <locus from="20r" to="20r">20r</locus>, <locus
                                 from="228v" to="228v">228v</locus> og <locus from="269r" to="269r"
                                 >269r</locus>.</item>
                        </list>
                     </p>
                  </additions>
                  <bindingDesc>
                     <binding contemporary="false">
                        <p>Flauelsband (<dimensions type="binding" unit="mm">
                              <height>303</height>
                              <width>202</width>
                              <depth>67</depth>
                           </dimensions>) sem hefur upprunalega verið með gylltu skrauti og böndum.
                           Handritablokkin er með gylltu rósamynstri. Spjaldblöð eru með
                           marmaramynstri sem og fremsta saurblað rektó og aftasta saurblað versó.
                           Handritið liggur í öskju.</p>
                     </binding>
                  </bindingDesc>
                  <accMat>
                     <p>Þrír fastir <locus from="accMat01r" to="accMat03v">seðlar</locus>
                           (<dimensions type="slip" unit="mm">
                           <height>163</height>
                           <width>106</width>
                        </dimensions>) fremst með efnisyfirliti og athugasemdum <name
                           key="ArnMag001" type="person">Árna Magnússonar</name>: <quote
                           type="AMSlip" xml:lang="is">Pappírsbók í folio hjá hans höj excellence hr.
                           Ulr. Chr. Güldenleuve inniheldur. 1. Svarfdæla sögu eins og
                           almennilegar og sums stadar rangt skrifaða, er (sem mér sýnist) með hendi
                           Páls Sveinssonar, ad vísu með þeirri sömu hendi sem Njáls saga Brynjólfs
                           Þórðarsonar er með rituð. Hana þarf ég ekki hér eftir að sjá. 2. Gísla
                           saga Súrssonar skrifaða (sem auðséð er) eftir bók séra Þórðar Jónssonar á
                           Staðarstað in folio með hendi séra Jóns í Villingaholti, eða öðru
                           Exemplare. Er rituð hér með hendi Kolbrúns Hannessonar. 3. Söguþátt af
                           Ormi Stórólfssyni með hendi séra Jóns í Villingaholti. Er á líka og sá
                           er ég hefi með hendi Ásgeirs eftir membranâ regiâ. Ég hefi látið þennan
                           conferera við þá grænu bók í fol. frá Breiðabólstað í Fljótshlíð. 4.
                           Sögu af Herði og Hólmverjum með hendi séra Jóns í Villingaholti, hana
                           hefi ég héðan uppskrifaða með hendi Jóns Torfasonar. 5. Króka-Refs sögu
                           með sömu hendi séra Jóns, hana hefi ég sömuleiðis héðan uppskrifaða með
                           hendi Jóns Torfasonar. 6. Glúms sögu með hendi séra Jóns í Villingaholti.
                           Hana hefi ég látið conferera við Glúms sögu með hendi Jóns Gissurssonar úr
                           bók er ég fékk af séra Högna Ámundasyni. 7. Sögu af Hávarði Ísfirðing og
                           Ólafi Bjarnyl.[?] með hendi séra Jóns í Villingaholti, vantar nokkuð lítið í
                           miðjuna. Hana hefi ég látið conferera við óinnbundið exemplar frá Skarði
                           á Skarðsströnd. 8. Víglundar sögu, með hendi séra Jóns í Villingaholti.
                           Hana hefi ég síðan útskrifaða með hendi Jóns Torfasonar. 9. Hallfreðar
                           sögu, með hendi séra Jóns í Villingaholti, hana hefi ég samanbera látið
                           við hönd Eyjólfs Björnssonar í 4to. 10. Ölkofra sögu með hendi séra Jóns í
                           Villingaholti. Hana hefi ég samanlesa látið við grei=exemplar í 4to,
                           sem ég á.</quote></p>
                     <p>Laus seðill frá Kaupmannahöfn með upplýsingum um forvörslu.</p>
                  </accMat>
               </physDesc>
               <history>
                  <origin notBefore="1600" notAfter="1699">
                     <p>Handritið var skrifað á <origPlace key="IS">Íslandi</origPlace>, líklega
                        fyrir <name key="BrySve001" type="person">Brynjólf Sveinsson</name> biskup
                        einhvern tíma á árabilinu <origDate notBefore="1635" notAfter="1648"
                           >1635-1648</origDate> (sbr. óprentaðan lista SÁM-handrita). Handritið er
                        tímasett til 17. aldar í <bibl>
                           <ref target="KKKat">Katalog I</ref>
                        </bibl>, bls. 112.</p>
                  </origin>
                  <provenance>
                     <p>Handritið var í eigu <name key="UlrGyl001" type="person">Ulrik Christian
                           Gyldenløve</name> stiftamtmanns, áður en það kom til <name
                           key="ArnMag001" type="person">Árna Magnússonar</name> (sbr. <locus
                           from="accMat01r" to="accMat01r">seðil</locus>, einnig seðil í <ref
                           target="AM02-0164a">AM 164 a fol.</ref>.</p>
                  </provenance>
                  <acquisition when="1975-03-18">
                     <p>Stofnun Árna Magnússonar á Íslandi tók við handritinu 18. mars 1975.</p>
                  </acquisition>
               </history>
               <additional>
                  <adminInfo>
                     <recordHist>
                        <source>
                           <p>
                              <!-- corrected some typos / BS 15.6.2016 -->
                              <list>
                                 <item>
                                    <name key="ThuSig002" type="person">ÞÓS</name> skráði vatnsmerki <date when="2020-07-20">20. júlí 2020</date>.</item>
                                 <item><name type="person" key="ThoSig001">ÞS</name> skráði samkvæmt
                                    TEI P5 <date notBefore="2009-12-06" notAfter="2009-12-09">6.-9.
                                       desember 2009</date>.</item>
                                 <item>
                                    <name key="DriThr001" type="person">DKÞ</name> færði inn
                                    grunnupplýsingar <date when="2002-06-25">25. júní
                                    2002</date>.</item>
                                 <item>
                                    <name key="KriKaa001" type="person">Kålund</name> gekk frá
                                    handritinu til skráningar <date when="1885-12-05">5. desember
                                       1885</date> (sjá <bibl>
                                       <ref target="KKKat">Katalog I 1889:112-113 (nr. 196).</ref>
                                    </bibl>). </item>
                              </list>
                           </p>
                        </source>
                     </recordHist>
                     <custodialHist>
                        <custEvent type="conservation" when="1975-02">
                           <p>Viðgert af <name key="BirDal001" type="person">Birgitte Dall</name> í
                              febrúar 1975 (kjölur styrktur).</p>
                        </custEvent>
                     </custodialHist>
                  </adminInfo>
                  <surrogates>
                     <p>
                        <list>
                           <item>Svart-hvítar ljósmyndir á Det Arnamagnæanske Institut í
                              Kaupmannahöfn.</item>
                           <item>Negatíf örfilma frá <date when="1994">1994</date> á Stofnun Árna
                              Magnússonar á Íslandi (askja 420).</item>
                        </list>
                     </p>
                  </surrogates>
                  <listBibl>
                     <bibl>Bjarni Einarsson 1977, <ref target="BjaEin1977a">Hallfreðar saga</ref></bibl>
                     <bibl>Björn K. Þórólfsson 1923, <ref target="BjöÞór1923a">Havarðar saga Ísfirðings</ref></bibl>
                     <bibl>Björn K. Þórólfsson 1943, <ref target="BjöÞór1943a">Vestfirðinga sögur. Gísla saga Súrssonar. Fóstbræðra saga. Þóttur Þormóðar. Hávarðar saga Ísfirðings. Auðunar þáttr vestfirzka. Þorvarðar þáttr krákunefs</ref></bibl>
                     <bibl>Driscoll,  M. J. 1992, <ref target="MatDri1992a">Sigurðar saga þögla. The shorter redaction</ref></bibl>
                     <bibl>Guðrún Ása Grímsdóttir 2008, <ref target="GuðGrí2008a">Ættartölusafnrit séra Þórðar Jónssonar í Hítardal</ref></bibl>
                     <bibl>Guðrún Nordal 2009, <ref target="GuðNor2009a">Vinsældir Hávarðar sögu halta</ref></bibl>
                     <bibl>Hansen, F. 1983, <ref target="FinHan1983a">Forstærkende led i norrønt sprog</ref></bibl>
                     <bibl>Hast, S. 1960, <ref target="StuHas1960a">Harðar saga</ref></bibl>
                     <bibl>Jóhannes Halldórsson 1959, <ref target="JóhHal1959a">Kjalnesinga saga. Jökuls þáttr Búasonar. Víglundar saga. Króka-Refs saga. Þórðar saga hreðu. Finnboga saga. Gunnars saga Keldugnúpsfífl</ref></bibl>
                     <bibl>Jón Helgason, 1985, <ref target="JónHel0859a">Sylloge sagarum. Resenii bibliotheca. Vatnshyrna</ref></bibl>
                     <bibl>Jónas Kristjánsson 1966, z<ref target="JónKri1966a">Svarfdæla saga</ref></bibl>
                     <bibl>Loth, A. 1960, <ref target="AgnLot1960a">Membrana Regia Deperdita</ref></bibl>
                     <bibl>Loth, A. 1960, <ref target="Loth1960">Sønderdelte arnamagnæanske papirhåndskrifter</ref></bibl>
                     <bibl>Pálmi Pálsson 1883, <ref target="PálPál1883a">Króka-refs saga og Króka-Refs rímur</ref></bibl>
                     <bibl>Slay, D. 1960, <ref target="DesSla1504a">On the origin of two Icelandic manuscripts in the Royal Library in Copenhagen</ref></bibl>
                     
                  </listBibl>
               </additional>
            </msDesc>
         </sourceDesc>
      </fileDesc>
      <revisionDesc>
         <change when="2008-10" who="#EriHas01">Migrated from MASTER to P5</change>
      </revisionDesc>
   </teiHeader>
   <text>
      <body>

         <p/>
      </body>
   </text>
</TEI>
