<?xml version="1.0" encoding="UTF-8"?>
<?oxygen RNGSchema="http://www.handrit.is/schema/handrit-1.0.rnc" type="compact"?><TEI xmlns="http://www.tei-c.org/ns/1.0">
   <teiHeader>
      <fileDesc>
         <titleStmt>
            <title type="main">AM 20 e-g &amp; i fol.</title>
         </titleStmt>
         <publicationStmt>
            <authority>Den Arnamagnæanske Samling</authority>
            <pubPlace>København</pubPlace>
         </publicationStmt>
         <sourceDesc>
            <msDesc xml:id="AM02-0020-e-g-da" xml:lang="da">
               <msIdentifier>
                  <country>Danmark</country>
                  <settlement>København</settlement>
                  <repository>Den Arnamagnæanske Samling</repository>
                  <idno>AM 20 e-g &amp; i fol.</idno>
                  <altIdentifier type="internal" subtype="KKKat">
                     <idno>35</idno>
                  </altIdentifier>
               </msIdentifier>
               <head>
                  <title type="supplied" xml:lang="da">Materiale til udgaven af Knýtlinga saga ca.
            1750.</title>; <origPlace>Island/Danmark</origPlace>, <origDate notBefore="1700" notAfter="1799">s. XVIII</origDate>. <note>Optegnelser og udkast i forskelligt
        format.</note>
               </head>
               <msContents>
                  <msItem>
                     <title type="supplied" xml:lang="da">Materiale til udgaven af Knýtlinga saga ca. 1750.</title>
                     <textLang mainLang="la" otherLangs="is">Latinsk og islandsk</textLang>
                  </msItem>
               </msContents>
               <physDesc>
                  <objectDesc form="codex">
                     <supportDesc material="chart">
                        <support>
                           <p>
                              <material>Papir</material>.</p>
                        </support>
                        <extent>192.</extent>
                     </supportDesc>
                  </objectDesc>
                  <handDesc hands="9">
                     <handNote scribe="JonOla012" scope="major" script="unknown">
                        <p>Størstedelen er skrevet af Jón Ólafsson fra Grunnavík.</p>
                     </handNote>
                     <handNote scribe="EggOla001" scope="minor" script="unknown">
                        <p>En mindre del er skrevet af Eggert Ólafsson.</p>
                     </handNote>
                     <handNote scribe="HanGra001" scope="minor" script="unknown">
                        <p>3 blade er skrevet af Gram.</p>
                     </handNote>
                  </handDesc>
               </physDesc>
            </msDesc>
         </sourceDesc>
      </fileDesc>
   </teiHeader>
   <facsimile>
      <surface/>
   </facsimile>
</TEI>