<?xml version="1.0" encoding="UTF-8"?>
<?oxygen RNGSchema="http://www.handrit.is/schema/handrit-1.0.rnc" type="compact"?><TEI xmlns="http://www.tei-c.org/ns/1.0">
    <teiHeader>
        <fileDesc>
            <titleStmt>
                <title type="main">AM 75 b fol.</title>
            </titleStmt>
            <publicationStmt>
                <authority>Den Arnamagnæanske Samling</authority>
                <pubPlace>København</pubPlace>
            </publicationStmt>
            <sourceDesc>
                <msDesc xml:id="AM02-0075-b-en" xml:lang="en">
                    <msIdentifier>
                        <country>Danmark</country>
                        <settlement>København</settlement>
                        <repository>Den Arnamagnæanske Samling</repository>
                        <idno>AM 75 b fol.</idno>
                        <altIdentifier type="internal" subtype="KKKat">
                            <idno>89</idno>
                        </altIdentifier>
                    </msIdentifier>
                    <head>
                        <title>Ólafs saga helga</title>
                        <origPlace>Iceland</origPlace>
                        <origDate notBefore="1350" notAfter="1400" cert="high" evidence="conjecture">s. XIV 2/4</origDate>
                    </head>
                    <msContents>
                        <msItem>
                            <locus from="1r" to="5v">1r-5v</locus>
                            <title>Ólafs saga helga</title>
                            <textLang mainLang="is">Icelandic</textLang>
                            <title type="parallel">Ólafs saga konungs hins helga
                                Haraldssonar</title>
                            <msItem n="1.1">
                                <locus from="1r:1" to="2v:32">1r:1-2v:32</locus>
                                <incipit defective="true">k<ex>onun</ex>g oc hafði h<ex>ann</ex>
                                    iafnan sigr</incipit>
                                <explicit defective="true">likaztr hak<ex>on</ex>i aðalsteins
                                    fostra. h<ex>ann</ex> uar kristin oc</explicit>
                                <bibl>
                           <ref type="primary-2" target="FMS4">Fornmanna sögur</ref> IV,
                                    pp. 18-34</bibl>
                                <bibl>
                           <ref type="primary-1" target="OlHJH">Den store saga om Olav
                                        den Hellige</ref>, pp. 19:6-31:15</bibl>
                            </msItem>
                            <msItem n="1.2">
                                <locus from="3r:1" to="3v:32">3r:1-3v:32</locus>
                                <incipit defective="true">þau l<ex>and</ex>zlog at sa m<ex>maðr</ex>
                                    er drepr þionostu man<ex>n</ex> k<ex>onung</ex>s</incipit>
                                <explicit defective="true">sa v<ex>ar</ex> hin<ex>n</ex>. xi.
                                        k<ex>onun</ex>gdoms h<ex>an</ex>s. Aðr
                                    v<ex>m</ex>
                        </explicit>
                                <bibl>
                           <ref type="primary-2" target="FMS4">Fornmanna sögur</ref> IV,
                                    pp. 268-273</bibl>
                                <bibl>
                           <ref type="primary-1" target="OlHJH">Den store saga om Olav
                                        den Hellige</ref>, pp. 309:3-316:11</bibl>
                            </msItem>
                            <msItem n="1.3">
                                <locus from="4r:1" to="4v:32">4r:1-4v:32</locus>
                                <incipit defective="true">
                           <supplied reason="illegible">Þá
                                        sneri Þorir í brott, ok er hann var skamt
                                        genginn</supplied> þa ueik ha<ex>nn</ex> aftr oc
                                    m<ex>æ</ex>lti</incipit>
                                <explicit defective="true">oc mundi e<ex>igi</ex> s<ex>va</ex> ef ek
                                    vęra</explicit>
                                <bibl>
                           <ref type="primary-2" target="FMS4">Fornmanna sögur</ref> IV,
                                    pp. 303-308</bibl>
                                <bibl>
                           <ref type="primary-1" target="OlHJH">Den store saga om Olav
                                        den Hellige</ref>, pp. 356:9-363:6</bibl>
                            </msItem>
                            <msItem n="1.4">
                                <locus from="5r:4" to="5v:32">5r:4-5v:32</locus>
                                <incipit defective="true">
                           <gap reason="illegible" extent="3 lines"/>
                                        þ<ex>es</ex>s mvn ek hęt<ex>t</ex>a at lata
                                        k<ex>onun</ex>g raða</incipit>
                                <explicit defective="true">oc se ek at þer þickir mik<ex>it</ex>
                                        f<ex>iri</ex> at</explicit>
                                <bibl>
                           <ref type="primary-2" target="FMS4">Fornmanna sögur</ref> IV,
                                    pp. 324-329</bibl>
                                <bibl>
                           <ref type="primary-1" target="OlHJH">Den store saga om Olav
                                        den Hellige I</ref>, pp. 385-392</bibl>
                            </msItem>
                        </msItem>
                    </msContents>
                    <physDesc>
                        <objectDesc form="codex">
                            <supportDesc material="perg">
                                <support>
                                    <p>
                                        <material>Parchment.</material>
                                    </p>
                                </support>
                                <extent>5. <dimensions type="leaf" scope="all">
                                        <height>223</height>
                                        <width>145</width>
                                    </dimensions>
                        </extent>
                                <foliation>
                                    <p>The manuscript is provided with a foliation in the upper
                                        right-hand corner. f. 4 is foliated 129 by <name type="person" key="JonSig004">Jón Sigurðsson</name>,
                                        presumably because this leaf once was joined together with
                                        AM 68 fol, which consists of 128 leaves.</p>
                                </foliation>
                                <condition>
                                    <p>All the leaves, but especially f. 4, are worn and full of
                                        holes. It is evident that the leaves once served as binding;
                                        one of the sides of the leaves (1v, 2r, 3v, 4r, 5r) are more
                                        worn because it was the page turning out. In some parts the
                                        parchment has become so dark or the writing so indistinct,
                                        that reading is difficult or impossible. Only the inner half
                                        of f. 5 is preserved.</p>
                                </condition>
                            </supportDesc>
                            <layoutDesc>
                                <layout columns="1" writtenLines="32">
                                    <p>The manuscript is written in long lines with 32 lines per
                                        page. Rubrics in red, majuscules in red and green.</p>
                                </layout>
                            </layoutDesc>
                        </objectDesc>
                        <handDesc hands="1">
                            <p>The manuscript is written in a clear and practiced Icelandic Gothic
                                bookhand.</p>
                        </handDesc>
                        <additions>
                            <p>A couple of hardly legible marginalia occur on f. 4r.</p>
                        </additions>
                        <accMat>
                            <p>The note on the former front cover written by Árni Magnússon is
                                maintained. It writes:<q xml:lang="is">Fragment ur Olafs
                                    Sỏgu Helga egregio Codice. feinged fra Halfdane Jons
                                    syne ä Reykim i ỏlvese.</q>
                     </p>
                        </accMat>
                    </physDesc>
                    <history>
                        <origin notBefore="1325" notAfter="1350" cert="high" evidence="conjecture">
                            <p>The manuscript is written in <origPlace>Iceland</origPlace>. <name type="person" key="KriKaa001">Kristian Kålund</name> has dated
                                the manuscript to <origDate>s. XIV</origDate>, whereas <name type="person" key="OscJoh001">Oscar Albert Johnsen</name> and
                                    <name type="person" key="JonHel003">Jón Helgason</name> has dated
                                the manuscript more precisely to <origDate>s. XIV
                                2/4</origDate>.</p>
                        </origin>
                        <provenance>
                            <p>The only known owner of the manuscript is <name type="person" key="HalJon001">Halfdan Jónsson</name>.</p>
                        </provenance>
                        <acquisition>
                            <p>The only information availible concerning the history of the
                                manuscript is Árni Magnússons note on the old cover. It writes:<q xml:lang="is">Fragment ur Olafs Sỏgu Helga egregio
                                    Codice. feinged fra Halfdane Jons syne ä Reykim i
                                    ỏlvese</q>.</p>
                        </acquisition>
                    </history>
                    <additional>
                        <adminInfo>
                            <recordHist>
                                <source>
                                    <p>Catalogued <date>02-12-1999.</date> by EW-J. (Parsed
                                            <date>22-06-2000</date>).</p>
                                </source>
                            </recordHist>
                            <custodialHist>
                                <custEvent type="photography">
                                    <p>The manuscript was photographed in <date>1972</date>.</p>
                                </custEvent>
                                <custEvent type="conservation">
                                    <p>The manuscript was bound
                                        <date>07.12.1972-09.03.1973</date>.</p>
                                </custEvent>
                            </custodialHist>
                        </adminInfo>
                        <surrogates>
                            <p>
                                <listBibl>
                                    <bibl>
                                        <title type="gmd">70 mm</title>
                                        <idno>70mm 138 (?)</idno>
                                        <date>1972</date>
                                    </bibl>
                                    <bibl>
                                        <title type="gmd">b/w prints</title>
                                        <idno>AM 75 b fol.</idno>
                                        <date>1972</date>
                                    </bibl>
                                </listBibl>
                            </p>
                        </surrogates>
                        <listBibl>
                            <bibl>
                        <ref type="secondary-1" target="OlHJH">Johnsen og Jón Helgason
                                    1938-41</ref>, pp. XI, XII, 871-77, 910-11, 1068, 1101, 1108,
                                1110, 1112, 1119</bibl>
                        </listBibl>
                    </additional>
                </msDesc>
            </sourceDesc>
        </fileDesc>
    </teiHeader>
    <facsimile>
        <surface/>
    </facsimile>
</TEI>