<?xml version="1.0" encoding="UTF-8"?>
<?oxygen RNGSchema="http://www.handrit.is/schema/handrit-1.0.rnc" type="compact"?><TEI xmlns="http://www.tei-c.org/ns/1.0">
   <teiHeader>
      <fileDesc>
         <titleStmt>
            <title type="main">AM 100 fol.</title>
         </titleStmt>
         <publicationStmt>
            <authority>Den Arnamagnæanske Samling</authority>
            <pubPlace>København</pubPlace>
         </publicationStmt>
         <sourceDesc>
            <msDesc xml:id="AM02-0100-da" xml:lang="da">
               <msIdentifier>
                  <country>Danmark</country>
                  <settlement>København</settlement>
                  <repository>Den Arnamagnæanske Samling</repository>
                  <idno>AM 100 fol.</idno>
                  <altIdentifier type="internal" subtype="KKKat">
                     <idno>119</idno>
                  </altIdentifier>
               </msIdentifier>
               <head>
                  <title>Norgvegia antiqva et ethnica</title>; <origPlace>Norge?</origPlace>
                  <origDate notBefore="1600" notAfter="1699" evidence="conjecture" resp="KKKat">s. XVII</origDate>.</head>
               <msContents>
                  <msItem n="1">
                     <title type="supplied" xml:lang="la">Norgvegia antiqva et ethnica</title>
                     <textLang mainLang="la">Latin</textLang>
                     <rubric>Nerigon, sev Nori regnum <lb/> hoc est <lb/> NORVEGIA ANTIQVA et
                        ETHNICA <lb/> sive <lb/> Prima initia <lb/> HISTORIÆ NORVEGICÆ <lb/> â <lb/>
                        Primo Norvegiæ Rege Noro, usq<ex>ve</ex> ad Haraldum Harfagerum. <lb/> Qvam
                        ex collatis historiarum lacunis et antiqvitatum fragmen<lb/>tis collegit, et
                        breviſsime recenſuit <lb/> Jonas Ramus</rubric>
                     <note>Inddelt i 7 kapitler og en fortale (36 bl. foruden tabellen nr. 4), hvori
                        forfatteren angiver sine kilder, blandt hvilke det bemærkes, at han erklærer
                        i 7. kap. (<q xml:lang="la">De Natalibus Haraldi Harfagrj</q>) alene at have
                        fulgt Snorre og Thorarin Eiriksson, <q xml:lang="la">qvi Haldani Nigri
                           historiam latine edidit Hafniæ A<ex>nno</ex> 
                           <date when="1658">1658</date>.</q>.</note>
                     <msItem n="1.1">
                        <title type="supplied">Genealogisk tabel fra Nor og Ynglingerne til Harald
                           hårfager</title>
                     </msItem>
                     <msItem n="1.2">
                        <title type="supplied">Genealogisk tabel fra Harald hårfager til hertug
                           Skule og Erling Stenvæg</title>
                     </msItem>
                     <msItem n="1.3">
                        <title type="supplied">Genealogisk tabel fra Fra Harald hårfager til Olav
                           Håkonsøn</title>
                        <msItem n="1.3.1">
                           <title type="supplied">Fortegnelse over de norske konger fra Harald
                              hårfager til Olav</title>
                        </msItem>
                     </msItem>
                     <msItem n="1.4">
                        <title type="supplied">Fuldstændigere genealogisk tabel over Harald
                           hårfagers slægt til Olav Håkonsøn</title>
                     </msItem>
                  </msItem>
               </msContents>
               <physDesc>
                  <objectDesc form="codex">
                     <supportDesc material="chart">
                        <support>
                           <p>
                              <material>Papir</material>.</p>
                        </support>
                        <extent>37. <dimensions type="leaf" scope="all" unit="mm">
                              <height>320</height>
                              <width>210</width>
                           </dimensions>.</extent>
                        <foliation>Folieret med rødt blæk af <name type="person" key="KriKaa001">Kristian Kålund</name>.</foliation>
                     </supportDesc>
                  </objectDesc>
                  <additions>
                     <p>Nogle marginal-aftegnelser, af hvilke enkelte muligvis er af <name type="person" key="ThoTor001">Torfæus</name>.</p>
                  </additions>
                  <bindingDesc>
                     <binding contemporary="false">
                        <p>Fra perioden <date notBefore="1700" notAfter="1724">1700-1730</date> og
                              <date notBefore="1880" notAfter="1920">1880-1920</date> (overtrækket):
                           Halvbind med pergamentryg og usynlige hjørner samt overtræk af gulbrunt
                           Gustavmarmor. <dimensions type="binding" unit="mm">
                              <height>325</height>
                              <width>212</width>
                              <depth>20</depth>
                           </dimensions>
                        </p>
                     </binding>
                     <binding contemporary="false">
                        <p>Bindet var opr. betrukket med beskrevet perg. fra en <title type="supplied">Biblia latina</title>. Dette blev aftaget i <date when="1911">1911</date> og er nu overført til <ref type="ms">Access.
                                 7e, Hs 122</ref>, bl. 5, 22-23 og 33.</p>
                     </binding>
                  </bindingDesc>
                  <accMat>På en foran indklæbet seddel har <name type="person" key="ArnMag001">Arne
                        Magnusson</name> noteret: <q>Fra ſal.
                        Aſſeſſor <name type="person" key="ThoTor001">Thormod Torvesens</name> enke <date when="1720">1720</date>
                     </q>
                  </accMat>
               </physDesc>
            </msDesc>
         </sourceDesc>
      </fileDesc>
   </teiHeader>
   <facsimile>
      <surface/>
   </facsimile>
</TEI>