<?xml version="1.0" encoding="UTF-8"?>
<?oxygen RNGSchema="http://www.handrit.is/schema/handrit-1.0.rnc" type="compact"?>
<TEI xmlns="http://www.tei-c.org/ns/1.0">
	<teiHeader>
		<fileDesc>
			<titleStmt>
				<title>Handritaskrá Árnastofnunar</title>
			</titleStmt>
			<publicationStmt>
				<p>Tilraunaútgáfa</p>
			</publicationStmt>
			<sourceDesc>
				<msDesc xml:lang="is" xml:id="AM02-0136-is">
					<msIdentifier>
						<country key="IS">Ísland</country>
						<settlement>Reykjavík</settlement>
						<institution>Stofnun Árna Magnússonar í íslenskum fræðum</institution>
						<repository>Handritasvið</repository>
						<collection>Safn Árna Magnússonar</collection>
						<idno>AM 136 fol.</idno>
						<altIdentifier type="internal" subtype="KKKat">
							<idno>165</idno>
						</altIdentifier>

					</msIdentifier>
					<!-- Not: 
Eggen, Erik. The sequenses of the archbishopric of Nidarós. Hafniæ: 1968. I. Text; II. Facsm. (Bibliotheca Arnamagnæana; 21-22).
Einar Ól. Sveinsson. Um handrit Njálssögu. Skírnir. 1952; 126: 114-152.
Hreinn Benediktsson. Linquistic studies, historical and comparative. Reykjavík: Institute of Linguistics; 2002.
Jón Helgason. Introduction. Njáls saga the Arna-Magnean maunscript 468, 4to. (Reykjabók). Copenhagen: Munksgaard; 1962; p. V-XIX.
Már Jónsson. Var þar mokað af miklum usla. Fyrsta atrenna að Gullskinnugerð Njálu. Þorlákstíðir sungnar Ásdísi Egilsdóttur fimmtugri 26. október 1996. Reykajvík: Menningar- og minningarsjóður Mette Magnussen; 1996; pp. 52-55.
Slay, Desmond. The manuscripts of Hrólfs saga Kraka. Hafniæ: 1960. (Bibliotheca Arnamagnæana; 24).-->
					<msContents>
						<textLang mainLang="is">Íslenska</textLang>
						<msItem n="1" defective="false" class="isl">
							<locus from="1r" facs="#AM02-0136-0001r" to="89v">1r-89v</locus>
							<title type="uniform">Njáls saga</title>
							
							<rubric>Hér byrjast sögu Brennu-Njáls.</rubric>
							<incipit>Mörður er maður nefndur …</incipit>
							<explicit>… Son Brennu-Flosa var Kolbeinn er ágætastur maður hefur verið
								einhver í þeirri ætt.</explicit>
							<finalRubric>Og ljúkum vér þar Brennu-Njáls sögu.</finalRubric>
						</msItem>

					</msContents>

					<physDesc>
						<objectDesc form="codex">
							<supportDesc material="chart">
								<support>
									<p>Pappír með vatnsmerkjum.</p>
									<p>
										<watermark n="1">
											Vatnsmerki 1. Aðalmerki:
											<ref target="watermark:E5">Snákur sem umvefur staf. Bókstafur H fyrir neðan og 3 lauf efst</ref>
											<ref target="https://www.wasserzeichen-online.de/wzis/struktur.php?ref=IS5000-02-0136_1r">IS5000-02-0136_1r</ref>
											// Ekkert mótmerki (
											<locus from="1r" to="1v">1</locus>
											,
											<locus from="4r" to="5v">4-5</locus>
											,
											<locus from="7r" to="7v">7</locus>
											,
											<locus from="9r" to="11v">9-11</locus>
											,
											<locus from="15r" to="15v">15</locus>
											).
										</watermark>
									</p>
									<p>
										<watermark n="2">
											Vatnsmerki 2. Aðalmerki:
											<ref target="watermark:P9">Kanna með tveimur handföngum og áletrun N DM</ref>
											<ref target="https://www.wasserzeichen-online.de/wzis/struktur.php?ref=IS5000-02-0136_46v">IS5000-02-0136_46v</ref>
											// Ekkert mótmerki (
											<locus from="16r" to="16v">16</locus>
											,
											<locus from="20r" to="22v">20-22</locus>
											,
											<locus from="24r" to="25v">24-25</locus>
											,
											<locus from="28r" to="29v">28-29</locus>
											,
											<locus from="34r" to="35v">34-35</locus>
											,
											<locus from="37r" to="37v">37</locus>
											,
											<locus from="40r" to="42v">40-42</locus>
											,
											<locus from="44r" to="44v">44</locus>
											,
											<locus from="46r" to="46v">46</locus>
											,
											<locus from="48r" to="48v">48</locus>
											,
											<locus from="50r" to="51v">50-51</locus>
											,
											<locus from="53r" to="53v">53</locus>
											,
											<locus from="55r" to="55v">55</locus>
											,
											<locus from="58r" to="58v">58</locus>
											,
											<locus from="60r" to="60v">60</locus>
											,
											<locus from="62r" to="62v">62</locus>
											,
											<locus from="64r" to="64v">64</locus>
											,
											<locus from="68r" to="69v">68-69</locus>
											,
											<locus from="73r" to="74v">73-74</locus>
											,
											<locus from="78r" to="80v">78-80</locus>
											,
											<locus from="82r" to="83v">82-83</locus>
											,
											<locus from="86r" to="87v">86-87</locus>
											).
										</watermark>
									</p>
								</support>
								<extent>ii + 89 + i blöð (<dimensions type="leaf" unit="mm" scope="all">
										<height>290</height>
										<width>193</width>
									</dimensions>).</extent>

								<foliation>
									<p><list>
											<item>Blaðmerking með rauðu bleki; ekki
												upphafleg:1-89.</item>
										</list></p>
									<p><list>
											<item>Blöð 1, 10, 20, 30 o.s.frv. eru að auki blaðmerkt
												með svörtu bleki á rektohlið blaða.</item>
										</list></p>
								</foliation>

								<collation>
									<p>Ellefu kver. <list>
											<item n="1">Kver I: blöð 1r-6v; 6 blöð, 3 tvinn.</item>
											<item n="2">Kver II: blöð 7r-16v; 10 blöð, 5
												tvinn.</item>
											<item n="3">Kver III: blöð 17r-22v; 6 blöð, 3
												tvinn.</item>
											<item n="4">Kver IV: blöð 23r-32v; 10 blöð, 5
												tvinn.</item>
											<item n="5">Kver V: blöð 33r-40v; 8 blöð, 4
												tvinn.</item>
											<item n="6">Kver VI: blöð 41r-50v; 10 blöð, 5
												tvinn.</item>
											<item n="7">Kver VII: blöð 51r-56v; 6 blöð, 3 tvinn. </item>
											<item n="8">Kver VIII: blöð 57r-66v; 10 blöð, 5
												tvinn.</item>
											<item n="9">Kver IX: blöð 67r-72v; 6 blöð, 3
												tvinn.</item>
											<item n="10">Kver X: blöð 73r-82v; 10 blöð, 5
												tvinn.</item>
											<item n="11">Kver XI: blöð 83r-89v; 7 blöð, 3 tvinn + 1
												stakt blað.</item>
										</list>
									</p>
								</collation>

								<condition>
									<p><list>
											<item>Texti sést víða í gegn (sbr. t.d. á blöðum <locus from="35r" facs="#AM02-0136-0035r" to="40r">35r-40r</locus>).</item>
										</list></p>
								</condition>
							</supportDesc>
							<layoutDesc>
								<layout columns="1" writtenLines="38 42">
									<p><list>
											<item>Eindálka.</item>
											<item>Leturflötur er ca <dimensions type="leaf" unit="mm">
												<height>220</height>
												<width>148</width>
												</dimensions>.</item>
											<item>Línufjöldi er ca 38-42.</item>
											<item>Eyður fyrir upphafsstafi eru gegnumgangandi í
												handriti. Undantekning er á blaði <locus from="1r" facs="#AM02-0136-0001r" to="1r">1r</locus> þar sem
												fyllt hefur verið í eyðuna.</item>
										</list></p>
								</layout>
							</layoutDesc>

						</objectDesc>

						<handDesc>
							<handNote scribe="JonGis003" script="cursiva" scope="sole"><list>
									<item>Með hendi <name type="person" key="JonGis003">Jóns
											Gissurarsonar</name> (sbr. <locus from="accMat01r" facs="#AM02-0136-accMat01r" to="accMat01v">seðil</locus>);
									léttiskrift.</item>
								</list></handNote>
						</handDesc>

						<musicNotation>
							<p><list>
									<item>Nótur á bókfelli í gömlu bandi.</item>
								</list></p>
						</musicNotation>

						<additions>
							<p><list>
									<item>Spássíutilvísanir víða (sbr. t.d. <locus from="37v" facs="#AM02-0136-0037v" to="37v">37v</locus>, <locus from="78r" facs="#AM02-0136-0078r" to="79r">78r-79r</locus>).</item>
								</list></p>
							<p><list>
									<item>Bendistafur (<q>v</q>) sem merki um vísur er víða á
										spássíum (sjá t.d. <locus from="79v" facs="#AM02-0136-0079v" to="79v">79v</locus> og <locus from="88v" facs="#AM02-0136-0088v" to="88v">88v</locus>).</item>
								</list></p>
						</additions>

						<bindingDesc>
							<binding contemporary="false">
								<p><list>
										<item>Band frá 1911-1913 (<dimensions type="binding" unit="mm">
												<height>297</height>
												<width>200</width>
												<depth>20</depth>
											</dimensions>). Bókfell á kili, pappírsklæðning.</item>
									</list></p>
							</binding>

							<binding contemporary="unknown">
								<p><list>
										<item>Spjöld og kjölur í eldra bandi eru klædd bókfelli úr
											latnesku helgisiðahandriti (tvídálka), með nótum (nú í
												<ref target="Acc-0007">Acc 7)</ref>.</item>
									</list></p>
							</binding>
						</bindingDesc>

						<accMat>
							<p><list>
									<item>
										<locus from="accMat01r" facs="#AM02-0136-accMat01r" to="accMat01v">Seðill</locus> (<dimensions type="slip" unit="mm">
											<height>105</height>
											<width>180</width>
										</dimensions>) með hendi <name key="ArnMag001" type="person">Árna Magnússonar</name> er framan á <locus from="0001r-FFl" facs="#AM02-0136-0001r-FFl" to="0001r-FFl">saurblaði</locus>: <quote type="AMSlip" xml:lang="is">Njáls saga. Með hendi Jóns Gissurssonar.
											Úr bók í folio (eldri en 1643) er ég fékk af
											Sveini Torfasyni 1704.</quote></item>
								</list></p>
						</accMat>

					</physDesc>
					<history>
						<origin notBefore="1640" notAfter="1643">
							<p>Handritið er skrifað á <origPlace key="IS">Íslandi og
											talið að</origPlace>
										<name key="JonGis003" type="person">Jón Gissurarson</name>
										hafi skrifað það fyrir <origDate notBefore="1640" notAfter="1643">1643</origDate> (sbr. <locus from="accMat01r-Slip" facs="#AM02-0136-accMat01r-Slip" to="accMat01vSlip">seðil</locus>).</p>
									<p> Það er uppskrift eftir <ref>Gullskinnu</ref>, sem <name key="BrySve001" type="person">Brynjólfur
											Sveinsson</name> biskup nefnir svo (sbr. <ref target="JS04-0409" type="ms">JS 409 4to</ref>) og
										tímasett til um 1640 í <bibl>
											<ref target="KKKat">Katalog I.</ref>
										</bibl>, bls. 99. </p>
								
							<p>Handritið var upprunalega hluti af stærri bók sem innihélt
										einnig <ref target="AM02-0126" type="ms">AM 126 fol.</ref>,
											<ref target="AM02-0138" type="ms">AM 138 fol.</ref>,
											<ref target="AM02-0165f" type="ms">AM 165 f fol.</ref>
										og hluti <ref target="AM02-0165m" type="ms">AM 165 m
											fol.</ref>
		
								</p>
						</origin>

						<provenance>
							<p>Bókina sem handritið var tekið úr fékk <name key="ArnMag001" type="person">Árni Magnússon</name> frá
											<name key="SveTor001" type="person">Sveini
											Torfasyni</name> árið <date when="1724">1724</date>
										(sbr. <locus from="accMat01r-Slip" facs="#AM02-0136-accMat01r-Slip" to="accMat01v-Slip">seðil</locus>).
								</p>
						</provenance>

						<acquisition when="1974-04-08">
							<p>Stofnun Árna Magnússonar á Íslandi tók við handritinu 8. apríl
								1974.</p>
						</acquisition>
					</history>
					<additional>
						<adminInfo>
							<recordHist>
								<source>
									<p>
										<name key="KriKaa001" type="person">Kålund</name>
										gekk frá handritinu til skráningar í <date when="1885-11-25">25. nóvember 1885</date>
										<bibl>
											<ref target="KKKat">Katalog I;</ref>
										</bibl>bls. 99 (nr. 165),
										<name key="DriThr001" type="person">DKÞ</name>
										skráði <date when="2001-09-13">13. september
											2001</date>,
												<name type="person" key="ValHil001">VH</name>
												uppfærði handritið samkvæmt TEIP5 reglum <date notBefore="2008-11-18" notAfter="2008-11-19">18.-19. nóvember 2008</date>; lagfærði í <date when="2010-11">nóvember 2010</date>. <name key="ThuSig002" type="person">ÞÓS</name> skráði <date when="2020-06-18">18. júní 2020</date>.
											
												
										
												
									
									</p>
								</source>
							</recordHist>

							<custodialHist>
								<custEvent type="conservation" notBefore="1911" notAfter="1913">
									<p>Bundið af <name key="OttEhl001" type="person">Otto
											Ehlert</name> 1911-1913.</p>
								</custEvent>
							</custodialHist>
						</adminInfo>
						<surrogates>
							<p>
								<list>
									<item>Stafrænar myndir á www.sagnanet.is.</item>
									<item>Svart-hvítar ljósmyndir á Det Arnamagnæanske Institut í
										Kaupmannahöfn.</item>
								</list>
							</p>
						</surrogates>
						<listBibl>
							<bibl>Arthur, S. M. 2012, <ref target="SusArt2012a">The importance of marital and maternal ties in the distribution of Icelandic manuscripts from the middle ages to the seventeenth century</ref></bibl>
							<bibl>Eggen, E. 1968, <ref target="BiblArn21">The Sequences of the Archbishopric of Nidarós I: Text</ref></bibl>
							<bibl>Eggen, E. 1968, <ref target="BiblArn22">The Sequences of the Archbishopric of Nidarós II: Facsimiles</ref></bibl>
							<bibl>Einar Ól. Sveinsson 1952, <ref target="EinSve1952a">Um handrit Njálssögu</ref></bibl>
							<bibl>Hreinn Benediktsson 2002, <ref target="HreBen2002a">Linguistic studies, historical and comparative</ref></bibl>
							<bibl>Jón Helgason 1962, <ref target="JónHel1962b">Introduction Njáls saga the Arna-Magnean manuscript 468, 4to. (Reykjabók)</ref></bibl>
							<bibl>Már Jónsson 1996, <ref target="MárJón1996a">Var þar mokað af miklum usla. Fyrsta atrenna að Gullskinnugerð Njálu</ref></bibl>
							<bibl>Slay, D. 1960, <ref target="BiblArn24">The manuscripts of Hrólfs saga kraka</ref></bibl>
							<bibl>Zeevaert, L. 2018, <ref target="LudZee2018a">Eine deutsche zusammefassung von Njáls saga im manuskript Rostock Mss. philol. 78/2</ref></bibl>
						</listBibl>
					</additional>
				</msDesc>
			</sourceDesc>
		</fileDesc>
		<revisionDesc>
			<change when="2008-10" who="#EriHas01">Migrated from MASTER to P5</change>
		</revisionDesc>
	</teiHeader>
	<facsimile xml:base="https://myndir.handrit.is/file/Handrit.is/">
		<surface xml:id="AM02-0136-0000r-FB" n="0">
			<desc>0000r-FB</desc>
			<graphic mimeType="pdf" url="AM%20136%20fol/0/HIGH_QUALITY_DISPLAY"/>
			<graphic mimeType="jpg" url="AM%20136%20fol/0/THUMBNAIL" width="200px" height="250px"/>
			<graphic mimeType="jpg" url="AM%20136%20fol/0/SECONDARY_DISPLAY" width="6000px" height="7520px"/>
			<graphic mimeType="pdf" url="AM%20136%20fol/0/WEB_DISPLAY"/>
		</surface>
		<surface xml:id="AM02-0136-0000v-FB" n="1">
			<desc>0000v-FB</desc>
			<graphic mimeType="pdf" url="AM%20136%20fol/1/HIGH_QUALITY_DISPLAY"/>
			<graphic mimeType="jpg" url="AM%20136%20fol/1/THUMBNAIL" width="199px" height="300px"/>
			<graphic mimeType="jpg" url="AM%20136%20fol/1/SECONDARY_DISPLAY" width="4771px" height="7196px"/>
			<graphic mimeType="pdf" url="AM%20136%20fol/1/WEB_DISPLAY"/>
		</surface>
		<surface xml:id="AM02-0136-0001r-FFl" n="2">
			<desc>0001r-FFl</desc>
			<graphic mimeType="pdf" url="AM%20136%20fol/2/HIGH_QUALITY_DISPLAY"/>
			<graphic mimeType="jpg" url="AM%20136%20fol/2/THUMBNAIL" width="200px" height="297px"/>
			<graphic mimeType="jpg" url="AM%20136%20fol/2/SECONDARY_DISPLAY" width="3928px" height="5841px"/>
			<graphic mimeType="pdf" url="AM%20136%20fol/2/WEB_DISPLAY"/>
		</surface>
		<surface xml:id="AM02-0136-0001v-FFl" n="3">
			<desc>0001v-FFl</desc>
			<graphic mimeType="pdf" url="AM%20136%20fol/3/HIGH_QUALITY_DISPLAY"/>
			<graphic mimeType="jpg" url="AM%20136%20fol/3/THUMBNAIL" width="197px" height="300px"/>
			<graphic mimeType="jpg" url="AM%20136%20fol/3/SECONDARY_DISPLAY" width="3759px" height="5731px"/>
			<graphic mimeType="pdf" url="AM%20136%20fol/3/WEB_DISPLAY"/>
		</surface>
		<surface xml:id="AM02-0136-accMat01r" n="4">
			<desc>accMat01r</desc>
			<graphic mimeType="pdf" url="AM%20136%20fol/4/HIGH_QUALITY_DISPLAY"/>
			<graphic mimeType="jpg" url="AM%20136%20fol/4/THUMBNAIL" width="200px" height="130px"/>
			<graphic mimeType="jpg" url="AM%20136%20fol/4/SECONDARY_DISPLAY" width="4476px" height="2916px"/>
			<graphic mimeType="pdf" url="AM%20136%20fol/4/WEB_DISPLAY"/>
		</surface>
		<surface xml:id="AM02-0136-0002r-FFl" n="5">
			<desc>0002r-FFl</desc>
			<graphic mimeType="pdf" url="AM%20136%20fol/5/HIGH_QUALITY_DISPLAY"/>
			<graphic mimeType="jpg" url="AM%20136%20fol/5/THUMBNAIL" width="200px" height="288px"/>
			<graphic mimeType="jpg" url="AM%20136%20fol/5/SECONDARY_DISPLAY" width="5152px" height="7434px"/>
			<graphic mimeType="pdf" url="AM%20136%20fol/5/WEB_DISPLAY"/>
		</surface>
		<surface xml:id="AM02-0136-0002v-FFl" n="6">
			<desc>0002v-FFl</desc>
			<graphic mimeType="pdf" url="AM%20136%20fol/6/HIGH_QUALITY_DISPLAY"/>
			<graphic mimeType="jpg" url="AM%20136%20fol/6/THUMBNAIL" width="195px" height="300px"/>
			<graphic mimeType="jpg" url="AM%20136%20fol/6/SECONDARY_DISPLAY" width="3590px" height="5534px"/>
			<graphic mimeType="pdf" url="AM%20136%20fol/6/WEB_DISPLAY"/>
		</surface>
		<surface xml:id="AM02-0136-0001r" n="7">
			<desc>0001r</desc>
			<graphic mimeType="pdf" url="AM%20136%20fol/7/HIGH_QUALITY_DISPLAY"/>
			<graphic mimeType="jpg" url="AM%20136%20fol/7/THUMBNAIL" width="200px" height="287px"/>
			<graphic mimeType="jpg" url="AM%20136%20fol/7/SECONDARY_DISPLAY" width="5162px" height="7424px"/>
			<graphic mimeType="pdf" url="AM%20136%20fol/7/WEB_DISPLAY"/>
		</surface>
		<surface xml:id="AM02-0136-0001v" n="8">
			<desc>0001v</desc>
			<graphic mimeType="pdf" url="AM%20136%20fol/8/HIGH_QUALITY_DISPLAY"/>
			<graphic mimeType="jpg" url="AM%20136%20fol/8/THUMBNAIL" width="200px" height="288px"/>
			<graphic mimeType="jpg" url="AM%20136%20fol/8/SECONDARY_DISPLAY" width="5152px" height="7414px"/>
			<graphic mimeType="pdf" url="AM%20136%20fol/8/WEB_DISPLAY"/>
		</surface>
		<surface xml:id="AM02-0136-0002r" n="9">
			<desc>0002r</desc>
			<graphic mimeType="pdf" url="AM%20136%20fol/9/HIGH_QUALITY_DISPLAY"/>
			<graphic mimeType="jpg" url="AM%20136%20fol/9/THUMBNAIL" width="200px" height="288px"/>
			<graphic mimeType="jpg" url="AM%20136%20fol/9/SECONDARY_DISPLAY" width="5152px" height="7414px"/>
			<graphic mimeType="pdf" url="AM%20136%20fol/9/WEB_DISPLAY"/>
		</surface>
		<surface xml:id="AM02-0136-0002v" n="10">
			<desc>0002v</desc>
			<graphic mimeType="pdf" url="AM%20136%20fol/10/HIGH_QUALITY_DISPLAY"/>
			<graphic mimeType="jpg" url="AM%20136%20fol/10/THUMBNAIL" width="200px" height="288px"/>
			<graphic mimeType="jpg" url="AM%20136%20fol/10/SECONDARY_DISPLAY" width="5152px" height="7414px"/>
			<graphic mimeType="pdf" url="AM%20136%20fol/10/WEB_DISPLAY"/>
		</surface>
		<surface xml:id="AM02-0136-0003r" n="11">
			<desc>0003r</desc>
			<graphic mimeType="pdf" url="AM%20136%20fol/11/HIGH_QUALITY_DISPLAY"/>
			<graphic mimeType="jpg" url="AM%20136%20fol/11/THUMBNAIL" width="200px" height="288px"/>
			<graphic mimeType="jpg" url="AM%20136%20fol/11/SECONDARY_DISPLAY" width="5152px" height="7414px"/>
			<graphic mimeType="pdf" url="AM%20136%20fol/11/WEB_DISPLAY"/>
		</surface>
		<surface xml:id="AM02-0136-0003v" n="12">
			<desc>0003v</desc>
			<graphic mimeType="pdf" url="AM%20136%20fol/12/HIGH_QUALITY_DISPLAY"/>
			<graphic mimeType="jpg" url="AM%20136%20fol/12/THUMBNAIL" width="200px" height="288px"/>
			<graphic mimeType="jpg" url="AM%20136%20fol/12/SECONDARY_DISPLAY" width="5152px" height="7414px"/>
			<graphic mimeType="pdf" url="AM%20136%20fol/12/WEB_DISPLAY"/>
		</surface>
		<surface xml:id="AM02-0136-0004r" n="13">
			<desc>0004r</desc>
			<graphic mimeType="pdf" url="AM%20136%20fol/13/HIGH_QUALITY_DISPLAY"/>
			<graphic mimeType="jpg" url="AM%20136%20fol/13/THUMBNAIL" width="200px" height="288px"/>
			<graphic mimeType="jpg" url="AM%20136%20fol/13/SECONDARY_DISPLAY" width="5152px" height="7434px"/>
			<graphic mimeType="pdf" url="AM%20136%20fol/13/WEB_DISPLAY"/>
		</surface>
		<surface xml:id="AM02-0136-0004v" n="14">
			<desc>0004v</desc>
			<graphic mimeType="pdf" url="AM%20136%20fol/14/HIGH_QUALITY_DISPLAY"/>
			<graphic mimeType="jpg" url="AM%20136%20fol/14/THUMBNAIL" width="200px" height="288px"/>
			<graphic mimeType="jpg" url="AM%20136%20fol/14/SECONDARY_DISPLAY" width="5152px" height="7414px"/>
			<graphic mimeType="pdf" url="AM%20136%20fol/14/WEB_DISPLAY"/>
		</surface>
		<surface xml:id="AM02-0136-0005r" n="15">
			<desc>0005r</desc>
			<graphic mimeType="pdf" url="AM%20136%20fol/15/HIGH_QUALITY_DISPLAY"/>
			<graphic mimeType="jpg" url="AM%20136%20fol/15/THUMBNAIL" width="200px" height="288px"/>
			<graphic mimeType="jpg" url="AM%20136%20fol/15/SECONDARY_DISPLAY" width="5152px" height="7434px"/>
			<graphic mimeType="pdf" url="AM%20136%20fol/15/WEB_DISPLAY"/>
		</surface>
		<surface xml:id="AM02-0136-0005v" n="16">
			<desc>0005v</desc>
			<graphic mimeType="pdf" url="AM%20136%20fol/16/HIGH_QUALITY_DISPLAY"/>
			<graphic mimeType="jpg" url="AM%20136%20fol/16/THUMBNAIL" width="200px" height="288px"/>
			<graphic mimeType="jpg" url="AM%20136%20fol/16/SECONDARY_DISPLAY" width="5152px" height="7414px"/>
			<graphic mimeType="pdf" url="AM%20136%20fol/16/WEB_DISPLAY"/>
		</surface>
		<surface xml:id="AM02-0136-0006r" n="17">
			<desc>0006r</desc>
			<graphic mimeType="pdf" url="AM%20136%20fol/17/HIGH_QUALITY_DISPLAY"/>
			<graphic mimeType="jpg" url="AM%20136%20fol/17/THUMBNAIL" width="200px" height="288px"/>
			<graphic mimeType="jpg" url="AM%20136%20fol/17/SECONDARY_DISPLAY" width="5152px" height="7434px"/>
			<graphic mimeType="pdf" url="AM%20136%20fol/17/WEB_DISPLAY"/>
		</surface>
		<surface xml:id="AM02-0136-0006v" n="18">
			<desc>0006v</desc>
			<graphic mimeType="pdf" url="AM%20136%20fol/18/HIGH_QUALITY_DISPLAY"/>
			<graphic mimeType="jpg" url="AM%20136%20fol/18/THUMBNAIL" width="200px" height="288px"/>
			<graphic mimeType="jpg" url="AM%20136%20fol/18/SECONDARY_DISPLAY" width="5152px" height="7414px"/>
			<graphic mimeType="pdf" url="AM%20136%20fol/18/WEB_DISPLAY"/>
		</surface>
		<surface xml:id="AM02-0136-0007r" n="19">
			<desc>0007r</desc>
			<graphic mimeType="pdf" url="AM%20136%20fol/19/HIGH_QUALITY_DISPLAY"/>
			<graphic mimeType="jpg" url="AM%20136%20fol/19/THUMBNAIL" width="200px" height="288px"/>
			<graphic mimeType="jpg" url="AM%20136%20fol/19/SECONDARY_DISPLAY" width="5152px" height="7434px"/>
			<graphic mimeType="pdf" url="AM%20136%20fol/19/WEB_DISPLAY"/>
		</surface>
		<surface xml:id="AM02-0136-0007v" n="20">
			<desc>0007v</desc>
			<graphic mimeType="pdf" url="AM%20136%20fol/20/HIGH_QUALITY_DISPLAY"/>
			<graphic mimeType="jpg" url="AM%20136%20fol/20/THUMBNAIL" width="200px" height="288px"/>
			<graphic mimeType="jpg" url="AM%20136%20fol/20/SECONDARY_DISPLAY" width="5152px" height="7414px"/>
			<graphic mimeType="pdf" url="AM%20136%20fol/20/WEB_DISPLAY"/>
		</surface>
		<surface xml:id="AM02-0136-0008r" n="21">
			<desc>0008r</desc>
			<graphic mimeType="pdf" url="AM%20136%20fol/21/HIGH_QUALITY_DISPLAY"/>
			<graphic mimeType="jpg" url="AM%20136%20fol/21/THUMBNAIL" width="200px" height="288px"/>
			<graphic mimeType="jpg" url="AM%20136%20fol/21/SECONDARY_DISPLAY" width="5152px" height="7414px"/>
			<graphic mimeType="pdf" url="AM%20136%20fol/21/WEB_DISPLAY"/>
		</surface>
		<surface xml:id="AM02-0136-0008v" n="22">
			<desc>0008v</desc>
			<graphic mimeType="pdf" url="AM%20136%20fol/22/HIGH_QUALITY_DISPLAY"/>
			<graphic mimeType="jpg" url="AM%20136%20fol/22/THUMBNAIL" width="200px" height="288px"/>
			<graphic mimeType="jpg" url="AM%20136%20fol/22/SECONDARY_DISPLAY" width="5152px" height="7414px"/>
			<graphic mimeType="pdf" url="AM%20136%20fol/22/WEB_DISPLAY"/>
		</surface>
		<surface xml:id="AM02-0136-0009r" n="23">
			<desc>0009r</desc>
			<graphic mimeType="pdf" url="AM%20136%20fol/23/HIGH_QUALITY_DISPLAY"/>
			<graphic mimeType="jpg" url="AM%20136%20fol/23/THUMBNAIL" width="200px" height="288px"/>
			<graphic mimeType="jpg" url="AM%20136%20fol/23/SECONDARY_DISPLAY" width="5152px" height="7414px"/>
			<graphic mimeType="pdf" url="AM%20136%20fol/23/WEB_DISPLAY"/>
		</surface>
		<surface xml:id="AM02-0136-0009v" n="24">
			<desc>0009v</desc>
			<graphic mimeType="pdf" url="AM%20136%20fol/24/HIGH_QUALITY_DISPLAY"/>
			<graphic mimeType="jpg" url="AM%20136%20fol/24/THUMBNAIL" width="200px" height="288px"/>
			<graphic mimeType="jpg" url="AM%20136%20fol/24/SECONDARY_DISPLAY" width="5152px" height="7414px"/>
			<graphic mimeType="pdf" url="AM%20136%20fol/24/WEB_DISPLAY"/>
		</surface>
		<surface xml:id="AM02-0136-0010r" n="25">
			<desc>0010r</desc>
			<graphic mimeType="pdf" url="AM%20136%20fol/25/HIGH_QUALITY_DISPLAY"/>
			<graphic mimeType="jpg" url="AM%20136%20fol/25/THUMBNAIL" width="200px" height="288px"/>
			<graphic mimeType="jpg" url="AM%20136%20fol/25/SECONDARY_DISPLAY" width="5152px" height="7414px"/>
			<graphic mimeType="pdf" url="AM%20136%20fol/25/WEB_DISPLAY"/>
		</surface>
		<surface xml:id="AM02-0136-0010v" n="26">
			<desc>0010v</desc>
			<graphic mimeType="pdf" url="AM%20136%20fol/26/HIGH_QUALITY_DISPLAY"/>
			<graphic mimeType="jpg" url="AM%20136%20fol/26/THUMBNAIL" width="200px" height="288px"/>
			<graphic mimeType="jpg" url="AM%20136%20fol/26/SECONDARY_DISPLAY" width="5152px" height="7414px"/>
			<graphic mimeType="pdf" url="AM%20136%20fol/26/WEB_DISPLAY"/>
		</surface>
		<surface xml:id="AM02-0136-0011r" n="27">
			<desc>0011r</desc>
			<graphic mimeType="pdf" url="AM%20136%20fol/27/HIGH_QUALITY_DISPLAY"/>
			<graphic mimeType="jpg" url="AM%20136%20fol/27/THUMBNAIL" width="200px" height="288px"/>
			<graphic mimeType="jpg" url="AM%20136%20fol/27/SECONDARY_DISPLAY" width="5152px" height="7414px"/>
			<graphic mimeType="pdf" url="AM%20136%20fol/27/WEB_DISPLAY"/>
		</surface>
		<surface xml:id="AM02-0136-0011v" n="28">
			<desc>0011v</desc>
			<graphic mimeType="pdf" url="AM%20136%20fol/28/HIGH_QUALITY_DISPLAY"/>
			<graphic mimeType="jpg" url="AM%20136%20fol/28/THUMBNAIL" width="200px" height="288px"/>
			<graphic mimeType="jpg" url="AM%20136%20fol/28/SECONDARY_DISPLAY" width="5152px" height="7414px"/>
			<graphic mimeType="pdf" url="AM%20136%20fol/28/WEB_DISPLAY"/>
		</surface>
		<surface xml:id="AM02-0136-0012r" n="29">
			<desc>0012r</desc>
			<graphic mimeType="pdf" url="AM%20136%20fol/29/HIGH_QUALITY_DISPLAY"/>
			<graphic mimeType="jpg" url="AM%20136%20fol/29/THUMBNAIL" width="200px" height="288px"/>
			<graphic mimeType="jpg" url="AM%20136%20fol/29/SECONDARY_DISPLAY" width="5152px" height="7414px"/>
			<graphic mimeType="pdf" url="AM%20136%20fol/29/WEB_DISPLAY"/>
		</surface>
		<surface xml:id="AM02-0136-0012v" n="30">
			<desc>0012v</desc>
			<graphic mimeType="pdf" url="AM%20136%20fol/30/HIGH_QUALITY_DISPLAY"/>
			<graphic mimeType="jpg" url="AM%20136%20fol/30/THUMBNAIL" width="200px" height="288px"/>
			<graphic mimeType="jpg" url="AM%20136%20fol/30/SECONDARY_DISPLAY" width="5152px" height="7414px"/>
			<graphic mimeType="pdf" url="AM%20136%20fol/30/WEB_DISPLAY"/>
		</surface>
		<surface xml:id="AM02-0136-0013r" n="31">
			<desc>0013r</desc>
			<graphic mimeType="pdf" url="AM%20136%20fol/31/HIGH_QUALITY_DISPLAY"/>
			<graphic mimeType="jpg" url="AM%20136%20fol/31/THUMBNAIL" width="200px" height="288px"/>
			<graphic mimeType="jpg" url="AM%20136%20fol/31/SECONDARY_DISPLAY" width="5152px" height="7414px"/>
			<graphic mimeType="pdf" url="AM%20136%20fol/31/WEB_DISPLAY"/>
		</surface>
		<surface xml:id="AM02-0136-0013v" n="32">
			<desc>0013v</desc>
			<graphic mimeType="pdf" url="AM%20136%20fol/32/HIGH_QUALITY_DISPLAY"/>
			<graphic mimeType="jpg" url="AM%20136%20fol/32/THUMBNAIL" width="200px" height="288px"/>
			<graphic mimeType="jpg" url="AM%20136%20fol/32/SECONDARY_DISPLAY" width="5152px" height="7414px"/>
			<graphic mimeType="pdf" url="AM%20136%20fol/32/WEB_DISPLAY"/>
		</surface>
		<surface xml:id="AM02-0136-0014r" n="33">
			<desc>0014r</desc>
			<graphic mimeType="pdf" url="AM%20136%20fol/33/HIGH_QUALITY_DISPLAY"/>
			<graphic mimeType="jpg" url="AM%20136%20fol/33/THUMBNAIL" width="200px" height="288px"/>
			<graphic mimeType="jpg" url="AM%20136%20fol/33/SECONDARY_DISPLAY" width="5152px" height="7414px"/>
			<graphic mimeType="pdf" url="AM%20136%20fol/33/WEB_DISPLAY"/>
		</surface>
		<surface xml:id="AM02-0136-0014v" n="34">
			<desc>0014v</desc>
			<graphic mimeType="pdf" url="AM%20136%20fol/34/HIGH_QUALITY_DISPLAY"/>
			<graphic mimeType="jpg" url="AM%20136%20fol/34/THUMBNAIL" width="200px" height="288px"/>
			<graphic mimeType="jpg" url="AM%20136%20fol/34/SECONDARY_DISPLAY" width="5152px" height="7414px"/>
			<graphic mimeType="pdf" url="AM%20136%20fol/34/WEB_DISPLAY"/>
		</surface>
		<surface xml:id="AM02-0136-0015r" n="35">
			<desc>0015r</desc>
			<graphic mimeType="pdf" url="AM%20136%20fol/35/HIGH_QUALITY_DISPLAY"/>
			<graphic mimeType="jpg" url="AM%20136%20fol/35/THUMBNAIL" width="200px" height="288px"/>
			<graphic mimeType="jpg" url="AM%20136%20fol/35/SECONDARY_DISPLAY" width="5152px" height="7414px"/>
			<graphic mimeType="pdf" url="AM%20136%20fol/35/WEB_DISPLAY"/>
		</surface>
		<surface xml:id="AM02-0136-0015v" n="36">
			<desc>0015v</desc>
			<graphic mimeType="pdf" url="AM%20136%20fol/36/HIGH_QUALITY_DISPLAY"/>
			<graphic mimeType="jpg" url="AM%20136%20fol/36/THUMBNAIL" width="200px" height="288px"/>
			<graphic mimeType="jpg" url="AM%20136%20fol/36/SECONDARY_DISPLAY" width="5152px" height="7414px"/>
			<graphic mimeType="pdf" url="AM%20136%20fol/36/WEB_DISPLAY"/>
		</surface>
		<surface xml:id="AM02-0136-0016r" n="37">
			<desc>0016r</desc>
			<graphic mimeType="pdf" url="AM%20136%20fol/37/HIGH_QUALITY_DISPLAY"/>
			<graphic mimeType="jpg" url="AM%20136%20fol/37/THUMBNAIL" width="200px" height="288px"/>
			<graphic mimeType="jpg" url="AM%20136%20fol/37/SECONDARY_DISPLAY" width="5152px" height="7414px"/>
			<graphic mimeType="pdf" url="AM%20136%20fol/37/WEB_DISPLAY"/>
		</surface>
		<surface xml:id="AM02-0136-0016v" n="38">
			<desc>0016v</desc>
			<graphic mimeType="pdf" url="AM%20136%20fol/38/HIGH_QUALITY_DISPLAY"/>
			<graphic mimeType="jpg" url="AM%20136%20fol/38/THUMBNAIL" width="200px" height="288px"/>
			<graphic mimeType="jpg" url="AM%20136%20fol/38/SECONDARY_DISPLAY" width="5152px" height="7414px"/>
			<graphic mimeType="pdf" url="AM%20136%20fol/38/WEB_DISPLAY"/>
		</surface>
		<surface xml:id="AM02-0136-0017r" n="39">
			<desc>0017r</desc>
			<graphic mimeType="pdf" url="AM%20136%20fol/39/HIGH_QUALITY_DISPLAY"/>
			<graphic mimeType="jpg" url="AM%20136%20fol/39/THUMBNAIL" width="200px" height="288px"/>
			<graphic mimeType="jpg" url="AM%20136%20fol/39/SECONDARY_DISPLAY" width="5152px" height="7414px"/>
			<graphic mimeType="pdf" url="AM%20136%20fol/39/WEB_DISPLAY"/>
		</surface>
		<surface xml:id="AM02-0136-0017v" n="40">
			<desc>0017v</desc>
			<graphic mimeType="pdf" url="AM%20136%20fol/40/HIGH_QUALITY_DISPLAY"/>
			<graphic mimeType="jpg" url="AM%20136%20fol/40/THUMBNAIL" width="200px" height="288px"/>
			<graphic mimeType="jpg" url="AM%20136%20fol/40/SECONDARY_DISPLAY" width="5152px" height="7414px"/>
			<graphic mimeType="pdf" url="AM%20136%20fol/40/WEB_DISPLAY"/>
		</surface>
		<surface xml:id="AM02-0136-0018r" n="41">
			<desc>0018r</desc>
			<graphic mimeType="pdf" url="AM%20136%20fol/41/HIGH_QUALITY_DISPLAY"/>
			<graphic mimeType="jpg" url="AM%20136%20fol/41/THUMBNAIL" width="200px" height="288px"/>
			<graphic mimeType="jpg" url="AM%20136%20fol/41/SECONDARY_DISPLAY" width="5152px" height="7414px"/>
			<graphic mimeType="pdf" url="AM%20136%20fol/41/WEB_DISPLAY"/>
		</surface>
		<surface xml:id="AM02-0136-0018v" n="42">
			<desc>0018v</desc>
			<graphic mimeType="pdf" url="AM%20136%20fol/42/HIGH_QUALITY_DISPLAY"/>
			<graphic mimeType="jpg" url="AM%20136%20fol/42/THUMBNAIL" width="200px" height="288px"/>
			<graphic mimeType="jpg" url="AM%20136%20fol/42/SECONDARY_DISPLAY" width="5152px" height="7414px"/>
			<graphic mimeType="pdf" url="AM%20136%20fol/42/WEB_DISPLAY"/>
		</surface>
		<surface xml:id="AM02-0136-0019r" n="43">
			<desc>0019r</desc>
			<graphic mimeType="pdf" url="AM%20136%20fol/43/HIGH_QUALITY_DISPLAY"/>
			<graphic mimeType="jpg" url="AM%20136%20fol/43/THUMBNAIL" width="200px" height="288px"/>
			<graphic mimeType="jpg" url="AM%20136%20fol/43/SECONDARY_DISPLAY" width="5152px" height="7414px"/>
			<graphic mimeType="pdf" url="AM%20136%20fol/43/WEB_DISPLAY"/>
		</surface>
		<surface xml:id="AM02-0136-0019v" n="44">
			<desc>0019v</desc>
			<graphic mimeType="pdf" url="AM%20136%20fol/44/HIGH_QUALITY_DISPLAY"/>
			<graphic mimeType="jpg" url="AM%20136%20fol/44/THUMBNAIL" width="200px" height="288px"/>
			<graphic mimeType="jpg" url="AM%20136%20fol/44/SECONDARY_DISPLAY" width="5152px" height="7414px"/>
			<graphic mimeType="pdf" url="AM%20136%20fol/44/WEB_DISPLAY"/>
		</surface>
		<surface xml:id="AM02-0136-0020r" n="45">
			<desc>0020r</desc>
			<graphic mimeType="pdf" url="AM%20136%20fol/45/HIGH_QUALITY_DISPLAY"/>
			<graphic mimeType="jpg" url="AM%20136%20fol/45/THUMBNAIL" width="200px" height="288px"/>
			<graphic mimeType="jpg" url="AM%20136%20fol/45/SECONDARY_DISPLAY" width="5152px" height="7424px"/>
			<graphic mimeType="pdf" url="AM%20136%20fol/45/WEB_DISPLAY"/>
		</surface>
		<surface xml:id="AM02-0136-0020v" n="46">
			<desc>0020v</desc>
			<graphic mimeType="pdf" url="AM%20136%20fol/46/HIGH_QUALITY_DISPLAY"/>
			<graphic mimeType="jpg" url="AM%20136%20fol/46/THUMBNAIL" width="200px" height="288px"/>
			<graphic mimeType="jpg" url="AM%20136%20fol/46/SECONDARY_DISPLAY" width="5152px" height="7414px"/>
			<graphic mimeType="pdf" url="AM%20136%20fol/46/WEB_DISPLAY"/>
		</surface>
		<surface xml:id="AM02-0136-0021r" n="47">
			<desc>0021r</desc>
			<graphic mimeType="pdf" url="AM%20136%20fol/47/HIGH_QUALITY_DISPLAY"/>
			<graphic mimeType="jpg" url="AM%20136%20fol/47/THUMBNAIL" width="200px" height="288px"/>
			<graphic mimeType="jpg" url="AM%20136%20fol/47/SECONDARY_DISPLAY" width="5152px" height="7424px"/>
			<graphic mimeType="pdf" url="AM%20136%20fol/47/WEB_DISPLAY"/>
		</surface>
		<surface xml:id="AM02-0136-0021v" n="48">
			<desc>0021v</desc>
			<graphic mimeType="pdf" url="AM%20136%20fol/48/HIGH_QUALITY_DISPLAY"/>
			<graphic mimeType="jpg" url="AM%20136%20fol/48/THUMBNAIL" width="200px" height="288px"/>
			<graphic mimeType="jpg" url="AM%20136%20fol/48/SECONDARY_DISPLAY" width="5152px" height="7414px"/>
			<graphic mimeType="pdf" url="AM%20136%20fol/48/WEB_DISPLAY"/>
		</surface>
		<surface xml:id="AM02-0136-0022r" n="49">
			<desc>0022r</desc>
			<graphic mimeType="pdf" url="AM%20136%20fol/49/HIGH_QUALITY_DISPLAY"/>
			<graphic mimeType="jpg" url="AM%20136%20fol/49/THUMBNAIL" width="200px" height="288px"/>
			<graphic mimeType="jpg" url="AM%20136%20fol/49/SECONDARY_DISPLAY" width="5152px" height="7424px"/>
			<graphic mimeType="pdf" url="AM%20136%20fol/49/WEB_DISPLAY"/>
		</surface>
		<surface xml:id="AM02-0136-0022v" n="50">
			<desc>0022v</desc>
			<graphic mimeType="pdf" url="AM%20136%20fol/50/HIGH_QUALITY_DISPLAY"/>
			<graphic mimeType="jpg" url="AM%20136%20fol/50/THUMBNAIL" width="200px" height="288px"/>
			<graphic mimeType="jpg" url="AM%20136%20fol/50/SECONDARY_DISPLAY" width="5152px" height="7414px"/>
			<graphic mimeType="pdf" url="AM%20136%20fol/50/WEB_DISPLAY"/>
		</surface>
		<surface xml:id="AM02-0136-0023r" n="51">
			<desc>0023r</desc>
			<graphic mimeType="pdf" url="AM%20136%20fol/51/HIGH_QUALITY_DISPLAY"/>
			<graphic mimeType="jpg" url="AM%20136%20fol/51/THUMBNAIL" width="200px" height="288px"/>
			<graphic mimeType="jpg" url="AM%20136%20fol/51/SECONDARY_DISPLAY" width="5152px" height="7424px"/>
			<graphic mimeType="pdf" url="AM%20136%20fol/51/WEB_DISPLAY"/>
		</surface>
		<surface xml:id="AM02-0136-0023v" n="52">
			<desc>0023v</desc>
			<graphic mimeType="pdf" url="AM%20136%20fol/52/HIGH_QUALITY_DISPLAY"/>
			<graphic mimeType="jpg" url="AM%20136%20fol/52/THUMBNAIL" width="200px" height="288px"/>
			<graphic mimeType="jpg" url="AM%20136%20fol/52/SECONDARY_DISPLAY" width="5152px" height="7414px"/>
			<graphic mimeType="pdf" url="AM%20136%20fol/52/WEB_DISPLAY"/>
		</surface>
		<surface xml:id="AM02-0136-0024r" n="53">
			<desc>0024r</desc>
			<graphic mimeType="pdf" url="AM%20136%20fol/53/HIGH_QUALITY_DISPLAY"/>
			<graphic mimeType="jpg" url="AM%20136%20fol/53/THUMBNAIL" width="200px" height="288px"/>
			<graphic mimeType="jpg" url="AM%20136%20fol/53/SECONDARY_DISPLAY" width="5152px" height="7424px"/>
			<graphic mimeType="pdf" url="AM%20136%20fol/53/WEB_DISPLAY"/>
		</surface>
		<surface xml:id="AM02-0136-0024v" n="54">
			<desc>0024v</desc>
			<graphic mimeType="pdf" url="AM%20136%20fol/54/HIGH_QUALITY_DISPLAY"/>
			<graphic mimeType="jpg" url="AM%20136%20fol/54/THUMBNAIL" width="200px" height="288px"/>
			<graphic mimeType="jpg" url="AM%20136%20fol/54/SECONDARY_DISPLAY" width="5152px" height="7414px"/>
			<graphic mimeType="pdf" url="AM%20136%20fol/54/WEB_DISPLAY"/>
		</surface>
		<surface xml:id="AM02-0136-0025r" n="55">
			<desc>0025r</desc>
			<graphic mimeType="pdf" url="AM%20136%20fol/55/HIGH_QUALITY_DISPLAY"/>
			<graphic mimeType="jpg" url="AM%20136%20fol/55/THUMBNAIL" width="200px" height="288px"/>
			<graphic mimeType="jpg" url="AM%20136%20fol/55/SECONDARY_DISPLAY" width="5152px" height="7424px"/>
			<graphic mimeType="pdf" url="AM%20136%20fol/55/WEB_DISPLAY"/>
		</surface>
		<surface xml:id="AM02-0136-0025v" n="56">
			<desc>0025v</desc>
			<graphic mimeType="pdf" url="AM%20136%20fol/56/HIGH_QUALITY_DISPLAY"/>
			<graphic mimeType="jpg" url="AM%20136%20fol/56/THUMBNAIL" width="200px" height="288px"/>
			<graphic mimeType="jpg" url="AM%20136%20fol/56/SECONDARY_DISPLAY" width="5152px" height="7414px"/>
			<graphic mimeType="pdf" url="AM%20136%20fol/56/WEB_DISPLAY"/>
		</surface>
		<surface xml:id="AM02-0136-0026r" n="57">
			<desc>0026r</desc>
			<graphic mimeType="pdf" url="AM%20136%20fol/57/HIGH_QUALITY_DISPLAY"/>
			<graphic mimeType="jpg" url="AM%20136%20fol/57/THUMBNAIL" width="200px" height="287px"/>
			<graphic mimeType="jpg" url="AM%20136%20fol/57/SECONDARY_DISPLAY" width="5152px" height="7405px"/>
			<graphic mimeType="pdf" url="AM%20136%20fol/57/WEB_DISPLAY"/>
		</surface>
		<surface xml:id="AM02-0136-0026v" n="58">
			<desc>0026v</desc>
			<graphic mimeType="pdf" url="AM%20136%20fol/58/HIGH_QUALITY_DISPLAY"/>
			<graphic mimeType="jpg" url="AM%20136%20fol/58/THUMBNAIL" width="200px" height="288px"/>
			<graphic mimeType="jpg" url="AM%20136%20fol/58/SECONDARY_DISPLAY" width="5152px" height="7414px"/>
			<graphic mimeType="pdf" url="AM%20136%20fol/58/WEB_DISPLAY"/>
		</surface>
		<surface xml:id="AM02-0136-0027r" n="59">
			<desc>0027r</desc>
			<graphic mimeType="pdf" url="AM%20136%20fol/59/HIGH_QUALITY_DISPLAY"/>
			<graphic mimeType="jpg" url="AM%20136%20fol/59/THUMBNAIL" width="200px" height="287px"/>
			<graphic mimeType="jpg" url="AM%20136%20fol/59/SECONDARY_DISPLAY" width="5152px" height="7405px"/>
			<graphic mimeType="pdf" url="AM%20136%20fol/59/WEB_DISPLAY"/>
		</surface>
		<surface xml:id="AM02-0136-0027v" n="60">
			<desc>0027v</desc>
			<graphic mimeType="pdf" url="AM%20136%20fol/60/HIGH_QUALITY_DISPLAY"/>
			<graphic mimeType="jpg" url="AM%20136%20fol/60/THUMBNAIL" width="200px" height="288px"/>
			<graphic mimeType="jpg" url="AM%20136%20fol/60/SECONDARY_DISPLAY" width="5152px" height="7414px"/>
			<graphic mimeType="pdf" url="AM%20136%20fol/60/WEB_DISPLAY"/>
		</surface>
		<surface xml:id="AM02-0136-0028r" n="61">
			<desc>0028r</desc>
			<graphic mimeType="pdf" url="AM%20136%20fol/61/HIGH_QUALITY_DISPLAY"/>
			<graphic mimeType="jpg" url="AM%20136%20fol/61/THUMBNAIL" width="200px" height="287px"/>
			<graphic mimeType="jpg" url="AM%20136%20fol/61/SECONDARY_DISPLAY" width="5152px" height="7405px"/>
			<graphic mimeType="pdf" url="AM%20136%20fol/61/WEB_DISPLAY"/>
		</surface>
		<surface xml:id="AM02-0136-0028v" n="62">
			<desc>0028v</desc>
			<graphic mimeType="pdf" url="AM%20136%20fol/62/HIGH_QUALITY_DISPLAY"/>
			<graphic mimeType="jpg" url="AM%20136%20fol/62/THUMBNAIL" width="200px" height="288px"/>
			<graphic mimeType="jpg" url="AM%20136%20fol/62/SECONDARY_DISPLAY" width="5152px" height="7414px"/>
			<graphic mimeType="pdf" url="AM%20136%20fol/62/WEB_DISPLAY"/>
		</surface>
		<surface xml:id="AM02-0136-0029r" n="63">
			<desc>0029r</desc>
			<graphic mimeType="pdf" url="AM%20136%20fol/63/HIGH_QUALITY_DISPLAY"/>
			<graphic mimeType="jpg" url="AM%20136%20fol/63/THUMBNAIL" width="200px" height="287px"/>
			<graphic mimeType="jpg" url="AM%20136%20fol/63/SECONDARY_DISPLAY" width="5152px" height="7405px"/>
			<graphic mimeType="pdf" url="AM%20136%20fol/63/WEB_DISPLAY"/>
		</surface>
		<surface xml:id="AM02-0136-0029v" n="64">
			<desc>0029v</desc>
			<graphic mimeType="pdf" url="AM%20136%20fol/64/HIGH_QUALITY_DISPLAY"/>
			<graphic mimeType="jpg" url="AM%20136%20fol/64/THUMBNAIL" width="200px" height="288px"/>
			<graphic mimeType="jpg" url="AM%20136%20fol/64/SECONDARY_DISPLAY" width="5152px" height="7414px"/>
			<graphic mimeType="pdf" url="AM%20136%20fol/64/WEB_DISPLAY"/>
		</surface>
		<surface xml:id="AM02-0136-0030r" n="65">
			<desc>0030r</desc>
			<graphic mimeType="pdf" url="AM%20136%20fol/65/HIGH_QUALITY_DISPLAY"/>
			<graphic mimeType="jpg" url="AM%20136%20fol/65/THUMBNAIL" width="200px" height="287px"/>
			<graphic mimeType="jpg" url="AM%20136%20fol/65/SECONDARY_DISPLAY" width="5152px" height="7405px"/>
			<graphic mimeType="pdf" url="AM%20136%20fol/65/WEB_DISPLAY"/>
		</surface>
		<surface xml:id="AM02-0136-0030v" n="66">
			<desc>0030v</desc>
			<graphic mimeType="pdf" url="AM%20136%20fol/66/HIGH_QUALITY_DISPLAY"/>
			<graphic mimeType="jpg" url="AM%20136%20fol/66/THUMBNAIL" width="200px" height="288px"/>
			<graphic mimeType="jpg" url="AM%20136%20fol/66/SECONDARY_DISPLAY" width="5152px" height="7414px"/>
			<graphic mimeType="pdf" url="AM%20136%20fol/66/WEB_DISPLAY"/>
		</surface>
		<surface xml:id="AM02-0136-0031r" n="67">
			<desc>0031r</desc>
			<graphic mimeType="pdf" url="AM%20136%20fol/67/HIGH_QUALITY_DISPLAY"/>
			<graphic mimeType="jpg" url="AM%20136%20fol/67/THUMBNAIL" width="200px" height="287px"/>
			<graphic mimeType="jpg" url="AM%20136%20fol/67/SECONDARY_DISPLAY" width="5152px" height="7405px"/>
			<graphic mimeType="pdf" url="AM%20136%20fol/67/WEB_DISPLAY"/>
		</surface>
		<surface xml:id="AM02-0136-0031v" n="68">
			<desc>0031v</desc>
			<graphic mimeType="pdf" url="AM%20136%20fol/68/HIGH_QUALITY_DISPLAY"/>
			<graphic mimeType="jpg" url="AM%20136%20fol/68/THUMBNAIL" width="200px" height="288px"/>
			<graphic mimeType="jpg" url="AM%20136%20fol/68/SECONDARY_DISPLAY" width="5152px" height="7414px"/>
			<graphic mimeType="pdf" url="AM%20136%20fol/68/WEB_DISPLAY"/>
		</surface>
		<surface xml:id="AM02-0136-0032r" n="69">
			<desc>0032r</desc>
			<graphic mimeType="pdf" url="AM%20136%20fol/69/HIGH_QUALITY_DISPLAY"/>
			<graphic mimeType="jpg" url="AM%20136%20fol/69/THUMBNAIL" width="200px" height="287px"/>
			<graphic mimeType="jpg" url="AM%20136%20fol/69/SECONDARY_DISPLAY" width="5152px" height="7405px"/>
			<graphic mimeType="pdf" url="AM%20136%20fol/69/WEB_DISPLAY"/>
		</surface>
		<surface xml:id="AM02-0136-0032v" n="70">
			<desc>0032v</desc>
			<graphic mimeType="pdf" url="AM%20136%20fol/70/HIGH_QUALITY_DISPLAY"/>
			<graphic mimeType="jpg" url="AM%20136%20fol/70/THUMBNAIL" width="200px" height="288px"/>
			<graphic mimeType="jpg" url="AM%20136%20fol/70/SECONDARY_DISPLAY" width="5152px" height="7414px"/>
			<graphic mimeType="pdf" url="AM%20136%20fol/70/WEB_DISPLAY"/>
		</surface>
		<surface xml:id="AM02-0136-0033r" n="71">
			<desc>0033r</desc>
			<graphic mimeType="pdf" url="AM%20136%20fol/71/HIGH_QUALITY_DISPLAY"/>
			<graphic mimeType="jpg" url="AM%20136%20fol/71/THUMBNAIL" width="200px" height="287px"/>
			<graphic mimeType="jpg" url="AM%20136%20fol/71/SECONDARY_DISPLAY" width="5152px" height="7405px"/>
			<graphic mimeType="pdf" url="AM%20136%20fol/71/WEB_DISPLAY"/>
		</surface>
		<surface xml:id="AM02-0136-0033v" n="72">
			<desc>0033v</desc>
			<graphic mimeType="pdf" url="AM%20136%20fol/72/HIGH_QUALITY_DISPLAY"/>
			<graphic mimeType="jpg" url="AM%20136%20fol/72/THUMBNAIL" width="200px" height="288px"/>
			<graphic mimeType="jpg" url="AM%20136%20fol/72/SECONDARY_DISPLAY" width="5152px" height="7414px"/>
			<graphic mimeType="pdf" url="AM%20136%20fol/72/WEB_DISPLAY"/>
		</surface>
		<surface xml:id="AM02-0136-0034r" n="73">
			<desc>0034r</desc>
			<graphic mimeType="pdf" url="AM%20136%20fol/73/HIGH_QUALITY_DISPLAY"/>
			<graphic mimeType="jpg" url="AM%20136%20fol/73/THUMBNAIL" width="200px" height="288px"/>
			<graphic mimeType="jpg" url="AM%20136%20fol/73/SECONDARY_DISPLAY" width="5152px" height="7414px"/>
			<graphic mimeType="pdf" url="AM%20136%20fol/73/WEB_DISPLAY"/>
		</surface>
		<surface xml:id="AM02-0136-0034v" n="74">
			<desc>0034v</desc>
			<graphic mimeType="pdf" url="AM%20136%20fol/74/HIGH_QUALITY_DISPLAY"/>
			<graphic mimeType="jpg" url="AM%20136%20fol/74/THUMBNAIL" width="200px" height="288px"/>
			<graphic mimeType="jpg" url="AM%20136%20fol/74/SECONDARY_DISPLAY" width="5152px" height="7414px"/>
			<graphic mimeType="pdf" url="AM%20136%20fol/74/WEB_DISPLAY"/>
		</surface>
		<surface xml:id="AM02-0136-0035r" n="75">
			<desc>0035r</desc>
			<graphic mimeType="pdf" url="AM%20136%20fol/75/HIGH_QUALITY_DISPLAY"/>
			<graphic mimeType="jpg" url="AM%20136%20fol/75/THUMBNAIL" width="200px" height="288px"/>
			<graphic mimeType="jpg" url="AM%20136%20fol/75/SECONDARY_DISPLAY" width="5152px" height="7414px"/>
			<graphic mimeType="pdf" url="AM%20136%20fol/75/WEB_DISPLAY"/>
		</surface>
		<surface xml:id="AM02-0136-0035v" n="76">
			<desc>0035v</desc>
			<graphic mimeType="pdf" url="AM%20136%20fol/76/HIGH_QUALITY_DISPLAY"/>
			<graphic mimeType="jpg" url="AM%20136%20fol/76/THUMBNAIL" width="200px" height="288px"/>
			<graphic mimeType="jpg" url="AM%20136%20fol/76/SECONDARY_DISPLAY" width="5152px" height="7414px"/>
			<graphic mimeType="pdf" url="AM%20136%20fol/76/WEB_DISPLAY"/>
		</surface>
		<surface xml:id="AM02-0136-0036r" n="77">
			<desc>0036r</desc>
			<graphic mimeType="pdf" url="AM%20136%20fol/77/HIGH_QUALITY_DISPLAY"/>
			<graphic mimeType="jpg" url="AM%20136%20fol/77/THUMBNAIL" width="200px" height="288px"/>
			<graphic mimeType="jpg" url="AM%20136%20fol/77/SECONDARY_DISPLAY" width="5152px" height="7414px"/>
			<graphic mimeType="pdf" url="AM%20136%20fol/77/WEB_DISPLAY"/>
		</surface>
		<surface xml:id="AM02-0136-0036v" n="78">
			<desc>0036v</desc>
			<graphic mimeType="pdf" url="AM%20136%20fol/78/HIGH_QUALITY_DISPLAY"/>
			<graphic mimeType="jpg" url="AM%20136%20fol/78/THUMBNAIL" width="200px" height="288px"/>
			<graphic mimeType="jpg" url="AM%20136%20fol/78/SECONDARY_DISPLAY" width="5152px" height="7414px"/>
			<graphic mimeType="pdf" url="AM%20136%20fol/78/WEB_DISPLAY"/>
		</surface>
		<surface xml:id="AM02-0136-0037r" n="79">
			<desc>0037r</desc>
			<graphic mimeType="pdf" url="AM%20136%20fol/79/HIGH_QUALITY_DISPLAY"/>
			<graphic mimeType="jpg" url="AM%20136%20fol/79/THUMBNAIL" width="200px" height="288px"/>
			<graphic mimeType="jpg" url="AM%20136%20fol/79/SECONDARY_DISPLAY" width="5152px" height="7414px"/>
			<graphic mimeType="pdf" url="AM%20136%20fol/79/WEB_DISPLAY"/>
		</surface>
		<surface xml:id="AM02-0136-0037v" n="80">
			<desc>0037v</desc>
			<graphic mimeType="pdf" url="AM%20136%20fol/80/HIGH_QUALITY_DISPLAY"/>
			<graphic mimeType="jpg" url="AM%20136%20fol/80/THUMBNAIL" width="200px" height="288px"/>
			<graphic mimeType="jpg" url="AM%20136%20fol/80/SECONDARY_DISPLAY" width="5152px" height="7414px"/>
			<graphic mimeType="pdf" url="AM%20136%20fol/80/WEB_DISPLAY"/>
		</surface>
		<surface xml:id="AM02-0136-0038r" n="81">
			<desc>0038r</desc>
			<graphic mimeType="pdf" url="AM%20136%20fol/81/HIGH_QUALITY_DISPLAY"/>
			<graphic mimeType="jpg" url="AM%20136%20fol/81/THUMBNAIL" width="200px" height="287px"/>
			<graphic mimeType="jpg" url="AM%20136%20fol/81/SECONDARY_DISPLAY" width="5162px" height="7424px"/>
			<graphic mimeType="pdf" url="AM%20136%20fol/81/WEB_DISPLAY"/>
		</surface>
		<surface xml:id="AM02-0136-0038v" n="82">
			<desc>0038v</desc>
			<graphic mimeType="pdf" url="AM%20136%20fol/82/HIGH_QUALITY_DISPLAY"/>
			<graphic mimeType="jpg" url="AM%20136%20fol/82/THUMBNAIL" width="200px" height="288px"/>
			<graphic mimeType="jpg" url="AM%20136%20fol/82/SECONDARY_DISPLAY" width="5152px" height="7414px"/>
			<graphic mimeType="pdf" url="AM%20136%20fol/82/WEB_DISPLAY"/>
		</surface>
		<surface xml:id="AM02-0136-0039r" n="83">
			<desc>0039r</desc>
			<graphic mimeType="pdf" url="AM%20136%20fol/83/HIGH_QUALITY_DISPLAY"/>
			<graphic mimeType="jpg" url="AM%20136%20fol/83/THUMBNAIL" width="200px" height="287px"/>
			<graphic mimeType="jpg" url="AM%20136%20fol/83/SECONDARY_DISPLAY" width="5162px" height="7424px"/>
			<graphic mimeType="pdf" url="AM%20136%20fol/83/WEB_DISPLAY"/>
		</surface>
		<surface xml:id="AM02-0136-0039v" n="84">
			<desc>0039v</desc>
			<graphic mimeType="pdf" url="AM%20136%20fol/84/HIGH_QUALITY_DISPLAY"/>
			<graphic mimeType="jpg" url="AM%20136%20fol/84/THUMBNAIL" width="200px" height="288px"/>
			<graphic mimeType="jpg" url="AM%20136%20fol/84/SECONDARY_DISPLAY" width="5152px" height="7414px"/>
			<graphic mimeType="pdf" url="AM%20136%20fol/84/WEB_DISPLAY"/>
		</surface>
		<surface xml:id="AM02-0136-0040r" n="85">
			<desc>0040r</desc>
			<graphic mimeType="pdf" url="AM%20136%20fol/85/HIGH_QUALITY_DISPLAY"/>
			<graphic mimeType="jpg" url="AM%20136%20fol/85/THUMBNAIL" width="200px" height="287px"/>
			<graphic mimeType="jpg" url="AM%20136%20fol/85/SECONDARY_DISPLAY" width="5162px" height="7424px"/>
			<graphic mimeType="pdf" url="AM%20136%20fol/85/WEB_DISPLAY"/>
		</surface>
		<surface xml:id="AM02-0136-0040v" n="86">
			<desc>0040v</desc>
			<graphic mimeType="pdf" url="AM%20136%20fol/86/HIGH_QUALITY_DISPLAY"/>
			<graphic mimeType="jpg" url="AM%20136%20fol/86/THUMBNAIL" width="200px" height="288px"/>
			<graphic mimeType="jpg" url="AM%20136%20fol/86/SECONDARY_DISPLAY" width="5152px" height="7414px"/>
			<graphic mimeType="pdf" url="AM%20136%20fol/86/WEB_DISPLAY"/>
		</surface>
		<surface xml:id="AM02-0136-0041r" n="87">
			<desc>0041r</desc>
			<graphic mimeType="pdf" url="AM%20136%20fol/87/HIGH_QUALITY_DISPLAY"/>
			<graphic mimeType="jpg" url="AM%20136%20fol/87/THUMBNAIL" width="200px" height="287px"/>
			<graphic mimeType="jpg" url="AM%20136%20fol/87/SECONDARY_DISPLAY" width="5162px" height="7424px"/>
			<graphic mimeType="pdf" url="AM%20136%20fol/87/WEB_DISPLAY"/>
		</surface>
		<surface xml:id="AM02-0136-0041v" n="88">
			<desc>0041v</desc>
			<graphic mimeType="pdf" url="AM%20136%20fol/88/HIGH_QUALITY_DISPLAY"/>
			<graphic mimeType="jpg" url="AM%20136%20fol/88/THUMBNAIL" width="200px" height="288px"/>
			<graphic mimeType="jpg" url="AM%20136%20fol/88/SECONDARY_DISPLAY" width="5152px" height="7414px"/>
			<graphic mimeType="pdf" url="AM%20136%20fol/88/WEB_DISPLAY"/>
		</surface>
		<surface xml:id="AM02-0136-0042r" n="89">
			<desc>0042r</desc>
			<graphic mimeType="pdf" url="AM%20136%20fol/89/HIGH_QUALITY_DISPLAY"/>
			<graphic mimeType="jpg" url="AM%20136%20fol/89/THUMBNAIL" width="200px" height="287px"/>
			<graphic mimeType="jpg" url="AM%20136%20fol/89/SECONDARY_DISPLAY" width="5162px" height="7424px"/>
			<graphic mimeType="pdf" url="AM%20136%20fol/89/WEB_DISPLAY"/>
		</surface>
		<surface xml:id="AM02-0136-0042v" n="90">
			<desc>0042v</desc>
			<graphic mimeType="pdf" url="AM%20136%20fol/90/HIGH_QUALITY_DISPLAY"/>
			<graphic mimeType="jpg" url="AM%20136%20fol/90/THUMBNAIL" width="200px" height="288px"/>
			<graphic mimeType="jpg" url="AM%20136%20fol/90/SECONDARY_DISPLAY" width="5152px" height="7414px"/>
			<graphic mimeType="pdf" url="AM%20136%20fol/90/WEB_DISPLAY"/>
		</surface>
		<surface xml:id="AM02-0136-0043r" n="91">
			<desc>0043r</desc>
			<graphic mimeType="pdf" url="AM%20136%20fol/91/HIGH_QUALITY_DISPLAY"/>
			<graphic mimeType="jpg" url="AM%20136%20fol/91/THUMBNAIL" width="200px" height="287px"/>
			<graphic mimeType="jpg" url="AM%20136%20fol/91/SECONDARY_DISPLAY" width="5162px" height="7424px"/>
			<graphic mimeType="pdf" url="AM%20136%20fol/91/WEB_DISPLAY"/>
		</surface>
		<surface xml:id="AM02-0136-0043v" n="92">
			<desc>0043v</desc>
			<graphic mimeType="pdf" url="AM%20136%20fol/92/HIGH_QUALITY_DISPLAY"/>
			<graphic mimeType="jpg" url="AM%20136%20fol/92/THUMBNAIL" width="200px" height="288px"/>
			<graphic mimeType="jpg" url="AM%20136%20fol/92/SECONDARY_DISPLAY" width="5152px" height="7414px"/>
			<graphic mimeType="pdf" url="AM%20136%20fol/92/WEB_DISPLAY"/>
		</surface>
		<surface xml:id="AM02-0136-0044r" n="93">
			<desc>0044r</desc>
			<graphic mimeType="pdf" url="AM%20136%20fol/93/HIGH_QUALITY_DISPLAY"/>
			<graphic mimeType="jpg" url="AM%20136%20fol/93/THUMBNAIL" width="200px" height="287px"/>
			<graphic mimeType="jpg" url="AM%20136%20fol/93/SECONDARY_DISPLAY" width="5162px" height="7424px"/>
			<graphic mimeType="pdf" url="AM%20136%20fol/93/WEB_DISPLAY"/>
		</surface>
		<surface xml:id="AM02-0136-0044v" n="94">
			<desc>0044v</desc>
			<graphic mimeType="pdf" url="AM%20136%20fol/94/HIGH_QUALITY_DISPLAY"/>
			<graphic mimeType="jpg" url="AM%20136%20fol/94/THUMBNAIL" width="200px" height="288px"/>
			<graphic mimeType="jpg" url="AM%20136%20fol/94/SECONDARY_DISPLAY" width="5152px" height="7414px"/>
			<graphic mimeType="pdf" url="AM%20136%20fol/94/WEB_DISPLAY"/>
		</surface>
		<surface xml:id="AM02-0136-0045r" n="95">
			<desc>0045r</desc>
			<graphic mimeType="pdf" url="AM%20136%20fol/95/HIGH_QUALITY_DISPLAY"/>
			<graphic mimeType="jpg" url="AM%20136%20fol/95/THUMBNAIL" width="200px" height="287px"/>
			<graphic mimeType="jpg" url="AM%20136%20fol/95/SECONDARY_DISPLAY" width="5162px" height="7424px"/>
			<graphic mimeType="pdf" url="AM%20136%20fol/95/WEB_DISPLAY"/>
		</surface>
		<surface xml:id="AM02-0136-0045v" n="96">
			<desc>0045v</desc>
			<graphic mimeType="pdf" url="AM%20136%20fol/96/HIGH_QUALITY_DISPLAY"/>
			<graphic mimeType="jpg" url="AM%20136%20fol/96/THUMBNAIL" width="200px" height="288px"/>
			<graphic mimeType="jpg" url="AM%20136%20fol/96/SECONDARY_DISPLAY" width="5152px" height="7414px"/>
			<graphic mimeType="pdf" url="AM%20136%20fol/96/WEB_DISPLAY"/>
		</surface>
		<surface xml:id="AM02-0136-0046r" n="97">
			<desc>0046r</desc>
			<graphic mimeType="pdf" url="AM%20136%20fol/97/HIGH_QUALITY_DISPLAY"/>
			<graphic mimeType="jpg" url="AM%20136%20fol/97/THUMBNAIL" width="200px" height="287px"/>
			<graphic mimeType="jpg" url="AM%20136%20fol/97/SECONDARY_DISPLAY" width="5162px" height="7414px"/>
			<graphic mimeType="pdf" url="AM%20136%20fol/97/WEB_DISPLAY"/>
		</surface>
		<surface xml:id="AM02-0136-0046v" n="98">
			<desc>0046v</desc>
			<graphic mimeType="pdf" url="AM%20136%20fol/98/HIGH_QUALITY_DISPLAY"/>
			<graphic mimeType="jpg" url="AM%20136%20fol/98/THUMBNAIL" width="200px" height="288px"/>
			<graphic mimeType="jpg" url="AM%20136%20fol/98/SECONDARY_DISPLAY" width="5152px" height="7414px"/>
			<graphic mimeType="pdf" url="AM%20136%20fol/98/WEB_DISPLAY"/>
		</surface>
		<surface xml:id="AM02-0136-0047r" n="99">
			<desc>0047r</desc>
			<graphic mimeType="pdf" url="AM%20136%20fol/99/HIGH_QUALITY_DISPLAY"/>
			<graphic mimeType="jpg" url="AM%20136%20fol/99/THUMBNAIL" width="200px" height="288px"/>
			<graphic mimeType="jpg" url="AM%20136%20fol/99/SECONDARY_DISPLAY" width="5152px" height="7434px"/>
			<graphic mimeType="pdf" url="AM%20136%20fol/99/WEB_DISPLAY"/>
		</surface>
		<surface xml:id="AM02-0136-0047v" n="100">
			<desc>0047v</desc>
			<graphic mimeType="pdf" url="AM%20136%20fol/100/HIGH_QUALITY_DISPLAY"/>
			<graphic mimeType="jpg" url="AM%20136%20fol/100/THUMBNAIL" width="200px" height="288px"/>
			<graphic mimeType="jpg" url="AM%20136%20fol/100/SECONDARY_DISPLAY" width="5152px" height="7414px"/>
			<graphic mimeType="pdf" url="AM%20136%20fol/100/WEB_DISPLAY"/>
		</surface>
		<surface xml:id="AM02-0136-0048r" n="101">
			<desc>0048r</desc>
			<graphic mimeType="pdf" url="AM%20136%20fol/101/HIGH_QUALITY_DISPLAY"/>
			<graphic mimeType="jpg" url="AM%20136%20fol/101/THUMBNAIL" width="200px" height="287px"/>
			<graphic mimeType="jpg" url="AM%20136%20fol/101/SECONDARY_DISPLAY" width="5162px" height="7414px"/>
			<graphic mimeType="pdf" url="AM%20136%20fol/101/WEB_DISPLAY"/>
		</surface>
		<surface xml:id="AM02-0136-0048v" n="102">
			<desc>0048v</desc>
			<graphic mimeType="pdf" url="AM%20136%20fol/102/HIGH_QUALITY_DISPLAY"/>
			<graphic mimeType="jpg" url="AM%20136%20fol/102/THUMBNAIL" width="200px" height="288px"/>
			<graphic mimeType="jpg" url="AM%20136%20fol/102/SECONDARY_DISPLAY" width="5152px" height="7414px"/>
			<graphic mimeType="pdf" url="AM%20136%20fol/102/WEB_DISPLAY"/>
		</surface>
		<surface xml:id="AM02-0136-0049r" n="103">
			<desc>0049r</desc>
			<graphic mimeType="pdf" url="AM%20136%20fol/103/HIGH_QUALITY_DISPLAY"/>
			<graphic mimeType="jpg" url="AM%20136%20fol/103/THUMBNAIL" width="200px" height="287px"/>
			<graphic mimeType="jpg" url="AM%20136%20fol/103/SECONDARY_DISPLAY" width="5162px" height="7414px"/>
			<graphic mimeType="pdf" url="AM%20136%20fol/103/WEB_DISPLAY"/>
		</surface>
		<surface xml:id="AM02-0136-0049v" n="104">
			<desc>0049v</desc>
			<graphic mimeType="pdf" url="AM%20136%20fol/104/HIGH_QUALITY_DISPLAY"/>
			<graphic mimeType="jpg" url="AM%20136%20fol/104/THUMBNAIL" width="200px" height="288px"/>
			<graphic mimeType="jpg" url="AM%20136%20fol/104/SECONDARY_DISPLAY" width="5152px" height="7414px"/>
			<graphic mimeType="pdf" url="AM%20136%20fol/104/WEB_DISPLAY"/>
		</surface>
		<surface xml:id="AM02-0136-0050r" n="105">
			<desc>0050r</desc>
			<graphic mimeType="pdf" url="AM%20136%20fol/105/HIGH_QUALITY_DISPLAY"/>
			<graphic mimeType="jpg" url="AM%20136%20fol/105/THUMBNAIL" width="200px" height="287px"/>
			<graphic mimeType="jpg" url="AM%20136%20fol/105/SECONDARY_DISPLAY" width="5162px" height="7414px"/>
			<graphic mimeType="pdf" url="AM%20136%20fol/105/WEB_DISPLAY"/>
		</surface>
		<surface xml:id="AM02-0136-0050v" n="106">
			<desc>0050v</desc>
			<graphic mimeType="pdf" url="AM%20136%20fol/106/HIGH_QUALITY_DISPLAY"/>
			<graphic mimeType="jpg" url="AM%20136%20fol/106/THUMBNAIL" width="200px" height="288px"/>
			<graphic mimeType="jpg" url="AM%20136%20fol/106/SECONDARY_DISPLAY" width="5152px" height="7414px"/>
			<graphic mimeType="pdf" url="AM%20136%20fol/106/WEB_DISPLAY"/>
		</surface>
		<surface xml:id="AM02-0136-0051r" n="107">
			<desc>0051r</desc>
			<graphic mimeType="pdf" url="AM%20136%20fol/107/HIGH_QUALITY_DISPLAY"/>
			<graphic mimeType="jpg" url="AM%20136%20fol/107/THUMBNAIL" width="200px" height="287px"/>
			<graphic mimeType="jpg" url="AM%20136%20fol/107/SECONDARY_DISPLAY" width="5162px" height="7414px"/>
			<graphic mimeType="pdf" url="AM%20136%20fol/107/WEB_DISPLAY"/>
		</surface>
		<surface xml:id="AM02-0136-0051v" n="108">
			<desc>0051v</desc>
			<graphic mimeType="pdf" url="AM%20136%20fol/108/HIGH_QUALITY_DISPLAY"/>
			<graphic mimeType="jpg" url="AM%20136%20fol/108/THUMBNAIL" width="200px" height="288px"/>
			<graphic mimeType="jpg" url="AM%20136%20fol/108/SECONDARY_DISPLAY" width="5152px" height="7414px"/>
			<graphic mimeType="pdf" url="AM%20136%20fol/108/WEB_DISPLAY"/>
		</surface>
		<surface xml:id="AM02-0136-0052r" n="109">
			<desc>0052r</desc>
			<graphic mimeType="pdf" url="AM%20136%20fol/109/HIGH_QUALITY_DISPLAY"/>
			<graphic mimeType="jpg" url="AM%20136%20fol/109/THUMBNAIL" width="200px" height="287px"/>
			<graphic mimeType="jpg" url="AM%20136%20fol/109/SECONDARY_DISPLAY" width="5162px" height="7414px"/>
			<graphic mimeType="pdf" url="AM%20136%20fol/109/WEB_DISPLAY"/>
		</surface>
		<surface xml:id="AM02-0136-0052v" n="110">
			<desc>0052v</desc>
			<graphic mimeType="pdf" url="AM%20136%20fol/110/HIGH_QUALITY_DISPLAY"/>
			<graphic mimeType="jpg" url="AM%20136%20fol/110/THUMBNAIL" width="200px" height="288px"/>
			<graphic mimeType="jpg" url="AM%20136%20fol/110/SECONDARY_DISPLAY" width="5152px" height="7414px"/>
			<graphic mimeType="pdf" url="AM%20136%20fol/110/WEB_DISPLAY"/>
		</surface>
		<surface xml:id="AM02-0136-0053r" n="111">
			<desc>0053r</desc>
			<graphic mimeType="pdf" url="AM%20136%20fol/111/HIGH_QUALITY_DISPLAY"/>
			<graphic mimeType="jpg" url="AM%20136%20fol/111/THUMBNAIL" width="200px" height="287px"/>
			<graphic mimeType="jpg" url="AM%20136%20fol/111/SECONDARY_DISPLAY" width="5162px" height="7414px"/>
			<graphic mimeType="pdf" url="AM%20136%20fol/111/WEB_DISPLAY"/>
		</surface>
		<surface xml:id="AM02-0136-0053v" n="112">
			<desc>0053v</desc>
			<graphic mimeType="pdf" url="AM%20136%20fol/112/HIGH_QUALITY_DISPLAY"/>
			<graphic mimeType="jpg" url="AM%20136%20fol/112/THUMBNAIL" width="200px" height="288px"/>
			<graphic mimeType="jpg" url="AM%20136%20fol/112/SECONDARY_DISPLAY" width="5152px" height="7414px"/>
			<graphic mimeType="pdf" url="AM%20136%20fol/112/WEB_DISPLAY"/>
		</surface>
		<surface xml:id="AM02-0136-0054r" n="113">
			<desc>0054r</desc>
			<graphic mimeType="pdf" url="AM%20136%20fol/113/HIGH_QUALITY_DISPLAY"/>
			<graphic mimeType="jpg" url="AM%20136%20fol/113/THUMBNAIL" width="200px" height="287px"/>
			<graphic mimeType="jpg" url="AM%20136%20fol/113/SECONDARY_DISPLAY" width="5162px" height="7414px"/>
			<graphic mimeType="pdf" url="AM%20136%20fol/113/WEB_DISPLAY"/>
		</surface>
		<surface xml:id="AM02-0136-0054v" n="114">
			<desc>0054v</desc>
			<graphic mimeType="pdf" url="AM%20136%20fol/114/HIGH_QUALITY_DISPLAY"/>
			<graphic mimeType="jpg" url="AM%20136%20fol/114/THUMBNAIL" width="200px" height="288px"/>
			<graphic mimeType="jpg" url="AM%20136%20fol/114/SECONDARY_DISPLAY" width="5152px" height="7414px"/>
			<graphic mimeType="pdf" url="AM%20136%20fol/114/WEB_DISPLAY"/>
		</surface>
		<surface xml:id="AM02-0136-0055r" n="115">
			<desc>0055r</desc>
			<graphic mimeType="pdf" url="AM%20136%20fol/115/HIGH_QUALITY_DISPLAY"/>
			<graphic mimeType="jpg" url="AM%20136%20fol/115/THUMBNAIL" width="200px" height="287px"/>
			<graphic mimeType="jpg" url="AM%20136%20fol/115/SECONDARY_DISPLAY" width="5162px" height="7414px"/>
			<graphic mimeType="pdf" url="AM%20136%20fol/115/WEB_DISPLAY"/>
		</surface>
		<surface xml:id="AM02-0136-0055v" n="116">
			<desc>0055v</desc>
			<graphic mimeType="pdf" url="AM%20136%20fol/116/HIGH_QUALITY_DISPLAY"/>
			<graphic mimeType="jpg" url="AM%20136%20fol/116/THUMBNAIL" width="200px" height="288px"/>
			<graphic mimeType="jpg" url="AM%20136%20fol/116/SECONDARY_DISPLAY" width="5152px" height="7414px"/>
			<graphic mimeType="pdf" url="AM%20136%20fol/116/WEB_DISPLAY"/>
		</surface>
		<surface xml:id="AM02-0136-0056r" n="117">
			<desc>0056r</desc>
			<graphic mimeType="pdf" url="AM%20136%20fol/117/HIGH_QUALITY_DISPLAY"/>
			<graphic mimeType="jpg" url="AM%20136%20fol/117/THUMBNAIL" width="200px" height="287px"/>
			<graphic mimeType="jpg" url="AM%20136%20fol/117/SECONDARY_DISPLAY" width="5162px" height="7414px"/>
			<graphic mimeType="pdf" url="AM%20136%20fol/117/WEB_DISPLAY"/>
		</surface>
		<surface xml:id="AM02-0136-0056v" n="118">
			<desc>0056v</desc>
			<graphic mimeType="pdf" url="AM%20136%20fol/118/HIGH_QUALITY_DISPLAY"/>
			<graphic mimeType="jpg" url="AM%20136%20fol/118/THUMBNAIL" width="200px" height="288px"/>
			<graphic mimeType="jpg" url="AM%20136%20fol/118/SECONDARY_DISPLAY" width="5152px" height="7414px"/>
			<graphic mimeType="pdf" url="AM%20136%20fol/118/WEB_DISPLAY"/>
		</surface>
		<surface xml:id="AM02-0136-0057r" n="119">
			<desc>0057r</desc>
			<graphic mimeType="pdf" url="AM%20136%20fol/119/HIGH_QUALITY_DISPLAY"/>
			<graphic mimeType="jpg" url="AM%20136%20fol/119/THUMBNAIL" width="200px" height="287px"/>
			<graphic mimeType="jpg" url="AM%20136%20fol/119/SECONDARY_DISPLAY" width="5162px" height="7414px"/>
			<graphic mimeType="pdf" url="AM%20136%20fol/119/WEB_DISPLAY"/>
		</surface>
		<surface xml:id="AM02-0136-0057v" n="120">
			<desc>0057v</desc>
			<graphic mimeType="pdf" url="AM%20136%20fol/120/HIGH_QUALITY_DISPLAY"/>
			<graphic mimeType="jpg" url="AM%20136%20fol/120/THUMBNAIL" width="200px" height="288px"/>
			<graphic mimeType="jpg" url="AM%20136%20fol/120/SECONDARY_DISPLAY" width="5152px" height="7414px"/>
			<graphic mimeType="pdf" url="AM%20136%20fol/120/WEB_DISPLAY"/>
		</surface>
		<surface xml:id="AM02-0136-0058r" n="121">
			<desc>0058r</desc>
			<graphic mimeType="pdf" url="AM%20136%20fol/121/HIGH_QUALITY_DISPLAY"/>
			<graphic mimeType="jpg" url="AM%20136%20fol/121/THUMBNAIL" width="200px" height="287px"/>
			<graphic mimeType="jpg" url="AM%20136%20fol/121/SECONDARY_DISPLAY" width="5162px" height="7414px"/>
			<graphic mimeType="pdf" url="AM%20136%20fol/121/WEB_DISPLAY"/>
		</surface>
		<surface xml:id="AM02-0136-0058v" n="122">
			<desc>0058v</desc>
			<graphic mimeType="pdf" url="AM%20136%20fol/122/HIGH_QUALITY_DISPLAY"/>
			<graphic mimeType="jpg" url="AM%20136%20fol/122/THUMBNAIL" width="200px" height="288px"/>
			<graphic mimeType="jpg" url="AM%20136%20fol/122/SECONDARY_DISPLAY" width="5152px" height="7414px"/>
			<graphic mimeType="pdf" url="AM%20136%20fol/122/WEB_DISPLAY"/>
		</surface>
		<surface xml:id="AM02-0136-0059r" n="123">
			<desc>0059r</desc>
			<graphic mimeType="pdf" url="AM%20136%20fol/123/HIGH_QUALITY_DISPLAY"/>
			<graphic mimeType="jpg" url="AM%20136%20fol/123/THUMBNAIL" width="200px" height="287px"/>
			<graphic mimeType="jpg" url="AM%20136%20fol/123/SECONDARY_DISPLAY" width="5162px" height="7414px"/>
			<graphic mimeType="pdf" url="AM%20136%20fol/123/WEB_DISPLAY"/>
		</surface>
		<surface xml:id="AM02-0136-0059v" n="124">
			<desc>0059v</desc>
			<graphic mimeType="pdf" url="AM%20136%20fol/124/HIGH_QUALITY_DISPLAY"/>
			<graphic mimeType="jpg" url="AM%20136%20fol/124/THUMBNAIL" width="200px" height="288px"/>
			<graphic mimeType="jpg" url="AM%20136%20fol/124/SECONDARY_DISPLAY" width="5152px" height="7414px"/>
			<graphic mimeType="pdf" url="AM%20136%20fol/124/WEB_DISPLAY"/>
		</surface>
		<surface xml:id="AM02-0136-0060r" n="125">
			<desc>0060r</desc>
			<graphic mimeType="pdf" url="AM%20136%20fol/125/HIGH_QUALITY_DISPLAY"/>
			<graphic mimeType="jpg" url="AM%20136%20fol/125/THUMBNAIL" width="200px" height="287px"/>
			<graphic mimeType="jpg" url="AM%20136%20fol/125/SECONDARY_DISPLAY" width="5162px" height="7414px"/>
			<graphic mimeType="pdf" url="AM%20136%20fol/125/WEB_DISPLAY"/>
		</surface>
		<surface xml:id="AM02-0136-0060v" n="126">
			<desc>0060v</desc>
			<graphic mimeType="pdf" url="AM%20136%20fol/126/HIGH_QUALITY_DISPLAY"/>
			<graphic mimeType="jpg" url="AM%20136%20fol/126/THUMBNAIL" width="200px" height="288px"/>
			<graphic mimeType="jpg" url="AM%20136%20fol/126/SECONDARY_DISPLAY" width="5152px" height="7414px"/>
			<graphic mimeType="pdf" url="AM%20136%20fol/126/WEB_DISPLAY"/>
		</surface>
		<surface xml:id="AM02-0136-0061r" n="127">
			<desc>0061r</desc>
			<graphic mimeType="pdf" url="AM%20136%20fol/127/HIGH_QUALITY_DISPLAY"/>
			<graphic mimeType="jpg" url="AM%20136%20fol/127/THUMBNAIL" width="200px" height="287px"/>
			<graphic mimeType="jpg" url="AM%20136%20fol/127/SECONDARY_DISPLAY" width="5162px" height="7414px"/>
			<graphic mimeType="pdf" url="AM%20136%20fol/127/WEB_DISPLAY"/>
		</surface>
		<surface xml:id="AM02-0136-0061v" n="128">
			<desc>0061v</desc>
			<graphic mimeType="pdf" url="AM%20136%20fol/128/HIGH_QUALITY_DISPLAY"/>
			<graphic mimeType="jpg" url="AM%20136%20fol/128/THUMBNAIL" width="200px" height="288px"/>
			<graphic mimeType="jpg" url="AM%20136%20fol/128/SECONDARY_DISPLAY" width="5152px" height="7414px"/>
			<graphic mimeType="pdf" url="AM%20136%20fol/128/WEB_DISPLAY"/>
		</surface>
		<surface xml:id="AM02-0136-0062r" n="129">
			<desc>0062r</desc>
			<graphic mimeType="pdf" url="AM%20136%20fol/129/HIGH_QUALITY_DISPLAY"/>
			<graphic mimeType="jpg" url="AM%20136%20fol/129/THUMBNAIL" width="200px" height="287px"/>
			<graphic mimeType="jpg" url="AM%20136%20fol/129/SECONDARY_DISPLAY" width="5162px" height="7414px"/>
			<graphic mimeType="pdf" url="AM%20136%20fol/129/WEB_DISPLAY"/>
		</surface>
		<surface xml:id="AM02-0136-0062v" n="130">
			<desc>0062v</desc>
			<graphic mimeType="pdf" url="AM%20136%20fol/130/HIGH_QUALITY_DISPLAY"/>
			<graphic mimeType="jpg" url="AM%20136%20fol/130/THUMBNAIL" width="200px" height="287px"/>
			<graphic mimeType="jpg" url="AM%20136%20fol/130/SECONDARY_DISPLAY" width="5162px" height="7424px"/>
			<graphic mimeType="pdf" url="AM%20136%20fol/130/WEB_DISPLAY"/>
		</surface>
		<surface xml:id="AM02-0136-0063r" n="131">
			<desc>0063r</desc>
			<graphic mimeType="pdf" url="AM%20136%20fol/131/HIGH_QUALITY_DISPLAY"/>
			<graphic mimeType="jpg" url="AM%20136%20fol/131/THUMBNAIL" width="200px" height="287px"/>
			<graphic mimeType="jpg" url="AM%20136%20fol/131/SECONDARY_DISPLAY" width="5162px" height="7414px"/>
			<graphic mimeType="pdf" url="AM%20136%20fol/131/WEB_DISPLAY"/>
		</surface>
		<surface xml:id="AM02-0136-0063v" n="132">
			<desc>0063v</desc>
			<graphic mimeType="pdf" url="AM%20136%20fol/132/HIGH_QUALITY_DISPLAY"/>
			<graphic mimeType="jpg" url="AM%20136%20fol/132/THUMBNAIL" width="200px" height="287px"/>
			<graphic mimeType="jpg" url="AM%20136%20fol/132/SECONDARY_DISPLAY" width="5162px" height="7424px"/>
			<graphic mimeType="pdf" url="AM%20136%20fol/132/WEB_DISPLAY"/>
		</surface>
		<surface xml:id="AM02-0136-0064r" n="133">
			<desc>0064r</desc>
			<graphic mimeType="pdf" url="AM%20136%20fol/133/HIGH_QUALITY_DISPLAY"/>
			<graphic mimeType="jpg" url="AM%20136%20fol/133/THUMBNAIL" width="200px" height="288px"/>
			<graphic mimeType="jpg" url="AM%20136%20fol/133/SECONDARY_DISPLAY" width="5152px" height="7414px"/>
			<graphic mimeType="pdf" url="AM%20136%20fol/133/WEB_DISPLAY"/>
		</surface>
		<surface xml:id="AM02-0136-0064v" n="134">
			<desc>0064v</desc>
			<graphic mimeType="pdf" url="AM%20136%20fol/134/HIGH_QUALITY_DISPLAY"/>
			<graphic mimeType="jpg" url="AM%20136%20fol/134/THUMBNAIL" width="199px" height="300px"/>
			<graphic mimeType="jpg" url="AM%20136%20fol/134/SECONDARY_DISPLAY" width="4604px" height="6925px"/>
			<graphic mimeType="pdf" url="AM%20136%20fol/134/WEB_DISPLAY"/>
		</surface>
		<surface xml:id="AM02-0136-0065r" n="135">
			<desc>0065r</desc>
			<graphic mimeType="pdf" url="AM%20136%20fol/135/HIGH_QUALITY_DISPLAY"/>
			<graphic mimeType="jpg" url="AM%20136%20fol/135/THUMBNAIL" width="198px" height="300px"/>
			<graphic mimeType="jpg" url="AM%20136%20fol/135/SECONDARY_DISPLAY" width="3528px" height="5347px"/>
			<graphic mimeType="pdf" url="AM%20136%20fol/135/WEB_DISPLAY"/>
		</surface>
		<surface xml:id="AM02-0136-0065v" n="136">
			<desc>0065v</desc>
			<graphic mimeType="pdf" url="AM%20136%20fol/136/HIGH_QUALITY_DISPLAY"/>
			<graphic mimeType="jpg" url="AM%20136%20fol/136/THUMBNAIL" width="200px" height="287px"/>
			<graphic mimeType="jpg" url="AM%20136%20fol/136/SECONDARY_DISPLAY" width="5162px" height="7424px"/>
			<graphic mimeType="pdf" url="AM%20136%20fol/136/WEB_DISPLAY"/>
		</surface>
		<surface xml:id="AM02-0136-0066r" n="137">
			<desc>0066r</desc>
			<graphic mimeType="pdf" url="AM%20136%20fol/137/HIGH_QUALITY_DISPLAY"/>
			<graphic mimeType="jpg" url="AM%20136%20fol/137/THUMBNAIL" width="200px" height="288px"/>
			<graphic mimeType="jpg" url="AM%20136%20fol/137/SECONDARY_DISPLAY" width="5152px" height="7414px"/>
			<graphic mimeType="pdf" url="AM%20136%20fol/137/WEB_DISPLAY"/>
		</surface>
		<surface xml:id="AM02-0136-0066v" n="138">
			<desc>0066v</desc>
			<graphic mimeType="pdf" url="AM%20136%20fol/138/HIGH_QUALITY_DISPLAY"/>
			<graphic mimeType="jpg" url="AM%20136%20fol/138/THUMBNAIL" width="200px" height="287px"/>
			<graphic mimeType="jpg" url="AM%20136%20fol/138/SECONDARY_DISPLAY" width="5162px" height="7424px"/>
			<graphic mimeType="pdf" url="AM%20136%20fol/138/WEB_DISPLAY"/>
		</surface>
		<surface xml:id="AM02-0136-0067r" n="139">
			<desc>0067r</desc>
			<graphic mimeType="pdf" url="AM%20136%20fol/139/HIGH_QUALITY_DISPLAY"/>
			<graphic mimeType="jpg" url="AM%20136%20fol/139/THUMBNAIL" width="200px" height="288px"/>
			<graphic mimeType="jpg" url="AM%20136%20fol/139/SECONDARY_DISPLAY" width="5152px" height="7414px"/>
			<graphic mimeType="pdf" url="AM%20136%20fol/139/WEB_DISPLAY"/>
		</surface>
		<surface xml:id="AM02-0136-0067v" n="140">
			<desc>0067v</desc>
			<graphic mimeType="pdf" url="AM%20136%20fol/140/HIGH_QUALITY_DISPLAY"/>
			<graphic mimeType="jpg" url="AM%20136%20fol/140/THUMBNAIL" width="200px" height="287px"/>
			<graphic mimeType="jpg" url="AM%20136%20fol/140/SECONDARY_DISPLAY" width="5162px" height="7424px"/>
			<graphic mimeType="pdf" url="AM%20136%20fol/140/WEB_DISPLAY"/>
		</surface>
		<surface xml:id="AM02-0136-0068r" n="141">
			<desc>0068r</desc>
			<graphic mimeType="pdf" url="AM%20136%20fol/141/HIGH_QUALITY_DISPLAY"/>
			<graphic mimeType="jpg" url="AM%20136%20fol/141/THUMBNAIL" width="200px" height="288px"/>
			<graphic mimeType="jpg" url="AM%20136%20fol/141/SECONDARY_DISPLAY" width="5152px" height="7414px"/>
			<graphic mimeType="pdf" url="AM%20136%20fol/141/WEB_DISPLAY"/>
		</surface>
		<surface xml:id="AM02-0136-0068v" n="142">
			<desc>0068v</desc>
			<graphic mimeType="pdf" url="AM%20136%20fol/142/HIGH_QUALITY_DISPLAY"/>
			<graphic mimeType="jpg" url="AM%20136%20fol/142/THUMBNAIL" width="200px" height="287px"/>
			<graphic mimeType="jpg" url="AM%20136%20fol/142/SECONDARY_DISPLAY" width="5162px" height="7424px"/>
			<graphic mimeType="pdf" url="AM%20136%20fol/142/WEB_DISPLAY"/>
		</surface>
		<surface xml:id="AM02-0136-0069r" n="143">
			<desc>0069r</desc>
			<graphic mimeType="pdf" url="AM%20136%20fol/143/HIGH_QUALITY_DISPLAY"/>
			<graphic mimeType="jpg" url="AM%20136%20fol/143/THUMBNAIL" width="200px" height="288px"/>
			<graphic mimeType="jpg" url="AM%20136%20fol/143/SECONDARY_DISPLAY" width="5152px" height="7414px"/>
			<graphic mimeType="pdf" url="AM%20136%20fol/143/WEB_DISPLAY"/>
		</surface>
		<surface xml:id="AM02-0136-0069v" n="144">
			<desc>0069v</desc>
			<graphic mimeType="pdf" url="AM%20136%20fol/144/HIGH_QUALITY_DISPLAY"/>
			<graphic mimeType="jpg" url="AM%20136%20fol/144/THUMBNAIL" width="200px" height="287px"/>
			<graphic mimeType="jpg" url="AM%20136%20fol/144/SECONDARY_DISPLAY" width="5162px" height="7424px"/>
			<graphic mimeType="pdf" url="AM%20136%20fol/144/WEB_DISPLAY"/>
		</surface>
		<surface xml:id="AM02-0136-0070r" n="145">
			<desc>0070r</desc>
			<graphic mimeType="pdf" url="AM%20136%20fol/145/HIGH_QUALITY_DISPLAY"/>
			<graphic mimeType="jpg" url="AM%20136%20fol/145/THUMBNAIL" width="200px" height="288px"/>
			<graphic mimeType="jpg" url="AM%20136%20fol/145/SECONDARY_DISPLAY" width="5152px" height="7414px"/>
			<graphic mimeType="pdf" url="AM%20136%20fol/145/WEB_DISPLAY"/>
		</surface>
		<surface xml:id="AM02-0136-0070v" n="146">
			<desc>0070v</desc>
			<graphic mimeType="pdf" url="AM%20136%20fol/146/HIGH_QUALITY_DISPLAY"/>
			<graphic mimeType="jpg" url="AM%20136%20fol/146/THUMBNAIL" width="200px" height="287px"/>
			<graphic mimeType="jpg" url="AM%20136%20fol/146/SECONDARY_DISPLAY" width="5162px" height="7424px"/>
			<graphic mimeType="pdf" url="AM%20136%20fol/146/WEB_DISPLAY"/>
		</surface>
		<surface xml:id="AM02-0136-0071r" n="147">
			<desc>0071r</desc>
			<graphic mimeType="pdf" url="AM%20136%20fol/147/HIGH_QUALITY_DISPLAY"/>
			<graphic mimeType="jpg" url="AM%20136%20fol/147/THUMBNAIL" width="200px" height="288px"/>
			<graphic mimeType="jpg" url="AM%20136%20fol/147/SECONDARY_DISPLAY" width="5152px" height="7414px"/>
			<graphic mimeType="pdf" url="AM%20136%20fol/147/WEB_DISPLAY"/>
		</surface>
		<surface xml:id="AM02-0136-0071v" n="148">
			<desc>0071v</desc>
			<graphic mimeType="pdf" url="AM%20136%20fol/148/HIGH_QUALITY_DISPLAY"/>
			<graphic mimeType="jpg" url="AM%20136%20fol/148/THUMBNAIL" width="200px" height="287px"/>
			<graphic mimeType="jpg" url="AM%20136%20fol/148/SECONDARY_DISPLAY" width="5162px" height="7424px"/>
			<graphic mimeType="pdf" url="AM%20136%20fol/148/WEB_DISPLAY"/>
		</surface>
		<surface xml:id="AM02-0136-0072r" n="149">
			<desc>0072r</desc>
			<graphic mimeType="pdf" url="AM%20136%20fol/149/HIGH_QUALITY_DISPLAY"/>
			<graphic mimeType="jpg" url="AM%20136%20fol/149/THUMBNAIL" width="200px" height="288px"/>
			<graphic mimeType="jpg" url="AM%20136%20fol/149/SECONDARY_DISPLAY" width="5152px" height="7414px"/>
			<graphic mimeType="pdf" url="AM%20136%20fol/149/WEB_DISPLAY"/>
		</surface>
		<surface xml:id="AM02-0136-0072v" n="150">
			<desc>0072v</desc>
			<graphic mimeType="pdf" url="AM%20136%20fol/150/HIGH_QUALITY_DISPLAY"/>
			<graphic mimeType="jpg" url="AM%20136%20fol/150/THUMBNAIL" width="200px" height="287px"/>
			<graphic mimeType="jpg" url="AM%20136%20fol/150/SECONDARY_DISPLAY" width="5162px" height="7424px"/>
			<graphic mimeType="pdf" url="AM%20136%20fol/150/WEB_DISPLAY"/>
		</surface>
		<surface xml:id="AM02-0136-0073r" n="151">
			<desc>0073r</desc>
			<graphic mimeType="pdf" url="AM%20136%20fol/151/HIGH_QUALITY_DISPLAY"/>
			<graphic mimeType="jpg" url="AM%20136%20fol/151/THUMBNAIL" width="200px" height="288px"/>
			<graphic mimeType="jpg" url="AM%20136%20fol/151/SECONDARY_DISPLAY" width="5152px" height="7414px"/>
			<graphic mimeType="pdf" url="AM%20136%20fol/151/WEB_DISPLAY"/>
		</surface>
		<surface xml:id="AM02-0136-0073v" n="152">
			<desc>0073v</desc>
			<graphic mimeType="pdf" url="AM%20136%20fol/152/HIGH_QUALITY_DISPLAY"/>
			<graphic mimeType="jpg" url="AM%20136%20fol/152/THUMBNAIL" width="200px" height="287px"/>
			<graphic mimeType="jpg" url="AM%20136%20fol/152/SECONDARY_DISPLAY" width="5162px" height="7424px"/>
			<graphic mimeType="pdf" url="AM%20136%20fol/152/WEB_DISPLAY"/>
		</surface>
		<surface xml:id="AM02-0136-0074r" n="153">
			<desc>0074r</desc>
			<graphic mimeType="pdf" url="AM%20136%20fol/153/HIGH_QUALITY_DISPLAY"/>
			<graphic mimeType="jpg" url="AM%20136%20fol/153/THUMBNAIL" width="200px" height="288px"/>
			<graphic mimeType="jpg" url="AM%20136%20fol/153/SECONDARY_DISPLAY" width="5152px" height="7414px"/>
			<graphic mimeType="pdf" url="AM%20136%20fol/153/WEB_DISPLAY"/>
		</surface>
		<surface xml:id="AM02-0136-0074v" n="154">
			<desc>0074v</desc>
			<graphic mimeType="pdf" url="AM%20136%20fol/154/HIGH_QUALITY_DISPLAY"/>
			<graphic mimeType="jpg" url="AM%20136%20fol/154/THUMBNAIL" width="200px" height="287px"/>
			<graphic mimeType="jpg" url="AM%20136%20fol/154/SECONDARY_DISPLAY" width="5162px" height="7424px"/>
			<graphic mimeType="pdf" url="AM%20136%20fol/154/WEB_DISPLAY"/>
		</surface>
		<surface xml:id="AM02-0136-0075r" n="155">
			<desc>0075r</desc>
			<graphic mimeType="pdf" url="AM%20136%20fol/155/HIGH_QUALITY_DISPLAY"/>
			<graphic mimeType="jpg" url="AM%20136%20fol/155/THUMBNAIL" width="200px" height="288px"/>
			<graphic mimeType="jpg" url="AM%20136%20fol/155/SECONDARY_DISPLAY" width="5152px" height="7414px"/>
			<graphic mimeType="pdf" url="AM%20136%20fol/155/WEB_DISPLAY"/>
		</surface>
		<surface xml:id="AM02-0136-0075v" n="156">
			<desc>0075v</desc>
			<graphic mimeType="pdf" url="AM%20136%20fol/156/HIGH_QUALITY_DISPLAY"/>
			<graphic mimeType="jpg" url="AM%20136%20fol/156/THUMBNAIL" width="200px" height="287px"/>
			<graphic mimeType="jpg" url="AM%20136%20fol/156/SECONDARY_DISPLAY" width="5162px" height="7424px"/>
			<graphic mimeType="pdf" url="AM%20136%20fol/156/WEB_DISPLAY"/>
		</surface>
		<surface xml:id="AM02-0136-0076r" n="157">
			<desc>0076r</desc>
			<graphic mimeType="pdf" url="AM%20136%20fol/157/HIGH_QUALITY_DISPLAY"/>
			<graphic mimeType="jpg" url="AM%20136%20fol/157/THUMBNAIL" width="200px" height="288px"/>
			<graphic mimeType="jpg" url="AM%20136%20fol/157/SECONDARY_DISPLAY" width="5152px" height="7414px"/>
			<graphic mimeType="pdf" url="AM%20136%20fol/157/WEB_DISPLAY"/>
		</surface>
		<surface xml:id="AM02-0136-0076v" n="158">
			<desc>0076v</desc>
			<graphic mimeType="pdf" url="AM%20136%20fol/158/HIGH_QUALITY_DISPLAY"/>
			<graphic mimeType="jpg" url="AM%20136%20fol/158/THUMBNAIL" width="200px" height="287px"/>
			<graphic mimeType="jpg" url="AM%20136%20fol/158/SECONDARY_DISPLAY" width="5162px" height="7424px"/>
			<graphic mimeType="pdf" url="AM%20136%20fol/158/WEB_DISPLAY"/>
		</surface>
		<surface xml:id="AM02-0136-0077r" n="159">
			<desc>0077r</desc>
			<graphic mimeType="pdf" url="AM%20136%20fol/159/HIGH_QUALITY_DISPLAY"/>
			<graphic mimeType="jpg" url="AM%20136%20fol/159/THUMBNAIL" width="199px" height="300px"/>
			<graphic mimeType="jpg" url="AM%20136%20fol/159/SECONDARY_DISPLAY" width="4623px" height="6973px"/>
			<graphic mimeType="pdf" url="AM%20136%20fol/159/WEB_DISPLAY"/>
		</surface>
		<surface xml:id="AM02-0136-0077v" n="160">
			<desc>0077v</desc>
			<graphic mimeType="pdf" url="AM%20136%20fol/160/HIGH_QUALITY_DISPLAY"/>
			<graphic mimeType="jpg" url="AM%20136%20fol/160/THUMBNAIL" width="200px" height="287px"/>
			<graphic mimeType="jpg" url="AM%20136%20fol/160/SECONDARY_DISPLAY" width="5162px" height="7424px"/>
			<graphic mimeType="pdf" url="AM%20136%20fol/160/WEB_DISPLAY"/>
		</surface>
		<surface xml:id="AM02-0136-0078r" n="161">
			<desc>0078r</desc>
			<graphic mimeType="pdf" url="AM%20136%20fol/161/HIGH_QUALITY_DISPLAY"/>
			<graphic mimeType="jpg" url="AM%20136%20fol/161/THUMBNAIL" width="200px" height="288px"/>
			<graphic mimeType="jpg" url="AM%20136%20fol/161/SECONDARY_DISPLAY" width="5152px" height="7414px"/>
			<graphic mimeType="pdf" url="AM%20136%20fol/161/WEB_DISPLAY"/>
		</surface>
		<surface xml:id="AM02-0136-0078v" n="162">
			<desc>0078v</desc>
			<graphic mimeType="pdf" url="AM%20136%20fol/162/HIGH_QUALITY_DISPLAY"/>
			<graphic mimeType="jpg" url="AM%20136%20fol/162/THUMBNAIL" width="200px" height="287px"/>
			<graphic mimeType="jpg" url="AM%20136%20fol/162/SECONDARY_DISPLAY" width="5162px" height="7424px"/>
			<graphic mimeType="pdf" url="AM%20136%20fol/162/WEB_DISPLAY"/>
		</surface>
		<surface xml:id="AM02-0136-0079r" n="163">
			<desc>0079r</desc>
			<graphic mimeType="pdf" url="AM%20136%20fol/163/HIGH_QUALITY_DISPLAY"/>
			<graphic mimeType="jpg" url="AM%20136%20fol/163/THUMBNAIL" width="200px" height="288px"/>
			<graphic mimeType="jpg" url="AM%20136%20fol/163/SECONDARY_DISPLAY" width="5152px" height="7414px"/>
			<graphic mimeType="pdf" url="AM%20136%20fol/163/WEB_DISPLAY"/>
		</surface>
		<surface xml:id="AM02-0136-0079v" n="164">
			<desc>0079v</desc>
			<graphic mimeType="pdf" url="AM%20136%20fol/164/HIGH_QUALITY_DISPLAY"/>
			<graphic mimeType="jpg" url="AM%20136%20fol/164/THUMBNAIL" width="200px" height="287px"/>
			<graphic mimeType="jpg" url="AM%20136%20fol/164/SECONDARY_DISPLAY" width="5162px" height="7424px"/>
			<graphic mimeType="pdf" url="AM%20136%20fol/164/WEB_DISPLAY"/>
		</surface>
		<surface xml:id="AM02-0136-0080r" n="165">
			<desc>0080r</desc>
			<graphic mimeType="pdf" url="AM%20136%20fol/165/HIGH_QUALITY_DISPLAY"/>
			<graphic mimeType="jpg" url="AM%20136%20fol/165/THUMBNAIL" width="200px" height="288px"/>
			<graphic mimeType="jpg" url="AM%20136%20fol/165/SECONDARY_DISPLAY" width="5152px" height="7414px"/>
			<graphic mimeType="pdf" url="AM%20136%20fol/165/WEB_DISPLAY"/>
		</surface>
		<surface xml:id="AM02-0136-0080v" n="166">
			<desc>0080v</desc>
			<graphic mimeType="pdf" url="AM%20136%20fol/166/HIGH_QUALITY_DISPLAY"/>
			<graphic mimeType="jpg" url="AM%20136%20fol/166/THUMBNAIL" width="199px" height="300px"/>
			<graphic mimeType="jpg" url="AM%20136%20fol/166/SECONDARY_DISPLAY" width="4671px" height="7031px"/>
			<graphic mimeType="pdf" url="AM%20136%20fol/166/WEB_DISPLAY"/>
		</surface>
		<surface xml:id="AM02-0136-0081r" n="167">
			<desc>0081r</desc>
			<graphic mimeType="pdf" url="AM%20136%20fol/167/HIGH_QUALITY_DISPLAY"/>
			<graphic mimeType="jpg" url="AM%20136%20fol/167/THUMBNAIL" width="200px" height="287px"/>
			<graphic mimeType="jpg" url="AM%20136%20fol/167/SECONDARY_DISPLAY" width="5162px" height="7414px"/>
			<graphic mimeType="pdf" url="AM%20136%20fol/167/WEB_DISPLAY"/>
		</surface>
		<surface xml:id="AM02-0136-0081v" n="168">
			<desc>0081v</desc>
			<graphic mimeType="pdf" url="AM%20136%20fol/168/HIGH_QUALITY_DISPLAY"/>
			<graphic mimeType="jpg" url="AM%20136%20fol/168/THUMBNAIL" width="200px" height="288px"/>
			<graphic mimeType="jpg" url="AM%20136%20fol/168/SECONDARY_DISPLAY" width="5152px" height="7414px"/>
			<graphic mimeType="pdf" url="AM%20136%20fol/168/WEB_DISPLAY"/>
		</surface>
		<surface xml:id="AM02-0136-0082r" n="169">
			<desc>0082r</desc>
			<graphic mimeType="pdf" url="AM%20136%20fol/169/HIGH_QUALITY_DISPLAY"/>
			<graphic mimeType="jpg" url="AM%20136%20fol/169/THUMBNAIL" width="200px" height="287px"/>
			<graphic mimeType="jpg" url="AM%20136%20fol/169/SECONDARY_DISPLAY" width="5162px" height="7414px"/>
			<graphic mimeType="pdf" url="AM%20136%20fol/169/WEB_DISPLAY"/>
		</surface>
		<surface xml:id="AM02-0136-0082v" n="170">
			<desc>0082v</desc>
			<graphic mimeType="pdf" url="AM%20136%20fol/170/HIGH_QUALITY_DISPLAY"/>
			<graphic mimeType="jpg" url="AM%20136%20fol/170/THUMBNAIL" width="200px" height="288px"/>
			<graphic mimeType="jpg" url="AM%20136%20fol/170/SECONDARY_DISPLAY" width="5152px" height="7414px"/>
			<graphic mimeType="pdf" url="AM%20136%20fol/170/WEB_DISPLAY"/>
		</surface>
		<surface xml:id="AM02-0136-0083r" n="171">
			<desc>0083r</desc>
			<graphic mimeType="pdf" url="AM%20136%20fol/171/HIGH_QUALITY_DISPLAY"/>
			<graphic mimeType="jpg" url="AM%20136%20fol/171/THUMBNAIL" width="200px" height="287px"/>
			<graphic mimeType="jpg" url="AM%20136%20fol/171/SECONDARY_DISPLAY" width="5162px" height="7414px"/>
			<graphic mimeType="pdf" url="AM%20136%20fol/171/WEB_DISPLAY"/>
		</surface>
		<surface xml:id="AM02-0136-0083v" n="172">
			<desc>0083v</desc>
			<graphic mimeType="pdf" url="AM%20136%20fol/172/HIGH_QUALITY_DISPLAY"/>
			<graphic mimeType="jpg" url="AM%20136%20fol/172/THUMBNAIL" width="200px" height="288px"/>
			<graphic mimeType="jpg" url="AM%20136%20fol/172/SECONDARY_DISPLAY" width="5152px" height="7414px"/>
			<graphic mimeType="pdf" url="AM%20136%20fol/172/WEB_DISPLAY"/>
		</surface>
		<surface xml:id="AM02-0136-0084r" n="173">
			<desc>0084r</desc>
			<graphic mimeType="pdf" url="AM%20136%20fol/173/HIGH_QUALITY_DISPLAY"/>
			<graphic mimeType="jpg" url="AM%20136%20fol/173/THUMBNAIL" width="200px" height="287px"/>
			<graphic mimeType="jpg" url="AM%20136%20fol/173/SECONDARY_DISPLAY" width="5162px" height="7414px"/>
			<graphic mimeType="pdf" url="AM%20136%20fol/173/WEB_DISPLAY"/>
		</surface>
		<surface xml:id="AM02-0136-0084v" n="174">
			<desc>0084v</desc>
			<graphic mimeType="pdf" url="AM%20136%20fol/174/HIGH_QUALITY_DISPLAY"/>
			<graphic mimeType="jpg" url="AM%20136%20fol/174/THUMBNAIL" width="200px" height="288px"/>
			<graphic mimeType="jpg" url="AM%20136%20fol/174/SECONDARY_DISPLAY" width="5152px" height="7414px"/>
			<graphic mimeType="pdf" url="AM%20136%20fol/174/WEB_DISPLAY"/>
		</surface>
		<surface xml:id="AM02-0136-0085r" n="175">
			<desc>0085r</desc>
			<graphic mimeType="pdf" url="AM%20136%20fol/175/HIGH_QUALITY_DISPLAY"/>
			<graphic mimeType="jpg" url="AM%20136%20fol/175/THUMBNAIL" width="200px" height="287px"/>
			<graphic mimeType="jpg" url="AM%20136%20fol/175/SECONDARY_DISPLAY" width="5162px" height="7414px"/>
			<graphic mimeType="pdf" url="AM%20136%20fol/175/WEB_DISPLAY"/>
		</surface>
		<surface xml:id="AM02-0136-0085v" n="176">
			<desc>0085v</desc>
			<graphic mimeType="pdf" url="AM%20136%20fol/176/HIGH_QUALITY_DISPLAY"/>
			<graphic mimeType="jpg" url="AM%20136%20fol/176/THUMBNAIL" width="200px" height="288px"/>
			<graphic mimeType="jpg" url="AM%20136%20fol/176/SECONDARY_DISPLAY" width="5152px" height="7414px"/>
			<graphic mimeType="pdf" url="AM%20136%20fol/176/WEB_DISPLAY"/>
		</surface>
		<surface xml:id="AM02-0136-0086r" n="177">
			<desc>0086r</desc>
			<graphic mimeType="pdf" url="AM%20136%20fol/177/HIGH_QUALITY_DISPLAY"/>
			<graphic mimeType="jpg" url="AM%20136%20fol/177/THUMBNAIL" width="200px" height="287px"/>
			<graphic mimeType="jpg" url="AM%20136%20fol/177/SECONDARY_DISPLAY" width="5162px" height="7414px"/>
			<graphic mimeType="pdf" url="AM%20136%20fol/177/WEB_DISPLAY"/>
		</surface>
		<surface xml:id="AM02-0136-0086v" n="178">
			<desc>0086v</desc>
			<graphic mimeType="pdf" url="AM%20136%20fol/178/HIGH_QUALITY_DISPLAY"/>
			<graphic mimeType="jpg" url="AM%20136%20fol/178/THUMBNAIL" width="200px" height="288px"/>
			<graphic mimeType="jpg" url="AM%20136%20fol/178/SECONDARY_DISPLAY" width="5152px" height="7414px"/>
			<graphic mimeType="pdf" url="AM%20136%20fol/178/WEB_DISPLAY"/>
		</surface>
		<surface xml:id="AM02-0136-0087r" n="179">
			<desc>0087r</desc>
			<graphic mimeType="pdf" url="AM%20136%20fol/179/HIGH_QUALITY_DISPLAY"/>
			<graphic mimeType="jpg" url="AM%20136%20fol/179/THUMBNAIL" width="200px" height="287px"/>
			<graphic mimeType="jpg" url="AM%20136%20fol/179/SECONDARY_DISPLAY" width="5162px" height="7414px"/>
			<graphic mimeType="pdf" url="AM%20136%20fol/179/WEB_DISPLAY"/>
		</surface>
		<surface xml:id="AM02-0136-0087v" n="180">
			<desc>0087v</desc>
			<graphic mimeType="pdf" url="AM%20136%20fol/180/HIGH_QUALITY_DISPLAY"/>
			<graphic mimeType="jpg" url="AM%20136%20fol/180/THUMBNAIL" width="200px" height="288px"/>
			<graphic mimeType="jpg" url="AM%20136%20fol/180/SECONDARY_DISPLAY" width="5152px" height="7414px"/>
			<graphic mimeType="pdf" url="AM%20136%20fol/180/WEB_DISPLAY"/>
		</surface>
		<surface xml:id="AM02-0136-0088r" n="181">
			<desc>0088r</desc>
			<graphic mimeType="pdf" url="AM%20136%20fol/181/HIGH_QUALITY_DISPLAY"/>
			<graphic mimeType="jpg" url="AM%20136%20fol/181/THUMBNAIL" width="200px" height="287px"/>
			<graphic mimeType="jpg" url="AM%20136%20fol/181/SECONDARY_DISPLAY" width="5162px" height="7414px"/>
			<graphic mimeType="pdf" url="AM%20136%20fol/181/WEB_DISPLAY"/>
		</surface>
		<surface xml:id="AM02-0136-0088v" n="182">
			<desc>0088v</desc>
			<graphic mimeType="pdf" url="AM%20136%20fol/182/HIGH_QUALITY_DISPLAY"/>
			<graphic mimeType="jpg" url="AM%20136%20fol/182/THUMBNAIL" width="200px" height="288px"/>
			<graphic mimeType="jpg" url="AM%20136%20fol/182/SECONDARY_DISPLAY" width="5152px" height="7414px"/>
			<graphic mimeType="pdf" url="AM%20136%20fol/182/WEB_DISPLAY"/>
		</surface>
		<surface xml:id="AM02-0136-0089r" n="183">
			<desc>0089r</desc>
			<graphic mimeType="pdf" url="AM%20136%20fol/183/HIGH_QUALITY_DISPLAY"/>
			<graphic mimeType="jpg" url="AM%20136%20fol/183/THUMBNAIL" width="200px" height="287px"/>
			<graphic mimeType="jpg" url="AM%20136%20fol/183/SECONDARY_DISPLAY" width="5162px" height="7414px"/>
			<graphic mimeType="pdf" url="AM%20136%20fol/183/WEB_DISPLAY"/>
		</surface>
		<surface xml:id="AM02-0136-0089v" n="184">
			<desc>0089v</desc>
			<graphic mimeType="pdf" url="AM%20136%20fol/184/HIGH_QUALITY_DISPLAY"/>
			<graphic mimeType="jpg" url="AM%20136%20fol/184/THUMBNAIL" width="200px" height="288px"/>
			<graphic mimeType="jpg" url="AM%20136%20fol/184/SECONDARY_DISPLAY" width="5152px" height="7414px"/>
			<graphic mimeType="pdf" url="AM%20136%20fol/184/WEB_DISPLAY"/>
		</surface>
		<surface xml:id="AM02-0136-9901r-RFl" n="185">
			<desc>9901r-RFl</desc>
			<graphic mimeType="pdf" url="AM%20136%20fol/185/HIGH_QUALITY_DISPLAY"/>
			<graphic mimeType="jpg" url="AM%20136%20fol/185/THUMBNAIL" width="196px" height="300px"/>
			<graphic mimeType="jpg" url="AM%20136%20fol/185/SECONDARY_DISPLAY" width="3759px" height="5760px"/>
			<graphic mimeType="pdf" url="AM%20136%20fol/185/WEB_DISPLAY"/>
		</surface>
		<surface xml:id="AM02-0136-9901v-RFl" n="186">
			<desc>9901v-RFl</desc>
			<graphic mimeType="pdf" url="AM%20136%20fol/186/HIGH_QUALITY_DISPLAY"/>
			<graphic mimeType="jpg" url="AM%20136%20fol/186/THUMBNAIL" width="196px" height="300px"/>
			<graphic mimeType="jpg" url="AM%20136%20fol/186/SECONDARY_DISPLAY" width="3711px" height="5687px"/>
			<graphic mimeType="pdf" url="AM%20136%20fol/186/WEB_DISPLAY"/>
		</surface>
		<surface xml:id="AM02-0136-9999r-RB" n="187">
			<desc>9999r-RB</desc>
			<graphic mimeType="pdf" url="AM%20136%20fol/187/HIGH_QUALITY_DISPLAY"/>
			<graphic mimeType="jpg" url="AM%20136%20fol/187/THUMBNAIL" width="194px" height="300px"/>
			<graphic mimeType="jpg" url="AM%20136%20fol/187/SECONDARY_DISPLAY" width="4843px" height="7472px"/>
			<graphic mimeType="pdf" url="AM%20136%20fol/187/WEB_DISPLAY"/>
		</surface>
		<surface xml:id="AM02-0136-9999v-RB" n="188">
			<desc>9999v-RB</desc>
			<graphic mimeType="pdf" url="AM%20136%20fol/188/HIGH_QUALITY_DISPLAY"/>
			<graphic mimeType="jpg" url="AM%20136%20fol/188/THUMBNAIL" width="200px" height="250px"/>
			<graphic mimeType="jpg" url="AM%20136%20fol/188/SECONDARY_DISPLAY" width="6000px" height="7520px"/>
			<graphic mimeType="pdf" url="AM%20136%20fol/188/WEB_DISPLAY"/>
		</surface>
		<surface xml:id="AM02-0136-Scale" n="189">
			<desc>Scale</desc>
			<graphic mimeType="pdf" url="AM%20136%20fol/189/HIGH_QUALITY_DISPLAY"/>
			<graphic mimeType="jpg" url="AM%20136%20fol/189/THUMBNAIL" width="200px" height="250px"/>
			<graphic mimeType="jpg" url="AM%20136%20fol/189/SECONDARY_DISPLAY" width="6000px" height="7520px"/>
			<graphic mimeType="pdf" url="AM%20136%20fol/189/WEB_DISPLAY"/>
		</surface>
	</facsimile>
	<text>
		<body>

			<p/>
		</body>
	</text>
</TEI>