<?xml version="1.0" encoding="UTF-8"?>
<TEI xmlns="http://www.tei-c.org/ns/1.0"> 
 
   <teiHeader>
      <fileDesc>
    
         <titleStmt> 
      
            <title>Handritaskrá Árnastofnunar</title> 
    
         </titleStmt> 
    
         <publicationStmt>
            <p>Tilraunaútgáfa</p>
         </publicationStmt> 
    
         <sourceDesc>
            <msDesc xml:lang="is" xml:id="AM02-0162A-zeta-is">

               <msIdentifier n="KK198">

                  <country>Ísland</country>

                  <settlement>Reykjavík</settlement>

                  <repository>Stofnun Árna Magnússonar</repository>

                  <idno>AM 162 A zeta  fol.</idno>

               </msIdentifier>


               <head>

                  <title type="uniform">Egils saga Skallagrímssonar</title>

                  <origPlace>Ísland</origPlace>

                  <origDate notBefore="1250" notAfter="1300" evidence="external">s. XIII 2/2</origDate>


                  <note>Í safni brota úr tíu handritum.</note>

               </head>


               <msContents>
                  <textLang mainLang="is">Íslenska</textLang>

                  <msItem defective="true" class="isl">

                     <title type="uniform">Egils saga Skallagrímssonar</title>

                     <note>Þrjú brot.</note>


                     <msItem>

                        <locus from="1r" to="1v">1r-1v</locus>

                        <incipit type="def">… er h<expan>ann</expan> cu<expan>n</expan>n[idl] ecc[idl] le[idl]ð</incipit>

                        <explicit type="def">ok h[idl]ttu þar m<expan>enn</expan> at mal[idl]</explicit>

                     </msItem>


                     <msItem>

                        <locus from="2r" to="3v">2r-3v</locus>

                        <incipit type="def">e[idl]nu<expan>m</expan> m[idl]clu<expan>m</expan> n[idl]ð[rrot] und[idl]r hal[stall]ana</incipit>

                        <explicit type="def">mega yð[rrot] fagna</explicit>

                     </msItem>


                     <msItem>

                        <locus from="4r" to="4v">4r-4v</locus>

                        <incipit type="def">Mað[rrot] [stall]a e[rrot] be þan<expan>n</expan> att[idl]</incipit>

                        <explicit type="def">upp gongu eða e[idl]g[idl]</explicit>
                     </msItem>

                  </msItem>

               </msContents>


               <physDesc>
                  <objectDesc form="codex">
                     <supportDesc material="perg">
                        <support>Skinn</support>
                        <extent>4 blöð (<dimensions type="leaf" scope="all">
                              <height>186</height>
                              <width>128</width>
                           </dimensions>).</extent>
                        <foliation>
                           <p/>
                        </foliation>
                        <collation>
                           <p/>
                        </collation>
                        <condition>
                           <p>
                              <list>

                                 <item n="1">Blöðin eru sködduð hér og þar og að auki hefur verið skorið af bl. 2-3.</item> 

                                 <item n="2">Skriftin er upplituð og máð, einkum á 1. og 4. síðu.</item>

                                 <item n="3">Upphafsstafir virðast hafa verið skýrðir upp.</item>

                              </list>
                           </p>
                        </condition>
                     </supportDesc>
                     <layoutDesc>
                        <layout columns="1">
                           <p/>
                        </layout>
                     </layoutDesc>
                  </objectDesc>
                  <handDesc>
                     <p/>
                  </handDesc>
                  <decoDesc>

                     <decoNote type="secondary" subtype="initial">
                        <p>Upphafsstafir eru í lit.</p>
                     </decoNote>

                  </decoDesc>
                  <additions>
                     <p/>
                  </additions>
                  <bindingDesc>
                     <binding notBefore="1995" notAfter="1995" contemporary="unknown">
                        <p>Band frá 1995. Pappakápa, bl. fest á móttök inn í japanpappír.</p>
                     </binding>
                  </bindingDesc>
               </physDesc>


               <history>

                  <origin notBefore="1250" notAfter="1300">
                     <p>Blöðin eru tímasett til seinni hluta 13. aldar í <bibl>
                           <ref xml:id="ONPregistre" target="ONPregistre">ONPRegistre</ref>
                        </bibl>, bls. 434 (sjá einnig <bibl>
                           <ref>Early Icelandic Script</ref>
                        </bibl>, bls. xxxix (nr. 59)), en í <bibl>
                           <ref target="KKKat">Katalog I</ref>
                        </bibl>, bls. 116, til 13. aldar.</p>
                  </origin>

                  <provenance>
                     <p/>
                  </provenance>

                  <acquisition notBefore="1996-09-19" notAfter="1996-09-19">
                     <p>Stofnun Árna Magnússonar á Íslandi tók við handritinu 19. september 1996.</p>
                  </acquisition>

               </history>


               <additional>

                  <adminInfo>

                     <recordHist>
                        <source>
                           <p>Tekið eftir <bibl>
                                 <ref target="KKKat">Katalog I</ref>
                              </bibl>, bls. 114-17 (nr. 198). <name key="KriKaa001" type="person">Kålund</name> gekk frá handritinu til skráningar í <date when="1885-12">desember 1885</date>. <name key="HarBer001" type="person">Haraldur Bernharðsson</name> tölvuskráði í <date when="2001-02">febrúar 2001</date>. </p>
                        </source>

                     </recordHist>


                     <custodialHist>

                        <custEvent type="conservation" notBefore="1995" notAfter="1995">
                           <p>Gert við og bundið í júní til nóvember 1995. Í öskju með brotum úr níu öðrum handritum. Með fylgdi nákvæm lýsing á viðgerðum og ljósmyndun.</p>
                        </custEvent>

                     </custodialHist>

                  </adminInfo>


                  <surrogates>
                     <p>
                        <list>

                           <item n="1">Stafrænar myndir á www.sagnanet.is.</item>

                           <item n="2">Svart-hvítar ljósmyndir á Det Arnamagnæanske Institut í Kaupmannahöfn.</item>

                           <item n="3">Svart-hvítar ljósmyndir á Stofnun Árna Magnússonar á Íslandi.</item>

                        </list>
                     </p>
                  </surrogates>
                  
                  <listBibl>
                     <bibl>Chesnutt, M. 2010, <ref target="MicChe2010a">On the structure, format, and preservation of Möðruvallabók</ref></bibl>
                     <bibl>Haraldur Bernharðsson 2002, <ref target="HarBer2002a">Skrifandi bændur og íslensk málsaga. Vangaveltur um málþróun og málheimildir</ref></bibl>
                     <bibl>Hreinn Benediktsson 2002, <ref target="HreBen2002a">Linguistic studies, historical and comparative</ref></bibl>
                     <bibl>Kjeldsen, A. S. 2005, <ref target="AleKje0997a">AM 162 A (ypsilon, delta, zeta, þeta) fol (Reykjavík)</ref></bibl>
                     <bibl>Kjeldsen, A. S. 2013, <ref target="BiblArnSupp8">Filologiske studier i kongesagahåndskriftet Morkinskinna</ref></bibl>
                     <bibl>Lethbridge, E. 2014, <ref target="EmiLet2014b">„Hvorki glansar gull á mér/né glæstir stafir í línum“.</ref></bibl>
                     <bibl>Lindblad, G. 1954, <ref target="GusLin1954a">Studier i Codex Regius av äldre eddan</ref></bibl>
                     <bibl>Males, M. 2011, <ref target="MikMal2011a">Egill och Kormákr - tradering och nydikting</ref></bibl>
                     <bibl>Seip, D. A. 1954, <ref target="DidSei1954a">Palæografi. B. Norge og Islan</ref></bibl>
                     <bibl>Tarsi, M. 2019, <ref target="MatTar2019a">Instances of loanword/native word textual variation in the manuscript transmission of Egils saga Skallagrímssonar 
                        and Gísla saga Súrssonar</ref></bibl>
                  </listBibl>



	                 <!-- &#218;r <accMat>&#160;&#237; heildarf&#230;rslu (sem var eytt &#254;egar hvert brot (<msPart>) var sett &#237; s&#233;r skjal 22. n&#243;v. 2001 - DK&#222;):
      <name type="person" key="ArnMag001">&#193;rni
      Magn&#250;sson</name>

      segir &#237; handritaskr&#225;nni &#237; 
      <msIdentifier>AM 435 a 4to</msIdentifier>

      , bl. 78v ( 
      <ref target="">H&#229;ndskriftfortegnelser</ref>

      , bls. 28) og g&#230;ti &#225;tt vi&#240; eitthva&#240; af
      brotunum h&#233;r: 
      <q>Ur Eigils S&#246;gu Skallagrims sonar fragment lited.
      4to.</q> 

      (&THORN;a&eth; sem &Aacute;rni skrifar er a&eth; mestu leyti &iacute; Katalog, en se&eth;lum
      er &oacute;sk&yacute;rlega ra&eth;a&eth; me&eth; lj&oacute;smyndum og &thorn;arf &thorn;v&iacute; a&eth; fara vel
      yfir &thorn;etta &thorn;egar handritin ver&eth;a sko&eth;u&eth; (MJ 9.12.96).)

      <p>Fj&#246;gur papp&#237;rsbl&#246;&#240;&#160;&#237; kvart&#243;,
      sem &#237; handritskr&#225; 
      <name type="person" key="JonSig01">J&#243;ns
      Sigur&#240;ssonar</name>

      eru f&#230;r&#240; undir &#8747;, vantar n&#250;. &#193;
      &#254;eim voru uppskriftir af &#177;-&amp;thetas;.
      Samkv&#230;mt s&#246;mu skr&#225; heyr&#240;i h&#233;r einnig
      til 
      <q>Draumsvitran</q>

      um Egil, sbr. 
      <ref target="Edda1880">Snorra Edda III, 1, Hafni&#230;
      1880</ref>

      , bls. 441.</p> -->
    
<!-- &#218;r heildarf&#230;rslu:
    <listBibl>
      <bibl>
      <ref target="Egil1809">Egils saga, Havni&#230; 1809</ref>

      . 
      <note>&#205;&#160;&#254;essari &#250;tg&#225;fu eru brotin nefnd
      svo: &#177; = F (2), &#8804; = G (1), &#8805; = E (3), &#165;
      = D (4), &amp;epsi; = I (6);&#160;&#8706; = C (5), &#8721; = H
      (7);&#160;&amp;thetas; = K (8). Sj&#225; n&#225;nar um brotin
      &#225; bls. XIII og bls. XV og &#225;fram. &#205;
      &#254;essari &#250;tg&#225;fu eru og myndir af &amp;thetas;
      (tab. 1; og ranglega v&#237;sa&#240; til &#254;ess sem nr.
      160), &#177;, &#8804;, &#8805;, og &#165; (tab. 3).</note>
      </bibl>

      <bibl>
      <ref target="AntR">Ant. Russes II</ref>

      , bls. 248</bibl>

      <bibl>
      <ref target="CorpPBor">Corpus poet. bor. I</ref>

      , bls. 267 
      <note>H&#246;fu&#240;lausn</note>
      </bibl>
    </listBibl> -->


            </additional>

            </msDesc>
         </sourceDesc>
  
      </fileDesc>
      <profileDesc> 
    
          
     
    
      </profileDesc>
   </teiHeader> 
 
   <text>
  
      <body>
         
         <p/>
      </body> 
 
   </text> 

</TEI>