<?xml version="1.0" encoding="UTF-8"?>
<?oxygen RNGSchema="http://www.handrit.is/schema/handrit-1.0.rnc" type="compact"?>
<TEI xmlns="http://www.tei-c.org/ns/1.0">
	<teiHeader>
		<fileDesc>
			<titleStmt>
				<title>Handritaskrá Árnastofnunar</title>
			</titleStmt>
			<publicationStmt>
				<p>Tilraunaútgáfa</p>
			</publicationStmt>
			<sourceDesc>
				<msDesc xml:lang="is" xml:id="AM02-0157g-is">
					<msIdentifier>
						<country key="IS">Ísland</country>
						<settlement>Reykjavík</settlement>
						<institution>Stofnun Árna Magnússonar í íslenskum fræðum</institution>
						<repository>Handritasvið</repository>
						<collection>Safn Árna Magnússonar</collection>
						<idno>AM 157 g fol.</idno>
						<altIdentifier type="internal" subtype="KKKat">
							<idno>192</idno>
						</altIdentifier>
					</msIdentifier>

					<!-- Not: 
               Íslendinga sögur II, Kbh. 1847.
               Marold, Edidt. Uberlegungen (u með tveimur deplum) zum Problem der Emendationen am Beispiel der Verse von Björn Hítdælakappi. Skandinavistik. 2002; 32 (1): 39-56.
               Widding, Ole. Haandskriftanalyser. Opuscula. 1961; 2 (Bibliotheca Arnamagnæana; 25) (1): 65-75.
            Harðar saga. Hast, Sture, ed. Hafniæ: Munksgaard; 1960. (Editiones Arnamægnæanæ. Series A; 6).-->
					<msContents>
						<textLang mainLang="is">Íslenska</textLang>
						<msItem defective="false" class="isl">
							<locus from="1r" facs="#AM02-0157g-0001r" to="34v">1r-34v</locus>
							<title type="uniform">Harðar saga</title>

							<rubric>Sagan af Hörði og Hólmverjum.</rubric>
							<incipit>Á dögum Haralds hins hárfagra …</incipit>
							<explicit>… að eftir engan einn mann á Íslandi hafa jafnmargir menn
								verið í hefnd drepnir og urðu þeir allir ógildir.</explicit>
							<finalRubric>Nú lúkum vér hér Hólmverja sögu.</finalRubric>
						</msItem>
					</msContents>

					<physDesc>
						<objectDesc form="codex">
							<supportDesc material="chart">
								<support>Pappír.</support>
								<extent>34 blöð (<dimensions type="leaf" unit="mm" scope="all">
										<height>317</height>
										<width>202</width>
									</dimensions>).</extent>

								<foliation>
									<p>
										<list>
											<item>Upprunaleg blaðsíðumerking: 1-67.</item>
											<item>Síðari tíma blaðmerking: 1-34.</item>
										</list>
									</p>
								</foliation>

								<collation>
									<p>Fjögur kver:<list>
											<item n="1">Kver I: blöð 1-8, 4 tvinn.</item>
											<item n="2">Kver II: blöð 9-16, 4 tvinn.</item>
											<item n="3">Kver III: blöð 17-24, 4 tvinn.</item>
											<item n="4">Kver IV: blöð 25-34, 5 tvinn.</item>
										</list>
									</p>
								</collation>

								<condition>
									<list>
										<item>Horn á blöðum <locus from="22r" facs="#AM02-0157g-0022r" to="22v">22</locus> og
												<locus from="24r" facs="#AM02-0157g-0024r" to="24v">24</locus> hafa rifnað af; texti er óskaddaður.
										</item>
									</list>
								</condition>

							</supportDesc>
							<layoutDesc>
								<layout columns="1" writtenLines="29">
									<p>
										<list>
											<item>Eindálka.</item>
											<item>Leturflötur er ca <dimensions type="leaf" unit="mm">
												<height>250-255</height>
												<width>135-140</width>
												</dimensions>.</item>
											<item>Línufjöldi er ca 28-29.</item>
											<item>Markað hefur verið fyrir innri og ytri spássíu
												blaða.</item>
											<item>
												<catchwords>Griporð á blöðum <locus from="8v" facs="#AM02-0157g-0008v" to="8v">8v</locus>,
												<locus from="16v" facs="#AM02-0157g-0016v" to="16v">16v</locus> og <locus from="24v" facs="#AM02-0157g-0024v" to="24v">24v</locus>.</catchwords>
											</item>
											<item>Vísuorð eru sér um línu (sbr. t.d. blöð <locus from="13r" facs="#AM02-0157g-0013r" to="13r">13r</locus>, <locus from="14r" facs="#AM02-0157g-0014r" to="14r">14r</locus> og
												<locus from="25r" facs="#AM02-0157g-0025r" to="25r">25r</locus>).</item>
										</list>
									</p>
								</layout>
							</layoutDesc>
						</objectDesc>

						<handDesc hands="1">
							<handNote scope="sole" scribe="AsgJon001" script=" kanzlei">Með hendi
									<name type="person" key="AsgJon001">Ásgeirs Jónssonar</name>;
								kansellískrift.</handNote>
						</handDesc>

						<decoDesc>
							<decoNote type="initial" subtype="flourished">
								<list>
									<item>Skreyttur upphafsstafur í fyrirsögn og í upphafi texta á
										blaði <locus from="1r" facs="#AM02-0157g-0001r" to="1r">1r</locus>.</item>
								</list>
							</decoNote>
						</decoDesc>

						<additions>
							<p>
								<list>
									<item>Á stöku stað hafa orð og setningar verið undirstrikaðar
										(sbr. blöð <locus from="10v" facs="#AM02-0157g-0010v" to="10v">10v</locus>, <locus from="11v" facs="#AM02-0157g-0011v" to="11v">11v</locus> og <locus from="17r" facs="#AM02-0157g-0017r" to="17r">17r</locus>
										og á fleiri stöðum).</item>
								</list>
							</p>
						</additions>

						<bindingDesc>
							<binding notBefore="1772" notAfter="1780" contemporary="false">
								<p>Pappaband (<dimensions type="binding">
										<height>320</height>
										<width>207</width>
										<depth>10</depth>
									</dimensions>) er frá 1772-1780. Blár safnmarksmiði á kili.</p>
								<p> Innanverð spjaldblöð eru klædd blöðum úr prentaðri bók. </p>
							</binding>
						</bindingDesc>

					</physDesc>
					<history>
						<origin notBefore="1690" notAfter="1697">

							<p> Handritið var skrifað í <origPlace key="NO">Noregi
								(Stangarlandi)</origPlace> og er tímasett frá <origDate notBefore="1690" notAfter="1697">ársbyrjun 1690 til vors
								1697</origDate> í umfjöllun <name type="person">Más Jónssonar</name>
								um skrifarann Ásgeir Jónsson (sbr. <ref>
									<bibl>Már Jónsson 2009: 282-297</bibl>
								</ref>). Það er tímasett til um 1700 í <bibl>
									<ref target="KKKat">Katalog I</ref>
								</bibl>, bls. 110, en virkt skriftartímabil skrifara var ca
									<origDate notBefore="1686" notAfter="1707">1686-1707</origDate>. </p>
							<p>Uppskrift eftir handriti með hendi <name key="" type="person">Árna
									Hákonarsonar</name> (sbr. <ref target="AM04-0435b" type="ms">AM
									435 b 4to</ref>, blað <locus from="7r" facs="#AM02-0157g-0007r" to="7r">7r</locus>).</p>
							<p>Var áður hluti af stærri bók sem innihélt einnig <ref target="AM02-0149" type="ms">AM 149 fol.</ref>, <ref target="AM02-0157a">AM 157 a fol.</ref>, <ref target="AM02-0154" type="ms">AM 154 fol.</ref>, <ref target="AM02-0157c" type="ms">AM 157 c fol.</ref>, <ref target="AM02-0140" type="ms">AM 140
									fol.</ref>, <ref target="AM02-0157e" type="ms">AM 157 e
								fol.</ref>, <ref target="AM02-0164k" type="ms">AM 164 k fol.</ref>,
									<ref target="AM02-0150" type="ms">AM 150 fol.</ref>, <ref target="AM04-0770a" type="ms">AM 770 a 4to</ref> og <ref target="AM02-0157d" type="ms">AM 157 d fol.</ref> (sbr. <ref target="AM04-0435b" type="ms">AM 435 b 4to</ref>, blöð 6v-7r).</p>

						</origin>

						<provenance>
							<p>Bókin sem handritið tilheyrði var nr. XIV fol. í safni <name key="ThoTor001" type="person">Þormóðs Torfasonar</name>. <name key="ArnMag001" type="person">Árni Magnússon</name> fékk hana
								frá ekkju Þormóðs árið <date when="1720">1720</date> og tók í sundur
								(sbr. <ref target="AM04-0435b" type="ms">AM 435 b 4to</ref>, blöð
									<locus from="6v" facs="#AM02-0157g-0006v" to="7r">6v-7r</locus>).</p>
						</provenance>
						<acquisition when="1974-04-02">
							<p>Stofnun Árna Magnússonar á Íslandi tók við handritinu 2. apríl
							1974.</p>
						</acquisition>
					</history>
					<additional>
						<adminInfo>
							<recordHist>
								<source>
									<p>
										<name key="KriKaa001" type="person">Kålund</name> gekk frá
										handritinu til skráningar <date when="1885-12-03">3.
											desember 1885</date> í <bibl>
											<ref target="KKKat">Katalog I;</ref>
										</bibl>bls. 110 (nr. 192), <name key="DriThr001" type="person">DKÞ</name> grunnskráði <date when="2001-10-01">1. október 2001</date>, <name type="person" key="ValHil001">VH</name> skráði handritið
										samkvæmt TEIP5 reglum <date when="2008-12-03"> 3. desember
											2008</date>; lagfærði í <date when="2010-11">nóvember
											2010</date>. </p>
								</source>

							</recordHist>
							<custodialHist>
								<custEvent type="conservation" notBefore="1772" notAfter="1780">
									<p>Bundið af <name key="MatBlo001" type="person">Matthiasi
											Larsen Bloch</name> á árunum 1772-1780.</p>
								</custEvent>
							</custodialHist>
						</adminInfo>
						<surrogates>
							<p>
								<list>
									<item>Stafrænar myndir á www.sagnanet.is.</item>
									<item>Svart-hvítar ljósmyndir á Det Arnamagnæanske Institut í
										Kaupmannahöfn.</item>
								</list>
							</p>
						</surrogates>
						<listBibl>
							<bibl>Hast, S. 1960, <ref target="StuHas1960a">Harðar saga</ref></bibl>
							<bibl>Már Jónsson 2009, <ref target="MárJón2009">Skrifarinn Ásgeir Jónsson frá Gullberaströnd í Lundarreykjadal</ref></bibl>
						</listBibl>
					</additional>
				</msDesc>
			</sourceDesc>
		</fileDesc>
		<revisionDesc>
			<change when="2008-10" who="#EriHas01">Migrated from MASTER to P5</change>
		</revisionDesc>
	</teiHeader>
	<facsimile xml:base="https://myndir.handrit.is/file/Handrit.is/">
		<surface xml:id="AM02-0157g-0000r-FB" n="0">
			<desc>0000r-FB</desc>
			<graphic mimeType="pdf" url="AM%20157%20g%20fol/0/HIGH_QUALITY_DISPLAY"/>
			<graphic mimeType="jpg" url="AM%20157%20g%20fol/0/THUMBNAIL" width="197px" height="300px"/>
			<graphic mimeType="jpg" url="AM%20157%20g%20fol/0/SECONDARY_DISPLAY" width="2080px" height="3160px"/>
			<graphic mimeType="pdf" url="AM%20157%20g%20fol/0/WEB_DISPLAY"/>
		</surface>
		<surface xml:id="AM02-0157g-0000v-FB" n="1">
			<desc>0000v-FB</desc>
			<graphic mimeType="pdf" url="AM%20157%20g%20fol/1/HIGH_QUALITY_DISPLAY"/>
			<graphic mimeType="jpg" url="AM%20157%20g%20fol/1/THUMBNAIL" width="196px" height="300px"/>
			<graphic mimeType="jpg" url="AM%20157%20g%20fol/1/SECONDARY_DISPLAY" width="2051px" height="3136px"/>
			<graphic mimeType="pdf" url="AM%20157%20g%20fol/1/WEB_DISPLAY"/>
		</surface>
		<surface xml:id="AM02-0157g-0001r" n="2">
			<desc>0001r</desc>
			<graphic mimeType="pdf" url="AM%20157%20g%20fol/2/HIGH_QUALITY_DISPLAY"/>
			<graphic mimeType="jpg" url="AM%20157%20g%20fol/2/THUMBNAIL" width="196px" height="300px"/>
			<graphic mimeType="jpg" url="AM%20157%20g%20fol/2/SECONDARY_DISPLAY" width="2051px" height="3136px"/>
			<graphic mimeType="pdf" url="AM%20157%20g%20fol/2/WEB_DISPLAY"/>
		</surface>
		<surface xml:id="AM02-0157g-0001v" n="3">
			<desc>0001v</desc>
			<graphic mimeType="pdf" url="AM%20157%20g%20fol/3/HIGH_QUALITY_DISPLAY"/>
			<graphic mimeType="jpg" url="AM%20157%20g%20fol/3/THUMBNAIL" width="195px" height="300px"/>
			<graphic mimeType="jpg" url="AM%20157%20g%20fol/3/SECONDARY_DISPLAY" width="2015px" height="3104px"/>
			<graphic mimeType="pdf" url="AM%20157%20g%20fol/3/WEB_DISPLAY"/>
		</surface>
		<surface xml:id="AM02-0157g-0002r" n="4">
			<desc>0002r</desc>
			<graphic mimeType="pdf" url="AM%20157%20g%20fol/4/HIGH_QUALITY_DISPLAY"/>
			<graphic mimeType="jpg" url="AM%20157%20g%20fol/4/THUMBNAIL" width="195px" height="300px"/>
			<graphic mimeType="jpg" url="AM%20157%20g%20fol/4/SECONDARY_DISPLAY" width="2015px" height="3104px"/>
			<graphic mimeType="pdf" url="AM%20157%20g%20fol/4/WEB_DISPLAY"/>
		</surface>
		<surface xml:id="AM02-0157g-0002v" n="5">
			<desc>0002v</desc>
			<graphic mimeType="pdf" url="AM%20157%20g%20fol/5/HIGH_QUALITY_DISPLAY"/>
			<graphic mimeType="jpg" url="AM%20157%20g%20fol/5/THUMBNAIL" width="195px" height="300px"/>
			<graphic mimeType="jpg" url="AM%20157%20g%20fol/5/SECONDARY_DISPLAY" width="2015px" height="3104px"/>
			<graphic mimeType="pdf" url="AM%20157%20g%20fol/5/WEB_DISPLAY"/>
		</surface>
		<surface xml:id="AM02-0157g-0003r" n="6">
			<desc>0003r</desc>
			<graphic mimeType="pdf" url="AM%20157%20g%20fol/6/HIGH_QUALITY_DISPLAY"/>
			<graphic mimeType="jpg" url="AM%20157%20g%20fol/6/THUMBNAIL" width="195px" height="300px"/>
			<graphic mimeType="jpg" url="AM%20157%20g%20fol/6/SECONDARY_DISPLAY" width="2015px" height="3104px"/>
			<graphic mimeType="pdf" url="AM%20157%20g%20fol/6/WEB_DISPLAY"/>
		</surface>
		<surface xml:id="AM02-0157g-0003v" n="7">
			<desc>0003v</desc>
			<graphic mimeType="pdf" url="AM%20157%20g%20fol/7/HIGH_QUALITY_DISPLAY"/>
			<graphic mimeType="jpg" url="AM%20157%20g%20fol/7/THUMBNAIL" width="194px" height="300px"/>
			<graphic mimeType="jpg" url="AM%20157%20g%20fol/7/SECONDARY_DISPLAY" width="2007px" height="3104px"/>
			<graphic mimeType="pdf" url="AM%20157%20g%20fol/7/WEB_DISPLAY"/>
		</surface>
		<surface xml:id="AM02-0157g-0004r" n="8">
			<desc>0004r</desc>
			<graphic mimeType="pdf" url="AM%20157%20g%20fol/8/HIGH_QUALITY_DISPLAY"/>
			<graphic mimeType="jpg" url="AM%20157%20g%20fol/8/THUMBNAIL" width="194px" height="300px"/>
			<graphic mimeType="jpg" url="AM%20157%20g%20fol/8/SECONDARY_DISPLAY" width="2007px" height="3104px"/>
			<graphic mimeType="pdf" url="AM%20157%20g%20fol/8/WEB_DISPLAY"/>
		</surface>
		<surface xml:id="AM02-0157g-0004v" n="9">
			<desc>0004v</desc>
			<graphic mimeType="pdf" url="AM%20157%20g%20fol/9/HIGH_QUALITY_DISPLAY"/>
			<graphic mimeType="jpg" url="AM%20157%20g%20fol/9/THUMBNAIL" width="194px" height="300px"/>
			<graphic mimeType="jpg" url="AM%20157%20g%20fol/9/SECONDARY_DISPLAY" width="2007px" height="3104px"/>
			<graphic mimeType="pdf" url="AM%20157%20g%20fol/9/WEB_DISPLAY"/>
		</surface>
		<surface xml:id="AM02-0157g-0005r" n="10">
			<desc>0005r</desc>
			<graphic mimeType="pdf" url="AM%20157%20g%20fol/10/HIGH_QUALITY_DISPLAY"/>
			<graphic mimeType="jpg" url="AM%20157%20g%20fol/10/THUMBNAIL" width="194px" height="300px"/>
			<graphic mimeType="jpg" url="AM%20157%20g%20fol/10/SECONDARY_DISPLAY" width="2007px" height="3104px"/>
			<graphic mimeType="pdf" url="AM%20157%20g%20fol/10/WEB_DISPLAY"/>
		</surface>
		<surface xml:id="AM02-0157g-0005v" n="11">
			<desc>0005v</desc>
			<graphic mimeType="pdf" url="AM%20157%20g%20fol/11/HIGH_QUALITY_DISPLAY"/>
			<graphic mimeType="jpg" url="AM%20157%20g%20fol/11/THUMBNAIL" width="194px" height="300px"/>
			<graphic mimeType="jpg" url="AM%20157%20g%20fol/11/SECONDARY_DISPLAY" width="2007px" height="3104px"/>
			<graphic mimeType="pdf" url="AM%20157%20g%20fol/11/WEB_DISPLAY"/>
		</surface>
		<surface xml:id="AM02-0157g-0006r" n="12">
			<desc>0006r</desc>
			<graphic mimeType="pdf" url="AM%20157%20g%20fol/12/HIGH_QUALITY_DISPLAY"/>
			<graphic mimeType="jpg" url="AM%20157%20g%20fol/12/THUMBNAIL" width="194px" height="300px"/>
			<graphic mimeType="jpg" url="AM%20157%20g%20fol/12/SECONDARY_DISPLAY" width="2007px" height="3104px"/>
			<graphic mimeType="pdf" url="AM%20157%20g%20fol/12/WEB_DISPLAY"/>
		</surface>
		<surface xml:id="AM02-0157g-0006v" n="13">
			<desc>0006v</desc>
			<graphic mimeType="pdf" url="AM%20157%20g%20fol/13/HIGH_QUALITY_DISPLAY"/>
			<graphic mimeType="jpg" url="AM%20157%20g%20fol/13/THUMBNAIL" width="194px" height="300px"/>
			<graphic mimeType="jpg" url="AM%20157%20g%20fol/13/SECONDARY_DISPLAY" width="2007px" height="3104px"/>
			<graphic mimeType="pdf" url="AM%20157%20g%20fol/13/WEB_DISPLAY"/>
		</surface>
		<surface xml:id="AM02-0157g-0007r" n="14">
			<desc>0007r</desc>
			<graphic mimeType="pdf" url="AM%20157%20g%20fol/14/HIGH_QUALITY_DISPLAY"/>
			<graphic mimeType="jpg" url="AM%20157%20g%20fol/14/THUMBNAIL" width="194px" height="300px"/>
			<graphic mimeType="jpg" url="AM%20157%20g%20fol/14/SECONDARY_DISPLAY" width="2007px" height="3104px"/>
			<graphic mimeType="pdf" url="AM%20157%20g%20fol/14/WEB_DISPLAY"/>
		</surface>
		<surface xml:id="AM02-0157g-0007v" n="15">
			<desc>0007v</desc>
			<graphic mimeType="pdf" url="AM%20157%20g%20fol/15/HIGH_QUALITY_DISPLAY"/>
			<graphic mimeType="jpg" url="AM%20157%20g%20fol/15/THUMBNAIL" width="194px" height="300px"/>
			<graphic mimeType="jpg" url="AM%20157%20g%20fol/15/SECONDARY_DISPLAY" width="2007px" height="3104px"/>
			<graphic mimeType="pdf" url="AM%20157%20g%20fol/15/WEB_DISPLAY"/>
		</surface>
		<surface xml:id="AM02-0157g-0008r" n="16">
			<desc>0008r</desc>
			<graphic mimeType="pdf" url="AM%20157%20g%20fol/16/HIGH_QUALITY_DISPLAY"/>
			<graphic mimeType="jpg" url="AM%20157%20g%20fol/16/THUMBNAIL" width="194px" height="300px"/>
			<graphic mimeType="jpg" url="AM%20157%20g%20fol/16/SECONDARY_DISPLAY" width="2007px" height="3104px"/>
			<graphic mimeType="pdf" url="AM%20157%20g%20fol/16/WEB_DISPLAY"/>
		</surface>
		<surface xml:id="AM02-0157g-0008v" n="17">
			<desc>0008v</desc>
			<graphic mimeType="pdf" url="AM%20157%20g%20fol/17/HIGH_QUALITY_DISPLAY"/>
			<graphic mimeType="jpg" url="AM%20157%20g%20fol/17/THUMBNAIL" width="194px" height="300px"/>
			<graphic mimeType="jpg" url="AM%20157%20g%20fol/17/SECONDARY_DISPLAY" width="2007px" height="3104px"/>
			<graphic mimeType="pdf" url="AM%20157%20g%20fol/17/WEB_DISPLAY"/>
		</surface>
		<surface xml:id="AM02-0157g-0009r" n="18">
			<desc>0009r</desc>
			<graphic mimeType="pdf" url="AM%20157%20g%20fol/18/HIGH_QUALITY_DISPLAY"/>
			<graphic mimeType="jpg" url="AM%20157%20g%20fol/18/THUMBNAIL" width="194px" height="300px"/>
			<graphic mimeType="jpg" url="AM%20157%20g%20fol/18/SECONDARY_DISPLAY" width="2007px" height="3104px"/>
			<graphic mimeType="pdf" url="AM%20157%20g%20fol/18/WEB_DISPLAY"/>
		</surface>
		<surface xml:id="AM02-0157g-0009v" n="19">
			<desc>0009v</desc>
			<graphic mimeType="pdf" url="AM%20157%20g%20fol/19/HIGH_QUALITY_DISPLAY"/>
			<graphic mimeType="jpg" url="AM%20157%20g%20fol/19/THUMBNAIL" width="189px" height="300px"/>
			<graphic mimeType="jpg" url="AM%20157%20g%20fol/19/SECONDARY_DISPLAY" width="1955px" height="3104px"/>
			<graphic mimeType="pdf" url="AM%20157%20g%20fol/19/WEB_DISPLAY"/>
		</surface>
		<surface xml:id="AM02-0157g-0010r" n="20">
			<desc>0010r</desc>
			<graphic mimeType="pdf" url="AM%20157%20g%20fol/20/HIGH_QUALITY_DISPLAY"/>
			<graphic mimeType="jpg" url="AM%20157%20g%20fol/20/THUMBNAIL" width="189px" height="300px"/>
			<graphic mimeType="jpg" url="AM%20157%20g%20fol/20/SECONDARY_DISPLAY" width="1955px" height="3104px"/>
			<graphic mimeType="pdf" url="AM%20157%20g%20fol/20/WEB_DISPLAY"/>
		</surface>
		<surface xml:id="AM02-0157g-0010v" n="21">
			<desc>0010v</desc>
			<graphic mimeType="pdf" url="AM%20157%20g%20fol/21/HIGH_QUALITY_DISPLAY"/>
			<graphic mimeType="jpg" url="AM%20157%20g%20fol/21/THUMBNAIL" width="189px" height="300px"/>
			<graphic mimeType="jpg" url="AM%20157%20g%20fol/21/SECONDARY_DISPLAY" width="1955px" height="3104px"/>
			<graphic mimeType="pdf" url="AM%20157%20g%20fol/21/WEB_DISPLAY"/>
		</surface>
		<surface xml:id="AM02-0157g-0011r" n="22">
			<desc>0011r</desc>
			<graphic mimeType="pdf" url="AM%20157%20g%20fol/22/HIGH_QUALITY_DISPLAY"/>
			<graphic mimeType="jpg" url="AM%20157%20g%20fol/22/THUMBNAIL" width="189px" height="300px"/>
			<graphic mimeType="jpg" url="AM%20157%20g%20fol/22/SECONDARY_DISPLAY" width="1955px" height="3104px"/>
			<graphic mimeType="pdf" url="AM%20157%20g%20fol/22/WEB_DISPLAY"/>
		</surface>
		<surface xml:id="AM02-0157g-0011v" n="23">
			<desc>0011v</desc>
			<graphic mimeType="pdf" url="AM%20157%20g%20fol/23/HIGH_QUALITY_DISPLAY"/>
			<graphic mimeType="jpg" url="AM%20157%20g%20fol/23/THUMBNAIL" width="189px" height="300px"/>
			<graphic mimeType="jpg" url="AM%20157%20g%20fol/23/SECONDARY_DISPLAY" width="1955px" height="3104px"/>
			<graphic mimeType="pdf" url="AM%20157%20g%20fol/23/WEB_DISPLAY"/>
		</surface>
		<surface xml:id="AM02-0157g-0012r" n="24">
			<desc>0012r</desc>
			<graphic mimeType="pdf" url="AM%20157%20g%20fol/24/HIGH_QUALITY_DISPLAY"/>
			<graphic mimeType="jpg" url="AM%20157%20g%20fol/24/THUMBNAIL" width="189px" height="300px"/>
			<graphic mimeType="jpg" url="AM%20157%20g%20fol/24/SECONDARY_DISPLAY" width="1955px" height="3104px"/>
			<graphic mimeType="pdf" url="AM%20157%20g%20fol/24/WEB_DISPLAY"/>
		</surface>
		<surface xml:id="AM02-0157g-0012v" n="25">
			<desc>0012v</desc>
			<graphic mimeType="pdf" url="AM%20157%20g%20fol/25/HIGH_QUALITY_DISPLAY"/>
			<graphic mimeType="jpg" url="AM%20157%20g%20fol/25/THUMBNAIL" width="189px" height="300px"/>
			<graphic mimeType="jpg" url="AM%20157%20g%20fol/25/SECONDARY_DISPLAY" width="1955px" height="3104px"/>
			<graphic mimeType="pdf" url="AM%20157%20g%20fol/25/WEB_DISPLAY"/>
		</surface>
		<surface xml:id="AM02-0157g-0013r" n="26">
			<desc>0013r</desc>
			<graphic mimeType="pdf" url="AM%20157%20g%20fol/26/HIGH_QUALITY_DISPLAY"/>
			<graphic mimeType="jpg" url="AM%20157%20g%20fol/26/THUMBNAIL" width="189px" height="300px"/>
			<graphic mimeType="jpg" url="AM%20157%20g%20fol/26/SECONDARY_DISPLAY" width="1955px" height="3104px"/>
			<graphic mimeType="pdf" url="AM%20157%20g%20fol/26/WEB_DISPLAY"/>
		</surface>
		<surface xml:id="AM02-0157g-0013v" n="27">
			<desc>0013v</desc>
			<graphic mimeType="pdf" url="AM%20157%20g%20fol/27/HIGH_QUALITY_DISPLAY"/>
			<graphic mimeType="jpg" url="AM%20157%20g%20fol/27/THUMBNAIL" width="189px" height="300px"/>
			<graphic mimeType="jpg" url="AM%20157%20g%20fol/27/SECONDARY_DISPLAY" width="1955px" height="3104px"/>
			<graphic mimeType="pdf" url="AM%20157%20g%20fol/27/WEB_DISPLAY"/>
		</surface>
		<surface xml:id="AM02-0157g-0014r" n="28">
			<desc>0014r</desc>
			<graphic mimeType="pdf" url="AM%20157%20g%20fol/28/HIGH_QUALITY_DISPLAY"/>
			<graphic mimeType="jpg" url="AM%20157%20g%20fol/28/THUMBNAIL" width="189px" height="300px"/>
			<graphic mimeType="jpg" url="AM%20157%20g%20fol/28/SECONDARY_DISPLAY" width="1955px" height="3104px"/>
			<graphic mimeType="pdf" url="AM%20157%20g%20fol/28/WEB_DISPLAY"/>
		</surface>
		<surface xml:id="AM02-0157g-0014v" n="29">
			<desc>0014v</desc>
			<graphic mimeType="pdf" url="AM%20157%20g%20fol/29/HIGH_QUALITY_DISPLAY"/>
			<graphic mimeType="jpg" url="AM%20157%20g%20fol/29/THUMBNAIL" width="189px" height="300px"/>
			<graphic mimeType="jpg" url="AM%20157%20g%20fol/29/SECONDARY_DISPLAY" width="1955px" height="3104px"/>
			<graphic mimeType="pdf" url="AM%20157%20g%20fol/29/WEB_DISPLAY"/>
		</surface>
		<surface xml:id="AM02-0157g-0015r" n="30">
			<desc>0015r</desc>
			<graphic mimeType="pdf" url="AM%20157%20g%20fol/30/HIGH_QUALITY_DISPLAY"/>
			<graphic mimeType="jpg" url="AM%20157%20g%20fol/30/THUMBNAIL" width="189px" height="300px"/>
			<graphic mimeType="jpg" url="AM%20157%20g%20fol/30/SECONDARY_DISPLAY" width="1955px" height="3104px"/>
			<graphic mimeType="pdf" url="AM%20157%20g%20fol/30/WEB_DISPLAY"/>
		</surface>
		<surface xml:id="AM02-0157g-0015v" n="31">
			<desc>0015v</desc>
			<graphic mimeType="pdf" url="AM%20157%20g%20fol/31/HIGH_QUALITY_DISPLAY"/>
			<graphic mimeType="jpg" url="AM%20157%20g%20fol/31/THUMBNAIL" width="189px" height="300px"/>
			<graphic mimeType="jpg" url="AM%20157%20g%20fol/31/SECONDARY_DISPLAY" width="1955px" height="3104px"/>
			<graphic mimeType="pdf" url="AM%20157%20g%20fol/31/WEB_DISPLAY"/>
		</surface>
		<surface xml:id="AM02-0157g-0016r" n="32">
			<desc>0016r</desc>
			<graphic mimeType="pdf" url="AM%20157%20g%20fol/32/HIGH_QUALITY_DISPLAY"/>
			<graphic mimeType="jpg" url="AM%20157%20g%20fol/32/THUMBNAIL" width="189px" height="300px"/>
			<graphic mimeType="jpg" url="AM%20157%20g%20fol/32/SECONDARY_DISPLAY" width="1955px" height="3104px"/>
			<graphic mimeType="pdf" url="AM%20157%20g%20fol/32/WEB_DISPLAY"/>
		</surface>
		<surface xml:id="AM02-0157g-0016v" n="33">
			<desc>0016v</desc>
			<graphic mimeType="pdf" url="AM%20157%20g%20fol/33/HIGH_QUALITY_DISPLAY"/>
			<graphic mimeType="jpg" url="AM%20157%20g%20fol/33/THUMBNAIL" width="189px" height="300px"/>
			<graphic mimeType="jpg" url="AM%20157%20g%20fol/33/SECONDARY_DISPLAY" width="1955px" height="3104px"/>
			<graphic mimeType="pdf" url="AM%20157%20g%20fol/33/WEB_DISPLAY"/>
		</surface>
		<surface xml:id="AM02-0157g-0017r" n="34">
			<desc>0017r</desc>
			<graphic mimeType="pdf" url="AM%20157%20g%20fol/34/HIGH_QUALITY_DISPLAY"/>
			<graphic mimeType="jpg" url="AM%20157%20g%20fol/34/THUMBNAIL" width="189px" height="300px"/>
			<graphic mimeType="jpg" url="AM%20157%20g%20fol/34/SECONDARY_DISPLAY" width="1955px" height="3104px"/>
			<graphic mimeType="pdf" url="AM%20157%20g%20fol/34/WEB_DISPLAY"/>
		</surface>
		<surface xml:id="AM02-0157g-0017v" n="35">
			<desc>0017v</desc>
			<graphic mimeType="pdf" url="AM%20157%20g%20fol/35/HIGH_QUALITY_DISPLAY"/>
			<graphic mimeType="jpg" url="AM%20157%20g%20fol/35/THUMBNAIL" width="189px" height="300px"/>
			<graphic mimeType="jpg" url="AM%20157%20g%20fol/35/SECONDARY_DISPLAY" width="1955px" height="3104px"/>
			<graphic mimeType="pdf" url="AM%20157%20g%20fol/35/WEB_DISPLAY"/>
		</surface>
		<surface xml:id="AM02-0157g-0018r" n="36">
			<desc>0018r</desc>
			<graphic mimeType="pdf" url="AM%20157%20g%20fol/36/HIGH_QUALITY_DISPLAY"/>
			<graphic mimeType="jpg" url="AM%20157%20g%20fol/36/THUMBNAIL" width="189px" height="300px"/>
			<graphic mimeType="jpg" url="AM%20157%20g%20fol/36/SECONDARY_DISPLAY" width="1955px" height="3104px"/>
			<graphic mimeType="pdf" url="AM%20157%20g%20fol/36/WEB_DISPLAY"/>
		</surface>
		<surface xml:id="AM02-0157g-0018v" n="37">
			<desc>0018v</desc>
			<graphic mimeType="pdf" url="AM%20157%20g%20fol/37/HIGH_QUALITY_DISPLAY"/>
			<graphic mimeType="jpg" url="AM%20157%20g%20fol/37/THUMBNAIL" width="189px" height="300px"/>
			<graphic mimeType="jpg" url="AM%20157%20g%20fol/37/SECONDARY_DISPLAY" width="1955px" height="3104px"/>
			<graphic mimeType="pdf" url="AM%20157%20g%20fol/37/WEB_DISPLAY"/>
		</surface>
		<surface xml:id="AM02-0157g-0019r" n="38">
			<desc>0019r</desc>
			<graphic mimeType="pdf" url="AM%20157%20g%20fol/38/HIGH_QUALITY_DISPLAY"/>
			<graphic mimeType="jpg" url="AM%20157%20g%20fol/38/THUMBNAIL" width="189px" height="300px"/>
			<graphic mimeType="jpg" url="AM%20157%20g%20fol/38/SECONDARY_DISPLAY" width="1955px" height="3104px"/>
			<graphic mimeType="pdf" url="AM%20157%20g%20fol/38/WEB_DISPLAY"/>
		</surface>
		<surface xml:id="AM02-0157g-0019v" n="39">
			<desc>0019v</desc>
			<graphic mimeType="pdf" url="AM%20157%20g%20fol/39/HIGH_QUALITY_DISPLAY"/>
			<graphic mimeType="jpg" url="AM%20157%20g%20fol/39/THUMBNAIL" width="189px" height="300px"/>
			<graphic mimeType="jpg" url="AM%20157%20g%20fol/39/SECONDARY_DISPLAY" width="1955px" height="3104px"/>
			<graphic mimeType="pdf" url="AM%20157%20g%20fol/39/WEB_DISPLAY"/>
		</surface>
		<surface xml:id="AM02-0157g-0020r" n="40">
			<desc>0020r</desc>
			<graphic mimeType="pdf" url="AM%20157%20g%20fol/40/HIGH_QUALITY_DISPLAY"/>
			<graphic mimeType="jpg" url="AM%20157%20g%20fol/40/THUMBNAIL" width="189px" height="300px"/>
			<graphic mimeType="jpg" url="AM%20157%20g%20fol/40/SECONDARY_DISPLAY" width="1955px" height="3104px"/>
			<graphic mimeType="pdf" url="AM%20157%20g%20fol/40/WEB_DISPLAY"/>
		</surface>
		<surface xml:id="AM02-0157g-0020v" n="41">
			<desc>0020v</desc>
			<graphic mimeType="pdf" url="AM%20157%20g%20fol/41/HIGH_QUALITY_DISPLAY"/>
			<graphic mimeType="jpg" url="AM%20157%20g%20fol/41/THUMBNAIL" width="189px" height="300px"/>
			<graphic mimeType="jpg" url="AM%20157%20g%20fol/41/SECONDARY_DISPLAY" width="1955px" height="3104px"/>
			<graphic mimeType="pdf" url="AM%20157%20g%20fol/41/WEB_DISPLAY"/>
		</surface>
		<surface xml:id="AM02-0157g-0021r" n="42">
			<desc>0021r</desc>
			<graphic mimeType="pdf" url="AM%20157%20g%20fol/42/HIGH_QUALITY_DISPLAY"/>
			<graphic mimeType="jpg" url="AM%20157%20g%20fol/42/THUMBNAIL" width="189px" height="300px"/>
			<graphic mimeType="jpg" url="AM%20157%20g%20fol/42/SECONDARY_DISPLAY" width="1955px" height="3104px"/>
			<graphic mimeType="pdf" url="AM%20157%20g%20fol/42/WEB_DISPLAY"/>
		</surface>
		<surface xml:id="AM02-0157g-0021v" n="43">
			<desc>0021v</desc>
			<graphic mimeType="pdf" url="AM%20157%20g%20fol/43/HIGH_QUALITY_DISPLAY"/>
			<graphic mimeType="jpg" url="AM%20157%20g%20fol/43/THUMBNAIL" width="190px" height="300px"/>
			<graphic mimeType="jpg" url="AM%20157%20g%20fol/43/SECONDARY_DISPLAY" width="1967px" height="3104px"/>
			<graphic mimeType="pdf" url="AM%20157%20g%20fol/43/WEB_DISPLAY"/>
		</surface>
		<surface xml:id="AM02-0157g-0022r" n="44">
			<desc>0022r</desc>
			<graphic mimeType="pdf" url="AM%20157%20g%20fol/44/HIGH_QUALITY_DISPLAY"/>
			<graphic mimeType="jpg" url="AM%20157%20g%20fol/44/THUMBNAIL" width="190px" height="300px"/>
			<graphic mimeType="jpg" url="AM%20157%20g%20fol/44/SECONDARY_DISPLAY" width="1967px" height="3104px"/>
			<graphic mimeType="pdf" url="AM%20157%20g%20fol/44/WEB_DISPLAY"/>
		</surface>
		<surface xml:id="AM02-0157g-0022v" n="45">
			<desc>0022v</desc>
			<graphic mimeType="pdf" url="AM%20157%20g%20fol/45/HIGH_QUALITY_DISPLAY"/>
			<graphic mimeType="jpg" url="AM%20157%20g%20fol/45/THUMBNAIL" width="190px" height="300px"/>
			<graphic mimeType="jpg" url="AM%20157%20g%20fol/45/SECONDARY_DISPLAY" width="1967px" height="3104px"/>
			<graphic mimeType="pdf" url="AM%20157%20g%20fol/45/WEB_DISPLAY"/>
		</surface>
		<surface xml:id="AM02-0157g-0023r" n="46">
			<desc>0023r</desc>
			<graphic mimeType="pdf" url="AM%20157%20g%20fol/46/HIGH_QUALITY_DISPLAY"/>
			<graphic mimeType="jpg" url="AM%20157%20g%20fol/46/THUMBNAIL" width="190px" height="300px"/>
			<graphic mimeType="jpg" url="AM%20157%20g%20fol/46/SECONDARY_DISPLAY" width="1967px" height="3104px"/>
			<graphic mimeType="pdf" url="AM%20157%20g%20fol/46/WEB_DISPLAY"/>
		</surface>
		<surface xml:id="AM02-0157g-0023v" n="47">
			<desc>0023v</desc>
			<graphic mimeType="pdf" url="AM%20157%20g%20fol/47/HIGH_QUALITY_DISPLAY"/>
			<graphic mimeType="jpg" url="AM%20157%20g%20fol/47/THUMBNAIL" width="190px" height="300px"/>
			<graphic mimeType="jpg" url="AM%20157%20g%20fol/47/SECONDARY_DISPLAY" width="1967px" height="3104px"/>
			<graphic mimeType="pdf" url="AM%20157%20g%20fol/47/WEB_DISPLAY"/>
		</surface>
		<surface xml:id="AM02-0157g-0024r" n="48">
			<desc>0024r</desc>
			<graphic mimeType="pdf" url="AM%20157%20g%20fol/48/HIGH_QUALITY_DISPLAY"/>
			<graphic mimeType="jpg" url="AM%20157%20g%20fol/48/THUMBNAIL" width="190px" height="300px"/>
			<graphic mimeType="jpg" url="AM%20157%20g%20fol/48/SECONDARY_DISPLAY" width="1967px" height="3104px"/>
			<graphic mimeType="pdf" url="AM%20157%20g%20fol/48/WEB_DISPLAY"/>
		</surface>
		<surface xml:id="AM02-0157g-0024v" n="49">
			<desc>0024v</desc>
			<graphic mimeType="pdf" url="AM%20157%20g%20fol/49/HIGH_QUALITY_DISPLAY"/>
			<graphic mimeType="jpg" url="AM%20157%20g%20fol/49/THUMBNAIL" width="192px" height="300px"/>
			<graphic mimeType="jpg" url="AM%20157%20g%20fol/49/SECONDARY_DISPLAY" width="1987px" height="3104px"/>
			<graphic mimeType="pdf" url="AM%20157%20g%20fol/49/WEB_DISPLAY"/>
		</surface>
		<surface xml:id="AM02-0157g-0025r" n="50">
			<desc>0025r</desc>
			<graphic mimeType="pdf" url="AM%20157%20g%20fol/50/HIGH_QUALITY_DISPLAY"/>
			<graphic mimeType="jpg" url="AM%20157%20g%20fol/50/THUMBNAIL" width="192px" height="300px"/>
			<graphic mimeType="jpg" url="AM%20157%20g%20fol/50/SECONDARY_DISPLAY" width="1987px" height="3104px"/>
			<graphic mimeType="pdf" url="AM%20157%20g%20fol/50/WEB_DISPLAY"/>
		</surface>
		<surface xml:id="AM02-0157g-0025v" n="51">
			<desc>0025v</desc>
			<graphic mimeType="pdf" url="AM%20157%20g%20fol/51/HIGH_QUALITY_DISPLAY"/>
			<graphic mimeType="jpg" url="AM%20157%20g%20fol/51/THUMBNAIL" width="194px" height="300px"/>
			<graphic mimeType="jpg" url="AM%20157%20g%20fol/51/SECONDARY_DISPLAY" width="1987px" height="3080px"/>
			<graphic mimeType="pdf" url="AM%20157%20g%20fol/51/WEB_DISPLAY"/>
		</surface>
		<surface xml:id="AM02-0157g-0026r" n="52">
			<desc>0026r</desc>
			<graphic mimeType="pdf" url="AM%20157%20g%20fol/52/HIGH_QUALITY_DISPLAY"/>
			<graphic mimeType="jpg" url="AM%20157%20g%20fol/52/THUMBNAIL" width="194px" height="300px"/>
			<graphic mimeType="jpg" url="AM%20157%20g%20fol/52/SECONDARY_DISPLAY" width="1987px" height="3080px"/>
			<graphic mimeType="pdf" url="AM%20157%20g%20fol/52/WEB_DISPLAY"/>
		</surface>
		<surface xml:id="AM02-0157g-0026v" n="53">
			<desc>0026v</desc>
			<graphic mimeType="pdf" url="AM%20157%20g%20fol/53/HIGH_QUALITY_DISPLAY"/>
			<graphic mimeType="jpg" url="AM%20157%20g%20fol/53/THUMBNAIL" width="194px" height="300px"/>
			<graphic mimeType="jpg" url="AM%20157%20g%20fol/53/SECONDARY_DISPLAY" width="1987px" height="3080px"/>
			<graphic mimeType="pdf" url="AM%20157%20g%20fol/53/WEB_DISPLAY"/>
		</surface>
		<surface xml:id="AM02-0157g-0027r" n="54">
			<desc>0027r</desc>
			<graphic mimeType="pdf" url="AM%20157%20g%20fol/54/HIGH_QUALITY_DISPLAY"/>
			<graphic mimeType="jpg" url="AM%20157%20g%20fol/54/THUMBNAIL" width="194px" height="300px"/>
			<graphic mimeType="jpg" url="AM%20157%20g%20fol/54/SECONDARY_DISPLAY" width="1987px" height="3080px"/>
			<graphic mimeType="pdf" url="AM%20157%20g%20fol/54/WEB_DISPLAY"/>
		</surface>
		<surface xml:id="AM02-0157g-0027v" n="55">
			<desc>0027v</desc>
			<graphic mimeType="pdf" url="AM%20157%20g%20fol/55/HIGH_QUALITY_DISPLAY"/>
			<graphic mimeType="jpg" url="AM%20157%20g%20fol/55/THUMBNAIL" width="194px" height="300px"/>
			<graphic mimeType="jpg" url="AM%20157%20g%20fol/55/SECONDARY_DISPLAY" width="1987px" height="3080px"/>
			<graphic mimeType="pdf" url="AM%20157%20g%20fol/55/WEB_DISPLAY"/>
		</surface>
		<surface xml:id="AM02-0157g-0028r" n="56">
			<desc>0028r</desc>
			<graphic mimeType="pdf" url="AM%20157%20g%20fol/56/HIGH_QUALITY_DISPLAY"/>
			<graphic mimeType="jpg" url="AM%20157%20g%20fol/56/THUMBNAIL" width="194px" height="300px"/>
			<graphic mimeType="jpg" url="AM%20157%20g%20fol/56/SECONDARY_DISPLAY" width="1987px" height="3080px"/>
			<graphic mimeType="pdf" url="AM%20157%20g%20fol/56/WEB_DISPLAY"/>
		</surface>
		<surface xml:id="AM02-0157g-0028v" n="57">
			<desc>0028v</desc>
			<graphic mimeType="pdf" url="AM%20157%20g%20fol/57/HIGH_QUALITY_DISPLAY"/>
			<graphic mimeType="jpg" url="AM%20157%20g%20fol/57/THUMBNAIL" width="194px" height="300px"/>
			<graphic mimeType="jpg" url="AM%20157%20g%20fol/57/SECONDARY_DISPLAY" width="1987px" height="3080px"/>
			<graphic mimeType="pdf" url="AM%20157%20g%20fol/57/WEB_DISPLAY"/>
		</surface>
		<surface xml:id="AM02-0157g-0029r" n="58">
			<desc>0029r</desc>
			<graphic mimeType="pdf" url="AM%20157%20g%20fol/58/HIGH_QUALITY_DISPLAY"/>
			<graphic mimeType="jpg" url="AM%20157%20g%20fol/58/THUMBNAIL" width="194px" height="300px"/>
			<graphic mimeType="jpg" url="AM%20157%20g%20fol/58/SECONDARY_DISPLAY" width="1987px" height="3080px"/>
			<graphic mimeType="pdf" url="AM%20157%20g%20fol/58/WEB_DISPLAY"/>
		</surface>
		<surface xml:id="AM02-0157g-0029v" n="59">
			<desc>0029v</desc>
			<graphic mimeType="pdf" url="AM%20157%20g%20fol/59/HIGH_QUALITY_DISPLAY"/>
			<graphic mimeType="jpg" url="AM%20157%20g%20fol/59/THUMBNAIL" width="194px" height="300px"/>
			<graphic mimeType="jpg" url="AM%20157%20g%20fol/59/SECONDARY_DISPLAY" width="1987px" height="3080px"/>
			<graphic mimeType="pdf" url="AM%20157%20g%20fol/59/WEB_DISPLAY"/>
		</surface>
		<surface xml:id="AM02-0157g-0030r" n="60">
			<desc>0030r</desc>
			<graphic mimeType="pdf" url="AM%20157%20g%20fol/60/HIGH_QUALITY_DISPLAY"/>
			<graphic mimeType="jpg" url="AM%20157%20g%20fol/60/THUMBNAIL" width="194px" height="300px"/>
			<graphic mimeType="jpg" url="AM%20157%20g%20fol/60/SECONDARY_DISPLAY" width="1987px" height="3080px"/>
			<graphic mimeType="pdf" url="AM%20157%20g%20fol/60/WEB_DISPLAY"/>
		</surface>
		<surface xml:id="AM02-0157g-0030v" n="61">
			<desc>0030v</desc>
			<graphic mimeType="pdf" url="AM%20157%20g%20fol/61/HIGH_QUALITY_DISPLAY"/>
			<graphic mimeType="jpg" url="AM%20157%20g%20fol/61/THUMBNAIL" width="194px" height="300px"/>
			<graphic mimeType="jpg" url="AM%20157%20g%20fol/61/SECONDARY_DISPLAY" width="1987px" height="3080px"/>
			<graphic mimeType="pdf" url="AM%20157%20g%20fol/61/WEB_DISPLAY"/>
		</surface>
		<surface xml:id="AM02-0157g-0031r" n="62">
			<desc>0031r</desc>
			<graphic mimeType="pdf" url="AM%20157%20g%20fol/62/HIGH_QUALITY_DISPLAY"/>
			<graphic mimeType="jpg" url="AM%20157%20g%20fol/62/THUMBNAIL" width="194px" height="300px"/>
			<graphic mimeType="jpg" url="AM%20157%20g%20fol/62/SECONDARY_DISPLAY" width="1987px" height="3080px"/>
			<graphic mimeType="pdf" url="AM%20157%20g%20fol/62/WEB_DISPLAY"/>
		</surface>
		<surface xml:id="AM02-0157g-0031v" n="63">
			<desc>0031v</desc>
			<graphic mimeType="pdf" url="AM%20157%20g%20fol/63/HIGH_QUALITY_DISPLAY"/>
			<graphic mimeType="jpg" url="AM%20157%20g%20fol/63/THUMBNAIL" width="194px" height="300px"/>
			<graphic mimeType="jpg" url="AM%20157%20g%20fol/63/SECONDARY_DISPLAY" width="1987px" height="3080px"/>
			<graphic mimeType="pdf" url="AM%20157%20g%20fol/63/WEB_DISPLAY"/>
		</surface>
		<surface xml:id="AM02-0157g-0032r" n="64">
			<desc>0032r</desc>
			<graphic mimeType="pdf" url="AM%20157%20g%20fol/64/HIGH_QUALITY_DISPLAY"/>
			<graphic mimeType="jpg" url="AM%20157%20g%20fol/64/THUMBNAIL" width="194px" height="300px"/>
			<graphic mimeType="jpg" url="AM%20157%20g%20fol/64/SECONDARY_DISPLAY" width="1987px" height="3080px"/>
			<graphic mimeType="pdf" url="AM%20157%20g%20fol/64/WEB_DISPLAY"/>
		</surface>
		<surface xml:id="AM02-0157g-0032v" n="65">
			<desc>0032v</desc>
			<graphic mimeType="pdf" url="AM%20157%20g%20fol/65/HIGH_QUALITY_DISPLAY"/>
			<graphic mimeType="jpg" url="AM%20157%20g%20fol/65/THUMBNAIL" width="194px" height="300px"/>
			<graphic mimeType="jpg" url="AM%20157%20g%20fol/65/SECONDARY_DISPLAY" width="1987px" height="3080px"/>
			<graphic mimeType="pdf" url="AM%20157%20g%20fol/65/WEB_DISPLAY"/>
		</surface>
		<surface xml:id="AM02-0157g-0033r" n="66">
			<desc>0033r</desc>
			<graphic mimeType="pdf" url="AM%20157%20g%20fol/66/HIGH_QUALITY_DISPLAY"/>
			<graphic mimeType="jpg" url="AM%20157%20g%20fol/66/THUMBNAIL" width="194px" height="300px"/>
			<graphic mimeType="jpg" url="AM%20157%20g%20fol/66/SECONDARY_DISPLAY" width="1987px" height="3080px"/>
			<graphic mimeType="pdf" url="AM%20157%20g%20fol/66/WEB_DISPLAY"/>
		</surface>
		<surface xml:id="AM02-0157g-0033v" n="67">
			<desc>0033v</desc>
			<graphic mimeType="pdf" url="AM%20157%20g%20fol/67/HIGH_QUALITY_DISPLAY"/>
			<graphic mimeType="jpg" url="AM%20157%20g%20fol/67/THUMBNAIL" width="194px" height="300px"/>
			<graphic mimeType="jpg" url="AM%20157%20g%20fol/67/SECONDARY_DISPLAY" width="1987px" height="3080px"/>
			<graphic mimeType="pdf" url="AM%20157%20g%20fol/67/WEB_DISPLAY"/>
		</surface>
		<surface xml:id="AM02-0157g-0034r" n="68">
			<desc>0034r</desc>
			<graphic mimeType="pdf" url="AM%20157%20g%20fol/68/HIGH_QUALITY_DISPLAY"/>
			<graphic mimeType="jpg" url="AM%20157%20g%20fol/68/THUMBNAIL" width="194px" height="300px"/>
			<graphic mimeType="jpg" url="AM%20157%20g%20fol/68/SECONDARY_DISPLAY" width="1987px" height="3080px"/>
			<graphic mimeType="pdf" url="AM%20157%20g%20fol/68/WEB_DISPLAY"/>
		</surface>
		<surface xml:id="AM02-0157g-0034v" n="69">
			<desc>0034v</desc>
			<graphic mimeType="pdf" url="AM%20157%20g%20fol/69/HIGH_QUALITY_DISPLAY"/>
			<graphic mimeType="jpg" url="AM%20157%20g%20fol/69/THUMBNAIL" width="194px" height="300px"/>
			<graphic mimeType="jpg" url="AM%20157%20g%20fol/69/SECONDARY_DISPLAY" width="2023px" height="3128px"/>
			<graphic mimeType="pdf" url="AM%20157%20g%20fol/69/WEB_DISPLAY"/>
		</surface>
		<surface xml:id="AM02-0157g-9999r-RB" n="70">
			<desc>9999r-RB</desc>
			<graphic mimeType="pdf" url="AM%20157%20g%20fol/70/HIGH_QUALITY_DISPLAY"/>
			<graphic mimeType="jpg" url="AM%20157%20g%20fol/70/THUMBNAIL" width="194px" height="300px"/>
			<graphic mimeType="jpg" url="AM%20157%20g%20fol/70/SECONDARY_DISPLAY" width="2023px" height="3128px"/>
			<graphic mimeType="pdf" url="AM%20157%20g%20fol/70/WEB_DISPLAY"/>
		</surface>
		<surface xml:id="AM02-0157g-9999v-RB" n="71">
			<desc>9999v-RB</desc>
			<graphic mimeType="pdf" url="AM%20157%20g%20fol/71/HIGH_QUALITY_DISPLAY"/>
			<graphic mimeType="jpg" url="AM%20157%20g%20fol/71/THUMBNAIL" width="200px" height="296px"/>
			<graphic mimeType="jpg" url="AM%20157%20g%20fol/71/SECONDARY_DISPLAY" width="2112px" height="3128px"/>
			<graphic mimeType="pdf" url="AM%20157%20g%20fol/71/WEB_DISPLAY"/>
		</surface>
		<surface xml:id="AM02-0157g-ccp" n="72">
			<desc>ccp</desc>
			<graphic mimeType="pdf" url="AM%20157%20g%20fol/72/HIGH_QUALITY_DISPLAY"/>
			<graphic mimeType="jpg" url="AM%20157%20g%20fol/72/THUMBNAIL" width="199px" height="300px"/>
			<graphic mimeType="jpg" url="AM%20157%20g%20fol/72/SECONDARY_DISPLAY" width="1408px" height="2120px"/>
			<graphic mimeType="pdf" url="AM%20157%20g%20fol/72/WEB_DISPLAY"/>
		</surface>
	</facsimile>
	<text>
		<body>

			<p/>
		</body>
	</text>
</TEI>