<?xml version="1.0" encoding="UTF-8"?>
<?oxygen RNGSchema="http://www.handrit.is/schema/handrit-1.0.rnc" type="compact"?><TEI xmlns="http://www.tei-c.org/ns/1.0">
    <teiHeader>
        <fileDesc>
            <titleStmt>
                <title type="main">AM 75 e I-V fol.</title>
            </titleStmt>
            <publicationStmt>
                <authority>Den Arnamagnæanske Samling</authority>
                <pubPlace>København</pubPlace>
            </publicationStmt>
            <sourceDesc>
                <msDesc xml:id="AM02-0075-e-1-5-en" xml:lang="en">
                    <msIdentifier>
                        <country>Danmark</country>
                        <settlement>København</settlement>
                        <repository>Den Arnamagnæanske Samling</repository>
                        <idno>AM 75 e I-V fol.</idno>
                        <altIdentifier type="internal" subtype="KKKat">
                            <idno>91</idno>
                        </altIdentifier>
                    </msIdentifier>
                    <head>
                        <title>Ólafs saga helga</title>
                        <origPlace>Iceland</origPlace>
                        <origDate notBefore="1300" notAfter="1400">s. XIV 1/4, s. XIV 2/4, s.
                            XV</origDate>
                    </head>
                    <msPart n="I">
                        <altIdentifier type="partial">
                            <idno>AM 75 e I fol.</idno>
                        </altIdentifier>
                        <msContents>
                            <msItem n="1" defective="true">
                                <locus from="1r" to="1v">1r-2v</locus>
                                <title type="uniform">Ólafs saga helga</title>
                                <textLang mainLang="non">Old Norse/Icelandic</textLang>
                                <msItem n="1.1" defective="true">
                                    <locus from="1r" to="1v">1r-v</locus>
                                    <incipit defective="true">
                              <supplied reason="damage">hug</supplied>þak sva sn<ex>er</ex>to</incipit>
                                    <explicit defective="true">Sva ko<ex>m</ex> at
                                        bænd<ex>r</ex>
                           </explicit>
                                </msItem>
                                <msItem n="1.2" defective="true">
                                    <locus from="2r" to="2v">2r-v</locus>
                                    <incipit defective="true">þ<ex>vi</ex> at k<ex>onungr</ex>
                                            m<ex>æ</ex>l<ex>t</ex>i</incipit>
                                    <explicit defective="true">Ek hefi spvrt, at m<ex>eð</ex>
                                        <gap reason="damage"/> igoðv</explicit>
                                </msItem>
                            </msItem>
                        </msContents>
                        <physDesc>
                            <objectDesc form="codex">
                                <supportDesc material="perg">
                                    <support>
                                        <p>
                                            <material>Parchment</material>
                                        </p>
                                    </support>
                                    <extent>2. <dimensions type="leaf" scope="all">
                                            <height>212</height>
                                            <width>145</width>
                                        </dimensions>
                           </extent>
                                    <collation>
                                        <p>The two leaves are conjoint.</p>
                                    </collation>
                                </supportDesc>
                            </objectDesc>
                        </physDesc>
                        <history>
                            <origin notBefore="1300" notAfter="1325" cert="high" evidence="conjecture">
                                <p>Written in <origPlace>Iceland</origPlace>. Kristian Kålund dated
                                    the manuscript <date>around 1300</date> (<bibl>
                                        <ref type="secondary-1" target="KKKat">Katalog over Den
                                            Arnamagnæanske Håndskriftsamling</ref>
                                    </bibl>) whereas <name type="person" key="OscJoh001">Oscar Albert
                                        Johnsen</name> and <name type="person" key="JonHel003">Jón
                                        Helgason</name> dated it <origDate>the first quarter of the
                                        fourteenth century</origDate> (<bibl>
                              <ref type="secondary-1" target="OlHJH">Jonhsen &amp; Jón Helgason
                                        1941</ref>, p. 957</bibl>).</p>
                            </origin>
                            <acquisition>
                                <p>On an AM-slip pasted between the two leaves, Árni Magnússon tells
                                    that he got them from <name type="person" key="MagEin005">Magnús
                                        Einarsson</name> in <date>1719</date>: <q xml:lang="is">Þesse .2. blỏd ur Olafs Sỏgu Helga
                                        feck eg 1719. fra Magnuse Einarssyne frä Iỏrfa i
                                        Haukadal. Enn han<ex>n</ex> hafde feinged þau af
                                            man<ex>n</ex>e, sem nylega hafde flutt sig nordan ur
                                        lande þängad i Haukadalen<ex>n</ex>
                           </q>.</p>
                            </acquisition>
                        </history>
                    </msPart>
                    <msPart n="II">
                        <altIdentifier type="partial">
                            <idno>AM 75 e II fol.</idno>
                        </altIdentifier>
                        <msContents>
                            <msItem n="1" defective="true">
                                <locus from="1r" to="3v">1r-3v</locus>
                                <title type="uniform">Ólafs saga helga</title>
                                <msItem n="1.1" defective="true">
                                    <locus from="1r" to="1v">1r-v</locus>
                                    <incipit defective="true">þ<ex>ei</ex>m m<ex>onnu</ex>m er
                                        hingat vilia sækia m<ex>eð</ex> vinatto</incipit>
                                    <explicit defective="true">þ<ex>at</ex> san<ex>n</ex>ast fra at
                                        segia</explicit>
                                </msItem>
                                <msItem n="1.2" defective="true">
                                    <locus from="2r" to="2v">2r-v</locus>
                                    <incipit defective="true">sina str þangat til
                                            f<ex>ri</ex>þgerðar</incipit>
                                    <explicit defective="true">ok hef<ex>ir</ex> h<ex>ann</ex> þar
                                            v<ex>ið</ex> allt</explicit>
                                </msItem>
                                <msItem n="1.3" defective="true">
                                    <locus from="3r" to="3v">3r-v</locus>
                                    <incipit defective="true">er sendim<ex>enn</ex> hitto
                                        kalf</incipit>
                                    <explicit defective="true">er h<ex>ann</ex> ko<ex>m</ex> a
                                            halogal<ex>an</ex>d. þa stefndi</explicit>
                                </msItem>
                            </msItem>
                        </msContents>
                        <physDesc>
                            <objectDesc form="codex">
                                <supportDesc material="perg">
                                    <support>
                                        <p>
                                            <material>Parchment</material>
                                        </p>
                                    </support>
                                    <extent>3. <dimensions type="leaf" scope="all">
                                            <height>224</height>
                                            <width>156</width>
                                        </dimensions>
                           </extent>
                                </supportDesc>
                            </objectDesc>
                        </physDesc>
                        <history>
                            <origin notBefore="1300" notAfter="1325" cert="high" evidence="conjecture">
                                <p>Written in <origPlace>Iceland</origPlace>. Kristian Kålund dated
                                    the manuscript <date>around 1300</date> (<bibl>
                                        <ref type="secondary-1" target="KKKat">Katalog over Den
                                            Arnamagnæanske Håndskriftsamling</ref>
                                    </bibl>) whereas <name type="person" key="OscJoh001">Oscar Albert
                                        Johnsen</name> and <name type="person" key="JonHel003">Jón
                                        Helgason</name> dated it <origDate>the first quarter of the
                                        fourteenth century</origDate> (<bibl>
                              <ref type="secondary-1" target="OlHJH">Jonhsen &amp; Jón Helgason
                                        1941</ref>, p. 957</bibl>).</p>
                            </origin>
                        </history>
                    </msPart>
                    <msPart n="III">
                        <altIdentifier type="partial">
                            <idno>AM 75 e III fol.</idno>
                        </altIdentifier>
                        <msContents>
                            <msItem n="1" defective="true">
                                <locus from="1r" to="2v">1r-2v</locus>
                                <title type="uniform">Ólafs saga helga</title>
                                <incipit defective="true">gort v<ex>er</ex>it at b<ex>er</ex>ia menn
                                    mína</incipit>
                                <explicit defective="true">þa stoð vpp m<ex>aðr</ex> a
                                    þinginu</explicit>
                            </msItem>
                        </msContents>
                        <physDesc>
                            <objectDesc form="codex">
                                <supportDesc material="perg">
                                    <support>
                                        <p>
                                            <material>Parchment</material>
                                        </p>
                                    </support>
                                    <extent>2. <dimensions type="leaf" scope="all">
                                            <height>220</height>
                                            <width>142</width>
                                        </dimensions>
                           </extent>
                                </supportDesc>
                            </objectDesc>
                        </physDesc>
                        <history>
                            <origin notBefore="1325" notAfter="1350" cert="high" evidence="conjecture">
                                <p>Written in <origPlace>Iceland</origPlace>. Kristian Kålund dated
                                    the manuscript to <date>the fourteenth century</date> (<bibl>
                                        <ref type="secondary-1" target="KKKat">Katalog over Den
                                            Arnamagnæanske Håndskriftsamling</ref>
                                    </bibl>) whereas <name type="person" key="OscJoh001">Oscar Albert
                                        Johnsen</name> and <name type="person" key="JonHel003">Jón
                                        Helgason</name> dated it more precisely to <origDate>the
                                        second quarter of the fourteenth century</origDate>
                                            (<bibl>
                              <ref type="secondary-1" target="OlHJH">Jonhsen
                                            &amp; Jón Helgason 1941</ref>, p. 958,
                                    914</bibl>).</p>
                            </origin>
                        </history>
                    </msPart>
                    <msPart n="IV">
                        <altIdentifier type="partial">
                            <idno>AM 75 e 4 IV fol.</idno>
                        </altIdentifier>
                        <msContents>
                            <msItem n="1" defective="true">
                                <locus from="1r" to="1v">1r-v</locus>
                                <title type="uniform">Ólafs saga helga</title>
                                <incipit defective="true">
                           <gap reason="lacuna"/>verri. at ek sia
                                        n<ex>ær</ex> yðr staddr </incipit>
                                <explicit defective="true">Nv mu<ex>n</ex> ec trva
                                    þ<ex>vi</ex>
                        </explicit>
                            </msItem>
                        </msContents>
                        <physDesc>
                            <objectDesc form="codex">
                                <supportDesc material="perg">
                                    <support>
                                        <p>
                                            <material>Parchment</material>
                                        </p>
                                    </support>
                                    <extent>1. <dimensions type="leaf" scope="all">
                                            <height>220</height>
                                            <width>155</width>
                                        </dimensions>
                           </extent>
                                    <condition>
                                        <p>The leaf is worn and the first line cut out due to its
                                            former use as a cover. The colour of an initial
                                            containing a copper connection has now corroded the
                                            vellum.</p>
                                    </condition>
                                </supportDesc>
                            </objectDesc>
                        </physDesc>
                        <history>
                            <origin notBefore="1350" notAfter="1400" cert="high" evidence="conjecture">
                                <p>Written in <origPlace>Iceland</origPlace>. Kristian Kålund dated
                                    the manuscript <date>the first half of the fourteenth
                                        century</date> (<bibl>
                                        <ref type="secondary-1" target="KKKat">Katalog over Den
                                            Arnamagnæanske Håndskriftsamling</ref>
                                    </bibl>) whereas <name type="person" key="OscJoh001">Johnsen</name> and <name type="person" key="JonHel003">Jón
                                        Helgason</name> dated it <origDate>the second half of the
                                        fourteenth century</origDate> (<bibl>
                              <ref type="secondary-1" target="OlHJH">Jonhsen &amp; Jón Helgason
                                        1941</ref>, p. 956</bibl>).</p>
                            </origin>
                            <acquisition>
                                <p>On the leaf <name type="person" key="ArnMag001">Árni
                                        Magnússon</name> wrote: <q xml:lang="is">Fra Monsr. <name type="person" key="SigVig001">Sigurdi Vigfussyne</name>
                                        <date>1725</date>
                           </q>.</p>
                            </acquisition>
                        </history>
                    </msPart>
                    <msPart n="V">
                        <altIdentifier type="partial">
                            <idno>AM 75 e V fol.</idno>
                        </altIdentifier>
                        <msContents>
                            <msItem n="1" defective="true">
                                <locus from="1r" to="9v">1r-9v</locus>
                                <title type="uniform">Þáttr Ólafs Geirstaðaálfs</title>
                            </msItem>
                            <msItem n="2" defective="true">
                                <locus from="9v" to="10v">9v-10v</locus>
                                <title type="uniform">Þáttr af Ísleifi biskupi</title>
                            </msItem>
                            <msItem n="3" defective="true">
                                <locus from="11r" to="15v">11r-15v</locus>
                                <title type="uniform">Fóstbrædra saga</title>
                            </msItem>
                        </msContents>
                        <physDesc>
                            <objectDesc form="codex">
                                <supportDesc material="perg">
                                    <support>
                                        <p>
                                            <material>Parchment</material>
                                        </p>
                                    </support>
                                    <extent>15 leaves and fragment leaves. <dimensions type="leaf" scope="most">
                                            <height>146</height>
                                            <width>115</width>
                                        </dimensions>
                           </extent>
                                    <condition>
                                        <p>The leaves are considerably damaged and partly
                                            illegible.</p>
                                    </condition>
                                </supportDesc>
                            </objectDesc>
                        </physDesc>
                        <history>
                            <origin notBefore="1400" notAfter="1500" cert="high" evidence="conjecture">
                                <p>Written in <origPlace>Iceland</origPlace> in <origDate>the
                                        fifteenth century</origDate>.</p>
                            </origin>
                        </history>
                    </msPart>
                </msDesc>
            </sourceDesc>
        </fileDesc>
    </teiHeader>
    <facsimile>
        <surface/>
    </facsimile>
</TEI>