<?xml version="1.0" encoding="UTF-8"?>
<?oxygen RNGSchema="http://www.handrit.is/schema/handrit-1.0.rnc" type="compact"?>
<TEI xmlns="http://www.tei-c.org/ns/1.0">
   <teiHeader>
      <fileDesc>
         <titleStmt>
            <title type="main"/>
         </titleStmt>
         <publicationStmt>
            <authority>Den Arnamagnæanske Samling</authority>
            <pubPlace>København</pubPlace>
         </publicationStmt>
         <sourceDesc>
            <msDesc xml:id="AM02-009-da" xml:lang="da">
               <msIdentifier>
                  <country>Danmark</country>
                  <settlement>København</settlement>
                  <repository>Den Arnamagnæanske Samling</repository>
                  <idno>AM 9 fol.</idno>
                  <altIdentifier type="internal" subtype="KKKat">
                     <idno>18</idno>
                  </altIdentifier>
               </msIdentifier>
               <head>
                  <title type="uniform" xml:lang="is">Hrólfs saga kraka</title>;
                     <origPlace>Island</origPlace>, <origDate notBefore="1600" notAfter="1699" evidence="conjecture" resp="KKKat">s. XVII</origDate>
               </head>
               <msContents>
                  <msItem n="1" class="forn" defective="false">
                     <title type="uniform">Hrólfs saga kraka ok kappa hans</title>
                     <textLang mainLang="is">Islandsk</textLang>
                     <filiation>Det er blevet formodet, at sagaen er afskrevet efter et
                        pergamenthåndskrift, fx <name type="person">Kålund</name>
                        <bibl>
                           <ref type="secondary" target="KKKat">Katalog</ref>
                           <biblScope type="volume">I</biblScope>
                           <biblScope type="pages">9</biblScope>
                        </bibl> og <name type="person" key="FinJon002">Finnur Jónsson</name>
                        <bibl>
                           <ref type="secondary" target="STUAGNL32">Hrólfs saga kraka og
                              Bjarkarímur</ref>
                           <biblScope type="pages">i</biblScope>
                        </bibl>, men Slay <bibl>
                           <ref type="secondary" target="BiblArn24">The Manuscripts of Hrólfs saga
                              kraka</ref>
                        </bibl> mener dog, at AM 9 fol er en kopi af papirhåndskriftet <ref type="ms" target="AM02-012-b-da">AM 12 b fol</ref>, selvom der er en del
                        afvigelser mellem AM 9 fol og AM 12 b fol.</filiation>
                     <listBibl>
                        <bibl>Rafn: <ref type="primary" target="FASNRafn">Fornaldar sögur
                              Nordrlanda</ref>
                           <biblScope type="volume">I</biblScope>
                           <note>Udg. A</note>
                        </bibl>
                        <bibl>Finnur Jónsson: <ref type="primary" target="STUAGNL32">Hrólfs saga
                              kraka og Bjarkarímur</ref>
                        </bibl>
                        <bibl>Slay: <ref type="primary" target="EA-B1">Hrólfs saga kraka</ref>
                           <note>Udg. cit., var.app. (“9”)</note>
                        </bibl>
                     </listBibl>
                     <note>Sagaen er inddelt i kapitler uden tal. Dog inddelt i <foreign xml:lang="is">þættir</foreign> af hvilke <title type="supplied">Fróða
                           þáttr</title> er den første.</note>
                     <msItem n="1.1">
                        <locus from="1r" facs="#AM02-009-0001r" to="6r:16">1r-6r:16</locus>
                        <title type="uniform">Fróða þáttr</title>
                        <rubric>Frőda þttur</rubric>
                        <incipit>
                           <supplied reason="omitted">M</supplied>adur hiet Halfdan. En<ex>n</ex>
                              an<ex>n</ex>
                           <ex>ar</ex> Frőde <lb/> brædur tveir og Konga sner.</incipit>
                        <explicit>En<ex>n</ex> vppbyriast fra Hroar <ex>og</ex> Helga Halfdanar
                           sonum</explicit>
                     </msItem>
                     <msItem n="1.2">
                        <locus from="6r:17" facs="#AM02-009-6r:17" to="11r:23">6r:17-11r:23</locus>
                        <rubric>Af Hroar Og Helga Half<lb/>danar Sonum.</rubric>
                        <incipit>
                           <supplied reason="omitted">K</supplied>őngur hiet Nordre. Han<ex>n</ex>
                           ried fyr<ex>er</ex> nockrum hluta Einglands.</incipit>
                        <explicit>Þau Yrsa un<ex>n</ex>ust mked <ex>og</ex> attu eirn son
                              þ<ex>an</ex>n Hrolf<ex>ur</ex>
                           <lb/> hiet / er mykill mæta m<ex>adur</ex> vard sdan<ex>n</ex>
                        </explicit>
                     </msItem>
                     <msItem n="1.3">
                        <locus from="11r:24" facs="#AM02-009-11r:24" to="14r:8">11r:24-14r:8</locus>
                        <title type="supplied">
                           <q xml:lang="is">Fra Helga konge Halfdanarsyne</q>
                        </title>
                        <incipit>Olof drottning spr ad þau Helge k<ex>onun</ex>gr <ex>og</ex> Yrsa
                              vn<ex>n</ex>tuzt <lb/> mked <ex>og</ex> vna vel rade snv.</incipit>
                        <explicit>Og lykur hier þætte Helga kőngs.</explicit>
                     </msItem>
                     <msItem n="1.4">
                        <locus from="14r:11" facs="#AM02-009-14r:11" to="17v:15">14r:9-17v:15</locus>
                        <title type="supplied">
                           <q xml:lang="is">Fra Adels konge Og Yrsu drottningu</q>
                        </title>
                        <incipit>Adels kőng<ex>ur</ex> hrosade nv Sigre <ex>og</ex> þottist <lb/>
                           miaug hafa framast er h<ex>a</ex>n van<ex>n</ex> kong so agjæt <lb/>
                              an<ex>n</ex> sem Helge v<ex>ar</ex>
                        </incipit>
                        <explicit>en<ex>n</ex> honum<ex>m</ex> þotte raunar ecke mle skypta þott
                           Suipdagur feinge osigur <ex>og</ex> stynge nid<ex>ur</ex> nøsum<ex>m</ex>
                        </explicit>
                     </msItem>
                     <msItem n="1.5">
                        <locus from="17v:16" facs="#AM02-009-17v:16" to="48r">17v:16-48r</locus>
                        <title type="supplied">
                           <q xml:lang="is">Fra Hrolfe kőnge Kr<ex>aka</ex>
                           </q>
                        </title>
                        <incipit>Nu buazt þ<ex>ei</ex>r brædur j burt <ex>og</ex> stodar ecke ad
                           hamla <lb/> þeim.</incipit>
                        <explicit>Og endar hier Søgu Hrolfs <lb/> kongs Kraka / Og kappa
                              han<ex>n</ex>s.</explicit>
                     </msItem>
                  </msItem>
               </msContents>
               <physDesc>
                  <objectDesc form="codex">
                     <supportDesc material="chart">
                        <support>
                           <p>
                              <material>Papir</material>
                           </p>
                        </support>
                        <extent>48. 48v er ubeskrevet <dimensions type="leaf" scope="all" unit="mm">
                              <height>305</height>
                              <width>195</width>
                           </dimensions>
                        </extent>
                        <foliation>Foliering 1-48 med rødt blæk ved <name type="person" key="KriKaa001">Kristian Kålund</name>.</foliation>
                     </supportDesc>
                     <layoutDesc>
                        <layout columns="1" writtenLines="25 26">Teksten er enspaltet med 25-26
                           linjer pr. side. Kolumnetitler. Der er tomme pladser til senere
                           udfyldning af initialer.</layout>
                     </layoutDesc>
                  </objectDesc>
                  <handDesc>
                     <handNote scope="sole" scribe="JonErl001" script="unknown">Skrevet af Jón
                        Erlendsson fra <name type="place" key="VilVil01">Villingaholt</name>.
                        Skriften er klar og tydelig.</handNote>
                  </handDesc>
                  <additions>Marginalhenvisninger på de første par blade.</additions>
                  <bindingDesc>
                     <binding notBefore="1700" notAfter="1724" contemporary="false">
                        <p>Fra perioden <date from="1700" to="1730">1700-1730</date>. Helbind i
                           pergament med gennemtrukne stropper. På ryggen ses, under en grøn seddel,
                           rygttitlen: <q xml:lang="is">Hrolfs Kraka Saga.</q> muligvis med <name type="person" key="ArnMag001">Arne Magnussons</name> hånd. På forreste
                           friblad, recto, har <name type="person" key="KriKaa001">Kålund</name>
                           under AM-seddelen noteret datoen <date when="1885-06-05">5/6 - 85</date>.
                           Bindstørrelse: <dimensions type="binding" unit="mm">
                              <height>307</height>
                              <width>202</width>
                              <depth>15</depth>
                           </dimensions>
                        </p>
                     </binding>
                  </bindingDesc>
                  <accMat>Der er en AM-seddel, som er sat fast forrest i håndskriftet. På den står
                     der: <q xml:lang="is">Hrolfs karaka saga <lb/> med . hendi S<ex>era</ex> Jons i
                        Villinga Hollte <lb/> lied mier af Jonn Þorlakssyne 1709. <lb/> og
                           sidan<ex>n</ex> salld 1710. <lb/> var tilforna i in<ex>n</ex>bundinni
                        bok. <lb/> Þessa Hrolfs Sögu hefi eg läted con<lb/>ferera vid eitt mitt
                        exemplar in 4to</q>
                  </accMat>
               </physDesc>
               <history>
                  <origin> Skrevet i <origPlace>Island</origPlace> i <origDate notBefore="1600" notAfter="1699" evidence="conjecture">1600-tallet</origDate>. </origin>
                  <!-- <provenance> Da <name type="person" key="JonErl001">Jón Erlendsson</name> var 
                     skriver for Hólar-biskoppen <name type="person" key="BrySve001">Brynjólfur
                     Sveinsson</name> kan det formodes at håndskriftet tilhørte…</provenance> -->
                  <acquisition>Det eneste, vi ved med sikkerhed om håndskriftets historie, er
                     hvordan <name type="person" key="ArnMag001">Arne Magnusson</name> erhvervede
                     det. På AM-sedlen har han skrevet, at han lånte den af <name type="person" key="JonTho012">Jón Þorláksson</name> i <date when="1709">1709</date> og
                     senere købte den af ham i <date when="1710">1710</date>. Dengang var AM 9 fol
                     indbundet forrest i en større bog. Arne Magnusson tog sagaen ud af den bog, den
                     var indbundet i og den blev senere indbundet for sig.</acquisition>
               </history>
               <additional>
                  <adminInfo>
                     <recordHist>
                        <source>
                           <p>Katalogiseret <date when="2009-02-18">18 februar 2009</date> af <name type="person" key="EvaWed001">EW-J</name>.</p>
                        </source>
                     </recordHist>
                  </adminInfo>
                  <listBibl>
                     <bibl>Kålund: <ref type="secondary" target="KKKat">Katalog</ref>
                        <biblScope type="volume">I</biblScope>
                        <biblScope type="pages">9-10</biblScope>
                     </bibl>
                     <bibl>Slay: <ref type="secondary" target="BiblArn24">The manuscripts of Hrólfs
                           saga kraka</ref>
                        <biblScope type="pages">6-10</biblScope>
                     </bibl>
                  </listBibl>
               </additional>
            </msDesc>
         </sourceDesc>
      </fileDesc>
   </teiHeader>
	<facsimile xml:base="https://myndir.handrit.is/file/Handrit.is/">
		<surface xml:id="AM02-009-0000r-FB" n="0">
			<desc>0000r-FB</desc>
			<graphic mimeType="pdf" url="AM%209%20fol./0/HIGH_QUALITY_DISPLAY"/>
			<graphic mimeType="jpg" url="AM%209%20fol./0/THUMBNAIL" width="200px" height="283px"/>
			<graphic mimeType="jpg" url="AM%209%20fol./0/SECONDARY_DISPLAY" width="2472px" height="3496px"/>
			<graphic mimeType="pdf" url="AM%209%20fol./0/WEB_DISPLAY"/>
		</surface>
		<surface xml:id="AM02-009-0000v-FB" n="1">
			<desc>0000v-FB</desc>
			<graphic mimeType="pdf" url="AM%209%20fol./1/HIGH_QUALITY_DISPLAY"/>
			<graphic mimeType="jpg" url="AM%209%20fol./1/THUMBNAIL" width="200px" height="282px"/>
			<graphic mimeType="jpg" url="AM%209%20fol./1/SECONDARY_DISPLAY" width="2480px" height="3496px"/>
			<graphic mimeType="pdf" url="AM%209%20fol./1/WEB_DISPLAY"/>
		</surface>
		<surface xml:id="AM02-009-0001r-FFl" n="2">
			<desc>0001r-FFl</desc>
			<graphic mimeType="pdf" url="AM%209%20fol./2/HIGH_QUALITY_DISPLAY"/>
			<graphic mimeType="jpg" url="AM%209%20fol./2/THUMBNAIL" width="200px" height="282px"/>
			<graphic mimeType="jpg" url="AM%209%20fol./2/SECONDARY_DISPLAY" width="2480px" height="3502px"/>
			<graphic mimeType="pdf" url="AM%209%20fol./2/WEB_DISPLAY"/>
		</surface>
		<surface xml:id="AM02-009-0001v-FFl" n="3">
			<desc>0001v-FFl</desc>
			<graphic mimeType="pdf" url="AM%209%20fol./3/HIGH_QUALITY_DISPLAY"/>
			<graphic mimeType="jpg" url="AM%209%20fol./3/THUMBNAIL" width="200px" height="282px"/>
			<graphic mimeType="jpg" url="AM%209%20fol./3/SECONDARY_DISPLAY" width="2480px" height="3501px"/>
			<graphic mimeType="pdf" url="AM%209%20fol./3/WEB_DISPLAY"/>
		</surface>
		<surface xml:id="AM02-009-0001r" n="4">
			<desc>0001r</desc>
			<graphic mimeType="pdf" url="AM%209%20fol./4/HIGH_QUALITY_DISPLAY"/>
			<graphic mimeType="jpg" url="AM%209%20fol./4/THUMBNAIL" width="200px" height="281px"/>
			<graphic mimeType="jpg" url="AM%209%20fol./4/SECONDARY_DISPLAY" width="2488px" height="3498px"/>
			<graphic mimeType="pdf" url="AM%209%20fol./4/WEB_DISPLAY"/>
		</surface>
		<surface xml:id="AM02-009-0001v" n="5">
			<desc>0001v</desc>
			<graphic mimeType="pdf" url="AM%209%20fol./5/HIGH_QUALITY_DISPLAY"/>
			<graphic mimeType="jpg" url="AM%209%20fol./5/THUMBNAIL" width="200px" height="282px"/>
			<graphic mimeType="jpg" url="AM%209%20fol./5/SECONDARY_DISPLAY" width="2480px" height="3501px"/>
			<graphic mimeType="pdf" url="AM%209%20fol./5/WEB_DISPLAY"/>
		</surface>
		<surface xml:id="AM02-009-0002r" n="6">
			<desc>0002r</desc>
			<graphic mimeType="pdf" url="AM%209%20fol./6/HIGH_QUALITY_DISPLAY"/>
			<graphic mimeType="jpg" url="AM%209%20fol./6/THUMBNAIL" width="200px" height="282px"/>
			<graphic mimeType="jpg" url="AM%209%20fol./6/SECONDARY_DISPLAY" width="2488px" height="3502px"/>
			<graphic mimeType="pdf" url="AM%209%20fol./6/WEB_DISPLAY"/>
		</surface>
		<surface xml:id="AM02-009-0002v" n="7">
			<desc>0002v</desc>
			<graphic mimeType="pdf" url="AM%209%20fol./7/HIGH_QUALITY_DISPLAY"/>
			<graphic mimeType="jpg" url="AM%209%20fol./7/THUMBNAIL" width="200px" height="281px"/>
			<graphic mimeType="jpg" url="AM%209%20fol./7/SECONDARY_DISPLAY" width="2488px" height="3499px"/>
			<graphic mimeType="pdf" url="AM%209%20fol./7/WEB_DISPLAY"/>
		</surface>
		<surface xml:id="AM02-009-0003r" n="8">
			<desc>0003r</desc>
			<graphic mimeType="pdf" url="AM%209%20fol./8/HIGH_QUALITY_DISPLAY"/>
			<graphic mimeType="jpg" url="AM%209%20fol./8/THUMBNAIL" width="200px" height="282px"/>
			<graphic mimeType="jpg" url="AM%209%20fol./8/SECONDARY_DISPLAY" width="2480px" height="3500px"/>
			<graphic mimeType="pdf" url="AM%209%20fol./8/WEB_DISPLAY"/>
		</surface>
		<surface xml:id="AM02-009-0003v" n="9">
			<desc>0003v</desc>
			<graphic mimeType="pdf" url="AM%209%20fol./9/HIGH_QUALITY_DISPLAY"/>
			<graphic mimeType="jpg" url="AM%209%20fol./9/THUMBNAIL" width="200px" height="280px"/>
			<graphic mimeType="jpg" url="AM%209%20fol./9/SECONDARY_DISPLAY" width="2496px" height="3500px"/>
			<graphic mimeType="pdf" url="AM%209%20fol./9/WEB_DISPLAY"/>
		</surface>
		<surface xml:id="AM02-009-0004r" n="10">
			<desc>0004r</desc>
			<graphic mimeType="pdf" url="AM%209%20fol./10/HIGH_QUALITY_DISPLAY"/>
			<graphic mimeType="jpg" url="AM%209%20fol./10/THUMBNAIL" width="200px" height="281px"/>
			<graphic mimeType="jpg" url="AM%209%20fol./10/SECONDARY_DISPLAY" width="2488px" height="3497px"/>
			<graphic mimeType="pdf" url="AM%209%20fol./10/WEB_DISPLAY"/>
		</surface>
		<surface xml:id="AM02-009-0004v" n="11">
			<desc>0004v</desc>
			<graphic mimeType="pdf" url="AM%209%20fol./11/HIGH_QUALITY_DISPLAY"/>
			<graphic mimeType="jpg" url="AM%209%20fol./11/THUMBNAIL" width="200px" height="283px"/>
			<graphic mimeType="jpg" url="AM%209%20fol./11/SECONDARY_DISPLAY" width="2472px" height="3500px"/>
			<graphic mimeType="pdf" url="AM%209%20fol./11/WEB_DISPLAY"/>
		</surface>
		<surface xml:id="AM02-009-0005r" n="12">
			<desc>0005r</desc>
			<graphic mimeType="pdf" url="AM%209%20fol./12/HIGH_QUALITY_DISPLAY"/>
			<graphic mimeType="jpg" url="AM%209%20fol./12/THUMBNAIL" width="200px" height="281px"/>
			<graphic mimeType="jpg" url="AM%209%20fol./12/SECONDARY_DISPLAY" width="2488px" height="3501px"/>
			<graphic mimeType="pdf" url="AM%209%20fol./12/WEB_DISPLAY"/>
		</surface>
		<surface xml:id="AM02-009-0005v" n="13">
			<desc>0005v</desc>
			<graphic mimeType="pdf" url="AM%209%20fol./13/HIGH_QUALITY_DISPLAY"/>
			<graphic mimeType="jpg" url="AM%209%20fol./13/THUMBNAIL" width="200px" height="282px"/>
			<graphic mimeType="jpg" url="AM%209%20fol./13/SECONDARY_DISPLAY" width="2480px" height="3499px"/>
			<graphic mimeType="pdf" url="AM%209%20fol./13/WEB_DISPLAY"/>
		</surface>
		<surface xml:id="AM02-009-0006r" n="14">
			<desc>0006r</desc>
			<graphic mimeType="pdf" url="AM%209%20fol./14/HIGH_QUALITY_DISPLAY"/>
			<graphic mimeType="jpg" url="AM%209%20fol./14/THUMBNAIL" width="200px" height="281px"/>
			<graphic mimeType="jpg" url="AM%209%20fol./14/SECONDARY_DISPLAY" width="2488px" height="3499px"/>
			<graphic mimeType="pdf" url="AM%209%20fol./14/WEB_DISPLAY"/>
		</surface>
		<surface xml:id="AM02-009-0006v" n="15">
			<desc>0006v</desc>
			<graphic mimeType="pdf" url="AM%209%20fol./15/HIGH_QUALITY_DISPLAY"/>
			<graphic mimeType="jpg" url="AM%209%20fol./15/THUMBNAIL" width="200px" height="282px"/>
			<graphic mimeType="jpg" url="AM%209%20fol./15/SECONDARY_DISPLAY" width="2488px" height="3502px"/>
			<graphic mimeType="pdf" url="AM%209%20fol./15/WEB_DISPLAY"/>
		</surface>
		<surface xml:id="AM02-009-0007r" n="16">
			<desc>0007r</desc>
			<graphic mimeType="pdf" url="AM%209%20fol./16/HIGH_QUALITY_DISPLAY"/>
			<graphic mimeType="jpg" url="AM%209%20fol./16/THUMBNAIL" width="200px" height="281px"/>
			<graphic mimeType="jpg" url="AM%209%20fol./16/SECONDARY_DISPLAY" width="2488px" height="3497px"/>
			<graphic mimeType="pdf" url="AM%209%20fol./16/WEB_DISPLAY"/>
		</surface>
		<surface xml:id="AM02-009-0007v" n="17">
			<desc>0007v</desc>
			<graphic mimeType="pdf" url="AM%209%20fol./17/HIGH_QUALITY_DISPLAY"/>
			<graphic mimeType="jpg" url="AM%209%20fol./17/THUMBNAIL" width="200px" height="281px"/>
			<graphic mimeType="jpg" url="AM%209%20fol./17/SECONDARY_DISPLAY" width="2488px" height="3499px"/>
			<graphic mimeType="pdf" url="AM%209%20fol./17/WEB_DISPLAY"/>
		</surface>
		<surface xml:id="AM02-009-0008r" n="18">
			<desc>0008r</desc>
			<graphic mimeType="pdf" url="AM%209%20fol./18/HIGH_QUALITY_DISPLAY"/>
			<graphic mimeType="jpg" url="AM%209%20fol./18/THUMBNAIL" width="200px" height="282px"/>
			<graphic mimeType="jpg" url="AM%209%20fol./18/SECONDARY_DISPLAY" width="2488px" height="3502px"/>
			<graphic mimeType="pdf" url="AM%209%20fol./18/WEB_DISPLAY"/>
		</surface>
		<surface xml:id="AM02-009-0008v" n="19">
			<desc>0008v</desc>
			<graphic mimeType="pdf" url="AM%209%20fol./19/HIGH_QUALITY_DISPLAY"/>
			<graphic mimeType="jpg" url="AM%209%20fol./19/THUMBNAIL" width="200px" height="281px"/>
			<graphic mimeType="jpg" url="AM%209%20fol./19/SECONDARY_DISPLAY" width="2488px" height="3498px"/>
			<graphic mimeType="pdf" url="AM%209%20fol./19/WEB_DISPLAY"/>
		</surface>
		<surface xml:id="AM02-009-0009r" n="20">
			<desc>0009r</desc>
			<graphic mimeType="pdf" url="AM%209%20fol./20/HIGH_QUALITY_DISPLAY"/>
			<graphic mimeType="jpg" url="AM%209%20fol./20/THUMBNAIL" width="200px" height="281px"/>
			<graphic mimeType="jpg" url="AM%209%20fol./20/SECONDARY_DISPLAY" width="2488px" height="3499px"/>
			<graphic mimeType="pdf" url="AM%209%20fol./20/WEB_DISPLAY"/>
		</surface>
		<surface xml:id="AM02-009-0009v" n="21">
			<desc>0009v</desc>
			<graphic mimeType="pdf" url="AM%209%20fol./21/HIGH_QUALITY_DISPLAY"/>
			<graphic mimeType="jpg" url="AM%209%20fol./21/THUMBNAIL" width="200px" height="282px"/>
			<graphic mimeType="jpg" url="AM%209%20fol./21/SECONDARY_DISPLAY" width="2488px" height="3502px"/>
			<graphic mimeType="pdf" url="AM%209%20fol./21/WEB_DISPLAY"/>
		</surface>
		<surface xml:id="AM02-009-0010r" n="22">
			<desc>0010r</desc>
			<graphic mimeType="pdf" url="AM%209%20fol./22/HIGH_QUALITY_DISPLAY"/>
			<graphic mimeType="jpg" url="AM%209%20fol./22/THUMBNAIL" width="200px" height="281px"/>
			<graphic mimeType="jpg" url="AM%209%20fol./22/SECONDARY_DISPLAY" width="2488px" height="3500px"/>
			<graphic mimeType="pdf" url="AM%209%20fol./22/WEB_DISPLAY"/>
		</surface>
		<surface xml:id="AM02-009-0010v" n="23">
			<desc>0010v</desc>
			<graphic mimeType="pdf" url="AM%209%20fol./23/HIGH_QUALITY_DISPLAY"/>
			<graphic mimeType="jpg" url="AM%209%20fol./23/THUMBNAIL" width="200px" height="282px"/>
			<graphic mimeType="jpg" url="AM%209%20fol./23/SECONDARY_DISPLAY" width="2480px" height="3498px"/>
			<graphic mimeType="pdf" url="AM%209%20fol./23/WEB_DISPLAY"/>
		</surface>
		<surface xml:id="AM02-009-0011r" n="24">
			<desc>0011r</desc>
			<graphic mimeType="pdf" url="AM%209%20fol./24/HIGH_QUALITY_DISPLAY"/>
			<graphic mimeType="jpg" url="AM%209%20fol./24/THUMBNAIL" width="200px" height="282px"/>
			<graphic mimeType="jpg" url="AM%209%20fol./24/SECONDARY_DISPLAY" width="2488px" height="3503px"/>
			<graphic mimeType="pdf" url="AM%209%20fol./24/WEB_DISPLAY"/>
		</surface>
		<surface xml:id="AM02-009-0011v" n="25">
			<desc>0011v</desc>
			<graphic mimeType="pdf" url="AM%209%20fol./25/HIGH_QUALITY_DISPLAY"/>
			<graphic mimeType="jpg" url="AM%209%20fol./25/THUMBNAIL" width="200px" height="282px"/>
			<graphic mimeType="jpg" url="AM%209%20fol./25/SECONDARY_DISPLAY" width="2480px" height="3502px"/>
			<graphic mimeType="pdf" url="AM%209%20fol./25/WEB_DISPLAY"/>
		</surface>
		<surface xml:id="AM02-009-0012r" n="26">
			<desc>0012r</desc>
			<graphic mimeType="pdf" url="AM%209%20fol./26/HIGH_QUALITY_DISPLAY"/>
			<graphic mimeType="jpg" url="AM%209%20fol./26/THUMBNAIL" width="200px" height="282px"/>
			<graphic mimeType="jpg" url="AM%209%20fol./26/SECONDARY_DISPLAY" width="2480px" height="3499px"/>
			<graphic mimeType="pdf" url="AM%209%20fol./26/WEB_DISPLAY"/>
		</surface>
		<surface xml:id="AM02-009-0012v" n="27">
			<desc>0012v</desc>
			<graphic mimeType="pdf" url="AM%209%20fol./27/HIGH_QUALITY_DISPLAY"/>
			<graphic mimeType="jpg" url="AM%209%20fol./27/THUMBNAIL" width="200px" height="280px"/>
			<graphic mimeType="jpg" url="AM%209%20fol./27/SECONDARY_DISPLAY" width="2496px" height="3500px"/>
			<graphic mimeType="pdf" url="AM%209%20fol./27/WEB_DISPLAY"/>
		</surface>
		<surface xml:id="AM02-009-0013r" n="28">
			<desc>0013r</desc>
			<graphic mimeType="pdf" url="AM%209%20fol./28/HIGH_QUALITY_DISPLAY"/>
			<graphic mimeType="jpg" url="AM%209%20fol./28/THUMBNAIL" width="200px" height="282px"/>
			<graphic mimeType="jpg" url="AM%209%20fol./28/SECONDARY_DISPLAY" width="2488px" height="3503px"/>
			<graphic mimeType="pdf" url="AM%209%20fol./28/WEB_DISPLAY"/>
		</surface>
		<surface xml:id="AM02-009-0013v" n="29">
			<desc>0013v</desc>
			<graphic mimeType="pdf" url="AM%209%20fol./29/HIGH_QUALITY_DISPLAY"/>
			<graphic mimeType="jpg" url="AM%209%20fol./29/THUMBNAIL" width="200px" height="282px"/>
			<graphic mimeType="jpg" url="AM%209%20fol./29/SECONDARY_DISPLAY" width="2488px" height="3502px"/>
			<graphic mimeType="pdf" url="AM%209%20fol./29/WEB_DISPLAY"/>
		</surface>
		<surface xml:id="AM02-009-0014r" n="30">
			<desc>0014r</desc>
			<graphic mimeType="pdf" url="AM%209%20fol./30/HIGH_QUALITY_DISPLAY"/>
			<graphic mimeType="jpg" url="AM%209%20fol./30/THUMBNAIL" width="200px" height="281px"/>
			<graphic mimeType="jpg" url="AM%209%20fol./30/SECONDARY_DISPLAY" width="2488px" height="3498px"/>
			<graphic mimeType="pdf" url="AM%209%20fol./30/WEB_DISPLAY"/>
		</surface>
		<surface xml:id="AM02-009-0014v" n="31">
			<desc>0014v</desc>
			<graphic mimeType="pdf" url="AM%209%20fol./31/HIGH_QUALITY_DISPLAY"/>
			<graphic mimeType="jpg" url="AM%209%20fol./31/THUMBNAIL" width="200px" height="282px"/>
			<graphic mimeType="jpg" url="AM%209%20fol./31/SECONDARY_DISPLAY" width="2480px" height="3504px"/>
			<graphic mimeType="pdf" url="AM%209%20fol./31/WEB_DISPLAY"/>
		</surface>
		<surface xml:id="AM02-009-0015r" n="32">
			<desc>0015r</desc>
			<graphic mimeType="pdf" url="AM%209%20fol./32/HIGH_QUALITY_DISPLAY"/>
			<graphic mimeType="jpg" url="AM%209%20fol./32/THUMBNAIL" width="200px" height="281px"/>
			<graphic mimeType="jpg" url="AM%209%20fol./32/SECONDARY_DISPLAY" width="2488px" height="3500px"/>
			<graphic mimeType="pdf" url="AM%209%20fol./32/WEB_DISPLAY"/>
		</surface>
		<surface xml:id="AM02-009-0015v" n="33">
			<desc>0015v</desc>
			<graphic mimeType="pdf" url="AM%209%20fol./33/HIGH_QUALITY_DISPLAY"/>
			<graphic mimeType="jpg" url="AM%209%20fol./33/THUMBNAIL" width="200px" height="283px"/>
			<graphic mimeType="jpg" url="AM%209%20fol./33/SECONDARY_DISPLAY" width="2472px" height="3497px"/>
			<graphic mimeType="pdf" url="AM%209%20fol./33/WEB_DISPLAY"/>
		</surface>
		<surface xml:id="AM02-009-0016r" n="34">
			<desc>0016r</desc>
			<graphic mimeType="pdf" url="AM%209%20fol./34/HIGH_QUALITY_DISPLAY"/>
			<graphic mimeType="jpg" url="AM%209%20fol./34/THUMBNAIL" width="200px" height="281px"/>
			<graphic mimeType="jpg" url="AM%209%20fol./34/SECONDARY_DISPLAY" width="2488px" height="3501px"/>
			<graphic mimeType="pdf" url="AM%209%20fol./34/WEB_DISPLAY"/>
		</surface>
		<surface xml:id="AM02-009-0016v" n="35">
			<desc>0016v</desc>
			<graphic mimeType="pdf" url="AM%209%20fol./35/HIGH_QUALITY_DISPLAY"/>
			<graphic mimeType="jpg" url="AM%209%20fol./35/THUMBNAIL" width="200px" height="282px"/>
			<graphic mimeType="jpg" url="AM%209%20fol./35/SECONDARY_DISPLAY" width="2480px" height="3499px"/>
			<graphic mimeType="pdf" url="AM%209%20fol./35/WEB_DISPLAY"/>
		</surface>
		<surface xml:id="AM02-009-0017r" n="36">
			<desc>0017r</desc>
			<graphic mimeType="pdf" url="AM%209%20fol./36/HIGH_QUALITY_DISPLAY"/>
			<graphic mimeType="jpg" url="AM%209%20fol./36/THUMBNAIL" width="200px" height="281px"/>
			<graphic mimeType="jpg" url="AM%209%20fol./36/SECONDARY_DISPLAY" width="2488px" height="3499px"/>
			<graphic mimeType="pdf" url="AM%209%20fol./36/WEB_DISPLAY"/>
		</surface>
		<surface xml:id="AM02-009-0017v" n="37">
			<desc>0017v</desc>
			<graphic mimeType="pdf" url="AM%209%20fol./37/HIGH_QUALITY_DISPLAY"/>
			<graphic mimeType="jpg" url="AM%209%20fol./37/THUMBNAIL" width="200px" height="282px"/>
			<graphic mimeType="jpg" url="AM%209%20fol./37/SECONDARY_DISPLAY" width="2488px" height="3502px"/>
			<graphic mimeType="pdf" url="AM%209%20fol./37/WEB_DISPLAY"/>
		</surface>
		<surface xml:id="AM02-009-0018r" n="38">
			<desc>0018r</desc>
			<graphic mimeType="pdf" url="AM%209%20fol./38/HIGH_QUALITY_DISPLAY"/>
			<graphic mimeType="jpg" url="AM%209%20fol./38/THUMBNAIL" width="200px" height="282px"/>
			<graphic mimeType="jpg" url="AM%209%20fol./38/SECONDARY_DISPLAY" width="2488px" height="3502px"/>
			<graphic mimeType="pdf" url="AM%209%20fol./38/WEB_DISPLAY"/>
		</surface>
		<surface xml:id="AM02-009-0018v" n="39">
			<desc>0018v</desc>
			<graphic mimeType="pdf" url="AM%209%20fol./39/HIGH_QUALITY_DISPLAY"/>
			<graphic mimeType="jpg" url="AM%209%20fol./39/THUMBNAIL" width="200px" height="281px"/>
			<graphic mimeType="jpg" url="AM%209%20fol./39/SECONDARY_DISPLAY" width="2488px" height="3499px"/>
			<graphic mimeType="pdf" url="AM%209%20fol./39/WEB_DISPLAY"/>
		</surface>
		<surface xml:id="AM02-009-0019r" n="40">
			<desc>0019r</desc>
			<graphic mimeType="pdf" url="AM%209%20fol./40/HIGH_QUALITY_DISPLAY"/>
			<graphic mimeType="jpg" url="AM%209%20fol./40/THUMBNAIL" width="200px" height="282px"/>
			<graphic mimeType="jpg" url="AM%209%20fol./40/SECONDARY_DISPLAY" width="2488px" height="3502px"/>
			<graphic mimeType="pdf" url="AM%209%20fol./40/WEB_DISPLAY"/>
		</surface>
		<surface xml:id="AM02-009-0019v" n="41">
			<desc>0019v</desc>
			<graphic mimeType="pdf" url="AM%209%20fol./41/HIGH_QUALITY_DISPLAY"/>
			<graphic mimeType="jpg" url="AM%209%20fol./41/THUMBNAIL" width="200px" height="282px"/>
			<graphic mimeType="jpg" url="AM%209%20fol./41/SECONDARY_DISPLAY" width="2480px" height="3501px"/>
			<graphic mimeType="pdf" url="AM%209%20fol./41/WEB_DISPLAY"/>
		</surface>
		<surface xml:id="AM02-009-0020r" n="42">
			<desc>0020r</desc>
			<graphic mimeType="pdf" url="AM%209%20fol./42/HIGH_QUALITY_DISPLAY"/>
			<graphic mimeType="jpg" url="AM%209%20fol./42/THUMBNAIL" width="200px" height="282px"/>
			<graphic mimeType="jpg" url="AM%209%20fol./42/SECONDARY_DISPLAY" width="2480px" height="3497px"/>
			<graphic mimeType="pdf" url="AM%209%20fol./42/WEB_DISPLAY"/>
		</surface>
		<surface xml:id="AM02-009-0020v" n="43">
			<desc>0020v</desc>
			<graphic mimeType="pdf" url="AM%209%20fol./43/HIGH_QUALITY_DISPLAY"/>
			<graphic mimeType="jpg" url="AM%209%20fol./43/THUMBNAIL" width="200px" height="281px"/>
			<graphic mimeType="jpg" url="AM%209%20fol./43/SECONDARY_DISPLAY" width="2488px" height="3501px"/>
			<graphic mimeType="pdf" url="AM%209%20fol./43/WEB_DISPLAY"/>
		</surface>
		<surface xml:id="AM02-009-0021r" n="44">
			<desc>0021r</desc>
			<graphic mimeType="pdf" url="AM%209%20fol./44/HIGH_QUALITY_DISPLAY"/>
			<graphic mimeType="jpg" url="AM%209%20fol./44/THUMBNAIL" width="200px" height="282px"/>
			<graphic mimeType="jpg" url="AM%209%20fol./44/SECONDARY_DISPLAY" width="2480px" height="3500px"/>
			<graphic mimeType="pdf" url="AM%209%20fol./44/WEB_DISPLAY"/>
		</surface>
		<surface xml:id="AM02-009-0021v" n="45">
			<desc>0021v</desc>
			<graphic mimeType="pdf" url="AM%209%20fol./45/HIGH_QUALITY_DISPLAY"/>
			<graphic mimeType="jpg" url="AM%209%20fol./45/THUMBNAIL" width="200px" height="282px"/>
			<graphic mimeType="jpg" url="AM%209%20fol./45/SECONDARY_DISPLAY" width="2480px" height="3499px"/>
			<graphic mimeType="pdf" url="AM%209%20fol./45/WEB_DISPLAY"/>
		</surface>
		<surface xml:id="AM02-009-0022r" n="46">
			<desc>0022r</desc>
			<graphic mimeType="pdf" url="AM%209%20fol./46/HIGH_QUALITY_DISPLAY"/>
			<graphic mimeType="jpg" url="AM%209%20fol./46/THUMBNAIL" width="200px" height="282px"/>
			<graphic mimeType="jpg" url="AM%209%20fol./46/SECONDARY_DISPLAY" width="2480px" height="3501px"/>
			<graphic mimeType="pdf" url="AM%209%20fol./46/WEB_DISPLAY"/>
		</surface>
		<surface xml:id="AM02-009-0022v" n="47">
			<desc>0022v</desc>
			<graphic mimeType="pdf" url="AM%209%20fol./47/HIGH_QUALITY_DISPLAY"/>
			<graphic mimeType="jpg" url="AM%209%20fol./47/THUMBNAIL" width="200px" height="282px"/>
			<graphic mimeType="jpg" url="AM%209%20fol./47/SECONDARY_DISPLAY" width="2488px" height="3502px"/>
			<graphic mimeType="pdf" url="AM%209%20fol./47/WEB_DISPLAY"/>
		</surface>
		<surface xml:id="AM02-009-0023r" n="48">
			<desc>0023r</desc>
			<graphic mimeType="pdf" url="AM%209%20fol./48/HIGH_QUALITY_DISPLAY"/>
			<graphic mimeType="jpg" url="AM%209%20fol./48/THUMBNAIL" width="200px" height="281px"/>
			<graphic mimeType="jpg" url="AM%209%20fol./48/SECONDARY_DISPLAY" width="2488px" height="3499px"/>
			<graphic mimeType="pdf" url="AM%209%20fol./48/WEB_DISPLAY"/>
		</surface>
		<surface xml:id="AM02-009-0023v" n="49">
			<desc>0023v</desc>
			<graphic mimeType="pdf" url="AM%209%20fol./49/HIGH_QUALITY_DISPLAY"/>
			<graphic mimeType="jpg" url="AM%209%20fol./49/THUMBNAIL" width="200px" height="282px"/>
			<graphic mimeType="jpg" url="AM%209%20fol./49/SECONDARY_DISPLAY" width="2488px" height="3502px"/>
			<graphic mimeType="pdf" url="AM%209%20fol./49/WEB_DISPLAY"/>
		</surface>
		<surface xml:id="AM02-009-0024r" n="50">
			<desc>0024r</desc>
			<graphic mimeType="pdf" url="AM%209%20fol./50/HIGH_QUALITY_DISPLAY"/>
			<graphic mimeType="jpg" url="AM%209%20fol./50/THUMBNAIL" width="200px" height="282px"/>
			<graphic mimeType="jpg" url="AM%209%20fol./50/SECONDARY_DISPLAY" width="2488px" height="3502px"/>
			<graphic mimeType="pdf" url="AM%209%20fol./50/WEB_DISPLAY"/>
		</surface>
		<surface xml:id="AM02-009-0024v" n="51">
			<desc>0024v</desc>
			<graphic mimeType="pdf" url="AM%209%20fol./51/HIGH_QUALITY_DISPLAY"/>
			<graphic mimeType="jpg" url="AM%209%20fol./51/THUMBNAIL" width="200px" height="283px"/>
			<graphic mimeType="jpg" url="AM%209%20fol./51/SECONDARY_DISPLAY" width="2472px" height="3500px"/>
			<graphic mimeType="pdf" url="AM%209%20fol./51/WEB_DISPLAY"/>
		</surface>
		<surface xml:id="AM02-009-0025r" n="52">
			<desc>0025r</desc>
			<graphic mimeType="pdf" url="AM%209%20fol./52/HIGH_QUALITY_DISPLAY"/>
			<graphic mimeType="jpg" url="AM%209%20fol./52/THUMBNAIL" width="200px" height="282px"/>
			<graphic mimeType="jpg" url="AM%209%20fol./52/SECONDARY_DISPLAY" width="2488px" height="3503px"/>
			<graphic mimeType="pdf" url="AM%209%20fol./52/WEB_DISPLAY"/>
		</surface>
		<surface xml:id="AM02-009-0025v" n="53">
			<desc>0025v</desc>
			<graphic mimeType="pdf" url="AM%209%20fol./53/HIGH_QUALITY_DISPLAY"/>
			<graphic mimeType="jpg" url="AM%209%20fol./53/THUMBNAIL" width="200px" height="282px"/>
			<graphic mimeType="jpg" url="AM%209%20fol./53/SECONDARY_DISPLAY" width="2488px" height="3503px"/>
			<graphic mimeType="pdf" url="AM%209%20fol./53/WEB_DISPLAY"/>
		</surface>
		<surface xml:id="AM02-009-0026r" n="54">
			<desc>0026r</desc>
			<graphic mimeType="pdf" url="AM%209%20fol./54/HIGH_QUALITY_DISPLAY"/>
			<graphic mimeType="jpg" url="AM%209%20fol./54/THUMBNAIL" width="200px" height="281px"/>
			<graphic mimeType="jpg" url="AM%209%20fol./54/SECONDARY_DISPLAY" width="2488px" height="3500px"/>
			<graphic mimeType="pdf" url="AM%209%20fol./54/WEB_DISPLAY"/>
		</surface>
		<surface xml:id="AM02-009-0026v" n="55">
			<desc>0026v</desc>
			<graphic mimeType="pdf" url="AM%209%20fol./55/HIGH_QUALITY_DISPLAY"/>
			<graphic mimeType="jpg" url="AM%209%20fol./55/THUMBNAIL" width="200px" height="282px"/>
			<graphic mimeType="jpg" url="AM%209%20fol./55/SECONDARY_DISPLAY" width="2480px" height="3501px"/>
			<graphic mimeType="pdf" url="AM%209%20fol./55/WEB_DISPLAY"/>
		</surface>
		<surface xml:id="AM02-009-0027r" n="56">
			<desc>0027r</desc>
			<graphic mimeType="pdf" url="AM%209%20fol./56/HIGH_QUALITY_DISPLAY"/>
			<graphic mimeType="jpg" url="AM%209%20fol./56/THUMBNAIL" width="200px" height="281px"/>
			<graphic mimeType="jpg" url="AM%209%20fol./56/SECONDARY_DISPLAY" width="2488px" height="3501px"/>
			<graphic mimeType="pdf" url="AM%209%20fol./56/WEB_DISPLAY"/>
		</surface>
		<surface xml:id="AM02-009-0027v" n="57">
			<desc>0027v</desc>
			<graphic mimeType="pdf" url="AM%209%20fol./57/HIGH_QUALITY_DISPLAY"/>
			<graphic mimeType="jpg" url="AM%209%20fol./57/THUMBNAIL" width="200px" height="282px"/>
			<graphic mimeType="jpg" url="AM%209%20fol./57/SECONDARY_DISPLAY" width="2480px" height="3499px"/>
			<graphic mimeType="pdf" url="AM%209%20fol./57/WEB_DISPLAY"/>
		</surface>
		<surface xml:id="AM02-009-0028r" n="58">
			<desc>0028r</desc>
			<graphic mimeType="pdf" url="AM%209%20fol./58/HIGH_QUALITY_DISPLAY"/>
			<graphic mimeType="jpg" url="AM%209%20fol./58/THUMBNAIL" width="200px" height="282px"/>
			<graphic mimeType="jpg" url="AM%209%20fol./58/SECONDARY_DISPLAY" width="2480px" height="3498px"/>
			<graphic mimeType="pdf" url="AM%209%20fol./58/WEB_DISPLAY"/>
		</surface>
		<surface xml:id="AM02-009-0028v" n="59">
			<desc>0028v</desc>
			<graphic mimeType="pdf" url="AM%209%20fol./59/HIGH_QUALITY_DISPLAY"/>
			<graphic mimeType="jpg" url="AM%209%20fol./59/THUMBNAIL" width="200px" height="282px"/>
			<graphic mimeType="jpg" url="AM%209%20fol./59/SECONDARY_DISPLAY" width="2480px" height="3503px"/>
			<graphic mimeType="pdf" url="AM%209%20fol./59/WEB_DISPLAY"/>
		</surface>
		<surface xml:id="AM02-009-0029r" n="60">
			<desc>0029r</desc>
			<graphic mimeType="pdf" url="AM%209%20fol./60/HIGH_QUALITY_DISPLAY"/>
			<graphic mimeType="jpg" url="AM%209%20fol./60/THUMBNAIL" width="200px" height="281px"/>
			<graphic mimeType="jpg" url="AM%209%20fol./60/SECONDARY_DISPLAY" width="2488px" height="3498px"/>
			<graphic mimeType="pdf" url="AM%209%20fol./60/WEB_DISPLAY"/>
		</surface>
		<surface xml:id="AM02-009-0029v" n="61">
			<desc>0029v</desc>
			<graphic mimeType="pdf" url="AM%209%20fol./61/HIGH_QUALITY_DISPLAY"/>
			<graphic mimeType="jpg" url="AM%209%20fol./61/THUMBNAIL" width="200px" height="281px"/>
			<graphic mimeType="jpg" url="AM%209%20fol./61/SECONDARY_DISPLAY" width="2488px" height="3500px"/>
			<graphic mimeType="pdf" url="AM%209%20fol./61/WEB_DISPLAY"/>
		</surface>
		<surface xml:id="AM02-009-0030r" n="62">
			<desc>0030r</desc>
			<graphic mimeType="pdf" url="AM%209%20fol./62/HIGH_QUALITY_DISPLAY"/>
			<graphic mimeType="jpg" url="AM%209%20fol./62/THUMBNAIL" width="200px" height="282px"/>
			<graphic mimeType="jpg" url="AM%209%20fol./62/SECONDARY_DISPLAY" width="2488px" height="3503px"/>
			<graphic mimeType="pdf" url="AM%209%20fol./62/WEB_DISPLAY"/>
		</surface>
		<surface xml:id="AM02-009-0030v" n="63">
			<desc>0030v</desc>
			<graphic mimeType="pdf" url="AM%209%20fol./63/HIGH_QUALITY_DISPLAY"/>
			<graphic mimeType="jpg" url="AM%209%20fol./63/THUMBNAIL" width="200px" height="281px"/>
			<graphic mimeType="jpg" url="AM%209%20fol./63/SECONDARY_DISPLAY" width="2488px" height="3499px"/>
			<graphic mimeType="pdf" url="AM%209%20fol./63/WEB_DISPLAY"/>
		</surface>
		<surface xml:id="AM02-009-0031r" n="64">
			<desc>0031r</desc>
			<graphic mimeType="pdf" url="AM%209%20fol./64/HIGH_QUALITY_DISPLAY"/>
			<graphic mimeType="jpg" url="AM%209%20fol./64/THUMBNAIL" width="200px" height="282px"/>
			<graphic mimeType="jpg" url="AM%209%20fol./64/SECONDARY_DISPLAY" width="2480px" height="3500px"/>
			<graphic mimeType="pdf" url="AM%209%20fol./64/WEB_DISPLAY"/>
		</surface>
		<surface xml:id="AM02-009-0031v" n="65">
			<desc>0031v</desc>
			<graphic mimeType="pdf" url="AM%209%20fol./65/HIGH_QUALITY_DISPLAY"/>
			<graphic mimeType="jpg" url="AM%209%20fol./65/THUMBNAIL" width="200px" height="281px"/>
			<graphic mimeType="jpg" url="AM%209%20fol./65/SECONDARY_DISPLAY" width="2488px" height="3501px"/>
			<graphic mimeType="pdf" url="AM%209%20fol./65/WEB_DISPLAY"/>
		</surface>
		<surface xml:id="AM02-009-0032r" n="66">
			<desc>0032r</desc>
			<graphic mimeType="pdf" url="AM%209%20fol./66/HIGH_QUALITY_DISPLAY"/>
			<graphic mimeType="jpg" url="AM%209%20fol./66/THUMBNAIL" width="200px" height="281px"/>
			<graphic mimeType="jpg" url="AM%209%20fol./66/SECONDARY_DISPLAY" width="2488px" height="3500px"/>
			<graphic mimeType="pdf" url="AM%209%20fol./66/WEB_DISPLAY"/>
		</surface>
		<surface xml:id="AM02-009-0032v" n="67">
			<desc>0032v</desc>
			<graphic mimeType="pdf" url="AM%209%20fol./67/HIGH_QUALITY_DISPLAY"/>
			<graphic mimeType="jpg" url="AM%209%20fol./67/THUMBNAIL" width="200px" height="281px"/>
			<graphic mimeType="jpg" url="AM%209%20fol./67/SECONDARY_DISPLAY" width="2488px" height="3498px"/>
			<graphic mimeType="pdf" url="AM%209%20fol./67/WEB_DISPLAY"/>
		</surface>
		<surface xml:id="AM02-009-0033r" n="68">
			<desc>0033r</desc>
			<graphic mimeType="pdf" url="AM%209%20fol./68/HIGH_QUALITY_DISPLAY"/>
			<graphic mimeType="jpg" url="AM%209%20fol./68/THUMBNAIL" width="200px" height="282px"/>
			<graphic mimeType="jpg" url="AM%209%20fol./68/SECONDARY_DISPLAY" width="2488px" height="3502px"/>
			<graphic mimeType="pdf" url="AM%209%20fol./68/WEB_DISPLAY"/>
		</surface>
		<surface xml:id="AM02-009-0033v" n="69">
			<desc>0033v</desc>
			<graphic mimeType="pdf" url="AM%209%20fol./69/HIGH_QUALITY_DISPLAY"/>
			<graphic mimeType="jpg" url="AM%209%20fol./69/THUMBNAIL" width="200px" height="281px"/>
			<graphic mimeType="jpg" url="AM%209%20fol./69/SECONDARY_DISPLAY" width="2488px" height="3499px"/>
			<graphic mimeType="pdf" url="AM%209%20fol./69/WEB_DISPLAY"/>
		</surface>
		<surface xml:id="AM02-009-0034r" n="70">
			<desc>0034r</desc>
			<graphic mimeType="pdf" url="AM%209%20fol./70/HIGH_QUALITY_DISPLAY"/>
			<graphic mimeType="jpg" url="AM%209%20fol./70/THUMBNAIL" width="200px" height="282px"/>
			<graphic mimeType="jpg" url="AM%209%20fol./70/SECONDARY_DISPLAY" width="2480px" height="3499px"/>
			<graphic mimeType="pdf" url="AM%209%20fol./70/WEB_DISPLAY"/>
		</surface>
		<surface xml:id="AM02-009-0034v" n="71">
			<desc>0034v</desc>
			<graphic mimeType="pdf" url="AM%209%20fol./71/HIGH_QUALITY_DISPLAY"/>
			<graphic mimeType="jpg" url="AM%209%20fol./71/THUMBNAIL" width="200px" height="282px"/>
			<graphic mimeType="jpg" url="AM%209%20fol./71/SECONDARY_DISPLAY" width="2480px" height="3500px"/>
			<graphic mimeType="pdf" url="AM%209%20fol./71/WEB_DISPLAY"/>
		</surface>
		<surface xml:id="AM02-009-0035r" n="72">
			<desc>0035r</desc>
			<graphic mimeType="pdf" url="AM%209%20fol./72/HIGH_QUALITY_DISPLAY"/>
			<graphic mimeType="jpg" url="AM%209%20fol./72/THUMBNAIL" width="200px" height="281px"/>
			<graphic mimeType="jpg" url="AM%209%20fol./72/SECONDARY_DISPLAY" width="2488px" height="3498px"/>
			<graphic mimeType="pdf" url="AM%209%20fol./72/WEB_DISPLAY"/>
		</surface>
		<surface xml:id="AM02-009-0035v" n="73">
			<desc>0035v</desc>
			<graphic mimeType="pdf" url="AM%209%20fol./73/HIGH_QUALITY_DISPLAY"/>
			<graphic mimeType="jpg" url="AM%209%20fol./73/THUMBNAIL" width="200px" height="282px"/>
			<graphic mimeType="jpg" url="AM%209%20fol./73/SECONDARY_DISPLAY" width="2488px" height="3503px"/>
			<graphic mimeType="pdf" url="AM%209%20fol./73/WEB_DISPLAY"/>
		</surface>
		<surface xml:id="AM02-009-0036r" n="74">
			<desc>0036r</desc>
			<graphic mimeType="pdf" url="AM%209%20fol./74/HIGH_QUALITY_DISPLAY"/>
			<graphic mimeType="jpg" url="AM%209%20fol./74/THUMBNAIL" width="200px" height="280px"/>
			<graphic mimeType="jpg" url="AM%209%20fol./74/SECONDARY_DISPLAY" width="2496px" height="3500px"/>
			<graphic mimeType="pdf" url="AM%209%20fol./74/WEB_DISPLAY"/>
		</surface>
		<surface xml:id="AM02-009-0036v" n="75">
			<desc>0036v</desc>
			<graphic mimeType="pdf" url="AM%209%20fol./75/HIGH_QUALITY_DISPLAY"/>
			<graphic mimeType="jpg" url="AM%209%20fol./75/THUMBNAIL" width="200px" height="280px"/>
			<graphic mimeType="jpg" url="AM%209%20fol./75/SECONDARY_DISPLAY" width="2496px" height="3499px"/>
			<graphic mimeType="pdf" url="AM%209%20fol./75/WEB_DISPLAY"/>
		</surface>
		<surface xml:id="AM02-009-0037r" n="76">
			<desc>0037r</desc>
			<graphic mimeType="pdf" url="AM%209%20fol./76/HIGH_QUALITY_DISPLAY"/>
			<graphic mimeType="jpg" url="AM%209%20fol./76/THUMBNAIL" width="200px" height="281px"/>
			<graphic mimeType="jpg" url="AM%209%20fol./76/SECONDARY_DISPLAY" width="2496px" height="3504px"/>
			<graphic mimeType="pdf" url="AM%209%20fol./76/WEB_DISPLAY"/>
		</surface>
		<surface xml:id="AM02-009-0037v" n="77">
			<desc>0037v</desc>
			<graphic mimeType="pdf" url="AM%209%20fol./77/HIGH_QUALITY_DISPLAY"/>
			<graphic mimeType="jpg" url="AM%209%20fol./77/THUMBNAIL" width="200px" height="280px"/>
			<graphic mimeType="jpg" url="AM%209%20fol./77/SECONDARY_DISPLAY" width="2504px" height="3501px"/>
			<graphic mimeType="pdf" url="AM%209%20fol./77/WEB_DISPLAY"/>
		</surface>
		<surface xml:id="AM02-009-0038r" n="78">
			<desc>0038r</desc>
			<graphic mimeType="pdf" url="AM%209%20fol./78/HIGH_QUALITY_DISPLAY"/>
			<graphic mimeType="jpg" url="AM%209%20fol./78/THUMBNAIL" width="200px" height="280px"/>
			<graphic mimeType="jpg" url="AM%209%20fol./78/SECONDARY_DISPLAY" width="2496px" height="3499px"/>
			<graphic mimeType="pdf" url="AM%209%20fol./78/WEB_DISPLAY"/>
		</surface>
		<surface xml:id="AM02-009-0038v" n="79">
			<desc>0038v</desc>
			<graphic mimeType="pdf" url="AM%209%20fol./79/HIGH_QUALITY_DISPLAY"/>
			<graphic mimeType="jpg" url="AM%209%20fol./79/THUMBNAIL" width="200px" height="281px"/>
			<graphic mimeType="jpg" url="AM%209%20fol./79/SECONDARY_DISPLAY" width="2488px" height="3501px"/>
			<graphic mimeType="pdf" url="AM%209%20fol./79/WEB_DISPLAY"/>
		</surface>
		<surface xml:id="AM02-009-0039r" n="80">
			<desc>0039r</desc>
			<graphic mimeType="pdf" url="AM%209%20fol./80/HIGH_QUALITY_DISPLAY"/>
			<graphic mimeType="jpg" url="AM%209%20fol./80/THUMBNAIL" width="200px" height="280px"/>
			<graphic mimeType="jpg" url="AM%209%20fol./80/SECONDARY_DISPLAY" width="2496px" height="3500px"/>
			<graphic mimeType="pdf" url="AM%209%20fol./80/WEB_DISPLAY"/>
		</surface>
		<surface xml:id="AM02-009-0039v" n="81">
			<desc>0039v</desc>
			<graphic mimeType="pdf" url="AM%209%20fol./81/HIGH_QUALITY_DISPLAY"/>
			<graphic mimeType="jpg" url="AM%209%20fol./81/THUMBNAIL" width="200px" height="281px"/>
			<graphic mimeType="jpg" url="AM%209%20fol./81/SECONDARY_DISPLAY" width="2488px" height="3500px"/>
			<graphic mimeType="pdf" url="AM%209%20fol./81/WEB_DISPLAY"/>
		</surface>
		<surface xml:id="AM02-009-0040r" n="82">
			<desc>0040r</desc>
			<graphic mimeType="pdf" url="AM%209%20fol./82/HIGH_QUALITY_DISPLAY"/>
			<graphic mimeType="jpg" url="AM%209%20fol./82/THUMBNAIL" width="200px" height="282px"/>
			<graphic mimeType="jpg" url="AM%209%20fol./82/SECONDARY_DISPLAY" width="2480px" height="3504px"/>
			<graphic mimeType="pdf" url="AM%209%20fol./82/WEB_DISPLAY"/>
		</surface>
		<surface xml:id="AM02-009-0040v" n="83">
			<desc>0040v</desc>
			<graphic mimeType="pdf" url="AM%209%20fol./83/HIGH_QUALITY_DISPLAY"/>
			<graphic mimeType="jpg" url="AM%209%20fol./83/THUMBNAIL" width="200px" height="281px"/>
			<graphic mimeType="jpg" url="AM%209%20fol./83/SECONDARY_DISPLAY" width="2496px" height="3502px"/>
			<graphic mimeType="pdf" url="AM%209%20fol./83/WEB_DISPLAY"/>
		</surface>
		<surface xml:id="AM02-009-0041r" n="84">
			<desc>0041r</desc>
			<graphic mimeType="pdf" url="AM%209%20fol./84/HIGH_QUALITY_DISPLAY"/>
			<graphic mimeType="jpg" url="AM%209%20fol./84/THUMBNAIL" width="200px" height="281px"/>
			<graphic mimeType="jpg" url="AM%209%20fol./84/SECONDARY_DISPLAY" width="2488px" height="3500px"/>
			<graphic mimeType="pdf" url="AM%209%20fol./84/WEB_DISPLAY"/>
		</surface>
		<surface xml:id="AM02-009-0041v" n="85">
			<desc>0041v</desc>
			<graphic mimeType="pdf" url="AM%209%20fol./85/HIGH_QUALITY_DISPLAY"/>
			<graphic mimeType="jpg" url="AM%209%20fol./85/THUMBNAIL" width="200px" height="282px"/>
			<graphic mimeType="jpg" url="AM%209%20fol./85/SECONDARY_DISPLAY" width="2488px" height="3503px"/>
			<graphic mimeType="pdf" url="AM%209%20fol./85/WEB_DISPLAY"/>
		</surface>
		<surface xml:id="AM02-009-0042r" n="86">
			<desc>0042r</desc>
			<graphic mimeType="pdf" url="AM%209%20fol./86/HIGH_QUALITY_DISPLAY"/>
			<graphic mimeType="jpg" url="AM%209%20fol./86/THUMBNAIL" width="200px" height="279px"/>
			<graphic mimeType="jpg" url="AM%209%20fol./86/SECONDARY_DISPLAY" width="2512px" height="3501px"/>
			<graphic mimeType="pdf" url="AM%209%20fol./86/WEB_DISPLAY"/>
		</surface>
		<surface xml:id="AM02-009-0042v" n="87">
			<desc>0042v</desc>
			<graphic mimeType="pdf" url="AM%209%20fol./87/HIGH_QUALITY_DISPLAY"/>
			<graphic mimeType="jpg" url="AM%209%20fol./87/THUMBNAIL" width="200px" height="280px"/>
			<graphic mimeType="jpg" url="AM%209%20fol./87/SECONDARY_DISPLAY" width="2496px" height="3499px"/>
			<graphic mimeType="pdf" url="AM%209%20fol./87/WEB_DISPLAY"/>
		</surface>
		<surface xml:id="AM02-009-0043r" n="88">
			<desc>0043r</desc>
			<graphic mimeType="pdf" url="AM%209%20fol./88/HIGH_QUALITY_DISPLAY"/>
			<graphic mimeType="jpg" url="AM%209%20fol./88/THUMBNAIL" width="200px" height="282px"/>
			<graphic mimeType="jpg" url="AM%209%20fol./88/SECONDARY_DISPLAY" width="2488px" height="3502px"/>
			<graphic mimeType="pdf" url="AM%209%20fol./88/WEB_DISPLAY"/>
		</surface>
		<surface xml:id="AM02-009-0043v" n="89">
			<desc>0043v</desc>
			<graphic mimeType="pdf" url="AM%209%20fol./89/HIGH_QUALITY_DISPLAY"/>
			<graphic mimeType="jpg" url="AM%209%20fol./89/THUMBNAIL" width="200px" height="280px"/>
			<graphic mimeType="jpg" url="AM%209%20fol./89/SECONDARY_DISPLAY" width="2496px" height="3501px"/>
			<graphic mimeType="pdf" url="AM%209%20fol./89/WEB_DISPLAY"/>
		</surface>
		<surface xml:id="AM02-009-0044r" n="90">
			<desc>0044r</desc>
			<graphic mimeType="pdf" url="AM%209%20fol./90/HIGH_QUALITY_DISPLAY"/>
			<graphic mimeType="jpg" url="AM%209%20fol./90/THUMBNAIL" width="200px" height="280px"/>
			<graphic mimeType="jpg" url="AM%209%20fol./90/SECONDARY_DISPLAY" width="2496px" height="3499px"/>
			<graphic mimeType="pdf" url="AM%209%20fol./90/WEB_DISPLAY"/>
		</surface>
		<surface xml:id="AM02-009-0044v" n="91">
			<desc>0044v</desc>
			<graphic mimeType="pdf" url="AM%209%20fol./91/HIGH_QUALITY_DISPLAY"/>
			<graphic mimeType="jpg" url="AM%209%20fol./91/THUMBNAIL" width="200px" height="280px"/>
			<graphic mimeType="jpg" url="AM%209%20fol./91/SECONDARY_DISPLAY" width="2496px" height="3501px"/>
			<graphic mimeType="pdf" url="AM%209%20fol./91/WEB_DISPLAY"/>
		</surface>
		<surface xml:id="AM02-009-0045r" n="92">
			<desc>0045r</desc>
			<graphic mimeType="pdf" url="AM%209%20fol./92/HIGH_QUALITY_DISPLAY"/>
			<graphic mimeType="jpg" url="AM%209%20fol./92/THUMBNAIL" width="200px" height="282px"/>
			<graphic mimeType="jpg" url="AM%209%20fol./92/SECONDARY_DISPLAY" width="2488px" height="3503px"/>
			<graphic mimeType="pdf" url="AM%209%20fol./92/WEB_DISPLAY"/>
		</surface>
		<surface xml:id="AM02-009-0045v" n="93">
			<desc>0045v</desc>
			<graphic mimeType="pdf" url="AM%209%20fol./93/HIGH_QUALITY_DISPLAY"/>
			<graphic mimeType="jpg" url="AM%209%20fol./93/THUMBNAIL" width="200px" height="280px"/>
			<graphic mimeType="jpg" url="AM%209%20fol./93/SECONDARY_DISPLAY" width="2496px" height="3501px"/>
			<graphic mimeType="pdf" url="AM%209%20fol./93/WEB_DISPLAY"/>
		</surface>
		<surface xml:id="AM02-009-0046r" n="94">
			<desc>0046r</desc>
			<graphic mimeType="pdf" url="AM%209%20fol./94/HIGH_QUALITY_DISPLAY"/>
			<graphic mimeType="jpg" url="AM%209%20fol./94/THUMBNAIL" width="200px" height="281px"/>
			<graphic mimeType="jpg" url="AM%209%20fol./94/SECONDARY_DISPLAY" width="2496px" height="3504px"/>
			<graphic mimeType="pdf" url="AM%209%20fol./94/WEB_DISPLAY"/>
		</surface>
		<surface xml:id="AM02-009-0046v" n="95">
			<desc>0046v</desc>
			<graphic mimeType="pdf" url="AM%209%20fol./95/HIGH_QUALITY_DISPLAY"/>
			<graphic mimeType="jpg" url="AM%209%20fol./95/THUMBNAIL" width="200px" height="282px"/>
			<graphic mimeType="jpg" url="AM%209%20fol./95/SECONDARY_DISPLAY" width="2488px" height="3505px"/>
			<graphic mimeType="pdf" url="AM%209%20fol./95/WEB_DISPLAY"/>
		</surface>
		<surface xml:id="AM02-009-0047r" n="96">
			<desc>0047r</desc>
			<graphic mimeType="pdf" url="AM%209%20fol./96/HIGH_QUALITY_DISPLAY"/>
			<graphic mimeType="jpg" url="AM%209%20fol./96/THUMBNAIL" width="200px" height="280px"/>
			<graphic mimeType="jpg" url="AM%209%20fol./96/SECONDARY_DISPLAY" width="2496px" height="3499px"/>
			<graphic mimeType="pdf" url="AM%209%20fol./96/WEB_DISPLAY"/>
		</surface>
		<surface xml:id="AM02-009-0047v" n="97">
			<desc>0047v</desc>
			<graphic mimeType="pdf" url="AM%209%20fol./97/HIGH_QUALITY_DISPLAY"/>
			<graphic mimeType="jpg" url="AM%209%20fol./97/THUMBNAIL" width="200px" height="282px"/>
			<graphic mimeType="jpg" url="AM%209%20fol./97/SECONDARY_DISPLAY" width="2488px" height="3504px"/>
			<graphic mimeType="pdf" url="AM%209%20fol./97/WEB_DISPLAY"/>
		</surface>
		<surface xml:id="AM02-009-0048r" n="98">
			<desc>0048r</desc>
			<graphic mimeType="pdf" url="AM%209%20fol./98/HIGH_QUALITY_DISPLAY"/>
			<graphic mimeType="jpg" url="AM%209%20fol./98/THUMBNAIL" width="200px" height="281px"/>
			<graphic mimeType="jpg" url="AM%209%20fol./98/SECONDARY_DISPLAY" width="2496px" height="3502px"/>
			<graphic mimeType="pdf" url="AM%209%20fol./98/WEB_DISPLAY"/>
		</surface>
		<surface xml:id="AM02-009-9999v-RB" n="99">
			<desc>9999v-RB</desc>
			<graphic mimeType="pdf" url="AM%209%20fol./99/HIGH_QUALITY_DISPLAY"/>
			<graphic mimeType="jpg" url="AM%209%20fol./99/THUMBNAIL" width="200px" height="282px"/>
			<graphic mimeType="jpg" url="AM%209%20fol./99/SECONDARY_DISPLAY" width="2480px" height="3495px"/>
			<graphic mimeType="pdf" url="AM%209%20fol./99/WEB_DISPLAY"/>
		</surface>
	</facsimile>
</TEI>