<?xml version="1.0" encoding="UTF-8"?>
<?oxygen RNGSchema="http://www.handrit.is/schema/handrit-1.0.rnc" type="compact"?>
<TEI xmlns="http://www.tei-c.org/ns/1.0">
   <teiHeader>
      <fileDesc>
         <titleStmt>
            <title type="main">AM 14 fol.</title>
         </titleStmt>
         <publicationStmt>
            <authority>Den Arnamagnæanske Samling</authority>
            <pubPlace>København</pubPlace>
         </publicationStmt>
         <sourceDesc>
            <msDesc xml:id="AM02-0014-en" xml:lang="en">
               <msIdentifier>
                  <country>Denmark</country>
                  <settlement>København</settlement>
                  <repository>Den Arnamagnæanske Samling</repository>
                  <idno>AM 14 fol.</idno>
                  <altIdentifier type="internal" subtype="KKKat">
                     <idno>25</idno>
                  </altIdentifier>
               </msIdentifier>
               <head>
                  <title type="uniform">Jómsvíkinga þáttr</title>
                  <origPlace>Iceland/Denmark</origPlace>
                  <origDate notBefore="1690" notAfter="1710">c. 1700</origDate>
                  <note>Contains a copy of <foreign xml:lang="isl">fyrsti þáttr</foreign> from Flateyarbók's Jómsvíkinga saga.</note>
               </head>
               <msContents>
                  <msItem>
                     <textLang mainLang="is">Islandsk</textLang>
                  </msItem>
               </msContents>
               <physDesc>
                  <objectDesc form="codex">
                     <supportDesc material="chart">
                        <support>Paper.</support>
                        <extent>16. 
<dimensions type="leaf" scope="all">
                              <height>335</height>
                              <width>204</width>
                           </dimensions>
                        </extent>
                     </supportDesc>
                  </objectDesc>
               </physDesc>
            </msDesc>
         </sourceDesc>
      </fileDesc>
   </teiHeader>
	<facsimile xml:base="https://myndir.handrit.is/file/Handrit.is/">
		<surface xml:id="AM02-0014-0000r-FB" n="0">
			<desc>0000r-FB</desc>
			<graphic mimeType="pdf" url="AM%2014%20fol./0/HIGH_QUALITY_DISPLAY"/>
			<graphic mimeType="jpg" url="AM%2014%20fol./0/THUMBNAIL" width="200px" height="282px"/>
			<graphic mimeType="jpg" url="AM%2014%20fol./0/SECONDARY_DISPLAY" width="2472px" height="3490px"/>
			<graphic mimeType="pdf" url="AM%2014%20fol./0/WEB_DISPLAY"/>
		</surface>
		<surface xml:id="AM02-0014-0000v-FB" n="1">
			<desc>0000v-FB</desc>
			<graphic mimeType="pdf" url="AM%2014%20fol./1/HIGH_QUALITY_DISPLAY"/>
			<graphic mimeType="jpg" url="AM%2014%20fol./1/THUMBNAIL" width="200px" height="281px"/>
			<graphic mimeType="jpg" url="AM%2014%20fol./1/SECONDARY_DISPLAY" width="2480px" height="3491px"/>
			<graphic mimeType="pdf" url="AM%2014%20fol./1/WEB_DISPLAY"/>
		</surface>
		<surface xml:id="AM02-0014-0001r" n="2">
			<desc>0001r</desc>
			<graphic mimeType="pdf" url="AM%2014%20fol./2/HIGH_QUALITY_DISPLAY"/>
			<graphic mimeType="jpg" url="AM%2014%20fol./2/THUMBNAIL" width="200px" height="281px"/>
			<graphic mimeType="jpg" url="AM%2014%20fol./2/SECONDARY_DISPLAY" width="2480px" height="3491px"/>
			<graphic mimeType="pdf" url="AM%2014%20fol./2/WEB_DISPLAY"/>
		</surface>
		<surface xml:id="AM02-0014-0001v" n="3">
			<desc>0001v</desc>
			<graphic mimeType="pdf" url="AM%2014%20fol./3/HIGH_QUALITY_DISPLAY"/>
			<graphic mimeType="jpg" url="AM%2014%20fol./3/THUMBNAIL" width="200px" height="281px"/>
			<graphic mimeType="jpg" url="AM%2014%20fol./3/SECONDARY_DISPLAY" width="2480px" height="3491px"/>
			<graphic mimeType="pdf" url="AM%2014%20fol./3/WEB_DISPLAY"/>
		</surface>
		<surface xml:id="AM02-0014-0002r" n="4">
			<desc>0002r</desc>
			<graphic mimeType="pdf" url="AM%2014%20fol./4/HIGH_QUALITY_DISPLAY"/>
			<graphic mimeType="jpg" url="AM%2014%20fol./4/THUMBNAIL" width="200px" height="282px"/>
			<graphic mimeType="jpg" url="AM%2014%20fol./4/SECONDARY_DISPLAY" width="2472px" height="3488px"/>
			<graphic mimeType="pdf" url="AM%2014%20fol./4/WEB_DISPLAY"/>
		</surface>
		<surface xml:id="AM02-0014-0002v" n="5">
			<desc>0002v</desc>
			<graphic mimeType="pdf" url="AM%2014%20fol./5/HIGH_QUALITY_DISPLAY"/>
			<graphic mimeType="jpg" url="AM%2014%20fol./5/THUMBNAIL" width="200px" height="281px"/>
			<graphic mimeType="jpg" url="AM%2014%20fol./5/SECONDARY_DISPLAY" width="2480px" height="3489px"/>
			<graphic mimeType="pdf" url="AM%2014%20fol./5/WEB_DISPLAY"/>
		</surface>
		<surface xml:id="AM02-0014-0003r" n="6">
			<desc>0003r</desc>
			<graphic mimeType="pdf" url="AM%2014%20fol./6/HIGH_QUALITY_DISPLAY"/>
			<graphic mimeType="jpg" url="AM%2014%20fol./6/THUMBNAIL" width="200px" height="281px"/>
			<graphic mimeType="jpg" url="AM%2014%20fol./6/SECONDARY_DISPLAY" width="2488px" height="3490px"/>
			<graphic mimeType="pdf" url="AM%2014%20fol./6/WEB_DISPLAY"/>
		</surface>
		<surface xml:id="AM02-0014-0003v" n="7">
			<desc>0003v</desc>
			<graphic mimeType="pdf" url="AM%2014%20fol./7/HIGH_QUALITY_DISPLAY"/>
			<graphic mimeType="jpg" url="AM%2014%20fol./7/THUMBNAIL" width="200px" height="281px"/>
			<graphic mimeType="jpg" url="AM%2014%20fol./7/SECONDARY_DISPLAY" width="2480px" height="3488px"/>
			<graphic mimeType="pdf" url="AM%2014%20fol./7/WEB_DISPLAY"/>
		</surface>
		<surface xml:id="AM02-0014-0004r" n="8">
			<desc>0004r</desc>
			<graphic mimeType="pdf" url="AM%2014%20fol./8/HIGH_QUALITY_DISPLAY"/>
			<graphic mimeType="jpg" url="AM%2014%20fol./8/THUMBNAIL" width="200px" height="281px"/>
			<graphic mimeType="jpg" url="AM%2014%20fol./8/SECONDARY_DISPLAY" width="2480px" height="3487px"/>
			<graphic mimeType="pdf" url="AM%2014%20fol./8/WEB_DISPLAY"/>
		</surface>
		<surface xml:id="AM02-0014-0004v" n="9">
			<desc>0004v</desc>
			<graphic mimeType="pdf" url="AM%2014%20fol./9/HIGH_QUALITY_DISPLAY"/>
			<graphic mimeType="jpg" url="AM%2014%20fol./9/THUMBNAIL" width="200px" height="281px"/>
			<graphic mimeType="jpg" url="AM%2014%20fol./9/SECONDARY_DISPLAY" width="2480px" height="3490px"/>
			<graphic mimeType="pdf" url="AM%2014%20fol./9/WEB_DISPLAY"/>
		</surface>
		<surface xml:id="AM02-0014-0005r" n="10">
			<desc>0005r</desc>
			<graphic mimeType="pdf" url="AM%2014%20fol./10/HIGH_QUALITY_DISPLAY"/>
			<graphic mimeType="jpg" url="AM%2014%20fol./10/THUMBNAIL" width="200px" height="281px"/>
			<graphic mimeType="jpg" url="AM%2014%20fol./10/SECONDARY_DISPLAY" width="2480px" height="3488px"/>
			<graphic mimeType="pdf" url="AM%2014%20fol./10/WEB_DISPLAY"/>
		</surface>
		<surface xml:id="AM02-0014-0005v" n="11">
			<desc>0005v</desc>
			<graphic mimeType="pdf" url="AM%2014%20fol./11/HIGH_QUALITY_DISPLAY"/>
			<graphic mimeType="jpg" url="AM%2014%20fol./11/THUMBNAIL" width="200px" height="281px"/>
			<graphic mimeType="jpg" url="AM%2014%20fol./11/SECONDARY_DISPLAY" width="2480px" height="3489px"/>
			<graphic mimeType="pdf" url="AM%2014%20fol./11/WEB_DISPLAY"/>
		</surface>
		<surface xml:id="AM02-0014-0006r" n="12">
			<desc>0006r</desc>
			<graphic mimeType="pdf" url="AM%2014%20fol./12/HIGH_QUALITY_DISPLAY"/>
			<graphic mimeType="jpg" url="AM%2014%20fol./12/THUMBNAIL" width="200px" height="281px"/>
			<graphic mimeType="jpg" url="AM%2014%20fol./12/SECONDARY_DISPLAY" width="2480px" height="3491px"/>
			<graphic mimeType="pdf" url="AM%2014%20fol./12/WEB_DISPLAY"/>
		</surface>
		<surface xml:id="AM02-0014-0006v" n="13">
			<desc>0006v</desc>
			<graphic mimeType="pdf" url="AM%2014%20fol./13/HIGH_QUALITY_DISPLAY"/>
			<graphic mimeType="jpg" url="AM%2014%20fol./13/THUMBNAIL" width="200px" height="281px"/>
			<graphic mimeType="jpg" url="AM%2014%20fol./13/SECONDARY_DISPLAY" width="2480px" height="3490px"/>
			<graphic mimeType="pdf" url="AM%2014%20fol./13/WEB_DISPLAY"/>
		</surface>
		<surface xml:id="AM02-0014-0007r" n="14">
			<desc>0007r</desc>
			<graphic mimeType="pdf" url="AM%2014%20fol./14/HIGH_QUALITY_DISPLAY"/>
			<graphic mimeType="jpg" url="AM%2014%20fol./14/THUMBNAIL" width="200px" height="281px"/>
			<graphic mimeType="jpg" url="AM%2014%20fol./14/SECONDARY_DISPLAY" width="2480px" height="3488px"/>
			<graphic mimeType="pdf" url="AM%2014%20fol./14/WEB_DISPLAY"/>
		</surface>
		<surface xml:id="AM02-0014-0007v" n="15">
			<desc>0007v</desc>
			<graphic mimeType="pdf" url="AM%2014%20fol./15/HIGH_QUALITY_DISPLAY"/>
			<graphic mimeType="jpg" url="AM%2014%20fol./15/THUMBNAIL" width="200px" height="281px"/>
			<graphic mimeType="jpg" url="AM%2014%20fol./15/SECONDARY_DISPLAY" width="2480px" height="3491px"/>
			<graphic mimeType="pdf" url="AM%2014%20fol./15/WEB_DISPLAY"/>
		</surface>
		<surface xml:id="AM02-0014-0008r" n="16">
			<desc>0008r</desc>
			<graphic mimeType="pdf" url="AM%2014%20fol./16/HIGH_QUALITY_DISPLAY"/>
			<graphic mimeType="jpg" url="AM%2014%20fol./16/THUMBNAIL" width="200px" height="281px"/>
			<graphic mimeType="jpg" url="AM%2014%20fol./16/SECONDARY_DISPLAY" width="2480px" height="3488px"/>
			<graphic mimeType="pdf" url="AM%2014%20fol./16/WEB_DISPLAY"/>
		</surface>
		<surface xml:id="AM02-0014-0008v" n="17">
			<desc>0008v</desc>
			<graphic mimeType="pdf" url="AM%2014%20fol./17/HIGH_QUALITY_DISPLAY"/>
			<graphic mimeType="jpg" url="AM%2014%20fol./17/THUMBNAIL" width="200px" height="281px"/>
			<graphic mimeType="jpg" url="AM%2014%20fol./17/SECONDARY_DISPLAY" width="2480px" height="3487px"/>
			<graphic mimeType="pdf" url="AM%2014%20fol./17/WEB_DISPLAY"/>
		</surface>
		<surface xml:id="AM02-0014-0009r" n="18">
			<desc>0009r</desc>
			<graphic mimeType="pdf" url="AM%2014%20fol./18/HIGH_QUALITY_DISPLAY"/>
			<graphic mimeType="jpg" url="AM%2014%20fol./18/THUMBNAIL" width="200px" height="281px"/>
			<graphic mimeType="jpg" url="AM%2014%20fol./18/SECONDARY_DISPLAY" width="2480px" height="3492px"/>
			<graphic mimeType="pdf" url="AM%2014%20fol./18/WEB_DISPLAY"/>
		</surface>
		<surface xml:id="AM02-0014-0009v" n="19">
			<desc>0009v</desc>
			<graphic mimeType="pdf" url="AM%2014%20fol./19/HIGH_QUALITY_DISPLAY"/>
			<graphic mimeType="jpg" url="AM%2014%20fol./19/THUMBNAIL" width="200px" height="281px"/>
			<graphic mimeType="jpg" url="AM%2014%20fol./19/SECONDARY_DISPLAY" width="2480px" height="3489px"/>
			<graphic mimeType="pdf" url="AM%2014%20fol./19/WEB_DISPLAY"/>
		</surface>
		<surface xml:id="AM02-0014-0010r" n="20">
			<desc>0010r</desc>
			<graphic mimeType="pdf" url="AM%2014%20fol./20/HIGH_QUALITY_DISPLAY"/>
			<graphic mimeType="jpg" url="AM%2014%20fol./20/THUMBNAIL" width="200px" height="282px"/>
			<graphic mimeType="jpg" url="AM%2014%20fol./20/SECONDARY_DISPLAY" width="2472px" height="3488px"/>
			<graphic mimeType="pdf" url="AM%2014%20fol./20/WEB_DISPLAY"/>
		</surface>
		<surface xml:id="AM02-0014-0010v" n="21">
			<desc>0010v</desc>
			<graphic mimeType="pdf" url="AM%2014%20fol./21/HIGH_QUALITY_DISPLAY"/>
			<graphic mimeType="jpg" url="AM%2014%20fol./21/THUMBNAIL" width="200px" height="281px"/>
			<graphic mimeType="jpg" url="AM%2014%20fol./21/SECONDARY_DISPLAY" width="2488px" height="3493px"/>
			<graphic mimeType="pdf" url="AM%2014%20fol./21/WEB_DISPLAY"/>
		</surface>
		<surface xml:id="AM02-0014-0011r" n="22">
			<desc>0011r</desc>
			<graphic mimeType="pdf" url="AM%2014%20fol./22/HIGH_QUALITY_DISPLAY"/>
			<graphic mimeType="jpg" url="AM%2014%20fol./22/THUMBNAIL" width="200px" height="281px"/>
			<graphic mimeType="jpg" url="AM%2014%20fol./22/SECONDARY_DISPLAY" width="2488px" height="3489px"/>
			<graphic mimeType="pdf" url="AM%2014%20fol./22/WEB_DISPLAY"/>
		</surface>
		<surface xml:id="AM02-0014-0011v" n="23">
			<desc>0011v</desc>
			<graphic mimeType="pdf" url="AM%2014%20fol./23/HIGH_QUALITY_DISPLAY"/>
			<graphic mimeType="jpg" url="AM%2014%20fol./23/THUMBNAIL" width="200px" height="280px"/>
			<graphic mimeType="jpg" url="AM%2014%20fol./23/SECONDARY_DISPLAY" width="2488px" height="3488px"/>
			<graphic mimeType="pdf" url="AM%2014%20fol./23/WEB_DISPLAY"/>
		</surface>
		<surface xml:id="AM02-0014-0012r" n="24">
			<desc>0012r</desc>
			<graphic mimeType="pdf" url="AM%2014%20fol./24/HIGH_QUALITY_DISPLAY"/>
			<graphic mimeType="jpg" url="AM%2014%20fol./24/THUMBNAIL" width="200px" height="282px"/>
			<graphic mimeType="jpg" url="AM%2014%20fol./24/SECONDARY_DISPLAY" width="2480px" height="3494px"/>
			<graphic mimeType="pdf" url="AM%2014%20fol./24/WEB_DISPLAY"/>
		</surface>
		<surface xml:id="AM02-0014-0012v" n="25">
			<desc>0012v</desc>
			<graphic mimeType="pdf" url="AM%2014%20fol./25/HIGH_QUALITY_DISPLAY"/>
			<graphic mimeType="jpg" url="AM%2014%20fol./25/THUMBNAIL" width="200px" height="281px"/>
			<graphic mimeType="jpg" url="AM%2014%20fol./25/SECONDARY_DISPLAY" width="2480px" height="3491px"/>
			<graphic mimeType="pdf" url="AM%2014%20fol./25/WEB_DISPLAY"/>
		</surface>
		<surface xml:id="AM02-0014-0013r" n="26">
			<desc>0013r</desc>
			<graphic mimeType="pdf" url="AM%2014%20fol./26/HIGH_QUALITY_DISPLAY"/>
			<graphic mimeType="jpg" url="AM%2014%20fol./26/THUMBNAIL" width="200px" height="282px"/>
			<graphic mimeType="jpg" url="AM%2014%20fol./26/SECONDARY_DISPLAY" width="2472px" height="3485px"/>
			<graphic mimeType="pdf" url="AM%2014%20fol./26/WEB_DISPLAY"/>
		</surface>
		<surface xml:id="AM02-0014-0013v" n="27">
			<desc>0013v</desc>
			<graphic mimeType="pdf" url="AM%2014%20fol./27/HIGH_QUALITY_DISPLAY"/>
			<graphic mimeType="jpg" url="AM%2014%20fol./27/THUMBNAIL" width="200px" height="282px"/>
			<graphic mimeType="jpg" url="AM%2014%20fol./27/SECONDARY_DISPLAY" width="2480px" height="3493px"/>
			<graphic mimeType="pdf" url="AM%2014%20fol./27/WEB_DISPLAY"/>
		</surface>
		<surface xml:id="AM02-0014-0014r" n="28">
			<desc>0014r</desc>
			<graphic mimeType="pdf" url="AM%2014%20fol./28/HIGH_QUALITY_DISPLAY"/>
			<graphic mimeType="jpg" url="AM%2014%20fol./28/THUMBNAIL" width="200px" height="281px"/>
			<graphic mimeType="jpg" url="AM%2014%20fol./28/SECONDARY_DISPLAY" width="2480px" height="3489px"/>
			<graphic mimeType="pdf" url="AM%2014%20fol./28/WEB_DISPLAY"/>
		</surface>
		<surface xml:id="AM02-0014-0014v" n="29">
			<desc>0014v</desc>
			<graphic mimeType="pdf" url="AM%2014%20fol./29/HIGH_QUALITY_DISPLAY"/>
			<graphic mimeType="jpg" url="AM%2014%20fol./29/THUMBNAIL" width="200px" height="281px"/>
			<graphic mimeType="jpg" url="AM%2014%20fol./29/SECONDARY_DISPLAY" width="2488px" height="3490px"/>
			<graphic mimeType="pdf" url="AM%2014%20fol./29/WEB_DISPLAY"/>
		</surface>
		<surface xml:id="AM02-0014-0015r" n="30">
			<desc>0015r</desc>
			<graphic mimeType="pdf" url="AM%2014%20fol./30/HIGH_QUALITY_DISPLAY"/>
			<graphic mimeType="jpg" url="AM%2014%20fol./30/THUMBNAIL" width="200px" height="281px"/>
			<graphic mimeType="jpg" url="AM%2014%20fol./30/SECONDARY_DISPLAY" width="2480px" height="3489px"/>
			<graphic mimeType="pdf" url="AM%2014%20fol./30/WEB_DISPLAY"/>
		</surface>
		<surface xml:id="AM02-0014-0015v" n="31">
			<desc>0015v</desc>
			<graphic mimeType="pdf" url="AM%2014%20fol./31/HIGH_QUALITY_DISPLAY"/>
			<graphic mimeType="jpg" url="AM%2014%20fol./31/THUMBNAIL" width="200px" height="280px"/>
			<graphic mimeType="jpg" url="AM%2014%20fol./31/SECONDARY_DISPLAY" width="2488px" height="3486px"/>
			<graphic mimeType="pdf" url="AM%2014%20fol./31/WEB_DISPLAY"/>
		</surface>
		<surface xml:id="AM02-0014-0016r" n="32">
			<desc>0016r</desc>
			<graphic mimeType="pdf" url="AM%2014%20fol./32/HIGH_QUALITY_DISPLAY"/>
			<graphic mimeType="jpg" url="AM%2014%20fol./32/THUMBNAIL" width="200px" height="281px"/>
			<graphic mimeType="jpg" url="AM%2014%20fol./32/SECONDARY_DISPLAY" width="2488px" height="3491px"/>
			<graphic mimeType="pdf" url="AM%2014%20fol./32/WEB_DISPLAY"/>
		</surface>
		<surface xml:id="AM02-0014-9999v-RB" n="33">
			<desc>9999v-RB</desc>
			<graphic mimeType="pdf" url="AM%2014%20fol./33/HIGH_QUALITY_DISPLAY"/>
			<graphic mimeType="jpg" url="AM%2014%20fol./33/THUMBNAIL" width="200px" height="281px"/>
			<graphic mimeType="jpg" url="AM%2014%20fol./33/SECONDARY_DISPLAY" width="2488px" height="3490px"/>
			<graphic mimeType="pdf" url="AM%2014%20fol./33/WEB_DISPLAY"/>
		</surface>
	</facsimile>
</TEI>