<?xml version="1.0" encoding="UTF-8"?>
<?oxygen RNGSchema="http://www.handrit.is/schema/handrit-1.0.rnc" type="compact"?>
<TEI xmlns="http://www.tei-c.org/ns/1.0">

	<teiHeader>
		<fileDesc>
			<titleStmt>
				<title>Handritaskrá Árnastofnunar</title>
			</titleStmt>
			<publicationStmt>
				<p>Tilraunaútgáfa</p>
			</publicationStmt>
			<sourceDesc>
				<msDesc xml:lang="is" xml:id="AM02-0129-is">
					<msIdentifier n="KK158">
						<country>Ísland</country>
						<settlement>Reykjavík</settlement>
						<repository>Stofnun Árna Magnússonar</repository>
						<idno>AM 129 fol.</idno>
					</msIdentifier>

					<msContents>
						<summary><title type="uniform">Eyrbyggja saga</title></summary>
						<textLang mainLang="is">Íslenska</textLang>
						<msItem n="1" class="isl" defective="false">
							<locus from="1r" facs="#AM02-0129-0001r" to="26v">1r-26v</locus>
							<title type="uniform">Eyrbyggja saga</title>
							<rubric>Hér hefur Eyrbyggju</rubric>
							<incipit>Ketill flatnefur hét hersir ættgöfugur … </incipit>
							<explicit>…  fýstust ég þess sagði Þorsteinn og skildu við svo búið. </explicit>
							<colophon>Hér endar þessi saga, sælir alla daga.</colophon>
							<note>Ofangreind skrifaraklausa er á blaði <locus from="26v" facs="#AM02-0129-0026v" to="26v">26v</locus>.</note>
							<!-- ath. dags. lendir innan gæsalappa! -->
							<note>Á stöku stað gerir skrifari eyður í uppskrift sína (hugsanlega vegna ólæsilegra orða í
								frumriti).
								<!--Í skrá Kaalunds er getið um þessar eyður.Ath. þarf textann betur því eyðurnar virðast ekki alltaf kalla á orð.vh.  -->
							</note>
						</msItem>

						<msItem n="2" class="laus" defective="false">
							<locus from="26v" facs="#AM02-0129-0026v" to="26v">26v</locus>
							<title type="supplied">Tvær vísur</title>
							<author>
								<name type="person" key="HinMag001">Hinrik Magnússon</name>
							</author>

							<msItem n="2.1" class="laus" defective="false">
								<locus from="26v" facs="#AM02-0129-0026v" to="26v">26v</locus>
								<title type="supplied">Vísa um Björn Ásbrandsson</title>
								<rubric>Vísa um Björn Ásbrandsson</rubric>
								<incipit type="upphaf">Leið fór Björn svo bráða
									Breiðvíkingur …</incipit>
								<explicit>… dauðann veitti kauðum.</explicit>
							</msItem>

							<msItem n="2.2" class="laus" defective="false">
								<locus from="26v" facs="#AM02-0129-0026v" to="26v">26v</locus>
								<title type="supplied">Vísa um Steinþór Þorláksson</title>
								<rubric>Vísa um Steinþór Þorláksson</rubric>
								<incipit type="upphaf">Steinþór á Eyri stundum standa …</incipit>
								<explicit>… henti spjót og sendi.</explicit>
							</msItem>
							
						</msItem>

					</msContents>

					<physDesc>
						<objectDesc form="codex">
							<supportDesc material="chart">
								<support>
									<p>Pappír með vatnsmerkjum.</p>
									<p>
										<watermark n="1">
											Vatnsmerki 1. Aðalmerki:
											<ref target="watermark:X2">Fangamark CHVORK, fyrir ofan er Hermans orf flagg og ártal 1670 fyrir neðan</ref>
											// Ekkert mótmerki (
											<locus from="1r" to="3v">1-3</locus>
											,
											<locus from="5r" to="5v">5</locus>
											,
											<locus from="8r" to="8v">8</locus>
											,
											<locus from="10r" to="11v">10-11</locus>
											,
											<locus from="13r" to="13v">13</locus>
											).
										</watermark>
									</p>
									<p>
										<watermark n="2">
											Vatnsmerki 2. Aðalmerki:
											<ref target="watermark:B">Dárahöfuð, 4 stórar bjöllur á kraga, stór Hermes kross og 3 stórir hringir á staf</ref>
											(
											<locus from="18r" to="20v">18-20</locus>
											,
											<locus from="24r" to="24v">24</locus>
											)
											// Mótmerki:
											<ref target="watermark:X2">Fangamark RONDEL</ref>
											(
											<locus from="17r" to="17v">17</locus>
											,
											<locus from="21r" to="23v">21-23</locus>
											,
											<locus from="25r" to="26v">25-26</locus>
											).
										</watermark>
									</p>
								</support>
								<extent>i + 26 + i blöð (<dimensions type="leaf" unit="mm" scope="all">
										<height>304</height>
										<width>194</width>
									</dimensions>).</extent>

								<foliation>
									<p>Blaðmerkt með bleki 1, 5, 10… 20, 25 og 26. Blöðin á milli,
										þ.e. 2, 3, 4,… 6, 7, 8, 9…  11, 12, o.s.frv. eru merkt með
										blýanti.</p>
								</foliation>

								<collation>
									<p>Þrjú kver.<list>
											<item n="1">Kver I: blöð 1-16, 8 tvinn.</item>
											<item n="2">Kver II: blöð 17-24, 4 tvinn.</item>
											<item n="3">Kver III: blöð 25-26, 1 tvinn.</item>
										</list>
									</p>
								</collation>

								<condition>
									<p>
										<list>
											<item>Blettir eru víða á blöðum; texti þó yfirleitt
												læsilegur (sbr. t.d. <locus from="10v" facs="#AM02-0129-0010v" to="12r">10v-12r</locus>).</item>
											<item>Texti á spássíum hefur sumstaðar skerts vegna
												afskurðar blaða, sjá t.d. blað <locus from="1v" facs="#AM02-0129-0001v" to="1v">1v</locus>.</item>
										</list>
									</p>
								</condition>
							</supportDesc>
							<layoutDesc>
								<layout columns="1" writtenLines="34 36">
									<p>
										<list>
											<item>Eindálka.</item>
											<item>Leturflötur er ca <dimensions type="leaf" unit="mm">
												<height>250-255</height>
												<width>150-160</width>
												</dimensions>. </item>
											<item>Línufjöldi er ca 34-36.</item>
											<item>Kaflaskipting, 39 kaflar.</item>
										</list>
									</p>
								</layout>
							</layoutDesc>
						</objectDesc>
						<handDesc>
							<handNote scope="sole" script=" kanzlei" scribe="HinMag001"><list>
									<item>Með hendi <name type="person" key="HinMag001"> Hinriks
											Magnússonar</name>.</item>
									<item>Kansellískrift.</item>
								</list></handNote>
						</handDesc>
						<additions>
							<p>
								<list>
									<item>Aftast leysir <name key="ArnMag001" type="person">Árni
											Magnússon</name> úr upphafsstöfum skrifarans, með hendi
											<date when="1720">um 1720</date>: <q>Hinrik Magnússon er
											bjó í Saurbæ</q> (<locus from="26v" facs="#AM02-0129-0026v" to="26v">26v</locus>).</item>
									<item>Spássíugreinar, sbr. t.d. á blöðum <locus from="1v" facs="#AM02-0129-0001v" to="2r">1v-2r</locus>.</item>

								</list>
							</p>
						</additions>
						<bindingDesc>
							<binding when="1973" contemporary="false">
								<p>Band (<dimensions type="binding" unit="mm">
												<height>310</height>
												<width>220</width>
												<depth>20</depth>
											</dimensions>) frá 1973.</p>
										<p>Pappaspjöld klædd fínofnum líndúk. Grófari dúkur á
											kili og hornum, saumað á móttök. Ný saurblöð.</p>
									
							</binding>

							<binding notBefore="1730" notAfter="1780" contemporary="false">
								<p>Eldra pappaband (<dimensions type="binding" unit="mm">
												<height>305</height>
												<width>198</width>
												<depth>8</depth>
											</dimensions>) frá ca 1730-1780.</p>
										<p>Eldri saurblöð fylgja eldra bandi.</p>
										<p>Safnmark og titill er ritað framan á kápuspjald. Blár
											safnmarksmiði er á kili.</p>
								
							</binding>

						</bindingDesc>
						<accMat>
							<p>
								<list>
									<item>Fastur <locus from="accMat01r" facs="#AM02-0129-accMat01r" to="accMat01v">seðill</locus> (<dimensions type="slip" unit="mm">
											<height>45</height>
											<width>149</width>
										</dimensions>) á blaði <locus from="1r" facs="#AM02-0129-0001r" to="1r">1r</locus> með hendi
											<name key="ArnMag001" type="person">Árna
											Magnússonar</name>: <quote type="AMSlip" xml:lang="is">Eyrbyggja saga. Úr bók er ég fékk af monsieur Jónasi
											Daðasyni.</quote></item>
									<item>Laus miði með upplýsingum um forvörslu bands.</item>
								</list>
							</p>
						</accMat>
					</physDesc>

					<history>
						<origin notBefore="1650" notAfter="1699">
							<p>
							Handritið er skrifað á <origPlace key="IS">Íslandi</origPlace> og tímasett til 17. aldar í <bibl>
											<ref target="KKKat">Katalog I</ref>
										</bibl>, bls. 90, en virkt skriftartímabil skrifara var á
											<origDate notBefore="1650" notAfter="1699">s.hl. 17.
											aldar. Rannsóknir á vatnsmerkjum benda til þess að handritið hafi verið ritað eftir 1670</origDate></p>.
							
							<p>Handritið tilheyrði áður sama handriti og <ref target="AM02-0005" type="ms">AM 5 fol.</ref>, <ref target="AM02-0108" type="ms">AM 108 fol.</ref>, <ref target="AM02-0113d" type="ms">AM 113 d fol.</ref>, <ref target="AM02-0163k" type="ms">AM 163 k fol.</ref> og
											<ref type="ms" target="AM02-0164c">AM 164 c fol.</ref>
									</p>
						</origin>

						<provenance>
							<p><name key="ArnMag001" type="person">Árni Magnússon</name>
										fékk handritið úr bók frá <name key="JonDad001" type="person">Jónasi Daðasyni</name> (sjá <locus from="accMat01r" facs="#AM02-0129-accMat01r" to="accMat01v">seðil</locus>). </p>
							
						</provenance>
						<acquisition when="1974-03-04">
							<p>Stofnun Árna Magnússonar tók við handritinu 4. mars 1974.</p>
						</acquisition>
					</history>
					<additional>

						<adminInfo>

							<recordHist>
								<source>
									<p> <name key="KriKaa001" type="person">
										Kålund</name> gekk frá handritinu til skráningar 
										<date when="1885-11-17">17. nóvember 1885</date> í 
										<bibl>
											<ref target="KKKat">Katalog I</ref>
										</bibl>, bls. 92-93 (nr. 158),
										<name key="OloBen001" type="person">ÓB</name>
										tölvuskráði <date when="2001-08-31">31. ágúst
											2001</date>,
												<name type="person" key="ValHil001">VH</name> skráði
												handritið skv. TEIP5 reglum <date when="2009-03-03">3. mars 2009</date>; lagfærði í <date when="2010-11">nóvember 2010.</date> <name key="ThuSig002" type="person">ÞÓS</name> skráði <date when="2020-06-16">16. júní 2020</date>.
									</p>
								</source>
							</recordHist>

							<custodialHist>

								<custEvent type="conservation" when="1973">
									<p>Viðgert og bundið af <name key="BirDal001" type="person">Birgitte Dall</name> 1973. Eldra band fylgir og
										saurblöð.</p>
								</custEvent>

								<custEvent type="conservation" notBefore="1730" notAfter="1780">
									<p>
										<name key="MatBlo001" type="person">Matthias Larsen
											Bloch</name> batt ca 1730-1780.</p>
								</custEvent>

							</custodialHist>

						</adminInfo>


						<surrogates>
							<p>
								<list>

									<item n="1">Stafrænar myndir á www.sagnanet.is.</item>

									<item n="2">Svart-hvítar ljósmyndir á Det Arnamagnæanske
										Institut í Kaupmannahöfn. </item>
								</list>
							</p>
						</surrogates>



						<listBibl>
							<bibl>Scott, F. S. 2003, <ref target="ForSco2003a">Eyrbyggja saga. The vellum tradition</ref></bibl>
						</listBibl>

					</additional>

				</msDesc>
			</sourceDesc>
		</fileDesc>
		<profileDesc> </profileDesc>
	</teiHeader>
	<facsimile xml:base="https://myndir.handrit.is/file/Handrit.is/">
		<surface xml:id="AM02-0129-0000r-FB" n="0">
			<desc>0000r-FB</desc>
			<graphic mimeType="pdf" url="AM%20129%20fol/0/HIGH_QUALITY_DISPLAY"/>
			<graphic mimeType="jpg" url="AM%20129%20fol/0/THUMBNAIL" width="200px" height="265px"/>
			<graphic mimeType="jpg" url="AM%20129%20fol/0/SECONDARY_DISPLAY" width="5644px" height="7491px"/>
			<graphic mimeType="pdf" url="AM%20129%20fol/0/WEB_DISPLAY"/>
		</surface>
		<surface xml:id="AM02-0129-0000v-FB" n="1">
			<desc>0000v-FB</desc>
			<graphic mimeType="pdf" url="AM%20129%20fol/1/HIGH_QUALITY_DISPLAY"/>
			<graphic mimeType="jpg" url="AM%20129%20fol/1/THUMBNAIL" width="200px" height="279px"/>
			<graphic mimeType="jpg" url="AM%20129%20fol/1/SECONDARY_DISPLAY" width="4480px" height="6259px"/>
			<graphic mimeType="pdf" url="AM%20129%20fol/1/WEB_DISPLAY"/>
		</surface>
		<surface xml:id="AM02-0129-0001r-FFl" n="2">
			<desc>0001r-FFl</desc>
			<graphic mimeType="pdf" url="AM%20129%20fol/2/HIGH_QUALITY_DISPLAY"/>
			<graphic mimeType="jpg" url="AM%20129%20fol/2/THUMBNAIL" width="200px" height="281px"/>
			<graphic mimeType="jpg" url="AM%20129%20fol/2/SECONDARY_DISPLAY" width="4352px" height="6115px"/>
			<graphic mimeType="pdf" url="AM%20129%20fol/2/WEB_DISPLAY"/>
		</surface>
		<surface xml:id="AM02-0129-0001v-FFl" n="3">
			<desc>0001v-FFl</desc>
			<graphic mimeType="pdf" url="AM%20129%20fol/3/HIGH_QUALITY_DISPLAY"/>
			<graphic mimeType="jpg" url="AM%20129%20fol/3/THUMBNAIL" width="200px" height="281px"/>
			<graphic mimeType="jpg" url="AM%20129%20fol/3/SECONDARY_DISPLAY" width="4408px" height="6179px"/>
			<graphic mimeType="pdf" url="AM%20129%20fol/3/WEB_DISPLAY"/>
		</surface>
		<surface xml:id="AM02-0129-accMat01r" n="4">
			<desc>accMat01r</desc>
			<graphic mimeType="pdf" url="AM%20129%20fol/4/HIGH_QUALITY_DISPLAY"/>
			<graphic mimeType="jpg" url="AM%20129%20fol/4/THUMBNAIL" width="200px" height="266px"/>
			<graphic mimeType="jpg" url="AM%20129%20fol/4/SECONDARY_DISPLAY" width="5634px" height="7501px"/>
			<graphic mimeType="pdf" url="AM%20129%20fol/4/WEB_DISPLAY"/>
		</surface>
		<surface xml:id="AM02-0129-accMat01v" n="5">
			<desc>accMat01v</desc>
			<graphic mimeType="pdf" url="AM%20129%20fol/5/HIGH_QUALITY_DISPLAY"/>
			<graphic mimeType="jpg" url="AM%20129%20fol/5/THUMBNAIL" width="192px" height="300px"/>
			<graphic mimeType="jpg" url="AM%20129%20fol/5/SECONDARY_DISPLAY" width="3800px" height="5955px"/>
			<graphic mimeType="pdf" url="AM%20129%20fol/5/WEB_DISPLAY"/>
		</surface>
		<surface xml:id="AM02-0129-0001r" n="6">
			<desc>0001r</desc>
			<graphic mimeType="pdf" url="AM%20129%20fol/6/HIGH_QUALITY_DISPLAY"/>
			<graphic mimeType="jpg" url="AM%20129%20fol/6/THUMBNAIL" width="200px" height="280px"/>
			<graphic mimeType="jpg" url="AM%20129%20fol/6/SECONDARY_DISPLAY" width="5100px" height="7150px"/>
			<graphic mimeType="pdf" url="AM%20129%20fol/6/WEB_DISPLAY"/>
		</surface>
		<surface xml:id="AM02-0129-0001v" n="7">
			<desc>0001v</desc>
			<graphic mimeType="pdf" url="AM%20129%20fol/7/HIGH_QUALITY_DISPLAY"/>
			<graphic mimeType="jpg" url="AM%20129%20fol/7/THUMBNAIL" width="200px" height="300px"/>
			<graphic mimeType="jpg" url="AM%20129%20fol/7/SECONDARY_DISPLAY" width="4750px" height="7150px"/>
			<graphic mimeType="pdf" url="AM%20129%20fol/7/WEB_DISPLAY"/>
		</surface>
		<surface xml:id="AM02-0129-0002r" n="8">
			<desc>0002r</desc>
			<graphic mimeType="pdf" url="AM%20129%20fol/8/HIGH_QUALITY_DISPLAY"/>
			<graphic mimeType="jpg" url="AM%20129%20fol/8/THUMBNAIL" width="195px" height="300px"/>
			<graphic mimeType="jpg" url="AM%20129%20fol/8/SECONDARY_DISPLAY" width="4650px" height="7150px"/>
			<graphic mimeType="pdf" url="AM%20129%20fol/8/WEB_DISPLAY"/>
		</surface>
		<surface xml:id="AM02-0129-0002v" n="9">
			<desc>0002v</desc>
			<graphic mimeType="pdf" url="AM%20129%20fol/9/HIGH_QUALITY_DISPLAY"/>
			<graphic mimeType="jpg" url="AM%20129%20fol/9/THUMBNAIL" width="200px" height="300px"/>
			<graphic mimeType="jpg" url="AM%20129%20fol/9/SECONDARY_DISPLAY" width="4750px" height="7150px"/>
			<graphic mimeType="pdf" url="AM%20129%20fol/9/WEB_DISPLAY"/>
		</surface>
		<surface xml:id="AM02-0129-0003r" n="10">
			<desc>0003r</desc>
			<graphic mimeType="pdf" url="AM%20129%20fol/10/HIGH_QUALITY_DISPLAY"/>
			<graphic mimeType="jpg" url="AM%20129%20fol/10/THUMBNAIL" width="195px" height="300px"/>
			<graphic mimeType="jpg" url="AM%20129%20fol/10/SECONDARY_DISPLAY" width="4650px" height="7150px"/>
			<graphic mimeType="pdf" url="AM%20129%20fol/10/WEB_DISPLAY"/>
		</surface>
		<surface xml:id="AM02-0129-0003v" n="11">
			<desc>0003v</desc>
			<graphic mimeType="pdf" url="AM%20129%20fol/11/HIGH_QUALITY_DISPLAY"/>
			<graphic mimeType="jpg" url="AM%20129%20fol/11/THUMBNAIL" width="200px" height="300px"/>
			<graphic mimeType="jpg" url="AM%20129%20fol/11/SECONDARY_DISPLAY" width="4750px" height="7150px"/>
			<graphic mimeType="pdf" url="AM%20129%20fol/11/WEB_DISPLAY"/>
		</surface>
		<surface xml:id="AM02-0129-0004r" n="12">
			<desc>0004r</desc>
			<graphic mimeType="pdf" url="AM%20129%20fol/12/HIGH_QUALITY_DISPLAY"/>
			<graphic mimeType="jpg" url="AM%20129%20fol/12/THUMBNAIL" width="195px" height="300px"/>
			<graphic mimeType="jpg" url="AM%20129%20fol/12/SECONDARY_DISPLAY" width="4650px" height="7150px"/>
			<graphic mimeType="pdf" url="AM%20129%20fol/12/WEB_DISPLAY"/>
		</surface>
		<surface xml:id="AM02-0129-0004v" n="13">
			<desc>0004v</desc>
			<graphic mimeType="pdf" url="AM%20129%20fol/13/HIGH_QUALITY_DISPLAY"/>
			<graphic mimeType="jpg" url="AM%20129%20fol/13/THUMBNAIL" width="200px" height="300px"/>
			<graphic mimeType="jpg" url="AM%20129%20fol/13/SECONDARY_DISPLAY" width="4750px" height="7150px"/>
			<graphic mimeType="pdf" url="AM%20129%20fol/13/WEB_DISPLAY"/>
		</surface>
		<surface xml:id="AM02-0129-0005r" n="14">
			<desc>0005r</desc>
			<graphic mimeType="pdf" url="AM%20129%20fol/14/HIGH_QUALITY_DISPLAY"/>
			<graphic mimeType="jpg" url="AM%20129%20fol/14/THUMBNAIL" width="195px" height="300px"/>
			<graphic mimeType="jpg" url="AM%20129%20fol/14/SECONDARY_DISPLAY" width="4650px" height="7150px"/>
			<graphic mimeType="pdf" url="AM%20129%20fol/14/WEB_DISPLAY"/>
		</surface>
		<surface xml:id="AM02-0129-0005v" n="15">
			<desc>0005v</desc>
			<graphic mimeType="pdf" url="AM%20129%20fol/15/HIGH_QUALITY_DISPLAY"/>
			<graphic mimeType="jpg" url="AM%20129%20fol/15/THUMBNAIL" width="200px" height="300px"/>
			<graphic mimeType="jpg" url="AM%20129%20fol/15/SECONDARY_DISPLAY" width="4750px" height="7150px"/>
			<graphic mimeType="pdf" url="AM%20129%20fol/15/WEB_DISPLAY"/>
		</surface>
		<surface xml:id="AM02-0129-0006r" n="16">
			<desc>0006r</desc>
			<graphic mimeType="pdf" url="AM%20129%20fol/16/HIGH_QUALITY_DISPLAY"/>
			<graphic mimeType="jpg" url="AM%20129%20fol/16/THUMBNAIL" width="195px" height="300px"/>
			<graphic mimeType="jpg" url="AM%20129%20fol/16/SECONDARY_DISPLAY" width="4650px" height="7150px"/>
			<graphic mimeType="pdf" url="AM%20129%20fol/16/WEB_DISPLAY"/>
		</surface>
		<surface xml:id="AM02-0129-0006v" n="17">
			<desc>0006v</desc>
			<graphic mimeType="pdf" url="AM%20129%20fol/17/HIGH_QUALITY_DISPLAY"/>
			<graphic mimeType="jpg" url="AM%20129%20fol/17/THUMBNAIL" width="200px" height="300px"/>
			<graphic mimeType="jpg" url="AM%20129%20fol/17/SECONDARY_DISPLAY" width="4750px" height="7150px"/>
			<graphic mimeType="pdf" url="AM%20129%20fol/17/WEB_DISPLAY"/>
		</surface>
		<surface xml:id="AM02-0129-0007r" n="18">
			<desc>0007r</desc>
			<graphic mimeType="pdf" url="AM%20129%20fol/18/HIGH_QUALITY_DISPLAY"/>
			<graphic mimeType="jpg" url="AM%20129%20fol/18/THUMBNAIL" width="195px" height="300px"/>
			<graphic mimeType="jpg" url="AM%20129%20fol/18/SECONDARY_DISPLAY" width="4650px" height="7150px"/>
			<graphic mimeType="pdf" url="AM%20129%20fol/18/WEB_DISPLAY"/>
		</surface>
		<surface xml:id="AM02-0129-0007v" n="19">
			<desc>0007v</desc>
			<graphic mimeType="pdf" url="AM%20129%20fol/19/HIGH_QUALITY_DISPLAY"/>
			<graphic mimeType="jpg" url="AM%20129%20fol/19/THUMBNAIL" width="200px" height="300px"/>
			<graphic mimeType="jpg" url="AM%20129%20fol/19/SECONDARY_DISPLAY" width="4750px" height="7150px"/>
			<graphic mimeType="pdf" url="AM%20129%20fol/19/WEB_DISPLAY"/>
		</surface>
		<surface xml:id="AM02-0129-0008r" n="20">
			<desc>0008r</desc>
			<graphic mimeType="pdf" url="AM%20129%20fol/20/HIGH_QUALITY_DISPLAY"/>
			<graphic mimeType="jpg" url="AM%20129%20fol/20/THUMBNAIL" width="195px" height="300px"/>
			<graphic mimeType="jpg" url="AM%20129%20fol/20/SECONDARY_DISPLAY" width="4650px" height="7150px"/>
			<graphic mimeType="pdf" url="AM%20129%20fol/20/WEB_DISPLAY"/>
		</surface>
		<surface xml:id="AM02-0129-0008v" n="21">
			<desc>0008v</desc>
			<graphic mimeType="pdf" url="AM%20129%20fol/21/HIGH_QUALITY_DISPLAY"/>
			<graphic mimeType="jpg" url="AM%20129%20fol/21/THUMBNAIL" width="200px" height="300px"/>
			<graphic mimeType="jpg" url="AM%20129%20fol/21/SECONDARY_DISPLAY" width="4750px" height="7150px"/>
			<graphic mimeType="pdf" url="AM%20129%20fol/21/WEB_DISPLAY"/>
		</surface>
		<surface xml:id="AM02-0129-0009r" n="22">
			<desc>0009r</desc>
			<graphic mimeType="pdf" url="AM%20129%20fol/22/HIGH_QUALITY_DISPLAY"/>
			<graphic mimeType="jpg" url="AM%20129%20fol/22/THUMBNAIL" width="195px" height="300px"/>
			<graphic mimeType="jpg" url="AM%20129%20fol/22/SECONDARY_DISPLAY" width="4650px" height="7150px"/>
			<graphic mimeType="pdf" url="AM%20129%20fol/22/WEB_DISPLAY"/>
		</surface>
		<surface xml:id="AM02-0129-0009v" n="23">
			<desc>0009v</desc>
			<graphic mimeType="pdf" url="AM%20129%20fol/23/HIGH_QUALITY_DISPLAY"/>
			<graphic mimeType="jpg" url="AM%20129%20fol/23/THUMBNAIL" width="200px" height="300px"/>
			<graphic mimeType="jpg" url="AM%20129%20fol/23/SECONDARY_DISPLAY" width="4750px" height="7150px"/>
			<graphic mimeType="pdf" url="AM%20129%20fol/23/WEB_DISPLAY"/>
		</surface>
		<surface xml:id="AM02-0129-0010r" n="24">
			<desc>0010r</desc>
			<graphic mimeType="pdf" url="AM%20129%20fol/24/HIGH_QUALITY_DISPLAY"/>
			<graphic mimeType="jpg" url="AM%20129%20fol/24/THUMBNAIL" width="195px" height="300px"/>
			<graphic mimeType="jpg" url="AM%20129%20fol/24/SECONDARY_DISPLAY" width="4650px" height="7150px"/>
			<graphic mimeType="pdf" url="AM%20129%20fol/24/WEB_DISPLAY"/>
		</surface>
		<surface xml:id="AM02-0129-0010v" n="25">
			<desc>0010v</desc>
			<graphic mimeType="pdf" url="AM%20129%20fol/25/HIGH_QUALITY_DISPLAY"/>
			<graphic mimeType="jpg" url="AM%20129%20fol/25/THUMBNAIL" width="200px" height="300px"/>
			<graphic mimeType="jpg" url="AM%20129%20fol/25/SECONDARY_DISPLAY" width="4750px" height="7150px"/>
			<graphic mimeType="pdf" url="AM%20129%20fol/25/WEB_DISPLAY"/>
		</surface>
		<surface xml:id="AM02-0129-0011r" n="26">
			<desc>0011r</desc>
			<graphic mimeType="pdf" url="AM%20129%20fol/26/HIGH_QUALITY_DISPLAY"/>
			<graphic mimeType="jpg" url="AM%20129%20fol/26/THUMBNAIL" width="195px" height="300px"/>
			<graphic mimeType="jpg" url="AM%20129%20fol/26/SECONDARY_DISPLAY" width="4650px" height="7150px"/>
			<graphic mimeType="pdf" url="AM%20129%20fol/26/WEB_DISPLAY"/>
		</surface>
		<surface xml:id="AM02-0129-0011v" n="27">
			<desc>0011v</desc>
			<graphic mimeType="pdf" url="AM%20129%20fol/27/HIGH_QUALITY_DISPLAY"/>
			<graphic mimeType="jpg" url="AM%20129%20fol/27/THUMBNAIL" width="200px" height="300px"/>
			<graphic mimeType="jpg" url="AM%20129%20fol/27/SECONDARY_DISPLAY" width="4750px" height="7150px"/>
			<graphic mimeType="pdf" url="AM%20129%20fol/27/WEB_DISPLAY"/>
		</surface>
		<surface xml:id="AM02-0129-0012r" n="28">
			<desc>0012r</desc>
			<graphic mimeType="pdf" url="AM%20129%20fol/28/HIGH_QUALITY_DISPLAY"/>
			<graphic mimeType="jpg" url="AM%20129%20fol/28/THUMBNAIL" width="195px" height="300px"/>
			<graphic mimeType="jpg" url="AM%20129%20fol/28/SECONDARY_DISPLAY" width="4650px" height="7150px"/>
			<graphic mimeType="pdf" url="AM%20129%20fol/28/WEB_DISPLAY"/>
		</surface>
		<surface xml:id="AM02-0129-0012v" n="29">
			<desc>0012v</desc>
			<graphic mimeType="pdf" url="AM%20129%20fol/29/HIGH_QUALITY_DISPLAY"/>
			<graphic mimeType="jpg" url="AM%20129%20fol/29/THUMBNAIL" width="200px" height="300px"/>
			<graphic mimeType="jpg" url="AM%20129%20fol/29/SECONDARY_DISPLAY" width="4750px" height="7150px"/>
			<graphic mimeType="pdf" url="AM%20129%20fol/29/WEB_DISPLAY"/>
		</surface>
		<surface xml:id="AM02-0129-0013r" n="30">
			<desc>0013r</desc>
			<graphic mimeType="pdf" url="AM%20129%20fol/30/HIGH_QUALITY_DISPLAY"/>
			<graphic mimeType="jpg" url="AM%20129%20fol/30/THUMBNAIL" width="195px" height="300px"/>
			<graphic mimeType="jpg" url="AM%20129%20fol/30/SECONDARY_DISPLAY" width="4650px" height="7150px"/>
			<graphic mimeType="pdf" url="AM%20129%20fol/30/WEB_DISPLAY"/>
		</surface>
		<surface xml:id="AM02-0129-0013v" n="31">
			<desc>0013v</desc>
			<graphic mimeType="pdf" url="AM%20129%20fol/31/HIGH_QUALITY_DISPLAY"/>
			<graphic mimeType="jpg" url="AM%20129%20fol/31/THUMBNAIL" width="200px" height="300px"/>
			<graphic mimeType="jpg" url="AM%20129%20fol/31/SECONDARY_DISPLAY" width="4750px" height="7150px"/>
			<graphic mimeType="pdf" url="AM%20129%20fol/31/WEB_DISPLAY"/>
		</surface>
		<surface xml:id="AM02-0129-0014r" n="32">
			<desc>0014r</desc>
			<graphic mimeType="pdf" url="AM%20129%20fol/32/HIGH_QUALITY_DISPLAY"/>
			<graphic mimeType="jpg" url="AM%20129%20fol/32/THUMBNAIL" width="195px" height="300px"/>
			<graphic mimeType="jpg" url="AM%20129%20fol/32/SECONDARY_DISPLAY" width="4650px" height="7150px"/>
			<graphic mimeType="pdf" url="AM%20129%20fol/32/WEB_DISPLAY"/>
		</surface>
		<surface xml:id="AM02-0129-0014v" n="33">
			<desc>0014v</desc>
			<graphic mimeType="pdf" url="AM%20129%20fol/33/HIGH_QUALITY_DISPLAY"/>
			<graphic mimeType="jpg" url="AM%20129%20fol/33/THUMBNAIL" width="200px" height="300px"/>
			<graphic mimeType="jpg" url="AM%20129%20fol/33/SECONDARY_DISPLAY" width="4750px" height="7150px"/>
			<graphic mimeType="pdf" url="AM%20129%20fol/33/WEB_DISPLAY"/>
		</surface>
		<surface xml:id="AM02-0129-0015r" n="34">
			<desc>0015r</desc>
			<graphic mimeType="pdf" url="AM%20129%20fol/34/HIGH_QUALITY_DISPLAY"/>
			<graphic mimeType="jpg" url="AM%20129%20fol/34/THUMBNAIL" width="195px" height="300px"/>
			<graphic mimeType="jpg" url="AM%20129%20fol/34/SECONDARY_DISPLAY" width="4650px" height="7150px"/>
			<graphic mimeType="pdf" url="AM%20129%20fol/34/WEB_DISPLAY"/>
		</surface>
		<surface xml:id="AM02-0129-0015v" n="35">
			<desc>0015v</desc>
			<graphic mimeType="pdf" url="AM%20129%20fol/35/HIGH_QUALITY_DISPLAY"/>
			<graphic mimeType="jpg" url="AM%20129%20fol/35/THUMBNAIL" width="200px" height="300px"/>
			<graphic mimeType="jpg" url="AM%20129%20fol/35/SECONDARY_DISPLAY" width="4750px" height="7150px"/>
			<graphic mimeType="pdf" url="AM%20129%20fol/35/WEB_DISPLAY"/>
		</surface>
		<surface xml:id="AM02-0129-0016r" n="36">
			<desc>0016r</desc>
			<graphic mimeType="pdf" url="AM%20129%20fol/36/HIGH_QUALITY_DISPLAY"/>
			<graphic mimeType="jpg" url="AM%20129%20fol/36/THUMBNAIL" width="195px" height="300px"/>
			<graphic mimeType="jpg" url="AM%20129%20fol/36/SECONDARY_DISPLAY" width="4650px" height="7150px"/>
			<graphic mimeType="pdf" url="AM%20129%20fol/36/WEB_DISPLAY"/>
		</surface>
		<surface xml:id="AM02-0129-0016v" n="37">
			<desc>0016v</desc>
			<graphic mimeType="pdf" url="AM%20129%20fol/37/HIGH_QUALITY_DISPLAY"/>
			<graphic mimeType="jpg" url="AM%20129%20fol/37/THUMBNAIL" width="200px" height="300px"/>
			<graphic mimeType="jpg" url="AM%20129%20fol/37/SECONDARY_DISPLAY" width="4750px" height="7150px"/>
			<graphic mimeType="pdf" url="AM%20129%20fol/37/WEB_DISPLAY"/>
		</surface>
		<surface xml:id="AM02-0129-0017r" n="38">
			<desc>0017r</desc>
			<graphic mimeType="pdf" url="AM%20129%20fol/38/HIGH_QUALITY_DISPLAY"/>
			<graphic mimeType="jpg" url="AM%20129%20fol/38/THUMBNAIL" width="195px" height="300px"/>
			<graphic mimeType="jpg" url="AM%20129%20fol/38/SECONDARY_DISPLAY" width="4650px" height="7150px"/>
			<graphic mimeType="pdf" url="AM%20129%20fol/38/WEB_DISPLAY"/>
		</surface>
		<surface xml:id="AM02-0129-0017v" n="39">
			<desc>0017v</desc>
			<graphic mimeType="pdf" url="AM%20129%20fol/39/HIGH_QUALITY_DISPLAY"/>
			<graphic mimeType="jpg" url="AM%20129%20fol/39/THUMBNAIL" width="200px" height="300px"/>
			<graphic mimeType="jpg" url="AM%20129%20fol/39/SECONDARY_DISPLAY" width="4750px" height="7150px"/>
			<graphic mimeType="pdf" url="AM%20129%20fol/39/WEB_DISPLAY"/>
		</surface>
		<surface xml:id="AM02-0129-0018r" n="40">
			<desc>0018r</desc>
			<graphic mimeType="pdf" url="AM%20129%20fol/40/HIGH_QUALITY_DISPLAY"/>
			<graphic mimeType="jpg" url="AM%20129%20fol/40/THUMBNAIL" width="195px" height="300px"/>
			<graphic mimeType="jpg" url="AM%20129%20fol/40/SECONDARY_DISPLAY" width="4650px" height="7150px"/>
			<graphic mimeType="pdf" url="AM%20129%20fol/40/WEB_DISPLAY"/>
		</surface>
		<surface xml:id="AM02-0129-0018v" n="41">
			<desc>0018v</desc>
			<graphic mimeType="pdf" url="AM%20129%20fol/41/HIGH_QUALITY_DISPLAY"/>
			<graphic mimeType="jpg" url="AM%20129%20fol/41/THUMBNAIL" width="200px" height="300px"/>
			<graphic mimeType="jpg" url="AM%20129%20fol/41/SECONDARY_DISPLAY" width="4750px" height="7150px"/>
			<graphic mimeType="pdf" url="AM%20129%20fol/41/WEB_DISPLAY"/>
		</surface>
		<surface xml:id="AM02-0129-0019r" n="42">
			<desc>0019r</desc>
			<graphic mimeType="pdf" url="AM%20129%20fol/42/HIGH_QUALITY_DISPLAY"/>
			<graphic mimeType="jpg" url="AM%20129%20fol/42/THUMBNAIL" width="195px" height="300px"/>
			<graphic mimeType="jpg" url="AM%20129%20fol/42/SECONDARY_DISPLAY" width="4650px" height="7150px"/>
			<graphic mimeType="pdf" url="AM%20129%20fol/42/WEB_DISPLAY"/>
		</surface>
		<surface xml:id="AM02-0129-0019v" n="43">
			<desc>0019v</desc>
			<graphic mimeType="pdf" url="AM%20129%20fol/43/HIGH_QUALITY_DISPLAY"/>
			<graphic mimeType="jpg" url="AM%20129%20fol/43/THUMBNAIL" width="200px" height="300px"/>
			<graphic mimeType="jpg" url="AM%20129%20fol/43/SECONDARY_DISPLAY" width="4750px" height="7150px"/>
			<graphic mimeType="pdf" url="AM%20129%20fol/43/WEB_DISPLAY"/>
		</surface>
		<surface xml:id="AM02-0129-0020r" n="44">
			<desc>0020r</desc>
			<graphic mimeType="pdf" url="AM%20129%20fol/44/HIGH_QUALITY_DISPLAY"/>
			<graphic mimeType="jpg" url="AM%20129%20fol/44/THUMBNAIL" width="195px" height="300px"/>
			<graphic mimeType="jpg" url="AM%20129%20fol/44/SECONDARY_DISPLAY" width="4650px" height="7150px"/>
			<graphic mimeType="pdf" url="AM%20129%20fol/44/WEB_DISPLAY"/>
		</surface>
		<surface xml:id="AM02-0129-0020v" n="45">
			<desc>0020v</desc>
			<graphic mimeType="pdf" url="AM%20129%20fol/45/HIGH_QUALITY_DISPLAY"/>
			<graphic mimeType="jpg" url="AM%20129%20fol/45/THUMBNAIL" width="200px" height="300px"/>
			<graphic mimeType="jpg" url="AM%20129%20fol/45/SECONDARY_DISPLAY" width="4750px" height="7150px"/>
			<graphic mimeType="pdf" url="AM%20129%20fol/45/WEB_DISPLAY"/>
		</surface>
		<surface xml:id="AM02-0129-0021r" n="46">
			<desc>0021r</desc>
			<graphic mimeType="pdf" url="AM%20129%20fol/46/HIGH_QUALITY_DISPLAY"/>
			<graphic mimeType="jpg" url="AM%20129%20fol/46/THUMBNAIL" width="195px" height="300px"/>
			<graphic mimeType="jpg" url="AM%20129%20fol/46/SECONDARY_DISPLAY" width="4650px" height="7150px"/>
			<graphic mimeType="pdf" url="AM%20129%20fol/46/WEB_DISPLAY"/>
		</surface>
		<surface xml:id="AM02-0129-0021v" n="47">
			<desc>0021v</desc>
			<graphic mimeType="pdf" url="AM%20129%20fol/47/HIGH_QUALITY_DISPLAY"/>
			<graphic mimeType="jpg" url="AM%20129%20fol/47/THUMBNAIL" width="200px" height="300px"/>
			<graphic mimeType="jpg" url="AM%20129%20fol/47/SECONDARY_DISPLAY" width="4750px" height="7150px"/>
			<graphic mimeType="pdf" url="AM%20129%20fol/47/WEB_DISPLAY"/>
		</surface>
		<surface xml:id="AM02-0129-0022r" n="48">
			<desc>0022r</desc>
			<graphic mimeType="pdf" url="AM%20129%20fol/48/HIGH_QUALITY_DISPLAY"/>
			<graphic mimeType="jpg" url="AM%20129%20fol/48/THUMBNAIL" width="195px" height="300px"/>
			<graphic mimeType="jpg" url="AM%20129%20fol/48/SECONDARY_DISPLAY" width="4650px" height="7150px"/>
			<graphic mimeType="pdf" url="AM%20129%20fol/48/WEB_DISPLAY"/>
		</surface>
		<surface xml:id="AM02-0129-0022v" n="49">
			<desc>0022v</desc>
			<graphic mimeType="pdf" url="AM%20129%20fol/49/HIGH_QUALITY_DISPLAY"/>
			<graphic mimeType="jpg" url="AM%20129%20fol/49/THUMBNAIL" width="200px" height="300px"/>
			<graphic mimeType="jpg" url="AM%20129%20fol/49/SECONDARY_DISPLAY" width="4750px" height="7150px"/>
			<graphic mimeType="pdf" url="AM%20129%20fol/49/WEB_DISPLAY"/>
		</surface>
		<surface xml:id="AM02-0129-0023r" n="50">
			<desc>0023r</desc>
			<graphic mimeType="pdf" url="AM%20129%20fol/50/HIGH_QUALITY_DISPLAY"/>
			<graphic mimeType="jpg" url="AM%20129%20fol/50/THUMBNAIL" width="195px" height="300px"/>
			<graphic mimeType="jpg" url="AM%20129%20fol/50/SECONDARY_DISPLAY" width="4650px" height="7150px"/>
			<graphic mimeType="pdf" url="AM%20129%20fol/50/WEB_DISPLAY"/>
		</surface>
		<surface xml:id="AM02-0129-0023v" n="51">
			<desc>0023v</desc>
			<graphic mimeType="pdf" url="AM%20129%20fol/51/HIGH_QUALITY_DISPLAY"/>
			<graphic mimeType="jpg" url="AM%20129%20fol/51/THUMBNAIL" width="200px" height="300px"/>
			<graphic mimeType="jpg" url="AM%20129%20fol/51/SECONDARY_DISPLAY" width="4750px" height="7150px"/>
			<graphic mimeType="pdf" url="AM%20129%20fol/51/WEB_DISPLAY"/>
		</surface>
		<surface xml:id="AM02-0129-0024r" n="52">
			<desc>0024r</desc>
			<graphic mimeType="pdf" url="AM%20129%20fol/52/HIGH_QUALITY_DISPLAY"/>
			<graphic mimeType="jpg" url="AM%20129%20fol/52/THUMBNAIL" width="195px" height="300px"/>
			<graphic mimeType="jpg" url="AM%20129%20fol/52/SECONDARY_DISPLAY" width="4650px" height="7150px"/>
			<graphic mimeType="pdf" url="AM%20129%20fol/52/WEB_DISPLAY"/>
		</surface>
		<surface xml:id="AM02-0129-0024v" n="53">
			<desc>0024v</desc>
			<graphic mimeType="pdf" url="AM%20129%20fol/53/HIGH_QUALITY_DISPLAY"/>
			<graphic mimeType="jpg" url="AM%20129%20fol/53/THUMBNAIL" width="200px" height="300px"/>
			<graphic mimeType="jpg" url="AM%20129%20fol/53/SECONDARY_DISPLAY" width="4750px" height="7150px"/>
			<graphic mimeType="pdf" url="AM%20129%20fol/53/WEB_DISPLAY"/>
		</surface>
		<surface xml:id="AM02-0129-0025r" n="54">
			<desc>0025r</desc>
			<graphic mimeType="pdf" url="AM%20129%20fol/54/HIGH_QUALITY_DISPLAY"/>
			<graphic mimeType="jpg" url="AM%20129%20fol/54/THUMBNAIL" width="195px" height="300px"/>
			<graphic mimeType="jpg" url="AM%20129%20fol/54/SECONDARY_DISPLAY" width="4650px" height="7150px"/>
			<graphic mimeType="pdf" url="AM%20129%20fol/54/WEB_DISPLAY"/>
		</surface>
		<surface xml:id="AM02-0129-0025v" n="55">
			<desc>0025v</desc>
			<graphic mimeType="pdf" url="AM%20129%20fol/55/HIGH_QUALITY_DISPLAY"/>
			<graphic mimeType="jpg" url="AM%20129%20fol/55/THUMBNAIL" width="200px" height="300px"/>
			<graphic mimeType="jpg" url="AM%20129%20fol/55/SECONDARY_DISPLAY" width="4750px" height="7150px"/>
			<graphic mimeType="pdf" url="AM%20129%20fol/55/WEB_DISPLAY"/>
		</surface>
		<surface xml:id="AM02-0129-0026r" n="56">
			<desc>0026r</desc>
			<graphic mimeType="pdf" url="AM%20129%20fol/56/HIGH_QUALITY_DISPLAY"/>
			<graphic mimeType="jpg" url="AM%20129%20fol/56/THUMBNAIL" width="195px" height="300px"/>
			<graphic mimeType="jpg" url="AM%20129%20fol/56/SECONDARY_DISPLAY" width="4650px" height="7150px"/>
			<graphic mimeType="pdf" url="AM%20129%20fol/56/WEB_DISPLAY"/>
		</surface>
		<surface xml:id="AM02-0129-0026v" n="57">
			<desc>0026v</desc>
			<graphic mimeType="pdf" url="AM%20129%20fol/57/HIGH_QUALITY_DISPLAY"/>
			<graphic mimeType="jpg" url="AM%20129%20fol/57/THUMBNAIL" width="200px" height="300px"/>
			<graphic mimeType="jpg" url="AM%20129%20fol/57/SECONDARY_DISPLAY" width="4750px" height="7150px"/>
			<graphic mimeType="pdf" url="AM%20129%20fol/57/WEB_DISPLAY"/>
		</surface>
		<surface xml:id="AM02-0129-9901r-RFl" n="58">
			<desc>9901r-RFl</desc>
			<graphic mimeType="pdf" url="AM%20129%20fol/58/HIGH_QUALITY_DISPLAY"/>
			<graphic mimeType="jpg" url="AM%20129%20fol/58/THUMBNAIL" width="200px" height="284px"/>
			<graphic mimeType="jpg" url="AM%20129%20fol/58/SECONDARY_DISPLAY" width="4312px" height="6115px"/>
			<graphic mimeType="pdf" url="AM%20129%20fol/58/WEB_DISPLAY"/>
		</surface>
		<surface xml:id="AM02-0129-9901v-RFl" n="59">
			<desc>9901v-RFl</desc>
			<graphic mimeType="pdf" url="AM%20129%20fol/59/HIGH_QUALITY_DISPLAY"/>
			<graphic mimeType="jpg" url="AM%20129%20fol/59/THUMBNAIL" width="200px" height="282px"/>
			<graphic mimeType="jpg" url="AM%20129%20fol/59/SECONDARY_DISPLAY" width="4280px" height="6043px"/>
			<graphic mimeType="pdf" url="AM%20129%20fol/59/WEB_DISPLAY"/>
		</surface>
		<surface xml:id="AM02-0129-9999r-RB" n="60">
			<desc>9999r-RB</desc>
			<graphic mimeType="pdf" url="AM%20129%20fol/60/HIGH_QUALITY_DISPLAY"/>
			<graphic mimeType="jpg" url="AM%20129%20fol/60/THUMBNAIL" width="200px" height="283px"/>
			<graphic mimeType="jpg" url="AM%20129%20fol/60/SECONDARY_DISPLAY" width="4352px" height="6147px"/>
			<graphic mimeType="pdf" url="AM%20129%20fol/60/WEB_DISPLAY"/>
		</surface>
		<surface xml:id="AM02-0129-9999v-RB" n="61">
			<desc>9999v-RB</desc>
			<graphic mimeType="pdf" url="AM%20129%20fol/61/HIGH_QUALITY_DISPLAY"/>
			<graphic mimeType="jpg" url="AM%20129%20fol/61/THUMBNAIL" width="200px" height="265px"/>
			<graphic mimeType="jpg" url="AM%20129%20fol/61/SECONDARY_DISPLAY" width="5644px" height="7491px"/>
			<graphic mimeType="pdf" url="AM%20129%20fol/61/WEB_DISPLAY"/>
		</surface>
		<surface xml:id="AM02-0129-addMat01r" n="62">
			<desc>addMat01r</desc>
			<graphic mimeType="pdf" url="AM%20129%20fol/62/HIGH_QUALITY_DISPLAY"/>
			<graphic mimeType="jpg" url="AM%20129%20fol/62/THUMBNAIL" width="163px" height="300px"/>
			<graphic mimeType="jpg" url="AM%20129%20fol/62/SECONDARY_DISPLAY" width="1800px" height="3322px"/>
			<graphic mimeType="pdf" url="AM%20129%20fol/62/WEB_DISPLAY"/>
		</surface>
		<surface xml:id="AM02-0129-addMat02r" n="63">
			<desc>addMat02r</desc>
			<graphic mimeType="pdf" url="AM%20129%20fol/63/HIGH_QUALITY_DISPLAY"/>
			<graphic mimeType="jpg" url="AM%20129%20fol/63/THUMBNAIL" width="199px" height="300px"/>
			<graphic mimeType="jpg" url="AM%20129%20fol/63/SECONDARY_DISPLAY" width="4008px" height="6051px"/>
			<graphic mimeType="pdf" url="AM%20129%20fol/63/WEB_DISPLAY"/>
		</surface>
		<surface xml:id="AM02-0129-addMat02v" n="64">
			<desc>addMat02v</desc>
			<graphic mimeType="pdf" url="AM%20129%20fol/64/HIGH_QUALITY_DISPLAY"/>
			<graphic mimeType="jpg" url="AM%20129%20fol/64/THUMBNAIL" width="199px" height="300px"/>
			<graphic mimeType="jpg" url="AM%20129%20fol/64/SECONDARY_DISPLAY" width="4144px" height="6243px"/>
			<graphic mimeType="pdf" url="AM%20129%20fol/64/WEB_DISPLAY"/>
		</surface>
		<surface xml:id="AM02-0129-addMat03r" n="65">
			<desc>addMat03r</desc>
			<graphic mimeType="pdf" url="AM%20129%20fol/65/HIGH_QUALITY_DISPLAY"/>
			<graphic mimeType="jpg" url="AM%20129%20fol/65/THUMBNAIL" width="199px" height="300px"/>
			<graphic mimeType="jpg" url="AM%20129%20fol/65/SECONDARY_DISPLAY" width="4032px" height="6083px"/>
			<graphic mimeType="pdf" url="AM%20129%20fol/65/WEB_DISPLAY"/>
		</surface>
		<surface xml:id="AM02-0129-addMat03v" n="66">
			<desc>addMat03v</desc>
			<graphic mimeType="pdf" url="AM%20129%20fol/66/HIGH_QUALITY_DISPLAY"/>
			<graphic mimeType="jpg" url="AM%20129%20fol/66/THUMBNAIL" width="200px" height="300px"/>
			<graphic mimeType="jpg" url="AM%20129%20fol/66/SECONDARY_DISPLAY" width="4048px" height="6083px"/>
			<graphic mimeType="pdf" url="AM%20129%20fol/66/WEB_DISPLAY"/>
		</surface>
		<surface xml:id="AM02-0129-addMat04r" n="67">
			<desc>addMat04r</desc>
			<graphic mimeType="pdf" url="AM%20129%20fol/67/HIGH_QUALITY_DISPLAY"/>
			<graphic mimeType="jpg" url="AM%20129%20fol/67/THUMBNAIL" width="200px" height="298px"/>
			<graphic mimeType="jpg" url="AM%20129%20fol/67/SECONDARY_DISPLAY" width="4080px" height="6091px"/>
			<graphic mimeType="pdf" url="AM%20129%20fol/67/WEB_DISPLAY"/>
		</surface>
		<surface xml:id="AM02-0129-addMat04v" n="68">
			<desc>addMat04v</desc>
			<graphic mimeType="pdf" url="AM%20129%20fol/68/HIGH_QUALITY_DISPLAY"/>
			<graphic mimeType="jpg" url="AM%20129%20fol/68/THUMBNAIL" width="198px" height="300px"/>
			<graphic mimeType="jpg" url="AM%20129%20fol/68/SECONDARY_DISPLAY" width="4008px" height="6083px"/>
			<graphic mimeType="pdf" url="AM%20129%20fol/68/WEB_DISPLAY"/>
		</surface>
		<surface xml:id="AM02-0129-addMat05r" n="69">
			<desc>addMat05r</desc>
			<graphic mimeType="pdf" url="AM%20129%20fol/69/HIGH_QUALITY_DISPLAY"/>
			<graphic mimeType="jpg" url="AM%20129%20fol/69/THUMBNAIL" width="200px" height="298px"/>
			<graphic mimeType="jpg" url="AM%20129%20fol/69/SECONDARY_DISPLAY" width="4104px" height="6123px"/>
			<graphic mimeType="pdf" url="AM%20129%20fol/69/WEB_DISPLAY"/>
		</surface>
		<surface xml:id="AM02-0129-addMat05v" n="70">
			<desc>addMat05v</desc>
			<graphic mimeType="pdf" url="AM%20129%20fol/70/HIGH_QUALITY_DISPLAY"/>
			<graphic mimeType="jpg" url="AM%20129%20fol/70/THUMBNAIL" width="200px" height="299px"/>
			<graphic mimeType="jpg" url="AM%20129%20fol/70/SECONDARY_DISPLAY" width="4064px" height="6083px"/>
			<graphic mimeType="pdf" url="AM%20129%20fol/70/WEB_DISPLAY"/>
		</surface>
		<surface xml:id="AM02-0129-ccp" n="71">
			<desc>ccp</desc>
			<graphic mimeType="pdf" url="AM%20129%20fol/71/HIGH_QUALITY_DISPLAY"/>
			<graphic mimeType="jpg" url="AM%20129%20fol/71/THUMBNAIL" width="90px" height="300px"/>
			<graphic mimeType="jpg" url="AM%20129%20fol/71/SECONDARY_DISPLAY" width="1176px" height="3922px"/>
			<graphic mimeType="pdf" url="AM%20129%20fol/71/WEB_DISPLAY"/>
		</surface>
		<surface xml:id="AM02-0129-Scale" n="72">
			<desc>Scale</desc>
			<graphic mimeType="pdf" url="AM%20129%20fol/72/HIGH_QUALITY_DISPLAY"/>
			<graphic mimeType="jpg" url="AM%20129%20fol/72/THUMBNAIL" width="200px" height="250px"/>
			<graphic mimeType="jpg" url="AM%20129%20fol/72/SECONDARY_DISPLAY" width="6000px" height="7520px"/>
			<graphic mimeType="pdf" url="AM%20129%20fol/72/WEB_DISPLAY"/>
		</surface>
	</facsimile>
	<text>
		<body>

			<p/>
		</body>

	</text>

</TEI>