<?xml version="1.0" encoding="UTF-8"?>
<?oxygen RNGSchema="http://www.handrit.is/schema/handrit-1.0.rnc" type="compact"?>
<TEI xmlns="http://www.tei-c.org/ns/1.0">
   <teiHeader>
      <fileDesc>
         <titleStmt>
            <title type="main">AM 1 d beta fol.</title>
         </titleStmt>
         <publicationStmt>
            <authority>Den Arnamagnæanske Samling</authority>
            <pubPlace>København</pubPlace>
         </publicationStmt>
         <sourceDesc>
            <msDesc xml:id="AM02-0001-d-beta-en" xml:lang="en">
               <msIdentifier>
                  <country>Denmark</country>
                  <settlement>København</settlement>
                  <repository>Den Arnamagnæanske Samling</repository>
                  <idno>AM 1 d beta fol.</idno>
                  <altIdentifier type="internal" subtype="KKKat">
                     <idno>5</idno>
                  </altIdentifier>
               </msIdentifier>
               <head>
                  <title type="uniform">Sögubrot af nokkrum fornkonungum í Dana ok Svía veldi</title>;
            <origPlace>Iceland</origPlace>, <origDate notBefore="1690" notAfter="1710">c.
        1700</origDate>. <note>Transcript of <ref type="ms">AM 1 a fol</ref>.</note>
               </head>
               <msContents>
                  <msItem class="forn">
                     <locus from="1r:1" facs="#AM02-0001-d-beta-1r:1" to="8v:17">1r-8v</locus>
                     <title type="uniform">Sögubrot af nokkrum fornkonungum í Dana ok Svía veldi</title>
                     <textLang mainLang="is">Icelandic</textLang>
                     <rubric>Sogubrot af Nockrúm fornkongum<ex>m</ex> J Dana og Svija <lb/> Vellde.</rubric>
                     <incipit>Ord Audaz Vid fodur sin<ex>n</ex>, fram<ex>m</ex>berande Ord Helga med under<add place="above">higgiu</add>
                     </incipit>
                     <explicit>főlk er Alfar Kalladest Var miklu frýdara en<ex>n</ex> an<ex>n</ex>ad <lb/> Man<ex>n</ex>kin a Nordurlondum<ex>m</ex>.</explicit>
                     <listBibl>
                        <bibl>Rafn, <ref type="primary-3" target="AntR">Antiquités Russes</ref>
                           <biblScope type="volume">I</biblScope>
                           <biblScope type="pages">67-86</biblScope> 
                           <note>Ed. E</note>
                        </bibl>
                        <bibl>Rafn, <ref type="primary-3" target="FASNRafn">Fornaldar Sögur Nordrlanda</ref>
                           <biblScope type="volume">I</biblScope>
                           <biblScope type="pages">361-388</biblScope> 
                           <note>Ed. E</note>
                        </bibl>
                     </listBibl>
                  </msItem>
               </msContents>
               <physDesc>
                  <objectDesc form="codex">
                     <supportDesc material="chart">
                        <support>
                           <p>
                              <material>Paper</material>.
                    </p>
                        </support>
                        <extent>8. <dimensions type="leaf" scope="all">
                              <height>212</height>
                              <width>161</width>
                           </dimensions>.</extent>
                        <foliation>
                           <p>Foliated in red ink in top margins by <name type="person" key="KriKaa001">Kålund</name>. Paginated in top outer cornes of recto pages and additionally on fol. <locus facs="#AM02-0001-d-beta-0008v">8v</locus>.</p>
                        </foliation>
                        <collation>
                           <p>
                              <catchwords>Catchwords on every page.</catchwords>
                           </p>
                        </collation>
                     </supportDesc>
                  </objectDesc>
                  <handDesc hands="1">
                     <handNote scribe="HjaTho001" scope="sole" script="cursiva">
                        <p>Written by the priest Hjalti Þorsteinsson of <name type="place" key="Vatns02">Vatnsfjörður</name>.</p>
                     </handNote>
                  </handDesc>
                  <accMat>
                     <p>The AM-slip reads: <q xml:lang="is">Ur Num. 15. in 4to. <lb/> fra Eckiu Sal. Þormo<lb rend="hyphenated"/>dar Torfasonar. <lb/> Epter þessu nidlags Exem<lb rend="hyphenated"/>plare hafde Sal. Assessor <lb/> Þormodr lated Asgeir
                        ri<lb rend="hyphenated"/>ta Exemplar in folio. <lb/> og hafde Asgeir
                        allstad<lb rend="hyphenated"/>ar úmbreitt literatura <lb/> ad methodum
                        veterioru<ex>m</ex>. <lb/> Þetta Asgeirs Mstum <lb/> stod i Num. 13. in
                    folio. <lb/> En<ex>n</ex> var lldungis onytt, <lb/> eins <ex>og</ex>
                    þetta nærverandi <lb/> Exemplar med hendi Sr <pb/> Hiallta, og þeim mun <lb/>
                    verra, ad Asgeir hafdi <lb/> æred liber vered i at <lb/> umbreita literaturâ.
                    <lb/> en<ex>n</ex> orden voru eins rau<lb rend="hyphenated"/>ng i hverutveggiu.
                    Eg <lb/> reif so þetta Asgeirs <lb/> avtographum i sundur, <lb/> ad
                    eingan<ex>n</ex> villa skyllde</q>.</p>
                  </accMat>
               </physDesc>
               <history>
                  <origin notBefore="1690" notAfter="1710" cert="high" evidence="external">
                     <p>Written by <name type="person" key="HjaTho001">Hjalti Þorsteinsson</name> in <origPlace>Iceland</origPlace>
                        <origDate>c. 1700</origDate>.</p>
                  </origin>
                  <acquisition>
                     <p>According to the AM-slip, <name type="person" key="ArnMag001">Árni Magnússon</name> got the fragment from <name type="person" key="ThoTor001">Torfæus</name>'s widow: <q xml:lang="is">fra Eckiu Sal. Þormodar Torfasonar</q>.</p>
                  </acquisition>
               </history>
               <additional>
                  <adminInfo>
                     <recordHist>
                        <source>
                           <p>Catalogued <date when="2001-12-20">20 December 2001</date> by EW-J. Checked
                            <date when="2008-05-27">27 May 2008</date> by <name type="person" key="SilHuf001">Silvia Hufnagel</name>.</p>
                        </source>
                     </recordHist>
                  </adminInfo>
                  <listBibl>
                     <bibl>Kålund, <ref type="secondary" target="KKKat">Katalog</ref>
                        <biblScope type="volume">I</biblScope>
                        <biblScope type="pages">3-4</biblScope>
                     </bibl>
                     <bibl>
                        <ref type="secondary" target="STUAGNL46">Sǫgur Danakonunga</ref>
                        <biblScope type="pages">viii</biblScope>
                     </bibl>
                  </listBibl>
               </additional>
            </msDesc>
         </sourceDesc>
      </fileDesc>
   </teiHeader>
	<facsimile xml:base="https://myndir.handrit.is/file/Handrit.is/">
		<surface xml:id="AM02-0001-d-beta-0000v-FB" n="0">
			<desc>0000v-FB</desc>
			<graphic mimeType="pdf" url="AM%201%20d%20beta%20fol./0/HIGH_QUALITY_DISPLAY"/>
			<graphic mimeType="jpg" url="AM%201%20d%20beta%20fol./0/THUMBNAIL" width="200px" height="267px"/>
			<graphic mimeType="jpg" url="AM%201%20d%20beta%20fol./0/SECONDARY_DISPLAY" width="2104px" height="2812px"/>
			<graphic mimeType="pdf" url="AM%201%20d%20beta%20fol./0/WEB_DISPLAY"/>
		</surface>
		<surface xml:id="AM02-0001-d-beta-0001r-FFl" n="1">
			<desc>0001r-FFl</desc>
			<graphic mimeType="pdf" url="AM%201%20d%20beta%20fol./1/HIGH_QUALITY_DISPLAY"/>
			<graphic mimeType="jpg" url="AM%201%20d%20beta%20fol./1/THUMBNAIL" width="200px" height="270px"/>
			<graphic mimeType="jpg" url="AM%201%20d%20beta%20fol./1/SECONDARY_DISPLAY" width="2088px" height="2815px"/>
			<graphic mimeType="pdf" url="AM%201%20d%20beta%20fol./1/WEB_DISPLAY"/>
		</surface>
		<surface xml:id="AM02-0001-d-beta-0001r" n="2">
			<desc>0001r</desc>
			<graphic mimeType="pdf" url="AM%201%20d%20beta%20fol./2/HIGH_QUALITY_DISPLAY"/>
			<graphic mimeType="jpg" url="AM%201%20d%20beta%20fol./2/THUMBNAIL" width="200px" height="270px"/>
			<graphic mimeType="jpg" url="AM%201%20d%20beta%20fol./2/SECONDARY_DISPLAY" width="2096px" height="2832px"/>
			<graphic mimeType="pdf" url="AM%201%20d%20beta%20fol./2/WEB_DISPLAY"/>
		</surface>
		<surface xml:id="AM02-0001-d-beta-0001v-FFl" n="3">
			<desc>0001v-FFl</desc>
			<graphic mimeType="pdf" url="AM%201%20d%20beta%20fol./3/HIGH_QUALITY_DISPLAY"/>
			<graphic mimeType="jpg" url="AM%201%20d%20beta%20fol./3/THUMBNAIL" width="200px" height="268px"/>
			<graphic mimeType="jpg" url="AM%201%20d%20beta%20fol./3/SECONDARY_DISPLAY" width="2096px" height="2811px"/>
			<graphic mimeType="pdf" url="AM%201%20d%20beta%20fol./3/WEB_DISPLAY"/>
		</surface>
		<surface xml:id="AM02-0001-d-beta-0001v" n="4">
			<desc>0001v</desc>
			<graphic mimeType="pdf" url="AM%201%20d%20beta%20fol./4/HIGH_QUALITY_DISPLAY"/>
			<graphic mimeType="jpg" url="AM%201%20d%20beta%20fol./4/THUMBNAIL" width="200px" height="269px"/>
			<graphic mimeType="jpg" url="AM%201%20d%20beta%20fol./4/SECONDARY_DISPLAY" width="2104px" height="2831px"/>
			<graphic mimeType="pdf" url="AM%201%20d%20beta%20fol./4/WEB_DISPLAY"/>
		</surface>
		<surface xml:id="AM02-0001-d-beta-0002r" n="5">
			<desc>0002r</desc>
			<graphic mimeType="pdf" url="AM%201%20d%20beta%20fol./5/HIGH_QUALITY_DISPLAY"/>
			<graphic mimeType="jpg" url="AM%201%20d%20beta%20fol./5/THUMBNAIL" width="200px" height="270px"/>
			<graphic mimeType="jpg" url="AM%201%20d%20beta%20fol./5/SECONDARY_DISPLAY" width="2096px" height="2831px"/>
			<graphic mimeType="pdf" url="AM%201%20d%20beta%20fol./5/WEB_DISPLAY"/>
		</surface>
		<surface xml:id="AM02-0001-d-beta-0002v" n="6">
			<desc>0002v</desc>
			<graphic mimeType="pdf" url="AM%201%20d%20beta%20fol./6/HIGH_QUALITY_DISPLAY"/>
			<graphic mimeType="jpg" url="AM%201%20d%20beta%20fol./6/THUMBNAIL" width="200px" height="269px"/>
			<graphic mimeType="jpg" url="AM%201%20d%20beta%20fol./6/SECONDARY_DISPLAY" width="2104px" height="2830px"/>
			<graphic mimeType="pdf" url="AM%201%20d%20beta%20fol./6/WEB_DISPLAY"/>
		</surface>
		<surface xml:id="AM02-0001-d-beta-0003r" n="7">
			<desc>0003r</desc>
			<graphic mimeType="pdf" url="AM%201%20d%20beta%20fol./7/HIGH_QUALITY_DISPLAY"/>
			<graphic mimeType="jpg" url="AM%201%20d%20beta%20fol./7/THUMBNAIL" width="200px" height="269px"/>
			<graphic mimeType="jpg" url="AM%201%20d%20beta%20fol./7/SECONDARY_DISPLAY" width="2104px" height="2831px"/>
			<graphic mimeType="pdf" url="AM%201%20d%20beta%20fol./7/WEB_DISPLAY"/>
		</surface>
		<surface xml:id="AM02-0001-d-beta-0003v" n="8">
			<desc>0003v</desc>
			<graphic mimeType="pdf" url="AM%201%20d%20beta%20fol./8/HIGH_QUALITY_DISPLAY"/>
			<graphic mimeType="jpg" url="AM%201%20d%20beta%20fol./8/THUMBNAIL" width="200px" height="270px"/>
			<graphic mimeType="jpg" url="AM%201%20d%20beta%20fol./8/SECONDARY_DISPLAY" width="2096px" height="2832px"/>
			<graphic mimeType="pdf" url="AM%201%20d%20beta%20fol./8/WEB_DISPLAY"/>
		</surface>
		<surface xml:id="AM02-0001-d-beta-0004r" n="9">
			<desc>0004r</desc>
			<graphic mimeType="pdf" url="AM%201%20d%20beta%20fol./9/HIGH_QUALITY_DISPLAY"/>
			<graphic mimeType="jpg" url="AM%201%20d%20beta%20fol./9/THUMBNAIL" width="200px" height="269px"/>
			<graphic mimeType="jpg" url="AM%201%20d%20beta%20fol./9/SECONDARY_DISPLAY" width="2104px" height="2831px"/>
			<graphic mimeType="pdf" url="AM%201%20d%20beta%20fol./9/WEB_DISPLAY"/>
		</surface>
		<surface xml:id="AM02-0001-d-beta-0004v" n="10">
			<desc>0004v</desc>
			<graphic mimeType="pdf" url="AM%201%20d%20beta%20fol./10/HIGH_QUALITY_DISPLAY"/>
			<graphic mimeType="jpg" url="AM%201%20d%20beta%20fol./10/THUMBNAIL" width="200px" height="270px"/>
			<graphic mimeType="jpg" url="AM%201%20d%20beta%20fol./10/SECONDARY_DISPLAY" width="2096px" height="2832px"/>
			<graphic mimeType="pdf" url="AM%201%20d%20beta%20fol./10/WEB_DISPLAY"/>
		</surface>
		<surface xml:id="AM02-0001-d-beta-0005r" n="11">
			<desc>0005r</desc>
			<graphic mimeType="pdf" url="AM%201%20d%20beta%20fol./11/HIGH_QUALITY_DISPLAY"/>
			<graphic mimeType="jpg" url="AM%201%20d%20beta%20fol./11/THUMBNAIL" width="200px" height="269px"/>
			<graphic mimeType="jpg" url="AM%201%20d%20beta%20fol./11/SECONDARY_DISPLAY" width="2104px" height="2829px"/>
			<graphic mimeType="pdf" url="AM%201%20d%20beta%20fol./11/WEB_DISPLAY"/>
		</surface>
		<surface xml:id="AM02-0001-d-beta-0005v" n="12">
			<desc>0005v</desc>
			<graphic mimeType="pdf" url="AM%201%20d%20beta%20fol./12/HIGH_QUALITY_DISPLAY"/>
			<graphic mimeType="jpg" url="AM%201%20d%20beta%20fol./12/THUMBNAIL" width="200px" height="269px"/>
			<graphic mimeType="jpg" url="AM%201%20d%20beta%20fol./12/SECONDARY_DISPLAY" width="2104px" height="2832px"/>
			<graphic mimeType="pdf" url="AM%201%20d%20beta%20fol./12/WEB_DISPLAY"/>
		</surface>
		<surface xml:id="AM02-0001-d-beta-0006r" n="13">
			<desc>0006r</desc>
			<graphic mimeType="pdf" url="AM%201%20d%20beta%20fol./13/HIGH_QUALITY_DISPLAY"/>
			<graphic mimeType="jpg" url="AM%201%20d%20beta%20fol./13/THUMBNAIL" width="200px" height="269px"/>
			<graphic mimeType="jpg" url="AM%201%20d%20beta%20fol./13/SECONDARY_DISPLAY" width="2104px" height="2830px"/>
			<graphic mimeType="pdf" url="AM%201%20d%20beta%20fol./13/WEB_DISPLAY"/>
		</surface>
		<surface xml:id="AM02-0001-d-beta-0006v" n="14">
			<desc>0006v</desc>
			<graphic mimeType="pdf" url="AM%201%20d%20beta%20fol./14/HIGH_QUALITY_DISPLAY"/>
			<graphic mimeType="jpg" url="AM%201%20d%20beta%20fol./14/THUMBNAIL" width="200px" height="270px"/>
			<graphic mimeType="jpg" url="AM%201%20d%20beta%20fol./14/SECONDARY_DISPLAY" width="2096px" height="2832px"/>
			<graphic mimeType="pdf" url="AM%201%20d%20beta%20fol./14/WEB_DISPLAY"/>
		</surface>
		<surface xml:id="AM02-0001-d-beta-0007r" n="15">
			<desc>0007r</desc>
			<graphic mimeType="pdf" url="AM%201%20d%20beta%20fol./15/HIGH_QUALITY_DISPLAY"/>
			<graphic mimeType="jpg" url="AM%201%20d%20beta%20fol./15/THUMBNAIL" width="200px" height="270px"/>
			<graphic mimeType="jpg" url="AM%201%20d%20beta%20fol./15/SECONDARY_DISPLAY" width="2096px" height="2830px"/>
			<graphic mimeType="pdf" url="AM%201%20d%20beta%20fol./15/WEB_DISPLAY"/>
		</surface>
		<surface xml:id="AM02-0001-d-beta-0007v" n="16">
			<desc>0007v</desc>
			<graphic mimeType="pdf" url="AM%201%20d%20beta%20fol./16/HIGH_QUALITY_DISPLAY"/>
			<graphic mimeType="jpg" url="AM%201%20d%20beta%20fol./16/THUMBNAIL" width="200px" height="270px"/>
			<graphic mimeType="jpg" url="AM%201%20d%20beta%20fol./16/SECONDARY_DISPLAY" width="2096px" height="2832px"/>
			<graphic mimeType="pdf" url="AM%201%20d%20beta%20fol./16/WEB_DISPLAY"/>
		</surface>
		<surface xml:id="AM02-0001-d-beta-0008r" n="17">
			<desc>0008r</desc>
			<graphic mimeType="pdf" url="AM%201%20d%20beta%20fol./17/HIGH_QUALITY_DISPLAY"/>
			<graphic mimeType="jpg" url="AM%201%20d%20beta%20fol./17/THUMBNAIL" width="200px" height="269px"/>
			<graphic mimeType="jpg" url="AM%201%20d%20beta%20fol./17/SECONDARY_DISPLAY" width="2104px" height="2830px"/>
			<graphic mimeType="pdf" url="AM%201%20d%20beta%20fol./17/WEB_DISPLAY"/>
		</surface>
		<surface xml:id="AM02-0001-d-beta-0008v" n="18">
			<desc>0008v</desc>
			<graphic mimeType="pdf" url="AM%201%20d%20beta%20fol./18/HIGH_QUALITY_DISPLAY"/>
			<graphic mimeType="jpg" url="AM%201%20d%20beta%20fol./18/THUMBNAIL" width="200px" height="270px"/>
			<graphic mimeType="jpg" url="AM%201%20d%20beta%20fol./18/SECONDARY_DISPLAY" width="2096px" height="2833px"/>
			<graphic mimeType="pdf" url="AM%201%20d%20beta%20fol./18/WEB_DISPLAY"/>
		</surface>
		<surface xml:id="AM02-0001-d-beta-0009r" n="19">
			<desc>0009r</desc>
			<graphic mimeType="pdf" url="AM%201%20d%20beta%20fol./19/HIGH_QUALITY_DISPLAY"/>
			<graphic mimeType="jpg" url="AM%201%20d%20beta%20fol./19/THUMBNAIL" width="200px" height="268px"/>
			<graphic mimeType="jpg" url="AM%201%20d%20beta%20fol./19/SECONDARY_DISPLAY" width="2104px" height="2813px"/>
			<graphic mimeType="pdf" url="AM%201%20d%20beta%20fol./19/WEB_DISPLAY"/>
		</surface>
	</facsimile>
</TEI>