<?oxygen RNGSchema="http://www.handrit.is/schema/handrit-1.0.rnc" type="compact"?>
<TEI xmlns="http://www.tei-c.org/ns/1.0">
    <teiHeader>
        <fileDesc>
            <titleStmt>
                <title type="main">Acc. 55</title>
            </titleStmt>
            <publicationStmt>
                <authority>Den Arnamagnæanske Samling</authority>
                <pubPlace>Copenhagen</pubPlace>
            </publicationStmt>
            <sourceDesc>
                <msDesc xml:id="Acc-0055-en" xml:lang="en">
                    <msIdentifier>
                        <country key="DA">Denmark</country>
                        <settlement>Copenhagen</settlement>
                        <repository>Den Arnamagnæanske Samling</repository>
                        <idno>Acc. 55</idno>
                    </msIdentifier>
                    <msContents>
                        <summary><title type="supplied">Kristinréttur Árna biskups</title></summary>
                        <titlePage type="ms"><docTitle><titlePart type="main">Christinn Rettur <lb/> Nye <lb/> Edur <lb/> Arna Biskups <lb/> Samanskrifadur <lb/> Anno 1274 <lb/> enn <lb/> Logtekinn a ISLANDE <lb/> Anno 1275: (<locus from="1r" to="1r">1r</locus>) </titlePart></docTitle></titlePage>
                        <msItem n="1" class="klog">
                            <locus from="1r" to="70v">1r-70v (pp. 1-139)</locus>
                            <title type="uniform">Kristinréttur Árna biskups</title>
                            <textLang mainLang="is"/>
                            <rubric>Christen Rettr Arna b. <lb/> 1 Cap: <lb/> Hversu med barn skal fara til skírnar.</rubric>
                            <incipit>Ala skal barn hvert er borit verdr, a man<ex>n</ex>z <lb/> Hofut er á</incipit>
                            <explicit>ok skal þat hafa kóngr enn hálfr byscop</explicit>
                            <note>The text is divided into 32 numbered chapters followed by three chapters without numbers. The text is written exclusively on the verso sides of the leaves and rectos are left blank.</note>
                        </msItem>
                    </msContents>
                    <physDesc>
                        <objectDesc form="codex">
                            <supportDesc material="chart">
                                <support>Paper. <watermark>Watermarks: Pro Patria (Maid of Dort). Countermark: the initials "GR" with a crown above.</watermark></support>
                                <extent>iii + 71 leaves. Size of leaves: 
                                    <dimensions type="leaf" scope="all" unit="mm">
                                        <height>161</height>
                                        <width>101</width>
                                    </dimensions>. 
                                    The first flyleaf is endpaper. The following two flyleaves are conjoint and glued to the first quire. 
                                </extent>
                                <foliation><p>Pagination 1-139. The pagination starts on f. <locus from="1v" to="1v">1v</locus>. F. <locus from="71r" to="71v">71r-v</locus> is blank and not paginated.</p></foliation> 
                                <collation><p></p>
                                    <signatures>There are quire sigantures from A to I.</signatures>
                                    <catchwords>There are no catchwords.</catchwords>
                                </collation>
                                <condition><p>The manuscript is in a good condition.</p> 
                                </condition> 
                            </supportDesc>
                            <layoutDesc>
                                <layout columns="1" writtenLines="23 24"> 
                                    <p>The text is written in one column.</p>
                                    <p>There are 23-24 lines per page.</p>
                                </layout>
                            </layoutDesc>
                        </objectDesc>
                        <handDesc hands="1">
                            <handNote scribe="unknown" scope="sole" script="humcursiva"> 
                                <p> Written in one hand.</p>
                                <p>The hand to be simillar to the hand of <name type="person" key="ThoSig007">Þorkell Sigurðsson</name> as preserved in the first part of <ref xml:id="AM02-0395-is">AM 395 fol.</ref> and therefore the manuscript could be dated to the middle of the eighteenth century. </p>
                            </handNote>   
                        </handDesc>
                        <decoDesc>
                            <decoNote>No decorations. </decoNote>
                        </decoDesc>  
                        <additions>
                            <p>On the <locus from="FFL-002r" to="FFL-002r">second flyleaf</locus>, there is a text in Danish, which starts with the heading: 
                                    <q>Notia Exemplaris</q> followed by the commentary of the exemplar:  
                                    <q>Dette Exemplar er skrevet effter et andet <unclear>ehsst</unclear> Exemplar <lb/> paa Charta, hvilket er den 179 Num: in 4to paa Universi<lb/>tetets Bibliotheqve...</q></p>
                            <p>The recto side of the <locus from="FFL-003r" to="FFL-003r">third flyleaf</locus> is blank but on the <locus from="FFL-003v" to="FFL-003v">verso side</locus> there are provenance notes:
                                <list>
                                    <item><q>Luxdorph</q></item>
                                    <item><q>Schaldemose 1816</q></item>
                                    <item><q>1818 foræret Nykjóbings Kathedraskole af Hr. Adj. Schaldemose.</q></item>
                                </list>
                                </p>
                        </additions>
                        <bindingDesc>
                            <binding contemporary="unknown">
                                <p></p>
                            </binding>	
                        </bindingDesc>  
                        <accMat>
                        </accMat>
                    </physDesc>
                    <history>
                        <origin notBefore="1750" notAfter="1788" cert="medium" evidence="conjecture" resp="KatKap001">
                            <p>Written probably in <origPlace key="IS">Iceland</origPlace> in the second half of <origDate>the eighteenth century</origDate>.</p>
                            <p>If hand identification is correct the manuscript had to be written in the second half of the eighteenth century, as <name type="person" key="ThoSig007">Þorkell Sigurðsson</name> was born in 1724.</p>
                            <p>If the signature on the <locus from="FFL-003v" to="FFL-003v">verso side of the third flyleaf</locus> is <name type="person" key="BolLux001">Bolle Willum Luxdorph's</name> signature, then the manuscript had to leave Iceland before Luxdorph's death 1788.</p>
                        </origin>
                        <provenance>
                            <p>The manuscripts Acc. 51-62 came from <name type="place" key="Nykob01">Nykøbing</name> cathedral school. Most of them are <name type="person" key="FreSch002">Fredrik Schaldemose's</name> transcriptions of Norse texts.</p>
                            <p>The manuscripts were given as a gift to the Nykøbing Katedralskole by <name type="person" key="FreSch002">Frederik Schaldemose</name>.</p><p>According to the provenance note in Acc. 55 this manuscript was received by the Cathedral School in 1818.</p>
                        </provenance>
                        <acquisition>
                            <p><orgName key="AMS">The Arnamagnæan Institute</orgName> in <name type="place" key="Copen01">Copenhagen</name> acquired the manuscript from the school in <date when="2007">April 2007</date> as a gift.</p>
                        </acquisition>
                    </history>
                    <additional> 
                        <adminInfo>
                            <recordHist>
                                <source>
                                    <p>Catalogued from the manuscript on <date when="2018-10-04"/> by <name type="person" key="KatKap001">Katarzyna Anna Kapitan</name>.</p>
                                </source>
                            </recordHist>
                        </adminInfo>
                        <surrogates>
                            <p>
                                <list>
                                    <item>Microfilm Neg 2018 from <date when="2011-05-30"/>.</item>
                                    <item>Microfilm (archive) 2000 from <date when="2011-06-01"/>.</item>
                                    <item>Backup film TS 1296 from <date when="2011-06-01"/>.</item>
                                </list>
                            </p>
                        </surrogates>
                    </additional>
                </msDesc>
            </sourceDesc>
        </fileDesc>
        <revisionDesc>
            <change>
                <date when="2018-10-16"/>
                <name type="person" key="KatKap001">Katarzyna Anna Kapitan</name>
                Added origPlace and orignDate.
            </change>
            <change>
                <date when="2018-11-07"/>
                <name type="person" key="KatKap001">Katarzyna Anna Kapitan</name>
                Added surrogates.
            </change>
        </revisionDesc>
    </teiHeader>
    <facsimile>
        <surface/>
    </facsimile>
</TEI>