<?xml version="1.0" encoding="UTF-8"?><?oxygen RNGSchema="http://www.handrit.is/schema/handrit-1.0.rnc" type="compact"?><TEI xmlns="http://www.tei-c.org/ns/1.0">
   <teiHeader>
      <fileDesc>
         <titleStmt>
            <title type="main">Acc. 49</title>
         </titleStmt>
         <publicationStmt>
            <authority>Den Arnamagnæanske Samling</authority>
            <pubPlace>København</pubPlace>
         </publicationStmt>
         <sourceDesc><msDesc xml:lang="en" xml:id="Acc-0049-en">
               <msIdentifier>
                  <country>Denmark</country>
                  <settlement>København</settlement>
                  <repository>Den Arnamagnæanske Samling</repository>
                  <idno>Acc. 49</idno>
               </msIdentifier>
              <msContents>
                 <summary><title>Various papers belonging to Jón Helgason</title></summary>
              </msContents>
            <physDesc>
               <objectDesc form="other">
                  <supportDesc material="chart">
                     <support>The collection contains 35 archive boxes of various materials belonging to <name type="person" key="JonHel003">Jón Helgason</name>, including drafts if his lactures, catalogs, and publications.</support>
                  </supportDesc>
               </objectDesc>
            </physDesc>
            <additional>
               <adminInfo>
                  <recordHist><source>This description is under construction. An overview of the collection is available at the AMS.</source></recordHist>
               </adminInfo>
            </additional>
            </msDesc>
         </sourceDesc>
      </fileDesc>
      <revisionDesc>
         <change>
            <date when="2018-11-27"/>
            <name type="person" key="KatKap001">Katarzyna Anna Kapitan</name>
            After consultation with <name type="person" key="AnnHan001">Anne Mette Hansen</name> and <name type="person" key="MatDri001">Matthew James Driscoll</name> in November 2018 the decision was made that the entire archive of <name type="person" key="JonHel003">Jón Helgason</name>'s documents should be cataloged under Acc. 49.
         </change>
      </revisionDesc>
   </teiHeader>
   <facsimile>
      <surface/>
   </facsimile>
</TEI>