<?xml version="1.0" encoding="UTF-8"?><?oxygen RNGSchema="http://www.handrit.is/schema/handrit-1.0.rnc" type="compact"?><TEI xmlns="http://www.tei-c.org/ns/1.0">
   <teiHeader>
      <fileDesc>
         <titleStmt>
            <title type="main">Acc. 39</title>
         </titleStmt>
         <publicationStmt>
            <authority>Den Arnamagnæanske Samling</authority>
            <pubPlace>København</pubPlace>
         </publicationStmt>
         <sourceDesc><msDesc xml:lang="da" xml:id="Acc-0039-da">
               <msIdentifier>
                  <country>Danmark</country>
                  <settlement>København</settlement>
                  <repository>Den Arnamagnæanske Samling</repository>
                  <idno>Acc. 39</idno>
               </msIdentifier>
            <msContents>
               <summary><title type="supplied">Islandske oversættelser af forskellige værker.</title></summary>
               <textLang mainLang="is"/>
            </msContents>
            <history>
               <origin notBefore="1650" notAfter="1672">
                  <origPlace key="IS"/>
               </origin>
            </history>
            <additional>
               <adminInfo>
                  <recordHist>
                     <source>
                        <p>Den danske beskrivelse er under udarbejdelse.</p>
                        <p>Nærværende håndskriftbeskrivelsen er lavet på basis af den engelske beskrivelse. For yderligere
                           oplysninger se den engelske beskrivelse: <ref type="url" target="https://handrit.is/manuscript/view/en/Acc-0039">https://handrit.is/manuscript/view/en/Acc-0039</ref>.</p>
                     </source>
                  </recordHist>
               </adminInfo>
            </additional>
            </msDesc>
         </sourceDesc>
      </fileDesc>
      <revisionDesc>
         <change>
            <date when="2018-11-26"/>
            <name type="person" key="KatKap001"/>
            Katalogisering
         </change>
      </revisionDesc>
   </teiHeader>
   <facsimile>
      <surface/>
   </facsimile>
</TEI>