<?oxygen RNGSchema="http://www.handrit.is/schema/handrit-1.0.rnc" type="compact"?>
<TEI xmlns="http://www.tei-c.org/ns/1.0">
    <teiHeader>
        <fileDesc>
            <titleStmt>
                <title type="main">Acc. 55</title>
            </titleStmt>
            <publicationStmt>
                <authority>Den Arnamagnæanske Samling</authority>
                <pubPlace>Copenhagen</pubPlace>
            </publicationStmt>
            <sourceDesc>
                <msDesc xml:id="Acc-0055-da" xml:lang="da">
                    <msIdentifier>
                        <country key="DA">Denmark</country>
                        <settlement>Copenhagen</settlement>
                        <repository>Den Arnamagnæanske Samling</repository>
                        <idno>Acc. 55</idno>
                    </msIdentifier>
                    <msContents>
                        <summary><title type="supplied">Kristinréttur Árna biskups</title></summary>
                        <titlePage type="ms"><docTitle><titlePart type="main">Christinn Rettur <lb/> Nye <lb/> Edur <lb/> Arna Biskups <lb/> Samanskrifadur <lb/> Anno 1274 <lb/> enn <lb/> Logtekinn a ISLANDE <lb/> Anno 1275: (<locus from="1r" to="1r">1r</locus>) </titlePart></docTitle></titlePage>
                        <msItem n="1" class="klog">
                            <locus from="1r" to="70v">1r-70v (pp. 1-139)</locus>
                            <title type="uniform">Kristinréttur Árna biskups</title>
                            <textLang mainLang="is"/>
                            <rubric>Christen Rettr Arna b. <lb/> 1 Cap: <lb/> Hversu med barn skal fara til skírnar.</rubric>
                            <incipit>Ala skal barn hvert er borit verdr, a man<ex>n</ex>z <lb/> Hofut er á</incipit>
                            <explicit>ok skal þat hafa kóngr enn hálfr byscop</explicit>
                       </msItem>
                    </msContents>
                    <physDesc>
                        <objectDesc form="codex">
                            <supportDesc material="chart">
                                <support/>
                                <extent/>
                                <foliation/> 
                                <collation/>
                                <condition/>                                 
                            </supportDesc>
                            <layoutDesc>
                                <layout columns="1" writtenLines="23 24"/> 
                            </layoutDesc>
                        </objectDesc>
                        <handDesc hands="1">
                            <handNote scribe="unknown" scope="sole" script="humcursiva"/> 
                        </handDesc>
                        <decoDesc>
                            <decoNote/>
                        </decoDesc>  
                        <additions/>
                        <bindingDesc>
                            <binding contemporary="unknown">
                                <p></p>
                            </binding>	
                        </bindingDesc>  
                        <accMat>
                        </accMat>
                    </physDesc>
                    <history>
                        <origin notBefore="1750" notAfter="1788" cert="medium" evidence="conjecture" resp="KatKap001">
                            <origPlace key="IS"/><origDate/>
                           </origin>
                        <provenance/>
                        <acquisition/>
                    </history>
                    <additional> 
                        <adminInfo>
                            <recordHist>
                                <source>
                                    <p>Den danske beskrivelse er under udarbejdelse.</p>
                                    <p>Nærværende håndskriftbeskrivelsen er lavet på basis af den engelske beskrivelse. 
                                        For yderligere oplysninger se den engelske beskrivelse:  <ref type="url" target="https://handrit.is/manuscript/view/en/Acc-0055">https://handrit.is/manuscript/view/en/Acc-0055</ref>.</p>
                                </source>
                            </recordHist>
                        </adminInfo>
                    </additional>
                </msDesc>
            </sourceDesc>
        </fileDesc>
        <revisionDesc>
            
            <change>
                <date when="2018-11-06"/>
                <name type="person" key="KatKap001"/>
               Katalogisering
            </change>
        </revisionDesc>
    </teiHeader>
    <facsimile>
        <surface/>
    </facsimile>
</TEI>