<?oxygen RNGSchema="http://www.handrit.is/schema/handrit-1.0.rnc" type="compact"?>
<TEI xmlns="http://www.tei-c.org/ns/1.0">
    <teiHeader>
        <fileDesc>
            <titleStmt>
                <title type="main">Acc. 57</title>
            </titleStmt>
            <publicationStmt>
                <authority>Den Arnamagnæanske Samling</authority>
                <pubPlace>Copenhagen</pubPlace>
            </publicationStmt>
            <sourceDesc>
                <msDesc xml:id="Acc-0057-da" xml:lang="da">
                    <msIdentifier>
                        <country key="DA">Denmark</country>
                        <settlement>Copenhagen</settlement>
                        <repository>Den Arnamagnæanske Samling</repository>
                        <idno>Acc. 57</idno>
                    </msIdentifier>
                    <msContents>
                        <summary><title type="supplied">To oldtidssagaer: <title>Sörla saga sterka</title> og <title>Hálfs saga og Hálfsrekka</title></title></summary>
                        <titlePage type="ms"><docTitle><titlePart type="main"> Sagan <lb/> af <lb/> Sorla Sterka (<locus from="2r" to="2r">2r</locus>)</titlePart></docTitle></titlePage>
                        <msItem n="1" class="fas" defective="false">
                            <locus from="3r" to="29v">3r-29r (pp. 1-54)</locus>
                            <title type="uniform">Sörla saga sterka</title>
                            <textLang mainLang="is">Icelandic</textLang>
                            <rubric>I Cap.</rubric>
                            <incipit>J þann tyma hefst Saga þessi, er Halldan <lb/> Kongur Brönufostre stirde Sviþiod</incipit>
                            <explicit>hafe orded auded barna epter sig edur eige; ok lykur hier nu Sogunne af Sorla hinum sterka ok hans afreks verkum.</explicit>
                            
                        </msItem>
                        <msItem n="2" class="fas" defective="false">
                            <locus from="34r" to="40"></locus>
                            <textLang mainLang="is">Icelandic</textLang>
                            <title type="uniform">Hálfs saga og Hálfsrekka</title>
                            <incipit>Augnvalldr er kongr nemndr, er reþ fyri <lb/> Rogalandi, hann átti son</incipit>
                            <explicit>Y<unclear>z</unclear>a hiet dottir hans <lb/> ok er frá henne komit micit afspringi ok end<ex>ar</ex> sva <lb/> þessa saugo.</explicit>
                             </msItem>
                    </msContents>
                    <physDesc>
                        <objectDesc form="codex">
                            <supportDesc material="chart">
                                <support>Papir. </support>
                                <extent>i + 40 + i.  
                                    <dimensions type="leaf" scope="all" unit="mm">
                                        <height>162</height>
                                        <width>105</width>
                                    </dimensions>. 
                                </extent>
                                <foliation/>
                                <collation>
                                    <signatures/>
                                    <catchwords/>
                                </collation>
                                <condition/>
                            </supportDesc>
                            <layoutDesc>
                                <layout columns="1" writtenLines="24 27"> 
                                </layout>
                            </layoutDesc>
                        </objectDesc>
                        <handDesc hands="1">
                            <handNote scribe="FreSch002" scope="sole" script="humcursiva"> 
                                <p> Skrevet af <name type="person" key="FreSch002">Frederik Julius Schaldemose</name></p>.</handNote>
                        </handDesc>
                        <decoDesc>
                            <decoNote/>
                        </decoDesc> 
                        <additions/>
                        <accMat>
                        </accMat>
                    </physDesc>
                    <history>
                        <origin notBefore="1816" notAfter="1816" cert="high" evidence="internal">
                            <origPlace key="DK"/>
                        </origin>
                        <provenance/>
                        <acquisition/>
                    </history>
                    <additional> 
                        <adminInfo>
                            <recordHist>
                                <source>
                                    <p>Den danske beskrivelse er under udarbejdelse.</p>
                                    <p>Nærværende håndskriftbeskrivelsen er lavet på basis af den engelske beskrivelse. For yderligere
                                        oplysninger se den engelske beskrivelse: <ref type="url" target="https://handrit.is/manuscript/view/en/Acc-0057">https://handrit.is/manuscript/view/en/Acc-0057</ref>.</p>
                                </source>
                            </recordHist>
                        </adminInfo>
                    </additional>
                </msDesc>
            </sourceDesc>
        </fileDesc>
        <revisionDesc>
            <change>
                <date when="2018-11-06"/>
                <name type="person" key="KatKap001"/>
                Katalogisering
            </change>
        </revisionDesc>
    </teiHeader>
    <facsimile>
        <surface/>
    </facsimile>
</TEI>