<?xml version="1.0" encoding="UTF-8"?><?oxygen RNGSchema="http://www.handrit.is/schema/handrit-1.0.rnc" type="compact"?>
<TEI xmlns="http://www.tei-c.org/ns/1.0">
    <teiHeader>
        <fileDesc>
            <titleStmt>
                <title type="main">Acc. 1</title>
            </titleStmt>
            <publicationStmt>
                <authority>Den Arnamagnæanske Samling</authority>
                <pubPlace>København</pubPlace>
            </publicationStmt>
            <sourceDesc>
                <msDesc xml:lang="en" xml:id="Acc-0001-en">
                    <msIdentifier>
                        <country>Denmark</country>
                        <settlement>København</settlement>
                        <repository>Den Arnamagnæanske Samling</repository>
                        <idno>Acc. 1</idno>
                        <altIdentifier type="internal" subtype="KKKat">
                            <idno>2823</idno>
                        </altIdentifier>
                    </msIdentifier>
                    <msContents>
                        <summary><title>Árni Magnússon's letters</title></summary>
                        <textLang mainLang="is" otherLangs="da"/>
                    </msContents>
                    <physDesc>
                        <objectDesc form="other">
                            <supportDesc material="chart">
                                <support>Paper. </support>
                                <extent>250 leaves. <dimensions type="leaf" scope="most">
                                        <height unit="mm">330</height>
                                        <width unit="mm">210</width>
                                    </dimensions>.</extent>
                            </supportDesc>
                        </objectDesc>
                    </physDesc>
                    <history>
                        <origin>
                            <origPlace key="DK"/>
                            <origDate notBefore="1727" notAfter="1734"/></origin>
                    </history>
                    <additional>
                        <adminInfo>
                            <recordHist>
                                <source>This description is under construction. The current
                                    description was prepared on the basis of AMS conservation
                                    database and <bibl><ref target="KKKat">Kålund's catalog</ref>,
                                            <biblScope type="volume">II</biblScope>, <biblScope
                                            type="pages">607-609</biblScope>.</bibl></source>
                            </recordHist>
                            <custodialHist>
                                <custEvent type="conservation"><p>The manuscript was in conservation
                                        from <date when="1998-05-04">4 May 1998</date> to <date
                                            when="1998-11-12">12 November 1998</date>. Folder from
                                        Kålund's time was replaced with conservtion boxes I, II,
                                        III. The leaves were foliated.</p></custEvent>
                                <custEvent type="other"><p>The contents were rearanged by <name
                                            type="person" key="RagMos001">Ragnheiður
                                            Mosesdóttir</name> to follow Kålund's description of the
                                        manuscript on <date when="1998-09-04">4 September
                                            1998</date>.</p></custEvent>
                                <custEvent type="other">
                                    <p>New foliation from <date when="1998-09-28">28 September
                                            1998</date>. Each letter received its own number.</p>
                                </custEvent>
                                <custEvent type="photography"><p>Portrait photographs were taken on
                                            <date when="1997-12-12"/>.</p></custEvent>
                                <custEvent type="photography"><p>Photographs were taken on <date
                                            when="1997-12-15">15 December
                                    1997</date>.</p></custEvent>
                                <custEvent type="photography"><p>Photographs of the seal on f. 43
                                        bis were taken on <date when="1998-10-01">1 October
                                            1998</date>.</p></custEvent>
                                <custEvent type="photography"><p>The manuscript was photographed
                                        before the conservation on <date when="1998-01-22">22
                                            January 1998</date>.</p></custEvent>
                            </custodialHist>
                        </adminInfo>
                        <surrogates>
                            <p>
                                <list>
                                    <item>Microfilm Neg 1003 from <date when="1997-12-15"/>.</item>
                                    <item>Microfilm Pos 900 from <date when="1997-12-17"/>.</item>
                                    <item>Supplementary microfilm Neg 997 from <date
                                            when="1998-01-22"/>.</item>
                                    <item>Microfilm Neg 136 from <date when="1998-10-01"/>.</item>
                                    <item>Microfilm Pos 136 from <date when="2008-09-10"/>.</item>
                                    <item>Microfilm (archive) 964 from <date when="2007-02-20"
                                        />.</item>
                                    <item>Backup film Reg. Nr. 1185 from <date when="2006-08-17"/>,
                                        a copy of Neg 997.</item>
                                    <item>Backup film Reg. Nr. 1190 from <date when="2006-08-17"/>,
                                        a copy of Neg 1003.</item>
                                    <item>Backup film TS 136 from <date when="2008-09-10"/>, a copy
                                        of Pl. 136.</item>
                                    <item>Black and white photographs including the portraits taken
                                        on <date when="1997-12-12"/> are held in the Arnamagnæan
                                        Archives.</item>
                                    <item>Digital scans of black and white photographs are available
                                        on the webpage <ref type="url"
                                            target="http://digitalesamlinger.hum.ku.dk">Digitale
                                            Samlinger</ref>.</item>
                                </list>
                            </p>
                        </surrogates>
                    </additional>
                    <msPart>
                        <altIdentifier type="partial">
                            <idno>Acc 1 I</idno>
                        </altIdentifier>
                        <msContents>
                            <msItem class="sendbr" n="1">
                                <title type="supplied">Letters from <name type="person"
                                        key="ArnMag001">Árni Magnússon</name> dated to 1729</title>
                                <textLang mainLang="is">Icelandic</textLang>
                                <note>Various copies of letters and other documents related to <name
                                        type="person" key="OrmDad001">Ormur Daðason</name>, <name
                                        type="person" key="AriTor002">Ari Þorkelsson</name>, and
                                    <name type="person" key="MagGis002">Magnús Gíslason</name>.</note>
                            </msItem>
                        </msContents>
                        <physDesc>
                            <handDesc hands="1">
                                <handNote scribe="JonOla003" scope="sole" script="unknown">
                                    <p> Written by <name type="person" key="ArnMag001">Árni
                                            Magnússon</name>'s Secretary, <name type="person"
                                            key="JonOla003">Jón Ólafsson</name> from Grunnavík.</p>
                                </handNote>
                            </handDesc>
                            <bindingDesc>
                                <binding>
                                    <p>Previously the letters were most likely kept all together
                                        inside a yellow paper folder on with Kålund wrote with blue
                                        crayon <q>I <lb/>Breve fra Arne <lb/> Magnusson</q>. The
                                        collection was rearanged after Kålund's times, as his
                                        description does not correspond to the organization of the
                                        letters today. Each letter is kept in a separate
                                        conservation folder with new signatures (listed below each
                                        item).</p>
                                </binding>
                            </bindingDesc>
                        </physDesc>
                    </msPart>
                    <msPart>
                        <altIdentifier type="partial">
                            <idno>Acc 1 II</idno>
                        </altIdentifier>
                        <msContents>
                            <textLang mainLang="is" otherLangs="da"/>
                            <msItem class="sendbr" n="2">
                                <title type="supplied" xml:lang="en">Letters to <name type="person"
                                        key="ArnMag001">Árni Magnússon</name> or the executors of
                                    his estate</title>
                                <textLang mainLang="is">Icelandic</textLang>
                                <note>Some of the letters were published in Kålund's edition of Árni
                                    Magnússon's correspondence in <bibl><ref target="AMbrevveksling"
                                            >Arne Magnussons private
                                    brevveksling</ref></bibl>.</note>
                                <note>Various letters and other documents related to <name
                                        type="person" key="AriTor002">Ari Þorkelsson</name>, <name
                                        type="person" key="OrmDad001">Ormur Daðason</name>, <name
                                        type="person">Benedikt Þorsteinsson</name>, <name
                                        type="person" key="BjaHal001">Bjarni Halldórsson</name>,
                                        <name type="person">Brynjólfur Þórðarson Thorlacius</name>,
                                        <name type="person" key="BodPal001">Böðvar Pálsson</name>,
                                        <name type="person" key="EinMag002">Einar Magnússon</name>,
                                        <name type="person" key="EirTho001">Eiríkur
                                        Þorsteinsson</name>, <name type="person" key="EyjJon002"
                                        >Eyjólfur Jónsson</name>, <name type="person">Finnur
                                        Jónsson</name>, <name type="person">Halldór Pálsson</name>,
                                        <name type="person">Hans Schieving</name>, <name
                                        type="person">Halldóra Aradóttir</name>, <name type="person"
                                        >Hjalti Þorsteinsson</name>, <name type="person">Jón
                                        Árnason</name>, <name type="person">Jón Hákonarson</name>,
                                        <name type="person">Jón Halldórsson</name>, <name
                                        type="person">Jón Magnússon</name>, <name type="person"
                                        >Katrín Björnsdóttir</name>, <name type="person">Magnús
                                        Einarsson</name>, <name type="person">Magnús
                                    Gíslason</name>, <name type="person">Magnús Markússon</name>,
                                        <name type="person">Magnús Pálsson Vídalín</name>, <name
                                        type="person">Markús Bergsson</name>, <name type="person"
                                        >Margrét Nikulásdóttir</name>, <name type="person">Oddur
                                        Sigurðsson</name>, <name type="person">Olafur
                                        Stephánsson</name>, <name type="person">Ormur
                                    Daðason</name>, <name type="person">Páll Hákonarson</name>,
                                        <name type="person">Sigurður Sigurðsson</name>, <name
                                        type="person">Sigurður Vigfússon</name>, <name type="person"
                                        >Snorri Jónsson</name>, <name type="person">Steinn
                                        Jónsson</name>, <name type="person">Þorsteinn
                                        Ketilsson</name>, <name type="person">Þuríður
                                        Sæmundsdóttir</name>. </note>
                            </msItem>
                        </msContents>
                    </msPart>
                    <msPart>
                        <altIdentifier type="partial">
                            <idno>Acc 1 III</idno>
                        </altIdentifier>
                        <msContents>
                            <msItem class="sendbr" n="1">
                                <title type="supplied">Extracts from letters unanswered at <name
                                        type="person" key="ArnMag001">Árni Magnússon</name>'s
                                    death.</title>
                                <textLang mainLang="da"/>
                            </msItem>
                        </msContents>
                        <physDesc>
                            <handDesc hands="1">
                                <handNote scribe="JonOla003" scope="sole" script="unknown">
                                    <p> Written by <name type="person" key="JonOla003">Jón
                                            Ólafsson</name> from Grunnavík.</p>
                                </handNote>
                            </handDesc>
                        </physDesc>
                    </msPart>
                </msDesc>
            </sourceDesc>
        </fileDesc>
        <revisionDesc>
            <change>
                <date when="2018-11-28"/>
                <name type="person" key="KatKap001"/> Desc </change>
            <change>
                <date when="2019-02-12"/>
                <name type="person" key="KatKap001"/> Name tagging </change>
            <change>
                <date when="2019-02-13"/>
                <name type="person" key="KatKap001"/> Name tagging </change>
        </revisionDesc>
    </teiHeader>
    <facsimile>
        <surface/>
    </facsimile>
</TEI>
