<?xml version="1.0" encoding="UTF-8"?><?oxygen RNGSchema="http://www.handrit.is/schema/handrit-1.0.rnc" type="compact"?>
<TEI xmlns="http://www.tei-c.org/ns/1.0">
   <teiHeader>
      <fileDesc>
         <titleStmt>
            <title type="main">Acc. 34</title>
         </titleStmt>
         <publicationStmt>
            <authority>Den Arnamagnæanske Samling</authority>
            <pubPlace>København</pubPlace>
         </publicationStmt>
         <sourceDesc>
            <msDesc xml:lang="en" xml:id="Acc-0034-en">
               <msIdentifier>
                  <country>Denmark</country>
                  <settlement>København</settlement>
                  <repository>Den Arnamagnæanske Samling</repository>
                  <idno>Acc. 34</idno>
                  <altIdentifier type="internal">
                     <idno>2857</idno>
                  </altIdentifier>
               </msIdentifier>
               <msContents>
                  <summary><title>Kristian Kålund's notes for Dansk biografisk
                     Lexikon</title></summary>
                  <textLang mainLang="da"/>
                  <msItem class="notes">
                     <title type="supplied">Notes</title>
                     <note><p>Various notes connected with <name type="person" key="KriKaa001"
                              >Kålund</name>'s work on his entires for <bibl><ref target="DanBioLex"
                                 >Dansk biografisk Lexikon</ref></bibl>, including printed material
                           and letters to <name type="person" key="KriKaa001">Kålund</name> from the
                           following: <list>
                              <item>
                                 <name type="person" key="JonTho010">Jón Þorkelsson</name> dated to
                                    <date when="1886-05-07">7 May 1886</date> (fol. 9-10) and <date
                                    when="1892-01-14">14 January 1892</date> (fol. 11);</item>

                              <item>
                                 <name type="person" key="CarBri001">Carl Bricka</name> dated to
                                    <date when="1885-07-07">7 July 1885</date> (fol. 30), <date
                                    when="1885-09-19">19 September 1885</date> (fol. 33), <date
                                    when="1886-09-14">14 September 1886</date> (fol. 35), <date
                                    when="1893-04-23">23 April 1893</date> (fol. 171), <date
                                    when="1893-05-10">10 May 1893</date> (fol. 172), <date
                                    when="1892-11-24">24 November 1892</date> (fol. 194), <date
                                    when="1896-10-28">28 October 1896</date> (fol. 294), <date
                                    when="1898-03-29">29 March 1898</date> (fol. 370), <date
                                    when="1898-01-31">31 January 1898</date> (fol. 394), <date
                                    when="1898-02-11">11 February 1898</date> (fol. 396), <date
                                    when="1899-04-12">12 April 1899</date> (fol. 397), <date
                                    when="1901-09-26">26 September 1901</date> (fol. 449), <date
                                    when="1901-12-20">20 December 1901</date> (fol. 556), <date
                                    when="1902-09-02">5 September 1902</date> (fol. 587), <date
                                    when="1903-04-29">29 April 1903</date> (fol. 565);</item>

                              <item><name type="person" key="ThoBja003">Þorkell Bjarnason</name>
                                 dated to <date when="1887-05-03">3 May 1887</date> (fol.
                                 37);</item>

                              <item><name type="person" key="JonArn002">Jón Árnason</name> dated to
                                    <date when="1885-05-04">4 May 1885</date> (fol. 48);</item>

                              <item>
                                 <name type="person" key="PalPal004">Pálmi Pálsson</name> dated to
                                    <date when="1886-02-18">28 February 1886</date> (fol. 49), <date
                                    when="1894-03-20">20 March 1894</date> (fol. 195), <date
                                    when="1897-03-18">18 March 1897</date> (fol. 264-265), <date
                                    when="1892-09-07">7 September 1892</date> (fol. 631);</item>

                              <item>Henning Frederik Feilberg dated to <date when="1890-09-08">8
                                    September 1890</date> (fol. 62-65);</item>

                              <item><name type="person" key="HalFri001">Halldór Kr.
                                    Friðriksson</name> dated to <date when="1889-03-23">23 March
                                    1889</date> (fol. 67); </item>

                              <item>
                                 <name type="person" key="TryGun001">Tryggvi Gunnarsson</name> dated
                                 to <date when="1889-02-04">4 February 1889</date> (fol. 118) and
                                    <date when="1900-04-07">7 April 1900</date> (fol.
                                 444-445);</item>

                              <item>
                                 <name type="person" key="JonHel011">Jón Helgason</name> dated to
                                    <date when="1892-03-28">28 March 1892</date> (fol. 136-138),
                                    <date when="1892-04-01">1 April 1892</date> (fol. 139), <date
                                    when="1899-02-10">10 February 1899</date> (fol. 300), <date
                                    when="1898-06-16">16 June 1898</date> (fol. 361-362), <date
                                    when="1898-09-01">1 September 1898</date> (fol. 359-360), <date
                                    when="1904-02-06">6 February 1904</date> (fol. 591-592), <date
                                    when="1903-03-19">19 March 1903</date> (fol. 595);</item>

                              <item>Svb. Sveinbjornsson dated to <date when="1892-04-28">28 April
                                    1892</date> (fol. 149);</item>
                              <item>Kr. Havstein dated to <date when="1892-11-28">28 November
                                    1892</date> (fol. 161);</item>
                              <item>
                                 <name type="person" key="VenHam001">V.U. Hammershaimb</name> dated
                                 to <date when="1892-04-05">5 April 1892</date> (fol. 180-182) and
                                    <date when="1896-06-13">13 June 1896</date> (fol.
                                 183-184);</item>
                              <item><name type="person" key="MatJoc001">Matthías Jochumsson</name>
                                 dated to <date when="1887-01-08">8 January 1887</date> (fol.
                                 213-214);</item>

                              <item><name type="person" key="EirMag002">Eirikr Magnússon</name>
                                 dated to <date when="1895-02-16">16 February 1895</date> (fol.
                                 255);</item>
                              <item><name type="person" key="ArnOla003">Arnljótur Ólafsson</name>
                                 dated to <date when="1896-08-05">5 August 1896</date> (fol.
                                 304);</item>
                              <item><name type="person" key="JonOla002">Jón Ólafsson</name> dated to
                                    <date when="1898-02-09">9 February 1898</date> (fol.
                                 320);</item>
                              <item><name type="person" key="BjoMag009">Bjorn M. Ólsen</name> dated
                                 to <date when="1898-02-09">9 February 1898</date> (fol.
                                 328-329);</item>

                              <item>
                                 <name type="person" key="ChrZyt001">Christopher
                                    Zytphen-Adeler</name>
                                 <date when="1902-02-20">20 February 1902</date> (fol. 453), <date
                                    when="1902-10-29">29 October 1902</date> (fol. 557);</item>
                              <item><name type="person" key="JonTho009">Jón Þorkelsson</name> dated
                                 to <date when="1887-08-04">4 August 1887</date> (fol 501);</item>
                              <item><name type="person" key="KonMau001">Konrad Maurer</name> dated
                                 to <date when="1889-06-16">16 June 1889</date> (fol. 576).</item>
                           </list>
                        </p>
                     </note>
                  </msItem>
               </msContents>
               <physDesc>
                  <objectDesc form="other">
                     <supportDesc material="chart">
                        <support>Paper.</support>
                        <extent>647 foliated leaves in various sizes, approx. <dimensions type="leaf" unit="mm">
                           <width atLeast="51" atMost="227">51-227</width>
                           <height atLeast="58" atMost="286">58-286</height>
                        </dimensions>.</extent>
                        <foliation>Foliated in pencil. Only written leaves are foliated.</foliation>
                     </supportDesc>
                  </objectDesc>
                  <bindingDesc>
                     <binding>
                        <p>Unbound.</p>
                     </binding>
                  </bindingDesc>
               </physDesc>
               <history>
                  <origin>The materials were gradually collected in years 
                     <origDate cert="high" evidence="internal" notBefore="1886" notAfter="1904">1886-1904</origDate>, when <name type="person" key="KriKaa001">Kålund</name> worked in 
                     <origPlace key="Copen01">Copenhagen</origPlace>.
                  </origin>
                  <acquisition>
                     <p>From <name type="person" key="KriKaa001">Kristian Kålund's</name> estate.</p>
                  </acquisition>
               </history>
               <additional>
                  <adminInfo>
                     <recordHist>
                        <source>
                           <p>This shelfmark is registered in the handwritten catalogue of the Accessoria collection as preserved in <ref target="#AM02-0478-en">AM 478 fol.</ref> (fol. 57r).</p>
                           <p>Catalogued on <date when="2019-02-21">21 February 2019</date> by <name type="person" key="KatKap001">Katarzyna Anna Kapitan</name>.</p></source>
                     </recordHist>
                  </adminInfo>
                  <surrogates>
                     <list>
                        <item>Microfilm Neg. 842 from <date when="1990-03">March 1990</date>.</item>
                        <item>Microfilm Pos. 762 from <date when="1990-03">March 1990</date>.</item>
                        <item>Backup film TS 1049 from <date when="2006-02-28"/>, a copy of Neg. 842.</item>
                     </list>
                  </surrogates>
               </additional>
            </msDesc>
         </sourceDesc>
      </fileDesc>
      <revisionDesc>
         <change>
            <date when="2019-02-19"/>
            <name type="person" key="KatKap001"/> Cataloguing </change>
         <change>
            <date when="2019-02-20"/>
            <name type="person" key="KatKap001"/> Cataloguing </change>
         <change>
            <date when="2019-02-20"/>
            <name type="person" key="KatKap001"/> Tagging </change>
      </revisionDesc>
   </teiHeader>
   <facsimile>
      <surface/>
   </facsimile>
</TEI>
