<?oxygen RNGSchema="http://www.handrit.is/schema/handrit-1.0.rnc" type="compact"?>
<TEI xmlns="http://www.tei-c.org/ns/1.0">
    <teiHeader>
        <fileDesc>
            <titleStmt>
                <title type="main">Acc. 60</title>
            </titleStmt>
            <publicationStmt>
                <authority>Den Arnamagnæanske Samling</authority>
                <pubPlace>Copenhagen</pubPlace>
            </publicationStmt>
            <sourceDesc>
                <msDesc xml:id="Acc-0060-da" xml:lang="da">
                    <msIdentifier>
                        <country key="DA">Denmark</country>
                        <settlement>Copenhagen</settlement>
                        <repository>Den Arnamagnæanske Samling</repository>
                        <idno>Acc. 60</idno>
                    </msIdentifier>
                    <msContents>
                        <summary><title type="supplied">Sögubrot af nokkrum fornkonungum</title></summary>
                        <titlePage>
                            <docTitle>
                                <titlePart>Sogubrot <lb/> af <lb/> nockorum Fornkongum <lb/> i Dana oc Svia velldi. <locus from="2r" to="2r">(2r)</locus>. </titlePart>
                                
                            </docTitle>
                        </titlePage>
                        <msItem n="1" class="fas" defective="true">
                            <locus from="3r" to="32r">3r-32r (p. 1-59)</locus>  				
                            <title type="uniform">Sögubrot af nokkrum fornkonungum í Dana ok Svía veldi</title>
                            <rubric>Sogubrot <lb/> af nockorum Fornkongum <lb/> i Dana oc Svia Velldi. <lb/> oc <lb/> fra 
                                Bravallar bardagi milli <lb/> Haralldar Kongs Hillditan, <lb/> oc Sigurdar Hrings.</rubric>
                            <textLang mainLang="is"/>
                            <msItem n="1.1">
                                <locus from="3r" to="19r">3r-19r (p. 1-33)</locus>
                                <textLang mainLang="is"/>
                                <rubric>Ord Audur vid Fodur sin, <lb/> framberandi ord Helga med <lb/> underhijggiu.</rubric>
                                <incipit>Se ec at thetta mal tarf <lb/> at litt se frammborit at men bidie <lb/> min</incipit>
                                <explicit>Haralldr Kongr atti sunir <lb/> 2, var annar Hrærekr Slaung<lb/>vobauge, enn annar Thrandr <lb/> gamli. </explicit>	
                            </msItem>
                            <msItem n="1.2">
                                <locus from="19v" to="32r">19v-32r (p. 34-59)</locus>
                                <textLang mainLang="is"/>
                                <rubric>Bravallar bardage <lb/> milli Haralldar Kongs Hilldi<lb/>tann, oc Sigurdar Hrings.</rubric>
                                <incipit>Tha er Haralldr Kongr Hilldi<lb/>tonn var ordin gamall</incipit>
                                <explicit>var miklu fridara enn <lb/> annat mannkyn at Nordur<lb/>londum.</explicit>
                            </msItem>
                        </msItem>
                    </msContents>
                    <physDesc>
                        <objectDesc form="codex">
                            <supportDesc material="chart">
                               
                                <extent>iii + 32 + iii. <dimensions type="leaf" scope="all">
                                    <height unit="mm" quantity="170">170</height>
                                    <width unit="mm" quantity="110">110</width>
                                </dimensions>.</extent>
                                <foliation/>
                                <collation>
                                    <signatures/>
                                    <catchwords/>
                                </collation>
                                <condition/>
                                 
                            </supportDesc>
                            <layoutDesc>
                                <layout columns="1" writtenLines="17 20"/> 
                                   
                                
                            </layoutDesc>
                        </objectDesc>
                        <handDesc hands="1">
                            <handNote scribe="FreSch002" scope="sole" script="humcursiva"> 
                                <p>Skrevet af <name type="person" key="FreSch002">Frederik Julius Schaldemose</name></p>.</handNote>
                        </handDesc>
                        <decoDesc>
                            <decoNote/>
                        </decoDesc> 
                        <additions/>
                        
                        <bindingDesc>
                            <binding contemporary="true">
                                <p/>
                            </binding>
                        </bindingDesc>
                        <accMat/>
                        
                    </physDesc>
                    <history>
                        <origin notBefore="1800" notAfter="1818" cert="medium" evidence="external">
                            <origPlace key="DK"/> 
                        </origin>
                        <provenance/>
                            
                        <acquisition/>
                            
                    </history>
                    <additional> 
                        <adminInfo>
                            <recordHist>
                                <source>
                                    <p>Den danske beskrivelse er under udarbejdelse.</p>
                                    <p>Nærværende håndskriftbeskrivelsen er lavet på basis af den engelske beskrivelse. For yderligere
                                        oplysninger se den engelske beskrivelse: <ref type="url" target="https://handrit.is/manuscript/view/en/Acc-0060">https://handrit.is/manuscript/view/en/Acc-0060</ref>.</p>
                                </source>
                            </recordHist>
                        </adminInfo>
                    </additional>
                </msDesc>
            </sourceDesc>
        </fileDesc>
        <revisionDesc>
            <change>
                <date when="2018-11-06"/>
                <name type="person" key="KatKap001"/>
                Katalogisering
            </change>
        </revisionDesc>
    </teiHeader>
    <facsimile>
        <surface/>
    </facsimile>
</TEI>