<?xml version="1.0" encoding="UTF-8"?>
<?oxygen RNGSchema="http://www.handrit.is/schema/handrit-1.0.rnc" type="compact"?>
<TEI xmlns="http://www.tei-c.org/ns/1.0">
    <teiHeader>
        <fileDesc>
            <titleStmt>
                <title type="main">Acc. 62</title>
            </titleStmt>
            <publicationStmt>
                <authority>Den Arnamagnæanske Samling</authority>
                <pubPlace>Copenhagen</pubPlace>
            </publicationStmt>
            <sourceDesc>
                <msDesc xml:id="Acc-0062-da" xml:lang="da">
                    <msIdentifier>
                        <country key="DA">Denmark</country>
                        <settlement>Copenhagen</settlement>
                        <repository>Den Arnamagnæanske Samling</repository>
                        <idno>Acc. 62</idno>
                    </msIdentifier>
                    <msContents>
                        <summary>Sagaer</summary>
                        <titlePage><docTitle>
                            <titlePart><q>Volsunga Saga</q> (<locus from="1r" to="1r">1r</locus>). </titlePart>
                           
                        </docTitle></titlePage>
                        <msItem n="1" class="ridd">
                            <locus from="2r" to="100v">2r-100v (pp. 1-198)</locus>
                            <title type="uniform">Mágus saga</title>
                            <title type="parallel">Mágus saga Jarls</title>
                            <title type="parallel">Bragða-Mágus saga</title>
                            <rubric>Cap: 1.</rubric>
                            <incipit>Svo hefer byriat eitt æfentijr af einum frægum <lb/> ok fiolmennum Fracklands konunge þat segia <lb/> sumar bækur at han hafe heitit Jatmundr</incipit>
                            <explicit>láte Gud oss ei giallda, sa hinn same Guds son glede oss alla</explicit>
                            <finalRubric>Lykr hier nu Magus sogu</finalRubric>
                           <textLang mainLang="is"/>
                        </msItem>
                        <msItem n="2" class="fas">
                            <locus from="103r" to="108v">103r-108v (pp. 1-11)</locus>
                            <title type="uniform">Hrings saga og Skjaldar</title>
                            <title type="parallel">Skjöldunga saga</title>
                            <incipit>Sogu þessa fann Philippus meistare á einum Steinvegg <lb/> i Paris Borg med latinu skrifada og snere henne á Norræ<lb/>nu, hún er só látande. Kongur sá rede fyrer Danmörk er Dagur hiet</incipit>
                            <explicit>og átte margt ágiætra <lb/> Barna með Herþrude og eru hans ættmenn bædi þ<ex>ei</ex>r <lb/> fyrre og sidare kallader Skiöldungar, og luklta hier þesse<lb/> Saga.</explicit>
                            <textLang mainLang="is"/>
                        </msItem>
                    </msContents>
                    <physDesc>
                        <objectDesc form="codex">
                            <supportDesc material="chart">
                                <support>Papir. </support>
                                    <extent>108. <dimensions type="leaf"
                                    scope="all">
                                    <height unit="mm" quantity="208">208</height>
                                    <width unit="mm" quantity="164">164</width>
                                </dimensions>.</extent>
                                <foliation/>
                                <collation>
                                    <p></p>
                                    <signatures/>
                                    <catchwords/>
                                </collation>
                                <condition/>
                            </supportDesc>
                            <layoutDesc>
                                <layout columns="1" writtenLines="32 34">
                                        <dimensions type="written">
                                            <height unit="mm" quantity="158">175</height>
                                            <width unit="mm" quantity="130">130</width>
                                        </dimensions>.
                                </layout>
                            </layoutDesc>
                        </objectDesc>
                        <handDesc hands="1">
                            <handNote scribe="FreSch002" scope="sole" script="humcursiva"> 
                                <p>Skrevet af <name type="person" key="FreSch002">Frederik Julius Schaldemose</name></p>.</handNote>
                        </handDesc>
                        <decoDesc>
                            <decoNote/>
                        </decoDesc> 
                        <additions/>
                        
                        <bindingDesc>
                            <binding contemporary="true">
                                <p/>
                            </binding>
                        </bindingDesc>
                        <accMat>
                        </accMat>
                    </physDesc>
                    <history>
                        <origin notBefore="1800" notAfter="1816" cert="medium" evidence="conjecture">
                           <origPlace key="DK"/>
                        </origin>
                        <provenance/>
                           
                        
                        <acquisition/>
                           
                        
                    </history>
                    <additional>
                        <adminInfo>
                            <recordHist>
                                <source>
                                    <p>Den danske beskrivelse er under udarbejdelse.</p>
                                    <p>Nærværende håndskriftbeskrivelsen er lavet på basis af den engelske beskrivelse. For yderligere
                                        oplysninger se den engelske beskrivelse: <ref type="url" target="https://handrit.is/manuscript/view/en/Acc-0062">https://handrit.is/manuscript/view/en/Acc-0062</ref>.</p>
                                </source>
                            </recordHist>
                        </adminInfo>
                    </additional>
                </msDesc>
            </sourceDesc>
        </fileDesc>
        <revisionDesc>
            <change>
                <date when="2018-11-06"/>
                <name type="person" key="KatKap001"/>
                katalogisering
            </change>
        </revisionDesc>
    </teiHeader>
    <facsimile>
        <surface/>
    </facsimile>
</TEI>
