<?xml version="1.0" encoding="UTF-8"?><?oxygen RNGSchema="http://www.handrit.is/schema/handrit-1.0.rnc" type="compact"?><TEI xmlns="http://www.tei-c.org/ns/1.0">
   <teiHeader>
      <fileDesc>
         <titleStmt>
            <title type="main">Acc. 38</title>
         </titleStmt>
         <publicationStmt>
            <authority>Den Arnamagnæanske Samling</authority>
            <pubPlace>København</pubPlace>
         </publicationStmt>
         <sourceDesc>
            <msDesc xml:lang="en" xml:id="Acc-0038-en">
               <msIdentifier>
                  <country>Denmark</country>
                  <settlement>København</settlement>
                  <repository>Den Arnamagnæanske Samling</repository>
                  <idno>Acc. 38</idno>
               </msIdentifier>
               <msContents>
                  <summary><title>Various papers belonging to Jón Sigurðsson</title></summary>
                  <textLang mainLang="is" otherLangs="la da"/>
               </msContents>
               <physDesc>
                  <objectDesc form="other">
                     <supportDesc material="chart">
                        <support>Paper. The collection consists of 3 archive boxes of various materials belonging to <name type="person" key="JonSig004">Jón Sigurðsson</name>, including printed material, such as the edition of <title type="uniform">Skáldatal</title> with corrections in the margins, as well as his notes for the edition of <title type="uniform">Snorra-Edda</title>, such as descriptions of manuscripts.
                        </support>
                        <extent>Box I: 775 written leaves, foliated in pencil. Box II: 418 written leaves, foliated in pencil. Box 402 written leaves, foliated in pencil.</extent>
                     </supportDesc>
                  </objectDesc>
               </physDesc>
               <history>
                  <origin>The notes were most likely made by <name type="person" key="JonSig004">Jón Sigurðsson</name> in <name type="place" key="Copen01">Copenhagen</name>, <origPlace key="DK">Denmark</origPlace> in years <origDate notBefore="1833" notAfter="1879" cert="medium" evidence="external">1833-1879</origDate>.</origin>
               </history>
               <additional>
                  <adminInfo>
                     <recordHist><source>This description is under construction.</source></recordHist>
                  </adminInfo>
                  <surrogates>
                     <list>
                        <item>Microfilm Neg. 845 and 846 from <date when="1990-04"/>.</item>
                        <item>Microfilm (archive) Pos. 765 and 766 from <date when="1990-04"/>.</item>
                        <item>Backup film TS 1053 from <date when="2006-02-28"/>, a copy of Neg. 845.</item>
                        <item>Backup film TS 1053 from <date when="2006-03-08"/>, a copy of Neg. 846.</item>
                     </list>
                  </surrogates>
               </additional>
            </msDesc>
         </sourceDesc>
      </fileDesc>
      <revisionDesc>
         <change>
            <date when="2019-01-08"/>
            <name type="person" key="KatKap001">Katarzyna Anna Kapitan</name>
            Added summary, msContents, objectDesc and recordHist
         </change>
         <change>
            <date when="2019-01-11"/>
            <name type="person" key="KatKap001">Katarzyna Anna Kapitan</name>
            surrogates
         </change>
      </revisionDesc>
   </teiHeader>
   <facsimile>
      <surface/>
   </facsimile>
</TEI>