<?xml version="1.0" encoding="UTF-8"?><?oxygen RNGSchema="http://www.handrit.is/schema/handrit-1.0.rnc" type="compact"?><TEI xmlns="http://www.tei-c.org/ns/1.0">
   <teiHeader>
      <fileDesc>
         <titleStmt>
            <title type="main">Acc. 23</title>
         </titleStmt>
         <publicationStmt>
            <authority>Den Arnamagnæanske Samling</authority>
            <pubPlace>København</pubPlace>
         </publicationStmt>
         <sourceDesc><msDesc xml:lang="en" xml:id="Acc-0023-en">
               <msIdentifier>
                  <country>Denmark</country>
                  <settlement>København</settlement>
                  <repository>Den Arnamagnæanske Samling</repository>
                  <idno>Acc. 23</idno>
               </msIdentifier>
            <msContents>
               <summary><title>List of books and manuscripts bought by Árni Magnússon at the auction of Rostgård's collection</title></summary>
            <titlePage>
               <docTitle>
                  <titlePart>Arne Magnússons indkøb <lb/> på <lb/> auktionen over Bibliotheca Rostgardiana 1726 <lb/> Udskrevet af Rostg. 89 a-b, fol.</titlePart>
               </docTitle>
            </titlePage>
               <msItem n="1">
                  <locus from="1r" to="23r">1r-23r</locus>
                  <title type="supplied">List of printed books</title>
                  <rubric>Libri impressi</rubric>
                  <incipit>No. Folio. Rdl. M. Sk. <lb/> 24. Biblia Belgica. 1532. (Addessor Arnas Magnæus). Afh. " - 2 - 10</incipit>
               </msItem>
               <msItem n="2">
                  <locus from="24r" to="32v">24r-32v</locus>
                  <title type="supplied">List of manuscripts</title>
                  <rubric>Libri manuscripti</rubric>
                  <incipit>No. Rdl. M. Sk. <lb/> 84. Isocratis Laudatio Evagora</incipit>
                  <colophon>8/8. - 1896. Jón Jónsson</colophon>
               </msItem>
            </msContents>
               <physDesc>
                  <objectDesc form="codex">
                     <supportDesc material="chart">
                        <support>Paper. <watermark>No watermarks.</watermark></support>
                        <extent>i + 32 + i leaves. Size of leaves: 
                        <dimensions type="leaf" unit="mm">
                           <height>227</height>
                           <width>180</width>
                        </dimensions>.</extent>
                     </supportDesc>
                  </objectDesc>
                  <bindingDesc>
                     <binding contemporary="true" notBefore="1896" notAfter="1900">
                        <p>Half-bound at the end of the 19th cent. or the beginning of 20th cent. </p>
                        <p>Library binding with a gilded shelfmark <q>Access. 23</q> on the front cover.</p> 
                     </binding>
                  </bindingDesc>
               </physDesc>
            <history>
               <origin>
                  The manuscript has a dated colophon on fol. <locus from="32v" to="32v">32v</locus>: <origDate notBefore="1896" notAfter="1896" cert="high" evidence="internal">1896</origDate>.
                  It was copied by Jón Jónsson in Copenhagen <origPlace key="DK">Denmark</origPlace> from the auction catalogue of <name type="person" key="FreRos001">Rostgård's</name> library from 1726 as preserved in Rostg. 89 a-b.
               </origin>
               <acquisition>
                  <p>This shelfmark is registered by 
                     <name type="person" key="KriKaa001">Kålund</name> in the handwritten catalogue of the Accessoria collection as preserved in <ref target="#AM02-0478-en">AM 478 fol.</ref> (fol. 56v).</p>
               </acquisition>
            </history>
            <additional>
               <adminInfo>
                  <recordHist>
                     <source>
                        <p>Catalogued on <date when="2019-01-31"/> by 
                           <name type="person" key="KatKap001">Katarzyna Anna Kapitan</name>.</p>
                     </source>
                  </recordHist>
               </adminInfo>
               <surrogates>
                  <p>
                     <list>
                        <item>Microfilm Neg 2016 from <date when="2011-05-18"/>.</item>
                        <item>Microfilm (archive) 1098 from <date when="2011-05-24"/>.</item>
                        <item>Backup film TS 1287 from <date when="2011-05-24"/>.</item>
                     </list>
                  </p>
               </surrogates>
            </additional>
            </msDesc>
         </sourceDesc>
      </fileDesc>
      <revisionDesc>
         <change>
            <date when="2019-01-31"/>
            <name type="person" key="KatKap001"/> cataloguing </change>
         <change>
            <date when="2019-02-13"/>
            <name type="person" key="KatKap001"/> surrogates </change>
         <change>
            <date when="2019-03-25"/>
            <name type="person" key="KatKap001"/> dimensions </change>
      </revisionDesc>
   </teiHeader>
   <facsimile>
      <surface/>
   </facsimile>
</TEI>