<?xml version="1.0" encoding="UTF-8"?>
<?oxygen RNGSchema="http://www.handrit.is/schema/handrit-1.0.rnc" type="compact"?><TEI xmlns="http://www.tei-c.org/ns/1.0">
   <teiHeader>
      <fileDesc>
         <titleStmt>
            <title type="main">AM 20 c fol.</title>
         </titleStmt>
         <publicationStmt>
            <authority>Den Arnamagnæanske Samling</authority>
            <pubPlace>København</pubPlace>
         </publicationStmt>
         <sourceDesc>
            <msDesc xml:id="AM02-0020-c-en" xml:lang="en">
               <msIdentifier>
                  <country>Denmark</country>
                  <settlement>København</settlement>
                  <repository>Den Arnamagnæanske Samling</repository>
                  <idno>AM 20 c fol.</idno>
                  <altIdentifier type="internal" subtype="KKKat">
                     <idno>33</idno>
                  </altIdentifier>
               </msIdentifier>
               <head>
                  <title type="supplied" xml:lang="en">Árni Magnússons notes on Knýtlinga saga and other things concerning this saga</title>
                  <origPlace>Iceland/Denmark</origPlace>
                  <origDate notBefore="1690" notAfter="1710">c. 1700</origDate>
               </head>
               <msContents>
                  <msItem>
                     <textLang mainLang="is">Islandsk</textLang>
                  </msItem>
               </msContents>
               <physDesc>
                  <objectDesc form="codex">
                     <supportDesc material="chart">
                        <support>Paper.</support>
                        <extent>36.</extent>
                     </supportDesc>
                  </objectDesc>
               </physDesc>
            </msDesc>
         </sourceDesc>
      </fileDesc>
   </teiHeader>
   <facsimile>
      <surface/>
   </facsimile>
</TEI>