<?xml version="1.0" encoding="UTF-8"?>
<?oxygen RNGSchema="http://www.handrit.is/schema/handrit-1.0.rnc" type="compact"?>
<TEI xmlns="http://www.tei-c.org/ns/1.0">
   <teiHeader>
      <fileDesc>
         <titleStmt>
            <title>Handritaskrá Árnastofnunar</title>
         </titleStmt>
         <publicationStmt>
            <p>Tilraunaútgáfa</p>
         </publicationStmt>
         <sourceDesc>
            <msDesc xml:lang="is" xml:id="AM02-0157f-is">
               <msIdentifier>
                  <country key="IS">Ísland</country>
                  <settlement>Reykjavík</settlement>
                  <institution>Stofnun Árna Magnússonar í íslenskum fræðum</institution>
                  <repository>Handritasvið</repository>
                  <collection>Safn Árna Magnússonar</collection>
                  <idno>AM 157 f fol.</idno>
                  <altIdentifier type="internal" subtype="KKKat">
                     <idno>191</idno>
                  </altIdentifier>
               </msIdentifier>
             
               <!-- Not: 
               Íslendinga sögur II, Kbh. 1847.
               Marold, Edidt. Uberlegungen (u með tveimur deplum) zum Problem der Emendationen am Beispiel der Verse von Björn Hítdælakappi. Skandinavistik. 2002; 32 (1): 39-56.
               Widding, Ole. Haandskriftanalyser. Opuscula. 1961; 2 (Bibliotheca Arnamagnæana; 25) (1): 65-75
            Borgfirðinga sögur. Hænsa-Þóris saga. Gunnlaugs saga ormstungu. Bjarnar saga Hítdælakappa. Heiðarvíga saga. Gísls þáttr Illugasonar. Sigurður Nordal and Guðni Jónsson, gáfu út. Reykjaví: Hið íslenzka fornritafélag; 1938. (Íslenzk fornrit; 3).-->
            <msContents>
            	<textLang mainLang="is">Íslenska</textLang>
                  <msItem defective="false" class="isl">
                     <locus from="1r" facs="#AM02-0157f-0001r" to="11v">1r-11v (bls. 1-22)</locus>
                     <title type="uniform">Hænsna-Þóris saga</title>
               
                     <rubric>Sagan af Hænsa-Þóri.</rubric>
                     <incipit>Oddur hét maður …</incipit>
                     <explicit>… og var hinn mesti kvenskörungur. </explicit>
                     <finalRubric>Og lýkur þar Hænsa-Þóris
                        sögu.</finalRubric>
                  </msItem>
               </msContents>

               <physDesc>
                  <objectDesc form="codex">
                     <supportDesc material="chart">
                        <support>Pappír.</support>
                        <extent>12 blöð; (<dimensions type="leaf" unit="mm" scope="all">
                              <height>310</height>
                              <width>186</width>
                           </dimensions>). Neðsti hluti blaðs <locus from="11v" facs="#AM02-0157f-0011v" to="11v">11v</locus> er auður, blað <locus from="12r" facs="#AM02-0157f-0012r" to="12v">12</locus> er autt.</extent>

                        <foliation>
                           <p><list><item>Upprunaleg blaðsíðumerking: 1-22.</item>
                           <item>Síðari tíma blaðmerking með rauðu bleki: 1-11; blað 12 er ómerkt.</item></list></p>
                        </foliation>

                        <collation>
                           <p>Tvö kver:<list>
                                 <item n="1">Kver I: blöð 1-6, 3 tvinn.</item>
                                 <item n="2">Kver II: blöð 7-12, 3 tvinn.</item>
                              </list>
                           </p>
                        </collation>

                     </supportDesc>
                     <layoutDesc>
                        <layout columns="1" writtenLines="33 35">
                           <p><list><item>Eindálka. </item>
                              <item>Leturflötur er ca <dimensions type="leaf" unit="mm">
                                 <height>260</height>
                                 <width>140</width>
                              </dimensions>.</item>
                           <item>Línufjöldi er ca 33-35.</item>
                           <item>Markað hefur verið fyrir innri og ytri spássíu blaða með þurroddi.</item>
                           <item>
                              <catchwords>Griporð á blaði <locus from="6v" facs="#AM02-0157f-0006v" to="6v">6v</locus>.</catchwords>
                           </item>
                           <item>Kaflaskipting: i-xvi.</item></list></p>
                        </layout>
                     </layoutDesc>

                  </objectDesc>
                  <handDesc hands="1">
                     <handNote scribe="AsgJon001" script=" kanzlei" scope="major"><list><item>Með hendi <name type="person" key="AsgJon001">Ásgeirs Jónssonar</name>; kansellískrift.</item></list></handNote>
                  </handDesc>

                  <decoDesc>
                     <decoNote type="frieze" subtype="tailpiece"><list><item>Bókahnútur í lok sögu (sjá blað <locus from="11v" facs="#AM02-0157f-0011v" to="11v">11v</locus>).</item></list></decoNote>
                  </decoDesc>

                  <bindingDesc>
                     <binding notBefore="1772" notAfter="1780" contemporary="false">
                        <p>Pappaband (<dimensions type="binding">
                           <height>314</height>
                           <width>205</width>
                           <depth>6</depth>
                        </dimensions>) frá 1772-1780. Blár safnmarksmiði á kili.</p>
                        <p>
                          Innanverð spjaldblöð eru klædd blöðum úr prentaðri bók.
                        </p>
                     </binding>
                  </bindingDesc>

               </physDesc>
               <history>
                  <origin notBefore="1690" notAfter="1697">
                  	<p> Handritið var skrifað í <origPlace key="NO">Noregi
                  		(Stangarlandi)</origPlace> og er tímasett frá <origDate notBefore="1690" notAfter="1697">ársbyrjun 1690 til vors
                  			1697</origDate> í umfjöllun <name type="person">Más Jónssonar</name>
                  		um skrifarann Ásgeir Jónsson (sbr. <ref>
                  			<bibl>Már Jónsson 2009: 282-297</bibl>
                  		</ref>). Það er tímasett til um 1700 í <bibl>
                           <ref target="KKKat">Katalog I</ref>
                        </bibl>, bls. 110, en virkt skriftartímabil <name key="AsgJon001" type="person">Ásgeirs Jónssonar </name> var ca 1686-1707.</p>
                     <p>Það var áður hluti af stærri bók. Í þeirri bók voru einnig <ref target="AM02-0173" type="ms">AM 173 fol.</ref>, <ref target="AM02-0146" type="ms">AM 146
                     fol.</ref>, <title type="uniform">Vatnsdæla saga</title> og <ref target="AM02-0157b" type="ms">AM 157 b
                        fol.</ref>
                       </p>
                  </origin>

                  <provenance>
                     <p>Bókin sem handritið tilheyrði var nr. XI fol. í safni <name key="ThoTor001" type="person">Þormóðs Torfasonar</name>. <name key="ArnMag001" type="person">Árni Magnússon</name> tók hana í sundur.</p>
                  </provenance>
                  <acquisition when="1986-06-05">
                     <p>Stofnun Árna Magnússonar á Íslandi tók við handritinu 5. júní 1986.</p>
                  </acquisition>
               </history>
               <additional>
                  <adminInfo>
                     <recordHist>
                     
                        <source>
                        	<p>      <name key="KriKaa001" type="person">Kålund</name> gekk frá
                        		handritinu til skráningar <date when="1885-12-03">3. desember 1885</date> í
                        		<bibl>
                        			<ref target="KKKat">Katalog I; </ref>
                        		</bibl>bls. 110 (nr. 191),
                        		<name key="DriThr001" type="person">DKÞ</name>
                        		grunnskráði <date when="2001-10-01">1. október 2001</date>,
                        		
                                    <name type="person" key="ValHil001">VH</name> skráði handritið
                                 	samkvæmt TEIP5 reglum <date when="2008-12-02">2. desember 2008</date>; lagfærði í <date when="2010-11">nóvember 2010</date>.
                                    
                           </p>
                        </source>
                    
                     </recordHist>
                     <custodialHist>
                        <custEvent type="conservation" notBefore="1986" notAfter="1986">
                           <p>Athugað á verkstæði í Kaupmannahöfn í maí 1986.</p>
                        </custEvent>
                        <custEvent type="conservation" notBefore="1772" notAfter="1780">
                           <p>Bundið af <name key="MatBlo001" type="person">Matthiasi Larsen
                           Bloch</name> á árunum 1772-1780.</p>
                        </custEvent>
                     </custodialHist>
                  </adminInfo>
                  <surrogates>
                     <p>
                        <list>
                           <item>Stafrænar myndir á www.sagnanet.is.</item>
                           <item>Svart-hvítar ljósmyndir á Det Arnamagnæanske Institut í
                        Kaupmannahöfn.</item>
                        </list>
                     </p>
                  </surrogates>
                  <listBibl>
                  	<bibl>Már Jónsson 2009, <ref target="MárJón2009">Skrifarinn Ásgeir Jónsson frá Gullberaströnd í Lundarreykjadal</ref></bibl>
                  	<bibl>Nordal, S. 1938, <ref target="GuðJón1938a">Borgfirðinga sögur. Hænsa-Þóris saga. Gunnlaugs saga ormstungu. Bjarnar saga Hítdælakappa. Heiðarvíga saga. Gísls þáttr Illugasonar</ref></bibl>
                  </listBibl>
               </additional>
            </msDesc>
         </sourceDesc>
      </fileDesc>
      <revisionDesc>
         <change when="2008-10" who="#EriHas01">Migrated from MASTER to P5</change>
      </revisionDesc>
   </teiHeader>
	<facsimile xml:base="https://myndir.handrit.is/file/Handrit.is/">
		<surface xml:id="AM02-0157f-0000r-FB" n="0">
			<desc>0000r-FB</desc>
			<graphic mimeType="pdf" url="AM%20157%20f%20fol/0/HIGH_QUALITY_DISPLAY"/>
			<graphic mimeType="jpg" url="AM%20157%20f%20fol/0/THUMBNAIL" width="200px" height="300px"/>
			<graphic mimeType="jpg" url="AM%20157%20f%20fol/0/SECONDARY_DISPLAY" width="2056px" height="3088px"/>
			<graphic mimeType="pdf" url="AM%20157%20f%20fol/0/WEB_DISPLAY"/>
		</surface>
		<surface xml:id="AM02-0157f-0000v-FB" n="1">
			<desc>0000v-FB</desc>
			<graphic mimeType="pdf" url="AM%20157%20f%20fol/1/HIGH_QUALITY_DISPLAY"/>
			<graphic mimeType="jpg" url="AM%20157%20f%20fol/1/THUMBNAIL" width="198px" height="300px"/>
			<graphic mimeType="jpg" url="AM%20157%20f%20fol/1/SECONDARY_DISPLAY" width="2039px" height="3088px"/>
			<graphic mimeType="pdf" url="AM%20157%20f%20fol/1/WEB_DISPLAY"/>
		</surface>
		<surface xml:id="AM02-0157f-0001r" n="2">
			<desc>0001r</desc>
			<graphic mimeType="pdf" url="AM%20157%20f%20fol/2/HIGH_QUALITY_DISPLAY"/>
			<graphic mimeType="jpg" url="AM%20157%20f%20fol/2/THUMBNAIL" width="198px" height="300px"/>
			<graphic mimeType="jpg" url="AM%20157%20f%20fol/2/SECONDARY_DISPLAY" width="2039px" height="3088px"/>
			<graphic mimeType="pdf" url="AM%20157%20f%20fol/2/WEB_DISPLAY"/>
		</surface>
		<surface xml:id="AM02-0157f-0001v" n="3">
			<desc>0001v</desc>
			<graphic mimeType="pdf" url="AM%20157%20f%20fol/3/HIGH_QUALITY_DISPLAY"/>
			<graphic mimeType="jpg" url="AM%20157%20f%20fol/3/THUMBNAIL" width="192px" height="300px"/>
			<graphic mimeType="jpg" url="AM%20157%20f%20fol/3/SECONDARY_DISPLAY" width="1951px" height="3048px"/>
			<graphic mimeType="pdf" url="AM%20157%20f%20fol/3/WEB_DISPLAY"/>
		</surface>
		<surface xml:id="AM02-0157f-0002r" n="4">
			<desc>0002r</desc>
			<graphic mimeType="pdf" url="AM%20157%20f%20fol/4/HIGH_QUALITY_DISPLAY"/>
			<graphic mimeType="jpg" url="AM%20157%20f%20fol/4/THUMBNAIL" width="192px" height="300px"/>
			<graphic mimeType="jpg" url="AM%20157%20f%20fol/4/SECONDARY_DISPLAY" width="1951px" height="3048px"/>
			<graphic mimeType="pdf" url="AM%20157%20f%20fol/4/WEB_DISPLAY"/>
		</surface>
		<surface xml:id="AM02-0157f-0002v" n="5">
			<desc>0002v</desc>
			<graphic mimeType="pdf" url="AM%20157%20f%20fol/5/HIGH_QUALITY_DISPLAY"/>
			<graphic mimeType="jpg" url="AM%20157%20f%20fol/5/THUMBNAIL" width="193px" height="300px"/>
			<graphic mimeType="jpg" url="AM%20157%20f%20fol/5/SECONDARY_DISPLAY" width="1959px" height="3048px"/>
			<graphic mimeType="pdf" url="AM%20157%20f%20fol/5/WEB_DISPLAY"/>
		</surface>
		<surface xml:id="AM02-0157f-0003r" n="6">
			<desc>0003r</desc>
			<graphic mimeType="pdf" url="AM%20157%20f%20fol/6/HIGH_QUALITY_DISPLAY"/>
			<graphic mimeType="jpg" url="AM%20157%20f%20fol/6/THUMBNAIL" width="193px" height="300px"/>
			<graphic mimeType="jpg" url="AM%20157%20f%20fol/6/SECONDARY_DISPLAY" width="1959px" height="3048px"/>
			<graphic mimeType="pdf" url="AM%20157%20f%20fol/6/WEB_DISPLAY"/>
		</surface>
		<surface xml:id="AM02-0157f-0003v" n="7">
			<desc>0003v</desc>
			<graphic mimeType="pdf" url="AM%20157%20f%20fol/7/HIGH_QUALITY_DISPLAY"/>
			<graphic mimeType="jpg" url="AM%20157%20f%20fol/7/THUMBNAIL" width="193px" height="300px"/>
			<graphic mimeType="jpg" url="AM%20157%20f%20fol/7/SECONDARY_DISPLAY" width="1959px" height="3048px"/>
			<graphic mimeType="pdf" url="AM%20157%20f%20fol/7/WEB_DISPLAY"/>
		</surface>
		<surface xml:id="AM02-0157f-0004r" n="8">
			<desc>0004r</desc>
			<graphic mimeType="pdf" url="AM%20157%20f%20fol/8/HIGH_QUALITY_DISPLAY"/>
			<graphic mimeType="jpg" url="AM%20157%20f%20fol/8/THUMBNAIL" width="193px" height="300px"/>
			<graphic mimeType="jpg" url="AM%20157%20f%20fol/8/SECONDARY_DISPLAY" width="1959px" height="3048px"/>
			<graphic mimeType="pdf" url="AM%20157%20f%20fol/8/WEB_DISPLAY"/>
		</surface>
		<surface xml:id="AM02-0157f-0004v" n="9">
			<desc>0004v</desc>
			<graphic mimeType="pdf" url="AM%20157%20f%20fol/9/HIGH_QUALITY_DISPLAY"/>
			<graphic mimeType="jpg" url="AM%20157%20f%20fol/9/THUMBNAIL" width="193px" height="300px"/>
			<graphic mimeType="jpg" url="AM%20157%20f%20fol/9/SECONDARY_DISPLAY" width="1959px" height="3048px"/>
			<graphic mimeType="pdf" url="AM%20157%20f%20fol/9/WEB_DISPLAY"/>
		</surface>
		<surface xml:id="AM02-0157f-0005r" n="10">
			<desc>0005r</desc>
			<graphic mimeType="pdf" url="AM%20157%20f%20fol/10/HIGH_QUALITY_DISPLAY"/>
			<graphic mimeType="jpg" url="AM%20157%20f%20fol/10/THUMBNAIL" width="193px" height="300px"/>
			<graphic mimeType="jpg" url="AM%20157%20f%20fol/10/SECONDARY_DISPLAY" width="1959px" height="3048px"/>
			<graphic mimeType="pdf" url="AM%20157%20f%20fol/10/WEB_DISPLAY"/>
		</surface>
		<surface xml:id="AM02-0157f-0005v" n="11">
			<desc>0005v</desc>
			<graphic mimeType="pdf" url="AM%20157%20f%20fol/11/HIGH_QUALITY_DISPLAY"/>
			<graphic mimeType="jpg" url="AM%20157%20f%20fol/11/THUMBNAIL" width="193px" height="300px"/>
			<graphic mimeType="jpg" url="AM%20157%20f%20fol/11/SECONDARY_DISPLAY" width="1959px" height="3048px"/>
			<graphic mimeType="pdf" url="AM%20157%20f%20fol/11/WEB_DISPLAY"/>
		</surface>
		<surface xml:id="AM02-0157f-0006r" n="12">
			<desc>0006r</desc>
			<graphic mimeType="pdf" url="AM%20157%20f%20fol/12/HIGH_QUALITY_DISPLAY"/>
			<graphic mimeType="jpg" url="AM%20157%20f%20fol/12/THUMBNAIL" width="193px" height="300px"/>
			<graphic mimeType="jpg" url="AM%20157%20f%20fol/12/SECONDARY_DISPLAY" width="1959px" height="3048px"/>
			<graphic mimeType="pdf" url="AM%20157%20f%20fol/12/WEB_DISPLAY"/>
		</surface>
		<surface xml:id="AM02-0157f-0006v" n="13">
			<desc>0006v</desc>
			<graphic mimeType="pdf" url="AM%20157%20f%20fol/13/HIGH_QUALITY_DISPLAY"/>
			<graphic mimeType="jpg" url="AM%20157%20f%20fol/13/THUMBNAIL" width="196px" height="300px"/>
			<graphic mimeType="jpg" url="AM%20157%20f%20fol/13/SECONDARY_DISPLAY" width="1995px" height="3048px"/>
			<graphic mimeType="pdf" url="AM%20157%20f%20fol/13/WEB_DISPLAY"/>
		</surface>
		<surface xml:id="AM02-0157f-0007r" n="14">
			<desc>0007r</desc>
			<graphic mimeType="pdf" url="AM%20157%20f%20fol/14/HIGH_QUALITY_DISPLAY"/>
			<graphic mimeType="jpg" url="AM%20157%20f%20fol/14/THUMBNAIL" width="196px" height="300px"/>
			<graphic mimeType="jpg" url="AM%20157%20f%20fol/14/SECONDARY_DISPLAY" width="1995px" height="3048px"/>
			<graphic mimeType="pdf" url="AM%20157%20f%20fol/14/WEB_DISPLAY"/>
		</surface>
		<surface xml:id="AM02-0157f-0007v" n="15">
			<desc>0007v</desc>
			<graphic mimeType="pdf" url="AM%20157%20f%20fol/15/HIGH_QUALITY_DISPLAY"/>
			<graphic mimeType="jpg" url="AM%20157%20f%20fol/15/THUMBNAIL" width="192px" height="300px"/>
			<graphic mimeType="jpg" url="AM%20157%20f%20fol/15/SECONDARY_DISPLAY" width="1955px" height="3048px"/>
			<graphic mimeType="pdf" url="AM%20157%20f%20fol/15/WEB_DISPLAY"/>
		</surface>
		<surface xml:id="AM02-0157f-0008r" n="16">
			<desc>0008r</desc>
			<graphic mimeType="pdf" url="AM%20157%20f%20fol/16/HIGH_QUALITY_DISPLAY"/>
			<graphic mimeType="jpg" url="AM%20157%20f%20fol/16/THUMBNAIL" width="192px" height="300px"/>
			<graphic mimeType="jpg" url="AM%20157%20f%20fol/16/SECONDARY_DISPLAY" width="1955px" height="3048px"/>
			<graphic mimeType="pdf" url="AM%20157%20f%20fol/16/WEB_DISPLAY"/>
		</surface>
		<surface xml:id="AM02-0157f-0008v" n="17">
			<desc>0008v</desc>
			<graphic mimeType="pdf" url="AM%20157%20f%20fol/17/HIGH_QUALITY_DISPLAY"/>
			<graphic mimeType="jpg" url="AM%20157%20f%20fol/17/THUMBNAIL" width="192px" height="300px"/>
			<graphic mimeType="jpg" url="AM%20157%20f%20fol/17/SECONDARY_DISPLAY" width="1955px" height="3048px"/>
			<graphic mimeType="pdf" url="AM%20157%20f%20fol/17/WEB_DISPLAY"/>
		</surface>
		<surface xml:id="AM02-0157f-0009r" n="18">
			<desc>0009r</desc>
			<graphic mimeType="pdf" url="AM%20157%20f%20fol/18/HIGH_QUALITY_DISPLAY"/>
			<graphic mimeType="jpg" url="AM%20157%20f%20fol/18/THUMBNAIL" width="192px" height="300px"/>
			<graphic mimeType="jpg" url="AM%20157%20f%20fol/18/SECONDARY_DISPLAY" width="1955px" height="3048px"/>
			<graphic mimeType="pdf" url="AM%20157%20f%20fol/18/WEB_DISPLAY"/>
		</surface>
		<surface xml:id="AM02-0157f-0009v" n="19">
			<desc>0009v</desc>
			<graphic mimeType="pdf" url="AM%20157%20f%20fol/19/HIGH_QUALITY_DISPLAY"/>
			<graphic mimeType="jpg" url="AM%20157%20f%20fol/19/THUMBNAIL" width="192px" height="300px"/>
			<graphic mimeType="jpg" url="AM%20157%20f%20fol/19/SECONDARY_DISPLAY" width="1955px" height="3048px"/>
			<graphic mimeType="pdf" url="AM%20157%20f%20fol/19/WEB_DISPLAY"/>
		</surface>
		<surface xml:id="AM02-0157f-0010r" n="20">
			<desc>0010r</desc>
			<graphic mimeType="pdf" url="AM%20157%20f%20fol/20/HIGH_QUALITY_DISPLAY"/>
			<graphic mimeType="jpg" url="AM%20157%20f%20fol/20/THUMBNAIL" width="192px" height="300px"/>
			<graphic mimeType="jpg" url="AM%20157%20f%20fol/20/SECONDARY_DISPLAY" width="1955px" height="3048px"/>
			<graphic mimeType="pdf" url="AM%20157%20f%20fol/20/WEB_DISPLAY"/>
		</surface>
		<surface xml:id="AM02-0157f-0010v" n="21">
			<desc>0010v</desc>
			<graphic mimeType="pdf" url="AM%20157%20f%20fol/21/HIGH_QUALITY_DISPLAY"/>
			<graphic mimeType="jpg" url="AM%20157%20f%20fol/21/THUMBNAIL" width="192px" height="300px"/>
			<graphic mimeType="jpg" url="AM%20157%20f%20fol/21/SECONDARY_DISPLAY" width="1955px" height="3048px"/>
			<graphic mimeType="pdf" url="AM%20157%20f%20fol/21/WEB_DISPLAY"/>
		</surface>
		<surface xml:id="AM02-0157f-0011r" n="22">
			<desc>0011r</desc>
			<graphic mimeType="pdf" url="AM%20157%20f%20fol/22/HIGH_QUALITY_DISPLAY"/>
			<graphic mimeType="jpg" url="AM%20157%20f%20fol/22/THUMBNAIL" width="192px" height="300px"/>
			<graphic mimeType="jpg" url="AM%20157%20f%20fol/22/SECONDARY_DISPLAY" width="1955px" height="3048px"/>
			<graphic mimeType="pdf" url="AM%20157%20f%20fol/22/WEB_DISPLAY"/>
		</surface>
		<surface xml:id="AM02-0157f-0011v" n="23">
			<desc>0011v</desc>
			<graphic mimeType="pdf" url="AM%20157%20f%20fol/23/HIGH_QUALITY_DISPLAY"/>
			<graphic mimeType="jpg" url="AM%20157%20f%20fol/23/THUMBNAIL" width="192px" height="300px"/>
			<graphic mimeType="jpg" url="AM%20157%20f%20fol/23/SECONDARY_DISPLAY" width="1955px" height="3048px"/>
			<graphic mimeType="pdf" url="AM%20157%20f%20fol/23/WEB_DISPLAY"/>
		</surface>
		<surface xml:id="AM02-0157f-0012r" n="24">
			<desc>0012r</desc>
			<graphic mimeType="pdf" url="AM%20157%20f%20fol/24/HIGH_QUALITY_DISPLAY"/>
			<graphic mimeType="jpg" url="AM%20157%20f%20fol/24/THUMBNAIL" width="192px" height="300px"/>
			<graphic mimeType="jpg" url="AM%20157%20f%20fol/24/SECONDARY_DISPLAY" width="1955px" height="3048px"/>
			<graphic mimeType="pdf" url="AM%20157%20f%20fol/24/WEB_DISPLAY"/>
		</surface>
		<surface xml:id="AM02-0157f-0012v" n="25">
			<desc>0012v</desc>
			<graphic mimeType="pdf" url="AM%20157%20f%20fol/25/HIGH_QUALITY_DISPLAY"/>
			<graphic mimeType="jpg" url="AM%20157%20f%20fol/25/THUMBNAIL" width="192px" height="300px"/>
			<graphic mimeType="jpg" url="AM%20157%20f%20fol/25/SECONDARY_DISPLAY" width="1955px" height="3048px"/>
			<graphic mimeType="pdf" url="AM%20157%20f%20fol/25/WEB_DISPLAY"/>
		</surface>
		<surface xml:id="AM02-0157f-9999r-RB" n="26">
			<desc>9999r-RB</desc>
			<graphic mimeType="pdf" url="AM%20157%20f%20fol/26/HIGH_QUALITY_DISPLAY"/>
			<graphic mimeType="jpg" url="AM%20157%20f%20fol/26/THUMBNAIL" width="192px" height="300px"/>
			<graphic mimeType="jpg" url="AM%20157%20f%20fol/26/SECONDARY_DISPLAY" width="1955px" height="3048px"/>
			<graphic mimeType="pdf" url="AM%20157%20f%20fol/26/WEB_DISPLAY"/>
		</surface>
		<surface xml:id="AM02-0157f-9999v-RB" n="27">
			<desc>9999v-RB</desc>
			<graphic mimeType="pdf" url="AM%20157%20f%20fol/27/HIGH_QUALITY_DISPLAY"/>
			<graphic mimeType="jpg" url="AM%20157%20f%20fol/27/THUMBNAIL" width="200px" height="299px"/>
			<graphic mimeType="jpg" url="AM%20157%20f%20fol/27/SECONDARY_DISPLAY" width="2040px" height="3048px"/>
			<graphic mimeType="pdf" url="AM%20157%20f%20fol/27/WEB_DISPLAY"/>
		</surface>
		<surface xml:id="AM02-0157f-ccp" n="28">
			<desc>ccp</desc>
			<graphic mimeType="pdf" url="AM%20157%20f%20fol/28/HIGH_QUALITY_DISPLAY"/>
			<graphic mimeType="jpg" url="AM%20157%20f%20fol/28/THUMBNAIL" width="197px" height="300px"/>
			<graphic mimeType="jpg" url="AM%20157%20f%20fol/28/SECONDARY_DISPLAY" width="1384px" height="2104px"/>
			<graphic mimeType="pdf" url="AM%20157%20f%20fol/28/WEB_DISPLAY"/>
		</surface>
	</facsimile>
	<text>
      <body>
         
         <p/>
      </body>
   </text>
</TEI>