<?xml version="1.0" encoding="UTF-8"?>
<?oxygen RNGSchema="http://www.handrit.is/schema/handrit-1.0.rnc" type="compact"?>
<TEI xmlns="http://www.tei-c.org/ns/1.0">
   <teiHeader>
      <fileDesc>
    
         <titleStmt> 
      
            <title>Handritaskrá Árnastofnunar</title> 
  
         </titleStmt> 
    
         <publicationStmt>
            <p>Tilraunaútgáfa</p>
         </publicationStmt> 
    
         <sourceDesc>
            <msDesc xml:lang="is" xml:id="AM02-0162B-zeta-is">

               <msIdentifier n="KK199">

                  <country>Ísland</country>

                  <settlement>Reykjavík</settlement>

                  <repository>Stofnun Árna Magnússonar</repository>

                  <idno>AM 162 B zeta fol.</idno>

               </msIdentifier>


               <head>

                  <title type="uniform">Njáls saga</title>

                  <origDate notBefore="1315" notAfter="1335" evidence="external">c1325</origDate>


                  <note>Í safni brota úr tíu handritum.</note>

               </head>


               <msContents>
                  <textLang mainLang="is">Íslenska</textLang>

                  <msItem defective="true" class="isl">

                     <title type="uniform">Njáls saga</title>

                     <note>Fjögur brot.</note>



                     <msItem>

                        <locus from="1r" facs="#AM02-0162B-zeta-0001r" to="1v">1r-1v</locus>

                        <incipit type="def">eckı þvra at þ<expan>vı
                        </expan> at koſta</incipit>

                        <explicit type="def">
                        ſ
                        <expan>egır</expan> h<expan>on</expan> h<expan>ann</expan>
                        </explicit>

                     </msItem>


                     <msItem>

                        <locus from="2r" facs="#AM02-0162B-zeta-0002r" to="2v">2r-2v</locus>

                        <incipit type="def">þ<expan>eı
                        </expan>r l<expan>osı
                        </expan> g<expan>en</expan>gv nv ſkyndıl<expan>
                           ıga</expan>
                        </incipit>

                        <explicit type="def">en q<expan>va</expan>z vel hvg
                     </explicit>

                     </msItem>


                     <msItem>

                        <locus from="3r" facs="#AM02-0162B-zeta-0003r" to="4v">3r-4v</locus>

                        <incipit type="def">Eına not<expan>t</expan> bar ſva t<expan>
                           ıl</expan>
                        </incipit>

                        <explicit type="def">þ<expan>via</expan>t flockr min<expan>n</expan>
                        </explicit>

                     </msItem>


                     <msItem>

                        <locus from="5r" facs="#AM02-0162B-zeta-0005r" to="5v">5r-5v</locus>

                        <incipit type="def">motz v<expan>
                           ıd</expan> þa G<expan>
                           ıssurr</expan> h<expan>vıtı
                        </expan>
                        </incipit>

                        <explicit type="def">
                           <expan>ok</expan> lıðveızlv <expan>ok</expan> ſyna</explicit>
                     </msItem>

                  </msItem>

               </msContents>


               <physDesc>
                  <objectDesc form="codex">
                     <supportDesc material="perg">
                        <support>Skinn</support>
                        <extent>5 blöð (<dimensions type="leaf" scope="all">
                              <height>220</height>
                              <width>155</width>
                           </dimensions>).</extent>
                        <foliation>
                           <p/>
                        </foliation>
                        <collation>
                           <p/>
                        </collation>
                        <condition>
                           <p/>
                        </condition>
                     </supportDesc>
                     <layoutDesc>
                        <layout columns="1">
                           <p/>
                        </layout>
                     </layoutDesc>
                  </objectDesc>
                  <handDesc>
                     <p/>
                  </handDesc>
                  <decoDesc>
                     <decoNote type="secondary" subtype="rubric">
                        <p>Upprunalega munu hafa verið rauðar fyrirsagnir.</p>
                     </decoNote>

                     <decoNote type="secondary" subtype="initial">
                        <p>Upprunalega munu hafa verið upphafsstafir í lit.</p>
                     </decoNote>

                  </decoDesc>
                  <additions>
                     <p/>
                  </additions>
                  <bindingDesc>
                     <binding notBefore="1965" notAfter="1965" contemporary="false">
                        <p>Band frá nóvember 1965. Pappakápa. Blöð fest á móttök.</p>
                     </binding>
                  </bindingDesc>
                  <accMat>
                     <p/>
                  </accMat>
               </physDesc>


               <history>
                  <origin notBefore="1315" notAfter="1335">
                     <p>Blöðin eru tímasett til upphafs 14. aldar í <bibl>
                           <ref target="KKKat">Katalog I</ref>
                        </bibl>, bls. 119, en c1325 í <bibl>
                           <ref xml:id="ONPregistre" target="ONPregistre">ONPRegistre</ref>
                        </bibl>, bls. 434.</p>
                  </origin>

                  <provenance>
                     <p/>
                  </provenance>

                  <acquisition notBefore="1973-07-18" notAfter="1973-07-18">
                     <p>Stofnun Árna Magnússonar á Íslandi tók við handritinu 18. júlí 1973.</p>
                  </acquisition>

               </history>


               <additional>

                  <adminInfo>

                     <recordHist>
                        <source>
                           <p>Tekið eftir <bibl>
                                 <ref target="KKKat">Katalog I</ref>
                              </bibl>, bls. 117-21 (nr. 199). <name key="KriKaa001" type="person">Kålund</name> gekk frá handritinu til skráningar í <date when="1885-12">desember 1885</date>. <name key="HarBer001" type="person">Haraldur Bernharðsson</name> tölvuskráði í <date when="2001-02">febrúar 2001</date>.</p>
                        </source>

                     </recordHist>

                     <custodialHist>

                        <custEvent type="conservation" notBefore="1965" notAfter="1965">
                           <p>Gert við og bundið af <name key="BirDal001" type="person">Birgitte Dall</name> í nóvember 1965.</p>
                        </custEvent>
                     </custodialHist>

                  </adminInfo>


                  <surrogates>
                     <p>
                        <list>

                           <item n="1">Stafrænar myndir á www.sagnanet.is.</item>

                           <item n="2">Svart-hvítar ljósmyndir á Det Arnamagnæanske Institut í Kaupmannahöfn.</item>

                           <item n="3">Svart-hvítar ljósmyndir á Stofnun Árna Magnússonar á Íslandi.</item>

                        </list>
                     </p>
                  </surrogates>



                  <listBibl>
                     <bibl>Einar Ól. Sveinsson 1952, <ref target="EinSve1952a">Um handrit Njálssögu</ref></bibl>
                     <bibl>Einar Ól. Sveinsson 1953, <ref target="EinSve1953a">Studies in the manuscript tradition of Njálssaga</ref></bibl>
                     <bibl>Lethbridge, E. 2014, <ref target="EmiLet2014b">„Hvorki glansar gull á mér/né glæstir stafir í línum“.</ref></bibl>
                     <bibl>Zeevaert, L. 2018, <ref target="LudZee2018a">Eine deutsche zusammefassung von Njáls saga im manuskript Rostock Mss. philol. 78/2</ref></bibl>
                  </listBibl>

                  <!-- &#218;r heildarf&#230;rslu (sem var eytt &#254;egar hvert brot (<msPart>) var sett &#237; s&#233;r skjal 22. n&#243;vember 2001 - DK&#222;)<accMat>
      <p>
      <name type="person" key="ArnMag001">&#193;rni
      Magn&#250;sson</name>

      segir &#237; handritaskr&#225; bl. 78v (&#250;tg. bls. 28) og
      g&#230;ti &#225;tt vi&#240;&#160;&#254;etta: 
      <q>Ur Nials S&#246;gu fragment lited. 4to</q>
      </p>
    </accMat>

    <listBibl>
      <bibl>
        <ref target="Njal1809">Nials-Saga, Havni&#230; 1809</ref>

        <note>Latnesk &#254;&#253;&#240;ing. &#222;ar eru
        &#254;essi brot ranglega talin til 
        <msIdentifier>AM 309 4to</msIdentifier>

        og nefnd me&#240; eftirfarandi h&#230;tti: &#177; = b,
        &#8805; = e, &#8804; og &#165; = c, &amp;epsi; = f, &#8706;
        = i, &#8721; og &#8747; = d, &amp;thetas; = g, &#960; = h.
        &#205;&#160;&#254;essari &#250;tg&#225;fu eru enn fremur myndir
        af &#8804;, &#165;, &#8706; og &amp;thetas;.</note>
      </bibl>

      <bibl>
      <ref target="IslSog3">Nj&#225;la I, Kbh. 1875</ref>

      , bls. VII-X</bibl>

      <bibl>
      <ref target="">Germania XXIV</ref>

      , bls. 101</bibl>
    </listBibl> -->

    
            </additional>

            </msDesc>
         </sourceDesc>
  
      </fileDesc>
      <profileDesc> 
    
          
     
    
      </profileDesc>
   </teiHeader>
	<facsimile xml:base="https://myndir.handrit.is/file/Handrit.is/">
		<surface xml:id="AM02-0162B-zeta-0001r" n="0">
			<desc>0001r</desc>
			<graphic mimeType="pdf" url="AM%20162%20B%20zeta%20fol./0/HIGH_QUALITY_DISPLAY"/>
			<graphic mimeType="jpg" url="AM%20162%20B%20zeta%20fol./0/THUMBNAIL" width="200px" height="286px"/>
			<graphic mimeType="jpg" url="AM%20162%20B%20zeta%20fol./0/SECONDARY_DISPLAY" width="3056px" height="4370px"/>
			<graphic mimeType="pdf" url="AM%20162%20B%20zeta%20fol./0/WEB_DISPLAY"/>
		</surface>
		<surface xml:id="AM02-0162B-zeta-0001v" n="1">
			<desc>0001v</desc>
			<graphic mimeType="pdf" url="AM%20162%20B%20zeta%20fol./1/HIGH_QUALITY_DISPLAY"/>
			<graphic mimeType="jpg" url="AM%20162%20B%20zeta%20fol./1/THUMBNAIL" width="200px" height="298px"/>
			<graphic mimeType="jpg" url="AM%20162%20B%20zeta%20fol./1/SECONDARY_DISPLAY" width="2856px" height="4258px"/>
			<graphic mimeType="pdf" url="AM%20162%20B%20zeta%20fol./1/WEB_DISPLAY"/>
		</surface>
		<surface xml:id="AM02-0162B-zeta-0002r" n="2">
			<desc>0002r</desc>
			<graphic mimeType="pdf" url="AM%20162%20B%20zeta%20fol./2/HIGH_QUALITY_DISPLAY"/>
			<graphic mimeType="jpg" url="AM%20162%20B%20zeta%20fol./2/THUMBNAIL" width="200px" height="280px"/>
			<graphic mimeType="jpg" url="AM%20162%20B%20zeta%20fol./2/SECONDARY_DISPLAY" width="3040px" height="4258px"/>
			<graphic mimeType="pdf" url="AM%20162%20B%20zeta%20fol./2/WEB_DISPLAY"/>
		</surface>
		<surface xml:id="AM02-0162B-zeta-0002v" n="3">
			<desc>0002v</desc>
			<graphic mimeType="pdf" url="AM%20162%20B%20zeta%20fol./3/HIGH_QUALITY_DISPLAY"/>
			<graphic mimeType="jpg" url="AM%20162%20B%20zeta%20fol./3/THUMBNAIL" width="200px" height="290px"/>
			<graphic mimeType="jpg" url="AM%20162%20B%20zeta%20fol./3/SECONDARY_DISPLAY" width="2960px" height="4290px"/>
			<graphic mimeType="pdf" url="AM%20162%20B%20zeta%20fol./3/WEB_DISPLAY"/>
		</surface>
		<surface xml:id="AM02-0162B-zeta-0003r" n="4">
			<desc>0003r</desc>
			<graphic mimeType="pdf" url="AM%20162%20B%20zeta%20fol./4/HIGH_QUALITY_DISPLAY"/>
			<graphic mimeType="jpg" url="AM%20162%20B%20zeta%20fol./4/THUMBNAIL" width="200px" height="264px"/>
			<graphic mimeType="jpg" url="AM%20162%20B%20zeta%20fol./4/SECONDARY_DISPLAY" width="3040px" height="4018px"/>
			<graphic mimeType="pdf" url="AM%20162%20B%20zeta%20fol./4/WEB_DISPLAY"/>
		</surface>
		<surface xml:id="AM02-0162B-zeta-0003v" n="5">
			<desc>0003v</desc>
			<graphic mimeType="pdf" url="AM%20162%20B%20zeta%20fol./5/HIGH_QUALITY_DISPLAY"/>
			<graphic mimeType="jpg" url="AM%20162%20B%20zeta%20fol./5/THUMBNAIL" width="200px" height="263px"/>
			<graphic mimeType="jpg" url="AM%20162%20B%20zeta%20fol./5/SECONDARY_DISPLAY" width="3064px" height="4026px"/>
			<graphic mimeType="pdf" url="AM%20162%20B%20zeta%20fol./5/WEB_DISPLAY"/>
		</surface>
		<surface xml:id="AM02-0162B-zeta-0004r" n="6">
			<desc>0004r</desc>
			<graphic mimeType="pdf" url="AM%20162%20B%20zeta%20fol./6/HIGH_QUALITY_DISPLAY"/>
			<graphic mimeType="jpg" url="AM%20162%20B%20zeta%20fol./6/THUMBNAIL" width="200px" height="250px"/>
			<graphic mimeType="jpg" url="AM%20162%20B%20zeta%20fol./6/SECONDARY_DISPLAY" width="3040px" height="3802px"/>
			<graphic mimeType="pdf" url="AM%20162%20B%20zeta%20fol./6/WEB_DISPLAY"/>
		</surface>
		<surface xml:id="AM02-0162B-zeta-0004v" n="7">
			<desc>0004v</desc>
			<graphic mimeType="pdf" url="AM%20162%20B%20zeta%20fol./7/HIGH_QUALITY_DISPLAY"/>
			<graphic mimeType="jpg" url="AM%20162%20B%20zeta%20fol./7/THUMBNAIL" width="200px" height="263px"/>
			<graphic mimeType="jpg" url="AM%20162%20B%20zeta%20fol./7/SECONDARY_DISPLAY" width="3064px" height="4026px"/>
			<graphic mimeType="pdf" url="AM%20162%20B%20zeta%20fol./7/WEB_DISPLAY"/>
		</surface>
		<surface xml:id="AM02-0162B-zeta-0005r" n="8">
			<desc>0005r</desc>
			<graphic mimeType="pdf" url="AM%20162%20B%20zeta%20fol./8/HIGH_QUALITY_DISPLAY"/>
			<graphic mimeType="jpg" url="AM%20162%20B%20zeta%20fol./8/THUMBNAIL" width="200px" height="279px"/>
			<graphic mimeType="jpg" url="AM%20162%20B%20zeta%20fol./8/SECONDARY_DISPLAY" width="2928px" height="4082px"/>
			<graphic mimeType="pdf" url="AM%20162%20B%20zeta%20fol./8/WEB_DISPLAY"/>
		</surface>
		<surface xml:id="AM02-0162B-zeta-0005v" n="9">
			<desc>0005v</desc>
			<graphic mimeType="pdf" url="AM%20162%20B%20zeta%20fol./9/HIGH_QUALITY_DISPLAY"/>
			<graphic mimeType="jpg" url="AM%20162%20B%20zeta%20fol./9/THUMBNAIL" width="200px" height="282px"/>
			<graphic mimeType="jpg" url="AM%20162%20B%20zeta%20fol./9/SECONDARY_DISPLAY" width="2952px" height="4162px"/>
			<graphic mimeType="pdf" url="AM%20162%20B%20zeta%20fol./9/WEB_DISPLAY"/>
		</surface>
		<surface xml:id="AM02-0162B-zeta-addMat01r" n="10">
			<desc>addMat01r</desc>
			<graphic mimeType="pdf" url="AM%20162%20B%20zeta%20fol./10/HIGH_QUALITY_DISPLAY"/>
			<graphic mimeType="jpg" url="AM%20162%20B%20zeta%20fol./10/THUMBNAIL" width="200px" height="245px"/>
			<graphic mimeType="jpg" url="AM%20162%20B%20zeta%20fol./10/SECONDARY_DISPLAY" width="5040px" height="6171px"/>
			<graphic mimeType="pdf" url="AM%20162%20B%20zeta%20fol./10/WEB_DISPLAY"/>
		</surface>
		<surface xml:id="AM02-0162B-zeta-addMat01v" n="11">
			<desc>addMat01v</desc>
			<graphic mimeType="pdf" url="AM%20162%20B%20zeta%20fol./11/HIGH_QUALITY_DISPLAY"/>
			<graphic mimeType="jpg" url="AM%20162%20B%20zeta%20fol./11/THUMBNAIL" width="200px" height="247px"/>
			<graphic mimeType="jpg" url="AM%20162%20B%20zeta%20fol./11/SECONDARY_DISPLAY" width="5008px" height="6179px"/>
			<graphic mimeType="pdf" url="AM%20162%20B%20zeta%20fol./11/WEB_DISPLAY"/>
		</surface>
		<surface xml:id="AM02-0162B-zeta-addMat02r" n="12">
			<desc>addMat02r</desc>
			<graphic mimeType="pdf" url="AM%20162%20B%20zeta%20fol./12/HIGH_QUALITY_DISPLAY"/>
			<graphic mimeType="jpg" url="AM%20162%20B%20zeta%20fol./12/THUMBNAIL" width="200px" height="247px"/>
			<graphic mimeType="jpg" url="AM%20162%20B%20zeta%20fol./12/SECONDARY_DISPLAY" width="5096px" height="6299px"/>
			<graphic mimeType="pdf" url="AM%20162%20B%20zeta%20fol./12/WEB_DISPLAY"/>
		</surface>
		<surface xml:id="AM02-0162B-zeta-addMat02v" n="13">
			<desc>addMat02v</desc>
			<graphic mimeType="pdf" url="AM%20162%20B%20zeta%20fol./13/HIGH_QUALITY_DISPLAY"/>
			<graphic mimeType="jpg" url="AM%20162%20B%20zeta%20fol./13/THUMBNAIL" width="200px" height="245px"/>
			<graphic mimeType="jpg" url="AM%20162%20B%20zeta%20fol./13/SECONDARY_DISPLAY" width="5064px" height="6195px"/>
			<graphic mimeType="pdf" url="AM%20162%20B%20zeta%20fol./13/WEB_DISPLAY"/>
		</surface>
		<surface xml:id="AM02-0162B-zeta-ccp" n="14">
			<desc>ccp</desc>
			<graphic mimeType="pdf" url="AM%20162%20B%20zeta%20fol./14/HIGH_QUALITY_DISPLAY"/>
			<graphic mimeType="jpg" url="AM%20162%20B%20zeta%20fol./14/THUMBNAIL" width="200px" height="271px"/>
			<graphic mimeType="jpg" url="AM%20162%20B%20zeta%20fol./14/SECONDARY_DISPLAY" width="4008px" height="5435px"/>
			<graphic mimeType="pdf" url="AM%20162%20B%20zeta%20fol./14/WEB_DISPLAY"/>
		</surface>
	</facsimile>
	<text>
  
      <body>
         
         <p/>
      </body> 
 
   </text> 

</TEI>