<?xml version="1.0" encoding="UTF-8"?>
<?oxygen RNGSchema="http://www.handrit.is/schema/handrit-1.0.rnc" type="compact"?><TEI xmlns="http://www.tei-c.org/ns/1.0">
    <teiHeader>
        <fileDesc>
            <titleStmt>
                <title type="main">AM 58 fol.</title>
            </titleStmt>
            <publicationStmt>
                <authority>Den Arnamagnæanske Samling</authority>
                <pubPlace>København</pubPlace>
            </publicationStmt>
            <sourceDesc>
                <msDesc xml:id="AM02-0058-en" xml:lang="en">
                    <msIdentifier>
                        <country>Denmark</country>
                        <settlement>København</settlement>
                        <repository>Den Arnamagnæanske Samling</repository>
                        <idno>AM 58 fol.</idno>
                        <altIdentifier type="internal" subtype="KKKat">
                            <idno>72</idno>
                        </altIdentifier>
                    </msIdentifier>
               <head>
                  <title>Ólaf saga Tryggvasonar, vol. I</title>
                  <origPlace>Norway/Denmark?</origPlace>
                  <origDate notBefore="1685" notAfter="1700">s. XVII ex</origDate>
                  <note>Vol II: <ref>AM 59 fol</ref>, vol III: <ref>AM 60 fol</ref>.</note>
               </head>
                    <msContents>
                  <textLang mainLang="is">Icelandic</textLang>
                    </msContents>
                    <physDesc>
                        <objectDesc form="codex">
                            <supportDesc material="chart">
                                <support>
                           <p>
                              <material>Paper.</material>
                           </p>
                        </support>
                                <extent>189. 
                                    <dimensions type="leaf" scope="all">
                              <height>312</height>
                              <width>205</width>
                           </dimensions>
                        </extent>
                                <foliation>
                           <p>Contemporary pagination (1-392).</p>
                           <p>Foliation (1-188) by <name type="person" key="KriKaa001">Kristian Kålund</name> in red ink.</p>
                        </foliation>
                            </supportDesc>
                        </objectDesc>
                        <handDesc hands="1">
                            <handNote scope="sole" script="unknown" scribe="AsgJon001">Written by Ásgeir Jónsson.</handNote>
                        </handDesc>
                    </physDesc>
                </msDesc>
            </sourceDesc>
        </fileDesc>
    </teiHeader>
    <facsimile>
        <surface/>
    </facsimile>
</TEI>