<?xml version="1.0" encoding="UTF-8"?>
<?oxygen RNGSchema="http://www.handrit.is/schema/handrit-1.0.rnc" type="compact"?><TEI xmlns="http://www.tei-c.org/ns/1.0">
   <teiHeader>
      <fileDesc>
         <titleStmt>
            <title type="main">AM 20 k fol.</title>
         </titleStmt>
         <publicationStmt>
            <authority>Den Arnamagnæanske Samling</authority>
            <pubPlace>København</pubPlace>
         </publicationStmt>
         <sourceDesc>
            <msDesc xml:id="AM02-0020-k-da" xml:lang="da">
               <msIdentifier>
                  <country>Danmark</country>
                  <settlement>København</settlement>
                  <repository>Den Arnamagnæanske Samling</repository>
                  <idno>AM 20 k fol.</idno>
                  <altIdentifier type="internal" subtype="KKKat">
                     <idno>37</idno>
                  </altIdentifier>
               </msIdentifier>
               <head>
                  <title type="uniform" xml:lang="is">Knýtlinga saga</title>; <title type="uniform" xml:lang="la">Historia
                     Cnutidarum Regum Daniae</title>; <origPlace>København, Danmark</origPlace>, <origDate notBefore="1740" notAfter="1760">ca.1750</origDate>. <note> </note>
               </head>
               <msContents>
                  <msItem n="1">
                     <title type="uniform" xml:lang="is">Knýtlinga saga</title>
                     <title type="supplied" xml:lang="la">Historia Cnutidarum Regum Daniae</title>
                     <textLang mainLang="is" otherLangs="la">Islandsk og latin
                        (oversættelse)</textLang>
                     <rubric>Æfi Dana-Konunga <lb/> Eda <lb/> Knytlinga Saga</rubric>
                     <note>
                        <p>Trykt, men aldrig publiceret.</p>
                        <p>Det meste af oplaget af denne trykte version endte sine dage på
                           bogtrykkerens loft, fortæret af rotter og mus, inden udgaven nogensinde
                           blev publiceret og sandsynligvis indbundet. Formodentlig manglede der et
                           forord. <ref type="ms" target="AM02-393-da">AM 393 fol.</ref> er et andet
                           eksemplar, et tredje findes på <name type="org" key="KB">Det Kongelige
                              Bibliotek</name>, et fjerde vist nok i Oslo.</p>
                        <p>Muligvis har <name type="person" key="ArnMag001">Arne Magnusson</name>
                           selv oversat sagaen til latin, <name type="person" key="JonOla012">Jón
                              Ólafsson</name> og sandsynligvis hans broder <name type="person" key="ErlOla001">Erlendur</name> har så siden redigeret teksten til
                           udgivelsen.</p>
                     </note>
                  </msItem>
               </msContents>
               <physDesc>
                  <objectDesc form="codex">
                     <supportDesc material="chart">
                        <support>
                           <p>
                              <material>Papir</material>.</p>
                        </support>
                        <extent>268 (s. 269 håndskrevet) <dimensions type="leaf" scope="all" unit="mm">
                              <height>332</height>
                              <width>220</width>
                           </dimensions>.</extent>
                     </supportDesc>
                  </objectDesc>
                  <handDesc hands="2">
                     <handNote scope="minor" script="unknown">
                        <p>Den sidste side på latin er håndskrevet</p>
                        <p>
                           <name type="person" key="KriKaa001">Kålund</name> (<bibl>
                              <ref type="secondary-1" target="KKKat">Katalog</ref>
                              <biblScope type="volume">I</biblScope>
                              <biblScope type="pages">18</biblScope>
                           </bibl>) tilskriver den sidste håndskrevne side (s. 269) <name type="person" key="JonOla012">Jón Ólafsson fra Grunnavík</name>, men
                           det er nærmere hans bror <name type="person" key="ErlOla001">Erlendur
                              Ólafsson</name> der er skriveren.</p>
                     </handNote>
                  </handDesc>
                  <additions>
                     <p>Eksemplaret er forsynet med hist og her tilskrevne randnoter.</p>
                  </additions>
                  <bindingDesc>
                     <binding>
                        <p>Halvbind med ryg og hjørner af marmoreret skind, sandsynligvis fra <date notBefore="1775" notAfter="1799">sidst i 1700-tallet</date>. Overtræk
                           af mat bakkemarmor. Bindstørrelse: <dimensions type="binding" unit="mm">
                              <height>336</height>
                              <width>225</width>
                              <depth>22</depth>
                           </dimensions>
                        </p>
                        <p>Syv liniestykker deler ryggen op i 6 felter, titlen har været trykt i
                           felt 2 fra oven. Nederste felt bærer Universitetsbibliotekets initialer:
                           B.U.H.</p>
                        <p>Formodentlig er dette det første bind; sandsynligvis er indbindingen sket, idet
                           bogen optages i samlingen. På s. 47-48 kan man se, at siderne er skåret til efter at randnoterne
                           blev skrevet.</p>
                     </binding>
                  </bindingDesc>
               </physDesc>
            </msDesc>
         </sourceDesc>
      </fileDesc>
      <revisionDesc>
         <change when="2018-10-03" who="KatKap001">Opdateret "uniform title" i "Knýtlinga saga".</change>
      </revisionDesc>
   </teiHeader>
   <facsimile>
      <surface/>
   </facsimile>
</TEI>