<?xml version="1.0" encoding="UTF-8"?>
<?oxygen RNGSchema="http://www.handrit.is/schema/handrit-1.0.rnc" type="compact"?>
<TEI xmlns="http://www.tei-c.org/ns/1.0">
   <teiHeader>
      <fileDesc>
         <titleStmt>
            <title>Handritaskrá Árnastofnunar</title>
         </titleStmt>
         <publicationStmt>
            <p>Tilraunaútgáfa</p>
         </publicationStmt>
         <sourceDesc>
            <msDesc xml:lang="is" xml:id="AM02-0157d-is">
               <msIdentifier>
                  <country key="IS">Ísland</country>
                  <settlement>Reykjavík</settlement>
                  <institution>Stofnun Árna Magnússonar í íslenskum fræðum</institution>
                  <repository>Handritasvið</repository>
                  <collection>Safn Árna Magnússonar</collection>
                  <idno>AM 157 d fol.</idno>
                  <altIdentifier type="internal" subtype="KKKat">
                     <idno>189</idno>
                  </altIdentifier>
               </msIdentifier>
            
               <!-- Not: 
               Króka-Refs saga og Króka-Refs rímur, Kbh. 1883, s. VIII.
               Marold, Edidt. Uberlegungen (u með tveimur deplum) zum Problem der Emendationen am Beispiel der Verse von Björn Hítdælakappi. Skandinavistik. 2002; 32 (1): 39-56. 
               Widding, Ole. Haandskriftanalyser. Opuscula. 1961; 2 (Bibliotheca Arnamagnæana; 25) (1): 65-75-->
               <msContents>
               	<textLang mainLang="is">Íslenska</textLang>
                  <msItem defective="false" class="isl">
                     <locus from="1r" facs="#AM02-0157d-0001r" to="18v">1r-18v</locus>
                     <title type="uniform">Króka-Refs saga</title>
                  
                     <rubric>Sagan af Króka-Ref</rubric>
                     <incipit>Á dögum Hákonar kóngs Aðalsteinsfóstra …</incipit>
                     <explicit>… og er margt göfugra manna frá honum komið.</explicit>
                     <finalRubric>Og lúkum vér þar sögu
                        Króka-Refs.</finalRubric>
                  </msItem>
               </msContents>
               <physDesc>
                  <objectDesc form="codex">
                     <supportDesc material="chart">
                        <support>Pappír.</support>
                        <extent>18 blöð (<dimensions type="leaf" unit="mm" scope="all">
                              <height>312</height>
                              <width>202</width>
                           </dimensions>).</extent>

                        <foliation>
                           <p>
                              <list>
                                 <item>Upprunaleg blaðsíðumerking, 1-36.</item>
                                 <item>Síðari tíma blaðmerking með rauðu bleki, 1r-18v.</item>
                              </list>
                           </p>
                        </foliation>

                        <collation>
                           <p>Tvö kver.<list>
                                 <item n="1">Kver I: blöð 1-10, 5 tvinn.</item>
                                 <item n="2">Kver II: blöð 11-18, 4 tvinn.</item>
                              </list>
                           </p>
                        </collation>
                     </supportDesc>

                     <layoutDesc>
                        <layout columns="1" writtenLines="32 33">
                           <p>
                              <list>
                                 <item>Eindálka.</item>
                                 <item>Leturflötur er ca <dimensions type="leaf" unit="mm">
                                       <height>265</height>
                                       <width>145</width>
                                    </dimensions>.
                                 </item>
                                 <item>Línufjöldi er ca 32-33.</item>
                                 <item>Markað hefur verið fyrir innri og ytri spássíu blaða.</item>
                                 <item>Vísuorð eru sér um línu (sbr. t.d. <locus from="5v" facs="#AM02-0157d-0005v" to="5v">5v</locus> og <locus from="13r" facs="#AM02-0157d-0013r" to="13r">13r</locus>).</item>
                                 <item>
                                    <catchwords>Griporð er á blaði <locus from="10v" facs="#AM02-0157d-0010v" to="10v">10v</locus>.</catchwords>
                                 </item>
                              </list>
                           </p>
                        </layout>
                     </layoutDesc>


                  </objectDesc>
                  <handDesc hands="1">
                     <handNote scribe="AsgJon001" script="kanzlei" scope="sole">
                        <list>
                           <item>Með hendi <name type="person" key="AsgJon001">Ásgeirs
                              Jónssonar</name>; kansellískrift.</item>
                        </list>
                     </handNote>
                  </handDesc>

                  <decoDesc>
                     <decoNote type="initial" subtype="flourished"><list><item>Skreyttur upphafsstafur í
                        fyrirsögn og í upphafi texta á blaði <locus from="1r" facs="#AM02-0157d-0001r" to="1r">1r</locus>.</item></list></decoNote>
                     <decoNote type="frieze" subtype="tailpiece"><list><item>Bókahnútur í lok sögu (sjá blað
                        <locus from="18v" facs="#AM02-0157d-0018v" to="18v">18v</locus>).</item></list></decoNote>
                  </decoDesc>

                  <bindingDesc>
                     <binding notBefore="1772" notAfter="1780" contemporary="false">
                        <p>Pappaband (<dimensions type="binding">
                              <height>319</height>
                              <width>209</width>
                              <depth>8</depth>
                           </dimensions>) frá 1772-1780.</p>
                        <p>
                           Innanverð spjaldblöð eru klædd blöðum úr prentaðri bók.
                      </p>
                     </binding>
                  </bindingDesc>

               </physDesc>
               <history>
                  <origin notBefore="1690" notAfter="1697">
                  	<p> Handritið var skrifað í <origPlace key="NO">Noregi
                  		(Stangarlandi)</origPlace> og er tímasett frá <origDate notBefore="1690" notAfter="1697">ársbyrjun 1690 til vors
                  			1697</origDate> í umfjöllun <name type="person">Más Jónssonar</name>
                  		um skrifarann Ásgeir Jónsson (sbr. <ref>
                  			<bibl>Már Jónsson 2009: 282-297</bibl>
                  		</ref>). Það er tímasett til um 1700 í <bibl>
                           <ref target="KKKat">Katalog I</ref>
                        </bibl>, bls. 109, en virkt skriftartímabil skrifara var ca 1686-1707. </p>
                     <p>Það er uppskrift eftir pappírshandriti í Konungsbókhlöðu, <q>sem er
                           eins og Güldenlews</q> (sbr. <ref target="AM04-0435b" type="ms">AM 435 b
                           4to</ref>, blað 7r) og það var áður hluti af stærri bók sem innihélt einnig <ref target="AM02-0149" type="ms">AM 149 fol.</ref>, <ref target="AM02-0157g" type="ms">AM 157 g
                           fol.</ref>, <ref target="AM02-0157a" type="ms">AM 157 a fol.</ref>, <ref target="AM02-0154" type="ms">AM 154 fol.</ref>, <ref target="AM02-0157c" type="ms">AM 157 c fol.</ref>, <ref target="AM02-0140" type="ms">AM 140
                           fol.</ref>, <ref target="AM02-0157e" type="ms">AM 157 e fol.</ref>, <ref target="AM02-0164k" type="ms">AM 164 k fol.</ref>, <ref target="AM02-0150" type="ms">AM 150 fol.</ref> og <ref target="AM04-0770a" type="ms">AM 770 a 4to</ref> (sbr. <ref target="AM04-0435b" type="ms">AM 435 b 4to</ref>, blöð 6v-7r).</p>
                  </origin>

                  <provenance>
                     <p>Bókin sem handritið tilheyrði var nr. XIV fol. í safni <name key="ThoTor001" type="person">Þormóðs Torfasonar</name>. <name key="ArnMag001" type="person">Árni Magnússon</name> fékk hana frá ekkju Þormóðs árið
                           <date when="1720">1720</date> og tók í sundur (sbr. <ref target="AM04-0435b" type="ms">AM 435 b 4to</ref>, blöð 6v-7r).</p>
                  </provenance>

                  <acquisition when="1974-04-02">
                     <p>Stofnun Árna Magnússonar á Íslandi tók við handritinu 2. apríl 1974.</p>
                  </acquisition>
               </history>
               <additional>
                  <adminInfo>
                     <recordHist>

                        <source>
                        	<p><name key="KriKaa001" type="person">Kålund</name> gekk frá
                        		handritinu til skráningar <date when="1885-12-03">3. desember
                        			1885</date>,
                        		<bibl>
                        			<ref target="KKKat">Katalog I; </ref>
                        		</bibl>bls. 109 (nr. 189),
                                    <name key="DriThr001" type="person">DKÞ</name> grunnskráði <date when="2001-09-28">28. september 2001</date>,
                        		<name type="person" key="ValHil001">VH</name> skráði handritið
                        		samkvæmt TEIP5 reglum <date when="2008-12-02"> 2. desember
                        			2008</date>; lagfærði í <date when="2010-11">nóvember 2010</date>.
                           </p>
                        </source>

                     </recordHist>
                     <custodialHist>
                        <custEvent type="conservation" notBefore="1772" notAfter="1780">
                           <p>Bundið af <name key="MatBlo001" type="person">Matthiasi Larsen
                              Bloch</name> á árunum 1772-1780.</p>
                        </custEvent>
                     </custodialHist>
                  </adminInfo>
                  <surrogates>
                     <p>
                        <list>
                           <item>Stafrænar myndir á www.sagnanet.is.</item>
                           <item>Svart-hvítar ljósmyndir á Det Arnamagnæanske Institut í
                              Kaupmannahöfn.</item>
                        </list>
                     </p>
                  </surrogates>
                  <listBibl>
                  	<bibl>Már Jónsson 2009, <ref target="MárJón2009">Skrifarinn Ásgeir Jónsson frá Gullberaströnd í Lundarreykjadal</ref></bibl>
                  </listBibl>
               </additional>
            </msDesc>
         </sourceDesc>
      </fileDesc>
      <revisionDesc>
         <change when="2008-10" who="#EriHas01">Migrated from MASTER to P5</change>
      </revisionDesc>
   </teiHeader>
	<facsimile xml:base="https://myndir.handrit.is/file/Handrit.is/">
		<surface xml:id="AM02-0157d-0000r-FB" n="0">
			<desc>0000r-FB</desc>
			<graphic mimeType="pdf" url="AM%20157%20d%20fol/0/HIGH_QUALITY_DISPLAY"/>
			<graphic mimeType="jpg" url="AM%20157%20d%20fol/0/THUMBNAIL" width="200px" height="293px"/>
			<graphic mimeType="jpg" url="AM%20157%20d%20fol/0/SECONDARY_DISPLAY" width="2112px" height="3096px"/>
			<graphic mimeType="pdf" url="AM%20157%20d%20fol/0/WEB_DISPLAY"/>
		</surface>
		<surface xml:id="AM02-0157d-0000v-FB" n="1">
			<desc>0000v-FB</desc>
			<graphic mimeType="pdf" url="AM%20157%20d%20fol/1/HIGH_QUALITY_DISPLAY"/>
			<graphic mimeType="jpg" url="AM%20157%20d%20fol/1/THUMBNAIL" width="199px" height="300px"/>
			<graphic mimeType="jpg" url="AM%20157%20d%20fol/1/SECONDARY_DISPLAY" width="2055px" height="3096px"/>
			<graphic mimeType="pdf" url="AM%20157%20d%20fol/1/WEB_DISPLAY"/>
		</surface>
		<surface xml:id="AM02-0157d-0001r" n="2">
			<desc>0001r</desc>
			<graphic mimeType="pdf" url="AM%20157%20d%20fol/2/HIGH_QUALITY_DISPLAY"/>
			<graphic mimeType="jpg" url="AM%20157%20d%20fol/2/THUMBNAIL" width="199px" height="300px"/>
			<graphic mimeType="jpg" url="AM%20157%20d%20fol/2/SECONDARY_DISPLAY" width="2055px" height="3096px"/>
			<graphic mimeType="pdf" url="AM%20157%20d%20fol/2/WEB_DISPLAY"/>
		</surface>
		<surface xml:id="AM02-0157d-0001v" n="3">
			<desc>0001v</desc>
			<graphic mimeType="pdf" url="AM%20157%20d%20fol/3/HIGH_QUALITY_DISPLAY"/>
			<graphic mimeType="jpg" url="AM%20157%20d%20fol/3/THUMBNAIL" width="195px" height="300px"/>
			<graphic mimeType="jpg" url="AM%20157%20d%20fol/3/SECONDARY_DISPLAY" width="2011px" height="3096px"/>
			<graphic mimeType="pdf" url="AM%20157%20d%20fol/3/WEB_DISPLAY"/>
		</surface>
		<surface xml:id="AM02-0157d-0002r" n="4">
			<desc>0002r</desc>
			<graphic mimeType="pdf" url="AM%20157%20d%20fol/4/HIGH_QUALITY_DISPLAY"/>
			<graphic mimeType="jpg" url="AM%20157%20d%20fol/4/THUMBNAIL" width="195px" height="300px"/>
			<graphic mimeType="jpg" url="AM%20157%20d%20fol/4/SECONDARY_DISPLAY" width="2011px" height="3096px"/>
			<graphic mimeType="pdf" url="AM%20157%20d%20fol/4/WEB_DISPLAY"/>
		</surface>
		<surface xml:id="AM02-0157d-0002v" n="5">
			<desc>0002v</desc>
			<graphic mimeType="pdf" url="AM%20157%20d%20fol/5/HIGH_QUALITY_DISPLAY"/>
			<graphic mimeType="jpg" url="AM%20157%20d%20fol/5/THUMBNAIL" width="195px" height="300px"/>
			<graphic mimeType="jpg" url="AM%20157%20d%20fol/5/SECONDARY_DISPLAY" width="2011px" height="3096px"/>
			<graphic mimeType="pdf" url="AM%20157%20d%20fol/5/WEB_DISPLAY"/>
		</surface>
		<surface xml:id="AM02-0157d-0003r" n="6">
			<desc>0003r</desc>
			<graphic mimeType="pdf" url="AM%20157%20d%20fol/6/HIGH_QUALITY_DISPLAY"/>
			<graphic mimeType="jpg" url="AM%20157%20d%20fol/6/THUMBNAIL" width="195px" height="300px"/>
			<graphic mimeType="jpg" url="AM%20157%20d%20fol/6/SECONDARY_DISPLAY" width="2011px" height="3096px"/>
			<graphic mimeType="pdf" url="AM%20157%20d%20fol/6/WEB_DISPLAY"/>
		</surface>
		<surface xml:id="AM02-0157d-0003v" n="7">
			<desc>0003v</desc>
			<graphic mimeType="pdf" url="AM%20157%20d%20fol/7/HIGH_QUALITY_DISPLAY"/>
			<graphic mimeType="jpg" url="AM%20157%20d%20fol/7/THUMBNAIL" width="197px" height="300px"/>
			<graphic mimeType="jpg" url="AM%20157%20d%20fol/7/SECONDARY_DISPLAY" width="2011px" height="3056px"/>
			<graphic mimeType="pdf" url="AM%20157%20d%20fol/7/WEB_DISPLAY"/>
		</surface>
		<surface xml:id="AM02-0157d-0004r" n="8">
			<desc>0004r</desc>
			<graphic mimeType="pdf" url="AM%20157%20d%20fol/8/HIGH_QUALITY_DISPLAY"/>
			<graphic mimeType="jpg" url="AM%20157%20d%20fol/8/THUMBNAIL" width="197px" height="300px"/>
			<graphic mimeType="jpg" url="AM%20157%20d%20fol/8/SECONDARY_DISPLAY" width="2011px" height="3056px"/>
			<graphic mimeType="pdf" url="AM%20157%20d%20fol/8/WEB_DISPLAY"/>
		</surface>
		<surface xml:id="AM02-0157d-0004v" n="9">
			<desc>0004v</desc>
			<graphic mimeType="pdf" url="AM%20157%20d%20fol/9/HIGH_QUALITY_DISPLAY"/>
			<graphic mimeType="jpg" url="AM%20157%20d%20fol/9/THUMBNAIL" width="197px" height="300px"/>
			<graphic mimeType="jpg" url="AM%20157%20d%20fol/9/SECONDARY_DISPLAY" width="2011px" height="3056px"/>
			<graphic mimeType="pdf" url="AM%20157%20d%20fol/9/WEB_DISPLAY"/>
		</surface>
		<surface xml:id="AM02-0157d-0005r" n="10">
			<desc>0005r</desc>
			<graphic mimeType="pdf" url="AM%20157%20d%20fol/10/HIGH_QUALITY_DISPLAY"/>
			<graphic mimeType="jpg" url="AM%20157%20d%20fol/10/THUMBNAIL" width="197px" height="300px"/>
			<graphic mimeType="jpg" url="AM%20157%20d%20fol/10/SECONDARY_DISPLAY" width="2011px" height="3056px"/>
			<graphic mimeType="pdf" url="AM%20157%20d%20fol/10/WEB_DISPLAY"/>
		</surface>
		<surface xml:id="AM02-0157d-0005v" n="11">
			<desc>0005v</desc>
			<graphic mimeType="pdf" url="AM%20157%20d%20fol/11/HIGH_QUALITY_DISPLAY"/>
			<graphic mimeType="jpg" url="AM%20157%20d%20fol/11/THUMBNAIL" width="197px" height="300px"/>
			<graphic mimeType="jpg" url="AM%20157%20d%20fol/11/SECONDARY_DISPLAY" width="2011px" height="3056px"/>
			<graphic mimeType="pdf" url="AM%20157%20d%20fol/11/WEB_DISPLAY"/>
		</surface>
		<surface xml:id="AM02-0157d-0006r" n="12">
			<desc>0006r</desc>
			<graphic mimeType="pdf" url="AM%20157%20d%20fol/12/HIGH_QUALITY_DISPLAY"/>
			<graphic mimeType="jpg" url="AM%20157%20d%20fol/12/THUMBNAIL" width="197px" height="300px"/>
			<graphic mimeType="jpg" url="AM%20157%20d%20fol/12/SECONDARY_DISPLAY" width="2011px" height="3056px"/>
			<graphic mimeType="pdf" url="AM%20157%20d%20fol/12/WEB_DISPLAY"/>
		</surface>
		<surface xml:id="AM02-0157d-0006v" n="13">
			<desc>0006v</desc>
			<graphic mimeType="pdf" url="AM%20157%20d%20fol/13/HIGH_QUALITY_DISPLAY"/>
			<graphic mimeType="jpg" url="AM%20157%20d%20fol/13/THUMBNAIL" width="197px" height="300px"/>
			<graphic mimeType="jpg" url="AM%20157%20d%20fol/13/SECONDARY_DISPLAY" width="2011px" height="3056px"/>
			<graphic mimeType="pdf" url="AM%20157%20d%20fol/13/WEB_DISPLAY"/>
		</surface>
		<surface xml:id="AM02-0157d-0007r" n="14">
			<desc>0007r</desc>
			<graphic mimeType="pdf" url="AM%20157%20d%20fol/14/HIGH_QUALITY_DISPLAY"/>
			<graphic mimeType="jpg" url="AM%20157%20d%20fol/14/THUMBNAIL" width="197px" height="300px"/>
			<graphic mimeType="jpg" url="AM%20157%20d%20fol/14/SECONDARY_DISPLAY" width="2011px" height="3056px"/>
			<graphic mimeType="pdf" url="AM%20157%20d%20fol/14/WEB_DISPLAY"/>
		</surface>
		<surface xml:id="AM02-0157d-0007v" n="15">
			<desc>0007v</desc>
			<graphic mimeType="pdf" url="AM%20157%20d%20fol/15/HIGH_QUALITY_DISPLAY"/>
			<graphic mimeType="jpg" url="AM%20157%20d%20fol/15/THUMBNAIL" width="197px" height="300px"/>
			<graphic mimeType="jpg" url="AM%20157%20d%20fol/15/SECONDARY_DISPLAY" width="2011px" height="3056px"/>
			<graphic mimeType="pdf" url="AM%20157%20d%20fol/15/WEB_DISPLAY"/>
		</surface>
		<surface xml:id="AM02-0157d-0008r" n="16">
			<desc>0008r</desc>
			<graphic mimeType="pdf" url="AM%20157%20d%20fol/16/HIGH_QUALITY_DISPLAY"/>
			<graphic mimeType="jpg" url="AM%20157%20d%20fol/16/THUMBNAIL" width="197px" height="300px"/>
			<graphic mimeType="jpg" url="AM%20157%20d%20fol/16/SECONDARY_DISPLAY" width="2011px" height="3056px"/>
			<graphic mimeType="pdf" url="AM%20157%20d%20fol/16/WEB_DISPLAY"/>
		</surface>
		<surface xml:id="AM02-0157d-0008v" n="17">
			<desc>0008v</desc>
			<graphic mimeType="pdf" url="AM%20157%20d%20fol/17/HIGH_QUALITY_DISPLAY"/>
			<graphic mimeType="jpg" url="AM%20157%20d%20fol/17/THUMBNAIL" width="197px" height="300px"/>
			<graphic mimeType="jpg" url="AM%20157%20d%20fol/17/SECONDARY_DISPLAY" width="2011px" height="3056px"/>
			<graphic mimeType="pdf" url="AM%20157%20d%20fol/17/WEB_DISPLAY"/>
		</surface>
		<surface xml:id="AM02-0157d-0009r" n="18">
			<desc>0009r</desc>
			<graphic mimeType="pdf" url="AM%20157%20d%20fol/18/HIGH_QUALITY_DISPLAY"/>
			<graphic mimeType="jpg" url="AM%20157%20d%20fol/18/THUMBNAIL" width="197px" height="300px"/>
			<graphic mimeType="jpg" url="AM%20157%20d%20fol/18/SECONDARY_DISPLAY" width="2011px" height="3056px"/>
			<graphic mimeType="pdf" url="AM%20157%20d%20fol/18/WEB_DISPLAY"/>
		</surface>
		<surface xml:id="AM02-0157d-0009v" n="19">
			<desc>0009v</desc>
			<graphic mimeType="pdf" url="AM%20157%20d%20fol/19/HIGH_QUALITY_DISPLAY"/>
			<graphic mimeType="jpg" url="AM%20157%20d%20fol/19/THUMBNAIL" width="197px" height="300px"/>
			<graphic mimeType="jpg" url="AM%20157%20d%20fol/19/SECONDARY_DISPLAY" width="2011px" height="3056px"/>
			<graphic mimeType="pdf" url="AM%20157%20d%20fol/19/WEB_DISPLAY"/>
		</surface>
		<surface xml:id="AM02-0157d-0010r" n="20">
			<desc>0010r</desc>
			<graphic mimeType="pdf" url="AM%20157%20d%20fol/20/HIGH_QUALITY_DISPLAY"/>
			<graphic mimeType="jpg" url="AM%20157%20d%20fol/20/THUMBNAIL" width="197px" height="300px"/>
			<graphic mimeType="jpg" url="AM%20157%20d%20fol/20/SECONDARY_DISPLAY" width="2011px" height="3056px"/>
			<graphic mimeType="pdf" url="AM%20157%20d%20fol/20/WEB_DISPLAY"/>
		</surface>
		<surface xml:id="AM02-0157d-0010v" n="21">
			<desc>0010v</desc>
			<graphic mimeType="pdf" url="AM%20157%20d%20fol/21/HIGH_QUALITY_DISPLAY"/>
			<graphic mimeType="jpg" url="AM%20157%20d%20fol/21/THUMBNAIL" width="197px" height="300px"/>
			<graphic mimeType="jpg" url="AM%20157%20d%20fol/21/SECONDARY_DISPLAY" width="2011px" height="3056px"/>
			<graphic mimeType="pdf" url="AM%20157%20d%20fol/21/WEB_DISPLAY"/>
		</surface>
		<surface xml:id="AM02-0157d-0011r" n="22">
			<desc>0011r</desc>
			<graphic mimeType="pdf" url="AM%20157%20d%20fol/22/HIGH_QUALITY_DISPLAY"/>
			<graphic mimeType="jpg" url="AM%20157%20d%20fol/22/THUMBNAIL" width="197px" height="300px"/>
			<graphic mimeType="jpg" url="AM%20157%20d%20fol/22/SECONDARY_DISPLAY" width="2011px" height="3056px"/>
			<graphic mimeType="pdf" url="AM%20157%20d%20fol/22/WEB_DISPLAY"/>
		</surface>
		<surface xml:id="AM02-0157d-0011v" n="23">
			<desc>0011v</desc>
			<graphic mimeType="pdf" url="AM%20157%20d%20fol/23/HIGH_QUALITY_DISPLAY"/>
			<graphic mimeType="jpg" url="AM%20157%20d%20fol/23/THUMBNAIL" width="196px" height="300px"/>
			<graphic mimeType="jpg" url="AM%20157%20d%20fol/23/SECONDARY_DISPLAY" width="1999px" height="3056px"/>
			<graphic mimeType="pdf" url="AM%20157%20d%20fol/23/WEB_DISPLAY"/>
		</surface>
		<surface xml:id="AM02-0157d-0012r" n="24">
			<desc>0012r</desc>
			<graphic mimeType="pdf" url="AM%20157%20d%20fol/24/HIGH_QUALITY_DISPLAY"/>
			<graphic mimeType="jpg" url="AM%20157%20d%20fol/24/THUMBNAIL" width="196px" height="300px"/>
			<graphic mimeType="jpg" url="AM%20157%20d%20fol/24/SECONDARY_DISPLAY" width="1999px" height="3056px"/>
			<graphic mimeType="pdf" url="AM%20157%20d%20fol/24/WEB_DISPLAY"/>
		</surface>
		<surface xml:id="AM02-0157d-0012v" n="25">
			<desc>0012v</desc>
			<graphic mimeType="pdf" url="AM%20157%20d%20fol/25/HIGH_QUALITY_DISPLAY"/>
			<graphic mimeType="jpg" url="AM%20157%20d%20fol/25/THUMBNAIL" width="196px" height="300px"/>
			<graphic mimeType="jpg" url="AM%20157%20d%20fol/25/SECONDARY_DISPLAY" width="1999px" height="3056px"/>
			<graphic mimeType="pdf" url="AM%20157%20d%20fol/25/WEB_DISPLAY"/>
		</surface>
		<surface xml:id="AM02-0157d-0013r" n="26">
			<desc>0013r</desc>
			<graphic mimeType="pdf" url="AM%20157%20d%20fol/26/HIGH_QUALITY_DISPLAY"/>
			<graphic mimeType="jpg" url="AM%20157%20d%20fol/26/THUMBNAIL" width="196px" height="300px"/>
			<graphic mimeType="jpg" url="AM%20157%20d%20fol/26/SECONDARY_DISPLAY" width="1999px" height="3056px"/>
			<graphic mimeType="pdf" url="AM%20157%20d%20fol/26/WEB_DISPLAY"/>
		</surface>
		<surface xml:id="AM02-0157d-0013v" n="27">
			<desc>0013v</desc>
			<graphic mimeType="pdf" url="AM%20157%20d%20fol/27/HIGH_QUALITY_DISPLAY"/>
			<graphic mimeType="jpg" url="AM%20157%20d%20fol/27/THUMBNAIL" width="196px" height="300px"/>
			<graphic mimeType="jpg" url="AM%20157%20d%20fol/27/SECONDARY_DISPLAY" width="1999px" height="3056px"/>
			<graphic mimeType="pdf" url="AM%20157%20d%20fol/27/WEB_DISPLAY"/>
		</surface>
		<surface xml:id="AM02-0157d-0014r" n="28">
			<desc>0014r</desc>
			<graphic mimeType="pdf" url="AM%20157%20d%20fol/28/HIGH_QUALITY_DISPLAY"/>
			<graphic mimeType="jpg" url="AM%20157%20d%20fol/28/THUMBNAIL" width="196px" height="300px"/>
			<graphic mimeType="jpg" url="AM%20157%20d%20fol/28/SECONDARY_DISPLAY" width="1999px" height="3056px"/>
			<graphic mimeType="pdf" url="AM%20157%20d%20fol/28/WEB_DISPLAY"/>
		</surface>
		<surface xml:id="AM02-0157d-0014v" n="29">
			<desc>0014v</desc>
			<graphic mimeType="pdf" url="AM%20157%20d%20fol/29/HIGH_QUALITY_DISPLAY"/>
			<graphic mimeType="jpg" url="AM%20157%20d%20fol/29/THUMBNAIL" width="196px" height="300px"/>
			<graphic mimeType="jpg" url="AM%20157%20d%20fol/29/SECONDARY_DISPLAY" width="1999px" height="3056px"/>
			<graphic mimeType="pdf" url="AM%20157%20d%20fol/29/WEB_DISPLAY"/>
		</surface>
		<surface xml:id="AM02-0157d-0015r" n="30">
			<desc>0015r</desc>
			<graphic mimeType="pdf" url="AM%20157%20d%20fol/30/HIGH_QUALITY_DISPLAY"/>
			<graphic mimeType="jpg" url="AM%20157%20d%20fol/30/THUMBNAIL" width="196px" height="300px"/>
			<graphic mimeType="jpg" url="AM%20157%20d%20fol/30/SECONDARY_DISPLAY" width="1999px" height="3056px"/>
			<graphic mimeType="pdf" url="AM%20157%20d%20fol/30/WEB_DISPLAY"/>
		</surface>
		<surface xml:id="AM02-0157d-0015v" n="31">
			<desc>0015v</desc>
			<graphic mimeType="pdf" url="AM%20157%20d%20fol/31/HIGH_QUALITY_DISPLAY"/>
			<graphic mimeType="jpg" url="AM%20157%20d%20fol/31/THUMBNAIL" width="196px" height="300px"/>
			<graphic mimeType="jpg" url="AM%20157%20d%20fol/31/SECONDARY_DISPLAY" width="1999px" height="3056px"/>
			<graphic mimeType="pdf" url="AM%20157%20d%20fol/31/WEB_DISPLAY"/>
		</surface>
		<surface xml:id="AM02-0157d-0016r" n="32">
			<desc>0016r</desc>
			<graphic mimeType="pdf" url="AM%20157%20d%20fol/32/HIGH_QUALITY_DISPLAY"/>
			<graphic mimeType="jpg" url="AM%20157%20d%20fol/32/THUMBNAIL" width="196px" height="300px"/>
			<graphic mimeType="jpg" url="AM%20157%20d%20fol/32/SECONDARY_DISPLAY" width="1999px" height="3056px"/>
			<graphic mimeType="pdf" url="AM%20157%20d%20fol/32/WEB_DISPLAY"/>
		</surface>
		<surface xml:id="AM02-0157d-0016v" n="33">
			<desc>0016v</desc>
			<graphic mimeType="pdf" url="AM%20157%20d%20fol/33/HIGH_QUALITY_DISPLAY"/>
			<graphic mimeType="jpg" url="AM%20157%20d%20fol/33/THUMBNAIL" width="196px" height="300px"/>
			<graphic mimeType="jpg" url="AM%20157%20d%20fol/33/SECONDARY_DISPLAY" width="1999px" height="3056px"/>
			<graphic mimeType="pdf" url="AM%20157%20d%20fol/33/WEB_DISPLAY"/>
		</surface>
		<surface xml:id="AM02-0157d-0017r" n="34">
			<desc>0017r</desc>
			<graphic mimeType="pdf" url="AM%20157%20d%20fol/34/HIGH_QUALITY_DISPLAY"/>
			<graphic mimeType="jpg" url="AM%20157%20d%20fol/34/THUMBNAIL" width="196px" height="300px"/>
			<graphic mimeType="jpg" url="AM%20157%20d%20fol/34/SECONDARY_DISPLAY" width="1999px" height="3056px"/>
			<graphic mimeType="pdf" url="AM%20157%20d%20fol/34/WEB_DISPLAY"/>
		</surface>
		<surface xml:id="AM02-0157d-0017v" n="35">
			<desc>0017v</desc>
			<graphic mimeType="pdf" url="AM%20157%20d%20fol/35/HIGH_QUALITY_DISPLAY"/>
			<graphic mimeType="jpg" url="AM%20157%20d%20fol/35/THUMBNAIL" width="196px" height="300px"/>
			<graphic mimeType="jpg" url="AM%20157%20d%20fol/35/SECONDARY_DISPLAY" width="1999px" height="3056px"/>
			<graphic mimeType="pdf" url="AM%20157%20d%20fol/35/WEB_DISPLAY"/>
		</surface>
		<surface xml:id="AM02-0157d-0018r" n="36">
			<desc>0018r</desc>
			<graphic mimeType="pdf" url="AM%20157%20d%20fol/36/HIGH_QUALITY_DISPLAY"/>
			<graphic mimeType="jpg" url="AM%20157%20d%20fol/36/THUMBNAIL" width="196px" height="300px"/>
			<graphic mimeType="jpg" url="AM%20157%20d%20fol/36/SECONDARY_DISPLAY" width="1999px" height="3056px"/>
			<graphic mimeType="pdf" url="AM%20157%20d%20fol/36/WEB_DISPLAY"/>
		</surface>
		<surface xml:id="AM02-0157d-0018v" n="37">
			<desc>0018v</desc>
			<graphic mimeType="pdf" url="AM%20157%20d%20fol/37/HIGH_QUALITY_DISPLAY"/>
			<graphic mimeType="jpg" url="AM%20157%20d%20fol/37/THUMBNAIL" width="198px" height="300px"/>
			<graphic mimeType="jpg" url="AM%20157%20d%20fol/37/SECONDARY_DISPLAY" width="2039px" height="3096px"/>
			<graphic mimeType="pdf" url="AM%20157%20d%20fol/37/WEB_DISPLAY"/>
		</surface>
		<surface xml:id="AM02-0157d-9999r-RB" n="38">
			<desc>9999r-RB</desc>
			<graphic mimeType="pdf" url="AM%20157%20d%20fol/38/HIGH_QUALITY_DISPLAY"/>
			<graphic mimeType="jpg" url="AM%20157%20d%20fol/38/THUMBNAIL" width="198px" height="300px"/>
			<graphic mimeType="jpg" url="AM%20157%20d%20fol/38/SECONDARY_DISPLAY" width="2039px" height="3096px"/>
			<graphic mimeType="pdf" url="AM%20157%20d%20fol/38/WEB_DISPLAY"/>
		</surface>
		<surface xml:id="AM02-0157d-9999v-RB" n="39">
			<desc>9999v-RB</desc>
			<graphic mimeType="pdf" url="AM%20157%20d%20fol/39/HIGH_QUALITY_DISPLAY"/>
			<graphic mimeType="jpg" url="AM%20157%20d%20fol/39/THUMBNAIL" width="200px" height="293px"/>
			<graphic mimeType="jpg" url="AM%20157%20d%20fol/39/SECONDARY_DISPLAY" width="2128px" height="3120px"/>
			<graphic mimeType="pdf" url="AM%20157%20d%20fol/39/WEB_DISPLAY"/>
		</surface>
		<surface xml:id="AM02-0157d-ccp" n="40">
			<desc>ccp</desc>
			<graphic mimeType="pdf" url="AM%20157%20d%20fol/40/HIGH_QUALITY_DISPLAY"/>
			<graphic mimeType="jpg" url="AM%20157%20d%20fol/40/THUMBNAIL" width="199px" height="300px"/>
			<graphic mimeType="jpg" url="AM%20157%20d%20fol/40/SECONDARY_DISPLAY" width="1360px" height="2048px"/>
			<graphic mimeType="pdf" url="AM%20157%20d%20fol/40/WEB_DISPLAY"/>
		</surface>
	</facsimile>
	<text>
      <body>

         <p/>
      </body>
   </text>
</TEI>