<?xml version="1.0" encoding="UTF-8"?>
<?oxygen RNGSchema="http://www.handrit.is/schema/handrit-1.0.rnc" type="compact"?>
<TEI xmlns="http://www.tei-c.org/ns/1.0">
	<teiHeader>
		<fileDesc>
			<titleStmt>
				<title>Handritaskrá Árnastofnunar</title>
			</titleStmt>
			<publicationStmt>
				<p>Tilraunaútgáfa</p>
			</publicationStmt>
			<sourceDesc>
				<msDesc xml:lang="is" xml:id="AM02-0147-is">
					<msIdentifier>
						<country key="IS">Ísland</country>
						<settlement>Reykjavík</settlement>
						<institution>Stofnun Árna Magnússonar í íslenskum fræðum</institution>
						<repository>Handritasvið</repository>
						<collection>Safn Árna Magnússonar</collection>
						<idno>AM 147 fol.</idno>
						<altIdentifier type="internal" subtype="KKKat">
							<idno>176</idno>
						</altIdentifier>
					</msIdentifier>

					<msContents>
						<summary>
							<title type="supplied">Sögubók</title>
						</summary>
						<textLang mainLang="is">Íslenska.</textLang>

						<msItem n="1" class="isl" defective="false" xml:lang="is">
							<locus from="1r" facs="#AM02-0147-0001r" to="29r">1r-29r</locus>
							<title type="uniform">Gísla saga Súrssonar</title>
							<rubric>Saga af Gísla Súrssyni.</rubric>
							<incipit>Það er upphaf á sögu þessari að Hákon kóngur Aðalsteinsfóstri
								réð fyrir Noregi …</incipit>
							<explicit>… Víða hefur hann búið á Mýrum og eru menn komnir frá honum. </explicit>
							<finalRubric>Lúkum vér hér Gísla sögu Súrssonar.</finalRubric>
						</msItem>

						<msItem n="2" class="isl" defective="false" xml:lang="is">
							<locus from="31r" facs="#AM02-0147-0031r" to="57r">31r-57r</locus>
							<title type="uniform">Harðar saga</title>
							<rubric>Sagan af Hörði og Hólmverjum.</rubric>
							<incipit>Á dögum Haralds hins hárfagra …</incipit>
							<explicit>… og urðu þeir allir ógildir.</explicit>
							<finalRubric>Nú lúkum vér hér Hólmverja sögu.</finalRubric>
						</msItem>

					</msContents>

					<physDesc>
						<objectDesc form="codex">
							<supportDesc material="chart">
								<support>
									<p>Pappír með vatnsmerkjum.</p>
									<p>
										<watermark n="1">
											Vatnsmerki 1. Aðalmerki:
											<ref target="watermark:B">Dárahöfuð, Hermes kross og 3 stórir hringir</ref>
											<ref target="https://www.wasserzeichen-online.de/wzis/struktur.php?ref=IS5000-02-0147_2r">IS5000-02-0147_2r</ref>
											(
											<locus from="2r" to="2v">2</locus>
											,
											<locus from="4r" to="4v">4</locus>
											,
											<locus from="6r" to="6v">6</locus>
											,
											<locus from="8r" to="10v">8-10</locus>
											,
											<locus from="12r" to="12v">12</locus>
											,
											<locus from="14r" to="14v">14</locus>
											,
											<locus from="17r" to="20v">17-20</locus>
											,
											<locus from="25r" to="25v">25</locus>
											,
											<locus from="28r" to="29v">28-29</locus>
											,
											<locus from="31r" to="32v">31-32</locus>
											,
											<locus from="34r" to="34v">34</locus>
											,
											<locus from="36r" to="36v">36</locus>
											,
											<locus from="40r" to="40v">40</locus>
											,
											<locus from="43r" to="44v">43-44</locus>
											,
											<locus from="46r" to="47v">46-47</locus>
											,
											<locus from="51r" to="53v">51-53</locus>
											,
											<locus from="56r" to="56v">56</locus>
											)
											// Mótmerki:
											<ref target="watermark:X2">Fangamark IB</ref>
											(
											<locus from="10r" to="10v">10</locus>
											,
											<locus from="12r" to="12v">12</locus>
											,
											<locus from="28r" to="28v">28</locus>
											,
											<locus from="32r" to="32v">32</locus>
											,
											<locus from="34r" to="34v">34</locus>
											,
											<locus from="40r" to="40v">40</locus>
											,
											<locus from="47r" to="47v">47</locus>
											,
											<locus from="55r" to="56v">55-56</locus>
											,
											fangamörkin eru með dárahöfðunum í handriti).
										</watermark>
									</p>
								</support>
								<extent>Blöð: i + 58 + i blöð (<dimensions type="leaf" unit="mm" scope="all">
										<height>324</height>
										<width>210</width>
									</dimensions>). Blöð <locus from="29v" facs="#AM02-0147-0029v" to="30v">29v-30v</locus> og <locus from="57v" facs="#AM02-0147-0057v" to="58v">57v-58v </locus>eru auð.</extent>

								<foliation>
									<p>
										<list>
											<item>Síðari tíma blaðmerking 1-57, blað 58 er
											ómerkt.</item>
										</list>
									</p>
								</foliation>

								<collation>Átta kver. <p>
										<list>
											<item n="1">Kver I: blað 1-8, 4 tvinn.</item>
											<item n="2">Kver II: blað 9-16, 4 tvinn.</item>
											<item n="3">Kver III: blað 17-24, 4 tvinn.</item>
											<item n="4">Kver IV: blað 25-30, 3 tvinn.</item>
											<item n="5">Kver V: blað 31-38, 4 tvinn.</item>
											<item n="6">Kver VI: blað 39-46, 4 tvinn.</item>
											<item n="7">Kver VII: blað 47-54, 4 tvinn.</item>
											<item n="8">Kver VIII: blað 55-58, 2 tvinn.</item>
										</list>
									</p>
								</collation>

							</supportDesc>

							<layoutDesc>
								<layout columns="1" writtenLines="30 33">
									<p>
										<list>
											<item>Eindálka.</item>
											<item> Leturflötur ca <dimensions type="leaf" unit="mm">
												<height>295</height>
												<width>165</width>
												</dimensions>.</item>
											<item>Línufjöldi er ca 30-33 línur.</item>
											<item><catchwords>Griporð</catchwords> á stöku stað (sjá
												t.d. blað <locus from="23r" facs="#AM02-0147-0023r" to="23r">23r</locus>). </item>
										</list>
									</p>
								</layout>
							</layoutDesc>

						</objectDesc>
						<handDesc>
							<handNote n="1" scribe="ArnHak001" script="cursiva" scope="major">
								<list>
									<item> Með hendi Árna Hákonarsonar frá <name type="place">Vatnshorni </name>(sbr. <ref target="AM04-0435b">AM 435
											b 4to</ref>, blað <locus from="12r" facs="#AM02-0147-0012r" to="12r">12r</locus>).</item>
									<item> Gottnesk léttiskrift.</item>
								</list>
							</handNote>
							<handNote n="2" scribe="ThoTor001" script="other" scope="major">
								Spássíuathugasemdir með hendi Þormóðs Torfasonar.</handNote>
							<!-- ath. á eftir að athuga kenni fyrir skrifarann -->
						</handDesc>

						<additions>
							<p>
								<list>
									<item>Spássíugreinar (sjá t.d. <locus from="31r" facs="#AM02-0147-0031r" to="31r">31</locus> og <locus from="36r" facs="#AM02-0147-0036r" to="36r">36r</locus>
										) .</item>
								</list>
							</p>
						</additions>

						<bindingDesc>
							<binding when="1974" contemporary="false">
								<p>
									<list>
										<item>Band (<dimensions type="binding">
												<height>331</height>
												<width>235</width>
												<depth>15</depth>
											</dimensions>) er frá 1974.</item>
										<item>Spjöld eru klædd fínofnum striga, grófari strigi er á
											hornum og kili.</item>
										<item>Saumað á móttök.</item>
										<item>Saurblöð tilheyra þessu bandi.</item>
									</list>
								</p>
							</binding>
							<binding contemporary="unknown">
								<p>
									<list>
										<item>Spjöld og kjölur í eldra bandi klædd bókfelli úr
											kirkjulegu latnesku handriti.</item>
									</list>
								</p>
							</binding>
						</bindingDesc>

						<accMat>
							<p>
								<list>
									<item>
										<locus from="accMat01r" facs="#AM02-0147-accMat01r" to="accMat01v">Seðill</locus> (<dimensions type="slip" unit="mm">
											<height>155</height>
											<width>110</width>
										</dimensions>) milli saurblaðs og blaðs 1, með hendi <name key="ArnMag001" type="person">Árna Magnússonar</name>:
											<quote type="AMSlip" xml:lang="is">Frá sálugs Assessor
											Thormod Torvesens Enke 1720.</quote></item>
									<item>Laus miði með upplýsingum um forvörslu.</item>
									<item>Eldra band og blað innan af fremra spjaldi fylgja í sér
										umslagi.</item>
								</list>
							</p>
							<!-- ath. eldra band var ekki með en blað innan af fremra spjaldi fylgdi -->
						</accMat>

					</physDesc>
					<history>
						<!-- Um 1685 (MJ) -->
						<origin notBefore="1682" notAfter="1686">
							<p>
								<list>
									<item>Handritið er skrifað á <origPlace key="IS">Íslandi.</origPlace> Það er tímasett til loka 17. aldar í <bibl>
											<ref target="KKKat">Katalog I</ref>
										</bibl>, bls. 103, en nákvæmari tímasetning er tímabilið
											<origDate notBefore="1682" notAfter="1686">1682-1686</origDate>, þegar Árni Hákonarson var skrifari
											<name key="ThoTor001" type="person">Þormóðs
										Torfasonar</name>. </item>
									<item>Gísla saga er sennilega skrifuð eftir <ref target="AM04-0481" type="ms">AM 481 4to</ref> og Harðar
										saga eftir <ref target="AM04-0499" type="ms">AM 499
										4to</ref>, en forritin eru bæði ættuð frá <ref target="AM04-0556a" type="ms">AM 556 a 4to</ref>. Um
										Gísla sögu segir <name key="ArnMag001" type="person">Árni
											Magnússon</name> í <ref target="AM02-0435b" type="ms">AM
											435 b fol.</ref>, blað <locus from="12r" facs="#AM02-0147-0012r" to="12r"> 12r</locus>: <q>álíka
											og mín med hendi Sr. Ketils</q> (þ.e. <ref target="AM04-0481" type="ms">AM 481 4to</ref>).</item>
									<item>AM 147 fol. var áður hluti af stærri bók. Í þeirri bók
										voru einnig <ref target="AM02-0101" type="ms">AM 101
										fol.</ref>, <ref target="AM02-0168" type="ms">AM 168
										fol.</ref> og líklega <title type="uniform">Hálfs saga og
										Hálfsrekka</title> með hendi <name key="PalKet001" type="person">Páls
											Ketilssonar</name> (sbr. <ref target="AM04-0435b" type="ms">AM 435 b 4to</ref>, blað <locus from="9v" facs="#AM02-0147-0009v" to="9v">9v</locus>, <locus from="11" facs="#AM02-0147-0011r" to="11">11</locus> og
											<locus from="12r" facs="#AM02-0147-0012r" to="12r">12r</locus>).</item>
								</list>
							</p>
							<!-- bara getið um 11 ekki r og v. -->
							<!-- á að fara í filiation sem ekki er í boði enn -->
						</origin>

						<!-- Sr. Torfi Jónsson í Gaulverjabæ sendi Þormóði flestar þessar sögur, ásamt fleirum (sjá AM 157 h fol) með "Andrese Laridtssyne Beck", kaupmanni á Eyrarbakka árið 1685. (uppl. sem voru á 8vo seðli sem fylgdi bókinni og Á.M. nefnir í AM 435 b 4to) (Sagnanet). - Þær sögur sem eru í þessu hdr. virðast þó ekki vera þar á meðal? (DKÞ) -->
						<provenance>
							<p>
								<list>
									<item>Bókin sem handritið tilheyrði var nr. XVIII fol. í safni
											<name key="ThoTor001" type="person">Þormóðs
										Torfasonar</name>. Sr. <name key="TorJon002" type="person">Torfi Jónsson</name> í Gaulverjabæ sendi Þormóði
										flestar sögurnar í bókinni, ásamt fleirum (sjá <ref target="AM02-0157h" type="ms">AM 157 h fol.</ref>), með <q>
											<name type="person">Andrese Laridtssyne Beck</name>
										</q>, kaupmanni á Eyrarbakka árið 1685 (sbr. seðill með
										hendi sendanda. Seðillinn er á blaði 10 í <ref target="AM04-0435b" type="ms">AM 435 b 4to</ref> (útg.
										bls. 73)). Þær sögur sem eru í þessu handriti eru þó ekki
										taldar þar með. <name key="ArnMag001" type="person">Árni
											Magnússon</name> fékk bókina frá ekkju Þormóðs árið
											<date when="1720">1720</date> og tók í sundur (sbr.
										seðil og <ref target="AM04-0435b">AM 435 b 4to</ref>, <locus from="12r" facs="#AM02-0147-0012r" to="12r">12r</locus>).</item>
								</list>
							</p>
						</provenance>
						<acquisition when="1975-01-02">
							<p>Stofnun Árna Magnússonar á Íslandi tók við handritinu 2. janúar
							1975.</p>
						</acquisition>
					</history>

					<additional>
						<adminInfo>
							<recordHist>

								<source>
									<p>
										<list>
											<item>
												<name key="ThuSig002" type="person">ÞÓS</name> skráði vatnsmerki <date when="2020-06-19">19. júní 2020</date>.
												<name type="person" key="ValHil001">VH</name>
												yfirfór handritið samkvæmt TEIP5 reglum í <date when="2009-09"> september 2009,</date></item>
											<item n="1">
												<name type="person" key="ValHil001">VH</name>
												endurskráði handritið samkvæmt TEIP5 reglum <date when="2008-11-24"> 24. nóvember 2008,</date>
											</item>
											<item n="2">
												<name key="DriThr001" type="person">DKÞ</name>
												skráði <date when="2001-09-27">27. september
												2001</date>.</item>
											<item n="3">
												<name key="KriKaa001" type="person">Kålund</name>
												gekk frá handritinu til skráningar í <date when="1885-11-27">27. nóvember 1885</date>
												<bibl>
												<ref target="KKKat">Katalog I&amp;gt;</ref>
												</bibl>bls. 103 (nr. 176).</item>
										</list>
									</p>
								</source>

							</recordHist>
							<custodialHist>
								<custEvent type="conservation" notBefore="1974" notAfter="1974">
									<p>Viðgert og bundið af <name key="BirDal001" type="person">Birgitte Dall</name> í ágúst 1974. </p>
								</custEvent>
							</custodialHist>
						</adminInfo>
						<surrogates>
							<p>
								<list>
									<item>Stafrænar myndir á www.sagnanet.is.</item>
									<item>Svart-hvítar ljósmyndir á Det Arnamagnæanske Institut í
										Kaupmannahöfn.</item>
									<item>Negatíf örfilma gerð 1995 á Stofnun Árna Magnússonar á
										Íslandi (askja 421).</item>
								</list>
							</p>
						</surrogates>
						<listBibl>
							<bibl>Hast, S. 1960, <ref target="StuHas1960a">Harðar saga</ref></bibl>
							<bibl>Jacobsen, B. C. 1961, <ref target="BenJac1961a">Om lovbøgernes kristendomsbalk og indledningskapitlerne i de yngre kristenretter</ref></bibl>
							<bibl>Jón Helgason 1966, <ref target="JónHel1966a">Introduction Alexanders saga: Alexanders saga the Arna-Magnæan manuscript 519A, 4to</ref></bibl>
							<bibl>Jörgensen, J. G. 2007, <ref target="BiblArn45">The lost vellum Kringla</ref></bibl>
							<bibl>Loth, A. 1960, <ref target="AgnLot1960a">Membrana Regia Deperdita</ref></bibl>
							<bibl>McTurk, R. 2014, <ref target="RorMcT2014a">Krákumál eða Bjarkamál?</ref></bibl>
						</listBibl>
					</additional>
				</msDesc>
			</sourceDesc>
		</fileDesc>
		<revisionDesc>
			<change when="2008-10" who="#EriHas01">Migrated from MASTER to P5</change>
		</revisionDesc>
	</teiHeader>
	<facsimile xml:base="https://myndir.handrit.is/file/Handrit.is/">
		<surface xml:id="AM02-0147-0000r-FB" n="0">
			<desc>0000r-FB</desc>
			<graphic mimeType="pdf" url="AM%20147%20fol./0/HIGH_QUALITY_DISPLAY"/>
			<graphic mimeType="jpg" url="AM%20147%20fol./0/THUMBNAIL" width="200px" height="279px"/>
			<graphic mimeType="jpg" url="AM%20147%20fol./0/SECONDARY_DISPLAY" width="3528px" height="4920px"/>
			<graphic mimeType="pdf" url="AM%20147%20fol./0/WEB_DISPLAY"/>
		</surface>
		<surface xml:id="AM02-0147-0000v-FB" n="1">
			<desc>0000v-FB</desc>
			<graphic mimeType="pdf" url="AM%20147%20fol./1/HIGH_QUALITY_DISPLAY"/>
			<graphic mimeType="jpg" url="AM%20147%20fol./1/THUMBNAIL" width="200px" height="284px"/>
			<graphic mimeType="jpg" url="AM%20147%20fol./1/SECONDARY_DISPLAY" width="3384px" height="4812px"/>
			<graphic mimeType="pdf" url="AM%20147%20fol./1/WEB_DISPLAY"/>
		</surface>
		<surface xml:id="AM02-0147-0001r-FFl" n="2">
			<desc>0001r-FFl</desc>
			<graphic mimeType="pdf" url="AM%20147%20fol./2/HIGH_QUALITY_DISPLAY"/>
			<graphic mimeType="jpg" url="AM%20147%20fol./2/THUMBNAIL" width="188px" height="300px"/>
			<graphic mimeType="jpg" url="AM%20147%20fol./2/SECONDARY_DISPLAY" width="2664px" height="4260px"/>
			<graphic mimeType="pdf" url="AM%20147%20fol./2/WEB_DISPLAY"/>
		</surface>
		<surface xml:id="AM02-0147-0001v-FFl" n="3">
			<desc>0001v-FFl</desc>
			<graphic mimeType="pdf" url="AM%20147%20fol./3/HIGH_QUALITY_DISPLAY"/>
			<graphic mimeType="jpg" url="AM%20147%20fol./3/THUMBNAIL" width="190px" height="300px"/>
			<graphic mimeType="jpg" url="AM%20147%20fol./3/SECONDARY_DISPLAY" width="2700px" height="4260px"/>
			<graphic mimeType="pdf" url="AM%20147%20fol./3/WEB_DISPLAY"/>
		</surface>
		<surface xml:id="AM02-0147-0002r-FFl" n="4">
			<desc>0002r-FFl</desc>
			<graphic mimeType="pdf" url="AM%20147%20fol./4/HIGH_QUALITY_DISPLAY"/>
			<graphic mimeType="jpg" url="AM%20147%20fol./4/THUMBNAIL" width="200px" height="273px"/>
			<graphic mimeType="jpg" url="AM%20147%20fol./4/SECONDARY_DISPLAY" width="3480px" height="4752px"/>
			<graphic mimeType="pdf" url="AM%20147%20fol./4/WEB_DISPLAY"/>
		</surface>
		<surface xml:id="AM02-0147-0002v-FFl" n="5">
			<desc>0002v-FFl</desc>
			<graphic mimeType="pdf" url="AM%20147%20fol./5/HIGH_QUALITY_DISPLAY"/>
			<graphic mimeType="jpg" url="AM%20147%20fol./5/THUMBNAIL" width="200px" height="286px"/>
			<graphic mimeType="jpg" url="AM%20147%20fol./5/SECONDARY_DISPLAY" width="3324px" height="4752px"/>
			<graphic mimeType="pdf" url="AM%20147%20fol./5/WEB_DISPLAY"/>
		</surface>
		<surface xml:id="AM02-0147-accMat01r" n="6">
			<desc>accMat01r</desc>
			<graphic mimeType="pdf" url="AM%20147%20fol./6/HIGH_QUALITY_DISPLAY"/>
			<graphic mimeType="jpg" url="AM%20147%20fol./6/THUMBNAIL" width="200px" height="248px"/>
			<graphic mimeType="jpg" url="AM%20147%20fol./6/SECONDARY_DISPLAY" width="1848px" height="2292px"/>
			<graphic mimeType="pdf" url="AM%20147%20fol./6/WEB_DISPLAY"/>
		</surface>
		<surface xml:id="AM02-0147-accMat01v" n="7">
			<desc>accMat01v</desc>
			<graphic mimeType="pdf" url="AM%20147%20fol./7/HIGH_QUALITY_DISPLAY"/>
			<graphic mimeType="jpg" url="AM%20147%20fol./7/THUMBNAIL" width="200px" height="249px"/>
			<graphic mimeType="jpg" url="AM%20147%20fol./7/SECONDARY_DISPLAY" width="1812px" height="2256px"/>
			<graphic mimeType="pdf" url="AM%20147%20fol./7/WEB_DISPLAY"/>
		</surface>
		<surface xml:id="AM02-0147-0001r" n="8">
			<desc>0001r</desc>
			<graphic mimeType="pdf" url="AM%20147%20fol./8/HIGH_QUALITY_DISPLAY"/>
			<graphic mimeType="jpg" url="AM%20147%20fol./8/THUMBNAIL" width="200px" height="300px"/>
			<graphic mimeType="jpg" url="AM%20147%20fol./8/SECONDARY_DISPLAY" width="3156px" height="4740px"/>
			<graphic mimeType="pdf" url="AM%20147%20fol./8/WEB_DISPLAY"/>
		</surface>
		<surface xml:id="AM02-0147-0001v" n="9">
			<desc>0001v</desc>
			<graphic mimeType="pdf" url="AM%20147%20fol./9/HIGH_QUALITY_DISPLAY"/>
			<graphic mimeType="jpg" url="AM%20147%20fol./9/THUMBNAIL" width="198px" height="300px"/>
			<graphic mimeType="jpg" url="AM%20147%20fol./9/SECONDARY_DISPLAY" width="3095px" height="4680px"/>
			<graphic mimeType="pdf" url="AM%20147%20fol./9/WEB_DISPLAY"/>
		</surface>
		<surface xml:id="AM02-0147-0002r" n="10">
			<desc>0002r</desc>
			<graphic mimeType="pdf" url="AM%20147%20fol./10/HIGH_QUALITY_DISPLAY"/>
			<graphic mimeType="jpg" url="AM%20147%20fol./10/THUMBNAIL" width="198px" height="300px"/>
			<graphic mimeType="jpg" url="AM%20147%20fol./10/SECONDARY_DISPLAY" width="3095px" height="4680px"/>
			<graphic mimeType="pdf" url="AM%20147%20fol./10/WEB_DISPLAY"/>
		</surface>
		<surface xml:id="AM02-0147-0002v" n="11">
			<desc>0002v</desc>
			<graphic mimeType="pdf" url="AM%20147%20fol./11/HIGH_QUALITY_DISPLAY"/>
			<graphic mimeType="jpg" url="AM%20147%20fol./11/THUMBNAIL" width="198px" height="300px"/>
			<graphic mimeType="jpg" url="AM%20147%20fol./11/SECONDARY_DISPLAY" width="3083px" height="4680px"/>
			<graphic mimeType="pdf" url="AM%20147%20fol./11/WEB_DISPLAY"/>
		</surface>
		<surface xml:id="AM02-0147-0003r" n="12">
			<desc>0003r</desc>
			<graphic mimeType="pdf" url="AM%20147%20fol./12/HIGH_QUALITY_DISPLAY"/>
			<graphic mimeType="jpg" url="AM%20147%20fol./12/THUMBNAIL" width="198px" height="300px"/>
			<graphic mimeType="jpg" url="AM%20147%20fol./12/SECONDARY_DISPLAY" width="3083px" height="4680px"/>
			<graphic mimeType="pdf" url="AM%20147%20fol./12/WEB_DISPLAY"/>
		</surface>
		<surface xml:id="AM02-0147-0003v" n="13">
			<desc>0003v</desc>
			<graphic mimeType="pdf" url="AM%20147%20fol./13/HIGH_QUALITY_DISPLAY"/>
			<graphic mimeType="jpg" url="AM%20147%20fol./13/THUMBNAIL" width="198px" height="300px"/>
			<graphic mimeType="jpg" url="AM%20147%20fol./13/SECONDARY_DISPLAY" width="3083px" height="4680px"/>
			<graphic mimeType="pdf" url="AM%20147%20fol./13/WEB_DISPLAY"/>
		</surface>
		<surface xml:id="AM02-0147-0004r" n="14">
			<desc>0004r</desc>
			<graphic mimeType="pdf" url="AM%20147%20fol./14/HIGH_QUALITY_DISPLAY"/>
			<graphic mimeType="jpg" url="AM%20147%20fol./14/THUMBNAIL" width="198px" height="300px"/>
			<graphic mimeType="jpg" url="AM%20147%20fol./14/SECONDARY_DISPLAY" width="3083px" height="4680px"/>
			<graphic mimeType="pdf" url="AM%20147%20fol./14/WEB_DISPLAY"/>
		</surface>
		<surface xml:id="AM02-0147-0004v" n="15">
			<desc>0004v</desc>
			<graphic mimeType="pdf" url="AM%20147%20fol./15/HIGH_QUALITY_DISPLAY"/>
			<graphic mimeType="jpg" url="AM%20147%20fol./15/THUMBNAIL" width="198px" height="300px"/>
			<graphic mimeType="jpg" url="AM%20147%20fol./15/SECONDARY_DISPLAY" width="3083px" height="4680px"/>
			<graphic mimeType="pdf" url="AM%20147%20fol./15/WEB_DISPLAY"/>
		</surface>
		<surface xml:id="AM02-0147-0005r" n="16">
			<desc>0005r</desc>
			<graphic mimeType="pdf" url="AM%20147%20fol./16/HIGH_QUALITY_DISPLAY"/>
			<graphic mimeType="jpg" url="AM%20147%20fol./16/THUMBNAIL" width="198px" height="300px"/>
			<graphic mimeType="jpg" url="AM%20147%20fol./16/SECONDARY_DISPLAY" width="3083px" height="4680px"/>
			<graphic mimeType="pdf" url="AM%20147%20fol./16/WEB_DISPLAY"/>
		</surface>
		<surface xml:id="AM02-0147-0005v" n="17">
			<desc>0005v</desc>
			<graphic mimeType="pdf" url="AM%20147%20fol./17/HIGH_QUALITY_DISPLAY"/>
			<graphic mimeType="jpg" url="AM%20147%20fol./17/THUMBNAIL" width="198px" height="300px"/>
			<graphic mimeType="jpg" url="AM%20147%20fol./17/SECONDARY_DISPLAY" width="3083px" height="4680px"/>
			<graphic mimeType="pdf" url="AM%20147%20fol./17/WEB_DISPLAY"/>
		</surface>
		<surface xml:id="AM02-0147-0006r" n="18">
			<desc>0006r</desc>
			<graphic mimeType="pdf" url="AM%20147%20fol./18/HIGH_QUALITY_DISPLAY"/>
			<graphic mimeType="jpg" url="AM%20147%20fol./18/THUMBNAIL" width="198px" height="300px"/>
			<graphic mimeType="jpg" url="AM%20147%20fol./18/SECONDARY_DISPLAY" width="3083px" height="4680px"/>
			<graphic mimeType="pdf" url="AM%20147%20fol./18/WEB_DISPLAY"/>
		</surface>
		<surface xml:id="AM02-0147-0006v" n="19">
			<desc>0006v</desc>
			<graphic mimeType="pdf" url="AM%20147%20fol./19/HIGH_QUALITY_DISPLAY"/>
			<graphic mimeType="jpg" url="AM%20147%20fol./19/THUMBNAIL" width="198px" height="300px"/>
			<graphic mimeType="jpg" url="AM%20147%20fol./19/SECONDARY_DISPLAY" width="3083px" height="4680px"/>
			<graphic mimeType="pdf" url="AM%20147%20fol./19/WEB_DISPLAY"/>
		</surface>
		<surface xml:id="AM02-0147-0007r" n="20">
			<desc>0007r</desc>
			<graphic mimeType="pdf" url="AM%20147%20fol./20/HIGH_QUALITY_DISPLAY"/>
			<graphic mimeType="jpg" url="AM%20147%20fol./20/THUMBNAIL" width="198px" height="300px"/>
			<graphic mimeType="jpg" url="AM%20147%20fol./20/SECONDARY_DISPLAY" width="3083px" height="4680px"/>
			<graphic mimeType="pdf" url="AM%20147%20fol./20/WEB_DISPLAY"/>
		</surface>
		<surface xml:id="AM02-0147-0007v" n="21">
			<desc>0007v</desc>
			<graphic mimeType="pdf" url="AM%20147%20fol./21/HIGH_QUALITY_DISPLAY"/>
			<graphic mimeType="jpg" url="AM%20147%20fol./21/THUMBNAIL" width="198px" height="300px"/>
			<graphic mimeType="jpg" url="AM%20147%20fol./21/SECONDARY_DISPLAY" width="3083px" height="4680px"/>
			<graphic mimeType="pdf" url="AM%20147%20fol./21/WEB_DISPLAY"/>
		</surface>
		<surface xml:id="AM02-0147-0008r" n="22">
			<desc>0008r</desc>
			<graphic mimeType="pdf" url="AM%20147%20fol./22/HIGH_QUALITY_DISPLAY"/>
			<graphic mimeType="jpg" url="AM%20147%20fol./22/THUMBNAIL" width="198px" height="300px"/>
			<graphic mimeType="jpg" url="AM%20147%20fol./22/SECONDARY_DISPLAY" width="3083px" height="4680px"/>
			<graphic mimeType="pdf" url="AM%20147%20fol./22/WEB_DISPLAY"/>
		</surface>
		<surface xml:id="AM02-0147-0008v" n="23">
			<desc>0008v</desc>
			<graphic mimeType="pdf" url="AM%20147%20fol./23/HIGH_QUALITY_DISPLAY"/>
			<graphic mimeType="jpg" url="AM%20147%20fol./23/THUMBNAIL" width="198px" height="300px"/>
			<graphic mimeType="jpg" url="AM%20147%20fol./23/SECONDARY_DISPLAY" width="3083px" height="4680px"/>
			<graphic mimeType="pdf" url="AM%20147%20fol./23/WEB_DISPLAY"/>
		</surface>
		<surface xml:id="AM02-0147-0009r" n="24">
			<desc>0009r</desc>
			<graphic mimeType="pdf" url="AM%20147%20fol./24/HIGH_QUALITY_DISPLAY"/>
			<graphic mimeType="jpg" url="AM%20147%20fol./24/THUMBNAIL" width="198px" height="300px"/>
			<graphic mimeType="jpg" url="AM%20147%20fol./24/SECONDARY_DISPLAY" width="3083px" height="4680px"/>
			<graphic mimeType="pdf" url="AM%20147%20fol./24/WEB_DISPLAY"/>
		</surface>
		<surface xml:id="AM02-0147-0009v" n="25">
			<desc>0009v</desc>
			<graphic mimeType="pdf" url="AM%20147%20fol./25/HIGH_QUALITY_DISPLAY"/>
			<graphic mimeType="jpg" url="AM%20147%20fol./25/THUMBNAIL" width="198px" height="300px"/>
			<graphic mimeType="jpg" url="AM%20147%20fol./25/SECONDARY_DISPLAY" width="3083px" height="4680px"/>
			<graphic mimeType="pdf" url="AM%20147%20fol./25/WEB_DISPLAY"/>
		</surface>
		<surface xml:id="AM02-0147-0010r" n="26">
			<desc>0010r</desc>
			<graphic mimeType="pdf" url="AM%20147%20fol./26/HIGH_QUALITY_DISPLAY"/>
			<graphic mimeType="jpg" url="AM%20147%20fol./26/THUMBNAIL" width="198px" height="300px"/>
			<graphic mimeType="jpg" url="AM%20147%20fol./26/SECONDARY_DISPLAY" width="3083px" height="4680px"/>
			<graphic mimeType="pdf" url="AM%20147%20fol./26/WEB_DISPLAY"/>
		</surface>
		<surface xml:id="AM02-0147-0010v" n="27">
			<desc>0010v</desc>
			<graphic mimeType="pdf" url="AM%20147%20fol./27/HIGH_QUALITY_DISPLAY"/>
			<graphic mimeType="jpg" url="AM%20147%20fol./27/THUMBNAIL" width="198px" height="300px"/>
			<graphic mimeType="jpg" url="AM%20147%20fol./27/SECONDARY_DISPLAY" width="3083px" height="4680px"/>
			<graphic mimeType="pdf" url="AM%20147%20fol./27/WEB_DISPLAY"/>
		</surface>
		<surface xml:id="AM02-0147-0011r" n="28">
			<desc>0011r</desc>
			<graphic mimeType="pdf" url="AM%20147%20fol./28/HIGH_QUALITY_DISPLAY"/>
			<graphic mimeType="jpg" url="AM%20147%20fol./28/THUMBNAIL" width="198px" height="300px"/>
			<graphic mimeType="jpg" url="AM%20147%20fol./28/SECONDARY_DISPLAY" width="3083px" height="4680px"/>
			<graphic mimeType="pdf" url="AM%20147%20fol./28/WEB_DISPLAY"/>
		</surface>
		<surface xml:id="AM02-0147-0011v" n="29">
			<desc>0011v</desc>
			<graphic mimeType="pdf" url="AM%20147%20fol./29/HIGH_QUALITY_DISPLAY"/>
			<graphic mimeType="jpg" url="AM%20147%20fol./29/THUMBNAIL" width="198px" height="300px"/>
			<graphic mimeType="jpg" url="AM%20147%20fol./29/SECONDARY_DISPLAY" width="3083px" height="4680px"/>
			<graphic mimeType="pdf" url="AM%20147%20fol./29/WEB_DISPLAY"/>
		</surface>
		<surface xml:id="AM02-0147-0012r" n="30">
			<desc>0012r</desc>
			<graphic mimeType="pdf" url="AM%20147%20fol./30/HIGH_QUALITY_DISPLAY"/>
			<graphic mimeType="jpg" url="AM%20147%20fol./30/THUMBNAIL" width="198px" height="300px"/>
			<graphic mimeType="jpg" url="AM%20147%20fol./30/SECONDARY_DISPLAY" width="3083px" height="4680px"/>
			<graphic mimeType="pdf" url="AM%20147%20fol./30/WEB_DISPLAY"/>
		</surface>
		<surface xml:id="AM02-0147-0012v" n="31">
			<desc>0012v</desc>
			<graphic mimeType="pdf" url="AM%20147%20fol./31/HIGH_QUALITY_DISPLAY"/>
			<graphic mimeType="jpg" url="AM%20147%20fol./31/THUMBNAIL" width="197px" height="300px"/>
			<graphic mimeType="jpg" url="AM%20147%20fol./31/SECONDARY_DISPLAY" width="3077px" height="4680px"/>
			<graphic mimeType="pdf" url="AM%20147%20fol./31/WEB_DISPLAY"/>
		</surface>
		<surface xml:id="AM02-0147-0013r" n="32">
			<desc>0013r</desc>
			<graphic mimeType="pdf" url="AM%20147%20fol./32/HIGH_QUALITY_DISPLAY"/>
			<graphic mimeType="jpg" url="AM%20147%20fol./32/THUMBNAIL" width="197px" height="300px"/>
			<graphic mimeType="jpg" url="AM%20147%20fol./32/SECONDARY_DISPLAY" width="3077px" height="4680px"/>
			<graphic mimeType="pdf" url="AM%20147%20fol./32/WEB_DISPLAY"/>
		</surface>
		<surface xml:id="AM02-0147-0013v" n="33">
			<desc>0013v</desc>
			<graphic mimeType="pdf" url="AM%20147%20fol./33/HIGH_QUALITY_DISPLAY"/>
			<graphic mimeType="jpg" url="AM%20147%20fol./33/THUMBNAIL" width="197px" height="300px"/>
			<graphic mimeType="jpg" url="AM%20147%20fol./33/SECONDARY_DISPLAY" width="3077px" height="4680px"/>
			<graphic mimeType="pdf" url="AM%20147%20fol./33/WEB_DISPLAY"/>
		</surface>
		<surface xml:id="AM02-0147-0014r" n="34">
			<desc>0014r</desc>
			<graphic mimeType="pdf" url="AM%20147%20fol./34/HIGH_QUALITY_DISPLAY"/>
			<graphic mimeType="jpg" url="AM%20147%20fol./34/THUMBNAIL" width="197px" height="300px"/>
			<graphic mimeType="jpg" url="AM%20147%20fol./34/SECONDARY_DISPLAY" width="3077px" height="4680px"/>
			<graphic mimeType="pdf" url="AM%20147%20fol./34/WEB_DISPLAY"/>
		</surface>
		<surface xml:id="AM02-0147-0014v" n="35">
			<desc>0014v</desc>
			<graphic mimeType="pdf" url="AM%20147%20fol./35/HIGH_QUALITY_DISPLAY"/>
			<graphic mimeType="jpg" url="AM%20147%20fol./35/THUMBNAIL" width="196px" height="300px"/>
			<graphic mimeType="jpg" url="AM%20147%20fol./35/SECONDARY_DISPLAY" width="3059px" height="4680px"/>
			<graphic mimeType="pdf" url="AM%20147%20fol./35/WEB_DISPLAY"/>
		</surface>
		<surface xml:id="AM02-0147-0015r" n="36">
			<desc>0015r</desc>
			<graphic mimeType="pdf" url="AM%20147%20fol./36/HIGH_QUALITY_DISPLAY"/>
			<graphic mimeType="jpg" url="AM%20147%20fol./36/THUMBNAIL" width="196px" height="300px"/>
			<graphic mimeType="jpg" url="AM%20147%20fol./36/SECONDARY_DISPLAY" width="3059px" height="4680px"/>
			<graphic mimeType="pdf" url="AM%20147%20fol./36/WEB_DISPLAY"/>
		</surface>
		<surface xml:id="AM02-0147-0015v" n="37">
			<desc>0015v</desc>
			<graphic mimeType="pdf" url="AM%20147%20fol./37/HIGH_QUALITY_DISPLAY"/>
			<graphic mimeType="jpg" url="AM%20147%20fol./37/THUMBNAIL" width="196px" height="300px"/>
			<graphic mimeType="jpg" url="AM%20147%20fol./37/SECONDARY_DISPLAY" width="3059px" height="4680px"/>
			<graphic mimeType="pdf" url="AM%20147%20fol./37/WEB_DISPLAY"/>
		</surface>
		<surface xml:id="AM02-0147-0016r" n="38">
			<desc>0016r</desc>
			<graphic mimeType="pdf" url="AM%20147%20fol./38/HIGH_QUALITY_DISPLAY"/>
			<graphic mimeType="jpg" url="AM%20147%20fol./38/THUMBNAIL" width="196px" height="300px"/>
			<graphic mimeType="jpg" url="AM%20147%20fol./38/SECONDARY_DISPLAY" width="3059px" height="4680px"/>
			<graphic mimeType="pdf" url="AM%20147%20fol./38/WEB_DISPLAY"/>
		</surface>
		<surface xml:id="AM02-0147-0016v" n="39">
			<desc>0016v</desc>
			<graphic mimeType="pdf" url="AM%20147%20fol./39/HIGH_QUALITY_DISPLAY"/>
			<graphic mimeType="jpg" url="AM%20147%20fol./39/THUMBNAIL" width="196px" height="300px"/>
			<graphic mimeType="jpg" url="AM%20147%20fol./39/SECONDARY_DISPLAY" width="3059px" height="4680px"/>
			<graphic mimeType="pdf" url="AM%20147%20fol./39/WEB_DISPLAY"/>
		</surface>
		<surface xml:id="AM02-0147-0017r" n="40">
			<desc>0017r</desc>
			<graphic mimeType="pdf" url="AM%20147%20fol./40/HIGH_QUALITY_DISPLAY"/>
			<graphic mimeType="jpg" url="AM%20147%20fol./40/THUMBNAIL" width="196px" height="300px"/>
			<graphic mimeType="jpg" url="AM%20147%20fol./40/SECONDARY_DISPLAY" width="3059px" height="4680px"/>
			<graphic mimeType="pdf" url="AM%20147%20fol./40/WEB_DISPLAY"/>
		</surface>
		<surface xml:id="AM02-0147-0017v" n="41">
			<desc>0017v</desc>
			<graphic mimeType="pdf" url="AM%20147%20fol./41/HIGH_QUALITY_DISPLAY"/>
			<graphic mimeType="jpg" url="AM%20147%20fol./41/THUMBNAIL" width="196px" height="300px"/>
			<graphic mimeType="jpg" url="AM%20147%20fol./41/SECONDARY_DISPLAY" width="3059px" height="4680px"/>
			<graphic mimeType="pdf" url="AM%20147%20fol./41/WEB_DISPLAY"/>
		</surface>
		<surface xml:id="AM02-0147-0018r" n="42">
			<desc>0018r</desc>
			<graphic mimeType="pdf" url="AM%20147%20fol./42/HIGH_QUALITY_DISPLAY"/>
			<graphic mimeType="jpg" url="AM%20147%20fol./42/THUMBNAIL" width="196px" height="300px"/>
			<graphic mimeType="jpg" url="AM%20147%20fol./42/SECONDARY_DISPLAY" width="3059px" height="4680px"/>
			<graphic mimeType="pdf" url="AM%20147%20fol./42/WEB_DISPLAY"/>
		</surface>
		<surface xml:id="AM02-0147-0018v" n="43">
			<desc>0018v</desc>
			<graphic mimeType="pdf" url="AM%20147%20fol./43/HIGH_QUALITY_DISPLAY"/>
			<graphic mimeType="jpg" url="AM%20147%20fol./43/THUMBNAIL" width="196px" height="300px"/>
			<graphic mimeType="jpg" url="AM%20147%20fol./43/SECONDARY_DISPLAY" width="3059px" height="4680px"/>
			<graphic mimeType="pdf" url="AM%20147%20fol./43/WEB_DISPLAY"/>
		</surface>
		<surface xml:id="AM02-0147-0019r" n="44">
			<desc>0019r</desc>
			<graphic mimeType="pdf" url="AM%20147%20fol./44/HIGH_QUALITY_DISPLAY"/>
			<graphic mimeType="jpg" url="AM%20147%20fol./44/THUMBNAIL" width="196px" height="300px"/>
			<graphic mimeType="jpg" url="AM%20147%20fol./44/SECONDARY_DISPLAY" width="3059px" height="4680px"/>
			<graphic mimeType="pdf" url="AM%20147%20fol./44/WEB_DISPLAY"/>
		</surface>
		<surface xml:id="AM02-0147-0019v" n="45">
			<desc>0019v</desc>
			<graphic mimeType="pdf" url="AM%20147%20fol./45/HIGH_QUALITY_DISPLAY"/>
			<graphic mimeType="jpg" url="AM%20147%20fol./45/THUMBNAIL" width="196px" height="300px"/>
			<graphic mimeType="jpg" url="AM%20147%20fol./45/SECONDARY_DISPLAY" width="3059px" height="4680px"/>
			<graphic mimeType="pdf" url="AM%20147%20fol./45/WEB_DISPLAY"/>
		</surface>
		<surface xml:id="AM02-0147-0020r" n="46">
			<desc>0020r</desc>
			<graphic mimeType="pdf" url="AM%20147%20fol./46/HIGH_QUALITY_DISPLAY"/>
			<graphic mimeType="jpg" url="AM%20147%20fol./46/THUMBNAIL" width="196px" height="300px"/>
			<graphic mimeType="jpg" url="AM%20147%20fol./46/SECONDARY_DISPLAY" width="3059px" height="4680px"/>
			<graphic mimeType="pdf" url="AM%20147%20fol./46/WEB_DISPLAY"/>
		</surface>
		<surface xml:id="AM02-0147-0020v" n="47">
			<desc>0020v</desc>
			<graphic mimeType="pdf" url="AM%20147%20fol./47/HIGH_QUALITY_DISPLAY"/>
			<graphic mimeType="jpg" url="AM%20147%20fol./47/THUMBNAIL" width="196px" height="300px"/>
			<graphic mimeType="jpg" url="AM%20147%20fol./47/SECONDARY_DISPLAY" width="3059px" height="4680px"/>
			<graphic mimeType="pdf" url="AM%20147%20fol./47/WEB_DISPLAY"/>
		</surface>
		<surface xml:id="AM02-0147-0021r" n="48">
			<desc>0021r</desc>
			<graphic mimeType="pdf" url="AM%20147%20fol./48/HIGH_QUALITY_DISPLAY"/>
			<graphic mimeType="jpg" url="AM%20147%20fol./48/THUMBNAIL" width="196px" height="300px"/>
			<graphic mimeType="jpg" url="AM%20147%20fol./48/SECONDARY_DISPLAY" width="3059px" height="4680px"/>
			<graphic mimeType="pdf" url="AM%20147%20fol./48/WEB_DISPLAY"/>
		</surface>
		<surface xml:id="AM02-0147-0021v" n="49">
			<desc>0021v</desc>
			<graphic mimeType="pdf" url="AM%20147%20fol./49/HIGH_QUALITY_DISPLAY"/>
			<graphic mimeType="jpg" url="AM%20147%20fol./49/THUMBNAIL" width="196px" height="300px"/>
			<graphic mimeType="jpg" url="AM%20147%20fol./49/SECONDARY_DISPLAY" width="3059px" height="4680px"/>
			<graphic mimeType="pdf" url="AM%20147%20fol./49/WEB_DISPLAY"/>
		</surface>
		<surface xml:id="AM02-0147-0022r" n="50">
			<desc>0022r</desc>
			<graphic mimeType="pdf" url="AM%20147%20fol./50/HIGH_QUALITY_DISPLAY"/>
			<graphic mimeType="jpg" url="AM%20147%20fol./50/THUMBNAIL" width="196px" height="300px"/>
			<graphic mimeType="jpg" url="AM%20147%20fol./50/SECONDARY_DISPLAY" width="3059px" height="4680px"/>
			<graphic mimeType="pdf" url="AM%20147%20fol./50/WEB_DISPLAY"/>
		</surface>
		<surface xml:id="AM02-0147-0022v" n="51">
			<desc>0022v</desc>
			<graphic mimeType="pdf" url="AM%20147%20fol./51/HIGH_QUALITY_DISPLAY"/>
			<graphic mimeType="jpg" url="AM%20147%20fol./51/THUMBNAIL" width="195px" height="300px"/>
			<graphic mimeType="jpg" url="AM%20147%20fol./51/SECONDARY_DISPLAY" width="3041px" height="4680px"/>
			<graphic mimeType="pdf" url="AM%20147%20fol./51/WEB_DISPLAY"/>
		</surface>
		<surface xml:id="AM02-0147-0023r" n="52">
			<desc>0023r</desc>
			<graphic mimeType="pdf" url="AM%20147%20fol./52/HIGH_QUALITY_DISPLAY"/>
			<graphic mimeType="jpg" url="AM%20147%20fol./52/THUMBNAIL" width="195px" height="300px"/>
			<graphic mimeType="jpg" url="AM%20147%20fol./52/SECONDARY_DISPLAY" width="3041px" height="4680px"/>
			<graphic mimeType="pdf" url="AM%20147%20fol./52/WEB_DISPLAY"/>
		</surface>
		<surface xml:id="AM02-0147-0023v" n="53">
			<desc>0023v</desc>
			<graphic mimeType="pdf" url="AM%20147%20fol./53/HIGH_QUALITY_DISPLAY"/>
			<graphic mimeType="jpg" url="AM%20147%20fol./53/THUMBNAIL" width="195px" height="300px"/>
			<graphic mimeType="jpg" url="AM%20147%20fol./53/SECONDARY_DISPLAY" width="3041px" height="4680px"/>
			<graphic mimeType="pdf" url="AM%20147%20fol./53/WEB_DISPLAY"/>
		</surface>
		<surface xml:id="AM02-0147-0024r" n="54">
			<desc>0024r</desc>
			<graphic mimeType="pdf" url="AM%20147%20fol./54/HIGH_QUALITY_DISPLAY"/>
			<graphic mimeType="jpg" url="AM%20147%20fol./54/THUMBNAIL" width="195px" height="300px"/>
			<graphic mimeType="jpg" url="AM%20147%20fol./54/SECONDARY_DISPLAY" width="3041px" height="4680px"/>
			<graphic mimeType="pdf" url="AM%20147%20fol./54/WEB_DISPLAY"/>
		</surface>
		<surface xml:id="AM02-0147-0024v" n="55">
			<desc>0024v</desc>
			<graphic mimeType="pdf" url="AM%20147%20fol./55/HIGH_QUALITY_DISPLAY"/>
			<graphic mimeType="jpg" url="AM%20147%20fol./55/THUMBNAIL" width="199px" height="300px"/>
			<graphic mimeType="jpg" url="AM%20147%20fol./55/SECONDARY_DISPLAY" width="3131px" height="4728px"/>
			<graphic mimeType="pdf" url="AM%20147%20fol./55/WEB_DISPLAY"/>
		</surface>
		<surface xml:id="AM02-0147-0025r" n="56">
			<desc>0025r</desc>
			<graphic mimeType="pdf" url="AM%20147%20fol./56/HIGH_QUALITY_DISPLAY"/>
			<graphic mimeType="jpg" url="AM%20147%20fol./56/THUMBNAIL" width="199px" height="300px"/>
			<graphic mimeType="jpg" url="AM%20147%20fol./56/SECONDARY_DISPLAY" width="3131px" height="4728px"/>
			<graphic mimeType="pdf" url="AM%20147%20fol./56/WEB_DISPLAY"/>
		</surface>
		<surface xml:id="AM02-0147-0025v" n="57">
			<desc>0025v</desc>
			<graphic mimeType="pdf" url="AM%20147%20fol./57/HIGH_QUALITY_DISPLAY"/>
			<graphic mimeType="jpg" url="AM%20147%20fol./57/THUMBNAIL" width="199px" height="300px"/>
			<graphic mimeType="jpg" url="AM%20147%20fol./57/SECONDARY_DISPLAY" width="3131px" height="4728px"/>
			<graphic mimeType="pdf" url="AM%20147%20fol./57/WEB_DISPLAY"/>
		</surface>
		<surface xml:id="AM02-0147-0026r" n="58">
			<desc>0026r</desc>
			<graphic mimeType="pdf" url="AM%20147%20fol./58/HIGH_QUALITY_DISPLAY"/>
			<graphic mimeType="jpg" url="AM%20147%20fol./58/THUMBNAIL" width="199px" height="300px"/>
			<graphic mimeType="jpg" url="AM%20147%20fol./58/SECONDARY_DISPLAY" width="3131px" height="4728px"/>
			<graphic mimeType="pdf" url="AM%20147%20fol./58/WEB_DISPLAY"/>
		</surface>
		<surface xml:id="AM02-0147-0026v" n="59">
			<desc>0026v</desc>
			<graphic mimeType="pdf" url="AM%20147%20fol./59/HIGH_QUALITY_DISPLAY"/>
			<graphic mimeType="jpg" url="AM%20147%20fol./59/THUMBNAIL" width="199px" height="300px"/>
			<graphic mimeType="jpg" url="AM%20147%20fol./59/SECONDARY_DISPLAY" width="3131px" height="4728px"/>
			<graphic mimeType="pdf" url="AM%20147%20fol./59/WEB_DISPLAY"/>
		</surface>
		<surface xml:id="AM02-0147-0027r" n="60">
			<desc>0027r</desc>
			<graphic mimeType="pdf" url="AM%20147%20fol./60/HIGH_QUALITY_DISPLAY"/>
			<graphic mimeType="jpg" url="AM%20147%20fol./60/THUMBNAIL" width="199px" height="300px"/>
			<graphic mimeType="jpg" url="AM%20147%20fol./60/SECONDARY_DISPLAY" width="3131px" height="4728px"/>
			<graphic mimeType="pdf" url="AM%20147%20fol./60/WEB_DISPLAY"/>
		</surface>
		<surface xml:id="AM02-0147-0027v" n="61">
			<desc>0027v</desc>
			<graphic mimeType="pdf" url="AM%20147%20fol./61/HIGH_QUALITY_DISPLAY"/>
			<graphic mimeType="jpg" url="AM%20147%20fol./61/THUMBNAIL" width="199px" height="300px"/>
			<graphic mimeType="jpg" url="AM%20147%20fol./61/SECONDARY_DISPLAY" width="3131px" height="4728px"/>
			<graphic mimeType="pdf" url="AM%20147%20fol./61/WEB_DISPLAY"/>
		</surface>
		<surface xml:id="AM02-0147-0028r" n="62">
			<desc>0028r</desc>
			<graphic mimeType="pdf" url="AM%20147%20fol./62/HIGH_QUALITY_DISPLAY"/>
			<graphic mimeType="jpg" url="AM%20147%20fol./62/THUMBNAIL" width="199px" height="300px"/>
			<graphic mimeType="jpg" url="AM%20147%20fol./62/SECONDARY_DISPLAY" width="3131px" height="4728px"/>
			<graphic mimeType="pdf" url="AM%20147%20fol./62/WEB_DISPLAY"/>
		</surface>
		<surface xml:id="AM02-0147-0028v" n="63">
			<desc>0028v</desc>
			<graphic mimeType="pdf" url="AM%20147%20fol./63/HIGH_QUALITY_DISPLAY"/>
			<graphic mimeType="jpg" url="AM%20147%20fol./63/THUMBNAIL" width="199px" height="300px"/>
			<graphic mimeType="jpg" url="AM%20147%20fol./63/SECONDARY_DISPLAY" width="3131px" height="4728px"/>
			<graphic mimeType="pdf" url="AM%20147%20fol./63/WEB_DISPLAY"/>
		</surface>
		<surface xml:id="AM02-0147-0029r" n="64">
			<desc>0029r</desc>
			<graphic mimeType="pdf" url="AM%20147%20fol./64/HIGH_QUALITY_DISPLAY"/>
			<graphic mimeType="jpg" url="AM%20147%20fol./64/THUMBNAIL" width="199px" height="300px"/>
			<graphic mimeType="jpg" url="AM%20147%20fol./64/SECONDARY_DISPLAY" width="3131px" height="4728px"/>
			<graphic mimeType="pdf" url="AM%20147%20fol./64/WEB_DISPLAY"/>
		</surface>
		<surface xml:id="AM02-0147-0029v" n="65">
			<desc>0029v</desc>
			<graphic mimeType="pdf" url="AM%20147%20fol./65/HIGH_QUALITY_DISPLAY"/>
			<graphic mimeType="jpg" url="AM%20147%20fol./65/THUMBNAIL" width="199px" height="300px"/>
			<graphic mimeType="jpg" url="AM%20147%20fol./65/SECONDARY_DISPLAY" width="3131px" height="4728px"/>
			<graphic mimeType="pdf" url="AM%20147%20fol./65/WEB_DISPLAY"/>
		</surface>
		<surface xml:id="AM02-0147-0030r" n="66">
			<desc>0030r</desc>
			<graphic mimeType="pdf" url="AM%20147%20fol./66/HIGH_QUALITY_DISPLAY"/>
			<graphic mimeType="jpg" url="AM%20147%20fol./66/THUMBNAIL" width="199px" height="300px"/>
			<graphic mimeType="jpg" url="AM%20147%20fol./66/SECONDARY_DISPLAY" width="3131px" height="4728px"/>
			<graphic mimeType="pdf" url="AM%20147%20fol./66/WEB_DISPLAY"/>
		</surface>
		<surface xml:id="AM02-0147-0030v" n="67">
			<desc>0030v</desc>
			<graphic mimeType="pdf" url="AM%20147%20fol./67/HIGH_QUALITY_DISPLAY"/>
			<graphic mimeType="jpg" url="AM%20147%20fol./67/THUMBNAIL" width="197px" height="300px"/>
			<graphic mimeType="jpg" url="AM%20147%20fol./67/SECONDARY_DISPLAY" width="3095px" height="4728px"/>
			<graphic mimeType="pdf" url="AM%20147%20fol./67/WEB_DISPLAY"/>
		</surface>
		<surface xml:id="AM02-0147-0031r" n="68">
			<desc>0031r</desc>
			<graphic mimeType="pdf" url="AM%20147%20fol./68/HIGH_QUALITY_DISPLAY"/>
			<graphic mimeType="jpg" url="AM%20147%20fol./68/THUMBNAIL" width="197px" height="300px"/>
			<graphic mimeType="jpg" url="AM%20147%20fol./68/SECONDARY_DISPLAY" width="3095px" height="4728px"/>
			<graphic mimeType="pdf" url="AM%20147%20fol./68/WEB_DISPLAY"/>
		</surface>
		<surface xml:id="AM02-0147-0031v" n="69">
			<desc>0031v</desc>
			<graphic mimeType="pdf" url="AM%20147%20fol./69/HIGH_QUALITY_DISPLAY"/>
			<graphic mimeType="jpg" url="AM%20147%20fol./69/THUMBNAIL" width="197px" height="300px"/>
			<graphic mimeType="jpg" url="AM%20147%20fol./69/SECONDARY_DISPLAY" width="3095px" height="4728px"/>
			<graphic mimeType="pdf" url="AM%20147%20fol./69/WEB_DISPLAY"/>
		</surface>
		<surface xml:id="AM02-0147-0032r" n="70">
			<desc>0032r</desc>
			<graphic mimeType="pdf" url="AM%20147%20fol./70/HIGH_QUALITY_DISPLAY"/>
			<graphic mimeType="jpg" url="AM%20147%20fol./70/THUMBNAIL" width="197px" height="300px"/>
			<graphic mimeType="jpg" url="AM%20147%20fol./70/SECONDARY_DISPLAY" width="3095px" height="4728px"/>
			<graphic mimeType="pdf" url="AM%20147%20fol./70/WEB_DISPLAY"/>
		</surface>
		<surface xml:id="AM02-0147-0032v" n="71">
			<desc>0032v</desc>
			<graphic mimeType="pdf" url="AM%20147%20fol./71/HIGH_QUALITY_DISPLAY"/>
			<graphic mimeType="jpg" url="AM%20147%20fol./71/THUMBNAIL" width="197px" height="300px"/>
			<graphic mimeType="jpg" url="AM%20147%20fol./71/SECONDARY_DISPLAY" width="3095px" height="4728px"/>
			<graphic mimeType="pdf" url="AM%20147%20fol./71/WEB_DISPLAY"/>
		</surface>
		<surface xml:id="AM02-0147-0033r" n="72">
			<desc>0033r</desc>
			<graphic mimeType="pdf" url="AM%20147%20fol./72/HIGH_QUALITY_DISPLAY"/>
			<graphic mimeType="jpg" url="AM%20147%20fol./72/THUMBNAIL" width="197px" height="300px"/>
			<graphic mimeType="jpg" url="AM%20147%20fol./72/SECONDARY_DISPLAY" width="3095px" height="4728px"/>
			<graphic mimeType="pdf" url="AM%20147%20fol./72/WEB_DISPLAY"/>
		</surface>
		<surface xml:id="AM02-0147-0033v" n="73">
			<desc>0033v</desc>
			<graphic mimeType="pdf" url="AM%20147%20fol./73/HIGH_QUALITY_DISPLAY"/>
			<graphic mimeType="jpg" url="AM%20147%20fol./73/THUMBNAIL" width="197px" height="300px"/>
			<graphic mimeType="jpg" url="AM%20147%20fol./73/SECONDARY_DISPLAY" width="3095px" height="4728px"/>
			<graphic mimeType="pdf" url="AM%20147%20fol./73/WEB_DISPLAY"/>
		</surface>
		<surface xml:id="AM02-0147-0034r" n="74">
			<desc>0034r</desc>
			<graphic mimeType="pdf" url="AM%20147%20fol./74/HIGH_QUALITY_DISPLAY"/>
			<graphic mimeType="jpg" url="AM%20147%20fol./74/THUMBNAIL" width="197px" height="300px"/>
			<graphic mimeType="jpg" url="AM%20147%20fol./74/SECONDARY_DISPLAY" width="3095px" height="4728px"/>
			<graphic mimeType="pdf" url="AM%20147%20fol./74/WEB_DISPLAY"/>
		</surface>
		<surface xml:id="AM02-0147-0034v" n="75">
			<desc>0034v</desc>
			<graphic mimeType="pdf" url="AM%20147%20fol./75/HIGH_QUALITY_DISPLAY"/>
			<graphic mimeType="jpg" url="AM%20147%20fol./75/THUMBNAIL" width="197px" height="300px"/>
			<graphic mimeType="jpg" url="AM%20147%20fol./75/SECONDARY_DISPLAY" width="3095px" height="4728px"/>
			<graphic mimeType="pdf" url="AM%20147%20fol./75/WEB_DISPLAY"/>
		</surface>
		<surface xml:id="AM02-0147-0035r" n="76">
			<desc>0035r</desc>
			<graphic mimeType="pdf" url="AM%20147%20fol./76/HIGH_QUALITY_DISPLAY"/>
			<graphic mimeType="jpg" url="AM%20147%20fol./76/THUMBNAIL" width="197px" height="300px"/>
			<graphic mimeType="jpg" url="AM%20147%20fol./76/SECONDARY_DISPLAY" width="3095px" height="4728px"/>
			<graphic mimeType="pdf" url="AM%20147%20fol./76/WEB_DISPLAY"/>
		</surface>
		<surface xml:id="AM02-0147-0035v" n="77">
			<desc>0035v</desc>
			<graphic mimeType="pdf" url="AM%20147%20fol./77/HIGH_QUALITY_DISPLAY"/>
			<graphic mimeType="jpg" url="AM%20147%20fol./77/THUMBNAIL" width="197px" height="300px"/>
			<graphic mimeType="jpg" url="AM%20147%20fol./77/SECONDARY_DISPLAY" width="3095px" height="4728px"/>
			<graphic mimeType="pdf" url="AM%20147%20fol./77/WEB_DISPLAY"/>
		</surface>
		<surface xml:id="AM02-0147-0036r" n="78">
			<desc>0036r</desc>
			<graphic mimeType="pdf" url="AM%20147%20fol./78/HIGH_QUALITY_DISPLAY"/>
			<graphic mimeType="jpg" url="AM%20147%20fol./78/THUMBNAIL" width="197px" height="300px"/>
			<graphic mimeType="jpg" url="AM%20147%20fol./78/SECONDARY_DISPLAY" width="3095px" height="4728px"/>
			<graphic mimeType="pdf" url="AM%20147%20fol./78/WEB_DISPLAY"/>
		</surface>
		<surface xml:id="AM02-0147-0036v" n="79">
			<desc>0036v</desc>
			<graphic mimeType="pdf" url="AM%20147%20fol./79/HIGH_QUALITY_DISPLAY"/>
			<graphic mimeType="jpg" url="AM%20147%20fol./79/THUMBNAIL" width="197px" height="300px"/>
			<graphic mimeType="jpg" url="AM%20147%20fol./79/SECONDARY_DISPLAY" width="3095px" height="4728px"/>
			<graphic mimeType="pdf" url="AM%20147%20fol./79/WEB_DISPLAY"/>
		</surface>
		<surface xml:id="AM02-0147-0037r" n="80">
			<desc>0037r</desc>
			<graphic mimeType="pdf" url="AM%20147%20fol./80/HIGH_QUALITY_DISPLAY"/>
			<graphic mimeType="jpg" url="AM%20147%20fol./80/THUMBNAIL" width="197px" height="300px"/>
			<graphic mimeType="jpg" url="AM%20147%20fol./80/SECONDARY_DISPLAY" width="3095px" height="4728px"/>
			<graphic mimeType="pdf" url="AM%20147%20fol./80/WEB_DISPLAY"/>
		</surface>
		<surface xml:id="AM02-0147-0037v" n="81">
			<desc>0037v</desc>
			<graphic mimeType="pdf" url="AM%20147%20fol./81/HIGH_QUALITY_DISPLAY"/>
			<graphic mimeType="jpg" url="AM%20147%20fol./81/THUMBNAIL" width="197px" height="300px"/>
			<graphic mimeType="jpg" url="AM%20147%20fol./81/SECONDARY_DISPLAY" width="3095px" height="4728px"/>
			<graphic mimeType="pdf" url="AM%20147%20fol./81/WEB_DISPLAY"/>
		</surface>
		<surface xml:id="AM02-0147-0038r" n="82">
			<desc>0038r</desc>
			<graphic mimeType="pdf" url="AM%20147%20fol./82/HIGH_QUALITY_DISPLAY"/>
			<graphic mimeType="jpg" url="AM%20147%20fol./82/THUMBNAIL" width="197px" height="300px"/>
			<graphic mimeType="jpg" url="AM%20147%20fol./82/SECONDARY_DISPLAY" width="3095px" height="4728px"/>
			<graphic mimeType="pdf" url="AM%20147%20fol./82/WEB_DISPLAY"/>
		</surface>
		<surface xml:id="AM02-0147-0038v" n="83">
			<desc>0038v</desc>
			<graphic mimeType="pdf" url="AM%20147%20fol./83/HIGH_QUALITY_DISPLAY"/>
			<graphic mimeType="jpg" url="AM%20147%20fol./83/THUMBNAIL" width="198px" height="300px"/>
			<graphic mimeType="jpg" url="AM%20147%20fol./83/SECONDARY_DISPLAY" width="3119px" height="4728px"/>
			<graphic mimeType="pdf" url="AM%20147%20fol./83/WEB_DISPLAY"/>
		</surface>
		<surface xml:id="AM02-0147-0039r" n="84">
			<desc>0039r</desc>
			<graphic mimeType="pdf" url="AM%20147%20fol./84/HIGH_QUALITY_DISPLAY"/>
			<graphic mimeType="jpg" url="AM%20147%20fol./84/THUMBNAIL" width="198px" height="300px"/>
			<graphic mimeType="jpg" url="AM%20147%20fol./84/SECONDARY_DISPLAY" width="3119px" height="4728px"/>
			<graphic mimeType="pdf" url="AM%20147%20fol./84/WEB_DISPLAY"/>
		</surface>
		<surface xml:id="AM02-0147-0039v" n="85">
			<desc>0039v</desc>
			<graphic mimeType="pdf" url="AM%20147%20fol./85/HIGH_QUALITY_DISPLAY"/>
			<graphic mimeType="jpg" url="AM%20147%20fol./85/THUMBNAIL" width="197px" height="300px"/>
			<graphic mimeType="jpg" url="AM%20147%20fol./85/SECONDARY_DISPLAY" width="3101px" height="4728px"/>
			<graphic mimeType="pdf" url="AM%20147%20fol./85/WEB_DISPLAY"/>
		</surface>
		<surface xml:id="AM02-0147-0040r" n="86">
			<desc>0040r</desc>
			<graphic mimeType="pdf" url="AM%20147%20fol./86/HIGH_QUALITY_DISPLAY"/>
			<graphic mimeType="jpg" url="AM%20147%20fol./86/THUMBNAIL" width="197px" height="300px"/>
			<graphic mimeType="jpg" url="AM%20147%20fol./86/SECONDARY_DISPLAY" width="3101px" height="4728px"/>
			<graphic mimeType="pdf" url="AM%20147%20fol./86/WEB_DISPLAY"/>
		</surface>
		<surface xml:id="AM02-0147-0040v" n="87">
			<desc>0040v</desc>
			<graphic mimeType="pdf" url="AM%20147%20fol./87/HIGH_QUALITY_DISPLAY"/>
			<graphic mimeType="jpg" url="AM%20147%20fol./87/THUMBNAIL" width="197px" height="300px"/>
			<graphic mimeType="jpg" url="AM%20147%20fol./87/SECONDARY_DISPLAY" width="3101px" height="4728px"/>
			<graphic mimeType="pdf" url="AM%20147%20fol./87/WEB_DISPLAY"/>
		</surface>
		<surface xml:id="AM02-0147-0041r" n="88">
			<desc>0041r</desc>
			<graphic mimeType="pdf" url="AM%20147%20fol./88/HIGH_QUALITY_DISPLAY"/>
			<graphic mimeType="jpg" url="AM%20147%20fol./88/THUMBNAIL" width="197px" height="300px"/>
			<graphic mimeType="jpg" url="AM%20147%20fol./88/SECONDARY_DISPLAY" width="3101px" height="4728px"/>
			<graphic mimeType="pdf" url="AM%20147%20fol./88/WEB_DISPLAY"/>
		</surface>
		<surface xml:id="AM02-0147-0041v" n="89">
			<desc>0041v</desc>
			<graphic mimeType="pdf" url="AM%20147%20fol./89/HIGH_QUALITY_DISPLAY"/>
			<graphic mimeType="jpg" url="AM%20147%20fol./89/THUMBNAIL" width="197px" height="300px"/>
			<graphic mimeType="jpg" url="AM%20147%20fol./89/SECONDARY_DISPLAY" width="3101px" height="4728px"/>
			<graphic mimeType="pdf" url="AM%20147%20fol./89/WEB_DISPLAY"/>
		</surface>
		<surface xml:id="AM02-0147-0042r" n="90">
			<desc>0042r</desc>
			<graphic mimeType="pdf" url="AM%20147%20fol./90/HIGH_QUALITY_DISPLAY"/>
			<graphic mimeType="jpg" url="AM%20147%20fol./90/THUMBNAIL" width="197px" height="300px"/>
			<graphic mimeType="jpg" url="AM%20147%20fol./90/SECONDARY_DISPLAY" width="3101px" height="4728px"/>
			<graphic mimeType="pdf" url="AM%20147%20fol./90/WEB_DISPLAY"/>
		</surface>
		<surface xml:id="AM02-0147-0042v" n="91">
			<desc>0042v</desc>
			<graphic mimeType="pdf" url="AM%20147%20fol./91/HIGH_QUALITY_DISPLAY"/>
			<graphic mimeType="jpg" url="AM%20147%20fol./91/THUMBNAIL" width="197px" height="300px"/>
			<graphic mimeType="jpg" url="AM%20147%20fol./91/SECONDARY_DISPLAY" width="3101px" height="4728px"/>
			<graphic mimeType="pdf" url="AM%20147%20fol./91/WEB_DISPLAY"/>
		</surface>
		<surface xml:id="AM02-0147-0043r" n="92">
			<desc>0043r</desc>
			<graphic mimeType="pdf" url="AM%20147%20fol./92/HIGH_QUALITY_DISPLAY"/>
			<graphic mimeType="jpg" url="AM%20147%20fol./92/THUMBNAIL" width="197px" height="300px"/>
			<graphic mimeType="jpg" url="AM%20147%20fol./92/SECONDARY_DISPLAY" width="3101px" height="4728px"/>
			<graphic mimeType="pdf" url="AM%20147%20fol./92/WEB_DISPLAY"/>
		</surface>
		<surface xml:id="AM02-0147-0043v" n="93">
			<desc>0043v</desc>
			<graphic mimeType="pdf" url="AM%20147%20fol./93/HIGH_QUALITY_DISPLAY"/>
			<graphic mimeType="jpg" url="AM%20147%20fol./93/THUMBNAIL" width="197px" height="300px"/>
			<graphic mimeType="jpg" url="AM%20147%20fol./93/SECONDARY_DISPLAY" width="3101px" height="4728px"/>
			<graphic mimeType="pdf" url="AM%20147%20fol./93/WEB_DISPLAY"/>
		</surface>
		<surface xml:id="AM02-0147-0044r" n="94">
			<desc>0044r</desc>
			<graphic mimeType="pdf" url="AM%20147%20fol./94/HIGH_QUALITY_DISPLAY"/>
			<graphic mimeType="jpg" url="AM%20147%20fol./94/THUMBNAIL" width="197px" height="300px"/>
			<graphic mimeType="jpg" url="AM%20147%20fol./94/SECONDARY_DISPLAY" width="3101px" height="4728px"/>
			<graphic mimeType="pdf" url="AM%20147%20fol./94/WEB_DISPLAY"/>
		</surface>
		<surface xml:id="AM02-0147-0044v" n="95">
			<desc>0044v</desc>
			<graphic mimeType="pdf" url="AM%20147%20fol./95/HIGH_QUALITY_DISPLAY"/>
			<graphic mimeType="jpg" url="AM%20147%20fol./95/THUMBNAIL" width="197px" height="300px"/>
			<graphic mimeType="jpg" url="AM%20147%20fol./95/SECONDARY_DISPLAY" width="3101px" height="4728px"/>
			<graphic mimeType="pdf" url="AM%20147%20fol./95/WEB_DISPLAY"/>
		</surface>
		<surface xml:id="AM02-0147-0045r" n="96">
			<desc>0045r</desc>
			<graphic mimeType="pdf" url="AM%20147%20fol./96/HIGH_QUALITY_DISPLAY"/>
			<graphic mimeType="jpg" url="AM%20147%20fol./96/THUMBNAIL" width="197px" height="300px"/>
			<graphic mimeType="jpg" url="AM%20147%20fol./96/SECONDARY_DISPLAY" width="3101px" height="4728px"/>
			<graphic mimeType="pdf" url="AM%20147%20fol./96/WEB_DISPLAY"/>
		</surface>
		<surface xml:id="AM02-0147-0045v" n="97">
			<desc>0045v</desc>
			<graphic mimeType="pdf" url="AM%20147%20fol./97/HIGH_QUALITY_DISPLAY"/>
			<graphic mimeType="jpg" url="AM%20147%20fol./97/THUMBNAIL" width="197px" height="300px"/>
			<graphic mimeType="jpg" url="AM%20147%20fol./97/SECONDARY_DISPLAY" width="3101px" height="4728px"/>
			<graphic mimeType="pdf" url="AM%20147%20fol./97/WEB_DISPLAY"/>
		</surface>
		<surface xml:id="AM02-0147-0046r" n="98">
			<desc>0046r</desc>
			<graphic mimeType="pdf" url="AM%20147%20fol./98/HIGH_QUALITY_DISPLAY"/>
			<graphic mimeType="jpg" url="AM%20147%20fol./98/THUMBNAIL" width="197px" height="300px"/>
			<graphic mimeType="jpg" url="AM%20147%20fol./98/SECONDARY_DISPLAY" width="3101px" height="4728px"/>
			<graphic mimeType="pdf" url="AM%20147%20fol./98/WEB_DISPLAY"/>
		</surface>
		<surface xml:id="AM02-0147-0046v" n="99">
			<desc>0046v</desc>
			<graphic mimeType="pdf" url="AM%20147%20fol./99/HIGH_QUALITY_DISPLAY"/>
			<graphic mimeType="jpg" url="AM%20147%20fol./99/THUMBNAIL" width="197px" height="300px"/>
			<graphic mimeType="jpg" url="AM%20147%20fol./99/SECONDARY_DISPLAY" width="3101px" height="4728px"/>
			<graphic mimeType="pdf" url="AM%20147%20fol./99/WEB_DISPLAY"/>
		</surface>
		<surface xml:id="AM02-0147-0047r" n="100">
			<desc>0047r</desc>
			<graphic mimeType="pdf" url="AM%20147%20fol./100/HIGH_QUALITY_DISPLAY"/>
			<graphic mimeType="jpg" url="AM%20147%20fol./100/THUMBNAIL" width="197px" height="300px"/>
			<graphic mimeType="jpg" url="AM%20147%20fol./100/SECONDARY_DISPLAY" width="3101px" height="4728px"/>
			<graphic mimeType="pdf" url="AM%20147%20fol./100/WEB_DISPLAY"/>
		</surface>
		<surface xml:id="AM02-0147-0047v" n="101">
			<desc>0047v</desc>
			<graphic mimeType="pdf" url="AM%20147%20fol./101/HIGH_QUALITY_DISPLAY"/>
			<graphic mimeType="jpg" url="AM%20147%20fol./101/THUMBNAIL" width="194px" height="300px"/>
			<graphic mimeType="jpg" url="AM%20147%20fol./101/SECONDARY_DISPLAY" width="3059px" height="4728px"/>
			<graphic mimeType="pdf" url="AM%20147%20fol./101/WEB_DISPLAY"/>
		</surface>
		<surface xml:id="AM02-0147-0048r" n="102">
			<desc>0048r</desc>
			<graphic mimeType="pdf" url="AM%20147%20fol./102/HIGH_QUALITY_DISPLAY"/>
			<graphic mimeType="jpg" url="AM%20147%20fol./102/THUMBNAIL" width="194px" height="300px"/>
			<graphic mimeType="jpg" url="AM%20147%20fol./102/SECONDARY_DISPLAY" width="3059px" height="4728px"/>
			<graphic mimeType="pdf" url="AM%20147%20fol./102/WEB_DISPLAY"/>
		</surface>
		<surface xml:id="AM02-0147-0048v" n="103">
			<desc>0048v</desc>
			<graphic mimeType="pdf" url="AM%20147%20fol./103/HIGH_QUALITY_DISPLAY"/>
			<graphic mimeType="jpg" url="AM%20147%20fol./103/THUMBNAIL" width="194px" height="300px"/>
			<graphic mimeType="jpg" url="AM%20147%20fol./103/SECONDARY_DISPLAY" width="3059px" height="4728px"/>
			<graphic mimeType="pdf" url="AM%20147%20fol./103/WEB_DISPLAY"/>
		</surface>
		<surface xml:id="AM02-0147-0049r" n="104">
			<desc>0049r</desc>
			<graphic mimeType="pdf" url="AM%20147%20fol./104/HIGH_QUALITY_DISPLAY"/>
			<graphic mimeType="jpg" url="AM%20147%20fol./104/THUMBNAIL" width="194px" height="300px"/>
			<graphic mimeType="jpg" url="AM%20147%20fol./104/SECONDARY_DISPLAY" width="3059px" height="4728px"/>
			<graphic mimeType="pdf" url="AM%20147%20fol./104/WEB_DISPLAY"/>
		</surface>
		<surface xml:id="AM02-0147-0049v" n="105">
			<desc>0049v</desc>
			<graphic mimeType="pdf" url="AM%20147%20fol./105/HIGH_QUALITY_DISPLAY"/>
			<graphic mimeType="jpg" url="AM%20147%20fol./105/THUMBNAIL" width="194px" height="300px"/>
			<graphic mimeType="jpg" url="AM%20147%20fol./105/SECONDARY_DISPLAY" width="3059px" height="4728px"/>
			<graphic mimeType="pdf" url="AM%20147%20fol./105/WEB_DISPLAY"/>
		</surface>
		<surface xml:id="AM02-0147-0050r" n="106">
			<desc>0050r</desc>
			<graphic mimeType="pdf" url="AM%20147%20fol./106/HIGH_QUALITY_DISPLAY"/>
			<graphic mimeType="jpg" url="AM%20147%20fol./106/THUMBNAIL" width="194px" height="300px"/>
			<graphic mimeType="jpg" url="AM%20147%20fol./106/SECONDARY_DISPLAY" width="3059px" height="4728px"/>
			<graphic mimeType="pdf" url="AM%20147%20fol./106/WEB_DISPLAY"/>
		</surface>
		<surface xml:id="AM02-0147-0050v" n="107">
			<desc>0050v</desc>
			<graphic mimeType="pdf" url="AM%20147%20fol./107/HIGH_QUALITY_DISPLAY"/>
			<graphic mimeType="jpg" url="AM%20147%20fol./107/THUMBNAIL" width="194px" height="300px"/>
			<graphic mimeType="jpg" url="AM%20147%20fol./107/SECONDARY_DISPLAY" width="3059px" height="4728px"/>
			<graphic mimeType="pdf" url="AM%20147%20fol./107/WEB_DISPLAY"/>
		</surface>
		<surface xml:id="AM02-0147-0051r" n="108">
			<desc>0051r</desc>
			<graphic mimeType="pdf" url="AM%20147%20fol./108/HIGH_QUALITY_DISPLAY"/>
			<graphic mimeType="jpg" url="AM%20147%20fol./108/THUMBNAIL" width="194px" height="300px"/>
			<graphic mimeType="jpg" url="AM%20147%20fol./108/SECONDARY_DISPLAY" width="3059px" height="4728px"/>
			<graphic mimeType="pdf" url="AM%20147%20fol./108/WEB_DISPLAY"/>
		</surface>
		<surface xml:id="AM02-0147-0051v" n="109">
			<desc>0051v</desc>
			<graphic mimeType="pdf" url="AM%20147%20fol./109/HIGH_QUALITY_DISPLAY"/>
			<graphic mimeType="jpg" url="AM%20147%20fol./109/THUMBNAIL" width="194px" height="300px"/>
			<graphic mimeType="jpg" url="AM%20147%20fol./109/SECONDARY_DISPLAY" width="3059px" height="4728px"/>
			<graphic mimeType="pdf" url="AM%20147%20fol./109/WEB_DISPLAY"/>
		</surface>
		<surface xml:id="AM02-0147-0052r" n="110">
			<desc>0052r</desc>
			<graphic mimeType="pdf" url="AM%20147%20fol./110/HIGH_QUALITY_DISPLAY"/>
			<graphic mimeType="jpg" url="AM%20147%20fol./110/THUMBNAIL" width="194px" height="300px"/>
			<graphic mimeType="jpg" url="AM%20147%20fol./110/SECONDARY_DISPLAY" width="3059px" height="4728px"/>
			<graphic mimeType="pdf" url="AM%20147%20fol./110/WEB_DISPLAY"/>
		</surface>
		<surface xml:id="AM02-0147-0052v" n="111">
			<desc>0052v</desc>
			<graphic mimeType="pdf" url="AM%20147%20fol./111/HIGH_QUALITY_DISPLAY"/>
			<graphic mimeType="jpg" url="AM%20147%20fol./111/THUMBNAIL" width="194px" height="300px"/>
			<graphic mimeType="jpg" url="AM%20147%20fol./111/SECONDARY_DISPLAY" width="3059px" height="4728px"/>
			<graphic mimeType="pdf" url="AM%20147%20fol./111/WEB_DISPLAY"/>
		</surface>
		<surface xml:id="AM02-0147-0053r" n="112">
			<desc>0053r</desc>
			<graphic mimeType="pdf" url="AM%20147%20fol./112/HIGH_QUALITY_DISPLAY"/>
			<graphic mimeType="jpg" url="AM%20147%20fol./112/THUMBNAIL" width="194px" height="300px"/>
			<graphic mimeType="jpg" url="AM%20147%20fol./112/SECONDARY_DISPLAY" width="3059px" height="4728px"/>
			<graphic mimeType="pdf" url="AM%20147%20fol./112/WEB_DISPLAY"/>
		</surface>
		<surface xml:id="AM02-0147-0053v" n="113">
			<desc>0053v</desc>
			<graphic mimeType="pdf" url="AM%20147%20fol./113/HIGH_QUALITY_DISPLAY"/>
			<graphic mimeType="jpg" url="AM%20147%20fol./113/THUMBNAIL" width="194px" height="300px"/>
			<graphic mimeType="jpg" url="AM%20147%20fol./113/SECONDARY_DISPLAY" width="3059px" height="4728px"/>
			<graphic mimeType="pdf" url="AM%20147%20fol./113/WEB_DISPLAY"/>
		</surface>
		<surface xml:id="AM02-0147-0054r" n="114">
			<desc>0054r</desc>
			<graphic mimeType="pdf" url="AM%20147%20fol./114/HIGH_QUALITY_DISPLAY"/>
			<graphic mimeType="jpg" url="AM%20147%20fol./114/THUMBNAIL" width="194px" height="300px"/>
			<graphic mimeType="jpg" url="AM%20147%20fol./114/SECONDARY_DISPLAY" width="3059px" height="4728px"/>
			<graphic mimeType="pdf" url="AM%20147%20fol./114/WEB_DISPLAY"/>
		</surface>
		<surface xml:id="AM02-0147-0054v" n="115">
			<desc>0054v</desc>
			<graphic mimeType="pdf" url="AM%20147%20fol./115/HIGH_QUALITY_DISPLAY"/>
			<graphic mimeType="jpg" url="AM%20147%20fol./115/THUMBNAIL" width="196px" height="300px"/>
			<graphic mimeType="jpg" url="AM%20147%20fol./115/SECONDARY_DISPLAY" width="3131px" height="4788px"/>
			<graphic mimeType="pdf" url="AM%20147%20fol./115/WEB_DISPLAY"/>
		</surface>
		<surface xml:id="AM02-0147-0055r" n="116">
			<desc>0055r</desc>
			<graphic mimeType="pdf" url="AM%20147%20fol./116/HIGH_QUALITY_DISPLAY"/>
			<graphic mimeType="jpg" url="AM%20147%20fol./116/THUMBNAIL" width="196px" height="300px"/>
			<graphic mimeType="jpg" url="AM%20147%20fol./116/SECONDARY_DISPLAY" width="3131px" height="4788px"/>
			<graphic mimeType="pdf" url="AM%20147%20fol./116/WEB_DISPLAY"/>
		</surface>
		<surface xml:id="AM02-0147-0055v" n="117">
			<desc>0055v</desc>
			<graphic mimeType="pdf" url="AM%20147%20fol./117/HIGH_QUALITY_DISPLAY"/>
			<graphic mimeType="jpg" url="AM%20147%20fol./117/THUMBNAIL" width="196px" height="300px"/>
			<graphic mimeType="jpg" url="AM%20147%20fol./117/SECONDARY_DISPLAY" width="3131px" height="4788px"/>
			<graphic mimeType="pdf" url="AM%20147%20fol./117/WEB_DISPLAY"/>
		</surface>
		<surface xml:id="AM02-0147-0056r" n="118">
			<desc>0056r</desc>
			<graphic mimeType="pdf" url="AM%20147%20fol./118/HIGH_QUALITY_DISPLAY"/>
			<graphic mimeType="jpg" url="AM%20147%20fol./118/THUMBNAIL" width="196px" height="300px"/>
			<graphic mimeType="jpg" url="AM%20147%20fol./118/SECONDARY_DISPLAY" width="3131px" height="4788px"/>
			<graphic mimeType="pdf" url="AM%20147%20fol./118/WEB_DISPLAY"/>
		</surface>
		<surface xml:id="AM02-0147-0056v" n="119">
			<desc>0056v</desc>
			<graphic mimeType="pdf" url="AM%20147%20fol./119/HIGH_QUALITY_DISPLAY"/>
			<graphic mimeType="jpg" url="AM%20147%20fol./119/THUMBNAIL" width="193px" height="300px"/>
			<graphic mimeType="jpg" url="AM%20147%20fol./119/SECONDARY_DISPLAY" width="3077px" height="4788px"/>
			<graphic mimeType="pdf" url="AM%20147%20fol./119/WEB_DISPLAY"/>
		</surface>
		<surface xml:id="AM02-0147-0057r" n="120">
			<desc>0057r</desc>
			<graphic mimeType="pdf" url="AM%20147%20fol./120/HIGH_QUALITY_DISPLAY"/>
			<graphic mimeType="jpg" url="AM%20147%20fol./120/THUMBNAIL" width="193px" height="300px"/>
			<graphic mimeType="jpg" url="AM%20147%20fol./120/SECONDARY_DISPLAY" width="3077px" height="4788px"/>
			<graphic mimeType="pdf" url="AM%20147%20fol./120/WEB_DISPLAY"/>
		</surface>
		<surface xml:id="AM02-0147-0057v" n="121">
			<desc>0057v</desc>
			<graphic mimeType="pdf" url="AM%20147%20fol./121/HIGH_QUALITY_DISPLAY"/>
			<graphic mimeType="jpg" url="AM%20147%20fol./121/THUMBNAIL" width="193px" height="300px"/>
			<graphic mimeType="jpg" url="AM%20147%20fol./121/SECONDARY_DISPLAY" width="3077px" height="4788px"/>
			<graphic mimeType="pdf" url="AM%20147%20fol./121/WEB_DISPLAY"/>
		</surface>
		<surface xml:id="AM02-0147-0058r" n="122">
			<desc>0058r</desc>
			<graphic mimeType="pdf" url="AM%20147%20fol./122/HIGH_QUALITY_DISPLAY"/>
			<graphic mimeType="jpg" url="AM%20147%20fol./122/THUMBNAIL" width="193px" height="300px"/>
			<graphic mimeType="jpg" url="AM%20147%20fol./122/SECONDARY_DISPLAY" width="3077px" height="4788px"/>
			<graphic mimeType="pdf" url="AM%20147%20fol./122/WEB_DISPLAY"/>
		</surface>
		<surface xml:id="AM02-0147-0058v" n="123">
			<desc>0058v</desc>
			<graphic mimeType="pdf" url="AM%20147%20fol./123/HIGH_QUALITY_DISPLAY"/>
			<graphic mimeType="jpg" url="AM%20147%20fol./123/THUMBNAIL" width="194px" height="300px"/>
			<graphic mimeType="jpg" url="AM%20147%20fol./123/SECONDARY_DISPLAY" width="3089px" height="4788px"/>
			<graphic mimeType="pdf" url="AM%20147%20fol./123/WEB_DISPLAY"/>
		</surface>
		<surface xml:id="AM02-0147-9901r-RFl" n="124">
			<desc>9901r-RFl</desc>
			<graphic mimeType="pdf" url="AM%20147%20fol./124/HIGH_QUALITY_DISPLAY"/>
			<graphic mimeType="jpg" url="AM%20147%20fol./124/THUMBNAIL" width="194px" height="300px"/>
			<graphic mimeType="jpg" url="AM%20147%20fol./124/SECONDARY_DISPLAY" width="3089px" height="4788px"/>
			<graphic mimeType="pdf" url="AM%20147%20fol./124/WEB_DISPLAY"/>
		</surface>
		<surface xml:id="AM02-0147-9901v-RFl" n="125">
			<desc>9901v-RFl</desc>
			<graphic mimeType="pdf" url="AM%20147%20fol./125/HIGH_QUALITY_DISPLAY"/>
			<graphic mimeType="jpg" url="AM%20147%20fol./125/THUMBNAIL" width="195px" height="300px"/>
			<graphic mimeType="jpg" url="AM%20147%20fol./125/SECONDARY_DISPLAY" width="3131px" height="4824px"/>
			<graphic mimeType="pdf" url="AM%20147%20fol./125/WEB_DISPLAY"/>
		</surface>
		<surface xml:id="AM02-0147-9999r-RB" n="126">
			<desc>9999r-RB</desc>
			<graphic mimeType="pdf" url="AM%20147%20fol./126/HIGH_QUALITY_DISPLAY"/>
			<graphic mimeType="jpg" url="AM%20147%20fol./126/THUMBNAIL" width="195px" height="300px"/>
			<graphic mimeType="jpg" url="AM%20147%20fol./126/SECONDARY_DISPLAY" width="3131px" height="4824px"/>
			<graphic mimeType="pdf" url="AM%20147%20fol./126/WEB_DISPLAY"/>
		</surface>
		<surface xml:id="AM02-0147-9999v-RB" n="127">
			<desc>9999v-RB</desc>
			<graphic mimeType="pdf" url="AM%20147%20fol./127/HIGH_QUALITY_DISPLAY"/>
			<graphic mimeType="jpg" url="AM%20147%20fol./127/THUMBNAIL" width="200px" height="274px"/>
			<graphic mimeType="jpg" url="AM%20147%20fol./127/SECONDARY_DISPLAY" width="3528px" height="4824px"/>
			<graphic mimeType="pdf" url="AM%20147%20fol./127/WEB_DISPLAY"/>
		</surface>
		<surface xml:id="AM02-0147-addMat01r" n="128">
			<desc>addMat01r</desc>
			<graphic mimeType="pdf" url="AM%20147%20fol./128/HIGH_QUALITY_DISPLAY"/>
			<graphic mimeType="jpg" url="AM%20147%20fol./128/THUMBNAIL" width="200px" height="293px"/>
			<graphic mimeType="jpg" url="AM%20147%20fol./128/SECONDARY_DISPLAY" width="3348px" height="4908px"/>
			<graphic mimeType="pdf" url="AM%20147%20fol./128/WEB_DISPLAY"/>
		</surface>
		<surface xml:id="AM02-0147-addMat01v" n="129">
			<desc>addMat01v</desc>
			<graphic mimeType="pdf" url="AM%20147%20fol./129/HIGH_QUALITY_DISPLAY"/>
			<graphic mimeType="jpg" url="AM%20147%20fol./129/THUMBNAIL" width="200px" height="293px"/>
			<graphic mimeType="jpg" url="AM%20147%20fol./129/SECONDARY_DISPLAY" width="3348px" height="4908px"/>
			<graphic mimeType="pdf" url="AM%20147%20fol./129/WEB_DISPLAY"/>
		</surface>
		<surface xml:id="AM02-0147-addMat02r" n="130">
			<desc>addMat02r</desc>
			<graphic mimeType="pdf" url="AM%20147%20fol./130/HIGH_QUALITY_DISPLAY"/>
			<graphic mimeType="jpg" url="AM%20147%20fol./130/THUMBNAIL" width="153px" height="300px"/>
			<graphic mimeType="jpg" url="AM%20147%20fol./130/SECONDARY_DISPLAY" width="2496px" height="4908px"/>
			<graphic mimeType="pdf" url="AM%20147%20fol./130/WEB_DISPLAY"/>
		</surface>
		<surface xml:id="AM02-0147-addMat02v" n="131">
			<desc>addMat02v</desc>
			<graphic mimeType="pdf" url="AM%20147%20fol./131/HIGH_QUALITY_DISPLAY"/>
			<graphic mimeType="jpg" url="AM%20147%20fol./131/THUMBNAIL" width="153px" height="300px"/>
			<graphic mimeType="jpg" url="AM%20147%20fol./131/SECONDARY_DISPLAY" width="2496px" height="4908px"/>
			<graphic mimeType="pdf" url="AM%20147%20fol./131/WEB_DISPLAY"/>
		</surface>
		<surface xml:id="AM02-0147-addMat03r" n="132">
			<desc>addMat03r</desc>
			<graphic mimeType="pdf" url="AM%20147%20fol./132/HIGH_QUALITY_DISPLAY"/>
			<graphic mimeType="jpg" url="AM%20147%20fol./132/THUMBNAIL" width="175px" height="300px"/>
			<graphic mimeType="jpg" url="AM%20147%20fol./132/SECONDARY_DISPLAY" width="2796px" height="4788px"/>
			<graphic mimeType="pdf" url="AM%20147%20fol./132/WEB_DISPLAY"/>
		</surface>
		<surface xml:id="AM02-0147-addMat03v" n="133">
			<desc>addMat03v</desc>
			<graphic mimeType="pdf" url="AM%20147%20fol./133/HIGH_QUALITY_DISPLAY"/>
			<graphic mimeType="jpg" url="AM%20147%20fol./133/THUMBNAIL" width="175px" height="300px"/>
			<graphic mimeType="jpg" url="AM%20147%20fol./133/SECONDARY_DISPLAY" width="2796px" height="4788px"/>
			<graphic mimeType="pdf" url="AM%20147%20fol./133/WEB_DISPLAY"/>
		</surface>
		<surface xml:id="AM02-0147-addMat04r" n="134">
			<desc>addMat04r</desc>
			<graphic mimeType="pdf" url="AM%20147%20fol./134/HIGH_QUALITY_DISPLAY"/>
			<graphic mimeType="jpg" url="AM%20147%20fol./134/THUMBNAIL" width="200px" height="299px"/>
			<graphic mimeType="jpg" url="AM%20147%20fol./134/SECONDARY_DISPLAY" width="3204px" height="4788px"/>
			<graphic mimeType="pdf" url="AM%20147%20fol./134/WEB_DISPLAY"/>
		</surface>
		<surface xml:id="AM02-0147-addMat04v" n="135">
			<desc>addMat04v</desc>
			<graphic mimeType="pdf" url="AM%20147%20fol./135/HIGH_QUALITY_DISPLAY"/>
			<graphic mimeType="jpg" url="AM%20147%20fol./135/THUMBNAIL" width="200px" height="299px"/>
			<graphic mimeType="jpg" url="AM%20147%20fol./135/SECONDARY_DISPLAY" width="3204px" height="4788px"/>
			<graphic mimeType="pdf" url="AM%20147%20fol./135/WEB_DISPLAY"/>
		</surface>
		<surface xml:id="AM02-0147-addMat05r" n="136">
			<desc>addMat05r</desc>
			<graphic mimeType="pdf" url="AM%20147%20fol./136/HIGH_QUALITY_DISPLAY"/>
			<graphic mimeType="jpg" url="AM%20147%20fol./136/THUMBNAIL" width="200px" height="287px"/>
			<graphic mimeType="jpg" url="AM%20147%20fol./136/SECONDARY_DISPLAY" width="3516px" height="5052px"/>
			<graphic mimeType="pdf" url="AM%20147%20fol./136/WEB_DISPLAY"/>
		</surface>
		<surface xml:id="AM02-0147-addMat06r" n="137">
			<desc>addMat06r</desc>
			<graphic mimeType="pdf" url="AM%20147%20fol./137/HIGH_QUALITY_DISPLAY"/>
			<graphic mimeType="jpg" url="AM%20147%20fol./137/THUMBNAIL" width="200px" height="300px"/>
			<graphic mimeType="jpg" url="AM%20147%20fol./137/SECONDARY_DISPLAY" width="3372px" height="5052px"/>
			<graphic mimeType="pdf" url="AM%20147%20fol./137/WEB_DISPLAY"/>
		</surface>
		<surface xml:id="AM02-0147-ccp" n="138">
			<desc>ccp</desc>
			<graphic mimeType="pdf" url="AM%20147%20fol./138/HIGH_QUALITY_DISPLAY"/>
			<graphic mimeType="jpg" url="AM%20147%20fol./138/THUMBNAIL" width="200px" height="282px"/>
			<graphic mimeType="jpg" url="AM%20147%20fol./138/SECONDARY_DISPLAY" width="2340px" height="3300px"/>
			<graphic mimeType="pdf" url="AM%20147%20fol./138/WEB_DISPLAY"/>
		</surface>
	</facsimile>
	<text>
		<body>
			<p/>
		</body>
	</text>
</TEI>