<?xml version="1.0" encoding="UTF-8"?>
<TEI xmlns="http://www.tei-c.org/ns/1.0"> 
 
   <teiHeader>
      <fileDesc>
    
         <titleStmt> 
      
            <title>Handritaskrá Árnastofnunar</title> 
      
        
         </titleStmt> 
    
         <publicationStmt>
            <p>Tilraunaútgáfa</p>
         </publicationStmt> 
    
         <sourceDesc>
            <msDesc xml:lang="is" xml:id="AM02-0162B-delta-is">

               <msIdentifier n="KK199">

                  <country>Ísland</country>

                  <settlement>Reykjavík</settlement>

                  <repository>Stofnun Árna Magnússonar</repository>

                  <idno>AM 162 B delta fol.</idno>

               </msIdentifier>


               <head>

                  <title type="uniform">Njáls saga</title>

                  <origPlace>Ísland</origPlace>

                  <origDate notBefore="1290" notAfter="1310" evidence="external">s. XIII/XIV</origDate>


                  <note>Í safni brota úr tíu handritum.</note>

               </head>


               <msContents>
                  <textLang mainLang="is">Íslenska</textLang>

                  <msItem defective="true" class="isl">

                     <title type="uniform">Njáls saga</title>

                     <note>Fjögur brot.</note>


                     <msItem>

                        <locus from="1r" facs="#AM02-0162B-delta-0001r" to="3v">1r-3v</locus>

                        <incipit type="def">hat [= hvat] tıl tıþ<expan>enda</expan> e<expan>r</expan>
heı
                        <expan>m</expan>a meðan</incipit>

                        <explicit type="def">þ<expan>eı
                        </expan>r g<expan>an</expan>ga t<expan>
                           ıl </expan>motz v<expan>
                           ıð</expan>
                        </explicit>

                     </msItem>


                     <msItem>

                        <locus from="4r" facs="#AM02-0162B-delta-0004r" to="8v">4r-8v</locus>

                        <incipit type="def">
                        ſceg<expan>g</expan>lauſa. en ſo<expan>n</expan>u h<expan>ans</expan>
                        </incipit>

                        <explicit type="def">
                        
                        <expan>yrı
                        </expan> ſtondo ſ
                        <expan>egır</expan> G<expan>unnarr</expan> en</explicit>

                     </msItem>


                     <msItem>

                        <locus from="9r" facs="#AM02-0162B-delta-0009r" to="18v">9r-18v</locus>

                        <incipit type="def">
                        at<expan>t</expan> t<expan>
                           ıl</expan> Gıt<expan>sor</expan> h<expan>vı
                        </expan>tı
                     </incipit>

                        <explicit type="def">
                        ſem þv ert kall[aðr]</explicit>

                     </msItem>


                     <msItem>

                        <locus from="19r" facs="#AM02-0162B-delta-0019r" to="24v">19r-24v</locus>

                        <incipit type="def">vv<expan>er</expan>ða m<expan>enn</expan> gıallda</incipit>

                        <explicit type="def">oc bıþr þa ga<expan>n</expan>ga</explicit>
                     </msItem>

                  </msItem>

               </msContents>


               <physDesc>
                  <objectDesc form="codex">
                     <supportDesc material="perg">
                        <support>Skinn</support>
                        <extent>24 blöð (<dimensions type="leaf" scope="all">
                              <height>250</height>
                              <width>175</width>
                           </dimensions>).</extent>
                        <foliation>
                           <p/>
                        </foliation>
                        <collation>
                           <p/>
                        </collation>
                        <condition>
                           <p>
                              <list>

                                 <item n="1">Mörg blaðanna eru dökk og snjáð.</item> 

                                 <item n="2">Hluti af ytri dálki á bl. 5 hefur rifnað af.</item>

                              </list>
                           </p>
                        </condition>
                     </supportDesc>
                     <layoutDesc>
                        <layout columns="2">
                           <p>Tvídálka.</p>
                        </layout>
                     </layoutDesc>
                  </objectDesc>
                  <handDesc>
                     <p/>
                  </handDesc>
                  <decoDesc>
                     <decoNote type="secondary" subtype="rubric">
                        <p>Fyrirsagnir með rauðu bleki.</p>
                     </decoNote>

                     <decoNote type="secondary" subtype="initial">
                        <p>Dökkir upphafsstafir.</p>
                     </decoNote>

                  </decoDesc>
                  <additions>
                     <p>
                        <list>

                           <item n="1">Á efri spássíu 24r er ritað með hendi frá <date when="1600">um 1600</date>: <q>þ<expan>e</expan>
                              ſ
                              ſa bok a e<expan>c</expan> Havgne Fimbogason</q>.</item> 

                           <item n="2">Á efri spássíu 1r hefur <name key="ThoTor001" type="person">Þormóður Torfason</name> ritað: <q>vantar hjer ad framan i Njalu</q>.</item>

                        </list>
                     </p>
                  </additions>
                  <bindingDesc>
                     <binding notBefore="1965" notAfter="1965" contemporary="false">
                        <p>Band frá nóvember 1965. Pappakápa. Blöð fest á móttök.</p>
                     </binding>
                  </bindingDesc>
                  <accMat>
                     <p/>
                  </accMat>
               </physDesc>


               <history>
                  <origin notBefore="1290" notAfter="1310">
                     <p>Blöðin eru tímasett um 1300 í <bibl>
                           <ref target="KKKat">Katalog I</ref>
                        </bibl>, bls. 118 (sjá einnig <bibl>
                           <ref xml:id="ONPregistre" target="ONPregistre">ONPRegistre</ref>
                        </bibl>, bls. 434).</p>
                  </origin>

                  <provenance>
                     <p>
                        <list>

                           <item>
                              <name key="ArnMag001" type="person">Árni Magnússon</name> fékk frá <name key="ThoTor001" type="person">Þormóði Torfasyni</name> (sbr. 1r).</item>

                           <item>
                           	<name type="person">Högni Finnbogason</name> hefur átt bókina um <date when="1600">1600</date>. <name type="person" key="JorTho002">Jórunn Þórðardóttir</name> á Hvítarvöllum, móðursystir hans, gaf honum hana(bl. 24r).</item>

                        </list>
                     </p>
                  </provenance>
                  <!--<name type="person" key="JonThork01">J&#243;n&#222;orkelsson</name>telur l&#237;klegra a&#240;&#160;<name type="person" key="ArnMag001">&#193;rni</name>hafi fengi&#240; bl&#246;&#240;in a&#240;&#160;&#222;orm&#243;&#240;i l&#225;tnum en a&#240; hann hafi&#225;tt &#254;au og l&#225;na&#240;&#222;orm&#243;&#240;i; bls. 679-80. -->

               <acquisition notBefore="1973-07-18" notAfter="1973-07-18">
                     <p>Stofnun Árna Magnússonar á Íslandi tók við handritinu 18. júlí 1973.</p>
                  </acquisition>

               </history>


               <additional>

                  <adminInfo>

                     <recordHist>
                        <source>
                           <p>Tekið eftir <bibl>
                                 <ref target="KKKat">Katalog I</ref>
                              </bibl>, bls. 117-21 (nr. 199). <name key="KriKaa001" type="person">Kålund</name> gekk frá handritinu til skráningar í <date when="1885-12">desember 1885</date>. <name key="HarBer001" type="person">Haraldur Bernharðsson</name> tölvuskráði í <date when="2001-02">febrúar 2001</date>.</p>
                        </source>

                     </recordHist>

                     <custodialHist>

                        <custEvent type="conservation" notBefore="1965" notAfter="1965">
                           <p>Gert við og bundið af <name key="BirDal001" type="person">Birgitte Dall</name> í nóvember 1965.</p>
                        </custEvent>
                     </custodialHist>

                  </adminInfo>


                  <surrogates>
                     <p>
                        <list>

                           <item n="1">Stafrænar myndir á www.sagnanet.is.</item>

                           <item n="2">Svart-hvítar ljósmyndir á Det Arnamagnæanske Institut í Kaupmannahöfn.</item>

                           <item n="3">Svart-hvítar ljósmyndir á Stofnun Árna Magnússonar á Íslandi.</item>

                        </list>
                     </p>
                  </surrogates>



                  <listBibl>
                  	<bibl>Einar Ól. Sveinsson 1977, <ref target="EinSve1977a">Journey to the Njála country</ref></bibl>
                  	<bibl>Einar Ól. Sveinsson 1952, <ref target="EinSve1952a">Um handrit Njálssögu</ref></bibl>
                  	<bibl>Einar Ól. Sveinsson 1953, <ref target="EinSve1953a">Studies in the manuscript tradition of Njálssaga</ref></bibl>
                  	<bibl>Hreinn Benediktsson 2002, <ref target="HreBen2002a">Linguistic studies, historical and comparative</ref></bibl>
                  	<bibl>Lethbridge, E. 2014, <ref target="EmiLet2014b">„Hvorki glansar gull á mér/né glæstir stafir í línum“.</ref></bibl>
                  	<bibl>Louis-Jensen, J. 1977, <ref target="BiblArn32">Kongesagastudier: Kompilationen Hulda-Hrokkinskinna</ref></bibl>
                  	<bibl>Stefán Karlsson 1967, <ref target="SteKar1967c">Introduction Sagas of Icelandic bishops. Fragments of eight manuscripts</ref></bibl>
                  	<bibl>Svanhildur Óskarsdóttir 2014, <ref target="SvaÓsk2014c">Við upptök Njálu. Þormóðsbók - AM 162 B δ fol</ref></bibl>
                  	<bibl>Zeevaert, L. 2014, <ref target="LudZee2014a">Skarphéðinn, Blefken und Nietzsche. Zu einigen Lehnwörtern in Njáls saga</ref></bibl>
                  	<bibl>Zeevaert, L. 2018, <ref target="LudZee2018a">Eine deutsche zusammefassung von Njáls saga im manuskript Rostock Mss. philol. 78/2</ref></bibl>
                  </listBibl>


                  <!-- &#218;r heildarf&#230;rslu (sem var eytt &#254;egar hvert brot (<msPart>) var sett &#237; s&#233;r skjal 22. n&#243;vember 2001 - DK&#222;)<accMat>
      <p>
      <name type="person" key="ArnMag001">&#193;rni
      Magn&#250;sson</name>

      segir &#237; handritaskr&#225; bl. 78v (&#250;tg. bls. 28) og
      g&#230;ti &#225;tt vi&#240;&#160;&#254;etta: 
      <q>Ur Nials S&#246;gu fragment lited. 4to</q>
      </p>
    </accMat>

    <listBibl>
      <bibl>
        <ref target="Njal1809">Nials-Saga, Havni&#230; 1809</ref>

        <note>Latnesk &#254;&#253;&#240;ing. &#222;ar eru
        &#254;essi brot ranglega talin til 
        <msIdentifier>AM 309 4to</msIdentifier>

        og nefnd me&#240; eftirfarandi h&#230;tti: &#177; = b,
        &#8805; = e, &#8804; og &#165; = c, &amp;epsi; = f, &#8706;
        = i, &#8721; og &#8747; = d, &amp;thetas; = g, &#960; = h.
        &#205;&#160;&#254;essari &#250;tg&#225;fu eru enn fremur myndir
        af &#8804;, &#165;, &#8706; og &amp;thetas;.</note>
      </bibl>

      <bibl>
      <ref target="IslSog3">Nj&#225;la I, Kbh. 1875</ref>

      , bls. VII-X</bibl>

      <bibl>
      <ref target="">Germania XXIV</ref>

      , bls. 101</bibl>
    </listBibl> -->

    
            </additional>

            </msDesc>
         </sourceDesc>
  
      </fileDesc>
      <profileDesc> 
    
          
     
    
      </profileDesc>
   </teiHeader>
	<facsimile xml:base="https://myndir.handrit.is/file/Handrit.is/">
		<surface xml:id="AM02-0162B-delta-addMat01r" n="0">
			<desc>addMat01r</desc>
			<graphic mimeType="pdf" url="AM%20162%20B%20delta%20fol./0/HIGH_QUALITY_DISPLAY"/>
			<graphic mimeType="jpg" url="AM%20162%20B%20delta%20fol./0/THUMBNAIL" width="200px" height="244px"/>
			<graphic mimeType="jpg" url="AM%20162%20B%20delta%20fol./0/SECONDARY_DISPLAY" width="2556px" height="3114px"/>
			<graphic mimeType="pdf" url="AM%20162%20B%20delta%20fol./0/WEB_DISPLAY"/>
		</surface>
		<surface xml:id="AM02-0162B-delta-addMat01v" n="1">
			<desc>addMat01v</desc>
			<graphic mimeType="pdf" url="AM%20162%20B%20delta%20fol./1/HIGH_QUALITY_DISPLAY"/>
			<graphic mimeType="jpg" url="AM%20162%20B%20delta%20fol./1/THUMBNAIL" width="200px" height="247px"/>
			<graphic mimeType="jpg" url="AM%20162%20B%20delta%20fol./1/SECONDARY_DISPLAY" width="2496px" height="3078px"/>
			<graphic mimeType="pdf" url="AM%20162%20B%20delta%20fol./1/WEB_DISPLAY"/>
		</surface>
		<surface xml:id="AM02-0162B-delta-0001r" n="2">
			<desc>0001r</desc>
			<graphic mimeType="pdf" url="AM%20162%20B%20delta%20fol./2/HIGH_QUALITY_DISPLAY"/>
			<graphic mimeType="jpg" url="AM%20162%20B%20delta%20fol./2/THUMBNAIL" width="200px" height="292px"/>
			<graphic mimeType="jpg" url="AM%20162%20B%20delta%20fol./2/SECONDARY_DISPLAY" width="1692px" height="2474px"/>
			<graphic mimeType="pdf" url="AM%20162%20B%20delta%20fol./2/WEB_DISPLAY"/>
		</surface>
		<surface xml:id="AM02-0162B-delta-0001v" n="3">
			<desc>0001v</desc>
			<graphic mimeType="pdf" url="AM%20162%20B%20delta%20fol./3/HIGH_QUALITY_DISPLAY"/>
			<graphic mimeType="jpg" url="AM%20162%20B%20delta%20fol./3/THUMBNAIL" width="198px" height="300px"/>
			<graphic mimeType="jpg" url="AM%20162%20B%20delta%20fol./3/SECONDARY_DISPLAY" width="1624px" height="2458px"/>
			<graphic mimeType="pdf" url="AM%20162%20B%20delta%20fol./3/WEB_DISPLAY"/>
		</surface>
		<surface xml:id="AM02-0162B-delta-0002r" n="4">
			<desc>0002r</desc>
			<graphic mimeType="pdf" url="AM%20162%20B%20delta%20fol./4/HIGH_QUALITY_DISPLAY"/>
			<graphic mimeType="jpg" url="AM%20162%20B%20delta%20fol./4/THUMBNAIL" width="200px" height="278px"/>
			<graphic mimeType="jpg" url="AM%20162%20B%20delta%20fol./4/SECONDARY_DISPLAY" width="1764px" height="2450px"/>
			<graphic mimeType="pdf" url="AM%20162%20B%20delta%20fol./4/WEB_DISPLAY"/>
		</surface>
		<surface xml:id="AM02-0162B-delta-0002v" n="5">
			<desc>0002v</desc>
			<graphic mimeType="pdf" url="AM%20162%20B%20delta%20fol./5/HIGH_QUALITY_DISPLAY"/>
			<graphic mimeType="jpg" url="AM%20162%20B%20delta%20fol./5/THUMBNAIL" width="200px" height="283px"/>
			<graphic mimeType="jpg" url="AM%20162%20B%20delta%20fol./5/SECONDARY_DISPLAY" width="1728px" height="2442px"/>
			<graphic mimeType="pdf" url="AM%20162%20B%20delta%20fol./5/WEB_DISPLAY"/>
		</surface>
		<surface xml:id="AM02-0162B-delta-0003r" n="6">
			<desc>0003r</desc>
			<graphic mimeType="pdf" url="AM%20162%20B%20delta%20fol./6/HIGH_QUALITY_DISPLAY"/>
			<graphic mimeType="jpg" url="AM%20162%20B%20delta%20fol./6/THUMBNAIL" width="200px" height="277px"/>
			<graphic mimeType="jpg" url="AM%20162%20B%20delta%20fol./6/SECONDARY_DISPLAY" width="1724px" height="2390px"/>
			<graphic mimeType="pdf" url="AM%20162%20B%20delta%20fol./6/WEB_DISPLAY"/>
		</surface>
		<surface xml:id="AM02-0162B-delta-0003v" n="7">
			<desc>0003v</desc>
			<graphic mimeType="pdf" url="AM%20162%20B%20delta%20fol./7/HIGH_QUALITY_DISPLAY"/>
			<graphic mimeType="jpg" url="AM%20162%20B%20delta%20fol./7/THUMBNAIL" width="200px" height="277px"/>
			<graphic mimeType="jpg" url="AM%20162%20B%20delta%20fol./7/SECONDARY_DISPLAY" width="1720px" height="2378px"/>
			<graphic mimeType="pdf" url="AM%20162%20B%20delta%20fol./7/WEB_DISPLAY"/>
		</surface>
		<surface xml:id="AM02-0162B-delta-0004r" n="8">
			<desc>0004r</desc>
			<graphic mimeType="pdf" url="AM%20162%20B%20delta%20fol./8/HIGH_QUALITY_DISPLAY"/>
			<graphic mimeType="jpg" url="AM%20162%20B%20delta%20fol./8/THUMBNAIL" width="200px" height="279px"/>
			<graphic mimeType="jpg" url="AM%20162%20B%20delta%20fol./8/SECONDARY_DISPLAY" width="1720px" height="2402px"/>
			<graphic mimeType="pdf" url="AM%20162%20B%20delta%20fol./8/WEB_DISPLAY"/>
		</surface>
		<surface xml:id="AM02-0162B-delta-0004v" n="9">
			<desc>0004v</desc>
			<graphic mimeType="pdf" url="AM%20162%20B%20delta%20fol./9/HIGH_QUALITY_DISPLAY"/>
			<graphic mimeType="jpg" url="AM%20162%20B%20delta%20fol./9/THUMBNAIL" width="200px" height="276px"/>
			<graphic mimeType="jpg" url="AM%20162%20B%20delta%20fol./9/SECONDARY_DISPLAY" width="1720px" height="2370px"/>
			<graphic mimeType="pdf" url="AM%20162%20B%20delta%20fol./9/WEB_DISPLAY"/>
		</surface>
		<surface xml:id="AM02-0162B-delta-0005r" n="10">
			<desc>0005r</desc>
			<graphic mimeType="pdf" url="AM%20162%20B%20delta%20fol./10/HIGH_QUALITY_DISPLAY"/>
			<graphic mimeType="jpg" url="AM%20162%20B%20delta%20fol./10/THUMBNAIL" width="200px" height="294px"/>
			<graphic mimeType="jpg" url="AM%20162%20B%20delta%20fol./10/SECONDARY_DISPLAY" width="1652px" height="2430px"/>
			<graphic mimeType="pdf" url="AM%20162%20B%20delta%20fol./10/WEB_DISPLAY"/>
		</surface>
		<surface xml:id="AM02-0162B-delta-0005v" n="11">
			<desc>0005v</desc>
			<graphic mimeType="pdf" url="AM%20162%20B%20delta%20fol./11/HIGH_QUALITY_DISPLAY"/>
			<graphic mimeType="jpg" url="AM%20162%20B%20delta%20fol./11/THUMBNAIL" width="200px" height="294px"/>
			<graphic mimeType="jpg" url="AM%20162%20B%20delta%20fol./11/SECONDARY_DISPLAY" width="1664px" height="2446px"/>
			<graphic mimeType="pdf" url="AM%20162%20B%20delta%20fol./11/WEB_DISPLAY"/>
		</surface>
		<surface xml:id="AM02-0162B-delta-0006r" n="12">
			<desc>0006r</desc>
			<graphic mimeType="pdf" url="AM%20162%20B%20delta%20fol./12/HIGH_QUALITY_DISPLAY"/>
			<graphic mimeType="jpg" url="AM%20162%20B%20delta%20fol./12/THUMBNAIL" width="200px" height="285px"/>
			<graphic mimeType="jpg" url="AM%20162%20B%20delta%20fol./12/SECONDARY_DISPLAY" width="1708px" height="2430px"/>
			<graphic mimeType="pdf" url="AM%20162%20B%20delta%20fol./12/WEB_DISPLAY"/>
		</surface>
		<surface xml:id="AM02-0162B-delta-0006v" n="13">
			<desc>0006v</desc>
			<graphic mimeType="pdf" url="AM%20162%20B%20delta%20fol./13/HIGH_QUALITY_DISPLAY"/>
			<graphic mimeType="jpg" url="AM%20162%20B%20delta%20fol./13/THUMBNAIL" width="200px" height="282px"/>
			<graphic mimeType="jpg" url="AM%20162%20B%20delta%20fol./13/SECONDARY_DISPLAY" width="1728px" height="2434px"/>
			<graphic mimeType="pdf" url="AM%20162%20B%20delta%20fol./13/WEB_DISPLAY"/>
		</surface>
		<surface xml:id="AM02-0162B-delta-0007r" n="14">
			<desc>0007r</desc>
			<graphic mimeType="pdf" url="AM%20162%20B%20delta%20fol./14/HIGH_QUALITY_DISPLAY"/>
			<graphic mimeType="jpg" url="AM%20162%20B%20delta%20fol./14/THUMBNAIL" width="200px" height="289px"/>
			<graphic mimeType="jpg" url="AM%20162%20B%20delta%20fol./14/SECONDARY_DISPLAY" width="1680px" height="2430px"/>
			<graphic mimeType="pdf" url="AM%20162%20B%20delta%20fol./14/WEB_DISPLAY"/>
		</surface>
		<surface xml:id="AM02-0162B-delta-0007v" n="15">
			<desc>0007v</desc>
			<graphic mimeType="pdf" url="AM%20162%20B%20delta%20fol./15/HIGH_QUALITY_DISPLAY"/>
			<graphic mimeType="jpg" url="AM%20162%20B%20delta%20fol./15/THUMBNAIL" width="200px" height="288px"/>
			<graphic mimeType="jpg" url="AM%20162%20B%20delta%20fol./15/SECONDARY_DISPLAY" width="1712px" height="2470px"/>
			<graphic mimeType="pdf" url="AM%20162%20B%20delta%20fol./15/WEB_DISPLAY"/>
		</surface>
		<surface xml:id="AM02-0162B-delta-0008r" n="16">
			<desc>0008r</desc>
			<graphic mimeType="pdf" url="AM%20162%20B%20delta%20fol./16/HIGH_QUALITY_DISPLAY"/>
			<graphic mimeType="jpg" url="AM%20162%20B%20delta%20fol./16/THUMBNAIL" width="200px" height="282px"/>
			<graphic mimeType="jpg" url="AM%20162%20B%20delta%20fol./16/SECONDARY_DISPLAY" width="1712px" height="2414px"/>
			<graphic mimeType="pdf" url="AM%20162%20B%20delta%20fol./16/WEB_DISPLAY"/>
		</surface>
		<surface xml:id="AM02-0162B-delta-0008v" n="17">
			<desc>0008v</desc>
			<graphic mimeType="pdf" url="AM%20162%20B%20delta%20fol./17/HIGH_QUALITY_DISPLAY"/>
			<graphic mimeType="jpg" url="AM%20162%20B%20delta%20fol./17/THUMBNAIL" width="200px" height="287px"/>
			<graphic mimeType="jpg" url="AM%20162%20B%20delta%20fol./17/SECONDARY_DISPLAY" width="1684px" height="2418px"/>
			<graphic mimeType="pdf" url="AM%20162%20B%20delta%20fol./17/WEB_DISPLAY"/>
		</surface>
		<surface xml:id="AM02-0162B-delta-0009r" n="18">
			<desc>0009r</desc>
			<graphic mimeType="pdf" url="AM%20162%20B%20delta%20fol./18/HIGH_QUALITY_DISPLAY"/>
			<graphic mimeType="jpg" url="AM%20162%20B%20delta%20fol./18/THUMBNAIL" width="200px" height="277px"/>
			<graphic mimeType="jpg" url="AM%20162%20B%20delta%20fol./18/SECONDARY_DISPLAY" width="1728px" height="2398px"/>
			<graphic mimeType="pdf" url="AM%20162%20B%20delta%20fol./18/WEB_DISPLAY"/>
		</surface>
		<surface xml:id="AM02-0162B-delta-0009v" n="19">
			<desc>0009v</desc>
			<graphic mimeType="pdf" url="AM%20162%20B%20delta%20fol./19/HIGH_QUALITY_DISPLAY"/>
			<graphic mimeType="jpg" url="AM%20162%20B%20delta%20fol./19/THUMBNAIL" width="200px" height="279px"/>
			<graphic mimeType="jpg" url="AM%20162%20B%20delta%20fol./19/SECONDARY_DISPLAY" width="1732px" height="2414px"/>
			<graphic mimeType="pdf" url="AM%20162%20B%20delta%20fol./19/WEB_DISPLAY"/>
		</surface>
		<surface xml:id="AM02-0162B-delta-0010r" n="20">
			<desc>0010r</desc>
			<graphic mimeType="pdf" url="AM%20162%20B%20delta%20fol./20/HIGH_QUALITY_DISPLAY"/>
			<graphic mimeType="jpg" url="AM%20162%20B%20delta%20fol./20/THUMBNAIL" width="200px" height="288px"/>
			<graphic mimeType="jpg" url="AM%20162%20B%20delta%20fol./20/SECONDARY_DISPLAY" width="1668px" height="2402px"/>
			<graphic mimeType="pdf" url="AM%20162%20B%20delta%20fol./20/WEB_DISPLAY"/>
		</surface>
		<surface xml:id="AM02-0162B-delta-0010v" n="21">
			<desc>0010v</desc>
			<graphic mimeType="pdf" url="AM%20162%20B%20delta%20fol./21/HIGH_QUALITY_DISPLAY"/>
			<graphic mimeType="jpg" url="AM%20162%20B%20delta%20fol./21/THUMBNAIL" width="200px" height="287px"/>
			<graphic mimeType="jpg" url="AM%20162%20B%20delta%20fol./21/SECONDARY_DISPLAY" width="1692px" height="2430px"/>
			<graphic mimeType="pdf" url="AM%20162%20B%20delta%20fol./21/WEB_DISPLAY"/>
		</surface>
		<surface xml:id="AM02-0162B-delta-0011r" n="22">
			<desc>0011r</desc>
			<graphic mimeType="pdf" url="AM%20162%20B%20delta%20fol./22/HIGH_QUALITY_DISPLAY"/>
			<graphic mimeType="jpg" url="AM%20162%20B%20delta%20fol./22/THUMBNAIL" width="200px" height="277px"/>
			<graphic mimeType="jpg" url="AM%20162%20B%20delta%20fol./22/SECONDARY_DISPLAY" width="1760px" height="2442px"/>
			<graphic mimeType="pdf" url="AM%20162%20B%20delta%20fol./22/WEB_DISPLAY"/>
		</surface>
		<surface xml:id="AM02-0162B-delta-0011v" n="23">
			<desc>0011v</desc>
			<graphic mimeType="pdf" url="AM%20162%20B%20delta%20fol./23/HIGH_QUALITY_DISPLAY"/>
			<graphic mimeType="jpg" url="AM%20162%20B%20delta%20fol./23/THUMBNAIL" width="200px" height="283px"/>
			<graphic mimeType="jpg" url="AM%20162%20B%20delta%20fol./23/SECONDARY_DISPLAY" width="1744px" height="2466px"/>
			<graphic mimeType="pdf" url="AM%20162%20B%20delta%20fol./23/WEB_DISPLAY"/>
		</surface>
		<surface xml:id="AM02-0162B-delta-0012r" n="24">
			<desc>0012r</desc>
			<graphic mimeType="pdf" url="AM%20162%20B%20delta%20fol./24/HIGH_QUALITY_DISPLAY"/>
			<graphic mimeType="jpg" url="AM%20162%20B%20delta%20fol./24/THUMBNAIL" width="200px" height="290px"/>
			<graphic mimeType="jpg" url="AM%20162%20B%20delta%20fol./24/SECONDARY_DISPLAY" width="1700px" height="2462px"/>
			<graphic mimeType="pdf" url="AM%20162%20B%20delta%20fol./24/WEB_DISPLAY"/>
		</surface>
		<surface xml:id="AM02-0162B-delta-0012v" n="25">
			<desc>0012v</desc>
			<graphic mimeType="pdf" url="AM%20162%20B%20delta%20fol./25/HIGH_QUALITY_DISPLAY"/>
			<graphic mimeType="jpg" url="AM%20162%20B%20delta%20fol./25/THUMBNAIL" width="200px" height="284px"/>
			<graphic mimeType="jpg" url="AM%20162%20B%20delta%20fol./25/SECONDARY_DISPLAY" width="1744px" height="2478px"/>
			<graphic mimeType="pdf" url="AM%20162%20B%20delta%20fol./25/WEB_DISPLAY"/>
		</surface>
		<surface xml:id="AM02-0162B-delta-0013r" n="26">
			<desc>0013r</desc>
			<graphic mimeType="pdf" url="AM%20162%20B%20delta%20fol./26/HIGH_QUALITY_DISPLAY"/>
			<graphic mimeType="jpg" url="AM%20162%20B%20delta%20fol./26/THUMBNAIL" width="200px" height="286px"/>
			<graphic mimeType="jpg" url="AM%20162%20B%20delta%20fol./26/SECONDARY_DISPLAY" width="1716px" height="2454px"/>
			<graphic mimeType="pdf" url="AM%20162%20B%20delta%20fol./26/WEB_DISPLAY"/>
		</surface>
		<surface xml:id="AM02-0162B-delta-0013v" n="27">
			<desc>0013v</desc>
			<graphic mimeType="pdf" url="AM%20162%20B%20delta%20fol./27/HIGH_QUALITY_DISPLAY"/>
			<graphic mimeType="jpg" url="AM%20162%20B%20delta%20fol./27/THUMBNAIL" width="200px" height="288px"/>
			<graphic mimeType="jpg" url="AM%20162%20B%20delta%20fol./27/SECONDARY_DISPLAY" width="1716px" height="2466px"/>
			<graphic mimeType="pdf" url="AM%20162%20B%20delta%20fol./27/WEB_DISPLAY"/>
		</surface>
		<surface xml:id="AM02-0162B-delta-0014r" n="28">
			<desc>0014r</desc>
			<graphic mimeType="pdf" url="AM%20162%20B%20delta%20fol./28/HIGH_QUALITY_DISPLAY"/>
			<graphic mimeType="jpg" url="AM%20162%20B%20delta%20fol./28/THUMBNAIL" width="200px" height="292px"/>
			<graphic mimeType="jpg" url="AM%20162%20B%20delta%20fol./28/SECONDARY_DISPLAY" width="1668px" height="2438px"/>
			<graphic mimeType="pdf" url="AM%20162%20B%20delta%20fol./28/WEB_DISPLAY"/>
		</surface>
		<surface xml:id="AM02-0162B-delta-0014v" n="29">
			<desc>0014v</desc>
			<graphic mimeType="pdf" url="AM%20162%20B%20delta%20fol./29/HIGH_QUALITY_DISPLAY"/>
			<graphic mimeType="jpg" url="AM%20162%20B%20delta%20fol./29/THUMBNAIL" width="200px" height="285px"/>
			<graphic mimeType="jpg" url="AM%20162%20B%20delta%20fol./29/SECONDARY_DISPLAY" width="1728px" height="2466px"/>
			<graphic mimeType="pdf" url="AM%20162%20B%20delta%20fol./29/WEB_DISPLAY"/>
		</surface>
		<surface xml:id="AM02-0162B-delta-0015r" n="30">
			<desc>0015r</desc>
			<graphic mimeType="pdf" url="AM%20162%20B%20delta%20fol./30/HIGH_QUALITY_DISPLAY"/>
			<graphic mimeType="jpg" url="AM%20162%20B%20delta%20fol./30/THUMBNAIL" width="200px" height="291px"/>
			<graphic mimeType="jpg" url="AM%20162%20B%20delta%20fol./30/SECONDARY_DISPLAY" width="1676px" height="2438px"/>
			<graphic mimeType="pdf" url="AM%20162%20B%20delta%20fol./30/WEB_DISPLAY"/>
		</surface>
		<surface xml:id="AM02-0162B-delta-0015v" n="31">
			<desc>0015v</desc>
			<graphic mimeType="pdf" url="AM%20162%20B%20delta%20fol./31/HIGH_QUALITY_DISPLAY"/>
			<graphic mimeType="jpg" url="AM%20162%20B%20delta%20fol./31/THUMBNAIL" width="200px" height="290px"/>
			<graphic mimeType="jpg" url="AM%20162%20B%20delta%20fol./31/SECONDARY_DISPLAY" width="1708px" height="2474px"/>
			<graphic mimeType="pdf" url="AM%20162%20B%20delta%20fol./31/WEB_DISPLAY"/>
		</surface>
		<surface xml:id="AM02-0162B-delta-0016r" n="32">
			<desc>0016r</desc>
			<graphic mimeType="pdf" url="AM%20162%20B%20delta%20fol./32/HIGH_QUALITY_DISPLAY"/>
			<graphic mimeType="jpg" url="AM%20162%20B%20delta%20fol./32/THUMBNAIL" width="200px" height="296px"/>
			<graphic mimeType="jpg" url="AM%20162%20B%20delta%20fol./32/SECONDARY_DISPLAY" width="1676px" height="2478px"/>
			<graphic mimeType="pdf" url="AM%20162%20B%20delta%20fol./32/WEB_DISPLAY"/>
		</surface>
		<surface xml:id="AM02-0162B-delta-0016v" n="33">
			<desc>0016v</desc>
			<graphic mimeType="pdf" url="AM%20162%20B%20delta%20fol./33/HIGH_QUALITY_DISPLAY"/>
			<graphic mimeType="jpg" url="AM%20162%20B%20delta%20fol./33/THUMBNAIL" width="200px" height="288px"/>
			<graphic mimeType="jpg" url="AM%20162%20B%20delta%20fol./33/SECONDARY_DISPLAY" width="2072px" height="2982px"/>
			<graphic mimeType="pdf" url="AM%20162%20B%20delta%20fol./33/WEB_DISPLAY"/>
		</surface>
		<surface xml:id="AM02-0162B-delta-0017r" n="34">
			<desc>0017r</desc>
			<graphic mimeType="pdf" url="AM%20162%20B%20delta%20fol./34/HIGH_QUALITY_DISPLAY"/>
			<graphic mimeType="jpg" url="AM%20162%20B%20delta%20fol./34/THUMBNAIL" width="200px" height="287px"/>
			<graphic mimeType="jpg" url="AM%20162%20B%20delta%20fol./34/SECONDARY_DISPLAY" width="1680px" height="2414px"/>
			<graphic mimeType="pdf" url="AM%20162%20B%20delta%20fol./34/WEB_DISPLAY"/>
		</surface>
		<surface xml:id="AM02-0162B-delta-0017v" n="35">
			<desc>0017v</desc>
			<graphic mimeType="pdf" url="AM%20162%20B%20delta%20fol./35/HIGH_QUALITY_DISPLAY"/>
			<graphic mimeType="jpg" url="AM%20162%20B%20delta%20fol./35/THUMBNAIL" width="200px" height="285px"/>
			<graphic mimeType="jpg" url="AM%20162%20B%20delta%20fol./35/SECONDARY_DISPLAY" width="1736px" height="2478px"/>
			<graphic mimeType="pdf" url="AM%20162%20B%20delta%20fol./35/WEB_DISPLAY"/>
		</surface>
		<surface xml:id="AM02-0162B-delta-0018r" n="36">
			<desc>0018r</desc>
			<graphic mimeType="pdf" url="AM%20162%20B%20delta%20fol./36/HIGH_QUALITY_DISPLAY"/>
			<graphic mimeType="jpg" url="AM%20162%20B%20delta%20fol./36/THUMBNAIL" width="200px" height="296px"/>
			<graphic mimeType="jpg" url="AM%20162%20B%20delta%20fol./36/SECONDARY_DISPLAY" width="1636px" height="2422px"/>
			<graphic mimeType="pdf" url="AM%20162%20B%20delta%20fol./36/WEB_DISPLAY"/>
		</surface>
		<surface xml:id="AM02-0162B-delta-0018v" n="37">
			<desc>0018v</desc>
			<graphic mimeType="pdf" url="AM%20162%20B%20delta%20fol./37/HIGH_QUALITY_DISPLAY"/>
			<graphic mimeType="jpg" url="AM%20162%20B%20delta%20fol./37/THUMBNAIL" width="200px" height="283px"/>
			<graphic mimeType="jpg" url="AM%20162%20B%20delta%20fol./37/SECONDARY_DISPLAY" width="1716px" height="2426px"/>
			<graphic mimeType="pdf" url="AM%20162%20B%20delta%20fol./37/WEB_DISPLAY"/>
		</surface>
		<surface xml:id="AM02-0162B-delta-0019r" n="38">
			<desc>0019r</desc>
			<graphic mimeType="pdf" url="AM%20162%20B%20delta%20fol./38/HIGH_QUALITY_DISPLAY"/>
			<graphic mimeType="jpg" url="AM%20162%20B%20delta%20fol./38/THUMBNAIL" width="200px" height="280px"/>
			<graphic mimeType="jpg" url="AM%20162%20B%20delta%20fol./38/SECONDARY_DISPLAY" width="1772px" height="2478px"/>
			<graphic mimeType="pdf" url="AM%20162%20B%20delta%20fol./38/WEB_DISPLAY"/>
		</surface>
		<surface xml:id="AM02-0162B-delta-0019v" n="39">
			<desc>0019v</desc>
			<graphic mimeType="pdf" url="AM%20162%20B%20delta%20fol./39/HIGH_QUALITY_DISPLAY"/>
			<graphic mimeType="jpg" url="AM%20162%20B%20delta%20fol./39/THUMBNAIL" width="200px" height="283px"/>
			<graphic mimeType="jpg" url="AM%20162%20B%20delta%20fol./39/SECONDARY_DISPLAY" width="1752px" height="2478px"/>
			<graphic mimeType="pdf" url="AM%20162%20B%20delta%20fol./39/WEB_DISPLAY"/>
		</surface>
		<surface xml:id="AM02-0162B-delta-0020r" n="40">
			<desc>0020r</desc>
			<graphic mimeType="pdf" url="AM%20162%20B%20delta%20fol./40/HIGH_QUALITY_DISPLAY"/>
			<graphic mimeType="jpg" url="AM%20162%20B%20delta%20fol./40/THUMBNAIL" width="200px" height="287px"/>
			<graphic mimeType="jpg" url="AM%20162%20B%20delta%20fol./40/SECONDARY_DISPLAY" width="1748px" height="2506px"/>
			<graphic mimeType="pdf" url="AM%20162%20B%20delta%20fol./40/WEB_DISPLAY"/>
		</surface>
		<surface xml:id="AM02-0162B-delta-0020v" n="41">
			<desc>0020v</desc>
			<graphic mimeType="pdf" url="AM%20162%20B%20delta%20fol./41/HIGH_QUALITY_DISPLAY"/>
			<graphic mimeType="jpg" url="AM%20162%20B%20delta%20fol./41/THUMBNAIL" width="200px" height="294px"/>
			<graphic mimeType="jpg" url="AM%20162%20B%20delta%20fol./41/SECONDARY_DISPLAY" width="1708px" height="2514px"/>
			<graphic mimeType="pdf" url="AM%20162%20B%20delta%20fol./41/WEB_DISPLAY"/>
		</surface>
		<surface xml:id="AM02-0162B-delta-0021r" n="42">
			<desc>0021r</desc>
			<graphic mimeType="pdf" url="AM%20162%20B%20delta%20fol./42/HIGH_QUALITY_DISPLAY"/>
			<graphic mimeType="jpg" url="AM%20162%20B%20delta%20fol./42/THUMBNAIL" width="200px" height="292px"/>
			<graphic mimeType="jpg" url="AM%20162%20B%20delta%20fol./42/SECONDARY_DISPLAY" width="1688px" height="2466px"/>
			<graphic mimeType="pdf" url="AM%20162%20B%20delta%20fol./42/WEB_DISPLAY"/>
		</surface>
		<surface xml:id="AM02-0162B-delta-0021v" n="43">
			<desc>0021v</desc>
			<graphic mimeType="pdf" url="AM%20162%20B%20delta%20fol./43/HIGH_QUALITY_DISPLAY"/>
			<graphic mimeType="jpg" url="AM%20162%20B%20delta%20fol./43/THUMBNAIL" width="200px" height="291px"/>
			<graphic mimeType="jpg" url="AM%20162%20B%20delta%20fol./43/SECONDARY_DISPLAY" width="1708px" height="2482px"/>
			<graphic mimeType="pdf" url="AM%20162%20B%20delta%20fol./43/WEB_DISPLAY"/>
		</surface>
		<surface xml:id="AM02-0162B-delta-0022r" n="44">
			<desc>0022r</desc>
			<graphic mimeType="pdf" url="AM%20162%20B%20delta%20fol./44/HIGH_QUALITY_DISPLAY"/>
			<graphic mimeType="jpg" url="AM%20162%20B%20delta%20fol./44/THUMBNAIL" width="200px" height="289px"/>
			<graphic mimeType="jpg" url="AM%20162%20B%20delta%20fol./44/SECONDARY_DISPLAY" width="1700px" height="2454px"/>
			<graphic mimeType="pdf" url="AM%20162%20B%20delta%20fol./44/WEB_DISPLAY"/>
		</surface>
		<surface xml:id="AM02-0162B-delta-0022v" n="45">
			<desc>0022v</desc>
			<graphic mimeType="pdf" url="AM%20162%20B%20delta%20fol./45/HIGH_QUALITY_DISPLAY"/>
			<graphic mimeType="jpg" url="AM%20162%20B%20delta%20fol./45/THUMBNAIL" width="200px" height="288px"/>
			<graphic mimeType="jpg" url="AM%20162%20B%20delta%20fol./45/SECONDARY_DISPLAY" width="1716px" height="2466px"/>
			<graphic mimeType="pdf" url="AM%20162%20B%20delta%20fol./45/WEB_DISPLAY"/>
		</surface>
		<surface xml:id="AM02-0162B-delta-0023r" n="46">
			<desc>0023r</desc>
			<graphic mimeType="pdf" url="AM%20162%20B%20delta%20fol./46/HIGH_QUALITY_DISPLAY"/>
			<graphic mimeType="jpg" url="AM%20162%20B%20delta%20fol./46/THUMBNAIL" width="200px" height="299px"/>
			<graphic mimeType="jpg" url="AM%20162%20B%20delta%20fol./46/SECONDARY_DISPLAY" width="1656px" height="2478px"/>
			<graphic mimeType="pdf" url="AM%20162%20B%20delta%20fol./46/WEB_DISPLAY"/>
		</surface>
		<surface xml:id="AM02-0162B-delta-0023v" n="47">
			<desc>0023v</desc>
			<graphic mimeType="pdf" url="AM%20162%20B%20delta%20fol./47/HIGH_QUALITY_DISPLAY"/>
			<graphic mimeType="jpg" url="AM%20162%20B%20delta%20fol./47/THUMBNAIL" width="200px" height="298px"/>
			<graphic mimeType="jpg" url="AM%20162%20B%20delta%20fol./47/SECONDARY_DISPLAY" width="1688px" height="2518px"/>
			<graphic mimeType="pdf" url="AM%20162%20B%20delta%20fol./47/WEB_DISPLAY"/>
		</surface>
		<surface xml:id="AM02-0162B-delta-0024r" n="48">
			<desc>0024r</desc>
			<graphic mimeType="pdf" url="AM%20162%20B%20delta%20fol./48/HIGH_QUALITY_DISPLAY"/>
			<graphic mimeType="jpg" url="AM%20162%20B%20delta%20fol./48/THUMBNAIL" width="200px" height="285px"/>
			<graphic mimeType="jpg" url="AM%20162%20B%20delta%20fol./48/SECONDARY_DISPLAY" width="1736px" height="2474px"/>
			<graphic mimeType="pdf" url="AM%20162%20B%20delta%20fol./48/WEB_DISPLAY"/>
		</surface>
		<surface xml:id="AM02-0162B-delta-0024v" n="49">
			<desc>0024v</desc>
			<graphic mimeType="pdf" url="AM%20162%20B%20delta%20fol./49/HIGH_QUALITY_DISPLAY"/>
			<graphic mimeType="jpg" url="AM%20162%20B%20delta%20fol./49/THUMBNAIL" width="200px" height="273px"/>
			<graphic mimeType="jpg" url="AM%20162%20B%20delta%20fol./49/SECONDARY_DISPLAY" width="1820px" height="2482px"/>
			<graphic mimeType="pdf" url="AM%20162%20B%20delta%20fol./49/WEB_DISPLAY"/>
		</surface>
		<surface xml:id="AM02-0162B-delta-addMat02r" n="50">
			<desc>addMat02r</desc>
			<graphic mimeType="pdf" url="AM%20162%20B%20delta%20fol./50/HIGH_QUALITY_DISPLAY"/>
			<graphic mimeType="jpg" url="AM%20162%20B%20delta%20fol./50/THUMBNAIL" width="200px" height="256px"/>
			<graphic mimeType="jpg" url="AM%20162%20B%20delta%20fol./50/SECONDARY_DISPLAY" width="2424px" height="3102px"/>
			<graphic mimeType="pdf" url="AM%20162%20B%20delta%20fol./50/WEB_DISPLAY"/>
		</surface>
		<surface xml:id="AM02-0162B-delta-addMat02v" n="51">
			<desc>addMat02v</desc>
			<graphic mimeType="pdf" url="AM%20162%20B%20delta%20fol./51/HIGH_QUALITY_DISPLAY"/>
			<graphic mimeType="jpg" url="AM%20162%20B%20delta%20fol./51/THUMBNAIL" width="200px" height="244px"/>
			<graphic mimeType="jpg" url="AM%20162%20B%20delta%20fol./51/SECONDARY_DISPLAY" width="2564px" height="3126px"/>
			<graphic mimeType="pdf" url="AM%20162%20B%20delta%20fol./51/WEB_DISPLAY"/>
		</surface>
		<surface xml:id="AM02-0162B-delta-ccp" n="52">
			<desc>ccp</desc>
			<graphic mimeType="pdf" url="AM%20162%20B%20delta%20fol./52/HIGH_QUALITY_DISPLAY"/>
			<graphic mimeType="jpg" url="AM%20162%20B%20delta%20fol./52/THUMBNAIL" width="200px" height="271px"/>
			<graphic mimeType="jpg" url="AM%20162%20B%20delta%20fol./52/SECONDARY_DISPLAY" width="2004px" height="2718px"/>
			<graphic mimeType="pdf" url="AM%20162%20B%20delta%20fol./52/WEB_DISPLAY"/>
		</surface>
	</facsimile>
	<text>
  
      <body>
         
         <p/>
      </body> 
 
   </text> 

</TEI>