<?xml version="1.0" encoding="UTF-8"?>
<?oxygen RNGSchema="http://www.handrit.is/schema/handrit-1.0.rnc" type="compact"?>
<TEI xmlns="http://www.tei-c.org/ns/1.0">
   <teiHeader>
      <fileDesc>
         <titleStmt>
            <title type="main">AM 1 e alfa fol.</title>
         </titleStmt>
         <publicationStmt>
            <authority>Den Arnamagnæanske Samling</authority>
            <pubPlace>København</pubPlace>
         </publicationStmt>
         <sourceDesc>
            <msDesc xml:id="AM02-0001-e-alpha-en" xml:lang="en">
               <msIdentifier>
                  <country>Denmark</country>
                  <settlement>København</settlement>
                  <repository>Den Arnamagnæanske Samling</repository>
                  <idno>AM 1 e alfa fol.</idno>
                  <altIdentifier type="internal" subtype="KKKat">
                     <idno>6</idno>
                  </altIdentifier>
               </msIdentifier>
               <head>
                  <title>Sögubrot af nokkrum fornkonungum í Dana ok Svía veldi</title>;
        <origPlace>Iceland</origPlace>, <origDate notBefore="1675" notAfter="1699">s. XVII
           4/4</origDate>. <note>Transcript of <title type="uniform">Sögubrot af nokkrum fornkonungum í Dana ok Svía veldi</title> corresponding to
                <ref type="ms" target="AM02-001-a-en.xml">AM 1 a fol</ref>. The differences from AM
            1 a fol. are corrected by <name type="person" key="ArnMag001">Árni
        Magnússon</name>.</note>
               </head>
               <msContents>
                  <msItem class="forn">
                     <locus from="1r:1" facs="#AM02-0001-e-alpha-1r:1" to="14v:17">1r-14v</locus>
                     <title type="uniform">Sögubrot af nokkrum fornkonungum í Dana ok Svía veldi</title>
                     <rubric>Sỏgubrot af nockrum fornkongum <lb/> i Dana og Svyavellde, Ivare
                vydfadma <lb/> Helga hinum hvassa, Hæreke og Har<lb rend="hyphenated"/>allde
                    Hilldetỏn<ex>n</ex>, med Bravallar Bardaga <lb/> og nockud af Sigurde
                hring, Epter þuj <lb/> sem fundist hefur a nockrum nidurlagz <lb/> Saurblaudum
                Sundurlausum. <lb/> Ord audar vid faudur Sin<ex>n</ex> fram<ex>m</ex>ber<lb rend="hyphenated"/>anda ord helga med underhiggiu;</rubric>
                     <incipit>....Sie eg ad þetta mál þarf ad Lẏtt sie fram<ex>m</ex>
                        <lb/>borid</incipit>
                     <explicit>folk er Alf<ex>ar</ex> kalladist, v<ex>ar</ex> miklu fryd<ex>ar</ex>a <lb/>
                    en<ex>n</ex> an<ex>n</ex>ad man<ex>n</ex>kin a nord<ex>ur</ex>lỏndum.</explicit>
                     <listBibl>
                        <bibl>Rafn, <ref type="primary-3" target="AntR">Antiquités Russes</ref>
                           <biblScope type="volume">I</biblScope>
                           <biblScope type="pages">67-86</biblScope> 
                           <note>Ed. F. Wrong shelfmark <q xml:lang="da">Nr.
                        1eδ</q>
                           </note>
                        </bibl>
                        <bibl>Rafn, <ref type="primary-3" target="FASNRafn">Fornaldar Sögur
                        Nordrlanda</ref>
                           <biblScope type="volume">I</biblScope>
                           <biblScope type="pages">361-388</biblScope>
                           <note>Ed. F. Wrong shelfmark <q xml:lang="da">Nr.
                1eδ</q>
                           </note>
                        </bibl>
                     </listBibl>
                  </msItem>
               </msContents>
               <physDesc>
                  <objectDesc form="codex">
                     <supportDesc material="chart">
                        <support>
                           <p>
                              <material>Paper</material>. </p>
                        </support>
                        <extent>15. Fol. <locus facs="#AM02-0001-e-alpha-0015r">15</locus> is blank. <dimensions type="leaf" scope="all">
                              <height>213</height>
                              <width>165</width>
                           </dimensions>.</extent>
                        <foliation>
                           <p>Foliated 1-14 in red ink in top outer corners by <name type="person" key="KriKaa001">Kålund</name>. Paginated 1-29 in dark ink in top outer
                        corners.</p>
                        </foliation>
                     </supportDesc>
                     <layoutDesc>
                        <layout columns="1" writtenLines="20 22">
                           <p>Written in one column with 20 to 22 lines per page.</p>
                        </layout>
                     </layoutDesc>
                  </objectDesc>
                  <additions>
                     <p>
                        <name type="person" key="ArnMag001">Árni Magnússon</name> compared the manuscript with
                    <ref type="ms">AM 1 a fol.</ref> and corrected the differences.</p>
                  </additions>
               </physDesc>
               <history>
                  <origin>
                     <p>Written in <origPlace>Iceland</origPlace> in the <origDate notBefore="1675" notAfter="1699">fourth quarter of the seventeenth century</origDate>.</p>
                  </origin>
               </history>
               <additional>
                  <adminInfo>
                     <recordHist>
                        <p>Catalogued <date when="2008-05-27">27 May 2008</date> by <name type="person" key="SilHuf001">Silvia Hufnagel</name>.</p>
                     </recordHist>
                  </adminInfo>
                  <listBibl>
                     <bibl>Kålund, <ref type="secondary" target="KKKat">Katalog</ref>
                        <biblScope type="volume">I</biblScope>
                        <biblScope type="pages">4</biblScope>
                     </bibl>
                     <bibl>
                        <ref type="secondary" target="STUAGNL46">Sǫgur Danakonunga</ref>
                        <biblScope type="pages">viii-ix</biblScope>
                     </bibl>
                  </listBibl>
               </additional>
            </msDesc>
         </sourceDesc>
      </fileDesc>
      <revisionDesc>
         <change when="2018-10-03" who="KatKap001">Updated the uniform title.
         </change>
      </revisionDesc>
   </teiHeader>
	<facsimile xml:base="https://myndir.handrit.is/file/Handrit.is/">
		<surface xml:id="AM02-0001-e-alpha-0000v-FB" n="0">
			<desc>0000v-FB</desc>
			<graphic mimeType="pdf" url="AM%201%20e%20alfa%20fol./0/HIGH_QUALITY_DISPLAY"/>
			<graphic mimeType="jpg" url="AM%201%20e%20alfa%20fol./0/THUMBNAIL" width="200px" height="268px"/>
			<graphic mimeType="jpg" url="AM%201%20e%20alfa%20fol./0/SECONDARY_DISPLAY" width="2096px" height="2810px"/>
			<graphic mimeType="pdf" url="AM%201%20e%20alfa%20fol./0/WEB_DISPLAY"/>
		</surface>
		<surface xml:id="AM02-0001-e-alpha-0001r" n="1">
			<desc>0001r</desc>
			<graphic mimeType="pdf" url="AM%201%20e%20alfa%20fol./1/HIGH_QUALITY_DISPLAY"/>
			<graphic mimeType="jpg" url="AM%201%20e%20alfa%20fol./1/THUMBNAIL" width="200px" height="268px"/>
			<graphic mimeType="jpg" url="AM%201%20e%20alfa%20fol./1/SECONDARY_DISPLAY" width="2096px" height="2811px"/>
			<graphic mimeType="pdf" url="AM%201%20e%20alfa%20fol./1/WEB_DISPLAY"/>
		</surface>
		<surface xml:id="AM02-0001-e-alpha-0001v" n="2">
			<desc>0001v</desc>
			<graphic mimeType="pdf" url="AM%201%20e%20alfa%20fol./2/HIGH_QUALITY_DISPLAY"/>
			<graphic mimeType="jpg" url="AM%201%20e%20alfa%20fol./2/THUMBNAIL" width="200px" height="268px"/>
			<graphic mimeType="jpg" url="AM%201%20e%20alfa%20fol./2/SECONDARY_DISPLAY" width="2104px" height="2813px"/>
			<graphic mimeType="pdf" url="AM%201%20e%20alfa%20fol./2/WEB_DISPLAY"/>
		</surface>
		<surface xml:id="AM02-0001-e-alpha-0002r" n="3">
			<desc>0002r</desc>
			<graphic mimeType="pdf" url="AM%201%20e%20alfa%20fol./3/HIGH_QUALITY_DISPLAY"/>
			<graphic mimeType="jpg" url="AM%201%20e%20alfa%20fol./3/THUMBNAIL" width="200px" height="267px"/>
			<graphic mimeType="jpg" url="AM%201%20e%20alfa%20fol./3/SECONDARY_DISPLAY" width="2104px" height="2812px"/>
			<graphic mimeType="pdf" url="AM%201%20e%20alfa%20fol./3/WEB_DISPLAY"/>
		</surface>
		<surface xml:id="AM02-0001-e-alpha-0002v" n="4">
			<desc>0002v</desc>
			<graphic mimeType="pdf" url="AM%201%20e%20alfa%20fol./4/HIGH_QUALITY_DISPLAY"/>
			<graphic mimeType="jpg" url="AM%201%20e%20alfa%20fol./4/THUMBNAIL" width="200px" height="268px"/>
			<graphic mimeType="jpg" url="AM%201%20e%20alfa%20fol./4/SECONDARY_DISPLAY" width="2096px" height="2810px"/>
			<graphic mimeType="pdf" url="AM%201%20e%20alfa%20fol./4/WEB_DISPLAY"/>
		</surface>
		<surface xml:id="AM02-0001-e-alpha-0003r" n="5">
			<desc>0003r</desc>
			<graphic mimeType="pdf" url="AM%201%20e%20alfa%20fol./5/HIGH_QUALITY_DISPLAY"/>
			<graphic mimeType="jpg" url="AM%201%20e%20alfa%20fol./5/THUMBNAIL" width="200px" height="268px"/>
			<graphic mimeType="jpg" url="AM%201%20e%20alfa%20fol./5/SECONDARY_DISPLAY" width="2104px" height="2814px"/>
			<graphic mimeType="pdf" url="AM%201%20e%20alfa%20fol./5/WEB_DISPLAY"/>
		</surface>
		<surface xml:id="AM02-0001-e-alpha-0003v" n="6">
			<desc>0003v</desc>
			<graphic mimeType="pdf" url="AM%201%20e%20alfa%20fol./6/HIGH_QUALITY_DISPLAY"/>
			<graphic mimeType="jpg" url="AM%201%20e%20alfa%20fol./6/THUMBNAIL" width="200px" height="268px"/>
			<graphic mimeType="jpg" url="AM%201%20e%20alfa%20fol./6/SECONDARY_DISPLAY" width="2096px" height="2812px"/>
			<graphic mimeType="pdf" url="AM%201%20e%20alfa%20fol./6/WEB_DISPLAY"/>
		</surface>
		<surface xml:id="AM02-0001-e-alpha-0004r" n="7">
			<desc>0004r</desc>
			<graphic mimeType="pdf" url="AM%201%20e%20alfa%20fol./7/HIGH_QUALITY_DISPLAY"/>
			<graphic mimeType="jpg" url="AM%201%20e%20alfa%20fol./7/THUMBNAIL" width="200px" height="268px"/>
			<graphic mimeType="jpg" url="AM%201%20e%20alfa%20fol./7/SECONDARY_DISPLAY" width="2096px" height="2812px"/>
			<graphic mimeType="pdf" url="AM%201%20e%20alfa%20fol./7/WEB_DISPLAY"/>
		</surface>
		<surface xml:id="AM02-0001-e-alpha-0004v" n="8">
			<desc>0004v</desc>
			<graphic mimeType="pdf" url="AM%201%20e%20alfa%20fol./8/HIGH_QUALITY_DISPLAY"/>
			<graphic mimeType="jpg" url="AM%201%20e%20alfa%20fol./8/THUMBNAIL" width="200px" height="268px"/>
			<graphic mimeType="jpg" url="AM%201%20e%20alfa%20fol./8/SECONDARY_DISPLAY" width="2096px" height="2811px"/>
			<graphic mimeType="pdf" url="AM%201%20e%20alfa%20fol./8/WEB_DISPLAY"/>
		</surface>
		<surface xml:id="AM02-0001-e-alpha-0005r" n="9">
			<desc>0005r</desc>
			<graphic mimeType="pdf" url="AM%201%20e%20alfa%20fol./9/HIGH_QUALITY_DISPLAY"/>
			<graphic mimeType="jpg" url="AM%201%20e%20alfa%20fol./9/THUMBNAIL" width="200px" height="268px"/>
			<graphic mimeType="jpg" url="AM%201%20e%20alfa%20fol./9/SECONDARY_DISPLAY" width="2096px" height="2812px"/>
			<graphic mimeType="pdf" url="AM%201%20e%20alfa%20fol./9/WEB_DISPLAY"/>
		</surface>
		<surface xml:id="AM02-0001-e-alpha-0005v" n="10">
			<desc>0005v</desc>
			<graphic mimeType="pdf" url="AM%201%20e%20alfa%20fol./10/HIGH_QUALITY_DISPLAY"/>
			<graphic mimeType="jpg" url="AM%201%20e%20alfa%20fol./10/THUMBNAIL" width="200px" height="268px"/>
			<graphic mimeType="jpg" url="AM%201%20e%20alfa%20fol./10/SECONDARY_DISPLAY" width="2096px" height="2812px"/>
			<graphic mimeType="pdf" url="AM%201%20e%20alfa%20fol./10/WEB_DISPLAY"/>
		</surface>
		<surface xml:id="AM02-0001-e-alpha-0006r" n="11">
			<desc>0006r</desc>
			<graphic mimeType="pdf" url="AM%201%20e%20alfa%20fol./11/HIGH_QUALITY_DISPLAY"/>
			<graphic mimeType="jpg" url="AM%201%20e%20alfa%20fol./11/THUMBNAIL" width="200px" height="269px"/>
			<graphic mimeType="jpg" url="AM%201%20e%20alfa%20fol./11/SECONDARY_DISPLAY" width="2088px" height="2809px"/>
			<graphic mimeType="pdf" url="AM%201%20e%20alfa%20fol./11/WEB_DISPLAY"/>
		</surface>
		<surface xml:id="AM02-0001-e-alpha-0006v" n="12">
			<desc>0006v</desc>
			<graphic mimeType="pdf" url="AM%201%20e%20alfa%20fol./12/HIGH_QUALITY_DISPLAY"/>
			<graphic mimeType="jpg" url="AM%201%20e%20alfa%20fol./12/THUMBNAIL" width="200px" height="267px"/>
			<graphic mimeType="jpg" url="AM%201%20e%20alfa%20fol./12/SECONDARY_DISPLAY" width="2104px" height="2812px"/>
			<graphic mimeType="pdf" url="AM%201%20e%20alfa%20fol./12/WEB_DISPLAY"/>
		</surface>
		<surface xml:id="AM02-0001-e-alpha-0007r" n="13">
			<desc>0007r</desc>
			<graphic mimeType="pdf" url="AM%201%20e%20alfa%20fol./13/HIGH_QUALITY_DISPLAY"/>
			<graphic mimeType="jpg" url="AM%201%20e%20alfa%20fol./13/THUMBNAIL" width="200px" height="267px"/>
			<graphic mimeType="jpg" url="AM%201%20e%20alfa%20fol./13/SECONDARY_DISPLAY" width="2104px" height="2811px"/>
			<graphic mimeType="pdf" url="AM%201%20e%20alfa%20fol./13/WEB_DISPLAY"/>
		</surface>
		<surface xml:id="AM02-0001-e-alpha-0007v" n="14">
			<desc>0007v</desc>
			<graphic mimeType="pdf" url="AM%201%20e%20alfa%20fol./14/HIGH_QUALITY_DISPLAY"/>
			<graphic mimeType="jpg" url="AM%201%20e%20alfa%20fol./14/THUMBNAIL" width="200px" height="268px"/>
			<graphic mimeType="jpg" url="AM%201%20e%20alfa%20fol./14/SECONDARY_DISPLAY" width="2096px" height="2812px"/>
			<graphic mimeType="pdf" url="AM%201%20e%20alfa%20fol./14/WEB_DISPLAY"/>
		</surface>
		<surface xml:id="AM02-0001-e-alpha-0008r" n="15">
			<desc>0008r</desc>
			<graphic mimeType="pdf" url="AM%201%20e%20alfa%20fol./15/HIGH_QUALITY_DISPLAY"/>
			<graphic mimeType="jpg" url="AM%201%20e%20alfa%20fol./15/THUMBNAIL" width="200px" height="268px"/>
			<graphic mimeType="jpg" url="AM%201%20e%20alfa%20fol./15/SECONDARY_DISPLAY" width="2096px" height="2812px"/>
			<graphic mimeType="pdf" url="AM%201%20e%20alfa%20fol./15/WEB_DISPLAY"/>
		</surface>
		<surface xml:id="AM02-0001-e-alpha-0008v" n="16">
			<desc>0008v</desc>
			<graphic mimeType="pdf" url="AM%201%20e%20alfa%20fol./16/HIGH_QUALITY_DISPLAY"/>
			<graphic mimeType="jpg" url="AM%201%20e%20alfa%20fol./16/THUMBNAIL" width="200px" height="268px"/>
			<graphic mimeType="jpg" url="AM%201%20e%20alfa%20fol./16/SECONDARY_DISPLAY" width="2096px" height="2810px"/>
			<graphic mimeType="pdf" url="AM%201%20e%20alfa%20fol./16/WEB_DISPLAY"/>
		</surface>
		<surface xml:id="AM02-0001-e-alpha-0009r" n="17">
			<desc>0009r</desc>
			<graphic mimeType="pdf" url="AM%201%20e%20alfa%20fol./17/HIGH_QUALITY_DISPLAY"/>
			<graphic mimeType="jpg" url="AM%201%20e%20alfa%20fol./17/THUMBNAIL" width="200px" height="267px"/>
			<graphic mimeType="jpg" url="AM%201%20e%20alfa%20fol./17/SECONDARY_DISPLAY" width="2104px" height="2810px"/>
			<graphic mimeType="pdf" url="AM%201%20e%20alfa%20fol./17/WEB_DISPLAY"/>
		</surface>
		<surface xml:id="AM02-0001-e-alpha-0009v" n="18">
			<desc>0009v</desc>
			<graphic mimeType="pdf" url="AM%201%20e%20alfa%20fol./18/HIGH_QUALITY_DISPLAY"/>
			<graphic mimeType="jpg" url="AM%201%20e%20alfa%20fol./18/THUMBNAIL" width="200px" height="267px"/>
			<graphic mimeType="jpg" url="AM%201%20e%20alfa%20fol./18/SECONDARY_DISPLAY" width="2104px" height="2812px"/>
			<graphic mimeType="pdf" url="AM%201%20e%20alfa%20fol./18/WEB_DISPLAY"/>
		</surface>
		<surface xml:id="AM02-0001-e-alpha-0010r" n="19">
			<desc>0010r</desc>
			<graphic mimeType="pdf" url="AM%201%20e%20alfa%20fol./19/HIGH_QUALITY_DISPLAY"/>
			<graphic mimeType="jpg" url="AM%201%20e%20alfa%20fol./19/THUMBNAIL" width="200px" height="268px"/>
			<graphic mimeType="jpg" url="AM%201%20e%20alfa%20fol./19/SECONDARY_DISPLAY" width="2096px" height="2812px"/>
			<graphic mimeType="pdf" url="AM%201%20e%20alfa%20fol./19/WEB_DISPLAY"/>
		</surface>
		<surface xml:id="AM02-0001-e-alpha-0010v" n="20">
			<desc>0010v</desc>
			<graphic mimeType="pdf" url="AM%201%20e%20alfa%20fol./20/HIGH_QUALITY_DISPLAY"/>
			<graphic mimeType="jpg" url="AM%201%20e%20alfa%20fol./20/THUMBNAIL" width="200px" height="269px"/>
			<graphic mimeType="jpg" url="AM%201%20e%20alfa%20fol./20/SECONDARY_DISPLAY" width="2088px" height="2809px"/>
			<graphic mimeType="pdf" url="AM%201%20e%20alfa%20fol./20/WEB_DISPLAY"/>
		</surface>
		<surface xml:id="AM02-0001-e-alpha-0011r" n="21">
			<desc>0011r</desc>
			<graphic mimeType="pdf" url="AM%201%20e%20alfa%20fol./21/HIGH_QUALITY_DISPLAY"/>
			<graphic mimeType="jpg" url="AM%201%20e%20alfa%20fol./21/THUMBNAIL" width="200px" height="268px"/>
			<graphic mimeType="jpg" url="AM%201%20e%20alfa%20fol./21/SECONDARY_DISPLAY" width="2096px" height="2813px"/>
			<graphic mimeType="pdf" url="AM%201%20e%20alfa%20fol./21/WEB_DISPLAY"/>
		</surface>
		<surface xml:id="AM02-0001-e-alpha-0011v" n="22">
			<desc>0011v</desc>
			<graphic mimeType="pdf" url="AM%201%20e%20alfa%20fol./22/HIGH_QUALITY_DISPLAY"/>
			<graphic mimeType="jpg" url="AM%201%20e%20alfa%20fol./22/THUMBNAIL" width="200px" height="268px"/>
			<graphic mimeType="jpg" url="AM%201%20e%20alfa%20fol./22/SECONDARY_DISPLAY" width="2096px" height="2808px"/>
			<graphic mimeType="pdf" url="AM%201%20e%20alfa%20fol./22/WEB_DISPLAY"/>
		</surface>
		<surface xml:id="AM02-0001-e-alpha-0012r" n="23">
			<desc>0012r</desc>
			<graphic mimeType="pdf" url="AM%201%20e%20alfa%20fol./23/HIGH_QUALITY_DISPLAY"/>
			<graphic mimeType="jpg" url="AM%201%20e%20alfa%20fol./23/THUMBNAIL" width="200px" height="268px"/>
			<graphic mimeType="jpg" url="AM%201%20e%20alfa%20fol./23/SECONDARY_DISPLAY" width="2096px" height="2813px"/>
			<graphic mimeType="pdf" url="AM%201%20e%20alfa%20fol./23/WEB_DISPLAY"/>
		</surface>
		<surface xml:id="AM02-0001-e-alpha-0012v" n="24">
			<desc>0012v</desc>
			<graphic mimeType="pdf" url="AM%201%20e%20alfa%20fol./24/HIGH_QUALITY_DISPLAY"/>
			<graphic mimeType="jpg" url="AM%201%20e%20alfa%20fol./24/THUMBNAIL" width="200px" height="268px"/>
			<graphic mimeType="jpg" url="AM%201%20e%20alfa%20fol./24/SECONDARY_DISPLAY" width="2096px" height="2812px"/>
			<graphic mimeType="pdf" url="AM%201%20e%20alfa%20fol./24/WEB_DISPLAY"/>
		</surface>
		<surface xml:id="AM02-0001-e-alpha-0013r" n="25">
			<desc>0013r</desc>
			<graphic mimeType="pdf" url="AM%201%20e%20alfa%20fol./25/HIGH_QUALITY_DISPLAY"/>
			<graphic mimeType="jpg" url="AM%201%20e%20alfa%20fol./25/THUMBNAIL" width="200px" height="268px"/>
			<graphic mimeType="jpg" url="AM%201%20e%20alfa%20fol./25/SECONDARY_DISPLAY" width="2096px" height="2811px"/>
			<graphic mimeType="pdf" url="AM%201%20e%20alfa%20fol./25/WEB_DISPLAY"/>
		</surface>
		<surface xml:id="AM02-0001-e-alpha-0013v" n="26">
			<desc>0013v</desc>
			<graphic mimeType="pdf" url="AM%201%20e%20alfa%20fol./26/HIGH_QUALITY_DISPLAY"/>
			<graphic mimeType="jpg" url="AM%201%20e%20alfa%20fol./26/THUMBNAIL" width="200px" height="268px"/>
			<graphic mimeType="jpg" url="AM%201%20e%20alfa%20fol./26/SECONDARY_DISPLAY" width="2096px" height="2812px"/>
			<graphic mimeType="pdf" url="AM%201%20e%20alfa%20fol./26/WEB_DISPLAY"/>
		</surface>
		<surface xml:id="AM02-0001-e-alpha-0014r" n="27">
			<desc>0014r</desc>
			<graphic mimeType="pdf" url="AM%201%20e%20alfa%20fol./27/HIGH_QUALITY_DISPLAY"/>
			<graphic mimeType="jpg" url="AM%201%20e%20alfa%20fol./27/THUMBNAIL" width="200px" height="268px"/>
			<graphic mimeType="jpg" url="AM%201%20e%20alfa%20fol./27/SECONDARY_DISPLAY" width="2096px" height="2809px"/>
			<graphic mimeType="pdf" url="AM%201%20e%20alfa%20fol./27/WEB_DISPLAY"/>
		</surface>
		<surface xml:id="AM02-0001-e-alpha-0014v" n="28">
			<desc>0014v</desc>
			<graphic mimeType="pdf" url="AM%201%20e%20alfa%20fol./28/HIGH_QUALITY_DISPLAY"/>
			<graphic mimeType="jpg" url="AM%201%20e%20alfa%20fol./28/THUMBNAIL" width="200px" height="268px"/>
			<graphic mimeType="jpg" url="AM%201%20e%20alfa%20fol./28/SECONDARY_DISPLAY" width="2096px" height="2813px"/>
			<graphic mimeType="pdf" url="AM%201%20e%20alfa%20fol./28/WEB_DISPLAY"/>
		</surface>
		<surface xml:id="AM02-0001-e-alpha-0015r" n="29">
			<desc>0015r</desc>
			<graphic mimeType="pdf" url="AM%201%20e%20alfa%20fol./29/HIGH_QUALITY_DISPLAY"/>
			<graphic mimeType="jpg" url="AM%201%20e%20alfa%20fol./29/THUMBNAIL" width="200px" height="268px"/>
			<graphic mimeType="jpg" url="AM%201%20e%20alfa%20fol./29/SECONDARY_DISPLAY" width="2096px" height="2810px"/>
			<graphic mimeType="pdf" url="AM%201%20e%20alfa%20fol./29/WEB_DISPLAY"/>
		</surface>
		<surface xml:id="AM02-0001-e-alpha-accMat01r" n="30">
			<desc>accMat01r</desc>
			<graphic mimeType="pdf" url="AM%201%20e%20alfa%20fol./30/HIGH_QUALITY_DISPLAY"/>
			<graphic mimeType="jpg" url="AM%201%20e%20alfa%20fol./30/THUMBNAIL" width="134px" height="300px"/>
			<graphic mimeType="jpg" url="AM%201%20e%20alfa%20fol./30/SECONDARY_DISPLAY" width="1104px" height="2472px"/>
			<graphic mimeType="pdf" url="AM%201%20e%20alfa%20fol./30/WEB_DISPLAY"/>
		</surface>
	</facsimile>
</TEI>