<?xml version="1.0" encoding="UTF-8"?>
<?oxygen RNGSchema="http://www.handrit.is/schema/handrit-1.0.rnc" type="compact"?>
<TEI xmlns="http://www.tei-c.org/ns/1.0">
   <teiHeader>
      <fileDesc>
         <titleStmt>
            <title type="main"/>
         </titleStmt>
         <publicationStmt>
            <authority>Den Arnamagnæanske Samling</authority>
            <pubPlace>København</pubPlace>
         </publicationStmt>
         <sourceDesc>
            <msDesc xml:id="AM02-0012-b-en" xml:lang="en">
               <msIdentifier>
                  <country>Denmark</country>
                  <settlement>København</settlement>
                  <repository>Den Arnamagnæanske Samling</repository>
                  <idno>AM 12 b fol.</idno>
                  <altIdentifier type="internal" subtype="KKKat">
                     <idno>22</idno>
                  </altIdentifier>
               </msIdentifier>
               <head>
                  <title type="uniform" xml:lang="is">Hrólfs saga kraka</title>;
        <origPlace>Iceland</origPlace>,
        <origDate notBefore="1600" notAfter="1700">s. XVII</origDate>
               </head>
               <physDesc>
                  <objectDesc form="codex">
                     <supportDesc material="chart">
                        <support>
                           <p>
                              <material>Paper</material>
                           </p>
                        </support>				
                        <extent>25. 
                    <dimensions type="leaf" scope="all">
                              <height>317</height>
                              <width>197</width>
                           </dimensions>
                        </extent>
                     </supportDesc>
                  </objectDesc>
                  <handDesc hands="1">
                     <handNote scribe="JonErl001" scope="sole" script="unknown">
                        <p>
Written by Jón Erlendsson.</p>
                     </handNote>
                  </handDesc> 
               </physDesc>
            </msDesc>
         </sourceDesc>
      </fileDesc>
   </teiHeader>
	<facsimile xml:base="https://myndir.handrit.is/file/Handrit.is/">
		<surface xml:id="AM02-0012-b-0000r-FB" n="0">
			<desc>0000r-FB</desc>
			<graphic mimeType="pdf" url="AM%2012%20b%20fol./0/HIGH_QUALITY_DISPLAY"/>
			<graphic mimeType="jpg" url="AM%2012%20b%20fol./0/THUMBNAIL" width="200px" height="282px"/>
			<graphic mimeType="jpg" url="AM%2012%20b%20fol./0/SECONDARY_DISPLAY" width="2480px" height="3494px"/>
			<graphic mimeType="pdf" url="AM%2012%20b%20fol./0/WEB_DISPLAY"/>
		</surface>
		<surface xml:id="AM02-0012-b-0000v-FB" n="1">
			<desc>0000v-FB</desc>
			<graphic mimeType="pdf" url="AM%2012%20b%20fol./1/HIGH_QUALITY_DISPLAY"/>
			<graphic mimeType="jpg" url="AM%2012%20b%20fol./1/THUMBNAIL" width="200px" height="283px"/>
			<graphic mimeType="jpg" url="AM%2012%20b%20fol./1/SECONDARY_DISPLAY" width="2472px" height="3492px"/>
			<graphic mimeType="pdf" url="AM%2012%20b%20fol./1/WEB_DISPLAY"/>
		</surface>
		<surface xml:id="AM02-0012-b-0001r" n="2">
			<desc>0001r</desc>
			<graphic mimeType="pdf" url="AM%2012%20b%20fol./2/HIGH_QUALITY_DISPLAY"/>
			<graphic mimeType="jpg" url="AM%2012%20b%20fol./2/THUMBNAIL" width="200px" height="300px"/>
			<graphic mimeType="jpg" url="AM%2012%20b%20fol./2/SECONDARY_DISPLAY" width="2384px" height="3578px"/>
			<graphic mimeType="pdf" url="AM%2012%20b%20fol./2/WEB_DISPLAY"/>
		</surface>
		<surface xml:id="AM02-0012-b-0001v" n="3">
			<desc>0001v</desc>
			<graphic mimeType="pdf" url="AM%2012%20b%20fol./3/HIGH_QUALITY_DISPLAY"/>
			<graphic mimeType="jpg" url="AM%2012%20b%20fol./3/THUMBNAIL" width="200px" height="300px"/>
			<graphic mimeType="jpg" url="AM%2012%20b%20fol./3/SECONDARY_DISPLAY" width="2384px" height="3578px"/>
			<graphic mimeType="pdf" url="AM%2012%20b%20fol./3/WEB_DISPLAY"/>
		</surface>
		<surface xml:id="AM02-0012-b-0002r" n="4">
			<desc>0002r</desc>
			<graphic mimeType="pdf" url="AM%2012%20b%20fol./4/HIGH_QUALITY_DISPLAY"/>
			<graphic mimeType="jpg" url="AM%2012%20b%20fol./4/THUMBNAIL" width="199px" height="300px"/>
			<graphic mimeType="jpg" url="AM%2012%20b%20fol./4/SECONDARY_DISPLAY" width="2376px" height="3578px"/>
			<graphic mimeType="pdf" url="AM%2012%20b%20fol./4/WEB_DISPLAY"/>
		</surface>
		<surface xml:id="AM02-0012-b-0002v" n="5">
			<desc>0002v</desc>
			<graphic mimeType="pdf" url="AM%2012%20b%20fol./5/HIGH_QUALITY_DISPLAY"/>
			<graphic mimeType="jpg" url="AM%2012%20b%20fol./5/THUMBNAIL" width="199px" height="300px"/>
			<graphic mimeType="jpg" url="AM%2012%20b%20fol./5/SECONDARY_DISPLAY" width="2376px" height="3578px"/>
			<graphic mimeType="pdf" url="AM%2012%20b%20fol./5/WEB_DISPLAY"/>
		</surface>
		<surface xml:id="AM02-0012-b-0003r" n="6">
			<desc>0003r</desc>
			<graphic mimeType="pdf" url="AM%2012%20b%20fol./6/HIGH_QUALITY_DISPLAY"/>
			<graphic mimeType="jpg" url="AM%2012%20b%20fol./6/THUMBNAIL" width="200px" height="300px"/>
			<graphic mimeType="jpg" url="AM%2012%20b%20fol./6/SECONDARY_DISPLAY" width="2384px" height="3578px"/>
			<graphic mimeType="pdf" url="AM%2012%20b%20fol./6/WEB_DISPLAY"/>
		</surface>
		<surface xml:id="AM02-0012-b-0003v" n="7">
			<desc>0003v</desc>
			<graphic mimeType="pdf" url="AM%2012%20b%20fol./7/HIGH_QUALITY_DISPLAY"/>
			<graphic mimeType="jpg" url="AM%2012%20b%20fol./7/THUMBNAIL" width="200px" height="300px"/>
			<graphic mimeType="jpg" url="AM%2012%20b%20fol./7/SECONDARY_DISPLAY" width="2384px" height="3578px"/>
			<graphic mimeType="pdf" url="AM%2012%20b%20fol./7/WEB_DISPLAY"/>
		</surface>
		<surface xml:id="AM02-0012-b-0004r" n="8">
			<desc>0004r</desc>
			<graphic mimeType="pdf" url="AM%2012%20b%20fol./8/HIGH_QUALITY_DISPLAY"/>
			<graphic mimeType="jpg" url="AM%2012%20b%20fol./8/THUMBNAIL" width="200px" height="298px"/>
			<graphic mimeType="jpg" url="AM%2012%20b%20fol./8/SECONDARY_DISPLAY" width="2400px" height="3577px"/>
			<graphic mimeType="pdf" url="AM%2012%20b%20fol./8/WEB_DISPLAY"/>
		</surface>
		<surface xml:id="AM02-0012-b-0004v" n="9">
			<desc>0004v</desc>
			<graphic mimeType="pdf" url="AM%2012%20b%20fol./9/HIGH_QUALITY_DISPLAY"/>
			<graphic mimeType="jpg" url="AM%2012%20b%20fol./9/THUMBNAIL" width="200px" height="298px"/>
			<graphic mimeType="jpg" url="AM%2012%20b%20fol./9/SECONDARY_DISPLAY" width="2400px" height="3577px"/>
			<graphic mimeType="pdf" url="AM%2012%20b%20fol./9/WEB_DISPLAY"/>
		</surface>
		<surface xml:id="AM02-0012-b-0005r" n="10">
			<desc>0005r</desc>
			<graphic mimeType="pdf" url="AM%2012%20b%20fol./10/HIGH_QUALITY_DISPLAY"/>
			<graphic mimeType="jpg" url="AM%2012%20b%20fol./10/THUMBNAIL" width="200px" height="297px"/>
			<graphic mimeType="jpg" url="AM%2012%20b%20fol./10/SECONDARY_DISPLAY" width="2408px" height="3577px"/>
			<graphic mimeType="pdf" url="AM%2012%20b%20fol./10/WEB_DISPLAY"/>
		</surface>
		<surface xml:id="AM02-0012-b-0005v" n="11">
			<desc>0005v</desc>
			<graphic mimeType="pdf" url="AM%2012%20b%20fol./11/HIGH_QUALITY_DISPLAY"/>
			<graphic mimeType="jpg" url="AM%2012%20b%20fol./11/THUMBNAIL" width="200px" height="297px"/>
			<graphic mimeType="jpg" url="AM%2012%20b%20fol./11/SECONDARY_DISPLAY" width="2408px" height="3577px"/>
			<graphic mimeType="pdf" url="AM%2012%20b%20fol./11/WEB_DISPLAY"/>
		</surface>
		<surface xml:id="AM02-0012-b-0006r" n="12">
			<desc>0006r</desc>
			<graphic mimeType="pdf" url="AM%2012%20b%20fol./12/HIGH_QUALITY_DISPLAY"/>
			<graphic mimeType="jpg" url="AM%2012%20b%20fol./12/THUMBNAIL" width="200px" height="300px"/>
			<graphic mimeType="jpg" url="AM%2012%20b%20fol./12/SECONDARY_DISPLAY" width="2384px" height="3577px"/>
			<graphic mimeType="pdf" url="AM%2012%20b%20fol./12/WEB_DISPLAY"/>
		</surface>
		<surface xml:id="AM02-0012-b-0006v" n="13">
			<desc>0006v</desc>
			<graphic mimeType="pdf" url="AM%2012%20b%20fol./13/HIGH_QUALITY_DISPLAY"/>
			<graphic mimeType="jpg" url="AM%2012%20b%20fol./13/THUMBNAIL" width="200px" height="300px"/>
			<graphic mimeType="jpg" url="AM%2012%20b%20fol./13/SECONDARY_DISPLAY" width="2384px" height="3577px"/>
			<graphic mimeType="pdf" url="AM%2012%20b%20fol./13/WEB_DISPLAY"/>
		</surface>
		<surface xml:id="AM02-0012-b-0007r" n="14">
			<desc>0007r</desc>
			<graphic mimeType="pdf" url="AM%2012%20b%20fol./14/HIGH_QUALITY_DISPLAY"/>
			<graphic mimeType="jpg" url="AM%2012%20b%20fol./14/THUMBNAIL" width="199px" height="300px"/>
			<graphic mimeType="jpg" url="AM%2012%20b%20fol./14/SECONDARY_DISPLAY" width="2376px" height="3577px"/>
			<graphic mimeType="pdf" url="AM%2012%20b%20fol./14/WEB_DISPLAY"/>
		</surface>
		<surface xml:id="AM02-0012-b-0007v" n="15">
			<desc>0007v</desc>
			<graphic mimeType="pdf" url="AM%2012%20b%20fol./15/HIGH_QUALITY_DISPLAY"/>
			<graphic mimeType="jpg" url="AM%2012%20b%20fol./15/THUMBNAIL" width="200px" height="300px"/>
			<graphic mimeType="jpg" url="AM%2012%20b%20fol./15/SECONDARY_DISPLAY" width="2384px" height="3577px"/>
			<graphic mimeType="pdf" url="AM%2012%20b%20fol./15/WEB_DISPLAY"/>
		</surface>
		<surface xml:id="AM02-0012-b-0008r" n="16">
			<desc>0008r</desc>
			<graphic mimeType="pdf" url="AM%2012%20b%20fol./16/HIGH_QUALITY_DISPLAY"/>
			<graphic mimeType="jpg" url="AM%2012%20b%20fol./16/THUMBNAIL" width="199px" height="300px"/>
			<graphic mimeType="jpg" url="AM%2012%20b%20fol./16/SECONDARY_DISPLAY" width="2376px" height="3577px"/>
			<graphic mimeType="pdf" url="AM%2012%20b%20fol./16/WEB_DISPLAY"/>
		</surface>
		<surface xml:id="AM02-0012-b-0008v" n="17">
			<desc>0008v</desc>
			<graphic mimeType="pdf" url="AM%2012%20b%20fol./17/HIGH_QUALITY_DISPLAY"/>
			<graphic mimeType="jpg" url="AM%2012%20b%20fol./17/THUMBNAIL" width="200px" height="300px"/>
			<graphic mimeType="jpg" url="AM%2012%20b%20fol./17/SECONDARY_DISPLAY" width="2384px" height="3577px"/>
			<graphic mimeType="pdf" url="AM%2012%20b%20fol./17/WEB_DISPLAY"/>
		</surface>
		<surface xml:id="AM02-0012-b-0009r" n="18">
			<desc>0009r</desc>
			<graphic mimeType="pdf" url="AM%2012%20b%20fol./18/HIGH_QUALITY_DISPLAY"/>
			<graphic mimeType="jpg" url="AM%2012%20b%20fol./18/THUMBNAIL" width="199px" height="300px"/>
			<graphic mimeType="jpg" url="AM%2012%20b%20fol./18/SECONDARY_DISPLAY" width="2376px" height="3577px"/>
			<graphic mimeType="pdf" url="AM%2012%20b%20fol./18/WEB_DISPLAY"/>
		</surface>
		<surface xml:id="AM02-0012-b-0009v" n="19">
			<desc>0009v</desc>
			<graphic mimeType="pdf" url="AM%2012%20b%20fol./19/HIGH_QUALITY_DISPLAY"/>
			<graphic mimeType="jpg" url="AM%2012%20b%20fol./19/THUMBNAIL" width="200px" height="300px"/>
			<graphic mimeType="jpg" url="AM%2012%20b%20fol./19/SECONDARY_DISPLAY" width="2384px" height="3577px"/>
			<graphic mimeType="pdf" url="AM%2012%20b%20fol./19/WEB_DISPLAY"/>
		</surface>
		<surface xml:id="AM02-0012-b-0010r" n="20">
			<desc>0010r</desc>
			<graphic mimeType="pdf" url="AM%2012%20b%20fol./20/HIGH_QUALITY_DISPLAY"/>
			<graphic mimeType="jpg" url="AM%2012%20b%20fol./20/THUMBNAIL" width="200px" height="300px"/>
			<graphic mimeType="jpg" url="AM%2012%20b%20fol./20/SECONDARY_DISPLAY" width="2384px" height="3577px"/>
			<graphic mimeType="pdf" url="AM%2012%20b%20fol./20/WEB_DISPLAY"/>
		</surface>
		<surface xml:id="AM02-0012-b-0010v" n="21">
			<desc>0010v</desc>
			<graphic mimeType="pdf" url="AM%2012%20b%20fol./21/HIGH_QUALITY_DISPLAY"/>
			<graphic mimeType="jpg" url="AM%2012%20b%20fol./21/THUMBNAIL" width="199px" height="300px"/>
			<graphic mimeType="jpg" url="AM%2012%20b%20fol./21/SECONDARY_DISPLAY" width="2376px" height="3577px"/>
			<graphic mimeType="pdf" url="AM%2012%20b%20fol./21/WEB_DISPLAY"/>
		</surface>
		<surface xml:id="AM02-0012-b-0011r" n="22">
			<desc>0011r</desc>
			<graphic mimeType="pdf" url="AM%2012%20b%20fol./22/HIGH_QUALITY_DISPLAY"/>
			<graphic mimeType="jpg" url="AM%2012%20b%20fol./22/THUMBNAIL" width="200px" height="300px"/>
			<graphic mimeType="jpg" url="AM%2012%20b%20fol./22/SECONDARY_DISPLAY" width="2384px" height="3576px"/>
			<graphic mimeType="pdf" url="AM%2012%20b%20fol./22/WEB_DISPLAY"/>
		</surface>
		<surface xml:id="AM02-0012-b-0011v" n="23">
			<desc>0011v</desc>
			<graphic mimeType="pdf" url="AM%2012%20b%20fol./23/HIGH_QUALITY_DISPLAY"/>
			<graphic mimeType="jpg" url="AM%2012%20b%20fol./23/THUMBNAIL" width="199px" height="300px"/>
			<graphic mimeType="jpg" url="AM%2012%20b%20fol./23/SECONDARY_DISPLAY" width="2376px" height="3576px"/>
			<graphic mimeType="pdf" url="AM%2012%20b%20fol./23/WEB_DISPLAY"/>
		</surface>
		<surface xml:id="AM02-0012-b-0012r" n="24">
			<desc>0012r</desc>
			<graphic mimeType="pdf" url="AM%2012%20b%20fol./24/HIGH_QUALITY_DISPLAY"/>
			<graphic mimeType="jpg" url="AM%2012%20b%20fol./24/THUMBNAIL" width="199px" height="300px"/>
			<graphic mimeType="jpg" url="AM%2012%20b%20fol./24/SECONDARY_DISPLAY" width="2376px" height="3577px"/>
			<graphic mimeType="pdf" url="AM%2012%20b%20fol./24/WEB_DISPLAY"/>
		</surface>
		<surface xml:id="AM02-0012-b-0012v" n="25">
			<desc>0012v</desc>
			<graphic mimeType="pdf" url="AM%2012%20b%20fol./25/HIGH_QUALITY_DISPLAY"/>
			<graphic mimeType="jpg" url="AM%2012%20b%20fol./25/THUMBNAIL" width="199px" height="300px"/>
			<graphic mimeType="jpg" url="AM%2012%20b%20fol./25/SECONDARY_DISPLAY" width="2376px" height="3577px"/>
			<graphic mimeType="pdf" url="AM%2012%20b%20fol./25/WEB_DISPLAY"/>
		</surface>
		<surface xml:id="AM02-0012-b-0013r" n="26">
			<desc>0013r</desc>
			<graphic mimeType="pdf" url="AM%2012%20b%20fol./26/HIGH_QUALITY_DISPLAY"/>
			<graphic mimeType="jpg" url="AM%2012%20b%20fol./26/THUMBNAIL" width="199px" height="300px"/>
			<graphic mimeType="jpg" url="AM%2012%20b%20fol./26/SECONDARY_DISPLAY" width="2376px" height="3577px"/>
			<graphic mimeType="pdf" url="AM%2012%20b%20fol./26/WEB_DISPLAY"/>
		</surface>
		<surface xml:id="AM02-0012-b-0013v" n="27">
			<desc>0013v</desc>
			<graphic mimeType="pdf" url="AM%2012%20b%20fol./27/HIGH_QUALITY_DISPLAY"/>
			<graphic mimeType="jpg" url="AM%2012%20b%20fol./27/THUMBNAIL" width="199px" height="300px"/>
			<graphic mimeType="jpg" url="AM%2012%20b%20fol./27/SECONDARY_DISPLAY" width="2376px" height="3577px"/>
			<graphic mimeType="pdf" url="AM%2012%20b%20fol./27/WEB_DISPLAY"/>
		</surface>
		<surface xml:id="AM02-0012-b-0014r" n="28">
			<desc>0014r</desc>
			<graphic mimeType="pdf" url="AM%2012%20b%20fol./28/HIGH_QUALITY_DISPLAY"/>
			<graphic mimeType="jpg" url="AM%2012%20b%20fol./28/THUMBNAIL" width="200px" height="300px"/>
			<graphic mimeType="jpg" url="AM%2012%20b%20fol./28/SECONDARY_DISPLAY" width="2384px" height="3577px"/>
			<graphic mimeType="pdf" url="AM%2012%20b%20fol./28/WEB_DISPLAY"/>
		</surface>
		<surface xml:id="AM02-0012-b-0014v" n="29">
			<desc>0014v</desc>
			<graphic mimeType="pdf" url="AM%2012%20b%20fol./29/HIGH_QUALITY_DISPLAY"/>
			<graphic mimeType="jpg" url="AM%2012%20b%20fol./29/THUMBNAIL" width="200px" height="300px"/>
			<graphic mimeType="jpg" url="AM%2012%20b%20fol./29/SECONDARY_DISPLAY" width="2384px" height="3577px"/>
			<graphic mimeType="pdf" url="AM%2012%20b%20fol./29/WEB_DISPLAY"/>
		</surface>
		<surface xml:id="AM02-0012-b-0015r" n="30">
			<desc>0015r</desc>
			<graphic mimeType="pdf" url="AM%2012%20b%20fol./30/HIGH_QUALITY_DISPLAY"/>
			<graphic mimeType="jpg" url="AM%2012%20b%20fol./30/THUMBNAIL" width="199px" height="300px"/>
			<graphic mimeType="jpg" url="AM%2012%20b%20fol./30/SECONDARY_DISPLAY" width="2376px" height="3577px"/>
			<graphic mimeType="pdf" url="AM%2012%20b%20fol./30/WEB_DISPLAY"/>
		</surface>
		<surface xml:id="AM02-0012-b-0015v" n="31">
			<desc>0015v</desc>
			<graphic mimeType="pdf" url="AM%2012%20b%20fol./31/HIGH_QUALITY_DISPLAY"/>
			<graphic mimeType="jpg" url="AM%2012%20b%20fol./31/THUMBNAIL" width="200px" height="300px"/>
			<graphic mimeType="jpg" url="AM%2012%20b%20fol./31/SECONDARY_DISPLAY" width="2384px" height="3577px"/>
			<graphic mimeType="pdf" url="AM%2012%20b%20fol./31/WEB_DISPLAY"/>
		</surface>
		<surface xml:id="AM02-0012-b-0016r" n="32">
			<desc>0016r</desc>
			<graphic mimeType="pdf" url="AM%2012%20b%20fol./32/HIGH_QUALITY_DISPLAY"/>
			<graphic mimeType="jpg" url="AM%2012%20b%20fol./32/THUMBNAIL" width="200px" height="299px"/>
			<graphic mimeType="jpg" url="AM%2012%20b%20fol./32/SECONDARY_DISPLAY" width="2392px" height="3577px"/>
			<graphic mimeType="pdf" url="AM%2012%20b%20fol./32/WEB_DISPLAY"/>
		</surface>
		<surface xml:id="AM02-0012-b-0016v" n="33">
			<desc>0016v</desc>
			<graphic mimeType="pdf" url="AM%2012%20b%20fol./33/HIGH_QUALITY_DISPLAY"/>
			<graphic mimeType="jpg" url="AM%2012%20b%20fol./33/THUMBNAIL" width="200px" height="300px"/>
			<graphic mimeType="jpg" url="AM%2012%20b%20fol./33/SECONDARY_DISPLAY" width="2384px" height="3577px"/>
			<graphic mimeType="pdf" url="AM%2012%20b%20fol./33/WEB_DISPLAY"/>
		</surface>
		<surface xml:id="AM02-0012-b-0017r" n="34">
			<desc>0017r</desc>
			<graphic mimeType="pdf" url="AM%2012%20b%20fol./34/HIGH_QUALITY_DISPLAY"/>
			<graphic mimeType="jpg" url="AM%2012%20b%20fol./34/THUMBNAIL" width="200px" height="300px"/>
			<graphic mimeType="jpg" url="AM%2012%20b%20fol./34/SECONDARY_DISPLAY" width="2384px" height="3577px"/>
			<graphic mimeType="pdf" url="AM%2012%20b%20fol./34/WEB_DISPLAY"/>
		</surface>
		<surface xml:id="AM02-0012-b-0017v" n="35">
			<desc>0017v</desc>
			<graphic mimeType="pdf" url="AM%2012%20b%20fol./35/HIGH_QUALITY_DISPLAY"/>
			<graphic mimeType="jpg" url="AM%2012%20b%20fol./35/THUMBNAIL" width="200px" height="300px"/>
			<graphic mimeType="jpg" url="AM%2012%20b%20fol./35/SECONDARY_DISPLAY" width="2384px" height="3576px"/>
			<graphic mimeType="pdf" url="AM%2012%20b%20fol./35/WEB_DISPLAY"/>
		</surface>
		<surface xml:id="AM02-0012-b-0018r" n="36">
			<desc>0018r</desc>
			<graphic mimeType="pdf" url="AM%2012%20b%20fol./36/HIGH_QUALITY_DISPLAY"/>
			<graphic mimeType="jpg" url="AM%2012%20b%20fol./36/THUMBNAIL" width="200px" height="300px"/>
			<graphic mimeType="jpg" url="AM%2012%20b%20fol./36/SECONDARY_DISPLAY" width="2384px" height="3576px"/>
			<graphic mimeType="pdf" url="AM%2012%20b%20fol./36/WEB_DISPLAY"/>
		</surface>
		<surface xml:id="AM02-0012-b-0018v" n="37">
			<desc>0018v</desc>
			<graphic mimeType="pdf" url="AM%2012%20b%20fol./37/HIGH_QUALITY_DISPLAY"/>
			<graphic mimeType="jpg" url="AM%2012%20b%20fol./37/THUMBNAIL" width="200px" height="299px"/>
			<graphic mimeType="jpg" url="AM%2012%20b%20fol./37/SECONDARY_DISPLAY" width="2392px" height="3576px"/>
			<graphic mimeType="pdf" url="AM%2012%20b%20fol./37/WEB_DISPLAY"/>
		</surface>
		<surface xml:id="AM02-0012-b-0019r" n="38">
			<desc>0019r</desc>
			<graphic mimeType="pdf" url="AM%2012%20b%20fol./38/HIGH_QUALITY_DISPLAY"/>
			<graphic mimeType="jpg" url="AM%2012%20b%20fol./38/THUMBNAIL" width="200px" height="300px"/>
			<graphic mimeType="jpg" url="AM%2012%20b%20fol./38/SECONDARY_DISPLAY" width="2384px" height="3577px"/>
			<graphic mimeType="pdf" url="AM%2012%20b%20fol./38/WEB_DISPLAY"/>
		</surface>
		<surface xml:id="AM02-0012-b-0019v" n="39">
			<desc>0019v</desc>
			<graphic mimeType="pdf" url="AM%2012%20b%20fol./39/HIGH_QUALITY_DISPLAY"/>
			<graphic mimeType="jpg" url="AM%2012%20b%20fol./39/THUMBNAIL" width="199px" height="300px"/>
			<graphic mimeType="jpg" url="AM%2012%20b%20fol./39/SECONDARY_DISPLAY" width="2376px" height="3577px"/>
			<graphic mimeType="pdf" url="AM%2012%20b%20fol./39/WEB_DISPLAY"/>
		</surface>
		<surface xml:id="AM02-0012-b-0020r" n="40">
			<desc>0020r</desc>
			<graphic mimeType="pdf" url="AM%2012%20b%20fol./40/HIGH_QUALITY_DISPLAY"/>
			<graphic mimeType="jpg" url="AM%2012%20b%20fol./40/THUMBNAIL" width="200px" height="300px"/>
			<graphic mimeType="jpg" url="AM%2012%20b%20fol./40/SECONDARY_DISPLAY" width="2384px" height="3576px"/>
			<graphic mimeType="pdf" url="AM%2012%20b%20fol./40/WEB_DISPLAY"/>
		</surface>
		<surface xml:id="AM02-0012-b-0020v" n="41">
			<desc>0020v</desc>
			<graphic mimeType="pdf" url="AM%2012%20b%20fol./41/HIGH_QUALITY_DISPLAY"/>
			<graphic mimeType="jpg" url="AM%2012%20b%20fol./41/THUMBNAIL" width="200px" height="300px"/>
			<graphic mimeType="jpg" url="AM%2012%20b%20fol./41/SECONDARY_DISPLAY" width="2384px" height="3576px"/>
			<graphic mimeType="pdf" url="AM%2012%20b%20fol./41/WEB_DISPLAY"/>
		</surface>
		<surface xml:id="AM02-0012-b-0021r" n="42">
			<desc>0021r</desc>
			<graphic mimeType="pdf" url="AM%2012%20b%20fol./42/HIGH_QUALITY_DISPLAY"/>
			<graphic mimeType="jpg" url="AM%2012%20b%20fol./42/THUMBNAIL" width="200px" height="300px"/>
			<graphic mimeType="jpg" url="AM%2012%20b%20fol./42/SECONDARY_DISPLAY" width="2384px" height="3577px"/>
			<graphic mimeType="pdf" url="AM%2012%20b%20fol./42/WEB_DISPLAY"/>
		</surface>
		<surface xml:id="AM02-0012-b-0021v" n="43">
			<desc>0021v</desc>
			<graphic mimeType="pdf" url="AM%2012%20b%20fol./43/HIGH_QUALITY_DISPLAY"/>
			<graphic mimeType="jpg" url="AM%2012%20b%20fol./43/THUMBNAIL" width="199px" height="300px"/>
			<graphic mimeType="jpg" url="AM%2012%20b%20fol./43/SECONDARY_DISPLAY" width="2376px" height="3577px"/>
			<graphic mimeType="pdf" url="AM%2012%20b%20fol./43/WEB_DISPLAY"/>
		</surface>
		<surface xml:id="AM02-0012-b-0022r" n="44">
			<desc>0022r</desc>
			<graphic mimeType="pdf" url="AM%2012%20b%20fol./44/HIGH_QUALITY_DISPLAY"/>
			<graphic mimeType="jpg" url="AM%2012%20b%20fol./44/THUMBNAIL" width="199px" height="300px"/>
			<graphic mimeType="jpg" url="AM%2012%20b%20fol./44/SECONDARY_DISPLAY" width="2376px" height="3578px"/>
			<graphic mimeType="pdf" url="AM%2012%20b%20fol./44/WEB_DISPLAY"/>
		</surface>
		<surface xml:id="AM02-0012-b-0022v" n="45">
			<desc>0022v</desc>
			<graphic mimeType="pdf" url="AM%2012%20b%20fol./45/HIGH_QUALITY_DISPLAY"/>
			<graphic mimeType="jpg" url="AM%2012%20b%20fol./45/THUMBNAIL" width="199px" height="300px"/>
			<graphic mimeType="jpg" url="AM%2012%20b%20fol./45/SECONDARY_DISPLAY" width="2376px" height="3577px"/>
			<graphic mimeType="pdf" url="AM%2012%20b%20fol./45/WEB_DISPLAY"/>
		</surface>
		<surface xml:id="AM02-0012-b-0023r" n="46">
			<desc>0023r</desc>
			<graphic mimeType="pdf" url="AM%2012%20b%20fol./46/HIGH_QUALITY_DISPLAY"/>
			<graphic mimeType="jpg" url="AM%2012%20b%20fol./46/THUMBNAIL" width="199px" height="300px"/>
			<graphic mimeType="jpg" url="AM%2012%20b%20fol./46/SECONDARY_DISPLAY" width="2376px" height="3577px"/>
			<graphic mimeType="pdf" url="AM%2012%20b%20fol./46/WEB_DISPLAY"/>
		</surface>
		<surface xml:id="AM02-0012-b-0023v" n="47">
			<desc>0023v</desc>
			<graphic mimeType="pdf" url="AM%2012%20b%20fol./47/HIGH_QUALITY_DISPLAY"/>
			<graphic mimeType="jpg" url="AM%2012%20b%20fol./47/THUMBNAIL" width="200px" height="300px"/>
			<graphic mimeType="jpg" url="AM%2012%20b%20fol./47/SECONDARY_DISPLAY" width="2384px" height="3577px"/>
			<graphic mimeType="pdf" url="AM%2012%20b%20fol./47/WEB_DISPLAY"/>
		</surface>
		<surface xml:id="AM02-0012-b-0024r" n="48">
			<desc>0024r</desc>
			<graphic mimeType="pdf" url="AM%2012%20b%20fol./48/HIGH_QUALITY_DISPLAY"/>
			<graphic mimeType="jpg" url="AM%2012%20b%20fol./48/THUMBNAIL" width="200px" height="300px"/>
			<graphic mimeType="jpg" url="AM%2012%20b%20fol./48/SECONDARY_DISPLAY" width="2384px" height="3576px"/>
			<graphic mimeType="pdf" url="AM%2012%20b%20fol./48/WEB_DISPLAY"/>
		</surface>
		<surface xml:id="AM02-0012-b-0024v" n="49">
			<desc>0024v</desc>
			<graphic mimeType="pdf" url="AM%2012%20b%20fol./49/HIGH_QUALITY_DISPLAY"/>
			<graphic mimeType="jpg" url="AM%2012%20b%20fol./49/THUMBNAIL" width="200px" height="300px"/>
			<graphic mimeType="jpg" url="AM%2012%20b%20fol./49/SECONDARY_DISPLAY" width="2384px" height="3576px"/>
			<graphic mimeType="pdf" url="AM%2012%20b%20fol./49/WEB_DISPLAY"/>
		</surface>
		<surface xml:id="AM02-0012-b-0025r" n="50">
			<desc>0025r</desc>
			<graphic mimeType="pdf" url="AM%2012%20b%20fol./50/HIGH_QUALITY_DISPLAY"/>
			<graphic mimeType="jpg" url="AM%2012%20b%20fol./50/THUMBNAIL" width="200px" height="300px"/>
			<graphic mimeType="jpg" url="AM%2012%20b%20fol./50/SECONDARY_DISPLAY" width="2384px" height="3576px"/>
			<graphic mimeType="pdf" url="AM%2012%20b%20fol./50/WEB_DISPLAY"/>
		</surface>
		<surface xml:id="AM02-0012-b-0025v" n="51">
			<desc>0025v</desc>
			<graphic mimeType="pdf" url="AM%2012%20b%20fol./51/HIGH_QUALITY_DISPLAY"/>
			<graphic mimeType="jpg" url="AM%2012%20b%20fol./51/THUMBNAIL" width="200px" height="300px"/>
			<graphic mimeType="jpg" url="AM%2012%20b%20fol./51/SECONDARY_DISPLAY" width="2384px" height="3576px"/>
			<graphic mimeType="pdf" url="AM%2012%20b%20fol./51/WEB_DISPLAY"/>
		</surface>
		<surface xml:id="AM02-0012-b-9999r-RB" n="52">
			<desc>9999r-RB</desc>
			<graphic mimeType="pdf" url="AM%2012%20b%20fol./52/HIGH_QUALITY_DISPLAY"/>
			<graphic mimeType="jpg" url="AM%2012%20b%20fol./52/THUMBNAIL" width="200px" height="300px"/>
			<graphic mimeType="jpg" url="AM%2012%20b%20fol./52/SECONDARY_DISPLAY" width="2384px" height="3576px"/>
			<graphic mimeType="pdf" url="AM%2012%20b%20fol./52/WEB_DISPLAY"/>
		</surface>
		<surface xml:id="AM02-0012-b-9999v-RB" n="53">
			<desc>9999v-RB</desc>
			<graphic mimeType="pdf" url="AM%2012%20b%20fol./53/HIGH_QUALITY_DISPLAY"/>
			<graphic mimeType="jpg" url="AM%2012%20b%20fol./53/THUMBNAIL" width="200px" height="281px"/>
			<graphic mimeType="jpg" url="AM%2012%20b%20fol./53/SECONDARY_DISPLAY" width="2480px" height="3488px"/>
			<graphic mimeType="pdf" url="AM%2012%20b%20fol./53/WEB_DISPLAY"/>
		</surface>
		<surface xml:id="AM02-0012-b-accMat01r" n="54">
			<desc>accMat01r</desc>
			<graphic mimeType="pdf" url="AM%2012%20b%20fol./54/HIGH_QUALITY_DISPLAY"/>
			<graphic mimeType="jpg" url="AM%2012%20b%20fol./54/THUMBNAIL" width="200px" height="281px"/>
			<graphic mimeType="jpg" url="AM%2012%20b%20fol./54/SECONDARY_DISPLAY" width="2480px" height="3483px"/>
			<graphic mimeType="pdf" url="AM%2012%20b%20fol./54/WEB_DISPLAY"/>
		</surface>
		<surface xml:id="AM02-0012-b-accMat01v" n="55">
			<desc>accMat01v</desc>
			<graphic mimeType="pdf" url="AM%2012%20b%20fol./55/HIGH_QUALITY_DISPLAY"/>
			<graphic mimeType="jpg" url="AM%2012%20b%20fol./55/THUMBNAIL" width="200px" height="281px"/>
			<graphic mimeType="jpg" url="AM%2012%20b%20fol./55/SECONDARY_DISPLAY" width="2480px" height="3487px"/>
			<graphic mimeType="pdf" url="AM%2012%20b%20fol./55/WEB_DISPLAY"/>
		</surface>
		<surface xml:id="AM02-0012-b-accMat02r" n="56">
			<desc>accMat02r</desc>
			<graphic mimeType="pdf" url="AM%2012%20b%20fol./56/HIGH_QUALITY_DISPLAY"/>
			<graphic mimeType="jpg" url="AM%2012%20b%20fol./56/THUMBNAIL" width="200px" height="281px"/>
			<graphic mimeType="jpg" url="AM%2012%20b%20fol./56/SECONDARY_DISPLAY" width="2480px" height="3486px"/>
			<graphic mimeType="pdf" url="AM%2012%20b%20fol./56/WEB_DISPLAY"/>
		</surface>
		<surface xml:id="AM02-0012-b-accMat02v" n="57">
			<desc>accMat02v</desc>
			<graphic mimeType="pdf" url="AM%2012%20b%20fol./57/HIGH_QUALITY_DISPLAY"/>
			<graphic mimeType="jpg" url="AM%2012%20b%20fol./57/THUMBNAIL" width="200px" height="281px"/>
			<graphic mimeType="jpg" url="AM%2012%20b%20fol./57/SECONDARY_DISPLAY" width="2480px" height="3488px"/>
			<graphic mimeType="pdf" url="AM%2012%20b%20fol./57/WEB_DISPLAY"/>
		</surface>
		<surface xml:id="AM02-0012-b-accMat03r" n="58">
			<desc>accMat03r</desc>
			<graphic mimeType="pdf" url="AM%2012%20b%20fol./58/HIGH_QUALITY_DISPLAY"/>
			<graphic mimeType="jpg" url="AM%2012%20b%20fol./58/THUMBNAIL" width="200px" height="281px"/>
			<graphic mimeType="jpg" url="AM%2012%20b%20fol./58/SECONDARY_DISPLAY" width="2480px" height="3484px"/>
			<graphic mimeType="pdf" url="AM%2012%20b%20fol./58/WEB_DISPLAY"/>
		</surface>
		<surface xml:id="AM02-0012-b-accMat03v" n="59">
			<desc>accMat03v</desc>
			<graphic mimeType="pdf" url="AM%2012%20b%20fol./59/HIGH_QUALITY_DISPLAY"/>
			<graphic mimeType="jpg" url="AM%2012%20b%20fol./59/THUMBNAIL" width="200px" height="281px"/>
			<graphic mimeType="jpg" url="AM%2012%20b%20fol./59/SECONDARY_DISPLAY" width="2480px" height="3487px"/>
			<graphic mimeType="pdf" url="AM%2012%20b%20fol./59/WEB_DISPLAY"/>
		</surface>
		<surface xml:id="AM02-0012-b-accMat04r" n="60">
			<desc>accMat04r</desc>
			<graphic mimeType="pdf" url="AM%2012%20b%20fol./60/HIGH_QUALITY_DISPLAY"/>
			<graphic mimeType="jpg" url="AM%2012%20b%20fol./60/THUMBNAIL" width="200px" height="281px"/>
			<graphic mimeType="jpg" url="AM%2012%20b%20fol./60/SECONDARY_DISPLAY" width="2480px" height="3489px"/>
			<graphic mimeType="pdf" url="AM%2012%20b%20fol./60/WEB_DISPLAY"/>
		</surface>
		<surface xml:id="AM02-0012-b-accMat04v" n="61">
			<desc>accMat04v</desc>
			<graphic mimeType="pdf" url="AM%2012%20b%20fol./61/HIGH_QUALITY_DISPLAY"/>
			<graphic mimeType="jpg" url="AM%2012%20b%20fol./61/THUMBNAIL" width="200px" height="281px"/>
			<graphic mimeType="jpg" url="AM%2012%20b%20fol./61/SECONDARY_DISPLAY" width="2480px" height="3489px"/>
			<graphic mimeType="pdf" url="AM%2012%20b%20fol./61/WEB_DISPLAY"/>
		</surface>
		<surface xml:id="AM02-0012-b-accMat05r" n="62">
			<desc>accMat05r</desc>
			<graphic mimeType="pdf" url="AM%2012%20b%20fol./62/HIGH_QUALITY_DISPLAY"/>
			<graphic mimeType="jpg" url="AM%2012%20b%20fol./62/THUMBNAIL" width="200px" height="281px"/>
			<graphic mimeType="jpg" url="AM%2012%20b%20fol./62/SECONDARY_DISPLAY" width="2480px" height="3484px"/>
			<graphic mimeType="pdf" url="AM%2012%20b%20fol./62/WEB_DISPLAY"/>
		</surface>
		<surface xml:id="AM02-0012-b-accMat05v" n="63">
			<desc>accMat05v</desc>
			<graphic mimeType="pdf" url="AM%2012%20b%20fol./63/HIGH_QUALITY_DISPLAY"/>
			<graphic mimeType="jpg" url="AM%2012%20b%20fol./63/THUMBNAIL" width="200px" height="281px"/>
			<graphic mimeType="jpg" url="AM%2012%20b%20fol./63/SECONDARY_DISPLAY" width="2480px" height="3485px"/>
			<graphic mimeType="pdf" url="AM%2012%20b%20fol./63/WEB_DISPLAY"/>
		</surface>
		<surface xml:id="AM02-0012-b-accMat06r" n="64">
			<desc>accMat06r</desc>
			<graphic mimeType="pdf" url="AM%2012%20b%20fol./64/HIGH_QUALITY_DISPLAY"/>
			<graphic mimeType="jpg" url="AM%2012%20b%20fol./64/THUMBNAIL" width="200px" height="280px"/>
			<graphic mimeType="jpg" url="AM%2012%20b%20fol./64/SECONDARY_DISPLAY" width="2488px" height="3485px"/>
			<graphic mimeType="pdf" url="AM%2012%20b%20fol./64/WEB_DISPLAY"/>
		</surface>
		<surface xml:id="AM02-0012-b-accMat06v" n="65">
			<desc>accMat06v</desc>
			<graphic mimeType="pdf" url="AM%2012%20b%20fol./65/HIGH_QUALITY_DISPLAY"/>
			<graphic mimeType="jpg" url="AM%2012%20b%20fol./65/THUMBNAIL" width="200px" height="281px"/>
			<graphic mimeType="jpg" url="AM%2012%20b%20fol./65/SECONDARY_DISPLAY" width="2480px" height="3487px"/>
			<graphic mimeType="pdf" url="AM%2012%20b%20fol./65/WEB_DISPLAY"/>
		</surface>
		<surface xml:id="AM02-0012-b-accMat07r" n="66">
			<desc>accMat07r</desc>
			<graphic mimeType="pdf" url="AM%2012%20b%20fol./66/HIGH_QUALITY_DISPLAY"/>
			<graphic mimeType="jpg" url="AM%2012%20b%20fol./66/THUMBNAIL" width="200px" height="281px"/>
			<graphic mimeType="jpg" url="AM%2012%20b%20fol./66/SECONDARY_DISPLAY" width="2480px" height="3483px"/>
			<graphic mimeType="pdf" url="AM%2012%20b%20fol./66/WEB_DISPLAY"/>
		</surface>
		<surface xml:id="AM02-0012-b-accMat07v" n="67">
			<desc>accMat07v</desc>
			<graphic mimeType="pdf" url="AM%2012%20b%20fol./67/HIGH_QUALITY_DISPLAY"/>
			<graphic mimeType="jpg" url="AM%2012%20b%20fol./67/THUMBNAIL" width="200px" height="281px"/>
			<graphic mimeType="jpg" url="AM%2012%20b%20fol./67/SECONDARY_DISPLAY" width="2480px" height="3490px"/>
			<graphic mimeType="pdf" url="AM%2012%20b%20fol./67/WEB_DISPLAY"/>
		</surface>
		<surface xml:id="AM02-0012-b-accMat08r" n="68">
			<desc>accMat08r</desc>
			<graphic mimeType="pdf" url="AM%2012%20b%20fol./68/HIGH_QUALITY_DISPLAY"/>
			<graphic mimeType="jpg" url="AM%2012%20b%20fol./68/THUMBNAIL" width="200px" height="281px"/>
			<graphic mimeType="jpg" url="AM%2012%20b%20fol./68/SECONDARY_DISPLAY" width="2480px" height="3482px"/>
			<graphic mimeType="pdf" url="AM%2012%20b%20fol./68/WEB_DISPLAY"/>
		</surface>
		<surface xml:id="AM02-0012-b-accMat08v" n="69">
			<desc>accMat08v</desc>
			<graphic mimeType="pdf" url="AM%2012%20b%20fol./69/HIGH_QUALITY_DISPLAY"/>
			<graphic mimeType="jpg" url="AM%2012%20b%20fol./69/THUMBNAIL" width="200px" height="281px"/>
			<graphic mimeType="jpg" url="AM%2012%20b%20fol./69/SECONDARY_DISPLAY" width="2480px" height="3487px"/>
			<graphic mimeType="pdf" url="AM%2012%20b%20fol./69/WEB_DISPLAY"/>
		</surface>
		<surface xml:id="AM02-0012-b-accMat09r" n="70">
			<desc>accMat09r</desc>
			<graphic mimeType="pdf" url="AM%2012%20b%20fol./70/HIGH_QUALITY_DISPLAY"/>
			<graphic mimeType="jpg" url="AM%2012%20b%20fol./70/THUMBNAIL" width="200px" height="281px"/>
			<graphic mimeType="jpg" url="AM%2012%20b%20fol./70/SECONDARY_DISPLAY" width="2480px" height="3488px"/>
			<graphic mimeType="pdf" url="AM%2012%20b%20fol./70/WEB_DISPLAY"/>
		</surface>
		<surface xml:id="AM02-0012-b-accMat09v" n="71">
			<desc>accMat09v</desc>
			<graphic mimeType="pdf" url="AM%2012%20b%20fol./71/HIGH_QUALITY_DISPLAY"/>
			<graphic mimeType="jpg" url="AM%2012%20b%20fol./71/THUMBNAIL" width="200px" height="281px"/>
			<graphic mimeType="jpg" url="AM%2012%20b%20fol./71/SECONDARY_DISPLAY" width="2480px" height="3482px"/>
			<graphic mimeType="pdf" url="AM%2012%20b%20fol./71/WEB_DISPLAY"/>
		</surface>
	</facsimile>
</TEI>