<?xml version="1.0" encoding="UTF-8"?>
<?oxygen RNGSchema="http://www.handrit.is/schema/handrit-1.0.rnc" type="compact"?>
<TEI xmlns="http://www.tei-c.org/ns/1.0">

   <teiHeader>
      <fileDesc>

         <titleStmt>

            <title>Handritaskrá Árnastofnunar</title>



         </titleStmt>

         <publicationStmt>
            <p>Tilraunaútgáfa</p>
         </publicationStmt>

         <sourceDesc>
            <msDesc xml:lang="is" xml:id="AM02-0162A-delta-is">

               <msIdentifier n="KK198">

                  <country>Ísland</country>

                  <settlement>Reykjavík</settlement>

                  <repository>Stofnun Árna Magnússonar</repository>

                  <idno>AM 162 A delta fol.</idno>

               </msIdentifier>


               <head>
                  <title type="uniform">Egils saga Skallagrímssonar</title>
                  <origPlace>Ísland</origPlace>
                  <origDate notBefore="1290" notAfter="1310" evidence="external">s.
                     XIII/XIV</origDate>
                  <note>Í safni brota úr tíu handritum.</note>
               </head>


               <msContents>
                  <textLang mainLang="is">Íslenska</textLang>

                  <msItem defective="true" class="isl">

                     <locus from="1r" to="8v">1r-8v</locus>

                     <title type="uniform">Egils saga Skallagrímssonar</title>

                     <note>Einungis brot.</note>

                     <incipit type="def">Þ<expan>ei</expan>r þ<expan>ar</expan> en<expan>n</expan>
                        kpskip mikit</incipit>

                     <explicit type="def">þa v<expan>ar</expan> þ<expan>ar</expan> allt me 
                           <expan>yr</expan> ır o </explicit>

                  </msItem>

               </msContents>


               <physDesc>
                  <objectDesc form="codex">
                     <supportDesc material="perg">
                        <support>Skinn</support>
                        <extent>8 blöð, misstór (<dimensions type="leaf" scope="all">
                              <height>223</height>
                              <width>150</width>
                           </dimensions>).</extent>
                        <foliation>
                           <p/>
                        </foliation>
                        <collation>
                           <p/>
                        </collation>
                        <condition>
                           <p>Bl. 1 hefur skaddast nokkuð við afskurð.</p>
                        </condition>
                     </supportDesc>
                     <layoutDesc>
                        <layout columns="1">
                           <p/>
                        </layout>
                     </layoutDesc>
                  </objectDesc>
                  <handDesc>
                     <p/>
                  </handDesc>
                  <decoDesc>

                     <decoNote type="secondary" subtype="rubric">
                        <p>Leifar af fyrirsögnum með rauðu bleki.</p>
                     </decoNote>

                     <decoNote type="secondary" subtype="initial">
                        <p>Leifar af upphafsstöfum í ýmsum litum.</p>
                     </decoNote>

                  </decoDesc>
                  <additions>
                     <p>
                        <list>

                           <item n="1">Á neðri spássíu 7v hefur nafnið <name type="person">Magnús
                                 Gunnlaugsson</name> verið ritað með sextándu aldar hendi.</item>

                           <item n="2">
                              <name key="GudVig001" type="person">Guðbrandur Vigfússon</name> hefur
                              fært inn á seðil <name key="ArnMag001" type="person">Árna
                                 Magnússonar</name> upplýsingar um handrit með sömu hendi og brot
                              þetta.</item>

                        </list>
                     </p>
                  </additions>
                  <bindingDesc>
                     <binding notBefore="1995" notAfter="1995" contemporary="unknown">
                        <p>Band frá 1995. Pappakápa, bl. fest á móttök inn í japanpappír.</p>
                     </binding>
                  </bindingDesc>
                  <accMat>
                     <p>Fastur <locus from="accMat01r" to="accMat01v">seðill</locus> (<dimensions
                           type="slip" unit="mm">
                           <height>221</height>
                           <width>113</width>
                        </dimensions>) með hendi <name key="ArnMag001" type="person">Árna
                           Magnússonar</name> og <name key="GudVig001" type="person">Guðbrands
                           Vigfússonar</name>: <quote type="AMSlip" xml:lang="is">Það fyrsta af
                           þessum blöðum tók með sér frá Íslandi Monsieur Þorsteinn Sigurðsson, 1715
                           en það kom hingað 1716. Hafði hann það fengið Norður í landi, en eigi í
                           Austfjörðum.</quote></p>
                  </accMat>
               </physDesc>


               <history>

                  <origin notBefore="1290" notAfter="1310">
                     <p>Blöðin eru tímasett um 1300 í <bibl>
                           <ref target="KKKat">Katalog I</ref>
                        </bibl>, bls. 115 (sjá einnig <bibl>
                           <ref xml:id="ONPregistre" target="ONPregistre">ONPregistre</ref>
                        </bibl>, bls. 434).</p>
                  </origin>

                  <provenance>
                     <p>Bl. 1 fékk <name key="ArnMag001" type="person">Árni Magnússon</name> <date
                           when="1716">1716</date> frá <name type="person">Þorsteini
                           Sigurðssyni</name>, sem hafði fengið það að norðan og flutt til
                        Kaupmannahafnar <date when="1715">1715</date>.</p>
                  </provenance>

                  <acquisition notBefore="1996-09-19" notAfter="1996-09-19">
                     <p>Stofnun Árna Magnússonar á Íslandi tók við handritinu 19. september
                        1996.</p>
                  </acquisition>

               </history>


               <additional>

                  <adminInfo>
                     <recordHist>
                        <source>
                           <p>Tekið eftir <bibl>
                                 <ref target="KKKat">Katalog I</ref>
                              </bibl>, bls. 114-17 (nr. 198). <name key="KriKaa001" type="person"
                                 >Kålund</name> gekk frá handritinu til skráningar í <date
                                 when="1885-12">desember 1885</date>. <name key="HarBer001"
                                 type="person">Haraldur Bernharðsson</name> tölvuskráði í <date
                                 when="2001-02">febrúar 2001</date>. </p>
                        </source>

                     </recordHist>

                     <custodialHist>

                        <custEvent type="conservation" notBefore="1995" notAfter="1995">
                           <p>Gert við og bundið í Kaupmannahöfn í júní til nóvember 1995. Í öskju
                              með brotum úr níu öðrum handritum. Með fylgdi nákvæm lýsing á
                              viðgerðum og ljósmyndun.</p>
                        </custEvent>

                     </custodialHist>

                  </adminInfo>


                  <surrogates>
                     <p>
                        <list>

                           <item n="1">Stafrænar myndir á www.sagnanet.is.</item>

                           <item n="2">Svart-hvítar ljósmyndir á Det Arnamagnæanske Institut í
                              Kaupmannahöfn.</item>

                           <item n="3">Svart-hvítar ljósmyndir á Stofnun Árna Magnússonar
                              á Íslandi.</item>

                        </list>
                     </p>
                  </surrogates>
                  
                  <listBibl>
                     <bibl>Jón Helgason 1934, <ref target="JónHel1934d">Introduction Morkinskinna. Ms. No. 1009 fol. in the Old Royal Collection of The Royal Library, Copenhagen</ref></bibl>
                     <bibl>Ármann Jakobsson 2011, <ref target="ÁrmJak2011a">Morkinskinna</ref></bibl>
                     <bibl>Guðvarður Már Gunnlaugsson 2007, <ref target="GuðGun2007b">Sýnisbók íslenskrar skriftar</ref></bibl>
                     <bibl>Hreinn Benediktsson 2002, <ref target="HreBen2002a">Linguistic studies, historical and comparative</ref></bibl>
                     <bibl>Kjeldsen, A. S. 2005, <ref target="AleKje0997a">AM 162 A (ypsilon, delta, zeta, þeta) fol (Reykjavík)</ref></bibl>
                     <bibl>Kjeldsen, A. S. 2013, <ref target="BiblArnSupp8">Filologiske studier i kongesagahåndskriftet Morkinskinna</ref></bibl>
                     <bibl>Lethbridge, E. 2014, <ref target="EmiLet2014b">„Hvorki glansar gull á mér/né glæstir stafir í línum“.</ref></bibl>
                     <bibl>Louis-Jensen, J. 1977, <ref target="BiblArn32">Kongesagastudier: Kompilationen Hulda-Hrokkinskinna</ref></bibl>
                     <bibl>Males, M. 2011, <ref target="MikMal2011a">Egill och Kormákr - tradering och nydikting</ref></bibl>
                     <bibl>Ólafur Halldórsson 2006, <ref target="ÓlaHal2006b">Hjalarinn</ref></bibl>
                     <bibl>Scott, F. S. 2003, <ref target="ForSco2003a">Eyrbyggja saga. The vellum tradition</ref></bibl>
                     <bibl>Seip, D. A. 1954, <ref target="DidSei1954a">Palæografi. B. Norge og Island</ref></bibl>
                     <bibl>Tarsi, M. 2019, <ref target="MatTar2019a">Instances of loanword/native word textual variation in the manuscript transmission of Egils saga Skallagrímssonar 
                        and Gísla saga Súrssonar</ref></bibl>
                     <bibl>Þorgeir Sigurðsson 2013, <ref target="ÞorSig2013a">Ofan í sortann : Egils saga í Möðruvallabók</ref></bibl>
                  </listBibl>



                  <!-- &#218;r <accMat>&#160;&#237; heildarf&#230;rslu (sem var eytt &#254;egar hvert brot (<msPart>) var sett &#237; s&#233;r skjal 22. n&#243;v. 2001 - DK&#222;):
      <name type="person" key="ArnMag001">&#193;rni
      Magn&#250;sson</name>

      segir &#237; handritaskr&#225;nni &#237; 
      <msIdentifier>AM 435 a 4to</msIdentifier>

      , bl. 78v ( 
      <ref target="">H&#229;ndskriftfortegnelser</ref>

      , bls. 28) og g&#230;ti &#225;tt vi&#240; eitthva&#240; af
      brotunum h&#233;r: 
      <q>Ur Eigils S&#246;gu Skallagrims sonar fragment lited.
      4to.</q> 

      (&#222;a&#240; sem &#193;rni skrifar er a&#240; mestu leyti &#237; Katalog, en se&#240;lum
      er &#243;sk&#253;rlega ra&#240;a&#240; me&#240; lj&#243;smyndum og &#254;arf &#254;v&#237; a&#240; fara vel
      yfir &#254;etta &#254;egar handritin ver&#240;a sko&#240;u&#240; (MJ 9.12.96).)

      <p>Fj&#246;gur papp&#237;rsbl&#246;&#240;&#160;&#237; kvart&#243;,
      sem &#237; handritskr&#225; 
      <name type="person" key="JonSig01">J&#243;ns
      Sigur&#240;ssonar</name>

      eru f&#230;r&#240; undir &#8747;, vantar n&#250;. &#193;
      &#254;eim voru uppskriftir af &#177;-&amp;thetas;.
      Samkv&#230;mt s&#246;mu skr&#225; heyr&#240;i h&#233;r einnig
      til 
      <q>Draumsvitran</q>

      um Egil, sbr. 
      <ref target="Edda1880">Snorra Edda III, 1, Hafni&#230;
      1880</ref>

      , bls. 441.</p> -->

                  <!-- &#218;r heildarf&#230;rslu:
    <listBibl>
      <bibl>
      <ref target="Egil1809">Egils saga, Havni&#230; 1809</ref>

      . 
      <note>&#205;&#160;&#254;essari &#250;tg&#225;fu eru brotin nefnd
      svo: &#177; = F (2), &#8804; = G (1), &#8805; = E (3), &#165;
      = D (4), &amp;epsi; = I (6);&#160;&#8706; = C (5), &#8721; = H
      (7);&#160;&amp;thetas; = K (8). Sj&#225; n&#225;nar um brotin
      &#225; bls. XIII og bls. XV og &#225;fram. &#205;
      &#254;essari &#250;tg&#225;fu eru og myndir af &amp;thetas;
      (tab. 1; og ranglega v&#237;sa&#240; til &#254;ess sem nr.
      160), &#177;, &#8804;, &#8805;, og &#165; (tab. 3).</note>
      </bibl>

      <bibl>
      <ref target="AntR">Ant. Russes II</ref>

      , bls. 248</bibl>

      <bibl>
      <ref target="CorpPBor">Corpus poet. bor. I</ref>

      , bls. 267 
      <note>H&#246;fu&#240;lausn</note>
      </bibl>
    </listBibl> -->


               </additional>

            </msDesc>
         </sourceDesc>

      </fileDesc>
      <profileDesc> </profileDesc>
   </teiHeader>

   <text>

      <body>

         <p/>
      </body>

   </text>

</TEI>
