<?xml version="1.0" encoding="UTF-8"?>
<?oxygen RNGSchema="http://www.handrit.is/schema/handrit-1.0.rnc" type="compact"?>
<TEI xmlns="http://www.tei-c.org/ns/1.0">
	<teiHeader>
		<fileDesc>
			<titleStmt>
				<title>Handritaskrá Árnastofnunar</title>
			</titleStmt>
			<publicationStmt>
				<p>Tilraunaútgáfa</p>
			</publicationStmt>
			<sourceDesc>
				<msDesc xml:lang="is" xml:id="AM02-0163b-is">
					<msIdentifier>
						<country key="IS">Ísland</country>
						<settlement>Reykjavík</settlement>
						<institution>Stofnun Árna Magnússonar í íslenskum fræðum</institution>
						<repository>Handritasvið</repository>
						<collection>Safn Árna Magnússonar</collection>
						<idno>AM 163 b fol.</idno>
						<altIdentifier type="internal" subtype="KKKat">
							<idno>204</idno>
						</altIdentifier>
					</msIdentifier>

					<!-- Not: 
               Nordisk Oldskrifter VI (ÞH.), FMS. III (OSto.). 
               Guðvarður Már Gunnlaugsson. "Grettir vondum vættum, veitti hel og þreytti". Grettir Ásmundarson og vinsældir Grettis sögu. Gripla. 2000; 11:37-78.
             AM 163: Slay, Desmond. The manuscripts of Hrólfs saga Kraka. Hafniæ: 1960. (Bibliotheca Arnamagnæana; 24).
            AM-fol 163 a-d, i: Ólafur Halldórsson. Athugasemdir við bók Más Jónssonar um Árna Magnússon. Gripla. 2000; 11:326-328.-->


					<msContents xml:lang="is">
						<summary>
							<title type="supplied">Sögubók</title>
						</summary>
						<textLang mainLang="is">Íslenska</textLang>

						<msItem n="1" defective="false" class="isl">
							<locus from="1r" facs="#AM02-0163b-0001r" to="22r">1r-22r</locus>
							<title type="uniform">Grettis saga</title>
							<rubric>Hér byrjast sagan af Gretti Ásmundarsyni.</rubric>
							<incipit>Ásmundur hét maður. Hann var sonur Þorgríms hærukolls …</incipit>
							<explicit>… hversu gæfumaður Þorsteinn drómundur varð á sínum efstu
								dögum sem hann lifði.</explicit>
							<finalRubric> Svo er hér nú endir á Grettis sögu, hafi sá þökk er
								skemmti, en þeir betali góðu er hlýddu.</finalRubric>
							<note>
								
										<title type="uniform">Önundar þætti tréfóts</title>, sem er í <ref target="AM04-0163a" type="ms">AM 163 a 4to</ref>, hefur
										upprunalega verið skotið hér framan við þegar handritin
										tilheyrðu sömu bók.</note>
							<!--  (<ref>G.M.G.</ref>) -->
						</msItem>

						<msItem n="2" class="laus" defective="false">
							<locus from="22r" facs="#AM02-0163b-0022r" to="22r">22r</locus>
							<title type="supplied">Lausavísa</title>
							<incipit type="upphaf">Þrótt og þrek bar Grettir …</incipit>
							<explicit>… breyttra vísna neytti.</explicit>
							<!-- sbr. Ólafur Halldórson ml. -->
							<note>´Vísan er einnig í upphafi Grettis sögu í <ref target="AM02-0151" type="ms">AM 151 fol.</ref></note>

						</msItem>

						<msItem n="3" class="isl" defective="false">
							<locus from="22v" facs="#AM02-0163b-0022v" to="25r">22v-25r</locus>
							<title type="uniform">Gunnars saga Keldugnúpsfífls</title>
							<rubric>Saga af Gunnari Keldugnúpsfífli.</rubric>
							<incipit>Þorgrímur hét maður. Hann bjó nú þar sem heitir á Hörgslandi …</incipit>
							<explicit>… er frá þeim komin mikil ætt. Þótti það allt vera miklir menn
								fyrir sér. Og lýkur þar þessari sögu.</explicit>
						</msItem>

						<msItem n="4" class="isl" defective="false">
							<locus from="25v" facs="#AM02-0163b-0025v" to="31v">25v-31v</locus>
							<title type="uniform">Þórðar saga hreðu</title>
							<rubric>Hér byrjar sögu af Þórði hreðu.</rubric>
							<incipit>Þórður hét maður sonur Hörða-Kára …</incipit>
							<explicit>… Þórður hreða varð sóttdauður. Höfum vér ei fleira heyrt með
								sannleik af honum sagt.</explicit>
							<finalRubric>Og lýkur hér nú sögu Þórðar hreðu.</finalRubric>
							<note> Gerð: heila sagan. </note>
						</msItem>

						<msItem n="5" class="islt" defective="false">
							<locus from="31v" facs="#AM02-0163b-0031v" to="32v">31v-33v</locus>
							<title type="uniform">Orms þáttur Stórólfssonar</title>
							<rubric>Söguþáttur af Ormi Stórólfssyni.</rubric>
							<incipit>Hringur hét maður son Ketils Naumadala …</incipit>
							<explicit>… og varð ellidauður og hélt vel trú sína. </explicit>
							<finalRubric>Og lýkur þar þætti Orms Stórólfssonar. Hafi sá þökk er
								skrifað hefur en þeir laun góðu er lesa og lagfæri ef rangt er.</finalRubric>

						</msItem>

					</msContents>

					<physDesc>
						<objectDesc form="codex">
							<supportDesc material="chart">
								<support>
									<p>Pappír með vatnsmerkjum.</p>
									<p>
										<watermark n="1">
											Vatnsmerki 1. Aðalmerki:
											<ref target="watermark:B">Dárahöfuð með 7 litlum bjöllum á kraga, Hermes kross og 3 stórir hringir á staf</ref>
											(
											<locus from="1r" to="1v">1</locus>
											,
											<locus from="18r" to="18v">18</locus>
											,
											<locus from="28r" to="28v">28</locus>
											,
											<locus from="30r" to="30v">30</locus>
											,
											<locus from="31r" to="31v">31</locus>
											,
											<locus from="32r" to="32v">32</locus>
											)
											// Mótmerki:
											<ref target="watermark:X2">Fangamark GM?</ref>
											(
											<locus from="6r" to="6v">6</locus>
											,
											<locus from="33r" to="33v">33?</locus>
											).
										</watermark>
									</p>
									<p>
										<watermark n="2">
											Vatnsmerki 2. Aðalmerki:
											<ref target="watermark:U">Skjaldarmerki Amsterdam</ref>
											(
											<locus from="4r" to="5v">4-5</locus>
											,
											<locus from="7r" to="7v">7</locus>
											,
											<locus from="9r" to="10v">9-10</locus>
											,
											<locus from="13r" to="13v">13</locus>
											,
											<locus from="20r" to="22v">20-22</locus>
											)
											// Mótmerki:
											<ref target="watermark:W2-1">3 bókstafir, MDB?</ref>
											(
											<locus from="2r" to="3v">2-3</locus>
											,
											<locus from="8r" to="8v">8</locus>
											,
											<locus from="11r" to="12v">11-12</locus>
											,
											<locus from="14r" to="17v">14-17?</locus>
											,
											<locus from="23r" to="24v">23-24</locus>
											).
										</watermark>
									</p>
								</support>		
								<extent>i + 33 + i blöð (<dimensions type="leaf" unit="mm" scope="all">
										<height>325</height>
										<width>214</width>
									</dimensions>).</extent>

								<foliation>
									<p>
										<list>
											<item>Upprunaleg blaðmerking 113-145.</item>
											<item>Síðari tíma blaðmerking 1-33.</item>
										</list>
									</p>
								</foliation>

								<collation>
									<p>Fjögur kver.</p>
									<p>
										<list>
											<item n="1">Kver I: blöð 1-6, 3 tvinn.</item>
											<item n="2">Kver II: blöð 7-14, 4 tvinn.</item>
											<item n="3">Kver III: blöð 15-23, 4 tvinn + 1 stakt
												blað.</item>
											<item n="4">Kver IV: blöð 24-33, 5 tvinn.</item>
										</list>
									</p>
								</collation>

								<condition>
									<p>
										<list>
											<item>Sums staðar hefur verið skrifað ofan í línur í
												handriti, sbr. t.d. <locus from="2v" facs="#AM02-0163b-0002v" to="3r">2v-3r</locus>
												og víðar.</item>
											<item>Blekblettir og ýmiss konar blettir eru víða (sbr.
												t.d. blöð <locus from="30v" facs="#AM02-0163b-0030v" to="31r">30v-31r</locus> og <locus from="32r" facs="#AM02-0163b-0032r" to="33r">
												32r-33r</locus>). </item>
										</list>
									</p>
								</condition>


							</supportDesc>
							<layoutDesc>
								<layout columns="1" writtenLines="60 66">
									<p>
										<list>
											<item>Eindálka.</item>
											<item>Leturflötur er ca <dimensions type="written" unit="mm" scope="all">
												<height>283</height>
												<width>163</width>
												</dimensions>
											</item>
											<item>Línufjöldi er ca 60-66.</item>
											<item>
												<catchwords>Griporð eru gegnumgangandi í handriti;
												sbr. t.d. á blöðum <locus from="2r" facs="#AM02-0163b-0002r" to="2v">2r-v</locus>, <locus from="11r" facs="#AM02-0163b-0011r" to="11v">11r-v</locus>, <locus from="17r" facs="#AM02-0163b-0017r" to="17v">17r-v</locus> og <locus from="30r" facs="#AM02-0163b-0030r" to="30v">30r-v</locus>.</catchwords>
											</item>
										</list>
									</p>
								</layout>
							</layoutDesc>
						</objectDesc>

						<handDesc hands="3">
							<p>
								<list>
									<item>Hugsanlega 2-3 hendur, blendingsskrift.</item>
								</list>
							</p>
							<!-- þarfnast nánari skoðunar. -->
						</handDesc>

						<decoDesc>
							<decoNote type="secondary" subtype="display-script">
								<list>
									<item>Titlar sagnanna og fyrsta lína textans eru með stærra
										letri en meginmálið. Stafir eru blekdregnir og upphafsstafir
										orða flúraðir með bogadregnu skrauti (sjá blað <locus from="1r" facs="#AM02-0163b-0001r" to="1r">1r</locus>).</item>
								</list>
							</decoNote>
							<decoNote type="frieze" subtype="tail-piece">
								<list>
									<item>Við lok uppskriftar er bókahnútsígildi eða tákn
										skrifarans; það lítur út eins og tvö öfug P, belgirnir
										blekfylltir. Þetta tákn er í fleiri handritum, sbr. <ref type="ms" target="AM02-0164c">AM 164 c fol.</ref>, <ref type="ms" target="AM02-0163a">AM 163 a fol.</ref>
										<ref type="ms" target="AM02-0163b">AM 163 b fol.</ref>, <ref target="AM02-0163d" type="ms">AM 163 d fol.</ref>
										<!-- nb. þetta tákn er einnig annars staðar. ATH betur.(vh)--></item>
								</list>
							</decoNote>
						</decoDesc>

						<additions>
							<p>
								<list>
									<item>Spássíugreinar eru víða við Grettis sögu á blöðum <locus from="1r" facs="#AM02-0163b-0001r" to="22v">1r-22v</locus>.</item>
									<item>Fyrsta lína á síðu er gjarnan afrituð á spássíu á blöðum
											<locus from="1r" facs="#AM02-0163b-0001r" to="22v">1r-22v</locus>.</item>
									<item>Lesbrigði og athugasemdir um tímatal eru á spássíum hér og
										þar í öllu handritinu, sjá t.d. blöð <locus from="10v" facs="#AM02-0163b-0010v" to="11r">10v-11r</locus> og
											<locus from="32v" facs="#AM02-0163b-0032v" to="33r">32v-33r</locus>.</item>
									<item>Merkt er við vísur og málshætti á spássíum, bendistafurinn
											<q>W</q> fyrir vísur og <q>M</q> fyrir málshætti. M á
										spássíu <locus from="1r" facs="#AM02-0163b-0001r" to="1r">1r</locus> vísar til dæmis á málsháttinn: <q>Sá veit fleira
											er fleira prófar.</q> Þessar vísna- og málsháttavísanir
										eru gegnumgangandi í handritinu.</item>
									<item>Síðutitlar.</item>
								</list>
							</p>
						</additions>

						<bindingDesc>
							<binding notBefore="1976" notAfter="1976" contemporary="false">
								<p>Band frá 1976 (<dimensions type="binding" unit="mm">
										<height>335</height>
										<width>234</width>
										<depth>12</depth>
									</dimensions>). Spjöld eru klædd fínofnum striga. Grófari strigi
									er á kili og hornum. Saumað á móttök. </p>
							</binding>
						</bindingDesc>

						<accMat>
							<p> Laus miði frá Kaupmannahöfn með upplýsingum um forvörslu.</p>

						</accMat>

					</physDesc>

					<history>
						<origin notBefore="1650" notAfter="1682">
							<p> Handritið var upprunalega hluti af stærri bók sem skrifuð var fyrir
								1683 á <origPlace key="IS">Íslandi</origPlace> (sbr. <locus from="accMat01r" facs="#AM02-0163b-accMat01r" to="accMat01v">seðil</locus> í <ref target="AM02-0163a" type="ms">AM 163 a
									fol.</ref>). Það er tímasett til ca <origDate notBefore="1650" notAfter="1682">1650-1683</origDate> en í <bibl>
									<ref target="KKKat">Katalog I,</ref>
								</bibl> bls. 126, til síðari hluta 17. aldar. Í sömu
								bók voru <ref target="AM02-0163a" type="ms">AM 163 a fol.</ref>,
									<ref target="AM02-0163c" type="ms">AM 163 c fol.</ref>, <ref target="AM02-0163d" type="ms">AM 163 d fol.</ref>, <ref target="AM02-0110" type="ms">AM 110 fol.</ref>, <ref target="AM02-0125" type="ms">AM 125 fol.</ref> og blöð <locus from="10r" facs="#AM02-0163b-0010r" to="11v">10r-11v</locus> í
									<ref target="AM02-0202g" type="ms">AM 202 g fol.</ref>
							</p>
						</origin>

						<provenance>
							<p>
								Bókina sem handritið tilheyrði keypti <name key="ArnMag001" type="person">Árni Magnússon</name> af
											<name key="SigMag003" type="person">Sigurði
										Magnússyni</name> á <name type="place">Ferju</name> árið
											<date when="1711">1711</date> og tók í sundur (sbr.
											<locus from="accMat01r" facs="#AM02-0163b-accMat01r" to="accMat01v">seðil</locus> í <ref target="AM02-0163a" type="ms">AM 163 a fol.</ref>).
							</p>
						</provenance>

						<acquisition when="1976-09-08">
							<p>Stofnun Árna Magnússonar á Íslandi tók við handritinu 8. september
								1976.</p>
						</acquisition>
					</history>
					<additional>
						<adminInfo>
							<recordHist>

								<source>
									<p>
										<name key="KriKaa001" type="person">Kålund</name>
										gekk frá handritinu til skráningar<date when="1885-12-19">19. desember 1885</date>.<bibl>
												<ref target="KKKat">Katalog I;</ref>
											</bibl>bls. 126-127 (nr. 204),
										<name key="DriThr001" type="person">DKÞ</name>
										grunnskráði <date when="2001-10-02">2. október
											2001</date>,
												<name type="person" key="ValHil001">VH</name> skráði
												handritið samkvæmt TEIP5 reglum <date notBefore="2008-12-09" notAfter="2008-12-09">9.
												desember 2008</date>; lagfærði í <date when="2010-11">nóvember 2010</date>. <name key="ThuSig002" type="person">ÞÓS</name> skráði vatnsmerki <date when="2020-06-22">22. júní 2020</date>.
											
										
												
											
												
									
									</p>
								</source>

							</recordHist>
							<custodialHist>
								<custEvent type="conservation" notBefore="1976" notAfter="1976">
									<p>Viðgert og bundið af <name key="BirDal001" type="person">Birgitte Dall</name> í júní 1976. Eldra band
									fylgir.</p>
								</custEvent>
							</custodialHist>
						</adminInfo>
						<surrogates>
							<p>
								<list>
									<item>Stafrænar myndir á www.sagnanet.is.</item>
									<item>Svart-hvítar ljósmyndir á Det Arnamagnæanske Institut í
										Kaupmannahöfn.</item>
								</list>
							</p>
						</surrogates>
						<listBibl>
							<bibl>Arthur, S. M. 2012, <ref target="SusArt2012a">The importance of marital and maternal ties in the distribution of Icelandic manuscripts from the middle ages to the seventeenth century</ref></bibl>
							<bibl>Guðvarður Már Gunnlaugsson 2000, <ref target="GuðGun2000a">"Grettir vondum vættum, veitti hel og þreytti". Grettir Ásmundarson og vinsældir Grettis sögu</ref></bibl>
							<bibl>Ólafur Halldórsson 2000, <ref target="ÓlaHal2000d">Athugasemdir við bók Más Jónssonar um Árna Magnússon</ref></bibl>
						</listBibl>
					</additional>
				</msDesc>
			</sourceDesc>
		</fileDesc>
		<revisionDesc>
			<change when="2008-10" who="#EriHas01">Migrated from MASTER to P5</change>
		</revisionDesc>
	</teiHeader>
	<facsimile xml:base="https://myndir.handrit.is/file/Handrit.is/">
		<surface xml:id="AM02-0163b-0000r-FB" n="0">
			<desc>0000r-FB</desc>
			<graphic mimeType="pdf" url="AM%20163%20b%20fol/0/HIGH_QUALITY_DISPLAY"/>
			<graphic mimeType="jpg" url="AM%20163%20b%20fol/0/THUMBNAIL" width="200px" height="275px"/>
			<graphic mimeType="jpg" url="AM%20163%20b%20fol/0/SECONDARY_DISPLAY" width="3564px" height="4908px"/>
			<graphic mimeType="pdf" url="AM%20163%20b%20fol/0/WEB_DISPLAY"/>
		</surface>
		<surface xml:id="AM02-0163b-0000v-FB" n="1">
			<desc>0000v-FB</desc>
			<graphic mimeType="pdf" url="AM%20163%20b%20fol/1/HIGH_QUALITY_DISPLAY"/>
			<graphic mimeType="jpg" url="AM%20163%20b%20fol/1/THUMBNAIL" width="200px" height="275px"/>
			<graphic mimeType="jpg" url="AM%20163%20b%20fol/1/SECONDARY_DISPLAY" width="3564px" height="4908px"/>
			<graphic mimeType="pdf" url="AM%20163%20b%20fol/1/WEB_DISPLAY"/>
		</surface>
		<surface xml:id="AM02-0163b-0001r-FFl" n="2">
			<desc>0001r-FFl</desc>
			<graphic mimeType="pdf" url="AM%20163%20b%20fol/2/HIGH_QUALITY_DISPLAY"/>
			<graphic mimeType="jpg" url="AM%20163%20b%20fol/2/THUMBNAIL" width="200px" height="278px"/>
			<graphic mimeType="jpg" url="AM%20163%20b%20fol/2/SECONDARY_DISPLAY" width="3492px" height="4860px"/>
			<graphic mimeType="pdf" url="AM%20163%20b%20fol/2/WEB_DISPLAY"/>
		</surface>
		<surface xml:id="AM02-0163b-0001v-FFl" n="3">
			<desc>0001v-FFl</desc>
			<graphic mimeType="pdf" url="AM%20163%20b%20fol/3/HIGH_QUALITY_DISPLAY"/>
			<graphic mimeType="jpg" url="AM%20163%20b%20fol/3/THUMBNAIL" width="200px" height="278px"/>
			<graphic mimeType="jpg" url="AM%20163%20b%20fol/3/SECONDARY_DISPLAY" width="3492px" height="4860px"/>
			<graphic mimeType="pdf" url="AM%20163%20b%20fol/3/WEB_DISPLAY"/>
		</surface>
		<surface xml:id="AM02-0163b-0001r" n="4">
			<desc>0001r</desc>
			<graphic mimeType="pdf" url="AM%20163%20b%20fol/4/HIGH_QUALITY_DISPLAY"/>
			<graphic mimeType="jpg" url="AM%20163%20b%20fol/4/THUMBNAIL" width="200px" height="287px"/>
			<graphic mimeType="jpg" url="AM%20163%20b%20fol/4/SECONDARY_DISPLAY" width="3312px" height="4752px"/>
			<graphic mimeType="pdf" url="AM%20163%20b%20fol/4/WEB_DISPLAY"/>
		</surface>
		<surface xml:id="AM02-0163b-0001v" n="5">
			<desc>0001v</desc>
			<graphic mimeType="pdf" url="AM%20163%20b%20fol/5/HIGH_QUALITY_DISPLAY"/>
			<graphic mimeType="jpg" url="AM%20163%20b%20fol/5/THUMBNAIL" width="198px" height="300px"/>
			<graphic mimeType="jpg" url="AM%20163%20b%20fol/5/SECONDARY_DISPLAY" width="3131px" height="4752px"/>
			<graphic mimeType="pdf" url="AM%20163%20b%20fol/5/WEB_DISPLAY"/>
		</surface>
		<surface xml:id="AM02-0163b-0002r" n="6">
			<desc>0002r</desc>
			<graphic mimeType="pdf" url="AM%20163%20b%20fol/6/HIGH_QUALITY_DISPLAY"/>
			<graphic mimeType="jpg" url="AM%20163%20b%20fol/6/THUMBNAIL" width="198px" height="300px"/>
			<graphic mimeType="jpg" url="AM%20163%20b%20fol/6/SECONDARY_DISPLAY" width="3131px" height="4752px"/>
			<graphic mimeType="pdf" url="AM%20163%20b%20fol/6/WEB_DISPLAY"/>
		</surface>
		<surface xml:id="AM02-0163b-0002v" n="7">
			<desc>0002v</desc>
			<graphic mimeType="pdf" url="AM%20163%20b%20fol/7/HIGH_QUALITY_DISPLAY"/>
			<graphic mimeType="jpg" url="AM%20163%20b%20fol/7/THUMBNAIL" width="198px" height="300px"/>
			<graphic mimeType="jpg" url="AM%20163%20b%20fol/7/SECONDARY_DISPLAY" width="3131px" height="4752px"/>
			<graphic mimeType="pdf" url="AM%20163%20b%20fol/7/WEB_DISPLAY"/>
		</surface>
		<surface xml:id="AM02-0163b-0003r" n="8">
			<desc>0003r</desc>
			<graphic mimeType="pdf" url="AM%20163%20b%20fol/8/HIGH_QUALITY_DISPLAY"/>
			<graphic mimeType="jpg" url="AM%20163%20b%20fol/8/THUMBNAIL" width="198px" height="300px"/>
			<graphic mimeType="jpg" url="AM%20163%20b%20fol/8/SECONDARY_DISPLAY" width="3131px" height="4752px"/>
			<graphic mimeType="pdf" url="AM%20163%20b%20fol/8/WEB_DISPLAY"/>
		</surface>
		<surface xml:id="AM02-0163b-0003v" n="9">
			<desc>0003v</desc>
			<graphic mimeType="pdf" url="AM%20163%20b%20fol/9/HIGH_QUALITY_DISPLAY"/>
			<graphic mimeType="jpg" url="AM%20163%20b%20fol/9/THUMBNAIL" width="198px" height="300px"/>
			<graphic mimeType="jpg" url="AM%20163%20b%20fol/9/SECONDARY_DISPLAY" width="3131px" height="4752px"/>
			<graphic mimeType="pdf" url="AM%20163%20b%20fol/9/WEB_DISPLAY"/>
		</surface>
		<surface xml:id="AM02-0163b-0004r" n="10">
			<desc>0004r</desc>
			<graphic mimeType="pdf" url="AM%20163%20b%20fol/10/HIGH_QUALITY_DISPLAY"/>
			<graphic mimeType="jpg" url="AM%20163%20b%20fol/10/THUMBNAIL" width="198px" height="300px"/>
			<graphic mimeType="jpg" url="AM%20163%20b%20fol/10/SECONDARY_DISPLAY" width="3131px" height="4752px"/>
			<graphic mimeType="pdf" url="AM%20163%20b%20fol/10/WEB_DISPLAY"/>
		</surface>
		<surface xml:id="AM02-0163b-0004v" n="11">
			<desc>0004v</desc>
			<graphic mimeType="pdf" url="AM%20163%20b%20fol/11/HIGH_QUALITY_DISPLAY"/>
			<graphic mimeType="jpg" url="AM%20163%20b%20fol/11/THUMBNAIL" width="196px" height="300px"/>
			<graphic mimeType="jpg" url="AM%20163%20b%20fol/11/SECONDARY_DISPLAY" width="3113px" height="4752px"/>
			<graphic mimeType="pdf" url="AM%20163%20b%20fol/11/WEB_DISPLAY"/>
		</surface>
		<surface xml:id="AM02-0163b-0005r" n="12">
			<desc>0005r</desc>
			<graphic mimeType="pdf" url="AM%20163%20b%20fol/12/HIGH_QUALITY_DISPLAY"/>
			<graphic mimeType="jpg" url="AM%20163%20b%20fol/12/THUMBNAIL" width="196px" height="300px"/>
			<graphic mimeType="jpg" url="AM%20163%20b%20fol/12/SECONDARY_DISPLAY" width="3113px" height="4752px"/>
			<graphic mimeType="pdf" url="AM%20163%20b%20fol/12/WEB_DISPLAY"/>
		</surface>
		<surface xml:id="AM02-0163b-0005v" n="13">
			<desc>0005v</desc>
			<graphic mimeType="pdf" url="AM%20163%20b%20fol/13/HIGH_QUALITY_DISPLAY"/>
			<graphic mimeType="jpg" url="AM%20163%20b%20fol/13/THUMBNAIL" width="196px" height="300px"/>
			<graphic mimeType="jpg" url="AM%20163%20b%20fol/13/SECONDARY_DISPLAY" width="3113px" height="4752px"/>
			<graphic mimeType="pdf" url="AM%20163%20b%20fol/13/WEB_DISPLAY"/>
		</surface>
		<surface xml:id="AM02-0163b-0006r" n="14">
			<desc>0006r</desc>
			<graphic mimeType="pdf" url="AM%20163%20b%20fol/14/HIGH_QUALITY_DISPLAY"/>
			<graphic mimeType="jpg" url="AM%20163%20b%20fol/14/THUMBNAIL" width="196px" height="300px"/>
			<graphic mimeType="jpg" url="AM%20163%20b%20fol/14/SECONDARY_DISPLAY" width="3113px" height="4752px"/>
			<graphic mimeType="pdf" url="AM%20163%20b%20fol/14/WEB_DISPLAY"/>
		</surface>
		<surface xml:id="AM02-0163b-0006v" n="15">
			<desc>0006v</desc>
			<graphic mimeType="pdf" url="AM%20163%20b%20fol/15/HIGH_QUALITY_DISPLAY"/>
			<graphic mimeType="jpg" url="AM%20163%20b%20fol/15/THUMBNAIL" width="196px" height="300px"/>
			<graphic mimeType="jpg" url="AM%20163%20b%20fol/15/SECONDARY_DISPLAY" width="3113px" height="4752px"/>
			<graphic mimeType="pdf" url="AM%20163%20b%20fol/15/WEB_DISPLAY"/>
		</surface>
		<surface xml:id="AM02-0163b-0007r" n="16">
			<desc>0007r</desc>
			<graphic mimeType="pdf" url="AM%20163%20b%20fol/16/HIGH_QUALITY_DISPLAY"/>
			<graphic mimeType="jpg" url="AM%20163%20b%20fol/16/THUMBNAIL" width="196px" height="300px"/>
			<graphic mimeType="jpg" url="AM%20163%20b%20fol/16/SECONDARY_DISPLAY" width="3113px" height="4752px"/>
			<graphic mimeType="pdf" url="AM%20163%20b%20fol/16/WEB_DISPLAY"/>
		</surface>
		<surface xml:id="AM02-0163b-0007v" n="17">
			<desc>0007v</desc>
			<graphic mimeType="pdf" url="AM%20163%20b%20fol/17/HIGH_QUALITY_DISPLAY"/>
			<graphic mimeType="jpg" url="AM%20163%20b%20fol/17/THUMBNAIL" width="196px" height="300px"/>
			<graphic mimeType="jpg" url="AM%20163%20b%20fol/17/SECONDARY_DISPLAY" width="3113px" height="4752px"/>
			<graphic mimeType="pdf" url="AM%20163%20b%20fol/17/WEB_DISPLAY"/>
		</surface>
		<surface xml:id="AM02-0163b-0008r" n="18">
			<desc>0008r</desc>
			<graphic mimeType="pdf" url="AM%20163%20b%20fol/18/HIGH_QUALITY_DISPLAY"/>
			<graphic mimeType="jpg" url="AM%20163%20b%20fol/18/THUMBNAIL" width="196px" height="300px"/>
			<graphic mimeType="jpg" url="AM%20163%20b%20fol/18/SECONDARY_DISPLAY" width="3113px" height="4752px"/>
			<graphic mimeType="pdf" url="AM%20163%20b%20fol/18/WEB_DISPLAY"/>
		</surface>
		<surface xml:id="AM02-0163b-0008v" n="19">
			<desc>0008v</desc>
			<graphic mimeType="pdf" url="AM%20163%20b%20fol/19/HIGH_QUALITY_DISPLAY"/>
			<graphic mimeType="jpg" url="AM%20163%20b%20fol/19/THUMBNAIL" width="196px" height="300px"/>
			<graphic mimeType="jpg" url="AM%20163%20b%20fol/19/SECONDARY_DISPLAY" width="3113px" height="4752px"/>
			<graphic mimeType="pdf" url="AM%20163%20b%20fol/19/WEB_DISPLAY"/>
		</surface>
		<surface xml:id="AM02-0163b-0009r" n="20">
			<desc>0009r</desc>
			<graphic mimeType="pdf" url="AM%20163%20b%20fol/20/HIGH_QUALITY_DISPLAY"/>
			<graphic mimeType="jpg" url="AM%20163%20b%20fol/20/THUMBNAIL" width="196px" height="300px"/>
			<graphic mimeType="jpg" url="AM%20163%20b%20fol/20/SECONDARY_DISPLAY" width="3113px" height="4752px"/>
			<graphic mimeType="pdf" url="AM%20163%20b%20fol/20/WEB_DISPLAY"/>
		</surface>
		<surface xml:id="AM02-0163b-0009v" n="21">
			<desc>0009v</desc>
			<graphic mimeType="pdf" url="AM%20163%20b%20fol/21/HIGH_QUALITY_DISPLAY"/>
			<graphic mimeType="jpg" url="AM%20163%20b%20fol/21/THUMBNAIL" width="196px" height="300px"/>
			<graphic mimeType="jpg" url="AM%20163%20b%20fol/21/SECONDARY_DISPLAY" width="3113px" height="4752px"/>
			<graphic mimeType="pdf" url="AM%20163%20b%20fol/21/WEB_DISPLAY"/>
		</surface>
		<surface xml:id="AM02-0163b-0010r" n="22">
			<desc>0010r</desc>
			<graphic mimeType="pdf" url="AM%20163%20b%20fol/22/HIGH_QUALITY_DISPLAY"/>
			<graphic mimeType="jpg" url="AM%20163%20b%20fol/22/THUMBNAIL" width="196px" height="300px"/>
			<graphic mimeType="jpg" url="AM%20163%20b%20fol/22/SECONDARY_DISPLAY" width="3113px" height="4752px"/>
			<graphic mimeType="pdf" url="AM%20163%20b%20fol/22/WEB_DISPLAY"/>
		</surface>
		<surface xml:id="AM02-0163b-0010v" n="23">
			<desc>0010v</desc>
			<graphic mimeType="pdf" url="AM%20163%20b%20fol/23/HIGH_QUALITY_DISPLAY"/>
			<graphic mimeType="jpg" url="AM%20163%20b%20fol/23/THUMBNAIL" width="195px" height="300px"/>
			<graphic mimeType="jpg" url="AM%20163%20b%20fol/23/SECONDARY_DISPLAY" width="3095px" height="4752px"/>
			<graphic mimeType="pdf" url="AM%20163%20b%20fol/23/WEB_DISPLAY"/>
		</surface>
		<surface xml:id="AM02-0163b-0011r" n="24">
			<desc>0011r</desc>
			<graphic mimeType="pdf" url="AM%20163%20b%20fol/24/HIGH_QUALITY_DISPLAY"/>
			<graphic mimeType="jpg" url="AM%20163%20b%20fol/24/THUMBNAIL" width="195px" height="300px"/>
			<graphic mimeType="jpg" url="AM%20163%20b%20fol/24/SECONDARY_DISPLAY" width="3095px" height="4752px"/>
			<graphic mimeType="pdf" url="AM%20163%20b%20fol/24/WEB_DISPLAY"/>
		</surface>
		<surface xml:id="AM02-0163b-0011v" n="25">
			<desc>0011v</desc>
			<graphic mimeType="pdf" url="AM%20163%20b%20fol/25/HIGH_QUALITY_DISPLAY"/>
			<graphic mimeType="jpg" url="AM%20163%20b%20fol/25/THUMBNAIL" width="195px" height="300px"/>
			<graphic mimeType="jpg" url="AM%20163%20b%20fol/25/SECONDARY_DISPLAY" width="3095px" height="4752px"/>
			<graphic mimeType="pdf" url="AM%20163%20b%20fol/25/WEB_DISPLAY"/>
		</surface>
		<surface xml:id="AM02-0163b-0012r" n="26">
			<desc>0012r</desc>
			<graphic mimeType="pdf" url="AM%20163%20b%20fol/26/HIGH_QUALITY_DISPLAY"/>
			<graphic mimeType="jpg" url="AM%20163%20b%20fol/26/THUMBNAIL" width="195px" height="300px"/>
			<graphic mimeType="jpg" url="AM%20163%20b%20fol/26/SECONDARY_DISPLAY" width="3095px" height="4752px"/>
			<graphic mimeType="pdf" url="AM%20163%20b%20fol/26/WEB_DISPLAY"/>
		</surface>
		<surface xml:id="AM02-0163b-0012v" n="27">
			<desc>0012v</desc>
			<graphic mimeType="pdf" url="AM%20163%20b%20fol/27/HIGH_QUALITY_DISPLAY"/>
			<graphic mimeType="jpg" url="AM%20163%20b%20fol/27/THUMBNAIL" width="195px" height="300px"/>
			<graphic mimeType="jpg" url="AM%20163%20b%20fol/27/SECONDARY_DISPLAY" width="3095px" height="4752px"/>
			<graphic mimeType="pdf" url="AM%20163%20b%20fol/27/WEB_DISPLAY"/>
		</surface>
		<surface xml:id="AM02-0163b-0013r" n="28">
			<desc>0013r</desc>
			<graphic mimeType="pdf" url="AM%20163%20b%20fol/28/HIGH_QUALITY_DISPLAY"/>
			<graphic mimeType="jpg" url="AM%20163%20b%20fol/28/THUMBNAIL" width="195px" height="300px"/>
			<graphic mimeType="jpg" url="AM%20163%20b%20fol/28/SECONDARY_DISPLAY" width="3095px" height="4752px"/>
			<graphic mimeType="pdf" url="AM%20163%20b%20fol/28/WEB_DISPLAY"/>
		</surface>
		<surface xml:id="AM02-0163b-0013v" n="29">
			<desc>0013v</desc>
			<graphic mimeType="pdf" url="AM%20163%20b%20fol/29/HIGH_QUALITY_DISPLAY"/>
			<graphic mimeType="jpg" url="AM%20163%20b%20fol/29/THUMBNAIL" width="195px" height="300px"/>
			<graphic mimeType="jpg" url="AM%20163%20b%20fol/29/SECONDARY_DISPLAY" width="3095px" height="4752px"/>
			<graphic mimeType="pdf" url="AM%20163%20b%20fol/29/WEB_DISPLAY"/>
		</surface>
		<surface xml:id="AM02-0163b-0014r" n="30">
			<desc>0014r</desc>
			<graphic mimeType="pdf" url="AM%20163%20b%20fol/30/HIGH_QUALITY_DISPLAY"/>
			<graphic mimeType="jpg" url="AM%20163%20b%20fol/30/THUMBNAIL" width="195px" height="300px"/>
			<graphic mimeType="jpg" url="AM%20163%20b%20fol/30/SECONDARY_DISPLAY" width="3095px" height="4752px"/>
			<graphic mimeType="pdf" url="AM%20163%20b%20fol/30/WEB_DISPLAY"/>
		</surface>
		<surface xml:id="AM02-0163b-0014v" n="31">
			<desc>0014v</desc>
			<graphic mimeType="pdf" url="AM%20163%20b%20fol/31/HIGH_QUALITY_DISPLAY"/>
			<graphic mimeType="jpg" url="AM%20163%20b%20fol/31/THUMBNAIL" width="195px" height="300px"/>
			<graphic mimeType="jpg" url="AM%20163%20b%20fol/31/SECONDARY_DISPLAY" width="3095px" height="4752px"/>
			<graphic mimeType="pdf" url="AM%20163%20b%20fol/31/WEB_DISPLAY"/>
		</surface>
		<surface xml:id="AM02-0163b-0015r" n="32">
			<desc>0015r</desc>
			<graphic mimeType="pdf" url="AM%20163%20b%20fol/32/HIGH_QUALITY_DISPLAY"/>
			<graphic mimeType="jpg" url="AM%20163%20b%20fol/32/THUMBNAIL" width="195px" height="300px"/>
			<graphic mimeType="jpg" url="AM%20163%20b%20fol/32/SECONDARY_DISPLAY" width="3095px" height="4752px"/>
			<graphic mimeType="pdf" url="AM%20163%20b%20fol/32/WEB_DISPLAY"/>
		</surface>
		<surface xml:id="AM02-0163b-0015v" n="33">
			<desc>0015v</desc>
			<graphic mimeType="pdf" url="AM%20163%20b%20fol/33/HIGH_QUALITY_DISPLAY"/>
			<graphic mimeType="jpg" url="AM%20163%20b%20fol/33/THUMBNAIL" width="195px" height="300px"/>
			<graphic mimeType="jpg" url="AM%20163%20b%20fol/33/SECONDARY_DISPLAY" width="3095px" height="4752px"/>
			<graphic mimeType="pdf" url="AM%20163%20b%20fol/33/WEB_DISPLAY"/>
		</surface>
		<surface xml:id="AM02-0163b-0016r" n="34">
			<desc>0016r</desc>
			<graphic mimeType="pdf" url="AM%20163%20b%20fol/34/HIGH_QUALITY_DISPLAY"/>
			<graphic mimeType="jpg" url="AM%20163%20b%20fol/34/THUMBNAIL" width="195px" height="300px"/>
			<graphic mimeType="jpg" url="AM%20163%20b%20fol/34/SECONDARY_DISPLAY" width="3095px" height="4752px"/>
			<graphic mimeType="pdf" url="AM%20163%20b%20fol/34/WEB_DISPLAY"/>
		</surface>
		<surface xml:id="AM02-0163b-0016v" n="35">
			<desc>0016v</desc>
			<graphic mimeType="pdf" url="AM%20163%20b%20fol/35/HIGH_QUALITY_DISPLAY"/>
			<graphic mimeType="jpg" url="AM%20163%20b%20fol/35/THUMBNAIL" width="195px" height="300px"/>
			<graphic mimeType="jpg" url="AM%20163%20b%20fol/35/SECONDARY_DISPLAY" width="3095px" height="4752px"/>
			<graphic mimeType="pdf" url="AM%20163%20b%20fol/35/WEB_DISPLAY"/>
		</surface>
		<surface xml:id="AM02-0163b-0017r" n="36">
			<desc>0017r</desc>
			<graphic mimeType="pdf" url="AM%20163%20b%20fol/36/HIGH_QUALITY_DISPLAY"/>
			<graphic mimeType="jpg" url="AM%20163%20b%20fol/36/THUMBNAIL" width="195px" height="300px"/>
			<graphic mimeType="jpg" url="AM%20163%20b%20fol/36/SECONDARY_DISPLAY" width="3095px" height="4752px"/>
			<graphic mimeType="pdf" url="AM%20163%20b%20fol/36/WEB_DISPLAY"/>
		</surface>
		<surface xml:id="AM02-0163b-0017v" n="37">
			<desc>0017v</desc>
			<graphic mimeType="pdf" url="AM%20163%20b%20fol/37/HIGH_QUALITY_DISPLAY"/>
			<graphic mimeType="jpg" url="AM%20163%20b%20fol/37/THUMBNAIL" width="195px" height="300px"/>
			<graphic mimeType="jpg" url="AM%20163%20b%20fol/37/SECONDARY_DISPLAY" width="3095px" height="4752px"/>
			<graphic mimeType="pdf" url="AM%20163%20b%20fol/37/WEB_DISPLAY"/>
		</surface>
		<surface xml:id="AM02-0163b-0018r" n="38">
			<desc>0018r</desc>
			<graphic mimeType="pdf" url="AM%20163%20b%20fol/38/HIGH_QUALITY_DISPLAY"/>
			<graphic mimeType="jpg" url="AM%20163%20b%20fol/38/THUMBNAIL" width="195px" height="300px"/>
			<graphic mimeType="jpg" url="AM%20163%20b%20fol/38/SECONDARY_DISPLAY" width="3095px" height="4752px"/>
			<graphic mimeType="pdf" url="AM%20163%20b%20fol/38/WEB_DISPLAY"/>
		</surface>
		<surface xml:id="AM02-0163b-0018v" n="39">
			<desc>0018v</desc>
			<graphic mimeType="pdf" url="AM%20163%20b%20fol/39/HIGH_QUALITY_DISPLAY"/>
			<graphic mimeType="jpg" url="AM%20163%20b%20fol/39/THUMBNAIL" width="196px" height="300px"/>
			<graphic mimeType="jpg" url="AM%20163%20b%20fol/39/SECONDARY_DISPLAY" width="3041px" height="4656px"/>
			<graphic mimeType="pdf" url="AM%20163%20b%20fol/39/WEB_DISPLAY"/>
		</surface>
		<surface xml:id="AM02-0163b-0019r" n="40">
			<desc>0019r</desc>
			<graphic mimeType="pdf" url="AM%20163%20b%20fol/40/HIGH_QUALITY_DISPLAY"/>
			<graphic mimeType="jpg" url="AM%20163%20b%20fol/40/THUMBNAIL" width="196px" height="300px"/>
			<graphic mimeType="jpg" url="AM%20163%20b%20fol/40/SECONDARY_DISPLAY" width="3041px" height="4656px"/>
			<graphic mimeType="pdf" url="AM%20163%20b%20fol/40/WEB_DISPLAY"/>
		</surface>
		<surface xml:id="AM02-0163b-0019v" n="41">
			<desc>0019v</desc>
			<graphic mimeType="pdf" url="AM%20163%20b%20fol/41/HIGH_QUALITY_DISPLAY"/>
			<graphic mimeType="jpg" url="AM%20163%20b%20fol/41/THUMBNAIL" width="192px" height="300px"/>
			<graphic mimeType="jpg" url="AM%20163%20b%20fol/41/SECONDARY_DISPLAY" width="3041px" height="4752px"/>
			<graphic mimeType="pdf" url="AM%20163%20b%20fol/41/WEB_DISPLAY"/>
		</surface>
		<surface xml:id="AM02-0163b-0020r" n="42">
			<desc>0020r</desc>
			<graphic mimeType="pdf" url="AM%20163%20b%20fol/42/HIGH_QUALITY_DISPLAY"/>
			<graphic mimeType="jpg" url="AM%20163%20b%20fol/42/THUMBNAIL" width="192px" height="300px"/>
			<graphic mimeType="jpg" url="AM%20163%20b%20fol/42/SECONDARY_DISPLAY" width="3041px" height="4752px"/>
			<graphic mimeType="pdf" url="AM%20163%20b%20fol/42/WEB_DISPLAY"/>
		</surface>
		<surface xml:id="AM02-0163b-0020v" n="43">
			<desc>0020v</desc>
			<graphic mimeType="pdf" url="AM%20163%20b%20fol/43/HIGH_QUALITY_DISPLAY"/>
			<graphic mimeType="jpg" url="AM%20163%20b%20fol/43/THUMBNAIL" width="192px" height="300px"/>
			<graphic mimeType="jpg" url="AM%20163%20b%20fol/43/SECONDARY_DISPLAY" width="3041px" height="4752px"/>
			<graphic mimeType="pdf" url="AM%20163%20b%20fol/43/WEB_DISPLAY"/>
		</surface>
		<surface xml:id="AM02-0163b-0021r" n="44">
			<desc>0021r</desc>
			<graphic mimeType="pdf" url="AM%20163%20b%20fol/44/HIGH_QUALITY_DISPLAY"/>
			<graphic mimeType="jpg" url="AM%20163%20b%20fol/44/THUMBNAIL" width="192px" height="300px"/>
			<graphic mimeType="jpg" url="AM%20163%20b%20fol/44/SECONDARY_DISPLAY" width="3041px" height="4752px"/>
			<graphic mimeType="pdf" url="AM%20163%20b%20fol/44/WEB_DISPLAY"/>
		</surface>
		<surface xml:id="AM02-0163b-0021v" n="45">
			<desc>0021v</desc>
			<graphic mimeType="pdf" url="AM%20163%20b%20fol/45/HIGH_QUALITY_DISPLAY"/>
			<graphic mimeType="jpg" url="AM%20163%20b%20fol/45/THUMBNAIL" width="193px" height="300px"/>
			<graphic mimeType="jpg" url="AM%20163%20b%20fol/45/SECONDARY_DISPLAY" width="3059px" height="4752px"/>
			<graphic mimeType="pdf" url="AM%20163%20b%20fol/45/WEB_DISPLAY"/>
		</surface>
		<surface xml:id="AM02-0163b-0022r" n="46">
			<desc>0022r</desc>
			<graphic mimeType="pdf" url="AM%20163%20b%20fol/46/HIGH_QUALITY_DISPLAY"/>
			<graphic mimeType="jpg" url="AM%20163%20b%20fol/46/THUMBNAIL" width="193px" height="300px"/>
			<graphic mimeType="jpg" url="AM%20163%20b%20fol/46/SECONDARY_DISPLAY" width="3059px" height="4752px"/>
			<graphic mimeType="pdf" url="AM%20163%20b%20fol/46/WEB_DISPLAY"/>
		</surface>
		<surface xml:id="AM02-0163b-0022v" n="47">
			<desc>0022v</desc>
			<graphic mimeType="pdf" url="AM%20163%20b%20fol/47/HIGH_QUALITY_DISPLAY"/>
			<graphic mimeType="jpg" url="AM%20163%20b%20fol/47/THUMBNAIL" width="193px" height="300px"/>
			<graphic mimeType="jpg" url="AM%20163%20b%20fol/47/SECONDARY_DISPLAY" width="3059px" height="4752px"/>
			<graphic mimeType="pdf" url="AM%20163%20b%20fol/47/WEB_DISPLAY"/>
		</surface>
		<surface xml:id="AM02-0163b-0023r" n="48">
			<desc>0023r</desc>
			<graphic mimeType="pdf" url="AM%20163%20b%20fol/48/HIGH_QUALITY_DISPLAY"/>
			<graphic mimeType="jpg" url="AM%20163%20b%20fol/48/THUMBNAIL" width="193px" height="300px"/>
			<graphic mimeType="jpg" url="AM%20163%20b%20fol/48/SECONDARY_DISPLAY" width="3059px" height="4752px"/>
			<graphic mimeType="pdf" url="AM%20163%20b%20fol/48/WEB_DISPLAY"/>
		</surface>
		<surface xml:id="AM02-0163b-0023v" n="49">
			<desc>0023v</desc>
			<graphic mimeType="pdf" url="AM%20163%20b%20fol/49/HIGH_QUALITY_DISPLAY"/>
			<graphic mimeType="jpg" url="AM%20163%20b%20fol/49/THUMBNAIL" width="190px" height="300px"/>
			<graphic mimeType="jpg" url="AM%20163%20b%20fol/49/SECONDARY_DISPLAY" width="3017px" height="4752px"/>
			<graphic mimeType="pdf" url="AM%20163%20b%20fol/49/WEB_DISPLAY"/>
		</surface>
		<surface xml:id="AM02-0163b-0024r" n="50">
			<desc>0024r</desc>
			<graphic mimeType="pdf" url="AM%20163%20b%20fol/50/HIGH_QUALITY_DISPLAY"/>
			<graphic mimeType="jpg" url="AM%20163%20b%20fol/50/THUMBNAIL" width="190px" height="300px"/>
			<graphic mimeType="jpg" url="AM%20163%20b%20fol/50/SECONDARY_DISPLAY" width="3017px" height="4752px"/>
			<graphic mimeType="pdf" url="AM%20163%20b%20fol/50/WEB_DISPLAY"/>
		</surface>
		<surface xml:id="AM02-0163b-0024v" n="51">
			<desc>0024v</desc>
			<graphic mimeType="pdf" url="AM%20163%20b%20fol/51/HIGH_QUALITY_DISPLAY"/>
			<graphic mimeType="jpg" url="AM%20163%20b%20fol/51/THUMBNAIL" width="190px" height="300px"/>
			<graphic mimeType="jpg" url="AM%20163%20b%20fol/51/SECONDARY_DISPLAY" width="3017px" height="4752px"/>
			<graphic mimeType="pdf" url="AM%20163%20b%20fol/51/WEB_DISPLAY"/>
		</surface>
		<surface xml:id="AM02-0163b-0025r" n="52">
			<desc>0025r</desc>
			<graphic mimeType="pdf" url="AM%20163%20b%20fol/52/HIGH_QUALITY_DISPLAY"/>
			<graphic mimeType="jpg" url="AM%20163%20b%20fol/52/THUMBNAIL" width="190px" height="300px"/>
			<graphic mimeType="jpg" url="AM%20163%20b%20fol/52/SECONDARY_DISPLAY" width="3017px" height="4752px"/>
			<graphic mimeType="pdf" url="AM%20163%20b%20fol/52/WEB_DISPLAY"/>
		</surface>
		<surface xml:id="AM02-0163b-0025v" n="53">
			<desc>0025v</desc>
			<graphic mimeType="pdf" url="AM%20163%20b%20fol/53/HIGH_QUALITY_DISPLAY"/>
			<graphic mimeType="jpg" url="AM%20163%20b%20fol/53/THUMBNAIL" width="190px" height="300px"/>
			<graphic mimeType="jpg" url="AM%20163%20b%20fol/53/SECONDARY_DISPLAY" width="3017px" height="4752px"/>
			<graphic mimeType="pdf" url="AM%20163%20b%20fol/53/WEB_DISPLAY"/>
		</surface>
		<surface xml:id="AM02-0163b-0026r" n="54">
			<desc>0026r</desc>
			<graphic mimeType="pdf" url="AM%20163%20b%20fol/54/HIGH_QUALITY_DISPLAY"/>
			<graphic mimeType="jpg" url="AM%20163%20b%20fol/54/THUMBNAIL" width="190px" height="300px"/>
			<graphic mimeType="jpg" url="AM%20163%20b%20fol/54/SECONDARY_DISPLAY" width="3017px" height="4752px"/>
			<graphic mimeType="pdf" url="AM%20163%20b%20fol/54/WEB_DISPLAY"/>
		</surface>
		<surface xml:id="AM02-0163b-0026v" n="55">
			<desc>0026v</desc>
			<graphic mimeType="pdf" url="AM%20163%20b%20fol/55/HIGH_QUALITY_DISPLAY"/>
			<graphic mimeType="jpg" url="AM%20163%20b%20fol/55/THUMBNAIL" width="190px" height="300px"/>
			<graphic mimeType="jpg" url="AM%20163%20b%20fol/55/SECONDARY_DISPLAY" width="3017px" height="4752px"/>
			<graphic mimeType="pdf" url="AM%20163%20b%20fol/55/WEB_DISPLAY"/>
		</surface>
		<surface xml:id="AM02-0163b-0027r" n="56">
			<desc>0027r</desc>
			<graphic mimeType="pdf" url="AM%20163%20b%20fol/56/HIGH_QUALITY_DISPLAY"/>
			<graphic mimeType="jpg" url="AM%20163%20b%20fol/56/THUMBNAIL" width="190px" height="300px"/>
			<graphic mimeType="jpg" url="AM%20163%20b%20fol/56/SECONDARY_DISPLAY" width="3017px" height="4752px"/>
			<graphic mimeType="pdf" url="AM%20163%20b%20fol/56/WEB_DISPLAY"/>
		</surface>
		<surface xml:id="AM02-0163b-0027v" n="57">
			<desc>0027v</desc>
			<graphic mimeType="pdf" url="AM%20163%20b%20fol/57/HIGH_QUALITY_DISPLAY"/>
			<graphic mimeType="jpg" url="AM%20163%20b%20fol/57/THUMBNAIL" width="190px" height="300px"/>
			<graphic mimeType="jpg" url="AM%20163%20b%20fol/57/SECONDARY_DISPLAY" width="3017px" height="4752px"/>
			<graphic mimeType="pdf" url="AM%20163%20b%20fol/57/WEB_DISPLAY"/>
		</surface>
		<surface xml:id="AM02-0163b-0028r" n="58">
			<desc>0028r</desc>
			<graphic mimeType="pdf" url="AM%20163%20b%20fol/58/HIGH_QUALITY_DISPLAY"/>
			<graphic mimeType="jpg" url="AM%20163%20b%20fol/58/THUMBNAIL" width="190px" height="300px"/>
			<graphic mimeType="jpg" url="AM%20163%20b%20fol/58/SECONDARY_DISPLAY" width="3017px" height="4752px"/>
			<graphic mimeType="pdf" url="AM%20163%20b%20fol/58/WEB_DISPLAY"/>
		</surface>
		<surface xml:id="AM02-0163b-0028v" n="59">
			<desc>0028v</desc>
			<graphic mimeType="pdf" url="AM%20163%20b%20fol/59/HIGH_QUALITY_DISPLAY"/>
			<graphic mimeType="jpg" url="AM%20163%20b%20fol/59/THUMBNAIL" width="190px" height="300px"/>
			<graphic mimeType="jpg" url="AM%20163%20b%20fol/59/SECONDARY_DISPLAY" width="3017px" height="4752px"/>
			<graphic mimeType="pdf" url="AM%20163%20b%20fol/59/WEB_DISPLAY"/>
		</surface>
		<surface xml:id="AM02-0163b-0029r" n="60">
			<desc>0029r</desc>
			<graphic mimeType="pdf" url="AM%20163%20b%20fol/60/HIGH_QUALITY_DISPLAY"/>
			<graphic mimeType="jpg" url="AM%20163%20b%20fol/60/THUMBNAIL" width="190px" height="300px"/>
			<graphic mimeType="jpg" url="AM%20163%20b%20fol/60/SECONDARY_DISPLAY" width="3017px" height="4752px"/>
			<graphic mimeType="pdf" url="AM%20163%20b%20fol/60/WEB_DISPLAY"/>
		</surface>
		<surface xml:id="AM02-0163b-0029v" n="61">
			<desc>0029v</desc>
			<graphic mimeType="pdf" url="AM%20163%20b%20fol/61/HIGH_QUALITY_DISPLAY"/>
			<graphic mimeType="jpg" url="AM%20163%20b%20fol/61/THUMBNAIL" width="190px" height="300px"/>
			<graphic mimeType="jpg" url="AM%20163%20b%20fol/61/SECONDARY_DISPLAY" width="3017px" height="4752px"/>
			<graphic mimeType="pdf" url="AM%20163%20b%20fol/61/WEB_DISPLAY"/>
		</surface>
		<surface xml:id="AM02-0163b-0030r" n="62">
			<desc>0030r</desc>
			<graphic mimeType="pdf" url="AM%20163%20b%20fol/62/HIGH_QUALITY_DISPLAY"/>
			<graphic mimeType="jpg" url="AM%20163%20b%20fol/62/THUMBNAIL" width="190px" height="300px"/>
			<graphic mimeType="jpg" url="AM%20163%20b%20fol/62/SECONDARY_DISPLAY" width="3017px" height="4752px"/>
			<graphic mimeType="pdf" url="AM%20163%20b%20fol/62/WEB_DISPLAY"/>
		</surface>
		<surface xml:id="AM02-0163b-0030v" n="63">
			<desc>0030v</desc>
			<graphic mimeType="pdf" url="AM%20163%20b%20fol/63/HIGH_QUALITY_DISPLAY"/>
			<graphic mimeType="jpg" url="AM%20163%20b%20fol/63/THUMBNAIL" width="190px" height="300px"/>
			<graphic mimeType="jpg" url="AM%20163%20b%20fol/63/SECONDARY_DISPLAY" width="3017px" height="4752px"/>
			<graphic mimeType="pdf" url="AM%20163%20b%20fol/63/WEB_DISPLAY"/>
		</surface>
		<surface xml:id="AM02-0163b-0031r" n="64">
			<desc>0031r</desc>
			<graphic mimeType="pdf" url="AM%20163%20b%20fol/64/HIGH_QUALITY_DISPLAY"/>
			<graphic mimeType="jpg" url="AM%20163%20b%20fol/64/THUMBNAIL" width="190px" height="300px"/>
			<graphic mimeType="jpg" url="AM%20163%20b%20fol/64/SECONDARY_DISPLAY" width="3017px" height="4752px"/>
			<graphic mimeType="pdf" url="AM%20163%20b%20fol/64/WEB_DISPLAY"/>
		</surface>
		<surface xml:id="AM02-0163b-0031v" n="65">
			<desc>0031v</desc>
			<graphic mimeType="pdf" url="AM%20163%20b%20fol/65/HIGH_QUALITY_DISPLAY"/>
			<graphic mimeType="jpg" url="AM%20163%20b%20fol/65/THUMBNAIL" width="190px" height="300px"/>
			<graphic mimeType="jpg" url="AM%20163%20b%20fol/65/SECONDARY_DISPLAY" width="3017px" height="4752px"/>
			<graphic mimeType="pdf" url="AM%20163%20b%20fol/65/WEB_DISPLAY"/>
		</surface>
		<surface xml:id="AM02-0163b-0032r" n="66">
			<desc>0032r</desc>
			<graphic mimeType="pdf" url="AM%20163%20b%20fol/66/HIGH_QUALITY_DISPLAY"/>
			<graphic mimeType="jpg" url="AM%20163%20b%20fol/66/THUMBNAIL" width="190px" height="300px"/>
			<graphic mimeType="jpg" url="AM%20163%20b%20fol/66/SECONDARY_DISPLAY" width="3017px" height="4752px"/>
			<graphic mimeType="pdf" url="AM%20163%20b%20fol/66/WEB_DISPLAY"/>
		</surface>
		<surface xml:id="AM02-0163b-0032v" n="67">
			<desc>0032v</desc>
			<graphic mimeType="pdf" url="AM%20163%20b%20fol/67/HIGH_QUALITY_DISPLAY"/>
			<graphic mimeType="jpg" url="AM%20163%20b%20fol/67/THUMBNAIL" width="190px" height="300px"/>
			<graphic mimeType="jpg" url="AM%20163%20b%20fol/67/SECONDARY_DISPLAY" width="3017px" height="4752px"/>
			<graphic mimeType="pdf" url="AM%20163%20b%20fol/67/WEB_DISPLAY"/>
		</surface>
		<surface xml:id="AM02-0163b-0033r" n="68">
			<desc>0033r</desc>
			<graphic mimeType="pdf" url="AM%20163%20b%20fol/68/HIGH_QUALITY_DISPLAY"/>
			<graphic mimeType="jpg" url="AM%20163%20b%20fol/68/THUMBNAIL" width="190px" height="300px"/>
			<graphic mimeType="jpg" url="AM%20163%20b%20fol/68/SECONDARY_DISPLAY" width="3017px" height="4752px"/>
			<graphic mimeType="pdf" url="AM%20163%20b%20fol/68/WEB_DISPLAY"/>
		</surface>
		<surface xml:id="AM02-0163b-0033v" n="69">
			<desc>0033v</desc>
			<graphic mimeType="pdf" url="AM%20163%20b%20fol/69/HIGH_QUALITY_DISPLAY"/>
			<graphic mimeType="jpg" url="AM%20163%20b%20fol/69/THUMBNAIL" width="200px" height="300px"/>
			<graphic mimeType="jpg" url="AM%20163%20b%20fol/69/SECONDARY_DISPLAY" width="3168px" height="4752px"/>
			<graphic mimeType="pdf" url="AM%20163%20b%20fol/69/WEB_DISPLAY"/>
		</surface>
		<surface xml:id="AM02-0163b-9901r-RFl" n="70">
			<desc>9901r-RFl</desc>
			<graphic mimeType="pdf" url="AM%20163%20b%20fol/70/HIGH_QUALITY_DISPLAY"/>
			<graphic mimeType="jpg" url="AM%20163%20b%20fol/70/THUMBNAIL" width="200px" height="280px"/>
			<graphic mimeType="jpg" url="AM%20163%20b%20fol/70/SECONDARY_DISPLAY" width="3468px" height="4860px"/>
			<graphic mimeType="pdf" url="AM%20163%20b%20fol/70/WEB_DISPLAY"/>
		</surface>
		<surface xml:id="AM02-0163b-9901v-RFl" n="71">
			<desc>9901v-RFl</desc>
			<graphic mimeType="pdf" url="AM%20163%20b%20fol/71/HIGH_QUALITY_DISPLAY"/>
			<graphic mimeType="jpg" url="AM%20163%20b%20fol/71/THUMBNAIL" width="200px" height="280px"/>
			<graphic mimeType="jpg" url="AM%20163%20b%20fol/71/SECONDARY_DISPLAY" width="3468px" height="4860px"/>
			<graphic mimeType="pdf" url="AM%20163%20b%20fol/71/WEB_DISPLAY"/>
		</surface>
		<surface xml:id="AM02-0163b-9999r-RB" n="72">
			<desc>9999r-RB</desc>
			<graphic mimeType="pdf" url="AM%20163%20b%20fol/72/HIGH_QUALITY_DISPLAY"/>
			<graphic mimeType="jpg" url="AM%20163%20b%20fol/72/THUMBNAIL" width="200px" height="274px"/>
			<graphic mimeType="jpg" url="AM%20163%20b%20fol/72/SECONDARY_DISPLAY" width="3576px" height="4896px"/>
			<graphic mimeType="pdf" url="AM%20163%20b%20fol/72/WEB_DISPLAY"/>
		</surface>
		<surface xml:id="AM02-0163b-9999v-RB" n="73">
			<desc>9999v-RB</desc>
			<graphic mimeType="pdf" url="AM%20163%20b%20fol/73/HIGH_QUALITY_DISPLAY"/>
			<graphic mimeType="jpg" url="AM%20163%20b%20fol/73/THUMBNAIL" width="200px" height="274px"/>
			<graphic mimeType="jpg" url="AM%20163%20b%20fol/73/SECONDARY_DISPLAY" width="3576px" height="4896px"/>
			<graphic mimeType="pdf" url="AM%20163%20b%20fol/73/WEB_DISPLAY"/>
		</surface>
		<surface xml:id="AM02-0163b-addMat01r" n="74">
			<desc>addMat01r</desc>
			<graphic mimeType="pdf" url="AM%20163%20b%20fol/74/HIGH_QUALITY_DISPLAY"/>
			<graphic mimeType="jpg" url="AM%20163%20b%20fol/74/THUMBNAIL" width="200px" height="106px"/>
			<graphic mimeType="jpg" url="AM%20163%20b%20fol/74/SECONDARY_DISPLAY" width="2038px" height="1081px"/>
			<graphic mimeType="pdf" url="AM%20163%20b%20fol/74/WEB_DISPLAY"/>
		</surface>
		<surface xml:id="AM02-0163b-ccp" n="75">
			<desc>ccp</desc>
			<graphic mimeType="pdf" url="AM%20163%20b%20fol/75/HIGH_QUALITY_DISPLAY"/>
			<graphic mimeType="jpg" url="AM%20163%20b%20fol/75/THUMBNAIL" width="200px" height="293px"/>
			<graphic mimeType="jpg" url="AM%20163%20b%20fol/75/SECONDARY_DISPLAY" width="2124px" height="3108px"/>
			<graphic mimeType="pdf" url="AM%20163%20b%20fol/75/WEB_DISPLAY"/>
		</surface>
	</facsimile>
	<text>
		<body>

			<p/>
		</body>
	</text>
</TEI>