<?xml version="1.0" encoding="UTF-8"?>
<?oxygen RNGSchema="http://www.handrit.is/schema/handrit-1.0.rnc" type="compact"?>
<TEI xmlns="http://www.tei-c.org/ns/1.0">
   <teiHeader>
      <fileDesc>
         <titleStmt>
            <title type="main">AM 4 fol.</title>
         </titleStmt>
         <publicationStmt>
            <authority>Den Arnamagnæanske Samling</authority>
            <pubPlace>København</pubPlace>
         </publicationStmt>
         <sourceDesc>
            <msDesc xml:id="AM02-0004-en" xml:lang="en">
               <msIdentifier>
                  <country>Denmark</country>
                  <settlement>København</settlement>
                  <repository>Den Arnamagnæanske Samling</repository>
                  <idno>AM 4 fol.</idno>
                  <altIdentifier type="internal" subtype="KKKat">
                     <idno>13</idno>
                  </altIdentifier>
               </msIdentifier>
               <head>
                  <title type="supplied" xml:lang="en">Völsunga saga in Latin translation</title>;
            <origPlace>Iceland</origPlace>, <origDate notBefore="1600" notAfter="1687">s.
        XVII</origDate>. </head>
               <msContents>
                  <msItem n="1" class="forn">
                     <locus from="1r:1" facs="#AM02-0004-1r:1" to="21r:8">1r-21r</locus>
                     <title type="uniform">Völsunga saga</title>
                     <textLang mainLang="la">Latin</textLang>
                     <rubric>IN RAGNARI LODBROCI <lb/> Historiam paraphrasis</rubric>
                     <incipit>Codex
                ἀχέφαλος
                erat <lb/> Revertens autem sub vesperam domum</incipit>
                     <explicit>velorum in primis accurata spesiosa<ex>ve</ex> pictura</explicit>
                     <note>ends in chapter 17</note>
                     <filiation>Translation of <ref type="ms">NKS 1824 4to</ref>
                     </filiation>
                  </msItem>
                  <msItem n="2" class="forn">
                     <locus from="24r:1" facs="#AM02-0004-24r:1" to="25v:48">24r-25v</locus>
                     <title type="uniform">Völsunga saga</title>
                     <textLang mainLang="la">Latin</textLang>
                     <note>chapters 8 to 10</note>
                  </msItem>
               </msContents>
               <physDesc>
                  <objectDesc form="codex">
                     <supportDesc material="chart">
                        <support>
                           <p>
                              <material>Paper</material>.</p>
                        </support>
                        <extent>25. Fols <locus>8v-9r and 21v-23v</locus> are blank. <dimensions type="leaf" scope="all">
                              <height>332</height>
                              <width>208</width>
                           </dimensions>.</extent>
                        <foliation>
                           <p>Foliated in bottom margins.</p>
                        </foliation>
                     </supportDesc>
                     <layoutDesc>
                        <layout columns="1" writtenLines="31 49">
                           <p>Written in one column throughout. 31 to 37 lines (fols <locus>1-21</locus>)
                        and 47 to 49 lines (fols <locus>24-25</locus>) per page.</p>
                        </layout>
                     </layoutDesc>
                  </objectDesc>
                  <handDesc hands="2">
                     <handNote scribe="TorJon002" scope="major" script="unknown">
                        <name type="person" key="TorJon002">Torfi
                    Jónsson</name> from <name type="place" key="Gaulv01">Gaulverjabær</name> wrote
                fols <locus>1-21</locus>.</handNote>
                     <handNote scribe="SveJon001" scope="minor" script="unknown">
                        <name type="person" key="SveJon001">Sveinn
                    Jónsson</name> from Barð wrote fols <locus>24-25</locus>.</handNote>
                  </handDesc>
                  <accMat>
                     <p>AM-slip a) in the beginning of the manuscript reads: <q xml:lang="is">Versionem
                    Latinam Ragnars<lb rend="hyphenated"/> Sgu, sem eg hefi med hende
                    <lb/> Sr Torfa Jonssonar i Gaulver<lb rend="hyphenated"/>ibæ, corrigerada af
                    Mag. <lb/> Bryniolfi. seger Sr Jon Torfa<lb rend="hyphenated"/>son
                    fdur sin<ex>n</ex> giort i Skal<lb rend="hyphenated"/>hollte,
                    þ han<ex>n</ex> var ut Skola<lb rend="hyphenated"/>vetrenum adr
                        en<ex>n</ex> han<ex>n</ex> (To<add place="above">r</add>fe) <lb/>
                    siglde um sumared epter, <lb/> idqve Jubente Bryniolfo. <lb/> Eg feck þesse
                    bld i Gaul<lb rend="hyphenated"/>veriabæ 1704. <lb/> Sr Torfe
                    deponerade in Decem<lb rend="hyphenated"/>bri 1642. <lb/> Ergo er versionem
                    gird um <lb/> veturen<ex>n</ex> 1641-42. a audru <lb/> are Mag.
                    Bryniolfs.</q>
                     </p>
                     <p>AM-slip b) between fols <locus>23 and 24</locus> reads: <q xml:lang="is">Mun ei þetta
                        kun<ex>n</ex>a <lb/> ad vera Sr Jsleifs <lb/> uppkast, Munde h<ex>an</ex>n
                    <lb/> ei vertera Ragn<ex>ar</ex>s<lb rend="hyphenated"/> Sgu,
                    α þä h<ex>an</ex>n v<ex>ar</ex> hiä <lb/> Jone Eggertssyne. <lb/>
                    α] Non: Ecki fin<ex>n</ex> eg <lb/> þ<ex>ad</ex> neinstadar, og ei
                    <lb/> hefur h<ex>an</ex>n sialfur skrif<lb rend="hyphenated"/>ad mi<ex>er</ex>
                        þ<ex>ad</ex> til, en<ex>n</ex> h<ex>an</ex>n <lb/> þö nefnt adr<ex>ar</ex>
                    sgur <lb/> er h<ex>an</ex>n snere. <pb/> þetta er <ex>og</ex>, ad
                    vïsu, <lb/> ecki hnd Sr Js<lb rend="hyphenated"/>leifs.
                    <lb/> þad er hnd Sr Sveins <lb/>  Barde.</q>
                     </p>
                  </accMat>
               </physDesc>
               <history>
                  <origin notBefore="1600" notAfter="1687">
                     <p>Written in Iceland. According to AM-slip a), the first translation of <title type="uniform" xml:lang="is">Völsunga saga</title> was made in the <date from="1641-10" to="1642-03">winter 1641-42</date> by <name type="person" key="TorJon002">Torfi Jónsson</name>, later priest of <name type="place" key="Gaulv01">Gaulvejarbær</name>, commissioned by bishop <name type="person" key="BrySve001">Brynjólfur Sveinsson</name>. The second translation must have been made
                before <date when="1687">1687</date>.</p>
                  </origin>
                  <acquisition>
                     <p>According to AM-slip a), <name type="person" key="ArnMag001">Árni Magnússon</name> got
                the manuscript in <date when="1704">1704</date>.</p>
                  </acquisition>
               </history>
               <additional>
                  <adminInfo>
                     <recordHist>
                        <p>Catalogued <date when="2008-05-27">27 May 2008</date> by <name type="person" key="SilHuf001">Silvia Hufnagel</name>.</p>
                     </recordHist>
                  </adminInfo>
                  <listBibl>
                     <bibl>Kålund, <ref type="secondary" target="KKKat">Katalog</ref>
                        <biblScope type="volume">I</biblScope>
                        <biblScope type="pages">7-8</biblScope>
                     </bibl>
                     <bibl>Olsen, <ref type="secondary" target="STUAGNL36">Vǫlsunga saga ok
                    Ragnars saga loðbrókar</ref>
                        <biblScope type="pages">vii-viii</biblScope>
                        <note>footnote 3</note>
                     </bibl>
                  </listBibl>
               </additional>
            </msDesc>
         </sourceDesc>
      </fileDesc>
   </teiHeader>
	<facsimile xml:base="https://myndir.handrit.is/file/Handrit.is/">
		<surface xml:id="AM02-0004-0000r-FB" n="0">
			<desc>0000r-FB</desc>
			<graphic mimeType="pdf" url="AM%204%20fol./0/HIGH_QUALITY_DISPLAY"/>
			<graphic mimeType="jpg" url="AM%204%20fol./0/THUMBNAIL" width="200px" height="280px"/>
			<graphic mimeType="jpg" url="AM%204%20fol./0/SECONDARY_DISPLAY" width="2488px" height="3487px"/>
			<graphic mimeType="pdf" url="AM%204%20fol./0/WEB_DISPLAY"/>
		</surface>
		<surface xml:id="AM02-0004-0000v-FB" n="1">
			<desc>0000v-FB</desc>
			<graphic mimeType="pdf" url="AM%204%20fol./1/HIGH_QUALITY_DISPLAY"/>
			<graphic mimeType="jpg" url="AM%204%20fol./1/THUMBNAIL" width="200px" height="280px"/>
			<graphic mimeType="jpg" url="AM%204%20fol./1/SECONDARY_DISPLAY" width="2496px" height="3492px"/>
			<graphic mimeType="pdf" url="AM%204%20fol./1/WEB_DISPLAY"/>
		</surface>
		<surface xml:id="AM02-0004-0001r-FFl" n="2">
			<desc>0001r-FFl</desc>
			<graphic mimeType="pdf" url="AM%204%20fol./2/HIGH_QUALITY_DISPLAY"/>
			<graphic mimeType="jpg" url="AM%204%20fol./2/THUMBNAIL" width="200px" height="280px"/>
			<graphic mimeType="jpg" url="AM%204%20fol./2/SECONDARY_DISPLAY" width="2496px" height="3490px"/>
			<graphic mimeType="pdf" url="AM%204%20fol./2/WEB_DISPLAY"/>
		</surface>
		<surface xml:id="AM02-0004-0001r" n="3">
			<desc>0001r</desc>
			<graphic mimeType="pdf" url="AM%204%20fol./3/HIGH_QUALITY_DISPLAY"/>
			<graphic mimeType="jpg" url="AM%204%20fol./3/THUMBNAIL" width="200px" height="281px"/>
			<graphic mimeType="jpg" url="AM%204%20fol./3/SECONDARY_DISPLAY" width="2488px" height="3494px"/>
			<graphic mimeType="pdf" url="AM%204%20fol./3/WEB_DISPLAY"/>
		</surface>
		<surface xml:id="AM02-0004-0001v-FFl" n="4">
			<desc>0001v-FFl</desc>
			<graphic mimeType="pdf" url="AM%204%20fol./4/HIGH_QUALITY_DISPLAY"/>
			<graphic mimeType="jpg" url="AM%204%20fol./4/THUMBNAIL" width="200px" height="281px"/>
			<graphic mimeType="jpg" url="AM%204%20fol./4/SECONDARY_DISPLAY" width="2488px" height="3493px"/>
			<graphic mimeType="pdf" url="AM%204%20fol./4/WEB_DISPLAY"/>
		</surface>
		<surface xml:id="AM02-0004-0001v" n="5">
			<desc>0001v</desc>
			<graphic mimeType="pdf" url="AM%204%20fol./5/HIGH_QUALITY_DISPLAY"/>
			<graphic mimeType="jpg" url="AM%204%20fol./5/THUMBNAIL" width="200px" height="280px"/>
			<graphic mimeType="jpg" url="AM%204%20fol./5/SECONDARY_DISPLAY" width="2496px" height="3491px"/>
			<graphic mimeType="pdf" url="AM%204%20fol./5/WEB_DISPLAY"/>
		</surface>
		<surface xml:id="AM02-0004-0002r" n="6">
			<desc>0002r</desc>
			<graphic mimeType="pdf" url="AM%204%20fol./6/HIGH_QUALITY_DISPLAY"/>
			<graphic mimeType="jpg" url="AM%204%20fol./6/THUMBNAIL" width="200px" height="281px"/>
			<graphic mimeType="jpg" url="AM%204%20fol./6/SECONDARY_DISPLAY" width="2488px" height="3493px"/>
			<graphic mimeType="pdf" url="AM%204%20fol./6/WEB_DISPLAY"/>
		</surface>
		<surface xml:id="AM02-0004-0002v" n="7">
			<desc>0002v</desc>
			<graphic mimeType="pdf" url="AM%204%20fol./7/HIGH_QUALITY_DISPLAY"/>
			<graphic mimeType="jpg" url="AM%204%20fol./7/THUMBNAIL" width="200px" height="280px"/>
			<graphic mimeType="jpg" url="AM%204%20fol./7/SECONDARY_DISPLAY" width="2496px" height="3490px"/>
			<graphic mimeType="pdf" url="AM%204%20fol./7/WEB_DISPLAY"/>
		</surface>
		<surface xml:id="AM02-0004-0003r" n="8">
			<desc>0003r</desc>
			<graphic mimeType="pdf" url="AM%204%20fol./8/HIGH_QUALITY_DISPLAY"/>
			<graphic mimeType="jpg" url="AM%204%20fol./8/THUMBNAIL" width="200px" height="280px"/>
			<graphic mimeType="jpg" url="AM%204%20fol./8/SECONDARY_DISPLAY" width="2496px" height="3492px"/>
			<graphic mimeType="pdf" url="AM%204%20fol./8/WEB_DISPLAY"/>
		</surface>
		<surface xml:id="AM02-0004-0003v" n="9">
			<desc>0003v</desc>
			<graphic mimeType="pdf" url="AM%204%20fol./9/HIGH_QUALITY_DISPLAY"/>
			<graphic mimeType="jpg" url="AM%204%20fol./9/THUMBNAIL" width="200px" height="280px"/>
			<graphic mimeType="jpg" url="AM%204%20fol./9/SECONDARY_DISPLAY" width="2496px" height="3493px"/>
			<graphic mimeType="pdf" url="AM%204%20fol./9/WEB_DISPLAY"/>
		</surface>
		<surface xml:id="AM02-0004-0004r" n="10">
			<desc>0004r</desc>
			<graphic mimeType="pdf" url="AM%204%20fol./10/HIGH_QUALITY_DISPLAY"/>
			<graphic mimeType="jpg" url="AM%204%20fol./10/THUMBNAIL" width="200px" height="281px"/>
			<graphic mimeType="jpg" url="AM%204%20fol./10/SECONDARY_DISPLAY" width="2480px" height="3490px"/>
			<graphic mimeType="pdf" url="AM%204%20fol./10/WEB_DISPLAY"/>
		</surface>
		<surface xml:id="AM02-0004-0004v" n="11">
			<desc>0004v</desc>
			<graphic mimeType="pdf" url="AM%204%20fol./11/HIGH_QUALITY_DISPLAY"/>
			<graphic mimeType="jpg" url="AM%204%20fol./11/THUMBNAIL" width="200px" height="281px"/>
			<graphic mimeType="jpg" url="AM%204%20fol./11/SECONDARY_DISPLAY" width="2488px" height="3492px"/>
			<graphic mimeType="pdf" url="AM%204%20fol./11/WEB_DISPLAY"/>
		</surface>
		<surface xml:id="AM02-0004-0005r" n="12">
			<desc>0005r</desc>
			<graphic mimeType="pdf" url="AM%204%20fol./12/HIGH_QUALITY_DISPLAY"/>
			<graphic mimeType="jpg" url="AM%204%20fol./12/THUMBNAIL" width="200px" height="280px"/>
			<graphic mimeType="jpg" url="AM%204%20fol./12/SECONDARY_DISPLAY" width="2496px" height="3493px"/>
			<graphic mimeType="pdf" url="AM%204%20fol./12/WEB_DISPLAY"/>
		</surface>
		<surface xml:id="AM02-0004-0005v" n="13">
			<desc>0005v</desc>
			<graphic mimeType="pdf" url="AM%204%20fol./13/HIGH_QUALITY_DISPLAY"/>
			<graphic mimeType="jpg" url="AM%204%20fol./13/THUMBNAIL" width="200px" height="280px"/>
			<graphic mimeType="jpg" url="AM%204%20fol./13/SECONDARY_DISPLAY" width="2496px" height="3491px"/>
			<graphic mimeType="pdf" url="AM%204%20fol./13/WEB_DISPLAY"/>
		</surface>
		<surface xml:id="AM02-0004-0006r" n="14">
			<desc>0006r</desc>
			<graphic mimeType="pdf" url="AM%204%20fol./14/HIGH_QUALITY_DISPLAY"/>
			<graphic mimeType="jpg" url="AM%204%20fol./14/THUMBNAIL" width="200px" height="281px"/>
			<graphic mimeType="jpg" url="AM%204%20fol./14/SECONDARY_DISPLAY" width="2488px" height="3494px"/>
			<graphic mimeType="pdf" url="AM%204%20fol./14/WEB_DISPLAY"/>
		</surface>
		<surface xml:id="AM02-0004-0006v" n="15">
			<desc>0006v</desc>
			<graphic mimeType="pdf" url="AM%204%20fol./15/HIGH_QUALITY_DISPLAY"/>
			<graphic mimeType="jpg" url="AM%204%20fol./15/THUMBNAIL" width="200px" height="281px"/>
			<graphic mimeType="jpg" url="AM%204%20fol./15/SECONDARY_DISPLAY" width="2488px" height="3493px"/>
			<graphic mimeType="pdf" url="AM%204%20fol./15/WEB_DISPLAY"/>
		</surface>
		<surface xml:id="AM02-0004-0007r" n="16">
			<desc>0007r</desc>
			<graphic mimeType="pdf" url="AM%204%20fol./16/HIGH_QUALITY_DISPLAY"/>
			<graphic mimeType="jpg" url="AM%204%20fol./16/THUMBNAIL" width="200px" height="280px"/>
			<graphic mimeType="jpg" url="AM%204%20fol./16/SECONDARY_DISPLAY" width="2496px" height="3493px"/>
			<graphic mimeType="pdf" url="AM%204%20fol./16/WEB_DISPLAY"/>
		</surface>
		<surface xml:id="AM02-0004-0007v" n="17">
			<desc>0007v</desc>
			<graphic mimeType="pdf" url="AM%204%20fol./17/HIGH_QUALITY_DISPLAY"/>
			<graphic mimeType="jpg" url="AM%204%20fol./17/THUMBNAIL" width="200px" height="281px"/>
			<graphic mimeType="jpg" url="AM%204%20fol./17/SECONDARY_DISPLAY" width="2488px" height="3497px"/>
			<graphic mimeType="pdf" url="AM%204%20fol./17/WEB_DISPLAY"/>
		</surface>
		<surface xml:id="AM02-0004-0008r" n="18">
			<desc>0008r</desc>
			<graphic mimeType="pdf" url="AM%204%20fol./18/HIGH_QUALITY_DISPLAY"/>
			<graphic mimeType="jpg" url="AM%204%20fol./18/THUMBNAIL" width="200px" height="281px"/>
			<graphic mimeType="jpg" url="AM%204%20fol./18/SECONDARY_DISPLAY" width="2488px" height="3495px"/>
			<graphic mimeType="pdf" url="AM%204%20fol./18/WEB_DISPLAY"/>
		</surface>
		<surface xml:id="AM02-0004-0008v" n="19">
			<desc>0008v</desc>
			<graphic mimeType="pdf" url="AM%204%20fol./19/HIGH_QUALITY_DISPLAY"/>
			<graphic mimeType="jpg" url="AM%204%20fol./19/THUMBNAIL" width="200px" height="281px"/>
			<graphic mimeType="jpg" url="AM%204%20fol./19/SECONDARY_DISPLAY" width="2488px" height="3496px"/>
			<graphic mimeType="pdf" url="AM%204%20fol./19/WEB_DISPLAY"/>
		</surface>
		<surface xml:id="AM02-0004-0009r" n="20">
			<desc>0009r</desc>
			<graphic mimeType="pdf" url="AM%204%20fol./20/HIGH_QUALITY_DISPLAY"/>
			<graphic mimeType="jpg" url="AM%204%20fol./20/THUMBNAIL" width="200px" height="281px"/>
			<graphic mimeType="jpg" url="AM%204%20fol./20/SECONDARY_DISPLAY" width="2488px" height="3490px"/>
			<graphic mimeType="pdf" url="AM%204%20fol./20/WEB_DISPLAY"/>
		</surface>
		<surface xml:id="AM02-0004-0009v" n="21">
			<desc>0009v</desc>
			<graphic mimeType="pdf" url="AM%204%20fol./21/HIGH_QUALITY_DISPLAY"/>
			<graphic mimeType="jpg" url="AM%204%20fol./21/THUMBNAIL" width="200px" height="281px"/>
			<graphic mimeType="jpg" url="AM%204%20fol./21/SECONDARY_DISPLAY" width="2488px" height="3492px"/>
			<graphic mimeType="pdf" url="AM%204%20fol./21/WEB_DISPLAY"/>
		</surface>
		<surface xml:id="AM02-0004-0010r" n="22">
			<desc>0010r</desc>
			<graphic mimeType="pdf" url="AM%204%20fol./22/HIGH_QUALITY_DISPLAY"/>
			<graphic mimeType="jpg" url="AM%204%20fol./22/THUMBNAIL" width="200px" height="282px"/>
			<graphic mimeType="jpg" url="AM%204%20fol./22/SECONDARY_DISPLAY" width="2480px" height="3496px"/>
			<graphic mimeType="pdf" url="AM%204%20fol./22/WEB_DISPLAY"/>
		</surface>
		<surface xml:id="AM02-0004-0010v" n="23">
			<desc>0010v</desc>
			<graphic mimeType="pdf" url="AM%204%20fol./23/HIGH_QUALITY_DISPLAY"/>
			<graphic mimeType="jpg" url="AM%204%20fol./23/THUMBNAIL" width="200px" height="284px"/>
			<graphic mimeType="jpg" url="AM%204%20fol./23/SECONDARY_DISPLAY" width="2464px" height="3499px"/>
			<graphic mimeType="pdf" url="AM%204%20fol./23/WEB_DISPLAY"/>
		</surface>
		<surface xml:id="AM02-0004-0011r" n="24">
			<desc>0011r</desc>
			<graphic mimeType="pdf" url="AM%204%20fol./24/HIGH_QUALITY_DISPLAY"/>
			<graphic mimeType="jpg" url="AM%204%20fol./24/THUMBNAIL" width="200px" height="282px"/>
			<graphic mimeType="jpg" url="AM%204%20fol./24/SECONDARY_DISPLAY" width="2488px" height="3502px"/>
			<graphic mimeType="pdf" url="AM%204%20fol./24/WEB_DISPLAY"/>
		</surface>
		<surface xml:id="AM02-0004-0011v" n="25">
			<desc>0011v</desc>
			<graphic mimeType="pdf" url="AM%204%20fol./25/HIGH_QUALITY_DISPLAY"/>
			<graphic mimeType="jpg" url="AM%204%20fol./25/THUMBNAIL" width="200px" height="281px"/>
			<graphic mimeType="jpg" url="AM%204%20fol./25/SECONDARY_DISPLAY" width="2488px" height="3500px"/>
			<graphic mimeType="pdf" url="AM%204%20fol./25/WEB_DISPLAY"/>
		</surface>
		<surface xml:id="AM02-0004-0012r" n="26">
			<desc>0012r</desc>
			<graphic mimeType="pdf" url="AM%204%20fol./26/HIGH_QUALITY_DISPLAY"/>
			<graphic mimeType="jpg" url="AM%204%20fol./26/THUMBNAIL" width="200px" height="281px"/>
			<graphic mimeType="jpg" url="AM%204%20fol./26/SECONDARY_DISPLAY" width="2488px" height="3499px"/>
			<graphic mimeType="pdf" url="AM%204%20fol./26/WEB_DISPLAY"/>
		</surface>
		<surface xml:id="AM02-0004-0012v" n="27">
			<desc>0012v</desc>
			<graphic mimeType="pdf" url="AM%204%20fol./27/HIGH_QUALITY_DISPLAY"/>
			<graphic mimeType="jpg" url="AM%204%20fol./27/THUMBNAIL" width="200px" height="282px"/>
			<graphic mimeType="jpg" url="AM%204%20fol./27/SECONDARY_DISPLAY" width="2488px" height="3504px"/>
			<graphic mimeType="pdf" url="AM%204%20fol./27/WEB_DISPLAY"/>
		</surface>
		<surface xml:id="AM02-0004-0013r" n="28">
			<desc>0013r</desc>
			<graphic mimeType="pdf" url="AM%204%20fol./28/HIGH_QUALITY_DISPLAY"/>
			<graphic mimeType="jpg" url="AM%204%20fol./28/THUMBNAIL" width="200px" height="282px"/>
			<graphic mimeType="jpg" url="AM%204%20fol./28/SECONDARY_DISPLAY" width="2480px" height="3499px"/>
			<graphic mimeType="pdf" url="AM%204%20fol./28/WEB_DISPLAY"/>
		</surface>
		<surface xml:id="AM02-0004-0013v" n="29">
			<desc>0013v</desc>
			<graphic mimeType="pdf" url="AM%204%20fol./29/HIGH_QUALITY_DISPLAY"/>
			<graphic mimeType="jpg" url="AM%204%20fol./29/THUMBNAIL" width="200px" height="282px"/>
			<graphic mimeType="jpg" url="AM%204%20fol./29/SECONDARY_DISPLAY" width="2480px" height="3498px"/>
			<graphic mimeType="pdf" url="AM%204%20fol./29/WEB_DISPLAY"/>
		</surface>
		<surface xml:id="AM02-0004-0014r" n="30">
			<desc>0014r</desc>
			<graphic mimeType="pdf" url="AM%204%20fol./30/HIGH_QUALITY_DISPLAY"/>
			<graphic mimeType="jpg" url="AM%204%20fol./30/THUMBNAIL" width="200px" height="282px"/>
			<graphic mimeType="jpg" url="AM%204%20fol./30/SECONDARY_DISPLAY" width="2488px" height="3504px"/>
			<graphic mimeType="pdf" url="AM%204%20fol./30/WEB_DISPLAY"/>
		</surface>
		<surface xml:id="AM02-0004-0014v" n="31">
			<desc>0014v</desc>
			<graphic mimeType="pdf" url="AM%204%20fol./31/HIGH_QUALITY_DISPLAY"/>
			<graphic mimeType="jpg" url="AM%204%20fol./31/THUMBNAIL" width="200px" height="282px"/>
			<graphic mimeType="jpg" url="AM%204%20fol./31/SECONDARY_DISPLAY" width="2480px" height="3499px"/>
			<graphic mimeType="pdf" url="AM%204%20fol./31/WEB_DISPLAY"/>
		</surface>
		<surface xml:id="AM02-0004-0015r" n="32">
			<desc>0015r</desc>
			<graphic mimeType="pdf" url="AM%204%20fol./32/HIGH_QUALITY_DISPLAY"/>
			<graphic mimeType="jpg" url="AM%204%20fol./32/THUMBNAIL" width="200px" height="281px"/>
			<graphic mimeType="jpg" url="AM%204%20fol./32/SECONDARY_DISPLAY" width="2488px" height="3499px"/>
			<graphic mimeType="pdf" url="AM%204%20fol./32/WEB_DISPLAY"/>
		</surface>
		<surface xml:id="AM02-0004-0015v" n="33">
			<desc>0015v</desc>
			<graphic mimeType="pdf" url="AM%204%20fol./33/HIGH_QUALITY_DISPLAY"/>
			<graphic mimeType="jpg" url="AM%204%20fol./33/THUMBNAIL" width="200px" height="281px"/>
			<graphic mimeType="jpg" url="AM%204%20fol./33/SECONDARY_DISPLAY" width="2488px" height="3501px"/>
			<graphic mimeType="pdf" url="AM%204%20fol./33/WEB_DISPLAY"/>
		</surface>
		<surface xml:id="AM02-0004-0016r" n="34">
			<desc>0016r</desc>
			<graphic mimeType="pdf" url="AM%204%20fol./34/HIGH_QUALITY_DISPLAY"/>
			<graphic mimeType="jpg" url="AM%204%20fol./34/THUMBNAIL" width="200px" height="282px"/>
			<graphic mimeType="jpg" url="AM%204%20fol./34/SECONDARY_DISPLAY" width="2480px" height="3499px"/>
			<graphic mimeType="pdf" url="AM%204%20fol./34/WEB_DISPLAY"/>
		</surface>
		<surface xml:id="AM02-0004-0016v" n="35">
			<desc>0016v</desc>
			<graphic mimeType="pdf" url="AM%204%20fol./35/HIGH_QUALITY_DISPLAY"/>
			<graphic mimeType="jpg" url="AM%204%20fol./35/THUMBNAIL" width="200px" height="282px"/>
			<graphic mimeType="jpg" url="AM%204%20fol./35/SECONDARY_DISPLAY" width="2480px" height="3503px"/>
			<graphic mimeType="pdf" url="AM%204%20fol./35/WEB_DISPLAY"/>
		</surface>
		<surface xml:id="AM02-0004-0017r" n="36">
			<desc>0017r</desc>
			<graphic mimeType="pdf" url="AM%204%20fol./36/HIGH_QUALITY_DISPLAY"/>
			<graphic mimeType="jpg" url="AM%204%20fol./36/THUMBNAIL" width="200px" height="282px"/>
			<graphic mimeType="jpg" url="AM%204%20fol./36/SECONDARY_DISPLAY" width="2480px" height="3500px"/>
			<graphic mimeType="pdf" url="AM%204%20fol./36/WEB_DISPLAY"/>
		</surface>
		<surface xml:id="AM02-0004-0017v" n="37">
			<desc>0017v</desc>
			<graphic mimeType="pdf" url="AM%204%20fol./37/HIGH_QUALITY_DISPLAY"/>
			<graphic mimeType="jpg" url="AM%204%20fol./37/THUMBNAIL" width="200px" height="281px"/>
			<graphic mimeType="jpg" url="AM%204%20fol./37/SECONDARY_DISPLAY" width="2488px" height="3499px"/>
			<graphic mimeType="pdf" url="AM%204%20fol./37/WEB_DISPLAY"/>
		</surface>
		<surface xml:id="AM02-0004-0018r" n="38">
			<desc>0018r</desc>
			<graphic mimeType="pdf" url="AM%204%20fol./38/HIGH_QUALITY_DISPLAY"/>
			<graphic mimeType="jpg" url="AM%204%20fol./38/THUMBNAIL" width="200px" height="281px"/>
			<graphic mimeType="jpg" url="AM%204%20fol./38/SECONDARY_DISPLAY" width="2488px" height="3501px"/>
			<graphic mimeType="pdf" url="AM%204%20fol./38/WEB_DISPLAY"/>
		</surface>
		<surface xml:id="AM02-0004-0018v" n="39">
			<desc>0018v</desc>
			<graphic mimeType="pdf" url="AM%204%20fol./39/HIGH_QUALITY_DISPLAY"/>
			<graphic mimeType="jpg" url="AM%204%20fol./39/THUMBNAIL" width="200px" height="282px"/>
			<graphic mimeType="jpg" url="AM%204%20fol./39/SECONDARY_DISPLAY" width="2480px" height="3500px"/>
			<graphic mimeType="pdf" url="AM%204%20fol./39/WEB_DISPLAY"/>
		</surface>
		<surface xml:id="AM02-0004-0019r" n="40">
			<desc>0019r</desc>
			<graphic mimeType="pdf" url="AM%204%20fol./40/HIGH_QUALITY_DISPLAY"/>
			<graphic mimeType="jpg" url="AM%204%20fol./40/THUMBNAIL" width="200px" height="280px"/>
			<graphic mimeType="jpg" url="AM%204%20fol./40/SECONDARY_DISPLAY" width="2496px" height="3498px"/>
			<graphic mimeType="pdf" url="AM%204%20fol./40/WEB_DISPLAY"/>
		</surface>
		<surface xml:id="AM02-0004-0019v" n="41">
			<desc>0019v</desc>
			<graphic mimeType="pdf" url="AM%204%20fol./41/HIGH_QUALITY_DISPLAY"/>
			<graphic mimeType="jpg" url="AM%204%20fol./41/THUMBNAIL" width="200px" height="282px"/>
			<graphic mimeType="jpg" url="AM%204%20fol./41/SECONDARY_DISPLAY" width="2480px" height="3502px"/>
			<graphic mimeType="pdf" url="AM%204%20fol./41/WEB_DISPLAY"/>
		</surface>
		<surface xml:id="AM02-0004-0020r" n="42">
			<desc>0020r</desc>
			<graphic mimeType="pdf" url="AM%204%20fol./42/HIGH_QUALITY_DISPLAY"/>
			<graphic mimeType="jpg" url="AM%204%20fol./42/THUMBNAIL" width="200px" height="282px"/>
			<graphic mimeType="jpg" url="AM%204%20fol./42/SECONDARY_DISPLAY" width="2480px" height="3499px"/>
			<graphic mimeType="pdf" url="AM%204%20fol./42/WEB_DISPLAY"/>
		</surface>
		<surface xml:id="AM02-0004-0020v" n="43">
			<desc>0020v</desc>
			<graphic mimeType="pdf" url="AM%204%20fol./43/HIGH_QUALITY_DISPLAY"/>
			<graphic mimeType="jpg" url="AM%204%20fol./43/THUMBNAIL" width="200px" height="283px"/>
			<graphic mimeType="jpg" url="AM%204%20fol./43/SECONDARY_DISPLAY" width="2472px" height="3499px"/>
			<graphic mimeType="pdf" url="AM%204%20fol./43/WEB_DISPLAY"/>
		</surface>
		<surface xml:id="AM02-0004-0021r" n="44">
			<desc>0021r</desc>
			<graphic mimeType="pdf" url="AM%204%20fol./44/HIGH_QUALITY_DISPLAY"/>
			<graphic mimeType="jpg" url="AM%204%20fol./44/THUMBNAIL" width="200px" height="283px"/>
			<graphic mimeType="jpg" url="AM%204%20fol./44/SECONDARY_DISPLAY" width="2472px" height="3494px"/>
			<graphic mimeType="pdf" url="AM%204%20fol./44/WEB_DISPLAY"/>
		</surface>
		<surface xml:id="AM02-0004-0021v" n="45">
			<desc>0021v</desc>
			<graphic mimeType="pdf" url="AM%204%20fol./45/HIGH_QUALITY_DISPLAY"/>
			<graphic mimeType="jpg" url="AM%204%20fol./45/THUMBNAIL" width="200px" height="281px"/>
			<graphic mimeType="jpg" url="AM%204%20fol./45/SECONDARY_DISPLAY" width="2488px" height="3493px"/>
			<graphic mimeType="pdf" url="AM%204%20fol./45/WEB_DISPLAY"/>
		</surface>
		<surface xml:id="AM02-0004-0022r" n="46">
			<desc>0022r</desc>
			<graphic mimeType="pdf" url="AM%204%20fol./46/HIGH_QUALITY_DISPLAY"/>
			<graphic mimeType="jpg" url="AM%204%20fol./46/THUMBNAIL" width="200px" height="281px"/>
			<graphic mimeType="jpg" url="AM%204%20fol./46/SECONDARY_DISPLAY" width="2480px" height="3492px"/>
			<graphic mimeType="pdf" url="AM%204%20fol./46/WEB_DISPLAY"/>
		</surface>
		<surface xml:id="AM02-0004-0022v" n="47">
			<desc>0022v</desc>
			<graphic mimeType="pdf" url="AM%204%20fol./47/HIGH_QUALITY_DISPLAY"/>
			<graphic mimeType="jpg" url="AM%204%20fol./47/THUMBNAIL" width="200px" height="283px"/>
			<graphic mimeType="jpg" url="AM%204%20fol./47/SECONDARY_DISPLAY" width="2472px" height="3495px"/>
			<graphic mimeType="pdf" url="AM%204%20fol./47/WEB_DISPLAY"/>
		</surface>
		<surface xml:id="AM02-0004-0023r" n="48">
			<desc>0023r</desc>
			<graphic mimeType="pdf" url="AM%204%20fol./48/HIGH_QUALITY_DISPLAY"/>
			<graphic mimeType="jpg" url="AM%204%20fol./48/THUMBNAIL" width="200px" height="283px"/>
			<graphic mimeType="jpg" url="AM%204%20fol./48/SECONDARY_DISPLAY" width="2472px" height="3494px"/>
			<graphic mimeType="pdf" url="AM%204%20fol./48/WEB_DISPLAY"/>
		</surface>
		<surface xml:id="AM02-0004-0023v" n="49">
			<desc>0023v</desc>
			<graphic mimeType="pdf" url="AM%204%20fol./49/HIGH_QUALITY_DISPLAY"/>
			<graphic mimeType="jpg" url="AM%204%20fol./49/THUMBNAIL" width="200px" height="282px"/>
			<graphic mimeType="jpg" url="AM%204%20fol./49/SECONDARY_DISPLAY" width="2480px" height="3494px"/>
			<graphic mimeType="pdf" url="AM%204%20fol./49/WEB_DISPLAY"/>
		</surface>
		<surface xml:id="AM02-0004-0024r" n="50">
			<desc>0024r</desc>
			<graphic mimeType="pdf" url="AM%204%20fol./50/HIGH_QUALITY_DISPLAY"/>
			<graphic mimeType="jpg" url="AM%204%20fol./50/THUMBNAIL" width="200px" height="283px"/>
			<graphic mimeType="jpg" url="AM%204%20fol./50/SECONDARY_DISPLAY" width="2472px" height="3493px"/>
			<graphic mimeType="pdf" url="AM%204%20fol./50/WEB_DISPLAY"/>
		</surface>
		<surface xml:id="AM02-0004-0024v" n="51">
			<desc>0024v</desc>
			<graphic mimeType="pdf" url="AM%204%20fol./51/HIGH_QUALITY_DISPLAY"/>
			<graphic mimeType="jpg" url="AM%204%20fol./51/THUMBNAIL" width="200px" height="282px"/>
			<graphic mimeType="jpg" url="AM%204%20fol./51/SECONDARY_DISPLAY" width="2488px" height="3502px"/>
			<graphic mimeType="pdf" url="AM%204%20fol./51/WEB_DISPLAY"/>
		</surface>
		<surface xml:id="AM02-0004-0025r" n="52">
			<desc>0025r</desc>
			<graphic mimeType="pdf" url="AM%204%20fol./52/HIGH_QUALITY_DISPLAY"/>
			<graphic mimeType="jpg" url="AM%204%20fol./52/THUMBNAIL" width="200px" height="282px"/>
			<graphic mimeType="jpg" url="AM%204%20fol./52/SECONDARY_DISPLAY" width="2488px" height="3502px"/>
			<graphic mimeType="pdf" url="AM%204%20fol./52/WEB_DISPLAY"/>
		</surface>
		<surface xml:id="AM02-0004-0025v" n="53">
			<desc>0025v</desc>
			<graphic mimeType="pdf" url="AM%204%20fol./53/HIGH_QUALITY_DISPLAY"/>
			<graphic mimeType="jpg" url="AM%204%20fol./53/THUMBNAIL" width="200px" height="281px"/>
			<graphic mimeType="jpg" url="AM%204%20fol./53/SECONDARY_DISPLAY" width="2488px" height="3497px"/>
			<graphic mimeType="pdf" url="AM%204%20fol./53/WEB_DISPLAY"/>
		</surface>
		<surface xml:id="AM02-0004-9999r-RB" n="54">
			<desc>9999r-RB</desc>
			<graphic mimeType="pdf" url="AM%204%20fol./54/HIGH_QUALITY_DISPLAY"/>
			<graphic mimeType="jpg" url="AM%204%20fol./54/THUMBNAIL" width="200px" height="282px"/>
			<graphic mimeType="jpg" url="AM%204%20fol./54/SECONDARY_DISPLAY" width="2480px" height="3500px"/>
			<graphic mimeType="pdf" url="AM%204%20fol./54/WEB_DISPLAY"/>
		</surface>
		<surface xml:id="AM02-0004-accMat01r" n="55">
			<desc>accMat01r</desc>
			<graphic mimeType="pdf" url="AM%204%20fol./55/HIGH_QUALITY_DISPLAY"/>
			<graphic mimeType="jpg" url="AM%204%20fol./55/THUMBNAIL" width="200px" height="281px"/>
			<graphic mimeType="jpg" url="AM%204%20fol./55/SECONDARY_DISPLAY" width="2488px" height="3494px"/>
			<graphic mimeType="pdf" url="AM%204%20fol./55/WEB_DISPLAY"/>
		</surface>
		<surface xml:id="AM02-0004-accMat01v" n="56">
			<desc>accMat01v</desc>
			<graphic mimeType="pdf" url="AM%204%20fol./56/HIGH_QUALITY_DISPLAY"/>
			<graphic mimeType="jpg" url="AM%204%20fol./56/THUMBNAIL" width="200px" height="281px"/>
			<graphic mimeType="jpg" url="AM%204%20fol./56/SECONDARY_DISPLAY" width="2488px" height="3491px"/>
			<graphic mimeType="pdf" url="AM%204%20fol./56/WEB_DISPLAY"/>
		</surface>
		<surface xml:id="AM02-0004-accMat02r" n="57">
			<desc>accMat02r</desc>
			<graphic mimeType="pdf" url="AM%204%20fol./57/HIGH_QUALITY_DISPLAY"/>
			<graphic mimeType="jpg" url="AM%204%20fol./57/THUMBNAIL" width="200px" height="281px"/>
			<graphic mimeType="jpg" url="AM%204%20fol./57/SECONDARY_DISPLAY" width="2480px" height="3491px"/>
			<graphic mimeType="pdf" url="AM%204%20fol./57/WEB_DISPLAY"/>
		</surface>
		<surface xml:id="AM02-0004-accMat02v" n="58">
			<desc>accMat02v</desc>
			<graphic mimeType="pdf" url="AM%204%20fol./58/HIGH_QUALITY_DISPLAY"/>
			<graphic mimeType="jpg" url="AM%204%20fol./58/THUMBNAIL" width="200px" height="282px"/>
			<graphic mimeType="jpg" url="AM%204%20fol./58/SECONDARY_DISPLAY" width="2480px" height="3495px"/>
			<graphic mimeType="pdf" url="AM%204%20fol./58/WEB_DISPLAY"/>
		</surface>
	</facsimile>
</TEI>