<?xml version="1.0" encoding="UTF-8"?>
<?oxygen RNGSchema="http://www.handrit.is/schema/handrit-1.0.rnc" type="compact"?>
<TEI xmlns="http://www.tei-c.org/ns/1.0">
    <teiHeader>
        <fileDesc>
            <titleStmt>
                <title type="main">AM 30 fol.</title>
            </titleStmt>
            <publicationStmt>
                <authority>Den Arnamagnæanske Samling</authority>
                <pubPlace>København</pubPlace>
            </publicationStmt>
            <sourceDesc>
                <msDesc xml:id="AM02-0030-da" xml:lang="da">
                    <msIdentifier>
                        <country>Danmark</country>
                        <settlement>København</settlement>
                        <repository>Den Arnamagnæanske Samling</repository>
                        <idno>AM 30 fol.</idno>
                        <altIdentifier type="internal" subtype="KKKat">
                            <idno>45</idno>
                        </altIdentifier>
                    </msIdentifier>
                    <head>
                        <title type="supplied" xml:lang="la">Chronica Slavorum</title>
                        <origDate>1472</origDate>
                    </head>
                    <msContents>
                        <msItem n="1" class="regist">
                            <locus from="1v" facs="#AM02-0030-0001v" to="51v">1v-51v</locus>
                        	<author xml:lang="la" key="HelBos001">Helmoldus Bozoviensis</author>
                            <title type="uniform" xml:lang="la">Chronica Slavorum</title>
                            <textLang mainLang="la"/>
                            <note>Med forudgående indholdsfortegnelse til dette og det nærmest
                                følgende arbejde.</note>
                            <listBibl>
                                <bibl>Schmeidler: <ref type="primary" target="ChronSlav">Chronica
                                        Slavorum</ref>
                                </bibl>
                                <bibl>Pertz: <ref type="primary" target="MonumGermhist">Monumenta
                                        Germaniae historica inde ab Anno Christi quingentesimo usque
                                        ad annum millesimum et quingentesimum: Scriptores XXI</ref>
                                </bibl>
                            </listBibl>
                        </msItem>
                        <msItem n="2" class="sagnfr">
                            <locus from="52r" facs="#AM02-0030-0052r" to="55v">52r-55v</locus>
                            <author xml:lang="la" key="ArnLub001">Arnoldus Abbatis
                                Lubecensis</author>
                            <title type="uniform" xml:lang="la">Chronica Slavorum</title>
                            <textLang mainLang="la">Latin</textLang>
                            <note>Første bogs ni første kapitler indtil</note>
                            <explicit>ca<ex>m</ex>elos q<ex>vi</ex> eas
                                    f<ex>er</ex>rent</explicit>
                            <colophon>q<ex>u</ex>e<ex>ritur</ex> fi<ex>ni</ex>s
                                    h<ex>ujus</ex> opusculi a<ex>n</ex>no
                                1472</colophon>
                            <listBibl>
                                <bibl>Schmeidler: <ref type="primary" target="MonumGermhist">Monumenta Germaniae historica</ref>
                                </bibl>
                                <bibl>Pertz: <ref type="primary" target="ArnCrSl">Arnoldi Chronica
                                        Slavorum</ref>
                                </bibl>
                            </listBibl>
                        </msItem>
                    	<msItem n="2" class="sagnfr" defective="inapplicable">
                    		<locus from="55v" facs="#AM02-0030-0055v" to="55v">55v</locus>
                    		<title type="supplied" xml:lang="en">Chronica
                    			Slavorum, kap. 64</title>
                    		<textLang mainLang="la"/>
                    	</msItem>
                    	<msItem n="3" class="sagnfr" defective="inapplicable">
                    		<locus from="56r" facs="#AM02-0030-0055v" to="56r">56r</locus>
                    		<textLang mainLang="la"/>
                    		<rubric>De ultio<ex>n</ex>e Godescalci p<ex>er</ex> filiu<ex>m</ex> ei<ex>us</ex> Hinri<ex>cum</ex> <lb/> Factu<ex>m</ex> e<ex>st</ex> an<ex>n</ex>o D<ex>omin</ex>j 1106</rubric>
                    		<explicit>sub t<ex>ri</ex>buto</explicit>
                    	</msItem>
                    	<msItem n="4" class="sagnfr" defective="inapplicable">
                    		<locus from="56r" facs="#AM02-0030-0055v" to="56r">56r</locus>
                    		<textLang mainLang="la"/>
                    		<rubric>De tra<ex>n</ex>sla<ex>t</ex>io<ex>n</ex>e Viceli<ex>ni</ex> <lb/> Et factu<ex>m</ex> e<ex>st</ex> post obitu<ex>m</ex> vi<ex>rum</ex> Dei</rubric>
                    		<explicit>cu<ex>m</ex> gau<ex>dio</ex> tra<ex>n</ex>sportar<ex>un</ex>t</explicit>
                    	</msItem>
                    </msContents>
                    <physDesc>
                        <objectDesc form="codex">
                            <supportDesc material="chart">
                                <support>
                                    <p>
                                        <material>Papir.</material>
                                    </p>
                                </support>
                                <extent>56. <dimensions type="leaf" scope="all" unit="mm">
                                        <height>280</height>
                                        <width>200</width>
                                </dimensions>
                        </extent>
                                <foliation>Folieret 1-56 med rødt blæk af <name type="person" key="KriKaa001">Kålund</name>.</foliation>
                            </supportDesc>
                        </objectDesc>
                        <handDesc hands="2">
                            <handNote scribe="AM02-030-H1" script="cursiva" scope="major">
                                <p>Bl. <locus from="1v" facs="#AM02-0030-0001v" to="55v">1v-55v</locus> er skrevet med en
                                    strækt abbrevieret fraktur (<term>yngre gotisk kursiv</term>).</p>
                            </handNote>
                            <handNote scribe="AM02-030-H2" script="unknown" scope="minor">
                                <p>Bl <locus from="55v" facs="#AM02-0030-0055v" to="56v">55v-56v</locus>, hvor kapitel 64 af
                                	<name type="person" key="HelBos001">Helmold af
                                    Bosau</name>'s Chronica Slavorum er gentaget, er skrevet med en
                                    anden hånd.</p>
                            </handNote>
                        </handDesc>
                        <decoDesc>
                            <decoNote type="initial">
                                <p>Røde initialer og fremhævningsmærker.</p>
                            </decoNote>
                        </decoDesc>
                        <bindingDesc>
                            <binding contemporary="false">
                                <p>Tidligere bind: fra perioden <date from="1700" to="1730">1700-1730</date>: Halvbind med pergamentryg
                                    og skjulte pergamenthjørner. Overtræk af pergament fra en
                                    latinsk messebog, et <term>Missale Scardense</term> fra 1400-tallet. Dette blev aftaget i <date when="1911">1911</date>.
                                    Pergamentet er nu blevet overført til <ref type="ms">Access 7 a α hs 1</ref>, bl. 23 og 29.</p>
                            </binding>
                            <binding contemporary="false">
                        <p> Nuværende bind: fra <date when="1911">1911</date>: Halvbind med sort lærredsryg og -hjørner.
                                Overtræk af blåt og brunt marmoreret papir. De oprindelige
                                permer er muligvis genanvendt. <name type="person" key="KriKaa001">Kålund</name> har noteret datoen <date when="1911-08-08">8/8-11
                                (1911)</date> på spejlet foran.</p>
                     </binding>
                        </bindingDesc>
                    </physDesc>
                    <history>
                        <origin>
                            <p>Håndskriftet er skrevet i <origDate when="1472" evidence="internal" cert="high">1472</origDate>.</p>
                        </origin>
                        <provenance>
                            <p>På første side (<locus from="1r" facs="#AM02-0030-0001r" to="1r">1r</locus>) står der: <q xml:lang="la">Detur
                                    dil<ex>e</ex>cto fr<ex>atr</ex>i meo
                                        p<ex>ri</ex>orj Marquardo Holtzenij Ego <name type="person" key="PetHey001">Petrus Heyne</name> possessor
                                        p<ex>ro</ex>testor de <gap reason="irrelevant"/>
                        </q>.</p>
                        </provenance>
                    </history>
                    <additional>
                        <adminInfo>

                                <recordHist>
                                    <source><p>Nærværende håndskriftbeskrivelsen er lavet den <date when="1999-09-22">22 september
                                        1999</date> af <name type="person" key="EvaWed001">EW-J</name> på
                                        basis af <bibl><ref target="KKKat">Kålunds katalog</ref></bibl>. </p><p>For yderligere
                                            oplysninger se den engelske beskrivelse: <ref type="url" target="https://handrit.is/manuscript/view/en/AM02-0030">https://handrit.is/manuscript/view/en/AM02-0030</ref>.</p>
                                    </source>
                                </recordHist>
                            <custodialHist>
                                <custEvent type="photography">
                                    <p>Portrætter af forreste side, ryg og opslag: bl.
                                        28v-29r <date when="1998-07-24">24.07.1998</date>.</p>
                                </custEvent>
                                <custEvent type="photography">
                                    <p>Supplerende fotografier af første friblad verso, 56v, sidste
                                        forsatsblas r-v, bindets inderside <date when="1998-09-02">2. september 1998</date>.</p>
                                </custEvent>
                                <custEvent type="photography">
                                    <p>Nye supplerende fotografier fra <date when="1998-09-02">2. september 1998</date>
                                        og <date when="1999-01-21">21. januar 1999</date>.</p>
                                </custEvent>
                                <custEvent type="conservation">
                                    <p>Håndskriftet blev renset af Niels Borring og Iben Reither
                                        <date when="1998-06-08">8. juni 1998</date>.</p>
                                </custEvent>
                            </custodialHist>
                        </adminInfo>
                        <surrogates>
                            <p>
                                <listBibl>
                                    <bibl>
                                        <title type="gmd">mikrofilm (original)</title>
                                        <idno>Gneg7</idno> s.d.
                                    </bibl>
                                    <bibl>
                                        <title type="gmd">mikrofilm (arkiv)</title>
                                        <idno>Gpos10</idno> s.d.
                                    </bibl>
                                    <bibl>
                                        <title type="gmd">s/h fotografier</title>
                                        <idno>AM 30 fol.</idno> s.d.
                                    </bibl>
                                    <bibl>
                                        <title type="gmd">lomme</title>
                                        <idno>58</idno>
                                        <date when="1998-07-24">24 juli 1998</date>
                                        <note>Portrætter af forreste side, ryg og opslag: bl.
                                            28v-29r. Taget af <name type="person" key="EliPed001">Elin Lindhardt
                                            Pedersen</name>.</note>
                                    </bibl>
                                    <bibl>
                                        <title type="gmd">lomme</title>
                                        <idno>58</idno>
                                        <date when="1998-09-02">2. september 1998</date>
                                        <note>Supplerende fotografier af første friblad verso, 56v, sidste
                                            forsatsblas r-v, bindets inderside. Taget af <name type="person" key="SuzRei001">Suzanne
                                            Reitz</name>.</note>
                                    </bibl>
                                    <bibl>
                                        <title type="gmd">mikrofilm (original)</title>
                                        <idno>neg997</idno>
                                        <date when="1998-09-02">2. seotember 1998</date>
                                    </bibl>
                                    <bibl>
                                        <title type="gmd">mikrofilm (arkiv)</title>
                                        <idno>arkiv910</idno>
                                        <date when="1999-01-21">21 januar 1999</date>
                                    </bibl>
                                </listBibl>
                            </p>
                        </surrogates>
                    </additional>
                </msDesc>
            </sourceDesc>
        </fileDesc>
        <revisionDesc>
            <change>Tjekket <date when="2001-04-14">14 april 2001</date> af <name type="person" key="MatDri001">MJD</name>.</change>
            <change>Oversat til dansk <date when="2009-04-27">27 april 2009</date> af <name type="person" key="EvaWed001">EW-J</name>.</change>
        	<change>
        		<date when="2019-01-10"/>
        		<name type="person" key="KatKap001">KAK</name>msItems 2-4, recordHist
        	</change>
        </revisionDesc>
    </teiHeader>
	<facsimile xml:base="https://myndir.handrit.is/file/Handrit.is/">
		<surface xml:id="AM02-0030-0000v-FB" n="0">
			<desc>0000v-FB</desc>
			<graphic mimeType="pdf" url="AM%2030%20fol./0/HIGH_QUALITY_DISPLAY"/>
			<graphic mimeType="jpg" url="AM%2030%20fol./0/THUMBNAIL" width="200px" height="286px"/>
			<graphic mimeType="jpg" url="AM%2030%20fol./0/SECONDARY_DISPLAY" width="2464px" height="3525px"/>
			<graphic mimeType="pdf" url="AM%2030%20fol./0/WEB_DISPLAY"/>
		</surface>
		<surface xml:id="AM02-0030-0001r-FFl" n="1">
			<desc>0001r-FFl</desc>
			<graphic mimeType="pdf" url="AM%2030%20fol./1/HIGH_QUALITY_DISPLAY"/>
			<graphic mimeType="jpg" url="AM%2030%20fol./1/THUMBNAIL" width="200px" height="287px"/>
			<graphic mimeType="jpg" url="AM%2030%20fol./1/SECONDARY_DISPLAY" width="2464px" height="3533px"/>
			<graphic mimeType="pdf" url="AM%2030%20fol./1/WEB_DISPLAY"/>
		</surface>
		<surface xml:id="AM02-0030-0001r" n="2">
			<desc>0001r</desc>
			<graphic mimeType="pdf" url="AM%2030%20fol./2/HIGH_QUALITY_DISPLAY"/>
			<graphic mimeType="jpg" url="AM%2030%20fol./2/THUMBNAIL" width="200px" height="286px"/>
			<graphic mimeType="jpg" url="AM%2030%20fol./2/SECONDARY_DISPLAY" width="2464px" height="3527px"/>
			<graphic mimeType="pdf" url="AM%2030%20fol./2/WEB_DISPLAY"/>
		</surface>
		<surface xml:id="AM02-0030-0001v-FFl" n="3">
			<desc>0001v-FFl</desc>
			<graphic mimeType="pdf" url="AM%2030%20fol./3/HIGH_QUALITY_DISPLAY"/>
			<graphic mimeType="jpg" url="AM%2030%20fol./3/THUMBNAIL" width="200px" height="287px"/>
			<graphic mimeType="jpg" url="AM%2030%20fol./3/SECONDARY_DISPLAY" width="2464px" height="3531px"/>
			<graphic mimeType="pdf" url="AM%2030%20fol./3/WEB_DISPLAY"/>
		</surface>
		<surface xml:id="AM02-0030-0001v" n="4">
			<desc>0001v</desc>
			<graphic mimeType="pdf" url="AM%2030%20fol./4/HIGH_QUALITY_DISPLAY"/>
			<graphic mimeType="jpg" url="AM%2030%20fol./4/THUMBNAIL" width="200px" height="286px"/>
			<graphic mimeType="jpg" url="AM%2030%20fol./4/SECONDARY_DISPLAY" width="2464px" height="3523px"/>
			<graphic mimeType="pdf" url="AM%2030%20fol./4/WEB_DISPLAY"/>
		</surface>
		<surface xml:id="AM02-0030-0002r" n="5">
			<desc>0002r</desc>
			<graphic mimeType="pdf" url="AM%2030%20fol./5/HIGH_QUALITY_DISPLAY"/>
			<graphic mimeType="jpg" url="AM%2030%20fol./5/THUMBNAIL" width="200px" height="286px"/>
			<graphic mimeType="jpg" url="AM%2030%20fol./5/SECONDARY_DISPLAY" width="2464px" height="3525px"/>
			<graphic mimeType="pdf" url="AM%2030%20fol./5/WEB_DISPLAY"/>
		</surface>
		<surface xml:id="AM02-0030-0002v" n="6">
			<desc>0002v</desc>
			<graphic mimeType="pdf" url="AM%2030%20fol./6/HIGH_QUALITY_DISPLAY"/>
			<graphic mimeType="jpg" url="AM%2030%20fol./6/THUMBNAIL" width="200px" height="287px"/>
			<graphic mimeType="jpg" url="AM%2030%20fol./6/SECONDARY_DISPLAY" width="2464px" height="3532px"/>
			<graphic mimeType="pdf" url="AM%2030%20fol./6/WEB_DISPLAY"/>
		</surface>
		<surface xml:id="AM02-0030-0003r" n="7">
			<desc>0003r</desc>
			<graphic mimeType="pdf" url="AM%2030%20fol./7/HIGH_QUALITY_DISPLAY"/>
			<graphic mimeType="jpg" url="AM%2030%20fol./7/THUMBNAIL" width="200px" height="286px"/>
			<graphic mimeType="jpg" url="AM%2030%20fol./7/SECONDARY_DISPLAY" width="2464px" height="3521px"/>
			<graphic mimeType="pdf" url="AM%2030%20fol./7/WEB_DISPLAY"/>
		</surface>
		<surface xml:id="AM02-0030-0003v" n="8">
			<desc>0003v</desc>
			<graphic mimeType="pdf" url="AM%2030%20fol./8/HIGH_QUALITY_DISPLAY"/>
			<graphic mimeType="jpg" url="AM%2030%20fol./8/THUMBNAIL" width="200px" height="287px"/>
			<graphic mimeType="jpg" url="AM%2030%20fol./8/SECONDARY_DISPLAY" width="2464px" height="3530px"/>
			<graphic mimeType="pdf" url="AM%2030%20fol./8/WEB_DISPLAY"/>
		</surface>
		<surface xml:id="AM02-0030-0004r" n="9">
			<desc>0004r</desc>
			<graphic mimeType="pdf" url="AM%2030%20fol./9/HIGH_QUALITY_DISPLAY"/>
			<graphic mimeType="jpg" url="AM%2030%20fol./9/THUMBNAIL" width="200px" height="286px"/>
			<graphic mimeType="jpg" url="AM%2030%20fol./9/SECONDARY_DISPLAY" width="2464px" height="3528px"/>
			<graphic mimeType="pdf" url="AM%2030%20fol./9/WEB_DISPLAY"/>
		</surface>
		<surface xml:id="AM02-0030-0004v" n="10">
			<desc>0004v</desc>
			<graphic mimeType="pdf" url="AM%2030%20fol./10/HIGH_QUALITY_DISPLAY"/>
			<graphic mimeType="jpg" url="AM%2030%20fol./10/THUMBNAIL" width="200px" height="286px"/>
			<graphic mimeType="jpg" url="AM%2030%20fol./10/SECONDARY_DISPLAY" width="2464px" height="3524px"/>
			<graphic mimeType="pdf" url="AM%2030%20fol./10/WEB_DISPLAY"/>
		</surface>
		<surface xml:id="AM02-0030-0005r" n="11">
			<desc>0005r</desc>
			<graphic mimeType="pdf" url="AM%2030%20fol./11/HIGH_QUALITY_DISPLAY"/>
			<graphic mimeType="jpg" url="AM%2030%20fol./11/THUMBNAIL" width="200px" height="286px"/>
			<graphic mimeType="jpg" url="AM%2030%20fol./11/SECONDARY_DISPLAY" width="2464px" height="3520px"/>
			<graphic mimeType="pdf" url="AM%2030%20fol./11/WEB_DISPLAY"/>
		</surface>
		<surface xml:id="AM02-0030-0005v" n="12">
			<desc>0005v</desc>
			<graphic mimeType="pdf" url="AM%2030%20fol./12/HIGH_QUALITY_DISPLAY"/>
			<graphic mimeType="jpg" url="AM%2030%20fol./12/THUMBNAIL" width="200px" height="286px"/>
			<graphic mimeType="jpg" url="AM%2030%20fol./12/SECONDARY_DISPLAY" width="2464px" height="3520px"/>
			<graphic mimeType="pdf" url="AM%2030%20fol./12/WEB_DISPLAY"/>
		</surface>
		<surface xml:id="AM02-0030-0006r" n="13">
			<desc>0006r</desc>
			<graphic mimeType="pdf" url="AM%2030%20fol./13/HIGH_QUALITY_DISPLAY"/>
			<graphic mimeType="jpg" url="AM%2030%20fol./13/THUMBNAIL" width="200px" height="286px"/>
			<graphic mimeType="jpg" url="AM%2030%20fol./13/SECONDARY_DISPLAY" width="2464px" height="3518px"/>
			<graphic mimeType="pdf" url="AM%2030%20fol./13/WEB_DISPLAY"/>
		</surface>
		<surface xml:id="AM02-0030-0006v" n="14">
			<desc>0006v</desc>
			<graphic mimeType="pdf" url="AM%2030%20fol./14/HIGH_QUALITY_DISPLAY"/>
			<graphic mimeType="jpg" url="AM%2030%20fol./14/THUMBNAIL" width="200px" height="286px"/>
			<graphic mimeType="jpg" url="AM%2030%20fol./14/SECONDARY_DISPLAY" width="2464px" height="3524px"/>
			<graphic mimeType="pdf" url="AM%2030%20fol./14/WEB_DISPLAY"/>
		</surface>
		<surface xml:id="AM02-0030-0007r" n="15">
			<desc>0007r</desc>
			<graphic mimeType="pdf" url="AM%2030%20fol./15/HIGH_QUALITY_DISPLAY"/>
			<graphic mimeType="jpg" url="AM%2030%20fol./15/THUMBNAIL" width="200px" height="287px"/>
			<graphic mimeType="jpg" url="AM%2030%20fol./15/SECONDARY_DISPLAY" width="2464px" height="3535px"/>
			<graphic mimeType="pdf" url="AM%2030%20fol./15/WEB_DISPLAY"/>
		</surface>
		<surface xml:id="AM02-0030-0007v" n="16">
			<desc>0007v</desc>
			<graphic mimeType="pdf" url="AM%2030%20fol./16/HIGH_QUALITY_DISPLAY"/>
			<graphic mimeType="jpg" url="AM%2030%20fol./16/THUMBNAIL" width="200px" height="286px"/>
			<graphic mimeType="jpg" url="AM%2030%20fol./16/SECONDARY_DISPLAY" width="2464px" height="3524px"/>
			<graphic mimeType="pdf" url="AM%2030%20fol./16/WEB_DISPLAY"/>
		</surface>
		<surface xml:id="AM02-0030-0008r" n="17">
			<desc>0008r</desc>
			<graphic mimeType="pdf" url="AM%2030%20fol./17/HIGH_QUALITY_DISPLAY"/>
			<graphic mimeType="jpg" url="AM%2030%20fol./17/THUMBNAIL" width="200px" height="286px"/>
			<graphic mimeType="jpg" url="AM%2030%20fol./17/SECONDARY_DISPLAY" width="2464px" height="3527px"/>
			<graphic mimeType="pdf" url="AM%2030%20fol./17/WEB_DISPLAY"/>
		</surface>
		<surface xml:id="AM02-0030-0008v" n="18">
			<desc>0008v</desc>
			<graphic mimeType="pdf" url="AM%2030%20fol./18/HIGH_QUALITY_DISPLAY"/>
			<graphic mimeType="jpg" url="AM%2030%20fol./18/THUMBNAIL" width="200px" height="286px"/>
			<graphic mimeType="jpg" url="AM%2030%20fol./18/SECONDARY_DISPLAY" width="2464px" height="3526px"/>
			<graphic mimeType="pdf" url="AM%2030%20fol./18/WEB_DISPLAY"/>
		</surface>
		<surface xml:id="AM02-0030-0009r" n="19">
			<desc>0009r</desc>
			<graphic mimeType="pdf" url="AM%2030%20fol./19/HIGH_QUALITY_DISPLAY"/>
			<graphic mimeType="jpg" url="AM%2030%20fol./19/THUMBNAIL" width="200px" height="286px"/>
			<graphic mimeType="jpg" url="AM%2030%20fol./19/SECONDARY_DISPLAY" width="2464px" height="3528px"/>
			<graphic mimeType="pdf" url="AM%2030%20fol./19/WEB_DISPLAY"/>
		</surface>
		<surface xml:id="AM02-0030-0009v" n="20">
			<desc>0009v</desc>
			<graphic mimeType="pdf" url="AM%2030%20fol./20/HIGH_QUALITY_DISPLAY"/>
			<graphic mimeType="jpg" url="AM%2030%20fol./20/THUMBNAIL" width="200px" height="287px"/>
			<graphic mimeType="jpg" url="AM%2030%20fol./20/SECONDARY_DISPLAY" width="2464px" height="3529px"/>
			<graphic mimeType="pdf" url="AM%2030%20fol./20/WEB_DISPLAY"/>
		</surface>
		<surface xml:id="AM02-0030-0010r" n="21">
			<desc>0010r</desc>
			<graphic mimeType="pdf" url="AM%2030%20fol./21/HIGH_QUALITY_DISPLAY"/>
			<graphic mimeType="jpg" url="AM%2030%20fol./21/THUMBNAIL" width="200px" height="286px"/>
			<graphic mimeType="jpg" url="AM%2030%20fol./21/SECONDARY_DISPLAY" width="2464px" height="3527px"/>
			<graphic mimeType="pdf" url="AM%2030%20fol./21/WEB_DISPLAY"/>
		</surface>
		<surface xml:id="AM02-0030-0010v" n="22">
			<desc>0010v</desc>
			<graphic mimeType="pdf" url="AM%2030%20fol./22/HIGH_QUALITY_DISPLAY"/>
			<graphic mimeType="jpg" url="AM%2030%20fol./22/THUMBNAIL" width="200px" height="286px"/>
			<graphic mimeType="jpg" url="AM%2030%20fol./22/SECONDARY_DISPLAY" width="2464px" height="3526px"/>
			<graphic mimeType="pdf" url="AM%2030%20fol./22/WEB_DISPLAY"/>
		</surface>
		<surface xml:id="AM02-0030-0011r" n="23">
			<desc>0011r</desc>
			<graphic mimeType="pdf" url="AM%2030%20fol./23/HIGH_QUALITY_DISPLAY"/>
			<graphic mimeType="jpg" url="AM%2030%20fol./23/THUMBNAIL" width="200px" height="286px"/>
			<graphic mimeType="jpg" url="AM%2030%20fol./23/SECONDARY_DISPLAY" width="2464px" height="3525px"/>
			<graphic mimeType="pdf" url="AM%2030%20fol./23/WEB_DISPLAY"/>
		</surface>
		<surface xml:id="AM02-0030-0011v" n="24">
			<desc>0011v</desc>
			<graphic mimeType="pdf" url="AM%2030%20fol./24/HIGH_QUALITY_DISPLAY"/>
			<graphic mimeType="jpg" url="AM%2030%20fol./24/THUMBNAIL" width="200px" height="286px"/>
			<graphic mimeType="jpg" url="AM%2030%20fol./24/SECONDARY_DISPLAY" width="2464px" height="3521px"/>
			<graphic mimeType="pdf" url="AM%2030%20fol./24/WEB_DISPLAY"/>
		</surface>
		<surface xml:id="AM02-0030-0012r" n="25">
			<desc>0012r</desc>
			<graphic mimeType="pdf" url="AM%2030%20fol./25/HIGH_QUALITY_DISPLAY"/>
			<graphic mimeType="jpg" url="AM%2030%20fol./25/THUMBNAIL" width="200px" height="286px"/>
			<graphic mimeType="jpg" url="AM%2030%20fol./25/SECONDARY_DISPLAY" width="2464px" height="3525px"/>
			<graphic mimeType="pdf" url="AM%2030%20fol./25/WEB_DISPLAY"/>
		</surface>
		<surface xml:id="AM02-0030-0012v" n="26">
			<desc>0012v</desc>
			<graphic mimeType="pdf" url="AM%2030%20fol./26/HIGH_QUALITY_DISPLAY"/>
			<graphic mimeType="jpg" url="AM%2030%20fol./26/THUMBNAIL" width="200px" height="285px"/>
			<graphic mimeType="jpg" url="AM%2030%20fol./26/SECONDARY_DISPLAY" width="2464px" height="3516px"/>
			<graphic mimeType="pdf" url="AM%2030%20fol./26/WEB_DISPLAY"/>
		</surface>
		<surface xml:id="AM02-0030-0013r" n="27">
			<desc>0013r</desc>
			<graphic mimeType="pdf" url="AM%2030%20fol./27/HIGH_QUALITY_DISPLAY"/>
			<graphic mimeType="jpg" url="AM%2030%20fol./27/THUMBNAIL" width="200px" height="286px"/>
			<graphic mimeType="jpg" url="AM%2030%20fol./27/SECONDARY_DISPLAY" width="2464px" height="3525px"/>
			<graphic mimeType="pdf" url="AM%2030%20fol./27/WEB_DISPLAY"/>
		</surface>
		<surface xml:id="AM02-0030-0013v" n="28">
			<desc>0013v</desc>
			<graphic mimeType="pdf" url="AM%2030%20fol./28/HIGH_QUALITY_DISPLAY"/>
			<graphic mimeType="jpg" url="AM%2030%20fol./28/THUMBNAIL" width="200px" height="286px"/>
			<graphic mimeType="jpg" url="AM%2030%20fol./28/SECONDARY_DISPLAY" width="2464px" height="3525px"/>
			<graphic mimeType="pdf" url="AM%2030%20fol./28/WEB_DISPLAY"/>
		</surface>
		<surface xml:id="AM02-0030-0014r" n="29">
			<desc>0014r</desc>
			<graphic mimeType="pdf" url="AM%2030%20fol./29/HIGH_QUALITY_DISPLAY"/>
			<graphic mimeType="jpg" url="AM%2030%20fol./29/THUMBNAIL" width="200px" height="286px"/>
			<graphic mimeType="jpg" url="AM%2030%20fol./29/SECONDARY_DISPLAY" width="2464px" height="3527px"/>
			<graphic mimeType="pdf" url="AM%2030%20fol./29/WEB_DISPLAY"/>
		</surface>
		<surface xml:id="AM02-0030-0014v" n="30">
			<desc>0014v</desc>
			<graphic mimeType="pdf" url="AM%2030%20fol./30/HIGH_QUALITY_DISPLAY"/>
			<graphic mimeType="jpg" url="AM%2030%20fol./30/THUMBNAIL" width="200px" height="286px"/>
			<graphic mimeType="jpg" url="AM%2030%20fol./30/SECONDARY_DISPLAY" width="2464px" height="3523px"/>
			<graphic mimeType="pdf" url="AM%2030%20fol./30/WEB_DISPLAY"/>
		</surface>
		<surface xml:id="AM02-0030-0015r" n="31">
			<desc>0015r</desc>
			<graphic mimeType="pdf" url="AM%2030%20fol./31/HIGH_QUALITY_DISPLAY"/>
			<graphic mimeType="jpg" url="AM%2030%20fol./31/THUMBNAIL" width="200px" height="286px"/>
			<graphic mimeType="jpg" url="AM%2030%20fol./31/SECONDARY_DISPLAY" width="2464px" height="3524px"/>
			<graphic mimeType="pdf" url="AM%2030%20fol./31/WEB_DISPLAY"/>
		</surface>
		<surface xml:id="AM02-0030-0015v" n="32">
			<desc>0015v</desc>
			<graphic mimeType="pdf" url="AM%2030%20fol./32/HIGH_QUALITY_DISPLAY"/>
			<graphic mimeType="jpg" url="AM%2030%20fol./32/THUMBNAIL" width="200px" height="286px"/>
			<graphic mimeType="jpg" url="AM%2030%20fol./32/SECONDARY_DISPLAY" width="2464px" height="3518px"/>
			<graphic mimeType="pdf" url="AM%2030%20fol./32/WEB_DISPLAY"/>
		</surface>
		<surface xml:id="AM02-0030-0016r" n="33">
			<desc>0016r</desc>
			<graphic mimeType="pdf" url="AM%2030%20fol./33/HIGH_QUALITY_DISPLAY"/>
			<graphic mimeType="jpg" url="AM%2030%20fol./33/THUMBNAIL" width="200px" height="286px"/>
			<graphic mimeType="jpg" url="AM%2030%20fol./33/SECONDARY_DISPLAY" width="2464px" height="3520px"/>
			<graphic mimeType="pdf" url="AM%2030%20fol./33/WEB_DISPLAY"/>
		</surface>
		<surface xml:id="AM02-0030-0016v" n="34">
			<desc>0016v</desc>
			<graphic mimeType="pdf" url="AM%2030%20fol./34/HIGH_QUALITY_DISPLAY"/>
			<graphic mimeType="jpg" url="AM%2030%20fol./34/THUMBNAIL" width="200px" height="286px"/>
			<graphic mimeType="jpg" url="AM%2030%20fol./34/SECONDARY_DISPLAY" width="2464px" height="3524px"/>
			<graphic mimeType="pdf" url="AM%2030%20fol./34/WEB_DISPLAY"/>
		</surface>
		<surface xml:id="AM02-0030-0017r" n="35">
			<desc>0017r</desc>
			<graphic mimeType="pdf" url="AM%2030%20fol./35/HIGH_QUALITY_DISPLAY"/>
			<graphic mimeType="jpg" url="AM%2030%20fol./35/THUMBNAIL" width="200px" height="286px"/>
			<graphic mimeType="jpg" url="AM%2030%20fol./35/SECONDARY_DISPLAY" width="2464px" height="3517px"/>
			<graphic mimeType="pdf" url="AM%2030%20fol./35/WEB_DISPLAY"/>
		</surface>
		<surface xml:id="AM02-0030-0017v" n="36">
			<desc>0017v</desc>
			<graphic mimeType="pdf" url="AM%2030%20fol./36/HIGH_QUALITY_DISPLAY"/>
			<graphic mimeType="jpg" url="AM%2030%20fol./36/THUMBNAIL" width="200px" height="286px"/>
			<graphic mimeType="jpg" url="AM%2030%20fol./36/SECONDARY_DISPLAY" width="2464px" height="3520px"/>
			<graphic mimeType="pdf" url="AM%2030%20fol./36/WEB_DISPLAY"/>
		</surface>
		<surface xml:id="AM02-0030-0018r" n="37">
			<desc>0018r</desc>
			<graphic mimeType="pdf" url="AM%2030%20fol./37/HIGH_QUALITY_DISPLAY"/>
			<graphic mimeType="jpg" url="AM%2030%20fol./37/THUMBNAIL" width="200px" height="287px"/>
			<graphic mimeType="jpg" url="AM%2030%20fol./37/SECONDARY_DISPLAY" width="2464px" height="3529px"/>
			<graphic mimeType="pdf" url="AM%2030%20fol./37/WEB_DISPLAY"/>
		</surface>
		<surface xml:id="AM02-0030-0018v" n="38">
			<desc>0018v</desc>
			<graphic mimeType="pdf" url="AM%2030%20fol./38/HIGH_QUALITY_DISPLAY"/>
			<graphic mimeType="jpg" url="AM%2030%20fol./38/THUMBNAIL" width="200px" height="287px"/>
			<graphic mimeType="jpg" url="AM%2030%20fol./38/SECONDARY_DISPLAY" width="2464px" height="3529px"/>
			<graphic mimeType="pdf" url="AM%2030%20fol./38/WEB_DISPLAY"/>
		</surface>
		<surface xml:id="AM02-0030-0019r" n="39">
			<desc>0019r</desc>
			<graphic mimeType="pdf" url="AM%2030%20fol./39/HIGH_QUALITY_DISPLAY"/>
			<graphic mimeType="jpg" url="AM%2030%20fol./39/THUMBNAIL" width="200px" height="287px"/>
			<graphic mimeType="jpg" url="AM%2030%20fol./39/SECONDARY_DISPLAY" width="2464px" height="3529px"/>
			<graphic mimeType="pdf" url="AM%2030%20fol./39/WEB_DISPLAY"/>
		</surface>
		<surface xml:id="AM02-0030-0019v" n="40">
			<desc>0019v</desc>
			<graphic mimeType="pdf" url="AM%2030%20fol./40/HIGH_QUALITY_DISPLAY"/>
			<graphic mimeType="jpg" url="AM%2030%20fol./40/THUMBNAIL" width="200px" height="287px"/>
			<graphic mimeType="jpg" url="AM%2030%20fol./40/SECONDARY_DISPLAY" width="2464px" height="3531px"/>
			<graphic mimeType="pdf" url="AM%2030%20fol./40/WEB_DISPLAY"/>
		</surface>
		<surface xml:id="AM02-0030-0020r" n="41">
			<desc>0020r</desc>
			<graphic mimeType="pdf" url="AM%2030%20fol./41/HIGH_QUALITY_DISPLAY"/>
			<graphic mimeType="jpg" url="AM%2030%20fol./41/THUMBNAIL" width="200px" height="286px"/>
			<graphic mimeType="jpg" url="AM%2030%20fol./41/SECONDARY_DISPLAY" width="2464px" height="3526px"/>
			<graphic mimeType="pdf" url="AM%2030%20fol./41/WEB_DISPLAY"/>
		</surface>
		<surface xml:id="AM02-0030-0020v" n="42">
			<desc>0020v</desc>
			<graphic mimeType="pdf" url="AM%2030%20fol./42/HIGH_QUALITY_DISPLAY"/>
			<graphic mimeType="jpg" url="AM%2030%20fol./42/THUMBNAIL" width="200px" height="286px"/>
			<graphic mimeType="jpg" url="AM%2030%20fol./42/SECONDARY_DISPLAY" width="2464px" height="3527px"/>
			<graphic mimeType="pdf" url="AM%2030%20fol./42/WEB_DISPLAY"/>
		</surface>
		<surface xml:id="AM02-0030-0021r" n="43">
			<desc>0021r</desc>
			<graphic mimeType="pdf" url="AM%2030%20fol./43/HIGH_QUALITY_DISPLAY"/>
			<graphic mimeType="jpg" url="AM%2030%20fol./43/THUMBNAIL" width="200px" height="287px"/>
			<graphic mimeType="jpg" url="AM%2030%20fol./43/SECONDARY_DISPLAY" width="2464px" height="3535px"/>
			<graphic mimeType="pdf" url="AM%2030%20fol./43/WEB_DISPLAY"/>
		</surface>
		<surface xml:id="AM02-0030-0021v" n="44">
			<desc>0021v</desc>
			<graphic mimeType="pdf" url="AM%2030%20fol./44/HIGH_QUALITY_DISPLAY"/>
			<graphic mimeType="jpg" url="AM%2030%20fol./44/THUMBNAIL" width="200px" height="287px"/>
			<graphic mimeType="jpg" url="AM%2030%20fol./44/SECONDARY_DISPLAY" width="2464px" height="3534px"/>
			<graphic mimeType="pdf" url="AM%2030%20fol./44/WEB_DISPLAY"/>
		</surface>
		<surface xml:id="AM02-0030-0022r" n="45">
			<desc>0022r</desc>
			<graphic mimeType="pdf" url="AM%2030%20fol./45/HIGH_QUALITY_DISPLAY"/>
			<graphic mimeType="jpg" url="AM%2030%20fol./45/THUMBNAIL" width="200px" height="286px"/>
			<graphic mimeType="jpg" url="AM%2030%20fol./45/SECONDARY_DISPLAY" width="2464px" height="3528px"/>
			<graphic mimeType="pdf" url="AM%2030%20fol./45/WEB_DISPLAY"/>
		</surface>
		<surface xml:id="AM02-0030-0022v" n="46">
			<desc>0022v</desc>
			<graphic mimeType="pdf" url="AM%2030%20fol./46/HIGH_QUALITY_DISPLAY"/>
			<graphic mimeType="jpg" url="AM%2030%20fol./46/THUMBNAIL" width="200px" height="287px"/>
			<graphic mimeType="jpg" url="AM%2030%20fol./46/SECONDARY_DISPLAY" width="2464px" height="3533px"/>
			<graphic mimeType="pdf" url="AM%2030%20fol./46/WEB_DISPLAY"/>
		</surface>
		<surface xml:id="AM02-0030-0023r" n="47">
			<desc>0023r</desc>
			<graphic mimeType="pdf" url="AM%2030%20fol./47/HIGH_QUALITY_DISPLAY"/>
			<graphic mimeType="jpg" url="AM%2030%20fol./47/THUMBNAIL" width="200px" height="286px"/>
			<graphic mimeType="jpg" url="AM%2030%20fol./47/SECONDARY_DISPLAY" width="2464px" height="3525px"/>
			<graphic mimeType="pdf" url="AM%2030%20fol./47/WEB_DISPLAY"/>
		</surface>
		<surface xml:id="AM02-0030-0023v" n="48">
			<desc>0023v</desc>
			<graphic mimeType="pdf" url="AM%2030%20fol./48/HIGH_QUALITY_DISPLAY"/>
			<graphic mimeType="jpg" url="AM%2030%20fol./48/THUMBNAIL" width="200px" height="287px"/>
			<graphic mimeType="jpg" url="AM%2030%20fol./48/SECONDARY_DISPLAY" width="2464px" height="3536px"/>
			<graphic mimeType="pdf" url="AM%2030%20fol./48/WEB_DISPLAY"/>
		</surface>
		<surface xml:id="AM02-0030-0024r" n="49">
			<desc>0024r</desc>
			<graphic mimeType="pdf" url="AM%2030%20fol./49/HIGH_QUALITY_DISPLAY"/>
			<graphic mimeType="jpg" url="AM%2030%20fol./49/THUMBNAIL" width="200px" height="286px"/>
			<graphic mimeType="jpg" url="AM%2030%20fol./49/SECONDARY_DISPLAY" width="2464px" height="3526px"/>
			<graphic mimeType="pdf" url="AM%2030%20fol./49/WEB_DISPLAY"/>
		</surface>
		<surface xml:id="AM02-0030-0024v" n="50">
			<desc>0024v</desc>
			<graphic mimeType="pdf" url="AM%2030%20fol./50/HIGH_QUALITY_DISPLAY"/>
			<graphic mimeType="jpg" url="AM%2030%20fol./50/THUMBNAIL" width="200px" height="286px"/>
			<graphic mimeType="jpg" url="AM%2030%20fol./50/SECONDARY_DISPLAY" width="2464px" height="3528px"/>
			<graphic mimeType="pdf" url="AM%2030%20fol./50/WEB_DISPLAY"/>
		</surface>
		<surface xml:id="AM02-0030-0025r" n="51">
			<desc>0025r</desc>
			<graphic mimeType="pdf" url="AM%2030%20fol./51/HIGH_QUALITY_DISPLAY"/>
			<graphic mimeType="jpg" url="AM%2030%20fol./51/THUMBNAIL" width="200px" height="286px"/>
			<graphic mimeType="jpg" url="AM%2030%20fol./51/SECONDARY_DISPLAY" width="2464px" height="3524px"/>
			<graphic mimeType="pdf" url="AM%2030%20fol./51/WEB_DISPLAY"/>
		</surface>
		<surface xml:id="AM02-0030-0025v" n="52">
			<desc>0025v</desc>
			<graphic mimeType="pdf" url="AM%2030%20fol./52/HIGH_QUALITY_DISPLAY"/>
			<graphic mimeType="jpg" url="AM%2030%20fol./52/THUMBNAIL" width="200px" height="286px"/>
			<graphic mimeType="jpg" url="AM%2030%20fol./52/SECONDARY_DISPLAY" width="2464px" height="3520px"/>
			<graphic mimeType="pdf" url="AM%2030%20fol./52/WEB_DISPLAY"/>
		</surface>
		<surface xml:id="AM02-0030-0026r" n="53">
			<desc>0026r</desc>
			<graphic mimeType="pdf" url="AM%2030%20fol./53/HIGH_QUALITY_DISPLAY"/>
			<graphic mimeType="jpg" url="AM%2030%20fol./53/THUMBNAIL" width="200px" height="286px"/>
			<graphic mimeType="jpg" url="AM%2030%20fol./53/SECONDARY_DISPLAY" width="2464px" height="3526px"/>
			<graphic mimeType="pdf" url="AM%2030%20fol./53/WEB_DISPLAY"/>
		</surface>
		<surface xml:id="AM02-0030-0026v" n="54">
			<desc>0026v</desc>
			<graphic mimeType="pdf" url="AM%2030%20fol./54/HIGH_QUALITY_DISPLAY"/>
			<graphic mimeType="jpg" url="AM%2030%20fol./54/THUMBNAIL" width="200px" height="286px"/>
			<graphic mimeType="jpg" url="AM%2030%20fol./54/SECONDARY_DISPLAY" width="2464px" height="3524px"/>
			<graphic mimeType="pdf" url="AM%2030%20fol./54/WEB_DISPLAY"/>
		</surface>
		<surface xml:id="AM02-0030-0027r" n="55">
			<desc>0027r</desc>
			<graphic mimeType="pdf" url="AM%2030%20fol./55/HIGH_QUALITY_DISPLAY"/>
			<graphic mimeType="jpg" url="AM%2030%20fol./55/THUMBNAIL" width="200px" height="286px"/>
			<graphic mimeType="jpg" url="AM%2030%20fol./55/SECONDARY_DISPLAY" width="2464px" height="3524px"/>
			<graphic mimeType="pdf" url="AM%2030%20fol./55/WEB_DISPLAY"/>
		</surface>
		<surface xml:id="AM02-0030-0027v" n="56">
			<desc>0027v</desc>
			<graphic mimeType="pdf" url="AM%2030%20fol./56/HIGH_QUALITY_DISPLAY"/>
			<graphic mimeType="jpg" url="AM%2030%20fol./56/THUMBNAIL" width="200px" height="286px"/>
			<graphic mimeType="jpg" url="AM%2030%20fol./56/SECONDARY_DISPLAY" width="2464px" height="3520px"/>
			<graphic mimeType="pdf" url="AM%2030%20fol./56/WEB_DISPLAY"/>
		</surface>
		<surface xml:id="AM02-0030-0028r" n="57">
			<desc>0028r</desc>
			<graphic mimeType="pdf" url="AM%2030%20fol./57/HIGH_QUALITY_DISPLAY"/>
			<graphic mimeType="jpg" url="AM%2030%20fol./57/THUMBNAIL" width="200px" height="286px"/>
			<graphic mimeType="jpg" url="AM%2030%20fol./57/SECONDARY_DISPLAY" width="2464px" height="3524px"/>
			<graphic mimeType="pdf" url="AM%2030%20fol./57/WEB_DISPLAY"/>
		</surface>
		<surface xml:id="AM02-0030-0028v" n="58">
			<desc>0028v</desc>
			<graphic mimeType="pdf" url="AM%2030%20fol./58/HIGH_QUALITY_DISPLAY"/>
			<graphic mimeType="jpg" url="AM%2030%20fol./58/THUMBNAIL" width="200px" height="286px"/>
			<graphic mimeType="jpg" url="AM%2030%20fol./58/SECONDARY_DISPLAY" width="2464px" height="3524px"/>
			<graphic mimeType="pdf" url="AM%2030%20fol./58/WEB_DISPLAY"/>
		</surface>
		<surface xml:id="AM02-0030-0029r" n="59">
			<desc>0029r</desc>
			<graphic mimeType="pdf" url="AM%2030%20fol./59/HIGH_QUALITY_DISPLAY"/>
			<graphic mimeType="jpg" url="AM%2030%20fol./59/THUMBNAIL" width="200px" height="287px"/>
			<graphic mimeType="jpg" url="AM%2030%20fol./59/SECONDARY_DISPLAY" width="2464px" height="3534px"/>
			<graphic mimeType="pdf" url="AM%2030%20fol./59/WEB_DISPLAY"/>
		</surface>
		<surface xml:id="AM02-0030-0029v" n="60">
			<desc>0029v</desc>
			<graphic mimeType="pdf" url="AM%2030%20fol./60/HIGH_QUALITY_DISPLAY"/>
			<graphic mimeType="jpg" url="AM%2030%20fol./60/THUMBNAIL" width="200px" height="287px"/>
			<graphic mimeType="jpg" url="AM%2030%20fol./60/SECONDARY_DISPLAY" width="2464px" height="3530px"/>
			<graphic mimeType="pdf" url="AM%2030%20fol./60/WEB_DISPLAY"/>
		</surface>
		<surface xml:id="AM02-0030-0030r" n="61">
			<desc>0030r</desc>
			<graphic mimeType="pdf" url="AM%2030%20fol./61/HIGH_QUALITY_DISPLAY"/>
			<graphic mimeType="jpg" url="AM%2030%20fol./61/THUMBNAIL" width="200px" height="287px"/>
			<graphic mimeType="jpg" url="AM%2030%20fol./61/SECONDARY_DISPLAY" width="2464px" height="3531px"/>
			<graphic mimeType="pdf" url="AM%2030%20fol./61/WEB_DISPLAY"/>
		</surface>
		<surface xml:id="AM02-0030-0030v" n="62">
			<desc>0030v</desc>
			<graphic mimeType="pdf" url="AM%2030%20fol./62/HIGH_QUALITY_DISPLAY"/>
			<graphic mimeType="jpg" url="AM%2030%20fol./62/THUMBNAIL" width="200px" height="287px"/>
			<graphic mimeType="jpg" url="AM%2030%20fol./62/SECONDARY_DISPLAY" width="2464px" height="3530px"/>
			<graphic mimeType="pdf" url="AM%2030%20fol./62/WEB_DISPLAY"/>
		</surface>
		<surface xml:id="AM02-0030-0031r" n="63">
			<desc>0031r</desc>
			<graphic mimeType="pdf" url="AM%2030%20fol./63/HIGH_QUALITY_DISPLAY"/>
			<graphic mimeType="jpg" url="AM%2030%20fol./63/THUMBNAIL" width="200px" height="286px"/>
			<graphic mimeType="jpg" url="AM%2030%20fol./63/SECONDARY_DISPLAY" width="2464px" height="3527px"/>
			<graphic mimeType="pdf" url="AM%2030%20fol./63/WEB_DISPLAY"/>
		</surface>
		<surface xml:id="AM02-0030-0031v" n="64">
			<desc>0031v</desc>
			<graphic mimeType="pdf" url="AM%2030%20fol./64/HIGH_QUALITY_DISPLAY"/>
			<graphic mimeType="jpg" url="AM%2030%20fol./64/THUMBNAIL" width="200px" height="286px"/>
			<graphic mimeType="jpg" url="AM%2030%20fol./64/SECONDARY_DISPLAY" width="2464px" height="3528px"/>
			<graphic mimeType="pdf" url="AM%2030%20fol./64/WEB_DISPLAY"/>
		</surface>
		<surface xml:id="AM02-0030-0032r" n="65">
			<desc>0032r</desc>
			<graphic mimeType="pdf" url="AM%2030%20fol./65/HIGH_QUALITY_DISPLAY"/>
			<graphic mimeType="jpg" url="AM%2030%20fol./65/THUMBNAIL" width="200px" height="286px"/>
			<graphic mimeType="jpg" url="AM%2030%20fol./65/SECONDARY_DISPLAY" width="2464px" height="3528px"/>
			<graphic mimeType="pdf" url="AM%2030%20fol./65/WEB_DISPLAY"/>
		</surface>
		<surface xml:id="AM02-0030-0032v" n="66">
			<desc>0032v</desc>
			<graphic mimeType="pdf" url="AM%2030%20fol./66/HIGH_QUALITY_DISPLAY"/>
			<graphic mimeType="jpg" url="AM%2030%20fol./66/THUMBNAIL" width="200px" height="286px"/>
			<graphic mimeType="jpg" url="AM%2030%20fol./66/SECONDARY_DISPLAY" width="2464px" height="3526px"/>
			<graphic mimeType="pdf" url="AM%2030%20fol./66/WEB_DISPLAY"/>
		</surface>
		<surface xml:id="AM02-0030-0033r" n="67">
			<desc>0033r</desc>
			<graphic mimeType="pdf" url="AM%2030%20fol./67/HIGH_QUALITY_DISPLAY"/>
			<graphic mimeType="jpg" url="AM%2030%20fol./67/THUMBNAIL" width="200px" height="286px"/>
			<graphic mimeType="jpg" url="AM%2030%20fol./67/SECONDARY_DISPLAY" width="2464px" height="3528px"/>
			<graphic mimeType="pdf" url="AM%2030%20fol./67/WEB_DISPLAY"/>
		</surface>
		<surface xml:id="AM02-0030-0033v" n="68">
			<desc>0033v</desc>
			<graphic mimeType="pdf" url="AM%2030%20fol./68/HIGH_QUALITY_DISPLAY"/>
			<graphic mimeType="jpg" url="AM%2030%20fol./68/THUMBNAIL" width="200px" height="287px"/>
			<graphic mimeType="jpg" url="AM%2030%20fol./68/SECONDARY_DISPLAY" width="2464px" height="3531px"/>
			<graphic mimeType="pdf" url="AM%2030%20fol./68/WEB_DISPLAY"/>
		</surface>
		<surface xml:id="AM02-0030-0034r" n="69">
			<desc>0034r</desc>
			<graphic mimeType="pdf" url="AM%2030%20fol./69/HIGH_QUALITY_DISPLAY"/>
			<graphic mimeType="jpg" url="AM%2030%20fol./69/THUMBNAIL" width="200px" height="286px"/>
			<graphic mimeType="jpg" url="AM%2030%20fol./69/SECONDARY_DISPLAY" width="2464px" height="3519px"/>
			<graphic mimeType="pdf" url="AM%2030%20fol./69/WEB_DISPLAY"/>
		</surface>
		<surface xml:id="AM02-0030-0034v" n="70">
			<desc>0034v</desc>
			<graphic mimeType="pdf" url="AM%2030%20fol./70/HIGH_QUALITY_DISPLAY"/>
			<graphic mimeType="jpg" url="AM%2030%20fol./70/THUMBNAIL" width="200px" height="286px"/>
			<graphic mimeType="jpg" url="AM%2030%20fol./70/SECONDARY_DISPLAY" width="2464px" height="3527px"/>
			<graphic mimeType="pdf" url="AM%2030%20fol./70/WEB_DISPLAY"/>
		</surface>
		<surface xml:id="AM02-0030-0035r" n="71">
			<desc>0035r</desc>
			<graphic mimeType="pdf" url="AM%2030%20fol./71/HIGH_QUALITY_DISPLAY"/>
			<graphic mimeType="jpg" url="AM%2030%20fol./71/THUMBNAIL" width="200px" height="287px"/>
			<graphic mimeType="jpg" url="AM%2030%20fol./71/SECONDARY_DISPLAY" width="2464px" height="3532px"/>
			<graphic mimeType="pdf" url="AM%2030%20fol./71/WEB_DISPLAY"/>
		</surface>
		<surface xml:id="AM02-0030-0035v" n="72">
			<desc>0035v</desc>
			<graphic mimeType="pdf" url="AM%2030%20fol./72/HIGH_QUALITY_DISPLAY"/>
			<graphic mimeType="jpg" url="AM%2030%20fol./72/THUMBNAIL" width="200px" height="286px"/>
			<graphic mimeType="jpg" url="AM%2030%20fol./72/SECONDARY_DISPLAY" width="2464px" height="3521px"/>
			<graphic mimeType="pdf" url="AM%2030%20fol./72/WEB_DISPLAY"/>
		</surface>
		<surface xml:id="AM02-0030-0036r" n="73">
			<desc>0036r</desc>
			<graphic mimeType="pdf" url="AM%2030%20fol./73/HIGH_QUALITY_DISPLAY"/>
			<graphic mimeType="jpg" url="AM%2030%20fol./73/THUMBNAIL" width="200px" height="285px"/>
			<graphic mimeType="jpg" url="AM%2030%20fol./73/SECONDARY_DISPLAY" width="2464px" height="3514px"/>
			<graphic mimeType="pdf" url="AM%2030%20fol./73/WEB_DISPLAY"/>
		</surface>
		<surface xml:id="AM02-0030-0036v" n="74">
			<desc>0036v</desc>
			<graphic mimeType="pdf" url="AM%2030%20fol./74/HIGH_QUALITY_DISPLAY"/>
			<graphic mimeType="jpg" url="AM%2030%20fol./74/THUMBNAIL" width="200px" height="287px"/>
			<graphic mimeType="jpg" url="AM%2030%20fol./74/SECONDARY_DISPLAY" width="2464px" height="3530px"/>
			<graphic mimeType="pdf" url="AM%2030%20fol./74/WEB_DISPLAY"/>
		</surface>
		<surface xml:id="AM02-0030-0037r" n="75">
			<desc>0037r</desc>
			<graphic mimeType="pdf" url="AM%2030%20fol./75/HIGH_QUALITY_DISPLAY"/>
			<graphic mimeType="jpg" url="AM%2030%20fol./75/THUMBNAIL" width="200px" height="286px"/>
			<graphic mimeType="jpg" url="AM%2030%20fol./75/SECONDARY_DISPLAY" width="2464px" height="3523px"/>
			<graphic mimeType="pdf" url="AM%2030%20fol./75/WEB_DISPLAY"/>
		</surface>
		<surface xml:id="AM02-0030-0037v" n="76">
			<desc>0037v</desc>
			<graphic mimeType="pdf" url="AM%2030%20fol./76/HIGH_QUALITY_DISPLAY"/>
			<graphic mimeType="jpg" url="AM%2030%20fol./76/THUMBNAIL" width="200px" height="286px"/>
			<graphic mimeType="jpg" url="AM%2030%20fol./76/SECONDARY_DISPLAY" width="2464px" height="3519px"/>
			<graphic mimeType="pdf" url="AM%2030%20fol./76/WEB_DISPLAY"/>
		</surface>
		<surface xml:id="AM02-0030-0038r" n="77">
			<desc>0038r</desc>
			<graphic mimeType="pdf" url="AM%2030%20fol./77/HIGH_QUALITY_DISPLAY"/>
			<graphic mimeType="jpg" url="AM%2030%20fol./77/THUMBNAIL" width="200px" height="286px"/>
			<graphic mimeType="jpg" url="AM%2030%20fol./77/SECONDARY_DISPLAY" width="2464px" height="3525px"/>
			<graphic mimeType="pdf" url="AM%2030%20fol./77/WEB_DISPLAY"/>
		</surface>
		<surface xml:id="AM02-0030-0038v" n="78">
			<desc>0038v</desc>
			<graphic mimeType="pdf" url="AM%2030%20fol./78/HIGH_QUALITY_DISPLAY"/>
			<graphic mimeType="jpg" url="AM%2030%20fol./78/THUMBNAIL" width="200px" height="285px"/>
			<graphic mimeType="jpg" url="AM%2030%20fol./78/SECONDARY_DISPLAY" width="2464px" height="3516px"/>
			<graphic mimeType="pdf" url="AM%2030%20fol./78/WEB_DISPLAY"/>
		</surface>
		<surface xml:id="AM02-0030-0039r" n="79">
			<desc>0039r</desc>
			<graphic mimeType="pdf" url="AM%2030%20fol./79/HIGH_QUALITY_DISPLAY"/>
			<graphic mimeType="jpg" url="AM%2030%20fol./79/THUMBNAIL" width="200px" height="286px"/>
			<graphic mimeType="jpg" url="AM%2030%20fol./79/SECONDARY_DISPLAY" width="2464px" height="3528px"/>
			<graphic mimeType="pdf" url="AM%2030%20fol./79/WEB_DISPLAY"/>
		</surface>
		<surface xml:id="AM02-0030-0039v" n="80">
			<desc>0039v</desc>
			<graphic mimeType="pdf" url="AM%2030%20fol./80/HIGH_QUALITY_DISPLAY"/>
			<graphic mimeType="jpg" url="AM%2030%20fol./80/THUMBNAIL" width="200px" height="286px"/>
			<graphic mimeType="jpg" url="AM%2030%20fol./80/SECONDARY_DISPLAY" width="2464px" height="3525px"/>
			<graphic mimeType="pdf" url="AM%2030%20fol./80/WEB_DISPLAY"/>
		</surface>
		<surface xml:id="AM02-0030-0040r" n="81">
			<desc>0040r</desc>
			<graphic mimeType="pdf" url="AM%2030%20fol./81/HIGH_QUALITY_DISPLAY"/>
			<graphic mimeType="jpg" url="AM%2030%20fol./81/THUMBNAIL" width="200px" height="286px"/>
			<graphic mimeType="jpg" url="AM%2030%20fol./81/SECONDARY_DISPLAY" width="2464px" height="3521px"/>
			<graphic mimeType="pdf" url="AM%2030%20fol./81/WEB_DISPLAY"/>
		</surface>
		<surface xml:id="AM02-0030-0040v" n="82">
			<desc>0040v</desc>
			<graphic mimeType="pdf" url="AM%2030%20fol./82/HIGH_QUALITY_DISPLAY"/>
			<graphic mimeType="jpg" url="AM%2030%20fol./82/THUMBNAIL" width="200px" height="286px"/>
			<graphic mimeType="jpg" url="AM%2030%20fol./82/SECONDARY_DISPLAY" width="2464px" height="3524px"/>
			<graphic mimeType="pdf" url="AM%2030%20fol./82/WEB_DISPLAY"/>
		</surface>
		<surface xml:id="AM02-0030-0041r" n="83">
			<desc>0041r</desc>
			<graphic mimeType="pdf" url="AM%2030%20fol./83/HIGH_QUALITY_DISPLAY"/>
			<graphic mimeType="jpg" url="AM%2030%20fol./83/THUMBNAIL" width="200px" height="287px"/>
			<graphic mimeType="jpg" url="AM%2030%20fol./83/SECONDARY_DISPLAY" width="2464px" height="3533px"/>
			<graphic mimeType="pdf" url="AM%2030%20fol./83/WEB_DISPLAY"/>
		</surface>
		<surface xml:id="AM02-0030-0041v" n="84">
			<desc>0041v</desc>
			<graphic mimeType="pdf" url="AM%2030%20fol./84/HIGH_QUALITY_DISPLAY"/>
			<graphic mimeType="jpg" url="AM%2030%20fol./84/THUMBNAIL" width="200px" height="286px"/>
			<graphic mimeType="jpg" url="AM%2030%20fol./84/SECONDARY_DISPLAY" width="2464px" height="3519px"/>
			<graphic mimeType="pdf" url="AM%2030%20fol./84/WEB_DISPLAY"/>
		</surface>
		<surface xml:id="AM02-0030-0042r" n="85">
			<desc>0042r</desc>
			<graphic mimeType="pdf" url="AM%2030%20fol./85/HIGH_QUALITY_DISPLAY"/>
			<graphic mimeType="jpg" url="AM%2030%20fol./85/THUMBNAIL" width="200px" height="286px"/>
			<graphic mimeType="jpg" url="AM%2030%20fol./85/SECONDARY_DISPLAY" width="2464px" height="3522px"/>
			<graphic mimeType="pdf" url="AM%2030%20fol./85/WEB_DISPLAY"/>
		</surface>
		<surface xml:id="AM02-0030-0042v" n="86">
			<desc>0042v</desc>
			<graphic mimeType="pdf" url="AM%2030%20fol./86/HIGH_QUALITY_DISPLAY"/>
			<graphic mimeType="jpg" url="AM%2030%20fol./86/THUMBNAIL" width="200px" height="286px"/>
			<graphic mimeType="jpg" url="AM%2030%20fol./86/SECONDARY_DISPLAY" width="2464px" height="3528px"/>
			<graphic mimeType="pdf" url="AM%2030%20fol./86/WEB_DISPLAY"/>
		</surface>
		<surface xml:id="AM02-0030-0043r" n="87">
			<desc>0043r</desc>
			<graphic mimeType="pdf" url="AM%2030%20fol./87/HIGH_QUALITY_DISPLAY"/>
			<graphic mimeType="jpg" url="AM%2030%20fol./87/THUMBNAIL" width="200px" height="287px"/>
			<graphic mimeType="jpg" url="AM%2030%20fol./87/SECONDARY_DISPLAY" width="2464px" height="3534px"/>
			<graphic mimeType="pdf" url="AM%2030%20fol./87/WEB_DISPLAY"/>
		</surface>
		<surface xml:id="AM02-0030-0043v" n="88">
			<desc>0043v</desc>
			<graphic mimeType="pdf" url="AM%2030%20fol./88/HIGH_QUALITY_DISPLAY"/>
			<graphic mimeType="jpg" url="AM%2030%20fol./88/THUMBNAIL" width="200px" height="286px"/>
			<graphic mimeType="jpg" url="AM%2030%20fol./88/SECONDARY_DISPLAY" width="2464px" height="3526px"/>
			<graphic mimeType="pdf" url="AM%2030%20fol./88/WEB_DISPLAY"/>
		</surface>
		<surface xml:id="AM02-0030-0044r" n="89">
			<desc>0044r</desc>
			<graphic mimeType="pdf" url="AM%2030%20fol./89/HIGH_QUALITY_DISPLAY"/>
			<graphic mimeType="jpg" url="AM%2030%20fol./89/THUMBNAIL" width="200px" height="286px"/>
			<graphic mimeType="jpg" url="AM%2030%20fol./89/SECONDARY_DISPLAY" width="2464px" height="3527px"/>
			<graphic mimeType="pdf" url="AM%2030%20fol./89/WEB_DISPLAY"/>
		</surface>
		<surface xml:id="AM02-0030-0044v" n="90">
			<desc>0044v</desc>
			<graphic mimeType="pdf" url="AM%2030%20fol./90/HIGH_QUALITY_DISPLAY"/>
			<graphic mimeType="jpg" url="AM%2030%20fol./90/THUMBNAIL" width="200px" height="287px"/>
			<graphic mimeType="jpg" url="AM%2030%20fol./90/SECONDARY_DISPLAY" width="2464px" height="3534px"/>
			<graphic mimeType="pdf" url="AM%2030%20fol./90/WEB_DISPLAY"/>
		</surface>
		<surface xml:id="AM02-0030-0045r" n="91">
			<desc>0045r</desc>
			<graphic mimeType="pdf" url="AM%2030%20fol./91/HIGH_QUALITY_DISPLAY"/>
			<graphic mimeType="jpg" url="AM%2030%20fol./91/THUMBNAIL" width="200px" height="286px"/>
			<graphic mimeType="jpg" url="AM%2030%20fol./91/SECONDARY_DISPLAY" width="2464px" height="3519px"/>
			<graphic mimeType="pdf" url="AM%2030%20fol./91/WEB_DISPLAY"/>
		</surface>
		<surface xml:id="AM02-0030-0045v" n="92">
			<desc>0045v</desc>
			<graphic mimeType="pdf" url="AM%2030%20fol./92/HIGH_QUALITY_DISPLAY"/>
			<graphic mimeType="jpg" url="AM%2030%20fol./92/THUMBNAIL" width="200px" height="287px"/>
			<graphic mimeType="jpg" url="AM%2030%20fol./92/SECONDARY_DISPLAY" width="2464px" height="3532px"/>
			<graphic mimeType="pdf" url="AM%2030%20fol./92/WEB_DISPLAY"/>
		</surface>
		<surface xml:id="AM02-0030-0046r" n="93">
			<desc>0046r</desc>
			<graphic mimeType="pdf" url="AM%2030%20fol./93/HIGH_QUALITY_DISPLAY"/>
			<graphic mimeType="jpg" url="AM%2030%20fol./93/THUMBNAIL" width="200px" height="287px"/>
			<graphic mimeType="jpg" url="AM%2030%20fol./93/SECONDARY_DISPLAY" width="2464px" height="3532px"/>
			<graphic mimeType="pdf" url="AM%2030%20fol./93/WEB_DISPLAY"/>
		</surface>
		<surface xml:id="AM02-0030-0046v" n="94">
			<desc>0046v</desc>
			<graphic mimeType="pdf" url="AM%2030%20fol./94/HIGH_QUALITY_DISPLAY"/>
			<graphic mimeType="jpg" url="AM%2030%20fol./94/THUMBNAIL" width="200px" height="286px"/>
			<graphic mimeType="jpg" url="AM%2030%20fol./94/SECONDARY_DISPLAY" width="2464px" height="3528px"/>
			<graphic mimeType="pdf" url="AM%2030%20fol./94/WEB_DISPLAY"/>
		</surface>
		<surface xml:id="AM02-0030-0047r" n="95">
			<desc>0047r</desc>
			<graphic mimeType="pdf" url="AM%2030%20fol./95/HIGH_QUALITY_DISPLAY"/>
			<graphic mimeType="jpg" url="AM%2030%20fol./95/THUMBNAIL" width="200px" height="286px"/>
			<graphic mimeType="jpg" url="AM%2030%20fol./95/SECONDARY_DISPLAY" width="2464px" height="3520px"/>
			<graphic mimeType="pdf" url="AM%2030%20fol./95/WEB_DISPLAY"/>
		</surface>
		<surface xml:id="AM02-0030-0047v" n="96">
			<desc>0047v</desc>
			<graphic mimeType="pdf" url="AM%2030%20fol./96/HIGH_QUALITY_DISPLAY"/>
			<graphic mimeType="jpg" url="AM%2030%20fol./96/THUMBNAIL" width="200px" height="285px"/>
			<graphic mimeType="jpg" url="AM%2030%20fol./96/SECONDARY_DISPLAY" width="2464px" height="3516px"/>
			<graphic mimeType="pdf" url="AM%2030%20fol./96/WEB_DISPLAY"/>
		</surface>
		<surface xml:id="AM02-0030-0048r" n="97">
			<desc>0048r</desc>
			<graphic mimeType="pdf" url="AM%2030%20fol./97/HIGH_QUALITY_DISPLAY"/>
			<graphic mimeType="jpg" url="AM%2030%20fol./97/THUMBNAIL" width="200px" height="286px"/>
			<graphic mimeType="jpg" url="AM%2030%20fol./97/SECONDARY_DISPLAY" width="2464px" height="3518px"/>
			<graphic mimeType="pdf" url="AM%2030%20fol./97/WEB_DISPLAY"/>
		</surface>
		<surface xml:id="AM02-0030-0048v" n="98">
			<desc>0048v</desc>
			<graphic mimeType="pdf" url="AM%2030%20fol./98/HIGH_QUALITY_DISPLAY"/>
			<graphic mimeType="jpg" url="AM%2030%20fol./98/THUMBNAIL" width="200px" height="286px"/>
			<graphic mimeType="jpg" url="AM%2030%20fol./98/SECONDARY_DISPLAY" width="2464px" height="3524px"/>
			<graphic mimeType="pdf" url="AM%2030%20fol./98/WEB_DISPLAY"/>
		</surface>
		<surface xml:id="AM02-0030-0049r" n="99">
			<desc>0049r</desc>
			<graphic mimeType="pdf" url="AM%2030%20fol./99/HIGH_QUALITY_DISPLAY"/>
			<graphic mimeType="jpg" url="AM%2030%20fol./99/THUMBNAIL" width="200px" height="286px"/>
			<graphic mimeType="jpg" url="AM%2030%20fol./99/SECONDARY_DISPLAY" width="2464px" height="3528px"/>
			<graphic mimeType="pdf" url="AM%2030%20fol./99/WEB_DISPLAY"/>
		</surface>
		<surface xml:id="AM02-0030-0049v" n="100">
			<desc>0049v</desc>
			<graphic mimeType="pdf" url="AM%2030%20fol./100/HIGH_QUALITY_DISPLAY"/>
			<graphic mimeType="jpg" url="AM%2030%20fol./100/THUMBNAIL" width="200px" height="286px"/>
			<graphic mimeType="jpg" url="AM%2030%20fol./100/SECONDARY_DISPLAY" width="2464px" height="3528px"/>
			<graphic mimeType="pdf" url="AM%2030%20fol./100/WEB_DISPLAY"/>
		</surface>
		<surface xml:id="AM02-0030-0050r" n="101">
			<desc>0050r</desc>
			<graphic mimeType="pdf" url="AM%2030%20fol./101/HIGH_QUALITY_DISPLAY"/>
			<graphic mimeType="jpg" url="AM%2030%20fol./101/THUMBNAIL" width="200px" height="286px"/>
			<graphic mimeType="jpg" url="AM%2030%20fol./101/SECONDARY_DISPLAY" width="2464px" height="3519px"/>
			<graphic mimeType="pdf" url="AM%2030%20fol./101/WEB_DISPLAY"/>
		</surface>
		<surface xml:id="AM02-0030-0050v" n="102">
			<desc>0050v</desc>
			<graphic mimeType="pdf" url="AM%2030%20fol./102/HIGH_QUALITY_DISPLAY"/>
			<graphic mimeType="jpg" url="AM%2030%20fol./102/THUMBNAIL" width="200px" height="286px"/>
			<graphic mimeType="jpg" url="AM%2030%20fol./102/SECONDARY_DISPLAY" width="2464px" height="3528px"/>
			<graphic mimeType="pdf" url="AM%2030%20fol./102/WEB_DISPLAY"/>
		</surface>
		<surface xml:id="AM02-0030-0051r" n="103">
			<desc>0051r</desc>
			<graphic mimeType="pdf" url="AM%2030%20fol./103/HIGH_QUALITY_DISPLAY"/>
			<graphic mimeType="jpg" url="AM%2030%20fol./103/THUMBNAIL" width="200px" height="286px"/>
			<graphic mimeType="jpg" url="AM%2030%20fol./103/SECONDARY_DISPLAY" width="2464px" height="3524px"/>
			<graphic mimeType="pdf" url="AM%2030%20fol./103/WEB_DISPLAY"/>
		</surface>
		<surface xml:id="AM02-0030-0051v" n="104">
			<desc>0051v</desc>
			<graphic mimeType="pdf" url="AM%2030%20fol./104/HIGH_QUALITY_DISPLAY"/>
			<graphic mimeType="jpg" url="AM%2030%20fol./104/THUMBNAIL" width="200px" height="286px"/>
			<graphic mimeType="jpg" url="AM%2030%20fol./104/SECONDARY_DISPLAY" width="2464px" height="3517px"/>
			<graphic mimeType="pdf" url="AM%2030%20fol./104/WEB_DISPLAY"/>
		</surface>
		<surface xml:id="AM02-0030-0052r" n="105">
			<desc>0052r</desc>
			<graphic mimeType="pdf" url="AM%2030%20fol./105/HIGH_QUALITY_DISPLAY"/>
			<graphic mimeType="jpg" url="AM%2030%20fol./105/THUMBNAIL" width="200px" height="286px"/>
			<graphic mimeType="jpg" url="AM%2030%20fol./105/SECONDARY_DISPLAY" width="2464px" height="3524px"/>
			<graphic mimeType="pdf" url="AM%2030%20fol./105/WEB_DISPLAY"/>
		</surface>
		<surface xml:id="AM02-0030-0052v" n="106">
			<desc>0052v</desc>
			<graphic mimeType="pdf" url="AM%2030%20fol./106/HIGH_QUALITY_DISPLAY"/>
			<graphic mimeType="jpg" url="AM%2030%20fol./106/THUMBNAIL" width="200px" height="287px"/>
			<graphic mimeType="jpg" url="AM%2030%20fol./106/SECONDARY_DISPLAY" width="2464px" height="3531px"/>
			<graphic mimeType="pdf" url="AM%2030%20fol./106/WEB_DISPLAY"/>
		</surface>
		<surface xml:id="AM02-0030-0053r" n="107">
			<desc>0053r</desc>
			<graphic mimeType="pdf" url="AM%2030%20fol./107/HIGH_QUALITY_DISPLAY"/>
			<graphic mimeType="jpg" url="AM%2030%20fol./107/THUMBNAIL" width="200px" height="286px"/>
			<graphic mimeType="jpg" url="AM%2030%20fol./107/SECONDARY_DISPLAY" width="2464px" height="3523px"/>
			<graphic mimeType="pdf" url="AM%2030%20fol./107/WEB_DISPLAY"/>
		</surface>
		<surface xml:id="AM02-0030-0053v" n="108">
			<desc>0053v</desc>
			<graphic mimeType="pdf" url="AM%2030%20fol./108/HIGH_QUALITY_DISPLAY"/>
			<graphic mimeType="jpg" url="AM%2030%20fol./108/THUMBNAIL" width="200px" height="286px"/>
			<graphic mimeType="jpg" url="AM%2030%20fol./108/SECONDARY_DISPLAY" width="2464px" height="3523px"/>
			<graphic mimeType="pdf" url="AM%2030%20fol./108/WEB_DISPLAY"/>
		</surface>
		<surface xml:id="AM02-0030-0054r" n="109">
			<desc>0054r</desc>
			<graphic mimeType="pdf" url="AM%2030%20fol./109/HIGH_QUALITY_DISPLAY"/>
			<graphic mimeType="jpg" url="AM%2030%20fol./109/THUMBNAIL" width="200px" height="287px"/>
			<graphic mimeType="jpg" url="AM%2030%20fol./109/SECONDARY_DISPLAY" width="2464px" height="3530px"/>
			<graphic mimeType="pdf" url="AM%2030%20fol./109/WEB_DISPLAY"/>
		</surface>
		<surface xml:id="AM02-0030-0054v" n="110">
			<desc>0054v</desc>
			<graphic mimeType="pdf" url="AM%2030%20fol./110/HIGH_QUALITY_DISPLAY"/>
			<graphic mimeType="jpg" url="AM%2030%20fol./110/THUMBNAIL" width="200px" height="286px"/>
			<graphic mimeType="jpg" url="AM%2030%20fol./110/SECONDARY_DISPLAY" width="2464px" height="3526px"/>
			<graphic mimeType="pdf" url="AM%2030%20fol./110/WEB_DISPLAY"/>
		</surface>
		<surface xml:id="AM02-0030-0055r" n="111">
			<desc>0055r</desc>
			<graphic mimeType="pdf" url="AM%2030%20fol./111/HIGH_QUALITY_DISPLAY"/>
			<graphic mimeType="jpg" url="AM%2030%20fol./111/THUMBNAIL" width="200px" height="286px"/>
			<graphic mimeType="jpg" url="AM%2030%20fol./111/SECONDARY_DISPLAY" width="2464px" height="3526px"/>
			<graphic mimeType="pdf" url="AM%2030%20fol./111/WEB_DISPLAY"/>
		</surface>
		<surface xml:id="AM02-0030-0055v" n="112">
			<desc>0055v</desc>
			<graphic mimeType="pdf" url="AM%2030%20fol./112/HIGH_QUALITY_DISPLAY"/>
			<graphic mimeType="jpg" url="AM%2030%20fol./112/THUMBNAIL" width="200px" height="287px"/>
			<graphic mimeType="jpg" url="AM%2030%20fol./112/SECONDARY_DISPLAY" width="2464px" height="3534px"/>
			<graphic mimeType="pdf" url="AM%2030%20fol./112/WEB_DISPLAY"/>
		</surface>
		<surface xml:id="AM02-0030-0056r" n="113">
			<desc>0056r</desc>
			<graphic mimeType="pdf" url="AM%2030%20fol./113/HIGH_QUALITY_DISPLAY"/>
			<graphic mimeType="jpg" url="AM%2030%20fol./113/THUMBNAIL" width="200px" height="285px"/>
			<graphic mimeType="jpg" url="AM%2030%20fol./113/SECONDARY_DISPLAY" width="2464px" height="3516px"/>
			<graphic mimeType="pdf" url="AM%2030%20fol./113/WEB_DISPLAY"/>
		</surface>
		<surface xml:id="AM02-0030-0056v" n="114">
			<desc>0056v</desc>
			<graphic mimeType="pdf" url="AM%2030%20fol./114/HIGH_QUALITY_DISPLAY"/>
			<graphic mimeType="jpg" url="AM%2030%20fol./114/THUMBNAIL" width="200px" height="286px"/>
			<graphic mimeType="jpg" url="AM%2030%20fol./114/SECONDARY_DISPLAY" width="2464px" height="3528px"/>
			<graphic mimeType="pdf" url="AM%2030%20fol./114/WEB_DISPLAY"/>
		</surface>
		<surface xml:id="AM02-0030-9901r-RFl" n="115">
			<desc>9901r-RFl</desc>
			<graphic mimeType="pdf" url="AM%2030%20fol./115/HIGH_QUALITY_DISPLAY"/>
			<graphic mimeType="jpg" url="AM%2030%20fol./115/THUMBNAIL" width="200px" height="287px"/>
			<graphic mimeType="jpg" url="AM%2030%20fol./115/SECONDARY_DISPLAY" width="2464px" height="3532px"/>
			<graphic mimeType="pdf" url="AM%2030%20fol./115/WEB_DISPLAY"/>
		</surface>
		<surface xml:id="AM02-0030-9901v-RFl" n="116">
			<desc>9901v-RFl</desc>
			<graphic mimeType="pdf" url="AM%2030%20fol./116/HIGH_QUALITY_DISPLAY"/>
			<graphic mimeType="jpg" url="AM%2030%20fol./116/THUMBNAIL" width="200px" height="286px"/>
			<graphic mimeType="jpg" url="AM%2030%20fol./116/SECONDARY_DISPLAY" width="2464px" height="3524px"/>
			<graphic mimeType="pdf" url="AM%2030%20fol./116/WEB_DISPLAY"/>
		</surface>
		<surface xml:id="AM02-0030-9999r-RB" n="117">
			<desc>9999r-RB</desc>
			<graphic mimeType="pdf" url="AM%2030%20fol./117/HIGH_QUALITY_DISPLAY"/>
			<graphic mimeType="jpg" url="AM%2030%20fol./117/THUMBNAIL" width="200px" height="286px"/>
			<graphic mimeType="jpg" url="AM%2030%20fol./117/SECONDARY_DISPLAY" width="2464px" height="3528px"/>
			<graphic mimeType="pdf" url="AM%2030%20fol./117/WEB_DISPLAY"/>
		</surface>
	</facsimile>
</TEI>