<?xml version="1.0" encoding="UTF-8"?><?oxygen RNGSchema="http://www.handrit.is/schema/handrit-1.0.rnc" type="compact"?><TEI xmlns="http://www.tei-c.org/ns/1.0">
   <teiHeader>
      <fileDesc>
         <titleStmt>
            <title type="main">Acc. 4 a</title>
         </titleStmt>
         <publicationStmt>
            <authority>Den Arnamagnæanske Samling</authority>
            <pubPlace>København</pubPlace>
         </publicationStmt>
         <sourceDesc><msDesc xml:lang="en" xml:id="Acc-0004-a-en">
               <msIdentifier>
                  <country>Denmark</country>
                  <settlement>København</settlement>
                  <repository>Den Arnamagnæanske Samling</repository>
                  <idno>Acc. 4 a</idno>
                  <msName type="nickname" xml:lang="far">Fugloyarbók</msName>
                  <altIdentifier type="internal" subtype="KKKat">
                     <idno>2826</idno>
                  </altIdentifier>
               </msIdentifier>
               <head>
                  <title>Føroya kvæði</title>; 
<origPlace>The Faroe Islands</origPlace>, 
    <origDate from="1840" to="1854">1840-54</origDate>. Faroese. 
</head>
               <physDesc>
                  <objectDesc form="codex">
                     <supportDesc material="chart">
                        <support>Paper.</support>
                        <extent>iii + 202 + i. 
<dimensions type="leaf" scope="all">
                              <height>335</height>
                              <width>215</width>
                           </dimensions>.</extent>
                     </supportDesc>
                  </objectDesc>
               </physDesc>
               <additional>
                  <adminInfo>
                     <recordHist>
                        <source>
                           <p>Catalogued <date when="2001-11-29">29 November 2001</date> by EW-J.</p>
                        </source>
                     </recordHist>
                  </adminInfo>
                  <listBibl>
                     <bibl>
                        <ref type="secondary-1" target="Foroya">Chesnutt and Larsen 1996</ref>, pp. 57-61</bibl>
                  </listBibl>
               </additional>
            </msDesc>
         </sourceDesc>
      </fileDesc>
   </teiHeader>
   <facsimile>
      <surface/>
   </facsimile>
</TEI>