<?oxygen RNGSchema="http://www.handrit.is/schema/handrit-1.0.rnc" type="compact"?>
<TEI xmlns="http://www.tei-c.org/ns/1.0">
    <teiHeader>
        <fileDesc>
            <titleStmt>
                <title type="main">Acc. 4 c I[7]</title>
            </titleStmt>
            <publicationStmt>
                <authority>Den Arnamagnæanske Samling</authority>
                <pubPlace>Copenhagen</pubPlace>
            </publicationStmt>
            <sourceDesc>
                <msDesc xml:id="Acc-0004-c-I-7-en" xml:lang="en">
                    <msIdentifier>
                        <country>Denmark</country>
                        <settlement>Copenhagen</settlement>
                        <repository>Den Arnamagnæanske Samling</repository>
                        <idno>Acc. 4 c I[7]</idno>
                        <altIdentifier type="internal" subtype="KKKat">
                            <idno>2826</idno>
                        </altIdentifier>
                    </msIdentifier>
                    <head>
                        <title type="supplied">Faroese Ballads alphabetically arranged (H)</title>
                    </head>
                    <physDesc/>
                    <history/>
                    <additional/>

                    <msPart n="1.1">
                        <altIdentifier type="other">
                            <idno>Acc. 4 c I[7] 1.1</idno>
                        </altIdentifier>
                        <msContents>
                            <summary><title type="uniform">Haraldskjøldur á
                                Miklagarði</title></summary>
                            <msItem n="1.1" class="kvad">
                              <locus>pp. 1-4</locus>
                                <title type="uniform">Haraldskjøldur á Miklagarði</title>
                              <textLang mainLang="fo">Faroese</textLang>
                              <rubric>Haraldskjöldur af Miklagarði</rubric>
                              <respStmt>
                                <resp key="inf">Informant</resp>
                                <name type="person">Jo<del>h</del><add>gv</add>an Hanusson í <name type="place">Skúvoy</name></name>
                              </respStmt>
                              <incipit>Gevið ljóð og lýðið á</incipit>
                              <explicit>nú stár hans lív í váða</explicit>
                                <bibl>CCF 62E. <ref type="secondary-1" target="Foroya">Føroya
                                        Kvæði</ref>
                                    <biblScope type="volume">III</biblScope><biblScope type="pages"
                                        >30-33</biblScope>
                                </bibl>
                            </msItem>
                        </msContents>
                      <physDesc>
                        <objectDesc form="codex">
                          <supportDesc material="chart">
                            <support>Paper.</support>
                            <extent>2. <dimensions type="leaf" scope="all">
                              <!--<height unit="mm" quantity="1234">1234</height>
                      <width unit="mm" quantity="1234">1234</width>-->
                            </dimensions>
                            </extent>
                            
                            <foliation><p>There is no foliation.</p></foliation>
                            <collation>
                              <p>
                                <!--<list>
                          <item/>
                        </list>-->
                              </p>
                              <signatures>There are no signatures.</signatures>
                              <catchwords>There are no catchwords.</catchwords>
                            </collation>
                            <condition>
                              <p>The paper is in good condition.</p>
                            </condition>
                          </supportDesc>   
                          <layoutDesc>
                            <layout columns="2" writtenLines="32 36">
                              <p>Written in two columns with 32 to 36 lines per column.</p>                      
                            </layout>
                          </layoutDesc>
                        </objectDesc>
                        <handDesc hands="1">
                          <handNote scribe="VenHam001" scope="sole" script="other">Written by <name
                            type="person" key="VenHam001">V.U. Hammershaimb</name>.</handNote>
                        </handDesc>
                      </physDesc>
                      <history>
                        <origin>Recorded by <name type="person" key="VenHam001">V. U. Hammershaimb</name> in <origDate when="1847">1847</origDate> from the informant <name type="person">Joen Hansen</name> on <origPlace>Skúvoy</origPlace>.</origin>
                      </history>
                    </msPart>
                    <msPart n="1.2">
                        <altIdentifier type="other">
                            <idno>Acc. 4 c I[7] 1.2</idno>
                        </altIdentifier>
                        <msContents>
                            <summary><title type="uniform">Haraldskjøldur á
                                Miklagarði</title></summary>
                            <msItem n="1.2" class="kvad" defective="true">
                              <locus>p. 5</locus>
                                <title type="uniform">Haraldskjøldur á Miklagarði</title>
                              <textLang mainLang="fo">Faroese</textLang>
                              <rubric>Hàraldskjöldur àf Miklagàrði</rubric>
                              <respStmt>
                                <resp key="inf">Informant</resp>
                                <name type="person">Enok Dánial Berintson af <name type="place">Sundi</name>, 18 ára gamalur</name>
                              </respStmt>
                              <incipit>Vitur er so mektigi dá</incipit>
                              <explicit>sum eina situr í ráðum</explicit>
                                <bibl>CCF 62F. <ref type="secondary-1" target="Foroya">Føroya
                                        Kvæði</ref>
                                    <biblScope type="volume">III</biblScope><biblScope type="pages"
                                        >34</biblScope>
                                </bibl>
                              <note>Fragmentary text only consisting of the first three verses.</note>
                            </msItem>
                        </msContents>
                      <physDesc>
                        <objectDesc form="codex">
                          <supportDesc material="chart">
                            <support>Paper.</support>
                            <extent>2. <dimensions type="leaf" scope="all">
                              <!--<height unit="mm" quantity="1234">1234</height>
                      <width unit="mm" quantity="1234">1234</width>-->
                            </dimensions>
                            </extent>
                            
                            <foliation><p>There is no foliation.</p></foliation>
                            <collation>
                              <p>
                                <!--<list>
                          <item/>
                        </list>-->
                              </p>
                              <signatures>There are no signatures.</signatures>
                              <catchwords>There are no catchwords.</catchwords>
                            </collation>
                            <condition>
                              <p>The paper is in good condition.</p>
                            </condition>
                          </supportDesc>   
                          <layoutDesc>
                            <layout columns="1" writtenLines="12">
                              <p>Although the paper is prepared for two columns, the fragment consists of only 12 lines written in the first column.</p>                      
                            </layout>
                          </layoutDesc>
                        </objectDesc>
                        <handDesc hands="1">
                          <handNote scribe="VenHam001" scope="sole" script="other">Written by <name
                            type="person" key="VenHam001">V.U. Hammershaimb</name>.</handNote>
                        </handDesc>
                      </physDesc>
                      <history>
                        <origin>Recorded by <name type="person" key="VenHam001">V. U. Hammershaimb</name> in <origDate when="1847">1847</origDate> from the informant <name type="person">Enok Bærentsen</name> (aged 18) in <origPlace>Sund, Streymoy</origPlace>.</origin>
                      </history>
                    </msPart>
                    <msPart n="1.3">
                        <altIdentifier type="other">
                            <idno>Acc. 4 c I[7] 1.3</idno>
                        </altIdentifier>
                        <msContents>
                            <summary><title type="uniform">Haraldskjøldur á
                                Miklagarði</title></summary>
                            <msItem n="1.3" class="kvad">
                              <locus>pp. 9-18</locus>
                                <title type="uniform">Haraldskjøldur á Miklagarði</title>
                              <textLang mainLang="fo">Faroese</textLang>
                              <rubric>Harald Sioldur</rubric>
                              <incipit type="refrain">Nu listir me uj dansin ead gaa, Med taim rousum u Lillian hiin groue veal</incipit>
                              <incipit>Gjevi liou u Luiie á</incipit>
                              <explicit>u hiin tiil miglagear</explicit>
                              <finalRubric>Ende</finalRubric>
                              <filiation>Also found in <ref type="ms">Sandoyarbók</ref>.</filiation>
                                <bibl>CCF 62Bb. <ref type="secondary-1" target="Foroya">Føroya
                                        Kvæði</ref>
                                    <biblScope type="volume">III</biblScope><biblScope type="pages"
                                        >13-19</biblScope>
                                </bibl>
                            </msItem>
                        </msContents>
                      <physDesc>
                        <objectDesc form="codex">
                          <supportDesc material="chart">
                            <support>Paper.</support>
                            <extent>5. <dimensions type="leaf" scope="all">
                              <!--<height unit="mm" quantity="1234">1234</height>
                      <width unit="mm" quantity="1234">1234</width>-->
                            </dimensions>
                            </extent>
                            
                            <foliation><p>There is no foliation.</p></foliation>
                            <collation>
                              <p>
                                <!--<list>
                          <item/>
                        </list>-->
                              </p>
                              <signatures>There are no signatures.</signatures>
                              <catchwords>There are no catchwords.</catchwords>
                            </collation>
                            <condition>
                              <p>The paper is in good condition.</p>
                            </condition>
                          </supportDesc>   
                          <layoutDesc>
                            <layout columns="1" writtenLines="26">
                              <p>Written in a single column with 26 lines per page.</p>                      
                            </layout>
                          </layoutDesc>
                        </objectDesc>
                        <handDesc hands="1">
                          <handNote scribe="JohCle001" scope="sole" script="other">Written by <name
                            type="person" key="JohCle001">Johannes Clemensen</name>.</handNote>
                        </handDesc>
                      </physDesc>
                    </msPart>
                    <msPart n="2">
                        <altIdentifier type="other">
                            <idno>Acc. 4 c I[7] 2</idno>
                        </altIdentifier>
                        <msContents>
                            <summary><title type="uniform">Heljars kvæði</title></summary>
                            <msItem n="2" class="kvad">
                              <locus>pp. 19-22</locus>
                                <title type="uniform">Heljars kvæði</title>
                              <rubric>Heljars <add>kvæði</add></rubric>
                              <respStmt>
                                <resp key="inf">Informant</resp>
                                <name type="person">Óli Joensen <add>34</add> í <name type="place">Skálavík í Kirkjugerði</name></name>
                              </respStmt>
                              <incipit>Heljar situr á Heljaroy</incipit>
                              <incipit type="refrain">Noregis menn <gap reason="illegible" quantity="4"/></incipit>
                              <explicit>ríða aftur á Selgja lond</explicit>
                              <textLang mainLang="fo">Faroese</textLang>
                                <bibl>CCF 63A. <ref type="secondary-1" target="Foroya">Føroya
                                        Kvæði</ref>
                                    <biblScope type="volume">III</biblScope><biblScope type="pages"
                                        >35-38</biblScope>
                                </bibl>
                              <note>The title <q>Snjolvs kv.</q> <note><title type="supplied">Sniolvs kvæði</title></note> is written in pencil and crossed out in the top right corner of <locus>p. 19</locus>.</note>
                            </msItem>
                        </msContents>
                      <physDesc>
                        <objectDesc form="codex">
                          <supportDesc material="chart">
                            <support>Paper.</support>
                            <extent>2. <dimensions type="leaf" scope="all">
                              <!--<height unit="mm" quantity="1234">1234</height>
                      <width unit="mm" quantity="1234">1234</width>-->
                            </dimensions>
                            </extent>
                            
                            <foliation><p>There is no foliation.</p></foliation>
                            <collation>
                              <p>
                                <!--<list>
                          <item/>
                        </list>-->
                              </p>
                              <signatures>There are no signatures.</signatures>
                              <catchwords>There are no catchwords.</catchwords>
                            </collation>
                            <condition>
                              <p>The paper is in good condition.</p>
                            </condition>
                          </supportDesc>   
                          <layoutDesc>
                            <layout columns="2" writtenLines="28">
                              <p>Written in two columns with 28 lines per column.</p>                      
                            </layout>
                          </layoutDesc>
                        </objectDesc>
                        <handDesc hands="1">
                          <handNote scribe="VenHam001" scope="sole" script="other">Written by <name
                            type="person" key="VenHam001">V.U. Hammershaimb</name>.</handNote> 
                        </handDesc>
                      </physDesc>
                      <history>
                        <origin>Recorded by <name type="person" key="VenHam001">V. U. Hammershaimb</name> in <origDate when="1847">1847</origDate> from the informant <name type="person">Ole Joensen</name> (aged 34) in <origPlace>Skálavík, Sandoy</origPlace>.</origin>
                      </history>
                    </msPart>
                    <msPart n="3">
                        <altIdentifier type="other">
                            <idno>Acc. 4 c I[7] 3</idno>
                        </altIdentifier>
                        <msContents>
                            <summary><title type="uniform">Herleivs kvæði</title></summary>
                            <msItem n="3" class="kvad">
                              <locus>pp. 23-26</locus>
                                <title type="uniform">Herleivs kvæði</title>
                              <textLang mainLang="fo">Faroese</textLang>
                              <rubric>Herr Leifs kvæði</rubric>
                              <respStmt>
                                <resp key="inf">Informant</resp>
                                <name type="person">Tomas Johan Augustinusson í <name type="place">Vági</name></name>
                              </respStmt>
                              <incipit>Heima sitja sveinar</incipit>
                              <explicit>tá er hann betri enn nú</explicit>
                                <bibl>CCF 64b. <ref type="secondary-1" target="Foroya">Føroya
                                        Kvæði</ref>
                                    <biblScope type="volume">III</biblScope><biblScope type="pages"
                                        >43-45</biblScope>
                                </bibl>
                            </msItem>
                        </msContents>
                      <physDesc>
                        <objectDesc form="codex">
                          <supportDesc material="chart">
                            <support>Paper.</support>
                            <extent>2. <dimensions type="leaf" scope="all">
                              <!--<height unit="mm" quantity="1234">1234</height>
                      <width unit="mm" quantity="1234">1234</width>-->
                            </dimensions>
                            </extent>
                            
                            <foliation><p>There is no foliation.</p></foliation>
                            <collation>
                              <p>
                                <!--<list>
                          <item/>
                        </list>-->
                              </p>
                              <signatures>There are no signatures.</signatures>
                              <catchwords>There are no catchwords.</catchwords>
                            </collation>
                            <condition>
                              <p>The paper is in good condition.</p>
                            </condition>
                          </supportDesc>   
                          <layoutDesc>
                            <layout columns="2" writtenLines="36">
                              <p>Written in two columns with 36 lines per column.</p>                      
                            </layout>
                          </layoutDesc>
                        </objectDesc>
                        <handDesc hands="1">
                          <handNote scribe="VenHam001" scope="sole" script="other">Written by <name
                            type="person" key="VenHam001">V.U. Hammershaimb</name>.</handNote>
                        </handDesc>
                      </physDesc>
                      <history>
                        <origin>Recorded by <name type="person" key="VenHam001">V. U. Hammershaimb</name> in <origDate when="1800">1848</origDate> from the informant <name type="person">THomas Johan Augustinussen</name> in <origPlace>Vágur, Suðuroy</origPlace>.</origin>
                      </history>
                    </msPart>
                    <msPart n="4.1">
                        <altIdentifier type="other">
                            <idno>Acc. 4 c I[7] 4.1</idno>
                        </altIdentifier>
                        <msContents>
                            <summary><title type="uniform">Hermundur illi</title></summary>
                            <msItem n="4.1" class="kvad">
                              <locus>pp. 27-30</locus>
                                <title type="uniform">Hermundur illi</title>
                              <textLang mainLang="fo">Faroese</textLang>
                              <rubric>Hermun Idl</rubric>
                              <incipit>Atli vindir up suin Segl</incipit>
                              <explicit>uj rejar Gudle bear aa Hendi</explicit>
                                <bibl>CCF 66B. <ref type="secondary-1" target="Foroya">Føroya
                                        Kvæði</ref>
                                    <biblScope type="volume">III</biblScope><biblScope type="pages"
                                        >60-63</biblScope>
                                </bibl>
                              <note>The title <title type="supplied">Hermundur illi</title> is added in the top right of <locus>p. 27</locus>.</note>
                            </msItem>
                        </msContents>
                      <physDesc>
                        <objectDesc form="codex">
                          <supportDesc material="chart">
                            <support>Paper.</support>
                            <extent>2. <dimensions type="leaf" scope="all">
                              <!--<height unit="mm" quantity="1234">1234</height>
                      <width unit="mm" quantity="1234">1234</width>-->
                            </dimensions>
                            </extent>
                            
                            <foliation><p>There is no foliation.</p></foliation>
                            <collation>
                              <p>
                                <!--<list>
                          <item/>
                        </list>-->
                              </p>
                              <signatures>There are no signatures.</signatures>
                              <catchwords>There are no catchwords.</catchwords>
                            </collation>
                            <condition>
                              <p>The paper is in good condition.</p>
                            </condition>
                          </supportDesc>   
                          <layoutDesc>
                            <layout columns="1" writtenLines="32">
                              <p>Written in a single column with 32 lines per page.</p>                      
                            </layout>
                          </layoutDesc>
                        </objectDesc>
                        <handDesc hands="1">
                          <handNote scribe="JohSch001" scope="sole" script="other"><p>Written by <name
                            type="person" key="JohSch001">J. H. Schrøter</name>.</p></handNote>
                        </handDesc>
                      </physDesc>
                    </msPart>
                    <msPart n="4.2">
                        <altIdentifier type="other">
                            <idno>Acc. 4 c I[7] 4.2</idno>
                        </altIdentifier>
                        <msContents>
                            <summary><title type="uniform">Hermundur illi</title></summary>
                            <msItem n="4.2" class="kvad">
                              <locus>pp. 31-40</locus>
                                <title type="uniform">Hermundur illi</title>
                              <textLang mainLang="fo">Faroese</textLang>
                              <rubric>Hermundur illi</rubric>
                              <respStmt>
                                <resp key="inf">Informant</resp>
                                <name type="person">Johannis Lukasson í <name type="place">Skálavík</name></name>
                              </respStmt>
                              <incipit>Tàð vàr fist í firndini</incipit>
                              <explicit>til Sigurjall faðir sín</explicit>
                                <bibl>CCF 66Ea. <ref type="secondary-1" target="Foroya">Føroya
                                        Kvæði</ref>
                                    <biblScope type="volume">1234</biblScope><biblScope type="pages"
                                        >76-83</biblScope>
                                </bibl>
                            </msItem>
                        </msContents>
                      <physDesc>
                        <objectDesc form="codex">
                          <supportDesc material="chart">
                            <support>Paper.</support>
                            <extent>5. <dimensions type="leaf" scope="all">
                              <!--<height unit="mm" quantity="1234">1234</height>
                      <width unit="mm" quantity="1234">1234</width>-->
                            </dimensions>
                            </extent>
                            
                            <foliation><p>There is no foliation.</p></foliation>
                            <collation>
                              <p>
                                <!--<list>
                          <item/>
                        </list>-->
                              </p>
                              <signatures>There are no signatures.</signatures>
                              <catchwords>There are no catchwords.</catchwords>
                            </collation>
                            <condition>
                              <p>The paper is in good condition.</p>
                            </condition>
                          </supportDesc>   
                          <layoutDesc>
                            <layout columns="2" writtenLines="32">
                              <p>Written in 2 column2 with 32 lines per column.</p>                      
                            </layout>
                          </layoutDesc>
                        </objectDesc>
                        <handDesc hands="1">
                          <handNote scribe="VenHam001" scope="sole" script="other">Written by <name
                            type="person" key="VenHam001">V.U. Hammershaimb</name>.</handNote>
                        </handDesc>
                      </physDesc>
                      <history>
                        <origin>Recorded by <name type="person" key="VenHam001">V. U. Hammershaimb</name> in <origDate when="1847">1847</origDate> from the informant <name type="person">Johannes Lucassen</name> in <origPlace>Skálavík</origPlace>.</origin>
                      </history>
                    </msPart>
                    <msPart n="5">
                        <altIdentifier type="other">
                            <idno>Acc. 4 c I[7] 5</idno>
                        </altIdentifier>
                        <msContents>
                            <summary><title type="uniform">Hilmars tættir</title></summary>
                            <msItem n="5" class="kvad">
                              <locus>pp. 41-48</locus>
                                <title type="uniform">Hilmars tættir</title>
                              <textLang mainLang="fo" otherLangs="da">Faroese with Danish</textLang>
                              <rubric>Hilmars Tottir</rubric>
                              <incipit type="refrain">Tundur tundur Læjvartundur, læjvur framman undur<lb/> Lead ikkji grusa Seajilin á Hærsi Læjvartundur<lb/> Tundur tundur Læjvartundur, læjvur framman undur</incipit>
                              <incipit>Aina vaid E ruimina</incipit>
                              <explicit>tou er Meavur minni</explicit>
                              <finalRubric>Ende</finalRubric>
                              <colophon xml:lang="da">Det synes som dette skal høre til Osmund Tredla beana <note><title type="uniform">Ásmundur trøllabani</title></note> skiönt ieg har ikke lært den</colophon>
                              <filiation>Also found in <ref type="ms">Sandoyarbók</ref>.</filiation>
                                <bibl>CCF 68B. <ref type="secondary-1" target="Foroya">Føroya
                                        Kvæði</ref>
                                    <biblScope type="volume">III</biblScope><biblScope type="pages"
                                        >98-102</biblScope>
                                </bibl>
                            </msItem>
                        </msContents>
                      <physDesc>
                        <objectDesc form="codex">
                          <supportDesc material="chart">
                            <support>Paper.</support>
                            <extent>4. <dimensions type="leaf" scope="all">
                              <!--<height unit="mm" quantity="1234">1234</height>
                      <width unit="mm" quantity="1234">1234</width>-->
                            </dimensions>
                            </extent>
                            
                            <foliation><p>There is no foliation.</p></foliation>
                            <collation>
                              <p>
                                <!--<list>
                          <item/>
                        </list>-->
                              </p>
                              <signatures>There are no signatures.</signatures>
                              <catchwords>There are no catchwords.</catchwords>
                            </collation>
                            <condition>
                              <p>The paper is in good condition.</p>
                            </condition>
                          </supportDesc>   
                          <layoutDesc>
                            <layout columns="1" writtenLines="22">
                              <p>Written in a single column with 22 lines per page.</p>                      
                            </layout>
                          </layoutDesc>
                        </objectDesc>
                        <handDesc hands="1">
                          <handNote scribe="JohCle001" scope="sole" script="other">Written by <name
                            type="person" key="JohCle001">Johannes Clemensen</name>.</handNote>
                        </handDesc>
                      </physDesc>
                    </msPart>
                    <msPart n="6">
                        <altIdentifier type="other">
                            <idno>Acc. 4 c I[7] 6</idno>
                        </altIdentifier>
                        <msContents>
                            <summary><title type="uniform">Hindar ríma</title></summary>
                            <msItem n="6" class="kvad" defective="true">
                                <title type="uniform">Hindar ríma</title>
                              <textLang mainLang="fo">Faroese</textLang>
                                <bibl>CCF 134A. <ref type="secondary-1" target="Foroya">Føroya
                                        Kvæði</ref>
                                    <biblScope type="volume">VI</biblScope><biblScope type="pages"
                                        >95-97</biblScope>
                                </bibl>
                              <note>Missing</note>
                            </msItem>
                        </msContents>
                    </msPart>
                    <msPart n="7">
                        <altIdentifier type="other">
                            <idno>Acc. 4 c I[7] 7</idno>
                        </altIdentifier>
                        <msContents>
                            <summary><title type="uniform">Hindin</title></summary>
                            <msItem n="7" class="kvad">
                              <locus>pp. 49-50</locus>
                                <title type="uniform">Hindin</title>
                              <textLang mainLang="fo" otherLangs="da">Faroese with Danish</textLang>
                              <rubric>Bondin við garðenda</rubric>
                              <respStmt>
                                <resp key="inf">Informant</resp>
                                <name type="person">Niklas Jakubssen í <name type="place">Sundbø Hamrabirgi</name></name>
                              </respStmt>
                              <incipit>Ein býr bondi við garðsendi</incipit>
                              <explicit>skàl eg á báli brenna</explicit>
                              <colophon xml:lang="da"><del>V. Kröniken: Hindin ≠ Bera, der skapte de 2 sönner til dyr, björn og elsdyr, men Bödvar var <unclear>ma</unclear>ske og blev konge i Gotland</del></colophon>
                                <bibl>CCF 135a. <ref type="secondary-1" target="Foroya">Føroya
                                        Kvæði</ref>
                                    <biblScope type="volume">VI</biblScope><biblScope type="pages"
                                        >100-101</biblScope>
                                </bibl>
                              <note>The title <title type="uniform">Hindin</title> is added in the upper left corner of <locus>p. 49</locus>.</note>
                            </msItem>
                        </msContents>
                      <physDesc>
                        <objectDesc form="codex">
                          <supportDesc material="chart">
                            <support>Paper.</support>
                            <extent>1. <dimensions type="leaf" scope="all">
                              <!--<height unit="mm" quantity="1234">1234</height>
                      <width unit="mm" quantity="1234">1234</width>-->
                            </dimensions>
                            </extent>
                            
                            <foliation><p>There is no foliation.</p></foliation>
                            <collation>
                              <p>
                                <!--<list>
                          <item/>
                        </list>-->
                              </p>
                              <signatures>There are no signatures.</signatures>
                              <catchwords>There are no catchwords.</catchwords>
                            </collation>
                            <condition>
                              <p>The paper is in good condition.</p>
                            </condition>
                          </supportDesc>   
                          <layoutDesc>
                            <layout columns="2" writtenLines="24">
                              <p>Written in two columns with 24 lines per column.</p>                      
                            </layout>
                          </layoutDesc>
                        </objectDesc>
                        <handDesc hands="1">
                          <handNote scribe="VenHam001" scope="sole" script="other">Written by <name
                            type="person" key="VenHam001">V.U. Hammershaimb</name>.</handNote>
                        </handDesc>
                      </physDesc>
                      <history>
                        <origin>Recorded by <name type="person" key="VenHam001">V. U. Hammershaimb</name> in <origDate when="1847">1847</origDate> from the informant <name type="person">Niclas Jacobsen</name> in <origPlace>Sumba, Suðuroy</origPlace>.</origin>
                      </history>
                    </msPart>
                    <msPart n="8">
                        <altIdentifier type="other">
                            <idno>Acc. 4 c I[7] 8</idno>
                        </altIdentifier>
                        <msContents>
                            <summary><title type="uniform">Hjálmar og Angantýr</title></summary>
                            <msItem n="8" class="kvad">
                              <locus>p. 51</locus>
                                <title type="uniform">Hjálmar og Angantýr</title>
                              <textLang mainLang="fo">Faroese</textLang>
                              <rubric>Hjálmar og Angantýr</rubric>
                              <respStmt>
                                <resp key="inf">Informant</resp>
                                <name type="person">Poul Johannisson í <name type="place">Sundbø</name></name>
                              </respStmt>
                              <incipit>Bondin í höu oyggini býr</incipit>
                              <explicit>deyðin fell á báðar tá</explicit>
                                <bibl>CCF 15A. <ref type="secondary-1" target="Foroya">Føroya
                                        Kvæði</ref>
                                    <biblScope type="volume">I</biblScope><biblScope type="pages"
                                        >399</biblScope>
                                </bibl>
                              <note>The title <title type="supplied">Kappin Angantýr</title> is added in the upper right corner of <locus>p. 51</locus>.</note>
                            </msItem>
                        </msContents>
                      <physDesc>
                        <objectDesc form="codex">
                          <supportDesc material="chart">
                            <support>Paper.</support>
                            <extent>1. <dimensions type="leaf" scope="all">
                              <!--<height unit="mm" quantity="1234">1234</height>
                      <width unit="mm" quantity="1234">1234</width>-->
                            </dimensions>
                            </extent>
                            
                            <foliation><p>There is no foliation.</p></foliation>
                            <collation>
                              <p>
                                <!--<list>
                          <item/>
                        </list>-->
                              </p>
                              <signatures>There are no signatures.</signatures>
                              <catchwords>There are no catchwords.</catchwords>
                            </collation>
                            <condition>
                              <p>The paper is in good condition.</p>
                            </condition>
                          </supportDesc>   
                          <layoutDesc>
                            <layout columns="2" writtenLines="18 22">
                              <p>Written in two columns with 22 lines in the first and 18 lines in the second column.</p>
                            </layout>
                          </layoutDesc>
                        </objectDesc>
                        <handDesc hands="1">
                          <handNote scribe="VenHam001" scope="sole" script="other">Written by <name
                            type="person" key="VenHam001">V.U. Hammershaimb</name>.</handNote>
                        </handDesc>
                      </physDesc>
                      <history>
                        <origin>Recorded by <name type="person" key="VenHam001">V. U. Hammershaimb</name> in <origDate when="1848">1848</origDate> from the informant <name type="person">Poul Johannessen</name> in <origPlace>Sumba, Suðuroy</origPlace>.</origin>
                      </history>
                    </msPart>
                    <msPart n="9">
                        <altIdentifier type="other">
                            <idno>Acc. 4 c I[7] 9</idno>
                        </altIdentifier>
                        <msContents>
                            <summary><title type="uniform">Arngríms synir (Hjálmars
                                kvæði)</title></summary>
                            <msItem n="9" class="kvad">
                              <locus>pp. 53-68</locus>
                                <title type="uniform">Arngríms synir (Hjálmars kvæði)</title>
                              <textLang mainLang="fo">Faroese</textLang>
                              <rubric>Kiolmar Qvaje</rubric>
                              <rubric xml:lang="da">med 2º Totter</rubric>
                              <incipit type="refrain">Nu fedlur ead Ruima, ovur tan brajde fjör<lb/> dear liggur bondin, dejjur uj dokkari jöör<lb/> nu fedlur ead rujma</incipit>
                              <msItem n="9.1" class="kvad">
                                <locus>pp. 52-62</locus>
                                <title type="uniform">1 Ørvaroddur</title>
                                <rubric>Ørvar Oddur</rubric>
                              <incipit>Gjevi liou u luiie á</incipit>
                                <explicit>ead verja landi haima</explicit>
                              </msItem>
                              <msItem n="9.2" class="kvad">
                                <locus>pp. 62-68</locus>
                                <title type="uniform">Arngríms synir</title>
                                <rubric>2º Arngrujms sinir</rubric>
                                <incipit>Arngrujmur aiiur aina borg</incipit>
                                <explicit>Millin Rings u høvur</explicit>
                              </msItem>
                              <finalRubric>Ende</finalRubric>
                              <filiation>Also found in <ref type="ms">Sandoyarbók</ref>.</filiation>
                                <bibl>CCF 16Cb. <ref type="secondary-1" target="Foroya">Føroya
                                        Kvæði</ref>
                                    <biblScope type="volume">I</biblScope><biblScope type="pages"
                                        >413-421</biblScope>
                                </bibl>
                              <note>An extra verse (58) is written and later deleted following the final rubric.</note>
                            </msItem>
                        </msContents>
                      <physDesc>
                        <objectDesc form="codex">
                          <supportDesc material="chart">
                            <support>Paper.</support>
                            <extent>8. <dimensions type="leaf" scope="all">
                              <!--<height unit="mm" quantity="1234">1234</height>
                      <width unit="mm" quantity="1234">1234</width>-->
                            </dimensions>
                            </extent>
                            
                            <foliation><p>There is no foliation.</p></foliation>
                            <collation>
                              <p>
                                <!--<list>
                          <item/>
                        </list>-->
                              </p>
                              <signatures>There are no signatures.</signatures>
                              <catchwords>There are no catchwords.</catchwords>
                            </collation>
                            <condition>
                              <p>The paper is in good condition.</p>
                            </condition>
                          </supportDesc>   
                          <layoutDesc>
                            <layout columns="1" writtenLines="22">
                              <p>Written in a single column with 22 lines per page.</p>                      
                            </layout>
                          </layoutDesc>
                        </objectDesc>
                        <handDesc hands="1">
                          <handNote scribe="JohCle001" scope="sole" script="other">Written by <name
                            type="person" key="JohCle001">Johannes Clemensen</name>.</handNote>
                        </handDesc>
                      </physDesc>
                    </msPart>
                    <msPart n="10">
                        <altIdentifier type="other">
                            <idno>Acc. 4 c I[7] 10</idno>
                        </altIdentifier>
                        <msContents>
                            <summary><title type="uniform">Hústrúin og hovmaðurin</title></summary>
                            <msItem n="10" class="kvad">
                              <locus>p. 69</locus>
                                <title type="uniform">Hústrúin og hovmaðurin</title>
                              <textLang mainLang="fo">Faroese</textLang>
                              <rubric>Hústruin og hovmannin</rubric>
                              <respStmt>
                                <resp key="inf">Informant</resp>
                                <name type="person">Poul Mikkelsen í <name type="place">Vági</name></name>
                              </respStmt>
                              <incipit>Hústrúin <del>lá í</del> <add>sat við</add> akar og skàr</incipit>
                              <explicit>og las firi honum pater noster</explicit>
                                <bibl>CCF 180. <ref type="secondary-1" target="Foroya">Føroya
                                        Kvæði</ref>
                                    <biblScope type="volume">VI</biblScope><biblScope type="pages"
                                        >264-265</biblScope>
                                </bibl>
                            </msItem>
                        </msContents>
                      <physDesc>
                        <objectDesc form="codex">
                          <supportDesc material="chart">
                            <support>Paper.</support>
                            <extent>1. <dimensions type="leaf" scope="all">
                              <!--<height unit="mm" quantity="1234">1234</height>
                      <width unit="mm" quantity="1234">1234</width>-->
                            </dimensions>
                            </extent>
                            
                            <foliation><p>There is no foliation.</p></foliation>
                            <collation>
                              <p>
                                <!--<list>
                          <item/>
                        </list>-->
                              </p>
                              <signatures>There are no signatures.</signatures>
                              <catchwords>There are no catchwords.</catchwords>
                            </collation>
                            <condition>
                              <p>The paper is in good condition.</p>
                            </condition>
                          </supportDesc>   
                          <layoutDesc>
                            <layout columns="1" writtenLines="12 22">
                              <p>Written in two columns with 22 lines in the first and 12 lines in the second column.</p>                      
                            </layout>
                          </layoutDesc>
                        </objectDesc>
                        <handDesc hands="1">
                          <handNote scribe="VenHam001" scope="sole" script="other">Written by <name
                            type="person" key="VenHam001">V.U. Hammershaimb</name>.</handNote>
                        </handDesc>
                      </physDesc>
                      <history>
                        <origin>Recorded by <name type="person" key="VenHam001">V. U. Hammershaimb</name> in <origDate when="1800">1848</origDate> from the informant <name type="person">Poul Michelsen</name> in <origPlace>Vágur, Suðuroy</origPlace>.</origin>
                      </history>
                    </msPart>
                    <msPart n="11">
                        <altIdentifier type="other">
                            <idno>Acc. 4 c I[7] 11</idno>
                        </altIdentifier>
                        <msContents>
                            <summary><title type="uniform">Hørpu ríma</title></summary>
                            <msItem n="11" class="kvad">
                              <locus>pp. 71-72</locus>
                                <title type="uniform">Hørpu ríma</title>
                              <textLang mainLang="fo">Faroese</textLang>
                              <rubric>Harpu ríma</rubric>
                              <respStmt>
                                <resp key="inf">Efter</resp>
                                <name type="person">Christiane Schrøter</name>
                              </respStmt>
                              <incipit>Har komu tveir biðlar ríðandi í garð</incipit>
                              <incipit type="refrain">(eg) biðji<del>ð</del> tigur renna</incipit>
                              <explicit>bróðurin fleyt í blóði</explicit>
                              <finalRubric>finis</finalRubric>
                                <bibl>CCF 136C. <ref type="secondary-1" target="Foroya">Føroya
                                        Kvæði</ref>
                                    <biblScope type="volume">VI</biblScope><biblScope type="pages"
                                        >104-105</biblScope>
                                </bibl>
                              <note>The end of the ballad is written on the first page (<locus>p. 71</locus>).</note>
                            </msItem>
                        </msContents>
                      <physDesc>
                        <objectDesc form="codex">
                          <supportDesc material="chart">
                            <support>Paper.</support>
                            <extent>1. <dimensions type="leaf" scope="all">
                              <!--<height unit="mm" quantity="1234">1234</height>
                      <width unit="mm" quantity="1234">1234</width>-->
                            </dimensions>
                            </extent>
                            
                            <foliation><p>There is no foliation.</p></foliation>
                            <collation>
                              <p>
                                <!--<list>
                          <item/>
                        </list>-->
                              </p>
                              <signatures>There are no signatures.</signatures>
                              <catchwords>There are no catchwords.</catchwords>
                            </collation>
                            <condition>
                              <p>The paper is in good condition.</p>
                            </condition>
                          </supportDesc>   
                          <layoutDesc>
                            <layout columns="1 2" writtenLines="19 23">
                              <p>The recto (<locus>p. 71</locus>) is written in a single column with 19 lines with 10 lines inserted to the right.</p>                      
                              <p>The verso (<locus>p. 72</locus>) is written in two columns with 20 lines in the first and 32 lines in the second column.</p>
                            </layout>
                          </layoutDesc>
                        </objectDesc>
                        <handDesc hands="1">
                          <handNote scribe="VenHam001" scope="sole" script="other">Written by <name
                            type="person" key="VenHam001">V.U. Hammershaimb</name>.</handNote>
                        </handDesc>
                      </physDesc>
                    </msPart>

                </msDesc>
            </sourceDesc>
        </fileDesc>
    </teiHeader>
    <facsimile>
        <surface/>
    </facsimile>
</TEI>
