<?xml version="1.0" encoding="UTF-8"?>
<?oxygen RNGSchema="http://www.handrit.is/schema/handrit-1.0.rnc" type="compact"?><TEI xmlns="http://www.tei-c.org/ns/1.0">
   <teiHeader>
      <fileDesc>
         <titleStmt>
            <title type="main">AM 2 fol.</title>
         </titleStmt>
         <publicationStmt>
            <authority>Den Arnamagnæanske Samling</authority>
            <pubPlace>København</pubPlace>
         </publicationStmt>
         <sourceDesc>
            <msDesc xml:id="AM02-0002-en" xml:lang="en">
               <msIdentifier>
                  <country>Denmark</country>
                  <settlement>København</settlement>
                  <repository>Den Arnamagnæanske Samling</repository>
                  <idno>AM 2 fol.</idno>
                  <altIdentifier type="internal" subtype="KKKat">
                     <idno>11</idno>
                  </altIdentifier>
               </msIdentifier>
               <head>
                  <title type="supplied">Völsunga saga and Ragnars saga loðbrókar with Krákumal</title>;
            <origPlace>Iceland</origPlace>, <origDate notBefore="1600" notAfter="1699">s.
        XVII</origDate>. <note>The two sagas are, without distinction, divided into 60
        chapters.</note>
               </head>
               <msContents>
                  <msItem n="1" class="forn">
                     <locus from="1" to="64:19">pp. 1-64</locus>
                     <title type="uniform" xml:lang="is">Völsunga saga</title>
                     <textLang mainLang="is">Icelandic</textLang>
                     <rubric>Saga Af Ragnar Lod<lb/>brők Og Mørgum<ex>m</ex> kőngum<ex>m</ex>
                    merkelegum<ex>m</ex>.</rubric>
                     <incipit>I C<ex>a</ex>p<ex>itu</ex>l<ex>um</ex> 
                        <lb/> Hier Hefur Vpp Og Seiger fra þeim <lb/> man<ex>n</ex>e er Sige er nefndur.</incipit>
                     <explicit>ok vard þ<ex>ei</ex>m þ<ex>ad</ex> ad alld<ex>r</ex> laghi.</explicit>
                     <bibl>Rafn, <ref type="primary-3" target="FASNRafn">Fornaldar Sögur
                    Nordrlanda</ref>
                        <biblScope type="volume">I</biblScope>
                        <biblScope type="pages">113-234</biblScope>
                        <note>Ed. E</note>
                     </bibl>
                  </msItem>
                  <msItem n="2" class="forn">
                     <locus from="64:20" to="102:4">pp. 64-102</locus>
                     <title type="supplied">Ragnars saga loðbrókar</title>
                     <textLang mainLang="is">Icelandic</textLang>
                     <incipit>XLI C<ex>a</ex>p<ex>itu</ex>l<ex>um</ex>
                        <lb/> Heimir J hlyms dólum<ex>m</ex> Spir nu þ<ex>es</ex>se tijdinde</incipit>
                     <explicit>Ok þetta þotti m<ex>onnu</ex>m <lb/> vndarligt ok saugdu sijþ<ex>a</ex>n fra
                    audrum<ex>m</ex> mon<ex>n</ex>um.</explicit>
                     <bibl>Rafn, <ref type="primary-3" target="FASNRafn">Fornaldar Sögur
                    Nordrlanda</ref>
                        <biblScope type="volume">I</biblScope>
                        <biblScope type="pages">235-299</biblScope>
                        <note>Ed. E</note>
                     </bibl>
                  </msItem>
                  <msItem n="3" class="poem">
                     <locus from="102a:5" to="107a:1">pp. 102-107</locus>
                     <title type="uniform" xml:lang="is">Krákumál</title>
                     <textLang mainLang="is">Icelandic</textLang>
                     <rubric>Krku Ml, Er Sumer Kalla Lodbrőkar qvidu</rubric>
                     <incipit>Hiuggum<ex>m</ex> ver met hiørvi <lb/> hitt var ej fÿrer
                laungu</incipit>
                     <explicit>Lijfs eru lidnar stunder <pb/> Hlæande skal ek deÿa.</explicit>
                     <listBibl>     
                        <bibl>Rafn, <ref type="primary-3" target="Krákumál1826"/>
                           <biblScope type="pages">89-152</biblScope> 
                           <note>Ed. 2</note>
                        </bibl>
                        <bibl>Rafn, <ref type="primary-3" target="FASNRafn">Fornaldar Sögur
                    Nordrlanda</ref>
                           <biblScope type="volume">I</biblScope>
                           <biblScope type="pages">300-310</biblScope>
                           <note>Ed. E</note>
                        </bibl>
                     </listBibl>
                  </msItem>
               </msContents>
               <physDesc>
                  <objectDesc form="codex">
                     <supportDesc material="chart">
                        <support>
                           <p>
                              <material>Paper</material>. </p>
                        </support>
                        <extent>54. <dimensions type="leaf" scope="all">
                              <height>287</height>
                              <width>182</width>
                           </dimensions>.</extent>
                        <foliation>
                           <p>The manuscript is paginated 1-107 in the outer top corners, and foliated 1-54
                        in red ink by <name type="person" key="KriKaa001">Kålund</name> in the top
                        margins.</p>
                        </foliation>
                        <collation>
                           <p>
                              <catchwords>Catchwords are found on every page.</catchwords>
                           </p>
                        </collation>
                     </supportDesc>
                     <layoutDesc>
                        <layout columns="1 2" writtenLines="28 33">
                           <p>The manuscript is written in long lines
                    with 28 to 30 lines per page. Krákumál on pp. <locus>102-107</locus> is written
                    in two colums.</p>
                        </layout>
                     </layoutDesc>
                  </objectDesc>
                  <handDesc hands="1">
                     <handNote scribe="PalSve01" scope="sole" script="hybrida">
                        <p>Written by Páll Sveinsson.</p>
                     </handNote>
                  </handDesc>
                  <bindingDesc>
                     <binding contemporary="false">
                        <p>The manuscript was formerly bound in a Latin liturgical book with musical
                    notation, written in Iceland in the <date notBefore="1400" notAfter="1499">fifteenth century</date>, now <ref type="ms">Access 7b, HS 34</ref>. Size
                    of the binding: <dimensions type="binding">
                              <height>295</height>
                              <width>190</width>
                              <depth>19</depth>
                           </dimensions>.</p>
                     </binding>
                  </bindingDesc>
                  <accMat>
                     <p>There are two AM-slips, (a) and (b), found in the manuscript informing about possible
                scribes of the manuscript. Slip (a) reads: <q xml:lang="is">Bryniolfr Einarsson
                    seger, ad þessa <lb/>
                           <hi rend="underline">Ragnars Saga</hi> se hverki skrifud <lb/> af <hi rend="underline">Kolbeine Han<ex>n</ex>essyne nie</hi> Ple
                    (α) <lb/> Sveinssyne. Og verd eg þ ad <lb/> corrigera þad,
                    sem eg (in registro <lb/> qvodam) hefi skrifad um hnd<lb rend="hyphenated"/>ena ä <hi rend="underline">Ragnars
                        Sgu</hi> og <hi rend="underline">Expli<lb rend="hyphenated"/>catione
                        Sigurdrïfumla</hi> i bők <lb/> þe<ex>ss</ex>e
                    er eg feck fra Þorlake <lb/> Þordarsyne; Item <hi rend="underline">Sgubokinne</hi>
                           <lb/> sem stendr in Bibliotheca Re<lb rend="hyphenated"/>Seniana pag. 259.
                    α] Sr. Gisle Alfsson helldr þő fyr<lb rend="hyphenated"/>er
                    vïst ad þetta sie hnd Pls <lb/> Sveinssonar.
                    Seger og <add place="above">ad</add> hnd Pls <lb/>
                    hafi umbreitst j þvi Ple hafi <pb/> daprast siőn, og kunni
                    þvi tvennar <lb/> hans hendur őlïkar ad vera.</q>
                     </p>
                     <p>AM-slip (b) reads: <q xml:lang="is">
                           <del rend="overstrike">Þetta</del>
                           <handShift/>
                           <add place="above">þesse Ragnars Saga</add>
                           <handShift/>er med hende Kol<lb/>beins Hanneßonar ij <lb/>
                    Flöa. <handShift/> þat <lb/> mun <lb/> ei svo <lb/> vera. <lb/> þetta
                    <lb/> mun vera hnd Päls <lb/> Sveinssonar. <lb/> Bryniolfur
                    Einarsson seger <lb/> Nei. þ<ex>ad</ex> er vist ad þ<ex>ess</ex>e <lb/> sama
                    hnd hefur skrif<lb rend="hyphenated"/>ad f<ex>yrer</ex> Sr. Þorstein
                    Bins<lb/>son. vide titul ä þan<ex>n</ex> 
                           <lb/> fragmentis folio, er
                    eg <lb/> feck af Isleife Einars<lb rend="hyphenated"/>syne, og tt
                    hafde Þora <lb/> ä Setberge. hvar ä Sup<lb rend="hyphenated"/>postitia Skilldunga <lb/> Saga.</q>
                     </p>
                  </accMat>
               </physDesc>
               <history>
                  <origin>
                     <p>Written in <origPlace>Iceland</origPlace> in the <origDate notBefore="1600" notAfter="1699">seventeenth century</origDate>.</p>
                  </origin>
               </history>
               <additional>
                  <adminInfo>
                     <recordHist>
                        <p>Catalogued <date when="2008-02-19">19 February 2008</date> by <name type="person" key="SilHuf001">Silvia Hufnagel</name>.</p>
                     </recordHist>
                     <custodialHist>
                        <custEvent type="conservation">
                           <p>The parchment binding cover was taken off and catalogued as <ref type="ms">Acc. 7b, HS 34</ref> in <date when="1911">1911</date>. Restored <date from="1981-03-09" to="1981-03-31">9-31 March 1981 by <name type="person" key="BirDal001">Birgitte Dall</name>. <date from="1997-06-09" to="1997-07-14">9 June - 14 July 1997</date> cleaned and checked by
                                <name type="person" key="MetJak001">Mette Jakobsen</name>.</date>
                           </p>
                        </custEvent>
                     </custodialHist>
                  </adminInfo>
                  <surrogates>
                     <listBibl>
                        <bibl>
                           <title type="gmd">microfilm (master)</title>
                           <idno>G neg 1</idno>s.d. <note>before restoration</note>
                        </bibl>
                        <bibl>
                           <title type="gmd">microfilm (archive)</title>
                           <idno>G pos 1</idno>s.d. </bibl>
                        <bibl>
                           <title type="gmd">microfilm (supplement)</title>
                           <idno>Neg. 590</idno>
                           <date when="1980">1980</date>
                           <note>before restoration</note>
                        </bibl>
                        <bibl>
                           <title type="gmd">microfilm (supplement)</title>
                           <idno>Pos 948</idno>
                           <date when="2006-12-18">18 December 2006</date>
                        </bibl>
                        <bibl>
                           <title type="gmd">microfilm (back-up)</title>
                           <idno>TS1</idno>
                           <date when="1998-09-28">28 September 1998</date>
                           <note>back-up of microfilm (master) G neg 1</note>
                        </bibl>
                        <bibl>
                           <title type="gmd">microfilm (back-up)</title>
                           <idno>TS 815</idno>
                           <date when="2004-07-08">8 July 2004</date>
                           <note>back-up of microfilm (suppl.) Neg 590</note>
                        </bibl>
                        <bibl>
                           <title type="gmd">b/w prints</title>
                           <idno>AM 2 fol.</idno>
                           <date when="1980-02">February 1980</date>
                           <note>before restoration</note>
                        </bibl>
                        <bibl>
                           <title type="gmd">b/w prints (supplement)</title>
                           <idno>AM 2 fol.</idno>
                           <date when="1980-11">November 1980</date>
                           <note>before restoration</note>
                        </bibl>
                        <bibl>
                           <title type="gmd">diapositives (6x6)</title>
                           <idno>Neg lomme nr. 21</idno>
                           <date when="1997-11-12">12 November 1997</date>
                           <note>portraits</note>
                        </bibl>
                        <bibl>
                           <title type="gmd">diapositives (6x6) (supplement)</title>
                           <idno>Neg lomme nr. 24</idno>
                           <date when="1997-11-17">17 November 1997</date>
                           <note>spine</note>
                        </bibl>
                     </listBibl>
                  </surrogates>
                  <listBibl>
                     <bibl>Kålund, <ref type="secondary" target="KKKat">Katalog</ref>
                        <biblScope type="volume">I</biblScope>
                        <biblScope type="pages">7</biblScope>
                     </bibl>
                     <bibl>Slay, <ref type="seconary" target="BiblArn20">On the Origin of Two Icelandic
                    Manuscripts in the Royal Library in Copenhagen</ref>
                        <biblScope type="pages">146-147</biblScope>
                     </bibl>
                  </listBibl>
               </additional>
            </msDesc>
         </sourceDesc>
      </fileDesc>
   </teiHeader>
   <facsimile>
      <surface/>
   </facsimile>
</TEI>