<?xml version="1.0" encoding="UTF-8"?>
<TEI xmlns="http://www.tei-c.org/ns/1.0">
   <teiHeader>
      <fileDesc>
         <titleStmt>
            <title>Handritaskrá Árnastofnunar</title>
         </titleStmt>
         <publicationStmt>
            <p>Tilraunaútgáfa</p>
         </publicationStmt>
         <sourceDesc>
            <msDesc xml:lang="is" xml:id="AM0268-I-III-is">
               <msIdentifier>
                  <country key="IS">Ísland</country>
                  <settlement>Reykjavík</settlement>
                  <institution>Stofnun Árna Magnússonar í íslenskum fræðum</institution>
                  <repository>Handritasvið</repository>
                  <collection>Safn Árna Magnússonar</collection>
                  <idno>AM 268 I-III 4to</idno>
                  <altIdentifier type="internal" subtype="KKKat">
                     <idno>999</idno>
                  </altIdentifier>
               </msIdentifier>
               <head>
                  <title type="supplied">Máldagabækur Hólastóls</title>
                  <origPlace>Ísland</origPlace>
                  <origDate notBefore="1690" notAfter="1710" evidence="external">s.
                     XVII/XVIII</origDate>
                  <note>Þrjár mismunandi uppskriftir bundnar saman.</note>
               </head>
               <!-- Utan um er uppskafið skinnblað með texta úr Sturlungu með hendi frá 17. öld, en bandið er annars frá lokum 19. aldar. Hver hluti hefur sérstakt blaðsíðutal og registur í lokin. Octavoseðill með hendi ritara, hugsanlega Hans Becker segir Finnur, en ólíklegt (í Levned IIbls. 155) - kannski Páll Hákonarson?:
<q>Þessa m<p n="rvk">[adac]</p>ldaga ad afhenda Monsr Þorde Þordarsyne, og hefur hann lofad mier ad continuera þeirra utskript med fyrsta er skie kann, hvert sem Papiren kiemur utanlandz fra edur ei, þ<p n="rvk">[adac]</p> verdur honum ad f<p n="rvk">[adac]</p>st af goda Papirnum þar til, hvad sem <p n="rvk">[ohal]</p>dru vid lidur, þvi mier liggur magt <p n="rvk">[adac]</p> þessum m<p n="rvk">[adac]</p>ldögum ad med fyrsta buner verda.</q>
Fyrir neðan með hendi Þórðar:
<q>hier til medteked af P<p n="rvk">[adac]</p>le 12. <p n="rvk">[ohal]</p>rk.</q>
Á handritinu er ekki rithönd Þórðar, segir Finnur.
Auðunarmáldagar 1318, máldagar Jóns biskups skalla Eiríkssonar 1360 og Pétursmáldagar 1394 eru hér skrifaðir eftir annarri tveggja uppskrifta sem Þorlákur Skúlason lét gera árin 1639 og 1645 (Íslenskt fornbréfasafn IIbls. 424; IIIbls. 155 og 510).
Árni leiðréttir á einum stað í fyrirsögn Auðunarmáldaga og breytir <q>á dögum</q> í <q>fimta ári</q> (Ibls. i). (MJ - feb. 2000) -->
               <physDesc>
                  <objectDesc form="codex">
                     <supportDesc material="chart">
                        <support>Pappír</support>
                        <extent>150 blöð ().</extent>
                     </supportDesc>
                  </objectDesc>
                  <musicNotation>
                     <p>Nótur á bókfelli í bandi.</p>
                  </musicNotation>
                  <bindingDesc>
                     <binding contemporary="unknown">
                        <p>Fest í bókfellsblað úr latneskri messusöngsbók með nótum, sem fóðrað er
                           með skrifuðum pappír.
                           <!-- <dimensions type="binding"> <height></height><width></width><depth></depth></dimensions> --></p>
                     </binding>
                     <!-- Ath. band í 2. umferð -->
                     <!-- Utan um er uppskafið skinnblað með texta úr Sturlungu með hendi frá 17. öld, en bandið er annars frá lokum 19. aldar (MJ) -->
                  </bindingDesc>
                  <accMat>
                     <p>Fastur <locus from="accMat01r" to="accMat01v">seðill</locus> (<dimensions
                           type="slip" unit="mm">
                           <height>159</height>
                           <width>98</width>
                        </dimensions>) fremst með hendi <name key="ArnMag001" type="person">Árna
                           Magnússonar</name>, með athugagreinum varðandi uppskrift eftir þessum
                        uppskriftum: <quote xml:lang="is" type="AMSlip">Þessi máldagi að afhenda
                           monsieur Þórði Þórðarsyni, og hefur hann lofað mér að continuera þeirra
                           útskrift með fyrsta er ske kann, hvert sem papiren kemur utanlands frá
                           eður ei, þá verður honum að fast af góða pappírnum þar til, hvað sem öðru
                           við líður, þá mér liggur margt á þessum máldögum að með fyrsta búnir
                           verða. Hér til meðtekið að Páli 12 örk.</quote></p>
                  </accMat>
               </physDesc>
               <history>
                  <acquisition notBefore="1973-10-18" notAfter="1973-10-18">
                     <p>Stofnun Árna Magnússonar á Íslandi tók við handritinu 18. október 1973.</p>
                  </acquisition>
               </history>
               <additional>
                  <adminInfo>
                     <recordHist>
                        <source>
                           <p>Tekið eftir <bibl>
                                 <ref target="KKKat">Katalog I</ref>
                              </bibl>, bls. 524 (nr. 999). <name key="KriKaa001" type="person"
                                 >Kålund</name> gekk frá handritinu til skráningar í <date
                                 when="1886-11">nóvember 1886.</date> <name key="DriThr001"
                                 type="person">DKÞ</name> skráði <date when="2003-08-11">11. ágúst
                                 2003</date>.</p>
                        </source>
                     </recordHist>
                  </adminInfo>
                  <surrogates>
                     <p>Svart-hvítar ljósmyndir á Det Arnamagnæanske Institut í Kaupmannahöfn.</p>
                  </surrogates>
                  <listBibl>
                     <bibl>Jón Helgason 1936, <ref target="JónHel1936a">Íslensk miðaldakvæði I.2</ref></bibl>
                     <bibl>Jón Samsonarson 1998, <ref target="JónSam1998b">Byltingarsinnað skáld í þjóðfræðaham</ref></bibl>
                  </listBibl>
               </additional>
               <msPart>
                  <altIdentifier type="other">
                     <idno>AM 268 I 4to</idno>
                  </altIdentifier>
                  <msContents>
                     <textLang mainLang="is">Íslenska</textLang>
                     <msItem class="mald">
                        <locus from="1r" to="59v">1r-59v</locus>
                        <title type="supplied">Máldagi Auðuns biskups Þorbergssonar</title>
                        <title type="supplied">Auðunarmáldagi</title>
                        <note>Skrá yfir kirkjueignir í Hólabiskupsdæmi árið <date when="1318"
                              >1318</date>, gerð að tilhlutan þáverandi biskups <name type="person"
                              >Auðuns Þorbergssonar</name>.</note>
                        <note>Uppskrift.</note>
                        <msItem class="regist">
                           <title type="supplied">Efnisyfirlit</title>
                        </msItem>
                     </msItem>
                  </msContents>
                  <physDesc>
                     <objectDesc form="codex">
                        <supportDesc material="chart">
                           <support>Pappír</support>
                           <extent>59 blöð ().</extent>
                           <foliation>
                              <p>Blaðsíðumerkt 1-118.</p>
                           </foliation>
                           <collation>
                              <p/>
                           </collation>
                           <condition>
                              <p/>
                           </condition>
                        </supportDesc>
                        <layoutDesc>
                           <layout columns="1">
                              <p><!-- <dimensions type="written" scope="all"> <height></height><width></width></dimensions> --></p>
                           </layout>
                        </layoutDesc>
                     </objectDesc>
                     <handDesc>
                        <p/>
                     </handDesc>
                     <additions>
                        <p/>
                     </additions>
                     <accMat>
                        <p/>
                     </accMat>
                  </physDesc>
                  <history>
                     <origin notBefore="1690" notAfter="1710">
                        <p>Uppskrift, tímasett til c1700 í <bibl>
                              <ref target="KKKat">Katalog I</ref>
                           </bibl>, bls. 524.</p>
                     </origin>
                     <provenance>
                        <p/>
                     </provenance>
                  </history>
                  <additional>
                     <listBibl>
                        <bibl/>
                     </listBibl>
                  </additional>
               </msPart>
               <msPart>
                  <altIdentifier type="other">
                     <idno>AM 268 II 4to</idno>
                  </altIdentifier>
                  <msContents>
                     <textLang mainLang="is">Íslenska</textLang>
                     <msItem class="mald">
                        <locus from="1r" to="19v">1r-19v</locus>
                        <!-- <locus from="60r" to="78v">60r-78v</locus> -->
                        <title type="supplied">Máldagi Jóns biskups Eiríkssonar</title>
                        <title type="parallel">Jónsmáldagi</title>
                        <note>Skrá yfir kirkjueignir í Hólabiskupsdæmi árið <date when="1360"
                              >1360</date>, gerð að tilhlutan þáverandi biskups <name type="person"
                              >Jóns Eiríkssonar</name>.</note>
                        <note>Uppskrift.</note>
                        <msItem class="regist">
                           <title type="supplied">Efnisyfirlit</title>
                        </msItem>
                     </msItem>
                  </msContents>
                  <physDesc>
                     <objectDesc form="codex">
                        <supportDesc material="chart">
                           <support>Pappír</support>
                           <extent>19 blöð ().</extent>
                           <foliation>
                              <p>Blaðsíðumerkt 1-38.</p>
                           </foliation>
                           <collation>
                              <p/>
                           </collation>
                           <condition>
                              <p/>
                           </condition>
                        </supportDesc>
                        <layoutDesc>
                           <layout columns="1">
                              <p><!-- <dimensions type="written" scope="all"> <height></height><width></width></dimensions> --></p>
                           </layout>
                        </layoutDesc>
                     </objectDesc>
                     <handDesc>
                        <p/>
                     </handDesc>
                     <additions>
                        <p/>
                     </additions>
                     <accMat>
                        <p/>
                     </accMat>
                  </physDesc>
                  <history>
                     <origin notBefore="1690" notAfter="1710">
                        <p>Uppskrift, tímasett til c1700 í <bibl>
                              <ref target="KKKat">Katalog I</ref>
                           </bibl>, bls. 524.</p>
                     </origin>
                     <provenance>
                        <p/>
                     </provenance>
                  </history>
                  <additional>
                     <listBibl>
                        <bibl/>
                     </listBibl>
                  </additional>
               </msPart>
               <msPart>
                  <altIdentifier type="other">
                     <idno>AM 268 III 4to</idno>
                  </altIdentifier>
                  <msContents>
                     <textLang mainLang="is">Íslenska</textLang>
                     <msItem class="mald">
                        <locus from="1r" to="72r">1r-72r</locus>
                        <!-- <locus from="79r" to="150v">79r-150v</locus> -->
                        <title type="supplied">Máldagi Péturs biskups Nikulássonar</title>
                        <title type="parallel">Pétursmáldagi</title>
                        <note>Skrá yfir kirkjueignir í Hólabiskupsdæmi árið <date when="1394"
                              >1394</date>, gerð að tilhlutan þáverandi biskups <name type="person"
                              >Péturs Nikulássonar</name>.</note>
                        <note>Uppskrift.</note>
                        <msItem class="regist">
                           <title type="supplied">Efnisyfirlit</title>
                        </msItem>
                        <msItem class="regist">
                           <locus from="1r" to="72r">71r-72r</locus>
                           <title type="supplied">Ýmsar athugagreinar varðandi Hólastól</title>
                           <note>Bl. 72v autt.</note>
                        </msItem>
                     </msItem>
                  </msContents>
                  <physDesc>
                     <objectDesc form="codex">
                        <supportDesc material="chart">
                           <support>Pappír</support>
                           <extent>72 blöð ().</extent>
                           <foliation>
                              <p>Blaðsíðumerkt 1-144.</p>
                           </foliation>
                           <collation>
                              <p/>
                           </collation>
                           <condition>
                              <p/>
                           </condition>
                        </supportDesc>
                        <layoutDesc>
                           <layout columns="1">
                              <p><!-- <dimensions type="written" scope="all"> <height></height><width></width></dimensions> --></p>
                           </layout>
                        </layoutDesc>
                     </objectDesc>
                     <handDesc>
                        <p/>
                     </handDesc>
                     <additions>
                        <p/>
                     </additions>
                     <accMat>
                        <p/>
                     </accMat>
                  </physDesc>
                  <history>
                     <origin notBefore="1690" notAfter="1710">
                        <p>Uppskrift, tímasett til c1700 í <bibl>
                              <ref target="KKKat">Katalog I</ref>
                           </bibl>, bls. 524.</p>
                     </origin>
                     <provenance>
                        <p/>
                     </provenance>
                  </history>
                  <additional>
                     <listBibl>
                        <bibl/>
                     </listBibl>
                  </additional>
               </msPart>
            </msDesc>
         </sourceDesc>
      </fileDesc>
      <revisionDesc>
         <change when="2008-10" who="#EriHas01">Migrated from MASTER to P5</change>
      </revisionDesc>
   </teiHeader>
   <text>
      <body>

         <p/>
      </body>
   </text>
</TEI>
