<?xml version="1.0" encoding="UTF-8"?>
<?oxygen RNGSchema="http://www.handrit.is/schema/handrit-1.0.rnc" type="compact"?><TEI xmlns="http://www.tei-c.org/ns/1.0">
   <teiHeader>
      <fileDesc>
         <titleStmt>
            <title type="main">AM 94 4to</title>
         </titleStmt>
         <publicationStmt>
            <authority>Den Arnamagnæanske Samling</authority>
            <pubPlace>København</pubPlace>
         </publicationStmt>
         <sourceDesc>
            <msDesc xml:id="AM04-0094-da" xml:lang="da">
               <msIdentifier>
                  <country>Danmark</country>
                  <settlement>København</settlement>
                  <repository>Den Arnamagnæanske Samling</repository>
                  <idno>AM 94 4to</idno>
                  <altIdentifier type="internal" subtype="KKKat">
                     <idno>747</idno>
                  </altIdentifier>
               </msIdentifier>
               <head>
                  <title type="supplied">Norsk lovhåndskrift</title>; <origPlace>Norge</origPlace>,
                     <origDate notBefore="1575" notAfter="1625" evidence="conjecture" resp="KKKat">ca. 1600</origDate>
               </head>
               <msContents>
                  <msItem n="1">
                     <locus from="1r" to="5r">1r-5r</locus>
                     <title type="supplied">Om de norske loves tilblivelse og lagdømmernes
                        inddeling</title>
                     <textLang mainLang="da">Ældre nydansk</textLang>
                  </msItem>
                  <msItem n="2">
                     <locus from="6v" to="469r">6v-469r</locus>
                     <title type="uniform">Kong Magnus lagabøters norske landslov</title>
                     <title type="parallel">Gulatingslov</title>
                     <textLang mainLang="non" otherLangs="da">Norrønt og ældre nydansk</textLang>
                     <note>På norrønt med tilføjet dansk oversættelse, på håndskriftets hhv. lige og
                        ulige sider. Med forskellige indskud og noter.</note>
                  </msItem>
                  <msItem n="3">
                     <locus from="469v" to="617r">469v-617r</locus>
                     <title type="supplied">Retterbøder, lovbestemmelser, domme o.l.</title>
                     <textLang mainLang="non" otherLangs="da">Norrønt og ældre nydansk</textLang>
                     <note>De fleste er, ligesom landsloven, på norrønt med tilføjet
                        oversættelse</note>
                  </msItem>
                  <msItem n="4">
                     <locus from="617r" to="618v">617r-618v</locus>
                     <title type="uniform">Mammatabol</title>
                  </msItem>
                  <msItem n="5">
                     <locus from="625v" to="630r">625v-630r</locus>
                     <title type="uniform">Blandinger og excerpter af andre lovbøger</title>
                  </msItem>
                  <msItem n="6">
                     <locus from="630v" to="665v">630v-665v</locus>
                     <title type="supplied">Nyere recesser</title>
                  </msItem>
               </msContents>
               <physDesc>
                  <objectDesc form="codex">
                     <supportDesc material="chart">
                        <support>
                           <p>
                              <material>Papir</material>.</p>
                        </support>
                        <extent>665. Bl. 56v-58r, 115v-117r, 204-206r, 304v-306r, 619-635r (foruden
                           adskillige enkelte sider) ubeskrevne. <dimensions type="leaf" scope="all">
                              <height>193</height>
                              <width>160</width>
                           </dimensions>.</extent>
                     </supportDesc>
                  </objectDesc>
                  <additions>Håndskriftet star i nært forhold til præsten <name type="person" key="PedFri001">Peder Claussøn Friis</name>, af hvem det ifølge Storm <bibl>
                        <ref type="secondary-1" target="NgL4">Norges gamle Love</ref>
                        <biblScope type="volume">IV</biblScope>
                        <biblScope type="pages">588-591</biblScope>
                     </bibl> er korrigeret</additions>
                  <bindingDesc>
                     <binding>
                        <p>Forgyldt rygtitel <q>NORSK. LOU-BOG. <lb/> MED. RETTE-BØDER.</q>
                        </p>
                     </binding>
                  </bindingDesc>
               </physDesc>
               <additional>
                  <listBibl>
                     <bibl>Friis: <ref type="secondary" target="FriisSmlSkrifter">Samlede
                           Skrifter</ref>
                        <biblScope type="pages">lxv</biblScope>
                     </bibl>
                     <bibl>Jón Sigurðsson <ref target="DiplIsl">Diplomatarium Islandicum</ref>
                        <biblScope type="volume">I</biblScope>
                     </bibl>
                     <bibl>Kålund: <ref type="secondary-1" target="KKKat">Katalog</ref>
                        <biblScope type="volume">I</biblScope>
                        <biblScope type="pages">402</biblScope>
                     </bibl>
                     <bibl>Storm: <ref type="secondary" target="ChrVidSkFor14">Om Haandskrifter og
                           Oversættelser af Magnus Lagaböters Love</ref>
                        <biblScope type="pages">50</biblScope>
                     </bibl>
                     <bibl>Storm: <ref type="secondary-1" target="NgL4">Norges gamle Love</ref>
                        <biblScope type="volume">IV</biblScope>
                        <biblScope type="pages">588-591</biblScope>
                     </bibl>
                  </listBibl>
               </additional>
            </msDesc>
         </sourceDesc>
      </fileDesc>
   </teiHeader>
   <facsimile>
      <surface/>
   </facsimile>
</TEI>