<?xml version="1.0" encoding="UTF-8"?>
<?oxygen RNGSchema="http://www.handrit.is/schema/handrit-1.0.rnc" type="compact"?><TEI xmlns="http://www.tei-c.org/ns/1.0">
   <teiHeader>
      <fileDesc>
         <titleStmt>
            <title type="main">AM 93 4to</title>
         </titleStmt>
         <publicationStmt>
            <authority>Den Arnamagnæanske Samling</authority>
            <pubPlace>København</pubPlace>
         </publicationStmt>
         <sourceDesc>
            <msDesc xml:id="AM04-0093-da" xml:lang="da">
               <msIdentifier>
                  <country>Danmark</country>
                  <settlement>København</settlement>
                  <repository>Den Arnamagnæanske Samling</repository>
                  <idno>AM 93 4to</idno>
                  <altIdentifier type="internal" subtype="KKKat">
                     <idno>746</idno>
                  </altIdentifier>
               </msIdentifier>
               <head>
                  <title type="supplied">Norsk lovhåndskrift</title>; <origPlace>Norge</origPlace>,
                     <origDate notBefore="1500" notAfter="1599">s. XVI</origDate>. </head>
               <msContents>
                  <msItem n="1">
                     <locus from="1r" to="125v">1r-125v</locus>
                     <title type="uniform" xml:lang="da">Kong Magnus Lagabøters Norske
                        landslov</title>
                     <textLang mainLang="da">Ældre nydansk</textLang>
                     <incipit defective="true">
                        <supplied reason="damage">Udi then hellig trefoldig</supplied>hedz
                           naff<ex>n</ex>, ſo<ex>m</ex> er g<ex>u</ex>d</incipit>
                  </msItem>
                  <msItem n="2">
                     <locus from="125v" to="138v">125v-138v</locus>
                     <title type="supplied">Retterbøder fra 1200-1400-tallet</title>
                     <textLang mainLang="da">Ældre nydansk</textLang>
                  </msItem>
                  <msItem n="3">
                     <locus from="138v" to="139v">138v-139v</locus>
                     <title type="uniform" xml:lang="da">Sager mellem kongen og biskoppen</title>
                     <textLang mainLang="da">Ældre nydansk</textLang>
                     <note>Bl. 138v ender med straffebestemmelsen for tiendes undladelse.</note>
                  </msItem>
               </msContents>
               <physDesc>
                  <objectDesc form="codex">
                     <supportDesc material="chart">
                        <support>
                           <p>
                              <material>Papir</material>.</p>
                        </support>
                        <extent>139. <dimensions type="leaf" scope="all">
                              <height>207</height>
                              <width>150</width>
                           </dimensions>.</extent>
                        <condition>
                           <p>Håndskriftet er defekt ved begyndelsen og slutningen. Af bl. 139 er
                              kun en ubetydelig stump tilbage. </p>
                        </condition>
                     </supportDesc>
                  </objectDesc>
                  <additions>Det beskadigede bl. 1 er udfyldt af <name type="person" key="ArnMag001">Arne Magnusson</name>.</additions>
               </physDesc>
               <history>
                  <acquisition>Ifølge en foran indklæbet seddel har <name type="person" key="ArnMag001">Arne Magnusson</name> fået håndskriftet år <date when="1712">1712</date> af historiografen <q>
                        <name type="person" key="ThoTor001">Thormod Torueſen</name>
                     </q>.</acquisition>
               </history>
               <additional>
                  <listBibl>
                     <bibl>Kålund: <ref type="secondary-1" target="KKKat">Katalog</ref>
                        <biblScope type="volume">I</biblScope>
                        <biblScope type="pages">401-402</biblScope>
                     </bibl>
                     <bibl>Storm: <ref type="secondary" target="ChrVidSkFor14">Om Haandskrifter og
                           Oversættelser af Magnus Lagaböters Love</ref>
                        <biblScope type="pages">24</biblScope>
                     </bibl>
                     <bibl>Storm: <ref type="secondary-1" target="NgL4">Norges gamle Love</ref>
                        <biblScope type="volume">IV</biblScope>
                        <biblScope type="pages">587-588</biblScope>
                     </bibl>
                  </listBibl>
               </additional>
            </msDesc>
         </sourceDesc>
      </fileDesc>
   </teiHeader>
   <facsimile>
      <surface/>
   </facsimile>
</TEI>