<?xml version="1.0" encoding="UTF-8"?>
<?oxygen RNGSchema="http://www.handrit.is/schema/handrit-1.0.rnc" type="compact"?><TEI xmlns="http://www.tei-c.org/ns/1.0">
   <teiHeader>
      <fileDesc>
         <titleStmt>
            <title type="main">AM 89 4to</title>
         </titleStmt>
         <publicationStmt>
            <authority>Den Arnamagnæanske Samling</authority>
            <pubPlace>København</pubPlace>
         </publicationStmt>
         <sourceDesc>
            <msDesc xml:id="AM04-0089-en" xml:lang="en">
               <msIdentifier>
                  <country>Denmark</country>
                  <settlement>København</settlement>
                  <repository>Den Arnamagnæanske Samling</repository>
                  <idno>AM 89 4to</idno>
                  <altIdentifier type="internal" subtype="KKKat">
                     <idno>742</idno>
                  </altIdentifier>
               </msIdentifier>
               <head>
                  <title type="supplied">Norwegian Law Book</title>
                  <origPlace>Norway</origPlace>
                  <origDate notBefore="1550" notAfter="1600">s. XVI 2/4</origDate>
               </head>
               <msContents>
                  <textLang mainLang="da">Danish</textLang>
               </msContents>
               <physDesc>
                  <objectDesc form="codex">
                     <supportDesc material="chart">
                        <support>Paper.</support>
                        <extent>219. 
<dimensions type="leaf" scope="all">
                              <height>200</height>
                              <width>155</width>
                           </dimensions>
                        </extent>
                     </supportDesc>
                  </objectDesc>
               </physDesc>
            </msDesc>
         </sourceDesc>
      </fileDesc>
   </teiHeader>
   <facsimile>
      <surface/>
   </facsimile>
</TEI>