<?xml version="1.0" encoding="UTF-8"?>
<?oxygen RNGSchema="http://www.handrit.is/schema/handrit-1.0.rnc" type="compact"?><TEI xmlns="http://www.tei-c.org/ns/1.0">
   <teiHeader>
      <fileDesc>
         <titleStmt>
            <title type="main">AM 95 b 4to</title>
         </titleStmt>
         <publicationStmt>
            <authority>Den Arnamagnæanske Samling</authority>
            <pubPlace>København</pubPlace>
         </publicationStmt>
         <sourceDesc>
            <msDesc xml:id="AM04-0095-b-da" xml:lang="da">
               <msIdentifier>
                  <country>Danmark</country>
                  <settlement>København</settlement>
                  <repository>Den Arnamagnæanske Samling</repository>
                  <idno>AM 95 b 4to</idno>
                  <altIdentifier type="internal" subtype="KKKat">
                     <idno>749</idno>
                  </altIdentifier>
               </msIdentifier>
               <head>
                  <title type="uniform" xml:lang="da">Kong Magnus Lagabøters norske
                  landslov</title>; <origPlace>Norge</origPlace>, <origDate notBefore="1550" notAfter="1599" evidence="conjecture" resp="KKKat">s. XVI 2/4</origDate>
               </head>
               <msContents>
                  <msItem defective="true">
                     <title type="uniform" xml:lang="da">Kong Magnus lagabøters norske
                        landslov</title>
                     <note>Fragment; brudstykke af landeværnsbalken</note>
                     <textLang mainLang="non">Norrønt</textLang>
                     <incipit defective="true">ſkolu m<ex>enn</ex> iamnat ſin
                        gera</incipit>
                     <note>Kap. 6</note>
                     <explicit defective="true">En ef einuerki er ſiukr eda
                        ſárr</explicit>
                     <note>Med forbigåelse af kap. 8</note>
                  </msItem>
               </msContents>
               <physDesc>
                  <objectDesc form="codex">
                     <supportDesc material="chart">
                        <support>
                           <p>
                              <material>Pergament</material>.</p>
                        </support>
                        <extent>7. Bl. 6v-7v ubeskrevet <dimensions type="leaf" scope="all" unit="mm">
                              <height>192</height>
                              <width>159</width>
                           </dimensions>
                        </extent>
                     </supportDesc>
                  </objectDesc>
                  <handDesc>
                     <handNote scribe="hanLoe001" scope="sole" script="unknown">
                        <p>Ifølge Storm: <bibl>
                              <ref type="secondary-1" target="NgL4">Norges gamle Love</ref>
                              <biblScope type="volume">IV</biblScope>
                              <biblScope type="pages">591-592</biblScope>
                           </bibl> er håndskriftet skrevet af <name type="person" key="HanLoe001">Hans Jakobsen Loe</name>.</p>
                     </handNote>
                  </handDesc>
               </physDesc>
               <history>
                  <origin>Håndskriftet er skrevet i <origPlace>Norge</origPlace>. <name type="person" key="KriKaa001">Kålund</name>
                     <bibl>
                        <ref type="secondary-1" target="KKKat">Katalog</ref>
                        <biblScope type="volume">I</biblScope>
                        <biblScope type="pages">403</biblScope>
                     </bibl> har dateret håndskriftet til <origDate notBefore="1550" notAfter="1599" evidence="conjecture" resp="KKKat">1500-tallets anden halvdel</origDate>, mens Storm (<bibl>
                        <ref type="secondary-1" target="NgL4">Norges gamle Love</ref>
                        <biblScope type="volume">IV</biblScope>
                        <biblScope type="pages">591-592</biblScope>
                     </bibl>) mener at det er skrevet <date notBefore="1560" notAfter="1580">ca.
                        1570</date>.</origin>
                  <provenance>En påskrift på bl. 7v
                     angiver, at håndskriftet år <date when="1618">1618</date> blev skænket af sogne-præsten i <name type="place">Mandal</name>
                     <name type="person" key="SamJor001">Samuel Jørgensen</name> til <name type="person" key="SorKnu001">Søren
                        Knudsen</name> på <name type="place">Fuskeland</name>
                  </provenance>
               </history>
               <additional>
                  <listBibl>
                     <bibl>Kålund: <ref type="secondary-1" target="KKKat">Katalog</ref>
                        <biblScope type="volume">I</biblScope>
                        <biblScope type="pages">403</biblScope>
                     </bibl>
                     <bibl>Storm: <ref type="secondary" target="ChrVidSkFor14">Om Haandskrifter og
                           Oversættelser af Magnus Lagaböters Love</ref>
                        <biblScope type="pages">24</biblScope>
                     </bibl>
                     <bibl>Storm: <ref type="secondary-1" target="NgL4">Norges gamle Love</ref>
                        <biblScope type="volume">IV</biblScope>
                        <biblScope type="pages">591-592</biblScope>
                     </bibl>
                  </listBibl>
               </additional>
            </msDesc>
         </sourceDesc>
      </fileDesc>
   </teiHeader>
   <facsimile>
      <surface/>
   </facsimile>
</TEI>