<?xml version="1.0" encoding="UTF-8"?>
<?oxygen RNGSchema="http://www.handrit.is/schema/handrit-1.0.rnc" type="compact"?><TEI xmlns="http://www.tei-c.org/ns/1.0">
   <teiHeader>
      <fileDesc>
         <titleStmt>
            <title type="main">AM 95 a 4to</title>
         </titleStmt>
         <publicationStmt>
            <authority>Den Arnamagnæanske Samling</authority>
            <pubPlace>København</pubPlace>
         </publicationStmt>
         <sourceDesc>
            <msDesc xml:id="AM04-0095-a-da" xml:lang="da">
               <msIdentifier>
                  <country>Danmark</country>
                  <settlement>København</settlement>
                  <repository>Den Arnamagnæanske Samling</repository>
                  <idno>AM 95 a 4to</idno>
                  <altIdentifier type="internal" subtype="KKKat">
                     <idno>748</idno>
                  </altIdentifier>
               </msIdentifier>
               <head>
                  <title type="uniform" xml:lang="da">Kong Magnus lagabøters Norske
                     landslov</title>, <origPlace>Norge</origPlace>; <origDate notBefore="1575" notAfter="1627" evidence="conjecture" resp="KKKat">ca. 1600</origDate>
               </head>
               <msContents>
                  <msItem>
                     <title type="uniform" xml:lang="da">Kong Magnus lagabøters Norske
                        landslov</title>
                     <note>Med forudgående register; nyere fortale. Standser i tyvebalken.</note>
                     <textLang mainLang="da">Ældre nydansk</textLang>
                  </msItem>
               </msContents>
               <physDesc>
                  <objectDesc form="codex">
                     <supportDesc material="chart">
                        <support>
                           <p>
                              <material>Papir</material>.</p>
                        </support>
                        <extent>107. <dimensions type="leaf" scope="all">
                              <height>210</height>
                              <width>165</width>
                           </dimensions>.</extent>
                        <condition>Bl. 1-8 er stærkt beskadigede. Defekter mod
                           slutningen.</condition>
                     </supportDesc>
                  </objectDesc>
               </physDesc>
               <additional>
                  <listBibl>
                     <bibl>Kålund: <ref type="secondary-1" target="KKKat">Katalog</ref>
                        <biblScope type="volume">I</biblScope>
                        <biblScope type="pages">402</biblScope>
                     </bibl>
                     <bibl>Storm: <ref type="secondary" target="ChrVidSkFor14">Om Haandskrifter og
                           Oversættelser af Magnus Lagaböters Love</ref>
                        <biblScope type="pages">24</biblScope>
                     </bibl>
                     <bibl>Storm: <ref type="secondary-1" target="NgL4">Norges gamle Love</ref>
                        <biblScope type="volume">IV</biblScope>
                        <biblScope type="pages">591</biblScope>
                     </bibl>
                  </listBibl>
               </additional>
            </msDesc>
         </sourceDesc>
      </fileDesc>
   </teiHeader>
   <facsimile>
      <surface/>
   </facsimile>
</TEI>