<?xml version="1.0" encoding="UTF-8"?><?oxygen RNGSchema="http://www.handrit.is/schema/handrit-1.0.rnc" type="compact"?><TEI xmlns="http://www.tei-c.org/ns/1.0">
   <teiHeader>
      <fileDesc>
         <titleStmt>
            <title type="main">AM 88 8vo</title>
         </titleStmt>
         <publicationStmt>
            <authority>Den Arnamagnæanske Samling</authority>
            <pubPlace>København</pubPlace>
         </publicationStmt>
         <sourceDesc>
            <msDesc xml:lang="da" xml:id="AM08-088-da">
               <msIdentifier>
                  <country>Danmark</country>
                  <settlement>København</settlement>
                  <repository>Den Arnamagnæanske Samling</repository>
                  <idno>AM 88 8vo</idno>
                  <altIdentifier type="internal" subtype="KKKat">
                     <idno>2291</idno>
                  </altIdentifier>
               </msIdentifier>
               <head>
                  <title type="supplied">Religiøst værk</title>; <origPlace>Island</origPlace>,
                     <origDate notBefore="1575" notAfter="1625" evidence="conjecture" resp="KKKat">ca. 1600</origDate>.
               </head>
               <physDesc>
                  <objectDesc form="codex">
                     <supportDesc material="chart">
                        <support>
                           <p>
                              <material>Papir</material>.</p>
                        </support>
                        <extent>178. Indersiden af titelbladet (bl. 1) er overtrukket med trykt papir. <dimensions type="leaf" scope="all">
                              <height>158</height>
                              <width>97</width>
                           </dimensions>.</extent>
                  <collation>Sammensat
                     af to oprindelig forskellige dele.</collation>
                     </supportDesc>
                     </objectDesc>
                  <bindingDesc>
                     <binding contemporary="false">
                        <p>Oprindelig indbundet i et blad af et tospaltet latinsk <term>Lectionarium
                              Brevarii</term>, nu overført til <ref type="ms">Access. 7c, Hs 85</ref>.</p>
                     </binding>
                  </bindingDesc>
               </physDesc>
               <additional>
                  <listBibl>
                     <bibl>Kålund: <ref type="secondary" target="KKKat">Katalog</ref>
                        <biblScope type="volume">II</biblScope>
                        <biblScope type="pages">385</biblScope>
                     </bibl>
                  </listBibl>
               </additional>
               <msPart n="1">
                  <altIdentifier type="partial">
                     <idno>AM 88 I 8vo</idno>
                  </altIdentifier>
                  <msContents>
                     <msItem>
                        <locus from="1" to="90">1-90</locus>
                        <author key="MarLut001">Martin Luther</author>
                        <textLang mainLang="is">Islandsk</textLang>
                        <rubric>Christeligrar truar høffud <lb/> greiner</rubric>
                        <note>Islandsk gengivelse af <q>Den Christelige Trois Hoffuet Artickle</q> (<title type="uniform">Den lutherske
                           trosbekendelse</title>), fordansket af <name type="person" key="HanMog001">Hans Mogenssøn</name>, <name type="place"
                              key="Copen01">København</name> <date when="1578">1578</date></note>
                        <explicit defective="true">&#x17F;æng<ex>ur</ex>
                           <lb/> hora</explicit>
                     </msItem>
                  </msContents>
               </msPart>
               <msPart n="2">
                  <altIdentifier type="partial">
                     <idno>AM 88 II 8vo</idno>
                  </altIdentifier>
                  <msContents>
                     <msItem defective="true">
                        <locus from="91" to="178">91-178</locus>
                        <title type="supplied">Andlegar hugleiðingar</title>
                        <textLang mainLang="is" otherLangs="la">Islandsk og latin</textLang>
                        <note>Adskillige latinske citater; begynder og ender defekt.</note>
                     </msItem>
                  </msContents>
               </msPart>
            </msDesc>
         </sourceDesc>
      </fileDesc>
   </teiHeader>
   <facsimile>
      <surface/>
   </facsimile>
</TEI>
