<?xml version="1.0" encoding="UTF-8"?>
<?oxygen RNGSchema="http://www.handrit.is/schema/handrit-1.0.rnc" type="compact"?>
<TEI xmlns="http://www.tei-c.org/ns/1.0">
    <teiHeader>
        <fileDesc>
            <titleStmt>
                <title type="main">AM 90 8vo</title>
            </titleStmt>
            <publicationStmt>
                <authority>Den Arnamagnæanske Samling</authority>
                <pubPlace>København</pubPlace>
            </publicationStmt>
            <sourceDesc>
                <msDesc xml:id="AM08-0090-da" xml:lang="da">
                    <msIdentifier>
                        <country>Danmark</country>
                        <settlement>København</settlement>
                        <repository>Den Arnamagnæanske Samling</repository>
                        <idno>AM 90 8vo</idno>
                        <altIdentifier type="internal" subtype="KKKat">
                            <idno>2293</idno>
                        </altIdentifier>
                    </msIdentifier>
                    <head>
                        <title type="supplied">Islandsk kalendarium og religiøse tekster</title>;
                            <origPlace>Island</origPlace>, <origDate notBefore="1575" notAfter="1625" evidence="conjecture" resp="KKKat">ca. 1600</origDate>
                        <note/>
                    </head>
                    <msContents>
                        <msItem n="1" defective="true">
                            <locus from="4r" facs="#AM08-0090-0004r" to="10v">4r-10v</locus>
                            <title type="supplied">Islandsk kalendarium</title>
                            <title type="uniform" xml:lang="is">Rímtal</title>
                            <textLang mainLang="is">Islandsk</textLang>
                            <note>Med forskellige historiske og komputistiske noter; månederne
                                november og december mangler.</note>
                        </msItem>
                        <msItem n="2" defective="true">
                            <locus from="11" facs="#AM08-0090-0011r" to="26v">11-26v</locus>
                            <title type="uniform">Spurningar og andsvör út af fræðunum</title>
                            <textLang mainLang="is">Islandsk</textLang>
                            <note>En dialogisk afhandling om katekismen, de ti bud, sakramenterne
                                osv. (evangelisk). Begynder defekt.</note>
                        </msItem>
                        <msItem n="3" defective="true">
                            <locus from="26v" facs="#AM08-0090-0026v" to="34">26v-34</locus>
                            <rubric>Dialogvs edvr ſamtal ami<lb/>llvm dioflſins
                                og idrande man<ex>n</ex>s</rubric>
                            <textLang mainLang="is">Islandsk</textLang>
                            <note>Ender defekt.</note>
                        </msItem>
                    </msContents>
                    <physDesc>
                        <objectDesc form="codex">
                            <supportDesc material="perg">
                                <support>
                                    <p>
                                        <material>Pergament</material>. Håndskriftet er en
                                        palimpsest; der er stadig spor af ældre skrift.</p>
                                </support>
                                <extent>34. <dimensions type="leaf" scope="all">
                                        <height>156</height>
                                        <width>107</width>
                                    </dimensions>
                                </extent>
                                <condition>Håndskriftet er defekt, og pergamentet har huller og
                                    rifter.</condition>
                            </supportDesc>
                        </objectDesc>
                        <bindingDesc>
                            <binding notBefore="1894" notAfter="1913" contemporary="false">
                                <p>Håndskriftet er indbundet i et halvbind med pergamentryg og
                                    marmoreret papirbetræk.</p>
                            </binding>
                            <binding notBefore="1590" notAfter="1700" contemporary="unknown">
                                <p>Oprindelig indbundet i et omslag af udgarvet skind. De
                                    oprindelige smudsblade (bl. 1-2), som er taget fra et katolsk
                                    liturgisk håndskrift fra <date notBefore="1400" notAfter="1499">1400-tallet</date>, er nu også adskilt fra håndskriftet.</p>
                            </binding>
                        </bindingDesc>
                        <accMat>
                            <p>Der er en AM-seddel, skrevet af <name type="person" key="ArnMag001">Arne Magnusson</name>: <q xml:lang="is">Þetta true eg ad eg
                                    feinge af <name type="person" key="EggSna001">Eggert Snæbiorns
                                        ſyne</name>
                                    <date when="1710">1710</date>
                        </q>.</p>
                        </accMat>
                    </physDesc>
                    <history>
                        <origin>
                            <p>Skrevet i <origPlace>Island</origPlace>
                                <origDate notBefore="1575" notAfter="1625" evidence="conjecture" resp="KKKat">ca. 1600.</origDate>
                     </p>
                        </origin>
                        <acquisition>
                            <p>Ifølge AM-sedlen tror <name type="person" key="ArnMag001">Arne
                                    Magnússon</name>, at han fik håndskriftet af <name type="person" key="EggSna001">Eggert Snæbjörnsson</name> i <date when="1710">1710</date>.</p>
                        </acquisition>
                    </history>
                    <additional>
                        <adminInfo>
                            <recordHist>
                                <source>
                                    <p>Katalogiseret <date when="2002-01-08">8. januar 2002</date>
                                        af <name type="person" key="EvaWed001">EW-J</name>.</p>
                                </source>
                            </recordHist>
                        </adminInfo>
                        <listBibl>
                            <bibl>Kålund: <ref type="secondary" target="KKKat">Katalog</ref>
                                <biblScope type="volume">II</biblScope>
                                <biblScope type="pages">386</biblScope>
                            </bibl>
                        </listBibl>
                    </additional>
                </msDesc>
            </sourceDesc>
        </fileDesc>
    </teiHeader>
	<facsimile xml:base="https://myndir.handrit.is/file/Handrit.is/">
		<surface xml:id="AM08-0090-0001v-FFl" n="0">
			<desc>0001v-FFl</desc>
			<graphic mimeType="pdf" url="AM%2090%208vo/0/HIGH_QUALITY_DISPLAY"/>
			<graphic mimeType="jpg" url="AM%2090%208vo/0/THUMBNAIL" width="200px" height="256px"/>
			<graphic mimeType="jpg" url="AM%2090%208vo/0/SECONDARY_DISPLAY" width="3112px" height="3980px"/>
			<graphic mimeType="pdf" url="AM%2090%208vo/0/WEB_DISPLAY"/>
		</surface>
		<surface xml:id="AM08-0090-accMat01r" n="1">
			<desc>accMat01r</desc>
			<graphic mimeType="pdf" url="AM%2090%208vo/1/HIGH_QUALITY_DISPLAY"/>
			<graphic mimeType="jpg" url="AM%2090%208vo/1/THUMBNAIL" width="200px" height="278px"/>
			<graphic mimeType="jpg" url="AM%2090%208vo/1/SECONDARY_DISPLAY" width="2732px" height="3796px"/>
			<graphic mimeType="pdf" url="AM%2090%208vo/1/WEB_DISPLAY"/>
		</surface>
		<surface xml:id="AM08-0090-0001r" n="2">
			<desc>0001r</desc>
			<graphic mimeType="pdf" url="AM%2090%208vo/2/HIGH_QUALITY_DISPLAY"/>
			<graphic mimeType="jpg" url="AM%2090%208vo/2/THUMBNAIL" width="200px" height="293px"/>
			<graphic mimeType="jpg" url="AM%2090%208vo/2/SECONDARY_DISPLAY" width="2777px" height="4070px"/>
			<graphic mimeType="pdf" url="AM%2090%208vo/2/WEB_DISPLAY"/>
		</surface>
		<surface xml:id="AM08-0090-0001v" n="3">
			<desc>0001v</desc>
			<graphic mimeType="pdf" url="AM%2090%208vo/3/HIGH_QUALITY_DISPLAY"/>
			<graphic mimeType="jpg" url="AM%2090%208vo/3/THUMBNAIL" width="200px" height="294px"/>
			<graphic mimeType="jpg" url="AM%2090%208vo/3/SECONDARY_DISPLAY" width="2738px" height="4026px"/>
			<graphic mimeType="pdf" url="AM%2090%208vo/3/WEB_DISPLAY"/>
		</surface>
		<surface xml:id="AM08-0090-0003r" n="4">
			<desc>0003r</desc>
			<graphic mimeType="pdf" url="AM%2090%208vo/4/HIGH_QUALITY_DISPLAY"/>
			<graphic mimeType="jpg" url="AM%2090%208vo/4/THUMBNAIL" width="200px" height="276px"/>
			<graphic mimeType="jpg" url="AM%2090%208vo/4/SECONDARY_DISPLAY" width="2764px" height="3808px"/>
			<graphic mimeType="pdf" url="AM%2090%208vo/4/WEB_DISPLAY"/>
		</surface>
		<surface xml:id="AM08-0090-0003v" n="5">
			<desc>0003v</desc>
			<graphic mimeType="pdf" url="AM%2090%208vo/5/HIGH_QUALITY_DISPLAY"/>
			<graphic mimeType="jpg" url="AM%2090%208vo/5/THUMBNAIL" width="200px" height="288px"/>
			<graphic mimeType="jpg" url="AM%2090%208vo/5/SECONDARY_DISPLAY" width="2700px" height="3884px"/>
			<graphic mimeType="pdf" url="AM%2090%208vo/5/WEB_DISPLAY"/>
		</surface>
		<surface xml:id="AM08-0090-0004r" n="6">
			<desc>0004r</desc>
			<graphic mimeType="pdf" url="AM%2090%208vo/6/HIGH_QUALITY_DISPLAY"/>
			<graphic mimeType="jpg" url="AM%2090%208vo/6/THUMBNAIL" width="200px" height="266px"/>
			<graphic mimeType="jpg" url="AM%2090%208vo/6/SECONDARY_DISPLAY" width="2868px" height="3812px"/>
			<graphic mimeType="pdf" url="AM%2090%208vo/6/WEB_DISPLAY"/>
		</surface>
		<surface xml:id="AM08-0090-0004v" n="7">
			<desc>0004v</desc>
			<graphic mimeType="pdf" url="AM%2090%208vo/7/HIGH_QUALITY_DISPLAY"/>
			<graphic mimeType="jpg" url="AM%2090%208vo/7/THUMBNAIL" width="200px" height="278px"/>
			<graphic mimeType="jpg" url="AM%2090%208vo/7/SECONDARY_DISPLAY" width="2716px" height="3772px"/>
			<graphic mimeType="pdf" url="AM%2090%208vo/7/WEB_DISPLAY"/>
		</surface>
		<surface xml:id="AM08-0090-0005r" n="8">
			<desc>0005r</desc>
			<graphic mimeType="pdf" url="AM%2090%208vo/8/HIGH_QUALITY_DISPLAY"/>
			<graphic mimeType="jpg" url="AM%2090%208vo/8/THUMBNAIL" width="200px" height="275px"/>
			<graphic mimeType="jpg" url="AM%2090%208vo/8/SECONDARY_DISPLAY" width="2792px" height="3836px"/>
			<graphic mimeType="pdf" url="AM%2090%208vo/8/WEB_DISPLAY"/>
		</surface>
		<surface xml:id="AM08-0090-0005v" n="9">
			<desc>0005v</desc>
			<graphic mimeType="pdf" url="AM%2090%208vo/9/HIGH_QUALITY_DISPLAY"/>
			<graphic mimeType="jpg" url="AM%2090%208vo/9/THUMBNAIL" width="200px" height="283px"/>
			<graphic mimeType="jpg" url="AM%2090%208vo/9/SECONDARY_DISPLAY" width="2700px" height="3820px"/>
			<graphic mimeType="pdf" url="AM%2090%208vo/9/WEB_DISPLAY"/>
		</surface>
		<surface xml:id="AM08-0090-0006r" n="10">
			<desc>0006r</desc>
			<graphic mimeType="pdf" url="AM%2090%208vo/10/HIGH_QUALITY_DISPLAY"/>
			<graphic mimeType="jpg" url="AM%2090%208vo/10/THUMBNAIL" width="200px" height="282px"/>
			<graphic mimeType="jpg" url="AM%2090%208vo/10/SECONDARY_DISPLAY" width="2740px" height="3864px"/>
			<graphic mimeType="pdf" url="AM%2090%208vo/10/WEB_DISPLAY"/>
		</surface>
		<surface xml:id="AM08-0090-0006v" n="11">
			<desc>0006v</desc>
			<graphic mimeType="pdf" url="AM%2090%208vo/11/HIGH_QUALITY_DISPLAY"/>
			<graphic mimeType="jpg" url="AM%2090%208vo/11/THUMBNAIL" width="200px" height="286px"/>
			<graphic mimeType="jpg" url="AM%2090%208vo/11/SECONDARY_DISPLAY" width="2700px" height="3864px"/>
			<graphic mimeType="pdf" url="AM%2090%208vo/11/WEB_DISPLAY"/>
		</surface>
		<surface xml:id="AM08-0090-0007r" n="12">
			<desc>0007r</desc>
			<graphic mimeType="pdf" url="AM%2090%208vo/12/HIGH_QUALITY_DISPLAY"/>
			<graphic mimeType="jpg" url="AM%2090%208vo/12/THUMBNAIL" width="200px" height="280px"/>
			<graphic mimeType="jpg" url="AM%2090%208vo/12/SECONDARY_DISPLAY" width="2748px" height="3848px"/>
			<graphic mimeType="pdf" url="AM%2090%208vo/12/WEB_DISPLAY"/>
		</surface>
		<surface xml:id="AM08-0090-0007v" n="13">
			<desc>0007v</desc>
			<graphic mimeType="pdf" url="AM%2090%208vo/13/HIGH_QUALITY_DISPLAY"/>
			<graphic mimeType="jpg" url="AM%2090%208vo/13/THUMBNAIL" width="200px" height="285px"/>
			<graphic mimeType="jpg" url="AM%2090%208vo/13/SECONDARY_DISPLAY" width="2700px" height="3852px"/>
			<graphic mimeType="pdf" url="AM%2090%208vo/13/WEB_DISPLAY"/>
		</surface>
		<surface xml:id="AM08-0090-0008r" n="14">
			<desc>0008r</desc>
			<graphic mimeType="pdf" url="AM%2090%208vo/14/HIGH_QUALITY_DISPLAY"/>
			<graphic mimeType="jpg" url="AM%2090%208vo/14/THUMBNAIL" width="200px" height="277px"/>
			<graphic mimeType="jpg" url="AM%2090%208vo/14/SECONDARY_DISPLAY" width="2760px" height="3824px"/>
			<graphic mimeType="pdf" url="AM%2090%208vo/14/WEB_DISPLAY"/>
		</surface>
		<surface xml:id="AM08-0090-0008v" n="15">
			<desc>0008v</desc>
			<graphic mimeType="pdf" url="AM%2090%208vo/15/HIGH_QUALITY_DISPLAY"/>
			<graphic mimeType="jpg" url="AM%2090%208vo/15/THUMBNAIL" width="200px" height="285px"/>
			<graphic mimeType="jpg" url="AM%2090%208vo/15/SECONDARY_DISPLAY" width="2700px" height="3848px"/>
			<graphic mimeType="pdf" url="AM%2090%208vo/15/WEB_DISPLAY"/>
		</surface>
		<surface xml:id="AM08-0090-0009r" n="16">
			<desc>0009r</desc>
			<graphic mimeType="pdf" url="AM%2090%208vo/16/HIGH_QUALITY_DISPLAY"/>
			<graphic mimeType="jpg" url="AM%2090%208vo/16/THUMBNAIL" width="200px" height="290px"/>
			<graphic mimeType="jpg" url="AM%2090%208vo/16/SECONDARY_DISPLAY" width="2664px" height="3864px"/>
			<graphic mimeType="pdf" url="AM%2090%208vo/16/WEB_DISPLAY"/>
		</surface>
		<surface xml:id="AM08-0090-0009v" n="17">
			<desc>0009v</desc>
			<graphic mimeType="pdf" url="AM%2090%208vo/17/HIGH_QUALITY_DISPLAY"/>
			<graphic mimeType="jpg" url="AM%2090%208vo/17/THUMBNAIL" width="200px" height="282px"/>
			<graphic mimeType="jpg" url="AM%2090%208vo/17/SECONDARY_DISPLAY" width="2700px" height="3812px"/>
			<graphic mimeType="pdf" url="AM%2090%208vo/17/WEB_DISPLAY"/>
		</surface>
		<surface xml:id="AM08-0090-0010r" n="18">
			<desc>0010r</desc>
			<graphic mimeType="pdf" url="AM%2090%208vo/18/HIGH_QUALITY_DISPLAY"/>
			<graphic mimeType="jpg" url="AM%2090%208vo/18/THUMBNAIL" width="200px" height="278px"/>
			<graphic mimeType="jpg" url="AM%2090%208vo/18/SECONDARY_DISPLAY" width="2764px" height="3836px"/>
			<graphic mimeType="pdf" url="AM%2090%208vo/18/WEB_DISPLAY"/>
		</surface>
		<surface xml:id="AM08-0090-0010v" n="19">
			<desc>0010v</desc>
			<graphic mimeType="pdf" url="AM%2090%208vo/19/HIGH_QUALITY_DISPLAY"/>
			<graphic mimeType="jpg" url="AM%2090%208vo/19/THUMBNAIL" width="200px" height="278px"/>
			<graphic mimeType="jpg" url="AM%2090%208vo/19/SECONDARY_DISPLAY" width="2700px" height="3752px"/>
			<graphic mimeType="pdf" url="AM%2090%208vo/19/WEB_DISPLAY"/>
		</surface>
		<surface xml:id="AM08-0090-0011r" n="20">
			<desc>0011r</desc>
			<graphic mimeType="pdf" url="AM%2090%208vo/20/HIGH_QUALITY_DISPLAY"/>
			<graphic mimeType="jpg" url="AM%2090%208vo/20/THUMBNAIL" width="200px" height="268px"/>
			<graphic mimeType="jpg" url="AM%2090%208vo/20/SECONDARY_DISPLAY" width="2932px" height="3924px"/>
			<graphic mimeType="pdf" url="AM%2090%208vo/20/WEB_DISPLAY"/>
		</surface>
		<surface xml:id="AM08-0090-0011v" n="21">
			<desc>0011v</desc>
			<graphic mimeType="pdf" url="AM%2090%208vo/21/HIGH_QUALITY_DISPLAY"/>
			<graphic mimeType="jpg" url="AM%2090%208vo/21/THUMBNAIL" width="200px" height="288px"/>
			<graphic mimeType="jpg" url="AM%2090%208vo/21/SECONDARY_DISPLAY" width="2700px" height="3884px"/>
			<graphic mimeType="pdf" url="AM%2090%208vo/21/WEB_DISPLAY"/>
		</surface>
		<surface xml:id="AM08-0090-0012r" n="22">
			<desc>0012r</desc>
			<graphic mimeType="pdf" url="AM%2090%208vo/22/HIGH_QUALITY_DISPLAY"/>
			<graphic mimeType="jpg" url="AM%2090%208vo/22/THUMBNAIL" width="200px" height="269px"/>
			<graphic mimeType="jpg" url="AM%2090%208vo/22/SECONDARY_DISPLAY" width="2844px" height="3820px"/>
			<graphic mimeType="pdf" url="AM%2090%208vo/22/WEB_DISPLAY"/>
		</surface>
		<surface xml:id="AM08-0090-0012v" n="23">
			<desc>0012v</desc>
			<graphic mimeType="pdf" url="AM%2090%208vo/23/HIGH_QUALITY_DISPLAY"/>
			<graphic mimeType="jpg" url="AM%2090%208vo/23/THUMBNAIL" width="200px" height="274px"/>
			<graphic mimeType="jpg" url="AM%2090%208vo/23/SECONDARY_DISPLAY" width="2756px" height="3776px"/>
			<graphic mimeType="pdf" url="AM%2090%208vo/23/WEB_DISPLAY"/>
		</surface>
		<surface xml:id="AM08-0090-0013r" n="24">
			<desc>0013r</desc>
			<graphic mimeType="pdf" url="AM%2090%208vo/24/HIGH_QUALITY_DISPLAY"/>
			<graphic mimeType="jpg" url="AM%2090%208vo/24/THUMBNAIL" width="200px" height="252px"/>
			<graphic mimeType="jpg" url="AM%2090%208vo/24/SECONDARY_DISPLAY" width="3004px" height="3784px"/>
			<graphic mimeType="pdf" url="AM%2090%208vo/24/WEB_DISPLAY"/>
		</surface>
		<surface xml:id="AM08-0090-0013v" n="25">
			<desc>0013v</desc>
			<graphic mimeType="pdf" url="AM%2090%208vo/25/HIGH_QUALITY_DISPLAY"/>
			<graphic mimeType="jpg" url="AM%2090%208vo/25/THUMBNAIL" width="200px" height="268px"/>
			<graphic mimeType="jpg" url="AM%2090%208vo/25/SECONDARY_DISPLAY" width="2828px" height="3796px"/>
			<graphic mimeType="pdf" url="AM%2090%208vo/25/WEB_DISPLAY"/>
		</surface>
		<surface xml:id="AM08-0090-0014r" n="26">
			<desc>0014r</desc>
			<graphic mimeType="pdf" url="AM%2090%208vo/26/HIGH_QUALITY_DISPLAY"/>
			<graphic mimeType="jpg" url="AM%2090%208vo/26/THUMBNAIL" width="200px" height="262px"/>
			<graphic mimeType="jpg" url="AM%2090%208vo/26/SECONDARY_DISPLAY" width="3004px" height="3936px"/>
			<graphic mimeType="pdf" url="AM%2090%208vo/26/WEB_DISPLAY"/>
		</surface>
		<surface xml:id="AM08-0090-0014v" n="27">
			<desc>0014v</desc>
			<graphic mimeType="pdf" url="AM%2090%208vo/27/HIGH_QUALITY_DISPLAY"/>
			<graphic mimeType="jpg" url="AM%2090%208vo/27/THUMBNAIL" width="200px" height="280px"/>
			<graphic mimeType="jpg" url="AM%2090%208vo/27/SECONDARY_DISPLAY" width="2784px" height="3904px"/>
			<graphic mimeType="pdf" url="AM%2090%208vo/27/WEB_DISPLAY"/>
		</surface>
		<surface xml:id="AM08-0090-0015r" n="28">
			<desc>0015r</desc>
			<graphic mimeType="pdf" url="AM%2090%208vo/28/HIGH_QUALITY_DISPLAY"/>
			<graphic mimeType="jpg" url="AM%2090%208vo/28/THUMBNAIL" width="200px" height="265px"/>
			<graphic mimeType="jpg" url="AM%2090%208vo/28/SECONDARY_DISPLAY" width="3004px" height="3972px"/>
			<graphic mimeType="pdf" url="AM%2090%208vo/28/WEB_DISPLAY"/>
		</surface>
		<surface xml:id="AM08-0090-0015v" n="29">
			<desc>0015v</desc>
			<graphic mimeType="pdf" url="AM%2090%208vo/29/HIGH_QUALITY_DISPLAY"/>
			<graphic mimeType="jpg" url="AM%2090%208vo/29/THUMBNAIL" width="200px" height="271px"/>
			<graphic mimeType="jpg" url="AM%2090%208vo/29/SECONDARY_DISPLAY" width="2884px" height="3904px"/>
			<graphic mimeType="pdf" url="AM%2090%208vo/29/WEB_DISPLAY"/>
		</surface>
		<surface xml:id="AM08-0090-0016r" n="30">
			<desc>0016r</desc>
			<graphic mimeType="pdf" url="AM%2090%208vo/30/HIGH_QUALITY_DISPLAY"/>
			<graphic mimeType="jpg" url="AM%2090%208vo/30/THUMBNAIL" width="200px" height="259px"/>
			<graphic mimeType="jpg" url="AM%2090%208vo/30/SECONDARY_DISPLAY" width="3004px" height="3896px"/>
			<graphic mimeType="pdf" url="AM%2090%208vo/30/WEB_DISPLAY"/>
		</surface>
		<surface xml:id="AM08-0090-0016v" n="31">
			<desc>0016v</desc>
			<graphic mimeType="pdf" url="AM%2090%208vo/31/HIGH_QUALITY_DISPLAY"/>
			<graphic mimeType="jpg" url="AM%2090%208vo/31/THUMBNAIL" width="200px" height="269px"/>
			<graphic mimeType="jpg" url="AM%2090%208vo/31/SECONDARY_DISPLAY" width="2784px" height="3748px"/>
			<graphic mimeType="pdf" url="AM%2090%208vo/31/WEB_DISPLAY"/>
		</surface>
		<surface xml:id="AM08-0090-0017r" n="32">
			<desc>0017r</desc>
			<graphic mimeType="pdf" url="AM%2090%208vo/32/HIGH_QUALITY_DISPLAY"/>
			<graphic mimeType="jpg" url="AM%2090%208vo/32/THUMBNAIL" width="200px" height="280px"/>
			<graphic mimeType="jpg" url="AM%2090%208vo/32/SECONDARY_DISPLAY" width="2764px" height="3864px"/>
			<graphic mimeType="pdf" url="AM%2090%208vo/32/WEB_DISPLAY"/>
		</surface>
		<surface xml:id="AM08-0090-0017v" n="33">
			<desc>0017v</desc>
			<graphic mimeType="pdf" url="AM%2090%208vo/33/HIGH_QUALITY_DISPLAY"/>
			<graphic mimeType="jpg" url="AM%2090%208vo/33/THUMBNAIL" width="200px" height="273px"/>
			<graphic mimeType="jpg" url="AM%2090%208vo/33/SECONDARY_DISPLAY" width="2784px" height="3808px"/>
			<graphic mimeType="pdf" url="AM%2090%208vo/33/WEB_DISPLAY"/>
		</surface>
		<surface xml:id="AM08-0090-0018r" n="34">
			<desc>0018r</desc>
			<graphic mimeType="pdf" url="AM%2090%208vo/34/HIGH_QUALITY_DISPLAY"/>
			<graphic mimeType="jpg" url="AM%2090%208vo/34/THUMBNAIL" width="200px" height="283px"/>
			<graphic mimeType="jpg" url="AM%2090%208vo/34/SECONDARY_DISPLAY" width="2776px" height="3924px"/>
			<graphic mimeType="pdf" url="AM%2090%208vo/34/WEB_DISPLAY"/>
		</surface>
		<surface xml:id="AM08-0090-0018v" n="35">
			<desc>0018v</desc>
			<graphic mimeType="pdf" url="AM%2090%208vo/35/HIGH_QUALITY_DISPLAY"/>
			<graphic mimeType="jpg" url="AM%2090%208vo/35/THUMBNAIL" width="200px" height="277px"/>
			<graphic mimeType="jpg" url="AM%2090%208vo/35/SECONDARY_DISPLAY" width="2784px" height="3856px"/>
			<graphic mimeType="pdf" url="AM%2090%208vo/35/WEB_DISPLAY"/>
		</surface>
		<surface xml:id="AM08-0090-0019r" n="36">
			<desc>0019r</desc>
			<graphic mimeType="pdf" url="AM%2090%208vo/36/HIGH_QUALITY_DISPLAY"/>
			<graphic mimeType="jpg" url="AM%2090%208vo/36/THUMBNAIL" width="200px" height="280px"/>
			<graphic mimeType="jpg" url="AM%2090%208vo/36/SECONDARY_DISPLAY" width="2796px" height="3920px"/>
			<graphic mimeType="pdf" url="AM%2090%208vo/36/WEB_DISPLAY"/>
		</surface>
		<surface xml:id="AM08-0090-0019v" n="37">
			<desc>0019v</desc>
			<graphic mimeType="pdf" url="AM%2090%208vo/37/HIGH_QUALITY_DISPLAY"/>
			<graphic mimeType="jpg" url="AM%2090%208vo/37/THUMBNAIL" width="200px" height="278px"/>
			<graphic mimeType="jpg" url="AM%2090%208vo/37/SECONDARY_DISPLAY" width="2784px" height="3872px"/>
			<graphic mimeType="pdf" url="AM%2090%208vo/37/WEB_DISPLAY"/>
		</surface>
		<surface xml:id="AM08-0090-0020r" n="38">
			<desc>0020r</desc>
			<graphic mimeType="pdf" url="AM%2090%208vo/38/HIGH_QUALITY_DISPLAY"/>
			<graphic mimeType="jpg" url="AM%2090%208vo/38/THUMBNAIL" width="200px" height="278px"/>
			<graphic mimeType="jpg" url="AM%2090%208vo/38/SECONDARY_DISPLAY" width="2832px" height="3944px"/>
			<graphic mimeType="pdf" url="AM%2090%208vo/38/WEB_DISPLAY"/>
		</surface>
		<surface xml:id="AM08-0090-0020v" n="39">
			<desc>0020v</desc>
			<graphic mimeType="pdf" url="AM%2090%208vo/39/HIGH_QUALITY_DISPLAY"/>
			<graphic mimeType="jpg" url="AM%2090%208vo/39/THUMBNAIL" width="200px" height="280px"/>
			<graphic mimeType="jpg" url="AM%2090%208vo/39/SECONDARY_DISPLAY" width="2784px" height="3904px"/>
			<graphic mimeType="pdf" url="AM%2090%208vo/39/WEB_DISPLAY"/>
		</surface>
		<surface xml:id="AM08-0090-0021r" n="40">
			<desc>0021r</desc>
			<graphic mimeType="pdf" url="AM%2090%208vo/40/HIGH_QUALITY_DISPLAY"/>
			<graphic mimeType="jpg" url="AM%2090%208vo/40/THUMBNAIL" width="200px" height="274px"/>
			<graphic mimeType="jpg" url="AM%2090%208vo/40/SECONDARY_DISPLAY" width="2796px" height="3836px"/>
			<graphic mimeType="pdf" url="AM%2090%208vo/40/WEB_DISPLAY"/>
		</surface>
		<surface xml:id="AM08-0090-0021v" n="41">
			<desc>0021v</desc>
			<graphic mimeType="pdf" url="AM%2090%208vo/41/HIGH_QUALITY_DISPLAY"/>
			<graphic mimeType="jpg" url="AM%2090%208vo/41/THUMBNAIL" width="200px" height="279px"/>
			<graphic mimeType="jpg" url="AM%2090%208vo/41/SECONDARY_DISPLAY" width="2720px" height="3796px"/>
			<graphic mimeType="pdf" url="AM%2090%208vo/41/WEB_DISPLAY"/>
		</surface>
		<surface xml:id="AM08-0090-0022r" n="42">
			<desc>0022r</desc>
			<graphic mimeType="pdf" url="AM%2090%208vo/42/HIGH_QUALITY_DISPLAY"/>
			<graphic mimeType="jpg" url="AM%2090%208vo/42/THUMBNAIL" width="200px" height="281px"/>
			<graphic mimeType="jpg" url="AM%2090%208vo/42/SECONDARY_DISPLAY" width="2712px" height="3808px"/>
			<graphic mimeType="pdf" url="AM%2090%208vo/42/WEB_DISPLAY"/>
		</surface>
		<surface xml:id="AM08-0090-0022v" n="43">
			<desc>0022v</desc>
			<graphic mimeType="pdf" url="AM%2090%208vo/43/HIGH_QUALITY_DISPLAY"/>
			<graphic mimeType="jpg" url="AM%2090%208vo/43/THUMBNAIL" width="200px" height="280px"/>
			<graphic mimeType="jpg" url="AM%2090%208vo/43/SECONDARY_DISPLAY" width="2720px" height="3812px"/>
			<graphic mimeType="pdf" url="AM%2090%208vo/43/WEB_DISPLAY"/>
		</surface>
		<surface xml:id="AM08-0090-0023r" n="44">
			<desc>0023r</desc>
			<graphic mimeType="pdf" url="AM%2090%208vo/44/HIGH_QUALITY_DISPLAY"/>
			<graphic mimeType="jpg" url="AM%2090%208vo/44/THUMBNAIL" width="200px" height="271px"/>
			<graphic mimeType="jpg" url="AM%2090%208vo/44/SECONDARY_DISPLAY" width="2696px" height="3656px"/>
			<graphic mimeType="pdf" url="AM%2090%208vo/44/WEB_DISPLAY"/>
		</surface>
		<surface xml:id="AM08-0090-0023v" n="45">
			<desc>0023v</desc>
			<graphic mimeType="pdf" url="AM%2090%208vo/45/HIGH_QUALITY_DISPLAY"/>
			<graphic mimeType="jpg" url="AM%2090%208vo/45/THUMBNAIL" width="200px" height="206px"/>
			<graphic mimeType="jpg" url="AM%2090%208vo/45/SECONDARY_DISPLAY" width="3652px" height="3756px"/>
			<graphic mimeType="pdf" url="AM%2090%208vo/45/WEB_DISPLAY"/>
		</surface>
		<surface xml:id="AM08-0090-0025r" n="46">
			<desc>0025r</desc>
			<graphic mimeType="pdf" url="AM%2090%208vo/46/HIGH_QUALITY_DISPLAY"/>
			<graphic mimeType="jpg" url="AM%2090%208vo/46/THUMBNAIL" width="200px" height="205px"/>
			<graphic mimeType="jpg" url="AM%2090%208vo/46/SECONDARY_DISPLAY" width="3840px" height="3940px"/>
			<graphic mimeType="pdf" url="AM%2090%208vo/46/WEB_DISPLAY"/>
		</surface>
		<surface xml:id="AM08-0090-0025v" n="47">
			<desc>0025v</desc>
			<graphic mimeType="pdf" url="AM%2090%208vo/47/HIGH_QUALITY_DISPLAY"/>
			<graphic mimeType="jpg" url="AM%2090%208vo/47/THUMBNAIL" width="200px" height="272px"/>
			<graphic mimeType="jpg" url="AM%2090%208vo/47/SECONDARY_DISPLAY" width="2912px" height="3956px"/>
			<graphic mimeType="pdf" url="AM%2090%208vo/47/WEB_DISPLAY"/>
		</surface>
		<surface xml:id="AM08-0090-0026r" n="48">
			<desc>0026r</desc>
			<graphic mimeType="pdf" url="AM%2090%208vo/48/HIGH_QUALITY_DISPLAY"/>
			<graphic mimeType="jpg" url="AM%2090%208vo/48/THUMBNAIL" width="200px" height="265px"/>
			<graphic mimeType="jpg" url="AM%2090%208vo/48/SECONDARY_DISPLAY" width="3004px" height="3972px"/>
			<graphic mimeType="pdf" url="AM%2090%208vo/48/WEB_DISPLAY"/>
		</surface>
		<surface xml:id="AM08-0090-0026v" n="49">
			<desc>0026v</desc>
			<graphic mimeType="pdf" url="AM%2090%208vo/49/HIGH_QUALITY_DISPLAY"/>
			<graphic mimeType="jpg" url="AM%2090%208vo/49/THUMBNAIL" width="200px" height="263px"/>
			<graphic mimeType="jpg" url="AM%2090%208vo/49/SECONDARY_DISPLAY" width="2968px" height="3904px"/>
			<graphic mimeType="pdf" url="AM%2090%208vo/49/WEB_DISPLAY"/>
		</surface>
		<surface xml:id="AM08-0090-0027r" n="50">
			<desc>0027r</desc>
			<graphic mimeType="pdf" url="AM%2090%208vo/50/HIGH_QUALITY_DISPLAY"/>
			<graphic mimeType="jpg" url="AM%2090%208vo/50/THUMBNAIL" width="200px" height="265px"/>
			<graphic mimeType="jpg" url="AM%2090%208vo/50/SECONDARY_DISPLAY" width="3004px" height="3972px"/>
			<graphic mimeType="pdf" url="AM%2090%208vo/50/WEB_DISPLAY"/>
		</surface>
		<surface xml:id="AM08-0090-0027v" n="51">
			<desc>0027v</desc>
			<graphic mimeType="pdf" url="AM%2090%208vo/51/HIGH_QUALITY_DISPLAY"/>
			<graphic mimeType="jpg" url="AM%2090%208vo/51/THUMBNAIL" width="200px" height="277px"/>
			<graphic mimeType="jpg" url="AM%2090%208vo/51/SECONDARY_DISPLAY" width="2784px" height="3864px"/>
			<graphic mimeType="pdf" url="AM%2090%208vo/51/WEB_DISPLAY"/>
		</surface>
		<surface xml:id="AM08-0090-0028r" n="52">
			<desc>0028r</desc>
			<graphic mimeType="pdf" url="AM%2090%208vo/52/HIGH_QUALITY_DISPLAY"/>
			<graphic mimeType="jpg" url="AM%2090%208vo/52/THUMBNAIL" width="200px" height="259px"/>
			<graphic mimeType="jpg" url="AM%2090%208vo/52/SECONDARY_DISPLAY" width="3004px" height="3892px"/>
			<graphic mimeType="pdf" url="AM%2090%208vo/52/WEB_DISPLAY"/>
		</surface>
		<surface xml:id="AM08-0090-0028v" n="53">
			<desc>0028v</desc>
			<graphic mimeType="pdf" url="AM%2090%208vo/53/HIGH_QUALITY_DISPLAY"/>
			<graphic mimeType="jpg" url="AM%2090%208vo/53/THUMBNAIL" width="200px" height="268px"/>
			<graphic mimeType="jpg" url="AM%2090%208vo/53/SECONDARY_DISPLAY" width="2892px" height="3876px"/>
			<graphic mimeType="pdf" url="AM%2090%208vo/53/WEB_DISPLAY"/>
		</surface>
		<surface xml:id="AM08-0090-0029r" n="54">
			<desc>0029r</desc>
			<graphic mimeType="pdf" url="AM%2090%208vo/54/HIGH_QUALITY_DISPLAY"/>
			<graphic mimeType="jpg" url="AM%2090%208vo/54/THUMBNAIL" width="200px" height="259px"/>
			<graphic mimeType="jpg" url="AM%2090%208vo/54/SECONDARY_DISPLAY" width="3004px" height="3884px"/>
			<graphic mimeType="pdf" url="AM%2090%208vo/54/WEB_DISPLAY"/>
		</surface>
		<surface xml:id="AM08-0090-0029v" n="55">
			<desc>0029v</desc>
			<graphic mimeType="pdf" url="AM%2090%208vo/55/HIGH_QUALITY_DISPLAY"/>
			<graphic mimeType="jpg" url="AM%2090%208vo/55/THUMBNAIL" width="200px" height="269px"/>
			<graphic mimeType="jpg" url="AM%2090%208vo/55/SECONDARY_DISPLAY" width="2856px" height="3836px"/>
			<graphic mimeType="pdf" url="AM%2090%208vo/55/WEB_DISPLAY"/>
		</surface>
		<surface xml:id="AM08-0090-0030r" n="56">
			<desc>0030r</desc>
			<graphic mimeType="pdf" url="AM%2090%208vo/56/HIGH_QUALITY_DISPLAY"/>
			<graphic mimeType="jpg" url="AM%2090%208vo/56/THUMBNAIL" width="200px" height="258px"/>
			<graphic mimeType="jpg" url="AM%2090%208vo/56/SECONDARY_DISPLAY" width="3004px" height="3880px"/>
			<graphic mimeType="pdf" url="AM%2090%208vo/56/WEB_DISPLAY"/>
		</surface>
		<surface xml:id="AM08-0090-0030v" n="57">
			<desc>0030v</desc>
			<graphic mimeType="pdf" url="AM%2090%208vo/57/HIGH_QUALITY_DISPLAY"/>
			<graphic mimeType="jpg" url="AM%2090%208vo/57/THUMBNAIL" width="200px" height="280px"/>
			<graphic mimeType="jpg" url="AM%2090%208vo/57/SECONDARY_DISPLAY" width="2784px" height="3904px"/>
			<graphic mimeType="pdf" url="AM%2090%208vo/57/WEB_DISPLAY"/>
		</surface>
		<surface xml:id="AM08-0090-0031r" n="58">
			<desc>0031r</desc>
			<graphic mimeType="pdf" url="AM%2090%208vo/58/HIGH_QUALITY_DISPLAY"/>
			<graphic mimeType="jpg" url="AM%2090%208vo/58/THUMBNAIL" width="200px" height="260px"/>
			<graphic mimeType="jpg" url="AM%2090%208vo/58/SECONDARY_DISPLAY" width="3004px" height="3904px"/>
			<graphic mimeType="pdf" url="AM%2090%208vo/58/WEB_DISPLAY"/>
		</surface>
		<surface xml:id="AM08-0090-0031v" n="59">
			<desc>0031v</desc>
			<graphic mimeType="pdf" url="AM%2090%208vo/59/HIGH_QUALITY_DISPLAY"/>
			<graphic mimeType="jpg" url="AM%2090%208vo/59/THUMBNAIL" width="200px" height="270px"/>
			<graphic mimeType="jpg" url="AM%2090%208vo/59/SECONDARY_DISPLAY" width="2896px" height="3904px"/>
			<graphic mimeType="pdf" url="AM%2090%208vo/59/WEB_DISPLAY"/>
		</surface>
		<surface xml:id="AM08-0090-0032r" n="60">
			<desc>0032r</desc>
			<graphic mimeType="pdf" url="AM%2090%208vo/60/HIGH_QUALITY_DISPLAY"/>
			<graphic mimeType="jpg" url="AM%2090%208vo/60/THUMBNAIL" width="200px" height="260px"/>
			<graphic mimeType="jpg" url="AM%2090%208vo/60/SECONDARY_DISPLAY" width="3004px" height="3904px"/>
			<graphic mimeType="pdf" url="AM%2090%208vo/60/WEB_DISPLAY"/>
		</surface>
		<surface xml:id="AM08-0090-0032v" n="61">
			<desc>0032v</desc>
			<graphic mimeType="pdf" url="AM%2090%208vo/61/HIGH_QUALITY_DISPLAY"/>
			<graphic mimeType="jpg" url="AM%2090%208vo/61/THUMBNAIL" width="200px" height="273px"/>
			<graphic mimeType="jpg" url="AM%2090%208vo/61/SECONDARY_DISPLAY" width="2860px" height="3904px"/>
			<graphic mimeType="pdf" url="AM%2090%208vo/61/WEB_DISPLAY"/>
		</surface>
		<surface xml:id="AM08-0090-0033r" n="62">
			<desc>0033r</desc>
			<graphic mimeType="pdf" url="AM%2090%208vo/62/HIGH_QUALITY_DISPLAY"/>
			<graphic mimeType="jpg" url="AM%2090%208vo/62/THUMBNAIL" width="200px" height="257px"/>
			<graphic mimeType="jpg" url="AM%2090%208vo/62/SECONDARY_DISPLAY" width="3004px" height="3852px"/>
			<graphic mimeType="pdf" url="AM%2090%208vo/62/WEB_DISPLAY"/>
		</surface>
		<surface xml:id="AM08-0090-0033v" n="63">
			<desc>0033v</desc>
			<graphic mimeType="pdf" url="AM%2090%208vo/63/HIGH_QUALITY_DISPLAY"/>
			<graphic mimeType="jpg" url="AM%2090%208vo/63/THUMBNAIL" width="200px" height="277px"/>
			<graphic mimeType="jpg" url="AM%2090%208vo/63/SECONDARY_DISPLAY" width="2784px" height="3852px"/>
			<graphic mimeType="pdf" url="AM%2090%208vo/63/WEB_DISPLAY"/>
		</surface>
		<surface xml:id="AM08-0090-0034r" n="64">
			<desc>0034r</desc>
			<graphic mimeType="pdf" url="AM%2090%208vo/64/HIGH_QUALITY_DISPLAY"/>
			<graphic mimeType="jpg" url="AM%2090%208vo/64/THUMBNAIL" width="200px" height="258px"/>
			<graphic mimeType="jpg" url="AM%2090%208vo/64/SECONDARY_DISPLAY" width="3004px" height="3880px"/>
			<graphic mimeType="pdf" url="AM%2090%208vo/64/WEB_DISPLAY"/>
		</surface>
		<surface xml:id="AM08-0090-0034v" n="65">
			<desc>0034v</desc>
			<graphic mimeType="pdf" url="AM%2090%208vo/65/HIGH_QUALITY_DISPLAY"/>
			<graphic mimeType="jpg" url="AM%2090%208vo/65/THUMBNAIL" width="200px" height="280px"/>
			<graphic mimeType="jpg" url="AM%2090%208vo/65/SECONDARY_DISPLAY" width="2784px" height="3904px"/>
			<graphic mimeType="pdf" url="AM%2090%208vo/65/WEB_DISPLAY"/>
		</surface>
	</facsimile>
</TEI>