<?xml version="1.0" encoding="UTF-8"?>
<TEI xmlns="http://www.tei-c.org/ns/1.0">
   <teiHeader>
      <fileDesc>
         <titleStmt>
            <title>Handritaskrá Árnastofnunar</title>
         </titleStmt>
         <publicationStmt>
            <p>Tilraunaútgáfa</p>
         </publicationStmt>
         <sourceDesc>
            <msDesc xml:lang="is" xml:id="AM08-0089-is">
               <msIdentifier>
                  <country key="IS">Ísland</country>
                  <settlement>Reykjavík</settlement>
                  <institution>Stofnun Árna Magnússonar í íslenskum fræðum</institution>
                  <repository>Handritasvið</repository>
                  <collection>Safn Árna Magnússonar</collection>
                  <idno>AM 89 8vo</idno>
                  <altIdentifier type="internal" subtype="KKKat">
                     <idno>2292</idno>
                  </altIdentifier>
               </msIdentifier>
              
               <msContents>
                  <summary><title type="supplied">Guðræknirit og vikusálmar</title></summary>
                  <textLang mainLang="is">Íslenska</textLang>
                  <msItem n="1" class="trurit">
                     <locus from="1r" to="53v">1r-53v</locus>
                     <author key="HalPet001">Hallgrímur Pétursson</author>
                     <title type="supplied">Sálmur</title>
                     <rubric>DIARIUM CHRISTIANU<expan>M</expan> Edur Viku Daga Registur eins
                        Christens man<expan>n</expan>z … samanſkriad Anno 1666 a H.P.S.</rubric>
                  </msItem>
                  <msItem n="2" class="vikus">
                     <locus from="54r" to="69v">54r-69v</locus>
                     <title type="supplied">Sálmar um hvern dag vikunnar</title>
                     <rubric>Allra Vikudaganna Kvediur til Chriſtum</rubric>
                     <note>
                        <p>Nokkur andleg kvæði.</p>
                        <p>Kvæðin hafa upprunalega endað efst á bl. 69 (með einni vísu), sem hefur
                           síðar verið fyllt með pennakroti o.þ.h. Þá hefur blaði 68 verið bætt við
                           með efni blaðs 69 og það verið notað sem saurblað aftast í
                           handritinu.</p>
                        <p>Bl. 68v autt.</p>
                     </note>
                  </msItem>
                  <msItem n="3" class="salm">
                     <locus from="70r" to="93v">70r-93v</locus>
                     <title type="supplied">Sálmur</title>
                     <rubric>Viku Saungur ut a <lb/> Skøpunar verkum<expan>m</expan> <lb/>
                           Drottin<expan>n</expan>s</rubric>
                  </msItem>
                  <msItem n="4" class="salm">
                     <locus from="94r" to="99r">94r-99r</locus>
                     <author>Séra Jón Bjarnason</author>
                     <title type="supplied">Sálmur</title>
                     <rubric>Jeſu Min<expan>n</expan>yng ordt a S: <lb/> Jone Biana ſyne</rubric>
                     <note>Bl. 99v autt.</note>
                  </msItem>
                  <msItem n="5" class="salm">
                     <locus from="100r" to="105v">100r-105v</locus>
                     <title type="supplied">Sálmur</title>
                     <rubric>Ein Hiatnæmu Psal<lb/>mur, ad mæta Diófulsin<expan>n</expan>s
                           <lb/> eyſtyngum<expan>m</expan> med Ouggi <lb/> Tru til
                           Ieſum<expan>m</expan> Chriſtu<expan>m</expan>
                     </rubric>
                  </msItem>
               </msContents>
               <physDesc>
                  <objectDesc form="codex">
                     <supportDesc material="chart">
                        <support>Pappír.</support>
                        <extent>105 blöð ().</extent>
                        <foliation>
                           <p/>
                        </foliation>
                        <collation>
                           <p/>
                        </collation>
                        <condition>
                           <p>Bl. 69 skaddað.</p>
                        </condition>
                     </supportDesc>
                     <layoutDesc>
                        <layout columns="1">
                           <p/>
                        </layout>
                     </layoutDesc>
                  </objectDesc>
                  <handDesc>
                     <p>Ýmsar hendur.</p>
                  </handDesc>
                  <musicNotation>
                     <p>Nótur á upprunalegri kápu úr latnesku helgisiðahandriti.</p>
                  </musicNotation>
                  <decoDesc>
                     <decoNote type="initial">
                        <p/>
                     </decoNote>
                  </decoDesc>
                  <additions>
                     <p/>
                  </additions>
                  <bindingDesc>
                     <binding notBefore="1980" notAfter="1980" contemporary="false">
                        <p>Band frá því í júní 1980.</p>
                     </binding>
                     <binding contemporary="unknown">
                        <p>Upprunaleg kápa úr bókfelli úr latnesku helgisiðahandriti með nótum.</p>
                     </binding>
                  </bindingDesc>
                  <accMat>
                     <p/>
                  </accMat>
               </physDesc>
               <history>
                  <origin notBefore="1650" notAfter="1700">
                     <p>Handritið er tímasett til síðari helmings 17. aldar í <bibl>
                           <ref target="KKKat">Katalog II</ref>
                        </bibl>, bls. 385.</p>
                     <p>
                        <name key="HalPet001" type="person">H.P.S.</name> hefur skrifað hluta þess
                        1666 (sbr. saurblað).</p>
                  </origin>
                  <provenance>
                     <p>Handritið hefur tilheyrt Vídalínum í Víðidalstungu í Húnavatnssýslu, eins og
                        sést af sendibréfum, þar sem minnst er á ýmsa fjölskyldumeðlimi, og notuð
                        voru til að fóðra upprunalega kápu (nú í <ref>AM 1058 4to</ref>). <name
                           type="person" key="SigJon004">Sigríður Jónsdóttir</name> er á einum stað
                        nefnd eigandi bókarinnar.</p>
                  </provenance>
                  <acquisition notBefore="1980-09-25" notAfter="1980-09-25">
                     <p>Stofnun Árna Magnússonar á Íslandi tók við handritinu 25. september
                        1980.</p>
                  </acquisition>
               </history>
               <additional>
                  <adminInfo>
                     <recordHist>
                        <source>
                           <p>Tekið eftir <bibl>
                                 <ref target="KKKat">Katalog II</ref>
                              </bibl>, bls. 385-86 (nr. 2292). <name key="KriKaa001" type="person"
                                 >Kålund</name> gekk frá handritinu til skráningar <date
                                 when="1890-01-13">13. janúar 1890</date>. <name key="ThoSig001"
                                 type="person">ÞS</name> skráði <date when="2002-01-30">30. janúar
                                 2002</date>.</p>
                        </source>
                     </recordHist>
                     <custodialHist>
                        <custEvent type="conservation" notBefore="1980" notAfter="1980">
                           <p>Viðgert og bundið á verkstæði <name key="BirDal001" type="person"
                                 >Birgitte Dall</name> í Kaupmannahöfn í júní 1980. Eldra band
                              fylgir.</p>
                        </custEvent>
                     </custodialHist>
                  </adminInfo>
                  <surrogates>
                     <p>Svart-hvítar ljósmyndir á Det Arnamagnæanske Institut í Kaupmannahöfn.</p>
                  </surrogates>
                  <listBibl>
                     <bibl>Hallgrímur Pétursson 2010, <ref target="HalPét2010a">Ljóðmæli
                        4</ref></bibl>
                  </listBibl>
               </additional>
            </msDesc>
         </sourceDesc>
      </fileDesc>
      <revisionDesc>
         <change when="2008-10" who="#EriHas01">Migrated from MASTER to P5</change>
      </revisionDesc>
   </teiHeader>
   <text>
      <body>

         <p/>
      </body>
   </text>
</TEI>
