<?xml version="1.0" encoding="UTF-8"?>
<?oxygen RNGSchema="http://www.handrit.is/schema/handrit-1.0.rnc" type="compact"?><TEI xmlns="http://www.tei-c.org/ns/1.0">
   <teiHeader>
      <fileDesc>
         <titleStmt>
            <title type="main">AM 93 8vo</title>
         </titleStmt>
         <publicationStmt>
            <authority>Den Arnamagnæanske Samling</authority>
            <pubPlace>København</pubPlace>
         </publicationStmt>
         <sourceDesc>
            <msDesc xml:id="AM08-0093-en" xml:lang="en">
               <msIdentifier>
                  <country>Denmark</country>
                  <settlement>København</settlement>
                  <repository>Den Arnamagnæanske Samling</repository>
                  <idno>AM 93 8vo</idno>
                  <altIdentifier type="internal" subtype="KKKat">
                     <idno>2296</idno>
                  </altIdentifier>
               </msIdentifier>
               <head>
                  <title type="supplied">Religious reflections, Skarðsárannáll and excerpts from Icelandic
            Sagas</title>; <origPlace>Iceland</origPlace>, <origDate notBefore="1650" notAfter="1699">s. XVII 2/2</origDate>.</head>
               <msContents>
                  <msItem n="1" class="alf">
                     <locus from="2r:1" to="13r:26">2r-13r</locus>
                     <author>Tobias Knobloch (<date from="1574" to="1634">1574-1634</date>)</author>
                     <title type="supplied">On human anatomy</title>
                     <textLang mainLang="is">Icelandic</textLang>
                     <rubric>Vm<ex>m</ex> mans<lb rend="hyphenated"/>ins Yarlegleika. <ex>og</ex>
                    u<ex>m</ex> par<lb rend="hyphenated"/>ta eda Limu Man<ex>n</ex>legs Lijkama, so
                    almen<ex>n</ex>il<ex>e</ex>ga <lb/> u<ex>m</ex> ad tala.</rubric>
                     <incipit>Med þuij margt er herl<ex>e</ex>ga <lb/>
                        <ex>og</ex> nälegt Gudlega sagt <ex>og</ex> boksett</incipit>
                     <explicit>næsta lijka <lb/>
                        <ex>og</ex> so S<ex>em</ex> sameiginl<ex>e</ex>ga ad nafni <ex>og</ex>
                mij<ex>n</ex>d</explicit>
                     <note>With Latin, Greek and Icelandic notes in the margins.</note>
                  </msItem>
                  <msItem n="2" class="gudfr">
                     <locus from="17r:1" to="53v:10">17r-53v</locus>
                     <title type="supplied">On predestination and free will</title>
                     <textLang mainLang="is">Icelandic</textLang>
                     <incipit>hædsti <ex>og</ex> stæsti man<ex>n</ex>sins godi, Sæla <ex>og</ex> ve<supplied reason="damage">g</supplied>
                        <lb/>ferd er þ<ex>ar</ex>
                und<ex>an</ex>kom<ex>in</ex> ad h<ex>an</ex>n life Christil<ex>e</ex>ga</incipit>
                     <explicit defective="true">Þegar tueir gióra eitt <ex>og</ex> hid sama Verked. so <lb/>
                þeir eru baad<ex>ir</ex> ad</explicit>
                  </msItem>
                  <msItem n="3" class="gudfr">
                     <locus from="59r:1" to="66r:15">59r-66r</locus>
                     <title type="supplied" xml:lang="en">On eternal life</title>
                     <textLang mainLang="is" otherLangs="la">Icelandic and Latin</textLang>
                     <rubric>Augustinus</rubric>
                     <incipit>Homo habet injustúm Lucru<ex>m</ex>, sine justo <lb/> Damno.</incipit>
                     <explicit>huórs fot<lb rend="hyphenated"/>spor eingin kan<ex>n</ex> ad fin<ex>n</ex>a
                    <ex>og</ex> eige helldur þ<ex>ess</ex>
                        <lb/> farveg i vatninu, þa þ<ex>ad</ex> er f<ex>ra</ex>m u<ex>m</ex>
            komed.</explicit>
                  </msItem>
                  <msItem n="4" class="gudfr">
                     <locus from="67r:1" to="79v:6">67r-79v</locus>
                     <title type="supplied">On the origin of the soul</title>
                     <textLang mainLang="is">Icelandic</textLang>
                     <rubric>Spurnijng <lb/> Huortt Man<ex>n</ex>leg Saal e<ex>ck</ex>i sijdur <lb/>
                en<ex>n</ex> Lijkamin<ex>n</ex> hafi sin<ex>n</ex> upruna af <lb/> Forelldrunu<ex>m</ex>/?
                Eda v<ex>er</ex>de Salin in<ex>n</ex>
                        <lb/>hellt af Gudi, <ex>og</ex> i Modurlijfe
                    sam<lb rend="hyphenated"/>teingd þeim litla nijvaxna Lijka<lb rend="hyphenated"/>ma sierhuórz Barnz.</rubric>
                     <incipit>Þeßa þrætu u<ex>m</ex> Salarin<ex>n</ex>ar upruna <lb/> hefur
                    fordu<ex>m</ex> af sier leitt i Andlegum <lb/> Christnin<ex>n</ex>ar Lærdomi</incipit>
                     <explicit>þetta seige eg, m<ex>ed</ex>
                        <lb rend="hyphenated"/>ken<ex>n</ex>a
                þ<ex>ei</ex>r, koma allt af man<ex>n</ex>sinz vilia <ex>og</ex> mætti</explicit>
                  </msItem>
                  <msItem n="5" class="gudfr">
                     <locus from="84r:1" to="91r:27">84r-91r</locus>
                     <author>Johann Conrad Dannhauser (<date from="1603" to="1666">1603-66</date>)</author>
                     <title type="supplied">On human beings before Adam</title>
                     <textLang mainLang="is" otherLangs="la">Icelandic and Latin</textLang>
                     <rubric>Præ Adamita Vtis. <lb/> sive <lb/> Fabula Primorum Hominum <lb/> ante Adamum
                Conditorum <lb/> explosa á <lb/> IOH. CONR: DANNHAWERO <lb/> Doct. <ex>et</ex> Professore
                    Theolog<ex>us</ex>
                        <lb/> in Universitate Argentorat<ex>us</ex>
                        <lb/> Viris <lb/> Nobilissima Amplitudine, Pru<lb rend="hyphenated"/>dentia, Auctoritate,
                Consilijs <lb/> Emmentissimis. <lb/> DN. EITEL SIGISMUNDO Lu<lb rend="hyphenated"/>PIN. Civit. Imperialis Mem<lb rend="hyphenated"/>mingensis Consuli. <lb/> DN
                Iosepho Ienisch. Iurisco<ex>n</ex>
                        <lb rend="hyphenated"/>sulto. ejusdem Civitatis
                    Con<lb rend="hyphenated"/>siliario, Advocato, Sÿndico. <lb/> Fautorib. et Amicis
                enixissime hon. <lb/> A Patre Luminum <pb/> Luminu<ex>m</ex> momenta, Familiæ
                    Orna<lb rend="hyphenated"/>menta, cælestis et secularis Bene<lb/>dictionis
                Incrementa! <lb/> Viri Nobiliss: Ampliss: Prude<ex>n</ex>
                        <lb/>tissimi.</rubric>
                     <incipit>Þad hefde vered tilheÿrilegt og <lb/> r<ex>e</ex>tt vijst, <ex>og</ex>
                vel sőmt Christinz m<ex>ann</ex>z <lb/> nafne,</incipit>
                     <explicit defective="true">o<ex>g</ex> þ<ex>ad</ex>
                        <lb/> mest rydur ä, fordiórfun<ex>ar</ex> mad<ex>ur</ex>, Jdiuleised</explicit>
                     <note>1656</note>
                  </msItem>
                  <msItem n="6" class="sidfr">
                     <locus from="92r:1" to="99r:33">92r-99r</locus>
                     <author>Claus Pors (d. <date when="1617">1617</date>)</author>
                     <title type="uniform">Leffnetz Compass</title>
                     <textLang mainLang="is">Icelandic</textLang>
                     <rubric>Aff Claus Porss <lb/> Han<ex>n</ex>s hűssbők, eda Lifnadarins <lb/>
                Comps. Ad han<ex>n</ex> so kallar <lb/> prentudum 1613</rubric>
                     <incipit>Seneca skrifar ad madur skule læra <lb/> so leinge han<ex>n</ex> lifer.</incipit>
                     <explicit>Refsyngina skalltu ei firr lata f<ex>ra</ex>mkoma, en<ex>n</ex> ad <lb/>
                    rudin<ex>n</ex>e reidin<ex>n</ex>e.</explicit>
                  </msItem>
                  <msItem n="7" class="biblsky">
                     <locus from="100r:1" to="106r:26">100r-106r</locus>
                     <title type="supplied">On the Epistle to the Romans, 5</title>
                     <textLang mainLang="is">Icelandic</textLang>
                     <rubric>Disputatziu Maal af S: <lb/> Paals ordum til Romanos .5.</rubric>
                     <incipit>I. Capitule hefur in<ex>n</ex>ehallda ord <lb/> S. Paals. Romanos 5. versu 12.
                13. 14. <lb/> af hu<ex>or</ex>iu<ex>m</ex> raada ma syndarin<ex>n</ex>ar til reik<lb rend="hyphenated"/>nun hafe</incipit>
                     <explicit>J sa<lb/>ma mata metu<ex>m</ex> vi<ex>er</ex>
                        <ex>og</ex> afskómtu<ex>m</ex> tijma <lb/> Nadarin<ex>n</ex>ar <ex>og</ex>
                    seigiu<ex>m</ex> h<ex>an</ex>n ve<ex>ra</ex> f<ex>ra</ex> þui
                    Chr<ex>ist</ex>
                        <ex>us</ex>
                     </explicit>
                  </msItem>
                  <msItem n="8" class="annal">
                     <locus from="108r:1" to="157v:22">108r-157v</locus>
                     <title type="uniform">Skarðsárannáll (excerpts)</title>
                     <textLang mainLang="is">Icelandic</textLang>
                     <rubric>Samtak Og <gap reason="damage"/>
                     </rubric>
                     <incipit>
                        <gap reason="damage"/>nga vm<ex>m</ex> historiur og an<ex>n</ex>äla</incipit>
                     <explicit>þa sa eingin<ex>n</ex> an<ex>n</ex>an<ex>n</ex>
                     </explicit>
                     <note>With introduction</note>
                  </msItem>
                  <msItem n="9" class="forn">
                     <locus from="159r:1" to="160r:15">159r-160r</locus>
                     <title type="uniform">Hversu Noregr byggðist (extract)</title>
                     <textLang mainLang="is">Icelandic</textLang>
                     <incipit>Hier skal segia Dæme til hvørsu Noregur <lb/> bÿgdest if
                fÿrstu, eda hvørsu kongaætter hófust þ<ex>ar</ex>. <lb/> Forniőtur hiet
                    mad<ex>ur</ex>, h<ex>an</ex>n ätte 3. sonu, Var eirn <lb/> Hler.</incipit>
                     <explicit>þ<ex>ad</ex> er lä ä bakborda <lb/> eru þar margar bÿgder. <lb/>
                Flateÿar konga Bők, var skrifud, þa lidid <lb/> var fra
                hÿngad burde vorz herra Jesu Christ <lb/> 1387 r</explicit>
                  </msItem>
                  <msItem n="10" class="kon">
                     <locus from="160v:1" to="161r:2">160v-161r</locus>
                     <title type="uniform">Ólafs saga hins helga (excerpts)</title>
                     <textLang mainLang="is">Icelandic</textLang>
                     <msItem n="10.1" class="kon">
                        <incipit>Vijst sÿner sa sig J Uvidiadan<ex>n</ex>
                           <ex>og</ex> svikan<ex>n</ex>a sek<lb rend="hyphenated"/>an<ex>n</ex>, er
                        san<ex>n</ex>ar þ<ex>ei</ex>m svikin ä hendur er saklaus<ex>ur</ex> er</incipit>
                        <explicit>En<ex>n</ex> þridia vet<ex>ur</ex> ä Kalfskin<ex>n</ex>e, o<ex>g</ex> þar
                    var <lb/> h<ex>an</ex>n mest metin<ex>n</ex>. og Dő þar űr
                    sött.</explicit>
                     </msItem>
                     <msItem n="10.2" class="kon">
                        <locus from="161r:3" to="162v:26">161r-162v</locus>
                        <rubric>J søgu Olafs Harallds sonar hel<lb rend="hyphenated"/>ga: er þessa
                    gietid.</rubric>
                        <incipit>Ad sem han<ex>n</ex> var ej ølldungis til rijkiz komin<ex>n</ex>
                           <lb/> J Noreg, főr han<ex>n</ex> ä fund Sigurdar kongz Sÿrz. <lb/>
                    Mgz sijnz ä vestfolld.</incipit>
                        <explicit>K<ex>ongur</ex> hlő ad <ex>og</ex> m<ex>æl</ex>ti til modur
                        sin<ex>n</ex>ar <lb/> Hier muntu Kong vpfæda moder.</explicit>
                     </msItem>
                     <msItem n="10.3" class="kon">
                        <locus from="163r:1" to="164v:23">163r-164v</locus>
                        <rubric>Landamerke ad fornu millu<ex>m</ex> Noregz <lb/> Danmerk<ex>ar</ex>
                           <ex>og</ex> Svijarijkis:</rubric>
                        <incipit>Gautelf<ex>ur</ex> rædur <lb/> fra Væne til sævar. En<ex>n</ex>
                        Nordurmerk<ex>ur</ex> til Ei<lb rend="hyphenated"/>daskőgs,</incipit>
                        <explicit>Børn Arna Armodzsonar, <ex>og</ex> Þőru
                    dőttur <lb/> Þorsteinz Glga voru þesse, Kalfur,
                    Fin<ex>n</ex>ur, Þor<lb rend="hyphenated"/>bergur, Amunde, Koliørn,
                    Arnbiørn, Arne <lb/> Ragnilldur, hana tti Härek<ex>ur</ex>
                    J Þiőttu</explicit>
                     </msItem>
                  </msItem>
                  <msItem n="11" class="samt">
                     <locus from="164v:24" to="166r:21">164v-166r:21</locus>
                     <title type="uniform">Sturlunga saga (excerpts)</title>
                     <textLang mainLang="is">Icelandic</textLang>
                     <rubric>Olaf<ex>ur</ex> noregs Kongur Haralldzson <lb/> setti Heisevisløg.</rubric>
                     <incipit>Armen<ex>n</ex> K<ex>on</ex>gs voru þeir sem Bű Han<ex>n</ex>s <lb/>
                vardvejttu og veislur skÿlldu giøra J moti hó<lb rend="hyphenated"/>num og Han<ex>n</ex>s lide <pb/> Kietilbjørn Ketilsson fræg<ex>ur</ex>
                    mad<ex>ur</ex>
                     </incipit>
                     <explicit>þuj þ<ex>ei</ex>r hefdi lijtt <lb/> audqvisar verid J Haukdæla ætt, sem þar
                til høfdu so <lb/> heited</explicit>
                  </msItem>
                  <msItem n="12" class="avit">
                     <locus from="166r:21" to="166v:27">166r:21-v</locus>
                     <title type="supplied">Notes on Snorri Sturluson</title>
                     <incipit>Flestar allar søgur, þær er hier hafa <lb/> giorst ä Jslande, voru
                Ritadar ädur Brandur <lb/> b<ex>isku</ex>p Sæmundars<ex>on</ex> andadist.</incipit>
                     <explicit>skiæølld gietu<ex>m</ex> skyra <lb/> skarpur Brandur feck þar
            landa</explicit>
                  </msItem>
               </msContents>
               <physDesc>
                  <objectDesc form="codex">
                     <supportDesc material="chart">
                        <support>
                           <p>
                              <material>Paper.</material>
                           </p>
                        </support>
                        <extent>166. Fols <locus>1, 13v-16v, 54r-58v, 66v, 80r-83v, 91v, 99v, 106v-107v and
                        158</locus> are, or were originally, blank. <dimensions type="leaf" scope="all">
                              <height>165</height>
                              <width>100</width>
                           </dimensions>. </extent>
                        <foliation>
                           <p>Pencil and ballpoint foliation in top outer corners.</p>
                        </foliation>
                        <collation>
                           <p>
                              <catchwords>Catchwords are sometimes found in the last part of the
                            manuscript (fols <locus>108-166</locus>).</catchwords>
                           </p>
                        </collation>
                        <condition>
                           <p>Fol. <locus>19</locus> is a strip of paper.</p>
                        </condition>
                     </supportDesc>
                     <layoutDesc>
                        <layout columns="1" writtenLines="23 29">
                           <p>Written in one column with 23 to 29 lines per page.</p>
                        </layout>
                     </layoutDesc>
                  </objectDesc>
                  <handDesc hands="3">
                     <handNote scope="major" script="unknown">Hand 1 wrote fols. <locus from="1" to="91">1-91</locus>.</handNote>
                     <handNote scope="minor" script="unknown">Hand 2 wrote fols. <locus from="108" to="158">108-158</locus>.</handNote>
                     <handNote scope="minor" script="unknown">Hand 3 wrote fols. <locus from="92" to="106">92-106</locus>
                              og <locus from="159" to="166">159-166</locus>.</handNote>
                  </handDesc>
                  <additions>
                     <p>There are several marginalia in Latin, Greek and Icelandic. On fol.
                <locus>79v</locus> the name Þórður Finnsson is written various times. On fol.
                    <locus>158</locus> there are pen trials and various names and notes: Högni
                Þorbjörnsson, Bergsveinn Grímsson, <q xml:lang="la">Jőn Sigurdsson <lb/>
                    est huius libri verus <lb/> possessor</q>, <q xml:lang="is">þetta kuer Til Lanz
                    fra Solheima<lb/>tungu An<ex>n</ex>o 1678 S J S</q>, <q xml:lang="is">Halldor
                    Arnason m<ex>ed</ex> E<ex>igin</ex> h<ex>endi</ex>
                        </q>.</p>
                  </additions>
                  <bindingDesc>
                     <binding contemporary="true">
                        <p>The manuscript was originally bound in a parchment leaf of an antiphoner from the
                        <date notBefore="1300" notAfter="1399">fourteenth century</date> from
                    Iceland, now <ref type="ms">Access 7b, Hs 48</ref>. In the spine of the original
                    binding there was a strip of a German newspaper from <date when="1638">1638</date>.</p>
                     </binding>
                  </bindingDesc>
                  <accMat>
                     <p>There are two paper slips pasted to the front of the manuscript. On the second slip
                there is a summary of the manuscript's content.</p>
                  </accMat>
               </physDesc>
               <history>
                  <origin>
                     <p>The manuscript was written in the <origDate notBefore="1650" notAfter="1699">second
                    half of the seventeenth</origDate> century in <origPlace>Iceland</origPlace>.
                Fols <locus>108-158</locus> might have originally been an independent
            manuscript.</p>
                  </origin>
               </history>
               <additional>
                  <adminInfo>
                     <recordHist>
                        <p>Catalogued <date when="2008-05-22">22 May 2008</date> by <name type="person" key="SilHuf001">Silvia Hufnagel</name>.</p>
                        <p>Mark-up corrected <date when="2017-06-01">01.06.2017</date> by <name type="person" key="BeeSte001">BS</name>. </p>
                     </recordHist>
                  </adminInfo>
                  <listBibl>
                     <bibl>Kålund, <ref type="secondary" target="KKKat">Kataolog</ref>
                        <biblScope type="volume">II</biblScope>
                        <biblScope type="pages">387-383</biblScope>
                     </bibl>
                     <bibl>Rafn, <ref type="secondary" target="FASNRafn">Fornaldar Sögur
                    Nordrlanda</ref>
                        <biblScope type="volume">II</biblScope>
                        <biblScope type="pages">vi</biblScope>
                     </bibl>
                  </listBibl>
               </additional>
            </msDesc>
         </sourceDesc>
      </fileDesc>
   </teiHeader>
   <facsimile>
      <surface/>
   </facsimile>
</TEI>