<?xml version="1.0" encoding="UTF-8"?>
<?oxygen RNGSchema="http://www.handrit.is/schema/handrit-1.0.rnc" type="compact"?><TEI xmlns="http://www.tei-c.org/ns/1.0">
    <teiHeader>
        <fileDesc>
            <titleStmt>
                <title type="main">AM 91 8vo</title>
            </titleStmt>
            <publicationStmt>
                <authority>Den Arnamagnæanske Samling</authority>
                <pubPlace>København</pubPlace>
            </publicationStmt>
            <sourceDesc>
                <msDesc xml:id="AM08-0091-da" xml:lang="da">
                    <msIdentifier>
                        <country>Danmark</country>
                        <settlement>København</settlement>
                        <repository>Den Arnamagnæanske Samling</repository>
                        <idno>AM 91 8vo</idno>
                        <altIdentifier type="internal" subtype="KKKat">
                            <idno>2294</idno>
                        </altIdentifier>
                    </msIdentifier>
                    <head>
                        <title type="supplied">Tretten prædikener</title>;
                            <origPlace>Island</origPlace>
                        <origDate when="1663">1663</origDate>
                    </head>
                    <msContents>
                        <msItem n="1">
                            <title type="uniform">Þrettán prédikanir yfir pínuna Christi, útlagðar
                                úr húspostillu dr. M. Luthers</title>
                            <textLang mainLang="is">Islandsk</textLang>
                            <note>Med tilhørende fortale og efterskrift samt en afsluttende prædiken
                                over ordet Amen.</note>
                        </msItem>
                    </msContents>
                    <physDesc>
                        <objectDesc form="codex">
                            <supportDesc material="chart">
                                <support>
                                    <p>
                                        <material>Papir</material>.</p>
                                </support>
                                <extent>126. <dimensions type="leaf" scope="all">
                                        <height>160</height>
                                        <width>102</width>
                                    </dimensions>
                                </extent>
                            </supportDesc>
                        </objectDesc>
                        <accMat>
                            <p>Der er en en AM-seddel, som er skrevet af <name type="person" key="ArnMag001">Arne Magnusson</name> og forsynet med flere
                                rettelser: <q xml:lang="is">Þ<ex>et</ex>ta er S<ex>era</ex>
                                    <name type="person" key="GudEin001">Gudm<ex>un</ex>dar</name> ä
                                        <name type="place" key="StaSta02">Stadarſtad</name> er alias prentud. Er mitt, fra
                                        b<ex>isku</ex>penum Mag. <name type="person" key="JonTho016">Jone Widalin</name>
                        </q>.</p>
                        </accMat>
                    </physDesc>
                    <history>
                        <origin>
                            <p>Skrevet i <origPlace>Island</origPlace> i <origDate when="1663" cert="high" evidence="internal">1663</origDate>.</p>
                        </origin>
                        <provenance>
                            <p>Bl. 126v indeholder ejernavne: <q xml:lang="is">
                                    <name type="person" key="TorBer001">Thorfe
                                        Bergſon</name>
                                </q> (<date when="1667">1667</date>), <q xml:lang="is">
                                    <name type="person" key="ThoSig002">Þorfynnur Sygurdsson</name>
                                </q> og dennes søn, <q xml:lang="is">
                                    <name type="person" key="JonTho006">Jon Þorfynsson</name>
                                </q> (<date when="1685">1685</date>). På AM-sedlen har <name type="person" key="ArnMag001">Arne Magnússon</name> skrevet at
                                håndskriftet har tilhørt præsten <name type="person" key="GudEin001">Guðmundur Einarsson</name> på <name type="place" key="StaSta02">Staðastaður</name>.</p>
                        </provenance>
                        <acquisition>
                            <p>Ifølge AM-sedlen erhvervede <name type="person" key="ArnMag001">Arne
                                    Magnusson</name> håndskriftet af biskop <name type="person" key="JonTho016">Jón Þorkelsson Vídalín</name>.</p>
                        </acquisition>
                    </history>
                    <additional>
                        <adminInfo>
                            <recordHist>
                                <source>
                                    <p>Katalogiseret <date when="2002-01-08">8. januar 2002</date>
                                        af <name type="person" key="EvaWed001">EW-J</name>.</p>
                                </source>
                            </recordHist>
                        </adminInfo>
                        <listBibl>
                            <bibl>Kålund: <ref type="secondary" target="KKKat">Katalog</ref>
                                <biblScope type="volume">II</biblScope>
                                <biblScope type="pages">386-387</biblScope>
                            </bibl>
                        </listBibl>
                    </additional>
                </msDesc>
            </sourceDesc>
        </fileDesc>
    </teiHeader>
    <facsimile>
        <surface/>
    </facsimile>
</TEI>