<?xml version="1.0" encoding="UTF-8"?>
<?oxygen RNGSchema="http://www.handrit.is/schema/handrit-1.0.rnc" type="compact"?><TEI xmlns="http://www.tei-c.org/ns/1.0">
   <teiHeader>
      <fileDesc>
         <titleStmt>
            <title type="main">AM 92 8vo</title>
         </titleStmt>
         <publicationStmt>
            <authority>Den Arnamagnæanske Samling</authority>
            <pubPlace>København</pubPlace>
         </publicationStmt>
         <sourceDesc>
            <msDesc xml:id="AM08-0092-en" xml:lang="en">
               <msIdentifier>
                  <country>Denmark</country>
                  <settlement>København</settlement>
                  <repository>Den Arnamagnæanske Samling</repository>
                  <idno>AM 92 8vo</idno>
                  <altIdentifier type="internal" subtype="KKKat">
                     <idno>2295</idno>
                  </altIdentifier>
               </msIdentifier>
               <head>
                  <title type="supplied">Religious Reflections</title>
                  <origPlace>Iceland</origPlace>
                  <origDate notBefore="1685" notAfter="1700">s. XVII ex.</origDate>
               </head>
               <msContents>
                  <msItem>
                     <textLang mainLang="is">Islandsk</textLang>
                  </msItem>
               </msContents>
               <physDesc>
                  <objectDesc form="codex">
                     <supportDesc material="chart">
                        <support>Paper.</support>
                        <extent>132. 
<dimensions type="leaf" scope="all">
                              <height>165</height>
                              <width>72</width>
                           </dimensions>
                        </extent>
                     </supportDesc>
                  </objectDesc>
               </physDesc>
            </msDesc>
         </sourceDesc>
      </fileDesc>
   </teiHeader>
   <facsimile>
      <surface/>
   </facsimile>
</TEI>