<?xml version="1.0" encoding="UTF-8"?>
<?oxygen RNGSchema="http://www.handrit.is/schema/handrit-1.0.rnc" type="compact"?><TEI xmlns="http://www.tei-c.org/ns/1.0">
   <teiHeader>
      <fileDesc>
         <titleStmt>
            <title type="main">AM 92 8vo</title>
         </titleStmt>
         <publicationStmt>
            <authority>Den Arnamagnæanske Samling</authority>
            <pubPlace>København</pubPlace>
         </publicationStmt>
         <sourceDesc>
            <msDesc xml:id="AM08-0092-da" xml:lang="da">
               <msIdentifier>
                  <country>Danmark</country>
                  <settlement>København</settlement>
                  <repository>Den Arnamagnæanske Samling</repository>
                  <idno>AM 92 8vo</idno>
                  <altIdentifier type="internal" subtype="KKKat">
                     <idno>2295</idno>
                  </altIdentifier>
               </msIdentifier>
               <head>
                  <title type="supplied">Opbyggelige betragtninger, bønner, salmer og åndelige
                     viser</title>; <origPlace>Island</origPlace>, <origDate notBefore="1675" notAfter="1699">s. XVII 4/4</origDate>.</head>
               <msContents>
                  <msItem>
                     <title type="supplied">Opbyggelige betragtninger, bønner, salmer og åndelige
                        viser</title>
                     <textLang mainLang="is" otherLangs="la">Islandsk og latin</textLang>
                     <note>Indeholder bl.a.:</note>
                     <msItem>
                        <locus>37</locus>
                        <rubric>Vyſur ad fin<ex>n</ex>a Gud<lb/>ſpióll ärid um
                           kryng</rubric>
                     </msItem>
                     <msItem>
                        <locus>41</locus>
                        <rubric>Vikudaga bænir</rubric>
                     </msItem>
                     <msItem>
                        <locus>99</locus>
                        <rubric>Michaelis Valtheri <lb/> oratio</rubric>
                     </msItem>
                  </msItem>
               </msContents>
               <physDesc>
                  <objectDesc form="codex">
                     <supportDesc material="chart">
                        <support>
                           <p>
                              <material>Papir</material>.</p>
                        </support>
                        <extent>132. <dimensions type="leaf" scope="all">
                              <height>165</height>
                              <width>72</width>
                           </dimensions>.</extent>
                        <condition>
                           <p>Bl. 1, 2 og 132 beskadigede ved slid.</p>
                        </condition>
                     </supportDesc>
                  </objectDesc>
                  <additions>På bl. 98r findes afgifter fra gårdene <name type="place" key="SkoKjó01">Skorhagi</name> og <name type="place" key="HvaKja01">Hvammur</name> i <name type="place" key="Kjósar01">Kjósarsýsla</name>,
                     modtaget <date when="1688">1688</date>.</additions>
                  <accMat>På en AM-seddel bemærker <name type="person" key="ArnMag001">Arne
                        Magnusson</name>: <q>AMagnæus poſſidet <date when="1709">1709</date>.</q>
                  </accMat>
               </physDesc>
               <additional>
                  <listBibl>
                     <bibl>Kålund: <ref type="secondary" target="KKKat">Katalog</ref>
                        <biblScope type="volume">II</biblScope>
                        <biblScope type="pages">387</biblScope>
                     </bibl>
                  </listBibl>
               </additional>
            </msDesc>
         </sourceDesc>
      </fileDesc>
   </teiHeader>
   <facsimile>
      <surface/>
   </facsimile>
</TEI>