<?xml version="1.0" encoding="UTF-8"?>
<?oxygen RNGSchema="http://www.handrit.is/schema/handrit-1.0.rnc" type="compact"?><TEI xmlns="http://www.tei-c.org/ns/1.0">
    <teiHeader>
        <fileDesc>
            <titleStmt>
                <title type="main">AM 91 8vo</title>
            </titleStmt>
            <publicationStmt>
                <authority>Den Arnamagnæanske Samling</authority>
                <pubPlace>København</pubPlace>
            </publicationStmt>
            <sourceDesc>
                <msDesc xml:id="AM08-0091-en" xml:lang="en">
                    <msIdentifier>
                        <country>Denmark</country>
                        <settlement>København</settlement>
                        <repository>Den Arnamagnæanske Samling</repository>
                        <idno>AM 91 8vo</idno>
                        <altIdentifier type="internal" subtype="KKKat">
                            <idno>2294</idno>
                        </altIdentifier>
                    </msIdentifier>
                    <head>
                        <title type="supplied">Thirteen Sermons</title>
                        <origPlace>Iceland</origPlace>
                        <origDate notBefore="1663-01-01" notAfter="1663-12-31">1663</origDate>
                    </head>
                    <msContents>
                        <msItem n="1">
                            <title type="uniform">Þrettán prédikanir yfir pínuna Christi, útlagðar
                                úr húspostillu dr. M. Luthers</title>
                            <textLang mainLang="is">Icelandic</textLang>
                            <note>Also containing prolegomena and epilogue together with a final
                                sermon on the word Amen.</note>
                        </msItem>
                    </msContents>
                    <physDesc>
                        <objectDesc form="codex">
                            <supportDesc material="chart">
                                <support>
                                    <p>
                              <material>Paper</material>.</p>
                                </support>
                                <extent>126. <dimensions type="leaf" scope="all">
                                        <height>160</height>
                                        <width>102</width>
                                    </dimensions>
                        </extent>
                            </supportDesc>
                        </objectDesc>
                        <accMat>
                            <p>There is an AM-slip in Árni Magnússon's hand, having several
                                corrections: <q xml:lang="is">Þetta er Sr Gudmundar ä Stadarstad er
                                    alias prentud. Er mitt, fra biskupenum Mag. Jone
                                Widalin</q>.</p>
                        </accMat>
                    </physDesc>
                    <history>
                        <origin notBefore="1663" notAfter="1663" cert="high" evidence="internal">
                            <p>Written in Iceland in 1663.</p>
                        </origin>
                        <provenance>
                            <p>On fol. 126v the following names of owners are written: <q xml:lang="is">Thorfe Bergson</q> (1667), <q xml:lang="is">
                                    <name type="person" key="ThoSig002">Þorfynnur Sygurdsson</name>
                                </q> and the latter's son, <q xml:lang="is">
                                    <name type="person" key="JonTho006">Jon Þorfynsson</name>
                                </q> (1685). On the AM-slip <name type="person" key="ArnMag001">Árni
                                    Magnússon</name> writes that the manuscript belonged to the
                                Priest, <name type="person" key="GudEin001">Guðmundur
                                    Einarsson</name> of <name type="place">Staðastaður</name>.</p>
                        </provenance>
                        <acquisition>
                            <p>According to the AM-slip <name type="person" key="ArnMag001">Árni
                                    Magnússon</name> acquired the manuscript from Bishop Jón
                                Þorkelsson Vídalín.</p>
                        </acquisition>
                    </history>
                    <additional>
                        <adminInfo>
                            <recordHist>
                                <source>
                                    <p>Catalogued <date when="2002-01-08">2002.01.08</date> by
                                        EW-J.</p>
                                </source>
                            </recordHist>
                        </adminInfo>
                    </additional>
                </msDesc>
            </sourceDesc>
        </fileDesc>
    </teiHeader>
    <facsimile>
        <surface/>
    </facsimile>
</TEI>