<?xml version="1.0" encoding="UTF-8"?>
<?oxygen RNGSchema="http://www.handrit.is/schema/handrit-1.0.rnc" type="compact"?><TEI xmlns="http://www.tei-c.org/ns/1.0">
    <teiHeader>
        <fileDesc>
            <titleStmt>
                <title type="main">AM 419 12mo</title>
            </titleStmt>
            <publicationStmt>
                <authority>Den Arnamagnæanske Samling</authority>
                <pubPlace>København</pubPlace>
            </publicationStmt>
            <sourceDesc>
                <msDesc xml:id="AM12-0419-da" xml:lang="da">
                    <msIdentifier>
                        <country>Danmark</country>
                        <settlement>København</settlement>
                        <repository>Den Arnamagnæanske Samling</repository>
                        <idno>AM 419 12mo</idno>
                        <altIdentifier type="internal" subtype="KKKat">
                            <idno>2499</idno>
                        </altIdentifier>
                    </msIdentifier>
                    <head>
                        <title type="uniform" xml:lang="da">Vor frue tider</title>; <origDate notBefore="1500" notAfter="1524">s. XVI 1/4</origDate>,
                            <origPlace>Danmark</origPlace>
                    </head>
                    <msContents>
                        <msItem n="1" defective="true">
                            <locus from="1" to="9">1-9</locus>
                            <title type="uniform" xml:lang="da">Vor frue tider</title>
                            <textLang mainLang="da">Gammeldansk</textLang>
                            <filiation>Afskrift af <title type="uniform">Christiern Pedersen
                                    tidebog</title>, Paris <date when="1514">1514</date>.</filiation>
                        </msItem>
                    </msContents>
                    <physDesc>
                        <objectDesc form="codex">
                            <supportDesc material="perg">
                                <support>
                                    <p>
                                        <material>Pergament</material>.</p>
                                </support>
                                <extent>9. <dimensions type="leaf" scope="all">
                                        <height>112</height>
                                        <width>80</width>
                                    </dimensions>
                                </extent>
                                <condition>
                                    <p>Brudstykker. Teksten begynder og slutter defekt.</p>
                                </condition>
                            </supportDesc>
                        </objectDesc>
                        <handDesc>
                            <handNote scope="sole" script="unknown">Stor og plump hånd.</handNote>
                        </handDesc>
                        <decoDesc>
                            <decoNote type="initial">
                                <p>Røde initialer.</p>
                            </decoNote>
                        </decoDesc>
                        <accMat>
                     <name type="person" key="ArnMag001">Arne Magnusson</name> har
                            noteret på en foran indklæbet seddel: <q xml:lang="la">Ex auctione
                                Roſtgardianâ Num Mſtorum 355</q>. På en anden
                            seddel har <name type="person" key="CarBra001">C. J. Brandt</name>
                            angivet, hvilke stykker i den trykte tidebog de her bevarede brudstykker
                            svarer til.</accMat>
                    </physDesc>
                    <history>
                        <origin>
                            <p>Håndskriftet er skrevet i <origPlace>Danmark</origPlace> i <origDate notBefore="1500" notAfter="1524" evidence="conjecture">begyndelsen af 1500-tallet</origDate>.</p>
                        </origin>
                        <acquisition>
                            <p>
                        <name type="person" key="ArnMag001">Arne Magnusson</name> har
                                erhvervet håndskriftet på <name type="person" key="FreRos001">Frederik Rostgårds</name> auktion i <date when="1726">1726</date>.</p>
                        </acquisition>
                    </history>
                    <additional>
                        <adminInfo>
                            <recordHist>
                                <source>
                                    <p>Katalogiseret <date when="2000-05-05"/> af <name type="person" key="AnnSee001">AWS</name>.</p>
                                </source>
                            </recordHist>
                        </adminInfo>
                        <surrogates>
                            <p>
                                <bibl>
                                    <title type="gmd">mikrofilm (originaler)</title>
                                    <idno>Neg. 832</idno>
                                    <date when="1989">1989</date>
                                </bibl>
                                <bibl>
                                    <title type="gmd">mikrofilm (arkiv)</title>
                                    <idno>Pos. 757</idno>
                                    <date when="1989">1989</date>
                                </bibl>
                            </p>
                        </surrogates>
                        <listBibl>
                            <bibl>Brandt og Helweg: <ref target="DDPsalme">Den Danske
                                    Psalmedigtning</ref>
                                <biblScope type="volume">I</biblScope>
                                <biblScope type="pages">xx</biblScope>
                     </bibl>
                            <bibl>Kålund: <ref type="secondary-1" target="KKKat">Katalog</ref>
                        <biblScope type="volume">II</biblScope>
                        <biblScope type="pages">475</biblScope>
                     </bibl>
                            <bibl>Rietz: <ref target="Wadstena">En Wadstena-nunnas bönbok</ref>
                                <biblScope type="pages">xvii-xviii</biblScope>
                            </bibl>
                        </listBibl>
                    </additional>
                </msDesc>
            </sourceDesc>
        </fileDesc>
    </teiHeader>
    <facsimile>
        <surface/>
    </facsimile>
</TEI>