<?xml version="1.0" encoding="UTF-8"?>
<?oxygen RNGSchema="http://www.handrit.is/schema/handrit-1.0.rnc" type="compact"?><TEI xmlns="http://www.tei-c.org/ns/1.0">
    <teiHeader>
        <fileDesc>
            <titleStmt>
                <title type="main">AM 417 12mo</title>
            </titleStmt>
            <publicationStmt>
                <authority>Den Arnamagnæanske Samling</authority>
                <pubPlace>København</pubPlace>
            </publicationStmt>
            <sourceDesc>
                <msDesc xml:id="AM12-0417-en" xml:lang="en">
                    <msIdentifier>
                        <country>Denmark</country>
                        <settlement>København</settlement>
                        <repository>Den Arnamagnæanske Samling</repository>
                        <idno>AM 417 12mo</idno>
                        <altIdentifier type="internal" subtype="KKKat">
                            <idno>2497</idno>
                        </altIdentifier>
                    </msIdentifier>
                    <head>
                        <title xml:lang="da">Plattysk bønnebog</title>
                        <title type="parallel" xml:lang="en">Low German Book of Prayer</title>
                        <origDate notBefore="1400" notAfter="1499">Fifteenth century</origDate>
                        <origPlace>Germany</origPlace>
                    </head>
                    <msContents>
                        <msItem>
                            <title xml:lang="da">Plattysk bønnebog</title>
                            <textLang mainLang="gml">Middle Low German</textLang>
                        </msItem>
                    </msContents>
                    <physDesc>
                        <objectDesc form="codex">
                            <supportDesc material="perg">
                                <support>
                                    <p>
                              <material>Parchment</material>.</p>
                                </support>
                                <extent>87. <dimensions type="leaf" scope="all">
                                        <height>122</height>
                                        <width>87</width>
                                    </dimensions>.</extent>
                            </supportDesc>
                            <layoutDesc>
                                <layout columns="1">
                                    <p>The manuscript is ruled and written in long lines
                                        throughout.</p>
                                </layout>
                            </layoutDesc>
                        </objectDesc>
                        <decoDesc>
                            <decoNote type="initial">
                                <p>The initials are mainly red and blue, and the rubrics are
                                    red.</p>
                            </decoNote>
                            <decoNote type="border" subtype="foliate">
                                <p>The borders are foliated with birds.</p>
                            </decoNote>
                            <decoNote type="miniature">
                                <p>On fol. <locus>34v</locus> there is a miniature of the Trinity
                                    which is surrounded by a foliated border.</p>
                            </decoNote>
                            <decoNote type="miniature">
                                <p>On fol. <locus>62v</locus> is a miniature of St Anne and the
                                    Virgin holding the Christ Child, and in front of them a knight
                                    is kneeling in adoration, his shield lying on the ground in
                                    front of him. The miniature is surrounded by a foliated
                                    border.</p>
                            </decoNote>
                        </decoDesc>
                        <bindingDesc>
                            <binding>
                                <p>Red tooled leather binding with clasps.</p>
                            </binding>
                        </bindingDesc>
                    </physDesc>
                    <history>
                        <origin notBefore="1400" notAfter="1499" cert="high" evidence="conjecture">
                            <p>The manuscript is written in <name type="place">Germany</name> in the
                                    <origDate>fifteenth century</origDate>.</p>
                        </origin>
                    </history>
                    <additional>
                        <adminInfo>
                            <recordHist>
                                <source>
                                    <p>Catalogued by AWS <date when="2000-04-07">07.04.2000</date>.</p>
                                </source>
                            </recordHist>
                            <custodialHist>
                                <custEvent notBefore="1989" notAfter="1989" type="photography">
                                    <p>The manuscript was photographed <date when="1989-05-30">30.05.1989</date>.</p>
                                </custEvent>
                            </custodialHist>
                        </adminInfo>
                        <surrogates>
                            <listBibl>
                                <bibl>
                                    <title type="gmd"/>
                                    <idno>Neg. 799</idno>
                                </bibl>
                                <bibl>
                                    <title type="gmd">microfilm archive</title>
                                    <idno>Pos. 730 </idno>
                                    <date when="1989">1989</date>
                                </bibl>
                                <bibl>
                                    <title type="gmd">Print b/w</title>
                                    <idno>AM 417 12mo</idno>
                                    <date when="1990"/>
                                </bibl>
                            </listBibl>
                        </surrogates>
                    </additional>
                </msDesc>
            </sourceDesc>
        </fileDesc>
        <revisionDesc>
            <change>Amended by JA <date when="2004-02-02">02.02.2004</date>.</change>
        </revisionDesc>
    </teiHeader>
    <facsimile>
        <surface/>
    </facsimile>
</TEI>