<?xml version="1.0" encoding="UTF-8"?>
<?oxygen RNGSchema="http://www.handrit.is/schema/handrit-1.0.rnc" type="compact"?>
<TEI xmlns="http://www.tei-c.org/ns/1.0">
    <teiHeader>
        <fileDesc>
            <titleStmt>
                <title type="main">AM 418 12mo</title>
            </titleStmt>
            <publicationStmt>
                <authority>Den Arnamagnæanske Samling</authority>
                <pubPlace>København</pubPlace>
            </publicationStmt>
            <sourceDesc>
                <msDesc xml:id="AM12-0418-da" xml:lang="da">
                    <msIdentifier>
                        <country>Danmark</country>
                        <settlement>København</settlement>
                        <repository>Den Arnamagnæanske Samling</repository>
                        <idno>AM 418 12mo</idno>
                        <altIdentifier type="internal" subtype="KKKat">
                            <idno>2498</idno>
                        </altIdentifier>
                    </msIdentifier>
                    <head>
                        <title type="supplied" xml:lang="da">En dansk nonnes Bønnebog</title>;
                        <origDate notBefore="1475" notAfter="1525">ca. 1500</origDate>,
                        <origPlace>Danmark</origPlace>
                        </head>
                    <msContents>
                        <msItem n="1">
                            <locus from="1r" facs="#AM12-0418-0001r">1r-?</locus>
                            <title type="supplied" xml:lang="da">En Dansk Nonnes Bønnebog</title>
                            <textLang mainLang="da">Gammeldansk</textLang>
                            <msItem n="1.1">
                                <locus from="1r:1" facs="#AM12-0418-1r:1" to="2v:12">1r:1-2v:12</locus>
                                <incipit>O ihesu <ex>christ</ex>e ewi<ex>n</ex>ne-<lb/>ligh
                                    søthme</incipit>
                                <explicit>Oc alle my-<lb/>ne synders affløsni<ex>n</ex>gh <hi rend="underline">Amen</hi>
                                </explicit>
                                <rubric type="final">Pater n<ex>oste</ex>r Aue maria
                                    gr<ex>aci</ex>a</rubric>
                                <textLang mainLang="da">Dansk</textLang>
                            </msItem>
                            <msItem n="1.2">
                                <locus from="2v:13" facs="#AM12-0418-2v:13" to="3v:5">2v:13-3v:5</locus>
                                <incipit>O Ih<ex>es</ex>u <ex>christ</ex>e. thu som esth
                                    wer-<lb/>dens schaberæ</incipit>
                                <explicit>at thu <lb/>giffuer mech thin rætzlæ oc <lb/>ælsku bodhe
                                    til sa<ex>m</ex>men i myt <lb/>hiærte <hi rend="underline">Amen</hi>
                                </explicit>
                                <rubric type="final">P<ex>ate</ex>r n<ex>oste</ex>r Aue
                                        ma<ex>ri</ex>a</rubric>
                            </msItem>
                            <msItem n="1.3">
                                <locus from="3v:6" facs="#AM12-0418-3v:6" to="4r:14">3v:6-4r:14</locus>
                                <incipit>O Ih<ex>es</ex>u <ex>christ</ex>e hæ<ex>m</ex>melske læghe
                                    <lb/>Jhugh com syugdom. swe-<lb/>the oc sorgh</incipit>
                                <explicit>at th<ex>e</ex>nne <lb/>thin also<ex>m</ex>beskeste pines
                                        ihwko<ex>m</ex>
                                    <lb/>melse skal wære alle myne syn-<lb/>ders forlathelse <hi rend="underline">Amen</hi>
                                </explicit>
                                <rubric type="final">P<ex>ate</ex>r n<ex>oste</ex>r</rubric>
                            </msItem>
                            <msItem n="1.4">
                                <locus from="4r:15" facs="#AM12-0418-4r:15" to="5r:2">4r:15-5r:2</locus>
                                <incipit>O Ih<ex>es</ex>u <ex>christ</ex>e. thu som æst saan
                                    <lb/>ængles frælshet oc lyste-<pb n="4v"/>lichetz paradiis
                                    jhughcom rætz-<lb/>læ oc gryslichet</incipit>
                                <explicit>oc giff mech wndh<ex>e</ex>r thinæ <pb n="5r"/>wingers
                                    skygge euigh helsens <lb/>wern <hi rend="underline">Amen</hi>
                                </explicit>
                                <rubric type="final">P<ex>ate</ex>r n<ex>oste</ex>r Aue
                                        ma<ex>ri</ex>a</rubric>
                            </msItem>
                            <msItem n="1.5">
                                <locus from="5r:3" facs="#AM12-0418-5r:3" to="5v:8">5r:3-5v:8</locus>
                                <incipit>O Ihesu <ex>christ</ex>e thu som esth
                                    <lb/>ewi<ex>n</ex>nieligh clarhetz speyll</incipit>
                                <explicit>at thu gør thin <lb/>misku<ex>n</ex>d m<ex>æth</ex> mech
                                        my<ex>n</ex> døtz ti-<lb/>mæ Amen</explicit>
                                <rubric type="final">P<ex>ate</ex>r n<ex>oste</ex>r Aue
                                        ma<ex>ri</ex>a</rubric>
                            </msItem>
                            <msItem n="1.6">
                                <locus from="5v:9" facs="#AM12-0418-5v:9" to="6r:16">5v:9-6r:16</locus>
                                <incipit>O Ih<ex>es</ex>u <ex>christ</ex>e thu som esth <lb/>een
                                    ælskeligh koni<ex>n</ex>g. wen <lb/>oc alsa<ex>m</ex>men
                                    attralig</incipit>
                                <explicit>oc giff mech hughswalel-<lb/>se i alle drøwelses timer <hi rend="underline">Amen</hi>
                                </explicit>
                                <rubric type="final">Pater noster Aue maria</rubric>
                            </msItem>
                            <msItem n="1.7">
                                <locus from="6v:1" facs="#AM12-0418-6v:1" to="6v:12">6v:1-6v:12</locus>
                                <incipit>O Ih<ex>es</ex>u <ex>christ</ex>e thu som æst
                                    vop-<lb/>øselich. mildhetz kieldhe</incipit>
                                <explicit>oc werdhe<ex>n</ex>s elskues <lb/>bry<ex>n</ex>ne koolne i
                                    oss. oc aldeles <lb/>vtslyk Ame<ex>n</ex>
                                </explicit>
                                <rubric type="final">P<ex>ate</ex>r n<ex>oste</ex>r Aue
                                        ma<ex>ri</ex>a</rubric>
                            </msItem>
                            <msItem n="1.8">
                                <locus from="6v:13" facs="#AM12-0418-6v:13" to="7r:7">6v:13-7r:7</locus>
                                <incipit>O Ih<ex>es</ex>u <ex>christ</ex>e thu som æst
                                    hier-<lb/>thens søthme Oc hughse<ex>n</ex>s <lb/>stoor
                                    lystelichet</incipit>
                                <explicit>Vn-<lb/>de oss thit legheme oc bloodh <lb/>wærdighe
                                    athaname i wor <lb/>døtz time til wor<ex>æ</ex> siæles
                                    vether-<lb/>queghelsæ Oc hughswalælse <hi rend="underline">Amen</hi>
                                </explicit>
                                <rubric type="final">P<ex>ate</ex>r n<ex>oste</ex>r Aue
                                    maria</rubric>
                            </msItem>
                            <msItem n="1.9">
                                <locus from="7r:8" facs="#AM12-0418-7r:8" to="7v:6">7r:8-7v:6</locus>
                                <incipit>O Ih<ex>es</ex>u <ex>christ</ex>e thu som æst een
                                    <lb/>kongæligh makt oc jnner-<lb/>lich hughs vsiælich
                                    glædhe</incipit>
                                <explicit>forlathe <lb/>mech ey i myn døtz angest oc <lb/>tranghet
                                        <hi rend="underline">Amen</hi>
                                </explicit>
                                <rubric type="final">P<ex>ate</ex>r n<ex>oste</ex>r Aue
                                        m<ex>ari</ex>a</rubric>
                            </msItem>
                            <msItem n="1.10">
                                <locus from="7v:7" facs="#AM12-0418-7v:7" to="8r:1">7v:7-8r:1</locus>
                                <incipit>O Ih<ex>es</ex>u <ex>christ</ex>e thu som æst alpha <lb/>
                                    <ex>oc</ex> o<supplied reason="omitted">mega</supplied>
                                        begy<ex>n</ex>nelse oc ænde</incipit>
                                <explicit>kiæn mech m<ex>æth</ex> saan kerlighet <lb/>thit buthord
                                    Huilket er megh<ex>et</ex>
                                    <pb n="8r"/>viit <hi rend="underline">Amen</hi>
                                </explicit>
                                <rubric type="final">P<ex>ate</ex>r n<ex>oste</ex>r Aue
                                        ma<ex>ri</ex>a</rubric>
                            </msItem>
                            <msItem n="1.11">
                                <locus from="8r:2" facs="#AM12-0418-8r:2" to="8r:13">8r:2-8r:13</locus>
                                <incipit>O Ih<ex>es</ex>u <ex>christ</ex>e thu som æsth
                                    <lb/>alledyubesthe mysu<ex>n</ex>d-<lb/>hetz agrund</incipit>
                                <explicit>swo lenge h<ex>er</ex>re thin wrethe frem-<lb/>gør <hi rend="underline">Amen</hi>
                                </explicit>
                                <rubric type="final">P<ex>ate</ex>r n<ex>oste</ex>r Aue
                                        ma<ex>ri</ex>a</rubric>
                                <textLang mainLang="da">Dansk</textLang>
                            </msItem>
                            <msItem n="1.12">
                                <locus from="8r:14" facs="#AM12-0418-8r:14" to="9r:5">8r:14-9r:5</locus>
                                <incipit>O Ih<ex>es</ex>u <ex>christ</ex>e thu som esth <lb/>eenhetz
                                    tegn</incipit>
                                <explicit>oc bliwe th<ex>æ</ex>r <lb/>vti ithelighe vth til
                                        my<ex>n</ex> leffnetz<lb/> ændhe<hi rend="underline">Amen</hi>
                                </explicit>
                                <rubric type="final">P<ex>ate</ex>r n<ex>oste</ex>r Aue
                                        ma<ex>ri</ex>a</rubric>
                                <textLang mainLang="da">Dansk</textLang>
                            </msItem>
                            <msItem n="1.13">
                                <locus from="9r:6" facs="#AM12-0418-9r:6" to="9v:4">9r:6-9v:4</locus>
                                <incipit>O Ih<ex>es</ex>u <ex>christ</ex>e thu som æst
                                        also<ex>m</ex>-<lb/>sterkeste løwe</incipit>
                                <explicit>Nar myn <lb/>siæl beclæ<ex>m</ex>mes i angest oc myn
                                    <lb/>ond bedrøwes Ame<ex>n</ex>
                                </explicit>
                                <rubric type="final">P<ex>ate</ex>r n<ex>oste</ex>r aue</rubric>
                            </msItem>
                            <msItem n="1.14">
                                <locus from="9v:5" facs="#AM12-0418-9v:5" to="10r:14">9v:5-10r:14</locus>
                                <incipit>O Ih<ex>es</ex>u <ex>christ</ex>e thu <lb/>som æst thin
                                    <lb/>almectixste fath<ex>e</ex>rs eenighe <lb/>søn.</incipit>
                                <explicit>aname he<ex>n</ex>næ tha igenco<ex>m</ex>-<lb/>medes til
                                    thit ælænde oc swo-<lb/>som een peregrim Ame<ex>n</ex>
                                </explicit>
                                <rubric type="final">P<ex>ate</ex>r n<ex>oste</ex>r <lb/>Aue
                                    maria</rubric>
                            </msItem>
                            <msItem n="1.15">
                                <locus from="10r:14" facs="#AM12-0418-10r:14">10r:14-?
                                    <!-- FACS. OF FOLS 11-23 MISSING FROM BOX --></locus>
                                <incipit>O Ih<ex>es</ex>u <ex>christ</ex>e thu <lb/>som æst eet sant
                                    win-<lb/>træ oc fructso<ex>m</ex>melict</incipit>
                               </msItem>
                            <msItem n="1.16">
                                <locus to="28v:7">?-28v:7</locus>
                                <explicit>frels migh fraa alle myne vwe-<lb/>nner nu oc altiidh. oc
                                    wthi my<ex>n</ex>
                                    <lb/>døtz thimæ Ame<ex>n</ex>
                                </explicit>
                                <rubric type="final">P<ex>ate</ex>r n<ex>oste</ex>r Aue
                                        <lb/>Th<ex>e</ex>n sa<ex>m</ex>me pawe Ioha<ex>nn</ex>es
                                        se<ex>cun</ex>dus <lb/>gaff til th<ex>e</ex>n a<ex>n</ex>nen
                                    bøn viii tw-<lb/>sendhe aar afflat for alle na<lb/>dhelighe
                                        syndher<ex>e</ex>
                                    <ex>etc</ex>
                                </rubric>
                            </msItem>
                            <msItem n="1.17">
                                <locus from="28v:8" facs="#AM12-0418-28v:8">28v:8-</locus>
                                <incipit>O h<ex>er</ex>e ih<ex>es</ex>u <ex>christ</ex>e
                                        werde<ex>n</ex>s heler <lb/>oc igenløser</incipit>
                                <explicit>at elske <lb/>tek ower all tingh som skapt er <hi rend="underline">Amen</hi>
                                </explicit>
                                <rubric type="final">Th<ex>e</ex>n sa<ex>m</ex>me pawe gaff <lb/>til
                                        th<ex>e</ex>n thredie bøn firesse<ex>n</ex>s tywff-<lb/>we
                                    oc halff fæmptessens tiwffue <lb/>twsendhe karener
                                    P<ex>ate</ex>r n<ex>oste</ex>r Aue <ex>etc</ex>
                                </rubric>
                            </msItem>
                        </msItem>
                    </msContents>
                    <physDesc>
                        <objectDesc form="codex">
                            <supportDesc material="perg">
                                <support>
                                    <p>
                                        <material>Pergament</material>.</p>
                                </support>
                                <extent>75. <dimensions type="leaf" scope="all">
                                        <height>117</height>
                                        <width>90</width>
                                    </dimensions>
                                </extent>
                            <condition>På bl. 67v er nogle slutningslinjer med rød skrift udraderede.</condition>
                            </supportDesc>
                            <layoutDesc>
                                <layout columns="1">
                                    <p>Røde og blå initialer; overskrifter, forklaringer o.l. skrevet med rødt blæk.</p>
                                </layout>
                            </layoutDesc>
                        </objectDesc>
                        <additions>
                            <p>Yngre marginalia på 36r-v.</p>
                        </additions>
                    </physDesc>
                    <history>
                        <origin>
                            <p>Håndskriftet er skrevet i <name type="place">Danmark</name>
                                <origDate notBefore="1475" notAfter="1525" evidence="conjecture" resp="KKKat">ca. 1500</origDate>.</p>
                        </origin>
                    </history>
                    <additional>
                        <adminInfo>
                            <recordHist>
                                <source>
                                    <p>Katalogiseret <date when="2000-04-04">4. april 2000</date> af
                                        <name type="person" key="AnnSee001">AWS</name>.</p>
                                </source>
                            </recordHist>
                            <custodialHist>
                                <custEvent type="photography">
                                    <p>Håndskriftet blev fotograferet <date when="1989">1989</date>.</p>
                                </custEvent>
                            </custodialHist>
                        </adminInfo>
                        <surrogates>
                            <p>
                                <bibl>
                                    <title type="gmd">mikrofilm master</title>
                                    <idno>Neg. 832</idno>
                                    <title type="gmd">mikrofilm archive</title>
                                    <idno>Pos. 757</idno>
                                    <date when="1989">1989</date>
                                </bibl>.</p>
                        </surrogates>
                        <listBibl>
                            <bibl>Brandt og Helweg:
                                <ref target="DDPsalme">Den Danske Psalmedigtning</ref> 
                        <biblScope type="volume">I</biblScope>
                                <biblScope type="pages">xx</biblScope>
                     </bibl>
                            <bibl>Rietz:
                                <ref target="Wadstena">En Wadstena-nunnas bönbok</ref>
                                <biblScope type="pages">xviii-xx</biblScope>
                            </bibl>
                        </listBibl>
                    </additional>
                </msDesc>
            </sourceDesc>
        </fileDesc>
    </teiHeader>
	<facsimile xml:base="https://myndir.handrit.is/file/Handrit.is/">
		<surface xml:id="AM12-0418-0000r-FB" n="0">
			<desc>0000r-FB</desc>
			<graphic mimeType="pdf" url="AM%20418%2012mo/0/HIGH_QUALITY_DISPLAY"/>
			<graphic mimeType="jpg" url="AM%20418%2012mo/0/THUMBNAIL" width="200px" height="241px"/>
			<graphic mimeType="jpg" url="AM%20418%2012mo/0/SECONDARY_DISPLAY" width="2104px" height="2539px"/>
			<graphic mimeType="pdf" url="AM%20418%2012mo/0/WEB_DISPLAY"/>
		</surface>
		<surface xml:id="AM12-0418-0000v-FB" n="1">
			<desc>0000v-FB</desc>
			<graphic mimeType="pdf" url="AM%20418%2012mo/1/HIGH_QUALITY_DISPLAY"/>
			<graphic mimeType="jpg" url="AM%20418%2012mo/1/THUMBNAIL" width="200px" height="259px"/>
			<graphic mimeType="jpg" url="AM%20418%2012mo/1/SECONDARY_DISPLAY" width="2159px" height="2800px"/>
			<graphic mimeType="pdf" url="AM%20418%2012mo/1/WEB_DISPLAY"/>
		</surface>
		<surface xml:id="AM12-0418-0001r-FFl" n="2">
			<desc>0001r-FFl</desc>
			<graphic mimeType="pdf" url="AM%20418%2012mo/2/HIGH_QUALITY_DISPLAY"/>
			<graphic mimeType="jpg" url="AM%20418%2012mo/2/THUMBNAIL" width="200px" height="259px"/>
			<graphic mimeType="jpg" url="AM%20418%2012mo/2/SECONDARY_DISPLAY" width="2159px" height="2800px"/>
			<graphic mimeType="pdf" url="AM%20418%2012mo/2/WEB_DISPLAY"/>
		</surface>
		<surface xml:id="AM12-0418-0001v-FFl" n="3">
			<desc>0001v-FFl</desc>
			<graphic mimeType="pdf" url="AM%20418%2012mo/3/HIGH_QUALITY_DISPLAY"/>
			<graphic mimeType="jpg" url="AM%20418%2012mo/3/THUMBNAIL" width="200px" height="300px"/>
			<graphic mimeType="jpg" url="AM%20418%2012mo/3/SECONDARY_DISPLAY" width="600px" height="900px"/>
			<graphic mimeType="pdf" url="AM%20418%2012mo/3/WEB_DISPLAY"/>
		</surface>
		<surface xml:id="AM12-0418-0001r" n="4">
			<desc>0001r</desc>
			<graphic mimeType="pdf" url="AM%20418%2012mo/4/HIGH_QUALITY_DISPLAY"/>
			<graphic mimeType="jpg" url="AM%20418%2012mo/4/THUMBNAIL" width="200px" height="258px"/>
			<graphic mimeType="jpg" url="AM%20418%2012mo/4/SECONDARY_DISPLAY" width="3200px" height="4133px"/>
			<graphic mimeType="pdf" url="AM%20418%2012mo/4/WEB_DISPLAY"/>
		</surface>
		<surface xml:id="AM12-0418-0001v" n="5">
			<desc>0001v</desc>
			<graphic mimeType="pdf" url="AM%20418%2012mo/5/HIGH_QUALITY_DISPLAY"/>
			<graphic mimeType="jpg" url="AM%20418%2012mo/5/THUMBNAIL" width="200px" height="254px"/>
			<graphic mimeType="jpg" url="AM%20418%2012mo/5/SECONDARY_DISPLAY" width="2159px" height="2739px"/>
			<graphic mimeType="pdf" url="AM%20418%2012mo/5/WEB_DISPLAY"/>
		</surface>
		<surface xml:id="AM12-0418-0002r" n="6">
			<desc>0002r</desc>
			<graphic mimeType="pdf" url="AM%20418%2012mo/6/HIGH_QUALITY_DISPLAY"/>
			<graphic mimeType="jpg" url="AM%20418%2012mo/6/THUMBNAIL" width="200px" height="254px"/>
			<graphic mimeType="jpg" url="AM%20418%2012mo/6/SECONDARY_DISPLAY" width="2159px" height="2739px"/>
			<graphic mimeType="pdf" url="AM%20418%2012mo/6/WEB_DISPLAY"/>
		</surface>
		<surface xml:id="AM12-0418-0002v" n="7">
			<desc>0002v</desc>
			<graphic mimeType="pdf" url="AM%20418%2012mo/7/HIGH_QUALITY_DISPLAY"/>
			<graphic mimeType="jpg" url="AM%20418%2012mo/7/THUMBNAIL" width="200px" height="254px"/>
			<graphic mimeType="jpg" url="AM%20418%2012mo/7/SECONDARY_DISPLAY" width="2159px" height="2739px"/>
			<graphic mimeType="pdf" url="AM%20418%2012mo/7/WEB_DISPLAY"/>
		</surface>
		<surface xml:id="AM12-0418-0003r" n="8">
			<desc>0003r</desc>
			<graphic mimeType="pdf" url="AM%20418%2012mo/8/HIGH_QUALITY_DISPLAY"/>
			<graphic mimeType="jpg" url="AM%20418%2012mo/8/THUMBNAIL" width="200px" height="254px"/>
			<graphic mimeType="jpg" url="AM%20418%2012mo/8/SECONDARY_DISPLAY" width="2159px" height="2739px"/>
			<graphic mimeType="pdf" url="AM%20418%2012mo/8/WEB_DISPLAY"/>
		</surface>
		<surface xml:id="AM12-0418-0003v" n="9">
			<desc>0003v</desc>
			<graphic mimeType="pdf" url="AM%20418%2012mo/9/HIGH_QUALITY_DISPLAY"/>
			<graphic mimeType="jpg" url="AM%20418%2012mo/9/THUMBNAIL" width="200px" height="257px"/>
			<graphic mimeType="jpg" url="AM%20418%2012mo/9/SECONDARY_DISPLAY" width="2159px" height="2778px"/>
			<graphic mimeType="pdf" url="AM%20418%2012mo/9/WEB_DISPLAY"/>
		</surface>
		<surface xml:id="AM12-0418-0004r" n="10">
			<desc>0004r</desc>
			<graphic mimeType="pdf" url="AM%20418%2012mo/10/HIGH_QUALITY_DISPLAY"/>
			<graphic mimeType="jpg" url="AM%20418%2012mo/10/THUMBNAIL" width="200px" height="257px"/>
			<graphic mimeType="jpg" url="AM%20418%2012mo/10/SECONDARY_DISPLAY" width="2159px" height="2778px"/>
			<graphic mimeType="pdf" url="AM%20418%2012mo/10/WEB_DISPLAY"/>
		</surface>
		<surface xml:id="AM12-0418-0004v" n="11">
			<desc>0004v</desc>
			<graphic mimeType="pdf" url="AM%20418%2012mo/11/HIGH_QUALITY_DISPLAY"/>
			<graphic mimeType="jpg" url="AM%20418%2012mo/11/THUMBNAIL" width="200px" height="255px"/>
			<graphic mimeType="jpg" url="AM%20418%2012mo/11/SECONDARY_DISPLAY" width="2159px" height="2756px"/>
			<graphic mimeType="pdf" url="AM%20418%2012mo/11/WEB_DISPLAY"/>
		</surface>
		<surface xml:id="AM12-0418-0005r" n="12">
			<desc>0005r</desc>
			<graphic mimeType="pdf" url="AM%20418%2012mo/12/HIGH_QUALITY_DISPLAY"/>
			<graphic mimeType="jpg" url="AM%20418%2012mo/12/THUMBNAIL" width="200px" height="255px"/>
			<graphic mimeType="jpg" url="AM%20418%2012mo/12/SECONDARY_DISPLAY" width="2159px" height="2756px"/>
			<graphic mimeType="pdf" url="AM%20418%2012mo/12/WEB_DISPLAY"/>
		</surface>
		<surface xml:id="AM12-0418-0005v" n="13">
			<desc>0005v</desc>
			<graphic mimeType="pdf" url="AM%20418%2012mo/13/HIGH_QUALITY_DISPLAY"/>
			<graphic mimeType="jpg" url="AM%20418%2012mo/13/THUMBNAIL" width="200px" height="255px"/>
			<graphic mimeType="jpg" url="AM%20418%2012mo/13/SECONDARY_DISPLAY" width="2159px" height="2756px"/>
			<graphic mimeType="pdf" url="AM%20418%2012mo/13/WEB_DISPLAY"/>
		</surface>
		<surface xml:id="AM12-0418-0006r" n="14">
			<desc>0006r</desc>
			<graphic mimeType="pdf" url="AM%20418%2012mo/14/HIGH_QUALITY_DISPLAY"/>
			<graphic mimeType="jpg" url="AM%20418%2012mo/14/THUMBNAIL" width="200px" height="255px"/>
			<graphic mimeType="jpg" url="AM%20418%2012mo/14/SECONDARY_DISPLAY" width="2159px" height="2756px"/>
			<graphic mimeType="pdf" url="AM%20418%2012mo/14/WEB_DISPLAY"/>
		</surface>
		<surface xml:id="AM12-0418-0006v" n="15">
			<desc>0006v</desc>
			<graphic mimeType="pdf" url="AM%20418%2012mo/15/HIGH_QUALITY_DISPLAY"/>
			<graphic mimeType="jpg" url="AM%20418%2012mo/15/THUMBNAIL" width="200px" height="257px"/>
			<graphic mimeType="jpg" url="AM%20418%2012mo/15/SECONDARY_DISPLAY" width="2159px" height="2772px"/>
			<graphic mimeType="pdf" url="AM%20418%2012mo/15/WEB_DISPLAY"/>
		</surface>
		<surface xml:id="AM12-0418-0007r" n="16">
			<desc>0007r</desc>
			<graphic mimeType="pdf" url="AM%20418%2012mo/16/HIGH_QUALITY_DISPLAY"/>
			<graphic mimeType="jpg" url="AM%20418%2012mo/16/THUMBNAIL" width="200px" height="257px"/>
			<graphic mimeType="jpg" url="AM%20418%2012mo/16/SECONDARY_DISPLAY" width="2159px" height="2772px"/>
			<graphic mimeType="pdf" url="AM%20418%2012mo/16/WEB_DISPLAY"/>
		</surface>
		<surface xml:id="AM12-0418-0007v" n="17">
			<desc>0007v</desc>
			<graphic mimeType="pdf" url="AM%20418%2012mo/17/HIGH_QUALITY_DISPLAY"/>
			<graphic mimeType="jpg" url="AM%20418%2012mo/17/THUMBNAIL" width="200px" height="254px"/>
			<graphic mimeType="jpg" url="AM%20418%2012mo/17/SECONDARY_DISPLAY" width="2159px" height="2744px"/>
			<graphic mimeType="pdf" url="AM%20418%2012mo/17/WEB_DISPLAY"/>
		</surface>
		<surface xml:id="AM12-0418-0008r" n="18">
			<desc>0008r</desc>
			<graphic mimeType="pdf" url="AM%20418%2012mo/18/HIGH_QUALITY_DISPLAY"/>
			<graphic mimeType="jpg" url="AM%20418%2012mo/18/THUMBNAIL" width="200px" height="254px"/>
			<graphic mimeType="jpg" url="AM%20418%2012mo/18/SECONDARY_DISPLAY" width="2159px" height="2744px"/>
			<graphic mimeType="pdf" url="AM%20418%2012mo/18/WEB_DISPLAY"/>
		</surface>
		<surface xml:id="AM12-0418-0008v" n="19">
			<desc>0008v</desc>
			<graphic mimeType="pdf" url="AM%20418%2012mo/19/HIGH_QUALITY_DISPLAY"/>
			<graphic mimeType="jpg" url="AM%20418%2012mo/19/THUMBNAIL" width="200px" height="253px"/>
			<graphic mimeType="jpg" url="AM%20418%2012mo/19/SECONDARY_DISPLAY" width="2159px" height="2728px"/>
			<graphic mimeType="pdf" url="AM%20418%2012mo/19/WEB_DISPLAY"/>
		</surface>
		<surface xml:id="AM12-0418-0009r" n="20">
			<desc>0009r</desc>
			<graphic mimeType="pdf" url="AM%20418%2012mo/20/HIGH_QUALITY_DISPLAY"/>
			<graphic mimeType="jpg" url="AM%20418%2012mo/20/THUMBNAIL" width="200px" height="253px"/>
			<graphic mimeType="jpg" url="AM%20418%2012mo/20/SECONDARY_DISPLAY" width="2159px" height="2728px"/>
			<graphic mimeType="pdf" url="AM%20418%2012mo/20/WEB_DISPLAY"/>
		</surface>
		<surface xml:id="AM12-0418-0009v" n="21">
			<desc>0009v</desc>
			<graphic mimeType="pdf" url="AM%20418%2012mo/21/HIGH_QUALITY_DISPLAY"/>
			<graphic mimeType="jpg" url="AM%20418%2012mo/21/THUMBNAIL" width="200px" height="254px"/>
			<graphic mimeType="jpg" url="AM%20418%2012mo/21/SECONDARY_DISPLAY" width="2159px" height="2739px"/>
			<graphic mimeType="pdf" url="AM%20418%2012mo/21/WEB_DISPLAY"/>
		</surface>
		<surface xml:id="AM12-0418-0010r" n="22">
			<desc>0010r</desc>
			<graphic mimeType="pdf" url="AM%20418%2012mo/22/HIGH_QUALITY_DISPLAY"/>
			<graphic mimeType="jpg" url="AM%20418%2012mo/22/THUMBNAIL" width="200px" height="254px"/>
			<graphic mimeType="jpg" url="AM%20418%2012mo/22/SECONDARY_DISPLAY" width="2159px" height="2739px"/>
			<graphic mimeType="pdf" url="AM%20418%2012mo/22/WEB_DISPLAY"/>
		</surface>
		<surface xml:id="AM12-0418-0010v" n="23">
			<desc>0010v</desc>
			<graphic mimeType="pdf" url="AM%20418%2012mo/23/HIGH_QUALITY_DISPLAY"/>
			<graphic mimeType="jpg" url="AM%20418%2012mo/23/THUMBNAIL" width="200px" height="261px"/>
			<graphic mimeType="jpg" url="AM%20418%2012mo/23/SECONDARY_DISPLAY" width="2159px" height="2822px"/>
			<graphic mimeType="pdf" url="AM%20418%2012mo/23/WEB_DISPLAY"/>
		</surface>
		<surface xml:id="AM12-0418-0011r" n="24">
			<desc>0011r</desc>
			<graphic mimeType="pdf" url="AM%20418%2012mo/24/HIGH_QUALITY_DISPLAY"/>
			<graphic mimeType="jpg" url="AM%20418%2012mo/24/THUMBNAIL" width="200px" height="261px"/>
			<graphic mimeType="jpg" url="AM%20418%2012mo/24/SECONDARY_DISPLAY" width="2159px" height="2822px"/>
			<graphic mimeType="pdf" url="AM%20418%2012mo/24/WEB_DISPLAY"/>
		</surface>
		<surface xml:id="AM12-0418-0011v" n="25">
			<desc>0011v</desc>
			<graphic mimeType="pdf" url="AM%20418%2012mo/25/HIGH_QUALITY_DISPLAY"/>
			<graphic mimeType="jpg" url="AM%20418%2012mo/25/THUMBNAIL" width="200px" height="261px"/>
			<graphic mimeType="jpg" url="AM%20418%2012mo/25/SECONDARY_DISPLAY" width="2159px" height="2817px"/>
			<graphic mimeType="pdf" url="AM%20418%2012mo/25/WEB_DISPLAY"/>
		</surface>
		<surface xml:id="AM12-0418-0012r" n="26">
			<desc>0012r</desc>
			<graphic mimeType="pdf" url="AM%20418%2012mo/26/HIGH_QUALITY_DISPLAY"/>
			<graphic mimeType="jpg" url="AM%20418%2012mo/26/THUMBNAIL" width="200px" height="261px"/>
			<graphic mimeType="jpg" url="AM%20418%2012mo/26/SECONDARY_DISPLAY" width="2159px" height="2817px"/>
			<graphic mimeType="pdf" url="AM%20418%2012mo/26/WEB_DISPLAY"/>
		</surface>
		<surface xml:id="AM12-0418-0012v" n="27">
			<desc>0012v</desc>
			<graphic mimeType="pdf" url="AM%20418%2012mo/27/HIGH_QUALITY_DISPLAY"/>
			<graphic mimeType="jpg" url="AM%20418%2012mo/27/THUMBNAIL" width="200px" height="260px"/>
			<graphic mimeType="jpg" url="AM%20418%2012mo/27/SECONDARY_DISPLAY" width="2159px" height="2811px"/>
			<graphic mimeType="pdf" url="AM%20418%2012mo/27/WEB_DISPLAY"/>
		</surface>
		<surface xml:id="AM12-0418-0013r" n="28">
			<desc>0013r</desc>
			<graphic mimeType="pdf" url="AM%20418%2012mo/28/HIGH_QUALITY_DISPLAY"/>
			<graphic mimeType="jpg" url="AM%20418%2012mo/28/THUMBNAIL" width="200px" height="260px"/>
			<graphic mimeType="jpg" url="AM%20418%2012mo/28/SECONDARY_DISPLAY" width="2159px" height="2811px"/>
			<graphic mimeType="pdf" url="AM%20418%2012mo/28/WEB_DISPLAY"/>
		</surface>
		<surface xml:id="AM12-0418-0013v" n="29">
			<desc>0013v</desc>
			<graphic mimeType="pdf" url="AM%20418%2012mo/29/HIGH_QUALITY_DISPLAY"/>
			<graphic mimeType="jpg" url="AM%20418%2012mo/29/THUMBNAIL" width="200px" height="261px"/>
			<graphic mimeType="jpg" url="AM%20418%2012mo/29/SECONDARY_DISPLAY" width="2159px" height="2817px"/>
			<graphic mimeType="pdf" url="AM%20418%2012mo/29/WEB_DISPLAY"/>
		</surface>
		<surface xml:id="AM12-0418-0014r" n="30">
			<desc>0014r</desc>
			<graphic mimeType="pdf" url="AM%20418%2012mo/30/HIGH_QUALITY_DISPLAY"/>
			<graphic mimeType="jpg" url="AM%20418%2012mo/30/THUMBNAIL" width="200px" height="261px"/>
			<graphic mimeType="jpg" url="AM%20418%2012mo/30/SECONDARY_DISPLAY" width="2159px" height="2817px"/>
			<graphic mimeType="pdf" url="AM%20418%2012mo/30/WEB_DISPLAY"/>
		</surface>
		<surface xml:id="AM12-0418-0014v" n="31">
			<desc>0014v</desc>
			<graphic mimeType="pdf" url="AM%20418%2012mo/31/HIGH_QUALITY_DISPLAY"/>
			<graphic mimeType="jpg" url="AM%20418%2012mo/31/THUMBNAIL" width="200px" height="261px"/>
			<graphic mimeType="jpg" url="AM%20418%2012mo/31/SECONDARY_DISPLAY" width="2159px" height="2817px"/>
			<graphic mimeType="pdf" url="AM%20418%2012mo/31/WEB_DISPLAY"/>
		</surface>
		<surface xml:id="AM12-0418-0015r" n="32">
			<desc>0015r</desc>
			<graphic mimeType="pdf" url="AM%20418%2012mo/32/HIGH_QUALITY_DISPLAY"/>
			<graphic mimeType="jpg" url="AM%20418%2012mo/32/THUMBNAIL" width="200px" height="261px"/>
			<graphic mimeType="jpg" url="AM%20418%2012mo/32/SECONDARY_DISPLAY" width="2159px" height="2817px"/>
			<graphic mimeType="pdf" url="AM%20418%2012mo/32/WEB_DISPLAY"/>
		</surface>
		<surface xml:id="AM12-0418-0015v" n="33">
			<desc>0015v</desc>
			<graphic mimeType="pdf" url="AM%20418%2012mo/33/HIGH_QUALITY_DISPLAY"/>
			<graphic mimeType="jpg" url="AM%20418%2012mo/33/THUMBNAIL" width="200px" height="262px"/>
			<graphic mimeType="jpg" url="AM%20418%2012mo/33/SECONDARY_DISPLAY" width="2599px" height="3409px"/>
			<graphic mimeType="pdf" url="AM%20418%2012mo/33/WEB_DISPLAY"/>
		</surface>
		<surface xml:id="AM12-0418-0016r" n="34">
			<desc>0016r</desc>
			<graphic mimeType="pdf" url="AM%20418%2012mo/34/HIGH_QUALITY_DISPLAY"/>
			<graphic mimeType="jpg" url="AM%20418%2012mo/34/THUMBNAIL" width="200px" height="259px"/>
			<graphic mimeType="jpg" url="AM%20418%2012mo/34/SECONDARY_DISPLAY" width="2635px" height="3415px"/>
			<graphic mimeType="pdf" url="AM%20418%2012mo/34/WEB_DISPLAY"/>
		</surface>
		<surface xml:id="AM12-0418-0016v" n="35">
			<desc>0016v</desc>
			<graphic mimeType="pdf" url="AM%20418%2012mo/35/HIGH_QUALITY_DISPLAY"/>
			<graphic mimeType="jpg" url="AM%20418%2012mo/35/THUMBNAIL" width="200px" height="261px"/>
			<graphic mimeType="jpg" url="AM%20418%2012mo/35/SECONDARY_DISPLAY" width="2159px" height="2822px"/>
			<graphic mimeType="pdf" url="AM%20418%2012mo/35/WEB_DISPLAY"/>
		</surface>
		<surface xml:id="AM12-0418-0017r" n="36">
			<desc>0017r</desc>
			<graphic mimeType="pdf" url="AM%20418%2012mo/36/HIGH_QUALITY_DISPLAY"/>
			<graphic mimeType="jpg" url="AM%20418%2012mo/36/THUMBNAIL" width="200px" height="261px"/>
			<graphic mimeType="jpg" url="AM%20418%2012mo/36/SECONDARY_DISPLAY" width="2159px" height="2822px"/>
			<graphic mimeType="pdf" url="AM%20418%2012mo/36/WEB_DISPLAY"/>
		</surface>
		<surface xml:id="AM12-0418-0017v" n="37">
			<desc>0017v</desc>
			<graphic mimeType="pdf" url="AM%20418%2012mo/37/HIGH_QUALITY_DISPLAY"/>
			<graphic mimeType="jpg" url="AM%20418%2012mo/37/THUMBNAIL" width="200px" height="258px"/>
			<graphic mimeType="jpg" url="AM%20418%2012mo/37/SECONDARY_DISPLAY" width="2159px" height="2783px"/>
			<graphic mimeType="pdf" url="AM%20418%2012mo/37/WEB_DISPLAY"/>
		</surface>
		<surface xml:id="AM12-0418-0018r" n="38">
			<desc>0018r</desc>
			<graphic mimeType="pdf" url="AM%20418%2012mo/38/HIGH_QUALITY_DISPLAY"/>
			<graphic mimeType="jpg" url="AM%20418%2012mo/38/THUMBNAIL" width="200px" height="258px"/>
			<graphic mimeType="jpg" url="AM%20418%2012mo/38/SECONDARY_DISPLAY" width="2159px" height="2783px"/>
			<graphic mimeType="pdf" url="AM%20418%2012mo/38/WEB_DISPLAY"/>
		</surface>
		<surface xml:id="AM12-0418-0018v" n="39">
			<desc>0018v</desc>
			<graphic mimeType="pdf" url="AM%20418%2012mo/39/HIGH_QUALITY_DISPLAY"/>
			<graphic mimeType="jpg" url="AM%20418%2012mo/39/THUMBNAIL" width="200px" height="258px"/>
			<graphic mimeType="jpg" url="AM%20418%2012mo/39/SECONDARY_DISPLAY" width="2159px" height="2783px"/>
			<graphic mimeType="pdf" url="AM%20418%2012mo/39/WEB_DISPLAY"/>
		</surface>
		<surface xml:id="AM12-0418-0019r" n="40">
			<desc>0019r</desc>
			<graphic mimeType="pdf" url="AM%20418%2012mo/40/HIGH_QUALITY_DISPLAY"/>
			<graphic mimeType="jpg" url="AM%20418%2012mo/40/THUMBNAIL" width="200px" height="258px"/>
			<graphic mimeType="jpg" url="AM%20418%2012mo/40/SECONDARY_DISPLAY" width="2159px" height="2783px"/>
			<graphic mimeType="pdf" url="AM%20418%2012mo/40/WEB_DISPLAY"/>
		</surface>
		<surface xml:id="AM12-0418-0019v" n="41">
			<desc>0019v</desc>
			<graphic mimeType="pdf" url="AM%20418%2012mo/41/HIGH_QUALITY_DISPLAY"/>
			<graphic mimeType="jpg" url="AM%20418%2012mo/41/THUMBNAIL" width="200px" height="258px"/>
			<graphic mimeType="jpg" url="AM%20418%2012mo/41/SECONDARY_DISPLAY" width="2159px" height="2783px"/>
			<graphic mimeType="pdf" url="AM%20418%2012mo/41/WEB_DISPLAY"/>
		</surface>
		<surface xml:id="AM12-0418-0020r" n="42">
			<desc>0020r</desc>
			<graphic mimeType="pdf" url="AM%20418%2012mo/42/HIGH_QUALITY_DISPLAY"/>
			<graphic mimeType="jpg" url="AM%20418%2012mo/42/THUMBNAIL" width="200px" height="258px"/>
			<graphic mimeType="jpg" url="AM%20418%2012mo/42/SECONDARY_DISPLAY" width="2159px" height="2783px"/>
			<graphic mimeType="pdf" url="AM%20418%2012mo/42/WEB_DISPLAY"/>
		</surface>
		<surface xml:id="AM12-0418-0020v" n="43">
			<desc>0020v</desc>
			<graphic mimeType="pdf" url="AM%20418%2012mo/43/HIGH_QUALITY_DISPLAY"/>
			<graphic mimeType="jpg" url="AM%20418%2012mo/43/THUMBNAIL" width="200px" height="258px"/>
			<graphic mimeType="jpg" url="AM%20418%2012mo/43/SECONDARY_DISPLAY" width="2159px" height="2783px"/>
			<graphic mimeType="pdf" url="AM%20418%2012mo/43/WEB_DISPLAY"/>
		</surface>
		<surface xml:id="AM12-0418-0021r" n="44">
			<desc>0021r</desc>
			<graphic mimeType="pdf" url="AM%20418%2012mo/44/HIGH_QUALITY_DISPLAY"/>
			<graphic mimeType="jpg" url="AM%20418%2012mo/44/THUMBNAIL" width="200px" height="258px"/>
			<graphic mimeType="jpg" url="AM%20418%2012mo/44/SECONDARY_DISPLAY" width="2159px" height="2783px"/>
			<graphic mimeType="pdf" url="AM%20418%2012mo/44/WEB_DISPLAY"/>
		</surface>
		<surface xml:id="AM12-0418-0021v" n="45">
			<desc>0021v</desc>
			<graphic mimeType="pdf" url="AM%20418%2012mo/45/HIGH_QUALITY_DISPLAY"/>
			<graphic mimeType="jpg" url="AM%20418%2012mo/45/THUMBNAIL" width="200px" height="257px"/>
			<graphic mimeType="jpg" url="AM%20418%2012mo/45/SECONDARY_DISPLAY" width="2159px" height="2772px"/>
			<graphic mimeType="pdf" url="AM%20418%2012mo/45/WEB_DISPLAY"/>
		</surface>
		<surface xml:id="AM12-0418-0022r" n="46">
			<desc>0022r</desc>
			<graphic mimeType="pdf" url="AM%20418%2012mo/46/HIGH_QUALITY_DISPLAY"/>
			<graphic mimeType="jpg" url="AM%20418%2012mo/46/THUMBNAIL" width="200px" height="257px"/>
			<graphic mimeType="jpg" url="AM%20418%2012mo/46/SECONDARY_DISPLAY" width="2159px" height="2772px"/>
			<graphic mimeType="pdf" url="AM%20418%2012mo/46/WEB_DISPLAY"/>
		</surface>
		<surface xml:id="AM12-0418-0022v" n="47">
			<desc>0022v</desc>
			<graphic mimeType="pdf" url="AM%20418%2012mo/47/HIGH_QUALITY_DISPLAY"/>
			<graphic mimeType="jpg" url="AM%20418%2012mo/47/THUMBNAIL" width="200px" height="257px"/>
			<graphic mimeType="jpg" url="AM%20418%2012mo/47/SECONDARY_DISPLAY" width="2159px" height="2772px"/>
			<graphic mimeType="pdf" url="AM%20418%2012mo/47/WEB_DISPLAY"/>
		</surface>
		<surface xml:id="AM12-0418-0023r" n="48">
			<desc>0023r</desc>
			<graphic mimeType="pdf" url="AM%20418%2012mo/48/HIGH_QUALITY_DISPLAY"/>
			<graphic mimeType="jpg" url="AM%20418%2012mo/48/THUMBNAIL" width="200px" height="257px"/>
			<graphic mimeType="jpg" url="AM%20418%2012mo/48/SECONDARY_DISPLAY" width="2159px" height="2772px"/>
			<graphic mimeType="pdf" url="AM%20418%2012mo/48/WEB_DISPLAY"/>
		</surface>
		<surface xml:id="AM12-0418-0023v" n="49">
			<desc>0023v</desc>
			<graphic mimeType="pdf" url="AM%20418%2012mo/49/HIGH_QUALITY_DISPLAY"/>
			<graphic mimeType="jpg" url="AM%20418%2012mo/49/THUMBNAIL" width="200px" height="252px"/>
			<graphic mimeType="jpg" url="AM%20418%2012mo/49/SECONDARY_DISPLAY" width="2159px" height="2722px"/>
			<graphic mimeType="pdf" url="AM%20418%2012mo/49/WEB_DISPLAY"/>
		</surface>
		<surface xml:id="AM12-0418-0024r" n="50">
			<desc>0024r</desc>
			<graphic mimeType="pdf" url="AM%20418%2012mo/50/HIGH_QUALITY_DISPLAY"/>
			<graphic mimeType="jpg" url="AM%20418%2012mo/50/THUMBNAIL" width="200px" height="252px"/>
			<graphic mimeType="jpg" url="AM%20418%2012mo/50/SECONDARY_DISPLAY" width="2159px" height="2722px"/>
			<graphic mimeType="pdf" url="AM%20418%2012mo/50/WEB_DISPLAY"/>
		</surface>
		<surface xml:id="AM12-0418-0024v" n="51">
			<desc>0024v</desc>
			<graphic mimeType="pdf" url="AM%20418%2012mo/51/HIGH_QUALITY_DISPLAY"/>
			<graphic mimeType="jpg" url="AM%20418%2012mo/51/THUMBNAIL" width="200px" height="253px"/>
			<graphic mimeType="jpg" url="AM%20418%2012mo/51/SECONDARY_DISPLAY" width="2159px" height="2733px"/>
			<graphic mimeType="pdf" url="AM%20418%2012mo/51/WEB_DISPLAY"/>
		</surface>
		<surface xml:id="AM12-0418-0025r" n="52">
			<desc>0025r</desc>
			<graphic mimeType="pdf" url="AM%20418%2012mo/52/HIGH_QUALITY_DISPLAY"/>
			<graphic mimeType="jpg" url="AM%20418%2012mo/52/THUMBNAIL" width="200px" height="253px"/>
			<graphic mimeType="jpg" url="AM%20418%2012mo/52/SECONDARY_DISPLAY" width="2159px" height="2733px"/>
			<graphic mimeType="pdf" url="AM%20418%2012mo/52/WEB_DISPLAY"/>
		</surface>
		<surface xml:id="AM12-0418-0025v" n="53">
			<desc>0025v</desc>
			<graphic mimeType="pdf" url="AM%20418%2012mo/53/HIGH_QUALITY_DISPLAY"/>
			<graphic mimeType="jpg" url="AM%20418%2012mo/53/THUMBNAIL" width="200px" height="253px"/>
			<graphic mimeType="jpg" url="AM%20418%2012mo/53/SECONDARY_DISPLAY" width="2159px" height="2733px"/>
			<graphic mimeType="pdf" url="AM%20418%2012mo/53/WEB_DISPLAY"/>
		</surface>
		<surface xml:id="AM12-0418-0026r" n="54">
			<desc>0026r</desc>
			<graphic mimeType="pdf" url="AM%20418%2012mo/54/HIGH_QUALITY_DISPLAY"/>
			<graphic mimeType="jpg" url="AM%20418%2012mo/54/THUMBNAIL" width="200px" height="253px"/>
			<graphic mimeType="jpg" url="AM%20418%2012mo/54/SECONDARY_DISPLAY" width="2159px" height="2733px"/>
			<graphic mimeType="pdf" url="AM%20418%2012mo/54/WEB_DISPLAY"/>
		</surface>
		<surface xml:id="AM12-0418-0026v" n="55">
			<desc>0026v</desc>
			<graphic mimeType="pdf" url="AM%20418%2012mo/55/HIGH_QUALITY_DISPLAY"/>
			<graphic mimeType="jpg" url="AM%20418%2012mo/55/THUMBNAIL" width="200px" height="253px"/>
			<graphic mimeType="jpg" url="AM%20418%2012mo/55/SECONDARY_DISPLAY" width="2159px" height="2733px"/>
			<graphic mimeType="pdf" url="AM%20418%2012mo/55/WEB_DISPLAY"/>
		</surface>
		<surface xml:id="AM12-0418-0027r" n="56">
			<desc>0027r</desc>
			<graphic mimeType="pdf" url="AM%20418%2012mo/56/HIGH_QUALITY_DISPLAY"/>
			<graphic mimeType="jpg" url="AM%20418%2012mo/56/THUMBNAIL" width="200px" height="253px"/>
			<graphic mimeType="jpg" url="AM%20418%2012mo/56/SECONDARY_DISPLAY" width="2159px" height="2733px"/>
			<graphic mimeType="pdf" url="AM%20418%2012mo/56/WEB_DISPLAY"/>
		</surface>
		<surface xml:id="AM12-0418-0027v" n="57">
			<desc>0027v</desc>
			<graphic mimeType="pdf" url="AM%20418%2012mo/57/HIGH_QUALITY_DISPLAY"/>
			<graphic mimeType="jpg" url="AM%20418%2012mo/57/THUMBNAIL" width="200px" height="257px"/>
			<graphic mimeType="jpg" url="AM%20418%2012mo/57/SECONDARY_DISPLAY" width="2159px" height="2772px"/>
			<graphic mimeType="pdf" url="AM%20418%2012mo/57/WEB_DISPLAY"/>
		</surface>
		<surface xml:id="AM12-0418-0028r" n="58">
			<desc>0028r</desc>
			<graphic mimeType="pdf" url="AM%20418%2012mo/58/HIGH_QUALITY_DISPLAY"/>
			<graphic mimeType="jpg" url="AM%20418%2012mo/58/THUMBNAIL" width="200px" height="257px"/>
			<graphic mimeType="jpg" url="AM%20418%2012mo/58/SECONDARY_DISPLAY" width="2159px" height="2772px"/>
			<graphic mimeType="pdf" url="AM%20418%2012mo/58/WEB_DISPLAY"/>
		</surface>
		<surface xml:id="AM12-0418-0028v" n="59">
			<desc>0028v</desc>
			<graphic mimeType="pdf" url="AM%20418%2012mo/59/HIGH_QUALITY_DISPLAY"/>
			<graphic mimeType="jpg" url="AM%20418%2012mo/59/THUMBNAIL" width="200px" height="257px"/>
			<graphic mimeType="jpg" url="AM%20418%2012mo/59/SECONDARY_DISPLAY" width="2159px" height="2772px"/>
			<graphic mimeType="pdf" url="AM%20418%2012mo/59/WEB_DISPLAY"/>
		</surface>
		<surface xml:id="AM12-0418-0028bisr" n="60">
			<desc>0028bisr</desc>
			<graphic mimeType="pdf" url="AM%20418%2012mo/60/HIGH_QUALITY_DISPLAY"/>
			<graphic mimeType="jpg" url="AM%20418%2012mo/60/THUMBNAIL" width="200px" height="257px"/>
			<graphic mimeType="jpg" url="AM%20418%2012mo/60/SECONDARY_DISPLAY" width="2159px" height="2772px"/>
			<graphic mimeType="pdf" url="AM%20418%2012mo/60/WEB_DISPLAY"/>
		</surface>
		<surface xml:id="AM12-0418-0028bisv" n="61">
			<desc>0028bisv</desc>
			<graphic mimeType="pdf" url="AM%20418%2012mo/61/HIGH_QUALITY_DISPLAY"/>
			<graphic mimeType="jpg" url="AM%20418%2012mo/61/THUMBNAIL" width="200px" height="254px"/>
			<graphic mimeType="jpg" url="AM%20418%2012mo/61/SECONDARY_DISPLAY" width="2159px" height="2739px"/>
			<graphic mimeType="pdf" url="AM%20418%2012mo/61/WEB_DISPLAY"/>
		</surface>
		<surface xml:id="AM12-0418-0029r" n="62">
			<desc>0029r</desc>
			<graphic mimeType="pdf" url="AM%20418%2012mo/62/HIGH_QUALITY_DISPLAY"/>
			<graphic mimeType="jpg" url="AM%20418%2012mo/62/THUMBNAIL" width="200px" height="254px"/>
			<graphic mimeType="jpg" url="AM%20418%2012mo/62/SECONDARY_DISPLAY" width="2159px" height="2739px"/>
			<graphic mimeType="pdf" url="AM%20418%2012mo/62/WEB_DISPLAY"/>
		</surface>
		<surface xml:id="AM12-0418-0029v" n="63">
			<desc>0029v</desc>
			<graphic mimeType="pdf" url="AM%20418%2012mo/63/HIGH_QUALITY_DISPLAY"/>
			<graphic mimeType="jpg" url="AM%20418%2012mo/63/THUMBNAIL" width="200px" height="256px"/>
			<graphic mimeType="jpg" url="AM%20418%2012mo/63/SECONDARY_DISPLAY" width="2159px" height="2761px"/>
			<graphic mimeType="pdf" url="AM%20418%2012mo/63/WEB_DISPLAY"/>
		</surface>
		<surface xml:id="AM12-0418-0030r" n="64">
			<desc>0030r</desc>
			<graphic mimeType="pdf" url="AM%20418%2012mo/64/HIGH_QUALITY_DISPLAY"/>
			<graphic mimeType="jpg" url="AM%20418%2012mo/64/THUMBNAIL" width="200px" height="256px"/>
			<graphic mimeType="jpg" url="AM%20418%2012mo/64/SECONDARY_DISPLAY" width="2159px" height="2761px"/>
			<graphic mimeType="pdf" url="AM%20418%2012mo/64/WEB_DISPLAY"/>
		</surface>
		<surface xml:id="AM12-0418-0030v" n="65">
			<desc>0030v</desc>
			<graphic mimeType="pdf" url="AM%20418%2012mo/65/HIGH_QUALITY_DISPLAY"/>
			<graphic mimeType="jpg" url="AM%20418%2012mo/65/THUMBNAIL" width="200px" height="256px"/>
			<graphic mimeType="jpg" url="AM%20418%2012mo/65/SECONDARY_DISPLAY" width="2159px" height="2761px"/>
			<graphic mimeType="pdf" url="AM%20418%2012mo/65/WEB_DISPLAY"/>
		</surface>
		<surface xml:id="AM12-0418-0031r" n="66">
			<desc>0031r</desc>
			<graphic mimeType="pdf" url="AM%20418%2012mo/66/HIGH_QUALITY_DISPLAY"/>
			<graphic mimeType="jpg" url="AM%20418%2012mo/66/THUMBNAIL" width="200px" height="256px"/>
			<graphic mimeType="jpg" url="AM%20418%2012mo/66/SECONDARY_DISPLAY" width="2159px" height="2761px"/>
			<graphic mimeType="pdf" url="AM%20418%2012mo/66/WEB_DISPLAY"/>
		</surface>
		<surface xml:id="AM12-0418-0031v" n="67">
			<desc>0031v</desc>
			<graphic mimeType="pdf" url="AM%20418%2012mo/67/HIGH_QUALITY_DISPLAY"/>
			<graphic mimeType="jpg" url="AM%20418%2012mo/67/THUMBNAIL" width="200px" height="260px"/>
			<graphic mimeType="jpg" url="AM%20418%2012mo/67/SECONDARY_DISPLAY" width="2159px" height="2811px"/>
			<graphic mimeType="pdf" url="AM%20418%2012mo/67/WEB_DISPLAY"/>
		</surface>
		<surface xml:id="AM12-0418-0031bisr" n="68">
			<desc>0031bisr</desc>
			<graphic mimeType="pdf" url="AM%20418%2012mo/68/HIGH_QUALITY_DISPLAY"/>
			<graphic mimeType="jpg" url="AM%20418%2012mo/68/THUMBNAIL" width="200px" height="260px"/>
			<graphic mimeType="jpg" url="AM%20418%2012mo/68/SECONDARY_DISPLAY" width="2159px" height="2811px"/>
			<graphic mimeType="pdf" url="AM%20418%2012mo/68/WEB_DISPLAY"/>
		</surface>
		<surface xml:id="AM12-0418-0031bisv" n="69">
			<desc>0031bisv</desc>
			<graphic mimeType="pdf" url="AM%20418%2012mo/69/HIGH_QUALITY_DISPLAY"/>
			<graphic mimeType="jpg" url="AM%20418%2012mo/69/THUMBNAIL" width="200px" height="257px"/>
			<graphic mimeType="jpg" url="AM%20418%2012mo/69/SECONDARY_DISPLAY" width="2159px" height="2778px"/>
			<graphic mimeType="pdf" url="AM%20418%2012mo/69/WEB_DISPLAY"/>
		</surface>
		<surface xml:id="AM12-0418-0032r" n="70">
			<desc>0032r</desc>
			<graphic mimeType="pdf" url="AM%20418%2012mo/70/HIGH_QUALITY_DISPLAY"/>
			<graphic mimeType="jpg" url="AM%20418%2012mo/70/THUMBNAIL" width="200px" height="257px"/>
			<graphic mimeType="jpg" url="AM%20418%2012mo/70/SECONDARY_DISPLAY" width="2159px" height="2778px"/>
			<graphic mimeType="pdf" url="AM%20418%2012mo/70/WEB_DISPLAY"/>
		</surface>
		<surface xml:id="AM12-0418-0032v" n="71">
			<desc>0032v</desc>
			<graphic mimeType="pdf" url="AM%20418%2012mo/71/HIGH_QUALITY_DISPLAY"/>
			<graphic mimeType="jpg" url="AM%20418%2012mo/71/THUMBNAIL" width="200px" height="260px"/>
			<graphic mimeType="jpg" url="AM%20418%2012mo/71/SECONDARY_DISPLAY" width="2159px" height="2806px"/>
			<graphic mimeType="pdf" url="AM%20418%2012mo/71/WEB_DISPLAY"/>
		</surface>
		<surface xml:id="AM12-0418-0033r" n="72">
			<desc>0033r</desc>
			<graphic mimeType="pdf" url="AM%20418%2012mo/72/HIGH_QUALITY_DISPLAY"/>
			<graphic mimeType="jpg" url="AM%20418%2012mo/72/THUMBNAIL" width="200px" height="260px"/>
			<graphic mimeType="jpg" url="AM%20418%2012mo/72/SECONDARY_DISPLAY" width="2159px" height="2806px"/>
			<graphic mimeType="pdf" url="AM%20418%2012mo/72/WEB_DISPLAY"/>
		</surface>
		<surface xml:id="AM12-0418-0033v" n="73">
			<desc>0033v</desc>
			<graphic mimeType="pdf" url="AM%20418%2012mo/73/HIGH_QUALITY_DISPLAY"/>
			<graphic mimeType="jpg" url="AM%20418%2012mo/73/THUMBNAIL" width="200px" height="260px"/>
			<graphic mimeType="jpg" url="AM%20418%2012mo/73/SECONDARY_DISPLAY" width="2159px" height="2806px"/>
			<graphic mimeType="pdf" url="AM%20418%2012mo/73/WEB_DISPLAY"/>
		</surface>
		<surface xml:id="AM12-0418-0034r" n="74">
			<desc>0034r</desc>
			<graphic mimeType="pdf" url="AM%20418%2012mo/74/HIGH_QUALITY_DISPLAY"/>
			<graphic mimeType="jpg" url="AM%20418%2012mo/74/THUMBNAIL" width="200px" height="260px"/>
			<graphic mimeType="jpg" url="AM%20418%2012mo/74/SECONDARY_DISPLAY" width="2159px" height="2806px"/>
			<graphic mimeType="pdf" url="AM%20418%2012mo/74/WEB_DISPLAY"/>
		</surface>
		<surface xml:id="AM12-0418-0034v" n="75">
			<desc>0034v</desc>
			<graphic mimeType="pdf" url="AM%20418%2012mo/75/HIGH_QUALITY_DISPLAY"/>
			<graphic mimeType="jpg" url="AM%20418%2012mo/75/THUMBNAIL" width="200px" height="267px"/>
			<graphic mimeType="jpg" url="AM%20418%2012mo/75/SECONDARY_DISPLAY" width="2159px" height="2878px"/>
			<graphic mimeType="pdf" url="AM%20418%2012mo/75/WEB_DISPLAY"/>
		</surface>
		<surface xml:id="AM12-0418-0035r" n="76">
			<desc>0035r</desc>
			<graphic mimeType="pdf" url="AM%20418%2012mo/76/HIGH_QUALITY_DISPLAY"/>
			<graphic mimeType="jpg" url="AM%20418%2012mo/76/THUMBNAIL" width="200px" height="267px"/>
			<graphic mimeType="jpg" url="AM%20418%2012mo/76/SECONDARY_DISPLAY" width="2159px" height="2878px"/>
			<graphic mimeType="pdf" url="AM%20418%2012mo/76/WEB_DISPLAY"/>
		</surface>
		<surface xml:id="AM12-0418-0035v" n="77">
			<desc>0035v</desc>
			<graphic mimeType="pdf" url="AM%20418%2012mo/77/HIGH_QUALITY_DISPLAY"/>
			<graphic mimeType="jpg" url="AM%20418%2012mo/77/THUMBNAIL" width="200px" height="259px"/>
			<graphic mimeType="jpg" url="AM%20418%2012mo/77/SECONDARY_DISPLAY" width="2159px" height="2800px"/>
			<graphic mimeType="pdf" url="AM%20418%2012mo/77/WEB_DISPLAY"/>
		</surface>
		<surface xml:id="AM12-0418-0036r" n="78">
			<desc>0036r</desc>
			<graphic mimeType="pdf" url="AM%20418%2012mo/78/HIGH_QUALITY_DISPLAY"/>
			<graphic mimeType="jpg" url="AM%20418%2012mo/78/THUMBNAIL" width="200px" height="259px"/>
			<graphic mimeType="jpg" url="AM%20418%2012mo/78/SECONDARY_DISPLAY" width="2159px" height="2800px"/>
			<graphic mimeType="pdf" url="AM%20418%2012mo/78/WEB_DISPLAY"/>
		</surface>
		<surface xml:id="AM12-0418-0036v" n="79">
			<desc>0036v</desc>
			<graphic mimeType="pdf" url="AM%20418%2012mo/79/HIGH_QUALITY_DISPLAY"/>
			<graphic mimeType="jpg" url="AM%20418%2012mo/79/THUMBNAIL" width="200px" height="262px"/>
			<graphic mimeType="jpg" url="AM%20418%2012mo/79/SECONDARY_DISPLAY" width="2159px" height="2833px"/>
			<graphic mimeType="pdf" url="AM%20418%2012mo/79/WEB_DISPLAY"/>
		</surface>
		<surface xml:id="AM12-0418-0037r" n="80">
			<desc>0037r</desc>
			<graphic mimeType="pdf" url="AM%20418%2012mo/80/HIGH_QUALITY_DISPLAY"/>
			<graphic mimeType="jpg" url="AM%20418%2012mo/80/THUMBNAIL" width="200px" height="262px"/>
			<graphic mimeType="jpg" url="AM%20418%2012mo/80/SECONDARY_DISPLAY" width="2159px" height="2833px"/>
			<graphic mimeType="pdf" url="AM%20418%2012mo/80/WEB_DISPLAY"/>
		</surface>
		<surface xml:id="AM12-0418-0037v" n="81">
			<desc>0037v</desc>
			<graphic mimeType="pdf" url="AM%20418%2012mo/81/HIGH_QUALITY_DISPLAY"/>
			<graphic mimeType="jpg" url="AM%20418%2012mo/81/THUMBNAIL" width="200px" height="262px"/>
			<graphic mimeType="jpg" url="AM%20418%2012mo/81/SECONDARY_DISPLAY" width="2159px" height="2833px"/>
			<graphic mimeType="pdf" url="AM%20418%2012mo/81/WEB_DISPLAY"/>
		</surface>
		<surface xml:id="AM12-0418-0038r" n="82">
			<desc>0038r</desc>
			<graphic mimeType="pdf" url="AM%20418%2012mo/82/HIGH_QUALITY_DISPLAY"/>
			<graphic mimeType="jpg" url="AM%20418%2012mo/82/THUMBNAIL" width="200px" height="262px"/>
			<graphic mimeType="jpg" url="AM%20418%2012mo/82/SECONDARY_DISPLAY" width="2159px" height="2833px"/>
			<graphic mimeType="pdf" url="AM%20418%2012mo/82/WEB_DISPLAY"/>
		</surface>
		<surface xml:id="AM12-0418-0038v" n="83">
			<desc>0038v</desc>
			<graphic mimeType="pdf" url="AM%20418%2012mo/83/HIGH_QUALITY_DISPLAY"/>
			<graphic mimeType="jpg" url="AM%20418%2012mo/83/THUMBNAIL" width="200px" height="262px"/>
			<graphic mimeType="jpg" url="AM%20418%2012mo/83/SECONDARY_DISPLAY" width="2159px" height="2833px"/>
			<graphic mimeType="pdf" url="AM%20418%2012mo/83/WEB_DISPLAY"/>
		</surface>
		<surface xml:id="AM12-0418-0039r" n="84">
			<desc>0039r</desc>
			<graphic mimeType="pdf" url="AM%20418%2012mo/84/HIGH_QUALITY_DISPLAY"/>
			<graphic mimeType="jpg" url="AM%20418%2012mo/84/THUMBNAIL" width="200px" height="262px"/>
			<graphic mimeType="jpg" url="AM%20418%2012mo/84/SECONDARY_DISPLAY" width="2159px" height="2833px"/>
			<graphic mimeType="pdf" url="AM%20418%2012mo/84/WEB_DISPLAY"/>
		</surface>
		<surface xml:id="AM12-0418-0039v" n="85">
			<desc>0039v</desc>
			<graphic mimeType="pdf" url="AM%20418%2012mo/85/HIGH_QUALITY_DISPLAY"/>
			<graphic mimeType="jpg" url="AM%20418%2012mo/85/THUMBNAIL" width="200px" height="262px"/>
			<graphic mimeType="jpg" url="AM%20418%2012mo/85/SECONDARY_DISPLAY" width="2159px" height="2833px"/>
			<graphic mimeType="pdf" url="AM%20418%2012mo/85/WEB_DISPLAY"/>
		</surface>
		<surface xml:id="AM12-0418-0040r" n="86">
			<desc>0040r</desc>
			<graphic mimeType="pdf" url="AM%20418%2012mo/86/HIGH_QUALITY_DISPLAY"/>
			<graphic mimeType="jpg" url="AM%20418%2012mo/86/THUMBNAIL" width="200px" height="262px"/>
			<graphic mimeType="jpg" url="AM%20418%2012mo/86/SECONDARY_DISPLAY" width="2159px" height="2833px"/>
			<graphic mimeType="pdf" url="AM%20418%2012mo/86/WEB_DISPLAY"/>
		</surface>
		<surface xml:id="AM12-0418-0040v" n="87">
			<desc>0040v</desc>
			<graphic mimeType="pdf" url="AM%20418%2012mo/87/HIGH_QUALITY_DISPLAY"/>
			<graphic mimeType="jpg" url="AM%20418%2012mo/87/THUMBNAIL" width="200px" height="263px"/>
			<graphic mimeType="jpg" url="AM%20418%2012mo/87/SECONDARY_DISPLAY" width="2159px" height="2844px"/>
			<graphic mimeType="pdf" url="AM%20418%2012mo/87/WEB_DISPLAY"/>
		</surface>
		<surface xml:id="AM12-0418-0041r" n="88">
			<desc>0041r</desc>
			<graphic mimeType="pdf" url="AM%20418%2012mo/88/HIGH_QUALITY_DISPLAY"/>
			<graphic mimeType="jpg" url="AM%20418%2012mo/88/THUMBNAIL" width="200px" height="263px"/>
			<graphic mimeType="jpg" url="AM%20418%2012mo/88/SECONDARY_DISPLAY" width="2159px" height="2844px"/>
			<graphic mimeType="pdf" url="AM%20418%2012mo/88/WEB_DISPLAY"/>
		</surface>
		<surface xml:id="AM12-0418-0041v" n="89">
			<desc>0041v</desc>
			<graphic mimeType="pdf" url="AM%20418%2012mo/89/HIGH_QUALITY_DISPLAY"/>
			<graphic mimeType="jpg" url="AM%20418%2012mo/89/THUMBNAIL" width="200px" height="263px"/>
			<graphic mimeType="jpg" url="AM%20418%2012mo/89/SECONDARY_DISPLAY" width="2159px" height="2844px"/>
			<graphic mimeType="pdf" url="AM%20418%2012mo/89/WEB_DISPLAY"/>
		</surface>
		<surface xml:id="AM12-0418-0041bisr" n="90">
			<desc>0041bisr</desc>
			<graphic mimeType="pdf" url="AM%20418%2012mo/90/HIGH_QUALITY_DISPLAY"/>
			<graphic mimeType="jpg" url="AM%20418%2012mo/90/THUMBNAIL" width="200px" height="263px"/>
			<graphic mimeType="jpg" url="AM%20418%2012mo/90/SECONDARY_DISPLAY" width="2159px" height="2844px"/>
			<graphic mimeType="pdf" url="AM%20418%2012mo/90/WEB_DISPLAY"/>
		</surface>
		<surface xml:id="AM12-0418-0041bisv" n="91">
			<desc>0041bisv</desc>
			<graphic mimeType="pdf" url="AM%20418%2012mo/91/HIGH_QUALITY_DISPLAY"/>
			<graphic mimeType="jpg" url="AM%20418%2012mo/91/THUMBNAIL" width="200px" height="262px"/>
			<graphic mimeType="jpg" url="AM%20418%2012mo/91/SECONDARY_DISPLAY" width="2159px" height="2828px"/>
			<graphic mimeType="pdf" url="AM%20418%2012mo/91/WEB_DISPLAY"/>
		</surface>
		<surface xml:id="AM12-0418-0042r" n="92">
			<desc>0042r</desc>
			<graphic mimeType="pdf" url="AM%20418%2012mo/92/HIGH_QUALITY_DISPLAY"/>
			<graphic mimeType="jpg" url="AM%20418%2012mo/92/THUMBNAIL" width="200px" height="262px"/>
			<graphic mimeType="jpg" url="AM%20418%2012mo/92/SECONDARY_DISPLAY" width="2159px" height="2828px"/>
			<graphic mimeType="pdf" url="AM%20418%2012mo/92/WEB_DISPLAY"/>
		</surface>
		<surface xml:id="AM12-0418-0042v" n="93">
			<desc>0042v</desc>
			<graphic mimeType="pdf" url="AM%20418%2012mo/93/HIGH_QUALITY_DISPLAY"/>
			<graphic mimeType="jpg" url="AM%20418%2012mo/93/THUMBNAIL" width="200px" height="267px"/>
			<graphic mimeType="jpg" url="AM%20418%2012mo/93/SECONDARY_DISPLAY" width="2159px" height="2878px"/>
			<graphic mimeType="pdf" url="AM%20418%2012mo/93/WEB_DISPLAY"/>
		</surface>
		<surface xml:id="AM12-0418-0042bisr" n="94">
			<desc>0042bisr</desc>
			<graphic mimeType="pdf" url="AM%20418%2012mo/94/HIGH_QUALITY_DISPLAY"/>
			<graphic mimeType="jpg" url="AM%20418%2012mo/94/THUMBNAIL" width="200px" height="267px"/>
			<graphic mimeType="jpg" url="AM%20418%2012mo/94/SECONDARY_DISPLAY" width="2159px" height="2878px"/>
			<graphic mimeType="pdf" url="AM%20418%2012mo/94/WEB_DISPLAY"/>
		</surface>
		<surface xml:id="AM12-0418-0042bisv" n="95">
			<desc>0042bisv</desc>
			<graphic mimeType="pdf" url="AM%20418%2012mo/95/HIGH_QUALITY_DISPLAY"/>
			<graphic mimeType="jpg" url="AM%20418%2012mo/95/THUMBNAIL" width="200px" height="263px"/>
			<graphic mimeType="jpg" url="AM%20418%2012mo/95/SECONDARY_DISPLAY" width="2159px" height="2839px"/>
			<graphic mimeType="pdf" url="AM%20418%2012mo/95/WEB_DISPLAY"/>
		</surface>
		<surface xml:id="AM12-0418-0042terr" n="96">
			<desc>0042terr</desc>
			<graphic mimeType="pdf" url="AM%20418%2012mo/96/HIGH_QUALITY_DISPLAY"/>
			<graphic mimeType="jpg" url="AM%20418%2012mo/96/THUMBNAIL" width="200px" height="263px"/>
			<graphic mimeType="jpg" url="AM%20418%2012mo/96/SECONDARY_DISPLAY" width="2159px" height="2839px"/>
			<graphic mimeType="pdf" url="AM%20418%2012mo/96/WEB_DISPLAY"/>
		</surface>
		<surface xml:id="AM12-0418-0042terv" n="97">
			<desc>0042terv</desc>
			<graphic mimeType="pdf" url="AM%20418%2012mo/97/HIGH_QUALITY_DISPLAY"/>
			<graphic mimeType="jpg" url="AM%20418%2012mo/97/THUMBNAIL" width="200px" height="251px"/>
			<graphic mimeType="jpg" url="AM%20418%2012mo/97/SECONDARY_DISPLAY" width="2159px" height="2711px"/>
			<graphic mimeType="pdf" url="AM%20418%2012mo/97/WEB_DISPLAY"/>
		</surface>
		<surface xml:id="AM12-0418-0043r" n="98">
			<desc>0043r</desc>
			<graphic mimeType="pdf" url="AM%20418%2012mo/98/HIGH_QUALITY_DISPLAY"/>
			<graphic mimeType="jpg" url="AM%20418%2012mo/98/THUMBNAIL" width="200px" height="251px"/>
			<graphic mimeType="jpg" url="AM%20418%2012mo/98/SECONDARY_DISPLAY" width="2159px" height="2711px"/>
			<graphic mimeType="pdf" url="AM%20418%2012mo/98/WEB_DISPLAY"/>
		</surface>
		<surface xml:id="AM12-0418-0043v" n="99">
			<desc>0043v</desc>
			<graphic mimeType="pdf" url="AM%20418%2012mo/99/HIGH_QUALITY_DISPLAY"/>
			<graphic mimeType="jpg" url="AM%20418%2012mo/99/THUMBNAIL" width="200px" height="251px"/>
			<graphic mimeType="jpg" url="AM%20418%2012mo/99/SECONDARY_DISPLAY" width="2159px" height="2711px"/>
			<graphic mimeType="pdf" url="AM%20418%2012mo/99/WEB_DISPLAY"/>
		</surface>
		<surface xml:id="AM12-0418-0044r" n="100">
			<desc>0044r</desc>
			<graphic mimeType="pdf" url="AM%20418%2012mo/100/HIGH_QUALITY_DISPLAY"/>
			<graphic mimeType="jpg" url="AM%20418%2012mo/100/THUMBNAIL" width="200px" height="251px"/>
			<graphic mimeType="jpg" url="AM%20418%2012mo/100/SECONDARY_DISPLAY" width="2159px" height="2711px"/>
			<graphic mimeType="pdf" url="AM%20418%2012mo/100/WEB_DISPLAY"/>
		</surface>
		<surface xml:id="AM12-0418-0044v" n="101">
			<desc>0044v</desc>
			<graphic mimeType="pdf" url="AM%20418%2012mo/101/HIGH_QUALITY_DISPLAY"/>
			<graphic mimeType="jpg" url="AM%20418%2012mo/101/THUMBNAIL" width="200px" height="251px"/>
			<graphic mimeType="jpg" url="AM%20418%2012mo/101/SECONDARY_DISPLAY" width="2159px" height="2711px"/>
			<graphic mimeType="pdf" url="AM%20418%2012mo/101/WEB_DISPLAY"/>
		</surface>
		<surface xml:id="AM12-0418-0045r" n="102">
			<desc>0045r</desc>
			<graphic mimeType="pdf" url="AM%20418%2012mo/102/HIGH_QUALITY_DISPLAY"/>
			<graphic mimeType="jpg" url="AM%20418%2012mo/102/THUMBNAIL" width="200px" height="251px"/>
			<graphic mimeType="jpg" url="AM%20418%2012mo/102/SECONDARY_DISPLAY" width="2159px" height="2711px"/>
			<graphic mimeType="pdf" url="AM%20418%2012mo/102/WEB_DISPLAY"/>
		</surface>
		<surface xml:id="AM12-0418-0045v" n="103">
			<desc>0045v</desc>
			<graphic mimeType="pdf" url="AM%20418%2012mo/103/HIGH_QUALITY_DISPLAY"/>
			<graphic mimeType="jpg" url="AM%20418%2012mo/103/THUMBNAIL" width="200px" height="261px"/>
			<graphic mimeType="jpg" url="AM%20418%2012mo/103/SECONDARY_DISPLAY" width="2159px" height="2817px"/>
			<graphic mimeType="pdf" url="AM%20418%2012mo/103/WEB_DISPLAY"/>
		</surface>
		<surface xml:id="AM12-0418-0046r" n="104">
			<desc>0046r</desc>
			<graphic mimeType="pdf" url="AM%20418%2012mo/104/HIGH_QUALITY_DISPLAY"/>
			<graphic mimeType="jpg" url="AM%20418%2012mo/104/THUMBNAIL" width="200px" height="261px"/>
			<graphic mimeType="jpg" url="AM%20418%2012mo/104/SECONDARY_DISPLAY" width="2159px" height="2817px"/>
			<graphic mimeType="pdf" url="AM%20418%2012mo/104/WEB_DISPLAY"/>
		</surface>
		<surface xml:id="AM12-0418-0046v" n="105">
			<desc>0046v</desc>
			<graphic mimeType="pdf" url="AM%20418%2012mo/105/HIGH_QUALITY_DISPLAY"/>
			<graphic mimeType="jpg" url="AM%20418%2012mo/105/THUMBNAIL" width="200px" height="259px"/>
			<graphic mimeType="jpg" url="AM%20418%2012mo/105/SECONDARY_DISPLAY" width="2159px" height="2794px"/>
			<graphic mimeType="pdf" url="AM%20418%2012mo/105/WEB_DISPLAY"/>
		</surface>
		<surface xml:id="AM12-0418-0047r" n="106">
			<desc>0047r</desc>
			<graphic mimeType="pdf" url="AM%20418%2012mo/106/HIGH_QUALITY_DISPLAY"/>
			<graphic mimeType="jpg" url="AM%20418%2012mo/106/THUMBNAIL" width="200px" height="259px"/>
			<graphic mimeType="jpg" url="AM%20418%2012mo/106/SECONDARY_DISPLAY" width="2159px" height="2794px"/>
			<graphic mimeType="pdf" url="AM%20418%2012mo/106/WEB_DISPLAY"/>
		</surface>
		<surface xml:id="AM12-0418-0047v" n="107">
			<desc>0047v</desc>
			<graphic mimeType="pdf" url="AM%20418%2012mo/107/HIGH_QUALITY_DISPLAY"/>
			<graphic mimeType="jpg" url="AM%20418%2012mo/107/THUMBNAIL" width="200px" height="259px"/>
			<graphic mimeType="jpg" url="AM%20418%2012mo/107/SECONDARY_DISPLAY" width="2159px" height="2794px"/>
			<graphic mimeType="pdf" url="AM%20418%2012mo/107/WEB_DISPLAY"/>
		</surface>
		<surface xml:id="AM12-0418-0048r" n="108">
			<desc>0048r</desc>
			<graphic mimeType="pdf" url="AM%20418%2012mo/108/HIGH_QUALITY_DISPLAY"/>
			<graphic mimeType="jpg" url="AM%20418%2012mo/108/THUMBNAIL" width="200px" height="259px"/>
			<graphic mimeType="jpg" url="AM%20418%2012mo/108/SECONDARY_DISPLAY" width="2159px" height="2794px"/>
			<graphic mimeType="pdf" url="AM%20418%2012mo/108/WEB_DISPLAY"/>
		</surface>
		<surface xml:id="AM12-0418-0048v" n="109">
			<desc>0048v</desc>
			<graphic mimeType="pdf" url="AM%20418%2012mo/109/HIGH_QUALITY_DISPLAY"/>
			<graphic mimeType="jpg" url="AM%20418%2012mo/109/THUMBNAIL" width="200px" height="258px"/>
			<graphic mimeType="jpg" url="AM%20418%2012mo/109/SECONDARY_DISPLAY" width="2159px" height="2783px"/>
			<graphic mimeType="pdf" url="AM%20418%2012mo/109/WEB_DISPLAY"/>
		</surface>
		<surface xml:id="AM12-0418-0048bisr" n="110">
			<desc>0048bisr</desc>
			<graphic mimeType="pdf" url="AM%20418%2012mo/110/HIGH_QUALITY_DISPLAY"/>
			<graphic mimeType="jpg" url="AM%20418%2012mo/110/THUMBNAIL" width="200px" height="258px"/>
			<graphic mimeType="jpg" url="AM%20418%2012mo/110/SECONDARY_DISPLAY" width="2159px" height="2783px"/>
			<graphic mimeType="pdf" url="AM%20418%2012mo/110/WEB_DISPLAY"/>
		</surface>
		<surface xml:id="AM12-0418-0048bisv" n="111">
			<desc>0048bisv</desc>
			<graphic mimeType="pdf" url="AM%20418%2012mo/111/HIGH_QUALITY_DISPLAY"/>
			<graphic mimeType="jpg" url="AM%20418%2012mo/111/THUMBNAIL" width="200px" height="258px"/>
			<graphic mimeType="jpg" url="AM%20418%2012mo/111/SECONDARY_DISPLAY" width="2159px" height="2783px"/>
			<graphic mimeType="pdf" url="AM%20418%2012mo/111/WEB_DISPLAY"/>
		</surface>
		<surface xml:id="AM12-0418-0049r" n="112">
			<desc>0049r</desc>
			<graphic mimeType="pdf" url="AM%20418%2012mo/112/HIGH_QUALITY_DISPLAY"/>
			<graphic mimeType="jpg" url="AM%20418%2012mo/112/THUMBNAIL" width="200px" height="258px"/>
			<graphic mimeType="jpg" url="AM%20418%2012mo/112/SECONDARY_DISPLAY" width="2159px" height="2783px"/>
			<graphic mimeType="pdf" url="AM%20418%2012mo/112/WEB_DISPLAY"/>
		</surface>
		<surface xml:id="AM12-0418-0049v" n="113">
			<desc>0049v</desc>
			<graphic mimeType="pdf" url="AM%20418%2012mo/113/HIGH_QUALITY_DISPLAY"/>
			<graphic mimeType="jpg" url="AM%20418%2012mo/113/THUMBNAIL" width="200px" height="258px"/>
			<graphic mimeType="jpg" url="AM%20418%2012mo/113/SECONDARY_DISPLAY" width="2159px" height="2783px"/>
			<graphic mimeType="pdf" url="AM%20418%2012mo/113/WEB_DISPLAY"/>
		</surface>
		<surface xml:id="AM12-0418-0050r" n="114">
			<desc>0050r</desc>
			<graphic mimeType="pdf" url="AM%20418%2012mo/114/HIGH_QUALITY_DISPLAY"/>
			<graphic mimeType="jpg" url="AM%20418%2012mo/114/THUMBNAIL" width="200px" height="258px"/>
			<graphic mimeType="jpg" url="AM%20418%2012mo/114/SECONDARY_DISPLAY" width="2159px" height="2783px"/>
			<graphic mimeType="pdf" url="AM%20418%2012mo/114/WEB_DISPLAY"/>
		</surface>
		<surface xml:id="AM12-0418-0050v" n="115">
			<desc>0050v</desc>
			<graphic mimeType="pdf" url="AM%20418%2012mo/115/HIGH_QUALITY_DISPLAY"/>
			<graphic mimeType="jpg" url="AM%20418%2012mo/115/THUMBNAIL" width="200px" height="258px"/>
			<graphic mimeType="jpg" url="AM%20418%2012mo/115/SECONDARY_DISPLAY" width="2159px" height="2783px"/>
			<graphic mimeType="pdf" url="AM%20418%2012mo/115/WEB_DISPLAY"/>
		</surface>
		<surface xml:id="AM12-0418-0051r" n="116">
			<desc>0051r</desc>
			<graphic mimeType="pdf" url="AM%20418%2012mo/116/HIGH_QUALITY_DISPLAY"/>
			<graphic mimeType="jpg" url="AM%20418%2012mo/116/THUMBNAIL" width="200px" height="258px"/>
			<graphic mimeType="jpg" url="AM%20418%2012mo/116/SECONDARY_DISPLAY" width="2159px" height="2783px"/>
			<graphic mimeType="pdf" url="AM%20418%2012mo/116/WEB_DISPLAY"/>
		</surface>
		<surface xml:id="AM12-0418-0051v" n="117">
			<desc>0051v</desc>
			<graphic mimeType="pdf" url="AM%20418%2012mo/117/HIGH_QUALITY_DISPLAY"/>
			<graphic mimeType="jpg" url="AM%20418%2012mo/117/THUMBNAIL" width="200px" height="258px"/>
			<graphic mimeType="jpg" url="AM%20418%2012mo/117/SECONDARY_DISPLAY" width="2159px" height="2783px"/>
			<graphic mimeType="pdf" url="AM%20418%2012mo/117/WEB_DISPLAY"/>
		</surface>
		<surface xml:id="AM12-0418-0051bisr" n="118">
			<desc>0051bisr</desc>
			<graphic mimeType="pdf" url="AM%20418%2012mo/118/HIGH_QUALITY_DISPLAY"/>
			<graphic mimeType="jpg" url="AM%20418%2012mo/118/THUMBNAIL" width="200px" height="258px"/>
			<graphic mimeType="jpg" url="AM%20418%2012mo/118/SECONDARY_DISPLAY" width="2159px" height="2783px"/>
			<graphic mimeType="pdf" url="AM%20418%2012mo/118/WEB_DISPLAY"/>
		</surface>
		<surface xml:id="AM12-0418-0051bisv" n="119">
			<desc>0051bisv</desc>
			<graphic mimeType="pdf" url="AM%20418%2012mo/119/HIGH_QUALITY_DISPLAY"/>
			<graphic mimeType="jpg" url="AM%20418%2012mo/119/THUMBNAIL" width="200px" height="259px"/>
			<graphic mimeType="jpg" url="AM%20418%2012mo/119/SECONDARY_DISPLAY" width="2159px" height="2800px"/>
			<graphic mimeType="pdf" url="AM%20418%2012mo/119/WEB_DISPLAY"/>
		</surface>
		<surface xml:id="AM12-0418-0052r" n="120">
			<desc>0052r</desc>
			<graphic mimeType="pdf" url="AM%20418%2012mo/120/HIGH_QUALITY_DISPLAY"/>
			<graphic mimeType="jpg" url="AM%20418%2012mo/120/THUMBNAIL" width="200px" height="259px"/>
			<graphic mimeType="jpg" url="AM%20418%2012mo/120/SECONDARY_DISPLAY" width="2159px" height="2800px"/>
			<graphic mimeType="pdf" url="AM%20418%2012mo/120/WEB_DISPLAY"/>
		</surface>
		<surface xml:id="AM12-0418-0052v" n="121">
			<desc>0052v</desc>
			<graphic mimeType="pdf" url="AM%20418%2012mo/121/HIGH_QUALITY_DISPLAY"/>
			<graphic mimeType="jpg" url="AM%20418%2012mo/121/THUMBNAIL" width="200px" height="259px"/>
			<graphic mimeType="jpg" url="AM%20418%2012mo/121/SECONDARY_DISPLAY" width="2159px" height="2800px"/>
			<graphic mimeType="pdf" url="AM%20418%2012mo/121/WEB_DISPLAY"/>
		</surface>
		<surface xml:id="AM12-0418-0053r" n="122">
			<desc>0053r</desc>
			<graphic mimeType="pdf" url="AM%20418%2012mo/122/HIGH_QUALITY_DISPLAY"/>
			<graphic mimeType="jpg" url="AM%20418%2012mo/122/THUMBNAIL" width="200px" height="259px"/>
			<graphic mimeType="jpg" url="AM%20418%2012mo/122/SECONDARY_DISPLAY" width="2159px" height="2800px"/>
			<graphic mimeType="pdf" url="AM%20418%2012mo/122/WEB_DISPLAY"/>
		</surface>
		<surface xml:id="AM12-0418-0053v" n="123">
			<desc>0053v</desc>
			<graphic mimeType="pdf" url="AM%20418%2012mo/123/HIGH_QUALITY_DISPLAY"/>
			<graphic mimeType="jpg" url="AM%20418%2012mo/123/THUMBNAIL" width="200px" height="259px"/>
			<graphic mimeType="jpg" url="AM%20418%2012mo/123/SECONDARY_DISPLAY" width="2159px" height="2800px"/>
			<graphic mimeType="pdf" url="AM%20418%2012mo/123/WEB_DISPLAY"/>
		</surface>
		<surface xml:id="AM12-0418-0054r" n="124">
			<desc>0054r</desc>
			<graphic mimeType="pdf" url="AM%20418%2012mo/124/HIGH_QUALITY_DISPLAY"/>
			<graphic mimeType="jpg" url="AM%20418%2012mo/124/THUMBNAIL" width="200px" height="259px"/>
			<graphic mimeType="jpg" url="AM%20418%2012mo/124/SECONDARY_DISPLAY" width="2159px" height="2800px"/>
			<graphic mimeType="pdf" url="AM%20418%2012mo/124/WEB_DISPLAY"/>
		</surface>
		<surface xml:id="AM12-0418-0054v" n="125">
			<desc>0054v</desc>
			<graphic mimeType="pdf" url="AM%20418%2012mo/125/HIGH_QUALITY_DISPLAY"/>
			<graphic mimeType="jpg" url="AM%20418%2012mo/125/THUMBNAIL" width="200px" height="259px"/>
			<graphic mimeType="jpg" url="AM%20418%2012mo/125/SECONDARY_DISPLAY" width="2159px" height="2800px"/>
			<graphic mimeType="pdf" url="AM%20418%2012mo/125/WEB_DISPLAY"/>
		</surface>
		<surface xml:id="AM12-0418-0055r" n="126">
			<desc>0055r</desc>
			<graphic mimeType="pdf" url="AM%20418%2012mo/126/HIGH_QUALITY_DISPLAY"/>
			<graphic mimeType="jpg" url="AM%20418%2012mo/126/THUMBNAIL" width="200px" height="259px"/>
			<graphic mimeType="jpg" url="AM%20418%2012mo/126/SECONDARY_DISPLAY" width="2159px" height="2800px"/>
			<graphic mimeType="pdf" url="AM%20418%2012mo/126/WEB_DISPLAY"/>
		</surface>
		<surface xml:id="AM12-0418-0055v" n="127">
			<desc>0055v</desc>
			<graphic mimeType="pdf" url="AM%20418%2012mo/127/HIGH_QUALITY_DISPLAY"/>
			<graphic mimeType="jpg" url="AM%20418%2012mo/127/THUMBNAIL" width="200px" height="259px"/>
			<graphic mimeType="jpg" url="AM%20418%2012mo/127/SECONDARY_DISPLAY" width="2159px" height="2800px"/>
			<graphic mimeType="pdf" url="AM%20418%2012mo/127/WEB_DISPLAY"/>
		</surface>
		<surface xml:id="AM12-0418-0056r" n="128">
			<desc>0056r</desc>
			<graphic mimeType="pdf" url="AM%20418%2012mo/128/HIGH_QUALITY_DISPLAY"/>
			<graphic mimeType="jpg" url="AM%20418%2012mo/128/THUMBNAIL" width="200px" height="259px"/>
			<graphic mimeType="jpg" url="AM%20418%2012mo/128/SECONDARY_DISPLAY" width="2159px" height="2800px"/>
			<graphic mimeType="pdf" url="AM%20418%2012mo/128/WEB_DISPLAY"/>
		</surface>
		<surface xml:id="AM12-0418-0056v" n="129">
			<desc>0056v</desc>
			<graphic mimeType="pdf" url="AM%20418%2012mo/129/HIGH_QUALITY_DISPLAY"/>
			<graphic mimeType="jpg" url="AM%20418%2012mo/129/THUMBNAIL" width="200px" height="259px"/>
			<graphic mimeType="jpg" url="AM%20418%2012mo/129/SECONDARY_DISPLAY" width="2159px" height="2800px"/>
			<graphic mimeType="pdf" url="AM%20418%2012mo/129/WEB_DISPLAY"/>
		</surface>
		<surface xml:id="AM12-0418-0057r" n="130">
			<desc>0057r</desc>
			<graphic mimeType="pdf" url="AM%20418%2012mo/130/HIGH_QUALITY_DISPLAY"/>
			<graphic mimeType="jpg" url="AM%20418%2012mo/130/THUMBNAIL" width="200px" height="259px"/>
			<graphic mimeType="jpg" url="AM%20418%2012mo/130/SECONDARY_DISPLAY" width="2159px" height="2800px"/>
			<graphic mimeType="pdf" url="AM%20418%2012mo/130/WEB_DISPLAY"/>
		</surface>
		<surface xml:id="AM12-0418-0057v" n="131">
			<desc>0057v</desc>
			<graphic mimeType="pdf" url="AM%20418%2012mo/131/HIGH_QUALITY_DISPLAY"/>
			<graphic mimeType="jpg" url="AM%20418%2012mo/131/THUMBNAIL" width="200px" height="259px"/>
			<graphic mimeType="jpg" url="AM%20418%2012mo/131/SECONDARY_DISPLAY" width="2159px" height="2800px"/>
			<graphic mimeType="pdf" url="AM%20418%2012mo/131/WEB_DISPLAY"/>
		</surface>
		<surface xml:id="AM12-0418-0058r" n="132">
			<desc>0058r</desc>
			<graphic mimeType="pdf" url="AM%20418%2012mo/132/HIGH_QUALITY_DISPLAY"/>
			<graphic mimeType="jpg" url="AM%20418%2012mo/132/THUMBNAIL" width="200px" height="259px"/>
			<graphic mimeType="jpg" url="AM%20418%2012mo/132/SECONDARY_DISPLAY" width="2159px" height="2800px"/>
			<graphic mimeType="pdf" url="AM%20418%2012mo/132/WEB_DISPLAY"/>
		</surface>
		<surface xml:id="AM12-0418-0058v" n="133">
			<desc>0058v</desc>
			<graphic mimeType="pdf" url="AM%20418%2012mo/133/HIGH_QUALITY_DISPLAY"/>
			<graphic mimeType="jpg" url="AM%20418%2012mo/133/THUMBNAIL" width="200px" height="259px"/>
			<graphic mimeType="jpg" url="AM%20418%2012mo/133/SECONDARY_DISPLAY" width="2159px" height="2800px"/>
			<graphic mimeType="pdf" url="AM%20418%2012mo/133/WEB_DISPLAY"/>
		</surface>
		<surface xml:id="AM12-0418-0059r" n="134">
			<desc>0059r</desc>
			<graphic mimeType="pdf" url="AM%20418%2012mo/134/HIGH_QUALITY_DISPLAY"/>
			<graphic mimeType="jpg" url="AM%20418%2012mo/134/THUMBNAIL" width="200px" height="259px"/>
			<graphic mimeType="jpg" url="AM%20418%2012mo/134/SECONDARY_DISPLAY" width="2159px" height="2800px"/>
			<graphic mimeType="pdf" url="AM%20418%2012mo/134/WEB_DISPLAY"/>
		</surface>
		<surface xml:id="AM12-0418-0059v" n="135">
			<desc>0059v</desc>
			<graphic mimeType="pdf" url="AM%20418%2012mo/135/HIGH_QUALITY_DISPLAY"/>
			<graphic mimeType="jpg" url="AM%20418%2012mo/135/THUMBNAIL" width="200px" height="259px"/>
			<graphic mimeType="jpg" url="AM%20418%2012mo/135/SECONDARY_DISPLAY" width="2159px" height="2800px"/>
			<graphic mimeType="pdf" url="AM%20418%2012mo/135/WEB_DISPLAY"/>
		</surface>
		<surface xml:id="AM12-0418-0060r" n="136">
			<desc>0060r</desc>
			<graphic mimeType="pdf" url="AM%20418%2012mo/136/HIGH_QUALITY_DISPLAY"/>
			<graphic mimeType="jpg" url="AM%20418%2012mo/136/THUMBNAIL" width="200px" height="259px"/>
			<graphic mimeType="jpg" url="AM%20418%2012mo/136/SECONDARY_DISPLAY" width="2159px" height="2800px"/>
			<graphic mimeType="pdf" url="AM%20418%2012mo/136/WEB_DISPLAY"/>
		</surface>
		<surface xml:id="AM12-0418-0060v" n="137">
			<desc>0060v</desc>
			<graphic mimeType="pdf" url="AM%20418%2012mo/137/HIGH_QUALITY_DISPLAY"/>
			<graphic mimeType="jpg" url="AM%20418%2012mo/137/THUMBNAIL" width="200px" height="254px"/>
			<graphic mimeType="jpg" url="AM%20418%2012mo/137/SECONDARY_DISPLAY" width="2159px" height="2739px"/>
			<graphic mimeType="pdf" url="AM%20418%2012mo/137/WEB_DISPLAY"/>
		</surface>
		<surface xml:id="AM12-0418-0061r" n="138">
			<desc>0061r</desc>
			<graphic mimeType="pdf" url="AM%20418%2012mo/138/HIGH_QUALITY_DISPLAY"/>
			<graphic mimeType="jpg" url="AM%20418%2012mo/138/THUMBNAIL" width="200px" height="254px"/>
			<graphic mimeType="jpg" url="AM%20418%2012mo/138/SECONDARY_DISPLAY" width="2159px" height="2739px"/>
			<graphic mimeType="pdf" url="AM%20418%2012mo/138/WEB_DISPLAY"/>
		</surface>
		<surface xml:id="AM12-0418-0061v" n="139">
			<desc>0061v</desc>
			<graphic mimeType="pdf" url="AM%20418%2012mo/139/HIGH_QUALITY_DISPLAY"/>
			<graphic mimeType="jpg" url="AM%20418%2012mo/139/THUMBNAIL" width="200px" height="257px"/>
			<graphic mimeType="jpg" url="AM%20418%2012mo/139/SECONDARY_DISPLAY" width="2159px" height="2778px"/>
			<graphic mimeType="pdf" url="AM%20418%2012mo/139/WEB_DISPLAY"/>
		</surface>
		<surface xml:id="AM12-0418-0061bisr" n="140">
			<desc>0061bisr</desc>
			<graphic mimeType="pdf" url="AM%20418%2012mo/140/HIGH_QUALITY_DISPLAY"/>
			<graphic mimeType="jpg" url="AM%20418%2012mo/140/THUMBNAIL" width="200px" height="257px"/>
			<graphic mimeType="jpg" url="AM%20418%2012mo/140/SECONDARY_DISPLAY" width="2159px" height="2778px"/>
			<graphic mimeType="pdf" url="AM%20418%2012mo/140/WEB_DISPLAY"/>
		</surface>
		<surface xml:id="AM12-0418-0061bisv" n="141">
			<desc>0061bisv</desc>
			<graphic mimeType="pdf" url="AM%20418%2012mo/141/HIGH_QUALITY_DISPLAY"/>
			<graphic mimeType="jpg" url="AM%20418%2012mo/141/THUMBNAIL" width="200px" height="256px"/>
			<graphic mimeType="jpg" url="AM%20418%2012mo/141/SECONDARY_DISPLAY" width="2159px" height="2767px"/>
			<graphic mimeType="pdf" url="AM%20418%2012mo/141/WEB_DISPLAY"/>
		</surface>
		<surface xml:id="AM12-0418-0062r" n="142">
			<desc>0062r</desc>
			<graphic mimeType="pdf" url="AM%20418%2012mo/142/HIGH_QUALITY_DISPLAY"/>
			<graphic mimeType="jpg" url="AM%20418%2012mo/142/THUMBNAIL" width="200px" height="256px"/>
			<graphic mimeType="jpg" url="AM%20418%2012mo/142/SECONDARY_DISPLAY" width="2159px" height="2767px"/>
			<graphic mimeType="pdf" url="AM%20418%2012mo/142/WEB_DISPLAY"/>
		</surface>
		<surface xml:id="AM12-0418-0062v" n="143">
			<desc>0062v</desc>
			<graphic mimeType="pdf" url="AM%20418%2012mo/143/HIGH_QUALITY_DISPLAY"/>
			<graphic mimeType="jpg" url="AM%20418%2012mo/143/THUMBNAIL" width="200px" height="255px"/>
			<graphic mimeType="jpg" url="AM%20418%2012mo/143/SECONDARY_DISPLAY" width="2159px" height="2756px"/>
			<graphic mimeType="pdf" url="AM%20418%2012mo/143/WEB_DISPLAY"/>
		</surface>
		<surface xml:id="AM12-0418-0063r" n="144">
			<desc>0063r</desc>
			<graphic mimeType="pdf" url="AM%20418%2012mo/144/HIGH_QUALITY_DISPLAY"/>
			<graphic mimeType="jpg" url="AM%20418%2012mo/144/THUMBNAIL" width="200px" height="255px"/>
			<graphic mimeType="jpg" url="AM%20418%2012mo/144/SECONDARY_DISPLAY" width="2159px" height="2756px"/>
			<graphic mimeType="pdf" url="AM%20418%2012mo/144/WEB_DISPLAY"/>
		</surface>
		<surface xml:id="AM12-0418-0063v" n="145">
			<desc>0063v</desc>
			<graphic mimeType="pdf" url="AM%20418%2012mo/145/HIGH_QUALITY_DISPLAY"/>
			<graphic mimeType="jpg" url="AM%20418%2012mo/145/THUMBNAIL" width="200px" height="260px"/>
			<graphic mimeType="jpg" url="AM%20418%2012mo/145/SECONDARY_DISPLAY" width="2159px" height="2806px"/>
			<graphic mimeType="pdf" url="AM%20418%2012mo/145/WEB_DISPLAY"/>
		</surface>
		<surface xml:id="AM12-0418-0064r" n="146">
			<desc>0064r</desc>
			<graphic mimeType="pdf" url="AM%20418%2012mo/146/HIGH_QUALITY_DISPLAY"/>
			<graphic mimeType="jpg" url="AM%20418%2012mo/146/THUMBNAIL" width="200px" height="260px"/>
			<graphic mimeType="jpg" url="AM%20418%2012mo/146/SECONDARY_DISPLAY" width="2159px" height="2806px"/>
			<graphic mimeType="pdf" url="AM%20418%2012mo/146/WEB_DISPLAY"/>
		</surface>
		<surface xml:id="AM12-0418-0064v" n="147">
			<desc>0064v</desc>
			<graphic mimeType="pdf" url="AM%20418%2012mo/147/HIGH_QUALITY_DISPLAY"/>
			<graphic mimeType="jpg" url="AM%20418%2012mo/147/THUMBNAIL" width="200px" height="256px"/>
			<graphic mimeType="jpg" url="AM%20418%2012mo/147/SECONDARY_DISPLAY" width="2159px" height="2767px"/>
			<graphic mimeType="pdf" url="AM%20418%2012mo/147/WEB_DISPLAY"/>
		</surface>
		<surface xml:id="AM12-0418-0065r" n="148">
			<desc>0065r</desc>
			<graphic mimeType="pdf" url="AM%20418%2012mo/148/HIGH_QUALITY_DISPLAY"/>
			<graphic mimeType="jpg" url="AM%20418%2012mo/148/THUMBNAIL" width="200px" height="256px"/>
			<graphic mimeType="jpg" url="AM%20418%2012mo/148/SECONDARY_DISPLAY" width="2159px" height="2767px"/>
			<graphic mimeType="pdf" url="AM%20418%2012mo/148/WEB_DISPLAY"/>
		</surface>
		<surface xml:id="AM12-0418-0065v" n="149">
			<desc>0065v</desc>
			<graphic mimeType="pdf" url="AM%20418%2012mo/149/HIGH_QUALITY_DISPLAY"/>
			<graphic mimeType="jpg" url="AM%20418%2012mo/149/THUMBNAIL" width="200px" height="256px"/>
			<graphic mimeType="jpg" url="AM%20418%2012mo/149/SECONDARY_DISPLAY" width="2159px" height="2767px"/>
			<graphic mimeType="pdf" url="AM%20418%2012mo/149/WEB_DISPLAY"/>
		</surface>
		<surface xml:id="AM12-0418-0066r" n="150">
			<desc>0066r</desc>
			<graphic mimeType="pdf" url="AM%20418%2012mo/150/HIGH_QUALITY_DISPLAY"/>
			<graphic mimeType="jpg" url="AM%20418%2012mo/150/THUMBNAIL" width="200px" height="256px"/>
			<graphic mimeType="jpg" url="AM%20418%2012mo/150/SECONDARY_DISPLAY" width="2159px" height="2767px"/>
			<graphic mimeType="pdf" url="AM%20418%2012mo/150/WEB_DISPLAY"/>
		</surface>
		<surface xml:id="AM12-0418-0066v" n="151">
			<desc>0066v</desc>
			<graphic mimeType="pdf" url="AM%20418%2012mo/151/HIGH_QUALITY_DISPLAY"/>
			<graphic mimeType="jpg" url="AM%20418%2012mo/151/THUMBNAIL" width="200px" height="258px"/>
			<graphic mimeType="jpg" url="AM%20418%2012mo/151/SECONDARY_DISPLAY" width="2159px" height="2789px"/>
			<graphic mimeType="pdf" url="AM%20418%2012mo/151/WEB_DISPLAY"/>
		</surface>
		<surface xml:id="AM12-0418-0067r" n="152">
			<desc>0067r</desc>
			<graphic mimeType="pdf" url="AM%20418%2012mo/152/HIGH_QUALITY_DISPLAY"/>
			<graphic mimeType="jpg" url="AM%20418%2012mo/152/THUMBNAIL" width="200px" height="258px"/>
			<graphic mimeType="jpg" url="AM%20418%2012mo/152/SECONDARY_DISPLAY" width="2159px" height="2789px"/>
			<graphic mimeType="pdf" url="AM%20418%2012mo/152/WEB_DISPLAY"/>
		</surface>
		<surface xml:id="AM12-0418-0067v" n="153">
			<desc>0067v</desc>
			<graphic mimeType="pdf" url="AM%20418%2012mo/153/HIGH_QUALITY_DISPLAY"/>
			<graphic mimeType="jpg" url="AM%20418%2012mo/153/THUMBNAIL" width="200px" height="249px"/>
			<graphic mimeType="jpg" url="AM%20418%2012mo/153/SECONDARY_DISPLAY" width="3200px" height="3983px"/>
			<graphic mimeType="pdf" url="AM%20418%2012mo/153/WEB_DISPLAY"/>
		</surface>
		<surface xml:id="AM12-0418-9901r-RFl" n="154">
			<desc>9901r-RFl</desc>
			<graphic mimeType="pdf" url="AM%20418%2012mo/154/HIGH_QUALITY_DISPLAY"/>
			<graphic mimeType="jpg" url="AM%20418%2012mo/154/THUMBNAIL" width="200px" height="269px"/>
			<graphic mimeType="jpg" url="AM%20418%2012mo/154/SECONDARY_DISPLAY" width="2070px" height="2789px"/>
			<graphic mimeType="pdf" url="AM%20418%2012mo/154/WEB_DISPLAY"/>
		</surface>
		<surface xml:id="AM12-0418-9999v-RB" n="155">
			<desc>9999v-RB</desc>
			<graphic mimeType="pdf" url="AM%20418%2012mo/155/HIGH_QUALITY_DISPLAY"/>
			<graphic mimeType="jpg" url="AM%20418%2012mo/155/THUMBNAIL" width="200px" height="243px"/>
			<graphic mimeType="jpg" url="AM%20418%2012mo/155/SECONDARY_DISPLAY" width="2091px" height="2539px"/>
			<graphic mimeType="pdf" url="AM%20418%2012mo/155/WEB_DISPLAY"/>
		</surface>
	</facsimile>
</TEI>