<?xml version="1.0" encoding="UTF-8"?>
<?oxygen RNGSchema="http://www.handrit.is/schema/handrit-1.0.rnc" type="compact"?><TEI xmlns="http://www.tei-c.org/ns/1.0">
    <teiHeader>
        <fileDesc>
            <titleStmt>
                <title type="main">AM 419 12mo</title>
            </titleStmt>
            <publicationStmt>
                <authority>Den Arnamagnæanske Samling</authority>
                <pubPlace>København</pubPlace>
            </publicationStmt>
            <sourceDesc>
                <msDesc xml:id="AM12-0419-en" xml:lang="en">
                    <msIdentifier>
                        <country>Denmark</country>
                        <settlement>København</settlement>
                        <repository>Den Arnamagnæanske Samling</repository>
                        <idno>AM 419 12mo</idno>
                        <altIdentifier type="internal" subtype="KKKat">
                            <idno>2499</idno>
                        </altIdentifier>
                    </msIdentifier>
                    <head>
                        <title xml:lang="da">Vor Frue Tider</title>
                        <origDate notBefore="1500" notAfter="1515">s. XVI in</origDate>
                        <origPlace>Denmark</origPlace>
                        <note>This book of prayers containing <title>Vor Frue Tider</title> is a
                            copy of <title>Chr. Pedersens tidebog</title>, Paris <date when="1514">1514</date>.</note>
                    </head>
                    <msContents>
                        <msItem n="1">
                            <locus from="1" to="9">1-9</locus>
                            <title xml:lang="da">Vor Frue Tider</title>
                            <textLang mainLang="da">Old Danish</textLang>
                        </msItem>
                    </msContents>
                    <physDesc>
                        <objectDesc form="codex">
                            <supportDesc material="perg">
                                <support>
                                    <p>
                              <material>Parchment</material>.</p>
                                </support>
                                <extent>9. <dimensions type="leaf" scope="all">
                                        <height>112</height>
                                        <width>80</width>
                                    </dimensions>
                        </extent>
                                <condition>
                                    <p>The text begins and ends defectively.</p>
                                </condition>
                            </supportDesc>
                        </objectDesc>
                        <decoDesc>
                            <decoNote type="initial">
                                <p>The initials are red.</p>
                            </decoNote>
                        </decoDesc>
                    </physDesc>
                    <history>
                        <origin notBefore="1500" notAfter="1515" cert="high" evidence="conjecture">
                            <p>The manuscript is written in Denmark in the beginning of the
                                sixteenth century.</p>
                        </origin>
                        <acquisition>
                            <p>On an AM-slip is written <q xml:lang="la">Ex auctione Rostgardiana
                                    Num Mstorum 355</q>
                     </p>
                        </acquisition>
                    </history>
                    <additional>
                        <adminInfo>
                            <recordHist>
                                <source>
                                    <p>Catalogued <date when="2000-05-05"/> by AWS.</p>
                                </source>
                            </recordHist>
                        </adminInfo>
                        <surrogates>
                            <p>
                                <bibl>
                                    <title type="gmd">microfilm (master)</title>
                                    <idno>Neg. 832</idno>
                                    <date when="1989">1989</date>
                                </bibl>
                                <bibl>
                                    <title type="gmd">microfilm (archive)</title>
                                    <idno>Pos. 757</idno>
                                    <date when="1989">1989</date>
                                    <note/>
                                </bibl>
                            </p>
                        </surrogates>
                    </additional>
                </msDesc>
            </sourceDesc>
        </fileDesc>
    </teiHeader>
    <facsimile>
        <surface/>
    </facsimile>
</TEI>