<?xml version="1.0" encoding="UTF-8"?>
<TEI xmlns="http://www.tei-c.org/ns/1.0">
   <teiHeader>
      <fileDesc>
         <titleStmt>
            <title>Handritaskrá Árnastofnunar</title>
         </titleStmt>
         <publicationStmt>
            <p>Tilraunaútgáfa</p>
         </publicationStmt>
         <sourceDesc>
            <msDesc xml:lang="is" xml:id="AM210e-1-3-is">
               <msIdentifier>
                  <country key="IS">Ísland</country>
                  <settlement>Reykjavík</settlement>
                  <institution>Stofnun Árna Magnússonar í íslenskum fræðum</institution>
                  <repository>Handritasvið</repository>
                  <collection>Safn Árna Magnússonar</collection>
                  <idno>AM 210 e 1-3 4to</idno>
                  <altIdentifier type="internal" subtype="KKKat">
                     <idno>898</idno>
                  </altIdentifier>
               </msIdentifier>
               <head>
                  <title type="supplied">Ritgerðir um erfðir</title>
                  <origPlace>Ísland</origPlace>
                  <origDate notBefore="1610" notAfter="1700" evidence="external"
                     >c1610-1700</origDate>
                  <note>Hlutar úr tveimur handritum (1-2 og 3) bundnir saman.</note>
               </head>
               <!-- Ritgerð JA um fyrstu erfð (bls. 3-9) og allrækilega af Árna yfirstrikað brot úr erfðatali í ljóði með sömu hendi (10). Loks eitt blað úr ritgerð JG um erfðir með eigin hendi (11-12). Pappaband með hendi Thorkelíns tekið af og nýtt sett í staðinn. Nákvæmt efnisyfirlit fylgir með hendi Jóns Sigurðssonar. Árni skrifar efst við upphaf Jóns Gissurarsonar: <q>deest initium (MJ) -->
               <physDesc>
                  <objectDesc form="codex">
                     <supportDesc material="chart">
                        <support>Pappír</support>
                        <extent>i + 5 blöð ().</extent>
                     </supportDesc>
                  </objectDesc>
                  <bindingDesc>
                     <binding notBefore="1974" notAfter="1974" contemporary="false">
                        <p>Band frá
                           1974.<!--
<dimensions type="binding"> <height></height><width></width><depth></depth></dimensions> --></p>
                     </binding>
                  </bindingDesc>
                  <accMat>
                     <p>Nákvæm efnislýsing <name key="JonSig004" type="person">Jóns
                           Sigurðssonar</name>.</p><note>á fremra saurblaði stendur með hendi <name
                           key="ArnMag001" type="person">Árna Magnússonar</name>: <quote
                           xml:lang="is">Um fjárvon sonarsona í fyrtu erfð meining Vestfirðinga.
                           Mér virðist author muni vera síra Jón Arason í Vatsfirði.</quote></note>
                  </accMat>
               </physDesc>
               <history>
                  <acquisition notBefore="1975-05-21" notAfter="1975-05-21">
                     <p>Stofnun Árna Magnússonar á Íslandi tók við handritinu 21. maí 1975.</p>
                  </acquisition>
               </history>
               <additional>
                  <adminInfo>
                     <recordHist>
                        <source>
                           <p>Tekið eftir <bibl>
                                 <ref target="KKKat">Katalog I</ref>
                              </bibl>, bls. 474 (nr. 898). <name key="KriKaa001" type="person"
                                 >Kålund</name> gekk frá handritinu til skráningar <date
                                 when="1886-11-25">25. nóvember 1886.</date> <name key="DriThr001"
                                 type="person">DKÞ</name> skráði <date when="2003-07-23">23. júlí
                                 2003</date>. <name key="MarJon001" type="person">Már Jónsson</name>
                              skráði hlut Árna Magnússonar <date when="2000-02-10">10. febrúar
                                 2000</date>.</p>
                        </source>
                     </recordHist>
                     <custodialHist>
                        <custEvent type="conservation" notBefore="1974" notAfter="1974">
                           <p>Viðgert og bundið af <name key="BirDal001" type="person">Birgitte
                                 Dall</name> í ágúst 1974. Eldra band og lýsing Jóns Sigurðssonar,
                              innfest í kápu, liggja í öskju með handritinu.</p>
                        </custEvent>
                     </custodialHist>
                  </adminInfo>
                  <surrogates>
                     <p>Svart-hvítar ljósmyndir á Det Arnamagnæanske Institut í Kaupmannahöfn.</p>
                  </surrogates>
                  <listBibl>
                     <bibl>Jón Helgason 1955, <ref target="JónHel1955a">Kvæðabók úr Vigur AM 148, 8vo</ref></bibl>
                  </listBibl>
               </additional>
               <msPart>
                  <altIdentifier type="other">
                     <idno>AM 210 e 1-2 4to</idno>
                  </altIdentifier>
                  <msContents>
                     <textLang mainLang="is">Íslenska</textLang>
                     <msItem n="1" class="log">
                        <locus from="2r" to="5r">2r-5r</locus>
                        <author>Sr. Jón Arason í Vatnsfirði</author>
                        <title type="uniform">Um fjárvon sonarsona í fyrstu erfð</title>
                        <rubric>Wm fiärvon sonarsona Ï fyrstu erffd. Meinijng
                              Westfird<expan>inga</expan>
                        </rubric>
                        <note>Sjá seðil <name key="ArnMag001" type="person">Árna Magnússonar</name>
                           um höfund.</note>
                     </msItem>
                     <msItem n="2">
                        <locus from="5v" to="5v">5v</locus>
                        <author>Steindór Finnsson á Ingjaldshóli</author>
                        <title type="supplied">Almennilegt erfðatal eftir lögbókinni í ljóð
                           snúið</title>
                        <note>Samið 1620. Yfirstrikað og vantar aftan af, nær inní þriðju erfð.
                           Sjá það sem á vantar í <ref xml:id="AM04-0225a">AM 225 a
                           4to</ref>.</note>
                     </msItem>
                  </msContents>
                  <!-- Ritgerð JA um fyrstu erfð (bls. 3-9) og allrækilega af Árna yfirstrikað brot úr erfðatali í ljóði með sömu hendi (10). Loks eitt blað úr ritgerð JG um erfðir með eigin hendi (11-12). Pappaband með hendi Thorkelíns tekið af og nýtt sett í staðinn. Nákvæmt efnisyfirlit fylgir með hendi Jóns Sigurðssonar. Árni skrifar efst við upphaf Jóns Gissurarsonar: <q>deest initium (MJ) -->
                  <physDesc>
                     <objectDesc form="codex">
                        <supportDesc material="chart">
                           <support>
                              <p>Pappír</p>
                           </support>
                           <extent>i + 4 blöð ().</extent>
                           <foliation>
                              <p/>
                           </foliation>
                           <collation>
                              <p/>
                           </collation>
                           <condition>
                              <p/>
                           </condition>
                        </supportDesc>
                        <layoutDesc>
                           <layout columns="1">
                              <p><!-- <dimensions type="written" scope="all"> <height></height><width></width></dimensions> --></p>
                           </layout>
                        </layoutDesc>
                     </objectDesc>
                     <handDesc>
                        <p/>
                     </handDesc>
                     <additions>
                        <p/>
                     </additions>
                     <accMat>
                        <p>Fast kvartóblað fremst (<dimensions type="slip" unit="mm">
                              <height>200</height>
                              <width>163</width>
                           </dimensions>) með hendi <name key="ArnMag001" type="person">Árna
                              Magnússonar</name> frá <date when="1720">um 1720</date>.</p>
                        <!-- Saurblað skv. Kålund - Ath. í 2. umferð --></accMat>
                  </physDesc>
                  <history>
                     <origin notBefore="1620" notAfter="1700">
                        <p>Tímasett til 17. aldar í <bibl>
                              <ref target="KKKat">Katalog I</ref>
                           </bibl>, bls. 474, en hefur ekki verið skrifað fyrr en eftir 1620 þegar
                           kvæðið á bl. 5v var samið.</p>
                     </origin>
                     <provenance>
                        <p/>
                     </provenance>
                  </history>
                  <additional>
                     <listBibl>
                        <bibl/>
                     </listBibl>
                  </additional>
               </msPart>
               <msPart>
                  <altIdentifier type="other">
                     <idno>AM 210 e 3 4to</idno>
                  </altIdentifier>
                  <msContents>
                     <textLang mainLang="is">Íslenska</textLang>
                     <msItem class="log" defective="true">
                        <locus from="6r" to="6v">6r-6v</locus>
                        <!-- <author key="JonGis003">Jón Gissurarson</author> ? -->
                        <title type="supplied">Um ættleiðings arf</title>
                        <!-- Ath. titil í hdr. í 2. umferð -->
                        <note>Brot. Skráð af <name key="JonOla003" type="person">Jóni
                              Ólafssyni</name> í <ref xml:id="AM02-0477">AM 477 fol.</ref> sem
                              <q>Biỏrn ä Skardsaa yfir Heriölfs Rettarböt</q>.</note>
                     </msItem>
                  </msContents>
                  <!-- Ritgerð JA um fyrstu erfð (bls. 3-9) og allrækilega af Árna yfirstrikað brot úr erfðatali í ljóði með sömu hendi (10). Loks eitt blað úr ritgerð JG um erfðir með eigin hendi (11-12). Pappaband með hendi Thorkelíns tekið af og nýtt sett í staðinn. Nákvæmt efnisyfirlit fylgir með hendi Jóns Sigurðssonar. Árni skrifar efst við upphaf Jóns Gissurarsonar: <q>deest initium (MJ) -->
                  <physDesc>
                     <objectDesc form="codex">
                        <supportDesc material="chart">
                           <support>Pappír</support>
                           <extent>6 blöð ().</extent>
                           <foliation>
                              <p/>
                           </foliation>
                           <collation>
                              <p/>
                           </collation>
                           <condition>
                              <p/>
                           </condition>
                        </supportDesc>
                        <layoutDesc>
                           <layout columns="1">
                              <p><!-- <dimensions type="written" scope="all"> <height></height><width></width></dimensions> --></p>
                           </layout>
                        </layoutDesc>
                     </objectDesc>
                     <handDesc>
                        <p>Ein hönd, Jón Gissurarson.</p>
                     </handDesc>
                     <additions>
                        <p/>
                     </additions>
                     <accMat>
                        <p/>
                     </accMat>
                  </physDesc>
                  <history>
                     <origin notBefore="1610" notAfter="1648">
                        <p>Skrifað af <name key="JonGis003" type="person">Jóni
                              Gissurarsyni</name> á <name type="person">Núpi í Dýrafirði</name> og
                           tímasett til 17. aldar í <bibl>
                              <ref target="KKKat">Katalog I</ref>
                           </bibl>, bls. 474, en virkt skriftartímabil Jóns var c1610-1648.</p>
                     </origin>
                     <provenance>
                        <p/>
                     </provenance>
                  </history>
                  <additional>
                     <listBibl>
                        <bibl/>
                     </listBibl>
                  </additional>
               </msPart>
            </msDesc>
         </sourceDesc>
      </fileDesc>
      <revisionDesc>
         <change when="2008-10" who="#EriHas01">Migrated from MASTER to P5</change>
      </revisionDesc>
   </teiHeader>
   <text>
      <body>

         <p/>
      </body>
   </text>
</TEI>
