<?xml version="1.0" encoding="UTF-8"?>
<?oxygen RNGSchema="http://www.handrit.is/schema/handrit-1.0.rnc" type="compact"?>
<TEI xmlns="http://www.tei-c.org/ns/1.0">
   <teiHeader>
      <fileDesc>
         <titleStmt>
            <title>Handritaskrá Árnastofnunar</title>
         </titleStmt>
         <publicationStmt>
            <p>Tilraunaútgáfa</p>
         </publicationStmt>
         <sourceDesc>
            <msDesc xml:lang="is" xml:id="AMDI-F0001-0010-is">
               <msIdentifier>
                  <country key="IS">Ísland</country>
                  <settlement>Reykjavík</settlement>
                  <institution>Stofnun Árna Magnússonar í íslenskum fræðum</institution>
                  <repository>Handritasvið</repository>
                  <collection>Safn Árna Magnússonar</collection>
                  <idno>AM Dipl. Isl. Fasc. I,10</idno>
                  <altIdentifier type="internal" subtype="Askja">
                     <idno>0001</idno>
                  </altIdentifier> 
               </msIdentifier>
               <msContents xml:lang="is">
                  <textLang mainLang="is">Íslenska</textLang>
                  <msItem class="fornb" defective="false">
                     <locus from="1r" facs="#AMDI-F0001-0010-0001r" to="1v">1r-1v</locus>
                     <title type="uniform">Máldagi.</title>
                     <incipit> Öllum góðum mönnum þeim sem þetta bréf sjá eður heyra sendir bróðir
                        Jón, með guðs miskunn, biskup í Skálaholti …</incipit>
                     <explicit>… setjum vér vort innsigli fyrir þetta bréf er gert var í Alviðru,
                        ári og degi fyrr sögðum</explicit>
                     <note>Bréf <name type="person">Jóns Sigurðarsonar</name> Skálholtsbiskups með
                        hverjum máldaga hann vígði kirkjuna að Alviðru í Dýrafirði 5. september 1344
                        (sbr. <ref target="AM02-0479">AM 479 fol.</ref>)).</note>
                     <bibl><ref type="primary-1" target="DiplIsl">Íslenzkt fornbréfasafn</ref><biblScope type="volume">II. nr. 510, bls. 786-787.</biblScope>
                        Kaupmannahöfn 1893</bibl>
                     <bibl><ref type="primary-1" target="EA-A7">Islandske originaldiplomer indtil 1450.
                        </ref><biblScope type="pages">21. Bréf nr. 19.</biblScope> Köbenhavn
                     1963.</bibl>
                  </msItem>
               </msContents>
               <physDesc>
                  <objectDesc form="codex">
                     <supportDesc material="perg">
                        <support>Skinn.</support>
                        <extent>Eitt blað (<dimensions type="leaf" scope="all" unit="mm">
                              <height/>
                              <width/>
                           </dimensions>). Bakhlið bréfsins <locus from="1v" facs="#AMDI-F0001-0010-0001v" to="1v">1v</locus> er að mestu auð.</extent>
                        <foliation>
                           <p>Upprunaleg blaðsíðumerking.</p>
                        </foliation>
                     </supportDesc>
                     <layoutDesc>
                        <layout columns="1" writtenLines="10">
                           <p>
                              <list>
                                 <item>Eindálka.</item>
                                 <item>Leturflötur er ca <dimensions type="written" unit="mm">
                                       <height>176-180</height>
                                       <width>130-135</width>
                                    </dimensions>.</item>
                                 <item>Línufjöldi er 10.</item>
                              </list>
                           </p>
                        </layout>
                     </layoutDesc>
                  </objectDesc>
                  <handDesc hands="1">
                     <handNote scope="sole" script="textualis" scribe="unknown">Óþekktur
                           skrifari<name type="person"/>, léttiskrift.</handNote>
                  </handDesc>
                  <additions>
                     <p>Á blaði <locus from="1v" facs="#AMDI-F0001-0010-0001v" to="1v">1v</locus> er
                        skrifað með hendi frá 16. öld (etv. hendi <name key="EggHan001" type="person">Eggerts Hannessonar</name> lögmanns):"bref fyrer aluidru
                        kirkiu".</p>
                  </additions>
                  <bindingDesc>
                     <binding notBefore="1996" notAfter="1997" contemporary="false">
                        <p>Umbúðir og askja frá 1996-1997 (<dimensions type="binding" unit="mm">
                              <height>209</height>
                              <width>172</width>
                              <depth>10</depth>
                           </dimensions>). </p>
                     </binding>
                  </bindingDesc>
                  <sealDesc>
                     <seal>
                        <p>Innsigli Jóns Sigurðarsonar Skálholtsbiskups er fyrir bréfinu.
                           Innsiglistaumur er varðveittur en innsiglið sjálft er mjög illa
                        farið.</p>
                     </seal>
                  </sealDesc>
               </physDesc>

               <history>
                  <origin notBefore="1344" notAfter="1344">
                     <p>Bréfið var skrifað á <origPlace key="IS">Íslandi</origPlace>.</p>
                  </origin>
                  <provenance>
                     <p>Í niðurlagi bréfsins kemur fram að það var skrifað á Alviðru í Dýrafirði 5.
                        september 1344. Klausa á bakhlið bréfsins bendir til þess að Eggert
                        Hannesson hafi haft það undir höndum á 16. öld. .</p>
                  </provenance>
                  <acquisition when="1975-09-27">
                     <p>Stofnun Árna Magnússonar á Íslandi tók við bréfinu í desember 1996.</p>
                  </acquisition>
               </history>
               <additional>
                  <adminInfo>
                     <recordHist>
                        <source>
                           <p>
                              <list>
                                 <item>
                                    <name type="person" key="SigSte008">SS</name> skráði samkvæmt
                                    reglum TEI P5 <date notBefore="2013-02-21" notAfter="2013-02-21">21. febrúar 2013</date> og síðar.</item>
                              </list>
                           </p>
                        </source>
                     </recordHist>
                     <custodialHist>
                        <custEvent notBefore="1996" notAfter="1997" type="conservation">
                           <p>Gert var við bréfið og búið um það í nýjum umbúðum af forvörðum á
                              viðgerðarstofu Det Arnamagnæanske Institut í Kaupmannahöfn á árunum
                              1996-1997.</p>
                           <p>Eldri umbúðir, einföld mappa úr brúnum pappír, liggur með í
                           öskjunni.</p>
                        </custEvent>
                     </custodialHist>
                  </adminInfo>
                  <surrogates>
                     <p>
                        <list>
                           <item>Svart-hvítar ljósmyndir á Det Arnamagnæanske Institut í
                              Kaupmannahöfn.</item>
                        </list>
                     </p>
                  </surrogates>
                  <listBibl>
                     <bibl/>
                  </listBibl>
               </additional>
            </msDesc>
         </sourceDesc>
      </fileDesc>

   </teiHeader>
	<facsimile xml:base="https://myndir.handrit.is/file/Handrit.is/">
		<surface xml:id="AMDI-F0001-0010-0001r" n="0">
			<desc>0001r</desc>
			<graphic mimeType="pdf" url="AM%20Dipl.%20Isl.%20Fasc.%20I,10/0/HIGH_QUALITY_DISPLAY"/>
			<graphic mimeType="jpg" url="AM%20Dipl.%20Isl.%20Fasc.%20I,10/0/THUMBNAIL" width="200px" height="141px"/>
			<graphic mimeType="jpg" url="AM%20Dipl.%20Isl.%20Fasc.%20I,10/0/SECONDARY_DISPLAY" width="5027px" height="3533px"/>
			<graphic mimeType="pdf" url="AM%20Dipl.%20Isl.%20Fasc.%20I,10/0/WEB_DISPLAY"/>
		</surface>
		<surface xml:id="AMDI-F0001-0010-0001v" n="1">
			<desc>0001v</desc>
			<graphic mimeType="pdf" url="AM%20Dipl.%20Isl.%20Fasc.%20I,10/1/HIGH_QUALITY_DISPLAY"/>
			<graphic mimeType="jpg" url="AM%20Dipl.%20Isl.%20Fasc.%20I,10/1/THUMBNAIL" width="200px" height="141px"/>
			<graphic mimeType="jpg" url="AM%20Dipl.%20Isl.%20Fasc.%20I,10/1/SECONDARY_DISPLAY" width="5027px" height="3533px"/>
			<graphic mimeType="pdf" url="AM%20Dipl.%20Isl.%20Fasc.%20I,10/1/WEB_DISPLAY"/>
		</surface>
	</facsimile>
	<text>
      <body>

         <p/>
      </body>
   </text>
</TEI>