<?xml version="1.0" encoding="UTF-8"?>
<?oxygen RNGSchema="http://www.handrit.is/schema/handrit-1.0.rnc" type="compact"?>
<TEI xmlns="http://www.tei-c.org/ns/1.0">
   <teiHeader>
      <fileDesc>
         <titleStmt>
            <title>Handritaskrá Árnastofnunar</title>
         </titleStmt>
         <publicationStmt>
            <p>Tilraunaútgáfa</p>
         </publicationStmt>
         <sourceDesc>
            <msDesc xml:lang="is" xml:id="AMDI-F0002-0013-is">
               <msIdentifier>
                  <country key="IS">Ísland</country>
                  <settlement>Reykjavík</settlement>
                  <institution>Stofnun Árna Magnússonar í íslenskum fræðum</institution>
                  <repository>Handritasvið</repository>
                  <collection>Safn Árna Magnússonar</collection>
                  <idno>AM Dipl. Isl. Fasc. II,13</idno>
                  <altIdentifier type="internal" subtype="Askja">
                     <idno>0001</idno>
                  </altIdentifier>
               </msIdentifier>
               <msContents xml:lang="is">
                  <textLang mainLang="is">Íslenska</textLang>
                  <msItem class="fornb" defective="false">
                     <locus from="1r" facs="#AMDI-F0002-0013-0001r" to="1v">1r-1v</locus>
                     <title type="uniform">Máldagi.</title>
                     <incipit> Vér, Þórarinn, með guðs náð, biskup í Skálaholti, heilsum öllum
                        dugandi mönnum þeim sem þetta bréf sjá eður heyra, með guðs k[veðju] og
                        vorri.</incipit>
                     <explicit>… settum vér vort innsigli fyrir þetta bréf, skrifað á Vatnsfirði
                        xij°. kalendas septembris, anno domini, millisimo. ccc°. lx°.
                        iij°.</explicit>
                     <note>Bréf <name type="person">Þórarins</name> Skálholtsbiskups staðfestir
                        úrskurð séra Snorra kyngis officialis um ærgjald úr Æðey til
                        Vatnsfjarðarkirkju, sem og máldaga kirkjunnar. (sbr. <ref target="AM02-0479">AM 479 fol.</ref>)).</note>
                     <bibl><ref type="primary-1" target="DiplIsl">
                           Íslenzkt fornbréfasafn</ref><biblScope type="volume">III.
                           nr. 169, bls. 199-200.</biblScope> Kaupmannahöfn 1890</bibl>
                     <bibl><ref type="primary-1" target="EA-A7">
                           Islandske originaldiplomer indtil 1450.</ref><biblScope type="pages">40. Bréf nr. 35.</biblScope> Köbenhavn 1963.</bibl>
                  </msItem>
               </msContents>
               <physDesc>
                  <objectDesc form="codex">
                     <supportDesc material="perg">
                        <support>Skinn.</support>
                        <extent>Eitt blað (<dimensions type="leaf" scope="all" unit="mm">
                              <height/>
                              <width/>
                           </dimensions>). Bakhlið bréfsins <locus from="1v" facs="#AMDI-F0002-0013-0001v" to="1v">1v</locus> er að mestu
                           auð.</extent>
                        <foliation>
                           <p>Skinnið er ljóst og letrið greinilegt. Skorið hefur verið ofan af
                              bréfinu svo að megnið af fyrstu línu vantar. Reynt hefur verið að
                              endurgera línuna „Stadfestningar bref biskup[s þorarins uppa]“.</p>
                        </foliation>
                     </supportDesc>
                     <layoutDesc>
                        <layout columns="1" writtenLines="13">
                           <p>
                              <list>
                                 <item>Eindálka.</item>
                                 <item>Leturflötur er ca <dimensions type="written" unit="mm">
                                       <height>60</height>
                                       <width>230</width>
                                    </dimensions>.</item>
                                 <item>Línufjöldi er 13.</item>
                              </list>
                           </p>
                        </layout>
                     </layoutDesc>
                  </objectDesc>
                  <handDesc hands="1">
                     <handNote scope="sole" script="textualis" scribe="unknown">Óþekktur
                           skrifari, léttiskrift.</handNote>
                  </handDesc>
                  <additions>
                     <p>Á blaði <locus from="1v" facs="#AMDI-F0002-0013-0001v" to="1v">1v</locus> er
                        skrifað með hendi frá 17. öld: „Maldagabrefid kirkiunnar og hitt annad
                        officialis brefid“.</p>
                  </additions>
                  <bindingDesc>
                     <binding notBefore="1996" notAfter="1997" contemporary="false">
                        <p>Umbúðir og askja frá 1996-1997 (<dimensions type="binding" unit="mm">
                              <height>295</height>
                              <width>370</width>
                              <depth>4</depth>
                           </dimensions>). </p>
                     </binding>
                  </bindingDesc>
                  <sealDesc>
                     <seal>
                        <p>Innsigli Þórarins biskups er glatað.</p>
                     </seal>
                  </sealDesc>
               </physDesc>

               <history>
                  <origin notBefore="1363" notAfter="1363">
                     <p>Bréfið var skrifað á <origPlace key="IS">Íslandi</origPlace>.</p>
                  </origin>
                  <provenance>
                     <p>Í niðurlagi bréfsins kemur fram að það var skrifað í Vatnsfirði 12.
                        september 1363.</p>
                  </provenance>
                  <acquisition when="1975-09-27">
                     <p>Stofnun Árna Magnússonar á Íslandi tók við bréfinu í desember 1996.</p>
                  </acquisition>
               </history>
               <additional>
                  <adminInfo>
                     <recordHist>
                        <source>
                           <p>
                              <list>
                                 <item>
                                    <name type="person" key="BulAtt001">Attila Bulenda</name> skráði
                                    samkvæmt reglum TEI P5 <date notBefore="2015-02-26" notAfter="2015-02-26">26. febrúar 2015</date> og
                                    síðar.</item>
                              </list>
                           </p>
                        </source>
                     </recordHist>
                     <custodialHist>
                        <custEvent notBefore="1996" notAfter="1997" type="conservation">
                           <p>Gert var við bréfið og búið um það í nýjum umbúðum af forvörðum á
                              viðgerðarstofu Det Arnamagnæanske Institut í Kaupmannahöfn árið 1996
                              eða fyrr.</p>
                           <p>Eldri umbúðir, einföld mappa úr brúnum pappír, liggur með í
                              öskjunni.</p>
                        </custEvent>
                     </custodialHist>
                  </adminInfo>
                  <surrogates>
                     <p>
                        <list>
                           <item>Svart-hvítar ljósmyndir á Det Arnamagnæanske Institut í
                              Kaupmannahöfn.</item>
                        </list>
                     </p>
                  </surrogates>
                  <listBibl>
                     <bibl/>
                  </listBibl>
               </additional>
            </msDesc>
         </sourceDesc>
      </fileDesc>

   </teiHeader>
	<facsimile xml:base="https://myndir.handrit.is/file/Handrit.is/">
		<surface xml:id="AMDI-F0002-0013-0001r" n="0">
			<desc>0001r</desc>
			<graphic mimeType="pdf" url="AM%20Dipl.%20Isl.%20Fasc.%20II,13/0/HIGH_QUALITY_DISPLAY"/>
			<graphic mimeType="jpg" url="AM%20Dipl.%20Isl.%20Fasc.%20II,13/0/THUMBNAIL" width="200px" height="82px"/>
			<graphic mimeType="jpg" url="AM%20Dipl.%20Isl.%20Fasc.%20II,13/0/SECONDARY_DISPLAY" width="5317px" height="2171px"/>
			<graphic mimeType="pdf" url="AM%20Dipl.%20Isl.%20Fasc.%20II,13/0/WEB_DISPLAY"/>
		</surface>
		<surface xml:id="AMDI-F0002-0013-0001v" n="1">
			<desc>0001v</desc>
			<graphic mimeType="pdf" url="AM%20Dipl.%20Isl.%20Fasc.%20II,13/1/HIGH_QUALITY_DISPLAY"/>
			<graphic mimeType="jpg" url="AM%20Dipl.%20Isl.%20Fasc.%20II,13/1/THUMBNAIL" width="200px" height="82px"/>
			<graphic mimeType="jpg" url="AM%20Dipl.%20Isl.%20Fasc.%20II,13/1/SECONDARY_DISPLAY" width="5317px" height="2171px"/>
			<graphic mimeType="pdf" url="AM%20Dipl.%20Isl.%20Fasc.%20II,13/1/WEB_DISPLAY"/>
		</surface>
	</facsimile>
	<text>
      <body>

         <p/>
      </body>
   </text>
</TEI>
