<?xml version="1.0" encoding="UTF-8"?>
<?oxygen RNGSchema="http://www.handrit.is/schema/handrit-1.0.rnc" type="compact"?>
<TEI xmlns="http://www.tei-c.org/ns/1.0">
   <teiHeader>
      <fileDesc>
         <titleStmt>
            <title>Handritaskrá Árnastofnunar</title>
         </titleStmt>
         <publicationStmt>
            <p>Tilraunaútgáfa</p>
         </publicationStmt>
         <sourceDesc>
            <msDesc xml:lang="is" xml:id="AMDI-F0002-0019-is">
               <msIdentifier>
                  <country key="IS">Ísland</country>
                  <settlement>Reykjavík</settlement>
                  <institution>Stofnun Árna Magnússonar í íslenskum fræðum</institution>
                  <repository>Handritasvið</repository>
                  <collection>Safn Árna Magnússonar</collection>
                  <idno>AM Dipl. Isl. Fasc. II,19</idno>
                  <altIdentifier type="internal" subtype="Askja">
                     <idno>0001</idno>
                  </altIdentifier>
               </msIdentifier> 
               <msContents xml:lang="is">
                  <textLang mainLang="is">Íslenska</textLang>
                  <msItem class="fornb" defective="false">
                     <locus from="1r" facs="#AMDI-F0002-0019-0001r" to="1v">1r-1v</locus>
                     <title type="uniform">Samningur.</title>
                     <incipit>Bróðir Jón, með guðs náð, biskup á Hólum, sendir öllum mönnum þeim sem þetta bréf sjá eður heyra k(veðju) guðs og sína, kunnigt gerandi …</incipit>
                     <explicit>… settum við okkur innsigli með þeirra innsiglum fyrir þetta bréf, gert í sögðum stað, ári og degi síðar en fyrr segir </explicit>
                     <note>Samningur Jóns biskups skalla og Dálks bónda Einarssonar um landamerki milli Miklabæjar í Blönduhlíð og Reykja í Tungusveit og um veiði í Jökulsá (Íslenzkt fornbréfasafn III:271)</note>
                     <bibl><ref type="primary-1" target="DiplIsl">
                        Íslenzkt fornbréfasafn</ref><biblScope type="volume">III. nr. 226, bl. 271.</biblScope>Kaupmannahöfn 1893</bibl>
                     <bibl><ref type="primary-1" target="EA-A7">
                        Islandske originaldiplomer indtil 1450.</ref><biblScope type="pages">49. Bréf nr. 42.</biblScope> København 1963.</bibl>
                  </msItem>
               </msContents>
               <physDesc>
                  <objectDesc form="codex"> 
                     <supportDesc material="perg">
                        <support>Skinn.</support>
                        <extent>Eitt blað (<dimensions type="leaf" scope="all" unit="mm">
                              <height>102-105</height>
                              <width>282-283</width>
                        </dimensions>).</extent>
                     </supportDesc>
                     <layoutDesc>
                        <layout columns="1" writtenLines="14">
                           <p>
                              <list>
                                 <item>Eindálka.</item>
                                 <item>Leturflötur er ca <dimensions type="written" unit="mm">
                                       <height>70-88</height>
                                       <width>250-257</width>
                                    </dimensions>.</item>
                                 <item>Línufjöldi er 14.</item>
                              </list> 
                           </p> 
                        </layout>
                     </layoutDesc>
                  </objectDesc>
                  <handDesc hands="1">
                     <handNote scope="sole" script="textualis" scribe="unknown">Óþekktur skrifari</handNote>
                  </handDesc>
                  <additions>
                     <p>Á blaði <locus from="1v" facs="#AMDI-F0001-0010-0001v" to="1v">1v</locus> er skrifað "1371".</p>
                  </additions>
                  <bindingDesc>
                     <binding notBefore="1996" notAfter="1996" contemporary="false">
                        <p>Umbúðir og askja frá 1996 eða fyrr (<dimensions type="binding" unit="mm">
                              <height>209</height>
                              <width>172</width>
                              <depth>10</depth>
                           </dimensions>). </p>
                    </binding>                    
                  </bindingDesc>
                  <sealDesc><seal><p>Átta innsigli hafa verið fyrir bréfinu (fyrst Jóns biskups) en þrjú þeirra eru dottin frá (nr. 3, 4 og 6).</p></seal></sealDesc>
               </physDesc>

               <history>
                  <origin notBefore="1371" notAfter="1371">
                     <p>Bréfið var skrifað á <origPlace key="IS">Íslandi</origPlace>.</p> 
                  </origin>
                  <provenance>
                     <p>Í lok bréfsins kemur fram að það var skrifað á Víðivöllum í Blönduhlíð 2. október 1371.</p>
                  </provenance>
                  <acquisition when="1996-12">
                     <p>Stofnun Árna Magnússonar á Íslandi tók við bréfinu í desember 1996.</p>
                  </acquisition>
               </history>
               <additional>
                  <adminInfo>
                     <recordHist>
                        <source>
                           <p>
                              <list>
                                 <item>
                                    <name type="person" key="AliKan001">Alissa Kanaan</name> skráði samkvæmt reglum TEI P5 <date notBefore="2015-02-26" notAfter="2015-02-26">26. febrúar 2015</date>.</item>                                 
                              </list>
                           </p>
                        </source>
                     </recordHist>
                     <custodialHist>
                        <custEvent notAfter="1996" type="conservation">
                           <p>Gert var við bréfið og búið um það í nýjum umbúðum af forvörðum á viðgerðarstofu Det Arnamagnæanske Institut í Kaupmannahöfn árið
                           1996 eða fyrr.</p>
                           <p>Eldri umbúðir, einföld mappa úr brúnum pappír, liggur með í öskjunni.</p>
                        </custEvent>
                     </custodialHist>
                  </adminInfo>
                  <surrogates>
                     <p>
                        <list>
                           <item>Svart-hvítar ljósmyndir á Det Arnamagnæanske Institut í
                           Kaupmannahöfn.</item>
                        </list>
                     </p>
                  </surrogates>
                  <listBibl>
                     <bibl/>
                  </listBibl>
               </additional>
            </msDesc>
         </sourceDesc>
      </fileDesc>
      
   </teiHeader>
	<facsimile xml:base="https://myndir.handrit.is/file/Handrit.is/">
		<surface xml:id="AMDI-F0002-0019-0001r" n="0">
			<desc>0001r</desc>
			<graphic mimeType="pdf" url="AM%20Dipl.%20Isl.%20Fasc.%20II,19/0/HIGH_QUALITY_DISPLAY"/>
			<graphic mimeType="jpg" url="AM%20Dipl.%20Isl.%20Fasc.%20II,19/0/THUMBNAIL" width="200px" height="133px"/>
			<graphic mimeType="jpg" url="AM%20Dipl.%20Isl.%20Fasc.%20II,19/0/SECONDARY_DISPLAY" width="5461px" height="3641px"/>
			<graphic mimeType="pdf" url="AM%20Dipl.%20Isl.%20Fasc.%20II,19/0/WEB_DISPLAY"/>
		</surface>
		<surface xml:id="AMDI-F0002-0019-0001v" n="1">
			<desc>0001v</desc>
			<graphic mimeType="pdf" url="AM%20Dipl.%20Isl.%20Fasc.%20II,19/1/HIGH_QUALITY_DISPLAY"/>
			<graphic mimeType="jpg" url="AM%20Dipl.%20Isl.%20Fasc.%20II,19/1/THUMBNAIL" width="200px" height="133px"/>
			<graphic mimeType="jpg" url="AM%20Dipl.%20Isl.%20Fasc.%20II,19/1/SECONDARY_DISPLAY" width="5616px" height="3744px"/>
			<graphic mimeType="pdf" url="AM%20Dipl.%20Isl.%20Fasc.%20II,19/1/WEB_DISPLAY"/>
		</surface>
	</facsimile>
	<text>
      <body>
         
         <p/>
      </body>
   </text>
</TEI>