<?xml version="1.0" encoding="UTF-8"?>
<?oxygen RNGSchema="http://www.handrit.is/schema/handrit-1.0.rnc" type="compact"?>
<TEI xmlns="http://www.tei-c.org/ns/1.0">
    <teiHeader>
        <fileDesc>
            <titleStmt>
                <title>Handritaskrá Árnastofnunar</title>
            </titleStmt>
            <publicationStmt>
                <p>Tilraunaútgáfa</p>
            </publicationStmt>
            <sourceDesc>
                <msDesc xml:lang="is" xml:id="AMDI-A0007-is">
                    <msIdentifier>
                        <country key="IS">Ísland</country>
                        <settlement>Reykjavík</settlement>
                        <institution>Stofnun Árna Magnússonar í íslenskum fræðum</institution>
                        <repository>Handritasvið</repository>
                        <collection>Safn Árna Magnússonar</collection>
                        <idno>AM Dipl. Isl. Apogr. 7</idno>
                        <altIdentifier type="internal" subtype="Böggull">
                            <idno>Böggull I-1</idno>
                        </altIdentifier>
                    </msIdentifier>
                    <msContents xml:lang="is">
                        <textLang mainLang="is">Íslenska</textLang>
                        <msItem defective="false" class="fornb vitn">
                            <locus from="1v" to="2r">1v-2r</locus>
                            <title type="supplied">Vitnisburðarbréf varðandi greiðslu fyrir jörðina
                                    <placeName key="LanLjó01">Landamót</placeName> í
                                Ljósavatnskirkjusókn í Kinn</title>
                            <incipit>Það gjörum vér eftirskrifaðir menn Daði Árnason, Jón
                                Sigurðsson, Þorkell Tumason …</incipit>
                            <note>
                                <p>Vitnisburður um að <name type="person" key="BjoBen001">Björn Benediktsson</name> hafi greitt Sólveigu Þorgrímsdóttur fyrir jörðina að fullu.</p>
                                <p>Gjörningurinn fór fram að <placeName key="YtrGlæ01">Brennihóli</placeName> í Kræklingahlíð 31. október 1614, en uppskriftin er frá 20. maí 1728.</p>
                            </note>
                        </msItem>
                    </msContents>
                    <physDesc>
                        <objectDesc form="codex">
                            <supportDesc material="chart">
                                <support>Pappír.</support>
                                <extent>2 blöð (<dimensions type="leaf" scope="all" unit="mm">
                                        <height>160</height>
                                        <width>102</width>
                                    </dimensions>). Bl. <locus from="1r" to="1r">1r</locus> og
                                        <locus from="2v" to="2v">2v</locus> auð.</extent>
                                <collation>Tvinn.</collation>
                            </supportDesc>
                            <layoutDesc>

                                <layout columns="1" writtenLines="27">
                                    <p>
                                        <list>
                                            <item>Eindálka. Skrifað er langsum frá bl. 1v til
                                                2r.</item>
                                            <item>Leturflötur er ca. <dimensions type="written"
                                                  unit="mm">
                                                  <height>190</height>
                                                  <width>135</width>
                                                </dimensions>.</item>
                                            <item>Línufjöldi er 27.</item>
                                        </list>
                                    </p>
                                </layout>
                            </layoutDesc>
                        </objectDesc>
                        <handDesc hands="1">
                            <handNote scope="sole" script="kanzlei" scribe="unknown">Óþekktur
                                skrifari, kansellískrift.</handNote>
                        </handDesc>

                        <additions>
                            <p>Undir uppskriftinni með fljótaskrift: <q>Þetta bréf á kálfskinn er
                                    með 4 heilum hangandi innsiglum rétt kóperað eftir sínum
                                    original votta undirskrifaðir er koperuðu og saman lásu að
                                    Grenjaðarstað d. 20. maí 1728.</q> Undir skrifa Magnús Þorvaldsson og Gísli Magnússon.</p>
                        </additions>
                        <bindingDesc>
                            <binding contemporary="false">
                                <p>Í böggli með bréfauppskriftum 1-130.</p>
                                <p>Pakkað inn í brúnan umbúðapappír; hörð pappaspjöld að framan og
                                    aftan með þvengjum til að binda saman böggulinn. Framan á
                                    pappaspjaldi stendur <q>Þingeyjarsýsla no 1-130 c</q>. Safnmark
                                    á grænum miða á kili.</p>
                            </binding>
                        </bindingDesc>
                    </physDesc>

                    <history>
                        <origin when="1728-05-20">
                            <p>Uppskriftin var gerð á <origPlace key="IS">Íslandi</origPlace> fyrir
                                    <name type="person" key="ArnMag001">Árna Magnússon</name>, 20. maí
                                1728.</p>
                        </origin>
                        <provenance>
                            <p><name type="person" key="ArnMag001">Árni Magnússon</name> fékk
                                fornbréfauppskriftir sendar til Kaupmannahafnar árið <date
                                    when="1720">1720</date> en þessi hefur komið síðar.</p>
                        </provenance>
                        <acquisition>
                            <p>Stofnun Árna Magnússonar á Íslandi tók við bögglinum <date
                                    when="1977-12-07">7. desember 1977</date>.</p>
                        </acquisition>
                    </history>


                    <additional>
                        <adminInfo>
                            <recordHist>
                                <source>
                                    <p>
                                        <list>
                                            <item><name type="person" key="ThoSig001">ÞS</name>
                                                skráði samkvæmt reglum TEIP5 <date when="2017-04-06"
                                                  >6. apríl 2017</date>.</item>
                                        </list>
                                    </p>
                                </source>
                            </recordHist>
                            <custodialHist>
                                <custEvent type="conservation"> </custEvent>
                            </custodialHist>
                        </adminInfo>
                        <surrogates>
                            <p>
                                <list>
                                    <item>Svart-hvítar ljósmyndir á Det Arnamagnæanske Institut í
                                        Kaupmannahöfn.</item>
                                </list>
                            </p>
                        </surrogates>
                        <listBibl>
                            <bibl/>
                        </listBibl>
                    </additional>
                </msDesc>
            </sourceDesc>
        </fileDesc>

    </teiHeader>

    <text>
        <body>

            <p/>
        </body>
    </text>
</TEI>
