<?xml version="1.0" encoding="UTF-8"?>
<?oxygen RNGSchema="http://www.handrit.is/schema/handrit-1.0.rnc" type="compact"?>
<TEI xmlns="http://www.tei-c.org/ns/1.0">
   <teiHeader>
      <fileDesc>
         <titleStmt>
            <title>Handritaskrá Árnastofnunar</title>
         </titleStmt>
         <publicationStmt>
            <p>Tilraunaútgáfa</p>
         </publicationStmt>
         <sourceDesc>
            <msDesc xml:lang="is" xml:id="AMDI-F0003-0001-is">
               <msIdentifier>
                  <country key="IS">Ísland</country>
                  <settlement>Reykjavík</settlement>
                  <institution>Stofnun Árna Magnússonar í íslenskum fræðum</institution>
                  <repository>Handritasvið</repository>
                  <collection>Safn Árna Magnússonar</collection>
                  <idno>AM Dipl. Isl. Fasc. III,1</idno>
                  <altIdentifier type="internal" subtype="Askja">
                     <idno>0002</idno>
                  </altIdentifier>
               </msIdentifier> 
               <msContents xml:lang="is">
                  <textLang mainLang="is">Íslenska</textLang>
                  <msItem class="fornb" defective="false">
                     <locus from="1r" facs="#AMDI-F0003-0001-0001r" to="1v">1r-1v</locus>
                     <title type="uniform">Kaupbréf.</title>
                     <incipit>Öllum mönnum þeim sem þetta bréf sjá eður heyra senda Jörundur …</incipit>
                     <explicit>… Hákonar, með guðs náð, Noregs og Svíaríkis konungs, degi síðar en fyrr segir.</explicit>
                     <note>Þorsteinn lögmaður Eyjólfsson gefur Katli Grímssyni kvittan um ólöglega meðferð á peningum þeim, sem Ketill hafði gefið í vald og vernd Þorsteins, en Ketill handleggur honum allan reka á Rúteyjarströnd milli Hvalár og Dögurðardalsár (Íslenzkt fornbréfasafn III:273).</note>
                     <bibl><ref type="primary-1" target="DiplIsl">
                        Íslenzkt fornbréfasafn</ref><biblScope type="volume">III. nr. 228, bl. 273.</biblScope> Kaupmannahöfn 1893</bibl>
                     <bibl><ref type="primary-1" target="EA-A7">
                        Islandske originaldiplomer indtil 1450.</ref><biblScope type="pages">50. Bréf nr. 43.</biblScope> København 1963.</bibl>
                  </msItem>
               </msContents>
               <physDesc>
                  <objectDesc form="codex"> 
                     <supportDesc material="perg">
                        <support>Skinn.</support>
                        <extent>Eitt blað ca. (<dimensions type="leaf" scope="all" unit="mm">
                              <height>87</height>
                              <width>195</width>
                        </dimensions>).</extent>
                     </supportDesc>
                     <layoutDesc>
                        <layout columns="1" writtenLines="11">
                           <p>
                              <list>
                                 <item>Eindálka.</item>
                                 <item>Leturflötur er ca. <dimensions type="written" unit="mm">
                                       <height>60-70</height>
                                       <width>190-200</width>
                                    </dimensions>.</item>
                                 <item>Línufjöldi er 11.</item>
                              </list> 
                           </p> 
                        </layout>
                     </layoutDesc>
                  </objectDesc>
                  <handDesc hands="1">
                     <handNote scope="sole" script="unknown">Óþekktur skrifari.</handNote>
                  </handDesc>
                  <additions>
                     <p>Í botni bréfsins er ritað „Joni“ með hendi frá 17. öld. Á blaði <locus from="1v" facs="#AMDI-F0001-0010-0001v" to="1v">1v</locus> er ritað „Hrut eyiar strandar reka“ + ártalið 1372, með hendi frá 16. öld.</p>
                  </additions>
                  <bindingDesc>
                     <binding notAfter="1996" contemporary="false">
                        <p>Umbúðir frá 1996 eða fyrr (<dimensions type="binding" unit="mm">
                              <height>290</height>
                              <width>365</width>
                              <depth>9</depth>
                           </dimensions>). </p>
                    </binding>                    
                  </bindingDesc>
                  <sealDesc><seal><p>Það er einn innsiglisþvengur eftir, en ekkert innsigli.</p></seal></sealDesc>
               </physDesc>

               <history>
                  <origin notBefore="1372" notAfter="1372">
                     <p>Bréfið var skrifað á <origPlace key="IS">Íslandi</origPlace>.</p> 
                  </origin>
                  <provenance>
                     <p>Í niðurlagi bréfsins kemur fram að það var skrifað í Hvammi á Vatnsnesi 29. janúar 1372.</p>
                  </provenance>
                  <acquisition when="1996-12">
                     <p>Stofnun Árna Magnússonar á Íslandi tók við bréfinu í desember 1996.</p>
                  </acquisition>
               </history>
               <additional>
                  <adminInfo>
                     <recordHist>
                        <source>
                           <p>
                              <list>
                                 <item>
                                    <name type="person" key="MalAde001">Malo Adeux</name> skráði samkvæmt reglum TEI P5 <date notBefore="2015-03-02" notAfter="2015-03-02">2. mars 2015</date>.</item>                                 
                              </list>
                           </p>
                        </source>
                     </recordHist>
                     <custodialHist>
                        <custEvent notAfter="1996" type="conservation">
                           <p>Gert var við bréfið og búið um það í nýjum umbúðum af forvörðum á viðgerðarstofu Det Arnamagnæanske Institut í Kaupmannahöfn árið
                           1996 eða fyrr.</p>
                           <p>Eldri umbúðir, einföld mappa úr brúnum pappír, liggur með í öskjunni.</p>
                        </custEvent>
                     </custodialHist>
                  </adminInfo>
                  <surrogates>
                     <p>
                        <list>
                           <item>Svart-hvítar ljósmyndir á Det Arnamagnæanske Institut í
                           Kaupmannahöfn.</item>
                        </list>
                     </p>
                  </surrogates>
                  <listBibl>
                     <bibl>Guðvarður Már Gunnlaugsson 2007, <ref target="GuðGun2007b">Sýnisbók íslenskrar skriftar</ref></bibl>
                  </listBibl>
               </additional>
            </msDesc>
         </sourceDesc>
      </fileDesc>
      
   </teiHeader>
	<facsimile xml:base="https://myndir.handrit.is/file/Handrit.is/">
		<surface xml:id="AMDI-F0003-0001-0001r" n="0">
			<desc>0001r</desc>
			<graphic mimeType="pdf" url="AM%20Dipl.%20Isl.%20Fasc.%20III,1/0/HIGH_QUALITY_DISPLAY"/>
			<graphic mimeType="jpg" url="AM%20Dipl.%20Isl.%20Fasc.%20III,1/0/THUMBNAIL" width="200px" height="133px"/>
			<graphic mimeType="jpg" url="AM%20Dipl.%20Isl.%20Fasc.%20III,1/0/SECONDARY_DISPLAY" width="5277px" height="3518px"/>
			<graphic mimeType="pdf" url="AM%20Dipl.%20Isl.%20Fasc.%20III,1/0/WEB_DISPLAY"/>
		</surface>
		<surface xml:id="AMDI-F0003-0001-0001v" n="1">
			<desc>0001v</desc>
			<graphic mimeType="pdf" url="AM%20Dipl.%20Isl.%20Fasc.%20III,1/1/HIGH_QUALITY_DISPLAY"/>
			<graphic mimeType="jpg" url="AM%20Dipl.%20Isl.%20Fasc.%20III,1/1/THUMBNAIL" width="200px" height="133px"/>
			<graphic mimeType="jpg" url="AM%20Dipl.%20Isl.%20Fasc.%20III,1/1/SECONDARY_DISPLAY" width="5277px" height="3518px"/>
			<graphic mimeType="pdf" url="AM%20Dipl.%20Isl.%20Fasc.%20III,1/1/WEB_DISPLAY"/>
		</surface>
	</facsimile>
	<text>
      <body>
         
         <p/>
      </body>
   </text>
</TEI>