<?xml version="1.0" encoding="UTF-8"?>
<?oxygen RNGSchema="http://www.handrit.is/schema/handrit-1.0.rnc" type="compact"?>
<TEI xmlns="http://www.tei-c.org/ns/1.0">
    <teiHeader>
        <fileDesc>
            <titleStmt>
                <title>Handritaskrá Árnastofnunar</title>
            </titleStmt>
            <publicationStmt>
                <p>Tilraunaútgáfa</p>
            </publicationStmt>
            <sourceDesc>
                <msDesc xml:lang="is" xml:id="AMDI-A0008-is">
                    <msIdentifier>
                        <country key="IS">Ísland</country>
                        <settlement>Reykjavík</settlement>
                        <institution>Stofnun Árna Magnússonar í íslenskum fræðum</institution>
                        <repository>Handritasvið</repository>
                        <collection>Safn Árna Magnússonar</collection>
                        <idno>AM Dipl. Isl. Apogr. 8</idno>
                        <altIdentifier type="internal" subtype="Böggull">
                            <idno>Böggull I-1</idno>
                        </altIdentifier>
                    </msIdentifier>
                    <msContents xml:lang="is">
                        <textLang mainLang="is">Íslenska</textLang>
                        <msItem defective="false" class="fornb jarkbr landm">
                            <locus from="1r" to="3v">1r-3v</locus>
                            <title type="supplied">Kaup- og landamerkjabréf um Hallgilsstaði í
                                Fnjóskadal</title>
                            <incipit>Það gjörum vér Ari Sigurðsson, Jón Markússon, Ingimundur
                                Ólafsson …</incipit>
                            <explicit>… mánudaginn næsta fyrir apostolorum Simonis et Jude á sama
                                ári sem fyrr segir.</explicit>
                            <note>
                                <p>Helgi Sigurðsson selur Brynjólfi Magnússyni jörðina Hallgilsstaði
                                    í Fnjóskadal fyrir 37 hundruð í lausafé, og tilgreinir
                                    landamerki.</p>
                                <p>Bréfið er prentað eftir frumriti í <ref type="primary-1"
                                        target="DI6">Íslenzku fornbréfasafni 6</ref>, 503-504.</p>
                                <p>Frumbréfið er í AM Dipl. Isl. Fasc. XXVII, 20.</p></note>
                        </msItem>
                    </msContents>
                    <physDesc>
                        <objectDesc form="codex">
                            <supportDesc material="chart">
                                <support>Pappír. <watermark>Vatnsmerki ofarlega á bl. <locus
                                            from="2r" to="3v">2-3</locus></watermark>.</support>
                                <extent>4 blöð (<dimensions type="leaf" scope="all" unit="mm">
                                        <height>165</height>
                                        <width>105</width>
                                    </dimensions>). Bl. <locus from="4r" to="4v">4</locus>
                                    autt.</extent>
                                <collation>Tvö tvinn.</collation>
                            </supportDesc>
                            <layoutDesc>

                                <layout columns="1" writtenLines="12">
                                    <p>
                                        <list>
                                            <item>Eindálka.</item>
                                            <item>Leturflötur er ca. <dimensions type="written"
                                                  unit="mm">
                                                  <height>95-100</height>
                                                  <width>60</width>
                                                </dimensions>.</item>
                                            <item>Línufjöldi er 12.</item>
                                        </list>
                                    </p>
                                </layout>
                            </layoutDesc>
                        </objectDesc>
                        <handDesc hands="1">
                            <handNote scope="sole" script="cursiva" scribe="unknown">Óþekktur
                                skrifari, léttiskrift.</handNote>
                        </handDesc>

                        <additions>
                            <p>Efst í hægra horni bl. <locus from="1r" to="1r">1r</locus> er skrifað
                                ártalið 1483 með hendi skrifara og fyrir ofan textann á sama blaði
                                er safnmark frumbréfsins með 20. aldar hendi.</p>
                        </additions>
                        <bindingDesc>
                            <binding contemporary="false">
                                <p>Í böggli með bréfauppskriftum 1-130.</p>
                                <p>Pakkað inn í brúnan umbúðapappír; hörð pappaspjöld að framan og
                                    aftan með þvengjum til að binda saman böggulinn. Framan á
                                    pappaspjaldi stendur <q>Þingeyjarsýsla no 1-130 c</q>. Safnmark
                                    á grænum miða á kili.</p>
                            </binding>
                        </bindingDesc>
                    </physDesc>

                    <history>
                        <origin when="1728-05-20">
                            <p>Uppskriftin var gerð á <origPlace key="IS">Íslandi</origPlace> fyrir
                                    <name type="person" key="ArnMag001">Árna Magnússon</name>,
                                líklega á árunum 1702-1712.</p>
                        </origin>
                        <provenance>
                            <p><name type="person" key="ArnMag001">Árni Magnússon</name> fékk
                                fornbréfauppskriftir sendar til Kaupmannahafnar árið <date
                                    when="1720">1720</date>.</p>
                        </provenance>
                        <acquisition>
                            <p>Stofnun Árna Magnússonar á Íslandi tók við bögglinum <date
                                    when="1977-12-07">7. desember 1977</date>.</p>
                        </acquisition>
                    </history>


                    <additional>
                        <adminInfo>
                            <recordHist>
                                <source>
                                    <p>
                                        <list>
                                            <item><name type="person" key="ThoSig001">ÞS</name>
                                                skráði samkvæmt reglum TEIP5 <date when="2017-04-07"
                                                  >7. apríl 2017</date>.</item>
                                        </list>
                                    </p>
                                </source>
                            </recordHist>
                            <custodialHist>
                                <custEvent type="conservation"> </custEvent>
                            </custodialHist>
                        </adminInfo>
                        <surrogates>
                            <p>
                                <list>
                                    <item>Svart-hvítar ljósmyndir á Det Arnamagnæanske Institut í
                                        Kaupmannahöfn.</item>
                                </list>
                            </p>
                        </surrogates>
                        <listBibl>
                            <bibl/>
                        </listBibl>
                    </additional>
                </msDesc>
            </sourceDesc>
        </fileDesc>

    </teiHeader>

    <text>
        <body>

            <p/>
        </body>
    </text>
</TEI>
