<?xml version="1.0" encoding="UTF-8"?>
<?oxygen RNGSchema="http://www.handrit.is/schema/handrit-1.0.rnc" type="compact"?>
<TEI xmlns="http://www.tei-c.org/ns/1.0">
	<teiHeader>
		<fileDesc>
			<titleStmt>
				<title type="main">Einkaeign 4</title>
			</titleStmt>
			<publicationStmt>
				<authority>Landsbókasafn Íslands - Háskólabókasafn</authority>
				<pubPlace>Reykjavík</pubPlace>
				<date when="2011-11-10">10. nóvember 2011</date>
				<availability status="restricted">
					<p>Aðgangur aðeins mögulegur í fræðilegum tilgangi.</p>
				</availability>
			</publicationStmt>
			<sourceDesc>
				<msDesc xml:id="Einkaeign-0004-is" xml:lang="is">
					<msIdentifier>
						<country key="IS">Ísland</country>
						<repository>Í einkaeigu</repository>
						<idno>Einkaeign 4</idno>
					</msIdentifier>
					<msContents>
						<textLang mainLang="is">Íslenska</textLang>
						<msItem n="1" defective="unknown" class="logfr">
							<textLang mainLang="is">Íslenska</textLang>
							<title type="supplied">Jónsbók.</title>
							
						</msItem>
						
					</msContents>
					<physDesc>
						<objectDesc form="codex">
							<supportDesc material="chart">
								<extent>82 bl.<dimensions scope="all" type="leaf" unit="mm">
									<height>200</height>
									<width>160</width>
								</dimensions>).</extent>
								
							</supportDesc>
						</objectDesc>
						
					</physDesc>
					<history>
						<origin>
							<origPlace>Ísland</origPlace>
							
						</origin>
						
					</history>
					<additional>
						
						<adminInfo>
							
							<recordHist>
								<source><name type="person" key="BraOla001">Bragi Þorgrímur Ólafsson</name> frumskráði, <date when="2011-11-10">10. nóvember
										2011</date></source>
							</recordHist>
						</adminInfo>
					</additional>
					
				</msDesc>
			</sourceDesc>
		</fileDesc>
	</teiHeader>
	<facsimile xml:base="https://myndir.handrit.is/file/Handrit.is/">
		<surface xml:id="Einkaeign-0004-0000r-FB" n="0">
			<desc>0000r-FB</desc>
			<graphic mimeType="pdf" url="Einkaeign%204/0/HIGH_QUALITY_DISPLAY"/>
			<graphic mimeType="jpg" url="Einkaeign%204/0/THUMBNAIL" width="200px" height="248px"/>
			<graphic mimeType="jpg" url="Einkaeign%204/0/SECONDARY_DISPLAY" width="2250px" height="2788px"/>
			<graphic mimeType="pdf" url="Einkaeign%204/0/WEB_DISPLAY"/>
		</surface>
		<surface xml:id="Einkaeign-0004-0000v-FB" n="1">
			<desc>0000v-FB</desc>
			<graphic mimeType="pdf" url="Einkaeign%204/1/HIGH_QUALITY_DISPLAY"/>
			<graphic mimeType="jpg" url="Einkaeign%204/1/THUMBNAIL" width="200px" height="243px"/>
			<graphic mimeType="jpg" url="Einkaeign%204/1/SECONDARY_DISPLAY" width="2155px" height="2616px"/>
			<graphic mimeType="pdf" url="Einkaeign%204/1/WEB_DISPLAY"/>
		</surface>
		<surface xml:id="Einkaeign-0004-accMat01r" n="2">
			<desc>accMat01r</desc>
			<graphic mimeType="pdf" url="Einkaeign%204/2/HIGH_QUALITY_DISPLAY"/>
			<graphic mimeType="jpg" url="Einkaeign%204/2/THUMBNAIL" width="200px" height="243px"/>
			<graphic mimeType="jpg" url="Einkaeign%204/2/SECONDARY_DISPLAY" width="2155px" height="2616px"/>
			<graphic mimeType="pdf" url="Einkaeign%204/2/WEB_DISPLAY"/>
		</surface>
		<surface xml:id="Einkaeign-0004-accMat01v" n="3">
			<desc>accMat01v</desc>
			<graphic mimeType="pdf" url="Einkaeign%204/3/HIGH_QUALITY_DISPLAY"/>
			<graphic mimeType="jpg" url="Einkaeign%204/3/THUMBNAIL" width="200px" height="221px"/>
			<graphic mimeType="jpg" url="Einkaeign%204/3/SECONDARY_DISPLAY" width="2287px" height="2520px"/>
			<graphic mimeType="pdf" url="Einkaeign%204/3/WEB_DISPLAY"/>
		</surface>
		<surface xml:id="Einkaeign-0004-0001r" n="4">
			<desc>0001r</desc>
			<graphic mimeType="pdf" url="Einkaeign%204/4/HIGH_QUALITY_DISPLAY"/>
			<graphic mimeType="jpg" url="Einkaeign%204/4/THUMBNAIL" width="200px" height="238px"/>
			<graphic mimeType="jpg" url="Einkaeign%204/4/SECONDARY_DISPLAY" width="2095px" height="2496px"/>
			<graphic mimeType="pdf" url="Einkaeign%204/4/WEB_DISPLAY"/>
		</surface>
		<surface xml:id="Einkaeign-0004-0001v" n="5">
			<desc>0001v</desc>
			<graphic mimeType="pdf" url="Einkaeign%204/5/HIGH_QUALITY_DISPLAY"/>
			<graphic mimeType="jpg" url="Einkaeign%204/5/THUMBNAIL" width="200px" height="238px"/>
			<graphic mimeType="jpg" url="Einkaeign%204/5/SECONDARY_DISPLAY" width="2094px" height="2496px"/>
			<graphic mimeType="pdf" url="Einkaeign%204/5/WEB_DISPLAY"/>
		</surface>
		<surface xml:id="Einkaeign-0004-0002r" n="6">
			<desc>0002r</desc>
			<graphic mimeType="pdf" url="Einkaeign%204/6/HIGH_QUALITY_DISPLAY"/>
			<graphic mimeType="jpg" url="Einkaeign%204/6/THUMBNAIL" width="200px" height="238px"/>
			<graphic mimeType="jpg" url="Einkaeign%204/6/SECONDARY_DISPLAY" width="2094px" height="2496px"/>
			<graphic mimeType="pdf" url="Einkaeign%204/6/WEB_DISPLAY"/>
		</surface>
		<surface xml:id="Einkaeign-0004-0002v" n="7">
			<desc>0002v</desc>
			<graphic mimeType="pdf" url="Einkaeign%204/7/HIGH_QUALITY_DISPLAY"/>
			<graphic mimeType="jpg" url="Einkaeign%204/7/THUMBNAIL" width="200px" height="238px"/>
			<graphic mimeType="jpg" url="Einkaeign%204/7/SECONDARY_DISPLAY" width="2094px" height="2496px"/>
			<graphic mimeType="pdf" url="Einkaeign%204/7/WEB_DISPLAY"/>
		</surface>
		<surface xml:id="Einkaeign-0004-0003r" n="8">
			<desc>0003r</desc>
			<graphic mimeType="pdf" url="Einkaeign%204/8/HIGH_QUALITY_DISPLAY"/>
			<graphic mimeType="jpg" url="Einkaeign%204/8/THUMBNAIL" width="200px" height="238px"/>
			<graphic mimeType="jpg" url="Einkaeign%204/8/SECONDARY_DISPLAY" width="2094px" height="2496px"/>
			<graphic mimeType="pdf" url="Einkaeign%204/8/WEB_DISPLAY"/>
		</surface>
		<surface xml:id="Einkaeign-0004-0003v" n="9">
			<desc>0003v</desc>
			<graphic mimeType="pdf" url="Einkaeign%204/9/HIGH_QUALITY_DISPLAY"/>
			<graphic mimeType="jpg" url="Einkaeign%204/9/THUMBNAIL" width="200px" height="238px"/>
			<graphic mimeType="jpg" url="Einkaeign%204/9/SECONDARY_DISPLAY" width="2094px" height="2496px"/>
			<graphic mimeType="pdf" url="Einkaeign%204/9/WEB_DISPLAY"/>
		</surface>
		<surface xml:id="Einkaeign-0004-0004r" n="10">
			<desc>0004r</desc>
			<graphic mimeType="pdf" url="Einkaeign%204/10/HIGH_QUALITY_DISPLAY"/>
			<graphic mimeType="jpg" url="Einkaeign%204/10/THUMBNAIL" width="200px" height="238px"/>
			<graphic mimeType="jpg" url="Einkaeign%204/10/SECONDARY_DISPLAY" width="2094px" height="2496px"/>
			<graphic mimeType="pdf" url="Einkaeign%204/10/WEB_DISPLAY"/>
		</surface>
		<surface xml:id="Einkaeign-0004-0004v" n="11">
			<desc>0004v</desc>
			<graphic mimeType="pdf" url="Einkaeign%204/11/HIGH_QUALITY_DISPLAY"/>
			<graphic mimeType="jpg" url="Einkaeign%204/11/THUMBNAIL" width="200px" height="238px"/>
			<graphic mimeType="jpg" url="Einkaeign%204/11/SECONDARY_DISPLAY" width="2094px" height="2496px"/>
			<graphic mimeType="pdf" url="Einkaeign%204/11/WEB_DISPLAY"/>
		</surface>
		<surface xml:id="Einkaeign-0004-0005r" n="12">
			<desc>0005r</desc>
			<graphic mimeType="pdf" url="Einkaeign%204/12/HIGH_QUALITY_DISPLAY"/>
			<graphic mimeType="jpg" url="Einkaeign%204/12/THUMBNAIL" width="200px" height="238px"/>
			<graphic mimeType="jpg" url="Einkaeign%204/12/SECONDARY_DISPLAY" width="2094px" height="2496px"/>
			<graphic mimeType="pdf" url="Einkaeign%204/12/WEB_DISPLAY"/>
		</surface>
		<surface xml:id="Einkaeign-0004-0005v" n="13">
			<desc>0005v</desc>
			<graphic mimeType="pdf" url="Einkaeign%204/13/HIGH_QUALITY_DISPLAY"/>
			<graphic mimeType="jpg" url="Einkaeign%204/13/THUMBNAIL" width="200px" height="238px"/>
			<graphic mimeType="jpg" url="Einkaeign%204/13/SECONDARY_DISPLAY" width="2094px" height="2496px"/>
			<graphic mimeType="pdf" url="Einkaeign%204/13/WEB_DISPLAY"/>
		</surface>
		<surface xml:id="Einkaeign-0004-0006r" n="14">
			<desc>0006r</desc>
			<graphic mimeType="pdf" url="Einkaeign%204/14/HIGH_QUALITY_DISPLAY"/>
			<graphic mimeType="jpg" url="Einkaeign%204/14/THUMBNAIL" width="200px" height="238px"/>
			<graphic mimeType="jpg" url="Einkaeign%204/14/SECONDARY_DISPLAY" width="2094px" height="2496px"/>
			<graphic mimeType="pdf" url="Einkaeign%204/14/WEB_DISPLAY"/>
		</surface>
		<surface xml:id="Einkaeign-0004-0006v" n="15">
			<desc>0006v</desc>
			<graphic mimeType="pdf" url="Einkaeign%204/15/HIGH_QUALITY_DISPLAY"/>
			<graphic mimeType="jpg" url="Einkaeign%204/15/THUMBNAIL" width="200px" height="238px"/>
			<graphic mimeType="jpg" url="Einkaeign%204/15/SECONDARY_DISPLAY" width="2094px" height="2496px"/>
			<graphic mimeType="pdf" url="Einkaeign%204/15/WEB_DISPLAY"/>
		</surface>
		<surface xml:id="Einkaeign-0004-0007r" n="16">
			<desc>0007r</desc>
			<graphic mimeType="pdf" url="Einkaeign%204/16/HIGH_QUALITY_DISPLAY"/>
			<graphic mimeType="jpg" url="Einkaeign%204/16/THUMBNAIL" width="200px" height="238px"/>
			<graphic mimeType="jpg" url="Einkaeign%204/16/SECONDARY_DISPLAY" width="2094px" height="2496px"/>
			<graphic mimeType="pdf" url="Einkaeign%204/16/WEB_DISPLAY"/>
		</surface>
		<surface xml:id="Einkaeign-0004-0007v" n="17">
			<desc>0007v</desc>
			<graphic mimeType="pdf" url="Einkaeign%204/17/HIGH_QUALITY_DISPLAY"/>
			<graphic mimeType="jpg" url="Einkaeign%204/17/THUMBNAIL" width="200px" height="238px"/>
			<graphic mimeType="jpg" url="Einkaeign%204/17/SECONDARY_DISPLAY" width="2094px" height="2496px"/>
			<graphic mimeType="pdf" url="Einkaeign%204/17/WEB_DISPLAY"/>
		</surface>
		<surface xml:id="Einkaeign-0004-0008r" n="18">
			<desc>0008r</desc>
			<graphic mimeType="pdf" url="Einkaeign%204/18/HIGH_QUALITY_DISPLAY"/>
			<graphic mimeType="jpg" url="Einkaeign%204/18/THUMBNAIL" width="200px" height="238px"/>
			<graphic mimeType="jpg" url="Einkaeign%204/18/SECONDARY_DISPLAY" width="2094px" height="2496px"/>
			<graphic mimeType="pdf" url="Einkaeign%204/18/WEB_DISPLAY"/>
		</surface>
		<surface xml:id="Einkaeign-0004-0008v" n="19">
			<desc>0008v</desc>
			<graphic mimeType="pdf" url="Einkaeign%204/19/HIGH_QUALITY_DISPLAY"/>
			<graphic mimeType="jpg" url="Einkaeign%204/19/THUMBNAIL" width="200px" height="238px"/>
			<graphic mimeType="jpg" url="Einkaeign%204/19/SECONDARY_DISPLAY" width="2094px" height="2496px"/>
			<graphic mimeType="pdf" url="Einkaeign%204/19/WEB_DISPLAY"/>
		</surface>
		<surface xml:id="Einkaeign-0004-0009r" n="20">
			<desc>0009r</desc>
			<graphic mimeType="pdf" url="Einkaeign%204/20/HIGH_QUALITY_DISPLAY"/>
			<graphic mimeType="jpg" url="Einkaeign%204/20/THUMBNAIL" width="200px" height="238px"/>
			<graphic mimeType="jpg" url="Einkaeign%204/20/SECONDARY_DISPLAY" width="2094px" height="2496px"/>
			<graphic mimeType="pdf" url="Einkaeign%204/20/WEB_DISPLAY"/>
		</surface>
		<surface xml:id="Einkaeign-0004-0009v" n="21">
			<desc>0009v</desc>
			<graphic mimeType="pdf" url="Einkaeign%204/21/HIGH_QUALITY_DISPLAY"/>
			<graphic mimeType="jpg" url="Einkaeign%204/21/THUMBNAIL" width="200px" height="238px"/>
			<graphic mimeType="jpg" url="Einkaeign%204/21/SECONDARY_DISPLAY" width="2094px" height="2496px"/>
			<graphic mimeType="pdf" url="Einkaeign%204/21/WEB_DISPLAY"/>
		</surface>
		<surface xml:id="Einkaeign-0004-0010r" n="22">
			<desc>0010r</desc>
			<graphic mimeType="pdf" url="Einkaeign%204/22/HIGH_QUALITY_DISPLAY"/>
			<graphic mimeType="jpg" url="Einkaeign%204/22/THUMBNAIL" width="200px" height="238px"/>
			<graphic mimeType="jpg" url="Einkaeign%204/22/SECONDARY_DISPLAY" width="2094px" height="2496px"/>
			<graphic mimeType="pdf" url="Einkaeign%204/22/WEB_DISPLAY"/>
		</surface>
		<surface xml:id="Einkaeign-0004-0010v" n="23">
			<desc>0010v</desc>
			<graphic mimeType="pdf" url="Einkaeign%204/23/HIGH_QUALITY_DISPLAY"/>
			<graphic mimeType="jpg" url="Einkaeign%204/23/THUMBNAIL" width="200px" height="238px"/>
			<graphic mimeType="jpg" url="Einkaeign%204/23/SECONDARY_DISPLAY" width="2094px" height="2496px"/>
			<graphic mimeType="pdf" url="Einkaeign%204/23/WEB_DISPLAY"/>
		</surface>
		<surface xml:id="Einkaeign-0004-0011r" n="24">
			<desc>0011r</desc>
			<graphic mimeType="pdf" url="Einkaeign%204/24/HIGH_QUALITY_DISPLAY"/>
			<graphic mimeType="jpg" url="Einkaeign%204/24/THUMBNAIL" width="200px" height="238px"/>
			<graphic mimeType="jpg" url="Einkaeign%204/24/SECONDARY_DISPLAY" width="2094px" height="2496px"/>
			<graphic mimeType="pdf" url="Einkaeign%204/24/WEB_DISPLAY"/>
		</surface>
		<surface xml:id="Einkaeign-0004-0011v" n="25">
			<desc>0011v</desc>
			<graphic mimeType="pdf" url="Einkaeign%204/25/HIGH_QUALITY_DISPLAY"/>
			<graphic mimeType="jpg" url="Einkaeign%204/25/THUMBNAIL" width="200px" height="238px"/>
			<graphic mimeType="jpg" url="Einkaeign%204/25/SECONDARY_DISPLAY" width="2094px" height="2496px"/>
			<graphic mimeType="pdf" url="Einkaeign%204/25/WEB_DISPLAY"/>
		</surface>
		<surface xml:id="Einkaeign-0004-0012r" n="26">
			<desc>0012r</desc>
			<graphic mimeType="pdf" url="Einkaeign%204/26/HIGH_QUALITY_DISPLAY"/>
			<graphic mimeType="jpg" url="Einkaeign%204/26/THUMBNAIL" width="200px" height="238px"/>
			<graphic mimeType="jpg" url="Einkaeign%204/26/SECONDARY_DISPLAY" width="2094px" height="2496px"/>
			<graphic mimeType="pdf" url="Einkaeign%204/26/WEB_DISPLAY"/>
		</surface>
		<surface xml:id="Einkaeign-0004-0012v" n="27">
			<desc>0012v</desc>
			<graphic mimeType="pdf" url="Einkaeign%204/27/HIGH_QUALITY_DISPLAY"/>
			<graphic mimeType="jpg" url="Einkaeign%204/27/THUMBNAIL" width="200px" height="238px"/>
			<graphic mimeType="jpg" url="Einkaeign%204/27/SECONDARY_DISPLAY" width="2094px" height="2496px"/>
			<graphic mimeType="pdf" url="Einkaeign%204/27/WEB_DISPLAY"/>
		</surface>
		<surface xml:id="Einkaeign-0004-0013r" n="28">
			<desc>0013r</desc>
			<graphic mimeType="pdf" url="Einkaeign%204/28/HIGH_QUALITY_DISPLAY"/>
			<graphic mimeType="jpg" url="Einkaeign%204/28/THUMBNAIL" width="200px" height="238px"/>
			<graphic mimeType="jpg" url="Einkaeign%204/28/SECONDARY_DISPLAY" width="2094px" height="2496px"/>
			<graphic mimeType="pdf" url="Einkaeign%204/28/WEB_DISPLAY"/>
		</surface>
		<surface xml:id="Einkaeign-0004-0013v" n="29">
			<desc>0013v</desc>
			<graphic mimeType="pdf" url="Einkaeign%204/29/HIGH_QUALITY_DISPLAY"/>
			<graphic mimeType="jpg" url="Einkaeign%204/29/THUMBNAIL" width="200px" height="238px"/>
			<graphic mimeType="jpg" url="Einkaeign%204/29/SECONDARY_DISPLAY" width="2094px" height="2496px"/>
			<graphic mimeType="pdf" url="Einkaeign%204/29/WEB_DISPLAY"/>
		</surface>
		<surface xml:id="Einkaeign-0004-0014r" n="30">
			<desc>0014r</desc>
			<graphic mimeType="pdf" url="Einkaeign%204/30/HIGH_QUALITY_DISPLAY"/>
			<graphic mimeType="jpg" url="Einkaeign%204/30/THUMBNAIL" width="200px" height="238px"/>
			<graphic mimeType="jpg" url="Einkaeign%204/30/SECONDARY_DISPLAY" width="2094px" height="2496px"/>
			<graphic mimeType="pdf" url="Einkaeign%204/30/WEB_DISPLAY"/>
		</surface>
		<surface xml:id="Einkaeign-0004-0014v" n="31">
			<desc>0014v</desc>
			<graphic mimeType="pdf" url="Einkaeign%204/31/HIGH_QUALITY_DISPLAY"/>
			<graphic mimeType="jpg" url="Einkaeign%204/31/THUMBNAIL" width="200px" height="238px"/>
			<graphic mimeType="jpg" url="Einkaeign%204/31/SECONDARY_DISPLAY" width="2094px" height="2496px"/>
			<graphic mimeType="pdf" url="Einkaeign%204/31/WEB_DISPLAY"/>
		</surface>
		<surface xml:id="Einkaeign-0004-0015r" n="32">
			<desc>0015r</desc>
			<graphic mimeType="pdf" url="Einkaeign%204/32/HIGH_QUALITY_DISPLAY"/>
			<graphic mimeType="jpg" url="Einkaeign%204/32/THUMBNAIL" width="200px" height="238px"/>
			<graphic mimeType="jpg" url="Einkaeign%204/32/SECONDARY_DISPLAY" width="2094px" height="2496px"/>
			<graphic mimeType="pdf" url="Einkaeign%204/32/WEB_DISPLAY"/>
		</surface>
		<surface xml:id="Einkaeign-0004-0015v" n="33">
			<desc>0015v</desc>
			<graphic mimeType="pdf" url="Einkaeign%204/33/HIGH_QUALITY_DISPLAY"/>
			<graphic mimeType="jpg" url="Einkaeign%204/33/THUMBNAIL" width="200px" height="238px"/>
			<graphic mimeType="jpg" url="Einkaeign%204/33/SECONDARY_DISPLAY" width="2094px" height="2496px"/>
			<graphic mimeType="pdf" url="Einkaeign%204/33/WEB_DISPLAY"/>
		</surface>
		<surface xml:id="Einkaeign-0004-0016r" n="34">
			<desc>0016r</desc>
			<graphic mimeType="pdf" url="Einkaeign%204/34/HIGH_QUALITY_DISPLAY"/>
			<graphic mimeType="jpg" url="Einkaeign%204/34/THUMBNAIL" width="200px" height="238px"/>
			<graphic mimeType="jpg" url="Einkaeign%204/34/SECONDARY_DISPLAY" width="2094px" height="2496px"/>
			<graphic mimeType="pdf" url="Einkaeign%204/34/WEB_DISPLAY"/>
		</surface>
		<surface xml:id="Einkaeign-0004-0016v" n="35">
			<desc>0016v</desc>
			<graphic mimeType="pdf" url="Einkaeign%204/35/HIGH_QUALITY_DISPLAY"/>
			<graphic mimeType="jpg" url="Einkaeign%204/35/THUMBNAIL" width="200px" height="238px"/>
			<graphic mimeType="jpg" url="Einkaeign%204/35/SECONDARY_DISPLAY" width="2094px" height="2496px"/>
			<graphic mimeType="pdf" url="Einkaeign%204/35/WEB_DISPLAY"/>
		</surface>
		<surface xml:id="Einkaeign-0004-0017r" n="36">
			<desc>0017r</desc>
			<graphic mimeType="pdf" url="Einkaeign%204/36/HIGH_QUALITY_DISPLAY"/>
			<graphic mimeType="jpg" url="Einkaeign%204/36/THUMBNAIL" width="200px" height="238px"/>
			<graphic mimeType="jpg" url="Einkaeign%204/36/SECONDARY_DISPLAY" width="2094px" height="2496px"/>
			<graphic mimeType="pdf" url="Einkaeign%204/36/WEB_DISPLAY"/>
		</surface>
		<surface xml:id="Einkaeign-0004-0017v" n="37">
			<desc>0017v</desc>
			<graphic mimeType="pdf" url="Einkaeign%204/37/HIGH_QUALITY_DISPLAY"/>
			<graphic mimeType="jpg" url="Einkaeign%204/37/THUMBNAIL" width="200px" height="238px"/>
			<graphic mimeType="jpg" url="Einkaeign%204/37/SECONDARY_DISPLAY" width="2094px" height="2496px"/>
			<graphic mimeType="pdf" url="Einkaeign%204/37/WEB_DISPLAY"/>
		</surface>
		<surface xml:id="Einkaeign-0004-0018r" n="38">
			<desc>0018r</desc>
			<graphic mimeType="pdf" url="Einkaeign%204/38/HIGH_QUALITY_DISPLAY"/>
			<graphic mimeType="jpg" url="Einkaeign%204/38/THUMBNAIL" width="200px" height="238px"/>
			<graphic mimeType="jpg" url="Einkaeign%204/38/SECONDARY_DISPLAY" width="2094px" height="2496px"/>
			<graphic mimeType="pdf" url="Einkaeign%204/38/WEB_DISPLAY"/>
		</surface>
		<surface xml:id="Einkaeign-0004-0018v" n="39">
			<desc>0018v</desc>
			<graphic mimeType="pdf" url="Einkaeign%204/39/HIGH_QUALITY_DISPLAY"/>
			<graphic mimeType="jpg" url="Einkaeign%204/39/THUMBNAIL" width="200px" height="238px"/>
			<graphic mimeType="jpg" url="Einkaeign%204/39/SECONDARY_DISPLAY" width="2094px" height="2496px"/>
			<graphic mimeType="pdf" url="Einkaeign%204/39/WEB_DISPLAY"/>
		</surface>
		<surface xml:id="Einkaeign-0004-0019r" n="40">
			<desc>0019r</desc>
			<graphic mimeType="pdf" url="Einkaeign%204/40/HIGH_QUALITY_DISPLAY"/>
			<graphic mimeType="jpg" url="Einkaeign%204/40/THUMBNAIL" width="200px" height="238px"/>
			<graphic mimeType="jpg" url="Einkaeign%204/40/SECONDARY_DISPLAY" width="2094px" height="2496px"/>
			<graphic mimeType="pdf" url="Einkaeign%204/40/WEB_DISPLAY"/>
		</surface>
		<surface xml:id="Einkaeign-0004-0019v" n="41">
			<desc>0019v</desc>
			<graphic mimeType="pdf" url="Einkaeign%204/41/HIGH_QUALITY_DISPLAY"/>
			<graphic mimeType="jpg" url="Einkaeign%204/41/THUMBNAIL" width="200px" height="238px"/>
			<graphic mimeType="jpg" url="Einkaeign%204/41/SECONDARY_DISPLAY" width="2094px" height="2496px"/>
			<graphic mimeType="pdf" url="Einkaeign%204/41/WEB_DISPLAY"/>
		</surface>
		<surface xml:id="Einkaeign-0004-0020r" n="42">
			<desc>0020r</desc>
			<graphic mimeType="pdf" url="Einkaeign%204/42/HIGH_QUALITY_DISPLAY"/>
			<graphic mimeType="jpg" url="Einkaeign%204/42/THUMBNAIL" width="200px" height="238px"/>
			<graphic mimeType="jpg" url="Einkaeign%204/42/SECONDARY_DISPLAY" width="2094px" height="2496px"/>
			<graphic mimeType="pdf" url="Einkaeign%204/42/WEB_DISPLAY"/>
		</surface>
		<surface xml:id="Einkaeign-0004-0020v" n="43">
			<desc>0020v</desc>
			<graphic mimeType="pdf" url="Einkaeign%204/43/HIGH_QUALITY_DISPLAY"/>
			<graphic mimeType="jpg" url="Einkaeign%204/43/THUMBNAIL" width="200px" height="238px"/>
			<graphic mimeType="jpg" url="Einkaeign%204/43/SECONDARY_DISPLAY" width="2094px" height="2496px"/>
			<graphic mimeType="pdf" url="Einkaeign%204/43/WEB_DISPLAY"/>
		</surface>
		<surface xml:id="Einkaeign-0004-0021r" n="44">
			<desc>0021r</desc>
			<graphic mimeType="pdf" url="Einkaeign%204/44/HIGH_QUALITY_DISPLAY"/>
			<graphic mimeType="jpg" url="Einkaeign%204/44/THUMBNAIL" width="200px" height="238px"/>
			<graphic mimeType="jpg" url="Einkaeign%204/44/SECONDARY_DISPLAY" width="2094px" height="2496px"/>
			<graphic mimeType="pdf" url="Einkaeign%204/44/WEB_DISPLAY"/>
		</surface>
		<surface xml:id="Einkaeign-0004-0021v" n="45">
			<desc>0021v</desc>
			<graphic mimeType="pdf" url="Einkaeign%204/45/HIGH_QUALITY_DISPLAY"/>
			<graphic mimeType="jpg" url="Einkaeign%204/45/THUMBNAIL" width="200px" height="238px"/>
			<graphic mimeType="jpg" url="Einkaeign%204/45/SECONDARY_DISPLAY" width="2094px" height="2496px"/>
			<graphic mimeType="pdf" url="Einkaeign%204/45/WEB_DISPLAY"/>
		</surface>
		<surface xml:id="Einkaeign-0004-0022r" n="46">
			<desc>0022r</desc>
			<graphic mimeType="pdf" url="Einkaeign%204/46/HIGH_QUALITY_DISPLAY"/>
			<graphic mimeType="jpg" url="Einkaeign%204/46/THUMBNAIL" width="200px" height="238px"/>
			<graphic mimeType="jpg" url="Einkaeign%204/46/SECONDARY_DISPLAY" width="2094px" height="2496px"/>
			<graphic mimeType="pdf" url="Einkaeign%204/46/WEB_DISPLAY"/>
		</surface>
		<surface xml:id="Einkaeign-0004-0022v" n="47">
			<desc>0022v</desc>
			<graphic mimeType="pdf" url="Einkaeign%204/47/HIGH_QUALITY_DISPLAY"/>
			<graphic mimeType="jpg" url="Einkaeign%204/47/THUMBNAIL" width="200px" height="238px"/>
			<graphic mimeType="jpg" url="Einkaeign%204/47/SECONDARY_DISPLAY" width="2094px" height="2496px"/>
			<graphic mimeType="pdf" url="Einkaeign%204/47/WEB_DISPLAY"/>
		</surface>
		<surface xml:id="Einkaeign-0004-0023r" n="48">
			<desc>0023r</desc>
			<graphic mimeType="pdf" url="Einkaeign%204/48/HIGH_QUALITY_DISPLAY"/>
			<graphic mimeType="jpg" url="Einkaeign%204/48/THUMBNAIL" width="200px" height="238px"/>
			<graphic mimeType="jpg" url="Einkaeign%204/48/SECONDARY_DISPLAY" width="2094px" height="2496px"/>
			<graphic mimeType="pdf" url="Einkaeign%204/48/WEB_DISPLAY"/>
		</surface>
		<surface xml:id="Einkaeign-0004-0023v" n="49">
			<desc>0023v</desc>
			<graphic mimeType="pdf" url="Einkaeign%204/49/HIGH_QUALITY_DISPLAY"/>
			<graphic mimeType="jpg" url="Einkaeign%204/49/THUMBNAIL" width="200px" height="238px"/>
			<graphic mimeType="jpg" url="Einkaeign%204/49/SECONDARY_DISPLAY" width="2094px" height="2496px"/>
			<graphic mimeType="pdf" url="Einkaeign%204/49/WEB_DISPLAY"/>
		</surface>
		<surface xml:id="Einkaeign-0004-0024r" n="50">
			<desc>0024r</desc>
			<graphic mimeType="pdf" url="Einkaeign%204/50/HIGH_QUALITY_DISPLAY"/>
			<graphic mimeType="jpg" url="Einkaeign%204/50/THUMBNAIL" width="200px" height="238px"/>
			<graphic mimeType="jpg" url="Einkaeign%204/50/SECONDARY_DISPLAY" width="2094px" height="2496px"/>
			<graphic mimeType="pdf" url="Einkaeign%204/50/WEB_DISPLAY"/>
		</surface>
		<surface xml:id="Einkaeign-0004-0024v" n="51">
			<desc>0024v</desc>
			<graphic mimeType="pdf" url="Einkaeign%204/51/HIGH_QUALITY_DISPLAY"/>
			<graphic mimeType="jpg" url="Einkaeign%204/51/THUMBNAIL" width="200px" height="238px"/>
			<graphic mimeType="jpg" url="Einkaeign%204/51/SECONDARY_DISPLAY" width="2094px" height="2496px"/>
			<graphic mimeType="pdf" url="Einkaeign%204/51/WEB_DISPLAY"/>
		</surface>
		<surface xml:id="Einkaeign-0004-0025r" n="52">
			<desc>0025r</desc>
			<graphic mimeType="pdf" url="Einkaeign%204/52/HIGH_QUALITY_DISPLAY"/>
			<graphic mimeType="jpg" url="Einkaeign%204/52/THUMBNAIL" width="200px" height="238px"/>
			<graphic mimeType="jpg" url="Einkaeign%204/52/SECONDARY_DISPLAY" width="2094px" height="2496px"/>
			<graphic mimeType="pdf" url="Einkaeign%204/52/WEB_DISPLAY"/>
		</surface>
		<surface xml:id="Einkaeign-0004-0025v" n="53">
			<desc>0025v</desc>
			<graphic mimeType="pdf" url="Einkaeign%204/53/HIGH_QUALITY_DISPLAY"/>
			<graphic mimeType="jpg" url="Einkaeign%204/53/THUMBNAIL" width="200px" height="238px"/>
			<graphic mimeType="jpg" url="Einkaeign%204/53/SECONDARY_DISPLAY" width="2094px" height="2496px"/>
			<graphic mimeType="pdf" url="Einkaeign%204/53/WEB_DISPLAY"/>
		</surface>
		<surface xml:id="Einkaeign-0004-0026r" n="54">
			<desc>0026r</desc>
			<graphic mimeType="pdf" url="Einkaeign%204/54/HIGH_QUALITY_DISPLAY"/>
			<graphic mimeType="jpg" url="Einkaeign%204/54/THUMBNAIL" width="200px" height="238px"/>
			<graphic mimeType="jpg" url="Einkaeign%204/54/SECONDARY_DISPLAY" width="2094px" height="2496px"/>
			<graphic mimeType="pdf" url="Einkaeign%204/54/WEB_DISPLAY"/>
		</surface>
		<surface xml:id="Einkaeign-0004-0026v" n="55">
			<desc>0026v</desc>
			<graphic mimeType="pdf" url="Einkaeign%204/55/HIGH_QUALITY_DISPLAY"/>
			<graphic mimeType="jpg" url="Einkaeign%204/55/THUMBNAIL" width="200px" height="238px"/>
			<graphic mimeType="jpg" url="Einkaeign%204/55/SECONDARY_DISPLAY" width="2094px" height="2496px"/>
			<graphic mimeType="pdf" url="Einkaeign%204/55/WEB_DISPLAY"/>
		</surface>
		<surface xml:id="Einkaeign-0004-0027r" n="56">
			<desc>0027r</desc>
			<graphic mimeType="pdf" url="Einkaeign%204/56/HIGH_QUALITY_DISPLAY"/>
			<graphic mimeType="jpg" url="Einkaeign%204/56/THUMBNAIL" width="200px" height="238px"/>
			<graphic mimeType="jpg" url="Einkaeign%204/56/SECONDARY_DISPLAY" width="2094px" height="2496px"/>
			<graphic mimeType="pdf" url="Einkaeign%204/56/WEB_DISPLAY"/>
		</surface>
		<surface xml:id="Einkaeign-0004-0027v" n="57">
			<desc>0027v</desc>
			<graphic mimeType="pdf" url="Einkaeign%204/57/HIGH_QUALITY_DISPLAY"/>
			<graphic mimeType="jpg" url="Einkaeign%204/57/THUMBNAIL" width="200px" height="238px"/>
			<graphic mimeType="jpg" url="Einkaeign%204/57/SECONDARY_DISPLAY" width="2094px" height="2496px"/>
			<graphic mimeType="pdf" url="Einkaeign%204/57/WEB_DISPLAY"/>
		</surface>
		<surface xml:id="Einkaeign-0004-0028r" n="58">
			<desc>0028r</desc>
			<graphic mimeType="pdf" url="Einkaeign%204/58/HIGH_QUALITY_DISPLAY"/>
			<graphic mimeType="jpg" url="Einkaeign%204/58/THUMBNAIL" width="200px" height="238px"/>
			<graphic mimeType="jpg" url="Einkaeign%204/58/SECONDARY_DISPLAY" width="2094px" height="2496px"/>
			<graphic mimeType="pdf" url="Einkaeign%204/58/WEB_DISPLAY"/>
		</surface>
		<surface xml:id="Einkaeign-0004-0028v" n="59">
			<desc>0028v</desc>
			<graphic mimeType="pdf" url="Einkaeign%204/59/HIGH_QUALITY_DISPLAY"/>
			<graphic mimeType="jpg" url="Einkaeign%204/59/THUMBNAIL" width="200px" height="238px"/>
			<graphic mimeType="jpg" url="Einkaeign%204/59/SECONDARY_DISPLAY" width="2094px" height="2496px"/>
			<graphic mimeType="pdf" url="Einkaeign%204/59/WEB_DISPLAY"/>
		</surface>
		<surface xml:id="Einkaeign-0004-0029r" n="60">
			<desc>0029r</desc>
			<graphic mimeType="pdf" url="Einkaeign%204/60/HIGH_QUALITY_DISPLAY"/>
			<graphic mimeType="jpg" url="Einkaeign%204/60/THUMBNAIL" width="200px" height="238px"/>
			<graphic mimeType="jpg" url="Einkaeign%204/60/SECONDARY_DISPLAY" width="2094px" height="2496px"/>
			<graphic mimeType="pdf" url="Einkaeign%204/60/WEB_DISPLAY"/>
		</surface>
		<surface xml:id="Einkaeign-0004-0029v" n="61">
			<desc>0029v</desc>
			<graphic mimeType="pdf" url="Einkaeign%204/61/HIGH_QUALITY_DISPLAY"/>
			<graphic mimeType="jpg" url="Einkaeign%204/61/THUMBNAIL" width="200px" height="238px"/>
			<graphic mimeType="jpg" url="Einkaeign%204/61/SECONDARY_DISPLAY" width="2094px" height="2496px"/>
			<graphic mimeType="pdf" url="Einkaeign%204/61/WEB_DISPLAY"/>
		</surface>
		<surface xml:id="Einkaeign-0004-0030r" n="62">
			<desc>0030r</desc>
			<graphic mimeType="pdf" url="Einkaeign%204/62/HIGH_QUALITY_DISPLAY"/>
			<graphic mimeType="jpg" url="Einkaeign%204/62/THUMBNAIL" width="200px" height="238px"/>
			<graphic mimeType="jpg" url="Einkaeign%204/62/SECONDARY_DISPLAY" width="2094px" height="2496px"/>
			<graphic mimeType="pdf" url="Einkaeign%204/62/WEB_DISPLAY"/>
		</surface>
		<surface xml:id="Einkaeign-0004-0030v" n="63">
			<desc>0030v</desc>
			<graphic mimeType="pdf" url="Einkaeign%204/63/HIGH_QUALITY_DISPLAY"/>
			<graphic mimeType="jpg" url="Einkaeign%204/63/THUMBNAIL" width="200px" height="238px"/>
			<graphic mimeType="jpg" url="Einkaeign%204/63/SECONDARY_DISPLAY" width="2094px" height="2496px"/>
			<graphic mimeType="pdf" url="Einkaeign%204/63/WEB_DISPLAY"/>
		</surface>
		<surface xml:id="Einkaeign-0004-0031r" n="64">
			<desc>0031r</desc>
			<graphic mimeType="pdf" url="Einkaeign%204/64/HIGH_QUALITY_DISPLAY"/>
			<graphic mimeType="jpg" url="Einkaeign%204/64/THUMBNAIL" width="200px" height="238px"/>
			<graphic mimeType="jpg" url="Einkaeign%204/64/SECONDARY_DISPLAY" width="2094px" height="2496px"/>
			<graphic mimeType="pdf" url="Einkaeign%204/64/WEB_DISPLAY"/>
		</surface>
		<surface xml:id="Einkaeign-0004-0031v" n="65">
			<desc>0031v</desc>
			<graphic mimeType="pdf" url="Einkaeign%204/65/HIGH_QUALITY_DISPLAY"/>
			<graphic mimeType="jpg" url="Einkaeign%204/65/THUMBNAIL" width="200px" height="238px"/>
			<graphic mimeType="jpg" url="Einkaeign%204/65/SECONDARY_DISPLAY" width="2094px" height="2496px"/>
			<graphic mimeType="pdf" url="Einkaeign%204/65/WEB_DISPLAY"/>
		</surface>
		<surface xml:id="Einkaeign-0004-0032r" n="66">
			<desc>0032r</desc>
			<graphic mimeType="pdf" url="Einkaeign%204/66/HIGH_QUALITY_DISPLAY"/>
			<graphic mimeType="jpg" url="Einkaeign%204/66/THUMBNAIL" width="200px" height="238px"/>
			<graphic mimeType="jpg" url="Einkaeign%204/66/SECONDARY_DISPLAY" width="2094px" height="2496px"/>
			<graphic mimeType="pdf" url="Einkaeign%204/66/WEB_DISPLAY"/>
		</surface>
		<surface xml:id="Einkaeign-0004-0032v" n="67">
			<desc>0032v</desc>
			<graphic mimeType="pdf" url="Einkaeign%204/67/HIGH_QUALITY_DISPLAY"/>
			<graphic mimeType="jpg" url="Einkaeign%204/67/THUMBNAIL" width="200px" height="238px"/>
			<graphic mimeType="jpg" url="Einkaeign%204/67/SECONDARY_DISPLAY" width="2094px" height="2496px"/>
			<graphic mimeType="pdf" url="Einkaeign%204/67/WEB_DISPLAY"/>
		</surface>
		<surface xml:id="Einkaeign-0004-0033r" n="68">
			<desc>0033r</desc>
			<graphic mimeType="pdf" url="Einkaeign%204/68/HIGH_QUALITY_DISPLAY"/>
			<graphic mimeType="jpg" url="Einkaeign%204/68/THUMBNAIL" width="200px" height="238px"/>
			<graphic mimeType="jpg" url="Einkaeign%204/68/SECONDARY_DISPLAY" width="2094px" height="2496px"/>
			<graphic mimeType="pdf" url="Einkaeign%204/68/WEB_DISPLAY"/>
		</surface>
		<surface xml:id="Einkaeign-0004-0033v" n="69">
			<desc>0033v</desc>
			<graphic mimeType="pdf" url="Einkaeign%204/69/HIGH_QUALITY_DISPLAY"/>
			<graphic mimeType="jpg" url="Einkaeign%204/69/THUMBNAIL" width="200px" height="238px"/>
			<graphic mimeType="jpg" url="Einkaeign%204/69/SECONDARY_DISPLAY" width="2094px" height="2496px"/>
			<graphic mimeType="pdf" url="Einkaeign%204/69/WEB_DISPLAY"/>
		</surface>
		<surface xml:id="Einkaeign-0004-0034r" n="70">
			<desc>0034r</desc>
			<graphic mimeType="pdf" url="Einkaeign%204/70/HIGH_QUALITY_DISPLAY"/>
			<graphic mimeType="jpg" url="Einkaeign%204/70/THUMBNAIL" width="200px" height="238px"/>
			<graphic mimeType="jpg" url="Einkaeign%204/70/SECONDARY_DISPLAY" width="2094px" height="2496px"/>
			<graphic mimeType="pdf" url="Einkaeign%204/70/WEB_DISPLAY"/>
		</surface>
		<surface xml:id="Einkaeign-0004-0034v" n="71">
			<desc>0034v</desc>
			<graphic mimeType="pdf" url="Einkaeign%204/71/HIGH_QUALITY_DISPLAY"/>
			<graphic mimeType="jpg" url="Einkaeign%204/71/THUMBNAIL" width="200px" height="238px"/>
			<graphic mimeType="jpg" url="Einkaeign%204/71/SECONDARY_DISPLAY" width="2094px" height="2496px"/>
			<graphic mimeType="pdf" url="Einkaeign%204/71/WEB_DISPLAY"/>
		</surface>
		<surface xml:id="Einkaeign-0004-0035r" n="72">
			<desc>0035r</desc>
			<graphic mimeType="pdf" url="Einkaeign%204/72/HIGH_QUALITY_DISPLAY"/>
			<graphic mimeType="jpg" url="Einkaeign%204/72/THUMBNAIL" width="200px" height="238px"/>
			<graphic mimeType="jpg" url="Einkaeign%204/72/SECONDARY_DISPLAY" width="2094px" height="2496px"/>
			<graphic mimeType="pdf" url="Einkaeign%204/72/WEB_DISPLAY"/>
		</surface>
		<surface xml:id="Einkaeign-0004-0035v" n="73">
			<desc>0035v</desc>
			<graphic mimeType="pdf" url="Einkaeign%204/73/HIGH_QUALITY_DISPLAY"/>
			<graphic mimeType="jpg" url="Einkaeign%204/73/THUMBNAIL" width="200px" height="238px"/>
			<graphic mimeType="jpg" url="Einkaeign%204/73/SECONDARY_DISPLAY" width="2094px" height="2496px"/>
			<graphic mimeType="pdf" url="Einkaeign%204/73/WEB_DISPLAY"/>
		</surface>
		<surface xml:id="Einkaeign-0004-0036r" n="74">
			<desc>0036r</desc>
			<graphic mimeType="pdf" url="Einkaeign%204/74/HIGH_QUALITY_DISPLAY"/>
			<graphic mimeType="jpg" url="Einkaeign%204/74/THUMBNAIL" width="200px" height="238px"/>
			<graphic mimeType="jpg" url="Einkaeign%204/74/SECONDARY_DISPLAY" width="2094px" height="2496px"/>
			<graphic mimeType="pdf" url="Einkaeign%204/74/WEB_DISPLAY"/>
		</surface>
		<surface xml:id="Einkaeign-0004-0036v" n="75">
			<desc>0036v</desc>
			<graphic mimeType="pdf" url="Einkaeign%204/75/HIGH_QUALITY_DISPLAY"/>
			<graphic mimeType="jpg" url="Einkaeign%204/75/THUMBNAIL" width="200px" height="238px"/>
			<graphic mimeType="jpg" url="Einkaeign%204/75/SECONDARY_DISPLAY" width="2094px" height="2496px"/>
			<graphic mimeType="pdf" url="Einkaeign%204/75/WEB_DISPLAY"/>
		</surface>
		<surface xml:id="Einkaeign-0004-0037r" n="76">
			<desc>0037r</desc>
			<graphic mimeType="pdf" url="Einkaeign%204/76/HIGH_QUALITY_DISPLAY"/>
			<graphic mimeType="jpg" url="Einkaeign%204/76/THUMBNAIL" width="200px" height="238px"/>
			<graphic mimeType="jpg" url="Einkaeign%204/76/SECONDARY_DISPLAY" width="2094px" height="2496px"/>
			<graphic mimeType="pdf" url="Einkaeign%204/76/WEB_DISPLAY"/>
		</surface>
		<surface xml:id="Einkaeign-0004-0037v" n="77">
			<desc>0037v</desc>
			<graphic mimeType="pdf" url="Einkaeign%204/77/HIGH_QUALITY_DISPLAY"/>
			<graphic mimeType="jpg" url="Einkaeign%204/77/THUMBNAIL" width="200px" height="238px"/>
			<graphic mimeType="jpg" url="Einkaeign%204/77/SECONDARY_DISPLAY" width="2094px" height="2496px"/>
			<graphic mimeType="pdf" url="Einkaeign%204/77/WEB_DISPLAY"/>
		</surface>
		<surface xml:id="Einkaeign-0004-0038r" n="78">
			<desc>0038r</desc>
			<graphic mimeType="pdf" url="Einkaeign%204/78/HIGH_QUALITY_DISPLAY"/>
			<graphic mimeType="jpg" url="Einkaeign%204/78/THUMBNAIL" width="200px" height="238px"/>
			<graphic mimeType="jpg" url="Einkaeign%204/78/SECONDARY_DISPLAY" width="2094px" height="2496px"/>
			<graphic mimeType="pdf" url="Einkaeign%204/78/WEB_DISPLAY"/>
		</surface>
		<surface xml:id="Einkaeign-0004-0038v" n="79">
			<desc>0038v</desc>
			<graphic mimeType="pdf" url="Einkaeign%204/79/HIGH_QUALITY_DISPLAY"/>
			<graphic mimeType="jpg" url="Einkaeign%204/79/THUMBNAIL" width="200px" height="238px"/>
			<graphic mimeType="jpg" url="Einkaeign%204/79/SECONDARY_DISPLAY" width="2094px" height="2496px"/>
			<graphic mimeType="pdf" url="Einkaeign%204/79/WEB_DISPLAY"/>
		</surface>
		<surface xml:id="Einkaeign-0004-0039r" n="80">
			<desc>0039r</desc>
			<graphic mimeType="pdf" url="Einkaeign%204/80/HIGH_QUALITY_DISPLAY"/>
			<graphic mimeType="jpg" url="Einkaeign%204/80/THUMBNAIL" width="200px" height="238px"/>
			<graphic mimeType="jpg" url="Einkaeign%204/80/SECONDARY_DISPLAY" width="2094px" height="2496px"/>
			<graphic mimeType="pdf" url="Einkaeign%204/80/WEB_DISPLAY"/>
		</surface>
		<surface xml:id="Einkaeign-0004-0039v" n="81">
			<desc>0039v</desc>
			<graphic mimeType="pdf" url="Einkaeign%204/81/HIGH_QUALITY_DISPLAY"/>
			<graphic mimeType="jpg" url="Einkaeign%204/81/THUMBNAIL" width="200px" height="238px"/>
			<graphic mimeType="jpg" url="Einkaeign%204/81/SECONDARY_DISPLAY" width="2094px" height="2496px"/>
			<graphic mimeType="pdf" url="Einkaeign%204/81/WEB_DISPLAY"/>
		</surface>
		<surface xml:id="Einkaeign-0004-0040r" n="82">
			<desc>0040r</desc>
			<graphic mimeType="pdf" url="Einkaeign%204/82/HIGH_QUALITY_DISPLAY"/>
			<graphic mimeType="jpg" url="Einkaeign%204/82/THUMBNAIL" width="200px" height="238px"/>
			<graphic mimeType="jpg" url="Einkaeign%204/82/SECONDARY_DISPLAY" width="2094px" height="2496px"/>
			<graphic mimeType="pdf" url="Einkaeign%204/82/WEB_DISPLAY"/>
		</surface>
		<surface xml:id="Einkaeign-0004-0040v" n="83">
			<desc>0040v</desc>
			<graphic mimeType="pdf" url="Einkaeign%204/83/HIGH_QUALITY_DISPLAY"/>
			<graphic mimeType="jpg" url="Einkaeign%204/83/THUMBNAIL" width="200px" height="238px"/>
			<graphic mimeType="jpg" url="Einkaeign%204/83/SECONDARY_DISPLAY" width="2094px" height="2496px"/>
			<graphic mimeType="pdf" url="Einkaeign%204/83/WEB_DISPLAY"/>
		</surface>
		<surface xml:id="Einkaeign-0004-0041r" n="84">
			<desc>0041r</desc>
			<graphic mimeType="pdf" url="Einkaeign%204/84/HIGH_QUALITY_DISPLAY"/>
			<graphic mimeType="jpg" url="Einkaeign%204/84/THUMBNAIL" width="200px" height="238px"/>
			<graphic mimeType="jpg" url="Einkaeign%204/84/SECONDARY_DISPLAY" width="2094px" height="2496px"/>
			<graphic mimeType="pdf" url="Einkaeign%204/84/WEB_DISPLAY"/>
		</surface>
		<surface xml:id="Einkaeign-0004-0041v" n="85">
			<desc>0041v</desc>
			<graphic mimeType="pdf" url="Einkaeign%204/85/HIGH_QUALITY_DISPLAY"/>
			<graphic mimeType="jpg" url="Einkaeign%204/85/THUMBNAIL" width="200px" height="238px"/>
			<graphic mimeType="jpg" url="Einkaeign%204/85/SECONDARY_DISPLAY" width="2094px" height="2496px"/>
			<graphic mimeType="pdf" url="Einkaeign%204/85/WEB_DISPLAY"/>
		</surface>
		<surface xml:id="Einkaeign-0004-0042r" n="86">
			<desc>0042r</desc>
			<graphic mimeType="pdf" url="Einkaeign%204/86/HIGH_QUALITY_DISPLAY"/>
			<graphic mimeType="jpg" url="Einkaeign%204/86/THUMBNAIL" width="200px" height="238px"/>
			<graphic mimeType="jpg" url="Einkaeign%204/86/SECONDARY_DISPLAY" width="2094px" height="2496px"/>
			<graphic mimeType="pdf" url="Einkaeign%204/86/WEB_DISPLAY"/>
		</surface>
		<surface xml:id="Einkaeign-0004-0042v" n="87">
			<desc>0042v</desc>
			<graphic mimeType="pdf" url="Einkaeign%204/87/HIGH_QUALITY_DISPLAY"/>
			<graphic mimeType="jpg" url="Einkaeign%204/87/THUMBNAIL" width="200px" height="238px"/>
			<graphic mimeType="jpg" url="Einkaeign%204/87/SECONDARY_DISPLAY" width="2094px" height="2496px"/>
			<graphic mimeType="pdf" url="Einkaeign%204/87/WEB_DISPLAY"/>
		</surface>
		<surface xml:id="Einkaeign-0004-0043r" n="88">
			<desc>0043r</desc>
			<graphic mimeType="pdf" url="Einkaeign%204/88/HIGH_QUALITY_DISPLAY"/>
			<graphic mimeType="jpg" url="Einkaeign%204/88/THUMBNAIL" width="200px" height="238px"/>
			<graphic mimeType="jpg" url="Einkaeign%204/88/SECONDARY_DISPLAY" width="2094px" height="2496px"/>
			<graphic mimeType="pdf" url="Einkaeign%204/88/WEB_DISPLAY"/>
		</surface>
		<surface xml:id="Einkaeign-0004-0043v" n="89">
			<desc>0043v</desc>
			<graphic mimeType="pdf" url="Einkaeign%204/89/HIGH_QUALITY_DISPLAY"/>
			<graphic mimeType="jpg" url="Einkaeign%204/89/THUMBNAIL" width="200px" height="238px"/>
			<graphic mimeType="jpg" url="Einkaeign%204/89/SECONDARY_DISPLAY" width="2094px" height="2496px"/>
			<graphic mimeType="pdf" url="Einkaeign%204/89/WEB_DISPLAY"/>
		</surface>
		<surface xml:id="Einkaeign-0004-0044r" n="90">
			<desc>0044r</desc>
			<graphic mimeType="pdf" url="Einkaeign%204/90/HIGH_QUALITY_DISPLAY"/>
			<graphic mimeType="jpg" url="Einkaeign%204/90/THUMBNAIL" width="200px" height="238px"/>
			<graphic mimeType="jpg" url="Einkaeign%204/90/SECONDARY_DISPLAY" width="2094px" height="2496px"/>
			<graphic mimeType="pdf" url="Einkaeign%204/90/WEB_DISPLAY"/>
		</surface>
		<surface xml:id="Einkaeign-0004-0044v" n="91">
			<desc>0044v</desc>
			<graphic mimeType="pdf" url="Einkaeign%204/91/HIGH_QUALITY_DISPLAY"/>
			<graphic mimeType="jpg" url="Einkaeign%204/91/THUMBNAIL" width="200px" height="238px"/>
			<graphic mimeType="jpg" url="Einkaeign%204/91/SECONDARY_DISPLAY" width="2094px" height="2496px"/>
			<graphic mimeType="pdf" url="Einkaeign%204/91/WEB_DISPLAY"/>
		</surface>
		<surface xml:id="Einkaeign-0004-0045r" n="92">
			<desc>0045r</desc>
			<graphic mimeType="pdf" url="Einkaeign%204/92/HIGH_QUALITY_DISPLAY"/>
			<graphic mimeType="jpg" url="Einkaeign%204/92/THUMBNAIL" width="200px" height="238px"/>
			<graphic mimeType="jpg" url="Einkaeign%204/92/SECONDARY_DISPLAY" width="2094px" height="2496px"/>
			<graphic mimeType="pdf" url="Einkaeign%204/92/WEB_DISPLAY"/>
		</surface>
		<surface xml:id="Einkaeign-0004-0045v" n="93">
			<desc>0045v</desc>
			<graphic mimeType="pdf" url="Einkaeign%204/93/HIGH_QUALITY_DISPLAY"/>
			<graphic mimeType="jpg" url="Einkaeign%204/93/THUMBNAIL" width="200px" height="238px"/>
			<graphic mimeType="jpg" url="Einkaeign%204/93/SECONDARY_DISPLAY" width="2094px" height="2496px"/>
			<graphic mimeType="pdf" url="Einkaeign%204/93/WEB_DISPLAY"/>
		</surface>
		<surface xml:id="Einkaeign-0004-0046r" n="94">
			<desc>0046r</desc>
			<graphic mimeType="pdf" url="Einkaeign%204/94/HIGH_QUALITY_DISPLAY"/>
			<graphic mimeType="jpg" url="Einkaeign%204/94/THUMBNAIL" width="200px" height="238px"/>
			<graphic mimeType="jpg" url="Einkaeign%204/94/SECONDARY_DISPLAY" width="2094px" height="2496px"/>
			<graphic mimeType="pdf" url="Einkaeign%204/94/WEB_DISPLAY"/>
		</surface>
		<surface xml:id="Einkaeign-0004-0046v" n="95">
			<desc>0046v</desc>
			<graphic mimeType="pdf" url="Einkaeign%204/95/HIGH_QUALITY_DISPLAY"/>
			<graphic mimeType="jpg" url="Einkaeign%204/95/THUMBNAIL" width="200px" height="238px"/>
			<graphic mimeType="jpg" url="Einkaeign%204/95/SECONDARY_DISPLAY" width="2094px" height="2496px"/>
			<graphic mimeType="pdf" url="Einkaeign%204/95/WEB_DISPLAY"/>
		</surface>
		<surface xml:id="Einkaeign-0004-0047r" n="96">
			<desc>0047r</desc>
			<graphic mimeType="pdf" url="Einkaeign%204/96/HIGH_QUALITY_DISPLAY"/>
			<graphic mimeType="jpg" url="Einkaeign%204/96/THUMBNAIL" width="200px" height="238px"/>
			<graphic mimeType="jpg" url="Einkaeign%204/96/SECONDARY_DISPLAY" width="2094px" height="2496px"/>
			<graphic mimeType="pdf" url="Einkaeign%204/96/WEB_DISPLAY"/>
		</surface>
		<surface xml:id="Einkaeign-0004-0047v" n="97">
			<desc>0047v</desc>
			<graphic mimeType="pdf" url="Einkaeign%204/97/HIGH_QUALITY_DISPLAY"/>
			<graphic mimeType="jpg" url="Einkaeign%204/97/THUMBNAIL" width="200px" height="238px"/>
			<graphic mimeType="jpg" url="Einkaeign%204/97/SECONDARY_DISPLAY" width="2094px" height="2496px"/>
			<graphic mimeType="pdf" url="Einkaeign%204/97/WEB_DISPLAY"/>
		</surface>
		<surface xml:id="Einkaeign-0004-0048r" n="98">
			<desc>0048r</desc>
			<graphic mimeType="pdf" url="Einkaeign%204/98/HIGH_QUALITY_DISPLAY"/>
			<graphic mimeType="jpg" url="Einkaeign%204/98/THUMBNAIL" width="200px" height="238px"/>
			<graphic mimeType="jpg" url="Einkaeign%204/98/SECONDARY_DISPLAY" width="2094px" height="2496px"/>
			<graphic mimeType="pdf" url="Einkaeign%204/98/WEB_DISPLAY"/>
		</surface>
		<surface xml:id="Einkaeign-0004-0048v" n="99">
			<desc>0048v</desc>
			<graphic mimeType="pdf" url="Einkaeign%204/99/HIGH_QUALITY_DISPLAY"/>
			<graphic mimeType="jpg" url="Einkaeign%204/99/THUMBNAIL" width="200px" height="238px"/>
			<graphic mimeType="jpg" url="Einkaeign%204/99/SECONDARY_DISPLAY" width="2094px" height="2496px"/>
			<graphic mimeType="pdf" url="Einkaeign%204/99/WEB_DISPLAY"/>
		</surface>
		<surface xml:id="Einkaeign-0004-0049r" n="100">
			<desc>0049r</desc>
			<graphic mimeType="pdf" url="Einkaeign%204/100/HIGH_QUALITY_DISPLAY"/>
			<graphic mimeType="jpg" url="Einkaeign%204/100/THUMBNAIL" width="200px" height="238px"/>
			<graphic mimeType="jpg" url="Einkaeign%204/100/SECONDARY_DISPLAY" width="2094px" height="2496px"/>
			<graphic mimeType="pdf" url="Einkaeign%204/100/WEB_DISPLAY"/>
		</surface>
		<surface xml:id="Einkaeign-0004-0049v" n="101">
			<desc>0049v</desc>
			<graphic mimeType="pdf" url="Einkaeign%204/101/HIGH_QUALITY_DISPLAY"/>
			<graphic mimeType="jpg" url="Einkaeign%204/101/THUMBNAIL" width="200px" height="238px"/>
			<graphic mimeType="jpg" url="Einkaeign%204/101/SECONDARY_DISPLAY" width="2094px" height="2496px"/>
			<graphic mimeType="pdf" url="Einkaeign%204/101/WEB_DISPLAY"/>
		</surface>
		<surface xml:id="Einkaeign-0004-0050r" n="102">
			<desc>0050r</desc>
			<graphic mimeType="pdf" url="Einkaeign%204/102/HIGH_QUALITY_DISPLAY"/>
			<graphic mimeType="jpg" url="Einkaeign%204/102/THUMBNAIL" width="200px" height="238px"/>
			<graphic mimeType="jpg" url="Einkaeign%204/102/SECONDARY_DISPLAY" width="2094px" height="2496px"/>
			<graphic mimeType="pdf" url="Einkaeign%204/102/WEB_DISPLAY"/>
		</surface>
		<surface xml:id="Einkaeign-0004-0050v" n="103">
			<desc>0050v</desc>
			<graphic mimeType="pdf" url="Einkaeign%204/103/HIGH_QUALITY_DISPLAY"/>
			<graphic mimeType="jpg" url="Einkaeign%204/103/THUMBNAIL" width="200px" height="238px"/>
			<graphic mimeType="jpg" url="Einkaeign%204/103/SECONDARY_DISPLAY" width="2094px" height="2496px"/>
			<graphic mimeType="pdf" url="Einkaeign%204/103/WEB_DISPLAY"/>
		</surface>
		<surface xml:id="Einkaeign-0004-0051r" n="104">
			<desc>0051r</desc>
			<graphic mimeType="pdf" url="Einkaeign%204/104/HIGH_QUALITY_DISPLAY"/>
			<graphic mimeType="jpg" url="Einkaeign%204/104/THUMBNAIL" width="200px" height="238px"/>
			<graphic mimeType="jpg" url="Einkaeign%204/104/SECONDARY_DISPLAY" width="2094px" height="2496px"/>
			<graphic mimeType="pdf" url="Einkaeign%204/104/WEB_DISPLAY"/>
		</surface>
		<surface xml:id="Einkaeign-0004-0051v" n="105">
			<desc>0051v</desc>
			<graphic mimeType="pdf" url="Einkaeign%204/105/HIGH_QUALITY_DISPLAY"/>
			<graphic mimeType="jpg" url="Einkaeign%204/105/THUMBNAIL" width="200px" height="238px"/>
			<graphic mimeType="jpg" url="Einkaeign%204/105/SECONDARY_DISPLAY" width="2094px" height="2496px"/>
			<graphic mimeType="pdf" url="Einkaeign%204/105/WEB_DISPLAY"/>
		</surface>
		<surface xml:id="Einkaeign-0004-0052r" n="106">
			<desc>0052r</desc>
			<graphic mimeType="pdf" url="Einkaeign%204/106/HIGH_QUALITY_DISPLAY"/>
			<graphic mimeType="jpg" url="Einkaeign%204/106/THUMBNAIL" width="200px" height="238px"/>
			<graphic mimeType="jpg" url="Einkaeign%204/106/SECONDARY_DISPLAY" width="2094px" height="2496px"/>
			<graphic mimeType="pdf" url="Einkaeign%204/106/WEB_DISPLAY"/>
		</surface>
		<surface xml:id="Einkaeign-0004-0052v" n="107">
			<desc>0052v</desc>
			<graphic mimeType="pdf" url="Einkaeign%204/107/HIGH_QUALITY_DISPLAY"/>
			<graphic mimeType="jpg" url="Einkaeign%204/107/THUMBNAIL" width="200px" height="238px"/>
			<graphic mimeType="jpg" url="Einkaeign%204/107/SECONDARY_DISPLAY" width="2094px" height="2496px"/>
			<graphic mimeType="pdf" url="Einkaeign%204/107/WEB_DISPLAY"/>
		</surface>
		<surface xml:id="Einkaeign-0004-0053r" n="108">
			<desc>0053r</desc>
			<graphic mimeType="pdf" url="Einkaeign%204/108/HIGH_QUALITY_DISPLAY"/>
			<graphic mimeType="jpg" url="Einkaeign%204/108/THUMBNAIL" width="200px" height="238px"/>
			<graphic mimeType="jpg" url="Einkaeign%204/108/SECONDARY_DISPLAY" width="2094px" height="2496px"/>
			<graphic mimeType="pdf" url="Einkaeign%204/108/WEB_DISPLAY"/>
		</surface>
		<surface xml:id="Einkaeign-0004-0053v" n="109">
			<desc>0053v</desc>
			<graphic mimeType="pdf" url="Einkaeign%204/109/HIGH_QUALITY_DISPLAY"/>
			<graphic mimeType="jpg" url="Einkaeign%204/109/THUMBNAIL" width="200px" height="238px"/>
			<graphic mimeType="jpg" url="Einkaeign%204/109/SECONDARY_DISPLAY" width="2094px" height="2496px"/>
			<graphic mimeType="pdf" url="Einkaeign%204/109/WEB_DISPLAY"/>
		</surface>
		<surface xml:id="Einkaeign-0004-0054r" n="110">
			<desc>0054r</desc>
			<graphic mimeType="pdf" url="Einkaeign%204/110/HIGH_QUALITY_DISPLAY"/>
			<graphic mimeType="jpg" url="Einkaeign%204/110/THUMBNAIL" width="200px" height="238px"/>
			<graphic mimeType="jpg" url="Einkaeign%204/110/SECONDARY_DISPLAY" width="2094px" height="2496px"/>
			<graphic mimeType="pdf" url="Einkaeign%204/110/WEB_DISPLAY"/>
		</surface>
		<surface xml:id="Einkaeign-0004-0054v" n="111">
			<desc>0054v</desc>
			<graphic mimeType="pdf" url="Einkaeign%204/111/HIGH_QUALITY_DISPLAY"/>
			<graphic mimeType="jpg" url="Einkaeign%204/111/THUMBNAIL" width="200px" height="238px"/>
			<graphic mimeType="jpg" url="Einkaeign%204/111/SECONDARY_DISPLAY" width="2094px" height="2496px"/>
			<graphic mimeType="pdf" url="Einkaeign%204/111/WEB_DISPLAY"/>
		</surface>
		<surface xml:id="Einkaeign-0004-0055r" n="112">
			<desc>0055r</desc>
			<graphic mimeType="pdf" url="Einkaeign%204/112/HIGH_QUALITY_DISPLAY"/>
			<graphic mimeType="jpg" url="Einkaeign%204/112/THUMBNAIL" width="200px" height="238px"/>
			<graphic mimeType="jpg" url="Einkaeign%204/112/SECONDARY_DISPLAY" width="2094px" height="2496px"/>
			<graphic mimeType="pdf" url="Einkaeign%204/112/WEB_DISPLAY"/>
		</surface>
		<surface xml:id="Einkaeign-0004-0055v" n="113">
			<desc>0055v</desc>
			<graphic mimeType="pdf" url="Einkaeign%204/113/HIGH_QUALITY_DISPLAY"/>
			<graphic mimeType="jpg" url="Einkaeign%204/113/THUMBNAIL" width="200px" height="238px"/>
			<graphic mimeType="jpg" url="Einkaeign%204/113/SECONDARY_DISPLAY" width="2094px" height="2496px"/>
			<graphic mimeType="pdf" url="Einkaeign%204/113/WEB_DISPLAY"/>
		</surface>
		<surface xml:id="Einkaeign-0004-0056r" n="114">
			<desc>0056r</desc>
			<graphic mimeType="pdf" url="Einkaeign%204/114/HIGH_QUALITY_DISPLAY"/>
			<graphic mimeType="jpg" url="Einkaeign%204/114/THUMBNAIL" width="200px" height="238px"/>
			<graphic mimeType="jpg" url="Einkaeign%204/114/SECONDARY_DISPLAY" width="2094px" height="2496px"/>
			<graphic mimeType="pdf" url="Einkaeign%204/114/WEB_DISPLAY"/>
		</surface>
		<surface xml:id="Einkaeign-0004-0056v" n="115">
			<desc>0056v</desc>
			<graphic mimeType="pdf" url="Einkaeign%204/115/HIGH_QUALITY_DISPLAY"/>
			<graphic mimeType="jpg" url="Einkaeign%204/115/THUMBNAIL" width="200px" height="238px"/>
			<graphic mimeType="jpg" url="Einkaeign%204/115/SECONDARY_DISPLAY" width="2094px" height="2496px"/>
			<graphic mimeType="pdf" url="Einkaeign%204/115/WEB_DISPLAY"/>
		</surface>
		<surface xml:id="Einkaeign-0004-0057r" n="116">
			<desc>0057r</desc>
			<graphic mimeType="pdf" url="Einkaeign%204/116/HIGH_QUALITY_DISPLAY"/>
			<graphic mimeType="jpg" url="Einkaeign%204/116/THUMBNAIL" width="200px" height="238px"/>
			<graphic mimeType="jpg" url="Einkaeign%204/116/SECONDARY_DISPLAY" width="2094px" height="2496px"/>
			<graphic mimeType="pdf" url="Einkaeign%204/116/WEB_DISPLAY"/>
		</surface>
		<surface xml:id="Einkaeign-0004-0057v" n="117">
			<desc>0057v</desc>
			<graphic mimeType="pdf" url="Einkaeign%204/117/HIGH_QUALITY_DISPLAY"/>
			<graphic mimeType="jpg" url="Einkaeign%204/117/THUMBNAIL" width="200px" height="238px"/>
			<graphic mimeType="jpg" url="Einkaeign%204/117/SECONDARY_DISPLAY" width="2094px" height="2496px"/>
			<graphic mimeType="pdf" url="Einkaeign%204/117/WEB_DISPLAY"/>
		</surface>
		<surface xml:id="Einkaeign-0004-0058r" n="118">
			<desc>0058r</desc>
			<graphic mimeType="pdf" url="Einkaeign%204/118/HIGH_QUALITY_DISPLAY"/>
			<graphic mimeType="jpg" url="Einkaeign%204/118/THUMBNAIL" width="200px" height="238px"/>
			<graphic mimeType="jpg" url="Einkaeign%204/118/SECONDARY_DISPLAY" width="2094px" height="2496px"/>
			<graphic mimeType="pdf" url="Einkaeign%204/118/WEB_DISPLAY"/>
		</surface>
		<surface xml:id="Einkaeign-0004-0058v" n="119">
			<desc>0058v</desc>
			<graphic mimeType="pdf" url="Einkaeign%204/119/HIGH_QUALITY_DISPLAY"/>
			<graphic mimeType="jpg" url="Einkaeign%204/119/THUMBNAIL" width="200px" height="238px"/>
			<graphic mimeType="jpg" url="Einkaeign%204/119/SECONDARY_DISPLAY" width="2094px" height="2496px"/>
			<graphic mimeType="pdf" url="Einkaeign%204/119/WEB_DISPLAY"/>
		</surface>
		<surface xml:id="Einkaeign-0004-0059r" n="120">
			<desc>0059r</desc>
			<graphic mimeType="pdf" url="Einkaeign%204/120/HIGH_QUALITY_DISPLAY"/>
			<graphic mimeType="jpg" url="Einkaeign%204/120/THUMBNAIL" width="200px" height="238px"/>
			<graphic mimeType="jpg" url="Einkaeign%204/120/SECONDARY_DISPLAY" width="2094px" height="2496px"/>
			<graphic mimeType="pdf" url="Einkaeign%204/120/WEB_DISPLAY"/>
		</surface>
		<surface xml:id="Einkaeign-0004-0059v" n="121">
			<desc>0059v</desc>
			<graphic mimeType="pdf" url="Einkaeign%204/121/HIGH_QUALITY_DISPLAY"/>
			<graphic mimeType="jpg" url="Einkaeign%204/121/THUMBNAIL" width="200px" height="238px"/>
			<graphic mimeType="jpg" url="Einkaeign%204/121/SECONDARY_DISPLAY" width="2094px" height="2496px"/>
			<graphic mimeType="pdf" url="Einkaeign%204/121/WEB_DISPLAY"/>
		</surface>
		<surface xml:id="Einkaeign-0004-0060r" n="122">
			<desc>0060r</desc>
			<graphic mimeType="pdf" url="Einkaeign%204/122/HIGH_QUALITY_DISPLAY"/>
			<graphic mimeType="jpg" url="Einkaeign%204/122/THUMBNAIL" width="200px" height="238px"/>
			<graphic mimeType="jpg" url="Einkaeign%204/122/SECONDARY_DISPLAY" width="2094px" height="2496px"/>
			<graphic mimeType="pdf" url="Einkaeign%204/122/WEB_DISPLAY"/>
		</surface>
		<surface xml:id="Einkaeign-0004-0060v" n="123">
			<desc>0060v</desc>
			<graphic mimeType="pdf" url="Einkaeign%204/123/HIGH_QUALITY_DISPLAY"/>
			<graphic mimeType="jpg" url="Einkaeign%204/123/THUMBNAIL" width="200px" height="238px"/>
			<graphic mimeType="jpg" url="Einkaeign%204/123/SECONDARY_DISPLAY" width="2094px" height="2496px"/>
			<graphic mimeType="pdf" url="Einkaeign%204/123/WEB_DISPLAY"/>
		</surface>
		<surface xml:id="Einkaeign-0004-0061r" n="124">
			<desc>0061r</desc>
			<graphic mimeType="pdf" url="Einkaeign%204/124/HIGH_QUALITY_DISPLAY"/>
			<graphic mimeType="jpg" url="Einkaeign%204/124/THUMBNAIL" width="200px" height="238px"/>
			<graphic mimeType="jpg" url="Einkaeign%204/124/SECONDARY_DISPLAY" width="2094px" height="2496px"/>
			<graphic mimeType="pdf" url="Einkaeign%204/124/WEB_DISPLAY"/>
		</surface>
		<surface xml:id="Einkaeign-0004-0061v" n="125">
			<desc>0061v</desc>
			<graphic mimeType="pdf" url="Einkaeign%204/125/HIGH_QUALITY_DISPLAY"/>
			<graphic mimeType="jpg" url="Einkaeign%204/125/THUMBNAIL" width="200px" height="238px"/>
			<graphic mimeType="jpg" url="Einkaeign%204/125/SECONDARY_DISPLAY" width="2094px" height="2496px"/>
			<graphic mimeType="pdf" url="Einkaeign%204/125/WEB_DISPLAY"/>
		</surface>
		<surface xml:id="Einkaeign-0004-0062r" n="126">
			<desc>0062r</desc>
			<graphic mimeType="pdf" url="Einkaeign%204/126/HIGH_QUALITY_DISPLAY"/>
			<graphic mimeType="jpg" url="Einkaeign%204/126/THUMBNAIL" width="200px" height="238px"/>
			<graphic mimeType="jpg" url="Einkaeign%204/126/SECONDARY_DISPLAY" width="2094px" height="2496px"/>
			<graphic mimeType="pdf" url="Einkaeign%204/126/WEB_DISPLAY"/>
		</surface>
		<surface xml:id="Einkaeign-0004-0062v" n="127">
			<desc>0062v</desc>
			<graphic mimeType="pdf" url="Einkaeign%204/127/HIGH_QUALITY_DISPLAY"/>
			<graphic mimeType="jpg" url="Einkaeign%204/127/THUMBNAIL" width="200px" height="238px"/>
			<graphic mimeType="jpg" url="Einkaeign%204/127/SECONDARY_DISPLAY" width="2094px" height="2496px"/>
			<graphic mimeType="pdf" url="Einkaeign%204/127/WEB_DISPLAY"/>
		</surface>
		<surface xml:id="Einkaeign-0004-0063r" n="128">
			<desc>0063r</desc>
			<graphic mimeType="pdf" url="Einkaeign%204/128/HIGH_QUALITY_DISPLAY"/>
			<graphic mimeType="jpg" url="Einkaeign%204/128/THUMBNAIL" width="200px" height="238px"/>
			<graphic mimeType="jpg" url="Einkaeign%204/128/SECONDARY_DISPLAY" width="2094px" height="2496px"/>
			<graphic mimeType="pdf" url="Einkaeign%204/128/WEB_DISPLAY"/>
		</surface>
		<surface xml:id="Einkaeign-0004-0063v" n="129">
			<desc>0063v</desc>
			<graphic mimeType="pdf" url="Einkaeign%204/129/HIGH_QUALITY_DISPLAY"/>
			<graphic mimeType="jpg" url="Einkaeign%204/129/THUMBNAIL" width="200px" height="238px"/>
			<graphic mimeType="jpg" url="Einkaeign%204/129/SECONDARY_DISPLAY" width="2094px" height="2496px"/>
			<graphic mimeType="pdf" url="Einkaeign%204/129/WEB_DISPLAY"/>
		</surface>
		<surface xml:id="Einkaeign-0004-0064r" n="130">
			<desc>0064r</desc>
			<graphic mimeType="pdf" url="Einkaeign%204/130/HIGH_QUALITY_DISPLAY"/>
			<graphic mimeType="jpg" url="Einkaeign%204/130/THUMBNAIL" width="200px" height="238px"/>
			<graphic mimeType="jpg" url="Einkaeign%204/130/SECONDARY_DISPLAY" width="2094px" height="2496px"/>
			<graphic mimeType="pdf" url="Einkaeign%204/130/WEB_DISPLAY"/>
		</surface>
		<surface xml:id="Einkaeign-0004-0064v" n="131">
			<desc>0064v</desc>
			<graphic mimeType="pdf" url="Einkaeign%204/131/HIGH_QUALITY_DISPLAY"/>
			<graphic mimeType="jpg" url="Einkaeign%204/131/THUMBNAIL" width="200px" height="238px"/>
			<graphic mimeType="jpg" url="Einkaeign%204/131/SECONDARY_DISPLAY" width="2094px" height="2496px"/>
			<graphic mimeType="pdf" url="Einkaeign%204/131/WEB_DISPLAY"/>
		</surface>
		<surface xml:id="Einkaeign-0004-0065r" n="132">
			<desc>0065r</desc>
			<graphic mimeType="pdf" url="Einkaeign%204/132/HIGH_QUALITY_DISPLAY"/>
			<graphic mimeType="jpg" url="Einkaeign%204/132/THUMBNAIL" width="200px" height="238px"/>
			<graphic mimeType="jpg" url="Einkaeign%204/132/SECONDARY_DISPLAY" width="2094px" height="2496px"/>
			<graphic mimeType="pdf" url="Einkaeign%204/132/WEB_DISPLAY"/>
		</surface>
		<surface xml:id="Einkaeign-0004-0065v" n="133">
			<desc>0065v</desc>
			<graphic mimeType="pdf" url="Einkaeign%204/133/HIGH_QUALITY_DISPLAY"/>
			<graphic mimeType="jpg" url="Einkaeign%204/133/THUMBNAIL" width="200px" height="238px"/>
			<graphic mimeType="jpg" url="Einkaeign%204/133/SECONDARY_DISPLAY" width="2094px" height="2496px"/>
			<graphic mimeType="pdf" url="Einkaeign%204/133/WEB_DISPLAY"/>
		</surface>
		<surface xml:id="Einkaeign-0004-0066r" n="134">
			<desc>0066r</desc>
			<graphic mimeType="pdf" url="Einkaeign%204/134/HIGH_QUALITY_DISPLAY"/>
			<graphic mimeType="jpg" url="Einkaeign%204/134/THUMBNAIL" width="200px" height="238px"/>
			<graphic mimeType="jpg" url="Einkaeign%204/134/SECONDARY_DISPLAY" width="2094px" height="2496px"/>
			<graphic mimeType="pdf" url="Einkaeign%204/134/WEB_DISPLAY"/>
		</surface>
		<surface xml:id="Einkaeign-0004-0066v" n="135">
			<desc>0066v</desc>
			<graphic mimeType="pdf" url="Einkaeign%204/135/HIGH_QUALITY_DISPLAY"/>
			<graphic mimeType="jpg" url="Einkaeign%204/135/THUMBNAIL" width="200px" height="238px"/>
			<graphic mimeType="jpg" url="Einkaeign%204/135/SECONDARY_DISPLAY" width="2094px" height="2496px"/>
			<graphic mimeType="pdf" url="Einkaeign%204/135/WEB_DISPLAY"/>
		</surface>
		<surface xml:id="Einkaeign-0004-0067r" n="136">
			<desc>0067r</desc>
			<graphic mimeType="pdf" url="Einkaeign%204/136/HIGH_QUALITY_DISPLAY"/>
			<graphic mimeType="jpg" url="Einkaeign%204/136/THUMBNAIL" width="200px" height="238px"/>
			<graphic mimeType="jpg" url="Einkaeign%204/136/SECONDARY_DISPLAY" width="2094px" height="2496px"/>
			<graphic mimeType="pdf" url="Einkaeign%204/136/WEB_DISPLAY"/>
		</surface>
		<surface xml:id="Einkaeign-0004-0067v" n="137">
			<desc>0067v</desc>
			<graphic mimeType="pdf" url="Einkaeign%204/137/HIGH_QUALITY_DISPLAY"/>
			<graphic mimeType="jpg" url="Einkaeign%204/137/THUMBNAIL" width="200px" height="238px"/>
			<graphic mimeType="jpg" url="Einkaeign%204/137/SECONDARY_DISPLAY" width="2094px" height="2496px"/>
			<graphic mimeType="pdf" url="Einkaeign%204/137/WEB_DISPLAY"/>
		</surface>
		<surface xml:id="Einkaeign-0004-0068r" n="138">
			<desc>0068r</desc>
			<graphic mimeType="pdf" url="Einkaeign%204/138/HIGH_QUALITY_DISPLAY"/>
			<graphic mimeType="jpg" url="Einkaeign%204/138/THUMBNAIL" width="200px" height="238px"/>
			<graphic mimeType="jpg" url="Einkaeign%204/138/SECONDARY_DISPLAY" width="2094px" height="2496px"/>
			<graphic mimeType="pdf" url="Einkaeign%204/138/WEB_DISPLAY"/>
		</surface>
		<surface xml:id="Einkaeign-0004-0068v" n="139">
			<desc>0068v</desc>
			<graphic mimeType="pdf" url="Einkaeign%204/139/HIGH_QUALITY_DISPLAY"/>
			<graphic mimeType="jpg" url="Einkaeign%204/139/THUMBNAIL" width="200px" height="238px"/>
			<graphic mimeType="jpg" url="Einkaeign%204/139/SECONDARY_DISPLAY" width="2094px" height="2496px"/>
			<graphic mimeType="pdf" url="Einkaeign%204/139/WEB_DISPLAY"/>
		</surface>
		<surface xml:id="Einkaeign-0004-0069r" n="140">
			<desc>0069r</desc>
			<graphic mimeType="pdf" url="Einkaeign%204/140/HIGH_QUALITY_DISPLAY"/>
			<graphic mimeType="jpg" url="Einkaeign%204/140/THUMBNAIL" width="200px" height="238px"/>
			<graphic mimeType="jpg" url="Einkaeign%204/140/SECONDARY_DISPLAY" width="2094px" height="2496px"/>
			<graphic mimeType="pdf" url="Einkaeign%204/140/WEB_DISPLAY"/>
		</surface>
		<surface xml:id="Einkaeign-0004-0069v" n="141">
			<desc>0069v</desc>
			<graphic mimeType="pdf" url="Einkaeign%204/141/HIGH_QUALITY_DISPLAY"/>
			<graphic mimeType="jpg" url="Einkaeign%204/141/THUMBNAIL" width="200px" height="238px"/>
			<graphic mimeType="jpg" url="Einkaeign%204/141/SECONDARY_DISPLAY" width="2094px" height="2496px"/>
			<graphic mimeType="pdf" url="Einkaeign%204/141/WEB_DISPLAY"/>
		</surface>
		<surface xml:id="Einkaeign-0004-0070r" n="142">
			<desc>0070r</desc>
			<graphic mimeType="pdf" url="Einkaeign%204/142/HIGH_QUALITY_DISPLAY"/>
			<graphic mimeType="jpg" url="Einkaeign%204/142/THUMBNAIL" width="200px" height="238px"/>
			<graphic mimeType="jpg" url="Einkaeign%204/142/SECONDARY_DISPLAY" width="2094px" height="2496px"/>
			<graphic mimeType="pdf" url="Einkaeign%204/142/WEB_DISPLAY"/>
		</surface>
		<surface xml:id="Einkaeign-0004-0070v" n="143">
			<desc>0070v</desc>
			<graphic mimeType="pdf" url="Einkaeign%204/143/HIGH_QUALITY_DISPLAY"/>
			<graphic mimeType="jpg" url="Einkaeign%204/143/THUMBNAIL" width="200px" height="238px"/>
			<graphic mimeType="jpg" url="Einkaeign%204/143/SECONDARY_DISPLAY" width="2094px" height="2496px"/>
			<graphic mimeType="pdf" url="Einkaeign%204/143/WEB_DISPLAY"/>
		</surface>
		<surface xml:id="Einkaeign-0004-0071r" n="144">
			<desc>0071r</desc>
			<graphic mimeType="pdf" url="Einkaeign%204/144/HIGH_QUALITY_DISPLAY"/>
			<graphic mimeType="jpg" url="Einkaeign%204/144/THUMBNAIL" width="200px" height="238px"/>
			<graphic mimeType="jpg" url="Einkaeign%204/144/SECONDARY_DISPLAY" width="2094px" height="2496px"/>
			<graphic mimeType="pdf" url="Einkaeign%204/144/WEB_DISPLAY"/>
		</surface>
		<surface xml:id="Einkaeign-0004-0071v" n="145">
			<desc>0071v</desc>
			<graphic mimeType="pdf" url="Einkaeign%204/145/HIGH_QUALITY_DISPLAY"/>
			<graphic mimeType="jpg" url="Einkaeign%204/145/THUMBNAIL" width="200px" height="238px"/>
			<graphic mimeType="jpg" url="Einkaeign%204/145/SECONDARY_DISPLAY" width="2094px" height="2496px"/>
			<graphic mimeType="pdf" url="Einkaeign%204/145/WEB_DISPLAY"/>
		</surface>
		<surface xml:id="Einkaeign-0004-0072r" n="146">
			<desc>0072r</desc>
			<graphic mimeType="pdf" url="Einkaeign%204/146/HIGH_QUALITY_DISPLAY"/>
			<graphic mimeType="jpg" url="Einkaeign%204/146/THUMBNAIL" width="200px" height="238px"/>
			<graphic mimeType="jpg" url="Einkaeign%204/146/SECONDARY_DISPLAY" width="2094px" height="2496px"/>
			<graphic mimeType="pdf" url="Einkaeign%204/146/WEB_DISPLAY"/>
		</surface>
		<surface xml:id="Einkaeign-0004-0072v" n="147">
			<desc>0072v</desc>
			<graphic mimeType="pdf" url="Einkaeign%204/147/HIGH_QUALITY_DISPLAY"/>
			<graphic mimeType="jpg" url="Einkaeign%204/147/THUMBNAIL" width="200px" height="238px"/>
			<graphic mimeType="jpg" url="Einkaeign%204/147/SECONDARY_DISPLAY" width="2094px" height="2496px"/>
			<graphic mimeType="pdf" url="Einkaeign%204/147/WEB_DISPLAY"/>
		</surface>
		<surface xml:id="Einkaeign-0004-0073r" n="148">
			<desc>0073r</desc>
			<graphic mimeType="pdf" url="Einkaeign%204/148/HIGH_QUALITY_DISPLAY"/>
			<graphic mimeType="jpg" url="Einkaeign%204/148/THUMBNAIL" width="200px" height="238px"/>
			<graphic mimeType="jpg" url="Einkaeign%204/148/SECONDARY_DISPLAY" width="2094px" height="2496px"/>
			<graphic mimeType="pdf" url="Einkaeign%204/148/WEB_DISPLAY"/>
		</surface>
		<surface xml:id="Einkaeign-0004-0073v" n="149">
			<desc>0073v</desc>
			<graphic mimeType="pdf" url="Einkaeign%204/149/HIGH_QUALITY_DISPLAY"/>
			<graphic mimeType="jpg" url="Einkaeign%204/149/THUMBNAIL" width="200px" height="238px"/>
			<graphic mimeType="jpg" url="Einkaeign%204/149/SECONDARY_DISPLAY" width="2094px" height="2496px"/>
			<graphic mimeType="pdf" url="Einkaeign%204/149/WEB_DISPLAY"/>
		</surface>
		<surface xml:id="Einkaeign-0004-0074r" n="150">
			<desc>0074r</desc>
			<graphic mimeType="pdf" url="Einkaeign%204/150/HIGH_QUALITY_DISPLAY"/>
			<graphic mimeType="jpg" url="Einkaeign%204/150/THUMBNAIL" width="200px" height="238px"/>
			<graphic mimeType="jpg" url="Einkaeign%204/150/SECONDARY_DISPLAY" width="2094px" height="2496px"/>
			<graphic mimeType="pdf" url="Einkaeign%204/150/WEB_DISPLAY"/>
		</surface>
		<surface xml:id="Einkaeign-0004-0074v" n="151">
			<desc>0074v</desc>
			<graphic mimeType="pdf" url="Einkaeign%204/151/HIGH_QUALITY_DISPLAY"/>
			<graphic mimeType="jpg" url="Einkaeign%204/151/THUMBNAIL" width="200px" height="238px"/>
			<graphic mimeType="jpg" url="Einkaeign%204/151/SECONDARY_DISPLAY" width="2094px" height="2496px"/>
			<graphic mimeType="pdf" url="Einkaeign%204/151/WEB_DISPLAY"/>
		</surface>
		<surface xml:id="Einkaeign-0004-0075r" n="152">
			<desc>0075r</desc>
			<graphic mimeType="pdf" url="Einkaeign%204/152/HIGH_QUALITY_DISPLAY"/>
			<graphic mimeType="jpg" url="Einkaeign%204/152/THUMBNAIL" width="200px" height="238px"/>
			<graphic mimeType="jpg" url="Einkaeign%204/152/SECONDARY_DISPLAY" width="2094px" height="2496px"/>
			<graphic mimeType="pdf" url="Einkaeign%204/152/WEB_DISPLAY"/>
		</surface>
		<surface xml:id="Einkaeign-0004-0075v" n="153">
			<desc>0075v</desc>
			<graphic mimeType="pdf" url="Einkaeign%204/153/HIGH_QUALITY_DISPLAY"/>
			<graphic mimeType="jpg" url="Einkaeign%204/153/THUMBNAIL" width="200px" height="238px"/>
			<graphic mimeType="jpg" url="Einkaeign%204/153/SECONDARY_DISPLAY" width="2094px" height="2496px"/>
			<graphic mimeType="pdf" url="Einkaeign%204/153/WEB_DISPLAY"/>
		</surface>
		<surface xml:id="Einkaeign-0004-0076r" n="154">
			<desc>0076r</desc>
			<graphic mimeType="pdf" url="Einkaeign%204/154/HIGH_QUALITY_DISPLAY"/>
			<graphic mimeType="jpg" url="Einkaeign%204/154/THUMBNAIL" width="200px" height="238px"/>
			<graphic mimeType="jpg" url="Einkaeign%204/154/SECONDARY_DISPLAY" width="2094px" height="2496px"/>
			<graphic mimeType="pdf" url="Einkaeign%204/154/WEB_DISPLAY"/>
		</surface>
		<surface xml:id="Einkaeign-0004-0076v" n="155">
			<desc>0076v</desc>
			<graphic mimeType="pdf" url="Einkaeign%204/155/HIGH_QUALITY_DISPLAY"/>
			<graphic mimeType="jpg" url="Einkaeign%204/155/THUMBNAIL" width="200px" height="238px"/>
			<graphic mimeType="jpg" url="Einkaeign%204/155/SECONDARY_DISPLAY" width="2094px" height="2496px"/>
			<graphic mimeType="pdf" url="Einkaeign%204/155/WEB_DISPLAY"/>
		</surface>
		<surface xml:id="Einkaeign-0004-0077r" n="156">
			<desc>0077r</desc>
			<graphic mimeType="pdf" url="Einkaeign%204/156/HIGH_QUALITY_DISPLAY"/>
			<graphic mimeType="jpg" url="Einkaeign%204/156/THUMBNAIL" width="200px" height="238px"/>
			<graphic mimeType="jpg" url="Einkaeign%204/156/SECONDARY_DISPLAY" width="2094px" height="2496px"/>
			<graphic mimeType="pdf" url="Einkaeign%204/156/WEB_DISPLAY"/>
		</surface>
		<surface xml:id="Einkaeign-0004-0077v" n="157">
			<desc>0077v</desc>
			<graphic mimeType="pdf" url="Einkaeign%204/157/HIGH_QUALITY_DISPLAY"/>
			<graphic mimeType="jpg" url="Einkaeign%204/157/THUMBNAIL" width="200px" height="238px"/>
			<graphic mimeType="jpg" url="Einkaeign%204/157/SECONDARY_DISPLAY" width="2094px" height="2496px"/>
			<graphic mimeType="pdf" url="Einkaeign%204/157/WEB_DISPLAY"/>
		</surface>
		<surface xml:id="Einkaeign-0004-0078r" n="158">
			<desc>0078r</desc>
			<graphic mimeType="pdf" url="Einkaeign%204/158/HIGH_QUALITY_DISPLAY"/>
			<graphic mimeType="jpg" url="Einkaeign%204/158/THUMBNAIL" width="200px" height="238px"/>
			<graphic mimeType="jpg" url="Einkaeign%204/158/SECONDARY_DISPLAY" width="2094px" height="2496px"/>
			<graphic mimeType="pdf" url="Einkaeign%204/158/WEB_DISPLAY"/>
		</surface>
		<surface xml:id="Einkaeign-0004-0078v" n="159">
			<desc>0078v</desc>
			<graphic mimeType="pdf" url="Einkaeign%204/159/HIGH_QUALITY_DISPLAY"/>
			<graphic mimeType="jpg" url="Einkaeign%204/159/THUMBNAIL" width="200px" height="238px"/>
			<graphic mimeType="jpg" url="Einkaeign%204/159/SECONDARY_DISPLAY" width="2094px" height="2496px"/>
			<graphic mimeType="pdf" url="Einkaeign%204/159/WEB_DISPLAY"/>
		</surface>
		<surface xml:id="Einkaeign-0004-0079r" n="160">
			<desc>0079r</desc>
			<graphic mimeType="pdf" url="Einkaeign%204/160/HIGH_QUALITY_DISPLAY"/>
			<graphic mimeType="jpg" url="Einkaeign%204/160/THUMBNAIL" width="200px" height="238px"/>
			<graphic mimeType="jpg" url="Einkaeign%204/160/SECONDARY_DISPLAY" width="2094px" height="2496px"/>
			<graphic mimeType="pdf" url="Einkaeign%204/160/WEB_DISPLAY"/>
		</surface>
		<surface xml:id="Einkaeign-0004-0079v" n="161">
			<desc>0079v</desc>
			<graphic mimeType="pdf" url="Einkaeign%204/161/HIGH_QUALITY_DISPLAY"/>
			<graphic mimeType="jpg" url="Einkaeign%204/161/THUMBNAIL" width="200px" height="238px"/>
			<graphic mimeType="jpg" url="Einkaeign%204/161/SECONDARY_DISPLAY" width="2094px" height="2496px"/>
			<graphic mimeType="pdf" url="Einkaeign%204/161/WEB_DISPLAY"/>
		</surface>
		<surface xml:id="Einkaeign-0004-0080r" n="162">
			<desc>0080r</desc>
			<graphic mimeType="pdf" url="Einkaeign%204/162/HIGH_QUALITY_DISPLAY"/>
			<graphic mimeType="jpg" url="Einkaeign%204/162/THUMBNAIL" width="200px" height="238px"/>
			<graphic mimeType="jpg" url="Einkaeign%204/162/SECONDARY_DISPLAY" width="2094px" height="2496px"/>
			<graphic mimeType="pdf" url="Einkaeign%204/162/WEB_DISPLAY"/>
		</surface>
		<surface xml:id="Einkaeign-0004-0080v" n="163">
			<desc>0080v</desc>
			<graphic mimeType="pdf" url="Einkaeign%204/163/HIGH_QUALITY_DISPLAY"/>
			<graphic mimeType="jpg" url="Einkaeign%204/163/THUMBNAIL" width="200px" height="238px"/>
			<graphic mimeType="jpg" url="Einkaeign%204/163/SECONDARY_DISPLAY" width="2094px" height="2496px"/>
			<graphic mimeType="pdf" url="Einkaeign%204/163/WEB_DISPLAY"/>
		</surface>
		<surface xml:id="Einkaeign-0004-0081r" n="164">
			<desc>0081r</desc>
			<graphic mimeType="pdf" url="Einkaeign%204/164/HIGH_QUALITY_DISPLAY"/>
			<graphic mimeType="jpg" url="Einkaeign%204/164/THUMBNAIL" width="200px" height="238px"/>
			<graphic mimeType="jpg" url="Einkaeign%204/164/SECONDARY_DISPLAY" width="2094px" height="2496px"/>
			<graphic mimeType="pdf" url="Einkaeign%204/164/WEB_DISPLAY"/>
		</surface>
		<surface xml:id="Einkaeign-0004-0081v" n="165">
			<desc>0081v</desc>
			<graphic mimeType="pdf" url="Einkaeign%204/165/HIGH_QUALITY_DISPLAY"/>
			<graphic mimeType="jpg" url="Einkaeign%204/165/THUMBNAIL" width="200px" height="238px"/>
			<graphic mimeType="jpg" url="Einkaeign%204/165/SECONDARY_DISPLAY" width="2094px" height="2496px"/>
			<graphic mimeType="pdf" url="Einkaeign%204/165/WEB_DISPLAY"/>
		</surface>
		<surface xml:id="Einkaeign-0004-0082r" n="166">
			<desc>0082r</desc>
			<graphic mimeType="pdf" url="Einkaeign%204/166/HIGH_QUALITY_DISPLAY"/>
			<graphic mimeType="jpg" url="Einkaeign%204/166/THUMBNAIL" width="200px" height="238px"/>
			<graphic mimeType="jpg" url="Einkaeign%204/166/SECONDARY_DISPLAY" width="2094px" height="2496px"/>
			<graphic mimeType="pdf" url="Einkaeign%204/166/WEB_DISPLAY"/>
		</surface>
		<surface xml:id="Einkaeign-0004-0082v" n="167">
			<desc>0082v</desc>
			<graphic mimeType="pdf" url="Einkaeign%204/167/HIGH_QUALITY_DISPLAY"/>
			<graphic mimeType="jpg" url="Einkaeign%204/167/THUMBNAIL" width="200px" height="241px"/>
			<graphic mimeType="jpg" url="Einkaeign%204/167/SECONDARY_DISPLAY" width="2068px" height="2496px"/>
			<graphic mimeType="pdf" url="Einkaeign%204/167/WEB_DISPLAY"/>
		</surface>
		<surface xml:id="Einkaeign-0004-accMat02r" n="168">
			<desc>accMat02r</desc>
			<graphic mimeType="pdf" url="Einkaeign%204/168/HIGH_QUALITY_DISPLAY"/>
			<graphic mimeType="jpg" url="Einkaeign%204/168/THUMBNAIL" width="200px" height="224px"/>
			<graphic mimeType="jpg" url="Einkaeign%204/168/SECONDARY_DISPLAY" width="2251px" height="2520px"/>
			<graphic mimeType="pdf" url="Einkaeign%204/168/WEB_DISPLAY"/>
		</surface>
		<surface xml:id="Einkaeign-0004-accMat02v" n="169">
			<desc>accMat02v</desc>
			<graphic mimeType="pdf" url="Einkaeign%204/169/HIGH_QUALITY_DISPLAY"/>
			<graphic mimeType="jpg" url="Einkaeign%204/169/THUMBNAIL" width="200px" height="225px"/>
			<graphic mimeType="jpg" url="Einkaeign%204/169/SECONDARY_DISPLAY" width="2216px" height="2496px"/>
			<graphic mimeType="pdf" url="Einkaeign%204/169/WEB_DISPLAY"/>
		</surface>
		<surface xml:id="Einkaeign-0004-accMat03r" n="170">
			<desc>accMat03r</desc>
			<graphic mimeType="pdf" url="Einkaeign%204/170/HIGH_QUALITY_DISPLAY"/>
			<graphic mimeType="jpg" url="Einkaeign%204/170/THUMBNAIL" width="169px" height="300px"/>
			<graphic mimeType="jpg" url="Einkaeign%204/170/SECONDARY_DISPLAY" width="1412px" height="2504px"/>
			<graphic mimeType="pdf" url="Einkaeign%204/170/WEB_DISPLAY"/>
		</surface>
		<surface xml:id="Einkaeign-0004-accMat03v" n="171">
			<desc>accMat03v</desc>
			<graphic mimeType="pdf" url="Einkaeign%204/171/HIGH_QUALITY_DISPLAY"/>
			<graphic mimeType="jpg" url="Einkaeign%204/171/THUMBNAIL" width="133px" height="300px"/>
			<graphic mimeType="jpg" url="Einkaeign%204/171/SECONDARY_DISPLAY" width="1100px" height="2475px"/>
			<graphic mimeType="pdf" url="Einkaeign%204/171/WEB_DISPLAY"/>
		</surface>
		<surface xml:id="Einkaeign-0004-9999r-RB" n="172">
			<desc>9999r-RB</desc>
			<graphic mimeType="pdf" url="Einkaeign%204/172/HIGH_QUALITY_DISPLAY"/>
			<graphic mimeType="jpg" url="Einkaeign%204/172/THUMBNAIL" width="200px" height="233px"/>
			<graphic mimeType="jpg" url="Einkaeign%204/172/SECONDARY_DISPLAY" width="2187px" height="2544px"/>
			<graphic mimeType="pdf" url="Einkaeign%204/172/WEB_DISPLAY"/>
		</surface>
		<surface xml:id="Einkaeign-0004-9999v-RB" n="173">
			<desc>9999v-RB</desc>
			<graphic mimeType="pdf" url="Einkaeign%204/173/HIGH_QUALITY_DISPLAY"/>
			<graphic mimeType="jpg" url="Einkaeign%204/173/THUMBNAIL" width="200px" height="240px"/>
			<graphic mimeType="jpg" url="Einkaeign%204/173/SECONDARY_DISPLAY" width="2297px" height="2755px"/>
			<graphic mimeType="pdf" url="Einkaeign%204/173/WEB_DISPLAY"/>
		</surface>
		<surface xml:id="Einkaeign-0004-Spine" n="174">
			<desc>Spine</desc>
			<graphic mimeType="pdf" url="Einkaeign%204/174/HIGH_QUALITY_DISPLAY"/>
			<graphic mimeType="jpg" url="Einkaeign%204/174/THUMBNAIL" width="91px" height="300px"/>
			<graphic mimeType="jpg" url="Einkaeign%204/174/SECONDARY_DISPLAY" width="870px" height="2874px"/>
			<graphic mimeType="pdf" url="Einkaeign%204/174/WEB_DISPLAY"/>
		</surface>
		<surface xml:id="Einkaeign-0004-Fore-Edge" n="175">
			<desc>Fore-Edge</desc>
			<graphic mimeType="pdf" url="Einkaeign%204/175/HIGH_QUALITY_DISPLAY"/>
			<graphic mimeType="jpg" url="Einkaeign%204/175/THUMBNAIL" width="101px" height="300px"/>
			<graphic mimeType="jpg" url="Einkaeign%204/175/SECONDARY_DISPLAY" width="941px" height="2795px"/>
			<graphic mimeType="pdf" url="Einkaeign%204/175/WEB_DISPLAY"/>
		</surface>
		<surface xml:id="Einkaeign-0004-Head-Edge" n="176">
			<desc>Head-Edge</desc>
			<graphic mimeType="pdf" url="Einkaeign%204/176/HIGH_QUALITY_DISPLAY"/>
			<graphic mimeType="jpg" url="Einkaeign%204/176/THUMBNAIL" width="115px" height="300px"/>
			<graphic mimeType="jpg" url="Einkaeign%204/176/SECONDARY_DISPLAY" width="959px" height="2507px"/>
			<graphic mimeType="pdf" url="Einkaeign%204/176/WEB_DISPLAY"/>
		</surface>
		<surface xml:id="Einkaeign-0004-Tail-Edge" n="177">
			<desc>Tail-Edge</desc>
			<graphic mimeType="pdf" url="Einkaeign%204/177/HIGH_QUALITY_DISPLAY"/>
			<graphic mimeType="jpg" url="Einkaeign%204/177/THUMBNAIL" width="124px" height="300px"/>
			<graphic mimeType="jpg" url="Einkaeign%204/177/SECONDARY_DISPLAY" width="1007px" height="2437px"/>
			<graphic mimeType="pdf" url="Einkaeign%204/177/WEB_DISPLAY"/>
		</surface>
		<surface xml:id="Einkaeign-0004-Scale" n="178">
			<desc>Scale</desc>
			<graphic mimeType="pdf" url="Einkaeign%204/178/HIGH_QUALITY_DISPLAY"/>
			<graphic mimeType="jpg" url="Einkaeign%204/178/THUMBNAIL" width="200px" height="269px"/>
			<graphic mimeType="jpg" url="Einkaeign%204/178/SECONDARY_DISPLAY" width="2052px" height="2760px"/>
			<graphic mimeType="pdf" url="Einkaeign%204/178/WEB_DISPLAY"/>
		</surface>
		<surface xml:id="Einkaeign-0004-ccp" n="179">
			<desc>ccp</desc>
			<graphic mimeType="pdf" url="Einkaeign%204/179/HIGH_QUALITY_DISPLAY"/>
			<graphic mimeType="jpg" url="Einkaeign%204/179/THUMBNAIL" width="200px" height="152px"/>
			<graphic mimeType="jpg" url="Einkaeign%204/179/SECONDARY_DISPLAY" width="4481px" height="3409px"/>
			<graphic mimeType="pdf" url="Einkaeign%204/179/WEB_DISPLAY"/>
		</surface>
	</facsimile>
</TEI>