<?xml version="1.0" encoding="UTF-8"?>
<?oxygen RNGSchema="http://www.handrit.is/schema/handrit-1.0.rnc" type="compact"?>
<TEI xmlns="http://www.tei-c.org/ns/1.0">
	<teiHeader>
		<fileDesc>
			<titleStmt>
				<title type="main">Einkaeign 7</title>
			</titleStmt>
			<publicationStmt>
				<authority>Landsbókasafn Íslands - Háskólabókasafn</authority>
				<pubPlace>Reykjavík</pubPlace>
				<date when="2013-05-05">5. maí 2013</date>
				<availability status="restricted">
					<p>Aðgangur aðeins mögulegur í fræðilegum tilgangi.</p>
				</availability>
			</publicationStmt>
			<sourceDesc>
				<msDesc xml:id="Einkaeign-0007-is" xml:lang="is">
					<msIdentifier>
						<country key="IS">Ísland</country>
						<settlement>Sauðárkrókur</settlement>
						<institution>Héraðsskjalasafn Skagfirðinga</institution>
						<idno>Einkaeign 7</idno>
					</msIdentifier>
					<msContents>
						<msItem n="1" defective="false" class="rimur">
							<locus from="1r" facs="#Einkaeign-0007-0001r" to="86v">1r-86v</locus>
							<title type="uniform">Egils rímur Skallagrímssonar</title>
							<author key="JonGud005">Jón Guðmundsson</author>
							<incipit type="upphaf" defective="false">Mig hefir beðið af mærðar hlein
								/ miðjungs snekkju að keyra …</incipit>
							<note>40 rímur.</note>
						</msItem>
					</msContents>
					<physDesc>
						<objectDesc form="codex">
							<supportDesc material="chart">
								<extent>50 blöð</extent>
							</supportDesc>
						</objectDesc>
					</physDesc>
					<history>
						<origin>
							<origPlace>Ísland</origPlace>
							<origDate cert="high" when="1643">1643</origDate>. </origin>
					</history>
					<additional>
						<adminInfo>
							<recordHist>
								<source><name type="person" key="SigJor001">Sigríður H.
										Jörundsdóttir</name> frumskráði fyrir myndvinnslu, <date when="2013-06-05">5. júní 2013</date>.</source>
							</recordHist>
							<custodialHist>
								<custEvent type="loan" notBefore="2011" notAfter="2013">Stofnun
									Árna Magnússonar var með handritið í láni árin 2011-2013.</custEvent>
								<custEvent type="check">
									<p>Athugað fyrir myndatöku <date when="2010-06">júní
										2013</date>.</p>
								</custEvent>
								<custEvent type="photography">
									<p>Myndað í <date when="2013-06">júní 2013</date>.</p>
								</custEvent>
							</custodialHist>
						</adminInfo>
						<surrogates>
							<p>Myndað fyrir handritavef í <date when="2013-06">júní 2013</date>.</p>
						</surrogates>
					</additional>
				</msDesc>
			</sourceDesc>
		</fileDesc>
	</teiHeader>
	<facsimile xml:base="https://myndir.handrit.is/file/Handrit.is/">
		<surface xml:id="Einkaeign-0007-0000r-FB" n="0">
			<desc>0000r-FB</desc>
			<graphic mimeType="pdf" url="Einkaeign%207/0/HIGH_QUALITY_DISPLAY"/>
			<graphic mimeType="jpg" url="Einkaeign%207/0/THUMBNAIL" width="200px" height="234px"/>
			<graphic mimeType="jpg" url="Einkaeign%207/0/SECONDARY_DISPLAY" width="2457px" height="2877px"/>
			<graphic mimeType="pdf" url="Einkaeign%207/0/WEB_DISPLAY"/>
		</surface>
		<surface xml:id="Einkaeign-0007-0000v-FB" n="1">
			<desc>0000v-FB</desc>
			<graphic mimeType="pdf" url="Einkaeign%207/1/HIGH_QUALITY_DISPLAY"/>
			<graphic mimeType="jpg" url="Einkaeign%207/1/THUMBNAIL" width="200px" height="252px"/>
			<graphic mimeType="jpg" url="Einkaeign%207/1/SECONDARY_DISPLAY" width="2189px" height="2760px"/>
			<graphic mimeType="pdf" url="Einkaeign%207/1/WEB_DISPLAY"/>
		</surface>
		<surface xml:id="Einkaeign-0007-0001r" n="2">
			<desc>0001r</desc>
			<graphic mimeType="pdf" url="Einkaeign%207/2/HIGH_QUALITY_DISPLAY"/>
			<graphic mimeType="jpg" url="Einkaeign%207/2/THUMBNAIL" width="200px" height="260px"/>
			<graphic mimeType="jpg" url="Einkaeign%207/2/SECONDARY_DISPLAY" width="1989px" height="2582px"/>
			<graphic mimeType="pdf" url="Einkaeign%207/2/WEB_DISPLAY"/>
		</surface>
		<surface xml:id="Einkaeign-0007-0001v" n="3">
			<desc>0001v</desc>
			<graphic mimeType="pdf" url="Einkaeign%207/3/HIGH_QUALITY_DISPLAY"/>
			<graphic mimeType="jpg" url="Einkaeign%207/3/THUMBNAIL" width="200px" height="255px"/>
			<graphic mimeType="jpg" url="Einkaeign%207/3/SECONDARY_DISPLAY" width="2043px" height="2603px"/>
			<graphic mimeType="pdf" url="Einkaeign%207/3/WEB_DISPLAY"/>
		</surface>
		<surface xml:id="Einkaeign-0007-0002r" n="4">
			<desc>0002r</desc>
			<graphic mimeType="pdf" url="Einkaeign%207/4/HIGH_QUALITY_DISPLAY"/>
			<graphic mimeType="jpg" url="Einkaeign%207/4/THUMBNAIL" width="200px" height="255px"/>
			<graphic mimeType="jpg" url="Einkaeign%207/4/SECONDARY_DISPLAY" width="2044px" height="2603px"/>
			<graphic mimeType="pdf" url="Einkaeign%207/4/WEB_DISPLAY"/>
		</surface>
		<surface xml:id="Einkaeign-0007-0002v" n="5">
			<desc>0002v</desc>
			<graphic mimeType="pdf" url="Einkaeign%207/5/HIGH_QUALITY_DISPLAY"/>
			<graphic mimeType="jpg" url="Einkaeign%207/5/THUMBNAIL" width="200px" height="253px"/>
			<graphic mimeType="jpg" url="Einkaeign%207/5/SECONDARY_DISPLAY" width="2032px" height="2568px"/>
			<graphic mimeType="pdf" url="Einkaeign%207/5/WEB_DISPLAY"/>
		</surface>
		<surface xml:id="Einkaeign-0007-0003r" n="6">
			<desc>0003r</desc>
			<graphic mimeType="pdf" url="Einkaeign%207/6/HIGH_QUALITY_DISPLAY"/>
			<graphic mimeType="jpg" url="Einkaeign%207/6/THUMBNAIL" width="200px" height="253px"/>
			<graphic mimeType="jpg" url="Einkaeign%207/6/SECONDARY_DISPLAY" width="2032px" height="2568px"/>
			<graphic mimeType="pdf" url="Einkaeign%207/6/WEB_DISPLAY"/>
		</surface>
		<surface xml:id="Einkaeign-0007-0003v" n="7">
			<desc>0003v</desc>
			<graphic mimeType="pdf" url="Einkaeign%207/7/HIGH_QUALITY_DISPLAY"/>
			<graphic mimeType="jpg" url="Einkaeign%207/7/THUMBNAIL" width="200px" height="253px"/>
			<graphic mimeType="jpg" url="Einkaeign%207/7/SECONDARY_DISPLAY" width="2032px" height="2568px"/>
			<graphic mimeType="pdf" url="Einkaeign%207/7/WEB_DISPLAY"/>
		</surface>
		<surface xml:id="Einkaeign-0007-0004r" n="8">
			<desc>0004r</desc>
			<graphic mimeType="pdf" url="Einkaeign%207/8/HIGH_QUALITY_DISPLAY"/>
			<graphic mimeType="jpg" url="Einkaeign%207/8/THUMBNAIL" width="200px" height="253px"/>
			<graphic mimeType="jpg" url="Einkaeign%207/8/SECONDARY_DISPLAY" width="2032px" height="2568px"/>
			<graphic mimeType="pdf" url="Einkaeign%207/8/WEB_DISPLAY"/>
		</surface>
		<surface xml:id="Einkaeign-0007-0004v" n="9">
			<desc>0004v</desc>
			<graphic mimeType="pdf" url="Einkaeign%207/9/HIGH_QUALITY_DISPLAY"/>
			<graphic mimeType="jpg" url="Einkaeign%207/9/THUMBNAIL" width="200px" height="253px"/>
			<graphic mimeType="jpg" url="Einkaeign%207/9/SECONDARY_DISPLAY" width="2032px" height="2568px"/>
			<graphic mimeType="pdf" url="Einkaeign%207/9/WEB_DISPLAY"/>
		</surface>
		<surface xml:id="Einkaeign-0007-0005r" n="10">
			<desc>0005r</desc>
			<graphic mimeType="pdf" url="Einkaeign%207/10/HIGH_QUALITY_DISPLAY"/>
			<graphic mimeType="jpg" url="Einkaeign%207/10/THUMBNAIL" width="200px" height="253px"/>
			<graphic mimeType="jpg" url="Einkaeign%207/10/SECONDARY_DISPLAY" width="2032px" height="2568px"/>
			<graphic mimeType="pdf" url="Einkaeign%207/10/WEB_DISPLAY"/>
		</surface>
		<surface xml:id="Einkaeign-0007-0005v" n="11">
			<desc>0005v</desc>
			<graphic mimeType="pdf" url="Einkaeign%207/11/HIGH_QUALITY_DISPLAY"/>
			<graphic mimeType="jpg" url="Einkaeign%207/11/THUMBNAIL" width="200px" height="253px"/>
			<graphic mimeType="jpg" url="Einkaeign%207/11/SECONDARY_DISPLAY" width="2032px" height="2568px"/>
			<graphic mimeType="pdf" url="Einkaeign%207/11/WEB_DISPLAY"/>
		</surface>
		<surface xml:id="Einkaeign-0007-0006r" n="12">
			<desc>0006r</desc>
			<graphic mimeType="pdf" url="Einkaeign%207/12/HIGH_QUALITY_DISPLAY"/>
			<graphic mimeType="jpg" url="Einkaeign%207/12/THUMBNAIL" width="200px" height="253px"/>
			<graphic mimeType="jpg" url="Einkaeign%207/12/SECONDARY_DISPLAY" width="2032px" height="2568px"/>
			<graphic mimeType="pdf" url="Einkaeign%207/12/WEB_DISPLAY"/>
		</surface>
		<surface xml:id="Einkaeign-0007-0006v" n="13">
			<desc>0006v</desc>
			<graphic mimeType="pdf" url="Einkaeign%207/13/HIGH_QUALITY_DISPLAY"/>
			<graphic mimeType="jpg" url="Einkaeign%207/13/THUMBNAIL" width="200px" height="253px"/>
			<graphic mimeType="jpg" url="Einkaeign%207/13/SECONDARY_DISPLAY" width="2032px" height="2568px"/>
			<graphic mimeType="pdf" url="Einkaeign%207/13/WEB_DISPLAY"/>
		</surface>
		<surface xml:id="Einkaeign-0007-0007r" n="14">
			<desc>0007r</desc>
			<graphic mimeType="pdf" url="Einkaeign%207/14/HIGH_QUALITY_DISPLAY"/>
			<graphic mimeType="jpg" url="Einkaeign%207/14/THUMBNAIL" width="200px" height="253px"/>
			<graphic mimeType="jpg" url="Einkaeign%207/14/SECONDARY_DISPLAY" width="2032px" height="2568px"/>
			<graphic mimeType="pdf" url="Einkaeign%207/14/WEB_DISPLAY"/>
		</surface>
		<surface xml:id="Einkaeign-0007-0007v" n="15">
			<desc>0007v</desc>
			<graphic mimeType="pdf" url="Einkaeign%207/15/HIGH_QUALITY_DISPLAY"/>
			<graphic mimeType="jpg" url="Einkaeign%207/15/THUMBNAIL" width="200px" height="253px"/>
			<graphic mimeType="jpg" url="Einkaeign%207/15/SECONDARY_DISPLAY" width="2032px" height="2568px"/>
			<graphic mimeType="pdf" url="Einkaeign%207/15/WEB_DISPLAY"/>
		</surface>
		<surface xml:id="Einkaeign-0007-0008r" n="16">
			<desc>0008r</desc>
			<graphic mimeType="pdf" url="Einkaeign%207/16/HIGH_QUALITY_DISPLAY"/>
			<graphic mimeType="jpg" url="Einkaeign%207/16/THUMBNAIL" width="200px" height="253px"/>
			<graphic mimeType="jpg" url="Einkaeign%207/16/SECONDARY_DISPLAY" width="2032px" height="2568px"/>
			<graphic mimeType="pdf" url="Einkaeign%207/16/WEB_DISPLAY"/>
		</surface>
		<surface xml:id="Einkaeign-0007-0008v" n="17">
			<desc>0008v</desc>
			<graphic mimeType="pdf" url="Einkaeign%207/17/HIGH_QUALITY_DISPLAY"/>
			<graphic mimeType="jpg" url="Einkaeign%207/17/THUMBNAIL" width="200px" height="253px"/>
			<graphic mimeType="jpg" url="Einkaeign%207/17/SECONDARY_DISPLAY" width="2032px" height="2568px"/>
			<graphic mimeType="pdf" url="Einkaeign%207/17/WEB_DISPLAY"/>
		</surface>
		<surface xml:id="Einkaeign-0007-0009r" n="18">
			<desc>0009r</desc>
			<graphic mimeType="pdf" url="Einkaeign%207/18/HIGH_QUALITY_DISPLAY"/>
			<graphic mimeType="jpg" url="Einkaeign%207/18/THUMBNAIL" width="200px" height="253px"/>
			<graphic mimeType="jpg" url="Einkaeign%207/18/SECONDARY_DISPLAY" width="2032px" height="2568px"/>
			<graphic mimeType="pdf" url="Einkaeign%207/18/WEB_DISPLAY"/>
		</surface>
		<surface xml:id="Einkaeign-0007-0009v" n="19">
			<desc>0009v</desc>
			<graphic mimeType="pdf" url="Einkaeign%207/19/HIGH_QUALITY_DISPLAY"/>
			<graphic mimeType="jpg" url="Einkaeign%207/19/THUMBNAIL" width="200px" height="253px"/>
			<graphic mimeType="jpg" url="Einkaeign%207/19/SECONDARY_DISPLAY" width="2032px" height="2568px"/>
			<graphic mimeType="pdf" url="Einkaeign%207/19/WEB_DISPLAY"/>
		</surface>
		<surface xml:id="Einkaeign-0007-0010r" n="20">
			<desc>0010r</desc>
			<graphic mimeType="pdf" url="Einkaeign%207/20/HIGH_QUALITY_DISPLAY"/>
			<graphic mimeType="jpg" url="Einkaeign%207/20/THUMBNAIL" width="200px" height="253px"/>
			<graphic mimeType="jpg" url="Einkaeign%207/20/SECONDARY_DISPLAY" width="2032px" height="2568px"/>
			<graphic mimeType="pdf" url="Einkaeign%207/20/WEB_DISPLAY"/>
		</surface>
		<surface xml:id="Einkaeign-0007-0010v" n="21">
			<desc>0010v</desc>
			<graphic mimeType="pdf" url="Einkaeign%207/21/HIGH_QUALITY_DISPLAY"/>
			<graphic mimeType="jpg" url="Einkaeign%207/21/THUMBNAIL" width="200px" height="253px"/>
			<graphic mimeType="jpg" url="Einkaeign%207/21/SECONDARY_DISPLAY" width="2032px" height="2568px"/>
			<graphic mimeType="pdf" url="Einkaeign%207/21/WEB_DISPLAY"/>
		</surface>
		<surface xml:id="Einkaeign-0007-0011r" n="22">
			<desc>0011r</desc>
			<graphic mimeType="pdf" url="Einkaeign%207/22/HIGH_QUALITY_DISPLAY"/>
			<graphic mimeType="jpg" url="Einkaeign%207/22/THUMBNAIL" width="200px" height="253px"/>
			<graphic mimeType="jpg" url="Einkaeign%207/22/SECONDARY_DISPLAY" width="2032px" height="2568px"/>
			<graphic mimeType="pdf" url="Einkaeign%207/22/WEB_DISPLAY"/>
		</surface>
		<surface xml:id="Einkaeign-0007-0011v" n="23">
			<desc>0011v</desc>
			<graphic mimeType="pdf" url="Einkaeign%207/23/HIGH_QUALITY_DISPLAY"/>
			<graphic mimeType="jpg" url="Einkaeign%207/23/THUMBNAIL" width="200px" height="253px"/>
			<graphic mimeType="jpg" url="Einkaeign%207/23/SECONDARY_DISPLAY" width="2032px" height="2568px"/>
			<graphic mimeType="pdf" url="Einkaeign%207/23/WEB_DISPLAY"/>
		</surface>
		<surface xml:id="Einkaeign-0007-0012r" n="24">
			<desc>0012r</desc>
			<graphic mimeType="pdf" url="Einkaeign%207/24/HIGH_QUALITY_DISPLAY"/>
			<graphic mimeType="jpg" url="Einkaeign%207/24/THUMBNAIL" width="200px" height="253px"/>
			<graphic mimeType="jpg" url="Einkaeign%207/24/SECONDARY_DISPLAY" width="2032px" height="2568px"/>
			<graphic mimeType="pdf" url="Einkaeign%207/24/WEB_DISPLAY"/>
		</surface>
		<surface xml:id="Einkaeign-0007-0012v" n="25">
			<desc>0012v</desc>
			<graphic mimeType="pdf" url="Einkaeign%207/25/HIGH_QUALITY_DISPLAY"/>
			<graphic mimeType="jpg" url="Einkaeign%207/25/THUMBNAIL" width="200px" height="253px"/>
			<graphic mimeType="jpg" url="Einkaeign%207/25/SECONDARY_DISPLAY" width="2032px" height="2568px"/>
			<graphic mimeType="pdf" url="Einkaeign%207/25/WEB_DISPLAY"/>
		</surface>
		<surface xml:id="Einkaeign-0007-0013r" n="26">
			<desc>0013r</desc>
			<graphic mimeType="pdf" url="Einkaeign%207/26/HIGH_QUALITY_DISPLAY"/>
			<graphic mimeType="jpg" url="Einkaeign%207/26/THUMBNAIL" width="200px" height="253px"/>
			<graphic mimeType="jpg" url="Einkaeign%207/26/SECONDARY_DISPLAY" width="2032px" height="2568px"/>
			<graphic mimeType="pdf" url="Einkaeign%207/26/WEB_DISPLAY"/>
		</surface>
		<surface xml:id="Einkaeign-0007-0013v" n="27">
			<desc>0013v</desc>
			<graphic mimeType="pdf" url="Einkaeign%207/27/HIGH_QUALITY_DISPLAY"/>
			<graphic mimeType="jpg" url="Einkaeign%207/27/THUMBNAIL" width="200px" height="253px"/>
			<graphic mimeType="jpg" url="Einkaeign%207/27/SECONDARY_DISPLAY" width="2032px" height="2568px"/>
			<graphic mimeType="pdf" url="Einkaeign%207/27/WEB_DISPLAY"/>
		</surface>
		<surface xml:id="Einkaeign-0007-0014r" n="28">
			<desc>0014r</desc>
			<graphic mimeType="pdf" url="Einkaeign%207/28/HIGH_QUALITY_DISPLAY"/>
			<graphic mimeType="jpg" url="Einkaeign%207/28/THUMBNAIL" width="200px" height="253px"/>
			<graphic mimeType="jpg" url="Einkaeign%207/28/SECONDARY_DISPLAY" width="2032px" height="2568px"/>
			<graphic mimeType="pdf" url="Einkaeign%207/28/WEB_DISPLAY"/>
		</surface>
		<surface xml:id="Einkaeign-0007-0014v" n="29">
			<desc>0014v</desc>
			<graphic mimeType="pdf" url="Einkaeign%207/29/HIGH_QUALITY_DISPLAY"/>
			<graphic mimeType="jpg" url="Einkaeign%207/29/THUMBNAIL" width="200px" height="253px"/>
			<graphic mimeType="jpg" url="Einkaeign%207/29/SECONDARY_DISPLAY" width="2032px" height="2568px"/>
			<graphic mimeType="pdf" url="Einkaeign%207/29/WEB_DISPLAY"/>
		</surface>
		<surface xml:id="Einkaeign-0007-0015r" n="30">
			<desc>0015r</desc>
			<graphic mimeType="pdf" url="Einkaeign%207/30/HIGH_QUALITY_DISPLAY"/>
			<graphic mimeType="jpg" url="Einkaeign%207/30/THUMBNAIL" width="200px" height="253px"/>
			<graphic mimeType="jpg" url="Einkaeign%207/30/SECONDARY_DISPLAY" width="2032px" height="2568px"/>
			<graphic mimeType="pdf" url="Einkaeign%207/30/WEB_DISPLAY"/>
		</surface>
		<surface xml:id="Einkaeign-0007-0015v" n="31">
			<desc>0015v</desc>
			<graphic mimeType="pdf" url="Einkaeign%207/31/HIGH_QUALITY_DISPLAY"/>
			<graphic mimeType="jpg" url="Einkaeign%207/31/THUMBNAIL" width="200px" height="253px"/>
			<graphic mimeType="jpg" url="Einkaeign%207/31/SECONDARY_DISPLAY" width="2032px" height="2568px"/>
			<graphic mimeType="pdf" url="Einkaeign%207/31/WEB_DISPLAY"/>
		</surface>
		<surface xml:id="Einkaeign-0007-0016r" n="32">
			<desc>0016r</desc>
			<graphic mimeType="pdf" url="Einkaeign%207/32/HIGH_QUALITY_DISPLAY"/>
			<graphic mimeType="jpg" url="Einkaeign%207/32/THUMBNAIL" width="200px" height="253px"/>
			<graphic mimeType="jpg" url="Einkaeign%207/32/SECONDARY_DISPLAY" width="2032px" height="2568px"/>
			<graphic mimeType="pdf" url="Einkaeign%207/32/WEB_DISPLAY"/>
		</surface>
		<surface xml:id="Einkaeign-0007-0016v" n="33">
			<desc>0016v</desc>
			<graphic mimeType="pdf" url="Einkaeign%207/33/HIGH_QUALITY_DISPLAY"/>
			<graphic mimeType="jpg" url="Einkaeign%207/33/THUMBNAIL" width="200px" height="253px"/>
			<graphic mimeType="jpg" url="Einkaeign%207/33/SECONDARY_DISPLAY" width="2032px" height="2568px"/>
			<graphic mimeType="pdf" url="Einkaeign%207/33/WEB_DISPLAY"/>
		</surface>
		<surface xml:id="Einkaeign-0007-0017r" n="34">
			<desc>0017r</desc>
			<graphic mimeType="pdf" url="Einkaeign%207/34/HIGH_QUALITY_DISPLAY"/>
			<graphic mimeType="jpg" url="Einkaeign%207/34/THUMBNAIL" width="200px" height="253px"/>
			<graphic mimeType="jpg" url="Einkaeign%207/34/SECONDARY_DISPLAY" width="2032px" height="2568px"/>
			<graphic mimeType="pdf" url="Einkaeign%207/34/WEB_DISPLAY"/>
		</surface>
		<surface xml:id="Einkaeign-0007-0017v" n="35">
			<desc>0017v</desc>
			<graphic mimeType="pdf" url="Einkaeign%207/35/HIGH_QUALITY_DISPLAY"/>
			<graphic mimeType="jpg" url="Einkaeign%207/35/THUMBNAIL" width="200px" height="253px"/>
			<graphic mimeType="jpg" url="Einkaeign%207/35/SECONDARY_DISPLAY" width="2032px" height="2568px"/>
			<graphic mimeType="pdf" url="Einkaeign%207/35/WEB_DISPLAY"/>
		</surface>
		<surface xml:id="Einkaeign-0007-0018r" n="36">
			<desc>0018r</desc>
			<graphic mimeType="pdf" url="Einkaeign%207/36/HIGH_QUALITY_DISPLAY"/>
			<graphic mimeType="jpg" url="Einkaeign%207/36/THUMBNAIL" width="200px" height="253px"/>
			<graphic mimeType="jpg" url="Einkaeign%207/36/SECONDARY_DISPLAY" width="2032px" height="2568px"/>
			<graphic mimeType="pdf" url="Einkaeign%207/36/WEB_DISPLAY"/>
		</surface>
		<surface xml:id="Einkaeign-0007-0018v" n="37">
			<desc>0018v</desc>
			<graphic mimeType="pdf" url="Einkaeign%207/37/HIGH_QUALITY_DISPLAY"/>
			<graphic mimeType="jpg" url="Einkaeign%207/37/THUMBNAIL" width="200px" height="253px"/>
			<graphic mimeType="jpg" url="Einkaeign%207/37/SECONDARY_DISPLAY" width="2032px" height="2568px"/>
			<graphic mimeType="pdf" url="Einkaeign%207/37/WEB_DISPLAY"/>
		</surface>
		<surface xml:id="Einkaeign-0007-0019r" n="38">
			<desc>0019r</desc>
			<graphic mimeType="pdf" url="Einkaeign%207/38/HIGH_QUALITY_DISPLAY"/>
			<graphic mimeType="jpg" url="Einkaeign%207/38/THUMBNAIL" width="200px" height="253px"/>
			<graphic mimeType="jpg" url="Einkaeign%207/38/SECONDARY_DISPLAY" width="2032px" height="2568px"/>
			<graphic mimeType="pdf" url="Einkaeign%207/38/WEB_DISPLAY"/>
		</surface>
		<surface xml:id="Einkaeign-0007-0019v" n="39">
			<desc>0019v</desc>
			<graphic mimeType="pdf" url="Einkaeign%207/39/HIGH_QUALITY_DISPLAY"/>
			<graphic mimeType="jpg" url="Einkaeign%207/39/THUMBNAIL" width="200px" height="253px"/>
			<graphic mimeType="jpg" url="Einkaeign%207/39/SECONDARY_DISPLAY" width="2032px" height="2568px"/>
			<graphic mimeType="pdf" url="Einkaeign%207/39/WEB_DISPLAY"/>
		</surface>
		<surface xml:id="Einkaeign-0007-0020r" n="40">
			<desc>0020r</desc>
			<graphic mimeType="pdf" url="Einkaeign%207/40/HIGH_QUALITY_DISPLAY"/>
			<graphic mimeType="jpg" url="Einkaeign%207/40/THUMBNAIL" width="200px" height="253px"/>
			<graphic mimeType="jpg" url="Einkaeign%207/40/SECONDARY_DISPLAY" width="2032px" height="2568px"/>
			<graphic mimeType="pdf" url="Einkaeign%207/40/WEB_DISPLAY"/>
		</surface>
		<surface xml:id="Einkaeign-0007-0020v" n="41">
			<desc>0020v</desc>
			<graphic mimeType="pdf" url="Einkaeign%207/41/HIGH_QUALITY_DISPLAY"/>
			<graphic mimeType="jpg" url="Einkaeign%207/41/THUMBNAIL" width="200px" height="253px"/>
			<graphic mimeType="jpg" url="Einkaeign%207/41/SECONDARY_DISPLAY" width="2032px" height="2568px"/>
			<graphic mimeType="pdf" url="Einkaeign%207/41/WEB_DISPLAY"/>
		</surface>
		<surface xml:id="Einkaeign-0007-0021r" n="42">
			<desc>0021r</desc>
			<graphic mimeType="pdf" url="Einkaeign%207/42/HIGH_QUALITY_DISPLAY"/>
			<graphic mimeType="jpg" url="Einkaeign%207/42/THUMBNAIL" width="200px" height="253px"/>
			<graphic mimeType="jpg" url="Einkaeign%207/42/SECONDARY_DISPLAY" width="2032px" height="2568px"/>
			<graphic mimeType="pdf" url="Einkaeign%207/42/WEB_DISPLAY"/>
		</surface>
		<surface xml:id="Einkaeign-0007-0021v" n="43">
			<desc>0021v</desc>
			<graphic mimeType="pdf" url="Einkaeign%207/43/HIGH_QUALITY_DISPLAY"/>
			<graphic mimeType="jpg" url="Einkaeign%207/43/THUMBNAIL" width="200px" height="253px"/>
			<graphic mimeType="jpg" url="Einkaeign%207/43/SECONDARY_DISPLAY" width="2032px" height="2568px"/>
			<graphic mimeType="pdf" url="Einkaeign%207/43/WEB_DISPLAY"/>
		</surface>
		<surface xml:id="Einkaeign-0007-0022r" n="44">
			<desc>0022r</desc>
			<graphic mimeType="pdf" url="Einkaeign%207/44/HIGH_QUALITY_DISPLAY"/>
			<graphic mimeType="jpg" url="Einkaeign%207/44/THUMBNAIL" width="200px" height="253px"/>
			<graphic mimeType="jpg" url="Einkaeign%207/44/SECONDARY_DISPLAY" width="2032px" height="2568px"/>
			<graphic mimeType="pdf" url="Einkaeign%207/44/WEB_DISPLAY"/>
		</surface>
		<surface xml:id="Einkaeign-0007-0022v" n="45">
			<desc>0022v</desc>
			<graphic mimeType="pdf" url="Einkaeign%207/45/HIGH_QUALITY_DISPLAY"/>
			<graphic mimeType="jpg" url="Einkaeign%207/45/THUMBNAIL" width="200px" height="253px"/>
			<graphic mimeType="jpg" url="Einkaeign%207/45/SECONDARY_DISPLAY" width="2032px" height="2568px"/>
			<graphic mimeType="pdf" url="Einkaeign%207/45/WEB_DISPLAY"/>
		</surface>
		<surface xml:id="Einkaeign-0007-0023r" n="46">
			<desc>0023r</desc>
			<graphic mimeType="pdf" url="Einkaeign%207/46/HIGH_QUALITY_DISPLAY"/>
			<graphic mimeType="jpg" url="Einkaeign%207/46/THUMBNAIL" width="200px" height="253px"/>
			<graphic mimeType="jpg" url="Einkaeign%207/46/SECONDARY_DISPLAY" width="2032px" height="2568px"/>
			<graphic mimeType="pdf" url="Einkaeign%207/46/WEB_DISPLAY"/>
		</surface>
		<surface xml:id="Einkaeign-0007-0023v" n="47">
			<desc>0023v</desc>
			<graphic mimeType="pdf" url="Einkaeign%207/47/HIGH_QUALITY_DISPLAY"/>
			<graphic mimeType="jpg" url="Einkaeign%207/47/THUMBNAIL" width="200px" height="253px"/>
			<graphic mimeType="jpg" url="Einkaeign%207/47/SECONDARY_DISPLAY" width="2032px" height="2568px"/>
			<graphic mimeType="pdf" url="Einkaeign%207/47/WEB_DISPLAY"/>
		</surface>
		<surface xml:id="Einkaeign-0007-0024r" n="48">
			<desc>0024r</desc>
			<graphic mimeType="pdf" url="Einkaeign%207/48/HIGH_QUALITY_DISPLAY"/>
			<graphic mimeType="jpg" url="Einkaeign%207/48/THUMBNAIL" width="200px" height="253px"/>
			<graphic mimeType="jpg" url="Einkaeign%207/48/SECONDARY_DISPLAY" width="2032px" height="2568px"/>
			<graphic mimeType="pdf" url="Einkaeign%207/48/WEB_DISPLAY"/>
		</surface>
		<surface xml:id="Einkaeign-0007-0024v" n="49">
			<desc>0024v</desc>
			<graphic mimeType="pdf" url="Einkaeign%207/49/HIGH_QUALITY_DISPLAY"/>
			<graphic mimeType="jpg" url="Einkaeign%207/49/THUMBNAIL" width="200px" height="253px"/>
			<graphic mimeType="jpg" url="Einkaeign%207/49/SECONDARY_DISPLAY" width="2032px" height="2568px"/>
			<graphic mimeType="pdf" url="Einkaeign%207/49/WEB_DISPLAY"/>
		</surface>
		<surface xml:id="Einkaeign-0007-0025r" n="50">
			<desc>0025r</desc>
			<graphic mimeType="pdf" url="Einkaeign%207/50/HIGH_QUALITY_DISPLAY"/>
			<graphic mimeType="jpg" url="Einkaeign%207/50/THUMBNAIL" width="200px" height="253px"/>
			<graphic mimeType="jpg" url="Einkaeign%207/50/SECONDARY_DISPLAY" width="2032px" height="2568px"/>
			<graphic mimeType="pdf" url="Einkaeign%207/50/WEB_DISPLAY"/>
		</surface>
		<surface xml:id="Einkaeign-0007-0025v" n="51">
			<desc>0025v</desc>
			<graphic mimeType="pdf" url="Einkaeign%207/51/HIGH_QUALITY_DISPLAY"/>
			<graphic mimeType="jpg" url="Einkaeign%207/51/THUMBNAIL" width="200px" height="253px"/>
			<graphic mimeType="jpg" url="Einkaeign%207/51/SECONDARY_DISPLAY" width="2032px" height="2568px"/>
			<graphic mimeType="pdf" url="Einkaeign%207/51/WEB_DISPLAY"/>
		</surface>
		<surface xml:id="Einkaeign-0007-0026r" n="52">
			<desc>0026r</desc>
			<graphic mimeType="pdf" url="Einkaeign%207/52/HIGH_QUALITY_DISPLAY"/>
			<graphic mimeType="jpg" url="Einkaeign%207/52/THUMBNAIL" width="200px" height="253px"/>
			<graphic mimeType="jpg" url="Einkaeign%207/52/SECONDARY_DISPLAY" width="2032px" height="2568px"/>
			<graphic mimeType="pdf" url="Einkaeign%207/52/WEB_DISPLAY"/>
		</surface>
		<surface xml:id="Einkaeign-0007-0026v" n="53">
			<desc>0026v</desc>
			<graphic mimeType="pdf" url="Einkaeign%207/53/HIGH_QUALITY_DISPLAY"/>
			<graphic mimeType="jpg" url="Einkaeign%207/53/THUMBNAIL" width="200px" height="253px"/>
			<graphic mimeType="jpg" url="Einkaeign%207/53/SECONDARY_DISPLAY" width="2032px" height="2568px"/>
			<graphic mimeType="pdf" url="Einkaeign%207/53/WEB_DISPLAY"/>
		</surface>
		<surface xml:id="Einkaeign-0007-0027r" n="54">
			<desc>0027r</desc>
			<graphic mimeType="pdf" url="Einkaeign%207/54/HIGH_QUALITY_DISPLAY"/>
			<graphic mimeType="jpg" url="Einkaeign%207/54/THUMBNAIL" width="200px" height="253px"/>
			<graphic mimeType="jpg" url="Einkaeign%207/54/SECONDARY_DISPLAY" width="2032px" height="2568px"/>
			<graphic mimeType="pdf" url="Einkaeign%207/54/WEB_DISPLAY"/>
		</surface>
		<surface xml:id="Einkaeign-0007-0027v" n="55">
			<desc>0027v</desc>
			<graphic mimeType="pdf" url="Einkaeign%207/55/HIGH_QUALITY_DISPLAY"/>
			<graphic mimeType="jpg" url="Einkaeign%207/55/THUMBNAIL" width="200px" height="253px"/>
			<graphic mimeType="jpg" url="Einkaeign%207/55/SECONDARY_DISPLAY" width="2032px" height="2568px"/>
			<graphic mimeType="pdf" url="Einkaeign%207/55/WEB_DISPLAY"/>
		</surface>
		<surface xml:id="Einkaeign-0007-0028r" n="56">
			<desc>0028r</desc>
			<graphic mimeType="pdf" url="Einkaeign%207/56/HIGH_QUALITY_DISPLAY"/>
			<graphic mimeType="jpg" url="Einkaeign%207/56/THUMBNAIL" width="200px" height="253px"/>
			<graphic mimeType="jpg" url="Einkaeign%207/56/SECONDARY_DISPLAY" width="2032px" height="2568px"/>
			<graphic mimeType="pdf" url="Einkaeign%207/56/WEB_DISPLAY"/>
		</surface>
		<surface xml:id="Einkaeign-0007-0028v" n="57">
			<desc>0028v</desc>
			<graphic mimeType="pdf" url="Einkaeign%207/57/HIGH_QUALITY_DISPLAY"/>
			<graphic mimeType="jpg" url="Einkaeign%207/57/THUMBNAIL" width="200px" height="253px"/>
			<graphic mimeType="jpg" url="Einkaeign%207/57/SECONDARY_DISPLAY" width="2032px" height="2568px"/>
			<graphic mimeType="pdf" url="Einkaeign%207/57/WEB_DISPLAY"/>
		</surface>
		<surface xml:id="Einkaeign-0007-0029r" n="58">
			<desc>0029r</desc>
			<graphic mimeType="pdf" url="Einkaeign%207/58/HIGH_QUALITY_DISPLAY"/>
			<graphic mimeType="jpg" url="Einkaeign%207/58/THUMBNAIL" width="200px" height="253px"/>
			<graphic mimeType="jpg" url="Einkaeign%207/58/SECONDARY_DISPLAY" width="2032px" height="2568px"/>
			<graphic mimeType="pdf" url="Einkaeign%207/58/WEB_DISPLAY"/>
		</surface>
		<surface xml:id="Einkaeign-0007-0029v" n="59">
			<desc>0029v</desc>
			<graphic mimeType="pdf" url="Einkaeign%207/59/HIGH_QUALITY_DISPLAY"/>
			<graphic mimeType="jpg" url="Einkaeign%207/59/THUMBNAIL" width="200px" height="253px"/>
			<graphic mimeType="jpg" url="Einkaeign%207/59/SECONDARY_DISPLAY" width="2032px" height="2568px"/>
			<graphic mimeType="pdf" url="Einkaeign%207/59/WEB_DISPLAY"/>
		</surface>
		<surface xml:id="Einkaeign-0007-0030r" n="60">
			<desc>0030r</desc>
			<graphic mimeType="pdf" url="Einkaeign%207/60/HIGH_QUALITY_DISPLAY"/>
			<graphic mimeType="jpg" url="Einkaeign%207/60/THUMBNAIL" width="200px" height="253px"/>
			<graphic mimeType="jpg" url="Einkaeign%207/60/SECONDARY_DISPLAY" width="2032px" height="2568px"/>
			<graphic mimeType="pdf" url="Einkaeign%207/60/WEB_DISPLAY"/>
		</surface>
		<surface xml:id="Einkaeign-0007-0030v" n="61">
			<desc>0030v</desc>
			<graphic mimeType="pdf" url="Einkaeign%207/61/HIGH_QUALITY_DISPLAY"/>
			<graphic mimeType="jpg" url="Einkaeign%207/61/THUMBNAIL" width="200px" height="253px"/>
			<graphic mimeType="jpg" url="Einkaeign%207/61/SECONDARY_DISPLAY" width="2032px" height="2568px"/>
			<graphic mimeType="pdf" url="Einkaeign%207/61/WEB_DISPLAY"/>
		</surface>
		<surface xml:id="Einkaeign-0007-0031r" n="62">
			<desc>0031r</desc>
			<graphic mimeType="pdf" url="Einkaeign%207/62/HIGH_QUALITY_DISPLAY"/>
			<graphic mimeType="jpg" url="Einkaeign%207/62/THUMBNAIL" width="200px" height="253px"/>
			<graphic mimeType="jpg" url="Einkaeign%207/62/SECONDARY_DISPLAY" width="2032px" height="2568px"/>
			<graphic mimeType="pdf" url="Einkaeign%207/62/WEB_DISPLAY"/>
		</surface>
		<surface xml:id="Einkaeign-0007-0031v" n="63">
			<desc>0031v</desc>
			<graphic mimeType="pdf" url="Einkaeign%207/63/HIGH_QUALITY_DISPLAY"/>
			<graphic mimeType="jpg" url="Einkaeign%207/63/THUMBNAIL" width="200px" height="253px"/>
			<graphic mimeType="jpg" url="Einkaeign%207/63/SECONDARY_DISPLAY" width="2032px" height="2568px"/>
			<graphic mimeType="pdf" url="Einkaeign%207/63/WEB_DISPLAY"/>
		</surface>
		<surface xml:id="Einkaeign-0007-0032r" n="64">
			<desc>0032r</desc>
			<graphic mimeType="pdf" url="Einkaeign%207/64/HIGH_QUALITY_DISPLAY"/>
			<graphic mimeType="jpg" url="Einkaeign%207/64/THUMBNAIL" width="200px" height="253px"/>
			<graphic mimeType="jpg" url="Einkaeign%207/64/SECONDARY_DISPLAY" width="2032px" height="2568px"/>
			<graphic mimeType="pdf" url="Einkaeign%207/64/WEB_DISPLAY"/>
		</surface>
		<surface xml:id="Einkaeign-0007-0032v" n="65">
			<desc>0032v</desc>
			<graphic mimeType="pdf" url="Einkaeign%207/65/HIGH_QUALITY_DISPLAY"/>
			<graphic mimeType="jpg" url="Einkaeign%207/65/THUMBNAIL" width="200px" height="253px"/>
			<graphic mimeType="jpg" url="Einkaeign%207/65/SECONDARY_DISPLAY" width="2032px" height="2568px"/>
			<graphic mimeType="pdf" url="Einkaeign%207/65/WEB_DISPLAY"/>
		</surface>
		<surface xml:id="Einkaeign-0007-0033r" n="66">
			<desc>0033r</desc>
			<graphic mimeType="pdf" url="Einkaeign%207/66/HIGH_QUALITY_DISPLAY"/>
			<graphic mimeType="jpg" url="Einkaeign%207/66/THUMBNAIL" width="200px" height="253px"/>
			<graphic mimeType="jpg" url="Einkaeign%207/66/SECONDARY_DISPLAY" width="2032px" height="2568px"/>
			<graphic mimeType="pdf" url="Einkaeign%207/66/WEB_DISPLAY"/>
		</surface>
		<surface xml:id="Einkaeign-0007-0033v" n="67">
			<desc>0033v</desc>
			<graphic mimeType="pdf" url="Einkaeign%207/67/HIGH_QUALITY_DISPLAY"/>
			<graphic mimeType="jpg" url="Einkaeign%207/67/THUMBNAIL" width="200px" height="253px"/>
			<graphic mimeType="jpg" url="Einkaeign%207/67/SECONDARY_DISPLAY" width="2032px" height="2568px"/>
			<graphic mimeType="pdf" url="Einkaeign%207/67/WEB_DISPLAY"/>
		</surface>
		<surface xml:id="Einkaeign-0007-0034r" n="68">
			<desc>0034r</desc>
			<graphic mimeType="pdf" url="Einkaeign%207/68/HIGH_QUALITY_DISPLAY"/>
			<graphic mimeType="jpg" url="Einkaeign%207/68/THUMBNAIL" width="200px" height="253px"/>
			<graphic mimeType="jpg" url="Einkaeign%207/68/SECONDARY_DISPLAY" width="2032px" height="2568px"/>
			<graphic mimeType="pdf" url="Einkaeign%207/68/WEB_DISPLAY"/>
		</surface>
		<surface xml:id="Einkaeign-0007-0034v" n="69">
			<desc>0034v</desc>
			<graphic mimeType="pdf" url="Einkaeign%207/69/HIGH_QUALITY_DISPLAY"/>
			<graphic mimeType="jpg" url="Einkaeign%207/69/THUMBNAIL" width="200px" height="253px"/>
			<graphic mimeType="jpg" url="Einkaeign%207/69/SECONDARY_DISPLAY" width="2032px" height="2568px"/>
			<graphic mimeType="pdf" url="Einkaeign%207/69/WEB_DISPLAY"/>
		</surface>
		<surface xml:id="Einkaeign-0007-0035r" n="70">
			<desc>0035r</desc>
			<graphic mimeType="pdf" url="Einkaeign%207/70/HIGH_QUALITY_DISPLAY"/>
			<graphic mimeType="jpg" url="Einkaeign%207/70/THUMBNAIL" width="200px" height="253px"/>
			<graphic mimeType="jpg" url="Einkaeign%207/70/SECONDARY_DISPLAY" width="2032px" height="2568px"/>
			<graphic mimeType="pdf" url="Einkaeign%207/70/WEB_DISPLAY"/>
		</surface>
		<surface xml:id="Einkaeign-0007-0035v" n="71">
			<desc>0035v</desc>
			<graphic mimeType="pdf" url="Einkaeign%207/71/HIGH_QUALITY_DISPLAY"/>
			<graphic mimeType="jpg" url="Einkaeign%207/71/THUMBNAIL" width="200px" height="253px"/>
			<graphic mimeType="jpg" url="Einkaeign%207/71/SECONDARY_DISPLAY" width="2032px" height="2568px"/>
			<graphic mimeType="pdf" url="Einkaeign%207/71/WEB_DISPLAY"/>
		</surface>
		<surface xml:id="Einkaeign-0007-0036r" n="72">
			<desc>0036r</desc>
			<graphic mimeType="pdf" url="Einkaeign%207/72/HIGH_QUALITY_DISPLAY"/>
			<graphic mimeType="jpg" url="Einkaeign%207/72/THUMBNAIL" width="200px" height="253px"/>
			<graphic mimeType="jpg" url="Einkaeign%207/72/SECONDARY_DISPLAY" width="2032px" height="2568px"/>
			<graphic mimeType="pdf" url="Einkaeign%207/72/WEB_DISPLAY"/>
		</surface>
		<surface xml:id="Einkaeign-0007-0036v" n="73">
			<desc>0036v</desc>
			<graphic mimeType="pdf" url="Einkaeign%207/73/HIGH_QUALITY_DISPLAY"/>
			<graphic mimeType="jpg" url="Einkaeign%207/73/THUMBNAIL" width="200px" height="253px"/>
			<graphic mimeType="jpg" url="Einkaeign%207/73/SECONDARY_DISPLAY" width="2032px" height="2568px"/>
			<graphic mimeType="pdf" url="Einkaeign%207/73/WEB_DISPLAY"/>
		</surface>
		<surface xml:id="Einkaeign-0007-0037r" n="74">
			<desc>0037r</desc>
			<graphic mimeType="pdf" url="Einkaeign%207/74/HIGH_QUALITY_DISPLAY"/>
			<graphic mimeType="jpg" url="Einkaeign%207/74/THUMBNAIL" width="200px" height="253px"/>
			<graphic mimeType="jpg" url="Einkaeign%207/74/SECONDARY_DISPLAY" width="2032px" height="2568px"/>
			<graphic mimeType="pdf" url="Einkaeign%207/74/WEB_DISPLAY"/>
		</surface>
		<surface xml:id="Einkaeign-0007-0037v" n="75">
			<desc>0037v</desc>
			<graphic mimeType="pdf" url="Einkaeign%207/75/HIGH_QUALITY_DISPLAY"/>
			<graphic mimeType="jpg" url="Einkaeign%207/75/THUMBNAIL" width="200px" height="253px"/>
			<graphic mimeType="jpg" url="Einkaeign%207/75/SECONDARY_DISPLAY" width="2032px" height="2568px"/>
			<graphic mimeType="pdf" url="Einkaeign%207/75/WEB_DISPLAY"/>
		</surface>
		<surface xml:id="Einkaeign-0007-0038r" n="76">
			<desc>0038r</desc>
			<graphic mimeType="pdf" url="Einkaeign%207/76/HIGH_QUALITY_DISPLAY"/>
			<graphic mimeType="jpg" url="Einkaeign%207/76/THUMBNAIL" width="200px" height="253px"/>
			<graphic mimeType="jpg" url="Einkaeign%207/76/SECONDARY_DISPLAY" width="2032px" height="2568px"/>
			<graphic mimeType="pdf" url="Einkaeign%207/76/WEB_DISPLAY"/>
		</surface>
		<surface xml:id="Einkaeign-0007-0038v" n="77">
			<desc>0038v</desc>
			<graphic mimeType="pdf" url="Einkaeign%207/77/HIGH_QUALITY_DISPLAY"/>
			<graphic mimeType="jpg" url="Einkaeign%207/77/THUMBNAIL" width="200px" height="253px"/>
			<graphic mimeType="jpg" url="Einkaeign%207/77/SECONDARY_DISPLAY" width="2032px" height="2568px"/>
			<graphic mimeType="pdf" url="Einkaeign%207/77/WEB_DISPLAY"/>
		</surface>
		<surface xml:id="Einkaeign-0007-0039r" n="78">
			<desc>0039r</desc>
			<graphic mimeType="pdf" url="Einkaeign%207/78/HIGH_QUALITY_DISPLAY"/>
			<graphic mimeType="jpg" url="Einkaeign%207/78/THUMBNAIL" width="200px" height="253px"/>
			<graphic mimeType="jpg" url="Einkaeign%207/78/SECONDARY_DISPLAY" width="2032px" height="2568px"/>
			<graphic mimeType="pdf" url="Einkaeign%207/78/WEB_DISPLAY"/>
		</surface>
		<surface xml:id="Einkaeign-0007-0039v" n="79">
			<desc>0039v</desc>
			<graphic mimeType="pdf" url="Einkaeign%207/79/HIGH_QUALITY_DISPLAY"/>
			<graphic mimeType="jpg" url="Einkaeign%207/79/THUMBNAIL" width="200px" height="253px"/>
			<graphic mimeType="jpg" url="Einkaeign%207/79/SECONDARY_DISPLAY" width="2032px" height="2568px"/>
			<graphic mimeType="pdf" url="Einkaeign%207/79/WEB_DISPLAY"/>
		</surface>
		<surface xml:id="Einkaeign-0007-0040r" n="80">
			<desc>0040r</desc>
			<graphic mimeType="pdf" url="Einkaeign%207/80/HIGH_QUALITY_DISPLAY"/>
			<graphic mimeType="jpg" url="Einkaeign%207/80/THUMBNAIL" width="200px" height="253px"/>
			<graphic mimeType="jpg" url="Einkaeign%207/80/SECONDARY_DISPLAY" width="2032px" height="2568px"/>
			<graphic mimeType="pdf" url="Einkaeign%207/80/WEB_DISPLAY"/>
		</surface>
		<surface xml:id="Einkaeign-0007-0040v" n="81">
			<desc>0040v</desc>
			<graphic mimeType="pdf" url="Einkaeign%207/81/HIGH_QUALITY_DISPLAY"/>
			<graphic mimeType="jpg" url="Einkaeign%207/81/THUMBNAIL" width="200px" height="253px"/>
			<graphic mimeType="jpg" url="Einkaeign%207/81/SECONDARY_DISPLAY" width="2032px" height="2568px"/>
			<graphic mimeType="pdf" url="Einkaeign%207/81/WEB_DISPLAY"/>
		</surface>
		<surface xml:id="Einkaeign-0007-0041r" n="82">
			<desc>0041r</desc>
			<graphic mimeType="pdf" url="Einkaeign%207/82/HIGH_QUALITY_DISPLAY"/>
			<graphic mimeType="jpg" url="Einkaeign%207/82/THUMBNAIL" width="200px" height="253px"/>
			<graphic mimeType="jpg" url="Einkaeign%207/82/SECONDARY_DISPLAY" width="2032px" height="2568px"/>
			<graphic mimeType="pdf" url="Einkaeign%207/82/WEB_DISPLAY"/>
		</surface>
		<surface xml:id="Einkaeign-0007-0041v" n="83">
			<desc>0041v</desc>
			<graphic mimeType="pdf" url="Einkaeign%207/83/HIGH_QUALITY_DISPLAY"/>
			<graphic mimeType="jpg" url="Einkaeign%207/83/THUMBNAIL" width="200px" height="253px"/>
			<graphic mimeType="jpg" url="Einkaeign%207/83/SECONDARY_DISPLAY" width="2032px" height="2568px"/>
			<graphic mimeType="pdf" url="Einkaeign%207/83/WEB_DISPLAY"/>
		</surface>
		<surface xml:id="Einkaeign-0007-0042r" n="84">
			<desc>0042r</desc>
			<graphic mimeType="pdf" url="Einkaeign%207/84/HIGH_QUALITY_DISPLAY"/>
			<graphic mimeType="jpg" url="Einkaeign%207/84/THUMBNAIL" width="200px" height="253px"/>
			<graphic mimeType="jpg" url="Einkaeign%207/84/SECONDARY_DISPLAY" width="2032px" height="2568px"/>
			<graphic mimeType="pdf" url="Einkaeign%207/84/WEB_DISPLAY"/>
		</surface>
		<surface xml:id="Einkaeign-0007-0042v" n="85">
			<desc>0042v</desc>
			<graphic mimeType="pdf" url="Einkaeign%207/85/HIGH_QUALITY_DISPLAY"/>
			<graphic mimeType="jpg" url="Einkaeign%207/85/THUMBNAIL" width="200px" height="253px"/>
			<graphic mimeType="jpg" url="Einkaeign%207/85/SECONDARY_DISPLAY" width="2032px" height="2568px"/>
			<graphic mimeType="pdf" url="Einkaeign%207/85/WEB_DISPLAY"/>
		</surface>
		<surface xml:id="Einkaeign-0007-0043r" n="86">
			<desc>0043r</desc>
			<graphic mimeType="pdf" url="Einkaeign%207/86/HIGH_QUALITY_DISPLAY"/>
			<graphic mimeType="jpg" url="Einkaeign%207/86/THUMBNAIL" width="200px" height="253px"/>
			<graphic mimeType="jpg" url="Einkaeign%207/86/SECONDARY_DISPLAY" width="2032px" height="2568px"/>
			<graphic mimeType="pdf" url="Einkaeign%207/86/WEB_DISPLAY"/>
		</surface>
		<surface xml:id="Einkaeign-0007-0043v" n="87">
			<desc>0043v</desc>
			<graphic mimeType="pdf" url="Einkaeign%207/87/HIGH_QUALITY_DISPLAY"/>
			<graphic mimeType="jpg" url="Einkaeign%207/87/THUMBNAIL" width="200px" height="253px"/>
			<graphic mimeType="jpg" url="Einkaeign%207/87/SECONDARY_DISPLAY" width="2032px" height="2568px"/>
			<graphic mimeType="pdf" url="Einkaeign%207/87/WEB_DISPLAY"/>
		</surface>
		<surface xml:id="Einkaeign-0007-0044r" n="88">
			<desc>0044r</desc>
			<graphic mimeType="pdf" url="Einkaeign%207/88/HIGH_QUALITY_DISPLAY"/>
			<graphic mimeType="jpg" url="Einkaeign%207/88/THUMBNAIL" width="200px" height="253px"/>
			<graphic mimeType="jpg" url="Einkaeign%207/88/SECONDARY_DISPLAY" width="2032px" height="2568px"/>
			<graphic mimeType="pdf" url="Einkaeign%207/88/WEB_DISPLAY"/>
		</surface>
		<surface xml:id="Einkaeign-0007-0044v" n="89">
			<desc>0044v</desc>
			<graphic mimeType="pdf" url="Einkaeign%207/89/HIGH_QUALITY_DISPLAY"/>
			<graphic mimeType="jpg" url="Einkaeign%207/89/THUMBNAIL" width="200px" height="253px"/>
			<graphic mimeType="jpg" url="Einkaeign%207/89/SECONDARY_DISPLAY" width="2032px" height="2568px"/>
			<graphic mimeType="pdf" url="Einkaeign%207/89/WEB_DISPLAY"/>
		</surface>
		<surface xml:id="Einkaeign-0007-0045r" n="90">
			<desc>0045r</desc>
			<graphic mimeType="pdf" url="Einkaeign%207/90/HIGH_QUALITY_DISPLAY"/>
			<graphic mimeType="jpg" url="Einkaeign%207/90/THUMBNAIL" width="200px" height="253px"/>
			<graphic mimeType="jpg" url="Einkaeign%207/90/SECONDARY_DISPLAY" width="2032px" height="2568px"/>
			<graphic mimeType="pdf" url="Einkaeign%207/90/WEB_DISPLAY"/>
		</surface>
		<surface xml:id="Einkaeign-0007-0045v" n="91">
			<desc>0045v</desc>
			<graphic mimeType="pdf" url="Einkaeign%207/91/HIGH_QUALITY_DISPLAY"/>
			<graphic mimeType="jpg" url="Einkaeign%207/91/THUMBNAIL" width="200px" height="253px"/>
			<graphic mimeType="jpg" url="Einkaeign%207/91/SECONDARY_DISPLAY" width="2032px" height="2568px"/>
			<graphic mimeType="pdf" url="Einkaeign%207/91/WEB_DISPLAY"/>
		</surface>
		<surface xml:id="Einkaeign-0007-0046r" n="92">
			<desc>0046r</desc>
			<graphic mimeType="pdf" url="Einkaeign%207/92/HIGH_QUALITY_DISPLAY"/>
			<graphic mimeType="jpg" url="Einkaeign%207/92/THUMBNAIL" width="200px" height="253px"/>
			<graphic mimeType="jpg" url="Einkaeign%207/92/SECONDARY_DISPLAY" width="2032px" height="2568px"/>
			<graphic mimeType="pdf" url="Einkaeign%207/92/WEB_DISPLAY"/>
		</surface>
		<surface xml:id="Einkaeign-0007-0046v" n="93">
			<desc>0046v</desc>
			<graphic mimeType="pdf" url="Einkaeign%207/93/HIGH_QUALITY_DISPLAY"/>
			<graphic mimeType="jpg" url="Einkaeign%207/93/THUMBNAIL" width="200px" height="253px"/>
			<graphic mimeType="jpg" url="Einkaeign%207/93/SECONDARY_DISPLAY" width="2032px" height="2568px"/>
			<graphic mimeType="pdf" url="Einkaeign%207/93/WEB_DISPLAY"/>
		</surface>
		<surface xml:id="Einkaeign-0007-0047r" n="94">
			<desc>0047r</desc>
			<graphic mimeType="pdf" url="Einkaeign%207/94/HIGH_QUALITY_DISPLAY"/>
			<graphic mimeType="jpg" url="Einkaeign%207/94/THUMBNAIL" width="200px" height="253px"/>
			<graphic mimeType="jpg" url="Einkaeign%207/94/SECONDARY_DISPLAY" width="2032px" height="2568px"/>
			<graphic mimeType="pdf" url="Einkaeign%207/94/WEB_DISPLAY"/>
		</surface>
		<surface xml:id="Einkaeign-0007-0047v" n="95">
			<desc>0047v</desc>
			<graphic mimeType="pdf" url="Einkaeign%207/95/HIGH_QUALITY_DISPLAY"/>
			<graphic mimeType="jpg" url="Einkaeign%207/95/THUMBNAIL" width="200px" height="253px"/>
			<graphic mimeType="jpg" url="Einkaeign%207/95/SECONDARY_DISPLAY" width="2032px" height="2568px"/>
			<graphic mimeType="pdf" url="Einkaeign%207/95/WEB_DISPLAY"/>
		</surface>
		<surface xml:id="Einkaeign-0007-0048r" n="96">
			<desc>0048r</desc>
			<graphic mimeType="pdf" url="Einkaeign%207/96/HIGH_QUALITY_DISPLAY"/>
			<graphic mimeType="jpg" url="Einkaeign%207/96/THUMBNAIL" width="200px" height="253px"/>
			<graphic mimeType="jpg" url="Einkaeign%207/96/SECONDARY_DISPLAY" width="2032px" height="2568px"/>
			<graphic mimeType="pdf" url="Einkaeign%207/96/WEB_DISPLAY"/>
		</surface>
		<surface xml:id="Einkaeign-0007-0048v" n="97">
			<desc>0048v</desc>
			<graphic mimeType="pdf" url="Einkaeign%207/97/HIGH_QUALITY_DISPLAY"/>
			<graphic mimeType="jpg" url="Einkaeign%207/97/THUMBNAIL" width="200px" height="253px"/>
			<graphic mimeType="jpg" url="Einkaeign%207/97/SECONDARY_DISPLAY" width="2032px" height="2568px"/>
			<graphic mimeType="pdf" url="Einkaeign%207/97/WEB_DISPLAY"/>
		</surface>
		<surface xml:id="Einkaeign-0007-0049r" n="98">
			<desc>0049r</desc>
			<graphic mimeType="pdf" url="Einkaeign%207/98/HIGH_QUALITY_DISPLAY"/>
			<graphic mimeType="jpg" url="Einkaeign%207/98/THUMBNAIL" width="200px" height="253px"/>
			<graphic mimeType="jpg" url="Einkaeign%207/98/SECONDARY_DISPLAY" width="2032px" height="2568px"/>
			<graphic mimeType="pdf" url="Einkaeign%207/98/WEB_DISPLAY"/>
		</surface>
		<surface xml:id="Einkaeign-0007-0049v" n="99">
			<desc>0049v</desc>
			<graphic mimeType="pdf" url="Einkaeign%207/99/HIGH_QUALITY_DISPLAY"/>
			<graphic mimeType="jpg" url="Einkaeign%207/99/THUMBNAIL" width="200px" height="253px"/>
			<graphic mimeType="jpg" url="Einkaeign%207/99/SECONDARY_DISPLAY" width="2032px" height="2568px"/>
			<graphic mimeType="pdf" url="Einkaeign%207/99/WEB_DISPLAY"/>
		</surface>
		<surface xml:id="Einkaeign-0007-0050r" n="100">
			<desc>0050r</desc>
			<graphic mimeType="pdf" url="Einkaeign%207/100/HIGH_QUALITY_DISPLAY"/>
			<graphic mimeType="jpg" url="Einkaeign%207/100/THUMBNAIL" width="200px" height="253px"/>
			<graphic mimeType="jpg" url="Einkaeign%207/100/SECONDARY_DISPLAY" width="2032px" height="2568px"/>
			<graphic mimeType="pdf" url="Einkaeign%207/100/WEB_DISPLAY"/>
		</surface>
		<surface xml:id="Einkaeign-0007-0050v" n="101">
			<desc>0050v</desc>
			<graphic mimeType="pdf" url="Einkaeign%207/101/HIGH_QUALITY_DISPLAY"/>
			<graphic mimeType="jpg" url="Einkaeign%207/101/THUMBNAIL" width="200px" height="253px"/>
			<graphic mimeType="jpg" url="Einkaeign%207/101/SECONDARY_DISPLAY" width="2032px" height="2568px"/>
			<graphic mimeType="pdf" url="Einkaeign%207/101/WEB_DISPLAY"/>
		</surface>
		<surface xml:id="Einkaeign-0007-0051r" n="102">
			<desc>0051r</desc>
			<graphic mimeType="pdf" url="Einkaeign%207/102/HIGH_QUALITY_DISPLAY"/>
			<graphic mimeType="jpg" url="Einkaeign%207/102/THUMBNAIL" width="200px" height="253px"/>
			<graphic mimeType="jpg" url="Einkaeign%207/102/SECONDARY_DISPLAY" width="2032px" height="2568px"/>
			<graphic mimeType="pdf" url="Einkaeign%207/102/WEB_DISPLAY"/>
		</surface>
		<surface xml:id="Einkaeign-0007-0051v" n="103">
			<desc>0051v</desc>
			<graphic mimeType="pdf" url="Einkaeign%207/103/HIGH_QUALITY_DISPLAY"/>
			<graphic mimeType="jpg" url="Einkaeign%207/103/THUMBNAIL" width="200px" height="253px"/>
			<graphic mimeType="jpg" url="Einkaeign%207/103/SECONDARY_DISPLAY" width="2032px" height="2568px"/>
			<graphic mimeType="pdf" url="Einkaeign%207/103/WEB_DISPLAY"/>
		</surface>
		<surface xml:id="Einkaeign-0007-0052r" n="104">
			<desc>0052r</desc>
			<graphic mimeType="pdf" url="Einkaeign%207/104/HIGH_QUALITY_DISPLAY"/>
			<graphic mimeType="jpg" url="Einkaeign%207/104/THUMBNAIL" width="200px" height="253px"/>
			<graphic mimeType="jpg" url="Einkaeign%207/104/SECONDARY_DISPLAY" width="2032px" height="2568px"/>
			<graphic mimeType="pdf" url="Einkaeign%207/104/WEB_DISPLAY"/>
		</surface>
		<surface xml:id="Einkaeign-0007-0052v" n="105">
			<desc>0052v</desc>
			<graphic mimeType="pdf" url="Einkaeign%207/105/HIGH_QUALITY_DISPLAY"/>
			<graphic mimeType="jpg" url="Einkaeign%207/105/THUMBNAIL" width="200px" height="253px"/>
			<graphic mimeType="jpg" url="Einkaeign%207/105/SECONDARY_DISPLAY" width="2032px" height="2568px"/>
			<graphic mimeType="pdf" url="Einkaeign%207/105/WEB_DISPLAY"/>
		</surface>
		<surface xml:id="Einkaeign-0007-0053r" n="106">
			<desc>0053r</desc>
			<graphic mimeType="pdf" url="Einkaeign%207/106/HIGH_QUALITY_DISPLAY"/>
			<graphic mimeType="jpg" url="Einkaeign%207/106/THUMBNAIL" width="200px" height="253px"/>
			<graphic mimeType="jpg" url="Einkaeign%207/106/SECONDARY_DISPLAY" width="2032px" height="2568px"/>
			<graphic mimeType="pdf" url="Einkaeign%207/106/WEB_DISPLAY"/>
		</surface>
		<surface xml:id="Einkaeign-0007-0053v" n="107">
			<desc>0053v</desc>
			<graphic mimeType="pdf" url="Einkaeign%207/107/HIGH_QUALITY_DISPLAY"/>
			<graphic mimeType="jpg" url="Einkaeign%207/107/THUMBNAIL" width="200px" height="253px"/>
			<graphic mimeType="jpg" url="Einkaeign%207/107/SECONDARY_DISPLAY" width="2032px" height="2568px"/>
			<graphic mimeType="pdf" url="Einkaeign%207/107/WEB_DISPLAY"/>
		</surface>
		<surface xml:id="Einkaeign-0007-0054r" n="108">
			<desc>0054r</desc>
			<graphic mimeType="pdf" url="Einkaeign%207/108/HIGH_QUALITY_DISPLAY"/>
			<graphic mimeType="jpg" url="Einkaeign%207/108/THUMBNAIL" width="200px" height="253px"/>
			<graphic mimeType="jpg" url="Einkaeign%207/108/SECONDARY_DISPLAY" width="2032px" height="2568px"/>
			<graphic mimeType="pdf" url="Einkaeign%207/108/WEB_DISPLAY"/>
		</surface>
		<surface xml:id="Einkaeign-0007-0054v" n="109">
			<desc>0054v</desc>
			<graphic mimeType="pdf" url="Einkaeign%207/109/HIGH_QUALITY_DISPLAY"/>
			<graphic mimeType="jpg" url="Einkaeign%207/109/THUMBNAIL" width="200px" height="253px"/>
			<graphic mimeType="jpg" url="Einkaeign%207/109/SECONDARY_DISPLAY" width="2032px" height="2568px"/>
			<graphic mimeType="pdf" url="Einkaeign%207/109/WEB_DISPLAY"/>
		</surface>
		<surface xml:id="Einkaeign-0007-0055r" n="110">
			<desc>0055r</desc>
			<graphic mimeType="pdf" url="Einkaeign%207/110/HIGH_QUALITY_DISPLAY"/>
			<graphic mimeType="jpg" url="Einkaeign%207/110/THUMBNAIL" width="200px" height="253px"/>
			<graphic mimeType="jpg" url="Einkaeign%207/110/SECONDARY_DISPLAY" width="2032px" height="2568px"/>
			<graphic mimeType="pdf" url="Einkaeign%207/110/WEB_DISPLAY"/>
		</surface>
		<surface xml:id="Einkaeign-0007-0055v" n="111">
			<desc>0055v</desc>
			<graphic mimeType="pdf" url="Einkaeign%207/111/HIGH_QUALITY_DISPLAY"/>
			<graphic mimeType="jpg" url="Einkaeign%207/111/THUMBNAIL" width="200px" height="253px"/>
			<graphic mimeType="jpg" url="Einkaeign%207/111/SECONDARY_DISPLAY" width="2032px" height="2568px"/>
			<graphic mimeType="pdf" url="Einkaeign%207/111/WEB_DISPLAY"/>
		</surface>
		<surface xml:id="Einkaeign-0007-0056r" n="112">
			<desc>0056r</desc>
			<graphic mimeType="pdf" url="Einkaeign%207/112/HIGH_QUALITY_DISPLAY"/>
			<graphic mimeType="jpg" url="Einkaeign%207/112/THUMBNAIL" width="200px" height="253px"/>
			<graphic mimeType="jpg" url="Einkaeign%207/112/SECONDARY_DISPLAY" width="2032px" height="2568px"/>
			<graphic mimeType="pdf" url="Einkaeign%207/112/WEB_DISPLAY"/>
		</surface>
		<surface xml:id="Einkaeign-0007-0056v" n="113">
			<desc>0056v</desc>
			<graphic mimeType="pdf" url="Einkaeign%207/113/HIGH_QUALITY_DISPLAY"/>
			<graphic mimeType="jpg" url="Einkaeign%207/113/THUMBNAIL" width="200px" height="253px"/>
			<graphic mimeType="jpg" url="Einkaeign%207/113/SECONDARY_DISPLAY" width="2032px" height="2568px"/>
			<graphic mimeType="pdf" url="Einkaeign%207/113/WEB_DISPLAY"/>
		</surface>
		<surface xml:id="Einkaeign-0007-0057r" n="114">
			<desc>0057r</desc>
			<graphic mimeType="pdf" url="Einkaeign%207/114/HIGH_QUALITY_DISPLAY"/>
			<graphic mimeType="jpg" url="Einkaeign%207/114/THUMBNAIL" width="200px" height="253px"/>
			<graphic mimeType="jpg" url="Einkaeign%207/114/SECONDARY_DISPLAY" width="2032px" height="2568px"/>
			<graphic mimeType="pdf" url="Einkaeign%207/114/WEB_DISPLAY"/>
		</surface>
		<surface xml:id="Einkaeign-0007-0057v" n="115">
			<desc>0057v</desc>
			<graphic mimeType="pdf" url="Einkaeign%207/115/HIGH_QUALITY_DISPLAY"/>
			<graphic mimeType="jpg" url="Einkaeign%207/115/THUMBNAIL" width="200px" height="253px"/>
			<graphic mimeType="jpg" url="Einkaeign%207/115/SECONDARY_DISPLAY" width="2032px" height="2568px"/>
			<graphic mimeType="pdf" url="Einkaeign%207/115/WEB_DISPLAY"/>
		</surface>
		<surface xml:id="Einkaeign-0007-0058r" n="116">
			<desc>0058r</desc>
			<graphic mimeType="pdf" url="Einkaeign%207/116/HIGH_QUALITY_DISPLAY"/>
			<graphic mimeType="jpg" url="Einkaeign%207/116/THUMBNAIL" width="200px" height="253px"/>
			<graphic mimeType="jpg" url="Einkaeign%207/116/SECONDARY_DISPLAY" width="2032px" height="2568px"/>
			<graphic mimeType="pdf" url="Einkaeign%207/116/WEB_DISPLAY"/>
		</surface>
		<surface xml:id="Einkaeign-0007-0058v" n="117">
			<desc>0058v</desc>
			<graphic mimeType="pdf" url="Einkaeign%207/117/HIGH_QUALITY_DISPLAY"/>
			<graphic mimeType="jpg" url="Einkaeign%207/117/THUMBNAIL" width="200px" height="253px"/>
			<graphic mimeType="jpg" url="Einkaeign%207/117/SECONDARY_DISPLAY" width="2032px" height="2568px"/>
			<graphic mimeType="pdf" url="Einkaeign%207/117/WEB_DISPLAY"/>
		</surface>
		<surface xml:id="Einkaeign-0007-0059r" n="118">
			<desc>0059r</desc>
			<graphic mimeType="pdf" url="Einkaeign%207/118/HIGH_QUALITY_DISPLAY"/>
			<graphic mimeType="jpg" url="Einkaeign%207/118/THUMBNAIL" width="200px" height="253px"/>
			<graphic mimeType="jpg" url="Einkaeign%207/118/SECONDARY_DISPLAY" width="2032px" height="2568px"/>
			<graphic mimeType="pdf" url="Einkaeign%207/118/WEB_DISPLAY"/>
		</surface>
		<surface xml:id="Einkaeign-0007-0059v" n="119">
			<desc>0059v</desc>
			<graphic mimeType="pdf" url="Einkaeign%207/119/HIGH_QUALITY_DISPLAY"/>
			<graphic mimeType="jpg" url="Einkaeign%207/119/THUMBNAIL" width="200px" height="253px"/>
			<graphic mimeType="jpg" url="Einkaeign%207/119/SECONDARY_DISPLAY" width="2032px" height="2568px"/>
			<graphic mimeType="pdf" url="Einkaeign%207/119/WEB_DISPLAY"/>
		</surface>
		<surface xml:id="Einkaeign-0007-0060r" n="120">
			<desc>0060r</desc>
			<graphic mimeType="pdf" url="Einkaeign%207/120/HIGH_QUALITY_DISPLAY"/>
			<graphic mimeType="jpg" url="Einkaeign%207/120/THUMBNAIL" width="200px" height="253px"/>
			<graphic mimeType="jpg" url="Einkaeign%207/120/SECONDARY_DISPLAY" width="2032px" height="2568px"/>
			<graphic mimeType="pdf" url="Einkaeign%207/120/WEB_DISPLAY"/>
		</surface>
		<surface xml:id="Einkaeign-0007-0060v" n="121">
			<desc>0060v</desc>
			<graphic mimeType="pdf" url="Einkaeign%207/121/HIGH_QUALITY_DISPLAY"/>
			<graphic mimeType="jpg" url="Einkaeign%207/121/THUMBNAIL" width="200px" height="253px"/>
			<graphic mimeType="jpg" url="Einkaeign%207/121/SECONDARY_DISPLAY" width="2032px" height="2568px"/>
			<graphic mimeType="pdf" url="Einkaeign%207/121/WEB_DISPLAY"/>
		</surface>
		<surface xml:id="Einkaeign-0007-0061r" n="122">
			<desc>0061r</desc>
			<graphic mimeType="pdf" url="Einkaeign%207/122/HIGH_QUALITY_DISPLAY"/>
			<graphic mimeType="jpg" url="Einkaeign%207/122/THUMBNAIL" width="200px" height="253px"/>
			<graphic mimeType="jpg" url="Einkaeign%207/122/SECONDARY_DISPLAY" width="2032px" height="2568px"/>
			<graphic mimeType="pdf" url="Einkaeign%207/122/WEB_DISPLAY"/>
		</surface>
		<surface xml:id="Einkaeign-0007-0061v" n="123">
			<desc>0061v</desc>
			<graphic mimeType="pdf" url="Einkaeign%207/123/HIGH_QUALITY_DISPLAY"/>
			<graphic mimeType="jpg" url="Einkaeign%207/123/THUMBNAIL" width="200px" height="253px"/>
			<graphic mimeType="jpg" url="Einkaeign%207/123/SECONDARY_DISPLAY" width="2032px" height="2568px"/>
			<graphic mimeType="pdf" url="Einkaeign%207/123/WEB_DISPLAY"/>
		</surface>
		<surface xml:id="Einkaeign-0007-0062r" n="124">
			<desc>0062r</desc>
			<graphic mimeType="pdf" url="Einkaeign%207/124/HIGH_QUALITY_DISPLAY"/>
			<graphic mimeType="jpg" url="Einkaeign%207/124/THUMBNAIL" width="200px" height="253px"/>
			<graphic mimeType="jpg" url="Einkaeign%207/124/SECONDARY_DISPLAY" width="2032px" height="2568px"/>
			<graphic mimeType="pdf" url="Einkaeign%207/124/WEB_DISPLAY"/>
		</surface>
		<surface xml:id="Einkaeign-0007-0062v" n="125">
			<desc>0062v</desc>
			<graphic mimeType="pdf" url="Einkaeign%207/125/HIGH_QUALITY_DISPLAY"/>
			<graphic mimeType="jpg" url="Einkaeign%207/125/THUMBNAIL" width="200px" height="253px"/>
			<graphic mimeType="jpg" url="Einkaeign%207/125/SECONDARY_DISPLAY" width="2032px" height="2568px"/>
			<graphic mimeType="pdf" url="Einkaeign%207/125/WEB_DISPLAY"/>
		</surface>
		<surface xml:id="Einkaeign-0007-0063r" n="126">
			<desc>0063r</desc>
			<graphic mimeType="pdf" url="Einkaeign%207/126/HIGH_QUALITY_DISPLAY"/>
			<graphic mimeType="jpg" url="Einkaeign%207/126/THUMBNAIL" width="200px" height="253px"/>
			<graphic mimeType="jpg" url="Einkaeign%207/126/SECONDARY_DISPLAY" width="2032px" height="2568px"/>
			<graphic mimeType="pdf" url="Einkaeign%207/126/WEB_DISPLAY"/>
		</surface>
		<surface xml:id="Einkaeign-0007-0063v" n="127">
			<desc>0063v</desc>
			<graphic mimeType="pdf" url="Einkaeign%207/127/HIGH_QUALITY_DISPLAY"/>
			<graphic mimeType="jpg" url="Einkaeign%207/127/THUMBNAIL" width="200px" height="253px"/>
			<graphic mimeType="jpg" url="Einkaeign%207/127/SECONDARY_DISPLAY" width="2032px" height="2568px"/>
			<graphic mimeType="pdf" url="Einkaeign%207/127/WEB_DISPLAY"/>
		</surface>
		<surface xml:id="Einkaeign-0007-0064r" n="128">
			<desc>0064r</desc>
			<graphic mimeType="pdf" url="Einkaeign%207/128/HIGH_QUALITY_DISPLAY"/>
			<graphic mimeType="jpg" url="Einkaeign%207/128/THUMBNAIL" width="200px" height="253px"/>
			<graphic mimeType="jpg" url="Einkaeign%207/128/SECONDARY_DISPLAY" width="2032px" height="2568px"/>
			<graphic mimeType="pdf" url="Einkaeign%207/128/WEB_DISPLAY"/>
		</surface>
		<surface xml:id="Einkaeign-0007-0064v" n="129">
			<desc>0064v</desc>
			<graphic mimeType="pdf" url="Einkaeign%207/129/HIGH_QUALITY_DISPLAY"/>
			<graphic mimeType="jpg" url="Einkaeign%207/129/THUMBNAIL" width="200px" height="253px"/>
			<graphic mimeType="jpg" url="Einkaeign%207/129/SECONDARY_DISPLAY" width="2032px" height="2568px"/>
			<graphic mimeType="pdf" url="Einkaeign%207/129/WEB_DISPLAY"/>
		</surface>
		<surface xml:id="Einkaeign-0007-0065r" n="130">
			<desc>0065r</desc>
			<graphic mimeType="pdf" url="Einkaeign%207/130/HIGH_QUALITY_DISPLAY"/>
			<graphic mimeType="jpg" url="Einkaeign%207/130/THUMBNAIL" width="200px" height="253px"/>
			<graphic mimeType="jpg" url="Einkaeign%207/130/SECONDARY_DISPLAY" width="2032px" height="2568px"/>
			<graphic mimeType="pdf" url="Einkaeign%207/130/WEB_DISPLAY"/>
		</surface>
		<surface xml:id="Einkaeign-0007-0065v" n="131">
			<desc>0065v</desc>
			<graphic mimeType="pdf" url="Einkaeign%207/131/HIGH_QUALITY_DISPLAY"/>
			<graphic mimeType="jpg" url="Einkaeign%207/131/THUMBNAIL" width="200px" height="253px"/>
			<graphic mimeType="jpg" url="Einkaeign%207/131/SECONDARY_DISPLAY" width="2032px" height="2568px"/>
			<graphic mimeType="pdf" url="Einkaeign%207/131/WEB_DISPLAY"/>
		</surface>
		<surface xml:id="Einkaeign-0007-0066r" n="132">
			<desc>0066r</desc>
			<graphic mimeType="pdf" url="Einkaeign%207/132/HIGH_QUALITY_DISPLAY"/>
			<graphic mimeType="jpg" url="Einkaeign%207/132/THUMBNAIL" width="200px" height="253px"/>
			<graphic mimeType="jpg" url="Einkaeign%207/132/SECONDARY_DISPLAY" width="2032px" height="2568px"/>
			<graphic mimeType="pdf" url="Einkaeign%207/132/WEB_DISPLAY"/>
		</surface>
		<surface xml:id="Einkaeign-0007-0066v" n="133">
			<desc>0066v</desc>
			<graphic mimeType="pdf" url="Einkaeign%207/133/HIGH_QUALITY_DISPLAY"/>
			<graphic mimeType="jpg" url="Einkaeign%207/133/THUMBNAIL" width="200px" height="253px"/>
			<graphic mimeType="jpg" url="Einkaeign%207/133/SECONDARY_DISPLAY" width="2032px" height="2568px"/>
			<graphic mimeType="pdf" url="Einkaeign%207/133/WEB_DISPLAY"/>
		</surface>
		<surface xml:id="Einkaeign-0007-0067r" n="134">
			<desc>0067r</desc>
			<graphic mimeType="pdf" url="Einkaeign%207/134/HIGH_QUALITY_DISPLAY"/>
			<graphic mimeType="jpg" url="Einkaeign%207/134/THUMBNAIL" width="200px" height="253px"/>
			<graphic mimeType="jpg" url="Einkaeign%207/134/SECONDARY_DISPLAY" width="2032px" height="2568px"/>
			<graphic mimeType="pdf" url="Einkaeign%207/134/WEB_DISPLAY"/>
		</surface>
		<surface xml:id="Einkaeign-0007-0067v" n="135">
			<desc>0067v</desc>
			<graphic mimeType="pdf" url="Einkaeign%207/135/HIGH_QUALITY_DISPLAY"/>
			<graphic mimeType="jpg" url="Einkaeign%207/135/THUMBNAIL" width="200px" height="253px"/>
			<graphic mimeType="jpg" url="Einkaeign%207/135/SECONDARY_DISPLAY" width="2032px" height="2568px"/>
			<graphic mimeType="pdf" url="Einkaeign%207/135/WEB_DISPLAY"/>
		</surface>
		<surface xml:id="Einkaeign-0007-0068r" n="136">
			<desc>0068r</desc>
			<graphic mimeType="pdf" url="Einkaeign%207/136/HIGH_QUALITY_DISPLAY"/>
			<graphic mimeType="jpg" url="Einkaeign%207/136/THUMBNAIL" width="200px" height="253px"/>
			<graphic mimeType="jpg" url="Einkaeign%207/136/SECONDARY_DISPLAY" width="2032px" height="2568px"/>
			<graphic mimeType="pdf" url="Einkaeign%207/136/WEB_DISPLAY"/>
		</surface>
		<surface xml:id="Einkaeign-0007-0068v" n="137">
			<desc>0068v</desc>
			<graphic mimeType="pdf" url="Einkaeign%207/137/HIGH_QUALITY_DISPLAY"/>
			<graphic mimeType="jpg" url="Einkaeign%207/137/THUMBNAIL" width="200px" height="253px"/>
			<graphic mimeType="jpg" url="Einkaeign%207/137/SECONDARY_DISPLAY" width="2032px" height="2568px"/>
			<graphic mimeType="pdf" url="Einkaeign%207/137/WEB_DISPLAY"/>
		</surface>
		<surface xml:id="Einkaeign-0007-0069r" n="138">
			<desc>0069r</desc>
			<graphic mimeType="pdf" url="Einkaeign%207/138/HIGH_QUALITY_DISPLAY"/>
			<graphic mimeType="jpg" url="Einkaeign%207/138/THUMBNAIL" width="200px" height="253px"/>
			<graphic mimeType="jpg" url="Einkaeign%207/138/SECONDARY_DISPLAY" width="2032px" height="2568px"/>
			<graphic mimeType="pdf" url="Einkaeign%207/138/WEB_DISPLAY"/>
		</surface>
		<surface xml:id="Einkaeign-0007-0069v" n="139">
			<desc>0069v</desc>
			<graphic mimeType="pdf" url="Einkaeign%207/139/HIGH_QUALITY_DISPLAY"/>
			<graphic mimeType="jpg" url="Einkaeign%207/139/THUMBNAIL" width="200px" height="253px"/>
			<graphic mimeType="jpg" url="Einkaeign%207/139/SECONDARY_DISPLAY" width="2032px" height="2568px"/>
			<graphic mimeType="pdf" url="Einkaeign%207/139/WEB_DISPLAY"/>
		</surface>
		<surface xml:id="Einkaeign-0007-0070r" n="140">
			<desc>0070r</desc>
			<graphic mimeType="pdf" url="Einkaeign%207/140/HIGH_QUALITY_DISPLAY"/>
			<graphic mimeType="jpg" url="Einkaeign%207/140/THUMBNAIL" width="200px" height="253px"/>
			<graphic mimeType="jpg" url="Einkaeign%207/140/SECONDARY_DISPLAY" width="2032px" height="2568px"/>
			<graphic mimeType="pdf" url="Einkaeign%207/140/WEB_DISPLAY"/>
		</surface>
		<surface xml:id="Einkaeign-0007-0070v" n="141">
			<desc>0070v</desc>
			<graphic mimeType="pdf" url="Einkaeign%207/141/HIGH_QUALITY_DISPLAY"/>
			<graphic mimeType="jpg" url="Einkaeign%207/141/THUMBNAIL" width="200px" height="253px"/>
			<graphic mimeType="jpg" url="Einkaeign%207/141/SECONDARY_DISPLAY" width="2032px" height="2568px"/>
			<graphic mimeType="pdf" url="Einkaeign%207/141/WEB_DISPLAY"/>
		</surface>
		<surface xml:id="Einkaeign-0007-0071r" n="142">
			<desc>0071r</desc>
			<graphic mimeType="pdf" url="Einkaeign%207/142/HIGH_QUALITY_DISPLAY"/>
			<graphic mimeType="jpg" url="Einkaeign%207/142/THUMBNAIL" width="200px" height="253px"/>
			<graphic mimeType="jpg" url="Einkaeign%207/142/SECONDARY_DISPLAY" width="2032px" height="2568px"/>
			<graphic mimeType="pdf" url="Einkaeign%207/142/WEB_DISPLAY"/>
		</surface>
		<surface xml:id="Einkaeign-0007-0071v" n="143">
			<desc>0071v</desc>
			<graphic mimeType="pdf" url="Einkaeign%207/143/HIGH_QUALITY_DISPLAY"/>
			<graphic mimeType="jpg" url="Einkaeign%207/143/THUMBNAIL" width="200px" height="253px"/>
			<graphic mimeType="jpg" url="Einkaeign%207/143/SECONDARY_DISPLAY" width="2032px" height="2568px"/>
			<graphic mimeType="pdf" url="Einkaeign%207/143/WEB_DISPLAY"/>
		</surface>
		<surface xml:id="Einkaeign-0007-0072r" n="144">
			<desc>0072r</desc>
			<graphic mimeType="pdf" url="Einkaeign%207/144/HIGH_QUALITY_DISPLAY"/>
			<graphic mimeType="jpg" url="Einkaeign%207/144/THUMBNAIL" width="200px" height="253px"/>
			<graphic mimeType="jpg" url="Einkaeign%207/144/SECONDARY_DISPLAY" width="2032px" height="2568px"/>
			<graphic mimeType="pdf" url="Einkaeign%207/144/WEB_DISPLAY"/>
		</surface>
		<surface xml:id="Einkaeign-0007-0072v" n="145">
			<desc>0072v</desc>
			<graphic mimeType="pdf" url="Einkaeign%207/145/HIGH_QUALITY_DISPLAY"/>
			<graphic mimeType="jpg" url="Einkaeign%207/145/THUMBNAIL" width="200px" height="253px"/>
			<graphic mimeType="jpg" url="Einkaeign%207/145/SECONDARY_DISPLAY" width="2032px" height="2568px"/>
			<graphic mimeType="pdf" url="Einkaeign%207/145/WEB_DISPLAY"/>
		</surface>
		<surface xml:id="Einkaeign-0007-0073r" n="146">
			<desc>0073r</desc>
			<graphic mimeType="pdf" url="Einkaeign%207/146/HIGH_QUALITY_DISPLAY"/>
			<graphic mimeType="jpg" url="Einkaeign%207/146/THUMBNAIL" width="200px" height="253px"/>
			<graphic mimeType="jpg" url="Einkaeign%207/146/SECONDARY_DISPLAY" width="2032px" height="2568px"/>
			<graphic mimeType="pdf" url="Einkaeign%207/146/WEB_DISPLAY"/>
		</surface>
		<surface xml:id="Einkaeign-0007-0073v" n="147">
			<desc>0073v</desc>
			<graphic mimeType="pdf" url="Einkaeign%207/147/HIGH_QUALITY_DISPLAY"/>
			<graphic mimeType="jpg" url="Einkaeign%207/147/THUMBNAIL" width="200px" height="253px"/>
			<graphic mimeType="jpg" url="Einkaeign%207/147/SECONDARY_DISPLAY" width="2032px" height="2568px"/>
			<graphic mimeType="pdf" url="Einkaeign%207/147/WEB_DISPLAY"/>
		</surface>
		<surface xml:id="Einkaeign-0007-0074r" n="148">
			<desc>0074r</desc>
			<graphic mimeType="pdf" url="Einkaeign%207/148/HIGH_QUALITY_DISPLAY"/>
			<graphic mimeType="jpg" url="Einkaeign%207/148/THUMBNAIL" width="200px" height="253px"/>
			<graphic mimeType="jpg" url="Einkaeign%207/148/SECONDARY_DISPLAY" width="2032px" height="2568px"/>
			<graphic mimeType="pdf" url="Einkaeign%207/148/WEB_DISPLAY"/>
		</surface>
		<surface xml:id="Einkaeign-0007-0074v" n="149">
			<desc>0074v</desc>
			<graphic mimeType="pdf" url="Einkaeign%207/149/HIGH_QUALITY_DISPLAY"/>
			<graphic mimeType="jpg" url="Einkaeign%207/149/THUMBNAIL" width="200px" height="253px"/>
			<graphic mimeType="jpg" url="Einkaeign%207/149/SECONDARY_DISPLAY" width="2032px" height="2568px"/>
			<graphic mimeType="pdf" url="Einkaeign%207/149/WEB_DISPLAY"/>
		</surface>
		<surface xml:id="Einkaeign-0007-0075r" n="150">
			<desc>0075r</desc>
			<graphic mimeType="pdf" url="Einkaeign%207/150/HIGH_QUALITY_DISPLAY"/>
			<graphic mimeType="jpg" url="Einkaeign%207/150/THUMBNAIL" width="200px" height="253px"/>
			<graphic mimeType="jpg" url="Einkaeign%207/150/SECONDARY_DISPLAY" width="2032px" height="2568px"/>
			<graphic mimeType="pdf" url="Einkaeign%207/150/WEB_DISPLAY"/>
		</surface>
		<surface xml:id="Einkaeign-0007-0075v" n="151">
			<desc>0075v</desc>
			<graphic mimeType="pdf" url="Einkaeign%207/151/HIGH_QUALITY_DISPLAY"/>
			<graphic mimeType="jpg" url="Einkaeign%207/151/THUMBNAIL" width="200px" height="253px"/>
			<graphic mimeType="jpg" url="Einkaeign%207/151/SECONDARY_DISPLAY" width="2032px" height="2568px"/>
			<graphic mimeType="pdf" url="Einkaeign%207/151/WEB_DISPLAY"/>
		</surface>
		<surface xml:id="Einkaeign-0007-0076r" n="152">
			<desc>0076r</desc>
			<graphic mimeType="pdf" url="Einkaeign%207/152/HIGH_QUALITY_DISPLAY"/>
			<graphic mimeType="jpg" url="Einkaeign%207/152/THUMBNAIL" width="200px" height="253px"/>
			<graphic mimeType="jpg" url="Einkaeign%207/152/SECONDARY_DISPLAY" width="2032px" height="2568px"/>
			<graphic mimeType="pdf" url="Einkaeign%207/152/WEB_DISPLAY"/>
		</surface>
		<surface xml:id="Einkaeign-0007-0076v" n="153">
			<desc>0076v</desc>
			<graphic mimeType="pdf" url="Einkaeign%207/153/HIGH_QUALITY_DISPLAY"/>
			<graphic mimeType="jpg" url="Einkaeign%207/153/THUMBNAIL" width="200px" height="253px"/>
			<graphic mimeType="jpg" url="Einkaeign%207/153/SECONDARY_DISPLAY" width="2032px" height="2568px"/>
			<graphic mimeType="pdf" url="Einkaeign%207/153/WEB_DISPLAY"/>
		</surface>
		<surface xml:id="Einkaeign-0007-0077r" n="154">
			<desc>0077r</desc>
			<graphic mimeType="pdf" url="Einkaeign%207/154/HIGH_QUALITY_DISPLAY"/>
			<graphic mimeType="jpg" url="Einkaeign%207/154/THUMBNAIL" width="200px" height="253px"/>
			<graphic mimeType="jpg" url="Einkaeign%207/154/SECONDARY_DISPLAY" width="2032px" height="2568px"/>
			<graphic mimeType="pdf" url="Einkaeign%207/154/WEB_DISPLAY"/>
		</surface>
		<surface xml:id="Einkaeign-0007-0077v" n="155">
			<desc>0077v</desc>
			<graphic mimeType="pdf" url="Einkaeign%207/155/HIGH_QUALITY_DISPLAY"/>
			<graphic mimeType="jpg" url="Einkaeign%207/155/THUMBNAIL" width="200px" height="253px"/>
			<graphic mimeType="jpg" url="Einkaeign%207/155/SECONDARY_DISPLAY" width="2032px" height="2568px"/>
			<graphic mimeType="pdf" url="Einkaeign%207/155/WEB_DISPLAY"/>
		</surface>
		<surface xml:id="Einkaeign-0007-0078r" n="156">
			<desc>0078r</desc>
			<graphic mimeType="pdf" url="Einkaeign%207/156/HIGH_QUALITY_DISPLAY"/>
			<graphic mimeType="jpg" url="Einkaeign%207/156/THUMBNAIL" width="200px" height="253px"/>
			<graphic mimeType="jpg" url="Einkaeign%207/156/SECONDARY_DISPLAY" width="2032px" height="2568px"/>
			<graphic mimeType="pdf" url="Einkaeign%207/156/WEB_DISPLAY"/>
		</surface>
		<surface xml:id="Einkaeign-0007-0078v" n="157">
			<desc>0078v</desc>
			<graphic mimeType="pdf" url="Einkaeign%207/157/HIGH_QUALITY_DISPLAY"/>
			<graphic mimeType="jpg" url="Einkaeign%207/157/THUMBNAIL" width="200px" height="253px"/>
			<graphic mimeType="jpg" url="Einkaeign%207/157/SECONDARY_DISPLAY" width="2032px" height="2568px"/>
			<graphic mimeType="pdf" url="Einkaeign%207/157/WEB_DISPLAY"/>
		</surface>
		<surface xml:id="Einkaeign-0007-0079r" n="158">
			<desc>0079r</desc>
			<graphic mimeType="pdf" url="Einkaeign%207/158/HIGH_QUALITY_DISPLAY"/>
			<graphic mimeType="jpg" url="Einkaeign%207/158/THUMBNAIL" width="200px" height="253px"/>
			<graphic mimeType="jpg" url="Einkaeign%207/158/SECONDARY_DISPLAY" width="2032px" height="2568px"/>
			<graphic mimeType="pdf" url="Einkaeign%207/158/WEB_DISPLAY"/>
		</surface>
		<surface xml:id="Einkaeign-0007-0079v" n="159">
			<desc>0079v</desc>
			<graphic mimeType="pdf" url="Einkaeign%207/159/HIGH_QUALITY_DISPLAY"/>
			<graphic mimeType="jpg" url="Einkaeign%207/159/THUMBNAIL" width="200px" height="253px"/>
			<graphic mimeType="jpg" url="Einkaeign%207/159/SECONDARY_DISPLAY" width="2032px" height="2568px"/>
			<graphic mimeType="pdf" url="Einkaeign%207/159/WEB_DISPLAY"/>
		</surface>
		<surface xml:id="Einkaeign-0007-0080r" n="160">
			<desc>0080r</desc>
			<graphic mimeType="pdf" url="Einkaeign%207/160/HIGH_QUALITY_DISPLAY"/>
			<graphic mimeType="jpg" url="Einkaeign%207/160/THUMBNAIL" width="200px" height="253px"/>
			<graphic mimeType="jpg" url="Einkaeign%207/160/SECONDARY_DISPLAY" width="2032px" height="2568px"/>
			<graphic mimeType="pdf" url="Einkaeign%207/160/WEB_DISPLAY"/>
		</surface>
		<surface xml:id="Einkaeign-0007-0080v" n="161">
			<desc>0080v</desc>
			<graphic mimeType="pdf" url="Einkaeign%207/161/HIGH_QUALITY_DISPLAY"/>
			<graphic mimeType="jpg" url="Einkaeign%207/161/THUMBNAIL" width="200px" height="253px"/>
			<graphic mimeType="jpg" url="Einkaeign%207/161/SECONDARY_DISPLAY" width="2032px" height="2568px"/>
			<graphic mimeType="pdf" url="Einkaeign%207/161/WEB_DISPLAY"/>
		</surface>
		<surface xml:id="Einkaeign-0007-0081r" n="162">
			<desc>0081r</desc>
			<graphic mimeType="pdf" url="Einkaeign%207/162/HIGH_QUALITY_DISPLAY"/>
			<graphic mimeType="jpg" url="Einkaeign%207/162/THUMBNAIL" width="200px" height="253px"/>
			<graphic mimeType="jpg" url="Einkaeign%207/162/SECONDARY_DISPLAY" width="2032px" height="2568px"/>
			<graphic mimeType="pdf" url="Einkaeign%207/162/WEB_DISPLAY"/>
		</surface>
		<surface xml:id="Einkaeign-0007-0081v" n="163">
			<desc>0081v</desc>
			<graphic mimeType="pdf" url="Einkaeign%207/163/HIGH_QUALITY_DISPLAY"/>
			<graphic mimeType="jpg" url="Einkaeign%207/163/THUMBNAIL" width="200px" height="253px"/>
			<graphic mimeType="jpg" url="Einkaeign%207/163/SECONDARY_DISPLAY" width="2032px" height="2568px"/>
			<graphic mimeType="pdf" url="Einkaeign%207/163/WEB_DISPLAY"/>
		</surface>
		<surface xml:id="Einkaeign-0007-0082r" n="164">
			<desc>0082r</desc>
			<graphic mimeType="pdf" url="Einkaeign%207/164/HIGH_QUALITY_DISPLAY"/>
			<graphic mimeType="jpg" url="Einkaeign%207/164/THUMBNAIL" width="200px" height="253px"/>
			<graphic mimeType="jpg" url="Einkaeign%207/164/SECONDARY_DISPLAY" width="2032px" height="2568px"/>
			<graphic mimeType="pdf" url="Einkaeign%207/164/WEB_DISPLAY"/>
		</surface>
		<surface xml:id="Einkaeign-0007-0082v" n="165">
			<desc>0082v</desc>
			<graphic mimeType="pdf" url="Einkaeign%207/165/HIGH_QUALITY_DISPLAY"/>
			<graphic mimeType="jpg" url="Einkaeign%207/165/THUMBNAIL" width="200px" height="253px"/>
			<graphic mimeType="jpg" url="Einkaeign%207/165/SECONDARY_DISPLAY" width="2032px" height="2568px"/>
			<graphic mimeType="pdf" url="Einkaeign%207/165/WEB_DISPLAY"/>
		</surface>
		<surface xml:id="Einkaeign-0007-0083r" n="166">
			<desc>0083r</desc>
			<graphic mimeType="pdf" url="Einkaeign%207/166/HIGH_QUALITY_DISPLAY"/>
			<graphic mimeType="jpg" url="Einkaeign%207/166/THUMBNAIL" width="200px" height="253px"/>
			<graphic mimeType="jpg" url="Einkaeign%207/166/SECONDARY_DISPLAY" width="2032px" height="2568px"/>
			<graphic mimeType="pdf" url="Einkaeign%207/166/WEB_DISPLAY"/>
		</surface>
		<surface xml:id="Einkaeign-0007-0083v" n="167">
			<desc>0083v</desc>
			<graphic mimeType="pdf" url="Einkaeign%207/167/HIGH_QUALITY_DISPLAY"/>
			<graphic mimeType="jpg" url="Einkaeign%207/167/THUMBNAIL" width="200px" height="253px"/>
			<graphic mimeType="jpg" url="Einkaeign%207/167/SECONDARY_DISPLAY" width="2032px" height="2568px"/>
			<graphic mimeType="pdf" url="Einkaeign%207/167/WEB_DISPLAY"/>
		</surface>
		<surface xml:id="Einkaeign-0007-0084r" n="168">
			<desc>0084r</desc>
			<graphic mimeType="pdf" url="Einkaeign%207/168/HIGH_QUALITY_DISPLAY"/>
			<graphic mimeType="jpg" url="Einkaeign%207/168/THUMBNAIL" width="200px" height="253px"/>
			<graphic mimeType="jpg" url="Einkaeign%207/168/SECONDARY_DISPLAY" width="2032px" height="2568px"/>
			<graphic mimeType="pdf" url="Einkaeign%207/168/WEB_DISPLAY"/>
		</surface>
		<surface xml:id="Einkaeign-0007-0084v" n="169">
			<desc>0084v</desc>
			<graphic mimeType="pdf" url="Einkaeign%207/169/HIGH_QUALITY_DISPLAY"/>
			<graphic mimeType="jpg" url="Einkaeign%207/169/THUMBNAIL" width="200px" height="253px"/>
			<graphic mimeType="jpg" url="Einkaeign%207/169/SECONDARY_DISPLAY" width="2032px" height="2568px"/>
			<graphic mimeType="pdf" url="Einkaeign%207/169/WEB_DISPLAY"/>
		</surface>
		<surface xml:id="Einkaeign-0007-0085r" n="170">
			<desc>0085r</desc>
			<graphic mimeType="pdf" url="Einkaeign%207/170/HIGH_QUALITY_DISPLAY"/>
			<graphic mimeType="jpg" url="Einkaeign%207/170/THUMBNAIL" width="200px" height="253px"/>
			<graphic mimeType="jpg" url="Einkaeign%207/170/SECONDARY_DISPLAY" width="2032px" height="2568px"/>
			<graphic mimeType="pdf" url="Einkaeign%207/170/WEB_DISPLAY"/>
		</surface>
		<surface xml:id="Einkaeign-0007-0085v" n="171">
			<desc>0085v</desc>
			<graphic mimeType="pdf" url="Einkaeign%207/171/HIGH_QUALITY_DISPLAY"/>
			<graphic mimeType="jpg" url="Einkaeign%207/171/THUMBNAIL" width="200px" height="261px"/>
			<graphic mimeType="jpg" url="Einkaeign%207/171/SECONDARY_DISPLAY" width="1980px" height="2582px"/>
			<graphic mimeType="pdf" url="Einkaeign%207/171/WEB_DISPLAY"/>
		</surface>
		<surface xml:id="Einkaeign-0007-0086r" n="172">
			<desc>0086r</desc>
			<graphic mimeType="pdf" url="Einkaeign%207/172/HIGH_QUALITY_DISPLAY"/>
			<graphic mimeType="jpg" url="Einkaeign%207/172/THUMBNAIL" width="200px" height="223px"/>
			<graphic mimeType="jpg" url="Einkaeign%207/172/SECONDARY_DISPLAY" width="2308px" height="2568px"/>
			<graphic mimeType="pdf" url="Einkaeign%207/172/WEB_DISPLAY"/>
		</surface>
		<surface xml:id="Einkaeign-0007-0086v" n="173">
			<desc>0086v</desc>
			<graphic mimeType="pdf" url="Einkaeign%207/173/HIGH_QUALITY_DISPLAY"/>
			<graphic mimeType="jpg" url="Einkaeign%207/173/THUMBNAIL" width="200px" height="223px"/>
			<graphic mimeType="jpg" url="Einkaeign%207/173/SECONDARY_DISPLAY" width="2300px" height="2568px"/>
			<graphic mimeType="pdf" url="Einkaeign%207/173/WEB_DISPLAY"/>
		</surface>
		<surface xml:id="Einkaeign-0007-9999r-RB" n="174">
			<desc>9999r-RB</desc>
			<graphic mimeType="pdf" url="Einkaeign%207/174/HIGH_QUALITY_DISPLAY"/>
			<graphic mimeType="jpg" url="Einkaeign%207/174/THUMBNAIL" width="200px" height="251px"/>
			<graphic mimeType="jpg" url="Einkaeign%207/174/SECONDARY_DISPLAY" width="2201px" height="2765px"/>
			<graphic mimeType="pdf" url="Einkaeign%207/174/WEB_DISPLAY"/>
		</surface>
		<surface xml:id="Einkaeign-0007-9999v-RB" n="175">
			<desc>9999v-RB</desc>
			<graphic mimeType="pdf" url="Einkaeign%207/175/HIGH_QUALITY_DISPLAY"/>
			<graphic mimeType="jpg" url="Einkaeign%207/175/THUMBNAIL" width="200px" height="235px"/>
			<graphic mimeType="jpg" url="Einkaeign%207/175/SECONDARY_DISPLAY" width="2486px" height="2915px"/>
			<graphic mimeType="pdf" url="Einkaeign%207/175/WEB_DISPLAY"/>
		</surface>
		<surface xml:id="Einkaeign-0007-Spine" n="176">
			<desc>Spine</desc>
			<graphic mimeType="pdf" url="Einkaeign%207/176/HIGH_QUALITY_DISPLAY"/>
			<graphic mimeType="jpg" url="Einkaeign%207/176/THUMBNAIL" width="85px" height="300px"/>
			<graphic mimeType="jpg" url="Einkaeign%207/176/SECONDARY_DISPLAY" width="936px" height="3288px"/>
			<graphic mimeType="pdf" url="Einkaeign%207/176/WEB_DISPLAY"/>
		</surface>
		<surface xml:id="Einkaeign-0007-Fore-Edge" n="177">
			<desc>Fore-Edge</desc>
			<graphic mimeType="pdf" url="Einkaeign%207/177/HIGH_QUALITY_DISPLAY"/>
			<graphic mimeType="jpg" url="Einkaeign%207/177/THUMBNAIL" width="76px" height="300px"/>
			<graphic mimeType="jpg" url="Einkaeign%207/177/SECONDARY_DISPLAY" width="793px" height="3132px"/>
			<graphic mimeType="pdf" url="Einkaeign%207/177/WEB_DISPLAY"/>
		</surface>
		<surface xml:id="Einkaeign-0007-Head-Edge" n="178">
			<desc>Head-Edge</desc>
			<graphic mimeType="pdf" url="Einkaeign%207/178/HIGH_QUALITY_DISPLAY"/>
			<graphic mimeType="jpg" url="Einkaeign%207/178/THUMBNAIL" width="81px" height="300px"/>
			<graphic mimeType="jpg" url="Einkaeign%207/178/SECONDARY_DISPLAY" width="793px" height="2933px"/>
			<graphic mimeType="pdf" url="Einkaeign%207/178/WEB_DISPLAY"/>
		</surface>
		<surface xml:id="Einkaeign-0007-Tail-Edge" n="179">
			<desc>Tail-Edge</desc>
			<graphic mimeType="pdf" url="Einkaeign%207/179/HIGH_QUALITY_DISPLAY"/>
			<graphic mimeType="jpg" url="Einkaeign%207/179/THUMBNAIL" width="95px" height="300px"/>
			<graphic mimeType="jpg" url="Einkaeign%207/179/SECONDARY_DISPLAY" width="847px" height="2675px"/>
			<graphic mimeType="pdf" url="Einkaeign%207/179/WEB_DISPLAY"/>
		</surface>
		<surface xml:id="Einkaeign-0007-Scale" n="180">
			<desc>Scale</desc>
			<graphic mimeType="pdf" url="Einkaeign%207/180/HIGH_QUALITY_DISPLAY"/>
			<graphic mimeType="jpg" url="Einkaeign%207/180/THUMBNAIL" width="200px" height="240px"/>
			<graphic mimeType="jpg" url="Einkaeign%207/180/SECONDARY_DISPLAY" width="2060px" height="2470px"/>
			<graphic mimeType="pdf" url="Einkaeign%207/180/WEB_DISPLAY"/>
		</surface>
		<surface xml:id="Einkaeign-0007-ccp" n="181">
			<desc>ccp</desc>
			<graphic mimeType="pdf" url="Einkaeign%207/181/HIGH_QUALITY_DISPLAY"/>
			<graphic mimeType="jpg" url="Einkaeign%207/181/THUMBNAIL" width="200px" height="156px"/>
			<graphic mimeType="jpg" url="Einkaeign%207/181/SECONDARY_DISPLAY" width="4362px" height="3402px"/>
			<graphic mimeType="pdf" url="Einkaeign%207/181/WEB_DISPLAY"/>
		</surface>
	</facsimile>
</TEI>