<?xml version="1.0" encoding="UTF-8"?>
<?oxygen RNGSchema="http://www.handrit.is/schema/handrit-1.0.rnc" type="compact"?>
<TEI xmlns="http://www.tei-c.org/ns/1.0">
	<teiHeader>
		<fileDesc>
			<titleStmt>
				<title type="main">Einkaeign 1</title>
				<title type="subordinate"/>
			</titleStmt>
			<publicationStmt>
				<authority>Landsbókasafn Íslands - Háskólabókasafn</authority>
				<pubPlace>Reykjavík</pubPlace>
				<date when="2010-05-10">10. maí 2010</date>
				<availability status="restricted">
					<p>Aðgangur aðeins mögulegur í fræðilegum tilgangi.</p>
				</availability>
			</publicationStmt>
			<sourceDesc>
				<msDesc xml:id="Einkaeign-0001-is" xml:lang="is">
					<msIdentifier>
						<country key="IS">Ísland</country>
						<repository>Í einkaeigu</repository>
						<idno>Einkaeign 1</idno>
					</msIdentifier>

					<msContents>
						<msItem n="1" defective="false" class="vil">
							<locus from="1r" facs="#Einkaeign-0001-0001r" to="50v">1r-50r</locus>
							<title type="supplied">Stafabók</title>
							<rubric>Rún, rúnaletur o.fl. ritað fyrir Magnús Steingrímsson, Hólum í
								Staðardal 1928.</rubric>
						</msItem>
					</msContents>

					<physDesc>
						<objectDesc form="codex">
							<supportDesc material="chart">
								<extent>i + 50 + i blöð</extent>
							</supportDesc>
						</objectDesc>
					</physDesc>

					<history>
						<origin>
							<origPlace>Ísland</origPlace>
							<origDate cert="high" when="1928">1928</origDate>
						</origin>
					</history>

					<additional>
						<adminInfo>
							<recordHist>
								<source><name type="person" key="OrnHra001">Örn Hrafnkelsson</name>
									frumskráði fyrir myndvinnslu, <date when="2010-06-15">15. júní
										2010</date>.</source>
							</recordHist>
							<custodialHist>
								<custEvent type="loan" notBefore="2006" notAfter="2010">Handritadeild Landsbókasafns var með handritið í láni árin
									2006-2010.</custEvent>
								<custEvent type="check">
									<p>Athugað fyrir myndatöku <date when="2010-06-07">7. júní
										2010</date>.</p>
								</custEvent>
								<custEvent type="photography">
									<p>Myndað í <date when="2010-06">júní 2010</date>.</p>
								</custEvent>
							</custodialHist>
						</adminInfo>
						<surrogates>
							<p>Myndað fyrir handritavef í <date when="2010-06">júní 2010</date>.</p>
						</surrogates>
					</additional>
				</msDesc>
			</sourceDesc>
		</fileDesc>
	</teiHeader>
	<facsimile xml:base="https://myndir.handrit.is/file/Handrit.is/">
		<surface xml:id="Einkaeign-0001-0000r-FB" n="0">
			<desc>0000r-FB</desc>
			<graphic mimeType="pdf" url="Einkaeign%201/0/HIGH_QUALITY_DISPLAY"/>
			<graphic mimeType="jpg" url="Einkaeign%201/0/THUMBNAIL" width="200px" height="239px"/>
			<graphic mimeType="jpg" url="Einkaeign%201/0/SECONDARY_DISPLAY" width="2616px" height="3126px"/>
			<graphic mimeType="pdf" url="Einkaeign%201/0/WEB_DISPLAY"/>
		</surface>
		<surface xml:id="Einkaeign-0001-0000v-FB" n="1">
			<desc>0000v-FB</desc>
			<graphic mimeType="pdf" url="Einkaeign%201/1/HIGH_QUALITY_DISPLAY"/>
			<graphic mimeType="jpg" url="Einkaeign%201/1/THUMBNAIL" width="200px" height="253px"/>
			<graphic mimeType="jpg" url="Einkaeign%201/1/SECONDARY_DISPLAY" width="2399px" height="3029px"/>
			<graphic mimeType="pdf" url="Einkaeign%201/1/WEB_DISPLAY"/>
		</surface>
		<surface xml:id="Einkaeign-0001-0001r-FFl" n="2">
			<desc>0001r-FFl</desc>
			<graphic mimeType="pdf" url="Einkaeign%201/2/HIGH_QUALITY_DISPLAY"/>
			<graphic mimeType="jpg" url="Einkaeign%201/2/THUMBNAIL" width="200px" height="253px"/>
			<graphic mimeType="jpg" url="Einkaeign%201/2/SECONDARY_DISPLAY" width="2399px" height="3029px"/>
			<graphic mimeType="pdf" url="Einkaeign%201/2/WEB_DISPLAY"/>
		</surface>
		<surface xml:id="Einkaeign-0001-0001v-FFl" n="3">
			<desc>0001v-FFl</desc>
			<graphic mimeType="pdf" url="Einkaeign%201/3/HIGH_QUALITY_DISPLAY"/>
			<graphic mimeType="jpg" url="Einkaeign%201/3/THUMBNAIL" width="200px" height="246px"/>
			<graphic mimeType="jpg" url="Einkaeign%201/3/SECONDARY_DISPLAY" width="2479px" height="3048px"/>
			<graphic mimeType="pdf" url="Einkaeign%201/3/WEB_DISPLAY"/>
		</surface>
		<surface xml:id="Einkaeign-0001-0001r" n="4">
			<desc>0001r</desc>
			<graphic mimeType="pdf" url="Einkaeign%201/4/HIGH_QUALITY_DISPLAY"/>
			<graphic mimeType="jpg" url="Einkaeign%201/4/THUMBNAIL" width="200px" height="246px"/>
			<graphic mimeType="jpg" url="Einkaeign%201/4/SECONDARY_DISPLAY" width="2479px" height="3048px"/>
			<graphic mimeType="pdf" url="Einkaeign%201/4/WEB_DISPLAY"/>
		</surface>
		<surface xml:id="Einkaeign-0001-0001v" n="5">
			<desc>0001v</desc>
			<graphic mimeType="pdf" url="Einkaeign%201/5/HIGH_QUALITY_DISPLAY"/>
			<graphic mimeType="jpg" url="Einkaeign%201/5/THUMBNAIL" width="200px" height="246px"/>
			<graphic mimeType="jpg" url="Einkaeign%201/5/SECONDARY_DISPLAY" width="2479px" height="3048px"/>
			<graphic mimeType="pdf" url="Einkaeign%201/5/WEB_DISPLAY"/>
		</surface>
		<surface xml:id="Einkaeign-0001-0002r" n="6">
			<desc>0002r</desc>
			<graphic mimeType="pdf" url="Einkaeign%201/6/HIGH_QUALITY_DISPLAY"/>
			<graphic mimeType="jpg" url="Einkaeign%201/6/THUMBNAIL" width="200px" height="246px"/>
			<graphic mimeType="jpg" url="Einkaeign%201/6/SECONDARY_DISPLAY" width="2479px" height="3048px"/>
			<graphic mimeType="pdf" url="Einkaeign%201/6/WEB_DISPLAY"/>
		</surface>
		<surface xml:id="Einkaeign-0001-0002v" n="7">
			<desc>0002v</desc>
			<graphic mimeType="pdf" url="Einkaeign%201/7/HIGH_QUALITY_DISPLAY"/>
			<graphic mimeType="jpg" url="Einkaeign%201/7/THUMBNAIL" width="200px" height="246px"/>
			<graphic mimeType="jpg" url="Einkaeign%201/7/SECONDARY_DISPLAY" width="2479px" height="3048px"/>
			<graphic mimeType="pdf" url="Einkaeign%201/7/WEB_DISPLAY"/>
		</surface>
		<surface xml:id="Einkaeign-0001-0003r" n="8">
			<desc>0003r</desc>
			<graphic mimeType="pdf" url="Einkaeign%201/8/HIGH_QUALITY_DISPLAY"/>
			<graphic mimeType="jpg" url="Einkaeign%201/8/THUMBNAIL" width="200px" height="246px"/>
			<graphic mimeType="jpg" url="Einkaeign%201/8/SECONDARY_DISPLAY" width="2479px" height="3048px"/>
			<graphic mimeType="pdf" url="Einkaeign%201/8/WEB_DISPLAY"/>
		</surface>
		<surface xml:id="Einkaeign-0001-0003v" n="9">
			<desc>0003v</desc>
			<graphic mimeType="pdf" url="Einkaeign%201/9/HIGH_QUALITY_DISPLAY"/>
			<graphic mimeType="jpg" url="Einkaeign%201/9/THUMBNAIL" width="200px" height="246px"/>
			<graphic mimeType="jpg" url="Einkaeign%201/9/SECONDARY_DISPLAY" width="2479px" height="3048px"/>
			<graphic mimeType="pdf" url="Einkaeign%201/9/WEB_DISPLAY"/>
		</surface>
		<surface xml:id="Einkaeign-0001-0004r" n="10">
			<desc>0004r</desc>
			<graphic mimeType="pdf" url="Einkaeign%201/10/HIGH_QUALITY_DISPLAY"/>
			<graphic mimeType="jpg" url="Einkaeign%201/10/THUMBNAIL" width="200px" height="246px"/>
			<graphic mimeType="jpg" url="Einkaeign%201/10/SECONDARY_DISPLAY" width="2479px" height="3048px"/>
			<graphic mimeType="pdf" url="Einkaeign%201/10/WEB_DISPLAY"/>
		</surface>
		<surface xml:id="Einkaeign-0001-0004v" n="11">
			<desc>0004v</desc>
			<graphic mimeType="pdf" url="Einkaeign%201/11/HIGH_QUALITY_DISPLAY"/>
			<graphic mimeType="jpg" url="Einkaeign%201/11/THUMBNAIL" width="200px" height="246px"/>
			<graphic mimeType="jpg" url="Einkaeign%201/11/SECONDARY_DISPLAY" width="2479px" height="3048px"/>
			<graphic mimeType="pdf" url="Einkaeign%201/11/WEB_DISPLAY"/>
		</surface>
		<surface xml:id="Einkaeign-0001-0005r" n="12">
			<desc>0005r</desc>
			<graphic mimeType="pdf" url="Einkaeign%201/12/HIGH_QUALITY_DISPLAY"/>
			<graphic mimeType="jpg" url="Einkaeign%201/12/THUMBNAIL" width="200px" height="246px"/>
			<graphic mimeType="jpg" url="Einkaeign%201/12/SECONDARY_DISPLAY" width="2479px" height="3048px"/>
			<graphic mimeType="pdf" url="Einkaeign%201/12/WEB_DISPLAY"/>
		</surface>
		<surface xml:id="Einkaeign-0001-0005v" n="13">
			<desc>0005v</desc>
			<graphic mimeType="pdf" url="Einkaeign%201/13/HIGH_QUALITY_DISPLAY"/>
			<graphic mimeType="jpg" url="Einkaeign%201/13/THUMBNAIL" width="200px" height="246px"/>
			<graphic mimeType="jpg" url="Einkaeign%201/13/SECONDARY_DISPLAY" width="2479px" height="3048px"/>
			<graphic mimeType="pdf" url="Einkaeign%201/13/WEB_DISPLAY"/>
		</surface>
		<surface xml:id="Einkaeign-0001-0006r" n="14">
			<desc>0006r</desc>
			<graphic mimeType="pdf" url="Einkaeign%201/14/HIGH_QUALITY_DISPLAY"/>
			<graphic mimeType="jpg" url="Einkaeign%201/14/THUMBNAIL" width="200px" height="246px"/>
			<graphic mimeType="jpg" url="Einkaeign%201/14/SECONDARY_DISPLAY" width="2479px" height="3048px"/>
			<graphic mimeType="pdf" url="Einkaeign%201/14/WEB_DISPLAY"/>
		</surface>
		<surface xml:id="Einkaeign-0001-0006v" n="15">
			<desc>0006v</desc>
			<graphic mimeType="pdf" url="Einkaeign%201/15/HIGH_QUALITY_DISPLAY"/>
			<graphic mimeType="jpg" url="Einkaeign%201/15/THUMBNAIL" width="200px" height="246px"/>
			<graphic mimeType="jpg" url="Einkaeign%201/15/SECONDARY_DISPLAY" width="2479px" height="3048px"/>
			<graphic mimeType="pdf" url="Einkaeign%201/15/WEB_DISPLAY"/>
		</surface>
		<surface xml:id="Einkaeign-0001-0007r" n="16">
			<desc>0007r</desc>
			<graphic mimeType="pdf" url="Einkaeign%201/16/HIGH_QUALITY_DISPLAY"/>
			<graphic mimeType="jpg" url="Einkaeign%201/16/THUMBNAIL" width="200px" height="246px"/>
			<graphic mimeType="jpg" url="Einkaeign%201/16/SECONDARY_DISPLAY" width="2479px" height="3048px"/>
			<graphic mimeType="pdf" url="Einkaeign%201/16/WEB_DISPLAY"/>
		</surface>
		<surface xml:id="Einkaeign-0001-0007v" n="17">
			<desc>0007v</desc>
			<graphic mimeType="pdf" url="Einkaeign%201/17/HIGH_QUALITY_DISPLAY"/>
			<graphic mimeType="jpg" url="Einkaeign%201/17/THUMBNAIL" width="200px" height="246px"/>
			<graphic mimeType="jpg" url="Einkaeign%201/17/SECONDARY_DISPLAY" width="2479px" height="3048px"/>
			<graphic mimeType="pdf" url="Einkaeign%201/17/WEB_DISPLAY"/>
		</surface>
		<surface xml:id="Einkaeign-0001-0008r" n="18">
			<desc>0008r</desc>
			<graphic mimeType="pdf" url="Einkaeign%201/18/HIGH_QUALITY_DISPLAY"/>
			<graphic mimeType="jpg" url="Einkaeign%201/18/THUMBNAIL" width="200px" height="246px"/>
			<graphic mimeType="jpg" url="Einkaeign%201/18/SECONDARY_DISPLAY" width="2479px" height="3048px"/>
			<graphic mimeType="pdf" url="Einkaeign%201/18/WEB_DISPLAY"/>
		</surface>
		<surface xml:id="Einkaeign-0001-0008v" n="19">
			<desc>0008v</desc>
			<graphic mimeType="pdf" url="Einkaeign%201/19/HIGH_QUALITY_DISPLAY"/>
			<graphic mimeType="jpg" url="Einkaeign%201/19/THUMBNAIL" width="200px" height="246px"/>
			<graphic mimeType="jpg" url="Einkaeign%201/19/SECONDARY_DISPLAY" width="2479px" height="3048px"/>
			<graphic mimeType="pdf" url="Einkaeign%201/19/WEB_DISPLAY"/>
		</surface>
		<surface xml:id="Einkaeign-0001-0009r" n="20">
			<desc>0009r</desc>
			<graphic mimeType="pdf" url="Einkaeign%201/20/HIGH_QUALITY_DISPLAY"/>
			<graphic mimeType="jpg" url="Einkaeign%201/20/THUMBNAIL" width="200px" height="246px"/>
			<graphic mimeType="jpg" url="Einkaeign%201/20/SECONDARY_DISPLAY" width="2479px" height="3048px"/>
			<graphic mimeType="pdf" url="Einkaeign%201/20/WEB_DISPLAY"/>
		</surface>
		<surface xml:id="Einkaeign-0001-0009v" n="21">
			<desc>0009v</desc>
			<graphic mimeType="pdf" url="Einkaeign%201/21/HIGH_QUALITY_DISPLAY"/>
			<graphic mimeType="jpg" url="Einkaeign%201/21/THUMBNAIL" width="200px" height="246px"/>
			<graphic mimeType="jpg" url="Einkaeign%201/21/SECONDARY_DISPLAY" width="2479px" height="3048px"/>
			<graphic mimeType="pdf" url="Einkaeign%201/21/WEB_DISPLAY"/>
		</surface>
		<surface xml:id="Einkaeign-0001-0010r" n="22">
			<desc>0010r</desc>
			<graphic mimeType="pdf" url="Einkaeign%201/22/HIGH_QUALITY_DISPLAY"/>
			<graphic mimeType="jpg" url="Einkaeign%201/22/THUMBNAIL" width="200px" height="246px"/>
			<graphic mimeType="jpg" url="Einkaeign%201/22/SECONDARY_DISPLAY" width="2479px" height="3048px"/>
			<graphic mimeType="pdf" url="Einkaeign%201/22/WEB_DISPLAY"/>
		</surface>
		<surface xml:id="Einkaeign-0001-0010v" n="23">
			<desc>0010v</desc>
			<graphic mimeType="pdf" url="Einkaeign%201/23/HIGH_QUALITY_DISPLAY"/>
			<graphic mimeType="jpg" url="Einkaeign%201/23/THUMBNAIL" width="200px" height="246px"/>
			<graphic mimeType="jpg" url="Einkaeign%201/23/SECONDARY_DISPLAY" width="2479px" height="3048px"/>
			<graphic mimeType="pdf" url="Einkaeign%201/23/WEB_DISPLAY"/>
		</surface>
		<surface xml:id="Einkaeign-0001-0011r" n="24">
			<desc>0011r</desc>
			<graphic mimeType="pdf" url="Einkaeign%201/24/HIGH_QUALITY_DISPLAY"/>
			<graphic mimeType="jpg" url="Einkaeign%201/24/THUMBNAIL" width="200px" height="246px"/>
			<graphic mimeType="jpg" url="Einkaeign%201/24/SECONDARY_DISPLAY" width="2479px" height="3048px"/>
			<graphic mimeType="pdf" url="Einkaeign%201/24/WEB_DISPLAY"/>
		</surface>
		<surface xml:id="Einkaeign-0001-0011v" n="25">
			<desc>0011v</desc>
			<graphic mimeType="pdf" url="Einkaeign%201/25/HIGH_QUALITY_DISPLAY"/>
			<graphic mimeType="jpg" url="Einkaeign%201/25/THUMBNAIL" width="200px" height="246px"/>
			<graphic mimeType="jpg" url="Einkaeign%201/25/SECONDARY_DISPLAY" width="2479px" height="3048px"/>
			<graphic mimeType="pdf" url="Einkaeign%201/25/WEB_DISPLAY"/>
		</surface>
		<surface xml:id="Einkaeign-0001-0012r" n="26">
			<desc>0012r</desc>
			<graphic mimeType="pdf" url="Einkaeign%201/26/HIGH_QUALITY_DISPLAY"/>
			<graphic mimeType="jpg" url="Einkaeign%201/26/THUMBNAIL" width="200px" height="246px"/>
			<graphic mimeType="jpg" url="Einkaeign%201/26/SECONDARY_DISPLAY" width="2479px" height="3048px"/>
			<graphic mimeType="pdf" url="Einkaeign%201/26/WEB_DISPLAY"/>
		</surface>
		<surface xml:id="Einkaeign-0001-0012v" n="27">
			<desc>0012v</desc>
			<graphic mimeType="pdf" url="Einkaeign%201/27/HIGH_QUALITY_DISPLAY"/>
			<graphic mimeType="jpg" url="Einkaeign%201/27/THUMBNAIL" width="200px" height="246px"/>
			<graphic mimeType="jpg" url="Einkaeign%201/27/SECONDARY_DISPLAY" width="2479px" height="3048px"/>
			<graphic mimeType="pdf" url="Einkaeign%201/27/WEB_DISPLAY"/>
		</surface>
		<surface xml:id="Einkaeign-0001-0013r" n="28">
			<desc>0013r</desc>
			<graphic mimeType="pdf" url="Einkaeign%201/28/HIGH_QUALITY_DISPLAY"/>
			<graphic mimeType="jpg" url="Einkaeign%201/28/THUMBNAIL" width="200px" height="246px"/>
			<graphic mimeType="jpg" url="Einkaeign%201/28/SECONDARY_DISPLAY" width="2479px" height="3048px"/>
			<graphic mimeType="pdf" url="Einkaeign%201/28/WEB_DISPLAY"/>
		</surface>
		<surface xml:id="Einkaeign-0001-0013v" n="29">
			<desc>0013v</desc>
			<graphic mimeType="pdf" url="Einkaeign%201/29/HIGH_QUALITY_DISPLAY"/>
			<graphic mimeType="jpg" url="Einkaeign%201/29/THUMBNAIL" width="200px" height="246px"/>
			<graphic mimeType="jpg" url="Einkaeign%201/29/SECONDARY_DISPLAY" width="2479px" height="3048px"/>
			<graphic mimeType="pdf" url="Einkaeign%201/29/WEB_DISPLAY"/>
		</surface>
		<surface xml:id="Einkaeign-0001-0014r" n="30">
			<desc>0014r</desc>
			<graphic mimeType="pdf" url="Einkaeign%201/30/HIGH_QUALITY_DISPLAY"/>
			<graphic mimeType="jpg" url="Einkaeign%201/30/THUMBNAIL" width="200px" height="246px"/>
			<graphic mimeType="jpg" url="Einkaeign%201/30/SECONDARY_DISPLAY" width="2479px" height="3048px"/>
			<graphic mimeType="pdf" url="Einkaeign%201/30/WEB_DISPLAY"/>
		</surface>
		<surface xml:id="Einkaeign-0001-0014v" n="31">
			<desc>0014v</desc>
			<graphic mimeType="pdf" url="Einkaeign%201/31/HIGH_QUALITY_DISPLAY"/>
			<graphic mimeType="jpg" url="Einkaeign%201/31/THUMBNAIL" width="200px" height="246px"/>
			<graphic mimeType="jpg" url="Einkaeign%201/31/SECONDARY_DISPLAY" width="2479px" height="3048px"/>
			<graphic mimeType="pdf" url="Einkaeign%201/31/WEB_DISPLAY"/>
		</surface>
		<surface xml:id="Einkaeign-0001-0015r" n="32">
			<desc>0015r</desc>
			<graphic mimeType="pdf" url="Einkaeign%201/32/HIGH_QUALITY_DISPLAY"/>
			<graphic mimeType="jpg" url="Einkaeign%201/32/THUMBNAIL" width="200px" height="246px"/>
			<graphic mimeType="jpg" url="Einkaeign%201/32/SECONDARY_DISPLAY" width="2479px" height="3048px"/>
			<graphic mimeType="pdf" url="Einkaeign%201/32/WEB_DISPLAY"/>
		</surface>
		<surface xml:id="Einkaeign-0001-0015v" n="33">
			<desc>0015v</desc>
			<graphic mimeType="pdf" url="Einkaeign%201/33/HIGH_QUALITY_DISPLAY"/>
			<graphic mimeType="jpg" url="Einkaeign%201/33/THUMBNAIL" width="200px" height="246px"/>
			<graphic mimeType="jpg" url="Einkaeign%201/33/SECONDARY_DISPLAY" width="2479px" height="3048px"/>
			<graphic mimeType="pdf" url="Einkaeign%201/33/WEB_DISPLAY"/>
		</surface>
		<surface xml:id="Einkaeign-0001-0016r" n="34">
			<desc>0016r</desc>
			<graphic mimeType="pdf" url="Einkaeign%201/34/HIGH_QUALITY_DISPLAY"/>
			<graphic mimeType="jpg" url="Einkaeign%201/34/THUMBNAIL" width="200px" height="246px"/>
			<graphic mimeType="jpg" url="Einkaeign%201/34/SECONDARY_DISPLAY" width="2479px" height="3048px"/>
			<graphic mimeType="pdf" url="Einkaeign%201/34/WEB_DISPLAY"/>
		</surface>
		<surface xml:id="Einkaeign-0001-0016v" n="35">
			<desc>0016v</desc>
			<graphic mimeType="pdf" url="Einkaeign%201/35/HIGH_QUALITY_DISPLAY"/>
			<graphic mimeType="jpg" url="Einkaeign%201/35/THUMBNAIL" width="200px" height="246px"/>
			<graphic mimeType="jpg" url="Einkaeign%201/35/SECONDARY_DISPLAY" width="2479px" height="3048px"/>
			<graphic mimeType="pdf" url="Einkaeign%201/35/WEB_DISPLAY"/>
		</surface>
		<surface xml:id="Einkaeign-0001-0017r" n="36">
			<desc>0017r</desc>
			<graphic mimeType="pdf" url="Einkaeign%201/36/HIGH_QUALITY_DISPLAY"/>
			<graphic mimeType="jpg" url="Einkaeign%201/36/THUMBNAIL" width="200px" height="246px"/>
			<graphic mimeType="jpg" url="Einkaeign%201/36/SECONDARY_DISPLAY" width="2479px" height="3048px"/>
			<graphic mimeType="pdf" url="Einkaeign%201/36/WEB_DISPLAY"/>
		</surface>
		<surface xml:id="Einkaeign-0001-0017v" n="37">
			<desc>0017v</desc>
			<graphic mimeType="pdf" url="Einkaeign%201/37/HIGH_QUALITY_DISPLAY"/>
			<graphic mimeType="jpg" url="Einkaeign%201/37/THUMBNAIL" width="200px" height="246px"/>
			<graphic mimeType="jpg" url="Einkaeign%201/37/SECONDARY_DISPLAY" width="2479px" height="3048px"/>
			<graphic mimeType="pdf" url="Einkaeign%201/37/WEB_DISPLAY"/>
		</surface>
		<surface xml:id="Einkaeign-0001-0018r" n="38">
			<desc>0018r</desc>
			<graphic mimeType="pdf" url="Einkaeign%201/38/HIGH_QUALITY_DISPLAY"/>
			<graphic mimeType="jpg" url="Einkaeign%201/38/THUMBNAIL" width="200px" height="246px"/>
			<graphic mimeType="jpg" url="Einkaeign%201/38/SECONDARY_DISPLAY" width="2479px" height="3048px"/>
			<graphic mimeType="pdf" url="Einkaeign%201/38/WEB_DISPLAY"/>
		</surface>
		<surface xml:id="Einkaeign-0001-0018v" n="39">
			<desc>0018v</desc>
			<graphic mimeType="pdf" url="Einkaeign%201/39/HIGH_QUALITY_DISPLAY"/>
			<graphic mimeType="jpg" url="Einkaeign%201/39/THUMBNAIL" width="200px" height="246px"/>
			<graphic mimeType="jpg" url="Einkaeign%201/39/SECONDARY_DISPLAY" width="2479px" height="3048px"/>
			<graphic mimeType="pdf" url="Einkaeign%201/39/WEB_DISPLAY"/>
		</surface>
		<surface xml:id="Einkaeign-0001-0019r" n="40">
			<desc>0019r</desc>
			<graphic mimeType="pdf" url="Einkaeign%201/40/HIGH_QUALITY_DISPLAY"/>
			<graphic mimeType="jpg" url="Einkaeign%201/40/THUMBNAIL" width="200px" height="246px"/>
			<graphic mimeType="jpg" url="Einkaeign%201/40/SECONDARY_DISPLAY" width="2479px" height="3048px"/>
			<graphic mimeType="pdf" url="Einkaeign%201/40/WEB_DISPLAY"/>
		</surface>
		<surface xml:id="Einkaeign-0001-0019v" n="41">
			<desc>0019v</desc>
			<graphic mimeType="pdf" url="Einkaeign%201/41/HIGH_QUALITY_DISPLAY"/>
			<graphic mimeType="jpg" url="Einkaeign%201/41/THUMBNAIL" width="200px" height="246px"/>
			<graphic mimeType="jpg" url="Einkaeign%201/41/SECONDARY_DISPLAY" width="2479px" height="3048px"/>
			<graphic mimeType="pdf" url="Einkaeign%201/41/WEB_DISPLAY"/>
		</surface>
		<surface xml:id="Einkaeign-0001-0020r" n="42">
			<desc>0020r</desc>
			<graphic mimeType="pdf" url="Einkaeign%201/42/HIGH_QUALITY_DISPLAY"/>
			<graphic mimeType="jpg" url="Einkaeign%201/42/THUMBNAIL" width="200px" height="246px"/>
			<graphic mimeType="jpg" url="Einkaeign%201/42/SECONDARY_DISPLAY" width="2479px" height="3048px"/>
			<graphic mimeType="pdf" url="Einkaeign%201/42/WEB_DISPLAY"/>
		</surface>
		<surface xml:id="Einkaeign-0001-0020v" n="43">
			<desc>0020v</desc>
			<graphic mimeType="pdf" url="Einkaeign%201/43/HIGH_QUALITY_DISPLAY"/>
			<graphic mimeType="jpg" url="Einkaeign%201/43/THUMBNAIL" width="200px" height="246px"/>
			<graphic mimeType="jpg" url="Einkaeign%201/43/SECONDARY_DISPLAY" width="2479px" height="3048px"/>
			<graphic mimeType="pdf" url="Einkaeign%201/43/WEB_DISPLAY"/>
		</surface>
		<surface xml:id="Einkaeign-0001-0021r" n="44">
			<desc>0021r</desc>
			<graphic mimeType="pdf" url="Einkaeign%201/44/HIGH_QUALITY_DISPLAY"/>
			<graphic mimeType="jpg" url="Einkaeign%201/44/THUMBNAIL" width="200px" height="246px"/>
			<graphic mimeType="jpg" url="Einkaeign%201/44/SECONDARY_DISPLAY" width="2479px" height="3048px"/>
			<graphic mimeType="pdf" url="Einkaeign%201/44/WEB_DISPLAY"/>
		</surface>
		<surface xml:id="Einkaeign-0001-0021v" n="45">
			<desc>0021v</desc>
			<graphic mimeType="pdf" url="Einkaeign%201/45/HIGH_QUALITY_DISPLAY"/>
			<graphic mimeType="jpg" url="Einkaeign%201/45/THUMBNAIL" width="200px" height="246px"/>
			<graphic mimeType="jpg" url="Einkaeign%201/45/SECONDARY_DISPLAY" width="2479px" height="3048px"/>
			<graphic mimeType="pdf" url="Einkaeign%201/45/WEB_DISPLAY"/>
		</surface>
		<surface xml:id="Einkaeign-0001-0022r" n="46">
			<desc>0022r</desc>
			<graphic mimeType="pdf" url="Einkaeign%201/46/HIGH_QUALITY_DISPLAY"/>
			<graphic mimeType="jpg" url="Einkaeign%201/46/THUMBNAIL" width="200px" height="246px"/>
			<graphic mimeType="jpg" url="Einkaeign%201/46/SECONDARY_DISPLAY" width="2479px" height="3048px"/>
			<graphic mimeType="pdf" url="Einkaeign%201/46/WEB_DISPLAY"/>
		</surface>
		<surface xml:id="Einkaeign-0001-0022v" n="47">
			<desc>0022v</desc>
			<graphic mimeType="pdf" url="Einkaeign%201/47/HIGH_QUALITY_DISPLAY"/>
			<graphic mimeType="jpg" url="Einkaeign%201/47/THUMBNAIL" width="200px" height="246px"/>
			<graphic mimeType="jpg" url="Einkaeign%201/47/SECONDARY_DISPLAY" width="2479px" height="3048px"/>
			<graphic mimeType="pdf" url="Einkaeign%201/47/WEB_DISPLAY"/>
		</surface>
		<surface xml:id="Einkaeign-0001-0023r" n="48">
			<desc>0023r</desc>
			<graphic mimeType="pdf" url="Einkaeign%201/48/HIGH_QUALITY_DISPLAY"/>
			<graphic mimeType="jpg" url="Einkaeign%201/48/THUMBNAIL" width="200px" height="246px"/>
			<graphic mimeType="jpg" url="Einkaeign%201/48/SECONDARY_DISPLAY" width="2479px" height="3048px"/>
			<graphic mimeType="pdf" url="Einkaeign%201/48/WEB_DISPLAY"/>
		</surface>
		<surface xml:id="Einkaeign-0001-0023v" n="49">
			<desc>0023v</desc>
			<graphic mimeType="pdf" url="Einkaeign%201/49/HIGH_QUALITY_DISPLAY"/>
			<graphic mimeType="jpg" url="Einkaeign%201/49/THUMBNAIL" width="200px" height="246px"/>
			<graphic mimeType="jpg" url="Einkaeign%201/49/SECONDARY_DISPLAY" width="2479px" height="3048px"/>
			<graphic mimeType="pdf" url="Einkaeign%201/49/WEB_DISPLAY"/>
		</surface>
		<surface xml:id="Einkaeign-0001-0024r" n="50">
			<desc>0024r</desc>
			<graphic mimeType="pdf" url="Einkaeign%201/50/HIGH_QUALITY_DISPLAY"/>
			<graphic mimeType="jpg" url="Einkaeign%201/50/THUMBNAIL" width="200px" height="246px"/>
			<graphic mimeType="jpg" url="Einkaeign%201/50/SECONDARY_DISPLAY" width="2479px" height="3048px"/>
			<graphic mimeType="pdf" url="Einkaeign%201/50/WEB_DISPLAY"/>
		</surface>
		<surface xml:id="Einkaeign-0001-0024v" n="51">
			<desc>0024v</desc>
			<graphic mimeType="pdf" url="Einkaeign%201/51/HIGH_QUALITY_DISPLAY"/>
			<graphic mimeType="jpg" url="Einkaeign%201/51/THUMBNAIL" width="200px" height="246px"/>
			<graphic mimeType="jpg" url="Einkaeign%201/51/SECONDARY_DISPLAY" width="2479px" height="3048px"/>
			<graphic mimeType="pdf" url="Einkaeign%201/51/WEB_DISPLAY"/>
		</surface>
		<surface xml:id="Einkaeign-0001-0025r" n="52">
			<desc>0025r</desc>
			<graphic mimeType="pdf" url="Einkaeign%201/52/HIGH_QUALITY_DISPLAY"/>
			<graphic mimeType="jpg" url="Einkaeign%201/52/THUMBNAIL" width="200px" height="246px"/>
			<graphic mimeType="jpg" url="Einkaeign%201/52/SECONDARY_DISPLAY" width="2479px" height="3048px"/>
			<graphic mimeType="pdf" url="Einkaeign%201/52/WEB_DISPLAY"/>
		</surface>
		<surface xml:id="Einkaeign-0001-0025v" n="53">
			<desc>0025v</desc>
			<graphic mimeType="pdf" url="Einkaeign%201/53/HIGH_QUALITY_DISPLAY"/>
			<graphic mimeType="jpg" url="Einkaeign%201/53/THUMBNAIL" width="200px" height="246px"/>
			<graphic mimeType="jpg" url="Einkaeign%201/53/SECONDARY_DISPLAY" width="2479px" height="3048px"/>
			<graphic mimeType="pdf" url="Einkaeign%201/53/WEB_DISPLAY"/>
		</surface>
		<surface xml:id="Einkaeign-0001-0026r" n="54">
			<desc>0026r</desc>
			<graphic mimeType="pdf" url="Einkaeign%201/54/HIGH_QUALITY_DISPLAY"/>
			<graphic mimeType="jpg" url="Einkaeign%201/54/THUMBNAIL" width="200px" height="246px"/>
			<graphic mimeType="jpg" url="Einkaeign%201/54/SECONDARY_DISPLAY" width="2479px" height="3048px"/>
			<graphic mimeType="pdf" url="Einkaeign%201/54/WEB_DISPLAY"/>
		</surface>
		<surface xml:id="Einkaeign-0001-0026v" n="55">
			<desc>0026v</desc>
			<graphic mimeType="pdf" url="Einkaeign%201/55/HIGH_QUALITY_DISPLAY"/>
			<graphic mimeType="jpg" url="Einkaeign%201/55/THUMBNAIL" width="200px" height="246px"/>
			<graphic mimeType="jpg" url="Einkaeign%201/55/SECONDARY_DISPLAY" width="2479px" height="3048px"/>
			<graphic mimeType="pdf" url="Einkaeign%201/55/WEB_DISPLAY"/>
		</surface>
		<surface xml:id="Einkaeign-0001-0027r" n="56">
			<desc>0027r</desc>
			<graphic mimeType="pdf" url="Einkaeign%201/56/HIGH_QUALITY_DISPLAY"/>
			<graphic mimeType="jpg" url="Einkaeign%201/56/THUMBNAIL" width="200px" height="246px"/>
			<graphic mimeType="jpg" url="Einkaeign%201/56/SECONDARY_DISPLAY" width="2479px" height="3048px"/>
			<graphic mimeType="pdf" url="Einkaeign%201/56/WEB_DISPLAY"/>
		</surface>
		<surface xml:id="Einkaeign-0001-0027v" n="57">
			<desc>0027v</desc>
			<graphic mimeType="pdf" url="Einkaeign%201/57/HIGH_QUALITY_DISPLAY"/>
			<graphic mimeType="jpg" url="Einkaeign%201/57/THUMBNAIL" width="200px" height="246px"/>
			<graphic mimeType="jpg" url="Einkaeign%201/57/SECONDARY_DISPLAY" width="2479px" height="3048px"/>
			<graphic mimeType="pdf" url="Einkaeign%201/57/WEB_DISPLAY"/>
		</surface>
		<surface xml:id="Einkaeign-0001-0028r" n="58">
			<desc>0028r</desc>
			<graphic mimeType="pdf" url="Einkaeign%201/58/HIGH_QUALITY_DISPLAY"/>
			<graphic mimeType="jpg" url="Einkaeign%201/58/THUMBNAIL" width="200px" height="246px"/>
			<graphic mimeType="jpg" url="Einkaeign%201/58/SECONDARY_DISPLAY" width="2479px" height="3048px"/>
			<graphic mimeType="pdf" url="Einkaeign%201/58/WEB_DISPLAY"/>
		</surface>
		<surface xml:id="Einkaeign-0001-0028v" n="59">
			<desc>0028v</desc>
			<graphic mimeType="pdf" url="Einkaeign%201/59/HIGH_QUALITY_DISPLAY"/>
			<graphic mimeType="jpg" url="Einkaeign%201/59/THUMBNAIL" width="200px" height="246px"/>
			<graphic mimeType="jpg" url="Einkaeign%201/59/SECONDARY_DISPLAY" width="2479px" height="3048px"/>
			<graphic mimeType="pdf" url="Einkaeign%201/59/WEB_DISPLAY"/>
		</surface>
		<surface xml:id="Einkaeign-0001-0029r" n="60">
			<desc>0029r</desc>
			<graphic mimeType="pdf" url="Einkaeign%201/60/HIGH_QUALITY_DISPLAY"/>
			<graphic mimeType="jpg" url="Einkaeign%201/60/THUMBNAIL" width="200px" height="246px"/>
			<graphic mimeType="jpg" url="Einkaeign%201/60/SECONDARY_DISPLAY" width="2479px" height="3048px"/>
			<graphic mimeType="pdf" url="Einkaeign%201/60/WEB_DISPLAY"/>
		</surface>
		<surface xml:id="Einkaeign-0001-0029v" n="61">
			<desc>0029v</desc>
			<graphic mimeType="pdf" url="Einkaeign%201/61/HIGH_QUALITY_DISPLAY"/>
			<graphic mimeType="jpg" url="Einkaeign%201/61/THUMBNAIL" width="200px" height="246px"/>
			<graphic mimeType="jpg" url="Einkaeign%201/61/SECONDARY_DISPLAY" width="2479px" height="3048px"/>
			<graphic mimeType="pdf" url="Einkaeign%201/61/WEB_DISPLAY"/>
		</surface>
		<surface xml:id="Einkaeign-0001-0030r" n="62">
			<desc>0030r</desc>
			<graphic mimeType="pdf" url="Einkaeign%201/62/HIGH_QUALITY_DISPLAY"/>
			<graphic mimeType="jpg" url="Einkaeign%201/62/THUMBNAIL" width="200px" height="246px"/>
			<graphic mimeType="jpg" url="Einkaeign%201/62/SECONDARY_DISPLAY" width="2479px" height="3048px"/>
			<graphic mimeType="pdf" url="Einkaeign%201/62/WEB_DISPLAY"/>
		</surface>
		<surface xml:id="Einkaeign-0001-0030v" n="63">
			<desc>0030v</desc>
			<graphic mimeType="pdf" url="Einkaeign%201/63/HIGH_QUALITY_DISPLAY"/>
			<graphic mimeType="jpg" url="Einkaeign%201/63/THUMBNAIL" width="200px" height="246px"/>
			<graphic mimeType="jpg" url="Einkaeign%201/63/SECONDARY_DISPLAY" width="2479px" height="3048px"/>
			<graphic mimeType="pdf" url="Einkaeign%201/63/WEB_DISPLAY"/>
		</surface>
		<surface xml:id="Einkaeign-0001-0031r" n="64">
			<desc>0031r</desc>
			<graphic mimeType="pdf" url="Einkaeign%201/64/HIGH_QUALITY_DISPLAY"/>
			<graphic mimeType="jpg" url="Einkaeign%201/64/THUMBNAIL" width="200px" height="246px"/>
			<graphic mimeType="jpg" url="Einkaeign%201/64/SECONDARY_DISPLAY" width="2479px" height="3048px"/>
			<graphic mimeType="pdf" url="Einkaeign%201/64/WEB_DISPLAY"/>
		</surface>
		<surface xml:id="Einkaeign-0001-0031v" n="65">
			<desc>0031v</desc>
			<graphic mimeType="pdf" url="Einkaeign%201/65/HIGH_QUALITY_DISPLAY"/>
			<graphic mimeType="jpg" url="Einkaeign%201/65/THUMBNAIL" width="200px" height="246px"/>
			<graphic mimeType="jpg" url="Einkaeign%201/65/SECONDARY_DISPLAY" width="2479px" height="3048px"/>
			<graphic mimeType="pdf" url="Einkaeign%201/65/WEB_DISPLAY"/>
		</surface>
		<surface xml:id="Einkaeign-0001-0032r" n="66">
			<desc>0032r</desc>
			<graphic mimeType="pdf" url="Einkaeign%201/66/HIGH_QUALITY_DISPLAY"/>
			<graphic mimeType="jpg" url="Einkaeign%201/66/THUMBNAIL" width="200px" height="246px"/>
			<graphic mimeType="jpg" url="Einkaeign%201/66/SECONDARY_DISPLAY" width="2479px" height="3048px"/>
			<graphic mimeType="pdf" url="Einkaeign%201/66/WEB_DISPLAY"/>
		</surface>
		<surface xml:id="Einkaeign-0001-0032v" n="67">
			<desc>0032v</desc>
			<graphic mimeType="pdf" url="Einkaeign%201/67/HIGH_QUALITY_DISPLAY"/>
			<graphic mimeType="jpg" url="Einkaeign%201/67/THUMBNAIL" width="200px" height="246px"/>
			<graphic mimeType="jpg" url="Einkaeign%201/67/SECONDARY_DISPLAY" width="2479px" height="3048px"/>
			<graphic mimeType="pdf" url="Einkaeign%201/67/WEB_DISPLAY"/>
		</surface>
		<surface xml:id="Einkaeign-0001-0033r" n="68">
			<desc>0033r</desc>
			<graphic mimeType="pdf" url="Einkaeign%201/68/HIGH_QUALITY_DISPLAY"/>
			<graphic mimeType="jpg" url="Einkaeign%201/68/THUMBNAIL" width="200px" height="246px"/>
			<graphic mimeType="jpg" url="Einkaeign%201/68/SECONDARY_DISPLAY" width="2479px" height="3048px"/>
			<graphic mimeType="pdf" url="Einkaeign%201/68/WEB_DISPLAY"/>
		</surface>
		<surface xml:id="Einkaeign-0001-0033v" n="69">
			<desc>0033v</desc>
			<graphic mimeType="pdf" url="Einkaeign%201/69/HIGH_QUALITY_DISPLAY"/>
			<graphic mimeType="jpg" url="Einkaeign%201/69/THUMBNAIL" width="200px" height="246px"/>
			<graphic mimeType="jpg" url="Einkaeign%201/69/SECONDARY_DISPLAY" width="2479px" height="3048px"/>
			<graphic mimeType="pdf" url="Einkaeign%201/69/WEB_DISPLAY"/>
		</surface>
		<surface xml:id="Einkaeign-0001-0034r" n="70">
			<desc>0034r</desc>
			<graphic mimeType="pdf" url="Einkaeign%201/70/HIGH_QUALITY_DISPLAY"/>
			<graphic mimeType="jpg" url="Einkaeign%201/70/THUMBNAIL" width="200px" height="246px"/>
			<graphic mimeType="jpg" url="Einkaeign%201/70/SECONDARY_DISPLAY" width="2479px" height="3048px"/>
			<graphic mimeType="pdf" url="Einkaeign%201/70/WEB_DISPLAY"/>
		</surface>
		<surface xml:id="Einkaeign-0001-0034v" n="71">
			<desc>0034v</desc>
			<graphic mimeType="pdf" url="Einkaeign%201/71/HIGH_QUALITY_DISPLAY"/>
			<graphic mimeType="jpg" url="Einkaeign%201/71/THUMBNAIL" width="200px" height="246px"/>
			<graphic mimeType="jpg" url="Einkaeign%201/71/SECONDARY_DISPLAY" width="2479px" height="3048px"/>
			<graphic mimeType="pdf" url="Einkaeign%201/71/WEB_DISPLAY"/>
		</surface>
		<surface xml:id="Einkaeign-0001-0035r" n="72">
			<desc>0035r</desc>
			<graphic mimeType="pdf" url="Einkaeign%201/72/HIGH_QUALITY_DISPLAY"/>
			<graphic mimeType="jpg" url="Einkaeign%201/72/THUMBNAIL" width="200px" height="246px"/>
			<graphic mimeType="jpg" url="Einkaeign%201/72/SECONDARY_DISPLAY" width="2479px" height="3048px"/>
			<graphic mimeType="pdf" url="Einkaeign%201/72/WEB_DISPLAY"/>
		</surface>
		<surface xml:id="Einkaeign-0001-0035v" n="73">
			<desc>0035v</desc>
			<graphic mimeType="pdf" url="Einkaeign%201/73/HIGH_QUALITY_DISPLAY"/>
			<graphic mimeType="jpg" url="Einkaeign%201/73/THUMBNAIL" width="200px" height="246px"/>
			<graphic mimeType="jpg" url="Einkaeign%201/73/SECONDARY_DISPLAY" width="2479px" height="3048px"/>
			<graphic mimeType="pdf" url="Einkaeign%201/73/WEB_DISPLAY"/>
		</surface>
		<surface xml:id="Einkaeign-0001-0036r" n="74">
			<desc>0036r</desc>
			<graphic mimeType="pdf" url="Einkaeign%201/74/HIGH_QUALITY_DISPLAY"/>
			<graphic mimeType="jpg" url="Einkaeign%201/74/THUMBNAIL" width="200px" height="246px"/>
			<graphic mimeType="jpg" url="Einkaeign%201/74/SECONDARY_DISPLAY" width="2479px" height="3048px"/>
			<graphic mimeType="pdf" url="Einkaeign%201/74/WEB_DISPLAY"/>
		</surface>
		<surface xml:id="Einkaeign-0001-0036v" n="75">
			<desc>0036v</desc>
			<graphic mimeType="pdf" url="Einkaeign%201/75/HIGH_QUALITY_DISPLAY"/>
			<graphic mimeType="jpg" url="Einkaeign%201/75/THUMBNAIL" width="200px" height="246px"/>
			<graphic mimeType="jpg" url="Einkaeign%201/75/SECONDARY_DISPLAY" width="2479px" height="3048px"/>
			<graphic mimeType="pdf" url="Einkaeign%201/75/WEB_DISPLAY"/>
		</surface>
		<surface xml:id="Einkaeign-0001-0037r" n="76">
			<desc>0037r</desc>
			<graphic mimeType="pdf" url="Einkaeign%201/76/HIGH_QUALITY_DISPLAY"/>
			<graphic mimeType="jpg" url="Einkaeign%201/76/THUMBNAIL" width="200px" height="246px"/>
			<graphic mimeType="jpg" url="Einkaeign%201/76/SECONDARY_DISPLAY" width="2479px" height="3048px"/>
			<graphic mimeType="pdf" url="Einkaeign%201/76/WEB_DISPLAY"/>
		</surface>
		<surface xml:id="Einkaeign-0001-0037v" n="77">
			<desc>0037v</desc>
			<graphic mimeType="pdf" url="Einkaeign%201/77/HIGH_QUALITY_DISPLAY"/>
			<graphic mimeType="jpg" url="Einkaeign%201/77/THUMBNAIL" width="200px" height="246px"/>
			<graphic mimeType="jpg" url="Einkaeign%201/77/SECONDARY_DISPLAY" width="2479px" height="3048px"/>
			<graphic mimeType="pdf" url="Einkaeign%201/77/WEB_DISPLAY"/>
		</surface>
		<surface xml:id="Einkaeign-0001-0038r" n="78">
			<desc>0038r</desc>
			<graphic mimeType="pdf" url="Einkaeign%201/78/HIGH_QUALITY_DISPLAY"/>
			<graphic mimeType="jpg" url="Einkaeign%201/78/THUMBNAIL" width="200px" height="246px"/>
			<graphic mimeType="jpg" url="Einkaeign%201/78/SECONDARY_DISPLAY" width="2479px" height="3048px"/>
			<graphic mimeType="pdf" url="Einkaeign%201/78/WEB_DISPLAY"/>
		</surface>
		<surface xml:id="Einkaeign-0001-0038v" n="79">
			<desc>0038v</desc>
			<graphic mimeType="pdf" url="Einkaeign%201/79/HIGH_QUALITY_DISPLAY"/>
			<graphic mimeType="jpg" url="Einkaeign%201/79/THUMBNAIL" width="200px" height="246px"/>
			<graphic mimeType="jpg" url="Einkaeign%201/79/SECONDARY_DISPLAY" width="2479px" height="3048px"/>
			<graphic mimeType="pdf" url="Einkaeign%201/79/WEB_DISPLAY"/>
		</surface>
		<surface xml:id="Einkaeign-0001-0039r" n="80">
			<desc>0039r</desc>
			<graphic mimeType="pdf" url="Einkaeign%201/80/HIGH_QUALITY_DISPLAY"/>
			<graphic mimeType="jpg" url="Einkaeign%201/80/THUMBNAIL" width="200px" height="246px"/>
			<graphic mimeType="jpg" url="Einkaeign%201/80/SECONDARY_DISPLAY" width="2479px" height="3048px"/>
			<graphic mimeType="pdf" url="Einkaeign%201/80/WEB_DISPLAY"/>
		</surface>
		<surface xml:id="Einkaeign-0001-0039v" n="81">
			<desc>0039v</desc>
			<graphic mimeType="pdf" url="Einkaeign%201/81/HIGH_QUALITY_DISPLAY"/>
			<graphic mimeType="jpg" url="Einkaeign%201/81/THUMBNAIL" width="200px" height="246px"/>
			<graphic mimeType="jpg" url="Einkaeign%201/81/SECONDARY_DISPLAY" width="2479px" height="3048px"/>
			<graphic mimeType="pdf" url="Einkaeign%201/81/WEB_DISPLAY"/>
		</surface>
		<surface xml:id="Einkaeign-0001-0040r" n="82">
			<desc>0040r</desc>
			<graphic mimeType="pdf" url="Einkaeign%201/82/HIGH_QUALITY_DISPLAY"/>
			<graphic mimeType="jpg" url="Einkaeign%201/82/THUMBNAIL" width="200px" height="246px"/>
			<graphic mimeType="jpg" url="Einkaeign%201/82/SECONDARY_DISPLAY" width="2479px" height="3048px"/>
			<graphic mimeType="pdf" url="Einkaeign%201/82/WEB_DISPLAY"/>
		</surface>
		<surface xml:id="Einkaeign-0001-0040v" n="83">
			<desc>0040v</desc>
			<graphic mimeType="pdf" url="Einkaeign%201/83/HIGH_QUALITY_DISPLAY"/>
			<graphic mimeType="jpg" url="Einkaeign%201/83/THUMBNAIL" width="200px" height="246px"/>
			<graphic mimeType="jpg" url="Einkaeign%201/83/SECONDARY_DISPLAY" width="2479px" height="3048px"/>
			<graphic mimeType="pdf" url="Einkaeign%201/83/WEB_DISPLAY"/>
		</surface>
		<surface xml:id="Einkaeign-0001-0041r" n="84">
			<desc>0041r</desc>
			<graphic mimeType="pdf" url="Einkaeign%201/84/HIGH_QUALITY_DISPLAY"/>
			<graphic mimeType="jpg" url="Einkaeign%201/84/THUMBNAIL" width="200px" height="246px"/>
			<graphic mimeType="jpg" url="Einkaeign%201/84/SECONDARY_DISPLAY" width="2479px" height="3048px"/>
			<graphic mimeType="pdf" url="Einkaeign%201/84/WEB_DISPLAY"/>
		</surface>
		<surface xml:id="Einkaeign-0001-0041v" n="85">
			<desc>0041v</desc>
			<graphic mimeType="pdf" url="Einkaeign%201/85/HIGH_QUALITY_DISPLAY"/>
			<graphic mimeType="jpg" url="Einkaeign%201/85/THUMBNAIL" width="200px" height="246px"/>
			<graphic mimeType="jpg" url="Einkaeign%201/85/SECONDARY_DISPLAY" width="2479px" height="3048px"/>
			<graphic mimeType="pdf" url="Einkaeign%201/85/WEB_DISPLAY"/>
		</surface>
		<surface xml:id="Einkaeign-0001-0042r" n="86">
			<desc>0042r</desc>
			<graphic mimeType="pdf" url="Einkaeign%201/86/HIGH_QUALITY_DISPLAY"/>
			<graphic mimeType="jpg" url="Einkaeign%201/86/THUMBNAIL" width="200px" height="246px"/>
			<graphic mimeType="jpg" url="Einkaeign%201/86/SECONDARY_DISPLAY" width="2479px" height="3048px"/>
			<graphic mimeType="pdf" url="Einkaeign%201/86/WEB_DISPLAY"/>
		</surface>
		<surface xml:id="Einkaeign-0001-0042v" n="87">
			<desc>0042v</desc>
			<graphic mimeType="pdf" url="Einkaeign%201/87/HIGH_QUALITY_DISPLAY"/>
			<graphic mimeType="jpg" url="Einkaeign%201/87/THUMBNAIL" width="200px" height="246px"/>
			<graphic mimeType="jpg" url="Einkaeign%201/87/SECONDARY_DISPLAY" width="2479px" height="3048px"/>
			<graphic mimeType="pdf" url="Einkaeign%201/87/WEB_DISPLAY"/>
		</surface>
		<surface xml:id="Einkaeign-0001-0043r" n="88">
			<desc>0043r</desc>
			<graphic mimeType="pdf" url="Einkaeign%201/88/HIGH_QUALITY_DISPLAY"/>
			<graphic mimeType="jpg" url="Einkaeign%201/88/THUMBNAIL" width="200px" height="246px"/>
			<graphic mimeType="jpg" url="Einkaeign%201/88/SECONDARY_DISPLAY" width="2479px" height="3048px"/>
			<graphic mimeType="pdf" url="Einkaeign%201/88/WEB_DISPLAY"/>
		</surface>
		<surface xml:id="Einkaeign-0001-0043v" n="89">
			<desc>0043v</desc>
			<graphic mimeType="pdf" url="Einkaeign%201/89/HIGH_QUALITY_DISPLAY"/>
			<graphic mimeType="jpg" url="Einkaeign%201/89/THUMBNAIL" width="200px" height="246px"/>
			<graphic mimeType="jpg" url="Einkaeign%201/89/SECONDARY_DISPLAY" width="2479px" height="3048px"/>
			<graphic mimeType="pdf" url="Einkaeign%201/89/WEB_DISPLAY"/>
		</surface>
		<surface xml:id="Einkaeign-0001-0044r" n="90">
			<desc>0044r</desc>
			<graphic mimeType="pdf" url="Einkaeign%201/90/HIGH_QUALITY_DISPLAY"/>
			<graphic mimeType="jpg" url="Einkaeign%201/90/THUMBNAIL" width="200px" height="246px"/>
			<graphic mimeType="jpg" url="Einkaeign%201/90/SECONDARY_DISPLAY" width="2479px" height="3048px"/>
			<graphic mimeType="pdf" url="Einkaeign%201/90/WEB_DISPLAY"/>
		</surface>
		<surface xml:id="Einkaeign-0001-0044v" n="91">
			<desc>0044v</desc>
			<graphic mimeType="pdf" url="Einkaeign%201/91/HIGH_QUALITY_DISPLAY"/>
			<graphic mimeType="jpg" url="Einkaeign%201/91/THUMBNAIL" width="200px" height="246px"/>
			<graphic mimeType="jpg" url="Einkaeign%201/91/SECONDARY_DISPLAY" width="2479px" height="3048px"/>
			<graphic mimeType="pdf" url="Einkaeign%201/91/WEB_DISPLAY"/>
		</surface>
		<surface xml:id="Einkaeign-0001-0045r" n="92">
			<desc>0045r</desc>
			<graphic mimeType="pdf" url="Einkaeign%201/92/HIGH_QUALITY_DISPLAY"/>
			<graphic mimeType="jpg" url="Einkaeign%201/92/THUMBNAIL" width="200px" height="246px"/>
			<graphic mimeType="jpg" url="Einkaeign%201/92/SECONDARY_DISPLAY" width="2479px" height="3048px"/>
			<graphic mimeType="pdf" url="Einkaeign%201/92/WEB_DISPLAY"/>
		</surface>
		<surface xml:id="Einkaeign-0001-0045v" n="93">
			<desc>0045v</desc>
			<graphic mimeType="pdf" url="Einkaeign%201/93/HIGH_QUALITY_DISPLAY"/>
			<graphic mimeType="jpg" url="Einkaeign%201/93/THUMBNAIL" width="200px" height="246px"/>
			<graphic mimeType="jpg" url="Einkaeign%201/93/SECONDARY_DISPLAY" width="2479px" height="3048px"/>
			<graphic mimeType="pdf" url="Einkaeign%201/93/WEB_DISPLAY"/>
		</surface>
		<surface xml:id="Einkaeign-0001-0046r" n="94">
			<desc>0046r</desc>
			<graphic mimeType="pdf" url="Einkaeign%201/94/HIGH_QUALITY_DISPLAY"/>
			<graphic mimeType="jpg" url="Einkaeign%201/94/THUMBNAIL" width="200px" height="246px"/>
			<graphic mimeType="jpg" url="Einkaeign%201/94/SECONDARY_DISPLAY" width="2479px" height="3048px"/>
			<graphic mimeType="pdf" url="Einkaeign%201/94/WEB_DISPLAY"/>
		</surface>
		<surface xml:id="Einkaeign-0001-0046v" n="95">
			<desc>0046v</desc>
			<graphic mimeType="pdf" url="Einkaeign%201/95/HIGH_QUALITY_DISPLAY"/>
			<graphic mimeType="jpg" url="Einkaeign%201/95/THUMBNAIL" width="200px" height="246px"/>
			<graphic mimeType="jpg" url="Einkaeign%201/95/SECONDARY_DISPLAY" width="2479px" height="3048px"/>
			<graphic mimeType="pdf" url="Einkaeign%201/95/WEB_DISPLAY"/>
		</surface>
		<surface xml:id="Einkaeign-0001-0047r" n="96">
			<desc>0047r</desc>
			<graphic mimeType="pdf" url="Einkaeign%201/96/HIGH_QUALITY_DISPLAY"/>
			<graphic mimeType="jpg" url="Einkaeign%201/96/THUMBNAIL" width="200px" height="246px"/>
			<graphic mimeType="jpg" url="Einkaeign%201/96/SECONDARY_DISPLAY" width="2479px" height="3048px"/>
			<graphic mimeType="pdf" url="Einkaeign%201/96/WEB_DISPLAY"/>
		</surface>
		<surface xml:id="Einkaeign-0001-0047v" n="97">
			<desc>0047v</desc>
			<graphic mimeType="pdf" url="Einkaeign%201/97/HIGH_QUALITY_DISPLAY"/>
			<graphic mimeType="jpg" url="Einkaeign%201/97/THUMBNAIL" width="200px" height="246px"/>
			<graphic mimeType="jpg" url="Einkaeign%201/97/SECONDARY_DISPLAY" width="2479px" height="3048px"/>
			<graphic mimeType="pdf" url="Einkaeign%201/97/WEB_DISPLAY"/>
		</surface>
		<surface xml:id="Einkaeign-0001-0048r" n="98">
			<desc>0048r</desc>
			<graphic mimeType="pdf" url="Einkaeign%201/98/HIGH_QUALITY_DISPLAY"/>
			<graphic mimeType="jpg" url="Einkaeign%201/98/THUMBNAIL" width="200px" height="246px"/>
			<graphic mimeType="jpg" url="Einkaeign%201/98/SECONDARY_DISPLAY" width="2479px" height="3048px"/>
			<graphic mimeType="pdf" url="Einkaeign%201/98/WEB_DISPLAY"/>
		</surface>
		<surface xml:id="Einkaeign-0001-0048v" n="99">
			<desc>0048v</desc>
			<graphic mimeType="pdf" url="Einkaeign%201/99/HIGH_QUALITY_DISPLAY"/>
			<graphic mimeType="jpg" url="Einkaeign%201/99/THUMBNAIL" width="200px" height="246px"/>
			<graphic mimeType="jpg" url="Einkaeign%201/99/SECONDARY_DISPLAY" width="2479px" height="3048px"/>
			<graphic mimeType="pdf" url="Einkaeign%201/99/WEB_DISPLAY"/>
		</surface>
		<surface xml:id="Einkaeign-0001-0049r" n="100">
			<desc>0049r</desc>
			<graphic mimeType="pdf" url="Einkaeign%201/100/HIGH_QUALITY_DISPLAY"/>
			<graphic mimeType="jpg" url="Einkaeign%201/100/THUMBNAIL" width="200px" height="246px"/>
			<graphic mimeType="jpg" url="Einkaeign%201/100/SECONDARY_DISPLAY" width="2479px" height="3048px"/>
			<graphic mimeType="pdf" url="Einkaeign%201/100/WEB_DISPLAY"/>
		</surface>
		<surface xml:id="Einkaeign-0001-0049v" n="101">
			<desc>0049v</desc>
			<graphic mimeType="pdf" url="Einkaeign%201/101/HIGH_QUALITY_DISPLAY"/>
			<graphic mimeType="jpg" url="Einkaeign%201/101/THUMBNAIL" width="200px" height="246px"/>
			<graphic mimeType="jpg" url="Einkaeign%201/101/SECONDARY_DISPLAY" width="2479px" height="3048px"/>
			<graphic mimeType="pdf" url="Einkaeign%201/101/WEB_DISPLAY"/>
		</surface>
		<surface xml:id="Einkaeign-0001-0050r" n="102">
			<desc>0050r</desc>
			<graphic mimeType="pdf" url="Einkaeign%201/102/HIGH_QUALITY_DISPLAY"/>
			<graphic mimeType="jpg" url="Einkaeign%201/102/THUMBNAIL" width="200px" height="246px"/>
			<graphic mimeType="jpg" url="Einkaeign%201/102/SECONDARY_DISPLAY" width="2479px" height="3048px"/>
			<graphic mimeType="pdf" url="Einkaeign%201/102/WEB_DISPLAY"/>
		</surface>
		<surface xml:id="Einkaeign-0001-0050v" n="103">
			<desc>0050v</desc>
			<graphic mimeType="pdf" url="Einkaeign%201/103/HIGH_QUALITY_DISPLAY"/>
			<graphic mimeType="jpg" url="Einkaeign%201/103/THUMBNAIL" width="200px" height="246px"/>
			<graphic mimeType="jpg" url="Einkaeign%201/103/SECONDARY_DISPLAY" width="2479px" height="3048px"/>
			<graphic mimeType="pdf" url="Einkaeign%201/103/WEB_DISPLAY"/>
		</surface>
		<surface xml:id="Einkaeign-0001-9901r-RFl" n="104">
			<desc>9901r-RFl</desc>
			<graphic mimeType="pdf" url="Einkaeign%201/104/HIGH_QUALITY_DISPLAY"/>
			<graphic mimeType="jpg" url="Einkaeign%201/104/THUMBNAIL" width="200px" height="246px"/>
			<graphic mimeType="jpg" url="Einkaeign%201/104/SECONDARY_DISPLAY" width="2479px" height="3048px"/>
			<graphic mimeType="pdf" url="Einkaeign%201/104/WEB_DISPLAY"/>
		</surface>
		<surface xml:id="Einkaeign-0001-9901v-RFl" n="105">
			<desc>9901v-RFl</desc>
			<graphic mimeType="pdf" url="Einkaeign%201/105/HIGH_QUALITY_DISPLAY"/>
			<graphic mimeType="jpg" url="Einkaeign%201/105/THUMBNAIL" width="200px" height="253px"/>
			<graphic mimeType="jpg" url="Einkaeign%201/105/SECONDARY_DISPLAY" width="2381px" height="3006px"/>
			<graphic mimeType="pdf" url="Einkaeign%201/105/WEB_DISPLAY"/>
		</surface>
		<surface xml:id="Einkaeign-0001-9999r-RB" n="106">
			<desc>9999r-RB</desc>
			<graphic mimeType="pdf" url="Einkaeign%201/106/HIGH_QUALITY_DISPLAY"/>
			<graphic mimeType="jpg" url="Einkaeign%201/106/THUMBNAIL" width="200px" height="253px"/>
			<graphic mimeType="jpg" url="Einkaeign%201/106/SECONDARY_DISPLAY" width="2381px" height="3006px"/>
			<graphic mimeType="pdf" url="Einkaeign%201/106/WEB_DISPLAY"/>
		</surface>
		<surface xml:id="Einkaeign-0001-9999v-RB" n="107">
			<desc>9999v-RB</desc>
			<graphic mimeType="pdf" url="Einkaeign%201/107/HIGH_QUALITY_DISPLAY"/>
			<graphic mimeType="jpg" url="Einkaeign%201/107/THUMBNAIL" width="200px" height="243px"/>
			<graphic mimeType="jpg" url="Einkaeign%201/107/SECONDARY_DISPLAY" width="2604px" height="3168px"/>
			<graphic mimeType="pdf" url="Einkaeign%201/107/WEB_DISPLAY"/>
		</surface>
		<surface xml:id="Einkaeign-0001-Spine" n="108">
			<desc>Spine</desc>
			<graphic mimeType="pdf" url="Einkaeign%201/108/HIGH_QUALITY_DISPLAY"/>
			<graphic mimeType="jpg" url="Einkaeign%201/108/THUMBNAIL" width="54px" height="300px"/>
			<graphic mimeType="jpg" url="Einkaeign%201/108/SECONDARY_DISPLAY" width="576px" height="3184px"/>
			<graphic mimeType="pdf" url="Einkaeign%201/108/WEB_DISPLAY"/>
		</surface>
		<surface xml:id="Einkaeign-0001-Fore-Edge" n="109">
			<desc>Fore-Edge</desc>
			<graphic mimeType="pdf" url="Einkaeign%201/109/HIGH_QUALITY_DISPLAY"/>
			<graphic mimeType="jpg" url="Einkaeign%201/109/THUMBNAIL" width="38px" height="300px"/>
			<graphic mimeType="jpg" url="Einkaeign%201/109/SECONDARY_DISPLAY" width="400px" height="3152px"/>
			<graphic mimeType="pdf" url="Einkaeign%201/109/WEB_DISPLAY"/>
		</surface>
		<surface xml:id="Einkaeign-0001-Head-Edge" n="110">
			<desc>Head-Edge</desc>
			<graphic mimeType="pdf" url="Einkaeign%201/110/HIGH_QUALITY_DISPLAY"/>
			<graphic mimeType="jpg" url="Einkaeign%201/110/THUMBNAIL" width="59px" height="300px"/>
			<graphic mimeType="jpg" url="Einkaeign%201/110/SECONDARY_DISPLAY" width="481px" height="2440px"/>
			<graphic mimeType="pdf" url="Einkaeign%201/110/WEB_DISPLAY"/>
		</surface>
		<surface xml:id="Einkaeign-0001-Tail-Edge" n="111">
			<desc>Tail-Edge</desc>
			<graphic mimeType="pdf" url="Einkaeign%201/111/HIGH_QUALITY_DISPLAY"/>
			<graphic mimeType="jpg" url="Einkaeign%201/111/THUMBNAIL" width="59px" height="300px"/>
			<graphic mimeType="jpg" url="Einkaeign%201/111/SECONDARY_DISPLAY" width="521px" height="2664px"/>
			<graphic mimeType="pdf" url="Einkaeign%201/111/WEB_DISPLAY"/>
		</surface>
		<surface xml:id="Einkaeign-0001-Scale" n="112">
			<desc>Scale</desc>
			<graphic mimeType="pdf" url="Einkaeign%201/112/HIGH_QUALITY_DISPLAY"/>
			<graphic mimeType="jpg" url="Einkaeign%201/112/THUMBNAIL" width="200px" height="248px"/>
			<graphic mimeType="jpg" url="Einkaeign%201/112/SECONDARY_DISPLAY" width="2430px" height="3012px"/>
			<graphic mimeType="pdf" url="Einkaeign%201/112/WEB_DISPLAY"/>
		</surface>
		<surface xml:id="Einkaeign-0001-ccp" n="113">
			<desc>ccp</desc>
			<graphic mimeType="pdf" url="Einkaeign%201/113/HIGH_QUALITY_DISPLAY"/>
			<graphic mimeType="jpg" url="Einkaeign%201/113/THUMBNAIL" width="200px" height="155px"/>
			<graphic mimeType="jpg" url="Einkaeign%201/113/SECONDARY_DISPLAY" width="4848px" height="3750px"/>
			<graphic mimeType="pdf" url="Einkaeign%201/113/WEB_DISPLAY"/>
		</surface>
	</facsimile>
</TEI>