<?xml version="1.0" encoding="UTF-8"?>
<?oxygen RNGSchema="http://www.handrit.is/schema/handrit-1.0.rnc" type="compact"?>
<TEI xmlns="http://www.tei-c.org/ns/1.0">
    <teiHeader>
        <fileDesc>
            <titleStmt>
                <title type="main">Einkaeign 8</title>
                <title type="subordinate"/>
            </titleStmt>
            <publicationStmt>
                <authority>Stofnun Árna Magnússonar í íslenskum fræðum</authority>
                <pubPlace>Reykjavík</pubPlace>
                <date when="2016-12-09">9. desember 2016</date>
            </publicationStmt>
            <sourceDesc>
                <msDesc xml:id="Einkaeign-0008-is" xml:lang="is">
                    <msIdentifier>
                        <country key="IS">Ísland</country>
                        <repository>Í einkaeigu</repository>
                        <idno>Einkaeign 8</idno>
                    </msIdentifier>

                    <msContents xml:lang="is">
                        <summary><title type="supplied">Kvæðabók</title></summary>
                        <textLang mainLang="is">Íslenska</textLang>

                        <msItem n="1" defective="false" class="salm jols">
                            <locus from="1r" to="1r">1r</locus>
                            <title type="supplied">Jólavers</title>
                            <rubric>Eitt jólavers með tón: Eitt nú er útrunnið lífsins ár</rubric>
                            <incipit type="upphaf">Heilög jól, höldum í nafni Krists …</incipit>
                            <explicit>… hann fæddist, hann fæddist oss / frelsarinn Jesús.
                                Amen.</explicit>
                            <incipit type="melody">Eitt nú er útrunnið lífsins ár</incipit>
                        </msItem>
                        <msItem n="2" defective="false" class="salm nyars">
                            <locus from="1r" to="1r">1r</locus>
                            <title type="supplied">Nýársvers</title>
                            <rubric>Eitt nýársvers með tón: Eilíft lífið er æskilegt er</rubric>
                            <incipit type="upphaf">Árið fagnaðar oss þú gef …</incipit>
                            <explicit>… sældar ár deyjendum. Amen.</explicit>
                            <incipit type="melody">Eilíft lífið er æskilegt </incipit>
                        </msItem>
                        <msItem n="3" defective="false" class="salm kvolds">
                            <locus from="1v" to="6r">1v-6r</locus>
                            <title type="supplied">Sálmur</title>
                            <rubric>Einn sálmur. Með tón: Eilíft lífið er æskilegt</rubric>
                            <incipit type="upphaf">Guð gefi oss öllum góða nótt …</incipit>
                            <explicit>… ó, drottinn, lofi þig. Amen.</explicit>
                            <incipit type="melody">Eilíft lífið er æskilegt </incipit>
                        </msItem>
                        <msItem n="4" defective="false" class="salm">
                            <locus from="6v" to="8v">6v-8v</locus>
                            <title type="supplied">Sálmur</title>
                            <rubric>Ein lítil söngvísa til upphvatningar og yfirbótar á þessum
                                háskasamlega tíma. Með tón: Heyr þú til heimsins</rubric>
                            <incipit type="upphaf">Miskunnar faðirinn mildi …</incipit>
                            <explicit>… eilíft fagnaðar ár.</explicit>
                            <incipit type="melody">Heyr þú til heimsins</incipit>
                            <colophon>Sálmabók svo skal enda / vér syngjum Guði lof / að oss réði
                                aumum senda / andlega lærdóms gjöf / iðkum slíkt oft og tíðum / af
                                huga svo himnum á / syngjum með sigri fríðum / sætasta halelújá.
                                Amen. Filippus Jónsson á (bl. <locus from="8v" to="8v"
                                >8v</locus>).</colophon>
                        </msItem>
                        <msItem n="5" defective="false" class="salm huggs">
                            <locus from="9r" to="11v">9r-11v</locus>
                            <title type="supplied">Huggunarkvæði</title>
                            <rubric>Ein fögur eftirlíking fyrir þá sem missa sína ástvini. Með tón:
                                Ó, þú eilífi Guð</rubric>
                            <incipit type="upphaf">Ó, þú óþyrmið haf …</incipit>
                            <explicit>… Guð láti oss oss ætíð gá að því. Amen.</explicit>
                            <incipit type="melody">Ó, þú eilífi Guð</incipit>
                        </msItem>
                        <msItem n="6" defective="false" class="salm">
                            <locus from="12r" to="13r">12r-13r</locus>
                            <title type="supplied">Sálmur</title>
                            <rubric>Annar sálmur um sálarinnar ástríðendur</rubric>
                            <incipit type="upphaf">Mörg vill hryggja hugann pín …</incipit>
                            <explicit>… fyrir utan rýrð er amen.</explicit>
                            <colophon>Anno 1835 (bl. <locus from="13r" to="13r"
                                >13r</locus>).</colophon>
                        </msItem>
                        <msItem n="7" defective="false" class="salm">
                            <locus from="13r" to="13r">13r</locus>
                            <title type="supplied">Sálmvers</title>
                            <rubric>Eitt vers með tón: Mikilli farsæld mætir sá</rubric>
                            <incipit type="upphaf">Pundið er stórt þess minnast má …</incipit>
                            <explicit>… eflaust hér liggja vann. Amen.</explicit>
                            <incipit type="melody">Mikilli farsæld mætir sá</incipit>
                        </msItem>
                        <msItem n="8" defective="false" class="salm">
                            <locus from="13v" to="13v">13v</locus>
                            <title type="supplied">Sálmvers</title>
                            <rubric>Annað vers. Með tón: Eilíft lífið er æskilegt</rubric>
                            <incipit type="upphaf">Mín stundleg ævi þegar þver …</incipit>
                            <explicit>… og ódauðleikans vellyst. Amen.</explicit>
                            <incipit type="melody">Eilíft lífið er æskilegt</incipit>
                        </msItem>
                        <msItem n="9" defective="false" class="salm">
                            <locus from="13v" to="16r">13v-16r</locus>
                            <title type="supplied">Sálmur</title>
                            <rubric>Einn ágætur sálmur. Tón: Hvað skal oss angra hér</rubric>
                            <incipit type="upphaf">Ó, gæskunnar ljúfust lind …</incipit>
                            <explicit>… að bæta minn hjartans kvíða. Amen.</explicit>
                            <incipit type="melody">Hvað skal oss angra hér</incipit>
                        </msItem>
                        <msItem n="10" defective="false" class="salm">
                            <locus from="16r" to="16v">16r-v</locus>
                            <author key="SteHal001">Stefán Hallkelsson</author>
                            <title type="supplied">Sálmur</title>
                            <rubric>Sálmur Stefáns Hallkelssonar. Tón: Sæll Jesú sæti</rubric>
                            <incipit type="upphaf">Til þín trúfasti tryggða vinur …</incipit>
                            <explicit>… gloría tibi Jesús. Amen.</explicit>
                            <incipit type="melody">Sæll Jesú sæti</incipit>
                            <note>Upphafsstafirnir <q>PJS</q> (Filippus Jónsson) eru skrifaðir inn í
                                upphafsstaf síðasta erindis, sem er H (bl. <locus from="16v"
                                    to="16v">16v</locus>).</note>
                        </msItem>
                        <msItem n="11" defective="true" class="kvad">
                            <locus from="17r" to="18r">17r-18r</locus>
                            <title type="supplied">Kvæði</title>
                            <incipit type="defective">… augsýn í …</incipit>
                            <explicit>… fræðið ent eg get. Endirinn.</explicit>
                            <note>Vantar framan af. Hefst í miðju 18. erindi af 25.</note>
                            <colophon>Párað anno 1833 af P.J.S. (bl. <locus from="18r" to="18r"
                                    >18r</locus>).</colophon>
                        </msItem>
                        <msItem n="12" defective="false" class="salm">
                            <locus from="18r" to="22v">18r-22v</locus>
                            <title type="supplied">Sjóhrakningssálmur</title>
                            <rubric>Einn sjóhrakningssálmur með tón: Annar ræninginn ræddi</rubric>
                            <incipit type="upphaf">Eilífur allsvaldandi …</incipit>
                            <explicit>… lofið Guð eilíf ár. Amen. Amen.</explicit>
                            <incipit type="melody">Annar ræninginn ræddi</incipit>
                        </msItem>
                        <msItem n="13" defective="false" class="salm">
                            <locus from="22v" to="22v">22v</locus>
                            <title type="supplied">Sálmvers</title>
                            <rubric>Eitt vers með lag: Ó, Guð, vor faðir, sem í himnaríki
                                ert</rubric>
                            <incipit type="upphaf">Rakinn? blóðferil hefi eg …</incipit>
                            <explicit>… leið þú mig þegar lífið þver.</explicit>
                            <incipit type="melody">Ó, Guð, vor faðir, sem í himnaríki ert</incipit>
                        </msItem>
                        <msItem n="14" defective="false" class="salm kvolds">
                            <locus from="23r" to="23r">23r</locus>
                            <title type="supplied">Sálmvers</title>
                            <rubric>Eitt vers með lag: Faðir vor sem á himnum ert</rubric>
                            <incipit type="upphaf">Gef þú, drottinn, oss góða nótt …</incipit>
                            <explicit>… gef þú oss farsæla dauðastund. Amen.</explicit>
                            <incipit type="melody">Faðir vor sem á himnum ert</incipit>
                        </msItem>
                        <msItem n="15" defective="false" class="salm">
                            <locus from="23r" to="23r">23r</locus>
                            <title type="supplied">Sálmvers</title>
                            <rubric>Annað vers með lag: Óvinnanleg borg er vor Guð</rubric>
                            <incipit type="upphaf">Jesús í blíðan blóðfaðm þinn …</incipit>
                            <explicit>… skært ljós þitt lát mér skína. Amen.</explicit>
                            <incipit type="melody">Óvinnanleg borg er vor Guð</incipit>
                        </msItem>
                        <msItem n="16" defective="false" class="salm kvolds">
                            <locus from="23v" to="23v">23v</locus>
                            <title type="supplied">Sálmvers</title>
                            <rubric>Þriðja vers með lag: Eiflíft lífið er æskilegt</rubric>
                            <incipit type="upphaf">Gefi oss drottinn góða nótt …</incipit>
                            <explicit>… farsælust eilíf ró. Amen.</explicit>
                            <incipit type="melody">Eiflíft lífið er æskilegt</incipit>
                        </msItem>
                        <msItem n="17" defective="false" class="salm">
                            <locus from="23v" to="23v">23v</locus>
                            <author key="HalPet001">Hallgrímur Pétursson</author>
                            <title type="supplied">Sálmvers</title>
                            <rubric>Fjórða vers með lag: Jesús Kristur að Jórdan kom</rubric>
                            <incipit type="upphaf">Gleym minni synd og gef mér náð …</incipit>
                            <explicit>… amen, ó, drottinn mæti. Amen.</explicit>
                            <incipit type="melody">Jesús Kristur að Jórdan kom</incipit>
                        </msItem>
                        <msItem n="18" defective="false" class="salm">
                            <locus from="23v" to="23v">23v</locus>
                            <title type="supplied">Sálmvers</title>
                            <rubric>Fimmta vers með lag: Annar ræninginn ræddi</rubric>
                            <incipit type="upphaf">Ó, Jesú Guðs son góði …</incipit>
                            <explicit>… kyrtli réttlætis þín. Amen.</explicit>
                            <incipit type="melody">Annar ræninginn ræddi</incipit>
                        </msItem>
                        <msItem n="19" defective="false" class="salm">
                            <locus from="24r" to="25v">24r-25v</locus>
                            <title type="supplied">Sálmur</title>
                            <rubric>Einn góður sálmur. Tón: Hjartað þankar hugur sinni</rubric>
                            <incipit type="upphaf">Hvenær viltu héðan kalla …</incipit>
                            <explicit>… eilíflegar þakkir segja. Amen.</explicit>
                            <incipit type="melody">Hjartað þankar hugur sinni</incipit>
                        </msItem>
                        <msItem n="20" defective="false" class="salm">
                            <locus from="25v" to="26v">25v-26v</locus>
                            <title type="supplied">Sálmur</title>
                            <rubric>Annar sálmur. Með sínum tón.</rubric>
                            <incipit type="upphaf">Anda þinn, Guð, mér gef þú víst …</incipit>
                            <explicit>… um aldir ríki og æra. Amen.</explicit>
                            <colophon>Anno 1834. PJSA (bl. <locus from="26v" to="26v"
                                >26v</locus>).</colophon>
                        </msItem>
                        <msItem n="21" defective="false" class="salm">
                            <locus from="26v" to="26v">26v</locus>
                            <author key="HalPet001">Hallgrímur Pétursson</author>
                            <title type="uniform">Bergmál</title>
                            <title type="parallel">Dvergmál</title>
                            <rubric>Dverg-mál</rubric>
                            <incipit type="upphaf">Mun Guð marga til dóms kalla — alla …</incipit>
                            <explicit>… Guð gefi að vér sjáum þá menn — Amen.</explicit>
                            <listBibl>
                                <bibl>
                                    <ref>Ljóðmæli 4 (2010)</ref>.</bibl>
                            </listBibl>
                        </msItem>
                    </msContents>

                    <physDesc>
                        <objectDesc form="codex">
                            <supportDesc material="chart">
                                <support>Pappír.</support>
                                <extent>i + 26 + i blöð í octavo-broti (<dimensions type="leaf"
                                        unit="mm" scope="all">
                                        <height>167</height>
                                        <width>112</width>
                                    </dimensions>).</extent>
                                <foliation>
                                    <p>Blöð handritsins eru ótölusett.</p>
                                </foliation>
                                <collation>
                                    <p>
                                        <list>
                                            <item>Kver I: bl. 1-8, 4 tvinn.</item>
                                            <item>Kver II: bl. 9-16, 4 tvinn.</item>
                                            <item>Kver III: bl. 17-18, 1 tvinn.</item>
                                            <item>Kver IV: bl. 19-26, 4 tvinn.</item>
                                        </list>
                                    </p>
                                    <p>Hugsanlegt er að kver II eigi heima aftast í handritinu (sbr.
                                        bl. <locus from="13r" to="13r">13r</locus>, þar sem
                                        ritunarár er 1835).</p>
                                </collation>
                                <condition>
                                    <p>
                                        <list>
                                            <item>Blöðin eru notkunarnúin, sérstaklega á
                                                útsniði.</item>
                                            <item>Tvö fremstu kverin eru laus úr bandi.</item>
                                            <item>Saurblöðin eru trosnuð og götótt, einkum fremra
                                                blaðið.</item>
                                        </list>
                                    </p>
                                </condition>
                            </supportDesc>

                            <layoutDesc>
                                <layout columns="1" writtenLines="20">
                                    <p>
                                        <list>
                                            <item>Eindálka.</item>
                                            <item>Leturflötur er ca <dimensions type="written"
                                                  unit="mm">
                                                  <height>150-158</height>
                                                  <width>80-90</width>
                                                </dimensions>.</item>
                                            <item>Línufjöldi er ca 20-29.</item>
                                            <item>
                                                <catchwords>Griporð</catchwords> sums staðar, e.t.v.
                                                með annarri hendi.</item>
                                            <item>Lokaerindi endar í totu á bl. <locus from="6r"
                                                  to="6r">6r</locus>.</item>
                                        </list>
                                    </p>
                                </layout>
                            </layoutDesc>

                        </objectDesc>
                        <handDesc>
                            <handNote scope="major" script="other">Að mestu leyti með hendi <name
                                    type="person">Filippusar Jónssonar</name> (sbr. bl. <locus
                                    from="18r" to="18r">18r</locus>), snarhönd.</handNote>
                        </handDesc>
                        <decoDesc>
                            <decoNote type="initial">Pennaflúraðir upphafsstafir bl. <locus
                                    from="1v" to="1v">1v</locus> (G), <locus from="6v" to="6v"
                                    >6v</locus> (M), <locus from="9r" to="9r">9r</locus> (O), <locus
                                    from="11v" to="11v">11v</locus> (Þ), <locus from="12r" to="12r"
                                    >12r</locus> (M, L, H, V, V, H, Þ, O, J), <locus from="13r"
                                    to="13r">13r</locus> (Þ), <locus from="15v" to="15v">15v</locus>
                                (Þ), <locus from="16r" to="16r">16r</locus> (T), <locus from="16v"
                                    to="16v">16v</locus> (H), <locus from="18r" to="18r">18r</locus>
                                (E), <locus from="22v" to="22v">22v</locus> (H), <locus from="23v"
                                    to="23v">23v</locus> (G, G, O), <locus from="24r" to="24r"
                                    >24r</locus> (H), <locus from="25v" to="25v">25v</locus>
                                (A).</decoNote>
                            <decoNote type="frieze" subtype="secondary">Lítill skrautbekkur með
                                    <q>Anno</q> fyrir framan og ártalið <q>1835</q> fyrir aftan á
                                bl. <locus from="13r" to="13r">13r</locus>.</decoNote>
                            <decoNote type="frieze" subtype="secondary">Annar skrautbekkur á bl.
                                23v.</decoNote>
                            <decoNote type="secondary" subtype="illustration">Lítil pennateikning af
                                plöntu milli kvæða á bl. <locus from="13v" to="13v">13v</locus> og
                                önnur við skrautbekkin á bl. <locus from="13r" to="13r"
                                >13r</locus>.</decoNote>
                            <decoNote type="paratext" subtype="display-scipt">Fyrirsögn kvæðis er
                                með stærra letri og lítillega pennaflúrað (bl. <locus from="18r"
                                    to="18r">18r</locus>, <locus from="24r" to="24r">24r</locus>,
                                    <locus from="25v" to="25v">25v</locus>.</decoNote>
                        </decoDesc>
                        <additions>
                            <p/>
                        </additions>
                        <bindingDesc>
                            <binding notBefore="1835" notAfter="1875" contemporary="true">
                                <p>Band líklega frá ritunartíma eða nokkru síðar (<dimensions
                                        type="binding" unit="mm">
                                        <height>173</height>
                                        <width>95</width>
                                        <depth>11</depth>
                                    </dimensions>). </p>
                                <p>Kver eru saumuð á þrjá hamptauma sem festir eru í þunn tréspjöld
                                    klæddum bókfelli með blindþrykktu blóma- og rammamunstri.
                                    Bókfellið, sem er brúnlitað að utanverðu, er snjáð.</p>
                                <p>Fremst og aftast eru sendibréf sem þjóna sem spjaldblöð og
                                    saurblöð, þ.e. eru að hálfu límd innan á kápu. Undir annað
                                    þeirra (fremra saurblað) skrifar <name type="person">Einar
                                        Guðmundsson</name> undir hitt (aftara saurblað) <name
                                        type="person">Guðmundur Eiríksson</name> og er það ársett
                                        <date when="1834">1834</date>. Á því kemur fyrir bæjarnafnið
                                        <name type="place" key="HamGnú03">Hamarsholt</name>, en bær
                                    með því nafni var í Skeiða- og Gnúpverjahreppi í Árnessýslu en
                                    fór í eyði <date when="1875">1875</date>. Fyrra bréfið er stílað
                                    á <q>Mr. Guðmund á Íslandi</q>. Föðurnafnið er trúlega á þeirri
                                    hlið sem snýr að spjaldi.</p>
                            </binding>
                        </bindingDesc>
                    </physDesc>
                    <history>
                        <origin notBefore="1833" notAfter="1835" evidence="internal" cert="high">
                            <p>Handritið var skrifað á <origPlace key="IS">Íslandi</origPlace> á
                                fyrri hluta 19. aldar, líklega í <name type="place"
                                    >Árnessýslu</name> á árunum <origDate notBefore="1833"
                                    notAfter="1835">1833-1835</origDate> (sbr. bl. <locus from="13r"
                                    to="13r">13r</locus>, <locus from="18r" to="18r">18r</locus>,
                                    <locus from="26v" to="26v">26v</locus>). </p>
                        </origin>
                        <provenance>
                            <p>Handritið er í eigu <name type="person">Vals Gunnarssonar</name>,
                                    <name type="place" key="Akrane01">Akranesi</name>, sem fékk það
                                að gjöf frá <name type="person">Sigríði Beinteinsdóttur</name>
                                (1912-2008), systur <name type="person">Sveinbjörns
                                    Beinteinssonar</name> allsherjargoða. </p>
                            <p>Sigríður fæddist í <name type="place" key="GraHva01">Grafardal
                                </name> en bjó síðar á <name type="place" key="HávLei01"
                                    >Hávarsstöðum í Melasveit</name> en lést á Akranesi.</p>
                            <p>
                                <name type="person">Filippus Jónsson</name>, sem líklega er skrifari
                                handritsins, er fyrsti eigandi þess, en nafn hans kemur fyrir á bl.
                                    <locus from="8v" to="8v">8v</locus> og upphafsstafir á bl.
                                    <locus from="17v" to="17v">17v</locus>, <locus from="18r"
                                    to="18r">18r</locus>, <locus from="26v" to="26v"
                                >26v</locus>.</p>
                        </provenance>
                    </history>

                    <additional>
                        <adminInfo>
                            <recordHist>
                                <source>
                                    <name type="person" key="ThoSig001">ÞS</name> skráði <date
                                        notBefore="2009-02-16" notAfter="2009-02-18">16.-18. febrúar
                                        2009</date>.</source>
                            </recordHist>
                            <custodialHist>
                                <custEvent type="loan" notBefore="2007-07" notAfter="2010">Handritið
                                    var í láni hjá Stofnun Árna Magnússonar í íslenskum fræðum frá
                                    júlí 2007 til 2010.</custEvent>
                            </custodialHist>
                        </adminInfo>
                        <surrogates>Stafrænar ljósmyndir á Stofnun Árna Magnússonar í íslenskum
                            fræðum. Ljósmyndari <name type="person" key="JohOla002">Jóhanna
                                Ólafsdóttir</name>.</surrogates>
                        <listBibl>
                            <bibl/>
                        </listBibl>
                    </additional>
                </msDesc>
            </sourceDesc>
        </fileDesc>
        <revisionDesc>
            <change when="2008-10" who="#EriHas01">Migrated from MASTER to P5</change>
        </revisionDesc>
    </teiHeader>
    <text>
        <body>
            <p/>
        </body>
    </text>
</TEI>
