<?xml version="1.0" encoding="UTF-8"?>
<?oxygen RNGSchema="http://www.handrit.is/schema/handrit-1.0.rnc" type="compact"?>
<TEI xmlns="http://www.tei-c.org/ns/1.0">
    <teiHeader>
        <fileDesc>
            <titleStmt>
                <title>Handritaskrá Árnastofnunar</title>
            </titleStmt>
            <publicationStmt>
                <p>Tilraunaútgáfa</p>
            </publicationStmt>
            <sourceDesc>
                <msDesc xml:lang="is" xml:id="GKS04-2087-is">
                    <msIdentifier>
                        <country key="IS">Ísland</country>
                        <settlement>Reykjavík</settlement>
                        <institution>Stofnun Árna Magnússonar í íslenskum fræðum</institution>
                        <repository>Handritasvið</repository>
                        <collection>Safn Árna Magnússonar</collection>
                        <idno>GKS 2087 4to</idno>
                        <altIdentifier type="internal" subtype="KKKat">
                            <idno>OI58</idno>
                        </altIdentifier>
                    </msIdentifier>
                    <msContents>
                        <msItem n="1">
                            <title type="supplied">Historia universalis</title>
                        </msItem>
                        <msItem n="2" class="annal">
                            <title type="supplied">Kongungsannáll</title>
                        </msItem>
                    </msContents>
                    <physDesc>
                        <objectDesc form="codex">
                            <supportDesc material="chart">
                                <support>Pappír.</support>
                                <extent/>
                                <foliation>
                                    <p>
                                        <list>
                                            <item/>
                                        </list>
                                    </p>
                                </foliation>
                                <collation>
                                    <p/>
                                    <note/>
                                </collation>

                                <condition>
                                    <p/>
                                </condition>
                            </supportDesc>
                            <layoutDesc>
                                <layout columns="1">
                                    <p/>
                                </layout>
                            </layoutDesc>
                        </objectDesc>
                        <handDesc>
                            <handNote scribe="unknown" script="unknown" scope="sole"/>

                        </handDesc>
                        <additions>
                            <p/>
                        </additions>
                        <bindingDesc>
                            <binding contemporary="false">
                                <p> </p>
                            </binding>
                        </bindingDesc>
                        <accMat>
                            <p/>
                        </accMat>
                    </physDesc>
                    <history>
                        <origin>
                            <p/>
                        </origin>
                        <provenance>
                            <p/>
                        </provenance>
                        <acquisition>
                            <p/>
                        </acquisition>
                    </history>
                    <additional>
                        <adminInfo>
                            <recordHist>
                                <source>
                                    <p>Handritið er óskráð stafrænt.</p>
                                    <p>Skráning <name type="person" key="KriKaa001">Kristian
                                            Kålunds</name> á handritinu er aðgengileg á <bibl>
                                            <ref target="KatKB">Katalog over de oldnorsk-islandske
                                                Håndskrifter i Det store kongelige Bibliotek og i
                                                Universitetsbiblioteket</ref>
                                        </bibl>, bls. 42-43.</p>
                                </source>
                            </recordHist>
                            <custodialHist>
                                <custEvent type="conservation"/>
                            </custodialHist>
                        </adminInfo>
                        <surrogates>
                            <p>
                                <list>
                                    <item>Svart-hvítar ljósmyndir á Det Arnamagnæanske Institut í
                                        Kaupmannahöfn.</item>
                                </list>
                            </p>
                        </surrogates>
                        <listBibl>
                            <bibl>. 1905, <ref target="unknown05">Palæografisk atlas. Oldnorsk-islandsk afdeling / udgivet af
                                Kommissionen for det arnamagnæanske legat</ref></bibl>
                            <bibl>Cucina, C. 2011, <ref target="CarCuc2011a">The rainbow allegory in the Old Icelandic Physiologus manuscript</ref></bibl>
                            <bibl>Eiríkur Þormóðsson 2003, <ref target="EirÞor2003a">Oddaannálar og Oddverjaannáll</ref></bibl>
                            <bibl>Foote, P. 2003, <ref target="PetFoo2003a">Jóns saga Hólabyskups ens helga</ref></bibl>
                            <bibl>Guðrún Ása Grímsdóttir 1998, <ref target="GuðGrí1998a">Brot úr fornum annál</ref></bibl>
                            <bibl>Hreinn Benediktsson 2002, <ref target="HreBen2002a">Linguistic studies, historical and comparative</ref></bibl>
                            <bibl>Jón Helgason 1962, <ref target="JónHel1962b">Introduction</ref></bibl>
                            <bibl>Kjeldsen, A. S. 2013, <ref target="BiblArnSupp8">Filologiske studier i kongesagahåndskriftet Morkinskinna</ref></bibl>
                            <bibl>Lindblad, G. 1954, <ref target="GusLin1954a">Studier i Codex Regius av äldre eddan</ref></bibl>
                            <bibl>Lindblad, G. 1963, <ref target="GusLin1963b">Det isländska accentbruket och den förste grammatiker</ref></bibl>
                            <bibl>Louis-Jensen, J. 1977, <ref target="BiblArn32">Kongesagastudier: Kompilationen Hulda-Hrokkinskinna</ref></bibl>
                            <bibl>Ólafur Halldórsson 1978, <ref target="ÓlaHal1978a">Grænland í miðaldaritum</ref></bibl>
                            <bibl>Ólafur Halldórsson 1993, <ref target="ÓlaHal1993b">Þýskan í Grænlendinga sögu (Samtíningur)</ref></bibl>
                            <bibl>Rode, E. 1979, <ref target="EvaRod1409a">Et fragment af en prædiken til askeonsdag</ref></bibl>
                            <bibl>Seip, D. A. 1954, <ref target="DidSei1954a">Palæografi. B. Norge og Island</ref></bibl>
                            <bibl>Stefán Karlsson 1967, <ref target="SteKar1967c">Introduction</ref></bibl>
                            <bibl>Storm, G. 1888, <ref target="GusSto1888a">Islandske annaler indtil 1578</ref></bibl>
                            <bibl>Widding, O. 1961, <ref target="OleWid1823a">Håndskriftanalyser</ref></bibl>
                            <bibl>Yelena Sesselja Helgadóttir 2005, <ref target="YelHel2005b">Íslenskar lausavísur og bragfræðilegar breytingar á 14.-16. öld</ref></bibl>
                        </listBibl>
                    </additional>
                </msDesc>
            </sourceDesc>
        </fileDesc>
    </teiHeader>
    <text>
        <body>

            <p/>
        </body>
    </text>
</TEI>
