<?xml version="1.0" encoding="UTF-8"?>
<?oxygen RNGSchema="http://www.handrit.is/schema/handrit-1.0.rnc" type="compact"?>
<TEI xmlns="http://www.tei-c.org/ns/1.0">
   <teiHeader>
      <fileDesc>
         <titleStmt>
            <title>Handritaskrá Árnastofnunar</title>
         </titleStmt>
         <publicationStmt>
            <p>Tilraunaútgáfa</p>
         </publicationStmt>
         <sourceDesc>
            <msDesc xml:lang="is" xml:id="GKS04-2365-is">
               <msIdentifier>
                  <country key="IS">Ísland</country>
                  <settlement>Reykjavík</settlement>
                  <institution>Stofnun Árna Magnússonar í íslenskum fræðum</institution>
                  <repository>Handritasvið</repository>
                  <collection>Safn Árna Magnússonar</collection>
                  <idno>GKS 2365 4to</idno>
                  <altIdentifier type="internal" subtype="KKKat">
                     <idno>OI60</idno>
                  </altIdentifier>
               </msIdentifier>
               <msContents xml:lang="is">
                  <textLang mainLang="is">Íslenska</textLang>                  
                  <msItem defective="true" class="edd">
                     <locus from="1r" facs="#GKS04-2365-0001r" to="45v">1r-45v</locus>
                     <title type="uniform">Eddukvæði</title>
                     <title type="parallel">Sæmundar-Edda</title>
                  </msItem>
                  <msItem n="1" defective="false" class="edd">
                     <locus from="1r" facs="#GKS04-2365-0001r" to="3r">1r-3r</locus>
                     <title type="uniform">Völuspá</title>
                  </msItem>
                  <msItem n="2" defective="false" class="edd">
                     <locus from="3r" facs="#GKS04-2365-0003r" to="7v">3r-7v</locus>
                     <title type="uniform">Hávamál</title>
                  </msItem>
                  <msItem n="3" defective="false" class="edd">
                     <locus from="7v" facs="#GKS04-2365-0007v" to="8v">7v-8v</locus>
                     <title type="uniform">Vafþrúðnismál</title>
                  </msItem>
                  <msItem n="4" defective="false" class="edd">
                     <locus from="8v" facs="#GKS04-2365-0008v" to="11r">8v-11r</locus>
                     <title type="uniform">Grímnismál</title>
                  </msItem>
                  <msItem n="5" defective="false" class="edd">
                     <locus from="11r" facs="#GKS04-2365-0011r" to="12r">11r-12r</locus>
                     <title type="uniform">Skírnismál</title>
                  </msItem>
                  <msItem n="6" defective="false" class="edd">
                     <locus from="12r" facs="#GKS04-2365-0012r" to="13v">12r-13v</locus>
                     <title type="uniform">Hárbarðsljóð</title>
                  </msItem>
                  <msItem n="7" defective="false" class="edd">
                     <locus from="13v" facs="#GKS04-2365-0013v" to="15r">13v-15r</locus>
                     <title type="uniform">Hymiskviða</title>
                  </msItem>
                  <msItem n="8" defective="false" class="edd">
                     <locus from="15r" facs="#GKS04-2365-0015r" to="17r">15r-17r</locus>
                     <title type="uniform">Lokasenna</title>
                  </msItem>
                  <msItem n="9" defective="false" class="edd">
                     <locus from="17r" facs="#GKS04-2365-0017r" to="18r">17r-18r</locus>
                     <title type="uniform">Þrymskviða</title>
                  </msItem>
                  <msItem n="10" defective="false" class="edd">
                     <locus from="18r" facs="#GKS04-2365-0018r" to="19v">18r-19v</locus>
                     <title type="uniform">Völundarkviða</title>
                  </msItem>
                  <msItem n="11" defective="false" class="edd">
                     <locus from="19v" facs="#GKS04-2365-0019v" to="20r">19v-20r</locus>
                     <title type="uniform">Alvíssmál</title>
                  </msItem>
                  <msItem n="12" defective="false" class="edd">
                     <locus from="20r" facs="#GKS04-2365-0020r" to="22r">20r-22r</locus>
                     <title type="uniform">Helgakviða Hundingsbana I</title>
                  </msItem>
                  <msItem n="13" defective="false" class="edd">
                     <locus from="22r" facs="#GKS04-2365-0022r" to="24r">22r-24r</locus>
                     <title type="uniform">Helgakviða Hjörvarðssonar</title>
                  </msItem>
                  <msItem n="14" defective="false" class="edd">
                     <locus from="24r" facs="#GKS04-2365-0024r" to="26v">24r-26v</locus>
                     <title type="uniform">Helgakviða Hundingsbana II</title>
                  </msItem>
                  <msItem n="15" defective="false" class="edd">
                     <locus from="26v" facs="#GKS04-2365-0026v" to="27r">26v-27r</locus>
                     <title type="uniform">Frá dauða Sinfjötla</title>
                  </msItem>
                  <msItem n="16" defective="false" class="edd">
                     <locus from="27r" facs="#GKS04-2365-0027r" to="28v">27r-28v</locus>
                     <title type="uniform">Grípisspá</title>
                  </msItem>
                  <msItem n="17" defective="false" class="edd">
                     <locus from="28v" facs="#GKS04-2365-0028v" to="30r">28v-30r</locus>
                     <title type="uniform">Reginsmál</title>
                  </msItem>
                  <msItem n="18" defective="false" class="edd">
                     <locus from="30r" facs="#GKS04-2365-0030r" to="31v">30r-31v</locus>
                     <title type="uniform">Fáfnismál</title>
                  </msItem>
                  <msItem n="19" defective="true" class="edd">
                     <locus from="31v" facs="#GKS04-2365-0031v" to="32v">31v-32v</locus>
                     <title type="uniform">Sigurdrífumál</title>
                     <note>Óheil.</note>
                  </msItem>
                  <msItem n="20" defective="true" class="edd">
                     <locus from="33r" facs="#GKS04-2365-0033r" to="33v">33r-33v</locus>
                     <title type="uniform">Brot af Sigurðarkviðu</title>
                     <note>Óheilt.</note>
                  </msItem>
                  <msItem n="21" defective="false" class="edd">
                     <locus from="33v" facs="#GKS04-2365-0033v" to="36r">33v-36r</locus>
                     <title type="uniform">Sigurðarkviða hin skamma</title>
                  </msItem>
                  <msItem n="22" defective="false" class="edd">
                     <locus from="36r" facs="#GKS04-2365-0036r" to="36v">36r-36v</locus>
                     <title type="uniform">Helreið Brynhildar</title>
                  </msItem>
                  <msItem n="23" defective="false" class="edd">
                     <locus from="36v" facs="#GKS04-2365-0036v" to="37r">36v-37r</locus>
                     <title type="uniform">Dráp Niflunga</title>
                  </msItem>
                  <msItem n="24" defective="false" class="edd">
                     <locus from="37r" facs="#GKS04-2365-0037r" to="38r">37r-38r</locus>
                     <title type="uniform">Guðrúnarkviða II</title>
                  </msItem>
                  <msItem n="25" defective="false" class="edd">
                     <locus from="38r" facs="#GKS04-2365-0038r" to="38v">38r-38v</locus>
                     <title type="uniform">Guðrúnarkviða III</title>
                  </msItem>
                  <msItem n="26" defective="false" class="edd">
                     <locus from="38v" facs="#GKS04-2365-0038v" to="39v">38v-39v</locus>
                     <title type="uniform">Oddrúnargrátur</title>
                  </msItem>
                  <msItem n="27" defective="false" class="edd">
                     <locus from="39v" facs="#GKS04-2365-0039v" to="41r">39v-41r</locus>
                     <title type="uniform">Atlakviða</title>
                  </msItem>
                  <msItem n="28" defective="false" class="edd">
                     <locus from="41r" facs="#GKS04-2365-0041r" to="44r">41r-44r</locus>
                     <title type="uniform">Atlamál</title>
                  </msItem>
                  <msItem n="29" defective="false" class="edd">
                     <locus from="44r" facs="#GKS04-2365-0044r" to="44v">44r-44v</locus>
                     <title type="uniform">Guðrúnarhvöt</title>
                  </msItem>
                  <msItem n="30" defective="false" class="edd">
                     <locus from="44v" facs="#GKS04-2365-0044v" to="45v">44v-45v</locus>
                     <title type="uniform">Hamdismál</title>
                  </msItem>
               </msContents>
               <physDesc>
                  <objectDesc form="codex">
                     <supportDesc material="perg">
                        <support>Skinn.</support>
                        <extent>i + 45 + (8) blöð (<dimensions type="leaf" unit="mm" scope="all">
                              <height>194</height>
                              <width>134</width>
                           </dimensions>).</extent>
                        <foliation>
                           <p>Blaðsíðumerkt 1-90.</p>
                        </foliation>
                        <collation>
                           <p/>
                        </collation>
                        <condition>
                           <p>
                              <list>
                                 <item>Eyða aftan við bl. 32, svo sem sést af auðu kveri er stungið
                                    hefur verið þar inn og spássíumerkingum neðst á bl. <locus from="32v" facs="#GKS04-2365-0032v" to="32v">32v</locus> og efst á
                                    bl. <locus from="33r" facs="#GKS04-2365-0033r" to="33r">33r</locus>.</item>
                                 <item>Síðari tíma viðbót á bl. <locus from="45v" facs="#GKS04-2365-0045v" to="45v">45v</locus>, sem upprunalega hefur aðeins
                                    verið skrifað að tveimur þriðjuhlutum, hefur aftur verið skafin
                                    burt.</item>
                                 <item>Spássíur eru mikið skertar við afskurð.</item>
                                 <item>Hér og þar minni háttar göt og rifur í skinninu, en flestar
                                    þó jafngamlar handritinu. Ein slík rifa á bl. <locus from="28r" facs="#GKS04-2365-0028r" to="28v">28</locus> saumuð saman
                                    með grænum silkiþræði.</item>
                              </list>
                           </p>
                        </condition>
                     </supportDesc>
                     <layoutDesc>
                        <layout columns="1">
                           <p>
                              <list>
                                 <item>Eindálka.</item>
                                 <item>Leturflötur er</item>
                                 <item>Línufjöldi er</item>
                              </list>
                           </p>
                        </layout>
                     </layoutDesc>
                  </objectDesc>
                  <handDesc hands="1">
                     <handNote scope="sole" script="textualis" scribe="unknown">Óþekktur skrifari, textaskrift.</handNote>                  
                  </handDesc>
                  <decoDesc>
                     <decoNote type="paratext" subtype="secondary">
                        <p>Rauðritaðar fyrirsagnir.</p>
                     </decoNote>
                     <decoNote type="initial" subtype="secondary">
                        <p>Rauðir eða grænir upphafsstafir.</p>
                     </decoNote>
                     <decoNote type="marginal">
                        <p>Víða skreytingar með hendi skrifara við kvæðislok á neðri spássíu.</p>
                     </decoNote>
                  </decoDesc>
                  <additions>
                     <p>
                        <list>
                           <item>Átta auð innskotsblöð aftan við bl. 32 (eitt kver).</item>
                           <item>Bókamerki <name type="person" key="BrySve001">Brynjólfs
                              Sveinssonar</name> biskups (<q>LL</q>) og ártalið <date when="1643">1643</date> á bl. <locus from="1r" facs="#GKS04-2365-0001r" to="1r">1r</locus>.</item>
                           <item>Skrif á bl. <locus from="32r" facs="#GKS04-2365-0032r" to="33r"/> eignuð <name type="person" key="ThoTor001">Þormóði Torfasyni</name>.</item>
                           <item>Hönd <name key="ArnMag001" type="person">Árna Magnússonar</name> á
                              stöku stað (en hann hefur skrifað handritið upp).</item>
                           <item>Ýmsar athugagreinar og krot, þar á meðal nafnið <name type="person">Magnús Eiríksson</name> á bl. <locus from="5r" facs="#GKS04-2365-0005r" to="5r">5r</locus>
                              (frá <date from="1590" to="1610">um 1600</date>).</item>
                        </list>
                     </p>
                  </additions>
                  <bindingDesc>
                     <binding when="1992" contemporary="false">
                        <p>Band frá 1992.</p>
                        <p>Saurblað að framan er yngra en handritið.</p>
                     </binding>
                     <!-- Ath. lýsingu á bandi -->
                     <binding notBefore="1700" notAfter="1799" contemporary="false">
                        <p>Band frá 18. öld. Skinnband með gyllingu. Á kili er titillinn <q>EDDA
                              <lb/> SÆMUNDI</q> ásamt fangamarki <name type="person">Kristjáns</name> konungs VII.</p>
                     </binding>
                  </bindingDesc>
                  <accMat>
                     <p>Nokkrir bókfellsstrimlar úr gamalli latneskri messusöngsbók hafa verið
                        festir við saurblað fremst og er á þeim efnisyfirlit með hendi <name type="person" key="AsgJon001">Ásgeirs Jónssonar</name>.</p>
                  </accMat>
               </physDesc>
               <history>
                  <origin notBefore="1260" notAfter="1280">
                     <p>Handritið var skrifað á <origPlace key="IS">Íslandi</origPlace>. Það er
                        tímasett til ca <origDate notBefore="1260" notAfter="1280">1270</origDate>
                        (þ.e. óbundna málið, sjá <bibl>
                           <ref target="ONPregistre">ONPRegistre</ref>
                        </bibl>, bls. 472) en til loka 13. aldar í <bibl>
                           <ref xml:id="KatKB" target="KatKB">Katalog KB</ref>
                        </bibl>, bls. 43.</p>
                  </origin>
                  <provenance>
                     <p>
                        <name type="person" key="BrySve001">Brynjólfur Sveinsson</name> biskup
                        merkti sér handritið árið <date when="1643">1643</date> (sbr. bl. <locus from="1r" facs="#GKS04-2365-0001r" to="1r">1r</locus>) en sendi það Friðriki III Danakonungi að gjöf <date when="1662">1662</date>.</p>
                  </provenance>
                  <acquisition when="1971-04-21">
                     <p>Stofnun Árna Magnússonar á Íslandi tók við handritinu 21. apríl 1971.</p>
                  </acquisition>
               </history>
               <additional>
                  <adminInfo>
                     <recordHist>
                        <source><p><list>
                           <item><name type="person" key="ThoSig001">ÞS</name> skráði skv. reglum TEIP5 <date notBefore="2009-11-26" notAfter="2009-11-27">26.-27. nóvember 2009</date>.</item>
                           <item> <name key="HarBer001" type="person">HB</name> skráði <date when="2001-04-06">6. apríl 2001</date>.</item>
                           <item><name type="person" key="KriKaa001">Kålund</name> gekk frá handritinu til skráningar <date>?</date> (<bibl><ref target="KatKB">Katalog KB</ref>, bls. 43-44 (nr. 60)</bibl>.</item>
                        </list></p></source>
                     </recordHist>
                  </adminInfo>
                  <surrogates>
                     <p>
                        <list>
                           <item>Svart-hvítar ljósmyndir á Det arnamagnæanske Institut í
                              Kaupmannahöfn.</item>
                           <item>Svart-hvítar ljósmyndir á Stofnun Árna Magnússonar á
                           Íslandi.</item>
                        </list>
                     </p>
                  </surrogates>
                  <listBibl>
                     <bibl>
                        <ref target="IMl3">Konungsbók Eddukvæða</ref>
                     </bibl>
                     <bibl><ref>Erichsen</ref>, bls. 92</bibl>
                     <bibl><ref target="Edda1787">Edda Sæmundar hins fróða 1787</ref>, bls. XLI</bibl>
                     <bibl><ref target="Edda1818">Edda 1818</ref>, bls. XXVIII.</bibl>
                     <bibl><ref target="Edda1847">Den ældre Edda 1847</ref>, bls. XIII-XVI</bibl>
                     <bibl><ref>Möbius, Catalogus 1856</ref>, bls. 66-67</bibl>
                     <bibl><ref target="AntR">Antq. Russes I</ref>, bls. XIX-XX</bibl>
                     <bibl><ref target="NFBugge">Norræn fornkvæði 1867</ref>, bls. I-XIX</bibl>
                     <bibl>
                        <ref>Corpus poet. bor. XLI-II</ref>
                     </bibl>
                     <bibl><ref>Wimmer og Finnur Jónsson, Håndskriftet nr 2365, 4to gl. kgl. sml.,
                           fototypisk og diplomatisk gengivet 1891</ref>.</bibl>
                  	<bibl>. 1905, <ref target="unknown05">Palæografisk atlas. Oldnorsk-islandsk afdeling / udgivet af
                  		Kommissionen for det arnamagnæanske legat</ref></bibl>
                  	<bibl>2009, <ref target="EddaKomm">Kommentar zu den Liedern der Edda</ref></bibl>
                  	<bibl>2010, <ref target="OddHau2010a">Vår eldste bok : skrift, miljø og biletbruk i den norske homilieboka</ref></bibl>
                  	<bibl>Aðalheiður Guðmundsdóttir 2017, <ref target="AðaGuð2017a">Some heroic motifs in Icelandic art</ref></bibl>
                  	<bibl>Arngrímur Vídalín Stefánsson 2015, <ref target="ArnSte2015a">Ný bókfestukenning? : Spjall um aðferðir</ref></bibl>
                  	<bibl>Baldur Jónsson 1993, <ref target="BalJón1993a">Orðtalning í eddukvæðum Konungsbókar</ref></bibl>
                  	<bibl>Baldur Jónsson 2002, <ref target="BalJón2002a">Orðtalning í eddukvæðum Konungsbókar</ref></bibl>
                  	<bibl>Berg, I. 2014, <ref target="IvaBer2014a">Om normalisert norrønt</ref></bibl>
                  	<bibl>Boulhosa, P. P. <ref target="PatBou2015a">Scribal practices and three lines in Völuspá in Codex Regius</ref></bibl>
                  	<bibl>Carlsen, C. 2015, <ref target="ChrCar2015a">Visions of the afterlife in old norse literature</ref></bibl>
                  	<bibl>Cipolla, A. 2016, <ref target="AdeCip2016a">Introduction</ref></bibl>
                  	<bibl>Cipolla, A. 2016, <ref target="AdeCip2016b">Editing and tanslating Snorra Edda : some observations on the editorial history of 
                  		Snorri's Ars Poetica</ref></bibl>
                  	<bibl>Clunies Ross, M. 2010, <ref target="MarClu2010a">Verse and prose in Egils saga Skallagrímssonar</ref></bibl>
                  	<bibl>Cormack, M. J: 1993, <ref target="MarCor1993a">Saints and sinners</ref></bibl>
                  	<bibl>Dronke, U. 1997, <ref target="Edda1969-97">The Poetic Edda</ref></bibl>
                  	<bibl>Einar G. Pétursson 1984, <ref target="EinPét1984a">Hvenær týndist kverið úr Konungsbók Eddukvæða?</ref></bibl>
                  	<bibl>Einar G. Pétursson 2007, <ref target="EinPét9999a">Akrabók. Handrit að Eddum með hendi Árna Böðvarssonar á Ökrum og
                  		hugleiðingar um handritarannsóknir á Eddunum</ref></bibl>
                  	<bibl>Faulkes, A. 1977, <ref target="AntFau1977a">Edda</ref></bibl>
                  	<bibl>Faulkes, A. 1979, <ref target="AntFau1979b">Two versions of Snorra Edda. Edda Magnúsar Ólafssonar (Laufás
                  		Edda)</ref></bibl>
                  	<bibl>Finnur Jónsson 1897, <ref target="FinJón1897a">Sigurdarkvida en skamma eller det såkaldte tredje Sigurdskvad</ref></bibl>
                  	<bibl>Finnur Jónsson 1917, <ref target="FinJón1917a">Sigurðarsaga og de prosaiske stykker i Codex regius</ref></bibl>
                  	<bibl>Finnur Jónsson 1919, <ref target="FinJón1919b">Overgangen -ö (ø) u i islandsk</ref></bibl>
                  	<bibl>Finnur Jónsson 1921, <ref target="FinJón1921a">Sagnformen i heltedigtene i Codex Regius</ref></bibl>
                  	<bibl>Gísli Sigurðsson 2013, <ref target="GísSig2013a">Völuspá as the product of an oral tradition : what does that entail?</ref></bibl>
                  	<bibl>Grant, T. 2019, <ref target="TomGra2019a">A problem of giant proportions : distinguishing risar and jötnar in old Icelandic saga material</ref></bibl>
                  	<bibl>Guðrún Nordal 2014, <ref target="GuðNor2014a">Hrynmerki eða greinarmerki? : um punktasetningu i fjórtándu aldar handritum</ref></bibl>
                  	<bibl>Guðvarður Már Gunnlaugsson 2007, <ref target="GuðGun2007b">Sýnisbók íslenskrar skriftar</ref></bibl>
                  	<bibl>Guðvarður Már Gunnlaugsson 2009, <ref target="GuðGun2009b">'fram' eða 'fyr'</ref></bibl>
                  	<bibl>Guðvarður Már Gunnlaugsson 2010, <ref target="GuðGun2010a">Hvernig skrifaði Hallgrímur?</ref></bibl>
                  	<bibl>Guðvarður Már Gunnlaugsson 2014, <ref target="GuðGun2014a">Brot íslenskra miðaldahandrita</ref></bibl>
                  	<bibl>Gunnell, T. 1994, <ref target="TerGun1994a">Spássíukrot? : mælendamerkingar í handritum eddukvæða og miðaldaleikrita</ref></bibl>
                  	<bibl>Gunnell, T. 2013, <ref target="TerGun2013a">Völuspá in performance</ref></bibl>
                  	<bibl>Gurevich, A. Y. 1973, <ref target="AroGur1973a">Edda and law</ref></bibl>
                  	<bibl>Haraldur Bernharðsson 2004, <ref target="HarBer2004a">Afdrif KK-tákns fyrstu málfræðiritgerðarinnar. Um táknbeitingu nokkurra
                  		þrettándu aldar skrifara</ref></bibl>
                  	<bibl>Haraldur Bernharðsson 2006, <ref target="HarBer2006a">Göróttur er drykkurinn. Fornmálsorð í nútímabúningi</ref></bibl>
                  	<bibl>Haraldur Bernharðsson 2009, <ref target="HarBer2009a">"Bögumæli almúgans" í Konungsbók eddukvæða : um stafsetningarviðmið og blandaðan framburð</ref></bibl>
                  	<bibl>Haraldur Bernharðsson 2009, <ref target="HarBer2009b">Igður klökuðu á hrísinum : um tilbrigði í málinu á Konungsbók eddukvæða</ref></bibl>
                  	<bibl>Haugenr, O. E. 2010, <ref target="OddHau2010c">Stitching the Text Together: Documentary and Eclectic Editions in Old Norse Philology</ref></bibl>
                  	<bibl>Haukur Þorgeirsson 2015, <ref target="HauÞor2015a">Hávamál Resens prófessors</ref></bibl>
                  	<bibl>Haukur Þorgeirsson 2017, <ref target="HauÞor2017a">The Last Eddas on vellum</ref></bibl>
                  	<bibl>Haukur Þorgeirsson 2018, <ref target="HauÞor2018a">Blýflugur og bláar sleggjur</ref></bibl>
                  	<bibl>Heimir Pálsson 2012, <ref target="HeiPál2012a">Om källor och källbehandling i Snorris Edda: Tankar
                  		kring berättelser om skapelsen</ref></bibl>
                  	<bibl>Herschend, F. 2002, <ref target="FraHer2002a">Codex Regius 2365, 4to - Purposeful collection and conscious
                  		composition</ref></bibl>
                  	<bibl>Heusler, A. 1937, <ref target="AndHeu1937a">The Codex Regius of the elder Edda : MS No. 2365 4to in the old Royal
                  		collection in the Royal Library of Copenhagen</ref></bibl>
                  	<bibl>Heusler, A. 1937, <ref target="AndHeu1937b">Preface</ref></bibl>
                  	<bibl>Holtsmark, A. 1951, <ref target="AnnHol1951a">Skáro á skíði. Til tolkningen av Voluspå str. 20.</ref></bibl>
                  	<bibl>Hreinn Benediktsson 2002, <ref target="HreBen2002a">Linguistic studies, historical and comparative</ref></bibl>
                  	<bibl>Jakob Benediktsson 1979, <ref target="JakBen0722a">Et hidtil ukendt brev fra Sveinn Jónsson til Ole Worm</ref></bibl>
                  	<bibl>Johansson, K. G. 2000, <ref target="KarJoh2000b">Völuspá - mundtlig och skriftlig tradition. En diskussion om
                  		skärningspunkten mellan filologi och litteraturvetenskap</ref></bibl>
                  	<bibl>Johansson, K. G. 2013, <ref target="KarJoh2013a">Völuspá, the Tiburtine Sibyl, and the apocalypse in the North</ref></bibl>
                  	<bibl>Jón Helgason, 1960, <ref target="JónHel1960">Til Hauksbóks historie i det 17 århundrede</ref></bibl>
                  	<bibl>Jónas Kristjánsson 1975, <ref target="JónKri1975a">Íslendingadrápa and oral tradition</ref></bibl>
                  	<bibl>Jónas Kristjánsson 1987, <ref target="JónKri1987a">Um Grógaldur og Fjölsvinnsmál</ref></bibl>
                  	<bibl>Jónas Kristjánsson 1989, <ref target="JónKri1989a">Angan illrar þjóðar</ref></bibl>
                  	<bibl>Kapitan, K. A. 2018, <ref target="KatKap2018a">Dating of AM 162 B a fol, a fragment of Brennu-Njáls saga</ref></bibl>
                  	<bibl>Katrín Axelsdóttir 2002, <ref target="KatAxe2002a">Neitanir, eddukvæði og rúnarista</ref></bibl>
                  	<bibl>Katrín Axelsdóttir 2004, <ref target="KatAxe2004a">Brottskafnir stafir í Konungsbók Eddukvæða</ref></bibl>
                  	<bibl>Kjeldsen, A. S. 2013, <ref target="BiblArnSupp8">Filologiske studier i kongesagahåndskriftet Morkinskinna</ref></bibl>
                  	<bibl>Kristján Árnason, 2002, <ref target="KriÁrn2002a">Ferhend hrynjandi í fornyrðislagi og ljóðahætti</ref></bibl>
                  	<bibl>Kure, H. 2013, <ref target="HenKur2013a">Wading heavy currents : Snorri's use of Völuspá 39</ref></bibl>
                  	<bibl>Larrington, C. 2016, <ref target="CarLar2016a">Arnaldur Indriðason's Konungsbók : literary history as MacGuffin, or:  Raiders of the Lost Örk</ref></bibl>
                  	<bibl>Lassen, A. 2013, <ref target="AnnLas2013a">The early scholarly reception of Völuspá from Snorri Sturluson to Árni Magnússon</ref></bibl>
                  	<bibl>Lethbridge, E. 2014, <ref target="EmiLet2014b">„Hvorki glansar gull á mér/né glæstir stafir í línum“.</ref></bibl>
                  	<bibl>Lindblad, G. 1954, <ref target="GusLin1954a">Studier i Codex Regius av äldre eddan</ref></bibl>
                  	<bibl>Lindblad, G. 1980, <ref target="GusLin1980a">Poetiska Eddans förhistoria och skrivskicket i Codex regius</ref></bibl>
                  	<bibl>Louis-Jensen, J. 1970, <ref target="JonLou1129a">"Syvende og ottende brudstykke". Fragmentet AM 325 IV a 4to</ref></bibl>
                  	<bibl>Lindow, J. 2018, <ref target="JohLin2018a">Folkloristics, myth and religion</ref></bibl>
                  	<bibl>Louis-Jensen, J. 1977, <ref target="BiblArn32">Kongesagastudier: Kompilationen Hulda-Hrokkinskinna</ref></bibl>
                  	<bibl>Louis-Jensen, J. 1979, <ref target="JonLou1140a">To håndskrifter fra det nordvestlige Island</ref></bibl>
                  	<bibl>Louis-Jensen, J. 1970, <ref target="JonLou1155a">En marginal i Codex Regius af Den ældre Edda</ref></bibl>
                  	<bibl>Lönnroth, L. 1961, <ref target="LarLön1961a">Skírnismál och den fornisländska äktenskapsnormen</ref></bibl>
                  	<bibl>Margrét Eggertsdóttir 2010, <ref target="MarEgg2010b">Hallgrímur Pétursson and Tormod Torfæus : their scholarly friendship</ref></bibl>
                  	<bibl>Mårtensson, L. 2008, <ref target="LasMår2008a">Anmärkningsvärda suspensioner i DG 11 4to (Codex Upsaliensis av Snorra Edda) - spåren av en 
                  		skriven förlaga</ref></bibl>
                  	<bibl>McKinnell, J. 2013, <ref target="JohMcK2013a">Heathenism in Völuspá : a preliminary survey</ref></bibl>
                  	<bibl>Myrvoll, K. J. 2015, <ref target="KlaMyr2015a">Ei uturvande lengjing av vokalen fyre burtfallen h etter r og l i nordisk</ref></bibl>
                  	<bibl>Ólafía Einarsdóttir 1993, <ref target="ÓlaEin1993a">Dronning Aslaug i Island</ref></bibl>
                  	<bibl>Ólafur Halldórsson 1978, <ref target="ÓlaHal1978a">Grænland í miðaldaritum</ref></bibl>
                  	<bibl>Ólafur Halldórsson 2009, <ref target="ÓlaHal2009b">Konungsbók og Sigurður Nordal</ref></bibl>
                  	<bibl>Ólafur M. Ólafsson 1966, <ref target="ÓlaÓla1966a">Endurskoðun Völuspár</ref></bibl>
                  	<bibl>Pétur Pétursson 2013, <ref target="PétPét2013a">Manifest and latent : Biblical themes in Völuspá</ref></bibl>
                  	<bibl>Quinn, J. 2013, <ref target="JudQui2013a">Death and the king : Grottasöngr in its eddic context</ref></bibl>
                  	<bibl>Quinn, J. 2016, <ref target="JudQui2016a">The principles of textual criticism and the inerprtation of old Norse texts derived 
                  		from oral tradition</ref></bibl>
                  	<bibl>Resen, P. H. 1977, <ref target="AntFau1977c">Two versions of Snorra Edda. Edda Islandorum. Völuspá. Hávamál. P. H.
                  		Resen's edition of 1665</ref></bibl>
                  	<bibl>Salberger, E. 1955, <ref target="EveSal1955a">Et stavrimsproblem i Vafþrúðnismál 34</ref></bibl>
                  	<bibl>Salberger, E. 1957, <ref target="EveSal1957a">Rístu nú, Skírnir. Ett textställe i Skírnismál 1</ref></bibl>
                  	<bibl>Salberger, E. 1979, <ref target="EveSal1979a">Eldens namn hos vanerna</ref></bibl>
                  	<bibl>Samplonius, K. 2013, <ref target="KeeSam2013a">The background and scope of Völuspá</ref></bibl>
                  	<bibl>Sayers, W. 2016, <ref target="WilSay2016a">Skírnismál, Byggvir, and John Barleycorn</ref></bibl>
                  	<bibl>Schier, K. 1975, <ref target="KurSch1975a">Iceland and the rise of literature in "terra nova"</ref></bibl>
                  	<bibl>Seip, D. A. 1945, <ref target="DidSei1945a">Om forholdet mellom Islandsk avskrift og norsk forelegg</ref></bibl>
                  	<bibl>Seip, D. A. 1951, <ref target="DidSei1951a">Har Nordmenn skrevet opp Eddadiktningen?</ref></bibl>
                  	<bibl>Seip, D. A. 1954 <ref target="DidSei1954a">Palæografi. B. Norge og Island</ref></bibl>
                  	<bibl>Seip, D. A. 1957, <ref target="DidSei1957a">Om et norsk skriftlig grunnlag for Edda-diktningen eller deler av
                  		den</ref></bibl>
                  	<bibl>Sigurgeir Steingrímsson 2006, <ref target="SigSte2006a">Stefán Karlsson dr. phil h.c. 2.12.1928-2.5.2006</ref></bibl>
                  	<bibl>Simek, R, 2009, <ref target="RudSim2009a">The medieval Icelandic world view and the theory of the two cultures</ref></bibl>
                  	<bibl>Simek, R. 2017, <ref target="RudSim2017a">On elves</ref></bibl>
                  	<bibl>Stefán Karlsson 1979, <ref target="SteKar1979c">Íviðjur (Samtíningur)</ref></bibl>
                  	<bibl>Stefán Karlsson 1979, <ref target="SteKar1979a">Þorp</ref></bibl>
                  	<bibl>Stefán Karlsson 1986, <ref target="SteKar1986c">Ordsnillin og skriftin</ref></bibl>
                  	<bibl>Stefán Karlsson 1987, <ref target="SteKar1987b">Af reftum sal Hávamála</ref></bibl>
                  	<bibl>Stefán Karlsson 1988, <ref target="SteKar1988b">Alfræði Sturlu Þórðarsonar</ref></bibl>
                  	<bibl>Stefán Karlsson 1993, <ref target="SteKar1993b">Loki's Threat: On Lokasenna 3.4</ref></bibl>
                  	<bibl>Stefán Karlsson 1993, <ref target="SteKar1993f">Niðurlag Konungsbókar</ref></bibl>
                  	<bibl>Stefán Karlsson 2000, <ref target="SteKar2000b">Loki's Threat: On Lokasenna 3.4</ref></bibl>
                  	<bibl>Stefán Karlsson 2000, <ref target="SteKar2000f">Þorp</ref></bibl>
                  	<bibl>Stefán Karlsson 2000, <ref target="SteKar2000k">Niðurlag Konungsbókar</ref></bibl>
                  	<bibl>Stefán Karlsson 2000, <ref target="SteKar2000l">En marginal i Codex Regius af Den ældre Edda</ref></bibl>
                  	<bibl>Stefán Karlsson 2000, <ref target="SteKar2000m">Orðsnillin og skriftin</ref></bibl>
                  	<bibl>Stefán Karlsson 2000, <ref target="SteKar2000p">Alfræði Sturlu Þórðarsonar</ref></bibl>
                  	<bibl>Steinsland, G. 2013, <ref target="GroSte2013a">Völuspá and the Sibylline oracles with a focus on the 'myth of the future'</ref></bibl>
                  	<bibl>Strandberg, M. 2008, <ref target="MatStr2008a">On the etymology of compunded Old-Icelandic Óðinn names with the second component -foðr</ref></bibl>
                  	<bibl>Sveinbjörn Egilsson 1994, <ref target="SveEgi1994a">Bókmentasaga Íslendínga</ref></bibl>
                  	<bibl>Sverrir Tómasson 1979, <ref target="SveTóm1979b">Gullin símu</ref></bibl>
                  	<bibl>Taggart, D. 2017 <ref target="DecTag2017a">All the mountains shake. Seismic and volcanic imagery in the old Norses literature of Þórr</ref></bibl>
                  	<bibl>Vésteinn Ólason 2001, <ref target="VésÓla2001a">Inngangur</ref></bibl>
                  	<bibl>Vésteinn Ólason 2006, <ref target="VésÓla2006a">Gróttasöngur</ref></bibl>
                  	<bibl>Vésteinn Ólason 2006, <ref target="VésÓla2006b">Skrifari Konungsbókar, Helgakviða Hundingsbana I og "fornaldarsagan" um Helga tvo</ref></bibl>
                  	<bibl>Vésteinn Ólason 2001, <ref target="GuðGun2001a">Konungsbók Eddukvæða. Codex Regius</ref></bibl>
                  	<bibl>Widding, O. 1960, <ref target="OleWid1813a">Håndskriftanalyser. Én eller flere skrivere</ref></bibl>
                  	<bibl>Widding, O. 1961, <ref target="OleWid1823a">Håndskriftanalyser</ref></bibl>
                  	<bibl>Zernack, J. 2016, <ref target="JulZer2016a">Old Norse myths and the Poetic Edda as tools of political propaganda</ref></bibl>
                  	<bibl>Þórdís Edda Jóhannesdóttir 2012, <ref target="ÞórJóh2012a">Sigurdrífumál og eyðan í Konungsbók eddukvæða</ref></bibl>
                  	<bibl>Þórður Tómasson 1971, <ref target="ÞórTóm1971a">Hugað að Hávamálum</ref></bibl>
                  	<bibl>Þórhallur Eyþórsson 2018, <ref target="ÞórEyþ2018a">Aldrnari</ref></bibl>
                  </listBibl>
               </additional>
            </msDesc>
         </sourceDesc>
      </fileDesc>
      <revisionDesc>
         <change when="2008-10" who="#EriHas01">Migrated from MASTER to P5</change>
      </revisionDesc>
   </teiHeader>
	<facsimile xml:base="https://myndir.handrit.is/file/Handrit.is/">
		<surface xml:id="GKS04-2365-0000r-FB" n="0">
			<desc>0000r-FB</desc>
			<graphic mimeType="pdf" url="GKS%202365%204to/0/HIGH_QUALITY_DISPLAY"/>
			<graphic mimeType="jpg" url="GKS%202365%204to/0/THUMBNAIL" width="200px" height="300px"/>
			<graphic mimeType="jpg" url="GKS%202365%204to/0/SECONDARY_DISPLAY" width="3744px" height="5616px"/>
			<graphic mimeType="pdf" url="GKS%202365%204to/0/WEB_DISPLAY"/>
		</surface>
		<surface xml:id="GKS04-2365-0000v-FB" n="1">
			<desc>0000v-FB</desc>
			<graphic mimeType="pdf" url="GKS%202365%204to/1/HIGH_QUALITY_DISPLAY"/>
			<graphic mimeType="jpg" url="GKS%202365%204to/1/THUMBNAIL" width="200px" height="300px"/>
			<graphic mimeType="jpg" url="GKS%202365%204to/1/SECONDARY_DISPLAY" width="3744px" height="5616px"/>
			<graphic mimeType="pdf" url="GKS%202365%204to/1/WEB_DISPLAY"/>
		</surface>
		<surface xml:id="GKS04-2365-0001r-FFl" n="2">
			<desc>0001r-FFl</desc>
			<graphic mimeType="pdf" url="GKS%202365%204to/2/HIGH_QUALITY_DISPLAY"/>
			<graphic mimeType="jpg" url="GKS%202365%204to/2/THUMBNAIL" width="200px" height="300px"/>
			<graphic mimeType="jpg" url="GKS%202365%204to/2/SECONDARY_DISPLAY" width="3744px" height="5616px"/>
			<graphic mimeType="pdf" url="GKS%202365%204to/2/WEB_DISPLAY"/>
		</surface>
		<surface xml:id="GKS04-2365-0001v-FFl" n="3">
			<desc>0001v-FFl</desc>
			<graphic mimeType="pdf" url="GKS%202365%204to/3/HIGH_QUALITY_DISPLAY"/>
			<graphic mimeType="jpg" url="GKS%202365%204to/3/THUMBNAIL" width="200px" height="300px"/>
			<graphic mimeType="jpg" url="GKS%202365%204to/3/SECONDARY_DISPLAY" width="3744px" height="5616px"/>
			<graphic mimeType="pdf" url="GKS%202365%204to/3/WEB_DISPLAY"/>
		</surface>
		<surface xml:id="GKS04-2365-0002r-FFl" n="4">
			<desc>0002r-FFl</desc>
			<graphic mimeType="pdf" url="GKS%202365%204to/4/HIGH_QUALITY_DISPLAY"/>
			<graphic mimeType="jpg" url="GKS%202365%204to/4/THUMBNAIL" width="200px" height="300px"/>
			<graphic mimeType="jpg" url="GKS%202365%204to/4/SECONDARY_DISPLAY" width="3744px" height="5616px"/>
			<graphic mimeType="pdf" url="GKS%202365%204to/4/WEB_DISPLAY"/>
		</surface>
		<surface xml:id="GKS04-2365-0002v-FFl" n="5">
			<desc>0002v-FFl</desc>
			<graphic mimeType="pdf" url="GKS%202365%204to/5/HIGH_QUALITY_DISPLAY"/>
			<graphic mimeType="jpg" url="GKS%202365%204to/5/THUMBNAIL" width="200px" height="300px"/>
			<graphic mimeType="jpg" url="GKS%202365%204to/5/SECONDARY_DISPLAY" width="3744px" height="5616px"/>
			<graphic mimeType="pdf" url="GKS%202365%204to/5/WEB_DISPLAY"/>
		</surface>
		<surface xml:id="GKS04-2365-0003r-FFl" n="6">
			<desc>0003r-FFl</desc>
			<graphic mimeType="pdf" url="GKS%202365%204to/6/HIGH_QUALITY_DISPLAY"/>
			<graphic mimeType="jpg" url="GKS%202365%204to/6/THUMBNAIL" width="200px" height="300px"/>
			<graphic mimeType="jpg" url="GKS%202365%204to/6/SECONDARY_DISPLAY" width="3744px" height="5616px"/>
			<graphic mimeType="pdf" url="GKS%202365%204to/6/WEB_DISPLAY"/>
		</surface>
		<surface xml:id="GKS04-2365-0003v-FFl" n="7">
			<desc>0003v-FFl</desc>
			<graphic mimeType="pdf" url="GKS%202365%204to/7/HIGH_QUALITY_DISPLAY"/>
			<graphic mimeType="jpg" url="GKS%202365%204to/7/THUMBNAIL" width="200px" height="300px"/>
			<graphic mimeType="jpg" url="GKS%202365%204to/7/SECONDARY_DISPLAY" width="3744px" height="5616px"/>
			<graphic mimeType="pdf" url="GKS%202365%204to/7/WEB_DISPLAY"/>
		</surface>
		<surface xml:id="GKS04-2365-0004r-FFl" n="8">
			<desc>0004r-FFl</desc>
			<graphic mimeType="pdf" url="GKS%202365%204to/8/HIGH_QUALITY_DISPLAY"/>
			<graphic mimeType="jpg" url="GKS%202365%204to/8/THUMBNAIL" width="200px" height="300px"/>
			<graphic mimeType="jpg" url="GKS%202365%204to/8/SECONDARY_DISPLAY" width="3744px" height="5616px"/>
			<graphic mimeType="pdf" url="GKS%202365%204to/8/WEB_DISPLAY"/>
		</surface>
		<surface xml:id="GKS04-2365-0004v-FFl" n="9">
			<desc>0004v-FFl</desc>
			<graphic mimeType="pdf" url="GKS%202365%204to/9/HIGH_QUALITY_DISPLAY"/>
			<graphic mimeType="jpg" url="GKS%202365%204to/9/THUMBNAIL" width="200px" height="300px"/>
			<graphic mimeType="jpg" url="GKS%202365%204to/9/SECONDARY_DISPLAY" width="3744px" height="5616px"/>
			<graphic mimeType="pdf" url="GKS%202365%204to/9/WEB_DISPLAY"/>
		</surface>
		<surface xml:id="GKS04-2365-0001r" n="10">
			<desc>0001r</desc>
			<graphic mimeType="pdf" url="GKS%202365%204to/10/HIGH_QUALITY_DISPLAY"/>
			<graphic mimeType="jpg" url="GKS%202365%204to/10/THUMBNAIL" width="200px" height="300px"/>
			<graphic mimeType="jpg" url="GKS%202365%204to/10/SECONDARY_DISPLAY" width="3413px" height="5119px"/>
			<graphic mimeType="pdf" url="GKS%202365%204to/10/WEB_DISPLAY"/>
		</surface>
		<surface xml:id="GKS04-2365-0001v" n="11">
			<desc>0001v</desc>
			<graphic mimeType="pdf" url="GKS%202365%204to/11/HIGH_QUALITY_DISPLAY"/>
			<graphic mimeType="jpg" url="GKS%202365%204to/11/THUMBNAIL" width="200px" height="300px"/>
			<graphic mimeType="jpg" url="GKS%202365%204to/11/SECONDARY_DISPLAY" width="3342px" height="5013px"/>
			<graphic mimeType="pdf" url="GKS%202365%204to/11/WEB_DISPLAY"/>
		</surface>
		<surface xml:id="GKS04-2365-0002r" n="12">
			<desc>0002r</desc>
			<graphic mimeType="pdf" url="GKS%202365%204to/12/HIGH_QUALITY_DISPLAY"/>
			<graphic mimeType="jpg" url="GKS%202365%204to/12/THUMBNAIL" width="200px" height="300px"/>
			<graphic mimeType="jpg" url="GKS%202365%204to/12/SECONDARY_DISPLAY" width="3413px" height="5119px"/>
			<graphic mimeType="pdf" url="GKS%202365%204to/12/WEB_DISPLAY"/>
		</surface>
		<surface xml:id="GKS04-2365-0002v" n="13">
			<desc>0002v</desc>
			<graphic mimeType="pdf" url="GKS%202365%204to/13/HIGH_QUALITY_DISPLAY"/>
			<graphic mimeType="jpg" url="GKS%202365%204to/13/THUMBNAIL" width="200px" height="300px"/>
			<graphic mimeType="jpg" url="GKS%202365%204to/13/SECONDARY_DISPLAY" width="3342px" height="5013px"/>
			<graphic mimeType="pdf" url="GKS%202365%204to/13/WEB_DISPLAY"/>
		</surface>
		<surface xml:id="GKS04-2365-0003r" n="14">
			<desc>0003r</desc>
			<graphic mimeType="pdf" url="GKS%202365%204to/14/HIGH_QUALITY_DISPLAY"/>
			<graphic mimeType="jpg" url="GKS%202365%204to/14/THUMBNAIL" width="200px" height="300px"/>
			<graphic mimeType="jpg" url="GKS%202365%204to/14/SECONDARY_DISPLAY" width="3413px" height="5119px"/>
			<graphic mimeType="pdf" url="GKS%202365%204to/14/WEB_DISPLAY"/>
		</surface>
		<surface xml:id="GKS04-2365-0003v" n="15">
			<desc>0003v</desc>
			<graphic mimeType="pdf" url="GKS%202365%204to/15/HIGH_QUALITY_DISPLAY"/>
			<graphic mimeType="jpg" url="GKS%202365%204to/15/THUMBNAIL" width="200px" height="300px"/>
			<graphic mimeType="jpg" url="GKS%202365%204to/15/SECONDARY_DISPLAY" width="3388px" height="5082px"/>
			<graphic mimeType="pdf" url="GKS%202365%204to/15/WEB_DISPLAY"/>
		</surface>
		<surface xml:id="GKS04-2365-0004r" n="16">
			<desc>0004r</desc>
			<graphic mimeType="pdf" url="GKS%202365%204to/16/HIGH_QUALITY_DISPLAY"/>
			<graphic mimeType="jpg" url="GKS%202365%204to/16/THUMBNAIL" width="200px" height="300px"/>
			<graphic mimeType="jpg" url="GKS%202365%204to/16/SECONDARY_DISPLAY" width="3413px" height="5119px"/>
			<graphic mimeType="pdf" url="GKS%202365%204to/16/WEB_DISPLAY"/>
		</surface>
		<surface xml:id="GKS04-2365-0004v" n="17">
			<desc>0004v</desc>
			<graphic mimeType="pdf" url="GKS%202365%204to/17/HIGH_QUALITY_DISPLAY"/>
			<graphic mimeType="jpg" url="GKS%202365%204to/17/THUMBNAIL" width="200px" height="300px"/>
			<graphic mimeType="jpg" url="GKS%202365%204to/17/SECONDARY_DISPLAY" width="3388px" height="5082px"/>
			<graphic mimeType="pdf" url="GKS%202365%204to/17/WEB_DISPLAY"/>
		</surface>
		<surface xml:id="GKS04-2365-0005r" n="18">
			<desc>0005r</desc>
			<graphic mimeType="pdf" url="GKS%202365%204to/18/HIGH_QUALITY_DISPLAY"/>
			<graphic mimeType="jpg" url="GKS%202365%204to/18/THUMBNAIL" width="200px" height="300px"/>
			<graphic mimeType="jpg" url="GKS%202365%204to/18/SECONDARY_DISPLAY" width="3413px" height="5119px"/>
			<graphic mimeType="pdf" url="GKS%202365%204to/18/WEB_DISPLAY"/>
		</surface>
		<surface xml:id="GKS04-2365-0005v" n="19">
			<desc>0005v</desc>
			<graphic mimeType="pdf" url="GKS%202365%204to/19/HIGH_QUALITY_DISPLAY"/>
			<graphic mimeType="jpg" url="GKS%202365%204to/19/THUMBNAIL" width="200px" height="300px"/>
			<graphic mimeType="jpg" url="GKS%202365%204to/19/SECONDARY_DISPLAY" width="3342px" height="5013px"/>
			<graphic mimeType="pdf" url="GKS%202365%204to/19/WEB_DISPLAY"/>
		</surface>
		<surface xml:id="GKS04-2365-0006r" n="20">
			<desc>0006r</desc>
			<graphic mimeType="pdf" url="GKS%202365%204to/20/HIGH_QUALITY_DISPLAY"/>
			<graphic mimeType="jpg" url="GKS%202365%204to/20/THUMBNAIL" width="200px" height="300px"/>
			<graphic mimeType="jpg" url="GKS%202365%204to/20/SECONDARY_DISPLAY" width="3413px" height="5119px"/>
			<graphic mimeType="pdf" url="GKS%202365%204to/20/WEB_DISPLAY"/>
		</surface>
		<surface xml:id="GKS04-2365-0006v" n="21">
			<desc>0006v</desc>
			<graphic mimeType="pdf" url="GKS%202365%204to/21/HIGH_QUALITY_DISPLAY"/>
			<graphic mimeType="jpg" url="GKS%202365%204to/21/THUMBNAIL" width="200px" height="300px"/>
			<graphic mimeType="jpg" url="GKS%202365%204to/21/SECONDARY_DISPLAY" width="3388px" height="5082px"/>
			<graphic mimeType="pdf" url="GKS%202365%204to/21/WEB_DISPLAY"/>
		</surface>
		<surface xml:id="GKS04-2365-0007r" n="22">
			<desc>0007r</desc>
			<graphic mimeType="pdf" url="GKS%202365%204to/22/HIGH_QUALITY_DISPLAY"/>
			<graphic mimeType="jpg" url="GKS%202365%204to/22/THUMBNAIL" width="200px" height="300px"/>
			<graphic mimeType="jpg" url="GKS%202365%204to/22/SECONDARY_DISPLAY" width="3413px" height="5119px"/>
			<graphic mimeType="pdf" url="GKS%202365%204to/22/WEB_DISPLAY"/>
		</surface>
		<surface xml:id="GKS04-2365-0007v" n="23">
			<desc>0007v</desc>
			<graphic mimeType="pdf" url="GKS%202365%204to/23/HIGH_QUALITY_DISPLAY"/>
			<graphic mimeType="jpg" url="GKS%202365%204to/23/THUMBNAIL" width="200px" height="300px"/>
			<graphic mimeType="jpg" url="GKS%202365%204to/23/SECONDARY_DISPLAY" width="3388px" height="5082px"/>
			<graphic mimeType="pdf" url="GKS%202365%204to/23/WEB_DISPLAY"/>
		</surface>
		<surface xml:id="GKS04-2365-0008r" n="24">
			<desc>0008r</desc>
			<graphic mimeType="pdf" url="GKS%202365%204to/24/HIGH_QUALITY_DISPLAY"/>
			<graphic mimeType="jpg" url="GKS%202365%204to/24/THUMBNAIL" width="200px" height="300px"/>
			<graphic mimeType="jpg" url="GKS%202365%204to/24/SECONDARY_DISPLAY" width="3413px" height="5119px"/>
			<graphic mimeType="pdf" url="GKS%202365%204to/24/WEB_DISPLAY"/>
		</surface>
		<surface xml:id="GKS04-2365-0008v" n="25">
			<desc>0008v</desc>
			<graphic mimeType="pdf" url="GKS%202365%204to/25/HIGH_QUALITY_DISPLAY"/>
			<graphic mimeType="jpg" url="GKS%202365%204to/25/THUMBNAIL" width="200px" height="300px"/>
			<graphic mimeType="jpg" url="GKS%202365%204to/25/SECONDARY_DISPLAY" width="3388px" height="5082px"/>
			<graphic mimeType="pdf" url="GKS%202365%204to/25/WEB_DISPLAY"/>
		</surface>
		<surface xml:id="GKS04-2365-0009r" n="26">
			<desc>0009r</desc>
			<graphic mimeType="pdf" url="GKS%202365%204to/26/HIGH_QUALITY_DISPLAY"/>
			<graphic mimeType="jpg" url="GKS%202365%204to/26/THUMBNAIL" width="200px" height="300px"/>
			<graphic mimeType="jpg" url="GKS%202365%204to/26/SECONDARY_DISPLAY" width="3413px" height="5119px"/>
			<graphic mimeType="pdf" url="GKS%202365%204to/26/WEB_DISPLAY"/>
		</surface>
		<surface xml:id="GKS04-2365-0009v" n="27">
			<desc>0009v</desc>
			<graphic mimeType="pdf" url="GKS%202365%204to/27/HIGH_QUALITY_DISPLAY"/>
			<graphic mimeType="jpg" url="GKS%202365%204to/27/THUMBNAIL" width="200px" height="300px"/>
			<graphic mimeType="jpg" url="GKS%202365%204to/27/SECONDARY_DISPLAY" width="3388px" height="5082px"/>
			<graphic mimeType="pdf" url="GKS%202365%204to/27/WEB_DISPLAY"/>
		</surface>
		<surface xml:id="GKS04-2365-0010r" n="28">
			<desc>0010r</desc>
			<graphic mimeType="pdf" url="GKS%202365%204to/28/HIGH_QUALITY_DISPLAY"/>
			<graphic mimeType="jpg" url="GKS%202365%204to/28/THUMBNAIL" width="200px" height="300px"/>
			<graphic mimeType="jpg" url="GKS%202365%204to/28/SECONDARY_DISPLAY" width="3413px" height="5119px"/>
			<graphic mimeType="pdf" url="GKS%202365%204to/28/WEB_DISPLAY"/>
		</surface>
		<surface xml:id="GKS04-2365-0010v" n="29">
			<desc>0010v</desc>
			<graphic mimeType="pdf" url="GKS%202365%204to/29/HIGH_QUALITY_DISPLAY"/>
			<graphic mimeType="jpg" url="GKS%202365%204to/29/THUMBNAIL" width="200px" height="300px"/>
			<graphic mimeType="jpg" url="GKS%202365%204to/29/SECONDARY_DISPLAY" width="3388px" height="5082px"/>
			<graphic mimeType="pdf" url="GKS%202365%204to/29/WEB_DISPLAY"/>
		</surface>
		<surface xml:id="GKS04-2365-0011r" n="30">
			<desc>0011r</desc>
			<graphic mimeType="pdf" url="GKS%202365%204to/30/HIGH_QUALITY_DISPLAY"/>
			<graphic mimeType="jpg" url="GKS%202365%204to/30/THUMBNAIL" width="200px" height="300px"/>
			<graphic mimeType="jpg" url="GKS%202365%204to/30/SECONDARY_DISPLAY" width="3413px" height="5119px"/>
			<graphic mimeType="pdf" url="GKS%202365%204to/30/WEB_DISPLAY"/>
		</surface>
		<surface xml:id="GKS04-2365-0011v" n="31">
			<desc>0011v</desc>
			<graphic mimeType="pdf" url="GKS%202365%204to/31/HIGH_QUALITY_DISPLAY"/>
			<graphic mimeType="jpg" url="GKS%202365%204to/31/THUMBNAIL" width="200px" height="300px"/>
			<graphic mimeType="jpg" url="GKS%202365%204to/31/SECONDARY_DISPLAY" width="3388px" height="5082px"/>
			<graphic mimeType="pdf" url="GKS%202365%204to/31/WEB_DISPLAY"/>
		</surface>
		<surface xml:id="GKS04-2365-0012r" n="32">
			<desc>0012r</desc>
			<graphic mimeType="pdf" url="GKS%202365%204to/32/HIGH_QUALITY_DISPLAY"/>
			<graphic mimeType="jpg" url="GKS%202365%204to/32/THUMBNAIL" width="200px" height="300px"/>
			<graphic mimeType="jpg" url="GKS%202365%204to/32/SECONDARY_DISPLAY" width="3413px" height="5119px"/>
			<graphic mimeType="pdf" url="GKS%202365%204to/32/WEB_DISPLAY"/>
		</surface>
		<surface xml:id="GKS04-2365-0012v" n="33">
			<desc>0012v</desc>
			<graphic mimeType="pdf" url="GKS%202365%204to/33/HIGH_QUALITY_DISPLAY"/>
			<graphic mimeType="jpg" url="GKS%202365%204to/33/THUMBNAIL" width="200px" height="300px"/>
			<graphic mimeType="jpg" url="GKS%202365%204to/33/SECONDARY_DISPLAY" width="3388px" height="5082px"/>
			<graphic mimeType="pdf" url="GKS%202365%204to/33/WEB_DISPLAY"/>
		</surface>
		<surface xml:id="GKS04-2365-0013r" n="34">
			<desc>0013r</desc>
			<graphic mimeType="pdf" url="GKS%202365%204to/34/HIGH_QUALITY_DISPLAY"/>
			<graphic mimeType="jpg" url="GKS%202365%204to/34/THUMBNAIL" width="200px" height="300px"/>
			<graphic mimeType="jpg" url="GKS%202365%204to/34/SECONDARY_DISPLAY" width="3413px" height="5119px"/>
			<graphic mimeType="pdf" url="GKS%202365%204to/34/WEB_DISPLAY"/>
		</surface>
		<surface xml:id="GKS04-2365-0013v" n="35">
			<desc>0013v</desc>
			<graphic mimeType="pdf" url="GKS%202365%204to/35/HIGH_QUALITY_DISPLAY"/>
			<graphic mimeType="jpg" url="GKS%202365%204to/35/THUMBNAIL" width="200px" height="300px"/>
			<graphic mimeType="jpg" url="GKS%202365%204to/35/SECONDARY_DISPLAY" width="3388px" height="5082px"/>
			<graphic mimeType="pdf" url="GKS%202365%204to/35/WEB_DISPLAY"/>
		</surface>
		<surface xml:id="GKS04-2365-0014r" n="36">
			<desc>0014r</desc>
			<graphic mimeType="pdf" url="GKS%202365%204to/36/HIGH_QUALITY_DISPLAY"/>
			<graphic mimeType="jpg" url="GKS%202365%204to/36/THUMBNAIL" width="200px" height="300px"/>
			<graphic mimeType="jpg" url="GKS%202365%204to/36/SECONDARY_DISPLAY" width="3413px" height="5119px"/>
			<graphic mimeType="pdf" url="GKS%202365%204to/36/WEB_DISPLAY"/>
		</surface>
		<surface xml:id="GKS04-2365-0014v" n="37">
			<desc>0014v</desc>
			<graphic mimeType="pdf" url="GKS%202365%204to/37/HIGH_QUALITY_DISPLAY"/>
			<graphic mimeType="jpg" url="GKS%202365%204to/37/THUMBNAIL" width="200px" height="300px"/>
			<graphic mimeType="jpg" url="GKS%202365%204to/37/SECONDARY_DISPLAY" width="3388px" height="5082px"/>
			<graphic mimeType="pdf" url="GKS%202365%204to/37/WEB_DISPLAY"/>
		</surface>
		<surface xml:id="GKS04-2365-0015r" n="38">
			<desc>0015r</desc>
			<graphic mimeType="pdf" url="GKS%202365%204to/38/HIGH_QUALITY_DISPLAY"/>
			<graphic mimeType="jpg" url="GKS%202365%204to/38/THUMBNAIL" width="200px" height="300px"/>
			<graphic mimeType="jpg" url="GKS%202365%204to/38/SECONDARY_DISPLAY" width="3413px" height="5119px"/>
			<graphic mimeType="pdf" url="GKS%202365%204to/38/WEB_DISPLAY"/>
		</surface>
		<surface xml:id="GKS04-2365-0015v" n="39">
			<desc>0015v</desc>
			<graphic mimeType="pdf" url="GKS%202365%204to/39/HIGH_QUALITY_DISPLAY"/>
			<graphic mimeType="jpg" url="GKS%202365%204to/39/THUMBNAIL" width="200px" height="300px"/>
			<graphic mimeType="jpg" url="GKS%202365%204to/39/SECONDARY_DISPLAY" width="3388px" height="5082px"/>
			<graphic mimeType="pdf" url="GKS%202365%204to/39/WEB_DISPLAY"/>
		</surface>
		<surface xml:id="GKS04-2365-0016r" n="40">
			<desc>0016r</desc>
			<graphic mimeType="pdf" url="GKS%202365%204to/40/HIGH_QUALITY_DISPLAY"/>
			<graphic mimeType="jpg" url="GKS%202365%204to/40/THUMBNAIL" width="200px" height="300px"/>
			<graphic mimeType="jpg" url="GKS%202365%204to/40/SECONDARY_DISPLAY" width="3413px" height="5119px"/>
			<graphic mimeType="pdf" url="GKS%202365%204to/40/WEB_DISPLAY"/>
		</surface>
		<surface xml:id="GKS04-2365-0016v" n="41">
			<desc>0016v</desc>
			<graphic mimeType="pdf" url="GKS%202365%204to/41/HIGH_QUALITY_DISPLAY"/>
			<graphic mimeType="jpg" url="GKS%202365%204to/41/THUMBNAIL" width="200px" height="300px"/>
			<graphic mimeType="jpg" url="GKS%202365%204to/41/SECONDARY_DISPLAY" width="3388px" height="5082px"/>
			<graphic mimeType="pdf" url="GKS%202365%204to/41/WEB_DISPLAY"/>
		</surface>
		<surface xml:id="GKS04-2365-0017r" n="42">
			<desc>0017r</desc>
			<graphic mimeType="pdf" url="GKS%202365%204to/42/HIGH_QUALITY_DISPLAY"/>
			<graphic mimeType="jpg" url="GKS%202365%204to/42/THUMBNAIL" width="200px" height="300px"/>
			<graphic mimeType="jpg" url="GKS%202365%204to/42/SECONDARY_DISPLAY" width="3413px" height="5119px"/>
			<graphic mimeType="pdf" url="GKS%202365%204to/42/WEB_DISPLAY"/>
		</surface>
		<surface xml:id="GKS04-2365-0017v" n="43">
			<desc>0017v</desc>
			<graphic mimeType="pdf" url="GKS%202365%204to/43/HIGH_QUALITY_DISPLAY"/>
			<graphic mimeType="jpg" url="GKS%202365%204to/43/THUMBNAIL" width="200px" height="300px"/>
			<graphic mimeType="jpg" url="GKS%202365%204to/43/SECONDARY_DISPLAY" width="3388px" height="5082px"/>
			<graphic mimeType="pdf" url="GKS%202365%204to/43/WEB_DISPLAY"/>
		</surface>
		<surface xml:id="GKS04-2365-0018r" n="44">
			<desc>0018r</desc>
			<graphic mimeType="pdf" url="GKS%202365%204to/44/HIGH_QUALITY_DISPLAY"/>
			<graphic mimeType="jpg" url="GKS%202365%204to/44/THUMBNAIL" width="200px" height="300px"/>
			<graphic mimeType="jpg" url="GKS%202365%204to/44/SECONDARY_DISPLAY" width="3413px" height="5119px"/>
			<graphic mimeType="pdf" url="GKS%202365%204to/44/WEB_DISPLAY"/>
		</surface>
		<surface xml:id="GKS04-2365-0018v" n="45">
			<desc>0018v</desc>
			<graphic mimeType="pdf" url="GKS%202365%204to/45/HIGH_QUALITY_DISPLAY"/>
			<graphic mimeType="jpg" url="GKS%202365%204to/45/THUMBNAIL" width="200px" height="300px"/>
			<graphic mimeType="jpg" url="GKS%202365%204to/45/SECONDARY_DISPLAY" width="3388px" height="5082px"/>
			<graphic mimeType="pdf" url="GKS%202365%204to/45/WEB_DISPLAY"/>
		</surface>
		<surface xml:id="GKS04-2365-0019r" n="46">
			<desc>0019r</desc>
			<graphic mimeType="pdf" url="GKS%202365%204to/46/HIGH_QUALITY_DISPLAY"/>
			<graphic mimeType="jpg" url="GKS%202365%204to/46/THUMBNAIL" width="200px" height="300px"/>
			<graphic mimeType="jpg" url="GKS%202365%204to/46/SECONDARY_DISPLAY" width="3413px" height="5119px"/>
			<graphic mimeType="pdf" url="GKS%202365%204to/46/WEB_DISPLAY"/>
		</surface>
		<surface xml:id="GKS04-2365-0019v" n="47">
			<desc>0019v</desc>
			<graphic mimeType="pdf" url="GKS%202365%204to/47/HIGH_QUALITY_DISPLAY"/>
			<graphic mimeType="jpg" url="GKS%202365%204to/47/THUMBNAIL" width="200px" height="300px"/>
			<graphic mimeType="jpg" url="GKS%202365%204to/47/SECONDARY_DISPLAY" width="3388px" height="5082px"/>
			<graphic mimeType="pdf" url="GKS%202365%204to/47/WEB_DISPLAY"/>
		</surface>
		<surface xml:id="GKS04-2365-0020r" n="48">
			<desc>0020r</desc>
			<graphic mimeType="pdf" url="GKS%202365%204to/48/HIGH_QUALITY_DISPLAY"/>
			<graphic mimeType="jpg" url="GKS%202365%204to/48/THUMBNAIL" width="200px" height="300px"/>
			<graphic mimeType="jpg" url="GKS%202365%204to/48/SECONDARY_DISPLAY" width="3413px" height="5119px"/>
			<graphic mimeType="pdf" url="GKS%202365%204to/48/WEB_DISPLAY"/>
		</surface>
		<surface xml:id="GKS04-2365-0020v" n="49">
			<desc>0020v</desc>
			<graphic mimeType="pdf" url="GKS%202365%204to/49/HIGH_QUALITY_DISPLAY"/>
			<graphic mimeType="jpg" url="GKS%202365%204to/49/THUMBNAIL" width="200px" height="300px"/>
			<graphic mimeType="jpg" url="GKS%202365%204to/49/SECONDARY_DISPLAY" width="3388px" height="5082px"/>
			<graphic mimeType="pdf" url="GKS%202365%204to/49/WEB_DISPLAY"/>
		</surface>
		<surface xml:id="GKS04-2365-0021r" n="50">
			<desc>0021r</desc>
			<graphic mimeType="pdf" url="GKS%202365%204to/50/HIGH_QUALITY_DISPLAY"/>
			<graphic mimeType="jpg" url="GKS%202365%204to/50/THUMBNAIL" width="200px" height="300px"/>
			<graphic mimeType="jpg" url="GKS%202365%204to/50/SECONDARY_DISPLAY" width="3413px" height="5119px"/>
			<graphic mimeType="pdf" url="GKS%202365%204to/50/WEB_DISPLAY"/>
		</surface>
		<surface xml:id="GKS04-2365-0021v" n="51">
			<desc>0021v</desc>
			<graphic mimeType="pdf" url="GKS%202365%204to/51/HIGH_QUALITY_DISPLAY"/>
			<graphic mimeType="jpg" url="GKS%202365%204to/51/THUMBNAIL" width="200px" height="300px"/>
			<graphic mimeType="jpg" url="GKS%202365%204to/51/SECONDARY_DISPLAY" width="3388px" height="5082px"/>
			<graphic mimeType="pdf" url="GKS%202365%204to/51/WEB_DISPLAY"/>
		</surface>
		<surface xml:id="GKS04-2365-0022r" n="52">
			<desc>0022r</desc>
			<graphic mimeType="pdf" url="GKS%202365%204to/52/HIGH_QUALITY_DISPLAY"/>
			<graphic mimeType="jpg" url="GKS%202365%204to/52/THUMBNAIL" width="200px" height="300px"/>
			<graphic mimeType="jpg" url="GKS%202365%204to/52/SECONDARY_DISPLAY" width="3413px" height="5119px"/>
			<graphic mimeType="pdf" url="GKS%202365%204to/52/WEB_DISPLAY"/>
		</surface>
		<surface xml:id="GKS04-2365-0022v" n="53">
			<desc>0022v</desc>
			<graphic mimeType="pdf" url="GKS%202365%204to/53/HIGH_QUALITY_DISPLAY"/>
			<graphic mimeType="jpg" url="GKS%202365%204to/53/THUMBNAIL" width="200px" height="300px"/>
			<graphic mimeType="jpg" url="GKS%202365%204to/53/SECONDARY_DISPLAY" width="3388px" height="5082px"/>
			<graphic mimeType="pdf" url="GKS%202365%204to/53/WEB_DISPLAY"/>
		</surface>
		<surface xml:id="GKS04-2365-0023r" n="54">
			<desc>0023r</desc>
			<graphic mimeType="pdf" url="GKS%202365%204to/54/HIGH_QUALITY_DISPLAY"/>
			<graphic mimeType="jpg" url="GKS%202365%204to/54/THUMBNAIL" width="200px" height="300px"/>
			<graphic mimeType="jpg" url="GKS%202365%204to/54/SECONDARY_DISPLAY" width="3413px" height="5119px"/>
			<graphic mimeType="pdf" url="GKS%202365%204to/54/WEB_DISPLAY"/>
		</surface>
		<surface xml:id="GKS04-2365-0023v" n="55">
			<desc>0023v</desc>
			<graphic mimeType="pdf" url="GKS%202365%204to/55/HIGH_QUALITY_DISPLAY"/>
			<graphic mimeType="jpg" url="GKS%202365%204to/55/THUMBNAIL" width="200px" height="300px"/>
			<graphic mimeType="jpg" url="GKS%202365%204to/55/SECONDARY_DISPLAY" width="3388px" height="5082px"/>
			<graphic mimeType="pdf" url="GKS%202365%204to/55/WEB_DISPLAY"/>
		</surface>
		<surface xml:id="GKS04-2365-0024r" n="56">
			<desc>0024r</desc>
			<graphic mimeType="pdf" url="GKS%202365%204to/56/HIGH_QUALITY_DISPLAY"/>
			<graphic mimeType="jpg" url="GKS%202365%204to/56/THUMBNAIL" width="200px" height="300px"/>
			<graphic mimeType="jpg" url="GKS%202365%204to/56/SECONDARY_DISPLAY" width="3413px" height="5119px"/>
			<graphic mimeType="pdf" url="GKS%202365%204to/56/WEB_DISPLAY"/>
		</surface>
		<surface xml:id="GKS04-2365-0024v" n="57">
			<desc>0024v</desc>
			<graphic mimeType="pdf" url="GKS%202365%204to/57/HIGH_QUALITY_DISPLAY"/>
			<graphic mimeType="jpg" url="GKS%202365%204to/57/THUMBNAIL" width="200px" height="300px"/>
			<graphic mimeType="jpg" url="GKS%202365%204to/57/SECONDARY_DISPLAY" width="3388px" height="5082px"/>
			<graphic mimeType="pdf" url="GKS%202365%204to/57/WEB_DISPLAY"/>
		</surface>
		<surface xml:id="GKS04-2365-0025r" n="58">
			<desc>0025r</desc>
			<graphic mimeType="pdf" url="GKS%202365%204to/58/HIGH_QUALITY_DISPLAY"/>
			<graphic mimeType="jpg" url="GKS%202365%204to/58/THUMBNAIL" width="200px" height="300px"/>
			<graphic mimeType="jpg" url="GKS%202365%204to/58/SECONDARY_DISPLAY" width="3413px" height="5119px"/>
			<graphic mimeType="pdf" url="GKS%202365%204to/58/WEB_DISPLAY"/>
		</surface>
		<surface xml:id="GKS04-2365-0025v" n="59">
			<desc>0025v</desc>
			<graphic mimeType="pdf" url="GKS%202365%204to/59/HIGH_QUALITY_DISPLAY"/>
			<graphic mimeType="jpg" url="GKS%202365%204to/59/THUMBNAIL" width="200px" height="300px"/>
			<graphic mimeType="jpg" url="GKS%202365%204to/59/SECONDARY_DISPLAY" width="3388px" height="5082px"/>
			<graphic mimeType="pdf" url="GKS%202365%204to/59/WEB_DISPLAY"/>
		</surface>
		<surface xml:id="GKS04-2365-0026r" n="60">
			<desc>0026r</desc>
			<graphic mimeType="pdf" url="GKS%202365%204to/60/HIGH_QUALITY_DISPLAY"/>
			<graphic mimeType="jpg" url="GKS%202365%204to/60/THUMBNAIL" width="200px" height="300px"/>
			<graphic mimeType="jpg" url="GKS%202365%204to/60/SECONDARY_DISPLAY" width="3413px" height="5119px"/>
			<graphic mimeType="pdf" url="GKS%202365%204to/60/WEB_DISPLAY"/>
		</surface>
		<surface xml:id="GKS04-2365-0026v" n="61">
			<desc>0026v</desc>
			<graphic mimeType="pdf" url="GKS%202365%204to/61/HIGH_QUALITY_DISPLAY"/>
			<graphic mimeType="jpg" url="GKS%202365%204to/61/THUMBNAIL" width="200px" height="300px"/>
			<graphic mimeType="jpg" url="GKS%202365%204to/61/SECONDARY_DISPLAY" width="3388px" height="5082px"/>
			<graphic mimeType="pdf" url="GKS%202365%204to/61/WEB_DISPLAY"/>
		</surface>
		<surface xml:id="GKS04-2365-0027r" n="62">
			<desc>0027r</desc>
			<graphic mimeType="pdf" url="GKS%202365%204to/62/HIGH_QUALITY_DISPLAY"/>
			<graphic mimeType="jpg" url="GKS%202365%204to/62/THUMBNAIL" width="200px" height="300px"/>
			<graphic mimeType="jpg" url="GKS%202365%204to/62/SECONDARY_DISPLAY" width="3413px" height="5119px"/>
			<graphic mimeType="pdf" url="GKS%202365%204to/62/WEB_DISPLAY"/>
		</surface>
		<surface xml:id="GKS04-2365-0027v" n="63">
			<desc>0027v</desc>
			<graphic mimeType="pdf" url="GKS%202365%204to/63/HIGH_QUALITY_DISPLAY"/>
			<graphic mimeType="jpg" url="GKS%202365%204to/63/THUMBNAIL" width="200px" height="300px"/>
			<graphic mimeType="jpg" url="GKS%202365%204to/63/SECONDARY_DISPLAY" width="3388px" height="5082px"/>
			<graphic mimeType="pdf" url="GKS%202365%204to/63/WEB_DISPLAY"/>
		</surface>
		<surface xml:id="GKS04-2365-0028r" n="64">
			<desc>0028r</desc>
			<graphic mimeType="pdf" url="GKS%202365%204to/64/HIGH_QUALITY_DISPLAY"/>
			<graphic mimeType="jpg" url="GKS%202365%204to/64/THUMBNAIL" width="200px" height="300px"/>
			<graphic mimeType="jpg" url="GKS%202365%204to/64/SECONDARY_DISPLAY" width="3413px" height="5119px"/>
			<graphic mimeType="pdf" url="GKS%202365%204to/64/WEB_DISPLAY"/>
		</surface>
		<surface xml:id="GKS04-2365-0028v" n="65">
			<desc>0028v</desc>
			<graphic mimeType="pdf" url="GKS%202365%204to/65/HIGH_QUALITY_DISPLAY"/>
			<graphic mimeType="jpg" url="GKS%202365%204to/65/THUMBNAIL" width="200px" height="300px"/>
			<graphic mimeType="jpg" url="GKS%202365%204to/65/SECONDARY_DISPLAY" width="3388px" height="5082px"/>
			<graphic mimeType="pdf" url="GKS%202365%204to/65/WEB_DISPLAY"/>
		</surface>
		<surface xml:id="GKS04-2365-0029r" n="66">
			<desc>0029r</desc>
			<graphic mimeType="pdf" url="GKS%202365%204to/66/HIGH_QUALITY_DISPLAY"/>
			<graphic mimeType="jpg" url="GKS%202365%204to/66/THUMBNAIL" width="200px" height="300px"/>
			<graphic mimeType="jpg" url="GKS%202365%204to/66/SECONDARY_DISPLAY" width="3413px" height="5119px"/>
			<graphic mimeType="pdf" url="GKS%202365%204to/66/WEB_DISPLAY"/>
		</surface>
		<surface xml:id="GKS04-2365-0029v" n="67">
			<desc>0029v</desc>
			<graphic mimeType="pdf" url="GKS%202365%204to/67/HIGH_QUALITY_DISPLAY"/>
			<graphic mimeType="jpg" url="GKS%202365%204to/67/THUMBNAIL" width="200px" height="300px"/>
			<graphic mimeType="jpg" url="GKS%202365%204to/67/SECONDARY_DISPLAY" width="3388px" height="5082px"/>
			<graphic mimeType="pdf" url="GKS%202365%204to/67/WEB_DISPLAY"/>
		</surface>
		<surface xml:id="GKS04-2365-0030r" n="68">
			<desc>0030r</desc>
			<graphic mimeType="pdf" url="GKS%202365%204to/68/HIGH_QUALITY_DISPLAY"/>
			<graphic mimeType="jpg" url="GKS%202365%204to/68/THUMBNAIL" width="200px" height="300px"/>
			<graphic mimeType="jpg" url="GKS%202365%204to/68/SECONDARY_DISPLAY" width="3413px" height="5119px"/>
			<graphic mimeType="pdf" url="GKS%202365%204to/68/WEB_DISPLAY"/>
		</surface>
		<surface xml:id="GKS04-2365-0030v" n="69">
			<desc>0030v</desc>
			<graphic mimeType="pdf" url="GKS%202365%204to/69/HIGH_QUALITY_DISPLAY"/>
			<graphic mimeType="jpg" url="GKS%202365%204to/69/THUMBNAIL" width="200px" height="300px"/>
			<graphic mimeType="jpg" url="GKS%202365%204to/69/SECONDARY_DISPLAY" width="3388px" height="5082px"/>
			<graphic mimeType="pdf" url="GKS%202365%204to/69/WEB_DISPLAY"/>
		</surface>
		<surface xml:id="GKS04-2365-0031r" n="70">
			<desc>0031r</desc>
			<graphic mimeType="pdf" url="GKS%202365%204to/70/HIGH_QUALITY_DISPLAY"/>
			<graphic mimeType="jpg" url="GKS%202365%204to/70/THUMBNAIL" width="200px" height="300px"/>
			<graphic mimeType="jpg" url="GKS%202365%204to/70/SECONDARY_DISPLAY" width="3413px" height="5119px"/>
			<graphic mimeType="pdf" url="GKS%202365%204to/70/WEB_DISPLAY"/>
		</surface>
		<surface xml:id="GKS04-2365-0031v" n="71">
			<desc>0031v</desc>
			<graphic mimeType="pdf" url="GKS%202365%204to/71/HIGH_QUALITY_DISPLAY"/>
			<graphic mimeType="jpg" url="GKS%202365%204to/71/THUMBNAIL" width="200px" height="300px"/>
			<graphic mimeType="jpg" url="GKS%202365%204to/71/SECONDARY_DISPLAY" width="3388px" height="5082px"/>
			<graphic mimeType="pdf" url="GKS%202365%204to/71/WEB_DISPLAY"/>
		</surface>
		<surface xml:id="GKS04-2365-0032r" n="72">
			<desc>0032r</desc>
			<graphic mimeType="pdf" url="GKS%202365%204to/72/HIGH_QUALITY_DISPLAY"/>
			<graphic mimeType="jpg" url="GKS%202365%204to/72/THUMBNAIL" width="200px" height="300px"/>
			<graphic mimeType="jpg" url="GKS%202365%204to/72/SECONDARY_DISPLAY" width="3413px" height="5119px"/>
			<graphic mimeType="pdf" url="GKS%202365%204to/72/WEB_DISPLAY"/>
		</surface>
		<surface xml:id="GKS04-2365-0032v" n="73">
			<desc>0032v</desc>
			<graphic mimeType="pdf" url="GKS%202365%204to/73/HIGH_QUALITY_DISPLAY"/>
			<graphic mimeType="jpg" url="GKS%202365%204to/73/THUMBNAIL" width="200px" height="300px"/>
			<graphic mimeType="jpg" url="GKS%202365%204to/73/SECONDARY_DISPLAY" width="3388px" height="5082px"/>
			<graphic mimeType="pdf" url="GKS%202365%204to/73/WEB_DISPLAY"/>
		</surface>
		<surface xml:id="GKS04-2365-0033r" n="74">
			<desc>0033r</desc>
			<graphic mimeType="pdf" url="GKS%202365%204to/74/HIGH_QUALITY_DISPLAY"/>
			<graphic mimeType="jpg" url="GKS%202365%204to/74/THUMBNAIL" width="200px" height="300px"/>
			<graphic mimeType="jpg" url="GKS%202365%204to/74/SECONDARY_DISPLAY" width="3413px" height="5119px"/>
			<graphic mimeType="pdf" url="GKS%202365%204to/74/WEB_DISPLAY"/>
		</surface>
		<surface xml:id="GKS04-2365-0033v" n="75">
			<desc>0033v</desc>
			<graphic mimeType="pdf" url="GKS%202365%204to/75/HIGH_QUALITY_DISPLAY"/>
			<graphic mimeType="jpg" url="GKS%202365%204to/75/THUMBNAIL" width="200px" height="300px"/>
			<graphic mimeType="jpg" url="GKS%202365%204to/75/SECONDARY_DISPLAY" width="3388px" height="5082px"/>
			<graphic mimeType="pdf" url="GKS%202365%204to/75/WEB_DISPLAY"/>
		</surface>
		<surface xml:id="GKS04-2365-0034r" n="76">
			<desc>0034r</desc>
			<graphic mimeType="pdf" url="GKS%202365%204to/76/HIGH_QUALITY_DISPLAY"/>
			<graphic mimeType="jpg" url="GKS%202365%204to/76/THUMBNAIL" width="200px" height="300px"/>
			<graphic mimeType="jpg" url="GKS%202365%204to/76/SECONDARY_DISPLAY" width="3413px" height="5119px"/>
			<graphic mimeType="pdf" url="GKS%202365%204to/76/WEB_DISPLAY"/>
		</surface>
		<surface xml:id="GKS04-2365-0034v" n="77">
			<desc>0034v</desc>
			<graphic mimeType="pdf" url="GKS%202365%204to/77/HIGH_QUALITY_DISPLAY"/>
			<graphic mimeType="jpg" url="GKS%202365%204to/77/THUMBNAIL" width="200px" height="300px"/>
			<graphic mimeType="jpg" url="GKS%202365%204to/77/SECONDARY_DISPLAY" width="3388px" height="5082px"/>
			<graphic mimeType="pdf" url="GKS%202365%204to/77/WEB_DISPLAY"/>
		</surface>
		<surface xml:id="GKS04-2365-0035r" n="78">
			<desc>0035r</desc>
			<graphic mimeType="pdf" url="GKS%202365%204to/78/HIGH_QUALITY_DISPLAY"/>
			<graphic mimeType="jpg" url="GKS%202365%204to/78/THUMBNAIL" width="200px" height="300px"/>
			<graphic mimeType="jpg" url="GKS%202365%204to/78/SECONDARY_DISPLAY" width="3413px" height="5119px"/>
			<graphic mimeType="pdf" url="GKS%202365%204to/78/WEB_DISPLAY"/>
		</surface>
		<surface xml:id="GKS04-2365-0035v" n="79">
			<desc>0035v</desc>
			<graphic mimeType="pdf" url="GKS%202365%204to/79/HIGH_QUALITY_DISPLAY"/>
			<graphic mimeType="jpg" url="GKS%202365%204to/79/THUMBNAIL" width="200px" height="300px"/>
			<graphic mimeType="jpg" url="GKS%202365%204to/79/SECONDARY_DISPLAY" width="3388px" height="5082px"/>
			<graphic mimeType="pdf" url="GKS%202365%204to/79/WEB_DISPLAY"/>
		</surface>
		<surface xml:id="GKS04-2365-0036r" n="80">
			<desc>0036r</desc>
			<graphic mimeType="pdf" url="GKS%202365%204to/80/HIGH_QUALITY_DISPLAY"/>
			<graphic mimeType="jpg" url="GKS%202365%204to/80/THUMBNAIL" width="200px" height="300px"/>
			<graphic mimeType="jpg" url="GKS%202365%204to/80/SECONDARY_DISPLAY" width="3413px" height="5119px"/>
			<graphic mimeType="pdf" url="GKS%202365%204to/80/WEB_DISPLAY"/>
		</surface>
		<surface xml:id="GKS04-2365-0036v" n="81">
			<desc>0036v</desc>
			<graphic mimeType="pdf" url="GKS%202365%204to/81/HIGH_QUALITY_DISPLAY"/>
			<graphic mimeType="jpg" url="GKS%202365%204to/81/THUMBNAIL" width="200px" height="300px"/>
			<graphic mimeType="jpg" url="GKS%202365%204to/81/SECONDARY_DISPLAY" width="3388px" height="5082px"/>
			<graphic mimeType="pdf" url="GKS%202365%204to/81/WEB_DISPLAY"/>
		</surface>
		<surface xml:id="GKS04-2365-0037r" n="82">
			<desc>0037r</desc>
			<graphic mimeType="pdf" url="GKS%202365%204to/82/HIGH_QUALITY_DISPLAY"/>
			<graphic mimeType="jpg" url="GKS%202365%204to/82/THUMBNAIL" width="200px" height="300px"/>
			<graphic mimeType="jpg" url="GKS%202365%204to/82/SECONDARY_DISPLAY" width="3413px" height="5119px"/>
			<graphic mimeType="pdf" url="GKS%202365%204to/82/WEB_DISPLAY"/>
		</surface>
		<surface xml:id="GKS04-2365-0037v" n="83">
			<desc>0037v</desc>
			<graphic mimeType="pdf" url="GKS%202365%204to/83/HIGH_QUALITY_DISPLAY"/>
			<graphic mimeType="jpg" url="GKS%202365%204to/83/THUMBNAIL" width="200px" height="300px"/>
			<graphic mimeType="jpg" url="GKS%202365%204to/83/SECONDARY_DISPLAY" width="3388px" height="5082px"/>
			<graphic mimeType="pdf" url="GKS%202365%204to/83/WEB_DISPLAY"/>
		</surface>
		<surface xml:id="GKS04-2365-0038r" n="84">
			<desc>0038r</desc>
			<graphic mimeType="pdf" url="GKS%202365%204to/84/HIGH_QUALITY_DISPLAY"/>
			<graphic mimeType="jpg" url="GKS%202365%204to/84/THUMBNAIL" width="200px" height="300px"/>
			<graphic mimeType="jpg" url="GKS%202365%204to/84/SECONDARY_DISPLAY" width="3413px" height="5119px"/>
			<graphic mimeType="pdf" url="GKS%202365%204to/84/WEB_DISPLAY"/>
		</surface>
		<surface xml:id="GKS04-2365-0038v" n="85">
			<desc>0038v</desc>
			<graphic mimeType="pdf" url="GKS%202365%204to/85/HIGH_QUALITY_DISPLAY"/>
			<graphic mimeType="jpg" url="GKS%202365%204to/85/THUMBNAIL" width="200px" height="300px"/>
			<graphic mimeType="jpg" url="GKS%202365%204to/85/SECONDARY_DISPLAY" width="3388px" height="5082px"/>
			<graphic mimeType="pdf" url="GKS%202365%204to/85/WEB_DISPLAY"/>
		</surface>
		<surface xml:id="GKS04-2365-0039r" n="86">
			<desc>0039r</desc>
			<graphic mimeType="pdf" url="GKS%202365%204to/86/HIGH_QUALITY_DISPLAY"/>
			<graphic mimeType="jpg" url="GKS%202365%204to/86/THUMBNAIL" width="200px" height="300px"/>
			<graphic mimeType="jpg" url="GKS%202365%204to/86/SECONDARY_DISPLAY" width="3413px" height="5119px"/>
			<graphic mimeType="pdf" url="GKS%202365%204to/86/WEB_DISPLAY"/>
		</surface>
		<surface xml:id="GKS04-2365-0039v" n="87">
			<desc>0039v</desc>
			<graphic mimeType="pdf" url="GKS%202365%204to/87/HIGH_QUALITY_DISPLAY"/>
			<graphic mimeType="jpg" url="GKS%202365%204to/87/THUMBNAIL" width="200px" height="300px"/>
			<graphic mimeType="jpg" url="GKS%202365%204to/87/SECONDARY_DISPLAY" width="3388px" height="5082px"/>
			<graphic mimeType="pdf" url="GKS%202365%204to/87/WEB_DISPLAY"/>
		</surface>
		<surface xml:id="GKS04-2365-0040r" n="88">
			<desc>0040r</desc>
			<graphic mimeType="pdf" url="GKS%202365%204to/88/HIGH_QUALITY_DISPLAY"/>
			<graphic mimeType="jpg" url="GKS%202365%204to/88/THUMBNAIL" width="200px" height="300px"/>
			<graphic mimeType="jpg" url="GKS%202365%204to/88/SECONDARY_DISPLAY" width="3413px" height="5119px"/>
			<graphic mimeType="pdf" url="GKS%202365%204to/88/WEB_DISPLAY"/>
		</surface>
		<surface xml:id="GKS04-2365-0040v" n="89">
			<desc>0040v</desc>
			<graphic mimeType="pdf" url="GKS%202365%204to/89/HIGH_QUALITY_DISPLAY"/>
			<graphic mimeType="jpg" url="GKS%202365%204to/89/THUMBNAIL" width="200px" height="300px"/>
			<graphic mimeType="jpg" url="GKS%202365%204to/89/SECONDARY_DISPLAY" width="3388px" height="5082px"/>
			<graphic mimeType="pdf" url="GKS%202365%204to/89/WEB_DISPLAY"/>
		</surface>
		<surface xml:id="GKS04-2365-0041r" n="90">
			<desc>0041r</desc>
			<graphic mimeType="pdf" url="GKS%202365%204to/90/HIGH_QUALITY_DISPLAY"/>
			<graphic mimeType="jpg" url="GKS%202365%204to/90/THUMBNAIL" width="200px" height="300px"/>
			<graphic mimeType="jpg" url="GKS%202365%204to/90/SECONDARY_DISPLAY" width="3369px" height="5054px"/>
			<graphic mimeType="pdf" url="GKS%202365%204to/90/WEB_DISPLAY"/>
		</surface>
		<surface xml:id="GKS04-2365-0041v" n="91">
			<desc>0041v</desc>
			<graphic mimeType="pdf" url="GKS%202365%204to/91/HIGH_QUALITY_DISPLAY"/>
			<graphic mimeType="jpg" url="GKS%202365%204to/91/THUMBNAIL" width="200px" height="300px"/>
			<graphic mimeType="jpg" url="GKS%202365%204to/91/SECONDARY_DISPLAY" width="3372px" height="5058px"/>
			<graphic mimeType="pdf" url="GKS%202365%204to/91/WEB_DISPLAY"/>
		</surface>
		<surface xml:id="GKS04-2365-0042r" n="92">
			<desc>0042r</desc>
			<graphic mimeType="pdf" url="GKS%202365%204to/92/HIGH_QUALITY_DISPLAY"/>
			<graphic mimeType="jpg" url="GKS%202365%204to/92/THUMBNAIL" width="200px" height="300px"/>
			<graphic mimeType="jpg" url="GKS%202365%204to/92/SECONDARY_DISPLAY" width="3413px" height="5119px"/>
			<graphic mimeType="pdf" url="GKS%202365%204to/92/WEB_DISPLAY"/>
		</surface>
		<surface xml:id="GKS04-2365-0042v" n="93">
			<desc>0042v</desc>
			<graphic mimeType="pdf" url="GKS%202365%204to/93/HIGH_QUALITY_DISPLAY"/>
			<graphic mimeType="jpg" url="GKS%202365%204to/93/THUMBNAIL" width="200px" height="300px"/>
			<graphic mimeType="jpg" url="GKS%202365%204to/93/SECONDARY_DISPLAY" width="3388px" height="5082px"/>
			<graphic mimeType="pdf" url="GKS%202365%204to/93/WEB_DISPLAY"/>
		</surface>
		<surface xml:id="GKS04-2365-0043r" n="94">
			<desc>0043r</desc>
			<graphic mimeType="pdf" url="GKS%202365%204to/94/HIGH_QUALITY_DISPLAY"/>
			<graphic mimeType="jpg" url="GKS%202365%204to/94/THUMBNAIL" width="200px" height="300px"/>
			<graphic mimeType="jpg" url="GKS%202365%204to/94/SECONDARY_DISPLAY" width="3413px" height="5119px"/>
			<graphic mimeType="pdf" url="GKS%202365%204to/94/WEB_DISPLAY"/>
		</surface>
		<surface xml:id="GKS04-2365-0043v" n="95">
			<desc>0043v</desc>
			<graphic mimeType="pdf" url="GKS%202365%204to/95/HIGH_QUALITY_DISPLAY"/>
			<graphic mimeType="jpg" url="GKS%202365%204to/95/THUMBNAIL" width="200px" height="300px"/>
			<graphic mimeType="jpg" url="GKS%202365%204to/95/SECONDARY_DISPLAY" width="3372px" height="5058px"/>
			<graphic mimeType="pdf" url="GKS%202365%204to/95/WEB_DISPLAY"/>
		</surface>
		<surface xml:id="GKS04-2365-0044r" n="96">
			<desc>0044r</desc>
			<graphic mimeType="pdf" url="GKS%202365%204to/96/HIGH_QUALITY_DISPLAY"/>
			<graphic mimeType="jpg" url="GKS%202365%204to/96/THUMBNAIL" width="200px" height="300px"/>
			<graphic mimeType="jpg" url="GKS%202365%204to/96/SECONDARY_DISPLAY" width="3413px" height="5119px"/>
			<graphic mimeType="pdf" url="GKS%202365%204to/96/WEB_DISPLAY"/>
		</surface>
		<surface xml:id="GKS04-2365-0044v" n="97">
			<desc>0044v</desc>
			<graphic mimeType="pdf" url="GKS%202365%204to/97/HIGH_QUALITY_DISPLAY"/>
			<graphic mimeType="jpg" url="GKS%202365%204to/97/THUMBNAIL" width="200px" height="300px"/>
			<graphic mimeType="jpg" url="GKS%202365%204to/97/SECONDARY_DISPLAY" width="3388px" height="5082px"/>
			<graphic mimeType="pdf" url="GKS%202365%204to/97/WEB_DISPLAY"/>
		</surface>
		<surface xml:id="GKS04-2365-0045r" n="98">
			<desc>0045r</desc>
			<graphic mimeType="pdf" url="GKS%202365%204to/98/HIGH_QUALITY_DISPLAY"/>
			<graphic mimeType="jpg" url="GKS%202365%204to/98/THUMBNAIL" width="200px" height="300px"/>
			<graphic mimeType="jpg" url="GKS%202365%204to/98/SECONDARY_DISPLAY" width="3413px" height="5119px"/>
			<graphic mimeType="pdf" url="GKS%202365%204to/98/WEB_DISPLAY"/>
		</surface>
		<surface xml:id="GKS04-2365-0045v" n="99">
			<desc>0045v</desc>
			<graphic mimeType="pdf" url="GKS%202365%204to/99/HIGH_QUALITY_DISPLAY"/>
			<graphic mimeType="jpg" url="GKS%202365%204to/99/THUMBNAIL" width="200px" height="300px"/>
			<graphic mimeType="jpg" url="GKS%202365%204to/99/SECONDARY_DISPLAY" width="3388px" height="5082px"/>
			<graphic mimeType="pdf" url="GKS%202365%204to/99/WEB_DISPLAY"/>
		</surface>
		<surface xml:id="GKS04-2365-9901r-RFl" n="100">
			<desc>9901r-RFl</desc>
			<graphic mimeType="pdf" url="GKS%202365%204to/100/HIGH_QUALITY_DISPLAY"/>
			<graphic mimeType="jpg" url="GKS%202365%204to/100/THUMBNAIL" width="200px" height="300px"/>
			<graphic mimeType="jpg" url="GKS%202365%204to/100/SECONDARY_DISPLAY" width="3744px" height="5616px"/>
			<graphic mimeType="pdf" url="GKS%202365%204to/100/WEB_DISPLAY"/>
		</surface>
		<surface xml:id="GKS04-2365-9901v-RFl" n="101">
			<desc>9901v-RFl</desc>
			<graphic mimeType="pdf" url="GKS%202365%204to/101/HIGH_QUALITY_DISPLAY"/>
			<graphic mimeType="jpg" url="GKS%202365%204to/101/THUMBNAIL" width="200px" height="300px"/>
			<graphic mimeType="jpg" url="GKS%202365%204to/101/SECONDARY_DISPLAY" width="3744px" height="5616px"/>
			<graphic mimeType="pdf" url="GKS%202365%204to/101/WEB_DISPLAY"/>
		</surface>
		<surface xml:id="GKS04-2365-9902r-RFl" n="102">
			<desc>9902r-RFl</desc>
			<graphic mimeType="pdf" url="GKS%202365%204to/102/HIGH_QUALITY_DISPLAY"/>
			<graphic mimeType="jpg" url="GKS%202365%204to/102/THUMBNAIL" width="200px" height="300px"/>
			<graphic mimeType="jpg" url="GKS%202365%204to/102/SECONDARY_DISPLAY" width="3744px" height="5616px"/>
			<graphic mimeType="pdf" url="GKS%202365%204to/102/WEB_DISPLAY"/>
		</surface>
		<surface xml:id="GKS04-2365-9902v-RFl" n="103">
			<desc>9902v-RFl</desc>
			<graphic mimeType="pdf" url="GKS%202365%204to/103/HIGH_QUALITY_DISPLAY"/>
			<graphic mimeType="jpg" url="GKS%202365%204to/103/THUMBNAIL" width="200px" height="300px"/>
			<graphic mimeType="jpg" url="GKS%202365%204to/103/SECONDARY_DISPLAY" width="3744px" height="5616px"/>
			<graphic mimeType="pdf" url="GKS%202365%204to/103/WEB_DISPLAY"/>
		</surface>
		<surface xml:id="GKS04-2365-9903r-RFl" n="104">
			<desc>9903r-RFl</desc>
			<graphic mimeType="pdf" url="GKS%202365%204to/104/HIGH_QUALITY_DISPLAY"/>
			<graphic mimeType="jpg" url="GKS%202365%204to/104/THUMBNAIL" width="200px" height="300px"/>
			<graphic mimeType="jpg" url="GKS%202365%204to/104/SECONDARY_DISPLAY" width="3744px" height="5616px"/>
			<graphic mimeType="pdf" url="GKS%202365%204to/104/WEB_DISPLAY"/>
		</surface>
		<surface xml:id="GKS04-2365-9903v-RFl" n="105">
			<desc>9903v-RFl</desc>
			<graphic mimeType="pdf" url="GKS%202365%204to/105/HIGH_QUALITY_DISPLAY"/>
			<graphic mimeType="jpg" url="GKS%202365%204to/105/THUMBNAIL" width="200px" height="300px"/>
			<graphic mimeType="jpg" url="GKS%202365%204to/105/SECONDARY_DISPLAY" width="3744px" height="5616px"/>
			<graphic mimeType="pdf" url="GKS%202365%204to/105/WEB_DISPLAY"/>
		</surface>
		<surface xml:id="GKS04-2365-9904r-RFl" n="106">
			<desc>9904r-RFl</desc>
			<graphic mimeType="pdf" url="GKS%202365%204to/106/HIGH_QUALITY_DISPLAY"/>
			<graphic mimeType="jpg" url="GKS%202365%204to/106/THUMBNAIL" width="200px" height="300px"/>
			<graphic mimeType="jpg" url="GKS%202365%204to/106/SECONDARY_DISPLAY" width="3744px" height="5616px"/>
			<graphic mimeType="pdf" url="GKS%202365%204to/106/WEB_DISPLAY"/>
		</surface>
		<surface xml:id="GKS04-2365-9904v-RFl" n="107">
			<desc>9904v-RFl</desc>
			<graphic mimeType="pdf" url="GKS%202365%204to/107/HIGH_QUALITY_DISPLAY"/>
			<graphic mimeType="jpg" url="GKS%202365%204to/107/THUMBNAIL" width="200px" height="300px"/>
			<graphic mimeType="jpg" url="GKS%202365%204to/107/SECONDARY_DISPLAY" width="3744px" height="5616px"/>
			<graphic mimeType="pdf" url="GKS%202365%204to/107/WEB_DISPLAY"/>
		</surface>
		<surface xml:id="GKS04-2365-9999r-RB" n="108">
			<desc>9999r-RB</desc>
			<graphic mimeType="pdf" url="GKS%202365%204to/108/HIGH_QUALITY_DISPLAY"/>
			<graphic mimeType="jpg" url="GKS%202365%204to/108/THUMBNAIL" width="200px" height="300px"/>
			<graphic mimeType="jpg" url="GKS%202365%204to/108/SECONDARY_DISPLAY" width="3744px" height="5616px"/>
			<graphic mimeType="pdf" url="GKS%202365%204to/108/WEB_DISPLAY"/>
		</surface>
		<surface xml:id="GKS04-2365-9999v-RB" n="109">
			<desc>9999v-RB</desc>
			<graphic mimeType="pdf" url="GKS%202365%204to/109/HIGH_QUALITY_DISPLAY"/>
			<graphic mimeType="jpg" url="GKS%202365%204to/109/THUMBNAIL" width="200px" height="300px"/>
			<graphic mimeType="jpg" url="GKS%202365%204to/109/SECONDARY_DISPLAY" width="3744px" height="5616px"/>
			<graphic mimeType="pdf" url="GKS%202365%204to/109/WEB_DISPLAY"/>
		</surface>
		<surface xml:id="GKS04-2365-Spine" n="110">
			<desc>Spine</desc>
			<graphic mimeType="pdf" url="GKS%202365%204to/110/HIGH_QUALITY_DISPLAY"/>
			<graphic mimeType="jpg" url="GKS%202365%204to/110/THUMBNAIL" width="200px" height="300px"/>
			<graphic mimeType="jpg" url="GKS%202365%204to/110/SECONDARY_DISPLAY" width="3744px" height="5616px"/>
			<graphic mimeType="pdf" url="GKS%202365%204to/110/WEB_DISPLAY"/>
		</surface>
		<surface xml:id="GKS04-2365-Fore-Edge" n="111">
			<desc>Fore-Edge</desc>
			<graphic mimeType="pdf" url="GKS%202365%204to/111/HIGH_QUALITY_DISPLAY"/>
			<graphic mimeType="jpg" url="GKS%202365%204to/111/THUMBNAIL" width="200px" height="300px"/>
			<graphic mimeType="jpg" url="GKS%202365%204to/111/SECONDARY_DISPLAY" width="3744px" height="5616px"/>
			<graphic mimeType="pdf" url="GKS%202365%204to/111/WEB_DISPLAY"/>
		</surface>
		<surface xml:id="GKS04-2365-Head-Edge" n="112">
			<desc>Head-Edge</desc>
			<graphic mimeType="pdf" url="GKS%202365%204to/112/HIGH_QUALITY_DISPLAY"/>
			<graphic mimeType="jpg" url="GKS%202365%204to/112/THUMBNAIL" width="200px" height="300px"/>
			<graphic mimeType="jpg" url="GKS%202365%204to/112/SECONDARY_DISPLAY" width="3744px" height="5616px"/>
			<graphic mimeType="pdf" url="GKS%202365%204to/112/WEB_DISPLAY"/>
		</surface>
		<surface xml:id="GKS04-2365-Tail-Edge" n="113">
			<desc>Tail-Edge</desc>
			<graphic mimeType="pdf" url="GKS%202365%204to/113/HIGH_QUALITY_DISPLAY"/>
			<graphic mimeType="jpg" url="GKS%202365%204to/113/THUMBNAIL" width="200px" height="300px"/>
			<graphic mimeType="jpg" url="GKS%202365%204to/113/SECONDARY_DISPLAY" width="3744px" height="5616px"/>
			<graphic mimeType="pdf" url="GKS%202365%204to/113/WEB_DISPLAY"/>
		</surface>
		<surface xml:id="GKS04-2365-addMat01r" n="114">
			<desc>addMat01r</desc>
			<graphic mimeType="pdf" url="GKS%202365%204to/114/HIGH_QUALITY_DISPLAY"/>
			<graphic mimeType="jpg" url="GKS%202365%204to/114/THUMBNAIL" width="200px" height="300px"/>
			<graphic mimeType="jpg" url="GKS%202365%204to/114/SECONDARY_DISPLAY" width="3744px" height="5616px"/>
			<graphic mimeType="pdf" url="GKS%202365%204to/114/WEB_DISPLAY"/>
		</surface>
		<surface xml:id="GKS04-2365-addMat01v" n="115">
			<desc>addMat01v</desc>
			<graphic mimeType="pdf" url="GKS%202365%204to/115/HIGH_QUALITY_DISPLAY"/>
			<graphic mimeType="jpg" url="GKS%202365%204to/115/THUMBNAIL" width="200px" height="300px"/>
			<graphic mimeType="jpg" url="GKS%202365%204to/115/SECONDARY_DISPLAY" width="3744px" height="5616px"/>
			<graphic mimeType="pdf" url="GKS%202365%204to/115/WEB_DISPLAY"/>
		</surface>
		<surface xml:id="GKS04-2365-addMat02r" n="116">
			<desc>addMat02r</desc>
			<graphic mimeType="pdf" url="GKS%202365%204to/116/HIGH_QUALITY_DISPLAY"/>
			<graphic mimeType="jpg" url="GKS%202365%204to/116/THUMBNAIL" width="200px" height="300px"/>
			<graphic mimeType="jpg" url="GKS%202365%204to/116/SECONDARY_DISPLAY" width="3744px" height="5616px"/>
			<graphic mimeType="pdf" url="GKS%202365%204to/116/WEB_DISPLAY"/>
		</surface>
		<surface xml:id="GKS04-2365-addMat02v" n="117">
			<desc>addMat02v</desc>
			<graphic mimeType="pdf" url="GKS%202365%204to/117/HIGH_QUALITY_DISPLAY"/>
			<graphic mimeType="jpg" url="GKS%202365%204to/117/THUMBNAIL" width="200px" height="300px"/>
			<graphic mimeType="jpg" url="GKS%202365%204to/117/SECONDARY_DISPLAY" width="3744px" height="5616px"/>
			<graphic mimeType="pdf" url="GKS%202365%204to/117/WEB_DISPLAY"/>
		</surface>
		<surface xml:id="GKS04-2365-addMat03r" n="118">
			<desc>addMat03r</desc>
			<graphic mimeType="pdf" url="GKS%202365%204to/118/HIGH_QUALITY_DISPLAY"/>
			<graphic mimeType="jpg" url="GKS%202365%204to/118/THUMBNAIL" width="200px" height="300px"/>
			<graphic mimeType="jpg" url="GKS%202365%204to/118/SECONDARY_DISPLAY" width="3744px" height="5616px"/>
			<graphic mimeType="pdf" url="GKS%202365%204to/118/WEB_DISPLAY"/>
		</surface>
		<surface xml:id="GKS04-2365-addMat03v" n="119">
			<desc>addMat03v</desc>
			<graphic mimeType="pdf" url="GKS%202365%204to/119/HIGH_QUALITY_DISPLAY"/>
			<graphic mimeType="jpg" url="GKS%202365%204to/119/THUMBNAIL" width="200px" height="300px"/>
			<graphic mimeType="jpg" url="GKS%202365%204to/119/SECONDARY_DISPLAY" width="3744px" height="5616px"/>
			<graphic mimeType="pdf" url="GKS%202365%204to/119/WEB_DISPLAY"/>
		</surface>
		<surface xml:id="GKS04-2365-addMat04r" n="120">
			<desc>addMat04r</desc>
			<graphic mimeType="pdf" url="GKS%202365%204to/120/HIGH_QUALITY_DISPLAY"/>
			<graphic mimeType="jpg" url="GKS%202365%204to/120/THUMBNAIL" width="200px" height="300px"/>
			<graphic mimeType="jpg" url="GKS%202365%204to/120/SECONDARY_DISPLAY" width="3744px" height="5616px"/>
			<graphic mimeType="pdf" url="GKS%202365%204to/120/WEB_DISPLAY"/>
		</surface>
		<surface xml:id="GKS04-2365-addMat04v" n="121">
			<desc>addMat04v</desc>
			<graphic mimeType="pdf" url="GKS%202365%204to/121/HIGH_QUALITY_DISPLAY"/>
			<graphic mimeType="jpg" url="GKS%202365%204to/121/THUMBNAIL" width="200px" height="300px"/>
			<graphic mimeType="jpg" url="GKS%202365%204to/121/SECONDARY_DISPLAY" width="3744px" height="5616px"/>
			<graphic mimeType="pdf" url="GKS%202365%204to/121/WEB_DISPLAY"/>
		</surface>
		<surface xml:id="GKS04-2365-addMat05r" n="122">
			<desc>addMat05r</desc>
			<graphic mimeType="pdf" url="GKS%202365%204to/122/HIGH_QUALITY_DISPLAY"/>
			<graphic mimeType="jpg" url="GKS%202365%204to/122/THUMBNAIL" width="200px" height="300px"/>
			<graphic mimeType="jpg" url="GKS%202365%204to/122/SECONDARY_DISPLAY" width="3744px" height="5616px"/>
			<graphic mimeType="pdf" url="GKS%202365%204to/122/WEB_DISPLAY"/>
		</surface>
		<surface xml:id="GKS04-2365-addMat05v" n="123">
			<desc>addMat05v</desc>
			<graphic mimeType="pdf" url="GKS%202365%204to/123/HIGH_QUALITY_DISPLAY"/>
			<graphic mimeType="jpg" url="GKS%202365%204to/123/THUMBNAIL" width="200px" height="300px"/>
			<graphic mimeType="jpg" url="GKS%202365%204to/123/SECONDARY_DISPLAY" width="3744px" height="5616px"/>
			<graphic mimeType="pdf" url="GKS%202365%204to/123/WEB_DISPLAY"/>
		</surface>
		<surface xml:id="GKS04-2365-addMat06r" n="124">
			<desc>addMat06r</desc>
			<graphic mimeType="pdf" url="GKS%202365%204to/124/HIGH_QUALITY_DISPLAY"/>
			<graphic mimeType="jpg" url="GKS%202365%204to/124/THUMBNAIL" width="200px" height="300px"/>
			<graphic mimeType="jpg" url="GKS%202365%204to/124/SECONDARY_DISPLAY" width="3744px" height="5616px"/>
			<graphic mimeType="pdf" url="GKS%202365%204to/124/WEB_DISPLAY"/>
		</surface>
		<surface xml:id="GKS04-2365-addMat06v" n="125">
			<desc>addMat06v</desc>
			<graphic mimeType="pdf" url="GKS%202365%204to/125/HIGH_QUALITY_DISPLAY"/>
			<graphic mimeType="jpg" url="GKS%202365%204to/125/THUMBNAIL" width="200px" height="300px"/>
			<graphic mimeType="jpg" url="GKS%202365%204to/125/SECONDARY_DISPLAY" width="3744px" height="5616px"/>
			<graphic mimeType="pdf" url="GKS%202365%204to/125/WEB_DISPLAY"/>
		</surface>
		<surface xml:id="GKS04-2365-addMat07r" n="126">
			<desc>addMat07r</desc>
			<graphic mimeType="pdf" url="GKS%202365%204to/126/HIGH_QUALITY_DISPLAY"/>
			<graphic mimeType="jpg" url="GKS%202365%204to/126/THUMBNAIL" width="200px" height="300px"/>
			<graphic mimeType="jpg" url="GKS%202365%204to/126/SECONDARY_DISPLAY" width="3744px" height="5616px"/>
			<graphic mimeType="pdf" url="GKS%202365%204to/126/WEB_DISPLAY"/>
		</surface>
		<surface xml:id="GKS04-2365-addMat07v" n="127">
			<desc>addMat07v</desc>
			<graphic mimeType="pdf" url="GKS%202365%204to/127/HIGH_QUALITY_DISPLAY"/>
			<graphic mimeType="jpg" url="GKS%202365%204to/127/THUMBNAIL" width="200px" height="300px"/>
			<graphic mimeType="jpg" url="GKS%202365%204to/127/SECONDARY_DISPLAY" width="3744px" height="5616px"/>
			<graphic mimeType="pdf" url="GKS%202365%204to/127/WEB_DISPLAY"/>
		</surface>
		<surface xml:id="GKS04-2365-addMat08r" n="128">
			<desc>addMat08r</desc>
			<graphic mimeType="pdf" url="GKS%202365%204to/128/HIGH_QUALITY_DISPLAY"/>
			<graphic mimeType="jpg" url="GKS%202365%204to/128/THUMBNAIL" width="200px" height="300px"/>
			<graphic mimeType="jpg" url="GKS%202365%204to/128/SECONDARY_DISPLAY" width="3744px" height="5616px"/>
			<graphic mimeType="pdf" url="GKS%202365%204to/128/WEB_DISPLAY"/>
		</surface>
		<surface xml:id="GKS04-2365-addMat08v" n="129">
			<desc>addMat08v</desc>
			<graphic mimeType="pdf" url="GKS%202365%204to/129/HIGH_QUALITY_DISPLAY"/>
			<graphic mimeType="jpg" url="GKS%202365%204to/129/THUMBNAIL" width="200px" height="300px"/>
			<graphic mimeType="jpg" url="GKS%202365%204to/129/SECONDARY_DISPLAY" width="3744px" height="5616px"/>
			<graphic mimeType="pdf" url="GKS%202365%204to/129/WEB_DISPLAY"/>
		</surface>
		<surface xml:id="GKS04-2365-addMat09r" n="130">
			<desc>addMat09r</desc>
			<graphic mimeType="pdf" url="GKS%202365%204to/130/HIGH_QUALITY_DISPLAY"/>
			<graphic mimeType="jpg" url="GKS%202365%204to/130/THUMBNAIL" width="200px" height="300px"/>
			<graphic mimeType="jpg" url="GKS%202365%204to/130/SECONDARY_DISPLAY" width="3744px" height="5616px"/>
			<graphic mimeType="pdf" url="GKS%202365%204to/130/WEB_DISPLAY"/>
		</surface>
		<surface xml:id="GKS04-2365-addMat09v" n="131">
			<desc>addMat09v</desc>
			<graphic mimeType="pdf" url="GKS%202365%204to/131/HIGH_QUALITY_DISPLAY"/>
			<graphic mimeType="jpg" url="GKS%202365%204to/131/THUMBNAIL" width="200px" height="300px"/>
			<graphic mimeType="jpg" url="GKS%202365%204to/131/SECONDARY_DISPLAY" width="3744px" height="5616px"/>
			<graphic mimeType="pdf" url="GKS%202365%204to/131/WEB_DISPLAY"/>
		</surface>
		<surface xml:id="GKS04-2365-addMat10r" n="132">
			<desc>addMat10r</desc>
			<graphic mimeType="pdf" url="GKS%202365%204to/132/HIGH_QUALITY_DISPLAY"/>
			<graphic mimeType="jpg" url="GKS%202365%204to/132/THUMBNAIL" width="200px" height="300px"/>
			<graphic mimeType="jpg" url="GKS%202365%204to/132/SECONDARY_DISPLAY" width="3744px" height="5616px"/>
			<graphic mimeType="pdf" url="GKS%202365%204to/132/WEB_DISPLAY"/>
		</surface>
		<surface xml:id="GKS04-2365-addMat10v" n="133">
			<desc>addMat10v</desc>
			<graphic mimeType="pdf" url="GKS%202365%204to/133/HIGH_QUALITY_DISPLAY"/>
			<graphic mimeType="jpg" url="GKS%202365%204to/133/THUMBNAIL" width="200px" height="300px"/>
			<graphic mimeType="jpg" url="GKS%202365%204to/133/SECONDARY_DISPLAY" width="3744px" height="5616px"/>
			<graphic mimeType="pdf" url="GKS%202365%204to/133/WEB_DISPLAY"/>
		</surface>
		<surface xml:id="GKS04-2365-addMat11r" n="134">
			<desc>addMat11r</desc>
			<graphic mimeType="pdf" url="GKS%202365%204to/134/HIGH_QUALITY_DISPLAY"/>
			<graphic mimeType="jpg" url="GKS%202365%204to/134/THUMBNAIL" width="200px" height="300px"/>
			<graphic mimeType="jpg" url="GKS%202365%204to/134/SECONDARY_DISPLAY" width="3744px" height="5616px"/>
			<graphic mimeType="pdf" url="GKS%202365%204to/134/WEB_DISPLAY"/>
		</surface>
		<surface xml:id="GKS04-2365-addMat11v" n="135">
			<desc>addMat11v</desc>
			<graphic mimeType="pdf" url="GKS%202365%204to/135/HIGH_QUALITY_DISPLAY"/>
			<graphic mimeType="jpg" url="GKS%202365%204to/135/THUMBNAIL" width="200px" height="300px"/>
			<graphic mimeType="jpg" url="GKS%202365%204to/135/SECONDARY_DISPLAY" width="3744px" height="5616px"/>
			<graphic mimeType="pdf" url="GKS%202365%204to/135/WEB_DISPLAY"/>
		</surface>
		<surface xml:id="GKS04-2365-addMat12r" n="136">
			<desc>addMat12r</desc>
			<graphic mimeType="pdf" url="GKS%202365%204to/136/HIGH_QUALITY_DISPLAY"/>
			<graphic mimeType="jpg" url="GKS%202365%204to/136/THUMBNAIL" width="200px" height="300px"/>
			<graphic mimeType="jpg" url="GKS%202365%204to/136/SECONDARY_DISPLAY" width="3744px" height="5616px"/>
			<graphic mimeType="pdf" url="GKS%202365%204to/136/WEB_DISPLAY"/>
		</surface>
		<surface xml:id="GKS04-2365-addMat12v" n="137">
			<desc>addMat12v</desc>
			<graphic mimeType="pdf" url="GKS%202365%204to/137/HIGH_QUALITY_DISPLAY"/>
			<graphic mimeType="jpg" url="GKS%202365%204to/137/THUMBNAIL" width="200px" height="300px"/>
			<graphic mimeType="jpg" url="GKS%202365%204to/137/SECONDARY_DISPLAY" width="3744px" height="5616px"/>
			<graphic mimeType="pdf" url="GKS%202365%204to/137/WEB_DISPLAY"/>
		</surface>
		<surface xml:id="GKS04-2365-addMat13r" n="138">
			<desc>addMat13r</desc>
			<graphic mimeType="pdf" url="GKS%202365%204to/138/HIGH_QUALITY_DISPLAY"/>
			<graphic mimeType="jpg" url="GKS%202365%204to/138/THUMBNAIL" width="200px" height="300px"/>
			<graphic mimeType="jpg" url="GKS%202365%204to/138/SECONDARY_DISPLAY" width="3744px" height="5616px"/>
			<graphic mimeType="pdf" url="GKS%202365%204to/138/WEB_DISPLAY"/>
		</surface>
		<surface xml:id="GKS04-2365-addMat13v" n="139">
			<desc>addMat13v</desc>
			<graphic mimeType="pdf" url="GKS%202365%204to/139/HIGH_QUALITY_DISPLAY"/>
			<graphic mimeType="jpg" url="GKS%202365%204to/139/THUMBNAIL" width="200px" height="300px"/>
			<graphic mimeType="jpg" url="GKS%202365%204to/139/SECONDARY_DISPLAY" width="3744px" height="5616px"/>
			<graphic mimeType="pdf" url="GKS%202365%204to/139/WEB_DISPLAY"/>
		</surface>
		<surface xml:id="GKS04-2365-addMat14r" n="140">
			<desc>addMat14r</desc>
			<graphic mimeType="pdf" url="GKS%202365%204to/140/HIGH_QUALITY_DISPLAY"/>
			<graphic mimeType="jpg" url="GKS%202365%204to/140/THUMBNAIL" width="200px" height="300px"/>
			<graphic mimeType="jpg" url="GKS%202365%204to/140/SECONDARY_DISPLAY" width="3744px" height="5616px"/>
			<graphic mimeType="pdf" url="GKS%202365%204to/140/WEB_DISPLAY"/>
		</surface>
		<surface xml:id="GKS04-2365-addMat14v" n="141">
			<desc>addMat14v</desc>
			<graphic mimeType="pdf" url="GKS%202365%204to/141/HIGH_QUALITY_DISPLAY"/>
			<graphic mimeType="jpg" url="GKS%202365%204to/141/THUMBNAIL" width="200px" height="300px"/>
			<graphic mimeType="jpg" url="GKS%202365%204to/141/SECONDARY_DISPLAY" width="3744px" height="5616px"/>
			<graphic mimeType="pdf" url="GKS%202365%204to/141/WEB_DISPLAY"/>
		</surface>
		<surface xml:id="GKS04-2365-addMat15r" n="142">
			<desc>addMat15r</desc>
			<graphic mimeType="pdf" url="GKS%202365%204to/142/HIGH_QUALITY_DISPLAY"/>
			<graphic mimeType="jpg" url="GKS%202365%204to/142/THUMBNAIL" width="200px" height="300px"/>
			<graphic mimeType="jpg" url="GKS%202365%204to/142/SECONDARY_DISPLAY" width="3744px" height="5616px"/>
			<graphic mimeType="pdf" url="GKS%202365%204to/142/WEB_DISPLAY"/>
		</surface>
		<surface xml:id="GKS04-2365-addMat15v" n="143">
			<desc>addMat15v</desc>
			<graphic mimeType="pdf" url="GKS%202365%204to/143/HIGH_QUALITY_DISPLAY"/>
			<graphic mimeType="jpg" url="GKS%202365%204to/143/THUMBNAIL" width="200px" height="300px"/>
			<graphic mimeType="jpg" url="GKS%202365%204to/143/SECONDARY_DISPLAY" width="3744px" height="5616px"/>
			<graphic mimeType="pdf" url="GKS%202365%204to/143/WEB_DISPLAY"/>
		</surface>
		<surface xml:id="GKS04-2365-ccp" n="144">
			<desc>ccp</desc>
			<graphic mimeType="pdf" url="GKS%202365%204to/144/HIGH_QUALITY_DISPLAY"/>
			<graphic mimeType="jpg" url="GKS%202365%204to/144/THUMBNAIL" width="200px" height="300px"/>
			<graphic mimeType="jpg" url="GKS%202365%204to/144/SECONDARY_DISPLAY" width="3744px" height="5616px"/>
			<graphic mimeType="pdf" url="GKS%202365%204to/144/WEB_DISPLAY"/>
		</surface>
	</facsimile>
	<text>
      <body>

         <p/>
      </body>
   </text>
</TEI>