<?xml version="1.0" encoding="UTF-8"?>
<?oxygen RNGSchema="http://www.handrit.is/schema/handrit-1.0.rnc" type="compact"?>
<TEI xmlns="http://www.tei-c.org/ns/1.0">
    <teiHeader>
        <fileDesc>
            <titleStmt>
                <title>Handritaskrá Árnastofnunar</title>
            </titleStmt>
            <publicationStmt>
                <p>Tilraunaútgáfa</p>
            </publicationStmt>
            <sourceDesc>
                <msDesc xml:lang="is" xml:id="GKS02-1158a-is">
                    <msIdentifier>
                        <country key="IS">Ísland</country>
                        <settlement>Reykjavík</settlement>
                        <institution>Stofnun Árna Magnússonar í íslenskum fræðum</institution>
                        <repository>Handritasvið</repository>
                        <collection>Safn Árna Magnússonar</collection>
                        <idno>GKS 1158 a fol.</idno>
                        <altIdentifier type="internal" subtype="KKKat">
                            <idno>OI42</idno>
                        </altIdentifier>
                    </msIdentifier>
                    <msContents>
                        <msItem n="1" class="log">
                            <title type="supplied">Grágás</title>
                        </msItem>
                        <msItem n="2" class="log">
                            <title type="supplied">Járnsíða</title>
                        </msItem>
                    </msContents>
                    <physDesc>
                        <objectDesc form="codex">
                            <supportDesc material="chart">
                                <support>Pappír.</support>
                                <extent/>
                                <foliation>
                                    <p>
                                        <list>
                                            <item/>
                                        </list>
                                    </p>
                                </foliation>
                                <collation>
                                    <p/>
                                    <note/>
                                </collation>

                                <condition>
                                    <p/>
                                </condition>
                            </supportDesc>
                            <layoutDesc>
                                <layout columns="1">
                                    <p/>
                                </layout>
                            </layoutDesc>
                        </objectDesc>
                        <handDesc>
                            <handNote scribe="unknown" script="unknown" scope="sole"/>

                        </handDesc>
                        <additions>
                            <p/>
                        </additions>
                        <bindingDesc>
                            <binding contemporary="false">
                                <p> </p>
                            </binding>
                        </bindingDesc>
                        <accMat>
                            <p/>
                        </accMat>
                    </physDesc>
                    <history>
                        <origin>
                            <p/>
                        </origin>
                        <provenance>
                            <p/>
                        </provenance>
                        <acquisition>
                            <p/>
                        </acquisition>
                    </history>
                    <additional>
                        <adminInfo>
                            <recordHist>
                                <source>
                                    <p>Handritið er óskráð stafrænt.</p>
                                    <p>Skráning <name type="person" key="KriKaa001">Kristian
                                            Kålunds</name> á handritinu er aðgengileg á <bibl>
                                            <ref target="KatKB">Katalog over de oldnorsk-islandske
                                                Håndskrifter i Det store kongelige Bibliotek og i
                                                Universitetsbiblioteket</ref>
                                        </bibl>, bls. 32.</p>
                                </source>
                            </recordHist>
                            <custodialHist>
                                <custEvent type="conservation"/>
                            </custodialHist>
                        </adminInfo>
                        <surrogates>
                            <p>
                                <list>
                                    <item>Svart-hvítar ljósmyndir á Det Arnamagnæanske Institut í
                                        Kaupmannahöfn.</item>
                                </list>
                            </p>
                        </surrogates>
                        <listBibl>
                            <bibl/>
                        </listBibl>
                    </additional>
                </msDesc>
            </sourceDesc>
        </fileDesc>
    </teiHeader>
    <text>
        <body>

            <p/>
        </body>
    </text>
</TEI>
