<?xml version="1.0" encoding="UTF-8"?>
<?oxygen RNGSchema="http://www.handrit.is/schema/handrit-1.0.rnc" type="compact"?>
<TEI xmlns="http://www.tei-c.org/ns/1.0">
<teiHeader>
      <fileDesc>
         <titleStmt>
            <title>Handritaskrá Árnastofnunar</title>
         </titleStmt>
         <publicationStmt>
            <authority>Tilraunaútgáfa</authority>
            <pubPlace>Ísland</pubPlace>
         </publicationStmt>
         <sourceDesc>
            <msDesc xml:id="HolmPerg04-0024-is" xml:lang="is">
               <msIdentifier>
               		<country key="SE">Svíþjóð</country>
					<settlement>Stokkhólmur</settlement>
         			<institution>Konunglega bókasafnið</institution>
         			<repository>Handritasvið</repository>
         			<idno>Holm. Perg. 24 4to</idno>
               </msIdentifier>     
               
               <msContents xml:lang="is">
               	<summary>
               		<title type="uniform">Alexanders saga</title>
               		<title type="supplied">Bréf Alexanders mikla til Aristótelesar</title>
               		<title type="uniform">Rómverja saga</title>
               	</summary>
              
               	<textLang mainLang="is"/>
               	
                  <msItem n="1" defective="true" class="sagnps">
                     <locus from="1v" facs="#HolmPerg04-0024-0001v" to="22r">1v-20r</locus>
                     <title type="uniform">Alexanders saga</title>
                     <note>Óheil.</note>
                     <incipit>Darius hefir konungur heitið er réð fyrir Serklandi...</incipit>
                     <explicit>...til hingaðburðar vors herra Jesú Kristi cc. níu tygir og níu vetur.</explicit>
                   </msItem>
                   
                   <msItem n="2" defective="false" class="sagnps">
                   	<locus from="20r" facs="#HolmPerg04-0024-0020r" to="22r">20r-22r</locus>
                   	<title type="supplied">Bréf Alexanders mikla til Aristótelesar</title>
                   	<incipit>Ráðandi kringlu alls heims...</incipit>
                   	<explicit>...þá er hann andaðist xxx iii og einn mánuð.</explicit>
                   	</msItem>
                  
                  <msItem n="3" defective="true" class="sagnps">
                     <locus from="22v" facs="#HolmPerg04-0024-0022v" to="28">22v-28</locus>
                     <title type="uniform">Rómverja saga</title>
                     <note>Óheilt, blöð vantar og einnig vantar aftan af sögunni (endar í 55. kafla).</note>
                     <incipit>Svo segir Seliastius í sinni frásögn...</incipit>
                     <explicit>...þá þrútnaði sá knúturinn...</explicit>
                  </msItem>
                  </msContents>
                   
             
               <physDesc>
                  <objectDesc form="codex">
                     <supportDesc material="perg">
                        <support>
                           <p>Skinn</p>
                        </support>
                        <extent>28 blöð (<dimensions type="leaf" unit="mm">
                        <height>247</height>
                        <width>200</width></dimensions>).</extent>
                        
                        <foliation>Blaðmerking 2-28, seinni tíma viðbót.</foliation>
                      
                        <condition><list>
                        <item>Vantar framan og aftan af handritinu og einnig vantar blað eða blöð milli blaða <locus from="3v" facs="#HolmPerg04-0024-0003v" to="4r">3 og 4</locus>, <locus from="13v" facs="#HolmPerg04-0024-0013v" to="14r">13 og 14</locus>, <locus from="16v" facs="#HolmPerg04-0024-0016v" to="17r">16 og 17</locus>, <locus from="23v" facs="#HolmPerg04-0024-0023v" to="24r">23 og 24</locus> og <locus from="26v" facs="#HolmPerg04-0024-0026v" to="27r">26 og 27</locus>.</item>
                        <item>Skorið hefur verið neðan af blaði <locus from="22r" facs="#HolmPerg04-0024-0022r" to="22v">22</locus> og texti því skerst.</item>
                        <item>Víða göt sem myndast hafa við verkun skinnsins, t.d. á blöðum <locus from="2r" facs="#HolmPerg04-0024-0002r" to="2v">2</locus>, <locus from="4r" facs="#HolmPerg04-0024-0004r" to="4v">4</locus> og <locus from="18r" facs="#HolmPerg04-0024-0018r" to="18v">18</locus>.</item>
                        <item>Texti skertur t.d. á blöðum <locus from="4r" facs="#HolmPerg04-0024-0004r" to="4v">4</locus> og <locus from="28r" facs="#HolmPerg04-0024-0028r" to="28v">28</locus> vegna rifa í skinni.</item>
                        <item>Dökkir blettir á blaði <locus from="26r" facs="#HolmPerg04-0024-0026r" to="26r">26r</locus>.</item>
                        <item>Á sumum blöðum eru rakablettir. </item>
                       </list></condition>
                    
                     </supportDesc>
               
                  
                  <layoutDesc>
                  	<layout columns="1" writtenLines="37 42">
                  		<p><list>
                  			<item>Eindálka.</item>
                  			<item>Línufjöldi er 37-42 línur.</item>
                  			<item>Sums staðar sést strikun fyrir línum, einna skýrast á blaði <locus from="24r" facs="#HolmPerg04-0024-0024r" to="24v">24</locus>.</item>
                  		</list></p>
                  		</layout>
                  	</layoutDesc> 
                  	</objectDesc>
              
                  	<decoDesc>
                  		<decoNote type="initial">Rauðir og grænir upphafsstafir, sumir flúraðir (sjá t.d. blöð <locus from="22v" facs="#HolmPerg04-0024-0022v" to="22v">22v</locus> og <locus from="27r" facs="#HolmPerg04-0024-0027r" to="27r">27r</locus>).</decoNote>
                  		<decoNote type="initial" subtype="flourished">Stór upphafstafur skreyttur með blómum á blaði <locus from="1v" facs="#HolmPerg04-0024-0001v" to="1v">1v</locus>.</decoNote>
                  		<decoNote type="secondary" subtype="rubric">Leifar af rauðlitum fyrirsögnum.</decoNote>
                  	</decoDesc>
                  	
                  	<additions>
                  		<list>
                  			<item>Spássíugreinar allvíða, t.d. á blöðum <locus from="7r" facs="#HolmPerg04-0024-0007r" to="7v">7</locus>, <locus from="16v" facs="#HolmPerg04-0024-0016v" to="16v">16v</locus> og <locus from="21v" facs="#HolmPerg04-0024-0021v" to="21v">21v</locus>.</item>
                  			<item>Teikning af konu er á spássíu á blöðum <locus from="7r" facs="#HolmPerg04-0024-0007r" to="7r">7r</locus> og <locus from="19r" facs="#HolmPerg04-0024-0019r" to="19r">19r</locus>. Á spássíu á blaði <locus from="23v" facs="#HolmPerg04-0024-0023v" to="23v">23v</locus> er teikning af þremur körlum.</item>
                  			<item>Á blaði <locus from="4r" facs="#HolmPerg04-0024-0004r" to="4v">4</locus> hefur verið strikað og flúrað í kringum göt í skinninu.</item>
                  			<item>Í Alexanders sögu hefur víða verið bætt við kaflanúmerum á spássíu (sjá t.d. blað <locus from="19v" facs="#HolmPerg04-0024-0019v" to="19v">19v</locus>).</item>
                  			<item>Á blaði <locus from="9v" facs="#HolmPerg04-0024-0009v" to="9v">9v</locus> hefur verið skrifað <q>CAPITVLVM 19</q>, hugsanlega ofan í leifar af rauðri fyrirsögn.</item>
                  		</list>
                  	</additions>
                  	
                  	
                  	<bindingDesc>
                  		<binding>
                  			<decoNote>Óbundið en blöðin fest saman með leðurreimum.</decoNote>
                  		</binding>
                  	</bindingDesc>
               </physDesc>
               
               <history>
                  <origin>Handritið er skrifað á <origPlace key="IS">Íslandi</origPlace>. Það er tímasett til ca <origDate>1450</origDate> í ONP (<bibl><ref target="ONPregistre">Ordbog over det norrøne prosasprog</ref></bibl>).
                 </origin>
                  
                  <provenance>
                  <p><name type="person" key="JonEgg001">Jón Eggertsson</name> keypti handritið á <name type="place" key="IS">Íslandi</name> árið <date when="1682">1682</date> eða <date when="1683">1683</date> fyrir 5 ríkisdali og 3 mörk.</p>
                  <p>Hann flutti handritið til Svíþjóðar þar sem það var geymt í Antikvitetskollegiet.</p>
                  <p>Handritið er nú í Konunglegu bókhlöðunni í Stokkhólmi.</p>
                  </provenance>
               </history>
               
               <additional>
               	<adminInfo>
               		<recordHist>
               			<source>
               				<name type="person" key="EliTho003">EÞ</name> skráði handritið í <date when="2016">mars 2016.</date>
               			</source>
               		</recordHist>
               	</adminInfo>
               
               <listBibl>
               	<bibl>Den arnamagnæanske kommission, <ref target="ONPregistre">Ordbog over det norrøne prosasprog</ref><biblScope type="pages">475</biblScope>.</bibl>
               	<bibl>Vilhelm Gödel, <ref target="KatStock">Katalog öfver Kongl. bibliotekets fornisländska och fornnorska handskrifter</ref><biblScope type="pages">55-56</biblScope>.</bibl>
               	</listBibl></additional>
            </msDesc>
         </sourceDesc>
      </fileDesc>
   </teiHeader>
	<facsimile xml:base="https://myndir.handrit.is/file/Handrit.is/">
		<surface xml:id="HolmPerg04-0024-0001r" n="0">
			<desc>0001r</desc>
			<graphic mimeType="pdf" url="Holm.%20Perg.%2024%204to/0/HIGH_QUALITY_DISPLAY"/>
			<graphic mimeType="jpg" url="Holm.%20Perg.%2024%204to/0/THUMBNAIL" width="200px" height="237px"/>
			<graphic mimeType="jpg" url="Holm.%20Perg.%2024%204to/0/SECONDARY_DISPLAY" width="2564px" height="3044px"/>
			<graphic mimeType="pdf" url="Holm.%20Perg.%2024%204to/0/WEB_DISPLAY"/>
		</surface>
		<surface xml:id="HolmPerg04-0024-0001v" n="1">
			<desc>0001v</desc>
			<graphic mimeType="pdf" url="Holm.%20Perg.%2024%204to/1/HIGH_QUALITY_DISPLAY"/>
			<graphic mimeType="jpg" url="Holm.%20Perg.%2024%204to/1/THUMBNAIL" width="200px" height="237px"/>
			<graphic mimeType="jpg" url="Holm.%20Perg.%2024%204to/1/SECONDARY_DISPLAY" width="2564px" height="3044px"/>
			<graphic mimeType="pdf" url="Holm.%20Perg.%2024%204to/1/WEB_DISPLAY"/>
		</surface>
		<surface xml:id="HolmPerg04-0024-0002r" n="2">
			<desc>0002r</desc>
			<graphic mimeType="pdf" url="Holm.%20Perg.%2024%204to/2/HIGH_QUALITY_DISPLAY"/>
			<graphic mimeType="jpg" url="Holm.%20Perg.%2024%204to/2/THUMBNAIL" width="200px" height="237px"/>
			<graphic mimeType="jpg" url="Holm.%20Perg.%2024%204to/2/SECONDARY_DISPLAY" width="2564px" height="3044px"/>
			<graphic mimeType="pdf" url="Holm.%20Perg.%2024%204to/2/WEB_DISPLAY"/>
		</surface>
		<surface xml:id="HolmPerg04-0024-0002v" n="3">
			<desc>0002v</desc>
			<graphic mimeType="pdf" url="Holm.%20Perg.%2024%204to/3/HIGH_QUALITY_DISPLAY"/>
			<graphic mimeType="jpg" url="Holm.%20Perg.%2024%204to/3/THUMBNAIL" width="200px" height="237px"/>
			<graphic mimeType="jpg" url="Holm.%20Perg.%2024%204to/3/SECONDARY_DISPLAY" width="2564px" height="3044px"/>
			<graphic mimeType="pdf" url="Holm.%20Perg.%2024%204to/3/WEB_DISPLAY"/>
		</surface>
		<surface xml:id="HolmPerg04-0024-0003r" n="4">
			<desc>0003r</desc>
			<graphic mimeType="pdf" url="Holm.%20Perg.%2024%204to/4/HIGH_QUALITY_DISPLAY"/>
			<graphic mimeType="jpg" url="Holm.%20Perg.%2024%204to/4/THUMBNAIL" width="200px" height="237px"/>
			<graphic mimeType="jpg" url="Holm.%20Perg.%2024%204to/4/SECONDARY_DISPLAY" width="2564px" height="3044px"/>
			<graphic mimeType="pdf" url="Holm.%20Perg.%2024%204to/4/WEB_DISPLAY"/>
		</surface>
		<surface xml:id="HolmPerg04-0024-0003v" n="5">
			<desc>0003v</desc>
			<graphic mimeType="pdf" url="Holm.%20Perg.%2024%204to/5/HIGH_QUALITY_DISPLAY"/>
			<graphic mimeType="jpg" url="Holm.%20Perg.%2024%204to/5/THUMBNAIL" width="200px" height="237px"/>
			<graphic mimeType="jpg" url="Holm.%20Perg.%2024%204to/5/SECONDARY_DISPLAY" width="2564px" height="3044px"/>
			<graphic mimeType="pdf" url="Holm.%20Perg.%2024%204to/5/WEB_DISPLAY"/>
		</surface>
		<surface xml:id="HolmPerg04-0024-0004r" n="6">
			<desc>0004r</desc>
			<graphic mimeType="pdf" url="Holm.%20Perg.%2024%204to/6/HIGH_QUALITY_DISPLAY"/>
			<graphic mimeType="jpg" url="Holm.%20Perg.%2024%204to/6/THUMBNAIL" width="200px" height="237px"/>
			<graphic mimeType="jpg" url="Holm.%20Perg.%2024%204to/6/SECONDARY_DISPLAY" width="2564px" height="3044px"/>
			<graphic mimeType="pdf" url="Holm.%20Perg.%2024%204to/6/WEB_DISPLAY"/>
		</surface>
		<surface xml:id="HolmPerg04-0024-0004v" n="7">
			<desc>0004v</desc>
			<graphic mimeType="pdf" url="Holm.%20Perg.%2024%204to/7/HIGH_QUALITY_DISPLAY"/>
			<graphic mimeType="jpg" url="Holm.%20Perg.%2024%204to/7/THUMBNAIL" width="200px" height="237px"/>
			<graphic mimeType="jpg" url="Holm.%20Perg.%2024%204to/7/SECONDARY_DISPLAY" width="2564px" height="3044px"/>
			<graphic mimeType="pdf" url="Holm.%20Perg.%2024%204to/7/WEB_DISPLAY"/>
		</surface>
		<surface xml:id="HolmPerg04-0024-0005r" n="8">
			<desc>0005r</desc>
			<graphic mimeType="pdf" url="Holm.%20Perg.%2024%204to/8/HIGH_QUALITY_DISPLAY"/>
			<graphic mimeType="jpg" url="Holm.%20Perg.%2024%204to/8/THUMBNAIL" width="200px" height="237px"/>
			<graphic mimeType="jpg" url="Holm.%20Perg.%2024%204to/8/SECONDARY_DISPLAY" width="2564px" height="3044px"/>
			<graphic mimeType="pdf" url="Holm.%20Perg.%2024%204to/8/WEB_DISPLAY"/>
		</surface>
		<surface xml:id="HolmPerg04-0024-0005v" n="9">
			<desc>0005v</desc>
			<graphic mimeType="pdf" url="Holm.%20Perg.%2024%204to/9/HIGH_QUALITY_DISPLAY"/>
			<graphic mimeType="jpg" url="Holm.%20Perg.%2024%204to/9/THUMBNAIL" width="200px" height="237px"/>
			<graphic mimeType="jpg" url="Holm.%20Perg.%2024%204to/9/SECONDARY_DISPLAY" width="2564px" height="3044px"/>
			<graphic mimeType="pdf" url="Holm.%20Perg.%2024%204to/9/WEB_DISPLAY"/>
		</surface>
		<surface xml:id="HolmPerg04-0024-0006r" n="10">
			<desc>0006r</desc>
			<graphic mimeType="pdf" url="Holm.%20Perg.%2024%204to/10/HIGH_QUALITY_DISPLAY"/>
			<graphic mimeType="jpg" url="Holm.%20Perg.%2024%204to/10/THUMBNAIL" width="200px" height="237px"/>
			<graphic mimeType="jpg" url="Holm.%20Perg.%2024%204to/10/SECONDARY_DISPLAY" width="2564px" height="3044px"/>
			<graphic mimeType="pdf" url="Holm.%20Perg.%2024%204to/10/WEB_DISPLAY"/>
		</surface>
		<surface xml:id="HolmPerg04-0024-0006v" n="11">
			<desc>0006v</desc>
			<graphic mimeType="pdf" url="Holm.%20Perg.%2024%204to/11/HIGH_QUALITY_DISPLAY"/>
			<graphic mimeType="jpg" url="Holm.%20Perg.%2024%204to/11/THUMBNAIL" width="200px" height="237px"/>
			<graphic mimeType="jpg" url="Holm.%20Perg.%2024%204to/11/SECONDARY_DISPLAY" width="2564px" height="3044px"/>
			<graphic mimeType="pdf" url="Holm.%20Perg.%2024%204to/11/WEB_DISPLAY"/>
		</surface>
		<surface xml:id="HolmPerg04-0024-0007r" n="12">
			<desc>0007r</desc>
			<graphic mimeType="pdf" url="Holm.%20Perg.%2024%204to/12/HIGH_QUALITY_DISPLAY"/>
			<graphic mimeType="jpg" url="Holm.%20Perg.%2024%204to/12/THUMBNAIL" width="200px" height="237px"/>
			<graphic mimeType="jpg" url="Holm.%20Perg.%2024%204to/12/SECONDARY_DISPLAY" width="2564px" height="3044px"/>
			<graphic mimeType="pdf" url="Holm.%20Perg.%2024%204to/12/WEB_DISPLAY"/>
		</surface>
		<surface xml:id="HolmPerg04-0024-0007v" n="13">
			<desc>0007v</desc>
			<graphic mimeType="pdf" url="Holm.%20Perg.%2024%204to/13/HIGH_QUALITY_DISPLAY"/>
			<graphic mimeType="jpg" url="Holm.%20Perg.%2024%204to/13/THUMBNAIL" width="200px" height="237px"/>
			<graphic mimeType="jpg" url="Holm.%20Perg.%2024%204to/13/SECONDARY_DISPLAY" width="2564px" height="3044px"/>
			<graphic mimeType="pdf" url="Holm.%20Perg.%2024%204to/13/WEB_DISPLAY"/>
		</surface>
		<surface xml:id="HolmPerg04-0024-0008r" n="14">
			<desc>0008r</desc>
			<graphic mimeType="pdf" url="Holm.%20Perg.%2024%204to/14/HIGH_QUALITY_DISPLAY"/>
			<graphic mimeType="jpg" url="Holm.%20Perg.%2024%204to/14/THUMBNAIL" width="200px" height="237px"/>
			<graphic mimeType="jpg" url="Holm.%20Perg.%2024%204to/14/SECONDARY_DISPLAY" width="2564px" height="3044px"/>
			<graphic mimeType="pdf" url="Holm.%20Perg.%2024%204to/14/WEB_DISPLAY"/>
		</surface>
		<surface xml:id="HolmPerg04-0024-0008v" n="15">
			<desc>0008v</desc>
			<graphic mimeType="pdf" url="Holm.%20Perg.%2024%204to/15/HIGH_QUALITY_DISPLAY"/>
			<graphic mimeType="jpg" url="Holm.%20Perg.%2024%204to/15/THUMBNAIL" width="200px" height="237px"/>
			<graphic mimeType="jpg" url="Holm.%20Perg.%2024%204to/15/SECONDARY_DISPLAY" width="2564px" height="3044px"/>
			<graphic mimeType="pdf" url="Holm.%20Perg.%2024%204to/15/WEB_DISPLAY"/>
		</surface>
		<surface xml:id="HolmPerg04-0024-0009r" n="16">
			<desc>0009r</desc>
			<graphic mimeType="pdf" url="Holm.%20Perg.%2024%204to/16/HIGH_QUALITY_DISPLAY"/>
			<graphic mimeType="jpg" url="Holm.%20Perg.%2024%204to/16/THUMBNAIL" width="200px" height="237px"/>
			<graphic mimeType="jpg" url="Holm.%20Perg.%2024%204to/16/SECONDARY_DISPLAY" width="2564px" height="3044px"/>
			<graphic mimeType="pdf" url="Holm.%20Perg.%2024%204to/16/WEB_DISPLAY"/>
		</surface>
		<surface xml:id="HolmPerg04-0024-0009v" n="17">
			<desc>0009v</desc>
			<graphic mimeType="pdf" url="Holm.%20Perg.%2024%204to/17/HIGH_QUALITY_DISPLAY"/>
			<graphic mimeType="jpg" url="Holm.%20Perg.%2024%204to/17/THUMBNAIL" width="200px" height="237px"/>
			<graphic mimeType="jpg" url="Holm.%20Perg.%2024%204to/17/SECONDARY_DISPLAY" width="2564px" height="3044px"/>
			<graphic mimeType="pdf" url="Holm.%20Perg.%2024%204to/17/WEB_DISPLAY"/>
		</surface>
		<surface xml:id="HolmPerg04-0024-0010r" n="18">
			<desc>0010r</desc>
			<graphic mimeType="pdf" url="Holm.%20Perg.%2024%204to/18/HIGH_QUALITY_DISPLAY"/>
			<graphic mimeType="jpg" url="Holm.%20Perg.%2024%204to/18/THUMBNAIL" width="200px" height="237px"/>
			<graphic mimeType="jpg" url="Holm.%20Perg.%2024%204to/18/SECONDARY_DISPLAY" width="2564px" height="3044px"/>
			<graphic mimeType="pdf" url="Holm.%20Perg.%2024%204to/18/WEB_DISPLAY"/>
		</surface>
		<surface xml:id="HolmPerg04-0024-0010v" n="19">
			<desc>0010v</desc>
			<graphic mimeType="pdf" url="Holm.%20Perg.%2024%204to/19/HIGH_QUALITY_DISPLAY"/>
			<graphic mimeType="jpg" url="Holm.%20Perg.%2024%204to/19/THUMBNAIL" width="200px" height="237px"/>
			<graphic mimeType="jpg" url="Holm.%20Perg.%2024%204to/19/SECONDARY_DISPLAY" width="2564px" height="3044px"/>
			<graphic mimeType="pdf" url="Holm.%20Perg.%2024%204to/19/WEB_DISPLAY"/>
		</surface>
		<surface xml:id="HolmPerg04-0024-0011r" n="20">
			<desc>0011r</desc>
			<graphic mimeType="pdf" url="Holm.%20Perg.%2024%204to/20/HIGH_QUALITY_DISPLAY"/>
			<graphic mimeType="jpg" url="Holm.%20Perg.%2024%204to/20/THUMBNAIL" width="200px" height="237px"/>
			<graphic mimeType="jpg" url="Holm.%20Perg.%2024%204to/20/SECONDARY_DISPLAY" width="2564px" height="3044px"/>
			<graphic mimeType="pdf" url="Holm.%20Perg.%2024%204to/20/WEB_DISPLAY"/>
		</surface>
		<surface xml:id="HolmPerg04-0024-0011v" n="21">
			<desc>0011v</desc>
			<graphic mimeType="pdf" url="Holm.%20Perg.%2024%204to/21/HIGH_QUALITY_DISPLAY"/>
			<graphic mimeType="jpg" url="Holm.%20Perg.%2024%204to/21/THUMBNAIL" width="200px" height="237px"/>
			<graphic mimeType="jpg" url="Holm.%20Perg.%2024%204to/21/SECONDARY_DISPLAY" width="2564px" height="3044px"/>
			<graphic mimeType="pdf" url="Holm.%20Perg.%2024%204to/21/WEB_DISPLAY"/>
		</surface>
		<surface xml:id="HolmPerg04-0024-0012r" n="22">
			<desc>0012r</desc>
			<graphic mimeType="pdf" url="Holm.%20Perg.%2024%204to/22/HIGH_QUALITY_DISPLAY"/>
			<graphic mimeType="jpg" url="Holm.%20Perg.%2024%204to/22/THUMBNAIL" width="200px" height="237px"/>
			<graphic mimeType="jpg" url="Holm.%20Perg.%2024%204to/22/SECONDARY_DISPLAY" width="2564px" height="3044px"/>
			<graphic mimeType="pdf" url="Holm.%20Perg.%2024%204to/22/WEB_DISPLAY"/>
		</surface>
		<surface xml:id="HolmPerg04-0024-0012v" n="23">
			<desc>0012v</desc>
			<graphic mimeType="pdf" url="Holm.%20Perg.%2024%204to/23/HIGH_QUALITY_DISPLAY"/>
			<graphic mimeType="jpg" url="Holm.%20Perg.%2024%204to/23/THUMBNAIL" width="200px" height="237px"/>
			<graphic mimeType="jpg" url="Holm.%20Perg.%2024%204to/23/SECONDARY_DISPLAY" width="2564px" height="3044px"/>
			<graphic mimeType="pdf" url="Holm.%20Perg.%2024%204to/23/WEB_DISPLAY"/>
		</surface>
		<surface xml:id="HolmPerg04-0024-0013r" n="24">
			<desc>0013r</desc>
			<graphic mimeType="pdf" url="Holm.%20Perg.%2024%204to/24/HIGH_QUALITY_DISPLAY"/>
			<graphic mimeType="jpg" url="Holm.%20Perg.%2024%204to/24/THUMBNAIL" width="200px" height="237px"/>
			<graphic mimeType="jpg" url="Holm.%20Perg.%2024%204to/24/SECONDARY_DISPLAY" width="2564px" height="3044px"/>
			<graphic mimeType="pdf" url="Holm.%20Perg.%2024%204to/24/WEB_DISPLAY"/>
		</surface>
		<surface xml:id="HolmPerg04-0024-0013v" n="25">
			<desc>0013v</desc>
			<graphic mimeType="pdf" url="Holm.%20Perg.%2024%204to/25/HIGH_QUALITY_DISPLAY"/>
			<graphic mimeType="jpg" url="Holm.%20Perg.%2024%204to/25/THUMBNAIL" width="200px" height="237px"/>
			<graphic mimeType="jpg" url="Holm.%20Perg.%2024%204to/25/SECONDARY_DISPLAY" width="2564px" height="3044px"/>
			<graphic mimeType="pdf" url="Holm.%20Perg.%2024%204to/25/WEB_DISPLAY"/>
		</surface>
		<surface xml:id="HolmPerg04-0024-0014r" n="26">
			<desc>0014r</desc>
			<graphic mimeType="pdf" url="Holm.%20Perg.%2024%204to/26/HIGH_QUALITY_DISPLAY"/>
			<graphic mimeType="jpg" url="Holm.%20Perg.%2024%204to/26/THUMBNAIL" width="200px" height="237px"/>
			<graphic mimeType="jpg" url="Holm.%20Perg.%2024%204to/26/SECONDARY_DISPLAY" width="2564px" height="3044px"/>
			<graphic mimeType="pdf" url="Holm.%20Perg.%2024%204to/26/WEB_DISPLAY"/>
		</surface>
		<surface xml:id="HolmPerg04-0024-0014v" n="27">
			<desc>0014v</desc>
			<graphic mimeType="pdf" url="Holm.%20Perg.%2024%204to/27/HIGH_QUALITY_DISPLAY"/>
			<graphic mimeType="jpg" url="Holm.%20Perg.%2024%204to/27/THUMBNAIL" width="200px" height="237px"/>
			<graphic mimeType="jpg" url="Holm.%20Perg.%2024%204to/27/SECONDARY_DISPLAY" width="2564px" height="3044px"/>
			<graphic mimeType="pdf" url="Holm.%20Perg.%2024%204to/27/WEB_DISPLAY"/>
		</surface>
		<surface xml:id="HolmPerg04-0024-0015r" n="28">
			<desc>0015r</desc>
			<graphic mimeType="pdf" url="Holm.%20Perg.%2024%204to/28/HIGH_QUALITY_DISPLAY"/>
			<graphic mimeType="jpg" url="Holm.%20Perg.%2024%204to/28/THUMBNAIL" width="200px" height="237px"/>
			<graphic mimeType="jpg" url="Holm.%20Perg.%2024%204to/28/SECONDARY_DISPLAY" width="2564px" height="3044px"/>
			<graphic mimeType="pdf" url="Holm.%20Perg.%2024%204to/28/WEB_DISPLAY"/>
		</surface>
		<surface xml:id="HolmPerg04-0024-0015v" n="29">
			<desc>0015v</desc>
			<graphic mimeType="pdf" url="Holm.%20Perg.%2024%204to/29/HIGH_QUALITY_DISPLAY"/>
			<graphic mimeType="jpg" url="Holm.%20Perg.%2024%204to/29/THUMBNAIL" width="200px" height="237px"/>
			<graphic mimeType="jpg" url="Holm.%20Perg.%2024%204to/29/SECONDARY_DISPLAY" width="2564px" height="3044px"/>
			<graphic mimeType="pdf" url="Holm.%20Perg.%2024%204to/29/WEB_DISPLAY"/>
		</surface>
		<surface xml:id="HolmPerg04-0024-0016r" n="30">
			<desc>0016r</desc>
			<graphic mimeType="pdf" url="Holm.%20Perg.%2024%204to/30/HIGH_QUALITY_DISPLAY"/>
			<graphic mimeType="jpg" url="Holm.%20Perg.%2024%204to/30/THUMBNAIL" width="200px" height="237px"/>
			<graphic mimeType="jpg" url="Holm.%20Perg.%2024%204to/30/SECONDARY_DISPLAY" width="2564px" height="3044px"/>
			<graphic mimeType="pdf" url="Holm.%20Perg.%2024%204to/30/WEB_DISPLAY"/>
		</surface>
		<surface xml:id="HolmPerg04-0024-0016v" n="31">
			<desc>0016v</desc>
			<graphic mimeType="pdf" url="Holm.%20Perg.%2024%204to/31/HIGH_QUALITY_DISPLAY"/>
			<graphic mimeType="jpg" url="Holm.%20Perg.%2024%204to/31/THUMBNAIL" width="200px" height="237px"/>
			<graphic mimeType="jpg" url="Holm.%20Perg.%2024%204to/31/SECONDARY_DISPLAY" width="2564px" height="3044px"/>
			<graphic mimeType="pdf" url="Holm.%20Perg.%2024%204to/31/WEB_DISPLAY"/>
		</surface>
		<surface xml:id="HolmPerg04-0024-0017r" n="32">
			<desc>0017r</desc>
			<graphic mimeType="pdf" url="Holm.%20Perg.%2024%204to/32/HIGH_QUALITY_DISPLAY"/>
			<graphic mimeType="jpg" url="Holm.%20Perg.%2024%204to/32/THUMBNAIL" width="200px" height="237px"/>
			<graphic mimeType="jpg" url="Holm.%20Perg.%2024%204to/32/SECONDARY_DISPLAY" width="2564px" height="3044px"/>
			<graphic mimeType="pdf" url="Holm.%20Perg.%2024%204to/32/WEB_DISPLAY"/>
		</surface>
		<surface xml:id="HolmPerg04-0024-0017v" n="33">
			<desc>0017v</desc>
			<graphic mimeType="pdf" url="Holm.%20Perg.%2024%204to/33/HIGH_QUALITY_DISPLAY"/>
			<graphic mimeType="jpg" url="Holm.%20Perg.%2024%204to/33/THUMBNAIL" width="200px" height="237px"/>
			<graphic mimeType="jpg" url="Holm.%20Perg.%2024%204to/33/SECONDARY_DISPLAY" width="2564px" height="3044px"/>
			<graphic mimeType="pdf" url="Holm.%20Perg.%2024%204to/33/WEB_DISPLAY"/>
		</surface>
		<surface xml:id="HolmPerg04-0024-0018r" n="34">
			<desc>0018r</desc>
			<graphic mimeType="pdf" url="Holm.%20Perg.%2024%204to/34/HIGH_QUALITY_DISPLAY"/>
			<graphic mimeType="jpg" url="Holm.%20Perg.%2024%204to/34/THUMBNAIL" width="200px" height="237px"/>
			<graphic mimeType="jpg" url="Holm.%20Perg.%2024%204to/34/SECONDARY_DISPLAY" width="2564px" height="3044px"/>
			<graphic mimeType="pdf" url="Holm.%20Perg.%2024%204to/34/WEB_DISPLAY"/>
		</surface>
		<surface xml:id="HolmPerg04-0024-0018v" n="35">
			<desc>0018v</desc>
			<graphic mimeType="pdf" url="Holm.%20Perg.%2024%204to/35/HIGH_QUALITY_DISPLAY"/>
			<graphic mimeType="jpg" url="Holm.%20Perg.%2024%204to/35/THUMBNAIL" width="200px" height="237px"/>
			<graphic mimeType="jpg" url="Holm.%20Perg.%2024%204to/35/SECONDARY_DISPLAY" width="2564px" height="3044px"/>
			<graphic mimeType="pdf" url="Holm.%20Perg.%2024%204to/35/WEB_DISPLAY"/>
		</surface>
		<surface xml:id="HolmPerg04-0024-0019r" n="36">
			<desc>0019r</desc>
			<graphic mimeType="pdf" url="Holm.%20Perg.%2024%204to/36/HIGH_QUALITY_DISPLAY"/>
			<graphic mimeType="jpg" url="Holm.%20Perg.%2024%204to/36/THUMBNAIL" width="200px" height="237px"/>
			<graphic mimeType="jpg" url="Holm.%20Perg.%2024%204to/36/SECONDARY_DISPLAY" width="2564px" height="3044px"/>
			<graphic mimeType="pdf" url="Holm.%20Perg.%2024%204to/36/WEB_DISPLAY"/>
		</surface>
		<surface xml:id="HolmPerg04-0024-0019v" n="37">
			<desc>0019v</desc>
			<graphic mimeType="pdf" url="Holm.%20Perg.%2024%204to/37/HIGH_QUALITY_DISPLAY"/>
			<graphic mimeType="jpg" url="Holm.%20Perg.%2024%204to/37/THUMBNAIL" width="200px" height="237px"/>
			<graphic mimeType="jpg" url="Holm.%20Perg.%2024%204to/37/SECONDARY_DISPLAY" width="2564px" height="3044px"/>
			<graphic mimeType="pdf" url="Holm.%20Perg.%2024%204to/37/WEB_DISPLAY"/>
		</surface>
		<surface xml:id="HolmPerg04-0024-0020r" n="38">
			<desc>0020r</desc>
			<graphic mimeType="pdf" url="Holm.%20Perg.%2024%204to/38/HIGH_QUALITY_DISPLAY"/>
			<graphic mimeType="jpg" url="Holm.%20Perg.%2024%204to/38/THUMBNAIL" width="200px" height="237px"/>
			<graphic mimeType="jpg" url="Holm.%20Perg.%2024%204to/38/SECONDARY_DISPLAY" width="2564px" height="3044px"/>
			<graphic mimeType="pdf" url="Holm.%20Perg.%2024%204to/38/WEB_DISPLAY"/>
		</surface>
		<surface xml:id="HolmPerg04-0024-0020v" n="39">
			<desc>0020v</desc>
			<graphic mimeType="pdf" url="Holm.%20Perg.%2024%204to/39/HIGH_QUALITY_DISPLAY"/>
			<graphic mimeType="jpg" url="Holm.%20Perg.%2024%204to/39/THUMBNAIL" width="200px" height="237px"/>
			<graphic mimeType="jpg" url="Holm.%20Perg.%2024%204to/39/SECONDARY_DISPLAY" width="2564px" height="3044px"/>
			<graphic mimeType="pdf" url="Holm.%20Perg.%2024%204to/39/WEB_DISPLAY"/>
		</surface>
		<surface xml:id="HolmPerg04-0024-0021r" n="40">
			<desc>0021r</desc>
			<graphic mimeType="pdf" url="Holm.%20Perg.%2024%204to/40/HIGH_QUALITY_DISPLAY"/>
			<graphic mimeType="jpg" url="Holm.%20Perg.%2024%204to/40/THUMBNAIL" width="200px" height="237px"/>
			<graphic mimeType="jpg" url="Holm.%20Perg.%2024%204to/40/SECONDARY_DISPLAY" width="2564px" height="3044px"/>
			<graphic mimeType="pdf" url="Holm.%20Perg.%2024%204to/40/WEB_DISPLAY"/>
		</surface>
		<surface xml:id="HolmPerg04-0024-0021v" n="41">
			<desc>0021v</desc>
			<graphic mimeType="pdf" url="Holm.%20Perg.%2024%204to/41/HIGH_QUALITY_DISPLAY"/>
			<graphic mimeType="jpg" url="Holm.%20Perg.%2024%204to/41/THUMBNAIL" width="200px" height="237px"/>
			<graphic mimeType="jpg" url="Holm.%20Perg.%2024%204to/41/SECONDARY_DISPLAY" width="2564px" height="3044px"/>
			<graphic mimeType="pdf" url="Holm.%20Perg.%2024%204to/41/WEB_DISPLAY"/>
		</surface>
		<surface xml:id="HolmPerg04-0024-0022r" n="42">
			<desc>0022r</desc>
			<graphic mimeType="pdf" url="Holm.%20Perg.%2024%204to/42/HIGH_QUALITY_DISPLAY"/>
			<graphic mimeType="jpg" url="Holm.%20Perg.%2024%204to/42/THUMBNAIL" width="200px" height="237px"/>
			<graphic mimeType="jpg" url="Holm.%20Perg.%2024%204to/42/SECONDARY_DISPLAY" width="2564px" height="3044px"/>
			<graphic mimeType="pdf" url="Holm.%20Perg.%2024%204to/42/WEB_DISPLAY"/>
		</surface>
		<surface xml:id="HolmPerg04-0024-0022v" n="43">
			<desc>0022v</desc>
			<graphic mimeType="pdf" url="Holm.%20Perg.%2024%204to/43/HIGH_QUALITY_DISPLAY"/>
			<graphic mimeType="jpg" url="Holm.%20Perg.%2024%204to/43/THUMBNAIL" width="200px" height="237px"/>
			<graphic mimeType="jpg" url="Holm.%20Perg.%2024%204to/43/SECONDARY_DISPLAY" width="2564px" height="3044px"/>
			<graphic mimeType="pdf" url="Holm.%20Perg.%2024%204to/43/WEB_DISPLAY"/>
		</surface>
		<surface xml:id="HolmPerg04-0024-0023r" n="44">
			<desc>0023r</desc>
			<graphic mimeType="pdf" url="Holm.%20Perg.%2024%204to/44/HIGH_QUALITY_DISPLAY"/>
			<graphic mimeType="jpg" url="Holm.%20Perg.%2024%204to/44/THUMBNAIL" width="200px" height="237px"/>
			<graphic mimeType="jpg" url="Holm.%20Perg.%2024%204to/44/SECONDARY_DISPLAY" width="2564px" height="3044px"/>
			<graphic mimeType="pdf" url="Holm.%20Perg.%2024%204to/44/WEB_DISPLAY"/>
		</surface>
		<surface xml:id="HolmPerg04-0024-0023v" n="45">
			<desc>0023v</desc>
			<graphic mimeType="pdf" url="Holm.%20Perg.%2024%204to/45/HIGH_QUALITY_DISPLAY"/>
			<graphic mimeType="jpg" url="Holm.%20Perg.%2024%204to/45/THUMBNAIL" width="200px" height="237px"/>
			<graphic mimeType="jpg" url="Holm.%20Perg.%2024%204to/45/SECONDARY_DISPLAY" width="2564px" height="3044px"/>
			<graphic mimeType="pdf" url="Holm.%20Perg.%2024%204to/45/WEB_DISPLAY"/>
		</surface>
		<surface xml:id="HolmPerg04-0024-0024r" n="46">
			<desc>0024r</desc>
			<graphic mimeType="pdf" url="Holm.%20Perg.%2024%204to/46/HIGH_QUALITY_DISPLAY"/>
			<graphic mimeType="jpg" url="Holm.%20Perg.%2024%204to/46/THUMBNAIL" width="200px" height="237px"/>
			<graphic mimeType="jpg" url="Holm.%20Perg.%2024%204to/46/SECONDARY_DISPLAY" width="2564px" height="3044px"/>
			<graphic mimeType="pdf" url="Holm.%20Perg.%2024%204to/46/WEB_DISPLAY"/>
		</surface>
		<surface xml:id="HolmPerg04-0024-0024v" n="47">
			<desc>0024v</desc>
			<graphic mimeType="pdf" url="Holm.%20Perg.%2024%204to/47/HIGH_QUALITY_DISPLAY"/>
			<graphic mimeType="jpg" url="Holm.%20Perg.%2024%204to/47/THUMBNAIL" width="200px" height="237px"/>
			<graphic mimeType="jpg" url="Holm.%20Perg.%2024%204to/47/SECONDARY_DISPLAY" width="2564px" height="3044px"/>
			<graphic mimeType="pdf" url="Holm.%20Perg.%2024%204to/47/WEB_DISPLAY"/>
		</surface>
		<surface xml:id="HolmPerg04-0024-0025r" n="48">
			<desc>0025r</desc>
			<graphic mimeType="pdf" url="Holm.%20Perg.%2024%204to/48/HIGH_QUALITY_DISPLAY"/>
			<graphic mimeType="jpg" url="Holm.%20Perg.%2024%204to/48/THUMBNAIL" width="200px" height="237px"/>
			<graphic mimeType="jpg" url="Holm.%20Perg.%2024%204to/48/SECONDARY_DISPLAY" width="2564px" height="3044px"/>
			<graphic mimeType="pdf" url="Holm.%20Perg.%2024%204to/48/WEB_DISPLAY"/>
		</surface>
		<surface xml:id="HolmPerg04-0024-0025v" n="49">
			<desc>0025v</desc>
			<graphic mimeType="pdf" url="Holm.%20Perg.%2024%204to/49/HIGH_QUALITY_DISPLAY"/>
			<graphic mimeType="jpg" url="Holm.%20Perg.%2024%204to/49/THUMBNAIL" width="200px" height="237px"/>
			<graphic mimeType="jpg" url="Holm.%20Perg.%2024%204to/49/SECONDARY_DISPLAY" width="2564px" height="3044px"/>
			<graphic mimeType="pdf" url="Holm.%20Perg.%2024%204to/49/WEB_DISPLAY"/>
		</surface>
		<surface xml:id="HolmPerg04-0024-0026r" n="50">
			<desc>0026r</desc>
			<graphic mimeType="pdf" url="Holm.%20Perg.%2024%204to/50/HIGH_QUALITY_DISPLAY"/>
			<graphic mimeType="jpg" url="Holm.%20Perg.%2024%204to/50/THUMBNAIL" width="200px" height="237px"/>
			<graphic mimeType="jpg" url="Holm.%20Perg.%2024%204to/50/SECONDARY_DISPLAY" width="2564px" height="3044px"/>
			<graphic mimeType="pdf" url="Holm.%20Perg.%2024%204to/50/WEB_DISPLAY"/>
		</surface>
		<surface xml:id="HolmPerg04-0024-0026v" n="51">
			<desc>0026v</desc>
			<graphic mimeType="pdf" url="Holm.%20Perg.%2024%204to/51/HIGH_QUALITY_DISPLAY"/>
			<graphic mimeType="jpg" url="Holm.%20Perg.%2024%204to/51/THUMBNAIL" width="200px" height="237px"/>
			<graphic mimeType="jpg" url="Holm.%20Perg.%2024%204to/51/SECONDARY_DISPLAY" width="2564px" height="3044px"/>
			<graphic mimeType="pdf" url="Holm.%20Perg.%2024%204to/51/WEB_DISPLAY"/>
		</surface>
		<surface xml:id="HolmPerg04-0024-0027r" n="52">
			<desc>0027r</desc>
			<graphic mimeType="pdf" url="Holm.%20Perg.%2024%204to/52/HIGH_QUALITY_DISPLAY"/>
			<graphic mimeType="jpg" url="Holm.%20Perg.%2024%204to/52/THUMBNAIL" width="200px" height="237px"/>
			<graphic mimeType="jpg" url="Holm.%20Perg.%2024%204to/52/SECONDARY_DISPLAY" width="2564px" height="3044px"/>
			<graphic mimeType="pdf" url="Holm.%20Perg.%2024%204to/52/WEB_DISPLAY"/>
		</surface>
		<surface xml:id="HolmPerg04-0024-0027v" n="53">
			<desc>0027v</desc>
			<graphic mimeType="pdf" url="Holm.%20Perg.%2024%204to/53/HIGH_QUALITY_DISPLAY"/>
			<graphic mimeType="jpg" url="Holm.%20Perg.%2024%204to/53/THUMBNAIL" width="200px" height="237px"/>
			<graphic mimeType="jpg" url="Holm.%20Perg.%2024%204to/53/SECONDARY_DISPLAY" width="2564px" height="3044px"/>
			<graphic mimeType="pdf" url="Holm.%20Perg.%2024%204to/53/WEB_DISPLAY"/>
		</surface>
		<surface xml:id="HolmPerg04-0024-0028r" n="54">
			<desc>0028r</desc>
			<graphic mimeType="pdf" url="Holm.%20Perg.%2024%204to/54/HIGH_QUALITY_DISPLAY"/>
			<graphic mimeType="jpg" url="Holm.%20Perg.%2024%204to/54/THUMBNAIL" width="200px" height="237px"/>
			<graphic mimeType="jpg" url="Holm.%20Perg.%2024%204to/54/SECONDARY_DISPLAY" width="2564px" height="3044px"/>
			<graphic mimeType="pdf" url="Holm.%20Perg.%2024%204to/54/WEB_DISPLAY"/>
		</surface>
		<surface xml:id="HolmPerg04-0024-0028v" n="55">
			<desc>0028v</desc>
			<graphic mimeType="pdf" url="Holm.%20Perg.%2024%204to/55/HIGH_QUALITY_DISPLAY"/>
			<graphic mimeType="jpg" url="Holm.%20Perg.%2024%204to/55/THUMBNAIL" width="200px" height="237px"/>
			<graphic mimeType="jpg" url="Holm.%20Perg.%2024%204to/55/SECONDARY_DISPLAY" width="2564px" height="3044px"/>
			<graphic mimeType="pdf" url="Holm.%20Perg.%2024%204to/55/WEB_DISPLAY"/>
		</surface>
	</facsimile>
</TEI>