<?xml version="1.0" encoding="UTF-8"?>
<?oxygen RNGSchema="http://www.handrit.is/schema/handrit-1.0.rnc" type="compact"?>
<TEI xmlns="http://www.tei-c.org/ns/1.0">
	<teiHeader>
		<fileDesc>
			<titleStmt>
				<title type="main">ÍB 1 fol.</title>
				<title type="subordinate"/>
			</titleStmt>
			<publicationStmt>
				<authority>Landsbókasafn Íslands - Háskólabókasafn</authority>
				<pubPlace>Reykjavík</pubPlace>
				<date when="2011-06-23">23. júní 2011</date>
				<availability status="restricted">
					<p>Aðgangur aðeins mögulegur í fræðilegum tilgangi.</p>
				</availability>
			</publicationStmt>
			<sourceDesc>
				<msDesc xml:id="IB02-0001-is" xml:lang="is">
					<msIdentifier>
						<country key="IS">Ísland</country>
						<settlement>Reykjavík</settlement>
						<institution>Landsbókasafn Íslands - Háskólabókasafn</institution>
						<repository>Handritasafn</repository>
						<collection>Handritasafn Kaupmannahafnardeildar Hins íslenska
							bókmenntafélags</collection>
						<idno>ÍB 1 fol.</idno>
						<altIdentifier type="internal" subtype="PEO">
							<idno>6064</idno>
						</altIdentifier>
					</msIdentifier>
					<msContents>
						<textLang mainLang="da">Danska</textLang>
						<msItem n="1" defective="unknown" class="natfr dagb">
							<title type="supplied">Journal holden paa en Naturforsker-Reise udi
								Island 1. bindi</title>
							<rubric>Journal holden paa en Naturforsker-Reise udi Island þ.e.
								ferðabækur Sveins læknis Pálssonar</rubric>
							<author key="SvePal002">Sveinn Pálsson</author>
							<bibl>
								<ref target="Andvari">Andvari</ref>
								<biblScope type="volume">XVI</biblScope>
								<biblScope type="pages">108-15</biblScope>; <biblScope type="volume"
									>XIX</biblScope>
								<biblScope type="pages">57</biblScope>; <biblScope type="volume">XX</biblScope>
								<biblScope type="pages">33, 41, 65, 79</biblScope>; <biblScope
									type="volume">XXVI</biblScope>
								<biblScope type="pages">17</biblScope>; <biblScope type="volume"
									>XXIX</biblScope>
								<biblScope type="pages">44</biblScope>; <biblScope type="volume">LI</biblScope>
								<biblScope type="pages">133-5</biblScope>
							</bibl>
							<bibl>
								<ref target="BeiJahr">Beilage zum Jahresbericht des Realgymnasiums
									zu Landeshut</ref>
								<biblScope type="volume">I</biblScope>
								<biblScope type="pages">41</biblScope>
							</bibl>
							<bibl>
								<ref target="IslGat">Íslenzkar gátur, skemtanir, vikivakar og þulur</ref>
								<biblScope type="volume">II</biblScope>
								<biblScope type="pages">passim.</biblScope>
							</bibl>
							<bibl> Jón Jónsson Aðils: <ref target="SkulMag">Skúli Magnússon
									landfógeti</ref>
								<biblScope type="pages">302</biblScope>
							</bibl>

							<bibl>
								<ref target="SSÍ">Safn til sögu Íslands og íslenzkra bókmenta að
									fornu og nýju</ref>
								<biblScope type="volume">III</biblScope>
								<biblScope type="pages">171</biblScope>
							</bibl>

							<bibl>
								<ref target="Skírnir">Tímarit Hins íslenska bókmenntafélags</ref>
								<biblScope type="volume">XXI</biblScope>
								<biblScope type="pages">178</biblScope>
							</bibl>

							<bibl> Þorvaldur Thoroddsen: <ref target="ÞorTho1913">Ferðabók</ref>
								<biblScope type="volume">II</biblScope>
								<biblScope type="pages">276-81</biblScope>; <biblScope type="volume"
									>III.</biblScope>
								<biblScope type="pages">147, 205, 273</biblScope>; <biblScope
									type="volume">IV.</biblScope>
								<biblScope type="pages">93</biblScope>; <biblScope type="volume"
									>III.</biblScope>
								<biblScope type="pages">145, 175</biblScope>
							</bibl>
						</msItem>
					</msContents>
					<physDesc>
						<objectDesc form="codex">
							<supportDesc material="chart">
								<support>
									<p>Pappír.</p>
								</support>
								<extent>[ij +] 381 [+ 15] blaðsíður (<dimensions scope="all"
										type="leaf" unit="mm">
										<height>315</height>
										<width>202</width>
									</dimensions>) </extent>
							</supportDesc>
						</objectDesc>
						<handDesc hands="1">
							<summary>Ein hönd ; Skrifari:</summary>
							<handNote scope="sole" script="unknown" scribe="unknown">Óþekktur
								skrifari.</handNote>
						</handDesc>
					</physDesc>
					<history>
						<origin>
							<origPlace>Ísland</origPlace>
							<origDate cert="medium" notBefore="1791" notAfter="1797"
							>1791-1797.</origDate>
						</origin>
						<provenance>
							<p>ÍB 1-4 fol. er í eldri skrám talið komið frá <name type="person" key="JonHal009">Jónasi Hallgrímssyni</name></p>
						</provenance>
					</history>
					<additional>
						<adminInfo>
							<recordHist>
								<source><name type="person" key="HalKri001">Halldóra
									Kristinsdóttir</name> yfirfór skráningu, <date when="2012-04-04"
										>4. apríl 2012</date> ; <name type="person" key="IriLei001"
										>Íris Alda Ísleifsdóttir</name> frumskráði, <date
										when="2011-06-23">23. júní 2011</date> ; Handritaskrá, 2. b.
									; Átaksverkefni 2011.</source>
							</recordHist>
						</adminInfo>
					</additional>
				</msDesc>
			</sourceDesc>
		</fileDesc>
	</teiHeader>
	<facsimile xml:base="http://www.ImageDirectory.is">
		<surface> </surface>
	</facsimile>
</TEI>
