<?xml version="1.0" encoding="UTF-8"?>
<?oxygen RNGSchema="http://www.handrit.is/schema/handrit-1.0.rnc" type="compact"?>
<TEI xmlns="http://www.tei-c.org/ns/1.0">
	<teiHeader>
		<fileDesc>
			<titleStmt>
				<title type="main">ÍB 5 fol.</title>
				<title type="subordinate"/>
			</titleStmt>
			<publicationStmt>
				<authority>Landsbókasafn Íslands - Háskólabókasafn</authority>
				<pubPlace>Reykjavík</pubPlace>
				<date when="2011-06-23">23. júní 2011</date>
				<availability status="restricted">
					<p>Aðgangur aðeins mögulegur í fræðilegum tilgangi.</p>
				</availability>
			</publicationStmt>
			<sourceDesc>
				<msDesc xml:id="IB02-0005-is" xml:lang="is">
					<msIdentifier>
						<country key="IS">Ísland</country>
						<settlement>Reykjavík</settlement>
						<institution>Landsbókasafn Íslands - Háskólabókasafn</institution>
						<repository>Handritasafn</repository>
						<collection>Handritasafn Kaupmannahafnardeildar Hins íslenska
							bókmenntafélags</collection>
						<idno>ÍB 5 fol.</idno>
						<altIdentifier type="internal" subtype="PEO">
							<idno>6068</idno>
						</altIdentifier>
					</msIdentifier>
					<msContents>
						<textLang mainLang="da">Danska</textLang>

						<msItem n="1" defective="unknown" class="natfr vedfr">
							<title type="supplied">Veðurbækur</title>
							<author key="EggOla001">Eggert Ólafsson</author>
							<note>Skrifað 1763, 8 blaðsíður, eiginhandarrit</note>
							<bibl>
								<ref target="ÞorTho1892">Landfræðisaga Ísland</ref>
								<biblScope type="volume">III.</biblScope>
								<biblScope type="pages">53, 177</biblScope>
							</bibl>
							<bibl>
								Vilhjálmur Þ. Gíslason: <ref target="VilGis001">Eggert Ólafsson</ref>
							</bibl>
						</msItem>
						<msItem n="2" defective="unknown" class="natfr vedfr">
							<title type="supplied">Veðurbækur</title>
							<author key="SvePal002">Sveinn Pálsson</author>
							<note>Skrifað 1798-1811, eiginhandarrit</note>
						</msItem>
					</msContents>
					<physDesc>
						<objectDesc form="codex">
							<supportDesc material="chart">
								<support>
									<p>Pappír.</p>
								</support>
								<extent>738 blaðsíður (<dimensions scope="all" type="leaf" unit="mm">
										<height>330</height>
										<width>215</width>
									</dimensions>) </extent>
							</supportDesc>
						</objectDesc>
						<handDesc hands="2">
							<summary>Tvær hendur; Skrifarar:</summary>
							<handNote scope="major" script="unknown" scribe="EggOla001">
								<name type="person" key="EggOla001">Eggert Ólafsson</name>
							</handNote>
							<handNote scope="major" script="unknown" scribe="SvePal002">
								<name type="person" key="SvePal002">Sveinn Pálsson</name>
							</handNote>
						</handDesc>
					</physDesc>
					<history>
						<origin>
							<origPlace>Ísland</origPlace>
							<origDate cert="medium" when="1763">1763</origDate> og <origDate
								cert="medium" notBefore="1798" notAfter="1811">1798-1811</origDate>. </origin>
						<provenance>
							<p>Komið frá Páli bókbindara Sveinssyni; svo mun og um ÍB 6-9 fol.</p>
						</provenance>
					</history>
					<additional>
						<adminInfo>
							<recordHist>
								<source><name type="person" key="HalKri001">Halldóra
									Kristinsdóttir</name> yfirfór skráningu, <date when="2012-04-04"
										>4. apríl 2012</date> ; <name type="person" key="IriLei001"
										>Íris Alda Ísleifsdóttir</name> frumskráði, <date
										when="2011-06-23">23. júní 2011</date> ; Handritaskrá, 2. b.
									; Átaksverkefni 2011.</source>
							</recordHist>
						</adminInfo>
					</additional>
				</msDesc>
			</sourceDesc>
		</fileDesc>
	</teiHeader>
	<facsimile xml:base="http://www.ImageDirectory.is">
		<surface> </surface>
	</facsimile>
</TEI>
