<?xml version="1.0" encoding="UTF-8"?>
<?oxygen RNGSchema="http://www.handrit.is/schema/handrit-1.0.rnc" type="compact"?>
<TEI xmlns="http://www.tei-c.org/ns/1.0">
	<teiHeader>
		<fileDesc>
			<titleStmt>
				<title type="main">ÍB 6 fol.</title>
				<title type="subordinate"/>
			</titleStmt>
			<publicationStmt>
				<authority>Landsbókasafn Íslands - Háskólabókasafn</authority>
				<pubPlace>Reykjavík</pubPlace>
				<date when="2011-06-23">23. júní 2011</date>
				<availability status="restricted">
					<p>Aðgangur aðeins mögulegur í fræðilegum tilgangi.</p>
				</availability>
			</publicationStmt>
			<sourceDesc>
				<msDesc xml:id="IB02-0006-is" xml:lang="is">
					<msIdentifier>
						<country key="IS">Ísland</country>
						<settlement>Reykjavík</settlement>
						<institution>Landsbókasafn Íslands - Háskólabókasafn</institution>
						<repository>Handritasafn</repository>
						<collection>Handritasafn Kaupmannahafnardeildar Hins íslenska
							bókmenntafélags</collection>
						<idno>ÍB 6 fol.</idno>
						<altIdentifier type="internal" subtype="PEO">
							<idno>6069</idno>
						</altIdentifier>
					</msIdentifier>
					<msContents>
						<textLang mainLang="is">Íslenska</textLang>

						<msItem n="1" defective="unknown" class="sagnfr">
							<title type="supplied">Annálar</title>
							<note>Annálar (Lögmanns, Nýi, Resens, Skarðsár, Hests)</note>
							<bibl>
								<ref target="annalar1400">Annálar 1400-1800</ref>
								<biblScope type="volume">I.</biblScope>
								<biblScope type="pages">41-2</biblScope>
							</bibl>
						</msItem>
					</msContents>
					<physDesc>
						<objectDesc form="codex">
							<supportDesc material="chart">
								<support>
									<p>Pappír.</p>
								</support>
								<extent>736 blaðsíður (<dimensions scope="all" type="leaf" unit="mm">
										<height>319 (202)</height>
										<width>206 (162)</width>
									</dimensions>). Margar blaðsíður auðar. </extent>
							</supportDesc>
						</objectDesc>
						<handDesc hands="3">
							<summary>Þrjár hendur ; Skrifarar:</summary>
							<handNote scope="major" script="unknown" scribe="PalSve004">
								<name type="person" key="PalSve004">Páll Sveinsson</name>
							</handNote>
							<handNote scope="major" script="unknown" scribe="SkuMag001">
								<name type="person" key="SkuMag001">Skúli Magnússon</name>
							</handNote>
							<handNote scope="major" script="unknown" scribe="SvePal002">
								<name type="person" key="SvePal002">Sveinn Pálsson</name>
							</handNote>
						</handDesc>
					</physDesc>
					<history>
						<origin>
							<origPlace>Ísland</origPlace>
							<origDate cert="medium" notBefore="1700" notAfter="1800">á 18.
							öld</origDate>. </origin>
					</history>
					<additional>
						<adminInfo>
							<recordHist>
								<source><name type="person" key="HalKri001">Halldóra
									Kristinsdóttir</name> yfirfór skráningu, <date when="2012-04-04"
										>4. apríl 2012</date> ; <name type="person" key="IriLei001"
										>Íris Alda Ísleifsdóttir</name> frumskráði, <date
										when="2011-06-23">23. júní 2011</date> ; Handritaskrá, 2. b.
									; Átaksverkefni 2011.</source>
							</recordHist>
						</adminInfo>
					</additional>
				</msDesc>
			</sourceDesc>
		</fileDesc>
	</teiHeader>
	<facsimile xml:base="http://www.ImageDirectory.is">
		<surface> </surface>
	</facsimile>
</TEI>
