<?xml version="1.0" encoding="UTF-8"?>
<?oxygen RNGSchema="http://www.handrit.is/schema/handrit-1.0.rnc" type="compact"?>
<TEI xmlns="http://www.tei-c.org/ns/1.0">
	<teiHeader>
		<fileDesc>
			<titleStmt>
				<title type="main">ÍB 15 fol.</title>
				<title type="subordinate"/>
			</titleStmt>
			<publicationStmt>
				<authority>Landsbókasafn Íslands - Háskólabókasafn</authority>
				<pubPlace>Reykjavík</pubPlace>
				<date when="2011-06-24">24. júní 2011</date>
				<availability status="restricted">
					<p>Aðgangur aðeins mögulegur í fræðilegum tilgangi.</p>
				</availability>
			</publicationStmt>
			<sourceDesc>
				<msDesc xml:id="IB02-0015-is" xml:lang="is">
					<msIdentifier>
						<country key="IS">Ísland</country>
						<settlement>Reykjavík</settlement>
						<institution>Landsbókasafn Íslands - Háskólabókasafn</institution>
						<repository>Handritasafn</repository>
						<collection>Handritasafn Kaupmannahafnardeildar Hins íslenska
							bókmenntafélags</collection>
						<idno>ÍB 15 fol.</idno>
						<altIdentifier type="internal" subtype="PEO">
							<idno>6078</idno>
						</altIdentifier>
					</msIdentifier>
					<msContents>
						<textLang mainLang="is">Íslenska.</textLang>

						<msItem n="1" defective="unknown" class="attat annal">
							<title type="supplied">Vatnsfjarðarannáll</title>
							<note>Vestfjarðarannáll (með framhaldi) 1614-1704, ásamt broti úr
								ættartölubók</note>
							<note>Brot skaddað af bruna (1847)</note>
							<note>Að stofni með hendi síra Jóns Þórðarsonar á Söndum, en aukið sum
									árin með hendi síra Magnúsar Snæbjarnarsonar á Söndum (á tveim
									stöðum eða svo bregður fyrir hendi föður hans, Snæbjarnar
									Pálssonar 
							</note>
							<bibl>
								<ref target="IsArt">Íslenzkar ártidaskrár eða Obituaria Islandica
									með athugasemdum</ref>
								<biblScope type="pages">11</biblScope>
							</bibl>
							<bibl>
								<ref target="ÞórGuð2001a">Píslarsaga séra Jóns Magnússonar</ref>
								<biblScope type="pages">XI-XXI.</biblScope>
							</bibl>
							<bibl>
								<ref target="PalOla1916a">Minningarrit</ref>
								<biblScope type="pages">22</biblScope>
							</bibl>
							<bibl>
								<ref target="Einokun">Einokunarverslun Dana</ref>
								<biblScope type="pages">339, 589, 598, 606</biblScope>
							</bibl>
						</msItem>

					</msContents>

					<physDesc>
						<objectDesc form="codex">
							<supportDesc material="chart">
								<support>
									<p>Pappír.</p>
								</support>
								<extent>108 blaðsíður (<dimensions scope="all" type="leaf" unit="mm">
										<height>265</height>
										<width>169</width>
									</dimensions>).</extent>
							</supportDesc>
						</objectDesc>
						<handDesc hands="2">
							<summary>Tvær hendur að mestu; Skrifarar:</summary>
							<handNote scope="major" script="unknown" scribe="JonTho001"><name
									type="person" key="JonTho001">Jón Þórðarson</name>.</handNote>
							<handNote scope="major" script="unknown" scribe="MagSna001"><name
									type="person" key="MagSna001">Magnús Snæbjarnarson</name>.</handNote>
							<handNote scope="major" script="unknown" scribe="SnaPal001"><name
									type="person" key="SnaPal001">Snæbjörn
							Pálsson</name>.</handNote>
						</handDesc>
					</physDesc>
					<history>
						<origin>
							<origPlace>Ísland</origPlace>
							<origDate cert="medium" notBefore="1700" notAfter="1800"> á 18.
							öld</origDate>.
						</origin>
					</history>
					<additional>
						<adminInfo>
							<recordHist>
								<source><name type="person" key="HalKri001">Halldóra
									Kristinsdóttir</name> yfirfór skráningu, <date when="2012-04-04"
										>4. apríl 2012</date> ; <name type="person" key="IriLei001"
										>Íris Alda Ísleifsdóttir</name> frumskráði, <date
										when="2011-06-24">24. júní 2011</date> ; Handritaskrá, 2. b.
									; Átaksverkefni 2011.</source>
							</recordHist>
						</adminInfo>
					</additional>
				</msDesc>
			</sourceDesc>
		</fileDesc>
	</teiHeader>
	<facsimile xml:base="http://www.ImageDirectory.is">
		<surface> </surface>
	</facsimile>
</TEI>
