<?xml version="1.0" encoding="UTF-8"?>
<?oxygen RNGSchema="http://www.handrit.is/schema/handrit-1.0.rnc" type="compact"?>
<TEI xmlns="http://www.tei-c.org/ns/1.0">
	<teiHeader>
		<fileDesc>
			<titleStmt>
				<title type="main">ÍB 7 fol.</title>
				<title type="subordinate"/>
			</titleStmt>
			<publicationStmt>
				<authority>Landsbókasafn Íslands - Háskólabókasafn</authority>
				<pubPlace>Reykjavík</pubPlace>
				<date when="2011-06-23">23. júní 2011</date>
				<availability status="restricted">
					<p>Aðgangur aðeins mögulegur í fræðilegum tilgangi.</p>
				</availability>
			</publicationStmt>
			<sourceDesc>
				<msDesc xml:id="IB02-0007-is" xml:lang="is">
					<msIdentifier>
						<country key="IS">Ísland</country>
						<settlement>Reykjavík</settlement>
						<institution>Landsbókasafn Íslands - Háskólabókasafn</institution>
						<repository>Handritasafn</repository>
						<collection>Handritasafn Kaupmannahafnardeildar Hins íslenska
							bókmenntafélags</collection>
						<idno>ÍB 7 fol.</idno>
						<altIdentifier type="internal" subtype="PEO">
							<idno>6070</idno>
						</altIdentifier>
					</msIdentifier>
					<msContents>
						<summary>
							<title type="supplied">Samtíningur</title>
							<note>Hefir verið bundið eins og fyrir lá, svo að illa er niður
							skipt.</note>
						</summary>
						<textLang mainLang="is">Íslenska</textLang>
						<msItem n="1" defective="unknown" class="sendbr person landm">
							<title type="supplied">Einkaskjöl Sveins Pálssonar læknis</title>
							<note>Skjöl, er varða Svein lækni Pálsson: Personalia, bréfauppköst hans (1791-1804), landamerkjamál föður hans (þar í frumskjal frá 1632), sendibréf til Sveins</note>
							<respStmt>
								<resp key="rcp"/>
								<name type="person" key="SvePal002">Sveinn Pálsson</name>
							</respStmt>
							<respStmt>
								<resp key="crp"/>
								<name type="person" key="SvePal002">Sveinn Pálsson</name>
							</respStmt>
							<respStmt>
								<resp key="crp"/>
								<name type="person" key="JonPal006">Jón Pálsson</name>
							</respStmt>
							<respStmt>
								<resp key="crp"/>
								<name type="person" key="GudJon008">Guðmundur Skagfjörð</name>
							</respStmt>
							<respStmt>
								<resp key="crp"/>
								<name type="person" key="EggEir001">Eggert Eiríksson</name>
							</respStmt>
							<respStmt>
								<resp key="crp"/>
								<name type="person" key="BjoJon012">Björn Jónsson</name>
							</respStmt>
							<respStmt>
								<resp key="crp"/>
								<name type="person" key="GisTho009">Gísli Thorlacius</name>
							</respStmt>
							<respStmt>
								<resp key="crp"/>
								<name type="person" key="BjoSte002">Björn Stephensen</name>
							</respStmt>
							<respStmt>
								<resp key="crp"/>
								<name type="person" key="JonSve008">Jón Sveinsson</name>
							</respStmt>
							<respStmt>
								<resp key="crp"/>
								<name type="person" key="RagTho001">Ragnheiður Þórarinsdóttir</name>
							</respStmt>
							<respStmt>
								<resp key="crp"/>
								<name type="person" key="JonSku002">Jón Skúlason Vidöe</name>
							</respStmt>
							<respStmt>
								<resp key="crp"/>
								<name type="person" key="MagOrm001">Magnús Ormsson</name>
							</respStmt>
							<respStmt>
								<resp key="crp"/>
								<name type="person" key="GudTho016">Guðmundur Þorgrímsson</name>
							</respStmt>
							<respStmt>
								<resp key="crp"/>
								<name type="person" key="FriTho001">Friðrik Þórarinsson</name>
							</respStmt>
							<respStmt>
								<resp key="crp"/>
								<name type="person" key="VigSch001">Vigfús Scheving</name>
							</respStmt>
							<respStmt>
								<resp key="crp"/>
								<name type="person" key="VigSch002">Vigfús Scheving</name>
							</respStmt>
							<respStmt>
								<resp key="crp"/>
								<name type="person" key="JonSch001">Jónas Scheving</name>
							</respStmt>
							<respStmt>
								<resp key="crp"/>
								<name type="person" key="SteSch001">Stefán Scheving</name>
							</respStmt>
							<respStmt>
								<resp key="crp"/>
								<name type="person" key="BjoTho006">Björn Þorgrímsson</name>
							</respStmt>
							<respStmt>
								<resp key="crp"/>
								<name type="person" key="HalBac001">Hallgrímur Bachmann</name>
							</respStmt>
							<respStmt>
								<resp key="crp"/>
								<name type="person" key="PalHja004">Páll Hjálmarsson</name>
							</respStmt>
							<respStmt>
								<resp key="crp"/>
								<name type="person" key="BjoGot001">Björn Gottskálksson</name>
							</respStmt>
							<respStmt>
								<resp key="crp"/>
								<name type="person" key="GeiVid001">Geir Vídalín</name>
							</respStmt>
							<respStmt>
								<resp key="crp"/>
								<name type="person" key="IslEin002">Ísleifur Einarsson</name>
							</respStmt>
							<respStmt>
								<resp key="crp"/>
								<name type="person" key="SteSte005">Stefán Stephensen</name>
							</respStmt>
							<respStmt>
								<resp key="crp"/>
								<name type="person" key="AriAra001">Ari Arason</name>
							</respStmt>
							<respStmt>
								<resp key="crp"/>
								<name type="person" key="MarMag002">Markús Magnússon</name>
							</respStmt>
							<respStmt>
								<resp key="crp"/>
								<name type="person" key="GudSkul002">Guðrún Skúladóttir</name>
							</respStmt>
							<respStmt>
								<resp key="crp"/>
								<name type="person" key="OlaOla007">Ólafur Ólafsson</name>
							</respStmt>
							<respStmt>
								<resp key="crp"/>
								<name type="person" key="JonEsp001">Jón Espólín</name>
							</respStmt>
							<respStmt>
								<resp key="crp"/>
								<name type="person" key="JakArn001">Jakob Árnason</name>
							</respStmt>
							<respStmt>
								<resp key="crp"/>
								<name type="person" key="MagKet001">Magnús Ketilsson</name>
							</respStmt>
							<respStmt>
								<resp key="crp"/>
								<name type="person" key="SigSte003">Sigurður Stefánsson</name>
							</respStmt>
							<respStmt>
								<resp key="crp"/>
								<name type="person" key="EgiJon002">Egill Jónsson</name>
							</respStmt>
							<respStmt>
								<resp key="crp"/>
								<name type="person" key="HanFin001">Hannes Finnsson</name>
							</respStmt>
							<respStmt>
								<resp key="crp"/>
								<name type="person" key="BenPal001">Benedikt Pálsson</name>
							</respStmt>
							<respStmt>
								<resp key="crp"/>
								<name type="person" key="SteFin004">Steindór Finnsson</name>
							</respStmt>
							<respStmt>
								<resp key="crp"/>
								<name type="person" key="RasRas001">Rasmus Rask</name>
							</respStmt>
							<respStmt>
								<resp key="crp"/>
								<name type="person" key="JonJon045">Jón Jónsson</name>
							</respStmt>		
							<bibl>
								<ref target="Andvari">Andvari</ref>
								<biblScope type="volume">II</biblScope>
								<biblScope type="pages">135</biblScope>
							</bibl>
							<bibl>
								<ref target="Eimreidin">Eimreiðin</ref>
								<biblScope type="volume">XVII</biblScope>
								<biblScope type="pages">98</biblScope>
							</bibl>
							<bibl> Þorvaldur Thoroddsen: 
								<ref target="ÞorTho1913">Ferðabók</ref>
								<biblScope type="volume">I</biblScope>
								<biblScope type="pages">33, 57</biblScope>
							</bibl>
							<bibl> Þorvaldur Thoroddsen: 
								<ref target="ÞorTho1892">Landfræðisaga Íslands</ref>
								<biblScope type="volume">III</biblScope>
								<biblScope type="pages">17, 145-6, 148-9, 176</biblScope>
							</bibl>
						</msItem>
						<msItem n="2" defective="unknown" class="avit attat">
							<title type="supplied"><name type="person" key="BjaPal001"/>Skjöl tengd Bjarna Pálssyni</title>
							<note>Æviágrip með hendi Hannesar
									byskups Finnssonar, ættartala mest með hendi síra Benedikts bróður hans
								og bréf til Bjarna frá Sveini lögm. Sölvasyni (á
								bls. 323)</note>
							<note>
								<p>Hér finnast nú hvergi bréf til hans frá Eggerti Ólafssyni, er
									vera skyldi eftir hinni eldri skrá og prentað er í Andvara
								II</p>
							</note>
							<respStmt>
								<resp key="rcp"/>
								<name type="person" key="BjaPal001">Bjarni Pálsson</name>
							</respStmt>
							<respStmt>
								<resp key="crp"/>
								<name type="person" key="SveSol002">Sveinn Sölvason</name>
							</respStmt>
						</msItem>
						<msItem n="3" defective="unknown" class="godfrn">
							<title type="supplied">Indlending til Forelæsninger over den ældre Edda
								(1816-1817)</title>
							<note>Uppkast með hendi Finns
									Magnússonar</note>
						</msItem>
					</msContents>
					<physDesc>
						<objectDesc form="codex">
							<supportDesc material="chart">
								<support>
									<p>Pappír.</p>
								</support>
								<extent>834 blaðsíður. Margvíslegt brot. Margar blaðsíður
										auðar. </extent>
							</supportDesc>
						</objectDesc>
						<handDesc hands="9">
							<summary>Ýmsar hendur; Skrifarar:</summary>
							<handNote scope="major" script="unknown" scribe="HanFin001">
								<name type="person" key="HanFin001">Hannes Finnsson</name>
							</handNote>
							<handNote scope="major" script="unknown" scribe="BenPal001">
								<name type="person" key="BenPal001">Benedikt Pálsson</name>
							</handNote>
							<handNote scope="major" script="unknown" scribe="FinMag001">
								<name type="person" key="FinMag001">Finnur Magnússon</name>
							</handNote>
						</handDesc>
					</physDesc>
					<history>
						<origin>
							<origPlace>Ísland</origPlace>
							<origDate cert="medium" notBefore="1700" notAfter="1900">mest á 18. og
								19. öld</origDate>. </origin>
					</history>
					<additional>
						<adminInfo>
							<recordHist>
								<source><name type="person" key="HalKri001">Halldóra
									Kristinsdóttir</name> yfirfór skráningu, <date when="2012-04-04"
										>4. apríl 2012</date> ; <name type="person" key="IriLei001"
										>Íris Alda Ísleifsdóttir</name> frumskráði, <date
										when="2011-06-23">23. júní 2011</date> ; Handritaskrá, 2. b.
									; Átaksverkefni 2011.</source>
							</recordHist>
						</adminInfo>
					</additional>
				</msDesc>
			</sourceDesc>
		</fileDesc>
	</teiHeader>
	<facsimile xml:base="http://www.ImageDirectory.is">
		<surface> </surface>
	</facsimile>
</TEI>
