<?xml version="1.0" encoding="UTF-8"?>
<?oxygen RNGSchema="http://www.handrit.is/schema/handrit-1.0.rnc" type="compact"?>
<TEI xmlns="http://www.tei-c.org/ns/1.0">
	<teiHeader>
		<fileDesc>
			<titleStmt>
				<title type="main">ÍB 16 b fol.</title>
				<title type="subordinate"/>
			</titleStmt>
			<publicationStmt>
				<authority>Landsbókasafn Íslands - Háskólabókasafn</authority>
				<pubPlace>Reykjavík</pubPlace>
				<date when="2011-06-27">27. júní 2011</date>
				<availability status="restricted">
					<p>Aðgangur aðeins mögulegur í fræðilegum tilgangi.</p>
				</availability>
			</publicationStmt>
			<sourceDesc>
				<msDesc xml:id="IB02-0016-b-is" xml:lang="is">
					<msIdentifier>
						<country key="IS">Ísland</country>
						<settlement>Reykjavík</settlement>
						<institution>Landsbókasafn Íslands - Háskólabókasafn</institution>
						<repository>Handritasafn</repository>
						<collection>Handritasafn Kaupmannahafnardeildar Hins íslenska
							bókmenntafélags</collection>
						<idno>ÍB 16 b fol.</idno>
						<altIdentifier type="internal" subtype="PEO">
							<idno>6080</idno>
						</altIdentifier>
					</msIdentifier>
					<msContents>

						<textLang mainLang="is">Íslenska.</textLang>

						<msItem n="1" defective="true" class="alf fel">
							<title type="supplied">Reikningar Hins íslenska bókmenntafélags</title>
							<note>Leifar af reikningum hins íslenska bókmenntafélags frá fyrri tíð þess, allt skaddað af bruna</note>
						</msItem>
					</msContents>

					<physDesc>
						<objectDesc form="codex">
							<supportDesc material="chart">
								<support>
									<p>Pappír.</p>
								</support>
								<extent> 288 + 134 blöð og seðlar. Margvíslegt brot.</extent>
							</supportDesc>
						</objectDesc>
						<handDesc hands="9">
							<summary>Ýmsar hendur ; Skrifarar:</summary>
							<handNote scope="major" script="unknown" scribe="unknown">Óþekktur skrifari.</handNote>
						</handDesc>
					</physDesc>
					<history>
						<origin>
							<origPlace>Ísland</origPlace>
							<origDate cert="medium" notBefore="1800" notAfter="1900">á 19. öld</origDate>.
						</origin>
					</history>
					<additional>
						<adminInfo>
							<recordHist>
								<source><name type="person" key="HalKri001">Halldóra
									Kristinsdóttir</name> yfirfór skráningu, <date when="2012-04-04"
										>4. apríl 2012</date> ; <name type="person" key="IriLei001">Íris Alda
									Ísleifsdóttir</name> frumskráði, <date when="2011-06-27">27.
										júní 2011</date> ; Handritaskrá, 2. b. ; Átaksverkefni
								2011.</source>
							</recordHist>
						</adminInfo>
					</additional>
				</msDesc>
			</sourceDesc>
		</fileDesc>
	</teiHeader>
	<facsimile xml:base="http://www.ImageDirectory.is">
		<surface> </surface>
	</facsimile>
</TEI>
