<?xml version="1.0" encoding="UTF-8"?>
<?oxygen RNGSchema="http://www.handrit.is/schema/handrit-1.0.rnc" type="compact"?>
<TEI xmlns="http://www.tei-c.org/ns/1.0">
	<teiHeader>
		<fileDesc>
			<titleStmt>
				<title type="main">ÍB 12 fol.</title>
				<title type="subordinate"/>
			</titleStmt>
			<publicationStmt>
				<authority>Landsbókasafn Íslands - Háskólabókasafn</authority>
				<pubPlace>Reykjavík</pubPlace>
				<date when="2011-06-24">24. júní 2011</date>
				<availability status="restricted">
					<p>Aðgangur aðeins mögulegur í fræðilegum tilgangi.</p>
				</availability>
			</publicationStmt>
			<sourceDesc>
				<msDesc xml:id="IB02-0012-is" xml:lang="is">
					<msIdentifier>
						<country key="IS">Ísland</country>
						<settlement>Reykjavík</settlement>
						<institution>Landsbókasafn Íslands - Háskólabókasafn</institution>
						<repository>Handritasafn</repository>
						<collection>Handritasafn Kaupmannahafnardeildar Hins íslenska
							bókmenntafélags</collection>
						<idno>ÍB 12 fol.</idno>
						<altIdentifier type="internal" subtype="PEO">
							<idno>6075</idno>
						</altIdentifier>
					</msIdentifier>
					<msContents>
						<textLang mainLang="la" otherLangs="is"> Latína en sumt á íslensku.</textLang>
						<msItem n="1" defective="unknown" class="natfr">
							<title type="supplied">Grasanöfn</title>
							<note>Mest á latínu, íslensk nöfn sumstaðar með</note>
						</msItem>
					</msContents>
					<physDesc>
						<objectDesc form="codex">
							<supportDesc material="chart">
								<support>
									<p>Pappír.</p>
								</support>
								<extent>18 blöð (<dimensions scope="all" type="leaf"
										unit="mm">
										<height>340</height>
										<width>204</width>
									</dimensions>) .</extent>
							</supportDesc>
						</objectDesc>
						<handDesc hands="1">
							<summary>Ein hönd ; Skrifari:</summary>
							<handNote scope="major" script="unknown" scribe="JonHal009"><name
									type="person" key="JonHal009">Jónas
							Hallgrímsson</name></handNote>
						</handDesc>
					</physDesc>
					<history>
						<origin>
							<origPlace>Ísland</origPlace>
							<origDate cert="medium" when="1842">um 1842</origDate>.
						</origin>
					</history>
					<additional>
						<adminInfo>
							<recordHist>
								<source><name type="person" key="HalKri001">Halldóra
									Kristinsdóttir</name> yfirfór skráningu, <date when="2012-04-04"
										>11. apríl 2012</date> ;<name type="person" key="IriLei001">Íris Alda
									Ísleifsdóttir</name> frumskráði, <date when="2011-06-24">24.
										júní 2011</date> ; Handritaskrá, 2. b. ; Átaksverkefni
								2011.</source>
							</recordHist>
						</adminInfo>
					</additional>
				</msDesc>
			</sourceDesc>
		</fileDesc>
	</teiHeader>
	<facsimile xml:base="http://www.ImageDirectory.is">
		<surface> </surface>
	</facsimile>
</TEI>
