<?xml version="1.0" encoding="UTF-8"?>
<?oxygen RNGSchema="http://www.handrit.is/schema/handrit-1.0.rnc" type="compact"?>
<TEI xmlns="http://www.tei-c.org/ns/1.0">
	<teiHeader>
		<fileDesc>
			<titleStmt>
				<title type="main">ÍB 9 8vo</title>
			</titleStmt>
			<publicationStmt>
				<authority>Landsbókasafn Íslands - Háskólabókasafn</authority>
				<pubPlace>Reykjavík</pubPlace>
				<date when="2011-07-22">22. júlí 2011</date>
				<availability status="restricted">
					<p>Aðgangur aðeins mögulegur í fræðilegum tilgangi.</p>
				</availability>
			</publicationStmt>
			<sourceDesc>
				<msDesc xml:id="IB08-0009-is" xml:lang="is">
					<msIdentifier>
						<country key="IS">Ísland</country>
						<settlement>Reykjavík</settlement>
						<institution>Landsbókasafn Íslands - Háskólabókasafn</institution>
						<repository>Handritasafn</repository>
						<collection>Handritasafn Kaupmannahafnardeildar Hins íslenska
							bókmenntafélags</collection>
						<idno>ÍB 9 8vo</idno>
						<altIdentifier type="internal" subtype="PEO">
							<idno>6677</idno>
						</altIdentifier>
					</msIdentifier>
					<msContents>
						<textLang mainLang="is">Íslenska</textLang>
						<msItem n="1" defective="true" class="kvad">
							<title type="supplied">Kvæðasafn</title>
							<note>Leifar af kvæðasafni m. h. <name type="person" key="JonSte007"
									>Jóns Stefánssonar</name>, nú aðeins sundurlaus blöð, og er allt
									stórskaddað af bruna, er varð 1847.</note>
							
							<bibl>
								Páll Eggert Ólason: <ref target="PalOla1916a">Minningarrit</ref>
								<biblScope type="pages">22</biblScope>
							</bibl>
							<bibl>
								<ref target="JónHel1962a">Íslenzk fornkvæði</ref>
								<biblScope type="volume">I-II</biblScope>
								<biblScope type="pages">passim</biblScope>
							</bibl>
							<bibl>
								<ref target="IslGat">Íslenzkar gátur, skemtanir, vikivakar og þulur</ref>
								<biblScope type="volume">III.-Iv</biblScope>
								<biblScope type="pages">passim</biblScope>
							</bibl>
							<bibl>
								Stefán Ólafsson: <ref target="Kvadi">Kvæði</ref>
								<biblScope type="volume">II</biblScope>
								<biblScope type="pages">vij og passim</biblScope>
							</bibl>
							<bibl>
								<ref target="Skírnir">Skírnir</ref>
								<biblScope type="volume">VIII</biblScope>
								<biblScope type="pages">62</biblScope>
							</bibl>
						</msItem>
					</msContents>
					<physDesc>
						<objectDesc form="codex">
							<supportDesc material="chart">
								<support>
									<p>Pappír.</p>
								</support>
								<extent>(<dimensions scope="all" type="leaf" unit="mm">
										<height>150</height>
										<width>87</width>
									</dimensions>).</extent><foliation>Þrjú hylki.</foliation>

							</supportDesc>
						</objectDesc>
						<handDesc hands="1">
							<summary>Ein hönd ; Skrifari:</summary>
							<handNote scope="sole" script="unknown" scribe="JonSte007">
								<name type="person" key="JonSte007">Jón Stefánsson</name>
							</handNote>
						</handDesc>
					</physDesc>
					<history>
						<origin>
							<origPlace>Ísland</origPlace>
							<origDate notBefore="1800" notAfter="1820"> 1800-1820.</origDate>
						</origin>
					</history>
					<additional>
						<adminInfo>
							<recordHist>
								<source>
									<name type="person" key="SigJor001">Sigríður Hjördís
										Jörundsdóttir</name> yfirfór skráningu <date
										when="2012-03-15">15. mars 2012</date> ; <name type="person"
										key="EvaEin001">Eva Kamilla Einarsdóttir</name> frumskráði,
										<date when="2011-07-22">22.júlí 2011</date>; Handritaskrá,
									2. b. ; Átaksverkefni 2011.</source>
							</recordHist>
						</adminInfo>
					</additional>
				</msDesc>
			</sourceDesc>
		</fileDesc>
	</teiHeader>
	<facsimile xml:base="http://www.ImageDirectory.is">
		<surface> </surface>
	</facsimile>
</TEI>
