<?xml version="1.0" encoding="UTF-8"?>
<?oxygen RNGSchema="http://www.handrit.is/schema/handrit-1.0.rnc" type="compact"?>
<TEI xmlns="http://www.tei-c.org/ns/1.0">
	<teiHeader>
		<fileDesc>
			<titleStmt>
				<title type="main">ÍB 10 8vo</title>
			</titleStmt>
			<publicationStmt>
				<authority>Landsbókasafn Íslands - Háskólabókasafn</authority>
				<pubPlace>Reykjavík</pubPlace>
				<date when="2011-07-22">22. júlí 2011</date>
				<availability status="restricted">
					<p>Aðgangur aðeins mögulegur í fræðilegum tilgangi.</p>
				</availability>
			</publicationStmt>
			<sourceDesc>
				<msDesc xml:id="IB08-0010-is" xml:lang="is">
					<msIdentifier>
						<country key="IS">Ísland</country>
						<settlement>Reykjavík</settlement>
						<institution>Landsbókasafn Íslands - Háskólabókasafn</institution>
						<repository>Handritasafn</repository>
						<collection>Handritasafn Kaupmannahafnardeildar Hins íslenska
							bókmenntafélags</collection>
						<idno>ÍB 10 8vo</idno>
						<altIdentifier type="internal" subtype="PEO">
							<idno>6678</idno>
						</altIdentifier>
					</msIdentifier>
					<msContents>
						<textLang mainLang="is">Íslenska</textLang>
						<msItem n="1" defective="unknown" class="fas">
							<title type="uniform">Friðþjófs saga</title>
							<rubric>Friðþjófs saga af Esaias Tegner snúin á íslendsku af Guðmundi
								Torfasyni</rubric>
							<respStmt>
								<resp key="trl"/>
								<name type="person" key="GudTor001">Guðmundur Torfason</name>
							</respStmt>
							<note>Ehdr.</note>
						</msItem>
					</msContents>
					<physDesc>
						<objectDesc form="codex">
							<supportDesc material="chart">
								<support>
									<p>Pappír.</p>
								</support>
								<extent>iv + 326 + ii blöð (<dimensions scope="all" type="leaf"
										unit="mm">
										<height>172</height>
										<width>104</width>
									</dimensions>).</extent>
							</supportDesc>
						</objectDesc>
						<handDesc hands="1">
							<summary>Ein hönd ; Skrifari:</summary>
							<handNote scope="sole" script="unknown" scribe="GudTor001">
								<name type="person" key="GudTor001">Guðmundur Torfason</name>
							</handNote>
						</handDesc>
					</physDesc>
					<history>
						<origin>
							<origPlace>Ísland</origPlace>
							<origDate when="1846" notAfter="1846"> 1846.</origDate>
						</origin>
						<provenance>
							<p>Sent félaginu af höfundi.</p>
						</provenance>
					</history>
					<additional>
						<adminInfo>
							<recordHist>
								<source>
									<name type="person" key="SigJor001">Sigríður Hjördís
										Jörundsdóttir</name> yfirfór skráningu <date
										when="2012-03-15">15. mars 2012</date> ; <name type="person"
										key="EvaEin001">Eva Kamilla Einarsdóttir</name> frumskráði,
										<date when="2011-07-22">22.júlí 2011</date>; Handritaskrá,
									2. b. ; Átaksverkefni 2011.</source>
							</recordHist>
						</adminInfo>
					</additional>
				</msDesc>
			</sourceDesc>
		</fileDesc>
	</teiHeader>
	<facsimile xml:base="http://www.ImageDirectory.is">
		<surface> </surface>
	</facsimile>
</TEI>
