<?xml version="1.0" encoding="UTF-8"?>
<?oxygen RNGSchema="http://www.handrit.is/schema/handrit-1.0.rnc" type="compact"?>
<TEI xmlns="http://www.tei-c.org/ns/1.0">
	<teiHeader>
		<fileDesc>
			<titleStmt>
				<title type="main">ÍB 2 8vo</title>
			</titleStmt>
			<publicationStmt>
				<authority>Landsbókasafn Íslands - Háskólabókasafn</authority>
				<pubPlace>Reykjavík</pubPlace>
				<date when="2011-07-22">22. júlí 2011</date>
				<availability status="restricted">
					<p>Aðgangur aðeins mögulegur í fræðilegum tilgangi.</p>
				</availability>
			</publicationStmt>
			<sourceDesc>
				<msDesc xml:id="IB08-0002-is" xml:lang="is">
					<msIdentifier>
						<country key="IS">Ísland</country>
						<settlement>Reykjavík</settlement>
						<institution>Landsbókasafn Íslands - Háskólabókasafn</institution>
						<repository>Handritasafn</repository>
						<collection>Handritasafn Kaupmannahafnardeildar Hins íslenska
							bókmenntafélags</collection>
						<idno>ÍB 2 8vo</idno>
						<altIdentifier type="internal" subtype="PEO">
							<idno>6670</idno>
						</altIdentifier>
					</msIdentifier>
					<msContents>
						<textLang mainLang="is">Íslenska</textLang>
						<msItem n="1" defective="unknown" class="alm dagb glosu">
							<title type="supplied">Almanök (með minnisgreinum) - 1.hluti</title>
							<author>
								<name type="person" key="SvePal002">Sveinn Pálsson</name>
							</author>
							<note>Almanök, með dagbókum, minnisgreinum og athugunum Sveins Pálssonar
								(1779-1787, 1792-1799, 1806-1812, 1814-1820, 1821182-5, 1826-1829,
								1831-1836, 1838-1840), þar með og reikninga- og bóksölusyrpa
								(1829-1835), ehdr. Í þremur hlutum</note>
							<bibl>
								Þorvaldur Thorodssen: <ref target="ÞorTho1892">Landfræðisaga Íslands</ref>
								<biblScope type="volume">II</biblScope>
								<biblScope type="pages">356, </biblScope>
								<biblScope type="volume">III</biblScope>
								<biblScope type="pages">87, 145, 175</biblScope>
							</bibl>
							<bibl>
								Jón Þorkelsson: <ref target="JonThork1888">Om digtningen</ref>
								<biblScope type="pages">58</biblScope>
							</bibl>
							<bibl>
								Þorvaldur Thorodssen: <ref target="ÞorTho1899">Landskjálftar á Íslandi</ref>
								<biblScope type="pages">37</biblScope>
							</bibl>
							<bibl>
								Þorvaldur Thorodssen: <ref target="ÞorTho1913">Ferðabók</ref>
								<biblScope type="volume">III</biblScope>
								<biblScope type="pages">100</biblScope>
							</bibl>
						</msItem>
					</msContents>
					<physDesc>
						<objectDesc form="codex">
							<supportDesc material="chart">
								<support>
									<p>Pappír.</p>
								</support>
								<foliation>Margvíslegt brot.</foliation>
							</supportDesc>
						</objectDesc>
						<handDesc hands="1">
							<summary>Ein hönd ; Skrifari:</summary>
							<handNote scope="sole" script="unknown" scribe="SvePal002">
								<name type="person" key="SvePal002">Sveinn Pálsson</name>
							</handNote>
						</handDesc>
					</physDesc>
					<history>
						<origin>
							<origPlace>Ísland</origPlace>
							<origDate notBefore="1779" notAfter="1840"> 1779-1840.</origDate>
						</origin>
						<acquisition>
							<p>Frá <name type="person" key="PalSve005">Páli bókbindara
								Sveinssyni</name>.</p>
						</acquisition>
					</history>
					<additional>
						<adminInfo>
							<recordHist>
								<source>
									<name type="person" key="SigJor001">Sigríður Hjördís
										Jörundsdóttir</name> yfirfór skráningu <date
										when="2012-03-15">15. mars 2012</date> ; <name type="person"
										key="EvaEin001">Eva Kamilla Einarsdóttir</name> frumskráði,
										<date when="2011-07-22">22.júlí 2011</date>; Handritaskrá,
									2. b. ; Átaksverkefni 2011.</source>
							</recordHist>
						</adminInfo>
					</additional>
				</msDesc>
			</sourceDesc>
		</fileDesc>
	</teiHeader>
	<facsimile xml:base="http://www.ImageDirectory.is">
		<surface> </surface>
	</facsimile>
</TEI>
