<?xml version="1.0" encoding="UTF-8"?>
<?oxygen RNGSchema="http://www.handrit.is/schema/handrit-1.0.rnc" type="compact"?>
<TEI xmlns="http://www.tei-c.org/ns/1.0">
	<teiHeader>
		<fileDesc>
			<titleStmt>
				<title type="main">ÍB 5 8vo</title>
			</titleStmt>
			<publicationStmt>
				<authority>Landsbókasafn Íslands - Háskólabókasafn</authority>
				<pubPlace>Reykjavík</pubPlace>
				<date when="2011-07-22">22. júlí 2011</date>
				<availability status="restricted">
					<p>Aðgangur aðeins mögulegur í fræðilegum tilgangi.</p>
				</availability>
			</publicationStmt>
			<sourceDesc>
				<msDesc xml:id="IB08-0005-is" xml:lang="is">
					<msIdentifier>
						<country key="IS">Ísland</country>
						<settlement>Reykjavík</settlement>
						<institution>Landsbókasafn Íslands - Háskólabókasafn</institution>
						<repository>Handritasafn</repository>
						<collection>Handritasafn Kaupmannahafnardeildar Hins íslenska
							bókmenntafélags</collection>
						<idno>ÍB 5 8vo</idno>
						<altIdentifier type="internal" subtype="PEO">
							<idno>6673</idno>
						</altIdentifier>
					</msIdentifier>
					<msContents>
						<textLang mainLang="is">Íslenska</textLang>
						<msItem n="1" defective="unknown" class="vedfr">
							<title type="supplied">Dagakver Jóns Hjaltalíns 1812-1835</title>
							<author><name type="person" key="JonHja001"
								>Jóns Hjaltalíns</name></author>
							<rubric>Dagakver Síra Jóns Hjaltalíns</rubric>
							<note>Ehdr., mest um veðráttufar.</note>
						</msItem>
						<msItem n="2" defective="unknown" class="ban">
							<title type="supplied">Bænir</title>
							<note>Ehdr., mest um veðráttufar. Framan við er bænarsálmur,
								aftast bæn. Á skjólbl. aftast er þrýst nokkurum innsiglum
								gömlum.</note>
						</msItem>
					</msContents>
					<physDesc>
						<objectDesc form="codex">
							<supportDesc material="chart">
								<support>
									<p>Pappír.</p>
								</support>
								<extent>143 blöð (<dimensions scope="all" type="leaf" unit="mm">
										<height>194</height>
										<width>122</width>
									</dimensions>).</extent>
							</supportDesc>
						</objectDesc>
						<handDesc hands="1">
							<summary>Ein hönd ; Skrifari:</summary>
							<handNote scope="sole" script="unknown" scribe="JonHja001">
								<name type="person" key="JonHja001">Jón Hjaltalín</name>
							</handNote>
						</handDesc>
						<bindingDesc>
							<binding>
								<p>Skinnheft.</p>
							</binding>
						</bindingDesc>
					</physDesc>
					<history>
						<origin>
							<origPlace>Ísland</origPlace>
							<origDate notBefore="1812" notAfter="1835"> 1812-1835.</origDate>
						</origin>
					</history>
					<additional>
						<adminInfo>
							<recordHist>
								<source>
									<name type="person" key="SigJor001">Sigríður Hjördís
										Jörundsdóttir</name> yfirfór skráningu <date
										when="2012-03-15">15. mars 2012</date> ; <name type="person"
										key="EvaEin001">Eva Kamilla Einarsdóttir</name> frumskráði,
										<date when="2011-07-22">22.júlí 2011</date>; Handritaskrá,
									2. b. ; Átaksverkefni 2011.</source>
							</recordHist>
						</adminInfo>

					</additional>
				</msDesc>
			</sourceDesc>
		</fileDesc>
	</teiHeader>
	<facsimile xml:base="http://www.ImageDirectory.is">
		<surface> </surface>
	</facsimile>
</TEI>
