<?xml version="1.0" encoding="UTF-8"?>
<?oxygen RNGSchema="http://www.handrit.is/schema/handrit-1.0.rnc" type="compact"?>
<TEI xmlns="http://www.tei-c.org/ns/1.0">
	<teiHeader>
		<fileDesc>
			<titleStmt>
				<title type="main">ÍBR 5 8vo</title>
				<title type="subordinate"/>
			</titleStmt>
			<publicationStmt>
				<authority>Landsbókasafn Íslands - Háskólabókasafn</authority>
				<pubPlace>Reykjavík</pubPlace>
				<date when="2009-10-01">1. október 2009</date>
				<availability status="restricted">
					<p>Aðgangur aðeins mögulegur í fræðilegum tilgangi.</p>
				</availability>
			</publicationStmt>
			<sourceDesc>
				<msDesc xml:id="IBR08-0005-is" xml:lang="is">
					<msIdentifier>
						<country key="IS">Ísland</country>
						<settlement>Reykjavík</settlement>
						<institution>Landsbókasafn Íslands - Háskólabókasafn</institution>
						<repository>Handritasafn</repository>
						<collection>Handritasafn Reykjavíkurdeildar Hins íslenska bókmenntafélags</collection>
						<idno>ÍBR 5 8vo</idno>
						<altIdentifier type="internal" subtype="PEO">
							<idno>7784</idno>
						</altIdentifier>
						<altIdentifier type="former">
							<idno>ÍBR A. 43</idno>
						</altIdentifier>
					</msIdentifier>
					<msContents>
						<msItem defective="false" class="avis">
							<locus from="1r" facs="#IBR08-0005-0001r" to="50v">1r-50v</locus>
							<author key="VigJon010">Vigfús Jónsson</author>
							<title key="uniform">Æfisaga síra Hallgríms Péturssonar</title>
							<rubric>Æfisaga síra Hallgríms Péturssonar</rubric>
							<respStmt>
								<resp key="asn">Tengt nafn </resp><name type="person" key="HalPet001">Hallgrímur Pétursson</name>
							</respStmt>
						</msItem>
					</msContents>
					
					<physDesc>
						<objectDesc form="codex">
							<supportDesc material="chart">
								<support>
									<p>Pappír.</p>
								</support>
								<extent>i + 50 + i blöð (<dimensions scope="all" type="leaf" unit="mm">
									<height/>
									<width/>
								</dimensions>).</extent>
							</supportDesc>
							<layoutDesc>
								<layout columns="1">
									<p>Einn dálkur.</p>
								</layout>
							</layoutDesc>
						</objectDesc>
						<handDesc hands="1">
							<summary>Ein hönd ; Skrifari:</summary>
							<handNote scope="sole" script="other" scribe="HalJon011">
								<name type="person" key="HalJon011">Hallgrímur Jónsson</name>
							</handNote>
						</handDesc>
					</physDesc>
										
					<history>
						<origin>
							<origPlace>Ísland</origPlace>
							<origDate cert="medium" when="1830">1830</origDate>
						</origin>
						<provenance>
							<p><name type="person" key="GudEin005">Guðmundur Einarsson</name>
								sýsluskrifari, gaf Reykjavíkurdeild Hins íslenska bókmenntafélags
								<date when="1865">1865</date>.</p>
							<p>Áður ÍBR. A. 43.</p>
						</provenance>
						<acquisition>
							<p>Landsbókasafn keypti handritasafn Reykjavíkurdeildar Hins íslenska
								bókmenntafélags <date when="1901">1901</date>.</p>
						</acquisition>
					</history>
					
					<additional>
						<adminInfo>
							<recordHist>
								<source><name type="person" key="OrnHra001">Örn Hrafnkelsson</name>
									frumskráði fyrir myndvinnslu, <date when="2009-10-20">20.
										október 2009</date> ; Handritaskrá, 3. b.</source>
							</recordHist>
						</adminInfo>
					</additional>
				</msDesc>
			</sourceDesc>
		</fileDesc>
	</teiHeader>
	<facsimile xml:base="https://myndir.handrit.is/file/Handrit.is/">
		<surface xml:id="IBR08-0005-0000r-FB" n="0">
			<desc>0000r-FB</desc>
			<graphic mimeType="pdf" url="%C3%8DBR%205%208vo/0/HIGH_QUALITY_DISPLAY"/>
			<graphic mimeType="jpg" url="%C3%8DBR%205%208vo/0/THUMBNAIL" width="185px" height="300px"/>
			<graphic mimeType="jpg" url="%C3%8DBR%205%208vo/0/SECONDARY_DISPLAY" width="1364px" height="2212px"/>
			<graphic mimeType="pdf" url="%C3%8DBR%205%208vo/0/WEB_DISPLAY"/>
		</surface>
		<surface xml:id="IBR08-0005-0000v-FB" n="1">
			<desc>0000v-FB</desc>
			<graphic mimeType="pdf" url="%C3%8DBR%205%208vo/1/HIGH_QUALITY_DISPLAY"/>
			<graphic mimeType="jpg" url="%C3%8DBR%205%208vo/1/THUMBNAIL" width="186px" height="300px"/>
			<graphic mimeType="jpg" url="%C3%8DBR%205%208vo/1/SECONDARY_DISPLAY" width="1312px" height="2112px"/>
			<graphic mimeType="pdf" url="%C3%8DBR%205%208vo/1/WEB_DISPLAY"/>
		</surface>
		<surface xml:id="IBR08-0005-0001r-FFl" n="2">
			<desc>0001r-FFl</desc>
			<graphic mimeType="pdf" url="%C3%8DBR%205%208vo/2/HIGH_QUALITY_DISPLAY"/>
			<graphic mimeType="jpg" url="%C3%8DBR%205%208vo/2/THUMBNAIL" width="186px" height="300px"/>
			<graphic mimeType="jpg" url="%C3%8DBR%205%208vo/2/SECONDARY_DISPLAY" width="1312px" height="2112px"/>
			<graphic mimeType="pdf" url="%C3%8DBR%205%208vo/2/WEB_DISPLAY"/>
		</surface>
		<surface xml:id="IBR08-0005-0001v-FFl" n="3">
			<desc>0001v-FFl</desc>
			<graphic mimeType="pdf" url="%C3%8DBR%205%208vo/3/HIGH_QUALITY_DISPLAY"/>
			<graphic mimeType="jpg" url="%C3%8DBR%205%208vo/3/THUMBNAIL" width="186px" height="300px"/>
			<graphic mimeType="jpg" url="%C3%8DBR%205%208vo/3/SECONDARY_DISPLAY" width="1312px" height="2112px"/>
			<graphic mimeType="pdf" url="%C3%8DBR%205%208vo/3/WEB_DISPLAY"/>
		</surface>
		<surface xml:id="IBR08-0005-0001r" n="4">
			<desc>0001r</desc>
			<graphic mimeType="pdf" url="%C3%8DBR%205%208vo/4/HIGH_QUALITY_DISPLAY"/>
			<graphic mimeType="jpg" url="%C3%8DBR%205%208vo/4/THUMBNAIL" width="186px" height="300px"/>
			<graphic mimeType="jpg" url="%C3%8DBR%205%208vo/4/SECONDARY_DISPLAY" width="1312px" height="2112px"/>
			<graphic mimeType="pdf" url="%C3%8DBR%205%208vo/4/WEB_DISPLAY"/>
		</surface>
		<surface xml:id="IBR08-0005-0001v" n="5">
			<desc>0001v</desc>
			<graphic mimeType="pdf" url="%C3%8DBR%205%208vo/5/HIGH_QUALITY_DISPLAY"/>
			<graphic mimeType="jpg" url="%C3%8DBR%205%208vo/5/THUMBNAIL" width="186px" height="300px"/>
			<graphic mimeType="jpg" url="%C3%8DBR%205%208vo/5/SECONDARY_DISPLAY" width="1312px" height="2112px"/>
			<graphic mimeType="pdf" url="%C3%8DBR%205%208vo/5/WEB_DISPLAY"/>
		</surface>
		<surface xml:id="IBR08-0005-0002r" n="6">
			<desc>0002r</desc>
			<graphic mimeType="pdf" url="%C3%8DBR%205%208vo/6/HIGH_QUALITY_DISPLAY"/>
			<graphic mimeType="jpg" url="%C3%8DBR%205%208vo/6/THUMBNAIL" width="186px" height="300px"/>
			<graphic mimeType="jpg" url="%C3%8DBR%205%208vo/6/SECONDARY_DISPLAY" width="1312px" height="2112px"/>
			<graphic mimeType="pdf" url="%C3%8DBR%205%208vo/6/WEB_DISPLAY"/>
		</surface>
		<surface xml:id="IBR08-0005-0002v" n="7">
			<desc>0002v</desc>
			<graphic mimeType="pdf" url="%C3%8DBR%205%208vo/7/HIGH_QUALITY_DISPLAY"/>
			<graphic mimeType="jpg" url="%C3%8DBR%205%208vo/7/THUMBNAIL" width="186px" height="300px"/>
			<graphic mimeType="jpg" url="%C3%8DBR%205%208vo/7/SECONDARY_DISPLAY" width="1312px" height="2112px"/>
			<graphic mimeType="pdf" url="%C3%8DBR%205%208vo/7/WEB_DISPLAY"/>
		</surface>
		<surface xml:id="IBR08-0005-0003r" n="8">
			<desc>0003r</desc>
			<graphic mimeType="pdf" url="%C3%8DBR%205%208vo/8/HIGH_QUALITY_DISPLAY"/>
			<graphic mimeType="jpg" url="%C3%8DBR%205%208vo/8/THUMBNAIL" width="186px" height="300px"/>
			<graphic mimeType="jpg" url="%C3%8DBR%205%208vo/8/SECONDARY_DISPLAY" width="1312px" height="2112px"/>
			<graphic mimeType="pdf" url="%C3%8DBR%205%208vo/8/WEB_DISPLAY"/>
		</surface>
		<surface xml:id="IBR08-0005-0003v" n="9">
			<desc>0003v</desc>
			<graphic mimeType="pdf" url="%C3%8DBR%205%208vo/9/HIGH_QUALITY_DISPLAY"/>
			<graphic mimeType="jpg" url="%C3%8DBR%205%208vo/9/THUMBNAIL" width="186px" height="300px"/>
			<graphic mimeType="jpg" url="%C3%8DBR%205%208vo/9/SECONDARY_DISPLAY" width="1312px" height="2112px"/>
			<graphic mimeType="pdf" url="%C3%8DBR%205%208vo/9/WEB_DISPLAY"/>
		</surface>
		<surface xml:id="IBR08-0005-0004r" n="10">
			<desc>0004r</desc>
			<graphic mimeType="pdf" url="%C3%8DBR%205%208vo/10/HIGH_QUALITY_DISPLAY"/>
			<graphic mimeType="jpg" url="%C3%8DBR%205%208vo/10/THUMBNAIL" width="186px" height="300px"/>
			<graphic mimeType="jpg" url="%C3%8DBR%205%208vo/10/SECONDARY_DISPLAY" width="1312px" height="2112px"/>
			<graphic mimeType="pdf" url="%C3%8DBR%205%208vo/10/WEB_DISPLAY"/>
		</surface>
		<surface xml:id="IBR08-0005-0004v" n="11">
			<desc>0004v</desc>
			<graphic mimeType="pdf" url="%C3%8DBR%205%208vo/11/HIGH_QUALITY_DISPLAY"/>
			<graphic mimeType="jpg" url="%C3%8DBR%205%208vo/11/THUMBNAIL" width="186px" height="300px"/>
			<graphic mimeType="jpg" url="%C3%8DBR%205%208vo/11/SECONDARY_DISPLAY" width="1312px" height="2112px"/>
			<graphic mimeType="pdf" url="%C3%8DBR%205%208vo/11/WEB_DISPLAY"/>
		</surface>
		<surface xml:id="IBR08-0005-0005r" n="12">
			<desc>0005r</desc>
			<graphic mimeType="pdf" url="%C3%8DBR%205%208vo/12/HIGH_QUALITY_DISPLAY"/>
			<graphic mimeType="jpg" url="%C3%8DBR%205%208vo/12/THUMBNAIL" width="186px" height="300px"/>
			<graphic mimeType="jpg" url="%C3%8DBR%205%208vo/12/SECONDARY_DISPLAY" width="1312px" height="2112px"/>
			<graphic mimeType="pdf" url="%C3%8DBR%205%208vo/12/WEB_DISPLAY"/>
		</surface>
		<surface xml:id="IBR08-0005-0005v" n="13">
			<desc>0005v</desc>
			<graphic mimeType="pdf" url="%C3%8DBR%205%208vo/13/HIGH_QUALITY_DISPLAY"/>
			<graphic mimeType="jpg" url="%C3%8DBR%205%208vo/13/THUMBNAIL" width="186px" height="300px"/>
			<graphic mimeType="jpg" url="%C3%8DBR%205%208vo/13/SECONDARY_DISPLAY" width="1312px" height="2112px"/>
			<graphic mimeType="pdf" url="%C3%8DBR%205%208vo/13/WEB_DISPLAY"/>
		</surface>
		<surface xml:id="IBR08-0005-0006r" n="14">
			<desc>0006r</desc>
			<graphic mimeType="pdf" url="%C3%8DBR%205%208vo/14/HIGH_QUALITY_DISPLAY"/>
			<graphic mimeType="jpg" url="%C3%8DBR%205%208vo/14/THUMBNAIL" width="186px" height="300px"/>
			<graphic mimeType="jpg" url="%C3%8DBR%205%208vo/14/SECONDARY_DISPLAY" width="1312px" height="2112px"/>
			<graphic mimeType="pdf" url="%C3%8DBR%205%208vo/14/WEB_DISPLAY"/>
		</surface>
		<surface xml:id="IBR08-0005-0006v" n="15">
			<desc>0006v</desc>
			<graphic mimeType="pdf" url="%C3%8DBR%205%208vo/15/HIGH_QUALITY_DISPLAY"/>
			<graphic mimeType="jpg" url="%C3%8DBR%205%208vo/15/THUMBNAIL" width="186px" height="300px"/>
			<graphic mimeType="jpg" url="%C3%8DBR%205%208vo/15/SECONDARY_DISPLAY" width="1312px" height="2112px"/>
			<graphic mimeType="pdf" url="%C3%8DBR%205%208vo/15/WEB_DISPLAY"/>
		</surface>
		<surface xml:id="IBR08-0005-0007r" n="16">
			<desc>0007r</desc>
			<graphic mimeType="pdf" url="%C3%8DBR%205%208vo/16/HIGH_QUALITY_DISPLAY"/>
			<graphic mimeType="jpg" url="%C3%8DBR%205%208vo/16/THUMBNAIL" width="186px" height="300px"/>
			<graphic mimeType="jpg" url="%C3%8DBR%205%208vo/16/SECONDARY_DISPLAY" width="1312px" height="2112px"/>
			<graphic mimeType="pdf" url="%C3%8DBR%205%208vo/16/WEB_DISPLAY"/>
		</surface>
		<surface xml:id="IBR08-0005-0007v" n="17">
			<desc>0007v</desc>
			<graphic mimeType="pdf" url="%C3%8DBR%205%208vo/17/HIGH_QUALITY_DISPLAY"/>
			<graphic mimeType="jpg" url="%C3%8DBR%205%208vo/17/THUMBNAIL" width="186px" height="300px"/>
			<graphic mimeType="jpg" url="%C3%8DBR%205%208vo/17/SECONDARY_DISPLAY" width="1312px" height="2112px"/>
			<graphic mimeType="pdf" url="%C3%8DBR%205%208vo/17/WEB_DISPLAY"/>
		</surface>
		<surface xml:id="IBR08-0005-0008r" n="18">
			<desc>0008r</desc>
			<graphic mimeType="pdf" url="%C3%8DBR%205%208vo/18/HIGH_QUALITY_DISPLAY"/>
			<graphic mimeType="jpg" url="%C3%8DBR%205%208vo/18/THUMBNAIL" width="186px" height="300px"/>
			<graphic mimeType="jpg" url="%C3%8DBR%205%208vo/18/SECONDARY_DISPLAY" width="1312px" height="2112px"/>
			<graphic mimeType="pdf" url="%C3%8DBR%205%208vo/18/WEB_DISPLAY"/>
		</surface>
		<surface xml:id="IBR08-0005-0008v" n="19">
			<desc>0008v</desc>
			<graphic mimeType="pdf" url="%C3%8DBR%205%208vo/19/HIGH_QUALITY_DISPLAY"/>
			<graphic mimeType="jpg" url="%C3%8DBR%205%208vo/19/THUMBNAIL" width="186px" height="300px"/>
			<graphic mimeType="jpg" url="%C3%8DBR%205%208vo/19/SECONDARY_DISPLAY" width="1312px" height="2112px"/>
			<graphic mimeType="pdf" url="%C3%8DBR%205%208vo/19/WEB_DISPLAY"/>
		</surface>
		<surface xml:id="IBR08-0005-0009r" n="20">
			<desc>0009r</desc>
			<graphic mimeType="pdf" url="%C3%8DBR%205%208vo/20/HIGH_QUALITY_DISPLAY"/>
			<graphic mimeType="jpg" url="%C3%8DBR%205%208vo/20/THUMBNAIL" width="186px" height="300px"/>
			<graphic mimeType="jpg" url="%C3%8DBR%205%208vo/20/SECONDARY_DISPLAY" width="1312px" height="2112px"/>
			<graphic mimeType="pdf" url="%C3%8DBR%205%208vo/20/WEB_DISPLAY"/>
		</surface>
		<surface xml:id="IBR08-0005-0009v" n="21">
			<desc>0009v</desc>
			<graphic mimeType="pdf" url="%C3%8DBR%205%208vo/21/HIGH_QUALITY_DISPLAY"/>
			<graphic mimeType="jpg" url="%C3%8DBR%205%208vo/21/THUMBNAIL" width="186px" height="300px"/>
			<graphic mimeType="jpg" url="%C3%8DBR%205%208vo/21/SECONDARY_DISPLAY" width="1312px" height="2112px"/>
			<graphic mimeType="pdf" url="%C3%8DBR%205%208vo/21/WEB_DISPLAY"/>
		</surface>
		<surface xml:id="IBR08-0005-0010r" n="22">
			<desc>0010r</desc>
			<graphic mimeType="pdf" url="%C3%8DBR%205%208vo/22/HIGH_QUALITY_DISPLAY"/>
			<graphic mimeType="jpg" url="%C3%8DBR%205%208vo/22/THUMBNAIL" width="186px" height="300px"/>
			<graphic mimeType="jpg" url="%C3%8DBR%205%208vo/22/SECONDARY_DISPLAY" width="1312px" height="2112px"/>
			<graphic mimeType="pdf" url="%C3%8DBR%205%208vo/22/WEB_DISPLAY"/>
		</surface>
		<surface xml:id="IBR08-0005-0010v" n="23">
			<desc>0010v</desc>
			<graphic mimeType="pdf" url="%C3%8DBR%205%208vo/23/HIGH_QUALITY_DISPLAY"/>
			<graphic mimeType="jpg" url="%C3%8DBR%205%208vo/23/THUMBNAIL" width="186px" height="300px"/>
			<graphic mimeType="jpg" url="%C3%8DBR%205%208vo/23/SECONDARY_DISPLAY" width="1312px" height="2112px"/>
			<graphic mimeType="pdf" url="%C3%8DBR%205%208vo/23/WEB_DISPLAY"/>
		</surface>
		<surface xml:id="IBR08-0005-0011r" n="24">
			<desc>0011r</desc>
			<graphic mimeType="pdf" url="%C3%8DBR%205%208vo/24/HIGH_QUALITY_DISPLAY"/>
			<graphic mimeType="jpg" url="%C3%8DBR%205%208vo/24/THUMBNAIL" width="186px" height="300px"/>
			<graphic mimeType="jpg" url="%C3%8DBR%205%208vo/24/SECONDARY_DISPLAY" width="1312px" height="2112px"/>
			<graphic mimeType="pdf" url="%C3%8DBR%205%208vo/24/WEB_DISPLAY"/>
		</surface>
		<surface xml:id="IBR08-0005-0011v" n="25">
			<desc>0011v</desc>
			<graphic mimeType="pdf" url="%C3%8DBR%205%208vo/25/HIGH_QUALITY_DISPLAY"/>
			<graphic mimeType="jpg" url="%C3%8DBR%205%208vo/25/THUMBNAIL" width="189px" height="300px"/>
			<graphic mimeType="jpg" url="%C3%8DBR%205%208vo/25/SECONDARY_DISPLAY" width="1312px" height="2088px"/>
			<graphic mimeType="pdf" url="%C3%8DBR%205%208vo/25/WEB_DISPLAY"/>
		</surface>
		<surface xml:id="IBR08-0005-0012r" n="26">
			<desc>0012r</desc>
			<graphic mimeType="pdf" url="%C3%8DBR%205%208vo/26/HIGH_QUALITY_DISPLAY"/>
			<graphic mimeType="jpg" url="%C3%8DBR%205%208vo/26/THUMBNAIL" width="189px" height="300px"/>
			<graphic mimeType="jpg" url="%C3%8DBR%205%208vo/26/SECONDARY_DISPLAY" width="1312px" height="2088px"/>
			<graphic mimeType="pdf" url="%C3%8DBR%205%208vo/26/WEB_DISPLAY"/>
		</surface>
		<surface xml:id="IBR08-0005-0012v" n="27">
			<desc>0012v</desc>
			<graphic mimeType="pdf" url="%C3%8DBR%205%208vo/27/HIGH_QUALITY_DISPLAY"/>
			<graphic mimeType="jpg" url="%C3%8DBR%205%208vo/27/THUMBNAIL" width="189px" height="300px"/>
			<graphic mimeType="jpg" url="%C3%8DBR%205%208vo/27/SECONDARY_DISPLAY" width="1312px" height="2088px"/>
			<graphic mimeType="pdf" url="%C3%8DBR%205%208vo/27/WEB_DISPLAY"/>
		</surface>
		<surface xml:id="IBR08-0005-0013r" n="28">
			<desc>0013r</desc>
			<graphic mimeType="pdf" url="%C3%8DBR%205%208vo/28/HIGH_QUALITY_DISPLAY"/>
			<graphic mimeType="jpg" url="%C3%8DBR%205%208vo/28/THUMBNAIL" width="189px" height="300px"/>
			<graphic mimeType="jpg" url="%C3%8DBR%205%208vo/28/SECONDARY_DISPLAY" width="1312px" height="2088px"/>
			<graphic mimeType="pdf" url="%C3%8DBR%205%208vo/28/WEB_DISPLAY"/>
		</surface>
		<surface xml:id="IBR08-0005-0013v" n="29">
			<desc>0013v</desc>
			<graphic mimeType="pdf" url="%C3%8DBR%205%208vo/29/HIGH_QUALITY_DISPLAY"/>
			<graphic mimeType="jpg" url="%C3%8DBR%205%208vo/29/THUMBNAIL" width="189px" height="300px"/>
			<graphic mimeType="jpg" url="%C3%8DBR%205%208vo/29/SECONDARY_DISPLAY" width="1312px" height="2088px"/>
			<graphic mimeType="pdf" url="%C3%8DBR%205%208vo/29/WEB_DISPLAY"/>
		</surface>
		<surface xml:id="IBR08-0005-0014r" n="30">
			<desc>0014r</desc>
			<graphic mimeType="pdf" url="%C3%8DBR%205%208vo/30/HIGH_QUALITY_DISPLAY"/>
			<graphic mimeType="jpg" url="%C3%8DBR%205%208vo/30/THUMBNAIL" width="189px" height="300px"/>
			<graphic mimeType="jpg" url="%C3%8DBR%205%208vo/30/SECONDARY_DISPLAY" width="1312px" height="2088px"/>
			<graphic mimeType="pdf" url="%C3%8DBR%205%208vo/30/WEB_DISPLAY"/>
		</surface>
		<surface xml:id="IBR08-0005-0014v" n="31">
			<desc>0014v</desc>
			<graphic mimeType="pdf" url="%C3%8DBR%205%208vo/31/HIGH_QUALITY_DISPLAY"/>
			<graphic mimeType="jpg" url="%C3%8DBR%205%208vo/31/THUMBNAIL" width="189px" height="300px"/>
			<graphic mimeType="jpg" url="%C3%8DBR%205%208vo/31/SECONDARY_DISPLAY" width="1312px" height="2088px"/>
			<graphic mimeType="pdf" url="%C3%8DBR%205%208vo/31/WEB_DISPLAY"/>
		</surface>
		<surface xml:id="IBR08-0005-0015r" n="32">
			<desc>0015r</desc>
			<graphic mimeType="pdf" url="%C3%8DBR%205%208vo/32/HIGH_QUALITY_DISPLAY"/>
			<graphic mimeType="jpg" url="%C3%8DBR%205%208vo/32/THUMBNAIL" width="189px" height="300px"/>
			<graphic mimeType="jpg" url="%C3%8DBR%205%208vo/32/SECONDARY_DISPLAY" width="1312px" height="2088px"/>
			<graphic mimeType="pdf" url="%C3%8DBR%205%208vo/32/WEB_DISPLAY"/>
		</surface>
		<surface xml:id="IBR08-0005-0015v" n="33">
			<desc>0015v</desc>
			<graphic mimeType="pdf" url="%C3%8DBR%205%208vo/33/HIGH_QUALITY_DISPLAY"/>
			<graphic mimeType="jpg" url="%C3%8DBR%205%208vo/33/THUMBNAIL" width="189px" height="300px"/>
			<graphic mimeType="jpg" url="%C3%8DBR%205%208vo/33/SECONDARY_DISPLAY" width="1312px" height="2088px"/>
			<graphic mimeType="pdf" url="%C3%8DBR%205%208vo/33/WEB_DISPLAY"/>
		</surface>
		<surface xml:id="IBR08-0005-0016r" n="34">
			<desc>0016r</desc>
			<graphic mimeType="pdf" url="%C3%8DBR%205%208vo/34/HIGH_QUALITY_DISPLAY"/>
			<graphic mimeType="jpg" url="%C3%8DBR%205%208vo/34/THUMBNAIL" width="189px" height="300px"/>
			<graphic mimeType="jpg" url="%C3%8DBR%205%208vo/34/SECONDARY_DISPLAY" width="1312px" height="2088px"/>
			<graphic mimeType="pdf" url="%C3%8DBR%205%208vo/34/WEB_DISPLAY"/>
		</surface>
		<surface xml:id="IBR08-0005-0016v" n="35">
			<desc>0016v</desc>
			<graphic mimeType="pdf" url="%C3%8DBR%205%208vo/35/HIGH_QUALITY_DISPLAY"/>
			<graphic mimeType="jpg" url="%C3%8DBR%205%208vo/35/THUMBNAIL" width="189px" height="300px"/>
			<graphic mimeType="jpg" url="%C3%8DBR%205%208vo/35/SECONDARY_DISPLAY" width="1312px" height="2088px"/>
			<graphic mimeType="pdf" url="%C3%8DBR%205%208vo/35/WEB_DISPLAY"/>
		</surface>
		<surface xml:id="IBR08-0005-0017r" n="36">
			<desc>0017r</desc>
			<graphic mimeType="pdf" url="%C3%8DBR%205%208vo/36/HIGH_QUALITY_DISPLAY"/>
			<graphic mimeType="jpg" url="%C3%8DBR%205%208vo/36/THUMBNAIL" width="189px" height="300px"/>
			<graphic mimeType="jpg" url="%C3%8DBR%205%208vo/36/SECONDARY_DISPLAY" width="1312px" height="2088px"/>
			<graphic mimeType="pdf" url="%C3%8DBR%205%208vo/36/WEB_DISPLAY"/>
		</surface>
		<surface xml:id="IBR08-0005-0017v" n="37">
			<desc>0017v</desc>
			<graphic mimeType="pdf" url="%C3%8DBR%205%208vo/37/HIGH_QUALITY_DISPLAY"/>
			<graphic mimeType="jpg" url="%C3%8DBR%205%208vo/37/THUMBNAIL" width="189px" height="300px"/>
			<graphic mimeType="jpg" url="%C3%8DBR%205%208vo/37/SECONDARY_DISPLAY" width="1312px" height="2088px"/>
			<graphic mimeType="pdf" url="%C3%8DBR%205%208vo/37/WEB_DISPLAY"/>
		</surface>
		<surface xml:id="IBR08-0005-0018r" n="38">
			<desc>0018r</desc>
			<graphic mimeType="pdf" url="%C3%8DBR%205%208vo/38/HIGH_QUALITY_DISPLAY"/>
			<graphic mimeType="jpg" url="%C3%8DBR%205%208vo/38/THUMBNAIL" width="189px" height="300px"/>
			<graphic mimeType="jpg" url="%C3%8DBR%205%208vo/38/SECONDARY_DISPLAY" width="1312px" height="2088px"/>
			<graphic mimeType="pdf" url="%C3%8DBR%205%208vo/38/WEB_DISPLAY"/>
		</surface>
		<surface xml:id="IBR08-0005-0018v" n="39">
			<desc>0018v</desc>
			<graphic mimeType="pdf" url="%C3%8DBR%205%208vo/39/HIGH_QUALITY_DISPLAY"/>
			<graphic mimeType="jpg" url="%C3%8DBR%205%208vo/39/THUMBNAIL" width="189px" height="300px"/>
			<graphic mimeType="jpg" url="%C3%8DBR%205%208vo/39/SECONDARY_DISPLAY" width="1312px" height="2088px"/>
			<graphic mimeType="pdf" url="%C3%8DBR%205%208vo/39/WEB_DISPLAY"/>
		</surface>
		<surface xml:id="IBR08-0005-0019r" n="40">
			<desc>0019r</desc>
			<graphic mimeType="pdf" url="%C3%8DBR%205%208vo/40/HIGH_QUALITY_DISPLAY"/>
			<graphic mimeType="jpg" url="%C3%8DBR%205%208vo/40/THUMBNAIL" width="189px" height="300px"/>
			<graphic mimeType="jpg" url="%C3%8DBR%205%208vo/40/SECONDARY_DISPLAY" width="1312px" height="2088px"/>
			<graphic mimeType="pdf" url="%C3%8DBR%205%208vo/40/WEB_DISPLAY"/>
		</surface>
		<surface xml:id="IBR08-0005-0019v" n="41">
			<desc>0019v</desc>
			<graphic mimeType="pdf" url="%C3%8DBR%205%208vo/41/HIGH_QUALITY_DISPLAY"/>
			<graphic mimeType="jpg" url="%C3%8DBR%205%208vo/41/THUMBNAIL" width="189px" height="300px"/>
			<graphic mimeType="jpg" url="%C3%8DBR%205%208vo/41/SECONDARY_DISPLAY" width="1312px" height="2088px"/>
			<graphic mimeType="pdf" url="%C3%8DBR%205%208vo/41/WEB_DISPLAY"/>
		</surface>
		<surface xml:id="IBR08-0005-0020r" n="42">
			<desc>0020r</desc>
			<graphic mimeType="pdf" url="%C3%8DBR%205%208vo/42/HIGH_QUALITY_DISPLAY"/>
			<graphic mimeType="jpg" url="%C3%8DBR%205%208vo/42/THUMBNAIL" width="189px" height="300px"/>
			<graphic mimeType="jpg" url="%C3%8DBR%205%208vo/42/SECONDARY_DISPLAY" width="1312px" height="2088px"/>
			<graphic mimeType="pdf" url="%C3%8DBR%205%208vo/42/WEB_DISPLAY"/>
		</surface>
		<surface xml:id="IBR08-0005-0020v" n="43">
			<desc>0020v</desc>
			<graphic mimeType="pdf" url="%C3%8DBR%205%208vo/43/HIGH_QUALITY_DISPLAY"/>
			<graphic mimeType="jpg" url="%C3%8DBR%205%208vo/43/THUMBNAIL" width="189px" height="300px"/>
			<graphic mimeType="jpg" url="%C3%8DBR%205%208vo/43/SECONDARY_DISPLAY" width="1312px" height="2088px"/>
			<graphic mimeType="pdf" url="%C3%8DBR%205%208vo/43/WEB_DISPLAY"/>
		</surface>
		<surface xml:id="IBR08-0005-0021r" n="44">
			<desc>0021r</desc>
			<graphic mimeType="pdf" url="%C3%8DBR%205%208vo/44/HIGH_QUALITY_DISPLAY"/>
			<graphic mimeType="jpg" url="%C3%8DBR%205%208vo/44/THUMBNAIL" width="189px" height="300px"/>
			<graphic mimeType="jpg" url="%C3%8DBR%205%208vo/44/SECONDARY_DISPLAY" width="1312px" height="2088px"/>
			<graphic mimeType="pdf" url="%C3%8DBR%205%208vo/44/WEB_DISPLAY"/>
		</surface>
		<surface xml:id="IBR08-0005-0021v" n="45">
			<desc>0021v</desc>
			<graphic mimeType="pdf" url="%C3%8DBR%205%208vo/45/HIGH_QUALITY_DISPLAY"/>
			<graphic mimeType="jpg" url="%C3%8DBR%205%208vo/45/THUMBNAIL" width="189px" height="300px"/>
			<graphic mimeType="jpg" url="%C3%8DBR%205%208vo/45/SECONDARY_DISPLAY" width="1312px" height="2088px"/>
			<graphic mimeType="pdf" url="%C3%8DBR%205%208vo/45/WEB_DISPLAY"/>
		</surface>
		<surface xml:id="IBR08-0005-0022r" n="46">
			<desc>0022r</desc>
			<graphic mimeType="pdf" url="%C3%8DBR%205%208vo/46/HIGH_QUALITY_DISPLAY"/>
			<graphic mimeType="jpg" url="%C3%8DBR%205%208vo/46/THUMBNAIL" width="189px" height="300px"/>
			<graphic mimeType="jpg" url="%C3%8DBR%205%208vo/46/SECONDARY_DISPLAY" width="1312px" height="2088px"/>
			<graphic mimeType="pdf" url="%C3%8DBR%205%208vo/46/WEB_DISPLAY"/>
		</surface>
		<surface xml:id="IBR08-0005-0022v" n="47">
			<desc>0022v</desc>
			<graphic mimeType="pdf" url="%C3%8DBR%205%208vo/47/HIGH_QUALITY_DISPLAY"/>
			<graphic mimeType="jpg" url="%C3%8DBR%205%208vo/47/THUMBNAIL" width="189px" height="300px"/>
			<graphic mimeType="jpg" url="%C3%8DBR%205%208vo/47/SECONDARY_DISPLAY" width="1312px" height="2088px"/>
			<graphic mimeType="pdf" url="%C3%8DBR%205%208vo/47/WEB_DISPLAY"/>
		</surface>
		<surface xml:id="IBR08-0005-0023r" n="48">
			<desc>0023r</desc>
			<graphic mimeType="pdf" url="%C3%8DBR%205%208vo/48/HIGH_QUALITY_DISPLAY"/>
			<graphic mimeType="jpg" url="%C3%8DBR%205%208vo/48/THUMBNAIL" width="189px" height="300px"/>
			<graphic mimeType="jpg" url="%C3%8DBR%205%208vo/48/SECONDARY_DISPLAY" width="1312px" height="2088px"/>
			<graphic mimeType="pdf" url="%C3%8DBR%205%208vo/48/WEB_DISPLAY"/>
		</surface>
		<surface xml:id="IBR08-0005-0023v" n="49">
			<desc>0023v</desc>
			<graphic mimeType="pdf" url="%C3%8DBR%205%208vo/49/HIGH_QUALITY_DISPLAY"/>
			<graphic mimeType="jpg" url="%C3%8DBR%205%208vo/49/THUMBNAIL" width="189px" height="300px"/>
			<graphic mimeType="jpg" url="%C3%8DBR%205%208vo/49/SECONDARY_DISPLAY" width="1312px" height="2088px"/>
			<graphic mimeType="pdf" url="%C3%8DBR%205%208vo/49/WEB_DISPLAY"/>
		</surface>
		<surface xml:id="IBR08-0005-0024r" n="50">
			<desc>0024r</desc>
			<graphic mimeType="pdf" url="%C3%8DBR%205%208vo/50/HIGH_QUALITY_DISPLAY"/>
			<graphic mimeType="jpg" url="%C3%8DBR%205%208vo/50/THUMBNAIL" width="189px" height="300px"/>
			<graphic mimeType="jpg" url="%C3%8DBR%205%208vo/50/SECONDARY_DISPLAY" width="1312px" height="2088px"/>
			<graphic mimeType="pdf" url="%C3%8DBR%205%208vo/50/WEB_DISPLAY"/>
		</surface>
		<surface xml:id="IBR08-0005-0024v" n="51">
			<desc>0024v</desc>
			<graphic mimeType="pdf" url="%C3%8DBR%205%208vo/51/HIGH_QUALITY_DISPLAY"/>
			<graphic mimeType="jpg" url="%C3%8DBR%205%208vo/51/THUMBNAIL" width="189px" height="300px"/>
			<graphic mimeType="jpg" url="%C3%8DBR%205%208vo/51/SECONDARY_DISPLAY" width="1312px" height="2088px"/>
			<graphic mimeType="pdf" url="%C3%8DBR%205%208vo/51/WEB_DISPLAY"/>
		</surface>
		<surface xml:id="IBR08-0005-0025r" n="52">
			<desc>0025r</desc>
			<graphic mimeType="pdf" url="%C3%8DBR%205%208vo/52/HIGH_QUALITY_DISPLAY"/>
			<graphic mimeType="jpg" url="%C3%8DBR%205%208vo/52/THUMBNAIL" width="189px" height="300px"/>
			<graphic mimeType="jpg" url="%C3%8DBR%205%208vo/52/SECONDARY_DISPLAY" width="1312px" height="2088px"/>
			<graphic mimeType="pdf" url="%C3%8DBR%205%208vo/52/WEB_DISPLAY"/>
		</surface>
		<surface xml:id="IBR08-0005-0025v" n="53">
			<desc>0025v</desc>
			<graphic mimeType="pdf" url="%C3%8DBR%205%208vo/53/HIGH_QUALITY_DISPLAY"/>
			<graphic mimeType="jpg" url="%C3%8DBR%205%208vo/53/THUMBNAIL" width="189px" height="300px"/>
			<graphic mimeType="jpg" url="%C3%8DBR%205%208vo/53/SECONDARY_DISPLAY" width="1312px" height="2088px"/>
			<graphic mimeType="pdf" url="%C3%8DBR%205%208vo/53/WEB_DISPLAY"/>
		</surface>
		<surface xml:id="IBR08-0005-0026r" n="54">
			<desc>0026r</desc>
			<graphic mimeType="pdf" url="%C3%8DBR%205%208vo/54/HIGH_QUALITY_DISPLAY"/>
			<graphic mimeType="jpg" url="%C3%8DBR%205%208vo/54/THUMBNAIL" width="189px" height="300px"/>
			<graphic mimeType="jpg" url="%C3%8DBR%205%208vo/54/SECONDARY_DISPLAY" width="1312px" height="2088px"/>
			<graphic mimeType="pdf" url="%C3%8DBR%205%208vo/54/WEB_DISPLAY"/>
		</surface>
		<surface xml:id="IBR08-0005-0026v" n="55">
			<desc>0026v</desc>
			<graphic mimeType="pdf" url="%C3%8DBR%205%208vo/55/HIGH_QUALITY_DISPLAY"/>
			<graphic mimeType="jpg" url="%C3%8DBR%205%208vo/55/THUMBNAIL" width="189px" height="300px"/>
			<graphic mimeType="jpg" url="%C3%8DBR%205%208vo/55/SECONDARY_DISPLAY" width="1312px" height="2088px"/>
			<graphic mimeType="pdf" url="%C3%8DBR%205%208vo/55/WEB_DISPLAY"/>
		</surface>
		<surface xml:id="IBR08-0005-0027r" n="56">
			<desc>0027r</desc>
			<graphic mimeType="pdf" url="%C3%8DBR%205%208vo/56/HIGH_QUALITY_DISPLAY"/>
			<graphic mimeType="jpg" url="%C3%8DBR%205%208vo/56/THUMBNAIL" width="189px" height="300px"/>
			<graphic mimeType="jpg" url="%C3%8DBR%205%208vo/56/SECONDARY_DISPLAY" width="1312px" height="2088px"/>
			<graphic mimeType="pdf" url="%C3%8DBR%205%208vo/56/WEB_DISPLAY"/>
		</surface>
		<surface xml:id="IBR08-0005-0027v" n="57">
			<desc>0027v</desc>
			<graphic mimeType="pdf" url="%C3%8DBR%205%208vo/57/HIGH_QUALITY_DISPLAY"/>
			<graphic mimeType="jpg" url="%C3%8DBR%205%208vo/57/THUMBNAIL" width="189px" height="300px"/>
			<graphic mimeType="jpg" url="%C3%8DBR%205%208vo/57/SECONDARY_DISPLAY" width="1312px" height="2088px"/>
			<graphic mimeType="pdf" url="%C3%8DBR%205%208vo/57/WEB_DISPLAY"/>
		</surface>
		<surface xml:id="IBR08-0005-0028r" n="58">
			<desc>0028r</desc>
			<graphic mimeType="pdf" url="%C3%8DBR%205%208vo/58/HIGH_QUALITY_DISPLAY"/>
			<graphic mimeType="jpg" url="%C3%8DBR%205%208vo/58/THUMBNAIL" width="189px" height="300px"/>
			<graphic mimeType="jpg" url="%C3%8DBR%205%208vo/58/SECONDARY_DISPLAY" width="1312px" height="2088px"/>
			<graphic mimeType="pdf" url="%C3%8DBR%205%208vo/58/WEB_DISPLAY"/>
		</surface>
		<surface xml:id="IBR08-0005-0028v" n="59">
			<desc>0028v</desc>
			<graphic mimeType="pdf" url="%C3%8DBR%205%208vo/59/HIGH_QUALITY_DISPLAY"/>
			<graphic mimeType="jpg" url="%C3%8DBR%205%208vo/59/THUMBNAIL" width="189px" height="300px"/>
			<graphic mimeType="jpg" url="%C3%8DBR%205%208vo/59/SECONDARY_DISPLAY" width="1312px" height="2088px"/>
			<graphic mimeType="pdf" url="%C3%8DBR%205%208vo/59/WEB_DISPLAY"/>
		</surface>
		<surface xml:id="IBR08-0005-0029r" n="60">
			<desc>0029r</desc>
			<graphic mimeType="pdf" url="%C3%8DBR%205%208vo/60/HIGH_QUALITY_DISPLAY"/>
			<graphic mimeType="jpg" url="%C3%8DBR%205%208vo/60/THUMBNAIL" width="189px" height="300px"/>
			<graphic mimeType="jpg" url="%C3%8DBR%205%208vo/60/SECONDARY_DISPLAY" width="1312px" height="2088px"/>
			<graphic mimeType="pdf" url="%C3%8DBR%205%208vo/60/WEB_DISPLAY"/>
		</surface>
		<surface xml:id="IBR08-0005-0029v" n="61">
			<desc>0029v</desc>
			<graphic mimeType="pdf" url="%C3%8DBR%205%208vo/61/HIGH_QUALITY_DISPLAY"/>
			<graphic mimeType="jpg" url="%C3%8DBR%205%208vo/61/THUMBNAIL" width="190px" height="300px"/>
			<graphic mimeType="jpg" url="%C3%8DBR%205%208vo/61/SECONDARY_DISPLAY" width="1325px" height="2088px"/>
			<graphic mimeType="pdf" url="%C3%8DBR%205%208vo/61/WEB_DISPLAY"/>
		</surface>
		<surface xml:id="IBR08-0005-0030r" n="62">
			<desc>0030r</desc>
			<graphic mimeType="pdf" url="%C3%8DBR%205%208vo/62/HIGH_QUALITY_DISPLAY"/>
			<graphic mimeType="jpg" url="%C3%8DBR%205%208vo/62/THUMBNAIL" width="190px" height="300px"/>
			<graphic mimeType="jpg" url="%C3%8DBR%205%208vo/62/SECONDARY_DISPLAY" width="1325px" height="2088px"/>
			<graphic mimeType="pdf" url="%C3%8DBR%205%208vo/62/WEB_DISPLAY"/>
		</surface>
		<surface xml:id="IBR08-0005-0030v" n="63">
			<desc>0030v</desc>
			<graphic mimeType="pdf" url="%C3%8DBR%205%208vo/63/HIGH_QUALITY_DISPLAY"/>
			<graphic mimeType="jpg" url="%C3%8DBR%205%208vo/63/THUMBNAIL" width="190px" height="300px"/>
			<graphic mimeType="jpg" url="%C3%8DBR%205%208vo/63/SECONDARY_DISPLAY" width="1325px" height="2088px"/>
			<graphic mimeType="pdf" url="%C3%8DBR%205%208vo/63/WEB_DISPLAY"/>
		</surface>
		<surface xml:id="IBR08-0005-0031r" n="64">
			<desc>0031r</desc>
			<graphic mimeType="pdf" url="%C3%8DBR%205%208vo/64/HIGH_QUALITY_DISPLAY"/>
			<graphic mimeType="jpg" url="%C3%8DBR%205%208vo/64/THUMBNAIL" width="190px" height="300px"/>
			<graphic mimeType="jpg" url="%C3%8DBR%205%208vo/64/SECONDARY_DISPLAY" width="1325px" height="2088px"/>
			<graphic mimeType="pdf" url="%C3%8DBR%205%208vo/64/WEB_DISPLAY"/>
		</surface>
		<surface xml:id="IBR08-0005-0031v" n="65">
			<desc>0031v</desc>
			<graphic mimeType="pdf" url="%C3%8DBR%205%208vo/65/HIGH_QUALITY_DISPLAY"/>
			<graphic mimeType="jpg" url="%C3%8DBR%205%208vo/65/THUMBNAIL" width="190px" height="300px"/>
			<graphic mimeType="jpg" url="%C3%8DBR%205%208vo/65/SECONDARY_DISPLAY" width="1325px" height="2088px"/>
			<graphic mimeType="pdf" url="%C3%8DBR%205%208vo/65/WEB_DISPLAY"/>
		</surface>
		<surface xml:id="IBR08-0005-0032r" n="66">
			<desc>0032r</desc>
			<graphic mimeType="pdf" url="%C3%8DBR%205%208vo/66/HIGH_QUALITY_DISPLAY"/>
			<graphic mimeType="jpg" url="%C3%8DBR%205%208vo/66/THUMBNAIL" width="190px" height="300px"/>
			<graphic mimeType="jpg" url="%C3%8DBR%205%208vo/66/SECONDARY_DISPLAY" width="1325px" height="2088px"/>
			<graphic mimeType="pdf" url="%C3%8DBR%205%208vo/66/WEB_DISPLAY"/>
		</surface>
		<surface xml:id="IBR08-0005-0032v" n="67">
			<desc>0032v</desc>
			<graphic mimeType="pdf" url="%C3%8DBR%205%208vo/67/HIGH_QUALITY_DISPLAY"/>
			<graphic mimeType="jpg" url="%C3%8DBR%205%208vo/67/THUMBNAIL" width="190px" height="300px"/>
			<graphic mimeType="jpg" url="%C3%8DBR%205%208vo/67/SECONDARY_DISPLAY" width="1325px" height="2088px"/>
			<graphic mimeType="pdf" url="%C3%8DBR%205%208vo/67/WEB_DISPLAY"/>
		</surface>
		<surface xml:id="IBR08-0005-0033r" n="68">
			<desc>0033r</desc>
			<graphic mimeType="pdf" url="%C3%8DBR%205%208vo/68/HIGH_QUALITY_DISPLAY"/>
			<graphic mimeType="jpg" url="%C3%8DBR%205%208vo/68/THUMBNAIL" width="190px" height="300px"/>
			<graphic mimeType="jpg" url="%C3%8DBR%205%208vo/68/SECONDARY_DISPLAY" width="1325px" height="2088px"/>
			<graphic mimeType="pdf" url="%C3%8DBR%205%208vo/68/WEB_DISPLAY"/>
		</surface>
		<surface xml:id="IBR08-0005-0033v" n="69">
			<desc>0033v</desc>
			<graphic mimeType="pdf" url="%C3%8DBR%205%208vo/69/HIGH_QUALITY_DISPLAY"/>
			<graphic mimeType="jpg" url="%C3%8DBR%205%208vo/69/THUMBNAIL" width="190px" height="300px"/>
			<graphic mimeType="jpg" url="%C3%8DBR%205%208vo/69/SECONDARY_DISPLAY" width="1325px" height="2088px"/>
			<graphic mimeType="pdf" url="%C3%8DBR%205%208vo/69/WEB_DISPLAY"/>
		</surface>
		<surface xml:id="IBR08-0005-0034r" n="70">
			<desc>0034r</desc>
			<graphic mimeType="pdf" url="%C3%8DBR%205%208vo/70/HIGH_QUALITY_DISPLAY"/>
			<graphic mimeType="jpg" url="%C3%8DBR%205%208vo/70/THUMBNAIL" width="190px" height="300px"/>
			<graphic mimeType="jpg" url="%C3%8DBR%205%208vo/70/SECONDARY_DISPLAY" width="1325px" height="2088px"/>
			<graphic mimeType="pdf" url="%C3%8DBR%205%208vo/70/WEB_DISPLAY"/>
		</surface>
		<surface xml:id="IBR08-0005-0034v" n="71">
			<desc>0034v</desc>
			<graphic mimeType="pdf" url="%C3%8DBR%205%208vo/71/HIGH_QUALITY_DISPLAY"/>
			<graphic mimeType="jpg" url="%C3%8DBR%205%208vo/71/THUMBNAIL" width="190px" height="300px"/>
			<graphic mimeType="jpg" url="%C3%8DBR%205%208vo/71/SECONDARY_DISPLAY" width="1325px" height="2088px"/>
			<graphic mimeType="pdf" url="%C3%8DBR%205%208vo/71/WEB_DISPLAY"/>
		</surface>
		<surface xml:id="IBR08-0005-0035r" n="72">
			<desc>0035r</desc>
			<graphic mimeType="pdf" url="%C3%8DBR%205%208vo/72/HIGH_QUALITY_DISPLAY"/>
			<graphic mimeType="jpg" url="%C3%8DBR%205%208vo/72/THUMBNAIL" width="190px" height="300px"/>
			<graphic mimeType="jpg" url="%C3%8DBR%205%208vo/72/SECONDARY_DISPLAY" width="1325px" height="2088px"/>
			<graphic mimeType="pdf" url="%C3%8DBR%205%208vo/72/WEB_DISPLAY"/>
		</surface>
		<surface xml:id="IBR08-0005-0035v" n="73">
			<desc>0035v</desc>
			<graphic mimeType="pdf" url="%C3%8DBR%205%208vo/73/HIGH_QUALITY_DISPLAY"/>
			<graphic mimeType="jpg" url="%C3%8DBR%205%208vo/73/THUMBNAIL" width="190px" height="300px"/>
			<graphic mimeType="jpg" url="%C3%8DBR%205%208vo/73/SECONDARY_DISPLAY" width="1325px" height="2088px"/>
			<graphic mimeType="pdf" url="%C3%8DBR%205%208vo/73/WEB_DISPLAY"/>
		</surface>
		<surface xml:id="IBR08-0005-0036r" n="74">
			<desc>0036r</desc>
			<graphic mimeType="pdf" url="%C3%8DBR%205%208vo/74/HIGH_QUALITY_DISPLAY"/>
			<graphic mimeType="jpg" url="%C3%8DBR%205%208vo/74/THUMBNAIL" width="190px" height="300px"/>
			<graphic mimeType="jpg" url="%C3%8DBR%205%208vo/74/SECONDARY_DISPLAY" width="1325px" height="2088px"/>
			<graphic mimeType="pdf" url="%C3%8DBR%205%208vo/74/WEB_DISPLAY"/>
		</surface>
		<surface xml:id="IBR08-0005-0036v" n="75">
			<desc>0036v</desc>
			<graphic mimeType="pdf" url="%C3%8DBR%205%208vo/75/HIGH_QUALITY_DISPLAY"/>
			<graphic mimeType="jpg" url="%C3%8DBR%205%208vo/75/THUMBNAIL" width="190px" height="300px"/>
			<graphic mimeType="jpg" url="%C3%8DBR%205%208vo/75/SECONDARY_DISPLAY" width="1325px" height="2088px"/>
			<graphic mimeType="pdf" url="%C3%8DBR%205%208vo/75/WEB_DISPLAY"/>
		</surface>
		<surface xml:id="IBR08-0005-0037r" n="76">
			<desc>0037r</desc>
			<graphic mimeType="pdf" url="%C3%8DBR%205%208vo/76/HIGH_QUALITY_DISPLAY"/>
			<graphic mimeType="jpg" url="%C3%8DBR%205%208vo/76/THUMBNAIL" width="190px" height="300px"/>
			<graphic mimeType="jpg" url="%C3%8DBR%205%208vo/76/SECONDARY_DISPLAY" width="1325px" height="2088px"/>
			<graphic mimeType="pdf" url="%C3%8DBR%205%208vo/76/WEB_DISPLAY"/>
		</surface>
		<surface xml:id="IBR08-0005-0037v" n="77">
			<desc>0037v</desc>
			<graphic mimeType="pdf" url="%C3%8DBR%205%208vo/77/HIGH_QUALITY_DISPLAY"/>
			<graphic mimeType="jpg" url="%C3%8DBR%205%208vo/77/THUMBNAIL" width="190px" height="300px"/>
			<graphic mimeType="jpg" url="%C3%8DBR%205%208vo/77/SECONDARY_DISPLAY" width="1325px" height="2088px"/>
			<graphic mimeType="pdf" url="%C3%8DBR%205%208vo/77/WEB_DISPLAY"/>
		</surface>
		<surface xml:id="IBR08-0005-0038r" n="78">
			<desc>0038r</desc>
			<graphic mimeType="pdf" url="%C3%8DBR%205%208vo/78/HIGH_QUALITY_DISPLAY"/>
			<graphic mimeType="jpg" url="%C3%8DBR%205%208vo/78/THUMBNAIL" width="190px" height="300px"/>
			<graphic mimeType="jpg" url="%C3%8DBR%205%208vo/78/SECONDARY_DISPLAY" width="1325px" height="2088px"/>
			<graphic mimeType="pdf" url="%C3%8DBR%205%208vo/78/WEB_DISPLAY"/>
		</surface>
		<surface xml:id="IBR08-0005-0038v" n="79">
			<desc>0038v</desc>
			<graphic mimeType="pdf" url="%C3%8DBR%205%208vo/79/HIGH_QUALITY_DISPLAY"/>
			<graphic mimeType="jpg" url="%C3%8DBR%205%208vo/79/THUMBNAIL" width="190px" height="300px"/>
			<graphic mimeType="jpg" url="%C3%8DBR%205%208vo/79/SECONDARY_DISPLAY" width="1325px" height="2088px"/>
			<graphic mimeType="pdf" url="%C3%8DBR%205%208vo/79/WEB_DISPLAY"/>
		</surface>
		<surface xml:id="IBR08-0005-0039r" n="80">
			<desc>0039r</desc>
			<graphic mimeType="pdf" url="%C3%8DBR%205%208vo/80/HIGH_QUALITY_DISPLAY"/>
			<graphic mimeType="jpg" url="%C3%8DBR%205%208vo/80/THUMBNAIL" width="190px" height="300px"/>
			<graphic mimeType="jpg" url="%C3%8DBR%205%208vo/80/SECONDARY_DISPLAY" width="1325px" height="2088px"/>
			<graphic mimeType="pdf" url="%C3%8DBR%205%208vo/80/WEB_DISPLAY"/>
		</surface>
		<surface xml:id="IBR08-0005-0039v" n="81">
			<desc>0039v</desc>
			<graphic mimeType="pdf" url="%C3%8DBR%205%208vo/81/HIGH_QUALITY_DISPLAY"/>
			<graphic mimeType="jpg" url="%C3%8DBR%205%208vo/81/THUMBNAIL" width="190px" height="300px"/>
			<graphic mimeType="jpg" url="%C3%8DBR%205%208vo/81/SECONDARY_DISPLAY" width="1325px" height="2088px"/>
			<graphic mimeType="pdf" url="%C3%8DBR%205%208vo/81/WEB_DISPLAY"/>
		</surface>
		<surface xml:id="IBR08-0005-0040r" n="82">
			<desc>0040r</desc>
			<graphic mimeType="pdf" url="%C3%8DBR%205%208vo/82/HIGH_QUALITY_DISPLAY"/>
			<graphic mimeType="jpg" url="%C3%8DBR%205%208vo/82/THUMBNAIL" width="190px" height="300px"/>
			<graphic mimeType="jpg" url="%C3%8DBR%205%208vo/82/SECONDARY_DISPLAY" width="1325px" height="2088px"/>
			<graphic mimeType="pdf" url="%C3%8DBR%205%208vo/82/WEB_DISPLAY"/>
		</surface>
		<surface xml:id="IBR08-0005-0040v" n="83">
			<desc>0040v</desc>
			<graphic mimeType="pdf" url="%C3%8DBR%205%208vo/83/HIGH_QUALITY_DISPLAY"/>
			<graphic mimeType="jpg" url="%C3%8DBR%205%208vo/83/THUMBNAIL" width="190px" height="300px"/>
			<graphic mimeType="jpg" url="%C3%8DBR%205%208vo/83/SECONDARY_DISPLAY" width="1325px" height="2088px"/>
			<graphic mimeType="pdf" url="%C3%8DBR%205%208vo/83/WEB_DISPLAY"/>
		</surface>
		<surface xml:id="IBR08-0005-0041r" n="84">
			<desc>0041r</desc>
			<graphic mimeType="pdf" url="%C3%8DBR%205%208vo/84/HIGH_QUALITY_DISPLAY"/>
			<graphic mimeType="jpg" url="%C3%8DBR%205%208vo/84/THUMBNAIL" width="190px" height="300px"/>
			<graphic mimeType="jpg" url="%C3%8DBR%205%208vo/84/SECONDARY_DISPLAY" width="1325px" height="2088px"/>
			<graphic mimeType="pdf" url="%C3%8DBR%205%208vo/84/WEB_DISPLAY"/>
		</surface>
		<surface xml:id="IBR08-0005-0041v" n="85">
			<desc>0041v</desc>
			<graphic mimeType="pdf" url="%C3%8DBR%205%208vo/85/HIGH_QUALITY_DISPLAY"/>
			<graphic mimeType="jpg" url="%C3%8DBR%205%208vo/85/THUMBNAIL" width="190px" height="300px"/>
			<graphic mimeType="jpg" url="%C3%8DBR%205%208vo/85/SECONDARY_DISPLAY" width="1325px" height="2088px"/>
			<graphic mimeType="pdf" url="%C3%8DBR%205%208vo/85/WEB_DISPLAY"/>
		</surface>
		<surface xml:id="IBR08-0005-0042r" n="86">
			<desc>0042r</desc>
			<graphic mimeType="pdf" url="%C3%8DBR%205%208vo/86/HIGH_QUALITY_DISPLAY"/>
			<graphic mimeType="jpg" url="%C3%8DBR%205%208vo/86/THUMBNAIL" width="190px" height="300px"/>
			<graphic mimeType="jpg" url="%C3%8DBR%205%208vo/86/SECONDARY_DISPLAY" width="1325px" height="2088px"/>
			<graphic mimeType="pdf" url="%C3%8DBR%205%208vo/86/WEB_DISPLAY"/>
		</surface>
		<surface xml:id="IBR08-0005-0042v" n="87">
			<desc>0042v</desc>
			<graphic mimeType="pdf" url="%C3%8DBR%205%208vo/87/HIGH_QUALITY_DISPLAY"/>
			<graphic mimeType="jpg" url="%C3%8DBR%205%208vo/87/THUMBNAIL" width="190px" height="300px"/>
			<graphic mimeType="jpg" url="%C3%8DBR%205%208vo/87/SECONDARY_DISPLAY" width="1325px" height="2088px"/>
			<graphic mimeType="pdf" url="%C3%8DBR%205%208vo/87/WEB_DISPLAY"/>
		</surface>
		<surface xml:id="IBR08-0005-0043r" n="88">
			<desc>0043r</desc>
			<graphic mimeType="pdf" url="%C3%8DBR%205%208vo/88/HIGH_QUALITY_DISPLAY"/>
			<graphic mimeType="jpg" url="%C3%8DBR%205%208vo/88/THUMBNAIL" width="190px" height="300px"/>
			<graphic mimeType="jpg" url="%C3%8DBR%205%208vo/88/SECONDARY_DISPLAY" width="1325px" height="2088px"/>
			<graphic mimeType="pdf" url="%C3%8DBR%205%208vo/88/WEB_DISPLAY"/>
		</surface>
		<surface xml:id="IBR08-0005-0043v" n="89">
			<desc>0043v</desc>
			<graphic mimeType="pdf" url="%C3%8DBR%205%208vo/89/HIGH_QUALITY_DISPLAY"/>
			<graphic mimeType="jpg" url="%C3%8DBR%205%208vo/89/THUMBNAIL" width="190px" height="300px"/>
			<graphic mimeType="jpg" url="%C3%8DBR%205%208vo/89/SECONDARY_DISPLAY" width="1325px" height="2088px"/>
			<graphic mimeType="pdf" url="%C3%8DBR%205%208vo/89/WEB_DISPLAY"/>
		</surface>
		<surface xml:id="IBR08-0005-0044r" n="90">
			<desc>0044r</desc>
			<graphic mimeType="pdf" url="%C3%8DBR%205%208vo/90/HIGH_QUALITY_DISPLAY"/>
			<graphic mimeType="jpg" url="%C3%8DBR%205%208vo/90/THUMBNAIL" width="190px" height="300px"/>
			<graphic mimeType="jpg" url="%C3%8DBR%205%208vo/90/SECONDARY_DISPLAY" width="1325px" height="2088px"/>
			<graphic mimeType="pdf" url="%C3%8DBR%205%208vo/90/WEB_DISPLAY"/>
		</surface>
		<surface xml:id="IBR08-0005-0044v" n="91">
			<desc>0044v</desc>
			<graphic mimeType="pdf" url="%C3%8DBR%205%208vo/91/HIGH_QUALITY_DISPLAY"/>
			<graphic mimeType="jpg" url="%C3%8DBR%205%208vo/91/THUMBNAIL" width="190px" height="300px"/>
			<graphic mimeType="jpg" url="%C3%8DBR%205%208vo/91/SECONDARY_DISPLAY" width="1325px" height="2088px"/>
			<graphic mimeType="pdf" url="%C3%8DBR%205%208vo/91/WEB_DISPLAY"/>
		</surface>
		<surface xml:id="IBR08-0005-0045r" n="92">
			<desc>0045r</desc>
			<graphic mimeType="pdf" url="%C3%8DBR%205%208vo/92/HIGH_QUALITY_DISPLAY"/>
			<graphic mimeType="jpg" url="%C3%8DBR%205%208vo/92/THUMBNAIL" width="190px" height="300px"/>
			<graphic mimeType="jpg" url="%C3%8DBR%205%208vo/92/SECONDARY_DISPLAY" width="1325px" height="2088px"/>
			<graphic mimeType="pdf" url="%C3%8DBR%205%208vo/92/WEB_DISPLAY"/>
		</surface>
		<surface xml:id="IBR08-0005-0045v" n="93">
			<desc>0045v</desc>
			<graphic mimeType="pdf" url="%C3%8DBR%205%208vo/93/HIGH_QUALITY_DISPLAY"/>
			<graphic mimeType="jpg" url="%C3%8DBR%205%208vo/93/THUMBNAIL" width="190px" height="300px"/>
			<graphic mimeType="jpg" url="%C3%8DBR%205%208vo/93/SECONDARY_DISPLAY" width="1325px" height="2088px"/>
			<graphic mimeType="pdf" url="%C3%8DBR%205%208vo/93/WEB_DISPLAY"/>
		</surface>
		<surface xml:id="IBR08-0005-0046r" n="94">
			<desc>0046r</desc>
			<graphic mimeType="pdf" url="%C3%8DBR%205%208vo/94/HIGH_QUALITY_DISPLAY"/>
			<graphic mimeType="jpg" url="%C3%8DBR%205%208vo/94/THUMBNAIL" width="190px" height="300px"/>
			<graphic mimeType="jpg" url="%C3%8DBR%205%208vo/94/SECONDARY_DISPLAY" width="1325px" height="2088px"/>
			<graphic mimeType="pdf" url="%C3%8DBR%205%208vo/94/WEB_DISPLAY"/>
		</surface>
		<surface xml:id="IBR08-0005-0046v" n="95">
			<desc>0046v</desc>
			<graphic mimeType="pdf" url="%C3%8DBR%205%208vo/95/HIGH_QUALITY_DISPLAY"/>
			<graphic mimeType="jpg" url="%C3%8DBR%205%208vo/95/THUMBNAIL" width="190px" height="300px"/>
			<graphic mimeType="jpg" url="%C3%8DBR%205%208vo/95/SECONDARY_DISPLAY" width="1325px" height="2088px"/>
			<graphic mimeType="pdf" url="%C3%8DBR%205%208vo/95/WEB_DISPLAY"/>
		</surface>
		<surface xml:id="IBR08-0005-0047r" n="96">
			<desc>0047r</desc>
			<graphic mimeType="pdf" url="%C3%8DBR%205%208vo/96/HIGH_QUALITY_DISPLAY"/>
			<graphic mimeType="jpg" url="%C3%8DBR%205%208vo/96/THUMBNAIL" width="190px" height="300px"/>
			<graphic mimeType="jpg" url="%C3%8DBR%205%208vo/96/SECONDARY_DISPLAY" width="1325px" height="2088px"/>
			<graphic mimeType="pdf" url="%C3%8DBR%205%208vo/96/WEB_DISPLAY"/>
		</surface>
		<surface xml:id="IBR08-0005-0047v" n="97">
			<desc>0047v</desc>
			<graphic mimeType="pdf" url="%C3%8DBR%205%208vo/97/HIGH_QUALITY_DISPLAY"/>
			<graphic mimeType="jpg" url="%C3%8DBR%205%208vo/97/THUMBNAIL" width="190px" height="300px"/>
			<graphic mimeType="jpg" url="%C3%8DBR%205%208vo/97/SECONDARY_DISPLAY" width="1325px" height="2088px"/>
			<graphic mimeType="pdf" url="%C3%8DBR%205%208vo/97/WEB_DISPLAY"/>
		</surface>
		<surface xml:id="IBR08-0005-0048r" n="98">
			<desc>0048r</desc>
			<graphic mimeType="pdf" url="%C3%8DBR%205%208vo/98/HIGH_QUALITY_DISPLAY"/>
			<graphic mimeType="jpg" url="%C3%8DBR%205%208vo/98/THUMBNAIL" width="190px" height="300px"/>
			<graphic mimeType="jpg" url="%C3%8DBR%205%208vo/98/SECONDARY_DISPLAY" width="1325px" height="2088px"/>
			<graphic mimeType="pdf" url="%C3%8DBR%205%208vo/98/WEB_DISPLAY"/>
		</surface>
		<surface xml:id="IBR08-0005-0048v" n="99">
			<desc>0048v</desc>
			<graphic mimeType="pdf" url="%C3%8DBR%205%208vo/99/HIGH_QUALITY_DISPLAY"/>
			<graphic mimeType="jpg" url="%C3%8DBR%205%208vo/99/THUMBNAIL" width="190px" height="300px"/>
			<graphic mimeType="jpg" url="%C3%8DBR%205%208vo/99/SECONDARY_DISPLAY" width="1325px" height="2088px"/>
			<graphic mimeType="pdf" url="%C3%8DBR%205%208vo/99/WEB_DISPLAY"/>
		</surface>
		<surface xml:id="IBR08-0005-0049r" n="100">
			<desc>0049r</desc>
			<graphic mimeType="pdf" url="%C3%8DBR%205%208vo/100/HIGH_QUALITY_DISPLAY"/>
			<graphic mimeType="jpg" url="%C3%8DBR%205%208vo/100/THUMBNAIL" width="190px" height="300px"/>
			<graphic mimeType="jpg" url="%C3%8DBR%205%208vo/100/SECONDARY_DISPLAY" width="1325px" height="2088px"/>
			<graphic mimeType="pdf" url="%C3%8DBR%205%208vo/100/WEB_DISPLAY"/>
		</surface>
		<surface xml:id="IBR08-0005-0049v" n="101">
			<desc>0049v</desc>
			<graphic mimeType="pdf" url="%C3%8DBR%205%208vo/101/HIGH_QUALITY_DISPLAY"/>
			<graphic mimeType="jpg" url="%C3%8DBR%205%208vo/101/THUMBNAIL" width="190px" height="300px"/>
			<graphic mimeType="jpg" url="%C3%8DBR%205%208vo/101/SECONDARY_DISPLAY" width="1325px" height="2088px"/>
			<graphic mimeType="pdf" url="%C3%8DBR%205%208vo/101/WEB_DISPLAY"/>
		</surface>
		<surface xml:id="IBR08-0005-0050r" n="102">
			<desc>0050r</desc>
			<graphic mimeType="pdf" url="%C3%8DBR%205%208vo/102/HIGH_QUALITY_DISPLAY"/>
			<graphic mimeType="jpg" url="%C3%8DBR%205%208vo/102/THUMBNAIL" width="190px" height="300px"/>
			<graphic mimeType="jpg" url="%C3%8DBR%205%208vo/102/SECONDARY_DISPLAY" width="1325px" height="2088px"/>
			<graphic mimeType="pdf" url="%C3%8DBR%205%208vo/102/WEB_DISPLAY"/>
		</surface>
		<surface xml:id="IBR08-0005-0050v" n="103">
			<desc>0050v</desc>
			<graphic mimeType="pdf" url="%C3%8DBR%205%208vo/103/HIGH_QUALITY_DISPLAY"/>
			<graphic mimeType="jpg" url="%C3%8DBR%205%208vo/103/THUMBNAIL" width="185px" height="300px"/>
			<graphic mimeType="jpg" url="%C3%8DBR%205%208vo/103/SECONDARY_DISPLAY" width="1272px" height="2061px"/>
			<graphic mimeType="pdf" url="%C3%8DBR%205%208vo/103/WEB_DISPLAY"/>
		</surface>
		<surface xml:id="IBR08-0005-9901r-RFl" n="104">
			<desc>9901r-RFl</desc>
			<graphic mimeType="pdf" url="%C3%8DBR%205%208vo/104/HIGH_QUALITY_DISPLAY"/>
			<graphic mimeType="jpg" url="%C3%8DBR%205%208vo/104/THUMBNAIL" width="185px" height="300px"/>
			<graphic mimeType="jpg" url="%C3%8DBR%205%208vo/104/SECONDARY_DISPLAY" width="1273px" height="2061px"/>
			<graphic mimeType="pdf" url="%C3%8DBR%205%208vo/104/WEB_DISPLAY"/>
		</surface>
		<surface xml:id="IBR08-0005-9901v-RFl" n="105">
			<desc>9901v-RFl</desc>
			<graphic mimeType="pdf" url="%C3%8DBR%205%208vo/105/HIGH_QUALITY_DISPLAY"/>
			<graphic mimeType="jpg" url="%C3%8DBR%205%208vo/105/THUMBNAIL" width="179px" height="300px"/>
			<graphic mimeType="jpg" url="%C3%8DBR%205%208vo/105/SECONDARY_DISPLAY" width="1277px" height="2139px"/>
			<graphic mimeType="pdf" url="%C3%8DBR%205%208vo/105/WEB_DISPLAY"/>
		</surface>
		<surface xml:id="IBR08-0005-9999r-RB" n="106">
			<desc>9999r-RB</desc>
			<graphic mimeType="pdf" url="%C3%8DBR%205%208vo/106/HIGH_QUALITY_DISPLAY"/>
			<graphic mimeType="jpg" url="%C3%8DBR%205%208vo/106/THUMBNAIL" width="179px" height="300px"/>
			<graphic mimeType="jpg" url="%C3%8DBR%205%208vo/106/SECONDARY_DISPLAY" width="1277px" height="2139px"/>
			<graphic mimeType="pdf" url="%C3%8DBR%205%208vo/106/WEB_DISPLAY"/>
		</surface>
		<surface xml:id="IBR08-0005-9999v-RB" n="107">
			<desc>9999v-RB</desc>
			<graphic mimeType="pdf" url="%C3%8DBR%205%208vo/107/HIGH_QUALITY_DISPLAY"/>
			<graphic mimeType="jpg" url="%C3%8DBR%205%208vo/107/THUMBNAIL" width="187px" height="300px"/>
			<graphic mimeType="jpg" url="%C3%8DBR%205%208vo/107/SECONDARY_DISPLAY" width="1376px" height="2204px"/>
			<graphic mimeType="pdf" url="%C3%8DBR%205%208vo/107/WEB_DISPLAY"/>
		</surface>
		<surface xml:id="IBR08-0005-Spine" n="108">
			<desc>Spine</desc>
			<graphic mimeType="pdf" url="%C3%8DBR%205%208vo/108/HIGH_QUALITY_DISPLAY"/>
			<graphic mimeType="jpg" url="%C3%8DBR%205%208vo/108/THUMBNAIL" width="53px" height="300px"/>
			<graphic mimeType="jpg" url="%C3%8DBR%205%208vo/108/SECONDARY_DISPLAY" width="404px" height="2280px"/>
			<graphic mimeType="pdf" url="%C3%8DBR%205%208vo/108/WEB_DISPLAY"/>
		</surface>
		<surface xml:id="IBR08-0005-Fore-Edge" n="109">
			<desc>Fore-Edge</desc>
			<graphic mimeType="pdf" url="%C3%8DBR%205%208vo/109/HIGH_QUALITY_DISPLAY"/>
			<graphic mimeType="jpg" url="%C3%8DBR%205%208vo/109/THUMBNAIL" width="50px" height="300px"/>
			<graphic mimeType="jpg" url="%C3%8DBR%205%208vo/109/SECONDARY_DISPLAY" width="388px" height="2348px"/>
			<graphic mimeType="pdf" url="%C3%8DBR%205%208vo/109/WEB_DISPLAY"/>
		</surface>
		<surface xml:id="IBR08-0005-Head-Edge" n="110">
			<desc>Head-Edge</desc>
			<graphic mimeType="pdf" url="%C3%8DBR%205%208vo/110/HIGH_QUALITY_DISPLAY"/>
			<graphic mimeType="jpg" url="%C3%8DBR%205%208vo/110/THUMBNAIL" width="200px" height="58px"/>
			<graphic mimeType="jpg" url="%C3%8DBR%205%208vo/110/SECONDARY_DISPLAY" width="1499px" height="438px"/>
			<graphic mimeType="pdf" url="%C3%8DBR%205%208vo/110/WEB_DISPLAY"/>
		</surface>
		<surface xml:id="IBR08-0005-Tail-Edge" n="111">
			<desc>Tail-Edge</desc>
			<graphic mimeType="pdf" url="%C3%8DBR%205%208vo/111/HIGH_QUALITY_DISPLAY"/>
			<graphic mimeType="jpg" url="%C3%8DBR%205%208vo/111/THUMBNAIL" width="200px" height="59px"/>
			<graphic mimeType="jpg" url="%C3%8DBR%205%208vo/111/SECONDARY_DISPLAY" width="1511px" height="444px"/>
			<graphic mimeType="pdf" url="%C3%8DBR%205%208vo/111/WEB_DISPLAY"/>
		</surface>
		<surface xml:id="IBR08-0005-Scale" n="112">
			<desc>Scale</desc>
			<graphic mimeType="pdf" url="%C3%8DBR%205%208vo/112/HIGH_QUALITY_DISPLAY"/>
			<graphic mimeType="jpg" url="%C3%8DBR%205%208vo/112/THUMBNAIL" width="167px" height="300px"/>
			<graphic mimeType="jpg" url="%C3%8DBR%205%208vo/112/SECONDARY_DISPLAY" width="1189px" height="2136px"/>
			<graphic mimeType="pdf" url="%C3%8DBR%205%208vo/112/WEB_DISPLAY"/>
		</surface>
		<surface xml:id="IBR08-0005-ccp" n="113">
			<desc>ccp</desc>
			<graphic mimeType="pdf" url="%C3%8DBR%205%208vo/113/HIGH_QUALITY_DISPLAY"/>
			<graphic mimeType="jpg" url="%C3%8DBR%205%208vo/113/THUMBNAIL" width="200px" height="186px"/>
			<graphic mimeType="jpg" url="%C3%8DBR%205%208vo/113/SECONDARY_DISPLAY" width="3594px" height="3348px"/>
			<graphic mimeType="pdf" url="%C3%8DBR%205%208vo/113/WEB_DISPLAY"/>
		</surface>
	</facsimile>
</TEI>