<?xml version="1.0" encoding="UTF-8"?>
<?oxygen RNGSchema="http://www.handrit.is/schema/handrit-1.0.rnc" type="compact"?>
<TEI xmlns="http://www.tei-c.org/ns/1.0">
	<teiHeader>
		<fileDesc>
			<titleStmt>
				<title type="main">ÍBR 11 8vo</title>
				<title type="subordinate"/>
			</titleStmt>
			<publicationStmt>
				<authority>Landsbókasafn Íslands - Háskólabókasafn</authority>
				<pubPlace>Reykjavík</pubPlace>
				<date when="2009-10-01">1. október 2009</date>
				<availability status="restricted">
					<p>Aðgangur aðeins mögulegur í fræðilegum tilgangi.</p>
				</availability>
			</publicationStmt>
			<sourceDesc>
				<msDesc xml:id="IBR08-0011-is" xml:lang="is">
					<msIdentifier>
						<country key="IS">Ísland</country>
						<settlement>Reykjavík</settlement>
						<institution>Landsbókasafn Íslands - Háskólabókasafn</institution>
						<repository>Handritasafn</repository>
						<collection>Handritasafn Reykjavíkurdeildar Hins íslenska bókmenntafélags</collection>
						<idno>ÍBR 11 8vo</idno>
						<altIdentifier type="internal" subtype="PEO">
							<idno>7790</idno>
						</altIdentifier>
						<altIdentifier type="former">
							<idno>ÍBR A. 53</idno>
						</altIdentifier>
					</msIdentifier>
					<msContents>
						<msItem defective="false" class="salm">
							<locus from="1r" facs="#IBR08-0011-0001r" to="85v">1r-85v</locus>
							<title type="supplied">Sálmasafn</title>
						</msItem>
					</msContents>
					
					<physDesc>
						<objectDesc form="codex">
							<supportDesc material="chart">
								<support>
									<p>Pappír.</p>
								</support>
								<extent>ii + 85 + i blöð.</extent>
							</supportDesc>
						</objectDesc>
					</physDesc>
					<history>
						<origin>
							<origPlace>Ísland</origPlace>
							<origDate cert="medium" from="1700" to="1776">1693-1776</origDate>
						</origin>
						<provenance>
							<p><name type="person" key="GudEin005">Guðmundur Einarsson</name>
								sýsluskrifari, gaf Reykjavíkurdeild Hins íslenska bókmenntafélags
								<date when="1865">1865</date>.</p>
							<p>Áður ÍBR. A. 53.</p>
						</provenance>
						<acquisition>
							<p>Landsbókasafn keypti handritasafn Reykjavíkurdeildar Hins íslenska
								bókmenntafélags <date when="1901">1901</date>.</p>
						</acquisition>
					</history>
					<additional>
						<adminInfo>
							<recordHist>
								<source><p> Skráning <name type="person" key="PalOla002">Páls Eggerts
									Ólasonar</name> á handritinu er aðgengileg í ritinu <bibl>
										<ref target="PEO">Skrá um handritasöfn
											Landsbókasafnsins</ref>, </bibl>3. bindi, <ref target="http://baekur.is/bok/000233966/3/248/Skra_um_handritasofn_Bindi_3_Bls_248">bls. 229-230</ref>. 
								</p>; <name type="person" key="OrnHra001">Örn Hrafnkelsson</name>
									frumskráði fyrir myndvinnslu, <date when="2009-10-21">21.
										október 2009</date>.</source>
							</recordHist>
						</adminInfo>
					</additional>
				</msDesc>
			</sourceDesc>
		</fileDesc>
	</teiHeader>
	<facsimile xml:base="https://myndir.handrit.is/file/Handrit.is/">
		<surface xml:id="IBR08-0011-0000r-FB" n="0">
			<desc>0000r-FB</desc>
			<graphic mimeType="pdf" url="%C3%8DBR%2011%208vo/0/HIGH_QUALITY_DISPLAY"/>
			<graphic mimeType="jpg" url="%C3%8DBR%2011%208vo/0/THUMBNAIL" width="195px" height="300px"/>
			<graphic mimeType="jpg" url="%C3%8DBR%2011%208vo/0/SECONDARY_DISPLAY" width="1224px" height="1884px"/>
			<graphic mimeType="pdf" url="%C3%8DBR%2011%208vo/0/WEB_DISPLAY"/>
		</surface>
		<surface xml:id="IBR08-0011-0000v-FB" n="1">
			<desc>0000v-FB</desc>
			<graphic mimeType="pdf" url="%C3%8DBR%2011%208vo/1/HIGH_QUALITY_DISPLAY"/>
			<graphic mimeType="jpg" url="%C3%8DBR%2011%208vo/1/THUMBNAIL" width="192px" height="300px"/>
			<graphic mimeType="jpg" url="%C3%8DBR%2011%208vo/1/SECONDARY_DISPLAY" width="1099px" height="1720px"/>
			<graphic mimeType="pdf" url="%C3%8DBR%2011%208vo/1/WEB_DISPLAY"/>
		</surface>
		<surface xml:id="IBR08-0011-0001r-FFl" n="2">
			<desc>0001r-FFl</desc>
			<graphic mimeType="pdf" url="%C3%8DBR%2011%208vo/2/HIGH_QUALITY_DISPLAY"/>
			<graphic mimeType="jpg" url="%C3%8DBR%2011%208vo/2/THUMBNAIL" width="192px" height="300px"/>
			<graphic mimeType="jpg" url="%C3%8DBR%2011%208vo/2/SECONDARY_DISPLAY" width="1099px" height="1720px"/>
			<graphic mimeType="pdf" url="%C3%8DBR%2011%208vo/2/WEB_DISPLAY"/>
		</surface>
		<surface xml:id="IBR08-0011-0001v-FFl" n="3">
			<desc>0001v-FFl</desc>
			<graphic mimeType="pdf" url="%C3%8DBR%2011%208vo/3/HIGH_QUALITY_DISPLAY"/>
			<graphic mimeType="jpg" url="%C3%8DBR%2011%208vo/3/THUMBNAIL" width="200px" height="300px"/>
			<graphic mimeType="jpg" url="%C3%8DBR%2011%208vo/3/SECONDARY_DISPLAY" width="1101px" height="1656px"/>
			<graphic mimeType="pdf" url="%C3%8DBR%2011%208vo/3/WEB_DISPLAY"/>
		</surface>
		<surface xml:id="IBR08-0011-0002r-FFl" n="4">
			<desc>0002r-FFl</desc>
			<graphic mimeType="pdf" url="%C3%8DBR%2011%208vo/4/HIGH_QUALITY_DISPLAY"/>
			<graphic mimeType="jpg" url="%C3%8DBR%2011%208vo/4/THUMBNAIL" width="200px" height="300px"/>
			<graphic mimeType="jpg" url="%C3%8DBR%2011%208vo/4/SECONDARY_DISPLAY" width="1101px" height="1656px"/>
			<graphic mimeType="pdf" url="%C3%8DBR%2011%208vo/4/WEB_DISPLAY"/>
		</surface>
		<surface xml:id="IBR08-0011-0002v-FFl" n="5">
			<desc>0002v-FFl</desc>
			<graphic mimeType="pdf" url="%C3%8DBR%2011%208vo/5/HIGH_QUALITY_DISPLAY"/>
			<graphic mimeType="jpg" url="%C3%8DBR%2011%208vo/5/THUMBNAIL" width="200px" height="300px"/>
			<graphic mimeType="jpg" url="%C3%8DBR%2011%208vo/5/SECONDARY_DISPLAY" width="1101px" height="1656px"/>
			<graphic mimeType="pdf" url="%C3%8DBR%2011%208vo/5/WEB_DISPLAY"/>
		</surface>
		<surface xml:id="IBR08-0011-0001r" n="6">
			<desc>0001r</desc>
			<graphic mimeType="pdf" url="%C3%8DBR%2011%208vo/6/HIGH_QUALITY_DISPLAY"/>
			<graphic mimeType="jpg" url="%C3%8DBR%2011%208vo/6/THUMBNAIL" width="200px" height="300px"/>
			<graphic mimeType="jpg" url="%C3%8DBR%2011%208vo/6/SECONDARY_DISPLAY" width="1101px" height="1656px"/>
			<graphic mimeType="pdf" url="%C3%8DBR%2011%208vo/6/WEB_DISPLAY"/>
		</surface>
		<surface xml:id="IBR08-0011-0001v" n="7">
			<desc>0001v</desc>
			<graphic mimeType="pdf" url="%C3%8DBR%2011%208vo/7/HIGH_QUALITY_DISPLAY"/>
			<graphic mimeType="jpg" url="%C3%8DBR%2011%208vo/7/THUMBNAIL" width="200px" height="300px"/>
			<graphic mimeType="jpg" url="%C3%8DBR%2011%208vo/7/SECONDARY_DISPLAY" width="1101px" height="1656px"/>
			<graphic mimeType="pdf" url="%C3%8DBR%2011%208vo/7/WEB_DISPLAY"/>
		</surface>
		<surface xml:id="IBR08-0011-0002r" n="8">
			<desc>0002r</desc>
			<graphic mimeType="pdf" url="%C3%8DBR%2011%208vo/8/HIGH_QUALITY_DISPLAY"/>
			<graphic mimeType="jpg" url="%C3%8DBR%2011%208vo/8/THUMBNAIL" width="200px" height="300px"/>
			<graphic mimeType="jpg" url="%C3%8DBR%2011%208vo/8/SECONDARY_DISPLAY" width="1101px" height="1656px"/>
			<graphic mimeType="pdf" url="%C3%8DBR%2011%208vo/8/WEB_DISPLAY"/>
		</surface>
		<surface xml:id="IBR08-0011-0002v" n="9">
			<desc>0002v</desc>
			<graphic mimeType="pdf" url="%C3%8DBR%2011%208vo/9/HIGH_QUALITY_DISPLAY"/>
			<graphic mimeType="jpg" url="%C3%8DBR%2011%208vo/9/THUMBNAIL" width="200px" height="300px"/>
			<graphic mimeType="jpg" url="%C3%8DBR%2011%208vo/9/SECONDARY_DISPLAY" width="1101px" height="1656px"/>
			<graphic mimeType="pdf" url="%C3%8DBR%2011%208vo/9/WEB_DISPLAY"/>
		</surface>
		<surface xml:id="IBR08-0011-0003r" n="10">
			<desc>0003r</desc>
			<graphic mimeType="pdf" url="%C3%8DBR%2011%208vo/10/HIGH_QUALITY_DISPLAY"/>
			<graphic mimeType="jpg" url="%C3%8DBR%2011%208vo/10/THUMBNAIL" width="200px" height="300px"/>
			<graphic mimeType="jpg" url="%C3%8DBR%2011%208vo/10/SECONDARY_DISPLAY" width="1101px" height="1656px"/>
			<graphic mimeType="pdf" url="%C3%8DBR%2011%208vo/10/WEB_DISPLAY"/>
		</surface>
		<surface xml:id="IBR08-0011-0003v" n="11">
			<desc>0003v</desc>
			<graphic mimeType="pdf" url="%C3%8DBR%2011%208vo/11/HIGH_QUALITY_DISPLAY"/>
			<graphic mimeType="jpg" url="%C3%8DBR%2011%208vo/11/THUMBNAIL" width="200px" height="300px"/>
			<graphic mimeType="jpg" url="%C3%8DBR%2011%208vo/11/SECONDARY_DISPLAY" width="1101px" height="1656px"/>
			<graphic mimeType="pdf" url="%C3%8DBR%2011%208vo/11/WEB_DISPLAY"/>
		</surface>
		<surface xml:id="IBR08-0011-0004r" n="12">
			<desc>0004r</desc>
			<graphic mimeType="pdf" url="%C3%8DBR%2011%208vo/12/HIGH_QUALITY_DISPLAY"/>
			<graphic mimeType="jpg" url="%C3%8DBR%2011%208vo/12/THUMBNAIL" width="200px" height="300px"/>
			<graphic mimeType="jpg" url="%C3%8DBR%2011%208vo/12/SECONDARY_DISPLAY" width="1101px" height="1656px"/>
			<graphic mimeType="pdf" url="%C3%8DBR%2011%208vo/12/WEB_DISPLAY"/>
		</surface>
		<surface xml:id="IBR08-0011-0004v" n="13">
			<desc>0004v</desc>
			<graphic mimeType="pdf" url="%C3%8DBR%2011%208vo/13/HIGH_QUALITY_DISPLAY"/>
			<graphic mimeType="jpg" url="%C3%8DBR%2011%208vo/13/THUMBNAIL" width="200px" height="300px"/>
			<graphic mimeType="jpg" url="%C3%8DBR%2011%208vo/13/SECONDARY_DISPLAY" width="1101px" height="1656px"/>
			<graphic mimeType="pdf" url="%C3%8DBR%2011%208vo/13/WEB_DISPLAY"/>
		</surface>
		<surface xml:id="IBR08-0011-0005r" n="14">
			<desc>0005r</desc>
			<graphic mimeType="pdf" url="%C3%8DBR%2011%208vo/14/HIGH_QUALITY_DISPLAY"/>
			<graphic mimeType="jpg" url="%C3%8DBR%2011%208vo/14/THUMBNAIL" width="200px" height="300px"/>
			<graphic mimeType="jpg" url="%C3%8DBR%2011%208vo/14/SECONDARY_DISPLAY" width="1101px" height="1656px"/>
			<graphic mimeType="pdf" url="%C3%8DBR%2011%208vo/14/WEB_DISPLAY"/>
		</surface>
		<surface xml:id="IBR08-0011-0005v" n="15">
			<desc>0005v</desc>
			<graphic mimeType="pdf" url="%C3%8DBR%2011%208vo/15/HIGH_QUALITY_DISPLAY"/>
			<graphic mimeType="jpg" url="%C3%8DBR%2011%208vo/15/THUMBNAIL" width="197px" height="300px"/>
			<graphic mimeType="jpg" url="%C3%8DBR%2011%208vo/15/SECONDARY_DISPLAY" width="1089px" height="1656px"/>
			<graphic mimeType="pdf" url="%C3%8DBR%2011%208vo/15/WEB_DISPLAY"/>
		</surface>
		<surface xml:id="IBR08-0011-0006r" n="16">
			<desc>0006r</desc>
			<graphic mimeType="pdf" url="%C3%8DBR%2011%208vo/16/HIGH_QUALITY_DISPLAY"/>
			<graphic mimeType="jpg" url="%C3%8DBR%2011%208vo/16/THUMBNAIL" width="197px" height="300px"/>
			<graphic mimeType="jpg" url="%C3%8DBR%2011%208vo/16/SECONDARY_DISPLAY" width="1089px" height="1656px"/>
			<graphic mimeType="pdf" url="%C3%8DBR%2011%208vo/16/WEB_DISPLAY"/>
		</surface>
		<surface xml:id="IBR08-0011-0006v" n="17">
			<desc>0006v</desc>
			<graphic mimeType="pdf" url="%C3%8DBR%2011%208vo/17/HIGH_QUALITY_DISPLAY"/>
			<graphic mimeType="jpg" url="%C3%8DBR%2011%208vo/17/THUMBNAIL" width="197px" height="300px"/>
			<graphic mimeType="jpg" url="%C3%8DBR%2011%208vo/17/SECONDARY_DISPLAY" width="1089px" height="1656px"/>
			<graphic mimeType="pdf" url="%C3%8DBR%2011%208vo/17/WEB_DISPLAY"/>
		</surface>
		<surface xml:id="IBR08-0011-0007r" n="18">
			<desc>0007r</desc>
			<graphic mimeType="pdf" url="%C3%8DBR%2011%208vo/18/HIGH_QUALITY_DISPLAY"/>
			<graphic mimeType="jpg" url="%C3%8DBR%2011%208vo/18/THUMBNAIL" width="197px" height="300px"/>
			<graphic mimeType="jpg" url="%C3%8DBR%2011%208vo/18/SECONDARY_DISPLAY" width="1089px" height="1656px"/>
			<graphic mimeType="pdf" url="%C3%8DBR%2011%208vo/18/WEB_DISPLAY"/>
		</surface>
		<surface xml:id="IBR08-0011-0007v" n="19">
			<desc>0007v</desc>
			<graphic mimeType="pdf" url="%C3%8DBR%2011%208vo/19/HIGH_QUALITY_DISPLAY"/>
			<graphic mimeType="jpg" url="%C3%8DBR%2011%208vo/19/THUMBNAIL" width="197px" height="300px"/>
			<graphic mimeType="jpg" url="%C3%8DBR%2011%208vo/19/SECONDARY_DISPLAY" width="1089px" height="1656px"/>
			<graphic mimeType="pdf" url="%C3%8DBR%2011%208vo/19/WEB_DISPLAY"/>
		</surface>
		<surface xml:id="IBR08-0011-0008r" n="20">
			<desc>0008r</desc>
			<graphic mimeType="pdf" url="%C3%8DBR%2011%208vo/20/HIGH_QUALITY_DISPLAY"/>
			<graphic mimeType="jpg" url="%C3%8DBR%2011%208vo/20/THUMBNAIL" width="197px" height="300px"/>
			<graphic mimeType="jpg" url="%C3%8DBR%2011%208vo/20/SECONDARY_DISPLAY" width="1089px" height="1656px"/>
			<graphic mimeType="pdf" url="%C3%8DBR%2011%208vo/20/WEB_DISPLAY"/>
		</surface>
		<surface xml:id="IBR08-0011-0008v" n="21">
			<desc>0008v</desc>
			<graphic mimeType="pdf" url="%C3%8DBR%2011%208vo/21/HIGH_QUALITY_DISPLAY"/>
			<graphic mimeType="jpg" url="%C3%8DBR%2011%208vo/21/THUMBNAIL" width="197px" height="300px"/>
			<graphic mimeType="jpg" url="%C3%8DBR%2011%208vo/21/SECONDARY_DISPLAY" width="1089px" height="1656px"/>
			<graphic mimeType="pdf" url="%C3%8DBR%2011%208vo/21/WEB_DISPLAY"/>
		</surface>
		<surface xml:id="IBR08-0011-0009r" n="22">
			<desc>0009r</desc>
			<graphic mimeType="pdf" url="%C3%8DBR%2011%208vo/22/HIGH_QUALITY_DISPLAY"/>
			<graphic mimeType="jpg" url="%C3%8DBR%2011%208vo/22/THUMBNAIL" width="197px" height="300px"/>
			<graphic mimeType="jpg" url="%C3%8DBR%2011%208vo/22/SECONDARY_DISPLAY" width="1089px" height="1656px"/>
			<graphic mimeType="pdf" url="%C3%8DBR%2011%208vo/22/WEB_DISPLAY"/>
		</surface>
		<surface xml:id="IBR08-0011-0009v" n="23">
			<desc>0009v</desc>
			<graphic mimeType="pdf" url="%C3%8DBR%2011%208vo/23/HIGH_QUALITY_DISPLAY"/>
			<graphic mimeType="jpg" url="%C3%8DBR%2011%208vo/23/THUMBNAIL" width="197px" height="300px"/>
			<graphic mimeType="jpg" url="%C3%8DBR%2011%208vo/23/SECONDARY_DISPLAY" width="1089px" height="1656px"/>
			<graphic mimeType="pdf" url="%C3%8DBR%2011%208vo/23/WEB_DISPLAY"/>
		</surface>
		<surface xml:id="IBR08-0011-0010r" n="24">
			<desc>0010r</desc>
			<graphic mimeType="pdf" url="%C3%8DBR%2011%208vo/24/HIGH_QUALITY_DISPLAY"/>
			<graphic mimeType="jpg" url="%C3%8DBR%2011%208vo/24/THUMBNAIL" width="197px" height="300px"/>
			<graphic mimeType="jpg" url="%C3%8DBR%2011%208vo/24/SECONDARY_DISPLAY" width="1089px" height="1656px"/>
			<graphic mimeType="pdf" url="%C3%8DBR%2011%208vo/24/WEB_DISPLAY"/>
		</surface>
		<surface xml:id="IBR08-0011-0010v" n="25">
			<desc>0010v</desc>
			<graphic mimeType="pdf" url="%C3%8DBR%2011%208vo/25/HIGH_QUALITY_DISPLAY"/>
			<graphic mimeType="jpg" url="%C3%8DBR%2011%208vo/25/THUMBNAIL" width="197px" height="300px"/>
			<graphic mimeType="jpg" url="%C3%8DBR%2011%208vo/25/SECONDARY_DISPLAY" width="1089px" height="1656px"/>
			<graphic mimeType="pdf" url="%C3%8DBR%2011%208vo/25/WEB_DISPLAY"/>
		</surface>
		<surface xml:id="IBR08-0011-0011r" n="26">
			<desc>0011r</desc>
			<graphic mimeType="pdf" url="%C3%8DBR%2011%208vo/26/HIGH_QUALITY_DISPLAY"/>
			<graphic mimeType="jpg" url="%C3%8DBR%2011%208vo/26/THUMBNAIL" width="197px" height="300px"/>
			<graphic mimeType="jpg" url="%C3%8DBR%2011%208vo/26/SECONDARY_DISPLAY" width="1089px" height="1656px"/>
			<graphic mimeType="pdf" url="%C3%8DBR%2011%208vo/26/WEB_DISPLAY"/>
		</surface>
		<surface xml:id="IBR08-0011-0011v" n="27">
			<desc>0011v</desc>
			<graphic mimeType="pdf" url="%C3%8DBR%2011%208vo/27/HIGH_QUALITY_DISPLAY"/>
			<graphic mimeType="jpg" url="%C3%8DBR%2011%208vo/27/THUMBNAIL" width="197px" height="300px"/>
			<graphic mimeType="jpg" url="%C3%8DBR%2011%208vo/27/SECONDARY_DISPLAY" width="1089px" height="1656px"/>
			<graphic mimeType="pdf" url="%C3%8DBR%2011%208vo/27/WEB_DISPLAY"/>
		</surface>
		<surface xml:id="IBR08-0011-0012r" n="28">
			<desc>0012r</desc>
			<graphic mimeType="pdf" url="%C3%8DBR%2011%208vo/28/HIGH_QUALITY_DISPLAY"/>
			<graphic mimeType="jpg" url="%C3%8DBR%2011%208vo/28/THUMBNAIL" width="197px" height="300px"/>
			<graphic mimeType="jpg" url="%C3%8DBR%2011%208vo/28/SECONDARY_DISPLAY" width="1089px" height="1656px"/>
			<graphic mimeType="pdf" url="%C3%8DBR%2011%208vo/28/WEB_DISPLAY"/>
		</surface>
		<surface xml:id="IBR08-0011-0012v" n="29">
			<desc>0012v</desc>
			<graphic mimeType="pdf" url="%C3%8DBR%2011%208vo/29/HIGH_QUALITY_DISPLAY"/>
			<graphic mimeType="jpg" url="%C3%8DBR%2011%208vo/29/THUMBNAIL" width="197px" height="300px"/>
			<graphic mimeType="jpg" url="%C3%8DBR%2011%208vo/29/SECONDARY_DISPLAY" width="1089px" height="1656px"/>
			<graphic mimeType="pdf" url="%C3%8DBR%2011%208vo/29/WEB_DISPLAY"/>
		</surface>
		<surface xml:id="IBR08-0011-0013r" n="30">
			<desc>0013r</desc>
			<graphic mimeType="pdf" url="%C3%8DBR%2011%208vo/30/HIGH_QUALITY_DISPLAY"/>
			<graphic mimeType="jpg" url="%C3%8DBR%2011%208vo/30/THUMBNAIL" width="197px" height="300px"/>
			<graphic mimeType="jpg" url="%C3%8DBR%2011%208vo/30/SECONDARY_DISPLAY" width="1089px" height="1656px"/>
			<graphic mimeType="pdf" url="%C3%8DBR%2011%208vo/30/WEB_DISPLAY"/>
		</surface>
		<surface xml:id="IBR08-0011-0013v" n="31">
			<desc>0013v</desc>
			<graphic mimeType="pdf" url="%C3%8DBR%2011%208vo/31/HIGH_QUALITY_DISPLAY"/>
			<graphic mimeType="jpg" url="%C3%8DBR%2011%208vo/31/THUMBNAIL" width="197px" height="300px"/>
			<graphic mimeType="jpg" url="%C3%8DBR%2011%208vo/31/SECONDARY_DISPLAY" width="1089px" height="1656px"/>
			<graphic mimeType="pdf" url="%C3%8DBR%2011%208vo/31/WEB_DISPLAY"/>
		</surface>
		<surface xml:id="IBR08-0011-0014r" n="32">
			<desc>0014r</desc>
			<graphic mimeType="pdf" url="%C3%8DBR%2011%208vo/32/HIGH_QUALITY_DISPLAY"/>
			<graphic mimeType="jpg" url="%C3%8DBR%2011%208vo/32/THUMBNAIL" width="197px" height="300px"/>
			<graphic mimeType="jpg" url="%C3%8DBR%2011%208vo/32/SECONDARY_DISPLAY" width="1089px" height="1656px"/>
			<graphic mimeType="pdf" url="%C3%8DBR%2011%208vo/32/WEB_DISPLAY"/>
		</surface>
		<surface xml:id="IBR08-0011-0014v" n="33">
			<desc>0014v</desc>
			<graphic mimeType="pdf" url="%C3%8DBR%2011%208vo/33/HIGH_QUALITY_DISPLAY"/>
			<graphic mimeType="jpg" url="%C3%8DBR%2011%208vo/33/THUMBNAIL" width="197px" height="300px"/>
			<graphic mimeType="jpg" url="%C3%8DBR%2011%208vo/33/SECONDARY_DISPLAY" width="1089px" height="1656px"/>
			<graphic mimeType="pdf" url="%C3%8DBR%2011%208vo/33/WEB_DISPLAY"/>
		</surface>
		<surface xml:id="IBR08-0011-0015r" n="34">
			<desc>0015r</desc>
			<graphic mimeType="pdf" url="%C3%8DBR%2011%208vo/34/HIGH_QUALITY_DISPLAY"/>
			<graphic mimeType="jpg" url="%C3%8DBR%2011%208vo/34/THUMBNAIL" width="197px" height="300px"/>
			<graphic mimeType="jpg" url="%C3%8DBR%2011%208vo/34/SECONDARY_DISPLAY" width="1089px" height="1656px"/>
			<graphic mimeType="pdf" url="%C3%8DBR%2011%208vo/34/WEB_DISPLAY"/>
		</surface>
		<surface xml:id="IBR08-0011-0015v" n="35">
			<desc>0015v</desc>
			<graphic mimeType="pdf" url="%C3%8DBR%2011%208vo/35/HIGH_QUALITY_DISPLAY"/>
			<graphic mimeType="jpg" url="%C3%8DBR%2011%208vo/35/THUMBNAIL" width="197px" height="300px"/>
			<graphic mimeType="jpg" url="%C3%8DBR%2011%208vo/35/SECONDARY_DISPLAY" width="1089px" height="1656px"/>
			<graphic mimeType="pdf" url="%C3%8DBR%2011%208vo/35/WEB_DISPLAY"/>
		</surface>
		<surface xml:id="IBR08-0011-0016r" n="36">
			<desc>0016r</desc>
			<graphic mimeType="pdf" url="%C3%8DBR%2011%208vo/36/HIGH_QUALITY_DISPLAY"/>
			<graphic mimeType="jpg" url="%C3%8DBR%2011%208vo/36/THUMBNAIL" width="197px" height="300px"/>
			<graphic mimeType="jpg" url="%C3%8DBR%2011%208vo/36/SECONDARY_DISPLAY" width="1089px" height="1656px"/>
			<graphic mimeType="pdf" url="%C3%8DBR%2011%208vo/36/WEB_DISPLAY"/>
		</surface>
		<surface xml:id="IBR08-0011-0016v" n="37">
			<desc>0016v</desc>
			<graphic mimeType="pdf" url="%C3%8DBR%2011%208vo/37/HIGH_QUALITY_DISPLAY"/>
			<graphic mimeType="jpg" url="%C3%8DBR%2011%208vo/37/THUMBNAIL" width="197px" height="300px"/>
			<graphic mimeType="jpg" url="%C3%8DBR%2011%208vo/37/SECONDARY_DISPLAY" width="1089px" height="1656px"/>
			<graphic mimeType="pdf" url="%C3%8DBR%2011%208vo/37/WEB_DISPLAY"/>
		</surface>
		<surface xml:id="IBR08-0011-0017r" n="38">
			<desc>0017r</desc>
			<graphic mimeType="pdf" url="%C3%8DBR%2011%208vo/38/HIGH_QUALITY_DISPLAY"/>
			<graphic mimeType="jpg" url="%C3%8DBR%2011%208vo/38/THUMBNAIL" width="197px" height="300px"/>
			<graphic mimeType="jpg" url="%C3%8DBR%2011%208vo/38/SECONDARY_DISPLAY" width="1089px" height="1656px"/>
			<graphic mimeType="pdf" url="%C3%8DBR%2011%208vo/38/WEB_DISPLAY"/>
		</surface>
		<surface xml:id="IBR08-0011-0017v" n="39">
			<desc>0017v</desc>
			<graphic mimeType="pdf" url="%C3%8DBR%2011%208vo/39/HIGH_QUALITY_DISPLAY"/>
			<graphic mimeType="jpg" url="%C3%8DBR%2011%208vo/39/THUMBNAIL" width="197px" height="300px"/>
			<graphic mimeType="jpg" url="%C3%8DBR%2011%208vo/39/SECONDARY_DISPLAY" width="1089px" height="1656px"/>
			<graphic mimeType="pdf" url="%C3%8DBR%2011%208vo/39/WEB_DISPLAY"/>
		</surface>
		<surface xml:id="IBR08-0011-0018r" n="40">
			<desc>0018r</desc>
			<graphic mimeType="pdf" url="%C3%8DBR%2011%208vo/40/HIGH_QUALITY_DISPLAY"/>
			<graphic mimeType="jpg" url="%C3%8DBR%2011%208vo/40/THUMBNAIL" width="197px" height="300px"/>
			<graphic mimeType="jpg" url="%C3%8DBR%2011%208vo/40/SECONDARY_DISPLAY" width="1089px" height="1656px"/>
			<graphic mimeType="pdf" url="%C3%8DBR%2011%208vo/40/WEB_DISPLAY"/>
		</surface>
		<surface xml:id="IBR08-0011-0018v" n="41">
			<desc>0018v</desc>
			<graphic mimeType="pdf" url="%C3%8DBR%2011%208vo/41/HIGH_QUALITY_DISPLAY"/>
			<graphic mimeType="jpg" url="%C3%8DBR%2011%208vo/41/THUMBNAIL" width="197px" height="300px"/>
			<graphic mimeType="jpg" url="%C3%8DBR%2011%208vo/41/SECONDARY_DISPLAY" width="1089px" height="1656px"/>
			<graphic mimeType="pdf" url="%C3%8DBR%2011%208vo/41/WEB_DISPLAY"/>
		</surface>
		<surface xml:id="IBR08-0011-0019r" n="42">
			<desc>0019r</desc>
			<graphic mimeType="pdf" url="%C3%8DBR%2011%208vo/42/HIGH_QUALITY_DISPLAY"/>
			<graphic mimeType="jpg" url="%C3%8DBR%2011%208vo/42/THUMBNAIL" width="197px" height="300px"/>
			<graphic mimeType="jpg" url="%C3%8DBR%2011%208vo/42/SECONDARY_DISPLAY" width="1089px" height="1656px"/>
			<graphic mimeType="pdf" url="%C3%8DBR%2011%208vo/42/WEB_DISPLAY"/>
		</surface>
		<surface xml:id="IBR08-0011-0019v" n="43">
			<desc>0019v</desc>
			<graphic mimeType="pdf" url="%C3%8DBR%2011%208vo/43/HIGH_QUALITY_DISPLAY"/>
			<graphic mimeType="jpg" url="%C3%8DBR%2011%208vo/43/THUMBNAIL" width="197px" height="300px"/>
			<graphic mimeType="jpg" url="%C3%8DBR%2011%208vo/43/SECONDARY_DISPLAY" width="1089px" height="1656px"/>
			<graphic mimeType="pdf" url="%C3%8DBR%2011%208vo/43/WEB_DISPLAY"/>
		</surface>
		<surface xml:id="IBR08-0011-0020r" n="44">
			<desc>0020r</desc>
			<graphic mimeType="pdf" url="%C3%8DBR%2011%208vo/44/HIGH_QUALITY_DISPLAY"/>
			<graphic mimeType="jpg" url="%C3%8DBR%2011%208vo/44/THUMBNAIL" width="197px" height="300px"/>
			<graphic mimeType="jpg" url="%C3%8DBR%2011%208vo/44/SECONDARY_DISPLAY" width="1089px" height="1656px"/>
			<graphic mimeType="pdf" url="%C3%8DBR%2011%208vo/44/WEB_DISPLAY"/>
		</surface>
		<surface xml:id="IBR08-0011-0020v" n="45">
			<desc>0020v</desc>
			<graphic mimeType="pdf" url="%C3%8DBR%2011%208vo/45/HIGH_QUALITY_DISPLAY"/>
			<graphic mimeType="jpg" url="%C3%8DBR%2011%208vo/45/THUMBNAIL" width="197px" height="300px"/>
			<graphic mimeType="jpg" url="%C3%8DBR%2011%208vo/45/SECONDARY_DISPLAY" width="1089px" height="1656px"/>
			<graphic mimeType="pdf" url="%C3%8DBR%2011%208vo/45/WEB_DISPLAY"/>
		</surface>
		<surface xml:id="IBR08-0011-0021r" n="46">
			<desc>0021r</desc>
			<graphic mimeType="pdf" url="%C3%8DBR%2011%208vo/46/HIGH_QUALITY_DISPLAY"/>
			<graphic mimeType="jpg" url="%C3%8DBR%2011%208vo/46/THUMBNAIL" width="197px" height="300px"/>
			<graphic mimeType="jpg" url="%C3%8DBR%2011%208vo/46/SECONDARY_DISPLAY" width="1089px" height="1656px"/>
			<graphic mimeType="pdf" url="%C3%8DBR%2011%208vo/46/WEB_DISPLAY"/>
		</surface>
		<surface xml:id="IBR08-0011-0021v" n="47">
			<desc>0021v</desc>
			<graphic mimeType="pdf" url="%C3%8DBR%2011%208vo/47/HIGH_QUALITY_DISPLAY"/>
			<graphic mimeType="jpg" url="%C3%8DBR%2011%208vo/47/THUMBNAIL" width="197px" height="300px"/>
			<graphic mimeType="jpg" url="%C3%8DBR%2011%208vo/47/SECONDARY_DISPLAY" width="1089px" height="1656px"/>
			<graphic mimeType="pdf" url="%C3%8DBR%2011%208vo/47/WEB_DISPLAY"/>
		</surface>
		<surface xml:id="IBR08-0011-0022r" n="48">
			<desc>0022r</desc>
			<graphic mimeType="pdf" url="%C3%8DBR%2011%208vo/48/HIGH_QUALITY_DISPLAY"/>
			<graphic mimeType="jpg" url="%C3%8DBR%2011%208vo/48/THUMBNAIL" width="197px" height="300px"/>
			<graphic mimeType="jpg" url="%C3%8DBR%2011%208vo/48/SECONDARY_DISPLAY" width="1089px" height="1656px"/>
			<graphic mimeType="pdf" url="%C3%8DBR%2011%208vo/48/WEB_DISPLAY"/>
		</surface>
		<surface xml:id="IBR08-0011-0022v" n="49">
			<desc>0022v</desc>
			<graphic mimeType="pdf" url="%C3%8DBR%2011%208vo/49/HIGH_QUALITY_DISPLAY"/>
			<graphic mimeType="jpg" url="%C3%8DBR%2011%208vo/49/THUMBNAIL" width="197px" height="300px"/>
			<graphic mimeType="jpg" url="%C3%8DBR%2011%208vo/49/SECONDARY_DISPLAY" width="1089px" height="1656px"/>
			<graphic mimeType="pdf" url="%C3%8DBR%2011%208vo/49/WEB_DISPLAY"/>
		</surface>
		<surface xml:id="IBR08-0011-0023r" n="50">
			<desc>0023r</desc>
			<graphic mimeType="pdf" url="%C3%8DBR%2011%208vo/50/HIGH_QUALITY_DISPLAY"/>
			<graphic mimeType="jpg" url="%C3%8DBR%2011%208vo/50/THUMBNAIL" width="197px" height="300px"/>
			<graphic mimeType="jpg" url="%C3%8DBR%2011%208vo/50/SECONDARY_DISPLAY" width="1089px" height="1656px"/>
			<graphic mimeType="pdf" url="%C3%8DBR%2011%208vo/50/WEB_DISPLAY"/>
		</surface>
		<surface xml:id="IBR08-0011-0023v" n="51">
			<desc>0023v</desc>
			<graphic mimeType="pdf" url="%C3%8DBR%2011%208vo/51/HIGH_QUALITY_DISPLAY"/>
			<graphic mimeType="jpg" url="%C3%8DBR%2011%208vo/51/THUMBNAIL" width="197px" height="300px"/>
			<graphic mimeType="jpg" url="%C3%8DBR%2011%208vo/51/SECONDARY_DISPLAY" width="1089px" height="1656px"/>
			<graphic mimeType="pdf" url="%C3%8DBR%2011%208vo/51/WEB_DISPLAY"/>
		</surface>
		<surface xml:id="IBR08-0011-0024r" n="52">
			<desc>0024r</desc>
			<graphic mimeType="pdf" url="%C3%8DBR%2011%208vo/52/HIGH_QUALITY_DISPLAY"/>
			<graphic mimeType="jpg" url="%C3%8DBR%2011%208vo/52/THUMBNAIL" width="197px" height="300px"/>
			<graphic mimeType="jpg" url="%C3%8DBR%2011%208vo/52/SECONDARY_DISPLAY" width="1089px" height="1656px"/>
			<graphic mimeType="pdf" url="%C3%8DBR%2011%208vo/52/WEB_DISPLAY"/>
		</surface>
		<surface xml:id="IBR08-0011-0024v" n="53">
			<desc>0024v</desc>
			<graphic mimeType="pdf" url="%C3%8DBR%2011%208vo/53/HIGH_QUALITY_DISPLAY"/>
			<graphic mimeType="jpg" url="%C3%8DBR%2011%208vo/53/THUMBNAIL" width="197px" height="300px"/>
			<graphic mimeType="jpg" url="%C3%8DBR%2011%208vo/53/SECONDARY_DISPLAY" width="1089px" height="1656px"/>
			<graphic mimeType="pdf" url="%C3%8DBR%2011%208vo/53/WEB_DISPLAY"/>
		</surface>
		<surface xml:id="IBR08-0011-0025r" n="54">
			<desc>0025r</desc>
			<graphic mimeType="pdf" url="%C3%8DBR%2011%208vo/54/HIGH_QUALITY_DISPLAY"/>
			<graphic mimeType="jpg" url="%C3%8DBR%2011%208vo/54/THUMBNAIL" width="197px" height="300px"/>
			<graphic mimeType="jpg" url="%C3%8DBR%2011%208vo/54/SECONDARY_DISPLAY" width="1089px" height="1656px"/>
			<graphic mimeType="pdf" url="%C3%8DBR%2011%208vo/54/WEB_DISPLAY"/>
		</surface>
		<surface xml:id="IBR08-0011-0025v" n="55">
			<desc>0025v</desc>
			<graphic mimeType="pdf" url="%C3%8DBR%2011%208vo/55/HIGH_QUALITY_DISPLAY"/>
			<graphic mimeType="jpg" url="%C3%8DBR%2011%208vo/55/THUMBNAIL" width="197px" height="300px"/>
			<graphic mimeType="jpg" url="%C3%8DBR%2011%208vo/55/SECONDARY_DISPLAY" width="1089px" height="1656px"/>
			<graphic mimeType="pdf" url="%C3%8DBR%2011%208vo/55/WEB_DISPLAY"/>
		</surface>
		<surface xml:id="IBR08-0011-0026r" n="56">
			<desc>0026r</desc>
			<graphic mimeType="pdf" url="%C3%8DBR%2011%208vo/56/HIGH_QUALITY_DISPLAY"/>
			<graphic mimeType="jpg" url="%C3%8DBR%2011%208vo/56/THUMBNAIL" width="197px" height="300px"/>
			<graphic mimeType="jpg" url="%C3%8DBR%2011%208vo/56/SECONDARY_DISPLAY" width="1089px" height="1656px"/>
			<graphic mimeType="pdf" url="%C3%8DBR%2011%208vo/56/WEB_DISPLAY"/>
		</surface>
		<surface xml:id="IBR08-0011-0026v" n="57">
			<desc>0026v</desc>
			<graphic mimeType="pdf" url="%C3%8DBR%2011%208vo/57/HIGH_QUALITY_DISPLAY"/>
			<graphic mimeType="jpg" url="%C3%8DBR%2011%208vo/57/THUMBNAIL" width="195px" height="300px"/>
			<graphic mimeType="jpg" url="%C3%8DBR%2011%208vo/57/SECONDARY_DISPLAY" width="1077px" height="1656px"/>
			<graphic mimeType="pdf" url="%C3%8DBR%2011%208vo/57/WEB_DISPLAY"/>
		</surface>
		<surface xml:id="IBR08-0011-0027r" n="58">
			<desc>0027r</desc>
			<graphic mimeType="pdf" url="%C3%8DBR%2011%208vo/58/HIGH_QUALITY_DISPLAY"/>
			<graphic mimeType="jpg" url="%C3%8DBR%2011%208vo/58/THUMBNAIL" width="195px" height="300px"/>
			<graphic mimeType="jpg" url="%C3%8DBR%2011%208vo/58/SECONDARY_DISPLAY" width="1077px" height="1656px"/>
			<graphic mimeType="pdf" url="%C3%8DBR%2011%208vo/58/WEB_DISPLAY"/>
		</surface>
		<surface xml:id="IBR08-0011-0027v" n="59">
			<desc>0027v</desc>
			<graphic mimeType="pdf" url="%C3%8DBR%2011%208vo/59/HIGH_QUALITY_DISPLAY"/>
			<graphic mimeType="jpg" url="%C3%8DBR%2011%208vo/59/THUMBNAIL" width="195px" height="300px"/>
			<graphic mimeType="jpg" url="%C3%8DBR%2011%208vo/59/SECONDARY_DISPLAY" width="1077px" height="1656px"/>
			<graphic mimeType="pdf" url="%C3%8DBR%2011%208vo/59/WEB_DISPLAY"/>
		</surface>
		<surface xml:id="IBR08-0011-0028r" n="60">
			<desc>0028r</desc>
			<graphic mimeType="pdf" url="%C3%8DBR%2011%208vo/60/HIGH_QUALITY_DISPLAY"/>
			<graphic mimeType="jpg" url="%C3%8DBR%2011%208vo/60/THUMBNAIL" width="195px" height="300px"/>
			<graphic mimeType="jpg" url="%C3%8DBR%2011%208vo/60/SECONDARY_DISPLAY" width="1077px" height="1656px"/>
			<graphic mimeType="pdf" url="%C3%8DBR%2011%208vo/60/WEB_DISPLAY"/>
		</surface>
		<surface xml:id="IBR08-0011-0028v" n="61">
			<desc>0028v</desc>
			<graphic mimeType="pdf" url="%C3%8DBR%2011%208vo/61/HIGH_QUALITY_DISPLAY"/>
			<graphic mimeType="jpg" url="%C3%8DBR%2011%208vo/61/THUMBNAIL" width="195px" height="300px"/>
			<graphic mimeType="jpg" url="%C3%8DBR%2011%208vo/61/SECONDARY_DISPLAY" width="1077px" height="1656px"/>
			<graphic mimeType="pdf" url="%C3%8DBR%2011%208vo/61/WEB_DISPLAY"/>
		</surface>
		<surface xml:id="IBR08-0011-0029r" n="62">
			<desc>0029r</desc>
			<graphic mimeType="pdf" url="%C3%8DBR%2011%208vo/62/HIGH_QUALITY_DISPLAY"/>
			<graphic mimeType="jpg" url="%C3%8DBR%2011%208vo/62/THUMBNAIL" width="195px" height="300px"/>
			<graphic mimeType="jpg" url="%C3%8DBR%2011%208vo/62/SECONDARY_DISPLAY" width="1077px" height="1656px"/>
			<graphic mimeType="pdf" url="%C3%8DBR%2011%208vo/62/WEB_DISPLAY"/>
		</surface>
		<surface xml:id="IBR08-0011-0029v" n="63">
			<desc>0029v</desc>
			<graphic mimeType="pdf" url="%C3%8DBR%2011%208vo/63/HIGH_QUALITY_DISPLAY"/>
			<graphic mimeType="jpg" url="%C3%8DBR%2011%208vo/63/THUMBNAIL" width="195px" height="300px"/>
			<graphic mimeType="jpg" url="%C3%8DBR%2011%208vo/63/SECONDARY_DISPLAY" width="1077px" height="1656px"/>
			<graphic mimeType="pdf" url="%C3%8DBR%2011%208vo/63/WEB_DISPLAY"/>
		</surface>
		<surface xml:id="IBR08-0011-0030r" n="64">
			<desc>0030r</desc>
			<graphic mimeType="pdf" url="%C3%8DBR%2011%208vo/64/HIGH_QUALITY_DISPLAY"/>
			<graphic mimeType="jpg" url="%C3%8DBR%2011%208vo/64/THUMBNAIL" width="195px" height="300px"/>
			<graphic mimeType="jpg" url="%C3%8DBR%2011%208vo/64/SECONDARY_DISPLAY" width="1077px" height="1656px"/>
			<graphic mimeType="pdf" url="%C3%8DBR%2011%208vo/64/WEB_DISPLAY"/>
		</surface>
		<surface xml:id="IBR08-0011-0030v" n="65">
			<desc>0030v</desc>
			<graphic mimeType="pdf" url="%C3%8DBR%2011%208vo/65/HIGH_QUALITY_DISPLAY"/>
			<graphic mimeType="jpg" url="%C3%8DBR%2011%208vo/65/THUMBNAIL" width="195px" height="300px"/>
			<graphic mimeType="jpg" url="%C3%8DBR%2011%208vo/65/SECONDARY_DISPLAY" width="1077px" height="1656px"/>
			<graphic mimeType="pdf" url="%C3%8DBR%2011%208vo/65/WEB_DISPLAY"/>
		</surface>
		<surface xml:id="IBR08-0011-0031r" n="66">
			<desc>0031r</desc>
			<graphic mimeType="pdf" url="%C3%8DBR%2011%208vo/66/HIGH_QUALITY_DISPLAY"/>
			<graphic mimeType="jpg" url="%C3%8DBR%2011%208vo/66/THUMBNAIL" width="195px" height="300px"/>
			<graphic mimeType="jpg" url="%C3%8DBR%2011%208vo/66/SECONDARY_DISPLAY" width="1077px" height="1656px"/>
			<graphic mimeType="pdf" url="%C3%8DBR%2011%208vo/66/WEB_DISPLAY"/>
		</surface>
		<surface xml:id="IBR08-0011-0031v" n="67">
			<desc>0031v</desc>
			<graphic mimeType="pdf" url="%C3%8DBR%2011%208vo/67/HIGH_QUALITY_DISPLAY"/>
			<graphic mimeType="jpg" url="%C3%8DBR%2011%208vo/67/THUMBNAIL" width="195px" height="300px"/>
			<graphic mimeType="jpg" url="%C3%8DBR%2011%208vo/67/SECONDARY_DISPLAY" width="1077px" height="1656px"/>
			<graphic mimeType="pdf" url="%C3%8DBR%2011%208vo/67/WEB_DISPLAY"/>
		</surface>
		<surface xml:id="IBR08-0011-0032r" n="68">
			<desc>0032r</desc>
			<graphic mimeType="pdf" url="%C3%8DBR%2011%208vo/68/HIGH_QUALITY_DISPLAY"/>
			<graphic mimeType="jpg" url="%C3%8DBR%2011%208vo/68/THUMBNAIL" width="195px" height="300px"/>
			<graphic mimeType="jpg" url="%C3%8DBR%2011%208vo/68/SECONDARY_DISPLAY" width="1077px" height="1656px"/>
			<graphic mimeType="pdf" url="%C3%8DBR%2011%208vo/68/WEB_DISPLAY"/>
		</surface>
		<surface xml:id="IBR08-0011-0032v" n="69">
			<desc>0032v</desc>
			<graphic mimeType="pdf" url="%C3%8DBR%2011%208vo/69/HIGH_QUALITY_DISPLAY"/>
			<graphic mimeType="jpg" url="%C3%8DBR%2011%208vo/69/THUMBNAIL" width="195px" height="300px"/>
			<graphic mimeType="jpg" url="%C3%8DBR%2011%208vo/69/SECONDARY_DISPLAY" width="1077px" height="1656px"/>
			<graphic mimeType="pdf" url="%C3%8DBR%2011%208vo/69/WEB_DISPLAY"/>
		</surface>
		<surface xml:id="IBR08-0011-0033r" n="70">
			<desc>0033r</desc>
			<graphic mimeType="pdf" url="%C3%8DBR%2011%208vo/70/HIGH_QUALITY_DISPLAY"/>
			<graphic mimeType="jpg" url="%C3%8DBR%2011%208vo/70/THUMBNAIL" width="195px" height="300px"/>
			<graphic mimeType="jpg" url="%C3%8DBR%2011%208vo/70/SECONDARY_DISPLAY" width="1077px" height="1656px"/>
			<graphic mimeType="pdf" url="%C3%8DBR%2011%208vo/70/WEB_DISPLAY"/>
		</surface>
		<surface xml:id="IBR08-0011-0033v" n="71">
			<desc>0033v</desc>
			<graphic mimeType="pdf" url="%C3%8DBR%2011%208vo/71/HIGH_QUALITY_DISPLAY"/>
			<graphic mimeType="jpg" url="%C3%8DBR%2011%208vo/71/THUMBNAIL" width="195px" height="300px"/>
			<graphic mimeType="jpg" url="%C3%8DBR%2011%208vo/71/SECONDARY_DISPLAY" width="1077px" height="1656px"/>
			<graphic mimeType="pdf" url="%C3%8DBR%2011%208vo/71/WEB_DISPLAY"/>
		</surface>
		<surface xml:id="IBR08-0011-0034r" n="72">
			<desc>0034r</desc>
			<graphic mimeType="pdf" url="%C3%8DBR%2011%208vo/72/HIGH_QUALITY_DISPLAY"/>
			<graphic mimeType="jpg" url="%C3%8DBR%2011%208vo/72/THUMBNAIL" width="195px" height="300px"/>
			<graphic mimeType="jpg" url="%C3%8DBR%2011%208vo/72/SECONDARY_DISPLAY" width="1077px" height="1656px"/>
			<graphic mimeType="pdf" url="%C3%8DBR%2011%208vo/72/WEB_DISPLAY"/>
		</surface>
		<surface xml:id="IBR08-0011-0034v" n="73">
			<desc>0034v</desc>
			<graphic mimeType="pdf" url="%C3%8DBR%2011%208vo/73/HIGH_QUALITY_DISPLAY"/>
			<graphic mimeType="jpg" url="%C3%8DBR%2011%208vo/73/THUMBNAIL" width="195px" height="300px"/>
			<graphic mimeType="jpg" url="%C3%8DBR%2011%208vo/73/SECONDARY_DISPLAY" width="1077px" height="1656px"/>
			<graphic mimeType="pdf" url="%C3%8DBR%2011%208vo/73/WEB_DISPLAY"/>
		</surface>
		<surface xml:id="IBR08-0011-0035r" n="74">
			<desc>0035r</desc>
			<graphic mimeType="pdf" url="%C3%8DBR%2011%208vo/74/HIGH_QUALITY_DISPLAY"/>
			<graphic mimeType="jpg" url="%C3%8DBR%2011%208vo/74/THUMBNAIL" width="195px" height="300px"/>
			<graphic mimeType="jpg" url="%C3%8DBR%2011%208vo/74/SECONDARY_DISPLAY" width="1077px" height="1656px"/>
			<graphic mimeType="pdf" url="%C3%8DBR%2011%208vo/74/WEB_DISPLAY"/>
		</surface>
		<surface xml:id="IBR08-0011-0035v" n="75">
			<desc>0035v</desc>
			<graphic mimeType="pdf" url="%C3%8DBR%2011%208vo/75/HIGH_QUALITY_DISPLAY"/>
			<graphic mimeType="jpg" url="%C3%8DBR%2011%208vo/75/THUMBNAIL" width="195px" height="300px"/>
			<graphic mimeType="jpg" url="%C3%8DBR%2011%208vo/75/SECONDARY_DISPLAY" width="1077px" height="1656px"/>
			<graphic mimeType="pdf" url="%C3%8DBR%2011%208vo/75/WEB_DISPLAY"/>
		</surface>
		<surface xml:id="IBR08-0011-0036r" n="76">
			<desc>0036r</desc>
			<graphic mimeType="pdf" url="%C3%8DBR%2011%208vo/76/HIGH_QUALITY_DISPLAY"/>
			<graphic mimeType="jpg" url="%C3%8DBR%2011%208vo/76/THUMBNAIL" width="195px" height="300px"/>
			<graphic mimeType="jpg" url="%C3%8DBR%2011%208vo/76/SECONDARY_DISPLAY" width="1077px" height="1656px"/>
			<graphic mimeType="pdf" url="%C3%8DBR%2011%208vo/76/WEB_DISPLAY"/>
		</surface>
		<surface xml:id="IBR08-0011-0036v" n="77">
			<desc>0036v</desc>
			<graphic mimeType="pdf" url="%C3%8DBR%2011%208vo/77/HIGH_QUALITY_DISPLAY"/>
			<graphic mimeType="jpg" url="%C3%8DBR%2011%208vo/77/THUMBNAIL" width="195px" height="300px"/>
			<graphic mimeType="jpg" url="%C3%8DBR%2011%208vo/77/SECONDARY_DISPLAY" width="1077px" height="1656px"/>
			<graphic mimeType="pdf" url="%C3%8DBR%2011%208vo/77/WEB_DISPLAY"/>
		</surface>
		<surface xml:id="IBR08-0011-0037r" n="78">
			<desc>0037r</desc>
			<graphic mimeType="pdf" url="%C3%8DBR%2011%208vo/78/HIGH_QUALITY_DISPLAY"/>
			<graphic mimeType="jpg" url="%C3%8DBR%2011%208vo/78/THUMBNAIL" width="195px" height="300px"/>
			<graphic mimeType="jpg" url="%C3%8DBR%2011%208vo/78/SECONDARY_DISPLAY" width="1077px" height="1656px"/>
			<graphic mimeType="pdf" url="%C3%8DBR%2011%208vo/78/WEB_DISPLAY"/>
		</surface>
		<surface xml:id="IBR08-0011-0037v" n="79">
			<desc>0037v</desc>
			<graphic mimeType="pdf" url="%C3%8DBR%2011%208vo/79/HIGH_QUALITY_DISPLAY"/>
			<graphic mimeType="jpg" url="%C3%8DBR%2011%208vo/79/THUMBNAIL" width="195px" height="300px"/>
			<graphic mimeType="jpg" url="%C3%8DBR%2011%208vo/79/SECONDARY_DISPLAY" width="1077px" height="1656px"/>
			<graphic mimeType="pdf" url="%C3%8DBR%2011%208vo/79/WEB_DISPLAY"/>
		</surface>
		<surface xml:id="IBR08-0011-0038r" n="80">
			<desc>0038r</desc>
			<graphic mimeType="pdf" url="%C3%8DBR%2011%208vo/80/HIGH_QUALITY_DISPLAY"/>
			<graphic mimeType="jpg" url="%C3%8DBR%2011%208vo/80/THUMBNAIL" width="195px" height="300px"/>
			<graphic mimeType="jpg" url="%C3%8DBR%2011%208vo/80/SECONDARY_DISPLAY" width="1077px" height="1656px"/>
			<graphic mimeType="pdf" url="%C3%8DBR%2011%208vo/80/WEB_DISPLAY"/>
		</surface>
		<surface xml:id="IBR08-0011-0038v" n="81">
			<desc>0038v</desc>
			<graphic mimeType="pdf" url="%C3%8DBR%2011%208vo/81/HIGH_QUALITY_DISPLAY"/>
			<graphic mimeType="jpg" url="%C3%8DBR%2011%208vo/81/THUMBNAIL" width="195px" height="300px"/>
			<graphic mimeType="jpg" url="%C3%8DBR%2011%208vo/81/SECONDARY_DISPLAY" width="1077px" height="1656px"/>
			<graphic mimeType="pdf" url="%C3%8DBR%2011%208vo/81/WEB_DISPLAY"/>
		</surface>
		<surface xml:id="IBR08-0011-0039r" n="82">
			<desc>0039r</desc>
			<graphic mimeType="pdf" url="%C3%8DBR%2011%208vo/82/HIGH_QUALITY_DISPLAY"/>
			<graphic mimeType="jpg" url="%C3%8DBR%2011%208vo/82/THUMBNAIL" width="195px" height="300px"/>
			<graphic mimeType="jpg" url="%C3%8DBR%2011%208vo/82/SECONDARY_DISPLAY" width="1077px" height="1656px"/>
			<graphic mimeType="pdf" url="%C3%8DBR%2011%208vo/82/WEB_DISPLAY"/>
		</surface>
		<surface xml:id="IBR08-0011-0039v" n="83">
			<desc>0039v</desc>
			<graphic mimeType="pdf" url="%C3%8DBR%2011%208vo/83/HIGH_QUALITY_DISPLAY"/>
			<graphic mimeType="jpg" url="%C3%8DBR%2011%208vo/83/THUMBNAIL" width="195px" height="300px"/>
			<graphic mimeType="jpg" url="%C3%8DBR%2011%208vo/83/SECONDARY_DISPLAY" width="1077px" height="1656px"/>
			<graphic mimeType="pdf" url="%C3%8DBR%2011%208vo/83/WEB_DISPLAY"/>
		</surface>
		<surface xml:id="IBR08-0011-0040r" n="84">
			<desc>0040r</desc>
			<graphic mimeType="pdf" url="%C3%8DBR%2011%208vo/84/HIGH_QUALITY_DISPLAY"/>
			<graphic mimeType="jpg" url="%C3%8DBR%2011%208vo/84/THUMBNAIL" width="195px" height="300px"/>
			<graphic mimeType="jpg" url="%C3%8DBR%2011%208vo/84/SECONDARY_DISPLAY" width="1077px" height="1656px"/>
			<graphic mimeType="pdf" url="%C3%8DBR%2011%208vo/84/WEB_DISPLAY"/>
		</surface>
		<surface xml:id="IBR08-0011-0040v" n="85">
			<desc>0040v</desc>
			<graphic mimeType="pdf" url="%C3%8DBR%2011%208vo/85/HIGH_QUALITY_DISPLAY"/>
			<graphic mimeType="jpg" url="%C3%8DBR%2011%208vo/85/THUMBNAIL" width="195px" height="300px"/>
			<graphic mimeType="jpg" url="%C3%8DBR%2011%208vo/85/SECONDARY_DISPLAY" width="1077px" height="1656px"/>
			<graphic mimeType="pdf" url="%C3%8DBR%2011%208vo/85/WEB_DISPLAY"/>
		</surface>
		<surface xml:id="IBR08-0011-0041r" n="86">
			<desc>0041r</desc>
			<graphic mimeType="pdf" url="%C3%8DBR%2011%208vo/86/HIGH_QUALITY_DISPLAY"/>
			<graphic mimeType="jpg" url="%C3%8DBR%2011%208vo/86/THUMBNAIL" width="195px" height="300px"/>
			<graphic mimeType="jpg" url="%C3%8DBR%2011%208vo/86/SECONDARY_DISPLAY" width="1077px" height="1656px"/>
			<graphic mimeType="pdf" url="%C3%8DBR%2011%208vo/86/WEB_DISPLAY"/>
		</surface>
		<surface xml:id="IBR08-0011-0041v" n="87">
			<desc>0041v</desc>
			<graphic mimeType="pdf" url="%C3%8DBR%2011%208vo/87/HIGH_QUALITY_DISPLAY"/>
			<graphic mimeType="jpg" url="%C3%8DBR%2011%208vo/87/THUMBNAIL" width="195px" height="300px"/>
			<graphic mimeType="jpg" url="%C3%8DBR%2011%208vo/87/SECONDARY_DISPLAY" width="1077px" height="1656px"/>
			<graphic mimeType="pdf" url="%C3%8DBR%2011%208vo/87/WEB_DISPLAY"/>
		</surface>
		<surface xml:id="IBR08-0011-0042r" n="88">
			<desc>0042r</desc>
			<graphic mimeType="pdf" url="%C3%8DBR%2011%208vo/88/HIGH_QUALITY_DISPLAY"/>
			<graphic mimeType="jpg" url="%C3%8DBR%2011%208vo/88/THUMBNAIL" width="195px" height="300px"/>
			<graphic mimeType="jpg" url="%C3%8DBR%2011%208vo/88/SECONDARY_DISPLAY" width="1077px" height="1656px"/>
			<graphic mimeType="pdf" url="%C3%8DBR%2011%208vo/88/WEB_DISPLAY"/>
		</surface>
		<surface xml:id="IBR08-0011-0042v" n="89">
			<desc>0042v</desc>
			<graphic mimeType="pdf" url="%C3%8DBR%2011%208vo/89/HIGH_QUALITY_DISPLAY"/>
			<graphic mimeType="jpg" url="%C3%8DBR%2011%208vo/89/THUMBNAIL" width="195px" height="300px"/>
			<graphic mimeType="jpg" url="%C3%8DBR%2011%208vo/89/SECONDARY_DISPLAY" width="1077px" height="1656px"/>
			<graphic mimeType="pdf" url="%C3%8DBR%2011%208vo/89/WEB_DISPLAY"/>
		</surface>
		<surface xml:id="IBR08-0011-0043r" n="90">
			<desc>0043r</desc>
			<graphic mimeType="pdf" url="%C3%8DBR%2011%208vo/90/HIGH_QUALITY_DISPLAY"/>
			<graphic mimeType="jpg" url="%C3%8DBR%2011%208vo/90/THUMBNAIL" width="195px" height="300px"/>
			<graphic mimeType="jpg" url="%C3%8DBR%2011%208vo/90/SECONDARY_DISPLAY" width="1077px" height="1656px"/>
			<graphic mimeType="pdf" url="%C3%8DBR%2011%208vo/90/WEB_DISPLAY"/>
		</surface>
		<surface xml:id="IBR08-0011-0043v" n="91">
			<desc>0043v</desc>
			<graphic mimeType="pdf" url="%C3%8DBR%2011%208vo/91/HIGH_QUALITY_DISPLAY"/>
			<graphic mimeType="jpg" url="%C3%8DBR%2011%208vo/91/THUMBNAIL" width="195px" height="300px"/>
			<graphic mimeType="jpg" url="%C3%8DBR%2011%208vo/91/SECONDARY_DISPLAY" width="1077px" height="1656px"/>
			<graphic mimeType="pdf" url="%C3%8DBR%2011%208vo/91/WEB_DISPLAY"/>
		</surface>
		<surface xml:id="IBR08-0011-0044r" n="92">
			<desc>0044r</desc>
			<graphic mimeType="pdf" url="%C3%8DBR%2011%208vo/92/HIGH_QUALITY_DISPLAY"/>
			<graphic mimeType="jpg" url="%C3%8DBR%2011%208vo/92/THUMBNAIL" width="195px" height="300px"/>
			<graphic mimeType="jpg" url="%C3%8DBR%2011%208vo/92/SECONDARY_DISPLAY" width="1077px" height="1656px"/>
			<graphic mimeType="pdf" url="%C3%8DBR%2011%208vo/92/WEB_DISPLAY"/>
		</surface>
		<surface xml:id="IBR08-0011-0044v" n="93">
			<desc>0044v</desc>
			<graphic mimeType="pdf" url="%C3%8DBR%2011%208vo/93/HIGH_QUALITY_DISPLAY"/>
			<graphic mimeType="jpg" url="%C3%8DBR%2011%208vo/93/THUMBNAIL" width="195px" height="300px"/>
			<graphic mimeType="jpg" url="%C3%8DBR%2011%208vo/93/SECONDARY_DISPLAY" width="1077px" height="1656px"/>
			<graphic mimeType="pdf" url="%C3%8DBR%2011%208vo/93/WEB_DISPLAY"/>
		</surface>
		<surface xml:id="IBR08-0011-0045r" n="94">
			<desc>0045r</desc>
			<graphic mimeType="pdf" url="%C3%8DBR%2011%208vo/94/HIGH_QUALITY_DISPLAY"/>
			<graphic mimeType="jpg" url="%C3%8DBR%2011%208vo/94/THUMBNAIL" width="195px" height="300px"/>
			<graphic mimeType="jpg" url="%C3%8DBR%2011%208vo/94/SECONDARY_DISPLAY" width="1077px" height="1656px"/>
			<graphic mimeType="pdf" url="%C3%8DBR%2011%208vo/94/WEB_DISPLAY"/>
		</surface>
		<surface xml:id="IBR08-0011-0045v" n="95">
			<desc>0045v</desc>
			<graphic mimeType="pdf" url="%C3%8DBR%2011%208vo/95/HIGH_QUALITY_DISPLAY"/>
			<graphic mimeType="jpg" url="%C3%8DBR%2011%208vo/95/THUMBNAIL" width="195px" height="300px"/>
			<graphic mimeType="jpg" url="%C3%8DBR%2011%208vo/95/SECONDARY_DISPLAY" width="1077px" height="1656px"/>
			<graphic mimeType="pdf" url="%C3%8DBR%2011%208vo/95/WEB_DISPLAY"/>
		</surface>
		<surface xml:id="IBR08-0011-0046r" n="96">
			<desc>0046r</desc>
			<graphic mimeType="pdf" url="%C3%8DBR%2011%208vo/96/HIGH_QUALITY_DISPLAY"/>
			<graphic mimeType="jpg" url="%C3%8DBR%2011%208vo/96/THUMBNAIL" width="195px" height="300px"/>
			<graphic mimeType="jpg" url="%C3%8DBR%2011%208vo/96/SECONDARY_DISPLAY" width="1077px" height="1656px"/>
			<graphic mimeType="pdf" url="%C3%8DBR%2011%208vo/96/WEB_DISPLAY"/>
		</surface>
		<surface xml:id="IBR08-0011-0046v" n="97">
			<desc>0046v</desc>
			<graphic mimeType="pdf" url="%C3%8DBR%2011%208vo/97/HIGH_QUALITY_DISPLAY"/>
			<graphic mimeType="jpg" url="%C3%8DBR%2011%208vo/97/THUMBNAIL" width="195px" height="300px"/>
			<graphic mimeType="jpg" url="%C3%8DBR%2011%208vo/97/SECONDARY_DISPLAY" width="1076px" height="1656px"/>
			<graphic mimeType="pdf" url="%C3%8DBR%2011%208vo/97/WEB_DISPLAY"/>
		</surface>
		<surface xml:id="IBR08-0011-0047r" n="98">
			<desc>0047r</desc>
			<graphic mimeType="pdf" url="%C3%8DBR%2011%208vo/98/HIGH_QUALITY_DISPLAY"/>
			<graphic mimeType="jpg" url="%C3%8DBR%2011%208vo/98/THUMBNAIL" width="195px" height="300px"/>
			<graphic mimeType="jpg" url="%C3%8DBR%2011%208vo/98/SECONDARY_DISPLAY" width="1076px" height="1656px"/>
			<graphic mimeType="pdf" url="%C3%8DBR%2011%208vo/98/WEB_DISPLAY"/>
		</surface>
		<surface xml:id="IBR08-0011-0047v" n="99">
			<desc>0047v</desc>
			<graphic mimeType="pdf" url="%C3%8DBR%2011%208vo/99/HIGH_QUALITY_DISPLAY"/>
			<graphic mimeType="jpg" url="%C3%8DBR%2011%208vo/99/THUMBNAIL" width="195px" height="300px"/>
			<graphic mimeType="jpg" url="%C3%8DBR%2011%208vo/99/SECONDARY_DISPLAY" width="1076px" height="1656px"/>
			<graphic mimeType="pdf" url="%C3%8DBR%2011%208vo/99/WEB_DISPLAY"/>
		</surface>
		<surface xml:id="IBR08-0011-0048r" n="100">
			<desc>0048r</desc>
			<graphic mimeType="pdf" url="%C3%8DBR%2011%208vo/100/HIGH_QUALITY_DISPLAY"/>
			<graphic mimeType="jpg" url="%C3%8DBR%2011%208vo/100/THUMBNAIL" width="195px" height="300px"/>
			<graphic mimeType="jpg" url="%C3%8DBR%2011%208vo/100/SECONDARY_DISPLAY" width="1076px" height="1656px"/>
			<graphic mimeType="pdf" url="%C3%8DBR%2011%208vo/100/WEB_DISPLAY"/>
		</surface>
		<surface xml:id="IBR08-0011-0048v" n="101">
			<desc>0048v</desc>
			<graphic mimeType="pdf" url="%C3%8DBR%2011%208vo/101/HIGH_QUALITY_DISPLAY"/>
			<graphic mimeType="jpg" url="%C3%8DBR%2011%208vo/101/THUMBNAIL" width="195px" height="300px"/>
			<graphic mimeType="jpg" url="%C3%8DBR%2011%208vo/101/SECONDARY_DISPLAY" width="1076px" height="1656px"/>
			<graphic mimeType="pdf" url="%C3%8DBR%2011%208vo/101/WEB_DISPLAY"/>
		</surface>
		<surface xml:id="IBR08-0011-0049r" n="102">
			<desc>0049r</desc>
			<graphic mimeType="pdf" url="%C3%8DBR%2011%208vo/102/HIGH_QUALITY_DISPLAY"/>
			<graphic mimeType="jpg" url="%C3%8DBR%2011%208vo/102/THUMBNAIL" width="195px" height="300px"/>
			<graphic mimeType="jpg" url="%C3%8DBR%2011%208vo/102/SECONDARY_DISPLAY" width="1076px" height="1656px"/>
			<graphic mimeType="pdf" url="%C3%8DBR%2011%208vo/102/WEB_DISPLAY"/>
		</surface>
		<surface xml:id="IBR08-0011-0049v" n="103">
			<desc>0049v</desc>
			<graphic mimeType="pdf" url="%C3%8DBR%2011%208vo/103/HIGH_QUALITY_DISPLAY"/>
			<graphic mimeType="jpg" url="%C3%8DBR%2011%208vo/103/THUMBNAIL" width="195px" height="300px"/>
			<graphic mimeType="jpg" url="%C3%8DBR%2011%208vo/103/SECONDARY_DISPLAY" width="1076px" height="1656px"/>
			<graphic mimeType="pdf" url="%C3%8DBR%2011%208vo/103/WEB_DISPLAY"/>
		</surface>
		<surface xml:id="IBR08-0011-0050r" n="104">
			<desc>0050r</desc>
			<graphic mimeType="pdf" url="%C3%8DBR%2011%208vo/104/HIGH_QUALITY_DISPLAY"/>
			<graphic mimeType="jpg" url="%C3%8DBR%2011%208vo/104/THUMBNAIL" width="195px" height="300px"/>
			<graphic mimeType="jpg" url="%C3%8DBR%2011%208vo/104/SECONDARY_DISPLAY" width="1076px" height="1656px"/>
			<graphic mimeType="pdf" url="%C3%8DBR%2011%208vo/104/WEB_DISPLAY"/>
		</surface>
		<surface xml:id="IBR08-0011-0050v" n="105">
			<desc>0050v</desc>
			<graphic mimeType="pdf" url="%C3%8DBR%2011%208vo/105/HIGH_QUALITY_DISPLAY"/>
			<graphic mimeType="jpg" url="%C3%8DBR%2011%208vo/105/THUMBNAIL" width="195px" height="300px"/>
			<graphic mimeType="jpg" url="%C3%8DBR%2011%208vo/105/SECONDARY_DISPLAY" width="1076px" height="1656px"/>
			<graphic mimeType="pdf" url="%C3%8DBR%2011%208vo/105/WEB_DISPLAY"/>
		</surface>
		<surface xml:id="IBR08-0011-0051r" n="106">
			<desc>0051r</desc>
			<graphic mimeType="pdf" url="%C3%8DBR%2011%208vo/106/HIGH_QUALITY_DISPLAY"/>
			<graphic mimeType="jpg" url="%C3%8DBR%2011%208vo/106/THUMBNAIL" width="195px" height="300px"/>
			<graphic mimeType="jpg" url="%C3%8DBR%2011%208vo/106/SECONDARY_DISPLAY" width="1076px" height="1656px"/>
			<graphic mimeType="pdf" url="%C3%8DBR%2011%208vo/106/WEB_DISPLAY"/>
		</surface>
		<surface xml:id="IBR08-0011-0051v" n="107">
			<desc>0051v</desc>
			<graphic mimeType="pdf" url="%C3%8DBR%2011%208vo/107/HIGH_QUALITY_DISPLAY"/>
			<graphic mimeType="jpg" url="%C3%8DBR%2011%208vo/107/THUMBNAIL" width="195px" height="300px"/>
			<graphic mimeType="jpg" url="%C3%8DBR%2011%208vo/107/SECONDARY_DISPLAY" width="1076px" height="1656px"/>
			<graphic mimeType="pdf" url="%C3%8DBR%2011%208vo/107/WEB_DISPLAY"/>
		</surface>
		<surface xml:id="IBR08-0011-0052r" n="108">
			<desc>0052r</desc>
			<graphic mimeType="pdf" url="%C3%8DBR%2011%208vo/108/HIGH_QUALITY_DISPLAY"/>
			<graphic mimeType="jpg" url="%C3%8DBR%2011%208vo/108/THUMBNAIL" width="195px" height="300px"/>
			<graphic mimeType="jpg" url="%C3%8DBR%2011%208vo/108/SECONDARY_DISPLAY" width="1076px" height="1656px"/>
			<graphic mimeType="pdf" url="%C3%8DBR%2011%208vo/108/WEB_DISPLAY"/>
		</surface>
		<surface xml:id="IBR08-0011-0052v" n="109">
			<desc>0052v</desc>
			<graphic mimeType="pdf" url="%C3%8DBR%2011%208vo/109/HIGH_QUALITY_DISPLAY"/>
			<graphic mimeType="jpg" url="%C3%8DBR%2011%208vo/109/THUMBNAIL" width="195px" height="300px"/>
			<graphic mimeType="jpg" url="%C3%8DBR%2011%208vo/109/SECONDARY_DISPLAY" width="1076px" height="1656px"/>
			<graphic mimeType="pdf" url="%C3%8DBR%2011%208vo/109/WEB_DISPLAY"/>
		</surface>
		<surface xml:id="IBR08-0011-0053r" n="110">
			<desc>0053r</desc>
			<graphic mimeType="pdf" url="%C3%8DBR%2011%208vo/110/HIGH_QUALITY_DISPLAY"/>
			<graphic mimeType="jpg" url="%C3%8DBR%2011%208vo/110/THUMBNAIL" width="195px" height="300px"/>
			<graphic mimeType="jpg" url="%C3%8DBR%2011%208vo/110/SECONDARY_DISPLAY" width="1076px" height="1656px"/>
			<graphic mimeType="pdf" url="%C3%8DBR%2011%208vo/110/WEB_DISPLAY"/>
		</surface>
		<surface xml:id="IBR08-0011-0053v" n="111">
			<desc>0053v</desc>
			<graphic mimeType="pdf" url="%C3%8DBR%2011%208vo/111/HIGH_QUALITY_DISPLAY"/>
			<graphic mimeType="jpg" url="%C3%8DBR%2011%208vo/111/THUMBNAIL" width="195px" height="300px"/>
			<graphic mimeType="jpg" url="%C3%8DBR%2011%208vo/111/SECONDARY_DISPLAY" width="1076px" height="1656px"/>
			<graphic mimeType="pdf" url="%C3%8DBR%2011%208vo/111/WEB_DISPLAY"/>
		</surface>
		<surface xml:id="IBR08-0011-0054r" n="112">
			<desc>0054r</desc>
			<graphic mimeType="pdf" url="%C3%8DBR%2011%208vo/112/HIGH_QUALITY_DISPLAY"/>
			<graphic mimeType="jpg" url="%C3%8DBR%2011%208vo/112/THUMBNAIL" width="195px" height="300px"/>
			<graphic mimeType="jpg" url="%C3%8DBR%2011%208vo/112/SECONDARY_DISPLAY" width="1076px" height="1656px"/>
			<graphic mimeType="pdf" url="%C3%8DBR%2011%208vo/112/WEB_DISPLAY"/>
		</surface>
		<surface xml:id="IBR08-0011-0054v" n="113">
			<desc>0054v</desc>
			<graphic mimeType="pdf" url="%C3%8DBR%2011%208vo/113/HIGH_QUALITY_DISPLAY"/>
			<graphic mimeType="jpg" url="%C3%8DBR%2011%208vo/113/THUMBNAIL" width="195px" height="300px"/>
			<graphic mimeType="jpg" url="%C3%8DBR%2011%208vo/113/SECONDARY_DISPLAY" width="1076px" height="1656px"/>
			<graphic mimeType="pdf" url="%C3%8DBR%2011%208vo/113/WEB_DISPLAY"/>
		</surface>
		<surface xml:id="IBR08-0011-0055r" n="114">
			<desc>0055r</desc>
			<graphic mimeType="pdf" url="%C3%8DBR%2011%208vo/114/HIGH_QUALITY_DISPLAY"/>
			<graphic mimeType="jpg" url="%C3%8DBR%2011%208vo/114/THUMBNAIL" width="195px" height="300px"/>
			<graphic mimeType="jpg" url="%C3%8DBR%2011%208vo/114/SECONDARY_DISPLAY" width="1076px" height="1656px"/>
			<graphic mimeType="pdf" url="%C3%8DBR%2011%208vo/114/WEB_DISPLAY"/>
		</surface>
		<surface xml:id="IBR08-0011-0055v" n="115">
			<desc>0055v</desc>
			<graphic mimeType="pdf" url="%C3%8DBR%2011%208vo/115/HIGH_QUALITY_DISPLAY"/>
			<graphic mimeType="jpg" url="%C3%8DBR%2011%208vo/115/THUMBNAIL" width="195px" height="300px"/>
			<graphic mimeType="jpg" url="%C3%8DBR%2011%208vo/115/SECONDARY_DISPLAY" width="1076px" height="1656px"/>
			<graphic mimeType="pdf" url="%C3%8DBR%2011%208vo/115/WEB_DISPLAY"/>
		</surface>
		<surface xml:id="IBR08-0011-0056r" n="116">
			<desc>0056r</desc>
			<graphic mimeType="pdf" url="%C3%8DBR%2011%208vo/116/HIGH_QUALITY_DISPLAY"/>
			<graphic mimeType="jpg" url="%C3%8DBR%2011%208vo/116/THUMBNAIL" width="195px" height="300px"/>
			<graphic mimeType="jpg" url="%C3%8DBR%2011%208vo/116/SECONDARY_DISPLAY" width="1076px" height="1656px"/>
			<graphic mimeType="pdf" url="%C3%8DBR%2011%208vo/116/WEB_DISPLAY"/>
		</surface>
		<surface xml:id="IBR08-0011-0056v" n="117">
			<desc>0056v</desc>
			<graphic mimeType="pdf" url="%C3%8DBR%2011%208vo/117/HIGH_QUALITY_DISPLAY"/>
			<graphic mimeType="jpg" url="%C3%8DBR%2011%208vo/117/THUMBNAIL" width="195px" height="300px"/>
			<graphic mimeType="jpg" url="%C3%8DBR%2011%208vo/117/SECONDARY_DISPLAY" width="1076px" height="1656px"/>
			<graphic mimeType="pdf" url="%C3%8DBR%2011%208vo/117/WEB_DISPLAY"/>
		</surface>
		<surface xml:id="IBR08-0011-0057r" n="118">
			<desc>0057r</desc>
			<graphic mimeType="pdf" url="%C3%8DBR%2011%208vo/118/HIGH_QUALITY_DISPLAY"/>
			<graphic mimeType="jpg" url="%C3%8DBR%2011%208vo/118/THUMBNAIL" width="195px" height="300px"/>
			<graphic mimeType="jpg" url="%C3%8DBR%2011%208vo/118/SECONDARY_DISPLAY" width="1076px" height="1656px"/>
			<graphic mimeType="pdf" url="%C3%8DBR%2011%208vo/118/WEB_DISPLAY"/>
		</surface>
		<surface xml:id="IBR08-0011-0057v" n="119">
			<desc>0057v</desc>
			<graphic mimeType="pdf" url="%C3%8DBR%2011%208vo/119/HIGH_QUALITY_DISPLAY"/>
			<graphic mimeType="jpg" url="%C3%8DBR%2011%208vo/119/THUMBNAIL" width="195px" height="300px"/>
			<graphic mimeType="jpg" url="%C3%8DBR%2011%208vo/119/SECONDARY_DISPLAY" width="1076px" height="1656px"/>
			<graphic mimeType="pdf" url="%C3%8DBR%2011%208vo/119/WEB_DISPLAY"/>
		</surface>
		<surface xml:id="IBR08-0011-0058r" n="120">
			<desc>0058r</desc>
			<graphic mimeType="pdf" url="%C3%8DBR%2011%208vo/120/HIGH_QUALITY_DISPLAY"/>
			<graphic mimeType="jpg" url="%C3%8DBR%2011%208vo/120/THUMBNAIL" width="195px" height="300px"/>
			<graphic mimeType="jpg" url="%C3%8DBR%2011%208vo/120/SECONDARY_DISPLAY" width="1076px" height="1656px"/>
			<graphic mimeType="pdf" url="%C3%8DBR%2011%208vo/120/WEB_DISPLAY"/>
		</surface>
		<surface xml:id="IBR08-0011-0058v" n="121">
			<desc>0058v</desc>
			<graphic mimeType="pdf" url="%C3%8DBR%2011%208vo/121/HIGH_QUALITY_DISPLAY"/>
			<graphic mimeType="jpg" url="%C3%8DBR%2011%208vo/121/THUMBNAIL" width="198px" height="300px"/>
			<graphic mimeType="jpg" url="%C3%8DBR%2011%208vo/121/SECONDARY_DISPLAY" width="1077px" height="1632px"/>
			<graphic mimeType="pdf" url="%C3%8DBR%2011%208vo/121/WEB_DISPLAY"/>
		</surface>
		<surface xml:id="IBR08-0011-0059r" n="122">
			<desc>0059r</desc>
			<graphic mimeType="pdf" url="%C3%8DBR%2011%208vo/122/HIGH_QUALITY_DISPLAY"/>
			<graphic mimeType="jpg" url="%C3%8DBR%2011%208vo/122/THUMBNAIL" width="198px" height="300px"/>
			<graphic mimeType="jpg" url="%C3%8DBR%2011%208vo/122/SECONDARY_DISPLAY" width="1077px" height="1632px"/>
			<graphic mimeType="pdf" url="%C3%8DBR%2011%208vo/122/WEB_DISPLAY"/>
		</surface>
		<surface xml:id="IBR08-0011-0059v" n="123">
			<desc>0059v</desc>
			<graphic mimeType="pdf" url="%C3%8DBR%2011%208vo/123/HIGH_QUALITY_DISPLAY"/>
			<graphic mimeType="jpg" url="%C3%8DBR%2011%208vo/123/THUMBNAIL" width="198px" height="300px"/>
			<graphic mimeType="jpg" url="%C3%8DBR%2011%208vo/123/SECONDARY_DISPLAY" width="1077px" height="1632px"/>
			<graphic mimeType="pdf" url="%C3%8DBR%2011%208vo/123/WEB_DISPLAY"/>
		</surface>
		<surface xml:id="IBR08-0011-0060r" n="124">
			<desc>0060r</desc>
			<graphic mimeType="pdf" url="%C3%8DBR%2011%208vo/124/HIGH_QUALITY_DISPLAY"/>
			<graphic mimeType="jpg" url="%C3%8DBR%2011%208vo/124/THUMBNAIL" width="198px" height="300px"/>
			<graphic mimeType="jpg" url="%C3%8DBR%2011%208vo/124/SECONDARY_DISPLAY" width="1077px" height="1632px"/>
			<graphic mimeType="pdf" url="%C3%8DBR%2011%208vo/124/WEB_DISPLAY"/>
		</surface>
		<surface xml:id="IBR08-0011-0060v" n="125">
			<desc>0060v</desc>
			<graphic mimeType="pdf" url="%C3%8DBR%2011%208vo/125/HIGH_QUALITY_DISPLAY"/>
			<graphic mimeType="jpg" url="%C3%8DBR%2011%208vo/125/THUMBNAIL" width="198px" height="300px"/>
			<graphic mimeType="jpg" url="%C3%8DBR%2011%208vo/125/SECONDARY_DISPLAY" width="1077px" height="1632px"/>
			<graphic mimeType="pdf" url="%C3%8DBR%2011%208vo/125/WEB_DISPLAY"/>
		</surface>
		<surface xml:id="IBR08-0011-0061r" n="126">
			<desc>0061r</desc>
			<graphic mimeType="pdf" url="%C3%8DBR%2011%208vo/126/HIGH_QUALITY_DISPLAY"/>
			<graphic mimeType="jpg" url="%C3%8DBR%2011%208vo/126/THUMBNAIL" width="198px" height="300px"/>
			<graphic mimeType="jpg" url="%C3%8DBR%2011%208vo/126/SECONDARY_DISPLAY" width="1077px" height="1632px"/>
			<graphic mimeType="pdf" url="%C3%8DBR%2011%208vo/126/WEB_DISPLAY"/>
		</surface>
		<surface xml:id="IBR08-0011-0061v" n="127">
			<desc>0061v</desc>
			<graphic mimeType="pdf" url="%C3%8DBR%2011%208vo/127/HIGH_QUALITY_DISPLAY"/>
			<graphic mimeType="jpg" url="%C3%8DBR%2011%208vo/127/THUMBNAIL" width="198px" height="300px"/>
			<graphic mimeType="jpg" url="%C3%8DBR%2011%208vo/127/SECONDARY_DISPLAY" width="1077px" height="1632px"/>
			<graphic mimeType="pdf" url="%C3%8DBR%2011%208vo/127/WEB_DISPLAY"/>
		</surface>
		<surface xml:id="IBR08-0011-0062r" n="128">
			<desc>0062r</desc>
			<graphic mimeType="pdf" url="%C3%8DBR%2011%208vo/128/HIGH_QUALITY_DISPLAY"/>
			<graphic mimeType="jpg" url="%C3%8DBR%2011%208vo/128/THUMBNAIL" width="198px" height="300px"/>
			<graphic mimeType="jpg" url="%C3%8DBR%2011%208vo/128/SECONDARY_DISPLAY" width="1077px" height="1632px"/>
			<graphic mimeType="pdf" url="%C3%8DBR%2011%208vo/128/WEB_DISPLAY"/>
		</surface>
		<surface xml:id="IBR08-0011-0062v" n="129">
			<desc>0062v</desc>
			<graphic mimeType="pdf" url="%C3%8DBR%2011%208vo/129/HIGH_QUALITY_DISPLAY"/>
			<graphic mimeType="jpg" url="%C3%8DBR%2011%208vo/129/THUMBNAIL" width="198px" height="300px"/>
			<graphic mimeType="jpg" url="%C3%8DBR%2011%208vo/129/SECONDARY_DISPLAY" width="1077px" height="1632px"/>
			<graphic mimeType="pdf" url="%C3%8DBR%2011%208vo/129/WEB_DISPLAY"/>
		</surface>
		<surface xml:id="IBR08-0011-0063r" n="130">
			<desc>0063r</desc>
			<graphic mimeType="pdf" url="%C3%8DBR%2011%208vo/130/HIGH_QUALITY_DISPLAY"/>
			<graphic mimeType="jpg" url="%C3%8DBR%2011%208vo/130/THUMBNAIL" width="198px" height="300px"/>
			<graphic mimeType="jpg" url="%C3%8DBR%2011%208vo/130/SECONDARY_DISPLAY" width="1077px" height="1632px"/>
			<graphic mimeType="pdf" url="%C3%8DBR%2011%208vo/130/WEB_DISPLAY"/>
		</surface>
		<surface xml:id="IBR08-0011-0063v" n="131">
			<desc>0063v</desc>
			<graphic mimeType="pdf" url="%C3%8DBR%2011%208vo/131/HIGH_QUALITY_DISPLAY"/>
			<graphic mimeType="jpg" url="%C3%8DBR%2011%208vo/131/THUMBNAIL" width="198px" height="300px"/>
			<graphic mimeType="jpg" url="%C3%8DBR%2011%208vo/131/SECONDARY_DISPLAY" width="1077px" height="1632px"/>
			<graphic mimeType="pdf" url="%C3%8DBR%2011%208vo/131/WEB_DISPLAY"/>
		</surface>
		<surface xml:id="IBR08-0011-0064r" n="132">
			<desc>0064r</desc>
			<graphic mimeType="pdf" url="%C3%8DBR%2011%208vo/132/HIGH_QUALITY_DISPLAY"/>
			<graphic mimeType="jpg" url="%C3%8DBR%2011%208vo/132/THUMBNAIL" width="198px" height="300px"/>
			<graphic mimeType="jpg" url="%C3%8DBR%2011%208vo/132/SECONDARY_DISPLAY" width="1077px" height="1632px"/>
			<graphic mimeType="pdf" url="%C3%8DBR%2011%208vo/132/WEB_DISPLAY"/>
		</surface>
		<surface xml:id="IBR08-0011-0064v" n="133">
			<desc>0064v</desc>
			<graphic mimeType="pdf" url="%C3%8DBR%2011%208vo/133/HIGH_QUALITY_DISPLAY"/>
			<graphic mimeType="jpg" url="%C3%8DBR%2011%208vo/133/THUMBNAIL" width="198px" height="300px"/>
			<graphic mimeType="jpg" url="%C3%8DBR%2011%208vo/133/SECONDARY_DISPLAY" width="1077px" height="1632px"/>
			<graphic mimeType="pdf" url="%C3%8DBR%2011%208vo/133/WEB_DISPLAY"/>
		</surface>
		<surface xml:id="IBR08-0011-0065r" n="134">
			<desc>0065r</desc>
			<graphic mimeType="pdf" url="%C3%8DBR%2011%208vo/134/HIGH_QUALITY_DISPLAY"/>
			<graphic mimeType="jpg" url="%C3%8DBR%2011%208vo/134/THUMBNAIL" width="198px" height="300px"/>
			<graphic mimeType="jpg" url="%C3%8DBR%2011%208vo/134/SECONDARY_DISPLAY" width="1077px" height="1632px"/>
			<graphic mimeType="pdf" url="%C3%8DBR%2011%208vo/134/WEB_DISPLAY"/>
		</surface>
		<surface xml:id="IBR08-0011-0065v" n="135">
			<desc>0065v</desc>
			<graphic mimeType="pdf" url="%C3%8DBR%2011%208vo/135/HIGH_QUALITY_DISPLAY"/>
			<graphic mimeType="jpg" url="%C3%8DBR%2011%208vo/135/THUMBNAIL" width="198px" height="300px"/>
			<graphic mimeType="jpg" url="%C3%8DBR%2011%208vo/135/SECONDARY_DISPLAY" width="1077px" height="1632px"/>
			<graphic mimeType="pdf" url="%C3%8DBR%2011%208vo/135/WEB_DISPLAY"/>
		</surface>
		<surface xml:id="IBR08-0011-0066r" n="136">
			<desc>0066r</desc>
			<graphic mimeType="pdf" url="%C3%8DBR%2011%208vo/136/HIGH_QUALITY_DISPLAY"/>
			<graphic mimeType="jpg" url="%C3%8DBR%2011%208vo/136/THUMBNAIL" width="198px" height="300px"/>
			<graphic mimeType="jpg" url="%C3%8DBR%2011%208vo/136/SECONDARY_DISPLAY" width="1077px" height="1632px"/>
			<graphic mimeType="pdf" url="%C3%8DBR%2011%208vo/136/WEB_DISPLAY"/>
		</surface>
		<surface xml:id="IBR08-0011-0066v" n="137">
			<desc>0066v</desc>
			<graphic mimeType="pdf" url="%C3%8DBR%2011%208vo/137/HIGH_QUALITY_DISPLAY"/>
			<graphic mimeType="jpg" url="%C3%8DBR%2011%208vo/137/THUMBNAIL" width="198px" height="300px"/>
			<graphic mimeType="jpg" url="%C3%8DBR%2011%208vo/137/SECONDARY_DISPLAY" width="1077px" height="1632px"/>
			<graphic mimeType="pdf" url="%C3%8DBR%2011%208vo/137/WEB_DISPLAY"/>
		</surface>
		<surface xml:id="IBR08-0011-0067r" n="138">
			<desc>0067r</desc>
			<graphic mimeType="pdf" url="%C3%8DBR%2011%208vo/138/HIGH_QUALITY_DISPLAY"/>
			<graphic mimeType="jpg" url="%C3%8DBR%2011%208vo/138/THUMBNAIL" width="198px" height="300px"/>
			<graphic mimeType="jpg" url="%C3%8DBR%2011%208vo/138/SECONDARY_DISPLAY" width="1077px" height="1632px"/>
			<graphic mimeType="pdf" url="%C3%8DBR%2011%208vo/138/WEB_DISPLAY"/>
		</surface>
		<surface xml:id="IBR08-0011-0067v" n="139">
			<desc>0067v</desc>
			<graphic mimeType="pdf" url="%C3%8DBR%2011%208vo/139/HIGH_QUALITY_DISPLAY"/>
			<graphic mimeType="jpg" url="%C3%8DBR%2011%208vo/139/THUMBNAIL" width="198px" height="300px"/>
			<graphic mimeType="jpg" url="%C3%8DBR%2011%208vo/139/SECONDARY_DISPLAY" width="1077px" height="1632px"/>
			<graphic mimeType="pdf" url="%C3%8DBR%2011%208vo/139/WEB_DISPLAY"/>
		</surface>
		<surface xml:id="IBR08-0011-0068r" n="140">
			<desc>0068r</desc>
			<graphic mimeType="pdf" url="%C3%8DBR%2011%208vo/140/HIGH_QUALITY_DISPLAY"/>
			<graphic mimeType="jpg" url="%C3%8DBR%2011%208vo/140/THUMBNAIL" width="198px" height="300px"/>
			<graphic mimeType="jpg" url="%C3%8DBR%2011%208vo/140/SECONDARY_DISPLAY" width="1077px" height="1632px"/>
			<graphic mimeType="pdf" url="%C3%8DBR%2011%208vo/140/WEB_DISPLAY"/>
		</surface>
		<surface xml:id="IBR08-0011-0068v" n="141">
			<desc>0068v</desc>
			<graphic mimeType="pdf" url="%C3%8DBR%2011%208vo/141/HIGH_QUALITY_DISPLAY"/>
			<graphic mimeType="jpg" url="%C3%8DBR%2011%208vo/141/THUMBNAIL" width="198px" height="300px"/>
			<graphic mimeType="jpg" url="%C3%8DBR%2011%208vo/141/SECONDARY_DISPLAY" width="1077px" height="1632px"/>
			<graphic mimeType="pdf" url="%C3%8DBR%2011%208vo/141/WEB_DISPLAY"/>
		</surface>
		<surface xml:id="IBR08-0011-0069r" n="142">
			<desc>0069r</desc>
			<graphic mimeType="pdf" url="%C3%8DBR%2011%208vo/142/HIGH_QUALITY_DISPLAY"/>
			<graphic mimeType="jpg" url="%C3%8DBR%2011%208vo/142/THUMBNAIL" width="198px" height="300px"/>
			<graphic mimeType="jpg" url="%C3%8DBR%2011%208vo/142/SECONDARY_DISPLAY" width="1077px" height="1632px"/>
			<graphic mimeType="pdf" url="%C3%8DBR%2011%208vo/142/WEB_DISPLAY"/>
		</surface>
		<surface xml:id="IBR08-0011-0069v" n="143">
			<desc>0069v</desc>
			<graphic mimeType="pdf" url="%C3%8DBR%2011%208vo/143/HIGH_QUALITY_DISPLAY"/>
			<graphic mimeType="jpg" url="%C3%8DBR%2011%208vo/143/THUMBNAIL" width="198px" height="300px"/>
			<graphic mimeType="jpg" url="%C3%8DBR%2011%208vo/143/SECONDARY_DISPLAY" width="1077px" height="1632px"/>
			<graphic mimeType="pdf" url="%C3%8DBR%2011%208vo/143/WEB_DISPLAY"/>
		</surface>
		<surface xml:id="IBR08-0011-0070r" n="144">
			<desc>0070r</desc>
			<graphic mimeType="pdf" url="%C3%8DBR%2011%208vo/144/HIGH_QUALITY_DISPLAY"/>
			<graphic mimeType="jpg" url="%C3%8DBR%2011%208vo/144/THUMBNAIL" width="198px" height="300px"/>
			<graphic mimeType="jpg" url="%C3%8DBR%2011%208vo/144/SECONDARY_DISPLAY" width="1077px" height="1632px"/>
			<graphic mimeType="pdf" url="%C3%8DBR%2011%208vo/144/WEB_DISPLAY"/>
		</surface>
		<surface xml:id="IBR08-0011-0070v" n="145">
			<desc>0070v</desc>
			<graphic mimeType="pdf" url="%C3%8DBR%2011%208vo/145/HIGH_QUALITY_DISPLAY"/>
			<graphic mimeType="jpg" url="%C3%8DBR%2011%208vo/145/THUMBNAIL" width="198px" height="300px"/>
			<graphic mimeType="jpg" url="%C3%8DBR%2011%208vo/145/SECONDARY_DISPLAY" width="1077px" height="1632px"/>
			<graphic mimeType="pdf" url="%C3%8DBR%2011%208vo/145/WEB_DISPLAY"/>
		</surface>
		<surface xml:id="IBR08-0011-0071r" n="146">
			<desc>0071r</desc>
			<graphic mimeType="pdf" url="%C3%8DBR%2011%208vo/146/HIGH_QUALITY_DISPLAY"/>
			<graphic mimeType="jpg" url="%C3%8DBR%2011%208vo/146/THUMBNAIL" width="198px" height="300px"/>
			<graphic mimeType="jpg" url="%C3%8DBR%2011%208vo/146/SECONDARY_DISPLAY" width="1077px" height="1632px"/>
			<graphic mimeType="pdf" url="%C3%8DBR%2011%208vo/146/WEB_DISPLAY"/>
		</surface>
		<surface xml:id="IBR08-0011-0071v" n="147">
			<desc>0071v</desc>
			<graphic mimeType="pdf" url="%C3%8DBR%2011%208vo/147/HIGH_QUALITY_DISPLAY"/>
			<graphic mimeType="jpg" url="%C3%8DBR%2011%208vo/147/THUMBNAIL" width="198px" height="300px"/>
			<graphic mimeType="jpg" url="%C3%8DBR%2011%208vo/147/SECONDARY_DISPLAY" width="1077px" height="1632px"/>
			<graphic mimeType="pdf" url="%C3%8DBR%2011%208vo/147/WEB_DISPLAY"/>
		</surface>
		<surface xml:id="IBR08-0011-0072r" n="148">
			<desc>0072r</desc>
			<graphic mimeType="pdf" url="%C3%8DBR%2011%208vo/148/HIGH_QUALITY_DISPLAY"/>
			<graphic mimeType="jpg" url="%C3%8DBR%2011%208vo/148/THUMBNAIL" width="198px" height="300px"/>
			<graphic mimeType="jpg" url="%C3%8DBR%2011%208vo/148/SECONDARY_DISPLAY" width="1077px" height="1632px"/>
			<graphic mimeType="pdf" url="%C3%8DBR%2011%208vo/148/WEB_DISPLAY"/>
		</surface>
		<surface xml:id="IBR08-0011-0072v" n="149">
			<desc>0072v</desc>
			<graphic mimeType="pdf" url="%C3%8DBR%2011%208vo/149/HIGH_QUALITY_DISPLAY"/>
			<graphic mimeType="jpg" url="%C3%8DBR%2011%208vo/149/THUMBNAIL" width="198px" height="300px"/>
			<graphic mimeType="jpg" url="%C3%8DBR%2011%208vo/149/SECONDARY_DISPLAY" width="1077px" height="1632px"/>
			<graphic mimeType="pdf" url="%C3%8DBR%2011%208vo/149/WEB_DISPLAY"/>
		</surface>
		<surface xml:id="IBR08-0011-0073r" n="150">
			<desc>0073r</desc>
			<graphic mimeType="pdf" url="%C3%8DBR%2011%208vo/150/HIGH_QUALITY_DISPLAY"/>
			<graphic mimeType="jpg" url="%C3%8DBR%2011%208vo/150/THUMBNAIL" width="198px" height="300px"/>
			<graphic mimeType="jpg" url="%C3%8DBR%2011%208vo/150/SECONDARY_DISPLAY" width="1077px" height="1632px"/>
			<graphic mimeType="pdf" url="%C3%8DBR%2011%208vo/150/WEB_DISPLAY"/>
		</surface>
		<surface xml:id="IBR08-0011-0073v" n="151">
			<desc>0073v</desc>
			<graphic mimeType="pdf" url="%C3%8DBR%2011%208vo/151/HIGH_QUALITY_DISPLAY"/>
			<graphic mimeType="jpg" url="%C3%8DBR%2011%208vo/151/THUMBNAIL" width="195px" height="300px"/>
			<graphic mimeType="jpg" url="%C3%8DBR%2011%208vo/151/SECONDARY_DISPLAY" width="1076px" height="1656px"/>
			<graphic mimeType="pdf" url="%C3%8DBR%2011%208vo/151/WEB_DISPLAY"/>
		</surface>
		<surface xml:id="IBR08-0011-0074r" n="152">
			<desc>0074r</desc>
			<graphic mimeType="pdf" url="%C3%8DBR%2011%208vo/152/HIGH_QUALITY_DISPLAY"/>
			<graphic mimeType="jpg" url="%C3%8DBR%2011%208vo/152/THUMBNAIL" width="195px" height="300px"/>
			<graphic mimeType="jpg" url="%C3%8DBR%2011%208vo/152/SECONDARY_DISPLAY" width="1076px" height="1656px"/>
			<graphic mimeType="pdf" url="%C3%8DBR%2011%208vo/152/WEB_DISPLAY"/>
		</surface>
		<surface xml:id="IBR08-0011-0074v" n="153">
			<desc>0074v</desc>
			<graphic mimeType="pdf" url="%C3%8DBR%2011%208vo/153/HIGH_QUALITY_DISPLAY"/>
			<graphic mimeType="jpg" url="%C3%8DBR%2011%208vo/153/THUMBNAIL" width="195px" height="300px"/>
			<graphic mimeType="jpg" url="%C3%8DBR%2011%208vo/153/SECONDARY_DISPLAY" width="1076px" height="1656px"/>
			<graphic mimeType="pdf" url="%C3%8DBR%2011%208vo/153/WEB_DISPLAY"/>
		</surface>
		<surface xml:id="IBR08-0011-0075r" n="154">
			<desc>0075r</desc>
			<graphic mimeType="pdf" url="%C3%8DBR%2011%208vo/154/HIGH_QUALITY_DISPLAY"/>
			<graphic mimeType="jpg" url="%C3%8DBR%2011%208vo/154/THUMBNAIL" width="195px" height="300px"/>
			<graphic mimeType="jpg" url="%C3%8DBR%2011%208vo/154/SECONDARY_DISPLAY" width="1076px" height="1656px"/>
			<graphic mimeType="pdf" url="%C3%8DBR%2011%208vo/154/WEB_DISPLAY"/>
		</surface>
		<surface xml:id="IBR08-0011-0075v" n="155">
			<desc>0075v</desc>
			<graphic mimeType="pdf" url="%C3%8DBR%2011%208vo/155/HIGH_QUALITY_DISPLAY"/>
			<graphic mimeType="jpg" url="%C3%8DBR%2011%208vo/155/THUMBNAIL" width="195px" height="300px"/>
			<graphic mimeType="jpg" url="%C3%8DBR%2011%208vo/155/SECONDARY_DISPLAY" width="1076px" height="1656px"/>
			<graphic mimeType="pdf" url="%C3%8DBR%2011%208vo/155/WEB_DISPLAY"/>
		</surface>
		<surface xml:id="IBR08-0011-0076r" n="156">
			<desc>0076r</desc>
			<graphic mimeType="pdf" url="%C3%8DBR%2011%208vo/156/HIGH_QUALITY_DISPLAY"/>
			<graphic mimeType="jpg" url="%C3%8DBR%2011%208vo/156/THUMBNAIL" width="195px" height="300px"/>
			<graphic mimeType="jpg" url="%C3%8DBR%2011%208vo/156/SECONDARY_DISPLAY" width="1076px" height="1656px"/>
			<graphic mimeType="pdf" url="%C3%8DBR%2011%208vo/156/WEB_DISPLAY"/>
		</surface>
		<surface xml:id="IBR08-0011-0076v" n="157">
			<desc>0076v</desc>
			<graphic mimeType="pdf" url="%C3%8DBR%2011%208vo/157/HIGH_QUALITY_DISPLAY"/>
			<graphic mimeType="jpg" url="%C3%8DBR%2011%208vo/157/THUMBNAIL" width="195px" height="300px"/>
			<graphic mimeType="jpg" url="%C3%8DBR%2011%208vo/157/SECONDARY_DISPLAY" width="1076px" height="1656px"/>
			<graphic mimeType="pdf" url="%C3%8DBR%2011%208vo/157/WEB_DISPLAY"/>
		</surface>
		<surface xml:id="IBR08-0011-0077r" n="158">
			<desc>0077r</desc>
			<graphic mimeType="pdf" url="%C3%8DBR%2011%208vo/158/HIGH_QUALITY_DISPLAY"/>
			<graphic mimeType="jpg" url="%C3%8DBR%2011%208vo/158/THUMBNAIL" width="195px" height="300px"/>
			<graphic mimeType="jpg" url="%C3%8DBR%2011%208vo/158/SECONDARY_DISPLAY" width="1076px" height="1656px"/>
			<graphic mimeType="pdf" url="%C3%8DBR%2011%208vo/158/WEB_DISPLAY"/>
		</surface>
		<surface xml:id="IBR08-0011-0077v" n="159">
			<desc>0077v</desc>
			<graphic mimeType="pdf" url="%C3%8DBR%2011%208vo/159/HIGH_QUALITY_DISPLAY"/>
			<graphic mimeType="jpg" url="%C3%8DBR%2011%208vo/159/THUMBNAIL" width="195px" height="300px"/>
			<graphic mimeType="jpg" url="%C3%8DBR%2011%208vo/159/SECONDARY_DISPLAY" width="1076px" height="1656px"/>
			<graphic mimeType="pdf" url="%C3%8DBR%2011%208vo/159/WEB_DISPLAY"/>
		</surface>
		<surface xml:id="IBR08-0011-0078r" n="160">
			<desc>0078r</desc>
			<graphic mimeType="pdf" url="%C3%8DBR%2011%208vo/160/HIGH_QUALITY_DISPLAY"/>
			<graphic mimeType="jpg" url="%C3%8DBR%2011%208vo/160/THUMBNAIL" width="195px" height="300px"/>
			<graphic mimeType="jpg" url="%C3%8DBR%2011%208vo/160/SECONDARY_DISPLAY" width="1076px" height="1656px"/>
			<graphic mimeType="pdf" url="%C3%8DBR%2011%208vo/160/WEB_DISPLAY"/>
		</surface>
		<surface xml:id="IBR08-0011-0078v" n="161">
			<desc>0078v</desc>
			<graphic mimeType="pdf" url="%C3%8DBR%2011%208vo/161/HIGH_QUALITY_DISPLAY"/>
			<graphic mimeType="jpg" url="%C3%8DBR%2011%208vo/161/THUMBNAIL" width="195px" height="300px"/>
			<graphic mimeType="jpg" url="%C3%8DBR%2011%208vo/161/SECONDARY_DISPLAY" width="1076px" height="1656px"/>
			<graphic mimeType="pdf" url="%C3%8DBR%2011%208vo/161/WEB_DISPLAY"/>
		</surface>
		<surface xml:id="IBR08-0011-0079r" n="162">
			<desc>0079r</desc>
			<graphic mimeType="pdf" url="%C3%8DBR%2011%208vo/162/HIGH_QUALITY_DISPLAY"/>
			<graphic mimeType="jpg" url="%C3%8DBR%2011%208vo/162/THUMBNAIL" width="195px" height="300px"/>
			<graphic mimeType="jpg" url="%C3%8DBR%2011%208vo/162/SECONDARY_DISPLAY" width="1076px" height="1656px"/>
			<graphic mimeType="pdf" url="%C3%8DBR%2011%208vo/162/WEB_DISPLAY"/>
		</surface>
		<surface xml:id="IBR08-0011-0079v" n="163">
			<desc>0079v</desc>
			<graphic mimeType="pdf" url="%C3%8DBR%2011%208vo/163/HIGH_QUALITY_DISPLAY"/>
			<graphic mimeType="jpg" url="%C3%8DBR%2011%208vo/163/THUMBNAIL" width="195px" height="300px"/>
			<graphic mimeType="jpg" url="%C3%8DBR%2011%208vo/163/SECONDARY_DISPLAY" width="1076px" height="1656px"/>
			<graphic mimeType="pdf" url="%C3%8DBR%2011%208vo/163/WEB_DISPLAY"/>
		</surface>
		<surface xml:id="IBR08-0011-0080r" n="164">
			<desc>0080r</desc>
			<graphic mimeType="pdf" url="%C3%8DBR%2011%208vo/164/HIGH_QUALITY_DISPLAY"/>
			<graphic mimeType="jpg" url="%C3%8DBR%2011%208vo/164/THUMBNAIL" width="195px" height="300px"/>
			<graphic mimeType="jpg" url="%C3%8DBR%2011%208vo/164/SECONDARY_DISPLAY" width="1076px" height="1656px"/>
			<graphic mimeType="pdf" url="%C3%8DBR%2011%208vo/164/WEB_DISPLAY"/>
		</surface>
		<surface xml:id="IBR08-0011-0080v" n="165">
			<desc>0080v</desc>
			<graphic mimeType="pdf" url="%C3%8DBR%2011%208vo/165/HIGH_QUALITY_DISPLAY"/>
			<graphic mimeType="jpg" url="%C3%8DBR%2011%208vo/165/THUMBNAIL" width="195px" height="300px"/>
			<graphic mimeType="jpg" url="%C3%8DBR%2011%208vo/165/SECONDARY_DISPLAY" width="1076px" height="1656px"/>
			<graphic mimeType="pdf" url="%C3%8DBR%2011%208vo/165/WEB_DISPLAY"/>
		</surface>
		<surface xml:id="IBR08-0011-0081r" n="166">
			<desc>0081r</desc>
			<graphic mimeType="pdf" url="%C3%8DBR%2011%208vo/166/HIGH_QUALITY_DISPLAY"/>
			<graphic mimeType="jpg" url="%C3%8DBR%2011%208vo/166/THUMBNAIL" width="195px" height="300px"/>
			<graphic mimeType="jpg" url="%C3%8DBR%2011%208vo/166/SECONDARY_DISPLAY" width="1076px" height="1656px"/>
			<graphic mimeType="pdf" url="%C3%8DBR%2011%208vo/166/WEB_DISPLAY"/>
		</surface>
		<surface xml:id="IBR08-0011-0081v" n="167">
			<desc>0081v</desc>
			<graphic mimeType="pdf" url="%C3%8DBR%2011%208vo/167/HIGH_QUALITY_DISPLAY"/>
			<graphic mimeType="jpg" url="%C3%8DBR%2011%208vo/167/THUMBNAIL" width="195px" height="300px"/>
			<graphic mimeType="jpg" url="%C3%8DBR%2011%208vo/167/SECONDARY_DISPLAY" width="1076px" height="1656px"/>
			<graphic mimeType="pdf" url="%C3%8DBR%2011%208vo/167/WEB_DISPLAY"/>
		</surface>
		<surface xml:id="IBR08-0011-0082r" n="168">
			<desc>0082r</desc>
			<graphic mimeType="pdf" url="%C3%8DBR%2011%208vo/168/HIGH_QUALITY_DISPLAY"/>
			<graphic mimeType="jpg" url="%C3%8DBR%2011%208vo/168/THUMBNAIL" width="195px" height="300px"/>
			<graphic mimeType="jpg" url="%C3%8DBR%2011%208vo/168/SECONDARY_DISPLAY" width="1076px" height="1656px"/>
			<graphic mimeType="pdf" url="%C3%8DBR%2011%208vo/168/WEB_DISPLAY"/>
		</surface>
		<surface xml:id="IBR08-0011-0082v" n="169">
			<desc>0082v</desc>
			<graphic mimeType="pdf" url="%C3%8DBR%2011%208vo/169/HIGH_QUALITY_DISPLAY"/>
			<graphic mimeType="jpg" url="%C3%8DBR%2011%208vo/169/THUMBNAIL" width="195px" height="300px"/>
			<graphic mimeType="jpg" url="%C3%8DBR%2011%208vo/169/SECONDARY_DISPLAY" width="1076px" height="1656px"/>
			<graphic mimeType="pdf" url="%C3%8DBR%2011%208vo/169/WEB_DISPLAY"/>
		</surface>
		<surface xml:id="IBR08-0011-0083r" n="170">
			<desc>0083r</desc>
			<graphic mimeType="pdf" url="%C3%8DBR%2011%208vo/170/HIGH_QUALITY_DISPLAY"/>
			<graphic mimeType="jpg" url="%C3%8DBR%2011%208vo/170/THUMBNAIL" width="195px" height="300px"/>
			<graphic mimeType="jpg" url="%C3%8DBR%2011%208vo/170/SECONDARY_DISPLAY" width="1076px" height="1656px"/>
			<graphic mimeType="pdf" url="%C3%8DBR%2011%208vo/170/WEB_DISPLAY"/>
		</surface>
		<surface xml:id="IBR08-0011-0083v" n="171">
			<desc>0083v</desc>
			<graphic mimeType="pdf" url="%C3%8DBR%2011%208vo/171/HIGH_QUALITY_DISPLAY"/>
			<graphic mimeType="jpg" url="%C3%8DBR%2011%208vo/171/THUMBNAIL" width="195px" height="300px"/>
			<graphic mimeType="jpg" url="%C3%8DBR%2011%208vo/171/SECONDARY_DISPLAY" width="1076px" height="1656px"/>
			<graphic mimeType="pdf" url="%C3%8DBR%2011%208vo/171/WEB_DISPLAY"/>
		</surface>
		<surface xml:id="IBR08-0011-0084r" n="172">
			<desc>0084r</desc>
			<graphic mimeType="pdf" url="%C3%8DBR%2011%208vo/172/HIGH_QUALITY_DISPLAY"/>
			<graphic mimeType="jpg" url="%C3%8DBR%2011%208vo/172/THUMBNAIL" width="195px" height="300px"/>
			<graphic mimeType="jpg" url="%C3%8DBR%2011%208vo/172/SECONDARY_DISPLAY" width="1076px" height="1656px"/>
			<graphic mimeType="pdf" url="%C3%8DBR%2011%208vo/172/WEB_DISPLAY"/>
		</surface>
		<surface xml:id="IBR08-0011-0084v" n="173">
			<desc>0084v</desc>
			<graphic mimeType="pdf" url="%C3%8DBR%2011%208vo/173/HIGH_QUALITY_DISPLAY"/>
			<graphic mimeType="jpg" url="%C3%8DBR%2011%208vo/173/THUMBNAIL" width="195px" height="300px"/>
			<graphic mimeType="jpg" url="%C3%8DBR%2011%208vo/173/SECONDARY_DISPLAY" width="1076px" height="1656px"/>
			<graphic mimeType="pdf" url="%C3%8DBR%2011%208vo/173/WEB_DISPLAY"/>
		</surface>
		<surface xml:id="IBR08-0011-0085r" n="174">
			<desc>0085r</desc>
			<graphic mimeType="pdf" url="%C3%8DBR%2011%208vo/174/HIGH_QUALITY_DISPLAY"/>
			<graphic mimeType="jpg" url="%C3%8DBR%2011%208vo/174/THUMBNAIL" width="195px" height="300px"/>
			<graphic mimeType="jpg" url="%C3%8DBR%2011%208vo/174/SECONDARY_DISPLAY" width="1076px" height="1656px"/>
			<graphic mimeType="pdf" url="%C3%8DBR%2011%208vo/174/WEB_DISPLAY"/>
		</surface>
		<surface xml:id="IBR08-0011-0085v" n="175">
			<desc>0085v</desc>
			<graphic mimeType="pdf" url="%C3%8DBR%2011%208vo/175/HIGH_QUALITY_DISPLAY"/>
			<graphic mimeType="jpg" url="%C3%8DBR%2011%208vo/175/THUMBNAIL" width="195px" height="300px"/>
			<graphic mimeType="jpg" url="%C3%8DBR%2011%208vo/175/SECONDARY_DISPLAY" width="1076px" height="1656px"/>
			<graphic mimeType="pdf" url="%C3%8DBR%2011%208vo/175/WEB_DISPLAY"/>
		</surface>
		<surface xml:id="IBR08-0011-9901r-RFl" n="176">
			<desc>9901r-RFl</desc>
			<graphic mimeType="pdf" url="%C3%8DBR%2011%208vo/176/HIGH_QUALITY_DISPLAY"/>
			<graphic mimeType="jpg" url="%C3%8DBR%2011%208vo/176/THUMBNAIL" width="195px" height="300px"/>
			<graphic mimeType="jpg" url="%C3%8DBR%2011%208vo/176/SECONDARY_DISPLAY" width="1076px" height="1656px"/>
			<graphic mimeType="pdf" url="%C3%8DBR%2011%208vo/176/WEB_DISPLAY"/>
		</surface>
		<surface xml:id="IBR08-0011-9901v-RFl" n="177">
			<desc>9901v-RFl</desc>
			<graphic mimeType="pdf" url="%C3%8DBR%2011%208vo/177/HIGH_QUALITY_DISPLAY"/>
			<graphic mimeType="jpg" url="%C3%8DBR%2011%208vo/177/THUMBNAIL" width="188px" height="300px"/>
			<graphic mimeType="jpg" url="%C3%8DBR%2011%208vo/177/SECONDARY_DISPLAY" width="1076px" height="1719px"/>
			<graphic mimeType="pdf" url="%C3%8DBR%2011%208vo/177/WEB_DISPLAY"/>
		</surface>
		<surface xml:id="IBR08-0011-9999r-RB" n="178">
			<desc>9999r-RB</desc>
			<graphic mimeType="pdf" url="%C3%8DBR%2011%208vo/178/HIGH_QUALITY_DISPLAY"/>
			<graphic mimeType="jpg" url="%C3%8DBR%2011%208vo/178/THUMBNAIL" width="188px" height="300px"/>
			<graphic mimeType="jpg" url="%C3%8DBR%2011%208vo/178/SECONDARY_DISPLAY" width="1077px" height="1719px"/>
			<graphic mimeType="pdf" url="%C3%8DBR%2011%208vo/178/WEB_DISPLAY"/>
		</surface>
		<surface xml:id="IBR08-0011-9999v-RB" n="179">
			<desc>9999v-RB</desc>
			<graphic mimeType="pdf" url="%C3%8DBR%2011%208vo/179/HIGH_QUALITY_DISPLAY"/>
			<graphic mimeType="jpg" url="%C3%8DBR%2011%208vo/179/THUMBNAIL" width="197px" height="300px"/>
			<graphic mimeType="jpg" url="%C3%8DBR%2011%208vo/179/SECONDARY_DISPLAY" width="1200px" height="1827px"/>
			<graphic mimeType="pdf" url="%C3%8DBR%2011%208vo/179/WEB_DISPLAY"/>
		</surface>
		<surface xml:id="IBR08-0011-Spine" n="180">
			<desc>Spine</desc>
			<graphic mimeType="pdf" url="%C3%8DBR%2011%208vo/180/HIGH_QUALITY_DISPLAY"/>
			<graphic mimeType="jpg" url="%C3%8DBR%2011%208vo/180/THUMBNAIL" width="86px" height="300px"/>
			<graphic mimeType="jpg" url="%C3%8DBR%2011%208vo/180/SECONDARY_DISPLAY" width="546px" height="1902px"/>
			<graphic mimeType="pdf" url="%C3%8DBR%2011%208vo/180/WEB_DISPLAY"/>
		</surface>
		<surface xml:id="IBR08-0011-Fore-Edge" n="181">
			<desc>Fore-Edge</desc>
			<graphic mimeType="pdf" url="%C3%8DBR%2011%208vo/181/HIGH_QUALITY_DISPLAY"/>
			<graphic mimeType="jpg" url="%C3%8DBR%2011%208vo/181/THUMBNAIL" width="80px" height="300px"/>
			<graphic mimeType="jpg" url="%C3%8DBR%2011%208vo/181/SECONDARY_DISPLAY" width="493px" height="1842px"/>
			<graphic mimeType="pdf" url="%C3%8DBR%2011%208vo/181/WEB_DISPLAY"/>
		</surface>
		<surface xml:id="IBR08-0011-Head-Edge" n="182">
			<desc>Head-Edge</desc>
			<graphic mimeType="pdf" url="%C3%8DBR%2011%208vo/182/HIGH_QUALITY_DISPLAY"/>
			<graphic mimeType="jpg" url="%C3%8DBR%2011%208vo/182/THUMBNAIL" width="99px" height="300px"/>
			<graphic mimeType="jpg" url="%C3%8DBR%2011%208vo/182/SECONDARY_DISPLAY" width="420px" height="1272px"/>
			<graphic mimeType="pdf" url="%C3%8DBR%2011%208vo/182/WEB_DISPLAY"/>
		</surface>
		<surface xml:id="IBR08-0011-Tail-Edge" n="183">
			<desc>Tail-Edge</desc>
			<graphic mimeType="pdf" url="%C3%8DBR%2011%208vo/183/HIGH_QUALITY_DISPLAY"/>
			<graphic mimeType="jpg" url="%C3%8DBR%2011%208vo/183/THUMBNAIL" width="114px" height="300px"/>
			<graphic mimeType="jpg" url="%C3%8DBR%2011%208vo/183/SECONDARY_DISPLAY" width="468px" height="1236px"/>
			<graphic mimeType="pdf" url="%C3%8DBR%2011%208vo/183/WEB_DISPLAY"/>
		</surface>
		<surface xml:id="IBR08-0011-Scale" n="184">
			<desc>Scale</desc>
			<graphic mimeType="pdf" url="%C3%8DBR%2011%208vo/184/HIGH_QUALITY_DISPLAY"/>
			<graphic mimeType="jpg" url="%C3%8DBR%2011%208vo/184/THUMBNAIL" width="180px" height="300px"/>
			<graphic mimeType="jpg" url="%C3%8DBR%2011%208vo/184/SECONDARY_DISPLAY" width="993px" height="1659px"/>
			<graphic mimeType="pdf" url="%C3%8DBR%2011%208vo/184/WEB_DISPLAY"/>
		</surface>
		<surface xml:id="IBR08-0011-ccp" n="185">
			<desc>ccp</desc>
			<graphic mimeType="pdf" url="%C3%8DBR%2011%208vo/185/HIGH_QUALITY_DISPLAY"/>
			<graphic mimeType="jpg" url="%C3%8DBR%2011%208vo/185/THUMBNAIL" width="200px" height="198px"/>
			<graphic mimeType="jpg" url="%C3%8DBR%2011%208vo/185/SECONDARY_DISPLAY" width="3390px" height="3354px"/>
			<graphic mimeType="pdf" url="%C3%8DBR%2011%208vo/185/WEB_DISPLAY"/>
		</surface>
	</facsimile>
</TEI>