<?xml version="1.0" encoding="UTF-8"?>
<?oxygen RNGSchema="http://www.handrit.is/schema/handrit-1.0.rnc" type="compact"?>
<TEI xmlns="http://www.tei-c.org/ns/1.0">
	<teiHeader>
		<fileDesc>
			<titleStmt>
				<title type="main">ÍBR 7 4to</title>
				<title type="subordinate"/>
			</titleStmt>
			<publicationStmt>
				<authority>Landsbókasafn Íslands - Háskólabókasafn</authority>
				<pubPlace>Reykjavík</pubPlace>
				<date when="2009-10-01">12. janúar 2010</date>
				<availability status="restricted">
					<p>Aðgangur aðeins mögulegur í fræðilegum tilgangi.</p>
				</availability>
			</publicationStmt>
			<sourceDesc>
				<msDesc xml:id="IBR04-0007-is" xml:lang="is">
					<msIdentifier>
						<country key="IS">Ísland</country>
						<settlement>Reykjavík</settlement>
						<institution>Landsbókasafn Íslands - Háskólabókasafn</institution>
						<repository>Handritasafn</repository>
						<collection>Handritasafn Reykjavíkurdeildar Hins íslenska bókmenntafélags</collection>
						<idno>ÍBR 7 4to</idno>
						<altIdentifier type="internal" subtype="PEO">
							<idno>7669</idno>
						</altIdentifier>
						<altIdentifier type="former">
							<idno>ÍBR A. 10.</idno>
						</altIdentifier>
						<altIdentifier type="former">
							<idno>ÍBR A. 11.</idno>
						</altIdentifier>
						<altIdentifier type="former">
							<idno>ÍBR A. 12.</idno>
						</altIdentifier>
					</msIdentifier>
					<msContents>
						<summary>
							<title type="supplied">Samtíningur</title>
							<note>4 hlutar.</note>
						</summary>
						<textLang mainLang="is">Íslenska</textLang>
					</msContents>
					<physDesc>
						<objectDesc form="codex">
							<supportDesc material="chart">
								<support>
									<p>Pappír.</p>
								</support>
								<extent>i + 62 blöð (<dimensions scope="all" type="leaf" unit="mm">
										<height>175-220</height>
										<width>83-185</width>
									</dimensions>).</extent>
							</supportDesc>
							<layoutDesc>
								<layout columns="1">
									<p>Einn dálkur.</p>
								</layout>
							</layoutDesc>
						</objectDesc>
						<handDesc hands="4">
							<summary>Fjórar hendur.</summary>
							<handNote scope="major" script="unknown">Þekktir skrifarar.</handNote>
						</handDesc>
						<bindingDesc>
							<binding contemporary="true" notBefore="1865" notAfter="1877">
								<decoNote>Band frá því um 1865. <locus from="0000r-FB" facs="#IBR04-0007-0000r-FB" to="0000r-FB">Pappakápa</locus> með <locus from="Spine" facs="#IBR04-0007-Spine" to="Spine">línkili.</locus>
								</decoNote>
								<condition>Slitið.</condition>
							</binding>
						</bindingDesc>
					</physDesc>
					<history>
						<origin>
							<origPlace>Ísland</origPlace>
							<origDate cert="low" from="1800" to="1865">1800-1865</origDate>
						</origin>
						<provenance>
							<p><name type="person" key="GudEin005">Guðmundur Einarsson</name>
								sýsluskrifari, gaf Reykjavíkurdeild Hins íslenska bókmenntafélags
									<date when="1865">1865</date>.</p>
							<p>Áður ÍBR. A. 10, 11 og 12.</p>
						</provenance>
						<acquisition>
							<p>Landsbókasafn keypti handritasafn Reykjavíkurdeildar Hins íslenska
								bókmenntafélags <date when="1901">1901</date>.</p>
						</acquisition>
					</history>
					<additional>
						<adminInfo>
							<recordHist>
								<source><name type="person" key="OrnHra001">Örn Hrafnkelsson</name>
									frumskráði fyrir myndvinnslu, <date when="2010-01-12">12. janúar
										2010</date> ; Handritaskrá, 3. b.</source>
							</recordHist>
							<availability status="free">
								<p>Handritið er hæft til notkunar.</p>
							</availability>
							<custodialHist>
								<custEvent type="conservation"><name type="person" key="PalPal003">Páll Pálsson</name> stúdent batt á árunum <date notBefore="1865" notAfter="1877">1865-1877</date>.</custEvent>
								<custEvent type="check">Athugað fyrir myndatöku <date when="2009">2009</date>.</custEvent>
								<custEvent type="photography">Myndað í <date when="2009-10">október
										2009</date>.</custEvent>
							</custodialHist>
						</adminInfo>
						<surrogates>
							<p>Myndað fyrir handritavef í <date when="2009-10">október
							2009</date>.</p>
						</surrogates>
					</additional>
					<msPart n="1">
						<altIdentifier type="partial">
							<idno>ÍBR 7 4to I. hluti</idno>
						</altIdentifier>
						<msContents>
							<textLang mainLang="is">Íslenska</textLang>
							<msItem n="1" defective="false" class="timat sagnfr">
								<locus from="1r" facs="#IBR04-0007-0001r" to="27v">1r-27v</locus>
								<author key="GudEin005">Guðmundur Einarsson</author>
								<rubric>Ártal Íslands</rubric>
								<msItem n="1.1" defective="false" class="timat sagnfr">
									<locus from="2r" facs="#IBR04-0007-0002r" to="3r">2r-3r</locus>
									<rubric>I. hluti frá því Ísland fannst til þess kristni var
										lögtekin</rubric>
								</msItem>
								<msItem n="1.2" defective="false" class="timat sagnfr">
									<locus from="3r" facs="#IBR04-0007-0003r" to="7r">3r-7r</locus>
									<rubric>II. hluti frá því kristni var lögtekin til þess landið
										kom undir konungs vald</rubric>
								</msItem>
								<msItem n="1.3" defective="false" class="timat sagnfr">
									<locus from="7r" facs="#IBR04-0007-0007r" to="11r">7r-11r</locus>
									<rubric>III. hluti frá því landið varð háð Noregskonungum til
										þess það kom undir yfirráð Danakonunga</rubric>
								</msItem>
								<msItem n="1.4" defective="false" class="timat sagnfr">
									<locus from="11r" facs="#IBR04-0007-0011r" to="16v">11r-16v</locus>
									<rubric>IV. hluti frá því kom undir yfirráð Danak<ex>onun</ex>ga
										og allt fram að siðaskiptum</rubric>
								</msItem>
								<msItem n="1.5" defective="false" class="timat sagnfr">
									<locus from="16v" facs="#IBR04-0007-0016v" to="27v">16v-27v</locus>
									<rubric>V. hluti frá siðaskiptunum til þess alíngi lagðist
									niður</rubric>
								</msItem>
							</msItem>
						</msContents>
						<physDesc>
							<objectDesc form="codex">
								<supportDesc material="chart">
									<support>
										<p>Pappír.</p>
									</support>
									<extent>27 blöð (<dimensions scope="all" type="leaf" unit="mm">
											<height>200</height>
											<width>160</width>
										</dimensions>). Blað 27 er stærra: <dimensions scope="all" type="leaf" unit="mm">
											<height>220</height>
											<width>185</width>
										</dimensions>. Autt blað: 1v.</extent>
								</supportDesc>
								<layoutDesc>
									<layout columns="1">
										<p>Einn dálkur.</p>
									</layout>
								</layoutDesc>
							</objectDesc>
							<handDesc hands="1">
								<summary>Ein hönd ; Skrifari:</summary>
								<handNote scope="sole" script="humcursiva" scribe="GudEin005"><name type="person" key="GudEin005">Guðmundur
								Einarsson</name>.</handNote>
							</handDesc>
						</physDesc>
						<history>
							<origin>
								<origPlace>Ísland</origPlace>
								<origDate cert="medium" from="1850" to="1865">1850-1865</origDate>
							</origin>
							<provenance>
								<p>Áður ÍBR. A. 10.</p>
							</provenance>
						</history>
					</msPart>
					<msPart n="2">
						<altIdentifier type="partial">
							<idno>ÍBR 7 4to II. hluti</idno>
						</altIdentifier>
						<msContents>
							<textLang mainLang="is">Íslenska</textLang>
							<msItem n="1" defective="false" class="timat sagnfr">
								<locus from="28v" facs="#IBR04-0007-0028v" to="39v">28v-39v</locus>
								<author key="GerSch001">Gerhard Schøning</author>
								<rubric>Chronologisk sonjectura um útbreiðslu Norðurlandaþjóða löguð
									eftir Schöning</rubric>
								<respStmt>
									<resp key="trl">Þýðandi: </resp>
									<name type="person" key="JonEsp001">Jón Espólín</name>
								</respStmt>
							</msItem>
						</msContents>
						<physDesc>
							<objectDesc form="codex">
								<supportDesc material="chart">
									<support>
										<p>Pappír.</p>
									</support>
									<extent>12 blöð (<dimensions scope="all" type="leaf" unit="mm">
											<height>192</height>
											<width>180</width>
										</dimensions>).</extent>
								</supportDesc>
								<layoutDesc>
									<layout columns="1">
										<p>Einn dálkur.</p>
									</layout>
								</layoutDesc>
							</objectDesc>
							<handDesc hands="1">
								<summary>Ein hönd ; Skrifari:</summary>
								<handNote scope="sole" script="humcursiva" scribe="JonEsp001"><name type="person" key="JonEsp001">Jón Espólín</name>.</handNote>
							</handDesc>
						</physDesc>
						<history>
							<origin>
								<origPlace>Ísland</origPlace>
								<origDate cert="medium" from="1800" to="1836">1800-1836</origDate>
							</origin>
							<provenance>
								<p>Áður ÍBR. A. 10.</p>
							</provenance>
						</history>
					</msPart>
					<msPart n="3">
						<altIdentifier type="partial">
							<idno>ÍBR 7 4to III. hluti</idno>
						</altIdentifier>
						<msContents>
							<textLang mainLang="is">Íslenska</textLang>
							<msItem n="1" defective="false" class="timat sagnfr">
								<locus from="40r" facs="#IBR04-0007-0040r" to="50v">40r-50r</locus>
								<author key="DadNie001">Daði Níelsson</author>
								<rubric>Íslands tímatals ágrip frá þess byggingu til þess árið 1800,
									samantekið í … október 1836 af D. N. Gr.</rubric>
								<colophon>Seigneur Guðmundur Arnljótsson á. Ég bið hann að taka
									viljan fyrir verið og forláta. D. Nielsson Gr. Þann 4da aprílis
									1839. (<locus from="50r" facs="#IBR04-0007-0050r" to="50r">50r</locus>)</colophon>
							</msItem>
						</msContents>
						<physDesc>
							<objectDesc form="codex">
								<supportDesc material="chart">
									<support>
										<p>Pappír.</p>
									</support>
									<extent>11 blöð (<dimensions scope="all" type="leaf" unit="mm">
											<height>175</height>
											<width>106</width>
										</dimensions>). Autt blað: 50v.</extent>
								</supportDesc>
								<layoutDesc>
									<layout columns="1">
										<p>Einn dálkur.</p>
									</layout>
								</layoutDesc>
							</objectDesc>
							<handDesc hands="1">
								<summary>Ein hönd ; Skrifari:</summary>
								<handNote scope="sole" script="humcursiva" scribe="DadNie001"><name type="person" key="DadNie001">Daði
								Níelsson</name>.</handNote>
							</handDesc>
						</physDesc>
						<history>
							<origin>
								<origPlace>Ísland</origPlace>
								<origDate cert="high" when="1839">1839</origDate>
							</origin>
							<provenance>
								<p>Áður ÍBR. A. 11.</p>
							</provenance>
						</history>
					</msPart>
					<msPart n="4">
						<altIdentifier type="partial">
							<idno>ÍBR 7 4to IV. hluti</idno>
						</altIdentifier>
						<msContents>
							<textLang mainLang="is">Íslenska</textLang>
							<msItem n="1" defective="false" class="timat sagnfr">
								<locus from="51r" facs="#IBR04-0007-0051r" to="62r">51r-62r</locus>
								<rubric>Registrum allra þeirra lögmanna sem á Íslandi verið hafa
								…</rubric>
							</msItem>
						</msContents>
						<physDesc>
							<objectDesc form="codex">
								<supportDesc material="chart">
									<support>
										<p>Pappír.</p>
									</support>
									<extent>12 blöð (<dimensions scope="all" type="leaf" unit="mm">
											<height>158</height>
											<width>88</width>
										</dimensions>). Auð blöð: 57r, 58 og 61v-62v.</extent>
								</supportDesc>
								<layoutDesc>
									<layout columns="1">
										<p>Einn dálkur.</p>
									</layout>
								</layoutDesc>
							</objectDesc>
							<handDesc hands="1">
								<summary>Ein hönd ; Skrifari:</summary>
								<handNote scope="sole" script="humcursiva" scribe="HalHja001"><name type="person" key="HalHja001">Halldór
								Hjálmarsson</name>.</handNote>
							</handDesc>
						</physDesc>
						<history>
							<origin>
								<origPlace>Ísland</origPlace>
								<origDate cert="medium" when="1800">1800</origDate>
							</origin>
							<provenance>
								<p>Áður ÍBR. A. 12.</p>
							</provenance>
						</history>
					</msPart>
				</msDesc>
			</sourceDesc>
		</fileDesc>
	</teiHeader>
	<facsimile xml:base="https://myndir.handrit.is/file/Handrit.is/">
		<surface xml:id="IBR04-0007-0000r-FB" n="0">
			<desc>0000r-FB</desc>
			<graphic mimeType="pdf" url="%C3%8DBR%207%204to/0/HIGH_QUALITY_DISPLAY"/>
			<graphic mimeType="jpg" url="%C3%8DBR%207%204to/0/THUMBNAIL" width="200px" height="238px"/>
			<graphic mimeType="jpg" url="%C3%8DBR%207%204to/0/SECONDARY_DISPLAY" width="2252px" height="2676px"/>
			<graphic mimeType="pdf" url="%C3%8DBR%207%204to/0/WEB_DISPLAY"/>
		</surface>
		<surface xml:id="IBR04-0007-0000v-FB" n="1">
			<desc>0000v-FB</desc>
			<graphic mimeType="pdf" url="%C3%8DBR%207%204to/1/HIGH_QUALITY_DISPLAY"/>
			<graphic mimeType="jpg" url="%C3%8DBR%207%204to/1/THUMBNAIL" width="200px" height="242px"/>
			<graphic mimeType="jpg" url="%C3%8DBR%207%204to/1/SECONDARY_DISPLAY" width="2136px" height="2584px"/>
			<graphic mimeType="pdf" url="%C3%8DBR%207%204to/1/WEB_DISPLAY"/>
		</surface>
		<surface xml:id="IBR04-0007-0001r-FFl" n="2">
			<desc>0001r-FFl</desc>
			<graphic mimeType="pdf" url="%C3%8DBR%207%204to/2/HIGH_QUALITY_DISPLAY"/>
			<graphic mimeType="jpg" url="%C3%8DBR%207%204to/2/THUMBNAIL" width="200px" height="242px"/>
			<graphic mimeType="jpg" url="%C3%8DBR%207%204to/2/SECONDARY_DISPLAY" width="2136px" height="2584px"/>
			<graphic mimeType="pdf" url="%C3%8DBR%207%204to/2/WEB_DISPLAY"/>
		</surface>
		<surface xml:id="IBR04-0007-0001v-FFl" n="3">
			<desc>0001v-FFl</desc>
			<graphic mimeType="pdf" url="%C3%8DBR%207%204to/3/HIGH_QUALITY_DISPLAY"/>
			<graphic mimeType="jpg" url="%C3%8DBR%207%204to/3/THUMBNAIL" width="200px" height="240px"/>
			<graphic mimeType="jpg" url="%C3%8DBR%207%204to/3/SECONDARY_DISPLAY" width="2119px" height="2544px"/>
			<graphic mimeType="pdf" url="%C3%8DBR%207%204to/3/WEB_DISPLAY"/>
		</surface>
		<surface xml:id="IBR04-0007-0001r" n="4">
			<desc>0001r</desc>
			<graphic mimeType="pdf" url="%C3%8DBR%207%204to/4/HIGH_QUALITY_DISPLAY"/>
			<graphic mimeType="jpg" url="%C3%8DBR%207%204to/4/THUMBNAIL" width="200px" height="240px"/>
			<graphic mimeType="jpg" url="%C3%8DBR%207%204to/4/SECONDARY_DISPLAY" width="2119px" height="2544px"/>
			<graphic mimeType="pdf" url="%C3%8DBR%207%204to/4/WEB_DISPLAY"/>
		</surface>
		<surface xml:id="IBR04-0007-0001v" n="5">
			<desc>0001v</desc>
			<graphic mimeType="pdf" url="%C3%8DBR%207%204to/5/HIGH_QUALITY_DISPLAY"/>
			<graphic mimeType="jpg" url="%C3%8DBR%207%204to/5/THUMBNAIL" width="200px" height="239px"/>
			<graphic mimeType="jpg" url="%C3%8DBR%207%204to/5/SECONDARY_DISPLAY" width="2132px" height="2544px"/>
			<graphic mimeType="pdf" url="%C3%8DBR%207%204to/5/WEB_DISPLAY"/>
		</surface>
		<surface xml:id="IBR04-0007-0002r" n="6">
			<desc>0002r</desc>
			<graphic mimeType="pdf" url="%C3%8DBR%207%204to/6/HIGH_QUALITY_DISPLAY"/>
			<graphic mimeType="jpg" url="%C3%8DBR%207%204to/6/THUMBNAIL" width="200px" height="239px"/>
			<graphic mimeType="jpg" url="%C3%8DBR%207%204to/6/SECONDARY_DISPLAY" width="2132px" height="2544px"/>
			<graphic mimeType="pdf" url="%C3%8DBR%207%204to/6/WEB_DISPLAY"/>
		</surface>
		<surface xml:id="IBR04-0007-0002v" n="7">
			<desc>0002v</desc>
			<graphic mimeType="pdf" url="%C3%8DBR%207%204to/7/HIGH_QUALITY_DISPLAY"/>
			<graphic mimeType="jpg" url="%C3%8DBR%207%204to/7/THUMBNAIL" width="200px" height="239px"/>
			<graphic mimeType="jpg" url="%C3%8DBR%207%204to/7/SECONDARY_DISPLAY" width="2132px" height="2544px"/>
			<graphic mimeType="pdf" url="%C3%8DBR%207%204to/7/WEB_DISPLAY"/>
		</surface>
		<surface xml:id="IBR04-0007-0003r" n="8">
			<desc>0003r</desc>
			<graphic mimeType="pdf" url="%C3%8DBR%207%204to/8/HIGH_QUALITY_DISPLAY"/>
			<graphic mimeType="jpg" url="%C3%8DBR%207%204to/8/THUMBNAIL" width="200px" height="239px"/>
			<graphic mimeType="jpg" url="%C3%8DBR%207%204to/8/SECONDARY_DISPLAY" width="2132px" height="2544px"/>
			<graphic mimeType="pdf" url="%C3%8DBR%207%204to/8/WEB_DISPLAY"/>
		</surface>
		<surface xml:id="IBR04-0007-0003v" n="9">
			<desc>0003v</desc>
			<graphic mimeType="pdf" url="%C3%8DBR%207%204to/9/HIGH_QUALITY_DISPLAY"/>
			<graphic mimeType="jpg" url="%C3%8DBR%207%204to/9/THUMBNAIL" width="200px" height="239px"/>
			<graphic mimeType="jpg" url="%C3%8DBR%207%204to/9/SECONDARY_DISPLAY" width="2132px" height="2544px"/>
			<graphic mimeType="pdf" url="%C3%8DBR%207%204to/9/WEB_DISPLAY"/>
		</surface>
		<surface xml:id="IBR04-0007-0004r" n="10">
			<desc>0004r</desc>
			<graphic mimeType="pdf" url="%C3%8DBR%207%204to/10/HIGH_QUALITY_DISPLAY"/>
			<graphic mimeType="jpg" url="%C3%8DBR%207%204to/10/THUMBNAIL" width="200px" height="239px"/>
			<graphic mimeType="jpg" url="%C3%8DBR%207%204to/10/SECONDARY_DISPLAY" width="2132px" height="2544px"/>
			<graphic mimeType="pdf" url="%C3%8DBR%207%204to/10/WEB_DISPLAY"/>
		</surface>
		<surface xml:id="IBR04-0007-0004v" n="11">
			<desc>0004v</desc>
			<graphic mimeType="pdf" url="%C3%8DBR%207%204to/11/HIGH_QUALITY_DISPLAY"/>
			<graphic mimeType="jpg" url="%C3%8DBR%207%204to/11/THUMBNAIL" width="200px" height="239px"/>
			<graphic mimeType="jpg" url="%C3%8DBR%207%204to/11/SECONDARY_DISPLAY" width="2132px" height="2544px"/>
			<graphic mimeType="pdf" url="%C3%8DBR%207%204to/11/WEB_DISPLAY"/>
		</surface>
		<surface xml:id="IBR04-0007-0005r" n="12">
			<desc>0005r</desc>
			<graphic mimeType="pdf" url="%C3%8DBR%207%204to/12/HIGH_QUALITY_DISPLAY"/>
			<graphic mimeType="jpg" url="%C3%8DBR%207%204to/12/THUMBNAIL" width="200px" height="239px"/>
			<graphic mimeType="jpg" url="%C3%8DBR%207%204to/12/SECONDARY_DISPLAY" width="2132px" height="2544px"/>
			<graphic mimeType="pdf" url="%C3%8DBR%207%204to/12/WEB_DISPLAY"/>
		</surface>
		<surface xml:id="IBR04-0007-0005v" n="13">
			<desc>0005v</desc>
			<graphic mimeType="pdf" url="%C3%8DBR%207%204to/13/HIGH_QUALITY_DISPLAY"/>
			<graphic mimeType="jpg" url="%C3%8DBR%207%204to/13/THUMBNAIL" width="200px" height="239px"/>
			<graphic mimeType="jpg" url="%C3%8DBR%207%204to/13/SECONDARY_DISPLAY" width="2132px" height="2544px"/>
			<graphic mimeType="pdf" url="%C3%8DBR%207%204to/13/WEB_DISPLAY"/>
		</surface>
		<surface xml:id="IBR04-0007-0006r" n="14">
			<desc>0006r</desc>
			<graphic mimeType="pdf" url="%C3%8DBR%207%204to/14/HIGH_QUALITY_DISPLAY"/>
			<graphic mimeType="jpg" url="%C3%8DBR%207%204to/14/THUMBNAIL" width="200px" height="239px"/>
			<graphic mimeType="jpg" url="%C3%8DBR%207%204to/14/SECONDARY_DISPLAY" width="2132px" height="2544px"/>
			<graphic mimeType="pdf" url="%C3%8DBR%207%204to/14/WEB_DISPLAY"/>
		</surface>
		<surface xml:id="IBR04-0007-0006v" n="15">
			<desc>0006v</desc>
			<graphic mimeType="pdf" url="%C3%8DBR%207%204to/15/HIGH_QUALITY_DISPLAY"/>
			<graphic mimeType="jpg" url="%C3%8DBR%207%204to/15/THUMBNAIL" width="200px" height="239px"/>
			<graphic mimeType="jpg" url="%C3%8DBR%207%204to/15/SECONDARY_DISPLAY" width="2132px" height="2544px"/>
			<graphic mimeType="pdf" url="%C3%8DBR%207%204to/15/WEB_DISPLAY"/>
		</surface>
		<surface xml:id="IBR04-0007-0007r" n="16">
			<desc>0007r</desc>
			<graphic mimeType="pdf" url="%C3%8DBR%207%204to/16/HIGH_QUALITY_DISPLAY"/>
			<graphic mimeType="jpg" url="%C3%8DBR%207%204to/16/THUMBNAIL" width="200px" height="239px"/>
			<graphic mimeType="jpg" url="%C3%8DBR%207%204to/16/SECONDARY_DISPLAY" width="2132px" height="2544px"/>
			<graphic mimeType="pdf" url="%C3%8DBR%207%204to/16/WEB_DISPLAY"/>
		</surface>
		<surface xml:id="IBR04-0007-0007v" n="17">
			<desc>0007v</desc>
			<graphic mimeType="pdf" url="%C3%8DBR%207%204to/17/HIGH_QUALITY_DISPLAY"/>
			<graphic mimeType="jpg" url="%C3%8DBR%207%204to/17/THUMBNAIL" width="200px" height="239px"/>
			<graphic mimeType="jpg" url="%C3%8DBR%207%204to/17/SECONDARY_DISPLAY" width="2132px" height="2544px"/>
			<graphic mimeType="pdf" url="%C3%8DBR%207%204to/17/WEB_DISPLAY"/>
		</surface>
		<surface xml:id="IBR04-0007-0008r" n="18">
			<desc>0008r</desc>
			<graphic mimeType="pdf" url="%C3%8DBR%207%204to/18/HIGH_QUALITY_DISPLAY"/>
			<graphic mimeType="jpg" url="%C3%8DBR%207%204to/18/THUMBNAIL" width="200px" height="239px"/>
			<graphic mimeType="jpg" url="%C3%8DBR%207%204to/18/SECONDARY_DISPLAY" width="2132px" height="2544px"/>
			<graphic mimeType="pdf" url="%C3%8DBR%207%204to/18/WEB_DISPLAY"/>
		</surface>
		<surface xml:id="IBR04-0007-0008v" n="19">
			<desc>0008v</desc>
			<graphic mimeType="pdf" url="%C3%8DBR%207%204to/19/HIGH_QUALITY_DISPLAY"/>
			<graphic mimeType="jpg" url="%C3%8DBR%207%204to/19/THUMBNAIL" width="200px" height="239px"/>
			<graphic mimeType="jpg" url="%C3%8DBR%207%204to/19/SECONDARY_DISPLAY" width="2132px" height="2544px"/>
			<graphic mimeType="pdf" url="%C3%8DBR%207%204to/19/WEB_DISPLAY"/>
		</surface>
		<surface xml:id="IBR04-0007-0009r" n="20">
			<desc>0009r</desc>
			<graphic mimeType="pdf" url="%C3%8DBR%207%204to/20/HIGH_QUALITY_DISPLAY"/>
			<graphic mimeType="jpg" url="%C3%8DBR%207%204to/20/THUMBNAIL" width="200px" height="239px"/>
			<graphic mimeType="jpg" url="%C3%8DBR%207%204to/20/SECONDARY_DISPLAY" width="2132px" height="2544px"/>
			<graphic mimeType="pdf" url="%C3%8DBR%207%204to/20/WEB_DISPLAY"/>
		</surface>
		<surface xml:id="IBR04-0007-0009v" n="21">
			<desc>0009v</desc>
			<graphic mimeType="pdf" url="%C3%8DBR%207%204to/21/HIGH_QUALITY_DISPLAY"/>
			<graphic mimeType="jpg" url="%C3%8DBR%207%204to/21/THUMBNAIL" width="200px" height="239px"/>
			<graphic mimeType="jpg" url="%C3%8DBR%207%204to/21/SECONDARY_DISPLAY" width="2132px" height="2544px"/>
			<graphic mimeType="pdf" url="%C3%8DBR%207%204to/21/WEB_DISPLAY"/>
		</surface>
		<surface xml:id="IBR04-0007-0010r" n="22">
			<desc>0010r</desc>
			<graphic mimeType="pdf" url="%C3%8DBR%207%204to/22/HIGH_QUALITY_DISPLAY"/>
			<graphic mimeType="jpg" url="%C3%8DBR%207%204to/22/THUMBNAIL" width="200px" height="239px"/>
			<graphic mimeType="jpg" url="%C3%8DBR%207%204to/22/SECONDARY_DISPLAY" width="2132px" height="2544px"/>
			<graphic mimeType="pdf" url="%C3%8DBR%207%204to/22/WEB_DISPLAY"/>
		</surface>
		<surface xml:id="IBR04-0007-0010v" n="23">
			<desc>0010v</desc>
			<graphic mimeType="pdf" url="%C3%8DBR%207%204to/23/HIGH_QUALITY_DISPLAY"/>
			<graphic mimeType="jpg" url="%C3%8DBR%207%204to/23/THUMBNAIL" width="200px" height="239px"/>
			<graphic mimeType="jpg" url="%C3%8DBR%207%204to/23/SECONDARY_DISPLAY" width="2132px" height="2544px"/>
			<graphic mimeType="pdf" url="%C3%8DBR%207%204to/23/WEB_DISPLAY"/>
		</surface>
		<surface xml:id="IBR04-0007-0011r" n="24">
			<desc>0011r</desc>
			<graphic mimeType="pdf" url="%C3%8DBR%207%204to/24/HIGH_QUALITY_DISPLAY"/>
			<graphic mimeType="jpg" url="%C3%8DBR%207%204to/24/THUMBNAIL" width="200px" height="239px"/>
			<graphic mimeType="jpg" url="%C3%8DBR%207%204to/24/SECONDARY_DISPLAY" width="2132px" height="2544px"/>
			<graphic mimeType="pdf" url="%C3%8DBR%207%204to/24/WEB_DISPLAY"/>
		</surface>
		<surface xml:id="IBR04-0007-0011v" n="25">
			<desc>0011v</desc>
			<graphic mimeType="pdf" url="%C3%8DBR%207%204to/25/HIGH_QUALITY_DISPLAY"/>
			<graphic mimeType="jpg" url="%C3%8DBR%207%204to/25/THUMBNAIL" width="200px" height="239px"/>
			<graphic mimeType="jpg" url="%C3%8DBR%207%204to/25/SECONDARY_DISPLAY" width="2132px" height="2544px"/>
			<graphic mimeType="pdf" url="%C3%8DBR%207%204to/25/WEB_DISPLAY"/>
		</surface>
		<surface xml:id="IBR04-0007-0012r" n="26">
			<desc>0012r</desc>
			<graphic mimeType="pdf" url="%C3%8DBR%207%204to/26/HIGH_QUALITY_DISPLAY"/>
			<graphic mimeType="jpg" url="%C3%8DBR%207%204to/26/THUMBNAIL" width="200px" height="239px"/>
			<graphic mimeType="jpg" url="%C3%8DBR%207%204to/26/SECONDARY_DISPLAY" width="2132px" height="2544px"/>
			<graphic mimeType="pdf" url="%C3%8DBR%207%204to/26/WEB_DISPLAY"/>
		</surface>
		<surface xml:id="IBR04-0007-0012v" n="27">
			<desc>0012v</desc>
			<graphic mimeType="pdf" url="%C3%8DBR%207%204to/27/HIGH_QUALITY_DISPLAY"/>
			<graphic mimeType="jpg" url="%C3%8DBR%207%204to/27/THUMBNAIL" width="200px" height="239px"/>
			<graphic mimeType="jpg" url="%C3%8DBR%207%204to/27/SECONDARY_DISPLAY" width="2132px" height="2544px"/>
			<graphic mimeType="pdf" url="%C3%8DBR%207%204to/27/WEB_DISPLAY"/>
		</surface>
		<surface xml:id="IBR04-0007-0013r" n="28">
			<desc>0013r</desc>
			<graphic mimeType="pdf" url="%C3%8DBR%207%204to/28/HIGH_QUALITY_DISPLAY"/>
			<graphic mimeType="jpg" url="%C3%8DBR%207%204to/28/THUMBNAIL" width="200px" height="239px"/>
			<graphic mimeType="jpg" url="%C3%8DBR%207%204to/28/SECONDARY_DISPLAY" width="2132px" height="2544px"/>
			<graphic mimeType="pdf" url="%C3%8DBR%207%204to/28/WEB_DISPLAY"/>
		</surface>
		<surface xml:id="IBR04-0007-0013v" n="29">
			<desc>0013v</desc>
			<graphic mimeType="pdf" url="%C3%8DBR%207%204to/29/HIGH_QUALITY_DISPLAY"/>
			<graphic mimeType="jpg" url="%C3%8DBR%207%204to/29/THUMBNAIL" width="200px" height="239px"/>
			<graphic mimeType="jpg" url="%C3%8DBR%207%204to/29/SECONDARY_DISPLAY" width="2132px" height="2544px"/>
			<graphic mimeType="pdf" url="%C3%8DBR%207%204to/29/WEB_DISPLAY"/>
		</surface>
		<surface xml:id="IBR04-0007-0014r" n="30">
			<desc>0014r</desc>
			<graphic mimeType="pdf" url="%C3%8DBR%207%204to/30/HIGH_QUALITY_DISPLAY"/>
			<graphic mimeType="jpg" url="%C3%8DBR%207%204to/30/THUMBNAIL" width="200px" height="239px"/>
			<graphic mimeType="jpg" url="%C3%8DBR%207%204to/30/SECONDARY_DISPLAY" width="2132px" height="2544px"/>
			<graphic mimeType="pdf" url="%C3%8DBR%207%204to/30/WEB_DISPLAY"/>
		</surface>
		<surface xml:id="IBR04-0007-0014v" n="31">
			<desc>0014v</desc>
			<graphic mimeType="pdf" url="%C3%8DBR%207%204to/31/HIGH_QUALITY_DISPLAY"/>
			<graphic mimeType="jpg" url="%C3%8DBR%207%204to/31/THUMBNAIL" width="200px" height="239px"/>
			<graphic mimeType="jpg" url="%C3%8DBR%207%204to/31/SECONDARY_DISPLAY" width="2132px" height="2544px"/>
			<graphic mimeType="pdf" url="%C3%8DBR%207%204to/31/WEB_DISPLAY"/>
		</surface>
		<surface xml:id="IBR04-0007-0015r" n="32">
			<desc>0015r</desc>
			<graphic mimeType="pdf" url="%C3%8DBR%207%204to/32/HIGH_QUALITY_DISPLAY"/>
			<graphic mimeType="jpg" url="%C3%8DBR%207%204to/32/THUMBNAIL" width="200px" height="239px"/>
			<graphic mimeType="jpg" url="%C3%8DBR%207%204to/32/SECONDARY_DISPLAY" width="2132px" height="2544px"/>
			<graphic mimeType="pdf" url="%C3%8DBR%207%204to/32/WEB_DISPLAY"/>
		</surface>
		<surface xml:id="IBR04-0007-0015v" n="33">
			<desc>0015v</desc>
			<graphic mimeType="pdf" url="%C3%8DBR%207%204to/33/HIGH_QUALITY_DISPLAY"/>
			<graphic mimeType="jpg" url="%C3%8DBR%207%204to/33/THUMBNAIL" width="200px" height="239px"/>
			<graphic mimeType="jpg" url="%C3%8DBR%207%204to/33/SECONDARY_DISPLAY" width="2132px" height="2544px"/>
			<graphic mimeType="pdf" url="%C3%8DBR%207%204to/33/WEB_DISPLAY"/>
		</surface>
		<surface xml:id="IBR04-0007-0016r" n="34">
			<desc>0016r</desc>
			<graphic mimeType="pdf" url="%C3%8DBR%207%204to/34/HIGH_QUALITY_DISPLAY"/>
			<graphic mimeType="jpg" url="%C3%8DBR%207%204to/34/THUMBNAIL" width="200px" height="239px"/>
			<graphic mimeType="jpg" url="%C3%8DBR%207%204to/34/SECONDARY_DISPLAY" width="2132px" height="2544px"/>
			<graphic mimeType="pdf" url="%C3%8DBR%207%204to/34/WEB_DISPLAY"/>
		</surface>
		<surface xml:id="IBR04-0007-0016v" n="35">
			<desc>0016v</desc>
			<graphic mimeType="pdf" url="%C3%8DBR%207%204to/35/HIGH_QUALITY_DISPLAY"/>
			<graphic mimeType="jpg" url="%C3%8DBR%207%204to/35/THUMBNAIL" width="200px" height="239px"/>
			<graphic mimeType="jpg" url="%C3%8DBR%207%204to/35/SECONDARY_DISPLAY" width="2132px" height="2544px"/>
			<graphic mimeType="pdf" url="%C3%8DBR%207%204to/35/WEB_DISPLAY"/>
		</surface>
		<surface xml:id="IBR04-0007-0017r" n="36">
			<desc>0017r</desc>
			<graphic mimeType="pdf" url="%C3%8DBR%207%204to/36/HIGH_QUALITY_DISPLAY"/>
			<graphic mimeType="jpg" url="%C3%8DBR%207%204to/36/THUMBNAIL" width="200px" height="239px"/>
			<graphic mimeType="jpg" url="%C3%8DBR%207%204to/36/SECONDARY_DISPLAY" width="2132px" height="2544px"/>
			<graphic mimeType="pdf" url="%C3%8DBR%207%204to/36/WEB_DISPLAY"/>
		</surface>
		<surface xml:id="IBR04-0007-0017v" n="37">
			<desc>0017v</desc>
			<graphic mimeType="pdf" url="%C3%8DBR%207%204to/37/HIGH_QUALITY_DISPLAY"/>
			<graphic mimeType="jpg" url="%C3%8DBR%207%204to/37/THUMBNAIL" width="200px" height="239px"/>
			<graphic mimeType="jpg" url="%C3%8DBR%207%204to/37/SECONDARY_DISPLAY" width="2132px" height="2544px"/>
			<graphic mimeType="pdf" url="%C3%8DBR%207%204to/37/WEB_DISPLAY"/>
		</surface>
		<surface xml:id="IBR04-0007-0018r" n="38">
			<desc>0018r</desc>
			<graphic mimeType="pdf" url="%C3%8DBR%207%204to/38/HIGH_QUALITY_DISPLAY"/>
			<graphic mimeType="jpg" url="%C3%8DBR%207%204to/38/THUMBNAIL" width="200px" height="239px"/>
			<graphic mimeType="jpg" url="%C3%8DBR%207%204to/38/SECONDARY_DISPLAY" width="2132px" height="2544px"/>
			<graphic mimeType="pdf" url="%C3%8DBR%207%204to/38/WEB_DISPLAY"/>
		</surface>
		<surface xml:id="IBR04-0007-0018v" n="39">
			<desc>0018v</desc>
			<graphic mimeType="pdf" url="%C3%8DBR%207%204to/39/HIGH_QUALITY_DISPLAY"/>
			<graphic mimeType="jpg" url="%C3%8DBR%207%204to/39/THUMBNAIL" width="200px" height="239px"/>
			<graphic mimeType="jpg" url="%C3%8DBR%207%204to/39/SECONDARY_DISPLAY" width="2132px" height="2544px"/>
			<graphic mimeType="pdf" url="%C3%8DBR%207%204to/39/WEB_DISPLAY"/>
		</surface>
		<surface xml:id="IBR04-0007-0019r" n="40">
			<desc>0019r</desc>
			<graphic mimeType="pdf" url="%C3%8DBR%207%204to/40/HIGH_QUALITY_DISPLAY"/>
			<graphic mimeType="jpg" url="%C3%8DBR%207%204to/40/THUMBNAIL" width="200px" height="239px"/>
			<graphic mimeType="jpg" url="%C3%8DBR%207%204to/40/SECONDARY_DISPLAY" width="2132px" height="2544px"/>
			<graphic mimeType="pdf" url="%C3%8DBR%207%204to/40/WEB_DISPLAY"/>
		</surface>
		<surface xml:id="IBR04-0007-0019v" n="41">
			<desc>0019v</desc>
			<graphic mimeType="pdf" url="%C3%8DBR%207%204to/41/HIGH_QUALITY_DISPLAY"/>
			<graphic mimeType="jpg" url="%C3%8DBR%207%204to/41/THUMBNAIL" width="200px" height="239px"/>
			<graphic mimeType="jpg" url="%C3%8DBR%207%204to/41/SECONDARY_DISPLAY" width="2132px" height="2544px"/>
			<graphic mimeType="pdf" url="%C3%8DBR%207%204to/41/WEB_DISPLAY"/>
		</surface>
		<surface xml:id="IBR04-0007-0020r" n="42">
			<desc>0020r</desc>
			<graphic mimeType="pdf" url="%C3%8DBR%207%204to/42/HIGH_QUALITY_DISPLAY"/>
			<graphic mimeType="jpg" url="%C3%8DBR%207%204to/42/THUMBNAIL" width="200px" height="239px"/>
			<graphic mimeType="jpg" url="%C3%8DBR%207%204to/42/SECONDARY_DISPLAY" width="2132px" height="2544px"/>
			<graphic mimeType="pdf" url="%C3%8DBR%207%204to/42/WEB_DISPLAY"/>
		</surface>
		<surface xml:id="IBR04-0007-0020v" n="43">
			<desc>0020v</desc>
			<graphic mimeType="pdf" url="%C3%8DBR%207%204to/43/HIGH_QUALITY_DISPLAY"/>
			<graphic mimeType="jpg" url="%C3%8DBR%207%204to/43/THUMBNAIL" width="200px" height="239px"/>
			<graphic mimeType="jpg" url="%C3%8DBR%207%204to/43/SECONDARY_DISPLAY" width="2132px" height="2544px"/>
			<graphic mimeType="pdf" url="%C3%8DBR%207%204to/43/WEB_DISPLAY"/>
		</surface>
		<surface xml:id="IBR04-0007-0021r" n="44">
			<desc>0021r</desc>
			<graphic mimeType="pdf" url="%C3%8DBR%207%204to/44/HIGH_QUALITY_DISPLAY"/>
			<graphic mimeType="jpg" url="%C3%8DBR%207%204to/44/THUMBNAIL" width="200px" height="239px"/>
			<graphic mimeType="jpg" url="%C3%8DBR%207%204to/44/SECONDARY_DISPLAY" width="2132px" height="2544px"/>
			<graphic mimeType="pdf" url="%C3%8DBR%207%204to/44/WEB_DISPLAY"/>
		</surface>
		<surface xml:id="IBR04-0007-0021v" n="45">
			<desc>0021v</desc>
			<graphic mimeType="pdf" url="%C3%8DBR%207%204to/45/HIGH_QUALITY_DISPLAY"/>
			<graphic mimeType="jpg" url="%C3%8DBR%207%204to/45/THUMBNAIL" width="200px" height="239px"/>
			<graphic mimeType="jpg" url="%C3%8DBR%207%204to/45/SECONDARY_DISPLAY" width="2132px" height="2544px"/>
			<graphic mimeType="pdf" url="%C3%8DBR%207%204to/45/WEB_DISPLAY"/>
		</surface>
		<surface xml:id="IBR04-0007-0022r" n="46">
			<desc>0022r</desc>
			<graphic mimeType="pdf" url="%C3%8DBR%207%204to/46/HIGH_QUALITY_DISPLAY"/>
			<graphic mimeType="jpg" url="%C3%8DBR%207%204to/46/THUMBNAIL" width="200px" height="239px"/>
			<graphic mimeType="jpg" url="%C3%8DBR%207%204to/46/SECONDARY_DISPLAY" width="2132px" height="2544px"/>
			<graphic mimeType="pdf" url="%C3%8DBR%207%204to/46/WEB_DISPLAY"/>
		</surface>
		<surface xml:id="IBR04-0007-0022v" n="47">
			<desc>0022v</desc>
			<graphic mimeType="pdf" url="%C3%8DBR%207%204to/47/HIGH_QUALITY_DISPLAY"/>
			<graphic mimeType="jpg" url="%C3%8DBR%207%204to/47/THUMBNAIL" width="200px" height="239px"/>
			<graphic mimeType="jpg" url="%C3%8DBR%207%204to/47/SECONDARY_DISPLAY" width="2132px" height="2544px"/>
			<graphic mimeType="pdf" url="%C3%8DBR%207%204to/47/WEB_DISPLAY"/>
		</surface>
		<surface xml:id="IBR04-0007-0023r" n="48">
			<desc>0023r</desc>
			<graphic mimeType="pdf" url="%C3%8DBR%207%204to/48/HIGH_QUALITY_DISPLAY"/>
			<graphic mimeType="jpg" url="%C3%8DBR%207%204to/48/THUMBNAIL" width="200px" height="239px"/>
			<graphic mimeType="jpg" url="%C3%8DBR%207%204to/48/SECONDARY_DISPLAY" width="2132px" height="2544px"/>
			<graphic mimeType="pdf" url="%C3%8DBR%207%204to/48/WEB_DISPLAY"/>
		</surface>
		<surface xml:id="IBR04-0007-0023v" n="49">
			<desc>0023v</desc>
			<graphic mimeType="pdf" url="%C3%8DBR%207%204to/49/HIGH_QUALITY_DISPLAY"/>
			<graphic mimeType="jpg" url="%C3%8DBR%207%204to/49/THUMBNAIL" width="200px" height="239px"/>
			<graphic mimeType="jpg" url="%C3%8DBR%207%204to/49/SECONDARY_DISPLAY" width="2132px" height="2544px"/>
			<graphic mimeType="pdf" url="%C3%8DBR%207%204to/49/WEB_DISPLAY"/>
		</surface>
		<surface xml:id="IBR04-0007-0024r" n="50">
			<desc>0024r</desc>
			<graphic mimeType="pdf" url="%C3%8DBR%207%204to/50/HIGH_QUALITY_DISPLAY"/>
			<graphic mimeType="jpg" url="%C3%8DBR%207%204to/50/THUMBNAIL" width="200px" height="239px"/>
			<graphic mimeType="jpg" url="%C3%8DBR%207%204to/50/SECONDARY_DISPLAY" width="2132px" height="2544px"/>
			<graphic mimeType="pdf" url="%C3%8DBR%207%204to/50/WEB_DISPLAY"/>
		</surface>
		<surface xml:id="IBR04-0007-0024v" n="51">
			<desc>0024v</desc>
			<graphic mimeType="pdf" url="%C3%8DBR%207%204to/51/HIGH_QUALITY_DISPLAY"/>
			<graphic mimeType="jpg" url="%C3%8DBR%207%204to/51/THUMBNAIL" width="200px" height="239px"/>
			<graphic mimeType="jpg" url="%C3%8DBR%207%204to/51/SECONDARY_DISPLAY" width="2132px" height="2544px"/>
			<graphic mimeType="pdf" url="%C3%8DBR%207%204to/51/WEB_DISPLAY"/>
		</surface>
		<surface xml:id="IBR04-0007-0025r" n="52">
			<desc>0025r</desc>
			<graphic mimeType="pdf" url="%C3%8DBR%207%204to/52/HIGH_QUALITY_DISPLAY"/>
			<graphic mimeType="jpg" url="%C3%8DBR%207%204to/52/THUMBNAIL" width="200px" height="239px"/>
			<graphic mimeType="jpg" url="%C3%8DBR%207%204to/52/SECONDARY_DISPLAY" width="2132px" height="2544px"/>
			<graphic mimeType="pdf" url="%C3%8DBR%207%204to/52/WEB_DISPLAY"/>
		</surface>
		<surface xml:id="IBR04-0007-0025v" n="53">
			<desc>0025v</desc>
			<graphic mimeType="pdf" url="%C3%8DBR%207%204to/53/HIGH_QUALITY_DISPLAY"/>
			<graphic mimeType="jpg" url="%C3%8DBR%207%204to/53/THUMBNAIL" width="200px" height="239px"/>
			<graphic mimeType="jpg" url="%C3%8DBR%207%204to/53/SECONDARY_DISPLAY" width="2132px" height="2544px"/>
			<graphic mimeType="pdf" url="%C3%8DBR%207%204to/53/WEB_DISPLAY"/>
		</surface>
		<surface xml:id="IBR04-0007-0026r" n="54">
			<desc>0026r</desc>
			<graphic mimeType="pdf" url="%C3%8DBR%207%204to/54/HIGH_QUALITY_DISPLAY"/>
			<graphic mimeType="jpg" url="%C3%8DBR%207%204to/54/THUMBNAIL" width="200px" height="239px"/>
			<graphic mimeType="jpg" url="%C3%8DBR%207%204to/54/SECONDARY_DISPLAY" width="2132px" height="2544px"/>
			<graphic mimeType="pdf" url="%C3%8DBR%207%204to/54/WEB_DISPLAY"/>
		</surface>
		<surface xml:id="IBR04-0007-0026v" n="55">
			<desc>0026v</desc>
			<graphic mimeType="pdf" url="%C3%8DBR%207%204to/55/HIGH_QUALITY_DISPLAY"/>
			<graphic mimeType="jpg" url="%C3%8DBR%207%204to/55/THUMBNAIL" width="200px" height="232px"/>
			<graphic mimeType="jpg" url="%C3%8DBR%207%204to/55/SECONDARY_DISPLAY" width="2192px" height="2544px"/>
			<graphic mimeType="pdf" url="%C3%8DBR%207%204to/55/WEB_DISPLAY"/>
		</surface>
		<surface xml:id="IBR04-0007-0027r" n="56">
			<desc>0027r</desc>
			<graphic mimeType="pdf" url="%C3%8DBR%207%204to/56/HIGH_QUALITY_DISPLAY"/>
			<graphic mimeType="jpg" url="%C3%8DBR%207%204to/56/THUMBNAIL" width="200px" height="222px"/>
			<graphic mimeType="jpg" url="%C3%8DBR%207%204to/56/SECONDARY_DISPLAY" width="2512px" height="2792px"/>
			<graphic mimeType="pdf" url="%C3%8DBR%207%204to/56/WEB_DISPLAY"/>
		</surface>
		<surface xml:id="IBR04-0007-0027v" n="57">
			<desc>0027v</desc>
			<graphic mimeType="pdf" url="%C3%8DBR%207%204to/57/HIGH_QUALITY_DISPLAY"/>
			<graphic mimeType="jpg" url="%C3%8DBR%207%204to/57/THUMBNAIL" width="200px" height="212px"/>
			<graphic mimeType="jpg" url="%C3%8DBR%207%204to/57/SECONDARY_DISPLAY" width="2651px" height="2807px"/>
			<graphic mimeType="pdf" url="%C3%8DBR%207%204to/57/WEB_DISPLAY"/>
		</surface>
		<surface xml:id="IBR04-0007-0028r" n="58">
			<desc>0028r</desc>
			<graphic mimeType="pdf" url="%C3%8DBR%207%204to/58/HIGH_QUALITY_DISPLAY"/>
			<graphic mimeType="jpg" url="%C3%8DBR%207%204to/58/THUMBNAIL" width="200px" height="203px"/>
			<graphic mimeType="jpg" url="%C3%8DBR%207%204to/58/SECONDARY_DISPLAY" width="2482px" height="2517px"/>
			<graphic mimeType="pdf" url="%C3%8DBR%207%204to/58/WEB_DISPLAY"/>
		</surface>
		<surface xml:id="IBR04-0007-0028v" n="59">
			<desc>0028v</desc>
			<graphic mimeType="pdf" url="%C3%8DBR%207%204to/59/HIGH_QUALITY_DISPLAY"/>
			<graphic mimeType="jpg" url="%C3%8DBR%207%204to/59/THUMBNAIL" width="200px" height="216px"/>
			<graphic mimeType="jpg" url="%C3%8DBR%207%204to/59/SECONDARY_DISPLAY" width="2343px" height="2533px"/>
			<graphic mimeType="pdf" url="%C3%8DBR%207%204to/59/WEB_DISPLAY"/>
		</surface>
		<surface xml:id="IBR04-0007-0029r" n="60">
			<desc>0029r</desc>
			<graphic mimeType="pdf" url="%C3%8DBR%207%204to/60/HIGH_QUALITY_DISPLAY"/>
			<graphic mimeType="jpg" url="%C3%8DBR%207%204to/60/THUMBNAIL" width="200px" height="216px"/>
			<graphic mimeType="jpg" url="%C3%8DBR%207%204to/60/SECONDARY_DISPLAY" width="2343px" height="2533px"/>
			<graphic mimeType="pdf" url="%C3%8DBR%207%204to/60/WEB_DISPLAY"/>
		</surface>
		<surface xml:id="IBR04-0007-0029v" n="61">
			<desc>0029v</desc>
			<graphic mimeType="pdf" url="%C3%8DBR%207%204to/61/HIGH_QUALITY_DISPLAY"/>
			<graphic mimeType="jpg" url="%C3%8DBR%207%204to/61/THUMBNAIL" width="200px" height="208px"/>
			<graphic mimeType="jpg" url="%C3%8DBR%207%204to/61/SECONDARY_DISPLAY" width="2360px" height="2457px"/>
			<graphic mimeType="pdf" url="%C3%8DBR%207%204to/61/WEB_DISPLAY"/>
		</surface>
		<surface xml:id="IBR04-0007-0030r" n="62">
			<desc>0030r</desc>
			<graphic mimeType="pdf" url="%C3%8DBR%207%204to/62/HIGH_QUALITY_DISPLAY"/>
			<graphic mimeType="jpg" url="%C3%8DBR%207%204to/62/THUMBNAIL" width="200px" height="208px"/>
			<graphic mimeType="jpg" url="%C3%8DBR%207%204to/62/SECONDARY_DISPLAY" width="2361px" height="2457px"/>
			<graphic mimeType="pdf" url="%C3%8DBR%207%204to/62/WEB_DISPLAY"/>
		</surface>
		<surface xml:id="IBR04-0007-0030v" n="63">
			<desc>0030v</desc>
			<graphic mimeType="pdf" url="%C3%8DBR%207%204to/63/HIGH_QUALITY_DISPLAY"/>
			<graphic mimeType="jpg" url="%C3%8DBR%207%204to/63/THUMBNAIL" width="200px" height="217px"/>
			<graphic mimeType="jpg" url="%C3%8DBR%207%204to/63/SECONDARY_DISPLAY" width="2356px" height="2556px"/>
			<graphic mimeType="pdf" url="%C3%8DBR%207%204to/63/WEB_DISPLAY"/>
		</surface>
		<surface xml:id="IBR04-0007-0031r" n="64">
			<desc>0031r</desc>
			<graphic mimeType="pdf" url="%C3%8DBR%207%204to/64/HIGH_QUALITY_DISPLAY"/>
			<graphic mimeType="jpg" url="%C3%8DBR%207%204to/64/THUMBNAIL" width="200px" height="217px"/>
			<graphic mimeType="jpg" url="%C3%8DBR%207%204to/64/SECONDARY_DISPLAY" width="2356px" height="2556px"/>
			<graphic mimeType="pdf" url="%C3%8DBR%207%204to/64/WEB_DISPLAY"/>
		</surface>
		<surface xml:id="IBR04-0007-0031v" n="65">
			<desc>0031v</desc>
			<graphic mimeType="pdf" url="%C3%8DBR%207%204to/65/HIGH_QUALITY_DISPLAY"/>
			<graphic mimeType="jpg" url="%C3%8DBR%207%204to/65/THUMBNAIL" width="200px" height="214px"/>
			<graphic mimeType="jpg" url="%C3%8DBR%207%204to/65/SECONDARY_DISPLAY" width="2316px" height="2472px"/>
			<graphic mimeType="pdf" url="%C3%8DBR%207%204to/65/WEB_DISPLAY"/>
		</surface>
		<surface xml:id="IBR04-0007-0032r" n="66">
			<desc>0032r</desc>
			<graphic mimeType="pdf" url="%C3%8DBR%207%204to/66/HIGH_QUALITY_DISPLAY"/>
			<graphic mimeType="jpg" url="%C3%8DBR%207%204to/66/THUMBNAIL" width="200px" height="214px"/>
			<graphic mimeType="jpg" url="%C3%8DBR%207%204to/66/SECONDARY_DISPLAY" width="2316px" height="2472px"/>
			<graphic mimeType="pdf" url="%C3%8DBR%207%204to/66/WEB_DISPLAY"/>
		</surface>
		<surface xml:id="IBR04-0007-0032v" n="67">
			<desc>0032v</desc>
			<graphic mimeType="pdf" url="%C3%8DBR%207%204to/67/HIGH_QUALITY_DISPLAY"/>
			<graphic mimeType="jpg" url="%C3%8DBR%207%204to/67/THUMBNAIL" width="200px" height="220px"/>
			<graphic mimeType="jpg" url="%C3%8DBR%207%204to/67/SECONDARY_DISPLAY" width="2334px" height="2568px"/>
			<graphic mimeType="pdf" url="%C3%8DBR%207%204to/67/WEB_DISPLAY"/>
		</surface>
		<surface xml:id="IBR04-0007-0033r" n="68">
			<desc>0033r</desc>
			<graphic mimeType="pdf" url="%C3%8DBR%207%204to/68/HIGH_QUALITY_DISPLAY"/>
			<graphic mimeType="jpg" url="%C3%8DBR%207%204to/68/THUMBNAIL" width="200px" height="220px"/>
			<graphic mimeType="jpg" url="%C3%8DBR%207%204to/68/SECONDARY_DISPLAY" width="2335px" height="2568px"/>
			<graphic mimeType="pdf" url="%C3%8DBR%207%204to/68/WEB_DISPLAY"/>
		</surface>
		<surface xml:id="IBR04-0007-0033v" n="69">
			<desc>0033v</desc>
			<graphic mimeType="pdf" url="%C3%8DBR%207%204to/69/HIGH_QUALITY_DISPLAY"/>
			<graphic mimeType="jpg" url="%C3%8DBR%207%204to/69/THUMBNAIL" width="200px" height="208px"/>
			<graphic mimeType="jpg" url="%C3%8DBR%207%204to/69/SECONDARY_DISPLAY" width="2433px" height="2528px"/>
			<graphic mimeType="pdf" url="%C3%8DBR%207%204to/69/WEB_DISPLAY"/>
		</surface>
		<surface xml:id="IBR04-0007-0034r" n="70">
			<desc>0034r</desc>
			<graphic mimeType="pdf" url="%C3%8DBR%207%204to/70/HIGH_QUALITY_DISPLAY"/>
			<graphic mimeType="jpg" url="%C3%8DBR%207%204to/70/THUMBNAIL" width="200px" height="208px"/>
			<graphic mimeType="jpg" url="%C3%8DBR%207%204to/70/SECONDARY_DISPLAY" width="2433px" height="2528px"/>
			<graphic mimeType="pdf" url="%C3%8DBR%207%204to/70/WEB_DISPLAY"/>
		</surface>
		<surface xml:id="IBR04-0007-0034v" n="71">
			<desc>0034v</desc>
			<graphic mimeType="pdf" url="%C3%8DBR%207%204to/71/HIGH_QUALITY_DISPLAY"/>
			<graphic mimeType="jpg" url="%C3%8DBR%207%204to/71/THUMBNAIL" width="200px" height="213px"/>
			<graphic mimeType="jpg" url="%C3%8DBR%207%204to/71/SECONDARY_DISPLAY" width="2379px" height="2532px"/>
			<graphic mimeType="pdf" url="%C3%8DBR%207%204to/71/WEB_DISPLAY"/>
		</surface>
		<surface xml:id="IBR04-0007-0035r" n="72">
			<desc>0035r</desc>
			<graphic mimeType="pdf" url="%C3%8DBR%207%204to/72/HIGH_QUALITY_DISPLAY"/>
			<graphic mimeType="jpg" url="%C3%8DBR%207%204to/72/THUMBNAIL" width="200px" height="213px"/>
			<graphic mimeType="jpg" url="%C3%8DBR%207%204to/72/SECONDARY_DISPLAY" width="2379px" height="2532px"/>
			<graphic mimeType="pdf" url="%C3%8DBR%207%204to/72/WEB_DISPLAY"/>
		</surface>
		<surface xml:id="IBR04-0007-0035v" n="73">
			<desc>0035v</desc>
			<graphic mimeType="pdf" url="%C3%8DBR%207%204to/73/HIGH_QUALITY_DISPLAY"/>
			<graphic mimeType="jpg" url="%C3%8DBR%207%204to/73/THUMBNAIL" width="200px" height="200px"/>
			<graphic mimeType="jpg" url="%C3%8DBR%207%204to/73/SECONDARY_DISPLAY" width="2532px" height="2528px"/>
			<graphic mimeType="pdf" url="%C3%8DBR%207%204to/73/WEB_DISPLAY"/>
		</surface>
		<surface xml:id="IBR04-0007-0036r" n="74">
			<desc>0036r</desc>
			<graphic mimeType="pdf" url="%C3%8DBR%207%204to/74/HIGH_QUALITY_DISPLAY"/>
			<graphic mimeType="jpg" url="%C3%8DBR%207%204to/74/THUMBNAIL" width="200px" height="199px"/>
			<graphic mimeType="jpg" url="%C3%8DBR%207%204to/74/SECONDARY_DISPLAY" width="2516px" height="2508px"/>
			<graphic mimeType="pdf" url="%C3%8DBR%207%204to/74/WEB_DISPLAY"/>
		</surface>
		<surface xml:id="IBR04-0007-0036v" n="75">
			<desc>0036v</desc>
			<graphic mimeType="pdf" url="%C3%8DBR%207%204to/75/HIGH_QUALITY_DISPLAY"/>
			<graphic mimeType="jpg" url="%C3%8DBR%207%204to/75/THUMBNAIL" width="200px" height="187px"/>
			<graphic mimeType="jpg" url="%C3%8DBR%207%204to/75/SECONDARY_DISPLAY" width="2664px" height="2488px"/>
			<graphic mimeType="pdf" url="%C3%8DBR%207%204to/75/WEB_DISPLAY"/>
		</surface>
		<surface xml:id="IBR04-0007-0037r" n="76">
			<desc>0037r</desc>
			<graphic mimeType="pdf" url="%C3%8DBR%207%204to/76/HIGH_QUALITY_DISPLAY"/>
			<graphic mimeType="jpg" url="%C3%8DBR%207%204to/76/THUMBNAIL" width="200px" height="197px"/>
			<graphic mimeType="jpg" url="%C3%8DBR%207%204to/76/SECONDARY_DISPLAY" width="2564px" height="2520px"/>
			<graphic mimeType="pdf" url="%C3%8DBR%207%204to/76/WEB_DISPLAY"/>
		</surface>
		<surface xml:id="IBR04-0007-0037v" n="77">
			<desc>0037v</desc>
			<graphic mimeType="pdf" url="%C3%8DBR%207%204to/77/HIGH_QUALITY_DISPLAY"/>
			<graphic mimeType="jpg" url="%C3%8DBR%207%204to/77/THUMBNAIL" width="200px" height="200px"/>
			<graphic mimeType="jpg" url="%C3%8DBR%207%204to/77/SECONDARY_DISPLAY" width="2520px" height="2520px"/>
			<graphic mimeType="pdf" url="%C3%8DBR%207%204to/77/WEB_DISPLAY"/>
		</surface>
		<surface xml:id="IBR04-0007-0038r" n="78">
			<desc>0038r</desc>
			<graphic mimeType="pdf" url="%C3%8DBR%207%204to/78/HIGH_QUALITY_DISPLAY"/>
			<graphic mimeType="jpg" url="%C3%8DBR%207%204to/78/THUMBNAIL" width="200px" height="182px"/>
			<graphic mimeType="jpg" url="%C3%8DBR%207%204to/78/SECONDARY_DISPLAY" width="2432px" height="2216px"/>
			<graphic mimeType="pdf" url="%C3%8DBR%207%204to/78/WEB_DISPLAY"/>
		</surface>
		<surface xml:id="IBR04-0007-0038v" n="79">
			<desc>0038v</desc>
			<graphic mimeType="pdf" url="%C3%8DBR%207%204to/79/HIGH_QUALITY_DISPLAY"/>
			<graphic mimeType="jpg" url="%C3%8DBR%207%204to/79/THUMBNAIL" width="200px" height="186px"/>
			<graphic mimeType="jpg" url="%C3%8DBR%207%204to/79/SECONDARY_DISPLAY" width="2372px" height="2208px"/>
			<graphic mimeType="pdf" url="%C3%8DBR%207%204to/79/WEB_DISPLAY"/>
		</surface>
		<surface xml:id="IBR04-0007-0039r" n="80">
			<desc>0039r</desc>
			<graphic mimeType="pdf" url="%C3%8DBR%207%204to/80/HIGH_QUALITY_DISPLAY"/>
			<graphic mimeType="jpg" url="%C3%8DBR%207%204to/80/THUMBNAIL" width="200px" height="196px"/>
			<graphic mimeType="jpg" url="%C3%8DBR%207%204to/80/SECONDARY_DISPLAY" width="2336px" height="2292px"/>
			<graphic mimeType="pdf" url="%C3%8DBR%207%204to/80/WEB_DISPLAY"/>
		</surface>
		<surface xml:id="IBR04-0007-0039v" n="81">
			<desc>0039v</desc>
			<graphic mimeType="pdf" url="%C3%8DBR%207%204to/81/HIGH_QUALITY_DISPLAY"/>
			<graphic mimeType="jpg" url="%C3%8DBR%207%204to/81/THUMBNAIL" width="200px" height="191px"/>
			<graphic mimeType="jpg" url="%C3%8DBR%207%204to/81/SECONDARY_DISPLAY" width="2284px" height="2176px"/>
			<graphic mimeType="pdf" url="%C3%8DBR%207%204to/81/WEB_DISPLAY"/>
		</surface>
		<surface xml:id="IBR04-0007-0040r" n="82">
			<desc>0040r</desc>
			<graphic mimeType="pdf" url="%C3%8DBR%207%204to/82/HIGH_QUALITY_DISPLAY"/>
			<graphic mimeType="jpg" url="%C3%8DBR%207%204to/82/THUMBNAIL" width="189px" height="300px"/>
			<graphic mimeType="jpg" url="%C3%8DBR%207%204to/82/SECONDARY_DISPLAY" width="1408px" height="2240px"/>
			<graphic mimeType="pdf" url="%C3%8DBR%207%204to/82/WEB_DISPLAY"/>
		</surface>
		<surface xml:id="IBR04-0007-0040v" n="83">
			<desc>0040v</desc>
			<graphic mimeType="pdf" url="%C3%8DBR%207%204to/83/HIGH_QUALITY_DISPLAY"/>
			<graphic mimeType="jpg" url="%C3%8DBR%207%204to/83/THUMBNAIL" width="194px" height="300px"/>
			<graphic mimeType="jpg" url="%C3%8DBR%207%204to/83/SECONDARY_DISPLAY" width="1480px" height="2284px"/>
			<graphic mimeType="pdf" url="%C3%8DBR%207%204to/83/WEB_DISPLAY"/>
		</surface>
		<surface xml:id="IBR04-0007-0041r" n="84">
			<desc>0041r</desc>
			<graphic mimeType="pdf" url="%C3%8DBR%207%204to/84/HIGH_QUALITY_DISPLAY"/>
			<graphic mimeType="jpg" url="%C3%8DBR%207%204to/84/THUMBNAIL" width="197px" height="300px"/>
			<graphic mimeType="jpg" url="%C3%8DBR%207%204to/84/SECONDARY_DISPLAY" width="1464px" height="2224px"/>
			<graphic mimeType="pdf" url="%C3%8DBR%207%204to/84/WEB_DISPLAY"/>
		</surface>
		<surface xml:id="IBR04-0007-0041v" n="85">
			<desc>0041v</desc>
			<graphic mimeType="pdf" url="%C3%8DBR%207%204to/85/HIGH_QUALITY_DISPLAY"/>
			<graphic mimeType="jpg" url="%C3%8DBR%207%204to/85/THUMBNAIL" width="198px" height="300px"/>
			<graphic mimeType="jpg" url="%C3%8DBR%207%204to/85/SECONDARY_DISPLAY" width="1452px" height="2204px"/>
			<graphic mimeType="pdf" url="%C3%8DBR%207%204to/85/WEB_DISPLAY"/>
		</surface>
		<surface xml:id="IBR04-0007-0042r" n="86">
			<desc>0042r</desc>
			<graphic mimeType="pdf" url="%C3%8DBR%207%204to/86/HIGH_QUALITY_DISPLAY"/>
			<graphic mimeType="jpg" url="%C3%8DBR%207%204to/86/THUMBNAIL" width="191px" height="300px"/>
			<graphic mimeType="jpg" url="%C3%8DBR%207%204to/86/SECONDARY_DISPLAY" width="1468px" height="2312px"/>
			<graphic mimeType="pdf" url="%C3%8DBR%207%204to/86/WEB_DISPLAY"/>
		</surface>
		<surface xml:id="IBR04-0007-0042v" n="87">
			<desc>0042v</desc>
			<graphic mimeType="pdf" url="%C3%8DBR%207%204to/87/HIGH_QUALITY_DISPLAY"/>
			<graphic mimeType="jpg" url="%C3%8DBR%207%204to/87/THUMBNAIL" width="194px" height="300px"/>
			<graphic mimeType="jpg" url="%C3%8DBR%207%204to/87/SECONDARY_DISPLAY" width="1420px" height="2191px"/>
			<graphic mimeType="pdf" url="%C3%8DBR%207%204to/87/WEB_DISPLAY"/>
		</surface>
		<surface xml:id="IBR04-0007-0043r" n="88">
			<desc>0043r</desc>
			<graphic mimeType="pdf" url="%C3%8DBR%207%204to/88/HIGH_QUALITY_DISPLAY"/>
			<graphic mimeType="jpg" url="%C3%8DBR%207%204to/88/THUMBNAIL" width="192px" height="300px"/>
			<graphic mimeType="jpg" url="%C3%8DBR%207%204to/88/SECONDARY_DISPLAY" width="1448px" height="2264px"/>
			<graphic mimeType="pdf" url="%C3%8DBR%207%204to/88/WEB_DISPLAY"/>
		</surface>
		<surface xml:id="IBR04-0007-0043v" n="89">
			<desc>0043v</desc>
			<graphic mimeType="pdf" url="%C3%8DBR%207%204to/89/HIGH_QUALITY_DISPLAY"/>
			<graphic mimeType="jpg" url="%C3%8DBR%207%204to/89/THUMBNAIL" width="199px" height="300px"/>
			<graphic mimeType="jpg" url="%C3%8DBR%207%204to/89/SECONDARY_DISPLAY" width="1488px" height="2244px"/>
			<graphic mimeType="pdf" url="%C3%8DBR%207%204to/89/WEB_DISPLAY"/>
		</surface>
		<surface xml:id="IBR04-0007-0044r" n="90">
			<desc>0044r</desc>
			<graphic mimeType="pdf" url="%C3%8DBR%207%204to/90/HIGH_QUALITY_DISPLAY"/>
			<graphic mimeType="jpg" url="%C3%8DBR%207%204to/90/THUMBNAIL" width="191px" height="300px"/>
			<graphic mimeType="jpg" url="%C3%8DBR%207%204to/90/SECONDARY_DISPLAY" width="1420px" height="2228px"/>
			<graphic mimeType="pdf" url="%C3%8DBR%207%204to/90/WEB_DISPLAY"/>
		</surface>
		<surface xml:id="IBR04-0007-0044v" n="91">
			<desc>0044v</desc>
			<graphic mimeType="pdf" url="%C3%8DBR%207%204to/91/HIGH_QUALITY_DISPLAY"/>
			<graphic mimeType="jpg" url="%C3%8DBR%207%204to/91/THUMBNAIL" width="198px" height="300px"/>
			<graphic mimeType="jpg" url="%C3%8DBR%207%204to/91/SECONDARY_DISPLAY" width="1468px" height="2220px"/>
			<graphic mimeType="pdf" url="%C3%8DBR%207%204to/91/WEB_DISPLAY"/>
		</surface>
		<surface xml:id="IBR04-0007-0045r" n="92">
			<desc>0045r</desc>
			<graphic mimeType="pdf" url="%C3%8DBR%207%204to/92/HIGH_QUALITY_DISPLAY"/>
			<graphic mimeType="jpg" url="%C3%8DBR%207%204to/92/THUMBNAIL" width="197px" height="300px"/>
			<graphic mimeType="jpg" url="%C3%8DBR%207%204to/92/SECONDARY_DISPLAY" width="1464px" height="2232px"/>
			<graphic mimeType="pdf" url="%C3%8DBR%207%204to/92/WEB_DISPLAY"/>
		</surface>
		<surface xml:id="IBR04-0007-0045v" n="93">
			<desc>0045v</desc>
			<graphic mimeType="pdf" url="%C3%8DBR%207%204to/93/HIGH_QUALITY_DISPLAY"/>
			<graphic mimeType="jpg" url="%C3%8DBR%207%204to/93/THUMBNAIL" width="200px" height="298px"/>
			<graphic mimeType="jpg" url="%C3%8DBR%207%204to/93/SECONDARY_DISPLAY" width="1496px" height="2232px"/>
			<graphic mimeType="pdf" url="%C3%8DBR%207%204to/93/WEB_DISPLAY"/>
		</surface>
		<surface xml:id="IBR04-0007-0046r" n="94">
			<desc>0046r</desc>
			<graphic mimeType="pdf" url="%C3%8DBR%207%204to/94/HIGH_QUALITY_DISPLAY"/>
			<graphic mimeType="jpg" url="%C3%8DBR%207%204to/94/THUMBNAIL" width="193px" height="300px"/>
			<graphic mimeType="jpg" url="%C3%8DBR%207%204to/94/SECONDARY_DISPLAY" width="1423px" height="2211px"/>
			<graphic mimeType="pdf" url="%C3%8DBR%207%204to/94/WEB_DISPLAY"/>
		</surface>
		<surface xml:id="IBR04-0007-0046v" n="95">
			<desc>0046v</desc>
			<graphic mimeType="pdf" url="%C3%8DBR%207%204to/95/HIGH_QUALITY_DISPLAY"/>
			<graphic mimeType="jpg" url="%C3%8DBR%207%204to/95/THUMBNAIL" width="192px" height="300px"/>
			<graphic mimeType="jpg" url="%C3%8DBR%207%204to/95/SECONDARY_DISPLAY" width="1404px" height="2192px"/>
			<graphic mimeType="pdf" url="%C3%8DBR%207%204to/95/WEB_DISPLAY"/>
		</surface>
		<surface xml:id="IBR04-0007-0047r" n="96">
			<desc>0047r</desc>
			<graphic mimeType="pdf" url="%C3%8DBR%207%204to/96/HIGH_QUALITY_DISPLAY"/>
			<graphic mimeType="jpg" url="%C3%8DBR%207%204to/96/THUMBNAIL" width="187px" height="300px"/>
			<graphic mimeType="jpg" url="%C3%8DBR%207%204to/96/SECONDARY_DISPLAY" width="1420px" height="2272px"/>
			<graphic mimeType="pdf" url="%C3%8DBR%207%204to/96/WEB_DISPLAY"/>
		</surface>
		<surface xml:id="IBR04-0007-0047v" n="97">
			<desc>0047v</desc>
			<graphic mimeType="pdf" url="%C3%8DBR%207%204to/97/HIGH_QUALITY_DISPLAY"/>
			<graphic mimeType="jpg" url="%C3%8DBR%207%204to/97/THUMBNAIL" width="186px" height="300px"/>
			<graphic mimeType="jpg" url="%C3%8DBR%207%204to/97/SECONDARY_DISPLAY" width="1400px" height="2264px"/>
			<graphic mimeType="pdf" url="%C3%8DBR%207%204to/97/WEB_DISPLAY"/>
		</surface>
		<surface xml:id="IBR04-0007-0048r" n="98">
			<desc>0048r</desc>
			<graphic mimeType="pdf" url="%C3%8DBR%207%204to/98/HIGH_QUALITY_DISPLAY"/>
			<graphic mimeType="jpg" url="%C3%8DBR%207%204to/98/THUMBNAIL" width="194px" height="300px"/>
			<graphic mimeType="jpg" url="%C3%8DBR%207%204to/98/SECONDARY_DISPLAY" width="1436px" height="2216px"/>
			<graphic mimeType="pdf" url="%C3%8DBR%207%204to/98/WEB_DISPLAY"/>
		</surface>
		<surface xml:id="IBR04-0007-0048v" n="99">
			<desc>0048v</desc>
			<graphic mimeType="pdf" url="%C3%8DBR%207%204to/99/HIGH_QUALITY_DISPLAY"/>
			<graphic mimeType="jpg" url="%C3%8DBR%207%204to/99/THUMBNAIL" width="191px" height="300px"/>
			<graphic mimeType="jpg" url="%C3%8DBR%207%204to/99/SECONDARY_DISPLAY" width="1388px" height="2176px"/>
			<graphic mimeType="pdf" url="%C3%8DBR%207%204to/99/WEB_DISPLAY"/>
		</surface>
		<surface xml:id="IBR04-0007-0049r" n="100">
			<desc>0049r</desc>
			<graphic mimeType="pdf" url="%C3%8DBR%207%204to/100/HIGH_QUALITY_DISPLAY"/>
			<graphic mimeType="jpg" url="%C3%8DBR%207%204to/100/THUMBNAIL" width="196px" height="300px"/>
			<graphic mimeType="jpg" url="%C3%8DBR%207%204to/100/SECONDARY_DISPLAY" width="1448px" height="2212px"/>
			<graphic mimeType="pdf" url="%C3%8DBR%207%204to/100/WEB_DISPLAY"/>
		</surface>
		<surface xml:id="IBR04-0007-0049v" n="101">
			<desc>0049v</desc>
			<graphic mimeType="pdf" url="%C3%8DBR%207%204to/101/HIGH_QUALITY_DISPLAY"/>
			<graphic mimeType="jpg" url="%C3%8DBR%207%204to/101/THUMBNAIL" width="195px" height="300px"/>
			<graphic mimeType="jpg" url="%C3%8DBR%207%204to/101/SECONDARY_DISPLAY" width="1444px" height="2224px"/>
			<graphic mimeType="pdf" url="%C3%8DBR%207%204to/101/WEB_DISPLAY"/>
		</surface>
		<surface xml:id="IBR04-0007-0050r" n="102">
			<desc>0050r</desc>
			<graphic mimeType="pdf" url="%C3%8DBR%207%204to/102/HIGH_QUALITY_DISPLAY"/>
			<graphic mimeType="jpg" url="%C3%8DBR%207%204to/102/THUMBNAIL" width="188px" height="300px"/>
			<graphic mimeType="jpg" url="%C3%8DBR%207%204to/102/SECONDARY_DISPLAY" width="1412px" height="2256px"/>
			<graphic mimeType="pdf" url="%C3%8DBR%207%204to/102/WEB_DISPLAY"/>
		</surface>
		<surface xml:id="IBR04-0007-0050v" n="103">
			<desc>0050v</desc>
			<graphic mimeType="pdf" url="%C3%8DBR%207%204to/103/HIGH_QUALITY_DISPLAY"/>
			<graphic mimeType="jpg" url="%C3%8DBR%207%204to/103/THUMBNAIL" width="184px" height="300px"/>
			<graphic mimeType="jpg" url="%C3%8DBR%207%204to/103/SECONDARY_DISPLAY" width="1384px" height="2256px"/>
			<graphic mimeType="pdf" url="%C3%8DBR%207%204to/103/WEB_DISPLAY"/>
		</surface>
		<surface xml:id="IBR04-0007-0051r" n="104">
			<desc>0051r</desc>
			<graphic mimeType="pdf" url="%C3%8DBR%207%204to/104/HIGH_QUALITY_DISPLAY"/>
			<graphic mimeType="jpg" url="%C3%8DBR%207%204to/104/THUMBNAIL" width="187px" height="300px"/>
			<graphic mimeType="jpg" url="%C3%8DBR%207%204to/104/SECONDARY_DISPLAY" width="1268px" height="2032px"/>
			<graphic mimeType="pdf" url="%C3%8DBR%207%204to/104/WEB_DISPLAY"/>
		</surface>
		<surface xml:id="IBR04-0007-0051v" n="105">
			<desc>0051v</desc>
			<graphic mimeType="pdf" url="%C3%8DBR%207%204to/105/HIGH_QUALITY_DISPLAY"/>
			<graphic mimeType="jpg" url="%C3%8DBR%207%204to/105/THUMBNAIL" width="175px" height="300px"/>
			<graphic mimeType="jpg" url="%C3%8DBR%207%204to/105/SECONDARY_DISPLAY" width="1180px" height="2024px"/>
			<graphic mimeType="pdf" url="%C3%8DBR%207%204to/105/WEB_DISPLAY"/>
		</surface>
		<surface xml:id="IBR04-0007-0052r" n="106">
			<desc>0052r</desc>
			<graphic mimeType="pdf" url="%C3%8DBR%207%204to/106/HIGH_QUALITY_DISPLAY"/>
			<graphic mimeType="jpg" url="%C3%8DBR%207%204to/106/THUMBNAIL" width="179px" height="300px"/>
			<graphic mimeType="jpg" url="%C3%8DBR%207%204to/106/SECONDARY_DISPLAY" width="1232px" height="2068px"/>
			<graphic mimeType="pdf" url="%C3%8DBR%207%204to/106/WEB_DISPLAY"/>
		</surface>
		<surface xml:id="IBR04-0007-0052v" n="107">
			<desc>0052v</desc>
			<graphic mimeType="pdf" url="%C3%8DBR%207%204to/107/HIGH_QUALITY_DISPLAY"/>
			<graphic mimeType="jpg" url="%C3%8DBR%207%204to/107/THUMBNAIL" width="181px" height="300px"/>
			<graphic mimeType="jpg" url="%C3%8DBR%207%204to/107/SECONDARY_DISPLAY" width="1204px" height="2000px"/>
			<graphic mimeType="pdf" url="%C3%8DBR%207%204to/107/WEB_DISPLAY"/>
		</surface>
		<surface xml:id="IBR04-0007-0053r" n="108">
			<desc>0053r</desc>
			<graphic mimeType="pdf" url="%C3%8DBR%207%204to/108/HIGH_QUALITY_DISPLAY"/>
			<graphic mimeType="jpg" url="%C3%8DBR%207%204to/108/THUMBNAIL" width="185px" height="300px"/>
			<graphic mimeType="jpg" url="%C3%8DBR%207%204to/108/SECONDARY_DISPLAY" width="1238px" height="2011px"/>
			<graphic mimeType="pdf" url="%C3%8DBR%207%204to/108/WEB_DISPLAY"/>
		</surface>
		<surface xml:id="IBR04-0007-0053v" n="109">
			<desc>0053v</desc>
			<graphic mimeType="pdf" url="%C3%8DBR%207%204to/109/HIGH_QUALITY_DISPLAY"/>
			<graphic mimeType="jpg" url="%C3%8DBR%207%204to/109/THUMBNAIL" width="182px" height="300px"/>
			<graphic mimeType="jpg" url="%C3%8DBR%207%204to/109/SECONDARY_DISPLAY" width="1215px" height="2007px"/>
			<graphic mimeType="pdf" url="%C3%8DBR%207%204to/109/WEB_DISPLAY"/>
		</surface>
		<surface xml:id="IBR04-0007-0054r" n="110">
			<desc>0054r</desc>
			<graphic mimeType="pdf" url="%C3%8DBR%207%204to/110/HIGH_QUALITY_DISPLAY"/>
			<graphic mimeType="jpg" url="%C3%8DBR%207%204to/110/THUMBNAIL" width="181px" height="300px"/>
			<graphic mimeType="jpg" url="%C3%8DBR%207%204to/110/SECONDARY_DISPLAY" width="1244px" height="2060px"/>
			<graphic mimeType="pdf" url="%C3%8DBR%207%204to/110/WEB_DISPLAY"/>
		</surface>
		<surface xml:id="IBR04-0007-0054v" n="111">
			<desc>0054v</desc>
			<graphic mimeType="pdf" url="%C3%8DBR%207%204to/111/HIGH_QUALITY_DISPLAY"/>
			<graphic mimeType="jpg" url="%C3%8DBR%207%204to/111/THUMBNAIL" width="172px" height="300px"/>
			<graphic mimeType="jpg" url="%C3%8DBR%207%204to/111/SECONDARY_DISPLAY" width="1220px" height="2132px"/>
			<graphic mimeType="pdf" url="%C3%8DBR%207%204to/111/WEB_DISPLAY"/>
		</surface>
		<surface xml:id="IBR04-0007-0055r" n="112">
			<desc>0055r</desc>
			<graphic mimeType="pdf" url="%C3%8DBR%207%204to/112/HIGH_QUALITY_DISPLAY"/>
			<graphic mimeType="jpg" url="%C3%8DBR%207%204to/112/THUMBNAIL" width="176px" height="300px"/>
			<graphic mimeType="jpg" url="%C3%8DBR%207%204to/112/SECONDARY_DISPLAY" width="1224px" height="2084px"/>
			<graphic mimeType="pdf" url="%C3%8DBR%207%204to/112/WEB_DISPLAY"/>
		</surface>
		<surface xml:id="IBR04-0007-0055v" n="113">
			<desc>0055v</desc>
			<graphic mimeType="pdf" url="%C3%8DBR%207%204to/113/HIGH_QUALITY_DISPLAY"/>
			<graphic mimeType="jpg" url="%C3%8DBR%207%204to/113/THUMBNAIL" width="173px" height="300px"/>
			<graphic mimeType="jpg" url="%C3%8DBR%207%204to/113/SECONDARY_DISPLAY" width="1180px" height="2052px"/>
			<graphic mimeType="pdf" url="%C3%8DBR%207%204to/113/WEB_DISPLAY"/>
		</surface>
		<surface xml:id="IBR04-0007-0056r" n="114">
			<desc>0056r</desc>
			<graphic mimeType="pdf" url="%C3%8DBR%207%204to/114/HIGH_QUALITY_DISPLAY"/>
			<graphic mimeType="jpg" url="%C3%8DBR%207%204to/114/THUMBNAIL" width="182px" height="300px"/>
			<graphic mimeType="jpg" url="%C3%8DBR%207%204to/114/SECONDARY_DISPLAY" width="1212px" height="2000px"/>
			<graphic mimeType="pdf" url="%C3%8DBR%207%204to/114/WEB_DISPLAY"/>
		</surface>
		<surface xml:id="IBR04-0007-0056v" n="115">
			<desc>0056v</desc>
			<graphic mimeType="pdf" url="%C3%8DBR%207%204to/115/HIGH_QUALITY_DISPLAY"/>
			<graphic mimeType="jpg" url="%C3%8DBR%207%204to/115/THUMBNAIL" width="182px" height="300px"/>
			<graphic mimeType="jpg" url="%C3%8DBR%207%204to/115/SECONDARY_DISPLAY" width="1208px" height="1992px"/>
			<graphic mimeType="pdf" url="%C3%8DBR%207%204to/115/WEB_DISPLAY"/>
		</surface>
		<surface xml:id="IBR04-0007-0057r" n="116">
			<desc>0057r</desc>
			<graphic mimeType="pdf" url="%C3%8DBR%207%204to/116/HIGH_QUALITY_DISPLAY"/>
			<graphic mimeType="jpg" url="%C3%8DBR%207%204to/116/THUMBNAIL" width="174px" height="300px"/>
			<graphic mimeType="jpg" url="%C3%8DBR%207%204to/116/SECONDARY_DISPLAY" width="1200px" height="2072px"/>
			<graphic mimeType="pdf" url="%C3%8DBR%207%204to/116/WEB_DISPLAY"/>
		</surface>
		<surface xml:id="IBR04-0007-0057v" n="117">
			<desc>0057v</desc>
			<graphic mimeType="pdf" url="%C3%8DBR%207%204to/117/HIGH_QUALITY_DISPLAY"/>
			<graphic mimeType="jpg" url="%C3%8DBR%207%204to/117/THUMBNAIL" width="173px" height="300px"/>
			<graphic mimeType="jpg" url="%C3%8DBR%207%204to/117/SECONDARY_DISPLAY" width="1216px" height="2108px"/>
			<graphic mimeType="pdf" url="%C3%8DBR%207%204to/117/WEB_DISPLAY"/>
		</surface>
		<surface xml:id="IBR04-0007-0058r" n="118">
			<desc>0058r</desc>
			<graphic mimeType="pdf" url="%C3%8DBR%207%204to/118/HIGH_QUALITY_DISPLAY"/>
			<graphic mimeType="jpg" url="%C3%8DBR%207%204to/118/THUMBNAIL" width="176px" height="300px"/>
			<graphic mimeType="jpg" url="%C3%8DBR%207%204to/118/SECONDARY_DISPLAY" width="1224px" height="2092px"/>
			<graphic mimeType="pdf" url="%C3%8DBR%207%204to/118/WEB_DISPLAY"/>
		</surface>
		<surface xml:id="IBR04-0007-0058v" n="119">
			<desc>0058v</desc>
			<graphic mimeType="pdf" url="%C3%8DBR%207%204to/119/HIGH_QUALITY_DISPLAY"/>
			<graphic mimeType="jpg" url="%C3%8DBR%207%204to/119/THUMBNAIL" width="172px" height="300px"/>
			<graphic mimeType="jpg" url="%C3%8DBR%207%204to/119/SECONDARY_DISPLAY" width="1204px" height="2104px"/>
			<graphic mimeType="pdf" url="%C3%8DBR%207%204to/119/WEB_DISPLAY"/>
		</surface>
		<surface xml:id="IBR04-0007-0059r" n="120">
			<desc>0059r</desc>
			<graphic mimeType="pdf" url="%C3%8DBR%207%204to/120/HIGH_QUALITY_DISPLAY"/>
			<graphic mimeType="jpg" url="%C3%8DBR%207%204to/120/THUMBNAIL" width="153px" height="300px"/>
			<graphic mimeType="jpg" url="%C3%8DBR%207%204to/120/SECONDARY_DISPLAY" width="1052px" height="2056px"/>
			<graphic mimeType="pdf" url="%C3%8DBR%207%204to/120/WEB_DISPLAY"/>
		</surface>
		<surface xml:id="IBR04-0007-0059v" n="121">
			<desc>0059v</desc>
			<graphic mimeType="pdf" url="%C3%8DBR%207%204to/121/HIGH_QUALITY_DISPLAY"/>
			<graphic mimeType="jpg" url="%C3%8DBR%207%204to/121/THUMBNAIL" width="135px" height="300px"/>
			<graphic mimeType="jpg" url="%C3%8DBR%207%204to/121/SECONDARY_DISPLAY" width="1099px" height="2448px"/>
			<graphic mimeType="pdf" url="%C3%8DBR%207%204to/121/WEB_DISPLAY"/>
		</surface>
		<surface xml:id="IBR04-0007-0060r" n="122">
			<desc>0060r</desc>
			<graphic mimeType="pdf" url="%C3%8DBR%207%204to/122/HIGH_QUALITY_DISPLAY"/>
			<graphic mimeType="jpg" url="%C3%8DBR%207%204to/122/THUMBNAIL" width="135px" height="300px"/>
			<graphic mimeType="jpg" url="%C3%8DBR%207%204to/122/SECONDARY_DISPLAY" width="1117px" height="2475px"/>
			<graphic mimeType="pdf" url="%C3%8DBR%207%204to/122/WEB_DISPLAY"/>
		</surface>
		<surface xml:id="IBR04-0007-0060v" n="123">
			<desc>0060v</desc>
			<graphic mimeType="pdf" url="%C3%8DBR%207%204to/123/HIGH_QUALITY_DISPLAY"/>
			<graphic mimeType="jpg" url="%C3%8DBR%207%204to/123/THUMBNAIL" width="147px" height="300px"/>
			<graphic mimeType="jpg" url="%C3%8DBR%207%204to/123/SECONDARY_DISPLAY" width="1012px" height="2064px"/>
			<graphic mimeType="pdf" url="%C3%8DBR%207%204to/123/WEB_DISPLAY"/>
		</surface>
		<surface xml:id="IBR04-0007-0061r" n="124">
			<desc>0061r</desc>
			<graphic mimeType="pdf" url="%C3%8DBR%207%204to/124/HIGH_QUALITY_DISPLAY"/>
			<graphic mimeType="jpg" url="%C3%8DBR%207%204to/124/THUMBNAIL" width="147px" height="300px"/>
			<graphic mimeType="jpg" url="%C3%8DBR%207%204to/124/SECONDARY_DISPLAY" width="1013px" height="2064px"/>
			<graphic mimeType="pdf" url="%C3%8DBR%207%204to/124/WEB_DISPLAY"/>
		</surface>
		<surface xml:id="IBR04-0007-0061v" n="125">
			<desc>0061v</desc>
			<graphic mimeType="pdf" url="%C3%8DBR%207%204to/125/HIGH_QUALITY_DISPLAY"/>
			<graphic mimeType="jpg" url="%C3%8DBR%207%204to/125/THUMBNAIL" width="135px" height="300px"/>
			<graphic mimeType="jpg" url="%C3%8DBR%207%204to/125/SECONDARY_DISPLAY" width="1108px" height="2472px"/>
			<graphic mimeType="pdf" url="%C3%8DBR%207%204to/125/WEB_DISPLAY"/>
		</surface>
		<surface xml:id="IBR04-0007-0062r" n="126">
			<desc>0062r</desc>
			<graphic mimeType="pdf" url="%C3%8DBR%207%204to/126/HIGH_QUALITY_DISPLAY"/>
			<graphic mimeType="jpg" url="%C3%8DBR%207%204to/126/THUMBNAIL" width="133px" height="300px"/>
			<graphic mimeType="jpg" url="%C3%8DBR%207%204to/126/SECONDARY_DISPLAY" width="1087px" height="2444px"/>
			<graphic mimeType="pdf" url="%C3%8DBR%207%204to/126/WEB_DISPLAY"/>
		</surface>
		<surface xml:id="IBR04-0007-0062v" n="127">
			<desc>0062v</desc>
			<graphic mimeType="pdf" url="%C3%8DBR%207%204to/127/HIGH_QUALITY_DISPLAY"/>
			<graphic mimeType="jpg" url="%C3%8DBR%207%204to/127/THUMBNAIL" width="130px" height="300px"/>
			<graphic mimeType="jpg" url="%C3%8DBR%207%204to/127/SECONDARY_DISPLAY" width="1069px" height="2476px"/>
			<graphic mimeType="pdf" url="%C3%8DBR%207%204to/127/WEB_DISPLAY"/>
		</surface>
		<surface xml:id="IBR04-0007-9901r-RFl" n="128">
			<desc>9901r-RFl</desc>
			<graphic mimeType="pdf" url="%C3%8DBR%207%204to/128/HIGH_QUALITY_DISPLAY"/>
			<graphic mimeType="jpg" url="%C3%8DBR%207%204to/128/THUMBNAIL" width="200px" height="221px"/>
			<graphic mimeType="jpg" url="%C3%8DBR%207%204to/128/SECONDARY_DISPLAY" width="2332px" height="2572px"/>
			<graphic mimeType="pdf" url="%C3%8DBR%207%204to/128/WEB_DISPLAY"/>
		</surface>
		<surface xml:id="IBR04-0007-9901v-RFl" n="129">
			<desc>9901v-RFl</desc>
			<graphic mimeType="pdf" url="%C3%8DBR%207%204to/129/HIGH_QUALITY_DISPLAY"/>
			<graphic mimeType="jpg" url="%C3%8DBR%207%204to/129/THUMBNAIL" width="200px" height="246px"/>
			<graphic mimeType="jpg" url="%C3%8DBR%207%204to/129/SECONDARY_DISPLAY" width="2086px" height="2569px"/>
			<graphic mimeType="pdf" url="%C3%8DBR%207%204to/129/WEB_DISPLAY"/>
		</surface>
		<surface xml:id="IBR04-0007-9999r-RB" n="130">
			<desc>9999r-RB</desc>
			<graphic mimeType="pdf" url="%C3%8DBR%207%204to/130/HIGH_QUALITY_DISPLAY"/>
			<graphic mimeType="jpg" url="%C3%8DBR%207%204to/130/THUMBNAIL" width="200px" height="246px"/>
			<graphic mimeType="jpg" url="%C3%8DBR%207%204to/130/SECONDARY_DISPLAY" width="2087px" height="2569px"/>
			<graphic mimeType="pdf" url="%C3%8DBR%207%204to/130/WEB_DISPLAY"/>
		</surface>
		<surface xml:id="IBR04-0007-9999v-RB" n="131">
			<desc>9999v-RB</desc>
			<graphic mimeType="pdf" url="%C3%8DBR%207%204to/131/HIGH_QUALITY_DISPLAY"/>
			<graphic mimeType="jpg" url="%C3%8DBR%207%204to/131/THUMBNAIL" width="200px" height="235px"/>
			<graphic mimeType="jpg" url="%C3%8DBR%207%204to/131/SECONDARY_DISPLAY" width="2288px" height="2692px"/>
			<graphic mimeType="pdf" url="%C3%8DBR%207%204to/131/WEB_DISPLAY"/>
		</surface>
		<surface xml:id="IBR04-0007-Spine" n="132">
			<desc>Spine</desc>
			<graphic mimeType="pdf" url="%C3%8DBR%207%204to/132/HIGH_QUALITY_DISPLAY"/>
			<graphic mimeType="jpg" url="%C3%8DBR%207%204to/132/THUMBNAIL" width="50px" height="300px"/>
			<graphic mimeType="jpg" url="%C3%8DBR%207%204to/132/SECONDARY_DISPLAY" width="492px" height="2970px"/>
			<graphic mimeType="pdf" url="%C3%8DBR%207%204to/132/WEB_DISPLAY"/>
		</surface>
		<surface xml:id="IBR04-0007-Fore-Edge" n="133">
			<desc>Fore-Edge</desc>
			<graphic mimeType="pdf" url="%C3%8DBR%207%204to/133/HIGH_QUALITY_DISPLAY"/>
			<graphic mimeType="jpg" url="%C3%8DBR%207%204to/133/THUMBNAIL" width="53px" height="300px"/>
			<graphic mimeType="jpg" url="%C3%8DBR%207%204to/133/SECONDARY_DISPLAY" width="588px" height="3354px"/>
			<graphic mimeType="pdf" url="%C3%8DBR%207%204to/133/WEB_DISPLAY"/>
		</surface>
		<surface xml:id="IBR04-0007-Head-Edge" n="134">
			<desc>Head-Edge</desc>
			<graphic mimeType="pdf" url="%C3%8DBR%207%204to/134/HIGH_QUALITY_DISPLAY"/>
			<graphic mimeType="jpg" url="%C3%8DBR%207%204to/134/THUMBNAIL" width="52px" height="300px"/>
			<graphic mimeType="jpg" url="%C3%8DBR%207%204to/134/SECONDARY_DISPLAY" width="528px" height="3054px"/>
			<graphic mimeType="pdf" url="%C3%8DBR%207%204to/134/WEB_DISPLAY"/>
		</surface>
		<surface xml:id="IBR04-0007-Tail-Edge" n="135">
			<desc>Tail-Edge</desc>
			<graphic mimeType="pdf" url="%C3%8DBR%207%204to/135/HIGH_QUALITY_DISPLAY"/>
			<graphic mimeType="jpg" url="%C3%8DBR%207%204to/135/THUMBNAIL" width="55px" height="300px"/>
			<graphic mimeType="jpg" url="%C3%8DBR%207%204to/135/SECONDARY_DISPLAY" width="540px" height="2922px"/>
			<graphic mimeType="pdf" url="%C3%8DBR%207%204to/135/WEB_DISPLAY"/>
		</surface>
		<surface xml:id="IBR04-0007-Scale" n="136">
			<desc>Scale</desc>
			<graphic mimeType="pdf" url="%C3%8DBR%207%204to/136/HIGH_QUALITY_DISPLAY"/>
			<graphic mimeType="jpg" url="%C3%8DBR%207%204to/136/THUMBNAIL" width="200px" height="237px"/>
			<graphic mimeType="jpg" url="%C3%8DBR%207%204to/136/SECONDARY_DISPLAY" width="2256px" height="2677px"/>
			<graphic mimeType="pdf" url="%C3%8DBR%207%204to/136/WEB_DISPLAY"/>
		</surface>
		<surface xml:id="IBR04-0007-ccp" n="137">
			<desc>ccp</desc>
			<graphic mimeType="pdf" url="%C3%8DBR%207%204to/137/HIGH_QUALITY_DISPLAY"/>
			<graphic mimeType="jpg" url="%C3%8DBR%207%204to/137/THUMBNAIL" width="200px" height="156px"/>
			<graphic mimeType="jpg" url="%C3%8DBR%207%204to/137/SECONDARY_DISPLAY" width="4572px" height="3569px"/>
			<graphic mimeType="pdf" url="%C3%8DBR%207%204to/137/WEB_DISPLAY"/>
		</surface>
	</facsimile>
</TEI>