<?xml version="1.0" encoding="UTF-8"?>
<?oxygen RNGSchema="http://www.handrit.is/schema/handrit-1.0.rnc" type="compact"?>
<TEI xmlns="http://www.tei-c.org/ns/1.0">
	<teiHeader>
		<fileDesc>
			<titleStmt>
				<title type="main">ÍBR 10 fol.</title>
				<title type="subordinate"/>
			</titleStmt>
			<publicationStmt>
				<authority>Landsbókasafn Íslands - Háskólabókasafn</authority>
				<pubPlace>Reykjavík</pubPlace>
				<date when="2009-10-20">20. október 2009</date>
				<availability status="restricted">
					<p>Aðgangur aðeins mögulegur í fræðilegum tilgangi.</p>
				</availability>
			</publicationStmt>
			<sourceDesc>
				<msDesc xml:id="IBR02-0010-is" xml:lang="is">
					<msIdentifier>
						<country key="IS">Ísland</country>
						<settlement>Reykjavík</settlement>
						<institution>Landsbókasafn Íslands - Háskólabókasafn</institution>
						<repository>Handritasafn</repository>
						<collection>Handritasafn Reykjavíkurdeildar Hins íslenska bókmenntafélags</collection>
						<idno>ÍBR 10 fol.</idno>
						<altIdentifier type="internal" subtype="PEO">
							<idno>7660</idno>
						</altIdentifier>
						<altIdentifier type="former">
							<idno>ÍBR B. 188</idno>
						</altIdentifier>
					</msIdentifier>
					<msContents>
						<msItem>
							<locus from="1r" facs="#IBR02-0010-0001r" to="56v">1r-56v</locus>
							<title type="supplied">Skjöl varðandi verslun á Íslandi á öndveðri 18. öld </title>
							<note>
								<list>
									<item>Tillögur Gottrups
										lögmanns 1701 og svar við þeim, tillögur um verslunarfélag, skjöl
										varðandi Hafnarfjarðar- og Eyrarbakkaverzlun o. fl.</item>
									<item>Áður ÍBR. B.
										188.</item>
								</list>
								</note>							
						</msItem>
					</msContents>
					<additional>
						<adminInfo>
							<recordHist>
								<source><name type="person" key="BraOla001">Bragi Þorgrímur
									Ólafsson</name> frumskráði fyrir myndvinnslu, <date when="2009-10-20">20. október 2009</date> ; Handritaskrá, 3.
									b.</source>
							</recordHist>
						</adminInfo>
						<surrogates>
							<p>Myndað fyrir handritavef í <date when="2009-10">október
								2009</date>.</p>
						</surrogates>
					</additional>
				</msDesc>
			</sourceDesc>
		</fileDesc>
	</teiHeader>
	<facsimile xml:base="https://myndir.handrit.is/file/Handrit.is/">
		<surface xml:id="IBR02-0010-0000r-FB" n="0">
			<desc>0000r-FB</desc>
			<graphic mimeType="pdf" url="%C3%8DBR%2010%20fol/0/HIGH_QUALITY_DISPLAY"/>
			<graphic mimeType="jpg" url="%C3%8DBR%2010%20fol/0/THUMBNAIL" width="200px" height="284px"/>
			<graphic mimeType="jpg" url="%C3%8DBR%2010%20fol/0/SECONDARY_DISPLAY" width="2746px" height="3900px"/>
			<graphic mimeType="pdf" url="%C3%8DBR%2010%20fol/0/WEB_DISPLAY"/>
		</surface>
		<surface xml:id="IBR02-0010-0000v-FB" n="1">
			<desc>0000v-FB</desc>
			<graphic mimeType="pdf" url="%C3%8DBR%2010%20fol/1/HIGH_QUALITY_DISPLAY"/>
			<graphic mimeType="jpg" url="%C3%8DBR%2010%20fol/1/THUMBNAIL" width="200px" height="298px"/>
			<graphic mimeType="jpg" url="%C3%8DBR%2010%20fol/1/SECONDARY_DISPLAY" width="2615px" height="3899px"/>
			<graphic mimeType="pdf" url="%C3%8DBR%2010%20fol/1/WEB_DISPLAY"/>
		</surface>
		<surface xml:id="IBR02-0010-0001r-FFl" n="2">
			<desc>0001r-FFl</desc>
			<graphic mimeType="pdf" url="%C3%8DBR%2010%20fol/2/HIGH_QUALITY_DISPLAY"/>
			<graphic mimeType="jpg" url="%C3%8DBR%2010%20fol/2/THUMBNAIL" width="200px" height="298px"/>
			<graphic mimeType="jpg" url="%C3%8DBR%2010%20fol/2/SECONDARY_DISPLAY" width="2615px" height="3899px"/>
			<graphic mimeType="pdf" url="%C3%8DBR%2010%20fol/2/WEB_DISPLAY"/>
		</surface>
		<surface xml:id="IBR02-0010-0001v-FFl" n="3">
			<desc>0001v-FFl</desc>
			<graphic mimeType="pdf" url="%C3%8DBR%2010%20fol/3/HIGH_QUALITY_DISPLAY"/>
			<graphic mimeType="jpg" url="%C3%8DBR%2010%20fol/3/THUMBNAIL" width="199px" height="300px"/>
			<graphic mimeType="jpg" url="%C3%8DBR%2010%20fol/3/SECONDARY_DISPLAY" width="2628px" height="3960px"/>
			<graphic mimeType="pdf" url="%C3%8DBR%2010%20fol/3/WEB_DISPLAY"/>
		</surface>
		<surface xml:id="IBR02-0010-0001r" n="4">
			<desc>0001r</desc>
			<graphic mimeType="pdf" url="%C3%8DBR%2010%20fol/4/HIGH_QUALITY_DISPLAY"/>
			<graphic mimeType="jpg" url="%C3%8DBR%2010%20fol/4/THUMBNAIL" width="199px" height="300px"/>
			<graphic mimeType="jpg" url="%C3%8DBR%2010%20fol/4/SECONDARY_DISPLAY" width="2628px" height="3960px"/>
			<graphic mimeType="pdf" url="%C3%8DBR%2010%20fol/4/WEB_DISPLAY"/>
		</surface>
		<surface xml:id="IBR02-0010-0001v" n="5">
			<desc>0001v</desc>
			<graphic mimeType="pdf" url="%C3%8DBR%2010%20fol/5/HIGH_QUALITY_DISPLAY"/>
			<graphic mimeType="jpg" url="%C3%8DBR%2010%20fol/5/THUMBNAIL" width="200px" height="300px"/>
			<graphic mimeType="jpg" url="%C3%8DBR%2010%20fol/5/SECONDARY_DISPLAY" width="2640px" height="3960px"/>
			<graphic mimeType="pdf" url="%C3%8DBR%2010%20fol/5/WEB_DISPLAY"/>
		</surface>
		<surface xml:id="IBR02-0010-0002r" n="6">
			<desc>0002r</desc>
			<graphic mimeType="pdf" url="%C3%8DBR%2010%20fol/6/HIGH_QUALITY_DISPLAY"/>
			<graphic mimeType="jpg" url="%C3%8DBR%2010%20fol/6/THUMBNAIL" width="200px" height="300px"/>
			<graphic mimeType="jpg" url="%C3%8DBR%2010%20fol/6/SECONDARY_DISPLAY" width="2640px" height="3960px"/>
			<graphic mimeType="pdf" url="%C3%8DBR%2010%20fol/6/WEB_DISPLAY"/>
		</surface>
		<surface xml:id="IBR02-0010-0002v" n="7">
			<desc>0002v</desc>
			<graphic mimeType="pdf" url="%C3%8DBR%2010%20fol/7/HIGH_QUALITY_DISPLAY"/>
			<graphic mimeType="jpg" url="%C3%8DBR%2010%20fol/7/THUMBNAIL" width="200px" height="300px"/>
			<graphic mimeType="jpg" url="%C3%8DBR%2010%20fol/7/SECONDARY_DISPLAY" width="2640px" height="3960px"/>
			<graphic mimeType="pdf" url="%C3%8DBR%2010%20fol/7/WEB_DISPLAY"/>
		</surface>
		<surface xml:id="IBR02-0010-0003r" n="8">
			<desc>0003r</desc>
			<graphic mimeType="pdf" url="%C3%8DBR%2010%20fol/8/HIGH_QUALITY_DISPLAY"/>
			<graphic mimeType="jpg" url="%C3%8DBR%2010%20fol/8/THUMBNAIL" width="200px" height="300px"/>
			<graphic mimeType="jpg" url="%C3%8DBR%2010%20fol/8/SECONDARY_DISPLAY" width="2640px" height="3960px"/>
			<graphic mimeType="pdf" url="%C3%8DBR%2010%20fol/8/WEB_DISPLAY"/>
		</surface>
		<surface xml:id="IBR02-0010-0003v" n="9">
			<desc>0003v</desc>
			<graphic mimeType="pdf" url="%C3%8DBR%2010%20fol/9/HIGH_QUALITY_DISPLAY"/>
			<graphic mimeType="jpg" url="%C3%8DBR%2010%20fol/9/THUMBNAIL" width="200px" height="300px"/>
			<graphic mimeType="jpg" url="%C3%8DBR%2010%20fol/9/SECONDARY_DISPLAY" width="2640px" height="3960px"/>
			<graphic mimeType="pdf" url="%C3%8DBR%2010%20fol/9/WEB_DISPLAY"/>
		</surface>
		<surface xml:id="IBR02-0010-0004r" n="10">
			<desc>0004r</desc>
			<graphic mimeType="pdf" url="%C3%8DBR%2010%20fol/10/HIGH_QUALITY_DISPLAY"/>
			<graphic mimeType="jpg" url="%C3%8DBR%2010%20fol/10/THUMBNAIL" width="200px" height="300px"/>
			<graphic mimeType="jpg" url="%C3%8DBR%2010%20fol/10/SECONDARY_DISPLAY" width="2640px" height="3960px"/>
			<graphic mimeType="pdf" url="%C3%8DBR%2010%20fol/10/WEB_DISPLAY"/>
		</surface>
		<surface xml:id="IBR02-0010-0004v" n="11">
			<desc>0004v</desc>
			<graphic mimeType="pdf" url="%C3%8DBR%2010%20fol/11/HIGH_QUALITY_DISPLAY"/>
			<graphic mimeType="jpg" url="%C3%8DBR%2010%20fol/11/THUMBNAIL" width="200px" height="298px"/>
			<graphic mimeType="jpg" url="%C3%8DBR%2010%20fol/11/SECONDARY_DISPLAY" width="2640px" height="3936px"/>
			<graphic mimeType="pdf" url="%C3%8DBR%2010%20fol/11/WEB_DISPLAY"/>
		</surface>
		<surface xml:id="IBR02-0010-0005r" n="12">
			<desc>0005r</desc>
			<graphic mimeType="pdf" url="%C3%8DBR%2010%20fol/12/HIGH_QUALITY_DISPLAY"/>
			<graphic mimeType="jpg" url="%C3%8DBR%2010%20fol/12/THUMBNAIL" width="200px" height="298px"/>
			<graphic mimeType="jpg" url="%C3%8DBR%2010%20fol/12/SECONDARY_DISPLAY" width="2640px" height="3936px"/>
			<graphic mimeType="pdf" url="%C3%8DBR%2010%20fol/12/WEB_DISPLAY"/>
		</surface>
		<surface xml:id="IBR02-0010-0005v" n="13">
			<desc>0005v</desc>
			<graphic mimeType="pdf" url="%C3%8DBR%2010%20fol/13/HIGH_QUALITY_DISPLAY"/>
			<graphic mimeType="jpg" url="%C3%8DBR%2010%20fol/13/THUMBNAIL" width="200px" height="298px"/>
			<graphic mimeType="jpg" url="%C3%8DBR%2010%20fol/13/SECONDARY_DISPLAY" width="2640px" height="3936px"/>
			<graphic mimeType="pdf" url="%C3%8DBR%2010%20fol/13/WEB_DISPLAY"/>
		</surface>
		<surface xml:id="IBR02-0010-0006r" n="14">
			<desc>0006r</desc>
			<graphic mimeType="pdf" url="%C3%8DBR%2010%20fol/14/HIGH_QUALITY_DISPLAY"/>
			<graphic mimeType="jpg" url="%C3%8DBR%2010%20fol/14/THUMBNAIL" width="200px" height="298px"/>
			<graphic mimeType="jpg" url="%C3%8DBR%2010%20fol/14/SECONDARY_DISPLAY" width="2640px" height="3936px"/>
			<graphic mimeType="pdf" url="%C3%8DBR%2010%20fol/14/WEB_DISPLAY"/>
		</surface>
		<surface xml:id="IBR02-0010-0006v" n="15">
			<desc>0006v</desc>
			<graphic mimeType="pdf" url="%C3%8DBR%2010%20fol/15/HIGH_QUALITY_DISPLAY"/>
			<graphic mimeType="jpg" url="%C3%8DBR%2010%20fol/15/THUMBNAIL" width="200px" height="298px"/>
			<graphic mimeType="jpg" url="%C3%8DBR%2010%20fol/15/SECONDARY_DISPLAY" width="2640px" height="3936px"/>
			<graphic mimeType="pdf" url="%C3%8DBR%2010%20fol/15/WEB_DISPLAY"/>
		</surface>
		<surface xml:id="IBR02-0010-0007r" n="16">
			<desc>0007r</desc>
			<graphic mimeType="pdf" url="%C3%8DBR%2010%20fol/16/HIGH_QUALITY_DISPLAY"/>
			<graphic mimeType="jpg" url="%C3%8DBR%2010%20fol/16/THUMBNAIL" width="200px" height="298px"/>
			<graphic mimeType="jpg" url="%C3%8DBR%2010%20fol/16/SECONDARY_DISPLAY" width="2640px" height="3936px"/>
			<graphic mimeType="pdf" url="%C3%8DBR%2010%20fol/16/WEB_DISPLAY"/>
		</surface>
		<surface xml:id="IBR02-0010-0007v" n="17">
			<desc>0007v</desc>
			<graphic mimeType="pdf" url="%C3%8DBR%2010%20fol/17/HIGH_QUALITY_DISPLAY"/>
			<graphic mimeType="jpg" url="%C3%8DBR%2010%20fol/17/THUMBNAIL" width="200px" height="298px"/>
			<graphic mimeType="jpg" url="%C3%8DBR%2010%20fol/17/SECONDARY_DISPLAY" width="2640px" height="3936px"/>
			<graphic mimeType="pdf" url="%C3%8DBR%2010%20fol/17/WEB_DISPLAY"/>
		</surface>
		<surface xml:id="IBR02-0010-0008r" n="18">
			<desc>0008r</desc>
			<graphic mimeType="pdf" url="%C3%8DBR%2010%20fol/18/HIGH_QUALITY_DISPLAY"/>
			<graphic mimeType="jpg" url="%C3%8DBR%2010%20fol/18/THUMBNAIL" width="200px" height="298px"/>
			<graphic mimeType="jpg" url="%C3%8DBR%2010%20fol/18/SECONDARY_DISPLAY" width="2640px" height="3936px"/>
			<graphic mimeType="pdf" url="%C3%8DBR%2010%20fol/18/WEB_DISPLAY"/>
		</surface>
		<surface xml:id="IBR02-0010-0008v" n="19">
			<desc>0008v</desc>
			<graphic mimeType="pdf" url="%C3%8DBR%2010%20fol/19/HIGH_QUALITY_DISPLAY"/>
			<graphic mimeType="jpg" url="%C3%8DBR%2010%20fol/19/THUMBNAIL" width="200px" height="298px"/>
			<graphic mimeType="jpg" url="%C3%8DBR%2010%20fol/19/SECONDARY_DISPLAY" width="2640px" height="3936px"/>
			<graphic mimeType="pdf" url="%C3%8DBR%2010%20fol/19/WEB_DISPLAY"/>
		</surface>
		<surface xml:id="IBR02-0010-0009r" n="20">
			<desc>0009r</desc>
			<graphic mimeType="pdf" url="%C3%8DBR%2010%20fol/20/HIGH_QUALITY_DISPLAY"/>
			<graphic mimeType="jpg" url="%C3%8DBR%2010%20fol/20/THUMBNAIL" width="200px" height="298px"/>
			<graphic mimeType="jpg" url="%C3%8DBR%2010%20fol/20/SECONDARY_DISPLAY" width="2640px" height="3936px"/>
			<graphic mimeType="pdf" url="%C3%8DBR%2010%20fol/20/WEB_DISPLAY"/>
		</surface>
		<surface xml:id="IBR02-0010-0009v" n="21">
			<desc>0009v</desc>
			<graphic mimeType="pdf" url="%C3%8DBR%2010%20fol/21/HIGH_QUALITY_DISPLAY"/>
			<graphic mimeType="jpg" url="%C3%8DBR%2010%20fol/21/THUMBNAIL" width="200px" height="298px"/>
			<graphic mimeType="jpg" url="%C3%8DBR%2010%20fol/21/SECONDARY_DISPLAY" width="2640px" height="3936px"/>
			<graphic mimeType="pdf" url="%C3%8DBR%2010%20fol/21/WEB_DISPLAY"/>
		</surface>
		<surface xml:id="IBR02-0010-0010r" n="22">
			<desc>0010r</desc>
			<graphic mimeType="pdf" url="%C3%8DBR%2010%20fol/22/HIGH_QUALITY_DISPLAY"/>
			<graphic mimeType="jpg" url="%C3%8DBR%2010%20fol/22/THUMBNAIL" width="200px" height="298px"/>
			<graphic mimeType="jpg" url="%C3%8DBR%2010%20fol/22/SECONDARY_DISPLAY" width="2640px" height="3936px"/>
			<graphic mimeType="pdf" url="%C3%8DBR%2010%20fol/22/WEB_DISPLAY"/>
		</surface>
		<surface xml:id="IBR02-0010-0010v" n="23">
			<desc>0010v</desc>
			<graphic mimeType="pdf" url="%C3%8DBR%2010%20fol/23/HIGH_QUALITY_DISPLAY"/>
			<graphic mimeType="jpg" url="%C3%8DBR%2010%20fol/23/THUMBNAIL" width="200px" height="298px"/>
			<graphic mimeType="jpg" url="%C3%8DBR%2010%20fol/23/SECONDARY_DISPLAY" width="2640px" height="3936px"/>
			<graphic mimeType="pdf" url="%C3%8DBR%2010%20fol/23/WEB_DISPLAY"/>
		</surface>
		<surface xml:id="IBR02-0010-0011r" n="24">
			<desc>0011r</desc>
			<graphic mimeType="pdf" url="%C3%8DBR%2010%20fol/24/HIGH_QUALITY_DISPLAY"/>
			<graphic mimeType="jpg" url="%C3%8DBR%2010%20fol/24/THUMBNAIL" width="200px" height="298px"/>
			<graphic mimeType="jpg" url="%C3%8DBR%2010%20fol/24/SECONDARY_DISPLAY" width="2640px" height="3936px"/>
			<graphic mimeType="pdf" url="%C3%8DBR%2010%20fol/24/WEB_DISPLAY"/>
		</surface>
		<surface xml:id="IBR02-0010-0011v" n="25">
			<desc>0011v</desc>
			<graphic mimeType="pdf" url="%C3%8DBR%2010%20fol/25/HIGH_QUALITY_DISPLAY"/>
			<graphic mimeType="jpg" url="%C3%8DBR%2010%20fol/25/THUMBNAIL" width="200px" height="298px"/>
			<graphic mimeType="jpg" url="%C3%8DBR%2010%20fol/25/SECONDARY_DISPLAY" width="2640px" height="3936px"/>
			<graphic mimeType="pdf" url="%C3%8DBR%2010%20fol/25/WEB_DISPLAY"/>
		</surface>
		<surface xml:id="IBR02-0010-0012r" n="26">
			<desc>0012r</desc>
			<graphic mimeType="pdf" url="%C3%8DBR%2010%20fol/26/HIGH_QUALITY_DISPLAY"/>
			<graphic mimeType="jpg" url="%C3%8DBR%2010%20fol/26/THUMBNAIL" width="200px" height="298px"/>
			<graphic mimeType="jpg" url="%C3%8DBR%2010%20fol/26/SECONDARY_DISPLAY" width="2640px" height="3936px"/>
			<graphic mimeType="pdf" url="%C3%8DBR%2010%20fol/26/WEB_DISPLAY"/>
		</surface>
		<surface xml:id="IBR02-0010-0012v" n="27">
			<desc>0012v</desc>
			<graphic mimeType="pdf" url="%C3%8DBR%2010%20fol/27/HIGH_QUALITY_DISPLAY"/>
			<graphic mimeType="jpg" url="%C3%8DBR%2010%20fol/27/THUMBNAIL" width="200px" height="298px"/>
			<graphic mimeType="jpg" url="%C3%8DBR%2010%20fol/27/SECONDARY_DISPLAY" width="2640px" height="3936px"/>
			<graphic mimeType="pdf" url="%C3%8DBR%2010%20fol/27/WEB_DISPLAY"/>
		</surface>
		<surface xml:id="IBR02-0010-0013r" n="28">
			<desc>0013r</desc>
			<graphic mimeType="pdf" url="%C3%8DBR%2010%20fol/28/HIGH_QUALITY_DISPLAY"/>
			<graphic mimeType="jpg" url="%C3%8DBR%2010%20fol/28/THUMBNAIL" width="200px" height="298px"/>
			<graphic mimeType="jpg" url="%C3%8DBR%2010%20fol/28/SECONDARY_DISPLAY" width="2640px" height="3936px"/>
			<graphic mimeType="pdf" url="%C3%8DBR%2010%20fol/28/WEB_DISPLAY"/>
		</surface>
		<surface xml:id="IBR02-0010-0013v" n="29">
			<desc>0013v</desc>
			<graphic mimeType="pdf" url="%C3%8DBR%2010%20fol/29/HIGH_QUALITY_DISPLAY"/>
			<graphic mimeType="jpg" url="%C3%8DBR%2010%20fol/29/THUMBNAIL" width="200px" height="298px"/>
			<graphic mimeType="jpg" url="%C3%8DBR%2010%20fol/29/SECONDARY_DISPLAY" width="2640px" height="3936px"/>
			<graphic mimeType="pdf" url="%C3%8DBR%2010%20fol/29/WEB_DISPLAY"/>
		</surface>
		<surface xml:id="IBR02-0010-0014r" n="30">
			<desc>0014r</desc>
			<graphic mimeType="pdf" url="%C3%8DBR%2010%20fol/30/HIGH_QUALITY_DISPLAY"/>
			<graphic mimeType="jpg" url="%C3%8DBR%2010%20fol/30/THUMBNAIL" width="200px" height="298px"/>
			<graphic mimeType="jpg" url="%C3%8DBR%2010%20fol/30/SECONDARY_DISPLAY" width="2640px" height="3936px"/>
			<graphic mimeType="pdf" url="%C3%8DBR%2010%20fol/30/WEB_DISPLAY"/>
		</surface>
		<surface xml:id="IBR02-0010-0014v" n="31">
			<desc>0014v</desc>
			<graphic mimeType="pdf" url="%C3%8DBR%2010%20fol/31/HIGH_QUALITY_DISPLAY"/>
			<graphic mimeType="jpg" url="%C3%8DBR%2010%20fol/31/THUMBNAIL" width="200px" height="298px"/>
			<graphic mimeType="jpg" url="%C3%8DBR%2010%20fol/31/SECONDARY_DISPLAY" width="2640px" height="3936px"/>
			<graphic mimeType="pdf" url="%C3%8DBR%2010%20fol/31/WEB_DISPLAY"/>
		</surface>
		<surface xml:id="IBR02-0010-0015r" n="32">
			<desc>0015r</desc>
			<graphic mimeType="pdf" url="%C3%8DBR%2010%20fol/32/HIGH_QUALITY_DISPLAY"/>
			<graphic mimeType="jpg" url="%C3%8DBR%2010%20fol/32/THUMBNAIL" width="200px" height="298px"/>
			<graphic mimeType="jpg" url="%C3%8DBR%2010%20fol/32/SECONDARY_DISPLAY" width="2640px" height="3936px"/>
			<graphic mimeType="pdf" url="%C3%8DBR%2010%20fol/32/WEB_DISPLAY"/>
		</surface>
		<surface xml:id="IBR02-0010-0015v" n="33">
			<desc>0015v</desc>
			<graphic mimeType="pdf" url="%C3%8DBR%2010%20fol/33/HIGH_QUALITY_DISPLAY"/>
			<graphic mimeType="jpg" url="%C3%8DBR%2010%20fol/33/THUMBNAIL" width="200px" height="298px"/>
			<graphic mimeType="jpg" url="%C3%8DBR%2010%20fol/33/SECONDARY_DISPLAY" width="2640px" height="3936px"/>
			<graphic mimeType="pdf" url="%C3%8DBR%2010%20fol/33/WEB_DISPLAY"/>
		</surface>
		<surface xml:id="IBR02-0010-0016r" n="34">
			<desc>0016r</desc>
			<graphic mimeType="pdf" url="%C3%8DBR%2010%20fol/34/HIGH_QUALITY_DISPLAY"/>
			<graphic mimeType="jpg" url="%C3%8DBR%2010%20fol/34/THUMBNAIL" width="200px" height="298px"/>
			<graphic mimeType="jpg" url="%C3%8DBR%2010%20fol/34/SECONDARY_DISPLAY" width="2640px" height="3936px"/>
			<graphic mimeType="pdf" url="%C3%8DBR%2010%20fol/34/WEB_DISPLAY"/>
		</surface>
		<surface xml:id="IBR02-0010-0016v" n="35">
			<desc>0016v</desc>
			<graphic mimeType="pdf" url="%C3%8DBR%2010%20fol/35/HIGH_QUALITY_DISPLAY"/>
			<graphic mimeType="jpg" url="%C3%8DBR%2010%20fol/35/THUMBNAIL" width="200px" height="298px"/>
			<graphic mimeType="jpg" url="%C3%8DBR%2010%20fol/35/SECONDARY_DISPLAY" width="2640px" height="3936px"/>
			<graphic mimeType="pdf" url="%C3%8DBR%2010%20fol/35/WEB_DISPLAY"/>
		</surface>
		<surface xml:id="IBR02-0010-0017r" n="36">
			<desc>0017r</desc>
			<graphic mimeType="pdf" url="%C3%8DBR%2010%20fol/36/HIGH_QUALITY_DISPLAY"/>
			<graphic mimeType="jpg" url="%C3%8DBR%2010%20fol/36/THUMBNAIL" width="200px" height="298px"/>
			<graphic mimeType="jpg" url="%C3%8DBR%2010%20fol/36/SECONDARY_DISPLAY" width="2640px" height="3936px"/>
			<graphic mimeType="pdf" url="%C3%8DBR%2010%20fol/36/WEB_DISPLAY"/>
		</surface>
		<surface xml:id="IBR02-0010-0017v" n="37">
			<desc>0017v</desc>
			<graphic mimeType="pdf" url="%C3%8DBR%2010%20fol/37/HIGH_QUALITY_DISPLAY"/>
			<graphic mimeType="jpg" url="%C3%8DBR%2010%20fol/37/THUMBNAIL" width="200px" height="298px"/>
			<graphic mimeType="jpg" url="%C3%8DBR%2010%20fol/37/SECONDARY_DISPLAY" width="2640px" height="3936px"/>
			<graphic mimeType="pdf" url="%C3%8DBR%2010%20fol/37/WEB_DISPLAY"/>
		</surface>
		<surface xml:id="IBR02-0010-0018r" n="38">
			<desc>0018r</desc>
			<graphic mimeType="pdf" url="%C3%8DBR%2010%20fol/38/HIGH_QUALITY_DISPLAY"/>
			<graphic mimeType="jpg" url="%C3%8DBR%2010%20fol/38/THUMBNAIL" width="200px" height="298px"/>
			<graphic mimeType="jpg" url="%C3%8DBR%2010%20fol/38/SECONDARY_DISPLAY" width="2640px" height="3936px"/>
			<graphic mimeType="pdf" url="%C3%8DBR%2010%20fol/38/WEB_DISPLAY"/>
		</surface>
		<surface xml:id="IBR02-0010-0018v" n="39">
			<desc>0018v</desc>
			<graphic mimeType="pdf" url="%C3%8DBR%2010%20fol/39/HIGH_QUALITY_DISPLAY"/>
			<graphic mimeType="jpg" url="%C3%8DBR%2010%20fol/39/THUMBNAIL" width="200px" height="298px"/>
			<graphic mimeType="jpg" url="%C3%8DBR%2010%20fol/39/SECONDARY_DISPLAY" width="2640px" height="3936px"/>
			<graphic mimeType="pdf" url="%C3%8DBR%2010%20fol/39/WEB_DISPLAY"/>
		</surface>
		<surface xml:id="IBR02-0010-0019r" n="40">
			<desc>0019r</desc>
			<graphic mimeType="pdf" url="%C3%8DBR%2010%20fol/40/HIGH_QUALITY_DISPLAY"/>
			<graphic mimeType="jpg" url="%C3%8DBR%2010%20fol/40/THUMBNAIL" width="200px" height="298px"/>
			<graphic mimeType="jpg" url="%C3%8DBR%2010%20fol/40/SECONDARY_DISPLAY" width="2640px" height="3936px"/>
			<graphic mimeType="pdf" url="%C3%8DBR%2010%20fol/40/WEB_DISPLAY"/>
		</surface>
		<surface xml:id="IBR02-0010-0019v" n="41">
			<desc>0019v</desc>
			<graphic mimeType="pdf" url="%C3%8DBR%2010%20fol/41/HIGH_QUALITY_DISPLAY"/>
			<graphic mimeType="jpg" url="%C3%8DBR%2010%20fol/41/THUMBNAIL" width="200px" height="298px"/>
			<graphic mimeType="jpg" url="%C3%8DBR%2010%20fol/41/SECONDARY_DISPLAY" width="2640px" height="3936px"/>
			<graphic mimeType="pdf" url="%C3%8DBR%2010%20fol/41/WEB_DISPLAY"/>
		</surface>
		<surface xml:id="IBR02-0010-0020r" n="42">
			<desc>0020r</desc>
			<graphic mimeType="pdf" url="%C3%8DBR%2010%20fol/42/HIGH_QUALITY_DISPLAY"/>
			<graphic mimeType="jpg" url="%C3%8DBR%2010%20fol/42/THUMBNAIL" width="200px" height="298px"/>
			<graphic mimeType="jpg" url="%C3%8DBR%2010%20fol/42/SECONDARY_DISPLAY" width="2640px" height="3936px"/>
			<graphic mimeType="pdf" url="%C3%8DBR%2010%20fol/42/WEB_DISPLAY"/>
		</surface>
		<surface xml:id="IBR02-0010-0020v" n="43">
			<desc>0020v</desc>
			<graphic mimeType="pdf" url="%C3%8DBR%2010%20fol/43/HIGH_QUALITY_DISPLAY"/>
			<graphic mimeType="jpg" url="%C3%8DBR%2010%20fol/43/THUMBNAIL" width="200px" height="291px"/>
			<graphic mimeType="jpg" url="%C3%8DBR%2010%20fol/43/SECONDARY_DISPLAY" width="2640px" height="3840px"/>
			<graphic mimeType="pdf" url="%C3%8DBR%2010%20fol/43/WEB_DISPLAY"/>
		</surface>
		<surface xml:id="IBR02-0010-0021r" n="44">
			<desc>0021r</desc>
			<graphic mimeType="pdf" url="%C3%8DBR%2010%20fol/44/HIGH_QUALITY_DISPLAY"/>
			<graphic mimeType="jpg" url="%C3%8DBR%2010%20fol/44/THUMBNAIL" width="200px" height="291px"/>
			<graphic mimeType="jpg" url="%C3%8DBR%2010%20fol/44/SECONDARY_DISPLAY" width="2640px" height="3840px"/>
			<graphic mimeType="pdf" url="%C3%8DBR%2010%20fol/44/WEB_DISPLAY"/>
		</surface>
		<surface xml:id="IBR02-0010-0021v" n="45">
			<desc>0021v</desc>
			<graphic mimeType="pdf" url="%C3%8DBR%2010%20fol/45/HIGH_QUALITY_DISPLAY"/>
			<graphic mimeType="jpg" url="%C3%8DBR%2010%20fol/45/THUMBNAIL" width="200px" height="291px"/>
			<graphic mimeType="jpg" url="%C3%8DBR%2010%20fol/45/SECONDARY_DISPLAY" width="2640px" height="3840px"/>
			<graphic mimeType="pdf" url="%C3%8DBR%2010%20fol/45/WEB_DISPLAY"/>
		</surface>
		<surface xml:id="IBR02-0010-0022r" n="46">
			<desc>0022r</desc>
			<graphic mimeType="pdf" url="%C3%8DBR%2010%20fol/46/HIGH_QUALITY_DISPLAY"/>
			<graphic mimeType="jpg" url="%C3%8DBR%2010%20fol/46/THUMBNAIL" width="200px" height="291px"/>
			<graphic mimeType="jpg" url="%C3%8DBR%2010%20fol/46/SECONDARY_DISPLAY" width="2640px" height="3840px"/>
			<graphic mimeType="pdf" url="%C3%8DBR%2010%20fol/46/WEB_DISPLAY"/>
		</surface>
		<surface xml:id="IBR02-0010-0022v" n="47">
			<desc>0022v</desc>
			<graphic mimeType="pdf" url="%C3%8DBR%2010%20fol/47/HIGH_QUALITY_DISPLAY"/>
			<graphic mimeType="jpg" url="%C3%8DBR%2010%20fol/47/THUMBNAIL" width="200px" height="291px"/>
			<graphic mimeType="jpg" url="%C3%8DBR%2010%20fol/47/SECONDARY_DISPLAY" width="2640px" height="3840px"/>
			<graphic mimeType="pdf" url="%C3%8DBR%2010%20fol/47/WEB_DISPLAY"/>
		</surface>
		<surface xml:id="IBR02-0010-0023r" n="48">
			<desc>0023r</desc>
			<graphic mimeType="pdf" url="%C3%8DBR%2010%20fol/48/HIGH_QUALITY_DISPLAY"/>
			<graphic mimeType="jpg" url="%C3%8DBR%2010%20fol/48/THUMBNAIL" width="200px" height="291px"/>
			<graphic mimeType="jpg" url="%C3%8DBR%2010%20fol/48/SECONDARY_DISPLAY" width="2640px" height="3840px"/>
			<graphic mimeType="pdf" url="%C3%8DBR%2010%20fol/48/WEB_DISPLAY"/>
		</surface>
		<surface xml:id="IBR02-0010-0023v" n="49">
			<desc>0023v</desc>
			<graphic mimeType="pdf" url="%C3%8DBR%2010%20fol/49/HIGH_QUALITY_DISPLAY"/>
			<graphic mimeType="jpg" url="%C3%8DBR%2010%20fol/49/THUMBNAIL" width="200px" height="291px"/>
			<graphic mimeType="jpg" url="%C3%8DBR%2010%20fol/49/SECONDARY_DISPLAY" width="2640px" height="3840px"/>
			<graphic mimeType="pdf" url="%C3%8DBR%2010%20fol/49/WEB_DISPLAY"/>
		</surface>
		<surface xml:id="IBR02-0010-0024r" n="50">
			<desc>0024r</desc>
			<graphic mimeType="pdf" url="%C3%8DBR%2010%20fol/50/HIGH_QUALITY_DISPLAY"/>
			<graphic mimeType="jpg" url="%C3%8DBR%2010%20fol/50/THUMBNAIL" width="200px" height="291px"/>
			<graphic mimeType="jpg" url="%C3%8DBR%2010%20fol/50/SECONDARY_DISPLAY" width="2640px" height="3840px"/>
			<graphic mimeType="pdf" url="%C3%8DBR%2010%20fol/50/WEB_DISPLAY"/>
		</surface>
		<surface xml:id="IBR02-0010-0024v" n="51">
			<desc>0024v</desc>
			<graphic mimeType="pdf" url="%C3%8DBR%2010%20fol/51/HIGH_QUALITY_DISPLAY"/>
			<graphic mimeType="jpg" url="%C3%8DBR%2010%20fol/51/THUMBNAIL" width="200px" height="291px"/>
			<graphic mimeType="jpg" url="%C3%8DBR%2010%20fol/51/SECONDARY_DISPLAY" width="2640px" height="3840px"/>
			<graphic mimeType="pdf" url="%C3%8DBR%2010%20fol/51/WEB_DISPLAY"/>
		</surface>
		<surface xml:id="IBR02-0010-0025r" n="52">
			<desc>0025r</desc>
			<graphic mimeType="pdf" url="%C3%8DBR%2010%20fol/52/HIGH_QUALITY_DISPLAY"/>
			<graphic mimeType="jpg" url="%C3%8DBR%2010%20fol/52/THUMBNAIL" width="200px" height="291px"/>
			<graphic mimeType="jpg" url="%C3%8DBR%2010%20fol/52/SECONDARY_DISPLAY" width="2640px" height="3840px"/>
			<graphic mimeType="pdf" url="%C3%8DBR%2010%20fol/52/WEB_DISPLAY"/>
		</surface>
		<surface xml:id="IBR02-0010-0025v" n="53">
			<desc>0025v</desc>
			<graphic mimeType="pdf" url="%C3%8DBR%2010%20fol/53/HIGH_QUALITY_DISPLAY"/>
			<graphic mimeType="jpg" url="%C3%8DBR%2010%20fol/53/THUMBNAIL" width="200px" height="291px"/>
			<graphic mimeType="jpg" url="%C3%8DBR%2010%20fol/53/SECONDARY_DISPLAY" width="2640px" height="3840px"/>
			<graphic mimeType="pdf" url="%C3%8DBR%2010%20fol/53/WEB_DISPLAY"/>
		</surface>
		<surface xml:id="IBR02-0010-0026r" n="54">
			<desc>0026r</desc>
			<graphic mimeType="pdf" url="%C3%8DBR%2010%20fol/54/HIGH_QUALITY_DISPLAY"/>
			<graphic mimeType="jpg" url="%C3%8DBR%2010%20fol/54/THUMBNAIL" width="200px" height="291px"/>
			<graphic mimeType="jpg" url="%C3%8DBR%2010%20fol/54/SECONDARY_DISPLAY" width="2640px" height="3840px"/>
			<graphic mimeType="pdf" url="%C3%8DBR%2010%20fol/54/WEB_DISPLAY"/>
		</surface>
		<surface xml:id="IBR02-0010-0026v" n="55">
			<desc>0026v</desc>
			<graphic mimeType="pdf" url="%C3%8DBR%2010%20fol/55/HIGH_QUALITY_DISPLAY"/>
			<graphic mimeType="jpg" url="%C3%8DBR%2010%20fol/55/THUMBNAIL" width="200px" height="291px"/>
			<graphic mimeType="jpg" url="%C3%8DBR%2010%20fol/55/SECONDARY_DISPLAY" width="2640px" height="3840px"/>
			<graphic mimeType="pdf" url="%C3%8DBR%2010%20fol/55/WEB_DISPLAY"/>
		</surface>
		<surface xml:id="IBR02-0010-0027r" n="56">
			<desc>0027r</desc>
			<graphic mimeType="pdf" url="%C3%8DBR%2010%20fol/56/HIGH_QUALITY_DISPLAY"/>
			<graphic mimeType="jpg" url="%C3%8DBR%2010%20fol/56/THUMBNAIL" width="200px" height="291px"/>
			<graphic mimeType="jpg" url="%C3%8DBR%2010%20fol/56/SECONDARY_DISPLAY" width="2640px" height="3840px"/>
			<graphic mimeType="pdf" url="%C3%8DBR%2010%20fol/56/WEB_DISPLAY"/>
		</surface>
		<surface xml:id="IBR02-0010-0027v" n="57">
			<desc>0027v</desc>
			<graphic mimeType="pdf" url="%C3%8DBR%2010%20fol/57/HIGH_QUALITY_DISPLAY"/>
			<graphic mimeType="jpg" url="%C3%8DBR%2010%20fol/57/THUMBNAIL" width="200px" height="290px"/>
			<graphic mimeType="jpg" url="%C3%8DBR%2010%20fol/57/SECONDARY_DISPLAY" width="2627px" height="3816px"/>
			<graphic mimeType="pdf" url="%C3%8DBR%2010%20fol/57/WEB_DISPLAY"/>
		</surface>
		<surface xml:id="IBR02-0010-0028r" n="58">
			<desc>0028r</desc>
			<graphic mimeType="pdf" url="%C3%8DBR%2010%20fol/58/HIGH_QUALITY_DISPLAY"/>
			<graphic mimeType="jpg" url="%C3%8DBR%2010%20fol/58/THUMBNAIL" width="200px" height="290px"/>
			<graphic mimeType="jpg" url="%C3%8DBR%2010%20fol/58/SECONDARY_DISPLAY" width="2627px" height="3816px"/>
			<graphic mimeType="pdf" url="%C3%8DBR%2010%20fol/58/WEB_DISPLAY"/>
		</surface>
		<surface xml:id="IBR02-0010-0028v" n="59">
			<desc>0028v</desc>
			<graphic mimeType="pdf" url="%C3%8DBR%2010%20fol/59/HIGH_QUALITY_DISPLAY"/>
			<graphic mimeType="jpg" url="%C3%8DBR%2010%20fol/59/THUMBNAIL" width="200px" height="290px"/>
			<graphic mimeType="jpg" url="%C3%8DBR%2010%20fol/59/SECONDARY_DISPLAY" width="2627px" height="3816px"/>
			<graphic mimeType="pdf" url="%C3%8DBR%2010%20fol/59/WEB_DISPLAY"/>
		</surface>
		<surface xml:id="IBR02-0010-0029r" n="60">
			<desc>0029r</desc>
			<graphic mimeType="pdf" url="%C3%8DBR%2010%20fol/60/HIGH_QUALITY_DISPLAY"/>
			<graphic mimeType="jpg" url="%C3%8DBR%2010%20fol/60/THUMBNAIL" width="200px" height="290px"/>
			<graphic mimeType="jpg" url="%C3%8DBR%2010%20fol/60/SECONDARY_DISPLAY" width="2627px" height="3816px"/>
			<graphic mimeType="pdf" url="%C3%8DBR%2010%20fol/60/WEB_DISPLAY"/>
		</surface>
		<surface xml:id="IBR02-0010-0029v" n="61">
			<desc>0029v</desc>
			<graphic mimeType="pdf" url="%C3%8DBR%2010%20fol/61/HIGH_QUALITY_DISPLAY"/>
			<graphic mimeType="jpg" url="%C3%8DBR%2010%20fol/61/THUMBNAIL" width="200px" height="290px"/>
			<graphic mimeType="jpg" url="%C3%8DBR%2010%20fol/61/SECONDARY_DISPLAY" width="2627px" height="3816px"/>
			<graphic mimeType="pdf" url="%C3%8DBR%2010%20fol/61/WEB_DISPLAY"/>
		</surface>
		<surface xml:id="IBR02-0010-0030r" n="62">
			<desc>0030r</desc>
			<graphic mimeType="pdf" url="%C3%8DBR%2010%20fol/62/HIGH_QUALITY_DISPLAY"/>
			<graphic mimeType="jpg" url="%C3%8DBR%2010%20fol/62/THUMBNAIL" width="200px" height="290px"/>
			<graphic mimeType="jpg" url="%C3%8DBR%2010%20fol/62/SECONDARY_DISPLAY" width="2627px" height="3816px"/>
			<graphic mimeType="pdf" url="%C3%8DBR%2010%20fol/62/WEB_DISPLAY"/>
		</surface>
		<surface xml:id="IBR02-0010-0030v" n="63">
			<desc>0030v</desc>
			<graphic mimeType="pdf" url="%C3%8DBR%2010%20fol/63/HIGH_QUALITY_DISPLAY"/>
			<graphic mimeType="jpg" url="%C3%8DBR%2010%20fol/63/THUMBNAIL" width="200px" height="290px"/>
			<graphic mimeType="jpg" url="%C3%8DBR%2010%20fol/63/SECONDARY_DISPLAY" width="2627px" height="3816px"/>
			<graphic mimeType="pdf" url="%C3%8DBR%2010%20fol/63/WEB_DISPLAY"/>
		</surface>
		<surface xml:id="IBR02-0010-0031r" n="64">
			<desc>0031r</desc>
			<graphic mimeType="pdf" url="%C3%8DBR%2010%20fol/64/HIGH_QUALITY_DISPLAY"/>
			<graphic mimeType="jpg" url="%C3%8DBR%2010%20fol/64/THUMBNAIL" width="200px" height="290px"/>
			<graphic mimeType="jpg" url="%C3%8DBR%2010%20fol/64/SECONDARY_DISPLAY" width="2627px" height="3816px"/>
			<graphic mimeType="pdf" url="%C3%8DBR%2010%20fol/64/WEB_DISPLAY"/>
		</surface>
		<surface xml:id="IBR02-0010-0031v" n="65">
			<desc>0031v</desc>
			<graphic mimeType="pdf" url="%C3%8DBR%2010%20fol/65/HIGH_QUALITY_DISPLAY"/>
			<graphic mimeType="jpg" url="%C3%8DBR%2010%20fol/65/THUMBNAIL" width="200px" height="290px"/>
			<graphic mimeType="jpg" url="%C3%8DBR%2010%20fol/65/SECONDARY_DISPLAY" width="2627px" height="3816px"/>
			<graphic mimeType="pdf" url="%C3%8DBR%2010%20fol/65/WEB_DISPLAY"/>
		</surface>
		<surface xml:id="IBR02-0010-0032r" n="66">
			<desc>0032r</desc>
			<graphic mimeType="pdf" url="%C3%8DBR%2010%20fol/66/HIGH_QUALITY_DISPLAY"/>
			<graphic mimeType="jpg" url="%C3%8DBR%2010%20fol/66/THUMBNAIL" width="200px" height="290px"/>
			<graphic mimeType="jpg" url="%C3%8DBR%2010%20fol/66/SECONDARY_DISPLAY" width="2627px" height="3816px"/>
			<graphic mimeType="pdf" url="%C3%8DBR%2010%20fol/66/WEB_DISPLAY"/>
		</surface>
		<surface xml:id="IBR02-0010-0032v" n="67">
			<desc>0032v</desc>
			<graphic mimeType="pdf" url="%C3%8DBR%2010%20fol/67/HIGH_QUALITY_DISPLAY"/>
			<graphic mimeType="jpg" url="%C3%8DBR%2010%20fol/67/THUMBNAIL" width="200px" height="290px"/>
			<graphic mimeType="jpg" url="%C3%8DBR%2010%20fol/67/SECONDARY_DISPLAY" width="2627px" height="3816px"/>
			<graphic mimeType="pdf" url="%C3%8DBR%2010%20fol/67/WEB_DISPLAY"/>
		</surface>
		<surface xml:id="IBR02-0010-0033r" n="68">
			<desc>0033r</desc>
			<graphic mimeType="pdf" url="%C3%8DBR%2010%20fol/68/HIGH_QUALITY_DISPLAY"/>
			<graphic mimeType="jpg" url="%C3%8DBR%2010%20fol/68/THUMBNAIL" width="200px" height="290px"/>
			<graphic mimeType="jpg" url="%C3%8DBR%2010%20fol/68/SECONDARY_DISPLAY" width="2627px" height="3816px"/>
			<graphic mimeType="pdf" url="%C3%8DBR%2010%20fol/68/WEB_DISPLAY"/>
		</surface>
		<surface xml:id="IBR02-0010-0033v" n="69">
			<desc>0033v</desc>
			<graphic mimeType="pdf" url="%C3%8DBR%2010%20fol/69/HIGH_QUALITY_DISPLAY"/>
			<graphic mimeType="jpg" url="%C3%8DBR%2010%20fol/69/THUMBNAIL" width="200px" height="290px"/>
			<graphic mimeType="jpg" url="%C3%8DBR%2010%20fol/69/SECONDARY_DISPLAY" width="2627px" height="3816px"/>
			<graphic mimeType="pdf" url="%C3%8DBR%2010%20fol/69/WEB_DISPLAY"/>
		</surface>
		<surface xml:id="IBR02-0010-0034r" n="70">
			<desc>0034r</desc>
			<graphic mimeType="pdf" url="%C3%8DBR%2010%20fol/70/HIGH_QUALITY_DISPLAY"/>
			<graphic mimeType="jpg" url="%C3%8DBR%2010%20fol/70/THUMBNAIL" width="200px" height="290px"/>
			<graphic mimeType="jpg" url="%C3%8DBR%2010%20fol/70/SECONDARY_DISPLAY" width="2627px" height="3816px"/>
			<graphic mimeType="pdf" url="%C3%8DBR%2010%20fol/70/WEB_DISPLAY"/>
		</surface>
		<surface xml:id="IBR02-0010-0034v" n="71">
			<desc>0034v</desc>
			<graphic mimeType="pdf" url="%C3%8DBR%2010%20fol/71/HIGH_QUALITY_DISPLAY"/>
			<graphic mimeType="jpg" url="%C3%8DBR%2010%20fol/71/THUMBNAIL" width="200px" height="290px"/>
			<graphic mimeType="jpg" url="%C3%8DBR%2010%20fol/71/SECONDARY_DISPLAY" width="2627px" height="3816px"/>
			<graphic mimeType="pdf" url="%C3%8DBR%2010%20fol/71/WEB_DISPLAY"/>
		</surface>
		<surface xml:id="IBR02-0010-0035r" n="72">
			<desc>0035r</desc>
			<graphic mimeType="pdf" url="%C3%8DBR%2010%20fol/72/HIGH_QUALITY_DISPLAY"/>
			<graphic mimeType="jpg" url="%C3%8DBR%2010%20fol/72/THUMBNAIL" width="200px" height="290px"/>
			<graphic mimeType="jpg" url="%C3%8DBR%2010%20fol/72/SECONDARY_DISPLAY" width="2627px" height="3816px"/>
			<graphic mimeType="pdf" url="%C3%8DBR%2010%20fol/72/WEB_DISPLAY"/>
		</surface>
		<surface xml:id="IBR02-0010-0035v" n="73">
			<desc>0035v</desc>
			<graphic mimeType="pdf" url="%C3%8DBR%2010%20fol/73/HIGH_QUALITY_DISPLAY"/>
			<graphic mimeType="jpg" url="%C3%8DBR%2010%20fol/73/THUMBNAIL" width="200px" height="290px"/>
			<graphic mimeType="jpg" url="%C3%8DBR%2010%20fol/73/SECONDARY_DISPLAY" width="2627px" height="3816px"/>
			<graphic mimeType="pdf" url="%C3%8DBR%2010%20fol/73/WEB_DISPLAY"/>
		</surface>
		<surface xml:id="IBR02-0010-0036r" n="74">
			<desc>0036r</desc>
			<graphic mimeType="pdf" url="%C3%8DBR%2010%20fol/74/HIGH_QUALITY_DISPLAY"/>
			<graphic mimeType="jpg" url="%C3%8DBR%2010%20fol/74/THUMBNAIL" width="200px" height="290px"/>
			<graphic mimeType="jpg" url="%C3%8DBR%2010%20fol/74/SECONDARY_DISPLAY" width="2627px" height="3816px"/>
			<graphic mimeType="pdf" url="%C3%8DBR%2010%20fol/74/WEB_DISPLAY"/>
		</surface>
		<surface xml:id="IBR02-0010-0036v" n="75">
			<desc>0036v</desc>
			<graphic mimeType="pdf" url="%C3%8DBR%2010%20fol/75/HIGH_QUALITY_DISPLAY"/>
			<graphic mimeType="jpg" url="%C3%8DBR%2010%20fol/75/THUMBNAIL" width="200px" height="290px"/>
			<graphic mimeType="jpg" url="%C3%8DBR%2010%20fol/75/SECONDARY_DISPLAY" width="2627px" height="3816px"/>
			<graphic mimeType="pdf" url="%C3%8DBR%2010%20fol/75/WEB_DISPLAY"/>
		</surface>
		<surface xml:id="IBR02-0010-0037r" n="76">
			<desc>0037r</desc>
			<graphic mimeType="pdf" url="%C3%8DBR%2010%20fol/76/HIGH_QUALITY_DISPLAY"/>
			<graphic mimeType="jpg" url="%C3%8DBR%2010%20fol/76/THUMBNAIL" width="200px" height="290px"/>
			<graphic mimeType="jpg" url="%C3%8DBR%2010%20fol/76/SECONDARY_DISPLAY" width="2627px" height="3816px"/>
			<graphic mimeType="pdf" url="%C3%8DBR%2010%20fol/76/WEB_DISPLAY"/>
		</surface>
		<surface xml:id="IBR02-0010-0037v" n="77">
			<desc>0037v</desc>
			<graphic mimeType="pdf" url="%C3%8DBR%2010%20fol/77/HIGH_QUALITY_DISPLAY"/>
			<graphic mimeType="jpg" url="%C3%8DBR%2010%20fol/77/THUMBNAIL" width="200px" height="290px"/>
			<graphic mimeType="jpg" url="%C3%8DBR%2010%20fol/77/SECONDARY_DISPLAY" width="2627px" height="3816px"/>
			<graphic mimeType="pdf" url="%C3%8DBR%2010%20fol/77/WEB_DISPLAY"/>
		</surface>
		<surface xml:id="IBR02-0010-0038r" n="78">
			<desc>0038r</desc>
			<graphic mimeType="pdf" url="%C3%8DBR%2010%20fol/78/HIGH_QUALITY_DISPLAY"/>
			<graphic mimeType="jpg" url="%C3%8DBR%2010%20fol/78/THUMBNAIL" width="200px" height="290px"/>
			<graphic mimeType="jpg" url="%C3%8DBR%2010%20fol/78/SECONDARY_DISPLAY" width="2627px" height="3816px"/>
			<graphic mimeType="pdf" url="%C3%8DBR%2010%20fol/78/WEB_DISPLAY"/>
		</surface>
		<surface xml:id="IBR02-0010-0038v" n="79">
			<desc>0038v</desc>
			<graphic mimeType="pdf" url="%C3%8DBR%2010%20fol/79/HIGH_QUALITY_DISPLAY"/>
			<graphic mimeType="jpg" url="%C3%8DBR%2010%20fol/79/THUMBNAIL" width="200px" height="290px"/>
			<graphic mimeType="jpg" url="%C3%8DBR%2010%20fol/79/SECONDARY_DISPLAY" width="2627px" height="3816px"/>
			<graphic mimeType="pdf" url="%C3%8DBR%2010%20fol/79/WEB_DISPLAY"/>
		</surface>
		<surface xml:id="IBR02-0010-0039r" n="80">
			<desc>0039r</desc>
			<graphic mimeType="pdf" url="%C3%8DBR%2010%20fol/80/HIGH_QUALITY_DISPLAY"/>
			<graphic mimeType="jpg" url="%C3%8DBR%2010%20fol/80/THUMBNAIL" width="200px" height="290px"/>
			<graphic mimeType="jpg" url="%C3%8DBR%2010%20fol/80/SECONDARY_DISPLAY" width="2627px" height="3816px"/>
			<graphic mimeType="pdf" url="%C3%8DBR%2010%20fol/80/WEB_DISPLAY"/>
		</surface>
		<surface xml:id="IBR02-0010-0039v" n="81">
			<desc>0039v</desc>
			<graphic mimeType="pdf" url="%C3%8DBR%2010%20fol/81/HIGH_QUALITY_DISPLAY"/>
			<graphic mimeType="jpg" url="%C3%8DBR%2010%20fol/81/THUMBNAIL" width="200px" height="290px"/>
			<graphic mimeType="jpg" url="%C3%8DBR%2010%20fol/81/SECONDARY_DISPLAY" width="2627px" height="3816px"/>
			<graphic mimeType="pdf" url="%C3%8DBR%2010%20fol/81/WEB_DISPLAY"/>
		</surface>
		<surface xml:id="IBR02-0010-0040r" n="82">
			<desc>0040r</desc>
			<graphic mimeType="pdf" url="%C3%8DBR%2010%20fol/82/HIGH_QUALITY_DISPLAY"/>
			<graphic mimeType="jpg" url="%C3%8DBR%2010%20fol/82/THUMBNAIL" width="200px" height="290px"/>
			<graphic mimeType="jpg" url="%C3%8DBR%2010%20fol/82/SECONDARY_DISPLAY" width="2627px" height="3816px"/>
			<graphic mimeType="pdf" url="%C3%8DBR%2010%20fol/82/WEB_DISPLAY"/>
		</surface>
		<surface xml:id="IBR02-0010-0040v" n="83">
			<desc>0040v</desc>
			<graphic mimeType="pdf" url="%C3%8DBR%2010%20fol/83/HIGH_QUALITY_DISPLAY"/>
			<graphic mimeType="jpg" url="%C3%8DBR%2010%20fol/83/THUMBNAIL" width="199px" height="300px"/>
			<graphic mimeType="jpg" url="%C3%8DBR%2010%20fol/83/SECONDARY_DISPLAY" width="2474px" height="3738px"/>
			<graphic mimeType="pdf" url="%C3%8DBR%2010%20fol/83/WEB_DISPLAY"/>
		</surface>
		<surface xml:id="IBR02-0010-0041r" n="84">
			<desc>0041r</desc>
			<graphic mimeType="pdf" url="%C3%8DBR%2010%20fol/84/HIGH_QUALITY_DISPLAY"/>
			<graphic mimeType="jpg" url="%C3%8DBR%2010%20fol/84/THUMBNAIL" width="199px" height="300px"/>
			<graphic mimeType="jpg" url="%C3%8DBR%2010%20fol/84/SECONDARY_DISPLAY" width="2474px" height="3738px"/>
			<graphic mimeType="pdf" url="%C3%8DBR%2010%20fol/84/WEB_DISPLAY"/>
		</surface>
		<surface xml:id="IBR02-0010-0041v" n="85">
			<desc>0041v</desc>
			<graphic mimeType="pdf" url="%C3%8DBR%2010%20fol/85/HIGH_QUALITY_DISPLAY"/>
			<graphic mimeType="jpg" url="%C3%8DBR%2010%20fol/85/THUMBNAIL" width="200px" height="290px"/>
			<graphic mimeType="jpg" url="%C3%8DBR%2010%20fol/85/SECONDARY_DISPLAY" width="2627px" height="3816px"/>
			<graphic mimeType="pdf" url="%C3%8DBR%2010%20fol/85/WEB_DISPLAY"/>
		</surface>
		<surface xml:id="IBR02-0010-0042r" n="86">
			<desc>0042r</desc>
			<graphic mimeType="pdf" url="%C3%8DBR%2010%20fol/86/HIGH_QUALITY_DISPLAY"/>
			<graphic mimeType="jpg" url="%C3%8DBR%2010%20fol/86/THUMBNAIL" width="200px" height="290px"/>
			<graphic mimeType="jpg" url="%C3%8DBR%2010%20fol/86/SECONDARY_DISPLAY" width="2627px" height="3816px"/>
			<graphic mimeType="pdf" url="%C3%8DBR%2010%20fol/86/WEB_DISPLAY"/>
		</surface>
		<surface xml:id="IBR02-0010-0042v" n="87">
			<desc>0042v</desc>
			<graphic mimeType="pdf" url="%C3%8DBR%2010%20fol/87/HIGH_QUALITY_DISPLAY"/>
			<graphic mimeType="jpg" url="%C3%8DBR%2010%20fol/87/THUMBNAIL" width="200px" height="290px"/>
			<graphic mimeType="jpg" url="%C3%8DBR%2010%20fol/87/SECONDARY_DISPLAY" width="2627px" height="3816px"/>
			<graphic mimeType="pdf" url="%C3%8DBR%2010%20fol/87/WEB_DISPLAY"/>
		</surface>
		<surface xml:id="IBR02-0010-0043r" n="88">
			<desc>0043r</desc>
			<graphic mimeType="pdf" url="%C3%8DBR%2010%20fol/88/HIGH_QUALITY_DISPLAY"/>
			<graphic mimeType="jpg" url="%C3%8DBR%2010%20fol/88/THUMBNAIL" width="200px" height="290px"/>
			<graphic mimeType="jpg" url="%C3%8DBR%2010%20fol/88/SECONDARY_DISPLAY" width="2627px" height="3816px"/>
			<graphic mimeType="pdf" url="%C3%8DBR%2010%20fol/88/WEB_DISPLAY"/>
		</surface>
		<surface xml:id="IBR02-0010-0043v" n="89">
			<desc>0043v</desc>
			<graphic mimeType="pdf" url="%C3%8DBR%2010%20fol/89/HIGH_QUALITY_DISPLAY"/>
			<graphic mimeType="jpg" url="%C3%8DBR%2010%20fol/89/THUMBNAIL" width="200px" height="290px"/>
			<graphic mimeType="jpg" url="%C3%8DBR%2010%20fol/89/SECONDARY_DISPLAY" width="2627px" height="3816px"/>
			<graphic mimeType="pdf" url="%C3%8DBR%2010%20fol/89/WEB_DISPLAY"/>
		</surface>
		<surface xml:id="IBR02-0010-0044r" n="90">
			<desc>0044r</desc>
			<graphic mimeType="pdf" url="%C3%8DBR%2010%20fol/90/HIGH_QUALITY_DISPLAY"/>
			<graphic mimeType="jpg" url="%C3%8DBR%2010%20fol/90/THUMBNAIL" width="200px" height="290px"/>
			<graphic mimeType="jpg" url="%C3%8DBR%2010%20fol/90/SECONDARY_DISPLAY" width="2627px" height="3816px"/>
			<graphic mimeType="pdf" url="%C3%8DBR%2010%20fol/90/WEB_DISPLAY"/>
		</surface>
		<surface xml:id="IBR02-0010-0044v" n="91">
			<desc>0044v</desc>
			<graphic mimeType="pdf" url="%C3%8DBR%2010%20fol/91/HIGH_QUALITY_DISPLAY"/>
			<graphic mimeType="jpg" url="%C3%8DBR%2010%20fol/91/THUMBNAIL" width="200px" height="292px"/>
			<graphic mimeType="jpg" url="%C3%8DBR%2010%20fol/91/SECONDARY_DISPLAY" width="2615px" height="3816px"/>
			<graphic mimeType="pdf" url="%C3%8DBR%2010%20fol/91/WEB_DISPLAY"/>
		</surface>
		<surface xml:id="IBR02-0010-0045r" n="92">
			<desc>0045r</desc>
			<graphic mimeType="pdf" url="%C3%8DBR%2010%20fol/92/HIGH_QUALITY_DISPLAY"/>
			<graphic mimeType="jpg" url="%C3%8DBR%2010%20fol/92/THUMBNAIL" width="200px" height="292px"/>
			<graphic mimeType="jpg" url="%C3%8DBR%2010%20fol/92/SECONDARY_DISPLAY" width="2615px" height="3816px"/>
			<graphic mimeType="pdf" url="%C3%8DBR%2010%20fol/92/WEB_DISPLAY"/>
		</surface>
		<surface xml:id="IBR02-0010-0045v" n="93">
			<desc>0045v</desc>
			<graphic mimeType="pdf" url="%C3%8DBR%2010%20fol/93/HIGH_QUALITY_DISPLAY"/>
			<graphic mimeType="jpg" url="%C3%8DBR%2010%20fol/93/THUMBNAIL" width="200px" height="292px"/>
			<graphic mimeType="jpg" url="%C3%8DBR%2010%20fol/93/SECONDARY_DISPLAY" width="2615px" height="3816px"/>
			<graphic mimeType="pdf" url="%C3%8DBR%2010%20fol/93/WEB_DISPLAY"/>
		</surface>
		<surface xml:id="IBR02-0010-0046r" n="94">
			<desc>0046r</desc>
			<graphic mimeType="pdf" url="%C3%8DBR%2010%20fol/94/HIGH_QUALITY_DISPLAY"/>
			<graphic mimeType="jpg" url="%C3%8DBR%2010%20fol/94/THUMBNAIL" width="200px" height="292px"/>
			<graphic mimeType="jpg" url="%C3%8DBR%2010%20fol/94/SECONDARY_DISPLAY" width="2615px" height="3816px"/>
			<graphic mimeType="pdf" url="%C3%8DBR%2010%20fol/94/WEB_DISPLAY"/>
		</surface>
		<surface xml:id="IBR02-0010-0046v" n="95">
			<desc>0046v</desc>
			<graphic mimeType="pdf" url="%C3%8DBR%2010%20fol/95/HIGH_QUALITY_DISPLAY"/>
			<graphic mimeType="jpg" url="%C3%8DBR%2010%20fol/95/THUMBNAIL" width="200px" height="292px"/>
			<graphic mimeType="jpg" url="%C3%8DBR%2010%20fol/95/SECONDARY_DISPLAY" width="2615px" height="3816px"/>
			<graphic mimeType="pdf" url="%C3%8DBR%2010%20fol/95/WEB_DISPLAY"/>
		</surface>
		<surface xml:id="IBR02-0010-0047r" n="96">
			<desc>0047r</desc>
			<graphic mimeType="pdf" url="%C3%8DBR%2010%20fol/96/HIGH_QUALITY_DISPLAY"/>
			<graphic mimeType="jpg" url="%C3%8DBR%2010%20fol/96/THUMBNAIL" width="200px" height="292px"/>
			<graphic mimeType="jpg" url="%C3%8DBR%2010%20fol/96/SECONDARY_DISPLAY" width="2615px" height="3816px"/>
			<graphic mimeType="pdf" url="%C3%8DBR%2010%20fol/96/WEB_DISPLAY"/>
		</surface>
		<surface xml:id="IBR02-0010-0047v" n="97">
			<desc>0047v</desc>
			<graphic mimeType="pdf" url="%C3%8DBR%2010%20fol/97/HIGH_QUALITY_DISPLAY"/>
			<graphic mimeType="jpg" url="%C3%8DBR%2010%20fol/97/THUMBNAIL" width="200px" height="292px"/>
			<graphic mimeType="jpg" url="%C3%8DBR%2010%20fol/97/SECONDARY_DISPLAY" width="2615px" height="3816px"/>
			<graphic mimeType="pdf" url="%C3%8DBR%2010%20fol/97/WEB_DISPLAY"/>
		</surface>
		<surface xml:id="IBR02-0010-0048r" n="98">
			<desc>0048r</desc>
			<graphic mimeType="pdf" url="%C3%8DBR%2010%20fol/98/HIGH_QUALITY_DISPLAY"/>
			<graphic mimeType="jpg" url="%C3%8DBR%2010%20fol/98/THUMBNAIL" width="200px" height="292px"/>
			<graphic mimeType="jpg" url="%C3%8DBR%2010%20fol/98/SECONDARY_DISPLAY" width="2615px" height="3816px"/>
			<graphic mimeType="pdf" url="%C3%8DBR%2010%20fol/98/WEB_DISPLAY"/>
		</surface>
		<surface xml:id="IBR02-0010-0048v" n="99">
			<desc>0048v</desc>
			<graphic mimeType="pdf" url="%C3%8DBR%2010%20fol/99/HIGH_QUALITY_DISPLAY"/>
			<graphic mimeType="jpg" url="%C3%8DBR%2010%20fol/99/THUMBNAIL" width="200px" height="292px"/>
			<graphic mimeType="jpg" url="%C3%8DBR%2010%20fol/99/SECONDARY_DISPLAY" width="2615px" height="3816px"/>
			<graphic mimeType="pdf" url="%C3%8DBR%2010%20fol/99/WEB_DISPLAY"/>
		</surface>
		<surface xml:id="IBR02-0010-0049r" n="100">
			<desc>0049r</desc>
			<graphic mimeType="pdf" url="%C3%8DBR%2010%20fol/100/HIGH_QUALITY_DISPLAY"/>
			<graphic mimeType="jpg" url="%C3%8DBR%2010%20fol/100/THUMBNAIL" width="200px" height="292px"/>
			<graphic mimeType="jpg" url="%C3%8DBR%2010%20fol/100/SECONDARY_DISPLAY" width="2615px" height="3816px"/>
			<graphic mimeType="pdf" url="%C3%8DBR%2010%20fol/100/WEB_DISPLAY"/>
		</surface>
		<surface xml:id="IBR02-0010-0049v" n="101">
			<desc>0049v</desc>
			<graphic mimeType="pdf" url="%C3%8DBR%2010%20fol/101/HIGH_QUALITY_DISPLAY"/>
			<graphic mimeType="jpg" url="%C3%8DBR%2010%20fol/101/THUMBNAIL" width="200px" height="292px"/>
			<graphic mimeType="jpg" url="%C3%8DBR%2010%20fol/101/SECONDARY_DISPLAY" width="2615px" height="3816px"/>
			<graphic mimeType="pdf" url="%C3%8DBR%2010%20fol/101/WEB_DISPLAY"/>
		</surface>
		<surface xml:id="IBR02-0010-0050r" n="102">
			<desc>0050r</desc>
			<graphic mimeType="pdf" url="%C3%8DBR%2010%20fol/102/HIGH_QUALITY_DISPLAY"/>
			<graphic mimeType="jpg" url="%C3%8DBR%2010%20fol/102/THUMBNAIL" width="200px" height="292px"/>
			<graphic mimeType="jpg" url="%C3%8DBR%2010%20fol/102/SECONDARY_DISPLAY" width="2615px" height="3816px"/>
			<graphic mimeType="pdf" url="%C3%8DBR%2010%20fol/102/WEB_DISPLAY"/>
		</surface>
		<surface xml:id="IBR02-0010-0050v" n="103">
			<desc>0050v</desc>
			<graphic mimeType="pdf" url="%C3%8DBR%2010%20fol/103/HIGH_QUALITY_DISPLAY"/>
			<graphic mimeType="jpg" url="%C3%8DBR%2010%20fol/103/THUMBNAIL" width="200px" height="292px"/>
			<graphic mimeType="jpg" url="%C3%8DBR%2010%20fol/103/SECONDARY_DISPLAY" width="2615px" height="3816px"/>
			<graphic mimeType="pdf" url="%C3%8DBR%2010%20fol/103/WEB_DISPLAY"/>
		</surface>
		<surface xml:id="IBR02-0010-0051r" n="104">
			<desc>0051r</desc>
			<graphic mimeType="pdf" url="%C3%8DBR%2010%20fol/104/HIGH_QUALITY_DISPLAY"/>
			<graphic mimeType="jpg" url="%C3%8DBR%2010%20fol/104/THUMBNAIL" width="200px" height="292px"/>
			<graphic mimeType="jpg" url="%C3%8DBR%2010%20fol/104/SECONDARY_DISPLAY" width="2615px" height="3816px"/>
			<graphic mimeType="pdf" url="%C3%8DBR%2010%20fol/104/WEB_DISPLAY"/>
		</surface>
		<surface xml:id="IBR02-0010-0051v" n="105">
			<desc>0051v</desc>
			<graphic mimeType="pdf" url="%C3%8DBR%2010%20fol/105/HIGH_QUALITY_DISPLAY"/>
			<graphic mimeType="jpg" url="%C3%8DBR%2010%20fol/105/THUMBNAIL" width="200px" height="292px"/>
			<graphic mimeType="jpg" url="%C3%8DBR%2010%20fol/105/SECONDARY_DISPLAY" width="2615px" height="3816px"/>
			<graphic mimeType="pdf" url="%C3%8DBR%2010%20fol/105/WEB_DISPLAY"/>
		</surface>
		<surface xml:id="IBR02-0010-0052r" n="106">
			<desc>0052r</desc>
			<graphic mimeType="pdf" url="%C3%8DBR%2010%20fol/106/HIGH_QUALITY_DISPLAY"/>
			<graphic mimeType="jpg" url="%C3%8DBR%2010%20fol/106/THUMBNAIL" width="200px" height="292px"/>
			<graphic mimeType="jpg" url="%C3%8DBR%2010%20fol/106/SECONDARY_DISPLAY" width="2615px" height="3816px"/>
			<graphic mimeType="pdf" url="%C3%8DBR%2010%20fol/106/WEB_DISPLAY"/>
		</surface>
		<surface xml:id="IBR02-0010-0052v" n="107">
			<desc>0052v</desc>
			<graphic mimeType="pdf" url="%C3%8DBR%2010%20fol/107/HIGH_QUALITY_DISPLAY"/>
			<graphic mimeType="jpg" url="%C3%8DBR%2010%20fol/107/THUMBNAIL" width="200px" height="292px"/>
			<graphic mimeType="jpg" url="%C3%8DBR%2010%20fol/107/SECONDARY_DISPLAY" width="2615px" height="3816px"/>
			<graphic mimeType="pdf" url="%C3%8DBR%2010%20fol/107/WEB_DISPLAY"/>
		</surface>
		<surface xml:id="IBR02-0010-0053r" n="108">
			<desc>0053r</desc>
			<graphic mimeType="pdf" url="%C3%8DBR%2010%20fol/108/HIGH_QUALITY_DISPLAY"/>
			<graphic mimeType="jpg" url="%C3%8DBR%2010%20fol/108/THUMBNAIL" width="200px" height="292px"/>
			<graphic mimeType="jpg" url="%C3%8DBR%2010%20fol/108/SECONDARY_DISPLAY" width="2615px" height="3816px"/>
			<graphic mimeType="pdf" url="%C3%8DBR%2010%20fol/108/WEB_DISPLAY"/>
		</surface>
		<surface xml:id="IBR02-0010-0053v" n="109">
			<desc>0053v</desc>
			<graphic mimeType="pdf" url="%C3%8DBR%2010%20fol/109/HIGH_QUALITY_DISPLAY"/>
			<graphic mimeType="jpg" url="%C3%8DBR%2010%20fol/109/THUMBNAIL" width="200px" height="292px"/>
			<graphic mimeType="jpg" url="%C3%8DBR%2010%20fol/109/SECONDARY_DISPLAY" width="2615px" height="3816px"/>
			<graphic mimeType="pdf" url="%C3%8DBR%2010%20fol/109/WEB_DISPLAY"/>
		</surface>
		<surface xml:id="IBR02-0010-0054r" n="110">
			<desc>0054r</desc>
			<graphic mimeType="pdf" url="%C3%8DBR%2010%20fol/110/HIGH_QUALITY_DISPLAY"/>
			<graphic mimeType="jpg" url="%C3%8DBR%2010%20fol/110/THUMBNAIL" width="200px" height="292px"/>
			<graphic mimeType="jpg" url="%C3%8DBR%2010%20fol/110/SECONDARY_DISPLAY" width="2615px" height="3816px"/>
			<graphic mimeType="pdf" url="%C3%8DBR%2010%20fol/110/WEB_DISPLAY"/>
		</surface>
		<surface xml:id="IBR02-0010-0054v" n="111">
			<desc>0054v</desc>
			<graphic mimeType="pdf" url="%C3%8DBR%2010%20fol/111/HIGH_QUALITY_DISPLAY"/>
			<graphic mimeType="jpg" url="%C3%8DBR%2010%20fol/111/THUMBNAIL" width="191px" height="300px"/>
			<graphic mimeType="jpg" url="%C3%8DBR%2010%20fol/111/SECONDARY_DISPLAY" width="2546px" height="3996px"/>
			<graphic mimeType="pdf" url="%C3%8DBR%2010%20fol/111/WEB_DISPLAY"/>
		</surface>
		<surface xml:id="IBR02-0010-0055r" n="112">
			<desc>0055r</desc>
			<graphic mimeType="pdf" url="%C3%8DBR%2010%20fol/112/HIGH_QUALITY_DISPLAY"/>
			<graphic mimeType="jpg" url="%C3%8DBR%2010%20fol/112/THUMBNAIL" width="191px" height="300px"/>
			<graphic mimeType="jpg" url="%C3%8DBR%2010%20fol/112/SECONDARY_DISPLAY" width="2546px" height="3996px"/>
			<graphic mimeType="pdf" url="%C3%8DBR%2010%20fol/112/WEB_DISPLAY"/>
		</surface>
		<surface xml:id="IBR02-0010-0055v" n="113">
			<desc>0055v</desc>
			<graphic mimeType="pdf" url="%C3%8DBR%2010%20fol/113/HIGH_QUALITY_DISPLAY"/>
			<graphic mimeType="jpg" url="%C3%8DBR%2010%20fol/113/THUMBNAIL" width="191px" height="300px"/>
			<graphic mimeType="jpg" url="%C3%8DBR%2010%20fol/113/SECONDARY_DISPLAY" width="2538px" height="3981px"/>
			<graphic mimeType="pdf" url="%C3%8DBR%2010%20fol/113/WEB_DISPLAY"/>
		</surface>
		<surface xml:id="IBR02-0010-0056r" n="114">
			<desc>0056r</desc>
			<graphic mimeType="pdf" url="%C3%8DBR%2010%20fol/114/HIGH_QUALITY_DISPLAY"/>
			<graphic mimeType="jpg" url="%C3%8DBR%2010%20fol/114/THUMBNAIL" width="191px" height="300px"/>
			<graphic mimeType="jpg" url="%C3%8DBR%2010%20fol/114/SECONDARY_DISPLAY" width="2539px" height="3981px"/>
			<graphic mimeType="pdf" url="%C3%8DBR%2010%20fol/114/WEB_DISPLAY"/>
		</surface>
		<surface xml:id="IBR02-0010-0056v" n="115">
			<desc>0056v</desc>
			<graphic mimeType="pdf" url="%C3%8DBR%2010%20fol/115/HIGH_QUALITY_DISPLAY"/>
			<graphic mimeType="jpg" url="%C3%8DBR%2010%20fol/115/THUMBNAIL" width="200px" height="295px"/>
			<graphic mimeType="jpg" url="%C3%8DBR%2010%20fol/115/SECONDARY_DISPLAY" width="2605px" height="3845px"/>
			<graphic mimeType="pdf" url="%C3%8DBR%2010%20fol/115/WEB_DISPLAY"/>
		</surface>
		<surface xml:id="IBR02-0010-9999r-RB" n="116">
			<desc>9999r-RB</desc>
			<graphic mimeType="pdf" url="%C3%8DBR%2010%20fol/116/HIGH_QUALITY_DISPLAY"/>
			<graphic mimeType="jpg" url="%C3%8DBR%2010%20fol/116/THUMBNAIL" width="200px" height="295px"/>
			<graphic mimeType="jpg" url="%C3%8DBR%2010%20fol/116/SECONDARY_DISPLAY" width="2605px" height="3845px"/>
			<graphic mimeType="pdf" url="%C3%8DBR%2010%20fol/116/WEB_DISPLAY"/>
		</surface>
		<surface xml:id="IBR02-0010-9999v-RB" n="117">
			<desc>9999v-RB</desc>
			<graphic mimeType="pdf" url="%C3%8DBR%2010%20fol/117/HIGH_QUALITY_DISPLAY"/>
			<graphic mimeType="jpg" url="%C3%8DBR%2010%20fol/117/THUMBNAIL" width="200px" height="282px"/>
			<graphic mimeType="jpg" url="%C3%8DBR%2010%20fol/117/SECONDARY_DISPLAY" width="2791px" height="3937px"/>
			<graphic mimeType="pdf" url="%C3%8DBR%2010%20fol/117/WEB_DISPLAY"/>
		</surface>
		<surface xml:id="IBR02-0010-Spine" n="118">
			<desc>Spine</desc>
			<graphic mimeType="pdf" url="%C3%8DBR%2010%20fol/118/HIGH_QUALITY_DISPLAY"/>
			<graphic mimeType="jpg" url="%C3%8DBR%2010%20fol/118/THUMBNAIL" width="45px" height="300px"/>
			<graphic mimeType="jpg" url="%C3%8DBR%2010%20fol/118/SECONDARY_DISPLAY" width="595px" height="4011px"/>
			<graphic mimeType="pdf" url="%C3%8DBR%2010%20fol/118/WEB_DISPLAY"/>
		</surface>
		<surface xml:id="IBR02-0010-Fore-Edge" n="119">
			<desc>Fore-Edge</desc>
			<graphic mimeType="pdf" url="%C3%8DBR%2010%20fol/119/HIGH_QUALITY_DISPLAY"/>
			<graphic mimeType="jpg" url="%C3%8DBR%2010%20fol/119/THUMBNAIL" width="48px" height="300px"/>
			<graphic mimeType="jpg" url="%C3%8DBR%2010%20fol/119/SECONDARY_DISPLAY" width="636px" height="3937px"/>
			<graphic mimeType="pdf" url="%C3%8DBR%2010%20fol/119/WEB_DISPLAY"/>
		</surface>
		<surface xml:id="IBR02-0010-Head-Edge" n="120">
			<desc>Head-Edge</desc>
			<graphic mimeType="pdf" url="%C3%8DBR%2010%20fol/120/HIGH_QUALITY_DISPLAY"/>
			<graphic mimeType="jpg" url="%C3%8DBR%2010%20fol/120/THUMBNAIL" width="200px" height="49px"/>
			<graphic mimeType="jpg" url="%C3%8DBR%2010%20fol/120/SECONDARY_DISPLAY" width="2812px" height="692px"/>
			<graphic mimeType="pdf" url="%C3%8DBR%2010%20fol/120/WEB_DISPLAY"/>
		</surface>
		<surface xml:id="IBR02-0010-Tail-Edge" n="121">
			<desc>Tail-Edge</desc>
			<graphic mimeType="pdf" url="%C3%8DBR%2010%20fol/121/HIGH_QUALITY_DISPLAY"/>
			<graphic mimeType="jpg" url="%C3%8DBR%2010%20fol/121/THUMBNAIL" width="200px" height="52px"/>
			<graphic mimeType="jpg" url="%C3%8DBR%2010%20fol/121/SECONDARY_DISPLAY" width="2900px" height="748px"/>
			<graphic mimeType="pdf" url="%C3%8DBR%2010%20fol/121/WEB_DISPLAY"/>
		</surface>
		<surface xml:id="IBR02-0010-Scale" n="122">
			<desc>Scale</desc>
			<graphic mimeType="pdf" url="%C3%8DBR%2010%20fol/122/HIGH_QUALITY_DISPLAY"/>
			<graphic mimeType="jpg" url="%C3%8DBR%2010%20fol/122/THUMBNAIL" width="192px" height="300px"/>
			<graphic mimeType="jpg" url="%C3%8DBR%2010%20fol/122/SECONDARY_DISPLAY" width="2388px" height="3738px"/>
			<graphic mimeType="pdf" url="%C3%8DBR%2010%20fol/122/WEB_DISPLAY"/>
		</surface>
		<surface xml:id="IBR02-0010-ccp" n="123">
			<desc>ccp</desc>
			<graphic mimeType="pdf" url="%C3%8DBR%2010%20fol/123/HIGH_QUALITY_DISPLAY"/>
			<graphic mimeType="jpg" url="%C3%8DBR%2010%20fol/123/THUMBNAIL" width="200px" height="152px"/>
			<graphic mimeType="jpg" url="%C3%8DBR%2010%20fol/123/SECONDARY_DISPLAY" width="5025px" height="3828px"/>
			<graphic mimeType="pdf" url="%C3%8DBR%2010%20fol/123/WEB_DISPLAY"/>
		</surface>
	</facsimile>
</TEI>