<?xml version="1.0" encoding="UTF-8"?>
<?oxygen RNGSchema="http://www.handrit.is/schema/handrit-1.0.rnc" type="compact"?>
<TEI xmlns="http://www.tei-c.org/ns/1.0">
	<teiHeader>
		<fileDesc>
			<titleStmt>
				<title type="main">ÍBR 10 8vo</title>
				<title type="subordinate"/>
			</titleStmt>
			<publicationStmt>
				<authority>Landsbókasafn Íslands - Háskólabókasafn</authority>
				<pubPlace>Reykjavík</pubPlace>
				<date when="2009-10-01">1. október 2009</date>
				<availability status="restricted">
					<p>Aðgangur aðeins mögulegur í fræðilegum tilgangi.</p>
				</availability>
			</publicationStmt>
			<sourceDesc>
				<msDesc xml:id="IBR08-0010-is" xml:lang="is">
					<msIdentifier>
						<country key="IS">Ísland</country>
						<settlement>Reykjavík</settlement>
						<institution>Landsbókasafn Íslands - Háskólabókasafn</institution>
						<repository>Handritasafn</repository>
						<collection>Handritasafn Reykjavíkurdeildar Hins íslenska bókmenntafélags</collection>
						<idno>ÍBR 10 8vo</idno>
						<altIdentifier type="internal" subtype="PEO">
							<idno>7789</idno>
						</altIdentifier>
						<altIdentifier type="former">
							<idno>ÍBR A. 52</idno>
						</altIdentifier>
					</msIdentifier>
					<msContents>
						<msItem defective="false" class="salm">
							<locus from="1r" facs="#IBR08-0010-0001r" to="59v">1r-59v</locus>
							<title type="supplied">Sálmasafn</title>
						</msItem>
					</msContents>
					<physDesc>
						<objectDesc form="codex">
							<supportDesc material="chart">
								<extent>iii + 59 + ii</extent>
							</supportDesc>
						</objectDesc>
					</physDesc>
					<history>
						<origin>
							<origPlace>Ísland</origPlace>
							<origDate cert="medium" from="1700" to="1776">1693-1776</origDate>
						</origin>
						<provenance>
							<p><name type="person" key="GudEin005">Guðmundur Einarsson</name>
								sýsluskrifari, gaf Reykjavíkurdeild Hins íslenska bókmenntafélags
									<date when="1865">1865</date>.</p>
							<p>Áður ÍBR. A. 52.</p>
							<p>Á blaði <locus from="1v" facs="#IBR08-0010-0001v" to="1v">1v</locus> er eigendayfirlýsing
									<name type="person" key="GudJon080">Guðrúnar Jónsdóttur</name>,
								skrifuð eigin hendi.</p>
						</provenance>
						<acquisition>
							<p>Landsbókasafn keypti handritasafn Reykjavíkurdeildar Hins íslenska
								bókmenntafélags <date when="1901">1901</date>.</p>
						</acquisition>
					</history>
					<additional>
						<adminInfo>
							<recordHist>
								<source><name type="person" key="HalKri001">Halldóra
									Kristinsdóttir</name> bætti við skráningu <date when="2016-11-28"/> ; <name type="person" key="OrnHra001">Örn Hrafnkelsson</name> frumskráði fyrir myndvinnslu, <date when="2009-10-21">21. október 2009</date> ; Handritaskrá, 3.
									b.</source>
							</recordHist>
						</adminInfo>
					</additional>
				</msDesc>
			</sourceDesc>
		</fileDesc>
	</teiHeader>
	<facsimile xml:base="https://myndir.handrit.is/file/Handrit.is/">
		<surface xml:id="IBR08-0010-0000r-FB" n="0">
			<desc>0000r-FB</desc>
			<graphic mimeType="pdf" url="%C3%8DBR%2010%208vo/0/HIGH_QUALITY_DISPLAY"/>
			<graphic mimeType="jpg" url="%C3%8DBR%2010%208vo/0/THUMBNAIL" width="200px" height="299px"/>
			<graphic mimeType="jpg" url="%C3%8DBR%2010%208vo/0/SECONDARY_DISPLAY" width="1218px" height="1818px"/>
			<graphic mimeType="pdf" url="%C3%8DBR%2010%208vo/0/WEB_DISPLAY"/>
		</surface>
		<surface xml:id="IBR08-0010-0000v-FB" n="1">
			<desc>0000v-FB</desc>
			<graphic mimeType="pdf" url="%C3%8DBR%2010%208vo/1/HIGH_QUALITY_DISPLAY"/>
			<graphic mimeType="jpg" url="%C3%8DBR%2010%208vo/1/THUMBNAIL" width="188px" height="300px"/>
			<graphic mimeType="jpg" url="%C3%8DBR%2010%208vo/1/SECONDARY_DISPLAY" width="1065px" height="1701px"/>
			<graphic mimeType="pdf" url="%C3%8DBR%2010%208vo/1/WEB_DISPLAY"/>
		</surface>
		<surface xml:id="IBR08-0010-0001r-FFl" n="2">
			<desc>0001r-FFl</desc>
			<graphic mimeType="pdf" url="%C3%8DBR%2010%208vo/2/HIGH_QUALITY_DISPLAY"/>
			<graphic mimeType="jpg" url="%C3%8DBR%2010%208vo/2/THUMBNAIL" width="188px" height="300px"/>
			<graphic mimeType="jpg" url="%C3%8DBR%2010%208vo/2/SECONDARY_DISPLAY" width="1066px" height="1701px"/>
			<graphic mimeType="pdf" url="%C3%8DBR%2010%208vo/2/WEB_DISPLAY"/>
		</surface>
		<surface xml:id="IBR08-0010-0001v-FFl" n="3">
			<desc>0001v-FFl</desc>
			<graphic mimeType="pdf" url="%C3%8DBR%2010%208vo/3/HIGH_QUALITY_DISPLAY"/>
			<graphic mimeType="jpg" url="%C3%8DBR%2010%208vo/3/THUMBNAIL" width="187px" height="300px"/>
			<graphic mimeType="jpg" url="%C3%8DBR%2010%208vo/3/SECONDARY_DISPLAY" width="1044px" height="1674px"/>
			<graphic mimeType="pdf" url="%C3%8DBR%2010%208vo/3/WEB_DISPLAY"/>
		</surface>
		<surface xml:id="IBR08-0010-0002r-FFl" n="4">
			<desc>0002r-FFl</desc>
			<graphic mimeType="pdf" url="%C3%8DBR%2010%208vo/4/HIGH_QUALITY_DISPLAY"/>
			<graphic mimeType="jpg" url="%C3%8DBR%2010%208vo/4/THUMBNAIL" width="187px" height="300px"/>
			<graphic mimeType="jpg" url="%C3%8DBR%2010%208vo/4/SECONDARY_DISPLAY" width="1044px" height="1674px"/>
			<graphic mimeType="pdf" url="%C3%8DBR%2010%208vo/4/WEB_DISPLAY"/>
		</surface>
		<surface xml:id="IBR08-0010-0002v-FFl" n="5">
			<desc>0002v-FFl</desc>
			<graphic mimeType="pdf" url="%C3%8DBR%2010%208vo/5/HIGH_QUALITY_DISPLAY"/>
			<graphic mimeType="jpg" url="%C3%8DBR%2010%208vo/5/THUMBNAIL" width="187px" height="300px"/>
			<graphic mimeType="jpg" url="%C3%8DBR%2010%208vo/5/SECONDARY_DISPLAY" width="1042px" height="1671px"/>
			<graphic mimeType="pdf" url="%C3%8DBR%2010%208vo/5/WEB_DISPLAY"/>
		</surface>
		<surface xml:id="IBR08-0010-0003r-FFl" n="6">
			<desc>0003r-FFl</desc>
			<graphic mimeType="pdf" url="%C3%8DBR%2010%208vo/6/HIGH_QUALITY_DISPLAY"/>
			<graphic mimeType="jpg" url="%C3%8DBR%2010%208vo/6/THUMBNAIL" width="187px" height="300px"/>
			<graphic mimeType="jpg" url="%C3%8DBR%2010%208vo/6/SECONDARY_DISPLAY" width="1043px" height="1671px"/>
			<graphic mimeType="pdf" url="%C3%8DBR%2010%208vo/6/WEB_DISPLAY"/>
		</surface>
		<surface xml:id="IBR08-0010-0003v-FFl" n="7">
			<desc>0003v-FFl</desc>
			<graphic mimeType="pdf" url="%C3%8DBR%2010%208vo/7/HIGH_QUALITY_DISPLAY"/>
			<graphic mimeType="jpg" url="%C3%8DBR%2010%208vo/7/THUMBNAIL" width="192px" height="300px"/>
			<graphic mimeType="jpg" url="%C3%8DBR%2010%208vo/7/SECONDARY_DISPLAY" width="1076px" height="1680px"/>
			<graphic mimeType="pdf" url="%C3%8DBR%2010%208vo/7/WEB_DISPLAY"/>
		</surface>
		<surface xml:id="IBR08-0010-0001r" n="8">
			<desc>0001r</desc>
			<graphic mimeType="pdf" url="%C3%8DBR%2010%208vo/8/HIGH_QUALITY_DISPLAY"/>
			<graphic mimeType="jpg" url="%C3%8DBR%2010%208vo/8/THUMBNAIL" width="192px" height="300px"/>
			<graphic mimeType="jpg" url="%C3%8DBR%2010%208vo/8/SECONDARY_DISPLAY" width="1076px" height="1680px"/>
			<graphic mimeType="pdf" url="%C3%8DBR%2010%208vo/8/WEB_DISPLAY"/>
		</surface>
		<surface xml:id="IBR08-0010-0001v" n="9">
			<desc>0001v</desc>
			<graphic mimeType="pdf" url="%C3%8DBR%2010%208vo/9/HIGH_QUALITY_DISPLAY"/>
			<graphic mimeType="jpg" url="%C3%8DBR%2010%208vo/9/THUMBNAIL" width="192px" height="300px"/>
			<graphic mimeType="jpg" url="%C3%8DBR%2010%208vo/9/SECONDARY_DISPLAY" width="1076px" height="1680px"/>
			<graphic mimeType="pdf" url="%C3%8DBR%2010%208vo/9/WEB_DISPLAY"/>
		</surface>
		<surface xml:id="IBR08-0010-0002r" n="10">
			<desc>0002r</desc>
			<graphic mimeType="pdf" url="%C3%8DBR%2010%208vo/10/HIGH_QUALITY_DISPLAY"/>
			<graphic mimeType="jpg" url="%C3%8DBR%2010%208vo/10/THUMBNAIL" width="192px" height="300px"/>
			<graphic mimeType="jpg" url="%C3%8DBR%2010%208vo/10/SECONDARY_DISPLAY" width="1076px" height="1680px"/>
			<graphic mimeType="pdf" url="%C3%8DBR%2010%208vo/10/WEB_DISPLAY"/>
		</surface>
		<surface xml:id="IBR08-0010-0002v" n="11">
			<desc>0002v</desc>
			<graphic mimeType="pdf" url="%C3%8DBR%2010%208vo/11/HIGH_QUALITY_DISPLAY"/>
			<graphic mimeType="jpg" url="%C3%8DBR%2010%208vo/11/THUMBNAIL" width="192px" height="300px"/>
			<graphic mimeType="jpg" url="%C3%8DBR%2010%208vo/11/SECONDARY_DISPLAY" width="1076px" height="1680px"/>
			<graphic mimeType="pdf" url="%C3%8DBR%2010%208vo/11/WEB_DISPLAY"/>
		</surface>
		<surface xml:id="IBR08-0010-0003r" n="12">
			<desc>0003r</desc>
			<graphic mimeType="pdf" url="%C3%8DBR%2010%208vo/12/HIGH_QUALITY_DISPLAY"/>
			<graphic mimeType="jpg" url="%C3%8DBR%2010%208vo/12/THUMBNAIL" width="192px" height="300px"/>
			<graphic mimeType="jpg" url="%C3%8DBR%2010%208vo/12/SECONDARY_DISPLAY" width="1076px" height="1680px"/>
			<graphic mimeType="pdf" url="%C3%8DBR%2010%208vo/12/WEB_DISPLAY"/>
		</surface>
		<surface xml:id="IBR08-0010-0003v" n="13">
			<desc>0003v</desc>
			<graphic mimeType="pdf" url="%C3%8DBR%2010%208vo/13/HIGH_QUALITY_DISPLAY"/>
			<graphic mimeType="jpg" url="%C3%8DBR%2010%208vo/13/THUMBNAIL" width="192px" height="300px"/>
			<graphic mimeType="jpg" url="%C3%8DBR%2010%208vo/13/SECONDARY_DISPLAY" width="1076px" height="1680px"/>
			<graphic mimeType="pdf" url="%C3%8DBR%2010%208vo/13/WEB_DISPLAY"/>
		</surface>
		<surface xml:id="IBR08-0010-0004r" n="14">
			<desc>0004r</desc>
			<graphic mimeType="pdf" url="%C3%8DBR%2010%208vo/14/HIGH_QUALITY_DISPLAY"/>
			<graphic mimeType="jpg" url="%C3%8DBR%2010%208vo/14/THUMBNAIL" width="192px" height="300px"/>
			<graphic mimeType="jpg" url="%C3%8DBR%2010%208vo/14/SECONDARY_DISPLAY" width="1076px" height="1680px"/>
			<graphic mimeType="pdf" url="%C3%8DBR%2010%208vo/14/WEB_DISPLAY"/>
		</surface>
		<surface xml:id="IBR08-0010-0004v" n="15">
			<desc>0004v</desc>
			<graphic mimeType="pdf" url="%C3%8DBR%2010%208vo/15/HIGH_QUALITY_DISPLAY"/>
			<graphic mimeType="jpg" url="%C3%8DBR%2010%208vo/15/THUMBNAIL" width="192px" height="300px"/>
			<graphic mimeType="jpg" url="%C3%8DBR%2010%208vo/15/SECONDARY_DISPLAY" width="1076px" height="1680px"/>
			<graphic mimeType="pdf" url="%C3%8DBR%2010%208vo/15/WEB_DISPLAY"/>
		</surface>
		<surface xml:id="IBR08-0010-0005r" n="16">
			<desc>0005r</desc>
			<graphic mimeType="pdf" url="%C3%8DBR%2010%208vo/16/HIGH_QUALITY_DISPLAY"/>
			<graphic mimeType="jpg" url="%C3%8DBR%2010%208vo/16/THUMBNAIL" width="192px" height="300px"/>
			<graphic mimeType="jpg" url="%C3%8DBR%2010%208vo/16/SECONDARY_DISPLAY" width="1076px" height="1680px"/>
			<graphic mimeType="pdf" url="%C3%8DBR%2010%208vo/16/WEB_DISPLAY"/>
		</surface>
		<surface xml:id="IBR08-0010-0005v" n="17">
			<desc>0005v</desc>
			<graphic mimeType="pdf" url="%C3%8DBR%2010%208vo/17/HIGH_QUALITY_DISPLAY"/>
			<graphic mimeType="jpg" url="%C3%8DBR%2010%208vo/17/THUMBNAIL" width="192px" height="300px"/>
			<graphic mimeType="jpg" url="%C3%8DBR%2010%208vo/17/SECONDARY_DISPLAY" width="1076px" height="1680px"/>
			<graphic mimeType="pdf" url="%C3%8DBR%2010%208vo/17/WEB_DISPLAY"/>
		</surface>
		<surface xml:id="IBR08-0010-0006r" n="18">
			<desc>0006r</desc>
			<graphic mimeType="pdf" url="%C3%8DBR%2010%208vo/18/HIGH_QUALITY_DISPLAY"/>
			<graphic mimeType="jpg" url="%C3%8DBR%2010%208vo/18/THUMBNAIL" width="192px" height="300px"/>
			<graphic mimeType="jpg" url="%C3%8DBR%2010%208vo/18/SECONDARY_DISPLAY" width="1076px" height="1680px"/>
			<graphic mimeType="pdf" url="%C3%8DBR%2010%208vo/18/WEB_DISPLAY"/>
		</surface>
		<surface xml:id="IBR08-0010-0006v" n="19">
			<desc>0006v</desc>
			<graphic mimeType="pdf" url="%C3%8DBR%2010%208vo/19/HIGH_QUALITY_DISPLAY"/>
			<graphic mimeType="jpg" url="%C3%8DBR%2010%208vo/19/THUMBNAIL" width="192px" height="300px"/>
			<graphic mimeType="jpg" url="%C3%8DBR%2010%208vo/19/SECONDARY_DISPLAY" width="1076px" height="1680px"/>
			<graphic mimeType="pdf" url="%C3%8DBR%2010%208vo/19/WEB_DISPLAY"/>
		</surface>
		<surface xml:id="IBR08-0010-0007r" n="20">
			<desc>0007r</desc>
			<graphic mimeType="pdf" url="%C3%8DBR%2010%208vo/20/HIGH_QUALITY_DISPLAY"/>
			<graphic mimeType="jpg" url="%C3%8DBR%2010%208vo/20/THUMBNAIL" width="192px" height="300px"/>
			<graphic mimeType="jpg" url="%C3%8DBR%2010%208vo/20/SECONDARY_DISPLAY" width="1076px" height="1680px"/>
			<graphic mimeType="pdf" url="%C3%8DBR%2010%208vo/20/WEB_DISPLAY"/>
		</surface>
		<surface xml:id="IBR08-0010-0007v" n="21">
			<desc>0007v</desc>
			<graphic mimeType="pdf" url="%C3%8DBR%2010%208vo/21/HIGH_QUALITY_DISPLAY"/>
			<graphic mimeType="jpg" url="%C3%8DBR%2010%208vo/21/THUMBNAIL" width="192px" height="300px"/>
			<graphic mimeType="jpg" url="%C3%8DBR%2010%208vo/21/SECONDARY_DISPLAY" width="1076px" height="1680px"/>
			<graphic mimeType="pdf" url="%C3%8DBR%2010%208vo/21/WEB_DISPLAY"/>
		</surface>
		<surface xml:id="IBR08-0010-0008r" n="22">
			<desc>0008r</desc>
			<graphic mimeType="pdf" url="%C3%8DBR%2010%208vo/22/HIGH_QUALITY_DISPLAY"/>
			<graphic mimeType="jpg" url="%C3%8DBR%2010%208vo/22/THUMBNAIL" width="192px" height="300px"/>
			<graphic mimeType="jpg" url="%C3%8DBR%2010%208vo/22/SECONDARY_DISPLAY" width="1076px" height="1680px"/>
			<graphic mimeType="pdf" url="%C3%8DBR%2010%208vo/22/WEB_DISPLAY"/>
		</surface>
		<surface xml:id="IBR08-0010-0008v" n="23">
			<desc>0008v</desc>
			<graphic mimeType="pdf" url="%C3%8DBR%2010%208vo/23/HIGH_QUALITY_DISPLAY"/>
			<graphic mimeType="jpg" url="%C3%8DBR%2010%208vo/23/THUMBNAIL" width="192px" height="300px"/>
			<graphic mimeType="jpg" url="%C3%8DBR%2010%208vo/23/SECONDARY_DISPLAY" width="1076px" height="1680px"/>
			<graphic mimeType="pdf" url="%C3%8DBR%2010%208vo/23/WEB_DISPLAY"/>
		</surface>
		<surface xml:id="IBR08-0010-0009r" n="24">
			<desc>0009r</desc>
			<graphic mimeType="pdf" url="%C3%8DBR%2010%208vo/24/HIGH_QUALITY_DISPLAY"/>
			<graphic mimeType="jpg" url="%C3%8DBR%2010%208vo/24/THUMBNAIL" width="192px" height="300px"/>
			<graphic mimeType="jpg" url="%C3%8DBR%2010%208vo/24/SECONDARY_DISPLAY" width="1076px" height="1680px"/>
			<graphic mimeType="pdf" url="%C3%8DBR%2010%208vo/24/WEB_DISPLAY"/>
		</surface>
		<surface xml:id="IBR08-0010-0009v" n="25">
			<desc>0009v</desc>
			<graphic mimeType="pdf" url="%C3%8DBR%2010%208vo/25/HIGH_QUALITY_DISPLAY"/>
			<graphic mimeType="jpg" url="%C3%8DBR%2010%208vo/25/THUMBNAIL" width="192px" height="300px"/>
			<graphic mimeType="jpg" url="%C3%8DBR%2010%208vo/25/SECONDARY_DISPLAY" width="1076px" height="1680px"/>
			<graphic mimeType="pdf" url="%C3%8DBR%2010%208vo/25/WEB_DISPLAY"/>
		</surface>
		<surface xml:id="IBR08-0010-0010r" n="26">
			<desc>0010r</desc>
			<graphic mimeType="pdf" url="%C3%8DBR%2010%208vo/26/HIGH_QUALITY_DISPLAY"/>
			<graphic mimeType="jpg" url="%C3%8DBR%2010%208vo/26/THUMBNAIL" width="192px" height="300px"/>
			<graphic mimeType="jpg" url="%C3%8DBR%2010%208vo/26/SECONDARY_DISPLAY" width="1076px" height="1680px"/>
			<graphic mimeType="pdf" url="%C3%8DBR%2010%208vo/26/WEB_DISPLAY"/>
		</surface>
		<surface xml:id="IBR08-0010-0010v" n="27">
			<desc>0010v</desc>
			<graphic mimeType="pdf" url="%C3%8DBR%2010%208vo/27/HIGH_QUALITY_DISPLAY"/>
			<graphic mimeType="jpg" url="%C3%8DBR%2010%208vo/27/THUMBNAIL" width="192px" height="300px"/>
			<graphic mimeType="jpg" url="%C3%8DBR%2010%208vo/27/SECONDARY_DISPLAY" width="1076px" height="1680px"/>
			<graphic mimeType="pdf" url="%C3%8DBR%2010%208vo/27/WEB_DISPLAY"/>
		</surface>
		<surface xml:id="IBR08-0010-0011r" n="28">
			<desc>0011r</desc>
			<graphic mimeType="pdf" url="%C3%8DBR%2010%208vo/28/HIGH_QUALITY_DISPLAY"/>
			<graphic mimeType="jpg" url="%C3%8DBR%2010%208vo/28/THUMBNAIL" width="192px" height="300px"/>
			<graphic mimeType="jpg" url="%C3%8DBR%2010%208vo/28/SECONDARY_DISPLAY" width="1076px" height="1680px"/>
			<graphic mimeType="pdf" url="%C3%8DBR%2010%208vo/28/WEB_DISPLAY"/>
		</surface>
		<surface xml:id="IBR08-0010-0011v" n="29">
			<desc>0011v</desc>
			<graphic mimeType="pdf" url="%C3%8DBR%2010%208vo/29/HIGH_QUALITY_DISPLAY"/>
			<graphic mimeType="jpg" url="%C3%8DBR%2010%208vo/29/THUMBNAIL" width="192px" height="300px"/>
			<graphic mimeType="jpg" url="%C3%8DBR%2010%208vo/29/SECONDARY_DISPLAY" width="1076px" height="1680px"/>
			<graphic mimeType="pdf" url="%C3%8DBR%2010%208vo/29/WEB_DISPLAY"/>
		</surface>
		<surface xml:id="IBR08-0010-0012r" n="30">
			<desc>0012r</desc>
			<graphic mimeType="pdf" url="%C3%8DBR%2010%208vo/30/HIGH_QUALITY_DISPLAY"/>
			<graphic mimeType="jpg" url="%C3%8DBR%2010%208vo/30/THUMBNAIL" width="192px" height="300px"/>
			<graphic mimeType="jpg" url="%C3%8DBR%2010%208vo/30/SECONDARY_DISPLAY" width="1076px" height="1680px"/>
			<graphic mimeType="pdf" url="%C3%8DBR%2010%208vo/30/WEB_DISPLAY"/>
		</surface>
		<surface xml:id="IBR08-0010-0012v" n="31">
			<desc>0012v</desc>
			<graphic mimeType="pdf" url="%C3%8DBR%2010%208vo/31/HIGH_QUALITY_DISPLAY"/>
			<graphic mimeType="jpg" url="%C3%8DBR%2010%208vo/31/THUMBNAIL" width="192px" height="300px"/>
			<graphic mimeType="jpg" url="%C3%8DBR%2010%208vo/31/SECONDARY_DISPLAY" width="1076px" height="1680px"/>
			<graphic mimeType="pdf" url="%C3%8DBR%2010%208vo/31/WEB_DISPLAY"/>
		</surface>
		<surface xml:id="IBR08-0010-0013r" n="32">
			<desc>0013r</desc>
			<graphic mimeType="pdf" url="%C3%8DBR%2010%208vo/32/HIGH_QUALITY_DISPLAY"/>
			<graphic mimeType="jpg" url="%C3%8DBR%2010%208vo/32/THUMBNAIL" width="192px" height="300px"/>
			<graphic mimeType="jpg" url="%C3%8DBR%2010%208vo/32/SECONDARY_DISPLAY" width="1076px" height="1680px"/>
			<graphic mimeType="pdf" url="%C3%8DBR%2010%208vo/32/WEB_DISPLAY"/>
		</surface>
		<surface xml:id="IBR08-0010-0013v" n="33">
			<desc>0013v</desc>
			<graphic mimeType="pdf" url="%C3%8DBR%2010%208vo/33/HIGH_QUALITY_DISPLAY"/>
			<graphic mimeType="jpg" url="%C3%8DBR%2010%208vo/33/THUMBNAIL" width="192px" height="300px"/>
			<graphic mimeType="jpg" url="%C3%8DBR%2010%208vo/33/SECONDARY_DISPLAY" width="1076px" height="1680px"/>
			<graphic mimeType="pdf" url="%C3%8DBR%2010%208vo/33/WEB_DISPLAY"/>
		</surface>
		<surface xml:id="IBR08-0010-0014r" n="34">
			<desc>0014r</desc>
			<graphic mimeType="pdf" url="%C3%8DBR%2010%208vo/34/HIGH_QUALITY_DISPLAY"/>
			<graphic mimeType="jpg" url="%C3%8DBR%2010%208vo/34/THUMBNAIL" width="192px" height="300px"/>
			<graphic mimeType="jpg" url="%C3%8DBR%2010%208vo/34/SECONDARY_DISPLAY" width="1076px" height="1680px"/>
			<graphic mimeType="pdf" url="%C3%8DBR%2010%208vo/34/WEB_DISPLAY"/>
		</surface>
		<surface xml:id="IBR08-0010-0014v" n="35">
			<desc>0014v</desc>
			<graphic mimeType="pdf" url="%C3%8DBR%2010%208vo/35/HIGH_QUALITY_DISPLAY"/>
			<graphic mimeType="jpg" url="%C3%8DBR%2010%208vo/35/THUMBNAIL" width="192px" height="300px"/>
			<graphic mimeType="jpg" url="%C3%8DBR%2010%208vo/35/SECONDARY_DISPLAY" width="1076px" height="1680px"/>
			<graphic mimeType="pdf" url="%C3%8DBR%2010%208vo/35/WEB_DISPLAY"/>
		</surface>
		<surface xml:id="IBR08-0010-0015r" n="36">
			<desc>0015r</desc>
			<graphic mimeType="pdf" url="%C3%8DBR%2010%208vo/36/HIGH_QUALITY_DISPLAY"/>
			<graphic mimeType="jpg" url="%C3%8DBR%2010%208vo/36/THUMBNAIL" width="192px" height="300px"/>
			<graphic mimeType="jpg" url="%C3%8DBR%2010%208vo/36/SECONDARY_DISPLAY" width="1076px" height="1680px"/>
			<graphic mimeType="pdf" url="%C3%8DBR%2010%208vo/36/WEB_DISPLAY"/>
		</surface>
		<surface xml:id="IBR08-0010-0015v" n="37">
			<desc>0015v</desc>
			<graphic mimeType="pdf" url="%C3%8DBR%2010%208vo/37/HIGH_QUALITY_DISPLAY"/>
			<graphic mimeType="jpg" url="%C3%8DBR%2010%208vo/37/THUMBNAIL" width="192px" height="300px"/>
			<graphic mimeType="jpg" url="%C3%8DBR%2010%208vo/37/SECONDARY_DISPLAY" width="1076px" height="1680px"/>
			<graphic mimeType="pdf" url="%C3%8DBR%2010%208vo/37/WEB_DISPLAY"/>
		</surface>
		<surface xml:id="IBR08-0010-0016r" n="38">
			<desc>0016r</desc>
			<graphic mimeType="pdf" url="%C3%8DBR%2010%208vo/38/HIGH_QUALITY_DISPLAY"/>
			<graphic mimeType="jpg" url="%C3%8DBR%2010%208vo/38/THUMBNAIL" width="192px" height="300px"/>
			<graphic mimeType="jpg" url="%C3%8DBR%2010%208vo/38/SECONDARY_DISPLAY" width="1076px" height="1680px"/>
			<graphic mimeType="pdf" url="%C3%8DBR%2010%208vo/38/WEB_DISPLAY"/>
		</surface>
		<surface xml:id="IBR08-0010-0016v" n="39">
			<desc>0016v</desc>
			<graphic mimeType="pdf" url="%C3%8DBR%2010%208vo/39/HIGH_QUALITY_DISPLAY"/>
			<graphic mimeType="jpg" url="%C3%8DBR%2010%208vo/39/THUMBNAIL" width="192px" height="300px"/>
			<graphic mimeType="jpg" url="%C3%8DBR%2010%208vo/39/SECONDARY_DISPLAY" width="1076px" height="1680px"/>
			<graphic mimeType="pdf" url="%C3%8DBR%2010%208vo/39/WEB_DISPLAY"/>
		</surface>
		<surface xml:id="IBR08-0010-0017r" n="40">
			<desc>0017r</desc>
			<graphic mimeType="pdf" url="%C3%8DBR%2010%208vo/40/HIGH_QUALITY_DISPLAY"/>
			<graphic mimeType="jpg" url="%C3%8DBR%2010%208vo/40/THUMBNAIL" width="192px" height="300px"/>
			<graphic mimeType="jpg" url="%C3%8DBR%2010%208vo/40/SECONDARY_DISPLAY" width="1076px" height="1680px"/>
			<graphic mimeType="pdf" url="%C3%8DBR%2010%208vo/40/WEB_DISPLAY"/>
		</surface>
		<surface xml:id="IBR08-0010-0017v" n="41">
			<desc>0017v</desc>
			<graphic mimeType="pdf" url="%C3%8DBR%2010%208vo/41/HIGH_QUALITY_DISPLAY"/>
			<graphic mimeType="jpg" url="%C3%8DBR%2010%208vo/41/THUMBNAIL" width="192px" height="300px"/>
			<graphic mimeType="jpg" url="%C3%8DBR%2010%208vo/41/SECONDARY_DISPLAY" width="1076px" height="1680px"/>
			<graphic mimeType="pdf" url="%C3%8DBR%2010%208vo/41/WEB_DISPLAY"/>
		</surface>
		<surface xml:id="IBR08-0010-0018r" n="42">
			<desc>0018r</desc>
			<graphic mimeType="pdf" url="%C3%8DBR%2010%208vo/42/HIGH_QUALITY_DISPLAY"/>
			<graphic mimeType="jpg" url="%C3%8DBR%2010%208vo/42/THUMBNAIL" width="192px" height="300px"/>
			<graphic mimeType="jpg" url="%C3%8DBR%2010%208vo/42/SECONDARY_DISPLAY" width="1076px" height="1680px"/>
			<graphic mimeType="pdf" url="%C3%8DBR%2010%208vo/42/WEB_DISPLAY"/>
		</surface>
		<surface xml:id="IBR08-0010-0018v" n="43">
			<desc>0018v</desc>
			<graphic mimeType="pdf" url="%C3%8DBR%2010%208vo/43/HIGH_QUALITY_DISPLAY"/>
			<graphic mimeType="jpg" url="%C3%8DBR%2010%208vo/43/THUMBNAIL" width="192px" height="300px"/>
			<graphic mimeType="jpg" url="%C3%8DBR%2010%208vo/43/SECONDARY_DISPLAY" width="1076px" height="1680px"/>
			<graphic mimeType="pdf" url="%C3%8DBR%2010%208vo/43/WEB_DISPLAY"/>
		</surface>
		<surface xml:id="IBR08-0010-0019r" n="44">
			<desc>0019r</desc>
			<graphic mimeType="pdf" url="%C3%8DBR%2010%208vo/44/HIGH_QUALITY_DISPLAY"/>
			<graphic mimeType="jpg" url="%C3%8DBR%2010%208vo/44/THUMBNAIL" width="192px" height="300px"/>
			<graphic mimeType="jpg" url="%C3%8DBR%2010%208vo/44/SECONDARY_DISPLAY" width="1076px" height="1680px"/>
			<graphic mimeType="pdf" url="%C3%8DBR%2010%208vo/44/WEB_DISPLAY"/>
		</surface>
		<surface xml:id="IBR08-0010-0019v" n="45">
			<desc>0019v</desc>
			<graphic mimeType="pdf" url="%C3%8DBR%2010%208vo/45/HIGH_QUALITY_DISPLAY"/>
			<graphic mimeType="jpg" url="%C3%8DBR%2010%208vo/45/THUMBNAIL" width="192px" height="300px"/>
			<graphic mimeType="jpg" url="%C3%8DBR%2010%208vo/45/SECONDARY_DISPLAY" width="1076px" height="1680px"/>
			<graphic mimeType="pdf" url="%C3%8DBR%2010%208vo/45/WEB_DISPLAY"/>
		</surface>
		<surface xml:id="IBR08-0010-0020r" n="46">
			<desc>0020r</desc>
			<graphic mimeType="pdf" url="%C3%8DBR%2010%208vo/46/HIGH_QUALITY_DISPLAY"/>
			<graphic mimeType="jpg" url="%C3%8DBR%2010%208vo/46/THUMBNAIL" width="192px" height="300px"/>
			<graphic mimeType="jpg" url="%C3%8DBR%2010%208vo/46/SECONDARY_DISPLAY" width="1076px" height="1680px"/>
			<graphic mimeType="pdf" url="%C3%8DBR%2010%208vo/46/WEB_DISPLAY"/>
		</surface>
		<surface xml:id="IBR08-0010-0020v" n="47">
			<desc>0020v</desc>
			<graphic mimeType="pdf" url="%C3%8DBR%2010%208vo/47/HIGH_QUALITY_DISPLAY"/>
			<graphic mimeType="jpg" url="%C3%8DBR%2010%208vo/47/THUMBNAIL" width="192px" height="300px"/>
			<graphic mimeType="jpg" url="%C3%8DBR%2010%208vo/47/SECONDARY_DISPLAY" width="1076px" height="1680px"/>
			<graphic mimeType="pdf" url="%C3%8DBR%2010%208vo/47/WEB_DISPLAY"/>
		</surface>
		<surface xml:id="IBR08-0010-0021r" n="48">
			<desc>0021r</desc>
			<graphic mimeType="pdf" url="%C3%8DBR%2010%208vo/48/HIGH_QUALITY_DISPLAY"/>
			<graphic mimeType="jpg" url="%C3%8DBR%2010%208vo/48/THUMBNAIL" width="192px" height="300px"/>
			<graphic mimeType="jpg" url="%C3%8DBR%2010%208vo/48/SECONDARY_DISPLAY" width="1076px" height="1680px"/>
			<graphic mimeType="pdf" url="%C3%8DBR%2010%208vo/48/WEB_DISPLAY"/>
		</surface>
		<surface xml:id="IBR08-0010-0021v" n="49">
			<desc>0021v</desc>
			<graphic mimeType="pdf" url="%C3%8DBR%2010%208vo/49/HIGH_QUALITY_DISPLAY"/>
			<graphic mimeType="jpg" url="%C3%8DBR%2010%208vo/49/THUMBNAIL" width="192px" height="300px"/>
			<graphic mimeType="jpg" url="%C3%8DBR%2010%208vo/49/SECONDARY_DISPLAY" width="1076px" height="1680px"/>
			<graphic mimeType="pdf" url="%C3%8DBR%2010%208vo/49/WEB_DISPLAY"/>
		</surface>
		<surface xml:id="IBR08-0010-0022r" n="50">
			<desc>0022r</desc>
			<graphic mimeType="pdf" url="%C3%8DBR%2010%208vo/50/HIGH_QUALITY_DISPLAY"/>
			<graphic mimeType="jpg" url="%C3%8DBR%2010%208vo/50/THUMBNAIL" width="192px" height="300px"/>
			<graphic mimeType="jpg" url="%C3%8DBR%2010%208vo/50/SECONDARY_DISPLAY" width="1076px" height="1680px"/>
			<graphic mimeType="pdf" url="%C3%8DBR%2010%208vo/50/WEB_DISPLAY"/>
		</surface>
		<surface xml:id="IBR08-0010-0022v" n="51">
			<desc>0022v</desc>
			<graphic mimeType="pdf" url="%C3%8DBR%2010%208vo/51/HIGH_QUALITY_DISPLAY"/>
			<graphic mimeType="jpg" url="%C3%8DBR%2010%208vo/51/THUMBNAIL" width="192px" height="300px"/>
			<graphic mimeType="jpg" url="%C3%8DBR%2010%208vo/51/SECONDARY_DISPLAY" width="1076px" height="1680px"/>
			<graphic mimeType="pdf" url="%C3%8DBR%2010%208vo/51/WEB_DISPLAY"/>
		</surface>
		<surface xml:id="IBR08-0010-0023r" n="52">
			<desc>0023r</desc>
			<graphic mimeType="pdf" url="%C3%8DBR%2010%208vo/52/HIGH_QUALITY_DISPLAY"/>
			<graphic mimeType="jpg" url="%C3%8DBR%2010%208vo/52/THUMBNAIL" width="192px" height="300px"/>
			<graphic mimeType="jpg" url="%C3%8DBR%2010%208vo/52/SECONDARY_DISPLAY" width="1076px" height="1680px"/>
			<graphic mimeType="pdf" url="%C3%8DBR%2010%208vo/52/WEB_DISPLAY"/>
		</surface>
		<surface xml:id="IBR08-0010-0023v" n="53">
			<desc>0023v</desc>
			<graphic mimeType="pdf" url="%C3%8DBR%2010%208vo/53/HIGH_QUALITY_DISPLAY"/>
			<graphic mimeType="jpg" url="%C3%8DBR%2010%208vo/53/THUMBNAIL" width="192px" height="300px"/>
			<graphic mimeType="jpg" url="%C3%8DBR%2010%208vo/53/SECONDARY_DISPLAY" width="1076px" height="1680px"/>
			<graphic mimeType="pdf" url="%C3%8DBR%2010%208vo/53/WEB_DISPLAY"/>
		</surface>
		<surface xml:id="IBR08-0010-0024r" n="54">
			<desc>0024r</desc>
			<graphic mimeType="pdf" url="%C3%8DBR%2010%208vo/54/HIGH_QUALITY_DISPLAY"/>
			<graphic mimeType="jpg" url="%C3%8DBR%2010%208vo/54/THUMBNAIL" width="192px" height="300px"/>
			<graphic mimeType="jpg" url="%C3%8DBR%2010%208vo/54/SECONDARY_DISPLAY" width="1076px" height="1680px"/>
			<graphic mimeType="pdf" url="%C3%8DBR%2010%208vo/54/WEB_DISPLAY"/>
		</surface>
		<surface xml:id="IBR08-0010-0024v" n="55">
			<desc>0024v</desc>
			<graphic mimeType="pdf" url="%C3%8DBR%2010%208vo/55/HIGH_QUALITY_DISPLAY"/>
			<graphic mimeType="jpg" url="%C3%8DBR%2010%208vo/55/THUMBNAIL" width="192px" height="300px"/>
			<graphic mimeType="jpg" url="%C3%8DBR%2010%208vo/55/SECONDARY_DISPLAY" width="1076px" height="1680px"/>
			<graphic mimeType="pdf" url="%C3%8DBR%2010%208vo/55/WEB_DISPLAY"/>
		</surface>
		<surface xml:id="IBR08-0010-0025r" n="56">
			<desc>0025r</desc>
			<graphic mimeType="pdf" url="%C3%8DBR%2010%208vo/56/HIGH_QUALITY_DISPLAY"/>
			<graphic mimeType="jpg" url="%C3%8DBR%2010%208vo/56/THUMBNAIL" width="192px" height="300px"/>
			<graphic mimeType="jpg" url="%C3%8DBR%2010%208vo/56/SECONDARY_DISPLAY" width="1076px" height="1680px"/>
			<graphic mimeType="pdf" url="%C3%8DBR%2010%208vo/56/WEB_DISPLAY"/>
		</surface>
		<surface xml:id="IBR08-0010-0025v" n="57">
			<desc>0025v</desc>
			<graphic mimeType="pdf" url="%C3%8DBR%2010%208vo/57/HIGH_QUALITY_DISPLAY"/>
			<graphic mimeType="jpg" url="%C3%8DBR%2010%208vo/57/THUMBNAIL" width="192px" height="300px"/>
			<graphic mimeType="jpg" url="%C3%8DBR%2010%208vo/57/SECONDARY_DISPLAY" width="1076px" height="1680px"/>
			<graphic mimeType="pdf" url="%C3%8DBR%2010%208vo/57/WEB_DISPLAY"/>
		</surface>
		<surface xml:id="IBR08-0010-0026r" n="58">
			<desc>0026r</desc>
			<graphic mimeType="pdf" url="%C3%8DBR%2010%208vo/58/HIGH_QUALITY_DISPLAY"/>
			<graphic mimeType="jpg" url="%C3%8DBR%2010%208vo/58/THUMBNAIL" width="192px" height="300px"/>
			<graphic mimeType="jpg" url="%C3%8DBR%2010%208vo/58/SECONDARY_DISPLAY" width="1076px" height="1680px"/>
			<graphic mimeType="pdf" url="%C3%8DBR%2010%208vo/58/WEB_DISPLAY"/>
		</surface>
		<surface xml:id="IBR08-0010-0026v" n="59">
			<desc>0026v</desc>
			<graphic mimeType="pdf" url="%C3%8DBR%2010%208vo/59/HIGH_QUALITY_DISPLAY"/>
			<graphic mimeType="jpg" url="%C3%8DBR%2010%208vo/59/THUMBNAIL" width="192px" height="300px"/>
			<graphic mimeType="jpg" url="%C3%8DBR%2010%208vo/59/SECONDARY_DISPLAY" width="1076px" height="1680px"/>
			<graphic mimeType="pdf" url="%C3%8DBR%2010%208vo/59/WEB_DISPLAY"/>
		</surface>
		<surface xml:id="IBR08-0010-0027r" n="60">
			<desc>0027r</desc>
			<graphic mimeType="pdf" url="%C3%8DBR%2010%208vo/60/HIGH_QUALITY_DISPLAY"/>
			<graphic mimeType="jpg" url="%C3%8DBR%2010%208vo/60/THUMBNAIL" width="192px" height="300px"/>
			<graphic mimeType="jpg" url="%C3%8DBR%2010%208vo/60/SECONDARY_DISPLAY" width="1076px" height="1680px"/>
			<graphic mimeType="pdf" url="%C3%8DBR%2010%208vo/60/WEB_DISPLAY"/>
		</surface>
		<surface xml:id="IBR08-0010-0027v" n="61">
			<desc>0027v</desc>
			<graphic mimeType="pdf" url="%C3%8DBR%2010%208vo/61/HIGH_QUALITY_DISPLAY"/>
			<graphic mimeType="jpg" url="%C3%8DBR%2010%208vo/61/THUMBNAIL" width="192px" height="300px"/>
			<graphic mimeType="jpg" url="%C3%8DBR%2010%208vo/61/SECONDARY_DISPLAY" width="1076px" height="1680px"/>
			<graphic mimeType="pdf" url="%C3%8DBR%2010%208vo/61/WEB_DISPLAY"/>
		</surface>
		<surface xml:id="IBR08-0010-0028r" n="62">
			<desc>0028r</desc>
			<graphic mimeType="pdf" url="%C3%8DBR%2010%208vo/62/HIGH_QUALITY_DISPLAY"/>
			<graphic mimeType="jpg" url="%C3%8DBR%2010%208vo/62/THUMBNAIL" width="192px" height="300px"/>
			<graphic mimeType="jpg" url="%C3%8DBR%2010%208vo/62/SECONDARY_DISPLAY" width="1076px" height="1680px"/>
			<graphic mimeType="pdf" url="%C3%8DBR%2010%208vo/62/WEB_DISPLAY"/>
		</surface>
		<surface xml:id="IBR08-0010-0028v" n="63">
			<desc>0028v</desc>
			<graphic mimeType="pdf" url="%C3%8DBR%2010%208vo/63/HIGH_QUALITY_DISPLAY"/>
			<graphic mimeType="jpg" url="%C3%8DBR%2010%208vo/63/THUMBNAIL" width="192px" height="300px"/>
			<graphic mimeType="jpg" url="%C3%8DBR%2010%208vo/63/SECONDARY_DISPLAY" width="1076px" height="1680px"/>
			<graphic mimeType="pdf" url="%C3%8DBR%2010%208vo/63/WEB_DISPLAY"/>
		</surface>
		<surface xml:id="IBR08-0010-0029r" n="64">
			<desc>0029r</desc>
			<graphic mimeType="pdf" url="%C3%8DBR%2010%208vo/64/HIGH_QUALITY_DISPLAY"/>
			<graphic mimeType="jpg" url="%C3%8DBR%2010%208vo/64/THUMBNAIL" width="192px" height="300px"/>
			<graphic mimeType="jpg" url="%C3%8DBR%2010%208vo/64/SECONDARY_DISPLAY" width="1076px" height="1680px"/>
			<graphic mimeType="pdf" url="%C3%8DBR%2010%208vo/64/WEB_DISPLAY"/>
		</surface>
		<surface xml:id="IBR08-0010-0029v" n="65">
			<desc>0029v</desc>
			<graphic mimeType="pdf" url="%C3%8DBR%2010%208vo/65/HIGH_QUALITY_DISPLAY"/>
			<graphic mimeType="jpg" url="%C3%8DBR%2010%208vo/65/THUMBNAIL" width="192px" height="300px"/>
			<graphic mimeType="jpg" url="%C3%8DBR%2010%208vo/65/SECONDARY_DISPLAY" width="1076px" height="1680px"/>
			<graphic mimeType="pdf" url="%C3%8DBR%2010%208vo/65/WEB_DISPLAY"/>
		</surface>
		<surface xml:id="IBR08-0010-0030r" n="66">
			<desc>0030r</desc>
			<graphic mimeType="pdf" url="%C3%8DBR%2010%208vo/66/HIGH_QUALITY_DISPLAY"/>
			<graphic mimeType="jpg" url="%C3%8DBR%2010%208vo/66/THUMBNAIL" width="192px" height="300px"/>
			<graphic mimeType="jpg" url="%C3%8DBR%2010%208vo/66/SECONDARY_DISPLAY" width="1076px" height="1680px"/>
			<graphic mimeType="pdf" url="%C3%8DBR%2010%208vo/66/WEB_DISPLAY"/>
		</surface>
		<surface xml:id="IBR08-0010-0030v" n="67">
			<desc>0030v</desc>
			<graphic mimeType="pdf" url="%C3%8DBR%2010%208vo/67/HIGH_QUALITY_DISPLAY"/>
			<graphic mimeType="jpg" url="%C3%8DBR%2010%208vo/67/THUMBNAIL" width="192px" height="300px"/>
			<graphic mimeType="jpg" url="%C3%8DBR%2010%208vo/67/SECONDARY_DISPLAY" width="1076px" height="1680px"/>
			<graphic mimeType="pdf" url="%C3%8DBR%2010%208vo/67/WEB_DISPLAY"/>
		</surface>
		<surface xml:id="IBR08-0010-0031r" n="68">
			<desc>0031r</desc>
			<graphic mimeType="pdf" url="%C3%8DBR%2010%208vo/68/HIGH_QUALITY_DISPLAY"/>
			<graphic mimeType="jpg" url="%C3%8DBR%2010%208vo/68/THUMBNAIL" width="192px" height="300px"/>
			<graphic mimeType="jpg" url="%C3%8DBR%2010%208vo/68/SECONDARY_DISPLAY" width="1076px" height="1680px"/>
			<graphic mimeType="pdf" url="%C3%8DBR%2010%208vo/68/WEB_DISPLAY"/>
		</surface>
		<surface xml:id="IBR08-0010-0031v" n="69">
			<desc>0031v</desc>
			<graphic mimeType="pdf" url="%C3%8DBR%2010%208vo/69/HIGH_QUALITY_DISPLAY"/>
			<graphic mimeType="jpg" url="%C3%8DBR%2010%208vo/69/THUMBNAIL" width="192px" height="300px"/>
			<graphic mimeType="jpg" url="%C3%8DBR%2010%208vo/69/SECONDARY_DISPLAY" width="1076px" height="1680px"/>
			<graphic mimeType="pdf" url="%C3%8DBR%2010%208vo/69/WEB_DISPLAY"/>
		</surface>
		<surface xml:id="IBR08-0010-0032r" n="70">
			<desc>0032r</desc>
			<graphic mimeType="pdf" url="%C3%8DBR%2010%208vo/70/HIGH_QUALITY_DISPLAY"/>
			<graphic mimeType="jpg" url="%C3%8DBR%2010%208vo/70/THUMBNAIL" width="192px" height="300px"/>
			<graphic mimeType="jpg" url="%C3%8DBR%2010%208vo/70/SECONDARY_DISPLAY" width="1076px" height="1680px"/>
			<graphic mimeType="pdf" url="%C3%8DBR%2010%208vo/70/WEB_DISPLAY"/>
		</surface>
		<surface xml:id="IBR08-0010-0032v" n="71">
			<desc>0032v</desc>
			<graphic mimeType="pdf" url="%C3%8DBR%2010%208vo/71/HIGH_QUALITY_DISPLAY"/>
			<graphic mimeType="jpg" url="%C3%8DBR%2010%208vo/71/THUMBNAIL" width="192px" height="300px"/>
			<graphic mimeType="jpg" url="%C3%8DBR%2010%208vo/71/SECONDARY_DISPLAY" width="1076px" height="1680px"/>
			<graphic mimeType="pdf" url="%C3%8DBR%2010%208vo/71/WEB_DISPLAY"/>
		</surface>
		<surface xml:id="IBR08-0010-0033r" n="72">
			<desc>0033r</desc>
			<graphic mimeType="pdf" url="%C3%8DBR%2010%208vo/72/HIGH_QUALITY_DISPLAY"/>
			<graphic mimeType="jpg" url="%C3%8DBR%2010%208vo/72/THUMBNAIL" width="192px" height="300px"/>
			<graphic mimeType="jpg" url="%C3%8DBR%2010%208vo/72/SECONDARY_DISPLAY" width="1076px" height="1680px"/>
			<graphic mimeType="pdf" url="%C3%8DBR%2010%208vo/72/WEB_DISPLAY"/>
		</surface>
		<surface xml:id="IBR08-0010-0033v" n="73">
			<desc>0033v</desc>
			<graphic mimeType="pdf" url="%C3%8DBR%2010%208vo/73/HIGH_QUALITY_DISPLAY"/>
			<graphic mimeType="jpg" url="%C3%8DBR%2010%208vo/73/THUMBNAIL" width="192px" height="300px"/>
			<graphic mimeType="jpg" url="%C3%8DBR%2010%208vo/73/SECONDARY_DISPLAY" width="1076px" height="1680px"/>
			<graphic mimeType="pdf" url="%C3%8DBR%2010%208vo/73/WEB_DISPLAY"/>
		</surface>
		<surface xml:id="IBR08-0010-0034r" n="74">
			<desc>0034r</desc>
			<graphic mimeType="pdf" url="%C3%8DBR%2010%208vo/74/HIGH_QUALITY_DISPLAY"/>
			<graphic mimeType="jpg" url="%C3%8DBR%2010%208vo/74/THUMBNAIL" width="192px" height="300px"/>
			<graphic mimeType="jpg" url="%C3%8DBR%2010%208vo/74/SECONDARY_DISPLAY" width="1076px" height="1680px"/>
			<graphic mimeType="pdf" url="%C3%8DBR%2010%208vo/74/WEB_DISPLAY"/>
		</surface>
		<surface xml:id="IBR08-0010-0034v" n="75">
			<desc>0034v</desc>
			<graphic mimeType="pdf" url="%C3%8DBR%2010%208vo/75/HIGH_QUALITY_DISPLAY"/>
			<graphic mimeType="jpg" url="%C3%8DBR%2010%208vo/75/THUMBNAIL" width="192px" height="300px"/>
			<graphic mimeType="jpg" url="%C3%8DBR%2010%208vo/75/SECONDARY_DISPLAY" width="1076px" height="1680px"/>
			<graphic mimeType="pdf" url="%C3%8DBR%2010%208vo/75/WEB_DISPLAY"/>
		</surface>
		<surface xml:id="IBR08-0010-0035r" n="76">
			<desc>0035r</desc>
			<graphic mimeType="pdf" url="%C3%8DBR%2010%208vo/76/HIGH_QUALITY_DISPLAY"/>
			<graphic mimeType="jpg" url="%C3%8DBR%2010%208vo/76/THUMBNAIL" width="192px" height="300px"/>
			<graphic mimeType="jpg" url="%C3%8DBR%2010%208vo/76/SECONDARY_DISPLAY" width="1076px" height="1680px"/>
			<graphic mimeType="pdf" url="%C3%8DBR%2010%208vo/76/WEB_DISPLAY"/>
		</surface>
		<surface xml:id="IBR08-0010-0035v" n="77">
			<desc>0035v</desc>
			<graphic mimeType="pdf" url="%C3%8DBR%2010%208vo/77/HIGH_QUALITY_DISPLAY"/>
			<graphic mimeType="jpg" url="%C3%8DBR%2010%208vo/77/THUMBNAIL" width="192px" height="300px"/>
			<graphic mimeType="jpg" url="%C3%8DBR%2010%208vo/77/SECONDARY_DISPLAY" width="1076px" height="1680px"/>
			<graphic mimeType="pdf" url="%C3%8DBR%2010%208vo/77/WEB_DISPLAY"/>
		</surface>
		<surface xml:id="IBR08-0010-0036r" n="78">
			<desc>0036r</desc>
			<graphic mimeType="pdf" url="%C3%8DBR%2010%208vo/78/HIGH_QUALITY_DISPLAY"/>
			<graphic mimeType="jpg" url="%C3%8DBR%2010%208vo/78/THUMBNAIL" width="192px" height="300px"/>
			<graphic mimeType="jpg" url="%C3%8DBR%2010%208vo/78/SECONDARY_DISPLAY" width="1076px" height="1680px"/>
			<graphic mimeType="pdf" url="%C3%8DBR%2010%208vo/78/WEB_DISPLAY"/>
		</surface>
		<surface xml:id="IBR08-0010-0036v" n="79">
			<desc>0036v</desc>
			<graphic mimeType="pdf" url="%C3%8DBR%2010%208vo/79/HIGH_QUALITY_DISPLAY"/>
			<graphic mimeType="jpg" url="%C3%8DBR%2010%208vo/79/THUMBNAIL" width="192px" height="300px"/>
			<graphic mimeType="jpg" url="%C3%8DBR%2010%208vo/79/SECONDARY_DISPLAY" width="1076px" height="1680px"/>
			<graphic mimeType="pdf" url="%C3%8DBR%2010%208vo/79/WEB_DISPLAY"/>
		</surface>
		<surface xml:id="IBR08-0010-0037r" n="80">
			<desc>0037r</desc>
			<graphic mimeType="pdf" url="%C3%8DBR%2010%208vo/80/HIGH_QUALITY_DISPLAY"/>
			<graphic mimeType="jpg" url="%C3%8DBR%2010%208vo/80/THUMBNAIL" width="192px" height="300px"/>
			<graphic mimeType="jpg" url="%C3%8DBR%2010%208vo/80/SECONDARY_DISPLAY" width="1076px" height="1680px"/>
			<graphic mimeType="pdf" url="%C3%8DBR%2010%208vo/80/WEB_DISPLAY"/>
		</surface>
		<surface xml:id="IBR08-0010-0037v" n="81">
			<desc>0037v</desc>
			<graphic mimeType="pdf" url="%C3%8DBR%2010%208vo/81/HIGH_QUALITY_DISPLAY"/>
			<graphic mimeType="jpg" url="%C3%8DBR%2010%208vo/81/THUMBNAIL" width="192px" height="300px"/>
			<graphic mimeType="jpg" url="%C3%8DBR%2010%208vo/81/SECONDARY_DISPLAY" width="1076px" height="1680px"/>
			<graphic mimeType="pdf" url="%C3%8DBR%2010%208vo/81/WEB_DISPLAY"/>
		</surface>
		<surface xml:id="IBR08-0010-0038r" n="82">
			<desc>0038r</desc>
			<graphic mimeType="pdf" url="%C3%8DBR%2010%208vo/82/HIGH_QUALITY_DISPLAY"/>
			<graphic mimeType="jpg" url="%C3%8DBR%2010%208vo/82/THUMBNAIL" width="192px" height="300px"/>
			<graphic mimeType="jpg" url="%C3%8DBR%2010%208vo/82/SECONDARY_DISPLAY" width="1076px" height="1680px"/>
			<graphic mimeType="pdf" url="%C3%8DBR%2010%208vo/82/WEB_DISPLAY"/>
		</surface>
		<surface xml:id="IBR08-0010-0038v" n="83">
			<desc>0038v</desc>
			<graphic mimeType="pdf" url="%C3%8DBR%2010%208vo/83/HIGH_QUALITY_DISPLAY"/>
			<graphic mimeType="jpg" url="%C3%8DBR%2010%208vo/83/THUMBNAIL" width="192px" height="300px"/>
			<graphic mimeType="jpg" url="%C3%8DBR%2010%208vo/83/SECONDARY_DISPLAY" width="1076px" height="1680px"/>
			<graphic mimeType="pdf" url="%C3%8DBR%2010%208vo/83/WEB_DISPLAY"/>
		</surface>
		<surface xml:id="IBR08-0010-0039r" n="84">
			<desc>0039r</desc>
			<graphic mimeType="pdf" url="%C3%8DBR%2010%208vo/84/HIGH_QUALITY_DISPLAY"/>
			<graphic mimeType="jpg" url="%C3%8DBR%2010%208vo/84/THUMBNAIL" width="192px" height="300px"/>
			<graphic mimeType="jpg" url="%C3%8DBR%2010%208vo/84/SECONDARY_DISPLAY" width="1076px" height="1680px"/>
			<graphic mimeType="pdf" url="%C3%8DBR%2010%208vo/84/WEB_DISPLAY"/>
		</surface>
		<surface xml:id="IBR08-0010-0039v" n="85">
			<desc>0039v</desc>
			<graphic mimeType="pdf" url="%C3%8DBR%2010%208vo/85/HIGH_QUALITY_DISPLAY"/>
			<graphic mimeType="jpg" url="%C3%8DBR%2010%208vo/85/THUMBNAIL" width="192px" height="300px"/>
			<graphic mimeType="jpg" url="%C3%8DBR%2010%208vo/85/SECONDARY_DISPLAY" width="1076px" height="1680px"/>
			<graphic mimeType="pdf" url="%C3%8DBR%2010%208vo/85/WEB_DISPLAY"/>
		</surface>
		<surface xml:id="IBR08-0010-0040r" n="86">
			<desc>0040r</desc>
			<graphic mimeType="pdf" url="%C3%8DBR%2010%208vo/86/HIGH_QUALITY_DISPLAY"/>
			<graphic mimeType="jpg" url="%C3%8DBR%2010%208vo/86/THUMBNAIL" width="192px" height="300px"/>
			<graphic mimeType="jpg" url="%C3%8DBR%2010%208vo/86/SECONDARY_DISPLAY" width="1076px" height="1680px"/>
			<graphic mimeType="pdf" url="%C3%8DBR%2010%208vo/86/WEB_DISPLAY"/>
		</surface>
		<surface xml:id="IBR08-0010-0040v" n="87">
			<desc>0040v</desc>
			<graphic mimeType="pdf" url="%C3%8DBR%2010%208vo/87/HIGH_QUALITY_DISPLAY"/>
			<graphic mimeType="jpg" url="%C3%8DBR%2010%208vo/87/THUMBNAIL" width="192px" height="300px"/>
			<graphic mimeType="jpg" url="%C3%8DBR%2010%208vo/87/SECONDARY_DISPLAY" width="1076px" height="1680px"/>
			<graphic mimeType="pdf" url="%C3%8DBR%2010%208vo/87/WEB_DISPLAY"/>
		</surface>
		<surface xml:id="IBR08-0010-0041r" n="88">
			<desc>0041r</desc>
			<graphic mimeType="pdf" url="%C3%8DBR%2010%208vo/88/HIGH_QUALITY_DISPLAY"/>
			<graphic mimeType="jpg" url="%C3%8DBR%2010%208vo/88/THUMBNAIL" width="192px" height="300px"/>
			<graphic mimeType="jpg" url="%C3%8DBR%2010%208vo/88/SECONDARY_DISPLAY" width="1076px" height="1680px"/>
			<graphic mimeType="pdf" url="%C3%8DBR%2010%208vo/88/WEB_DISPLAY"/>
		</surface>
		<surface xml:id="IBR08-0010-0041v" n="89">
			<desc>0041v</desc>
			<graphic mimeType="pdf" url="%C3%8DBR%2010%208vo/89/HIGH_QUALITY_DISPLAY"/>
			<graphic mimeType="jpg" url="%C3%8DBR%2010%208vo/89/THUMBNAIL" width="192px" height="300px"/>
			<graphic mimeType="jpg" url="%C3%8DBR%2010%208vo/89/SECONDARY_DISPLAY" width="1076px" height="1680px"/>
			<graphic mimeType="pdf" url="%C3%8DBR%2010%208vo/89/WEB_DISPLAY"/>
		</surface>
		<surface xml:id="IBR08-0010-0042r" n="90">
			<desc>0042r</desc>
			<graphic mimeType="pdf" url="%C3%8DBR%2010%208vo/90/HIGH_QUALITY_DISPLAY"/>
			<graphic mimeType="jpg" url="%C3%8DBR%2010%208vo/90/THUMBNAIL" width="192px" height="300px"/>
			<graphic mimeType="jpg" url="%C3%8DBR%2010%208vo/90/SECONDARY_DISPLAY" width="1076px" height="1680px"/>
			<graphic mimeType="pdf" url="%C3%8DBR%2010%208vo/90/WEB_DISPLAY"/>
		</surface>
		<surface xml:id="IBR08-0010-0042v" n="91">
			<desc>0042v</desc>
			<graphic mimeType="pdf" url="%C3%8DBR%2010%208vo/91/HIGH_QUALITY_DISPLAY"/>
			<graphic mimeType="jpg" url="%C3%8DBR%2010%208vo/91/THUMBNAIL" width="192px" height="300px"/>
			<graphic mimeType="jpg" url="%C3%8DBR%2010%208vo/91/SECONDARY_DISPLAY" width="1076px" height="1680px"/>
			<graphic mimeType="pdf" url="%C3%8DBR%2010%208vo/91/WEB_DISPLAY"/>
		</surface>
		<surface xml:id="IBR08-0010-0043r" n="92">
			<desc>0043r</desc>
			<graphic mimeType="pdf" url="%C3%8DBR%2010%208vo/92/HIGH_QUALITY_DISPLAY"/>
			<graphic mimeType="jpg" url="%C3%8DBR%2010%208vo/92/THUMBNAIL" width="192px" height="300px"/>
			<graphic mimeType="jpg" url="%C3%8DBR%2010%208vo/92/SECONDARY_DISPLAY" width="1076px" height="1680px"/>
			<graphic mimeType="pdf" url="%C3%8DBR%2010%208vo/92/WEB_DISPLAY"/>
		</surface>
		<surface xml:id="IBR08-0010-0043v" n="93">
			<desc>0043v</desc>
			<graphic mimeType="pdf" url="%C3%8DBR%2010%208vo/93/HIGH_QUALITY_DISPLAY"/>
			<graphic mimeType="jpg" url="%C3%8DBR%2010%208vo/93/THUMBNAIL" width="192px" height="300px"/>
			<graphic mimeType="jpg" url="%C3%8DBR%2010%208vo/93/SECONDARY_DISPLAY" width="1076px" height="1680px"/>
			<graphic mimeType="pdf" url="%C3%8DBR%2010%208vo/93/WEB_DISPLAY"/>
		</surface>
		<surface xml:id="IBR08-0010-0044r" n="94">
			<desc>0044r</desc>
			<graphic mimeType="pdf" url="%C3%8DBR%2010%208vo/94/HIGH_QUALITY_DISPLAY"/>
			<graphic mimeType="jpg" url="%C3%8DBR%2010%208vo/94/THUMBNAIL" width="192px" height="300px"/>
			<graphic mimeType="jpg" url="%C3%8DBR%2010%208vo/94/SECONDARY_DISPLAY" width="1076px" height="1680px"/>
			<graphic mimeType="pdf" url="%C3%8DBR%2010%208vo/94/WEB_DISPLAY"/>
		</surface>
		<surface xml:id="IBR08-0010-0044v" n="95">
			<desc>0044v</desc>
			<graphic mimeType="pdf" url="%C3%8DBR%2010%208vo/95/HIGH_QUALITY_DISPLAY"/>
			<graphic mimeType="jpg" url="%C3%8DBR%2010%208vo/95/THUMBNAIL" width="192px" height="300px"/>
			<graphic mimeType="jpg" url="%C3%8DBR%2010%208vo/95/SECONDARY_DISPLAY" width="1076px" height="1680px"/>
			<graphic mimeType="pdf" url="%C3%8DBR%2010%208vo/95/WEB_DISPLAY"/>
		</surface>
		<surface xml:id="IBR08-0010-0045r" n="96">
			<desc>0045r</desc>
			<graphic mimeType="pdf" url="%C3%8DBR%2010%208vo/96/HIGH_QUALITY_DISPLAY"/>
			<graphic mimeType="jpg" url="%C3%8DBR%2010%208vo/96/THUMBNAIL" width="192px" height="300px"/>
			<graphic mimeType="jpg" url="%C3%8DBR%2010%208vo/96/SECONDARY_DISPLAY" width="1076px" height="1680px"/>
			<graphic mimeType="pdf" url="%C3%8DBR%2010%208vo/96/WEB_DISPLAY"/>
		</surface>
		<surface xml:id="IBR08-0010-0045v" n="97">
			<desc>0045v</desc>
			<graphic mimeType="pdf" url="%C3%8DBR%2010%208vo/97/HIGH_QUALITY_DISPLAY"/>
			<graphic mimeType="jpg" url="%C3%8DBR%2010%208vo/97/THUMBNAIL" width="192px" height="300px"/>
			<graphic mimeType="jpg" url="%C3%8DBR%2010%208vo/97/SECONDARY_DISPLAY" width="1076px" height="1680px"/>
			<graphic mimeType="pdf" url="%C3%8DBR%2010%208vo/97/WEB_DISPLAY"/>
		</surface>
		<surface xml:id="IBR08-0010-0046r" n="98">
			<desc>0046r</desc>
			<graphic mimeType="pdf" url="%C3%8DBR%2010%208vo/98/HIGH_QUALITY_DISPLAY"/>
			<graphic mimeType="jpg" url="%C3%8DBR%2010%208vo/98/THUMBNAIL" width="192px" height="300px"/>
			<graphic mimeType="jpg" url="%C3%8DBR%2010%208vo/98/SECONDARY_DISPLAY" width="1076px" height="1680px"/>
			<graphic mimeType="pdf" url="%C3%8DBR%2010%208vo/98/WEB_DISPLAY"/>
		</surface>
		<surface xml:id="IBR08-0010-0046v" n="99">
			<desc>0046v</desc>
			<graphic mimeType="pdf" url="%C3%8DBR%2010%208vo/99/HIGH_QUALITY_DISPLAY"/>
			<graphic mimeType="jpg" url="%C3%8DBR%2010%208vo/99/THUMBNAIL" width="192px" height="300px"/>
			<graphic mimeType="jpg" url="%C3%8DBR%2010%208vo/99/SECONDARY_DISPLAY" width="1076px" height="1680px"/>
			<graphic mimeType="pdf" url="%C3%8DBR%2010%208vo/99/WEB_DISPLAY"/>
		</surface>
		<surface xml:id="IBR08-0010-0047r" n="100">
			<desc>0047r</desc>
			<graphic mimeType="pdf" url="%C3%8DBR%2010%208vo/100/HIGH_QUALITY_DISPLAY"/>
			<graphic mimeType="jpg" url="%C3%8DBR%2010%208vo/100/THUMBNAIL" width="192px" height="300px"/>
			<graphic mimeType="jpg" url="%C3%8DBR%2010%208vo/100/SECONDARY_DISPLAY" width="1076px" height="1680px"/>
			<graphic mimeType="pdf" url="%C3%8DBR%2010%208vo/100/WEB_DISPLAY"/>
		</surface>
		<surface xml:id="IBR08-0010-0047v" n="101">
			<desc>0047v</desc>
			<graphic mimeType="pdf" url="%C3%8DBR%2010%208vo/101/HIGH_QUALITY_DISPLAY"/>
			<graphic mimeType="jpg" url="%C3%8DBR%2010%208vo/101/THUMBNAIL" width="192px" height="300px"/>
			<graphic mimeType="jpg" url="%C3%8DBR%2010%208vo/101/SECONDARY_DISPLAY" width="1076px" height="1680px"/>
			<graphic mimeType="pdf" url="%C3%8DBR%2010%208vo/101/WEB_DISPLAY"/>
		</surface>
		<surface xml:id="IBR08-0010-0048r" n="102">
			<desc>0048r</desc>
			<graphic mimeType="pdf" url="%C3%8DBR%2010%208vo/102/HIGH_QUALITY_DISPLAY"/>
			<graphic mimeType="jpg" url="%C3%8DBR%2010%208vo/102/THUMBNAIL" width="192px" height="300px"/>
			<graphic mimeType="jpg" url="%C3%8DBR%2010%208vo/102/SECONDARY_DISPLAY" width="1076px" height="1680px"/>
			<graphic mimeType="pdf" url="%C3%8DBR%2010%208vo/102/WEB_DISPLAY"/>
		</surface>
		<surface xml:id="IBR08-0010-0048v" n="103">
			<desc>0048v</desc>
			<graphic mimeType="pdf" url="%C3%8DBR%2010%208vo/103/HIGH_QUALITY_DISPLAY"/>
			<graphic mimeType="jpg" url="%C3%8DBR%2010%208vo/103/THUMBNAIL" width="192px" height="300px"/>
			<graphic mimeType="jpg" url="%C3%8DBR%2010%208vo/103/SECONDARY_DISPLAY" width="1076px" height="1680px"/>
			<graphic mimeType="pdf" url="%C3%8DBR%2010%208vo/103/WEB_DISPLAY"/>
		</surface>
		<surface xml:id="IBR08-0010-0049r" n="104">
			<desc>0049r</desc>
			<graphic mimeType="pdf" url="%C3%8DBR%2010%208vo/104/HIGH_QUALITY_DISPLAY"/>
			<graphic mimeType="jpg" url="%C3%8DBR%2010%208vo/104/THUMBNAIL" width="192px" height="300px"/>
			<graphic mimeType="jpg" url="%C3%8DBR%2010%208vo/104/SECONDARY_DISPLAY" width="1076px" height="1680px"/>
			<graphic mimeType="pdf" url="%C3%8DBR%2010%208vo/104/WEB_DISPLAY"/>
		</surface>
		<surface xml:id="IBR08-0010-0049v" n="105">
			<desc>0049v</desc>
			<graphic mimeType="pdf" url="%C3%8DBR%2010%208vo/105/HIGH_QUALITY_DISPLAY"/>
			<graphic mimeType="jpg" url="%C3%8DBR%2010%208vo/105/THUMBNAIL" width="192px" height="300px"/>
			<graphic mimeType="jpg" url="%C3%8DBR%2010%208vo/105/SECONDARY_DISPLAY" width="1076px" height="1680px"/>
			<graphic mimeType="pdf" url="%C3%8DBR%2010%208vo/105/WEB_DISPLAY"/>
		</surface>
		<surface xml:id="IBR08-0010-0050r" n="106">
			<desc>0050r</desc>
			<graphic mimeType="pdf" url="%C3%8DBR%2010%208vo/106/HIGH_QUALITY_DISPLAY"/>
			<graphic mimeType="jpg" url="%C3%8DBR%2010%208vo/106/THUMBNAIL" width="192px" height="300px"/>
			<graphic mimeType="jpg" url="%C3%8DBR%2010%208vo/106/SECONDARY_DISPLAY" width="1076px" height="1680px"/>
			<graphic mimeType="pdf" url="%C3%8DBR%2010%208vo/106/WEB_DISPLAY"/>
		</surface>
		<surface xml:id="IBR08-0010-0050v" n="107">
			<desc>0050v</desc>
			<graphic mimeType="pdf" url="%C3%8DBR%2010%208vo/107/HIGH_QUALITY_DISPLAY"/>
			<graphic mimeType="jpg" url="%C3%8DBR%2010%208vo/107/THUMBNAIL" width="192px" height="300px"/>
			<graphic mimeType="jpg" url="%C3%8DBR%2010%208vo/107/SECONDARY_DISPLAY" width="1076px" height="1680px"/>
			<graphic mimeType="pdf" url="%C3%8DBR%2010%208vo/107/WEB_DISPLAY"/>
		</surface>
		<surface xml:id="IBR08-0010-0051r" n="108">
			<desc>0051r</desc>
			<graphic mimeType="pdf" url="%C3%8DBR%2010%208vo/108/HIGH_QUALITY_DISPLAY"/>
			<graphic mimeType="jpg" url="%C3%8DBR%2010%208vo/108/THUMBNAIL" width="192px" height="300px"/>
			<graphic mimeType="jpg" url="%C3%8DBR%2010%208vo/108/SECONDARY_DISPLAY" width="1076px" height="1680px"/>
			<graphic mimeType="pdf" url="%C3%8DBR%2010%208vo/108/WEB_DISPLAY"/>
		</surface>
		<surface xml:id="IBR08-0010-0051v" n="109">
			<desc>0051v</desc>
			<graphic mimeType="pdf" url="%C3%8DBR%2010%208vo/109/HIGH_QUALITY_DISPLAY"/>
			<graphic mimeType="jpg" url="%C3%8DBR%2010%208vo/109/THUMBNAIL" width="192px" height="300px"/>
			<graphic mimeType="jpg" url="%C3%8DBR%2010%208vo/109/SECONDARY_DISPLAY" width="1076px" height="1680px"/>
			<graphic mimeType="pdf" url="%C3%8DBR%2010%208vo/109/WEB_DISPLAY"/>
		</surface>
		<surface xml:id="IBR08-0010-0052r" n="110">
			<desc>0052r</desc>
			<graphic mimeType="pdf" url="%C3%8DBR%2010%208vo/110/HIGH_QUALITY_DISPLAY"/>
			<graphic mimeType="jpg" url="%C3%8DBR%2010%208vo/110/THUMBNAIL" width="192px" height="300px"/>
			<graphic mimeType="jpg" url="%C3%8DBR%2010%208vo/110/SECONDARY_DISPLAY" width="1076px" height="1680px"/>
			<graphic mimeType="pdf" url="%C3%8DBR%2010%208vo/110/WEB_DISPLAY"/>
		</surface>
		<surface xml:id="IBR08-0010-0052v" n="111">
			<desc>0052v</desc>
			<graphic mimeType="pdf" url="%C3%8DBR%2010%208vo/111/HIGH_QUALITY_DISPLAY"/>
			<graphic mimeType="jpg" url="%C3%8DBR%2010%208vo/111/THUMBNAIL" width="192px" height="300px"/>
			<graphic mimeType="jpg" url="%C3%8DBR%2010%208vo/111/SECONDARY_DISPLAY" width="1076px" height="1680px"/>
			<graphic mimeType="pdf" url="%C3%8DBR%2010%208vo/111/WEB_DISPLAY"/>
		</surface>
		<surface xml:id="IBR08-0010-0053r" n="112">
			<desc>0053r</desc>
			<graphic mimeType="pdf" url="%C3%8DBR%2010%208vo/112/HIGH_QUALITY_DISPLAY"/>
			<graphic mimeType="jpg" url="%C3%8DBR%2010%208vo/112/THUMBNAIL" width="192px" height="300px"/>
			<graphic mimeType="jpg" url="%C3%8DBR%2010%208vo/112/SECONDARY_DISPLAY" width="1076px" height="1680px"/>
			<graphic mimeType="pdf" url="%C3%8DBR%2010%208vo/112/WEB_DISPLAY"/>
		</surface>
		<surface xml:id="IBR08-0010-0053v" n="113">
			<desc>0053v</desc>
			<graphic mimeType="pdf" url="%C3%8DBR%2010%208vo/113/HIGH_QUALITY_DISPLAY"/>
			<graphic mimeType="jpg" url="%C3%8DBR%2010%208vo/113/THUMBNAIL" width="192px" height="300px"/>
			<graphic mimeType="jpg" url="%C3%8DBR%2010%208vo/113/SECONDARY_DISPLAY" width="1076px" height="1680px"/>
			<graphic mimeType="pdf" url="%C3%8DBR%2010%208vo/113/WEB_DISPLAY"/>
		</surface>
		<surface xml:id="IBR08-0010-0054r" n="114">
			<desc>0054r</desc>
			<graphic mimeType="pdf" url="%C3%8DBR%2010%208vo/114/HIGH_QUALITY_DISPLAY"/>
			<graphic mimeType="jpg" url="%C3%8DBR%2010%208vo/114/THUMBNAIL" width="192px" height="300px"/>
			<graphic mimeType="jpg" url="%C3%8DBR%2010%208vo/114/SECONDARY_DISPLAY" width="1076px" height="1680px"/>
			<graphic mimeType="pdf" url="%C3%8DBR%2010%208vo/114/WEB_DISPLAY"/>
		</surface>
		<surface xml:id="IBR08-0010-0054v" n="115">
			<desc>0054v</desc>
			<graphic mimeType="pdf" url="%C3%8DBR%2010%208vo/115/HIGH_QUALITY_DISPLAY"/>
			<graphic mimeType="jpg" url="%C3%8DBR%2010%208vo/115/THUMBNAIL" width="192px" height="300px"/>
			<graphic mimeType="jpg" url="%C3%8DBR%2010%208vo/115/SECONDARY_DISPLAY" width="1076px" height="1680px"/>
			<graphic mimeType="pdf" url="%C3%8DBR%2010%208vo/115/WEB_DISPLAY"/>
		</surface>
		<surface xml:id="IBR08-0010-0055r" n="116">
			<desc>0055r</desc>
			<graphic mimeType="pdf" url="%C3%8DBR%2010%208vo/116/HIGH_QUALITY_DISPLAY"/>
			<graphic mimeType="jpg" url="%C3%8DBR%2010%208vo/116/THUMBNAIL" width="192px" height="300px"/>
			<graphic mimeType="jpg" url="%C3%8DBR%2010%208vo/116/SECONDARY_DISPLAY" width="1076px" height="1680px"/>
			<graphic mimeType="pdf" url="%C3%8DBR%2010%208vo/116/WEB_DISPLAY"/>
		</surface>
		<surface xml:id="IBR08-0010-0055v" n="117">
			<desc>0055v</desc>
			<graphic mimeType="pdf" url="%C3%8DBR%2010%208vo/117/HIGH_QUALITY_DISPLAY"/>
			<graphic mimeType="jpg" url="%C3%8DBR%2010%208vo/117/THUMBNAIL" width="192px" height="300px"/>
			<graphic mimeType="jpg" url="%C3%8DBR%2010%208vo/117/SECONDARY_DISPLAY" width="1076px" height="1680px"/>
			<graphic mimeType="pdf" url="%C3%8DBR%2010%208vo/117/WEB_DISPLAY"/>
		</surface>
		<surface xml:id="IBR08-0010-0056r" n="118">
			<desc>0056r</desc>
			<graphic mimeType="pdf" url="%C3%8DBR%2010%208vo/118/HIGH_QUALITY_DISPLAY"/>
			<graphic mimeType="jpg" url="%C3%8DBR%2010%208vo/118/THUMBNAIL" width="192px" height="300px"/>
			<graphic mimeType="jpg" url="%C3%8DBR%2010%208vo/118/SECONDARY_DISPLAY" width="1076px" height="1680px"/>
			<graphic mimeType="pdf" url="%C3%8DBR%2010%208vo/118/WEB_DISPLAY"/>
		</surface>
		<surface xml:id="IBR08-0010-0056v" n="119">
			<desc>0056v</desc>
			<graphic mimeType="pdf" url="%C3%8DBR%2010%208vo/119/HIGH_QUALITY_DISPLAY"/>
			<graphic mimeType="jpg" url="%C3%8DBR%2010%208vo/119/THUMBNAIL" width="192px" height="300px"/>
			<graphic mimeType="jpg" url="%C3%8DBR%2010%208vo/119/SECONDARY_DISPLAY" width="1076px" height="1680px"/>
			<graphic mimeType="pdf" url="%C3%8DBR%2010%208vo/119/WEB_DISPLAY"/>
		</surface>
		<surface xml:id="IBR08-0010-0057r" n="120">
			<desc>0057r</desc>
			<graphic mimeType="pdf" url="%C3%8DBR%2010%208vo/120/HIGH_QUALITY_DISPLAY"/>
			<graphic mimeType="jpg" url="%C3%8DBR%2010%208vo/120/THUMBNAIL" width="192px" height="300px"/>
			<graphic mimeType="jpg" url="%C3%8DBR%2010%208vo/120/SECONDARY_DISPLAY" width="1076px" height="1680px"/>
			<graphic mimeType="pdf" url="%C3%8DBR%2010%208vo/120/WEB_DISPLAY"/>
		</surface>
		<surface xml:id="IBR08-0010-0057v" n="121">
			<desc>0057v</desc>
			<graphic mimeType="pdf" url="%C3%8DBR%2010%208vo/121/HIGH_QUALITY_DISPLAY"/>
			<graphic mimeType="jpg" url="%C3%8DBR%2010%208vo/121/THUMBNAIL" width="192px" height="300px"/>
			<graphic mimeType="jpg" url="%C3%8DBR%2010%208vo/121/SECONDARY_DISPLAY" width="1076px" height="1680px"/>
			<graphic mimeType="pdf" url="%C3%8DBR%2010%208vo/121/WEB_DISPLAY"/>
		</surface>
		<surface xml:id="IBR08-0010-0058r" n="122">
			<desc>0058r</desc>
			<graphic mimeType="pdf" url="%C3%8DBR%2010%208vo/122/HIGH_QUALITY_DISPLAY"/>
			<graphic mimeType="jpg" url="%C3%8DBR%2010%208vo/122/THUMBNAIL" width="192px" height="300px"/>
			<graphic mimeType="jpg" url="%C3%8DBR%2010%208vo/122/SECONDARY_DISPLAY" width="1076px" height="1680px"/>
			<graphic mimeType="pdf" url="%C3%8DBR%2010%208vo/122/WEB_DISPLAY"/>
		</surface>
		<surface xml:id="IBR08-0010-0058v" n="123">
			<desc>0058v</desc>
			<graphic mimeType="pdf" url="%C3%8DBR%2010%208vo/123/HIGH_QUALITY_DISPLAY"/>
			<graphic mimeType="jpg" url="%C3%8DBR%2010%208vo/123/THUMBNAIL" width="192px" height="300px"/>
			<graphic mimeType="jpg" url="%C3%8DBR%2010%208vo/123/SECONDARY_DISPLAY" width="1076px" height="1680px"/>
			<graphic mimeType="pdf" url="%C3%8DBR%2010%208vo/123/WEB_DISPLAY"/>
		</surface>
		<surface xml:id="IBR08-0010-0059r" n="124">
			<desc>0059r</desc>
			<graphic mimeType="pdf" url="%C3%8DBR%2010%208vo/124/HIGH_QUALITY_DISPLAY"/>
			<graphic mimeType="jpg" url="%C3%8DBR%2010%208vo/124/THUMBNAIL" width="192px" height="300px"/>
			<graphic mimeType="jpg" url="%C3%8DBR%2010%208vo/124/SECONDARY_DISPLAY" width="1076px" height="1680px"/>
			<graphic mimeType="pdf" url="%C3%8DBR%2010%208vo/124/WEB_DISPLAY"/>
		</surface>
		<surface xml:id="IBR08-0010-0059v" n="125">
			<desc>0059v</desc>
			<graphic mimeType="pdf" url="%C3%8DBR%2010%208vo/125/HIGH_QUALITY_DISPLAY"/>
			<graphic mimeType="jpg" url="%C3%8DBR%2010%208vo/125/THUMBNAIL" width="192px" height="300px"/>
			<graphic mimeType="jpg" url="%C3%8DBR%2010%208vo/125/SECONDARY_DISPLAY" width="1076px" height="1680px"/>
			<graphic mimeType="pdf" url="%C3%8DBR%2010%208vo/125/WEB_DISPLAY"/>
		</surface>
		<surface xml:id="IBR08-0010-9901r-RFl" n="126">
			<desc>9901r-RFl</desc>
			<graphic mimeType="pdf" url="%C3%8DBR%2010%208vo/126/HIGH_QUALITY_DISPLAY"/>
			<graphic mimeType="jpg" url="%C3%8DBR%2010%208vo/126/THUMBNAIL" width="192px" height="300px"/>
			<graphic mimeType="jpg" url="%C3%8DBR%2010%208vo/126/SECONDARY_DISPLAY" width="1076px" height="1680px"/>
			<graphic mimeType="pdf" url="%C3%8DBR%2010%208vo/126/WEB_DISPLAY"/>
		</surface>
		<surface xml:id="IBR08-0010-9901v-RFl" n="127">
			<desc>9901v-RFl</desc>
			<graphic mimeType="pdf" url="%C3%8DBR%2010%208vo/127/HIGH_QUALITY_DISPLAY"/>
			<graphic mimeType="jpg" url="%C3%8DBR%2010%208vo/127/THUMBNAIL" width="192px" height="300px"/>
			<graphic mimeType="jpg" url="%C3%8DBR%2010%208vo/127/SECONDARY_DISPLAY" width="1076px" height="1680px"/>
			<graphic mimeType="pdf" url="%C3%8DBR%2010%208vo/127/WEB_DISPLAY"/>
		</surface>
		<surface xml:id="IBR08-0010-9902r-RFl" n="128">
			<desc>9902r-RFl</desc>
			<graphic mimeType="pdf" url="%C3%8DBR%2010%208vo/128/HIGH_QUALITY_DISPLAY"/>
			<graphic mimeType="jpg" url="%C3%8DBR%2010%208vo/128/THUMBNAIL" width="192px" height="300px"/>
			<graphic mimeType="jpg" url="%C3%8DBR%2010%208vo/128/SECONDARY_DISPLAY" width="1076px" height="1680px"/>
			<graphic mimeType="pdf" url="%C3%8DBR%2010%208vo/128/WEB_DISPLAY"/>
		</surface>
		<surface xml:id="IBR08-0010-9902v-RFl" n="129">
			<desc>9902v-RFl</desc>
			<graphic mimeType="pdf" url="%C3%8DBR%2010%208vo/129/HIGH_QUALITY_DISPLAY"/>
			<graphic mimeType="jpg" url="%C3%8DBR%2010%208vo/129/THUMBNAIL" width="192px" height="300px"/>
			<graphic mimeType="jpg" url="%C3%8DBR%2010%208vo/129/SECONDARY_DISPLAY" width="1082px" height="1695px"/>
			<graphic mimeType="pdf" url="%C3%8DBR%2010%208vo/129/WEB_DISPLAY"/>
		</surface>
		<surface xml:id="IBR08-0010-9999r-RB" n="130">
			<desc>9999r-RB</desc>
			<graphic mimeType="pdf" url="%C3%8DBR%2010%208vo/130/HIGH_QUALITY_DISPLAY"/>
			<graphic mimeType="jpg" url="%C3%8DBR%2010%208vo/130/THUMBNAIL" width="192px" height="300px"/>
			<graphic mimeType="jpg" url="%C3%8DBR%2010%208vo/130/SECONDARY_DISPLAY" width="1083px" height="1695px"/>
			<graphic mimeType="pdf" url="%C3%8DBR%2010%208vo/130/WEB_DISPLAY"/>
		</surface>
		<surface xml:id="IBR08-0010-9999v-RB" n="131">
			<desc>9999v-RB</desc>
			<graphic mimeType="pdf" url="%C3%8DBR%2010%208vo/131/HIGH_QUALITY_DISPLAY"/>
			<graphic mimeType="jpg" url="%C3%8DBR%2010%208vo/131/THUMBNAIL" width="200px" height="300px"/>
			<graphic mimeType="jpg" url="%C3%8DBR%2010%208vo/131/SECONDARY_DISPLAY" width="1197px" height="1798px"/>
			<graphic mimeType="pdf" url="%C3%8DBR%2010%208vo/131/WEB_DISPLAY"/>
		</surface>
		<surface xml:id="IBR08-0010-Spine" n="132">
			<desc>Spine</desc>
			<graphic mimeType="pdf" url="%C3%8DBR%2010%208vo/132/HIGH_QUALITY_DISPLAY"/>
			<graphic mimeType="jpg" url="%C3%8DBR%2010%208vo/132/THUMBNAIL" width="68px" height="300px"/>
			<graphic mimeType="jpg" url="%C3%8DBR%2010%208vo/132/SECONDARY_DISPLAY" width="428px" height="1900px"/>
			<graphic mimeType="pdf" url="%C3%8DBR%2010%208vo/132/WEB_DISPLAY"/>
		</surface>
		<surface xml:id="IBR08-0010-Fore-Edge" n="133">
			<desc>Fore-Edge</desc>
			<graphic mimeType="pdf" url="%C3%8DBR%2010%208vo/133/HIGH_QUALITY_DISPLAY"/>
			<graphic mimeType="jpg" url="%C3%8DBR%2010%208vo/133/THUMBNAIL" width="74px" height="300px"/>
			<graphic mimeType="jpg" url="%C3%8DBR%2010%208vo/133/SECONDARY_DISPLAY" width="452px" height="1836px"/>
			<graphic mimeType="pdf" url="%C3%8DBR%2010%208vo/133/WEB_DISPLAY"/>
		</surface>
		<surface xml:id="IBR08-0010-Head-Edge" n="134">
			<desc>Head-Edge</desc>
			<graphic mimeType="pdf" url="%C3%8DBR%2010%208vo/134/HIGH_QUALITY_DISPLAY"/>
			<graphic mimeType="jpg" url="%C3%8DBR%2010%208vo/134/THUMBNAIL" width="200px" height="71px"/>
			<graphic mimeType="jpg" url="%C3%8DBR%2010%208vo/134/SECONDARY_DISPLAY" width="1163px" height="413px"/>
			<graphic mimeType="pdf" url="%C3%8DBR%2010%208vo/134/WEB_DISPLAY"/>
		</surface>
		<surface xml:id="IBR08-0010-Tail-Edge" n="135">
			<desc>Tail-Edge</desc>
			<graphic mimeType="pdf" url="%C3%8DBR%2010%208vo/135/HIGH_QUALITY_DISPLAY"/>
			<graphic mimeType="jpg" url="%C3%8DBR%2010%208vo/135/THUMBNAIL" width="200px" height="60px"/>
			<graphic mimeType="jpg" url="%C3%8DBR%2010%208vo/135/SECONDARY_DISPLAY" width="1183px" height="353px"/>
			<graphic mimeType="pdf" url="%C3%8DBR%2010%208vo/135/WEB_DISPLAY"/>
		</surface>
		<surface xml:id="IBR08-0010-Scale" n="136">
			<desc>Scale</desc>
			<graphic mimeType="pdf" url="%C3%8DBR%2010%208vo/136/HIGH_QUALITY_DISPLAY"/>
			<graphic mimeType="jpg" url="%C3%8DBR%2010%208vo/136/THUMBNAIL" width="167px" height="300px"/>
			<graphic mimeType="jpg" url="%C3%8DBR%2010%208vo/136/SECONDARY_DISPLAY" width="909px" height="1629px"/>
			<graphic mimeType="pdf" url="%C3%8DBR%2010%208vo/136/WEB_DISPLAY"/>
		</surface>
		<surface xml:id="IBR08-0010-ccp" n="137">
			<desc>ccp</desc>
			<graphic mimeType="pdf" url="%C3%8DBR%2010%208vo/137/HIGH_QUALITY_DISPLAY"/>
			<graphic mimeType="jpg" url="%C3%8DBR%2010%208vo/137/THUMBNAIL" width="200px" height="199px"/>
			<graphic mimeType="jpg" url="%C3%8DBR%2010%208vo/137/SECONDARY_DISPLAY" width="3360px" height="3343px"/>
			<graphic mimeType="pdf" url="%C3%8DBR%2010%208vo/137/WEB_DISPLAY"/>
		</surface>
	</facsimile>
</TEI>