<?xml version="1.0" encoding="UTF-8"?>
<?oxygen RNGSchema="http://www.handrit.is/schema/handrit-1.0.rnc" type="compact"?>
<TEI xmlns="http://www.tei-c.org/ns/1.0">
	<teiHeader>
		<fileDesc>
			<titleStmt>
				<title type="main">ÍBR 9 4to</title>
				<title type="subordinate"/>
			</titleStmt>
			<publicationStmt>
				<authority>Landsbókasafn Íslands - Háskólabókasafn</authority>
				<pubPlace>Reykjavík</pubPlace>
				<date when="2009-10-01">12. janúar 2010</date>
				<availability status="restricted">
					<p>Aðgangur aðeins mögulegur í fræðilegum tilgangi.</p>
				</availability>
			</publicationStmt>
			<sourceDesc>
				<msDesc xml:id="IBR04-0009-is" xml:lang="is">
					<msIdentifier>
						<country key="IS">Ísland</country>
						<settlement>Reykjavík</settlement>
						<institution>Landsbókasafn Íslands - Háskólabókasafn</institution>
						<repository>Handritasafn</repository>
						<collection>Handritasafn Reykjavíkurdeildar Hins íslenska bókmenntafélags</collection>
						<idno>ÍBR 9 4to</idno>
						<altIdentifier type="internal" subtype="PEO">
							<idno>7671</idno>
						</altIdentifier>
						<altIdentifier type="former">
							<idno>ÍBR A. 15.</idno>
						</altIdentifier>
					</msIdentifier>

					<msContents>

						<summary>
							<title type="supplied">Sögubók</title>
						</summary>

						<textLang mainLang="is">Íslenska</textLang>

						<titlePage type="ms">
							<docTitle>
								<titlePart type="main">Nokkrir fornir söguþættir.</titlePart>
								<titlePart type="sub"> Ritaðir að Starrastöðum árið MDCCCXVI.
									(fremra saurblað <locus from="0002r-FFl" facs="#IBR04-0009-0002r-FFl" to="0002r-FFl">2r</locus>)</titlePart>
							</docTitle>
						</titlePage>

						<msItem n="1" defective="false" class="bokms kon">
							<locus from="1r" facs="#IBR04-0009-0001r" to="8v">1r-8v</locus>
							<title type="supplied">Skáld Haralds hárfagra</title>
							<rubric>Skálda sagan Haralds konungs hárfagra</rubric>
						</msItem>

						<msItem n="2" defective="false" class="forns">
							<locus from="9r" facs="#IBR04-0009-0009r" to="27v">9r-27v</locus>
							<title type="uniform">Þorsteins saga Geirnefjufóstra</title>
							<rubric>Sagan af Þorsteini Geirnefjufóstra</rubric>
							<finalRubric>Og lýkur hér sögu Þorsteins Geirnefjufóstra.</finalRubric>
						</msItem>

						<msItem n="3" defective="false" class="konth">
							<locus from="28r" facs="#IBR04-0009-0028r" to="29v">28r-29v</locus>
							<title type="uniform">Sigurðar þáttur slefu</title>
							<rubric>Þáttur frá Sigurði konungi slefu syni Gunnhildar</rubric>
							<finalRubric>Og lýkur hér þætti Sigurðar konungs slefu.</finalRubric>
						</msItem>

						<msItem n="4" defective="false" class="fas">
							<locus from="30r" facs="#IBR04-0009-0030r" to="38v">30r-38v</locus>
							<title type="uniform">Hálfs saga og Hálfsrekka</title>
							<rubric>Sagan af Hálfi konungi og rekkum hans</rubric>
							<finalRubric>Og lýkur hér sögu af Hálfi konungi og rekkum hans.</finalRubric>
							<bibl><ref type="secondary-3" target="Rit20">Hálfs saga ok
								Hálfsrekka</ref> 1981, <biblScope type="pages">49</biblScope>.</bibl>
						</msItem>

						<msItem n="5" defective="true" class="konth">
							<locus from="39r" facs="#IBR04-0009-0039r" to="43v">39r-43v</locus>
							<title type="uniform">Hauks þáttur hábrókar</title>
							<rubric>Sagan af Hauki hábrók</rubric>
							<finalRubric>Og lýkur þar söguþátt af Hauki hábrók og
							Vígharði.</finalRubric>
						</msItem>

						<msItem n="6" defective="true" class="konth">
							<locus from="43v" facs="#IBR04-0009-0043v" to="44v">43v-44v</locus>
							<title type="uniform">Styrbjarnar þáttur Svíakappa</title>
							<rubric>Söguþáttur af Styrbirni Svíakappa</rubric>
							<explicit defective="true">… og kvæði á hvað vopna eða herklæði hvör
								bóndi … </explicit>
							<note>Óheil, vantar aftan af.</note>
						</msItem>
					</msContents>

					<physDesc>
						<objectDesc form="codex">
							<supportDesc material="chart">
								<support>
									<p>Pappír.</p>
									<!-- Rannver greinir pappír. -->
									<p>
										<watermark>Vatnsmerki.</watermark>
										<!-- Rannver athugar hvort vatnsmerki. -->
									</p>
								</support>

								<extent>ii + 44 + i blað (<dimensions scope="all" type="leaf" unit="mm">
										<height>202</height>
										<width>161</width>
									</dimensions>). </extent>

								<foliation>
									<p>Gömul blaðsíðumerking: 1-88 (1r-44v)</p>
								</foliation>

								<condition>Vantar líklega tvö blöð á eftir blaði 44v.</condition>
							</supportDesc>

							<layoutDesc>
								<layout columns="1 3" writtenLines="27 29">
									<p>Einn dálkur.</p>
									<p>Þrídálka að hluta.</p>
									<p>Leturflötur er <dimensions type="written" scope="all" unit="mm">
											<height scope="range">170</height>
											<width scope="range">132</width>
										</dimensions>.</p>
								</layout>
							</layoutDesc>
						</objectDesc>

						<handDesc hands="1">
							<summary>Tvær hendur ; Skrifarar:</summary>
							<handNote scope="minor" script="other">I. Óþekktur skrifari (1r-8v)</handNote>
							<handNote scope="major" script="other" scribe="EinBja003">
								<locus/>II. <name type="person" key="EinBja003">Einar
								Bjarnason</name> (9r-44v)</handNote>
						</handDesc>

						<decoDesc>
							<decoNote type="initial"> Skreyttur stækkaður litaður upphafsstafur,
								litur rauður: <locus from="28r" facs="#IBR04-0009-0028r" to="28r">28r.</locus>
								<locus from="39r" facs="#IBR04-0009-0039r" to="39r"/></decoNote>
							<decoNote type="paratext">Skreytt stækkuð lituð fyrirsögn, litur rauður:
									<locus from="30r" facs="#IBR04-0009-0030r" to="30r">30r</locus> og
									<locus from="39r" facs="#IBR04-0009-0039r" to="39r">39r</locus>.</decoNote>
							<decoNote type="secondary" subtype="initial">Upphafsstafir, einkum í
								upphafi sagna, oft stórir og ögn skreyttir.</decoNote>
							<decoNote type="secondary" subtype="display-script">Letur víða skreytt
								eða frábrugðið letri í megintexta að gerð og stærð í titlum,
								fyrirsögnum og upphöfum til að draga fram skil í
							textanum.</decoNote>
						</decoDesc>

						<additions>
							<p>Á fremra saurblaði <locus from="0002v-FFl" facs="#IBR04-0009-0002v-FFl" to="0002v-FFl">2v</locus>
								er efnisyfirlit með hendi <name type="person" key="PalPal003">Páls
									Pálssonar</name> stúdents.</p>
							<p>Lítils háttar spássíuathugasemdir á fáeinum stöðum.</p>
						</additions>

						<bindingDesc>
							<p>Skinnband, þrykkt og með upphleyptum kili.</p>
							<p>Aftara saurblað og aftara spjaldblað eru sendibréf.</p>
						</bindingDesc>
					</physDesc>

					<history>
						<origin>
							<origPlace key="is">Ísland</origPlace>
							<origDate cert="high" when="1816">1816</origDate>
						</origin>

						<provenance>
							<p><name type="person" key="GudEin005">Guðmundur Einarsson</name>
								sýsluskrifari gaf Reykjavíkurdeild Hins íslenska bókmenntafélags
									<date when="1865">1865</date>.</p>
							<p>Áður ÍBR. A. 15.</p>
						</provenance>
						<acquisition>
							<p>Landsbókasafn keypti handritasafn Reykjavíkurdeildar Hins íslenska
								bókmenntafélags <date when="1901">1901</date>.</p>
						</acquisition>
					</history>

					<additional>
						<adminInfo>
							<recordHist>
								<source>
									<name type="person" key="EirTho003">Eiríkur Þormóðsson</name>
									lagfærði <date when="2010-03-10">10. mars 2010</date> ;
									<name type="person" key="OrnHra001">Örn Hrafnkelsson</name>
									frumskráði fyrir myndvinnslu, <date when="2010-01-12">12. janúar
										2010</date> ; Handritaskrá, 3. b.</source>
							</recordHist>
						</adminInfo>
						<listBibl>
							<bibl><ref type="secondary-3" target="BiblArn24">The manuscripts of
									Hrólfs saga kraka</ref> 1960, <biblScope type="pages">84-85</biblScope>.</bibl>
						</listBibl>
					</additional>
				</msDesc>
			</sourceDesc>
		</fileDesc>
	</teiHeader>
	<facsimile xml:base="https://myndir.handrit.is/file/Handrit.is/">
		<surface xml:id="IBR04-0009-0000r-FB" n="0">
			<desc>0000r-FB</desc>
			<graphic mimeType="pdf" url="%C3%8DBR%209%204to/0/HIGH_QUALITY_DISPLAY"/>
			<graphic mimeType="jpg" url="%C3%8DBR%209%204to/0/THUMBNAIL" width="200px" height="235px"/>
			<graphic mimeType="jpg" url="%C3%8DBR%209%204to/0/SECONDARY_DISPLAY" width="2244px" height="2632px"/>
			<graphic mimeType="pdf" url="%C3%8DBR%209%204to/0/WEB_DISPLAY"/>
		</surface>
		<surface xml:id="IBR04-0009-0000v-FB" n="1">
			<desc>0000v-FB</desc>
			<graphic mimeType="pdf" url="%C3%8DBR%209%204to/1/HIGH_QUALITY_DISPLAY"/>
			<graphic mimeType="jpg" url="%C3%8DBR%209%204to/1/THUMBNAIL" width="200px" height="244px"/>
			<graphic mimeType="jpg" url="%C3%8DBR%209%204to/1/SECONDARY_DISPLAY" width="2139px" height="2606px"/>
			<graphic mimeType="pdf" url="%C3%8DBR%209%204to/1/WEB_DISPLAY"/>
		</surface>
		<surface xml:id="IBR04-0009-0001r-FFl" n="2">
			<desc>0001r-FFl</desc>
			<graphic mimeType="pdf" url="%C3%8DBR%209%204to/2/HIGH_QUALITY_DISPLAY"/>
			<graphic mimeType="jpg" url="%C3%8DBR%209%204to/2/THUMBNAIL" width="200px" height="247px"/>
			<graphic mimeType="jpg" url="%C3%8DBR%209%204to/2/SECONDARY_DISPLAY" width="2112px" height="2606px"/>
			<graphic mimeType="pdf" url="%C3%8DBR%209%204to/2/WEB_DISPLAY"/>
		</surface>
		<surface xml:id="IBR04-0009-0001v-FFl" n="3">
			<desc>0001v-FFl</desc>
			<graphic mimeType="pdf" url="%C3%8DBR%209%204to/3/HIGH_QUALITY_DISPLAY"/>
			<graphic mimeType="jpg" url="%C3%8DBR%209%204to/3/THUMBNAIL" width="200px" height="247px"/>
			<graphic mimeType="jpg" url="%C3%8DBR%209%204to/3/SECONDARY_DISPLAY" width="2063px" height="2550px"/>
			<graphic mimeType="pdf" url="%C3%8DBR%209%204to/3/WEB_DISPLAY"/>
		</surface>
		<surface xml:id="IBR04-0009-0002r-FFl" n="4">
			<desc>0002r-FFl</desc>
			<graphic mimeType="pdf" url="%C3%8DBR%209%204to/4/HIGH_QUALITY_DISPLAY"/>
			<graphic mimeType="jpg" url="%C3%8DBR%209%204to/4/THUMBNAIL" width="200px" height="247px"/>
			<graphic mimeType="jpg" url="%C3%8DBR%209%204to/4/SECONDARY_DISPLAY" width="2064px" height="2550px"/>
			<graphic mimeType="pdf" url="%C3%8DBR%209%204to/4/WEB_DISPLAY"/>
		</surface>
		<surface xml:id="IBR04-0009-0002v-FFl" n="5">
			<desc>0002v-FFl</desc>
			<graphic mimeType="pdf" url="%C3%8DBR%209%204to/5/HIGH_QUALITY_DISPLAY"/>
			<graphic mimeType="jpg" url="%C3%8DBR%209%204to/5/THUMBNAIL" width="200px" height="243px"/>
			<graphic mimeType="jpg" url="%C3%8DBR%209%204to/5/SECONDARY_DISPLAY" width="2096px" height="2552px"/>
			<graphic mimeType="pdf" url="%C3%8DBR%209%204to/5/WEB_DISPLAY"/>
		</surface>
		<surface xml:id="IBR04-0009-0001r" n="6">
			<desc>0001r</desc>
			<graphic mimeType="pdf" url="%C3%8DBR%209%204to/6/HIGH_QUALITY_DISPLAY"/>
			<graphic mimeType="jpg" url="%C3%8DBR%209%204to/6/THUMBNAIL" width="200px" height="243px"/>
			<graphic mimeType="jpg" url="%C3%8DBR%209%204to/6/SECONDARY_DISPLAY" width="2096px" height="2552px"/>
			<graphic mimeType="pdf" url="%C3%8DBR%209%204to/6/WEB_DISPLAY"/>
		</surface>
		<surface xml:id="IBR04-0009-0001v" n="7">
			<desc>0001v</desc>
			<graphic mimeType="pdf" url="%C3%8DBR%209%204to/7/HIGH_QUALITY_DISPLAY"/>
			<graphic mimeType="jpg" url="%C3%8DBR%209%204to/7/THUMBNAIL" width="200px" height="249px"/>
			<graphic mimeType="jpg" url="%C3%8DBR%209%204to/7/SECONDARY_DISPLAY" width="2082px" height="2592px"/>
			<graphic mimeType="pdf" url="%C3%8DBR%209%204to/7/WEB_DISPLAY"/>
		</surface>
		<surface xml:id="IBR04-0009-0002r" n="8">
			<desc>0002r</desc>
			<graphic mimeType="pdf" url="%C3%8DBR%209%204to/8/HIGH_QUALITY_DISPLAY"/>
			<graphic mimeType="jpg" url="%C3%8DBR%209%204to/8/THUMBNAIL" width="200px" height="249px"/>
			<graphic mimeType="jpg" url="%C3%8DBR%209%204to/8/SECONDARY_DISPLAY" width="2082px" height="2592px"/>
			<graphic mimeType="pdf" url="%C3%8DBR%209%204to/8/WEB_DISPLAY"/>
		</surface>
		<surface xml:id="IBR04-0009-0002v" n="9">
			<desc>0002v</desc>
			<graphic mimeType="pdf" url="%C3%8DBR%209%204to/9/HIGH_QUALITY_DISPLAY"/>
			<graphic mimeType="jpg" url="%C3%8DBR%209%204to/9/THUMBNAIL" width="200px" height="249px"/>
			<graphic mimeType="jpg" url="%C3%8DBR%209%204to/9/SECONDARY_DISPLAY" width="2082px" height="2592px"/>
			<graphic mimeType="pdf" url="%C3%8DBR%209%204to/9/WEB_DISPLAY"/>
		</surface>
		<surface xml:id="IBR04-0009-0003r" n="10">
			<desc>0003r</desc>
			<graphic mimeType="pdf" url="%C3%8DBR%209%204to/10/HIGH_QUALITY_DISPLAY"/>
			<graphic mimeType="jpg" url="%C3%8DBR%209%204to/10/THUMBNAIL" width="200px" height="249px"/>
			<graphic mimeType="jpg" url="%C3%8DBR%209%204to/10/SECONDARY_DISPLAY" width="2082px" height="2592px"/>
			<graphic mimeType="pdf" url="%C3%8DBR%209%204to/10/WEB_DISPLAY"/>
		</surface>
		<surface xml:id="IBR04-0009-0003v" n="11">
			<desc>0003v</desc>
			<graphic mimeType="pdf" url="%C3%8DBR%209%204to/11/HIGH_QUALITY_DISPLAY"/>
			<graphic mimeType="jpg" url="%C3%8DBR%209%204to/11/THUMBNAIL" width="200px" height="249px"/>
			<graphic mimeType="jpg" url="%C3%8DBR%209%204to/11/SECONDARY_DISPLAY" width="2082px" height="2592px"/>
			<graphic mimeType="pdf" url="%C3%8DBR%209%204to/11/WEB_DISPLAY"/>
		</surface>
		<surface xml:id="IBR04-0009-0004r" n="12">
			<desc>0004r</desc>
			<graphic mimeType="pdf" url="%C3%8DBR%209%204to/12/HIGH_QUALITY_DISPLAY"/>
			<graphic mimeType="jpg" url="%C3%8DBR%209%204to/12/THUMBNAIL" width="200px" height="249px"/>
			<graphic mimeType="jpg" url="%C3%8DBR%209%204to/12/SECONDARY_DISPLAY" width="2082px" height="2592px"/>
			<graphic mimeType="pdf" url="%C3%8DBR%209%204to/12/WEB_DISPLAY"/>
		</surface>
		<surface xml:id="IBR04-0009-0004v" n="13">
			<desc>0004v</desc>
			<graphic mimeType="pdf" url="%C3%8DBR%209%204to/13/HIGH_QUALITY_DISPLAY"/>
			<graphic mimeType="jpg" url="%C3%8DBR%209%204to/13/THUMBNAIL" width="200px" height="249px"/>
			<graphic mimeType="jpg" url="%C3%8DBR%209%204to/13/SECONDARY_DISPLAY" width="2082px" height="2592px"/>
			<graphic mimeType="pdf" url="%C3%8DBR%209%204to/13/WEB_DISPLAY"/>
		</surface>
		<surface xml:id="IBR04-0009-0005r" n="14">
			<desc>0005r</desc>
			<graphic mimeType="pdf" url="%C3%8DBR%209%204to/14/HIGH_QUALITY_DISPLAY"/>
			<graphic mimeType="jpg" url="%C3%8DBR%209%204to/14/THUMBNAIL" width="200px" height="249px"/>
			<graphic mimeType="jpg" url="%C3%8DBR%209%204to/14/SECONDARY_DISPLAY" width="2082px" height="2592px"/>
			<graphic mimeType="pdf" url="%C3%8DBR%209%204to/14/WEB_DISPLAY"/>
		</surface>
		<surface xml:id="IBR04-0009-0005v" n="15">
			<desc>0005v</desc>
			<graphic mimeType="pdf" url="%C3%8DBR%209%204to/15/HIGH_QUALITY_DISPLAY"/>
			<graphic mimeType="jpg" url="%C3%8DBR%209%204to/15/THUMBNAIL" width="200px" height="249px"/>
			<graphic mimeType="jpg" url="%C3%8DBR%209%204to/15/SECONDARY_DISPLAY" width="2082px" height="2592px"/>
			<graphic mimeType="pdf" url="%C3%8DBR%209%204to/15/WEB_DISPLAY"/>
		</surface>
		<surface xml:id="IBR04-0009-0006r" n="16">
			<desc>0006r</desc>
			<graphic mimeType="pdf" url="%C3%8DBR%209%204to/16/HIGH_QUALITY_DISPLAY"/>
			<graphic mimeType="jpg" url="%C3%8DBR%209%204to/16/THUMBNAIL" width="200px" height="249px"/>
			<graphic mimeType="jpg" url="%C3%8DBR%209%204to/16/SECONDARY_DISPLAY" width="2082px" height="2592px"/>
			<graphic mimeType="pdf" url="%C3%8DBR%209%204to/16/WEB_DISPLAY"/>
		</surface>
		<surface xml:id="IBR04-0009-0006v" n="17">
			<desc>0006v</desc>
			<graphic mimeType="pdf" url="%C3%8DBR%209%204to/17/HIGH_QUALITY_DISPLAY"/>
			<graphic mimeType="jpg" url="%C3%8DBR%209%204to/17/THUMBNAIL" width="200px" height="249px"/>
			<graphic mimeType="jpg" url="%C3%8DBR%209%204to/17/SECONDARY_DISPLAY" width="2082px" height="2592px"/>
			<graphic mimeType="pdf" url="%C3%8DBR%209%204to/17/WEB_DISPLAY"/>
		</surface>
		<surface xml:id="IBR04-0009-0007r" n="18">
			<desc>0007r</desc>
			<graphic mimeType="pdf" url="%C3%8DBR%209%204to/18/HIGH_QUALITY_DISPLAY"/>
			<graphic mimeType="jpg" url="%C3%8DBR%209%204to/18/THUMBNAIL" width="200px" height="249px"/>
			<graphic mimeType="jpg" url="%C3%8DBR%209%204to/18/SECONDARY_DISPLAY" width="2082px" height="2592px"/>
			<graphic mimeType="pdf" url="%C3%8DBR%209%204to/18/WEB_DISPLAY"/>
		</surface>
		<surface xml:id="IBR04-0009-0007v" n="19">
			<desc>0007v</desc>
			<graphic mimeType="pdf" url="%C3%8DBR%209%204to/19/HIGH_QUALITY_DISPLAY"/>
			<graphic mimeType="jpg" url="%C3%8DBR%209%204to/19/THUMBNAIL" width="200px" height="249px"/>
			<graphic mimeType="jpg" url="%C3%8DBR%209%204to/19/SECONDARY_DISPLAY" width="2082px" height="2592px"/>
			<graphic mimeType="pdf" url="%C3%8DBR%209%204to/19/WEB_DISPLAY"/>
		</surface>
		<surface xml:id="IBR04-0009-0008r" n="20">
			<desc>0008r</desc>
			<graphic mimeType="pdf" url="%C3%8DBR%209%204to/20/HIGH_QUALITY_DISPLAY"/>
			<graphic mimeType="jpg" url="%C3%8DBR%209%204to/20/THUMBNAIL" width="200px" height="249px"/>
			<graphic mimeType="jpg" url="%C3%8DBR%209%204to/20/SECONDARY_DISPLAY" width="2082px" height="2592px"/>
			<graphic mimeType="pdf" url="%C3%8DBR%209%204to/20/WEB_DISPLAY"/>
		</surface>
		<surface xml:id="IBR04-0009-0008v" n="21">
			<desc>0008v</desc>
			<graphic mimeType="pdf" url="%C3%8DBR%209%204to/21/HIGH_QUALITY_DISPLAY"/>
			<graphic mimeType="jpg" url="%C3%8DBR%209%204to/21/THUMBNAIL" width="200px" height="249px"/>
			<graphic mimeType="jpg" url="%C3%8DBR%209%204to/21/SECONDARY_DISPLAY" width="2082px" height="2592px"/>
			<graphic mimeType="pdf" url="%C3%8DBR%209%204to/21/WEB_DISPLAY"/>
		</surface>
		<surface xml:id="IBR04-0009-0009r" n="22">
			<desc>0009r</desc>
			<graphic mimeType="pdf" url="%C3%8DBR%209%204to/22/HIGH_QUALITY_DISPLAY"/>
			<graphic mimeType="jpg" url="%C3%8DBR%209%204to/22/THUMBNAIL" width="200px" height="249px"/>
			<graphic mimeType="jpg" url="%C3%8DBR%209%204to/22/SECONDARY_DISPLAY" width="2082px" height="2592px"/>
			<graphic mimeType="pdf" url="%C3%8DBR%209%204to/22/WEB_DISPLAY"/>
		</surface>
		<surface xml:id="IBR04-0009-0009v" n="23">
			<desc>0009v</desc>
			<graphic mimeType="pdf" url="%C3%8DBR%209%204to/23/HIGH_QUALITY_DISPLAY"/>
			<graphic mimeType="jpg" url="%C3%8DBR%209%204to/23/THUMBNAIL" width="200px" height="249px"/>
			<graphic mimeType="jpg" url="%C3%8DBR%209%204to/23/SECONDARY_DISPLAY" width="2082px" height="2592px"/>
			<graphic mimeType="pdf" url="%C3%8DBR%209%204to/23/WEB_DISPLAY"/>
		</surface>
		<surface xml:id="IBR04-0009-0010r" n="24">
			<desc>0010r</desc>
			<graphic mimeType="pdf" url="%C3%8DBR%209%204to/24/HIGH_QUALITY_DISPLAY"/>
			<graphic mimeType="jpg" url="%C3%8DBR%209%204to/24/THUMBNAIL" width="200px" height="249px"/>
			<graphic mimeType="jpg" url="%C3%8DBR%209%204to/24/SECONDARY_DISPLAY" width="2082px" height="2592px"/>
			<graphic mimeType="pdf" url="%C3%8DBR%209%204to/24/WEB_DISPLAY"/>
		</surface>
		<surface xml:id="IBR04-0009-0010v" n="25">
			<desc>0010v</desc>
			<graphic mimeType="pdf" url="%C3%8DBR%209%204to/25/HIGH_QUALITY_DISPLAY"/>
			<graphic mimeType="jpg" url="%C3%8DBR%209%204to/25/THUMBNAIL" width="200px" height="249px"/>
			<graphic mimeType="jpg" url="%C3%8DBR%209%204to/25/SECONDARY_DISPLAY" width="2082px" height="2592px"/>
			<graphic mimeType="pdf" url="%C3%8DBR%209%204to/25/WEB_DISPLAY"/>
		</surface>
		<surface xml:id="IBR04-0009-0011r" n="26">
			<desc>0011r</desc>
			<graphic mimeType="pdf" url="%C3%8DBR%209%204to/26/HIGH_QUALITY_DISPLAY"/>
			<graphic mimeType="jpg" url="%C3%8DBR%209%204to/26/THUMBNAIL" width="200px" height="249px"/>
			<graphic mimeType="jpg" url="%C3%8DBR%209%204to/26/SECONDARY_DISPLAY" width="2082px" height="2592px"/>
			<graphic mimeType="pdf" url="%C3%8DBR%209%204to/26/WEB_DISPLAY"/>
		</surface>
		<surface xml:id="IBR04-0009-0011v" n="27">
			<desc>0011v</desc>
			<graphic mimeType="pdf" url="%C3%8DBR%209%204to/27/HIGH_QUALITY_DISPLAY"/>
			<graphic mimeType="jpg" url="%C3%8DBR%209%204to/27/THUMBNAIL" width="200px" height="249px"/>
			<graphic mimeType="jpg" url="%C3%8DBR%209%204to/27/SECONDARY_DISPLAY" width="2082px" height="2592px"/>
			<graphic mimeType="pdf" url="%C3%8DBR%209%204to/27/WEB_DISPLAY"/>
		</surface>
		<surface xml:id="IBR04-0009-0012r" n="28">
			<desc>0012r</desc>
			<graphic mimeType="pdf" url="%C3%8DBR%209%204to/28/HIGH_QUALITY_DISPLAY"/>
			<graphic mimeType="jpg" url="%C3%8DBR%209%204to/28/THUMBNAIL" width="200px" height="249px"/>
			<graphic mimeType="jpg" url="%C3%8DBR%209%204to/28/SECONDARY_DISPLAY" width="2082px" height="2592px"/>
			<graphic mimeType="pdf" url="%C3%8DBR%209%204to/28/WEB_DISPLAY"/>
		</surface>
		<surface xml:id="IBR04-0009-0012v" n="29">
			<desc>0012v</desc>
			<graphic mimeType="pdf" url="%C3%8DBR%209%204to/29/HIGH_QUALITY_DISPLAY"/>
			<graphic mimeType="jpg" url="%C3%8DBR%209%204to/29/THUMBNAIL" width="200px" height="249px"/>
			<graphic mimeType="jpg" url="%C3%8DBR%209%204to/29/SECONDARY_DISPLAY" width="2082px" height="2592px"/>
			<graphic mimeType="pdf" url="%C3%8DBR%209%204to/29/WEB_DISPLAY"/>
		</surface>
		<surface xml:id="IBR04-0009-0013r" n="30">
			<desc>0013r</desc>
			<graphic mimeType="pdf" url="%C3%8DBR%209%204to/30/HIGH_QUALITY_DISPLAY"/>
			<graphic mimeType="jpg" url="%C3%8DBR%209%204to/30/THUMBNAIL" width="200px" height="249px"/>
			<graphic mimeType="jpg" url="%C3%8DBR%209%204to/30/SECONDARY_DISPLAY" width="2082px" height="2592px"/>
			<graphic mimeType="pdf" url="%C3%8DBR%209%204to/30/WEB_DISPLAY"/>
		</surface>
		<surface xml:id="IBR04-0009-0013v" n="31">
			<desc>0013v</desc>
			<graphic mimeType="pdf" url="%C3%8DBR%209%204to/31/HIGH_QUALITY_DISPLAY"/>
			<graphic mimeType="jpg" url="%C3%8DBR%209%204to/31/THUMBNAIL" width="200px" height="249px"/>
			<graphic mimeType="jpg" url="%C3%8DBR%209%204to/31/SECONDARY_DISPLAY" width="2082px" height="2592px"/>
			<graphic mimeType="pdf" url="%C3%8DBR%209%204to/31/WEB_DISPLAY"/>
		</surface>
		<surface xml:id="IBR04-0009-0014r" n="32">
			<desc>0014r</desc>
			<graphic mimeType="pdf" url="%C3%8DBR%209%204to/32/HIGH_QUALITY_DISPLAY"/>
			<graphic mimeType="jpg" url="%C3%8DBR%209%204to/32/THUMBNAIL" width="200px" height="249px"/>
			<graphic mimeType="jpg" url="%C3%8DBR%209%204to/32/SECONDARY_DISPLAY" width="2082px" height="2592px"/>
			<graphic mimeType="pdf" url="%C3%8DBR%209%204to/32/WEB_DISPLAY"/>
		</surface>
		<surface xml:id="IBR04-0009-0014v" n="33">
			<desc>0014v</desc>
			<graphic mimeType="pdf" url="%C3%8DBR%209%204to/33/HIGH_QUALITY_DISPLAY"/>
			<graphic mimeType="jpg" url="%C3%8DBR%209%204to/33/THUMBNAIL" width="200px" height="249px"/>
			<graphic mimeType="jpg" url="%C3%8DBR%209%204to/33/SECONDARY_DISPLAY" width="2082px" height="2592px"/>
			<graphic mimeType="pdf" url="%C3%8DBR%209%204to/33/WEB_DISPLAY"/>
		</surface>
		<surface xml:id="IBR04-0009-0015r" n="34">
			<desc>0015r</desc>
			<graphic mimeType="pdf" url="%C3%8DBR%209%204to/34/HIGH_QUALITY_DISPLAY"/>
			<graphic mimeType="jpg" url="%C3%8DBR%209%204to/34/THUMBNAIL" width="200px" height="249px"/>
			<graphic mimeType="jpg" url="%C3%8DBR%209%204to/34/SECONDARY_DISPLAY" width="2082px" height="2592px"/>
			<graphic mimeType="pdf" url="%C3%8DBR%209%204to/34/WEB_DISPLAY"/>
		</surface>
		<surface xml:id="IBR04-0009-0015v" n="35">
			<desc>0015v</desc>
			<graphic mimeType="pdf" url="%C3%8DBR%209%204to/35/HIGH_QUALITY_DISPLAY"/>
			<graphic mimeType="jpg" url="%C3%8DBR%209%204to/35/THUMBNAIL" width="200px" height="249px"/>
			<graphic mimeType="jpg" url="%C3%8DBR%209%204to/35/SECONDARY_DISPLAY" width="2082px" height="2592px"/>
			<graphic mimeType="pdf" url="%C3%8DBR%209%204to/35/WEB_DISPLAY"/>
		</surface>
		<surface xml:id="IBR04-0009-0016r" n="36">
			<desc>0016r</desc>
			<graphic mimeType="pdf" url="%C3%8DBR%209%204to/36/HIGH_QUALITY_DISPLAY"/>
			<graphic mimeType="jpg" url="%C3%8DBR%209%204to/36/THUMBNAIL" width="200px" height="249px"/>
			<graphic mimeType="jpg" url="%C3%8DBR%209%204to/36/SECONDARY_DISPLAY" width="2082px" height="2592px"/>
			<graphic mimeType="pdf" url="%C3%8DBR%209%204to/36/WEB_DISPLAY"/>
		</surface>
		<surface xml:id="IBR04-0009-0016v" n="37">
			<desc>0016v</desc>
			<graphic mimeType="pdf" url="%C3%8DBR%209%204to/37/HIGH_QUALITY_DISPLAY"/>
			<graphic mimeType="jpg" url="%C3%8DBR%209%204to/37/THUMBNAIL" width="200px" height="249px"/>
			<graphic mimeType="jpg" url="%C3%8DBR%209%204to/37/SECONDARY_DISPLAY" width="2082px" height="2592px"/>
			<graphic mimeType="pdf" url="%C3%8DBR%209%204to/37/WEB_DISPLAY"/>
		</surface>
		<surface xml:id="IBR04-0009-0017r" n="38">
			<desc>0017r</desc>
			<graphic mimeType="pdf" url="%C3%8DBR%209%204to/38/HIGH_QUALITY_DISPLAY"/>
			<graphic mimeType="jpg" url="%C3%8DBR%209%204to/38/THUMBNAIL" width="200px" height="249px"/>
			<graphic mimeType="jpg" url="%C3%8DBR%209%204to/38/SECONDARY_DISPLAY" width="2082px" height="2592px"/>
			<graphic mimeType="pdf" url="%C3%8DBR%209%204to/38/WEB_DISPLAY"/>
		</surface>
		<surface xml:id="IBR04-0009-0017v" n="39">
			<desc>0017v</desc>
			<graphic mimeType="pdf" url="%C3%8DBR%209%204to/39/HIGH_QUALITY_DISPLAY"/>
			<graphic mimeType="jpg" url="%C3%8DBR%209%204to/39/THUMBNAIL" width="200px" height="249px"/>
			<graphic mimeType="jpg" url="%C3%8DBR%209%204to/39/SECONDARY_DISPLAY" width="2082px" height="2592px"/>
			<graphic mimeType="pdf" url="%C3%8DBR%209%204to/39/WEB_DISPLAY"/>
		</surface>
		<surface xml:id="IBR04-0009-0018r" n="40">
			<desc>0018r</desc>
			<graphic mimeType="pdf" url="%C3%8DBR%209%204to/40/HIGH_QUALITY_DISPLAY"/>
			<graphic mimeType="jpg" url="%C3%8DBR%209%204to/40/THUMBNAIL" width="200px" height="249px"/>
			<graphic mimeType="jpg" url="%C3%8DBR%209%204to/40/SECONDARY_DISPLAY" width="2082px" height="2592px"/>
			<graphic mimeType="pdf" url="%C3%8DBR%209%204to/40/WEB_DISPLAY"/>
		</surface>
		<surface xml:id="IBR04-0009-0018v" n="41">
			<desc>0018v</desc>
			<graphic mimeType="pdf" url="%C3%8DBR%209%204to/41/HIGH_QUALITY_DISPLAY"/>
			<graphic mimeType="jpg" url="%C3%8DBR%209%204to/41/THUMBNAIL" width="200px" height="249px"/>
			<graphic mimeType="jpg" url="%C3%8DBR%209%204to/41/SECONDARY_DISPLAY" width="2082px" height="2592px"/>
			<graphic mimeType="pdf" url="%C3%8DBR%209%204to/41/WEB_DISPLAY"/>
		</surface>
		<surface xml:id="IBR04-0009-0019r" n="42">
			<desc>0019r</desc>
			<graphic mimeType="pdf" url="%C3%8DBR%209%204to/42/HIGH_QUALITY_DISPLAY"/>
			<graphic mimeType="jpg" url="%C3%8DBR%209%204to/42/THUMBNAIL" width="200px" height="249px"/>
			<graphic mimeType="jpg" url="%C3%8DBR%209%204to/42/SECONDARY_DISPLAY" width="2082px" height="2592px"/>
			<graphic mimeType="pdf" url="%C3%8DBR%209%204to/42/WEB_DISPLAY"/>
		</surface>
		<surface xml:id="IBR04-0009-0019v" n="43">
			<desc>0019v</desc>
			<graphic mimeType="pdf" url="%C3%8DBR%209%204to/43/HIGH_QUALITY_DISPLAY"/>
			<graphic mimeType="jpg" url="%C3%8DBR%209%204to/43/THUMBNAIL" width="200px" height="249px"/>
			<graphic mimeType="jpg" url="%C3%8DBR%209%204to/43/SECONDARY_DISPLAY" width="2082px" height="2592px"/>
			<graphic mimeType="pdf" url="%C3%8DBR%209%204to/43/WEB_DISPLAY"/>
		</surface>
		<surface xml:id="IBR04-0009-0020r" n="44">
			<desc>0020r</desc>
			<graphic mimeType="pdf" url="%C3%8DBR%209%204to/44/HIGH_QUALITY_DISPLAY"/>
			<graphic mimeType="jpg" url="%C3%8DBR%209%204to/44/THUMBNAIL" width="200px" height="249px"/>
			<graphic mimeType="jpg" url="%C3%8DBR%209%204to/44/SECONDARY_DISPLAY" width="2082px" height="2592px"/>
			<graphic mimeType="pdf" url="%C3%8DBR%209%204to/44/WEB_DISPLAY"/>
		</surface>
		<surface xml:id="IBR04-0009-0020v" n="45">
			<desc>0020v</desc>
			<graphic mimeType="pdf" url="%C3%8DBR%209%204to/45/HIGH_QUALITY_DISPLAY"/>
			<graphic mimeType="jpg" url="%C3%8DBR%209%204to/45/THUMBNAIL" width="200px" height="249px"/>
			<graphic mimeType="jpg" url="%C3%8DBR%209%204to/45/SECONDARY_DISPLAY" width="2082px" height="2592px"/>
			<graphic mimeType="pdf" url="%C3%8DBR%209%204to/45/WEB_DISPLAY"/>
		</surface>
		<surface xml:id="IBR04-0009-0021r" n="46">
			<desc>0021r</desc>
			<graphic mimeType="pdf" url="%C3%8DBR%209%204to/46/HIGH_QUALITY_DISPLAY"/>
			<graphic mimeType="jpg" url="%C3%8DBR%209%204to/46/THUMBNAIL" width="200px" height="249px"/>
			<graphic mimeType="jpg" url="%C3%8DBR%209%204to/46/SECONDARY_DISPLAY" width="2082px" height="2592px"/>
			<graphic mimeType="pdf" url="%C3%8DBR%209%204to/46/WEB_DISPLAY"/>
		</surface>
		<surface xml:id="IBR04-0009-0021v" n="47">
			<desc>0021v</desc>
			<graphic mimeType="pdf" url="%C3%8DBR%209%204to/47/HIGH_QUALITY_DISPLAY"/>
			<graphic mimeType="jpg" url="%C3%8DBR%209%204to/47/THUMBNAIL" width="200px" height="249px"/>
			<graphic mimeType="jpg" url="%C3%8DBR%209%204to/47/SECONDARY_DISPLAY" width="2082px" height="2592px"/>
			<graphic mimeType="pdf" url="%C3%8DBR%209%204to/47/WEB_DISPLAY"/>
		</surface>
		<surface xml:id="IBR04-0009-0022r" n="48">
			<desc>0022r</desc>
			<graphic mimeType="pdf" url="%C3%8DBR%209%204to/48/HIGH_QUALITY_DISPLAY"/>
			<graphic mimeType="jpg" url="%C3%8DBR%209%204to/48/THUMBNAIL" width="200px" height="249px"/>
			<graphic mimeType="jpg" url="%C3%8DBR%209%204to/48/SECONDARY_DISPLAY" width="2082px" height="2592px"/>
			<graphic mimeType="pdf" url="%C3%8DBR%209%204to/48/WEB_DISPLAY"/>
		</surface>
		<surface xml:id="IBR04-0009-0022v" n="49">
			<desc>0022v</desc>
			<graphic mimeType="pdf" url="%C3%8DBR%209%204to/49/HIGH_QUALITY_DISPLAY"/>
			<graphic mimeType="jpg" url="%C3%8DBR%209%204to/49/THUMBNAIL" width="200px" height="249px"/>
			<graphic mimeType="jpg" url="%C3%8DBR%209%204to/49/SECONDARY_DISPLAY" width="2082px" height="2592px"/>
			<graphic mimeType="pdf" url="%C3%8DBR%209%204to/49/WEB_DISPLAY"/>
		</surface>
		<surface xml:id="IBR04-0009-0023r" n="50">
			<desc>0023r</desc>
			<graphic mimeType="pdf" url="%C3%8DBR%209%204to/50/HIGH_QUALITY_DISPLAY"/>
			<graphic mimeType="jpg" url="%C3%8DBR%209%204to/50/THUMBNAIL" width="200px" height="249px"/>
			<graphic mimeType="jpg" url="%C3%8DBR%209%204to/50/SECONDARY_DISPLAY" width="2082px" height="2592px"/>
			<graphic mimeType="pdf" url="%C3%8DBR%209%204to/50/WEB_DISPLAY"/>
		</surface>
		<surface xml:id="IBR04-0009-0023v" n="51">
			<desc>0023v</desc>
			<graphic mimeType="pdf" url="%C3%8DBR%209%204to/51/HIGH_QUALITY_DISPLAY"/>
			<graphic mimeType="jpg" url="%C3%8DBR%209%204to/51/THUMBNAIL" width="200px" height="249px"/>
			<graphic mimeType="jpg" url="%C3%8DBR%209%204to/51/SECONDARY_DISPLAY" width="2082px" height="2592px"/>
			<graphic mimeType="pdf" url="%C3%8DBR%209%204to/51/WEB_DISPLAY"/>
		</surface>
		<surface xml:id="IBR04-0009-0024r" n="52">
			<desc>0024r</desc>
			<graphic mimeType="pdf" url="%C3%8DBR%209%204to/52/HIGH_QUALITY_DISPLAY"/>
			<graphic mimeType="jpg" url="%C3%8DBR%209%204to/52/THUMBNAIL" width="200px" height="249px"/>
			<graphic mimeType="jpg" url="%C3%8DBR%209%204to/52/SECONDARY_DISPLAY" width="2082px" height="2592px"/>
			<graphic mimeType="pdf" url="%C3%8DBR%209%204to/52/WEB_DISPLAY"/>
		</surface>
		<surface xml:id="IBR04-0009-0024v" n="53">
			<desc>0024v</desc>
			<graphic mimeType="pdf" url="%C3%8DBR%209%204to/53/HIGH_QUALITY_DISPLAY"/>
			<graphic mimeType="jpg" url="%C3%8DBR%209%204to/53/THUMBNAIL" width="200px" height="249px"/>
			<graphic mimeType="jpg" url="%C3%8DBR%209%204to/53/SECONDARY_DISPLAY" width="2082px" height="2592px"/>
			<graphic mimeType="pdf" url="%C3%8DBR%209%204to/53/WEB_DISPLAY"/>
		</surface>
		<surface xml:id="IBR04-0009-0025r" n="54">
			<desc>0025r</desc>
			<graphic mimeType="pdf" url="%C3%8DBR%209%204to/54/HIGH_QUALITY_DISPLAY"/>
			<graphic mimeType="jpg" url="%C3%8DBR%209%204to/54/THUMBNAIL" width="200px" height="249px"/>
			<graphic mimeType="jpg" url="%C3%8DBR%209%204to/54/SECONDARY_DISPLAY" width="2082px" height="2592px"/>
			<graphic mimeType="pdf" url="%C3%8DBR%209%204to/54/WEB_DISPLAY"/>
		</surface>
		<surface xml:id="IBR04-0009-0025v" n="55">
			<desc>0025v</desc>
			<graphic mimeType="pdf" url="%C3%8DBR%209%204to/55/HIGH_QUALITY_DISPLAY"/>
			<graphic mimeType="jpg" url="%C3%8DBR%209%204to/55/THUMBNAIL" width="200px" height="249px"/>
			<graphic mimeType="jpg" url="%C3%8DBR%209%204to/55/SECONDARY_DISPLAY" width="2082px" height="2592px"/>
			<graphic mimeType="pdf" url="%C3%8DBR%209%204to/55/WEB_DISPLAY"/>
		</surface>
		<surface xml:id="IBR04-0009-0026r" n="56">
			<desc>0026r</desc>
			<graphic mimeType="pdf" url="%C3%8DBR%209%204to/56/HIGH_QUALITY_DISPLAY"/>
			<graphic mimeType="jpg" url="%C3%8DBR%209%204to/56/THUMBNAIL" width="200px" height="249px"/>
			<graphic mimeType="jpg" url="%C3%8DBR%209%204to/56/SECONDARY_DISPLAY" width="2082px" height="2592px"/>
			<graphic mimeType="pdf" url="%C3%8DBR%209%204to/56/WEB_DISPLAY"/>
		</surface>
		<surface xml:id="IBR04-0009-0026v" n="57">
			<desc>0026v</desc>
			<graphic mimeType="pdf" url="%C3%8DBR%209%204to/57/HIGH_QUALITY_DISPLAY"/>
			<graphic mimeType="jpg" url="%C3%8DBR%209%204to/57/THUMBNAIL" width="200px" height="249px"/>
			<graphic mimeType="jpg" url="%C3%8DBR%209%204to/57/SECONDARY_DISPLAY" width="2082px" height="2592px"/>
			<graphic mimeType="pdf" url="%C3%8DBR%209%204to/57/WEB_DISPLAY"/>
		</surface>
		<surface xml:id="IBR04-0009-0027r" n="58">
			<desc>0027r</desc>
			<graphic mimeType="pdf" url="%C3%8DBR%209%204to/58/HIGH_QUALITY_DISPLAY"/>
			<graphic mimeType="jpg" url="%C3%8DBR%209%204to/58/THUMBNAIL" width="200px" height="249px"/>
			<graphic mimeType="jpg" url="%C3%8DBR%209%204to/58/SECONDARY_DISPLAY" width="2082px" height="2592px"/>
			<graphic mimeType="pdf" url="%C3%8DBR%209%204to/58/WEB_DISPLAY"/>
		</surface>
		<surface xml:id="IBR04-0009-0027v" n="59">
			<desc>0027v</desc>
			<graphic mimeType="pdf" url="%C3%8DBR%209%204to/59/HIGH_QUALITY_DISPLAY"/>
			<graphic mimeType="jpg" url="%C3%8DBR%209%204to/59/THUMBNAIL" width="200px" height="249px"/>
			<graphic mimeType="jpg" url="%C3%8DBR%209%204to/59/SECONDARY_DISPLAY" width="2082px" height="2592px"/>
			<graphic mimeType="pdf" url="%C3%8DBR%209%204to/59/WEB_DISPLAY"/>
		</surface>
		<surface xml:id="IBR04-0009-0028r" n="60">
			<desc>0028r</desc>
			<graphic mimeType="pdf" url="%C3%8DBR%209%204to/60/HIGH_QUALITY_DISPLAY"/>
			<graphic mimeType="jpg" url="%C3%8DBR%209%204to/60/THUMBNAIL" width="200px" height="249px"/>
			<graphic mimeType="jpg" url="%C3%8DBR%209%204to/60/SECONDARY_DISPLAY" width="2082px" height="2592px"/>
			<graphic mimeType="pdf" url="%C3%8DBR%209%204to/60/WEB_DISPLAY"/>
		</surface>
		<surface xml:id="IBR04-0009-0028v" n="61">
			<desc>0028v</desc>
			<graphic mimeType="pdf" url="%C3%8DBR%209%204to/61/HIGH_QUALITY_DISPLAY"/>
			<graphic mimeType="jpg" url="%C3%8DBR%209%204to/61/THUMBNAIL" width="200px" height="249px"/>
			<graphic mimeType="jpg" url="%C3%8DBR%209%204to/61/SECONDARY_DISPLAY" width="2082px" height="2592px"/>
			<graphic mimeType="pdf" url="%C3%8DBR%209%204to/61/WEB_DISPLAY"/>
		</surface>
		<surface xml:id="IBR04-0009-0029r" n="62">
			<desc>0029r</desc>
			<graphic mimeType="pdf" url="%C3%8DBR%209%204to/62/HIGH_QUALITY_DISPLAY"/>
			<graphic mimeType="jpg" url="%C3%8DBR%209%204to/62/THUMBNAIL" width="200px" height="249px"/>
			<graphic mimeType="jpg" url="%C3%8DBR%209%204to/62/SECONDARY_DISPLAY" width="2082px" height="2592px"/>
			<graphic mimeType="pdf" url="%C3%8DBR%209%204to/62/WEB_DISPLAY"/>
		</surface>
		<surface xml:id="IBR04-0009-0029v" n="63">
			<desc>0029v</desc>
			<graphic mimeType="pdf" url="%C3%8DBR%209%204to/63/HIGH_QUALITY_DISPLAY"/>
			<graphic mimeType="jpg" url="%C3%8DBR%209%204to/63/THUMBNAIL" width="200px" height="249px"/>
			<graphic mimeType="jpg" url="%C3%8DBR%209%204to/63/SECONDARY_DISPLAY" width="2082px" height="2592px"/>
			<graphic mimeType="pdf" url="%C3%8DBR%209%204to/63/WEB_DISPLAY"/>
		</surface>
		<surface xml:id="IBR04-0009-0030r" n="64">
			<desc>0030r</desc>
			<graphic mimeType="pdf" url="%C3%8DBR%209%204to/64/HIGH_QUALITY_DISPLAY"/>
			<graphic mimeType="jpg" url="%C3%8DBR%209%204to/64/THUMBNAIL" width="200px" height="249px"/>
			<graphic mimeType="jpg" url="%C3%8DBR%209%204to/64/SECONDARY_DISPLAY" width="2082px" height="2592px"/>
			<graphic mimeType="pdf" url="%C3%8DBR%209%204to/64/WEB_DISPLAY"/>
		</surface>
		<surface xml:id="IBR04-0009-0030v" n="65">
			<desc>0030v</desc>
			<graphic mimeType="pdf" url="%C3%8DBR%209%204to/65/HIGH_QUALITY_DISPLAY"/>
			<graphic mimeType="jpg" url="%C3%8DBR%209%204to/65/THUMBNAIL" width="200px" height="249px"/>
			<graphic mimeType="jpg" url="%C3%8DBR%209%204to/65/SECONDARY_DISPLAY" width="2082px" height="2592px"/>
			<graphic mimeType="pdf" url="%C3%8DBR%209%204to/65/WEB_DISPLAY"/>
		</surface>
		<surface xml:id="IBR04-0009-0031r" n="66">
			<desc>0031r</desc>
			<graphic mimeType="pdf" url="%C3%8DBR%209%204to/66/HIGH_QUALITY_DISPLAY"/>
			<graphic mimeType="jpg" url="%C3%8DBR%209%204to/66/THUMBNAIL" width="200px" height="249px"/>
			<graphic mimeType="jpg" url="%C3%8DBR%209%204to/66/SECONDARY_DISPLAY" width="2082px" height="2592px"/>
			<graphic mimeType="pdf" url="%C3%8DBR%209%204to/66/WEB_DISPLAY"/>
		</surface>
		<surface xml:id="IBR04-0009-0031v" n="67">
			<desc>0031v</desc>
			<graphic mimeType="pdf" url="%C3%8DBR%209%204to/67/HIGH_QUALITY_DISPLAY"/>
			<graphic mimeType="jpg" url="%C3%8DBR%209%204to/67/THUMBNAIL" width="200px" height="249px"/>
			<graphic mimeType="jpg" url="%C3%8DBR%209%204to/67/SECONDARY_DISPLAY" width="2082px" height="2592px"/>
			<graphic mimeType="pdf" url="%C3%8DBR%209%204to/67/WEB_DISPLAY"/>
		</surface>
		<surface xml:id="IBR04-0009-0032r" n="68">
			<desc>0032r</desc>
			<graphic mimeType="pdf" url="%C3%8DBR%209%204to/68/HIGH_QUALITY_DISPLAY"/>
			<graphic mimeType="jpg" url="%C3%8DBR%209%204to/68/THUMBNAIL" width="200px" height="249px"/>
			<graphic mimeType="jpg" url="%C3%8DBR%209%204to/68/SECONDARY_DISPLAY" width="2082px" height="2592px"/>
			<graphic mimeType="pdf" url="%C3%8DBR%209%204to/68/WEB_DISPLAY"/>
		</surface>
		<surface xml:id="IBR04-0009-0032v" n="69">
			<desc>0032v</desc>
			<graphic mimeType="pdf" url="%C3%8DBR%209%204to/69/HIGH_QUALITY_DISPLAY"/>
			<graphic mimeType="jpg" url="%C3%8DBR%209%204to/69/THUMBNAIL" width="200px" height="249px"/>
			<graphic mimeType="jpg" url="%C3%8DBR%209%204to/69/SECONDARY_DISPLAY" width="2082px" height="2592px"/>
			<graphic mimeType="pdf" url="%C3%8DBR%209%204to/69/WEB_DISPLAY"/>
		</surface>
		<surface xml:id="IBR04-0009-0033r" n="70">
			<desc>0033r</desc>
			<graphic mimeType="pdf" url="%C3%8DBR%209%204to/70/HIGH_QUALITY_DISPLAY"/>
			<graphic mimeType="jpg" url="%C3%8DBR%209%204to/70/THUMBNAIL" width="200px" height="249px"/>
			<graphic mimeType="jpg" url="%C3%8DBR%209%204to/70/SECONDARY_DISPLAY" width="2082px" height="2592px"/>
			<graphic mimeType="pdf" url="%C3%8DBR%209%204to/70/WEB_DISPLAY"/>
		</surface>
		<surface xml:id="IBR04-0009-0033v" n="71">
			<desc>0033v</desc>
			<graphic mimeType="pdf" url="%C3%8DBR%209%204to/71/HIGH_QUALITY_DISPLAY"/>
			<graphic mimeType="jpg" url="%C3%8DBR%209%204to/71/THUMBNAIL" width="200px" height="249px"/>
			<graphic mimeType="jpg" url="%C3%8DBR%209%204to/71/SECONDARY_DISPLAY" width="2082px" height="2592px"/>
			<graphic mimeType="pdf" url="%C3%8DBR%209%204to/71/WEB_DISPLAY"/>
		</surface>
		<surface xml:id="IBR04-0009-0034r" n="72">
			<desc>0034r</desc>
			<graphic mimeType="pdf" url="%C3%8DBR%209%204to/72/HIGH_QUALITY_DISPLAY"/>
			<graphic mimeType="jpg" url="%C3%8DBR%209%204to/72/THUMBNAIL" width="200px" height="249px"/>
			<graphic mimeType="jpg" url="%C3%8DBR%209%204to/72/SECONDARY_DISPLAY" width="2082px" height="2592px"/>
			<graphic mimeType="pdf" url="%C3%8DBR%209%204to/72/WEB_DISPLAY"/>
		</surface>
		<surface xml:id="IBR04-0009-0034v" n="73">
			<desc>0034v</desc>
			<graphic mimeType="pdf" url="%C3%8DBR%209%204to/73/HIGH_QUALITY_DISPLAY"/>
			<graphic mimeType="jpg" url="%C3%8DBR%209%204to/73/THUMBNAIL" width="200px" height="249px"/>
			<graphic mimeType="jpg" url="%C3%8DBR%209%204to/73/SECONDARY_DISPLAY" width="2082px" height="2592px"/>
			<graphic mimeType="pdf" url="%C3%8DBR%209%204to/73/WEB_DISPLAY"/>
		</surface>
		<surface xml:id="IBR04-0009-0035r" n="74">
			<desc>0035r</desc>
			<graphic mimeType="pdf" url="%C3%8DBR%209%204to/74/HIGH_QUALITY_DISPLAY"/>
			<graphic mimeType="jpg" url="%C3%8DBR%209%204to/74/THUMBNAIL" width="200px" height="249px"/>
			<graphic mimeType="jpg" url="%C3%8DBR%209%204to/74/SECONDARY_DISPLAY" width="2082px" height="2592px"/>
			<graphic mimeType="pdf" url="%C3%8DBR%209%204to/74/WEB_DISPLAY"/>
		</surface>
		<surface xml:id="IBR04-0009-0035v" n="75">
			<desc>0035v</desc>
			<graphic mimeType="pdf" url="%C3%8DBR%209%204to/75/HIGH_QUALITY_DISPLAY"/>
			<graphic mimeType="jpg" url="%C3%8DBR%209%204to/75/THUMBNAIL" width="200px" height="249px"/>
			<graphic mimeType="jpg" url="%C3%8DBR%209%204to/75/SECONDARY_DISPLAY" width="2082px" height="2592px"/>
			<graphic mimeType="pdf" url="%C3%8DBR%209%204to/75/WEB_DISPLAY"/>
		</surface>
		<surface xml:id="IBR04-0009-0036r" n="76">
			<desc>0036r</desc>
			<graphic mimeType="pdf" url="%C3%8DBR%209%204to/76/HIGH_QUALITY_DISPLAY"/>
			<graphic mimeType="jpg" url="%C3%8DBR%209%204to/76/THUMBNAIL" width="200px" height="249px"/>
			<graphic mimeType="jpg" url="%C3%8DBR%209%204to/76/SECONDARY_DISPLAY" width="2082px" height="2592px"/>
			<graphic mimeType="pdf" url="%C3%8DBR%209%204to/76/WEB_DISPLAY"/>
		</surface>
		<surface xml:id="IBR04-0009-0036v" n="77">
			<desc>0036v</desc>
			<graphic mimeType="pdf" url="%C3%8DBR%209%204to/77/HIGH_QUALITY_DISPLAY"/>
			<graphic mimeType="jpg" url="%C3%8DBR%209%204to/77/THUMBNAIL" width="200px" height="249px"/>
			<graphic mimeType="jpg" url="%C3%8DBR%209%204to/77/SECONDARY_DISPLAY" width="2082px" height="2592px"/>
			<graphic mimeType="pdf" url="%C3%8DBR%209%204to/77/WEB_DISPLAY"/>
		</surface>
		<surface xml:id="IBR04-0009-0037r" n="78">
			<desc>0037r</desc>
			<graphic mimeType="pdf" url="%C3%8DBR%209%204to/78/HIGH_QUALITY_DISPLAY"/>
			<graphic mimeType="jpg" url="%C3%8DBR%209%204to/78/THUMBNAIL" width="200px" height="249px"/>
			<graphic mimeType="jpg" url="%C3%8DBR%209%204to/78/SECONDARY_DISPLAY" width="2082px" height="2592px"/>
			<graphic mimeType="pdf" url="%C3%8DBR%209%204to/78/WEB_DISPLAY"/>
		</surface>
		<surface xml:id="IBR04-0009-0037v" n="79">
			<desc>0037v</desc>
			<graphic mimeType="pdf" url="%C3%8DBR%209%204to/79/HIGH_QUALITY_DISPLAY"/>
			<graphic mimeType="jpg" url="%C3%8DBR%209%204to/79/THUMBNAIL" width="200px" height="249px"/>
			<graphic mimeType="jpg" url="%C3%8DBR%209%204to/79/SECONDARY_DISPLAY" width="2082px" height="2592px"/>
			<graphic mimeType="pdf" url="%C3%8DBR%209%204to/79/WEB_DISPLAY"/>
		</surface>
		<surface xml:id="IBR04-0009-0038r" n="80">
			<desc>0038r</desc>
			<graphic mimeType="pdf" url="%C3%8DBR%209%204to/80/HIGH_QUALITY_DISPLAY"/>
			<graphic mimeType="jpg" url="%C3%8DBR%209%204to/80/THUMBNAIL" width="200px" height="249px"/>
			<graphic mimeType="jpg" url="%C3%8DBR%209%204to/80/SECONDARY_DISPLAY" width="2082px" height="2592px"/>
			<graphic mimeType="pdf" url="%C3%8DBR%209%204to/80/WEB_DISPLAY"/>
		</surface>
		<surface xml:id="IBR04-0009-0038v" n="81">
			<desc>0038v</desc>
			<graphic mimeType="pdf" url="%C3%8DBR%209%204to/81/HIGH_QUALITY_DISPLAY"/>
			<graphic mimeType="jpg" url="%C3%8DBR%209%204to/81/THUMBNAIL" width="200px" height="249px"/>
			<graphic mimeType="jpg" url="%C3%8DBR%209%204to/81/SECONDARY_DISPLAY" width="2082px" height="2592px"/>
			<graphic mimeType="pdf" url="%C3%8DBR%209%204to/81/WEB_DISPLAY"/>
		</surface>
		<surface xml:id="IBR04-0009-0039r" n="82">
			<desc>0039r</desc>
			<graphic mimeType="pdf" url="%C3%8DBR%209%204to/82/HIGH_QUALITY_DISPLAY"/>
			<graphic mimeType="jpg" url="%C3%8DBR%209%204to/82/THUMBNAIL" width="200px" height="249px"/>
			<graphic mimeType="jpg" url="%C3%8DBR%209%204to/82/SECONDARY_DISPLAY" width="2082px" height="2592px"/>
			<graphic mimeType="pdf" url="%C3%8DBR%209%204to/82/WEB_DISPLAY"/>
		</surface>
		<surface xml:id="IBR04-0009-0039v" n="83">
			<desc>0039v</desc>
			<graphic mimeType="pdf" url="%C3%8DBR%209%204to/83/HIGH_QUALITY_DISPLAY"/>
			<graphic mimeType="jpg" url="%C3%8DBR%209%204to/83/THUMBNAIL" width="200px" height="249px"/>
			<graphic mimeType="jpg" url="%C3%8DBR%209%204to/83/SECONDARY_DISPLAY" width="2082px" height="2592px"/>
			<graphic mimeType="pdf" url="%C3%8DBR%209%204to/83/WEB_DISPLAY"/>
		</surface>
		<surface xml:id="IBR04-0009-0040r" n="84">
			<desc>0040r</desc>
			<graphic mimeType="pdf" url="%C3%8DBR%209%204to/84/HIGH_QUALITY_DISPLAY"/>
			<graphic mimeType="jpg" url="%C3%8DBR%209%204to/84/THUMBNAIL" width="200px" height="249px"/>
			<graphic mimeType="jpg" url="%C3%8DBR%209%204to/84/SECONDARY_DISPLAY" width="2082px" height="2592px"/>
			<graphic mimeType="pdf" url="%C3%8DBR%209%204to/84/WEB_DISPLAY"/>
		</surface>
		<surface xml:id="IBR04-0009-0040v" n="85">
			<desc>0040v</desc>
			<graphic mimeType="pdf" url="%C3%8DBR%209%204to/85/HIGH_QUALITY_DISPLAY"/>
			<graphic mimeType="jpg" url="%C3%8DBR%209%204to/85/THUMBNAIL" width="200px" height="249px"/>
			<graphic mimeType="jpg" url="%C3%8DBR%209%204to/85/SECONDARY_DISPLAY" width="2082px" height="2592px"/>
			<graphic mimeType="pdf" url="%C3%8DBR%209%204to/85/WEB_DISPLAY"/>
		</surface>
		<surface xml:id="IBR04-0009-0041r" n="86">
			<desc>0041r</desc>
			<graphic mimeType="pdf" url="%C3%8DBR%209%204to/86/HIGH_QUALITY_DISPLAY"/>
			<graphic mimeType="jpg" url="%C3%8DBR%209%204to/86/THUMBNAIL" width="200px" height="249px"/>
			<graphic mimeType="jpg" url="%C3%8DBR%209%204to/86/SECONDARY_DISPLAY" width="2082px" height="2592px"/>
			<graphic mimeType="pdf" url="%C3%8DBR%209%204to/86/WEB_DISPLAY"/>
		</surface>
		<surface xml:id="IBR04-0009-0041v" n="87">
			<desc>0041v</desc>
			<graphic mimeType="pdf" url="%C3%8DBR%209%204to/87/HIGH_QUALITY_DISPLAY"/>
			<graphic mimeType="jpg" url="%C3%8DBR%209%204to/87/THUMBNAIL" width="200px" height="249px"/>
			<graphic mimeType="jpg" url="%C3%8DBR%209%204to/87/SECONDARY_DISPLAY" width="2082px" height="2592px"/>
			<graphic mimeType="pdf" url="%C3%8DBR%209%204to/87/WEB_DISPLAY"/>
		</surface>
		<surface xml:id="IBR04-0009-0042r" n="88">
			<desc>0042r</desc>
			<graphic mimeType="pdf" url="%C3%8DBR%209%204to/88/HIGH_QUALITY_DISPLAY"/>
			<graphic mimeType="jpg" url="%C3%8DBR%209%204to/88/THUMBNAIL" width="200px" height="249px"/>
			<graphic mimeType="jpg" url="%C3%8DBR%209%204to/88/SECONDARY_DISPLAY" width="2082px" height="2592px"/>
			<graphic mimeType="pdf" url="%C3%8DBR%209%204to/88/WEB_DISPLAY"/>
		</surface>
		<surface xml:id="IBR04-0009-0042v" n="89">
			<desc>0042v</desc>
			<graphic mimeType="pdf" url="%C3%8DBR%209%204to/89/HIGH_QUALITY_DISPLAY"/>
			<graphic mimeType="jpg" url="%C3%8DBR%209%204to/89/THUMBNAIL" width="200px" height="249px"/>
			<graphic mimeType="jpg" url="%C3%8DBR%209%204to/89/SECONDARY_DISPLAY" width="2082px" height="2592px"/>
			<graphic mimeType="pdf" url="%C3%8DBR%209%204to/89/WEB_DISPLAY"/>
		</surface>
		<surface xml:id="IBR04-0009-0043r" n="90">
			<desc>0043r</desc>
			<graphic mimeType="pdf" url="%C3%8DBR%209%204to/90/HIGH_QUALITY_DISPLAY"/>
			<graphic mimeType="jpg" url="%C3%8DBR%209%204to/90/THUMBNAIL" width="200px" height="249px"/>
			<graphic mimeType="jpg" url="%C3%8DBR%209%204to/90/SECONDARY_DISPLAY" width="2082px" height="2592px"/>
			<graphic mimeType="pdf" url="%C3%8DBR%209%204to/90/WEB_DISPLAY"/>
		</surface>
		<surface xml:id="IBR04-0009-0043v" n="91">
			<desc>0043v</desc>
			<graphic mimeType="pdf" url="%C3%8DBR%209%204to/91/HIGH_QUALITY_DISPLAY"/>
			<graphic mimeType="jpg" url="%C3%8DBR%209%204to/91/THUMBNAIL" width="200px" height="249px"/>
			<graphic mimeType="jpg" url="%C3%8DBR%209%204to/91/SECONDARY_DISPLAY" width="2082px" height="2592px"/>
			<graphic mimeType="pdf" url="%C3%8DBR%209%204to/91/WEB_DISPLAY"/>
		</surface>
		<surface xml:id="IBR04-0009-0044r" n="92">
			<desc>0044r</desc>
			<graphic mimeType="pdf" url="%C3%8DBR%209%204to/92/HIGH_QUALITY_DISPLAY"/>
			<graphic mimeType="jpg" url="%C3%8DBR%209%204to/92/THUMBNAIL" width="200px" height="249px"/>
			<graphic mimeType="jpg" url="%C3%8DBR%209%204to/92/SECONDARY_DISPLAY" width="2082px" height="2592px"/>
			<graphic mimeType="pdf" url="%C3%8DBR%209%204to/92/WEB_DISPLAY"/>
		</surface>
		<surface xml:id="IBR04-0009-0044v" n="93">
			<desc>0044v</desc>
			<graphic mimeType="pdf" url="%C3%8DBR%209%204to/93/HIGH_QUALITY_DISPLAY"/>
			<graphic mimeType="jpg" url="%C3%8DBR%209%204to/93/THUMBNAIL" width="200px" height="249px"/>
			<graphic mimeType="jpg" url="%C3%8DBR%209%204to/93/SECONDARY_DISPLAY" width="2082px" height="2592px"/>
			<graphic mimeType="pdf" url="%C3%8DBR%209%204to/93/WEB_DISPLAY"/>
		</surface>
		<surface xml:id="IBR04-0009-9901r-RFl" n="94">
			<desc>9901r-RFl</desc>
			<graphic mimeType="pdf" url="%C3%8DBR%209%204to/94/HIGH_QUALITY_DISPLAY"/>
			<graphic mimeType="jpg" url="%C3%8DBR%209%204to/94/THUMBNAIL" width="200px" height="249px"/>
			<graphic mimeType="jpg" url="%C3%8DBR%209%204to/94/SECONDARY_DISPLAY" width="2082px" height="2592px"/>
			<graphic mimeType="pdf" url="%C3%8DBR%209%204to/94/WEB_DISPLAY"/>
		</surface>
		<surface xml:id="IBR04-0009-9901v-RFl" n="95">
			<desc>9901v-RFl</desc>
			<graphic mimeType="pdf" url="%C3%8DBR%209%204to/95/HIGH_QUALITY_DISPLAY"/>
			<graphic mimeType="jpg" url="%C3%8DBR%209%204to/95/THUMBNAIL" width="200px" height="250px"/>
			<graphic mimeType="jpg" url="%C3%8DBR%209%204to/95/SECONDARY_DISPLAY" width="2073px" height="2592px"/>
			<graphic mimeType="pdf" url="%C3%8DBR%209%204to/95/WEB_DISPLAY"/>
		</surface>
		<surface xml:id="IBR04-0009-9999r-RB" n="96">
			<desc>9999r-RB</desc>
			<graphic mimeType="pdf" url="%C3%8DBR%209%204to/96/HIGH_QUALITY_DISPLAY"/>
			<graphic mimeType="jpg" url="%C3%8DBR%209%204to/96/THUMBNAIL" width="200px" height="250px"/>
			<graphic mimeType="jpg" url="%C3%8DBR%209%204to/96/SECONDARY_DISPLAY" width="2073px" height="2592px"/>
			<graphic mimeType="pdf" url="%C3%8DBR%209%204to/96/WEB_DISPLAY"/>
		</surface>
		<surface xml:id="IBR04-0009-9999v-RB" n="97">
			<desc>9999v-RB</desc>
			<graphic mimeType="pdf" url="%C3%8DBR%209%204to/97/HIGH_QUALITY_DISPLAY"/>
			<graphic mimeType="jpg" url="%C3%8DBR%209%204to/97/THUMBNAIL" width="200px" height="238px"/>
			<graphic mimeType="jpg" url="%C3%8DBR%209%204to/97/SECONDARY_DISPLAY" width="2232px" height="2656px"/>
			<graphic mimeType="pdf" url="%C3%8DBR%209%204to/97/WEB_DISPLAY"/>
		</surface>
		<surface xml:id="IBR04-0009-Spine" n="98">
			<desc>Spine</desc>
			<graphic mimeType="pdf" url="%C3%8DBR%209%204to/98/HIGH_QUALITY_DISPLAY"/>
			<graphic mimeType="jpg" url="%C3%8DBR%209%204to/98/THUMBNAIL" width="48px" height="300px"/>
			<graphic mimeType="jpg" url="%C3%8DBR%209%204to/98/SECONDARY_DISPLAY" width="528px" height="3318px"/>
			<graphic mimeType="pdf" url="%C3%8DBR%209%204to/98/WEB_DISPLAY"/>
		</surface>
		<surface xml:id="IBR04-0009-Fore-Edge" n="99">
			<desc>Fore-Edge</desc>
			<graphic mimeType="pdf" url="%C3%8DBR%209%204to/99/HIGH_QUALITY_DISPLAY"/>
			<graphic mimeType="jpg" url="%C3%8DBR%209%204to/99/THUMBNAIL" width="44px" height="300px"/>
			<graphic mimeType="jpg" url="%C3%8DBR%209%204to/99/SECONDARY_DISPLAY" width="492px" height="3324px"/>
			<graphic mimeType="pdf" url="%C3%8DBR%209%204to/99/WEB_DISPLAY"/>
		</surface>
		<surface xml:id="IBR04-0009-Head-Edge" n="100">
			<desc>Head-Edge</desc>
			<graphic mimeType="pdf" url="%C3%8DBR%209%204to/100/HIGH_QUALITY_DISPLAY"/>
			<graphic mimeType="jpg" url="%C3%8DBR%209%204to/100/THUMBNAIL" width="60px" height="300px"/>
			<graphic mimeType="jpg" url="%C3%8DBR%209%204to/100/SECONDARY_DISPLAY" width="636px" height="3192px"/>
			<graphic mimeType="pdf" url="%C3%8DBR%209%204to/100/WEB_DISPLAY"/>
		</surface>
		<surface xml:id="IBR04-0009-Tail-Edge" n="101">
			<desc>Tail-Edge</desc>
			<graphic mimeType="pdf" url="%C3%8DBR%209%204to/101/HIGH_QUALITY_DISPLAY"/>
			<graphic mimeType="jpg" url="%C3%8DBR%209%204to/101/THUMBNAIL" width="52px" height="300px"/>
			<graphic mimeType="jpg" url="%C3%8DBR%209%204to/101/SECONDARY_DISPLAY" width="464px" height="2668px"/>
			<graphic mimeType="pdf" url="%C3%8DBR%209%204to/101/WEB_DISPLAY"/>
		</surface>
		<surface xml:id="IBR04-0009-Scale" n="102">
			<desc>Scale</desc>
			<graphic mimeType="pdf" url="%C3%8DBR%209%204to/102/HIGH_QUALITY_DISPLAY"/>
			<graphic mimeType="jpg" url="%C3%8DBR%209%204to/102/THUMBNAIL" width="200px" height="241px"/>
			<graphic mimeType="jpg" url="%C3%8DBR%209%204to/102/SECONDARY_DISPLAY" width="2084px" height="2514px"/>
			<graphic mimeType="pdf" url="%C3%8DBR%209%204to/102/WEB_DISPLAY"/>
		</surface>
		<surface xml:id="IBR04-0009-ccp" n="103">
			<desc>ccp</desc>
			<graphic mimeType="pdf" url="%C3%8DBR%209%204to/103/HIGH_QUALITY_DISPLAY"/>
			<graphic mimeType="jpg" url="%C3%8DBR%209%204to/103/THUMBNAIL" width="200px" height="159px"/>
			<graphic mimeType="jpg" url="%C3%8DBR%209%204to/103/SECONDARY_DISPLAY" width="4542px" height="3624px"/>
			<graphic mimeType="pdf" url="%C3%8DBR%209%204to/103/WEB_DISPLAY"/>
		</surface>
	</facsimile>
</TEI>