<?xml version="1.0" encoding="UTF-8"?>
<?oxygen RNGSchema="http://www.handrit.is/schema/handrit-1.0.rnc" type="compact"?>
<TEI xmlns="http://www.tei-c.org/ns/1.0">
	<teiHeader>
		<fileDesc>
			<titleStmt>
				<title type="main">JS 2 fol.</title>
				<title type="subordinate"/>
			</titleStmt>
			<publicationStmt>
				<authority>Landsbókasafn Íslands - Háskólabókasafn</authority>
				<pubPlace>Reykjavík</pubPlace>
				<date when="2010-08-05">05. ágúst 2010</date>
				<availability status="restricted">
					<p>Aðgangur aðeins mögulegur í fræðilegum tilgangi.</p>
				</availability>
			</publicationStmt>
			<sourceDesc>
				<msDesc xml:id="JS02-0002-is" xml:lang="is">
					<msIdentifier>
						<country key="IS">Ísland</country>
						<settlement>Reykjavík</settlement>
						<institution>Landsbókasafn Íslands - Háskólabókasafn</institution>
						<repository>Handritasafn</repository>
						<collection>Handritasafn Jóns Sigurðssonar</collection>
						<idno>JS 2 fol.</idno>
						<altIdentifier type="internal" subtype="PEO">
							<idno>4728</idno>
						</altIdentifier>
					</msIdentifier>

					<msContents>
						<textLang mainLang="is">Íslenska</textLang>

						<msItem defective="unknown" class="annal">
							<title type="uniform">Fitjaannáll</title>
							<rubric>Annálar eður annálasafn eitt.</rubric>
							<note>Byrjar árið 984 en lýkur árið 1712.</note>
						</msItem>
					</msContents>

					<physDesc>
						<objectDesc form="codex">
							<supportDesc material="chart">
								<extent>506 blaðsíður (<dimensions scope="all" type="leaf" unit="mm">
										<height>310</height>
										<width>201</width>
									</dimensions>). Auð blöð: blaðsíður 503-504.</extent>
							</supportDesc>
						</objectDesc>

						<handDesc hands="2">
							<summary>Tvær hendur ; Skrifarar:</summary>
							<handNote scope="sole" script="unknown" scribe="MagSna001"><name
									type="person" key="MagSna001">Magnús Snæbjarnarson</name>.</handNote>
							<handNote scope="sole" script="unknown" scribe="GisKon001"><name
									type="person" key="GisKon001">Gísli Konráðsson</name> ,
								titilblað og blaðsíður 479-506.</handNote>
						</handDesc>

						<bindingDesc>
							<binding contemporary="true">
								<p>Skinnband.</p>
							</binding>
						</bindingDesc>
					</physDesc>

					<history>
						<origin>
							<origDate cert="medium" notBefore="1760" notAfter="1860">1760 og
							1860</origDate>
						</origin>

						<provenance>Jón Sigurðsson fékk handritið 1855 frá <name type="person"
								key="MatAsg001">Mattíasi Ásgeirssyni</name> í Flatey, en faðir hans,
							séra <name type="person" key="AsgJon004">Ásgeir Jónsson</name> í Holti,
							fékk úr eigu séra <name type="person" key="MagSna001">Magnúsar
								Snæbjarnarsonar</name> (samanber blaðsíðu 2).</provenance>

						<acquisition>
							<p>Alþingi keypti handrita- og bókasafn Jóns Sigurðssonar árið <date
									when="1878">1878.</date> Safnið var afhent Landsbókasafni að
								honum látnum, en hann lést 7. desember 1879. Það komst í hendur
								safnsins árið <date when="1881">1881</date> er það var flutt í
								Alþingishúsið.</p>
						</acquisition>
					</history>

					<additional>
						<adminInfo>
							<recordHist>
								<source><name type="person" key="GudHra001">Guðný
									Hrafnkelsdóttir</name> frumskráði, <date when="2010-08-05">05.
										ágúst 2010</date> ; Handritaskrá, 2. b. ; Átaksverkefni
									2010.</source>
							</recordHist>
						</adminInfo>
						<listBibl>
							<bibl><ref target="annalar1400">Annálar 1400-1800</ref>, II.</bibl>
							<bibl>Jón Halldórsson: <ref target="JonHalld1916">Skólameistarar</ref>,
								bls. 7, 209.</bibl>
							<bibl>Bogi Benediktsson: <ref target="SyslBogBen">Sýslumannaæfir</ref>,
								IV. bls. 447-448.</bibl>
						</listBibl>
					</additional>
				</msDesc>
			</sourceDesc>
		</fileDesc>
	</teiHeader>
	<facsimile xml:base="http://www.ImageDirectory.is">
		<surface> </surface>
	</facsimile>
</TEI>
