<?xml version="1.0" encoding="UTF-8"?>
<?oxygen RNGSchema="http://www.handrit.is/schema/handrit-1.0.rnc" type="compact"?>
<TEI xmlns="http://www.tei-c.org/ns/1.0">
	<teiHeader>
		<fileDesc>
			<titleStmt>
				<title type="main">JS 6 fol.</title>
				<title type="subordinate"/>
			</titleStmt>
			<publicationStmt>
				<authority>Landsbókasafn Íslands - Háskólabókasafn</authority>
				<pubPlace>Reykjavík</pubPlace>
				<date when="2010-08-05">05. ágúst 2010</date>
				<availability status="restricted">
					<p>Aðgangur aðeins mögulegur í fræðilegum tilgangi.</p>
				</availability>
			</publicationStmt>
			<sourceDesc>
				<msDesc xml:id="JS02-0006-is" xml:lang="is">
					<msIdentifier>
						<country key="IS">Ísland</country>
						<settlement>Reykjavík</settlement>
						<institution>Landsbókasafn Íslands - Háskólabókasafn</institution>
						<repository>Handritasafn</repository>
						<collection>Handritasafn Jóns Sigurðssonar</collection>
						<idno>JS 6 fol.</idno>
						<altIdentifier type="internal" subtype="PEO">
							<idno>4732</idno>
						</altIdentifier>
					</msIdentifier>

					<msContents>
						<textLang mainLang="da">Danska</textLang>

						<msItem defective="unknown" class="logfr">
							<title type="supplied">Konungsbréf</title>
							<rubric>Register [ca. 1523-1843] over de Anordninger, kongelige
								Resolutioner og Rescripter, samt Collegial-Bestemmelser der gjelde
								eller have vedvarende interesse for Island</rubric>
							<note>Safnað af <name type="person" key="CarBar001">Carl E.
								Bardenfleth</name>, stiftamtmanni, til 1837, en síðan af <name
									type="person" key="JonJoh004">Jóni Johnsen</name> (síðast
								bæjarfógeta í Álaborg).</note>
						</msItem>
					</msContents>

					<physDesc>
						<objectDesc form="codex">
							<supportDesc material="chart">
								<extent>270 blaðsíður (<dimensions scope="all" type="leaf" unit="mm">
										<height>336</height>
										<width>203</width>
									</dimensions>).</extent>
							</supportDesc>
						</objectDesc>

						<handDesc hands="1">
							<summary>Ein hönd ; Skrifari:</summary>
							<handNote scope="sole" script="unknown" scribe="JonJoh004"><name
									type="person" key="JonJoh004">Jón Johnsen</name>.</handNote>
						</handDesc>
					</physDesc>

					<history>
						<origin>
							<origDate cert="medium" when="1843">1843</origDate>
						</origin>

						<acquisition>
							<p>Alþingi keypti handrita- og bókasafn Jóns Sigurðssonar árið <date
									when="1878">1878.</date> Safnið var afhent Landsbókasafni að
								honum látnum, en hann lést 7. desember 1879. Það komst í hendur
								safnsins árið <date when="1881">1881</date> er það var flutt í
								Alþingishúsið.</p>
						</acquisition>
					</history>

					<additional>
						<adminInfo>
							<recordHist>
								<source><name type="person" key="GudHra001">Guðný
									Hrafnkelsdóttir</name> frumskráði, <date when="2010-08-05">05.
										ágúst 2010</date> ; Handritaskrá, 2. b. ; Átaksverkefni
									2010.</source>
							</recordHist>
						</adminInfo>
					</additional>
				</msDesc>
			</sourceDesc>
		</fileDesc>
	</teiHeader>
	<facsimile xml:base="http://www.ImageDirectory.is">
		<surface> </surface>
	</facsimile>
</TEI>
