<?xml version="1.0" encoding="UTF-8"?>
<?oxygen RNGSchema="http://www.handrit.is/schema/handrit-1.0.rnc" type="compact"?>
<TEI xmlns="http://www.tei-c.org/ns/1.0">
	<teiHeader>
		<fileDesc>
			<titleStmt>
				<title type="main">JS 3 fol.</title>
				<title type="subordinate"/>
			</titleStmt>
			<publicationStmt>
				<authority>Landsbókasafn Íslands - Háskólabókasafn</authority>
				<pubPlace>Reykjavík</pubPlace>
				<date when="2010-08-05">05. ágúst 2010</date>
				<availability status="restricted">
					<p>Aðgangur aðeins mögulegur í fræðilegum tilgangi.</p>
				</availability>
			</publicationStmt>
			<sourceDesc>
				<msDesc xml:id="JS02-0003-is" xml:lang="is">
					<msIdentifier>
						<country key="IS">Ísland</country>
						<settlement>Reykjavík</settlement>
						<institution>Landsbókasafn Íslands - Háskólabókasafn</institution>
						<repository>Handritasafn</repository>
						<collection>Handritasafn Jóns Sigurðssonar</collection>
						<idno>JS 3 fol.</idno>
						<altIdentifier type="internal" subtype="PEO">
							<idno>4729</idno>
						</altIdentifier>
					</msIdentifier>

					<msContents>
						<summary>
							<title type="supplied">Samtíningur</title>
						</summary>
						<textLang mainLang="is">Íslenska</textLang>

						<msItem n="1" defective="unknown" class="mannfr">
							<title type="supplied">Samtíningur um lögmenn á Íslandi</title>
							<author key="HanFin001">Hannes Finnsson</author>
							<filiation>Eftirrit eftir handriti <name type="person" key="HanFin001"
									>Hannesar Finnssonar</name> biskups (Lbs. 43, fol.).</filiation>
						</msItem>

						<msItem n="2" defective="unknown" class="annal">
							<title type="uniform">Hirðstjóraannáll</title>
							<author key="JonHal004">Jón Halldórsson</author>
							<filiation>Eftirrit eftir handriti <name type="person" key="HanFin001"
									>Hannesar Finnssonar</name> biskups (Lbs. 43, fol.).</filiation>
						</msItem>
					</msContents>

					<physDesc>
						<objectDesc form="codex">
							<supportDesc material="chart">
								<extent>Titilblað + 254 blaðsíður (<dimensions scope="all"
										type="leaf" unit="mm">
										<height>309</height>
										<width>198</width>
									</dimensions>). Auð blöð: blaðsíður 503-504.</extent>
							</supportDesc>
						</objectDesc>

						<handDesc hands="1">
							<summary>Ein hönd ; Skrifari:</summary>
							<handNote scope="sole" script="unknown" scribe="JonArn002"><name
									type="person" key="JonArn002">Jón Árnason</name>.</handNote>
						</handDesc>
					</physDesc>

					<history>
						<origin>
							<origDate cert="medium" when="1851">1851</origDate>
						</origin>

						<provenance>Jón Sigurðsson keypti handritið 1853 af <name type="person"
								key="JonArn002">Jóni Árnasyni</name>.</provenance>

						<acquisition>
							<p>Alþingi keypti handrita- og bókasafn Jóns Sigurðssonar árið <date
									when="1878">1878.</date> Safnið var afhent Landsbókasafni að
								honum látnum, en hann lést 7. desember 1879. Það komst í hendur
								safnsins árið <date when="1881">1881</date> er það var flutt í
								Alþingishúsið.</p>
						</acquisition>
					</history>

					<additional>
						<adminInfo>
							<recordHist>
								<source><name type="person" key="GudHra001">Guðný
									Hrafnkelsdóttir</name> frumskráði, <date when="2010-08-05">05.
										ágúst 2010</date> ; Handritaskrá, 2. b. ; Átaksverkefni
									2010.</source>
							</recordHist>
						</adminInfo>
					</additional>
				</msDesc>
			</sourceDesc>
		</fileDesc>
	</teiHeader>
	<facsimile xml:base="http://www.ImageDirectory.is">
		<surface> </surface>
	</facsimile>
</TEI>
