<?xml version="1.0" encoding="UTF-8"?>
<?oxygen RNGSchema="http://www.handrit.is/schema/handrit-1.0.rnc" type="compact"?>
<TEI xmlns="http://www.tei-c.org/ns/1.0">
	<teiHeader>
		<fileDesc>
			<titleStmt>
				<title type="main">JS 1 fol.</title>
				<title type="subordinate"/>
			</titleStmt>
			<publicationStmt>
				<authority>Landsbókasafn Íslands - Háskólabókasafn</authority>
				<pubPlace>Reykjavík</pubPlace>
				<date when="2010-08-05">05. ágúst 2010</date>
				<availability status="restricted">
					<p>Aðgangur aðeins mögulegur í fræðilegum tilgangi.</p>
				</availability>
			</publicationStmt>
			<sourceDesc>
				<msDesc xml:id="JS02-0001-is" xml:lang="is">
					<msIdentifier>
						<country key="IS">Ísland</country>
						<settlement>Reykjavík</settlement>
						<institution>Landsbókasafn Íslands - Háskólabókasafn</institution>
						<repository>Handritasafn</repository>
						<collection>Handritasafn Jóns Sigurðssonar</collection>
						<idno>JS 1 fol.</idno>
						<altIdentifier type="internal" subtype="PEO">
							<idno>4727</idno>
						</altIdentifier>
					</msIdentifier>
					<msContents>
						<summary>
							<title type="supplied">Samtíningur</title>
						</summary>
						<textLang mainLang="is">Íslenska</textLang>

						<msItem n="1" defective="unknown" class="annal">
							<title type="uniform">Eyrarannáll</title>
							<rubric>Pandecta Annalium. Það er einn fróðleiksríkur annálafjársjóður…
								frá heimsins upphafi til… þessara tíma</rubric>
							<author key="MagMag007">Magnús Magnússon</author>
							<note>Annálunum lýkur 1673.</note>
						</msItem>

						<msItem n="2" defective="unknown" class="regist">
							<title type="supplied">Registur</title>
							<rubric>Sannferðugt páfa, keisara, kónga, biskupa, lénsherra og lögmanna
								registur</rubric>
							<note>Fram haldið til 1696.</note>
						</msItem>

						<msItem n="3" defective="unknown" class="landfr">
							<title type="supplied">Hvernig Noregur byggðist</title>
						</msItem>

						<msItem n="4" defective="unknown" class="attat">
							<title type="supplied">Ættartölur frá Adam til konunga</title>
						</msItem>
					</msContents>

					<physDesc>
						<objectDesc form="codex">
							<supportDesc material="chart">
								<support>
									<p>Pappír með vatnsmerkjum.</p>
									<p>
										<watermark n="1">Vatnsmerki 1. Aðalmerki: <ref
												target="watermark:A7/3/3">Dárahöfuð 1</ref> //
											Ekkert mótmerki (á víð og dreif á blöðum
										2-314).</watermark>
									</p>
									<p>
										<watermark n="2">Vatnsmerki 2. Aðalmerki: <ref
												target="watermark:W1">Bókstafurinn V skrýddur
												fjöðrum, lilja fyrir neðan og kóróna ofan á</ref> //
											Ekkert mótmerki (<locus from="25r" to="25v"
										>25</locus>).</watermark>
									</p>
									<p>
										<watermark n="3">Vatnsmerki 3. Aðalmerki: <ref
												target="watermark:T1">Skjaldarmerki Amsterdam
											1</ref> // Ekkert mótmerki (<locus from="28r" to="28v"
												>28</locus>, <locus from="30r" to="32v"
											>30-32</locus>, <locus from="301r" to="301v"
											>301</locus>, <locus from="303r" to="303v">303</locus>).</watermark>
									</p>
									<p>
										<watermark n="4">Vatnsmerki 4. Aðalmerki: <ref
												target="watermark:T1">Skjaldarmerki Amsterdam
											2</ref> // Ekkert mótmerki (<locus from="71r" to="71v"
												>71</locus>, <locus from="73r" to="73v">73</locus>,
												<locus from="75r" to="77v">77</locus>).</watermark>
									</p>
									<p>
										<watermark n="5">Vatnsmerki 5. Aðalmerki: <ref
												target="watermark:T1">Skjaldarmerki Amsterdam
											3</ref> // Ekkert mótmerki (<locus from="299r" to="299v"
												>299</locus>).</watermark>
									</p>
									<p>
										<watermark n="6">Vatnsmerki 6. Aðalmerki: <ref
												target="watermark:A7/3/3">Dárahöfuð 2</ref> //
											Ekkert mótmerki (<locus from="128r" to="128v"
											>128</locus>, <locus from="132r" to="132v">132</locus>,
												<locus from="134r" to="136v"
										>136</locus>).</watermark>
									</p>
									<p>
										<watermark n="7">Vatnsmerki 7. Aðalmerki: <ref
												target="watermark:A7/3/3">Dárahöfuð 3</ref> //
											Ekkert mótmerki (<locus from="130r" to="130v"
											>130</locus>).</watermark>
									</p>
									<p>
										<watermark n="8">Vatnsmerki 8. Aðalmerki: <ref
												target="watermark:X1">Fangamark LA</ref> // Ekkert
											mótmerki (<locus from="133r" to="133v"
										>133</locus>).</watermark>
									</p>
									<p>
										<watermark n="9">Vatnsmerki 9. Aðalmerki: <ref
												target="watermark:X1">Fangamark PB</ref> // Ekkert
											mótmerki (<locus from="138r" to="139v"
										>138-139</locus>).</watermark>
									</p>
									<p>
										<watermark n="10">Vatnsmerki 10. Aðalmerki: <ref
												target="watermark:A7/3/3">Dárahöfuð 4</ref> //
											Ekkert mótmerki (á víð og dreif á blöðum
										143-275).</watermark>
									</p>
									<p>
										<watermark n="11">Vatnsmerki 11. Aðalmerki: <ref
												target="watermark:A7/3/3">Dárahöfuð 5</ref> //
											Ekkert mótmerki (<locus from="177r" to="178v"
											>177-178</locus>, 177-178<locus from="181r" to="181v"
												>181</locus>, <locus from="186r" to="197v"
											>186-197</locus>, <locus from="199r" to="199v"
											>199</locus>, <locus from="278r" to="278v"
										>278</locus>).</watermark>
									</p>
									<p>
										<watermark n="12">Vatnsmerki 12. Aðalmerki: <ref
												target="watermark:T1">Lítið skjaldarmerki með
												krosslögðum sprotum, kóróna ofan á (?)</ref> //
											Ekkert mótmerki (<locus from="261r" to="261v"
											>261</locus>).</watermark>
									</p>
									<p>
										<watermark n="13">Vatnsmerki 13. Aðalmerki: <ref
												target="watermark:T1">Lítið, ógreinanlegt
												skjaldarmerki</ref> // Ekkert mótmerki (<locus
												from="262r" to="262v">262</locus>).</watermark>
									</p>
								</support>
								<extent>iv + 318 blöð + vi (<dimensions scope="all" type="leaf"
										unit="mm">
										<height>306</height>
										<width>199</width>
									</dimensions>)</extent>

							</supportDesc>
							<layoutDesc>
								<layout columns="1 2" writtenLines="34 37">
									<p>Eindálka.</p>
									<p>Tvídálka að hluta.</p>
									<p> Leturflötur er um <dimensions type="written" unit="mm">
											<height scope="range">255-263</height>
											<width scope="range">150-160</width>
										</dimensions>.</p>
									<p>Línufjöldi er 34-37.</p>
								</layout>
							</layoutDesc>
						</objectDesc>

						<handDesc hands="1">
							<summary>Ein hönd; óþekktur skrifari.</summary>
							<handNote scope="sole" script="unknown" scribe="unknown"/>
						</handDesc>
					</physDesc>

					<history>
						<origin>
							<origDate cert="medium" when="1673">1673</origDate>
						</origin>

						<provenance>Á titilblaði er ritað með blýanti nafn séra <name type="person"
								key="FriEgg001">Friðriks Eggerz</name>, eiginhendi, svo að Jón
							Sigurðsson mun hafa fengið handritið frá honum.</provenance>

						<acquisition>
							<p>Alþingi keypti handrita- og bókasafn Jóns Sigurðssonar árið <date
									when="1878">1878.</date> Safnið var afhent Landsbókasafni að
								honum látnum, en hann lést 7. desember 1879. Það komst í hendur
								safnsins árið <date when="1881">1881</date> er það var flutt í
								Alþingishúsið.</p>
						</acquisition>
					</history>

					<additional>
						<adminInfo>
							<recordHist>
								<source><name type="person" key="JonEin017">Jón Kristinn
									Einarsson</name> bætti við skráningu <date when="2018-09-14">14.
										september 2018</date>; <name type="person" key="GudHra001"
										>Guðný Hrafnkelsdóttir</name> frumskráði, <date
										when="2010-08-05">5. ágúst 2010</date> ; Handritaskrá, 2. b.
									; Átaksverkefni 2010.</source>
							</recordHist>
						</adminInfo>
					</additional>
				</msDesc>
			</sourceDesc>
		</fileDesc>
	</teiHeader>
	<facsimile xml:base="http://www.ImageDirectory.is">
		<surface> </surface>
	</facsimile>
</TEI>
