<?xml version="1.0" encoding="UTF-8"?>
<?oxygen RNGSchema="http://www.handrit.is/schema/handrit-1.0.rnc" type="compact"?>
<TEI xmlns="http://www.tei-c.org/ns/1.0">
	<teiHeader>
		<fileDesc>
			<titleStmt>
				<title type="main">JS 2 4to</title>
			</titleStmt>
			<publicationStmt>
				<authority>Landsbókasafn Íslands - Háskólabókasafn</authority>
				<pubPlace>Reykjavík</pubPlace>
				<date when="2010-07-02">02. júlí 2010</date>
				<availability status="restricted">
					<p>Aðgangur aðeins mögulegur í fræðilegum tilgangi.</p>
				</availability>
			</publicationStmt>
			<sourceDesc>
				<msDesc xml:id="JS04-0002-is" xml:lang="is">
					<msIdentifier>
						<country key="IS">Ísland</country>
						<settlement>Reykjavík</settlement>
						<institution>Landsbókasafn Íslands - Háskólabókasafn</institution>
						<repository>Handritasafn</repository>
						<collection>Handritasafn Jóns Sigurðssonar</collection>
						<idno>JS 2 4to</idno>
						<altIdentifier type="internal" subtype="PEO">
							<idno>4895</idno>
						</altIdentifier>
					</msIdentifier>
					<msContents>
						<textLang mainLang="is">Íslenska</textLang>
						<msItem n="1" defective="unknown" class="kvad">
							<author key="EggOla001">Eggert Ólafsson</author>
							<title type="supplied">Kvæði Eggerts Ólafssonar</title>
							<note>Með hendi Halldórs Árnasonar í Nesi</note>
						</msItem>
					</msContents>
					<physDesc>
						<objectDesc form="codex">
							<supportDesc material="chart">
								<support>
									<p>Pappír.</p>
								</support>
								<extent>888 blaðsíður (<dimensions scope="all" type="leaf" unit="mm">
										<height>178</height>
										<width>151</width>
									</dimensions>).</extent>
							</supportDesc>
						</objectDesc>
						<handDesc hands="1">
							<summary>Ein hönd ; Skrifari:</summary>
							<handNote scope="sole" script="unknown" scribe="HalArn001"><name
									type="person" key="HalArn001">Halldór Árnarson</name>.
							</handNote>
						</handDesc>
						<bindingDesc>
							<binding contemporary="true">
								<p>Skinnband.</p>
							</binding>
						</bindingDesc>
					</physDesc>
					<history>
						<origin>
							<origPlace key="is">Ísland</origPlace>
							<origDate cert="high" when="1820">1820.</origDate>
						</origin>
						<acquisition>
							<p>Alþingi keypti handrita- og bókasafn Jóns Sigurðssonar árið <date
									when="1878">1878.</date> Safnið var afhent Landsbókasafni að
								honum látnum, en hann lést 7. desember 1879. Það komst í hendur
								safnsins árið <date when="1881">1881</date> er það var flutt í
								Alþingishúsið.</p>
						</acquisition>
					</history>
					<additional>
						<adminInfo>
							<recordHist>
								<source>
									<name type="person" key="SigJor001">Sigríður Hjördís
										Jörundsdóttir</name> yfirfór skráningu <date
										when="2012-05-23">23. maí 2012</date> ; <name type="person"
										key="JulArn001">Júlíus Árnason</name> frumskráði, <date
										when="2010-07-02">2. júlí 2010</date> ; Handritaskrá, 2. b.
									; Átaksverkefni 2010</source>
							</recordHist>
						</adminInfo>
					</additional>
				</msDesc>
			</sourceDesc>
		</fileDesc>
	</teiHeader>
	<facsimile xml:base="http://www.ImageDirectory.is">
		<surface> </surface>
	</facsimile>
</TEI>
