<?xml version="1.0" encoding="UTF-8"?>
<?oxygen RNGSchema="http://www.handrit.is/schema/handrit-1.0.rnc" type="compact"?>
<TEI xmlns="http://www.tei-c.org/ns/1.0">
	<teiHeader>
		<fileDesc>
			<titleStmt>
				<title type="main">JS 4 8vo</title>
				<title type="subordinate"/>
			</titleStmt>
			<publicationStmt>
				<authority>Landsbókasafn Íslands - Háskólabókasafn</authority>
				<pubPlace>Reykjavík</pubPlace>
				<date when="2010-06-10">10. júní 2010</date>
				<availability status="restricted">
					<p>Aðgangur aðeins mögulegur í fræðilegum tilgangi.</p>
				</availability>
			</publicationStmt>
			<sourceDesc>
				<msDesc xml:id="JS08-0004-is" xml:lang="is">
					<msIdentifier>
						<country key="IS">Ísland</country>
						<settlement>Reykjavík</settlement>
						<institution>Landsbókasafn Íslands - Háskólabókasafn</institution>
						<repository>Handritasafn</repository>
						<collection>Handritasafn Jóns Sigurðssonar</collection>
						<idno>JS 4 8vo</idno>
						<altIdentifier type="internal" subtype="PEO">
							<idno>5547</idno>
						</altIdentifier>
					</msIdentifier>

					<msContents>
						<summary>
							<title type="supplied">Heimskunnar Hrósan</title>
						</summary>

						<textLang mainLang="is">Íslenska</textLang>

						<msItem n="1" defective="unknown" class="heims sidfr">

							<author key="EraDest001">Erasmus Desiderius frá Rotterdam</author>
							<title type="supplied">Heimskunnar Hrósan</title>
							<rubric>E. Rotterodami Heimskunnar Hrósan…</rubric>
							<note>Útlögð að Þvottá í Álftafirði anno 1730.</note>
							<respStmt>
								<resp key="trl">Þýðandi</resp>
								<name key="HjoTho001" type="person">Hjörleifur Þórðarson</name>
							</respStmt>
						</msItem>


					</msContents>

					<physDesc>
						<objectDesc form="codex">
							<supportDesc material="chart">
								<extent>160 blaðsíður (<dimensions scope="all" type="leaf" unit="mm">
										<height>168</height>
										<width>104</width>
									</dimensions>).</extent>
							</supportDesc>
						</objectDesc>

						<handDesc hands="1">
							<summary>Ein hönd ; Skrifari:</summary>
							<handNote scope="sole" script="unknown" scribe="HalHja002"><name
									type="person" key="HalHja002">Halldór Hjálmarsson</name>.
							</handNote>
						</handDesc>
						<bindingDesc>
							<binding>
								<p>Skinnhefti.</p>

							</binding>
						</bindingDesc>
					</physDesc>

					<history>
						<origin>
							<origPlace key="is">Ísland</origPlace>
							<origDate cert="medium" when="1800">1800</origDate>
						</origin>
						<acquisition>
							<p>Alþingi keypti handrita- og bókasafn Jóns Sigurðssonar árið <date
								when="1878">1878.</date> Safnið var afhent Landsbókasafni að
								honum látnum, en hann lést 7. desember 1879. Það komst í hendur
								safnsins árið <date when="1881">1881</date> er það var flutt í
								Alþingishúsið.</p>
						</acquisition>

					</history>

					<additional>
						<adminInfo>
							<recordHist>
								<source><name type="person" key="JulArn001">Júlíus Árnason</name>
									frumskráði, <date when="2010-06-10">10. júní 2010</date> ;
									Handritaskrá, 2. b. ; Átaksverkefni 2010</source>
							</recordHist>
						</adminInfo>
					</additional>
				</msDesc>
			</sourceDesc>
		</fileDesc>
	</teiHeader>
	<facsimile xml:base="http://www.ImageDirectory.is">
		<surface> </surface>
	</facsimile>
</TEI>
