<?xml version="1.0" encoding="UTF-8"?>
<?oxygen RNGSchema="http://www.handrit.is/schema/handrit-1.0.rnc" type="compact"?>
<TEI xmlns="http://www.tei-c.org/ns/1.0">
	<teiHeader>
		<fileDesc>
			<titleStmt>
				<title type="main">JS dipl 3</title>
				<title type="subordinate">Jarðaskiptabréf, 28. september 1439</title>
			</titleStmt>
			<publicationStmt>
				<authority>Landsbókasafn Íslands - Háskólabókasafn</authority>
				<pubPlace>Reykjavík</pubPlace>
				<date when="2014-09-30">30. september 2014</date>
				<availability status="restricted">
					<p>Aðgangur aðeins mögulegur í fræðilegum tilgangi.</p>
				</availability>
			</publicationStmt>
			<sourceDesc>
				<msDesc xml:id="JSDipl-0003-is" xml:lang="is">
					<msIdentifier>
						<country key="IS">Ísland</country>
						<settlement>Reykjavík</settlement>
						<institution>Landsbókasafn Íslands - Háskólabókasafn</institution>
						<repository>Handritasafn</repository>
						<collection>Skinnblöð Landsbókasafns</collection>
						<idno>JS dipl 3</idno>
					</msIdentifier>
					<msContents>
						<textLang mainLang="is">Íslenska</textLang>
						<msItem defective="true" class="fornb">
							<title type="supplied">Jarðaskiptabréf</title>
							<note>Jarðaskiptabréf <name type="person" key="BjoTho002">Björns Þorleifssonar</name> og <name type="person" key="EirLop001">Eiríks Loptssonar</name> um Grund í Eyjafirði og
									Sjóarborg og fleiri jarðir, 23. september 1439. Frumrit.</note>
							<bibl>Prentað í <ref type="primary-2" target="DiplIsl">Diplomatarium Islandicum</ref>
								<biblScope type="volume">IV</biblScope>
								<biblScope type="pages">600-601</biblScope> eftir uppskrift Árna
								Magnússonar af frumbréfinu.</bibl>
						</msItem>
					</msContents>
					<physDesc>
						<objectDesc form="codex">
							<supportDesc material="perg">
								<support>
									<p>Skinn.</p>
								</support>
							</supportDesc>
						</objectDesc>
						<sealDesc>
							<seal>
								<p>Sjö innsigli hafa verið fyrir bréfinu; innsigli Eiríks Loptssonar
									og fimm kaupvotta eru varðveitt, sum brákuð; innsigli sjötta
									vottarins horfið.</p>
							</seal>
						</sealDesc>
					</physDesc>
					<history>
						<origin>
							<origPlace>Ísland</origPlace>
							<origDate cert="high" when="1439-09-23">23. september
							1439.</origDate>
						</origin>
					</history>
					<additional>
						<adminInfo>
							<recordHist>
								<source><name type="person" key="WolHes001">Wolfgang Hesse</name>
									skráði fyrir myndatöku, <date when="2014-09-30">30. september
										2014</date>.</source>
							</recordHist>
							<custodialHist>
								<custEvent type="check">
									<p>Athugað fyrir myndatöku <date when="2014-10">október
										2014</date>.</p>
								</custEvent>
								<custEvent type="photography">
									<p> Myndað í <date when="2014-11">nóvember 2014</date>.</p>
								</custEvent>
							</custodialHist>
						</adminInfo>
						<surrogates>
							<p> Myndað fyrir handritavef í <date when="2014-11">nóvember
								2014</date>.</p>
						</surrogates>
					</additional>
				</msDesc>
			</sourceDesc>
		</fileDesc>
	</teiHeader>
	<facsimile xml:base="https://myndir.handrit.is/file/Handrit.is/">
		<surface xml:id="JSDipl-0003-0001r" n="0">
			<desc>0001r</desc>
			<graphic mimeType="pdf" url="JS%20dipl%203/0/HIGH_QUALITY_DISPLAY"/>
			<graphic mimeType="jpg" url="JS%20dipl%203/0/THUMBNAIL" width="200px" height="136px"/>
			<graphic mimeType="jpg" url="JS%20dipl%203/0/SECONDARY_DISPLAY" width="4844px" height="3296px"/>
			<graphic mimeType="pdf" url="JS%20dipl%203/0/WEB_DISPLAY"/>
		</surface>
		<surface xml:id="JSDipl-0003-0001v" n="1">
			<desc>0001v</desc>
			<graphic mimeType="pdf" url="JS%20dipl%203/1/HIGH_QUALITY_DISPLAY"/>
			<graphic mimeType="jpg" url="JS%20dipl%203/1/THUMBNAIL" width="200px" height="133px"/>
			<graphic mimeType="jpg" url="JS%20dipl%203/1/SECONDARY_DISPLAY" width="4876px" height="3248px"/>
			<graphic mimeType="pdf" url="JS%20dipl%203/1/WEB_DISPLAY"/>
		</surface>
		<surface xml:id="JSDipl-0003-Scale" n="2">
			<desc>Scale</desc>
			<graphic mimeType="pdf" url="JS%20dipl%203/2/HIGH_QUALITY_DISPLAY"/>
			<graphic mimeType="jpg" url="JS%20dipl%203/2/THUMBNAIL" width="200px" height="119px"/>
			<graphic mimeType="jpg" url="JS%20dipl%203/2/SECONDARY_DISPLAY" width="5549px" height="3307px"/>
			<graphic mimeType="pdf" url="JS%20dipl%203/2/WEB_DISPLAY"/>
		</surface>
		<surface xml:id="JSDipl-0003-ccp" n="3">
			<desc>ccp</desc>
			<graphic mimeType="pdf" url="JS%20dipl%203/3/HIGH_QUALITY_DISPLAY"/>
			<graphic mimeType="jpg" url="JS%20dipl%203/3/THUMBNAIL" width="200px" height="94px"/>
			<graphic mimeType="jpg" url="JS%20dipl%203/3/SECONDARY_DISPLAY" width="7279px" height="3429px"/>
			<graphic mimeType="pdf" url="JS%20dipl%203/3/WEB_DISPLAY"/>
		</surface>
	</facsimile>
</TEI>