<?xml version="1.0" encoding="UTF-8"?>
<?oxygen RNGSchema="http://www.handrit.is/schema/handrit-1.0.rnc" type="compact"?>
<TEI xmlns="http://www.tei-c.org/ns/1.0">
	<teiHeader>
		<fileDesc>
			<titleStmt>
				<title type="main">JS dipl 7</title>
				<title type="subordinate">Sýsluveitingarbréf, 24. nóvember 1509</title>
			</titleStmt>
			<publicationStmt>
				<authority>Landsbókasafn Íslands - Háskólabókasafn</authority>
				<pubPlace>Reykjavík</pubPlace>
				<date when="2014-10-01">1. október 2014</date>
				<availability status="restricted">
					<p>Aðgangur aðeins mögulegur í fræðilegum tilgangi.</p>
				</availability>
			</publicationStmt>
			<sourceDesc>
				<msDesc xml:id="JSDipl-0007-is" xml:lang="is">
					<msIdentifier>
						<country key="IS">Ísland</country>
						<settlement>Reykjavík</settlement>
						<institution>Landsbókasafn Íslands - Háskólabókasafn</institution>
						<repository>Handritasafn</repository>
						<collection>Skinnblöð Landsbókasafns</collection>
						<idno>JS dipl 7</idno>
					</msIdentifier>
					<msContents>
						<textLang mainLang="is">Íslenska</textLang>
						<msItem defective="true" class="fornb">
							<title type="supplied">Sýsluveitingarbréf</title>
							<filiation>Var upphaflega í <ref target="JS04-0607-is" type="ms">JS 607
									4to</ref>.</filiation>
							<note>Sýsluveitingarbréf <name type="person" key="JonSig002">Jóns
									lögmanns Sigmundssonar</name> til handa <name type="person" key="BjoGud002">Birni Guðnasyni</name>, 24. nóvember 1509.
									Frumit.</note>
							<bibl>Prentað eftir frumritinu í <ref type="primary-1" target="DiplIsl">Diplomatarium Islandicum</ref>
								<biblScope type="volume">VIII</biblScope>
								<biblScope type="pages">296-299</biblScope>.</bibl>
						</msItem>
					</msContents>
					<physDesc>
						<objectDesc form="codex">
							<supportDesc material="perg">
								<support>
									<p>Skinn.</p>
								</support>
							</supportDesc>
						</objectDesc>
						<sealDesc>
							<seal>
								<p>Innsigli og þvengur glatað.</p>
							</seal>
						</sealDesc>
					</physDesc>
					<history>
						<origin>
							<origPlace>Ísland</origPlace>
							<origDate cert="high" when="1509-11-24">24. nóvember
							1509.</origDate>
						</origin>
					</history>
					<additional>
						<adminInfo>
							<recordHist>
								<source><name type="person" key="WolHes001">Wolfgang Hesse</name>
									skráði fyrir myndatöku, <date when="2014-10-01">1. október
									2014</date>.</source>
							</recordHist>
							<custodialHist>
								<custEvent type="check">
									<p>Athugað fyrir myndatöku <date when="2014-10">október
										2014</date>.</p>
								</custEvent>
								<custEvent type="photography">
									<p> Myndað í <date when="2014-11">nóvember 2014</date>.</p>
								</custEvent>
							</custodialHist>
						</adminInfo>
						<surrogates>
							<p> Myndað fyrir handritavef í <date when="2014-11">nóvember
								2014</date>.</p>
						</surrogates>
					</additional>
				</msDesc>
			</sourceDesc>
		</fileDesc>
	</teiHeader>
	<facsimile xml:base="https://myndir.handrit.is/file/Handrit.is/">
		<surface xml:id="JSDipl-0007-0001r" n="0">
			<desc>0001r</desc>
			<graphic mimeType="pdf" url="JS%20dipl%207/0/HIGH_QUALITY_DISPLAY"/>
			<graphic mimeType="jpg" url="JS%20dipl%207/0/THUMBNAIL" width="200px" height="76px"/>
			<graphic mimeType="jpg" url="JS%20dipl%207/0/SECONDARY_DISPLAY" width="4544px" height="1732px"/>
			<graphic mimeType="pdf" url="JS%20dipl%207/0/WEB_DISPLAY"/>
		</surface>
		<surface xml:id="JSDipl-0007-0001v" n="1">
			<desc>0001v</desc>
			<graphic mimeType="pdf" url="JS%20dipl%207/1/HIGH_QUALITY_DISPLAY"/>
			<graphic mimeType="jpg" url="JS%20dipl%207/1/THUMBNAIL" width="200px" height="76px"/>
			<graphic mimeType="jpg" url="JS%20dipl%207/1/SECONDARY_DISPLAY" width="4544px" height="1722px"/>
			<graphic mimeType="pdf" url="JS%20dipl%207/1/WEB_DISPLAY"/>
		</surface>
		<surface xml:id="JSDipl-0007-Scale" n="2">
			<desc>Scale</desc>
			<graphic mimeType="pdf" url="JS%20dipl%207/2/HIGH_QUALITY_DISPLAY"/>
			<graphic mimeType="jpg" url="JS%20dipl%207/2/THUMBNAIL" width="200px" height="97px"/>
			<graphic mimeType="jpg" url="JS%20dipl%207/2/SECONDARY_DISPLAY" width="5174px" height="2502px"/>
			<graphic mimeType="pdf" url="JS%20dipl%207/2/WEB_DISPLAY"/>
		</surface>
		<surface xml:id="JSDipl-0007-ccp" n="3">
			<desc>ccp</desc>
			<graphic mimeType="pdf" url="JS%20dipl%207/3/HIGH_QUALITY_DISPLAY"/>
			<graphic mimeType="jpg" url="JS%20dipl%207/3/THUMBNAIL" width="200px" height="96px"/>
			<graphic mimeType="jpg" url="JS%20dipl%207/3/SECONDARY_DISPLAY" width="7065px" height="3388px"/>
			<graphic mimeType="pdf" url="JS%20dipl%207/3/WEB_DISPLAY"/>
		</surface>
	</facsimile>
</TEI>