<?xml version="1.0" encoding="UTF-8"?>
<?oxygen RNGSchema="http://www.handrit.is/schema/handrit-1.0.rnc" type="compact"?>
<TEI xmlns="http://www.tei-c.org/ns/1.0">
	<teiHeader>
		<fileDesc>
			<titleStmt>
				<title type="main">JS dipl 4</title>
				<title type="subordinate">Kaupbréf, 11. apríl 1461</title>
			</titleStmt>
			<publicationStmt>
				<authority>Landsbókasafn Íslands - Háskólabókasafn</authority>
				<pubPlace>Reykjavík</pubPlace>
				<date when="2014-09-30">30. september 2014</date>
				<availability status="restricted">
					<p>Aðgangur aðeins mögulegur í fræðilegum tilgangi.</p>
				</availability>
			</publicationStmt>
			<sourceDesc>
				<msDesc xml:id="JSDipl-0004-is" xml:lang="is">
					<msIdentifier>
						<country key="IS">Ísland</country>
						<settlement>Reykjavík</settlement>
						<institution>Landsbókasafn Íslands - Háskólabókasafn</institution>
						<repository>Handritasafn</repository>
						<collection>Skinnblöð Landsbókasafns</collection>
						<idno>JS dipl 4</idno>
					</msIdentifier>
					<msContents>
						<textLang mainLang="is">Íslenska</textLang>
						<msItem defective="true" class="fornb">
							<title type="supplied">Kaupbréf</title>
							<note>Kaupbréf fyrir <name type="place" key="KriHra01">Kristnesi</name> í Eyjafirði, 11. apríl 1461.
							Frumrit.</note>
							<bibl>Prentað eftir frumritinu í <ref type="primary-1" target="DiplIsl">Diplomatarium Islandicum</ref>
								<biblScope type="volume">V</biblScope>
								<biblScope type="pages">225-226</biblScope>.</bibl>
						</msItem>
					</msContents>
					<physDesc>
						<objectDesc form="codex">
							<supportDesc material="perg">
								<support>
									<p>Skinn.</p>
								</support>
							</supportDesc>
						</objectDesc>
						<sealDesc>
							<seal>
								<p>Innsigli þriggja kaupvotta hafa verið fyrir bréfinu, en aðeins
									þvengirnir eru nú eftir.</p>
							</seal>
						</sealDesc>
					</physDesc>
					<history>
						<origin>
							<origPlace>Ísland</origPlace>
							<origDate cert="high" when="1461-04-11">11. apríl 1461.</origDate>
						</origin>
					</history>
					<additional>
						<adminInfo>
							<recordHist>
								<source><name type="person" key="WolHes001">Wolfgang Hesse</name>
									skráði fyrir myndatöku, <date when="2014-09-30">30. september
										2014</date>.</source>
							</recordHist>
							<custodialHist>
								<custEvent type="check">
									<p>Athugað fyrir myndatöku <date when="2014-10">október
										2014</date>.</p>
								</custEvent>
								<custEvent type="photography">
									<p> Myndað í <date when="2014-11">nóvember 2014</date>.</p>
								</custEvent>
							</custodialHist>
						</adminInfo>
						<surrogates>
							<p> Myndað fyrir handritavef í <date when="2014-11">nóvember
								2014</date>.</p>
						</surrogates>
					</additional>
				</msDesc>
			</sourceDesc>
		</fileDesc>
	</teiHeader>
	<facsimile xml:base="https://myndir.handrit.is/file/Handrit.is/">
		<surface xml:id="JSDipl-0004-0001r" n="0">
			<desc>0001r</desc>
			<graphic mimeType="pdf" url="JS%20dipl%204/0/HIGH_QUALITY_DISPLAY"/>
			<graphic mimeType="jpg" url="JS%20dipl%204/0/THUMBNAIL" width="200px" height="121px"/>
			<graphic mimeType="jpg" url="JS%20dipl%204/0/SECONDARY_DISPLAY" width="3791px" height="2297px"/>
			<graphic mimeType="pdf" url="JS%20dipl%204/0/WEB_DISPLAY"/>
		</surface>
		<surface xml:id="JSDipl-0004-0001v" n="1">
			<desc>0001v</desc>
			<graphic mimeType="pdf" url="JS%20dipl%204/1/HIGH_QUALITY_DISPLAY"/>
			<graphic mimeType="jpg" url="JS%20dipl%204/1/THUMBNAIL" width="200px" height="121px"/>
			<graphic mimeType="jpg" url="JS%20dipl%204/1/SECONDARY_DISPLAY" width="3805px" height="2304px"/>
			<graphic mimeType="pdf" url="JS%20dipl%204/1/WEB_DISPLAY"/>
		</surface>
		<surface xml:id="JSDipl-0004-Scale" n="2">
			<desc>Scale</desc>
			<graphic mimeType="pdf" url="JS%20dipl%204/2/HIGH_QUALITY_DISPLAY"/>
			<graphic mimeType="jpg" url="JS%20dipl%204/2/THUMBNAIL" width="200px" height="113px"/>
			<graphic mimeType="jpg" url="JS%20dipl%204/2/SECONDARY_DISPLAY" width="4444px" height="2510px"/>
			<graphic mimeType="pdf" url="JS%20dipl%204/2/WEB_DISPLAY"/>
		</surface>
		<surface xml:id="JSDipl-0004-ccp" n="3">
			<desc>ccp</desc>
			<graphic mimeType="pdf" url="JS%20dipl%204/3/HIGH_QUALITY_DISPLAY"/>
			<graphic mimeType="jpg" url="JS%20dipl%204/3/THUMBNAIL" width="200px" height="107px"/>
			<graphic mimeType="jpg" url="JS%20dipl%204/3/SECONDARY_DISPLAY" width="6378px" height="3397px"/>
			<graphic mimeType="pdf" url="JS%20dipl%204/3/WEB_DISPLAY"/>
		</surface>
	</facsimile>
</TEI>