<?xml version="1.0" encoding="UTF-8"?>
<?oxygen RNGSchema="http://www.handrit.is/schema/handrit-1.0.rnc" type="compact"?>
<TEI xmlns="http://www.tei-c.org/ns/1.0">
	<teiHeader>
		<fileDesc>
			<titleStmt>
				<title type="main">JS fragm 6</title>
				<title type="subordinate">Íslendingasögur, 1550-1600</title>
			</titleStmt>
			<publicationStmt>
				<authority>Landsbókasafn Íslands - Háskólabókasafn</authority>
				<pubPlace>Reykjavík</pubPlace>
				<date when="2014-10-02">2. október 2014</date>
				<availability status="restricted">
					<p>Aðgangur aðeins mögulegur í fræðilegum tilgangi.</p>
				</availability>
			</publicationStmt>
			<sourceDesc>
				<msDesc xml:id="JSFragm-0006-is" xml:lang="is">
					<msIdentifier>
						<country key="IS">Ísland</country>
						<settlement>Reykjavík</settlement>
						<institution>Landsbókasafn Íslands - Háskólabókasafn</institution>
						<repository>Handritasafn</repository>
						<collection>Skinnblöð Landsbókasafns</collection>
						<idno>JS fragm 6</idno>
						<msName>Króka-Refs saga</msName>
					</msIdentifier>
					<msContents>
						<summary>
							<title type="supplied">Íslendingasögur</title>
						</summary>
						<textLang mainLang="is">Íslenska</textLang>
						<msItem n="1" defective="true" class="isl">
							<locus from="1r" facs="#JSFragm-0006-0001r" to="1v">1r-1v</locus>
							<title type="uniform">Króka-Refs saga</title>
							<incipit>ganga fram j slikum osoma at banna fe …</incipit>
							<explicit>… vil ec at þw giorir mier selabat</explicit>
							<bibl>Pálmi Pálsson: <ref target="PálPál1883a">Króka-Refs saga
									1883</ref><biblScope type="pages">4-9</biblScope>.</bibl>
						</msItem>
						<msItem n="2" defective="true" class="isl">
							<locus from="2r" facs="#JSFragm-0006-0002r" to="2v">2r-2v</locus>
							<title type="uniform">Bandamanna saga</title>
							<incipit>tveim hondum hafa vid þuilika menn …</incipit>
							<explicit>… Nu þarf eigi vid at dyliazt at osp.</explicit>
							<bibl>Hallvard Mageröy: <ref target="HalMag1956a">Bandamanna saga</ref>,
									<biblScope type="pages">13-25</biblScope>. </bibl>
							<bibl>Gustaf Cederschiöld: <ref target="GusCed1889">Bidrag till kritiken
									af Bandamannasagas text</ref>, <biblScope type="pages">150-154</biblScope>. </bibl>
							<bibl>Finnur Jónsson: <ref target="STUAGNL57">Bandamanna saga
									1933</ref><biblScope type="pages">III-V</biblScope>.</bibl>
							<bibl><ref target="ÍF">Íslenzk fornrit</ref>, <biblScope type="volume">VII</biblScope><biblScope type="pages">XCIII</biblScope>.</bibl>
						</msItem>
					</msContents>
					<physDesc>
						<objectDesc form="codex">
							<supportDesc material="perg">
								<support>
									<p>Skinn.</p>
								</support>
								<extent>2 samföst blöð, ósamstæð (<dimensions scope="all" type="leaf" unit="mm">
										<height>200</height>
										<width>160</width>
									</dimensions>).</extent>
								<condition>Blöðin hafa verið notuð í band á bók, og er skorin um 2
									cm breið ræma af útjaðri fremra blaðs.</condition>
							</supportDesc>
						</objectDesc>
					</physDesc>
					<history>
						<origin>
							<origPlace>Ísland</origPlace>
							<origDate cert="medium" notBefore="1450" notAfter="1500">á ofanverðri
								15. öld.</origDate>
							<p>Í handritaskrá stendur að blaðið sé frá ofanverðri 16. öld, en
								líklega er það prentvilla. Á miða sem fylgir handritinu hefur Jón
								Sigurðsson skrifað að það sé frá ofanverðri 15. öld.</p>
						</origin>
					</history>
					<additional>
						<adminInfo>
							<recordHist>
								<source><name type="person" key="HalKri001">Halldóra
										Kristinsdóttir</name> lagfærði skráningu <date when="2021-02-17">17. febrúar 2021</date> ; <name type="person" key="WolHes001">Wolfgang Hesse</name> skráði fyrir
									myndatöku, <date when="2014-10-02">2. október
									2014</date>.</source>
							</recordHist>
							<custodialHist>
								<custEvent type="check">
									<p>Athugað fyrir myndatöku <date when="2014-10">október
											2014</date>.</p>
								</custEvent>
								<custEvent type="photography">
									<p> Myndað í <date when="2014-10">október 2014</date>.</p>
								</custEvent>
							</custodialHist>
						</adminInfo>
						<surrogates>
							<p> Myndað fyrir handritavef í <date when="2014-10">október
								2014</date>.</p>
						</surrogates>
					</additional>
				</msDesc>
			</sourceDesc>
		</fileDesc>
	</teiHeader>
	<facsimile xml:base="https://myndir.handrit.is/file/Handrit.is/">
		<surface xml:id="JSFragm-0006-0001r" n="0">
			<desc>0001r</desc>
			<graphic mimeType="pdf" url="JS%20fragm%206/0/HIGH_QUALITY_DISPLAY"/>
			<graphic mimeType="jpg" url="JS%20fragm%206/0/THUMBNAIL" width="200px" height="239px"/>
			<graphic mimeType="jpg" url="JS%20fragm%206/0/SECONDARY_DISPLAY" width="2139px" height="2554px"/>
			<graphic mimeType="pdf" url="JS%20fragm%206/0/WEB_DISPLAY"/>
		</surface>
		<surface xml:id="JSFragm-0006-0001v" n="1">
			<desc>0001v</desc>
			<graphic mimeType="pdf" url="JS%20fragm%206/1/HIGH_QUALITY_DISPLAY"/>
			<graphic mimeType="jpg" url="JS%20fragm%206/1/THUMBNAIL" width="200px" height="245px"/>
			<graphic mimeType="jpg" url="JS%20fragm%206/1/SECONDARY_DISPLAY" width="2100px" height="2576px"/>
			<graphic mimeType="pdf" url="JS%20fragm%206/1/WEB_DISPLAY"/>
		</surface>
		<surface xml:id="JSFragm-0006-0002r" n="2">
			<desc>0002r</desc>
			<graphic mimeType="pdf" url="JS%20fragm%206/2/HIGH_QUALITY_DISPLAY"/>
			<graphic mimeType="jpg" url="JS%20fragm%206/2/THUMBNAIL" width="200px" height="277px"/>
			<graphic mimeType="jpg" url="JS%20fragm%206/2/SECONDARY_DISPLAY" width="1820px" height="2524px"/>
			<graphic mimeType="pdf" url="JS%20fragm%206/2/WEB_DISPLAY"/>
		</surface>
		<surface xml:id="JSFragm-0006-0002v" n="3">
			<desc>0002v</desc>
			<graphic mimeType="pdf" url="JS%20fragm%206/3/HIGH_QUALITY_DISPLAY"/>
			<graphic mimeType="jpg" url="JS%20fragm%206/3/THUMBNAIL" width="200px" height="277px"/>
			<graphic mimeType="jpg" url="JS%20fragm%206/3/SECONDARY_DISPLAY" width="1844px" height="2556px"/>
			<graphic mimeType="pdf" url="JS%20fragm%206/3/WEB_DISPLAY"/>
		</surface>
		<surface xml:id="JSFragm-0006-accMat01r" n="4">
			<desc>accMat01r</desc>
			<graphic mimeType="pdf" url="JS%20fragm%206/4/HIGH_QUALITY_DISPLAY"/>
			<graphic mimeType="jpg" url="JS%20fragm%206/4/THUMBNAIL" width="200px" height="245px"/>
			<graphic mimeType="jpg" url="JS%20fragm%206/4/SECONDARY_DISPLAY" width="2512px" height="3076px"/>
			<graphic mimeType="pdf" url="JS%20fragm%206/4/WEB_DISPLAY"/>
		</surface>
		<surface xml:id="JSFragm-0006-accMat01v" n="5">
			<desc>accMat01v</desc>
			<graphic mimeType="pdf" url="JS%20fragm%206/5/HIGH_QUALITY_DISPLAY"/>
			<graphic mimeType="jpg" url="JS%20fragm%206/5/THUMBNAIL" width="200px" height="245px"/>
			<graphic mimeType="jpg" url="JS%20fragm%206/5/SECONDARY_DISPLAY" width="2520px" height="3084px"/>
			<graphic mimeType="pdf" url="JS%20fragm%206/5/WEB_DISPLAY"/>
		</surface>
		<surface xml:id="JSFragm-0006-Scale" n="6">
			<desc>Scale</desc>
			<graphic mimeType="pdf" url="JS%20fragm%206/6/HIGH_QUALITY_DISPLAY"/>
			<graphic mimeType="jpg" url="JS%20fragm%206/6/THUMBNAIL" width="200px" height="183px"/>
			<graphic mimeType="jpg" url="JS%20fragm%206/6/SECONDARY_DISPLAY" width="2898px" height="2650px"/>
			<graphic mimeType="pdf" url="JS%20fragm%206/6/WEB_DISPLAY"/>
		</surface>
		<surface xml:id="JSFragm-0006-ccp" n="7">
			<desc>ccp</desc>
			<graphic mimeType="pdf" url="JS%20fragm%206/7/HIGH_QUALITY_DISPLAY"/>
			<graphic mimeType="jpg" url="JS%20fragm%206/7/THUMBNAIL" width="200px" height="137px"/>
			<graphic mimeType="jpg" url="JS%20fragm%206/7/SECONDARY_DISPLAY" width="4974px" height="3396px"/>
			<graphic mimeType="pdf" url="JS%20fragm%206/7/WEB_DISPLAY"/>
		</surface>
	</facsimile>
</TEI>
