<?xml version="1.0" encoding="UTF-8"?>
<?oxygen RNGSchema="http://www.handrit.is/schema/handrit-1.0.rnc" type="compact"?>
<TEI xmlns="http://www.tei-c.org/ns/1.0">
	<teiHeader>
		<fileDesc>
			<titleStmt>
				<title type="main">JS fragm 7</title>
				<title type="subordinate">Tveggja postula saga Jóns og Jakobs, 1300-1350</title>
			</titleStmt>
			<publicationStmt>
				<authority>Landsbókasafn Íslands - Háskólabókasafn</authority>
				<pubPlace>Reykjavík</pubPlace>
				<date when="2014-09-29">29. september 2014</date>
				<availability status="restricted">
					<p>Aðgangur aðeins mögulegur í fræðilegum tilgangi.</p>
				</availability>
			</publicationStmt>
			<sourceDesc>
				<msDesc xml:id="JSFragm-0007-is" xml:lang="is">
					<msIdentifier>
						<country key="IS">Ísland</country>
						<settlement>Reykjavík</settlement>
						<institution>Landsbókasafn Íslands - Háskólabókasafn</institution>
						<repository>Handritasafn</repository>
						<collection>Skinnblöð Landsbókasafns</collection>
						<idno>JS fragm 7</idno>
						<msName>Tveggja postula saga Jóns og Jakobs</msName>
					</msIdentifier>
					<msContents>
						<textLang mainLang="is">Íslenska</textLang>
						<msItem defective="true" class="post">
							<title type="supplied">Tveggja postula saga Jóns og Jakobs</title>
							<incipit>… ðr ok innkastaðr millum aNara postola …</incipit>
							<explicit>… fellr merkismaðr og frumuattr christniNar hinn heilagi
								S[tephanus]</explicit>
						</msItem>
					</msContents>
					<physDesc>
						<objectDesc form="codex">
							<supportDesc material="perg">
								<support>
									<p>Skinn.</p>
								</support>
								<extent>2 samföst blöð (<dimensions scope="all" type="leaf" unit="mm">
										<height>220</height>
										<width>130</width>
								</dimensions>).</extent>
								<condition>Hafa verið utan um bók; skorið ofan af báðum
									blöðum sem svarar 4 línum af texta, en af útjöðrum allt að
									þriðjungi lesmáls. Á milli blaðanna vantar 2 blöð.</condition>
							</supportDesc>
							<layoutDesc>
								<layout columns="1">
									<p>Texti eindálkaður.</p>
								</layout>
							</layoutDesc>
						</objectDesc>
						<decoDesc>
							<decoNote type="paratext">Rauðar fyrirsagnir.</decoNote>
							<decoNote type="initial">Rauðir og grænir upphafsstafir.</decoNote>
						</decoDesc>
					</physDesc>
					<history>
						<origin>
							<origPlace>Ísland</origPlace>
							<origDate cert="medium" notBefore="1300" notAfter="1350">á fyrri helmingi 14. aldar.</origDate>
						</origin>
						<provenance>
							<p>Á blaði 1r neðst stendur með höndum frá 16.-17. öld: "sigrijdur
								Einarsdottir med eigin hende"; "Steffan Gudbjarna[rson]". Á blaði 2r
								neðst: "Jon Biarnason m[ed] Eigin hand." Á blaði 1v neðst er krot
								(18. öld?) sem ekki verður lesið með vissu.</p>
						</provenance>
					</history>
					<additional>
						<adminInfo>
							<recordHist>
								<source><name type="person" key="WolHes001">Wolfgang
									Hesse</name> skráði fyrir myndatöku, <date when="2014-09-29">29.
										september 2014</date>.</source>
							</recordHist>
							<custodialHist>
								<custEvent type="check">
									<p>Athugað fyrir myndatöku <date when="2014-10">október
										2014</date>.</p>
								</custEvent>
								<custEvent type="photography">
									<p> Myndað í <date when="2014-10">október 2014</date>.</p>
								</custEvent>
							</custodialHist>
						</adminInfo>
						<surrogates>
							<p> Myndað fyrir handritavef í <date when="2014-10">október
								2014</date>.</p>
						</surrogates>
					</additional>
				</msDesc>
			</sourceDesc>
		</fileDesc>
	</teiHeader>
	<facsimile xml:base="https://myndir.handrit.is/file/Handrit.is/">
		<surface xml:id="JSFragm-0007-0001r" n="0">
			<desc>0001r</desc>
			<graphic mimeType="pdf" url="JS%20fragm%207/0/HIGH_QUALITY_DISPLAY"/>
			<graphic mimeType="jpg" url="JS%20fragm%207/0/THUMBNAIL" width="188px" height="300px"/>
			<graphic mimeType="jpg" url="JS%20fragm%207/0/SECONDARY_DISPLAY" width="1744px" height="2780px"/>
			<graphic mimeType="pdf" url="JS%20fragm%207/0/WEB_DISPLAY"/>
		</surface>
		<surface xml:id="JSFragm-0007-0001v" n="1">
			<desc>0001v</desc>
			<graphic mimeType="pdf" url="JS%20fragm%207/1/HIGH_QUALITY_DISPLAY"/>
			<graphic mimeType="jpg" url="JS%20fragm%207/1/THUMBNAIL" width="181px" height="300px"/>
			<graphic mimeType="jpg" url="JS%20fragm%207/1/SECONDARY_DISPLAY" width="1696px" height="2812px"/>
			<graphic mimeType="pdf" url="JS%20fragm%207/1/WEB_DISPLAY"/>
		</surface>
		<surface xml:id="JSFragm-0007-0002r" n="2">
			<desc>0002r</desc>
			<graphic mimeType="pdf" url="JS%20fragm%207/2/HIGH_QUALITY_DISPLAY"/>
			<graphic mimeType="jpg" url="JS%20fragm%207/2/THUMBNAIL" width="184px" height="300px"/>
			<graphic mimeType="jpg" url="JS%20fragm%207/2/SECONDARY_DISPLAY" width="1696px" height="2764px"/>
			<graphic mimeType="pdf" url="JS%20fragm%207/2/WEB_DISPLAY"/>
		</surface>
		<surface xml:id="JSFragm-0007-0002v" n="3">
			<desc>0002v</desc>
			<graphic mimeType="pdf" url="JS%20fragm%207/3/HIGH_QUALITY_DISPLAY"/>
			<graphic mimeType="jpg" url="JS%20fragm%207/3/THUMBNAIL" width="189px" height="300px"/>
			<graphic mimeType="jpg" url="JS%20fragm%207/3/SECONDARY_DISPLAY" width="1740px" height="2764px"/>
			<graphic mimeType="pdf" url="JS%20fragm%207/3/WEB_DISPLAY"/>
		</surface>
		<surface xml:id="JSFragm-0007-accMat01r" n="4">
			<desc>accMat01r</desc>
			<graphic mimeType="pdf" url="JS%20fragm%207/4/HIGH_QUALITY_DISPLAY"/>
			<graphic mimeType="jpg" url="JS%20fragm%207/4/THUMBNAIL" width="200px" height="241px"/>
			<graphic mimeType="jpg" url="JS%20fragm%207/4/SECONDARY_DISPLAY" width="2548px" height="3072px"/>
			<graphic mimeType="pdf" url="JS%20fragm%207/4/WEB_DISPLAY"/>
		</surface>
		<surface xml:id="JSFragm-0007-accMat01v" n="5">
			<desc>accMat01v</desc>
			<graphic mimeType="pdf" url="JS%20fragm%207/5/HIGH_QUALITY_DISPLAY"/>
			<graphic mimeType="jpg" url="JS%20fragm%207/5/THUMBNAIL" width="200px" height="242px"/>
			<graphic mimeType="jpg" url="JS%20fragm%207/5/SECONDARY_DISPLAY" width="2536px" height="3072px"/>
			<graphic mimeType="pdf" url="JS%20fragm%207/5/WEB_DISPLAY"/>
		</surface>
		<surface xml:id="JSFragm-0007-accMat02r" n="6">
			<desc>accMat02r</desc>
			<graphic mimeType="pdf" url="JS%20fragm%207/6/HIGH_QUALITY_DISPLAY"/>
			<graphic mimeType="jpg" url="JS%20fragm%207/6/THUMBNAIL" width="200px" height="113px"/>
			<graphic mimeType="jpg" url="JS%20fragm%207/6/SECONDARY_DISPLAY" width="3168px" height="1796px"/>
			<graphic mimeType="pdf" url="JS%20fragm%207/6/WEB_DISPLAY"/>
		</surface>
		<surface xml:id="JSFragm-0007-accMat02v" n="7">
			<desc>accMat02v</desc>
			<graphic mimeType="pdf" url="JS%20fragm%207/7/HIGH_QUALITY_DISPLAY"/>
			<graphic mimeType="jpg" url="JS%20fragm%207/7/THUMBNAIL" width="200px" height="114px"/>
			<graphic mimeType="jpg" url="JS%20fragm%207/7/SECONDARY_DISPLAY" width="3184px" height="1808px"/>
			<graphic mimeType="pdf" url="JS%20fragm%207/7/WEB_DISPLAY"/>
		</surface>
		<surface xml:id="JSFragm-0007-Scale" n="8">
			<desc>Scale</desc>
			<graphic mimeType="pdf" url="JS%20fragm%207/8/HIGH_QUALITY_DISPLAY"/>
			<graphic mimeType="jpg" url="JS%20fragm%207/8/THUMBNAIL" width="200px" height="229px"/>
			<graphic mimeType="jpg" url="JS%20fragm%207/8/SECONDARY_DISPLAY" width="2505px" height="2867px"/>
			<graphic mimeType="pdf" url="JS%20fragm%207/8/WEB_DISPLAY"/>
		</surface>
		<surface xml:id="JSFragm-0007-ccp" n="9">
			<desc>ccp</desc>
			<graphic mimeType="pdf" url="JS%20fragm%207/9/HIGH_QUALITY_DISPLAY"/>
			<graphic mimeType="jpg" url="JS%20fragm%207/9/THUMBNAIL" width="200px" height="151px"/>
			<graphic mimeType="jpg" url="JS%20fragm%207/9/SECONDARY_DISPLAY" width="4511px" height="3403px"/>
			<graphic mimeType="pdf" url="JS%20fragm%207/9/WEB_DISPLAY"/>
		</surface>
	</facsimile>
</TEI>