<?xml version="1.0" encoding="UTF-8"?>
<?oxygen RNGSchema="http://www.handrit.is/schema/handrit-1.0.rnc" type="compact"?>
<TEI xmlns="http://www.tei-c.org/ns/1.0">
	<teiHeader>
		<fileDesc>
			<titleStmt>
				<title type="main">JS fragm 1</title>
				<title type="subordinate">Jónsbók, 1300-1350</title>
			</titleStmt>
			<publicationStmt>
				<authority>Landsbókasafn Íslands - Háskólabókasafn</authority>
				<pubPlace>Reykjavík</pubPlace>
				<date when="2014-09-26">26. september 2014</date>
				<availability status="restricted">
					<p>Aðgangur aðeins mögulegur í fræðilegum tilgangi.</p>
				</availability>
			</publicationStmt>
			<sourceDesc>
				<msDesc xml:id="JSFragm-0001-is" xml:lang="is">
					<msIdentifier>
						<country key="IS">Ísland</country>
						<settlement>Reykjavík</settlement>
						<institution>Landsbókasafn Íslands - Háskólabókasafn</institution>
						<repository>Handritasafn</repository>
						<collection>Skinnblöð Landsbókasafns</collection>
						<idno>JS fragm 1</idno>
					</msIdentifier>
					<msContents>
						<textLang mainLang="is">Íslenska</textLang>
						<msItem defective="true" class="log">
							<title type="uniform">Jónsbók</title>
							<incipit>selr. þa skal erfingi brigða …</incipit>
							<explicit>stefna aðr er til motz</explicit>
							<note>Jónsbók. Landabrigðabálkur 2-4.</note>
							<bibl>Notað í orðamun í: <ref type="primary-2" target="Jonsbok1904">Jónsbók 1904</ref>, <biblScope type="pages">119:10-122:12</biblScope>.</bibl>
						</msItem>
					</msContents>
					<physDesc>
						<objectDesc form="codex">
							<supportDesc material="perg">
								<support>
									<p>Skinn.</p>
								</support>
								<extent>1 blað (<dimensions scope="all" type="leaf" unit="mm">
										<height>260</height>
										<width>200</width>
									</dimensions>).</extent>
								<condition>Hefur verið notað í band á bók; jaðrar lítið eitt
									skertir.</condition>
							</supportDesc>
						</objectDesc>
						<decoDesc>
							<decoNote type="paratext">Rauðar fyrirsagnir.</decoNote>
							<decoNote type="initial">Rauðir upphafsstafir.</decoNote>
						</decoDesc>
					</physDesc>
					<history>
						<origin>
							<origPlace>Ísland</origPlace>
							<origDate cert="medium" notBefore="1300" notAfter="1350">á fyrri
								helmingi 14. aldar.</origDate>
						</origin>
					</history>
					<additional>
						<adminInfo>
							<recordHist>
								<source><name type="person" key="WolHes001">Wolfgang Hesse</name>
									skráði fyrir myndatöku, <date when="2014-09-26">26. september
										2014</date>.</source>
							</recordHist>
							<custodialHist>
								<custEvent type="check">
									<p>Athugað fyrir myndatöku <date when="2014-10">október
										2014</date>.</p>
								</custEvent>
								<custEvent type="photography">
									<p> Myndað í <date when="2014-10">október 2014</date>.</p>
								</custEvent>
							</custodialHist>
						</adminInfo>
						<surrogates>
							<p> Myndað fyrir handritavef í <date when="2014-10">október
							2014</date>.</p>
						</surrogates>
					</additional>
				</msDesc>
			</sourceDesc>
		</fileDesc>
	</teiHeader>
	<facsimile xml:base="https://myndir.handrit.is/file/Handrit.is/">
		<surface xml:id="JSFragm-0001-0001r" n="0">
			<desc>0001r</desc>
			<graphic mimeType="pdf" url="JS%20fragm%201/0/HIGH_QUALITY_DISPLAY"/>
			<graphic mimeType="jpg" url="JS%20fragm%201/0/THUMBNAIL" width="200px" height="250px"/>
			<graphic mimeType="jpg" url="JS%20fragm%201/0/SECONDARY_DISPLAY" width="2676px" height="3344px"/>
			<graphic mimeType="pdf" url="JS%20fragm%201/0/WEB_DISPLAY"/>
		</surface>
		<surface xml:id="JSFragm-0001-0002v" n="1">
			<desc>0002v</desc>
			<graphic mimeType="pdf" url="JS%20fragm%201/1/HIGH_QUALITY_DISPLAY"/>
			<graphic mimeType="jpg" url="JS%20fragm%201/1/THUMBNAIL" width="200px" height="250px"/>
			<graphic mimeType="jpg" url="JS%20fragm%201/1/SECONDARY_DISPLAY" width="2696px" height="3373px"/>
			<graphic mimeType="pdf" url="JS%20fragm%201/1/WEB_DISPLAY"/>
		</surface>
		<surface xml:id="JSFragm-0001-accMat01r" n="2">
			<desc>accMat01r</desc>
			<graphic mimeType="pdf" url="JS%20fragm%201/2/HIGH_QUALITY_DISPLAY"/>
			<graphic mimeType="jpg" url="JS%20fragm%201/2/THUMBNAIL" width="200px" height="244px"/>
			<graphic mimeType="jpg" url="JS%20fragm%201/2/SECONDARY_DISPLAY" width="2488px" height="3036px"/>
			<graphic mimeType="pdf" url="JS%20fragm%201/2/WEB_DISPLAY"/>
		</surface>
		<surface xml:id="JSFragm-0001-accMat01v" n="3">
			<desc>accMat01v</desc>
			<graphic mimeType="pdf" url="JS%20fragm%201/3/HIGH_QUALITY_DISPLAY"/>
			<graphic mimeType="jpg" url="JS%20fragm%201/3/THUMBNAIL" width="200px" height="244px"/>
			<graphic mimeType="jpg" url="JS%20fragm%201/3/SECONDARY_DISPLAY" width="2484px" height="3032px"/>
			<graphic mimeType="pdf" url="JS%20fragm%201/3/WEB_DISPLAY"/>
		</surface>
		<surface xml:id="JSFragm-0001-Scale" n="4">
			<desc>Scale</desc>
			<graphic mimeType="pdf" url="JS%20fragm%201/4/HIGH_QUALITY_DISPLAY"/>
			<graphic mimeType="jpg" url="JS%20fragm%201/4/THUMBNAIL" width="200px" height="199px"/>
			<graphic mimeType="jpg" url="JS%20fragm%201/4/SECONDARY_DISPLAY" width="3422px" height="3400px"/>
			<graphic mimeType="pdf" url="JS%20fragm%201/4/WEB_DISPLAY"/>
		</surface>
		<surface xml:id="JSFragm-0001-ccp" n="5">
			<desc>ccp</desc>
			<graphic mimeType="pdf" url="JS%20fragm%201/5/HIGH_QUALITY_DISPLAY"/>
			<graphic mimeType="jpg" url="JS%20fragm%201/5/THUMBNAIL" width="200px" height="126px"/>
			<graphic mimeType="jpg" url="JS%20fragm%201/5/SECONDARY_DISPLAY" width="5380px" height="3397px"/>
			<graphic mimeType="pdf" url="JS%20fragm%201/5/WEB_DISPLAY"/>
		</surface>
	</facsimile>
</TEI>