<?xml version="1.0" encoding="UTF-8"?>
<?oxygen RNGSchema="http://www.handrit.is/schema/handrit-1.0.rnc" type="compact"?>
<TEI xmlns="http://www.tei-c.org/ns/1.0">
	<teiHeader>
		<fileDesc>
			<titleStmt>
				<title type="main">JS fragm 5</title>
				<title type="subordinate">Guðmundar saga biksups, 1375-1399</title>
			</titleStmt>
			<publicationStmt>
				<authority>Landsbókasafn Íslands - Háskólabókasafn</authority>
				<pubPlace>Reykjavík</pubPlace>
				<date when="2014-09-26">26. september 2014</date>
				<availability status="restricted">
					<p>Aðgangur aðeins mögulegur í fræðilegum tilgangi.</p>
				</availability>
			</publicationStmt>
			<sourceDesc>
				<msDesc xml:id="JSFragm-0005-is" xml:lang="is">
					<msIdentifier>
						<country key="IS">Ísland</country>
						<settlement>Reykjavík</settlement>
						<institution>Landsbókasafn Íslands - Háskólabókasafn</institution>
						<repository>Handritasafn</repository>
						<collection>Skinnblöð Landsbókasafns</collection>
						<idno>JS fragm 5</idno>
						<msName>Guðmundar saga biskups</msName>
					</msIdentifier>
					<msContents>
						<textLang mainLang="is">Íslenska</textLang>
						<msItem defective="true" class="bisks">
							<author key="ArnBra001">Arngrímur ábóti</author>
							<title type="uniform">Guðmundar saga biskups</title>
							<incipit>sinni miskunn sem þa syndiz enn …</incipit>
							<explicit>skylldi hann bera mitru ok …</explicit>
							<filiation>Er úr sama handriti og brotin í <ref target="AM02-0219-is" type="ms">AM 219 fol</ref>, svo og <ref target="LbsFragm-0006-is" type="ms">Lbs fragm 6</ref>.</filiation>
						</msItem>
					</msContents>
					<physDesc>
						<objectDesc form="codex">
							<supportDesc material="perg">
								<support>
									<p>Skinn.</p>
								</support>
								<extent>1 blað (<dimensions scope="all" type="leaf" unit="mm">
										<height>230</height>
										<width>170</width>
									</dimensions>).</extent>
								<condition>Hefur verið notað í kápu, og er öll skrift máð af þeirri
									hlið sem út hefur snúið. Skorið á báðum jöðrum inn að lesmáli,
									og að neðan eru skornar af 4-5 línur af texta.</condition>
							</supportDesc>
							<layoutDesc>
								<layout columns="2">
									<p>Tvídálkaður texti.</p>
								</layout>
							</layoutDesc>
						</objectDesc>
						<decoDesc>
							<decoNote type="initial">Rauðar kapítulafyrirsagnir, rauðir og grænir
								upphafsstafir.</decoNote>
						</decoDesc>
					</physDesc>
					<history>
						<origin>
							<origPlace>Ísland</origPlace>
							<origDate cert="medium" notBefore="1375" notAfter="1399">lok 14. aldar.</origDate>
						</origin>
						<provenance>
							<p>Á spássíu hefur <name type="person" key="JonSig004">Jón
								Sigurðsson</name> skrifað: "Saga Guðmundar biskups Arasonar, blað úr
								Skagafirði".</p>
						</provenance>
					</history>
					<additional>
						<adminInfo>
							<recordHist>
								<source><name type="person" key="WolHes001">Wolfgang Hesse</name>
									skráði fyrir myndatöku, <date when="2014-09-26">26. september
										2014</date>.</source>
							</recordHist>
							<custodialHist>
								<custEvent type="check">
									<p>Athugað fyrir myndatöku <date when="2014-10">október
										2014</date>.</p>
								</custEvent>
								<custEvent type="photography">
									<p> Myndað í <date when="2014-10">október 2014</date>.</p>
								</custEvent>
							</custodialHist>
						</adminInfo>
						<surrogates>
							<p> Myndað fyrir handritavef í <date when="2014-10">október
								2014</date>.</p>
						</surrogates>
					</additional>
				</msDesc>
			</sourceDesc>
		</fileDesc>
	</teiHeader>
	<facsimile xml:base="https://myndir.handrit.is/file/Handrit.is/">
		<surface xml:id="JSFragm-0005-0001r" n="0">
			<desc>0001r</desc>
			<graphic mimeType="pdf" url="JS%20fragm%205/0/HIGH_QUALITY_DISPLAY"/>
			<graphic mimeType="jpg" url="JS%20fragm%205/0/THUMBNAIL" width="200px" height="252px"/>
			<graphic mimeType="jpg" url="JS%20fragm%205/0/SECONDARY_DISPLAY" width="2334px" height="2946px"/>
			<graphic mimeType="pdf" url="JS%20fragm%205/0/WEB_DISPLAY"/>
		</surface>
		<surface xml:id="JSFragm-0005-0001v" n="1">
			<desc>0001v</desc>
			<graphic mimeType="pdf" url="JS%20fragm%205/1/HIGH_QUALITY_DISPLAY"/>
			<graphic mimeType="jpg" url="JS%20fragm%205/1/THUMBNAIL" width="200px" height="252px"/>
			<graphic mimeType="jpg" url="JS%20fragm%205/1/SECONDARY_DISPLAY" width="2343px" height="2956px"/>
			<graphic mimeType="pdf" url="JS%20fragm%205/1/WEB_DISPLAY"/>
		</surface>
		<surface xml:id="JSFragm-0005-accMat01r" n="2">
			<desc>accMat01r</desc>
			<graphic mimeType="pdf" url="JS%20fragm%205/2/HIGH_QUALITY_DISPLAY"/>
			<graphic mimeType="jpg" url="JS%20fragm%205/2/THUMBNAIL" width="200px" height="253px"/>
			<graphic mimeType="jpg" url="JS%20fragm%205/2/SECONDARY_DISPLAY" width="2596px" height="3288px"/>
			<graphic mimeType="pdf" url="JS%20fragm%205/2/WEB_DISPLAY"/>
		</surface>
		<surface xml:id="JSFragm-0005-accMat01v" n="3">
			<desc>accMat01v</desc>
			<graphic mimeType="pdf" url="JS%20fragm%205/3/HIGH_QUALITY_DISPLAY"/>
			<graphic mimeType="jpg" url="JS%20fragm%205/3/THUMBNAIL" width="200px" height="252px"/>
			<graphic mimeType="jpg" url="JS%20fragm%205/3/SECONDARY_DISPLAY" width="2600px" height="3276px"/>
			<graphic mimeType="pdf" url="JS%20fragm%205/3/WEB_DISPLAY"/>
		</surface>
		<surface xml:id="JSFragm-0005-Scale" n="4">
			<desc>Scale</desc>
			<graphic mimeType="pdf" url="JS%20fragm%205/4/HIGH_QUALITY_DISPLAY"/>
			<graphic mimeType="jpg" url="JS%20fragm%205/4/THUMBNAIL" width="200px" height="199px"/>
			<graphic mimeType="jpg" url="JS%20fragm%205/4/SECONDARY_DISPLAY" width="2973px" height="2964px"/>
			<graphic mimeType="pdf" url="JS%20fragm%205/4/WEB_DISPLAY"/>
		</surface>
		<surface xml:id="JSFragm-0005-ccp" n="5">
			<desc>ccp</desc>
			<graphic mimeType="pdf" url="JS%20fragm%205/5/HIGH_QUALITY_DISPLAY"/>
			<graphic mimeType="jpg" url="JS%20fragm%205/5/THUMBNAIL" width="200px" height="135px"/>
			<graphic mimeType="jpg" url="JS%20fragm%205/5/SECONDARY_DISPLAY" width="5021px" height="3404px"/>
			<graphic mimeType="pdf" url="JS%20fragm%205/5/WEB_DISPLAY"/>
		</surface>
	</facsimile>
</TEI>