<?xml version="1.0" encoding="UTF-8"?>
<?oxygen RNGSchema="http://www.handrit.is/schema/handrit-1.0.rnc" type="compact"?>
<TEI xmlns="http://www.tei-c.org/ns/1.0">
	<teiHeader>
		<fileDesc>
			<titleStmt>
				<title type="main">JS fragm 8 a</title>
				<title type="subordinate">Postula sögur, 1300-1399</title>
			</titleStmt>
			<publicationStmt>
				<authority>Landsbókasafn Íslands - Háskólabókasafn</authority>
				<pubPlace>Reykjavík</pubPlace>
				<date when="2014-10-02">2. október 2014</date>
				<availability status="restricted">
					<p>Aðgangur aðeins mögulegur í fræðilegum tilgangi.</p>
				</availability>
			</publicationStmt>
			<sourceDesc>
				<msDesc xml:id="JSFragm-0008a-is" xml:lang="is">
					<msIdentifier>
						<country key="IS">Ísland</country>
						<settlement>Reykjavík</settlement>
						<institution>Landsbókasafn Íslands - Háskólabókasafn</institution>
						<repository>Handritasafn</repository>
						<collection>Skinnblöð Landsbókasafns </collection>
						<idno>JS fragm 8 a</idno>
						<msName>Postula sögur</msName>
					</msIdentifier>
					<msContents>
						<summary>
							<title type="supplied">Postula sögur</title>
						</summary>
						<textLang mainLang="is">Íslenska</textLang>
						<msItem n="1" defective="true" class="post">
							<locus from="1r" facs="#JSFragm-0008a-0001r" to="1r">Recto</locus>
							<title type="supplied">Tómas saga postula</title>
							<incipit>oc riti jbriosti oss at aull fianda uerk flærd[ar?] uerk (?) …
								þat rit oss til fagnadar postolanna fyrir bænir sæls thome postala …
								[al]mattigr guð með syni sinum drottni uarum iehsu christo … huggara
								anda [?] uaRa sæl … með guði …</incipit>
							<note>Sennilega úr lokum Tómas sögu.</note>
						</msItem>
						<msItem n="2" defective="true" class="post">
							<locus from="1v" facs="#JSFragm-0008a-0001v" to="1v">Verso</locus>
							<title type="supplied">Andreas saga postula</title>
							<incipit>þann er skop alla hluti … [sa]Ni guð mun biarga þeim er sauNu
								trua. Ege[as] … sa iN saNi guð. Andreas svarar. Enn saNi guð er
								ahimn[i … re]Nr líos. þat er abraut rekr myrkr synda Enn u … þat
								uera goð yðr er steinar eða stockar eru</incipit>
						</msItem>
					</msContents>
					<physDesc>
						<objectDesc form="codex">
							<supportDesc material="perg">
								<support>
									<p>Skinn.</p>
								</support>
								<extent>Ræma skorin þvert úr blaði (<dimensions scope="all" type="leaf" unit="mm">
										<height>20</height>
										<width>105</width>
								</dimensions>).</extent>
								<condition>Jaðar til hægri varðveittur. Framhlið nokkuð máð.</condition>
							</supportDesc>
						</objectDesc>
					</physDesc>
					<history>
						<origin>
							<origPlace>Ísland</origPlace>
							<origDate cert="medium" notBefore="1300" notAfter="1399">á 14. öld.</origDate>
						</origin>
					</history>
					<additional>
						<adminInfo>
							<recordHist>
								<source><name type="person" key="WolHes001">Wolfgang Hesse</name>
									skráði fyrir myndatöku, <date when="2014-10-02">2. október
									2014</date>.</source>
							</recordHist>
							<custodialHist>
								<custEvent type="check">
									<p>Athugað fyrir myndatöku <date when="2014-10">október
										2014</date>.</p>
								</custEvent>
								<custEvent type="photography">
									<p> Myndað í <date when="2014-10">október 2014</date>.</p>
								</custEvent>
							</custodialHist>
						</adminInfo>
						<surrogates>
							<p> Myndað fyrir handritavef í <date when="2014-10">október
								2014</date>.</p>
						</surrogates>
					</additional>
				</msDesc>
			</sourceDesc>
		</fileDesc>
	</teiHeader>
	<facsimile xml:base="https://myndir.handrit.is/file/Handrit.is/">
		<surface xml:id="JSFragm-0008a-0001r" n="0">
			<desc>0001r</desc>
			<graphic mimeType="pdf" url="JS%20fragm%208%20a/0/HIGH_QUALITY_DISPLAY"/>
			<graphic mimeType="jpg" url="JS%20fragm%208%20a/0/THUMBNAIL" width="200px" height="79px"/>
			<graphic mimeType="jpg" url="JS%20fragm%208%20a/0/SECONDARY_DISPLAY" width="1536px" height="607px"/>
			<graphic mimeType="pdf" url="JS%20fragm%208%20a/0/WEB_DISPLAY"/>
		</surface>
		<surface xml:id="JSFragm-0008a-0001v" n="1">
			<desc>0001v</desc>
			<graphic mimeType="pdf" url="JS%20fragm%208%20a/1/HIGH_QUALITY_DISPLAY"/>
			<graphic mimeType="jpg" url="JS%20fragm%208%20a/1/THUMBNAIL" width="200px" height="75px"/>
			<graphic mimeType="jpg" url="JS%20fragm%208%20a/1/SECONDARY_DISPLAY" width="1596px" height="596px"/>
			<graphic mimeType="pdf" url="JS%20fragm%208%20a/1/WEB_DISPLAY"/>
		</surface>
		<surface xml:id="JSFragm-0008a-accMat01r" n="2">
			<desc>accMat01r</desc>
			<graphic mimeType="pdf" url="JS%20fragm%208%20a/2/HIGH_QUALITY_DISPLAY"/>
			<graphic mimeType="jpg" url="JS%20fragm%208%20a/2/THUMBNAIL" width="200px" height="242px"/>
			<graphic mimeType="jpg" url="JS%20fragm%208%20a/2/SECONDARY_DISPLAY" width="2536px" height="3072px"/>
			<graphic mimeType="pdf" url="JS%20fragm%208%20a/2/WEB_DISPLAY"/>
		</surface>
		<surface xml:id="JSFragm-0008a-accMat01v" n="3">
			<desc>accMat01v</desc>
			<graphic mimeType="pdf" url="JS%20fragm%208%20a/3/HIGH_QUALITY_DISPLAY"/>
			<graphic mimeType="jpg" url="JS%20fragm%208%20a/3/THUMBNAIL" width="200px" height="244px"/>
			<graphic mimeType="jpg" url="JS%20fragm%208%20a/3/SECONDARY_DISPLAY" width="2528px" height="3080px"/>
			<graphic mimeType="pdf" url="JS%20fragm%208%20a/3/WEB_DISPLAY"/>
		</surface>
		<surface xml:id="JSFragm-0008a-accMat02r" n="4">
			<desc>accMat02r</desc>
			<graphic mimeType="pdf" url="JS%20fragm%208%20a/4/HIGH_QUALITY_DISPLAY"/>
			<graphic mimeType="jpg" url="JS%20fragm%208%20a/4/THUMBNAIL" width="200px" height="157px"/>
			<graphic mimeType="jpg" url="JS%20fragm%208%20a/4/SECONDARY_DISPLAY" width="1936px" height="1521px"/>
			<graphic mimeType="pdf" url="JS%20fragm%208%20a/4/WEB_DISPLAY"/>
		</surface>
		<surface xml:id="JSFragm-0008a-accMat02v" n="5">
			<desc>accMat02v</desc>
			<graphic mimeType="pdf" url="JS%20fragm%208%20a/5/HIGH_QUALITY_DISPLAY"/>
			<graphic mimeType="jpg" url="JS%20fragm%208%20a/5/THUMBNAIL" width="200px" height="158px"/>
			<graphic mimeType="jpg" url="JS%20fragm%208%20a/5/SECONDARY_DISPLAY" width="1936px" height="1530px"/>
			<graphic mimeType="pdf" url="JS%20fragm%208%20a/5/WEB_DISPLAY"/>
		</surface>
		<surface xml:id="JSFragm-0008a-Scale" n="6">
			<desc>Scale</desc>
			<graphic mimeType="pdf" url="JS%20fragm%208%20a/6/HIGH_QUALITY_DISPLAY"/>
			<graphic mimeType="jpg" url="JS%20fragm%208%20a/6/THUMBNAIL" width="200px" height="230px"/>
			<graphic mimeType="jpg" url="JS%20fragm%208%20a/6/SECONDARY_DISPLAY" width="2152px" height="2475px"/>
			<graphic mimeType="pdf" url="JS%20fragm%208%20a/6/WEB_DISPLAY"/>
		</surface>
		<surface xml:id="JSFragm-0008a-ccp" n="7">
			<desc>ccp</desc>
			<graphic mimeType="pdf" url="JS%20fragm%208%20a/7/HIGH_QUALITY_DISPLAY"/>
			<graphic mimeType="jpg" url="JS%20fragm%208%20a/7/THUMBNAIL" width="200px" height="165px"/>
			<graphic mimeType="jpg" url="JS%20fragm%208%20a/7/SECONDARY_DISPLAY" width="4112px" height="3392px"/>
			<graphic mimeType="pdf" url="JS%20fragm%208%20a/7/WEB_DISPLAY"/>
		</surface>
	</facsimile>
</TEI>