<?xml version="1.0" encoding="UTF-8"?>
<?oxygen RNGSchema="http://www.handrit.is/schema/handrit-1.0.rnc" type="compact"?>
<TEI xmlns="http://www.tei-c.org/ns/1.0">
	<teiHeader>
		<fileDesc>
			<titleStmt>
				<title type="main">JS fragm 9</title>
				<title type="subordinate">Tobíasbók, 1590-1610</title>
			</titleStmt>
			<publicationStmt>
				<authority>Landsbókasafn Íslands - Háskólabókasafn</authority>
				<pubPlace>Reykjavík</pubPlace>
				<date when="2014-10-02">2. október 2014</date>
				<availability status="restricted">
					<p>Aðgangur aðeins mögulegur í fræðilegum tilgangi.</p>
				</availability>
			</publicationStmt>
			<sourceDesc>
				<msDesc xml:id="JSFragm-0009-is" xml:lang="is">
					<msIdentifier>
						<country key="IS">Ísland</country>
						<settlement>Reykjavík</settlement>
						<institution>Landsbókasafn Íslands - Háskólabókasafn</institution>
						<repository>Handritasafn</repository>
						<collection>Skinnblöð Landsbókasafns</collection>
						<idno>JS fragm 9</idno>
						<msName>Tobíasbók</msName>
					</msIdentifier>
					<msContents>
						<textLang mainLang="is">Íslenska</textLang>
						<msItem defective="true" class="bibl">
							<title type="supplied">Tobíasbók</title>
							<note>Tobíasbók 2, 12 - 3, 8 og (á ræmunni) 5, 1- 23 (brot). Orðrétt
								samhljóða Guðbrandsbiblíu, en réttritun önnur. Sennilega þó bein
								uppskrift.</note>
						</msItem>
					</msContents>
					<physDesc>
						<objectDesc form="codex">
							<supportDesc material="perg">
								<support>
									<p>Skinn.</p>
								</support>
								<extent>1 blað með áfastri mjórri ræmu við kjölinn af
									andstöðublaðinu (<dimensions scope="all" type="leaf" unit="mm">
										<height>160</height>
										<width>120</width>
									</dimensions>) (ræman 1-2 cm breið).</extent>
								<condition>Milli blaðsins og
									ræmunnar vantar 2 blöð.</condition>
							</supportDesc>
							<layoutDesc>
								<layout columns="1">
									<p>Autt rúm fyrir upphafsstaf við kapítulaupphaf.</p>
								</layout>
							</layoutDesc>
						</objectDesc>
					</physDesc>
					<history>
						<origin>
							<origPlace>Ísland</origPlace>
							<origDate cert="medium" notBefore="1590" notAfter="1610">um 1600.</origDate>
						</origin>
					</history>
					<additional>
						<adminInfo>
							<recordHist>
								<source><name type="person" key="WolHes001">Wolfgang Hesse</name>
									skráði fyrir myndatöku, <date when="2014-10-02">2. október
									2014</date>.</source>
							</recordHist>
							<custodialHist>
								<custEvent type="check">
									<p>Athugað fyrir myndatöku <date when="2014-10">október
										2014</date>.</p>
								</custEvent>
								<custEvent type="photography">
									<p> Myndað í <date when="2014-10">október 2014</date>.</p>
								</custEvent>
							</custodialHist>
						</adminInfo>
						<surrogates>
							<p> Myndað fyrir handritavef í <date when="2014-10">október
								2014</date>.</p>
						</surrogates>
					</additional>
				</msDesc>
			</sourceDesc>
		</fileDesc>
	</teiHeader>
	<facsimile xml:base="https://myndir.handrit.is/file/Handrit.is/">
		<surface xml:id="JSFragm-0009-0001r" n="0">
			<desc>0001r</desc>
			<graphic mimeType="pdf" url="JS%20fragm%209/0/HIGH_QUALITY_DISPLAY"/>
			<graphic mimeType="jpg" url="JS%20fragm%209/0/THUMBNAIL" width="200px" height="218px"/>
			<graphic mimeType="jpg" url="JS%20fragm%209/0/SECONDARY_DISPLAY" width="1954px" height="2127px"/>
			<graphic mimeType="pdf" url="JS%20fragm%209/0/WEB_DISPLAY"/>
		</surface>
		<surface xml:id="JSFragm-0009-0001v" n="1">
			<desc>0001v</desc>
			<graphic mimeType="pdf" url="JS%20fragm%209/1/HIGH_QUALITY_DISPLAY"/>
			<graphic mimeType="jpg" url="JS%20fragm%209/1/THUMBNAIL" width="200px" height="213px"/>
			<graphic mimeType="jpg" url="JS%20fragm%209/1/SECONDARY_DISPLAY" width="1996px" height="2122px"/>
			<graphic mimeType="pdf" url="JS%20fragm%209/1/WEB_DISPLAY"/>
		</surface>
		<surface xml:id="JSFragm-0009-accMat01r" n="2">
			<desc>accMat01r</desc>
			<graphic mimeType="pdf" url="JS%20fragm%209/2/HIGH_QUALITY_DISPLAY"/>
			<graphic mimeType="jpg" url="JS%20fragm%209/2/THUMBNAIL" width="200px" height="242px"/>
			<graphic mimeType="jpg" url="JS%20fragm%209/2/SECONDARY_DISPLAY" width="2532px" height="3064px"/>
			<graphic mimeType="pdf" url="JS%20fragm%209/2/WEB_DISPLAY"/>
		</surface>
		<surface xml:id="JSFragm-0009-accMat01v" n="3">
			<desc>accMat01v</desc>
			<graphic mimeType="pdf" url="JS%20fragm%209/3/HIGH_QUALITY_DISPLAY"/>
			<graphic mimeType="jpg" url="JS%20fragm%209/3/THUMBNAIL" width="200px" height="241px"/>
			<graphic mimeType="jpg" url="JS%20fragm%209/3/SECONDARY_DISPLAY" width="2532px" height="3048px"/>
			<graphic mimeType="pdf" url="JS%20fragm%209/3/WEB_DISPLAY"/>
		</surface>
		<surface xml:id="JSFragm-0009-Scale" n="4">
			<desc>Scale</desc>
			<graphic mimeType="pdf" url="JS%20fragm%209/4/HIGH_QUALITY_DISPLAY"/>
			<graphic mimeType="jpg" url="JS%20fragm%209/4/THUMBNAIL" width="200px" height="189px"/>
			<graphic mimeType="jpg" url="JS%20fragm%209/4/SECONDARY_DISPLAY" width="2636px" height="2490px"/>
			<graphic mimeType="pdf" url="JS%20fragm%209/4/WEB_DISPLAY"/>
		</surface>
		<surface xml:id="JSFragm-0009-ccp" n="5">
			<desc>ccp</desc>
			<graphic mimeType="pdf" url="JS%20fragm%209/5/HIGH_QUALITY_DISPLAY"/>
			<graphic mimeType="jpg" url="JS%20fragm%209/5/THUMBNAIL" width="200px" height="152px"/>
			<graphic mimeType="jpg" url="JS%20fragm%209/5/SECONDARY_DISPLAY" width="4461px" height="3399px"/>
			<graphic mimeType="pdf" url="JS%20fragm%209/5/WEB_DISPLAY"/>
		</surface>
	</facsimile>
</TEI>