<?xml version="1.0" encoding="UTF-8"?>
<?oxygen RNGSchema="http://www.handrit.is/schema/handrit-1.0.rnc" type="compact"?>
<TEI xmlns="http://www.tei-c.org/ns/1.0">
	<teiHeader>
		<fileDesc>
			<titleStmt>
				<title type="main">JS fragm 8 b</title>
				<title type="subordinate">Úr latnesku handriti, 1300-1399 (?)</title>
			</titleStmt>
			<publicationStmt>
				<authority>Landsbókasafn Íslands - Háskólabókasafn</authority>
				<pubPlace>Reykjavík</pubPlace>
				<date when="2014-10-02">2. október 2014</date>
				<availability status="restricted">
					<p>Aðgangur aðeins mögulegur í fræðilegum tilgangi.</p>
				</availability>
			</publicationStmt>
			<sourceDesc>
				<msDesc xml:id="JSFragm-0008b-is" xml:lang="is">
					<msIdentifier>
						<country key="IS">Ísland</country>
						<settlement>Reykjavík</settlement>
						<institution>Landsbókasafn Íslands - Háskólabókasafn</institution>
						<repository>Handritasafn</repository>
						<collection>Skinnblöð Landsbókasafns </collection>
						<idno>JS fragm 8 b</idno>
					</msIdentifier>
					<msContents>
						<summary>
							<note>
								<p xml:lang="is"/>
							</note>
						</summary>
						<textLang mainLang="la">Latína</textLang>
						<msItem n="1" defective="true">
							<title type="supplied">Úr latnesku handriti</title>
							<note>Aðeins fá heil orð verða lesin og ritið ekki ákveðið.</note>
						</msItem>
					</msContents>
					<physDesc>
						<objectDesc form="codex">
							<supportDesc material="perg">
								<support>
									<p>Skinn.</p>
								</support>
								<extent>Fimm sneplar.</extent>
								<condition>Tveir og tveir sneplar eiga saman, hafa verið tvær mjóar ræmur
									skornar úr endilöngu blaði, en síðan skornar sundur í miðju.
									Fimmti snepillinn er ræma skorin úr ofanverðu blaði og niður
									eftir.</condition>
							</supportDesc>
						</objectDesc>
					</physDesc>
					<history>
						<origin>
							<origPlace>Ísland</origPlace>
							<origDate cert="medium" notBefore="1300" notAfter="1399">á 14. öld.</origDate>
						</origin>
					</history>
					<additional>
						<adminInfo>
							<recordHist>
								<source><name type="person" key="WolHes001">Wolfgang Hesse</name>
									skráði fyrir myndatöku, <date when="2014-10-02">2. október
									2014</date>.</source>
							</recordHist>
							<custodialHist>
								<custEvent type="check">
									<p>Athugað fyrir myndatöku <date when="2014-10">október
										2014</date>.</p>
								</custEvent>
								<custEvent type="photography">
									<p> Myndað í <date when="2014-10">október 2014</date>.</p>
								</custEvent>
							</custodialHist>
						</adminInfo>
						<surrogates>
							<p> Myndað fyrir handritavef í <date when="2014-10">október
								2014</date>.</p>
						</surrogates>
					</additional>
				</msDesc>
			</sourceDesc>
		</fileDesc>
	</teiHeader>
	<facsimile xml:base="https://myndir.handrit.is/file/Handrit.is/">
		<surface xml:id="JSFragm-0008b-0001r" n="0">
			<desc>0001r</desc>
			<graphic mimeType="pdf" url="JS%20fragm%208%20b/0/HIGH_QUALITY_DISPLAY"/>
			<graphic mimeType="jpg" url="JS%20fragm%208%20b/0/THUMBNAIL" width="162px" height="300px"/>
			<graphic mimeType="jpg" url="JS%20fragm%208%20b/0/SECONDARY_DISPLAY" width="691px" height="1278px"/>
			<graphic mimeType="pdf" url="JS%20fragm%208%20b/0/WEB_DISPLAY"/>
		</surface>
		<surface xml:id="JSFragm-0008b-0001v" n="1">
			<desc>0001v</desc>
			<graphic mimeType="pdf" url="JS%20fragm%208%20b/1/HIGH_QUALITY_DISPLAY"/>
			<graphic mimeType="jpg" url="JS%20fragm%208%20b/1/THUMBNAIL" width="168px" height="300px"/>
			<graphic mimeType="jpg" url="JS%20fragm%208%20b/1/SECONDARY_DISPLAY" width="750px" height="1342px"/>
			<graphic mimeType="pdf" url="JS%20fragm%208%20b/1/WEB_DISPLAY"/>
		</surface>
		<surface xml:id="JSFragm-0008b-0002r" n="2">
			<desc>0002r</desc>
			<graphic mimeType="pdf" url="JS%20fragm%208%20b/2/HIGH_QUALITY_DISPLAY"/>
			<graphic mimeType="jpg" url="JS%20fragm%208%20b/2/THUMBNAIL" width="121px" height="300px"/>
			<graphic mimeType="jpg" url="JS%20fragm%208%20b/2/SECONDARY_DISPLAY" width="445px" height="1103px"/>
			<graphic mimeType="pdf" url="JS%20fragm%208%20b/2/WEB_DISPLAY"/>
		</surface>
		<surface xml:id="JSFragm-0008b-0002v" n="3">
			<desc>0002v</desc>
			<graphic mimeType="pdf" url="JS%20fragm%208%20b/3/HIGH_QUALITY_DISPLAY"/>
			<graphic mimeType="jpg" url="JS%20fragm%208%20b/3/THUMBNAIL" width="117px" height="300px"/>
			<graphic mimeType="jpg" url="JS%20fragm%208%20b/3/SECONDARY_DISPLAY" width="426px" height="1088px"/>
			<graphic mimeType="pdf" url="JS%20fragm%208%20b/3/WEB_DISPLAY"/>
		</surface>
		<surface xml:id="JSFragm-0008b-0003r" n="4">
			<desc>0003r</desc>
			<graphic mimeType="pdf" url="JS%20fragm%208%20b/4/HIGH_QUALITY_DISPLAY"/>
			<graphic mimeType="jpg" url="JS%20fragm%208%20b/4/THUMBNAIL" width="137px" height="300px"/>
			<graphic mimeType="jpg" url="JS%20fragm%208%20b/4/SECONDARY_DISPLAY" width="480px" height="1052px"/>
			<graphic mimeType="pdf" url="JS%20fragm%208%20b/4/WEB_DISPLAY"/>
		</surface>
		<surface xml:id="JSFragm-0008b-0003v" n="5">
			<desc>0003v</desc>
			<graphic mimeType="pdf" url="JS%20fragm%208%20b/5/HIGH_QUALITY_DISPLAY"/>
			<graphic mimeType="jpg" url="JS%20fragm%208%20b/5/THUMBNAIL" width="131px" height="300px"/>
			<graphic mimeType="jpg" url="JS%20fragm%208%20b/5/SECONDARY_DISPLAY" width="476px" height="1090px"/>
			<graphic mimeType="pdf" url="JS%20fragm%208%20b/5/WEB_DISPLAY"/>
		</surface>
		<surface xml:id="JSFragm-0008b-0004r" n="6">
			<desc>0004r</desc>
			<graphic mimeType="pdf" url="JS%20fragm%208%20b/6/HIGH_QUALITY_DISPLAY"/>
			<graphic mimeType="jpg" url="JS%20fragm%208%20b/6/THUMBNAIL" width="148px" height="300px"/>
			<graphic mimeType="jpg" url="JS%20fragm%208%20b/6/SECONDARY_DISPLAY" width="539px" height="1091px"/>
			<graphic mimeType="pdf" url="JS%20fragm%208%20b/6/WEB_DISPLAY"/>
		</surface>
		<surface xml:id="JSFragm-0008b-0004v" n="7">
			<desc>0004v</desc>
			<graphic mimeType="pdf" url="JS%20fragm%208%20b/7/HIGH_QUALITY_DISPLAY"/>
			<graphic mimeType="jpg" url="JS%20fragm%208%20b/7/THUMBNAIL" width="148px" height="300px"/>
			<graphic mimeType="jpg" url="JS%20fragm%208%20b/7/SECONDARY_DISPLAY" width="537px" height="1085px"/>
			<graphic mimeType="pdf" url="JS%20fragm%208%20b/7/WEB_DISPLAY"/>
		</surface>
		<surface xml:id="JSFragm-0008b-0005r" n="8">
			<desc>0005r</desc>
			<graphic mimeType="pdf" url="JS%20fragm%208%20b/8/HIGH_QUALITY_DISPLAY"/>
			<graphic mimeType="jpg" url="JS%20fragm%208%20b/8/THUMBNAIL" width="151px" height="300px"/>
			<graphic mimeType="jpg" url="JS%20fragm%208%20b/8/SECONDARY_DISPLAY" width="560px" height="1116px"/>
			<graphic mimeType="pdf" url="JS%20fragm%208%20b/8/WEB_DISPLAY"/>
		</surface>
		<surface xml:id="JSFragm-0008b-0005v" n="9">
			<desc>0005v</desc>
			<graphic mimeType="pdf" url="JS%20fragm%208%20b/9/HIGH_QUALITY_DISPLAY"/>
			<graphic mimeType="jpg" url="JS%20fragm%208%20b/9/THUMBNAIL" width="149px" height="300px"/>
			<graphic mimeType="jpg" url="JS%20fragm%208%20b/9/SECONDARY_DISPLAY" width="566px" height="1140px"/>
			<graphic mimeType="pdf" url="JS%20fragm%208%20b/9/WEB_DISPLAY"/>
		</surface>
		<surface xml:id="JSFragm-0008b-accMat01r" n="10">
			<desc>accMat01r</desc>
			<graphic mimeType="pdf" url="JS%20fragm%208%20b/10/HIGH_QUALITY_DISPLAY"/>
			<graphic mimeType="jpg" url="JS%20fragm%208%20b/10/THUMBNAIL" width="200px" height="242px"/>
			<graphic mimeType="jpg" url="JS%20fragm%208%20b/10/SECONDARY_DISPLAY" width="2524px" height="3060px"/>
			<graphic mimeType="pdf" url="JS%20fragm%208%20b/10/WEB_DISPLAY"/>
		</surface>
		<surface xml:id="JSFragm-0008b-accMat01v" n="11">
			<desc>accMat01v</desc>
			<graphic mimeType="pdf" url="JS%20fragm%208%20b/11/HIGH_QUALITY_DISPLAY"/>
			<graphic mimeType="jpg" url="JS%20fragm%208%20b/11/THUMBNAIL" width="200px" height="246px"/>
			<graphic mimeType="jpg" url="JS%20fragm%208%20b/11/SECONDARY_DISPLAY" width="2484px" height="3060px"/>
			<graphic mimeType="pdf" url="JS%20fragm%208%20b/11/WEB_DISPLAY"/>
		</surface>
		<surface xml:id="JSFragm-0008b-Scale" n="12">
			<desc>Scale</desc>
			<graphic mimeType="pdf" url="JS%20fragm%208%20b/12/HIGH_QUALITY_DISPLAY"/>
			<graphic mimeType="jpg" url="JS%20fragm%208%20b/12/THUMBNAIL" width="160px" height="300px"/>
			<graphic mimeType="jpg" url="JS%20fragm%208%20b/12/SECONDARY_DISPLAY" width="1334px" height="2499px"/>
			<graphic mimeType="pdf" url="JS%20fragm%208%20b/12/WEB_DISPLAY"/>
		</surface>
		<surface xml:id="JSFragm-0008b-ccp" n="13">
			<desc>ccp</desc>
			<graphic mimeType="pdf" url="JS%20fragm%208%20b/13/HIGH_QUALITY_DISPLAY"/>
			<graphic mimeType="jpg" url="JS%20fragm%208%20b/13/THUMBNAIL" width="200px" height="211px"/>
			<graphic mimeType="jpg" url="JS%20fragm%208%20b/13/SECONDARY_DISPLAY" width="3216px" height="3397px"/>
			<graphic mimeType="pdf" url="JS%20fragm%208%20b/13/WEB_DISPLAY"/>
		</surface>
	</facsimile>
</TEI>