<?xml version="1.0" encoding="UTF-8"?>
<?oxygen RNGSchema="http://www.handrit.is/schema/handrit-1.0.rnc" type="compact"?>
<TEI xmlns="http://www.tei-c.org/ns/1.0">
	<teiHeader>
		<fileDesc>
			<titleStmt>
				<title type="main">JS fragm 10</title>
				<title type="subordinate">Antiphonarium, 1090-1110</title>
			</titleStmt>
			<publicationStmt>
				<authority>Landsbókasafn Íslands - Háskólabókasafn</authority>
				<pubPlace>Reykjavík</pubPlace>
				<date when="2014-09-29">29. september 2014</date>
				<availability status="restricted">
					<p>Aðgangur aðeins mögulegur í fræðilegum tilgangi.</p>
				</availability>
			</publicationStmt>
			<sourceDesc>
				<msDesc xml:id="JSFragm-0010-is" xml:lang="is">
					<msIdentifier>
						<country key="IS">Ísland</country>
						<settlement>Reykjavík</settlement>
						<institution>Landsbókasafn Íslands - Háskólabókasafn</institution>
						<repository>Handritasafn</repository>
						<collection>Skinnblöð Landsbókasafns</collection>
						<idno>JS fragm 10</idno>
					</msIdentifier>
					<msContents>
						<textLang mainLang="la">Latína</textLang>
						<msItem defective="true" class="tid">
							<title type="uniform">Antiphonarium</title>
							<note>Antiphonarium. Tíðasöngur frá þriðjudegi í 3. viku föstu til 4.
								sunnudags í föstu.</note>
						</msItem>
					</msContents>
					<physDesc>
						<objectDesc form="codex">
							<supportDesc material="perg">
								<support>
									<p>Skinn.</p>
								</support>
								<extent>1 blað (<dimensions scope="all" type="leaf" unit="mm">
										<height>180</height>
										<width>130</width>
									</dimensions>).</extent>
								<condition>Hefur verið notað í bókband og er skorið á jöðrum; lesmál
									þó aðeins skert að ofan.</condition>
							</supportDesc>
						</objectDesc>
						<musicNotation>Nótur (strenglausar neumur) uppi yfir línum.</musicNotation>
						<decoDesc>
							<decoNote type="paratext">Rauðar fyrirsagnir.</decoNote>
						</decoDesc>
					</physDesc>
					<history>
						<origin>
							<origPlace>Ísland</origPlace>
							<origDate cert="medium" notBefore="1090" notAfter="1110">um 1100.</origDate>
						</origin>
					</history>
					<additional>
						<adminInfo>
							<recordHist>
								<source><name type="person" key="WolHes001">Wolfgang Hesse</name>
									skráði fyrir myndatöku, <date when="2014-09-29">29. september
										2014</date>.</source>
							</recordHist>
							<custodialHist>
								<custEvent type="check">
									<p>Athugað fyrir myndatöku <date when="2012-02">febrúar
										2012</date>.</p>
								</custEvent>
								<custEvent type="photography">
									<p> Myndað í <date when="2012-02">febrúar 2012</date>.</p>
								</custEvent>
							</custodialHist>
						</adminInfo>
						<surrogates>
							<p> Myndað fyrir handritavef í <date when="2012-02">febrúar
								2012</date>.</p>
						</surrogates>
					</additional>
				</msDesc>
			</sourceDesc>
		</fileDesc>
	</teiHeader>
	<facsimile xml:base="https://myndir.handrit.is/file/Handrit.is/">
		<surface xml:id="JSFragm-0010-0001r" n="0">
			<desc>0001r</desc>
			<graphic mimeType="pdf" url="JS%20fragm%2010/0/HIGH_QUALITY_DISPLAY"/>
			<graphic mimeType="jpg" url="JS%20fragm%2010/0/THUMBNAIL" width="200px" height="259px"/>
			<graphic mimeType="jpg" url="JS%20fragm%2010/0/SECONDARY_DISPLAY" width="1952px" height="2528px"/>
			<graphic mimeType="pdf" url="JS%20fragm%2010/0/WEB_DISPLAY"/>
		</surface>
		<surface xml:id="JSFragm-0010-0001v" n="1">
			<desc>0001v</desc>
			<graphic mimeType="pdf" url="JS%20fragm%2010/1/HIGH_QUALITY_DISPLAY"/>
			<graphic mimeType="jpg" url="JS%20fragm%2010/1/THUMBNAIL" width="200px" height="255px"/>
			<graphic mimeType="jpg" url="JS%20fragm%2010/1/SECONDARY_DISPLAY" width="1944px" height="2480px"/>
			<graphic mimeType="pdf" url="JS%20fragm%2010/1/WEB_DISPLAY"/>
		</surface>
		<surface xml:id="JSFragm-0010-accMat01r" n="2">
			<desc>accMat01r</desc>
			<graphic mimeType="pdf" url="JS%20fragm%2010/2/HIGH_QUALITY_DISPLAY"/>
			<graphic mimeType="jpg" url="JS%20fragm%2010/2/THUMBNAIL" width="200px" height="243px"/>
			<graphic mimeType="jpg" url="JS%20fragm%2010/2/SECONDARY_DISPLAY" width="2645px" height="3210px"/>
			<graphic mimeType="pdf" url="JS%20fragm%2010/2/WEB_DISPLAY"/>
		</surface>
		<surface xml:id="JSFragm-0010-accMat01v" n="3">
			<desc>accMat01v</desc>
			<graphic mimeType="pdf" url="JS%20fragm%2010/3/HIGH_QUALITY_DISPLAY"/>
			<graphic mimeType="jpg" url="JS%20fragm%2010/3/THUMBNAIL" width="200px" height="239px"/>
			<graphic mimeType="jpg" url="JS%20fragm%2010/3/SECONDARY_DISPLAY" width="2692px" height="3210px"/>
			<graphic mimeType="pdf" url="JS%20fragm%2010/3/WEB_DISPLAY"/>
		</surface>
		<surface xml:id="JSFragm-0010-accMat02r" n="4">
			<desc>accMat02r</desc>
			<graphic mimeType="pdf" url="JS%20fragm%2010/4/HIGH_QUALITY_DISPLAY"/>
			<graphic mimeType="jpg" url="JS%20fragm%2010/4/THUMBNAIL" width="200px" height="239px"/>
			<graphic mimeType="jpg" url="JS%20fragm%2010/4/SECONDARY_DISPLAY" width="2237px" height="2670px"/>
			<graphic mimeType="pdf" url="JS%20fragm%2010/4/WEB_DISPLAY"/>
		</surface>
		<surface xml:id="JSFragm-0010-accMat02v" n="5">
			<desc>accMat02v</desc>
			<graphic mimeType="pdf" url="JS%20fragm%2010/5/HIGH_QUALITY_DISPLAY"/>
			<graphic mimeType="jpg" url="JS%20fragm%2010/5/THUMBNAIL" width="200px" height="245px"/>
			<graphic mimeType="jpg" url="JS%20fragm%2010/5/SECONDARY_DISPLAY" width="2237px" height="2736px"/>
			<graphic mimeType="pdf" url="JS%20fragm%2010/5/WEB_DISPLAY"/>
		</surface>
		<surface xml:id="JSFragm-0010-accMat03r" n="6">
			<desc>accMat03r</desc>
			<graphic mimeType="pdf" url="JS%20fragm%2010/6/HIGH_QUALITY_DISPLAY"/>
			<graphic mimeType="jpg" url="JS%20fragm%2010/6/THUMBNAIL" width="200px" height="248px"/>
			<graphic mimeType="jpg" url="JS%20fragm%2010/6/SECONDARY_DISPLAY" width="2812px" height="3492px"/>
			<graphic mimeType="pdf" url="JS%20fragm%2010/6/WEB_DISPLAY"/>
		</surface>
		<surface xml:id="JSFragm-0010-accMat03v" n="7">
			<desc>accMat03v</desc>
			<graphic mimeType="pdf" url="JS%20fragm%2010/7/HIGH_QUALITY_DISPLAY"/>
			<graphic mimeType="jpg" url="JS%20fragm%2010/7/THUMBNAIL" width="200px" height="244px"/>
			<graphic mimeType="jpg" url="JS%20fragm%2010/7/SECONDARY_DISPLAY" width="2830px" height="3456px"/>
			<graphic mimeType="pdf" url="JS%20fragm%2010/7/WEB_DISPLAY"/>
		</surface>
		<surface xml:id="JSFragm-0010-accMat04r" n="8">
			<desc>accMat04r</desc>
			<graphic mimeType="pdf" url="JS%20fragm%2010/8/HIGH_QUALITY_DISPLAY"/>
			<graphic mimeType="jpg" url="JS%20fragm%2010/8/THUMBNAIL" width="200px" height="247px"/>
			<graphic mimeType="jpg" url="JS%20fragm%2010/8/SECONDARY_DISPLAY" width="2849px" height="3522px"/>
			<graphic mimeType="pdf" url="JS%20fragm%2010/8/WEB_DISPLAY"/>
		</surface>
		<surface xml:id="JSFragm-0010-accMat04v" n="9">
			<desc>accMat04v</desc>
			<graphic mimeType="pdf" url="JS%20fragm%2010/9/HIGH_QUALITY_DISPLAY"/>
			<graphic mimeType="jpg" url="JS%20fragm%2010/9/THUMBNAIL" width="200px" height="244px"/>
			<graphic mimeType="jpg" url="JS%20fragm%2010/9/SECONDARY_DISPLAY" width="2884px" height="3522px"/>
			<graphic mimeType="pdf" url="JS%20fragm%2010/9/WEB_DISPLAY"/>
		</surface>
		<surface xml:id="JSFragm-0010-Scale" n="10">
			<desc>Scale</desc>
			<graphic mimeType="pdf" url="JS%20fragm%2010/10/HIGH_QUALITY_DISPLAY"/>
			<graphic mimeType="jpg" url="JS%20fragm%2010/10/THUMBNAIL" width="200px" height="248px"/>
			<graphic mimeType="jpg" url="JS%20fragm%2010/10/SECONDARY_DISPLAY" width="2815px" height="3493px"/>
			<graphic mimeType="pdf" url="JS%20fragm%2010/10/WEB_DISPLAY"/>
		</surface>
		<surface xml:id="JSFragm-0010-ccp" n="11">
			<desc>ccp</desc>
			<graphic mimeType="pdf" url="JS%20fragm%2010/11/HIGH_QUALITY_DISPLAY"/>
			<graphic mimeType="jpg" url="JS%20fragm%2010/11/THUMBNAIL" width="200px" height="132px"/>
			<graphic mimeType="jpg" url="JS%20fragm%2010/11/SECONDARY_DISPLAY" width="5165px" height="3405px"/>
			<graphic mimeType="pdf" url="JS%20fragm%2010/11/WEB_DISPLAY"/>
		</surface>
	</facsimile>
</TEI>