<?xml version="1.0" encoding="UTF-8"?>
<?oxygen RNGSchema="http://www.handrit.is/schema/handrit-1.0.rnc" type="compact"?>
<TEI xmlns="http://www.tei-c.org/ns/1.0">
	<teiHeader>
		<fileDesc>
			<titleStmt>
				<title type="main">JS fragm 2</title>
				<title type="subordinate">Jónsbók, 1500-1599</title>
			</titleStmt>
			<publicationStmt>
				<authority>Landsbókasafn Íslands - Háskólabókasafn</authority>
				<pubPlace>Reykjavík</pubPlace>
				<date when="2014-09-26">26. september 2014</date>
				<availability status="restricted">
					<p>Aðgangur aðeins mögulegur í fræðilegum tilgangi.</p>
				</availability>
			</publicationStmt>
			<sourceDesc>
				<msDesc xml:id="JSFragm-0002-is" xml:lang="is">
					<msIdentifier>
						<country key="IS">Ísland</country>
						<settlement>Reykjavík</settlement>
						<institution>Landsbókasafn Íslands - Háskólabókasafn</institution>
						<repository>Handritasafn</repository>
						<collection>Skinnblöð Landsbókasafns</collection>
						<idno>JS fragm 2</idno>						
					</msIdentifier>
					<msContents>
						<textLang mainLang="is">Íslenska</textLang>
						<msItem defective="true" class="log">
							<title type="uniform">Jónsbók</title>
							<incipit>[E]n ef eirn er þessara til …</incipit>
							<explicit>áá hverium xij män …</explicit>
							<note>Jónsbók, Erfðabálkur 7, 4-8 og 14-15.</note>
							<bibl>Notað í orðamun í: <ref type="primary-2" target="Jonsbok1904">Jónsbók 1904</ref>, <biblScope type="pages">82:5-83:15,
									90:7-92:1</biblScope>.</bibl>
						</msItem>
					</msContents>
					<physDesc>
						<objectDesc form="codex">
							<supportDesc material="perg">
								<support>
									<p>Skinn.</p>
								</support>
								<extent>2 blöð úr sömu bók. Blað 1: (<dimensions scope="all" type="leaf" unit="mm">
										<height>145</height>
										<width>60</width>
									</dimensions>). Blað 2: (<dimensions scope="all" type="leaf" unit="mm">
										<height>155</height>
										<width>65</width>
									</dimensions>).</extent>
								<condition>Skorið ofan af báðum blöðum sem svarar 1-2 línum og
									nokkuð af texta til hægri.</condition>
							</supportDesc>
						</objectDesc>
						<decoDesc>
							<decoNote type="paratext">Rauðar fyrirsagnir.</decoNote>
							<decoNote type="initial">Rauðir upphafsstafir.</decoNote>
						</decoDesc>
					</physDesc>
					<history>
						<origin>
							<origPlace>Ísland</origPlace>
							<origDate cert="medium" notBefore="1500" notAfter="1599">á 16.
							öld.</origDate>
						</origin>
					</history>
					<additional>
						<adminInfo>
							<recordHist>
								<source><name type="person" key="WolHes001">Wolfgang Hesse</name>
									skráði fyrir myndatöku, <date when="2014-09-26">26. september
										2014</date>.</source>
							</recordHist>
							<custodialHist>
								<custEvent type="check">
									<p>Athugað fyrir myndatöku <date when="2014-10">október
										2014</date>.</p>
								</custEvent>
								<custEvent type="photography">
									<p> Myndað í <date when="2014-10">október 2014</date>.</p>
								</custEvent>
							</custodialHist>
						</adminInfo>
						<surrogates>
							<p> Myndað fyrir handritavef í <date when="2014-10">október
							2014</date>.</p>
						</surrogates>
					</additional>
				</msDesc>
			</sourceDesc>
		</fileDesc>
	</teiHeader>
	<facsimile xml:base="https://myndir.handrit.is/file/Handrit.is/">
		<surface xml:id="JSFragm-0002-0001r" n="0">
			<desc>0001r</desc>
			<graphic mimeType="pdf" url="JS%20fragm%202/0/HIGH_QUALITY_DISPLAY"/>
			<graphic mimeType="jpg" url="JS%20fragm%202/0/THUMBNAIL" width="147px" height="300px"/>
			<graphic mimeType="jpg" url="JS%20fragm%202/0/SECONDARY_DISPLAY" width="913px" height="1869px"/>
			<graphic mimeType="pdf" url="JS%20fragm%202/0/WEB_DISPLAY"/>
		</surface>
		<surface xml:id="JSFragm-0002-0001v" n="1">
			<desc>0001v</desc>
			<graphic mimeType="pdf" url="JS%20fragm%202/1/HIGH_QUALITY_DISPLAY"/>
			<graphic mimeType="jpg" url="JS%20fragm%202/1/THUMBNAIL" width="146px" height="300px"/>
			<graphic mimeType="jpg" url="JS%20fragm%202/1/SECONDARY_DISPLAY" width="910px" height="1874px"/>
			<graphic mimeType="pdf" url="JS%20fragm%202/1/WEB_DISPLAY"/>
		</surface>
		<surface xml:id="JSFragm-0002-0002r" n="2">
			<desc>0002r</desc>
			<graphic mimeType="pdf" url="JS%20fragm%202/2/HIGH_QUALITY_DISPLAY"/>
			<graphic mimeType="jpg" url="JS%20fragm%202/2/THUMBNAIL" width="157px" height="300px"/>
			<graphic mimeType="jpg" url="JS%20fragm%202/2/SECONDARY_DISPLAY" width="1030px" height="1966px"/>
			<graphic mimeType="pdf" url="JS%20fragm%202/2/WEB_DISPLAY"/>
		</surface>
		<surface xml:id="JSFragm-0002-0002v" n="3">
			<desc>0002v</desc>
			<graphic mimeType="pdf" url="JS%20fragm%202/3/HIGH_QUALITY_DISPLAY"/>
			<graphic mimeType="jpg" url="JS%20fragm%202/3/THUMBNAIL" width="154px" height="300px"/>
			<graphic mimeType="jpg" url="JS%20fragm%202/3/SECONDARY_DISPLAY" width="1009px" height="1970px"/>
			<graphic mimeType="pdf" url="JS%20fragm%202/3/WEB_DISPLAY"/>
		</surface>
		<surface xml:id="JSFragm-0002-accMat01r" n="4">
			<desc>accMat01r</desc>
			<graphic mimeType="pdf" url="JS%20fragm%202/4/HIGH_QUALITY_DISPLAY"/>
			<graphic mimeType="jpg" url="JS%20fragm%202/4/THUMBNAIL" width="200px" height="245px"/>
			<graphic mimeType="jpg" url="JS%20fragm%202/4/SECONDARY_DISPLAY" width="2508px" height="3072px"/>
			<graphic mimeType="pdf" url="JS%20fragm%202/4/WEB_DISPLAY"/>
		</surface>
		<surface xml:id="JSFragm-0002-accMat01v" n="5">
			<desc>accMat01v</desc>
			<graphic mimeType="pdf" url="JS%20fragm%202/5/HIGH_QUALITY_DISPLAY"/>
			<graphic mimeType="jpg" url="JS%20fragm%202/5/THUMBNAIL" width="200px" height="243px"/>
			<graphic mimeType="jpg" url="JS%20fragm%202/5/SECONDARY_DISPLAY" width="2524px" height="3064px"/>
			<graphic mimeType="pdf" url="JS%20fragm%202/5/WEB_DISPLAY"/>
		</surface>
		<surface xml:id="JSFragm-0002-Scale" n="6">
			<desc>Scale</desc>
			<graphic mimeType="pdf" url="JS%20fragm%202/6/HIGH_QUALITY_DISPLAY"/>
			<graphic mimeType="jpg" url="JS%20fragm%202/6/THUMBNAIL" width="199px" height="300px"/>
			<graphic mimeType="jpg" url="JS%20fragm%202/6/SECONDARY_DISPLAY" width="1639px" height="2473px"/>
			<graphic mimeType="pdf" url="JS%20fragm%202/6/WEB_DISPLAY"/>
		</surface>
		<surface xml:id="JSFragm-0002-ccp" n="7">
			<desc>ccp</desc>
			<graphic mimeType="pdf" url="JS%20fragm%202/7/HIGH_QUALITY_DISPLAY"/>
			<graphic mimeType="jpg" url="JS%20fragm%202/7/THUMBNAIL" width="200px" height="189px"/>
			<graphic mimeType="jpg" url="JS%20fragm%202/7/SECONDARY_DISPLAY" width="3589px" height="3396px"/>
			<graphic mimeType="pdf" url="JS%20fragm%202/7/WEB_DISPLAY"/>
		</surface>
	</facsimile>
</TEI>