<?xml version="1.0" encoding="UTF-8"?>
<?oxygen RNGSchema="http://www.handrit.is/schema/handrit-1.0.rnc" type="compact"?>
<TEI xmlns="http://www.tei-c.org/ns/1.0">
	<teiHeader>
		<fileDesc>
			<titleStmt>
				<title type="main">JS fragm 4</title>
				<title type="subordinate">Njáls saga, Ísland, 1600-1650</title>
			</titleStmt>
			<publicationStmt>
				<authority>Landsbókasafn Íslands - Háskólabókasafn</authority>
				<pubPlace>Reykjavík</pubPlace>
				<date when="2011-03-28">28. mars 2011</date>
				<availability status="restricted">
					<p>Aðgangur aðeins mögulegur í fræðilegum tilgangi.</p>
				</availability>
			</publicationStmt>
			<sourceDesc>
				<msDesc xml:id="JSFragm-0004-is" xml:lang="is">
					<msIdentifier>
						<country key="IS">Ísland</country>
						<settlement>Reykjavík</settlement>
						<institution>Landsbókasafn Íslands - Háskólabókasafn</institution>
						<repository>Handritasafn</repository>
						<collection>Skinnblöð Landsbókasafns</collection>
						<idno>JS fragm 4</idno>
						<msName/>
					</msIdentifier>
					<msContents>
						<summary>
							<note>
								<p xml:lang="is">Einn blaðsnepill ú tvídálkuðum tvíblöðungi frá
									öndverðri 17. öld. Blaðið lá utanum skrifuð blöð á Hrafnagili í
									Eyjafirði og er efri hlutinn allur afskorinn og sömuleiðis breið
									ræma af kjöljaðri þess. Aptari blaðsíðan er lítt læsileg.</p>
							</note>
						</summary>
						<textLang mainLang="is">Íslenska</textLang>
						<msItem defective="true" class="isl">
							<locus from="1r" facs="#JSFragm-0004-0001r" to="1v">1r-1v</locus>
							<title type="uniform">Njáls saga</title>
							<incipit>… Asgrímur svarar: þat lagdi hann til …</incipit>
							<explicit>… ad þier færid lægra …</explicit>
							<note>Brot.</note>
							<bibl><ref type="primary-2" target="IslSog3">Njála I</ref> 1875, kap.
								kap. 132.91-136.56</bibl>
							<bibl>Einar Ólafur Sveinsson: <ref type="secondary-1" target="EinSve1952a">"Um handrit
								Njálssögu"</ref>.</bibl>
						</msItem>
					</msContents>
					<physDesc>
						<objectDesc form="codex">
							<supportDesc material="perg">
								<support>
									<p>Skinn.</p>
								</support>
								<extent>1 blað (<dimensions scope="all" type="leaf" unit="mm">
										<height>160</height>
										<width>210</width>
									</dimensions>).</extent>
							</supportDesc>
						</objectDesc>
						<handDesc hands="1">
							<summary>Ein hönd ; Skrifari óþekktur.</summary>
							<handNote scope="sole" script="other"/>
						</handDesc>
					</physDesc>
					<history>
						<origin>
							<origPlace>Ísland</origPlace>
							<origDate cert="medium" from="1600" to="1650">1600-1650.</origDate>
						</origin>
											</history>
					<additional>
						<adminInfo>
							<recordHist>
								<source><name type="person" key="SigGud008">Sigrún
									Guðjónsdóttir</name>skráði fyrir myndatöku, <date when="2011-03-28">28. mars 2011</date></source>
							</recordHist>
							<custodialHist>
								<custEvent type="check">
									<p>Athugað fyrir myndatöku <date when="2010-08-12">28. mars
										2011</date>.</p>
								</custEvent>
								<custEvent type="photography">
									<p>Myndað í <date when="2011-04">apríl 2011</date>.</p>
								</custEvent>
							</custodialHist>
						</adminInfo>
						<surrogates>
							<p>Myndað fyrir handritavef í <date when="2011-04">apríl 2011</date>.</p>
						</surrogates>
					</additional>
				</msDesc>
			</sourceDesc>
		</fileDesc>
	</teiHeader>
	<facsimile xml:base="https://myndir.handrit.is/file/Handrit.is/">
		<surface xml:id="JSFragm-0004-0001r" n="0">
			<desc>0001r</desc>
			<graphic mimeType="pdf" url="JS%20Fragment%204/0/HIGH_QUALITY_DISPLAY"/>
			<graphic mimeType="jpg" url="JS%20Fragment%204/0/THUMBNAIL" width="200px" height="150px"/>
			<graphic mimeType="jpg" url="JS%20Fragment%204/0/SECONDARY_DISPLAY" width="2880px" height="2166px"/>
			<graphic mimeType="pdf" url="JS%20Fragment%204/0/WEB_DISPLAY"/>
		</surface>
		<surface xml:id="JSFragm-0004-0001v" n="1">
			<desc>0001v</desc>
			<graphic mimeType="pdf" url="JS%20Fragment%204/1/HIGH_QUALITY_DISPLAY"/>
			<graphic mimeType="jpg" url="JS%20Fragment%204/1/THUMBNAIL" width="200px" height="150px"/>
			<graphic mimeType="jpg" url="JS%20Fragment%204/1/SECONDARY_DISPLAY" width="2880px" height="2160px"/>
			<graphic mimeType="pdf" url="JS%20Fragment%204/1/WEB_DISPLAY"/>
		</surface>
		<surface xml:id="JSFragm-0004-Scale" n="2">
			<desc>Scale</desc>
			<graphic mimeType="pdf" url="JS%20Fragment%204/2/HIGH_QUALITY_DISPLAY"/>
			<graphic mimeType="jpg" url="JS%20Fragment%204/2/THUMBNAIL" width="200px" height="153px"/>
			<graphic mimeType="jpg" url="JS%20Fragment%204/2/SECONDARY_DISPLAY" width="2844px" height="2172px"/>
			<graphic mimeType="pdf" url="JS%20Fragment%204/2/WEB_DISPLAY"/>
		</surface>
		<surface xml:id="JSFragm-0004-ccp" n="3">
			<desc>ccp</desc>
			<graphic mimeType="pdf" url="JS%20Fragment%204/3/HIGH_QUALITY_DISPLAY"/>
			<graphic mimeType="jpg" url="JS%20Fragment%204/3/THUMBNAIL" width="200px" height="130px"/>
			<graphic mimeType="jpg" url="JS%20Fragment%204/3/SECONDARY_DISPLAY" width="5244px" height="3420px"/>
			<graphic mimeType="pdf" url="JS%20Fragment%204/3/WEB_DISPLAY"/>
		</surface>
	</facsimile>
</TEI>