<?xml version="1.0" encoding="UTF-8"?>
<?oxygen RNGSchema="http://www.handrit.is/schema/handrit-1.0.rnc" type="compact"?>
<TEI xmlns="http://www.tei-c.org/ns/1.0">
	<teiHeader>
		<fileDesc>
			<titleStmt>
				<title type="main">Skjöl Jóns Sigurðssonar á Þjóðminjasafni</title>
			</titleStmt>
			<publicationStmt>
				<authority>Landsbókasafn Íslands - Háskólabókasafn</authority>
				<pubPlace>Reykjavík</pubPlace>
				<date when="2011-02-14">14. febrúar 2011</date>
				<availability status="restricted">
					<p>Aðgangur aðeins mögulegur í fræðilegum tilgangi.</p>
				</availability>
			</publicationStmt>
			<sourceDesc>
				<msDesc xml:id="JSSafn-0133b-is" xml:lang="is">
					<msIdentifier>
						<country key="IS">Ísland</country>
						<settlement>Reykjavík</settlement>
						<institution>Þjóðminjasafn Íslands</institution>
						<repository>Safn Jóns Sigurðssonar</repository>
						<idno>Safn Jóns Sigurðssonar 133 b</idno>
						<altIdentifier type="internal">
							<idno>133 b</idno>
						</altIdentifier>
					</msIdentifier>
					<msContents>
						<textLang mainLang="is">Íslenska</textLang>
						<msItem n="1" defective="false" class="heimil glosu">
							<locus from="1r" facs="#JSSafn-0133b-0001r" to="20v">1r-20v</locus>
							<title type="supplied">Reikningsbók Jóns Sigurðssonar 1862</title>
							<respStmt>
								<resp key="col"/>
								<name type="person" key="JonSig004"> Jón Sigurðsson</name>
							</respStmt>
							<note/>
						</msItem>
					</msContents>
					<physDesc>
						<objectDesc form="codex">
							<supportDesc material="chart">
								<support>
									<p>Pappír.</p>
								</support>
								<extent>20 blöð (<dimensions scope="all" type="leaf" unit="mm">
									<height n="222">222</height>
									<width n="177">177</width>
								</dimensions>). Auð blöð: 1r, 2v, 10r, 12v, og 20v.</extent>
							</supportDesc>
						</objectDesc>
						<handDesc hands="1">
							<summary>Ein hönd; Skrifari:</summary>
							<handNote scope="major" script="humcursiva" scribe="JonSig004"><name type="person" key="JonSig004">Jón Sigurðsson</name>.</handNote>
						</handDesc>
					</physDesc>
					<history>
							<origin><origPlace key="da">Danmörk</origPlace>, <origDate cert="high" when="1862">1862.</origDate>
							</origin>
					</history>
					<additional>
						<adminInfo>
							<recordHist>
								<source>
									<p><name type="person" key="SigJor001">Sigríður Hjördís
											Jörundsdóttir</name> skráði fyrir myndatöku, <date when="2011-03-23">23. mars
										2011</date>
									</p>
								</source>
							</recordHist>
							<custodialHist>
								<custEvent type="check">
									<p>Athugað fyrir myndatöku <date when="2011-03-15">15. mars
										2011</date>.</p>
								</custEvent>
								<custEvent type="photography">
									<p>Myndað í <date when="2011-03">mars 2011</date>.</p>
								</custEvent>
							</custodialHist>
						</adminInfo>
						<surrogates>
							<p>Myndað fyrir handritavef í <date when="2011-03">mars 2011</date>.</p>
						</surrogates>
					</additional>
				</msDesc>
			</sourceDesc>
		</fileDesc>
	</teiHeader>
	<facsimile xml:base="https://myndir.handrit.is/file/Handrit.is/">
		<surface xml:id="JSSafn-0133b-0000r-FB" n="0">
			<desc>0000r-FB</desc>
			<graphic mimeType="pdf" url="Safn%20J%C3%B3ns%20Sigur%C3%B0ssonar%20133%20b/0/HIGH_QUALITY_DISPLAY"/>
			<graphic mimeType="jpg" url="Safn%20J%C3%B3ns%20Sigur%C3%B0ssonar%20133%20b/0/THUMBNAIL" width="200px" height="234px"/>
			<graphic mimeType="jpg" url="Safn%20J%C3%B3ns%20Sigur%C3%B0ssonar%20133%20b/0/SECONDARY_DISPLAY" width="2432px" height="2852px"/>
			<graphic mimeType="pdf" url="Safn%20J%C3%B3ns%20Sigur%C3%B0ssonar%20133%20b/0/WEB_DISPLAY"/>
		</surface>
		<surface xml:id="JSSafn-0133b-0000v-FB" n="1">
			<desc>0000v-FB</desc>
			<graphic mimeType="pdf" url="Safn%20J%C3%B3ns%20Sigur%C3%B0ssonar%20133%20b/1/HIGH_QUALITY_DISPLAY"/>
			<graphic mimeType="jpg" url="Safn%20J%C3%B3ns%20Sigur%C3%B0ssonar%20133%20b/1/THUMBNAIL" width="200px" height="245px"/>
			<graphic mimeType="jpg" url="Safn%20J%C3%B3ns%20Sigur%C3%B0ssonar%20133%20b/1/SECONDARY_DISPLAY" width="2330px" height="2856px"/>
			<graphic mimeType="pdf" url="Safn%20J%C3%B3ns%20Sigur%C3%B0ssonar%20133%20b/1/WEB_DISPLAY"/>
		</surface>
		<surface xml:id="JSSafn-0133b-0001r" n="2">
			<desc>0001r</desc>
			<graphic mimeType="pdf" url="Safn%20J%C3%B3ns%20Sigur%C3%B0ssonar%20133%20b/2/HIGH_QUALITY_DISPLAY"/>
			<graphic mimeType="jpg" url="Safn%20J%C3%B3ns%20Sigur%C3%B0ssonar%20133%20b/2/THUMBNAIL" width="200px" height="245px"/>
			<graphic mimeType="jpg" url="Safn%20J%C3%B3ns%20Sigur%C3%B0ssonar%20133%20b/2/SECONDARY_DISPLAY" width="2330px" height="2856px"/>
			<graphic mimeType="pdf" url="Safn%20J%C3%B3ns%20Sigur%C3%B0ssonar%20133%20b/2/WEB_DISPLAY"/>
		</surface>
		<surface xml:id="JSSafn-0133b-0001v" n="3">
			<desc>0001v</desc>
			<graphic mimeType="pdf" url="Safn%20J%C3%B3ns%20Sigur%C3%B0ssonar%20133%20b/3/HIGH_QUALITY_DISPLAY"/>
			<graphic mimeType="jpg" url="Safn%20J%C3%B3ns%20Sigur%C3%B0ssonar%20133%20b/3/THUMBNAIL" width="200px" height="245px"/>
			<graphic mimeType="jpg" url="Safn%20J%C3%B3ns%20Sigur%C3%B0ssonar%20133%20b/3/SECONDARY_DISPLAY" width="2330px" height="2856px"/>
			<graphic mimeType="pdf" url="Safn%20J%C3%B3ns%20Sigur%C3%B0ssonar%20133%20b/3/WEB_DISPLAY"/>
		</surface>
		<surface xml:id="JSSafn-0133b-0002r" n="4">
			<desc>0002r</desc>
			<graphic mimeType="pdf" url="Safn%20J%C3%B3ns%20Sigur%C3%B0ssonar%20133%20b/4/HIGH_QUALITY_DISPLAY"/>
			<graphic mimeType="jpg" url="Safn%20J%C3%B3ns%20Sigur%C3%B0ssonar%20133%20b/4/THUMBNAIL" width="200px" height="245px"/>
			<graphic mimeType="jpg" url="Safn%20J%C3%B3ns%20Sigur%C3%B0ssonar%20133%20b/4/SECONDARY_DISPLAY" width="2330px" height="2856px"/>
			<graphic mimeType="pdf" url="Safn%20J%C3%B3ns%20Sigur%C3%B0ssonar%20133%20b/4/WEB_DISPLAY"/>
		</surface>
		<surface xml:id="JSSafn-0133b-0002v" n="5">
			<desc>0002v</desc>
			<graphic mimeType="pdf" url="Safn%20J%C3%B3ns%20Sigur%C3%B0ssonar%20133%20b/5/HIGH_QUALITY_DISPLAY"/>
			<graphic mimeType="jpg" url="Safn%20J%C3%B3ns%20Sigur%C3%B0ssonar%20133%20b/5/THUMBNAIL" width="200px" height="245px"/>
			<graphic mimeType="jpg" url="Safn%20J%C3%B3ns%20Sigur%C3%B0ssonar%20133%20b/5/SECONDARY_DISPLAY" width="2330px" height="2856px"/>
			<graphic mimeType="pdf" url="Safn%20J%C3%B3ns%20Sigur%C3%B0ssonar%20133%20b/5/WEB_DISPLAY"/>
		</surface>
		<surface xml:id="JSSafn-0133b-0003r" n="6">
			<desc>0003r</desc>
			<graphic mimeType="pdf" url="Safn%20J%C3%B3ns%20Sigur%C3%B0ssonar%20133%20b/6/HIGH_QUALITY_DISPLAY"/>
			<graphic mimeType="jpg" url="Safn%20J%C3%B3ns%20Sigur%C3%B0ssonar%20133%20b/6/THUMBNAIL" width="200px" height="245px"/>
			<graphic mimeType="jpg" url="Safn%20J%C3%B3ns%20Sigur%C3%B0ssonar%20133%20b/6/SECONDARY_DISPLAY" width="2330px" height="2856px"/>
			<graphic mimeType="pdf" url="Safn%20J%C3%B3ns%20Sigur%C3%B0ssonar%20133%20b/6/WEB_DISPLAY"/>
		</surface>
		<surface xml:id="JSSafn-0133b-0003v" n="7">
			<desc>0003v</desc>
			<graphic mimeType="pdf" url="Safn%20J%C3%B3ns%20Sigur%C3%B0ssonar%20133%20b/7/HIGH_QUALITY_DISPLAY"/>
			<graphic mimeType="jpg" url="Safn%20J%C3%B3ns%20Sigur%C3%B0ssonar%20133%20b/7/THUMBNAIL" width="200px" height="245px"/>
			<graphic mimeType="jpg" url="Safn%20J%C3%B3ns%20Sigur%C3%B0ssonar%20133%20b/7/SECONDARY_DISPLAY" width="2330px" height="2856px"/>
			<graphic mimeType="pdf" url="Safn%20J%C3%B3ns%20Sigur%C3%B0ssonar%20133%20b/7/WEB_DISPLAY"/>
		</surface>
		<surface xml:id="JSSafn-0133b-0004r" n="8">
			<desc>0004r</desc>
			<graphic mimeType="pdf" url="Safn%20J%C3%B3ns%20Sigur%C3%B0ssonar%20133%20b/8/HIGH_QUALITY_DISPLAY"/>
			<graphic mimeType="jpg" url="Safn%20J%C3%B3ns%20Sigur%C3%B0ssonar%20133%20b/8/THUMBNAIL" width="200px" height="245px"/>
			<graphic mimeType="jpg" url="Safn%20J%C3%B3ns%20Sigur%C3%B0ssonar%20133%20b/8/SECONDARY_DISPLAY" width="2330px" height="2856px"/>
			<graphic mimeType="pdf" url="Safn%20J%C3%B3ns%20Sigur%C3%B0ssonar%20133%20b/8/WEB_DISPLAY"/>
		</surface>
		<surface xml:id="JSSafn-0133b-0004v" n="9">
			<desc>0004v</desc>
			<graphic mimeType="pdf" url="Safn%20J%C3%B3ns%20Sigur%C3%B0ssonar%20133%20b/9/HIGH_QUALITY_DISPLAY"/>
			<graphic mimeType="jpg" url="Safn%20J%C3%B3ns%20Sigur%C3%B0ssonar%20133%20b/9/THUMBNAIL" width="200px" height="245px"/>
			<graphic mimeType="jpg" url="Safn%20J%C3%B3ns%20Sigur%C3%B0ssonar%20133%20b/9/SECONDARY_DISPLAY" width="2330px" height="2856px"/>
			<graphic mimeType="pdf" url="Safn%20J%C3%B3ns%20Sigur%C3%B0ssonar%20133%20b/9/WEB_DISPLAY"/>
		</surface>
		<surface xml:id="JSSafn-0133b-0005r" n="10">
			<desc>0005r</desc>
			<graphic mimeType="pdf" url="Safn%20J%C3%B3ns%20Sigur%C3%B0ssonar%20133%20b/10/HIGH_QUALITY_DISPLAY"/>
			<graphic mimeType="jpg" url="Safn%20J%C3%B3ns%20Sigur%C3%B0ssonar%20133%20b/10/THUMBNAIL" width="200px" height="245px"/>
			<graphic mimeType="jpg" url="Safn%20J%C3%B3ns%20Sigur%C3%B0ssonar%20133%20b/10/SECONDARY_DISPLAY" width="2330px" height="2856px"/>
			<graphic mimeType="pdf" url="Safn%20J%C3%B3ns%20Sigur%C3%B0ssonar%20133%20b/10/WEB_DISPLAY"/>
		</surface>
		<surface xml:id="JSSafn-0133b-0005v" n="11">
			<desc>0005v</desc>
			<graphic mimeType="pdf" url="Safn%20J%C3%B3ns%20Sigur%C3%B0ssonar%20133%20b/11/HIGH_QUALITY_DISPLAY"/>
			<graphic mimeType="jpg" url="Safn%20J%C3%B3ns%20Sigur%C3%B0ssonar%20133%20b/11/THUMBNAIL" width="200px" height="245px"/>
			<graphic mimeType="jpg" url="Safn%20J%C3%B3ns%20Sigur%C3%B0ssonar%20133%20b/11/SECONDARY_DISPLAY" width="2330px" height="2856px"/>
			<graphic mimeType="pdf" url="Safn%20J%C3%B3ns%20Sigur%C3%B0ssonar%20133%20b/11/WEB_DISPLAY"/>
		</surface>
		<surface xml:id="JSSafn-0133b-0006r" n="12">
			<desc>0006r</desc>
			<graphic mimeType="pdf" url="Safn%20J%C3%B3ns%20Sigur%C3%B0ssonar%20133%20b/12/HIGH_QUALITY_DISPLAY"/>
			<graphic mimeType="jpg" url="Safn%20J%C3%B3ns%20Sigur%C3%B0ssonar%20133%20b/12/THUMBNAIL" width="200px" height="245px"/>
			<graphic mimeType="jpg" url="Safn%20J%C3%B3ns%20Sigur%C3%B0ssonar%20133%20b/12/SECONDARY_DISPLAY" width="2330px" height="2856px"/>
			<graphic mimeType="pdf" url="Safn%20J%C3%B3ns%20Sigur%C3%B0ssonar%20133%20b/12/WEB_DISPLAY"/>
		</surface>
		<surface xml:id="JSSafn-0133b-0006v" n="13">
			<desc>0006v</desc>
			<graphic mimeType="pdf" url="Safn%20J%C3%B3ns%20Sigur%C3%B0ssonar%20133%20b/13/HIGH_QUALITY_DISPLAY"/>
			<graphic mimeType="jpg" url="Safn%20J%C3%B3ns%20Sigur%C3%B0ssonar%20133%20b/13/THUMBNAIL" width="200px" height="245px"/>
			<graphic mimeType="jpg" url="Safn%20J%C3%B3ns%20Sigur%C3%B0ssonar%20133%20b/13/SECONDARY_DISPLAY" width="2330px" height="2856px"/>
			<graphic mimeType="pdf" url="Safn%20J%C3%B3ns%20Sigur%C3%B0ssonar%20133%20b/13/WEB_DISPLAY"/>
		</surface>
		<surface xml:id="JSSafn-0133b-0007r" n="14">
			<desc>0007r</desc>
			<graphic mimeType="pdf" url="Safn%20J%C3%B3ns%20Sigur%C3%B0ssonar%20133%20b/14/HIGH_QUALITY_DISPLAY"/>
			<graphic mimeType="jpg" url="Safn%20J%C3%B3ns%20Sigur%C3%B0ssonar%20133%20b/14/THUMBNAIL" width="200px" height="245px"/>
			<graphic mimeType="jpg" url="Safn%20J%C3%B3ns%20Sigur%C3%B0ssonar%20133%20b/14/SECONDARY_DISPLAY" width="2330px" height="2856px"/>
			<graphic mimeType="pdf" url="Safn%20J%C3%B3ns%20Sigur%C3%B0ssonar%20133%20b/14/WEB_DISPLAY"/>
		</surface>
		<surface xml:id="JSSafn-0133b-0007v" n="15">
			<desc>0007v</desc>
			<graphic mimeType="pdf" url="Safn%20J%C3%B3ns%20Sigur%C3%B0ssonar%20133%20b/15/HIGH_QUALITY_DISPLAY"/>
			<graphic mimeType="jpg" url="Safn%20J%C3%B3ns%20Sigur%C3%B0ssonar%20133%20b/15/THUMBNAIL" width="200px" height="245px"/>
			<graphic mimeType="jpg" url="Safn%20J%C3%B3ns%20Sigur%C3%B0ssonar%20133%20b/15/SECONDARY_DISPLAY" width="2330px" height="2856px"/>
			<graphic mimeType="pdf" url="Safn%20J%C3%B3ns%20Sigur%C3%B0ssonar%20133%20b/15/WEB_DISPLAY"/>
		</surface>
		<surface xml:id="JSSafn-0133b-0008r" n="16">
			<desc>0008r</desc>
			<graphic mimeType="pdf" url="Safn%20J%C3%B3ns%20Sigur%C3%B0ssonar%20133%20b/16/HIGH_QUALITY_DISPLAY"/>
			<graphic mimeType="jpg" url="Safn%20J%C3%B3ns%20Sigur%C3%B0ssonar%20133%20b/16/THUMBNAIL" width="200px" height="245px"/>
			<graphic mimeType="jpg" url="Safn%20J%C3%B3ns%20Sigur%C3%B0ssonar%20133%20b/16/SECONDARY_DISPLAY" width="2330px" height="2856px"/>
			<graphic mimeType="pdf" url="Safn%20J%C3%B3ns%20Sigur%C3%B0ssonar%20133%20b/16/WEB_DISPLAY"/>
		</surface>
		<surface xml:id="JSSafn-0133b-0008v" n="17">
			<desc>0008v</desc>
			<graphic mimeType="pdf" url="Safn%20J%C3%B3ns%20Sigur%C3%B0ssonar%20133%20b/17/HIGH_QUALITY_DISPLAY"/>
			<graphic mimeType="jpg" url="Safn%20J%C3%B3ns%20Sigur%C3%B0ssonar%20133%20b/17/THUMBNAIL" width="200px" height="245px"/>
			<graphic mimeType="jpg" url="Safn%20J%C3%B3ns%20Sigur%C3%B0ssonar%20133%20b/17/SECONDARY_DISPLAY" width="2330px" height="2856px"/>
			<graphic mimeType="pdf" url="Safn%20J%C3%B3ns%20Sigur%C3%B0ssonar%20133%20b/17/WEB_DISPLAY"/>
		</surface>
		<surface xml:id="JSSafn-0133b-0009r" n="18">
			<desc>0009r</desc>
			<graphic mimeType="pdf" url="Safn%20J%C3%B3ns%20Sigur%C3%B0ssonar%20133%20b/18/HIGH_QUALITY_DISPLAY"/>
			<graphic mimeType="jpg" url="Safn%20J%C3%B3ns%20Sigur%C3%B0ssonar%20133%20b/18/THUMBNAIL" width="200px" height="245px"/>
			<graphic mimeType="jpg" url="Safn%20J%C3%B3ns%20Sigur%C3%B0ssonar%20133%20b/18/SECONDARY_DISPLAY" width="2330px" height="2856px"/>
			<graphic mimeType="pdf" url="Safn%20J%C3%B3ns%20Sigur%C3%B0ssonar%20133%20b/18/WEB_DISPLAY"/>
		</surface>
		<surface xml:id="JSSafn-0133b-0009v" n="19">
			<desc>0009v</desc>
			<graphic mimeType="pdf" url="Safn%20J%C3%B3ns%20Sigur%C3%B0ssonar%20133%20b/19/HIGH_QUALITY_DISPLAY"/>
			<graphic mimeType="jpg" url="Safn%20J%C3%B3ns%20Sigur%C3%B0ssonar%20133%20b/19/THUMBNAIL" width="200px" height="245px"/>
			<graphic mimeType="jpg" url="Safn%20J%C3%B3ns%20Sigur%C3%B0ssonar%20133%20b/19/SECONDARY_DISPLAY" width="2330px" height="2856px"/>
			<graphic mimeType="pdf" url="Safn%20J%C3%B3ns%20Sigur%C3%B0ssonar%20133%20b/19/WEB_DISPLAY"/>
		</surface>
		<surface xml:id="JSSafn-0133b-0010r" n="20">
			<desc>0010r</desc>
			<graphic mimeType="pdf" url="Safn%20J%C3%B3ns%20Sigur%C3%B0ssonar%20133%20b/20/HIGH_QUALITY_DISPLAY"/>
			<graphic mimeType="jpg" url="Safn%20J%C3%B3ns%20Sigur%C3%B0ssonar%20133%20b/20/THUMBNAIL" width="200px" height="245px"/>
			<graphic mimeType="jpg" url="Safn%20J%C3%B3ns%20Sigur%C3%B0ssonar%20133%20b/20/SECONDARY_DISPLAY" width="2330px" height="2856px"/>
			<graphic mimeType="pdf" url="Safn%20J%C3%B3ns%20Sigur%C3%B0ssonar%20133%20b/20/WEB_DISPLAY"/>
		</surface>
		<surface xml:id="JSSafn-0133b-0010v" n="21">
			<desc>0010v</desc>
			<graphic mimeType="pdf" url="Safn%20J%C3%B3ns%20Sigur%C3%B0ssonar%20133%20b/21/HIGH_QUALITY_DISPLAY"/>
			<graphic mimeType="jpg" url="Safn%20J%C3%B3ns%20Sigur%C3%B0ssonar%20133%20b/21/THUMBNAIL" width="200px" height="245px"/>
			<graphic mimeType="jpg" url="Safn%20J%C3%B3ns%20Sigur%C3%B0ssonar%20133%20b/21/SECONDARY_DISPLAY" width="2330px" height="2856px"/>
			<graphic mimeType="pdf" url="Safn%20J%C3%B3ns%20Sigur%C3%B0ssonar%20133%20b/21/WEB_DISPLAY"/>
		</surface>
		<surface xml:id="JSSafn-0133b-0011r" n="22">
			<desc>0011r</desc>
			<graphic mimeType="pdf" url="Safn%20J%C3%B3ns%20Sigur%C3%B0ssonar%20133%20b/22/HIGH_QUALITY_DISPLAY"/>
			<graphic mimeType="jpg" url="Safn%20J%C3%B3ns%20Sigur%C3%B0ssonar%20133%20b/22/THUMBNAIL" width="200px" height="245px"/>
			<graphic mimeType="jpg" url="Safn%20J%C3%B3ns%20Sigur%C3%B0ssonar%20133%20b/22/SECONDARY_DISPLAY" width="2330px" height="2856px"/>
			<graphic mimeType="pdf" url="Safn%20J%C3%B3ns%20Sigur%C3%B0ssonar%20133%20b/22/WEB_DISPLAY"/>
		</surface>
		<surface xml:id="JSSafn-0133b-0011v" n="23">
			<desc>0011v</desc>
			<graphic mimeType="pdf" url="Safn%20J%C3%B3ns%20Sigur%C3%B0ssonar%20133%20b/23/HIGH_QUALITY_DISPLAY"/>
			<graphic mimeType="jpg" url="Safn%20J%C3%B3ns%20Sigur%C3%B0ssonar%20133%20b/23/THUMBNAIL" width="200px" height="245px"/>
			<graphic mimeType="jpg" url="Safn%20J%C3%B3ns%20Sigur%C3%B0ssonar%20133%20b/23/SECONDARY_DISPLAY" width="2330px" height="2856px"/>
			<graphic mimeType="pdf" url="Safn%20J%C3%B3ns%20Sigur%C3%B0ssonar%20133%20b/23/WEB_DISPLAY"/>
		</surface>
		<surface xml:id="JSSafn-0133b-0012r" n="24">
			<desc>0012r</desc>
			<graphic mimeType="pdf" url="Safn%20J%C3%B3ns%20Sigur%C3%B0ssonar%20133%20b/24/HIGH_QUALITY_DISPLAY"/>
			<graphic mimeType="jpg" url="Safn%20J%C3%B3ns%20Sigur%C3%B0ssonar%20133%20b/24/THUMBNAIL" width="200px" height="245px"/>
			<graphic mimeType="jpg" url="Safn%20J%C3%B3ns%20Sigur%C3%B0ssonar%20133%20b/24/SECONDARY_DISPLAY" width="2330px" height="2856px"/>
			<graphic mimeType="pdf" url="Safn%20J%C3%B3ns%20Sigur%C3%B0ssonar%20133%20b/24/WEB_DISPLAY"/>
		</surface>
		<surface xml:id="JSSafn-0133b-0012v" n="25">
			<desc>0012v</desc>
			<graphic mimeType="pdf" url="Safn%20J%C3%B3ns%20Sigur%C3%B0ssonar%20133%20b/25/HIGH_QUALITY_DISPLAY"/>
			<graphic mimeType="jpg" url="Safn%20J%C3%B3ns%20Sigur%C3%B0ssonar%20133%20b/25/THUMBNAIL" width="200px" height="245px"/>
			<graphic mimeType="jpg" url="Safn%20J%C3%B3ns%20Sigur%C3%B0ssonar%20133%20b/25/SECONDARY_DISPLAY" width="2330px" height="2856px"/>
			<graphic mimeType="pdf" url="Safn%20J%C3%B3ns%20Sigur%C3%B0ssonar%20133%20b/25/WEB_DISPLAY"/>
		</surface>
		<surface xml:id="JSSafn-0133b-0013r" n="26">
			<desc>0013r</desc>
			<graphic mimeType="pdf" url="Safn%20J%C3%B3ns%20Sigur%C3%B0ssonar%20133%20b/26/HIGH_QUALITY_DISPLAY"/>
			<graphic mimeType="jpg" url="Safn%20J%C3%B3ns%20Sigur%C3%B0ssonar%20133%20b/26/THUMBNAIL" width="200px" height="245px"/>
			<graphic mimeType="jpg" url="Safn%20J%C3%B3ns%20Sigur%C3%B0ssonar%20133%20b/26/SECONDARY_DISPLAY" width="2330px" height="2856px"/>
			<graphic mimeType="pdf" url="Safn%20J%C3%B3ns%20Sigur%C3%B0ssonar%20133%20b/26/WEB_DISPLAY"/>
		</surface>
		<surface xml:id="JSSafn-0133b-0013v" n="27">
			<desc>0013v</desc>
			<graphic mimeType="pdf" url="Safn%20J%C3%B3ns%20Sigur%C3%B0ssonar%20133%20b/27/HIGH_QUALITY_DISPLAY"/>
			<graphic mimeType="jpg" url="Safn%20J%C3%B3ns%20Sigur%C3%B0ssonar%20133%20b/27/THUMBNAIL" width="200px" height="245px"/>
			<graphic mimeType="jpg" url="Safn%20J%C3%B3ns%20Sigur%C3%B0ssonar%20133%20b/27/SECONDARY_DISPLAY" width="2330px" height="2856px"/>
			<graphic mimeType="pdf" url="Safn%20J%C3%B3ns%20Sigur%C3%B0ssonar%20133%20b/27/WEB_DISPLAY"/>
		</surface>
		<surface xml:id="JSSafn-0133b-0014r" n="28">
			<desc>0014r</desc>
			<graphic mimeType="pdf" url="Safn%20J%C3%B3ns%20Sigur%C3%B0ssonar%20133%20b/28/HIGH_QUALITY_DISPLAY"/>
			<graphic mimeType="jpg" url="Safn%20J%C3%B3ns%20Sigur%C3%B0ssonar%20133%20b/28/THUMBNAIL" width="200px" height="245px"/>
			<graphic mimeType="jpg" url="Safn%20J%C3%B3ns%20Sigur%C3%B0ssonar%20133%20b/28/SECONDARY_DISPLAY" width="2330px" height="2856px"/>
			<graphic mimeType="pdf" url="Safn%20J%C3%B3ns%20Sigur%C3%B0ssonar%20133%20b/28/WEB_DISPLAY"/>
		</surface>
		<surface xml:id="JSSafn-0133b-0014v" n="29">
			<desc>0014v</desc>
			<graphic mimeType="pdf" url="Safn%20J%C3%B3ns%20Sigur%C3%B0ssonar%20133%20b/29/HIGH_QUALITY_DISPLAY"/>
			<graphic mimeType="jpg" url="Safn%20J%C3%B3ns%20Sigur%C3%B0ssonar%20133%20b/29/THUMBNAIL" width="200px" height="245px"/>
			<graphic mimeType="jpg" url="Safn%20J%C3%B3ns%20Sigur%C3%B0ssonar%20133%20b/29/SECONDARY_DISPLAY" width="2330px" height="2856px"/>
			<graphic mimeType="pdf" url="Safn%20J%C3%B3ns%20Sigur%C3%B0ssonar%20133%20b/29/WEB_DISPLAY"/>
		</surface>
		<surface xml:id="JSSafn-0133b-0015r" n="30">
			<desc>0015r</desc>
			<graphic mimeType="pdf" url="Safn%20J%C3%B3ns%20Sigur%C3%B0ssonar%20133%20b/30/HIGH_QUALITY_DISPLAY"/>
			<graphic mimeType="jpg" url="Safn%20J%C3%B3ns%20Sigur%C3%B0ssonar%20133%20b/30/THUMBNAIL" width="200px" height="245px"/>
			<graphic mimeType="jpg" url="Safn%20J%C3%B3ns%20Sigur%C3%B0ssonar%20133%20b/30/SECONDARY_DISPLAY" width="2330px" height="2856px"/>
			<graphic mimeType="pdf" url="Safn%20J%C3%B3ns%20Sigur%C3%B0ssonar%20133%20b/30/WEB_DISPLAY"/>
		</surface>
		<surface xml:id="JSSafn-0133b-0015v" n="31">
			<desc>0015v</desc>
			<graphic mimeType="pdf" url="Safn%20J%C3%B3ns%20Sigur%C3%B0ssonar%20133%20b/31/HIGH_QUALITY_DISPLAY"/>
			<graphic mimeType="jpg" url="Safn%20J%C3%B3ns%20Sigur%C3%B0ssonar%20133%20b/31/THUMBNAIL" width="200px" height="245px"/>
			<graphic mimeType="jpg" url="Safn%20J%C3%B3ns%20Sigur%C3%B0ssonar%20133%20b/31/SECONDARY_DISPLAY" width="2330px" height="2856px"/>
			<graphic mimeType="pdf" url="Safn%20J%C3%B3ns%20Sigur%C3%B0ssonar%20133%20b/31/WEB_DISPLAY"/>
		</surface>
		<surface xml:id="JSSafn-0133b-0016r" n="32">
			<desc>0016r</desc>
			<graphic mimeType="pdf" url="Safn%20J%C3%B3ns%20Sigur%C3%B0ssonar%20133%20b/32/HIGH_QUALITY_DISPLAY"/>
			<graphic mimeType="jpg" url="Safn%20J%C3%B3ns%20Sigur%C3%B0ssonar%20133%20b/32/THUMBNAIL" width="200px" height="245px"/>
			<graphic mimeType="jpg" url="Safn%20J%C3%B3ns%20Sigur%C3%B0ssonar%20133%20b/32/SECONDARY_DISPLAY" width="2330px" height="2856px"/>
			<graphic mimeType="pdf" url="Safn%20J%C3%B3ns%20Sigur%C3%B0ssonar%20133%20b/32/WEB_DISPLAY"/>
		</surface>
		<surface xml:id="JSSafn-0133b-0016v" n="33">
			<desc>0016v</desc>
			<graphic mimeType="pdf" url="Safn%20J%C3%B3ns%20Sigur%C3%B0ssonar%20133%20b/33/HIGH_QUALITY_DISPLAY"/>
			<graphic mimeType="jpg" url="Safn%20J%C3%B3ns%20Sigur%C3%B0ssonar%20133%20b/33/THUMBNAIL" width="200px" height="245px"/>
			<graphic mimeType="jpg" url="Safn%20J%C3%B3ns%20Sigur%C3%B0ssonar%20133%20b/33/SECONDARY_DISPLAY" width="2330px" height="2856px"/>
			<graphic mimeType="pdf" url="Safn%20J%C3%B3ns%20Sigur%C3%B0ssonar%20133%20b/33/WEB_DISPLAY"/>
		</surface>
		<surface xml:id="JSSafn-0133b-0017r" n="34">
			<desc>0017r</desc>
			<graphic mimeType="pdf" url="Safn%20J%C3%B3ns%20Sigur%C3%B0ssonar%20133%20b/34/HIGH_QUALITY_DISPLAY"/>
			<graphic mimeType="jpg" url="Safn%20J%C3%B3ns%20Sigur%C3%B0ssonar%20133%20b/34/THUMBNAIL" width="200px" height="245px"/>
			<graphic mimeType="jpg" url="Safn%20J%C3%B3ns%20Sigur%C3%B0ssonar%20133%20b/34/SECONDARY_DISPLAY" width="2330px" height="2856px"/>
			<graphic mimeType="pdf" url="Safn%20J%C3%B3ns%20Sigur%C3%B0ssonar%20133%20b/34/WEB_DISPLAY"/>
		</surface>
		<surface xml:id="JSSafn-0133b-0017v" n="35">
			<desc>0017v</desc>
			<graphic mimeType="pdf" url="Safn%20J%C3%B3ns%20Sigur%C3%B0ssonar%20133%20b/35/HIGH_QUALITY_DISPLAY"/>
			<graphic mimeType="jpg" url="Safn%20J%C3%B3ns%20Sigur%C3%B0ssonar%20133%20b/35/THUMBNAIL" width="200px" height="245px"/>
			<graphic mimeType="jpg" url="Safn%20J%C3%B3ns%20Sigur%C3%B0ssonar%20133%20b/35/SECONDARY_DISPLAY" width="2330px" height="2856px"/>
			<graphic mimeType="pdf" url="Safn%20J%C3%B3ns%20Sigur%C3%B0ssonar%20133%20b/35/WEB_DISPLAY"/>
		</surface>
		<surface xml:id="JSSafn-0133b-0018r" n="36">
			<desc>0018r</desc>
			<graphic mimeType="pdf" url="Safn%20J%C3%B3ns%20Sigur%C3%B0ssonar%20133%20b/36/HIGH_QUALITY_DISPLAY"/>
			<graphic mimeType="jpg" url="Safn%20J%C3%B3ns%20Sigur%C3%B0ssonar%20133%20b/36/THUMBNAIL" width="200px" height="245px"/>
			<graphic mimeType="jpg" url="Safn%20J%C3%B3ns%20Sigur%C3%B0ssonar%20133%20b/36/SECONDARY_DISPLAY" width="2330px" height="2856px"/>
			<graphic mimeType="pdf" url="Safn%20J%C3%B3ns%20Sigur%C3%B0ssonar%20133%20b/36/WEB_DISPLAY"/>
		</surface>
		<surface xml:id="JSSafn-0133b-0018v" n="37">
			<desc>0018v</desc>
			<graphic mimeType="pdf" url="Safn%20J%C3%B3ns%20Sigur%C3%B0ssonar%20133%20b/37/HIGH_QUALITY_DISPLAY"/>
			<graphic mimeType="jpg" url="Safn%20J%C3%B3ns%20Sigur%C3%B0ssonar%20133%20b/37/THUMBNAIL" width="200px" height="245px"/>
			<graphic mimeType="jpg" url="Safn%20J%C3%B3ns%20Sigur%C3%B0ssonar%20133%20b/37/SECONDARY_DISPLAY" width="2330px" height="2856px"/>
			<graphic mimeType="pdf" url="Safn%20J%C3%B3ns%20Sigur%C3%B0ssonar%20133%20b/37/WEB_DISPLAY"/>
		</surface>
		<surface xml:id="JSSafn-0133b-0019r" n="38">
			<desc>0019r</desc>
			<graphic mimeType="pdf" url="Safn%20J%C3%B3ns%20Sigur%C3%B0ssonar%20133%20b/38/HIGH_QUALITY_DISPLAY"/>
			<graphic mimeType="jpg" url="Safn%20J%C3%B3ns%20Sigur%C3%B0ssonar%20133%20b/38/THUMBNAIL" width="200px" height="245px"/>
			<graphic mimeType="jpg" url="Safn%20J%C3%B3ns%20Sigur%C3%B0ssonar%20133%20b/38/SECONDARY_DISPLAY" width="2330px" height="2856px"/>
			<graphic mimeType="pdf" url="Safn%20J%C3%B3ns%20Sigur%C3%B0ssonar%20133%20b/38/WEB_DISPLAY"/>
		</surface>
		<surface xml:id="JSSafn-0133b-0019v" n="39">
			<desc>0019v</desc>
			<graphic mimeType="pdf" url="Safn%20J%C3%B3ns%20Sigur%C3%B0ssonar%20133%20b/39/HIGH_QUALITY_DISPLAY"/>
			<graphic mimeType="jpg" url="Safn%20J%C3%B3ns%20Sigur%C3%B0ssonar%20133%20b/39/THUMBNAIL" width="200px" height="245px"/>
			<graphic mimeType="jpg" url="Safn%20J%C3%B3ns%20Sigur%C3%B0ssonar%20133%20b/39/SECONDARY_DISPLAY" width="2330px" height="2856px"/>
			<graphic mimeType="pdf" url="Safn%20J%C3%B3ns%20Sigur%C3%B0ssonar%20133%20b/39/WEB_DISPLAY"/>
		</surface>
		<surface xml:id="JSSafn-0133b-0020r" n="40">
			<desc>0020r</desc>
			<graphic mimeType="pdf" url="Safn%20J%C3%B3ns%20Sigur%C3%B0ssonar%20133%20b/40/HIGH_QUALITY_DISPLAY"/>
			<graphic mimeType="jpg" url="Safn%20J%C3%B3ns%20Sigur%C3%B0ssonar%20133%20b/40/THUMBNAIL" width="200px" height="245px"/>
			<graphic mimeType="jpg" url="Safn%20J%C3%B3ns%20Sigur%C3%B0ssonar%20133%20b/40/SECONDARY_DISPLAY" width="2330px" height="2856px"/>
			<graphic mimeType="pdf" url="Safn%20J%C3%B3ns%20Sigur%C3%B0ssonar%20133%20b/40/WEB_DISPLAY"/>
		</surface>
		<surface xml:id="JSSafn-0133b-0020v" n="41">
			<desc>0020v</desc>
			<graphic mimeType="pdf" url="Safn%20J%C3%B3ns%20Sigur%C3%B0ssonar%20133%20b/41/HIGH_QUALITY_DISPLAY"/>
			<graphic mimeType="jpg" url="Safn%20J%C3%B3ns%20Sigur%C3%B0ssonar%20133%20b/41/THUMBNAIL" width="200px" height="245px"/>
			<graphic mimeType="jpg" url="Safn%20J%C3%B3ns%20Sigur%C3%B0ssonar%20133%20b/41/SECONDARY_DISPLAY" width="2330px" height="2856px"/>
			<graphic mimeType="pdf" url="Safn%20J%C3%B3ns%20Sigur%C3%B0ssonar%20133%20b/41/WEB_DISPLAY"/>
		</surface>
		<surface xml:id="JSSafn-0133b-9999r-RB" n="42">
			<desc>9999r-RB</desc>
			<graphic mimeType="pdf" url="Safn%20J%C3%B3ns%20Sigur%C3%B0ssonar%20133%20b/42/HIGH_QUALITY_DISPLAY"/>
			<graphic mimeType="jpg" url="Safn%20J%C3%B3ns%20Sigur%C3%B0ssonar%20133%20b/42/THUMBNAIL" width="200px" height="245px"/>
			<graphic mimeType="jpg" url="Safn%20J%C3%B3ns%20Sigur%C3%B0ssonar%20133%20b/42/SECONDARY_DISPLAY" width="2330px" height="2856px"/>
			<graphic mimeType="pdf" url="Safn%20J%C3%B3ns%20Sigur%C3%B0ssonar%20133%20b/42/WEB_DISPLAY"/>
		</surface>
		<surface xml:id="JSSafn-0133b-9999v-RB" n="43">
			<desc>9999v-RB</desc>
			<graphic mimeType="pdf" url="Safn%20J%C3%B3ns%20Sigur%C3%B0ssonar%20133%20b/43/HIGH_QUALITY_DISPLAY"/>
			<graphic mimeType="jpg" url="Safn%20J%C3%B3ns%20Sigur%C3%B0ssonar%20133%20b/43/THUMBNAIL" width="200px" height="240px"/>
			<graphic mimeType="jpg" url="Safn%20J%C3%B3ns%20Sigur%C3%B0ssonar%20133%20b/43/SECONDARY_DISPLAY" width="2364px" height="2840px"/>
			<graphic mimeType="pdf" url="Safn%20J%C3%B3ns%20Sigur%C3%B0ssonar%20133%20b/43/WEB_DISPLAY"/>
		</surface>
		<surface xml:id="JSSafn-0133b-Spine" n="44">
			<desc>Spine</desc>
			<graphic mimeType="pdf" url="Safn%20J%C3%B3ns%20Sigur%C3%B0ssonar%20133%20b/44/HIGH_QUALITY_DISPLAY"/>
			<graphic mimeType="jpg" url="Safn%20J%C3%B3ns%20Sigur%C3%B0ssonar%20133%20b/44/THUMBNAIL" width="29px" height="300px"/>
			<graphic mimeType="jpg" url="Safn%20J%C3%B3ns%20Sigur%C3%B0ssonar%20133%20b/44/SECONDARY_DISPLAY" width="283px" height="2916px"/>
			<graphic mimeType="pdf" url="Safn%20J%C3%B3ns%20Sigur%C3%B0ssonar%20133%20b/44/WEB_DISPLAY"/>
		</surface>
		<surface xml:id="JSSafn-0133b-Fore-Edge" n="45">
			<desc>Fore-Edge</desc>
			<graphic mimeType="pdf" url="Safn%20J%C3%B3ns%20Sigur%C3%B0ssonar%20133%20b/45/HIGH_QUALITY_DISPLAY"/>
			<graphic mimeType="jpg" url="Safn%20J%C3%B3ns%20Sigur%C3%B0ssonar%20133%20b/45/THUMBNAIL" width="25px" height="300px"/>
			<graphic mimeType="jpg" url="Safn%20J%C3%B3ns%20Sigur%C3%B0ssonar%20133%20b/45/SECONDARY_DISPLAY" width="257px" height="3032px"/>
			<graphic mimeType="pdf" url="Safn%20J%C3%B3ns%20Sigur%C3%B0ssonar%20133%20b/45/WEB_DISPLAY"/>
		</surface>
		<surface xml:id="JSSafn-0133b-Head-Edge" n="46">
			<desc>Head-Edge</desc>
			<graphic mimeType="pdf" url="Safn%20J%C3%B3ns%20Sigur%C3%B0ssonar%20133%20b/46/HIGH_QUALITY_DISPLAY"/>
			<graphic mimeType="jpg" url="Safn%20J%C3%B3ns%20Sigur%C3%B0ssonar%20133%20b/46/THUMBNAIL" width="27px" height="300px"/>
			<graphic mimeType="jpg" url="Safn%20J%C3%B3ns%20Sigur%C3%B0ssonar%20133%20b/46/SECONDARY_DISPLAY" width="225px" height="2544px"/>
			<graphic mimeType="pdf" url="Safn%20J%C3%B3ns%20Sigur%C3%B0ssonar%20133%20b/46/WEB_DISPLAY"/>
		</surface>
		<surface xml:id="JSSafn-0133b-Tail-Edge" n="47">
			<desc>Tail-Edge</desc>
			<graphic mimeType="pdf" url="Safn%20J%C3%B3ns%20Sigur%C3%B0ssonar%20133%20b/47/HIGH_QUALITY_DISPLAY"/>
			<graphic mimeType="jpg" url="Safn%20J%C3%B3ns%20Sigur%C3%B0ssonar%20133%20b/47/THUMBNAIL" width="31px" height="300px"/>
			<graphic mimeType="jpg" url="Safn%20J%C3%B3ns%20Sigur%C3%B0ssonar%20133%20b/47/SECONDARY_DISPLAY" width="257px" height="2520px"/>
			<graphic mimeType="pdf" url="Safn%20J%C3%B3ns%20Sigur%C3%B0ssonar%20133%20b/47/WEB_DISPLAY"/>
		</surface>
		<surface xml:id="JSSafn-0133b-Scale" n="48">
			<desc>Scale</desc>
			<graphic mimeType="pdf" url="Safn%20J%C3%B3ns%20Sigur%C3%B0ssonar%20133%20b/48/HIGH_QUALITY_DISPLAY"/>
			<graphic mimeType="jpg" url="Safn%20J%C3%B3ns%20Sigur%C3%B0ssonar%20133%20b/48/THUMBNAIL" width="200px" height="245px"/>
			<graphic mimeType="jpg" url="Safn%20J%C3%B3ns%20Sigur%C3%B0ssonar%20133%20b/48/SECONDARY_DISPLAY" width="2288px" height="2800px"/>
			<graphic mimeType="pdf" url="Safn%20J%C3%B3ns%20Sigur%C3%B0ssonar%20133%20b/48/WEB_DISPLAY"/>
		</surface>
		<surface xml:id="JSSafn-0133b-ccp" n="49">
			<desc>ccp</desc>
			<graphic mimeType="pdf" url="Safn%20J%C3%B3ns%20Sigur%C3%B0ssonar%20133%20b/49/HIGH_QUALITY_DISPLAY"/>
			<graphic mimeType="jpg" url="Safn%20J%C3%B3ns%20Sigur%C3%B0ssonar%20133%20b/49/THUMBNAIL" width="200px" height="147px"/>
			<graphic mimeType="jpg" url="Safn%20J%C3%B3ns%20Sigur%C3%B0ssonar%20133%20b/49/SECONDARY_DISPLAY" width="4536px" height="3342px"/>
			<graphic mimeType="pdf" url="Safn%20J%C3%B3ns%20Sigur%C3%B0ssonar%20133%20b/49/WEB_DISPLAY"/>
		</surface>
	</facsimile>
</TEI>