<?xml version="1.0" encoding="UTF-8"?>
<?oxygen RNGSchema="http://www.handrit.is/schema/handrit-1.0.rnc" type="compact"?>
<TEI xmlns="http://www.tei-c.org/ns/1.0">
	<teiHeader>
		<fileDesc>
			<titleStmt>
				<title type="main">Skjöl Jóns Sigurðssonar á Þjóðminjasafni</title>
			</titleStmt>
			<publicationStmt>
				<authority>Landsbókasafn Íslands - Háskólabókasafn</authority>
				<pubPlace>Reykjavík</pubPlace>
				<date when="2011-02-14">14. febrúar 2011</date>
				<availability status="restricted">
					<p>Aðgangur aðeins mögulegur í fræðilegum tilgangi.</p>
				</availability>
			</publicationStmt>
			<sourceDesc>
				<msDesc xml:id="JSSafn-0133h-is" xml:lang="is">
					<msIdentifier>
						<country key="IS">Ísland</country>
						<settlement>Reykjavík</settlement>
						<institution>Þjóðminjasafn Íslands</institution>
						<repository>Safn Jóns Sigurðssonar</repository>
						<idno>Safn Jóns Sigurðssonar 133 h</idno>
						<altIdentifier type="internal">
							<idno>133 h</idno>
						</altIdentifier>
					</msIdentifier>
					<msContents>
						<textLang mainLang="is">Íslenska</textLang>
						<msItem n="1" defective="false" class="heimil glosu">
							<locus from="1r" facs="#JSSafn-0133h-0001r" to="70v">1r-70v</locus>
							<title type="supplied">Reikningsbók Jóns Sigurðssonar 1874-1876</title>
							<respStmt>
								<resp key="col"/>
								<name type="person" key="JonSig004"> Jón Sigurðsson</name>
							</respStmt>
							<note/>
						</msItem>
					</msContents>
					<physDesc>
						<objectDesc form="codex">
							<supportDesc material="chart">
								<support>
									<p>Pappír.</p>
								</support>
								<extent>70 blöð (<dimensions scope="all" type="leaf" unit="mm">
										<height n="217">217</height>
										<width n="178">178</width>
									</dimensions>). Auð blöð: 2r, 5v, 8v, 18v, 19r, 22v, 25r, 27v,
									34v, 35v, 41v, 46v, 52v, 54v, 56v, 63v, 64-69 og 70r.</extent>
							</supportDesc>
						</objectDesc>
						<handDesc hands="1">
							<summary>Ein hönd; Skrifari:</summary>
							<handNote scope="major" script="humcursiva" scribe="JonSig004"><name type="person" key="JonSig004">Jón Sigurðsson</name>.</handNote>
						</handDesc>
					</physDesc>
					<history>
						<origin><origPlace key="da">Danmörk</origPlace>, <origDate cert="high" from="1874" to="1876">1874-1876.</origDate>
						</origin>
					</history>
					<additional>
						<adminInfo>
							<recordHist>
								<source>
									<p><name type="person" key="SigJor001">Sigríður Hjördís
											Jörundsdóttir</name> skráði fyrir myndatöku, <date when="2011-03-25">25. mars 2011</date>
									</p>
								</source>
							</recordHist>
							<custodialHist>
								<custEvent type="check">
									<p>Athugað fyrir myndatöku <date when="2011-03-15">15. mars
										2011</date>.</p>
								</custEvent>
								<custEvent type="photography">
									<p>Myndað í <date when="2011-03">mars 2011</date>.</p>
								</custEvent>
							</custodialHist>
						</adminInfo>
						<surrogates>
							<p>Myndað fyrir handritavef í <date when="2011-03">mars 2011</date>.</p>
						</surrogates>
					</additional>
				</msDesc>
			</sourceDesc>
		</fileDesc>
	</teiHeader>
	<facsimile xml:base="https://myndir.handrit.is/file/Handrit.is/">
		<surface xml:id="JSSafn-0133h-0000r-FB" n="0">
			<desc>0000r-FB</desc>
			<graphic mimeType="pdf" url="Safn%20J%C3%B3ns%20Sigur%C3%B0ssonar%20133%20h/0/HIGH_QUALITY_DISPLAY"/>
			<graphic mimeType="jpg" url="Safn%20J%C3%B3ns%20Sigur%C3%B0ssonar%20133%20h/0/THUMBNAIL" width="200px" height="227px"/>
			<graphic mimeType="jpg" url="Safn%20J%C3%B3ns%20Sigur%C3%B0ssonar%20133%20h/0/SECONDARY_DISPLAY" width="2480px" height="2816px"/>
			<graphic mimeType="pdf" url="Safn%20J%C3%B3ns%20Sigur%C3%B0ssonar%20133%20h/0/WEB_DISPLAY"/>
		</surface>
		<surface xml:id="JSSafn-0133h-0000v-FB" n="1">
			<desc>0000v-FB</desc>
			<graphic mimeType="pdf" url="Safn%20J%C3%B3ns%20Sigur%C3%B0ssonar%20133%20h/1/HIGH_QUALITY_DISPLAY"/>
			<graphic mimeType="jpg" url="Safn%20J%C3%B3ns%20Sigur%C3%B0ssonar%20133%20h/1/THUMBNAIL" width="200px" height="245px"/>
			<graphic mimeType="jpg" url="Safn%20J%C3%B3ns%20Sigur%C3%B0ssonar%20133%20h/1/SECONDARY_DISPLAY" width="2330px" height="2856px"/>
			<graphic mimeType="pdf" url="Safn%20J%C3%B3ns%20Sigur%C3%B0ssonar%20133%20h/1/WEB_DISPLAY"/>
		</surface>
		<surface xml:id="JSSafn-0133h-0001r" n="2">
			<desc>0001r</desc>
			<graphic mimeType="pdf" url="Safn%20J%C3%B3ns%20Sigur%C3%B0ssonar%20133%20h/2/HIGH_QUALITY_DISPLAY"/>
			<graphic mimeType="jpg" url="Safn%20J%C3%B3ns%20Sigur%C3%B0ssonar%20133%20h/2/THUMBNAIL" width="200px" height="245px"/>
			<graphic mimeType="jpg" url="Safn%20J%C3%B3ns%20Sigur%C3%B0ssonar%20133%20h/2/SECONDARY_DISPLAY" width="2330px" height="2856px"/>
			<graphic mimeType="pdf" url="Safn%20J%C3%B3ns%20Sigur%C3%B0ssonar%20133%20h/2/WEB_DISPLAY"/>
		</surface>
		<surface xml:id="JSSafn-0133h-0001v" n="3">
			<desc>0001v</desc>
			<graphic mimeType="pdf" url="Safn%20J%C3%B3ns%20Sigur%C3%B0ssonar%20133%20h/3/HIGH_QUALITY_DISPLAY"/>
			<graphic mimeType="jpg" url="Safn%20J%C3%B3ns%20Sigur%C3%B0ssonar%20133%20h/3/THUMBNAIL" width="200px" height="245px"/>
			<graphic mimeType="jpg" url="Safn%20J%C3%B3ns%20Sigur%C3%B0ssonar%20133%20h/3/SECONDARY_DISPLAY" width="2330px" height="2856px"/>
			<graphic mimeType="pdf" url="Safn%20J%C3%B3ns%20Sigur%C3%B0ssonar%20133%20h/3/WEB_DISPLAY"/>
		</surface>
		<surface xml:id="JSSafn-0133h-0002r" n="4">
			<desc>0002r</desc>
			<graphic mimeType="pdf" url="Safn%20J%C3%B3ns%20Sigur%C3%B0ssonar%20133%20h/4/HIGH_QUALITY_DISPLAY"/>
			<graphic mimeType="jpg" url="Safn%20J%C3%B3ns%20Sigur%C3%B0ssonar%20133%20h/4/THUMBNAIL" width="200px" height="245px"/>
			<graphic mimeType="jpg" url="Safn%20J%C3%B3ns%20Sigur%C3%B0ssonar%20133%20h/4/SECONDARY_DISPLAY" width="2330px" height="2856px"/>
			<graphic mimeType="pdf" url="Safn%20J%C3%B3ns%20Sigur%C3%B0ssonar%20133%20h/4/WEB_DISPLAY"/>
		</surface>
		<surface xml:id="JSSafn-0133h-0002v" n="5">
			<desc>0002v</desc>
			<graphic mimeType="pdf" url="Safn%20J%C3%B3ns%20Sigur%C3%B0ssonar%20133%20h/5/HIGH_QUALITY_DISPLAY"/>
			<graphic mimeType="jpg" url="Safn%20J%C3%B3ns%20Sigur%C3%B0ssonar%20133%20h/5/THUMBNAIL" width="200px" height="245px"/>
			<graphic mimeType="jpg" url="Safn%20J%C3%B3ns%20Sigur%C3%B0ssonar%20133%20h/5/SECONDARY_DISPLAY" width="2330px" height="2856px"/>
			<graphic mimeType="pdf" url="Safn%20J%C3%B3ns%20Sigur%C3%B0ssonar%20133%20h/5/WEB_DISPLAY"/>
		</surface>
		<surface xml:id="JSSafn-0133h-0003r" n="6">
			<desc>0003r</desc>
			<graphic mimeType="pdf" url="Safn%20J%C3%B3ns%20Sigur%C3%B0ssonar%20133%20h/6/HIGH_QUALITY_DISPLAY"/>
			<graphic mimeType="jpg" url="Safn%20J%C3%B3ns%20Sigur%C3%B0ssonar%20133%20h/6/THUMBNAIL" width="200px" height="245px"/>
			<graphic mimeType="jpg" url="Safn%20J%C3%B3ns%20Sigur%C3%B0ssonar%20133%20h/6/SECONDARY_DISPLAY" width="2330px" height="2856px"/>
			<graphic mimeType="pdf" url="Safn%20J%C3%B3ns%20Sigur%C3%B0ssonar%20133%20h/6/WEB_DISPLAY"/>
		</surface>
		<surface xml:id="JSSafn-0133h-0003v" n="7">
			<desc>0003v</desc>
			<graphic mimeType="pdf" url="Safn%20J%C3%B3ns%20Sigur%C3%B0ssonar%20133%20h/7/HIGH_QUALITY_DISPLAY"/>
			<graphic mimeType="jpg" url="Safn%20J%C3%B3ns%20Sigur%C3%B0ssonar%20133%20h/7/THUMBNAIL" width="200px" height="245px"/>
			<graphic mimeType="jpg" url="Safn%20J%C3%B3ns%20Sigur%C3%B0ssonar%20133%20h/7/SECONDARY_DISPLAY" width="2330px" height="2856px"/>
			<graphic mimeType="pdf" url="Safn%20J%C3%B3ns%20Sigur%C3%B0ssonar%20133%20h/7/WEB_DISPLAY"/>
		</surface>
		<surface xml:id="JSSafn-0133h-0004r" n="8">
			<desc>0004r</desc>
			<graphic mimeType="pdf" url="Safn%20J%C3%B3ns%20Sigur%C3%B0ssonar%20133%20h/8/HIGH_QUALITY_DISPLAY"/>
			<graphic mimeType="jpg" url="Safn%20J%C3%B3ns%20Sigur%C3%B0ssonar%20133%20h/8/THUMBNAIL" width="200px" height="245px"/>
			<graphic mimeType="jpg" url="Safn%20J%C3%B3ns%20Sigur%C3%B0ssonar%20133%20h/8/SECONDARY_DISPLAY" width="2330px" height="2856px"/>
			<graphic mimeType="pdf" url="Safn%20J%C3%B3ns%20Sigur%C3%B0ssonar%20133%20h/8/WEB_DISPLAY"/>
		</surface>
		<surface xml:id="JSSafn-0133h-0004v" n="9">
			<desc>0004v</desc>
			<graphic mimeType="pdf" url="Safn%20J%C3%B3ns%20Sigur%C3%B0ssonar%20133%20h/9/HIGH_QUALITY_DISPLAY"/>
			<graphic mimeType="jpg" url="Safn%20J%C3%B3ns%20Sigur%C3%B0ssonar%20133%20h/9/THUMBNAIL" width="200px" height="245px"/>
			<graphic mimeType="jpg" url="Safn%20J%C3%B3ns%20Sigur%C3%B0ssonar%20133%20h/9/SECONDARY_DISPLAY" width="2330px" height="2856px"/>
			<graphic mimeType="pdf" url="Safn%20J%C3%B3ns%20Sigur%C3%B0ssonar%20133%20h/9/WEB_DISPLAY"/>
		</surface>
		<surface xml:id="JSSafn-0133h-0005r" n="10">
			<desc>0005r</desc>
			<graphic mimeType="pdf" url="Safn%20J%C3%B3ns%20Sigur%C3%B0ssonar%20133%20h/10/HIGH_QUALITY_DISPLAY"/>
			<graphic mimeType="jpg" url="Safn%20J%C3%B3ns%20Sigur%C3%B0ssonar%20133%20h/10/THUMBNAIL" width="200px" height="245px"/>
			<graphic mimeType="jpg" url="Safn%20J%C3%B3ns%20Sigur%C3%B0ssonar%20133%20h/10/SECONDARY_DISPLAY" width="2330px" height="2856px"/>
			<graphic mimeType="pdf" url="Safn%20J%C3%B3ns%20Sigur%C3%B0ssonar%20133%20h/10/WEB_DISPLAY"/>
		</surface>
		<surface xml:id="JSSafn-0133h-0005v" n="11">
			<desc>0005v</desc>
			<graphic mimeType="pdf" url="Safn%20J%C3%B3ns%20Sigur%C3%B0ssonar%20133%20h/11/HIGH_QUALITY_DISPLAY"/>
			<graphic mimeType="jpg" url="Safn%20J%C3%B3ns%20Sigur%C3%B0ssonar%20133%20h/11/THUMBNAIL" width="200px" height="245px"/>
			<graphic mimeType="jpg" url="Safn%20J%C3%B3ns%20Sigur%C3%B0ssonar%20133%20h/11/SECONDARY_DISPLAY" width="2330px" height="2856px"/>
			<graphic mimeType="pdf" url="Safn%20J%C3%B3ns%20Sigur%C3%B0ssonar%20133%20h/11/WEB_DISPLAY"/>
		</surface>
		<surface xml:id="JSSafn-0133h-0006r" n="12">
			<desc>0006r</desc>
			<graphic mimeType="pdf" url="Safn%20J%C3%B3ns%20Sigur%C3%B0ssonar%20133%20h/12/HIGH_QUALITY_DISPLAY"/>
			<graphic mimeType="jpg" url="Safn%20J%C3%B3ns%20Sigur%C3%B0ssonar%20133%20h/12/THUMBNAIL" width="200px" height="245px"/>
			<graphic mimeType="jpg" url="Safn%20J%C3%B3ns%20Sigur%C3%B0ssonar%20133%20h/12/SECONDARY_DISPLAY" width="2330px" height="2856px"/>
			<graphic mimeType="pdf" url="Safn%20J%C3%B3ns%20Sigur%C3%B0ssonar%20133%20h/12/WEB_DISPLAY"/>
		</surface>
		<surface xml:id="JSSafn-0133h-0006v" n="13">
			<desc>0006v</desc>
			<graphic mimeType="pdf" url="Safn%20J%C3%B3ns%20Sigur%C3%B0ssonar%20133%20h/13/HIGH_QUALITY_DISPLAY"/>
			<graphic mimeType="jpg" url="Safn%20J%C3%B3ns%20Sigur%C3%B0ssonar%20133%20h/13/THUMBNAIL" width="200px" height="245px"/>
			<graphic mimeType="jpg" url="Safn%20J%C3%B3ns%20Sigur%C3%B0ssonar%20133%20h/13/SECONDARY_DISPLAY" width="2330px" height="2856px"/>
			<graphic mimeType="pdf" url="Safn%20J%C3%B3ns%20Sigur%C3%B0ssonar%20133%20h/13/WEB_DISPLAY"/>
		</surface>
		<surface xml:id="JSSafn-0133h-0007r" n="14">
			<desc>0007r</desc>
			<graphic mimeType="pdf" url="Safn%20J%C3%B3ns%20Sigur%C3%B0ssonar%20133%20h/14/HIGH_QUALITY_DISPLAY"/>
			<graphic mimeType="jpg" url="Safn%20J%C3%B3ns%20Sigur%C3%B0ssonar%20133%20h/14/THUMBNAIL" width="200px" height="245px"/>
			<graphic mimeType="jpg" url="Safn%20J%C3%B3ns%20Sigur%C3%B0ssonar%20133%20h/14/SECONDARY_DISPLAY" width="2330px" height="2856px"/>
			<graphic mimeType="pdf" url="Safn%20J%C3%B3ns%20Sigur%C3%B0ssonar%20133%20h/14/WEB_DISPLAY"/>
		</surface>
		<surface xml:id="JSSafn-0133h-0007v" n="15">
			<desc>0007v</desc>
			<graphic mimeType="pdf" url="Safn%20J%C3%B3ns%20Sigur%C3%B0ssonar%20133%20h/15/HIGH_QUALITY_DISPLAY"/>
			<graphic mimeType="jpg" url="Safn%20J%C3%B3ns%20Sigur%C3%B0ssonar%20133%20h/15/THUMBNAIL" width="200px" height="245px"/>
			<graphic mimeType="jpg" url="Safn%20J%C3%B3ns%20Sigur%C3%B0ssonar%20133%20h/15/SECONDARY_DISPLAY" width="2330px" height="2856px"/>
			<graphic mimeType="pdf" url="Safn%20J%C3%B3ns%20Sigur%C3%B0ssonar%20133%20h/15/WEB_DISPLAY"/>
		</surface>
		<surface xml:id="JSSafn-0133h-0008r" n="16">
			<desc>0008r</desc>
			<graphic mimeType="pdf" url="Safn%20J%C3%B3ns%20Sigur%C3%B0ssonar%20133%20h/16/HIGH_QUALITY_DISPLAY"/>
			<graphic mimeType="jpg" url="Safn%20J%C3%B3ns%20Sigur%C3%B0ssonar%20133%20h/16/THUMBNAIL" width="200px" height="245px"/>
			<graphic mimeType="jpg" url="Safn%20J%C3%B3ns%20Sigur%C3%B0ssonar%20133%20h/16/SECONDARY_DISPLAY" width="2330px" height="2856px"/>
			<graphic mimeType="pdf" url="Safn%20J%C3%B3ns%20Sigur%C3%B0ssonar%20133%20h/16/WEB_DISPLAY"/>
		</surface>
		<surface xml:id="JSSafn-0133h-0008v" n="17">
			<desc>0008v</desc>
			<graphic mimeType="pdf" url="Safn%20J%C3%B3ns%20Sigur%C3%B0ssonar%20133%20h/17/HIGH_QUALITY_DISPLAY"/>
			<graphic mimeType="jpg" url="Safn%20J%C3%B3ns%20Sigur%C3%B0ssonar%20133%20h/17/THUMBNAIL" width="200px" height="245px"/>
			<graphic mimeType="jpg" url="Safn%20J%C3%B3ns%20Sigur%C3%B0ssonar%20133%20h/17/SECONDARY_DISPLAY" width="2330px" height="2856px"/>
			<graphic mimeType="pdf" url="Safn%20J%C3%B3ns%20Sigur%C3%B0ssonar%20133%20h/17/WEB_DISPLAY"/>
		</surface>
		<surface xml:id="JSSafn-0133h-0009r" n="18">
			<desc>0009r</desc>
			<graphic mimeType="pdf" url="Safn%20J%C3%B3ns%20Sigur%C3%B0ssonar%20133%20h/18/HIGH_QUALITY_DISPLAY"/>
			<graphic mimeType="jpg" url="Safn%20J%C3%B3ns%20Sigur%C3%B0ssonar%20133%20h/18/THUMBNAIL" width="200px" height="245px"/>
			<graphic mimeType="jpg" url="Safn%20J%C3%B3ns%20Sigur%C3%B0ssonar%20133%20h/18/SECONDARY_DISPLAY" width="2330px" height="2856px"/>
			<graphic mimeType="pdf" url="Safn%20J%C3%B3ns%20Sigur%C3%B0ssonar%20133%20h/18/WEB_DISPLAY"/>
		</surface>
		<surface xml:id="JSSafn-0133h-0009v" n="19">
			<desc>0009v</desc>
			<graphic mimeType="pdf" url="Safn%20J%C3%B3ns%20Sigur%C3%B0ssonar%20133%20h/19/HIGH_QUALITY_DISPLAY"/>
			<graphic mimeType="jpg" url="Safn%20J%C3%B3ns%20Sigur%C3%B0ssonar%20133%20h/19/THUMBNAIL" width="200px" height="245px"/>
			<graphic mimeType="jpg" url="Safn%20J%C3%B3ns%20Sigur%C3%B0ssonar%20133%20h/19/SECONDARY_DISPLAY" width="2330px" height="2856px"/>
			<graphic mimeType="pdf" url="Safn%20J%C3%B3ns%20Sigur%C3%B0ssonar%20133%20h/19/WEB_DISPLAY"/>
		</surface>
		<surface xml:id="JSSafn-0133h-0010r" n="20">
			<desc>0010r</desc>
			<graphic mimeType="pdf" url="Safn%20J%C3%B3ns%20Sigur%C3%B0ssonar%20133%20h/20/HIGH_QUALITY_DISPLAY"/>
			<graphic mimeType="jpg" url="Safn%20J%C3%B3ns%20Sigur%C3%B0ssonar%20133%20h/20/THUMBNAIL" width="200px" height="245px"/>
			<graphic mimeType="jpg" url="Safn%20J%C3%B3ns%20Sigur%C3%B0ssonar%20133%20h/20/SECONDARY_DISPLAY" width="2330px" height="2856px"/>
			<graphic mimeType="pdf" url="Safn%20J%C3%B3ns%20Sigur%C3%B0ssonar%20133%20h/20/WEB_DISPLAY"/>
		</surface>
		<surface xml:id="JSSafn-0133h-0010v" n="21">
			<desc>0010v</desc>
			<graphic mimeType="pdf" url="Safn%20J%C3%B3ns%20Sigur%C3%B0ssonar%20133%20h/21/HIGH_QUALITY_DISPLAY"/>
			<graphic mimeType="jpg" url="Safn%20J%C3%B3ns%20Sigur%C3%B0ssonar%20133%20h/21/THUMBNAIL" width="200px" height="245px"/>
			<graphic mimeType="jpg" url="Safn%20J%C3%B3ns%20Sigur%C3%B0ssonar%20133%20h/21/SECONDARY_DISPLAY" width="2330px" height="2856px"/>
			<graphic mimeType="pdf" url="Safn%20J%C3%B3ns%20Sigur%C3%B0ssonar%20133%20h/21/WEB_DISPLAY"/>
		</surface>
		<surface xml:id="JSSafn-0133h-0011r" n="22">
			<desc>0011r</desc>
			<graphic mimeType="pdf" url="Safn%20J%C3%B3ns%20Sigur%C3%B0ssonar%20133%20h/22/HIGH_QUALITY_DISPLAY"/>
			<graphic mimeType="jpg" url="Safn%20J%C3%B3ns%20Sigur%C3%B0ssonar%20133%20h/22/THUMBNAIL" width="200px" height="245px"/>
			<graphic mimeType="jpg" url="Safn%20J%C3%B3ns%20Sigur%C3%B0ssonar%20133%20h/22/SECONDARY_DISPLAY" width="2330px" height="2856px"/>
			<graphic mimeType="pdf" url="Safn%20J%C3%B3ns%20Sigur%C3%B0ssonar%20133%20h/22/WEB_DISPLAY"/>
		</surface>
		<surface xml:id="JSSafn-0133h-0011v" n="23">
			<desc>0011v</desc>
			<graphic mimeType="pdf" url="Safn%20J%C3%B3ns%20Sigur%C3%B0ssonar%20133%20h/23/HIGH_QUALITY_DISPLAY"/>
			<graphic mimeType="jpg" url="Safn%20J%C3%B3ns%20Sigur%C3%B0ssonar%20133%20h/23/THUMBNAIL" width="200px" height="245px"/>
			<graphic mimeType="jpg" url="Safn%20J%C3%B3ns%20Sigur%C3%B0ssonar%20133%20h/23/SECONDARY_DISPLAY" width="2330px" height="2856px"/>
			<graphic mimeType="pdf" url="Safn%20J%C3%B3ns%20Sigur%C3%B0ssonar%20133%20h/23/WEB_DISPLAY"/>
		</surface>
		<surface xml:id="JSSafn-0133h-0012r" n="24">
			<desc>0012r</desc>
			<graphic mimeType="pdf" url="Safn%20J%C3%B3ns%20Sigur%C3%B0ssonar%20133%20h/24/HIGH_QUALITY_DISPLAY"/>
			<graphic mimeType="jpg" url="Safn%20J%C3%B3ns%20Sigur%C3%B0ssonar%20133%20h/24/THUMBNAIL" width="200px" height="245px"/>
			<graphic mimeType="jpg" url="Safn%20J%C3%B3ns%20Sigur%C3%B0ssonar%20133%20h/24/SECONDARY_DISPLAY" width="2330px" height="2856px"/>
			<graphic mimeType="pdf" url="Safn%20J%C3%B3ns%20Sigur%C3%B0ssonar%20133%20h/24/WEB_DISPLAY"/>
		</surface>
		<surface xml:id="JSSafn-0133h-0012v" n="25">
			<desc>0012v</desc>
			<graphic mimeType="pdf" url="Safn%20J%C3%B3ns%20Sigur%C3%B0ssonar%20133%20h/25/HIGH_QUALITY_DISPLAY"/>
			<graphic mimeType="jpg" url="Safn%20J%C3%B3ns%20Sigur%C3%B0ssonar%20133%20h/25/THUMBNAIL" width="200px" height="245px"/>
			<graphic mimeType="jpg" url="Safn%20J%C3%B3ns%20Sigur%C3%B0ssonar%20133%20h/25/SECONDARY_DISPLAY" width="2330px" height="2856px"/>
			<graphic mimeType="pdf" url="Safn%20J%C3%B3ns%20Sigur%C3%B0ssonar%20133%20h/25/WEB_DISPLAY"/>
		</surface>
		<surface xml:id="JSSafn-0133h-0013r" n="26">
			<desc>0013r</desc>
			<graphic mimeType="pdf" url="Safn%20J%C3%B3ns%20Sigur%C3%B0ssonar%20133%20h/26/HIGH_QUALITY_DISPLAY"/>
			<graphic mimeType="jpg" url="Safn%20J%C3%B3ns%20Sigur%C3%B0ssonar%20133%20h/26/THUMBNAIL" width="200px" height="245px"/>
			<graphic mimeType="jpg" url="Safn%20J%C3%B3ns%20Sigur%C3%B0ssonar%20133%20h/26/SECONDARY_DISPLAY" width="2330px" height="2856px"/>
			<graphic mimeType="pdf" url="Safn%20J%C3%B3ns%20Sigur%C3%B0ssonar%20133%20h/26/WEB_DISPLAY"/>
		</surface>
		<surface xml:id="JSSafn-0133h-0013v" n="27">
			<desc>0013v</desc>
			<graphic mimeType="pdf" url="Safn%20J%C3%B3ns%20Sigur%C3%B0ssonar%20133%20h/27/HIGH_QUALITY_DISPLAY"/>
			<graphic mimeType="jpg" url="Safn%20J%C3%B3ns%20Sigur%C3%B0ssonar%20133%20h/27/THUMBNAIL" width="200px" height="245px"/>
			<graphic mimeType="jpg" url="Safn%20J%C3%B3ns%20Sigur%C3%B0ssonar%20133%20h/27/SECONDARY_DISPLAY" width="2330px" height="2856px"/>
			<graphic mimeType="pdf" url="Safn%20J%C3%B3ns%20Sigur%C3%B0ssonar%20133%20h/27/WEB_DISPLAY"/>
		</surface>
		<surface xml:id="JSSafn-0133h-0014r" n="28">
			<desc>0014r</desc>
			<graphic mimeType="pdf" url="Safn%20J%C3%B3ns%20Sigur%C3%B0ssonar%20133%20h/28/HIGH_QUALITY_DISPLAY"/>
			<graphic mimeType="jpg" url="Safn%20J%C3%B3ns%20Sigur%C3%B0ssonar%20133%20h/28/THUMBNAIL" width="200px" height="245px"/>
			<graphic mimeType="jpg" url="Safn%20J%C3%B3ns%20Sigur%C3%B0ssonar%20133%20h/28/SECONDARY_DISPLAY" width="2330px" height="2856px"/>
			<graphic mimeType="pdf" url="Safn%20J%C3%B3ns%20Sigur%C3%B0ssonar%20133%20h/28/WEB_DISPLAY"/>
		</surface>
		<surface xml:id="JSSafn-0133h-0014v" n="29">
			<desc>0014v</desc>
			<graphic mimeType="pdf" url="Safn%20J%C3%B3ns%20Sigur%C3%B0ssonar%20133%20h/29/HIGH_QUALITY_DISPLAY"/>
			<graphic mimeType="jpg" url="Safn%20J%C3%B3ns%20Sigur%C3%B0ssonar%20133%20h/29/THUMBNAIL" width="200px" height="245px"/>
			<graphic mimeType="jpg" url="Safn%20J%C3%B3ns%20Sigur%C3%B0ssonar%20133%20h/29/SECONDARY_DISPLAY" width="2330px" height="2856px"/>
			<graphic mimeType="pdf" url="Safn%20J%C3%B3ns%20Sigur%C3%B0ssonar%20133%20h/29/WEB_DISPLAY"/>
		</surface>
		<surface xml:id="JSSafn-0133h-0015r" n="30">
			<desc>0015r</desc>
			<graphic mimeType="pdf" url="Safn%20J%C3%B3ns%20Sigur%C3%B0ssonar%20133%20h/30/HIGH_QUALITY_DISPLAY"/>
			<graphic mimeType="jpg" url="Safn%20J%C3%B3ns%20Sigur%C3%B0ssonar%20133%20h/30/THUMBNAIL" width="200px" height="245px"/>
			<graphic mimeType="jpg" url="Safn%20J%C3%B3ns%20Sigur%C3%B0ssonar%20133%20h/30/SECONDARY_DISPLAY" width="2330px" height="2856px"/>
			<graphic mimeType="pdf" url="Safn%20J%C3%B3ns%20Sigur%C3%B0ssonar%20133%20h/30/WEB_DISPLAY"/>
		</surface>
		<surface xml:id="JSSafn-0133h-0015v" n="31">
			<desc>0015v</desc>
			<graphic mimeType="pdf" url="Safn%20J%C3%B3ns%20Sigur%C3%B0ssonar%20133%20h/31/HIGH_QUALITY_DISPLAY"/>
			<graphic mimeType="jpg" url="Safn%20J%C3%B3ns%20Sigur%C3%B0ssonar%20133%20h/31/THUMBNAIL" width="200px" height="245px"/>
			<graphic mimeType="jpg" url="Safn%20J%C3%B3ns%20Sigur%C3%B0ssonar%20133%20h/31/SECONDARY_DISPLAY" width="2330px" height="2856px"/>
			<graphic mimeType="pdf" url="Safn%20J%C3%B3ns%20Sigur%C3%B0ssonar%20133%20h/31/WEB_DISPLAY"/>
		</surface>
		<surface xml:id="JSSafn-0133h-0016r" n="32">
			<desc>0016r</desc>
			<graphic mimeType="pdf" url="Safn%20J%C3%B3ns%20Sigur%C3%B0ssonar%20133%20h/32/HIGH_QUALITY_DISPLAY"/>
			<graphic mimeType="jpg" url="Safn%20J%C3%B3ns%20Sigur%C3%B0ssonar%20133%20h/32/THUMBNAIL" width="200px" height="245px"/>
			<graphic mimeType="jpg" url="Safn%20J%C3%B3ns%20Sigur%C3%B0ssonar%20133%20h/32/SECONDARY_DISPLAY" width="2330px" height="2856px"/>
			<graphic mimeType="pdf" url="Safn%20J%C3%B3ns%20Sigur%C3%B0ssonar%20133%20h/32/WEB_DISPLAY"/>
		</surface>
		<surface xml:id="JSSafn-0133h-0016v" n="33">
			<desc>0016v</desc>
			<graphic mimeType="pdf" url="Safn%20J%C3%B3ns%20Sigur%C3%B0ssonar%20133%20h/33/HIGH_QUALITY_DISPLAY"/>
			<graphic mimeType="jpg" url="Safn%20J%C3%B3ns%20Sigur%C3%B0ssonar%20133%20h/33/THUMBNAIL" width="200px" height="245px"/>
			<graphic mimeType="jpg" url="Safn%20J%C3%B3ns%20Sigur%C3%B0ssonar%20133%20h/33/SECONDARY_DISPLAY" width="2330px" height="2856px"/>
			<graphic mimeType="pdf" url="Safn%20J%C3%B3ns%20Sigur%C3%B0ssonar%20133%20h/33/WEB_DISPLAY"/>
		</surface>
		<surface xml:id="JSSafn-0133h-0017r" n="34">
			<desc>0017r</desc>
			<graphic mimeType="pdf" url="Safn%20J%C3%B3ns%20Sigur%C3%B0ssonar%20133%20h/34/HIGH_QUALITY_DISPLAY"/>
			<graphic mimeType="jpg" url="Safn%20J%C3%B3ns%20Sigur%C3%B0ssonar%20133%20h/34/THUMBNAIL" width="200px" height="245px"/>
			<graphic mimeType="jpg" url="Safn%20J%C3%B3ns%20Sigur%C3%B0ssonar%20133%20h/34/SECONDARY_DISPLAY" width="2330px" height="2856px"/>
			<graphic mimeType="pdf" url="Safn%20J%C3%B3ns%20Sigur%C3%B0ssonar%20133%20h/34/WEB_DISPLAY"/>
		</surface>
		<surface xml:id="JSSafn-0133h-0017v" n="35">
			<desc>0017v</desc>
			<graphic mimeType="pdf" url="Safn%20J%C3%B3ns%20Sigur%C3%B0ssonar%20133%20h/35/HIGH_QUALITY_DISPLAY"/>
			<graphic mimeType="jpg" url="Safn%20J%C3%B3ns%20Sigur%C3%B0ssonar%20133%20h/35/THUMBNAIL" width="200px" height="245px"/>
			<graphic mimeType="jpg" url="Safn%20J%C3%B3ns%20Sigur%C3%B0ssonar%20133%20h/35/SECONDARY_DISPLAY" width="2330px" height="2856px"/>
			<graphic mimeType="pdf" url="Safn%20J%C3%B3ns%20Sigur%C3%B0ssonar%20133%20h/35/WEB_DISPLAY"/>
		</surface>
		<surface xml:id="JSSafn-0133h-0018r" n="36">
			<desc>0018r</desc>
			<graphic mimeType="pdf" url="Safn%20J%C3%B3ns%20Sigur%C3%B0ssonar%20133%20h/36/HIGH_QUALITY_DISPLAY"/>
			<graphic mimeType="jpg" url="Safn%20J%C3%B3ns%20Sigur%C3%B0ssonar%20133%20h/36/THUMBNAIL" width="200px" height="245px"/>
			<graphic mimeType="jpg" url="Safn%20J%C3%B3ns%20Sigur%C3%B0ssonar%20133%20h/36/SECONDARY_DISPLAY" width="2330px" height="2856px"/>
			<graphic mimeType="pdf" url="Safn%20J%C3%B3ns%20Sigur%C3%B0ssonar%20133%20h/36/WEB_DISPLAY"/>
		</surface>
		<surface xml:id="JSSafn-0133h-0018v" n="37">
			<desc>0018v</desc>
			<graphic mimeType="pdf" url="Safn%20J%C3%B3ns%20Sigur%C3%B0ssonar%20133%20h/37/HIGH_QUALITY_DISPLAY"/>
			<graphic mimeType="jpg" url="Safn%20J%C3%B3ns%20Sigur%C3%B0ssonar%20133%20h/37/THUMBNAIL" width="200px" height="245px"/>
			<graphic mimeType="jpg" url="Safn%20J%C3%B3ns%20Sigur%C3%B0ssonar%20133%20h/37/SECONDARY_DISPLAY" width="2330px" height="2856px"/>
			<graphic mimeType="pdf" url="Safn%20J%C3%B3ns%20Sigur%C3%B0ssonar%20133%20h/37/WEB_DISPLAY"/>
		</surface>
		<surface xml:id="JSSafn-0133h-0019r" n="38">
			<desc>0019r</desc>
			<graphic mimeType="pdf" url="Safn%20J%C3%B3ns%20Sigur%C3%B0ssonar%20133%20h/38/HIGH_QUALITY_DISPLAY"/>
			<graphic mimeType="jpg" url="Safn%20J%C3%B3ns%20Sigur%C3%B0ssonar%20133%20h/38/THUMBNAIL" width="200px" height="245px"/>
			<graphic mimeType="jpg" url="Safn%20J%C3%B3ns%20Sigur%C3%B0ssonar%20133%20h/38/SECONDARY_DISPLAY" width="2330px" height="2856px"/>
			<graphic mimeType="pdf" url="Safn%20J%C3%B3ns%20Sigur%C3%B0ssonar%20133%20h/38/WEB_DISPLAY"/>
		</surface>
		<surface xml:id="JSSafn-0133h-0019v" n="39">
			<desc>0019v</desc>
			<graphic mimeType="pdf" url="Safn%20J%C3%B3ns%20Sigur%C3%B0ssonar%20133%20h/39/HIGH_QUALITY_DISPLAY"/>
			<graphic mimeType="jpg" url="Safn%20J%C3%B3ns%20Sigur%C3%B0ssonar%20133%20h/39/THUMBNAIL" width="200px" height="245px"/>
			<graphic mimeType="jpg" url="Safn%20J%C3%B3ns%20Sigur%C3%B0ssonar%20133%20h/39/SECONDARY_DISPLAY" width="2330px" height="2856px"/>
			<graphic mimeType="pdf" url="Safn%20J%C3%B3ns%20Sigur%C3%B0ssonar%20133%20h/39/WEB_DISPLAY"/>
		</surface>
		<surface xml:id="JSSafn-0133h-0020r" n="40">
			<desc>0020r</desc>
			<graphic mimeType="pdf" url="Safn%20J%C3%B3ns%20Sigur%C3%B0ssonar%20133%20h/40/HIGH_QUALITY_DISPLAY"/>
			<graphic mimeType="jpg" url="Safn%20J%C3%B3ns%20Sigur%C3%B0ssonar%20133%20h/40/THUMBNAIL" width="200px" height="245px"/>
			<graphic mimeType="jpg" url="Safn%20J%C3%B3ns%20Sigur%C3%B0ssonar%20133%20h/40/SECONDARY_DISPLAY" width="2330px" height="2856px"/>
			<graphic mimeType="pdf" url="Safn%20J%C3%B3ns%20Sigur%C3%B0ssonar%20133%20h/40/WEB_DISPLAY"/>
		</surface>
		<surface xml:id="JSSafn-0133h-0020v" n="41">
			<desc>0020v</desc>
			<graphic mimeType="pdf" url="Safn%20J%C3%B3ns%20Sigur%C3%B0ssonar%20133%20h/41/HIGH_QUALITY_DISPLAY"/>
			<graphic mimeType="jpg" url="Safn%20J%C3%B3ns%20Sigur%C3%B0ssonar%20133%20h/41/THUMBNAIL" width="200px" height="245px"/>
			<graphic mimeType="jpg" url="Safn%20J%C3%B3ns%20Sigur%C3%B0ssonar%20133%20h/41/SECONDARY_DISPLAY" width="2330px" height="2856px"/>
			<graphic mimeType="pdf" url="Safn%20J%C3%B3ns%20Sigur%C3%B0ssonar%20133%20h/41/WEB_DISPLAY"/>
		</surface>
		<surface xml:id="JSSafn-0133h-0021r" n="42">
			<desc>0021r</desc>
			<graphic mimeType="pdf" url="Safn%20J%C3%B3ns%20Sigur%C3%B0ssonar%20133%20h/42/HIGH_QUALITY_DISPLAY"/>
			<graphic mimeType="jpg" url="Safn%20J%C3%B3ns%20Sigur%C3%B0ssonar%20133%20h/42/THUMBNAIL" width="200px" height="245px"/>
			<graphic mimeType="jpg" url="Safn%20J%C3%B3ns%20Sigur%C3%B0ssonar%20133%20h/42/SECONDARY_DISPLAY" width="2330px" height="2856px"/>
			<graphic mimeType="pdf" url="Safn%20J%C3%B3ns%20Sigur%C3%B0ssonar%20133%20h/42/WEB_DISPLAY"/>
		</surface>
		<surface xml:id="JSSafn-0133h-0021v" n="43">
			<desc>0021v</desc>
			<graphic mimeType="pdf" url="Safn%20J%C3%B3ns%20Sigur%C3%B0ssonar%20133%20h/43/HIGH_QUALITY_DISPLAY"/>
			<graphic mimeType="jpg" url="Safn%20J%C3%B3ns%20Sigur%C3%B0ssonar%20133%20h/43/THUMBNAIL" width="200px" height="245px"/>
			<graphic mimeType="jpg" url="Safn%20J%C3%B3ns%20Sigur%C3%B0ssonar%20133%20h/43/SECONDARY_DISPLAY" width="2330px" height="2856px"/>
			<graphic mimeType="pdf" url="Safn%20J%C3%B3ns%20Sigur%C3%B0ssonar%20133%20h/43/WEB_DISPLAY"/>
		</surface>
		<surface xml:id="JSSafn-0133h-0022r" n="44">
			<desc>0022r</desc>
			<graphic mimeType="pdf" url="Safn%20J%C3%B3ns%20Sigur%C3%B0ssonar%20133%20h/44/HIGH_QUALITY_DISPLAY"/>
			<graphic mimeType="jpg" url="Safn%20J%C3%B3ns%20Sigur%C3%B0ssonar%20133%20h/44/THUMBNAIL" width="200px" height="245px"/>
			<graphic mimeType="jpg" url="Safn%20J%C3%B3ns%20Sigur%C3%B0ssonar%20133%20h/44/SECONDARY_DISPLAY" width="2330px" height="2856px"/>
			<graphic mimeType="pdf" url="Safn%20J%C3%B3ns%20Sigur%C3%B0ssonar%20133%20h/44/WEB_DISPLAY"/>
		</surface>
		<surface xml:id="JSSafn-0133h-0022v" n="45">
			<desc>0022v</desc>
			<graphic mimeType="pdf" url="Safn%20J%C3%B3ns%20Sigur%C3%B0ssonar%20133%20h/45/HIGH_QUALITY_DISPLAY"/>
			<graphic mimeType="jpg" url="Safn%20J%C3%B3ns%20Sigur%C3%B0ssonar%20133%20h/45/THUMBNAIL" width="200px" height="245px"/>
			<graphic mimeType="jpg" url="Safn%20J%C3%B3ns%20Sigur%C3%B0ssonar%20133%20h/45/SECONDARY_DISPLAY" width="2330px" height="2856px"/>
			<graphic mimeType="pdf" url="Safn%20J%C3%B3ns%20Sigur%C3%B0ssonar%20133%20h/45/WEB_DISPLAY"/>
		</surface>
		<surface xml:id="JSSafn-0133h-0023r" n="46">
			<desc>0023r</desc>
			<graphic mimeType="pdf" url="Safn%20J%C3%B3ns%20Sigur%C3%B0ssonar%20133%20h/46/HIGH_QUALITY_DISPLAY"/>
			<graphic mimeType="jpg" url="Safn%20J%C3%B3ns%20Sigur%C3%B0ssonar%20133%20h/46/THUMBNAIL" width="200px" height="245px"/>
			<graphic mimeType="jpg" url="Safn%20J%C3%B3ns%20Sigur%C3%B0ssonar%20133%20h/46/SECONDARY_DISPLAY" width="2330px" height="2856px"/>
			<graphic mimeType="pdf" url="Safn%20J%C3%B3ns%20Sigur%C3%B0ssonar%20133%20h/46/WEB_DISPLAY"/>
		</surface>
		<surface xml:id="JSSafn-0133h-0023v" n="47">
			<desc>0023v</desc>
			<graphic mimeType="pdf" url="Safn%20J%C3%B3ns%20Sigur%C3%B0ssonar%20133%20h/47/HIGH_QUALITY_DISPLAY"/>
			<graphic mimeType="jpg" url="Safn%20J%C3%B3ns%20Sigur%C3%B0ssonar%20133%20h/47/THUMBNAIL" width="200px" height="245px"/>
			<graphic mimeType="jpg" url="Safn%20J%C3%B3ns%20Sigur%C3%B0ssonar%20133%20h/47/SECONDARY_DISPLAY" width="2330px" height="2856px"/>
			<graphic mimeType="pdf" url="Safn%20J%C3%B3ns%20Sigur%C3%B0ssonar%20133%20h/47/WEB_DISPLAY"/>
		</surface>
		<surface xml:id="JSSafn-0133h-0024r" n="48">
			<desc>0024r</desc>
			<graphic mimeType="pdf" url="Safn%20J%C3%B3ns%20Sigur%C3%B0ssonar%20133%20h/48/HIGH_QUALITY_DISPLAY"/>
			<graphic mimeType="jpg" url="Safn%20J%C3%B3ns%20Sigur%C3%B0ssonar%20133%20h/48/THUMBNAIL" width="200px" height="245px"/>
			<graphic mimeType="jpg" url="Safn%20J%C3%B3ns%20Sigur%C3%B0ssonar%20133%20h/48/SECONDARY_DISPLAY" width="2330px" height="2856px"/>
			<graphic mimeType="pdf" url="Safn%20J%C3%B3ns%20Sigur%C3%B0ssonar%20133%20h/48/WEB_DISPLAY"/>
		</surface>
		<surface xml:id="JSSafn-0133h-0024v" n="49">
			<desc>0024v</desc>
			<graphic mimeType="pdf" url="Safn%20J%C3%B3ns%20Sigur%C3%B0ssonar%20133%20h/49/HIGH_QUALITY_DISPLAY"/>
			<graphic mimeType="jpg" url="Safn%20J%C3%B3ns%20Sigur%C3%B0ssonar%20133%20h/49/THUMBNAIL" width="200px" height="245px"/>
			<graphic mimeType="jpg" url="Safn%20J%C3%B3ns%20Sigur%C3%B0ssonar%20133%20h/49/SECONDARY_DISPLAY" width="2330px" height="2856px"/>
			<graphic mimeType="pdf" url="Safn%20J%C3%B3ns%20Sigur%C3%B0ssonar%20133%20h/49/WEB_DISPLAY"/>
		</surface>
		<surface xml:id="JSSafn-0133h-0025r" n="50">
			<desc>0025r</desc>
			<graphic mimeType="pdf" url="Safn%20J%C3%B3ns%20Sigur%C3%B0ssonar%20133%20h/50/HIGH_QUALITY_DISPLAY"/>
			<graphic mimeType="jpg" url="Safn%20J%C3%B3ns%20Sigur%C3%B0ssonar%20133%20h/50/THUMBNAIL" width="200px" height="245px"/>
			<graphic mimeType="jpg" url="Safn%20J%C3%B3ns%20Sigur%C3%B0ssonar%20133%20h/50/SECONDARY_DISPLAY" width="2330px" height="2856px"/>
			<graphic mimeType="pdf" url="Safn%20J%C3%B3ns%20Sigur%C3%B0ssonar%20133%20h/50/WEB_DISPLAY"/>
		</surface>
		<surface xml:id="JSSafn-0133h-0025v" n="51">
			<desc>0025v</desc>
			<graphic mimeType="pdf" url="Safn%20J%C3%B3ns%20Sigur%C3%B0ssonar%20133%20h/51/HIGH_QUALITY_DISPLAY"/>
			<graphic mimeType="jpg" url="Safn%20J%C3%B3ns%20Sigur%C3%B0ssonar%20133%20h/51/THUMBNAIL" width="200px" height="245px"/>
			<graphic mimeType="jpg" url="Safn%20J%C3%B3ns%20Sigur%C3%B0ssonar%20133%20h/51/SECONDARY_DISPLAY" width="2330px" height="2856px"/>
			<graphic mimeType="pdf" url="Safn%20J%C3%B3ns%20Sigur%C3%B0ssonar%20133%20h/51/WEB_DISPLAY"/>
		</surface>
		<surface xml:id="JSSafn-0133h-0026r" n="52">
			<desc>0026r</desc>
			<graphic mimeType="pdf" url="Safn%20J%C3%B3ns%20Sigur%C3%B0ssonar%20133%20h/52/HIGH_QUALITY_DISPLAY"/>
			<graphic mimeType="jpg" url="Safn%20J%C3%B3ns%20Sigur%C3%B0ssonar%20133%20h/52/THUMBNAIL" width="200px" height="245px"/>
			<graphic mimeType="jpg" url="Safn%20J%C3%B3ns%20Sigur%C3%B0ssonar%20133%20h/52/SECONDARY_DISPLAY" width="2330px" height="2856px"/>
			<graphic mimeType="pdf" url="Safn%20J%C3%B3ns%20Sigur%C3%B0ssonar%20133%20h/52/WEB_DISPLAY"/>
		</surface>
		<surface xml:id="JSSafn-0133h-0026v" n="53">
			<desc>0026v</desc>
			<graphic mimeType="pdf" url="Safn%20J%C3%B3ns%20Sigur%C3%B0ssonar%20133%20h/53/HIGH_QUALITY_DISPLAY"/>
			<graphic mimeType="jpg" url="Safn%20J%C3%B3ns%20Sigur%C3%B0ssonar%20133%20h/53/THUMBNAIL" width="200px" height="245px"/>
			<graphic mimeType="jpg" url="Safn%20J%C3%B3ns%20Sigur%C3%B0ssonar%20133%20h/53/SECONDARY_DISPLAY" width="2330px" height="2856px"/>
			<graphic mimeType="pdf" url="Safn%20J%C3%B3ns%20Sigur%C3%B0ssonar%20133%20h/53/WEB_DISPLAY"/>
		</surface>
		<surface xml:id="JSSafn-0133h-0027r" n="54">
			<desc>0027r</desc>
			<graphic mimeType="pdf" url="Safn%20J%C3%B3ns%20Sigur%C3%B0ssonar%20133%20h/54/HIGH_QUALITY_DISPLAY"/>
			<graphic mimeType="jpg" url="Safn%20J%C3%B3ns%20Sigur%C3%B0ssonar%20133%20h/54/THUMBNAIL" width="200px" height="245px"/>
			<graphic mimeType="jpg" url="Safn%20J%C3%B3ns%20Sigur%C3%B0ssonar%20133%20h/54/SECONDARY_DISPLAY" width="2330px" height="2856px"/>
			<graphic mimeType="pdf" url="Safn%20J%C3%B3ns%20Sigur%C3%B0ssonar%20133%20h/54/WEB_DISPLAY"/>
		</surface>
		<surface xml:id="JSSafn-0133h-0027v" n="55">
			<desc>0027v</desc>
			<graphic mimeType="pdf" url="Safn%20J%C3%B3ns%20Sigur%C3%B0ssonar%20133%20h/55/HIGH_QUALITY_DISPLAY"/>
			<graphic mimeType="jpg" url="Safn%20J%C3%B3ns%20Sigur%C3%B0ssonar%20133%20h/55/THUMBNAIL" width="200px" height="245px"/>
			<graphic mimeType="jpg" url="Safn%20J%C3%B3ns%20Sigur%C3%B0ssonar%20133%20h/55/SECONDARY_DISPLAY" width="2330px" height="2856px"/>
			<graphic mimeType="pdf" url="Safn%20J%C3%B3ns%20Sigur%C3%B0ssonar%20133%20h/55/WEB_DISPLAY"/>
		</surface>
		<surface xml:id="JSSafn-0133h-0028r" n="56">
			<desc>0028r</desc>
			<graphic mimeType="pdf" url="Safn%20J%C3%B3ns%20Sigur%C3%B0ssonar%20133%20h/56/HIGH_QUALITY_DISPLAY"/>
			<graphic mimeType="jpg" url="Safn%20J%C3%B3ns%20Sigur%C3%B0ssonar%20133%20h/56/THUMBNAIL" width="200px" height="245px"/>
			<graphic mimeType="jpg" url="Safn%20J%C3%B3ns%20Sigur%C3%B0ssonar%20133%20h/56/SECONDARY_DISPLAY" width="2330px" height="2856px"/>
			<graphic mimeType="pdf" url="Safn%20J%C3%B3ns%20Sigur%C3%B0ssonar%20133%20h/56/WEB_DISPLAY"/>
		</surface>
		<surface xml:id="JSSafn-0133h-0028v" n="57">
			<desc>0028v</desc>
			<graphic mimeType="pdf" url="Safn%20J%C3%B3ns%20Sigur%C3%B0ssonar%20133%20h/57/HIGH_QUALITY_DISPLAY"/>
			<graphic mimeType="jpg" url="Safn%20J%C3%B3ns%20Sigur%C3%B0ssonar%20133%20h/57/THUMBNAIL" width="200px" height="245px"/>
			<graphic mimeType="jpg" url="Safn%20J%C3%B3ns%20Sigur%C3%B0ssonar%20133%20h/57/SECONDARY_DISPLAY" width="2330px" height="2856px"/>
			<graphic mimeType="pdf" url="Safn%20J%C3%B3ns%20Sigur%C3%B0ssonar%20133%20h/57/WEB_DISPLAY"/>
		</surface>
		<surface xml:id="JSSafn-0133h-0029r" n="58">
			<desc>0029r</desc>
			<graphic mimeType="pdf" url="Safn%20J%C3%B3ns%20Sigur%C3%B0ssonar%20133%20h/58/HIGH_QUALITY_DISPLAY"/>
			<graphic mimeType="jpg" url="Safn%20J%C3%B3ns%20Sigur%C3%B0ssonar%20133%20h/58/THUMBNAIL" width="200px" height="245px"/>
			<graphic mimeType="jpg" url="Safn%20J%C3%B3ns%20Sigur%C3%B0ssonar%20133%20h/58/SECONDARY_DISPLAY" width="2330px" height="2856px"/>
			<graphic mimeType="pdf" url="Safn%20J%C3%B3ns%20Sigur%C3%B0ssonar%20133%20h/58/WEB_DISPLAY"/>
		</surface>
		<surface xml:id="JSSafn-0133h-0029v" n="59">
			<desc>0029v</desc>
			<graphic mimeType="pdf" url="Safn%20J%C3%B3ns%20Sigur%C3%B0ssonar%20133%20h/59/HIGH_QUALITY_DISPLAY"/>
			<graphic mimeType="jpg" url="Safn%20J%C3%B3ns%20Sigur%C3%B0ssonar%20133%20h/59/THUMBNAIL" width="200px" height="245px"/>
			<graphic mimeType="jpg" url="Safn%20J%C3%B3ns%20Sigur%C3%B0ssonar%20133%20h/59/SECONDARY_DISPLAY" width="2330px" height="2856px"/>
			<graphic mimeType="pdf" url="Safn%20J%C3%B3ns%20Sigur%C3%B0ssonar%20133%20h/59/WEB_DISPLAY"/>
		</surface>
		<surface xml:id="JSSafn-0133h-0030r" n="60">
			<desc>0030r</desc>
			<graphic mimeType="pdf" url="Safn%20J%C3%B3ns%20Sigur%C3%B0ssonar%20133%20h/60/HIGH_QUALITY_DISPLAY"/>
			<graphic mimeType="jpg" url="Safn%20J%C3%B3ns%20Sigur%C3%B0ssonar%20133%20h/60/THUMBNAIL" width="200px" height="245px"/>
			<graphic mimeType="jpg" url="Safn%20J%C3%B3ns%20Sigur%C3%B0ssonar%20133%20h/60/SECONDARY_DISPLAY" width="2330px" height="2856px"/>
			<graphic mimeType="pdf" url="Safn%20J%C3%B3ns%20Sigur%C3%B0ssonar%20133%20h/60/WEB_DISPLAY"/>
		</surface>
		<surface xml:id="JSSafn-0133h-0030v" n="61">
			<desc>0030v</desc>
			<graphic mimeType="pdf" url="Safn%20J%C3%B3ns%20Sigur%C3%B0ssonar%20133%20h/61/HIGH_QUALITY_DISPLAY"/>
			<graphic mimeType="jpg" url="Safn%20J%C3%B3ns%20Sigur%C3%B0ssonar%20133%20h/61/THUMBNAIL" width="200px" height="245px"/>
			<graphic mimeType="jpg" url="Safn%20J%C3%B3ns%20Sigur%C3%B0ssonar%20133%20h/61/SECONDARY_DISPLAY" width="2330px" height="2856px"/>
			<graphic mimeType="pdf" url="Safn%20J%C3%B3ns%20Sigur%C3%B0ssonar%20133%20h/61/WEB_DISPLAY"/>
		</surface>
		<surface xml:id="JSSafn-0133h-0031r" n="62">
			<desc>0031r</desc>
			<graphic mimeType="pdf" url="Safn%20J%C3%B3ns%20Sigur%C3%B0ssonar%20133%20h/62/HIGH_QUALITY_DISPLAY"/>
			<graphic mimeType="jpg" url="Safn%20J%C3%B3ns%20Sigur%C3%B0ssonar%20133%20h/62/THUMBNAIL" width="200px" height="245px"/>
			<graphic mimeType="jpg" url="Safn%20J%C3%B3ns%20Sigur%C3%B0ssonar%20133%20h/62/SECONDARY_DISPLAY" width="2330px" height="2856px"/>
			<graphic mimeType="pdf" url="Safn%20J%C3%B3ns%20Sigur%C3%B0ssonar%20133%20h/62/WEB_DISPLAY"/>
		</surface>
		<surface xml:id="JSSafn-0133h-0031v" n="63">
			<desc>0031v</desc>
			<graphic mimeType="pdf" url="Safn%20J%C3%B3ns%20Sigur%C3%B0ssonar%20133%20h/63/HIGH_QUALITY_DISPLAY"/>
			<graphic mimeType="jpg" url="Safn%20J%C3%B3ns%20Sigur%C3%B0ssonar%20133%20h/63/THUMBNAIL" width="200px" height="245px"/>
			<graphic mimeType="jpg" url="Safn%20J%C3%B3ns%20Sigur%C3%B0ssonar%20133%20h/63/SECONDARY_DISPLAY" width="2330px" height="2856px"/>
			<graphic mimeType="pdf" url="Safn%20J%C3%B3ns%20Sigur%C3%B0ssonar%20133%20h/63/WEB_DISPLAY"/>
		</surface>
		<surface xml:id="JSSafn-0133h-0032r" n="64">
			<desc>0032r</desc>
			<graphic mimeType="pdf" url="Safn%20J%C3%B3ns%20Sigur%C3%B0ssonar%20133%20h/64/HIGH_QUALITY_DISPLAY"/>
			<graphic mimeType="jpg" url="Safn%20J%C3%B3ns%20Sigur%C3%B0ssonar%20133%20h/64/THUMBNAIL" width="200px" height="245px"/>
			<graphic mimeType="jpg" url="Safn%20J%C3%B3ns%20Sigur%C3%B0ssonar%20133%20h/64/SECONDARY_DISPLAY" width="2330px" height="2856px"/>
			<graphic mimeType="pdf" url="Safn%20J%C3%B3ns%20Sigur%C3%B0ssonar%20133%20h/64/WEB_DISPLAY"/>
		</surface>
		<surface xml:id="JSSafn-0133h-0032v" n="65">
			<desc>0032v</desc>
			<graphic mimeType="pdf" url="Safn%20J%C3%B3ns%20Sigur%C3%B0ssonar%20133%20h/65/HIGH_QUALITY_DISPLAY"/>
			<graphic mimeType="jpg" url="Safn%20J%C3%B3ns%20Sigur%C3%B0ssonar%20133%20h/65/THUMBNAIL" width="200px" height="245px"/>
			<graphic mimeType="jpg" url="Safn%20J%C3%B3ns%20Sigur%C3%B0ssonar%20133%20h/65/SECONDARY_DISPLAY" width="2330px" height="2856px"/>
			<graphic mimeType="pdf" url="Safn%20J%C3%B3ns%20Sigur%C3%B0ssonar%20133%20h/65/WEB_DISPLAY"/>
		</surface>
		<surface xml:id="JSSafn-0133h-0033r" n="66">
			<desc>0033r</desc>
			<graphic mimeType="pdf" url="Safn%20J%C3%B3ns%20Sigur%C3%B0ssonar%20133%20h/66/HIGH_QUALITY_DISPLAY"/>
			<graphic mimeType="jpg" url="Safn%20J%C3%B3ns%20Sigur%C3%B0ssonar%20133%20h/66/THUMBNAIL" width="200px" height="245px"/>
			<graphic mimeType="jpg" url="Safn%20J%C3%B3ns%20Sigur%C3%B0ssonar%20133%20h/66/SECONDARY_DISPLAY" width="2330px" height="2856px"/>
			<graphic mimeType="pdf" url="Safn%20J%C3%B3ns%20Sigur%C3%B0ssonar%20133%20h/66/WEB_DISPLAY"/>
		</surface>
		<surface xml:id="JSSafn-0133h-0033v" n="67">
			<desc>0033v</desc>
			<graphic mimeType="pdf" url="Safn%20J%C3%B3ns%20Sigur%C3%B0ssonar%20133%20h/67/HIGH_QUALITY_DISPLAY"/>
			<graphic mimeType="jpg" url="Safn%20J%C3%B3ns%20Sigur%C3%B0ssonar%20133%20h/67/THUMBNAIL" width="200px" height="245px"/>
			<graphic mimeType="jpg" url="Safn%20J%C3%B3ns%20Sigur%C3%B0ssonar%20133%20h/67/SECONDARY_DISPLAY" width="2330px" height="2856px"/>
			<graphic mimeType="pdf" url="Safn%20J%C3%B3ns%20Sigur%C3%B0ssonar%20133%20h/67/WEB_DISPLAY"/>
		</surface>
		<surface xml:id="JSSafn-0133h-0034r" n="68">
			<desc>0034r</desc>
			<graphic mimeType="pdf" url="Safn%20J%C3%B3ns%20Sigur%C3%B0ssonar%20133%20h/68/HIGH_QUALITY_DISPLAY"/>
			<graphic mimeType="jpg" url="Safn%20J%C3%B3ns%20Sigur%C3%B0ssonar%20133%20h/68/THUMBNAIL" width="200px" height="245px"/>
			<graphic mimeType="jpg" url="Safn%20J%C3%B3ns%20Sigur%C3%B0ssonar%20133%20h/68/SECONDARY_DISPLAY" width="2330px" height="2856px"/>
			<graphic mimeType="pdf" url="Safn%20J%C3%B3ns%20Sigur%C3%B0ssonar%20133%20h/68/WEB_DISPLAY"/>
		</surface>
		<surface xml:id="JSSafn-0133h-0034v" n="69">
			<desc>0034v</desc>
			<graphic mimeType="pdf" url="Safn%20J%C3%B3ns%20Sigur%C3%B0ssonar%20133%20h/69/HIGH_QUALITY_DISPLAY"/>
			<graphic mimeType="jpg" url="Safn%20J%C3%B3ns%20Sigur%C3%B0ssonar%20133%20h/69/THUMBNAIL" width="200px" height="245px"/>
			<graphic mimeType="jpg" url="Safn%20J%C3%B3ns%20Sigur%C3%B0ssonar%20133%20h/69/SECONDARY_DISPLAY" width="2330px" height="2856px"/>
			<graphic mimeType="pdf" url="Safn%20J%C3%B3ns%20Sigur%C3%B0ssonar%20133%20h/69/WEB_DISPLAY"/>
		</surface>
		<surface xml:id="JSSafn-0133h-0035r" n="70">
			<desc>0035r</desc>
			<graphic mimeType="pdf" url="Safn%20J%C3%B3ns%20Sigur%C3%B0ssonar%20133%20h/70/HIGH_QUALITY_DISPLAY"/>
			<graphic mimeType="jpg" url="Safn%20J%C3%B3ns%20Sigur%C3%B0ssonar%20133%20h/70/THUMBNAIL" width="200px" height="245px"/>
			<graphic mimeType="jpg" url="Safn%20J%C3%B3ns%20Sigur%C3%B0ssonar%20133%20h/70/SECONDARY_DISPLAY" width="2330px" height="2856px"/>
			<graphic mimeType="pdf" url="Safn%20J%C3%B3ns%20Sigur%C3%B0ssonar%20133%20h/70/WEB_DISPLAY"/>
		</surface>
		<surface xml:id="JSSafn-0133h-0035v" n="71">
			<desc>0035v</desc>
			<graphic mimeType="pdf" url="Safn%20J%C3%B3ns%20Sigur%C3%B0ssonar%20133%20h/71/HIGH_QUALITY_DISPLAY"/>
			<graphic mimeType="jpg" url="Safn%20J%C3%B3ns%20Sigur%C3%B0ssonar%20133%20h/71/THUMBNAIL" width="200px" height="245px"/>
			<graphic mimeType="jpg" url="Safn%20J%C3%B3ns%20Sigur%C3%B0ssonar%20133%20h/71/SECONDARY_DISPLAY" width="2330px" height="2856px"/>
			<graphic mimeType="pdf" url="Safn%20J%C3%B3ns%20Sigur%C3%B0ssonar%20133%20h/71/WEB_DISPLAY"/>
		</surface>
		<surface xml:id="JSSafn-0133h-0036r" n="72">
			<desc>0036r</desc>
			<graphic mimeType="pdf" url="Safn%20J%C3%B3ns%20Sigur%C3%B0ssonar%20133%20h/72/HIGH_QUALITY_DISPLAY"/>
			<graphic mimeType="jpg" url="Safn%20J%C3%B3ns%20Sigur%C3%B0ssonar%20133%20h/72/THUMBNAIL" width="200px" height="245px"/>
			<graphic mimeType="jpg" url="Safn%20J%C3%B3ns%20Sigur%C3%B0ssonar%20133%20h/72/SECONDARY_DISPLAY" width="2330px" height="2856px"/>
			<graphic mimeType="pdf" url="Safn%20J%C3%B3ns%20Sigur%C3%B0ssonar%20133%20h/72/WEB_DISPLAY"/>
		</surface>
		<surface xml:id="JSSafn-0133h-0036v" n="73">
			<desc>0036v</desc>
			<graphic mimeType="pdf" url="Safn%20J%C3%B3ns%20Sigur%C3%B0ssonar%20133%20h/73/HIGH_QUALITY_DISPLAY"/>
			<graphic mimeType="jpg" url="Safn%20J%C3%B3ns%20Sigur%C3%B0ssonar%20133%20h/73/THUMBNAIL" width="200px" height="245px"/>
			<graphic mimeType="jpg" url="Safn%20J%C3%B3ns%20Sigur%C3%B0ssonar%20133%20h/73/SECONDARY_DISPLAY" width="2330px" height="2856px"/>
			<graphic mimeType="pdf" url="Safn%20J%C3%B3ns%20Sigur%C3%B0ssonar%20133%20h/73/WEB_DISPLAY"/>
		</surface>
		<surface xml:id="JSSafn-0133h-0037r" n="74">
			<desc>0037r</desc>
			<graphic mimeType="pdf" url="Safn%20J%C3%B3ns%20Sigur%C3%B0ssonar%20133%20h/74/HIGH_QUALITY_DISPLAY"/>
			<graphic mimeType="jpg" url="Safn%20J%C3%B3ns%20Sigur%C3%B0ssonar%20133%20h/74/THUMBNAIL" width="200px" height="245px"/>
			<graphic mimeType="jpg" url="Safn%20J%C3%B3ns%20Sigur%C3%B0ssonar%20133%20h/74/SECONDARY_DISPLAY" width="2330px" height="2856px"/>
			<graphic mimeType="pdf" url="Safn%20J%C3%B3ns%20Sigur%C3%B0ssonar%20133%20h/74/WEB_DISPLAY"/>
		</surface>
		<surface xml:id="JSSafn-0133h-0037v" n="75">
			<desc>0037v</desc>
			<graphic mimeType="pdf" url="Safn%20J%C3%B3ns%20Sigur%C3%B0ssonar%20133%20h/75/HIGH_QUALITY_DISPLAY"/>
			<graphic mimeType="jpg" url="Safn%20J%C3%B3ns%20Sigur%C3%B0ssonar%20133%20h/75/THUMBNAIL" width="200px" height="245px"/>
			<graphic mimeType="jpg" url="Safn%20J%C3%B3ns%20Sigur%C3%B0ssonar%20133%20h/75/SECONDARY_DISPLAY" width="2330px" height="2856px"/>
			<graphic mimeType="pdf" url="Safn%20J%C3%B3ns%20Sigur%C3%B0ssonar%20133%20h/75/WEB_DISPLAY"/>
		</surface>
		<surface xml:id="JSSafn-0133h-0038r" n="76">
			<desc>0038r</desc>
			<graphic mimeType="pdf" url="Safn%20J%C3%B3ns%20Sigur%C3%B0ssonar%20133%20h/76/HIGH_QUALITY_DISPLAY"/>
			<graphic mimeType="jpg" url="Safn%20J%C3%B3ns%20Sigur%C3%B0ssonar%20133%20h/76/THUMBNAIL" width="200px" height="245px"/>
			<graphic mimeType="jpg" url="Safn%20J%C3%B3ns%20Sigur%C3%B0ssonar%20133%20h/76/SECONDARY_DISPLAY" width="2330px" height="2856px"/>
			<graphic mimeType="pdf" url="Safn%20J%C3%B3ns%20Sigur%C3%B0ssonar%20133%20h/76/WEB_DISPLAY"/>
		</surface>
		<surface xml:id="JSSafn-0133h-0038v" n="77">
			<desc>0038v</desc>
			<graphic mimeType="pdf" url="Safn%20J%C3%B3ns%20Sigur%C3%B0ssonar%20133%20h/77/HIGH_QUALITY_DISPLAY"/>
			<graphic mimeType="jpg" url="Safn%20J%C3%B3ns%20Sigur%C3%B0ssonar%20133%20h/77/THUMBNAIL" width="200px" height="245px"/>
			<graphic mimeType="jpg" url="Safn%20J%C3%B3ns%20Sigur%C3%B0ssonar%20133%20h/77/SECONDARY_DISPLAY" width="2330px" height="2856px"/>
			<graphic mimeType="pdf" url="Safn%20J%C3%B3ns%20Sigur%C3%B0ssonar%20133%20h/77/WEB_DISPLAY"/>
		</surface>
		<surface xml:id="JSSafn-0133h-0039r" n="78">
			<desc>0039r</desc>
			<graphic mimeType="pdf" url="Safn%20J%C3%B3ns%20Sigur%C3%B0ssonar%20133%20h/78/HIGH_QUALITY_DISPLAY"/>
			<graphic mimeType="jpg" url="Safn%20J%C3%B3ns%20Sigur%C3%B0ssonar%20133%20h/78/THUMBNAIL" width="200px" height="245px"/>
			<graphic mimeType="jpg" url="Safn%20J%C3%B3ns%20Sigur%C3%B0ssonar%20133%20h/78/SECONDARY_DISPLAY" width="2330px" height="2856px"/>
			<graphic mimeType="pdf" url="Safn%20J%C3%B3ns%20Sigur%C3%B0ssonar%20133%20h/78/WEB_DISPLAY"/>
		</surface>
		<surface xml:id="JSSafn-0133h-0039v" n="79">
			<desc>0039v</desc>
			<graphic mimeType="pdf" url="Safn%20J%C3%B3ns%20Sigur%C3%B0ssonar%20133%20h/79/HIGH_QUALITY_DISPLAY"/>
			<graphic mimeType="jpg" url="Safn%20J%C3%B3ns%20Sigur%C3%B0ssonar%20133%20h/79/THUMBNAIL" width="200px" height="245px"/>
			<graphic mimeType="jpg" url="Safn%20J%C3%B3ns%20Sigur%C3%B0ssonar%20133%20h/79/SECONDARY_DISPLAY" width="2330px" height="2856px"/>
			<graphic mimeType="pdf" url="Safn%20J%C3%B3ns%20Sigur%C3%B0ssonar%20133%20h/79/WEB_DISPLAY"/>
		</surface>
		<surface xml:id="JSSafn-0133h-0040r" n="80">
			<desc>0040r</desc>
			<graphic mimeType="pdf" url="Safn%20J%C3%B3ns%20Sigur%C3%B0ssonar%20133%20h/80/HIGH_QUALITY_DISPLAY"/>
			<graphic mimeType="jpg" url="Safn%20J%C3%B3ns%20Sigur%C3%B0ssonar%20133%20h/80/THUMBNAIL" width="200px" height="245px"/>
			<graphic mimeType="jpg" url="Safn%20J%C3%B3ns%20Sigur%C3%B0ssonar%20133%20h/80/SECONDARY_DISPLAY" width="2330px" height="2856px"/>
			<graphic mimeType="pdf" url="Safn%20J%C3%B3ns%20Sigur%C3%B0ssonar%20133%20h/80/WEB_DISPLAY"/>
		</surface>
		<surface xml:id="JSSafn-0133h-0040v" n="81">
			<desc>0040v</desc>
			<graphic mimeType="pdf" url="Safn%20J%C3%B3ns%20Sigur%C3%B0ssonar%20133%20h/81/HIGH_QUALITY_DISPLAY"/>
			<graphic mimeType="jpg" url="Safn%20J%C3%B3ns%20Sigur%C3%B0ssonar%20133%20h/81/THUMBNAIL" width="200px" height="245px"/>
			<graphic mimeType="jpg" url="Safn%20J%C3%B3ns%20Sigur%C3%B0ssonar%20133%20h/81/SECONDARY_DISPLAY" width="2330px" height="2856px"/>
			<graphic mimeType="pdf" url="Safn%20J%C3%B3ns%20Sigur%C3%B0ssonar%20133%20h/81/WEB_DISPLAY"/>
		</surface>
		<surface xml:id="JSSafn-0133h-0041r" n="82">
			<desc>0041r</desc>
			<graphic mimeType="pdf" url="Safn%20J%C3%B3ns%20Sigur%C3%B0ssonar%20133%20h/82/HIGH_QUALITY_DISPLAY"/>
			<graphic mimeType="jpg" url="Safn%20J%C3%B3ns%20Sigur%C3%B0ssonar%20133%20h/82/THUMBNAIL" width="200px" height="245px"/>
			<graphic mimeType="jpg" url="Safn%20J%C3%B3ns%20Sigur%C3%B0ssonar%20133%20h/82/SECONDARY_DISPLAY" width="2330px" height="2856px"/>
			<graphic mimeType="pdf" url="Safn%20J%C3%B3ns%20Sigur%C3%B0ssonar%20133%20h/82/WEB_DISPLAY"/>
		</surface>
		<surface xml:id="JSSafn-0133h-0041v" n="83">
			<desc>0041v</desc>
			<graphic mimeType="pdf" url="Safn%20J%C3%B3ns%20Sigur%C3%B0ssonar%20133%20h/83/HIGH_QUALITY_DISPLAY"/>
			<graphic mimeType="jpg" url="Safn%20J%C3%B3ns%20Sigur%C3%B0ssonar%20133%20h/83/THUMBNAIL" width="200px" height="245px"/>
			<graphic mimeType="jpg" url="Safn%20J%C3%B3ns%20Sigur%C3%B0ssonar%20133%20h/83/SECONDARY_DISPLAY" width="2330px" height="2856px"/>
			<graphic mimeType="pdf" url="Safn%20J%C3%B3ns%20Sigur%C3%B0ssonar%20133%20h/83/WEB_DISPLAY"/>
		</surface>
		<surface xml:id="JSSafn-0133h-0042r" n="84">
			<desc>0042r</desc>
			<graphic mimeType="pdf" url="Safn%20J%C3%B3ns%20Sigur%C3%B0ssonar%20133%20h/84/HIGH_QUALITY_DISPLAY"/>
			<graphic mimeType="jpg" url="Safn%20J%C3%B3ns%20Sigur%C3%B0ssonar%20133%20h/84/THUMBNAIL" width="200px" height="245px"/>
			<graphic mimeType="jpg" url="Safn%20J%C3%B3ns%20Sigur%C3%B0ssonar%20133%20h/84/SECONDARY_DISPLAY" width="2330px" height="2856px"/>
			<graphic mimeType="pdf" url="Safn%20J%C3%B3ns%20Sigur%C3%B0ssonar%20133%20h/84/WEB_DISPLAY"/>
		</surface>
		<surface xml:id="JSSafn-0133h-0042v" n="85">
			<desc>0042v</desc>
			<graphic mimeType="pdf" url="Safn%20J%C3%B3ns%20Sigur%C3%B0ssonar%20133%20h/85/HIGH_QUALITY_DISPLAY"/>
			<graphic mimeType="jpg" url="Safn%20J%C3%B3ns%20Sigur%C3%B0ssonar%20133%20h/85/THUMBNAIL" width="200px" height="245px"/>
			<graphic mimeType="jpg" url="Safn%20J%C3%B3ns%20Sigur%C3%B0ssonar%20133%20h/85/SECONDARY_DISPLAY" width="2330px" height="2856px"/>
			<graphic mimeType="pdf" url="Safn%20J%C3%B3ns%20Sigur%C3%B0ssonar%20133%20h/85/WEB_DISPLAY"/>
		</surface>
		<surface xml:id="JSSafn-0133h-0043r" n="86">
			<desc>0043r</desc>
			<graphic mimeType="pdf" url="Safn%20J%C3%B3ns%20Sigur%C3%B0ssonar%20133%20h/86/HIGH_QUALITY_DISPLAY"/>
			<graphic mimeType="jpg" url="Safn%20J%C3%B3ns%20Sigur%C3%B0ssonar%20133%20h/86/THUMBNAIL" width="200px" height="245px"/>
			<graphic mimeType="jpg" url="Safn%20J%C3%B3ns%20Sigur%C3%B0ssonar%20133%20h/86/SECONDARY_DISPLAY" width="2330px" height="2856px"/>
			<graphic mimeType="pdf" url="Safn%20J%C3%B3ns%20Sigur%C3%B0ssonar%20133%20h/86/WEB_DISPLAY"/>
		</surface>
		<surface xml:id="JSSafn-0133h-0043v" n="87">
			<desc>0043v</desc>
			<graphic mimeType="pdf" url="Safn%20J%C3%B3ns%20Sigur%C3%B0ssonar%20133%20h/87/HIGH_QUALITY_DISPLAY"/>
			<graphic mimeType="jpg" url="Safn%20J%C3%B3ns%20Sigur%C3%B0ssonar%20133%20h/87/THUMBNAIL" width="200px" height="245px"/>
			<graphic mimeType="jpg" url="Safn%20J%C3%B3ns%20Sigur%C3%B0ssonar%20133%20h/87/SECONDARY_DISPLAY" width="2330px" height="2856px"/>
			<graphic mimeType="pdf" url="Safn%20J%C3%B3ns%20Sigur%C3%B0ssonar%20133%20h/87/WEB_DISPLAY"/>
		</surface>
		<surface xml:id="JSSafn-0133h-0044r" n="88">
			<desc>0044r</desc>
			<graphic mimeType="pdf" url="Safn%20J%C3%B3ns%20Sigur%C3%B0ssonar%20133%20h/88/HIGH_QUALITY_DISPLAY"/>
			<graphic mimeType="jpg" url="Safn%20J%C3%B3ns%20Sigur%C3%B0ssonar%20133%20h/88/THUMBNAIL" width="200px" height="245px"/>
			<graphic mimeType="jpg" url="Safn%20J%C3%B3ns%20Sigur%C3%B0ssonar%20133%20h/88/SECONDARY_DISPLAY" width="2330px" height="2856px"/>
			<graphic mimeType="pdf" url="Safn%20J%C3%B3ns%20Sigur%C3%B0ssonar%20133%20h/88/WEB_DISPLAY"/>
		</surface>
		<surface xml:id="JSSafn-0133h-0044v" n="89">
			<desc>0044v</desc>
			<graphic mimeType="pdf" url="Safn%20J%C3%B3ns%20Sigur%C3%B0ssonar%20133%20h/89/HIGH_QUALITY_DISPLAY"/>
			<graphic mimeType="jpg" url="Safn%20J%C3%B3ns%20Sigur%C3%B0ssonar%20133%20h/89/THUMBNAIL" width="200px" height="245px"/>
			<graphic mimeType="jpg" url="Safn%20J%C3%B3ns%20Sigur%C3%B0ssonar%20133%20h/89/SECONDARY_DISPLAY" width="2330px" height="2856px"/>
			<graphic mimeType="pdf" url="Safn%20J%C3%B3ns%20Sigur%C3%B0ssonar%20133%20h/89/WEB_DISPLAY"/>
		</surface>
		<surface xml:id="JSSafn-0133h-0045r" n="90">
			<desc>0045r</desc>
			<graphic mimeType="pdf" url="Safn%20J%C3%B3ns%20Sigur%C3%B0ssonar%20133%20h/90/HIGH_QUALITY_DISPLAY"/>
			<graphic mimeType="jpg" url="Safn%20J%C3%B3ns%20Sigur%C3%B0ssonar%20133%20h/90/THUMBNAIL" width="200px" height="245px"/>
			<graphic mimeType="jpg" url="Safn%20J%C3%B3ns%20Sigur%C3%B0ssonar%20133%20h/90/SECONDARY_DISPLAY" width="2330px" height="2856px"/>
			<graphic mimeType="pdf" url="Safn%20J%C3%B3ns%20Sigur%C3%B0ssonar%20133%20h/90/WEB_DISPLAY"/>
		</surface>
		<surface xml:id="JSSafn-0133h-0045v" n="91">
			<desc>0045v</desc>
			<graphic mimeType="pdf" url="Safn%20J%C3%B3ns%20Sigur%C3%B0ssonar%20133%20h/91/HIGH_QUALITY_DISPLAY"/>
			<graphic mimeType="jpg" url="Safn%20J%C3%B3ns%20Sigur%C3%B0ssonar%20133%20h/91/THUMBNAIL" width="200px" height="245px"/>
			<graphic mimeType="jpg" url="Safn%20J%C3%B3ns%20Sigur%C3%B0ssonar%20133%20h/91/SECONDARY_DISPLAY" width="2330px" height="2856px"/>
			<graphic mimeType="pdf" url="Safn%20J%C3%B3ns%20Sigur%C3%B0ssonar%20133%20h/91/WEB_DISPLAY"/>
		</surface>
		<surface xml:id="JSSafn-0133h-0046r" n="92">
			<desc>0046r</desc>
			<graphic mimeType="pdf" url="Safn%20J%C3%B3ns%20Sigur%C3%B0ssonar%20133%20h/92/HIGH_QUALITY_DISPLAY"/>
			<graphic mimeType="jpg" url="Safn%20J%C3%B3ns%20Sigur%C3%B0ssonar%20133%20h/92/THUMBNAIL" width="200px" height="245px"/>
			<graphic mimeType="jpg" url="Safn%20J%C3%B3ns%20Sigur%C3%B0ssonar%20133%20h/92/SECONDARY_DISPLAY" width="2330px" height="2856px"/>
			<graphic mimeType="pdf" url="Safn%20J%C3%B3ns%20Sigur%C3%B0ssonar%20133%20h/92/WEB_DISPLAY"/>
		</surface>
		<surface xml:id="JSSafn-0133h-0046v" n="93">
			<desc>0046v</desc>
			<graphic mimeType="pdf" url="Safn%20J%C3%B3ns%20Sigur%C3%B0ssonar%20133%20h/93/HIGH_QUALITY_DISPLAY"/>
			<graphic mimeType="jpg" url="Safn%20J%C3%B3ns%20Sigur%C3%B0ssonar%20133%20h/93/THUMBNAIL" width="200px" height="245px"/>
			<graphic mimeType="jpg" url="Safn%20J%C3%B3ns%20Sigur%C3%B0ssonar%20133%20h/93/SECONDARY_DISPLAY" width="2330px" height="2856px"/>
			<graphic mimeType="pdf" url="Safn%20J%C3%B3ns%20Sigur%C3%B0ssonar%20133%20h/93/WEB_DISPLAY"/>
		</surface>
		<surface xml:id="JSSafn-0133h-0047r" n="94">
			<desc>0047r</desc>
			<graphic mimeType="pdf" url="Safn%20J%C3%B3ns%20Sigur%C3%B0ssonar%20133%20h/94/HIGH_QUALITY_DISPLAY"/>
			<graphic mimeType="jpg" url="Safn%20J%C3%B3ns%20Sigur%C3%B0ssonar%20133%20h/94/THUMBNAIL" width="200px" height="245px"/>
			<graphic mimeType="jpg" url="Safn%20J%C3%B3ns%20Sigur%C3%B0ssonar%20133%20h/94/SECONDARY_DISPLAY" width="2330px" height="2856px"/>
			<graphic mimeType="pdf" url="Safn%20J%C3%B3ns%20Sigur%C3%B0ssonar%20133%20h/94/WEB_DISPLAY"/>
		</surface>
		<surface xml:id="JSSafn-0133h-0047v" n="95">
			<desc>0047v</desc>
			<graphic mimeType="pdf" url="Safn%20J%C3%B3ns%20Sigur%C3%B0ssonar%20133%20h/95/HIGH_QUALITY_DISPLAY"/>
			<graphic mimeType="jpg" url="Safn%20J%C3%B3ns%20Sigur%C3%B0ssonar%20133%20h/95/THUMBNAIL" width="200px" height="245px"/>
			<graphic mimeType="jpg" url="Safn%20J%C3%B3ns%20Sigur%C3%B0ssonar%20133%20h/95/SECONDARY_DISPLAY" width="2330px" height="2856px"/>
			<graphic mimeType="pdf" url="Safn%20J%C3%B3ns%20Sigur%C3%B0ssonar%20133%20h/95/WEB_DISPLAY"/>
		</surface>
		<surface xml:id="JSSafn-0133h-0048r" n="96">
			<desc>0048r</desc>
			<graphic mimeType="pdf" url="Safn%20J%C3%B3ns%20Sigur%C3%B0ssonar%20133%20h/96/HIGH_QUALITY_DISPLAY"/>
			<graphic mimeType="jpg" url="Safn%20J%C3%B3ns%20Sigur%C3%B0ssonar%20133%20h/96/THUMBNAIL" width="200px" height="245px"/>
			<graphic mimeType="jpg" url="Safn%20J%C3%B3ns%20Sigur%C3%B0ssonar%20133%20h/96/SECONDARY_DISPLAY" width="2330px" height="2856px"/>
			<graphic mimeType="pdf" url="Safn%20J%C3%B3ns%20Sigur%C3%B0ssonar%20133%20h/96/WEB_DISPLAY"/>
		</surface>
		<surface xml:id="JSSafn-0133h-0048v" n="97">
			<desc>0048v</desc>
			<graphic mimeType="pdf" url="Safn%20J%C3%B3ns%20Sigur%C3%B0ssonar%20133%20h/97/HIGH_QUALITY_DISPLAY"/>
			<graphic mimeType="jpg" url="Safn%20J%C3%B3ns%20Sigur%C3%B0ssonar%20133%20h/97/THUMBNAIL" width="200px" height="245px"/>
			<graphic mimeType="jpg" url="Safn%20J%C3%B3ns%20Sigur%C3%B0ssonar%20133%20h/97/SECONDARY_DISPLAY" width="2330px" height="2856px"/>
			<graphic mimeType="pdf" url="Safn%20J%C3%B3ns%20Sigur%C3%B0ssonar%20133%20h/97/WEB_DISPLAY"/>
		</surface>
		<surface xml:id="JSSafn-0133h-0049r" n="98">
			<desc>0049r</desc>
			<graphic mimeType="pdf" url="Safn%20J%C3%B3ns%20Sigur%C3%B0ssonar%20133%20h/98/HIGH_QUALITY_DISPLAY"/>
			<graphic mimeType="jpg" url="Safn%20J%C3%B3ns%20Sigur%C3%B0ssonar%20133%20h/98/THUMBNAIL" width="200px" height="245px"/>
			<graphic mimeType="jpg" url="Safn%20J%C3%B3ns%20Sigur%C3%B0ssonar%20133%20h/98/SECONDARY_DISPLAY" width="2330px" height="2856px"/>
			<graphic mimeType="pdf" url="Safn%20J%C3%B3ns%20Sigur%C3%B0ssonar%20133%20h/98/WEB_DISPLAY"/>
		</surface>
		<surface xml:id="JSSafn-0133h-0049v" n="99">
			<desc>0049v</desc>
			<graphic mimeType="pdf" url="Safn%20J%C3%B3ns%20Sigur%C3%B0ssonar%20133%20h/99/HIGH_QUALITY_DISPLAY"/>
			<graphic mimeType="jpg" url="Safn%20J%C3%B3ns%20Sigur%C3%B0ssonar%20133%20h/99/THUMBNAIL" width="200px" height="245px"/>
			<graphic mimeType="jpg" url="Safn%20J%C3%B3ns%20Sigur%C3%B0ssonar%20133%20h/99/SECONDARY_DISPLAY" width="2330px" height="2856px"/>
			<graphic mimeType="pdf" url="Safn%20J%C3%B3ns%20Sigur%C3%B0ssonar%20133%20h/99/WEB_DISPLAY"/>
		</surface>
		<surface xml:id="JSSafn-0133h-0050r" n="100">
			<desc>0050r</desc>
			<graphic mimeType="pdf" url="Safn%20J%C3%B3ns%20Sigur%C3%B0ssonar%20133%20h/100/HIGH_QUALITY_DISPLAY"/>
			<graphic mimeType="jpg" url="Safn%20J%C3%B3ns%20Sigur%C3%B0ssonar%20133%20h/100/THUMBNAIL" width="200px" height="245px"/>
			<graphic mimeType="jpg" url="Safn%20J%C3%B3ns%20Sigur%C3%B0ssonar%20133%20h/100/SECONDARY_DISPLAY" width="2330px" height="2856px"/>
			<graphic mimeType="pdf" url="Safn%20J%C3%B3ns%20Sigur%C3%B0ssonar%20133%20h/100/WEB_DISPLAY"/>
		</surface>
		<surface xml:id="JSSafn-0133h-0050v" n="101">
			<desc>0050v</desc>
			<graphic mimeType="pdf" url="Safn%20J%C3%B3ns%20Sigur%C3%B0ssonar%20133%20h/101/HIGH_QUALITY_DISPLAY"/>
			<graphic mimeType="jpg" url="Safn%20J%C3%B3ns%20Sigur%C3%B0ssonar%20133%20h/101/THUMBNAIL" width="200px" height="245px"/>
			<graphic mimeType="jpg" url="Safn%20J%C3%B3ns%20Sigur%C3%B0ssonar%20133%20h/101/SECONDARY_DISPLAY" width="2330px" height="2856px"/>
			<graphic mimeType="pdf" url="Safn%20J%C3%B3ns%20Sigur%C3%B0ssonar%20133%20h/101/WEB_DISPLAY"/>
		</surface>
		<surface xml:id="JSSafn-0133h-0051r" n="102">
			<desc>0051r</desc>
			<graphic mimeType="pdf" url="Safn%20J%C3%B3ns%20Sigur%C3%B0ssonar%20133%20h/102/HIGH_QUALITY_DISPLAY"/>
			<graphic mimeType="jpg" url="Safn%20J%C3%B3ns%20Sigur%C3%B0ssonar%20133%20h/102/THUMBNAIL" width="200px" height="245px"/>
			<graphic mimeType="jpg" url="Safn%20J%C3%B3ns%20Sigur%C3%B0ssonar%20133%20h/102/SECONDARY_DISPLAY" width="2330px" height="2856px"/>
			<graphic mimeType="pdf" url="Safn%20J%C3%B3ns%20Sigur%C3%B0ssonar%20133%20h/102/WEB_DISPLAY"/>
		</surface>
		<surface xml:id="JSSafn-0133h-0051v" n="103">
			<desc>0051v</desc>
			<graphic mimeType="pdf" url="Safn%20J%C3%B3ns%20Sigur%C3%B0ssonar%20133%20h/103/HIGH_QUALITY_DISPLAY"/>
			<graphic mimeType="jpg" url="Safn%20J%C3%B3ns%20Sigur%C3%B0ssonar%20133%20h/103/THUMBNAIL" width="200px" height="245px"/>
			<graphic mimeType="jpg" url="Safn%20J%C3%B3ns%20Sigur%C3%B0ssonar%20133%20h/103/SECONDARY_DISPLAY" width="2330px" height="2856px"/>
			<graphic mimeType="pdf" url="Safn%20J%C3%B3ns%20Sigur%C3%B0ssonar%20133%20h/103/WEB_DISPLAY"/>
		</surface>
		<surface xml:id="JSSafn-0133h-0052r" n="104">
			<desc>0052r</desc>
			<graphic mimeType="pdf" url="Safn%20J%C3%B3ns%20Sigur%C3%B0ssonar%20133%20h/104/HIGH_QUALITY_DISPLAY"/>
			<graphic mimeType="jpg" url="Safn%20J%C3%B3ns%20Sigur%C3%B0ssonar%20133%20h/104/THUMBNAIL" width="200px" height="245px"/>
			<graphic mimeType="jpg" url="Safn%20J%C3%B3ns%20Sigur%C3%B0ssonar%20133%20h/104/SECONDARY_DISPLAY" width="2330px" height="2856px"/>
			<graphic mimeType="pdf" url="Safn%20J%C3%B3ns%20Sigur%C3%B0ssonar%20133%20h/104/WEB_DISPLAY"/>
		</surface>
		<surface xml:id="JSSafn-0133h-0052v" n="105">
			<desc>0052v</desc>
			<graphic mimeType="pdf" url="Safn%20J%C3%B3ns%20Sigur%C3%B0ssonar%20133%20h/105/HIGH_QUALITY_DISPLAY"/>
			<graphic mimeType="jpg" url="Safn%20J%C3%B3ns%20Sigur%C3%B0ssonar%20133%20h/105/THUMBNAIL" width="200px" height="245px"/>
			<graphic mimeType="jpg" url="Safn%20J%C3%B3ns%20Sigur%C3%B0ssonar%20133%20h/105/SECONDARY_DISPLAY" width="2330px" height="2856px"/>
			<graphic mimeType="pdf" url="Safn%20J%C3%B3ns%20Sigur%C3%B0ssonar%20133%20h/105/WEB_DISPLAY"/>
		</surface>
		<surface xml:id="JSSafn-0133h-0053r" n="106">
			<desc>0053r</desc>
			<graphic mimeType="pdf" url="Safn%20J%C3%B3ns%20Sigur%C3%B0ssonar%20133%20h/106/HIGH_QUALITY_DISPLAY"/>
			<graphic mimeType="jpg" url="Safn%20J%C3%B3ns%20Sigur%C3%B0ssonar%20133%20h/106/THUMBNAIL" width="200px" height="245px"/>
			<graphic mimeType="jpg" url="Safn%20J%C3%B3ns%20Sigur%C3%B0ssonar%20133%20h/106/SECONDARY_DISPLAY" width="2330px" height="2856px"/>
			<graphic mimeType="pdf" url="Safn%20J%C3%B3ns%20Sigur%C3%B0ssonar%20133%20h/106/WEB_DISPLAY"/>
		</surface>
		<surface xml:id="JSSafn-0133h-0053v" n="107">
			<desc>0053v</desc>
			<graphic mimeType="pdf" url="Safn%20J%C3%B3ns%20Sigur%C3%B0ssonar%20133%20h/107/HIGH_QUALITY_DISPLAY"/>
			<graphic mimeType="jpg" url="Safn%20J%C3%B3ns%20Sigur%C3%B0ssonar%20133%20h/107/THUMBNAIL" width="200px" height="245px"/>
			<graphic mimeType="jpg" url="Safn%20J%C3%B3ns%20Sigur%C3%B0ssonar%20133%20h/107/SECONDARY_DISPLAY" width="2330px" height="2856px"/>
			<graphic mimeType="pdf" url="Safn%20J%C3%B3ns%20Sigur%C3%B0ssonar%20133%20h/107/WEB_DISPLAY"/>
		</surface>
		<surface xml:id="JSSafn-0133h-0054r" n="108">
			<desc>0054r</desc>
			<graphic mimeType="pdf" url="Safn%20J%C3%B3ns%20Sigur%C3%B0ssonar%20133%20h/108/HIGH_QUALITY_DISPLAY"/>
			<graphic mimeType="jpg" url="Safn%20J%C3%B3ns%20Sigur%C3%B0ssonar%20133%20h/108/THUMBNAIL" width="200px" height="245px"/>
			<graphic mimeType="jpg" url="Safn%20J%C3%B3ns%20Sigur%C3%B0ssonar%20133%20h/108/SECONDARY_DISPLAY" width="2330px" height="2856px"/>
			<graphic mimeType="pdf" url="Safn%20J%C3%B3ns%20Sigur%C3%B0ssonar%20133%20h/108/WEB_DISPLAY"/>
		</surface>
		<surface xml:id="JSSafn-0133h-0054v" n="109">
			<desc>0054v</desc>
			<graphic mimeType="pdf" url="Safn%20J%C3%B3ns%20Sigur%C3%B0ssonar%20133%20h/109/HIGH_QUALITY_DISPLAY"/>
			<graphic mimeType="jpg" url="Safn%20J%C3%B3ns%20Sigur%C3%B0ssonar%20133%20h/109/THUMBNAIL" width="200px" height="245px"/>
			<graphic mimeType="jpg" url="Safn%20J%C3%B3ns%20Sigur%C3%B0ssonar%20133%20h/109/SECONDARY_DISPLAY" width="2330px" height="2856px"/>
			<graphic mimeType="pdf" url="Safn%20J%C3%B3ns%20Sigur%C3%B0ssonar%20133%20h/109/WEB_DISPLAY"/>
		</surface>
		<surface xml:id="JSSafn-0133h-0055r" n="110">
			<desc>0055r</desc>
			<graphic mimeType="pdf" url="Safn%20J%C3%B3ns%20Sigur%C3%B0ssonar%20133%20h/110/HIGH_QUALITY_DISPLAY"/>
			<graphic mimeType="jpg" url="Safn%20J%C3%B3ns%20Sigur%C3%B0ssonar%20133%20h/110/THUMBNAIL" width="200px" height="245px"/>
			<graphic mimeType="jpg" url="Safn%20J%C3%B3ns%20Sigur%C3%B0ssonar%20133%20h/110/SECONDARY_DISPLAY" width="2330px" height="2856px"/>
			<graphic mimeType="pdf" url="Safn%20J%C3%B3ns%20Sigur%C3%B0ssonar%20133%20h/110/WEB_DISPLAY"/>
		</surface>
		<surface xml:id="JSSafn-0133h-0055v" n="111">
			<desc>0055v</desc>
			<graphic mimeType="pdf" url="Safn%20J%C3%B3ns%20Sigur%C3%B0ssonar%20133%20h/111/HIGH_QUALITY_DISPLAY"/>
			<graphic mimeType="jpg" url="Safn%20J%C3%B3ns%20Sigur%C3%B0ssonar%20133%20h/111/THUMBNAIL" width="200px" height="245px"/>
			<graphic mimeType="jpg" url="Safn%20J%C3%B3ns%20Sigur%C3%B0ssonar%20133%20h/111/SECONDARY_DISPLAY" width="2330px" height="2856px"/>
			<graphic mimeType="pdf" url="Safn%20J%C3%B3ns%20Sigur%C3%B0ssonar%20133%20h/111/WEB_DISPLAY"/>
		</surface>
		<surface xml:id="JSSafn-0133h-0056r" n="112">
			<desc>0056r</desc>
			<graphic mimeType="pdf" url="Safn%20J%C3%B3ns%20Sigur%C3%B0ssonar%20133%20h/112/HIGH_QUALITY_DISPLAY"/>
			<graphic mimeType="jpg" url="Safn%20J%C3%B3ns%20Sigur%C3%B0ssonar%20133%20h/112/THUMBNAIL" width="200px" height="245px"/>
			<graphic mimeType="jpg" url="Safn%20J%C3%B3ns%20Sigur%C3%B0ssonar%20133%20h/112/SECONDARY_DISPLAY" width="2330px" height="2856px"/>
			<graphic mimeType="pdf" url="Safn%20J%C3%B3ns%20Sigur%C3%B0ssonar%20133%20h/112/WEB_DISPLAY"/>
		</surface>
		<surface xml:id="JSSafn-0133h-0056v" n="113">
			<desc>0056v</desc>
			<graphic mimeType="pdf" url="Safn%20J%C3%B3ns%20Sigur%C3%B0ssonar%20133%20h/113/HIGH_QUALITY_DISPLAY"/>
			<graphic mimeType="jpg" url="Safn%20J%C3%B3ns%20Sigur%C3%B0ssonar%20133%20h/113/THUMBNAIL" width="200px" height="245px"/>
			<graphic mimeType="jpg" url="Safn%20J%C3%B3ns%20Sigur%C3%B0ssonar%20133%20h/113/SECONDARY_DISPLAY" width="2330px" height="2856px"/>
			<graphic mimeType="pdf" url="Safn%20J%C3%B3ns%20Sigur%C3%B0ssonar%20133%20h/113/WEB_DISPLAY"/>
		</surface>
		<surface xml:id="JSSafn-0133h-0057r" n="114">
			<desc>0057r</desc>
			<graphic mimeType="pdf" url="Safn%20J%C3%B3ns%20Sigur%C3%B0ssonar%20133%20h/114/HIGH_QUALITY_DISPLAY"/>
			<graphic mimeType="jpg" url="Safn%20J%C3%B3ns%20Sigur%C3%B0ssonar%20133%20h/114/THUMBNAIL" width="200px" height="245px"/>
			<graphic mimeType="jpg" url="Safn%20J%C3%B3ns%20Sigur%C3%B0ssonar%20133%20h/114/SECONDARY_DISPLAY" width="2330px" height="2856px"/>
			<graphic mimeType="pdf" url="Safn%20J%C3%B3ns%20Sigur%C3%B0ssonar%20133%20h/114/WEB_DISPLAY"/>
		</surface>
		<surface xml:id="JSSafn-0133h-0057v" n="115">
			<desc>0057v</desc>
			<graphic mimeType="pdf" url="Safn%20J%C3%B3ns%20Sigur%C3%B0ssonar%20133%20h/115/HIGH_QUALITY_DISPLAY"/>
			<graphic mimeType="jpg" url="Safn%20J%C3%B3ns%20Sigur%C3%B0ssonar%20133%20h/115/THUMBNAIL" width="200px" height="245px"/>
			<graphic mimeType="jpg" url="Safn%20J%C3%B3ns%20Sigur%C3%B0ssonar%20133%20h/115/SECONDARY_DISPLAY" width="2330px" height="2856px"/>
			<graphic mimeType="pdf" url="Safn%20J%C3%B3ns%20Sigur%C3%B0ssonar%20133%20h/115/WEB_DISPLAY"/>
		</surface>
		<surface xml:id="JSSafn-0133h-0058r" n="116">
			<desc>0058r</desc>
			<graphic mimeType="pdf" url="Safn%20J%C3%B3ns%20Sigur%C3%B0ssonar%20133%20h/116/HIGH_QUALITY_DISPLAY"/>
			<graphic mimeType="jpg" url="Safn%20J%C3%B3ns%20Sigur%C3%B0ssonar%20133%20h/116/THUMBNAIL" width="200px" height="245px"/>
			<graphic mimeType="jpg" url="Safn%20J%C3%B3ns%20Sigur%C3%B0ssonar%20133%20h/116/SECONDARY_DISPLAY" width="2330px" height="2856px"/>
			<graphic mimeType="pdf" url="Safn%20J%C3%B3ns%20Sigur%C3%B0ssonar%20133%20h/116/WEB_DISPLAY"/>
		</surface>
		<surface xml:id="JSSafn-0133h-0058v" n="117">
			<desc>0058v</desc>
			<graphic mimeType="pdf" url="Safn%20J%C3%B3ns%20Sigur%C3%B0ssonar%20133%20h/117/HIGH_QUALITY_DISPLAY"/>
			<graphic mimeType="jpg" url="Safn%20J%C3%B3ns%20Sigur%C3%B0ssonar%20133%20h/117/THUMBNAIL" width="200px" height="245px"/>
			<graphic mimeType="jpg" url="Safn%20J%C3%B3ns%20Sigur%C3%B0ssonar%20133%20h/117/SECONDARY_DISPLAY" width="2330px" height="2856px"/>
			<graphic mimeType="pdf" url="Safn%20J%C3%B3ns%20Sigur%C3%B0ssonar%20133%20h/117/WEB_DISPLAY"/>
		</surface>
		<surface xml:id="JSSafn-0133h-0059r" n="118">
			<desc>0059r</desc>
			<graphic mimeType="pdf" url="Safn%20J%C3%B3ns%20Sigur%C3%B0ssonar%20133%20h/118/HIGH_QUALITY_DISPLAY"/>
			<graphic mimeType="jpg" url="Safn%20J%C3%B3ns%20Sigur%C3%B0ssonar%20133%20h/118/THUMBNAIL" width="200px" height="245px"/>
			<graphic mimeType="jpg" url="Safn%20J%C3%B3ns%20Sigur%C3%B0ssonar%20133%20h/118/SECONDARY_DISPLAY" width="2330px" height="2856px"/>
			<graphic mimeType="pdf" url="Safn%20J%C3%B3ns%20Sigur%C3%B0ssonar%20133%20h/118/WEB_DISPLAY"/>
		</surface>
		<surface xml:id="JSSafn-0133h-0059v" n="119">
			<desc>0059v</desc>
			<graphic mimeType="pdf" url="Safn%20J%C3%B3ns%20Sigur%C3%B0ssonar%20133%20h/119/HIGH_QUALITY_DISPLAY"/>
			<graphic mimeType="jpg" url="Safn%20J%C3%B3ns%20Sigur%C3%B0ssonar%20133%20h/119/THUMBNAIL" width="200px" height="245px"/>
			<graphic mimeType="jpg" url="Safn%20J%C3%B3ns%20Sigur%C3%B0ssonar%20133%20h/119/SECONDARY_DISPLAY" width="2330px" height="2856px"/>
			<graphic mimeType="pdf" url="Safn%20J%C3%B3ns%20Sigur%C3%B0ssonar%20133%20h/119/WEB_DISPLAY"/>
		</surface>
		<surface xml:id="JSSafn-0133h-0060r" n="120">
			<desc>0060r</desc>
			<graphic mimeType="pdf" url="Safn%20J%C3%B3ns%20Sigur%C3%B0ssonar%20133%20h/120/HIGH_QUALITY_DISPLAY"/>
			<graphic mimeType="jpg" url="Safn%20J%C3%B3ns%20Sigur%C3%B0ssonar%20133%20h/120/THUMBNAIL" width="200px" height="245px"/>
			<graphic mimeType="jpg" url="Safn%20J%C3%B3ns%20Sigur%C3%B0ssonar%20133%20h/120/SECONDARY_DISPLAY" width="2330px" height="2856px"/>
			<graphic mimeType="pdf" url="Safn%20J%C3%B3ns%20Sigur%C3%B0ssonar%20133%20h/120/WEB_DISPLAY"/>
		</surface>
		<surface xml:id="JSSafn-0133h-0060v" n="121">
			<desc>0060v</desc>
			<graphic mimeType="pdf" url="Safn%20J%C3%B3ns%20Sigur%C3%B0ssonar%20133%20h/121/HIGH_QUALITY_DISPLAY"/>
			<graphic mimeType="jpg" url="Safn%20J%C3%B3ns%20Sigur%C3%B0ssonar%20133%20h/121/THUMBNAIL" width="200px" height="245px"/>
			<graphic mimeType="jpg" url="Safn%20J%C3%B3ns%20Sigur%C3%B0ssonar%20133%20h/121/SECONDARY_DISPLAY" width="2330px" height="2856px"/>
			<graphic mimeType="pdf" url="Safn%20J%C3%B3ns%20Sigur%C3%B0ssonar%20133%20h/121/WEB_DISPLAY"/>
		</surface>
		<surface xml:id="JSSafn-0133h-0061r" n="122">
			<desc>0061r</desc>
			<graphic mimeType="pdf" url="Safn%20J%C3%B3ns%20Sigur%C3%B0ssonar%20133%20h/122/HIGH_QUALITY_DISPLAY"/>
			<graphic mimeType="jpg" url="Safn%20J%C3%B3ns%20Sigur%C3%B0ssonar%20133%20h/122/THUMBNAIL" width="200px" height="245px"/>
			<graphic mimeType="jpg" url="Safn%20J%C3%B3ns%20Sigur%C3%B0ssonar%20133%20h/122/SECONDARY_DISPLAY" width="2330px" height="2856px"/>
			<graphic mimeType="pdf" url="Safn%20J%C3%B3ns%20Sigur%C3%B0ssonar%20133%20h/122/WEB_DISPLAY"/>
		</surface>
		<surface xml:id="JSSafn-0133h-0061v" n="123">
			<desc>0061v</desc>
			<graphic mimeType="pdf" url="Safn%20J%C3%B3ns%20Sigur%C3%B0ssonar%20133%20h/123/HIGH_QUALITY_DISPLAY"/>
			<graphic mimeType="jpg" url="Safn%20J%C3%B3ns%20Sigur%C3%B0ssonar%20133%20h/123/THUMBNAIL" width="200px" height="245px"/>
			<graphic mimeType="jpg" url="Safn%20J%C3%B3ns%20Sigur%C3%B0ssonar%20133%20h/123/SECONDARY_DISPLAY" width="2330px" height="2856px"/>
			<graphic mimeType="pdf" url="Safn%20J%C3%B3ns%20Sigur%C3%B0ssonar%20133%20h/123/WEB_DISPLAY"/>
		</surface>
		<surface xml:id="JSSafn-0133h-0062r" n="124">
			<desc>0062r</desc>
			<graphic mimeType="pdf" url="Safn%20J%C3%B3ns%20Sigur%C3%B0ssonar%20133%20h/124/HIGH_QUALITY_DISPLAY"/>
			<graphic mimeType="jpg" url="Safn%20J%C3%B3ns%20Sigur%C3%B0ssonar%20133%20h/124/THUMBNAIL" width="200px" height="245px"/>
			<graphic mimeType="jpg" url="Safn%20J%C3%B3ns%20Sigur%C3%B0ssonar%20133%20h/124/SECONDARY_DISPLAY" width="2330px" height="2856px"/>
			<graphic mimeType="pdf" url="Safn%20J%C3%B3ns%20Sigur%C3%B0ssonar%20133%20h/124/WEB_DISPLAY"/>
		</surface>
		<surface xml:id="JSSafn-0133h-0062v" n="125">
			<desc>0062v</desc>
			<graphic mimeType="pdf" url="Safn%20J%C3%B3ns%20Sigur%C3%B0ssonar%20133%20h/125/HIGH_QUALITY_DISPLAY"/>
			<graphic mimeType="jpg" url="Safn%20J%C3%B3ns%20Sigur%C3%B0ssonar%20133%20h/125/THUMBNAIL" width="200px" height="245px"/>
			<graphic mimeType="jpg" url="Safn%20J%C3%B3ns%20Sigur%C3%B0ssonar%20133%20h/125/SECONDARY_DISPLAY" width="2330px" height="2856px"/>
			<graphic mimeType="pdf" url="Safn%20J%C3%B3ns%20Sigur%C3%B0ssonar%20133%20h/125/WEB_DISPLAY"/>
		</surface>
		<surface xml:id="JSSafn-0133h-0063r" n="126">
			<desc>0063r</desc>
			<graphic mimeType="pdf" url="Safn%20J%C3%B3ns%20Sigur%C3%B0ssonar%20133%20h/126/HIGH_QUALITY_DISPLAY"/>
			<graphic mimeType="jpg" url="Safn%20J%C3%B3ns%20Sigur%C3%B0ssonar%20133%20h/126/THUMBNAIL" width="200px" height="245px"/>
			<graphic mimeType="jpg" url="Safn%20J%C3%B3ns%20Sigur%C3%B0ssonar%20133%20h/126/SECONDARY_DISPLAY" width="2330px" height="2856px"/>
			<graphic mimeType="pdf" url="Safn%20J%C3%B3ns%20Sigur%C3%B0ssonar%20133%20h/126/WEB_DISPLAY"/>
		</surface>
		<surface xml:id="JSSafn-0133h-0063v" n="127">
			<desc>0063v</desc>
			<graphic mimeType="pdf" url="Safn%20J%C3%B3ns%20Sigur%C3%B0ssonar%20133%20h/127/HIGH_QUALITY_DISPLAY"/>
			<graphic mimeType="jpg" url="Safn%20J%C3%B3ns%20Sigur%C3%B0ssonar%20133%20h/127/THUMBNAIL" width="200px" height="245px"/>
			<graphic mimeType="jpg" url="Safn%20J%C3%B3ns%20Sigur%C3%B0ssonar%20133%20h/127/SECONDARY_DISPLAY" width="2330px" height="2856px"/>
			<graphic mimeType="pdf" url="Safn%20J%C3%B3ns%20Sigur%C3%B0ssonar%20133%20h/127/WEB_DISPLAY"/>
		</surface>
		<surface xml:id="JSSafn-0133h-0064r" n="128">
			<desc>0064r</desc>
			<graphic mimeType="pdf" url="Safn%20J%C3%B3ns%20Sigur%C3%B0ssonar%20133%20h/128/HIGH_QUALITY_DISPLAY"/>
			<graphic mimeType="jpg" url="Safn%20J%C3%B3ns%20Sigur%C3%B0ssonar%20133%20h/128/THUMBNAIL" width="200px" height="245px"/>
			<graphic mimeType="jpg" url="Safn%20J%C3%B3ns%20Sigur%C3%B0ssonar%20133%20h/128/SECONDARY_DISPLAY" width="2330px" height="2856px"/>
			<graphic mimeType="pdf" url="Safn%20J%C3%B3ns%20Sigur%C3%B0ssonar%20133%20h/128/WEB_DISPLAY"/>
		</surface>
		<surface xml:id="JSSafn-0133h-0064v" n="129">
			<desc>0064v</desc>
			<graphic mimeType="pdf" url="Safn%20J%C3%B3ns%20Sigur%C3%B0ssonar%20133%20h/129/HIGH_QUALITY_DISPLAY"/>
			<graphic mimeType="jpg" url="Safn%20J%C3%B3ns%20Sigur%C3%B0ssonar%20133%20h/129/THUMBNAIL" width="200px" height="245px"/>
			<graphic mimeType="jpg" url="Safn%20J%C3%B3ns%20Sigur%C3%B0ssonar%20133%20h/129/SECONDARY_DISPLAY" width="2330px" height="2856px"/>
			<graphic mimeType="pdf" url="Safn%20J%C3%B3ns%20Sigur%C3%B0ssonar%20133%20h/129/WEB_DISPLAY"/>
		</surface>
		<surface xml:id="JSSafn-0133h-0065r" n="130">
			<desc>0065r</desc>
			<graphic mimeType="pdf" url="Safn%20J%C3%B3ns%20Sigur%C3%B0ssonar%20133%20h/130/HIGH_QUALITY_DISPLAY"/>
			<graphic mimeType="jpg" url="Safn%20J%C3%B3ns%20Sigur%C3%B0ssonar%20133%20h/130/THUMBNAIL" width="200px" height="245px"/>
			<graphic mimeType="jpg" url="Safn%20J%C3%B3ns%20Sigur%C3%B0ssonar%20133%20h/130/SECONDARY_DISPLAY" width="2330px" height="2856px"/>
			<graphic mimeType="pdf" url="Safn%20J%C3%B3ns%20Sigur%C3%B0ssonar%20133%20h/130/WEB_DISPLAY"/>
		</surface>
		<surface xml:id="JSSafn-0133h-0065v" n="131">
			<desc>0065v</desc>
			<graphic mimeType="pdf" url="Safn%20J%C3%B3ns%20Sigur%C3%B0ssonar%20133%20h/131/HIGH_QUALITY_DISPLAY"/>
			<graphic mimeType="jpg" url="Safn%20J%C3%B3ns%20Sigur%C3%B0ssonar%20133%20h/131/THUMBNAIL" width="200px" height="245px"/>
			<graphic mimeType="jpg" url="Safn%20J%C3%B3ns%20Sigur%C3%B0ssonar%20133%20h/131/SECONDARY_DISPLAY" width="2330px" height="2856px"/>
			<graphic mimeType="pdf" url="Safn%20J%C3%B3ns%20Sigur%C3%B0ssonar%20133%20h/131/WEB_DISPLAY"/>
		</surface>
		<surface xml:id="JSSafn-0133h-0066r" n="132">
			<desc>0066r</desc>
			<graphic mimeType="pdf" url="Safn%20J%C3%B3ns%20Sigur%C3%B0ssonar%20133%20h/132/HIGH_QUALITY_DISPLAY"/>
			<graphic mimeType="jpg" url="Safn%20J%C3%B3ns%20Sigur%C3%B0ssonar%20133%20h/132/THUMBNAIL" width="200px" height="245px"/>
			<graphic mimeType="jpg" url="Safn%20J%C3%B3ns%20Sigur%C3%B0ssonar%20133%20h/132/SECONDARY_DISPLAY" width="2330px" height="2856px"/>
			<graphic mimeType="pdf" url="Safn%20J%C3%B3ns%20Sigur%C3%B0ssonar%20133%20h/132/WEB_DISPLAY"/>
		</surface>
		<surface xml:id="JSSafn-0133h-0066v" n="133">
			<desc>0066v</desc>
			<graphic mimeType="pdf" url="Safn%20J%C3%B3ns%20Sigur%C3%B0ssonar%20133%20h/133/HIGH_QUALITY_DISPLAY"/>
			<graphic mimeType="jpg" url="Safn%20J%C3%B3ns%20Sigur%C3%B0ssonar%20133%20h/133/THUMBNAIL" width="200px" height="245px"/>
			<graphic mimeType="jpg" url="Safn%20J%C3%B3ns%20Sigur%C3%B0ssonar%20133%20h/133/SECONDARY_DISPLAY" width="2330px" height="2856px"/>
			<graphic mimeType="pdf" url="Safn%20J%C3%B3ns%20Sigur%C3%B0ssonar%20133%20h/133/WEB_DISPLAY"/>
		</surface>
		<surface xml:id="JSSafn-0133h-0067r" n="134">
			<desc>0067r</desc>
			<graphic mimeType="pdf" url="Safn%20J%C3%B3ns%20Sigur%C3%B0ssonar%20133%20h/134/HIGH_QUALITY_DISPLAY"/>
			<graphic mimeType="jpg" url="Safn%20J%C3%B3ns%20Sigur%C3%B0ssonar%20133%20h/134/THUMBNAIL" width="200px" height="245px"/>
			<graphic mimeType="jpg" url="Safn%20J%C3%B3ns%20Sigur%C3%B0ssonar%20133%20h/134/SECONDARY_DISPLAY" width="2330px" height="2856px"/>
			<graphic mimeType="pdf" url="Safn%20J%C3%B3ns%20Sigur%C3%B0ssonar%20133%20h/134/WEB_DISPLAY"/>
		</surface>
		<surface xml:id="JSSafn-0133h-0067v" n="135">
			<desc>0067v</desc>
			<graphic mimeType="pdf" url="Safn%20J%C3%B3ns%20Sigur%C3%B0ssonar%20133%20h/135/HIGH_QUALITY_DISPLAY"/>
			<graphic mimeType="jpg" url="Safn%20J%C3%B3ns%20Sigur%C3%B0ssonar%20133%20h/135/THUMBNAIL" width="200px" height="245px"/>
			<graphic mimeType="jpg" url="Safn%20J%C3%B3ns%20Sigur%C3%B0ssonar%20133%20h/135/SECONDARY_DISPLAY" width="2330px" height="2856px"/>
			<graphic mimeType="pdf" url="Safn%20J%C3%B3ns%20Sigur%C3%B0ssonar%20133%20h/135/WEB_DISPLAY"/>
		</surface>
		<surface xml:id="JSSafn-0133h-0068r" n="136">
			<desc>0068r</desc>
			<graphic mimeType="pdf" url="Safn%20J%C3%B3ns%20Sigur%C3%B0ssonar%20133%20h/136/HIGH_QUALITY_DISPLAY"/>
			<graphic mimeType="jpg" url="Safn%20J%C3%B3ns%20Sigur%C3%B0ssonar%20133%20h/136/THUMBNAIL" width="200px" height="245px"/>
			<graphic mimeType="jpg" url="Safn%20J%C3%B3ns%20Sigur%C3%B0ssonar%20133%20h/136/SECONDARY_DISPLAY" width="2330px" height="2856px"/>
			<graphic mimeType="pdf" url="Safn%20J%C3%B3ns%20Sigur%C3%B0ssonar%20133%20h/136/WEB_DISPLAY"/>
		</surface>
		<surface xml:id="JSSafn-0133h-0068v" n="137">
			<desc>0068v</desc>
			<graphic mimeType="pdf" url="Safn%20J%C3%B3ns%20Sigur%C3%B0ssonar%20133%20h/137/HIGH_QUALITY_DISPLAY"/>
			<graphic mimeType="jpg" url="Safn%20J%C3%B3ns%20Sigur%C3%B0ssonar%20133%20h/137/THUMBNAIL" width="200px" height="245px"/>
			<graphic mimeType="jpg" url="Safn%20J%C3%B3ns%20Sigur%C3%B0ssonar%20133%20h/137/SECONDARY_DISPLAY" width="2330px" height="2856px"/>
			<graphic mimeType="pdf" url="Safn%20J%C3%B3ns%20Sigur%C3%B0ssonar%20133%20h/137/WEB_DISPLAY"/>
		</surface>
		<surface xml:id="JSSafn-0133h-0069r" n="138">
			<desc>0069r</desc>
			<graphic mimeType="pdf" url="Safn%20J%C3%B3ns%20Sigur%C3%B0ssonar%20133%20h/138/HIGH_QUALITY_DISPLAY"/>
			<graphic mimeType="jpg" url="Safn%20J%C3%B3ns%20Sigur%C3%B0ssonar%20133%20h/138/THUMBNAIL" width="200px" height="245px"/>
			<graphic mimeType="jpg" url="Safn%20J%C3%B3ns%20Sigur%C3%B0ssonar%20133%20h/138/SECONDARY_DISPLAY" width="2330px" height="2856px"/>
			<graphic mimeType="pdf" url="Safn%20J%C3%B3ns%20Sigur%C3%B0ssonar%20133%20h/138/WEB_DISPLAY"/>
		</surface>
		<surface xml:id="JSSafn-0133h-0069v" n="139">
			<desc>0069v</desc>
			<graphic mimeType="pdf" url="Safn%20J%C3%B3ns%20Sigur%C3%B0ssonar%20133%20h/139/HIGH_QUALITY_DISPLAY"/>
			<graphic mimeType="jpg" url="Safn%20J%C3%B3ns%20Sigur%C3%B0ssonar%20133%20h/139/THUMBNAIL" width="200px" height="245px"/>
			<graphic mimeType="jpg" url="Safn%20J%C3%B3ns%20Sigur%C3%B0ssonar%20133%20h/139/SECONDARY_DISPLAY" width="2330px" height="2856px"/>
			<graphic mimeType="pdf" url="Safn%20J%C3%B3ns%20Sigur%C3%B0ssonar%20133%20h/139/WEB_DISPLAY"/>
		</surface>
		<surface xml:id="JSSafn-0133h-0070r" n="140">
			<desc>0070r</desc>
			<graphic mimeType="pdf" url="Safn%20J%C3%B3ns%20Sigur%C3%B0ssonar%20133%20h/140/HIGH_QUALITY_DISPLAY"/>
			<graphic mimeType="jpg" url="Safn%20J%C3%B3ns%20Sigur%C3%B0ssonar%20133%20h/140/THUMBNAIL" width="200px" height="245px"/>
			<graphic mimeType="jpg" url="Safn%20J%C3%B3ns%20Sigur%C3%B0ssonar%20133%20h/140/SECONDARY_DISPLAY" width="2330px" height="2856px"/>
			<graphic mimeType="pdf" url="Safn%20J%C3%B3ns%20Sigur%C3%B0ssonar%20133%20h/140/WEB_DISPLAY"/>
		</surface>
		<surface xml:id="JSSafn-0133h-0070v" n="141">
			<desc>0070v</desc>
			<graphic mimeType="pdf" url="Safn%20J%C3%B3ns%20Sigur%C3%B0ssonar%20133%20h/141/HIGH_QUALITY_DISPLAY"/>
			<graphic mimeType="jpg" url="Safn%20J%C3%B3ns%20Sigur%C3%B0ssonar%20133%20h/141/THUMBNAIL" width="200px" height="245px"/>
			<graphic mimeType="jpg" url="Safn%20J%C3%B3ns%20Sigur%C3%B0ssonar%20133%20h/141/SECONDARY_DISPLAY" width="2330px" height="2856px"/>
			<graphic mimeType="pdf" url="Safn%20J%C3%B3ns%20Sigur%C3%B0ssonar%20133%20h/141/WEB_DISPLAY"/>
		</surface>
		<surface xml:id="JSSafn-0133h-9999r-RB" n="142">
			<desc>9999r-RB</desc>
			<graphic mimeType="pdf" url="Safn%20J%C3%B3ns%20Sigur%C3%B0ssonar%20133%20h/142/HIGH_QUALITY_DISPLAY"/>
			<graphic mimeType="jpg" url="Safn%20J%C3%B3ns%20Sigur%C3%B0ssonar%20133%20h/142/THUMBNAIL" width="200px" height="245px"/>
			<graphic mimeType="jpg" url="Safn%20J%C3%B3ns%20Sigur%C3%B0ssonar%20133%20h/142/SECONDARY_DISPLAY" width="2330px" height="2856px"/>
			<graphic mimeType="pdf" url="Safn%20J%C3%B3ns%20Sigur%C3%B0ssonar%20133%20h/142/WEB_DISPLAY"/>
		</surface>
		<surface xml:id="JSSafn-0133h-9999v-RB" n="143">
			<desc>9999v-RB</desc>
			<graphic mimeType="pdf" url="Safn%20J%C3%B3ns%20Sigur%C3%B0ssonar%20133%20h/143/HIGH_QUALITY_DISPLAY"/>
			<graphic mimeType="jpg" url="Safn%20J%C3%B3ns%20Sigur%C3%B0ssonar%20133%20h/143/THUMBNAIL" width="200px" height="231px"/>
			<graphic mimeType="jpg" url="Safn%20J%C3%B3ns%20Sigur%C3%B0ssonar%20133%20h/143/SECONDARY_DISPLAY" width="2468px" height="2856px"/>
			<graphic mimeType="pdf" url="Safn%20J%C3%B3ns%20Sigur%C3%B0ssonar%20133%20h/143/WEB_DISPLAY"/>
		</surface>
		<surface xml:id="JSSafn-0133h-accMat01r" n="144">
			<desc>accMat01r</desc>
			<graphic mimeType="pdf" url="Safn%20J%C3%B3ns%20Sigur%C3%B0ssonar%20133%20h/144/HIGH_QUALITY_DISPLAY"/>
			<graphic mimeType="jpg" url="Safn%20J%C3%B3ns%20Sigur%C3%B0ssonar%20133%20h/144/THUMBNAIL" width="197px" height="300px"/>
			<graphic mimeType="jpg" url="Safn%20J%C3%B3ns%20Sigur%C3%B0ssonar%20133%20h/144/SECONDARY_DISPLAY" width="1991px" height="3040px"/>
			<graphic mimeType="pdf" url="Safn%20J%C3%B3ns%20Sigur%C3%B0ssonar%20133%20h/144/WEB_DISPLAY"/>
		</surface>
		<surface xml:id="JSSafn-0133h-accMat01v" n="145">
			<desc>accMat01v</desc>
			<graphic mimeType="pdf" url="Safn%20J%C3%B3ns%20Sigur%C3%B0ssonar%20133%20h/145/HIGH_QUALITY_DISPLAY"/>
			<graphic mimeType="jpg" url="Safn%20J%C3%B3ns%20Sigur%C3%B0ssonar%20133%20h/145/THUMBNAIL" width="191px" height="300px"/>
			<graphic mimeType="jpg" url="Safn%20J%C3%B3ns%20Sigur%C3%B0ssonar%20133%20h/145/SECONDARY_DISPLAY" width="1982px" height="3120px"/>
			<graphic mimeType="pdf" url="Safn%20J%C3%B3ns%20Sigur%C3%B0ssonar%20133%20h/145/WEB_DISPLAY"/>
		</surface>
		<surface xml:id="JSSafn-0133h-accMat02r" n="146">
			<desc>accMat02r</desc>
			<graphic mimeType="pdf" url="Safn%20J%C3%B3ns%20Sigur%C3%B0ssonar%20133%20h/146/HIGH_QUALITY_DISPLAY"/>
			<graphic mimeType="jpg" url="Safn%20J%C3%B3ns%20Sigur%C3%B0ssonar%20133%20h/146/THUMBNAIL" width="191px" height="300px"/>
			<graphic mimeType="jpg" url="Safn%20J%C3%B3ns%20Sigur%C3%B0ssonar%20133%20h/146/SECONDARY_DISPLAY" width="1982px" height="3120px"/>
			<graphic mimeType="pdf" url="Safn%20J%C3%B3ns%20Sigur%C3%B0ssonar%20133%20h/146/WEB_DISPLAY"/>
		</surface>
		<surface xml:id="JSSafn-0133h-accMat02v" n="147">
			<desc>accMat02v</desc>
			<graphic mimeType="pdf" url="Safn%20J%C3%B3ns%20Sigur%C3%B0ssonar%20133%20h/147/HIGH_QUALITY_DISPLAY"/>
			<graphic mimeType="jpg" url="Safn%20J%C3%B3ns%20Sigur%C3%B0ssonar%20133%20h/147/THUMBNAIL" width="192px" height="300px"/>
			<graphic mimeType="jpg" url="Safn%20J%C3%B3ns%20Sigur%C3%B0ssonar%20133%20h/147/SECONDARY_DISPLAY" width="1919px" height="2992px"/>
			<graphic mimeType="pdf" url="Safn%20J%C3%B3ns%20Sigur%C3%B0ssonar%20133%20h/147/WEB_DISPLAY"/>
		</surface>
		<surface xml:id="JSSafn-0133h-Spine" n="148">
			<desc>Spine</desc>
			<graphic mimeType="pdf" url="Safn%20J%C3%B3ns%20Sigur%C3%B0ssonar%20133%20h/148/HIGH_QUALITY_DISPLAY"/>
			<graphic mimeType="jpg" url="Safn%20J%C3%B3ns%20Sigur%C3%B0ssonar%20133%20h/148/THUMBNAIL" width="43px" height="300px"/>
			<graphic mimeType="jpg" url="Safn%20J%C3%B3ns%20Sigur%C3%B0ssonar%20133%20h/148/SECONDARY_DISPLAY" width="425px" height="2992px"/>
			<graphic mimeType="pdf" url="Safn%20J%C3%B3ns%20Sigur%C3%B0ssonar%20133%20h/148/WEB_DISPLAY"/>
		</surface>
		<surface xml:id="JSSafn-0133h-Fore-Edge" n="149">
			<desc>Fore-Edge</desc>
			<graphic mimeType="pdf" url="Safn%20J%C3%B3ns%20Sigur%C3%B0ssonar%20133%20h/149/HIGH_QUALITY_DISPLAY"/>
			<graphic mimeType="jpg" url="Safn%20J%C3%B3ns%20Sigur%C3%B0ssonar%20133%20h/149/THUMBNAIL" width="46px" height="300px"/>
			<graphic mimeType="jpg" url="Safn%20J%C3%B3ns%20Sigur%C3%B0ssonar%20133%20h/149/SECONDARY_DISPLAY" width="457px" height="3009px"/>
			<graphic mimeType="pdf" url="Safn%20J%C3%B3ns%20Sigur%C3%B0ssonar%20133%20h/149/WEB_DISPLAY"/>
		</surface>
		<surface xml:id="JSSafn-0133h-Head-Edge" n="150">
			<desc>Head-Edge</desc>
			<graphic mimeType="pdf" url="Safn%20J%C3%B3ns%20Sigur%C3%B0ssonar%20133%20h/150/HIGH_QUALITY_DISPLAY"/>
			<graphic mimeType="jpg" url="Safn%20J%C3%B3ns%20Sigur%C3%B0ssonar%20133%20h/150/THUMBNAIL" width="53px" height="300px"/>
			<graphic mimeType="jpg" url="Safn%20J%C3%B3ns%20Sigur%C3%B0ssonar%20133%20h/150/SECONDARY_DISPLAY" width="473px" height="2656px"/>
			<graphic mimeType="pdf" url="Safn%20J%C3%B3ns%20Sigur%C3%B0ssonar%20133%20h/150/WEB_DISPLAY"/>
		</surface>
		<surface xml:id="JSSafn-0133h-Tail-Edge" n="151">
			<desc>Tail-Edge</desc>
			<graphic mimeType="pdf" url="Safn%20J%C3%B3ns%20Sigur%C3%B0ssonar%20133%20h/151/HIGH_QUALITY_DISPLAY"/>
			<graphic mimeType="jpg" url="Safn%20J%C3%B3ns%20Sigur%C3%B0ssonar%20133%20h/151/THUMBNAIL" width="45px" height="300px"/>
			<graphic mimeType="jpg" url="Safn%20J%C3%B3ns%20Sigur%C3%B0ssonar%20133%20h/151/SECONDARY_DISPLAY" width="401px" height="2672px"/>
			<graphic mimeType="pdf" url="Safn%20J%C3%B3ns%20Sigur%C3%B0ssonar%20133%20h/151/WEB_DISPLAY"/>
		</surface>
		<surface xml:id="JSSafn-0133h-Scale" n="152">
			<desc>Scale</desc>
			<graphic mimeType="pdf" url="Safn%20J%C3%B3ns%20Sigur%C3%B0ssonar%20133%20h/152/HIGH_QUALITY_DISPLAY"/>
			<graphic mimeType="jpg" url="Safn%20J%C3%B3ns%20Sigur%C3%B0ssonar%20133%20h/152/THUMBNAIL" width="200px" height="239px"/>
			<graphic mimeType="jpg" url="Safn%20J%C3%B3ns%20Sigur%C3%B0ssonar%20133%20h/152/SECONDARY_DISPLAY" width="2319px" height="2768px"/>
			<graphic mimeType="pdf" url="Safn%20J%C3%B3ns%20Sigur%C3%B0ssonar%20133%20h/152/WEB_DISPLAY"/>
		</surface>
		<surface xml:id="JSSafn-0133h-ccp" n="153">
			<desc>ccp</desc>
			<graphic mimeType="pdf" url="Safn%20J%C3%B3ns%20Sigur%C3%B0ssonar%20133%20h/153/HIGH_QUALITY_DISPLAY"/>
			<graphic mimeType="jpg" url="Safn%20J%C3%B3ns%20Sigur%C3%B0ssonar%20133%20h/153/THUMBNAIL" width="200px" height="147px"/>
			<graphic mimeType="jpg" url="Safn%20J%C3%B3ns%20Sigur%C3%B0ssonar%20133%20h/153/SECONDARY_DISPLAY" width="4662px" height="3424px"/>
			<graphic mimeType="pdf" url="Safn%20J%C3%B3ns%20Sigur%C3%B0ssonar%20133%20h/153/WEB_DISPLAY"/>
		</surface>
	</facsimile>
</TEI>