<?xml version="1.0" encoding="UTF-8"?>
<?oxygen RNGSchema="http://www.handrit.is/schema/handrit-1.0.rnc" type="compact"?>
<TEI xmlns="http://www.tei-c.org/ns/1.0">
	<teiHeader>
		<fileDesc>
			<titleStmt>
				<title type="main">Skjöl Jóns Sigurðssonar á Þjóðminjasafni</title>
			</titleStmt>
			<publicationStmt>
				<authority>Landsbókasafn Íslands - Háskólabókasafn</authority>
				<pubPlace>Reykjavík</pubPlace>
				<date when="2011-02-14">14. febrúar 2011</date>
				<availability status="restricted">
					<p>Aðgangur aðeins mögulegur í fræðilegum tilgangi.</p>
				</availability>
			</publicationStmt>
			<sourceDesc>
				<msDesc xml:id="JSSafn-0133g-is" xml:lang="is">
					<msIdentifier>
						<country key="IS">Ísland</country>
						<settlement>Reykjavík</settlement>
						<institution>Þjóðminjasafn Íslands</institution>
						<repository>Safn Jóns Sigurðssonar</repository>
						<idno>Safn Jóns Sigurðssonar 133 g</idno>
						<altIdentifier type="internal">
							<idno>133 g</idno>
						</altIdentifier>
					</msIdentifier>
					<msContents>
						<textLang mainLang="is">Íslenska</textLang>
						<msItem n="1" defective="false" class="heimil glosu">
							<locus from="1r" facs="#JSSafn-0133g-0001r" to="46v">1r-46v</locus>
							<title type="supplied">Reikningsbók Jóns Sigurðssonar janúar 1872-mars 1874</title>
							<respStmt>
								<resp key="col"/>
								<name type="person" key="JonSig004"> Jón Sigurðsson</name>
							</respStmt>
							<note/>
						</msItem>
					</msContents>
					<physDesc>
						<objectDesc form="codex">
							<supportDesc material="chart">
								<support>
									<p>Pappír.</p>
								</support>
								<extent>46 blöð (<dimensions scope="all" type="leaf" unit="mm">
									<height n="217">217</height>
									<width n="177">177</width>
								</dimensions>). Auð blöð: 7r, 9r, 10r, 11r, 14v, 18r, 28r, 38r og 41r.</extent>
							</supportDesc>
						</objectDesc>
						<handDesc hands="1">
							<summary>Ein hönd; Skrifari:</summary>
							<handNote scope="major" script="humcursiva" scribe="JonSig004"><name type="person" key="JonSig004">Jón Sigurðsson</name>.</handNote>
						</handDesc>
					</physDesc>
					<history>
							<origin><origPlace key="da">Danmörk</origPlace>, <origDate cert="high" from="1872" to="1874">1872-1874.</origDate>
							</origin>
					</history>
					<additional>
						<adminInfo>
							<recordHist>
								<source>
									<p><name type="person" key="SigJor001">Sigríður Hjördís
											Jörundsdóttir</name> skráði fyrir myndatöku, <date when="2011-03-25">25. mars
										2011</date>
									</p>
								</source>
							</recordHist>
							<custodialHist>
								<custEvent type="check">
									<p>Athugað fyrir myndatöku <date when="2011-03-15">15. mars
										2011</date>.</p>
								</custEvent>
								<custEvent type="photography">
									<p>Myndað í <date when="2011-03">mars 2011</date>.</p>
								</custEvent>
							</custodialHist>
						</adminInfo>
						<surrogates>
							<p>Myndað fyrir handritavef í <date when="2011-03">mars 2011</date>.</p>
						</surrogates>
					</additional>
				</msDesc>
			</sourceDesc>
		</fileDesc>
	</teiHeader>
	<facsimile xml:base="https://myndir.handrit.is/file/Handrit.is/">
		<surface xml:id="JSSafn-0133g-0000r-FB" n="0">
			<desc>0000r-FB</desc>
			<graphic mimeType="pdf" url="Safn%20J%C3%B3ns%20Sigur%C3%B0ssonar%20133%20g/0/HIGH_QUALITY_DISPLAY"/>
			<graphic mimeType="jpg" url="Safn%20J%C3%B3ns%20Sigur%C3%B0ssonar%20133%20g/0/THUMBNAIL" width="200px" height="236px"/>
			<graphic mimeType="jpg" url="Safn%20J%C3%B3ns%20Sigur%C3%B0ssonar%20133%20g/0/SECONDARY_DISPLAY" width="2432px" height="2872px"/>
			<graphic mimeType="pdf" url="Safn%20J%C3%B3ns%20Sigur%C3%B0ssonar%20133%20g/0/WEB_DISPLAY"/>
		</surface>
		<surface xml:id="JSSafn-0133g-0000v-FB" n="1">
			<desc>0000v-FB</desc>
			<graphic mimeType="pdf" url="Safn%20J%C3%B3ns%20Sigur%C3%B0ssonar%20133%20g/1/HIGH_QUALITY_DISPLAY"/>
			<graphic mimeType="jpg" url="Safn%20J%C3%B3ns%20Sigur%C3%B0ssonar%20133%20g/1/THUMBNAIL" width="200px" height="245px"/>
			<graphic mimeType="jpg" url="Safn%20J%C3%B3ns%20Sigur%C3%B0ssonar%20133%20g/1/SECONDARY_DISPLAY" width="2330px" height="2856px"/>
			<graphic mimeType="pdf" url="Safn%20J%C3%B3ns%20Sigur%C3%B0ssonar%20133%20g/1/WEB_DISPLAY"/>
		</surface>
		<surface xml:id="JSSafn-0133g-0001r" n="2">
			<desc>0001r</desc>
			<graphic mimeType="pdf" url="Safn%20J%C3%B3ns%20Sigur%C3%B0ssonar%20133%20g/2/HIGH_QUALITY_DISPLAY"/>
			<graphic mimeType="jpg" url="Safn%20J%C3%B3ns%20Sigur%C3%B0ssonar%20133%20g/2/THUMBNAIL" width="200px" height="245px"/>
			<graphic mimeType="jpg" url="Safn%20J%C3%B3ns%20Sigur%C3%B0ssonar%20133%20g/2/SECONDARY_DISPLAY" width="2330px" height="2856px"/>
			<graphic mimeType="pdf" url="Safn%20J%C3%B3ns%20Sigur%C3%B0ssonar%20133%20g/2/WEB_DISPLAY"/>
		</surface>
		<surface xml:id="JSSafn-0133g-0001v" n="3">
			<desc>0001v</desc>
			<graphic mimeType="pdf" url="Safn%20J%C3%B3ns%20Sigur%C3%B0ssonar%20133%20g/3/HIGH_QUALITY_DISPLAY"/>
			<graphic mimeType="jpg" url="Safn%20J%C3%B3ns%20Sigur%C3%B0ssonar%20133%20g/3/THUMBNAIL" width="200px" height="245px"/>
			<graphic mimeType="jpg" url="Safn%20J%C3%B3ns%20Sigur%C3%B0ssonar%20133%20g/3/SECONDARY_DISPLAY" width="2330px" height="2856px"/>
			<graphic mimeType="pdf" url="Safn%20J%C3%B3ns%20Sigur%C3%B0ssonar%20133%20g/3/WEB_DISPLAY"/>
		</surface>
		<surface xml:id="JSSafn-0133g-0002r" n="4">
			<desc>0002r</desc>
			<graphic mimeType="pdf" url="Safn%20J%C3%B3ns%20Sigur%C3%B0ssonar%20133%20g/4/HIGH_QUALITY_DISPLAY"/>
			<graphic mimeType="jpg" url="Safn%20J%C3%B3ns%20Sigur%C3%B0ssonar%20133%20g/4/THUMBNAIL" width="200px" height="245px"/>
			<graphic mimeType="jpg" url="Safn%20J%C3%B3ns%20Sigur%C3%B0ssonar%20133%20g/4/SECONDARY_DISPLAY" width="2330px" height="2856px"/>
			<graphic mimeType="pdf" url="Safn%20J%C3%B3ns%20Sigur%C3%B0ssonar%20133%20g/4/WEB_DISPLAY"/>
		</surface>
		<surface xml:id="JSSafn-0133g-0002v" n="5">
			<desc>0002v</desc>
			<graphic mimeType="pdf" url="Safn%20J%C3%B3ns%20Sigur%C3%B0ssonar%20133%20g/5/HIGH_QUALITY_DISPLAY"/>
			<graphic mimeType="jpg" url="Safn%20J%C3%B3ns%20Sigur%C3%B0ssonar%20133%20g/5/THUMBNAIL" width="200px" height="245px"/>
			<graphic mimeType="jpg" url="Safn%20J%C3%B3ns%20Sigur%C3%B0ssonar%20133%20g/5/SECONDARY_DISPLAY" width="2330px" height="2856px"/>
			<graphic mimeType="pdf" url="Safn%20J%C3%B3ns%20Sigur%C3%B0ssonar%20133%20g/5/WEB_DISPLAY"/>
		</surface>
		<surface xml:id="JSSafn-0133g-0003r" n="6">
			<desc>0003r</desc>
			<graphic mimeType="pdf" url="Safn%20J%C3%B3ns%20Sigur%C3%B0ssonar%20133%20g/6/HIGH_QUALITY_DISPLAY"/>
			<graphic mimeType="jpg" url="Safn%20J%C3%B3ns%20Sigur%C3%B0ssonar%20133%20g/6/THUMBNAIL" width="200px" height="245px"/>
			<graphic mimeType="jpg" url="Safn%20J%C3%B3ns%20Sigur%C3%B0ssonar%20133%20g/6/SECONDARY_DISPLAY" width="2330px" height="2856px"/>
			<graphic mimeType="pdf" url="Safn%20J%C3%B3ns%20Sigur%C3%B0ssonar%20133%20g/6/WEB_DISPLAY"/>
		</surface>
		<surface xml:id="JSSafn-0133g-0003v" n="7">
			<desc>0003v</desc>
			<graphic mimeType="pdf" url="Safn%20J%C3%B3ns%20Sigur%C3%B0ssonar%20133%20g/7/HIGH_QUALITY_DISPLAY"/>
			<graphic mimeType="jpg" url="Safn%20J%C3%B3ns%20Sigur%C3%B0ssonar%20133%20g/7/THUMBNAIL" width="200px" height="245px"/>
			<graphic mimeType="jpg" url="Safn%20J%C3%B3ns%20Sigur%C3%B0ssonar%20133%20g/7/SECONDARY_DISPLAY" width="2330px" height="2856px"/>
			<graphic mimeType="pdf" url="Safn%20J%C3%B3ns%20Sigur%C3%B0ssonar%20133%20g/7/WEB_DISPLAY"/>
		</surface>
		<surface xml:id="JSSafn-0133g-0004r" n="8">
			<desc>0004r</desc>
			<graphic mimeType="pdf" url="Safn%20J%C3%B3ns%20Sigur%C3%B0ssonar%20133%20g/8/HIGH_QUALITY_DISPLAY"/>
			<graphic mimeType="jpg" url="Safn%20J%C3%B3ns%20Sigur%C3%B0ssonar%20133%20g/8/THUMBNAIL" width="200px" height="245px"/>
			<graphic mimeType="jpg" url="Safn%20J%C3%B3ns%20Sigur%C3%B0ssonar%20133%20g/8/SECONDARY_DISPLAY" width="2330px" height="2856px"/>
			<graphic mimeType="pdf" url="Safn%20J%C3%B3ns%20Sigur%C3%B0ssonar%20133%20g/8/WEB_DISPLAY"/>
		</surface>
		<surface xml:id="JSSafn-0133g-0004v" n="9">
			<desc>0004v</desc>
			<graphic mimeType="pdf" url="Safn%20J%C3%B3ns%20Sigur%C3%B0ssonar%20133%20g/9/HIGH_QUALITY_DISPLAY"/>
			<graphic mimeType="jpg" url="Safn%20J%C3%B3ns%20Sigur%C3%B0ssonar%20133%20g/9/THUMBNAIL" width="200px" height="245px"/>
			<graphic mimeType="jpg" url="Safn%20J%C3%B3ns%20Sigur%C3%B0ssonar%20133%20g/9/SECONDARY_DISPLAY" width="2330px" height="2856px"/>
			<graphic mimeType="pdf" url="Safn%20J%C3%B3ns%20Sigur%C3%B0ssonar%20133%20g/9/WEB_DISPLAY"/>
		</surface>
		<surface xml:id="JSSafn-0133g-0005r" n="10">
			<desc>0005r</desc>
			<graphic mimeType="pdf" url="Safn%20J%C3%B3ns%20Sigur%C3%B0ssonar%20133%20g/10/HIGH_QUALITY_DISPLAY"/>
			<graphic mimeType="jpg" url="Safn%20J%C3%B3ns%20Sigur%C3%B0ssonar%20133%20g/10/THUMBNAIL" width="200px" height="245px"/>
			<graphic mimeType="jpg" url="Safn%20J%C3%B3ns%20Sigur%C3%B0ssonar%20133%20g/10/SECONDARY_DISPLAY" width="2330px" height="2856px"/>
			<graphic mimeType="pdf" url="Safn%20J%C3%B3ns%20Sigur%C3%B0ssonar%20133%20g/10/WEB_DISPLAY"/>
		</surface>
		<surface xml:id="JSSafn-0133g-0005v" n="11">
			<desc>0005v</desc>
			<graphic mimeType="pdf" url="Safn%20J%C3%B3ns%20Sigur%C3%B0ssonar%20133%20g/11/HIGH_QUALITY_DISPLAY"/>
			<graphic mimeType="jpg" url="Safn%20J%C3%B3ns%20Sigur%C3%B0ssonar%20133%20g/11/THUMBNAIL" width="200px" height="245px"/>
			<graphic mimeType="jpg" url="Safn%20J%C3%B3ns%20Sigur%C3%B0ssonar%20133%20g/11/SECONDARY_DISPLAY" width="2330px" height="2856px"/>
			<graphic mimeType="pdf" url="Safn%20J%C3%B3ns%20Sigur%C3%B0ssonar%20133%20g/11/WEB_DISPLAY"/>
		</surface>
		<surface xml:id="JSSafn-0133g-0006r" n="12">
			<desc>0006r</desc>
			<graphic mimeType="pdf" url="Safn%20J%C3%B3ns%20Sigur%C3%B0ssonar%20133%20g/12/HIGH_QUALITY_DISPLAY"/>
			<graphic mimeType="jpg" url="Safn%20J%C3%B3ns%20Sigur%C3%B0ssonar%20133%20g/12/THUMBNAIL" width="200px" height="245px"/>
			<graphic mimeType="jpg" url="Safn%20J%C3%B3ns%20Sigur%C3%B0ssonar%20133%20g/12/SECONDARY_DISPLAY" width="2330px" height="2856px"/>
			<graphic mimeType="pdf" url="Safn%20J%C3%B3ns%20Sigur%C3%B0ssonar%20133%20g/12/WEB_DISPLAY"/>
		</surface>
		<surface xml:id="JSSafn-0133g-0006v" n="13">
			<desc>0006v</desc>
			<graphic mimeType="pdf" url="Safn%20J%C3%B3ns%20Sigur%C3%B0ssonar%20133%20g/13/HIGH_QUALITY_DISPLAY"/>
			<graphic mimeType="jpg" url="Safn%20J%C3%B3ns%20Sigur%C3%B0ssonar%20133%20g/13/THUMBNAIL" width="200px" height="245px"/>
			<graphic mimeType="jpg" url="Safn%20J%C3%B3ns%20Sigur%C3%B0ssonar%20133%20g/13/SECONDARY_DISPLAY" width="2330px" height="2856px"/>
			<graphic mimeType="pdf" url="Safn%20J%C3%B3ns%20Sigur%C3%B0ssonar%20133%20g/13/WEB_DISPLAY"/>
		</surface>
		<surface xml:id="JSSafn-0133g-0007r" n="14">
			<desc>0007r</desc>
			<graphic mimeType="pdf" url="Safn%20J%C3%B3ns%20Sigur%C3%B0ssonar%20133%20g/14/HIGH_QUALITY_DISPLAY"/>
			<graphic mimeType="jpg" url="Safn%20J%C3%B3ns%20Sigur%C3%B0ssonar%20133%20g/14/THUMBNAIL" width="200px" height="245px"/>
			<graphic mimeType="jpg" url="Safn%20J%C3%B3ns%20Sigur%C3%B0ssonar%20133%20g/14/SECONDARY_DISPLAY" width="2330px" height="2856px"/>
			<graphic mimeType="pdf" url="Safn%20J%C3%B3ns%20Sigur%C3%B0ssonar%20133%20g/14/WEB_DISPLAY"/>
		</surface>
		<surface xml:id="JSSafn-0133g-0007v" n="15">
			<desc>0007v</desc>
			<graphic mimeType="pdf" url="Safn%20J%C3%B3ns%20Sigur%C3%B0ssonar%20133%20g/15/HIGH_QUALITY_DISPLAY"/>
			<graphic mimeType="jpg" url="Safn%20J%C3%B3ns%20Sigur%C3%B0ssonar%20133%20g/15/THUMBNAIL" width="200px" height="245px"/>
			<graphic mimeType="jpg" url="Safn%20J%C3%B3ns%20Sigur%C3%B0ssonar%20133%20g/15/SECONDARY_DISPLAY" width="2330px" height="2856px"/>
			<graphic mimeType="pdf" url="Safn%20J%C3%B3ns%20Sigur%C3%B0ssonar%20133%20g/15/WEB_DISPLAY"/>
		</surface>
		<surface xml:id="JSSafn-0133g-0008r" n="16">
			<desc>0008r</desc>
			<graphic mimeType="pdf" url="Safn%20J%C3%B3ns%20Sigur%C3%B0ssonar%20133%20g/16/HIGH_QUALITY_DISPLAY"/>
			<graphic mimeType="jpg" url="Safn%20J%C3%B3ns%20Sigur%C3%B0ssonar%20133%20g/16/THUMBNAIL" width="200px" height="245px"/>
			<graphic mimeType="jpg" url="Safn%20J%C3%B3ns%20Sigur%C3%B0ssonar%20133%20g/16/SECONDARY_DISPLAY" width="2330px" height="2856px"/>
			<graphic mimeType="pdf" url="Safn%20J%C3%B3ns%20Sigur%C3%B0ssonar%20133%20g/16/WEB_DISPLAY"/>
		</surface>
		<surface xml:id="JSSafn-0133g-0008v" n="17">
			<desc>0008v</desc>
			<graphic mimeType="pdf" url="Safn%20J%C3%B3ns%20Sigur%C3%B0ssonar%20133%20g/17/HIGH_QUALITY_DISPLAY"/>
			<graphic mimeType="jpg" url="Safn%20J%C3%B3ns%20Sigur%C3%B0ssonar%20133%20g/17/THUMBNAIL" width="200px" height="245px"/>
			<graphic mimeType="jpg" url="Safn%20J%C3%B3ns%20Sigur%C3%B0ssonar%20133%20g/17/SECONDARY_DISPLAY" width="2330px" height="2856px"/>
			<graphic mimeType="pdf" url="Safn%20J%C3%B3ns%20Sigur%C3%B0ssonar%20133%20g/17/WEB_DISPLAY"/>
		</surface>
		<surface xml:id="JSSafn-0133g-0009r" n="18">
			<desc>0009r</desc>
			<graphic mimeType="pdf" url="Safn%20J%C3%B3ns%20Sigur%C3%B0ssonar%20133%20g/18/HIGH_QUALITY_DISPLAY"/>
			<graphic mimeType="jpg" url="Safn%20J%C3%B3ns%20Sigur%C3%B0ssonar%20133%20g/18/THUMBNAIL" width="200px" height="245px"/>
			<graphic mimeType="jpg" url="Safn%20J%C3%B3ns%20Sigur%C3%B0ssonar%20133%20g/18/SECONDARY_DISPLAY" width="2330px" height="2856px"/>
			<graphic mimeType="pdf" url="Safn%20J%C3%B3ns%20Sigur%C3%B0ssonar%20133%20g/18/WEB_DISPLAY"/>
		</surface>
		<surface xml:id="JSSafn-0133g-0009v" n="19">
			<desc>0009v</desc>
			<graphic mimeType="pdf" url="Safn%20J%C3%B3ns%20Sigur%C3%B0ssonar%20133%20g/19/HIGH_QUALITY_DISPLAY"/>
			<graphic mimeType="jpg" url="Safn%20J%C3%B3ns%20Sigur%C3%B0ssonar%20133%20g/19/THUMBNAIL" width="200px" height="245px"/>
			<graphic mimeType="jpg" url="Safn%20J%C3%B3ns%20Sigur%C3%B0ssonar%20133%20g/19/SECONDARY_DISPLAY" width="2330px" height="2856px"/>
			<graphic mimeType="pdf" url="Safn%20J%C3%B3ns%20Sigur%C3%B0ssonar%20133%20g/19/WEB_DISPLAY"/>
		</surface>
		<surface xml:id="JSSafn-0133g-0010r" n="20">
			<desc>0010r</desc>
			<graphic mimeType="pdf" url="Safn%20J%C3%B3ns%20Sigur%C3%B0ssonar%20133%20g/20/HIGH_QUALITY_DISPLAY"/>
			<graphic mimeType="jpg" url="Safn%20J%C3%B3ns%20Sigur%C3%B0ssonar%20133%20g/20/THUMBNAIL" width="200px" height="245px"/>
			<graphic mimeType="jpg" url="Safn%20J%C3%B3ns%20Sigur%C3%B0ssonar%20133%20g/20/SECONDARY_DISPLAY" width="2330px" height="2856px"/>
			<graphic mimeType="pdf" url="Safn%20J%C3%B3ns%20Sigur%C3%B0ssonar%20133%20g/20/WEB_DISPLAY"/>
		</surface>
		<surface xml:id="JSSafn-0133g-0010v" n="21">
			<desc>0010v</desc>
			<graphic mimeType="pdf" url="Safn%20J%C3%B3ns%20Sigur%C3%B0ssonar%20133%20g/21/HIGH_QUALITY_DISPLAY"/>
			<graphic mimeType="jpg" url="Safn%20J%C3%B3ns%20Sigur%C3%B0ssonar%20133%20g/21/THUMBNAIL" width="200px" height="245px"/>
			<graphic mimeType="jpg" url="Safn%20J%C3%B3ns%20Sigur%C3%B0ssonar%20133%20g/21/SECONDARY_DISPLAY" width="2330px" height="2856px"/>
			<graphic mimeType="pdf" url="Safn%20J%C3%B3ns%20Sigur%C3%B0ssonar%20133%20g/21/WEB_DISPLAY"/>
		</surface>
		<surface xml:id="JSSafn-0133g-0011r" n="22">
			<desc>0011r</desc>
			<graphic mimeType="pdf" url="Safn%20J%C3%B3ns%20Sigur%C3%B0ssonar%20133%20g/22/HIGH_QUALITY_DISPLAY"/>
			<graphic mimeType="jpg" url="Safn%20J%C3%B3ns%20Sigur%C3%B0ssonar%20133%20g/22/THUMBNAIL" width="200px" height="245px"/>
			<graphic mimeType="jpg" url="Safn%20J%C3%B3ns%20Sigur%C3%B0ssonar%20133%20g/22/SECONDARY_DISPLAY" width="2330px" height="2856px"/>
			<graphic mimeType="pdf" url="Safn%20J%C3%B3ns%20Sigur%C3%B0ssonar%20133%20g/22/WEB_DISPLAY"/>
		</surface>
		<surface xml:id="JSSafn-0133g-0011v" n="23">
			<desc>0011v</desc>
			<graphic mimeType="pdf" url="Safn%20J%C3%B3ns%20Sigur%C3%B0ssonar%20133%20g/23/HIGH_QUALITY_DISPLAY"/>
			<graphic mimeType="jpg" url="Safn%20J%C3%B3ns%20Sigur%C3%B0ssonar%20133%20g/23/THUMBNAIL" width="200px" height="245px"/>
			<graphic mimeType="jpg" url="Safn%20J%C3%B3ns%20Sigur%C3%B0ssonar%20133%20g/23/SECONDARY_DISPLAY" width="2330px" height="2856px"/>
			<graphic mimeType="pdf" url="Safn%20J%C3%B3ns%20Sigur%C3%B0ssonar%20133%20g/23/WEB_DISPLAY"/>
		</surface>
		<surface xml:id="JSSafn-0133g-0012r" n="24">
			<desc>0012r</desc>
			<graphic mimeType="pdf" url="Safn%20J%C3%B3ns%20Sigur%C3%B0ssonar%20133%20g/24/HIGH_QUALITY_DISPLAY"/>
			<graphic mimeType="jpg" url="Safn%20J%C3%B3ns%20Sigur%C3%B0ssonar%20133%20g/24/THUMBNAIL" width="200px" height="245px"/>
			<graphic mimeType="jpg" url="Safn%20J%C3%B3ns%20Sigur%C3%B0ssonar%20133%20g/24/SECONDARY_DISPLAY" width="2330px" height="2856px"/>
			<graphic mimeType="pdf" url="Safn%20J%C3%B3ns%20Sigur%C3%B0ssonar%20133%20g/24/WEB_DISPLAY"/>
		</surface>
		<surface xml:id="JSSafn-0133g-0012v" n="25">
			<desc>0012v</desc>
			<graphic mimeType="pdf" url="Safn%20J%C3%B3ns%20Sigur%C3%B0ssonar%20133%20g/25/HIGH_QUALITY_DISPLAY"/>
			<graphic mimeType="jpg" url="Safn%20J%C3%B3ns%20Sigur%C3%B0ssonar%20133%20g/25/THUMBNAIL" width="200px" height="245px"/>
			<graphic mimeType="jpg" url="Safn%20J%C3%B3ns%20Sigur%C3%B0ssonar%20133%20g/25/SECONDARY_DISPLAY" width="2330px" height="2856px"/>
			<graphic mimeType="pdf" url="Safn%20J%C3%B3ns%20Sigur%C3%B0ssonar%20133%20g/25/WEB_DISPLAY"/>
		</surface>
		<surface xml:id="JSSafn-0133g-0013r" n="26">
			<desc>0013r</desc>
			<graphic mimeType="pdf" url="Safn%20J%C3%B3ns%20Sigur%C3%B0ssonar%20133%20g/26/HIGH_QUALITY_DISPLAY"/>
			<graphic mimeType="jpg" url="Safn%20J%C3%B3ns%20Sigur%C3%B0ssonar%20133%20g/26/THUMBNAIL" width="200px" height="245px"/>
			<graphic mimeType="jpg" url="Safn%20J%C3%B3ns%20Sigur%C3%B0ssonar%20133%20g/26/SECONDARY_DISPLAY" width="2330px" height="2856px"/>
			<graphic mimeType="pdf" url="Safn%20J%C3%B3ns%20Sigur%C3%B0ssonar%20133%20g/26/WEB_DISPLAY"/>
		</surface>
		<surface xml:id="JSSafn-0133g-0013v" n="27">
			<desc>0013v</desc>
			<graphic mimeType="pdf" url="Safn%20J%C3%B3ns%20Sigur%C3%B0ssonar%20133%20g/27/HIGH_QUALITY_DISPLAY"/>
			<graphic mimeType="jpg" url="Safn%20J%C3%B3ns%20Sigur%C3%B0ssonar%20133%20g/27/THUMBNAIL" width="200px" height="245px"/>
			<graphic mimeType="jpg" url="Safn%20J%C3%B3ns%20Sigur%C3%B0ssonar%20133%20g/27/SECONDARY_DISPLAY" width="2330px" height="2856px"/>
			<graphic mimeType="pdf" url="Safn%20J%C3%B3ns%20Sigur%C3%B0ssonar%20133%20g/27/WEB_DISPLAY"/>
		</surface>
		<surface xml:id="JSSafn-0133g-0014r" n="28">
			<desc>0014r</desc>
			<graphic mimeType="pdf" url="Safn%20J%C3%B3ns%20Sigur%C3%B0ssonar%20133%20g/28/HIGH_QUALITY_DISPLAY"/>
			<graphic mimeType="jpg" url="Safn%20J%C3%B3ns%20Sigur%C3%B0ssonar%20133%20g/28/THUMBNAIL" width="200px" height="245px"/>
			<graphic mimeType="jpg" url="Safn%20J%C3%B3ns%20Sigur%C3%B0ssonar%20133%20g/28/SECONDARY_DISPLAY" width="2330px" height="2856px"/>
			<graphic mimeType="pdf" url="Safn%20J%C3%B3ns%20Sigur%C3%B0ssonar%20133%20g/28/WEB_DISPLAY"/>
		</surface>
		<surface xml:id="JSSafn-0133g-0014v" n="29">
			<desc>0014v</desc>
			<graphic mimeType="pdf" url="Safn%20J%C3%B3ns%20Sigur%C3%B0ssonar%20133%20g/29/HIGH_QUALITY_DISPLAY"/>
			<graphic mimeType="jpg" url="Safn%20J%C3%B3ns%20Sigur%C3%B0ssonar%20133%20g/29/THUMBNAIL" width="200px" height="245px"/>
			<graphic mimeType="jpg" url="Safn%20J%C3%B3ns%20Sigur%C3%B0ssonar%20133%20g/29/SECONDARY_DISPLAY" width="2330px" height="2856px"/>
			<graphic mimeType="pdf" url="Safn%20J%C3%B3ns%20Sigur%C3%B0ssonar%20133%20g/29/WEB_DISPLAY"/>
		</surface>
		<surface xml:id="JSSafn-0133g-0015r" n="30">
			<desc>0015r</desc>
			<graphic mimeType="pdf" url="Safn%20J%C3%B3ns%20Sigur%C3%B0ssonar%20133%20g/30/HIGH_QUALITY_DISPLAY"/>
			<graphic mimeType="jpg" url="Safn%20J%C3%B3ns%20Sigur%C3%B0ssonar%20133%20g/30/THUMBNAIL" width="200px" height="245px"/>
			<graphic mimeType="jpg" url="Safn%20J%C3%B3ns%20Sigur%C3%B0ssonar%20133%20g/30/SECONDARY_DISPLAY" width="2330px" height="2856px"/>
			<graphic mimeType="pdf" url="Safn%20J%C3%B3ns%20Sigur%C3%B0ssonar%20133%20g/30/WEB_DISPLAY"/>
		</surface>
		<surface xml:id="JSSafn-0133g-0015v" n="31">
			<desc>0015v</desc>
			<graphic mimeType="pdf" url="Safn%20J%C3%B3ns%20Sigur%C3%B0ssonar%20133%20g/31/HIGH_QUALITY_DISPLAY"/>
			<graphic mimeType="jpg" url="Safn%20J%C3%B3ns%20Sigur%C3%B0ssonar%20133%20g/31/THUMBNAIL" width="200px" height="245px"/>
			<graphic mimeType="jpg" url="Safn%20J%C3%B3ns%20Sigur%C3%B0ssonar%20133%20g/31/SECONDARY_DISPLAY" width="2330px" height="2856px"/>
			<graphic mimeType="pdf" url="Safn%20J%C3%B3ns%20Sigur%C3%B0ssonar%20133%20g/31/WEB_DISPLAY"/>
		</surface>
		<surface xml:id="JSSafn-0133g-0016r" n="32">
			<desc>0016r</desc>
			<graphic mimeType="pdf" url="Safn%20J%C3%B3ns%20Sigur%C3%B0ssonar%20133%20g/32/HIGH_QUALITY_DISPLAY"/>
			<graphic mimeType="jpg" url="Safn%20J%C3%B3ns%20Sigur%C3%B0ssonar%20133%20g/32/THUMBNAIL" width="200px" height="245px"/>
			<graphic mimeType="jpg" url="Safn%20J%C3%B3ns%20Sigur%C3%B0ssonar%20133%20g/32/SECONDARY_DISPLAY" width="2330px" height="2856px"/>
			<graphic mimeType="pdf" url="Safn%20J%C3%B3ns%20Sigur%C3%B0ssonar%20133%20g/32/WEB_DISPLAY"/>
		</surface>
		<surface xml:id="JSSafn-0133g-0016v" n="33">
			<desc>0016v</desc>
			<graphic mimeType="pdf" url="Safn%20J%C3%B3ns%20Sigur%C3%B0ssonar%20133%20g/33/HIGH_QUALITY_DISPLAY"/>
			<graphic mimeType="jpg" url="Safn%20J%C3%B3ns%20Sigur%C3%B0ssonar%20133%20g/33/THUMBNAIL" width="200px" height="245px"/>
			<graphic mimeType="jpg" url="Safn%20J%C3%B3ns%20Sigur%C3%B0ssonar%20133%20g/33/SECONDARY_DISPLAY" width="2330px" height="2856px"/>
			<graphic mimeType="pdf" url="Safn%20J%C3%B3ns%20Sigur%C3%B0ssonar%20133%20g/33/WEB_DISPLAY"/>
		</surface>
		<surface xml:id="JSSafn-0133g-0017r" n="34">
			<desc>0017r</desc>
			<graphic mimeType="pdf" url="Safn%20J%C3%B3ns%20Sigur%C3%B0ssonar%20133%20g/34/HIGH_QUALITY_DISPLAY"/>
			<graphic mimeType="jpg" url="Safn%20J%C3%B3ns%20Sigur%C3%B0ssonar%20133%20g/34/THUMBNAIL" width="200px" height="245px"/>
			<graphic mimeType="jpg" url="Safn%20J%C3%B3ns%20Sigur%C3%B0ssonar%20133%20g/34/SECONDARY_DISPLAY" width="2330px" height="2856px"/>
			<graphic mimeType="pdf" url="Safn%20J%C3%B3ns%20Sigur%C3%B0ssonar%20133%20g/34/WEB_DISPLAY"/>
		</surface>
		<surface xml:id="JSSafn-0133g-0017v" n="35">
			<desc>0017v</desc>
			<graphic mimeType="pdf" url="Safn%20J%C3%B3ns%20Sigur%C3%B0ssonar%20133%20g/35/HIGH_QUALITY_DISPLAY"/>
			<graphic mimeType="jpg" url="Safn%20J%C3%B3ns%20Sigur%C3%B0ssonar%20133%20g/35/THUMBNAIL" width="200px" height="245px"/>
			<graphic mimeType="jpg" url="Safn%20J%C3%B3ns%20Sigur%C3%B0ssonar%20133%20g/35/SECONDARY_DISPLAY" width="2330px" height="2856px"/>
			<graphic mimeType="pdf" url="Safn%20J%C3%B3ns%20Sigur%C3%B0ssonar%20133%20g/35/WEB_DISPLAY"/>
		</surface>
		<surface xml:id="JSSafn-0133g-0018r" n="36">
			<desc>0018r</desc>
			<graphic mimeType="pdf" url="Safn%20J%C3%B3ns%20Sigur%C3%B0ssonar%20133%20g/36/HIGH_QUALITY_DISPLAY"/>
			<graphic mimeType="jpg" url="Safn%20J%C3%B3ns%20Sigur%C3%B0ssonar%20133%20g/36/THUMBNAIL" width="200px" height="245px"/>
			<graphic mimeType="jpg" url="Safn%20J%C3%B3ns%20Sigur%C3%B0ssonar%20133%20g/36/SECONDARY_DISPLAY" width="2330px" height="2856px"/>
			<graphic mimeType="pdf" url="Safn%20J%C3%B3ns%20Sigur%C3%B0ssonar%20133%20g/36/WEB_DISPLAY"/>
		</surface>
		<surface xml:id="JSSafn-0133g-0018v" n="37">
			<desc>0018v</desc>
			<graphic mimeType="pdf" url="Safn%20J%C3%B3ns%20Sigur%C3%B0ssonar%20133%20g/37/HIGH_QUALITY_DISPLAY"/>
			<graphic mimeType="jpg" url="Safn%20J%C3%B3ns%20Sigur%C3%B0ssonar%20133%20g/37/THUMBNAIL" width="200px" height="245px"/>
			<graphic mimeType="jpg" url="Safn%20J%C3%B3ns%20Sigur%C3%B0ssonar%20133%20g/37/SECONDARY_DISPLAY" width="2330px" height="2856px"/>
			<graphic mimeType="pdf" url="Safn%20J%C3%B3ns%20Sigur%C3%B0ssonar%20133%20g/37/WEB_DISPLAY"/>
		</surface>
		<surface xml:id="JSSafn-0133g-0019r" n="38">
			<desc>0019r</desc>
			<graphic mimeType="pdf" url="Safn%20J%C3%B3ns%20Sigur%C3%B0ssonar%20133%20g/38/HIGH_QUALITY_DISPLAY"/>
			<graphic mimeType="jpg" url="Safn%20J%C3%B3ns%20Sigur%C3%B0ssonar%20133%20g/38/THUMBNAIL" width="200px" height="245px"/>
			<graphic mimeType="jpg" url="Safn%20J%C3%B3ns%20Sigur%C3%B0ssonar%20133%20g/38/SECONDARY_DISPLAY" width="2330px" height="2856px"/>
			<graphic mimeType="pdf" url="Safn%20J%C3%B3ns%20Sigur%C3%B0ssonar%20133%20g/38/WEB_DISPLAY"/>
		</surface>
		<surface xml:id="JSSafn-0133g-0019v" n="39">
			<desc>0019v</desc>
			<graphic mimeType="pdf" url="Safn%20J%C3%B3ns%20Sigur%C3%B0ssonar%20133%20g/39/HIGH_QUALITY_DISPLAY"/>
			<graphic mimeType="jpg" url="Safn%20J%C3%B3ns%20Sigur%C3%B0ssonar%20133%20g/39/THUMBNAIL" width="200px" height="245px"/>
			<graphic mimeType="jpg" url="Safn%20J%C3%B3ns%20Sigur%C3%B0ssonar%20133%20g/39/SECONDARY_DISPLAY" width="2330px" height="2856px"/>
			<graphic mimeType="pdf" url="Safn%20J%C3%B3ns%20Sigur%C3%B0ssonar%20133%20g/39/WEB_DISPLAY"/>
		</surface>
		<surface xml:id="JSSafn-0133g-0020r" n="40">
			<desc>0020r</desc>
			<graphic mimeType="pdf" url="Safn%20J%C3%B3ns%20Sigur%C3%B0ssonar%20133%20g/40/HIGH_QUALITY_DISPLAY"/>
			<graphic mimeType="jpg" url="Safn%20J%C3%B3ns%20Sigur%C3%B0ssonar%20133%20g/40/THUMBNAIL" width="200px" height="245px"/>
			<graphic mimeType="jpg" url="Safn%20J%C3%B3ns%20Sigur%C3%B0ssonar%20133%20g/40/SECONDARY_DISPLAY" width="2330px" height="2856px"/>
			<graphic mimeType="pdf" url="Safn%20J%C3%B3ns%20Sigur%C3%B0ssonar%20133%20g/40/WEB_DISPLAY"/>
		</surface>
		<surface xml:id="JSSafn-0133g-0020v" n="41">
			<desc>0020v</desc>
			<graphic mimeType="pdf" url="Safn%20J%C3%B3ns%20Sigur%C3%B0ssonar%20133%20g/41/HIGH_QUALITY_DISPLAY"/>
			<graphic mimeType="jpg" url="Safn%20J%C3%B3ns%20Sigur%C3%B0ssonar%20133%20g/41/THUMBNAIL" width="200px" height="245px"/>
			<graphic mimeType="jpg" url="Safn%20J%C3%B3ns%20Sigur%C3%B0ssonar%20133%20g/41/SECONDARY_DISPLAY" width="2330px" height="2856px"/>
			<graphic mimeType="pdf" url="Safn%20J%C3%B3ns%20Sigur%C3%B0ssonar%20133%20g/41/WEB_DISPLAY"/>
		</surface>
		<surface xml:id="JSSafn-0133g-0021r" n="42">
			<desc>0021r</desc>
			<graphic mimeType="pdf" url="Safn%20J%C3%B3ns%20Sigur%C3%B0ssonar%20133%20g/42/HIGH_QUALITY_DISPLAY"/>
			<graphic mimeType="jpg" url="Safn%20J%C3%B3ns%20Sigur%C3%B0ssonar%20133%20g/42/THUMBNAIL" width="200px" height="245px"/>
			<graphic mimeType="jpg" url="Safn%20J%C3%B3ns%20Sigur%C3%B0ssonar%20133%20g/42/SECONDARY_DISPLAY" width="2330px" height="2856px"/>
			<graphic mimeType="pdf" url="Safn%20J%C3%B3ns%20Sigur%C3%B0ssonar%20133%20g/42/WEB_DISPLAY"/>
		</surface>
		<surface xml:id="JSSafn-0133g-0021v" n="43">
			<desc>0021v</desc>
			<graphic mimeType="pdf" url="Safn%20J%C3%B3ns%20Sigur%C3%B0ssonar%20133%20g/43/HIGH_QUALITY_DISPLAY"/>
			<graphic mimeType="jpg" url="Safn%20J%C3%B3ns%20Sigur%C3%B0ssonar%20133%20g/43/THUMBNAIL" width="200px" height="245px"/>
			<graphic mimeType="jpg" url="Safn%20J%C3%B3ns%20Sigur%C3%B0ssonar%20133%20g/43/SECONDARY_DISPLAY" width="2330px" height="2856px"/>
			<graphic mimeType="pdf" url="Safn%20J%C3%B3ns%20Sigur%C3%B0ssonar%20133%20g/43/WEB_DISPLAY"/>
		</surface>
		<surface xml:id="JSSafn-0133g-0022r" n="44">
			<desc>0022r</desc>
			<graphic mimeType="pdf" url="Safn%20J%C3%B3ns%20Sigur%C3%B0ssonar%20133%20g/44/HIGH_QUALITY_DISPLAY"/>
			<graphic mimeType="jpg" url="Safn%20J%C3%B3ns%20Sigur%C3%B0ssonar%20133%20g/44/THUMBNAIL" width="200px" height="245px"/>
			<graphic mimeType="jpg" url="Safn%20J%C3%B3ns%20Sigur%C3%B0ssonar%20133%20g/44/SECONDARY_DISPLAY" width="2330px" height="2856px"/>
			<graphic mimeType="pdf" url="Safn%20J%C3%B3ns%20Sigur%C3%B0ssonar%20133%20g/44/WEB_DISPLAY"/>
		</surface>
		<surface xml:id="JSSafn-0133g-0022v" n="45">
			<desc>0022v</desc>
			<graphic mimeType="pdf" url="Safn%20J%C3%B3ns%20Sigur%C3%B0ssonar%20133%20g/45/HIGH_QUALITY_DISPLAY"/>
			<graphic mimeType="jpg" url="Safn%20J%C3%B3ns%20Sigur%C3%B0ssonar%20133%20g/45/THUMBNAIL" width="200px" height="245px"/>
			<graphic mimeType="jpg" url="Safn%20J%C3%B3ns%20Sigur%C3%B0ssonar%20133%20g/45/SECONDARY_DISPLAY" width="2330px" height="2856px"/>
			<graphic mimeType="pdf" url="Safn%20J%C3%B3ns%20Sigur%C3%B0ssonar%20133%20g/45/WEB_DISPLAY"/>
		</surface>
		<surface xml:id="JSSafn-0133g-0023r" n="46">
			<desc>0023r</desc>
			<graphic mimeType="pdf" url="Safn%20J%C3%B3ns%20Sigur%C3%B0ssonar%20133%20g/46/HIGH_QUALITY_DISPLAY"/>
			<graphic mimeType="jpg" url="Safn%20J%C3%B3ns%20Sigur%C3%B0ssonar%20133%20g/46/THUMBNAIL" width="200px" height="245px"/>
			<graphic mimeType="jpg" url="Safn%20J%C3%B3ns%20Sigur%C3%B0ssonar%20133%20g/46/SECONDARY_DISPLAY" width="2330px" height="2856px"/>
			<graphic mimeType="pdf" url="Safn%20J%C3%B3ns%20Sigur%C3%B0ssonar%20133%20g/46/WEB_DISPLAY"/>
		</surface>
		<surface xml:id="JSSafn-0133g-0023v" n="47">
			<desc>0023v</desc>
			<graphic mimeType="pdf" url="Safn%20J%C3%B3ns%20Sigur%C3%B0ssonar%20133%20g/47/HIGH_QUALITY_DISPLAY"/>
			<graphic mimeType="jpg" url="Safn%20J%C3%B3ns%20Sigur%C3%B0ssonar%20133%20g/47/THUMBNAIL" width="200px" height="245px"/>
			<graphic mimeType="jpg" url="Safn%20J%C3%B3ns%20Sigur%C3%B0ssonar%20133%20g/47/SECONDARY_DISPLAY" width="2330px" height="2856px"/>
			<graphic mimeType="pdf" url="Safn%20J%C3%B3ns%20Sigur%C3%B0ssonar%20133%20g/47/WEB_DISPLAY"/>
		</surface>
		<surface xml:id="JSSafn-0133g-0024r" n="48">
			<desc>0024r</desc>
			<graphic mimeType="pdf" url="Safn%20J%C3%B3ns%20Sigur%C3%B0ssonar%20133%20g/48/HIGH_QUALITY_DISPLAY"/>
			<graphic mimeType="jpg" url="Safn%20J%C3%B3ns%20Sigur%C3%B0ssonar%20133%20g/48/THUMBNAIL" width="200px" height="245px"/>
			<graphic mimeType="jpg" url="Safn%20J%C3%B3ns%20Sigur%C3%B0ssonar%20133%20g/48/SECONDARY_DISPLAY" width="2330px" height="2856px"/>
			<graphic mimeType="pdf" url="Safn%20J%C3%B3ns%20Sigur%C3%B0ssonar%20133%20g/48/WEB_DISPLAY"/>
		</surface>
		<surface xml:id="JSSafn-0133g-0024v" n="49">
			<desc>0024v</desc>
			<graphic mimeType="pdf" url="Safn%20J%C3%B3ns%20Sigur%C3%B0ssonar%20133%20g/49/HIGH_QUALITY_DISPLAY"/>
			<graphic mimeType="jpg" url="Safn%20J%C3%B3ns%20Sigur%C3%B0ssonar%20133%20g/49/THUMBNAIL" width="200px" height="245px"/>
			<graphic mimeType="jpg" url="Safn%20J%C3%B3ns%20Sigur%C3%B0ssonar%20133%20g/49/SECONDARY_DISPLAY" width="2330px" height="2856px"/>
			<graphic mimeType="pdf" url="Safn%20J%C3%B3ns%20Sigur%C3%B0ssonar%20133%20g/49/WEB_DISPLAY"/>
		</surface>
		<surface xml:id="JSSafn-0133g-0025r" n="50">
			<desc>0025r</desc>
			<graphic mimeType="pdf" url="Safn%20J%C3%B3ns%20Sigur%C3%B0ssonar%20133%20g/50/HIGH_QUALITY_DISPLAY"/>
			<graphic mimeType="jpg" url="Safn%20J%C3%B3ns%20Sigur%C3%B0ssonar%20133%20g/50/THUMBNAIL" width="200px" height="245px"/>
			<graphic mimeType="jpg" url="Safn%20J%C3%B3ns%20Sigur%C3%B0ssonar%20133%20g/50/SECONDARY_DISPLAY" width="2330px" height="2856px"/>
			<graphic mimeType="pdf" url="Safn%20J%C3%B3ns%20Sigur%C3%B0ssonar%20133%20g/50/WEB_DISPLAY"/>
		</surface>
		<surface xml:id="JSSafn-0133g-0025v" n="51">
			<desc>0025v</desc>
			<graphic mimeType="pdf" url="Safn%20J%C3%B3ns%20Sigur%C3%B0ssonar%20133%20g/51/HIGH_QUALITY_DISPLAY"/>
			<graphic mimeType="jpg" url="Safn%20J%C3%B3ns%20Sigur%C3%B0ssonar%20133%20g/51/THUMBNAIL" width="200px" height="245px"/>
			<graphic mimeType="jpg" url="Safn%20J%C3%B3ns%20Sigur%C3%B0ssonar%20133%20g/51/SECONDARY_DISPLAY" width="2330px" height="2856px"/>
			<graphic mimeType="pdf" url="Safn%20J%C3%B3ns%20Sigur%C3%B0ssonar%20133%20g/51/WEB_DISPLAY"/>
		</surface>
		<surface xml:id="JSSafn-0133g-0026r" n="52">
			<desc>0026r</desc>
			<graphic mimeType="pdf" url="Safn%20J%C3%B3ns%20Sigur%C3%B0ssonar%20133%20g/52/HIGH_QUALITY_DISPLAY"/>
			<graphic mimeType="jpg" url="Safn%20J%C3%B3ns%20Sigur%C3%B0ssonar%20133%20g/52/THUMBNAIL" width="200px" height="245px"/>
			<graphic mimeType="jpg" url="Safn%20J%C3%B3ns%20Sigur%C3%B0ssonar%20133%20g/52/SECONDARY_DISPLAY" width="2330px" height="2856px"/>
			<graphic mimeType="pdf" url="Safn%20J%C3%B3ns%20Sigur%C3%B0ssonar%20133%20g/52/WEB_DISPLAY"/>
		</surface>
		<surface xml:id="JSSafn-0133g-0026v" n="53">
			<desc>0026v</desc>
			<graphic mimeType="pdf" url="Safn%20J%C3%B3ns%20Sigur%C3%B0ssonar%20133%20g/53/HIGH_QUALITY_DISPLAY"/>
			<graphic mimeType="jpg" url="Safn%20J%C3%B3ns%20Sigur%C3%B0ssonar%20133%20g/53/THUMBNAIL" width="200px" height="245px"/>
			<graphic mimeType="jpg" url="Safn%20J%C3%B3ns%20Sigur%C3%B0ssonar%20133%20g/53/SECONDARY_DISPLAY" width="2330px" height="2856px"/>
			<graphic mimeType="pdf" url="Safn%20J%C3%B3ns%20Sigur%C3%B0ssonar%20133%20g/53/WEB_DISPLAY"/>
		</surface>
		<surface xml:id="JSSafn-0133g-0027r" n="54">
			<desc>0027r</desc>
			<graphic mimeType="pdf" url="Safn%20J%C3%B3ns%20Sigur%C3%B0ssonar%20133%20g/54/HIGH_QUALITY_DISPLAY"/>
			<graphic mimeType="jpg" url="Safn%20J%C3%B3ns%20Sigur%C3%B0ssonar%20133%20g/54/THUMBNAIL" width="200px" height="245px"/>
			<graphic mimeType="jpg" url="Safn%20J%C3%B3ns%20Sigur%C3%B0ssonar%20133%20g/54/SECONDARY_DISPLAY" width="2330px" height="2856px"/>
			<graphic mimeType="pdf" url="Safn%20J%C3%B3ns%20Sigur%C3%B0ssonar%20133%20g/54/WEB_DISPLAY"/>
		</surface>
		<surface xml:id="JSSafn-0133g-0027v" n="55">
			<desc>0027v</desc>
			<graphic mimeType="pdf" url="Safn%20J%C3%B3ns%20Sigur%C3%B0ssonar%20133%20g/55/HIGH_QUALITY_DISPLAY"/>
			<graphic mimeType="jpg" url="Safn%20J%C3%B3ns%20Sigur%C3%B0ssonar%20133%20g/55/THUMBNAIL" width="200px" height="245px"/>
			<graphic mimeType="jpg" url="Safn%20J%C3%B3ns%20Sigur%C3%B0ssonar%20133%20g/55/SECONDARY_DISPLAY" width="2330px" height="2856px"/>
			<graphic mimeType="pdf" url="Safn%20J%C3%B3ns%20Sigur%C3%B0ssonar%20133%20g/55/WEB_DISPLAY"/>
		</surface>
		<surface xml:id="JSSafn-0133g-0028r" n="56">
			<desc>0028r</desc>
			<graphic mimeType="pdf" url="Safn%20J%C3%B3ns%20Sigur%C3%B0ssonar%20133%20g/56/HIGH_QUALITY_DISPLAY"/>
			<graphic mimeType="jpg" url="Safn%20J%C3%B3ns%20Sigur%C3%B0ssonar%20133%20g/56/THUMBNAIL" width="200px" height="245px"/>
			<graphic mimeType="jpg" url="Safn%20J%C3%B3ns%20Sigur%C3%B0ssonar%20133%20g/56/SECONDARY_DISPLAY" width="2330px" height="2856px"/>
			<graphic mimeType="pdf" url="Safn%20J%C3%B3ns%20Sigur%C3%B0ssonar%20133%20g/56/WEB_DISPLAY"/>
		</surface>
		<surface xml:id="JSSafn-0133g-0028v" n="57">
			<desc>0028v</desc>
			<graphic mimeType="pdf" url="Safn%20J%C3%B3ns%20Sigur%C3%B0ssonar%20133%20g/57/HIGH_QUALITY_DISPLAY"/>
			<graphic mimeType="jpg" url="Safn%20J%C3%B3ns%20Sigur%C3%B0ssonar%20133%20g/57/THUMBNAIL" width="200px" height="245px"/>
			<graphic mimeType="jpg" url="Safn%20J%C3%B3ns%20Sigur%C3%B0ssonar%20133%20g/57/SECONDARY_DISPLAY" width="2330px" height="2856px"/>
			<graphic mimeType="pdf" url="Safn%20J%C3%B3ns%20Sigur%C3%B0ssonar%20133%20g/57/WEB_DISPLAY"/>
		</surface>
		<surface xml:id="JSSafn-0133g-0029r" n="58">
			<desc>0029r</desc>
			<graphic mimeType="pdf" url="Safn%20J%C3%B3ns%20Sigur%C3%B0ssonar%20133%20g/58/HIGH_QUALITY_DISPLAY"/>
			<graphic mimeType="jpg" url="Safn%20J%C3%B3ns%20Sigur%C3%B0ssonar%20133%20g/58/THUMBNAIL" width="200px" height="245px"/>
			<graphic mimeType="jpg" url="Safn%20J%C3%B3ns%20Sigur%C3%B0ssonar%20133%20g/58/SECONDARY_DISPLAY" width="2330px" height="2856px"/>
			<graphic mimeType="pdf" url="Safn%20J%C3%B3ns%20Sigur%C3%B0ssonar%20133%20g/58/WEB_DISPLAY"/>
		</surface>
		<surface xml:id="JSSafn-0133g-0029v" n="59">
			<desc>0029v</desc>
			<graphic mimeType="pdf" url="Safn%20J%C3%B3ns%20Sigur%C3%B0ssonar%20133%20g/59/HIGH_QUALITY_DISPLAY"/>
			<graphic mimeType="jpg" url="Safn%20J%C3%B3ns%20Sigur%C3%B0ssonar%20133%20g/59/THUMBNAIL" width="200px" height="245px"/>
			<graphic mimeType="jpg" url="Safn%20J%C3%B3ns%20Sigur%C3%B0ssonar%20133%20g/59/SECONDARY_DISPLAY" width="2330px" height="2856px"/>
			<graphic mimeType="pdf" url="Safn%20J%C3%B3ns%20Sigur%C3%B0ssonar%20133%20g/59/WEB_DISPLAY"/>
		</surface>
		<surface xml:id="JSSafn-0133g-0030r" n="60">
			<desc>0030r</desc>
			<graphic mimeType="pdf" url="Safn%20J%C3%B3ns%20Sigur%C3%B0ssonar%20133%20g/60/HIGH_QUALITY_DISPLAY"/>
			<graphic mimeType="jpg" url="Safn%20J%C3%B3ns%20Sigur%C3%B0ssonar%20133%20g/60/THUMBNAIL" width="200px" height="245px"/>
			<graphic mimeType="jpg" url="Safn%20J%C3%B3ns%20Sigur%C3%B0ssonar%20133%20g/60/SECONDARY_DISPLAY" width="2330px" height="2856px"/>
			<graphic mimeType="pdf" url="Safn%20J%C3%B3ns%20Sigur%C3%B0ssonar%20133%20g/60/WEB_DISPLAY"/>
		</surface>
		<surface xml:id="JSSafn-0133g-0030v" n="61">
			<desc>0030v</desc>
			<graphic mimeType="pdf" url="Safn%20J%C3%B3ns%20Sigur%C3%B0ssonar%20133%20g/61/HIGH_QUALITY_DISPLAY"/>
			<graphic mimeType="jpg" url="Safn%20J%C3%B3ns%20Sigur%C3%B0ssonar%20133%20g/61/THUMBNAIL" width="200px" height="245px"/>
			<graphic mimeType="jpg" url="Safn%20J%C3%B3ns%20Sigur%C3%B0ssonar%20133%20g/61/SECONDARY_DISPLAY" width="2330px" height="2856px"/>
			<graphic mimeType="pdf" url="Safn%20J%C3%B3ns%20Sigur%C3%B0ssonar%20133%20g/61/WEB_DISPLAY"/>
		</surface>
		<surface xml:id="JSSafn-0133g-0031r" n="62">
			<desc>0031r</desc>
			<graphic mimeType="pdf" url="Safn%20J%C3%B3ns%20Sigur%C3%B0ssonar%20133%20g/62/HIGH_QUALITY_DISPLAY"/>
			<graphic mimeType="jpg" url="Safn%20J%C3%B3ns%20Sigur%C3%B0ssonar%20133%20g/62/THUMBNAIL" width="200px" height="245px"/>
			<graphic mimeType="jpg" url="Safn%20J%C3%B3ns%20Sigur%C3%B0ssonar%20133%20g/62/SECONDARY_DISPLAY" width="2330px" height="2856px"/>
			<graphic mimeType="pdf" url="Safn%20J%C3%B3ns%20Sigur%C3%B0ssonar%20133%20g/62/WEB_DISPLAY"/>
		</surface>
		<surface xml:id="JSSafn-0133g-0031v" n="63">
			<desc>0031v</desc>
			<graphic mimeType="pdf" url="Safn%20J%C3%B3ns%20Sigur%C3%B0ssonar%20133%20g/63/HIGH_QUALITY_DISPLAY"/>
			<graphic mimeType="jpg" url="Safn%20J%C3%B3ns%20Sigur%C3%B0ssonar%20133%20g/63/THUMBNAIL" width="200px" height="245px"/>
			<graphic mimeType="jpg" url="Safn%20J%C3%B3ns%20Sigur%C3%B0ssonar%20133%20g/63/SECONDARY_DISPLAY" width="2330px" height="2856px"/>
			<graphic mimeType="pdf" url="Safn%20J%C3%B3ns%20Sigur%C3%B0ssonar%20133%20g/63/WEB_DISPLAY"/>
		</surface>
		<surface xml:id="JSSafn-0133g-0032r" n="64">
			<desc>0032r</desc>
			<graphic mimeType="pdf" url="Safn%20J%C3%B3ns%20Sigur%C3%B0ssonar%20133%20g/64/HIGH_QUALITY_DISPLAY"/>
			<graphic mimeType="jpg" url="Safn%20J%C3%B3ns%20Sigur%C3%B0ssonar%20133%20g/64/THUMBNAIL" width="200px" height="245px"/>
			<graphic mimeType="jpg" url="Safn%20J%C3%B3ns%20Sigur%C3%B0ssonar%20133%20g/64/SECONDARY_DISPLAY" width="2330px" height="2856px"/>
			<graphic mimeType="pdf" url="Safn%20J%C3%B3ns%20Sigur%C3%B0ssonar%20133%20g/64/WEB_DISPLAY"/>
		</surface>
		<surface xml:id="JSSafn-0133g-0032v" n="65">
			<desc>0032v</desc>
			<graphic mimeType="pdf" url="Safn%20J%C3%B3ns%20Sigur%C3%B0ssonar%20133%20g/65/HIGH_QUALITY_DISPLAY"/>
			<graphic mimeType="jpg" url="Safn%20J%C3%B3ns%20Sigur%C3%B0ssonar%20133%20g/65/THUMBNAIL" width="200px" height="245px"/>
			<graphic mimeType="jpg" url="Safn%20J%C3%B3ns%20Sigur%C3%B0ssonar%20133%20g/65/SECONDARY_DISPLAY" width="2330px" height="2856px"/>
			<graphic mimeType="pdf" url="Safn%20J%C3%B3ns%20Sigur%C3%B0ssonar%20133%20g/65/WEB_DISPLAY"/>
		</surface>
		<surface xml:id="JSSafn-0133g-0033r" n="66">
			<desc>0033r</desc>
			<graphic mimeType="pdf" url="Safn%20J%C3%B3ns%20Sigur%C3%B0ssonar%20133%20g/66/HIGH_QUALITY_DISPLAY"/>
			<graphic mimeType="jpg" url="Safn%20J%C3%B3ns%20Sigur%C3%B0ssonar%20133%20g/66/THUMBNAIL" width="200px" height="245px"/>
			<graphic mimeType="jpg" url="Safn%20J%C3%B3ns%20Sigur%C3%B0ssonar%20133%20g/66/SECONDARY_DISPLAY" width="2330px" height="2856px"/>
			<graphic mimeType="pdf" url="Safn%20J%C3%B3ns%20Sigur%C3%B0ssonar%20133%20g/66/WEB_DISPLAY"/>
		</surface>
		<surface xml:id="JSSafn-0133g-0033v" n="67">
			<desc>0033v</desc>
			<graphic mimeType="pdf" url="Safn%20J%C3%B3ns%20Sigur%C3%B0ssonar%20133%20g/67/HIGH_QUALITY_DISPLAY"/>
			<graphic mimeType="jpg" url="Safn%20J%C3%B3ns%20Sigur%C3%B0ssonar%20133%20g/67/THUMBNAIL" width="200px" height="245px"/>
			<graphic mimeType="jpg" url="Safn%20J%C3%B3ns%20Sigur%C3%B0ssonar%20133%20g/67/SECONDARY_DISPLAY" width="2330px" height="2856px"/>
			<graphic mimeType="pdf" url="Safn%20J%C3%B3ns%20Sigur%C3%B0ssonar%20133%20g/67/WEB_DISPLAY"/>
		</surface>
		<surface xml:id="JSSafn-0133g-0034r" n="68">
			<desc>0034r</desc>
			<graphic mimeType="pdf" url="Safn%20J%C3%B3ns%20Sigur%C3%B0ssonar%20133%20g/68/HIGH_QUALITY_DISPLAY"/>
			<graphic mimeType="jpg" url="Safn%20J%C3%B3ns%20Sigur%C3%B0ssonar%20133%20g/68/THUMBNAIL" width="200px" height="245px"/>
			<graphic mimeType="jpg" url="Safn%20J%C3%B3ns%20Sigur%C3%B0ssonar%20133%20g/68/SECONDARY_DISPLAY" width="2330px" height="2856px"/>
			<graphic mimeType="pdf" url="Safn%20J%C3%B3ns%20Sigur%C3%B0ssonar%20133%20g/68/WEB_DISPLAY"/>
		</surface>
		<surface xml:id="JSSafn-0133g-0034v" n="69">
			<desc>0034v</desc>
			<graphic mimeType="pdf" url="Safn%20J%C3%B3ns%20Sigur%C3%B0ssonar%20133%20g/69/HIGH_QUALITY_DISPLAY"/>
			<graphic mimeType="jpg" url="Safn%20J%C3%B3ns%20Sigur%C3%B0ssonar%20133%20g/69/THUMBNAIL" width="200px" height="245px"/>
			<graphic mimeType="jpg" url="Safn%20J%C3%B3ns%20Sigur%C3%B0ssonar%20133%20g/69/SECONDARY_DISPLAY" width="2330px" height="2856px"/>
			<graphic mimeType="pdf" url="Safn%20J%C3%B3ns%20Sigur%C3%B0ssonar%20133%20g/69/WEB_DISPLAY"/>
		</surface>
		<surface xml:id="JSSafn-0133g-0035r" n="70">
			<desc>0035r</desc>
			<graphic mimeType="pdf" url="Safn%20J%C3%B3ns%20Sigur%C3%B0ssonar%20133%20g/70/HIGH_QUALITY_DISPLAY"/>
			<graphic mimeType="jpg" url="Safn%20J%C3%B3ns%20Sigur%C3%B0ssonar%20133%20g/70/THUMBNAIL" width="200px" height="245px"/>
			<graphic mimeType="jpg" url="Safn%20J%C3%B3ns%20Sigur%C3%B0ssonar%20133%20g/70/SECONDARY_DISPLAY" width="2330px" height="2856px"/>
			<graphic mimeType="pdf" url="Safn%20J%C3%B3ns%20Sigur%C3%B0ssonar%20133%20g/70/WEB_DISPLAY"/>
		</surface>
		<surface xml:id="JSSafn-0133g-0035v" n="71">
			<desc>0035v</desc>
			<graphic mimeType="pdf" url="Safn%20J%C3%B3ns%20Sigur%C3%B0ssonar%20133%20g/71/HIGH_QUALITY_DISPLAY"/>
			<graphic mimeType="jpg" url="Safn%20J%C3%B3ns%20Sigur%C3%B0ssonar%20133%20g/71/THUMBNAIL" width="200px" height="245px"/>
			<graphic mimeType="jpg" url="Safn%20J%C3%B3ns%20Sigur%C3%B0ssonar%20133%20g/71/SECONDARY_DISPLAY" width="2330px" height="2856px"/>
			<graphic mimeType="pdf" url="Safn%20J%C3%B3ns%20Sigur%C3%B0ssonar%20133%20g/71/WEB_DISPLAY"/>
		</surface>
		<surface xml:id="JSSafn-0133g-0036r" n="72">
			<desc>0036r</desc>
			<graphic mimeType="pdf" url="Safn%20J%C3%B3ns%20Sigur%C3%B0ssonar%20133%20g/72/HIGH_QUALITY_DISPLAY"/>
			<graphic mimeType="jpg" url="Safn%20J%C3%B3ns%20Sigur%C3%B0ssonar%20133%20g/72/THUMBNAIL" width="200px" height="245px"/>
			<graphic mimeType="jpg" url="Safn%20J%C3%B3ns%20Sigur%C3%B0ssonar%20133%20g/72/SECONDARY_DISPLAY" width="2330px" height="2856px"/>
			<graphic mimeType="pdf" url="Safn%20J%C3%B3ns%20Sigur%C3%B0ssonar%20133%20g/72/WEB_DISPLAY"/>
		</surface>
		<surface xml:id="JSSafn-0133g-0036v" n="73">
			<desc>0036v</desc>
			<graphic mimeType="pdf" url="Safn%20J%C3%B3ns%20Sigur%C3%B0ssonar%20133%20g/73/HIGH_QUALITY_DISPLAY"/>
			<graphic mimeType="jpg" url="Safn%20J%C3%B3ns%20Sigur%C3%B0ssonar%20133%20g/73/THUMBNAIL" width="200px" height="245px"/>
			<graphic mimeType="jpg" url="Safn%20J%C3%B3ns%20Sigur%C3%B0ssonar%20133%20g/73/SECONDARY_DISPLAY" width="2330px" height="2856px"/>
			<graphic mimeType="pdf" url="Safn%20J%C3%B3ns%20Sigur%C3%B0ssonar%20133%20g/73/WEB_DISPLAY"/>
		</surface>
		<surface xml:id="JSSafn-0133g-0037r" n="74">
			<desc>0037r</desc>
			<graphic mimeType="pdf" url="Safn%20J%C3%B3ns%20Sigur%C3%B0ssonar%20133%20g/74/HIGH_QUALITY_DISPLAY"/>
			<graphic mimeType="jpg" url="Safn%20J%C3%B3ns%20Sigur%C3%B0ssonar%20133%20g/74/THUMBNAIL" width="200px" height="245px"/>
			<graphic mimeType="jpg" url="Safn%20J%C3%B3ns%20Sigur%C3%B0ssonar%20133%20g/74/SECONDARY_DISPLAY" width="2330px" height="2856px"/>
			<graphic mimeType="pdf" url="Safn%20J%C3%B3ns%20Sigur%C3%B0ssonar%20133%20g/74/WEB_DISPLAY"/>
		</surface>
		<surface xml:id="JSSafn-0133g-0037v" n="75">
			<desc>0037v</desc>
			<graphic mimeType="pdf" url="Safn%20J%C3%B3ns%20Sigur%C3%B0ssonar%20133%20g/75/HIGH_QUALITY_DISPLAY"/>
			<graphic mimeType="jpg" url="Safn%20J%C3%B3ns%20Sigur%C3%B0ssonar%20133%20g/75/THUMBNAIL" width="200px" height="245px"/>
			<graphic mimeType="jpg" url="Safn%20J%C3%B3ns%20Sigur%C3%B0ssonar%20133%20g/75/SECONDARY_DISPLAY" width="2330px" height="2856px"/>
			<graphic mimeType="pdf" url="Safn%20J%C3%B3ns%20Sigur%C3%B0ssonar%20133%20g/75/WEB_DISPLAY"/>
		</surface>
		<surface xml:id="JSSafn-0133g-0038r" n="76">
			<desc>0038r</desc>
			<graphic mimeType="pdf" url="Safn%20J%C3%B3ns%20Sigur%C3%B0ssonar%20133%20g/76/HIGH_QUALITY_DISPLAY"/>
			<graphic mimeType="jpg" url="Safn%20J%C3%B3ns%20Sigur%C3%B0ssonar%20133%20g/76/THUMBNAIL" width="200px" height="245px"/>
			<graphic mimeType="jpg" url="Safn%20J%C3%B3ns%20Sigur%C3%B0ssonar%20133%20g/76/SECONDARY_DISPLAY" width="2330px" height="2856px"/>
			<graphic mimeType="pdf" url="Safn%20J%C3%B3ns%20Sigur%C3%B0ssonar%20133%20g/76/WEB_DISPLAY"/>
		</surface>
		<surface xml:id="JSSafn-0133g-0038v" n="77">
			<desc>0038v</desc>
			<graphic mimeType="pdf" url="Safn%20J%C3%B3ns%20Sigur%C3%B0ssonar%20133%20g/77/HIGH_QUALITY_DISPLAY"/>
			<graphic mimeType="jpg" url="Safn%20J%C3%B3ns%20Sigur%C3%B0ssonar%20133%20g/77/THUMBNAIL" width="200px" height="245px"/>
			<graphic mimeType="jpg" url="Safn%20J%C3%B3ns%20Sigur%C3%B0ssonar%20133%20g/77/SECONDARY_DISPLAY" width="2330px" height="2856px"/>
			<graphic mimeType="pdf" url="Safn%20J%C3%B3ns%20Sigur%C3%B0ssonar%20133%20g/77/WEB_DISPLAY"/>
		</surface>
		<surface xml:id="JSSafn-0133g-0039r" n="78">
			<desc>0039r</desc>
			<graphic mimeType="pdf" url="Safn%20J%C3%B3ns%20Sigur%C3%B0ssonar%20133%20g/78/HIGH_QUALITY_DISPLAY"/>
			<graphic mimeType="jpg" url="Safn%20J%C3%B3ns%20Sigur%C3%B0ssonar%20133%20g/78/THUMBNAIL" width="200px" height="245px"/>
			<graphic mimeType="jpg" url="Safn%20J%C3%B3ns%20Sigur%C3%B0ssonar%20133%20g/78/SECONDARY_DISPLAY" width="2330px" height="2856px"/>
			<graphic mimeType="pdf" url="Safn%20J%C3%B3ns%20Sigur%C3%B0ssonar%20133%20g/78/WEB_DISPLAY"/>
		</surface>
		<surface xml:id="JSSafn-0133g-0039v" n="79">
			<desc>0039v</desc>
			<graphic mimeType="pdf" url="Safn%20J%C3%B3ns%20Sigur%C3%B0ssonar%20133%20g/79/HIGH_QUALITY_DISPLAY"/>
			<graphic mimeType="jpg" url="Safn%20J%C3%B3ns%20Sigur%C3%B0ssonar%20133%20g/79/THUMBNAIL" width="200px" height="245px"/>
			<graphic mimeType="jpg" url="Safn%20J%C3%B3ns%20Sigur%C3%B0ssonar%20133%20g/79/SECONDARY_DISPLAY" width="2330px" height="2856px"/>
			<graphic mimeType="pdf" url="Safn%20J%C3%B3ns%20Sigur%C3%B0ssonar%20133%20g/79/WEB_DISPLAY"/>
		</surface>
		<surface xml:id="JSSafn-0133g-0040r" n="80">
			<desc>0040r</desc>
			<graphic mimeType="pdf" url="Safn%20J%C3%B3ns%20Sigur%C3%B0ssonar%20133%20g/80/HIGH_QUALITY_DISPLAY"/>
			<graphic mimeType="jpg" url="Safn%20J%C3%B3ns%20Sigur%C3%B0ssonar%20133%20g/80/THUMBNAIL" width="200px" height="245px"/>
			<graphic mimeType="jpg" url="Safn%20J%C3%B3ns%20Sigur%C3%B0ssonar%20133%20g/80/SECONDARY_DISPLAY" width="2330px" height="2856px"/>
			<graphic mimeType="pdf" url="Safn%20J%C3%B3ns%20Sigur%C3%B0ssonar%20133%20g/80/WEB_DISPLAY"/>
		</surface>
		<surface xml:id="JSSafn-0133g-0040v" n="81">
			<desc>0040v</desc>
			<graphic mimeType="pdf" url="Safn%20J%C3%B3ns%20Sigur%C3%B0ssonar%20133%20g/81/HIGH_QUALITY_DISPLAY"/>
			<graphic mimeType="jpg" url="Safn%20J%C3%B3ns%20Sigur%C3%B0ssonar%20133%20g/81/THUMBNAIL" width="200px" height="245px"/>
			<graphic mimeType="jpg" url="Safn%20J%C3%B3ns%20Sigur%C3%B0ssonar%20133%20g/81/SECONDARY_DISPLAY" width="2330px" height="2856px"/>
			<graphic mimeType="pdf" url="Safn%20J%C3%B3ns%20Sigur%C3%B0ssonar%20133%20g/81/WEB_DISPLAY"/>
		</surface>
		<surface xml:id="JSSafn-0133g-0041r" n="82">
			<desc>0041r</desc>
			<graphic mimeType="pdf" url="Safn%20J%C3%B3ns%20Sigur%C3%B0ssonar%20133%20g/82/HIGH_QUALITY_DISPLAY"/>
			<graphic mimeType="jpg" url="Safn%20J%C3%B3ns%20Sigur%C3%B0ssonar%20133%20g/82/THUMBNAIL" width="200px" height="245px"/>
			<graphic mimeType="jpg" url="Safn%20J%C3%B3ns%20Sigur%C3%B0ssonar%20133%20g/82/SECONDARY_DISPLAY" width="2330px" height="2856px"/>
			<graphic mimeType="pdf" url="Safn%20J%C3%B3ns%20Sigur%C3%B0ssonar%20133%20g/82/WEB_DISPLAY"/>
		</surface>
		<surface xml:id="JSSafn-0133g-0041v" n="83">
			<desc>0041v</desc>
			<graphic mimeType="pdf" url="Safn%20J%C3%B3ns%20Sigur%C3%B0ssonar%20133%20g/83/HIGH_QUALITY_DISPLAY"/>
			<graphic mimeType="jpg" url="Safn%20J%C3%B3ns%20Sigur%C3%B0ssonar%20133%20g/83/THUMBNAIL" width="200px" height="245px"/>
			<graphic mimeType="jpg" url="Safn%20J%C3%B3ns%20Sigur%C3%B0ssonar%20133%20g/83/SECONDARY_DISPLAY" width="2330px" height="2856px"/>
			<graphic mimeType="pdf" url="Safn%20J%C3%B3ns%20Sigur%C3%B0ssonar%20133%20g/83/WEB_DISPLAY"/>
		</surface>
		<surface xml:id="JSSafn-0133g-0042r" n="84">
			<desc>0042r</desc>
			<graphic mimeType="pdf" url="Safn%20J%C3%B3ns%20Sigur%C3%B0ssonar%20133%20g/84/HIGH_QUALITY_DISPLAY"/>
			<graphic mimeType="jpg" url="Safn%20J%C3%B3ns%20Sigur%C3%B0ssonar%20133%20g/84/THUMBNAIL" width="200px" height="245px"/>
			<graphic mimeType="jpg" url="Safn%20J%C3%B3ns%20Sigur%C3%B0ssonar%20133%20g/84/SECONDARY_DISPLAY" width="2330px" height="2856px"/>
			<graphic mimeType="pdf" url="Safn%20J%C3%B3ns%20Sigur%C3%B0ssonar%20133%20g/84/WEB_DISPLAY"/>
		</surface>
		<surface xml:id="JSSafn-0133g-0042v" n="85">
			<desc>0042v</desc>
			<graphic mimeType="pdf" url="Safn%20J%C3%B3ns%20Sigur%C3%B0ssonar%20133%20g/85/HIGH_QUALITY_DISPLAY"/>
			<graphic mimeType="jpg" url="Safn%20J%C3%B3ns%20Sigur%C3%B0ssonar%20133%20g/85/THUMBNAIL" width="200px" height="245px"/>
			<graphic mimeType="jpg" url="Safn%20J%C3%B3ns%20Sigur%C3%B0ssonar%20133%20g/85/SECONDARY_DISPLAY" width="2330px" height="2856px"/>
			<graphic mimeType="pdf" url="Safn%20J%C3%B3ns%20Sigur%C3%B0ssonar%20133%20g/85/WEB_DISPLAY"/>
		</surface>
		<surface xml:id="JSSafn-0133g-0043r" n="86">
			<desc>0043r</desc>
			<graphic mimeType="pdf" url="Safn%20J%C3%B3ns%20Sigur%C3%B0ssonar%20133%20g/86/HIGH_QUALITY_DISPLAY"/>
			<graphic mimeType="jpg" url="Safn%20J%C3%B3ns%20Sigur%C3%B0ssonar%20133%20g/86/THUMBNAIL" width="200px" height="245px"/>
			<graphic mimeType="jpg" url="Safn%20J%C3%B3ns%20Sigur%C3%B0ssonar%20133%20g/86/SECONDARY_DISPLAY" width="2330px" height="2856px"/>
			<graphic mimeType="pdf" url="Safn%20J%C3%B3ns%20Sigur%C3%B0ssonar%20133%20g/86/WEB_DISPLAY"/>
		</surface>
		<surface xml:id="JSSafn-0133g-0043v" n="87">
			<desc>0043v</desc>
			<graphic mimeType="pdf" url="Safn%20J%C3%B3ns%20Sigur%C3%B0ssonar%20133%20g/87/HIGH_QUALITY_DISPLAY"/>
			<graphic mimeType="jpg" url="Safn%20J%C3%B3ns%20Sigur%C3%B0ssonar%20133%20g/87/THUMBNAIL" width="200px" height="245px"/>
			<graphic mimeType="jpg" url="Safn%20J%C3%B3ns%20Sigur%C3%B0ssonar%20133%20g/87/SECONDARY_DISPLAY" width="2330px" height="2856px"/>
			<graphic mimeType="pdf" url="Safn%20J%C3%B3ns%20Sigur%C3%B0ssonar%20133%20g/87/WEB_DISPLAY"/>
		</surface>
		<surface xml:id="JSSafn-0133g-0044r" n="88">
			<desc>0044r</desc>
			<graphic mimeType="pdf" url="Safn%20J%C3%B3ns%20Sigur%C3%B0ssonar%20133%20g/88/HIGH_QUALITY_DISPLAY"/>
			<graphic mimeType="jpg" url="Safn%20J%C3%B3ns%20Sigur%C3%B0ssonar%20133%20g/88/THUMBNAIL" width="200px" height="245px"/>
			<graphic mimeType="jpg" url="Safn%20J%C3%B3ns%20Sigur%C3%B0ssonar%20133%20g/88/SECONDARY_DISPLAY" width="2330px" height="2856px"/>
			<graphic mimeType="pdf" url="Safn%20J%C3%B3ns%20Sigur%C3%B0ssonar%20133%20g/88/WEB_DISPLAY"/>
		</surface>
		<surface xml:id="JSSafn-0133g-0044v" n="89">
			<desc>0044v</desc>
			<graphic mimeType="pdf" url="Safn%20J%C3%B3ns%20Sigur%C3%B0ssonar%20133%20g/89/HIGH_QUALITY_DISPLAY"/>
			<graphic mimeType="jpg" url="Safn%20J%C3%B3ns%20Sigur%C3%B0ssonar%20133%20g/89/THUMBNAIL" width="200px" height="245px"/>
			<graphic mimeType="jpg" url="Safn%20J%C3%B3ns%20Sigur%C3%B0ssonar%20133%20g/89/SECONDARY_DISPLAY" width="2330px" height="2856px"/>
			<graphic mimeType="pdf" url="Safn%20J%C3%B3ns%20Sigur%C3%B0ssonar%20133%20g/89/WEB_DISPLAY"/>
		</surface>
		<surface xml:id="JSSafn-0133g-0045r" n="90">
			<desc>0045r</desc>
			<graphic mimeType="pdf" url="Safn%20J%C3%B3ns%20Sigur%C3%B0ssonar%20133%20g/90/HIGH_QUALITY_DISPLAY"/>
			<graphic mimeType="jpg" url="Safn%20J%C3%B3ns%20Sigur%C3%B0ssonar%20133%20g/90/THUMBNAIL" width="200px" height="245px"/>
			<graphic mimeType="jpg" url="Safn%20J%C3%B3ns%20Sigur%C3%B0ssonar%20133%20g/90/SECONDARY_DISPLAY" width="2330px" height="2856px"/>
			<graphic mimeType="pdf" url="Safn%20J%C3%B3ns%20Sigur%C3%B0ssonar%20133%20g/90/WEB_DISPLAY"/>
		</surface>
		<surface xml:id="JSSafn-0133g-0045v" n="91">
			<desc>0045v</desc>
			<graphic mimeType="pdf" url="Safn%20J%C3%B3ns%20Sigur%C3%B0ssonar%20133%20g/91/HIGH_QUALITY_DISPLAY"/>
			<graphic mimeType="jpg" url="Safn%20J%C3%B3ns%20Sigur%C3%B0ssonar%20133%20g/91/THUMBNAIL" width="200px" height="245px"/>
			<graphic mimeType="jpg" url="Safn%20J%C3%B3ns%20Sigur%C3%B0ssonar%20133%20g/91/SECONDARY_DISPLAY" width="2330px" height="2856px"/>
			<graphic mimeType="pdf" url="Safn%20J%C3%B3ns%20Sigur%C3%B0ssonar%20133%20g/91/WEB_DISPLAY"/>
		</surface>
		<surface xml:id="JSSafn-0133g-0046r" n="92">
			<desc>0046r</desc>
			<graphic mimeType="pdf" url="Safn%20J%C3%B3ns%20Sigur%C3%B0ssonar%20133%20g/92/HIGH_QUALITY_DISPLAY"/>
			<graphic mimeType="jpg" url="Safn%20J%C3%B3ns%20Sigur%C3%B0ssonar%20133%20g/92/THUMBNAIL" width="200px" height="245px"/>
			<graphic mimeType="jpg" url="Safn%20J%C3%B3ns%20Sigur%C3%B0ssonar%20133%20g/92/SECONDARY_DISPLAY" width="2330px" height="2856px"/>
			<graphic mimeType="pdf" url="Safn%20J%C3%B3ns%20Sigur%C3%B0ssonar%20133%20g/92/WEB_DISPLAY"/>
		</surface>
		<surface xml:id="JSSafn-0133g-0046v" n="93">
			<desc>0046v</desc>
			<graphic mimeType="pdf" url="Safn%20J%C3%B3ns%20Sigur%C3%B0ssonar%20133%20g/93/HIGH_QUALITY_DISPLAY"/>
			<graphic mimeType="jpg" url="Safn%20J%C3%B3ns%20Sigur%C3%B0ssonar%20133%20g/93/THUMBNAIL" width="200px" height="245px"/>
			<graphic mimeType="jpg" url="Safn%20J%C3%B3ns%20Sigur%C3%B0ssonar%20133%20g/93/SECONDARY_DISPLAY" width="2330px" height="2856px"/>
			<graphic mimeType="pdf" url="Safn%20J%C3%B3ns%20Sigur%C3%B0ssonar%20133%20g/93/WEB_DISPLAY"/>
		</surface>
		<surface xml:id="JSSafn-0133g-9999r-RB" n="94">
			<desc>9999r-RB</desc>
			<graphic mimeType="pdf" url="Safn%20J%C3%B3ns%20Sigur%C3%B0ssonar%20133%20g/94/HIGH_QUALITY_DISPLAY"/>
			<graphic mimeType="jpg" url="Safn%20J%C3%B3ns%20Sigur%C3%B0ssonar%20133%20g/94/THUMBNAIL" width="200px" height="245px"/>
			<graphic mimeType="jpg" url="Safn%20J%C3%B3ns%20Sigur%C3%B0ssonar%20133%20g/94/SECONDARY_DISPLAY" width="2330px" height="2856px"/>
			<graphic mimeType="pdf" url="Safn%20J%C3%B3ns%20Sigur%C3%B0ssonar%20133%20g/94/WEB_DISPLAY"/>
		</surface>
		<surface xml:id="JSSafn-0133g-9999v-RB" n="95">
			<desc>9999v-RB</desc>
			<graphic mimeType="pdf" url="Safn%20J%C3%B3ns%20Sigur%C3%B0ssonar%20133%20g/95/HIGH_QUALITY_DISPLAY"/>
			<graphic mimeType="jpg" url="Safn%20J%C3%B3ns%20Sigur%C3%B0ssonar%20133%20g/95/THUMBNAIL" width="200px" height="227px"/>
			<graphic mimeType="jpg" url="Safn%20J%C3%B3ns%20Sigur%C3%B0ssonar%20133%20g/95/SECONDARY_DISPLAY" width="2520px" height="2856px"/>
			<graphic mimeType="pdf" url="Safn%20J%C3%B3ns%20Sigur%C3%B0ssonar%20133%20g/95/WEB_DISPLAY"/>
		</surface>
		<surface xml:id="JSSafn-0133g-accMat01r" n="96">
			<desc>accMat01r</desc>
			<graphic mimeType="pdf" url="Safn%20J%C3%B3ns%20Sigur%C3%B0ssonar%20133%20g/96/HIGH_QUALITY_DISPLAY"/>
			<graphic mimeType="jpg" url="Safn%20J%C3%B3ns%20Sigur%C3%B0ssonar%20133%20g/96/THUMBNAIL" width="200px" height="284px"/>
			<graphic mimeType="jpg" url="Safn%20J%C3%B3ns%20Sigur%C3%B0ssonar%20133%20g/96/SECONDARY_DISPLAY" width="1064px" height="1512px"/>
			<graphic mimeType="pdf" url="Safn%20J%C3%B3ns%20Sigur%C3%B0ssonar%20133%20g/96/WEB_DISPLAY"/>
		</surface>
		<surface xml:id="JSSafn-0133g-accMat01v" n="97">
			<desc>accMat01v</desc>
			<graphic mimeType="pdf" url="Safn%20J%C3%B3ns%20Sigur%C3%B0ssonar%20133%20g/97/HIGH_QUALITY_DISPLAY"/>
			<graphic mimeType="jpg" url="Safn%20J%C3%B3ns%20Sigur%C3%B0ssonar%20133%20g/97/THUMBNAIL" width="200px" height="292px"/>
			<graphic mimeType="jpg" url="Safn%20J%C3%B3ns%20Sigur%C3%B0ssonar%20133%20g/97/SECONDARY_DISPLAY" width="1029px" height="1500px"/>
			<graphic mimeType="pdf" url="Safn%20J%C3%B3ns%20Sigur%C3%B0ssonar%20133%20g/97/WEB_DISPLAY"/>
		</surface>
		<surface xml:id="JSSafn-0133g-accMat02r" n="98">
			<desc>accMat02r</desc>
			<graphic mimeType="pdf" url="Safn%20J%C3%B3ns%20Sigur%C3%B0ssonar%20133%20g/98/HIGH_QUALITY_DISPLAY"/>
			<graphic mimeType="jpg" url="Safn%20J%C3%B3ns%20Sigur%C3%B0ssonar%20133%20g/98/THUMBNAIL" width="200px" height="292px"/>
			<graphic mimeType="jpg" url="Safn%20J%C3%B3ns%20Sigur%C3%B0ssonar%20133%20g/98/SECONDARY_DISPLAY" width="1029px" height="1500px"/>
			<graphic mimeType="pdf" url="Safn%20J%C3%B3ns%20Sigur%C3%B0ssonar%20133%20g/98/WEB_DISPLAY"/>
		</surface>
		<surface xml:id="JSSafn-0133g-accMat02v" n="99">
			<desc>accMat02v</desc>
			<graphic mimeType="pdf" url="Safn%20J%C3%B3ns%20Sigur%C3%B0ssonar%20133%20g/99/HIGH_QUALITY_DISPLAY"/>
			<graphic mimeType="jpg" url="Safn%20J%C3%B3ns%20Sigur%C3%B0ssonar%20133%20g/99/THUMBNAIL" width="200px" height="289px"/>
			<graphic mimeType="jpg" url="Safn%20J%C3%B3ns%20Sigur%C3%B0ssonar%20133%20g/99/SECONDARY_DISPLAY" width="1116px" height="1612px"/>
			<graphic mimeType="pdf" url="Safn%20J%C3%B3ns%20Sigur%C3%B0ssonar%20133%20g/99/WEB_DISPLAY"/>
		</surface>
		<surface xml:id="JSSafn-0133g-Spine" n="100">
			<desc>Spine</desc>
			<graphic mimeType="pdf" url="Safn%20J%C3%B3ns%20Sigur%C3%B0ssonar%20133%20g/100/HIGH_QUALITY_DISPLAY"/>
			<graphic mimeType="jpg" url="Safn%20J%C3%B3ns%20Sigur%C3%B0ssonar%20133%20g/100/THUMBNAIL" width="37px" height="300px"/>
			<graphic mimeType="jpg" url="Safn%20J%C3%B3ns%20Sigur%C3%B0ssonar%20133%20g/100/SECONDARY_DISPLAY" width="369px" height="3008px"/>
			<graphic mimeType="pdf" url="Safn%20J%C3%B3ns%20Sigur%C3%B0ssonar%20133%20g/100/WEB_DISPLAY"/>
		</surface>
		<surface xml:id="JSSafn-0133g-Fore-Edge" n="101">
			<desc>Fore-Edge</desc>
			<graphic mimeType="pdf" url="Safn%20J%C3%B3ns%20Sigur%C3%B0ssonar%20133%20g/101/HIGH_QUALITY_DISPLAY"/>
			<graphic mimeType="jpg" url="Safn%20J%C3%B3ns%20Sigur%C3%B0ssonar%20133%20g/101/THUMBNAIL" width="57px" height="300px"/>
			<graphic mimeType="jpg" url="Safn%20J%C3%B3ns%20Sigur%C3%B0ssonar%20133%20g/101/SECONDARY_DISPLAY" width="545px" height="2888px"/>
			<graphic mimeType="pdf" url="Safn%20J%C3%B3ns%20Sigur%C3%B0ssonar%20133%20g/101/WEB_DISPLAY"/>
		</surface>
		<surface xml:id="JSSafn-0133g-Head-Edge" n="102">
			<desc>Head-Edge</desc>
			<graphic mimeType="pdf" url="Safn%20J%C3%B3ns%20Sigur%C3%B0ssonar%20133%20g/102/HIGH_QUALITY_DISPLAY"/>
			<graphic mimeType="jpg" url="Safn%20J%C3%B3ns%20Sigur%C3%B0ssonar%20133%20g/102/THUMBNAIL" width="50px" height="300px"/>
			<graphic mimeType="jpg" url="Safn%20J%C3%B3ns%20Sigur%C3%B0ssonar%20133%20g/102/SECONDARY_DISPLAY" width="425px" height="2536px"/>
			<graphic mimeType="pdf" url="Safn%20J%C3%B3ns%20Sigur%C3%B0ssonar%20133%20g/102/WEB_DISPLAY"/>
		</surface>
		<surface xml:id="JSSafn-0133g-Tail-Edge" n="103">
			<desc>Tail-Edge</desc>
			<graphic mimeType="pdf" url="Safn%20J%C3%B3ns%20Sigur%C3%B0ssonar%20133%20g/103/HIGH_QUALITY_DISPLAY"/>
			<graphic mimeType="jpg" url="Safn%20J%C3%B3ns%20Sigur%C3%B0ssonar%20133%20g/103/THUMBNAIL" width="45px" height="300px"/>
			<graphic mimeType="jpg" url="Safn%20J%C3%B3ns%20Sigur%C3%B0ssonar%20133%20g/103/SECONDARY_DISPLAY" width="385px" height="2568px"/>
			<graphic mimeType="pdf" url="Safn%20J%C3%B3ns%20Sigur%C3%B0ssonar%20133%20g/103/WEB_DISPLAY"/>
		</surface>
		<surface xml:id="JSSafn-0133g-Scale" n="104">
			<desc>Scale</desc>
			<graphic mimeType="pdf" url="Safn%20J%C3%B3ns%20Sigur%C3%B0ssonar%20133%20g/104/HIGH_QUALITY_DISPLAY"/>
			<graphic mimeType="jpg" url="Safn%20J%C3%B3ns%20Sigur%C3%B0ssonar%20133%20g/104/THUMBNAIL" width="200px" height="245px"/>
			<graphic mimeType="jpg" url="Safn%20J%C3%B3ns%20Sigur%C3%B0ssonar%20133%20g/104/SECONDARY_DISPLAY" width="2248px" height="2752px"/>
			<graphic mimeType="pdf" url="Safn%20J%C3%B3ns%20Sigur%C3%B0ssonar%20133%20g/104/WEB_DISPLAY"/>
		</surface>
		<surface xml:id="JSSafn-0133g-ccp" n="105">
			<desc>ccp</desc>
			<graphic mimeType="pdf" url="Safn%20J%C3%B3ns%20Sigur%C3%B0ssonar%20133%20g/105/HIGH_QUALITY_DISPLAY"/>
			<graphic mimeType="jpg" url="Safn%20J%C3%B3ns%20Sigur%C3%B0ssonar%20133%20g/105/THUMBNAIL" width="200px" height="147px"/>
			<graphic mimeType="jpg" url="Safn%20J%C3%B3ns%20Sigur%C3%B0ssonar%20133%20g/105/SECONDARY_DISPLAY" width="4608px" height="3384px"/>
			<graphic mimeType="pdf" url="Safn%20J%C3%B3ns%20Sigur%C3%B0ssonar%20133%20g/105/WEB_DISPLAY"/>
		</surface>
	</facsimile>
</TEI>