<?xml version="1.0" encoding="UTF-8"?>
<?oxygen RNGSchema="http://www.handrit.is/schema/handrit-1.0.rnc" type="compact"?>
<TEI xmlns="http://www.tei-c.org/ns/1.0">
	<teiHeader>
		<fileDesc>
			<titleStmt>
				<title type="main">Skjöl Jóns Sigurðssonar á Þjóðminjasafni</title>
			</titleStmt>
			<publicationStmt>
				<authority>Landsbókasafn Íslands - Háskólabókasafn</authority>
				<pubPlace>Reykjavík</pubPlace>
				<date when="2011-02-14">14. febrúar 2011</date>
				<availability status="restricted">
					<p>Aðgangur aðeins mögulegur í fræðilegum tilgangi.</p>
				</availability>
			</publicationStmt>
			<sourceDesc>
				<msDesc xml:id="JSSafn-0133f-is" xml:lang="is">
					<msIdentifier>
						<country key="IS">Ísland</country>
						<settlement>Reykjavík</settlement>
						<institution>Þjóðminjasafn Íslands</institution>
						<repository>Safn Jóns Sigurðssonar</repository>
						<idno>Safn Jóns Sigurðssonar 133 f</idno>
						<altIdentifier type="internal">
							<idno>133 f</idno>
						</altIdentifier>
					</msIdentifier>
					<msContents>
						<textLang mainLang="is">Íslenska</textLang>
						<msItem n="1" defective="false" class="heimil glosu">
							<locus from="1r" facs="#JSSafn-0133f-0001r" to="46v">1r-46v</locus>
							<title type="supplied">Reikningsbók Jóns Sigurðssonar 1870</title>
							<respStmt>
								<resp key="col"/>
								<name type="person" key="JonSig004"> Jón Sigurðsson</name>
							</respStmt>
							<note/>
						</msItem>
					</msContents>
					<physDesc>
						<objectDesc form="codex">
							<supportDesc material="chart">
								<support>
									<p>Pappír.</p>
								</support>
								<extent>46 blöð (<dimensions scope="all" type="leaf" unit="mm">
									<height n="220">220</height>
									<width n="118">118</width>
								</dimensions>). Auð blöð: 1r, 2v, 18v, 20v, 22v, 37r, 38r, 45v og 46r.</extent>
							</supportDesc>
						</objectDesc>
						<handDesc hands="1">
							<summary>Ein hönd; Skrifari:</summary>
							<handNote scope="major" script="humcursiva" scribe="JonSig004"><name type="person" key="JonSig004">Jón Sigurðsson</name>.</handNote>
						</handDesc>
					</physDesc>
					<history>
							<origin><origPlace key="da">Danmörk</origPlace>, <origDate cert="high" from="1870" to="1871">1870-1871.</origDate>
							</origin>
					</history>
					<additional>
						<adminInfo>
							<recordHist>
								<source>
									<p><name type="person" key="SigJor001">Sigríður Hjördís
											Jörundsdóttir</name> skráði fyrir myndatöku, <date when="2011-03-25">25. mars
										2011</date>
									</p>
								</source>
							</recordHist>
							<custodialHist>
								<custEvent type="check">
									<p>Athugað fyrir myndatöku <date when="2011-03-15">15. mars
										2011</date>.</p>
								</custEvent>
								<custEvent type="photography">
									<p>Myndað í <date when="2011-03">mars 2011</date>.</p>
								</custEvent>
							</custodialHist>
						</adminInfo>
						<surrogates>
							<p>Myndað fyrir handritavef í <date when="2011-03">mars 2011</date>.</p>
						</surrogates>
					</additional>
				</msDesc>
			</sourceDesc>
		</fileDesc>
	</teiHeader>
	<facsimile xml:base="https://myndir.handrit.is/file/Handrit.is/">
		<surface xml:id="JSSafn-0133f-0000r-FB" n="0">
			<desc>0000r-FB</desc>
			<graphic mimeType="pdf" url="Safn%20J%C3%B3ns%20Sigur%C3%B0ssonar%20133%20f/0/HIGH_QUALITY_DISPLAY"/>
			<graphic mimeType="jpg" url="Safn%20J%C3%B3ns%20Sigur%C3%B0ssonar%20133%20f/0/THUMBNAIL" width="200px" height="233px"/>
			<graphic mimeType="jpg" url="Safn%20J%C3%B3ns%20Sigur%C3%B0ssonar%20133%20f/0/SECONDARY_DISPLAY" width="2416px" height="2816px"/>
			<graphic mimeType="pdf" url="Safn%20J%C3%B3ns%20Sigur%C3%B0ssonar%20133%20f/0/WEB_DISPLAY"/>
		</surface>
		<surface xml:id="JSSafn-0133f-0000v-FB" n="1">
			<desc>0000v-FB</desc>
			<graphic mimeType="pdf" url="Safn%20J%C3%B3ns%20Sigur%C3%B0ssonar%20133%20f/1/HIGH_QUALITY_DISPLAY"/>
			<graphic mimeType="jpg" url="Safn%20J%C3%B3ns%20Sigur%C3%B0ssonar%20133%20f/1/THUMBNAIL" width="200px" height="245px"/>
			<graphic mimeType="jpg" url="Safn%20J%C3%B3ns%20Sigur%C3%B0ssonar%20133%20f/1/SECONDARY_DISPLAY" width="2330px" height="2856px"/>
			<graphic mimeType="pdf" url="Safn%20J%C3%B3ns%20Sigur%C3%B0ssonar%20133%20f/1/WEB_DISPLAY"/>
		</surface>
		<surface xml:id="JSSafn-0133f-0001r" n="2">
			<desc>0001r</desc>
			<graphic mimeType="pdf" url="Safn%20J%C3%B3ns%20Sigur%C3%B0ssonar%20133%20f/2/HIGH_QUALITY_DISPLAY"/>
			<graphic mimeType="jpg" url="Safn%20J%C3%B3ns%20Sigur%C3%B0ssonar%20133%20f/2/THUMBNAIL" width="200px" height="245px"/>
			<graphic mimeType="jpg" url="Safn%20J%C3%B3ns%20Sigur%C3%B0ssonar%20133%20f/2/SECONDARY_DISPLAY" width="2330px" height="2856px"/>
			<graphic mimeType="pdf" url="Safn%20J%C3%B3ns%20Sigur%C3%B0ssonar%20133%20f/2/WEB_DISPLAY"/>
		</surface>
		<surface xml:id="JSSafn-0133f-0001v" n="3">
			<desc>0001v</desc>
			<graphic mimeType="pdf" url="Safn%20J%C3%B3ns%20Sigur%C3%B0ssonar%20133%20f/3/HIGH_QUALITY_DISPLAY"/>
			<graphic mimeType="jpg" url="Safn%20J%C3%B3ns%20Sigur%C3%B0ssonar%20133%20f/3/THUMBNAIL" width="200px" height="245px"/>
			<graphic mimeType="jpg" url="Safn%20J%C3%B3ns%20Sigur%C3%B0ssonar%20133%20f/3/SECONDARY_DISPLAY" width="2330px" height="2856px"/>
			<graphic mimeType="pdf" url="Safn%20J%C3%B3ns%20Sigur%C3%B0ssonar%20133%20f/3/WEB_DISPLAY"/>
		</surface>
		<surface xml:id="JSSafn-0133f-0002r" n="4">
			<desc>0002r</desc>
			<graphic mimeType="pdf" url="Safn%20J%C3%B3ns%20Sigur%C3%B0ssonar%20133%20f/4/HIGH_QUALITY_DISPLAY"/>
			<graphic mimeType="jpg" url="Safn%20J%C3%B3ns%20Sigur%C3%B0ssonar%20133%20f/4/THUMBNAIL" width="200px" height="245px"/>
			<graphic mimeType="jpg" url="Safn%20J%C3%B3ns%20Sigur%C3%B0ssonar%20133%20f/4/SECONDARY_DISPLAY" width="2330px" height="2856px"/>
			<graphic mimeType="pdf" url="Safn%20J%C3%B3ns%20Sigur%C3%B0ssonar%20133%20f/4/WEB_DISPLAY"/>
		</surface>
		<surface xml:id="JSSafn-0133f-0002v" n="5">
			<desc>0002v</desc>
			<graphic mimeType="pdf" url="Safn%20J%C3%B3ns%20Sigur%C3%B0ssonar%20133%20f/5/HIGH_QUALITY_DISPLAY"/>
			<graphic mimeType="jpg" url="Safn%20J%C3%B3ns%20Sigur%C3%B0ssonar%20133%20f/5/THUMBNAIL" width="200px" height="245px"/>
			<graphic mimeType="jpg" url="Safn%20J%C3%B3ns%20Sigur%C3%B0ssonar%20133%20f/5/SECONDARY_DISPLAY" width="2330px" height="2856px"/>
			<graphic mimeType="pdf" url="Safn%20J%C3%B3ns%20Sigur%C3%B0ssonar%20133%20f/5/WEB_DISPLAY"/>
		</surface>
		<surface xml:id="JSSafn-0133f-0003r" n="6">
			<desc>0003r</desc>
			<graphic mimeType="pdf" url="Safn%20J%C3%B3ns%20Sigur%C3%B0ssonar%20133%20f/6/HIGH_QUALITY_DISPLAY"/>
			<graphic mimeType="jpg" url="Safn%20J%C3%B3ns%20Sigur%C3%B0ssonar%20133%20f/6/THUMBNAIL" width="200px" height="245px"/>
			<graphic mimeType="jpg" url="Safn%20J%C3%B3ns%20Sigur%C3%B0ssonar%20133%20f/6/SECONDARY_DISPLAY" width="2330px" height="2856px"/>
			<graphic mimeType="pdf" url="Safn%20J%C3%B3ns%20Sigur%C3%B0ssonar%20133%20f/6/WEB_DISPLAY"/>
		</surface>
		<surface xml:id="JSSafn-0133f-0003v" n="7">
			<desc>0003v</desc>
			<graphic mimeType="pdf" url="Safn%20J%C3%B3ns%20Sigur%C3%B0ssonar%20133%20f/7/HIGH_QUALITY_DISPLAY"/>
			<graphic mimeType="jpg" url="Safn%20J%C3%B3ns%20Sigur%C3%B0ssonar%20133%20f/7/THUMBNAIL" width="200px" height="245px"/>
			<graphic mimeType="jpg" url="Safn%20J%C3%B3ns%20Sigur%C3%B0ssonar%20133%20f/7/SECONDARY_DISPLAY" width="2330px" height="2856px"/>
			<graphic mimeType="pdf" url="Safn%20J%C3%B3ns%20Sigur%C3%B0ssonar%20133%20f/7/WEB_DISPLAY"/>
		</surface>
		<surface xml:id="JSSafn-0133f-0004r" n="8">
			<desc>0004r</desc>
			<graphic mimeType="pdf" url="Safn%20J%C3%B3ns%20Sigur%C3%B0ssonar%20133%20f/8/HIGH_QUALITY_DISPLAY"/>
			<graphic mimeType="jpg" url="Safn%20J%C3%B3ns%20Sigur%C3%B0ssonar%20133%20f/8/THUMBNAIL" width="200px" height="245px"/>
			<graphic mimeType="jpg" url="Safn%20J%C3%B3ns%20Sigur%C3%B0ssonar%20133%20f/8/SECONDARY_DISPLAY" width="2330px" height="2856px"/>
			<graphic mimeType="pdf" url="Safn%20J%C3%B3ns%20Sigur%C3%B0ssonar%20133%20f/8/WEB_DISPLAY"/>
		</surface>
		<surface xml:id="JSSafn-0133f-0004v" n="9">
			<desc>0004v</desc>
			<graphic mimeType="pdf" url="Safn%20J%C3%B3ns%20Sigur%C3%B0ssonar%20133%20f/9/HIGH_QUALITY_DISPLAY"/>
			<graphic mimeType="jpg" url="Safn%20J%C3%B3ns%20Sigur%C3%B0ssonar%20133%20f/9/THUMBNAIL" width="200px" height="245px"/>
			<graphic mimeType="jpg" url="Safn%20J%C3%B3ns%20Sigur%C3%B0ssonar%20133%20f/9/SECONDARY_DISPLAY" width="2330px" height="2856px"/>
			<graphic mimeType="pdf" url="Safn%20J%C3%B3ns%20Sigur%C3%B0ssonar%20133%20f/9/WEB_DISPLAY"/>
		</surface>
		<surface xml:id="JSSafn-0133f-0005r" n="10">
			<desc>0005r</desc>
			<graphic mimeType="pdf" url="Safn%20J%C3%B3ns%20Sigur%C3%B0ssonar%20133%20f/10/HIGH_QUALITY_DISPLAY"/>
			<graphic mimeType="jpg" url="Safn%20J%C3%B3ns%20Sigur%C3%B0ssonar%20133%20f/10/THUMBNAIL" width="200px" height="245px"/>
			<graphic mimeType="jpg" url="Safn%20J%C3%B3ns%20Sigur%C3%B0ssonar%20133%20f/10/SECONDARY_DISPLAY" width="2330px" height="2856px"/>
			<graphic mimeType="pdf" url="Safn%20J%C3%B3ns%20Sigur%C3%B0ssonar%20133%20f/10/WEB_DISPLAY"/>
		</surface>
		<surface xml:id="JSSafn-0133f-0005v" n="11">
			<desc>0005v</desc>
			<graphic mimeType="pdf" url="Safn%20J%C3%B3ns%20Sigur%C3%B0ssonar%20133%20f/11/HIGH_QUALITY_DISPLAY"/>
			<graphic mimeType="jpg" url="Safn%20J%C3%B3ns%20Sigur%C3%B0ssonar%20133%20f/11/THUMBNAIL" width="200px" height="245px"/>
			<graphic mimeType="jpg" url="Safn%20J%C3%B3ns%20Sigur%C3%B0ssonar%20133%20f/11/SECONDARY_DISPLAY" width="2330px" height="2856px"/>
			<graphic mimeType="pdf" url="Safn%20J%C3%B3ns%20Sigur%C3%B0ssonar%20133%20f/11/WEB_DISPLAY"/>
		</surface>
		<surface xml:id="JSSafn-0133f-0006r" n="12">
			<desc>0006r</desc>
			<graphic mimeType="pdf" url="Safn%20J%C3%B3ns%20Sigur%C3%B0ssonar%20133%20f/12/HIGH_QUALITY_DISPLAY"/>
			<graphic mimeType="jpg" url="Safn%20J%C3%B3ns%20Sigur%C3%B0ssonar%20133%20f/12/THUMBNAIL" width="200px" height="245px"/>
			<graphic mimeType="jpg" url="Safn%20J%C3%B3ns%20Sigur%C3%B0ssonar%20133%20f/12/SECONDARY_DISPLAY" width="2330px" height="2856px"/>
			<graphic mimeType="pdf" url="Safn%20J%C3%B3ns%20Sigur%C3%B0ssonar%20133%20f/12/WEB_DISPLAY"/>
		</surface>
		<surface xml:id="JSSafn-0133f-0006v" n="13">
			<desc>0006v</desc>
			<graphic mimeType="pdf" url="Safn%20J%C3%B3ns%20Sigur%C3%B0ssonar%20133%20f/13/HIGH_QUALITY_DISPLAY"/>
			<graphic mimeType="jpg" url="Safn%20J%C3%B3ns%20Sigur%C3%B0ssonar%20133%20f/13/THUMBNAIL" width="200px" height="245px"/>
			<graphic mimeType="jpg" url="Safn%20J%C3%B3ns%20Sigur%C3%B0ssonar%20133%20f/13/SECONDARY_DISPLAY" width="2330px" height="2856px"/>
			<graphic mimeType="pdf" url="Safn%20J%C3%B3ns%20Sigur%C3%B0ssonar%20133%20f/13/WEB_DISPLAY"/>
		</surface>
		<surface xml:id="JSSafn-0133f-0007r" n="14">
			<desc>0007r</desc>
			<graphic mimeType="pdf" url="Safn%20J%C3%B3ns%20Sigur%C3%B0ssonar%20133%20f/14/HIGH_QUALITY_DISPLAY"/>
			<graphic mimeType="jpg" url="Safn%20J%C3%B3ns%20Sigur%C3%B0ssonar%20133%20f/14/THUMBNAIL" width="200px" height="245px"/>
			<graphic mimeType="jpg" url="Safn%20J%C3%B3ns%20Sigur%C3%B0ssonar%20133%20f/14/SECONDARY_DISPLAY" width="2330px" height="2856px"/>
			<graphic mimeType="pdf" url="Safn%20J%C3%B3ns%20Sigur%C3%B0ssonar%20133%20f/14/WEB_DISPLAY"/>
		</surface>
		<surface xml:id="JSSafn-0133f-0007v" n="15">
			<desc>0007v</desc>
			<graphic mimeType="pdf" url="Safn%20J%C3%B3ns%20Sigur%C3%B0ssonar%20133%20f/15/HIGH_QUALITY_DISPLAY"/>
			<graphic mimeType="jpg" url="Safn%20J%C3%B3ns%20Sigur%C3%B0ssonar%20133%20f/15/THUMBNAIL" width="200px" height="245px"/>
			<graphic mimeType="jpg" url="Safn%20J%C3%B3ns%20Sigur%C3%B0ssonar%20133%20f/15/SECONDARY_DISPLAY" width="2330px" height="2856px"/>
			<graphic mimeType="pdf" url="Safn%20J%C3%B3ns%20Sigur%C3%B0ssonar%20133%20f/15/WEB_DISPLAY"/>
		</surface>
		<surface xml:id="JSSafn-0133f-0008r" n="16">
			<desc>0008r</desc>
			<graphic mimeType="pdf" url="Safn%20J%C3%B3ns%20Sigur%C3%B0ssonar%20133%20f/16/HIGH_QUALITY_DISPLAY"/>
			<graphic mimeType="jpg" url="Safn%20J%C3%B3ns%20Sigur%C3%B0ssonar%20133%20f/16/THUMBNAIL" width="200px" height="245px"/>
			<graphic mimeType="jpg" url="Safn%20J%C3%B3ns%20Sigur%C3%B0ssonar%20133%20f/16/SECONDARY_DISPLAY" width="2330px" height="2856px"/>
			<graphic mimeType="pdf" url="Safn%20J%C3%B3ns%20Sigur%C3%B0ssonar%20133%20f/16/WEB_DISPLAY"/>
		</surface>
		<surface xml:id="JSSafn-0133f-0008v" n="17">
			<desc>0008v</desc>
			<graphic mimeType="pdf" url="Safn%20J%C3%B3ns%20Sigur%C3%B0ssonar%20133%20f/17/HIGH_QUALITY_DISPLAY"/>
			<graphic mimeType="jpg" url="Safn%20J%C3%B3ns%20Sigur%C3%B0ssonar%20133%20f/17/THUMBNAIL" width="200px" height="245px"/>
			<graphic mimeType="jpg" url="Safn%20J%C3%B3ns%20Sigur%C3%B0ssonar%20133%20f/17/SECONDARY_DISPLAY" width="2330px" height="2856px"/>
			<graphic mimeType="pdf" url="Safn%20J%C3%B3ns%20Sigur%C3%B0ssonar%20133%20f/17/WEB_DISPLAY"/>
		</surface>
		<surface xml:id="JSSafn-0133f-0009r" n="18">
			<desc>0009r</desc>
			<graphic mimeType="pdf" url="Safn%20J%C3%B3ns%20Sigur%C3%B0ssonar%20133%20f/18/HIGH_QUALITY_DISPLAY"/>
			<graphic mimeType="jpg" url="Safn%20J%C3%B3ns%20Sigur%C3%B0ssonar%20133%20f/18/THUMBNAIL" width="200px" height="245px"/>
			<graphic mimeType="jpg" url="Safn%20J%C3%B3ns%20Sigur%C3%B0ssonar%20133%20f/18/SECONDARY_DISPLAY" width="2330px" height="2856px"/>
			<graphic mimeType="pdf" url="Safn%20J%C3%B3ns%20Sigur%C3%B0ssonar%20133%20f/18/WEB_DISPLAY"/>
		</surface>
		<surface xml:id="JSSafn-0133f-0009v" n="19">
			<desc>0009v</desc>
			<graphic mimeType="pdf" url="Safn%20J%C3%B3ns%20Sigur%C3%B0ssonar%20133%20f/19/HIGH_QUALITY_DISPLAY"/>
			<graphic mimeType="jpg" url="Safn%20J%C3%B3ns%20Sigur%C3%B0ssonar%20133%20f/19/THUMBNAIL" width="200px" height="245px"/>
			<graphic mimeType="jpg" url="Safn%20J%C3%B3ns%20Sigur%C3%B0ssonar%20133%20f/19/SECONDARY_DISPLAY" width="2330px" height="2856px"/>
			<graphic mimeType="pdf" url="Safn%20J%C3%B3ns%20Sigur%C3%B0ssonar%20133%20f/19/WEB_DISPLAY"/>
		</surface>
		<surface xml:id="JSSafn-0133f-0010r" n="20">
			<desc>0010r</desc>
			<graphic mimeType="pdf" url="Safn%20J%C3%B3ns%20Sigur%C3%B0ssonar%20133%20f/20/HIGH_QUALITY_DISPLAY"/>
			<graphic mimeType="jpg" url="Safn%20J%C3%B3ns%20Sigur%C3%B0ssonar%20133%20f/20/THUMBNAIL" width="200px" height="245px"/>
			<graphic mimeType="jpg" url="Safn%20J%C3%B3ns%20Sigur%C3%B0ssonar%20133%20f/20/SECONDARY_DISPLAY" width="2330px" height="2856px"/>
			<graphic mimeType="pdf" url="Safn%20J%C3%B3ns%20Sigur%C3%B0ssonar%20133%20f/20/WEB_DISPLAY"/>
		</surface>
		<surface xml:id="JSSafn-0133f-0010v" n="21">
			<desc>0010v</desc>
			<graphic mimeType="pdf" url="Safn%20J%C3%B3ns%20Sigur%C3%B0ssonar%20133%20f/21/HIGH_QUALITY_DISPLAY"/>
			<graphic mimeType="jpg" url="Safn%20J%C3%B3ns%20Sigur%C3%B0ssonar%20133%20f/21/THUMBNAIL" width="200px" height="245px"/>
			<graphic mimeType="jpg" url="Safn%20J%C3%B3ns%20Sigur%C3%B0ssonar%20133%20f/21/SECONDARY_DISPLAY" width="2330px" height="2856px"/>
			<graphic mimeType="pdf" url="Safn%20J%C3%B3ns%20Sigur%C3%B0ssonar%20133%20f/21/WEB_DISPLAY"/>
		</surface>
		<surface xml:id="JSSafn-0133f-0011r" n="22">
			<desc>0011r</desc>
			<graphic mimeType="pdf" url="Safn%20J%C3%B3ns%20Sigur%C3%B0ssonar%20133%20f/22/HIGH_QUALITY_DISPLAY"/>
			<graphic mimeType="jpg" url="Safn%20J%C3%B3ns%20Sigur%C3%B0ssonar%20133%20f/22/THUMBNAIL" width="200px" height="245px"/>
			<graphic mimeType="jpg" url="Safn%20J%C3%B3ns%20Sigur%C3%B0ssonar%20133%20f/22/SECONDARY_DISPLAY" width="2330px" height="2856px"/>
			<graphic mimeType="pdf" url="Safn%20J%C3%B3ns%20Sigur%C3%B0ssonar%20133%20f/22/WEB_DISPLAY"/>
		</surface>
		<surface xml:id="JSSafn-0133f-0011v" n="23">
			<desc>0011v</desc>
			<graphic mimeType="pdf" url="Safn%20J%C3%B3ns%20Sigur%C3%B0ssonar%20133%20f/23/HIGH_QUALITY_DISPLAY"/>
			<graphic mimeType="jpg" url="Safn%20J%C3%B3ns%20Sigur%C3%B0ssonar%20133%20f/23/THUMBNAIL" width="200px" height="245px"/>
			<graphic mimeType="jpg" url="Safn%20J%C3%B3ns%20Sigur%C3%B0ssonar%20133%20f/23/SECONDARY_DISPLAY" width="2330px" height="2856px"/>
			<graphic mimeType="pdf" url="Safn%20J%C3%B3ns%20Sigur%C3%B0ssonar%20133%20f/23/WEB_DISPLAY"/>
		</surface>
		<surface xml:id="JSSafn-0133f-0012r" n="24">
			<desc>0012r</desc>
			<graphic mimeType="pdf" url="Safn%20J%C3%B3ns%20Sigur%C3%B0ssonar%20133%20f/24/HIGH_QUALITY_DISPLAY"/>
			<graphic mimeType="jpg" url="Safn%20J%C3%B3ns%20Sigur%C3%B0ssonar%20133%20f/24/THUMBNAIL" width="200px" height="245px"/>
			<graphic mimeType="jpg" url="Safn%20J%C3%B3ns%20Sigur%C3%B0ssonar%20133%20f/24/SECONDARY_DISPLAY" width="2330px" height="2856px"/>
			<graphic mimeType="pdf" url="Safn%20J%C3%B3ns%20Sigur%C3%B0ssonar%20133%20f/24/WEB_DISPLAY"/>
		</surface>
		<surface xml:id="JSSafn-0133f-0012v" n="25">
			<desc>0012v</desc>
			<graphic mimeType="pdf" url="Safn%20J%C3%B3ns%20Sigur%C3%B0ssonar%20133%20f/25/HIGH_QUALITY_DISPLAY"/>
			<graphic mimeType="jpg" url="Safn%20J%C3%B3ns%20Sigur%C3%B0ssonar%20133%20f/25/THUMBNAIL" width="200px" height="245px"/>
			<graphic mimeType="jpg" url="Safn%20J%C3%B3ns%20Sigur%C3%B0ssonar%20133%20f/25/SECONDARY_DISPLAY" width="2330px" height="2856px"/>
			<graphic mimeType="pdf" url="Safn%20J%C3%B3ns%20Sigur%C3%B0ssonar%20133%20f/25/WEB_DISPLAY"/>
		</surface>
		<surface xml:id="JSSafn-0133f-0013r" n="26">
			<desc>0013r</desc>
			<graphic mimeType="pdf" url="Safn%20J%C3%B3ns%20Sigur%C3%B0ssonar%20133%20f/26/HIGH_QUALITY_DISPLAY"/>
			<graphic mimeType="jpg" url="Safn%20J%C3%B3ns%20Sigur%C3%B0ssonar%20133%20f/26/THUMBNAIL" width="200px" height="245px"/>
			<graphic mimeType="jpg" url="Safn%20J%C3%B3ns%20Sigur%C3%B0ssonar%20133%20f/26/SECONDARY_DISPLAY" width="2330px" height="2856px"/>
			<graphic mimeType="pdf" url="Safn%20J%C3%B3ns%20Sigur%C3%B0ssonar%20133%20f/26/WEB_DISPLAY"/>
		</surface>
		<surface xml:id="JSSafn-0133f-0013v" n="27">
			<desc>0013v</desc>
			<graphic mimeType="pdf" url="Safn%20J%C3%B3ns%20Sigur%C3%B0ssonar%20133%20f/27/HIGH_QUALITY_DISPLAY"/>
			<graphic mimeType="jpg" url="Safn%20J%C3%B3ns%20Sigur%C3%B0ssonar%20133%20f/27/THUMBNAIL" width="200px" height="245px"/>
			<graphic mimeType="jpg" url="Safn%20J%C3%B3ns%20Sigur%C3%B0ssonar%20133%20f/27/SECONDARY_DISPLAY" width="2330px" height="2856px"/>
			<graphic mimeType="pdf" url="Safn%20J%C3%B3ns%20Sigur%C3%B0ssonar%20133%20f/27/WEB_DISPLAY"/>
		</surface>
		<surface xml:id="JSSafn-0133f-0014r" n="28">
			<desc>0014r</desc>
			<graphic mimeType="pdf" url="Safn%20J%C3%B3ns%20Sigur%C3%B0ssonar%20133%20f/28/HIGH_QUALITY_DISPLAY"/>
			<graphic mimeType="jpg" url="Safn%20J%C3%B3ns%20Sigur%C3%B0ssonar%20133%20f/28/THUMBNAIL" width="200px" height="245px"/>
			<graphic mimeType="jpg" url="Safn%20J%C3%B3ns%20Sigur%C3%B0ssonar%20133%20f/28/SECONDARY_DISPLAY" width="2330px" height="2856px"/>
			<graphic mimeType="pdf" url="Safn%20J%C3%B3ns%20Sigur%C3%B0ssonar%20133%20f/28/WEB_DISPLAY"/>
		</surface>
		<surface xml:id="JSSafn-0133f-0014v" n="29">
			<desc>0014v</desc>
			<graphic mimeType="pdf" url="Safn%20J%C3%B3ns%20Sigur%C3%B0ssonar%20133%20f/29/HIGH_QUALITY_DISPLAY"/>
			<graphic mimeType="jpg" url="Safn%20J%C3%B3ns%20Sigur%C3%B0ssonar%20133%20f/29/THUMBNAIL" width="200px" height="245px"/>
			<graphic mimeType="jpg" url="Safn%20J%C3%B3ns%20Sigur%C3%B0ssonar%20133%20f/29/SECONDARY_DISPLAY" width="2330px" height="2856px"/>
			<graphic mimeType="pdf" url="Safn%20J%C3%B3ns%20Sigur%C3%B0ssonar%20133%20f/29/WEB_DISPLAY"/>
		</surface>
		<surface xml:id="JSSafn-0133f-0015r" n="30">
			<desc>0015r</desc>
			<graphic mimeType="pdf" url="Safn%20J%C3%B3ns%20Sigur%C3%B0ssonar%20133%20f/30/HIGH_QUALITY_DISPLAY"/>
			<graphic mimeType="jpg" url="Safn%20J%C3%B3ns%20Sigur%C3%B0ssonar%20133%20f/30/THUMBNAIL" width="200px" height="245px"/>
			<graphic mimeType="jpg" url="Safn%20J%C3%B3ns%20Sigur%C3%B0ssonar%20133%20f/30/SECONDARY_DISPLAY" width="2330px" height="2856px"/>
			<graphic mimeType="pdf" url="Safn%20J%C3%B3ns%20Sigur%C3%B0ssonar%20133%20f/30/WEB_DISPLAY"/>
		</surface>
		<surface xml:id="JSSafn-0133f-0015v" n="31">
			<desc>0015v</desc>
			<graphic mimeType="pdf" url="Safn%20J%C3%B3ns%20Sigur%C3%B0ssonar%20133%20f/31/HIGH_QUALITY_DISPLAY"/>
			<graphic mimeType="jpg" url="Safn%20J%C3%B3ns%20Sigur%C3%B0ssonar%20133%20f/31/THUMBNAIL" width="200px" height="245px"/>
			<graphic mimeType="jpg" url="Safn%20J%C3%B3ns%20Sigur%C3%B0ssonar%20133%20f/31/SECONDARY_DISPLAY" width="2330px" height="2856px"/>
			<graphic mimeType="pdf" url="Safn%20J%C3%B3ns%20Sigur%C3%B0ssonar%20133%20f/31/WEB_DISPLAY"/>
		</surface>
		<surface xml:id="JSSafn-0133f-0016r" n="32">
			<desc>0016r</desc>
			<graphic mimeType="pdf" url="Safn%20J%C3%B3ns%20Sigur%C3%B0ssonar%20133%20f/32/HIGH_QUALITY_DISPLAY"/>
			<graphic mimeType="jpg" url="Safn%20J%C3%B3ns%20Sigur%C3%B0ssonar%20133%20f/32/THUMBNAIL" width="200px" height="245px"/>
			<graphic mimeType="jpg" url="Safn%20J%C3%B3ns%20Sigur%C3%B0ssonar%20133%20f/32/SECONDARY_DISPLAY" width="2330px" height="2856px"/>
			<graphic mimeType="pdf" url="Safn%20J%C3%B3ns%20Sigur%C3%B0ssonar%20133%20f/32/WEB_DISPLAY"/>
		</surface>
		<surface xml:id="JSSafn-0133f-0016v" n="33">
			<desc>0016v</desc>
			<graphic mimeType="pdf" url="Safn%20J%C3%B3ns%20Sigur%C3%B0ssonar%20133%20f/33/HIGH_QUALITY_DISPLAY"/>
			<graphic mimeType="jpg" url="Safn%20J%C3%B3ns%20Sigur%C3%B0ssonar%20133%20f/33/THUMBNAIL" width="200px" height="245px"/>
			<graphic mimeType="jpg" url="Safn%20J%C3%B3ns%20Sigur%C3%B0ssonar%20133%20f/33/SECONDARY_DISPLAY" width="2330px" height="2856px"/>
			<graphic mimeType="pdf" url="Safn%20J%C3%B3ns%20Sigur%C3%B0ssonar%20133%20f/33/WEB_DISPLAY"/>
		</surface>
		<surface xml:id="JSSafn-0133f-0017r" n="34">
			<desc>0017r</desc>
			<graphic mimeType="pdf" url="Safn%20J%C3%B3ns%20Sigur%C3%B0ssonar%20133%20f/34/HIGH_QUALITY_DISPLAY"/>
			<graphic mimeType="jpg" url="Safn%20J%C3%B3ns%20Sigur%C3%B0ssonar%20133%20f/34/THUMBNAIL" width="200px" height="245px"/>
			<graphic mimeType="jpg" url="Safn%20J%C3%B3ns%20Sigur%C3%B0ssonar%20133%20f/34/SECONDARY_DISPLAY" width="2330px" height="2856px"/>
			<graphic mimeType="pdf" url="Safn%20J%C3%B3ns%20Sigur%C3%B0ssonar%20133%20f/34/WEB_DISPLAY"/>
		</surface>
		<surface xml:id="JSSafn-0133f-0017v" n="35">
			<desc>0017v</desc>
			<graphic mimeType="pdf" url="Safn%20J%C3%B3ns%20Sigur%C3%B0ssonar%20133%20f/35/HIGH_QUALITY_DISPLAY"/>
			<graphic mimeType="jpg" url="Safn%20J%C3%B3ns%20Sigur%C3%B0ssonar%20133%20f/35/THUMBNAIL" width="200px" height="245px"/>
			<graphic mimeType="jpg" url="Safn%20J%C3%B3ns%20Sigur%C3%B0ssonar%20133%20f/35/SECONDARY_DISPLAY" width="2330px" height="2856px"/>
			<graphic mimeType="pdf" url="Safn%20J%C3%B3ns%20Sigur%C3%B0ssonar%20133%20f/35/WEB_DISPLAY"/>
		</surface>
		<surface xml:id="JSSafn-0133f-0018r" n="36">
			<desc>0018r</desc>
			<graphic mimeType="pdf" url="Safn%20J%C3%B3ns%20Sigur%C3%B0ssonar%20133%20f/36/HIGH_QUALITY_DISPLAY"/>
			<graphic mimeType="jpg" url="Safn%20J%C3%B3ns%20Sigur%C3%B0ssonar%20133%20f/36/THUMBNAIL" width="200px" height="245px"/>
			<graphic mimeType="jpg" url="Safn%20J%C3%B3ns%20Sigur%C3%B0ssonar%20133%20f/36/SECONDARY_DISPLAY" width="2330px" height="2856px"/>
			<graphic mimeType="pdf" url="Safn%20J%C3%B3ns%20Sigur%C3%B0ssonar%20133%20f/36/WEB_DISPLAY"/>
		</surface>
		<surface xml:id="JSSafn-0133f-0018v" n="37">
			<desc>0018v</desc>
			<graphic mimeType="pdf" url="Safn%20J%C3%B3ns%20Sigur%C3%B0ssonar%20133%20f/37/HIGH_QUALITY_DISPLAY"/>
			<graphic mimeType="jpg" url="Safn%20J%C3%B3ns%20Sigur%C3%B0ssonar%20133%20f/37/THUMBNAIL" width="200px" height="245px"/>
			<graphic mimeType="jpg" url="Safn%20J%C3%B3ns%20Sigur%C3%B0ssonar%20133%20f/37/SECONDARY_DISPLAY" width="2330px" height="2856px"/>
			<graphic mimeType="pdf" url="Safn%20J%C3%B3ns%20Sigur%C3%B0ssonar%20133%20f/37/WEB_DISPLAY"/>
		</surface>
		<surface xml:id="JSSafn-0133f-0019r" n="38">
			<desc>0019r</desc>
			<graphic mimeType="pdf" url="Safn%20J%C3%B3ns%20Sigur%C3%B0ssonar%20133%20f/38/HIGH_QUALITY_DISPLAY"/>
			<graphic mimeType="jpg" url="Safn%20J%C3%B3ns%20Sigur%C3%B0ssonar%20133%20f/38/THUMBNAIL" width="200px" height="245px"/>
			<graphic mimeType="jpg" url="Safn%20J%C3%B3ns%20Sigur%C3%B0ssonar%20133%20f/38/SECONDARY_DISPLAY" width="2330px" height="2856px"/>
			<graphic mimeType="pdf" url="Safn%20J%C3%B3ns%20Sigur%C3%B0ssonar%20133%20f/38/WEB_DISPLAY"/>
		</surface>
		<surface xml:id="JSSafn-0133f-0019v" n="39">
			<desc>0019v</desc>
			<graphic mimeType="pdf" url="Safn%20J%C3%B3ns%20Sigur%C3%B0ssonar%20133%20f/39/HIGH_QUALITY_DISPLAY"/>
			<graphic mimeType="jpg" url="Safn%20J%C3%B3ns%20Sigur%C3%B0ssonar%20133%20f/39/THUMBNAIL" width="200px" height="245px"/>
			<graphic mimeType="jpg" url="Safn%20J%C3%B3ns%20Sigur%C3%B0ssonar%20133%20f/39/SECONDARY_DISPLAY" width="2330px" height="2856px"/>
			<graphic mimeType="pdf" url="Safn%20J%C3%B3ns%20Sigur%C3%B0ssonar%20133%20f/39/WEB_DISPLAY"/>
		</surface>
		<surface xml:id="JSSafn-0133f-0020r" n="40">
			<desc>0020r</desc>
			<graphic mimeType="pdf" url="Safn%20J%C3%B3ns%20Sigur%C3%B0ssonar%20133%20f/40/HIGH_QUALITY_DISPLAY"/>
			<graphic mimeType="jpg" url="Safn%20J%C3%B3ns%20Sigur%C3%B0ssonar%20133%20f/40/THUMBNAIL" width="200px" height="245px"/>
			<graphic mimeType="jpg" url="Safn%20J%C3%B3ns%20Sigur%C3%B0ssonar%20133%20f/40/SECONDARY_DISPLAY" width="2330px" height="2856px"/>
			<graphic mimeType="pdf" url="Safn%20J%C3%B3ns%20Sigur%C3%B0ssonar%20133%20f/40/WEB_DISPLAY"/>
		</surface>
		<surface xml:id="JSSafn-0133f-0020v" n="41">
			<desc>0020v</desc>
			<graphic mimeType="pdf" url="Safn%20J%C3%B3ns%20Sigur%C3%B0ssonar%20133%20f/41/HIGH_QUALITY_DISPLAY"/>
			<graphic mimeType="jpg" url="Safn%20J%C3%B3ns%20Sigur%C3%B0ssonar%20133%20f/41/THUMBNAIL" width="200px" height="245px"/>
			<graphic mimeType="jpg" url="Safn%20J%C3%B3ns%20Sigur%C3%B0ssonar%20133%20f/41/SECONDARY_DISPLAY" width="2330px" height="2856px"/>
			<graphic mimeType="pdf" url="Safn%20J%C3%B3ns%20Sigur%C3%B0ssonar%20133%20f/41/WEB_DISPLAY"/>
		</surface>
		<surface xml:id="JSSafn-0133f-0021r" n="42">
			<desc>0021r</desc>
			<graphic mimeType="pdf" url="Safn%20J%C3%B3ns%20Sigur%C3%B0ssonar%20133%20f/42/HIGH_QUALITY_DISPLAY"/>
			<graphic mimeType="jpg" url="Safn%20J%C3%B3ns%20Sigur%C3%B0ssonar%20133%20f/42/THUMBNAIL" width="200px" height="245px"/>
			<graphic mimeType="jpg" url="Safn%20J%C3%B3ns%20Sigur%C3%B0ssonar%20133%20f/42/SECONDARY_DISPLAY" width="2330px" height="2856px"/>
			<graphic mimeType="pdf" url="Safn%20J%C3%B3ns%20Sigur%C3%B0ssonar%20133%20f/42/WEB_DISPLAY"/>
		</surface>
		<surface xml:id="JSSafn-0133f-0021v" n="43">
			<desc>0021v</desc>
			<graphic mimeType="pdf" url="Safn%20J%C3%B3ns%20Sigur%C3%B0ssonar%20133%20f/43/HIGH_QUALITY_DISPLAY"/>
			<graphic mimeType="jpg" url="Safn%20J%C3%B3ns%20Sigur%C3%B0ssonar%20133%20f/43/THUMBNAIL" width="200px" height="245px"/>
			<graphic mimeType="jpg" url="Safn%20J%C3%B3ns%20Sigur%C3%B0ssonar%20133%20f/43/SECONDARY_DISPLAY" width="2330px" height="2856px"/>
			<graphic mimeType="pdf" url="Safn%20J%C3%B3ns%20Sigur%C3%B0ssonar%20133%20f/43/WEB_DISPLAY"/>
		</surface>
		<surface xml:id="JSSafn-0133f-0022r" n="44">
			<desc>0022r</desc>
			<graphic mimeType="pdf" url="Safn%20J%C3%B3ns%20Sigur%C3%B0ssonar%20133%20f/44/HIGH_QUALITY_DISPLAY"/>
			<graphic mimeType="jpg" url="Safn%20J%C3%B3ns%20Sigur%C3%B0ssonar%20133%20f/44/THUMBNAIL" width="200px" height="245px"/>
			<graphic mimeType="jpg" url="Safn%20J%C3%B3ns%20Sigur%C3%B0ssonar%20133%20f/44/SECONDARY_DISPLAY" width="2330px" height="2856px"/>
			<graphic mimeType="pdf" url="Safn%20J%C3%B3ns%20Sigur%C3%B0ssonar%20133%20f/44/WEB_DISPLAY"/>
		</surface>
		<surface xml:id="JSSafn-0133f-0022v" n="45">
			<desc>0022v</desc>
			<graphic mimeType="pdf" url="Safn%20J%C3%B3ns%20Sigur%C3%B0ssonar%20133%20f/45/HIGH_QUALITY_DISPLAY"/>
			<graphic mimeType="jpg" url="Safn%20J%C3%B3ns%20Sigur%C3%B0ssonar%20133%20f/45/THUMBNAIL" width="200px" height="245px"/>
			<graphic mimeType="jpg" url="Safn%20J%C3%B3ns%20Sigur%C3%B0ssonar%20133%20f/45/SECONDARY_DISPLAY" width="2330px" height="2856px"/>
			<graphic mimeType="pdf" url="Safn%20J%C3%B3ns%20Sigur%C3%B0ssonar%20133%20f/45/WEB_DISPLAY"/>
		</surface>
		<surface xml:id="JSSafn-0133f-0023r" n="46">
			<desc>0023r</desc>
			<graphic mimeType="pdf" url="Safn%20J%C3%B3ns%20Sigur%C3%B0ssonar%20133%20f/46/HIGH_QUALITY_DISPLAY"/>
			<graphic mimeType="jpg" url="Safn%20J%C3%B3ns%20Sigur%C3%B0ssonar%20133%20f/46/THUMBNAIL" width="200px" height="245px"/>
			<graphic mimeType="jpg" url="Safn%20J%C3%B3ns%20Sigur%C3%B0ssonar%20133%20f/46/SECONDARY_DISPLAY" width="2330px" height="2856px"/>
			<graphic mimeType="pdf" url="Safn%20J%C3%B3ns%20Sigur%C3%B0ssonar%20133%20f/46/WEB_DISPLAY"/>
		</surface>
		<surface xml:id="JSSafn-0133f-0023v" n="47">
			<desc>0023v</desc>
			<graphic mimeType="pdf" url="Safn%20J%C3%B3ns%20Sigur%C3%B0ssonar%20133%20f/47/HIGH_QUALITY_DISPLAY"/>
			<graphic mimeType="jpg" url="Safn%20J%C3%B3ns%20Sigur%C3%B0ssonar%20133%20f/47/THUMBNAIL" width="200px" height="245px"/>
			<graphic mimeType="jpg" url="Safn%20J%C3%B3ns%20Sigur%C3%B0ssonar%20133%20f/47/SECONDARY_DISPLAY" width="2330px" height="2856px"/>
			<graphic mimeType="pdf" url="Safn%20J%C3%B3ns%20Sigur%C3%B0ssonar%20133%20f/47/WEB_DISPLAY"/>
		</surface>
		<surface xml:id="JSSafn-0133f-0024r" n="48">
			<desc>0024r</desc>
			<graphic mimeType="pdf" url="Safn%20J%C3%B3ns%20Sigur%C3%B0ssonar%20133%20f/48/HIGH_QUALITY_DISPLAY"/>
			<graphic mimeType="jpg" url="Safn%20J%C3%B3ns%20Sigur%C3%B0ssonar%20133%20f/48/THUMBNAIL" width="200px" height="245px"/>
			<graphic mimeType="jpg" url="Safn%20J%C3%B3ns%20Sigur%C3%B0ssonar%20133%20f/48/SECONDARY_DISPLAY" width="2330px" height="2856px"/>
			<graphic mimeType="pdf" url="Safn%20J%C3%B3ns%20Sigur%C3%B0ssonar%20133%20f/48/WEB_DISPLAY"/>
		</surface>
		<surface xml:id="JSSafn-0133f-0024v" n="49">
			<desc>0024v</desc>
			<graphic mimeType="pdf" url="Safn%20J%C3%B3ns%20Sigur%C3%B0ssonar%20133%20f/49/HIGH_QUALITY_DISPLAY"/>
			<graphic mimeType="jpg" url="Safn%20J%C3%B3ns%20Sigur%C3%B0ssonar%20133%20f/49/THUMBNAIL" width="200px" height="245px"/>
			<graphic mimeType="jpg" url="Safn%20J%C3%B3ns%20Sigur%C3%B0ssonar%20133%20f/49/SECONDARY_DISPLAY" width="2330px" height="2856px"/>
			<graphic mimeType="pdf" url="Safn%20J%C3%B3ns%20Sigur%C3%B0ssonar%20133%20f/49/WEB_DISPLAY"/>
		</surface>
		<surface xml:id="JSSafn-0133f-0025r" n="50">
			<desc>0025r</desc>
			<graphic mimeType="pdf" url="Safn%20J%C3%B3ns%20Sigur%C3%B0ssonar%20133%20f/50/HIGH_QUALITY_DISPLAY"/>
			<graphic mimeType="jpg" url="Safn%20J%C3%B3ns%20Sigur%C3%B0ssonar%20133%20f/50/THUMBNAIL" width="200px" height="245px"/>
			<graphic mimeType="jpg" url="Safn%20J%C3%B3ns%20Sigur%C3%B0ssonar%20133%20f/50/SECONDARY_DISPLAY" width="2330px" height="2856px"/>
			<graphic mimeType="pdf" url="Safn%20J%C3%B3ns%20Sigur%C3%B0ssonar%20133%20f/50/WEB_DISPLAY"/>
		</surface>
		<surface xml:id="JSSafn-0133f-0025v" n="51">
			<desc>0025v</desc>
			<graphic mimeType="pdf" url="Safn%20J%C3%B3ns%20Sigur%C3%B0ssonar%20133%20f/51/HIGH_QUALITY_DISPLAY"/>
			<graphic mimeType="jpg" url="Safn%20J%C3%B3ns%20Sigur%C3%B0ssonar%20133%20f/51/THUMBNAIL" width="200px" height="245px"/>
			<graphic mimeType="jpg" url="Safn%20J%C3%B3ns%20Sigur%C3%B0ssonar%20133%20f/51/SECONDARY_DISPLAY" width="2330px" height="2856px"/>
			<graphic mimeType="pdf" url="Safn%20J%C3%B3ns%20Sigur%C3%B0ssonar%20133%20f/51/WEB_DISPLAY"/>
		</surface>
		<surface xml:id="JSSafn-0133f-0026r" n="52">
			<desc>0026r</desc>
			<graphic mimeType="pdf" url="Safn%20J%C3%B3ns%20Sigur%C3%B0ssonar%20133%20f/52/HIGH_QUALITY_DISPLAY"/>
			<graphic mimeType="jpg" url="Safn%20J%C3%B3ns%20Sigur%C3%B0ssonar%20133%20f/52/THUMBNAIL" width="200px" height="245px"/>
			<graphic mimeType="jpg" url="Safn%20J%C3%B3ns%20Sigur%C3%B0ssonar%20133%20f/52/SECONDARY_DISPLAY" width="2330px" height="2856px"/>
			<graphic mimeType="pdf" url="Safn%20J%C3%B3ns%20Sigur%C3%B0ssonar%20133%20f/52/WEB_DISPLAY"/>
		</surface>
		<surface xml:id="JSSafn-0133f-0026v" n="53">
			<desc>0026v</desc>
			<graphic mimeType="pdf" url="Safn%20J%C3%B3ns%20Sigur%C3%B0ssonar%20133%20f/53/HIGH_QUALITY_DISPLAY"/>
			<graphic mimeType="jpg" url="Safn%20J%C3%B3ns%20Sigur%C3%B0ssonar%20133%20f/53/THUMBNAIL" width="200px" height="245px"/>
			<graphic mimeType="jpg" url="Safn%20J%C3%B3ns%20Sigur%C3%B0ssonar%20133%20f/53/SECONDARY_DISPLAY" width="2330px" height="2856px"/>
			<graphic mimeType="pdf" url="Safn%20J%C3%B3ns%20Sigur%C3%B0ssonar%20133%20f/53/WEB_DISPLAY"/>
		</surface>
		<surface xml:id="JSSafn-0133f-0027r" n="54">
			<desc>0027r</desc>
			<graphic mimeType="pdf" url="Safn%20J%C3%B3ns%20Sigur%C3%B0ssonar%20133%20f/54/HIGH_QUALITY_DISPLAY"/>
			<graphic mimeType="jpg" url="Safn%20J%C3%B3ns%20Sigur%C3%B0ssonar%20133%20f/54/THUMBNAIL" width="200px" height="245px"/>
			<graphic mimeType="jpg" url="Safn%20J%C3%B3ns%20Sigur%C3%B0ssonar%20133%20f/54/SECONDARY_DISPLAY" width="2330px" height="2856px"/>
			<graphic mimeType="pdf" url="Safn%20J%C3%B3ns%20Sigur%C3%B0ssonar%20133%20f/54/WEB_DISPLAY"/>
		</surface>
		<surface xml:id="JSSafn-0133f-0027v" n="55">
			<desc>0027v</desc>
			<graphic mimeType="pdf" url="Safn%20J%C3%B3ns%20Sigur%C3%B0ssonar%20133%20f/55/HIGH_QUALITY_DISPLAY"/>
			<graphic mimeType="jpg" url="Safn%20J%C3%B3ns%20Sigur%C3%B0ssonar%20133%20f/55/THUMBNAIL" width="200px" height="245px"/>
			<graphic mimeType="jpg" url="Safn%20J%C3%B3ns%20Sigur%C3%B0ssonar%20133%20f/55/SECONDARY_DISPLAY" width="2330px" height="2856px"/>
			<graphic mimeType="pdf" url="Safn%20J%C3%B3ns%20Sigur%C3%B0ssonar%20133%20f/55/WEB_DISPLAY"/>
		</surface>
		<surface xml:id="JSSafn-0133f-0028r" n="56">
			<desc>0028r</desc>
			<graphic mimeType="pdf" url="Safn%20J%C3%B3ns%20Sigur%C3%B0ssonar%20133%20f/56/HIGH_QUALITY_DISPLAY"/>
			<graphic mimeType="jpg" url="Safn%20J%C3%B3ns%20Sigur%C3%B0ssonar%20133%20f/56/THUMBNAIL" width="200px" height="245px"/>
			<graphic mimeType="jpg" url="Safn%20J%C3%B3ns%20Sigur%C3%B0ssonar%20133%20f/56/SECONDARY_DISPLAY" width="2330px" height="2856px"/>
			<graphic mimeType="pdf" url="Safn%20J%C3%B3ns%20Sigur%C3%B0ssonar%20133%20f/56/WEB_DISPLAY"/>
		</surface>
		<surface xml:id="JSSafn-0133f-0028v" n="57">
			<desc>0028v</desc>
			<graphic mimeType="pdf" url="Safn%20J%C3%B3ns%20Sigur%C3%B0ssonar%20133%20f/57/HIGH_QUALITY_DISPLAY"/>
			<graphic mimeType="jpg" url="Safn%20J%C3%B3ns%20Sigur%C3%B0ssonar%20133%20f/57/THUMBNAIL" width="200px" height="245px"/>
			<graphic mimeType="jpg" url="Safn%20J%C3%B3ns%20Sigur%C3%B0ssonar%20133%20f/57/SECONDARY_DISPLAY" width="2330px" height="2856px"/>
			<graphic mimeType="pdf" url="Safn%20J%C3%B3ns%20Sigur%C3%B0ssonar%20133%20f/57/WEB_DISPLAY"/>
		</surface>
		<surface xml:id="JSSafn-0133f-0029r" n="58">
			<desc>0029r</desc>
			<graphic mimeType="pdf" url="Safn%20J%C3%B3ns%20Sigur%C3%B0ssonar%20133%20f/58/HIGH_QUALITY_DISPLAY"/>
			<graphic mimeType="jpg" url="Safn%20J%C3%B3ns%20Sigur%C3%B0ssonar%20133%20f/58/THUMBNAIL" width="200px" height="245px"/>
			<graphic mimeType="jpg" url="Safn%20J%C3%B3ns%20Sigur%C3%B0ssonar%20133%20f/58/SECONDARY_DISPLAY" width="2330px" height="2856px"/>
			<graphic mimeType="pdf" url="Safn%20J%C3%B3ns%20Sigur%C3%B0ssonar%20133%20f/58/WEB_DISPLAY"/>
		</surface>
		<surface xml:id="JSSafn-0133f-0029v" n="59">
			<desc>0029v</desc>
			<graphic mimeType="pdf" url="Safn%20J%C3%B3ns%20Sigur%C3%B0ssonar%20133%20f/59/HIGH_QUALITY_DISPLAY"/>
			<graphic mimeType="jpg" url="Safn%20J%C3%B3ns%20Sigur%C3%B0ssonar%20133%20f/59/THUMBNAIL" width="200px" height="245px"/>
			<graphic mimeType="jpg" url="Safn%20J%C3%B3ns%20Sigur%C3%B0ssonar%20133%20f/59/SECONDARY_DISPLAY" width="2330px" height="2856px"/>
			<graphic mimeType="pdf" url="Safn%20J%C3%B3ns%20Sigur%C3%B0ssonar%20133%20f/59/WEB_DISPLAY"/>
		</surface>
		<surface xml:id="JSSafn-0133f-0030r" n="60">
			<desc>0030r</desc>
			<graphic mimeType="pdf" url="Safn%20J%C3%B3ns%20Sigur%C3%B0ssonar%20133%20f/60/HIGH_QUALITY_DISPLAY"/>
			<graphic mimeType="jpg" url="Safn%20J%C3%B3ns%20Sigur%C3%B0ssonar%20133%20f/60/THUMBNAIL" width="200px" height="245px"/>
			<graphic mimeType="jpg" url="Safn%20J%C3%B3ns%20Sigur%C3%B0ssonar%20133%20f/60/SECONDARY_DISPLAY" width="2330px" height="2856px"/>
			<graphic mimeType="pdf" url="Safn%20J%C3%B3ns%20Sigur%C3%B0ssonar%20133%20f/60/WEB_DISPLAY"/>
		</surface>
		<surface xml:id="JSSafn-0133f-0030v" n="61">
			<desc>0030v</desc>
			<graphic mimeType="pdf" url="Safn%20J%C3%B3ns%20Sigur%C3%B0ssonar%20133%20f/61/HIGH_QUALITY_DISPLAY"/>
			<graphic mimeType="jpg" url="Safn%20J%C3%B3ns%20Sigur%C3%B0ssonar%20133%20f/61/THUMBNAIL" width="200px" height="245px"/>
			<graphic mimeType="jpg" url="Safn%20J%C3%B3ns%20Sigur%C3%B0ssonar%20133%20f/61/SECONDARY_DISPLAY" width="2330px" height="2856px"/>
			<graphic mimeType="pdf" url="Safn%20J%C3%B3ns%20Sigur%C3%B0ssonar%20133%20f/61/WEB_DISPLAY"/>
		</surface>
		<surface xml:id="JSSafn-0133f-0031r" n="62">
			<desc>0031r</desc>
			<graphic mimeType="pdf" url="Safn%20J%C3%B3ns%20Sigur%C3%B0ssonar%20133%20f/62/HIGH_QUALITY_DISPLAY"/>
			<graphic mimeType="jpg" url="Safn%20J%C3%B3ns%20Sigur%C3%B0ssonar%20133%20f/62/THUMBNAIL" width="200px" height="245px"/>
			<graphic mimeType="jpg" url="Safn%20J%C3%B3ns%20Sigur%C3%B0ssonar%20133%20f/62/SECONDARY_DISPLAY" width="2330px" height="2856px"/>
			<graphic mimeType="pdf" url="Safn%20J%C3%B3ns%20Sigur%C3%B0ssonar%20133%20f/62/WEB_DISPLAY"/>
		</surface>
		<surface xml:id="JSSafn-0133f-0031v" n="63">
			<desc>0031v</desc>
			<graphic mimeType="pdf" url="Safn%20J%C3%B3ns%20Sigur%C3%B0ssonar%20133%20f/63/HIGH_QUALITY_DISPLAY"/>
			<graphic mimeType="jpg" url="Safn%20J%C3%B3ns%20Sigur%C3%B0ssonar%20133%20f/63/THUMBNAIL" width="200px" height="245px"/>
			<graphic mimeType="jpg" url="Safn%20J%C3%B3ns%20Sigur%C3%B0ssonar%20133%20f/63/SECONDARY_DISPLAY" width="2330px" height="2856px"/>
			<graphic mimeType="pdf" url="Safn%20J%C3%B3ns%20Sigur%C3%B0ssonar%20133%20f/63/WEB_DISPLAY"/>
		</surface>
		<surface xml:id="JSSafn-0133f-0032r" n="64">
			<desc>0032r</desc>
			<graphic mimeType="pdf" url="Safn%20J%C3%B3ns%20Sigur%C3%B0ssonar%20133%20f/64/HIGH_QUALITY_DISPLAY"/>
			<graphic mimeType="jpg" url="Safn%20J%C3%B3ns%20Sigur%C3%B0ssonar%20133%20f/64/THUMBNAIL" width="200px" height="245px"/>
			<graphic mimeType="jpg" url="Safn%20J%C3%B3ns%20Sigur%C3%B0ssonar%20133%20f/64/SECONDARY_DISPLAY" width="2330px" height="2856px"/>
			<graphic mimeType="pdf" url="Safn%20J%C3%B3ns%20Sigur%C3%B0ssonar%20133%20f/64/WEB_DISPLAY"/>
		</surface>
		<surface xml:id="JSSafn-0133f-0032v" n="65">
			<desc>0032v</desc>
			<graphic mimeType="pdf" url="Safn%20J%C3%B3ns%20Sigur%C3%B0ssonar%20133%20f/65/HIGH_QUALITY_DISPLAY"/>
			<graphic mimeType="jpg" url="Safn%20J%C3%B3ns%20Sigur%C3%B0ssonar%20133%20f/65/THUMBNAIL" width="200px" height="245px"/>
			<graphic mimeType="jpg" url="Safn%20J%C3%B3ns%20Sigur%C3%B0ssonar%20133%20f/65/SECONDARY_DISPLAY" width="2330px" height="2856px"/>
			<graphic mimeType="pdf" url="Safn%20J%C3%B3ns%20Sigur%C3%B0ssonar%20133%20f/65/WEB_DISPLAY"/>
		</surface>
		<surface xml:id="JSSafn-0133f-0033r" n="66">
			<desc>0033r</desc>
			<graphic mimeType="pdf" url="Safn%20J%C3%B3ns%20Sigur%C3%B0ssonar%20133%20f/66/HIGH_QUALITY_DISPLAY"/>
			<graphic mimeType="jpg" url="Safn%20J%C3%B3ns%20Sigur%C3%B0ssonar%20133%20f/66/THUMBNAIL" width="200px" height="245px"/>
			<graphic mimeType="jpg" url="Safn%20J%C3%B3ns%20Sigur%C3%B0ssonar%20133%20f/66/SECONDARY_DISPLAY" width="2330px" height="2856px"/>
			<graphic mimeType="pdf" url="Safn%20J%C3%B3ns%20Sigur%C3%B0ssonar%20133%20f/66/WEB_DISPLAY"/>
		</surface>
		<surface xml:id="JSSafn-0133f-0033v" n="67">
			<desc>0033v</desc>
			<graphic mimeType="pdf" url="Safn%20J%C3%B3ns%20Sigur%C3%B0ssonar%20133%20f/67/HIGH_QUALITY_DISPLAY"/>
			<graphic mimeType="jpg" url="Safn%20J%C3%B3ns%20Sigur%C3%B0ssonar%20133%20f/67/THUMBNAIL" width="200px" height="245px"/>
			<graphic mimeType="jpg" url="Safn%20J%C3%B3ns%20Sigur%C3%B0ssonar%20133%20f/67/SECONDARY_DISPLAY" width="2330px" height="2856px"/>
			<graphic mimeType="pdf" url="Safn%20J%C3%B3ns%20Sigur%C3%B0ssonar%20133%20f/67/WEB_DISPLAY"/>
		</surface>
		<surface xml:id="JSSafn-0133f-0034r" n="68">
			<desc>0034r</desc>
			<graphic mimeType="pdf" url="Safn%20J%C3%B3ns%20Sigur%C3%B0ssonar%20133%20f/68/HIGH_QUALITY_DISPLAY"/>
			<graphic mimeType="jpg" url="Safn%20J%C3%B3ns%20Sigur%C3%B0ssonar%20133%20f/68/THUMBNAIL" width="200px" height="245px"/>
			<graphic mimeType="jpg" url="Safn%20J%C3%B3ns%20Sigur%C3%B0ssonar%20133%20f/68/SECONDARY_DISPLAY" width="2330px" height="2856px"/>
			<graphic mimeType="pdf" url="Safn%20J%C3%B3ns%20Sigur%C3%B0ssonar%20133%20f/68/WEB_DISPLAY"/>
		</surface>
		<surface xml:id="JSSafn-0133f-0034v" n="69">
			<desc>0034v</desc>
			<graphic mimeType="pdf" url="Safn%20J%C3%B3ns%20Sigur%C3%B0ssonar%20133%20f/69/HIGH_QUALITY_DISPLAY"/>
			<graphic mimeType="jpg" url="Safn%20J%C3%B3ns%20Sigur%C3%B0ssonar%20133%20f/69/THUMBNAIL" width="200px" height="245px"/>
			<graphic mimeType="jpg" url="Safn%20J%C3%B3ns%20Sigur%C3%B0ssonar%20133%20f/69/SECONDARY_DISPLAY" width="2330px" height="2856px"/>
			<graphic mimeType="pdf" url="Safn%20J%C3%B3ns%20Sigur%C3%B0ssonar%20133%20f/69/WEB_DISPLAY"/>
		</surface>
		<surface xml:id="JSSafn-0133f-0035r" n="70">
			<desc>0035r</desc>
			<graphic mimeType="pdf" url="Safn%20J%C3%B3ns%20Sigur%C3%B0ssonar%20133%20f/70/HIGH_QUALITY_DISPLAY"/>
			<graphic mimeType="jpg" url="Safn%20J%C3%B3ns%20Sigur%C3%B0ssonar%20133%20f/70/THUMBNAIL" width="200px" height="245px"/>
			<graphic mimeType="jpg" url="Safn%20J%C3%B3ns%20Sigur%C3%B0ssonar%20133%20f/70/SECONDARY_DISPLAY" width="2330px" height="2856px"/>
			<graphic mimeType="pdf" url="Safn%20J%C3%B3ns%20Sigur%C3%B0ssonar%20133%20f/70/WEB_DISPLAY"/>
		</surface>
		<surface xml:id="JSSafn-0133f-0035v" n="71">
			<desc>0035v</desc>
			<graphic mimeType="pdf" url="Safn%20J%C3%B3ns%20Sigur%C3%B0ssonar%20133%20f/71/HIGH_QUALITY_DISPLAY"/>
			<graphic mimeType="jpg" url="Safn%20J%C3%B3ns%20Sigur%C3%B0ssonar%20133%20f/71/THUMBNAIL" width="200px" height="245px"/>
			<graphic mimeType="jpg" url="Safn%20J%C3%B3ns%20Sigur%C3%B0ssonar%20133%20f/71/SECONDARY_DISPLAY" width="2330px" height="2856px"/>
			<graphic mimeType="pdf" url="Safn%20J%C3%B3ns%20Sigur%C3%B0ssonar%20133%20f/71/WEB_DISPLAY"/>
		</surface>
		<surface xml:id="JSSafn-0133f-0036r" n="72">
			<desc>0036r</desc>
			<graphic mimeType="pdf" url="Safn%20J%C3%B3ns%20Sigur%C3%B0ssonar%20133%20f/72/HIGH_QUALITY_DISPLAY"/>
			<graphic mimeType="jpg" url="Safn%20J%C3%B3ns%20Sigur%C3%B0ssonar%20133%20f/72/THUMBNAIL" width="200px" height="245px"/>
			<graphic mimeType="jpg" url="Safn%20J%C3%B3ns%20Sigur%C3%B0ssonar%20133%20f/72/SECONDARY_DISPLAY" width="2330px" height="2856px"/>
			<graphic mimeType="pdf" url="Safn%20J%C3%B3ns%20Sigur%C3%B0ssonar%20133%20f/72/WEB_DISPLAY"/>
		</surface>
		<surface xml:id="JSSafn-0133f-0036v" n="73">
			<desc>0036v</desc>
			<graphic mimeType="pdf" url="Safn%20J%C3%B3ns%20Sigur%C3%B0ssonar%20133%20f/73/HIGH_QUALITY_DISPLAY"/>
			<graphic mimeType="jpg" url="Safn%20J%C3%B3ns%20Sigur%C3%B0ssonar%20133%20f/73/THUMBNAIL" width="200px" height="245px"/>
			<graphic mimeType="jpg" url="Safn%20J%C3%B3ns%20Sigur%C3%B0ssonar%20133%20f/73/SECONDARY_DISPLAY" width="2330px" height="2856px"/>
			<graphic mimeType="pdf" url="Safn%20J%C3%B3ns%20Sigur%C3%B0ssonar%20133%20f/73/WEB_DISPLAY"/>
		</surface>
		<surface xml:id="JSSafn-0133f-0037r" n="74">
			<desc>0037r</desc>
			<graphic mimeType="pdf" url="Safn%20J%C3%B3ns%20Sigur%C3%B0ssonar%20133%20f/74/HIGH_QUALITY_DISPLAY"/>
			<graphic mimeType="jpg" url="Safn%20J%C3%B3ns%20Sigur%C3%B0ssonar%20133%20f/74/THUMBNAIL" width="200px" height="245px"/>
			<graphic mimeType="jpg" url="Safn%20J%C3%B3ns%20Sigur%C3%B0ssonar%20133%20f/74/SECONDARY_DISPLAY" width="2330px" height="2856px"/>
			<graphic mimeType="pdf" url="Safn%20J%C3%B3ns%20Sigur%C3%B0ssonar%20133%20f/74/WEB_DISPLAY"/>
		</surface>
		<surface xml:id="JSSafn-0133f-0037v" n="75">
			<desc>0037v</desc>
			<graphic mimeType="pdf" url="Safn%20J%C3%B3ns%20Sigur%C3%B0ssonar%20133%20f/75/HIGH_QUALITY_DISPLAY"/>
			<graphic mimeType="jpg" url="Safn%20J%C3%B3ns%20Sigur%C3%B0ssonar%20133%20f/75/THUMBNAIL" width="200px" height="245px"/>
			<graphic mimeType="jpg" url="Safn%20J%C3%B3ns%20Sigur%C3%B0ssonar%20133%20f/75/SECONDARY_DISPLAY" width="2330px" height="2856px"/>
			<graphic mimeType="pdf" url="Safn%20J%C3%B3ns%20Sigur%C3%B0ssonar%20133%20f/75/WEB_DISPLAY"/>
		</surface>
		<surface xml:id="JSSafn-0133f-0038r" n="76">
			<desc>0038r</desc>
			<graphic mimeType="pdf" url="Safn%20J%C3%B3ns%20Sigur%C3%B0ssonar%20133%20f/76/HIGH_QUALITY_DISPLAY"/>
			<graphic mimeType="jpg" url="Safn%20J%C3%B3ns%20Sigur%C3%B0ssonar%20133%20f/76/THUMBNAIL" width="200px" height="245px"/>
			<graphic mimeType="jpg" url="Safn%20J%C3%B3ns%20Sigur%C3%B0ssonar%20133%20f/76/SECONDARY_DISPLAY" width="2330px" height="2856px"/>
			<graphic mimeType="pdf" url="Safn%20J%C3%B3ns%20Sigur%C3%B0ssonar%20133%20f/76/WEB_DISPLAY"/>
		</surface>
		<surface xml:id="JSSafn-0133f-0038v" n="77">
			<desc>0038v</desc>
			<graphic mimeType="pdf" url="Safn%20J%C3%B3ns%20Sigur%C3%B0ssonar%20133%20f/77/HIGH_QUALITY_DISPLAY"/>
			<graphic mimeType="jpg" url="Safn%20J%C3%B3ns%20Sigur%C3%B0ssonar%20133%20f/77/THUMBNAIL" width="200px" height="245px"/>
			<graphic mimeType="jpg" url="Safn%20J%C3%B3ns%20Sigur%C3%B0ssonar%20133%20f/77/SECONDARY_DISPLAY" width="2330px" height="2856px"/>
			<graphic mimeType="pdf" url="Safn%20J%C3%B3ns%20Sigur%C3%B0ssonar%20133%20f/77/WEB_DISPLAY"/>
		</surface>
		<surface xml:id="JSSafn-0133f-0039r" n="78">
			<desc>0039r</desc>
			<graphic mimeType="pdf" url="Safn%20J%C3%B3ns%20Sigur%C3%B0ssonar%20133%20f/78/HIGH_QUALITY_DISPLAY"/>
			<graphic mimeType="jpg" url="Safn%20J%C3%B3ns%20Sigur%C3%B0ssonar%20133%20f/78/THUMBNAIL" width="200px" height="245px"/>
			<graphic mimeType="jpg" url="Safn%20J%C3%B3ns%20Sigur%C3%B0ssonar%20133%20f/78/SECONDARY_DISPLAY" width="2330px" height="2856px"/>
			<graphic mimeType="pdf" url="Safn%20J%C3%B3ns%20Sigur%C3%B0ssonar%20133%20f/78/WEB_DISPLAY"/>
		</surface>
		<surface xml:id="JSSafn-0133f-0039v" n="79">
			<desc>0039v</desc>
			<graphic mimeType="pdf" url="Safn%20J%C3%B3ns%20Sigur%C3%B0ssonar%20133%20f/79/HIGH_QUALITY_DISPLAY"/>
			<graphic mimeType="jpg" url="Safn%20J%C3%B3ns%20Sigur%C3%B0ssonar%20133%20f/79/THUMBNAIL" width="200px" height="245px"/>
			<graphic mimeType="jpg" url="Safn%20J%C3%B3ns%20Sigur%C3%B0ssonar%20133%20f/79/SECONDARY_DISPLAY" width="2330px" height="2856px"/>
			<graphic mimeType="pdf" url="Safn%20J%C3%B3ns%20Sigur%C3%B0ssonar%20133%20f/79/WEB_DISPLAY"/>
		</surface>
		<surface xml:id="JSSafn-0133f-0040r" n="80">
			<desc>0040r</desc>
			<graphic mimeType="pdf" url="Safn%20J%C3%B3ns%20Sigur%C3%B0ssonar%20133%20f/80/HIGH_QUALITY_DISPLAY"/>
			<graphic mimeType="jpg" url="Safn%20J%C3%B3ns%20Sigur%C3%B0ssonar%20133%20f/80/THUMBNAIL" width="200px" height="245px"/>
			<graphic mimeType="jpg" url="Safn%20J%C3%B3ns%20Sigur%C3%B0ssonar%20133%20f/80/SECONDARY_DISPLAY" width="2330px" height="2856px"/>
			<graphic mimeType="pdf" url="Safn%20J%C3%B3ns%20Sigur%C3%B0ssonar%20133%20f/80/WEB_DISPLAY"/>
		</surface>
		<surface xml:id="JSSafn-0133f-0040v" n="81">
			<desc>0040v</desc>
			<graphic mimeType="pdf" url="Safn%20J%C3%B3ns%20Sigur%C3%B0ssonar%20133%20f/81/HIGH_QUALITY_DISPLAY"/>
			<graphic mimeType="jpg" url="Safn%20J%C3%B3ns%20Sigur%C3%B0ssonar%20133%20f/81/THUMBNAIL" width="200px" height="245px"/>
			<graphic mimeType="jpg" url="Safn%20J%C3%B3ns%20Sigur%C3%B0ssonar%20133%20f/81/SECONDARY_DISPLAY" width="2330px" height="2856px"/>
			<graphic mimeType="pdf" url="Safn%20J%C3%B3ns%20Sigur%C3%B0ssonar%20133%20f/81/WEB_DISPLAY"/>
		</surface>
		<surface xml:id="JSSafn-0133f-0041r" n="82">
			<desc>0041r</desc>
			<graphic mimeType="pdf" url="Safn%20J%C3%B3ns%20Sigur%C3%B0ssonar%20133%20f/82/HIGH_QUALITY_DISPLAY"/>
			<graphic mimeType="jpg" url="Safn%20J%C3%B3ns%20Sigur%C3%B0ssonar%20133%20f/82/THUMBNAIL" width="200px" height="245px"/>
			<graphic mimeType="jpg" url="Safn%20J%C3%B3ns%20Sigur%C3%B0ssonar%20133%20f/82/SECONDARY_DISPLAY" width="2330px" height="2856px"/>
			<graphic mimeType="pdf" url="Safn%20J%C3%B3ns%20Sigur%C3%B0ssonar%20133%20f/82/WEB_DISPLAY"/>
		</surface>
		<surface xml:id="JSSafn-0133f-0041v" n="83">
			<desc>0041v</desc>
			<graphic mimeType="pdf" url="Safn%20J%C3%B3ns%20Sigur%C3%B0ssonar%20133%20f/83/HIGH_QUALITY_DISPLAY"/>
			<graphic mimeType="jpg" url="Safn%20J%C3%B3ns%20Sigur%C3%B0ssonar%20133%20f/83/THUMBNAIL" width="200px" height="245px"/>
			<graphic mimeType="jpg" url="Safn%20J%C3%B3ns%20Sigur%C3%B0ssonar%20133%20f/83/SECONDARY_DISPLAY" width="2330px" height="2856px"/>
			<graphic mimeType="pdf" url="Safn%20J%C3%B3ns%20Sigur%C3%B0ssonar%20133%20f/83/WEB_DISPLAY"/>
		</surface>
		<surface xml:id="JSSafn-0133f-0042r" n="84">
			<desc>0042r</desc>
			<graphic mimeType="pdf" url="Safn%20J%C3%B3ns%20Sigur%C3%B0ssonar%20133%20f/84/HIGH_QUALITY_DISPLAY"/>
			<graphic mimeType="jpg" url="Safn%20J%C3%B3ns%20Sigur%C3%B0ssonar%20133%20f/84/THUMBNAIL" width="200px" height="245px"/>
			<graphic mimeType="jpg" url="Safn%20J%C3%B3ns%20Sigur%C3%B0ssonar%20133%20f/84/SECONDARY_DISPLAY" width="2330px" height="2856px"/>
			<graphic mimeType="pdf" url="Safn%20J%C3%B3ns%20Sigur%C3%B0ssonar%20133%20f/84/WEB_DISPLAY"/>
		</surface>
		<surface xml:id="JSSafn-0133f-0042v" n="85">
			<desc>0042v</desc>
			<graphic mimeType="pdf" url="Safn%20J%C3%B3ns%20Sigur%C3%B0ssonar%20133%20f/85/HIGH_QUALITY_DISPLAY"/>
			<graphic mimeType="jpg" url="Safn%20J%C3%B3ns%20Sigur%C3%B0ssonar%20133%20f/85/THUMBNAIL" width="200px" height="245px"/>
			<graphic mimeType="jpg" url="Safn%20J%C3%B3ns%20Sigur%C3%B0ssonar%20133%20f/85/SECONDARY_DISPLAY" width="2330px" height="2856px"/>
			<graphic mimeType="pdf" url="Safn%20J%C3%B3ns%20Sigur%C3%B0ssonar%20133%20f/85/WEB_DISPLAY"/>
		</surface>
		<surface xml:id="JSSafn-0133f-0043r" n="86">
			<desc>0043r</desc>
			<graphic mimeType="pdf" url="Safn%20J%C3%B3ns%20Sigur%C3%B0ssonar%20133%20f/86/HIGH_QUALITY_DISPLAY"/>
			<graphic mimeType="jpg" url="Safn%20J%C3%B3ns%20Sigur%C3%B0ssonar%20133%20f/86/THUMBNAIL" width="200px" height="245px"/>
			<graphic mimeType="jpg" url="Safn%20J%C3%B3ns%20Sigur%C3%B0ssonar%20133%20f/86/SECONDARY_DISPLAY" width="2330px" height="2856px"/>
			<graphic mimeType="pdf" url="Safn%20J%C3%B3ns%20Sigur%C3%B0ssonar%20133%20f/86/WEB_DISPLAY"/>
		</surface>
		<surface xml:id="JSSafn-0133f-0043v" n="87">
			<desc>0043v</desc>
			<graphic mimeType="pdf" url="Safn%20J%C3%B3ns%20Sigur%C3%B0ssonar%20133%20f/87/HIGH_QUALITY_DISPLAY"/>
			<graphic mimeType="jpg" url="Safn%20J%C3%B3ns%20Sigur%C3%B0ssonar%20133%20f/87/THUMBNAIL" width="200px" height="245px"/>
			<graphic mimeType="jpg" url="Safn%20J%C3%B3ns%20Sigur%C3%B0ssonar%20133%20f/87/SECONDARY_DISPLAY" width="2330px" height="2856px"/>
			<graphic mimeType="pdf" url="Safn%20J%C3%B3ns%20Sigur%C3%B0ssonar%20133%20f/87/WEB_DISPLAY"/>
		</surface>
		<surface xml:id="JSSafn-0133f-0044r" n="88">
			<desc>0044r</desc>
			<graphic mimeType="pdf" url="Safn%20J%C3%B3ns%20Sigur%C3%B0ssonar%20133%20f/88/HIGH_QUALITY_DISPLAY"/>
			<graphic mimeType="jpg" url="Safn%20J%C3%B3ns%20Sigur%C3%B0ssonar%20133%20f/88/THUMBNAIL" width="200px" height="245px"/>
			<graphic mimeType="jpg" url="Safn%20J%C3%B3ns%20Sigur%C3%B0ssonar%20133%20f/88/SECONDARY_DISPLAY" width="2330px" height="2856px"/>
			<graphic mimeType="pdf" url="Safn%20J%C3%B3ns%20Sigur%C3%B0ssonar%20133%20f/88/WEB_DISPLAY"/>
		</surface>
		<surface xml:id="JSSafn-0133f-0044v" n="89">
			<desc>0044v</desc>
			<graphic mimeType="pdf" url="Safn%20J%C3%B3ns%20Sigur%C3%B0ssonar%20133%20f/89/HIGH_QUALITY_DISPLAY"/>
			<graphic mimeType="jpg" url="Safn%20J%C3%B3ns%20Sigur%C3%B0ssonar%20133%20f/89/THUMBNAIL" width="200px" height="245px"/>
			<graphic mimeType="jpg" url="Safn%20J%C3%B3ns%20Sigur%C3%B0ssonar%20133%20f/89/SECONDARY_DISPLAY" width="2330px" height="2856px"/>
			<graphic mimeType="pdf" url="Safn%20J%C3%B3ns%20Sigur%C3%B0ssonar%20133%20f/89/WEB_DISPLAY"/>
		</surface>
		<surface xml:id="JSSafn-0133f-0045r" n="90">
			<desc>0045r</desc>
			<graphic mimeType="pdf" url="Safn%20J%C3%B3ns%20Sigur%C3%B0ssonar%20133%20f/90/HIGH_QUALITY_DISPLAY"/>
			<graphic mimeType="jpg" url="Safn%20J%C3%B3ns%20Sigur%C3%B0ssonar%20133%20f/90/THUMBNAIL" width="200px" height="245px"/>
			<graphic mimeType="jpg" url="Safn%20J%C3%B3ns%20Sigur%C3%B0ssonar%20133%20f/90/SECONDARY_DISPLAY" width="2330px" height="2856px"/>
			<graphic mimeType="pdf" url="Safn%20J%C3%B3ns%20Sigur%C3%B0ssonar%20133%20f/90/WEB_DISPLAY"/>
		</surface>
		<surface xml:id="JSSafn-0133f-0045v" n="91">
			<desc>0045v</desc>
			<graphic mimeType="pdf" url="Safn%20J%C3%B3ns%20Sigur%C3%B0ssonar%20133%20f/91/HIGH_QUALITY_DISPLAY"/>
			<graphic mimeType="jpg" url="Safn%20J%C3%B3ns%20Sigur%C3%B0ssonar%20133%20f/91/THUMBNAIL" width="200px" height="245px"/>
			<graphic mimeType="jpg" url="Safn%20J%C3%B3ns%20Sigur%C3%B0ssonar%20133%20f/91/SECONDARY_DISPLAY" width="2330px" height="2856px"/>
			<graphic mimeType="pdf" url="Safn%20J%C3%B3ns%20Sigur%C3%B0ssonar%20133%20f/91/WEB_DISPLAY"/>
		</surface>
		<surface xml:id="JSSafn-0133f-0046r" n="92">
			<desc>0046r</desc>
			<graphic mimeType="pdf" url="Safn%20J%C3%B3ns%20Sigur%C3%B0ssonar%20133%20f/92/HIGH_QUALITY_DISPLAY"/>
			<graphic mimeType="jpg" url="Safn%20J%C3%B3ns%20Sigur%C3%B0ssonar%20133%20f/92/THUMBNAIL" width="200px" height="245px"/>
			<graphic mimeType="jpg" url="Safn%20J%C3%B3ns%20Sigur%C3%B0ssonar%20133%20f/92/SECONDARY_DISPLAY" width="2330px" height="2856px"/>
			<graphic mimeType="pdf" url="Safn%20J%C3%B3ns%20Sigur%C3%B0ssonar%20133%20f/92/WEB_DISPLAY"/>
		</surface>
		<surface xml:id="JSSafn-0133f-0046v" n="93">
			<desc>0046v</desc>
			<graphic mimeType="pdf" url="Safn%20J%C3%B3ns%20Sigur%C3%B0ssonar%20133%20f/93/HIGH_QUALITY_DISPLAY"/>
			<graphic mimeType="jpg" url="Safn%20J%C3%B3ns%20Sigur%C3%B0ssonar%20133%20f/93/THUMBNAIL" width="200px" height="245px"/>
			<graphic mimeType="jpg" url="Safn%20J%C3%B3ns%20Sigur%C3%B0ssonar%20133%20f/93/SECONDARY_DISPLAY" width="2330px" height="2856px"/>
			<graphic mimeType="pdf" url="Safn%20J%C3%B3ns%20Sigur%C3%B0ssonar%20133%20f/93/WEB_DISPLAY"/>
		</surface>
		<surface xml:id="JSSafn-0133f-9999r-RB" n="94">
			<desc>9999r-RB</desc>
			<graphic mimeType="pdf" url="Safn%20J%C3%B3ns%20Sigur%C3%B0ssonar%20133%20f/94/HIGH_QUALITY_DISPLAY"/>
			<graphic mimeType="jpg" url="Safn%20J%C3%B3ns%20Sigur%C3%B0ssonar%20133%20f/94/THUMBNAIL" width="200px" height="245px"/>
			<graphic mimeType="jpg" url="Safn%20J%C3%B3ns%20Sigur%C3%B0ssonar%20133%20f/94/SECONDARY_DISPLAY" width="2330px" height="2856px"/>
			<graphic mimeType="pdf" url="Safn%20J%C3%B3ns%20Sigur%C3%B0ssonar%20133%20f/94/WEB_DISPLAY"/>
		</surface>
		<surface xml:id="JSSafn-0133f-9999v-RB" n="95">
			<desc>9999v-RB</desc>
			<graphic mimeType="pdf" url="Safn%20J%C3%B3ns%20Sigur%C3%B0ssonar%20133%20f/95/HIGH_QUALITY_DISPLAY"/>
			<graphic mimeType="jpg" url="Safn%20J%C3%B3ns%20Sigur%C3%B0ssonar%20133%20f/95/THUMBNAIL" width="200px" height="239px"/>
			<graphic mimeType="jpg" url="Safn%20J%C3%B3ns%20Sigur%C3%B0ssonar%20133%20f/95/SECONDARY_DISPLAY" width="2388px" height="2852px"/>
			<graphic mimeType="pdf" url="Safn%20J%C3%B3ns%20Sigur%C3%B0ssonar%20133%20f/95/WEB_DISPLAY"/>
		</surface>
		<surface xml:id="JSSafn-0133f-accMat01r" n="96">
			<desc>accMat01r</desc>
			<graphic mimeType="pdf" url="Safn%20J%C3%B3ns%20Sigur%C3%B0ssonar%20133%20f/96/HIGH_QUALITY_DISPLAY"/>
			<graphic mimeType="jpg" url="Safn%20J%C3%B3ns%20Sigur%C3%B0ssonar%20133%20f/96/THUMBNAIL" width="200px" height="88px"/>
			<graphic mimeType="jpg" url="Safn%20J%C3%B3ns%20Sigur%C3%B0ssonar%20133%20f/96/SECONDARY_DISPLAY" width="2752px" height="1212px"/>
			<graphic mimeType="pdf" url="Safn%20J%C3%B3ns%20Sigur%C3%B0ssonar%20133%20f/96/WEB_DISPLAY"/>
		</surface>
		<surface xml:id="JSSafn-0133f-accMat01v" n="97">
			<desc>accMat01v</desc>
			<graphic mimeType="pdf" url="Safn%20J%C3%B3ns%20Sigur%C3%B0ssonar%20133%20f/97/HIGH_QUALITY_DISPLAY"/>
			<graphic mimeType="jpg" url="Safn%20J%C3%B3ns%20Sigur%C3%B0ssonar%20133%20f/97/THUMBNAIL" width="200px" height="92px"/>
			<graphic mimeType="jpg" url="Safn%20J%C3%B3ns%20Sigur%C3%B0ssonar%20133%20f/97/SECONDARY_DISPLAY" width="2648px" height="1220px"/>
			<graphic mimeType="pdf" url="Safn%20J%C3%B3ns%20Sigur%C3%B0ssonar%20133%20f/97/WEB_DISPLAY"/>
		</surface>
		<surface xml:id="JSSafn-0133f-accMat02r" n="98">
			<desc>accMat02r</desc>
			<graphic mimeType="pdf" url="Safn%20J%C3%B3ns%20Sigur%C3%B0ssonar%20133%20f/98/HIGH_QUALITY_DISPLAY"/>
			<graphic mimeType="jpg" url="Safn%20J%C3%B3ns%20Sigur%C3%B0ssonar%20133%20f/98/THUMBNAIL" width="200px" height="157px"/>
			<graphic mimeType="jpg" url="Safn%20J%C3%B3ns%20Sigur%C3%B0ssonar%20133%20f/98/SECONDARY_DISPLAY" width="2688px" height="2108px"/>
			<graphic mimeType="pdf" url="Safn%20J%C3%B3ns%20Sigur%C3%B0ssonar%20133%20f/98/WEB_DISPLAY"/>
		</surface>
		<surface xml:id="JSSafn-0133f-accMat02v" n="99">
			<desc>accMat02v</desc>
			<graphic mimeType="pdf" url="Safn%20J%C3%B3ns%20Sigur%C3%B0ssonar%20133%20f/99/HIGH_QUALITY_DISPLAY"/>
			<graphic mimeType="jpg" url="Safn%20J%C3%B3ns%20Sigur%C3%B0ssonar%20133%20f/99/THUMBNAIL" width="200px" height="152px"/>
			<graphic mimeType="jpg" url="Safn%20J%C3%B3ns%20Sigur%C3%B0ssonar%20133%20f/99/SECONDARY_DISPLAY" width="2712px" height="2064px"/>
			<graphic mimeType="pdf" url="Safn%20J%C3%B3ns%20Sigur%C3%B0ssonar%20133%20f/99/WEB_DISPLAY"/>
		</surface>
		<surface xml:id="JSSafn-0133f-Spine" n="100">
			<desc>Spine</desc>
			<graphic mimeType="pdf" url="Safn%20J%C3%B3ns%20Sigur%C3%B0ssonar%20133%20f/100/HIGH_QUALITY_DISPLAY"/>
			<graphic mimeType="jpg" url="Safn%20J%C3%B3ns%20Sigur%C3%B0ssonar%20133%20f/100/THUMBNAIL" width="30px" height="300px"/>
			<graphic mimeType="jpg" url="Safn%20J%C3%B3ns%20Sigur%C3%B0ssonar%20133%20f/100/SECONDARY_DISPLAY" width="297px" height="2928px"/>
			<graphic mimeType="pdf" url="Safn%20J%C3%B3ns%20Sigur%C3%B0ssonar%20133%20f/100/WEB_DISPLAY"/>
		</surface>
		<surface xml:id="JSSafn-0133f-Fore-Edge" n="101">
			<desc>Fore-Edge</desc>
			<graphic mimeType="pdf" url="Safn%20J%C3%B3ns%20Sigur%C3%B0ssonar%20133%20f/101/HIGH_QUALITY_DISPLAY"/>
			<graphic mimeType="jpg" url="Safn%20J%C3%B3ns%20Sigur%C3%B0ssonar%20133%20f/101/THUMBNAIL" width="35px" height="300px"/>
			<graphic mimeType="jpg" url="Safn%20J%C3%B3ns%20Sigur%C3%B0ssonar%20133%20f/101/SECONDARY_DISPLAY" width="352px" height="2984px"/>
			<graphic mimeType="pdf" url="Safn%20J%C3%B3ns%20Sigur%C3%B0ssonar%20133%20f/101/WEB_DISPLAY"/>
		</surface>
		<surface xml:id="JSSafn-0133f-Head-Edge" n="102">
			<desc>Head-Edge</desc>
			<graphic mimeType="pdf" url="Safn%20J%C3%B3ns%20Sigur%C3%B0ssonar%20133%20f/102/HIGH_QUALITY_DISPLAY"/>
			<graphic mimeType="jpg" url="Safn%20J%C3%B3ns%20Sigur%C3%B0ssonar%20133%20f/102/THUMBNAIL" width="28px" height="300px"/>
			<graphic mimeType="jpg" url="Safn%20J%C3%B3ns%20Sigur%C3%B0ssonar%20133%20f/102/SECONDARY_DISPLAY" width="248px" height="2664px"/>
			<graphic mimeType="pdf" url="Safn%20J%C3%B3ns%20Sigur%C3%B0ssonar%20133%20f/102/WEB_DISPLAY"/>
		</surface>
		<surface xml:id="JSSafn-0133f-Tail-Edge" n="103">
			<desc>Tail-Edge</desc>
			<graphic mimeType="pdf" url="Safn%20J%C3%B3ns%20Sigur%C3%B0ssonar%20133%20f/103/HIGH_QUALITY_DISPLAY"/>
			<graphic mimeType="jpg" url="Safn%20J%C3%B3ns%20Sigur%C3%B0ssonar%20133%20f/103/THUMBNAIL" width="39px" height="300px"/>
			<graphic mimeType="jpg" url="Safn%20J%C3%B3ns%20Sigur%C3%B0ssonar%20133%20f/103/SECONDARY_DISPLAY" width="344px" height="2632px"/>
			<graphic mimeType="pdf" url="Safn%20J%C3%B3ns%20Sigur%C3%B0ssonar%20133%20f/103/WEB_DISPLAY"/>
		</surface>
		<surface xml:id="JSSafn-0133f-Scale" n="104">
			<desc>Scale</desc>
			<graphic mimeType="pdf" url="Safn%20J%C3%B3ns%20Sigur%C3%B0ssonar%20133%20f/104/HIGH_QUALITY_DISPLAY"/>
			<graphic mimeType="jpg" url="Safn%20J%C3%B3ns%20Sigur%C3%B0ssonar%20133%20f/104/THUMBNAIL" width="200px" height="155px"/>
			<graphic mimeType="jpg" url="Safn%20J%C3%B3ns%20Sigur%C3%B0ssonar%20133%20f/104/SECONDARY_DISPLAY" width="8066px" height="6264px"/>
			<graphic mimeType="pdf" url="Safn%20J%C3%B3ns%20Sigur%C3%B0ssonar%20133%20f/104/WEB_DISPLAY"/>
		</surface>
		<surface xml:id="JSSafn-0133f-ccp" n="105">
			<desc>ccp</desc>
			<graphic mimeType="pdf" url="Safn%20J%C3%B3ns%20Sigur%C3%B0ssonar%20133%20f/105/HIGH_QUALITY_DISPLAY"/>
			<graphic mimeType="jpg" url="Safn%20J%C3%B3ns%20Sigur%C3%B0ssonar%20133%20f/105/THUMBNAIL" width="200px" height="144px"/>
			<graphic mimeType="jpg" url="Safn%20J%C3%B3ns%20Sigur%C3%B0ssonar%20133%20f/105/SECONDARY_DISPLAY" width="4678px" height="3376px"/>
			<graphic mimeType="pdf" url="Safn%20J%C3%B3ns%20Sigur%C3%B0ssonar%20133%20f/105/WEB_DISPLAY"/>
		</surface>
	</facsimile>
</TEI>