<?xml version="1.0" encoding="UTF-8"?>
<?oxygen RNGSchema="http://www.handrit.is/schema/handrit-1.0.rnc" type="compact"?>
<TEI xmlns="http://www.tei-c.org/ns/1.0">
    <teiHeader>
        <fileDesc>
            <titleStmt>
                <title>Handritaskrá Árnastofnunar</title>
            </titleStmt>
            <publicationStmt>
                <p>Tilraunaútgáfa</p>
            </publicationStmt>
            <sourceDesc>
                <msDesc xml:lang="is" xml:id="KBAdd02-0006-is">
                    <msIdentifier>
                        <country key="IS">Ísland</country>
                        <settlement>Reykjavík</settlement>
                        <institution>Stofnun Árna Magnússonar í íslenskum fræðum</institution>
                        <repository>Handritasvið</repository>
                        <collection>Safn Árna Magnússonar</collection>
                        <idno>KBAdd 6 fol.</idno>
                        <altIdentifier type="internal" subtype="KatKB">
                            <idno>OI21</idno>
                        </altIdentifier>
                    </msIdentifier>
                    <msContents xml:lang="is">
                        <textLang mainLang="is">Íslenska</textLang>
                        <msItem defective="false" class="islst">
                            <locus from="1r" to="55v">55v</locus>
                            <author key="ThoMag014">Þorlákur Magnússon Ísfjörð</author>
                            <title type="uniform">Hafgeirs saga Flateyings </title>
                            <rubric>Hér hefur sögu af Hafgeiri Flateying</rubric>
                            <incipit>Artus hefur konungur heitið …</incipit>
                            <explicit>… og eru frá honum komnar stórar ættir í Noregi.</explicit>
                            <finalRubric>Höfum vér eigi heyrt fleira af hans frægðarverkum og lúkum
                                vér hér sögunni af Hávarði Flateying.</finalRubric>
                        </msItem>
                        <!-- Heimild P.A. Jorgensen í JEGP 1977 -->

                    </msContents>
                    <physDesc>
                        <objectDesc form="codex">
                            <supportDesc material="chart">
                                <support>Pappír.</support>
                                <extent>i + 55 + i blöð (<dimensions type="leaf" scope="all"
                                        unit="mm">
                                        <height>310</height>
                                        <width>198</width>
                                    </dimensions>).</extent>
                                <foliation>Upprunaleg blaðsíðumerking 1-110.</foliation>
                                <collation>
                                    <p>Sjö kver.<list>
                                            <item>Kver I: bl. 1-8, 4 tvinn.</item>
                                            <item>Kver II: bl. 9-14, 3 tvinn.</item>
                                            <item>Kver III: bl. 15-22, 4 tvinn.</item>
                                            <item>Kver IV: bl. 23-30, 4 tvinn.</item>
                                            <item>Kver V: bl. 31-40, 5 tvinn.</item>
                                            <item>Kver VI: bl. 41-47, 3 tvinn og stakt blað.</item>
                                            <item>Kver VII: bl. 48-55, 4 tvinn.</item>
                                        </list></p>
                                </collation>
                            </supportDesc>
                            <layoutDesc>
                                <layout columns="1" writtenLines="26">
                                    <p>
                                        <list>
                                            <item>Eindálka.</item>
                                            <item>Leturflötur er ca <dimensions type="written"
                                                  unit="mm">
                                                  <height>225</height>
                                                  <width>135</width>
                                                </dimensions>.</item>
                                            <item>Línufjöldi er 26.</item>
                                            <item>Sögulok enda í totu.</item>
                                        </list>
                                    </p>
                                </layout>
                            </layoutDesc>
                        </objectDesc>
                        <handDesc hands="1">
                            <handNote scope="sole" script="humcursiva" scribe="ThoMag014"
                                >Eiginhandarrit <name type="person" key="ThoMag014">Þorleifs
                                    Magnússonar Ísfjörðs</name>, snarhönd.</handNote>
                        </handDesc>
                        <decoDesc>
                            <decoNote type="frieze" subtype="tail-piece">Lítill bókahnútur í sögulok.</decoNote>
                        </decoDesc>
                        <bindingDesc>
                            <binding contemporary="false" notBefore="1800" notAfter="1899">
                                <p>Band frá 19. öld (<dimensions type="binding" unit="mm">
                                        <height>314</height>
                                        <width>202</width>
                                        <depth>13</depth>
                                    </dimensions>). Pappaspjöld klædd pappír með brúnleitu
                                    marmaramynstri. Leður á kili og hornum. Upphleyptar rendur á
                                    kili og gylling. Titill með gylltu á kili. Saurblöð tilheyra
                                    bandi. Handritið liggur í öskju.</p>
                            </binding>
                        </bindingDesc>
                        <accMat>
                            <p>Fastur <locus from="accMat01r" to="accMat01v">seðill</locus> fremst
                                með hendi skrifara þar sem segir að handritið sé skrifað eftir
                                skinnbók frá 12. öld sem hafi komið frá Íslandi árið 1774.</p>
                        </accMat>
                    </physDesc>
                    <history>
                        <origin notBefore="1750" notAfter="1799" cert="high" evidence="external">
                            <p>Handritið var skrifað í <origPlace key="Copen01"
                                >Kaupmannahöfn</origPlace>. Kålund tímasetur það til <origDate
                                    notBefore="1700" notAfter="1799">síðari hluta 18.
                                aldar</origDate> (<ref target="KatKB">Katalog 1900:435</ref>).</p>
                        </origin>
                        <provenance><p>Sjá nr. 251 b fol. í uppboðsskrá <name type="person" key="BerMol001">Bernhards Møllmann</name> 1783.</p></provenance>
                        <acquisition when="1997-04-09">
                            <p>Stofnun Árna Magnússonar á Íslandi tók við handritinu 9. apríl
                            1997.</p>
                        </acquisition>
                    </history>
                    <additional>
                        <adminInfo>
                            <recordHist>
                                <source>
                                    <p>
                                        <list>
                                            <item><name type="person" key="ThoSig001">ÞS</name>
                                                skráði <date notBefore="2009-11-10"
                                                  notAfter="2009-11-10">10. nóvember 2009</date>.</item>
                                            <item><name type="person" key="KriKaa001">Kålund</name>
                                                gekk frá handritinu til skráningar <date when="1900"
                                                  >1900</date> (<bibl>
                                                  <ref target="KatKB">Katalog over de
                                                  oldnorsk-islandske håndskrifter: 435 (nr.
                                                  53)</ref>
                                                </bibl>).</item>
                                        </list>
                                    </p>
                                </source>
                            </recordHist>
                            <custodialHist>
                                <custEvent type="conservation" notBefore="1995-08"
                                    notAfter="1995-11">
                                    <p><name type="person" key="MorGro001">Morten Grønbech</name>
                                        gerði við í ágúst til nóvember 1995. Ekki hreyft við bandi
                                        en lagt í nýja öskju. Lýsing á ljósmyndun og viðgerð fylgdi
                                        með.</p>
                                </custEvent>
                            </custodialHist>
                        </adminInfo>
                        <listBibl>
                            <bibl>Jorgensen, P. A. 1977, <ref target="PetJor1977b">"Hafgeirs saga Flateyings" : an eighteenth-century forgery</ref></bibl>
                            <bibl>Schlit, S. 2003, <ref target="SteSch2003a">The Copenhagen Sagas</ref></bibl>
                        </listBibl>
                    </additional>

                </msDesc>
            </sourceDesc>
        </fileDesc>
    </teiHeader>
    <text>
        <body>

            <p/>
        </body>
    </text>
</TEI>
