<?xml version="1.0" encoding="UTF-8"?>
<?oxygen RNGSchema="http://www.handrit.is/schema/handrit-1.0.rnc" type="compact"?>
<TEI xmlns="http://www.tei-c.org/ns/1.0">
    <teiHeader>
        <fileDesc>
            <titleStmt>
                <title>Handritaskrá Árnastofnunar</title>
            </titleStmt>
            <publicationStmt>
                <p>Tilraunaútgáfa</p>
            </publicationStmt>
            <sourceDesc>
                <msDesc xml:lang="is" xml:id="KBAdd02-0003-is">
                    <msIdentifier>
                        <country key="IS">Ísland</country>
                        <settlement>Reykjavík</settlement>
                        <institution>Stofnun Árna Magnússonar í íslenskum fræðum</institution>
                        <repository>Handritasvið</repository>
                        <collection>Safn Árna Magnússonar</collection>
                        <idno>KBAdd 3 fol.</idno>
                        <altIdentifier type="internal" subtype="KatKB">
                            <idno>OI18</idno>
                        </altIdentifier>
                    </msIdentifier>
                    <msContents xml:lang="is">
                        <textLang mainLang="is">Íslenska</textLang>
                        <msItem><title type="supplied">Apparatus ad Historiam Literariam Islandicam</title></msItem>
                     </msContents>
                    <physDesc>
                        <objectDesc form="codex">
                            <supportDesc material="chart">
                                <support>Pappír.</support>
                                <extent> </extent>
                                <foliation></foliation>
                                <collation>
                                    <p></p>
                                </collation>
                            </supportDesc>
                            <layoutDesc>
                                <layout columns="1">
                                    <p></p></layout>
                            </layoutDesc>
                        </objectDesc>
                        <handDesc hands="1">
                            <handNote scope="sole" script="unknown" scribe="unknown">
                            </handNote>
                        </handDesc>
                        <decoDesc><decoNote></decoNote></decoDesc>
                        <bindingDesc>
                            <binding>
                                <p></p>
                            </binding>
                        </bindingDesc>
                        <accMat>
                            <p></p>
                        </accMat>
                    </physDesc>
                    
                    <history>
                        <origin>
                            <p></p></origin>
                        <provenance></provenance>
                        <acquisition></acquisition>
                    </history>
                    <additional>
                        <adminInfo>
                            <recordHist>
                                <source>
                                    <p>Handritið er óskráð stafrænt.</p> 
                                    <p>Skráning <name type="person" key="KriKaa001">Kristian Kålunds</name> á
                                        handritinu er aðgengileg á <bibl>
                                            <ref target="KatKB">Katalog over de oldnorsk-islandske Håndskrifter i Det store kongelige
                                                Bibliotek og i Universitetsbiblioteket</ref>
                                        </bibl>, bls. 425-426.</p>
                                </source>
                            </recordHist>
                            <custodialHist>
                                <custEvent type="conservation">
                                    <p></p>
                                </custEvent>
                            </custodialHist>
                        </adminInfo>
                        <listBibl>
                            <bibl>1935, <ref target="unknown14">[Vísur]</ref></bibl>
                            <bibl>Aðalheiður Guðmundsdóttir 2001, <ref target="AðaGuð2001a">Úlfhams saga</ref></bibl>
                            <bibl>Árni Heimir Ingólfsson 2014, <ref target="ÁrnIng2014a">Kvæða og tvísöngsbók frá Vestfjörðum</ref></bibl>
                            <bibl>Eiríkur Þormóðsson 2003, <ref target="EirÞor2003a">Oddaannálar og Oddverjaannáll</ref></bibl>
                            <bibl>Gísli Sigurðsson 1995, <ref target="GísSig1995a">Kötludraumur. Flökkuminni eða þjóðfélagsumræða?</ref></bibl>
                            <bibl>Guðrún Ása Grímsdóttir 2001, <ref target="GuðGrí2001a">Lærður Íslendingur á turni</ref></bibl>
                            <bibl>Guðrún Ása Grímsdóttir 2014, <ref target="GuðGrí2014a">Af annálakverum úr Skagafirði</ref></bibl>
                            <bibl>Guðrún Ingólfsdóttir 2006, <ref target="GuðIng2006a">"ef hann skal þar fyrir skáld kalla, nei" : af skáldum í bókmenntasögu 
                                Jóns Ólafssonar úr Grunnavík</ref></bibl>
                            <bibl>Guðrún Ingólfsdóttir 2011, <ref target="GuðIng2011a">Í hverri bók er mannsandi : handritasyrpur - bókmenning, þekking og
                                sjálfsmynd karla og kvenna á 18. öld</ref></bibl>
                            <bibl>Guðrún Ingólfsdóttir 2017, <ref target="GuðIng2017a">Women's manuscript culture in Iceland, 1600-1900</ref></bibl>
                            <bibl>Jón Guðmundsson 1950, <ref target="JónGuð1950a">Spánverjavígin 1615. Sönn frásaga eftir Jón Guðmundsson lærða og
                                Víkinga rímur</ref></bibl>
                            <bibl>Jón Helgason 1975, <ref target="JónHel0843a">Fra Langebeks auktionskatalog</ref></bibl>
                            <bibl>Jón Helgason 1983, <ref target="JónHel1983a">Bækur og handrit á tveimur húnvetnskum höfuðbólum á 18du öld</ref></bibl>
                            <bibl>Jón Ólafsson 2018, <ref target="JónÓla2018a">Safn til íslenskrar bókmenntasögu</ref></bibl>
                            <bibl>Jón Samsonarson 1967, <ref target="JónSam0875a">Nokkur rit frá 16. og 17. öld um íslenzk efni</ref></bibl>
                            <bibl>Jón Samsonarson 1979, <ref target="JónSam1979a">Fjandafæla Gísla Jónssonar lærða í Melrakkadal</ref></bibl>
                            <bibl>Jucknies, R. 2009, <ref target="RegJuc2009a">Der Horizont eines Schreibers : Jón Eggertsson (1643-1689) und seine Handschriften</ref></bibl>
                            <bibl>Már Jónsson 1998, <ref target="MárJón1998a">Árni Magnússon : ævisaga</ref></bibl>
                            <bibl>Ólafur Halldórsson 1974, <ref target="ÓlaHal1974a">Bósa rímur</ref></bibl>
                            <bibl>Stefán Karlsson 1997, <ref target="SteKar1997b">Skrifarar Þorláks biskups Skúlasonar</ref></bibl>
                            <bibl>Stefán Karlsson 2000, <ref target="SteKar2000x">Skrifarar Þorláks biskups Skúlasonar</ref></bibl>
                            <bibl>Guðrún Ása Grímsdóttir 2008, <ref target="GuðGrí2008a">Ættartölusafnrit séra Þórðar Jónssonar í Hítardal</ref></bibl>
                            <bibl>Þórunn Sigurðardóttir 2009, <ref target="ÞórSig2009a">„Píkan leikur píparatart“. Um Stefán Ólafsson, Gunnu og biðilinn</ref></bibl>
                            <bibl>Þórunn Sigurðardóttir 2009, <ref target="ÞórSig2009b">Lítið eitt um minningar og munnmæli í bókmenntasögu Jóns Ólafssonar úr Grunnavík</ref></bibl>
                            <bibl>Þórunn Sigurðardóttir 2010, <ref target="ÞórSig2009c">Erfiljóð Jóns Einarssonar konrektors um Þorlák Þórðarson skólameistara</ref></bibl>
                            <bibl>Þórunn Sigurðardóttir 2011, <ref target="ÞórSig2011a">Upp skýst löngu gleymt listaverk : óþekkt kvæði eftir Hallgrím Pétursson</ref></bibl>
                            <bibl>Þórunn Sigurðardóttir 2015, <ref target="ÞórSig2015b">Heiður og huggun : erfiljóð, harmljóð og huggunarkvæði á 17. öld</ref></bibl>
                            <bibl>Þórunn Sigurðardóttir 2016, <ref target="ÞórSig2016a">Sorg Helgu Jónsdóttur úr Vatnsfirði</ref></bibl>
                            <bibl>Þórunn Sigurðardóttir 2017, <ref target="ÞórSig2017a">Tungumálakunnátta kvenna á 17. öld og heillaósk til Halldóru</ref></bibl>
                            <bibl>Þórunn Sigurðardóttir 2017, <ref target="ÞórSig2017b">Constructing cultural competence in seventeenth-century Iceland : the case of 
                                poetical miscellanies</ref></bibl>
                        </listBibl>
                    </additional>
                    
                </msDesc>
            </sourceDesc>
        </fileDesc>
    </teiHeader>
    <text>
        <body>
            
            <p/>
        </body>
    </text>
</TEI>


