<?xml version="1.0" encoding="UTF-8"?>
<?oxygen RNGSchema="http://www.handrit.is/schema/handrit-1.0.rnc" type="compact"?>
<TEI xmlns="http://www.tei-c.org/ns/1.0">
    <teiHeader>
        <fileDesc>
            <titleStmt>
                <title>Handritaskrá Árnastofnunar</title>
            </titleStmt>
            <publicationStmt>
                <p>Tilraunaútgáfa</p>
            </publicationStmt>
            <sourceDesc>
                <msDesc xml:lang="is" xml:id="KBAdd04-0002-is">
                    <msIdentifier>
                        <country key="IS">Ísland</country>
                        <settlement>Reykjavík</settlement>
                        <institution>Stofnun Árna Magnússonar í íslenskum fræðum</institution>
                        <repository>Handritasvið</repository>
                        <collection>Safn Árna Magnússonar</collection>
                        <idno>KBAdd 2 4to</idno>
                        <altIdentifier type="internal" subtype="KatKB">
                            <idno>OI39</idno>
                        </altIdentifier>
                    </msIdentifier>
                    <msContents xml:lang="is">
                        <textLang mainLang="is">Íslenska</textLang>
                        <msItem><title type="supplied">Grammatica Islandica</title></msItem>
                    </msContents>
                    <physDesc>
                        <objectDesc form="codex">
                            <supportDesc material="chart">
                                <support>Pappír.</support>
                                <extent> </extent>
                                <foliation></foliation>
                                <collation>
                                    <p></p>
                                </collation>
                            </supportDesc>
                            <layoutDesc>
                                <layout columns="1">
                                    <p></p></layout>
                            </layoutDesc>
                        </objectDesc>
                        <handDesc hands="1">
                            <handNote scope="sole" script="unknown" scribe="unknown">
                            </handNote>
                        </handDesc>
                        <decoDesc><decoNote></decoNote></decoDesc>
                        <bindingDesc>
                            <binding>
                                <p></p>
                            </binding>
                        </bindingDesc>
                        <accMat>
                            <p></p>
                        </accMat>
                    </physDesc>
                    
                    <history>
                        <origin>
                            <p></p></origin>
                        <provenance></provenance>
                        <acquisition></acquisition>
                    </history>
                    <additional>
                        <adminInfo>
                            <recordHist>
                                <source>
                                    <p>Handritið er óskráð stafrænt.</p> 
                                    <p>Skráning <name type="person" key="KriKaa001">Kristian Kålunds</name> á
                                        handritinu er aðgengileg á <bibl>
                                            <ref target="KatKB">Katalog over de oldnorsk-islandske Håndskrifter i Det store kongelige
                                                Bibliotek og i Universitetsbiblioteket</ref>
                                        </bibl>, bls. 432.</p>
                                </source>
                            </recordHist>
                            <custodialHist>
                                <custEvent type="conservation">
                                    <p></p>
                                </custEvent>
                            </custodialHist>
                        </adminInfo>
                        <listBibl><bibl><ref></ref></bibl></listBibl>
                    </additional>
                    
                </msDesc>
            </sourceDesc>
        </fileDesc>
    </teiHeader>
    <text>
        <body>
            
            <p/>
        </body>
    </text>
</TEI>




















