<?xml version="1.0" encoding="UTF-8"?>
<?oxygen RNGSchema="http://www.handrit.is/schema/handrit-1.0.rnc" type="compact"?>
<TEI xmlns="http://www.tei-c.org/ns/1.0">
    <teiHeader>
        <fileDesc>
            <titleStmt>
                <title>Handritaskrá Árnastofnunar</title>
            </titleStmt>
            <publicationStmt>
                <p>Tilraunaútgáfa</p>
            </publicationStmt>
            <sourceDesc>
                <msDesc xml:lang="is" xml:id="KG-0006-is">
                    <msIdentifier>
                        <country key="IS">Ísland</country>
                        <settlement>Reykjavík</settlement>
                        <institution>Stofnun Árna Magnússonar í íslenskum fræðum</institution>
                        <repository>Handritasvið</repository>
                        <collection>Safn Árna Magnússonar</collection>
                        <idno>KG 6</idno>
                        <altIdentifier type="internal" subtype="KKKat">
                            <idno>2790</idno>
                        </altIdentifier>
                    </msIdentifier>
                    <msContents>
                        <textLang mainLang="is">Íslenska</textLang>
                        <msItem class="nafnfr ornefn" defective="false">
                            <locus from="1r" to="19v">1r-19v</locus>
                            <author key="KonGis001">Konráð Gíslason</author>
                            <title type="supplied">Personer og steder i Droplaugarsona saga</title>
                            <rubric xml:lang="da">Personer og steder i Droplaugarsona-saga</rubric>
                        </msItem>                                           
                    </msContents>
                    <physDesc>
                        <objectDesc form="codex">
                            <supportDesc material="chart">
                                <support>Pappír.</support>
                                <extent>19 blöð (<dimensions type="leaf" unit="mm">
                                    <height>340</height>
                                    <width>212</width>
                                </dimensions>).</extent>
                                <foliation>
                                    <p>Blaðsíðumerking.</p>
                                </foliation>
                                <collation>
                                    <p></p>
                                    <note></note>
                                </collation>
                                
                                <condition>
                                    <p></p>
                                </condition>
                            </supportDesc>
                            <layoutDesc>
                                <layout columns="1">
                                    <p></p>
                                </layout>
                            </layoutDesc>
                        </objectDesc>
                        <handDesc hands="1">
                            <handNote  scribe="KonGis001" script="unknown" scope="sole">Eiginhandarrit <name type="person" key="KonGis001">Konráðs Gíslasonar</name>.</handNote>
                        </handDesc>
                        <additions>
                            <p></p>
                        </additions>
                        <bindingDesc>
                            <binding contemporary="false"><p>
                            </p>
                            </binding>
                        </bindingDesc>
                        <accMat>
                            <p></p>
                        </accMat>
                    </physDesc>
                    <history>
                        <origin notBefore="1830" notAfter="1890" >
                            <p>Handritið var skrifað í <origPlace key="Copen01">Kaupmannahöfn.</origPlace> Það er tímasett til 19. aldar í <bibl><ref target="KKKat">Katalog</ref>
                            </bibl> II 1892:599.</p></origin>
                        <provenance>
                            <p></p>
                        </provenance>
                        <acquisition when="1992-06-22">
                            <p>Stofnun Árna Magnússonar tók við handritinu 22. júní 1992.</p>
                        </acquisition>
                    </history>
                    <additional>
                        <adminInfo>
                            <recordHist>
                                <source>
                                    <p><name type="person" key="GudIng001">GI</name> skráði <date when="2012-08-09">9. ágúst 2012.</date></p>
                                    <p>Skráning <name type="person" key="KriKaa001">Kristian Kålunds</name> á
                                        handritinu er aðgengileg á <bibl>
                                            <ref target="KKKat">Katalog over den Arnamagnæanske
                                                håndskriftsamling</ref>
                                        </bibl>, II. bindi, bls. 599.</p>
                                </source>
                            </recordHist>
                            <custodialHist>
                                <custEvent type="conservation" when="1992-05">Yfirfarið í maí 1992.</custEvent>
                            </custodialHist>
                        </adminInfo>
                        <surrogates>
                            <p>Svart-hvítar ljósmyndir á Det Arnamagnæanske Institut í Kaupmannahöfn.</p>
                        </surrogates>
                        <listBibl>
                            <bibl/>
                        </listBibl>
                    </additional>
                </msDesc>
            </sourceDesc>
        </fileDesc>
    </teiHeader>
    <text>
        <body>
            
            <p/>
        </body>
    </text>
</TEI>
