<?xml version="1.0" encoding="UTF-8"?>
<?oxygen RNGSchema="http://www.handrit.is/schema/handrit-1.0.rnc" type="compact"?><TEI xmlns="http://www.tei-c.org/ns/1.0">
    <teiHeader>
        <fileDesc>
            <titleStmt>
                <title type="main">KG 374</title>
            </titleStmt>
            <publicationStmt>
                <authority>Den Arnamagnæanske Samling</authority>
                <pubPlace>København</pubPlace>
            </publicationStmt>
            <sourceDesc>
                <msDesc xml:id="KG37-da" xml:lang="da">
                    <msIdentifier>
                        <country>Danmark</country>
                        <settlement>København</settlement>
                        <repository>Den Arnamagnæanske Samling</repository>
                        <idno>KG 37</idno>
                        <altIdentifier type="internal" subtype="KKKat">
                            <idno>2822</idno>
                        </altIdentifier>
                    </msIdentifier>
                    <head>
                        <title type="supplied">Tyske optegnelser af blandet indhold</title>;
                            <origPlace>Danmark</origPlace>, <origDate notBefore="1840" notAfter="1860">ca. 1850</origDate>
                        <note>Indeholder (med ukendt hånd) Excerpter af Kants <title type="uniform">Kritik der reinen Vernunft</title> og Xenophons <title type="uniform">Memorabilia</title>, tyske vers, <title type="uniform">Aphorismen über das tragische</title>, samt <title type="uniform">Hrafnkels saga</title> og <title type="uniform">Bandamanna saga</title>
                  </note>
                    </head>
                    <physDesc>
                        <objectDesc form="codex">
                            <supportDesc material="chart">
                                <support>
                                    <p>
                                        <material>Papir</material>.</p>
                                </support>
                                <extent>120 + nogle vedlagte løse læg. Kun delvist beskrevet. <dimensions type="leaf" unit="mm">
                                        <height>204</height>
                                        <width>176</width>
                                </dimensions>
                        </extent>
                                <collation>
                           <title type="uniform">Bandamanna saga</title> på løse læg.</collation>
                            </supportDesc>
                        </objectDesc>
                    </physDesc>
                </msDesc>
            </sourceDesc>
        </fileDesc>
    </teiHeader>
    <facsimile>
        <surface/>
    </facsimile>
</TEI>