<?xml version="1.0" encoding="UTF-8"?>
<?oxygen RNGSchema="http://www.handrit.is/schema/handrit-1.0.rnc" type="compact"?><TEI xmlns="http://www.tei-c.org/ns/1.0">
    <teiHeader>
        <fileDesc>
            <titleStmt>
                <title type="main">Kr. 2</title>
            </titleStmt>
            <publicationStmt>
                <authority>Den Arnamagnæanske Samling</authority>
                <pubPlace>København</pubPlace>
            </publicationStmt>
            <sourceDesc>
                <msDesc xml:id="Kr2-da" xml:lang="da">
                    <msIdentifier>
                        <country>Danmark</country>
                        <settlement>København</settlement>
                        <repository>Den Arnamagnæanske Samling</repository>
                        <idno>Kr 2</idno>
                        <altIdentifier type="internal" subtype="KKKat">
                            <idno>2782</idno>
                        </altIdentifier>
                    </msIdentifier>
                    <head>
                        <title type="supplied">Vatnsfjarðar-skjöl</title>;
                            <origPlace>Island?</origPlace>, <origDate notBefore="1690" notAfter="1710">ca. 1700</origDate>
                        <note>Angår <name type="person" key="BjoGud002">Björn Guðnason</name> og
                                <name type="person" key="BjoTho002">Bjorn Þorleifsson</name> samt
                            deres ejendomme og arvinger.</note>
                    </head>
                    <physDesc>
                        <objectDesc form="codex">
                            <supportDesc material="chart">
                                <support>
                                    <p>
                                        <material>Papir</material>.</p>
                                </support>
                                <extent>185. <dimensions type="leaf" unit="mm">
                                        <height>202</height>
                                        <width>160</width>
                                    </dimensions>
                        </extent>
                                <condition>De forreste blade er slidte og beskadigede.</condition>
                            </supportDesc>
                        </objectDesc>
                        <handDesc>
                            <handNote scope="sole" scribe="StyTho001" script="unknown">Skrevet af
                                Styr Þorvaldsson.</handNote>
                        </handDesc>
                    </physDesc>
                    <history>
                        <acquisition>Ifølge <name type="person" key="LorKri001">L. Kriegers</name> testamentariske disposition overdraget til
                            <name type="org" key="AMS">Den Arnamagnæanske Samling</name> i <date when="1839">1839</date>
                  </acquisition>
                    </history>
                    <additional>
                        <listBibl>
                            <bibl>Kålund: <ref type="secondary" target="KKKat">Katalog</ref>
                        <biblScope type="volume">II</biblScope>
                                <biblScope type="pages">596</biblScope>
                     </bibl>
                        </listBibl>
                    </additional>
                </msDesc>
            </sourceDesc>
        </fileDesc>
    </teiHeader>
    <facsimile>
        <surface/>
    </facsimile>
</TEI>