<?xml version="1.0" encoding="UTF-8"?>
<?oxygen RNGSchema="http://www.handrit.is/schema/handrit-1.0.rnc" type="compact"?><TEI xmlns="http://www.tei-c.org/ns/1.0">
    <teiHeader>
        <fileDesc>
            <titleStmt>
                <title type="main">Kr. 3</title>
            </titleStmt>
            <publicationStmt>
                <authority>Den Arnamagnæanske Samling</authority>
                <pubPlace>København</pubPlace>
            </publicationStmt>
            <sourceDesc>
                <msDesc xml:id="Kr3-da" xml:lang="da">
                    <msIdentifier>
                        <country>Danmark</country>
                        <settlement>København</settlement>
                        <repository>Den Arnamagnæanske Samling</repository>
                        <idno>Kr 3</idno>
                        <altIdentifier type="internal" subtype="KKKat">
                            <idno>2783</idno>
                        </altIdentifier>
                    </msIdentifier>
                    <head>
                        <title type="supplied">Alþingsbækur 1661-1675, 1677-1681 og 1690</title>;
                            <origPlace>Island?</origPlace>, <origDate notBefore="1630" notAfter="1699">s. XVII 1/2</origDate>
                        <note>Begynder med en alþingsbók <date when="1662">1662</date>, efterfulgt
                            af <date when="1663">1663</date> (en side); næste læg begynder defekt i
                            alþingsbók <date when="1661">1661</date>, der umiddelbart fortsættes af
                                <date when="1663">1663</date>; alþingsbók <date when="1676">1676</date> mangler; alþingsbók <date when="1681">1681</date> ender
                            defekt, alþingsbók <date when="1690">1690</date> (sidste læg, hvis blade
                            er hensmuldrende og beskadigede) begynder defekt.</note>
                    </head>
                    <physDesc>
                        <objectDesc form="codex">
                            <supportDesc material="chart">
                                <support>
                                    <p>
                                        <material>Papir</material>.</p>
                                </support>
                                <extent>148. <dimensions type="leaf" unit="mm">
                                        <height>194</height>
                                        <width>160</width>
                                    </dimensions>
                        </extent>
                                <condition>Lakuner efter bl. 7, 86 og 141</condition>
                            </supportDesc>
                        </objectDesc>
                        <handDesc>
                            <p>Forskellige hænder.</p>
                        </handDesc>
                    </physDesc>
                    <history>
                        <acquisition>Ifølge <name type="person" key="LorKri001">L. Kriegers</name> testamentariske disposition overdraget til
                            <name type="org" key="AMS">Den Arnamagnæanske Samling</name> i <date when="1839">1839</date>
                  </acquisition>
                    </history>
                    <additional>
                        <listBibl>
                            <bibl>Kålund: <ref type="secondary" target="KKKat">Katalog</ref>
                        <biblScope type="volume">II</biblScope>
                                <biblScope type="pages">597</biblScope>
                     </bibl>
                        </listBibl>
                    </additional>
                </msDesc>
            </sourceDesc>
        </fileDesc>
    </teiHeader>
    <facsimile>
        <surface/>
    </facsimile>
</TEI>