<?xml version="1.0" encoding="UTF-8"?>
<?oxygen RNGSchema="http://www.handrit.is/schema/handrit-1.0.rnc" type="compact"?><TEI xmlns="http://www.tei-c.org/ns/1.0">
    <teiHeader>
        <fileDesc>
            <titleStmt>
                <title type="main">Kr. 4</title>
            </titleStmt>
            <publicationStmt>
                <authority>Den Arnamagnæanske Samling</authority>
                <pubPlace>København</pubPlace>
            </publicationStmt>
            <sourceDesc>
                <msDesc xml:id="Kr4-da" xml:lang="da">
                    <msIdentifier>
                        <country>Danmark</country>
                        <settlement>København</settlement>
                        <repository>Den Arnamagnæanske Samling</repository>
                        <idno>Kr 4</idno>
                        <altIdentifier type="internal" subtype="KKKat">
                            <idno>2784</idno>
                        </altIdentifier>
                    </msIdentifier>
                    <head>
                        <title type="supplied">Lovhåndskrift</title>;
                        <origPlace>Island?</origPlace>, <origDate notBefore="1700" notAfter="1725">s. XVIII in</origDate>
                    </head>
                    <msContents>
                        <msItem n="1">
                            <locus from="1r" to="62v">1r-62v</locus>
                            <title type="uniform" xml:lang="is">Kristinréttr Árna biskups</title>
                        </msItem>
                        <msItem n="2">
                            <locus from="63r" to="105r">63r-105r</locus>
                            <title type="uniform" xml:lang="is">Kristinna laga þáttr</title>
                            <note>Fra <title type="uniform" xml:lang="is">Grágás</title>
                     </note>
                        </msItem>
                        <msItem n="3">
                            <locus from="107v" to="108v">107v-108v</locus>
                            <title type="supplied" xml:lang="da">Anekdoter fra den klassiske
                                oldhistorie</title>
                        </msItem>
                        <msItem n="4">
                            <locus from="110r" to="113v">110r-113v</locus>
                            <msItem n="4.1">
                                <title type="supplied" xml:lang="da">Kardinal Vilhelms bestemmelser
                                    angående den norske kirke</title>
                                <rubric>Vilhialms kard. <lb/> leyfi (<date when="1247">1247</date>)
                                </rubric>
                            </msItem>
                            <msItem n="4.2">
                                <title type="supplied">
                           <q xml:lang="is">Privilegiu<ex>m</ex>
                                        Innocentii pafa</q> (<date when="1249">1249</date>)</title>
                            </msItem>
                            <msItem n="4.3">
                                <title type="supplied">
                                    <q xml:lang="is">Kirkiusektir</q> (<date when="1272">1272</date>)
                                </title>
                            </msItem>
                        </msItem>
                    </msContents>
                    <physDesc>
                        <objectDesc form="codex">
                            <supportDesc material="chart">
                                <support>
                                    <p>
                                        <material>Papir</material>.</p>
                                </support>
                                <extent>113. Bl. 105v-107r er ubeskrevne <dimensions type="leaf" unit="mm">
                                        <height>166</height>
                                        <width>104</width>
                                    </dimensions>
                        </extent>
                            </supportDesc>
                        </objectDesc>
                    </physDesc>
                    <history>
                        <acquisition>Ifølge <name type="person" key="LorKri001">L. Kriegers</name> testamentariske disposition overdraget til
                            <name type="org" key="AMS">Den Arnamagnæanske Samling</name> i <date when="1839">1839</date>
                  </acquisition>
                    </history>
                    <additional>
                        <listBibl>
                            <bibl>Kålund: <ref type="secondary" target="KKKat">Katalog</ref>
                        <biblScope type="volume">II</biblScope>
                                <biblScope type="pages">597</biblScope>
                     </bibl>
                            <bibl>Storm: <ref type="secondary" target="NgL4">Norges gamle
                                Love</ref>
                        <biblScope type="volume">IV</biblScope>
                        <biblScope type="pages">94</biblScope>
                     </bibl>
                            <bibl>Vilhjálmur Finsen <ref type="secondary" target="VilFin1852-1870">Grágás</ref>
                        <biblScope type="volume">II</biblScope>
                        <biblScope type="pages">lv</biblScope>
                     </bibl>
                        </listBibl>
                    </additional>
                </msDesc>
            </sourceDesc>
        </fileDesc>
    </teiHeader>
    <facsimile>
        <surface/>
    </facsimile>
</TEI>