<?xml version="1.0" encoding="UTF-8"?>
<?oxygen RNGSchema="http://www.handrit.is/schema/handrit-1.0.rnc" type="compact"?>
<TEI xmlns="http://www.tei-c.org/ns/1.0">
	<teiHeader>
		<fileDesc>
			<titleStmt>
				<title type="main">Lbs 4 8vo</title>
			</titleStmt>
			<publicationStmt>
				<authority>Landsbókasafn Íslands - Háskólabókasafn</authority>
				<pubPlace>Reykjavík</pubPlace>
				<date when="2020-03-19">19. mars 2020</date>
				<availability status="restricted">
					<p>Aðgangur aðeins mögulegur í fræðilegum tilgangi.</p>
				</availability>
			</publicationStmt>
			<sourceDesc>
				<msDesc xml:id="Lbs08-0004-is" xml:lang="is">
					<msIdentifier>
						<country key="IS">Ísland</country>
						<settlement>Reykjavík</settlement>
						<institution>Landsbókasafn Íslands - Háskólabókasafn</institution>
						<repository>Handritasafn</repository>
						<collection>Handritasafn Landsbókasafns</collection>
						<idno>Lbs 4 8vo</idno>
						<altIdentifier type="internal" subtype="PEO">
							<idno>2369</idno>
						</altIdentifier>
					</msIdentifier>
					<msContents>
						<summary>
							<title type="supplied">Guðfræði</title>
						</summary>
						<textLang mainLang="is" otherLangs="la">Íslenska og latína</textLang>
						<msItem n="1" defective="false" class="gudfr">
							<title type="uniform">Evangelisk Lærebog for de höjere Klasser</title>
							<author key="AugNie001">A. H. Niemeyer</author>
							<author key="SteJon007">Steingrímur Jónsson</author>
							<note>Exerpta úr A. H. Neimeyers Evangeliske Lærebog for de höjere
								Religions Klasser i de Lærde Skoler, eftir Steingrím biskup,
								biblíuskýringar og brot úr kirkjusögufyrirlestrum.</note>
						</msItem>

					</msContents>
					<physDesc>
						<objectDesc form="codex">
							<supportDesc material="chart">
								<support>
									<p>Pappír.</p>
								</support>
								<extent>1 + 274 blöð (<dimensions scope="all" type="leaf" unit="mm">
										<height n="173">173</height>
										<width n="112">112</width>
									</dimensions>).</extent>
								<foliation>
									<p/>
								</foliation>
							</supportDesc>
						</objectDesc>

						<handDesc hands="1">
							<summary>Ein hönd ; skrifari:</summary>
							<handNote scope="sole" script="unknown" scribe="SteJon007">
								<name type="person" key="SteJon007">Steingrímur Jónsson</name>
							</handNote>
							
						</handDesc>
					</physDesc>

					<history>
						<origin>
							<origPlace>Ísland</origPlace> <origDate cert="medium" from="1807" to="1809"
								>1807-1809</origDate>. </origin>
						<provenance>
							<p>Lbs 3-7 8vo, úr safni <name type="person" key="SteJon007"
								>Steingríms Jónssonar</name>.</p>
						</provenance>
						<acquisition><p>
							Handritasafn
							<name type="person" key="HanFin001">Hannesar Finnssonar</name>
							og
							<name type="person" key="SteJon007">Steingríms Jónssonar</name>
							var keypt af
							<name type="person" key="ValJon003">Valgerði Jónsdóttur</name>
							<date when="1846-06-05">5. júní 1846</date>
							og marka kaupin stofnun handritasafns.
						</p></acquisition>
					</history>
					<additional>
						<adminInfo>
							<recordHist>
								<source>
									<p><name type="person" key="HalKri001">Halldóra
										Kristinsdóttir</name> frumskráði, <date when="2020-03-19"
											>19. mars 2020</date>.</p>
									<p>Skráning <name type="person" key="PalOla002">Páls Eggerts
											Ólasonar</name> á handritinu er aðgengileg í ritinu <bibl>
											<ref target="PEO">Skrá um handritasöfn
												Landsbókasafnsins,</ref> 2. bindi</bibl>, <ref
											target="https://baekur.is/bok/000233966/2/12/Skra_um_handritasofn_Bindi_2_Bls_12"
											>bls. 5</ref>.</p>
								</source>
							</recordHist>
						</adminInfo>
					</additional>
				</msDesc>
			</sourceDesc>
		</fileDesc>
	</teiHeader>
	<facsimile xml:base="http://www.ImageDirectory.is">
		<surface> </surface>
	</facsimile>
</TEI>
