<?xml version="1.0" encoding="UTF-8"?>
<?oxygen RNGSchema="http://www.handrit.is/schema/handrit-1.0.rnc" type="compact"?>
<TEI xmlns="http://www.tei-c.org/ns/1.0">
	<teiHeader>
		<fileDesc>
			<titleStmt>
				<title type="main">Lbs 3 4to</title>
			</titleStmt>
			<publicationStmt>
				<authority>Landsbókasafn Íslands - Háskólabókasafn</authority>
				<pubPlace>Reykjavík</pubPlace>
				<date when="2019-05-15">15. maí 2019</date>
				<availability status="restricted">
					<p>Aðgangur aðeins mögulegur í fræðilegum tilgangi.</p>
				</availability>
			</publicationStmt>
			<sourceDesc>
				<msDesc xml:id="Lbs04-0003-is" xml:lang="is">
					<msIdentifier>
						<country key="IS">Ísland</country>
						<settlement>Reykjavík</settlement>
						<institution>Landsbókasafn Íslands - Háskólabókasafn</institution>
						<repository>Handritasafn</repository>
						<collection>Handritasafn Landsbókasafns</collection>
						<idno>Lbs 3 4to</idno>
						<altIdentifier type="internal" subtype="PEO">
							<idno>354</idno>
						</altIdentifier>
					</msIdentifier>
					<msContents>
						<summary>
							<title type="supplied">Útlegging af bókum spámannanna Jesaja og Jeremía</title>
						</summary>
						<textLang mainLang="is" otherLangs="la">Íslenska</textLang>
						<msItem n="1" defective="false" class="bibl">
							<locus from="1r" to="80v">1r-80v</locus>
							<title type="supplied">Jesajabók</title>
							<rubric>Esajas spámaður</rubric>
							<respStmt>
								<resp key="trl">Þýðandi</resp>
								<name key="JonJon057" type="person">Jón Jónsson</name>
							</respStmt>
							<incipit>Esajas setur Gyðingum fyrir sjónir, þeirra stóra óþakklæti við Guð.</incipit>
						</msItem>
						<msItem n="2" defective="false" class="bibl">
							<locus from="81r" to="186v">81r-186v</locus>
							<title type="supplied">Jeremíabók</title>
							<rubric>Jeremías spámaður</rubric>
							<respStmt>
								<resp key="trl">Þýðandi</resp>
								<name key="JonJon057" type="person">Jón Jónsson</name>
							</respStmt>
							<incipit>Spámaðurinn er kallaður til af Guði til síns embættis, en sem hann sýnist kvíða fyrir því, eykur Drottinn honum hug 1-10.</incipit>
						</msItem>
					</msContents>
					<physDesc>
						<objectDesc form="codex">
							<supportDesc material="chart">
								<support>
									<p>Pappír.</p>
								</support>
								<extent> i + 186 blöð (<dimensions scope="all" type="leaf" unit="mm">
									<height n="210">210</height>
									<width n="170">170</width>
								</dimensions>).</extent>
								<foliation>
									<p>Gömul blaðsíðutalning 1-365 (<locus from="1r" to="107v"> 1r-186v</locus>).</p>
								</foliation>
							</supportDesc>
						</objectDesc>
						<handDesc hands="1">
							<summary>Skrifari:</summary>
							<handNote scribe="JonJon057" script="unknown" scope="major">
								<name type="person" key="JonJon057">Jón Jónsson</name> á Möðrufelli
							</handNote>
						</handDesc>
						<bindingDesc>
							<binding notBefore="1844" contemporary="false">
								<p>(<dimensions type="binding" unit="mm">
										<height>220</height>
										<width>180</width>
										<depth>39</depth>
									</dimensions>).</p>
								<p>
									<material>Pappaspjöld með lérefti. Saurblöð tilheyra nýju bandi.
									</material>
								</p>
								<p><name type="person" key="PalPal003">Páll Pálsson</name> stúdent
									batt inn.</p>
							</binding>
						</bindingDesc>
					</physDesc>
					<history>
						<origin>
							<origPlace>Ísland</origPlace>
							<origDate cert="medium" when="1820">1820-1830</origDate>
						</origin>
						<provenance>
							<p>Handritið er komið úr safni <name type="person" key="SteJon007">Steingríms
								Jónssonar</name> biskups.</p>
						</provenance>
						<acquisition>
							<p> Handritasafn <name type="person" key="HanFin001">Hannesar
								Finnssonar</name> og <name type="person" key="SteJon007">Steingríms
									Jónssonar</name> var keypt af <name type="person" key="ValJon003">Valgerði Jónsdóttur</name>
								<date when="1846-06-05">5. júní 1846</date> og marka kaupin stofnun
								handritasafns. </p>
						</acquisition>
					</history>
					<additional>
						<adminInfo>
							<recordHist>
								<source><p><name type="person" key="JonEin017">Jón Kristinn Einarsson</name>
									frumskráði, <date when="2019-05-14">14. maí 2019 </date> ;</p>
									<p>Skráning <name type="person" key="PalOla002">Páls Eggerts
										Ólasonar</name> á handritinu er aðgengileg í ritinu <bibl>
											<ref target="PEO">Skrá um handritasöfn
												Landsbókasafnsins 1. bindi</ref>
										</bibl>, <ref target="https://baekur.is/bok/000233966/1/124/Skra_um_handritasofn/?iabr=on#page/Bla%C3%B0s%C3%AD%C3%B0a+116++(124+/+658)/mode/2up ">bls. 117</ref>.</p></source>
							</recordHist>
						</adminInfo>
					</additional>
				</msDesc>
			</sourceDesc>
		</fileDesc>
	</teiHeader>
	<facsimile xml:base="http://www.ImageDirectory.is">
		<surface> </surface>
	</facsimile>
</TEI>
