<?xml version="1.0" encoding="UTF-8"?>
<?oxygen RNGSchema="http://www.handrit.is/schema/handrit-1.0.rnc" type="compact"?>
<TEI xmlns="http://www.tei-c.org/ns/1.0">
	<teiHeader>
		<fileDesc>
			<titleStmt>
				<title type="main">Lbs 4 4to</title>
			</titleStmt>
			<publicationStmt>
				<authority>Landsbókasafn Íslands - Háskólabókasafn</authority>
				<pubPlace>Reykjavík</pubPlace>
				<date when="2019-05-15">15. maí 2019</date>
				<availability status="restricted">
					<p>Aðgangur aðeins mögulegur í fræðilegum tilgangi.</p>
				</availability>
			</publicationStmt>
			<sourceDesc>
				<msDesc xml:id="Lbs04-0004-is" xml:lang="is">
					<msIdentifier>
						<country key="IS">Ísland</country>
						<settlement>Reykjavík</settlement>
						<institution>Landsbókasafn Íslands - Háskólabókasafn</institution>
						<repository>Handritasafn</repository>
						<collection>Handritasafn Landsbókasafns</collection>
						<idno>Lbs 4 4to</idno>
						<altIdentifier type="internal" subtype="PEO">
							<idno>355</idno>
						</altIdentifier>
					</msIdentifier>
					<msContents>
						<summary>
							<title type="supplied">Nýja testamentið</title>
						</summary>
						<textLang mainLang="is">Íslenska</textLang>
						<titlePage type="ms">
							<docTitle>
								<titlePart type="main">Sá nýi sáttmálinn Jesu Christi.</titlePart>
								<titlePart type="sub">Úr grísku útlagður</titlePart>
								<titlePart type="sub">af þeim velæruverðuga og hálærða kennimanni sáluga: Sra Eyjólfi Jónssyni. Forðum sóknarherra að Völlum í Svarfaðadal. Er andaðist þann Decembr. 1745, á 75 aldursári. 
									(<locus from="0001r-FFl" to="0001r-FFl">Saurblað 1r</locus>)</titlePart>
							</docTitle>
						</titlePage>
						<msItem defective="false" class="bibl">
							<locus from="1r" to="320v">1r-320v</locus>
							<title type="supplied">Nýja testamentið</title>
							<respStmt>
								<resp key="trl">Þýðandi</resp>
								<name key="EyjJon002" type="person">Eyjólfur Jónsson</name>
							</respStmt>
							<incipit>Þetta er bók ættartölunnar Jesu Christi, sonar Davíðs, sonar Abrahams.</incipit>
						</msItem>
					</msContents>
					<physDesc>
						<objectDesc form="codex">
							<supportDesc material="chart">
								<support>
									<p>Pappír.</p>
								</support>
								<extent> iii + 320 blöð (<dimensions scope="all" type="leaf" unit="mm">
									<height n="199">199</height>
									<width n="159">159</width>
								</dimensions>).</extent>
								<foliation>
									<p>Gömul blaðsíðutalning 1-365 (<locus from="1r" to="107v"> 1r-186v</locus>).</p>
								</foliation>
							</supportDesc>
						</objectDesc>
						<handDesc hands="1">
							<summary>Skrifari:</summary>
							<handNote scribe="EyjJon002" script="unknown" scope="major">
								<name type="person" key="EyjJon002">Eyjólfur Jónsson</name> á Völlum
							</handNote>
						</handDesc>
						<bindingDesc>
							<binding notBefore="1844" contemporary="false">
								<p>(<dimensions type="binding" unit="mm">
										<height>212</height>
										<width>165</width>
										<depth>65</depth>
									</dimensions>).</p>
								<p>
									<material>Tréspjöld með þrykktu leðurbandi.
									</material>
								</p>
							</binding>
						</bindingDesc>
					</physDesc>
					<history>
						<origin>
							<origPlace>Ísland</origPlace>
							<origDate cert="medium" when="1750">1750</origDate>
						</origin>

						<acquisition>
							<p> Handritið var gefið safninu af <name type="person" key="HalSch001">Hallgrími Scheving</name> þann<date when="1861-12-05"> 2. desember 1861</date>, samanber <locus from="0001v" to="0001v">Saurblað 1v</locus>. </p>
						</acquisition>
					</history>
					<additional>
						<adminInfo>
							<recordHist>
								<source><p><name type="person" key="JonEin017">Jón Kristinn Einarsson</name>
									frumskráði, <date when="2019-05-14">14. maí 2019 </date> ;</p>
									<p>Skráning <name type="person" key="PalOla002">Páls Eggerts
										Ólasonar</name> á handritinu er aðgengileg í ritinu <bibl>
											<ref target="PEO">Skrá um handritasöfn
												Landsbókasafnsins</ref>, 1. bindi
										</bibl>, <ref target="https://baekur.is/bok/000233966/1/126/Skra_um_handritasofn/?iabr=on#page/Bla%C3%B0s%C3%AD%C3%B0a+118++(126+/+658)/mode/2up ">bls. 118.</ref></p></source>
							</recordHist>
						</adminInfo>
					</additional>
				</msDesc>
			</sourceDesc>
		</fileDesc>
	</teiHeader>
	<facsimile xml:base="http://www.ImageDirectory.is">
		<surface> </surface>
	</facsimile>
</TEI>
