<?xml version="1.0" encoding="UTF-8"?>
<?oxygen RNGSchema="http://www.handrit.is/schema/handrit-1.0.rnc" type="compact"?>
<TEI xmlns="http://www.tei-c.org/ns/1.0">
	<teiHeader>
		<fileDesc>
			<titleStmt>
				<title type="main">Lbs 9 fol.</title>
			</titleStmt>
			<publicationStmt>
				<authority>Landsbókasafn Íslands - Háskólabókasafn</authority>
				<pubPlace>Reykjavík</pubPlace>
				<date when="2012-11-20">20. nóvember 2012</date>
				<availability status="restricted">
					<p>Aðgangur aðeins mögulegur í fræðilegum tilgangi.</p>
				</availability>
			</publicationStmt>
			<sourceDesc>
				<msDesc xml:id="Lbs02-0009-is" xml:lang="is">
					<msIdentifier>
						<country key="IS">Ísland</country>
						<settlement>Reykjavík</settlement>
						<institution>Landsbókasafn Íslands - Háskólabókasafn</institution>
						<repository>Handritasafn</repository>
						<collection>Handritasafn Landsbókasafns</collection>
						<idno>Lbs 9 fol.</idno>
						<altIdentifier type="internal" subtype="PEO">
							<idno>9</idno>
						</altIdentifier>
					</msIdentifier>
					<msContents>
						<textLang mainLang="is">Íslenska</textLang>
						<msItem n="1" class="logfr">
							<title type="supplied">Önnur bók [norsku laganna] um trúarbrögðin og geistlegheitin</title>
							<rubric>Önnur bók [norsku laganna] um trúarbrögðin og geislegheitin</rubric>
						</msItem>
						<msItem n="2" class="logfr">
							<title type="supplied">Anden bog [norsku laganna] om religionen og geistligheden</title>
							<rubric>Anden bog [norsku laganna] om religionen og geistligheden </rubric>
						</msItem>
					</msContents>
					<physDesc>
						<objectDesc form="codex">
							<supportDesc material="chart">
								<support>
									<p>Pappír.</p>
								</support>
								<extent/>
								<foliation>
									<p>
										<list>
											<item/>
										</list>
									</p>
								</foliation>
								<collation>
									<p/>
									<note/>
								</collation>

								<condition>
									<p/>
								</condition>
							</supportDesc>
							<layoutDesc>
								<layout columns="1">
									<p/>
								</layout>
							</layoutDesc>
						</objectDesc>
						<handDesc>
							<handNote scribe="unknown" script="unknown" scope="sole"/>
						</handDesc>
						<additions>
							<p/>
						</additions>
						<bindingDesc>
							<binding contemporary="false">
								<p> </p>
							</binding>
						</bindingDesc>
						<accMat>
							<p/>
						</accMat>
					</physDesc>
					<history>
						<origin>
							<p/>
						</origin>
						<provenance>
							<p>Úr handritasafni <name type="person" key="HanFin001">Hannesar Finnssonar</name> biskups.</p>
						</provenance>
						<acquisition>
							<p/>
						</acquisition>
					</history>
					<additional>
						<adminInfo>
							<recordHist>
								<source>
									<p>Handritið er óskráð stafrænt.</p>
									<p>Skráning <name type="person" key="PalOla002">Páls Eggerts
											Ólasonar</name> á handritinu er aðgengileg í ritinu <bibl>
											<ref target="PEO">Skrá um handritasöfn
											Landsbókasafnsins</ref>
										</bibl>, <ref
											target="http://baekur.is/bok/000233966/1/18/Skra_um_handritasofn_Bindi_1_Bls_18  "
											>bls. 10</ref></p>
								</source>
							</recordHist>
							<custodialHist>
								<custEvent type="conservation"/>
							</custodialHist>
						</adminInfo>
					</additional>
				</msDesc>
			</sourceDesc>
		</fileDesc>
	</teiHeader>
	<facsimile xml:base="http://www.ImageDirectory.is">
		<surface> </surface>
	</facsimile>
</TEI>
