<?xml version="1.0" encoding="UTF-8"?>
<?oxygen RNGSchema="http://www.handrit.is/schema/handrit-1.0.rnc" type="compact"?>
<TEI xmlns="http://www.tei-c.org/ns/1.0">
	<teiHeader>
		<fileDesc>
			<titleStmt>
				<title type="main">Lbs 3 8vo</title>
			</titleStmt>
			<publicationStmt>
				<authority>Landsbókasafn Íslands - Háskólabókasafn</authority>
				<pubPlace>Reykjavík</pubPlace>
				<date when="2020-03-19">19. mars 2020</date>
				<availability status="restricted">
					<p>Aðgangur aðeins mögulegur í fræðilegum tilgangi.</p>
				</availability>
			</publicationStmt>
			<sourceDesc>
				<msDesc xml:id="Lbs08-0003-is" xml:lang="is">
					<msIdentifier>
						<country key="IS">Ísland</country>
						<settlement>Reykjavík</settlement>
						<institution>Landsbókasafn Íslands - Háskólabókasafn</institution>
						<repository>Handritasafn</repository>
						<collection>Handritasafn Landsbókasafns</collection>
						<idno>Lbs 3 8vo</idno>
						<altIdentifier type="internal" subtype="PEO">
							<idno>2368</idno>
						</altIdentifier>
					</msIdentifier>
					<msContents>
						<summary>
							<title type="supplied">Biblíuskýringar</title>
						</summary>
						<textLang mainLang="is" otherLangs="la">Íslenska og latína</textLang>
						<msItem n="1" defective="false" class="biblsky">
							<title type="uniform">Biblíuskýringar</title>
						</msItem>

					</msContents>
					<physDesc>
						<objectDesc form="codex">
							<supportDesc material="chart">
								<support>
									<p>Pappír.</p>
								</support>
								<extent>i + 135 blöð (<dimensions scope="all" type="leaf" unit="mm">
										<height n="168">168</height>
										<width n="105">105</width>
									</dimensions>).</extent>
								<foliation>
									<p/>
								</foliation>
							</supportDesc>
						</objectDesc>
						
						<handDesc hands="1">
							<summary>Ein hönd ; skrifari:</summary>
							<handNote scope="major" script="unknown" scribe="SteJon007">
								<name type="person" key="SteJon007">Steingrímur Jónsson</name></handNote>
						</handDesc>
					</physDesc>
					
					<history>
						<origin>
							<origPlace>Ísland</origPlace> um 
							<origDate cert="medium" when="1800">1800</origDate>. </origin>
						<provenance>
							<p>Lbs 3-7 8vo, úr safni <name type="person" key="SteJon007"
								>Steingríms Jónssonar</name>.</p>
						</provenance>
						<acquisition><p>
							Handritasafn
							<name type="person" key="HanFin001">Hannesar Finnssonar</name>
							og
							<name type="person" key="SteJon007">Steingríms Jónssonar</name>
							var keypt af
							<name type="person" key="ValJon003">Valgerði Jónsdóttur</name>
							<date when="1846-06-05">5. júní 1846</date>
							og marka kaupin stofnun handritasafns.
						</p></acquisition>
					</history>
					<additional>
						<adminInfo>
							<recordHist>
								<source>
									<p><name type="person" key="HalKri001">Halldóra
										Kristinsdóttir</name> frumskráði, <date when="2020-03-19"
											>19. mars 2020</date>.</p>
									<p>Skráning <name type="person" key="PalOla002">Páls Eggerts
											Ólasonar</name> á handritinu er aðgengileg í ritinu <bibl>
											<ref target="PEO">Skrá um handritasöfn
												Landsbókasafnsins,</ref> 2. bindi</bibl>, <ref
													target="https://baekur.is/bok/000233966/2/12/Skra_um_handritasofn_Bindi_2_Bls_12"
											>bls. 5</ref>.</p>
								</source>
							</recordHist>
						</adminInfo>
					</additional>
				</msDesc>
			</sourceDesc>
		</fileDesc>
	</teiHeader>
	<facsimile xml:base="http://www.ImageDirectory.is">
		<surface> </surface>
	</facsimile>
</TEI>
