<?xml version="1.0" encoding="UTF-8"?>
<?oxygen RNGSchema="http://www.handrit.is/schema/handrit-1.0.rnc" type="compact"?>
<TEI xmlns="http://www.tei-c.org/ns/1.0">
	<teiHeader>
		<fileDesc>
			<titleStmt>
				<title type="main">Lbs 2 8vo</title>
			</titleStmt>
			<publicationStmt>
				<authority>Landsbókasafn Íslands - Háskólabókasafn</authority>
				<pubPlace>Reykjavík</pubPlace>
				<date when="2020-03-19">19. mars 2020</date>
				<availability status="restricted">
					<p>Aðgangur aðeins mögulegur í fræðilegum tilgangi.</p>
				</availability>
			</publicationStmt>
			<sourceDesc>
				<msDesc xml:id="Lbs08-0002-is" xml:lang="is">
					<msIdentifier>
						<country key="IS">Ísland</country>
						<settlement>Reykjavík</settlement>
						<institution>Landsbókasafn Íslands - Háskólabókasafn</institution>
						<repository>Handritasafn</repository>
						<collection>Handritasafn Landsbókasafns</collection>
						<idno>Lbs 2 8vo</idno>
						<altIdentifier type="internal" subtype="PEO">
							<idno>2367</idno>
						</altIdentifier>
					</msIdentifier>
					<msContents>
						<summary>
							<title type="supplied">Biblíuþýðing</title>
						</summary>
						<textLang mainLang="is">Íslenska </textLang>
						<msItem n="1" defective="false" class="salm">
							<title type="uniform">Davíðssálmar</title>
						</msItem>

					</msContents>
					<physDesc>
						<objectDesc form="codex">
							<supportDesc material="chart">
								<support>
									<p>Pappír.</p>
								</support>
								<extent>199 blöð (<dimensions scope="all" type="leaf" unit="mm">
										<height n="161">161</height>
										<width n="101">101</width>
									</dimensions>).</extent>
								<foliation>
									<p/>
								</foliation>
							</supportDesc>
						</objectDesc>
						
						<handDesc hands="1">
							<summary>Ein hönd ; skrifari óþekktur.</summary>
							<handNote scope="major" script="unknown"> </handNote>
						</handDesc>
						<bindingDesc>
							<binding contemporary="unknown"><p>Skinnband með spennum.</p></binding>
						</bindingDesc>
					</physDesc>
					
					<history>
						<origin>
							<origPlace>Ísland</origPlace>
							<origDate cert="medium" when="1743">1743</origDate>. </origin>
						<provenance>
							<p/>
						</provenance>
						<acquisition>Komið frá <name type="person" key="HalFri001">Halldóri Kr.
								Friðrikssyni</name>.</acquisition>
					</history>
					<additional>
						<adminInfo>
							<recordHist>
								<source>
									<p><name type="person" key="HalKri001">Halldóra
										Kristinsdóttir</name> frumskráði, <date when="2020-03-19"
											>19. mars 2020</date>.</p>
									<p>Skráning <name type="person" key="PalOla002">Páls Eggerts
											Ólasonar</name> á handritinu er aðgengileg í ritinu <bibl>
											<ref target="PEO">Skrá um handritasöfn
												Landsbókasafnsins,</ref> 2. bindi</bibl>, <ref
													target="https://baekur.is/bok/000233966/2/12/Skra_um_handritasofn_Bindi_2_Bls_12"
													>bls. 5</ref>.</p>
								</source>
							</recordHist>
						</adminInfo>
					</additional>
				</msDesc>
			</sourceDesc>
		</fileDesc>
	</teiHeader>
	<facsimile xml:base="http://www.ImageDirectory.is">
		<surface> </surface>
	</facsimile>
</TEI>
