<?xml version="1.0" encoding="UTF-8"?>
<?oxygen RNGSchema="http://www.handrit.is/schema/handrit-1.0.rnc" type="compact"?>
<TEI xmlns="http://www.tei-c.org/ns/1.0">
    <teiHeader>
        <fileDesc>
            <titleStmt>
                <title type="main">Lbs 7 4to</title>
            </titleStmt>
            <publicationStmt>
                <authority>Landsbókasafn Íslands - Háskólabókasafn</authority>
                <pubPlace>Reykjavík</pubPlace>
                <date when="2019-05-16">16. maí 2019</date>
                <availability status="restricted">
                    <p>Aðgangur aðeins mögulegur í fræðilegum tilgangi.</p>
                </availability>
            </publicationStmt>
            <sourceDesc>
                <msDesc xml:id="Lbs04-0007-is" xml:lang="is">
                    <msIdentifier>
                        <country key="IS">Ísland</country>
                        <settlement>Reykjavík</settlement>
                        <institution>Landsbókasafn Íslands - Háskólabókasafn</institution>
                        <repository>Handritasafn</repository>
                        <collection>Handritasafn Landsbókasafns</collection>
                        <idno>Lbs 7 4to</idno>
                        <altIdentifier type="internal" subtype="PEO">
                            <idno>358</idno>
                        </altIdentifier>
                    </msIdentifier>
                    <msContents>
                        <summary>
                            <title type="supplied">Biblíuskýringar </title>
                        </summary>
                        <textLang mainLang="is">Íslenska</textLang>
                        <msItem n="1" defective="false" class="biblsky">
                            <locus from="2r" to="232v">2r-232v</locus>
                            <title type="supplied">Biblíuskýringar</title>
                            <rubric>Exegesis in Evangelium Lucæ</rubric>
                            <incipit>Loukas, nomina græcia quæ in us definunt ...</incipit>
                            <note> Skýringar á Lúkasarguðspjalli og fyrra bréfi Páls til Kórinþumanna ("Exegis in evangelium Lubæ et in epistolam Pauli ad Corinthios primam.") Eftir fyrirlestrum Moldenhavers, með hendi <name
                                type="person" key="GeiVid001">Geirs Vídalín</name> biskups.</note>
                        </msItem>
                        <msItem n="2" defective="false" class="biblsky">
                            <locus from="234r" to="273v">234r-273v</locus>
                            <title>Biblíuskýringar</title>
                            <rubric>Nunquam de Authentia huius Epistolæ dubitatum est</rubric>
                            <incipit>Argumentum est: ...</incipit>
                            <note> Skýringar á fyrra bréfi Páls postula til Kórinþumanna ("Exegesis in epostolam Petri primam."). Með hendi <name type="person" key="HanFin001">Hannesar Finnssonar
                            </name> biskups.</note>
                        </msItem>
                        <msItem n="3" defective="false" class="trumal">
                            <locus from="274r" to="281v">274v-281v</locus>
                            <title>Trúmál</title>
                            <note>Disputatio de morte voluntaria.</note>
                        </msItem>
                    </msContents>
                    <physDesc>
                        <objectDesc form="codex">
                            <supportDesc material="chart">
                                <support>
                                    <p>Pappír.</p>
                                </support>
                                <extent> 281 blöð og seðlar (<dimensions scope="all" type="leaf"
                                    unit="mm">
                                    <height n="204">205</height>
                                    <width n="170">170</width>
                                </dimensions>)</extent>
                            </supportDesc>
                        </objectDesc>
                        <handDesc hands="3">
                            <summary>Þrjár hendur; skrifarar:</summary>
                            <handNote scribe="GeiVid001" script="humcursiva" scope="major">
                                <name type="person" key="GeiVid001">Geir Vídalín</name> biskup
                            </handNote>
                            <handNote scribe="HanFin001" script="humcursiva" scope="minor">
                                <name type="person" key="HanFin001">Hannes Finnsson</name> biskup
                            </handNote>
                            <handNote scribe="unknown" script="humcursiva" scope="minor">
                                <p>Óþekktur skrifari</p>
                            </handNote>
                        </handDesc>
                        <bindingDesc>
                            <binding notBefore="1844" contemporary="false">
                                <p>(<dimensions type="binding" unit="mm">
                                    <height>219</height>
                                    <width>180</width>
                                    <depth>50</depth>
                                </dimensions>).</p>
                                <p>
                                    <material>Pappaspjöld með lérefti. Saurblöð tilheyra nýju bandi.
                                    </material>
                                </p>
                                <p><name type="person" key="PalPal003">Páll Pálsson</name> stúdent
                                    batt inn.</p>
                            </binding>
                        </bindingDesc>
                    </physDesc>
                    <additional>
                        <adminInfo>
                            <recordHist>
                                <source>
                                    <p><name type="person" key="JonEin017">Jón Kristinn
                                        Einarsson</name> frumskráði, <date when="2019-05-16">16. maí
                                            2019 </date> ;</p>
                                    <p>Skráning <name type="person" key="PalOla002">Páls Eggerts
                                        Ólasonar</name> á handritinu er aðgengileg í ritinu <bibl>
                                            <ref target="PEO">Skrá um handritasöfn
                                                Landsbókasafnsins</ref>, 1. bindi </bibl>, <ref
                                                    target="https://baekur.is/bok/000233966/1/126/Skra_um_handritasofn/?iabr=on#page/Bla%C3%B0s%C3%AD%C3%B0a+118++(126+/+658)/mode/2up "
                                                    >bls. 118.</ref></p>
                                </source>
                            </recordHist>
                        </adminInfo>
                    </additional>
                </msDesc>
            </sourceDesc>
        </fileDesc>
    </teiHeader>
    <facsimile xml:base="http://www.ImageDirectory.is">
        <surface> </surface>
    </facsimile>
</TEI>
