<?xml version="1.0" encoding="UTF-8"?>
<?oxygen RNGSchema="http://www.handrit.is/schema/handrit-1.0.rnc" type="compact"?>
<TEI xmlns="http://www.tei-c.org/ns/1.0">
    <teiHeader>
        <fileDesc>
            <titleStmt>
                <title type="main">Lbs 6 4to</title>
            </titleStmt>
            <publicationStmt>
                <authority>Landsbókasafn Íslands - Háskólabókasafn</authority>
                <pubPlace>Reykjavík</pubPlace>
                <date when="2019-05-16">16. maí 2019</date>
                <availability status="restricted">
                    <p>Aðgangur aðeins mögulegur í fræðilegum tilgangi.</p>
                </availability>
            </publicationStmt>
            <sourceDesc>
                <msDesc xml:id="Lbs04-0006-is" xml:lang="is">
                    <msIdentifier>
                        <country key="IS">Ísland</country>
                        <settlement>Reykjavík</settlement>
                        <institution>Landsbókasafn Íslands - Háskólabókasafn</institution>
                        <repository>Handritasafn</repository>
                        <collection>Handritasafn Landsbókasafns</collection>
                        <idno>Lbs 6 4to</idno>
                        <altIdentifier type="internal" subtype="PEO">
                            <idno>357</idno>
                        </altIdentifier>
                    </msIdentifier>
                    <msContents>
                        <summary>
                            <title type="supplied">Biblíuþýðingar </title>
                        </summary>
                        <textLang mainLang="is">Íslenska</textLang>
                        <msItem n="1" defective="false" class="biblþ">
                            <locus from="2r" to="194v">2r-194v</locus>
                            <title type="supplied">Biblíuþýðingar</title>
                            <note>Þýðing á Mattheusar-, Markúsar- og Lúkasarguðspjöllum. Með hendi <name
                                type="person" key="GeiVid001">Geirs Vídalín</name> biskups.</note>
                        </msItem>
                        <msItem n="2" defective="false" class="biblþ">
                            <locus from="205r" to="214v">205v-214v</locus>
                            <title>Biblíuþýðingar</title>
                            <note>Þýðing á bréfi Páls postula til Efesusborgarmanna. Með hendi <name type="person" key="ArnHel002">Árna Helgasonar
                            </name> biskups.</note>
                        </msItem>
                        <msItem n="3" defective="false" class="biblþ">
                            <locus from="215r" to="231v">215v-231v</locus>
                            <title>Biblíuþýðingar</title>
                            <note>Þýðing á síðara bréfi Páls postula til Timotheus, síðara bréfi Péturs postula (brot) og fyrsta bréfi Jóhannessar (brot).</note>
                        </msItem>
                    </msContents>
                    <physDesc>
                        <objectDesc form="codex">
                            <supportDesc material="chart">
                                <support>
                                    <p>Pappír.</p>
                                </support>
                                <extent> 231 blöð og seðlar (<dimensions scope="all" type="leaf"
                                    unit="mm">
                                    <height n="204">204</height>
                                    <width n="165">165</width>
                                </dimensions>).</extent>
                            </supportDesc>
                        </objectDesc>
                        <handDesc hands="3">
                            <summary>Þrjár hendur; skrifarar:</summary>
                            <handNote scribe="GeiVid001" script="humcursiva" scope="major">
                                <name type="person" key="GeiVid001">Geir Vídalín</name> biskup
                            </handNote>
                            <handNote scribe="ArnHel002" script="humcursiva" scope="minor">
                                <name type="person" key="ArnHel002">Árni Helgason</name> biskup
                            </handNote>
                            <handNote scribe="unknown" script="humcursiva" scope="minor">
                                <p>Óþekktur skrifari</p>
                            </handNote>
                        </handDesc>
                        <bindingDesc>
                            <binding notBefore="1844" contemporary="false">
                                <p>(<dimensions type="binding" unit="mm">
                                    <height>219</height>
                                    <width>180</width>
                                    <depth>43</depth>
                                </dimensions>).</p>
                                <p>
                                    <material>Pappaspjöld með lérefti. Saurblöð tilheyra nýju bandi.
                                    </material>
                                </p>
                                <p><name type="person" key="PalPal003">Páll Pálsson</name> stúdent
                                    batt inn.</p>
                            </binding>
                        </bindingDesc>
                    </physDesc>
                    <additional>
                        <adminInfo>
                            <recordHist>
                                <source>
                                    <p><name type="person" key="JonEin017">Jón Kristinn
                                        Einarsson</name> frumskráði, <date when="2019-05-16">16. maí
                                            2019 </date> ;</p>
                                    <p>Skráning <name type="person" key="PalOla002">Páls Eggerts
                                        Ólasonar</name> á handritinu er aðgengileg í ritinu <bibl>
                                            <ref target="PEO">Skrá um handritasöfn
                                                Landsbókasafnsins</ref>, 1. bindi </bibl>, <ref
                                                    target="https://baekur.is/bok/000233966/1/126/Skra_um_handritasofn/?iabr=on#page/Bla%C3%B0s%C3%AD%C3%B0a+118++(126+/+658)/mode/2up "
                                                    >bls. 118.</ref></p>
                                </source>
                            </recordHist>
                        </adminInfo>
                    </additional>
                </msDesc>
            </sourceDesc>
        </fileDesc>
    </teiHeader>
    <facsimile xml:base="http://www.ImageDirectory.is">
        <surface> </surface>
    </facsimile>
</TEI>
