<?xml version="1.0" encoding="UTF-8"?>
<?oxygen RNGSchema="http://www.handrit.is/schema/handrit-1.0.rnc" type="compact"?>
<TEI xmlns="http://www.tei-c.org/ns/1.0">
    <teiHeader>
        <fileDesc>
            <titleStmt>
                <title type="main">Lbs 8 4to</title>
            </titleStmt>
            <publicationStmt>
                <authority>Landsbókasafn Íslands - Háskólabókasafn</authority>
                <pubPlace>Reykjavík</pubPlace>
                <date when="2019-05-16">16. maí 2019</date>
                <availability status="restricted">
                    <p>Aðgangur aðeins mögulegur í fræðilegum tilgangi.</p>
                </availability>
            </publicationStmt>
            <sourceDesc>
                <msDesc xml:id="Lbs04-0008-is" xml:lang="is">
                    <msIdentifier>
                        <country key="IS">Ísland</country>
                        <settlement>Reykjavík</settlement>
                        <institution>Landsbókasafn Íslands - Háskólabókasafn</institution>
                        <repository>Handritasafn</repository>
                        <collection>Handritasafn Landsbókasafns</collection>
                        <idno>Lbs 8 4to</idno>
                        <altIdentifier type="internal" subtype="PEO">
                            <idno>359</idno>
                        </altIdentifier>
                    </msIdentifier>
                    <msContents>
                        <summary>
                            <title type="supplied">Biblíuskýringar </title>
                        </summary>
                        <textLang mainLang="is" otherLangs="el">Íslenska</textLang>
                        <titlePage type="ms">
                            <docTitle>
                                <titlePart type="main">Exegetík yfir Markús litla guðspjallamann.</titlePart>
                                <titlePart type="sub">Fyrirlesin af Lector theol. J. Jónssyni Riddara af Dannebrogin</titlePart>
                                <titlePart type="sub">Skrifuð af <name type="person" key="ThoBod002">Þórarni Böðvarssyni</name> 1845-1846. testis loeupletissimus Þ. Þórðarson. Testis quis?
                                    (<locus from="1r" to="1r">1r</locus>)</titlePart>
                            </docTitle>
                        </titlePage>
                        <msItem defective="false" class="biblsky">
                            <locus from="1r" to="320v">1r-320v</locus>
                            <title type="supplied">Skýringar á Markúsarguðspjalli</title>
                            <rubric>Lectoriamus.</rubric>
                            <incipit>Inngangur um Markús litla hvar hann var eftir sögu kirkju feðranna er hann sá sami sem kallast Johannis Markus.</incipit>
                            <note>Neðst á blaði <locus from="20r" to="20r"> 20r</locus> má finna eftirfarandi texta: "Öskupokadagurinn er á morgun, vambraunin í kvöld. Dirrjong!"</note>
                        </msItem>
                    </msContents>
                    <physDesc>
                        <objectDesc form="codex">
                            <supportDesc material="chart">
                                <support>
                                    <p>Pappír.</p>
                                </support>
                                <extent> 48 blöð (<dimensions scope="all" type="leaf"
                                    unit="mm">
                                    <height n="210">210</height>
                                    <width n="170">170</width>
                                </dimensions>)</extent>
                            </supportDesc>
                        </objectDesc>
                        <handDesc hands="1">
                            <summary>Skrifari:</summary>
                            <handNote scribe="ThoBod002" script="humcursiva" scope="major">
                                <name type="person" key="ThoBod002">Þórarinn Böðvarsson</name> 
                            </handNote>
                        </handDesc>
                        <bindingDesc>
                            <binding notBefore="1844" contemporary="false">
                                <p>(<dimensions type="binding" unit="mm">
                                    <height>215</height>
                                    <width>175</width>
                                    <depth>9</depth>
                                </dimensions>).</p>
                                <p>
                                    <material>Pappaspjöld með léreftskili.
                                    </material>
                                </p>
                                <p><name type="person" key="PalPal003">Páll Pálsson</name> stúdent
                                    batt inn.</p>
                            </binding>
                        </bindingDesc>
                    </physDesc>
                    <additional>
                        <adminInfo>
                            <recordHist>
                                <source>
                                    <p><name type="person" key="JonEin017">Jón Kristinn
                                        Einarsson</name> frumskráði, <date when="2019-05-16">16. maí
                                            2019 </date> ;</p>
                                    <p>Skráning <name type="person" key="PalOla002">Páls Eggerts
                                        Ólasonar</name> á handritinu er aðgengileg í ritinu <bibl>
                                            <ref target="PEO">Skrá um handritasöfn
                                                Landsbókasafnsins</ref>, 1. bindi </bibl>, <ref
                                                    target="https://baekur.is/bok/000233966/1/126/Skra_um_handritasofn/?iabr=on#page/Bla%C3%B0s%C3%AD%C3%B0a+118++(126+/+658)/mode/2up "
                                                    >bls. 118.</ref></p>
                                </source>
                            </recordHist>
                        </adminInfo>
                    </additional>
                </msDesc>
            </sourceDesc>
        </fileDesc>
    </teiHeader>
    <facsimile xml:base="http://www.ImageDirectory.is">
        <surface> </surface>
    </facsimile>
</TEI>
