<?xml version="1.0" encoding="UTF-8"?>
<?oxygen RNGSchema="http://www.handrit.is/schema/handrit-1.0.rnc" type="compact"?>
<TEI xmlns="http://www.tei-c.org/ns/1.0">
	<teiHeader>
		<fileDesc>
			<titleStmt>
				<title type="main">Lbs dipl 2</title>
				<title type="subordinate">Kaupbréf, 24. febrúar 1391</title>
			</titleStmt>
			<publicationStmt>
				<authority>Landsbókasafn Íslands - Háskólabókasafn</authority>
				<pubPlace>Reykjavík</pubPlace>
				<date when="2014-09-29">29. september 2014</date>
				<availability status="restricted">
					<p>Aðgangur aðeins mögulegur í fræðilegum tilgangi.</p>
				</availability>
			</publicationStmt>
			<sourceDesc>
				<msDesc xml:id="LbsDipl-0002-is" xml:lang="is">
					<msIdentifier>
						<country key="IS">Ísland</country>
						<settlement>Reykjavík</settlement>
						<institution>Landsbókasafn Íslands - Háskólabókasafn</institution>
						<repository>Handritasafn</repository>
						<collection>Skinnblöð Landsbókasafns</collection>
						<idno>Lbs dipl 2</idno>
					</msIdentifier>
					<msContents>
						<textLang mainLang="is">Íslenska</textLang>
						<msItem defective="true" class="fornb">
							<title type="supplied">Kaupbréf</title>
							<note>Kaupbréf fyrir <name type="place" key="NauHól01">Nautabúi</name> í
								Tungusveit í Skagafirði. Frumrit. Kaupið fór fram á Svínavatni;
								bréfið gert í <name type="place" key="VíkSta01">Vík</name> í
								Sæmundarhlíð 24. febrúar 1391.</note>
							<bibl>Prentað í <ref type="primary-2" target="DiplIsl">Diplomatarium
									Islandicum</ref>
								<biblScope type="volume">III</biblScope>
								<biblScope type="pages">456-457</biblScope> eftir uppskrift Jóns
								Magnússonar á frumbréfinu.</bibl>
						</msItem>
					</msContents>
					<physDesc>
						<objectDesc form="codex">
							<supportDesc material="perg">
								<support>
									<p>Skinn.</p>
								</support>
							</supportDesc>
						</objectDesc>
						<sealDesc>
							<seal>
								<p>Öll (10) innsiglin glötuð ásamt þvengjum.</p>
							</seal>
						</sealDesc>
					</physDesc>
					<history>
						<origin>
							<origPlace>Ísland</origPlace>
							<origDate cert="high" when="1391-02-24">24. febrúar 1391.</origDate>
						</origin>
						<provenance>
							<p>Er komið úr dánarbúi <name type="person" key="JonPet001">Jóns
									Péturssonar</name> háyfirdómara. 19. nóvember 1898.</p>
						</provenance>
					</history>
					<additional>
						<adminInfo>
							<recordHist>
								<source><name type="person" key="WolHes001">Wolfgang Hesse</name>
									skráði fyrir myndatöku, <date when="2014-09-29">29. september
										2014</date>.</source>
							</recordHist>
							<custodialHist>
								<custEvent type="check">
									<p>Athugað fyrir myndatöku <date when="2014-10">október
										2014</date>.</p>
								</custEvent>
								<custEvent type="photography">
									<p> Myndað í <date when="2014-11">nóvember 2014</date>.</p>
								</custEvent>
							</custodialHist>
						</adminInfo>
						<surrogates>
							<p> Myndað fyrir handritavef í <date when="2014-11">nóvember
								2014</date>.</p>
						</surrogates>
					</additional>
				</msDesc>
			</sourceDesc>
		</fileDesc>
	</teiHeader>
	<facsimile xml:base="https://myndir.handrit.is/file/Handrit.is/">
		<surface xml:id="LbsDipl-0002-0001r" n="0">
			<desc>0001r</desc>
			<graphic mimeType="pdf" url="Lbs%20dipl%202/0/HIGH_QUALITY_DISPLAY"/>
			<graphic mimeType="jpg" url="Lbs%20dipl%202/0/THUMBNAIL" width="200px" height="99px"/>
			<graphic mimeType="jpg" url="Lbs%20dipl%202/0/SECONDARY_DISPLAY" width="3076px" height="1520px"/>
			<graphic mimeType="pdf" url="Lbs%20dipl%202/0/WEB_DISPLAY"/>
		</surface>
		<surface xml:id="LbsDipl-0002-0001v" n="1">
			<desc>0001v</desc>
			<graphic mimeType="pdf" url="Lbs%20dipl%202/1/HIGH_QUALITY_DISPLAY"/>
			<graphic mimeType="jpg" url="Lbs%20dipl%202/1/THUMBNAIL" width="200px" height="99px"/>
			<graphic mimeType="jpg" url="Lbs%20dipl%202/1/SECONDARY_DISPLAY" width="3024px" height="1493px"/>
			<graphic mimeType="pdf" url="Lbs%20dipl%202/1/WEB_DISPLAY"/>
		</surface>
		<surface xml:id="LbsDipl-0002-Scale" n="2">
			<desc>Scale</desc>
			<graphic mimeType="pdf" url="Lbs%20dipl%202/2/HIGH_QUALITY_DISPLAY"/>
			<graphic mimeType="jpg" url="Lbs%20dipl%202/2/THUMBNAIL" width="200px" height="134px"/>
			<graphic mimeType="jpg" url="Lbs%20dipl%202/2/SECONDARY_DISPLAY" width="3809px" height="2553px"/>
			<graphic mimeType="pdf" url="Lbs%20dipl%202/2/WEB_DISPLAY"/>
		</surface>
		<surface xml:id="LbsDipl-0002-ccp" n="3">
			<desc>ccp</desc>
			<graphic mimeType="pdf" url="Lbs%20dipl%202/3/HIGH_QUALITY_DISPLAY"/>
			<graphic mimeType="jpg" url="Lbs%20dipl%202/3/THUMBNAIL" width="200px" height="120px"/>
			<graphic mimeType="jpg" url="Lbs%20dipl%202/3/SECONDARY_DISPLAY" width="5651px" height="3402px"/>
			<graphic mimeType="pdf" url="Lbs%20dipl%202/3/WEB_DISPLAY"/>
		</surface>
	</facsimile>
</TEI>