<?xml version="1.0" encoding="UTF-8"?>
<?oxygen RNGSchema="http://www.handrit.is/schema/handrit-1.0.rnc" type="compact"?>
<TEI xmlns="http://www.tei-c.org/ns/1.0">
	<teiHeader>
		<fileDesc>
			<titleStmt>
				<title type="main">Lbs dipl 6</title>
				<title type="subordinate">Uppskrift, 1700-1799</title>
			</titleStmt>
			<publicationStmt>
				<authority>Landsbókasafn Íslands - Háskólabókasafn</authority>
				<pubPlace>Reykjavík</pubPlace>
				<date when="2014-09-29">29. september 2014</date>
				<availability status="restricted">
					<p>Aðgangur aðeins mögulegur í fræðilegum tilgangi.</p>
				</availability>
			</publicationStmt>
			<sourceDesc>
				<msDesc xml:id="LbsDipl-0006-is" xml:lang="is">
					<msIdentifier>
						<country key="IS">Ísland</country>
						<settlement>Reykjavík</settlement>
						<institution>Landsbókasafn Íslands - Háskólabókasafn</institution>
						<repository>Handritasafn</repository>
						<collection>Skinnblöð Landsbókasafns</collection>
						<idno>Lbs dipl 6</idno>
					</msIdentifier>
					<msContents>
						<textLang mainLang="is">Íslenska</textLang>
						<msItem defective="true" class="fornb">
							<title type="supplied">Uppskrift</title>
							<note>Uppskrift á pappír frá 18. öld. Byggingarbréf <name type="person" key="OddAsm001">Odds Ásmundssonar</name> lögmanns fyrir hálfri
									<name type="place" key="MælLýt02">Mælifellsá</name> í
								Skagafirði, 2. maí 1467 (uppskriftin hefur 1440).</note>
							<bibl>Prentað í <ref type="primary-2" target="DiplIsl">Diplomatarium
									Islandicum</ref>
								<biblScope type="volume">V</biblScope>
								<biblScope type="pages">481-482</biblScope> eftir tveimur öðrum
								uppskriftum frá 18. öld; orðamunur nokkur.</bibl>
						</msItem>
					</msContents>
					<physDesc>
						<objectDesc form="codex">
							<supportDesc material="chart">
								<support>
									<p>Pappír.</p>
								</support>
							</supportDesc>
						</objectDesc>
					</physDesc>
					<history>
						<origin>
							<origPlace>Ísland</origPlace>
							<origDate cert="medium" notBefore="1700" notAfter="1799">á 18.
							öld.</origDate>
						</origin>
						<provenance>
							<p>Er komið úr dánarbúi <name type="person" key="JonPet001">Jóns
									Péturssonar</name> háyfirdómara. 19. nóvember 1898.</p>
						</provenance>
					</history>
					<additional>
						<adminInfo>
							<recordHist>
								<source><name type="person" key="WolHes001">Wolfgang Hesse</name>
									skráði fyrir myndatöku, <date when="2014-09-29">29. september
										2014</date>.</source>
							</recordHist>
							<custodialHist>
								<custEvent type="check">
									<p>Athugað fyrir myndatöku <date when="2014-10">október
										2014</date>.</p>
								</custEvent>
								<custEvent type="photography">
									<p> Myndað í <date when="2014-11">nóvember 2014</date>.</p>
								</custEvent>
							</custodialHist>
						</adminInfo>
						<surrogates>
							<p> Myndað fyrir handritavef í <date when="2014-11">nóvember
								2014</date>.</p>
						</surrogates>
					</additional>
				</msDesc>
			</sourceDesc>
		</fileDesc>
	</teiHeader>
	<facsimile xml:base="https://myndir.handrit.is/file/Handrit.is/">
		<surface xml:id="LbsDipl-0006-0001r" n="0">
			<desc>0001r</desc>
			<graphic mimeType="pdf" url="Lbs%20dipl%206/0/HIGH_QUALITY_DISPLAY"/>
			<graphic mimeType="jpg" url="Lbs%20dipl%206/0/THUMBNAIL" width="200px" height="130px"/>
			<graphic mimeType="jpg" url="Lbs%20dipl%206/0/SECONDARY_DISPLAY" width="2164px" height="1410px"/>
			<graphic mimeType="pdf" url="Lbs%20dipl%206/0/WEB_DISPLAY"/>
		</surface>
		<surface xml:id="LbsDipl-0006-0001v" n="1">
			<desc>0001v</desc>
			<graphic mimeType="pdf" url="Lbs%20dipl%206/1/HIGH_QUALITY_DISPLAY"/>
			<graphic mimeType="jpg" url="Lbs%20dipl%206/1/THUMBNAIL" width="200px" height="131px"/>
			<graphic mimeType="jpg" url="Lbs%20dipl%206/1/SECONDARY_DISPLAY" width="2142px" height="1401px"/>
			<graphic mimeType="pdf" url="Lbs%20dipl%206/1/WEB_DISPLAY"/>
		</surface>
		<surface xml:id="LbsDipl-0006-Scale" n="2">
			<desc>Scale</desc>
			<graphic mimeType="pdf" url="Lbs%20dipl%206/2/HIGH_QUALITY_DISPLAY"/>
			<graphic mimeType="jpg" url="Lbs%20dipl%206/2/THUMBNAIL" width="200px" height="168px"/>
			<graphic mimeType="jpg" url="Lbs%20dipl%206/2/SECONDARY_DISPLAY" width="2979px" height="2505px"/>
			<graphic mimeType="pdf" url="Lbs%20dipl%206/2/WEB_DISPLAY"/>
		</surface>
		<surface xml:id="LbsDipl-0006-ccp" n="3">
			<desc>ccp</desc>
			<graphic mimeType="pdf" url="Lbs%20dipl%206/3/HIGH_QUALITY_DISPLAY"/>
			<graphic mimeType="jpg" url="Lbs%20dipl%206/3/THUMBNAIL" width="200px" height="140px"/>
			<graphic mimeType="jpg" url="Lbs%20dipl%206/3/SECONDARY_DISPLAY" width="4874px" height="3405px"/>
			<graphic mimeType="pdf" url="Lbs%20dipl%206/3/WEB_DISPLAY"/>
		</surface>
	</facsimile>
</TEI>