<?xml version="1.0" encoding="UTF-8"?>
<?oxygen RNGSchema="http://www.handrit.is/schema/handrit-1.0.rnc" type="compact"?>
<TEI xmlns="http://www.tei-c.org/ns/1.0">
	<teiHeader>
		<fileDesc>
			<titleStmt>
				<title type="main">Lbs dipl 1</title>
				<title type="subordinate">Transskriptarbréf, 21. júní 1546</title>
			</titleStmt>
			<publicationStmt>
				<authority>Landsbókasafn Íslands - Háskólabókasafn</authority>
				<pubPlace>Reykjavík</pubPlace>
				<date when="2014-09-29">29. september 2014</date>
				<availability status="restricted">
					<p>Aðgangur aðeins mögulegur í fræðilegum tilgangi.</p>
				</availability>
			</publicationStmt>
			<sourceDesc>
				<msDesc xml:id="LbsDipl-0001-is" xml:lang="is">
					<msIdentifier>
						<country key="IS">Ísland</country>
						<settlement>Reykjavík</settlement>
						<institution>Landsbókasafn Íslands - Háskólabókasafn</institution>
						<repository>Handritasafn</repository>
						<collection>Skinnblöð Landsbókasafns</collection>
						<idno>Lbs dipl 1</idno>
					</msIdentifier>
					<msContents>
						<textLang mainLang="is">Íslenska</textLang>
						<msItem defective="true" class="fornb">
							<title type="supplied">Transskriptarbréf</title>
							<note>Transskriptarbréf, gert á Stóru Ökrum 21. júní 1546, á vitnisburði
								um landamerki Þorleiksstaða í Blönduhlíð frá 23. júní 1311.</note>
							<bibl>
								<ref type="primary-1" target="DiplIsl">Diplomatarium Islandicum</ref>
								<biblScope type="volume">VI</biblScope>
								<biblScope type="pages">7</biblScope>.
							</bibl>
							<bibl>
								<ref type="primary-1" target="DiplIsl">Diplomatarium Islandicum</ref>
								<biblScope type="volume">XI</biblScope>
								<biblScope type="pages">469</biblScope> (transskriptarformálinn).
							</bibl>
						</msItem>
					</msContents>
					<physDesc>
						<objectDesc form="codex">
							<supportDesc material="perg">
								<support>
									<p>Skinn.</p>
								</support>
							</supportDesc>
						</objectDesc>
					</physDesc>
					<history>
						<origin>
							<origPlace>Ísland</origPlace>
							<origDate cert="high" when="1546-06-21">21. júní 1546.</origDate>
						</origin>
						<provenance>
							<p>Er komið úr dánarbúi <name type="person" key="JonPet001">Jóns
									Péturssonar</name> háyfirdómara. 19. nóvember 1898.</p>
						</provenance>
					</history>
					<additional>
						<adminInfo>
							<recordHist>
								<source><name type="person" key="WolHes001">Wolfgang Hesse</name>
									skráði fyrir myndatöku, <date when="2014-09-29">29. september
										2014</date>.</source>
							</recordHist>
							<custodialHist>
								<custEvent type="check">
									<p>Athugað fyrir myndatöku <date when="2014-10">október
										2014</date>.</p>
								</custEvent>
								<custEvent type="photography">
									<p> Myndað í <date when="2014-11">nóvember 2014</date>.</p>
								</custEvent>
							</custodialHist>
						</adminInfo>
						<surrogates>
							<p> Myndað fyrir handritavef í <date when="2014-11">nóvember
								2014</date>.</p>
						</surrogates>
					</additional>
				</msDesc>
			</sourceDesc>
		</fileDesc>
	</teiHeader>
	<facsimile xml:base="https://myndir.handrit.is/file/Handrit.is/">
		<surface xml:id="LbsDipl-0001-0001r" n="0">
			<desc>0001r</desc>
			<graphic mimeType="pdf" url="Lbs%20dipl%201/0/HIGH_QUALITY_DISPLAY"/>
			<graphic mimeType="jpg" url="Lbs%20dipl%201/0/THUMBNAIL" width="200px" height="157px"/>
			<graphic mimeType="jpg" url="Lbs%20dipl%201/0/SECONDARY_DISPLAY" width="3200px" height="2512px"/>
			<graphic mimeType="pdf" url="Lbs%20dipl%201/0/WEB_DISPLAY"/>
		</surface>
		<surface xml:id="LbsDipl-0001-0001v" n="1">
			<desc>0001v</desc>
			<graphic mimeType="pdf" url="Lbs%20dipl%201/1/HIGH_QUALITY_DISPLAY"/>
			<graphic mimeType="jpg" url="Lbs%20dipl%201/1/THUMBNAIL" width="200px" height="156px"/>
			<graphic mimeType="jpg" url="Lbs%20dipl%201/1/SECONDARY_DISPLAY" width="3259px" height="2534px"/>
			<graphic mimeType="pdf" url="Lbs%20dipl%201/1/WEB_DISPLAY"/>
		</surface>
		<surface xml:id="LbsDipl-0001-Scale" n="2">
			<desc>Scale</desc>
			<graphic mimeType="pdf" url="Lbs%20dipl%201/2/HIGH_QUALITY_DISPLAY"/>
			<graphic mimeType="jpg" url="Lbs%20dipl%201/2/THUMBNAIL" width="200px" height="133px"/>
			<graphic mimeType="jpg" url="Lbs%20dipl%201/2/SECONDARY_DISPLAY" width="3893px" height="2586px"/>
			<graphic mimeType="pdf" url="Lbs%20dipl%201/2/WEB_DISPLAY"/>
		</surface>
		<surface xml:id="LbsDipl-0001-ccp" n="3">
			<desc>ccp</desc>
			<graphic mimeType="pdf" url="Lbs%20dipl%201/3/HIGH_QUALITY_DISPLAY"/>
			<graphic mimeType="jpg" url="Lbs%20dipl%201/3/THUMBNAIL" width="200px" height="117px"/>
			<graphic mimeType="jpg" url="Lbs%20dipl%201/3/SECONDARY_DISPLAY" width="5895px" height="3441px"/>
			<graphic mimeType="pdf" url="Lbs%20dipl%201/3/WEB_DISPLAY"/>
		</surface>
	</facsimile>
</TEI>