<?xml version="1.0" encoding="UTF-8"?>
<?oxygen RNGSchema="http://www.handrit.is/schema/handrit-1.0.rnc" type="compact"?>
<TEI xmlns="http://www.tei-c.org/ns/1.0">
	<teiHeader>
		<fileDesc>
			<titleStmt>
				<title type="main">Lbs dipl 3</title>
				<title type="subordinate">Kaupbréf, 22. mars 1392</title>
			</titleStmt>
			<publicationStmt>
				<authority>Landsbókasafn Íslands - Háskólabókasafn</authority>
				<pubPlace>Reykjavík</pubPlace>
				<date when="2014-09-29">29. september 2014</date>
				<availability status="restricted">
					<p>Aðgangur aðeins mögulegur í fræðilegum tilgangi.</p>
				</availability>
			</publicationStmt>
			<sourceDesc>
				<msDesc xml:id="LbsDipl-0003-is" xml:lang="is">
					<msIdentifier>
						<country key="IS">Ísland</country>
						<settlement>Reykjavík</settlement>
						<institution>Landsbókasafn Íslands - Háskólabókasafn</institution>
						<repository>Handritasafn</repository>
						<collection>Skinnblöð Landsbókasafns</collection>
						<idno>Lbs dipl 3</idno>
					</msIdentifier>
					<msContents>
						<summary>
							<note>
								<p xml:lang="is"/>
							</note>
						</summary>
						<textLang mainLang="is">Íslenska</textLang>
						<msItem defective="true" class="fornb">
							<title type="supplied">Kaupbréf</title>
							<note>Kaupbréf fyrir Mjóadal í Laxárdal, gert í Bólstaðarhlíð 22. mars
								1392. Frumrit. Aftan á stendur með samtíða hendi: "bref um
								miovadal". </note>
							<bibl>Prentað í <ref type="primary-2" target="DiplIsl">Diplomatarium Islandicum</ref>
								<biblScope type="volume">III</biblScope>
								<biblScope type="pages">477-478</biblScope> eftir uppskrift Jóns
								Magnússonar á frumbréfinu.</bibl>
						</msItem>
					</msContents>
					<physDesc>
						<objectDesc form="codex">
							<supportDesc material="perg">
								<support>
									<p>Skinn.</p>
								</support>
							</supportDesc>
						</objectDesc>
						<sealDesc>
							<seal>
								<p>Öll (6) innsiglin glötuð, en þrír þvengir varðveittir.</p>
							</seal>
						</sealDesc>
					</physDesc>
					<history>
						<origin>
							<origPlace>Ísland</origPlace>
							<origDate cert="high" when="1392-03-22">22. mars 1392.</origDate>
						</origin>
						<provenance>
							<p>Er komið úr dánarbúi <name type="person" key="JonPet001">Jóns
									Péturssonar</name> háyfirdómara. 19. nóvember 1898.</p>
						</provenance>
					</history>
					<additional>
						<adminInfo>
							<recordHist>
								<source><name type="person" key="WolHes001">Wolfgang Hesse</name>
									skráði fyrir myndatöku, <date when="2014-09-29">29. september
										2014</date>.</source>
							</recordHist>
							<custodialHist>
								<custEvent type="check">
									<p>Athugað fyrir myndatöku <date when="2014-10">október
										2014</date>.</p>
								</custEvent>
								<custEvent type="photography">
									<p> Myndað í <date when="2014-11">nóvember 2014</date>.</p>
								</custEvent>
							</custodialHist>
						</adminInfo>
						<surrogates>
							<p> Myndað fyrir handritavef í <date when="2014-11">nóvember
								2014</date>.</p>
						</surrogates>
					</additional>
				</msDesc>
			</sourceDesc>
		</fileDesc>
	</teiHeader>
	<facsimile xml:base="https://myndir.handrit.is/file/Handrit.is/">
		<surface xml:id="LbsDipl-0003-0001r" n="0">
			<desc>0001r</desc>
			<graphic mimeType="pdf" url="Lbs%20dipl%203/0/HIGH_QUALITY_DISPLAY"/>
			<graphic mimeType="jpg" url="Lbs%20dipl%203/0/THUMBNAIL" width="200px" height="124px"/>
			<graphic mimeType="jpg" url="Lbs%20dipl%203/0/SECONDARY_DISPLAY" width="3772px" height="2331px"/>
			<graphic mimeType="pdf" url="Lbs%20dipl%203/0/WEB_DISPLAY"/>
		</surface>
		<surface xml:id="LbsDipl-0003-0001v" n="1">
			<desc>0001v</desc>
			<graphic mimeType="pdf" url="Lbs%20dipl%203/1/HIGH_QUALITY_DISPLAY"/>
			<graphic mimeType="jpg" url="Lbs%20dipl%203/1/THUMBNAIL" width="200px" height="123px"/>
			<graphic mimeType="jpg" url="Lbs%20dipl%203/1/SECONDARY_DISPLAY" width="3772px" height="2323px"/>
			<graphic mimeType="pdf" url="Lbs%20dipl%203/1/WEB_DISPLAY"/>
		</surface>
		<surface xml:id="LbsDipl-0003-Scale" n="2">
			<desc>Scale</desc>
			<graphic mimeType="pdf" url="Lbs%20dipl%203/2/HIGH_QUALITY_DISPLAY"/>
			<graphic mimeType="jpg" url="Lbs%20dipl%203/2/THUMBNAIL" width="200px" height="113px"/>
			<graphic mimeType="jpg" url="Lbs%20dipl%203/2/SECONDARY_DISPLAY" width="4479px" height="2521px"/>
			<graphic mimeType="pdf" url="Lbs%20dipl%203/2/WEB_DISPLAY"/>
		</surface>
		<surface xml:id="LbsDipl-0003-ccp" n="3">
			<desc>ccp</desc>
			<graphic mimeType="pdf" url="Lbs%20dipl%203/3/HIGH_QUALITY_DISPLAY"/>
			<graphic mimeType="jpg" url="Lbs%20dipl%203/3/THUMBNAIL" width="200px" height="106px"/>
			<graphic mimeType="jpg" url="Lbs%20dipl%203/3/SECONDARY_DISPLAY" width="6437px" height="3404px"/>
			<graphic mimeType="pdf" url="Lbs%20dipl%203/3/WEB_DISPLAY"/>
		</surface>
	</facsimile>
</TEI>