<?xml version="1.0" encoding="UTF-8"?>
<?oxygen RNGSchema="http://www.handrit.is/schema/handrit-1.0.rnc" type="compact"?>
<TEI xmlns="http://www.tei-c.org/ns/1.0">
	<teiHeader>
		<fileDesc>
			<titleStmt>
				<title type="main">Lbs dipl 5</title>
				<title type="subordinate">Vitnisburður, 26. júní 1460</title>
			</titleStmt>
			<publicationStmt>
				<authority>Landsbókasafn Íslands - Háskólabókasafn</authority>
				<pubPlace>Reykjavík</pubPlace>
				<date when="2014-09-29">29. september 2014</date>
				<availability status="restricted">
					<p>Aðgangur aðeins mögulegur í fræðilegum tilgangi.</p>
				</availability>
			</publicationStmt>
			<sourceDesc>
				<msDesc xml:id="LbsDipl-0005-is" xml:lang="is">
					<msIdentifier>
						<country key="IS">Ísland</country>
						<settlement>Reykjavík</settlement>
						<institution>Landsbókasafn Íslands - Háskólabókasafn</institution>
						<repository>Handritasafn</repository>
						<collection>Skinnblöð Landsbókasafns</collection>
						<idno>Lbs dipl 5</idno>
					</msIdentifier>
					<msContents>
						<textLang mainLang="is">Íslenska</textLang>
						<msItem defective="true" class="fornb">
							<title type="supplied">Vitnisburður</title>
							<note>Vitnisburður 6 manna, að <name type="person" key="MagBen003">Magnús Benediktsson</name> hafi lukt <name type="person" key="BenMag005">Benedikt syni</name> sínum 140 hundruð í
								móðurarf hans, útgefinn við Samkomugerði í Eyjafirði 28. maí 1460;
								bréfið skrifað í <name type="place" key="MöðHra01">Möðrufelli</name>
								26. júní 1460. Frumrit. Aftan á bréfinu stendur með yngri hendi:
								"Giafa bref benedichttz magnus sonar fyrir vik oc Hole þar vt fraa j
								sæmundar hlid".</note>
							<bibl>Prentað í <ref type="primary-2" target="DiplIsl">Diplomatarium
									Islandicum</ref>
								<biblScope type="volume">V</biblScope>
								<biblScope type="pages">212-213</biblScope> eftir uppskrift Jóns
								Magnússonar á frumbréfinu.</bibl>
						</msItem>
					</msContents>
					<physDesc>
						<objectDesc form="codex">
							<supportDesc material="perg">
								<support>
									<p>Skinn.</p>
								</support>
							</supportDesc>
						</objectDesc>
						<sealDesc>
							<seal>
								<p>Öll (6) innsiglin glötuð; þvengirnir varðveittir.</p>
							</seal>
						</sealDesc>
					</physDesc>
					<history>
						<origin>
							<origPlace>Ísland</origPlace>
							<origDate cert="high" when="1460-06-26">26. júní 1460.</origDate>
						</origin>
						<provenance>
							<p>Er komið úr dánarbúi <name type="person" key="JonPet001">Jóns
									Péturssonar</name> háyfirdómara. 19. nóvember 1898.</p>
						</provenance>
					</history>
					<additional>
						<adminInfo>
							<recordHist>
								<source><name type="person" key="WolHes001">Wolfgang Hesse</name>
									skráði fyrir myndatöku, <date when="2014-09-29">29. september
										2014</date>.</source>
							</recordHist>
							<custodialHist>
								<custEvent type="check">
									<p>Athugað fyrir myndatöku <date when="2014-10">október
										2014</date>.</p>
								</custEvent>
								<custEvent type="photography">
									<p> Myndað í <date when="2014-11">nóvember 2014</date>.</p>
								</custEvent>
							</custodialHist>
						</adminInfo>
						<surrogates>
							<p> Myndað fyrir handritavef í <date when="2014-11">nóvember
								2014</date>.</p>
						</surrogates>
					</additional>
				</msDesc>
			</sourceDesc>
		</fileDesc>
	</teiHeader>
	<facsimile xml:base="https://myndir.handrit.is/file/Handrit.is/">
		<surface xml:id="LbsDipl-0005-0001r" n="0">
			<desc>0001r</desc>
			<graphic mimeType="pdf" url="Lbs%20dipl%205/0/HIGH_QUALITY_DISPLAY"/>
			<graphic mimeType="jpg" url="Lbs%20dipl%205/0/THUMBNAIL" width="200px" height="157px"/>
			<graphic mimeType="jpg" url="Lbs%20dipl%205/0/SECONDARY_DISPLAY" width="2676px" height="2099px"/>
			<graphic mimeType="pdf" url="Lbs%20dipl%205/0/WEB_DISPLAY"/>
		</surface>
		<surface xml:id="LbsDipl-0005-0001v" n="1">
			<desc>0001v</desc>
			<graphic mimeType="pdf" url="Lbs%20dipl%205/1/HIGH_QUALITY_DISPLAY"/>
			<graphic mimeType="jpg" url="Lbs%20dipl%205/1/THUMBNAIL" width="200px" height="155px"/>
			<graphic mimeType="jpg" url="Lbs%20dipl%205/1/SECONDARY_DISPLAY" width="2696px" height="2088px"/>
			<graphic mimeType="pdf" url="Lbs%20dipl%205/1/WEB_DISPLAY"/>
		</surface>
		<surface xml:id="LbsDipl-0005-Scale" n="2">
			<desc>Scale</desc>
			<graphic mimeType="pdf" url="Lbs%20dipl%205/2/HIGH_QUALITY_DISPLAY"/>
			<graphic mimeType="jpg" url="Lbs%20dipl%205/2/THUMBNAIL" width="200px" height="146px"/>
			<graphic mimeType="jpg" url="Lbs%20dipl%205/2/SECONDARY_DISPLAY" width="3484px" height="2552px"/>
			<graphic mimeType="pdf" url="Lbs%20dipl%205/2/WEB_DISPLAY"/>
		</surface>
		<surface xml:id="LbsDipl-0005-ccp" n="3">
			<desc>ccp</desc>
			<graphic mimeType="pdf" url="Lbs%20dipl%205/3/HIGH_QUALITY_DISPLAY"/>
			<graphic mimeType="jpg" url="Lbs%20dipl%205/3/THUMBNAIL" width="200px" height="128px"/>
			<graphic mimeType="jpg" url="Lbs%20dipl%205/3/SECONDARY_DISPLAY" width="5316px" height="3404px"/>
			<graphic mimeType="pdf" url="Lbs%20dipl%205/3/WEB_DISPLAY"/>
		</surface>
	</facsimile>
</TEI>