<?xml version="1.0" encoding="UTF-8"?>
<?oxygen RNGSchema="http://www.handrit.is/schema/handrit-1.0.rnc" type="compact"?>
<TEI xmlns="http://www.tei-c.org/ns/1.0">
	<teiHeader>
		<fileDesc>
			<titleStmt>
				<title type="main">Lbs fragm 3</title>
				<title type="subordinate">Maríu saga, Ísland, 1300-1350</title>
			</titleStmt>
			<publicationStmt>
				<authority>Landsbókasafn Íslands - Háskólabókasafn</authority>
				<pubPlace>Reykjavík</pubPlace>
				<date when="2014-09-23">23. september 2014</date>
				<availability status="restricted">
					<p>Aðgangur aðeins mögulegur í fræðilegum tilgangi.</p>
				</availability>
			</publicationStmt>
			<sourceDesc>
				<msDesc xml:id="LbsFragm-0003-is" xml:lang="is">
					<msIdentifier>
						<country key="IS">Ísland</country>
						<settlement>Reykjavík</settlement>
						<institution>Landsbókasafn Íslands - Háskólabókasafn</institution>
						<repository>Handritasafn</repository>
						<collection>Skinnblöð Landsbókasafns</collection>
						<idno>Lbs fragm 3</idno>
						<msName>Maríu saga</msName>
					</msIdentifier>
					<msContents>
						<textLang mainLang="is">Íslenska</textLang>
						<msItem defective="true" class="hels">
							<title type="uniform">Maríu saga</title>
							<incipit>… fai skiotan dauða …</incipit>
							<explicit>Ok moðir sialf </explicit>
							<bibl>C. R: Unger: <ref type="primary-1" target="Mariu1871">Maríu saga 1871</ref>,
									<biblScope type="pages">429:32-432:12, 450:4-451:7,
							163:20-167:3</biblScope>.</bibl>
						</msItem>
					</msContents>
					<physDesc>
						<objectDesc form="codex">
							<supportDesc material="perg">
								<support>
									<p>Skinn.</p>
								</support>
								<extent>2 blöð samföst, ósamstæð (<dimensions scope="all" type="leaf" unit="mm">
										<height>195</height>
										<width>170</width>
									</dimensions>).</extent>
								<condition>Skorin á öllum jöðrum; tvær línur skornar ofan af texta
									nema á litlu horni af blaði 2. Hafa verið utan um bók og eru
									blað 1r og 2v máð og torlesin.</condition>
							</supportDesc>
						</objectDesc>
						<decoDesc>
							<decoNote type="paratext">Rauðar fyrirsagnir.</decoNote>
							<decoNote type="initial">Rauðir upphafsstafir.</decoNote>
						</decoDesc>
					</physDesc>
					<history>
						<origin>
							<origPlace>Ísland</origPlace>
							<origDate cert="medium" notBefore="1300" notAfter="1350">á fyrri hluta
								14. aldar.</origDate>
						</origin>
						<provenance>
							<p>Blöðin afhent Lbs. úr bókasafni Hins almenna menntaskóla í
							Reykjavík.</p>
						</provenance>
					</history>
					<additional>
						<adminInfo>
							<recordHist>
								<source><name type="person" key="WolHes001">Wolfgang Hesse</name>
									skráði fyrir myndatöku, <date when="2014-09-23">23. september
										2014</date>.</source>
							</recordHist>
							<custodialHist>
								<custEvent type="check">
									<p>Athugað fyrir myndatöku <date when="2014-10">október
										2014</date>.</p>
								</custEvent>
								<custEvent type="photography">
									<p> Myndað í <date when="2014-10">október 2014</date>.</p>
								</custEvent>
							</custodialHist>
						</adminInfo>
						<surrogates>
							<p> Myndað fyrir handritavef í <date when="2014-10">október
								2014</date>.</p>
						</surrogates>
					</additional>
				</msDesc>
			</sourceDesc>
		</fileDesc>
	</teiHeader>
	<facsimile xml:base="https://myndir.handrit.is/file/Handrit.is/">
		<surface xml:id="LbsFragm-0003-0001r" n="0">
			<desc>0001r</desc>
			<graphic mimeType="pdf" url="Lbs%20fragm%203/0/HIGH_QUALITY_DISPLAY"/>
			<graphic mimeType="jpg" url="Lbs%20fragm%203/0/THUMBNAIL" width="200px" height="209px"/>
			<graphic mimeType="jpg" url="Lbs%20fragm%203/0/SECONDARY_DISPLAY" width="2205px" height="2309px"/>
			<graphic mimeType="pdf" url="Lbs%20fragm%203/0/WEB_DISPLAY"/>
		</surface>
		<surface xml:id="LbsFragm-0003-0001v" n="1">
			<desc>0001v</desc>
			<graphic mimeType="pdf" url="Lbs%20fragm%203/1/HIGH_QUALITY_DISPLAY"/>
			<graphic mimeType="jpg" url="Lbs%20fragm%203/1/THUMBNAIL" width="200px" height="215px"/>
			<graphic mimeType="jpg" url="Lbs%20fragm%203/1/SECONDARY_DISPLAY" width="2161px" height="2321px"/>
			<graphic mimeType="pdf" url="Lbs%20fragm%203/1/WEB_DISPLAY"/>
		</surface>
		<surface xml:id="LbsFragm-0003-0002r" n="2">
			<desc>0002r</desc>
			<graphic mimeType="pdf" url="Lbs%20fragm%203/2/HIGH_QUALITY_DISPLAY"/>
			<graphic mimeType="jpg" url="Lbs%20fragm%203/2/THUMBNAIL" width="200px" height="229px"/>
			<graphic mimeType="jpg" url="Lbs%20fragm%203/2/SECONDARY_DISPLAY" width="2247px" height="2568px"/>
			<graphic mimeType="pdf" url="Lbs%20fragm%203/2/WEB_DISPLAY"/>
		</surface>
		<surface xml:id="LbsFragm-0003-0002v" n="3">
			<desc>0002v</desc>
			<graphic mimeType="pdf" url="Lbs%20fragm%203/3/HIGH_QUALITY_DISPLAY"/>
			<graphic mimeType="jpg" url="Lbs%20fragm%203/3/THUMBNAIL" width="200px" height="221px"/>
			<graphic mimeType="jpg" url="Lbs%20fragm%203/3/SECONDARY_DISPLAY" width="2289px" height="2533px"/>
			<graphic mimeType="pdf" url="Lbs%20fragm%203/3/WEB_DISPLAY"/>
		</surface>
		<surface xml:id="LbsFragm-0003-accMat01r" n="4">
			<desc>accMat01r</desc>
			<graphic mimeType="pdf" url="Lbs%20fragm%203/4/HIGH_QUALITY_DISPLAY"/>
			<graphic mimeType="jpg" url="Lbs%20fragm%203/4/THUMBNAIL" width="200px" height="248px"/>
			<graphic mimeType="jpg" url="Lbs%20fragm%203/4/SECONDARY_DISPLAY" width="2352px" height="2912px"/>
			<graphic mimeType="pdf" url="Lbs%20fragm%203/4/WEB_DISPLAY"/>
		</surface>
		<surface xml:id="LbsFragm-0003-accMat01v" n="5">
			<desc>accMat01v</desc>
			<graphic mimeType="pdf" url="Lbs%20fragm%203/5/HIGH_QUALITY_DISPLAY"/>
			<graphic mimeType="jpg" url="Lbs%20fragm%203/5/THUMBNAIL" width="200px" height="246px"/>
			<graphic mimeType="jpg" url="Lbs%20fragm%203/5/SECONDARY_DISPLAY" width="2348px" height="2892px"/>
			<graphic mimeType="pdf" url="Lbs%20fragm%203/5/WEB_DISPLAY"/>
		</surface>
		<surface xml:id="LbsFragm-0003-Scale" n="6">
			<desc>Scale</desc>
			<graphic mimeType="pdf" url="Lbs%20fragm%203/6/HIGH_QUALITY_DISPLAY"/>
			<graphic mimeType="jpg" url="Lbs%20fragm%203/6/THUMBNAIL" width="200px" height="174px"/>
			<graphic mimeType="jpg" url="Lbs%20fragm%203/6/SECONDARY_DISPLAY" width="3029px" height="2640px"/>
			<graphic mimeType="pdf" url="Lbs%20fragm%203/6/WEB_DISPLAY"/>
		</surface>
		<surface xml:id="LbsFragm-0003-ccp" n="7">
			<desc>ccp</desc>
			<graphic mimeType="pdf" url="Lbs%20fragm%203/7/HIGH_QUALITY_DISPLAY"/>
			<graphic mimeType="jpg" url="Lbs%20fragm%203/7/THUMBNAIL" width="200px" height="137px"/>
			<graphic mimeType="jpg" url="Lbs%20fragm%203/7/SECONDARY_DISPLAY" width="4964px" height="3408px"/>
			<graphic mimeType="pdf" url="Lbs%20fragm%203/7/WEB_DISPLAY"/>
		</surface>
	</facsimile>
</TEI>