<?xml version="1.0" encoding="UTF-8"?>
<?oxygen RNGSchema="http://www.handrit.is/schema/handrit-1.0.rnc" type="compact"?>
<TEI xmlns="http://www.tei-c.org/ns/1.0">
	<teiHeader>
		<fileDesc>
			<titleStmt>
				<title type="main">Lbs fragm 13</title>
				<title type="subordinate">Brot úr píningarsögu, 1550-1600</title>
			</titleStmt>
			<publicationStmt>
				<authority>Landsbókasafn Íslands - Háskólabókasafn</authority>
				<pubPlace>Reykjavík</pubPlace>
				<date when="2014-10-02">2. október 2014</date>
				<availability status="restricted">
					<p>Aðgangur aðeins mögulegur í fræðilegum tilgangi.</p>
				</availability>
			</publicationStmt>
			<sourceDesc>
				<msDesc xml:id="LbsFragm-0013-is" xml:lang="is">
					<msIdentifier>
						<country key="IS">Ísland</country>
						<settlement>Reykjavík</settlement>
						<institution>Landsbókasafn Íslands - Háskólabókasafn</institution>
						<repository>Handritasafn</repository>
						<collection>Skinnblöð Landsbókasafns</collection>
						<idno>Lbs fragm 13</idno>
					</msIdentifier>
					<msContents>
						<textLang mainLang="is">Íslenska</textLang>
						<msItem defective="true" class="bibl">
							<title type="supplied">Brot úr píningarsögu</title>
							<incipit>… adist […] ad hann uæri eirn af son […] anna eptir þotta
								heidingianna</incipit>
							<explicit>suo ad þier skulud uita ad finn aunga</explicit>
							<note>
								<p>Matt. 27 og Jóh. 18-19.</p>
								<p>Brot úr píningarsögu (samsteypu úr guðspjöllum). Textinn ekki
									orðrétt samhljóða Guðbrandsbiblíu (frábrugðinn texta í Historia
									Pinunnar 1558).</p>

							</note>
						</msItem>
					</msContents>
					<physDesc>
						<objectDesc form="codex">
							<supportDesc material="perg">
								<support>
									<p>Skinn.</p>
								</support>
								<extent>1 blað (<dimensions scope="all" type="leaf" unit="mm">
										<height>115</height>
										<width>130</width>
									</dimensions>).</extent>
								<condition>Skorið neðan af lesmáli og örlítið af ytra jaðri, en fast
									að lesmáli að ofan og á innra jaðri. Fremri blaðsíða máð og víða
									torlesin.</condition>
							</supportDesc>
						</objectDesc>
						<decoDesc>
							<decoNote type="initial">Leifar að rauðum upphafsstaf.</decoNote>
						</decoDesc>
					</physDesc>
					<history>
						<origin>
							<origPlace>Ísland</origPlace>
							<origDate cert="medium" notBefore="1550" notAfter="1600">á ofanverðri
								16. öld.</origDate>
						</origin>
						<provenance>
							<p>Úr safni <name type="person" key="SteJon005">Stefáns alþingismanns
									Jónssonar</name> á Steinsstöðum.</p>
						</provenance>
					</history>
					<additional>
						<adminInfo>
							<recordHist>
								<source><name type="person" key="WolHes001">Wolfgang Hesse</name>
									skráði fyrir myndatöku, <date when="2014-10-02">2. október
									2014</date>.</source>
							</recordHist>
							<custodialHist>
								<custEvent type="check">
									<p>Athugað fyrir myndatöku <date when="2014-10">október
										2014</date>.</p>
								</custEvent>
								<custEvent type="photography">
									<p> Myndað í <date when="2014-10">október 2014</date>.</p>
								</custEvent>
							</custodialHist>
						</adminInfo>
						<surrogates>
							<p> Myndað fyrir handritavef í <date when="2014-10">október
								2014</date>.</p>
						</surrogates>
					</additional>
				</msDesc>
			</sourceDesc>
		</fileDesc>
	</teiHeader>
	<facsimile xml:base="https://myndir.handrit.is/file/Handrit.is/">
		<surface xml:id="LbsFragm-0013-0001r" n="0">
			<desc>0001r</desc>
			<graphic mimeType="pdf" url="Lbs%20fragm%2013/0/HIGH_QUALITY_DISPLAY"/>
			<graphic mimeType="jpg" url="Lbs%20fragm%2013/0/THUMBNAIL" width="200px" height="166px"/>
			<graphic mimeType="jpg" url="Lbs%20fragm%2013/0/SECONDARY_DISPLAY" width="1905px" height="1585px"/>
			<graphic mimeType="pdf" url="Lbs%20fragm%2013/0/WEB_DISPLAY"/>
		</surface>
		<surface xml:id="LbsFragm-0013-0001v" n="1">
			<desc>0001v</desc>
			<graphic mimeType="pdf" url="Lbs%20fragm%2013/1/HIGH_QUALITY_DISPLAY"/>
			<graphic mimeType="jpg" url="Lbs%20fragm%2013/1/THUMBNAIL" width="200px" height="164px"/>
			<graphic mimeType="jpg" url="Lbs%20fragm%2013/1/SECONDARY_DISPLAY" width="1914px" height="1573px"/>
			<graphic mimeType="pdf" url="Lbs%20fragm%2013/1/WEB_DISPLAY"/>
		</surface>
		<surface xml:id="LbsFragm-0013-Scale" n="2">
			<desc>Scale</desc>
			<graphic mimeType="pdf" url="Lbs%20fragm%2013/2/HIGH_QUALITY_DISPLAY"/>
			<graphic mimeType="jpg" url="Lbs%20fragm%2013/2/THUMBNAIL" width="200px" height="191px"/>
			<graphic mimeType="jpg" url="Lbs%20fragm%2013/2/SECONDARY_DISPLAY" width="2637px" height="2517px"/>
			<graphic mimeType="pdf" url="Lbs%20fragm%2013/2/WEB_DISPLAY"/>
		</surface>
		<surface xml:id="LbsFragm-0013-ccp" n="3">
			<desc>ccp</desc>
			<graphic mimeType="pdf" url="Lbs%20fragm%2013/3/HIGH_QUALITY_DISPLAY"/>
			<graphic mimeType="jpg" url="Lbs%20fragm%2013/3/THUMBNAIL" width="200px" height="143px"/>
			<graphic mimeType="jpg" url="Lbs%20fragm%2013/3/SECONDARY_DISPLAY" width="4748px" height="3404px"/>
			<graphic mimeType="pdf" url="Lbs%20fragm%2013/3/WEB_DISPLAY"/>
		</surface>
	</facsimile>
</TEI>