<?xml version="1.0" encoding="UTF-8"?>
<?oxygen RNGSchema="http://www.handrit.is/schema/handrit-1.0.rnc" type="compact"?>
<TEI xmlns="http://www.tei-c.org/ns/1.0">
	<teiHeader>
		<fileDesc>
			<titleStmt>
				<title type="main">Lbs fragm 9</title>
				<title type="subordinate">Jónsbók, 1550-1600</title>
			</titleStmt>
			<publicationStmt>
				<authority>Landsbókasafn Íslands - Háskólabókasafn</authority>
				<pubPlace>Reykjavík</pubPlace>
				<date when="2014-09-23">23. september 2014</date>
				<availability status="restricted">
					<p>Aðgangur aðeins mögulegur í fræðilegum tilgangi.</p>
				</availability>
			</publicationStmt>
			<sourceDesc>
				<msDesc xml:id="LbsFragm-0009-is" xml:lang="is">
					<msIdentifier>
						<country key="IS">Ísland</country>
						<settlement>Reykjavík</settlement>
						<institution>Landsbókasafn Íslands - Háskólabókasafn</institution>
						<repository>Handritasafn</repository>
						<collection>Skinnblöð Landsbókasafns</collection>
						<idno>Lbs fragm 9</idno>
						<msName>Jónsbók</msName>
					</msIdentifier>
					<msContents>
						<textLang mainLang="is">Íslenska</textLang>
						<msItem defective="true" class="log">
							<title type="uniform">Jónsbók</title>
							<incipit>…alltt husrvm enn sidan aa sa…</incipit>
							<explicit>hann skal hafa Rekid vr haga</explicit>
							<bibl><ref type="primary-1" target="Jonsbok1904">Jónsbók 1904</ref>, <biblScope type="pages">132:15-134:10, 141:10-143:7</biblScope>.</bibl>
						</msItem>
					</msContents>
					<physDesc>
						<objectDesc form="codex">
							<supportDesc material="perg">
								<support>
									<p>Skinn.</p>
								</support>
								<extent>2 blöð samföst (<dimensions scope="all" type="leaf" unit="mm">
										<height>125</height>
										<width>100</width>
								</dimensions>).</extent>
								<condition>Á milli blaðanna vantar 4 blaðsíður.</condition>
							</supportDesc>
						</objectDesc>
						<decoDesc>
							<decoNote type="paratext">Rauðar fyrirsagnir.</decoNote>
							<decoNote type="initial">Rauðir og grænir upphafsstafir.</decoNote>
						</decoDesc>
					</physDesc>
					<history>
						<origin>
							<origPlace>Ísland</origPlace>
							<origDate cert="medium" notBefore="1550" notAfter="1600">á ofanverðri 16. öld.</origDate>
						</origin>
						<provenance>
							<p>Komin úr Þjóðskjalasafni. Á fremstu blaðsíðunni er skrifað: "Keypt 5/2 1896".</p>
						</provenance>
					</history>
					<additional>
						<adminInfo>
							<recordHist>
								<source><name type="person" key="WolHes001">Wolfgang Hesse</name>
									skráði fyrir myndatöku, <date when="2014-09-23">23. september
										2014</date>.</source>
							</recordHist>
							<custodialHist>
								<custEvent type="check">
									<p>Athugað fyrir myndatöku <date when="2014-10">október
										2014</date>.</p>
								</custEvent>
								<custEvent type="photography">
									<p> Myndað í <date when="2014-10">október 2014</date>.</p>
								</custEvent>
							</custodialHist>
						</adminInfo>
						<surrogates>
							<p> Myndað fyrir handritavef í <date when="2014-10">október
								2014</date>.</p>
						</surrogates>
					</additional>
				</msDesc>
			</sourceDesc>
		</fileDesc>
	</teiHeader>
	<facsimile xml:base="https://myndir.handrit.is/file/Handrit.is/">
		<surface xml:id="LbsFragm-0009-0001r" n="0">
			<desc>0001r</desc>
			<graphic mimeType="pdf" url="Lbs%20fragm%209/0/HIGH_QUALITY_DISPLAY"/>
			<graphic mimeType="jpg" url="Lbs%20fragm%209/0/THUMBNAIL" width="200px" height="241px"/>
			<graphic mimeType="jpg" url="Lbs%20fragm%209/0/SECONDARY_DISPLAY" width="1425px" height="1714px"/>
			<graphic mimeType="pdf" url="Lbs%20fragm%209/0/WEB_DISPLAY"/>
		</surface>
		<surface xml:id="LbsFragm-0009-0001v" n="1">
			<desc>0001v</desc>
			<graphic mimeType="pdf" url="Lbs%20fragm%209/1/HIGH_QUALITY_DISPLAY"/>
			<graphic mimeType="jpg" url="Lbs%20fragm%209/1/THUMBNAIL" width="200px" height="251px"/>
			<graphic mimeType="jpg" url="Lbs%20fragm%209/1/SECONDARY_DISPLAY" width="1376px" height="1726px"/>
			<graphic mimeType="pdf" url="Lbs%20fragm%209/1/WEB_DISPLAY"/>
		</surface>
		<surface xml:id="LbsFragm-0009-0002r" n="2">
			<desc>0002r</desc>
			<graphic mimeType="pdf" url="Lbs%20fragm%209/2/HIGH_QUALITY_DISPLAY"/>
			<graphic mimeType="jpg" url="Lbs%20fragm%209/2/THUMBNAIL" width="200px" height="251px"/>
			<graphic mimeType="jpg" url="Lbs%20fragm%209/2/SECONDARY_DISPLAY" width="1376px" height="1726px"/>
			<graphic mimeType="pdf" url="Lbs%20fragm%209/2/WEB_DISPLAY"/>
		</surface>
		<surface xml:id="LbsFragm-0009-0002v" n="3">
			<desc>0002v</desc>
			<graphic mimeType="pdf" url="Lbs%20fragm%209/3/HIGH_QUALITY_DISPLAY"/>
			<graphic mimeType="jpg" url="Lbs%20fragm%209/3/THUMBNAIL" width="200px" height="245px"/>
			<graphic mimeType="jpg" url="Lbs%20fragm%209/3/SECONDARY_DISPLAY" width="1425px" height="1744px"/>
			<graphic mimeType="pdf" url="Lbs%20fragm%209/3/WEB_DISPLAY"/>
		</surface>
		<surface xml:id="LbsFragm-0009-accMat01r" n="4">
			<desc>accMat01r</desc>
			<graphic mimeType="pdf" url="Lbs%20fragm%209/4/HIGH_QUALITY_DISPLAY"/>
			<graphic mimeType="jpg" url="Lbs%20fragm%209/4/THUMBNAIL" width="200px" height="198px"/>
			<graphic mimeType="jpg" url="Lbs%20fragm%209/4/SECONDARY_DISPLAY" width="2612px" height="2584px"/>
			<graphic mimeType="pdf" url="Lbs%20fragm%209/4/WEB_DISPLAY"/>
		</surface>
		<surface xml:id="LbsFragm-0009-accMat01v" n="5">
			<desc>accMat01v</desc>
			<graphic mimeType="pdf" url="Lbs%20fragm%209/5/HIGH_QUALITY_DISPLAY"/>
			<graphic mimeType="jpg" url="Lbs%20fragm%209/5/THUMBNAIL" width="200px" height="199px"/>
			<graphic mimeType="jpg" url="Lbs%20fragm%209/5/SECONDARY_DISPLAY" width="2614px" height="2599px"/>
			<graphic mimeType="pdf" url="Lbs%20fragm%209/5/WEB_DISPLAY"/>
		</surface>
		<surface xml:id="LbsFragm-0009-Scale" n="6">
			<desc>Scale</desc>
			<graphic mimeType="pdf" url="Lbs%20fragm%209/6/HIGH_QUALITY_DISPLAY"/>
			<graphic mimeType="jpg" url="Lbs%20fragm%209/6/THUMBNAIL" width="200px" height="231px"/>
			<graphic mimeType="jpg" url="Lbs%20fragm%209/6/SECONDARY_DISPLAY" width="2161px" height="2502px"/>
			<graphic mimeType="pdf" url="Lbs%20fragm%209/6/WEB_DISPLAY"/>
		</surface>
		<surface xml:id="LbsFragm-0009-ccp" n="7">
			<desc>ccp</desc>
			<graphic mimeType="pdf" url="Lbs%20fragm%209/7/HIGH_QUALITY_DISPLAY"/>
			<graphic mimeType="jpg" url="Lbs%20fragm%209/7/THUMBNAIL" width="200px" height="164px"/>
			<graphic mimeType="jpg" url="Lbs%20fragm%209/7/SECONDARY_DISPLAY" width="4155px" height="3407px"/>
			<graphic mimeType="pdf" url="Lbs%20fragm%209/7/WEB_DISPLAY"/>
		</surface>
	</facsimile>
</TEI>