<?xml version="1.0" encoding="UTF-8"?>
<?oxygen RNGSchema="http://www.handrit.is/schema/handrit-1.0.rnc" type="compact"?>
<TEI xmlns="http://www.tei-c.org/ns/1.0">
	<teiHeader>
		<fileDesc>
			<titleStmt>
				<title type="main">Lbs fragm 17</title>
				<title type="subordinate">Missale, 14. öld</title>
			</titleStmt>
			<publicationStmt>
				<authority>Landsbókasafn Íslands - Háskólabókasafn</authority>
				<pubPlace>Reykjavík</pubPlace>
				<date when="2011-05-23">23. maí 2011</date>
				<availability status="restricted">
					<p>Aðgangur aðeins mögulegur í fræðilegum tilgangi.</p>
				</availability>
			</publicationStmt>
			<sourceDesc>
				<msDesc xml:id="LbsFragm-0017-is" xml:lang="is">
					<msIdentifier>
						<country key="IS">Ísland</country>
						<settlement>Reykjavík</settlement>
						<institution>Landsbókasafn Íslands - Háskólabókasafn</institution>
						<repository>Handritasafn</repository>
						<collection>Skinnblöð Landsbókasafns</collection>
						<idno>Lbs fragm 17</idno>
						<msName>Missale</msName>
					</msIdentifier>
					<msContents>
						<summary>
							<note>
								<p xml:lang="la">Missale (de tempore).</p>
							</note>
						</summary>
						<textLang mainLang="la">Latína</textLang>
						<msItem defective="true" class="tid">
							<locus from="1r" facs="#LbsFragm-0002-0001r" to="1v">1r-1v</locus>
							<title type="uniform">Missale</title>
							<incipit>… dies tuos quindecim amos …</incipit>
							<explicit>… et scire uias m …</explicit>
							<note>Missale (de tempore). Úr massu á fimmtudegi og föstudegi í
								föstuinngangi.</note>
						</msItem>
					</msContents>
					<physDesc>
						<objectDesc form="codex">
							<supportDesc material="perg">
								<support>
									<p>Skinn.</p>
								</support>
								<extent>Efri hluti blaðs (<dimensions scope="all" type="leaf" unit="mm">
										<height>155</height>
										<width>80</width>
									</dimensions>).</extent>
							</supportDesc>
							<layoutDesc>
								<layout columns="1" writtenLines="11">
									<p>
										<list>
											<item>eindálka</item>
										</list>
									</p>
								</layout>
							</layoutDesc>
						</objectDesc>
						<handDesc hands="1">
							<summary>Ein hönd ; Skrifari óþekktur.</summary>
							<handNote scope="sole" script="other"/>
						</handDesc>
						<decoDesc>
							<decoNote type="paratext">Rauðar fyrirsagnir.</decoNote>
							<decoNote type="initial">Rauðir og grænir upphafsstafir.</decoNote>
						</decoDesc>
					</physDesc>
					<history>
						<origin>
							<origPlace>Ísland</origPlace>
							<origDate cert="medium" from="1300" to="1399">14. öld.</origDate>
						</origin>
					</history>
					<additional>
						<adminInfo>
							<recordHist>
								<source><name type="person" key="SigGud008">Sigrún
									Guðjónsdóttir</name>skráði fyrir myndatöku, <date when="2011-05-23">23. maí 2011</date></source>
							</recordHist>
							<custodialHist>
								<custEvent type="check">
									<p>Athugað fyrir myndatöku <date when="2010-08-12">23. maí
										2011</date>.</p>
								</custEvent>
								<custEvent type="photography">
									<p>Myndað í <date when="2011-05">maí 2011</date>.</p>
								</custEvent>
							</custodialHist>
						</adminInfo>
						<surrogates>
							<p>Myndað fyrir handritavef í <date when="2011-05">maí 2011</date>.</p>
						</surrogates>
					</additional>
				</msDesc>
			</sourceDesc>
		</fileDesc>
	</teiHeader>
	<facsimile xml:base="https://myndir.handrit.is/file/Handrit.is/">
		<surface xml:id="LbsFragm-0017-0001r" n="0">
			<desc>0001r</desc>
			<graphic mimeType="pdf" url="Lbs%20fragm%2017/0/HIGH_QUALITY_DISPLAY"/>
			<graphic mimeType="jpg" url="Lbs%20fragm%2017/0/THUMBNAIL" width="200px" height="132px"/>
			<graphic mimeType="jpg" url="Lbs%20fragm%2017/0/SECONDARY_DISPLAY" width="2081px" height="1372px"/>
			<graphic mimeType="pdf" url="Lbs%20fragm%2017/0/WEB_DISPLAY"/>
		</surface>
		<surface xml:id="LbsFragm-0017-0001v" n="1">
			<desc>0001v</desc>
			<graphic mimeType="pdf" url="Lbs%20fragm%2017/1/HIGH_QUALITY_DISPLAY"/>
			<graphic mimeType="jpg" url="Lbs%20fragm%2017/1/THUMBNAIL" width="200px" height="135px"/>
			<graphic mimeType="jpg" url="Lbs%20fragm%2017/1/SECONDARY_DISPLAY" width="2064px" height="1396px"/>
			<graphic mimeType="pdf" url="Lbs%20fragm%2017/1/WEB_DISPLAY"/>
		</surface>
		<surface xml:id="LbsFragm-0017-accMat01r" n="2">
			<desc>accMat01r</desc>
			<graphic mimeType="pdf" url="Lbs%20fragm%2017/2/HIGH_QUALITY_DISPLAY"/>
			<graphic mimeType="jpg" url="Lbs%20fragm%2017/2/THUMBNAIL" width="200px" height="273px"/>
			<graphic mimeType="jpg" url="Lbs%20fragm%2017/2/SECONDARY_DISPLAY" width="2744px" height="3744px"/>
			<graphic mimeType="pdf" url="Lbs%20fragm%2017/2/WEB_DISPLAY"/>
		</surface>
		<surface xml:id="LbsFragm-0017-accMat01v" n="3">
			<desc>accMat01v</desc>
			<graphic mimeType="pdf" url="Lbs%20fragm%2017/3/HIGH_QUALITY_DISPLAY"/>
			<graphic mimeType="jpg" url="Lbs%20fragm%2017/3/THUMBNAIL" width="200px" height="271px"/>
			<graphic mimeType="jpg" url="Lbs%20fragm%2017/3/SECONDARY_DISPLAY" width="2784px" height="3773px"/>
			<graphic mimeType="pdf" url="Lbs%20fragm%2017/3/WEB_DISPLAY"/>
		</surface>
		<surface xml:id="LbsFragm-0017-Scale" n="4">
			<desc>Scale</desc>
			<graphic mimeType="pdf" url="Lbs%20fragm%2017/4/HIGH_QUALITY_DISPLAY"/>
			<graphic mimeType="jpg" url="Lbs%20fragm%2017/4/THUMBNAIL" width="200px" height="180px"/>
			<graphic mimeType="jpg" url="Lbs%20fragm%2017/4/SECONDARY_DISPLAY" width="2782px" height="2508px"/>
			<graphic mimeType="pdf" url="Lbs%20fragm%2017/4/WEB_DISPLAY"/>
		</surface>
		<surface xml:id="LbsFragm-0017-ccp" n="5">
			<desc>ccp</desc>
			<graphic mimeType="pdf" url="Lbs%20fragm%2017/5/HIGH_QUALITY_DISPLAY"/>
			<graphic mimeType="jpg" url="Lbs%20fragm%2017/5/THUMBNAIL" width="200px" height="142px"/>
			<graphic mimeType="jpg" url="Lbs%20fragm%2017/5/SECONDARY_DISPLAY" width="4793px" height="3396px"/>
			<graphic mimeType="pdf" url="Lbs%20fragm%2017/5/WEB_DISPLAY"/>
		</surface>
	</facsimile>
</TEI>