<?xml version="1.0" encoding="UTF-8"?>
<?oxygen RNGSchema="http://www.handrit.is/schema/handrit-1.0.rnc" type="compact"?>
<TEI xmlns="http://www.tei-c.org/ns/1.0">
	<teiHeader>
		<fileDesc>
			<titleStmt>
				<title type="main">Lbs fragm 7</title>
				<title type="subordinate">Jónsbók, 1450-1500</title>
			</titleStmt>
			<publicationStmt>
				<authority>Landsbókasafn Íslands - Háskólabókasafn</authority>
				<pubPlace>Reykjavík</pubPlace>
				<date when="2014-09-23">23. september 2014</date>
				<availability status="restricted">
					<p>Aðgangur aðeins mögulegur í fræðilegum tilgangi.</p>
				</availability>
			</publicationStmt>
			<sourceDesc>
				<msDesc xml:id="LbsFragm-0007-is" xml:lang="is">
					<msIdentifier>
						<country key="IS">Ísland</country>
						<settlement>Reykjavík</settlement>
						<institution>Landsbókasafn Íslands - Háskólabókasafn</institution>
						<repository>Handritasafn</repository>
						<collection>Skinnblöð Landsbókasafns</collection>
						<idno>Lbs fragm 7</idno>
						<msName>Jónsbók</msName>
					</msIdentifier>
					<msContents>
						<textLang mainLang="is">Íslenska</textLang>
						<msItem defective="true" class="log">
							<title type="uniform">Jónsbók</title>
							<incipit>…þeim öllum til a[frettar…</incipit>
							<explicit>en sa þridiung er tok…</explicit>
							<note>Aukinn texti.</note>
							<bibl><ref type="primary-1" target="Jonsbok1904">Jónsbók 1904</ref>, <biblScope type="pages">185:1-192:8</biblScope>.</bibl>
						</msItem>
					</msContents>
					<physDesc>
						<objectDesc form="codex">
							<supportDesc material="perg">
								<support>
									<p>Skinn.</p>
								</support>
								<extent>Leifar af 2 blöðum samföst innst úr kveri (<dimensions scope="all" type="leaf" unit="mm">
										<height>215</height>
										<width>95</width>
									</dimensions>, blað 2; af blaði 1 aðeins 4 cm breið ræma eftir).</extent>
								<condition>Af lesmáli á blaði 1 aðeins varðveitt um 2 cm breið rönd;
									af blaði 2 er skorinn um það bil þriðjungur lesmáls.</condition>
							</supportDesc>
						</objectDesc>
						<decoDesc>
							<decoNote type="paratext">Rauðar fyrirsagnir.</decoNote>
							<decoNote type="initial">Rauðir og grænir upphafsstafir.</decoNote>
						</decoDesc>
					</physDesc>
					<history>
						<origin>
							<origPlace>Ísland</origPlace>
							<origDate cert="medium" notBefore="1450" notAfter="1500">á ofanverðri 15.
							öld.</origDate>
						</origin>
					</history>
					<additional>
						<adminInfo>
							<recordHist>
								<source><name type="person" key="WolHes001">Wolfgang Hesse</name>
									skráði fyrir myndatöku, <date when="2014-09-23">23. september
										2014</date>.</source>
							</recordHist>
							<custodialHist>
								<custEvent type="check">
									<p>Athugað fyrir myndatöku <date when="2014-10">október
										2014</date>.</p>
								</custEvent>
								<custEvent type="photography">
									<p> Myndað í <date when="2014-10">október 2014</date>.</p>
								</custEvent>
							</custodialHist>
						</adminInfo>
						<surrogates>
							<p> Myndað fyrir handritavef í <date when="2014-10">október
								2014</date>.</p>
						</surrogates>
					</additional>
				</msDesc>
			</sourceDesc>
		</fileDesc>
	</teiHeader>
	<facsimile xml:base="https://myndir.handrit.is/file/Handrit.is/">
		<surface xml:id="LbsFragm-0007-0001r" n="0">
			<desc>0001r</desc>
			<graphic mimeType="pdf" url="Lbs%20fragm%207/0/HIGH_QUALITY_DISPLAY"/>
			<graphic mimeType="jpg" url="Lbs%20fragm%207/0/THUMBNAIL" width="96px" height="300px"/>
			<graphic mimeType="jpg" url="Lbs%20fragm%207/0/SECONDARY_DISPLAY" width="868px" height="2720px"/>
			<graphic mimeType="pdf" url="Lbs%20fragm%207/0/WEB_DISPLAY"/>
		</surface>
		<surface xml:id="LbsFragm-0007-0001v" n="1">
			<desc>0001v</desc>
			<graphic mimeType="pdf" url="Lbs%20fragm%207/1/HIGH_QUALITY_DISPLAY"/>
			<graphic mimeType="jpg" url="Lbs%20fragm%207/1/THUMBNAIL" width="90px" height="300px"/>
			<graphic mimeType="jpg" url="Lbs%20fragm%207/1/SECONDARY_DISPLAY" width="828px" height="2748px"/>
			<graphic mimeType="pdf" url="Lbs%20fragm%207/1/WEB_DISPLAY"/>
		</surface>
		<surface xml:id="LbsFragm-0007-0002r" n="2">
			<desc>0002r</desc>
			<graphic mimeType="pdf" url="Lbs%20fragm%207/2/HIGH_QUALITY_DISPLAY"/>
			<graphic mimeType="jpg" url="Lbs%20fragm%207/2/THUMBNAIL" width="157px" height="300px"/>
			<graphic mimeType="jpg" url="Lbs%20fragm%207/2/SECONDARY_DISPLAY" width="1460px" height="2788px"/>
			<graphic mimeType="pdf" url="Lbs%20fragm%207/2/WEB_DISPLAY"/>
		</surface>
		<surface xml:id="LbsFragm-0007-0002v" n="3">
			<desc>0002v</desc>
			<graphic mimeType="pdf" url="Lbs%20fragm%207/3/HIGH_QUALITY_DISPLAY"/>
			<graphic mimeType="jpg" url="Lbs%20fragm%207/3/THUMBNAIL" width="157px" height="300px"/>
			<graphic mimeType="jpg" url="Lbs%20fragm%207/3/SECONDARY_DISPLAY" width="1452px" height="2776px"/>
			<graphic mimeType="pdf" url="Lbs%20fragm%207/3/WEB_DISPLAY"/>
		</surface>
		<surface xml:id="LbsFragm-0007-Scale" n="4">
			<desc>Scale</desc>
			<graphic mimeType="pdf" url="Lbs%20fragm%207/4/HIGH_QUALITY_DISPLAY"/>
			<graphic mimeType="jpg" url="Lbs%20fragm%207/4/THUMBNAIL" width="200px" height="257px"/>
			<graphic mimeType="jpg" url="Lbs%20fragm%207/4/SECONDARY_DISPLAY" width="2184px" height="2804px"/>
			<graphic mimeType="pdf" url="Lbs%20fragm%207/4/WEB_DISPLAY"/>
		</surface>
		<surface xml:id="LbsFragm-0007-ccp" n="5">
			<desc>ccp</desc>
			<graphic mimeType="pdf" url="Lbs%20fragm%207/5/HIGH_QUALITY_DISPLAY"/>
			<graphic mimeType="jpg" url="Lbs%20fragm%207/5/THUMBNAIL" width="200px" height="164px"/>
			<graphic mimeType="jpg" url="Lbs%20fragm%207/5/SECONDARY_DISPLAY" width="4148px" height="3396px"/>
			<graphic mimeType="pdf" url="Lbs%20fragm%207/5/WEB_DISPLAY"/>
		</surface>
	</facsimile>
</TEI>