<?xml version="1.0" encoding="UTF-8"?>
<?oxygen RNGSchema="http://www.handrit.is/schema/handrit-1.0.rnc" type="compact"?>
<TEI xmlns="http://www.tei-c.org/ns/1.0">
	<teiHeader>
		<fileDesc>
			<titleStmt>
				<title type="main">Lbs fragm 14</title>
				<title type="subordinate"/>
			</titleStmt>
			<publicationStmt>
				<authority>Landsbókasafn Íslands - Háskólabókasafn</authority>
				<pubPlace>Reykjavík</pubPlace>
				<date when="2014-07-21">21. júlí 2014</date>
				<availability status="restricted">
					<p>Aðgangur aðeins mögulegur í fræðilegum tilgangi.</p>
				</availability>
			</publicationStmt>
			<sourceDesc>
				<msDesc xml:id="LbsFragm-0014-is" xml:lang="is">
					<msIdentifier>
						<country key="IS">Ísland</country>
						<settlement>Reykjavík</settlement>
						<institution>Landsbókasafn Íslands - Háskólabókasafn</institution>
						<repository>Handritasafn</repository>
						<collection>Skinnblöð Landsbókasafns</collection>
						<idno>Lbs fragm 14</idno>
						<msName>Kveisusæringar</msName>
					</msIdentifier>
					<msContents>
						<textLang mainLang="is" otherLangs="la">Íslenska og latína</textLang>
						<msItem defective="true" class="lakn gald galdr">
							<locus from="1r" facs="#LbsFragm-0014-0001r" to="1v">1r-1v</locus>
							<title type="supplied">Kveisusæringar</title>
							<note>
								<p>Lesmál þvert yfir ræmuna beggja megin.</p>
								<p>Yfir upphafi textans 9 cm autt bil.</p>
								<p>Kveisublaðið er líklega hið eina sinnar tegundar sem varðveist
									hefur á Íslandi. Blaðið er skinnlengja með lesningu eða bæn gegn
									kveisu eða gigt og er talið að slík bænablöð hafi verið nokkuð
									algeng á sínum tíma, en þau voru gerð upptæk eða brennd í
									galdraofsóknunum á 17. öld. Lengjan var notuð sem verndargripur
									og var oftast bundin utan um sjúklinginn. Þetta blað
									varðveittist í Biskupsskjalasafni og leyndist þar innan um
									fornbréf Hólastóls á skinni. Blaðið er líklega frá um 1600.
									Fyrstu orðin á íslensku eru þessi: „Í nafni föður, [sonar] og
									anda heilags særi ég af þeim [...] Guðs [...] á sér allar kveisu
									meinsemdir. Ég særi hér allt hið vonda til að flýja, að dofna,
									að dvína, ég mana, ég særi, ég deyfi, ég stefni öllum vondum
									hlutum hvort þeir eru úr jörðu eða af lofti úr skýjum eður af
									dufti jarðar eður álfa eður ofan [...] eður af hverjum djöfuls
									díkjum sem til kunna að koma ...“ </p>
								<p>Kveisublaðið [the Colic leaf] is probably the only one of its
									kind to have been preserved in Iceland. The leaf is a vellum
									strip with a text or a prayer against colic or arthritis. This
									kind of prayer leaves are considered to have been fairly common,
									but they were confiscated in the witch hunt in the 17th century.
									The strip was used as an amulet and was most often tied around
									the patient. This leaf was preserved in episcopal archives and
									is believed to have been written around 1600. The text on the
									leave is both in Latin and Icelandic. </p>
							</note>
							<bibl>Textinn er prentaður í : <ref target="MagLár1951d">Árbók
									Fornleifafélagsins</ref> 1951-1952, bls. 85-88.</bibl>
						</msItem>
					</msContents>
					<physDesc>
						<objectDesc form="codex">
							<supportDesc material="perg">
								<support>
									<p>Skinn.</p>
								</support>
								<extent>1 blað (<dimensions scope="all" type="leaf" unit="mm">
										<height n="584">584</height>
										<width n="108">108</width>
									</dimensions>).</extent>
								<condition>
									<list>
										<item n="1">Göt á tveimur stöðum.</item>
										<item n="2">Letrið víða máð og sumstaðar ólesandi.</item>
									</list>
								</condition>
							</supportDesc>
						</objectDesc>
						<handDesc hands="1">
							<summary>Ein hönd ; Skrifari:</summary>
							<handNote scope="sole" script="other" scribe="unknown">Óþekktur
								skrifari.</handNote>
						</handDesc>
					</physDesc>
					<history>
						<origin>
							<origPlace>Ísland</origPlace>
							<origDate cert="medium" notBefore="1590" notAfter="1610">um 1600.</origDate>
						</origin>
						<provenance>
							<p>Ræman er úr fornbréfasafni Hólastóls á skinni og kom með því á
								Landsskjalasafnið (fasc. VI. nr. 2).</p>
							<p>Afhent Landsbókasafni Íslands 24. júlí 1902.</p>
						</provenance>
					</history>
					<additional>
						<adminInfo>
							<recordHist>
								<source><name type="person" key="SigJor001">Sigríður Hjördís
										Jörundsdóttir</name> frumskráði <date when="2014-07-21">21.
											júlí 2014 ; Handritaskrá, 2. aukabindi.</date>
								</source>
							</recordHist>
						</adminInfo>
					</additional>
				</msDesc>
			</sourceDesc>
		</fileDesc>
	</teiHeader>
	<facsimile xml:base="https://myndir.handrit.is/file/Handrit.is/">
		<surface xml:id="LbsFragm-0014-0001r" n="0">
			<desc>0001r</desc>
			<graphic mimeType="pdf" url="Lbs%20fragm%2014/0/HIGH_QUALITY_DISPLAY"/>
			<graphic mimeType="jpg" url="Lbs%20fragm%2014/0/THUMBNAIL" width="69px" height="300px"/>
			<graphic mimeType="jpg" url="Lbs%20fragm%2014/0/SECONDARY_DISPLAY" width="1631px" height="7086px"/>
			<graphic mimeType="pdf" url="Lbs%20fragm%2014/0/WEB_DISPLAY"/>
		</surface>
		<surface xml:id="LbsFragm-0014-0001v" n="1">
			<desc>0001v</desc>
			<graphic mimeType="pdf" url="Lbs%20fragm%2014/1/HIGH_QUALITY_DISPLAY"/>
			<graphic mimeType="jpg" url="Lbs%20fragm%2014/1/THUMBNAIL" width="72px" height="300px"/>
			<graphic mimeType="jpg" url="Lbs%20fragm%2014/1/SECONDARY_DISPLAY" width="1704px" height="7086px"/>
			<graphic mimeType="pdf" url="Lbs%20fragm%2014/1/WEB_DISPLAY"/>
		</surface>
		<surface xml:id="LbsFragm-0014-Scale" n="2">
			<desc>Scale</desc>
			<graphic mimeType="pdf" url="Lbs%20fragm%2014/2/HIGH_QUALITY_DISPLAY"/>
			<graphic mimeType="jpg" url="Lbs%20fragm%2014/2/THUMBNAIL" width="103px" height="300px"/>
			<graphic mimeType="jpg" url="Lbs%20fragm%2014/2/SECONDARY_DISPLAY" width="2442px" height="7086px"/>
			<graphic mimeType="pdf" url="Lbs%20fragm%2014/2/WEB_DISPLAY"/>
		</surface>
		<surface xml:id="LbsFragm-0014-ccp" n="3">
			<desc>ccp</desc>
			<graphic mimeType="pdf" url="Lbs%20fragm%2014/3/HIGH_QUALITY_DISPLAY"/>
			<graphic mimeType="jpg" url="Lbs%20fragm%2014/3/THUMBNAIL" width="171px" height="300px"/>
			<graphic mimeType="jpg" url="Lbs%20fragm%2014/3/SECONDARY_DISPLAY" width="4047px" height="7096px"/>
			<graphic mimeType="pdf" url="Lbs%20fragm%2014/3/WEB_DISPLAY"/>
		</surface>
	</facsimile>
</TEI>