<?xml version="1.0" encoding="UTF-8"?>
<?oxygen RNGSchema="http://www.handrit.is/schema/handrit-1.0.rnc" type="compact"?>
<TEI xmlns="http://www.tei-c.org/ns/1.0">
	<teiHeader>
		<fileDesc>
			<titleStmt>
				<title type="main">Lbs fragm 16</title>
				<title type="subordinate">Skrá um skipleigu, 1700-1725</title>
			</titleStmt>
			<publicationStmt>
				<authority>Landsbókasafn Íslands - Háskólabókasafn</authority>
				<pubPlace>Reykjavík</pubPlace>
				<date when="2014-10-02">2. október 2014</date>
				<availability status="restricted">
					<p>Aðgangur aðeins mögulegur í fræðilegum tilgangi.</p>
				</availability>
			</publicationStmt>
			<sourceDesc>
				<msDesc xml:id="LbsFragm-0016-is" xml:lang="is">
					<msIdentifier>
						<country key="IS">Ísland</country>
						<settlement>Reykjavík</settlement>
						<institution>Landsbókasafn Íslands - Háskólabókasafn</institution>
						<repository>Handritasafn</repository>
						<collection>Skinnblöð Landsbókasafns</collection>
						<idno>Lbs fragm 16</idno>
					</msIdentifier>
					<msContents>
						<textLang mainLang="is">Íslenska</textLang>
						<msItem defective="true" class="sam">
							<title type="supplied">Skrá um skipleigu</title>
							<note>Skrá um skipleigu í töfluformi.</note>
						</msItem>
					</msContents>
					<physDesc>
						<objectDesc form="codex">
							<supportDesc material="perg">
								<support>
									<p>Skinn.</p>
								</support>
								<extent>1 blað (<dimensions scope="all" type="leaf" unit="mm">
										<height>125</height>
										<width>80</width>
									</dimensions>).</extent>
							</supportDesc>
						</objectDesc>
					</physDesc>
					<history>
						<origin>
							<origPlace>Ísland</origPlace>
							<origDate cert="medium" notBefore="1700" notAfter="1725">á öndverðri 18. öld.</origDate>
						</origin>
					</history>
					<additional>
						<adminInfo>
							<recordHist>
								<source><name type="person" key="WolHes001">Wolfgang Hesse</name>
									skráði fyrir myndatöku, <date when="2014-10-02">2. október
										2014</date>.</source>
							</recordHist>
							<custodialHist>
								<custEvent type="check">
									<p>Athugað fyrir myndatöku <date when="2014-10">október
										2014</date>.</p>
								</custEvent>
								<custEvent type="photography">
									<p> Myndað í <date when="2014-10">október 2014</date>.</p>
								</custEvent>
							</custodialHist>
						</adminInfo>
						<surrogates>
							<p> Myndað fyrir handritavef í <date when="2014-10">október
								2014</date>.</p>
						</surrogates>
					</additional>
				</msDesc>
			</sourceDesc>
		</fileDesc>
	</teiHeader>
	<facsimile xml:base="https://myndir.handrit.is/file/Handrit.is/">
		<surface xml:id="LbsFragm-0016-0001r" n="0">
			<desc>0001r</desc>
			<graphic mimeType="pdf" url="Lbs%20fragm%2016/0/HIGH_QUALITY_DISPLAY"/>
			<graphic mimeType="jpg" url="Lbs%20fragm%2016/0/THUMBNAIL" width="200px" height="289px"/>
			<graphic mimeType="jpg" url="Lbs%20fragm%2016/0/SECONDARY_DISPLAY" width="1134px" height="1640px"/>
			<graphic mimeType="pdf" url="Lbs%20fragm%2016/0/WEB_DISPLAY"/>
		</surface>
		<surface xml:id="LbsFragm-0016-0001v" n="1">
			<desc>0001v</desc>
			<graphic mimeType="pdf" url="Lbs%20fragm%2016/1/HIGH_QUALITY_DISPLAY"/>
			<graphic mimeType="jpg" url="Lbs%20fragm%2016/1/THUMBNAIL" width="200px" height="290px"/>
			<graphic mimeType="jpg" url="Lbs%20fragm%2016/1/SECONDARY_DISPLAY" width="1130px" height="1640px"/>
			<graphic mimeType="pdf" url="Lbs%20fragm%2016/1/WEB_DISPLAY"/>
		</surface>
		<surface xml:id="LbsFragm-0016-accMat01r" n="2">
			<desc>accMat01r</desc>
			<graphic mimeType="pdf" url="Lbs%20fragm%2016/2/HIGH_QUALITY_DISPLAY"/>
			<graphic mimeType="jpg" url="Lbs%20fragm%2016/2/THUMBNAIL" width="200px" height="298px"/>
			<graphic mimeType="jpg" url="Lbs%20fragm%2016/2/SECONDARY_DISPLAY" width="1563px" height="2326px"/>
			<graphic mimeType="pdf" url="Lbs%20fragm%2016/2/WEB_DISPLAY"/>
		</surface>
		<surface xml:id="LbsFragm-0016-accMat01v" n="3">
			<desc>accMat01v</desc>
			<graphic mimeType="pdf" url="Lbs%20fragm%2016/3/HIGH_QUALITY_DISPLAY"/>
			<graphic mimeType="jpg" url="Lbs%20fragm%2016/3/THUMBNAIL" width="200px" height="300px"/>
			<graphic mimeType="jpg" url="Lbs%20fragm%2016/3/SECONDARY_DISPLAY" width="1548px" height="2325px"/>
			<graphic mimeType="pdf" url="Lbs%20fragm%2016/3/WEB_DISPLAY"/>
		</surface>
		<surface xml:id="LbsFragm-0016-Scale" n="4">
			<desc>Scale</desc>
			<graphic mimeType="pdf" url="Lbs%20fragm%2016/4/HIGH_QUALITY_DISPLAY"/>
			<graphic mimeType="jpg" url="Lbs%20fragm%2016/4/THUMBNAIL" width="200px" height="260px"/>
			<graphic mimeType="jpg" url="Lbs%20fragm%2016/4/SECONDARY_DISPLAY" width="1915px" height="2491px"/>
			<graphic mimeType="pdf" url="Lbs%20fragm%2016/4/WEB_DISPLAY"/>
		</surface>
		<surface xml:id="LbsFragm-0016-ccp" n="5">
			<desc>ccp</desc>
			<graphic mimeType="pdf" url="Lbs%20fragm%2016/5/HIGH_QUALITY_DISPLAY"/>
			<graphic mimeType="jpg" url="Lbs%20fragm%2016/5/THUMBNAIL" width="200px" height="168px"/>
			<graphic mimeType="jpg" url="Lbs%20fragm%2016/5/SECONDARY_DISPLAY" width="4029px" height="3388px"/>
			<graphic mimeType="pdf" url="Lbs%20fragm%2016/5/WEB_DISPLAY"/>
		</surface>
	</facsimile>
</TEI>