<?xml version="1.0" encoding="UTF-8"?>
<?oxygen RNGSchema="http://www.handrit.is/schema/handrit-1.0.rnc" type="compact"?>
<TEI xmlns="http://www.tei-c.org/ns/1.0">
    <teiHeader>
        <fileDesc>
            <titleStmt>
                <title type="main">Lbs fragm 15</title>
                <title type="subordinate">Morgun- og kvöldbænir, 1650-1700</title>
            </titleStmt>
            <publicationStmt>
                <authority>Landsbókasafn Íslands - Háskólabókasafn</authority>
                <pubPlace>Reykjavík</pubPlace>
                <date when="2014-09-24">24. september 2014</date>
                <availability status="restricted">
                    <p>Aðgangur aðeins mögulegur í fræðilegum tilgangi.</p>
                </availability>
            </publicationStmt>
            <sourceDesc>
                <msDesc xml:id="LbsFragm-0015-is" xml:lang="is">
                    <msIdentifier>
                        <country key="IS">Ísland</country>
                        <settlement>Reykjavík</settlement>
                        <institution>Landsbókasafn Íslands - Háskólabókasafn</institution>
                        <repository>Handritasafn</repository>
                        <collection>Skinnblöð Landsbókasafns</collection>
                        <idno>Lbs fragm 15</idno>
                    </msIdentifier>
                    <msContents>
                        <textLang mainLang="is">Íslenska</textLang>
                        <msItem defective="true" class="morgunb kvoldb">
                            <title type="supplied">Morgun- og kvöldbænir</title>
                            <note>Fyrirsagnir: Blað 1: Kuelld Bæn aa fostu Dag, Morgun [Bæn aa
                                Lavgar Dag], Kuelld Bæn aa Lavgar Dag, Ein M[orgun] Bæn aa… Blað 2:
                                endir á bæn; síðan: Kuelld Bænan, Bænar a kue…</note>
                        </msItem>
                    </msContents>
                    <physDesc>
                        <objectDesc form="codex">
                            <supportDesc material="perg">
                                <support>
                                    <p>Skinn.</p>
                                </support>
                                <extent>2 blöð samföst (<dimensions scope="all" type="leaf" unit="mm">
                                        <height>200</height>
                                        <width>130</width>
                                </dimensions>).</extent>
                                <condition>Skorið
                                    neðan af báðum blöðum og af útjaðri síðara blaðs ca. 3 cm breið
                                    ræma. Skriftin víða máð og lítt læsileg.</condition>
                            </supportDesc>
                        </objectDesc>
                        <decoDesc>
                            <decoNote type="paratext">Fyrirsagnir með grænleitu bleki sem er
                                víða mjög máð.</decoNote>
                            <decoNote type="initial">Upphafsstafir með grænleitu bleki sem er
                                víða mjög máð.</decoNote>
                        </decoDesc>
                    </physDesc>
                    <history>
                        <origin>
                            <origPlace>Ísland</origPlace>
                            <origDate cert="medium" notBefore="1650" notAfter="1700">á ofanverðri 17. öld.</origDate>
                        </origin>
                        <provenance>
                            <p>Blöðin eru úr bandi á bók; komin frá <name type="person" key="BjoOls001">Birni M. Ólsen</name> 30.8.1904.</p>
                        </provenance>
                    </history>
                    <additional>
                        <adminInfo>
                            <recordHist>
                                <source><name type="person" key="WolHes001">Wolfgang Hesse</name>
                                    skráði fyrir myndatöku, <date when="2014-09-24">24. september
                                        2014</date>.</source>
                            </recordHist>
                            <custodialHist>
                                <custEvent type="check">
                                    <p>Athugað fyrir myndatöku <date when="2014-10">október
                                        2014</date>.</p>
                                </custEvent>
                                <custEvent type="photography">
                                    <p> Myndað í <date when="2014-10">október 2014</date>.</p>
                                </custEvent>
                            </custodialHist>
                        </adminInfo>
                        <surrogates>
                            <p> Myndað fyrir handritavef í <date when="2014-10">október
                                2014</date>.</p>
                        </surrogates>
                    </additional>
                </msDesc>
            </sourceDesc>
        </fileDesc>
    </teiHeader>
	<facsimile xml:base="https://myndir.handrit.is/file/Handrit.is/">
		<surface xml:id="LbsFragm-0015-0001r" n="0">
			<desc>0001r</desc>
			<graphic mimeType="pdf" url="Lbs%20fragm%2015/0/HIGH_QUALITY_DISPLAY"/>
			<graphic mimeType="jpg" url="Lbs%20fragm%2015/0/THUMBNAIL" width="200px" height="283px"/>
			<graphic mimeType="jpg" url="Lbs%20fragm%2015/0/SECONDARY_DISPLAY" width="1836px" height="2596px"/>
			<graphic mimeType="pdf" url="Lbs%20fragm%2015/0/WEB_DISPLAY"/>
		</surface>
		<surface xml:id="LbsFragm-0015-0001v" n="1">
			<desc>0001v</desc>
			<graphic mimeType="pdf" url="Lbs%20fragm%2015/1/HIGH_QUALITY_DISPLAY"/>
			<graphic mimeType="jpg" url="Lbs%20fragm%2015/1/THUMBNAIL" width="200px" height="292px"/>
			<graphic mimeType="jpg" url="Lbs%20fragm%2015/1/SECONDARY_DISPLAY" width="1791px" height="2610px"/>
			<graphic mimeType="pdf" url="Lbs%20fragm%2015/1/WEB_DISPLAY"/>
		</surface>
		<surface xml:id="LbsFragm-0015-0002r" n="2">
			<desc>0002r</desc>
			<graphic mimeType="pdf" url="Lbs%20fragm%2015/2/HIGH_QUALITY_DISPLAY"/>
			<graphic mimeType="jpg" url="Lbs%20fragm%2015/2/THUMBNAIL" width="164px" height="300px"/>
			<graphic mimeType="jpg" url="Lbs%20fragm%2015/2/SECONDARY_DISPLAY" width="1360px" height="2488px"/>
			<graphic mimeType="pdf" url="Lbs%20fragm%2015/2/WEB_DISPLAY"/>
		</surface>
		<surface xml:id="LbsFragm-0015-0002v" n="3">
			<desc>0002v</desc>
			<graphic mimeType="pdf" url="Lbs%20fragm%2015/3/HIGH_QUALITY_DISPLAY"/>
			<graphic mimeType="jpg" url="Lbs%20fragm%2015/3/THUMBNAIL" width="172px" height="300px"/>
			<graphic mimeType="jpg" url="Lbs%20fragm%2015/3/SECONDARY_DISPLAY" width="1423px" height="2488px"/>
			<graphic mimeType="pdf" url="Lbs%20fragm%2015/3/WEB_DISPLAY"/>
		</surface>
		<surface xml:id="LbsFragm-0015-accMat01r" n="4">
			<desc>accMat01r</desc>
			<graphic mimeType="pdf" url="Lbs%20fragm%2015/4/HIGH_QUALITY_DISPLAY"/>
			<graphic mimeType="jpg" url="Lbs%20fragm%2015/4/THUMBNAIL" width="200px" height="171px"/>
			<graphic mimeType="jpg" url="Lbs%20fragm%2015/4/SECONDARY_DISPLAY" width="2147px" height="1833px"/>
			<graphic mimeType="pdf" url="Lbs%20fragm%2015/4/WEB_DISPLAY"/>
		</surface>
		<surface xml:id="LbsFragm-0015-accMat01v" n="5">
			<desc>accMat01v</desc>
			<graphic mimeType="pdf" url="Lbs%20fragm%2015/5/HIGH_QUALITY_DISPLAY"/>
			<graphic mimeType="jpg" url="Lbs%20fragm%2015/5/THUMBNAIL" width="200px" height="169px"/>
			<graphic mimeType="jpg" url="Lbs%20fragm%2015/5/SECONDARY_DISPLAY" width="2160px" height="1828px"/>
			<graphic mimeType="pdf" url="Lbs%20fragm%2015/5/WEB_DISPLAY"/>
		</surface>
		<surface xml:id="LbsFragm-0015-accMat02r" n="6">
			<desc>accMat02r</desc>
			<graphic mimeType="pdf" url="Lbs%20fragm%2015/6/HIGH_QUALITY_DISPLAY"/>
			<graphic mimeType="jpg" url="Lbs%20fragm%2015/6/THUMBNAIL" width="176px" height="300px"/>
			<graphic mimeType="jpg" url="Lbs%20fragm%2015/6/SECONDARY_DISPLAY" width="1487px" height="2530px"/>
			<graphic mimeType="pdf" url="Lbs%20fragm%2015/6/WEB_DISPLAY"/>
		</surface>
		<surface xml:id="LbsFragm-0015-accMat02v" n="7">
			<desc>accMat02v</desc>
			<graphic mimeType="pdf" url="Lbs%20fragm%2015/7/HIGH_QUALITY_DISPLAY"/>
			<graphic mimeType="jpg" url="Lbs%20fragm%2015/7/THUMBNAIL" width="176px" height="300px"/>
			<graphic mimeType="jpg" url="Lbs%20fragm%2015/7/SECONDARY_DISPLAY" width="1487px" height="2537px"/>
			<graphic mimeType="pdf" url="Lbs%20fragm%2015/7/WEB_DISPLAY"/>
		</surface>
		<surface xml:id="LbsFragm-0015-Scale" n="8">
			<desc>Scale</desc>
			<graphic mimeType="pdf" url="Lbs%20fragm%2015/8/HIGH_QUALITY_DISPLAY"/>
			<graphic mimeType="jpg" url="Lbs%20fragm%2015/8/THUMBNAIL" width="200px" height="206px"/>
			<graphic mimeType="jpg" url="Lbs%20fragm%2015/8/SECONDARY_DISPLAY" width="2556px" height="2640px"/>
			<graphic mimeType="pdf" url="Lbs%20fragm%2015/8/WEB_DISPLAY"/>
		</surface>
		<surface xml:id="LbsFragm-0015-ccp" n="9">
			<desc>ccp</desc>
			<graphic mimeType="pdf" url="Lbs%20fragm%2015/9/HIGH_QUALITY_DISPLAY"/>
			<graphic mimeType="jpg" url="Lbs%20fragm%2015/9/THUMBNAIL" width="200px" height="146px"/>
			<graphic mimeType="jpg" url="Lbs%20fragm%2015/9/SECONDARY_DISPLAY" width="4653px" height="3404px"/>
			<graphic mimeType="pdf" url="Lbs%20fragm%2015/9/WEB_DISPLAY"/>
		</surface>
	</facsimile>
</TEI>