<?xml version="1.0" encoding="UTF-8"?>
<?oxygen RNGSchema="http://www.handrit.is/schema/handrit-1.0.rnc" type="compact"?>
<TEI xmlns="http://www.tei-c.org/ns/1.0">
	<teiHeader>
		<fileDesc>
			<titleStmt>
				<title type="main">Lbs fragm 19</title>
				<title type="subordinate">Missale, um 1400</title>
			</titleStmt>
			<publicationStmt>
				<authority>Landsbókasafn Íslands - Háskólabókasafn</authority>
				<pubPlace>Reykjavík</pubPlace>
				<date when="2012-10-05">5. október 2012</date>
				<availability status="restricted">
					<p>Aðgangur aðeins mögulegur í fræðilegum tilgangi.</p>
				</availability>
			</publicationStmt>
			<sourceDesc>
				<msDesc xml:id="LbsFragm-0019-is" xml:lang="is">
					<msIdentifier>
						<country key="IS">Ísland</country>
						<settlement>Reykjavík</settlement>
						<institution>Landsbókasafn Íslands - Háskólabókasafn</institution>
						<repository>Handritasafn</repository>
						<collection>Skinnblöð Landsbókasafns</collection>
						<idno>Lbs fragm 19</idno>
						<msName>Missale (de sanctis)</msName>
					</msIdentifier>
					<msContents>
						<textLang mainLang="la"/>
						<msItem defective="true" class="messus">
							<locus from="1r" facs="#LbsFragm-0019-0001r" to="3v">1r-3v</locus>
							<title type="uniform">Missale de sanctis</title>
							<note>
								<p>Blað 1: úr tíðarsöng 2.-4. júlí</p>
								<p>Blað 2: úr tíðarsöng 8.-11. júlí.</p>
								<p>Brot.</p>
							</note>
							<bibl>Bjarni Þorsteinsson fjallar um þetta skinnbókarbrot í: <ref type="primary-2" target="Thjodlog1906">Íslenzk þjóðlög</ref>,
								bls. 186-187.</bibl>
						</msItem>
					</msContents>
					<physDesc>
						<objectDesc form="codex">
							<supportDesc material="perg">
								<support>
									<p>Skinn.</p>
								</support>
								<extent>2 blöð og ræman neðan af blaði (<dimensions scope="all" type="leaf" unit="mm">
										<height scope="range">85-270</height>
										<width scope="range">150-270</width>
									</dimensions>).</extent>
								<condition>
									<list>
										<item n="1">Blöðin mikið skert á báðum jöðrum og að neðan; á
											ræmunni aðeins 2 línur af texta.</item>
										<item n="2">Blöðin afar viðkvæm, með götum í.</item>
									</list>
								</condition>
							</supportDesc>
						</objectDesc>
						<handDesc hands="1">
							<summary>Ein hönd ; Skrifari:</summary>
							<handNote scope="sole" script="other" scribe="unknown">Óþekktur
								skrifari.</handNote>
						</handDesc>
						<musicNotation>Nótur að nokkru fyrir ofan texta.</musicNotation>
						<decoDesc>
							<decoNote type="initial">Rauðir, bláir, grænir og gyltir upphafsstafir.</decoNote>
							<decoNote type="frieze" subtype="head-piece">Rauðar
							fyrirsagnir.</decoNote>
						</decoDesc>

					</physDesc>
					<history>
						<origin>
							<origPlace>Ísland</origPlace>
							<origDate cert="medium" from="1350" to="1400">um 1350-1400.</origDate>
						</origin>
						<provenance>
							<p>Úr bandi á visitasíu- og reikningabók <placeName key="HvoSau01">Hvolskirkju</placeName> í Saurbæ 1759-1831.</p>
							<p>Komin af Landsskjalasafni.</p>
						</provenance>
					</history>
					<additional>
						<adminInfo>
							<recordHist>
								<source><name type="person" key="SigJor001">Sigríður Hjördís
										Jörundsdóttir</name> frumskráði <date when="2012-10-05">5.
										október 2012</date>
								</source>
							</recordHist>
							<custodialHist>
								<custEvent type="check">
									<p>Athugað fyrir myndatöku <date when="2012-10-05">5. október
											2012</date>.</p>
								</custEvent>
								<custEvent type="photography">
									<p>Myndað í <date when="2012-10">október 2012</date>.</p>
								</custEvent>
							</custodialHist>
						</adminInfo>
						<surrogates>
							<p>Myndað fyrir handritavef í <date when="2012-10">október
							2012</date>.</p>
						</surrogates>
					</additional>
				</msDesc>
			</sourceDesc>
		</fileDesc>
	</teiHeader>
	<facsimile xml:base="https://myndir.handrit.is/file/Handrit.is/">
		<surface xml:id="LbsFragm-0019-0001r" n="0">
			<desc>0001r</desc>
			<graphic mimeType="pdf" url="Lbs%20fragm%2019/0/HIGH_QUALITY_DISPLAY"/>
			<graphic mimeType="jpg" url="Lbs%20fragm%2019/0/THUMBNAIL" width="194px" height="300px"/>
			<graphic mimeType="jpg" url="Lbs%20fragm%2019/0/SECONDARY_DISPLAY" width="2206px" height="3408px"/>
			<graphic mimeType="pdf" url="Lbs%20fragm%2019/0/WEB_DISPLAY"/>
		</surface>
		<surface xml:id="LbsFragm-0019-0001v" n="1">
			<desc>0001v</desc>
			<graphic mimeType="pdf" url="Lbs%20fragm%2019/1/HIGH_QUALITY_DISPLAY"/>
			<graphic mimeType="jpg" url="Lbs%20fragm%2019/1/THUMBNAIL" width="200px" height="294px"/>
			<graphic mimeType="jpg" url="Lbs%20fragm%2019/1/SECONDARY_DISPLAY" width="2317px" height="3403px"/>
			<graphic mimeType="pdf" url="Lbs%20fragm%2019/1/WEB_DISPLAY"/>
		</surface>
		<surface xml:id="LbsFragm-0019-0002r" n="2">
			<desc>0002r</desc>
			<graphic mimeType="pdf" url="Lbs%20fragm%2019/2/HIGH_QUALITY_DISPLAY"/>
			<graphic mimeType="jpg" url="Lbs%20fragm%2019/2/THUMBNAIL" width="200px" height="288px"/>
			<graphic mimeType="jpg" url="Lbs%20fragm%2019/2/SECONDARY_DISPLAY" width="2436px" height="3503px"/>
			<graphic mimeType="pdf" url="Lbs%20fragm%2019/2/WEB_DISPLAY"/>
		</surface>
		<surface xml:id="LbsFragm-0019-0002v" n="3">
			<desc>0002v</desc>
			<graphic mimeType="pdf" url="Lbs%20fragm%2019/3/HIGH_QUALITY_DISPLAY"/>
			<graphic mimeType="jpg" url="Lbs%20fragm%2019/3/THUMBNAIL" width="200px" height="298px"/>
			<graphic mimeType="jpg" url="Lbs%20fragm%2019/3/SECONDARY_DISPLAY" width="2404px" height="3576px"/>
			<graphic mimeType="pdf" url="Lbs%20fragm%2019/3/WEB_DISPLAY"/>
		</surface>
		<surface xml:id="LbsFragm-0019-0003r" n="4">
			<desc>0003r</desc>
			<graphic mimeType="pdf" url="Lbs%20fragm%2019/4/HIGH_QUALITY_DISPLAY"/>
			<graphic mimeType="jpg" url="Lbs%20fragm%2019/4/THUMBNAIL" width="200px" height="85px"/>
			<graphic mimeType="jpg" url="Lbs%20fragm%2019/4/SECONDARY_DISPLAY" width="3484px" height="1482px"/>
			<graphic mimeType="pdf" url="Lbs%20fragm%2019/4/WEB_DISPLAY"/>
		</surface>
		<surface xml:id="LbsFragm-0019-0003v" n="5">
			<desc>0003v</desc>
			<graphic mimeType="pdf" url="Lbs%20fragm%2019/5/HIGH_QUALITY_DISPLAY"/>
			<graphic mimeType="jpg" url="Lbs%20fragm%2019/5/THUMBNAIL" width="200px" height="82px"/>
			<graphic mimeType="jpg" url="Lbs%20fragm%2019/5/SECONDARY_DISPLAY" width="3489px" height="1434px"/>
			<graphic mimeType="pdf" url="Lbs%20fragm%2019/5/WEB_DISPLAY"/>
		</surface>
		<surface xml:id="LbsFragm-0019-Scale" n="6">
			<desc>Scale</desc>
			<graphic mimeType="pdf" url="Lbs%20fragm%2019/6/HIGH_QUALITY_DISPLAY"/>
			<graphic mimeType="jpg" url="Lbs%20fragm%2019/6/THUMBNAIL" width="196px" height="300px"/>
			<graphic mimeType="jpg" url="Lbs%20fragm%2019/6/SECONDARY_DISPLAY" width="2200px" height="3365px"/>
			<graphic mimeType="pdf" url="Lbs%20fragm%2019/6/WEB_DISPLAY"/>
		</surface>
		<surface xml:id="LbsFragm-0019-ccp" n="7">
			<desc>ccp</desc>
			<graphic mimeType="pdf" url="Lbs%20fragm%2019/7/HIGH_QUALITY_DISPLAY"/>
			<graphic mimeType="jpg" url="Lbs%20fragm%2019/7/THUMBNAIL" width="200px" height="155px"/>
			<graphic mimeType="jpg" url="Lbs%20fragm%2019/7/SECONDARY_DISPLAY" width="4416px" height="3425px"/>
			<graphic mimeType="pdf" url="Lbs%20fragm%2019/7/WEB_DISPLAY"/>
		</surface>
	</facsimile>
</TEI>