<?xml version="1.0" encoding="UTF-8"?>
<?oxygen RNGSchema="http://www.handrit.is/schema/handrit-1.0.rnc" type="compact"?>
<TEI xmlns="http://www.tei-c.org/ns/1.0">
	<teiHeader>
		<fileDesc>
			<titleStmt>
				<title type="main">Lbs fragm 5</title>
				<title type="subordinate">Guðmundur saga biskups, Ísland, 1330-1370</title>
			</titleStmt>
			<publicationStmt>
				<authority>Landsbókasafn Íslands - Háskólabókasafn</authority>
				<pubPlace>Reykjavík</pubPlace>
				<date when="2014-09-23">23. september 2014</date>
				<availability status="restricted">
					<p>Aðgangur aðeins mögulegur í fræðilegum tilgangi.</p>
				</availability>
			</publicationStmt>
			<sourceDesc>
				<msDesc xml:id="LbsFragm-0005-is" xml:lang="is">
					<msIdentifier>
						<country key="IS">Ísland</country>
						<settlement>Reykjavík</settlement>
						<institution>Landsbókasafn Íslands - Háskólabókasafn</institution>
						<repository>Handritasafn</repository>
						<collection>Skinnblöð Landsbókasafns</collection>
						<idno>Lbs fragm 5</idno>
						<msName>Guðmundar saga biskups</msName>
					</msIdentifier>
					<msContents>
						<textLang mainLang="is">Íslenska</textLang>
						<msItem defective="true" class="bisks">
							<title type="uniform">Guðmundar saga biskups</title>
							<incipit>…Vm morgi]ninn var snemma til tiða farit</incipit>
							<explicit>…þessum fylgdi udaunn mikill. Þeir…</explicit>
							<filiation>Að líkindum úr sama handriti og blöðin í <ref target="AM02-0220-I-is" type="ms">AM 220 I fol</ref>.</filiation>
							<bibl><ref type="primary-1" target="Bisk">Biskupasögur</ref>
								<biblScope type="volume">I</biblScope>
								<biblScope type="pages">593:31-598:12</biblScope>.</bibl>
							<bibl>Jakob Benediktsson: <ref type="primary-2" target="JakBen1951a">Nokkur handritabrot</ref>, <biblScope type="pages">183-189</biblScope>.</bibl>
						</msItem>
					</msContents>
					<physDesc>
						<objectDesc form="codex">
							<supportDesc material="perg">
								<support>
									<p>Skinn.</p>
								</support>
								<extent>2 samföst blöð innst úr kveri (<dimensions scope="all" type="leaf" unit="mm">
										<height>230</height>
										<width>150</width>
									</dimensions>).</extent>
								<condition>Blöðin eru ósködduð, en hafa verið notuð í kápu og eru
									sumstaðar nokkuð máð.</condition>
							</supportDesc>
						</objectDesc>
						<handDesc hands="1">
							<summary>Ein hönd ; rithöndin virðist hin sama sem á Mörðuvallabók.</summary>
							<handNote scope="sole" script="other"/>
						</handDesc>
						<decoDesc>
							<decoNote type="paratext">Rauðar kapítulafyrirsagnir.</decoNote>
							<decoNote type="initial">Grænir og rauðir upphafsstafir.</decoNote>
						</decoDesc>
					</physDesc>
					<history>
						<origin>
							<origPlace>Ísland</origPlace>
							<origDate cert="medium" notBefore="1330" notAfter="1370">um miðja 14.
								öld.</origDate>
						</origin>
						<provenance>
							<p>Með blöðunum liggur miði skorinn úr umslagi með nafni <name type="person" key="DanHal001">sr. Daniels Halldórssonar á
								Hólmum</name> (pr. þar 1880-92); ef til vill eru blöðin frá honum
								komin.</p>
						</provenance>
					</history>
					<additional>
						<adminInfo>
							<recordHist>
								<source><name type="person" key="WolHes001">Wolfgang Hesse</name>
									skráði fyrir myndatöku, <date when="2014-09-23">23. september
										2014</date>.</source>
							</recordHist>
							<custodialHist>
								<custEvent type="check">
									<p>Athugað fyrir myndatöku <date when="2014-10">október
										2014</date>.</p>
								</custEvent>
								<custEvent type="photography">
									<p> Myndað í <date when="2014-10">október 2014</date>.</p>
								</custEvent>
							</custodialHist>
						</adminInfo>
						<surrogates>
							<p> Myndað fyrir handritavef í <date when="2014-10">október
								2014</date>.</p>
						</surrogates>
					</additional>
				</msDesc>
			</sourceDesc>
		</fileDesc>
	</teiHeader>
	<facsimile xml:base="https://myndir.handrit.is/file/Handrit.is/">
		<surface xml:id="LbsFragm-0005-0001r" n="0">
			<desc>0001r</desc>
			<graphic mimeType="pdf" url="Lbs%20fragm%205/0/HIGH_QUALITY_DISPLAY"/>
			<graphic mimeType="jpg" url="Lbs%20fragm%205/0/THUMBNAIL" width="200px" height="282px"/>
			<graphic mimeType="jpg" url="Lbs%20fragm%205/0/SECONDARY_DISPLAY" width="2064px" height="2908px"/>
			<graphic mimeType="pdf" url="Lbs%20fragm%205/0/WEB_DISPLAY"/>
		</surface>
		<surface xml:id="LbsFragm-0005-0001v" n="1">
			<desc>0001v</desc>
			<graphic mimeType="pdf" url="Lbs%20fragm%205/1/HIGH_QUALITY_DISPLAY"/>
			<graphic mimeType="jpg" url="Lbs%20fragm%205/1/THUMBNAIL" width="200px" height="289px"/>
			<graphic mimeType="jpg" url="Lbs%20fragm%205/1/SECONDARY_DISPLAY" width="1995px" height="2880px"/>
			<graphic mimeType="pdf" url="Lbs%20fragm%205/1/WEB_DISPLAY"/>
		</surface>
		<surface xml:id="LbsFragm-0005-0002r" n="2">
			<desc>0002r</desc>
			<graphic mimeType="pdf" url="Lbs%20fragm%205/2/HIGH_QUALITY_DISPLAY"/>
			<graphic mimeType="jpg" url="Lbs%20fragm%205/2/THUMBNAIL" width="200px" height="289px"/>
			<graphic mimeType="jpg" url="Lbs%20fragm%205/2/SECONDARY_DISPLAY" width="1995px" height="2880px"/>
			<graphic mimeType="pdf" url="Lbs%20fragm%205/2/WEB_DISPLAY"/>
		</surface>
		<surface xml:id="LbsFragm-0005-0002v" n="3">
			<desc>0002v</desc>
			<graphic mimeType="pdf" url="Lbs%20fragm%205/3/HIGH_QUALITY_DISPLAY"/>
			<graphic mimeType="jpg" url="Lbs%20fragm%205/3/THUMBNAIL" width="200px" height="286px"/>
			<graphic mimeType="jpg" url="Lbs%20fragm%205/3/SECONDARY_DISPLAY" width="2056px" height="2944px"/>
			<graphic mimeType="pdf" url="Lbs%20fragm%205/3/WEB_DISPLAY"/>
		</surface>
		<surface xml:id="LbsFragm-0005-accMat01r" n="4">
			<desc>accMat01r</desc>
			<graphic mimeType="pdf" url="Lbs%20fragm%205/4/HIGH_QUALITY_DISPLAY"/>
			<graphic mimeType="jpg" url="Lbs%20fragm%205/4/THUMBNAIL" width="200px" height="119px"/>
			<graphic mimeType="jpg" url="Lbs%20fragm%205/4/SECONDARY_DISPLAY" width="1905px" height="1133px"/>
			<graphic mimeType="pdf" url="Lbs%20fragm%205/4/WEB_DISPLAY"/>
		</surface>
		<surface xml:id="LbsFragm-0005-accMat01v" n="5">
			<desc>accMat01v</desc>
			<graphic mimeType="pdf" url="Lbs%20fragm%205/5/HIGH_QUALITY_DISPLAY"/>
			<graphic mimeType="jpg" url="Lbs%20fragm%205/5/THUMBNAIL" width="200px" height="117px"/>
			<graphic mimeType="jpg" url="Lbs%20fragm%205/5/SECONDARY_DISPLAY" width="1908px" height="1114px"/>
			<graphic mimeType="pdf" url="Lbs%20fragm%205/5/WEB_DISPLAY"/>
		</surface>
		<surface xml:id="LbsFragm-0005-Scale" n="6">
			<desc>Scale</desc>
			<graphic mimeType="pdf" url="Lbs%20fragm%205/6/HIGH_QUALITY_DISPLAY"/>
			<graphic mimeType="jpg" url="Lbs%20fragm%205/6/THUMBNAIL" width="200px" height="208px"/>
			<graphic mimeType="jpg" url="Lbs%20fragm%205/6/SECONDARY_DISPLAY" width="2857px" height="2967px"/>
			<graphic mimeType="pdf" url="Lbs%20fragm%205/6/WEB_DISPLAY"/>
		</surface>
		<surface xml:id="LbsFragm-0005-ccp" n="7">
			<desc>ccp</desc>
			<graphic mimeType="pdf" url="Lbs%20fragm%205/7/HIGH_QUALITY_DISPLAY"/>
			<graphic mimeType="jpg" url="Lbs%20fragm%205/7/THUMBNAIL" width="200px" height="142px"/>
			<graphic mimeType="jpg" url="Lbs%20fragm%205/7/SECONDARY_DISPLAY" width="4809px" height="3416px"/>
			<graphic mimeType="pdf" url="Lbs%20fragm%205/7/WEB_DISPLAY"/>
		</surface>
	</facsimile>
</TEI>