<?xml version="1.0" encoding="UTF-8"?>
<?oxygen RNGSchema="http://www.handrit.is/schema/handrit-1.0.rnc" type="compact"?>
<TEI xmlns="http://www.tei-c.org/ns/1.0">
	<teiHeader>
		<fileDesc>
			<titleStmt>
				<title type="main">Lbs fragm 12</title>
				<title type="subordinate">Graduale, 1600-1650</title>
			</titleStmt>
			<publicationStmt>
				<authority>Landsbókasafn Íslands - Háskólabókasafn</authority>
				<pubPlace>Reykjavík</pubPlace>
				<date when="2014-09-29">29. september 2014</date>
				<availability status="restricted">
					<p>Aðgangur aðeins mögulegur í fræðilegum tilgangi.</p>
				</availability>
			</publicationStmt>
			<sourceDesc>
				<msDesc xml:id="LbsFragm-0012-is" xml:lang="is">
					<msIdentifier>
						<country key="IS">Ísland</country>
						<settlement>Reykjavík</settlement>
						<institution>Landsbókasafn Íslands - Háskólabókasafn</institution>
						<repository>Handritasafn</repository>
						<collection>Skinnblöð Landsbókasafns</collection>
						<idno>Lbs fragm 12</idno>
					</msIdentifier>
					<msContents>
						<textLang mainLang="is">Íslenska</textLang>
						<msItem defective="true" class="list">
							<title type="uniform">Graduale</title>
							<incipit>[I] dag eitt Blessad Barned er</incipit>
							<explicit>cum thronis et dominationibus cumqve omni</explicit>
							<bibl>Bjarni Þorsteinsson: <ref type="primary-2" target="Thjodlog1906">Íslenzk þjóðlög</ref>, <biblScope type="pages">194-195</biblScope>.</bibl>
						</msItem>
					</msContents>
					<physDesc>
						<objectDesc form="codex">
							<supportDesc material="perg">
								<support>
									<p>Skinn.</p>
								</support>
								<extent>1 blað og mjó ræma (2-3 cm) af öðru samföstu (<dimensions scope="all" type="leaf" unit="mm">
										<height>215</height>
										<width>170</width>
									</dimensions>).</extent>
							</supportDesc>
						</objectDesc>
						<musicNotation>Nótur yfir texta.</musicNotation>
					</physDesc>
					<history>
						<origin>
							<origPlace>Ísland</origPlace>
							<origDate cert="medium" notBefore="1600" notAfter="1650">fyrri hluti 17. aldar.</origDate>
						</origin>
						<provenance>
							<p>Var utan um elsta sálnaregistur Rafnseyrarkirkju 1748-1761. Afhent úr Landsskjalasafni 24. júlí 1902.</p>
						</provenance>
					</history>
					<additional>
						<adminInfo>
							<recordHist>
								<source><name type="person" key="WolHes001">Wolfgang Hesse</name>
									skráði fyrir myndatöku, <date when="2014-09-29">29. september
										2014</date>.</source>
							</recordHist>
							<custodialHist>
								<custEvent type="check">
									<p>Athugað fyrir myndatöku <date when="2014-10">október
										2014</date>.</p>
								</custEvent>
								<custEvent type="photography">
									<p> Myndað í <date when="2014-10">október 2014</date>.</p>
								</custEvent>
							</custodialHist>
						</adminInfo>
						<surrogates>
							<p> Myndað fyrir handritavef í <date when="2014-10">október
								2014</date>.</p>
						</surrogates>
					</additional>
				</msDesc>
			</sourceDesc>
		</fileDesc>
	</teiHeader>
	<facsimile xml:base="https://myndir.handrit.is/file/Handrit.is/">
		<surface xml:id="LbsFragm-0012-0001r" n="0">
			<desc>0001r</desc>
			<graphic mimeType="pdf" url="Lbs%20fragm%2012/0/HIGH_QUALITY_DISPLAY"/>
			<graphic mimeType="jpg" url="Lbs%20fragm%2012/0/THUMBNAIL" width="69px" height="300px"/>
			<graphic mimeType="jpg" url="Lbs%20fragm%2012/0/SECONDARY_DISPLAY" width="650px" height="2823px"/>
			<graphic mimeType="pdf" url="Lbs%20fragm%2012/0/WEB_DISPLAY"/>
		</surface>
		<surface xml:id="LbsFragm-0012-0001v" n="1">
			<desc>0001v</desc>
			<graphic mimeType="pdf" url="Lbs%20fragm%2012/1/HIGH_QUALITY_DISPLAY"/>
			<graphic mimeType="jpg" url="Lbs%20fragm%2012/1/THUMBNAIL" width="68px" height="300px"/>
			<graphic mimeType="jpg" url="Lbs%20fragm%2012/1/SECONDARY_DISPLAY" width="629px" height="2776px"/>
			<graphic mimeType="pdf" url="Lbs%20fragm%2012/1/WEB_DISPLAY"/>
		</surface>
		<surface xml:id="LbsFragm-0012-0002r" n="2">
			<desc>0002r</desc>
			<graphic mimeType="pdf" url="Lbs%20fragm%2012/2/HIGH_QUALITY_DISPLAY"/>
			<graphic mimeType="jpg" url="Lbs%20fragm%2012/2/THUMBNAIL" width="200px" height="240px"/>
			<graphic mimeType="jpg" url="Lbs%20fragm%2012/2/SECONDARY_DISPLAY" width="2336px" height="2808px"/>
			<graphic mimeType="pdf" url="Lbs%20fragm%2012/2/WEB_DISPLAY"/>
		</surface>
		<surface xml:id="LbsFragm-0012-0002v" n="3">
			<desc>0002v</desc>
			<graphic mimeType="pdf" url="Lbs%20fragm%2012/3/HIGH_QUALITY_DISPLAY"/>
			<graphic mimeType="jpg" url="Lbs%20fragm%2012/3/THUMBNAIL" width="200px" height="245px"/>
			<graphic mimeType="jpg" url="Lbs%20fragm%2012/3/SECONDARY_DISPLAY" width="2319px" height="2848px"/>
			<graphic mimeType="pdf" url="Lbs%20fragm%2012/3/WEB_DISPLAY"/>
		</surface>
		<surface xml:id="LbsFragm-0012-accMat01r" n="4">
			<desc>accMat01r</desc>
			<graphic mimeType="pdf" url="Lbs%20fragm%2012/4/HIGH_QUALITY_DISPLAY"/>
			<graphic mimeType="jpg" url="Lbs%20fragm%2012/4/THUMBNAIL" width="200px" height="243px"/>
			<graphic mimeType="jpg" url="Lbs%20fragm%2012/4/SECONDARY_DISPLAY" width="2216px" height="2696px"/>
			<graphic mimeType="pdf" url="Lbs%20fragm%2012/4/WEB_DISPLAY"/>
		</surface>
		<surface xml:id="LbsFragm-0012-accMat01v" n="5">
			<desc>accMat01v</desc>
			<graphic mimeType="pdf" url="Lbs%20fragm%2012/5/HIGH_QUALITY_DISPLAY"/>
			<graphic mimeType="jpg" url="Lbs%20fragm%2012/5/THUMBNAIL" width="200px" height="243px"/>
			<graphic mimeType="jpg" url="Lbs%20fragm%2012/5/SECONDARY_DISPLAY" width="2237px" height="2715px"/>
			<graphic mimeType="pdf" url="Lbs%20fragm%2012/5/WEB_DISPLAY"/>
		</surface>
		<surface xml:id="LbsFragm-0012-Scale" n="6">
			<desc>Scale</desc>
			<graphic mimeType="pdf" url="Lbs%20fragm%2012/6/HIGH_QUALITY_DISPLAY"/>
			<graphic mimeType="jpg" url="Lbs%20fragm%2012/6/THUMBNAIL" width="200px" height="164px"/>
			<graphic mimeType="jpg" url="Lbs%20fragm%2012/6/SECONDARY_DISPLAY" width="3526px" height="2888px"/>
			<graphic mimeType="pdf" url="Lbs%20fragm%2012/6/WEB_DISPLAY"/>
		</surface>
		<surface xml:id="LbsFragm-0012-ccp" n="7">
			<desc>ccp</desc>
			<graphic mimeType="pdf" url="Lbs%20fragm%2012/7/HIGH_QUALITY_DISPLAY"/>
			<graphic mimeType="jpg" url="Lbs%20fragm%2012/7/THUMBNAIL" width="200px" height="129px"/>
			<graphic mimeType="jpg" url="Lbs%20fragm%2012/7/SECONDARY_DISPLAY" width="5276px" height="3400px"/>
			<graphic mimeType="pdf" url="Lbs%20fragm%2012/7/WEB_DISPLAY"/>
		</surface>
	</facsimile>
</TEI>