<?xml version="1.0" encoding="UTF-8"?>
<?oxygen RNGSchema="http://www.handrit.is/schema/handrit-1.0.rnc" type="compact"?>
<TEI xmlns="http://www.tei-c.org/ns/1.0">
	<teiHeader>
		<fileDesc>
			<titleStmt>
				<title type="main">Lbs fragm 8</title>
				<title type="subordinate">Jónsbók, 1550-1600</title>
			</titleStmt>
			<publicationStmt>
				<authority>Landsbókasafn Íslands - Háskólabókasafn</authority>
				<pubPlace>Reykjavík</pubPlace>
				<date when="2014-09-23">23. september 2014</date>
				<availability status="restricted">
					<p>Aðgangur aðeins mögulegur í fræðilegum tilgangi.</p>
				</availability>
			</publicationStmt>
			<sourceDesc>
				<msDesc xml:id="LbsFragm-0008-is" xml:lang="is">
					<msIdentifier>
						<country key="IS">Ísland</country>
						<settlement>Reykjavík</settlement>
						<institution>Landsbókasafn Íslands - Háskólabókasafn</institution>
						<repository>Handritasafn</repository>
						<collection>Skinnblöð Landsbókasafns</collection>
						<idno>Lbs fragm 8</idno>
						<msName>Jónsbók</msName>
					</msIdentifier>
					<msContents>
						<textLang mainLang="is">Íslenska</textLang>
						<msItem defective="true" class="log">
							<title type="uniform">Jónsbók</title>
							<incipit>…fu]llu [fyrer] suara af hans goze…</incipit>
							<explicit>so ad visse þa suer…</explicit>
							<bibl><ref type="primary-1" target="Jonsbok1904">Jónsbók 1904</ref>, <biblScope type="pages">211:7-218:13</biblScope>.</bibl>
						</msItem>
					</msContents>
					<physDesc>
						<objectDesc form="codex">
							<supportDesc material="perg">
								<support>
									<p>Skinn.</p>
								</support>
								<extent>2 blöð samföst innst úr kveri (<dimensions scope="all" type="leaf" unit="mm">
										<height>185</height>
										<width>150</width>
								</dimensions>).</extent>
								<condition>Lítið eitt sködduð í kili og að ofan á blaði 2
									og er skriftin nokkuð máð á báðum ytri blaðsíðum.</condition>
							</supportDesc>
						</objectDesc>
						<decoDesc>
							<decoNote type="paratext">Rauðar fyrirsagnir.</decoNote>
							<decoNote type="initial">Rauðir upphafsstafir.</decoNote>
						</decoDesc>
					</physDesc>
					<history>
						<origin>
							<origPlace>Ísland</origPlace>
							<origDate cert="medium" notBefore="1550" notAfter="1600">á ofanverðri 16.
							öld.</origDate>
						</origin>
						<provenance>
							<p>Voru utan um úttektarkver Reykholtsjarða 1719-1868.</p>
							<p>Afhent Landsskjalasafni 21.2.1900; þaðan afhent Landsbókasafni.</p>
						</provenance>
					</history>
					<additional>
						<adminInfo>
							<recordHist>
								<source><name type="person" key="WolHes001">Wolfgang Hesse</name>
									skráði fyrir myndatöku, <date when="2014-09-23">23. september
										2014</date>.</source>
							</recordHist>
							<custodialHist>
								<custEvent type="check">
									<p>Athugað fyrir myndatöku <date when="2014-10">október
										2014</date>.</p>
								</custEvent>
								<custEvent type="photography">
									<p> Myndað í <date when="2014-10">október 2014</date>.</p>
								</custEvent>
							</custodialHist>
						</adminInfo>
						<surrogates>
							<p> Myndað fyrir handritavef í <date when="2014-10">október
								2014</date>.</p>
						</surrogates>
					</additional>
				</msDesc>
			</sourceDesc>
		</fileDesc>
	</teiHeader>
	<facsimile xml:base="https://myndir.handrit.is/file/Handrit.is/">
		<surface xml:id="LbsFragm-0008-0001r" n="0">
			<desc>0001r</desc>
			<graphic mimeType="pdf" url="Lbs%20fragm%208/0/HIGH_QUALITY_DISPLAY"/>
			<graphic mimeType="jpg" url="Lbs%20fragm%208/0/THUMBNAIL" width="200px" height="230px"/>
			<graphic mimeType="jpg" url="Lbs%20fragm%208/0/SECONDARY_DISPLAY" width="2112px" height="2424px"/>
			<graphic mimeType="pdf" url="Lbs%20fragm%208/0/WEB_DISPLAY"/>
		</surface>
		<surface xml:id="LbsFragm-0008-0001v" n="1">
			<desc>0001v</desc>
			<graphic mimeType="pdf" url="Lbs%20fragm%208/1/HIGH_QUALITY_DISPLAY"/>
			<graphic mimeType="jpg" url="Lbs%20fragm%208/1/THUMBNAIL" width="200px" height="238px"/>
			<graphic mimeType="jpg" url="Lbs%20fragm%208/1/SECONDARY_DISPLAY" width="2027px" height="2408px"/>
			<graphic mimeType="pdf" url="Lbs%20fragm%208/1/WEB_DISPLAY"/>
		</surface>
		<surface xml:id="LbsFragm-0008-0002r" n="2">
			<desc>0002r</desc>
			<graphic mimeType="pdf" url="Lbs%20fragm%208/2/HIGH_QUALITY_DISPLAY"/>
			<graphic mimeType="jpg" url="Lbs%20fragm%208/2/THUMBNAIL" width="200px" height="238px"/>
			<graphic mimeType="jpg" url="Lbs%20fragm%208/2/SECONDARY_DISPLAY" width="2027px" height="2408px"/>
			<graphic mimeType="pdf" url="Lbs%20fragm%208/2/WEB_DISPLAY"/>
		</surface>
		<surface xml:id="LbsFragm-0008-0002v" n="3">
			<desc>0002v</desc>
			<graphic mimeType="pdf" url="Lbs%20fragm%208/3/HIGH_QUALITY_DISPLAY"/>
			<graphic mimeType="jpg" url="Lbs%20fragm%208/3/THUMBNAIL" width="200px" height="232px"/>
			<graphic mimeType="jpg" url="Lbs%20fragm%208/3/SECONDARY_DISPLAY" width="2076px" height="2408px"/>
			<graphic mimeType="pdf" url="Lbs%20fragm%208/3/WEB_DISPLAY"/>
		</surface>
		<surface xml:id="LbsFragm-0008-accMat01r" n="4">
			<desc>accMat01r</desc>
			<graphic mimeType="pdf" url="Lbs%20fragm%208/4/HIGH_QUALITY_DISPLAY"/>
			<graphic mimeType="jpg" url="Lbs%20fragm%208/4/THUMBNAIL" width="200px" height="243px"/>
			<graphic mimeType="jpg" url="Lbs%20fragm%208/4/SECONDARY_DISPLAY" width="1881px" height="2290px"/>
			<graphic mimeType="pdf" url="Lbs%20fragm%208/4/WEB_DISPLAY"/>
		</surface>
		<surface xml:id="LbsFragm-0008-accMat01v" n="5">
			<desc>accMat01v</desc>
			<graphic mimeType="pdf" url="Lbs%20fragm%208/5/HIGH_QUALITY_DISPLAY"/>
			<graphic mimeType="jpg" url="Lbs%20fragm%208/5/THUMBNAIL" width="200px" height="243px"/>
			<graphic mimeType="jpg" url="Lbs%20fragm%208/5/SECONDARY_DISPLAY" width="1869px" height="2272px"/>
			<graphic mimeType="pdf" url="Lbs%20fragm%208/5/WEB_DISPLAY"/>
		</surface>
		<surface xml:id="LbsFragm-0008-Scale" n="6">
			<desc>Scale</desc>
			<graphic mimeType="pdf" url="Lbs%20fragm%208/6/HIGH_QUALITY_DISPLAY"/>
			<graphic mimeType="jpg" url="Lbs%20fragm%208/6/THUMBNAIL" width="200px" height="179px"/>
			<graphic mimeType="jpg" url="Lbs%20fragm%208/6/SECONDARY_DISPLAY" width="2865px" height="2560px"/>
			<graphic mimeType="pdf" url="Lbs%20fragm%208/6/WEB_DISPLAY"/>
		</surface>
		<surface xml:id="LbsFragm-0008-ccp" n="7">
			<desc>ccp</desc>
			<graphic mimeType="pdf" url="Lbs%20fragm%208/7/HIGH_QUALITY_DISPLAY"/>
			<graphic mimeType="jpg" url="Lbs%20fragm%208/7/THUMBNAIL" width="200px" height="143px"/>
			<graphic mimeType="jpg" url="Lbs%20fragm%208/7/SECONDARY_DISPLAY" width="4763px" height="3412px"/>
			<graphic mimeType="pdf" url="Lbs%20fragm%208/7/WEB_DISPLAY"/>
		</surface>
	</facsimile>
</TEI>