<?xml version="1.0" encoding="UTF-8"?>
<?oxygen RNGSchema="http://www.handrit.is/schema/handrit-1.0.rnc" type="compact"?>
<TEI xmlns="http://www.tei-c.org/ns/1.0">
	<teiHeader>
		<fileDesc>
			<titleStmt>
				<title type="main">Lbs fragm 10</title>
				<title type="subordinate">Corvins postilla, 1540-1560</title>
			</titleStmt>
			<publicationStmt>
				<authority>Landsbókasafn Íslands - Háskólabókasafn</authority>
				<pubPlace>Reykjavík</pubPlace>
				<date when="2014-10-02">2. október 2014</date>
				<availability status="restricted">
					<p>Aðgangur aðeins mögulegur í fræðilegum tilgangi.</p>
				</availability>
			</publicationStmt>
			<sourceDesc>
				<msDesc xml:id="LbsFragm-0010-is" xml:lang="is">
					<msIdentifier>
						<country key="IS">Ísland</country>
						<settlement>Reykjavík</settlement>
						<institution>Landsbókasafn Íslands - Háskólabókasafn</institution>
						<repository>Handritasafn</repository>
						<collection>Skinnblöð Landsbókasafns</collection>
						<idno>Lbs fragm 10</idno>
						<msName>Corvins postilla</msName>
					</msIdentifier>
					<msContents>
						<textLang mainLang="is">Íslenska</textLang>
						<msItem defective="true" class="postil">
							<respStmt>
								<resp key="trl">Þýðandi</resp>
								<name type="person" key="OddGot001">Oddur Gottskálksson</name>
							</respStmt>
							<title type="supplied">Corvins postilla</title>
							<incipit>uolada Lazaro meira gott, enn þat hann giaurer</incipit>
							<explicit>hughreysti þeirra huorier af heilaugum anda uerda up … (síðari
								dálkur torlesinn)</explicit>
						</msItem>
					</msContents>
					<physDesc>
						<objectDesc form="codex">
							<supportDesc material="perg">
								<support>
									<p>Skinn.</p>
								</support>
								<extent>4 blöð samföst tvö og tvö, en ósamstæð (<dimensions scope="all" type="leaf" unit="mm">
										<height>195</height>
										<width>145</width>
									</dimensions>; blað 4).</extent>
								<condition>Blað 1-2 eru skorin sundur um þvert fyrir neðan miðju;
									auk þess skorin á jöðrum; blað 3 er skert nær inn að miðju á
									ytra jaðri; blað 3r er að mestu ólesandi; blað 4 götótt en heilt
									á jöðrum. Milli blaða 1 og 2 vantar að minnsta kosti 6 blöð;
									milli blaða 3 og 4 sennilega 2 blöð.</condition>
							</supportDesc>
						</objectDesc>
					</physDesc>
					<history>
						<origin>
							<origPlace>Ísland</origPlace>
							<origDate cert="medium" notBefore="1540" notAfter="1560">um miðja 16.
								öld.</origDate>
						</origin>
						<provenance>
							<p>Blöðin voru áður í ÍB 123 8vo.</p>
						</provenance>
					</history>
					<additional>
						<adminInfo>
							<recordHist>
								<source><name type="person" key="WolHes001">Wolfgang Hesse</name>
									skráði fyrir myndatöku, <date when="2014-10-02">2. október
									2014</date>.</source>
							</recordHist>
							<custodialHist>
								<custEvent type="check">
									<p>Athugað fyrir myndatöku <date when="2014-10">október
										2014</date>.</p>
								</custEvent>
								<custEvent type="photography">
									<p> Myndað í <date when="2014-10">október 2014</date>.</p>
								</custEvent>
							</custodialHist>
						</adminInfo>
						<surrogates>
							<p> Myndað fyrir handritavef í <date when="2014-10">október
								2014</date>.</p>
						</surrogates>
					</additional>
				</msDesc>
			</sourceDesc>
		</fileDesc>
	</teiHeader>
	<facsimile xml:base="https://myndir.handrit.is/file/Handrit.is/">
		<surface xml:id="LbsFragm-0010-0001r" n="0">
			<desc>0001r</desc>
			<graphic mimeType="pdf" url="Lbs%20fragm%2010/0/HIGH_QUALITY_DISPLAY"/>
			<graphic mimeType="jpg" url="Lbs%20fragm%2010/0/THUMBNAIL" width="200px" height="242px"/>
			<graphic mimeType="jpg" url="Lbs%20fragm%2010/0/SECONDARY_DISPLAY" width="1899px" height="2302px"/>
			<graphic mimeType="pdf" url="Lbs%20fragm%2010/0/WEB_DISPLAY"/>
		</surface>
		<surface xml:id="LbsFragm-0010-0001v" n="1">
			<desc>0001v</desc>
			<graphic mimeType="pdf" url="Lbs%20fragm%2010/1/HIGH_QUALITY_DISPLAY"/>
			<graphic mimeType="jpg" url="Lbs%20fragm%2010/1/THUMBNAIL" width="200px" height="245px"/>
			<graphic mimeType="jpg" url="Lbs%20fragm%2010/1/SECONDARY_DISPLAY" width="1935px" height="2372px"/>
			<graphic mimeType="pdf" url="Lbs%20fragm%2010/1/WEB_DISPLAY"/>
		</surface>
		<surface xml:id="LbsFragm-0010-0002r" n="2">
			<desc>0002r</desc>
			<graphic mimeType="pdf" url="Lbs%20fragm%2010/2/HIGH_QUALITY_DISPLAY"/>
			<graphic mimeType="jpg" url="Lbs%20fragm%2010/2/THUMBNAIL" width="200px" height="245px"/>
			<graphic mimeType="jpg" url="Lbs%20fragm%2010/2/SECONDARY_DISPLAY" width="1935px" height="2372px"/>
			<graphic mimeType="pdf" url="Lbs%20fragm%2010/2/WEB_DISPLAY"/>
		</surface>
		<surface xml:id="LbsFragm-0010-0002v" n="3">
			<desc>0002v</desc>
			<graphic mimeType="pdf" url="Lbs%20fragm%2010/3/HIGH_QUALITY_DISPLAY"/>
			<graphic mimeType="jpg" url="Lbs%20fragm%2010/3/THUMBNAIL" width="200px" height="243px"/>
			<graphic mimeType="jpg" url="Lbs%20fragm%2010/3/SECONDARY_DISPLAY" width="1971px" height="2395px"/>
			<graphic mimeType="pdf" url="Lbs%20fragm%2010/3/WEB_DISPLAY"/>
		</surface>
		<surface xml:id="LbsFragm-0010-0003r" n="4">
			<desc>0003r</desc>
			<graphic mimeType="pdf" url="Lbs%20fragm%2010/4/HIGH_QUALITY_DISPLAY"/>
			<graphic mimeType="jpg" url="Lbs%20fragm%2010/4/THUMBNAIL" width="200px" height="265px"/>
			<graphic mimeType="jpg" url="Lbs%20fragm%2010/4/SECONDARY_DISPLAY" width="1904px" height="2524px"/>
			<graphic mimeType="pdf" url="Lbs%20fragm%2010/4/WEB_DISPLAY"/>
		</surface>
		<surface xml:id="LbsFragm-0010-0003v" n="5">
			<desc>0003v</desc>
			<graphic mimeType="pdf" url="Lbs%20fragm%2010/5/HIGH_QUALITY_DISPLAY"/>
			<graphic mimeType="jpg" url="Lbs%20fragm%2010/5/THUMBNAIL" width="200px" height="260px"/>
			<graphic mimeType="jpg" url="Lbs%20fragm%2010/5/SECONDARY_DISPLAY" width="1951px" height="2540px"/>
			<graphic mimeType="pdf" url="Lbs%20fragm%2010/5/WEB_DISPLAY"/>
		</surface>
		<surface xml:id="LbsFragm-0010-0004r" n="6">
			<desc>0004r</desc>
			<graphic mimeType="pdf" url="Lbs%20fragm%2010/6/HIGH_QUALITY_DISPLAY"/>
			<graphic mimeType="jpg" url="Lbs%20fragm%2010/6/THUMBNAIL" width="200px" height="260px"/>
			<graphic mimeType="jpg" url="Lbs%20fragm%2010/6/SECONDARY_DISPLAY" width="1951px" height="2540px"/>
			<graphic mimeType="pdf" url="Lbs%20fragm%2010/6/WEB_DISPLAY"/>
		</surface>
		<surface xml:id="LbsFragm-0010-0004v" n="7">
			<desc>0004v</desc>
			<graphic mimeType="pdf" url="Lbs%20fragm%2010/7/HIGH_QUALITY_DISPLAY"/>
			<graphic mimeType="jpg" url="Lbs%20fragm%2010/7/THUMBNAIL" width="200px" height="241px"/>
			<graphic mimeType="jpg" url="Lbs%20fragm%2010/7/SECONDARY_DISPLAY" width="2108px" height="2540px"/>
			<graphic mimeType="pdf" url="Lbs%20fragm%2010/7/WEB_DISPLAY"/>
		</surface>
		<surface xml:id="LbsFragm-0010-accMat01r" n="8">
			<desc>accMat01r</desc>
			<graphic mimeType="pdf" url="Lbs%20fragm%2010/8/HIGH_QUALITY_DISPLAY"/>
			<graphic mimeType="jpg" url="Lbs%20fragm%2010/8/THUMBNAIL" width="179px" height="300px"/>
			<graphic mimeType="jpg" url="Lbs%20fragm%2010/8/SECONDARY_DISPLAY" width="1338px" height="2239px"/>
			<graphic mimeType="pdf" url="Lbs%20fragm%2010/8/WEB_DISPLAY"/>
		</surface>
		<surface xml:id="LbsFragm-0010-accMat01v" n="9">
			<desc>accMat01v</desc>
			<graphic mimeType="pdf" url="Lbs%20fragm%2010/9/HIGH_QUALITY_DISPLAY"/>
			<graphic mimeType="jpg" url="Lbs%20fragm%2010/9/THUMBNAIL" width="179px" height="300px"/>
			<graphic mimeType="jpg" url="Lbs%20fragm%2010/9/SECONDARY_DISPLAY" width="1340px" height="2250px"/>
			<graphic mimeType="pdf" url="Lbs%20fragm%2010/9/WEB_DISPLAY"/>
		</surface>
		<surface xml:id="LbsFragm-0010-accMat02r" n="10">
			<desc>accMat02r</desc>
			<graphic mimeType="pdf" url="Lbs%20fragm%2010/10/HIGH_QUALITY_DISPLAY"/>
			<graphic mimeType="jpg" url="Lbs%20fragm%2010/10/THUMBNAIL" width="200px" height="155px"/>
			<graphic mimeType="jpg" url="Lbs%20fragm%2010/10/SECONDARY_DISPLAY" width="2796px" height="2164px"/>
			<graphic mimeType="pdf" url="Lbs%20fragm%2010/10/WEB_DISPLAY"/>
		</surface>
		<surface xml:id="LbsFragm-0010-accMat02v" n="11">
			<desc>accMat02v</desc>
			<graphic mimeType="pdf" url="Lbs%20fragm%2010/11/HIGH_QUALITY_DISPLAY"/>
			<graphic mimeType="jpg" url="Lbs%20fragm%2010/11/THUMBNAIL" width="200px" height="155px"/>
			<graphic mimeType="jpg" url="Lbs%20fragm%2010/11/SECONDARY_DISPLAY" width="2792px" height="2164px"/>
			<graphic mimeType="pdf" url="Lbs%20fragm%2010/11/WEB_DISPLAY"/>
		</surface>
		<surface xml:id="LbsFragm-0010-Scale" n="12">
			<desc>Scale</desc>
			<graphic mimeType="pdf" url="Lbs%20fragm%2010/12/HIGH_QUALITY_DISPLAY"/>
			<graphic mimeType="jpg" url="Lbs%20fragm%2010/12/THUMBNAIL" width="200px" height="195px"/>
			<graphic mimeType="jpg" url="Lbs%20fragm%2010/12/SECONDARY_DISPLAY" width="2753px" height="2691px"/>
			<graphic mimeType="pdf" url="Lbs%20fragm%2010/12/WEB_DISPLAY"/>
		</surface>
		<surface xml:id="LbsFragm-0010-ccp" n="13">
			<desc>ccp</desc>
			<graphic mimeType="pdf" url="Lbs%20fragm%2010/13/HIGH_QUALITY_DISPLAY"/>
			<graphic mimeType="jpg" url="Lbs%20fragm%2010/13/THUMBNAIL" width="200px" height="148px"/>
			<graphic mimeType="jpg" url="Lbs%20fragm%2010/13/SECONDARY_DISPLAY" width="4624px" height="3408px"/>
			<graphic mimeType="pdf" url="Lbs%20fragm%2010/13/WEB_DISPLAY"/>
		</surface>
	</facsimile>
</TEI>