<?xml version="1.0" encoding="UTF-8"?>
<?oxygen RNGSchema="http://www.handrit.is/schema/handrit-1.0.rnc" type="compact"?>
<TEI xmlns="http://www.tei-c.org/ns/1.0">
	<teiHeader>
		<fileDesc>
			<titleStmt>
				<title type="main">Lbs fragm 6</title>
				<title type="subordinate">Guðmundur saga biskups, Ísland, 1375-1400</title>
			</titleStmt>
			<publicationStmt>
				<authority>Landsbókasafn Íslands - Háskólabókasafn</authority>
				<pubPlace>Reykjavík</pubPlace>
				<date when="2014-09-23">23. september 2014</date>
				<availability status="restricted">
					<p>Aðgangur aðeins mögulegur í fræðilegum tilgangi.</p>
				</availability>
			</publicationStmt>
			<sourceDesc>
				<msDesc xml:id="LbsFragm-0006-is" xml:lang="is">
					<msIdentifier>
						<country key="IS">Ísland</country>
						<settlement>Reykjavík</settlement>
						<institution>Landsbókasafn Íslands - Háskólabókasafn</institution>
						<repository>Handritasafn</repository>
						<collection>Skinnblöð Landsbókasafns</collection>
						<idno>Lbs fragm 6</idno>
						<msName>Guðmundar saga biskups</msName>
					</msIdentifier>
					<msContents>
						<textLang mainLang="is">Íslenska</textLang>
						<msItem defective="true" class="bisks">
							<author key="ArnBra001">Arngrímur ábóti</author>
							<title type="uniform">Guðmundar saga biskups</title>
							<incipit>…m]einliga at hon ognar</incipit>
							<explicit>…færa þinn haals vndan okinu…</explicit>
							<filiation>Úr sama handriti og <ref target="JSFragm-0005-is" type="ms">JS fragm 5</ref> og brotin í <ref target="AM02-0219-is" type="ms">AM 219 fol</ref>.</filiation>
							<bibl><ref type="primary-1" target="Bisk">Biskupasögur</ref>
								<biblScope type="volume">II</biblScope>
								<biblScope type="pages">593:31-598:12</biblScope>.</bibl>
							<bibl>Jakob Benediktsson: <ref type="primary-2" target="JakBen1951a">Nokkur handritabrot</ref>, <biblScope type="pages">189-190</biblScope>.</bibl>
						</msItem>
					</msContents>
					<physDesc>
						<objectDesc form="codex">
							<supportDesc material="perg">
								<support>
									<p>Skinn.</p>
								</support>
								<extent>1 blað (<dimensions scope="all" type="leaf" unit="mm">
										<height>290</height>
										<width>195</width>
									</dimensions>).</extent>
								<condition>Hefur verið utan um kver, og er fremri blaðsíða máð og
									torlesin. Tvær efstu línurnar að mestu skornar af; lesmál
									óskert.</condition>
							</supportDesc>
							<layoutDesc>
								<layout columns="2">
									<p>Tvídálkaður texti.</p>
								</layout>
							</layoutDesc>
						</objectDesc>
						<decoDesc>
							<decoNote type="paratext">Rauð fyrirsögn.</decoNote>
							<decoNote type="initial">Rauður upphafsstafur.</decoNote>
						</decoDesc>
					</physDesc>
					<history>
						<origin>
							<origPlace>Ísland</origPlace>
							<origDate cert="medium" notBefore="1375" notAfter="1400">lok 14.
							aldar.</origDate>
						</origin>
						<provenance>
							<p>Komið til Landsbókasafns úr eigu <name type="person" key="SteJon005">Stefáns Jónssonar alþingismanns</name> á Steinsstöðum.</p>
						</provenance>
					</history>
					<additional>
						<adminInfo>
							<recordHist>
								<source><name type="person" key="WolHes001">Wolfgang Hesse</name>
									skráði fyrir myndatöku, <date when="2014-09-23">23. september
										2014</date>.</source>
							</recordHist>
							<custodialHist>
								<custEvent type="check">
									<p>Athugað fyrir myndatöku <date when="2014-10">október
										2014</date>.</p>
								</custEvent>
								<custEvent type="photography">
									<p> Myndað í <date when="2014-10">október 2014</date>.</p>
								</custEvent>
							</custodialHist>
						</adminInfo>
						<surrogates>
							<p> Myndað fyrir handritavef í <date when="2014-10">október
								2014</date>.</p>
						</surrogates>
					</additional>
				</msDesc>
			</sourceDesc>
		</fileDesc>
	</teiHeader>
	<facsimile xml:base="https://myndir.handrit.is/file/Handrit.is/">
		<surface xml:id="LbsFragm-0006-0001r" n="0">
			<desc>0001r</desc>
			<graphic mimeType="pdf" url="Lbs%20fragm%206/0/HIGH_QUALITY_DISPLAY"/>
			<graphic mimeType="jpg" url="Lbs%20fragm%206/0/THUMBNAIL" width="200px" height="253px"/>
			<graphic mimeType="jpg" url="Lbs%20fragm%206/0/SECONDARY_DISPLAY" width="2632px" height="3332px"/>
			<graphic mimeType="pdf" url="Lbs%20fragm%206/0/WEB_DISPLAY"/>
		</surface>
		<surface xml:id="LbsFragm-0006-0001v" n="1">
			<desc>0001v</desc>
			<graphic mimeType="pdf" url="Lbs%20fragm%206/1/HIGH_QUALITY_DISPLAY"/>
			<graphic mimeType="jpg" url="Lbs%20fragm%206/1/THUMBNAIL" width="200px" height="254px"/>
			<graphic mimeType="jpg" url="Lbs%20fragm%206/1/SECONDARY_DISPLAY" width="2632px" height="3344px"/>
			<graphic mimeType="pdf" url="Lbs%20fragm%206/1/WEB_DISPLAY"/>
		</surface>
		<surface xml:id="LbsFragm-0006-accMat01r" n="2">
			<desc>accMat01r</desc>
			<graphic mimeType="pdf" url="Lbs%20fragm%206/2/HIGH_QUALITY_DISPLAY"/>
			<graphic mimeType="jpg" url="Lbs%20fragm%206/2/THUMBNAIL" width="200px" height="235px"/>
			<graphic mimeType="jpg" url="Lbs%20fragm%206/2/SECONDARY_DISPLAY" width="2267px" height="2668px"/>
			<graphic mimeType="pdf" url="Lbs%20fragm%206/2/WEB_DISPLAY"/>
		</surface>
		<surface xml:id="LbsFragm-0006-accMat01v" n="3">
			<desc>accMat01v</desc>
			<graphic mimeType="pdf" url="Lbs%20fragm%206/3/HIGH_QUALITY_DISPLAY"/>
			<graphic mimeType="jpg" url="Lbs%20fragm%206/3/THUMBNAIL" width="200px" height="238px"/>
			<graphic mimeType="jpg" url="Lbs%20fragm%206/3/SECONDARY_DISPLAY" width="2260px" height="2688px"/>
			<graphic mimeType="pdf" url="Lbs%20fragm%206/3/WEB_DISPLAY"/>
		</surface>
		<surface xml:id="LbsFragm-0006-Scale" n="4">
			<desc>Scale</desc>
			<graphic mimeType="pdf" url="Lbs%20fragm%206/4/HIGH_QUALITY_DISPLAY"/>
			<graphic mimeType="jpg" url="Lbs%20fragm%206/4/THUMBNAIL" width="200px" height="199px"/>
			<graphic mimeType="jpg" url="Lbs%20fragm%206/4/SECONDARY_DISPLAY" width="3395px" height="3380px"/>
			<graphic mimeType="pdf" url="Lbs%20fragm%206/4/WEB_DISPLAY"/>
		</surface>
		<surface xml:id="LbsFragm-0006-ccp" n="5">
			<desc>ccp</desc>
			<graphic mimeType="pdf" url="Lbs%20fragm%206/5/HIGH_QUALITY_DISPLAY"/>
			<graphic mimeType="jpg" url="Lbs%20fragm%206/5/THUMBNAIL" width="200px" height="132px"/>
			<graphic mimeType="jpg" url="Lbs%20fragm%206/5/SECONDARY_DISPLAY" width="5164px" height="3419px"/>
			<graphic mimeType="pdf" url="Lbs%20fragm%206/5/WEB_DISPLAY"/>
		</surface>
	</facsimile>
</TEI>