<?xml version="1.0" encoding="UTF-8"?>
<?oxygen RNGSchema="http://www.handrit.is/schema/handrit-1.0.rnc" type="compact"?>
<TEI xmlns="http://www.tei-c.org/ns/1.0">
    <teiHeader>
        <fileDesc>
            <titleStmt>
                <title type="main">Lbs fragm 18</title>
                <title type="subordinate">Missale de tempore, 1300-1399</title>
            </titleStmt>
            <publicationStmt>
                <authority>Landsbókasafn Íslands - Háskólabókasafn</authority>
                <pubPlace>Reykjavík</pubPlace>
                <date when="2014-09-23">23. september 2014</date>
                <availability status="restricted">
                    <p>Aðgangur aðeins mögulegur í fræðilegum tilgangi.</p>
                </availability>
            </publicationStmt>
            <sourceDesc>
                <msDesc xml:id="LbsFragm-0018-is" xml:lang="is">
                    <msIdentifier>
                        <country key="IS">Ísland</country>
                        <settlement>Reykjavík</settlement>
                        <institution>Landsbókasafn Íslands - Háskólabókasafn</institution>
                        <repository>Handritasafn</repository>
                        <collection>Skinnblöð Landsbókasafns</collection>
                        <idno>Lbs fragm 18</idno>
                    </msIdentifier>
                    <msContents>
                        <textLang mainLang="la">Latína</textLang>
                        <msItem defective="true" class="tid">
                            <title type="uniform">Missale de tempore</title>
                            <note>Nær frá guðspjalli á dominica in Sexagesima til guðspjalls á
                                feria IV cinerum.</note>
                        </msItem>
                    </msContents>
                    <physDesc>
                        <objectDesc form="codex">
                            <supportDesc material="perg">
                                <support>
                                    <p>Skinn.</p>
                                </support>
                                <extent>2 blöð samföst innst úr kveri (<dimensions scope="all" type="leaf" unit="mm">
                                    <height>275</height>
                                    <width>215</width>
                                </dimensions>).</extent>
                                <condition>Skorin að neðan og á ytri jöðrum. Skriftin máð.</condition>
                            </supportDesc>
                            <layoutDesc>
                                <layout columns="2">
                                    <p>Skriftin tvídálkuð.</p>
                                </layout>
                            </layoutDesc>
                        </objectDesc>
                        <decoDesc>
                            <decoNote type="paratext">Rauðar fyrirsagnir.</decoNote>
                            <decoNote type="initial">Rauðir og grænir upphafsstafir.</decoNote>
                        </decoDesc>
                    </physDesc>
                    <history>
                        <origin>
                            <origPlace>Ísland</origPlace>
                            <origDate cert="medium" notBefore="1300" notAfter="1399">á 14. öld (?).</origDate>
                        </origin>
                        <provenance>
                            <p>Utan af kirkjustól Norðtungukirkju 1748-1817. Komin úr Landsskjalasafni 24/7 1902.</p>
                        </provenance>
                    </history>
                    <additional>
                        <adminInfo>
                            <recordHist>
                                <source><name type="person" key="WolHes001">Wolfgang Hesse</name>
                                    skráði fyrir myndatöku, <date when="2014-09-23">23. september
                                        2014</date>.</source>
                            </recordHist>
                            <custodialHist>
                                <custEvent type="check">
                                    <p>Athugað fyrir myndatöku <date when="2014-10">október
                                        2014</date>.</p>
                                </custEvent>
                                <custEvent type="photography">
                                    <p> Myndað í <date when="2014-10">október 2014</date>.</p>
                                </custEvent>
                            </custodialHist>
                        </adminInfo>
                        <surrogates>
                            <p> Myndað fyrir handritavef í <date when="2014-10">október
                                2014</date>.</p>
                        </surrogates>
                    </additional>
                </msDesc>
            </sourceDesc>
        </fileDesc>
    </teiHeader>
	<facsimile xml:base="https://myndir.handrit.is/file/Handrit.is/">
		<surface xml:id="LbsFragm-0018-0001r" n="0">
			<desc>0001r</desc>
			<graphic mimeType="pdf" url="Lbs%20fragm%2018/0/HIGH_QUALITY_DISPLAY"/>
			<graphic mimeType="jpg" url="Lbs%20fragm%2018/0/THUMBNAIL" width="200px" height="280px"/>
			<graphic mimeType="jpg" url="Lbs%20fragm%2018/0/SECONDARY_DISPLAY" width="2479px" height="3468px"/>
			<graphic mimeType="pdf" url="Lbs%20fragm%2018/0/WEB_DISPLAY"/>
		</surface>
		<surface xml:id="LbsFragm-0018-0001v" n="1">
			<desc>0001v</desc>
			<graphic mimeType="pdf" url="Lbs%20fragm%2018/1/HIGH_QUALITY_DISPLAY"/>
			<graphic mimeType="jpg" url="Lbs%20fragm%2018/1/THUMBNAIL" width="200px" height="284px"/>
			<graphic mimeType="jpg" url="Lbs%20fragm%2018/1/SECONDARY_DISPLAY" width="2476px" height="3510px"/>
			<graphic mimeType="pdf" url="Lbs%20fragm%2018/1/WEB_DISPLAY"/>
		</surface>
		<surface xml:id="LbsFragm-0018-0002r" n="2">
			<desc>0002r</desc>
			<graphic mimeType="pdf" url="Lbs%20fragm%2018/2/HIGH_QUALITY_DISPLAY"/>
			<graphic mimeType="jpg" url="Lbs%20fragm%2018/2/THUMBNAIL" width="200px" height="245px"/>
			<graphic mimeType="jpg" url="Lbs%20fragm%2018/2/SECONDARY_DISPLAY" width="2824px" height="3456px"/>
			<graphic mimeType="pdf" url="Lbs%20fragm%2018/2/WEB_DISPLAY"/>
		</surface>
		<surface xml:id="LbsFragm-0018-0002v" n="3">
			<desc>0002v</desc>
			<graphic mimeType="pdf" url="Lbs%20fragm%2018/3/HIGH_QUALITY_DISPLAY"/>
			<graphic mimeType="jpg" url="Lbs%20fragm%2018/3/THUMBNAIL" width="200px" height="243px"/>
			<graphic mimeType="jpg" url="Lbs%20fragm%2018/3/SECONDARY_DISPLAY" width="2856px" height="3468px"/>
			<graphic mimeType="pdf" url="Lbs%20fragm%2018/3/WEB_DISPLAY"/>
		</surface>
		<surface xml:id="LbsFragm-0018-accMat01r" n="4">
			<desc>accMat01r</desc>
			<graphic mimeType="pdf" url="Lbs%20fragm%2018/4/HIGH_QUALITY_DISPLAY"/>
			<graphic mimeType="jpg" url="Lbs%20fragm%2018/4/THUMBNAIL" width="191px" height="300px"/>
			<graphic mimeType="jpg" url="Lbs%20fragm%2018/4/SECONDARY_DISPLAY" width="2712px" height="4266px"/>
			<graphic mimeType="pdf" url="Lbs%20fragm%2018/4/WEB_DISPLAY"/>
		</surface>
		<surface xml:id="LbsFragm-0018-accMat01v" n="5">
			<desc>accMat01v</desc>
			<graphic mimeType="pdf" url="Lbs%20fragm%2018/5/HIGH_QUALITY_DISPLAY"/>
			<graphic mimeType="jpg" url="Lbs%20fragm%2018/5/THUMBNAIL" width="192px" height="300px"/>
			<graphic mimeType="jpg" url="Lbs%20fragm%2018/5/SECONDARY_DISPLAY" width="2730px" height="4266px"/>
			<graphic mimeType="pdf" url="Lbs%20fragm%2018/5/WEB_DISPLAY"/>
		</surface>
		<surface xml:id="LbsFragm-0018-Scale" n="6">
			<desc>Scale</desc>
			<graphic mimeType="pdf" url="Lbs%20fragm%2018/6/HIGH_QUALITY_DISPLAY"/>
			<graphic mimeType="jpg" url="Lbs%20fragm%2018/6/THUMBNAIL" width="200px" height="197px"/>
			<graphic mimeType="jpg" url="Lbs%20fragm%2018/6/SECONDARY_DISPLAY" width="3654px" height="3605px"/>
			<graphic mimeType="pdf" url="Lbs%20fragm%2018/6/WEB_DISPLAY"/>
		</surface>
		<surface xml:id="LbsFragm-0018-ccp" n="7">
			<desc>ccp</desc>
			<graphic mimeType="pdf" url="Lbs%20fragm%2018/7/HIGH_QUALITY_DISPLAY"/>
			<graphic mimeType="jpg" url="Lbs%20fragm%2018/7/THUMBNAIL" width="200px" height="139px"/>
			<graphic mimeType="jpg" url="Lbs%20fragm%2018/7/SECONDARY_DISPLAY" width="5508px" height="3825px"/>
			<graphic mimeType="pdf" url="Lbs%20fragm%2018/7/WEB_DISPLAY"/>
		</surface>
	</facsimile>
</TEI>