<?xml version="1.0" encoding="UTF-8"?>
<?oxygen RNGSchema="http://www.handrit.is/schema/handrit-1.0.rnc" type="compact"?><TEI xmlns="http://www.tei-c.org/ns/1.0">
    <teiHeader>
        <fileDesc>
            <titleStmt>
                <title type="main">Rask 1-3</title>
            </titleStmt>
            <publicationStmt>
                <authority>Den Arnamagnæanske Samling</authority>
                <pubPlace>København</pubPlace>
            </publicationStmt>
            <sourceDesc>
                <msDesc xml:id="Rask001-003-en" xml:lang="en">
                    <msIdentifier>
                        <country>Denmark</country>
                        <settlement>København</settlement>
                        <repository>Den Arnamagnæanske Samling</repository>
                        <idno>Rask 1-3</idno>
                        <altIdentifier type="internal" subtype="KKKat">
                            <idno>2573</idno>
                        </altIdentifier>
                    </msIdentifier>
                    <head>
                        <title type="supplied">Latin-Icelandic Dictionary, vol. I-III</title>
                        <title>LEXICON MANUALE <lb/> bipartium <lb/> Latino-Islandicum <lb/> et
                            Islandico Latinum <lb/> sive <lb/> NUCLEUS-LATINITATIS <lb/> Ex aliis
                            Lexicis auctus et adornatus <lb/> in <lb/> GRATIAM TIRONUM</title>
                        <!--origPlace>Denmark</origPlace-->
                        <origDate notBefore="1700" notAfter="1800">s. XVIII</origDate>
                        <note>Rask <!-- (henvisning) --> designates this codex provst <name type="person" key="GudTho004">Guðlaugur Þorgeirsson</name>'s
                            translation of Weismann's Latin dictionary.</note>
                    </head>
                    <msContents>
                        <msItem n="1">
                            <locus from="1r" to="759v">1r-759v</locus>
                            <title type="supplied">Vols. I-II: Latin-Icelandic dictionary</title>
                            <textLang mainLang="la" otherLangs="is">Latin and Icelandic</textLang>
                            <msItem n="1.1">
                                <locus from="760r" to="760v">760</locus>
                                <rubric>Calendarium Veterum Romanorum</rubric>
                                <textLang mainLang="la">Latin</textLang>
                            </msItem>
                            <msItem n="1.2">
                                <locus from="761r" to="789v">761r-789v</locus>
                                <rubric>De <lb/> Nominibus Propriis ex Weismanno
                                    de<lb/>cerpta</rubric>
                                <textLang mainLang="la">Latin</textLang>
                            </msItem>
                            <msItem n="1.3">
                                <locus from="789v" to="791v">789v-791v</locus>
                                <rubric>Appendix <lb/> Vocum Græcarum <lb/> sed La<lb/>tini
                                    usus</rubric>
                                <textLang mainLang="la">Latin</textLang>
                            </msItem>
                            <msItem n="1.4">
                                <locus from="792" to="792">792</locus>
                                <rubric>Auctores Classici</rubric>
                                <textLang mainLang="la">Latin</textLang>
                            </msItem>
                        </msItem>
                        <msItem n="2">
                            <locus from="793r" to="1086v">793r-1086v</locus>
                            <title type="uniform">Vol. III: Icelandic-Latin Dictionary</title>
                            <textLang mainLang="is">Icelandic</textLang>
                            <textLang mainLang="la">Latin</textLang>
                        </msItem>
                    </msContents>
                    <physDesc>
                        <objectDesc form="codex">
                            <supportDesc material="chart">
                                <support>
                                    <p>
                                        <material>Paper.</material>
                                    </p>
                                </support>
                                <extent>1086, f. 1v is blank. fols 134, 161 and 453 consisting of inserted
                                leaves. <dimensions type="leaf" scope="all">
                                    <height>340</height>
                                    <width>210</width>
                                </dimensions>
                        </extent>
                            <foliation>
                                <p>Paginated in columns. </p>
                            </foliation>
                            <condition>
                                <p>Damaged due to dead watches (<foreign>anobium</foreign>).</p>
                            </condition>
                            </supportDesc>
                            <layoutDesc>
                        <layout columns="2">
                            <p>Written in double columns.</p>
                        </layout>
                     </layoutDesc>
                        </objectDesc>
                    </physDesc>
                </msDesc>
            </sourceDesc>
        </fileDesc>
    </teiHeader>
    <facsimile>
        <surface/>
    </facsimile>
</TEI>