<?xml version="1.0" encoding="UTF-8"?>
<?oxygen RNGSchema="http://www.handrit.is/schema/handrit-1.0.rnc" type="compact"?><TEI xmlns="http://www.tei-c.org/ns/1.0">
    <teiHeader>
        <fileDesc>
            <titleStmt>
                <title type="main">Rask 8 b</title>
            </titleStmt>
            <publicationStmt>
                <authority>Den Arnamagnæanske Samling</authority>
                <pubPlace>København</pubPlace>
            </publicationStmt>
            <sourceDesc>
                <msDesc xml:id="Rask008-b-en" xml:lang="en">
                    <msIdentifier>
                        <country>Denmark</country>
                        <settlement>København</settlement>
                        <repository>Den Arnamagnæanske Samling</repository>
                        <idno>Rask 8 b</idno>
                        <altIdentifier type="internal" subtype="KKKat">
                            <idno>2579</idno>
                        </altIdentifier>
                    </msIdentifier>
                    <head>
                        <title>Anállar</title>
                        <origPlace>Iceland</origPlace>
                        <origDate notBefore="1700" notAfter="1745">s. XVIII 1/2</origDate>
                    </head>
                    <msContents>
                        <msItem n="1">
                            <locus from="1r" to="11r">1r-11r</locus>
                            <title type="uniform">Vallholts annáll, 1626-78</title>
                            <textLang mainLang="is">Icelandic</textLang>
                            <rubric>Ur Annalum Gun<ex>n</ex>las <lb/> pr<ex>est</ex>s
                                Þorstenssonar</rubric>
                        </msItem>
                        <msItem n="2">
                            <locus from="12r" to="81v">12r-81v</locus>
                            <title type="uniform">Valla annáll, 1659-1729</title>
                            <textLang mainLang="is">Icelandic</textLang>
                            <rubric>Annala-up<ex>p</ex>kast</rubric>
                        </msItem>
                    </msContents>
                    <physDesc>
                        <objectDesc form="codex">
                            <supportDesc material="chart">
                                <support>
                                    <p>Paper</p>
                                </support>
                                <extent>81. Fols. 11v, 52v, 57v, 59v and 61v are blank. <dimensions type="leaf" scope="all">
                                        <height>350</height>
                                        <width>105</width>
                                    </dimensions> Fols. 59, 61 and 73 do not have full
                                    size.</extent>
                            </supportDesc>
                        </objectDesc>
                        <handDesc hands="1">
                            <handNote scribe="EyjJon002" scope="sole" script="unknown">
                                <p> Written by Eyjólfur Jónnson of <name type="place">Vellir,
                                        Svarfaðardalur</name>.</p>
                            </handNote>
                        </handDesc>
                    </physDesc>
                </msDesc>
            </sourceDesc>
        </fileDesc>
    </teiHeader>
    <facsimile>
        <surface/>
    </facsimile>
</TEI>