<?xml version="1.0" encoding="UTF-8"?>
<?oxygen RNGSchema="http://www.handrit.is/schema/handrit-1.0.rnc" type="compact"?><TEI xmlns="http://www.tei-c.org/ns/1.0">
   <teiHeader>
      <fileDesc>
         <titleStmt>
            <title type="main">Rask 6</title>
         </titleStmt>
         <publicationStmt>
            <authority>Den Arnamagnæanske Samling</authority>
            <pubPlace>København</pubPlace>
         </publicationStmt>
         <sourceDesc>
            <msDesc xml:id="Rask006-da" xml:lang="da">
               <msIdentifier>
                  <country>Danmark</country>
                  <settlement>København</settlement>
                  <repository>Den Arnamagnæanske Samling</repository>
                  <idno>Rask 6</idno>
                  <altIdentifier type="internal" subtype="KKKat">
                     <idno>2576</idno>
                  </altIdentifier>
               </msIdentifier>
               <head>
                  <title type="uniform">Etymologicum Islandicum</title>; <origPlace>Island</origPlace>,
            <origDate notBefore="1790" notAfter="1810">c. 1800</origDate>.</head>
               <msContents>
                  <msItem>
                     <author>
                        <name type="person" key="JohJoh002">Jon Johnsonius</name>
                     </author>
                     <textLang mainLang="is">Islandsk</textLang>
                     <note>Ender med ordet <q xml:lang="is">Renn</q>.</note>
                  </msItem>
               </msContents>
               <physDesc>
                  <objectDesc form="codex">
                     <supportDesc material="chart">
                        <support>
                           <p>Papir.</p>
                        </support>
                        <extent>71. <dimensions type="leaf" scope="all">
                              <height>334</height>
                              <width>218</width>
                           </dimensions>.</extent>
                     </supportDesc>
                  </objectDesc>
               </physDesc>
            </msDesc>
         </sourceDesc>
      </fileDesc>
   </teiHeader>
   <facsimile>
      <surface/>
   </facsimile>
</TEI>