<?xml version="1.0" encoding="UTF-8"?>
<?oxygen RNGSchema="http://www.handrit.is/schema/handrit-1.0.rnc" type="compact"?><TEI xmlns="http://www.tei-c.org/ns/1.0">
   <teiHeader>
      <fileDesc>
         <titleStmt>
            <title type="main">Rask 12</title>
         </titleStmt>
         <publicationStmt>
            <authority>Den Arnamagnæanske Samling</authority>
            <pubPlace>København</pubPlace>
         </publicationStmt>
         <sourceDesc>
            <msDesc xml:id="Rask012-en" xml:lang="en">
               <msIdentifier>
                  <country>Denmark</country>
                  <settlement>København</settlement>
                  <repository>Den Arnamagnæanske Samling</repository>
                  <idno>Rask 12</idno>
                  <altIdentifier type="internal" subtype="KKKat">
                     <idno>2582</idno>
                  </altIdentifier>
               </msIdentifier>
               <head>
                  <title type="supplied">Samlinger til en islandsk-dansk ordbog: A-L</title>
                  <origPlace>Iceland/Denmark?</origPlace>
                  <origDate notBefore="1800" notAfter="1832">s. XIX in</origDate>
               </head>
               <msContents>
                  <textLang mainLang="non" otherLangs="dan">Old Norse/Icelandic and Danish</textLang>
               </msContents>
               <physDesc>
                  <objectDesc form="codex">
                     <supportDesc material="chart">
                        <support>Paper.</support>
                        <extent>81 (including fly-leaf and accompagnying slips), there are a few blank pages. 
<dimensions type="leaf" scope="all">
                              <height>218</height>
                              <width>175</width>
                           </dimensions>
                        </extent>
                     </supportDesc>
                  </objectDesc>
                  <handDesc hands="1">
                     <handNote scribe="RasRas002" scope="sole" script="unknown">
                        <p>
Written by Rasmus Rask.</p>
                     </handNote>
                  </handDesc>
               </physDesc>
            </msDesc>
         </sourceDesc>
      </fileDesc>
   </teiHeader>
   <facsimile>
      <surface/>
   </facsimile>
</TEI>