<?xml version="1.0" encoding="UTF-8"?>
<?oxygen RNGSchema="http://www.handrit.is/schema/handrit-1.0.rnc" type="compact"?><TEI xmlns="http://www.tei-c.org/ns/1.0">
   <teiHeader>
      <fileDesc>
         <titleStmt>
            <title type="main">Rask 4</title>
         </titleStmt>
         <publicationStmt>
            <authority>Den Arnamagnæanske Samling</authority>
            <pubPlace>København</pubPlace>
         </publicationStmt>
         <sourceDesc>
            <msDesc xml:id="Rask004-en" xml:lang="en">
               <msIdentifier>
                  <country>Denmark</country>
                  <settlement>København</settlement>
                  <repository>Den Arnamagnæanske Samling</repository>
                  <idno>Rask 4</idno>
                  <altIdentifier type="internal" subtype="KKKat">
                     <idno>2574</idno>
                  </altIdentifier>
               </msIdentifier>
               <head>
                  <title>Lexicon Islandico-Latino-Danicum</title>
                  <origPlace>Denmark?</origPlace>
                  <origDate notBefore="1750" notAfter="1800">s. XVIII 2/2</origDate>
                  <note>With additions by <name type="person" key="JonOla012">Jón Ólafsson</name> from Svefneyar.</note>
               </head>
               <msContents>
                  <msItem n="1">
                     <author>
                        <name type="person" key="BjoHal002">Björn Halldórsson</name>
                     </author>
                     <textLang mainLang="non" otherLangs="la da">Old Norse/Icelandic, Latin, Danish</textLang>
                  </msItem>
               </msContents>
               <physDesc>
                  <objectDesc form="codex">
                     <supportDesc material="chart">
                        <support>Paper.</support>
                        <extent>327. ff. 62, 73, 105, 143, 152, 183, 191 and 284 are inserted leaves of varying format.
<dimensions type="leaf" scope="all">
                              <height>330</height>
                              <width>202</width>
                           </dimensions>
                        </extent>
                     </supportDesc>
                  </objectDesc>
                  <additions>
                     <p>Björn Halldórsson's autograph.</p>
                  </additions>
               </physDesc>
            </msDesc>
         </sourceDesc>
      </fileDesc>
   </teiHeader>
   <facsimile>
      <surface/>
   </facsimile>
</TEI>