<?xml version="1.0" encoding="UTF-8"?>
<?oxygen RNGSchema="http://www.handrit.is/schema/handrit-1.0.rnc" type="compact"?><TEI xmlns="http://www.tei-c.org/ns/1.0">
   <teiHeader>
      <fileDesc>
         <titleStmt>
            <title type="main">Rask 12</title>
         </titleStmt>
         <publicationStmt>
            <authority>Den Arnamagnæanske Samling</authority>
            <pubPlace>København</pubPlace>
         </publicationStmt>
         <sourceDesc>
            <msDesc xml:id="Rask012-da" xml:lang="da">
               <msIdentifier>
                  <country>Danmark</country>
                  <settlement>København</settlement>
                  <repository>Den Arnamagnæanske Samling</repository>
                  <idno>Rask 12</idno>
                  <altIdentifier type="internal" subtype="KKKat">
                     <idno>2582</idno>
                  </altIdentifier>
               </msIdentifier>
               <head>
                  <title type="supplied">Samlinger til en islandsk-dansk ordbog: A-L</title>;
            <origPlace>Island/Danmark?</origPlace> 
                  <origDate notBefore="1800" notAfter="1815">s.
            XIX in</origDate>.</head>
               <msContents>
                  <msItem>
                     <author>
                        <name type="person" key="RasRas001">Rasmus Rask</name>
                     </author>
                     <textLang mainLang="is" otherLangs="da">Islandsk og dansk</textLang>
                     <filiation>Ifølge kataloget uddrag af ældre trykte ordsamlinger.</filiation>
                  </msItem>
               </msContents>
               <physDesc>
                  <objectDesc form="codex">
                     <supportDesc material="chart">
                        <support>
                           <p>Papir.</p>
                        </support>
                        <extent>81 inkl. forsatsblad og vedlagte sedler. Enkelte ubeskrevne blade og
                        sider. <dimensions type="leaf" scope="all">
                              <height>218</height>
                              <width>175</width>
                           </dimensions>.</extent>
                     </supportDesc>
                     <layoutDesc>
                        <layout columns="2">Bladene afdelte i to klumner.</layout>
                     </layoutDesc>
                  </objectDesc>
                  <handDesc hands="1">
                     <handNote scribe="RasRas001" scope="sole" script="unknown">
                        <p>Skrevet af Rasmus Rask.</p>
                     </handNote>
                  </handDesc>
               </physDesc>
            </msDesc>
         </sourceDesc>
      </fileDesc>
   </teiHeader>
   <facsimile>
      <surface/>
   </facsimile>
</TEI>