<?xml version="1.0" encoding="UTF-8"?>
<?oxygen RNGSchema="http://www.handrit.is/schema/handrit-1.0.rnc" type="compact"?><TEI xmlns="http://www.tei-c.org/ns/1.0">
    <teiHeader>
        <fileDesc>
            <titleStmt>
                <title type="main">Rask 7</title>
            </titleStmt>
            <publicationStmt>
                <authority>Den Arnamagnæanske Samling</authority>
                <pubPlace>København</pubPlace>
            </publicationStmt>
            <sourceDesc>
                <msDesc xml:id="Rask007-en" xml:lang="en">
                    <msIdentifier>
                        <country>Denmark</country>
                        <settlement>København</settlement>
                        <repository>Den Arnamagnæanske Samling</repository>
                        <idno>Rask 7</idno>
                        <altIdentifier type="internal" subtype="KKKat">
                            <idno>2577</idno>
                        </altIdentifier>
                    </msIdentifier>
                    <head>
                        <title>Snorra Edda</title>
                        <origPlace>Iceland</origPlace>
                        <origDate notBefore="1700" notAfter="1800">s. XVIII</origDate>
                        <!-- <note>According to Codex Wormianus.</note> Filiation?? -->
                    </head>
                    <msContents>
                        <textLang mainLang="is">Icelandic</textLang>
                    </msContents>
                    <physDesc>
                        <objectDesc form="codex">
                            <supportDesc material="chart">
                                <support>
                                    <p>Paper</p>
                                </support>
                                <extent>113. <dimensions type="leaf" scope="all">
                                        <height>326</height>
                                        <width>206</width>
                                    </dimensions>
                        </extent>
                                <foliation>
                                    <p>Pagewise pagination.</p>
                                </foliation>
                            </supportDesc>
                        </objectDesc>
                        <additions>
                            <p>Marginalia appear in <name type="person" key="GunPal002">Gunnar
                                    Pálsson</name>'s hand.</p>
                        </additions>
                        <accMat>
                            <p>There are two inserted slips.</p>
                        </accMat>
                    </physDesc>
                    <history>
                        <origin notBefore="1700" notAfter="1800" cert="high" evidence="conjecture">
                            <p>Written in Iceland in the eighteenth century.</p>
                        </origin>
                        <provenance>
                            <p>On a fly-leaf <name type="person" key="RasRas001">Rasmus Rask</name>
                                has written: <q xml:lang="is">S<ex>e</ex>ra. Eggert á Ballará á
                                    þessa bók.</q>
                     </p>
                        </provenance>
                    </history>
                    <additional>
                        <adminInfo>
                            <recordHist>
                                <source>
                                    <p>Catalogued <date when="2002-04-29">2002-04-29</date> by
                                        EW-J.</p>
                                </source>
                            </recordHist>
                        </adminInfo>
                    </additional>
                </msDesc>
            </sourceDesc>
        </fileDesc>
    </teiHeader>
    <facsimile>
        <surface/>
    </facsimile>
</TEI>