<?xml version="1.0" encoding="UTF-8"?>
<?oxygen RNGSchema="http://www.handrit.is/schema/handrit-1.0.rnc" type="compact"?><TEI xmlns="http://www.tei-c.org/ns/1.0">
   <teiHeader>
      <fileDesc>
         <titleStmt>
            <title type="main">Rask 10</title>
         </titleStmt>
         <publicationStmt>
            <authority>Den Arnamagnæanske Samling</authority>
            <pubPlace>København</pubPlace>
         </publicationStmt>
         <sourceDesc>
            <msDesc xml:id="Rask009-010-da" xml:lang="da">
               <msIdentifier>
                  <country>Danmark</country>
                  <settlement>København</settlement>
                  <repository>Den Arnamagnæanske Samling</repository>
                  <idno>Rask 10</idno>
                  <altIdentifier type="internal" subtype="KKKat">
                     <idno>2580</idno>
                  </altIdentifier>
               </msIdentifier>
               <head>
                  <title type="supplied">Islandsk-latinsk-dansk leksikon</title>; <origPlace>København,
            Danmark</origPlace>, <origDate when="1814">1814</origDate>. <note>Tryksag i 2 bind</note>
               </head>
               <msContents>
                  <msItem>
                     <author>
                        <name type="person" key="BjoHal002">Björn Halldórsson</name>
                     </author>
                     <textLang mainLang="is" otherLangs="la da">Islandsk, latin og dansk</textLang>
                     <rubric>LEXICON <lb/> ISLANDICO-LATINO-DANICUM <lb/> BIÖRNONIS HALDORSONII</rubric>
                  </msItem>
               </msContents>
               <physDesc>
                  <objectDesc form="codex">
                     <supportDesc material="chart">
                        <support>
                           <p>Papir. Gennemtrukket med hvide blade.</p>
                        </support>
                        <extent>522+521.</extent>
                        <foliation>
                           <p>Pag. i-xxxiv + 1-488 (bind 1) og 1-520 (bind 2).</p>
                        </foliation>
                     </supportDesc>
                  </objectDesc>
                  <additions>
                     <p>Med tillæg og rettelser af <name type="person" key="RasRas001">Rasmus Rask</name>.</p>
                  </additions>
               </physDesc>
            </msDesc>
         </sourceDesc>
      </fileDesc>
   </teiHeader>
   <facsimile>
      <surface/>
   </facsimile>
</TEI>