<?xml version="1.0" encoding="UTF-8"?>
<?oxygen RNGSchema="http://www.handrit.is/schema/handrit-1.0.rnc" type="compact"?><TEI xmlns="http://www.tei-c.org/ns/1.0">
    <teiHeader>
        <fileDesc>
            <titleStmt>
                <title type="main">Rask 5</title>
            </titleStmt>
            <publicationStmt>
                <authority>Den Arnamagnæanske Samling</authority>
                <pubPlace>København</pubPlace>
            </publicationStmt>
            <sourceDesc>
                <msDesc xml:id="Rask005-en" xml:lang="en">
                    <msIdentifier>
                        <country>Denmark</country>
                        <settlement>København</settlement>
                        <repository>Den Arnamagnæanske Samling</repository>
                        <idno>Rask 5</idno>
                        <altIdentifier type="internal" subtype="KKKat">
                            <idno>2575</idno>
                        </altIdentifier>
                    </msIdentifier>
                    <head>
                        <title>Miscellany</title>
                        <origPlace>Iceland?</origPlace>
                        <origDate notBefore="1600" notAfter="1650">s. XVII 1/2</origDate>
                    </head>
                    <msContents>
                        <msItem n="1">
                            <locus from="1v" to="19v">1v-19v</locus>
                            <textLang mainLang="is" otherLangs="la">Icelandic and Latin</textLang>
                            <textLang mainLang="la">Latin</textLang>
                            <rubric>ALIQVOT ADAGIORUM LATINO-<lb/>Islandicoru<supplied reason="omitted">m</supplied> Congeries</rubric>
                            <note>Conatining Icelandic proverbs in alphabetical order having a
                                translation into Latin on the opposite page.</note>
                        </msItem>
                        <msItem n="2">
                            <locus from="20r" to="24v">20r-24v</locus>
                            <textLang mainLang="is" otherLangs="la">Icelandic and Latin</textLang>
                            <rubric>Satellitium hominis christiani <lb/>Dravanta flockur og
                                fylgdarlid <lb/> sierhuors Christenz man<ex>n</ex>s</rubric>
                            <note>Apophthegms in Latin with a, partly rhymed, translation into
                                Icelandic added.</note>
                        </msItem>
                        <msItem n="3">
                            <locus from="25r" to="194v">25r-194v</locus>
                            <author>Hadrianus Junius (Adriaen de Jonghe)</author>
                            <textLang mainLang="is" otherLangs="la">Icelandic and Latin</textLang>
                            <rubric>NOMENCLATOR <lb/>Omnium rerum propria no<lb/>mina
                                continens</rubric>
                            <note>In two <foreign>tomi</foreign> in 22 and 13
                                    <foreign>capita</foreign>, respectively, with a translation into
                                Icelandic</note>
                        </msItem>
                        <msItem n="4">
                            <locus from="195r" to="237v">195r-237v</locus>
                            <title type="uniform">Indices</title>
                            <textLang mainLang="la">Latin</textLang>
                        </msItem>
                    </msContents>
                    <physDesc>
                        <objectDesc form="codex">
                            <supportDesc material="chart">
                                <support>
                                    <p>Paper</p>
                                </support>
                                <extent>237. <dimensions type="leaf" scope="all">
                                        <height>324</height>
                                        <width>105</width>
                                    </dimensions>
                        </extent>
                            </supportDesc>
                        </objectDesc>
                    </physDesc>
                    <history>
                        <origin notBefore="1600" notAfter="1650" cert="high" evidence="conjecture">
                            <p>Written in Iceland or Denmark in the first half of the seventeenth
                                century.</p>
                        </origin>
                        <provenance>
                            <p>At the end of the manuscript a hand from c. 1700 has written: <q xml:lang="la">
                                    <del rend="overstrike">Johannes Theodori libri verus <lb/>
                                        posessor</del>
                                </q>, subsequently overscribed .</p>
                        </provenance>
                    </history>
                </msDesc>
            </sourceDesc>
        </fileDesc>
    </teiHeader>
    <facsimile>
        <surface/>
    </facsimile>
</TEI>