<?xml version="1.0" encoding="UTF-8"?>
<?oxygen RNGSchema="http://www.handrit.is/schema/handrit-1.0.rnc" type="compact"?>
<TEI xmlns="http://www.tei-c.org/ns/1.0">
    <teiHeader>
        <fileDesc>
            <titleStmt>
                <title>Handritaskrá Árnastofnunar</title>
            </titleStmt>
            <publicationStmt>
                <p>Tilraunaútgáfa</p>
            </publicationStmt>
            <sourceDesc>
                <msDesc xml:lang="is" xml:id="SAM-0002-is">
                    <msIdentifier>
                        <country key="IS">Ísland</country>
                        <settlement>Reykjavík</settlement>
                        <institution>Stofnun Árna Magnússonar í íslenskum fræðum</institution>
                        <repository>Handritasvið</repository>
                        <collection>Safn Stofnunar Árna Magnússonar á Íslandi</collection>
                        <idno>SÁM 2</idno>
                        <altIdentifier type="former">
                            <idno>HÍ 2</idno>
                        </altIdentifier>
                    </msIdentifier>

                    <msContents xml:lang="is">
                        <textLang mainLang="is">Íslenska</textLang>
                        <msItem defective="true" class="bisks">
                            <locus from="1r" to="1v">1r-v</locus>
                            <author key="ArnBra001">Arngrímur ábóti Brandsson</author>
                            <title type="uniform">Guðmundar saga biskups</title>
                            <incipit defective="true">… gengið á annan hátt en hún dró […] fram með
                            tveim stöfum …</incipit>
                            <note>
                                <p>Versósíða er illlæsileg en sýnist af líkum enda á vísu Arngríms:
                                    <q>Heilagt blóm kom hringa Naumu …</q>.</p>
                                <p>Efnið er á bls. 167-168 í <bibl>
                                        <ref>Biskupa sögum II (1878)</ref>
                                    </bibl>.</p>
                            </note>
                        </msItem>
                    </msContents>

                    <physDesc>
                        <objectDesc form="codex">
                            <supportDesc material="perg">
                                <support>
                                    <p>Skinn.</p>
                                </support>
                                <extent>1 blað (<dimensions type="leaf" scope="all" unit="mm">
                                        <height>148</height>
                                        <width>80</width>
                                    </dimensions>).</extent>
                                <foliation>
                                    <p>Engar blaðmerkingar sjáanlegar.</p>
                                </foliation>
                                <condition>
                                    <p>
                                        <list>
                                            <item>Skorið hefur verið af blaðinu við kjöl og að neðan. Enn fremur hefur hægra horn verið rifið af.</item>
                                            <item>Versósíða er máð og skítug.</item>
                                            <item>Saumgöt á efri spássíu.</item>
                                        </list>
                                    </p>
                                </condition>
                            </supportDesc>

                            <layoutDesc>
                                <layout columns="1">
                                    <p>Eindálka.</p>
                                </layout>
                            </layoutDesc>
                        </objectDesc>

                        <handDesc hands="1">
                            <handNote scope="sole" script="textualis" scribe="unknown">Óþekktur skrifari, textaskrift.</handNote>
                        </handDesc>

                        <decoDesc>
                            <decoNote type="initial">
                                <p>Rauður upphafsstafur á bl. <locus from="1v" to="1v">1v</locus>.</p>
                            </decoNote>
                        </decoDesc>

                        <additions>
                            <p>Krot á efri spássíu bl. <locus from="1v" to="1v">1v</locus> með
                                síðari tíma hendi.</p>
                        </additions>

                        <bindingDesc>
                            <binding>
                                <p>Blaðið liggur í tilklipptu umslagi sem merkt er <name type="person" key="JakBen001">Jakobi Benediktssyni</name> og
                                        <name type="person">Ragnheiði Möller</name>,
                                    umbúðapappír er slegið um það og pappaspjöld sem merkt eru
                                    Handritasafni Landsbókasafns Íslands bundin utan um.</p>
                            </binding>
                        </bindingDesc>
                    </physDesc>

                    <history>
                        <origin notBefore="1370" notAfter="1380" evidence="external" cert="high">
                            <p>Þetta blað er úr sama handriti og <ref type="ms" target="AM02-0219">AM 219 fol.</ref> (á heima milli blaða 16 og 17). Það var skrifað
                                á <origPlace key="IS">Íslandi</origPlace>, tímasett til <origDate notBefore="1370" notAfter="1380">ca 1370-1380</origDate> (sjá <bibl>
                                    <ref target="ONPregistre">ONPregistre</ref>
                                </bibl>, bls. 435), en til loka 14. aldar í <bibl>
                                    <ref target="KKKat">Katalog I</ref>
                                </bibl>, bls. 176.</p>
                        </origin>
                        <acquisition when="1970">
                            <p>Handritastofnun Íslands fékk að gjöf frá <name type="person">Ragnheiði Möller</name> árið 1970.</p>
                        </acquisition>
                    </history>
                    <additional>
                        <adminInfo>
                            <recordHist>
                                <source>
                                    <p>
                                        <name type="person" key="ThoSig001">ÞS</name> skráði
                                        handritið <date when="2008-06-02">2. júní 2008</date>.</p>
                                </source>
                            </recordHist>
                        </adminInfo>
                        <listBibl>
                            <bibl>Guðvarður Már Gunnlaugsson 2007, <ref target="GuðGun2007b">Sýnisbók íslenskrar skriftar</ref></bibl>
                            <bibl>Guðvarður Már Gunnlaugsson 2014, <ref target="GuðGun2014a">Brot íslenskra miðaldahandrita</ref></bibl>
                            <bibl>Ólafur Halldórsson 1981, <ref type="secondary-3" target="IM1">Skarðsbók</ref><biblScope type="pages">19-25</biblScope>.</bibl>
                            <bibl>Þorbjörg Helgadóttir 2010, <ref target="ÞorHel2010a">Rómverja saga</ref></bibl>
                        </listBibl>
                    </additional>
                </msDesc>
            </sourceDesc>
        </fileDesc>
    </teiHeader>
	<facsimile xml:base="https://myndir.handrit.is/file/Handrit.is/">
		<surface xml:id="SAM-0002-0001r" n="0">
			<desc>0001r</desc>
			<graphic mimeType="pdf" url="S%C3%81M%202/0/HIGH_QUALITY_DISPLAY"/>
			<graphic mimeType="jpg" url="S%C3%81M%202/0/THUMBNAIL" width="168px" height="300px"/>
			<graphic mimeType="jpg" url="S%C3%81M%202/0/SECONDARY_DISPLAY" width="5673px" height="10085px"/>
			<graphic mimeType="pdf" url="S%C3%81M%202/0/WEB_DISPLAY"/>
		</surface>
		<surface xml:id="SAM-0002-0001v" n="1">
			<desc>0001v</desc>
			<graphic mimeType="pdf" url="S%C3%81M%202/1/HIGH_QUALITY_DISPLAY"/>
			<graphic mimeType="jpg" url="S%C3%81M%202/1/THUMBNAIL" width="168px" height="300px"/>
			<graphic mimeType="jpg" url="S%C3%81M%202/1/SECONDARY_DISPLAY" width="5673px" height="10085px"/>
			<graphic mimeType="pdf" url="S%C3%81M%202/1/WEB_DISPLAY"/>
		</surface>
		<surface xml:id="SAM-0002-addMat01r" n="2">
			<desc>addMat01r</desc>
			<graphic mimeType="pdf" url="S%C3%81M%202/2/HIGH_QUALITY_DISPLAY"/>
			<graphic mimeType="jpg" url="S%C3%81M%202/2/THUMBNAIL" width="200px" height="113px"/>
			<graphic mimeType="jpg" url="S%C3%81M%202/2/SECONDARY_DISPLAY" width="10368px" height="5832px"/>
			<graphic mimeType="pdf" url="S%C3%81M%202/2/WEB_DISPLAY"/>
		</surface>
		<surface xml:id="SAM-0002-addMat01v" n="3">
			<desc>addMat01v</desc>
			<graphic mimeType="pdf" url="S%C3%81M%202/3/HIGH_QUALITY_DISPLAY"/>
			<graphic mimeType="jpg" url="S%C3%81M%202/3/THUMBNAIL" width="200px" height="112px"/>
			<graphic mimeType="jpg" url="S%C3%81M%202/3/SECONDARY_DISPLAY" width="10192px" height="5733px"/>
			<graphic mimeType="pdf" url="S%C3%81M%202/3/WEB_DISPLAY"/>
		</surface>
		<surface xml:id="SAM-0002-addMat02r" n="4">
			<desc>addMat02r</desc>
			<graphic mimeType="pdf" url="S%C3%81M%202/4/HIGH_QUALITY_DISPLAY"/>
			<graphic mimeType="jpg" url="S%C3%81M%202/4/THUMBNAIL" width="200px" height="143px"/>
			<graphic mimeType="jpg" url="S%C3%81M%202/4/SECONDARY_DISPLAY" width="10368px" height="7435px"/>
			<graphic mimeType="pdf" url="S%C3%81M%202/4/WEB_DISPLAY"/>
		</surface>
		<surface xml:id="SAM-0002-addMat02v" n="5">
			<desc>addMat02v</desc>
			<graphic mimeType="pdf" url="S%C3%81M%202/5/HIGH_QUALITY_DISPLAY"/>
			<graphic mimeType="jpg" url="S%C3%81M%202/5/THUMBNAIL" width="200px" height="143px"/>
			<graphic mimeType="jpg" url="S%C3%81M%202/5/SECONDARY_DISPLAY" width="10368px" height="7435px"/>
			<graphic mimeType="pdf" url="S%C3%81M%202/5/WEB_DISPLAY"/>
		</surface>
		<surface xml:id="SAM-0002-addMat03r" n="6">
			<desc>addMat03r</desc>
			<graphic mimeType="pdf" url="S%C3%81M%202/6/HIGH_QUALITY_DISPLAY"/>
			<graphic mimeType="jpg" url="S%C3%81M%202/6/THUMBNAIL" width="200px" height="133px"/>
			<graphic mimeType="jpg" url="S%C3%81M%202/6/SECONDARY_DISPLAY" width="10027px" height="6685px"/>
			<graphic mimeType="pdf" url="S%C3%81M%202/6/WEB_DISPLAY"/>
		</surface>
		<surface xml:id="SAM-0002-addMat03v" n="7">
			<desc>addMat03v</desc>
			<graphic mimeType="pdf" url="S%C3%81M%202/7/HIGH_QUALITY_DISPLAY"/>
			<graphic mimeType="jpg" url="S%C3%81M%202/7/THUMBNAIL" width="200px" height="133px"/>
			<graphic mimeType="jpg" url="S%C3%81M%202/7/SECONDARY_DISPLAY" width="10027px" height="6685px"/>
			<graphic mimeType="pdf" url="S%C3%81M%202/7/WEB_DISPLAY"/>
		</surface>
	</facsimile>
</TEI>
