<?xml version="1.0" encoding="UTF-8"?>
<?oxygen RNGSchema="http://www.handrit.is/schema/handrit-1.0.rnc" type="compact"?>
<TEI xmlns="http://www.tei-c.org/ns/1.0">
    <teiHeader>
        <fileDesc>
            <titleStmt>
                <title>Handritaskrá Árnastofnunar</title>
            </titleStmt>
            <publicationStmt>
                <p>Tilraunaútgáfa</p>
            </publicationStmt>
            <sourceDesc>
                <msDesc xml:lang="is" xml:id="SAM-0005-is"> 
    <msIdentifier>
        <country key="IS">Ísland</country>
        <settlement>Reykjavík</settlement>
        <institution>Stofnun Árna Magnússonar í íslenskum fræðum</institution>
        <repository>Handritasvið</repository>
        <collection>Safn Stofnunar Árna Magnússonar á Íslandi</collection>
        <idno>SÁM 5</idno>
        <altIdentifier type="former">
         <idno>HÍ 5</idno>
      </altIdentifier>
    </msIdentifier>
    
    <msContents xml:lang="is">
        <textLang mainLang="is">Íslenska</textLang>
        <msItem defective="false" class="almb">
           <locus from="1r" to="°143r">1r-143r</locus>
            <title type="uniform">Olgeirs saga danska</title>      
            <rubric>Sagan af Olgeiri konungi danska</rubric>
            <incipit>Gautrekur er konungur nefndur er réð fyrir Danmörk …</incipit>
            <explicit>… móti útlendra manna ófriði og yfirgangi.</explicit>
            <finalRubric>Lýkur hér sögu Olgeirs danska.</finalRubric>
        </msItem>
   </msContents>
    
    <physDesc>
        <objectDesc form="codex">
            <supportDesc material="chart">
                <support>
                <p>Pappír.</p>
                </support>
                <extent>143 blöð (<dimensions type="leaf" scope="all" unit="mm"><height>200 +/- 2</height><width>165 +/- 2</width></dimensions>). Blað <locus from="143v" to="143v">143v</locus> er autt.</extent>
                <foliation>
               <p>Handritið er blaðsíðumerkt 1-285.</p>
                    <p>Arkir eru númeraðar með bláum lit á neðri spássíu sumra blaða, 1-36.</p>
            </foliation>
                <condition>
               <p>Band er laskað og blöð skítug.</p>
                    <p>Gert hefur verið við sum blöðin með því að líma pappírsstrimla við kjöl eða jaðra.</p>
                </condition>
            </supportDesc>
            
            <layoutDesc>
                <layout columns="1" writtenLines="26"><p><list>
                    <item>Eindálka.</item>
                    <item>Leturflötur er <dimensions type="leaf" scope="all" unit="mm"> 
                     <height>160</height> 
                     <width>145</width>
                  </dimensions>.</item>
                    <item>Línufjöldi er 26.</item>
                </list></p></layout>
            </layoutDesc>
        </objectDesc>
        
        <handDesc hands="1">
            <handNote scope="sole" script="humcursiva" scribe="unknown">Óþekktur skrifari, snarhönd.</handNote>
            <!-- (ath. hvort sé með hendi Sighvats Grímssonar Borgfirðings ÞS)-->
        </handDesc>
        
        <bindingDesc>
            <binding contemporary="true" notBefore="1890" notAfter="1910">
                <p>Bundið um aldamótin 1900 (<dimensions type="binding" scope="all" unit="mm"> 
                  <height>201</height>
                  <width>170</width>
                  <depth>35</depth>
               </dimensions>). Pappaspjöld klædd rústrauðum pappír sem farinn er að rifna frá á jöðrum, kjölur úr striga. Bundið með hamptaumum. Spjaldblöð úr hvítum pappír.</p>
            </binding>
        </bindingDesc>
    </physDesc>
    
    <history>
        <origin when="1900" evidence="conjecture" cert="high">
            <p>Handritið var skrifað á <origPlace key="IS">Íslandi</origPlace>, líklega um aldamótin <origDate notBefore="1890" notAfter="1910">1900</origDate>.</p>
      </origin>
        <provenance>
         <p>
            <name type="person">Ólína Tómasdóttir</name> á <name type="place">Steinólfsstöðum</name> hefur átt handritið (sbr. spjaldblað fremst).</p>
      </provenance>
        <acquisition when="1968">
         <p>Handritið var keypt af <name type="person" key="JohOla003">Jóhanni Gunnari Ólafssyni</name> bæjarfógeta á <name type="place">Ísafirði</name> um 1968.</p>
      </acquisition>
    </history>
    
    <additional>
        <adminInfo>
            <recordHist>
            <source>
               <p>
                  <name type="person" key="ThoSig001">ÞS</name> skráði <date when="2008-07-16">16. júlí 2008</date>. </p>
            </source>
         </recordHist>
        </adminInfo>
    </additional>
    
    
                </msDesc>
            </sourceDesc>
        </fileDesc>
    </teiHeader>
    <facsimile xml:base="http://www.ImageDirectory.is">
        <surface> </surface>
    </facsimile>
</TEI>