<?xml version="1.0" encoding="UTF-8"?>
<?oxygen RNGSchema="http://www.handrit.is/schema/handrit-1.0.rnc" type="compact"?>
<TEI xmlns="http://www.tei-c.org/ns/1.0">
   <teiHeader>
      <fileDesc>
         <titleStmt>
            <title>Handritaskrá Árnastofnunar</title>
         </titleStmt>
         <publicationStmt>
            <p>Tilraunaútgáfa</p>
         </publicationStmt>
         <sourceDesc>
            <msDesc xml:lang="is" xml:id="SAM-0004-is">
               <msIdentifier>
                  <country key="IS">Ísland</country>
                  <settlement>Reykjavík</settlement>
                  <institution>Stofnun Árna Magnússonar í íslenskum fræðum</institution>
                  <repository>Handritasvið</repository>
                  <collection>Safn Árna Magnússonar</collection>
                  <idno>SÁM 4</idno>
                  <altIdentifier type="former">
                     <idno>HÍ 4</idno>
                  </altIdentifier>
               </msIdentifier>
               <msContents xml:lang="is">
                  <summary>
                     <title type="supplied">Sögubók</title>
                  </summary>
                  <textLang mainLang="is">Íslenska</textLang>
                  <msItem n="1" defective="true" class="fas">
                     <locus from="2r" to="263v">2r-263v (bls. 3-520)</locus>
                     <docTitle><titlePart xml:lang="is">Þiðriks saga af Bern og köppum hans</titlePart><note>Síðari tíma titilblað (bl. <locus from="1r" to="1v">1</locus>).</note></docTitle>
                     <title type="uniform">Þiðreks saga af Bern</title>
                     <incipit defective="true">… að ná henni á sitt vald, án vitundar föður hennar …</incipit>
                     <explicit>… nafns þeirra á sinni dauðastundu.</explicit>
                     <finalRubric>Endar svá söguna af Þiðriki konungi af Bern og köppum hans.</finalRubric>
                     <note>Óheil, vantar framan af og innanúr.</note>
                     <note>Textinn er prentaður, t.d. í <bibl>
                           <ref>Þiðreks saga af Bern 1984</ref>
                        </bibl> og <bibl>
                           <ref>Saga Ðiðriks konungs af Bern 1853</ref>
                        </bibl>, en eftir öðrum handritum.</note>
                  </msItem>
                  <msItem n="2" class="fas" defective="false">
                     <locus from="264r" to="277v">264r-277v (bls. 521-548)</locus>
                     <title type="uniform">Norna-Gests þáttur</title>
                     <rubric>Söguþáttur af Gesti Þórðarsyni, Norna-Gesti</rubric>
                     <incipit>Svá er sagt, að á einum tíma, þá er Ólafur konungur Tryggvason sat
                        í Þrándheimi …</incipit>
                     <explicit>… og þótti sannast um lífdaga hans sem hann sagði.</explicit>
                     <finalRubric>Og lýkur þar frá Norna-Gesti að segja.</finalRubric>
                     <note>Textinn er prentaður, t.d. í <bibl>
                           <ref>Óláfs saga Tryggvasonar en mesta III 2000:15-38</ref>
                        </bibl>.</note>
                  </msItem>
               </msContents>
               <physDesc>
                  <objectDesc form="codex">
                     <supportDesc material="chart">
                        <support>Pappír.</support>
                        <extent>i + 279 + i blöð í kvartó (<dimensions type="leaf" unit="mm"
                              scope="all">
                              <height>184 +/-1</height>
                              <width>156 +/- 1</width>
                        </dimensions>). Auð blöð: <locus from="4r" to="4v">4</locus>, <locus from="212r" to="212v">212</locus> og <locus from="278r" to="279v">278-279</locus>.</extent>
                        <foliation>
                           <p>Blaðsíðumerking 3-548 (2r-277v), talan 509 tvítekin og 510 um leið
                              sleppt.</p>
                        </foliation>
                        <collation>
                           <p>59 kver:<list>
                                 <item n="1">Kver I-XXVI: bl. 1-4, 5-8, 9-12, 13-16, 17-20, 21-24,
                                    25-28, 29-32, 33-36, 37-40, 41-44, 45-48, 49-52, 53-56, 57-60,
                                    61-64, 65-68, 69-72, 73-76, 77-80, 81-84, 85-88, 89-92, 93-96,
                                    97-100, 101-104, 2 tvinn hvert.</item>
                                 <item n="2">Kver XXVII: bl. 105-108, 1 stakt blað, 1 tvinn, 1 stakt
                                    blað.</item>
                                 <item n="3">Kver XXVIII-XLIX: bl. 109-112, 113-116, 117-120,
                                    121-124, 125-128, 129-132, 133-136, 137-140, 141-144, 145-148,
                                    149-152, 153-156, 157-160, 161-164, 165-168, 169-172, 173-176,
                                    177-180, 181-184, 185-188, 189-192, 193-196, 197-200, 2 tvinn
                                    hvert.</item>
                                 <item n="4">Kver L: bl. 201-212, 6 tvinn, bl. 201 og 212 límd
                                    saman.</item>
                                 <item n="5">Kver LI: bl. 213-220, 4 tvinn.</item>
                                 <item n="6">Kver LII: bl. 221-228, 4 tvinn.</item>
                                 <item n="7">Kver LIII: bl. 229-235, 1 stakt blað og 3 tvinn.</item>
                                 <item n="8">Kver LIV: bl. 236-243, 4 tvinn.</item>
                                 <item n="9">Kver LV: bl. 244-251, 4 tvinn.</item>
                                 <item n="10">Kver LVI: bl. 252-259, 4 tvinn.</item>
                                 <item n="11">Kver LVII: bl. 260-263, 2 tvinn.</item>
                                 <item n="12">Kver LVIII: bl. 264-271, 3 stök blöð, 1 tvinn, 3 stök
                                    blöð.</item>
                                 <item n="13">Kver LIX: bl. 272-279, 4 tvinn.</item>
                              </list>
                           </p>
                        </collation>
                        <condition>
                           <p>
                              <list>
                                 <item>Vantar í handritið á nokkrum stöðum. Ef miðað er við
                                    blaðsíðumerkingu og kveraskiptingu virðist eitt blað vanta
                                    fremst, eitt á milli bl. 3 og 5, eitt á milli bl. 211 og 213 og
                                    eitt á milli bl. 235 og 236.</item>
                                 <item>Laus blöð: 105, 106-107 (tvinn), 108, 264, 265, 266,
                                    267-268 (tvinn), 269, 270 og 271. Handritið er örlítið laust í
                                    bandinu, einkum öftustu kverin (frá kveri LIII).</item>
                                 <item>Gamlar viðgerðir. Pappírsstrimlar eru m.a. límdir á ytri kanta og við kjöl nokkurra blaða.</item>
                              </list>
                           </p>
                        </condition>
                     </supportDesc>
                     <layoutDesc>
                        <layout columns="1" writtenLines="23 26">
                           <p>
                              <list>
                                 <item n="1">Leturflötur er <dimensions type="written" unit="mm"
                                       scope="all">
                                       <height scope="range">145-151</height>
                                       <width scope="range">132-135</width>
                                    </dimensions>.</item>
                                 <item n="2">Línufjöldi er 23-26.</item>
                                 <item n="3">Strikað fyrir leturfleti með blýanti á annarri hverri
                                    síðu, strjálla í síðasta þriðjungi handritsins.</item>
                                 <item n="4">Síðutitlar.</item>
                              </list>
                           </p>
                        </layout>
                     </layoutDesc>
                  </objectDesc>
                  <handDesc hands="1">
                     <handNote scope="sole" script="humcursiva" scribe="unknown">Óþekktur skrifari, snarhönd.</handNote>
                  </handDesc>
                  <additions>
                     <p>
                        <list>
                           <item>Bl. <locus from="1r" to="1v">1</locus> síðari tíma titilblað.</item>
                           <item>Bl. <locus from="4r" to="4v">4</locus> og <locus from="212r" to="212v">212</locus> innskotsblöð til að tákna blöð sem hafa glatast
                              úr handritinu.</item>
                        </list>
                     </p>
                  </additions>
                  <bindingDesc>
                     <binding notBefore="1900" notAfter="1925" contemporary="false">
                        <p>Band frá upphafi 20. aldar (<dimensions type="binding" unit="mm">
                              <height>193</height>
                              <width>157</width>
                              <depth>45</depth>
                           </dimensions>). Skinn á kili og hornum, pappírsklæðning á pappaspjöldum.
                           Kjölur gullþrykktur, m.a. með titlinum <q>Þiðriks saga</q>.</p>
                     </binding>
                  </bindingDesc>
                  <accMat>
                     <p>Laus seðill fremst, með upptalningu á blaðsíðunum sem vantar í
                     handritið.</p>
                  </accMat>
               </physDesc>
               <history>
                  <origin notBefore="1890" notAfter="1910" cert="high" evidence="conjecture">
                     <p>Handritið var skrifað á <origPlace key="IS">Íslandi</origPlace> um <origDate notBefore="1890" notAfter="1910">1900</origDate> (sbr. <bibl>
                           <ref>ópr. skrá um SÁM-handrit</ref>
                        </bibl>).</p>
                  </origin>
                  <provenance>
                     <p/>
                  </provenance>
                  <acquisition notBefore="1960" notAfter="1970">
                     <p>Handritastofnun Íslands keypti handritið af <name type="person" key="JohOla003">Jóhanni
                           Gunnari Ólafssyni</name> bæjarfógeta á <name type="person"
                        >Ísafirði</name> á 7. áratug 20. aldar.</p>
                  </acquisition>
               </history>
               <additional>
                  <adminInfo>
                     <recordHist>
                        <source>
                           <p><name key="DriThr001" type="person">DKÞ</name> skráði <date
                                       when="2001-03-01">1. mars 2001</date> eftir ópr. skrá um
                                    SÁM-handrit og fullskráði <date when="2004-01-27">27. janúar 2004</date>.</p>
                           <p><name type="person" key="ThoSig001">ÞS</name> lagfærði skv. reglum TEIP5 <date when="2010-04-06">6. apríl 2010</date>.</p>
                        </source>
                     </recordHist>
                  </adminInfo>
                  <surrogates>
                     <p/>
                  </surrogates>
                  <listBibl>
                     <bibl>Aðalheiður Guðmundsdóttir 2017, <ref target="AðaGuð2017a">Some heroic motifs in Icelandic art</ref></bibl>
                     <bibl>Sverrir Tómasson 2006, <ref target="SveTóm2006a">Skemmtanarleikur</ref></bibl>
                  </listBibl>
               </additional>
            </msDesc>
         </sourceDesc>
      </fileDesc>
      <revisionDesc>
         <change when="2008-10" who="#EriHas01">Migrated from MASTER to P5</change>
      </revisionDesc>
   </teiHeader>
   <facsimile xml:base="http://www.ImageDirectory.is">
      <surface> </surface>
   </facsimile>
</TEI>
