<?xml version="1.0" encoding="UTF-8"?>
<?oxygen RNGSchema="http://www.handrit.is/schema/handrit-1.0.rnc" type="compact"?>
<TEI xmlns="http://www.tei-c.org/ns/1.0">
    <teiHeader>
        <fileDesc>
            <titleStmt>
                <title>Handritaskrá Árnastofnunar</title>
            </titleStmt>
            <publicationStmt>
                <p>Tilraunaútgáfa</p>
            </publicationStmt>
            <sourceDesc>
                <msDesc xml:lang="is" xml:id="SAM-0006-is">
                    <msIdentifier>
                        <country key="IS">Ísland</country>
                        <settlement>Reykjavík</settlement>
                        <institution>Stofnun Árna Magnússonar í íslenskum fræðum</institution>
                        <repository>Handritasvið</repository>
                        <collection>Safn Stofnunar Árna Magnússonar á Íslandi</collection>
                        <idno>SÁM 6</idno>
                        <altIdentifier type="former">
                            <idno>HÍ 6</idno>
                        </altIdentifier>
                    </msIdentifier>
                    <msContents xml:lang="is">
                        <summary>
                            <title type="supplied">Sögubók</title>
                        </summary>
                        <textLang mainLang="is">Íslenska</textLang>
                        <msItem n="1" defective="true" class="ridd">
                            <locus from="3r" to="28v">3r-28v (bls. 3-54)</locus>
                            <title type="uniform">Niklás saga leikara</title>
                            <incipit defective="true">… og hafa ágætir meistarar …</incipit>
                            <explicit>… ágætis maður verið hafa en Nik(ulás). Og endar svo sagan.</explicit>
                            <note>Vantar framan af sögunni.</note>
                            <note>Blað <locus from="1r" to="1r">1r</locus> er autt að mestu (sjá:
                                Spássíugreinar og aðrar viðbætur). Á blaði <locus from="1v" to="1v"
                                    >1v</locus> er efnisyfirlit yfir efni bókarinnar. <p>Blað <locus
                                        from="2r" to="2v">2</locus> er autt.</p>
                            </note>
                        </msItem>

                        <msItem n="2" defective="false" class="ridd">
                            <locus from="29r" to="48v">29r-48v (bls. 55-94)</locus>
                            <title type="uniform">Sigurðar saga og Signýjar</title>
                            <title type="parallel">Sigurðar saga og Tryggva Karlssonar</title>
                            <rubric>Sagan af Tryggva Karlssyni, Sigurði og Signýju kóngsbörnum</rubric>
                            <incipit>Það var einu sinni að kóngur og drottning …</incipit>
                            <explicit>… stýrðu þeir sínum ríkjum vel og lengi. Og endum vér svo sögu
                                þessa.</explicit>

                        </msItem>
                        <msItem n="3" defective="false" class="ridd">
                            <locus from="48v" to="67r">48v-67r (bls. 94-131)</locus>
                            <title type="uniform">Partalópa saga</title>
                            <rubric>Sagan af Partalopa</rubric>
                            <incipit>Svo er sagt að fyrir Miklagarði réð …</incipit>
                            <explicit>… en ríki tóku eftir þau, þó ei sé hér af því skrifað</explicit>
                            <finalRubric>Og lýkur svo þessari sögu af Partalópa og
                            Marmoríu</finalRubric>
                        </msItem>



                        <msItem n="4" defective="false" class="ridd">

                            <locus from="67r" to="77r">67r-77r (bls. 131-151)</locus>
                            <title type="uniform">Ketils saga hængs</title>
                            <rubric>Sagan af Katli hæng</rubric>
                            <incipit>Hallbjörn hét maður; hann var kallaður hálftröll …</incipit>
                            <explicit>… En Örvar-Oddur var sonur Gríms. Og lýkur hér svo þessari
                                sögu.</explicit>

                        </msItem>
                        <msItem n="5" defective="false" class="ridd">
                            <locus from="77r" to="106v">77r-106v (bls. 151-210)</locus>
                            <title type="uniform">Grega saga</title>
                            <rubric>Sagan af Gibeon og Grega kóngsdóttur</rubric>
                            <incipit>Vilhjálmur hefur kóngur heitið …</incipit>
                            <explicit>… sínum ríkjum með sæmd og sóma vel og lengi og lyktum vér svo
                                þessa sögu.</explicit>
                        </msItem>
                        <msItem n="5" defective="false" class="ridd">
                            <locus from="106v" to="118v">106v-118v (bls. 210-234)</locus>
                            <title type="supplied">Sagan af Remundi og Melusínu</title>
                            <rubric>Sagan af Remundi og Melusínu</rubric>
                            <incipit>Sá vísi meistari Aristoteles skrifar …</incipit>
                            <explicit>… Sem þeim sjálfum viðkemur.</explicit>
                        </msItem>
                        <msItem n="6" defective="false" class="ridd">
                            <locus from="119r" to="143v">119r-143v (bls. 235-284)</locus>
                            <title type="supplied">Sagan af Damusta</title>
                            <rubric>Sagan af Damusta</rubric>
                            <incipit>Það er upphaf á þessari sögu að einn ágætur hersir …</incipit>
                            <explicit>… og liggja þau þar fjögur í einni gröf og fellur hér á söguna
                                endir.</explicit>
                        </msItem>

                        <msItem n="7" defective="false" class="ridd">
                            <locus from="144r" to="168r">144r-168r (bls. 285-333)</locus>
                            <title type="uniform">Þjalar-Jóns saga</title>
                            <rubric>Sagan af Þjálar-Jóni</rubric>
                            <incipit>Vilhjálmur hefur kóngur heitið …</incipit>
                            <explicit>… enn annar Svipdagur eftir föður hennar.</explicit>
                            <finalRubric>Og endum vér svo sögu af Þjalar-Jóni hinum
                            ráðklóka.</finalRubric>
                        </msItem>
                        <msItem n="8" defective="false" class="ridd">
                            <locus from="168v" to="176r">168v-176r (bls. 334-349)</locus>
                            <title type="uniform">Sagan af Drauma-Jóni og Hinriki jarli</title>
                            <rubric>Sagan af Drauma-Jóni</rubric>
                            <incipit>Hinrik er maður nefndur, jarl að tign …</incipit>
                            <explicit>… en tóku vænan kastala með ríkum eignum.</explicit>
                            <finalRubric>Og lýkur svo þessari sögu af Drauma-Jóni</finalRubric>
                        </msItem>
                        <msItem n="9" defective="false" class="ridd">
                            <locus from="176v" to="202v">176v-202v (bls. 350-414)</locus>
                            <title type="uniform">Sturlaugs saga starfsama</title>
                            <rubric>Sagan af Sturlaugi starfsama</rubric>
                            <incipit>Haraldur hefur kóngur heitið …</incipit>
                            <explicit>… höfum vér eigi heyrt af þessu efni meira og endast svo þessi
                                saga.</explicit>
                            <note>Blöð <locus from="203r" to="203v">203r-v</locus> eru auð að
                            mestu.</note>
                        </msItem>

                        <msItem n="10" defective="false" class="ridd">
                            <locus from="204r" to="235v">204r-235v (bls. 417-480)</locus>
                            <title type="uniform">Þorsteins saga Víkingssonar</title>
                            <rubric>Sagan af Þorsteini Víkingssyni</rubric>
                            <incipit>Það er upphaf þessarar sögu …</incipit>
                            <finalRubric>Og lúkum vér nú söguna af Þorsteini
                            Víkingssyni.</finalRubric>
                        </msItem>
                        <msItem n="11" defective="false" class="ridd">
                            <locus from="236r" to="258v">236-258v (bls. 481-526)</locus>
                            <title type="uniform">Jarlmanns saga og Hermanns</title>
                            <rubric>Jarlmanns saga</rubric>
                            <incipit>Einn ágætur kóngur réð fyrir Frakklandi …</incipit>
                            <explicit>… og entu þar sitt líf en sá sonur þeirra tók ríki er
                                Vilhjálmur hét.</explicit>
                            <finalRubric>Og lúkum vér svo þessari Jarlmanns sögu</finalRubric>
                            <note>Blað <locus from="259r" to="259v">259</locus> sem nú er aðeins
                                ræma, hefur hugsanlega verið autt (?) (sbr. að á blaði <locus
                                    from="258v" to="258v">258v</locus> er niðurlag sögu og upphaf
                                annarrar á blaði <locus from="260r" to="260r">260r</locus>).</note>
                        </msItem>
                        <msItem n="12" defective="false" class="ridd">
                            <locus from="260r" to="288v">260r-288v (bls. 529-586)</locus>
                            <title type="uniform">Víglundar saga</title>
                            <rubric>Sagan af Víglundi hinum væna</rubric>
                            <incipit>Haraldur hinn hárfagri var sonur Hálfdanar svarta …</incipit>
                            <explicit>… og voru þrjú brúðkaupin undir eins haldin. Og endar hér
                                söguna af Víglundi og Ketilríði.</explicit>

                        </msItem>
                        <msItem n="13" defective="false" class="ridd">
                            <locus from="289r" to="294r">289r-294r (bls. 587-597)</locus>
                            <title type="uniform"> Illuga saga Gríðarfóstra</title>
                            <rubric>Sagan af Illuga Gríðarfóstra</rubric>
                            <incipit>Fyrir Danmörk réði kóngur sá er Hringur hét …</incipit>
                            <explicit>… en ei hefur verið getið barna þeirra Hildar og hans.</explicit>
                            <finalRubric>Og lyktar þetta svo endasleppt og efnisrýrt af Illuga
                                Gríðarfóstra.</finalRubric>
                        </msItem>

                        <msItem n="14" defective="false" class="ridd">
                            <locus from="294r" to="299r">294r-299r (bls. 597-607)</locus>
                            <title type="uniform">Bragða-Ölvis saga</title>
                            <rubric>Þáttur af Bragða-Ölver</rubric>
                            <incipit>Fyrir Danmörk réði sá kóngur er Sveinn hét…</incipit>
                            <explicit>… og hafði þar stór ráð og metorð.</explicit>
                            <finalRubric>Og endast hér þátturinn af Bragða-Ölver.</finalRubric>
                            <note>Blað <locus from="299v" to="299v">299v</locus> er autt.</note>
                        </msItem>

                    </msContents>

                    <physDesc>
                        <objectDesc form="codex">
                            <supportDesc material="chart">
                                <support>Pappír.</support>
                                <extent>ii + 299 blöð (<dimensions type="leaf" scope="all" unit="mm">
                                        <height>197-200</height>
                                        <width>158-160</width>
                                    </dimensions>).</extent>
                                <foliation>
                                    <p>Upprunalegt blaðsíðutal: 3-386, 399-607; bls. 387-398 vantar
                                        í handritið, þ.e. efni á milli blaða <locus from="194r"
                                            to="195v">194 og 195v</locus>.</p> Blað <locus
                                        from="259r" to="259v">259</locus> er aðeins blaðleif við
                                    innri spássíu.<p> </p>
                                    <p>Blöð eru tölusett af skrásetjara með blýanti (18.10.2010):
                                        1-299.</p>
                                    <p>Blöð <locus from="1r" to="1r">1r</locus> og <locus
                                            from="299v" to="299v">299v</locus> eru auð fyrir utan
                                        pennaprufur. Blað <locus from="2r" to="2v">2</locus> er
                                        autt. Það er síðari viðbót, tilkomin við viðgerð handritsins
                                            (<date when="1976">1976</date>).</p>
                                </foliation>

                                <collation>

                                    <p>Þrjátíu og átta kver. <list>
                                            <item n="1">Kver I: blöð 1-9, 4 tvinn + 1 stakt blað. </item>
                                            <item n="2">Kver II: blöð 10-17, 4 tvinn.</item>
                                            <item n="3">Kver III: blöð 18-25, 4 tvinn.</item>
                                            <item n="4">Kver IV: blöð 26-33, 4 tvinn.</item>
                                            <item n="5">Kver V: blöð 34-41, 4 tvinn.</item>
                                            <item n="6">Kver VI: blöð 42-49, 4 tvinn.</item>
                                            <item n="7">Kver VII: blöð 50-57, 4 tvinn.</item>
                                            <item n="8">Kver VIII: blöð 58-65, 4 tvinn.</item>
                                            <item n="9">Kver IX: blöð 66-73, 4 tvinn.</item>
                                            <item n="10">Kver X: blöð 74-81, 4 tvinn.</item>
                                            <item n="11">Kver XI: blöð 82-89, 4 tvinn.</item>
                                            <item n="12">Kver XII: blöð 90-97, 4 tvinn.</item>
                                            <item n="13">Kver XIII: blöð 98-105, 4 tvinn.</item>
                                            <item n="14">Kver XIV: blöð 106-113, 4 tvinn.</item>
                                            <item n="15">Kver XV: blöð 114-121, 4 tvinn.</item>
                                            <item n="16">Kver XVI: blöð 122-129, 4 tvinn.</item>
                                            <item n="17">Kver XVII: blöð 130-137, 4 tvinn.</item>
                                            <item n="18">Kver XVIII: blöð 138-145, 4 tvinn.</item>
                                            <item n="19">Kver XIX: blöð 146-153, 4 tvinn.</item>
                                            <item n="20">Kver XX: blöð 154-161, 4 tvinn.</item>
                                            <item n="21">Kver XXI: blöð 162-169, 4 tvinn.</item>
                                            <item n="22">Kver XXII: blöð 170-177, 4 tvinn.</item>
                                            <item n="23">Kver XXIII: blöð 178-185, 4 tvinn.</item>
                                            <item n="24">Kver XXIV: blöð 186-193, 4 tvinn.</item>
                                            <item n="25">Kver XXV: blöð 194-195, 1 tvinn (vantar
                                                bls.378-398; sjá: Tölusetning blaða) .</item>
                                            <item n="26">Kver XXVI: blöð 196-203, 4 tvinn.</item>
                                            <item n="27">Kver XXVII: blöð 204-211, 4 tvinn.</item>
                                            <item n="28">Kver XXVIII: blöð 212-219, 4 tvinn.</item>
                                            <item n="29">Kver XXIX: blöð 220-227, 4 tvinn.</item>
                                            <item n="30">Kver XXX: blöð 228-235, 4 tvinn.</item>
                                            <item n="31">Kver XXXI: blöð 236-243, 4 tvinn.</item>
                                            <item n="32">Kver XXXII: blöð 244-251, 4 tvinn.</item>
                                            <item n="33">Kver XXXIII: blöð 252-259, 4 tvinn (blað
                                                259 er blaðleif við innri spássíu).</item>
                                            <item n="34">Kver XXXIV: blöð 260-267, 4 tvinn.</item>
                                            <item n="35">Kver XXXV: blöð 268-275, 4 tvinn.</item>
                                            <item n="36">Kver XXXVI: blöð 276-283, 4 tvinn.</item>
                                            <item n="37">Kver XXXVII: blöð 284-291, 4 tvinn.</item>
                                            <item n="38">Kver XXXVIII: blöð 292-299, 4 tvinn.</item>

                                        </list>
                                    </p>
                                </collation>
                                <condition>
                                    <p>
                                        <list>
                                            <item>Handritið er óinnbundið. <q><name type="person"
                                                  >Vigdís Kristjánsdóttir</name> tók bókina úr
                                                  bandi og gerði við hana í <date when="1976-04"
                                                  >aprílmánuði 1976</date></q>.</item>
                                        </list>
                                    </p>
                                </condition>

                            </supportDesc>

                            <layoutDesc>
                                <layout columns="1" writtenLines="28 30">
                                    <p>
                                        <list>
                                            <item>Eindálka.</item>
                                            <item>Leturflötur er ca <dimensions type="written"
                                                  unit="mm">
                                                  <height>158-168</height>
                                                  <width>125</width>
                                                </dimensions>.</item>
                                            <item>Línufjöldi er ca 28-30.</item>
                                            <item>
                                                <catchwords>Griporð víðast hvar.</catchwords>
                                            </item>
                                        </list>
                                    </p>
                                </layout>
                            </layoutDesc>
                        </objectDesc>
                        <handDesc hands="1">
                            <handNote scope="sole" script=" kurrent">Með einni hendi; fljótaskrift.
                            </handNote>
                        </handDesc>
                        <additions>
                            <p>
                                <list>
                                    <item>Á blaði <locus from="1r" to="1r">1r</locus> stendur
                                        skrifað: <q><name type="person">Sigmundur Erlingsson</name>
                                            á þessa bók, á þessa bo</q>.</item>
                                    <item>Á blaði <locus from="299v" to="299v">299v</locus> má m.a.
                                        lesa <q>Halldór</q>, <q>Eg … að … Hafsteinn vildi selja
                                            mér bók</q>.</item>
                                </list>
                            </p>
                        </additions>
                        <bindingDesc>
                            <binding contemporary="false" notBefore="1960" notAfter="1976">
                                <p>Handritið er óinnbundið. Utan um kverin er umslag með tveimur
                                    hörðum spjöldum og reimum. Á öðru spjaldinu er miði með nafni
                                    stofnunarinnar og númeri handrits. Greina má annan
                                    undirliggjandi miða.</p>
                            </binding>
                        </bindingDesc>

                        <accMat>
                            <p>Skrifbókaropna (frá viðgerðartímanum <date from="1976" to="1976"
                                >1976</date>) er brotin um fjóra blaðbúta:<list>
                                    <item><locus from="accMat-0001r" to="accMat-0002v">Tveir</locus>
                                        virðast hafa verið í hlutverki spjaldblaðs; annar er aðeins
                                        rifrildi. </item>
                                    <item><locus from="accMat-0003r" to="accMat-0003v">Einn</locus>
                                        hefur líklega verið saurblað. Á hann er m.a. ritað nokkrum
                                        sinnum <q>Sögubók</q> og þess getið að <q>Sögubókin þessi er
                                            væn og stór</q>. Á blaðinu kemur og fyrir nafnið
                                            <q>Halldór</q>.</item>
                                    <item><locus from="accMat004r" to="accMat004v"/>Fjórða blaðið
                                        gæti verið bútur úr sendibréfi (umslagi); þar má m.a. lesa
                                        nöfnin <name type="person">Ólöf Guðmundsdóttir</name> og
                                            <name type="person">Arnfríður Jónsdóttir</name>.</item>
                                </list></p>
                            <p>Skrifbókarblað (frá viðgerðartímanum <date from="1976" to="1976"
                                >1976</date>) er brotið um nokkra blaðbúta<list>
                                    <item>Smátexti reynist vera á einum bútnum. Samskonar pappír og
                                        skrift og er á sendibréfsbútnum (umslagsbútnum) sem talað var um í tengslum við fjórða blaðið hér að framan.</item>

                                </list></p>
                        </accMat>
                    </physDesc>
                    <history>
                        <origin notBefore="1800" notAfter="1900">

                            <p>Handritið var skrifað á <origPlace key="IS">Íslandi</origPlace>,
                                sennilega á <origDate notBefore="1800" notAfter="1900"> nítjándu
                                öld</origDate> (sbr. skrift?). </p>
                        </origin>
                        <provenance>Ekkert er vitað um handritið fyrir utan það sem fram kemur á
                            blaði <locus from="1r" to="1r">1r</locus> þar sem fram kemur að <q>
                                <name type="person">Sigmundur Erlingsson</name>
                            </q> hefur átt bókina. Hugsanlega má lesa frekari vitneskju um
                            eignarhald hennar og feril úr pennaprufunum sem gerð er grein fyrir hér
                            fyrir framan (sjá: Spássíugreinar og aðrar viðbætur). </provenance>
                        <acquisition>Handritið var keypt frá <name type="person">Jóhanni Gunnari
                                Ólafssyni</name> bæjarfógeta á Ísafirði (sbr. ópr. lista SÁM). </acquisition>

                    </history>
                    <additional>
                        <adminInfo>
                            <recordHist>
                                <source>
                                    <p><name type="person" key="ValHil001">VH</name> skráði í <date
                                            when="2010-09">október 2010</date>.</p>
                                </source>
                            </recordHist>
                        </adminInfo>
                        <listBibl>
                            <bibl>Andersen, L. P. 1983, <ref target="EA-B28"></ref></bibl>
                        </listBibl>
                    </additional>
                </msDesc>
            </sourceDesc>
        </fileDesc>
    </teiHeader>
    <facsimile xml:base="http://www.ImageDirectory.is">
        <surface> </surface>
    </facsimile>
</TEI>
