<?xml version="1.0" encoding="UTF-8"?>
<?oxygen RNGSchema="http://www.handrit.is/schema/handrit-1.0.rnc" type="compact"?>
<TEI xmlns="http://www.tei-c.org/ns/1.0">
    <teiHeader>
        <fileDesc>
            <titleStmt>
                <title>Handritaskrá Árnastofnunar</title>
            </titleStmt>
            <publicationStmt>
                <p>Tilraunaútgáfa</p>
            </publicationStmt>
            <sourceDesc>
                <msDesc xml:lang="is" xml:id="SAM-0007-is">  
    <msIdentifier>
        <country key="IS">Ísland</country>
        <settlement>Reykjavík</settlement>
        <institution>Stofnun Árna Magnússonar í íslenskum fræðum</institution>
        <repository>Handritasvið</repository>
        <collection>Safn Stofnunar Árna Magnússonar á Íslandi</collection>
        <idno>SÁM 7</idno>
        <altIdentifier type="former">
         <idno>HÍ 7</idno>
      </altIdentifier>
    </msIdentifier>
    
    <msContents xml:lang="is">
        <textLang mainLang="da">Danska</textLang>
        <msItem n="1" defective="false" class="glosu">
           <locus from="1r" to="136v">1r-136v</locus>
            <title type="supplied">Glósu- eða minnisbók</title>             
            <note>Innan um glósur og athugasemdir eru skrifaðir heilir efnisþættir, m.a. meðmælabréf með hr. <name type="person">Mönster</name> 8. febrúar 1816.</note>
            <msItem n="1.1" defective="false" class="kvad">
                <locus from="3r" to="5r">3r-5r</locus>
                <author>Grundtvig</author>
                <title type="uniform">Til Sphinx</title>
                <incipit type="upphaf">Ei har jeg glemt, at naar Gravklokken gaar …</incipit>
                <explicit>… Du nænner ei, at havne og forsmaae.</explicit>
            </msItem>
        </msItem>
        <!-- Þetta handrit þarf að skoða betur og efnisgreina ÞS apríl 2010 -->
   </msContents>
    
    <physDesc>
        <objectDesc form="codex">
            <supportDesc material="chart">
                <support>
                <p>Pappír.</p>
                </support>
                <extent>136 bl. (<dimensions type="leaf" scope="all" unit="mm"> 
                  <height>194</height>
                  <width>160</width>
                </dimensions>). Margar auðar blaðsíður víða í bókinni.</extent>
                <foliation>
               <p>Blöð eru ótölusett.</p>
            </foliation>
                <condition>
               <p>Sums staðar hafa blöð verið rifin úr bókinni.</p>
                    <p>Blek hefur sums staðar smitast í gegn eða yfir á næstu síðu.</p>
            </condition>
            </supportDesc>
            
            <layoutDesc>
                <layout columns="1">
                    <p>Eindálka (mismikið skrifað á hverja síðu).</p>
            </layout>
            </layoutDesc>
        </objectDesc>
        
        <handDesc hands="1">
            <handNote scope="sole" script="humcursiva" scribe="unknown">Óþekktur skrifari, sprettskrift.</handNote>
        </handDesc>
        
        <bindingDesc>
            <binding contemporary="true">
                <p>Bundið í hörð pappaspjöld klædd marmarapappír. Leður á kili og hornum. (<dimensions type="binding" unit="mm"><height>197</height><width>168</width><depth>35</depth></dimensions>). </p>
                <p>Skrifað innan á bakhlið kápu.</p>
            </binding>
        </bindingDesc> 
    </physDesc>
    
    <history>
        <origin notBefore="1816" notAfter="1849">
            <p>Líklega skrifað árið 1816 (sbr. bl. <locus from="31v" to="31v">31v</locus> og <locus from="32r" to="32r">32r</locus>) en ekki síðar en 1849 (sbr. <locus from="0001rFFl" to="0001rFFl">saurbl.</locus>).</p>
      </origin>
        <provenance>
         <p>Á saurblaði eru nöfnin <name type="person">O. eða C. Scheving</name> og <name type="person">Ólafur Guðmundsson</name> 
            <name type="place">Flatey </name> ásamt dagsetningunni <date when="1849-10-14">14. október 1849.</date>
         </p>
      </provenance>
        <acquisition when="1968">
         <p>Handritastofnun Íslands keypti handritið af <name type="person" key="JohOla003">Jóhanni Gunnari Ólafssyni </name>bæjarfógeta á <name type="place">Ísafirði</name> um 1968.</p>
      </acquisition>
    </history>
    
    <additional>
        <adminInfo>
            <recordHist>
            <source>
               <p>
                  <name type="person" key="ThoSig001">ÞS</name> skráði handritið <date when="2008-07-28">28. júlí 2008</date> og <date when="2010-06-26">26. apríl 2010</date>.</p>
            </source>
         </recordHist>
        </adminInfo>
    </additional>
                </msDesc>
            </sourceDesc>
        </fileDesc>
    </teiHeader>
    <facsimile xml:base="http://www.ImageDirectory.is">
        <surface> </surface>
    </facsimile>
</TEI>