<?xml version="1.0" encoding="UTF-8"?>
<?oxygen RNGSchema="http://www.handrit.is/schema/handrit-1.0.rnc" type="compact"?>
<TEI xmlns="http://www.tei-c.org/ns/1.0">
    <teiHeader>
        <fileDesc>
            <titleStmt>
                <title>Handritaskrá Árnastofnunar</title>
            </titleStmt>
            <publicationStmt>
                <p>Tilraunaútgáfa</p>
            </publicationStmt>
            <sourceDesc>
                <msDesc xml:lang="is" xml:id="SAM04-0043-is">
    <msIdentifier>
        <country key="IS">Ísland</country>
        <settlement>Reykjavík</settlement>
        <institution>Stofnun Árna Magnússonar í íslenskum fræðum</institution>
        <repository>Handritasvið</repository>
        <collection>Safn Árna Magnússonar</collection>
        <idno>SÁM 43</idno>
        <altIdentifier type="former">
            <idno>HÍ 43</idno>
        </altIdentifier>
    </msIdentifier>

    <msContents xml:lang="is">
        <summary><title type="uniform">Skírnisför</title><title type="uniform">Hyndluljóð</title></summary>
<textLang mainLang="is" otherLangs="la">Íslenska en titilsíða á latínu.</textLang>
        <titlePage type="ms" xml:lang="la">
            <docTitle>
                <titlePart type="main">Continentur hoc libro duo antiqvissima nostra
                        poemata. 1.Skírnisför /: s(ive) iter Schirneri: / qvem Freyus Niórdi filius
                        Odini Nepos Jötunheimos misit eo fino ut Gerdam Gimeri filiam sibi uxorem
                        conciliaret. 2. Hindluljóð /: Carmen Hindlæ: / Hic inducitur fæminæ qvodam
                        Deam ex gigantum stemmate … Utrumq(ve) pertient ad eam carminum
                        collectionem qvæ Edda Sæmundina appellat(ur) Exarata sunt adcurate et ut
                        videtur sub initium sec(uli) MDC. Reichavicae d. 20 Martii. MDCCCXIV.
                        Gerrus Vidalinus.</titlePart>
            </docTitle>
        </titlePage>
        
        <msItem n="1" defective="false" class="edd">
            <locus from="1r" to="6v">1r-6v</locus>
            <title type="uniform">Skírnisför</title>
            <rubric>Skírnisför</rubric>
            <incipit type="upphaf">Freyr sonur Njarðar hafði sest í Hliðskjálf …</incipit>
            <explicit>… en sjálf hálf hýnótt.</explicit>
        </msItem>

        <msItem n="2" defective="false" class="edd">
            <locus from="7r" to="13v">7r-13v</locus>
            <title type="uniform">Hyndluljóð</title>
            <rubric>Hyndluljóð</rubric>
            <incipit type="upphaf">Vaki mær meyja, vaki mín vina …</incipit>
            <explicit>… bið eg Óttari, öll goð duga.</explicit>
        </msItem>
    </msContents>


    <physDesc>
        <objectDesc form="codex">
            <supportDesc material="chart">
                <support>
                    <p>Pappír.</p>
                </support>

                <extent>ii + 7 + ii blöð (<dimensions type="leaf" unit="mm" scope="all">
                        <height>310</height>
                        <width>191</width>
                    </dimensions>). Neðri hluti blaðs <locus from="7v" to="7v">7v</locus> er auður.</extent>

                <foliation>
                    <p>Síðari tíma blaðsíðutal með blýanti.</p>
                </foliation>

                <collation>
                    <p>Eitt kver.</p>
                </collation>

                <condition>
                    <p>Á jaðar blaða hafa víða verið límdir bréfrenningar til styrkingar; sömuleiðis
                        hafa innri spássíur verið styrktar.</p>
                    <p>Blöð eru blettótt og skítug.</p>
                </condition>
            </supportDesc>

            <layoutDesc>
                <layout columns="1" writtenLines="20 26"><p><list>
                    <item>Eindálka.</item>
                        <item>Leturflötur er ca <dimensions type="written" unit="mm" scope="all">
                        <height>240</height>
                        <width>140</width>
                    </dimensions>
               </item>
                    <item>Línufjöldi er 20-26.</item>
                </list></p></layout>
              </layoutDesc>
        </objectDesc>

        <handDesc hands="1">
            <summary>Skriftin er stæling á miðaldaskrift. Hún er mjög blönduð, til dæmis er n-ið
                þröngt, sbr. í karólínskri skrift (sjá t.d. 'sonur' á blaði <locus from="1r" to="1r">1r</locus>) og á stundum eru hásteflingar fyrir N eins og tíðkaðist á fyrri öldum
                (14. og 15. öld, sbr. 'en' á blaði <locus from="3r" to="3r">3r</locus>). Sömuleiðis má
                greina av-líming fyrir ö (sjá t.d. 'alfröðull' á blaði <locus from="1r" to="1r">1r</locus>); lykkju-o og -e fyrir æ (sjá t.d. blað <locus from="5r" to="5r">5r</locus>.
                Sumir stafir eru mjög opnir, sbr. þ (mjög belgmikið) (sjá t.d. 'þurs' á blaði <locus from="5r" to="5r">5r</locus>); N, sbr. 'Njörður' (sjá blað <locus from="1r" to="1r">1r</locus>). Sum orð eru einnig rituð þannig að um alla stafi þeirra
                loftar (sjá t.d. 'Meþ' á blaði <locus from="5r" to="5r">5r</locus>; 'opt' á blaði <locus from="6v" to="6v">6v</locus>; 'ocur' á blaði <locus from="8v" to="8v">8v</locus>).</summary>
         <!-- eftir samtal við GMG var þetta skrifað VH-->
            <handNote script="other" scope="major" scribe="unknown">Óþekktur skrifari.</handNote>
        </handDesc>

        <decoDesc>
            <decoNote type="miniature" subtype="bas-de-page">
                <p>Frásagnarmyndir eða skreytingar með ýmsum fígúrum, staðsettar á neðri spássíu, sbr.
                    t.d. neðst á blaði <locus from="5r" to="5r">5r</locus> en þar er mynd af manni á
                    hesti við eftirfarandi texta: <q>þá reið Skírnir heim.</q> Sömuleiðis eru tíu hausar settir
                    neðst á blað <locus from="9r" to="9r"> 9r</locus> en tíu nöfn eru þar nefnd í
                    textanum.</p>
                <!-- Athuga skreytingar síðar ÞS -->
            </decoNote>
        </decoDesc>

        <additions>Á blaði því sem hér er talið fremra <locus from="0001r" to="0001r">saurblað</locus> 
         eru skrifaðar nokkrar línur. Af því sem lesa má
            er t.d. <q>há[æruv]erðugur biskup… yðar[…]</q>; og nokkru neðar: <q>Húsavík 7.[…].
                1784</q>; <q>[…] þénustu skyldugur […] <name type="person">Þorlákur
                Jónsson</name>
         </q>.</additions>

        <bindingDesc>
            <binding contemporary="false">
                <p>Band (án dags.) (<dimensions type="binding" unit="mm">
                        <height>320</height>
                        <width>198</width>
                        <depth>13</depth>
                </dimensions>). Pappaspjöld klædd rauðbrúnum pappír sem myndar jafnframt kjöl
                    bandsins. Pappír er farinn að trosna á hornum kápuspjalda og kjölur úr sama pappír er farinn að gefa sig; á hann hefur verið skrifað: <q>Icelandic</q>, <q>Skírnisför</q> og
                        <q>Hyndluljóð</q>.</p>
            </binding>
        </bindingDesc>

        <accMat>
            <p>Miði frá Sotheby Parke Bernet Group Ltd. með upplýsingum um uppboðsskrifstofur þeirra
                víða um heim (aftan á miða stendur handskrifað <q>Guðmundsson</q>; <q>4992</q>).</p>
            <p>Pappírsafrifa með númeri handrits í uppboðsskrá.</p>
            <p>Hvítur miði með ártalinu <q>1977</q> sem skv. ópr. skrá SÁM-handrita (bls.14) er kaupár
                handritsins.</p>
        </accMat>

    </physDesc>

    <history>
        <origin notBefore="1700" notAfter="1799" cert="medium">
            <p>Efst á síðu 1 stendur: <q>Videtur esse manus Joannis Erlendi filii sacerdotis, qui
                    tempore Bryniolfi et Thordi Episcopp. vixit et priscis monumentis exscibentis
                    faman non nullam meruit.</q> Þessa fullyrðingu um aldur er talið rétt að draga í
                efa. Stefán Karlsson telur að fyrningareinkenni sem fram koma í handriti séu
                einkenni sem komi fram í bókum Skálholtsprentsmiðju seint á 17. öld. Þar er t.d. átt
                við þ fyrir d í orðum sem það hafi aldrei átt heima í, sbr. 'hlanþ' í stað 'hland'.
                Handritið er því talið vera frá því um 1700 þótt það sé engan veginn öruggt.
            </p>
        </origin>
        <provenance>
            <p/>Handritið var keypt af <name type="person">Guðmundi Axelssyni</name> fornbókasala
                <date when="1977-06-28">28. júní 1977</date> á uppboði hjá <name type="place">Sotheby í London</name>. Í prentaðri uppboðsskrá er handritið
            númer 4991(<ref>
                <bibl>Bibliotheca Phillippica. New Series: Nineteenth Part)</bibl>
            </ref> (sbr. ópr. skrá SÁM-handrita).</provenance>

    </history>

    <additional>
        <adminInfo>
            <recordHist>
                <source>
                    <p>
                        <list>
                            <item><name type="person" key="ThoSig001">ÞS</name> lagfærði <date notBefore="2010-02-24">24. febrúar 2010</date>.</item>
                            <item>
                                <name type="person" key="ValHil001">VH</name> skráði handritið <date notBefore="2008-09-12" notAfter="2008-09-15">11.-15. september
                                    2008</date>.
                     </item>
                            <item>
                                <name type="person" key="JonSam001">Jón Samsonarson</name> skráði
                                    <date notBefore="1970">ca 1970</date> (Sjá vélritaða
                                handritaskrá yfir SÁM-handrit sem varðveitt er á handritasviði
                                Stofnunar Árna Magnússonar í íslenskum fræðum).</item>
                        </list>
                    </p>
                </source>
            </recordHist>


        </adminInfo>
       
    </additional>


                </msDesc>
            </sourceDesc>
        </fileDesc>
    </teiHeader>
    <facsimile xml:base="http://www.ImageDirectory.is">
        <surface> </surface>
    </facsimile>
</TEI>
