<?xml version="1.0" encoding="UTF-8"?>
<?oxygen RNGSchema="http://www.handrit.is/schema/handrit-1.0.rnc" type="compact"?>
<TEI xmlns="http://www.tei-c.org/ns/1.0">
   <teiHeader>
      <fileDesc>
         <titleStmt>
            <title>Handritaskrá Árnastofnunar</title>
         </titleStmt>
         <publicationStmt>
            <p>Tilraunaútgáfa</p>
         </publicationStmt>
         <sourceDesc>
            <msDesc xml:lang="is" xml:id="SAM08-0026-is"> 
               <msIdentifier>
                  <country key="IS">Ísland</country>
                  <settlement>Reykjavík</settlement>
                  <institution>Stofnun Árna Magnússonar í íslenskum fræðum</institution>
                  <repository>Handritasvið</repository>
                  <collection>Safn Árna Magnússonar</collection>
                  <idno>SÁM 26</idno>
               </msIdentifier>
               
               <msContents xml:lang="is">
                  <summary><title type="supplied">Ættbálkur hjónanna Samsonar Samsonarsonar snikkara og Óskar Gunnarsdóttur</title></summary>
                  <textLang mainLang="is">Íslenska</textLang>
                  <msItem n="1" class="attat">
                     <locus from="1r" to="56v">1r-56v</locus>
                     <title type="supplied">Ættbálkur hjónanna Samsonar Samsonarsonar snikkara og Óskar Gunnarsdóttur</title>
                     <rubric>Ættbálkur hjónanna Samsonar Samsonarsonar snikkara og Óskar Gunnarsdóttur …</rubric>
                     <note>Ættartala.</note>
                  </msItem>
                  <msItem n="2" class="kvad">
                     <locus from="56v" to="56v">56v-56v</locus>
                     <title type="supplied">Kvæði</title>
                     <incipit type="upphaf">Þú sveina fjöld á fögru jökulvengi …</incipit>
                     <explicit>… og meyjar bros á vörum leikur blítt.</explicit>
                  </msItem>
               </msContents>
               <physDesc>
                  <objectDesc form="codex">
                     <supportDesc material="chart">
                        <support>Pappír.</support>
                        <extent>i + 56 + i blöð í oktavó (<dimensions type="leaf" unit="mm" scope="all">
                              <height>172</height>
                              <width>109</width>
                        </dimensions>). Bl. <locus from="1v" to="1v">1v</locus> að mestu autt.</extent>
                        <foliation>
                           <p>Upprunaleg blaðsíðumerking 3-112 (2r-56v).</p>
                        </foliation>
                        <collation>
                           <p>Sjö kver:<list>
                                 <item n="1">Kver I: 8 blöð, 4 tvinn.</item>
                                 <item n="2">Kver II: 8 blöð, 4 tvinn.</item>
                                 <item n="3">Kver III: 8 blöð, 4 tvinn.</item>
                                 <item n="4">Kver IV: 10 blöð, 5 tvinn.</item>
                                 <item n="5">Kver V: 8 blöð, 4 tvinn.</item>
                                 <item n="6">Kver VI: 8 blöð, 4 tvinn.</item>
                                 <item n="7">Kver VII: 6 blöð, 3 tvinn.</item>
                              </list>
                           </p>
                        </collation>
                        <condition>
                           <p>Aftarlega eru kver aðeins farin að losna úr bandi.</p>
                        </condition>
                     </supportDesc>
                     <layoutDesc>
                        <layout columns="1" writtenLines="18">
                           <p>
                              <list>
                                 <item>Eindálka.</item>
                                 <item n="1">Leturflötur er <dimensions type="written" unit="mm" scope="all">
                                       <height>146</height>
                                       <width>85</width>
                                    </dimensions>.</item>
                                 <item n="2">Línufjöldi er 16-19.</item>
                                 <item n="3">Handritið er línustrikað, en einnig er strikað fyrir leturfleti.</item>
                              </list>
                           </p>
                        </layout>
                     </layoutDesc>
                  </objectDesc>
                  <handDesc hands="1">
                     <p>Sighvatur Grímsson Borgfirðingur.</p>
                  </handDesc>
                  <additions>
                     <p>
                        <list>
                           <item n="1"> Stimpill eiganda: Fremra saurbl. 1r.</item>
                           <item n="2">Upplýsingar um feril og skrifara með hendi <name type="person">Einars Ólafs Sveinssonar</name>: Fremra saurbl. 1r.</item>
                           <item n="3">Leiðréttingar inni í texta og út á spássíum með annarri hendi.</item>
                        </list>
                     </p>
                  </additions>
                  <bindingDesc>
                     <binding notBefore="1843" notAfter="1900" contemporary="true">
                        <p>Band frá 1843-1900, e.t.v. samtímaband
(<dimensions type="binding" unit="mm">
                              <height>180</height>
                              <width>116</width>
                              <depth>12</depth>
                           </dimensions>). Pappaspjöld klædd marmarapappír. Rex á kili og hornum. Pappakápum hefur verið slegið um handritið.</p>
                     </binding>
                  </bindingDesc>
                  <accMat>
                     <p>Laus seðill með viðbótum, milli bl. 62 og 63, e.t.v. með sömu hendi og aðrar leiðréttingar í handritinu.</p>
                  </accMat>
               </physDesc>
               <history>
                  <origin notBefore="1873-11-18" notAfter="1873-11-17" cert="high" evidence="internal">
                     <p>Skrifað af <name type="person">Sighvati Grímssyni Borgfirðingi</name> 17. nóvember 1873 (sbr. fremra saurbl. 1r og bl. 1r).</p>
                  </origin>
                  <provenance>
                     <p>Handritið er sennilega skrifað fyrir <name type="person">Ósk Gunnarsdóttur</name> og <name type="person">Samson Samsonarson</name>. Sonur þeirra hjóna, <name type="person">Haraldur</name>, gaf Stofnun Árna Magnússonar handritið (sbr. fremra saurbl. 1r).</p>
                  </provenance>
                  <acquisition when="1970-07-23">
                     <p>Handritastofnun Íslands fékk handritið að gjöf frá <name type="person">Haraldi Samsonarsyni</name>, 23. júlí 1970.</p>
                  </acquisition>
               </history>
               <additional>
                  <adminInfo>
                     <recordHist>
                        <source>
                           <p><name type="person" key="ThoSig001">ÞS</name> lagfærði skv. reglum TEIP5.</p>
                           <p>
                              <name key="GudIng001" type="person">GI</name> skráði <date when="2003-09-29">29. september 2003</date>, sjá einnig óprentaða bráðabirgðaskrá Árnastofnunar.</p>
                        </source>
                     </recordHist>
                  </adminInfo>
                  <surrogates>
                     <p/>
                  </surrogates>
                  <listBibl>
                     <bibl/>
                  </listBibl>
               </additional>
            </msDesc>
         </sourceDesc>
      </fileDesc>
   </teiHeader>
   <facsimile xml:base="http://www.ImageDirectory.is">
      <surface> </surface>
   </facsimile>
</TEI>
