<?xml version="1.0" encoding="UTF-8"?>
<?oxygen RNGSchema="http://www.handrit.is/schema/handrit-1.0.rnc" type="compact"?>
<TEI xmlns="http://www.tei-c.org/ns/1.0">
	<teiHeader>
		<fileDesc>
			<titleStmt>
				<title type="main">Staðfesting konungs á stjórnskipunarlögum Íslands 19. júní 1915</title>
			</titleStmt>
			<publicationStmt>
				<authority>Landsbókasafn Íslands - Háskólabókasafn</authority>
				<pubPlace>Reykjavík</pubPlace>
				<date when="2015-01-26">26. janúar 2015</date>
				<availability status="restricted">
					<p>Aðgangur aðeins mögulegur í fræðilegum tilgangi. </p>
				</availability>
			</publicationStmt>
			<sourceDesc>
				<msDesc xml:id="Skjol-1915-2-15-is" xml:lang="is">
					<msIdentifier>
						<country key="IS">Ísland</country>
						<settlement>Reykjavík</settlement>
						<institution>Alþingi Íslendinga</institution>
						<repository>Skjalasafn Alþingis</repository>
						<collection>Sþ.</collection>
						<idno>Skjöl 1915 2/15</idno>
						<altIdentifier type="internal">
							<idno/>
						</altIdentifier>
					</msIdentifier>

					<msContents>
						<textLang mainLang="is">Íslenska</textLang>
						<msItem defective="false" class="stjornmal">
							<title type="supplied">Staðfesting konungs á stjórnskipunarlögum Íslands 19. júní 1915</title>
						</msItem>
					</msContents>
					<physDesc>
						<objectDesc form="codex">
							<supportDesc material="chart">
								<support>
									<p>Pappír.</p>
								</support>
								<extent>2 blöð (<dimensions scope="all" type="leaf" unit="mm">
										<height>367</height>
										<width>227</width>
									</dimensions>).</extent>
							</supportDesc>
						</objectDesc>
						<handDesc hands="1">
							<summary>Ein hönd ; Skrifari óþekktur.</summary>
							<handNote scope="sole" script="other"/>
						</handDesc>
					</physDesc>
					<history>
						<origin>
							<origPlace>Ísland</origPlace>
							<origDate cert="high" when="1915">1915.</origDate>
						</origin>
					</history>
					<additional>
						<adminInfo>
							<recordHist>
								<source>
									<p><name type="person" key="HalKri001">Halldóra Kristinsdóttir</name>
										skráði fyrir myndatöku, <date when="2015-01-26">26. janúar 2015</date>.</p>
								</source>
							</recordHist>
							<custodialHist>
								<custEvent type="check">
									<p>Athugað fyrir myndatöku <date when="2015-01-26">26. janúar
										2015</date>.</p>
								</custEvent>
								<custEvent type="photography">
									<p>Myndað í <date when="2015-01">janúar 2015</date>.</p>
								</custEvent>
							</custodialHist>
						</adminInfo>
						<surrogates>
							<p>Myndað fyrir handritavef í <date when="2015-01">janúar 2015</date>.</p>
						</surrogates>
					</additional>
				</msDesc>
			</sourceDesc>
		</fileDesc>
	</teiHeader>
	<facsimile xml:base="https://myndir.handrit.is/file/Handrit.is/">
		<surface xml:id="Skjol-1915-2-15-0001r" n="0">
			<desc>0001r</desc>
			<graphic mimeType="pdf" url="Skj%C3%B6l%201915%202%2F15/0/HIGH_QUALITY_DISPLAY"/>
			<graphic mimeType="jpg" url="Skj%C3%B6l%201915%202%2F15/0/THUMBNAIL" width="198px" height="300px"/>
			<graphic mimeType="jpg" url="Skj%C3%B6l%201915%202%2F15/0/SECONDARY_DISPLAY" width="3049px" height="4621px"/>
			<graphic mimeType="pdf" url="Skj%C3%B6l%201915%202%2F15/0/WEB_DISPLAY"/>
		</surface>
		<surface xml:id="Skjol-1915-2-15-0001v" n="1">
			<desc>0001v</desc>
			<graphic mimeType="pdf" url="Skj%C3%B6l%201915%202%2F15/1/HIGH_QUALITY_DISPLAY"/>
			<graphic mimeType="jpg" url="Skj%C3%B6l%201915%202%2F15/1/THUMBNAIL" width="191px" height="300px"/>
			<graphic mimeType="jpg" url="Skj%C3%B6l%201915%202%2F15/1/SECONDARY_DISPLAY" width="2961px" height="4648px"/>
			<graphic mimeType="pdf" url="Skj%C3%B6l%201915%202%2F15/1/WEB_DISPLAY"/>
		</surface>
		<surface xml:id="Skjol-1915-2-15-0002r" n="2">
			<desc>0002r</desc>
			<graphic mimeType="pdf" url="Skj%C3%B6l%201915%202%2F15/2/HIGH_QUALITY_DISPLAY"/>
			<graphic mimeType="jpg" url="Skj%C3%B6l%201915%202%2F15/2/THUMBNAIL" width="191px" height="300px"/>
			<graphic mimeType="jpg" url="Skj%C3%B6l%201915%202%2F15/2/SECONDARY_DISPLAY" width="2961px" height="4648px"/>
			<graphic mimeType="pdf" url="Skj%C3%B6l%201915%202%2F15/2/WEB_DISPLAY"/>
		</surface>
		<surface xml:id="Skjol-1915-2-15-0002v" n="3">
			<desc>0002v</desc>
			<graphic mimeType="pdf" url="Skj%C3%B6l%201915%202%2F15/3/HIGH_QUALITY_DISPLAY"/>
			<graphic mimeType="jpg" url="Skj%C3%B6l%201915%202%2F15/3/THUMBNAIL" width="198px" height="300px"/>
			<graphic mimeType="jpg" url="Skj%C3%B6l%201915%202%2F15/3/SECONDARY_DISPLAY" width="3063px" height="4638px"/>
			<graphic mimeType="pdf" url="Skj%C3%B6l%201915%202%2F15/3/WEB_DISPLAY"/>
		</surface>
		<surface xml:id="Skjol-1915-2-15-accMat01r" n="4">
			<desc>accMat01r</desc>
			<graphic mimeType="pdf" url="Skj%C3%B6l%201915%202%2F15/4/HIGH_QUALITY_DISPLAY"/>
			<graphic mimeType="jpg" url="Skj%C3%B6l%201915%202%2F15/4/THUMBNAIL" width="200px" height="295px"/>
			<graphic mimeType="jpg" url="Skj%C3%B6l%201915%202%2F15/4/SECONDARY_DISPLAY" width="3087px" height="4550px"/>
			<graphic mimeType="pdf" url="Skj%C3%B6l%201915%202%2F15/4/WEB_DISPLAY"/>
		</surface>
		<surface xml:id="Skjol-1915-2-15-accMat01v" n="5">
			<desc>accMat01v</desc>
			<graphic mimeType="pdf" url="Skj%C3%B6l%201915%202%2F15/5/HIGH_QUALITY_DISPLAY"/>
			<graphic mimeType="jpg" url="Skj%C3%B6l%201915%202%2F15/5/THUMBNAIL" width="200px" height="297px"/>
			<graphic mimeType="jpg" url="Skj%C3%B6l%201915%202%2F15/5/SECONDARY_DISPLAY" width="3046px" height="4526px"/>
			<graphic mimeType="pdf" url="Skj%C3%B6l%201915%202%2F15/5/WEB_DISPLAY"/>
		</surface>
		<surface xml:id="Skjol-1915-2-15-Scale" n="6">
			<desc>Scale</desc>
			<graphic mimeType="pdf" url="Skj%C3%B6l%201915%202%2F15/6/HIGH_QUALITY_DISPLAY"/>
			<graphic mimeType="jpg" url="Skj%C3%B6l%201915%202%2F15/6/THUMBNAIL" width="200px" height="245px"/>
			<graphic mimeType="jpg" url="Skj%C3%B6l%201915%202%2F15/6/SECONDARY_DISPLAY" width="3749px" height="4606px"/>
			<graphic mimeType="pdf" url="Skj%C3%B6l%201915%202%2F15/6/WEB_DISPLAY"/>
		</surface>
		<surface xml:id="Skjol-1915-2-15-ccp" n="7">
			<desc>ccp</desc>
			<graphic mimeType="pdf" url="Skj%C3%B6l%201915%202%2F15/7/HIGH_QUALITY_DISPLAY"/>
			<graphic mimeType="jpg" url="Skj%C3%B6l%201915%202%2F15/7/THUMBNAIL" width="200px" height="173px"/>
			<graphic mimeType="jpg" url="Skj%C3%B6l%201915%202%2F15/7/SECONDARY_DISPLAY" width="5368px" height="4639px"/>
			<graphic mimeType="pdf" url="Skj%C3%B6l%201915%202%2F15/7/WEB_DISPLAY"/>
		</surface>
	</facsimile>
</TEI>