<?xml version="1.0" encoding="UTF-8"?>
<?oxygen RNGSchema="http://www.handrit.is/schema/handrit-1.0.rnc" type="compact"?><TEI xmlns="http://www.tei-c.org/ns/1.0">
   <teiHeader>
      <fileDesc>
         <titleStmt>
            <title type="main">Steph. 5</title>
         </titleStmt>
         <publicationStmt>
            <authority>Den Arnamagnæanske Samling</authority>
            <pubPlace>København</pubPlace>
         </publicationStmt>
         <sourceDesc>
            <msDesc xml:id="Steph05-da" xml:lang="da">
               <msIdentifier>
                  <country>Danmark</country>
                  <settlement>København</settlement>
                  <repository>Den Arnamagnæanske Samling</repository>
                  <idno>Steph. 5</idno>
                  <altIdentifier type="internal" subtype="KKKat">
                     <idno>2701</idno>
                  </altIdentifier>
               </msIdentifier>
               <head>
                  <title type="supplied">Eidsifathingslov</title>; <origPlace>Island</origPlace>,
            <origDate notBefore="1700" notAfter="1715">s. XVIII in</origDate>.</head>
               <msContents>
                  <msItem>
                     <locus from="1" to="155">1-55</locus>
                     <title type="supplied" xml:lang="da">Kong Magnus' Eidsifathingslov</title>
                     <textLang mainLang="is">Islandsk</textLang>
                  </msItem>
               </msContents>
               <physDesc>
                  <objectDesc form="codex">
                     <supportDesc material="chart">
                        <support>
                           <p>
                              <material>Papir</material>.</p>
                        </support>
                        <extent>155. <dimensions type="leaf" scope="all">
                              <height>204</height>
                              <width>162</width>
                           </dimensions>.</extent>
                        <foliation>
                           <p>Med nogen uregelmæssighed pagineret 1-308.</p>
                        </foliation>
                        <condition>
                           <p>Beskadiget af fugtighed og stærkt hensmuldrende ved begyndelsen
                        og slutningen.</p>
                        </condition>
                     </supportDesc>
                     <layoutDesc>
                        <layout columns="1">
                           <p>Med ornamenterede initialer indeholdende billeder af moderne
                karakter.</p>
                        </layout>
                     </layoutDesc>
                  </objectDesc>
               </physDesc>
            </msDesc>
         </sourceDesc>
      </fileDesc>
   </teiHeader>
   <facsimile>
      <surface/>
   </facsimile>
</TEI>