<?xml version="1.0" encoding="UTF-8"?>
<?oxygen RNGSchema="http://www.handrit.is/schema/handrit-1.0.rnc" type="compact"?><TEI xmlns="http://www.tei-c.org/ns/1.0">
   <teiHeader>
      <fileDesc>
         <titleStmt>
            <title type="main">Steph. 4</title>
         </titleStmt>
         <publicationStmt>
            <authority>Den Arnamagnæanske Samling</authority>
            <pubPlace>København</pubPlace>
         </publicationStmt>
         <sourceDesc>
            <msDesc xml:id="Steph04-en" xml:lang="en">
               <msIdentifier>
                  <country>Denmark</country>
                  <settlement>København</settlement>
                  <repository>Den Arnamagnæanske Samling</repository>
                  <idno>Steph. 4</idno>
                  <altIdentifier type="internal" subtype="KKKat">
                     <idno>2700</idno>
                  </altIdentifier>
               </msIdentifier>
               <head>
                  <title>Iceland?</title>
                  <origPlace>Frostaþingslög</origPlace>
                  <origDate notBefore="1700" notAfter="1730">s. XVIII in</origDate>
                  <note>
                     <q xml:lang="isl">Skrífud eptír vondu Exemplari enn þo med godre gíætne víd þad saman lesen</q> the writer has added below the title.</note>
               </head>
               <msContents>
                  <msItem>
                     <textLang mainLang="is">Islandsk</textLang>
                  </msItem>
               </msContents>
               <physDesc>
                  <objectDesc form="codex">
                     <supportDesc material="chart">
                        <support>Paper.</support>
                        <extent>168. 
<dimensions type="leaf" scope="all">
                              <height>220</height>
                              <width>170</width>
                           </dimensions>
                        </extent>
                     </supportDesc>
                  </objectDesc>
               </physDesc>
            </msDesc>
         </sourceDesc>
      </fileDesc>
   </teiHeader>
   <facsimile>
      <surface/>
   </facsimile>
</TEI>