<?xml version="1.0" encoding="UTF-8"?>
<?oxygen RNGSchema="http://www.handrit.is/schema/handrit-1.0.rnc" type="compact"?><TEI xmlns="http://www.tei-c.org/ns/1.0">
   <teiHeader>
      <fileDesc>
         <titleStmt>
            <title type="main">Steph. 4</title>
         </titleStmt>
         <publicationStmt>
            <authority>Den Arnamagnæanske Samling</authority>
            <pubPlace>København</pubPlace>
         </publicationStmt>
         <sourceDesc>
            <msDesc xml:id="Steph04-da" xml:lang="da">
               <msIdentifier>
                  <country>Danmark</country>
                  <settlement>København</settlement>
                  <repository>Den Arnamagnæanske Samling</repository>
                  <idno>Steph. 4</idno>
                  <altIdentifier type="internal" subtype="KKKat">
                     <idno>2700</idno>
                  </altIdentifier>
               </msIdentifier>
               <head>
                  <title type="uniform">Frostaþingslög</title>; 
        <origPlace>Island</origPlace>, <origDate notBefore="1700" notAfter="1715">s. XVIII
        in</origDate>.</head>
               <msContents>
                  <msItem>
                     <locus from="1" to="168">1-168</locus>
                     <title type="uniform" xml:lang="is">Frostaþingslög</title>
                     <textLang mainLang="is">Islandsk</textLang>
                     <rubric>Frosto þings Log <lb/> Hakonar Konungs <lb/>  Hakonar Sonar</rubric> 
                     <note>
                        <q xml:lang="is">Skrífud eptír vondu Exemplari enn
                þo <lb/> med godre gíætne víd þad saman
                lesen</q> er af skriveren tilføjet under titlen.</note>
                  </msItem>
               </msContents>
               <physDesc>
                  <objectDesc form="codex">
                     <supportDesc material="chart">
                        <support>
                           <p>
                              <material>Papir</material>.</p>
                        </support>
                        <extent>168 + titelblad. <dimensions type="leaf" scope="all">
                              <height>220</height>
                              <width>170</width>
                           </dimensions>.</extent>
                        <foliation>
                           <p>Pagineret 1-336.</p>
                        </foliation>
                     </supportDesc>
                  </objectDesc>
               </physDesc>
            </msDesc>
         </sourceDesc>
      </fileDesc>
   </teiHeader>
   <facsimile>
      <surface/>
   </facsimile>
</TEI>